Model,Dataset,Porosity,Permeability,Min_Local_Thickness,Mean_Local_Thickness,Max_Local_Thickness,Minkowski_Volume,Minkowski_Surface_Area,Minkowski_Mean_Curvature,Minkowski_Euler_Characteristic,Bias_Error_,Magnitude_Error_,Correlation,Angular_Error_Deg,Flux_Error,Tortuosity_Error_,Divergent_Residual_
Ko et. al (Etapas 3),Spherical Pores,0.5221400462962963,568.2123413085938,1.0,7.435069575944726,10.891451493412363,897665.0,31603.664815892673,558.3988967004645,-67.1534388008366,14.492039680480957,31.7967472076416,0.8918022041155443,38.9664306640625,0.32150766253471375,5.284984588623047,51.834224700927734
Ko et. al (Etapas 3),Spherical Pores,0.5221400462962963,568.21240234375,1.0,7.435069575944727,10.891451493412363,897665.0,31603.664815892673,558.3988967004647,-67.1534388008366,15.38386058807373,32.911380767822266,0.8977080016384715,39.71189880371094,0.4339582026004791,1.6566439867019653,52.06068801879883
Ko et. al (Etapas 3),Spherical Pores,0.5221400462962963,568.2122802734375,1.0,7.435069575944724,10.891451493412363,897665.0,31603.66481589268,558.3988967004647,-67.1534388008366,12.256593704223633,32.77873229980469,0.882946544552954,38.9985237121582,0.34661027789115906,2.929725408554077,51.34996795654297
Ko et. al (Etapas 3),Spherical Pores,0.5221400462962963,568.21240234375,1.0,7.43506957594473,10.891451493412363,897665.0,31603.664815892673,558.3988967004645,-67.1534388008366,13.622543334960938,31.482515335083008,0.8983517680608659,39.71037292480469,0.43924784660339355,0.36356550455093384,52.04798126220703
Ko et. al (Etapas 3),Spherical Pores,0.5167800925925926,686.1707763671875,1.0,7.556096185034676,10.891451493412363,888368.0000000001,30611.4425011193,564.4520604255774,-54.66972295206605,19.125089645385742,33.01515579223633,0.9340596576567322,41.25148391723633,0.49158236384391785,3.694594621658325,51.05704116821289
Ko et. al (Etapas 3),Spherical Pores,0.5167800925925926,686.1707763671875,1.0,7.556096185034675,10.891451493412363,888368.0000000001,30611.4425011193,564.4520604255774,-54.66972295206605,18.097797393798828,32.711891174316406,0.9375646859723009,40.809715270996094,0.46455663442611694,1.7523143291473389,51.07381057739258
Ko et. al (Etapas 3),Spherical Pores,0.5167800925925926,686.1707763671875,1.0,7.556096185034679,10.891451493412363,888368.0000000001,30611.442501119294,564.4520604255775,-54.66972295206605,21.554641723632812,34.61875534057617,0.932666200921604,40.576454162597656,0.49340105056762695,3.3476920127868652,51.75904846191406
Ko et. al (Etapas 3),Spherical Pores,0.5167800925925926,686.1707763671875,1.0,7.556096185034679,10.891451493412363,888368.0000000001,30611.442501119305,564.4520604255775,-54.66972295206605,20.563161849975586,31.777116775512695,0.9418043072681899,40.53480529785156,0.43504971265792847,0.8054059147834778,51.05944061279297
Ko et. al (Etapas 3),Spherical Pores,0.5266938657407407,1215.58984375,1.0,9.338204758613024,13.484778931738408,904953.0000000001,25173.582477932156,379.79670305853523,-27.82227348925196,4.647626876831055,35.445472717285156,0.8969573576487166,37.247283935546875,0.8209062218666077,4.49429988861084,50.88285446166992
Ko et. al (Etapas 3),Spherical Pores,0.5266938657407407,1215.58984375,1.0,9.338204758613022,13.484778931738408,904953.0000000001,25173.582477932156,379.79670305853523,-27.82227348925196,3.376858711242676,37.61164093017578,0.8769282009671201,36.99011993408203,0.45487070083618164,5.215390205383301,51.72811508178711
Ko et. al (Etapas 3),Spherical Pores,0.5266938657407407,1215.58984375,1.0,9.33820475861302,13.484778931738408,904953.0000000001,25173.582477932156,379.79670305853523,-27.82227348925196,5.377745628356934,34.76112365722656,0.8974468390266794,36.80499267578125,0.8620567917823792,5.252760887145996,50.204612731933594
Ko et. al (Etapas 3),Spherical Pores,0.5266938657407407,1215.58984375,1.0,9.338204758613024,13.484778931738408,904953.0000000001,25173.582477932156,379.79670305853523,-27.82227348925196,2.7934281826019287,31.714820861816406,0.9124776117412775,37.564414978027344,0.48824983835220337,5.533580780029297,51.11787033081055
Ko et. al (Etapas 3),Spherical Pores,0.5201394675925926,1032.4066162109375,1.0,9.10595948237351,13.484778931738408,893348.0000000001,25876.033958198066,444.6298818250058,-24.83811830627892,16.43035125732422,32.683319091796875,0.9082947567628364,41.462677001953125,0.4386296570301056,7.151914596557617,52.280914306640625
Ko et. al (Etapas 3),Spherical Pores,0.5201394675925926,1032.4066162109375,1.0,9.105959482373514,13.484778931738408,893348.0000000001,25876.033958198066,444.6298818250058,-24.83811830627892,15.945425033569336,29.78242301940918,0.9287857417890426,39.583778381347656,0.42511850595474243,4.388594627380371,51.68612289428711
Ko et. al (Etapas 3),Spherical Pores,0.5201394675925926,1032.406494140625,1.0,9.105959482373514,13.484778931738408,893348.0000000001,25876.033958198066,444.6298818250058,-24.83811830627892,13.817893981933594,31.688703536987305,0.9092618326114394,40.340545654296875,0.43664127588272095,8.015027046203613,52.54454803466797
Ko et. al (Etapas 3),Spherical Pores,0.5201394675925926,1032.406494140625,1.0,9.105959482373509,13.484778931738408,893348.0000000001,25876.033958198066,444.62988182500567,-24.83811830627892,12.161216735839844,28.544971466064453,0.9254827577165315,40.0361328125,0.46475258469581604,4.9842424392700195,51.25627899169922
Ko et. al (Etapas 3),Spherical Pores,0.5107760416666667,1590.3699951171875,1.0,11.572544885058969,18.110771637517,877461.0000000001,20974.899379814673,336.77486651563237,-16.7311633925355,10.531866073608398,35.84142303466797,0.8573254579805418,38.68997573852539,0.47009965777397156,4.617431163787842,50.75001525878906
Ko et. al (Etapas 3),Spherical Pores,0.5107760416666667,1590.3702392578125,1.0,11.572544885058974,18.110771637517,877461.0000000001,20974.89937981467,336.77486651563237,-16.7311633925355,15.25047492980957,38.40281295776367,0.8379215067820028,38.03767776489258,0.431245356798172,6.22102165222168,51.09610366821289
Ko et. al (Etapas 3),Spherical Pores,0.5107760416666667,1590.3699951171875,1.0,11.57254488505897,18.110771637517,877461.0000000001,20974.89937981467,336.7748665156325,-16.7311633925355,12.306081771850586,36.91405487060547,0.8477516745008438,38.299339294433594,0.48900240659713745,4.248459815979004,51.54786682128906
Ko et. al (Etapas 3),Spherical Pores,0.5107760416666667,1590.3702392578125,1.0,11.572544885058976,18.110771637517,877461.0000000001,20974.899379814673,336.77486651563237,-16.7311633925355,11.35874080657959,39.41780090332031,0.8200624036571136,38.68464279174805,0.42889031767845154,5.889915943145752,51.37949752807617
Ko et. al (Etapas 3),Spherical Pores,0.5118755787037037,1308.8135986328125,1.0,11.39140019400909,18.110771637517,881341.0,21965.663125863146,334.5224287423813,-20.01373409380584,1.1335654258728027,30.94087791442871,0.8671209684912106,42.75148391723633,0.6677063703536987,8.346515655517578,53.91830825805664
Ko et. al (Etapas 3),Spherical Pores,0.5118755787037037,1308.8138427734375,1.0,11.391400194009089,18.110771637517,881341.0,21965.663125863146,334.5224287423812,-20.01373409380584,1.7910581827163696,30.46928596496582,0.8817810842600539,43.53266525268555,0.7449365258216858,9.680479049682617,54.36676025390625
Ko et. al (Etapas 3),Spherical Pores,0.5118755787037037,1308.8138427734375,1.0,11.391400194009089,18.110771637517,881341.0,21965.663125863146,334.5224287423812,-20.01373409380584,1.4584259986877441,26.819477081298828,0.89187924850896,42.86576843261719,0.6520721316337585,9.086565971374512,53.3159294128418
Ko et. al (Etapas 3),Spherical Pores,0.5118755787037037,1308.8138427734375,1.0,11.39140019400909,18.110771637517,881341.0,21965.663125863146,334.5224287423813,-20.01373409380584,3.823617935180664,30.487701416015625,0.8792562587618206,42.825191497802734,0.7257158756256104,8.186874389648438,54.094398498535156
Ko et. al (Etapas 3),Spherical Pores,0.45336921296296295,844.1255493164062,1.0,11.843540382505221,18.658129485507295,779341.0,17905.04622647963,297.2008747089705,-5.540581456386607,14.387027740478516,42.72417449951172,0.8407474476770439,48.85636520385742,0.6910948157310486,5.644187927246094,59.70317077636719
Ko et. al (Etapas 3),Spherical Pores,0.45336921296296295,844.12548828125,1.0,11.84354038250522,18.658129485507295,779341.0,17905.046226479633,297.2008747089706,-5.540581456386607,20.453292846679688,39.30888748168945,0.8753530603144846,48.62664794921875,0.8741278052330017,6.640416145324707,59.93754196166992
Ko et. al (Etapas 3),Spherical Pores,0.45336921296296295,844.1255493164062,1.0,11.843540382505218,18.658129485507295,779341.0,17905.046226479633,297.2008747089705,-5.540581456386607,15.476910591125488,42.394508361816406,0.838125124786512,49.54180908203125,0.732138991355896,7.854639053344727,60.0256462097168
Ko et. al (Etapas 3),Spherical Pores,0.45336921296296295,844.12548828125,1.0,11.843540382505225,18.658129485507295,779341.0,17905.04622647963,297.2008747089705,-5.540581456386607,14.389861106872559,42.06435012817383,0.8581475911617672,49.70470428466797,0.7316349148750305,1.1003984212875366,60.052101135253906
Ko et. al (Etapas 3),Spherical Pores,0.5171122685185185,1071.8746337890625,1.0,12.552819778450406,18.658129485507295,889750.0,19052.498767366385,272.78144648811775,-8.823152157656947,9.474803924560547,57.93454360961914,0.7885384374059577,41.211891174316406,0.6275665163993835,3.2348392009735107,58.27420425415039
Ko et. al (Etapas 3),Spherical Pores,0.5171122685185185,1071.8746337890625,1.0,12.552819778450411,18.658129485507295,889750.0,19052.498767366385,272.78144648811775,-8.823152157656947,9.261244773864746,55.120113372802734,0.8049215392568742,43.017372131347656,0.689823567867279,1.6142919063568115,57.72990417480469
Ko et. al (Etapas 3),Spherical Pores,0.5171122685185185,1071.8743896484375,1.0,12.552819778450406,18.658129485507295,889750.0,19052.498767366385,272.78144648811775,-8.823152157656947,13.863709449768066,52.39006042480469,0.8206370369832707,40.70915603637695,0.6125882267951965,0.25179973244667053,57.65595245361328
Ko et. al (Etapas 3),Spherical Pores,0.5171122685185185,1071.8743896484375,1.0,12.552819778450411,18.658129485507295,889750.0,19052.498767366385,272.7814464881178,-8.823152157656947,15.869382858276367,58.203712463378906,0.8053898172113456,41.535099029541016,0.7201433777809143,1.5657798051834106,56.67715072631836
Ko et. al (Etapas 3),Spherical Pores,0.6025376157407407,1156.7891845703125,1.0,7.844447972266815,10.891451493412363,1036009.9999999999,31778.92905274051,244.70663368970037,-80.69155614759094,5.680797100067139,21.15443229675293,0.9493801750028448,30.10588836669922,0.2702767252922058,0.9712210893630981,43.84844207763672
Ko et. al (Etapas 3),Spherical Pores,0.6025376157407407,1156.789306640625,1.0,7.844447972266817,10.891451493412363,1036009.9999999999,31778.92905274051,244.7066336897004,-80.69155614759094,7.838993072509766,22.14002227783203,0.9440501531861651,31.03232765197754,0.2587585151195526,2.2186007499694824,44.73275375366211
Ko et. al (Etapas 3),Spherical Pores,0.6025376157407407,1156.789306640625,1.0,7.8444479722668135,10.891451493412363,1036009.9999999999,31778.92905274051,244.70663368970037,-80.69155614759094,7.189003944396973,21.362852096557617,0.9477121898226777,30.38172721862793,0.267535924911499,1.8260153532028198,43.97010803222656
Ko et. al (Etapas 3),Spherical Pores,0.6025376157407407,1156.7891845703125,1.0,7.844447972266816,10.891451493412363,1036009.9999999999,31778.929052740503,244.7066336897004,-80.69155614759094,7.833151817321777,21.193649291992188,0.9465010823750352,30.463003158569336,0.25476154685020447,2.4649367332458496,44.678871154785156
Ko et. al (Etapas 3),Spherical Pores,0.5973605324074074,1055.3897705078125,1.0,7.904287706418849,12.36931685293693,1026023.0,31935.996694916757,262.58933283653346,-83.88460219337209,8.880989074707031,22.98344612121582,0.9399297913278264,31.892959594726562,0.3365721106529236,0.3196322023868561,45.00687789916992
Ko et. al (Etapas 3),Spherical Pores,0.5973605324074074,1055.3897705078125,1.0,7.9042877064188515,12.36931685293693,1026023.0,31935.996694916746,262.58933283653346,-83.88460219337209,10.03890609741211,24.689605712890625,0.9377986041273084,32.806602478027344,0.27968767285346985,0.6537491679191589,45.95766067504883
Ko et. al (Etapas 3),Spherical Pores,0.5973605324074074,1055.3897705078125,1.0,7.904287706418846,12.36931685293693,1026023.0,31935.996694916757,262.58933283653346,-83.88460219337209,9.94225788116455,23.784996032714844,0.936966333015249,31.79411506652832,0.3562091588973999,0.9048801064491272,45.08937454223633
Ko et. al (Etapas 3),Spherical Pores,0.5973605324074074,1055.3897705078125,1.0,7.904287706418849,12.36931685293693,1026023.0,31935.996694916757,262.5893328365334,-83.88460219337209,9.449029922485352,23.267826080322266,0.9456476973696771,32.57225799560547,0.26625052094459534,0.26389896869659424,45.997013092041016
Ko et. al (Etapas 3),Spherical Pores,0.6079982638888889,2018.05859375,1.0,9.46138774514341,13.484778931738408,1046373.0,25784.721791489133,151.373093386177,-41.63891198641712,3.013484239578247,19.225181579589844,0.9490521902486591,28.249408721923828,0.45779576897621155,4.159449577331543,44.358707427978516
Ko et. al (Etapas 3),Spherical Pores,0.6079982638888889,2018.05859375,1.0,9.461387745143409,13.484778931738408,1046373.0,25784.721791489137,151.373093386177,-41.63891198641712,3.3175911903381348,19.10689926147461,0.9541014456416963,28.336875915527344,0.35711079835891724,2.630279302597046,44.07637405395508
Ko et. al (Etapas 3),Spherical Pores,0.6079982638888889,2018.058837890625,1.0,9.46138774514341,13.484778931738408,1046373.0,25784.721791489133,151.373093386177,-41.63891198641712,3.8450591564178467,19.54078483581543,0.948621081148151,29.21919822692871,0.4313815236091614,4.369963645935059,44.4562873840332
Ko et. al (Etapas 3),Spherical Pores,0.6079982638888889,2018.05859375,1.0,9.461387745143416,13.484778931738408,1046373.0,25784.721791489137,151.37309338617698,-41.63891198641712,2.3584201335906982,18.92848777770996,0.9513281130958248,28.074718475341797,0.3384231925010681,3.0929880142211914,44.14748764038086
Ko et. al (Etapas 3),Spherical Pores,0.6102471064814815,2215.611083984375,1.0,9.548330652521255,13.484778931738408,1048884.0,25759.611072531607,143.14867309023293,-45.33926441330369,4.9431586265563965,26.126501083374023,0.9338549701411796,28.546878814697266,0.31599482893943787,4.919766426086426,46.09169387817383
Ko et. al (Etapas 3),Spherical Pores,0.6102471064814815,2215.611083984375,1.0,9.548330652521253,13.484778931738408,1048884.0,25759.611072531614,143.1486730902329,-45.33926441330369,3.4835336208343506,24.143009185791016,0.9407208407369994,27.42623519897461,0.5240533947944641,2.3150112628936768,44.48166275024414
Ko et. al (Etapas 3),Spherical Pores,0.6102471064814815,2215.611328125,1.0,9.548330652521251,13.484778931738408,1048884.0,25759.61107253161,143.1486730902329,-45.33926441330369,4.447675704956055,25.01540184020996,0.9390393024247359,28.386327743530273,0.3326464891433716,2.803224802017212,46.44073486328125
Ko et. al (Etapas 3),Spherical Pores,0.6102471064814815,2215.611083984375,1.0,9.548330652521255,13.484778931738408,1048884.0,25759.61107253161,143.14867309023293,-45.33926441330369,3.474113941192627,24.783071517944336,0.9380214609316753,27.833200454711914,0.5268828272819519,2.5877888202667236,44.95974349975586
Ko et. al (Etapas 3),Spherical Pores,0.5746319444444444,2447.409912109375,1.0,11.575340108081194,18.110771637517,988618.0,22095.001096724398,201.8073270727607,-27.394544579692482,2.3029143810272217,27.494661331176758,0.9180485975723276,29.23324203491211,0.6578671932220459,4.287445068359375,48.397056579589844
Ko et. al (Etapas 3),Spherical Pores,0.5746319444444444,2447.409912109375,1.0,11.575340108081202,18.110771637517,988618.0,22095.00109672439,201.80732707276076,-27.394544579692482,2.337366819381714,28.16318130493164,0.9110149024691773,28.844968795776367,0.3850575089454651,1.731225609779358,47.65438461303711
Ko et. al (Etapas 3),Spherical Pores,0.5746319444444444,2447.409912109375,1.0,11.575340108081198,18.110771637517,988618.0,22095.001096724398,201.8073270727607,-27.394544579692482,5.520748615264893,27.797243118286133,0.9186686994447644,28.95570945739746,0.6866531372070312,3.762092113494873,48.000980377197266
Ko et. al (Etapas 3),Spherical Pores,0.5746319444444444,2447.41015625,1.0,11.5753401080812,18.110771637517,988618.0,22095.00109672439,201.8073270727607,-27.394544579692482,4.615278244018555,29.871570587158203,0.9122211457318125,30.0512752532959,0.39643433690071106,5.378818035125732,47.93571472167969
Ko et. al (Etapas 3),Spherical Pores,0.6057731481481482,3701.0927734375,1.0,11.507411206562143,18.110771637517,1039239.0,21782.909636321427,142.4111456367532,-29.30440389679523,10.05839729309082,21.56386947631836,0.9430207104706964,28.77096176147461,0.3744504749774933,5.170103073120117,47.357601165771484
Ko et. al (Etapas 3),Spherical Pores,0.6057731481481482,3701.0927734375,1.0,11.507411206562145,18.110771637517,1039239.0,21782.909636321427,142.41114563675316,-29.30440389679523,13.853667259216309,20.4404296875,0.948957891038601,28.663156509399414,0.5193122625350952,4.991580963134766,46.98050308227539
Ko et. al (Etapas 3),Spherical Pores,0.6057731481481482,3701.0927734375,1.0,11.507411206562146,18.110771637517,1039239.0,21782.909636321427,142.41114563675316,-29.30440389679523,10.35106086730957,22.775619506835938,0.9244824576197943,27.702896118164062,0.4049128293991089,6.065426826477051,47.49313735961914
Ko et. al (Etapas 3),Spherical Pores,0.6057731481481482,3701.0927734375,1.0,11.507411206562141,18.110771637517,1039239.0,21782.909636321427,142.41114563675316,-29.30440389679523,12.137035369873047,21.9750919342041,0.935657781986746,28.705427169799805,0.5116893649101257,4.315845966339111,47.272735595703125
Ko et. al (Etapas 3),Spherical Pores,0.6250798611111111,5254.29345703125,1.0,13.986442232552536,21.931713268527144,1074388.0,18499.29799949051,91.99933653274515,-14.085212463632736,16.22844696044922,30.306612014770508,0.917616861649509,24.668529510498047,0.530656099319458,2.808098554611206,45.419464111328125
Ko et. al (Etapas 3),Spherical Pores,0.6250798611111111,5254.29345703125,1.0,13.986442232552541,21.931713268527144,1074388.0,18499.29799949051,91.99933653274515,-14.085212463632736,19.129592895507812,32.0977897644043,0.9261007171009201,25.861858367919922,0.49525782465934753,3.5241410732269287,46.260765075683594
Ko et. al (Etapas 3),Spherical Pores,0.6250798611111111,5254.29345703125,1.0,13.98644223255253,21.931713268527144,1074388.0,18499.29799949051,91.99933653274515,-14.085212463632736,20.446455001831055,31.63616943359375,0.9326140254857673,25.247859954833984,0.5388696193695068,2.450186252593994,45.60216522216797
Ko et. al (Etapas 3),Spherical Pores,0.6250798611111111,5254.2939453125,1.0,13.986442232552541,21.931713268527144,1074388.0,18499.29799949051,91.99933653274516,-14.085212463632736,16.868858337402344,29.391603469848633,0.9354704369379441,25.204437255859375,0.4899598956108093,1.4960230588912964,45.741455078125
Ko et. al (Etapas 3),Spherical Pores,0.6207615740740741,2603.66064453125,1.0,12.358596690606282,18.658129485507295,1064199.0,20278.916490542437,135.32506383186364,-16.900265519570638,18.440067291259766,40.860225677490234,0.9059589905808713,41.44546890258789,0.5753749012947083,5.460014343261719,52.62452697753906
Ko et. al (Etapas 3),Spherical Pores,0.6207615740740741,2603.66064453125,1.0,12.358596690606278,18.658129485507295,1064199.0,20278.91649054243,135.3250638318636,-16.900265519570638,19.909109115600586,43.943321228027344,0.9089523211110894,38.64743423461914,0.7896353602409363,3.5283427238464355,51.06405258178711
Ko et. al (Etapas 3),Spherical Pores,0.6207615740740741,2603.66015625,1.0,12.358596690606282,18.658129485507295,1064199.0,20278.916490542433,135.32506383186364,-16.900265519570638,15.978561401367188,43.87253189086914,0.8860126629307543,41.37125015258789,0.5277395248413086,4.258296489715576,52.72361373901367
Ko et. al (Etapas 3),Spherical Pores,0.6207615740740741,2603.66064453125,1.0,12.358596690606287,18.658129485507295,1064199.0,20278.916490542433,135.3250638318636,-16.900265519570638,21.552133560180664,43.38447189331055,0.9070940346797159,40.84041976928711,0.7890188097953796,2.4403021335601807,51.24483108520508
Ko et. al (Etapas 3),Spherical Pores,0.7062523148148148,1828.0518798828125,1.0,6.508665687618374,9.899494952422772,1212901.0,39485.02628387829,1.1820002461968087e+18,-321.0851505039556,15.348217010498047,17.461061477661133,0.972258661663002,21.043167114257812,0.21662534773349762,1.8613245487213135,37.212860107421875
Ko et. al (Etapas 3),Spherical Pores,0.7062523148148148,1828.0518798828125,1.0,6.508665687618372,9.899494952422772,1212901.0,39485.02628387829,1.1820002461968087e+18,-321.0851505039556,15.647985458374023,17.61655044555664,0.9724001093021949,20.963924407958984,0.2442491501569748,2.0275046825408936,37.16880416870117
Ko et. al (Etapas 3),Spherical Pores,0.7062523148148148,1828.0518798828125,1.0,6.508665687618374,9.899494952422772,1212901.0,39485.02628387829,1.1820002461968087e+18,-321.0851505039556,15.266379356384277,17.17462730407715,0.9741535099903303,21.023317337036133,0.21753302216529846,1.5879862308502197,37.13166046142578
Ko et. al (Etapas 3),Spherical Pores,0.7062523148148148,1828.0521240234375,1.0,6.5086656876183735,9.899494952422772,1212901.0,39485.02628387829,1.1820002461968087e+18,-321.0851505039556,15.910335540771484,17.744598388671875,0.9730067047848526,20.849607467651367,0.2465362697839737,1.9954209327697754,37.19370651245117
Ko et. al (Etapas 3),Spherical Pores,0.6904490740740741,1690.3492431640625,1.0,6.407933055497706,10.344079023679617,1185129.0,39447.44587710295,1.1820002461968087e+18,-305.1696561947661,7.706814765930176,16.007795333862305,0.9597696333308265,21.960529327392578,0.2297741174697876,1.1055269241333008,37.59250259399414
Ko et. al (Etapas 3),Spherical Pores,0.6904490740740741,1690.348876953125,1.0,6.407933055497703,10.344079023679617,1185129.0,39447.44587710296,1.1820002461968087e+18,-305.1696561947661,6.783607006072998,15.14870548248291,0.9638014277236804,21.65206527709961,0.23421740531921387,1.9008337259292603,37.11817169189453
Ko et. al (Etapas 3),Spherical Pores,0.6904490740740741,1690.3492431640625,1.0,6.407933055497706,10.344079023679617,1185129.0,39447.44587710295,1.1820002461968087e+18,-305.1696561947661,7.807398796081543,15.391164779663086,0.9627938929007696,21.959348678588867,0.23071151971817017,1.1718943119049072,37.678260803222656
Ko et. al (Etapas 3),Spherical Pores,0.6904490740740741,1690.34912109375,1.0,6.407933055497704,10.344079023679617,1185129.0,39447.44587710295,1.1820002461968087e+18,-305.1696561947661,6.974664688110352,15.60352611541748,0.9625245761990676,21.603574752807617,0.22912690043449402,1.592883825302124,37.09903335571289
Ko et. al (Etapas 3),Spherical Pores,0.6962002314814815,2635.0283203125,1.0,8.323479198431,12.664176399359539,1195487.0,30704.35214262624,1.182000246196809e+18,-108.59340710838886,18.256834030151367,23.01702308654785,0.9735068591022097,20.821754455566406,0.36942562460899353,0.3948015868663788,36.84764099121094
Ko et. al (Etapas 3),Spherical Pores,0.6962002314814815,2635.0283203125,1.0,8.323479198431006,12.664176399359539,1195487.0,30704.35214262624,1.182000246196809e+18,-108.59340710838886,18.426790237426758,22.729209899902344,0.9765750187286193,20.48689842224121,0.3671377897262573,0.5764269828796387,36.090091705322266
Ko et. al (Etapas 3),Spherical Pores,0.6962002314814815,2635.0283203125,1.0,8.323479198430999,12.664176399359539,1195487.0,30704.35214262624,1.182000246196809e+18,-108.59340710838886,18.407068252563477,23.177865982055664,0.9735120548363894,20.763046264648438,0.35668790340423584,0.3960457146167755,36.834651947021484
Ko et. al (Etapas 3),Spherical Pores,0.6962002314814815,2635.0283203125,1.0,8.323479198431004,12.664176399359539,1195487.0,30704.35214262625,1.182000246196809e+18,-108.59340710838886,18.027976989746094,22.786354064941406,0.9731415429616261,20.65757179260254,0.36172398924827576,0.14333494007587433,36.21995544433594
Ko et. al (Etapas 3),Spherical Pores,0.7000104166666666,3125.771728515625,1.0,8.464889842513616,11.814004250666148,1201525.0,30057.33785442157,1.182000246196809e+18,-106.43486819270501,3.0747647285461426,12.868021965026855,0.9751458658870483,19.253557205200195,0.2934633791446686,2.102351188659668,36.882225036621094
Ko et. al (Etapas 3),Spherical Pores,0.7000104166666666,3125.771728515625,1.0,8.464889842513612,11.814004250666148,1201525.0,30057.337854421563,1.182000246196809e+18,-106.43486819270501,3.6693789958953857,12.82595443725586,0.9738200845484679,19.34232521057129,0.3031438887119293,2.02189040184021,36.8189697265625
Ko et. al (Etapas 3),Spherical Pores,0.7000104166666666,3125.771728515625,1.0,8.464889842513612,11.814004250666148,1201525.0,30057.337854421563,1.182000246196809e+18,-106.43486819270501,2.305295705795288,13.012639045715332,0.9737381768313693,19.072498321533203,0.2952909767627716,2.208820343017578,36.53437423706055
Ko et. al (Etapas 3),Spherical Pores,0.7000104166666666,3125.771728515625,1.0,8.46488984251362,11.814004250666148,1201525.0,30057.33785442157,1.182000246196809e+18,-106.43486819270501,2.338360071182251,11.987162590026855,0.977214306710167,19.137889862060547,0.3229622542858124,2.5815227031707764,36.85908889770508
Ko et. al (Etapas 3),Spherical Pores,0.678859375,3622.017333984375,1.0,9.650018457592756,13.484778931738408,1166119.0,26348.595585861123,8.885135895171124e+17,-58.94701204766074,5.900938510894775,12.331855773925781,0.9823455405558914,20.650602340698242,0.3476410508155823,4.520345687866211,38.03241729736328
Ko et. al (Etapas 3),Spherical Pores,0.678859375,3622.01708984375,1.0,9.650018457592761,13.484778931738408,1166119.0,26348.595585861123,8.885135895171124e+17,-58.94701204766074,5.165248870849609,12.827549934387207,0.978166077327736,21.09621810913086,0.2370956391096115,4.627632141113281,38.94718551635742
Ko et. al (Etapas 3),Spherical Pores,0.678859375,3622.017333984375,1.0,9.650018457592761,13.484778931738408,1166119.0,26348.595585861123,8.885135895171124e+17,-58.94701204766074,4.489226341247559,12.146346092224121,0.9806390452186222,20.569149017333984,0.3414749205112457,4.057541370391846,37.325199127197266
Ko et. al (Etapas 3),Spherical Pores,0.678859375,3622.01708984375,1.0,9.650018457592752,13.484778931738408,1166119.0,26348.595585861116,8.885135895171124e+17,-58.94701204766074,6.056435585021973,12.46743106842041,0.9795942356169935,21.32413101196289,0.23827163875102997,4.002206325531006,38.54753494262695
Ko et. al (Etapas 3),Spherical Pores,0.7072818287037037,4293.28125,1.0,9.891593790832633,13.484778931738408,1214138.0,25931.367500609158,1.182000246196809e+18,-54.91840255064713,2.082892656326294,13.210248947143555,0.974501207287374,19.468032836914062,0.3522976338863373,3.4171528816223145,36.54877471923828
Ko et. al (Etapas 3),Spherical Pores,0.7072818287037037,4293.28125,1.0,9.891593790832632,13.484778931738408,1214138.0,25931.367500609158,1.182000246196809e+18,-54.91840255064713,0.7710137367248535,14.721396446228027,0.9699847252126547,19.406620025634766,0.45751363039016724,3.4883737564086914,37.33649826049805
Ko et. al (Etapas 3),Spherical Pores,0.7072818287037037,4293.28125,1.0,9.891593790832637,13.484778931738408,1214138.0,25931.36750060916,1.182000246196809e+18,-54.91840255064713,2.0655484199523926,13.873319625854492,0.9723848248940136,19.43043327331543,0.35276612639427185,3.1560349464416504,36.76755905151367
Ko et. al (Etapas 3),Spherical Pores,0.7072818287037037,4293.28125,1.0,9.891593790832635,13.484778931738408,1214138.0,25931.367500609158,1.182000246196809e+18,-54.91840255064713,1.4368647336959839,13.769655227661133,0.9735721999535961,19.563152313232422,0.4670833349227905,3.5369503498077393,37.07961654663086
Ko et. al (Etapas 3),Spherical Pores,0.6548373842592593,4214.94970703125,1.0,11.845090694704458,18.110771637517,1125273.0,22615.309408234054,2.687977520967146e+17,-29.821657461843888,4.857708930969238,13.567656517028809,0.9762511512521996,23.26531982421875,0.2842367887496948,4.050113201141357,42.516929626464844
Ko et. al (Etapas 3),Spherical Pores,0.6548373842592593,4214.94970703125,1.0,11.845090694704462,18.110771637517,1125273.0,22615.309408234054,2.687977520967146e+17,-29.821657461843888,4.348938465118408,12.356016159057617,0.98135855170831,22.783096313476562,0.2707691490650177,3.829164743423462,41.57647705078125
Ko et. al (Etapas 3),Spherical Pores,0.6548373842592593,4214.94970703125,1.0,11.845090694704458,18.110771637517,1125273.0,22615.309408234054,2.687977520967146e+17,-29.821657461843888,5.071885108947754,13.298676490783691,0.9791827536804812,23.98161506652832,0.2800220251083374,4.12278938293457,42.721832275390625
Ko et. al (Etapas 3),Spherical Pores,0.6548373842592593,4214.94970703125,1.0,11.845090694704464,18.110771637517,1125273.0,22615.309408234054,2.687977520967146e+17,-29.821657461843888,2.937711238861084,11.886482238769531,0.9807310112061041,22.678503036499023,0.2708631455898285,3.3625659942626953,41.46247863769531
Ko et. al (Etapas 3),Spherical Pores,0.7089299768518519,7039.3310546875,1.0,12.406928287989999,20.273133770445256,1216690.0,21514.7423718856,9.433685752498004e+17,-27.215495268714104,15.452322959899902,20.749828338623047,0.9745386591283646,18.642255783081055,0.4094875752925873,3.6242270469665527,38.77913284301758
Ko et. al (Etapas 3),Spherical Pores,0.7089299768518519,7039.33056640625,1.0,12.406928287990006,20.273133770445256,1216690.0,21514.7423718856,9.433685752498004e+17,-27.215495268714104,15.271160125732422,20.47538948059082,0.9746950978321701,18.48236656188965,0.5234715938568115,3.2189080715179443,39.36619567871094
Ko et. al (Etapas 3),Spherical Pores,0.7089299768518519,7039.33056640625,1.0,12.406928287989999,20.273133770445256,1216690.0,21514.7423718856,9.433685752498004e+17,-27.215495268714104,14.682272911071777,19.134296417236328,0.9775691365543626,18.25435447692871,0.3971562683582306,3.244898796081543,38.55511474609375
Ko et. al (Etapas 3),Spherical Pores,0.7089299768518519,7039.3310546875,1.0,12.406928287989997,20.273133770445256,1216690.0,21514.7423718856,9.433685752498004e+17,-27.215495268714104,17.017101287841797,21.02117919921875,0.9771658951834269,18.304676055908203,0.5386285781860352,3.400773525238037,39.11942672729492
Ko et. al (Etapas 3),Spherical Pores,0.7771927083333333,3293.369384765625,1.0,6.794038689096036,11.57583638105135,1334044.0,35261.97073998602,1.182000246196808e+18,-285.9019608967035,3.3596692085266113,10.755391120910645,0.9814205687654372,14.706547737121582,0.22437579929828644,0.7141293287277222,31.40630340576172
Ko et. al (Etapas 3),Spherical Pores,0.7771927083333333,3293.36962890625,1.0,6.7940386890960385,11.57583638105135,1334044.0,35261.97073998601,1.182000246196808e+18,-285.9019608967035,3.6295149326324463,11.023890495300293,0.9810365161781607,14.743417739868164,0.2109217345714569,0.1176123395562172,31.035442352294922
Ko et. al (Etapas 3),Spherical Pores,0.7771927083333333,3293.36962890625,1.0,6.7940386890960385,11.57583638105135,1334044.0,35261.97073998602,1.182000246196808e+18,-285.9019608967035,3.9608798027038574,10.950376510620117,0.9814200712151865,14.712784767150879,0.2294945865869522,0.5445530414581299,31.29071044921875
Ko et. al (Etapas 3),Spherical Pores,0.7771927083333333,3293.369384765625,1.0,6.794038689096033,11.57583638105135,1334044.0,35261.97073998602,1.182000246196808e+18,-285.9019608967035,3.692017078399658,11.22303581237793,0.9801633771199914,14.673809051513672,0.2116849720478058,0.4349192976951599,31.284564971923828
Ko et. al (Etapas 3),Spherical Pores,0.7769293981481481,3570.520263671875,1.0,6.846706971847988,10.999999970229567,1335061.0,34883.00814521783,1.182000246196808e+18,-289.8708872900576,6.700702667236328,10.865649223327637,0.9809944809254897,14.680453300476074,0.22506913542747498,0.2493630051612854,31.08969497680664
Ko et. al (Etapas 3),Spherical Pores,0.7769293981481481,3570.520751953125,1.0,6.846706971847993,10.999999970229567,1335061.0,34883.00814521783,1.182000246196808e+18,-289.8708872900576,7.467790126800537,11.383818626403809,0.9801255275578385,14.978789329528809,0.16533894836902618,0.184787780046463,31.169729232788086
Ko et. al (Etapas 3),Spherical Pores,0.7769293981481481,3570.520751953125,1.0,6.846706971847991,10.999999970229567,1335061.0,34883.00814521783,1.182000246196808e+18,-289.8708872900576,7.591055393218994,11.325295448303223,0.9801217176920111,14.753530502319336,0.22204913198947906,0.5734743475914001,31.06247901916504
Ko et. al (Etapas 3),Spherical Pores,0.7769293981481481,3570.520263671875,1.0,6.846706971847992,10.999999970229567,1335061.0,34883.00814521783,1.182000246196808e+18,-289.8708872900576,6.8557257652282715,10.924310684204102,0.9806902320418038,15.142767906188965,0.1685209721326828,0.08064230531454086,31.542749404907227
Ko et. al (Etapas 3),Spherical Pores,0.7798153935185185,6587.85205078125,1.0,8.680173079547094,15.16574876705335,1340605.0,27168.944828185777,1.1820002461968087e+18,-99.44199788060486,12.028263092041016,15.634729385375977,0.9800932137481415,13.459467887878418,0.39658790826797485,1.1068679094314575,30.36182403564453
Ko et. al (Etapas 3),Spherical Pores,0.7798153935185185,6587.85009765625,1.0,8.680173079547089,15.16574876705335,1340605.0,27168.94482818577,1.1820002461968087e+18,-99.44199788060486,10.82979679107666,14.537002563476562,0.9808538303707015,12.957184791564941,0.3765507936477661,1.0535550117492676,29.987092971801758
Ko et. al (Etapas 3),Spherical Pores,0.7798153935185185,6587.8505859375,1.0,8.680173079547094,15.16574876705335,1340605.0,27168.944828185777,1.1820002461968087e+18,-99.44199788060486,10.988065719604492,14.69276237487793,0.9812483204114612,12.745707511901855,0.3911151587963104,0.9479052424430847,30.1614990234375
Ko et. al (Etapas 3),Spherical Pores,0.7798153935185185,6587.85009765625,1.0,8.680173079547089,15.16574876705335,1340605.0,27168.94482818577,1.1820002461968087e+18,-99.44199788060486,11.313206672668457,15.526908874511719,0.9787178772465973,13.512856483459473,0.37684550881385803,1.1867008209228516,30.435001373291016
Ko et. al (Etapas 3),Spherical Pores,0.7660237268518518,5124.73876953125,1.0,8.676163610205611,13.747727646791398,1314577.0,27793.727425247438,1.1820002461968087e+18,-98.34780764684808,3.870047092437744,10.064018249511719,0.9800455137067481,14.070914268493652,0.28328830003738403,2.088784694671631,31.395540237426758
Ko et. al (Etapas 3),Spherical Pores,0.7660237268518518,5124.73876953125,1.0,8.676163610205613,13.747727646791398,1314577.0,27793.727425247438,1.1820002461968087e+18,-98.34780764684808,4.257049083709717,10.502172470092773,0.9792689136862044,14.080133438110352,0.2287764698266983,2.040173292160034,31.361644744873047
Ko et. al (Etapas 3),Spherical Pores,0.7660237268518518,5124.73876953125,1.0,8.676163610205608,13.747727646791398,1314577.0,27793.727425247438,1.1820002461968087e+18,-98.34780764684808,4.766520023345947,10.399177551269531,0.9796732018992155,14.213616371154785,0.28294700384140015,2.31597638130188,31.410892486572266
Ko et. al (Etapas 3),Spherical Pores,0.7660237268518518,5124.73876953125,1.0,8.67616361020561,13.747727646791398,1314577.0,27793.727425247438,1.1820002461968087e+18,-98.34780764684808,4.915881156921387,10.055093765258789,0.9810211853993646,13.941055297851562,0.22397583723068237,1.7893452644348145,31.487234115600586
Ko et. al (Etapas 3),Spherical Pores,0.7922048611111111,7504.1845703125,1.0,10.84250412267324,16.583124520476773,1359916.0,23058.955131358573,1.182000246196809e+18,-54.17236375490388,5.062987804412842,15.834150314331055,0.9599558573682069,13.310298919677734,0.2533324956893921,3.3868308067321777,31.99689483642578
Ko et. al (Etapas 3),Spherical Pores,0.7922048611111111,7504.1845703125,1.0,10.842504122673242,16.583124520476773,1359916.0,23058.955131358573,1.182000246196809e+18,-54.17236375490388,4.587345123291016,15.06579875946045,0.9618740281985281,13.289420127868652,0.29491788148880005,3.7419846057891846,31.902509689331055
Ko et. al (Etapas 3),Spherical Pores,0.7922048611111111,7504.1845703125,1.0,10.842504122673244,16.583124520476773,1359916.0,23058.955131358573,1.182000246196809e+18,-54.17236375490388,3.5022177696228027,13.822699546813965,0.9694569917727562,13.239165306091309,0.24054329097270966,3.0284061431884766,32.54144287109375
Ko et. al (Etapas 3),Spherical Pores,0.7922048611111111,7504.18408203125,1.0,10.842504122673242,16.583124520476773,1359916.0,23058.955131358576,1.182000246196809e+18,-54.17236375490388,4.938167095184326,15.74443244934082,0.9595476902651416,13.696396827697754,0.29551753401756287,3.716151237487793,32.45723342895508
Ko et. al (Etapas 3),Spherical Pores,0.76890625,8866.4931640625,1.0,10.711416177872584,15.779731644995012,1319912.0,23509.606200686118,1.182000246196809e+18,-46.3041412557983,7.64381217956543,12.171712875366211,0.9799890188981855,13.106042861938477,0.3506016731262207,2.0614912509918213,30.988876342773438
Ko et. al (Etapas 3),Spherical Pores,0.76890625,8866.4912109375,1.0,10.711416177872577,15.779731644995012,1319912.0,23509.60620068612,1.182000246196809e+18,-46.3041412557983,8.035591125488281,12.363760948181152,0.9802876436627969,12.959762573242188,0.26262417435646057,1.8703583478927612,30.943693161010742
Ko et. al (Etapas 3),Spherical Pores,0.76890625,8866.4931640625,1.0,10.71141617787258,15.779731644995012,1319912.0,23509.606200686118,1.182000246196809e+18,-46.3041412557983,7.581028461456299,11.971171379089355,0.9799259387860594,13.469569206237793,0.3458489775657654,2.4650161266326904,31.15167999267578
Ko et. al (Etapas 3),Spherical Pores,0.76890625,8866.4912109375,1.0,10.711416177872575,15.779731644995012,1319912.0,23509.60620068612,1.182000246196809e+18,-46.3041412557983,7.371220111846924,11.212632179260254,0.9830504400744212,12.92182731628418,0.2639385163784027,1.9790828227996826,30.728031158447266
Ko et. al (Etapas 3),Spherical Pores,0.7644409722222222,10117.990234375,1.0,12.047104631628372,18.138358025698693,1312360.0,21058.841666122957,1.182000246196809e+18,-35.98891150665484,4.603034496307373,9.862682342529297,0.9817575751102143,13.50092601776123,0.32728829979896545,2.4949984550476074,34.106563568115234
Ko et. al (Etapas 3),Spherical Pores,0.7644409722222222,10117.9912109375,1.0,12.047104631628372,18.138358025698693,1312360.0,21058.841666122957,1.182000246196809e+18,-35.98891150665484,4.582192420959473,9.055315017700195,0.9868376951794325,13.12343978881836,0.32484960556030273,2.3126304149627686,33.77157211303711
Ko et. al (Etapas 3),Spherical Pores,0.7644409722222222,10117.990234375,1.0,12.047104631628367,18.138358025698693,1312360.0,21058.841666122957,1.182000246196809e+18,-35.98891150665484,3.658297061920166,9.446111679077148,0.9835807872369855,13.607589721679688,0.3238948881626129,2.552086353302002,33.991817474365234
Ko et. al (Etapas 3),Spherical Pores,0.7644409722222222,10117.9912109375,1.0,12.047104631628374,18.138358025698693,1312360.0,21058.841666122957,1.182000246196809e+18,-35.98891150665484,3.8247132301330566,9.925480842590332,0.9837170980857419,13.224128723144531,0.3241349756717682,1.9261410236358643,33.59199142456055
Ko et. al (Etapas 3),Spherical Pores,0.7872262731481482,13474.2958984375,1.0,12.410798232106233,18.601075046419144,1352435.0,20061.866710426057,1.182000246196809e+18,-25.693576125397854,11.192296981811523,13.75393009185791,0.9792568842651512,12.579039573669434,0.35487648844718933,2.3898911476135254,32.846920013427734
Ko et. al (Etapas 3),Spherical Pores,0.7872262731481482,13474.2958984375,1.0,12.410798232106222,18.601075046419144,1352435.0,20061.866710426057,1.182000246196809e+18,-25.693576125397854,10.959941864013672,13.480795860290527,0.9794119137065824,12.624191284179688,0.21559803187847137,2.160576820373535,32.2674446105957
Ko et. al (Etapas 3),Spherical Pores,0.7872262731481482,13474.2958984375,1.0,12.410798232106233,18.601075046419144,1352435.0,20061.866710426057,1.182000246196809e+18,-25.693576125397854,10.747020721435547,13.471138000488281,0.9805826500961221,12.83361530303955,0.3588581383228302,1.8264753818511963,32.336307525634766
Ko et. al (Etapas 3),Spherical Pores,0.7872262731481482,13474.294921875,1.0,12.410798232106226,18.601075046419144,1352435.0,20061.866710426057,1.182000246196809e+18,-25.693576125397854,10.847929000854492,13.859003067016602,0.9798427215835596,12.781204223632812,0.1961546391248703,2.2658817768096924,32.17549133300781
Ko et. al (Etapas 3),Spherical Grains,0.2669508101851852,686.6260986328125,1.0,7.0923311633369295,13.964238776657742,455894.0,14336.011928305525,165.6382871972623,-7.490229509262325,20.97686004638672,33.379127502441406,0.905232904677907,28.342044830322266,0.5719772577285767,4.110620021820068,56.65155792236328
Ko et. al (Etapas 3),Spherical Grains,0.2669508101851852,686.6260375976562,1.0,7.092331163336927,13.964238776657742,455894.0,14336.011928305528,165.6382871972623,-7.490229509262325,20.910011291503906,34.914222717285156,0.8661286066672316,30.11597442626953,0.9082427620887756,8.949849128723145,57.051212310791016
Ko et. al (Etapas 3),Spherical Grains,0.2669508101851852,686.6260375976562,1.0,7.092331163336925,13.964238776657742,455894.0,14336.011928305525,165.63828719726234,-7.490229509262325,18.55644416809082,30.68730354309082,0.9202689453513779,31.040353775024414,0.571053147315979,7.466224670410156,55.52157211303711
Ko et. al (Etapas 3),Spherical Grains,0.2669508101851852,686.6260375976562,1.0,7.092331163336928,13.964238776657742,455894.0,14336.011928305528,165.6382871972623,-7.490229509262325,25.108022689819336,30.80921745300293,0.9109329792981323,30.207794189453125,0.8458694815635681,7.2720513343811035,55.462059020996094
Ko et. al (Etapas 3),Spherical Grains,0.2736076388888889,956.4083862304688,1.0,7.5066969267403865,16.004795965291805,464217.0,13969.777153546322,178.59296532898756,2.3375882266622128,21.30797004699707,25.734285354614258,0.9782419243710679,34.41720962524414,1.013140082359314,8.129733085632324,55.97650146484375
Ko et. al (Etapas 3),Spherical Grains,0.2736076388888889,956.4083862304688,1.0,7.5066969267403865,16.004795965291805,464217.0,13969.777153546323,178.59296532898756,2.3375882266622128,11.797381401062012,22.024158477783203,0.9665933108128167,34.643821716308594,0.9050601124763489,10.193520545959473,61.06320571899414
Ko et. al (Etapas 3),Spherical Grains,0.2736076388888889,956.4083862304688,1.0,7.506696926740384,16.004795965291805,464217.0,13969.777153546322,178.59296532898756,2.3375882266622128,9.800915718078613,21.114477157592773,0.9714878126324007,34.091094970703125,0.9114379286766052,7.804047584533691,56.10753631591797
Ko et. al (Etapas 3),Spherical Grains,0.2736076388888889,956.4083251953125,1.0,7.5066969267403865,16.004795965291805,464217.0,13969.777153546323,178.59296532898756,2.3375882266622128,13.561293601989746,22.291423797607422,0.9678606309063934,34.87954330444336,0.9152694940567017,10.827949523925781,61.3429069519043
Ko et. al (Etapas 3),Spherical Grains,0.2960584490740741,901.8916015625,1.0,8.44748099735697,17.916472456840896,504939.00000000006,12823.562546402061,109.39507619825666,1.2235036250189455,23.92860984802246,34.90925979614258,0.9300996231922005,29.434274673461914,0.9082901477813721,8.041518211364746,60.513633728027344
Ko et. al (Etapas 3),Spherical Grains,0.2960584490740741,901.8916015625,1.0,8.44748099735697,17.916472456840896,504939.00000000006,12823.562546402061,109.39507619825666,1.2235036250189455,24.188989639282227,36.6681022644043,0.9339831954455421,28.685344696044922,0.45424818992614746,1.505376935005188,58.9951286315918
Ko et. al (Etapas 3),Spherical Grains,0.2960584490740741,901.8916015625,1.0,8.447480997356966,17.916472456840896,504939.00000000006,12823.562546402061,109.39507619825666,1.2235036250189455,23.084671020507812,33.704105377197266,0.9210642674561084,29.30912208557129,0.9294619560241699,8.518468856811523,60.96151351928711
Ko et. al (Etapas 3),Spherical Grains,0.2960584490740741,901.8916015625,1.0,8.447480997356967,17.916472456840896,504939.00000000006,12823.562546402061,109.39507619825666,1.2235036250189455,19.328174591064453,31.483524322509766,0.9487532740364278,29.15474510192871,0.4591686725616455,3.7867186069488525,59.18852615356445
Ko et. al (Etapas 3),Spherical Grains,0.20329108796296297,285.66107177734375,1.0,7.597572399157596,15.107070451545495,343446.0,10693.716267156076,185.6180378570058,3.1333629421216895,0.7610331773757935,46.03879165649414,0.9055820932317201,40.210147857666016,0.7067881226539612,1.142982840538025,66.16694641113281
Ko et. al (Etapas 3),Spherical Grains,0.20329108796296297,285.66107177734375,1.0,7.597572399157596,15.107070451545495,343446.0,10693.716267156078,185.6180378570058,3.1333629421216895,9.729788780212402,48.201499938964844,0.9137006635725501,39.68998336791992,0.9803120493888855,0.3682590425014496,63.523216247558594
Ko et. al (Etapas 3),Spherical Grains,0.20329108796296297,285.6610412597656,1.0,7.597572399157598,15.107070451545495,343446.0,10693.716267156078,185.61803785700582,3.1333629421216895,10.93488883972168,49.489891052246094,0.9071691717803159,38.85107421875,0.7738655805587769,0.33681729435920715,64.59092712402344
Ko et. al (Etapas 3),Spherical Grains,0.20329108796296297,285.6610412597656,1.0,7.597572399157596,15.107070451545495,343446.0,10693.716267156078,185.61803785700582,3.1333629421216895,3.894463062286377,49.55282974243164,0.8968014461284715,38.90857696533203,0.8656302690505981,0.7096481323242188,63.189083099365234
Ko et. al (Etapas 3),Spherical Grains,0.22681423611111112,246.328369140625,1.0,8.535435679972426,16.353529304278123,384137.0,10696.488855228105,144.77548796708675,-0.8156690833459638,52.245235443115234,76.12242126464844,0.7088272332306225,31.258371353149414,0.8972460627555847,3.4997289180755615,59.77238845825195
Ko et. al (Etapas 3),Spherical Grains,0.22681423611111112,246.32835388183594,1.0,8.535435679972425,16.353529304278123,384137.0,10696.488855228105,144.77548796708678,-0.8156690833459638,38.46931076049805,69.76250457763672,0.7349632649310713,35.119834899902344,0.8725650906562805,4.867692947387695,62.65721893310547
Ko et. al (Etapas 3),Spherical Grains,0.22681423611111112,246.328369140625,1.0,8.535435679972428,16.353529304278123,384137.0,10696.488855228105,144.77548796708678,-0.8156690833459638,68.77710723876953,86.79354095458984,0.743053127858148,31.950593948364258,1.0690102577209473,4.467530250549316,59.11077880859375
Ko et. al (Etapas 3),Spherical Grains,0.22681423611111112,246.32835388183594,1.0,8.535435679972425,16.353529304278123,384137.0,10696.488855228105,144.77548796708678,-0.8156690833459638,56.709083557128906,86.5519027709961,0.7284705911580107,36.34125900268555,1.0439224243164062,4.066390514373779,62.58915328979492
Ko et. al (Etapas 3),Spherical Grains,0.33703819444444444,3991.944091796875,1.0,10.262282264424698,15.862966723845464,575102.0,12639.595049578145,117.00254037837851,-2.317693858775726,30.35237693786621,33.710147857666016,0.9250818831353781,22.186695098876953,0.3983910083770752,4.717505931854248,55.2701301574707
Ko et. al (Etapas 3),Spherical Grains,0.33703819444444444,3991.944091796875,1.0,10.262282264424702,15.862966723845464,575102.0,12639.595049578144,117.00254037837851,-2.317693858775726,30.285614013671875,32.718021392822266,0.9113037127211182,20.086952209472656,0.4214591681957245,3.182189464569092,55.24748992919922
Ko et. al (Etapas 3),Spherical Grains,0.33703819444444444,3991.944091796875,1.0,10.262282264424703,15.862966723845464,575102.0,12639.595049578145,117.00254037837851,-2.317693858775726,31.908737182617188,34.57961654663086,0.9329232485147904,21.274057388305664,0.3801426589488983,4.968452453613281,55.2214469909668
Ko et. al (Etapas 3),Spherical Grains,0.33703819444444444,3991.944091796875,1.0,10.262282264424702,15.862966723845464,575102.0,12639.595049578144,117.00254037837851,-2.317693858775726,30.424427032470703,33.43379592895508,0.9336947138931011,20.98484992980957,0.4652537405490875,3.4472365379333496,55.82608413696289
Ko et. al (Etapas 3),Spherical Grains,0.16312731481481482,13.388357162475586,1.0,7.435004499459471,12.754845449239117,280532.0,8664.587397680953,133.48779114893836,-1.7308100061243619,1040.510986328125,1092.7872314453125,0.09961446034327008,36.39287185668945,10.905101776123047,2.191845178604126,61.89594268798828
Ko et. al (Etapas 3),Spherical Grains,0.16312731481481482,13.38835334777832,1.0,7.435004499459473,12.754845449239117,280532.0,8664.587397680953,133.48779114893838,-1.7308100061243619,1124.909912109375,1341.6929931640625,0.13096623671752206,40.91146469116211,11.733267784118652,3.0180373191833496,61.472747802734375
Ko et. al (Etapas 3),Spherical Grains,0.16312731481481482,13.38835620880127,1.0,7.435004499459474,12.754845449239117,280532.0,8664.587397680953,133.48779114893838,-1.7308100061243619,1053.1484375,1245.3353271484375,0.17041298445539768,39.16679763793945,11.07539176940918,3.251160144805908,62.803199768066406
Ko et. al (Etapas 3),Spherical Grains,0.16312731481481482,13.388357162475586,1.0,7.435004499459473,12.754845449239117,280532.0,8664.587397680954,133.48779114893838,-1.7308100061243619,1005.3291625976562,1078.6947021484375,0.11219333102799359,37.92745590209961,10.293780326843262,1.390275001525879,61.673160552978516
Ko et. al (Etapas 3),Spherical Grains,0.2514212962962963,278.9743957519531,1.0,9.24615560147228,19.72308307144342,423804.0,10548.710667855936,115.11599270668611,-2.108802995967613,43.305152893066406,37.091552734375,0.6606808217188884,42.28551483154297,1.2114472389221191,15.763357162475586,68.10580444335938
Ko et. al (Etapas 3),Spherical Grains,0.2514212962962963,278.9743957519531,1.0,9.24615560147228,19.72308307144342,423804.0,10548.710667855932,115.11599270668611,-2.108802995967613,52.18203353881836,36.31314468383789,0.7567911509871119,36.1494140625,0.7266216278076172,7.362656593322754,67.7213134765625
Ko et. al (Etapas 3),Spherical Grains,0.2514212962962963,278.9743957519531,1.0,9.246155601472278,19.72308307144342,423804.0,10548.710667855936,115.1159927066861,-2.108802995967613,46.70423889160156,36.2357063293457,0.6756609091526422,43.08076477050781,1.2587190866470337,17.08903694152832,68.73746490478516
Ko et. al (Etapas 3),Spherical Grains,0.2514212962962963,278.9743347167969,1.0,9.24615560147228,19.72308307144342,423804.0,10548.710667855932,115.11599270668611,-2.108802995967613,70.02318572998047,34.477230072021484,0.8161321449455629,36.159706115722656,1.0015078783035278,11.744399070739746,67.51225280761719
Ko et. al (Etapas 3),Spherical Grains,0.29411921296296295,360.47216796875,1.0,7.839603793930757,15.081999743352315,499757.0,15458.1502807655,206.1155011334598,-4.217605991935226,39.24979019165039,64.18177795410156,0.8375004635904687,35.1256103515625,0.9506143927574158,4.381928443908691,61.24201965332031
Ko et. al (Etapas 3),Spherical Grains,0.29411921296296295,360.4721984863281,1.0,7.839603793930758,15.081999743352315,499757.0,15458.150280765502,206.11550113345976,-4.217605991935226,41.96625518798828,72.47896575927734,0.8004612985104483,35.540504455566406,1.4079393148422241,1.9437402486801147,62.29508972167969
Ko et. al (Etapas 3),Spherical Grains,0.29411921296296295,360.4721984863281,1.0,7.839603793930758,15.081999743352315,499757.0,15458.150280765502,206.1155011334598,-4.217605991935226,56.40554428100586,88.48932647705078,0.780317443180933,35.36294174194336,1.1443827152252197,0.423501580953598,61.58714294433594
Ko et. al (Etapas 3),Spherical Grains,0.29411921296296295,360.47216796875,1.0,7.839603793930754,15.081999743352315,499757.0,15458.150280765502,206.1155011334598,-4.217605991935226,47.39110565185547,75.08296966552734,0.8229394433715281,36.07155990600586,1.452618956565857,4.760483264923096,62.875885009765625
Ko et. al (Etapas 3),Spherical Grains,0.2691851851851852,307.8814392089844,1.0,7.418717465636868,14.492344984386053,457078.0,13781.441788248238,193.1910526323514,-3.789877082375758,9.865772247314453,42.544769287109375,0.8796552356982816,37.39870834350586,0.3444366157054901,1.4884783029556274,63.76034927368164
Ko et. al (Etapas 3),Spherical Grains,0.2691851851851852,307.8814392089844,1.0,7.418717465636864,14.492344984386053,457078.0,13781.441788248238,193.1910526323514,-3.789877082375758,20.16776466369629,47.84161376953125,0.7953800905065943,39.854549407958984,0.5425737500190735,12.493913650512695,63.156394958496094
Ko et. al (Etapas 3),Spherical Grains,0.2691851851851852,307.8814392089844,1.0,7.418717465636867,14.492344984386053,457078.0,13781.441788248241,193.1910526323514,-3.789877082375758,5.71929407119751,44.63468933105469,0.8835713543358298,36.551856994628906,0.4182892143726349,8.824674606323242,63.84584426879883
Ko et. al (Etapas 3),Spherical Grains,0.2691851851851852,307.8814697265625,1.0,7.4187174656368695,14.492344984386053,457078.0,13781.441788248241,193.19105263235141,-3.789877082375758,17.03653335571289,54.74806213378906,0.7451927082075497,37.7115364074707,0.541069746017456,15.111191749572754,63.18239974975586
Ko et. al (Etapas 3),Spherical Grains,0.28307060185185184,1149.6900634765625,1.0,8.469578867648147,15.107070451545495,482191.0,13132.756824627137,161.66245795465971,-3.3720953567595324,21.000614166259766,28.327342987060547,0.9484559031467446,26.63239288330078,0.5161895751953125,6.838967323303223,58.88092041015625
Ko et. al (Etapas 3),Spherical Grains,0.28307060185185184,1149.6900634765625,1.0,8.46957886764815,15.107070451545495,482191.0,13132.756824627137,161.66245795465971,-3.3720953567595324,15.388957977294922,23.427894592285156,0.9532852564048181,26.46538543701172,0.7788565754890442,6.8918023109436035,60.287132263183594
Ko et. al (Etapas 3),Spherical Grains,0.28307060185185184,1149.6900634765625,1.0,8.469578867648147,15.107070451545495,482191.0,13132.756824627137,161.66245795465971,-3.3720953567595324,17.184322357177734,23.247028350830078,0.956519477567369,27.274242401123047,0.5506919026374817,7.639221668243408,59.657676696777344
Ko et. al (Etapas 3),Spherical Grains,0.28307060185185184,1149.6900634765625,1.0,8.469578867648146,15.107070451545495,482191.0,13132.756824627137,161.66245795465971,-3.3720953567595324,18.60338592529297,25.465576171875,0.9465304044534519,25.319210052490234,0.7239536643028259,4.007518768310547,60.334556579589844
Ko et. al (Etapas 3),Spherical Grains,0.2901082175925926,702.62255859375,1.0,7.886354555122582,21.377557401544117,495771.0,14166.725954096748,178.08274924451976,-2.3077466748324826,50.17235565185547,52.897525787353516,0.9263831304737865,27.286426544189453,0.7502737045288086,4.639500141143799,56.033573150634766
Ko et. al (Etapas 3),Spherical Grains,0.2901082175925926,702.62255859375,1.0,7.886354555122581,21.377557401544117,495771.0,14166.725954096752,178.08274924451976,-2.3077466748324826,46.32653045654297,51.74492645263672,0.9411522304351726,29.06207847595215,0.772315502166748,7.700996398925781,57.235252380371094
Ko et. al (Etapas 3),Spherical Grains,0.2901082175925926,702.62255859375,1.0,7.886354555122582,21.377557401544117,495771.0,14166.725954096748,178.08274924451985,-2.3077466748324826,39.90656661987305,42.57405090332031,0.9363068105365274,26.317909240722656,0.7006346583366394,6.887929439544678,55.48900604248047
Ko et. al (Etapas 3),Spherical Grains,0.2901082175925926,702.62255859375,1.0,7.886354555122582,21.377557401544117,495771.0,14166.725954096752,178.08274924451976,-2.3077466748324826,42.544403076171875,48.05258560180664,0.9169904988212491,28.623117446899414,0.7484592199325562,7.712564945220947,57.43368148803711
Ko et. al (Etapas 3),Spherical Grains,0.2456082175925926,978.9488525390625,1.0,7.946310073085339,17.378147002013918,417663.0,12408.347230081368,182.97492842177385,0.6863556920837987,7.545406818389893,18.79937744140625,0.9612344390312808,29.55893898010254,1.0612486600875854,3.84006404876709,60.56190872192383
Ko et. al (Etapas 3),Spherical Grains,0.2456082175925926,978.94873046875,1.0,7.946310073085339,17.378147002013918,417663.0,12408.347230081368,182.9749284217738,0.6863556920837987,12.903188705444336,20.523395538330078,0.9574044877356545,25.2311954498291,0.5449033379554749,2.6169378757476807,58.82649230957031
Ko et. al (Etapas 3),Spherical Grains,0.2456082175925926,978.94873046875,1.0,7.946310073085336,17.378147002013918,417663.0,12408.347230081372,182.97492842177388,0.6863556920837987,8.307793617248535,16.019031524658203,0.9642318427351432,29.4388370513916,1.0950357913970947,2.805773973464966,60.521976470947266
Ko et. al (Etapas 3),Spherical Grains,0.2456082175925926,978.94873046875,1.0,7.946310073085336,17.378147002013918,417663.0,12408.347230081368,182.97492842177388,0.6863556920837987,7.71739387512207,19.21773910522461,0.9550789404031969,26.078886032104492,0.6587009429931641,1.8618210554122925,58.89546585083008
Ko et. al (Etapas 3),Spherical Grains,0.3405295138888889,1539.9305419921875,1.0,8.889522250026477,16.806304838990258,580519.0,14013.318660646195,74.71294048564138,-9.201145147500199,7.92468786239624,21.507265090942383,0.9443895714118445,28.17842674255371,0.48475414514541626,7.08814811706543,57.56716537475586
Ko et. al (Etapas 3),Spherical Grains,0.3405295138888889,1539.930908203125,1.0,8.88952225002648,16.806304838990258,580519.0,14013.318660646197,74.71294048564138,-9.201145147500199,2.635845899581909,19.048723220825195,0.9576709894670543,26.332578659057617,0.6313274502754211,5.308474063873291,56.99174880981445
Ko et. al (Etapas 3),Spherical Grains,0.3405295138888889,1539.9305419921875,1.0,8.889522250026484,16.806304838990258,580519.0,14013.318660646195,74.71294048564137,-9.201145147500199,4.35333251953125,19.702899932861328,0.9464935945656067,25.811504364013672,0.49518024921417236,6.5481085777282715,57.220611572265625
Ko et. al (Etapas 3),Spherical Grains,0.3405295138888889,1539.930908203125,1.0,8.889522250026477,16.806304838990258,580519.0,14013.318660646195,74.71294048564137,-9.201145147500199,6.005703449249268,21.012493133544922,0.9495637854570558,25.607891082763672,0.603794276714325,3.590583324432373,56.264041900634766
Ko et. al (Etapas 3),Spherical Grains,0.31915162037037037,1142.37353515625,1.0,8.85458115148284,17.029387430847528,543350.0,13975.62820559387,97.89060079647247,-6.604930138313658,18.95569610595703,26.84345817565918,0.8801483101707962,27.774028778076172,0.4071541428565979,11.774852752685547,57.2843132019043
Ko et. al (Etapas 3),Spherical Grains,0.31915162037037037,1142.37353515625,1.0,8.854581151482842,17.029387430847528,543350.0,13975.62820559387,97.89060079647246,-6.604930138313658,8.223090171813965,21.16680908203125,0.9427367835546063,23.735511779785156,0.7189757227897644,4.2981462478637695,55.78782272338867
Ko et. al (Etapas 3),Spherical Grains,0.31915162037037037,1142.373291015625,1.0,8.854581151482842,17.029387430847528,543350.0,13975.62820559387,97.89060079647247,-6.604930138313658,12.697850227355957,30.088260650634766,0.8364927668792888,28.110132217407227,0.4268300533294678,12.551462173461914,57.45880126953125
Ko et. al (Etapas 3),Spherical Grains,0.31915162037037037,1142.3734130859375,1.0,8.854581151482842,17.029387430847528,543350.0,13975.62820559387,97.89060079647247,-6.604930138313658,8.3084077835083,20.82649803161621,0.9457107720043331,23.03128433227539,0.7091249227523804,5.660693645477295,54.63411331176758
Ko et. al (Etapas 3),Spherical Grains,0.1523466435185185,48.06578826904297,1.0,7.003293135356952,14.955962696443185,257079.0,8648.789369160286,182.14860059193418,5.421215249067685,236.01959228515625,52.52827835083008,0.29957653139523477,42.124656677246094,2.6620683670043945,3.393338203430176,66.17418670654297
Ko et. al (Etapas 3),Spherical Grains,0.1523466435185185,48.0657844543457,1.0,7.00329313535695,14.955962696443185,257079.0,8648.789369160288,182.14860059193418,5.421215249067685,182.88101196289062,52.94947052001953,0.29713858829311734,48.366512298583984,2.734248161315918,7.8668904304504395,70.1434326171875
Ko et. al (Etapas 3),Spherical Grains,0.1523466435185185,48.0657844543457,1.0,7.003293135356951,14.955962696443185,257079.0,8648.789369160288,182.1486005919342,5.421215249067685,228.11546325683594,51.69038772583008,0.2640658050597098,42.21942901611328,2.613163948059082,4.002224922180176,67.92325592041016
Ko et. al (Etapas 3),Spherical Grains,0.1523466435185185,48.06578826904297,1.0,7.00329313535695,14.955962696443185,257079.0,8648.789369160288,182.14860059193418,5.421215249067685,215.09039306640625,61.024871826171875,0.32301713389733533,44.854007720947266,2.988840103149414,8.230379104614258,69.91370391845703
Ko et. al (Etapas 3),Spherical Grains,0.40594155092592593,1584.1890869140625,1.0,8.160337605762946,20.61552698012249,692505.0,17809.928490450537,1.343988760483573e+17,-11.061268544886726,29.233407974243164,35.26072692871094,0.9435264722685308,22.517236709594727,0.6221498847007751,5.430048942565918,49.12311935424805
Ko et. al (Etapas 3),Spherical Grains,0.40594155092592593,1584.1888427734375,1.0,8.160337605762946,20.61552698012249,692505.0,17809.928490450537,1.343988760483573e+17,-11.061268544886726,37.418792724609375,42.87636947631836,0.9320884645351178,21.678861618041992,0.7539654970169067,9.046882629394531,50.82089614868164
Ko et. al (Etapas 3),Spherical Grains,0.40594155092592593,1584.1888427734375,1.0,8.160337605762946,20.61552698012249,692505.0,17809.928490450537,1.343988760483573e+17,-11.061268544886726,39.2093505859375,46.65397644042969,0.921158876807061,22.773197174072266,0.7975569367408752,8.227169036865234,49.9876594543457
Ko et. al (Etapas 3),Spherical Grains,0.40594155092592593,1584.1888427734375,1.0,8.160337605762948,20.61552698012249,692505.0,17809.928490450537,1.343988760483573e+17,-11.061268544886726,34.857421875,40.05957794189453,0.9353830793813084,21.979625701904297,0.6639313101768494,6.068367004394531,50.248329162597656
Ko et. al (Etapas 3),Spherical Grains,0.3831221064814815,1512.7916259765625,1.0,7.256554636403909,12.963734131138082,654485.0,18000.885089802126,81.74536473168115,-7.579754164751516,24.882856369018555,27.998937606811523,0.9522775359618755,23.627731323242188,0.5089609026908875,2.9578588008880615,49.9511604309082
Ko et. al (Etapas 3),Spherical Grains,0.3831221064814815,1512.79150390625,1.0,7.256554636403911,12.963734131138082,654485.0,18000.885089802126,81.74536473168115,-7.579754164751516,27.41261100769043,30.160198211669922,0.9562387351446817,23.949359893798828,0.4092617928981781,3.0693562030792236,51.82200241088867
Ko et. al (Etapas 3),Spherical Grains,0.3831221064814815,1512.79150390625,1.0,7.256554636403911,12.963734131138082,654485.0,18000.885089802126,81.74536473168115,-7.579754164751516,27.965627670288086,30.055639266967773,0.9595727862016626,23.18781852722168,0.4982779324054718,3.0037503242492676,50.099464416503906
Ko et. al (Etapas 3),Spherical Grains,0.3831221064814815,1512.79150390625,1.0,7.256554636403913,12.963734131138082,654485.0,18000.885089802126,81.74536473168115,-7.579754164751516,28.3220272064209,31.005863189697266,0.9529934001847727,23.6547794342041,0.42223241925239563,3.1764893531799316,51.484344482421875
Ko et. al (Etapas 3),Spherical Grains,0.37383912037037037,1150.5389404296875,1.0,7.8036471221815455,13.59762391083298,638546.0,17398.223439612193,103.57690980374349,-10.852377682078615,33.28145217895508,39.68949890136719,0.9003211780866031,28.729337692260742,0.492763876914978,9.05731201171875,54.82685470581055
Ko et. al (Etapas 3),Spherical Grains,0.37383912037037037,1150.5389404296875,1.0,7.8036471221815455,13.59762391083298,638546.0,17398.22343961219,103.57690980374349,-10.852377682078615,33.26454162597656,38.741905212402344,0.9039170595144126,26.34282684326172,0.6473734974861145,8.275749206542969,55.505828857421875
Ko et. al (Etapas 3),Spherical Grains,0.37383912037037037,1150.5389404296875,1.0,7.803647122181543,13.59762391083298,638546.0,17398.223439612193,103.57690980374346,-10.852377682078615,30.04112434387207,36.3868522644043,0.9160695930742238,29.353601455688477,0.4698779284954071,9.69746208190918,54.23321533203125
Ko et. al (Etapas 3),Spherical Grains,0.37383912037037037,1150.5389404296875,1.0,7.803647122181546,13.59762391083298,638546.0,17398.223439612197,103.57690980374349,-10.852377682078615,31.958606719970703,36.31562423706055,0.9256104955030713,26.3828125,0.6621924638748169,5.4589362144470215,55.86297607421875
Ko et. al (Etapas 3),Spherical Grains,0.33216666666666667,1754.35498046875,1.0,7.752450919244407,13.399466542339818,566142.0,15586.873570328047,119.10539213585689,-6.6148773222569,27.475433349609375,28.056913375854492,0.9760754016778787,23.850561141967773,0.37338680028915405,3.322991132736206,51.414031982421875
Ko et. al (Etapas 3),Spherical Grains,0.33216666666666667,1754.355224609375,1.0,7.752450919244405,13.399466542339818,566142.0,15586.873570328053,119.10539213585692,-6.6148773222569,30.968074798583984,32.08424758911133,0.9533337778153993,26.96233367919922,0.6229336261749268,9.094104766845703,55.437583923339844
Ko et. al (Etapas 3),Spherical Grains,0.33216666666666667,1754.355224609375,1.0,7.752450919244407,13.399466542339818,566142.0,15586.873570328049,119.10539213585689,-6.6148773222569,26.656631469726562,27.70983123779297,0.9748472175402981,23.82112693786621,0.36133211851119995,2.557492971420288,51.73823928833008
Ko et. al (Etapas 3),Spherical Grains,0.33216666666666667,1754.355224609375,1.0,7.752450919244405,13.399466542339818,566142.0,15586.873570328049,119.10539213585692,-6.6148773222569,30.447980880737305,31.420486450195312,0.9633343566380945,27.052690505981445,0.623370349407196,9.2745943069458,56.116817474365234
Ko et. al (Etapas 3),Spherical Grains,0.3288391203703704,1463.4454345703125,1.0,7.545575786994382,13.399466542339818,560148.0,15906.591398050696,154.51866467384164,-5.102905362883894,37.87639617919922,37.50263214111328,0.90464221074711,24.97916030883789,0.6906158328056335,0.46264272928237915,54.978397369384766
Ko et. al (Etapas 3),Spherical Grains,0.3288391203703704,1463.445556640625,1.0,7.545575786994382,13.399466542339818,560148.0,15906.591398050696,154.51866467384164,-5.102905362883894,34.0008430480957,34.25696563720703,0.9117144569309711,24.551969528198242,0.6218461394309998,1.1465028524398804,54.18730163574219
Ko et. al (Etapas 3),Spherical Grains,0.3288391203703704,1463.4453125,1.0,7.545575786994384,13.399466542339818,560148.0,15906.591398050698,154.51866467384167,-5.102905362883894,38.94708251953125,39.5927734375,0.9100933664164963,26.070077896118164,0.6813598871231079,2.003701686859131,54.79753112792969
Ko et. al (Etapas 3),Spherical Grains,0.3288391203703704,1463.4453125,1.0,7.545575786994382,13.399466542339818,560148.0,15906.591398050696,154.51866467384167,-5.102905362883894,40.59640121459961,41.15629577636719,0.9119675137665714,24.01911163330078,0.6001051068305969,0.9439695477485657,54.58413314819336
Ko et. al (Etapas 3),Spherical Grains,0.35721469907407405,1194.9425048828125,1.0,9.733587012174848,21.771542242745642,605432.0,14622.424006223198,102.43851316869761,-7.6593316362974635,11.374088287353516,34.10663986206055,0.9277337642884013,31.69640350341797,0.5555295348167419,0.5101354122161865,61.37357711791992
Ko et. al (Etapas 3),Spherical Grains,0.35721469907407405,1194.9425048828125,1.0,9.73358701217485,21.771542242745642,605432.0,14622.424006223198,102.43851316869758,-7.6593316362974635,7.621116638183594,37.40874481201172,0.8983342358790111,30.458255767822266,0.9327195882797241,0.9550104737281799,60.89399337768555
Ko et. al (Etapas 3),Spherical Grains,0.35721469907407405,1194.9425048828125,1.0,9.733587012174855,21.771542242745642,605432.0,14622.424006223197,102.43851316869757,-7.6593316362974635,4.011030673980713,34.89101028442383,0.9232220053874343,31.150562286376953,0.6322879791259766,2.8856287002563477,62.03036880493164
Ko et. al (Etapas 3),Spherical Grains,0.35721469907407405,1194.9425048828125,1.0,9.733587012174848,21.771542242745642,605432.0,14622.424006223198,102.43851316869761,-7.6593316362974635,6.345818996429443,31.61956787109375,0.9337094443457805,30.240741729736328,0.9546381235122681,1.486549735069275,60.328529357910156
Ko et. al (Etapas 3),Spherical Grains,0.35420717592592593,3543.81396484375,1.0,10.399789846425113,19.34142391248166,604229.0,13383.37593856214,116.36884022710143,-8.146743649516393,22.480680465698242,30.143077850341797,0.9594190921325236,29.541362762451172,0.7420057058334351,2.902085304260254,61.1993293762207
Ko et. al (Etapas 3),Spherical Grains,0.35420717592592593,3543.813720703125,1.0,10.399789846425119,19.34142391248166,604229.0,13383.375938562143,116.36884022710143,-8.146743649516393,25.949525833129883,32.7540283203125,0.942822538044036,30.34757423400879,0.8784632682800293,3.9405245780944824,60.37207794189453
Ko et. al (Etapas 3),Spherical Grains,0.35420717592592593,3543.81396484375,1.0,10.399789846425112,19.34142391248166,604229.0,13383.37593856214,116.36884022710143,-8.146743649516393,23.50743293762207,31.841278076171875,0.9648452132324453,29.93663215637207,0.7521910071372986,5.3943562507629395,61.14729690551758
Ko et. al (Etapas 3),Spherical Grains,0.35420717592592593,3543.81396484375,1.0,10.399789846425117,19.34142391248166,604229.0,13383.37593856214,116.36884022710143,-8.146743649516393,21.501922607421875,29.93381118774414,0.9465471450125414,30.980165481567383,0.9040112495422363,5.5688323974609375,60.00933074951172
Ko et. al (Etapas 3),Spherical Grains,0.3856689814814815,1867.8936767578125,1.0,10.09198566445777,18.09124756360033,659782.0,13451.933710312042,54.59404658456983,-1.4025529359973277,13.924894332885742,26.36696434020996,0.9513278947779555,22.198795318603516,0.45221349596977234,0.34220075607299805,54.15685272216797
Ko et. al (Etapas 3),Spherical Grains,0.3856689814814815,1867.8936767578125,1.0,10.091985664457766,18.09124756360033,659782.0,13451.933710312042,54.59404658456983,-1.4025529359973277,8.25601577758789,23.752086639404297,0.9497284199486052,23.295021057128906,0.8125266432762146,0.19168736040592194,54.563053131103516
Ko et. al (Etapas 3),Spherical Grains,0.3856689814814815,1867.8936767578125,1.0,10.091985664457772,18.09124756360033,659782.0,13451.933710312042,54.59404658456983,-1.4025529359973277,7.315257549285889,25.78525161743164,0.9436945538909592,22.288829803466797,0.3791593909263611,1.491400957107544,53.38334274291992
Ko et. al (Etapas 3),Spherical Grains,0.3856689814814815,1867.8936767578125,1.0,10.09198566445777,18.09124756360033,659782.0,13451.933710312043,54.59404658456983,-1.4025529359973277,10.261186599731445,23.72490692138672,0.9550343958640674,23.770862579345703,0.8695558905601501,1.6117007732391357,54.05205154418945
Ko et. al (Etapas 3),Spherical Grains,0.5135752314814814,4096.0009765625,1.0,8.809751741260497,20.42057709479498,877615.0,19643.834776881708,1.182000246196809e+18,-17.119103566321993,13.083460807800293,22.74073028564453,0.9662007252094643,20.13088035583496,0.6728454232215881,4.83496618270874,45.39561080932617
Ko et. al (Etapas 3),Spherical Grains,0.5135752314814814,4096.00146484375,1.0,8.809751741260495,20.42057709479498,877615.0,19643.834776881708,1.182000246196809e+18,-17.119103566321993,14.054120063781738,22.236507415771484,0.9722577089661211,19.60944938659668,0.44057929515838623,2.222764015197754,45.97441482543945
Ko et. al (Etapas 3),Spherical Grains,0.5135752314814814,4096.0009765625,1.0,8.809751741260493,20.42057709479498,877615.0,19643.83477688171,1.182000246196809e+18,-17.119103566321993,13.538628578186035,22.339433670043945,0.9690535556171658,19.93235969543457,0.6572511792182922,5.0244879722595215,45.68539047241211
Ko et. al (Etapas 3),Spherical Grains,0.5135752314814814,4096.0009765625,1.0,8.809751741260493,20.42057709479498,877615.0,19643.83477688171,1.182000246196809e+18,-17.119103566321993,15.33984375,21.223777770996094,0.9759765340793557,19.643388748168945,0.4669165313243866,3.0249390602111816,45.434268951416016
Ko et. al (Etapas 3),Spherical Grains,0.44983217592592595,1441.294921875,1.0,7.520301108955883,15.394802261840416,767206.0,20452.246153843946,8.172873417539223e+17,-17.208628221811185,22.01877212524414,25.217178344726562,0.9660972739463591,23.48702621459961,0.5423702001571655,3.4901444911956787,49.281803131103516
Ko et. al (Etapas 3),Spherical Grains,0.44983217592592595,1441.294921875,1.0,7.520301108955886,15.394802261840416,767206.0,20452.246153843946,8.172873417539226e+17,-17.208628221811185,19.824012756347656,23.419889450073242,0.9688529494402824,22.27539825439453,0.4224654734134674,4.287496566772461,48.5268669128418
Ko et. al (Etapas 3),Spherical Grains,0.44983217592592595,1441.294921875,1.0,7.520301108955883,15.394802261840416,767206.0,20452.246153843946,8.172873417539223e+17,-17.208628221811185,18.2808895111084,22.115968704223633,0.9706001433196999,23.121458053588867,0.5868496298789978,5.951111316680908,49.08839416503906
Ko et. al (Etapas 3),Spherical Grains,0.44983217592592595,1441.294921875,1.0,7.520301108955884,15.394802261840416,767206.0,20452.246153843946,8.172873417539226e+17,-17.208628221811185,17.414146423339844,20.469036102294922,0.9738389525951048,21.89739990234375,0.4268759489059448,4.4067864418029785,48.45582580566406
Ko et. al (Etapas 3),Spherical Grains,0.45337037037037037,2782.572265625,1.0,8.374670501539772,19.209372945953984,773364.0,18331.875360290927,5.018843280087374e+17,-11.439261534729978,10.126760482788086,21.244792938232422,0.9512711319023703,18.97296714782715,0.5156465172767639,1.8596471548080444,47.277530670166016
Ko et. al (Etapas 3),Spherical Grains,0.45337037037037037,2782.572265625,1.0,8.37467050153977,19.209372945953984,773364.0,18331.875360290927,5.814282183244069e+17,-11.439261534729978,8.113593101501465,18.933486938476562,0.9600772507818556,20.266653060913086,0.61820387840271,3.2294676303863525,47.534263610839844
Ko et. al (Etapas 3),Spherical Grains,0.45337037037037037,2782.572509765625,1.0,8.374670501539775,19.209372945953984,773364.0,18331.875360290927,5.814282183244069e+17,-11.439261534729978,11.340400695800781,19.929576873779297,0.9647852085175062,19.336496353149414,0.5329317450523376,2.2898483276367188,47.52603530883789
Ko et. al (Etapas 3),Spherical Grains,0.45337037037037037,2782.572509765625,1.0,8.374670501539772,19.209372945953984,773364.0,18331.875360290927,5.018843280087374e+17,-11.439261534729978,10.860930442810059,22.751178741455078,0.9478161166853041,20.551240921020508,0.6414247155189514,3.6211485862731934,46.81044387817383
Ko et. al (Etapas 3),Spherical Grains,0.5015648148148149,3190.7578125,1.0,9.150873758254829,20.99999796198515,858150.0000000001,18360.41127794218,1.182000246196809e+18,-5.580370192159581,17.96709442138672,28.298799514770508,0.9273890015064529,19.774776458740234,0.5602953433990479,6.569431781768799,48.25201416015625
Ko et. al (Etapas 3),Spherical Grains,0.5015648148148149,3190.7578125,1.0,9.150873758254832,20.99999796198515,858150.0000000001,18360.411277942178,1.182000246196809e+18,-5.580370192159581,21.39962387084961,31.5692138671875,0.9237350545996436,18.84188461303711,0.3742522597312927,5.030829429626465,47.06169891357422
Ko et. al (Etapas 3),Spherical Grains,0.5015648148148149,3190.758056640625,1.0,9.150873758254827,20.99999796198515,858150.0000000001,18360.411277942178,1.182000246196809e+18,-5.580370192159581,18.311269760131836,31.16626739501953,0.9035532013779631,19.670413970947266,0.5801798105239868,6.361908435821533,47.81131362915039
Ko et. al (Etapas 3),Spherical Grains,0.5015648148148149,3190.758056640625,1.0,9.150873758254827,20.99999796198515,858150.0000000001,18360.411277942178,1.182000246196809e+18,-5.580370192159581,19.061704635620117,29.468475341796875,0.9359661889260664,19.187807083129883,0.35417547821998596,3.6301941871643066,47.25162124633789
Ko et. al (Etapas 3),Spherical Grains,0.4586059027777778,4581.97509765625,1.0,9.648920129004066,16.806304838990258,784762.0,16680.497887437865,3.455690948948913e+17,-8.544631007246132,10.142094612121582,17.761327743530273,0.9544256361956035,20.46575927734375,0.5368552207946777,4.147487640380859,49.401973724365234
Ko et. al (Etapas 3),Spherical Grains,0.4586059027777778,4581.974609375,1.0,9.648920129004063,16.806304838990258,784762.0,16680.497887437865,3.455690948948913e+17,-8.544631007246132,8.605998039245605,16.24672508239746,0.9563286173038994,19.37752342224121,0.5965409278869629,1.3936079740524292,47.20685958862305
Ko et. al (Etapas 3),Spherical Grains,0.4586059027777778,4581.974609375,1.0,9.648920129004063,16.806304838990258,784762.0,16680.49788743787,4.251129852105608e+17,-8.544631007246132,10.822205543518066,16.89138412475586,0.960563743212343,20.642847061157227,0.5518407225608826,3.4693081378936768,49.790687561035156
Ko et. al (Etapas 3),Spherical Grains,0.4586059027777778,4581.974609375,1.0,9.648920129004063,16.806304838990258,784762.0,16680.49788743787,4.251129852105608e+17,-8.544631007246132,7.76362419128418,16.839170455932617,0.9611376147957865,19.380821228027344,0.6128715872764587,2.1281919479370117,47.56696319580078
Ko et. al (Etapas 3),Spherical Grains,0.4699832175925926,5262.04638671875,1.0,9.716607394253195,20.928447080141424,802137.0,16476.493915687613,6.609721086400765e+17,-2.775264320164925,0.4166072607040405,17.697072982788086,0.9612077135272747,19.74518585205078,0.6157110929489136,3.7729177474975586,49.609031677246094
Ko et. al (Etapas 3),Spherical Grains,0.4699832175925926,5262.04541015625,1.0,9.716607394253197,20.928447080141424,802137.0,16476.493915687617,6.609721086400765e+17,-2.775264320164925,2.2369890213012695,18.189590454101562,0.9609961401200506,21.40476417541504,0.6550548672676086,4.705760478973389,48.51572036743164
Ko et. al (Etapas 3),Spherical Grains,0.4699832175925926,5262.04638671875,1.0,9.716607394253202,20.928447080141424,802137.0,16476.493915687613,6.609721086400765e+17,-2.775264320164925,0.3923100531101227,18.91153335571289,0.9565820548513797,19.351856231689453,0.6139450073242188,2.9427993297576904,49.09137725830078
Ko et. al (Etapas 3),Spherical Grains,0.4699832175925926,5262.04638671875,1.0,9.716607394253195,20.928447080141424,802137.0,16476.493915687617,6.609721086400765e+17,-2.775264320164925,3.5105786323547363,20.42335319519043,0.9469403557774159,20.414310455322266,0.6004159450531006,4.098288536071777,49.05840301513672
Ko et. al (Etapas 3),Spherical Grains,0.361234375,1633.27197265625,1.0,8.815087829566231,18.836407349720062,615226.0,15053.484040972542,70.08236246948242,-5.610211743989311,20.763442993164062,33.8032112121582,0.9254799921593949,22.52903175354004,0.6696454286575317,5.999089241027832,54.603416442871094
Ko et. al (Etapas 3),Spherical Grains,0.361234375,1633.2720947265625,1.0,8.815087829566234,18.836407349720062,615226.0,15053.484040972538,70.08236246948242,-5.610211743989311,16.110998153686523,30.227413177490234,0.9382937971343746,23.019075393676758,0.49393171072006226,6.596530437469482,55.04576110839844
Ko et. al (Etapas 3),Spherical Grains,0.361234375,1633.2720947265625,1.0,8.815087829566234,18.836407349720062,615226.0,15053.484040972542,70.08236246948242,-5.610211743989311,14.376343727111816,30.233091354370117,0.9267083228610132,22.6921329498291,0.6098070740699768,5.278657913208008,53.83895492553711
Ko et. al (Etapas 3),Spherical Grains,0.361234375,1633.27197265625,1.0,8.815087829566236,18.836407349720062,615226.0,15053.484040972538,70.08236246948242,-5.610211743989311,14.13864803314209,28.925378799438477,0.9417381896646256,22.7525634765625,0.49361610412597656,4.654757499694824,55.370304107666016
Ko et. al (Etapas 3),Spherical Grains,0.4312025462962963,3211.136474609375,1.0,10.051293949803426,17.005785090340932,735647.0,14879.483238030223,42.669636035674166,-5.331690593578494,7.078490257263184,23.338876724243164,0.9353990305183777,20.437255859375,0.4328186810016632,5.992763519287109,51.05244445800781
Ko et. al (Etapas 3),Spherical Grains,0.4312025462962963,3211.136474609375,1.0,10.051293949803426,17.005785090340932,735647.0,14879.483238030221,42.669636035674166,-5.331690593578494,8.670869827270508,21.653928756713867,0.9504222100661399,20.3084774017334,0.5802037119865417,6.828396320343018,53.767391204833984
Ko et. al (Etapas 3),Spherical Grains,0.4312025462962963,3211.136474609375,1.0,10.051293949803426,17.005785090340932,735647.0,14879.483238030223,42.669636035674166,-5.331690593578494,4.972665309906006,20.76930809020996,0.9483830222853055,20.738929748535156,0.4565715491771698,6.737111568450928,50.98999786376953
Ko et. al (Etapas 3),Spherical Grains,0.4312025462962963,3211.13623046875,1.0,10.051293949803426,17.005785090340932,735647.0,14879.483238030221,42.669636035674166,-5.331690593578494,3.4147777557373047,22.716266632080078,0.929171211958289,20.70707130432129,0.5621759295463562,6.177412033081055,53.774024963378906
Ko et. al (Etapas 3),Cylindrical Pores,0.3179982638888889,1747.9501953125,1.0,12.35571038993909,14.200910580299334,546404.0,10031.432143746622,134.44397740189322,-1.3727113841675973,53.37453079223633,54.56045913696289,0.9310744303594681,43.310096740722656,0.6713889241218567,11.695053100585938,56.871124267578125
Ko et. al (Etapas 3),Cylindrical Pores,0.3179982638888889,1747.9505615234375,1.0,12.355710389939093,14.200910580299334,546404.0,10031.432143746619,134.44397740189328,-1.3727113841675973,49.90583038330078,51.32676315307617,0.9199824027776357,37.76682662963867,0.45225873589515686,8.732654571533203,55.38230514526367
Ko et. al (Etapas 3),Cylindrical Pores,0.3179982638888889,1747.9505615234375,1.0,12.35571038993909,14.200910580299334,546404.0,10031.432143746622,134.4439774018932,-1.3727113841675973,53.562625885009766,54.79658508300781,0.9249833937059468,43.151878356933594,0.6918013691902161,10.910017967224121,57.241363525390625
Ko et. al (Etapas 3),Cylindrical Pores,0.3179982638888889,1747.9505615234375,1.0,12.35571038993909,14.200910580299334,546404.0,10031.43214374662,134.44397740189328,-1.3727113841675973,51.39670181274414,53.0187873840332,0.9499785673821444,38.781272888183594,0.46042943000793457,10.40070915222168,55.74507522583008
Ko et. al (Etapas 3),Cylindrical Pores,0.30670891203703704,1380.802734375,1.0,12.528235969098892,16.284433330382548,528555.0,8853.489199052263,100.37808127343425,-0.5769366687081207,29.429227828979492,49.77996063232422,0.8269784402065451,49.75757598876953,0.4912290871143341,20.250383377075195,57.320735931396484
Ko et. al (Etapas 3),Cylindrical Pores,0.30670891203703704,1380.8026123046875,1.0,12.528235969098887,16.284433330382548,528555.0,8853.489199052263,100.37808127343425,-0.5769366687081207,25.659727096557617,45.93235397338867,0.8575756633472467,46.93084716796875,0.48254257440567017,11.290225982666016,53.660274505615234
Ko et. al (Etapas 3),Cylindrical Pores,0.30670891203703704,1380.802734375,1.0,12.528235969098894,16.284433330382548,528555.0,8853.489199052263,100.37808127343428,-0.5769366687081207,30.760175704956055,51.73501205444336,0.7876324812599633,52.423213958740234,0.44332873821258545,19.02434730529785,57.917301177978516
Ko et. al (Etapas 3),Cylindrical Pores,0.30670891203703704,1380.802734375,1.0,12.528235969098889,16.284433330382548,528555.0,8853.489199052263,100.37808127343428,-0.5769366687081207,27.100566864013672,49.011016845703125,0.8245662176615065,46.834503173828125,0.5214715003967285,14.762346267700195,53.42635726928711
Ko et. al (Etapas 3),Cylindrical Pores,0.3053327546296296,1654.5306396484375,1.0,13.974997364198883,16.783980669217996,523283.0,8330.079892267348,96.56972273842347,-1.5418135112027362,23.55532455444336,35.44740295410156,0.8958393657593989,57.254886627197266,0.9083810448646545,12.130780220031738,64.22661590576172
Ko et. al (Etapas 3),Cylindrical Pores,0.3053327546296296,1654.5306396484375,1.0,13.974997364198877,16.783980669217996,523283.0,8330.079892267348,96.56972273842344,-1.5418135112027362,22.374460220336914,37.453086853027344,0.9008589893478023,56.13933181762695,0.8205826282501221,9.149493217468262,62.83820343017578
Ko et. al (Etapas 3),Cylindrical Pores,0.3053327546296296,1654.5306396484375,1.0,13.974997364198883,16.783980669217996,523283.0,8330.07989226735,96.56972273842344,-1.5418135112027362,23.190847396850586,38.71053695678711,0.878303703812117,59.04383850097656,0.9018269777297974,13.167428970336914,66.2778091430664
Ko et. al (Etapas 3),Cylindrical Pores,0.3053327546296296,1654.530517578125,1.0,13.974997364198877,16.783980669217996,523283.0,8330.079892267346,96.56972273842344,-1.5418135112027362,15.06435489654541,40.26390075683594,0.8573530466562281,57.09178924560547,0.9008143544197083,10.637406349182129,63.5740966796875
Ko et. al (Etapas 3),Cylindrical Pores,0.3327951388888889,1863.977294921875,1.0,13.998539818437418,19.13112662517818,570776.0,9405.920896172825,115.2595026609481,0.0994718394324346,29.520320892333984,40.48554229736328,0.8901638867181831,55.27965545654297,0.8876248598098755,12.268196105957031,68.1048355102539
Ko et. al (Etapas 3),Cylindrical Pores,0.3327951388888889,1863.977294921875,1.0,13.998539818437418,19.13112662517818,570776.0,9405.920896172824,115.25950266094807,0.0994718394324346,21.4210205078125,36.411659240722656,0.9088946282226644,52.25376510620117,0.6150436997413635,10.61823558807373,64.4374771118164
Ko et. al (Etapas 3),Cylindrical Pores,0.3327951388888889,1863.977294921875,1.0,13.998539818437417,19.13112662517818,570776.0,9405.920896172825,115.25950266094807,0.0994718394324346,28.95585823059082,41.1036491394043,0.8751033367842815,54.63004684448242,0.8720622062683105,11.898173332214355,68.06281280517578
Ko et. al (Etapas 3),Cylindrical Pores,0.3327951388888889,1863.9771728515625,1.0,13.99853981843742,19.13112662517818,570776.0,9405.920896172824,115.2595026609481,0.0994718394324346,31.241304397583008,40.635536193847656,0.903714373481984,51.27946090698242,0.5636441707611084,7.884389877319336,63.91996765136719
Ko et. al (Etapas 3),Cylindrical Pores,0.3196950231481481,749.2506103515625,1.0,14.210009879618365,18.357558724027083,548836.0,8958.818509153734,109.19191358398014,0.3183098861837907,45.358009338378906,65.73870086669922,0.769805580753794,77.5518798828125,0.5233654975891113,6.113368988037109,67.22525024414062
Ko et. al (Etapas 3),Cylindrical Pores,0.3196950231481481,749.2506713867188,1.0,14.210009879618369,18.357558724027083,548836.0,8958.818509153734,109.19191358398014,0.3183098861837907,44.956260681152344,64.82498931884766,0.7646407071439035,74.46573638916016,0.5435486435890198,6.360742092132568,65.70398712158203
Ko et. al (Etapas 3),Cylindrical Pores,0.3196950231481481,749.2506713867188,1.0,14.210009879618365,18.357558724027083,548836.0,8958.818509153733,109.19191358398015,0.3183098861837907,44.32845687866211,64.455810546875,0.7723565147846133,75.72860717773438,0.5429403185844421,7.29373025894165,66.41670227050781
Ko et. al (Etapas 3),Cylindrical Pores,0.3196950231481481,749.2506713867188,1.0,14.21000987961837,18.357558724027083,548836.0,8958.818509153734,109.19191358398014,0.3183098861837907,33.23471450805664,56.365943908691406,0.7929388270722677,76.20657348632812,0.5380123257637024,1.4571837186813354,66.23076629638672
Ko et. al (Etapas 3),Cylindrical Pores,0.3379837962962963,3044.959228515625,1.0,15.337717875082252,18.836407349720062,581885.0,8723.407457859434,100.86849418144477,0.36804580590000796,30.700651168823242,36.756874084472656,0.9323865682005243,56.96395492553711,0.5924345850944519,14.092512130737305,60.715065002441406
Ko et. al (Etapas 3),Cylindrical Pores,0.3379837962962963,3044.959228515625,1.0,15.337717875082255,18.836407349720062,581885.0,8723.407457859435,100.86849418144476,0.36804580590000796,37.44285202026367,42.101016998291016,0.9240250117861795,58.14907455444336,0.4972602427005768,13.508588790893555,62.99269485473633
Ko et. al (Etapas 3),Cylindrical Pores,0.3379837962962963,3044.959228515625,1.0,15.337717875082252,18.836407349720062,581885.0,8723.407457859434,100.86849418144477,0.36804580590000796,37.1534423828125,41.02792739868164,0.9097164734490356,54.22218704223633,0.5447039008140564,13.460821151733398,61.89764404296875
Ko et. al (Etapas 3),Cylindrical Pores,0.3379837962962963,3044.959228515625,1.0,15.337717875082252,18.836407349720062,581885.0,8723.407457859435,100.86849418144476,0.36804580590000796,33.63148498535156,39.93511199951172,0.9182918374919216,59.94326400756836,0.5828521847724915,14.85823917388916,63.067108154296875
Ko et. al (Etapas 3),Cylindrical Pores,0.39492939814814815,4685.69287109375,1.0,12.15482490384805,14.254381292074651,677168.0,11019.612574717376,98.31738852542472,-1.6313381666919275,59.52208709716797,58.75007629394531,0.9166939423622563,42.7720832824707,0.5823966264724731,10.068792343139648,59.35285949707031
Ko et. al (Etapas 3),Cylindrical Pores,0.39492939814814815,4685.69287109375,1.0,12.154824903848054,14.254381292074651,677168.0,11019.612574717376,98.31738852542475,-1.6313381666919275,57.69249725341797,57.05191421508789,0.9394078992111444,44.329097747802734,0.5634511113166809,10.126030921936035,58.19055938720703
Ko et. al (Etapas 3),Cylindrical Pores,0.39492939814814815,4685.69287109375,1.0,12.154824903848056,14.254381292074651,677168.0,11019.612574717376,98.31738852542472,-1.6313381666919275,59.7798957824707,59.104488372802734,0.9353165023775845,45.10456466674805,0.5790719985961914,9.071037292480469,58.759498596191406
Ko et. al (Etapas 3),Cylindrical Pores,0.39492939814814815,4685.69287109375,1.0,12.154824903848048,14.254381292074651,677168.0,11019.612574717376,98.3173885254247,-1.6313381666919275,61.377872467041016,60.80061340332031,0.9197252595671344,45.87296676635742,0.5764334797859192,8.873885154724121,58.97572708129883
Ko et. al (Etapas 3),Cylindrical Pores,0.40366087962962965,1705.232421875,1.0,12.545047520821068,18.35680919436775,690975.0,11501.22056623448,107.1872887357984,-4.406602486856852,12.673970222473145,33.64732360839844,0.8686005145076553,44.80759811401367,0.9135075807571411,11.099356651306152,59.89531326293945
Ko et. al (Etapas 3),Cylindrical Pores,0.40366087962962965,1705.2320556640625,1.0,12.545047520821079,18.35680919436775,690975.0,11501.220566234482,107.1872887357984,-4.406602486856852,13.437813758850098,37.01741027832031,0.8383821964316576,44.085208892822266,0.5737782716751099,6.9373064041137695,58.20930862426758
Ko et. al (Etapas 3),Cylindrical Pores,0.40366087962962965,1705.232421875,1.0,12.545047520821079,18.35680919436775,690975.0,11501.220566234482,107.1872887357984,-4.406602486856852,15.656872749328613,40.84983444213867,0.8378964353106052,49.989627838134766,0.9790184497833252,9.89132308959961,60.819889068603516
Ko et. al (Etapas 3),Cylindrical Pores,0.40366087962962965,1705.232177734375,1.0,12.545047520821074,18.35680919436775,690975.0,11501.220566234482,107.1872887357984,-4.406602486856852,20.26567840576172,32.75575637817383,0.8973305472069146,43.86920166015625,0.5813420414924622,6.656444549560547,58.02847671508789
Ko et. al (Etapas 3),Cylindrical Pores,0.39034375,991.2687377929688,1.0,12.998473610181009,17.029387430847528,670468.0,11476.7297901667,125.38936457450683,-0.5968310365946076,27.684005737304688,54.25239181518555,0.9239715600552219,50.716041564941406,0.7599990367889404,1.239698052406311,60.98636245727539
Ko et. al (Etapas 3),Cylindrical Pores,0.39034375,991.2685546875,1.0,12.998473610181,17.029387430847528,670468.0,11476.7297901667,125.38936457450683,-0.5968310365946076,25.37868309020996,55.67809295654297,0.9046264755448002,51.511878967285156,0.7112009525299072,2.182603120803833,60.266963958740234
Ko et. al (Etapas 3),Cylindrical Pores,0.39034375,991.2685546875,1.0,12.998473610181003,17.029387430847528,670468.0,11476.7297901667,125.38936457450681,-0.5968310365946076,30.546329498291016,56.41592025756836,0.9134262706492914,46.28549575805664,0.7116174101829529,1.1507439613342285,61.0206184387207
Ko et. al (Etapas 3),Cylindrical Pores,0.39034375,991.2685546875,1.0,12.998473610181,17.029387430847528,670468.0,11476.7297901667,125.38936457450681,-0.5968310365946076,25.524173736572266,56.99417495727539,0.8906747543101369,50.15959548950195,0.7021104693412781,4.769202709197998,60.07545852661133
Ko et. al (Etapas 3),Cylindrical Pores,0.3962980324074074,2898.781982421875,1.0,13.950522723862253,18.601075046419144,681711.0,10537.787578507372,99.52171433881252,-1.2632923607919193,37.80518341064453,41.225868225097656,0.8929531243902247,39.487815856933594,0.4866220951080322,8.592041969299316,60.51909255981445
Ko et. al (Etapas 3),Cylindrical Pores,0.3962980324074074,2898.7822265625,1.0,13.950522723862248,18.601075046419144,681711.0,10537.78757850737,99.52171433881256,-1.2632923607919193,37.08809280395508,40.36280822753906,0.8887847793372813,41.41069030761719,0.4856988489627838,5.757755279541016,58.42568588256836
Ko et. al (Etapas 3),Cylindrical Pores,0.3962980324074074,2898.7822265625,1.0,13.950522723862244,18.601075046419144,681711.0,10537.787578507372,99.5217143388125,-1.2632923607919193,40.145660400390625,44.11332702636719,0.906958854827083,38.4440803527832,0.43381431698799133,7.817226886749268,58.45384979248047
Ko et. al (Etapas 3),Cylindrical Pores,0.3962980324074074,2898.781982421875,1.0,13.950522723862253,18.601075046419144,681711.0,10537.78757850737,99.52171433881256,-1.2632923607919193,37.654808044433594,42.308467864990234,0.9160505011835526,40.233741760253906,0.5029085874557495,6.760997295379639,59.176177978515625
Ko et. al (Etapas 3),Cylindrical Pores,0.3989988425925926,821.277587890625,1.0,15.727091800830117,22.89104569186715,684920.0,10291.736689972446,111.94702848025912,0.0994718394324346,163.4607391357422,30.298513412475586,0.5353586738649249,39.9129753112793,1.7831413745880127,2.1032657623291016,64.32402038574219
Ko et. al (Etapas 3),Cylindrical Pores,0.3989988425925926,821.277587890625,1.0,15.727091800830117,22.89104569186715,684920.0,10291.736689972446,111.94702848025912,0.0994718394324346,195.8749542236328,23.022600173950195,0.5369217700466118,38.86393737792969,2.0109307765960693,1.3602323532104492,63.765892028808594
Ko et. al (Etapas 3),Cylindrical Pores,0.3989988425925926,821.277587890625,1.0,15.727091800830122,22.89104569186715,684920.0,10291.736689972446,111.94702848025909,0.0994718394324346,168.25453186035156,30.916440963745117,0.5336387206721304,38.245662689208984,1.8249950408935547,1.2180038690567017,64.87686920166016
Ko et. al (Etapas 3),Cylindrical Pores,0.3989988425925926,821.277587890625,1.0,15.727091800830115,22.89104569186715,684920.0,10291.736689972446,111.94702848025908,0.0994718394324346,180.03562927246094,29.3953800201416,0.4597406580825237,39.36774826049805,1.8011722564697266,4.9013824462890625,63.62589645385742
Ko et. al (Etapas 3),Cylindrical Pores,0.38825868055555557,992.9440307617188,1.0,14.509482418755852,16.62680312316026,666221.0,10223.237614085438,116.0217300531415,0.1492077591486519,42.0264778137207,63.012943267822266,0.8075219208934477,70.09092712402344,0.5580223798751831,11.05172061920166,66.87933349609375
Ko et. al (Etapas 3),Cylindrical Pores,0.38825868055555557,992.9440307617188,1.0,14.509482418755852,16.62680312316026,666221.0,10223.237614085438,116.0217300531415,0.1492077591486519,33.97471618652344,52.40882110595703,0.8299383316806267,67.75418090820312,0.4900709390640259,8.454438209533691,65.5457992553711
Ko et. al (Etapas 3),Cylindrical Pores,0.38825868055555557,992.94384765625,1.0,14.509482418755848,16.62680312316026,666221.0,10223.237614085438,116.02173005314147,0.1492077591486519,39.08708572387695,58.537208557128906,0.8445585489917348,71.89976501464844,0.5591723918914795,16.076248168945312,67.09851837158203
Ko et. al (Etapas 3),Cylindrical Pores,0.38825868055555557,992.9440307617188,1.0,14.509482418755848,16.62680312316026,666221.0,10223.23761408544,116.0217300531415,0.1492077591486519,32.569087982177734,55.37469482421875,0.7674983609781392,70.09820556640625,0.5567571520805359,0.20429277420043945,65.78519439697266
Ko et. al (Etapas 3),Cylindrical Pores,0.48553587962962963,1988.1741943359375,1.0,12.910930965758702,16.14527264330097,836119.0,13215.283957516125,110.23759243224052,-2.844894607767629,22.606496810913086,46.223655700683594,0.7844892316453433,43.844810485839844,0.5050088167190552,22.470767974853516,53.73390197753906
Ko et. al (Etapas 3),Cylindrical Pores,0.48553587962962963,1988.1739501953125,1.0,12.910930965758695,16.14527264330097,836119.0,13215.283957516127,110.23759243224053,-2.844894607767629,26.64702796936035,42.91218948364258,0.7953862068726386,43.25801086425781,0.4207872748374939,21.677751541137695,55.617347717285156
Ko et. al (Etapas 3),Cylindrical Pores,0.48553587962962963,1988.1741943359375,1.0,12.910930965758707,16.14527264330097,836119.0,13215.283957516125,110.23759243224053,-2.844894607767629,25.840055465698242,46.209781646728516,0.7747962127279533,46.96958923339844,0.49811843037605286,25.600399017333984,54.28547668457031
Ko et. al (Etapas 3),Cylindrical Pores,0.48553587962962963,1988.1739501953125,1.0,12.910930965758707,16.14527264330097,836119.0,13215.283957516125,110.23759243224053,-2.844894607767629,21.771211624145508,46.63665771484375,0.760035963140362,41.417259216308594,0.43047696352005005,20.663339614868164,54.93332290649414
Ko et. al (Etapas 3),Cylindrical Pores,0.5003449074074074,2611.109375,1.0,13.05306641723286,19.949937514490813,860406.9999999999,13644.351590113545,113.21062694261077,-1.8203346616135527,0.032666634768247604,45.222660064697266,0.8032226760472819,40.477577209472656,0.611906111240387,9.45080852508545,54.24958801269531
Ko et. al (Etapas 3),Cylindrical Pores,0.5003449074074074,2611.109375,1.0,13.05306641723286,19.949937514490813,860406.9999999999,13644.351590113549,113.2106269426108,-1.8203346616135527,0.5108367204666138,45.243980407714844,0.7952885871412321,43.025291442871094,0.40269890427589417,6.257693290710449,53.28069305419922
Ko et. al (Etapas 3),Cylindrical Pores,0.5003449074074074,2611.109375,1.0,13.053066417232861,19.949937514490813,860406.9999999999,13644.351590113545,113.2106269426108,-1.8203346616135527,3.2854464054107666,42.56824493408203,0.8259029757197048,43.491085052490234,0.5827034115791321,9.386698722839355,54.17158889770508
Ko et. al (Etapas 3),Cylindrical Pores,0.5003449074074074,2611.109375,1.0,13.05306641723286,19.949937514490813,860406.9999999999,13644.351590113543,113.2106269426108,-1.8203346616135527,0.18388351798057556,43.025733947753906,0.8297173534315949,41.45729446411133,0.3698228895664215,5.754787921905518,52.844871520996094
Ko et. al (Etapas 3),Cylindrical Pores,0.5020642361111111,7878.5419921875,1.0,15.076982383923204,22.99999987979638,863194.0,12074.243043173183,83.26077340352518,-2.6757924807324907,21.224328994750977,28.078153610229492,0.9210639602579185,31.64938735961914,0.5949546098709106,4.751035213470459,52.31028366088867
Ko et. al (Etapas 3),Cylindrical Pores,0.5020642361111111,7878.5419921875,1.0,15.076982383923207,22.99999987979638,863194.0,12074.24304317318,83.26077340352518,-2.6757924807324907,20.56523323059082,29.211000442504883,0.903011466191475,33.76438522338867,0.2681735157966614,6.102296829223633,53.71715545654297
Ko et. al (Etapas 3),Cylindrical Pores,0.5020642361111111,7878.5419921875,1.0,15.076982383923205,22.99999987979638,863194.0,12074.243043173183,83.26077340352518,-2.6757924807324907,19.28236198425293,27.65680694580078,0.9057325130612258,33.09834289550781,0.6280917525291443,3.8682031631469727,52.03186798095703
Ko et. al (Etapas 3),Cylindrical Pores,0.5020642361111111,7878.541015625,1.0,15.076982383923207,22.99999987979638,863194.0,12074.24304317318,83.26077340352518,-2.6757924807324907,23.08591079711914,30.49608039855957,0.888525668659798,33.35234451293945,0.2964757978916168,6.507678508758545,52.44873809814453
Ko et. al (Etapas 3),Cylindrical Pores,0.498015625,9613.9091796875,1.0,14.546028104111569,17.093631962782727,853651.0,10935.635863729874,44.91155723673167,-0.7957747154594768,48.61655807495117,48.72268295288086,0.9463556730846637,26.433820724487305,0.514009416103363,6.124701499938965,51.52461242675781
Ko et. al (Etapas 3),Cylindrical Pores,0.498015625,9613.9091796875,1.0,14.546028104111555,17.093631962782727,853651.0,10935.635863729876,44.91155723673166,-0.7957747154594768,51.80236053466797,51.861419677734375,0.9460558924564397,27.898832321166992,0.5090857744216919,4.949615001678467,50.95187759399414
Ko et. al (Etapas 3),Cylindrical Pores,0.498015625,9613.9091796875,1.0,14.54602810411156,17.093631962782727,853651.0,10935.635863729874,44.91155723673167,-0.7957747154594768,52.37778091430664,52.088863372802734,0.9439557973697861,27.410001754760742,0.5508013963699341,3.960801601409912,52.659202575683594
Ko et. al (Etapas 3),Cylindrical Pores,0.498015625,9613.9091796875,1.0,14.546028104111562,17.093631962782727,853651.0,10935.635863729876,44.91155723673167,-0.7957747154594768,47.88957595825195,47.42644500732422,0.9477158977576867,27.04271697998047,0.48786795139312744,6.563243389129639,50.233741760253906
Ko et. al (Etapas 3),Cylindrical Pores,0.5057690972222222,1291.624267578125,1.0,15.343642298372066,21.21320425441067,865676.0,11540.019483431975,77.51176939396555,-3.3919897246460198,1.3007184267044067,35.70207977294922,0.9024257219330662,37.71350860595703,0.764007031917572,3.3035802841186523,62.60989761352539
Ko et. al (Etapas 3),Cylindrical Pores,0.5057690972222222,1291.6239013671875,1.0,15.343642298372062,21.21320425441067,865676.0,11540.019483431975,77.51176939396555,-3.3919897246460198,17.642236709594727,40.22417449951172,0.8301259098229573,38.85016632080078,1.0047813653945923,4.4189887046813965,64.17720031738281
Ko et. al (Etapas 3),Cylindrical Pores,0.5057690972222222,1291.6240234375,1.0,15.343642298372062,21.21320425441067,865676.0,11540.019483431975,77.51176939396555,-3.3919897246460198,5.5813751220703125,42.05804443359375,0.8426642931730736,39.21529006958008,0.8631938099861145,1.9975078105926514,63.717735290527344
Ko et. al (Etapas 3),Cylindrical Pores,0.5057690972222222,1291.624267578125,1.0,15.343642298372068,21.21320425441067,865676.0,11540.019483431975,77.51176939396555,-3.3919897246460198,11.195807456970215,36.16480255126953,0.867746156228626,39.388118743896484,0.9875626564025879,2.788015127182007,64.59307861328125
Ko et. al (Etapas 3),Cylindrical Pores,0.49599652777777775,2344.875732421875,1.0,15.212764400365772,21.540659039844954,848659.0,12220.634747093394,102.42136755515973,-1.0742958658702937,20.673315048217773,45.179893493652344,0.860471786529478,49.36360168457031,0.6535428166389465,11.159873008728027,61.74134063720703
Ko et. al (Etapas 3),Cylindrical Pores,0.49599652777777775,2344.875732421875,1.0,15.212764400365772,21.540659039844954,848659.0,12220.634747093396,102.42136755515973,-1.0742958658702937,19.750553131103516,48.79205322265625,0.8307747301134275,47.57774353027344,0.5724939107894897,6.365018367767334,61.31839370727539
Ko et. al (Etapas 3),Cylindrical Pores,0.49599652777777775,2344.875732421875,1.0,15.212764400365772,21.540659039844954,848659.0,12220.634747093394,102.42136755515972,-1.0742958658702937,24.563888549804688,51.03913497924805,0.8379019099544138,50.9759407043457,0.6319929957389832,10.944209098815918,62.709285736083984
Ko et. al (Etapas 3),Cylindrical Pores,0.49599652777777775,2344.875732421875,1.0,15.21276440036578,21.540659039844954,848659.0,12220.634747093396,102.4213675551597,-1.0742958658702937,25.016660690307617,44.431705474853516,0.8875457015826043,48.99924087524414,0.5857482552528381,8.83537483215332,62.110347747802734
Ko et. al (Etapas 3),Cylindrical Pores,0.5926770833333334,9632.8671875,1.0,12.929401707260364,21.236758912647247,1015184.9999999999,14961.60821064656,73.86432257223298,-3.5411974837946714,28.620145797729492,29.684017181396484,0.9560271797313017,24.689159393310547,0.5670706629753113,4.73569393157959,49.369815826416016
Ko et. al (Etapas 3),Cylindrical Pores,0.5926770833333334,9632.8671875,1.0,12.929401707260352,21.236758912647247,1015184.9999999999,14961.608210646556,73.864322572233,-3.5411974837946714,28.743776321411133,30.248628616333008,0.9560837807525909,23.67569351196289,0.4348369538784027,4.74884557723999,50.01616287231445
Ko et. al (Etapas 3),Cylindrical Pores,0.5926770833333334,9632.8671875,1.0,12.929401707260347,21.236758912647247,1015184.9999999999,14961.60821064656,73.86432257223298,-3.5411974837946714,30.041391372680664,31.40239715576172,0.9507161860288689,25.066612243652344,0.5915883779525757,5.264926433563232,50.40238571166992
Ko et. al (Etapas 3),Cylindrical Pores,0.5926770833333334,9632.8671875,1.0,12.929401707260357,21.236758912647247,1015184.9999999999,14961.608210646556,73.864322572233,-3.5411974837946714,31.801471710205078,33.49723434448242,0.9451697206312615,24.144472122192383,0.42404940724372864,4.3839898109436035,49.68804931640625
Ko et. al (Etapas 3),Cylindrical Pores,0.5841521990740741,7410.29541015625,1.0,13.309855881584866,17.92569873317342,1001978.0000000001,15122.491200826806,74.98987754962651,-5.03327507528119,38.541969299316406,41.00943374633789,0.9407581830301271,23.780550003051758,0.4086322784423828,2.963564872741699,48.553932189941406
Ko et. al (Etapas 3),Cylindrical Pores,0.5841521990740741,7410.29541015625,1.0,13.309855881584875,17.92569873317342,1001978.0000000001,15122.491200826806,74.98987754962651,-5.03327507528119,37.02681350708008,39.17304229736328,0.9468965899645825,22.816036224365234,0.3559351861476898,4.211381435394287,47.757938385009766
Ko et. al (Etapas 3),Cylindrical Pores,0.5841521990740741,7410.2958984375,1.0,13.309855881584879,17.92569873317342,1001978.0000000001,15122.491200826806,74.98987754962651,-5.03327507528119,38.362064361572266,39.80077362060547,0.9517543481971117,23.39036750793457,0.3928513526916504,4.962645053863525,48.810054779052734
Ko et. al (Etapas 3),Cylindrical Pores,0.5841521990740741,7410.29541015625,1.0,13.309855881584873,17.92569873317342,1001978.0000000001,15122.491200826806,74.98987754962651,-5.03327507528119,37.404544830322266,39.48979568481445,0.9445665989703651,22.559185028076172,0.36687248945236206,3.8507227897644043,46.45778274536133
Ko et. al (Etapas 3),Cylindrical Pores,0.5930769675925925,10607.12890625,1.0,15.167519176054176,21.6333084690837,1017062.9999999999,12738.93149772328,1.343988760483573e+17,-2.596215009186543,32.099300384521484,31.752954483032227,0.927086803458545,21.88136100769043,0.44247686862945557,6.996383190155029,47.75632095336914
Ko et. al (Etapas 3),Cylindrical Pores,0.5930769675925925,10607.1298828125,1.0,15.16751917605417,21.6333084690837,1017062.9999999999,12738.93149772328,1.343988760483573e+17,-2.596215009186543,31.696983337402344,31.3509521484375,0.9424558234751158,19.76999855041504,0.5490567684173584,5.578285217285156,47.62960433959961
Ko et. al (Etapas 3),Cylindrical Pores,0.5930769675925925,10607.12890625,1.0,15.167519176054169,21.6333084690837,1017062.9999999999,12738.931497723284,1.343988760483573e+17,-2.596215009186543,32.96916961669922,31.670307159423828,0.9424983796884765,21.059673309326172,0.4587401747703552,5.352287769317627,46.79592514038086
Ko et. al (Etapas 3),Cylindrical Pores,0.5930769675925925,10607.1298828125,1.0,15.167519176054169,21.6333084690837,1017062.9999999999,12738.93149772328,1.343988760483573e+17,-2.596215009186543,30.863500595092773,30.969579696655273,0.9345418814045314,20.31334114074707,0.5656821727752686,5.934776306152344,48.589874267578125
Ko et. al (Etapas 3),Cylindrical Pores,0.5866695601851852,13163.3916015625,1.0,14.74500980734474,18.895429006183026,1008070.9999999999,12605.19401583128,50.9448722594436,-1.8700705813297702,49.557350158691406,49.260009765625,0.9287692920255151,25.280324935913086,0.4809960424900055,2.8087518215179443,52.757415771484375
Ko et. al (Etapas 3),Cylindrical Pores,0.5866695601851852,13163.392578125,1.0,14.745009807344738,18.895429006183026,1008070.9999999999,12605.19401583128,50.9448722594436,-1.8700705813297702,51.020240783691406,51.200340270996094,0.9191619266555264,24.681005477905273,0.5042377710342407,1.20310378074646,51.36298370361328
Ko et. al (Etapas 3),Cylindrical Pores,0.5866695601851852,13163.3916015625,1.0,14.74500980734474,18.895429006183026,1008070.9999999999,12605.19401583128,50.9448722594436,-1.8700705813297702,50.484779357910156,50.85215377807617,0.9203231709433645,24.624176025390625,0.4932901859283447,2.280910015106201,51.92266845703125
Ko et. al (Etapas 3),Cylindrical Pores,0.5866695601851852,13163.3916015625,1.0,14.745009807344738,18.895429006183026,1008070.9999999999,12605.19401583128,50.9448722594436,-1.8700705813297702,50.54765701293945,50.46160125732422,0.924245061527332,24.680316925048828,0.4999244213104248,1.1102443933486938,51.17296600341797
Ko et. al (Etapas 3),Cylindrical Pores,0.5840133101851852,5871.72607421875,1.0,16.135093230468282,21.86213329922846,1003038.9999999999,12421.971581091999,56.88721010539568,-2.2878523069459957,0.3447279930114746,32.29615783691406,0.8257740478057113,36.53411865234375,0.6130252480506897,15.114031791687012,52.987709045410156
Ko et. al (Etapas 3),Cylindrical Pores,0.5840133101851852,5871.72607421875,1.0,16.135093230468282,21.86213329922846,1003038.9999999999,12421.971581091999,56.88721010539568,-2.2878523069459957,4.128056526184082,34.47639465332031,0.8036860389494468,33.875709533691406,0.37667879462242126,12.730260848999023,51.48530960083008
Ko et. al (Etapas 3),Cylindrical Pores,0.5840133101851852,5871.72607421875,1.0,16.135093230468282,21.86213329922846,1003038.9999999999,12421.971581091997,56.88721010539568,-2.2878523069459957,3.315607786178589,36.93157196044922,0.7948233401786081,35.81587219238281,0.5497535467147827,14.383106231689453,53.15092468261719
Ko et. al (Etapas 3),Cylindrical Pores,0.5840133101851852,5871.72607421875,1.0,16.13509323046828,21.86213329922846,1003038.9999999999,12421.971581091999,56.88721010539568,-2.2878523069459957,0.428583562374115,34.74113845825195,0.8229105767337781,35.78774642944336,0.335059255361557,12.23142147064209,51.501834869384766
Ko et. al (Etapas 3),Cylindrical Pores,0.6082760416666667,15012.3740234375,1.0,15.940680898559238,18.578294374362,1043968.0000000001,12302.399903746717,2.687977520967146e+17,-2.317693858775726,48.5537109375,47.88223648071289,0.8787920747263858,21.40433120727539,0.47454118728637695,2.0926167964935303,47.33230209350586
Ko et. al (Etapas 3),Cylindrical Pores,0.6082760416666667,15012.3740234375,1.0,15.940680898559227,18.578294374362,1043968.0000000001,12302.399903746715,2.687977520967146e+17,-2.317693858775726,45.757957458496094,44.86079788208008,0.8794123624548215,21.054250717163086,0.44522470235824585,2.2270233631134033,45.762149810791016
Ko et. al (Etapas 3),Cylindrical Pores,0.6082760416666667,15012.3740234375,1.0,15.940680898559226,18.578294374362,1043968.0000000001,12302.399903746717,2.687977520967146e+17,-2.317693858775726,46.74088668823242,46.0290641784668,0.9072618282703171,22.76078987121582,0.45064955949783325,3.0507559776306152,47.65367889404297
Ko et. al (Etapas 3),Cylindrical Pores,0.6082760416666667,15012.3740234375,1.0,15.940680898559224,18.578294374362,1043968.0000000001,12302.399903746715,2.687977520967146e+17,-2.317693858775726,46.35261154174805,45.52461624145508,0.8783146099946822,19.43887710571289,0.46122708916664124,0.42670872807502747,45.80326843261719
Ko et. al (Etapas 3),Cylindrical Pores,0.6910387731481481,12584.0146484375,1.0,12.269377047857423,18.627935614267468,1186963.0,16161.333277313079,1.182000246196809e+18,-6.604930138313658,32.10066223144531,32.813926696777344,0.9225361451992351,15.808889389038086,0.3155871331691742,2.7707290649414062,38.06448745727539
Ko et. al (Etapas 3),Cylindrical Pores,0.6910387731481481,12584.0146484375,1.0,12.269377047857418,18.627935614267468,1186963.0,16161.333277313082,1.182000246196809e+18,-6.604930138313658,33.32923126220703,34.29191589355469,0.9117743614155411,14.908219337463379,0.3184552788734436,2.176959753036499,38.66177749633789
Ko et. al (Etapas 3),Cylindrical Pores,0.6910387731481481,12584.0146484375,1.0,12.269377047857411,18.627935614267468,1186963.0,16161.333277313079,1.182000246196809e+18,-6.604930138313658,32.769466400146484,33.73772048950195,0.9087660189793922,14.922383308410645,0.31731608510017395,2.927748680114746,38.10836410522461
Ko et. al (Etapas 3),Cylindrical Pores,0.6910387731481481,12584.0146484375,1.0,12.269377047857422,18.627935614267468,1186963.0,16161.333277313082,1.182000246196809e+18,-6.604930138313658,32.800514221191406,33.972164154052734,0.925660555282481,15.400267601013184,0.3107302486896515,2.509702205657959,38.06760787963867
Ko et. al (Etapas 3),Cylindrical Pores,0.6821805555555556,9541.3740234375,1.0,12.172777815762604,17.492854138527438,1172216.0,16816.94688152841,4.223404376930679e+17,-6.137412492981214,38.539268493652344,38.57123565673828,0.93893682556548,19.62875747680664,0.44074228405952454,3.905214309692383,40.59102249145508
Ko et. al (Etapas 3),Cylindrical Pores,0.6821805555555556,9541.3740234375,1.0,12.172777815762602,17.492854138527438,1172216.0,16816.946881528405,4.223404376930679e+17,-6.137412492981214,38.36312484741211,38.249473571777344,0.9415888009901997,19.72826385498047,0.3970978260040283,3.8222310543060303,40.88656997680664
Ko et. al (Etapas 3),Cylindrical Pores,0.6821805555555556,9541.375,1.0,12.172777815762608,17.492854138527438,1172216.0,16816.946881528405,4.223404376930679e+17,-6.137412492981214,36.9818229675293,37.36076736450195,0.945322450330321,18.976747512817383,0.4380549490451813,3.7224106788635254,40.66981887817383
Ko et. al (Etapas 3),Cylindrical Pores,0.6821805555555556,9541.3740234375,1.0,12.172777815762599,17.492854138527438,1172216.0,16816.946881528405,4.223404376930679e+17,-6.137412492981214,37.55342483520508,38.07071304321289,0.9445740996598151,19.911638259887695,0.4122054874897003,3.3737847805023193,41.62936019897461
Ko et. al (Etapas 3),Cylindrical Pores,0.6891070601851852,13333.671875,1.0,13.632796001662593,17.354275052484624,1181586.0,15120.886670299808,8.885135895171128e+17,-6.644718874086631,39.31541061401367,40.21690368652344,0.9435844819838763,16.471874237060547,0.40882954001426697,2.084076166152954,41.758689880371094
Ko et. al (Etapas 3),Cylindrical Pores,0.6891070601851852,13333.671875,1.0,13.632796001662602,17.354275052484624,1181586.0,15120.886670299808,8.885135895171128e+17,-6.644718874086631,37.336341857910156,38.85105895996094,0.924514997011851,15.730535507202148,0.389541894197464,1.9928491115570068,40.37282943725586
Ko et. al (Etapas 3),Cylindrical Pores,0.6891070601851852,13333.671875,1.0,13.632796001662589,17.354275052484624,1181586.0,15120.886670299808,8.089696992014432e+17,-6.644718874086631,37.00245666503906,38.315433502197266,0.9335802181341798,16.840660095214844,0.38918808102607727,2.899075508117676,41.81454086303711
Ko et. al (Etapas 3),Cylindrical Pores,0.6891070601851852,13333.671875,1.0,13.632796001662598,17.354275052484624,1181586.0,15120.886670299808,8.089696992014432e+17,-6.644718874086631,38.395423889160156,39.61077117919922,0.9345967900528405,15.228072166442871,0.383843332529068,1.3069382905960083,39.17591857910156
Ko et. al (Etapas 3),Cylindrical Pores,0.6861111111111111,15385.6435546875,1.0,14.008170067782965,21.49418233004674,1179698.0,14716.589820958792,4.223404376930679e+17,-4.128081336446035,32.16977310180664,32.405113220214844,0.9720431509128609,14.931086540222168,0.403493732213974,0.7467169165611267,40.067848205566406
Ko et. al (Etapas 3),Cylindrical Pores,0.6861111111111111,15385.6416015625,1.0,14.008170067782965,21.49418233004674,1179698.0,14716.589820958792,4.223404376930679e+17,-4.128081336446035,31.59742546081543,31.768564224243164,0.9732704321001117,14.365772247314453,0.3550494611263275,0.02033187262713909,40.356815338134766
Ko et. al (Etapas 3),Cylindrical Pores,0.6861111111111111,15385.640625,1.0,14.008170067782967,21.49418233004674,1179698.0,14716.589820958796,4.223404376930679e+17,-4.128081336446035,31.000247955322266,30.979963302612305,0.9751067233505135,14.727508544921875,0.40997952222824097,2.325122833251953,41.368228912353516
Ko et. al (Etapas 3),Cylindrical Pores,0.6861111111111111,15385.6435546875,1.0,14.008170067782965,21.49418233004674,1179698.0,14716.589820958792,4.223404376930679e+17,-4.128081336446035,30.711095809936523,30.68855857849121,0.9701486745107627,14.709811210632324,0.35587039589881897,2.8937926292419434,41.297969818115234
Ko et. al (Etapas 3),Cylindrical Pores,0.682625,16394.57421875,1.0,15.019937979882437,21.748564472091978,1171851.0,13423.449047542672,4.223404376930679e+17,-4.22755317587847,36.95368194580078,38.36302947998047,0.938855172411541,17.769662857055664,0.3055996596813202,9.207530975341797,44.11408996582031
Ko et. al (Etapas 3),Cylindrical Pores,0.682625,16394.57421875,1.0,15.019937979882437,21.748564472091978,1171851.0,13423.449047542668,4.223404376930679e+17,-4.22755317587847,38.13737106323242,39.86937713623047,0.9314760987933208,18.312135696411133,0.39220836758613586,9.019928932189941,45.340728759765625
Ko et. al (Etapas 3),Cylindrical Pores,0.682625,16394.57421875,1.0,15.019937979882432,21.748564472091978,1171851.0,13423.449047542668,4.223404376930679e+17,-4.22755317587847,35.461143493652344,36.662872314453125,0.937523504242664,18.06765365600586,0.29205748438835144,9.365041732788086,45.19491195678711
Ko et. al (Etapas 3),Cylindrical Pores,0.682625,16394.57421875,1.0,15.019937979882437,21.748564472091978,1171851.0,13423.449047542668,4.223404376930679e+17,-4.22755317587847,32.1352653503418,33.96967697143555,0.9348208228386073,18.907146453857422,0.3714538514614105,10.353593826293945,45.67967224121094
Ko et. al (Etapas 3),Cylindrical Pores,0.6850908564814815,16461.603515625,1.0,15.45440721659395,21.6333084690837,1174260.0,13761.761399586863,3.455690948948913e+17,-4.446391222629826,34.70026779174805,34.474205017089844,0.9441741635007389,16.19400405883789,0.4391780197620392,3.4106643199920654,46.5466423034668
Ko et. al (Etapas 3),Cylindrical Pores,0.6850908564814815,16461.603515625,1.0,15.45440721659395,21.6333084690837,1174260.0,13761.761399586863,3.455690948948913e+17,-4.446391222629826,34.227630615234375,33.93528366088867,0.9446227595338834,16.766178131103516,0.4147402048110962,3.87809681892395,47.502933502197266
Ko et. al (Etapas 3),Cylindrical Pores,0.6850908564814815,16461.6015625,1.0,15.45440721659395,21.6333084690837,1174260.0,13761.761399586863,3.455690948948913e+17,-4.446391222629826,34.062843322753906,34.093170166015625,0.9537427791753805,15.894577980041504,0.4477301239967346,3.1761727333068848,45.513004302978516
Ko et. al (Etapas 3),Cylindrical Pores,0.6850908564814815,16461.603515625,1.0,15.454407216593951,21.6333084690837,1174260.0,13761.761399586861,3.455690948948913e+17,-4.446391222629826,35.61426544189453,35.61719512939453,0.9492735663699007,15.818391799926758,0.4377242922782898,3.3437318801879883,46.785926818847656
Ko et. al (Etapas 3),Cylindrical Grains,0.6724357638888889,6174.43603515625,1.0,9.854173800972575,20.61552698012249,1151209.0,22359.13819434601,1.182000246196809e+18,-30.448330050268233,14.290966033935547,17.18227195739746,0.9792120667365394,12.643553733825684,0.34719204902648926,1.3357023000717163,38.42740249633789
Ko et. al (Etapas 3),Cylindrical Grains,0.6724357638888889,6174.4345703125,1.0,9.85417380097257,20.61552698012249,1151209.0,22359.138194346007,1.182000246196809e+18,-30.448330050268233,12.184478759765625,16.69852638244629,0.9752795054683632,12.894930839538574,0.3454146683216095,0.9274580478668213,39.85239791870117
Ko et. al (Etapas 3),Cylindrical Grains,0.6724357638888889,6174.43505859375,1.0,9.854173800972568,20.61552698012249,1151209.0,22359.13819434601,1.182000246196809e+18,-30.448330050268233,13.509293556213379,17.387279510498047,0.9747982967285989,12.666765213012695,0.3392448127269745,0.9763834476470947,39.40847396850586
Ko et. al (Etapas 3),Cylindrical Grains,0.6724357638888889,6174.43603515625,1.0,9.854173800972568,20.61552698012249,1151209.0,22359.138194346007,1.182000246196809e+18,-30.448330050268233,15.278395652770996,19.01551628112793,0.9748334409072692,12.935758590698242,0.35787761211395264,2.029107093811035,40.22185134887695
Ko et. al (Etapas 3),Cylindrical Grains,0.6755491898148148,6217.45751953125,1.0,10.296800344838445,21.21320425441067,1156601.0,21691.571974329672,1.182000246196809e+18,-15.905547125246292,21.60680389404297,23.681543350219727,0.9757822591572518,12.914385795593262,0.3366214632987976,2.205083131790161,38.76065444946289
Ko et. al (Etapas 3),Cylindrical Grains,0.6755491898148148,6217.45654296875,1.0,10.296800344838447,21.21320425441067,1156601.0,21691.57197432967,1.182000246196809e+18,-15.905547125246292,23.728973388671875,26.305639266967773,0.9755826567071437,13.553574562072754,0.47605305910110474,3.3394434452056885,41.47406768798828
Ko et. al (Etapas 3),Cylindrical Grains,0.6755491898148148,6217.45654296875,1.0,10.296800344838454,21.21320425441067,1156601.0,21691.571974329672,1.182000246196809e+18,-15.905547125246292,24.115528106689453,25.3559513092041,0.9780769117120739,12.804101943969727,0.3643510937690735,2.597198724746704,37.96942901611328
Ko et. al (Etapas 3),Cylindrical Grains,0.6755491898148148,6217.45654296875,1.0,10.296800344838456,21.21320425441067,1156601.0,21691.57197432967,1.182000246196809e+18,-15.905547125246292,21.673566818237305,23.561386108398438,0.9784763785616905,13.549168586730957,0.4659900367259979,2.65519642829895,41.15149688720703
Ko et. al (Etapas 3),Cylindrical Grains,0.5713883101851852,3566.979248046875,1.0,9.424435506002744,21.30727580025884,977741.0,20441.50316151305,4.470293422760496e+17,-12.16540596258675,37.74348068237305,43.234886169433594,0.9328203402070494,16.309188842773438,0.6283466815948486,3.1401596069335938,43.0600471496582
Ko et. al (Etapas 3),Cylindrical Grains,0.5713883101851852,3566.979248046875,1.0,9.424435506002744,21.30727580025884,977741.0,20441.503161513047,4.470293422760496e+17,-12.16540596258675,32.58730697631836,40.000274658203125,0.9375792073268143,17.427146911621094,0.4640039801597595,4.089940547943115,46.22453308105469
Ko et. al (Etapas 3),Cylindrical Grains,0.5713883101851852,3566.979736328125,1.0,9.424435506002755,21.30727580025884,977741.0,20441.503161513047,3.6748545196038e+17,-12.16540596258675,35.59165573120117,40.418338775634766,0.9450545741270985,16.758419036865234,0.6203773617744446,3.010687828063965,43.06098556518555
Ko et. al (Etapas 3),Cylindrical Grains,0.5713883101851852,3566.979248046875,1.0,9.424435506002743,21.30727580025884,977741.0,20441.503161513047,3.6748545196038e+17,-12.16540596258675,35.65767288208008,41.33915328979492,0.935656282604525,17.51016616821289,0.4917689263820648,4.090604305267334,46.25856399536133
Ko et. al (Etapas 3),Cylindrical Grains,0.571254050925926,3925.373779296875,1.0,8.839997712003091,18.000000106278666,977086.0,21426.240468726908,1.182000246196809e+18,-18.74049454907068,12.86785888671875,18.71003532409668,0.9495784430179443,16.146574020385742,0.3253692090511322,4.837044715881348,44.43122863769531
Ko et. al (Etapas 3),Cylindrical Grains,0.571254050925926,3925.373779296875,1.0,8.8399977120031,18.000000106278666,977086.0,21426.2404687269,1.182000246196809e+18,-18.74049454907068,11.692022323608398,17.669963836669922,0.9554587065426103,16.04171371459961,0.2838071286678314,3.0654494762420654,44.330692291259766
Ko et. al (Etapas 3),Cylindrical Grains,0.571254050925926,3925.373779296875,1.0,8.839997712003097,18.000000106278666,977086.0,21426.2404687269,1.182000246196809e+18,-18.74049454907068,11.009042739868164,16.592113494873047,0.9585497501005744,15.584857940673828,0.33526816964149475,3.4747817516326904,43.23519515991211
Ko et. al (Etapas 3),Cylindrical Grains,0.571254050925926,3925.37353515625,1.0,8.839997712003093,18.000000106278666,977086.0,21426.2404687269,1.182000246196809e+18,-18.74049454907068,10.424698829650879,17.812545776367188,0.9489225404860478,16.083314895629883,0.2840079665184021,3.958621025085449,44.5544319152832
Ko et. al (Etapas 3),Cylindrical Grains,0.5692251157407408,4740.916015625,1.0,12.007185589472714,21.283794824634345,973551.0,16252.643814373483,5.814282183244069e+17,-5.759419503137963,5.296700954437256,34.96224594116211,0.7739589355615966,17.752731323242188,0.3118053674697876,7.1883111000061035,51.85871505737305
Ko et. al (Etapas 3),Cylindrical Grains,0.5692251157407408,4740.9169921875,1.0,12.007185589472714,21.283794824634345,973551.0,16252.643814373483,5.814282183244065e+17,-5.759419503137963,2.8630356788635254,31.618412017822266,0.8601139113038484,16.016807556152344,0.378705769777298,4.731288433074951,50.58358383178711
Ko et. al (Etapas 3),Cylindrical Grains,0.5692251157407408,4740.9169921875,1.0,12.00718558947271,21.283794824634345,973551.0,16252.643814373483,5.814282183244069e+17,-5.759419503137963,3.2708966732025146,35.6479606628418,0.7941421008942734,17.596553802490234,0.34036123752593994,7.170472621917725,51.74213790893555
Ko et. al (Etapas 3),Cylindrical Grains,0.5692251157407408,4740.91650390625,1.0,12.007185589472714,21.283794824634345,973551.0,16252.643814373485,5.814282183244065e+17,-5.759419503137963,0.5067192316055298,35.094120025634766,0.8276350961685536,16.850984573364258,0.42820051312446594,4.910648822784424,50.653987884521484
Ko et. al (Etapas 3),Cylindrical Grains,0.5636527777777778,7475.20654296875,1.0,12.048918000374147,18.598288339130452,963629.0,15766.169458289794,5.018843280087374e+17,-3.6108277713973758,20.506256103515625,22.021499633789062,0.9432145416965062,15.610828399658203,0.36163464188575745,1.457248568534851,44.00257873535156
Ko et. al (Etapas 3),Cylindrical Grains,0.5636527777777778,7475.2060546875,1.0,12.04891800037416,18.598288339130452,963629.0,15766.16945828979,5.018843280087374e+17,-3.6108277713973758,22.717296600341797,24.416046142578125,0.9345557728762359,16.535667419433594,0.26009804010391235,2.354461193084717,44.43869400024414
Ko et. al (Etapas 3),Cylindrical Grains,0.5636527777777778,7475.20654296875,1.0,12.048918000374155,18.598288339130452,963629.0,15766.169458289794,5.018843280087374e+17,-3.6108277713973758,19.626346588134766,21.213594436645508,0.9496035184415554,15.439332008361816,0.3549649715423584,1.9478859901428223,44.37590408325195
Ko et. al (Etapas 3),Cylindrical Grains,0.5636527777777778,7475.20654296875,1.0,12.048918000374158,18.598288339130452,963629.0,15766.169458289794,5.018843280087374e+17,-3.6108277713973758,22.90939712524414,24.25899887084961,0.9475630198101327,16.9735107421875,0.27023088932037354,2.8396594524383545,45.041751861572266
Ko et. al (Etapas 3),Cylindrical Grains,0.4766695601851852,3799.62158203125,1.0,11.514189258668102,21.283794824634345,816328.0,15495.870276971484,100.19440805003602,-0.1989436788648692,2.5133399963378906,36.16801834106445,0.8674783551652457,24.97353172302246,0.7033910751342773,14.579507827758789,52.60176086425781
Ko et. al (Etapas 3),Cylindrical Grains,0.4766695601851852,3799.62158203125,1.0,11.51418925866811,21.283794824634345,816328.0,15495.870276971482,100.19440805003602,-0.1989436788648692,0.8310229182243347,32.39019012451172,0.8905212139176353,25.7706356048584,0.36972811818122864,14.0797119140625,52.92490768432617
Ko et. al (Etapas 3),Cylindrical Grains,0.4766695601851852,3799.62158203125,1.0,11.514189258668106,21.283794824634345,816328.0,15495.870276971482,100.19440805003603,-0.1989436788648692,3.0050718784332275,28.26962661743164,0.914487805575769,23.190271377563477,0.6807899475097656,13.275618553161621,51.29283142089844
Ko et. al (Etapas 3),Cylindrical Grains,0.4766695601851852,3799.62158203125,1.0,11.514189258668106,21.283794824634345,816328.0,15495.870276971482,100.19440805003603,-0.1989436788648692,0.5364474654197693,35.285919189453125,0.8734391244072737,24.155197143554688,0.3551976978778839,13.69495964050293,52.2427864074707
Ko et. al (Etapas 3),Cylindrical Grains,0.47427893518518516,3485.41650390625,1.0,10.50205208981197,19.209372945953984,811832.0,16328.6880005832,84.9108517100341,-9.509507849740746,5.469094276428223,21.544654846191406,0.9417643568195703,22.58812141418457,0.4366813004016876,7.843993663787842,49.835269927978516
Ko et. al (Etapas 3),Cylindrical Grains,0.47427893518518516,3485.41650390625,1.0,10.502052089811965,19.209372945953984,811832.0,16328.688000583197,84.91085171003405,-9.509507849740746,9.6332368850708,23.42744255065918,0.9361947570474571,25.077152252197266,0.55284583568573,8.65762710571289,52.896034240722656
Ko et. al (Etapas 3),Cylindrical Grains,0.47427893518518516,3485.41650390625,1.0,10.502052089811967,19.209372945953984,811832.0,16328.688000583197,84.91085171003407,-9.509507849740746,5.9007792472839355,19.617984771728516,0.9553519291105678,22.579727172851562,0.40428298711776733,7.202602863311768,49.474674224853516
Ko et. al (Etapas 3),Cylindrical Grains,0.47427893518518516,3485.41650390625,1.0,10.502052089811972,19.209372945953984,811832.0,16328.6880005832,84.91085171003405,-9.509507849740746,6.743539333343506,21.535898208618164,0.9445987037275372,24.68770980834961,0.5999554991722107,8.958198547363281,53.23307418823242
Ko et. al (Etapas 3),Cylindrical Grains,0.4791828703703704,6613.8447265625,1.0,11.842809616301743,20.73643977602807,819534.0,14562.412947297365,65.04743800098673,1.8203346616135527,28.53607940673828,31.582914352416992,0.9536035118958015,19.571611404418945,0.4625203609466553,4.713717460632324,52.849403381347656
Ko et. al (Etapas 3),Cylindrical Grains,0.4791828703703704,6613.8447265625,1.0,11.84280961630175,20.73643977602807,819534.0,14562.412947297365,65.04743800098673,1.8203346616135527,26.380691528320312,28.051231384277344,0.971966522596526,17.86030387878418,0.6068642735481262,2.055663824081421,47.49068069458008
Ko et. al (Etapas 3),Cylindrical Grains,0.4791828703703704,6613.8447265625,1.0,11.842809616301746,20.73643977602807,819534.0,14562.412947297365,65.04743800098674,1.8203346616135527,28.880329132080078,31.138341903686523,0.9662947020786934,20.137300491333008,0.45086541771888733,4.370413303375244,52.97317123413086
Ko et. al (Etapas 3),Cylindrical Grains,0.4791828703703704,6613.8447265625,1.0,11.842809616301752,20.73643977602807,819534.0,14562.412947297365,65.04743800098673,1.8203346616135527,25.95486068725586,27.610536575317383,0.971630566383629,18.097187042236328,0.6023929715156555,3.115572690963745,48.40998458862305
Ko et. al (Etapas 3),Cylindrical Grains,0.45995717592592594,5898.19287109375,1.0,12.021030367683379,25.019992610191455,785797.0,14182.47273171889,107.8282336070161,-4.307130647424418,7.7157673835754395,24.157861709594727,0.9484035545579516,24.343103408813477,0.7852720618247986,6.506940841674805,57.90360641479492
Ko et. al (Etapas 3),Cylindrical Grains,0.45995717592592594,5898.19287109375,1.0,12.021030367683382,25.019992610191455,785797.0,14182.472731718894,107.8282336070161,-4.307130647424418,2.2131969928741455,20.669191360473633,0.9646282988622938,21.81713104248047,0.7224424481391907,4.620835304260254,55.137821197509766
Ko et. al (Etapas 3),Cylindrical Grains,0.45995717592592594,5898.19287109375,1.0,12.021030367683379,25.019992610191455,785797.0,14182.472731718894,107.8282336070161,-4.307130647424418,3.306666851043701,24.321796417236328,0.9491842007519928,23.715991973876953,0.8345356583595276,6.826526641845703,58.149505615234375
Ko et. al (Etapas 3),Cylindrical Grains,0.45995717592592594,5898.19287109375,1.0,12.021030367683379,25.019992610191455,785797.0,14182.472731718894,107.8282336070161,-4.307130647424418,3.1389191150665283,25.088998794555664,0.9502662936367524,21.542457580566406,0.7218664288520813,3.904330015182495,54.506019592285156
Ko et. al (Etapas 3),Cylindrical Grains,0.46736631944444446,4704.11572265625,1.0,12.807191502656734,24.768850296176044,800114.0,13110.204501415827,55.642924795278795,0.9250881067216417,41.63666915893555,49.82085037231445,0.9374242419272097,18.157024383544922,0.8129792809486389,1.1603105068206787,52.37369918823242
Ko et. al (Etapas 3),Cylindrical Grains,0.46736631944444446,4704.11572265625,1.0,12.807191502656746,24.768850296176044,800114.0,13110.204501415825,55.64292479527878,0.9250881067216417,38.63521957397461,46.06613540649414,0.9328330904032314,19.127647399902344,1.0347480773925781,3.436229705810547,57.64252853393555
Ko et. al (Etapas 3),Cylindrical Grains,0.46736631944444446,4704.115234375,1.0,12.807191502656734,24.768850296176044,800114.0,13110.204501415827,55.64292479527878,0.9250881067216417,40.56048583984375,51.60677719116211,0.9186389915752791,19.29729461669922,0.7967435717582703,2.153703212738037,53.227622985839844
Ko et. al (Etapas 3),Cylindrical Grains,0.46736631944444446,4704.1162109375,1.0,12.80719150265674,24.768850296176044,800114.0,13110.204501415825,55.64292479527877,0.9250881067216417,38.12633514404297,47.5975341796875,0.9395017698082744,19.125545501708984,1.0740536451339722,3.070586919784546,57.02724838256836
Ko et. al (Etapas 3),Cylindrical Grains,0.48135185185185186,5547.81787109375,1.0,13.159669016774968,25.389664176442224,819996.0,13137.297122241438,45.63780742972553,-2.258010755116265,40.983272552490234,40.42366409301758,0.9310581365569294,16.890398025512695,0.6974736452102661,3.2574002742767334,53.66728591918945
Ko et. al (Etapas 3),Cylindrical Grains,0.48135185185185186,5547.81787109375,1.0,13.159669016774968,25.389664176442224,819996.0,13137.297122241438,45.63780742972553,-2.258010755116265,46.274940490722656,48.068668365478516,0.9347569341116271,15.255059242248535,0.6903290748596191,1.8669025897979736,52.786041259765625
Ko et. al (Etapas 3),Cylindrical Grains,0.48135185185185186,5547.81787109375,1.0,13.159669016774966,25.389664176442224,819996.0,13137.297122241438,45.63780742972553,-2.258010755116265,44.59941101074219,44.43799591064453,0.9335025448840524,17.07926368713379,0.7141790390014648,3.8627142906188965,55.61529541015625
Ko et. al (Etapas 3),Cylindrical Grains,0.48135185185185186,5547.81787109375,1.0,13.159669016774965,25.389664176442224,819996.0,13137.297122241438,45.637807429725534,-2.258010755116265,44.52077865600586,44.42945861816406,0.9176218342226943,15.031975746154785,0.6904305815696716,0.4170856475830078,51.67903137207031
Ko et. al (Etapas 3),Cylindrical Grains,0.3818009259259259,2087.531982421875,1.0,8.865733330766227,16.353529304278123,652455.0,16629.011945150767,174.83858089423458,-10.792694578419153,16.927846908569336,24.60521125793457,0.9350947309990926,24.90377426147461,0.32596415281295776,5.195284843444824,53.04985427856445
Ko et. al (Etapas 3),Cylindrical Grains,0.3818009259259259,2087.531982421875,1.0,8.865733330766227,16.353529304278123,652455.0,16629.011945150767,174.83858089423458,-10.792694578419153,13.737565040588379,21.458402633666992,0.9303322052260538,26.958505630493164,0.659742534160614,7.927491188049316,55.952964782714844
Ko et. al (Etapas 3),Cylindrical Grains,0.3818009259259259,2087.531982421875,1.0,8.865733330766233,16.353529304278123,652455.0,16629.011945150767,174.83858089423458,-10.792694578419153,12.242430686950684,19.834428787231445,0.9398745775092054,24.11302947998047,0.3380661904811859,3.4127166271209717,52.777099609375
Ko et. al (Etapas 3),Cylindrical Grains,0.3818009259259259,2087.531982421875,1.0,8.865733330766233,16.353529304278123,652455.0,16629.01194515077,174.83858089423455,-10.792694578419153,17.355947494506836,22.069608688354492,0.9376142836435637,26.832809448242188,0.6446971297264099,6.133999824523926,55.32840347290039
Ko et. al (Etapas 3),Cylindrical Grains,0.37294212962962964,1539.101806640625,1.0,9.709409055768496,19.64520189258895,638458.0,15593.72772699009,197.74617553171026,-2.3574825945486997,7.393929958343506,29.55510139465332,0.9214659646279018,28.342374801635742,0.6874470710754395,1.7188875675201416,54.75094223022461
Ko et. al (Etapas 3),Cylindrical Grains,0.37294212962962964,1539.101806640625,1.0,9.709409055768491,19.64520189258895,638458.0,15593.72772699009,197.74617553171026,-2.3574825945486997,1.9596779346466064,33.692604064941406,0.8818017261892073,30.58001708984375,0.6877507567405701,12.631661415100098,59.266029357910156
Ko et. al (Etapas 3),Cylindrical Grains,0.37294212962962964,1539.101806640625,1.0,9.709409055768495,19.64520189258895,638458.0,15593.72772699009,197.74617553171024,-2.3574825945486997,1.6997877359390259,29.957271575927734,0.9150517983138481,27.558128356933594,0.6024628281593323,0.44177019596099854,55.58557891845703
Ko et. al (Etapas 3),Cylindrical Grains,0.37294212962962964,1539.101806640625,1.0,9.709409055768495,19.64520189258895,638458.0,15593.72772699009,197.7461755317103,-2.3574825945486997,9.039945602416992,33.956573486328125,0.8751426281535366,32.13374710083008,0.6671712398529053,9.926041603088379,58.91939163208008
Ko et. al (Etapas 3),Cylindrical Grains,0.3675329861111111,1716.0120849609375,1.0,10.205103233491906,20.02498519339294,625700.0,13328.04446236021,100.29996355808537,-3.1532573100081764,4.787843227386475,28.287616729736328,0.9176099253385309,26.617483139038086,0.6089640259742737,7.527810573577881,54.15495681762695
Ko et. al (Etapas 3),Cylindrical Grains,0.3675329861111111,1716.0118408203125,1.0,10.205103233491906,20.02498519339294,625700.0,13328.04446236021,100.29996355808537,-3.1532573100081764,3.869840383529663,27.565309524536133,0.9154990480688662,28.603939056396484,0.5474766492843628,10.780586242675781,59.177223205566406
Ko et. al (Etapas 3),Cylindrical Grains,0.3675329861111111,1716.01171875,1.0,10.20510323349191,20.02498519339294,625700.0,13328.04446236021,100.29996355808537,-3.1532573100081764,8.608365058898926,26.089319229125977,0.930038801838623,27.458410263061523,0.6449620127677917,8.856831550598145,54.644805908203125
Ko et. al (Etapas 3),Cylindrical Grains,0.3675329861111111,1716.0118408203125,1.0,10.205103233491908,20.02498519339294,625700.0,13328.04446236021,100.29996355808534,-3.1532573100081764,2.7738656997680664,30.80890655517578,0.8936691174824339,28.197509765625,0.5441375970840454,10.487996101379395,57.24081039428711
Ko et. al (Etapas 3),Cylindrical Grains,0.371078125,2377.081298828125,1.0,10.562979878347248,22.022713628151806,634043.0,13017.46385408288,99.40943796665267,-1.760651557954092,13.572028160095215,26.564777374267578,0.9155999125331732,22.516708374023438,0.5916738510131836,3.528118133544922,53.35292434692383
Ko et. al (Etapas 3),Cylindrical Grains,0.371078125,2377.081298828125,1.0,10.562979878347246,22.022713628151806,634043.0,13017.463854082876,99.40943796665269,-1.760651557954092,9.12142562866211,21.785531997680664,0.9573229897799329,22.28240394592285,0.43923425674438477,1.6932849884033203,53.27875900268555
Ko et. al (Etapas 3),Cylindrical Grains,0.371078125,2377.0810546875,1.0,10.562979878347246,22.022713628151806,634043.0,13017.46385408288,99.40943796665267,-1.760651557954092,10.034663200378418,23.354726791381836,0.941534464842875,22.73721694946289,0.6202616095542908,5.306028366088867,52.701942443847656
Ko et. al (Etapas 3),Cylindrical Grains,0.371078125,2377.081298828125,1.0,10.562979878347246,22.022713628151806,634043.0,13017.463854082876,99.40943796665267,-1.760651557954092,11.098773956298828,23.034027099609375,0.9479347812700335,22.203947067260742,0.44274577498435974,1.5446836948394775,54.56499099731445
Ko et. al (Etapas 3),Cylindrical Grains,0.37826157407407407,3022.721435546875,1.0,11.514662897975231,19.72308307144342,643998.0,12218.595286385205,93.8152093504568,0.7062500599702856,24.07810401916504,29.00081443786621,0.904021832106606,31.04986000061035,0.2311698943376541,9.376452445983887,54.051692962646484
Ko et. al (Etapas 3),Cylindrical Grains,0.37826157407407407,3022.7216796875,1.0,11.514662897975228,19.72308307144342,643998.0,12218.595286385205,93.8152093504568,0.7062500599702856,30.924680709838867,34.889198303222656,0.9229204719025436,33.98434066772461,0.6591264009475708,13.290700912475586,58.90621566772461
Ko et. al (Etapas 3),Cylindrical Grains,0.37826157407407407,3022.720947265625,1.0,11.514662897975235,19.72308307144342,643998.0,12218.595286385205,93.8152093504568,0.7062500599702856,26.588380813598633,31.70991325378418,0.9068765256219308,32.16986083984375,0.28738704323768616,7.7552170753479,54.134002685546875
Ko et. al (Etapas 3),Cylindrical Grains,0.37826157407407407,3022.720947265625,1.0,11.51466289797523,19.72308307144342,643998.0,12218.595286385205,93.81520935045681,0.7062500599702856,28.44602394104004,35.18598556518555,0.8887649619424192,32.84142303466797,0.6568516492843628,14.598901748657227,58.45218276977539
Ko et. al (Etapas 3),Cylindrical Grains,0.37449652777777775,2706.671142578125,1.0,12.61512086674632,21.86213329922846,639187.0,11631.940518705245,111.42819389906646,5.2123243862595725,16.00482177734375,38.4227294921875,0.9053631371379308,29.618927001953125,0.9414055943489075,9.508841514587402,56.98299789428711
Ko et. al (Etapas 3),Cylindrical Grains,0.37449652777777775,2706.671142578125,1.0,12.615120866746313,21.86213329922846,639187.0,11631.940518705243,111.42819389906641,5.2123243862595725,13.431600570678711,36.8542366027832,0.9165274592361865,28.89881706237793,0.7921563982963562,9.426653861999512,61.62773513793945
Ko et. al (Etapas 3),Cylindrical Grains,0.37449652777777775,2706.671142578125,1.0,12.615120866746318,21.86213329922846,639187.0,11631.940518705245,111.42819389906641,5.2123243862595725,14.522750854492188,34.51188278198242,0.9067362509108794,25.348731994628906,0.9121164083480835,8.195408821105957,56.80910110473633
Ko et. al (Etapas 3),Cylindrical Grains,0.37449652777777775,2706.671142578125,1.0,12.615120866746317,21.86213329922846,639187.0,11631.940518705243,111.42819389906641,5.2123243862595725,18.25339126586914,41.53459167480469,0.8876742095956894,30.571683883666992,0.7446057200431824,9.022393226623535,60.27833938598633
Ko et. al (Etapas 3),Cylindrical Grains,0.2755179398148148,654.7216796875,1.0,7.790301353064061,18.000000106278666,471508.0,13968.594103255955,207.12236874680673,-7.33107456617043,27.90609359741211,53.809818267822266,0.8498033652603753,34.71579360961914,1.1343227624893188,7.544691562652588,55.584808349609375
Ko et. al (Etapas 3),Cylindrical Grains,0.2755179398148148,654.7216796875,1.0,7.790301353064065,18.000000106278666,471508.0,13968.594103255951,207.12236874680673,-7.33107456617043,26.5601863861084,50.94938659667969,0.8342768000118791,36.021751403808594,0.9879428744316101,8.109527587890625,59.869049072265625
Ko et. al (Etapas 3),Cylindrical Grains,0.2755179398148148,654.7216796875,1.0,7.790301353064065,18.000000106278666,471508.0,13968.594103255951,207.12236874680667,-7.33107456617043,29.862258911132812,53.64094161987305,0.8543123836597554,34.175575256347656,1.1146234273910522,6.604323863983154,56.43008804321289
Ko et. al (Etapas 3),Cylindrical Grains,0.2755179398148148,654.7216186523438,1.0,7.790301353064061,18.000000106278666,471508.0,13968.594103255951,207.12236874680673,-7.33107456617043,25.16771125793457,51.87826156616211,0.8245493730692889,36.23781967163086,0.9616718292236328,10.24410629272461,61.36827850341797
Ko et. al (Etapas 3),Cylindrical Grains,0.2784832175925926,691.8193969726562,1.0,9.477895818312795,17.74823959774642,476049.0,12857.036762196802,227.98730347045898,2.1784332835703175,24.57875633239746,44.636924743652344,0.8470185489134388,30.131500244140625,1.0304702520370483,4.493684768676758,59.065711975097656
Ko et. al (Etapas 3),Cylindrical Grains,0.2784832175925926,691.8195190429688,1.0,9.47789581831279,17.74823959774642,476049.0,12857.036762196796,227.98730347045895,2.1784332835703175,35.36710739135742,56.396240234375,0.8436454353729994,30.5643367767334,0.8988862633705139,6.442488670349121,61.436988830566406
Ko et. al (Etapas 3),Cylindrical Grains,0.2784832175925926,691.8193969726562,1.0,9.477895818312797,17.74823959774642,476049.0,12857.036762196796,227.98730347045898,2.1784332835703175,31.715042114257812,57.41164016723633,0.8120016566403406,30.65811538696289,1.098780632019043,6.467433452606201,59.557491302490234
Ko et. al (Etapas 3),Cylindrical Grains,0.2784832175925926,691.819580078125,1.0,9.477895818312795,17.74823959774642,476049.0,12857.036762196798,227.98730347045898,2.1784332835703175,18.81671142578125,39.30580139160156,0.8556548362941423,31.06279754638672,0.7126219868659973,4.873165130615234,60.688934326171875
Ko et. al (Etapas 3),Cylindrical Grains,0.27453472222222225,1776.171142578125,1.0,10.03086991309015,15.107070451545495,468342.0,10540.709237595831,146.24311721128217,0.6565141402540683,32.83507537841797,33.1567497253418,0.9173854719620211,33.71199417114258,0.6211374402046204,9.662383079528809,60.02155303955078
Ko et. al (Etapas 3),Cylindrical Grains,0.27453472222222225,1776.171142578125,1.0,10.03086991309015,15.107070451545495,468342.0,10540.709237595831,146.24311721128217,0.6565141402540683,32.350059509277344,34.428077697753906,0.9067631616023896,31.746280670166016,0.8813128471374512,9.409521102905273,61.509063720703125
Ko et. al (Etapas 3),Cylindrical Grains,0.27453472222222225,1776.171142578125,1.0,10.030869913090148,15.107070451545495,468342.0,10540.709237595831,146.2431172112822,0.6565141402540683,38.26520919799805,39.421974182128906,0.9174769388955484,32.88869857788086,0.5671195387840271,7.499283313751221,59.66968536376953
Ko et. al (Etapas 3),Cylindrical Grains,0.27453472222222225,1776.171142578125,1.0,10.030869913090148,15.107070451545495,468342.0,10540.709237595831,146.24311721128217,0.6565141402540683,33.20844268798828,34.45269775390625,0.9039088772153215,34.02769088745117,0.8786376714706421,9.154725074768066,62.232975006103516
Ko et. al (Etapas 3),Cylindrical Grains,0.2841545138888889,135.29820251464844,1.0,10.91954769302357,18.601075046419144,486235.99999999994,10949.687872223458,157.07807032084764,-1.1837148892459717,85.38396453857422,117.38634490966797,0.5352563874670513,40.90399932861328,1.3973416090011597,13.743725776672363,69.03278350830078
Ko et. al (Etapas 3),Cylindrical Grains,0.2841545138888889,135.29820251464844,1.0,10.919547693023574,18.601075046419144,486235.99999999994,10949.68787222346,157.0780703208477,-1.1837148892459717,108.63570404052734,145.316162109375,0.5256356908100622,41.394588470458984,1.8044754266738892,15.469988822937012,69.51986694335938
Ko et. al (Etapas 3),Cylindrical Grains,0.2841545138888889,135.29820251464844,1.0,10.919547693023572,18.601075046419144,486235.99999999994,10949.68787222346,157.07807032084764,-1.1837148892459717,100.38545227050781,138.2332000732422,0.4609826433509764,39.539913177490234,1.6510162353515625,16.472919464111328,68.87200927734375
Ko et. al (Etapas 3),Cylindrical Grains,0.2841545138888889,135.2981719970703,1.0,10.919547693023572,18.601075046419144,486235.99999999994,10949.687872223458,157.0780703208477,-1.1837148892459717,107.63538360595703,138.12757873535156,0.5326155352170595,37.222496032714844,1.7302852869033813,15.295387268066406,67.64178466796875
Ko et. al (Etapas 3),Cylindrical Grains,0.27347453703703706,376.51165771484375,1.0,10.462999826127515,21.86213329922846,466731.0,10967.7233678739,138.53333940896758,-2.3972713303216735,53.731300354003906,42.816062927246094,0.8796029484694395,40.44654083251953,1.0407317876815796,10.331232070922852,64.99469757080078
Ko et. al (Etapas 3),Cylindrical Grains,0.27347453703703706,376.51165771484375,1.0,10.462999826127518,21.86213329922846,466731.0,10967.7233678739,138.53333940896755,-2.3972713303216735,49.95723342895508,36.68902587890625,0.879863750654821,35.969722747802734,0.8989070057868958,7.236643314361572,64.30947875976562
Ko et. al (Etapas 3),Cylindrical Grains,0.27347453703703706,376.51165771484375,1.0,10.462999826127518,21.86213329922846,466731.0,10967.7233678739,138.53333940896755,-2.3972713303216735,63.41994857788086,44.067935943603516,0.8593412664346197,39.37533950805664,1.1345852613449097,12.216700553894043,65.78472900390625
Ko et. al (Etapas 3),Cylindrical Grains,0.27347453703703706,376.51165771484375,1.0,10.462999826127518,21.86213329922846,466731.0,10967.7233678739,138.53333940896755,-2.3972713303216735,59.4057731628418,42.37473678588867,0.8828272804521201,37.396976470947266,1.0268834829330444,8.35215950012207,64.11192321777344
Ko et. al (Etapas 3),Cylindrical Grains,0.2526157407407407,864.6847534179688,1.0,10.351997617681693,18.000000106278666,431539.00000000006,9041.01283890341,102.41717467368397,-2.6558981128460037,5.156635284423828,34.98373794555664,0.9249877657831354,43.955528259277344,0.7650847434997559,8.317708969116211,59.19694137573242
Ko et. al (Etapas 3),Cylindrical Grains,0.2526157407407407,864.6846923828125,1.0,10.351997617681691,18.000000106278666,431539.00000000006,9041.012838903409,102.41717467368399,-2.6558981128460037,10.051628112792969,44.943477630615234,0.877112896245393,44.471466064453125,1.1109509468078613,11.529085159301758,62.21475601196289
Ko et. al (Etapas 3),Cylindrical Grains,0.2526157407407407,864.6846923828125,1.0,10.351997617681693,18.000000106278666,431539.00000000006,9041.012838903409,102.41717467368399,-2.6558981128460037,11.205522537231445,42.71174240112305,0.9090374920858325,49.476871490478516,0.859525740146637,8.686075210571289,60.157676696777344
Ko et. al (Etapas 3),Cylindrical Grains,0.2526157407407407,864.6847534179688,1.0,10.351997617681693,18.000000106278666,431539.00000000006,9041.012838903409,102.41717467368399,-2.6558981128460037,6.0230937004089355,37.44942092895508,0.9007553432381104,45.980918884277344,1.0677368640899658,8.383077621459961,61.2768440246582
Ko et. al (Etapas 3),Bentheimer,0.25939525462962965,379.990234375,1.0,7.007592510171682,12.418864783963798,444112.0,13763.547192230908,301.2139862572338,6.465669563108247,11.95908260345459,43.27044677734375,0.8236495012237389,36.84859085083008,0.5491234660148621,5.0773606300354,59.40740966796875
Ko et. al (Etapas 3),Bentheimer,0.25939525462962965,379.990234375,1.0,7.007592510171681,12.418864783963798,444112.0,13763.547192230908,301.2139862572337,6.465669563108247,20.372467041015625,42.503116607666016,0.8445202131662056,38.82187271118164,0.7502843141555786,9.973094940185547,60.39900588989258
Ko et. al (Etapas 3),Bentheimer,0.25939525462962965,379.990234375,1.0,7.00759251017168,12.418864783963798,444112.0,13763.547192230908,301.2139862572338,6.465669563108247,17.8802490234375,38.48830032348633,0.8474817808738375,36.83245849609375,0.5216548442840576,3.2112975120544434,59.14082336425781
Ko et. al (Etapas 3),Bentheimer,0.25939525462962965,379.990234375,1.0,7.007592510171679,12.418864783963798,444112.0,13763.547192230912,301.2139862572337,6.465669563108247,17.663484573364258,45.42646408081055,0.8149925401394121,39.2155647277832,0.8001768589019775,8.071542739868164,61.1037712097168
Ko et. al (Etapas 3),Bentheimer,0.25385706018518517,350.7089538574219,1.0,7.991988772148699,14.594519983140017,435558.0,12375.434743484711,302.0424272094641,15.020247754297623,17.0116024017334,57.94459533691406,0.729713542948098,42.93455505371094,0.8660278916358948,16.188764572143555,59.30836486816406
Ko et. al (Etapas 3),Bentheimer,0.25385706018518517,350.708984375,1.0,7.991988772148697,14.594519983140017,435558.0,12375.434743484711,302.0424272094641,15.020247754297623,26.639991760253906,51.80423355102539,0.8034376341520575,37.01325607299805,0.7398335337638855,8.13676643371582,54.92506790161133
Ko et. al (Etapas 3),Bentheimer,0.25385706018518517,350.708984375,1.0,7.991988772148699,14.594519983140017,435558.0,12375.434743484711,302.0424272094641,15.020247754297623,14.37698745727539,55.04076385498047,0.7440439469365299,42.79326248168945,0.8281140327453613,13.45022964477539,58.85916519165039
Ko et. al (Etapas 3),Bentheimer,0.25385706018518517,350.708984375,1.0,7.991988772148701,14.594519983140017,435558.0,12375.434743484711,302.0424272094641,15.020247754297623,25.785236358642578,49.72113037109375,0.8076726121465322,35.36454391479492,0.7098620533943176,7.280277729034424,54.0684928894043
Ko et. al (Etapas 3),Bentheimer,0.22074479166666666,255.39906311035156,1.0,8.204266398453278,16.673332624338627,379643.0,10653.91895111362,248.61227036487944,11.956515099778638,56.08023452758789,82.95951080322266,0.7941768066062456,39.24338150024414,1.0697916746139526,6.359145641326904,58.50771713256836
Ko et. al (Etapas 3),Bentheimer,0.22074479166666666,255.39906311035156,1.0,8.204266398453278,16.673332624338627,379643.0,10653.91895111362,248.61227036487944,11.956515099778638,57.817787170410156,92.6447982788086,0.7429320947491309,38.71711730957031,1.3012864589691162,7.960793495178223,59.31747817993164
Ko et. al (Etapas 3),Bentheimer,0.22074479166666666,255.39906311035156,1.0,8.204266398453278,16.673332624338627,379643.0,10653.91895111362,248.61227036487944,11.956515099778638,51.37217330932617,77.9474105834961,0.7832419560503446,39.650115966796875,1.0224376916885376,7.674398899078369,59.5078239440918
Ko et. al (Etapas 3),Bentheimer,0.22074479166666666,255.39903259277344,1.0,8.204266398453282,16.673332624338627,379643.0,10653.91895111362,248.61227036487944,11.956515099778638,58.97568893432617,88.36128234863281,0.774769152211166,39.224205017089844,1.3199963569641113,8.935173034667969,58.75536346435547
Ko et. al (Etapas 3),Bentheimer,0.24554166666666666,367.2332458496094,1.0,7.705807217096919,15.394802261840416,419384.0,12405.262629810726,291.9690071915717,13.14022998902461,23.087249755859375,81.18728637695312,0.6324564268822204,34.83160400390625,0.9033174514770508,10.233185768127441,60.650325775146484
Ko et. al (Etapas 3),Bentheimer,0.24554166666666666,367.2332458496094,1.0,7.705807217096914,15.394802261840416,419384.0,12405.262629810726,291.9690071915717,13.14022998902461,13.396709442138672,66.59627532958984,0.7094660043228028,33.40981674194336,0.943363606929779,6.987163543701172,60.666446685791016
Ko et. al (Etapas 3),Bentheimer,0.24554166666666666,367.2332763671875,1.0,7.705807217096914,15.394802261840416,419384.0,12405.26262981073,291.9690071915717,13.14022998902461,16.310543060302734,69.28739166259766,0.6607499462661842,33.249637603759766,0.821745753288269,10.024405479431152,60.97501754760742
Ko et. al (Etapas 3),Bentheimer,0.24554166666666666,367.2332458496094,1.0,7.705807217096917,15.394802261840416,419384.0,12405.26262981073,291.9690071915716,13.14022998902461,26.623580932617188,76.84332275390625,0.6842722138041508,34.04997634887695,1.0446852445602417,7.677540302276611,60.59208679199219
Ko et. al (Etapas 3),Bentheimer,0.30914814814814817,633.1395263671875,1.0,8.282819318339927,12.934116827943688,524761.0,11789.415212569056,108.81602194687237,14.224473038838147,2.268245220184326,46.9725341796875,0.8998462992670765,31.899646759033203,0.6428866386413574,14.290175437927246,60.138328552246094
Ko et. al (Etapas 3),Bentheimer,0.30914814814814817,633.1394653320312,1.0,8.282819318339923,12.934116827943688,524761.0,11789.415212569056,108.8160219468724,14.224473038838147,3.71399188041687,50.23354721069336,0.8697147251644577,33.36435317993164,0.9578336477279663,13.352655410766602,59.438838958740234
Ko et. al (Etapas 3),Bentheimer,0.30914814814814817,633.1394653320312,1.0,8.282819318339923,12.934116827943688,524761.0,11789.415212569056,108.81602194687234,14.224473038838147,9.04749584197998,46.11011505126953,0.9080392997445185,33.415531158447266,0.5138327479362488,9.044307708740234,58.973480224609375
Ko et. al (Etapas 3),Bentheimer,0.30914814814814817,633.1395263671875,1.0,8.282819318339925,12.934116827943688,524761.0,11789.415212569056,108.81602194687237,14.224473038838147,12.358757972717285,46.579811096191406,0.8884409183563928,32.432376861572266,0.8539727926254272,11.314421653747559,60.29389190673828
Ko et. al (Etapas 3),Bentheimer,0.335255787037037,708.5701904296875,1.0,8.643888464045517,15.7915312805813,574233.0,14770.410010350606,235.3605334182098,1.7904931097838226,1.809473991394043,39.46257400512695,0.869058081873801,33.739505767822266,0.34706154465675354,6.141478061676025,58.52959060668945
Ko et. al (Etapas 3),Bentheimer,0.335255787037037,708.5701904296875,1.0,8.643888464045517,15.7915312805813,574233.0,14770.410010350603,235.3605334182098,1.7904931097838226,2.702883720397949,38.25923538208008,0.839995316493018,33.230777740478516,0.6635514497756958,6.601572513580322,58.03870391845703
Ko et. al (Etapas 3),Bentheimer,0.335255787037037,708.5701904296875,1.0,8.643888464045522,15.7915312805813,574233.0,14770.410010350603,235.3605334182098,1.7904931097838226,2.3331432342529297,33.78290939331055,0.8906770216190331,33.311012268066406,0.3904547691345215,8.084489822387695,58.41431427001953
Ko et. al (Etapas 3),Bentheimer,0.335255787037037,708.5701904296875,1.0,8.643888464045522,15.7915312805813,574233.0,14770.410010350606,235.36053341820977,1.7904931097838226,0.1228688508272171,37.1580696105957,0.8572117307940257,33.22890853881836,0.661827564239502,2.7200546264648438,57.68070983886719
Ko et. al (Etapas 3),Bentheimer,0.26635474537037035,1009.6493530273438,1.0,8.539137061628729,15.502213050223787,456557.0,12398.330997081845,251.9991601874355,9.708451528605616,31.2265682220459,36.491416931152344,0.9364691742420924,35.1916618347168,0.565829336643219,7.692960262298584,62.66661071777344
Ko et. al (Etapas 3),Bentheimer,0.26635474537037035,1009.6493530273438,1.0,8.53913706162873,15.502213050223787,456557.0,12398.330997081845,251.9991601874355,9.708451528605616,26.160951614379883,34.14060592651367,0.9360614957627005,31.810543060302734,0.356031596660614,3.1176154613494873,57.610877990722656
Ko et. al (Etapas 3),Bentheimer,0.26635474537037035,1009.6493530273438,1.0,8.539137061628733,15.502213050223787,456557.0,12398.330997081845,251.9991601874355,9.708451528605616,32.697174072265625,39.52825927734375,0.9233341761425565,33.64010238647461,0.5258881449699402,5.844223499298096,62.2142219543457
Ko et. al (Etapas 3),Bentheimer,0.26635474537037035,1009.6492309570312,1.0,8.539137061628729,15.502213050223787,456557.0,12398.330997081846,251.9991601874355,9.708451528605616,35.06556701660156,43.64107894897461,0.9059174044235236,31.52382469177246,0.3749919831752777,3.0148937702178955,58.10736846923828
Ko et. al (Etapas 3),Bentheimer,0.327140625,3232.99365234375,1.0,8.656663831231493,17.492854138527438,560013.0,13892.261711858042,215.85070749968304,8.91267681314614,28.919357299804688,29.934492111206055,0.9497099805757027,26.683929443359375,0.7178484797477722,2.234522819519043,53.440643310546875
Ko et. al (Etapas 3),Bentheimer,0.327140625,3232.99365234375,1.0,8.65666383123149,17.492854138527438,560013.0,13892.261711858042,215.85070749968307,8.91267681314614,29.792715072631836,30.984943389892578,0.9486692123160972,27.360525131225586,0.8229451775550842,4.0360107421875,53.29520034790039
Ko et. al (Etapas 3),Bentheimer,0.327140625,3232.99365234375,1.0,8.65666383123149,17.492854138527438,560013.0,13892.261711858042,215.85070749968304,8.91267681314614,29.74726676940918,31.284408569335938,0.939884484243283,26.579280853271484,0.7142728567123413,2.3281116485595703,52.940608978271484
Ko et. al (Etapas 3),Bentheimer,0.327140625,3232.993896484375,1.0,8.65666383123149,17.492854138527438,560013.0,13892.261711858038,215.85070749968304,8.91267681314614,26.075050354003906,26.683074951171875,0.9461468063655225,27.37939453125,0.8396911025047302,4.172552108764648,53.54103088378906
Ko et. al (Etapas 3),Bentheimer,0.20854918981481482,34.45468521118164,1.0,6.954366060573106,13.453623023082278,359298.0,11519.775980885488,283.79386931673156,5.998151917775806,439.8667297363281,549.6752319335938,0.21778786618418294,40.404964447021484,5.172337055206299,11.901259422302246,59.15620040893555
Ko et. al (Etapas 3),Bentheimer,0.20854918981481482,34.45468521118164,1.0,6.954366060573109,13.453623023082278,359298.0,11519.775980885486,283.79386931673156,5.998151917775806,444.221923828125,537.5382080078125,0.22191013592604714,43.75761032104492,5.564174175262451,16.493640899658203,61.97893524169922
Ko et. al (Etapas 3),Bentheimer,0.20854918981481482,34.45468521118164,1.0,6.954366060573104,13.453623023082278,359298.0,11519.775980885488,283.79386931673156,5.998151917775806,437.71185302734375,536.1015014648438,0.23674150562666946,43.19801712036133,5.317307949066162,14.225164413452148,59.934539794921875
Ko et. al (Etapas 3),Bentheimer,0.20854918981481482,34.45468521118164,1.0,6.954366060573106,13.453623023082278,359298.0,11519.775980885486,283.7938693167315,5.998151917775806,444.727783203125,541.4215698242188,0.22368001792953554,42.69535446166992,5.2108306884765625,11.631302833557129,60.7232666015625
Ko et. al (Etapas 3),Bentheimer,0.24759375,1221.6876220703125,1.0,7.701758301796451,15.26433580887513,421733.0,12156.627454868134,267.463193355334,12.513557400600272,40.01994323730469,41.95744705200195,0.9412079788779155,35.96454620361328,0.8397653698921204,0.8464568257331848,58.93789291381836
Ko et. al (Etapas 3),Bentheimer,0.24759375,1221.6876220703125,1.0,7.701758301796454,15.26433580887513,421733.0,12156.627454868134,267.463193355334,12.513557400600272,39.32402420043945,42.08925247192383,0.9409656755340416,35.85653305053711,0.6270304322242737,2.673441171646118,57.55084228515625
Ko et. al (Etapas 3),Bentheimer,0.24759375,1221.687744140625,1.0,7.701758301796453,15.26433580887513,421733.0,12156.627454868134,267.463193355334,12.513557400600272,37.869659423828125,39.54928970336914,0.9401117787801316,35.555484771728516,0.85228031873703,1.08009672164917,58.93947219848633
Ko et. al (Etapas 3),Bentheimer,0.24759375,1221.6876220703125,1.0,7.701758301796454,15.26433580887513,421733.0,12156.627454868134,267.463193355334,12.513557400600272,38.21905517578125,39.35697937011719,0.9398569897652287,36.780799865722656,0.6345286965370178,1.0947703123092651,57.18918228149414
Ko et. al (Etapas 3),Bentheimer,0.24228472222222222,586.0778198242188,1.0,7.276648451564487,13.928388479609902,416362.0,12447.312705265032,299.5899678903121,14.274208958554365,43.3287239074707,46.828163146972656,0.8892223177422155,41.76535415649414,0.4486237168312073,7.694427967071533,55.19512176513672
Ko et. al (Etapas 3),Bentheimer,0.24228472222222222,586.0778198242188,1.0,7.276648451564486,13.928388479609902,416362.0,12447.312705265029,299.58996789031215,14.274208958554365,43.61370849609375,45.82313919067383,0.9267547839252905,41.77266311645508,0.507805585861206,1.8392831087112427,58.095008850097656
Ko et. al (Etapas 3),Bentheimer,0.24228472222222222,586.0778198242188,1.0,7.276648451564484,13.928388479609902,416362.0,12447.312705265029,299.5899678903121,14.274208958554365,47.796024322509766,50.48478698730469,0.9201177478046174,41.230918884277344,0.5059767961502075,3.1341028213500977,54.59662628173828
Ko et. al (Etapas 3),Bentheimer,0.24228472222222222,586.0778198242188,1.0,7.276648451564486,13.928388479609902,416362.0,12447.312705265032,299.5899678903121,14.274208958554365,43.50410461425781,45.80180358886719,0.9267862271310695,41.620452880859375,0.5101938247680664,0.43388497829437256,57.83128356933594
Ko et. al (Etapas 3),Bentheimer,0.22508969907407408,322.56768798828125,1.0,6.942021568775152,13.379086400248642,386385.0,12021.447923982127,234.55920100501342,3.42183127647575,28.19390106201172,37.442325592041016,0.9240091308311459,35.22130584716797,0.6653317809104919,0.44834640622138977,58.85968017578125
Ko et. al (Etapas 3),Bentheimer,0.22508969907407408,322.56768798828125,1.0,6.94202156877515,13.379086400248642,386385.0,12021.447923982127,234.55920100501342,3.42183127647575,37.7840690612793,43.3503303527832,0.8743746712640201,38.59306716918945,0.6784842014312744,11.129528045654297,62.36726379394531
Ko et. al (Etapas 3),Bentheimer,0.22508969907407408,322.56768798828125,1.0,6.94202156877515,13.379086400248642,386385.0,12021.447923982127,234.55920100501342,3.42183127647575,33.476932525634766,39.85459518432617,0.921040512063664,36.12015914916992,0.6037569642066956,4.207396984100342,59.12452697753906
Ko et. al (Etapas 3),Bentheimer,0.22508969907407408,322.56768798828125,1.0,6.942021568775151,13.379086400248642,386385.0,12021.447923982127,234.55920100501342,3.42183127647575,34.675315856933594,41.058570861816406,0.8757536654625994,38.51518249511719,0.6461783647537231,10.476029396057129,61.7658576965332
Ko et. al (Etapas 3),Bentheimer,0.20549131944444443,97.43977355957031,1.0,7.275295277596138,14.730918214856723,349393.0,10993.38562247424,259.56045021128506,7.231602726737994,20.03386116027832,52.15714645385742,0.5943641464976928,50.800941467285156,0.4920177757740021,6.6704206466674805,65.6230697631836
Ko et. al (Etapas 3),Bentheimer,0.20549131944444443,97.43976593017578,1.0,7.275295277596137,14.730918214856723,349393.0,10993.385622474238,259.56045021128506,7.231602726737994,23.470712661743164,54.988128662109375,0.42210426609799845,50.65604782104492,0.40620920062065125,10.900606155395508,66.75145721435547
Ko et. al (Etapas 3),Bentheimer,0.20549131944444443,97.43976593017578,1.0,7.275295277596141,14.730918214856723,349393.0,10993.38562247424,259.56045021128506,7.231602726737994,18.926647186279297,46.98853302001953,0.6467613996699413,51.4148063659668,0.4760544002056122,5.755643367767334,64.65868377685547
Ko et. al (Etapas 3),Bentheimer,0.20549131944444443,97.43977355957031,1.0,7.275295277596138,14.730918214856723,349393.0,10993.385622474238,259.56045021128494,7.231602726737994,22.496301651000977,53.6536750793457,0.4474610343172815,52.068939208984375,0.41559627652168274,15.681971549987793,65.8348617553711
Ko et. al (Etapas 3),Bentheimer,0.25850983796296295,848.6851196289062,1.0,8.35980941026416,15.006515897782995,442281.0,11745.306625553443,220.68151922337293,10.026761414789407,24.60672950744629,39.819374084472656,0.9100895381806366,32.238826751708984,0.8290626406669617,9.07300853729248,55.62916946411133
Ko et. al (Etapas 3),Bentheimer,0.25850983796296295,848.6851196289062,1.0,8.35980941026416,15.006515897782995,442281.0,11745.306625553443,220.681519223373,10.026761414789407,17.934492111206055,38.96846008300781,0.8904991962758962,33.90663146972656,0.755312442779541,9.163471221923828,62.580604553222656
Ko et. al (Etapas 3),Bentheimer,0.25850983796296295,848.6851196289062,1.0,8.359809410264159,15.006515897782995,442281.0,11745.306625553443,220.681519223373,10.026761414789407,21.423629760742188,36.2005615234375,0.9174084359274765,30.729867935180664,0.8061985969543457,7.9168853759765625,54.989837646484375
Ko et. al (Etapas 3),Bentheimer,0.25850983796296295,848.6851196289062,1.0,8.359809410264159,15.006515897782995,442281.0,11745.306625553443,220.681519223373,10.026761414789407,26.82379722595215,46.67942428588867,0.8659039856485586,34.090579986572266,0.8289558291435242,10.446463584899902,62.982574462890625
Ko et. al (Etapas 3),Bentheimer,0.25510069444444444,204.05728149414062,1.0,7.922014933191666,15.905973657498626,436798.0,12875.902752339933,292.9111858155104,5.083010994997408,8.999945640563965,43.353145599365234,0.8376740055954879,48.163002014160156,0.37774407863616943,8.515176773071289,61.31110763549805
Ko et. al (Etapas 3),Bentheimer,0.25510069444444444,204.05728149414062,1.0,7.922014933191666,15.905973657498626,436798.0,12875.902752339933,292.9111858155105,5.083010994997408,2.774219036102295,41.6513786315918,0.7935731082992139,44.37360763549805,0.5785805583000183,6.31463098526001,62.325103759765625
Ko et. al (Etapas 3),Bentheimer,0.25510069444444444,204.05728149414062,1.0,7.922014933191667,15.905973657498626,436798.0,12875.902752339933,292.9111858155105,5.083010994997408,10.893745422363281,48.83114242553711,0.8178095578366198,46.59176254272461,0.3992965817451477,6.930104732513428,62.35332107543945
Ko et. al (Etapas 3),Bentheimer,0.25510069444444444,204.05723571777344,1.0,7.922014933191666,15.905973657498626,436798.0,12875.902752339933,292.9111858155105,5.083010994997408,2.156785488128662,38.843265533447266,0.834350143800961,45.82862854003906,0.6103938817977905,0.6885741949081421,61.97694778442383
Ko et. al (Etapas 3),Bentheimer,0.2566365740740741,483.4114685058594,1.0,7.871579214017919,15.355330218385568,439571.00000000006,13186.988030738165,329.8313647555607,13.766902577448947,38.282501220703125,44.20521545410156,0.8813819549688907,39.559391021728516,0.9455776810646057,6.062169551849365,55.513221740722656
Ko et. al (Etapas 3),Bentheimer,0.2566365740740741,483.4114074707031,1.0,7.871579214017921,15.355330218385568,439571.00000000006,13186.988030738165,329.8313647555606,13.766902577448947,30.368391036987305,35.019752502441406,0.8855503289132407,36.4339599609375,0.9185553789138794,0.26163914799690247,53.76448059082031
Ko et. al (Etapas 3),Bentheimer,0.2566365740740741,483.4114074707031,1.0,7.871579214017925,15.355330218385568,439571.00000000006,13186.988030738165,329.8313647555607,13.766902577448947,25.270835876464844,37.75719451904297,0.8596191313506985,37.23222732543945,0.7920705080032349,3.4671871662139893,56.27273941040039
Ko et. al (Etapas 3),Bentheimer,0.2566365740740741,483.4114074707031,1.0,7.871579214017921,15.355330218385568,439571.00000000006,13186.988030738165,329.8313647555607,13.766902577448947,27.7630558013916,34.44275665283203,0.8853016894247261,34.57106399536133,0.9155610203742981,1.533892273902893,55.06844711303711
Ko et. al (Etapas 3),Bentheimer,0.27497511574074074,781.4468383789062,1.0,7.746949618796409,13.456406356667104,471135.00000000006,13424.4820565856,288.1842815709345,11.24031785586511,16.6783390045166,31.900182723999023,0.9078097696685352,31.549589157104492,0.5679097175598145,8.761183738708496,56.31339645385742
Ko et. al (Etapas 3),Bentheimer,0.27497511574074074,781.4468383789062,1.0,7.746949618796407,13.456406356667104,471135.00000000006,13424.4820565856,288.1842815709346,11.24031785586511,22.848838806152344,32.910972595214844,0.9173520722174109,32.851253509521484,0.5671926736831665,5.662476062774658,55.397281646728516
Ko et. al (Etapas 3),Bentheimer,0.27497511574074074,781.44677734375,1.0,7.746949618796411,13.456406356667104,471135.00000000006,13424.4820565856,288.18428157093456,11.24031785586511,20.2856388092041,32.73106002807617,0.9128172217632992,31.70620346069336,0.5502924919128418,6.2825703620910645,55.675987243652344
Ko et. al (Etapas 3),Bentheimer,0.27497511574074074,781.4468383789062,1.0,7.746949618796411,13.456406356667104,471135.00000000006,13424.482056585597,288.1842815709346,11.24031785586511,19.96743392944336,32.54557800292969,0.9143936348508286,32.314674377441406,0.5554760098457336,7.430500030517578,54.13572692871094
Ko et. al (Etapas 3),Bentheimer,0.26224131944444445,564.4954223632812,1.0,7.547190014491617,15.081999743352315,450469.0,13526.519216641995,361.1041157591662,16.54216689761387,6.623427867889404,32.2111701965332,0.8704021416704472,36.77832794189453,0.5208621025085449,5.555922985076904,60.297813415527344
Ko et. al (Etapas 3),Bentheimer,0.26224131944444445,564.4954833984375,1.0,7.547190014491618,15.081999743352315,450469.0,13526.519216641995,361.10411575916606,16.54216689761387,0.38407060503959656,38.60129165649414,0.8393247452326299,35.91694641113281,0.5628151297569275,6.64578104019165,58.112796783447266
Ko et. al (Etapas 3),Bentheimer,0.26224131944444445,564.4954833984375,1.0,7.547190014491615,15.081999743352315,450469.0,13526.519216641995,361.1041157591661,16.54216689761387,0.14892584085464478,35.9447021484375,0.8489281934732984,35.388797760009766,0.5616422295570374,7.422461032867432,60.69355773925781
Ko et. al (Etapas 3),Bentheimer,0.26224131944444445,564.4954833984375,1.0,7.547190014491616,15.081999743352315,450469.0,13526.519216641995,361.1041157591661,16.54216689761387,1.3742319345474243,42.86302947998047,0.816495500466523,36.36780548095703,0.532424807548523,6.508986949920654,59.00667953491211
Ko et. al (Etapas 3),Bentheimer,0.27322453703703703,507.07958984375,1.0,7.870056947576043,15.7915312805813,468858.00000000006,12941.526421975766,231.23658088423448,6.405986459448788,40.01194381713867,73.654296875,0.7130027778553224,42.98496627807617,1.0090558528900146,15.883460998535156,60.47921371459961
Ko et. al (Etapas 3),Bentheimer,0.27322453703703703,507.07965087890625,1.0,7.870056947576045,15.7915312805813,468858.00000000006,12941.526421975763,231.23658088423448,6.405986459448788,53.724151611328125,81.2975845336914,0.7296759302989096,37.4571533203125,0.9818128347396851,7.122283935546875,55.9218635559082
Ko et. al (Etapas 3),Bentheimer,0.27322453703703703,507.07965087890625,1.0,7.870056947576047,15.7915312805813,468858.00000000006,12941.526421975763,231.23658088423448,6.405986459448788,38.57949447631836,76.57743835449219,0.6990593492418637,42.6836051940918,1.0056222677230835,13.535359382629395,59.929725646972656
Ko et. al (Etapas 3),Bentheimer,0.27322453703703703,507.07958984375,1.0,7.870056947576047,15.7915312805813,468858.00000000006,12941.526421975761,231.23658088423448,6.405986459448788,53.44194030761719,85.47960662841797,0.6920316878099065,37.3388557434082,0.9351906776428223,5.352077960968018,55.341636657714844
Ko et. al (Etapas 3),Bentheimer,0.2748009259259259,467.8289794921875,1.0,7.670042694806452,13.022747561664554,469229.0,13088.949764296112,246.24101185084888,9.101673308067765,32.270267486572266,43.081146240234375,0.8418775092751113,36.84165954589844,0.4595143795013428,6.2803120613098145,57.11015319824219
Ko et. al (Etapas 3),Bentheimer,0.2748009259259259,467.8289794921875,1.0,7.670042694806452,13.022747561664554,469229.0,13088.949764296109,246.2410118508489,9.101673308067765,31.665393829345703,46.30624008178711,0.8292770138708108,37.827613830566406,0.36451441049575806,10.930365562438965,59.927635192871094
Ko et. al (Etapas 3),Bentheimer,0.2748009259259259,467.8289489746094,1.0,7.670042694806451,13.022747561664554,469229.0,13088.94976429611,246.2410118508489,9.101673308067765,35.77700424194336,45.19947052001953,0.8297346616454077,37.38691329956055,0.41372740268707275,11.678050994873047,55.96687698364258
Ko et. al (Etapas 3),Bentheimer,0.2748009259259259,467.8290710449219,1.0,7.67004269480645,13.022747561664554,469229.0,13088.949764296109,246.24101185084888,9.101673308067765,31.3099365234375,46.14482498168945,0.8360943559772174,39.7373161315918,0.36611685156822205,5.146855354309082,58.8962516784668
Ko et. al (Etapas 3),Bentheimer,0.2880578703703704,690.6939697265625,1.0,7.62023023545707,14.071247301969983,492849.0,14195.481022337115,272.0433783647731,6.4358280112785184,6.224859714508057,55.27472686767578,0.6393677643239867,30.12681770324707,0.5186854004859924,16.047048568725586,53.590213775634766
Ko et. al (Etapas 3),Bentheimer,0.2880578703703704,690.6939697265625,1.0,7.620230235457073,14.071247301969983,492849.0,14195.481022337119,272.043378364773,6.4358280112785184,7.2003045082092285,42.959808349609375,0.7463846305856305,25.987947463989258,0.7807954549789429,12.106913566589355,55.431640625
Ko et. al (Etapas 3),Bentheimer,0.2880578703703704,690.6939697265625,1.0,7.620230235457074,14.071247301969983,492849.0,14195.481022337119,272.0433783647731,6.4358280112785184,9.615743637084961,47.871891021728516,0.6757043370319243,30.065460205078125,0.5046430826187134,14.762738227844238,53.97475814819336
Ko et. al (Etapas 3),Bentheimer,0.2880578703703704,690.6939697265625,1.0,7.620230235457071,14.071247301969983,492849.0,14195.481022337119,272.0433783647731,6.4358280112785184,3.2815420627593994,48.601539611816406,0.7162491135502781,26.513757705688477,0.8455346822738647,11.979068756103516,55.54420471191406
Ko et. al (Etapas 3),Bentheimer,0.2641203703703704,95.98607635498047,1.0,7.850776015479031,13.484778931738408,452358.99999999994,13642.176631756545,352.850728626776,11.140846016432674,146.03224182128906,198.77713012695312,0.4490440515760316,50.817237854003906,2.0280420780181885,17.146730422973633,61.90626907348633
Ko et. al (Etapas 3),Bentheimer,0.2641203703703704,95.98609161376953,1.0,7.850776015479032,13.484778931738408,452358.99999999994,13642.176631756542,352.8507286267759,11.140846016432674,126.23300170898438,171.24954223632812,0.5018664322655861,47.2018928527832,2.1326003074645996,21.964752197265625,64.9714126586914
Ko et. al (Etapas 3),Bentheimer,0.2641203703703704,95.98609161376953,1.0,7.850776015479034,13.484778931738408,452358.99999999994,13642.176631756542,352.8507286267759,11.140846016432674,164.241943359375,216.79763793945312,0.41597276971019725,48.055904388427734,2.3107657432556152,18.740543365478516,62.44392395019531
Ko et. al (Etapas 3),Bentheimer,0.2641203703703704,95.986083984375,1.0,7.850776015479032,13.484778931738408,452358.99999999994,13642.176631756542,352.8507286267759,11.140846016432674,157.17208862304688,209.6564483642578,0.44929192572860616,52.19438934326172,2.686382532119751,26.544734954833984,66.26061248779297
Ko et. al (Etapas 3),Bentheimer,0.2812459490740741,528.837646484375,1.0,8.683950610247098,19.824227320761775,481647.0,13619.742976351648,319.7257586663324,8.544631007246132,19.847496032714844,37.21236038208008,0.9277253229575485,35.048858642578125,0.6065835356712341,5.61878776550293,55.89334487915039
Ko et. al (Etapas 3),Bentheimer,0.2812459490740741,528.837646484375,1.0,8.683950610247097,19.824227320761775,481647.0,13619.742976351647,319.7257586663324,8.544631007246132,24.573671340942383,43.23108673095703,0.9258711938145988,35.3287467956543,0.4959605038166046,1.532910704612732,58.61149978637695
Ko et. al (Etapas 3),Bentheimer,0.2812459490740741,528.837646484375,1.0,8.683950610247097,19.824227320761775,481647.0,13619.742976351648,319.7257586663324,8.544631007246132,25.343353271484375,44.19854736328125,0.9007300022197426,34.08024597167969,0.6776989698410034,6.627274036407471,55.82345199584961
Ko et. al (Etapas 3),Bentheimer,0.2812459490740741,528.837646484375,1.0,8.683950610247095,19.824227320761775,481647.0,13619.742976351648,319.7257586663324,8.544631007246132,22.04962158203125,39.870853424072266,0.9276699462884249,35.14112854003906,0.5221214294433594,4.043668270111084,58.37429428100586
Ko et. al (Etapas 3),Bentheimer,0.22717071759259258,262.4104919433594,1.0,6.830768879511689,13.564658274654297,387780.0,12079.603108320794,284.87209454032524,9.529402217627235,6.758227348327637,27.15317153930664,0.9092226725047237,37.195987701416016,0.6475246548652649,6.407426357269287,58.5764274597168
Ko et. al (Etapas 3),Bentheimer,0.22717071759259258,262.4104919433594,1.0,6.83076887951169,13.564658274654297,387780.0,12079.603108320794,284.87209454032524,9.529402217627235,9.514885902404785,27.806598663330078,0.9271179758979963,40.49826431274414,0.6258132457733154,0.8023035526275635,60.87466812133789
Ko et. al (Etapas 3),Bentheimer,0.22717071759259258,262.4104919433594,1.0,6.830768879511688,13.564658274654297,387780.0,12079.603108320794,284.8720945403253,9.529402217627235,16.306068420410156,30.56814193725586,0.9160385310809486,38.00481033325195,0.6045171022415161,1.5820820331573486,58.87076950073242
Ko et. al (Etapas 3),Bentheimer,0.22717071759259258,262.4104919433594,1.0,6.830768879511689,13.564658274654297,387780.0,12079.603108320794,284.87209454032524,9.529402217627235,13.18607234954834,29.45351219177246,0.9224209903190186,39.09159469604492,0.5816731452941895,3.0220024585723877,61.61177444458008
Ko et. al (Etapas 3),Bentheimer,0.240453125,474.59271240234375,1.0,7.138107991502737,12.418864783963798,411803.0,12856.431919841334,306.72425276669105,12.065934123154316,38.048866271972656,45.02092742919922,0.9270640409448889,40.3425407409668,0.5161885619163513,6.867980003356934,58.87178421020508
Ko et. al (Etapas 3),Bentheimer,0.240453125,474.5926513671875,1.0,7.138107991502736,12.418864783963798,411803.0,12856.431919841334,306.72425276669094,12.065934123154316,42.42780303955078,49.41205596923828,0.8806874555417743,41.33781051635742,0.5384781360626221,10.672667503356934,59.248634338378906
Ko et. al (Etapas 3),Bentheimer,0.240453125,474.59271240234375,1.0,7.138107991502736,12.418864783963798,411803.0,12856.431919841334,306.72425276669105,12.065934123154316,35.67804718017578,42.50593566894531,0.9348308733885479,39.57771301269531,0.5557441711425781,3.7319250106811523,58.81107711791992
Ko et. al (Etapas 3),Bentheimer,0.240453125,474.59271240234375,1.0,7.1381079915027374,12.418864783963798,411803.0,12856.431919841334,306.72425276669094,12.065934123154316,36.15102767944336,42.581180572509766,0.9131208358903358,40.487892150878906,0.5990053415298462,14.775853157043457,58.60060501098633
Ko et. al (Etapas 3),Bentheimer,0.40613194444444445,2080.294921875,1.0,9.151295456657696,17.093631962782727,696611.0,14530.33607217509,2.687977520967146e+17,7.171919623078533,22.1138858795166,33.02885055541992,0.9245518319164245,31.105321884155273,0.5364665389060974,0.8660383820533752,50.11930847167969
Ko et. al (Etapas 3),Bentheimer,0.40613194444444445,2080.294921875,1.0,9.151295456657694,17.093631962782727,696611.0,14530.33607217509,2.687977520967146e+17,7.171919623078533,21.98069190979004,32.975303649902344,0.9370753178939245,33.73273849487305,0.6830365657806396,2.7469263076782227,56.670955657958984
Ko et. al (Etapas 3),Bentheimer,0.40613194444444445,2080.294921875,1.0,9.151295456657698,17.093631962782727,696611.0,14530.33607217509,2.687977520967146e+17,7.171919623078533,17.63779067993164,27.323225021362305,0.9511620379925454,30.76536750793457,0.5661336779594421,3.9815094470977783,51.40433883666992
Ko et. al (Etapas 3),Bentheimer,0.40613194444444445,2080.294921875,1.0,9.151295456657689,17.093631962782727,696611.0,14530.33607217509,2.687977520967146e+17,7.171919623078533,24.902616500854492,35.58824157714844,0.9180714912648037,32.736328125,0.6771703362464905,3.6836905479431152,55.79243087768555
Ko et. al (Etapas 3),Bentheimer,0.24172395833333332,856.2001342773438,1.0,8.069983469841299,16.062377614122575,414643.0,11525.760563012545,264.919421099545,11.04137417700024,8.72175407409668,36.96670913696289,0.86504128985011,38.022911071777344,0.9307776689529419,11.540565490722656,63.471012115478516
Ko et. al (Etapas 3),Bentheimer,0.24172395833333332,856.199951171875,1.0,8.069983469841297,16.062377614122575,414643.0,11525.760563012549,264.91942109954505,11.04137417700024,15.346418380737305,35.166378021240234,0.8835182420483848,40.707489013671875,1.0393292903900146,9.477166175842285,59.56742858886719
Ko et. al (Etapas 3),Bentheimer,0.24172395833333332,856.2000122070312,1.0,8.069983469841302,16.062377614122575,414643.0,11525.760563012547,264.91942109954505,11.04137417700024,16.08465003967285,31.47700309753418,0.8936390346267852,38.250118255615234,0.8613616824150085,10.388450622558594,63.49934005737305
Ko et. al (Etapas 3),Bentheimer,0.24172395833333332,856.199951171875,1.0,8.069983469841299,16.062377614122575,414643.0,11525.760563012547,264.91942109954505,11.04137417700024,18.032028198242188,32.79389190673828,0.8977404399482619,38.662139892578125,1.0013333559036255,8.1327486038208,59.55448913574219
Ko et. al (Etapas 3),Bentheimer,0.2280931712962963,625.5723266601562,1.0,7.9176602200421415,15.107070451545495,388704.0,11486.692007232046,251.98224288028393,10.305282565200224,17.40380859375,36.69778823852539,0.934254664814035,41.102760314941406,0.8944575190544128,4.753190994262695,61.405574798583984
Ko et. al (Etapas 3),Bentheimer,0.2280931712962963,625.5723266601562,1.0,7.917660220042143,15.107070451545495,388704.0,11486.692007232046,251.982242880284,10.305282565200224,16.94463539123535,38.77745056152344,0.9266998899562809,41.184715270996094,0.8344088792800903,6.5752034187316895,62.650970458984375
Ko et. al (Etapas 3),Bentheimer,0.2280931712962963,625.572265625,1.0,7.917660220042142,15.107070451545495,388704.0,11486.692007232048,251.98224288028402,10.305282565200224,14.236124992370605,32.5647087097168,0.9540531421792782,40.890769958496094,0.9581015110015869,4.865183353424072,60.22624588012695
Ko et. al (Etapas 3),Bentheimer,0.2280931712962963,625.5723266601562,1.0,7.917660220042139,15.107070451545495,388704.0,11486.692007232048,251.982242880284,10.305282565200224,23.06723403930664,42.79793167114258,0.9204403943303717,41.11414337158203,0.7873649001121521,5.217434883117676,62.66962432861328
Ko et. al (Etapas 3),Bentheimer,0.2250005787037037,359.55889892578125,1.0,6.925342459342146,14.200910580299334,384885.0,11991.050069642743,231.48515494320162,7.380810485886647,54.02055740356445,80.03041076660156,0.774241691716123,37.233577728271484,1.4324990510940552,14.530936241149902,60.52883529663086
Ko et. al (Etapas 3),Bentheimer,0.2250005787037037,359.55889892578125,1.0,6.925342459342147,14.200910580299334,384885.0,11991.050069642746,231.48515494320154,7.380810485886647,64.92510986328125,83.42644500732422,0.7761995821383445,36.26340103149414,1.579275369644165,11.895034790039062,59.16719436645508
Ko et. al (Etapas 3),Bentheimer,0.2250005787037037,359.55889892578125,1.0,6.925342459342144,14.200910580299334,384885.0,11991.050069642743,231.4851549432016,7.380810485886647,72.87034606933594,94.1898422241211,0.7287638428522613,37.550323486328125,1.6204618215560913,15.420008659362793,62.84859848022461
Ko et. al (Etapas 3),Bentheimer,0.2250005787037037,359.55889892578125,1.0,6.925342459342147,14.200910580299334,384885.0,11991.050069642743,231.4851549432016,7.380810485886647,49.761016845703125,68.18487548828125,0.835095090258674,37.38530349731445,1.4282758235931396,12.424560546875,58.4422721862793
Ko et. al (Etapas 3),Bentheimer,0.26078530092592594,536.9953002929688,1.0,8.004558756562796,15.502213050223787,447749.00000000006,13055.872608284102,324.3781275841496,7.947799970651523,13.41389274597168,34.63261795043945,0.8762138028008158,35.519264221191406,0.32490405440330505,2.2599916458129883,57.92581558227539
Ko et. al (Etapas 3),Bentheimer,0.26078530092592594,536.9953002929688,1.0,8.004558756562796,15.502213050223787,447749.00000000006,13055.872608284102,324.3781275841496,7.947799970651523,20.790210723876953,36.673484802246094,0.8840698560585842,39.01203155517578,0.5530227422714233,2.5608315467834473,60.90675735473633
Ko et. al (Etapas 3),Bentheimer,0.26078530092592594,536.995361328125,1.0,8.004558756562796,15.502213050223787,447749.00000000006,13055.872608284106,324.3781275841496,7.947799970651523,0.6312149167060852,34.80864334106445,0.8848377380916358,35.61116409301758,0.395128458738327,11.83560562133789,58.29387664794922
Ko et. al (Etapas 3),Bentheimer,0.26078530092592594,536.995361328125,1.0,8.004558756562794,15.502213050223787,447749.00000000006,13055.872608284102,324.3781275841496,7.947799970651523,17.269840240478516,39.60470199584961,0.8511095148033445,38.61757278442383,0.5302867293357849,2.7994134426116943,60.166839599609375
Ko et. al (Etapas 3),Bentheimer,0.3027633101851852,4482.86767578125,1.0,10.428982941328538,17.653078595683088,516807.0,11461.851449954112,204.33436774334018,7.092342151532585,40.16745376586914,42.47064971923828,0.9437093755195356,30.43035125732422,0.7225872874259949,0.24214492738246918,58.50516128540039
Ko et. al (Etapas 3),Bentheimer,0.3027633101851852,4482.8671875,1.0,10.428982941328536,17.653078595683088,516807.0,11461.851449954112,204.33436774334027,7.092342151532585,32.64427947998047,33.99711227416992,0.9617836245434733,30.5607852935791,0.9213576912879944,2.4932491779327393,61.64552688598633
Ko et. al (Etapas 3),Bentheimer,0.3027633101851852,4482.86767578125,1.0,10.42898294132854,17.653078595683088,516807.0,11461.851449954112,204.33436774334027,7.092342151532585,36.223114013671875,37.581939697265625,0.9735541965418019,30.543298721313477,0.7748055458068848,0.4190402328968048,56.51095962524414
Ko et. al (Etapas 3),Bentheimer,0.3027633101851852,4482.86767578125,1.0,10.428982941328535,17.653078595683088,516807.0,11461.851449954112,204.33436774334027,7.092342151532585,40.002620697021484,43.28853225708008,0.936799486082822,31.95981788635254,0.8532959222793579,1.3961079120635986,61.691322326660156
Ko et. al (Etapas 3),Bentheimer,0.30441724537037035,2305.575439453125,1.0,10.10167374401046,17.972199886269355,523013.99999999994,11592.129451072426,215.94885144098737,10.673328371100231,32.85178756713867,36.64242935180664,0.9027121324790655,34.268863677978516,0.6744067072868347,5.699928283691406,58.640472412109375
Ko et. al (Etapas 3),Bentheimer,0.30441724537037035,2305.57568359375,1.0,10.101673744010464,17.972199886269355,523013.99999999994,11592.129451072426,215.9488514409873,10.673328371100231,29.274995803833008,32.74504470825195,0.9221492198894149,33.25577163696289,0.7194088101387024,6.760973930358887,56.718849182128906
Ko et. al (Etapas 3),Bentheimer,0.30441724537037035,2305.57568359375,1.0,10.101673744010464,17.972199886269355,523013.99999999994,11592.129451072426,215.94885144098737,10.673328371100231,29.950775146484375,34.038818359375,0.9052637317844747,35.75606918334961,0.6936758160591125,6.209477424621582,58.62692642211914
Ko et. al (Etapas 3),Bentheimer,0.30441724537037035,2305.57568359375,1.0,10.101673744010464,17.972199886269355,523013.99999999994,11592.129451072426,215.9488514409873,10.673328371100231,31.198665618896484,34.187652587890625,0.8991802619376327,33.421939849853516,0.6990752220153809,6.937857151031494,56.389503479003906
Ko et. al (Etapas 3),Bentheimer,0.29086863425925924,164.0166015625,1.0,7.601426738570959,14.200910580299334,500055.00000000006,14419.397507366895,253.2519585840215,2.8747361595973597,215.57119750976562,296.81353759765625,0.4091734486723966,38.914825439453125,3.0327110290527344,16.300682067871094,58.974517822265625
Ko et. al (Etapas 3),Bentheimer,0.29086863425925924,164.0166015625,1.0,7.601426738570958,14.200910580299334,500055.00000000006,14419.397507366897,253.25195858402148,2.8747361595973597,234.06332397460938,327.5482177734375,0.420528536815875,39.22971725463867,3.039029598236084,14.575536727905273,58.34521484375
Ko et. al (Etapas 3),Bentheimer,0.29086863425925924,164.0166015625,1.0,7.601426738570958,14.200910580299334,500055.00000000006,14419.397507366897,253.25195858402157,2.8747361595973597,221.53414916992188,309.03961181640625,0.39343515031390436,38.30137634277344,3.14374041557312,17.173114776611328,59.56715774536133
Ko et. al (Etapas 3),Bentheimer,0.29086863425925924,164.0166015625,1.0,7.601426738570959,14.200910580299334,500055.00000000006,14419.3975073669,253.25195858402157,2.8747361595973597,222.09727478027344,311.5421447753906,0.4147821545810074,39.14279556274414,2.7576189041137695,11.9320068359375,58.363922119140625
Ko et. al (Etapas 3),Bentheimer,0.29143576388888887,771.2559814453125,1.0,9.143340284656233,16.124513844423173,499591.0,12522.851954799355,237.88310798564038,12.304666537792158,29.498550415039062,36.63746643066406,0.8987797107135302,36.44743347167969,0.7730968594551086,11.212438583374023,60.32592010498047
Ko et. al (Etapas 3),Bentheimer,0.29143576388888887,771.2559814453125,1.0,9.143340284656231,16.124513844423173,499591.0,12522.851954799355,237.8831079856404,12.304666537792158,23.47692108154297,30.86933135986328,0.9463812119056894,35.1934700012207,0.5707300901412964,0.3233049809932709,56.152732849121094
Ko et. al (Etapas 3),Bentheimer,0.29143576388888887,771.2559204101562,1.0,9.143340284656233,16.124513844423173,499591.0,12522.851954799355,237.8831079856404,12.304666537792158,28.320327758789062,34.57121658325195,0.9232480153707556,35.759708404541016,0.7541353702545166,9.280401229858398,59.16553497314453
Ko et. al (Etapas 3),Bentheimer,0.29143576388888887,771.2559814453125,1.0,9.143340284656235,16.124513844423173,499591.0,12522.851954799355,237.88310798564032,12.304666537792158,24.49657440185547,32.26170349121094,0.9525036763103983,35.35872268676758,0.5656442642211914,4.483931064605713,56.57832336425781
Ko et. al (Etapas 3),Bentheimer,0.2462199074074074,946.1887817382812,1.0,7.950891171206027,12.814906820871572,420250.0,10669.536704298893,188.13942776119092,16.07464925228143,30.437612533569336,32.83671188354492,0.9514236638123598,32.2448844909668,0.5057042241096497,8.951922416687012,56.88779830932617
Ko et. al (Etapas 3),Bentheimer,0.2462199074074074,946.1885986328125,1.0,7.950891171206024,12.814906820871572,420250.0,10669.536704298893,188.1394277611909,16.07464925228143,29.366186141967773,32.64613342285156,0.9670098405678532,30.397480010986328,0.5029986500740051,6.01857852935791,56.46345901489258
Ko et. al (Etapas 3),Bentheimer,0.2462199074074074,946.1887817382812,1.0,7.950891171206023,12.814906820871572,420250.0,10669.536704298893,188.1394277611909,16.07464925228143,28.995506286621094,33.102298736572266,0.9440275276589589,31.783527374267578,0.5228886008262634,10.6283540725708,56.862361907958984
Ko et. al (Etapas 3),Bentheimer,0.2462199074074074,946.1887817382812,1.0,7.950891171206026,12.814906820871572,420250.0,10669.536704298893,188.1394277611909,16.07464925228143,27.810392379760742,30.632583618164062,0.9647688374945316,31.950830459594727,0.4939923882484436,6.654286861419678,56.773372650146484
Ko et. al (Etapas 3),Bentheimer,0.33165509259259257,761.6765747070312,1.0,9.068782883823053,18.601075046419144,567717.0,14666.18711642865,281.01692925481007,1.1837148892459717,13.342933654785156,30.03696060180664,0.9132972718149397,33.022247314453125,0.8804253935813904,0.03293676674365997,59.399600982666016
Ko et. al (Etapas 3),Bentheimer,0.33165509259259257,761.6766357421875,1.0,9.068782883823054,18.601075046419144,567717.0,14666.18711642865,281.01692925481007,1.1837148892459717,20.662158966064453,31.572492599487305,0.9080207711694234,39.01373291015625,0.5999627709388733,0.7801476716995239,59.5263786315918
Ko et. al (Etapas 3),Bentheimer,0.33165509259259257,761.6765747070312,1.0,9.068782883823049,18.601075046419144,567717.0,14666.187116428646,281.01692925481024,1.1837148892459717,16.067718505859375,27.828733444213867,0.9330893375344174,34.35921859741211,0.9209070205688477,1.5709196329116821,60.356117248535156
Ko et. al (Etapas 3),Bentheimer,0.33165509259259257,761.6765747070312,1.0,9.06878288382305,18.601075046419144,567717.0,14666.187116428646,281.0169292548101,1.1837148892459717,17.929807662963867,37.61103057861328,0.8525992003153464,37.103981018066406,0.5358679890632629,1.5022318363189697,59.38827896118164
Ko et. al (Etapas 3),Bentheimer,0.27705150462962963,811.930419921875,1.0,7.574905005788287,16.673332624338627,474557.0,14384.275134643965,321.2845986505623,7.112236519419073,2.6362392902374268,22.720020294189453,0.9584480702358981,34.39424133300781,0.8101827502250671,8.091008186340332,53.50104522705078
Ko et. al (Etapas 3),Bentheimer,0.27705150462962963,811.9302978515625,1.0,7.574905005788292,16.673332624338627,474557.0,14384.275134643962,321.2845986505623,7.112236519419073,4.063202381134033,22.29437828063965,0.9651795098796528,36.60887145996094,0.7454030513763428,8.822369575500488,56.91593933105469
Ko et. al (Etapas 3),Bentheimer,0.27705150462962963,811.9302978515625,1.0,7.574905005788292,16.673332624338627,474557.0,14384.275134643969,321.2845986505623,7.112236519419073,1.6950238943099976,23.525033950805664,0.9589379204489432,35.823829650878906,0.861700713634491,8.283941268920898,53.417083740234375
Ko et. al (Etapas 3),Bentheimer,0.27705150462962963,811.9302368164062,1.0,7.574905005788292,16.673332624338627,474557.0,14384.275134643962,321.2845986505623,7.112236519419073,2.9684410095214844,22.884479522705078,0.9623247956507279,34.79991912841797,0.7363239526748657,9.568013191223145,55.87101745605469
Ko et. al (Etapas 3),Bentheimer,0.2394079861111111,885.4528198242188,1.0,7.817884746122449,13.399466542339818,409763.0,11693.943877942538,282.1696492206378,14.065318095746251,28.165401458740234,34.46004104614258,0.8978404463346029,41.07560729980469,1.2126859426498413,12.17226791381836,62.346134185791016
Ko et. al (Etapas 3),Bentheimer,0.2394079861111111,885.4528198242188,1.0,7.817884746122449,13.399466542339818,409763.0,11693.943877942536,282.1696492206379,14.065318095746251,20.016538619995117,31.574243545532227,0.9186525678003408,35.767921447753906,0.6092613339424133,1.3074313402175903,56.27581024169922
Ko et. al (Etapas 3),Bentheimer,0.2394079861111111,885.4528198242188,1.0,7.817884746122451,13.399466542339818,409763.0,11693.943877942538,282.1696492206378,14.065318095746251,20.76657485961914,36.97431182861328,0.8617424550849223,42.12596893310547,1.285873293876648,12.39616584777832,63.00105285644531
Ko et. al (Etapas 3),Bentheimer,0.2394079861111111,885.4528198242188,1.0,7.817884746122453,13.399466542339818,409763.0,11693.943877942536,282.1696492206379,14.065318095746251,18.179141998291016,29.27064323425293,0.9256343757027453,34.09394836425781,0.6419139504432678,1.3269981145858765,56.92979431152344
Ko et. al (Etapas 3),Bentheimer,0.3431383101851852,1400.6107177734375,1.0,7.293827168756711,13.847877428421883,590001.0,14425.644610928483,49.77521589779472,11.5586277420489,4.6717610359191895,20.90626335144043,0.950923700712031,26.98724937438965,0.5783114433288574,4.480018138885498,48.66730499267578
Ko et. al (Etapas 3),Bentheimer,0.3431383101851852,1400.6107177734375,1.0,7.293827168756713,13.847877428421883,590001.0,14425.644610928483,49.77521589779472,11.5586277420489,8.354588508605957,20.36372947692871,0.945776139832161,26.428150177001953,0.6333519220352173,5.3065385818481445,49.45314025878906
Ko et. al (Etapas 3),Bentheimer,0.3431383101851852,1400.6107177734375,1.0,7.293827168756709,13.847877428421883,590001.0,14425.644610928483,49.77521589779472,11.5586277420489,0.9595596194267273,21.396135330200195,0.9543015931675153,27.605533599853516,0.6203674674034119,6.279012680053711,49.1287956237793
Ko et. al (Etapas 3),Bentheimer,0.3431383101851852,1400.6107177734375,1.0,7.293827168756713,13.847877428421883,590001.0,14425.644610928483,49.77521589779471,11.5586277420489,0.24698074162006378,23.69036865234375,0.9453072435358799,26.42010498046875,0.7111168503761292,7.595118999481201,49.73637390136719
Ko et. al (Etapas 3),Bentheimer,0.2940306712962963,796.1959838867188,1.0,9.311848663295835,19.949937514490813,501303.0,12285.251806490007,190.81801444283258,0.6963028760270421,6.6460089683532715,34.843772888183594,0.9219112133931618,33.911834716796875,0.8412988781929016,5.439198017120361,60.32086181640625
Ko et. al (Etapas 3),Bentheimer,0.2940306712962963,796.1958618164062,1.0,9.311848663295839,19.949937514490813,501303.0,12285.251806490003,190.81801444283255,0.6963028760270421,1.580133080482483,31.377939224243164,0.9354954597968371,29.761598587036133,0.8319084644317627,2.1652321815490723,58.49091339111328
Ko et. al (Etapas 3),Bentheimer,0.2940306712962963,796.1959838867188,1.0,9.311848663295835,19.949937514490813,501303.0,12285.251806490003,190.8180144428326,0.6963028760270421,3.06577467918396,32.21293258666992,0.93202592571272,33.082366943359375,0.7886862754821777,6.711211204528809,60.33660125732422
Ko et. al (Etapas 3),Bentheimer,0.2940306712962963,796.1959838867188,1.0,9.311848663295834,19.949937514490813,501303.0,12285.251806490007,190.81801444283258,0.6963028760270421,6.078520774841309,33.32331085205078,0.9333278018386969,29.197479248046875,0.9295440912246704,3.245269775390625,58.35111618041992
Ko et. al (Etapas 3),Bentheimer,0.20051331018518517,672.9432373046875,1.0,6.709072632606324,14.254381292074651,342408.0,10941.001185719839,256.879643129291,12.185300330473238,8.71393871307373,22.447437286376953,0.9679772070741892,35.68455123901367,0.615782618522644,4.233345031738281,57.1865234375
Ko et. al (Etapas 3),Bentheimer,0.20051331018518517,672.9432373046875,1.0,6.7090726326063255,14.254381292074651,342408.0,10941.001185719839,256.879643129291,12.185300330473238,9.908987998962402,18.40284538269043,0.9715178020743104,31.741981506347656,0.9059685468673706,0.7216646671295166,55.0833854675293
Ko et. al (Etapas 3),Bentheimer,0.20051331018518517,672.9431762695312,1.0,6.7090726326063255,14.254381292074651,342408.0,10941.001185719839,256.879643129291,12.185300330473238,15.446041107177734,23.1424503326416,0.9621476988812621,35.89659881591797,0.535097599029541,2.6342790126800537,57.05295181274414
Ko et. al (Etapas 3),Bentheimer,0.20051331018518517,672.9432373046875,1.0,6.709072632606324,14.254381292074651,342408.0,10941.001185719839,256.879643129291,12.185300330473238,14.670784950256348,20.17636489868164,0.9715344589481577,30.276826858520508,0.8870298266410828,0.93890380859375,54.54326248168945
Ko et. al (Etapas 3),Bentheimer,0.2325642361111111,597.6245727539062,1.0,7.461111485281684,12.963734131138082,397199.0,11169.320137652176,216.2994671117935,11.170687568262405,21.76526641845703,30.32807159423828,0.9241702169076957,34.10575866699219,0.6542444229125977,5.822360515594482,56.5049934387207
Ko et. al (Etapas 3),Bentheimer,0.2325642361111111,597.6244506835938,1.0,7.461111485281687,12.963734131138082,397199.0,11169.320137652174,216.2994671117935,11.170687568262405,23.06802749633789,29.66473388671875,0.9029823454241193,34.85970687866211,0.5500034689903259,8.216715812683105,58.06331253051758
Ko et. al (Etapas 3),Bentheimer,0.2325642361111111,597.6245727539062,1.0,7.4611114852816875,12.963734131138082,397199.0,11169.320137652176,216.29946711179352,11.170687568262405,22.84297752380371,29.404159545898438,0.9327576733981049,34.04768753051758,0.6693055033683777,6.880664825439453,56.48806381225586
Ko et. al (Etapas 3),Bentheimer,0.2325642361111111,597.6244506835938,1.0,7.461111485281687,12.963734131138082,397199.0,11169.320137652174,216.29946711179352,11.170687568262405,24.07637596130371,31.866615295410156,0.8903131675804641,35.04622268676758,0.55356365442276,9.507641792297363,58.14420700073242
Ko et. al (Etapas 3),Bentheimer,0.21982407407407406,380.71044921875,1.0,7.841996334276688,15.362290206641793,376777.0,10580.899938206781,202.9980797989821,6.00809910171905,3.1601383686065674,40.78584671020508,0.8593636064412952,42.39542770385742,0.8096157312393188,11.935861587524414,60.47522735595703
Ko et. al (Etapas 3),Bentheimer,0.21982407407407406,380.7104797363281,1.0,7.841996334276689,15.362290206641793,376777.0,10580.899938206781,202.99807979898213,6.00809910171905,1.6873507499694824,47.933860778808594,0.7973281514508336,42.806129455566406,0.6866593956947327,12.9480619430542,61.49560546875
Ko et. al (Etapas 3),Bentheimer,0.21982407407407406,380.71044921875,1.0,7.841996334276688,15.362290206641793,376777.0,10580.899938206783,202.99807979898213,6.00809910171905,10.176944732666016,42.841461181640625,0.8508618294480222,43.0055046081543,0.7680441737174988,7.4334306716918945,60.56813049316406
Ko et. al (Etapas 3),Bentheimer,0.21982407407407406,380.71044921875,1.0,7.841996334276688,15.362290206641793,376777.0,10580.899938206783,202.99807979898213,6.00809910171905,3.298746109008789,48.689640045166016,0.8129702375844096,41.6925163269043,0.7643592357635498,12.329623222351074,63.23810577392578
Ko et. al (Etapas 3),Bentheimer,0.2083125,474.903076171875,1.0,6.929948149198964,13.928388479609902,355305.0,11274.108700633727,269.6689276484768,11.857043260346202,24.7518310546875,30.867443084716797,0.9182152166544951,30.493011474609375,0.31298139691352844,0.28338032960891724,54.87125015258789
Ko et. al (Etapas 3),Bentheimer,0.2083125,474.90313720703125,1.0,6.929948149198964,13.928388479609902,355305.0,11274.108700633726,269.6689276484768,11.857043260346202,25.582202911376953,30.177343368530273,0.9375883251416212,34.68888854980469,0.45757800340652466,1.9704219102859497,58.02900695800781
Ko et. al (Etapas 3),Bentheimer,0.2083125,474.90313720703125,1.0,6.929948149198966,13.928388479609902,355305.0,11274.108700633727,269.6689276484768,11.857043260346202,22.069021224975586,28.98836898803711,0.9007401225218976,30.943187713623047,0.37200042605400085,4.024326324462891,56.159305572509766
Ko et. al (Etapas 3),Bentheimer,0.2083125,474.903076171875,1.0,6.929948149198964,13.928388479609902,355305.0,11274.108700633724,269.6689276484768,11.857043260346202,19.571500778198242,27.808189392089844,0.9237133217688166,34.52717971801758,0.47433680295944214,6.858678340911865,57.22605514526367
Ko et. al (Etapas 3),Bentheimer,0.27114641203703704,814.0779418945312,1.0,9.448547065068384,18.000000106278666,467108.99999999994,11692.2871205728,207.35293694558985,5.0631166271109205,3.6570775508880615,25.869474411010742,0.9271649853629019,34.18077087402344,0.6015205383300781,6.059371471405029,59.1126594543457
Ko et. al (Etapas 3),Bentheimer,0.27114641203703704,814.0779418945312,1.0,9.448547065068382,18.000000106278666,467108.99999999994,11692.2871205728,207.35293694558985,5.0631166271109205,9.657265663146973,21.784494400024414,0.9453433480733257,33.98586654663086,1.0451865196228027,5.883739948272705,55.840877532958984
Ko et. al (Etapas 3),Bentheimer,0.27114641203703704,814.0779418945312,1.0,9.448547065068382,18.000000106278666,467108.99999999994,11692.2871205728,207.35293694558985,5.0631166271109205,9.383745193481445,27.872156143188477,0.9258488964266597,35.06614685058594,0.6387152075767517,4.494840145111084,59.40107345581055
Ko et. al (Etapas 3),Bentheimer,0.27114641203703704,814.0779418945312,1.0,9.448547065068388,18.000000106278666,467108.99999999994,11692.2871205728,207.35293694558985,5.0631166271109205,2.17279052734375,22.931623458862305,0.9338849342998593,32.874473571777344,0.948948323726654,4.690032005310059,56.936973571777344
Ko et. al (Etapas 3),Bentheimer,0.24149652777777778,295.6301574707031,1.0,8.956783986488333,16.155494658690014,414179.0,10495.036902663192,196.373291846961,6.475616747051493,68.73026275634766,111.16948699951172,0.6309220241102949,36.96748733520508,1.4038878679275513,9.510854721069336,59.21605682373047
Ko et. al (Etapas 3),Bentheimer,0.24149652777777778,295.6301574707031,1.0,8.956783986488334,16.155494658690014,414179.0,10495.036902663192,196.37329184696102,6.475616747051493,58.76128387451172,103.91539764404297,0.6388359779968669,36.3929328918457,0.9972823858261108,11.749030113220215,58.54916000366211
Ko et. al (Etapas 3),Bentheimer,0.24149652777777778,295.6301574707031,1.0,8.956783986488338,16.155494658690014,414179.0,10495.036902663192,196.37329184696102,6.475616747051493,71.12198638916016,113.51991271972656,0.6218517834468709,36.55900955200195,1.4586272239685059,10.323812484741211,59.391475677490234
Ko et. al (Etapas 3),Bentheimer,0.24149652777777778,295.63018798828125,1.0,8.956783986488336,16.155494658690014,414179.0,10495.036902663192,196.37329184696097,6.475616747051493,72.79951477050781,120.97002410888672,0.5947860383096336,36.78631591796875,1.0938353538513184,14.239700317382812,57.60395050048828
Ko et. al (Etapas 3),Bentheimer,0.19308622685185184,199.29660034179688,1.0,7.32829008051328,14.200910580299334,330274.0,10071.941699747453,218.7975570930974,7.062500599702856,1.6100058555603027,59.7458610534668,0.7108059381165639,39.84443283081055,0.7645437717437744,3.3049821853637695,66.5814208984375
Ko et. al (Etapas 3),Bentheimer,0.19308622685185184,199.29660034179688,1.0,7.328290080513278,14.200910580299334,330274.0,10071.941699747453,218.7975570930974,7.062500599702856,3.1135098934173584,64.88175964355469,0.7164701127786148,44.70709228515625,0.6004108190536499,8.659637451171875,63.227264404296875
Ko et. al (Etapas 3),Bentheimer,0.19308622685185184,199.2965545654297,1.0,7.328290080513278,14.200910580299334,330274.0,10071.941699747455,218.7975570930974,7.062500599702856,3.4748942852020264,52.04597473144531,0.7395873658062647,41.059654235839844,0.7940127849578857,6.230990409851074,66.3170166015625
Ko et. al (Etapas 3),Bentheimer,0.19308622685185184,199.29660034179688,1.0,7.328290080513277,14.200910580299334,330274.0,10071.941699747451,218.7975570930974,7.062500599702856,1.1151928901672363,57.761356353759766,0.734173361344017,44.86713409423828,0.6069675087928772,10.625368118286133,63.75865936279297
Ko et. al (Etapas 3),Bentheimer,0.2614577546296296,750.8656616210938,1.0,7.887788832426748,16.43167780101552,450216.0,12739.985190391859,275.9187954955638,15.060036490070598,6.531128406524658,21.296232223510742,0.9508499005156044,32.69448471069336,0.5991880297660828,3.463366985321045,55.06745147705078
Ko et. al (Etapas 3),Bentheimer,0.2614577546296296,750.86572265625,1.0,7.887788832426749,16.43167780101552,450216.0,12739.985190391859,275.9187954955638,15.060036490070598,9.526238441467285,25.749191284179688,0.9312052783247033,31.05884552001953,0.49317821860313416,1.1096265316009521,54.502498626708984
Ko et. al (Etapas 3),Bentheimer,0.2614577546296296,750.86572265625,1.0,7.887788832426746,16.43167780101552,450216.0,12739.985190391859,275.9187954955638,15.060036490070598,11.86387825012207,21.872098922729492,0.9590648502215122,32.090675354003906,0.5475260615348816,1.6064393520355225,55.08203887939453
Ko et. al (Etapas 3),Bentheimer,0.2614577546296296,750.8656616210938,1.0,7.887788832426748,16.43167780101552,450216.0,12739.985190391859,275.9187954955638,15.060036490070598,9.714250564575195,23.44947052001953,0.9459372273229895,31.373741149902344,0.5597693920135498,3.1499314308166504,54.585960388183594
Ko et. al (Etapas 3),Bentheimer,0.21410590277777777,179.44224548339844,1.0,6.779549232694384,12.963734131138082,365951.0,11443.020097071012,243.09085589258922,7.380810485886647,7.8165740966796875,42.716182708740234,0.8361813812241595,43.52626037597656,0.5988641977310181,7.937460422515869,63.258235931396484
Ko et. al (Etapas 3),Bentheimer,0.21410590277777777,179.44223022460938,1.0,6.779549232694385,12.963734131138082,365951.0,11443.020097071014,243.09085589258916,7.380810485886647,15.445853233337402,34.93413162231445,0.8834829129517916,44.92341232299805,0.5570946931838989,3.725437879562378,62.80449295043945
Ko et. al (Etapas 3),Bentheimer,0.21410590277777777,179.44223022460938,1.0,6.779549232694385,12.963734131138082,365951.0,11443.020097071014,243.09085589258916,7.380810485886647,12.553128242492676,36.35475158691406,0.8562095834532536,43.173500061035156,0.6413537859916687,1.374114751815796,62.68503189086914
Ko et. al (Etapas 3),Bentheimer,0.21410590277777777,179.44223022460938,1.0,6.779549232694387,12.963734131138082,365951.0,11443.020097071012,243.09085589258922,7.380810485886647,7.9544830322265625,33.87699890136719,0.8914377567082933,43.71134567260742,0.635738730430603,0.04684726148843765,61.70895767211914
Ko et. al (Etapas 3),Bentheimer,0.32726967592592593,2029.3011474609375,1.0,8.870804654566479,17.916472456840896,561642.0,13241.733936828763,176.15411547298424,6.714349161689336,5.088034152984619,18.25065040588379,0.9628531945388811,28.201231002807617,0.7873981595039368,5.9685258865356445,53.31702423095703
Ko et. al (Etapas 3),Bentheimer,0.32726967592592593,2029.3011474609375,1.0,8.87080465456648,17.916472456840896,561642.0,13241.733936828763,176.15411547298422,6.714349161689336,6.517411231994629,17.145198822021484,0.9724031663180459,28.371044158935547,0.6811119914054871,8.044867515563965,51.98554611206055
Ko et. al (Etapas 3),Bentheimer,0.32726967592592593,2029.3011474609375,1.0,8.870804654566475,17.916472456840896,561642.0,13241.733936828763,176.15411547298424,6.714349161689336,6.191254138946533,19.535301208496094,0.9620536347171808,30.000686645507812,0.833792507648468,9.685378074645996,53.218421936035156
Ko et. al (Etapas 3),Bentheimer,0.32726967592592593,2029.3011474609375,1.0,8.870804654566479,17.916472456840896,561642.0,13241.733936828763,176.15411547298424,6.714349161689336,3.7617499828338623,20.01381492614746,0.9623238297268665,29.575321197509766,0.6981512308120728,6.498258590698242,51.40846252441406
Ko et. al (Etapas 3),Bentheimer,0.28297337962962965,2396.728515625,1.0,10.267775784711452,19.209372945953984,485719.0,11676.289895679503,264.3291991070972,8.286004224721802,31.244077682495117,35.339088439941406,0.9086851703707937,31.59148406982422,0.5805765986442566,1.5630128383636475,54.22509765625
Ko et. al (Etapas 3),Bentheimer,0.28297337962962965,2396.728515625,1.0,10.267775784711452,19.209372945953984,485719.0,11676.289895679503,264.32919910709717,8.286004224721802,36.269893646240234,42.7298469543457,0.856494056335288,38.61299133300781,0.825605034828186,11.854970932006836,59.77413558959961
Ko et. al (Etapas 3),Bentheimer,0.28297337962962965,2396.728515625,1.0,10.267775784711455,19.209372945953984,485719.0,11676.289895679503,264.32919910709717,8.286004224721802,28.086341857910156,32.7423210144043,0.9185408397233905,33.274723052978516,0.5584908127784729,2.5923590660095215,54.96880340576172
Ko et. al (Etapas 3),Bentheimer,0.28297337962962965,2396.728515625,1.0,10.267775784711452,19.209372945953984,485719.0,11676.289895679503,264.32919910709717,8.286004224721802,40.72856521606445,45.12459182739258,0.8823378959618601,38.5181770324707,0.7665823698043823,9.882233619689941,60.786705017089844
Ko et. al (Etapas 3),Bentheimer,0.2868587962962963,269.7256774902344,1.0,8.357253479033396,16.806304838990258,492299.0,14662.002686650203,378.9502719815336,12.543398952430001,143.33139038085938,205.9047393798828,0.404396834116345,38.69706726074219,1.7872017621994019,7.442066669464111,60.93358612060547
Ko et. al (Etapas 3),Bentheimer,0.2868587962962963,269.7256774902344,1.0,8.357253479033396,16.806304838990258,492299.0,14662.002686650203,378.9502719815336,12.543398952430001,230.76954650878906,339.1700744628906,0.31795114583694045,36.138580322265625,2.466329574584961,1.0830821990966797,55.41688537597656
Ko et. al (Etapas 3),Bentheimer,0.2868587962962963,269.7256774902344,1.0,8.357253479033394,16.806304838990258,492299.0,14662.002686650201,378.9502719815337,12.543398952430001,174.3577880859375,242.39794921875,0.4142761674503303,39.85602951049805,2.1870195865631104,10.334824562072754,61.256591796875
Ko et. al (Etapas 3),Bentheimer,0.2868587962962963,269.7256774902344,1.0,8.357253479033394,16.806304838990258,492299.0,14662.002686650203,378.9502719815337,12.543398952430001,225.60400390625,316.9049072265625,0.3333057599979294,37.293418884277344,2.0198378562927246,14.70517349243164,56.50661849975586
Ko et. al (Etapas 3),Bentheimer,0.2500943287037037,558.9031982421875,1.0,7.6143900186637765,13.456406356667104,429640.0,13038.647836558343,356.39306536245,11.84709607640296,27.067012786865234,37.599788665771484,0.9415096659299639,34.163883209228516,0.7355028390884399,1.2847342491149902,58.79193115234375
Ko et. al (Etapas 3),Bentheimer,0.2500943287037037,558.9031982421875,1.0,7.614390018663778,13.456406356667104,429640.0,13038.647836558343,356.39306536245,11.84709607640296,35.32925033569336,44.855499267578125,0.8900519900720364,37.26591873168945,0.7255553603172302,1.8000023365020752,59.15864944458008
Ko et. al (Etapas 3),Bentheimer,0.2500943287037037,558.903076171875,1.0,7.61439001866378,13.456406356667104,429640.0,13038.647836558343,356.39306536245,11.84709607640296,28.277311325073242,38.68541717529297,0.9444598686810856,35.978878021240234,0.7554836869239807,0.18817873299121857,59.51344680786133
Ko et. al (Etapas 3),Bentheimer,0.2500943287037037,558.9031982421875,1.0,7.61439001866378,13.456406356667104,429640.0,13038.647836558343,356.39306536244993,11.84709607640296,27.73824691772461,38.0948371887207,0.9082926834244484,36.02666473388672,0.7749925255775452,6.082754135131836,59.32359313964844
Ko et. al (Etapas 3),Bentheimer,0.3136059027777778,1380.6453857421875,1.0,8.06906658333123,16.062377614122575,536661.0,13810.346173987702,193.88365286160536,3.202993229724394,25.69426155090332,30.3052921295166,0.8956277024783907,29.252368927001953,0.7116677165031433,9.253782272338867,53.991764068603516
Ko et. al (Etapas 3),Bentheimer,0.3136059027777778,1380.6453857421875,1.0,8.069066583331226,16.062377614122575,536661.0,13810.346173987706,193.88365286160533,3.202993229724394,19.1393985748291,25.0445613861084,0.9416365734420217,26.359895706176758,0.2998371720314026,2.7093892097473145,50.744205474853516
Ko et. al (Etapas 3),Bentheimer,0.3136059027777778,1380.6453857421875,1.0,8.069066583331228,16.062377614122575,536661.0,13810.346173987706,193.88365286160533,3.202993229724394,27.091712951660156,32.09246826171875,0.8866076989252646,29.084365844726562,0.7096368670463562,8.336942672729492,54.08460998535156
Ko et. al (Etapas 3),Bentheimer,0.3136059027777778,1380.6453857421875,1.0,8.06906658333123,16.062377614122575,536661.0,13810.346173987702,193.88365286160533,3.202993229724394,22.839080810546875,27.32189178466797,0.939610311270229,25.99388885498047,0.324579656124115,2.6882290840148926,51.261985778808594
Ko et. al (Etapas 3),Bentheimer,0.2303263888888889,442.39569091796875,1.0,6.622577876962173,10.962690196374155,394763.0,12422.30134699465,281.90690481032317,9.48961348185426,42.89555358886719,48.91596984863281,0.9248369188701003,35.46039581298828,0.6204261779785156,1.2275850772857666,56.530517578125
Ko et. al (Etapas 3),Bentheimer,0.2303263888888889,442.39569091796875,1.0,6.622577876962176,10.962690196374155,394763.0,12422.30134699465,281.90690481032317,9.48961348185426,44.604225158691406,50.92359161376953,0.9254232629780117,35.48774337768555,0.6016684174537659,2.02254319190979,56.51791763305664
Ko et. al (Etapas 3),Bentheimer,0.2303263888888889,442.3956298828125,1.0,6.6225778769621755,10.962690196374155,394763.0,12422.301346994653,281.90690481032317,9.48961348185426,46.09173583984375,52.423702239990234,0.9256807591696857,36.67451095581055,0.6202292442321777,2.431002140045166,56.36795425415039
Ko et. al (Etapas 3),Bentheimer,0.2303263888888889,442.39569091796875,1.0,6.6225778769621755,10.962690196374155,394763.0,12422.301346994653,281.9069048103232,9.48961348185426,47.1793327331543,54.87874221801758,0.9185579415363132,36.51701736450195,0.6154571175575256,1.82875394821167,56.03911209106445
Ko et. al (Etapas 3),Bentheimer,0.21643113425925925,358.9593811035156,1.0,6.797425414035992,13.453623023082278,369231.0,11525.31224485067,238.32432172042002,13.528170162811106,46.091957092285156,55.54063415527344,0.8887858007661454,40.237483978271484,0.5223671197891235,9.698517799377441,62.4353141784668
Ko et. al (Etapas 3),Bentheimer,0.21643113425925925,358.9593811035156,1.0,6.7974254140359935,13.453623023082278,369231.0,11525.31224485067,238.32432172042002,13.528170162811106,45.085506439208984,54.29845428466797,0.8923439873997766,40.58967971801758,0.7238313555717468,8.211831092834473,62.27408981323242
Ko et. al (Etapas 3),Bentheimer,0.21643113425925925,358.9593811035156,1.0,6.797425414035994,13.453623023082278,369231.0,11525.31224485067,238.32432172042007,13.528170162811106,46.27616500854492,56.55420684814453,0.8653958314821568,40.58126449584961,0.5129080414772034,10.059596061706543,63.51133728027344
Ko et. al (Etapas 3),Bentheimer,0.21643113425925925,358.9593505859375,1.0,6.797425414035992,13.453623023082278,369231.0,11525.31224485067,238.32432172042002,13.528170162811106,47.999759674072266,56.47321701049805,0.8856439224603264,40.603336334228516,0.7234196662902832,7.9194231033325195,63.667213439941406
Ko et. al (Etapas 3),Bentheimer,0.240609375,418.41357421875,1.0,7.789361541894179,14.866069191748569,414167.0,11664.37148006336,244.25129348838215,9.201145147500199,5.051525592803955,51.710289001464844,0.7541672093153065,35.63992691040039,0.33881285786628723,7.818048000335693,57.77200698852539
Ko et. al (Etapas 3),Bentheimer,0.240609375,418.41357421875,1.0,7.78936154189418,14.866069191748569,414167.0,11664.371480063359,244.25129348838215,9.201145147500199,0.13449285924434662,58.42184066772461,0.7039393657969597,36.690975189208984,0.6459017395973206,9.81645393371582,57.7319221496582
Ko et. al (Etapas 3),Bentheimer,0.240609375,418.41363525390625,1.0,7.789361541894176,14.866069191748569,414167.0,11664.37148006336,244.25129348838215,9.201145147500199,0.8876366019248962,52.92342758178711,0.746160287919123,33.77085494995117,0.419499933719635,3.6340434551239014,58.80511474609375
Ko et. al (Etapas 3),Bentheimer,0.240609375,418.41363525390625,1.0,7.789361541894181,14.866069191748569,414167.0,11664.37148006336,244.25129348838215,9.201145147500199,0.50027996301651,54.16128921508789,0.7154738093201176,35.55030822753906,0.6175799369812012,10.977121353149414,58.38373565673828
Ko et. al (Etapas 3),Bentheimer,0.28247395833333333,1235.4779052734375,1.0,8.04662194386595,14.955962696443185,485949.0,13165.203980220274,227.21439190094358,10.185916357881302,1.2128698825836182,23.730310440063477,0.9457876397063044,28.14823341369629,0.8848857879638672,6.688051223754883,53.48126220703125
Ko et. al (Etapas 3),Bentheimer,0.28247395833333333,1235.4779052734375,1.0,8.04662194386595,14.955962696443185,485949.0,13165.203980220276,227.21439190094353,10.185916357881302,0.4719039797782898,21.261463165283203,0.9488646192994258,26.920616149902344,0.6115027666091919,5.320021629333496,55.129512786865234
Ko et. al (Etapas 3),Bentheimer,0.28247395833333333,1235.477783203125,1.0,8.04662194386595,14.955962696443185,485949.0,13165.203980220274,227.21439190094358,10.185916357881302,0.8590773940086365,21.730031967163086,0.9575190516398965,28.417638778686523,0.8869772553443909,7.72967529296875,53.57278823852539
Ko et. al (Etapas 3),Bentheimer,0.28247395833333333,1235.477783203125,1.0,8.046621943865953,14.955962696443185,485949.0,13165.203980220276,227.21439190094353,10.185916357881302,4.602059841156006,24.519990921020508,0.9538216545806615,27.808313369750977,0.6302086114883423,5.172791957855225,55.529048919677734
Ko et. al (Etapas 3),Bentheimer,0.2543229166666667,400.0610656738281,1.0,9.32298019584814,19.13112662517818,434388.00000000006,11450.10843869225,280.34120910177666,16.154226723827378,7.071323871612549,33.267127990722656,0.929269951547012,43.261924743652344,0.9297398924827576,9.013022422790527,66.64661407470703
Ko et. al (Etapas 3),Bentheimer,0.2543229166666667,400.0610656738281,1.0,9.322980195848139,19.13112662517818,434388.00000000006,11450.108438692247,280.3412091017766,16.154226723827378,10.80536937713623,35.27159118652344,0.9294167763650559,37.91215515136719,0.6835716366767883,5.667680740356445,65.36890411376953
Ko et. al (Etapas 3),Bentheimer,0.2543229166666667,400.0610656738281,1.0,9.322980195848137,19.13112662517818,434388.00000000006,11450.10843869225,280.3412091017766,16.154226723827378,4.034331321716309,37.463111877441406,0.9255978653014125,44.3961296081543,1.02603018283844,10.688949584960938,66.55363464355469
Ko et. al (Etapas 3),Bentheimer,0.2543229166666667,400.0610656738281,1.0,9.32298019584814,19.13112662517818,434388.00000000006,11450.108438692248,280.3412091017766,16.154226723827378,26.620555877685547,31.220155715942383,0.9405956670982153,38.36293029785156,0.825986921787262,1.1510246992111206,64.23290252685547
Ko et. al (Etapas 3),Bentheimer,0.24168576388888888,688.45849609375,1.0,7.133611133759655,12.934116827943688,414771.0,12358.058976948012,305.1977831533018,20.749825705605854,24.720481872558594,31.886459350585938,0.9404036349612768,35.4827766418457,0.7489767670631409,8.357322692871094,57.34468078613281
Ko et. al (Etapas 3),Bentheimer,0.24168576388888888,688.4586181640625,1.0,7.133611133759653,12.934116827943688,414771.0,12358.058976948012,305.1977831533018,20.749825705605854,23.662839889526367,30.78462791442871,0.9350913813163196,32.3386344909668,0.695720374584198,3.4449639320373535,55.793514251708984
Ko et. al (Etapas 3),Bentheimer,0.24168576388888888,688.45849609375,1.0,7.133611133759654,12.934116827943688,414771.0,12358.058976948012,305.1977831533018,20.749825705605854,27.35103416442871,33.86984634399414,0.9222138038690465,35.0231819152832,0.7376611232757568,5.190591335296631,58.25141525268555
Ko et. al (Etapas 3),Bentheimer,0.24168576388888888,688.45849609375,1.0,7.133611133759653,12.934116827943688,414771.0,12358.058976948012,305.1977831533018,20.749825705605854,25.0185604095459,32.82730484008789,0.9257046051703893,32.406105041503906,0.6620396971702576,3.0662336349487305,55.996864318847656
Ko et. al (Etapas 3),Bentheimer,0.25300520833333334,306.624267578125,1.0,7.305070756064393,11.277217368447864,433972.0,13000.218599804977,324.1268064294381,13.150177172967854,41.5263557434082,62.771766662597656,0.6286422262053016,45.383480072021484,0.6935689449310303,21.36745834350586,63.04448318481445
Ko et. al (Etapas 3),Bentheimer,0.25300520833333334,306.624267578125,1.0,7.305070756064396,11.277217368447864,433972.0,13000.218599804977,324.126806429438,13.150177172967854,38.66965103149414,62.35434341430664,0.6439645286952694,41.96230697631836,0.5610204935073853,16.332685470581055,60.24867630004883
Ko et. al (Etapas 3),Bentheimer,0.25300520833333334,306.6242370605469,1.0,7.305070756064398,11.277217368447864,433972.0,13000.218599804977,324.1268064294381,13.150177172967854,39.59037780761719,58.586273193359375,0.6449573546961719,46.32377243041992,0.6911813616752625,16.124874114990234,63.56273651123047
Ko et. al (Etapas 3),Bentheimer,0.25300520833333334,306.624267578125,1.0,7.305070756064398,11.277217368447864,433972.0,13000.218599804977,324.12680642943803,13.150177172967854,38.068267822265625,59.206424713134766,0.6830114674972589,42.819435119628906,0.5447137951850891,17.280128479003906,60.0745964050293
Ko et. al (Etapas 3),Bentheimer,0.21938368055555554,351.7776184082031,1.0,7.782281401962159,14.905222994063115,374881.0,11149.764273278886,265.0623684354283,9.221039515386687,8.26948356628418,36.118160247802734,0.9037559847263795,40.21978759765625,0.6821932792663574,10.222354888916016,60.010337829589844
Ko et. al (Etapas 3),Bentheimer,0.21938368055555554,351.7776184082031,1.0,7.782281401962162,14.905222994063115,374881.0,11149.764273278886,265.0623684354283,9.221039515386687,5.032924652099609,29.312944412231445,0.9343176902700792,36.85216522216797,0.5693047642707825,4.9646172523498535,62.988319396972656
Ko et. al (Etapas 3),Bentheimer,0.21938368055555554,351.7776184082031,1.0,7.782281401962161,14.905222994063115,374881.0,11149.764273278885,265.0623684354283,9.221039515386687,12.865015983581543,39.68519973754883,0.8864412150621762,40.22785949707031,0.6470825672149658,10.466195106506348,60.745750427246094
Ko et. al (Etapas 3),Bentheimer,0.21938368055555554,351.7776184082031,1.0,7.782281401962158,14.905222994063115,374881.0,11149.764273278886,265.0623684354283,9.221039515386687,1.1104028224945068,27.47163963317871,0.9363492643258714,37.47822189331055,0.5275814533233643,2.753052234649658,63.38154983520508
Ko et. al (Etapas 3),Bentheimer,0.2908321759259259,893.1209106445312,1.0,9.128730481724842,17.916472456840896,497760.00000000006,12320.202513759134,182.83228206775175,2.0690142601946393,4.440160274505615,27.640899658203125,0.9426998015788987,32.47273635864258,0.6787954568862915,3.9336774349212646,56.498809814453125
Ko et. al (Etapas 3),Bentheimer,0.2908321759259259,893.1209106445312,1.0,9.12873048172485,17.916472456840896,497760.00000000006,12320.202513759134,182.8322820677517,2.0690142601946393,4.7013840675354,34.75812530517578,0.9260888771556626,36.63582229614258,0.6876939535140991,8.591833114624023,58.81977462768555
Ko et. al (Etapas 3),Bentheimer,0.2908321759259259,893.1210327148438,1.0,9.128730481724846,17.916472456840896,497760.00000000006,12320.202513759134,182.8322820677517,2.0690142601946393,3.1119611263275146,29.99066925048828,0.9359460874977547,32.86845397949219,0.6833751201629639,4.7501749992370605,57.288448333740234
Ko et. al (Etapas 3),Bentheimer,0.2908321759259259,893.1210327148438,1.0,9.128730481724844,17.916472456840896,497760.00000000006,12320.202513759134,182.8322820677517,2.0690142601946393,2.9906413555145264,29.96588897705078,0.9392487273460514,36.250343322753906,0.6998903155326843,9.222243309020996,58.08891677856445
Ko et. al (Etapas 3),Bentheimer,0.23005555555555557,423.3265686035156,1.0,7.607963915084911,17.720045094955278,395481.0,11786.477663453985,267.38282641820683,14.035476543916523,31.47097396850586,47.359642028808594,0.8651434030086529,37.00105667114258,0.7280835509300232,8.013559341430664,58.45247268676758
Ko et. al (Etapas 3),Bentheimer,0.23005555555555557,423.3265686035156,1.0,7.607963915084912,17.720045094955278,395481.0,11786.477663453983,267.38282641820683,14.035476543916523,21.06425666809082,40.09886932373047,0.8933907628495371,35.78388214111328,1.0504804849624634,11.55044174194336,59.56535720825195
Ko et. al (Etapas 3),Bentheimer,0.23005555555555557,423.3265686035156,1.0,7.607963915084912,17.720045094955278,395481.0,11786.477663453987,267.38282641820683,14.035476543916523,30.88156509399414,44.63762283325195,0.8932105764800455,37.49674987792969,0.7244599461555481,7.956145286560059,58.331016540527344
Ko et. al (Etapas 3),Bentheimer,0.23005555555555557,423.3265686035156,1.0,7.607963915084911,17.720045094955278,395481.0,11786.477663453985,267.38282641820683,14.035476543916523,35.430423736572266,48.190467834472656,0.8618308872230647,37.564186096191406,1.1313599348068237,8.391549110412598,61.22990798950195
Ko et. al (Etapas 3),Bentheimer,0.26453761574074075,689.4893188476562,1.0,8.44477126551182,13.456406356667104,452967.0,11879.899862846363,223.96177020614672,7.311180198283943,42.5058708190918,46.082210540771484,0.9319554377120798,34.71811294555664,0.588325023651123,5.129714488983154,57.8662109375
Ko et. al (Etapas 3),Bentheimer,0.26453761574074075,689.4893188476562,1.0,8.444771265511818,13.456406356667104,452967.0,11879.899862846367,223.96177020614664,7.311180198283943,37.932647705078125,42.752132415771484,0.9066262084658667,33.41037368774414,0.48642203211784363,4.344001293182373,55.47776412963867
Ko et. al (Etapas 3),Bentheimer,0.26453761574074075,689.4893798828125,1.0,8.44477126551182,13.456406356667104,452967.0,11879.899862846367,223.9617702061467,7.311180198283943,40.19671630859375,45.00578308105469,0.9275421436373427,33.51015853881836,0.5322898030281067,7.766224384307861,58.11619567871094
Ko et. al (Etapas 3),Bentheimer,0.26453761574074075,689.4893188476562,1.0,8.44477126551182,13.456406356667104,452967.0,11879.899862846363,223.96177020614672,7.311180198283943,37.83469009399414,42.956417083740234,0.9109043348383074,33.48011016845703,0.5011288523674011,4.3305206298828125,55.23210906982422
Ko et. al (Etapas 3),Bentheimer,0.28316319444444443,729.5350952148438,1.0,7.8098413050824655,14.254381292074651,485847.0,12994.331998682814,234.71362186529979,13.756955393505706,13.598776817321777,29.583791732788086,0.9192468368859982,37.939632415771484,0.7104750871658325,7.640269756317139,60.11850357055664
Ko et. al (Etapas 3),Bentheimer,0.28316319444444443,729.5350952148438,1.0,7.809841305082466,14.254381292074651,485847.0,12994.331998682814,234.71362186529973,13.756955393505706,12.949930191040039,29.61864471435547,0.8882102419500981,36.44679641723633,0.4709326922893524,7.224591255187988,55.88680648803711
Ko et. al (Etapas 3),Bentheimer,0.28316319444444443,729.53515625,1.0,7.809841305082464,14.254381292074651,485847.0,12994.331998682817,234.7136218652998,13.756955393505706,19.657320022583008,32.32368469238281,0.9169686197419843,37.43750762939453,0.6312893629074097,6.685929775238037,58.95847702026367
Ko et. al (Etapas 3),Bentheimer,0.28316319444444443,729.5350952148438,1.0,7.809841305082463,14.254381292074651,485847.0,12994.331998682814,234.71362186529979,13.756955393505706,13.795939445495605,27.733985900878906,0.891901580185548,33.93400192260742,0.42282816767692566,5.298318386077881,55.00922775268555
Ko et. al (Etapas 3),Bentheimer,0.24819907407407407,1731.5628662109375,1.0,8.952903628666187,17.088006761915164,425276.00000000006,11013.667888757445,246.87783986965917,11.111004464602944,28.492555618286133,32.79459762573242,0.939801232075262,32.089500427246094,0.6979581117630005,4.021897792816162,54.567501068115234
Ko et. al (Etapas 3),Bentheimer,0.24819907407407407,1731.5631103515625,1.0,8.952903628666187,17.088006761915164,425276.00000000006,11013.667888757445,246.87783986965917,11.111004464602944,28.549509048461914,32.4388542175293,0.9342930337658505,34.941162109375,0.6360666751861572,8.73789119720459,56.73064422607422
Ko et. al (Etapas 3),Bentheimer,0.24819907407407407,1731.5628662109375,1.0,8.952903628666185,17.088006761915164,425276.00000000006,11013.667888757445,246.87783986965923,11.111004464602944,31.19188117980957,34.15093231201172,0.9527220314935279,31.144895553588867,0.6642457842826843,5.613130569458008,54.45661544799805
Ko et. al (Etapas 3),Bentheimer,0.24819907407407407,1731.5628662109375,1.0,8.952903628666187,17.088006761915164,425276.00000000006,11013.667888757445,246.87783986965917,11.111004464602944,32.21269226074219,35.77801513671875,0.9407967178427168,34.59185791015625,0.5960264801979065,7.581357002258301,56.51491928100586
Ko et. al (Etapas 3),Bentheimer,0.3440931712962963,1521.2791748046875,1.0,9.621827975459764,16.62680312316026,591482.0,14188.539722697164,234.4868297590062,9.827817735924537,23.6640567779541,34.59794235229492,0.8147285031117047,30.386070251464844,0.6431771516799927,8.60171127319336,57.80894088745117
Ko et. al (Etapas 3),Bentheimer,0.3440931712962963,1521.279052734375,1.0,9.621827975459771,16.62680312316026,591482.0,14188.539722697167,234.4868297590062,9.827817735924537,15.371441841125488,30.579286575317383,0.8664135206842051,26.22524642944336,0.6044126749038696,5.708438396453857,54.831573486328125
Ko et. al (Etapas 3),Bentheimer,0.3440931712962963,1521.2791748046875,1.0,9.621827975459764,16.62680312316026,591482.0,14188.539722697164,234.48682975900627,9.827817735924537,18.732677459716797,33.498779296875,0.8394992092655195,29.96468162536621,0.6739707589149475,8.725223541259766,57.390628814697266
Ko et. al (Etapas 3),Bentheimer,0.3440931712962963,1521.2794189453125,1.0,9.621827975459762,16.62680312316026,591482.0,14188.539722697167,234.4868297590062,9.827817735924537,15.823253631591797,32.54393005371094,0.8289957422568686,26.32941246032715,0.6028968095779419,6.294875621795654,55.146209716796875
Ko et. al (Etapas 3),Bentheimer,0.20844155092592592,107.44760131835938,1.0,7.171357162646227,12.694477842605291,357585.0,11404.312245286346,299.73176077363854,10.49427906012185,115.65724182128906,156.42929077148438,0.5944897366645691,50.854007720947266,2.1419241428375244,17.53203773498535,60.27574157714844
Ko et. al (Etapas 3),Bentheimer,0.20844155092592592,107.44760131835938,1.0,7.171357162646226,12.694477842605291,357585.0,11404.312245286344,299.73176077363854,10.49427906012185,121.21620178222656,170.98370361328125,0.5548231332750827,46.47623062133789,2.056795597076416,16.983150482177734,61.67040252685547
Ko et. al (Etapas 3),Bentheimer,0.20844155092592592,107.44760131835938,1.0,7.1713571626462285,12.694477842605291,357585.0,11404.312245286346,299.7317607736385,10.49427906012185,112.17655181884766,156.40390014648438,0.5987899613598551,50.21181106567383,2.016420841217041,15.482308387756348,60.39847946166992
Ko et. al (Etapas 3),Bentheimer,0.20844155092592592,107.44757843017578,1.0,7.171357162646227,12.694477842605291,357585.0,11404.312245286344,299.73176077363854,10.49427906012185,129.124755859375,176.182373046875,0.585487317862725,47.71198272705078,2.193002223968506,17.961538314819336,61.07135009765625
Ko et. al (Etapas 3),Bentheimer,0.2440480324074074,301.69390869140625,1.0,7.480905868267343,12.934116827943688,420047.0,12352.655499484033,270.62414868979846,6.475616747051493,31.102907180786133,49.893348693847656,0.7200768131479971,40.312320709228516,0.3710576593875885,7.668928146362305,59.670745849609375
Ko et. al (Etapas 3),Bentheimer,0.2440480324074074,301.69390869140625,1.0,7.480905868267346,12.934116827943688,420047.0,12352.655499484033,270.6241486897985,6.475616747051493,20.623872756958008,42.87044143676758,0.8016327022436684,34.934635162353516,0.40442171692848206,4.440937042236328,57.950927734375
Ko et. al (Etapas 3),Bentheimer,0.2440480324074074,301.69390869140625,1.0,7.480905868267344,12.934116827943688,420047.0,12352.655499484033,270.62414868979846,6.475616747051493,32.400413513183594,50.02022933959961,0.7427192253521521,38.26799392700195,0.36402633786201477,12.135798454284668,59.2175407409668
Ko et. al (Etapas 3),Bentheimer,0.2440480324074074,301.69390869140625,1.0,7.480905868267346,12.934116827943688,420047.0,12352.655499484033,270.62414868979846,6.475616747051493,21.931625366210938,42.240821838378906,0.8003192341984703,35.192405700683594,0.3371625244617462,1.5374746322631836,56.9027214050293
Ko et. al (Etapas 3),Bentheimer,0.22616666666666665,364.797119140625,1.0,6.995289857676336,16.124513844423173,388098.0,12111.616171402442,285.8795502856128,9.17130359567047,0.8844801187515259,32.33148193359375,0.884046411189079,42.46922302246094,0.638375461101532,9.608282089233398,59.220130920410156
Ko et. al (Etapas 3),Bentheimer,0.22616666666666665,364.797119140625,1.0,6.995289857676334,16.124513844423173,388098.0,12111.616171402446,285.8795502856128,9.17130359567047,0.5008335113525391,34.11537551879883,0.8721766375476456,42.244266510009766,0.7113387584686279,8.675284385681152,58.861148834228516
Ko et. al (Etapas 3),Bentheimer,0.22616666666666665,364.797119140625,1.0,6.995289857676334,16.124513844423173,388098.0,12111.616171402446,285.8795502856128,9.17130359567047,1.274718165397644,32.62688064575195,0.8930001639713823,43.149051666259766,0.6291526556015015,7.625790119171143,60.40398025512695
Ko et. al (Etapas 3),Bentheimer,0.22616666666666665,364.797119140625,1.0,6.995289857676334,16.124513844423173,388098.0,12111.616171402442,285.8795502856128,9.17130359567047,8.377281188964844,36.91579055786133,0.8557109477446019,41.622406005859375,0.7047495245933533,0.23202423751354218,59.19675064086914
Ko et. al (Etapas 3),Bentheimer,0.1906244212962963,202.57872009277344,1.0,8.003368924459826,14.093309607176273,325173.0,9685.518543876931,233.79328427187878,7.947799970651523,9.466777801513672,41.98521041870117,0.8240669024199179,41.613075256347656,0.6744177937507629,8.41300106048584,62.913368225097656
Ko et. al (Etapas 3),Bentheimer,0.1906244212962963,202.57872009277344,1.0,8.003368924459824,14.093309607176273,325173.0,9685.518543876931,233.79328427187875,7.947799970651523,13.35507869720459,32.23746109008789,0.9040475408503023,43.986000061035156,0.614316999912262,1.9900288581848145,63.63652038574219
Ko et. al (Etapas 3),Bentheimer,0.1906244212962963,202.57872009277344,1.0,8.003368924459826,14.093309607176273,325173.0,9685.518543876931,233.79328427187878,7.947799970651523,16.931133270263672,35.78551483154297,0.8644490396765354,43.08879470825195,0.5488789677619934,3.5727121829986572,62.48469543457031
Ko et. al (Etapas 3),Bentheimer,0.1906244212962963,202.57870483398438,1.0,8.003368924459826,14.093309607176273,325173.0,9685.518543876931,233.79328427187875,7.947799970651523,8.57890796661377,32.64659881591797,0.9074128763375063,40.86294937133789,0.6609264016151428,0.16122104227542877,62.64627456665039
Ko et. al (Etapas 3),Bentheimer,0.2930329861111111,688.7598876953125,1.0,7.4834881770102655,14.866069191748569,502638.0,14775.461972279658,297.369657894324,6.52535266676771,29.43533706665039,33.99142074584961,0.9150008876078887,32.49445724487305,0.5630505681037903,10.986226081848145,54.62486267089844
Ko et. al (Etapas 3),Bentheimer,0.2930329861111111,688.7598266601562,1.0,7.483488177010266,14.866069191748569,502638.0,14775.461972279658,297.36965789432395,6.52535266676771,25.881690979003906,34.74757766723633,0.8959706080546807,32.818721771240234,0.35602229833602905,5.380656719207764,55.115962982177734
Ko et. al (Etapas 3),Bentheimer,0.2930329861111111,688.7598876953125,1.0,7.483488177010266,14.866069191748569,502638.0,14775.461972279658,297.369657894324,6.52535266676771,27.488784790039062,33.778953552246094,0.9047201629126657,31.407779693603516,0.5933036208152771,8.56053638458252,55.510738372802734
Ko et. al (Etapas 3),Bentheimer,0.2930329861111111,688.7598266601562,1.0,7.483488177010266,14.866069191748569,502638.0,14775.461972279658,297.36965789432395,6.52535266676771,25.081207275390625,30.382429122924805,0.9394247405158285,31.534685134887695,0.3225066065788269,8.542855262756348,55.888553619384766
Ko et. al (Etapas 3),Bentheimer,0.2606834490740741,571.647705078125,1.0,7.401821751425972,15.556347799219328,447601.0,13248.730093493097,286.9793498218475,14.134948383348958,7.451061248779297,54.93131637573242,0.8259316449121474,40.649497985839844,0.883243978023529,15.971571922302246,54.06300735473633
Ko et. al (Etapas 3),Bentheimer,0.2606834490740741,571.647705078125,1.0,7.401821751425971,15.556347799219328,447601.0,13248.730093493095,286.9793498218475,14.134948383348958,3.720773220062256,56.38977813720703,0.7864927571618009,38.128868103027344,0.6789147257804871,12.337357521057129,52.637779235839844
Ko et. al (Etapas 3),Bentheimer,0.2606834490740741,571.6476440429688,1.0,7.40182175142597,15.556347799219328,447601.0,13248.730093493095,286.9793498218475,14.134948383348958,3.2382633686065674,56.121917724609375,0.8034045224897521,40.3800163269043,0.8046000003814697,15.108882904052734,54.71137237548828
Ko et. al (Etapas 3),Bentheimer,0.2606834490740741,571.6476440429688,1.0,7.401821751425972,15.556347799219328,447601.0,13248.730093493095,286.9793498218474,14.134948383348958,10.140227317810059,53.265769958496094,0.8508109082484029,38.082984924316406,0.7339654564857483,12.385915756225586,53.620079040527344
Ko et. al (Etapas 3),Bentheimer,0.25914583333333335,1645.802978515625,1.0,7.584900379858261,16.031218930573424,445132.0,13010.425245167487,273.8164689144153,5.918574446229858,30.580490112304688,32.548980712890625,0.9371616562279924,32.6816291809082,0.662299633026123,4.479104518890381,58.41796875
Ko et. al (Etapas 3),Bentheimer,0.25914583333333335,1645.802978515625,1.0,7.584900379858263,16.031218930573424,445132.0,13010.425245167487,273.8164689144153,5.918574446229858,30.81875228881836,34.028839111328125,0.9397289330433182,29.34528160095215,0.7599635124206543,2.3592545986175537,54.87403869628906
Ko et. al (Etapas 3),Bentheimer,0.25914583333333335,1645.8028564453125,1.0,7.584900379858261,16.031218930573424,445132.0,13010.425245167487,273.8164689144153,5.918574446229858,32.89075469970703,36.634098052978516,0.9108150993475759,31.80051040649414,0.6598304510116577,3.5378856658935547,58.45043182373047
Ko et. al (Etapas 3),Bentheimer,0.25914583333333335,1645.802978515625,1.0,7.584900379858262,16.031218930573424,445132.0,13010.425245167487,273.8164689144153,5.918574446229858,35.8051872253418,39.22611999511719,0.9298942385311856,29.197885513305664,0.7417340874671936,1.2168145179748535,55.151206970214844
Ko et. al (Etapas 3),Bentheimer,0.28984780092592594,476.81072998046875,1.0,7.690126816057883,14.955962696443185,496216.0,13777.13230772163,252.13426758001765,9.77808181620832,31.35076904296875,58.61063003540039,0.7839981541277486,34.14576721191406,0.525383472442627,7.276914119720459,55.23759078979492
Ko et. al (Etapas 3),Bentheimer,0.28984780092592594,476.810791015625,1.0,7.690126816057883,14.955962696443185,496216.0,13777.132307721628,252.13426758001765,9.77808181620832,32.37489318847656,56.58320617675781,0.8018226814024184,34.584922790527344,1.0201599597930908,11.532196998596191,58.38048553466797
Ko et. al (Etapas 3),Bentheimer,0.28984780092592594,476.81072998046875,1.0,7.690126816057885,14.955962696443185,496216.0,13777.13230772163,252.13426758001765,9.77808181620832,38.460994720458984,63.486263275146484,0.7859350593385609,34.29634094238281,0.6132459044456482,8.821370124816895,55.653141021728516
Ko et. al (Etapas 3),Bentheimer,0.28984780092592594,476.81072998046875,1.0,7.690126816057884,14.955962696443185,496216.0,13777.132307721628,252.13426758001765,9.77808181620832,26.272430419921875,51.65742111206055,0.7954156437270196,34.113040924072266,0.9493862390518188,8.74979305267334,58.81584167480469
Ko et. al (Etapas 3),Bentheimer,0.2726105324074074,970.4521484375,1.0,7.882366962133008,14.730918214856723,466710.99999999994,13338.071951829266,238.3052454494648,1.7208628221811184,26.812877655029297,28.772987365722656,0.9611341810625481,32.974082946777344,0.6576818227767944,7.108969211578369,53.26691436767578
Ko et. al (Etapas 3),Bentheimer,0.2726105324074074,970.4521484375,1.0,7.882366962133006,14.730918214856723,466710.99999999994,13338.071951829266,238.30524544946485,1.7208628221811184,29.184579849243164,30.43920135498047,0.9380397430410664,32.74779510498047,0.4339030086994171,6.042441368103027,53.92155838012695
Ko et. al (Etapas 3),Bentheimer,0.2726105324074074,970.4521484375,1.0,7.882366962133004,14.730918214856723,466710.99999999994,13338.071951829266,238.30524544946485,1.7208628221811184,30.654176712036133,33.52005386352539,0.9368236490164321,33.89945983886719,0.6482222080230713,7.6853346824646,53.921756744384766
Ko et. al (Etapas 3),Bentheimer,0.2726105324074074,970.4520263671875,1.0,7.882366962133007,14.730918214856723,466710.99999999994,13338.071951829263,238.3052454494648,1.7208628221811184,27.299144744873047,29.24109649658203,0.9351519649290111,32.599395751953125,0.4343388080596924,6.448873043060303,53.864280700683594
Ko et. al (Etapas 3),Bentheimer,0.28155613425925924,325.83636474609375,1.0,7.866085992405267,14.905222994063115,482596.00000000006,13602.643262122676,257.62233243949015,4.1877644401054965,4.722042083740234,36.47195816040039,0.8726832042407989,41.711524963378906,0.4949624538421631,0.39110180735588074,63.01256561279297
Ko et. al (Etapas 3),Bentheimer,0.28155613425925924,325.8363342285156,1.0,7.866085992405267,14.905222994063115,482596.00000000006,13602.643262122674,257.6223324394902,4.1877644401054965,16.05379295349121,38.623809814453125,0.8822796329501678,40.452213287353516,0.5586482882499695,0.7403615713119507,58.47709274291992
Ko et. al (Etapas 3),Bentheimer,0.28155613425925924,325.8363342285156,1.0,7.866085992405268,14.905222994063115,482596.00000000006,13602.643262122674,257.6223324394902,4.1877644401054965,11.664435386657715,36.96136474609375,0.8801908254669423,40.5914421081543,0.5199757814407349,0.4585249722003937,61.91684341430664
Ko et. al (Etapas 3),Bentheimer,0.28155613425925924,325.8362731933594,1.0,7.866085992405267,14.905222994063115,482596.00000000006,13602.643262122674,257.62233243949015,4.1877644401054965,10.613295555114746,35.48735046386719,0.8878617326946691,39.76630783081055,0.47140753269195557,2.358478546142578,59.49147415161133
Ko et. al (Etapas 3),Bentheimer,0.2968634259259259,784.7447509765625,1.0,8.653724507879033,17.916472456840896,511314.0,13316.091845377967,211.10485095649022,3.5511446677379146,1.0298757553100586,30.555105209350586,0.9079241961537973,32.67300033569336,0.2992670238018036,13.159873008728027,56.179534912109375
Ko et. al (Etapas 3),Bentheimer,0.2968634259259259,784.7447509765625,1.0,8.65372450787904,17.916472456840896,511314.0,13316.09184537797,211.10485095649022,3.5511446677379146,5.392942905426025,41.153961181640625,0.8516952008806378,35.106380462646484,0.5828211307525635,11.61452865600586,52.67144775390625
Ko et. al (Etapas 3),Bentheimer,0.2968634259259259,784.744873046875,1.0,8.653724507879035,17.916472456840896,511314.0,13316.091845377967,211.10485095649028,3.5511446677379146,0.6966211795806885,30.190645217895508,0.9029708261524073,34.17142105102539,0.3026760518550873,6.1553635597229,56.334598541259766
Ko et. al (Etapas 3),Bentheimer,0.2968634259259259,784.7447509765625,1.0,8.653724507879039,17.916472456840896,511314.0,13316.09184537797,211.10485095649022,3.5511446677379146,0.6443366408348083,34.32416915893555,0.8836135470004474,36.116737365722656,0.5547561049461365,9.252084732055664,52.579551696777344
Ko et. al (Etapas 3),Bentheimer,0.2388425925925926,331.55145263671875,1.0,6.9402915192712715,12.542171144784101,408679.0,12490.969251906698,253.6933157539006,5.908627262286615,9.435891151428223,53.2622184753418,0.7453136606653092,39.12568664550781,0.8262011408805847,13.706405639648438,63.916908264160156
Ko et. al (Etapas 3),Bentheimer,0.2388425925925926,331.5514221191406,1.0,6.940291519271272,12.542171144784101,408679.0,12490.969251906701,253.6933157539006,5.908627262286615,12.966814041137695,59.027320861816406,0.7085983720984362,41.05973434448242,0.6238255500793457,11.924351692199707,61.26396560668945
Ko et. al (Etapas 3),Bentheimer,0.2388425925925926,331.5514221191406,1.0,6.940291519271275,12.542171144784101,408679.0,12490.969251906698,253.6933157539006,5.908627262286615,11.587998390197754,58.494380950927734,0.7056334718590616,38.982059478759766,0.836621880531311,14.147950172424316,64.140380859375
Ko et. al (Etapas 3),Bentheimer,0.2388425925925926,331.5514221191406,1.0,6.940291519271275,12.542171144784101,408679.0,12490.969251906696,253.6933157539006,5.908627262286615,6.5381903648376465,58.19516372680664,0.7276917413831913,40.4512825012207,0.7015784382820129,12.952579498291016,62.348724365234375
Ko et. al (Etapas 3),Bentheimer,0.35004861111111113,1503.4537353515625,1.0,8.675877387331688,15.502213050223787,600959.0,14619.912614127925,198.48054615904164,9.181250779613713,21.695589065551758,31.92247772216797,0.9006657863820413,30.728668212890625,0.41846325993537903,9.186722755432129,52.21211242675781
Ko et. al (Etapas 3),Bentheimer,0.35004861111111113,1503.453857421875,1.0,8.675877387331685,15.502213050223787,600959.0,14619.912614127925,198.4805461590416,9.181250779613713,18.35354232788086,27.542327880859375,0.9393181648376455,29.70781135559082,0.29679250717163086,9.808862686157227,52.359378814697266
Ko et. al (Etapas 3),Bentheimer,0.35004861111111113,1503.4537353515625,1.0,8.675877387331688,15.502213050223787,600959.0,14619.912614127925,198.4805461590416,9.181250779613713,18.610748291015625,28.442180633544922,0.9224404430830183,29.63231658935547,0.4456438422203064,8.117100715637207,50.741310119628906
Ko et. al (Etapas 3),Bentheimer,0.35004861111111113,1503.4537353515625,1.0,8.67587738733169,15.502213050223787,600959.0,14619.912614127925,198.48054615904164,9.181250779613713,19.42721939086914,28.560609817504883,0.9217827527623221,29.560686111450195,0.2534984052181244,10.342927932739258,51.05952835083008
Ko et. al (Etapas 3),Bentheimer,0.26483680555555555,334.2505798339844,1.0,8.09495885160675,14.866069191748569,452672.0,12326.569215410727,256.54193538975295,8.16663801740288,22.048938751220703,37.242374420166016,0.9311385197457733,33.73276138305664,0.5933979749679565,1.6514413356781006,60.13737106323242
Ko et. al (Etapas 3),Bentheimer,0.26483680555555555,334.2505798339844,1.0,8.09495885160675,14.866069191748569,452672.0,12326.569215410727,256.54193538975295,8.16663801740288,26.537464141845703,43.62060546875,0.8622600193122179,38.304290771484375,0.5411496758460999,8.091867446899414,61.78520584106445
Ko et. al (Etapas 3),Bentheimer,0.26483680555555555,334.25054931640625,1.0,8.09495885160675,14.866069191748569,452672.0,12326.569215410727,256.541935389753,8.16663801740288,13.811944007873535,40.1970100402832,0.8816784972161104,34.22871398925781,0.5456144213676453,4.812005519866943,59.95589828491211
Ko et. al (Etapas 3),Bentheimer,0.26483680555555555,334.2506103515625,1.0,8.09495885160675,14.866069191748569,452672.0,12326.569215410727,256.54193538975295,8.16663801740288,25.478090286254883,43.321346282958984,0.8729841982068874,38.17802047729492,0.5821812748908997,5.701062202453613,61.95039749145508
Ko et. al (Etapas 3),Bentheimer,0.31076331018518516,697.8991088867188,1.0,8.799499020214338,14.093309607176273,534389.0,12552.043059700147,146.38583938325496,4.814437028529834,22.866151809692383,63.06082534790039,0.734684668865045,31.996484756469727,0.9273287653923035,3.569340229034424,54.50905990600586
Ko et. al (Etapas 3),Bentheimer,0.31076331018518516,697.899169921875,1.0,8.799499020214341,14.093309607176273,534389.0,12552.043059700147,146.38583938325496,4.814437028529834,10.460627555847168,43.75972366333008,0.7908011208713933,31.42483901977539,0.4558558464050293,2.0252037048339844,55.29127883911133
Ko et. al (Etapas 3),Bentheimer,0.31076331018518516,697.8991088867188,1.0,8.799499020214338,14.093309607176273,534389.0,12552.04305970015,146.38583938325496,4.814437028529834,22.03150749206543,65.0658187866211,0.7056919788878654,32.1392707824707,0.9298019409179688,4.5075788497924805,54.03189468383789
Ko et. al (Etapas 3),Bentheimer,0.31076331018518516,697.8991088867188,1.0,8.799499020214336,14.093309607176273,534389.0,12552.04305970015,146.38583938325496,4.814437028529834,27.504228591918945,60.472679138183594,0.7445562559508495,31.048856735229492,0.6622515320777893,7.463553428649902,54.95878219604492
Ko et. al (Etapas 3),Bentheimer,0.30970023148148146,1044.88330078125,1.0,9.335957674163142,16.806304838990258,530882.0,12374.253958102983,206.05355696241003,4.754753924870373,9.248147010803223,57.94544219970703,0.6885152500240407,36.50445556640625,0.5176711082458496,16.78968620300293,58.25168228149414
Ko et. al (Etapas 3),Bentheimer,0.30970023148148146,1044.8834228515625,1.0,9.335957674163145,16.806304838990258,530882.0,12374.25395810298,206.05355696241003,4.754753924870373,5.343362331390381,63.18264389038086,0.6692885457105043,34.51409149169922,0.8023651838302612,17.418670654296875,59.711063385009766
Ko et. al (Etapas 3),Bentheimer,0.30970023148148146,1044.88330078125,1.0,9.335957674163138,16.806304838990258,530882.0,12374.25395810298,206.05355696241003,4.754753924870373,9.045729637145996,62.0765380859375,0.6712147473398187,35.72882843017578,0.5153486728668213,20.303348541259766,57.605934143066406
Ko et. al (Etapas 3),Bentheimer,0.30970023148148146,1044.88330078125,1.0,9.335957674163142,16.806304838990258,530882.0,12374.253958102983,206.05355696241003,4.754753924870373,5.157075881958008,62.53340530395508,0.6650931505526956,35.42109298706055,0.8000373840332031,13.45483112335205,58.527740478515625
Ko et. al (Etapas 3),Bentheimer,0.2513327546296296,780.3901977539062,1.0,6.942722536666937,12.664176399359539,430114.99999999994,13019.061667320917,235.13026416819383,3.1731516778946633,38.93612289428711,40.483211517333984,0.9432936027347016,30.739776611328125,0.4416569769382477,4.766230583190918,55.75415802001953
Ko et. al (Etapas 3),Bentheimer,0.2513327546296296,780.39013671875,1.0,6.942722536666941,12.664176399359539,430114.99999999994,13019.061667320915,235.13026416819383,3.1731516778946633,35.10453796386719,37.76815414428711,0.9485340989536972,28.435930252075195,0.37790000438690186,3.347787380218506,53.849273681640625
Ko et. al (Etapas 3),Bentheimer,0.2513327546296296,780.39013671875,1.0,6.942722536666938,12.664176399359539,430114.99999999994,13019.061667320917,235.1302641681939,3.1731516778946633,34.05049133300781,36.23134994506836,0.9528497441365464,30.765731811523438,0.43592771887779236,6.009209632873535,56.883880615234375
Ko et. al (Etapas 3),Bentheimer,0.2513327546296296,780.3901977539062,1.0,6.942722536666942,12.664176399359539,430114.99999999994,13019.061667320917,235.1302641681939,3.1731516778946633,37.29778289794922,40.43418502807617,0.9364275294968247,29.249977111816406,0.37712210416793823,1.7801142930984497,53.177391052246094
Ko et. al (Etapas 3),Bentheimer,0.29161168981481483,1153.5712890625,1.0,7.947123336977887,15.652476425463272,500180.00000000006,13262.475365393579,206.6682454573452,3.441725644362237,22.125885009765625,29.44141960144043,0.9457696878880466,30.277040481567383,0.6921115517616272,5.102845668792725,56.1668701171875
Ko et. al (Etapas 3),Bentheimer,0.29161168981481483,1153.5712890625,1.0,7.9471233369778895,15.652476425463272,500180.00000000006,13262.475365393575,206.6682454573452,3.441725644362237,26.49337387084961,31.688308715820312,0.9418134768674787,34.235267639160156,0.6402429938316345,8.915847778320312,55.21138381958008
Ko et. al (Etapas 3),Bentheimer,0.29161168981481483,1153.5711669921875,1.0,7.947123336977888,15.652476425463272,500180.00000000006,13262.475365393579,206.6682454573452,3.441725644362237,21.57485008239746,32.54106903076172,0.9239021814571757,30.311738967895508,0.7397235631942749,4.169223308563232,55.78060531616211
Ko et. al (Etapas 3),Bentheimer,0.29161168981481483,1153.5712890625,1.0,7.947123336977888,15.652476425463272,500180.00000000006,13262.475365393575,206.6682454573452,3.441725644362237,26.328447341918945,32.38126754760742,0.9413953974616645,34.191917419433594,0.6504343152046204,11.356681823730469,55.36368942260742
Ko et. al (Etapas 3),Bentheimer,0.27510416666666665,893.1167602539062,1.0,7.773346858448693,15.107070451545495,470551.0,13191.41761449145,218.82804033495918,2.775264320164925,17.41404151916504,32.32939529418945,0.8771408409395786,33.52036666870117,0.4730384647846222,9.711156845092773,58.432186126708984
Ko et. al (Etapas 3),Bentheimer,0.27510416666666665,893.1167602539062,1.0,7.7733468584486936,15.107070451545495,470551.0,13191.417614491447,218.82804033495918,2.775264320164925,11.702155113220215,27.883270263671875,0.911662352034586,28.301530838012695,0.46687227487564087,3.523642063140869,51.73627853393555
Ko et. al (Etapas 3),Bentheimer,0.27510416666666665,893.11669921875,1.0,7.773346858448693,15.107070451545495,470551.0,13191.417614491447,218.82804033495918,2.775264320164925,20.667293548583984,33.39004898071289,0.8691753590143404,33.82213592529297,0.4464262127876282,11.078511238098145,57.89659881591797
Ko et. al (Etapas 3),Bentheimer,0.27510416666666665,893.1167602539062,1.0,7.773346858448691,15.107070451545495,470551.0,13191.41761449145,218.82804033495918,2.775264320164925,11.4571533203125,26.54429054260254,0.9017608566358472,28.140178680419922,0.4568740129470825,1.6692100763320923,50.84383773803711
Ko et. al (Etapas 3),Bentheimer,0.2633344907407407,547.0559692382812,1.0,7.2021294850485855,13.747727646791398,450578.99999999994,13166.245791163648,231.39904462058684,5.80915542285418,28.533058166503906,34.28691101074219,0.8982599277919606,35.40769958496094,0.4482925236225128,10.749323844909668,57.90418243408203
Ko et. al (Etapas 3),Bentheimer,0.2633344907407407,547.0559692382812,1.0,7.202129485048586,13.747727646791398,450578.99999999994,13166.245791163652,231.39904462058684,5.80915542285418,24.18814468383789,31.85829734802246,0.8935476669995792,33.26683044433594,0.38873395323753357,1.0275161266326904,54.585147857666016
Ko et. al (Etapas 3),Bentheimer,0.2633344907407407,547.0559692382812,1.0,7.2021294850485855,13.747727646791398,450578.99999999994,13166.245791163648,231.39904462058678,5.80915542285418,34.334266662597656,40.34910583496094,0.8834399584610334,36.340980529785156,0.4344535768032074,8.28799057006836,57.6048583984375
Ko et. al (Etapas 3),Bentheimer,0.2633344907407407,547.0560913085938,1.0,7.2021294850485855,13.747727646791398,450578.99999999994,13166.245791163648,231.39904462058678,5.80915542285418,25.47498321533203,31.411109924316406,0.9141707494272737,33.07705307006836,0.4182124137878418,7.297083854675293,54.6940803527832
Ko et. al (Etapas 3),Bentheimer,0.23424421296296297,198.1776580810547,1.0,6.880263430980423,13.453623023082278,398363.0,12499.121347575698,268.1301078394015,8.405370432040723,25.274906158447266,40.8076286315918,0.8513885253809663,42.08143997192383,0.5571085810661316,2.0427379608154297,62.44222640991211
Ko et. al (Etapas 3),Bentheimer,0.23424421296296297,198.1776580810547,1.0,6.880263430980421,13.453623023082278,398363.0,12499.121347575701,268.13010783940143,8.405370432040723,28.36711311340332,40.65961456298828,0.8020544316184851,42.65451431274414,0.40991055965423584,5.5038628578186035,62.349483489990234
Ko et. al (Etapas 3),Bentheimer,0.23424421296296297,198.1776580810547,1.0,6.880263430980421,13.453623023082278,398363.0,12499.121347575698,268.1301078394015,8.405370432040723,23.056333541870117,35.63799285888672,0.8881525003148318,41.93986129760742,0.6018763184547424,1.4366233348846436,62.41738510131836
Ko et. al (Etapas 3),Bentheimer,0.23424421296296297,198.1776885986328,1.0,6.880263430980421,13.453623023082278,398363.0,12499.121347575701,268.1301078394015,8.405370432040723,30.096500396728516,41.98918914794922,0.8162824830173558,42.27341079711914,0.3860413134098053,4.719388008117676,62.76524353027344
Ko et. al (Etapas 3),Bentheimer,0.24672395833333333,470.2874450683594,1.0,7.468251569602575,16.552945645130883,424010.0,12801.758304555786,264.96927495821313,3.819718634205488,6.132455825805664,35.94511413574219,0.8875298861388039,39.02982711791992,0.8629104495048523,2.7349798679351807,54.906150817871094
Ko et. al (Etapas 3),Bentheimer,0.24672395833333333,470.28741455078125,1.0,7.468251569602579,16.552945645130883,424010.0,12801.758304555786,264.96927495821313,3.819718634205488,1.3094797134399414,30.62942886352539,0.9035019371532579,40.769493103027344,0.7754716277122498,3.411581516265869,58.88071823120117
Ko et. al (Etapas 3),Bentheimer,0.24672395833333333,470.28741455078125,1.0,7.468251569602575,16.552945645130883,424010.0,12801.758304555786,264.96927495821313,3.819718634205488,10.003355026245117,34.573753356933594,0.9008395478977658,38.04447555541992,0.91355961561203,3.9436590671539307,55.119781494140625
Ko et. al (Etapas 3),Bentheimer,0.24672395833333333,470.2874450683594,1.0,7.468251569602578,16.552945645130883,424010.0,12801.758304555786,264.96927495821313,3.819718634205488,8.199563026428223,27.922739028930664,0.9308098917973425,38.78359603881836,0.8201245069503784,5.084314346313477,59.23657989501953
Ko et. al (Etapas 3),Bentheimer,0.26163194444444443,803.5722045898438,1.0,7.420136021478104,12.814906820871572,448104.99999999994,12627.26456458661,221.09438533956686,4.794542660643347,38.29425811767578,41.88334655761719,0.8896241263601558,31.880985260009766,0.5059972405433655,6.87522554397583,53.90354919433594
Ko et. al (Etapas 3),Bentheimer,0.26163194444444443,803.5721435546875,1.0,7.4201360214781,12.814906820871572,448104.99999999994,12627.26456458661,221.09438533956686,4.794542660643347,35.2826042175293,38.21144104003906,0.9269860359552351,31.605440139770508,0.5155068635940552,6.433254241943359,53.863929748535156
Ko et. al (Etapas 3),Bentheimer,0.26163194444444443,803.5721435546875,1.0,7.420136021478102,12.814906820871572,448104.99999999994,12627.26456458661,221.09438533956683,4.794542660643347,37.03196716308594,40.88453674316406,0.8812041442616926,31.458702087402344,0.46994030475616455,6.013648986816406,53.8647575378418
Ko et. al (Etapas 3),Bentheimer,0.26163194444444443,803.5722045898438,1.0,7.420136021478102,12.814906820871572,448104.99999999994,12627.26456458661,221.09438533956683,4.794542660643347,34.563507080078125,37.17880630493164,0.9142920127471258,31.363361358642578,0.5298093557357788,3.9605259895324707,54.736480712890625
Ko et. al (Etapas 3),Bentheimer,0.24069560185185185,457.5594177246094,1.0,6.717991382699535,13.379086400248642,411769.0,12789.90600863909,226.4050526288786,4.177817256162252,25.07586669921875,38.47196578979492,0.8213799316070894,36.41404342651367,0.3499067723751068,5.935958385467529,56.129661560058594
Ko et. al (Etapas 3),Bentheimer,0.24069560185185185,457.559326171875,1.0,6.717991382699533,13.379086400248642,411769.0,12789.906008639085,226.40505262887865,4.177817256162252,29.70545768737793,41.577999114990234,0.7885065826837685,36.551231384277344,0.7095490097999573,11.466987609863281,59.15044021606445
Ko et. al (Etapas 3),Bentheimer,0.24069560185185185,457.5594177246094,1.0,6.717991382699535,13.379086400248642,411769.0,12789.90600863909,226.4050526288786,4.177817256162252,28.32286262512207,40.982086181640625,0.806553825104875,35.81340408325195,0.3148735761642456,11.08307933807373,57.02479553222656
Ko et. al (Etapas 3),Bentheimer,0.24069560185185185,457.559326171875,1.0,6.717991382699532,13.379086400248642,411769.0,12789.906008639085,226.40505262887865,4.177817256162252,26.557226181030273,42.91666030883789,0.7780925824080941,36.34672164916992,0.7504355907440186,11.741240501403809,58.87268829345703
Ko et. al (Etapas 3),Bentheimer,0.2451099537037037,242.47885131835938,1.0,7.090100373052206,14.254381292074651,419316.0,13481.75032750535,311.6628118013666,10.146127622108327,5.14650297164917,36.42198944091797,0.8759093866375126,42.0727424621582,0.5659183263778687,3.4306118488311768,61.87281036376953
Ko et. al (Etapas 3),Bentheimer,0.2451099537037037,242.4788055419922,1.0,7.090100373052206,14.254381292074651,419316.0,13481.75032750535,311.6628118013667,10.146127622108327,8.155294418334961,41.34834289550781,0.8503711508745504,40.6441764831543,0.41078731417655945,2.8438682556152344,59.0398063659668
Ko et. al (Etapas 3),Bentheimer,0.2451099537037037,242.47885131835938,1.0,7.090100373052206,14.254381292074651,419316.0,13481.75032750535,311.6628118013667,10.146127622108327,7.0385284423828125,40.962982177734375,0.802972568762226,40.60993576049805,0.5105763077735901,2.1937804222106934,61.859375
Ko et. al (Etapas 3),Bentheimer,0.2451099537037037,242.4788055419922,1.0,7.090100373052206,14.254381292074651,419316.0,13481.75032750535,311.6628118013666,10.146127622108327,9.973435401916504,38.819698333740234,0.8710552114257645,40.201995849609375,0.46847447752952576,1.7636371850967407,59.12828826904297
Ko et. al (Etapas 3),Bentheimer,0.30658506944444447,520.4974365234375,1.0,8.038731118125021,15.862966723845464,526998.0,13852.12561889544,176.18084655823438,1.84022902950004,53.08103942871094,79.7766342163086,0.747969869365626,32.939937591552734,1.0213581323623657,3.7688004970550537,58.5927848815918
Ko et. al (Etapas 3),Bentheimer,0.30658506944444447,520.4974365234375,1.0,8.03873111812502,15.862966723845464,526998.0,13852.12561889544,176.18084655823438,1.84022902950004,57.51952362060547,80.55480194091797,0.7553719419366972,31.15373420715332,1.0692921876907349,0.6167075037956238,54.12609100341797
Ko et. al (Etapas 3),Bentheimer,0.30658506944444447,520.49755859375,1.0,8.03873111812502,15.862966723845464,526998.0,13852.12561889544,176.18084655823438,1.84022902950004,62.24983215332031,84.39463806152344,0.7419451481151313,33.41675567626953,1.0961971282958984,4.0342302322387695,58.74536895751953
Ko et. al (Etapas 3),Bentheimer,0.30658506944444447,520.49755859375,1.0,8.038731118125021,15.862966723845464,526998.0,13852.12561889544,176.18084655823438,1.84022902950004,64.31852722167969,87.73603057861328,0.7503776386292583,31.6080265045166,1.0943992137908936,1.7412137985229492,53.57100296020508
Ko et. al (Etapas 3),Bentheimer,0.26085011574074074,441.8076171875,1.0,7.357034052131516,12.572792503698604,446548.0,12597.610019089661,213.13828135653023,6.764085081405553,28.509597778320312,46.297611236572266,0.7341653430807226,42.9619026184082,0.5588124990463257,19.684749603271484,58.61592483520508
Ko et. al (Etapas 3),Bentheimer,0.26085011574074074,441.8076171875,1.0,7.3570340521315165,12.572792503698604,446548.0,12597.610019089661,213.13828135653023,6.764085081405553,23.67922592163086,44.156455993652344,0.7719315946430039,39.65386962890625,0.5009859204292297,16.132591247558594,56.12955856323242
Ko et. al (Etapas 3),Bentheimer,0.26085011574074074,441.8076171875,1.0,7.3570340521315165,12.572792503698604,446548.0,12597.610019089661,213.1382813565303,6.764085081405553,27.48764419555664,47.06916809082031,0.7364208410111203,45.190250396728516,0.6001743674278259,21.259735107421875,58.592403411865234
Ko et. al (Etapas 3),Bentheimer,0.26085011574074074,441.8076477050781,1.0,7.357034052131517,12.572792503698604,446548.0,12597.610019089661,213.13828135653023,6.764085081405553,20.318695068359375,43.10845947265625,0.7815415779336586,41.05609130859375,0.5234540104866028,15.976222038269043,56.597923278808594
Ko et. al (Etapas 3),Bentheimer,0.26919212962962963,1638.2620849609375,1.0,8.9140124690857,18.165901665414008,461218.0,11052.836309101147,162.1290387889465,9.569190953400208,2.2448415756225586,21.120262145996094,0.9462963466878163,28.31420135498047,0.6728137731552124,4.434903144836426,48.83530044555664
Ko et. al (Etapas 3),Bentheimer,0.26919212962962963,1638.2618408203125,1.0,8.914012469085701,18.165901665414008,461218.0,11052.836309101147,162.12903878894653,9.569190953400208,6.070342540740967,21.81146240234375,0.9348799981399357,32.17530059814453,0.6453180313110352,5.647400379180908,55.77448272705078
Ko et. al (Etapas 3),Bentheimer,0.26919212962962963,1638.2620849609375,1.0,8.914012469085703,18.165901665414008,461218.0,11052.836309101147,162.12903878894653,9.569190953400208,1.2325668334960938,22.657819747924805,0.9347325619504603,29.13718605041504,0.6935400366783142,4.082479000091553,48.71506881713867
Ko et. al (Etapas 3),Bentheimer,0.26919212962962963,1638.26220703125,1.0,8.914012469085701,18.165901665414008,461218.0,11052.836309101149,162.1290387889465,9.569190953400208,3.264604091644287,24.619401931762695,0.9216179497273617,31.527385711669922,0.677687406539917,7.136510848999023,54.871665954589844
Ko et. al (Etapas 3),Bentheimer,0.2542534722222222,302.65869140625,1.0,8.999467861400682,16.004795965291805,435768.99999999994,11458.079680454022,225.82944914256478,8.057218994027203,7.128003120422363,41.083740234375,0.9009947321534535,40.9837760925293,0.7296872138977051,9.853836059570312,62.035457611083984
Ko et. al (Etapas 3),Bentheimer,0.2542534722222222,302.65869140625,1.0,8.999467861400678,16.004795965291805,435768.99999999994,11458.079680454022,225.82944914256478,8.057218994027203,17.177337646484375,38.07594299316406,0.9204966127137921,39.069580078125,0.8136671185493469,2.951059579849243,60.239871978759766
Ko et. al (Etapas 3),Bentheimer,0.2542534722222222,302.65869140625,1.0,8.999467861400678,16.004795965291805,435768.99999999994,11458.079680454022,225.82944914256484,8.057218994027203,14.591678619384766,47.95848083496094,0.8707510185565009,42.293914794921875,0.6978138089179993,10.415970802307129,62.250465393066406
Ko et. al (Etapas 3),Bentheimer,0.2542534722222222,302.6586608886719,1.0,8.999467861400682,16.004795965291805,435768.99999999994,11458.079680454022,225.82944914256478,8.057218994027203,25.410802841186523,40.24120330810547,0.9222372719290799,38.634212493896484,0.815293550491333,1.9087239503860474,59.65345764160156
Ko et. al (Etapas 3),Bentheimer,0.29477604166666665,830.582275390625,1.0,8.137700022574627,16.62680312316026,505392.0,13948.198495665674,244.69072640270284,-0.0994718394324346,15.641009330749512,33.99168395996094,0.9228233239706459,29.88681983947754,0.6372642517089844,1.9894764423370361,55.374813079833984
Ko et. al (Etapas 3),Bentheimer,0.29477604166666665,830.582275390625,1.0,8.137700022574627,16.62680312316026,505392.0,13948.198495665676,244.6907264027028,-0.0994718394324346,11.036554336547852,33.010887145996094,0.9175631326339238,32.83757781982422,0.6820285320281982,4.9623284339904785,59.268959045410156
Ko et. al (Etapas 3),Bentheimer,0.29477604166666665,830.582275390625,1.0,8.137700022574625,16.62680312316026,505392.0,13948.198495665676,244.6907264027028,-0.0994718394324346,7.861758232116699,32.42368698120117,0.9071498078812311,30.215274810791016,0.49304521083831787,1.7675880193710327,55.0854606628418
Ko et. al (Etapas 3),Bentheimer,0.29477604166666665,830.582275390625,1.0,8.137700022574629,16.62680312316026,505392.0,13948.198495665676,244.6907264027028,-0.0994718394324346,6.177433967590332,30.352230072021484,0.9188870932634671,32.1783561706543,0.6229817867279053,4.365277290344238,58.61373519897461
Ko et. al (Etapas 3),Bentheimer,0.2842679398148148,684.5936889648438,1.0,8.643731572220984,17.578396747600692,486937.0,13128.981225856585,308.96216773434094,16.432747874238196,2.8420662879943848,38.22882843017578,0.8643784676413534,32.529266357421875,0.6853342652320862,7.660285949707031,55.02651596069336
Ko et. al (Etapas 3),Bentheimer,0.2842679398148148,684.59375,1.0,8.64373157222098,17.578396747600692,486937.0,13128.981225856585,308.96216773434094,16.432747874238196,6.596943378448486,32.53730010986328,0.9028157657874237,35.527748107910156,0.5874109268188477,5.408993721008301,58.5078239440918
Ko et. al (Etapas 3),Bentheimer,0.2842679398148148,684.5936889648438,1.0,8.64373157222098,17.578396747600692,486937.0,13128.981225856582,308.96216773434094,16.432747874238196,8.810917854309082,32.74551773071289,0.8862025862099296,34.19131851196289,0.6669970750808716,6.937989711761475,56.169456481933594
Ko et. al (Etapas 3),Bentheimer,0.2842679398148148,684.5936889648438,1.0,8.64373157222098,17.578396747600692,486937.0,13128.981225856585,308.962167734341,16.432747874238196,4.059712886810303,32.897926330566406,0.89672419501767,34.06806564331055,0.6421803832054138,6.2621893882751465,58.456756591796875
Ko et. al (Etapas 3),Bentheimer,0.24747569444444445,867.596923828125,1.0,7.17382898319874,12.199813252196213,423447.00000000006,12497.528008847552,241.65447766016308,6.963028760270421,32.3089599609375,33.035499572753906,0.9765104252307626,34.52690505981445,0.6603258848190308,7.675518035888672,53.559539794921875
Ko et. al (Etapas 3),Bentheimer,0.24747569444444445,867.596923828125,1.0,7.17382898319874,12.199813252196213,423447.00000000006,12497.52800884755,241.65447766016308,6.963028760270421,36.94289016723633,37.954769134521484,0.957321659533122,33.29106521606445,0.48342201113700867,5.933391571044922,56.057037353515625
Ko et. al (Etapas 3),Bentheimer,0.24747569444444445,867.5968627929688,1.0,7.17382898319874,12.199813252196213,423447.00000000006,12497.528008847552,241.65447766016308,6.963028760270421,37.280582427978516,38.98140335083008,0.9733754873042347,33.80881881713867,0.5716428160667419,5.708054542541504,53.05189514160156
Ko et. al (Etapas 3),Bentheimer,0.24747569444444445,867.5969848632812,1.0,7.173828983198739,12.199813252196213,423447.00000000006,12497.528008847552,241.65447766016308,6.963028760270421,35.80472183227539,36.67861557006836,0.9489595138210977,32.0697135925293,0.4797458350658417,3.9717142581939697,55.731021881103516
Ko et. al (Etapas 3),Bentheimer,0.23776851851851852,265.5628662109375,1.0,6.705356116270377,13.453623023082278,406980.0,12265.67265713745,221.11715800729442,9.698504344662373,8.585034370422363,35.43202209472656,0.9068322586314711,46.563743591308594,0.9226924180984497,8.694841384887695,59.87059783935547
Ko et. al (Etapas 3),Bentheimer,0.23776851851851852,265.5628967285156,1.0,6.705356116270378,13.453623023082278,406980.0,12265.672657137447,221.11715800729442,9.698504344662373,12.983436584472656,33.18238830566406,0.9340562849632634,45.15656661987305,0.8354784846305847,5.581878185272217,62.65694046020508
Ko et. al (Etapas 3),Bentheimer,0.23776851851851852,265.5628662109375,1.0,6.705356116270379,13.453623023082278,406980.0,12265.67265713745,221.11715800729442,9.698504344662373,8.228106498718262,29.894487380981445,0.9415986681652084,46.45636749267578,0.9929919242858887,7.29603910446167,59.566978454589844
Ko et. al (Etapas 3),Bentheimer,0.23776851851851852,265.5628662109375,1.0,6.705356116270376,13.453623023082278,406980.0,12265.672657137447,221.11715800729442,9.698504344662373,3.3216822147369385,27.921733856201172,0.931039851446984,43.01765441894531,0.9593623280525208,9.00650405883789,62.032073974609375
Ko et. al (Etapas 3),Bentheimer,0.31110358796296295,1274.896728515625,1.0,8.536529139600303,16.248076644763767,534577.0,13669.130265345952,217.17036639635134,6.58503577042717,10.054539680480957,22.34599494934082,0.9486399844224338,27.419219970703125,0.6310167908668518,0.8939270377159119,52.47439193725586
Ko et. al (Etapas 3),Bentheimer,0.31110358796296295,1274.896728515625,1.0,8.536529139600297,16.248076644763767,534577.0,13669.130265345948,217.17036639635134,6.58503577042717,7.798005104064941,20.155378341674805,0.945481084099806,25.903900146484375,0.5649285316467285,1.4321131706237793,51.241050720214844
Ko et. al (Etapas 3),Bentheimer,0.31110358796296295,1274.896728515625,1.0,8.536529139600297,16.248076644763767,534577.0,13669.130265345953,217.17036639635128,6.58503577042717,11.005728721618652,20.00119400024414,0.9535398531517589,27.47624397277832,0.5681365132331848,1.6871612071990967,51.92644119262695
Ko et. al (Etapas 3),Bentheimer,0.31110358796296295,1274.896728515625,1.0,8.536529139600296,16.248076644763767,534577.0,13669.130265345948,217.17036639635128,6.58503577042717,11.870136260986328,23.329601287841797,0.936667581460971,25.66771697998047,0.5651195645332336,3.3181962966918945,51.53376770019531
Ko et. al (Etapas 3),Bentheimer,0.25886168981481483,679.0469970703125,1.0,8.82762972726143,13.399466542339818,444708.0,11192.707897849714,202.039590493152,7.16197243913529,45.08147048950195,49.49068069458008,0.8747221621010666,36.98921203613281,0.4696020483970642,14.145731925964355,60.321197509765625
Ko et. al (Etapas 3),Bentheimer,0.25886168981481483,679.0469970703125,1.0,8.827629727261426,13.399466542339818,444708.0,11192.707897849712,202.039590493152,7.16197243913529,45.21649169921875,48.40478515625,0.9027211397548144,33.81661605834961,0.4337015450000763,6.012266159057617,57.25336837768555
Ko et. al (Etapas 3),Bentheimer,0.25886168981481483,679.0469970703125,1.0,8.827629727261426,13.399466542339818,444708.0,11192.707897849714,202.03959049315193,7.16197243913529,44.93472671508789,50.187232971191406,0.8587902745540711,37.41315460205078,0.45290061831474304,14.958436012268066,59.55153274536133
Ko et. al (Etapas 3),Bentheimer,0.25886168981481483,679.0469970703125,1.0,8.827629727261426,13.399466542339818,444708.0,11192.707897849712,202.039590493152,7.16197243913529,40.11610412597656,44.753509521484375,0.9073707109145938,33.330780029296875,0.4486677944660187,12.435827255249023,56.72227478027344
Ko et. al (Etapas 3),Bentheimer,0.24185474537037038,470.88897705078125,1.0,8.614362094420247,17.088006761915164,414742.0,10950.539375281984,216.1836494367078,7.629490084467733,32.67965316772461,61.10369110107422,0.8467351485465385,35.63547134399414,0.6263923645019531,9.939313888549805,57.85979080200195
Ko et. al (Etapas 3),Bentheimer,0.24185474537037038,470.88897705078125,1.0,8.614362094420246,17.088006761915164,414742.0,10950.539375281985,216.18364943670784,7.629490084467733,33.371498107910156,55.14969253540039,0.8690655668029889,37.03834533691406,0.9120587110519409,11.232100486755371,61.05929183959961
Ko et. al (Etapas 3),Bentheimer,0.24185474537037038,470.88897705078125,1.0,8.614362094420246,17.088006761915164,414742.0,10950.539375281984,216.1836494367078,7.629490084467733,37.006263732910156,54.863037109375,0.886884995299661,35.51806640625,0.6833266019821167,9.671975135803223,56.0694694519043
Ko et. al (Etapas 3),Bentheimer,0.24185474537037038,470.88897705078125,1.0,8.614362094420244,17.088006761915164,414742.0,10950.539375281985,216.1836494367078,7.629490084467733,32.22968673706055,51.9349365234375,0.8889255624204446,37.78533172607422,0.9134472608566284,11.865093231201172,61.664825439453125
Ko et. al (Etapas 3),Bentheimer,0.2529068287037037,603.913818359375,1.0,8.450690651438906,15.7915312805813,433178.00000000006,12076.004677998804,247.98347184576343,8.156690833459637,1.0196609497070312,32.80253601074219,0.9168998460470265,36.85316848754883,0.7825513482093811,14.077853202819824,60.119781494140625
Ko et. al (Etapas 3),Bentheimer,0.2529068287037037,603.913818359375,1.0,8.450690651438908,15.7915312805813,433178.00000000006,12076.004677998804,247.98347184576338,8.156690833459637,3.658468723297119,30.84425926208496,0.926078521939667,33.60546112060547,0.7568556666374207,11.32339096069336,56.60651397705078
Ko et. al (Etapas 3),Bentheimer,0.2529068287037037,603.9138793945312,1.0,8.450690651438908,15.7915312805813,433178.00000000006,12076.004677998804,247.98347184576343,8.156690833459637,0.4878092408180237,29.907115936279297,0.9278508055683987,36.012813568115234,0.8437919020652771,12.973122596740723,59.06833267211914
Ko et. al (Etapas 3),Bentheimer,0.2529068287037037,603.913818359375,1.0,8.450690651438908,15.7915312805813,433178.00000000006,12076.004677998804,247.98347184576343,8.156690833459637,2.783067464828491,35.536441802978516,0.88916813728197,36.24332809448242,0.6659634113311768,8.226655960083008,56.933013916015625
Ko et. al (Etapas 3),Bentheimer,0.17183391203703705,231.04542541503906,1.0,7.337965620794411,12.694477842605291,293509.0,9313.300778695531,245.4532292276066,8.932571181032626,6.05823278427124,34.96088790893555,0.8981618242811973,46.6468391418457,0.9426570534706116,8.129788398742676,59.99137878417969
Ko et. al (Etapas 3),Bentheimer,0.17183391203703705,231.04542541503906,1.0,7.337965620794409,12.694477842605291,293509.0,9313.300778695531,245.45322922760667,8.932571181032626,15.528203010559082,37.70900344848633,0.8948998596386412,48.627891540527344,1.0712511539459229,11.353240966796875,63.576698303222656
Ko et. al (Etapas 3),Bentheimer,0.17183391203703705,231.04542541503906,1.0,7.337965620794411,12.694477842605291,293509.0,9313.300778695531,245.45322922760658,8.932571181032626,12.278063774108887,38.03227996826172,0.8653927510804394,47.030067443847656,0.879479706287384,11.899232864379883,60.01578903198242
Ko et. al (Etapas 3),Bentheimer,0.17183391203703705,231.04542541503906,1.0,7.337965620794411,12.694477842605291,293509.0,9313.300778695531,245.4532292276066,8.932571181032626,13.98337459564209,42.60616683959961,0.8344364793656873,49.57810592651367,1.0691641569137573,10.789641380310059,63.82504653930664
Ko et. al (Etapas 3),Berea Buff,0.307921875,1421.3487548828125,1.0,9.076296774094086,19.209372945953984,526816.0,11958.240590848272,54.341894330248536,-2.994102366916281,47.98014831542969,59.73927307128906,0.8692951039462886,27.725685119628906,1.4633171558380127,7.587416172027588,56.32765579223633
Ko et. al (Etapas 3),Berea Buff,0.307921875,1421.3487548828125,1.0,9.076296774094086,19.209372945953984,526816.0,11958.240590848272,54.34189433024856,-2.994102366916281,49.60709762573242,59.958465576171875,0.8735521747473729,24.662324905395508,1.209484577178955,7.301068305969238,55.97844314575195
Ko et. al (Etapas 3),Berea Buff,0.307921875,1421.3487548828125,1.0,9.076296774094082,19.209372945953984,526816.0,11958.240590848269,54.341894330248536,-2.994102366916281,51.4450798034668,60.86741256713867,0.8819823358233843,27.43863296508789,1.515511393547058,9.428230285644531,58.02803039550781
Ko et. al (Etapas 3),Berea Buff,0.307921875,1421.3487548828125,1.0,9.076296774094082,19.209372945953984,526816.0,11958.240590848267,54.34189433024856,-2.994102366916281,61.43466567993164,73.22891998291016,0.8587338407916978,26.198528289794922,1.258047103881836,7.021942138671875,55.63114929199219
Ko et. al (Etapas 3),Berea Buff,0.22862384259259258,333.0084228515625,1.0,7.305526911795973,12.99999958354357,392383.0,11234.972408520895,196.2870405777505,4.078345416729818,16.498695373535156,34.665836334228516,0.9133436618822756,38.89257049560547,0.2674933969974518,9.49449348449707,56.11247634887695
Ko et. al (Etapas 3),Berea Buff,0.22862384259259258,333.0084228515625,1.0,7.3055269117959725,12.99999958354357,392383.0,11234.972408520895,196.28704057775045,4.078345416729818,23.566604614257812,39.375911712646484,0.8899194677826374,37.77661895751953,0.6436610817909241,9.146156311035156,60.479496002197266
Ko et. al (Etapas 3),Berea Buff,0.22862384259259258,333.0084228515625,1.0,7.3055269117959725,12.99999958354357,392383.0,11234.972408520895,196.28704057775045,4.078345416729818,16.700237274169922,36.465843200683594,0.8937334347373231,38.52619552612305,0.272818386554718,8.31936264038086,56.128448486328125
Ko et. al (Etapas 3),Berea Buff,0.22862384259259258,333.0084228515625,1.0,7.305526911795971,12.99999958354357,392383.0,11234.972408520895,196.2870405777505,4.078345416729818,23.0864200592041,43.44153594970703,0.8561578651489637,38.7470817565918,0.6267111897468567,9.379853248596191,60.40946578979492
Ko et. al (Etapas 3),Berea Buff,0.26109780092592594,459.6368713378906,1.0,7.187640395261239,12.844822164981183,447709.0,13676.934292500864,277.2736784370769,-1.7308100061243619,23.843952178955078,29.081735610961914,0.9444796545262809,40.41904067993164,0.7623072862625122,7.887366771697998,56.986114501953125
Ko et. al (Etapas 3),Berea Buff,0.26109780092592594,459.6369323730469,1.0,7.187640395261236,12.844822164981183,447709.0,13676.934292500864,277.27367843707697,-1.7308100061243619,22.228788375854492,29.6105899810791,0.9608579577622756,40.856422424316406,0.3537549376487732,5.255012035369873,58.74678039550781
Ko et. al (Etapas 3),Berea Buff,0.26109780092592594,459.6369323730469,1.0,7.187640395261237,12.844822164981183,447709.0,13676.934292500864,277.27367843707697,-1.7308100061243619,22.99616050720215,32.08002853393555,0.9260106536476219,40.28110122680664,0.7430112957954407,8.369174003601074,57.73802185058594
Ko et. al (Etapas 3),Berea Buff,0.26109780092592594,459.6369934082031,1.0,7.187640395261239,12.844822164981183,447709.0,13676.934292500864,277.27367843707697,-1.7308100061243619,23.441875457763672,30.821352005004883,0.9596998330311175,42.40936279296875,0.36023229360580444,4.221397399902344,58.55643081665039
Ko et. al (Etapas 3),Berea Buff,0.3143576388888889,1197.430419921875,1.0,7.97194805481055,18.027754256981286,539322.0,13757.948496080498,116.22505325230388,-0.44762327744595565,15.855189323425293,24.37374496459961,0.9402857802222914,30.38004493713379,0.5293607711791992,6.910574913024902,55.42251968383789
Ko et. al (Etapas 3),Berea Buff,0.3143576388888889,1197.430419921875,1.0,7.971948054810554,18.027754256981286,539322.0,13757.948496080498,116.22505325230388,-0.44762327744595565,19.520112991333008,29.276578903198242,0.9062092547988744,34.4956169128418,0.5354914665222168,8.93015193939209,56.88262176513672
Ko et. al (Etapas 3),Berea Buff,0.3143576388888889,1197.430419921875,1.0,7.971948054810554,18.027754256981286,539322.0,13757.948496080498,116.22505325230384,-0.44762327744595565,15.211996078491211,24.3184757232666,0.9265929143836112,31.12386703491211,0.5139579176902771,6.786750793457031,54.88125228881836
Ko et. al (Etapas 3),Berea Buff,0.3143576388888889,1197.430419921875,1.0,7.971948054810554,18.027754256981286,539322.0,13757.948496080498,116.22505325230384,-0.44762327744595565,16.41244125366211,26.4240665435791,0.9336025662695077,34.644554138183594,0.48728638887405396,7.084244728088379,57.00387954711914
Ko et. al (Etapas 3),Berea Buff,0.2604033564814815,562.0932006835938,1.0,7.416540385346776,16.155494658690014,446395.0,13238.619742969777,270.92824310117743,1.9595952368189613,22.698339462280273,34.22517776489258,0.8694026096359442,42.15773010253906,0.47109100222587585,5.954622268676758,58.30299758911133
Ko et. al (Etapas 3),Berea Buff,0.2604033564814815,562.09326171875,1.0,7.416540385346773,16.155494658690014,446395.0,13238.619742969777,270.92824310117743,1.9595952368189613,15.367058753967285,30.93349838256836,0.8851236619697423,38.205101013183594,0.38518404960632324,4.933624267578125,57.726585388183594
Ko et. al (Etapas 3),Berea Buff,0.2604033564814815,562.0932006835938,1.0,7.4165403853467735,16.155494658690014,446395.0,13238.619742969773,270.92824310117743,1.9595952368189613,21.156906127929688,33.72031784057617,0.8683880217469649,41.103309631347656,0.4444237947463989,8.044482231140137,58.095115661621094
Ko et. al (Etapas 3),Berea Buff,0.2604033564814815,562.0932006835938,1.0,7.416540385346773,16.155494658690014,446395.0,13238.619742969777,270.92824310117743,1.9595952368189613,12.122443199157715,27.488086700439453,0.9076191777421285,37.231658935546875,0.38637882471084595,2.5858917236328125,56.84272384643555
Ko et. al (Etapas 3),Berea Buff,0.280556712962963,422.6372985839844,1.0,7.473619166798233,13.19807125918239,482899.99999999994,13815.862881380566,212.77577467263276,-1.989436788648692,7.191118240356445,52.02750015258789,0.8132115128478253,41.651519775390625,0.5982459187507629,11.11103630065918,55.083396911621094
Ko et. al (Etapas 3),Berea Buff,0.280556712962963,422.63726806640625,1.0,7.473619166798232,13.19807125918239,482899.99999999994,13815.86288138057,212.77577467263282,-1.989436788648692,0.5484437346458435,45.86623764038086,0.8044591515975493,40.85517883300781,0.6749761700630188,11.252866744995117,59.356082916259766
Ko et. al (Etapas 3),Berea Buff,0.280556712962963,422.63726806640625,1.0,7.473619166798232,13.19807125918239,482899.99999999994,13815.862881380566,212.77577467263276,-1.989436788648692,8.948235511779785,53.27981185913086,0.8112870333028798,43.256587982177734,0.651029646396637,12.034969329833984,55.83544921875
Ko et. al (Etapas 3),Berea Buff,0.280556712962963,422.63726806640625,1.0,7.4736191667982315,13.19807125918239,482899.99999999994,13815.86288138057,212.77577467263276,-1.989436788648692,1.0971771478652954,49.364898681640625,0.8001821095975762,42.66611099243164,0.7117550373077393,15.399112701416016,58.79816818237305
Ko et. al (Etapas 3),Berea Buff,0.26878993055555556,639.4324340820312,1.0,8.45217516499467,15.107070451545495,460548.0,12162.309750881936,210.37425642164845,-0.3978873577297384,9.318394660949707,30.631805419921875,0.8963310286734283,31.22882652282715,0.4569062292575836,12.73104190826416,56.73149871826172
Ko et. al (Etapas 3),Berea Buff,0.26878993055555556,639.4324340820312,1.0,8.452175164994667,15.107070451545495,460548.0,12162.309750881932,210.3742564216484,-0.3978873577297384,7.325253486633301,31.179637908935547,0.8828912272061598,31.055395126342773,0.5182846188545227,7.739744663238525,57.46465301513672
Ko et. al (Etapas 3),Berea Buff,0.26878993055555556,639.4324340820312,1.0,8.45217516499467,15.107070451545495,460548.0,12162.309750881932,210.3742564216484,-0.3978873577297384,12.619555473327637,29.918149948120117,0.9045597234883263,31.692434310913086,0.4200538396835327,9.65909194946289,57.073699951171875
Ko et. al (Etapas 3),Berea Buff,0.26878993055555556,639.4324340820312,1.0,8.452175164994667,15.107070451545495,460548.0,12162.309750881936,210.37425642164845,-0.3978873577297384,11.271621704101562,27.288677215576172,0.8941285796846323,30.320144653320312,0.4962123930454254,6.8278374671936035,57.392574310302734
Ko et. al (Etapas 3),Berea Buff,0.23718171296296298,336.1749267578125,1.0,7.346977085249338,12.36931685293693,406660.0,11514.618129512972,199.2668449361201,1.4125001199405711,22.859542846679688,54.69484329223633,0.7797314242582826,45.40869903564453,0.5158878564834595,8.82358455657959,56.65970993041992
Ko et. al (Etapas 3),Berea Buff,0.23718171296296298,336.1749572753906,1.0,7.346977085249336,12.36931685293693,406660.0,11514.618129512972,199.2668449361201,1.4125001199405711,21.743858337402344,53.81633377075195,0.7955089267361628,41.06776428222656,0.7217388153076172,14.072624206542969,59.41848373413086
Ko et. al (Etapas 3),Berea Buff,0.23718171296296298,336.1749267578125,1.0,7.346977085249336,12.36931685293693,406660.0,11514.618129512972,199.26684493612015,1.4125001199405711,19.44463539123535,55.91872787475586,0.7732433018935168,44.9523811340332,0.47000935673713684,9.95118236541748,55.73766326904297
Ko et. al (Etapas 3),Berea Buff,0.23718171296296298,336.1749572753906,1.0,7.346977085249339,12.36931685293693,406660.0,11514.618129512972,199.2668449361201,1.4125001199405711,23.840845108032227,61.35927963256836,0.7295860054729181,42.30679702758789,0.6708078980445862,13.400397300720215,59.2293815612793
Ko et. al (Etapas 3),Berea Buff,0.2190625,128.92295837402344,1.0,7.469987114116714,13.564658274654297,375768.0,10962.921874034393,215.1057758378667,-2.059067076251396,76.97211456298828,148.01451110839844,0.3769105297359217,45.451904296875,1.444222092628479,10.09897232055664,59.63201904296875
Ko et. al (Etapas 3),Berea Buff,0.2190625,128.92295837402344,1.0,7.469987114116714,13.564658274654297,375768.0,10962.921874034393,215.10577583786664,-2.059067076251396,71.73701477050781,143.54222106933594,0.43046600988896344,45.48196029663086,1.2859102487564087,9.515033721923828,62.58073043823242
Ko et. al (Etapas 3),Berea Buff,0.2190625,128.92295837402344,1.0,7.469987114116712,13.564658274654297,375768.0,10962.921874034393,215.1057758378667,-2.059067076251396,67.42868041992188,127.73405456542969,0.41262166691842184,45.072147369384766,1.334503412246704,10.8262300491333,59.431583404541016
Ko et. al (Etapas 3),Berea Buff,0.2190625,128.92295837402344,1.0,7.469987114116715,13.564658274654297,375768.0,10962.921874034393,215.1057758378667,-2.059067076251396,69.86541748046875,140.98818969726562,0.3947897342569511,46.63667678833008,1.3219811916351318,14.546828269958496,62.26936721801758
Ko et. al (Etapas 3),Berea Buff,0.2970318287037037,671.55224609375,1.0,7.272519218425358,12.104613716851995,509045.0,13511.855255727984,90.35540806004845,-4.7746482927568605,2.901203155517578,52.69926834106445,0.7690898721559504,34.22597885131836,0.8500855565071106,10.57033920288086,54.65155792236328
Ko et. al (Etapas 3),Berea Buff,0.2970318287037037,671.55224609375,1.0,7.2725192184253595,12.104613716851995,509045.0,13511.855255727984,90.35540806004842,-4.7746482927568605,3.495570659637451,50.809261322021484,0.7759266077415234,31.594982147216797,0.8068124651908875,12.874656677246094,55.69927215576172
Ko et. al (Etapas 3),Berea Buff,0.2970318287037037,671.55224609375,1.0,7.2725192184253595,12.104613716851995,509045.0,13511.855255727984,90.35540806004845,-4.7746482927568605,2.0180792808532715,50.84239196777344,0.7737178203948942,33.37667465209961,0.9068666696548462,11.47376537322998,54.41035461425781
Ko et. al (Etapas 3),Berea Buff,0.2970318287037037,671.55224609375,1.0,7.272519218425362,12.104613716851995,509045.0,13511.85525572798,90.35540806004845,-4.7746482927568605,0.7363545894622803,45.64569854736328,0.8158591828913198,32.99678039550781,0.7974307537078857,11.961618423461914,56.05759811401367
Ko et. al (Etapas 3),Berea Buff,0.25582349537037036,342.7247314453125,1.0,8.288628618554968,13.022747561664554,440262.0,11904.026994944044,240.6248616789168,3.561091851681158,33.54257583618164,44.13665771484375,0.890519948565217,41.18052291870117,0.5127710700035095,2.4741668701171875,58.11113357543945
Ko et. al (Etapas 3),Berea Buff,0.25582349537037036,342.7247619628906,1.0,8.288628618554963,13.022747561664554,440262.0,11904.026994944044,240.62486167891677,3.561091851681158,35.7359733581543,44.385887145996094,0.8967105596248973,41.48549270629883,0.664167046546936,4.840899467468262,58.14714431762695
Ko et. al (Etapas 3),Berea Buff,0.25582349537037036,342.7247619628906,1.0,8.288628618554963,13.022747561664554,440262.0,11904.02699494404,240.62486167891677,3.561091851681158,32.56169128417969,45.4748420715332,0.8874353251506512,40.93123245239258,0.5381338000297546,1.4287675619125366,59.423622131347656
Ko et. al (Etapas 3),Berea Buff,0.25582349537037036,342.7247619628906,1.0,8.288628618554965,13.022747561664554,440262.0,11904.026994944044,240.62486167891677,3.561091851681158,35.500144958496094,46.07124328613281,0.8970480771833209,42.99375915527344,0.650356650352478,2.477400541305542,58.43258285522461
Ko et. al (Etapas 3),Berea Buff,0.24377025462962962,447.7928161621094,1.0,7.377592044806992,12.844822164981183,417526.0,12632.281964428123,254.84515946826627,-0.8952465548919113,31.10404396057129,42.90275573730469,0.9326703595203635,43.53180694580078,0.9287945628166199,4.112082004547119,59.13810729980469
Ko et. al (Etapas 3),Berea Buff,0.24377025462962962,447.7928161621094,1.0,7.377592044806993,12.844822164981183,417526.0,12632.281964428124,254.84515946826633,-0.8952465548919113,28.03807830810547,41.51833724975586,0.9192359464099074,42.471683502197266,0.6312903165817261,7.306672096252441,63.26250457763672
Ko et. al (Etapas 3),Berea Buff,0.24377025462962962,447.7928161621094,1.0,7.377592044806992,12.844822164981183,417526.0,12632.281964428123,254.84515946826627,-0.8952465548919113,21.98280143737793,39.13202667236328,0.9116067534867561,43.611331939697266,0.9320956468582153,9.621813774108887,60.426292419433594
Ko et. al (Etapas 3),Berea Buff,0.24377025462962962,447.7928161621094,1.0,7.377592044806994,12.844822164981183,417526.0,12632.281964428124,254.84515946826633,-0.8952465548919113,20.40334701538086,37.24558639526367,0.9309497190123744,39.821224212646484,0.6820136308670044,6.9483113288879395,62.733306884765625
Ko et. al (Etapas 3),Berea Buff,0.32945891203703703,1110.3968505859375,1.0,7.796931062308656,16.248076644763767,565534.0,14510.180164881047,111.54648133389138,-9.14146204384074,27.593748092651367,50.064605712890625,0.8692309229224877,32.04914855957031,1.318644404411316,4.4776387214660645,53.242549896240234
Ko et. al (Etapas 3),Berea Buff,0.32945891203703703,1110.396728515625,1.0,7.796931062308654,16.248076644763767,565534.0,14510.180164881043,111.5464813338914,-9.14146204384074,15.258209228515625,41.00254821777344,0.8823145720188564,36.73490524291992,0.8860359191894531,6.462510585784912,57.2800178527832
Ko et. al (Etapas 3),Berea Buff,0.32945891203703703,1110.396728515625,1.0,7.796931062308658,16.248076644763767,565534.0,14510.180164881041,111.5464813338914,-9.14146204384074,25.55137062072754,51.88456344604492,0.8538803992393244,33.81393051147461,1.2943174839019775,5.132108211517334,53.53347396850586
Ko et. al (Etapas 3),Berea Buff,0.32945891203703703,1110.396728515625,1.0,7.796931062308654,16.248076644763767,565534.0,14510.180164881043,111.5464813338914,-9.14146204384074,23.971237182617188,47.97926330566406,0.8683531136444441,34.87437438964844,0.9661826491355896,5.916656017303467,55.997039794921875
Ko et. al (Etapas 3),Berea Buff,0.24570543981481482,751.3676147460938,1.0,7.89735110778457,16.248076644763767,420222.0,11797.145329791892,216.6057653589475,-0.009947183943243459,20.968751907348633,26.871580123901367,0.9499279254066096,36.30598831176758,0.7053295373916626,3.153394937515259,56.75899124145508
Ko et. al (Etapas 3),Berea Buff,0.24570543981481482,751.367431640625,1.0,7.8973511077845675,16.248076644763767,420222.0,11797.145329791892,216.60576535894756,-0.009947183943243459,19.37433433532715,26.235668182373047,0.9550192042937521,38.133670806884766,0.7826582193374634,1.8180742263793945,57.581050872802734
Ko et. al (Etapas 3),Berea Buff,0.24570543981481482,751.3674926757812,1.0,7.8973511077845675,16.248076644763767,420222.0,11797.145329791894,216.6057653589475,-0.009947183943243459,17.313003540039062,26.538673400878906,0.9493672148124087,37.7905158996582,0.7554734349250793,3.010420083999634,56.33721160888672
Ko et. al (Etapas 3),Berea Buff,0.24570543981481482,751.3674926757812,1.0,7.897351107784566,16.248076644763767,420222.0,11797.145329791892,216.60576535894756,-0.009947183943243459,18.07542610168457,27.204347610473633,0.9436478381963199,38.09243392944336,0.8392764925956726,2.1236133575439453,57.612220764160156
Ko et. al (Etapas 3),Berea Buff,0.23922627314814815,121.30622863769531,1.0,7.793757762372585,13.484778931738408,409953.0,12378.136818932573,269.696895734455,-1.5119719593730059,16.551868438720703,63.55024337768555,0.7226831925759423,46.3462028503418,0.7940040230751038,9.624186515808105,62.71977233886719
Ko et. al (Etapas 3),Berea Buff,0.23922627314814815,121.30625915527344,1.0,7.793757762372585,13.484778931738408,409953.0,12378.136818932573,269.69689573445504,-1.5119719593730059,27.10341453552246,64.85819244384766,0.7174685859268259,44.76864242553711,0.7017936110496521,10.913410186767578,62.27516555786133
Ko et. al (Etapas 3),Berea Buff,0.23922627314814815,121.30622863769531,1.0,7.793757762372583,13.484778931738408,409953.0,12378.136818932573,269.696895734455,-1.5119719593730059,25.079545974731445,62.726539611816406,0.7390540955529896,45.78795623779297,0.8490490317344666,6.722633361816406,63.016136169433594
Ko et. al (Etapas 3),Berea Buff,0.23922627314814815,121.30622863769531,1.0,7.793757762372587,13.484778931738408,409953.0,12378.13681893257,269.696895734455,-1.5119719593730059,32.3470458984375,77.7173080444336,0.6839580278051093,47.539066314697266,0.8197162747383118,2.2780420780181885,62.387020111083984
Ko et. al (Etapas 3),Berea Buff,0.25455613425925927,324.20367431640625,1.0,7.983678727511718,14.200910580299334,438166.00000000006,11894.683428694807,210.13776182278374,2.108802995967613,12.637332916259766,45.651123046875,0.8319194852891347,44.866641998291016,0.669904351234436,12.15302562713623,59.47048568725586
Ko et. al (Etapas 3),Berea Buff,0.25455613425925927,324.20367431640625,1.0,7.983678727511717,14.200910580299334,438166.00000000006,11894.683428694805,210.13776182278374,2.108802995967613,12.483718872070312,46.78577423095703,0.7521325439414712,42.63311767578125,0.5470600724220276,10.558218955993652,62.800437927246094
Ko et. al (Etapas 3),Berea Buff,0.25455613425925927,324.20367431640625,1.0,7.983678727511715,14.200910580299334,438166.00000000006,11894.683428694805,210.13776182278374,2.108802995967613,12.06929874420166,44.59961700439453,0.8113751015263115,44.66005325317383,0.6844749450683594,11.870515823364258,60.604549407958984
Ko et. al (Etapas 3),Berea Buff,0.25455613425925927,324.20361328125,1.0,7.983678727511717,14.200910580299334,438166.00000000006,11894.683428694807,210.13776182278374,2.108802995967613,11.520909309387207,45.87068176269531,0.7872339665842056,43.5244026184082,0.5954453945159912,15.75684642791748,62.638370513916016
Ko et. al (Etapas 3),Berea Buff,0.23227546296296298,855.77734375,1.0,8.018085686833953,16.401220785827423,398763.0,11854.791654892562,276.7936333150619,2.3574825945486997,27.708465576171875,34.70540237426758,0.9540786414755752,35.190513610839844,0.6117956638336182,6.798526763916016,57.61680603027344
Ko et. al (Etapas 3),Berea Buff,0.23227546296296298,855.77734375,1.0,8.018085686833949,16.401220785827423,398763.0,11854.791654892562,276.79363331506187,2.3574825945486997,16.917814254760742,38.99369430541992,0.85381662294003,39.61552429199219,0.9683536291122437,15.314651489257812,59.85369873046875
Ko et. al (Etapas 3),Berea Buff,0.23227546296296298,855.77734375,1.0,8.01808568683395,16.401220785827423,398763.0,11854.791654892562,276.793633315062,2.3574825945486997,19.707252502441406,27.401451110839844,0.9452057197994478,35.819580078125,0.6949343085289001,8.194417953491211,57.536800384521484
Ko et. al (Etapas 3),Berea Buff,0.23227546296296298,855.77734375,1.0,8.018085686833949,16.401220785827423,398763.0,11854.79165489256,276.7936333150619,2.3574825945486997,28.20646095275879,35.76054763793945,0.9069470338297155,39.04595184326172,0.8487045168876648,12.839162826538086,60.08327102661133
Ko et. al (Etapas 3),Berea Buff,0.31894502314814815,1674.6212158203125,1.0,7.5823587704668425,14.254381292074651,547552.0,14446.947064404114,133.58401110442398,-3.720246794773054,18.507823944091797,22.546205520629883,0.9599123753451131,33.56313705444336,0.6188467741012573,9.597321510314941,57.746883392333984
Ko et. al (Etapas 3),Berea Buff,0.31894502314814815,1674.620849609375,1.0,7.582358770466838,14.254381292074651,547552.0,14446.947064404114,133.58401110442398,-3.720246794773054,16.672651290893555,20.744840621948242,0.9621537795139725,30.824386596679688,0.5817500948905945,5.791038513183594,53.69594955444336
Ko et. al (Etapas 3),Berea Buff,0.31894502314814815,1674.620849609375,1.0,7.582358770466838,14.254381292074651,547552.0,14446.947064404114,133.58401110442398,-3.720246794773054,19.588180541992188,22.63338279724121,0.9636934808767249,34.04142379760742,0.6235673427581787,7.998229503631592,58.46500015258789
Ko et. al (Etapas 3),Berea Buff,0.31894502314814815,1674.620849609375,1.0,7.582358770466838,14.254381292074651,547552.0,14446.947064404114,133.58401110442398,-3.720246794773054,19.211809158325195,22.67792320251465,0.9461696754491498,29.024757385253906,0.6122456192970276,2.4880454540252686,54.39472961425781
Ko et. al (Etapas 3),Berea Buff,0.18547569444444445,397.3124084472656,1.0,6.850314833094957,11.814004250666148,317274.0,10522.294919752583,291.77223499703865,6.674560425916361,44.726539611816406,47.69398880004883,0.9338912806088792,40.13785171508789,0.6066991686820984,4.18752908706665,61.04189682006836
Ko et. al (Etapas 3),Berea Buff,0.18547569444444445,397.3124084472656,1.0,6.850314833094957,11.814004250666148,317274.0,10522.294919752583,291.7722349970387,6.674560425916361,46.51106643676758,47.83715057373047,0.9149148264908991,40.2359733581543,0.7524291276931763,8.562145233154297,60.617740631103516
Ko et. al (Etapas 3),Berea Buff,0.18547569444444445,397.3124084472656,1.0,6.850314833094958,11.814004250666148,317274.0,10522.294919752583,291.7722349970387,6.674560425916361,44.01509475708008,46.341129302978516,0.9590355086932795,40.911460876464844,0.5777536034584045,4.188081741333008,60.16752243041992
Ko et. al (Etapas 3),Berea Buff,0.18547569444444445,397.3124084472656,1.0,6.850314833094958,11.814004250666148,317274.0,10522.294919752583,291.77223499703865,6.674560425916361,43.03359603881836,46.21766662597656,0.9050864558962114,39.79904556274414,0.7134599685668945,7.445859909057617,61.152496337890625
Ko et. al (Etapas 3),Berea Buff,0.29035648148148147,1056.337158203125,1.0,7.783639824796359,17.029387430847528,499168.00000000006,13502.561621018587,178.93638212126604,-2.576320641300056,6.961767196655273,32.810420989990234,0.8897185659853539,34.93751525878906,0.7183544039726257,10.341115951538086,55.33646011352539
Ko et. al (Etapas 3),Berea Buff,0.29035648148148147,1056.33740234375,1.0,7.783639824796359,17.029387430847528,499168.00000000006,13502.561621018584,178.9363821212661,-2.576320641300056,9.553633689880371,35.827003479003906,0.8484627358631067,32.955997467041016,0.9697253108024597,10.21181869506836,54.19889831542969
Ko et. al (Etapas 3),Berea Buff,0.29035648148148147,1056.337158203125,1.0,7.783639824796362,17.029387430847528,499168.00000000006,13502.561621018587,178.93638212126604,-2.576320641300056,11.779280662536621,33.78153610229492,0.8761395106663681,33.2380256652832,0.7318809032440186,12.72669506072998,54.87289810180664
Ko et. al (Etapas 3),Berea Buff,0.29035648148148147,1056.3372802734375,1.0,7.783639824796358,17.029387430847528,499168.00000000006,13502.561621018584,178.93638212126604,-2.576320641300056,7.382338523864746,38.12123489379883,0.8283869851546104,33.427024841308594,1.0163064002990723,13.322042465209961,54.32050323486328
Ko et. al (Etapas 3),Berea Buff,0.28069444444444447,618.4649658203125,1.0,7.756161027649365,15.842979132010136,483087.0,14655.291540565653,347.2659309380661,0.07957747154594767,2.059419631958008,43.63050079345703,0.8276238879485197,36.1563720703125,0.4813610315322876,5.251272678375244,54.88039016723633
Ko et. al (Etapas 3),Berea Buff,0.28069444444444447,618.4649658203125,1.0,7.756161027649364,15.842979132010136,483087.0,14655.291540565657,347.2659309380661,0.07957747154594767,3.916996955871582,38.21178436279297,0.865340603902876,37.080177307128906,0.8463245034217834,6.98413610458374,59.52051544189453
Ko et. al (Etapas 3),Berea Buff,0.28069444444444447,618.4649658203125,1.0,7.756161027649366,15.842979132010136,483087.0,14655.291540565657,347.2659309380661,0.07957747154594767,2.1072661876678467,37.826576232910156,0.8519590877277954,34.64976501464844,0.4136514961719513,4.485253810882568,54.046775817871094
Ko et. al (Etapas 3),Berea Buff,0.28069444444444447,618.4650268554688,1.0,7.756161027649364,15.842979132010136,483087.0,14655.291540565653,347.2659309380661,0.07957747154594767,2.0092971324920654,38.19115447998047,0.8496191574279636,37.794586181640625,0.8080610036849976,5.818115711212158,59.09817123413086
Ko et. al (Etapas 3),Berea Buff,0.28573784722222223,494.963134765625,1.0,8.654834676488214,16.62680312316026,490692.99999999994,13522.447532602977,244.62331932464627,2.1983276514568044,28.514917373657227,59.69035720825195,0.8088677493763187,42.426143646240234,0.7343007326126099,6.988883972167969,62.224937438964844
Ko et. al (Etapas 3),Berea Buff,0.28573784722222223,494.96307373046875,1.0,8.654834676488216,16.62680312316026,490692.99999999994,13522.447532602973,244.62331932464627,2.1983276514568044,34.15219497680664,59.696327209472656,0.8284032790868144,36.76350784301758,1.1086469888687134,5.733716011047363,58.45533752441406
Ko et. al (Etapas 3),Berea Buff,0.28573784722222223,494.963134765625,1.0,8.654834676488216,16.62680312316026,490692.99999999994,13522.447532602973,244.62331932464627,2.1983276514568044,37.83120346069336,69.51881408691406,0.8243247798763371,42.665382385253906,0.8713685274124146,9.998069763183594,62.048187255859375
Ko et. al (Etapas 3),Berea Buff,0.28573784722222223,494.963134765625,1.0,8.654834676488216,16.62680312316026,490692.99999999994,13522.447532602973,244.62331932464627,2.1983276514568044,39.6264533996582,65.31575775146484,0.8555321340774529,40.80746841430664,1.228882074356079,6.234585285186768,59.70691680908203
Ko et. al (Etapas 3),Berea Buff,0.2479398148148148,706.5995483398438,1.0,7.554698224075892,16.401220785827423,426443.0,12661.09019303982,233.40318819496835,-4.068398232786575,19.051149368286133,30.656959533691406,0.9052627832623863,39.13130187988281,0.8738139271736145,1.2630014419555664,62.42241668701172
Ko et. al (Etapas 3),Berea Buff,0.2479398148148148,706.5995483398438,1.0,7.554698224075886,16.401220785827423,426443.0,12661.090193039821,233.40318819496835,-4.068398232786575,22.054231643676758,33.158512115478516,0.8978466065227965,36.44920349121094,1.0109130144119263,0.7743255496025085,61.38010025024414
Ko et. al (Etapas 3),Berea Buff,0.2479398148148148,706.5995483398438,1.0,7.5546982240758895,16.401220785827423,426443.0,12661.09019303982,233.40318819496835,-4.068398232786575,20.206958770751953,32.25354766845703,0.8963348612088361,40.71693420410156,0.8409638404846191,0.4342942535877228,62.8948974609375
Ko et. al (Etapas 3),Berea Buff,0.2479398148148148,706.5995483398438,1.0,7.5546982240758895,16.401220785827423,426443.0,12661.090193039821,233.40318819496835,-4.068398232786575,12.504157066345215,28.48006248474121,0.9154635449487563,38.03044891357422,1.089076042175293,1.149757742881775,61.33979034423828
Ko et. al (Etapas 3),Berea Buff,0.21953703703703703,360.9427795410156,1.0,8.846439745995898,15.281312069097885,377025.0,10103.479121739187,190.7671498465878,2.1286973638541005,23.60700035095215,57.90732192993164,0.7809882939722604,39.20109558105469,1.2673572301864624,6.369412422180176,62.32768630981445
Ko et. al (Etapas 3),Berea Buff,0.21953703703703703,360.9427795410156,1.0,8.846439745995898,15.281312069097885,377025.0,10103.479121739185,190.7671498465878,2.1286973638541005,35.576263427734375,67.41726684570312,0.8102492054454894,39.1766357421875,1.1463154554367065,5.3812947273254395,62.82313537597656
Ko et. al (Etapas 3),Berea Buff,0.21953703703703703,360.94281005859375,1.0,8.8464397459959,15.281312069097885,377025.0,10103.479121739187,190.7671498465878,2.1286973638541005,27.24750518798828,64.19116973876953,0.7795805877336889,39.23436737060547,1.2938905954360962,7.189949035644531,62.79512023925781
Ko et. al (Etapas 3),Berea Buff,0.21953703703703703,360.9427795410156,1.0,8.846439745995898,15.281312069097885,377025.0,10103.479121739185,190.7671498465878,2.1286973638541005,27.005048751831055,68.0798568725586,0.7459956402966312,37.29920196533203,1.1243723630905151,5.609447956085205,62.15919876098633
Ko et. al (Etapas 3),Berea Buff,0.23460358796296296,757.896728515625,1.0,7.476325754336992,13.399466542339818,403574.0,11496.667173098484,168.0863901186945,-0.974824026437859,17.516904830932617,27.320667266845703,0.929260929635463,34.08829879760742,0.5505803823471069,10.543804168701172,57.69561767578125
Ko et. al (Etapas 3),Berea Buff,0.23460358796296296,757.896728515625,1.0,7.476325754336992,13.399466542339818,403574.0,11496.667173098484,168.0863901186945,-0.974824026437859,13.949061393737793,28.030794143676758,0.9307680225543109,29.55071449279785,0.762350857257843,2.110358953475952,58.12685012817383
Ko et. al (Etapas 3),Berea Buff,0.23460358796296296,757.896728515625,1.0,7.476325754336993,13.399466542339818,403574.0,11496.667173098484,168.0863901186945,-0.974824026437859,19.585189819335938,28.561830520629883,0.9287266122878953,33.50859069824219,0.5442408323287964,9.30070972442627,57.431148529052734
Ko et. al (Etapas 3),Berea Buff,0.23460358796296296,757.896728515625,1.0,7.476325754336989,13.399466542339818,403574.0,11496.667173098484,168.08639011869442,-0.974824026437859,13.060199737548828,24.928058624267578,0.9372161395014704,28.457401275634766,0.7689177989959717,6.058844089508057,57.41769790649414
Ko et. al (Etapas 3),Berea Buff,0.2330017361111111,731.658935546875,1.0,7.192016005744414,12.99999958354357,400265.0,11580.840271005802,200.03947644697584,-1.0046655782675893,44.67559814453125,48.56195831298828,0.9074178000256099,31.83861541748047,0.5434667468070984,1.5011683702468872,56.27058410644531
Ko et. al (Etapas 3),Berea Buff,0.2330017361111111,731.6589965820312,1.0,7.192016005744412,12.99999958354357,400265.0,11580.840271005802,200.03947644697578,-1.0046655782675893,41.796165466308594,44.105690002441406,0.9354472886249013,32.62879943847656,0.7026652693748474,0.7179477214813232,59.83278274536133
Ko et. al (Etapas 3),Berea Buff,0.2330017361111111,731.658935546875,1.0,7.192016005744415,12.99999958354357,400265.0,11580.840271005802,200.03947644697584,-1.0046655782675893,42.643741607666016,46.11473846435547,0.9048861074709416,31.25752067565918,0.5056813955307007,0.21523092687129974,56.05378341674805
Ko et. al (Etapas 3),Berea Buff,0.2330017361111111,731.6589965820312,1.0,7.192016005744411,12.99999958354357,400265.0,11580.840271005802,200.03947644697584,-1.0046655782675893,45.1905632019043,47.668006896972656,0.9193052965683185,32.082374572753906,0.6265283226966858,1.0631707906723022,58.265159606933594
Ko et. al (Etapas 3),Berea Buff,0.24422800925925925,655.3778076171875,1.0,7.527035070374162,15.502213050223787,417965.0,12273.855859440051,214.7867945434742,0.497359197162173,1.3435107469558716,34.26410675048828,0.8765568528753863,32.43701934814453,0.8013182878494263,1.9628647565841675,55.5359992980957
Ko et. al (Etapas 3),Berea Buff,0.24422800925925925,655.3778076171875,1.0,7.527035070374163,15.502213050223787,417965.0,12273.855859440051,214.78679454347423,0.497359197162173,5.067966938018799,36.27984619140625,0.8602869479073882,35.151641845703125,0.7096878886222839,3.953199863433838,56.75981903076172
Ko et. al (Etapas 3),Berea Buff,0.24422800925925925,655.3778076171875,1.0,7.52703507037416,15.502213050223787,417965.0,12273.855859440051,214.7867945434742,0.497359197162173,4.036465167999268,36.13603973388672,0.8802468759523284,32.43242645263672,0.8399021029472351,2.261430025100708,55.217384338378906
Ko et. al (Etapas 3),Berea Buff,0.24422800925925925,655.3778076171875,1.0,7.52703507037416,15.502213050223787,417965.0,12273.855859440051,214.7867945434742,0.497359197162173,1.7034598588943481,31.85181999206543,0.8999355562538115,35.64797592163086,0.8005560040473938,5.497923851013184,56.75518035888672
Ko et. al (Etapas 3),Berea Buff,0.4029652777777778,1763.790771484375,1.0,8.548395809627223,16.806304838990258,694371.0,16684.339601616946,70.28330808273,-13.180018724797582,5.358513832092285,37.42814636230469,0.8451919273467127,28.29917335510254,0.8162392973899841,3.6682653427124023,50.77119064331055
Ko et. al (Etapas 3),Berea Buff,0.4029652777777778,1763.790771484375,1.0,8.548395809627225,16.806304838990258,694371.0,16684.339601616943,70.28330808273002,-13.180018724797582,0.7216252684593201,42.47346878051758,0.8079925638183223,31.41303253173828,0.6847124099731445,6.5523881912231445,53.81126022338867
Ko et. al (Etapas 3),Berea Buff,0.4029652777777778,1763.790771484375,1.0,8.548395809627221,16.806304838990258,694371.0,16684.339601616946,70.28330808273,-13.180018724797582,6.685515880584717,35.04176330566406,0.886521306199727,29.59724998474121,0.8744580149650574,4.922089576721191,52.02724838256836
Ko et. al (Etapas 3),Berea Buff,0.4029652777777778,1763.790771484375,1.0,8.548395809627225,16.806304838990258,694371.0,16684.33960161695,70.28330808273002,-13.180018724797582,1.5515748262405396,39.483097076416016,0.8443703470518366,30.648962020874023,0.6821682453155518,7.372799873352051,52.990718841552734
Ko et. al (Etapas 3),Berea Buff,0.2473709490740741,910.1039428710938,1.0,7.548410679922234,13.747727646791398,424619.99999999994,12267.304768886217,218.1269085259166,-4.147975704332523,47.16508865356445,51.44811248779297,0.9373268612284752,32.476661682128906,0.6556727886199951,1.0757365226745605,54.806640625
Ko et. al (Etapas 3),Berea Buff,0.2473709490740741,910.1039428710938,1.0,7.548410679922239,13.747727646791398,424619.99999999994,12267.304768886217,218.12690852591655,-4.147975704332523,49.5722541809082,54.67162322998047,0.9414236307686739,35.42192077636719,0.804531991481781,5.778371334075928,58.232582092285156
Ko et. al (Etapas 3),Berea Buff,0.2473709490740741,910.1039428710938,1.0,7.548410679922237,13.747727646791398,424619.99999999994,12267.304768886217,218.1269085259166,-4.147975704332523,46.87576675415039,51.505123138427734,0.945097167164276,33.2039909362793,0.6741520762443542,0.8997735381126404,53.73805236816406
Ko et. al (Etapas 3),Berea Buff,0.2473709490740741,910.1039428710938,1.0,7.548410679922236,13.747727646791398,424619.99999999994,12267.30476888622,218.1269085259166,-4.147975704332523,51.21875762939453,55.920589447021484,0.931598385892223,36.76869201660156,0.784204363822937,6.440435409545898,59.44420623779297
Ko et. al (Etapas 3),Berea Buff,0.248796875,251.58636474609375,1.0,7.076471045485019,12.199813252196213,427150.0,13203.586572186205,223.55681279537336,-6.953081576327178,16.669343948364258,42.23624801635742,0.8073049564735796,37.91249084472656,0.5657197833061218,9.184988021850586,59.27177810668945
Ko et. al (Etapas 3),Berea Buff,0.248796875,251.58633422851562,1.0,7.076471045485019,12.199813252196213,427150.0,13203.586572186203,223.55681279537336,-6.953081576327178,25.866615295410156,45.095645904541016,0.7911555485494853,41.7147331237793,0.45018911361694336,16.387022018432617,62.48894119262695
Ko et. al (Etapas 3),Berea Buff,0.248796875,251.58633422851562,1.0,7.0764710454850155,12.199813252196213,427150.0,13203.586572186203,223.55681279537347,-6.953081576327178,23.143896102905273,39.69186019897461,0.841437184968062,39.0278434753418,0.48919621109962463,3.7504169940948486,58.730865478515625
Ko et. al (Etapas 3),Berea Buff,0.248796875,251.58636474609375,1.0,7.076471045485018,12.199813252196213,427150.0,13203.586572186205,223.55681279537342,-6.953081576327178,30.030078887939453,44.74019241333008,0.808049977277092,41.66733932495117,0.4430233836174011,14.635544776916504,61.01502227783203
Ko et. al (Etapas 3),Berea Buff,0.16721701388888888,61.39018249511719,1.0,7.506539744852177,15.905973657498626,285530.0,8956.687398860891,184.8614185702729,2.3574825945486997,21.634004592895508,56.59645080566406,0.5139884022468856,48.35708999633789,0.8574973940849304,6.855171203613281,64.73365783691406
Ko et. al (Etapas 3),Berea Buff,0.16721701388888888,61.39018249511719,1.0,7.506539744852177,15.905973657498626,285530.0,8956.687398860891,184.86141857027283,2.3574825945486997,48.81401062011719,70.60093688964844,0.5078113182392229,51.297122955322266,1.1721830368041992,6.060446262359619,68.77180480957031
Ko et. al (Etapas 3),Berea Buff,0.16721701388888888,61.39018249511719,1.0,7.506539744852179,15.905973657498626,285530.0,8956.687398860891,184.86141857027283,2.3574825945486997,19.84017562866211,56.59943389892578,0.44245986171073703,52.079978942871094,0.7574257850646973,0.42124852538108826,64.41065979003906
Ko et. al (Etapas 3),Berea Buff,0.16721701388888888,61.39018249511719,1.0,7.506539744852177,15.905973657498626,285530.0,8956.687398860891,184.86141857027283,2.3574825945486997,35.30483627319336,66.31804656982422,0.4981681741509019,49.2572135925293,1.1550010442733765,5.24193000793457,69.1479263305664
Ko et. al (Etapas 3),Berea Buff,0.2574913194444444,1116.8707275390625,1.0,7.678777055152713,14.200910580299334,436905.0,12232.117485835883,149.7772561525727,-2.3375882266622128,24.398418426513672,28.73953628540039,0.9674139223385992,32.488887786865234,0.9011421799659729,5.362928867340088,57.018436431884766
Ko et. al (Etapas 3),Berea Buff,0.2574913194444444,1116.8707275390625,1.0,7.678777055152714,14.200910580299334,436905.0,12232.117485835883,149.7772561525727,-2.3375882266622128,25.550872802734375,29.489261627197266,0.9696435113842463,36.78993606567383,0.7196985483169556,6.298904895782471,62.25946044921875
Ko et. al (Etapas 3),Berea Buff,0.2574913194444444,1116.8707275390625,1.0,7.678777055152716,14.200910580299334,436905.0,12232.117485835883,149.7772561525727,-2.3375882266622128,21.229509353637695,25.354450225830078,0.9674255835882498,34.24908447265625,0.9392349123954773,4.792287349700928,56.59002685546875
Ko et. al (Etapas 3),Berea Buff,0.2574913194444444,1116.8707275390625,1.0,7.678777055152713,14.200910580299334,436905.0,12232.117485835883,149.7772561525727,-2.3375882266622128,24.33807373046875,27.45878028869629,0.9736145936423866,35.83767318725586,0.7283642292022705,7.377061367034912,61.90365219116211
Ko et. al (Etapas 3),Berea Buff,0.22183391203703703,118.14569854736328,1.0,8.027204053423814,16.673332624338627,381243.0,11613.541637404456,285.3745137545204,-0.7559859796865029,86.50880432128906,121.53166961669922,0.7559265495676873,46.597312927246094,1.720457911491394,11.22578239440918,64.95951843261719
Ko et. al (Etapas 3),Berea Buff,0.22183391203703703,118.14569854736328,1.0,8.027204053423814,16.673332624338627,381243.0,11613.541637404454,285.3745137545204,-0.7559859796865029,45.84914016723633,107.95858001708984,0.4575480296095885,51.24257278442383,1.5444978475570679,18.173730850219727,64.6383285522461
Ko et. al (Etapas 3),Berea Buff,0.22183391203703703,118.14568328857422,1.0,8.027204053423814,16.673332624338627,381243.0,11613.541637404454,285.3745137545203,-0.7559859796865029,75.11133575439453,111.21644592285156,0.6589174508704079,44.898162841796875,1.5916829109191895,12.038839340209961,64.43872833251953
Ko et. al (Etapas 3),Berea Buff,0.22183391203703703,118.14568328857422,1.0,8.027204053423812,16.673332624338627,381243.0,11613.541637404454,285.3745137545203,-0.7559859796865029,63.83674240112305,122.3726806640625,0.5018133666690618,50.24563217163086,1.9436644315719604,24.572250366210938,67.00900268554688
Ko et. al (Etapas 3),Berea Buff,0.21082002314814816,376.19879150390625,1.0,7.77326122105059,16.850856124634657,358646.0,10613.561688156618,200.57287314352442,-0.4575704613891991,28.253549575805664,37.80317306518555,0.9257713846865423,40.98493576049805,0.9834620952606201,2.199617385864258,59.25799560546875
Ko et. al (Etapas 3),Berea Buff,0.21082002314814816,376.19879150390625,1.0,7.773261221050592,16.850856124634657,358646.0,10613.561688156622,200.57287314352442,-0.4575704613891991,27.21059226989746,34.38349914550781,0.937290229805441,43.384185791015625,0.8094372749328613,3.70316481590271,61.91987991333008
Ko et. al (Etapas 3),Berea Buff,0.21082002314814816,376.19879150390625,1.0,7.773261221050592,16.850856124634657,358646.0,10613.561688156618,200.57287314352442,-0.4575704613891991,32.89993667602539,41.41653823852539,0.9348317807059531,41.41724395751953,1.1669032573699951,8.903885841369629,59.906681060791016
Ko et. al (Etapas 3),Berea Buff,0.21082002314814816,376.1987609863281,1.0,7.77326122105059,16.850856124634657,358646.0,10613.561688156622,200.5728731435245,-0.4575704613891991,21.09868812561035,31.507381439208984,0.9329005483134505,45.3801383972168,0.7391513586044312,1.1870529651641846,61.098670959472656
Ko et. al (Etapas 3),Berea Buff,0.3554971064814815,1414.884521484375,1.0,8.820774203441491,16.30950755823499,609702.0,14800.476525427219,185.47805866885992,-5.3615321454082245,28.270910263061523,33.44381332397461,0.9660024634429851,31.451921463012695,0.7417557835578918,2.3149635791778564,55.76529312133789
Ko et. al (Etapas 3),Berea Buff,0.3554971064814815,1414.88427734375,1.0,8.820774203441491,16.30950755823499,609702.0,14800.476525427219,185.47805866885986,-5.3615321454082245,29.39242172241211,34.243831634521484,0.9738086009409572,29.530986785888672,0.6152852773666382,0.9884755611419678,51.85811233520508
Ko et. al (Etapas 3),Berea Buff,0.3554971064814815,1414.88427734375,1.0,8.820774203441495,16.30950755823499,609702.0,14800.476525427222,185.4780586688599,-5.3615321454082245,27.385757446289062,34.30291748046875,0.953867305211609,31.315750122070312,0.7401024103164673,3.0253443717956543,56.061004638671875
Ko et. al (Etapas 3),Berea Buff,0.3554971064814815,1414.884521484375,1.0,8.820774203441491,16.30950755823499,609702.0,14800.476525427222,185.47805866885986,-5.3615321454082245,30.706680297851562,34.79700469970703,0.9707678220492886,29.671329498291016,0.6192365288734436,0.1764518916606903,53.669349670410156
Ko et. al (Etapas 3),Berea Buff,0.26876793981481484,1045.2237548828125,1.0,9.10176027866228,16.55894372926627,460718.0,11631.01170269824,187.731700054086,0.8952465548919113,6.854875564575195,32.40268325805664,0.9150571985082102,39.78484344482422,1.0596733093261719,8.348968505859375,57.915557861328125
Ko et. al (Etapas 3),Berea Buff,0.26876793981481484,1045.2237548828125,1.0,9.10176027866228,16.55894372926627,460718.0,11631.01170269824,187.73170005408593,0.8952465548919113,5.775794506072998,29.780324935913086,0.9091587471024728,36.82321548461914,0.8078654408454895,5.4897332191467285,58.70256805419922
Ko et. al (Etapas 3),Berea Buff,0.26876793981481484,1045.2236328125,1.0,9.101760278662283,16.55894372926627,460718.0,11631.01170269824,187.73170005408596,0.8952465548919113,7.425044059753418,40.67495346069336,0.8561935732851111,38.78030014038086,1.0807530879974365,7.831934452056885,58.61632537841797
Ko et. al (Etapas 3),Berea Buff,0.26876793981481484,1045.2236328125,1.0,9.10176027866228,16.55894372926627,460718.0,11631.01170269824,187.73170005408593,0.8952465548919113,8.434228897094727,33.36520004272461,0.9031637024803083,38.41325378417969,0.8553270697593689,9.053985595703125,60.77838897705078
Ko et. al (Etapas 3),Berea Buff,0.2858368055555556,938.7981567382812,1.0,9.23197408208572,16.649356192644102,490088.99999999994,11524.653747406732,154.0235685572189,4.108186968559549,3.2635130882263184,26.10923957824707,0.9003844337100182,33.14249038696289,0.5742434859275818,8.579813003540039,57.990966796875
Ko et. al (Etapas 3),Berea Buff,0.2858368055555556,938.7979125976562,1.0,9.231974082085719,16.649356192644102,490088.99999999994,11524.653747406732,154.02356855721888,4.108186968559549,5.046689987182617,33.24226379394531,0.8353210775015952,34.565834045410156,1.046783447265625,11.203502655029297,59.3661994934082
Ko et. al (Etapas 3),Berea Buff,0.2858368055555556,938.798095703125,1.0,9.231974082085724,16.649356192644102,490088.99999999994,11524.653747406732,154.0235685572189,4.108186968559549,0.6282694935798645,28.70294189453125,0.885043658191847,32.50514221191406,0.6151607036590576,6.935507774353027,59.06929016113281
Ko et. al (Etapas 3),Berea Buff,0.2858368055555556,938.7979125976562,1.0,9.231974082085719,16.649356192644102,490088.99999999994,11524.653747406732,154.0235685572189,4.108186968559549,1.1697651147842407,35.413429260253906,0.8306300642477401,34.16872787475586,1.1310738325119019,14.402941703796387,59.60272216796875
Ko et. al (Etapas 3),Berea Buff,0.3511724537037037,1326.8355712890625,1.0,9.053879110750723,17.34934982642535,603471.0,14149.816982244527,146.12610463905534,-0.606778220537851,27.242698669433594,51.76144790649414,0.7958494644222576,28.244056701660156,1.0251384973526,5.742185592651367,53.02247619628906
Ko et. al (Etapas 3),Berea Buff,0.3511724537037037,1326.835693359375,1.0,9.053879110750723,17.34934982642535,603471.0,14149.816982244527,146.1261046390553,-0.606778220537851,24.426870346069336,48.76313781738281,0.8156494950065973,28.612464904785156,0.6550112962722778,6.9652276039123535,54.2861328125
Ko et. al (Etapas 3),Berea Buff,0.3511724537037037,1326.8355712890625,1.0,9.053879110750724,17.34934982642535,603471.0,14149.816982244527,146.1261046390553,-0.606778220537851,32.12818908691406,50.63576889038086,0.8234719337986898,28.322486877441406,1.0838899612426758,5.936267852783203,54.38868713378906
Ko et. al (Etapas 3),Berea Buff,0.3511724537037037,1326.835693359375,1.0,9.05387911075072,17.34934982642535,603471.0,14149.816982244527,146.1261046390553,-0.606778220537851,29.475547790527344,52.59720230102539,0.8030886460716229,30.416566848754883,0.7155701518058777,8.253859519958496,54.711181640625
Ko et. al (Etapas 3),Berea Buff,0.23584375,287.1410827636719,1.0,7.303783541989306,15.26433580887513,404486.0,11931.809954999413,205.87693818996513,0.029841551829730376,20.492233276367188,41.34614181518555,0.8856560180424845,50.20207595825195,1.3364990949630737,10.11811637878418,60.62702941894531
Ko et. al (Etapas 3),Berea Buff,0.23584375,287.14105224609375,1.0,7.303783541989308,15.26433580887513,404486.0,11931.809954999413,205.87693818996513,0.029841551829730376,24.174375534057617,38.06175994873047,0.9101416719470987,45.27926254272461,0.8464255928993225,5.873836040496826,59.21169662475586
Ko et. al (Etapas 3),Berea Buff,0.23584375,287.14105224609375,1.0,7.303783541989303,15.26433580887513,404486.0,11931.809954999413,205.87693818996513,0.029841551829730376,19.528701782226562,38.7288703918457,0.902436841314189,50.94850540161133,1.3328368663787842,9.977317810058594,58.924102783203125
Ko et. al (Etapas 3),Berea Buff,0.23584375,287.14105224609375,1.0,7.303783541989306,15.26433580887513,404486.0,11931.809954999413,205.87693818996516,0.029841551829730376,20.50959014892578,37.48268127441406,0.9053068021640834,43.24993133544922,0.8938204646110535,7.924134731292725,60.08639144897461
Ko et. al (Etapas 3),Berea Buff,0.24903877314814815,493.6903991699219,1.0,7.315790804145208,13.456406356667104,427140.99999999994,11793.444070749245,149.0341672973844,1.7009684542946315,7.883748531341553,22.621816635131836,0.9396180386682991,36.6297607421875,0.46691250801086426,3.739309787750244,56.978939056396484
Ko et. al (Etapas 3),Berea Buff,0.24903877314814815,493.6903076171875,1.0,7.315790804145209,13.456406356667104,427140.99999999994,11793.444070749249,149.0341672973844,1.7009684542946315,2.699575424194336,22.890331268310547,0.9399853179115418,37.25031280517578,0.8576061129570007,2.1261496543884277,55.547508239746094
Ko et. al (Etapas 3),Berea Buff,0.24903877314814815,493.6903076171875,1.0,7.315790804145208,13.456406356667104,427140.99999999994,11793.444070749249,149.0341672973844,1.7009684542946315,4.515048027038574,23.661386489868164,0.9311519461805445,38.90235900878906,0.47485530376434326,3.775794744491577,56.431785583496094
Ko et. al (Etapas 3),Berea Buff,0.24903877314814815,493.6903991699219,1.0,7.315790804145211,13.456406356667104,427140.99999999994,11793.444070749245,149.0341672973844,1.7009684542946315,8.162483215332031,22.28253936767578,0.9432771637247801,36.613548278808594,0.8180630207061768,2.2773349285125732,56.24205780029297
Ko et. al (Etapas 3),Berea Buff,0.2702326388888889,243.03868103027344,1.0,8.615595773413837,16.004795965291805,462557.0,12641.581937964216,215.15508657650582,-2.5663734573568124,26.778156280517578,37.029388427734375,0.9048874020730043,40.0947265625,0.7055565118789673,6.600851535797119,62.53749465942383
Ko et. al (Etapas 3),Berea Buff,0.2702326388888889,243.03871154785156,1.0,8.615595773413837,16.004795965291805,462557.0,12641.581937964216,215.15508657650582,-2.5663734573568124,21.37339973449707,39.8141975402832,0.8636445164408144,42.80617904663086,0.951143741607666,9.087634086608887,61.99201965332031
Ko et. al (Etapas 3),Berea Buff,0.2702326388888889,243.03868103027344,1.0,8.615595773413837,16.004795965291805,462557.0,12641.581937964216,215.15508657650588,-2.5663734573568124,24.125770568847656,40.550167083740234,0.8816005873287169,43.446659088134766,0.6356135010719299,3.2324373722076416,61.91250228881836
Ko et. al (Etapas 3),Berea Buff,0.2702326388888889,243.03868103027344,1.0,8.615595773413837,16.004795965291805,462557.0,12641.581937964216,215.15508657650582,-2.5663734573568124,12.683161735534668,36.35057067871094,0.8632673363614835,40.68551254272461,0.7420721054077148,5.797971248626709,62.53505325317383
Ko et. al (Etapas 3),Berea Buff,0.25958796296296294,758.1494750976562,1.0,7.438118276969334,13.399466542339818,445915.0,12220.922814288217,161.32236239531113,-1.7208628221811184,17.853933334350586,34.45983123779297,0.8800460771721942,31.171457290649414,0.5576121211051941,17.74374771118164,53.775909423828125
Ko et. al (Etapas 3),Berea Buff,0.25958796296296294,758.1494750976562,1.0,7.438118276969334,13.399466542339818,445915.0,12220.922814288215,161.32236239531113,-1.7208628221811184,20.83266830444336,37.817378997802734,0.8488457848123473,33.3759880065918,0.6416431665420532,20.302722930908203,56.04106903076172
Ko et. al (Etapas 3),Berea Buff,0.25958796296296294,758.1494140625,1.0,7.438118276969332,13.399466542339818,445915.0,12220.922814288217,161.32236239531113,-1.7208628221811184,18.277755737304688,33.97602844238281,0.8854556825824557,31.92935562133789,0.5439671874046326,20.5447940826416,55.12327194213867
Ko et. al (Etapas 3),Berea Buff,0.25958796296296294,758.1492309570312,1.0,7.438118276969331,13.399466542339818,445915.0,12220.922814288215,161.32236239531113,-1.7208628221811184,21.131053924560547,36.37043762207031,0.8580922378648641,32.47347640991211,0.6134505271911621,18.339258193969727,54.96788024902344
Ko et. al (Etapas 3),Berea Buff,0.27634143518518517,371.43499755859375,1.0,8.698572009714978,16.30750002841325,472572.0,11969.131312612677,138.5338517585463,-0.6465669563108248,63.880165100097656,83.35186767578125,0.6588261409556152,42.275062561035156,0.9300458431243896,3.81059193611145,58.244773864746094
Ko et. al (Etapas 3),Berea Buff,0.27634143518518517,371.4350280761719,1.0,8.698572009714978,16.30750002841325,472572.0,11969.131312612677,138.5338517585463,-0.6465669563108248,54.309791564941406,81.35012817382812,0.7124852675767979,38.600982666015625,0.9516773223876953,6.058149814605713,62.49317169189453
Ko et. al (Etapas 3),Berea Buff,0.27634143518518517,371.4350280761719,1.0,8.69857200971498,16.30750002841325,472572.0,11969.131312612677,138.5338517585463,-0.6465669563108248,51.25602340698242,81.42251586914062,0.6595850124203924,41.571109771728516,0.8430441617965698,6.1290764808654785,58.71177291870117
Ko et. al (Etapas 3),Berea Buff,0.27634143518518517,371.43499755859375,1.0,8.698572009714978,16.30750002841325,472572.0,11969.131312612675,138.5338517585463,-0.6465669563108248,40.31048583984375,66.61241912841797,0.7409733168899076,38.19325637817383,0.7963127493858337,3.094210147857666,62.69285202026367
Ko et. al (Etapas 3),Berea Buff,0.3423865740740741,4752.23486328125,1.0,9.16427723996179,16.828596726501807,585763.0,13536.894728857576,88.83372025398835,-12.404138377224594,19.632713317871094,22.32345962524414,0.9744575436737265,22.931163787841797,0.7319185137748718,2.6609866619110107,57.87963104248047
Ko et. al (Etapas 3),Berea Buff,0.3423865740740741,4752.23486328125,1.0,9.164277239961795,16.828596726501807,585763.0,13536.894728857576,88.83372025398835,-12.404138377224594,24.037120819091797,26.064096450805664,0.9800716476890831,23.439849853515625,1.0086508989334106,3.8299977779388428,53.83454132080078
Ko et. al (Etapas 3),Berea Buff,0.3423865740740741,4752.234375,1.0,9.164277239961793,16.828596726501807,585763.0,13536.894728857576,88.83372025398835,-12.404138377224594,25.916919708251953,28.5441951751709,0.9716334628687882,23.228790283203125,0.6766352653503418,1.434505581855774,58.1429443359375
Ko et. al (Etapas 3),Berea Buff,0.3423865740740741,4752.234375,1.0,9.164277239961793,16.828596726501807,585763.0,13536.894728857576,88.83372025398832,-12.404138377224594,24.729686737060547,27.876367568969727,0.9594554644979291,24.419889450073242,0.97267746925354,3.557742118835449,54.86880874633789
Ko et. al (Etapas 3),Berea Buff,0.26535416666666667,604.6884765625,1.0,8.567871331402994,15.695736810871594,456838.0,11952.124509226885,208.55969161872272,-1.452288855713545,32.66112518310547,67.25054931640625,0.8286313116351015,33.726627349853516,1.4444669485092163,7.305828094482422,58.689151763916016
Ko et. al (Etapas 3),Berea Buff,0.26535416666666667,604.6885375976562,1.0,8.567871331402992,15.695736810871594,456838.0,11952.124509226885,208.55969161872267,-1.452288855713545,40.41268539428711,78.86695861816406,0.8062877035628883,34.279537200927734,1.0365749597549438,8.890646934509277,62.03871154785156
Ko et. al (Etapas 3),Berea Buff,0.26535416666666667,604.6884765625,1.0,8.56787133140299,15.695736810871594,456838.0,11952.124509226885,208.55969161872275,-1.452288855713545,32.340877532958984,68.45220947265625,0.8124646827450581,34.49526596069336,1.4247751235961914,8.083854675292969,60.00407791137695
Ko et. al (Etapas 3),Berea Buff,0.26535416666666667,604.6885375976562,1.0,8.567871331402992,15.695736810871594,456838.0,11952.124509226885,208.55969161872275,-1.452288855713545,28.958576202392578,67.32582092285156,0.8038143504818465,34.5587272644043,0.8987076878547668,7.672914981842041,61.68263244628906
Ko et. al (Etapas 3),Berea Buff,0.26726099537037035,1167.985595703125,1.0,8.56198103185751,15.652476425463272,459706.0,12238.432169994057,184.41139944640787,-2.118750179910857,32.051231384277344,32.66290283203125,0.952918015184682,32.750545501708984,0.6512050032615662,5.572617053985596,55.39485549926758
Ko et. al (Etapas 3),Berea Buff,0.26726099537037035,1167.985595703125,1.0,8.561981031857508,15.652476425463272,459706.0,12238.432169994057,184.4113994464079,-2.118750179910857,36.0738525390625,37.06037521362305,0.9570617215247693,32.307552337646484,0.9365938305854797,7.562680244445801,59.658599853515625
Ko et. al (Etapas 3),Berea Buff,0.26726099537037035,1167.985595703125,1.0,8.561981031857508,15.652476425463272,459706.0,12238.432169994057,184.41139944640787,-2.118750179910857,36.418426513671875,36.92915725708008,0.9460081522559052,33.03591537475586,0.6249683499336243,3.2949020862579346,56.01082229614258
Ko et. al (Etapas 3),Berea Buff,0.26726099537037035,1167.9857177734375,1.0,8.561981031857506,15.652476425463272,459706.0,12238.432169994057,184.41139944640787,-2.118750179910857,39.51161193847656,40.13656997680664,0.952656763888635,33.573341369628906,0.9088858366012573,6.814539432525635,59.94108581542969
Ko et. al (Etapas 3),Berea Buff,0.1979357638888889,367.2724609375,1.0,7.805159398776683,14.254381292074651,340278.0,10657.359847997683,272.5878693329981,3.2726235173270974,21.134788513183594,33.42158889770508,0.9243246367266226,38.768672943115234,0.636289656162262,2.511594772338867,58.12044143676758
Ko et. al (Etapas 3),Berea Buff,0.1979357638888889,367.2724609375,1.0,7.805159398776685,14.254381292074651,340278.0,10657.359847997683,272.5878693329981,3.2726235173270974,20.836336135864258,41.87641143798828,0.8251974045000676,39.07079315185547,0.5961150527000427,7.161715507507324,60.78053665161133
Ko et. al (Etapas 3),Berea Buff,0.1979357638888889,367.27252197265625,1.0,7.805159398776683,14.254381292074651,340278.0,10657.359847997683,272.5878693329981,3.2726235173270974,13.846512794494629,28.158079147338867,0.9287636206167027,39.44567108154297,0.6722581386566162,0.6097081899642944,60.5685920715332
Ko et. al (Etapas 3),Berea Buff,0.1979357638888889,367.2724609375,1.0,7.805159398776688,14.254381292074651,340278.0,10657.359847997683,272.5878693329981,3.2726235173270974,15.717629432678223,36.442901611328125,0.8302243472527288,39.83280944824219,0.6859458088874817,10.966437339782715,61.33881378173828
Ko et. al (Etapas 3),Berea Buff,0.31911226851851854,1858.7919921875,1.0,8.334217480612221,15.107070451545495,548115.0,13787.953451668558,141.6977208244419,-4.993486339508216,21.085020065307617,28.243852615356445,0.9306567552775972,28.592906951904297,0.5712102055549622,3.395120859146118,49.653446197509766
Ko et. al (Etapas 3),Berea Buff,0.31911226851851854,1858.7919921875,1.0,8.334217480612223,15.107070451545495,548115.0,13787.953451668554,141.69772082444183,-4.993486339508216,24.96806526184082,30.40488052368164,0.918519539106744,30.38579750061035,0.7682300209999084,4.422261714935303,54.00306701660156
Ko et. al (Etapas 3),Berea Buff,0.31911226851851854,1858.792236328125,1.0,8.334217480612221,15.107070451545495,548115.0,13787.953451668554,141.69772082444186,-4.993486339508216,24.04696273803711,30.30896759033203,0.9287538992582269,28.300016403198242,0.5550830364227295,5.934884071350098,49.89033508300781
Ko et. al (Etapas 3),Berea Buff,0.31911226851851854,1858.792236328125,1.0,8.334217480612228,15.107070451545495,548115.0,13787.953451668554,141.69772082444186,-4.993486339508216,25.644351959228516,30.789493560791016,0.930753412142536,29.807788848876953,0.7278370261192322,1.8909863233566284,54.027164459228516
Ko et. al (Etapas 3),Berea Buff,0.293869212962963,722.283203125,1.0,8.611299343981255,14.492344984386053,506716.00000000006,12973.093415660891,197.24802598638314,-0.5968310365946076,26.7821102142334,36.726654052734375,0.8998284686762587,36.64784240722656,0.4877414107322693,9.98323917388916,57.908870697021484
Ko et. al (Etapas 3),Berea Buff,0.293869212962963,722.283203125,1.0,8.611299343981255,14.492344984386053,506716.00000000006,12973.09341566089,197.2480259863831,-0.5968310365946076,25.86111068725586,33.56010818481445,0.9184399603145482,32.21327590942383,0.34988921880722046,4.674368858337402,56.492916107177734
Ko et. al (Etapas 3),Berea Buff,0.293869212962963,722.283203125,1.0,8.611299343981253,14.492344984386053,506716.00000000006,12973.093415660891,197.24802598638314,-0.5968310365946076,27.839548110961914,36.35615158081055,0.9106359968249208,36.8950309753418,0.519925594329834,7.585700988769531,57.904666900634766
Ko et. al (Etapas 3),Berea Buff,0.293869212962963,722.283203125,1.0,8.611299343981253,14.492344984386053,506716.00000000006,12973.093415660891,197.24802598638314,-0.5968310365946076,23.004154205322266,32.67472839355469,0.897851871977774,33.64875411987305,0.40300485491752625,4.667723178863525,55.79338455200195
Ko et. al (Etapas 3),Berea Buff,0.2395318287037037,686.314208984375,1.0,7.8706196692693196,14.955962696443185,411388.0,11678.036641538696,211.52153758173523,-0.42772890955946874,10.398037910461426,27.347700119018555,0.9117271440056606,39.041629791259766,0.4462815523147583,6.766219139099121,57.952701568603516
Ko et. al (Etapas 3),Berea Buff,0.2395318287037037,686.314208984375,1.0,7.8706196692693196,14.955962696443185,411388.0,11678.036641538698,211.52153758173523,-0.42772890955946874,24.83292579650879,40.40556335449219,0.8724032642997015,40.67744827270508,0.7508091330528259,13.219916343688965,58.28162384033203
Ko et. al (Etapas 3),Berea Buff,0.2395318287037037,686.314208984375,1.0,7.870619669269319,14.955962696443185,411388.0,11678.036641538696,211.52153758173517,-0.42772890955946874,13.551613807678223,27.987836837768555,0.923984906554026,37.75990295410156,0.45626547932624817,8.177114486694336,57.75586700439453
Ko et. al (Etapas 3),Berea Buff,0.2395318287037037,686.314208984375,1.0,7.870619669269316,14.955962696443185,411388.0,11678.036641538698,211.52153758173523,-0.42772890955946874,17.697216033935547,31.781421661376953,0.9132062122150875,41.12486267089844,0.7490310668945312,14.735917091369629,57.39305877685547
Ko et. al (Etapas 3),Berea Buff,0.2428767361111111,547.8280639648438,1.0,8.174581280093815,16.30750002841325,416874.0,11554.84854705615,208.50589230922373,-1.760651557954092,4.675538063049316,35.0015869140625,0.9009144489519751,38.977359771728516,0.6465514302253723,4.999079704284668,60.11469650268555
Ko et. al (Etapas 3),Berea Buff,0.2428767361111111,547.8279418945312,1.0,8.174581280093816,16.30750002841325,416874.0,11554.84854705615,208.50589230922373,-1.760651557954092,7.176486015319824,37.5862922668457,0.8828527957332801,43.016841888427734,0.8776702880859375,10.597946166992188,59.29808807373047
Ko et. al (Etapas 3),Berea Buff,0.2428767361111111,547.8280639648438,1.0,8.17458128009382,16.30750002841325,416874.0,11554.848547056152,208.50589230922373,-1.760651557954092,1.058982491493225,32.81709671020508,0.9064914281168616,40.41564178466797,0.617138147354126,3.625911235809326,59.587127685546875
Ko et. al (Etapas 3),Berea Buff,0.2428767361111111,547.8280639648438,1.0,8.174581280093815,16.30750002841325,416874.0,11554.84854705615,208.50589230922373,-1.760651557954092,9.455527305603027,36.350250244140625,0.8898800655111028,43.80161666870117,0.8531729578971863,6.82200288772583,59.3480224609375
Ko et. al (Etapas 3),Berea Buff,0.2518680555555556,1142.84912109375,1.0,9.56823890324507,17.916472456840896,432453.0,10823.283681415882,207.17286201124577,4.207658807991983,11.586653709411621,21.981569290161133,0.9527533847628724,31.954185485839844,0.7670361399650574,4.1503448486328125,54.6013298034668
Ko et. al (Etapas 3),Berea Buff,0.2518680555555556,1142.8492431640625,1.0,9.56823890324507,17.916472456840896,432453.0,10823.283681415882,207.1728620112458,4.207658807991983,24.161846160888672,31.859567642211914,0.9361163869196931,36.593994140625,0.8480424880981445,7.588675022125244,60.984561920166016
Ko et. al (Etapas 3),Berea Buff,0.2518680555555556,1142.84912109375,1.0,9.56823890324507,17.916472456840896,432453.0,10823.283681415882,207.17286201124577,4.207658807991983,14.413812637329102,30.9990291595459,0.9145875684853804,32.21067428588867,0.7491081953048706,1.8122448921203613,55.08060073852539
Ko et. al (Etapas 3),Berea Buff,0.2518680555555556,1142.8492431640625,1.0,9.56823890324507,17.916472456840896,432453.0,10823.283681415882,207.17286201124585,4.207658807991983,19.119306564331055,30.66045570373535,0.9233540456324391,36.41815948486328,0.9053707718849182,7.758176803588867,61.54996109008789
Ko et. al (Etapas 3),Leopard,0.2274050925925926,436.91448974609375,1.0,7.491278868962439,15.107070451545495,387900.0,11323.467108659346,193.3481781005628,1.6213909827486839,12.372636795043945,25.823890686035156,0.9017882475027269,39.71278381347656,0.6502387523651123,3.8447108268737793,60.38630676269531
Ko et. al (Etapas 3),Leopard,0.2274050925925926,436.91448974609375,1.0,7.491278868962439,15.107070451545495,387900.0,11323.467108659346,193.3481781005628,1.6213909827486839,14.61632251739502,22.587095260620117,0.8795262851920536,40.63683319091797,1.0605027675628662,5.1444902420043945,64.4910888671875
Ko et. al (Etapas 3),Leopard,0.2274050925925926,436.91448974609375,1.0,7.491278868962442,15.107070451545495,387900.0,11323.467108659346,193.3481781005628,1.6213909827486839,17.612228393554688,27.13343620300293,0.869854454332983,39.28048324584961,0.7047969102859497,0.9634382724761963,59.2430419921875
Ko et. al (Etapas 3),Leopard,0.2274050925925926,436.91448974609375,1.0,7.491278868962438,15.107070451545495,387900.0,11323.467108659346,193.34817810056276,1.6213909827486839,2.710676670074463,36.02922058105469,0.8193123197430879,40.16207504272461,0.9051627516746521,5.141473770141602,64.69842529296875
Ko et. al (Etapas 3),Leopard,0.2627696759259259,1132.2491455078125,1.0,9.087317087943863,15.7915312805813,449823.0,10857.320559331429,140.4096410939685,2.1585389156838306,10.898603439331055,27.980579376220703,0.9346651661098812,30.7014217376709,0.77920001745224,5.557712078094482,54.15863800048828
Ko et. al (Etapas 3),Leopard,0.2627696759259259,1132.2491455078125,1.0,9.087317087943859,15.7915312805813,449823.0,10857.320559331429,140.4096410939685,2.1585389156838306,16.6030216217041,30.786636352539062,0.9142289023817195,31.24317169189453,0.7449989914894104,8.625909805297852,57.843894958496094
Ko et. al (Etapas 3),Leopard,0.2627696759259259,1132.249267578125,1.0,9.087317087943859,15.7915312805813,449823.0,10857.320559331429,140.4096410939685,2.1585389156838306,10.236920356750488,27.505115509033203,0.9280051578578099,29.96051597595215,0.8103350400924683,4.8843584060668945,53.36408996582031
Ko et. al (Etapas 3),Leopard,0.2627696759259259,1132.2491455078125,1.0,9.08731708794386,15.7915312805813,449823.0,10857.320559331429,140.4096410939685,2.1585389156838306,13.489069938659668,31.862979888916016,0.8924846080488246,32.410675048828125,0.7783714532852173,8.303123474121094,57.92259216308594
Ko et. al (Etapas 3),Leopard,0.1915792824074074,27.054195404052734,1.0,8.218577346122272,15.26433580887513,329415.0,8927.832654729917,183.75436141616905,7.917958418821795,513.9224243164062,607.06201171875,0.30768104676231545,44.913761138916016,4.368854522705078,15.685648918151855,62.995819091796875
Ko et. al (Etapas 3),Leopard,0.1915792824074074,27.054189682006836,1.0,8.218577346122274,15.26433580887513,329415.0,8927.832654729917,183.75436141616905,7.917958418821795,396.96453857421875,452.0980529785156,0.2862633656933803,56.977256774902344,4.678830623626709,11.29799747467041,66.51516723632812
Ko et. al (Etapas 3),Leopard,0.1915792824074074,27.054189682006836,1.0,8.218577346122272,15.26433580887513,329415.0,8927.832654729917,183.7543614161691,7.917958418821795,475.8337097167969,546.7781982421875,0.3037209503686463,46.27128219604492,4.599878311157227,3.8643970489501953,61.64372634887695
Ko et. al (Etapas 3),Leopard,0.1915792824074074,27.054189682006836,1.0,8.21857734612227,15.26433580887513,329415.0,8927.832654729918,183.7543614161691,7.917958418821795,329.6142578125,371.16473388671875,0.30789116666372335,54.13791275024414,3.5809004306793213,4.778909683227539,65.57686614990234
Ko et. al (Etapas 3),Leopard,0.2339074074074074,164.3630828857422,1.0,6.948912759970051,12.934116827943688,401235.0,13032.14535434179,293.45735738206395,-1.3130282805081366,69.3936767578125,135.94398498535156,0.5175749535962867,39.44639587402344,1.50361168384552,14.197118759155273,58.950294494628906
Ko et. al (Etapas 3),Leopard,0.2339074074074074,164.3630828857422,1.0,6.948912759970052,12.934116827943688,401235.0,13032.14535434179,293.45735738206395,-1.3130282805081366,50.44624710083008,115.33003997802734,0.5363641743501353,41.222652435302734,1.1588212251663208,14.789633750915527,60.473236083984375
Ko et. al (Etapas 3),Leopard,0.2339074074074074,164.3630828857422,1.0,6.948912759970055,12.934116827943688,401235.0,13032.14535434179,293.45735738206395,-1.3130282805081366,68.61156463623047,131.98231506347656,0.5323637837812478,38.17538070678711,1.4859365224838257,13.137930870056152,57.989322662353516
Ko et. al (Etapas 3),Leopard,0.2339074074074074,164.3630828857422,1.0,6.948912759970052,12.934116827943688,401235.0,13032.14535434179,293.45735738206395,-1.3130282805081366,87.94441223144531,154.53965759277344,0.509595110008298,41.70329284667969,1.6521683931350708,18.045522689819336,59.31716537475586
Ko et. al (Etapas 3),Leopard,0.22705439814814815,163.10325622558594,1.0,9.09565410589602,17.34934982642535,391362.0,10442.178521914982,213.6789394087742,2.7354755843919514,41.14833450317383,51.7065544128418,0.8145496283171736,45.02245330810547,1.1892324686050415,11.504043579101562,65.66278839111328
Ko et. al (Etapas 3),Leopard,0.22705439814814815,163.10325622558594,1.0,9.095654105896019,17.34934982642535,391362.0,10442.178521914982,213.6789394087742,2.7354755843919514,52.545631408691406,57.65176773071289,0.804669488197467,45.926025390625,1.1506448984146118,8.3489351272583,67.00003051757812
Ko et. al (Etapas 3),Leopard,0.22705439814814815,163.10328674316406,1.0,9.095654105896015,17.34934982642535,391362.0,10442.178521914982,213.67893940877417,2.7354755843919514,53.148677825927734,55.5792350769043,0.8231109538337055,47.826175689697266,1.20895254611969,8.291996002197266,64.96595764160156
Ko et. al (Etapas 3),Leopard,0.22705439814814815,163.10325622558594,1.0,9.095654105896013,17.34934982642535,391362.0,10442.178521914982,213.6789394087742,2.7354755843919514,43.154052734375,59.052433013916016,0.8025877618296468,44.25656509399414,1.2022008895874023,10.192646980285645,67.0364990234375
Ko et. al (Etapas 3),Leopard,0.19569849537037037,223.5272674560547,1.0,6.857204813576172,12.844822164981183,334918.0,11154.180123249815,263.9479717947039,3.7500883466027846,5.690774917602539,72.36117553710938,0.7590377334588748,45.604915618896484,1.0134575366973877,7.041173458099365,64.45042419433594
Ko et. al (Etapas 3),Leopard,0.19569849537037037,223.5272674560547,1.0,6.85720481357617,12.844822164981183,334918.0,11154.180123249815,263.94797179470396,3.7500883466027846,15.643852233886719,70.17431640625,0.8107314765161959,42.763999938964844,0.8278514742851257,0.20932483673095703,60.373619079589844
Ko et. al (Etapas 3),Leopard,0.19569849537037037,223.52723693847656,1.0,6.85720481357617,12.844822164981183,334918.0,11154.180123249815,263.94797179470396,3.7500883466027846,10.792820930480957,74.63475799560547,0.7516344374521193,45.18257141113281,1.0440402030944824,7.142652988433838,64.8958969116211
Ko et. al (Etapas 3),Leopard,0.19569849537037037,223.5272674560547,1.0,6.85720481357617,12.844822164981183,334918.0,11154.180123249815,263.94797179470396,3.7500883466027846,13.72773551940918,80.35781860351562,0.7361272665904616,42.27946090698242,0.8719322681427002,4.682589054107666,60.39972686767578
Ko et. al (Etapas 3),Leopard,0.20984548611111112,364.0239562988281,1.0,7.265638798216744,14.071247301969983,359194.0,11882.14930873464,293.4389882383802,1.7308100061243619,25.687511444091797,39.675132751464844,0.811694391100842,47.57912063598633,0.8954116106033325,10.534073829650879,58.890541076660156
Ko et. al (Etapas 3),Leopard,0.20984548611111112,364.0239562988281,1.0,7.265638798216745,14.071247301969983,359194.0,11882.149308734637,293.4389882383802,1.7308100061243619,20.154205322265625,33.70170593261719,0.8810345345996372,44.19868850708008,0.5881264209747314,3.0963895320892334,61.23578643798828
Ko et. al (Etapas 3),Leopard,0.20984548611111112,364.0239562988281,1.0,7.265638798216744,14.071247301969983,359194.0,11882.14930873464,293.4389882383802,1.7308100061243619,25.507434844970703,36.25836944580078,0.8416187768689386,48.91158676147461,0.8915172219276428,10.261560440063477,58.81637191772461
Ko et. al (Etapas 3),Leopard,0.20984548611111112,364.0238952636719,1.0,7.265638798216744,14.071247301969983,359194.0,11882.149308734637,293.4389882383802,1.7308100061243619,18.834505081176758,33.378273010253906,0.8808683442069609,44.61015701293945,0.5597688555717468,2.2178187370300293,61.41460418701172
Ko et. al (Etapas 3),Leopard,0.16153819444444445,280.06268310546875,1.0,6.222379162968195,12.104613716851995,276183.0,9964.71625437467,286.4490319733545,7.838380947275845,15.998730659484863,24.724340438842773,0.9672007930920973,42.492733001708984,0.7927421927452087,2.3914313316345215,55.91057586669922
Ko et. al (Etapas 3),Leopard,0.16153819444444445,280.06268310546875,1.0,6.222379162968194,12.104613716851995,276183.0,9964.71625437467,286.4490319733545,7.838380947275845,24.766958236694336,31.99656867980957,0.960303603381296,44.211387634277344,1.039786458015442,2.523252487182617,61.50388717651367
Ko et. al (Etapas 3),Leopard,0.16153819444444445,280.06268310546875,1.0,6.222379162968195,12.104613716851995,276183.0,9964.71625437467,286.4490319733545,7.838380947275845,23.411849975585938,30.040193557739258,0.9678567573223532,41.22746658325195,0.7172180414199829,2.9394888877868652,57.37886428833008
Ko et. al (Etapas 3),Leopard,0.16153819444444445,280.06268310546875,1.0,6.222379162968194,12.104613716851995,276183.0,9964.71625437467,286.4490319733545,7.838380947275845,21.798608779907227,29.753049850463867,0.9636284785284408,44.58256912231445,1.0699445009231567,5.647785663604736,62.90022277832031
Ko et. al (Etapas 3),Leopard,0.18737094907407406,378.53997802734375,1.0,6.925708243415034,13.076694972014252,322498.0,9577.649576885042,162.13016838191365,2.9742079990297943,45.874752044677734,47.48320770263672,0.8596570985861159,40.897056579589844,0.5226064324378967,10.810449600219727,58.233604431152344
Ko et. al (Etapas 3),Leopard,0.18737094907407406,378.5399169921875,1.0,6.925708243415036,13.076694972014252,322498.0,9577.649576885044,162.13016838191365,2.9742079990297943,43.25456237792969,47.76206588745117,0.8238720961678844,45.64280700683594,0.6066569685935974,16.6176700592041,58.42864990234375
Ko et. al (Etapas 3),Leopard,0.18737094907407406,378.5399169921875,1.0,6.925708243415034,13.076694972014252,322498.0,9577.649576885044,162.13016838191365,2.9742079990297943,44.297794342041016,45.811519622802734,0.8550253127851413,42.23634719848633,0.50799560546875,14.828909873962402,58.45225524902344
Ko et. al (Etapas 3),Leopard,0.18737094907407406,378.5399169921875,1.0,6.925708243415036,13.076694972014252,322498.0,9577.649576885044,162.13016838191365,2.9742079990297943,44.478641510009766,49.90659713745117,0.806777890325778,45.557308197021484,0.5845369100570679,15.694059371948242,59.178443908691406
Ko et. al (Etapas 3),Leopard,0.1949091435185185,428.8191223144531,1.0,7.1423923282610575,16.401220785827423,334002.0,11241.401727956252,290.8679213451095,5.341637777521737,22.728179931640625,31.283803939819336,0.964864666692727,47.689781188964844,1.5040818452835083,4.185894966125488,59.83783721923828
Ko et. al (Etapas 3),Leopard,0.1949091435185185,428.81915283203125,1.0,7.142392328261053,16.401220785827423,334002.0,11241.401727956254,290.86792134510944,5.341637777521737,19.784399032592773,28.469879150390625,0.9615329978880255,45.269073486328125,1.036149263381958,1.166121244430542,59.03173065185547
Ko et. al (Etapas 3),Leopard,0.1949091435185185,428.81915283203125,1.0,7.142392328261055,16.401220785827423,334002.0,11241.401727956252,290.86792134510955,5.341637777521737,19.28072738647461,26.963054656982422,0.9705140626190231,44.26250457763672,1.4599499702453613,3.8745639324188232,59.10684585571289
Ko et. al (Etapas 3),Leopard,0.1949091435185185,428.8191223144531,1.0,7.1423923282610575,16.401220785827423,334002.0,11241.401727956254,290.86792134510944,5.341637777521737,23.559799194335938,32.40475845336914,0.9643352731511602,43.24443054199219,1.1010044813156128,1.5706640481948853,58.45093536376953
Ko et. al (Etapas 3),Leopard,0.20931655092592594,135.15335083007812,1.0,8.652716761127596,15.20690265531322,356385.0,9943.460913608953,219.87046153683934,3.561091851681158,12.219019889831543,51.37851333618164,0.7740165741951699,39.28782272338867,0.7472193241119385,2.943402051925659,62.78627395629883
Ko et. al (Etapas 3),Leopard,0.20931655092592594,135.15335083007812,1.0,8.652716761127593,15.20690265531322,356385.0,9943.460913608953,219.87046153683937,3.561091851681158,13.457024574279785,48.056373596191406,0.824903935290408,38.3337516784668,0.5598439574241638,0.07898115366697311,63.69652557373047
Ko et. al (Etapas 3),Leopard,0.20931655092592594,135.15335083007812,1.0,8.652716761127593,15.20690265531322,356385.0,9943.460913608953,219.87046153683934,3.561091851681158,12.569392204284668,48.70184326171875,0.7791958955721932,40.65690994262695,0.8098666667938232,6.54397439956665,65.12930297851562
Ko et. al (Etapas 3),Leopard,0.20931655092592594,135.15335083007812,1.0,8.652716761127593,15.20690265531322,356385.0,9943.460913608953,219.87046153683937,3.561091851681158,13.43285083770752,47.98188781738281,0.7818076319704006,39.19736862182617,0.5521966814994812,0.4294477105140686,63.260501861572266
Ko et. al (Etapas 3),Leopard,0.21931886574074075,103.56792449951172,1.0,6.890785713448281,12.844822164981183,375342.0,12356.604702847097,291.86255997686504,5.55052864032985,35.44021987915039,79.18919372558594,0.6405586120199809,49.78142166137695,1.0654346942901611,9.930608749389648,62.72421646118164
Ko et. al (Etapas 3),Leopard,0.21931886574074075,103.56792449951172,1.0,6.890785713448278,12.844822164981183,375342.0,12356.6047028471,291.86255997686504,5.55052864032985,41.425785064697266,90.9325180053711,0.5744040242107402,50.68375015258789,0.6482029557228088,3.7118468284606934,61.70799255371094
Ko et. al (Etapas 3),Leopard,0.21931886574074075,103.56792449951172,1.0,6.8907857134482775,12.844822164981183,375342.0,12356.6047028471,291.86255997686504,5.55052864032985,33.401546478271484,76.91157531738281,0.6475715252080191,52.194366455078125,0.9710134267807007,4.013027191162109,63.369361877441406
Ko et. al (Etapas 3),Leopard,0.21931886574074075,103.56792449951172,1.0,6.890785713448278,12.844822164981183,375342.0,12356.6047028471,291.86255997686504,5.55052864032985,57.80432891845703,107.4687271118164,0.5620347945448073,53.69723129272461,0.7775498032569885,10.531774520874023,61.205345153808594
Ko et. al (Etapas 3),Leopard,0.17656655092592594,10.944034576416016,1.0,8.663282133458228,16.806304838990258,303394.0,9553.582438326082,269.3050764060089,8.743574686111,847.8933715820312,658.8605346679688,0.04252078245468629,61.62641906738281,9.43476390838623,8.50869083404541,69.58238220214844
Ko et. al (Etapas 3),Leopard,0.17656655092592594,10.9440336227417,1.0,8.663282133458225,16.806304838990258,303394.0,9553.582438326082,269.3050764060088,8.743574686111,771.5820922851562,545.2877807617188,0.05633569519270049,56.452449798583984,8.71143913269043,9.071122169494629,68.15182495117188
Ko et. al (Etapas 3),Leopard,0.17656655092592594,10.944034576416016,1.0,8.663282133458226,16.806304838990258,303394.0,9553.58243832608,269.3050764060089,8.743574686111,783.5657348632812,537.8482055664062,0.029136103644955693,53.44365692138672,9.245017051696777,13.409514427185059,69.61900329589844
Ko et. al (Etapas 3),Leopard,0.17656655092592594,10.944032669067383,1.0,8.663282133458226,16.806304838990258,303394.0,9553.58243832608,269.3050764060089,8.743574686111,733.8159790039062,516.12255859375,0.04370610683378903,54.72609329223633,8.369843482971191,9.529444694519043,69.42308044433594
Ko et. al (Etapas 3),Leopard,0.19885243055555554,644.9163208007812,1.0,7.719457532068342,15.26433580887513,340771.0,9972.462171875937,200.26163157030254,4.098239784616305,29.476322174072266,31.9887638092041,0.9423978569928729,33.20094299316406,0.7959381341934204,11.175013542175293,54.4063606262207
Ko et. al (Etapas 3),Leopard,0.19885243055555554,644.9163208007812,1.0,7.719457532068339,15.26433580887513,340771.0,9972.462171875934,200.26163157030263,4.098239784616305,27.415618896484375,29.437713623046875,0.969611234077509,32.87797927856445,0.6709610819816589,4.575394153594971,56.28041076660156
Ko et. al (Etapas 3),Leopard,0.19885243055555554,644.9163208007812,1.0,7.719457532068341,15.26433580887513,340771.0,9972.462171875935,200.26163157030263,4.098239784616305,32.517799377441406,34.03819274902344,0.9529689175248086,34.22734451293945,0.7375686168670654,6.123386859893799,54.96281814575195
Ko et. al (Etapas 3),Leopard,0.19885243055555554,644.9163208007812,1.0,7.719457532068342,15.26433580887513,340771.0,9972.462171875935,200.26163157030263,4.098239784616305,30.08237648010254,31.38082504272461,0.9676084418732629,34.37997817993164,0.6557406187057495,4.175632953643799,56.44979476928711
Ko et. al (Etapas 3),Leopard,0.24625347222222221,1414.013671875,1.0,8.98592147341667,16.248076644763767,421766.00000000006,9894.594056219661,160.18177378179973,5.729577951308232,23.004135131835938,25.07350730895996,0.9728805767543011,39.192317962646484,0.9803519248962402,3.4998421669006348,55.80824279785156
Ko et. al (Etapas 3),Leopard,0.24625347222222221,1414.0137939453125,1.0,8.985921473416672,16.248076644763767,421766.00000000006,9894.594056219661,160.18177378179976,5.729577951308232,20.57957649230957,23.43069076538086,0.9727288946009465,36.495582580566406,0.6858760118484497,2.533905267715454,51.76933670043945
Ko et. al (Etapas 3),Leopard,0.24625347222222221,1414.0137939453125,1.0,8.985921473416674,16.248076644763767,421766.00000000006,9894.594056219661,160.18177378179973,5.729577951308232,21.318315505981445,24.068002700805664,0.9747735407399403,38.98313903808594,0.9857969284057617,1.8113890886306763,55.58106994628906
Ko et. al (Etapas 3),Leopard,0.24625347222222221,1414.0137939453125,1.0,8.985921473416672,16.248076644763767,421766.00000000006,9894.594056219661,160.18177378179976,5.729577951308232,18.571130752563477,20.96965789794922,0.9847565062846488,35.41941452026367,0.7132495045661926,0.800774872303009,50.42538833618164
Ko et. al (Etapas 3),Leopard,0.19783680555555555,29.26291275024414,1.0,8.52887169145604,18.110771637517,337410.0,9903.035006485048,221.8244121746707,4.217605991935226,243.267822265625,153.6707763671875,0.33920609021925846,49.6341667175293,3.0484368801116943,14.256778717041016,67.21601867675781
Ko et. al (Etapas 3),Leopard,0.19783680555555555,29.26291275024414,1.0,8.528871691456041,18.110771637517,337410.0,9903.035006485048,221.82441217467075,4.217605991935226,255.9688720703125,165.6277618408203,0.34814836647202924,47.55436706542969,3.2788779735565186,14.287988662719727,68.03231048583984
Ko et. al (Etapas 3),Leopard,0.19783680555555555,29.26291275024414,1.0,8.52887169145604,18.110771637517,337410.0,9903.035006485048,221.82441217467075,4.217605991935226,277.6106872558594,201.3074493408203,0.2633019394493776,45.84968948364258,3.7648909091949463,20.19612693786621,67.58855438232422
Ko et. al (Etapas 3),Leopard,0.19783680555555555,29.262907028198242,1.0,8.528871691456043,18.110771637517,337410.0,9903.035006485048,221.82441217467075,4.217605991935226,262.931396484375,174.29151916503906,0.3773561119732968,45.7738037109375,3.334685802459717,14.249155044555664,67.96700286865234
Ko et. al (Etapas 3),Leopard,0.23435358796296296,577.617919921875,1.0,7.887708465509264,16.353529304278123,402744.0,12588.867104887713,307.63672486766023,0.9449824746081286,9.681442260742188,26.573596954345703,0.9545210268668392,40.714569091796875,0.8984987735748291,3.633976936340332,59.1099853515625
Ko et. al (Etapas 3),Leopard,0.23435358796296296,577.617919921875,1.0,7.887708465509264,16.353529304278123,402744.0,12588.867104887713,307.63672486766023,0.9449824746081286,10.63552474975586,29.258546829223633,0.9550835101812017,38.82215118408203,1.0136523246765137,3.39017391204834,59.022281646728516
Ko et. al (Etapas 3),Leopard,0.23435358796296296,577.617919921875,1.0,7.887708465509267,16.353529304278123,402744.0,12588.867104887715,307.63672486766023,0.9449824746081286,9.09170913696289,26.070947647094727,0.9571702718722905,40.57477569580078,0.8789737820625305,3.4275295734405518,59.008235931396484
Ko et. al (Etapas 3),Leopard,0.23435358796296296,577.617919921875,1.0,7.887708465509265,16.353529304278123,402744.0,12588.867104887713,307.63672486766023,0.9449824746081286,8.502342224121094,29.134435653686523,0.9455045068227531,39.03407669067383,0.9802068471908569,1.5721861124038696,58.9822883605957
Ko et. al (Etapas 3),Leopard,0.1972818287037037,67.68499755859375,1.0,7.479314211222347,13.484778931738408,337110.0,9799.71440217293,190.69083480875207,5.729577951308232,45.57119369506836,54.6319465637207,0.7667877226669325,53.21379470825195,0.9939876794815063,4.094122886657715,64.33821868896484
Ko et. al (Etapas 3),Leopard,0.1972818287037037,67.68500518798828,1.0,7.479314211222344,13.484778931738408,337110.0,9799.714402172927,190.6908348087521,5.729577951308232,41.49263000488281,46.915283203125,0.7930769041062676,54.149574279785156,0.6536563038825989,6.687649250030518,65.48037719726562
Ko et. al (Etapas 3),Leopard,0.1972818287037037,67.68499755859375,1.0,7.479314211222344,13.484778931738408,337110.0,9799.71440217293,190.69083480875207,5.729577951308232,34.01152420043945,47.71394348144531,0.7694699688389876,51.08649826049805,0.8460437655448914,0.8547539710998535,64.96257019042969
Ko et. al (Etapas 3),Leopard,0.1972818287037037,67.68500518798828,1.0,7.4793142112223485,13.484778931738408,337110.0,9799.714402172927,190.6908348087521,5.729577951308232,34.58563995361328,44.03300094604492,0.7818766584028489,55.767452239990234,0.6062370538711548,5.119507789611816,66.64051818847656
Ko et. al (Etapas 3),Leopard,0.1609380787037037,227.16770935058594,1.0,6.601733200989413,12.199813252196213,274089.0,9415.25169361968,244.5709004611158,6.853609736894743,17.074443817138672,33.661216735839844,0.9290180412796818,48.174713134765625,1.0410162210464478,0.9648118019104004,61.01258087158203
Ko et. al (Etapas 3),Leopard,0.1609380787037037,227.16770935058594,1.0,6.601733200989416,12.199813252196213,274089.0,9415.25169361968,244.5709004611158,6.853609736894743,8.727500915527344,27.832088470458984,0.9302339238269629,45.803340911865234,1.1017380952835083,0.914874792098999,59.94548797607422
Ko et. al (Etapas 3),Leopard,0.1609380787037037,227.16770935058594,1.0,6.601733200989413,12.199813252196213,274089.0,9415.25169361968,244.5709004611158,6.853609736894743,17.981815338134766,32.133087158203125,0.9352390743555812,46.03474807739258,1.0369479656219482,1.0817800760269165,60.522159576416016
Ko et. al (Etapas 3),Leopard,0.1609380787037037,227.16770935058594,1.0,6.601733200989414,12.199813252196213,274089.0,9415.25169361968,244.5709004611158,6.853609736894743,17.62269401550293,33.28934097290039,0.9358797556529127,46.806697845458984,1.0135494470596313,2.019145965576172,61.41703796386719
Ko et. al (Etapas 3),Leopard,0.16185590277777778,117.4178695678711,1.0,6.927192178211365,12.542171144784101,278552.0,9317.38322938876,249.78719792714088,7.818486579389359,92.72979736328125,124.78286743164062,0.6534718643990499,47.465087890625,1.639665961265564,6.722768306732178,63.90476608276367
Ko et. al (Etapas 3),Leopard,0.16185590277777778,117.41787719726562,1.0,6.927192178211364,12.542171144784101,278552.0,9317.38322938876,249.78719792714088,7.818486579389359,76.97747802734375,126.65448760986328,0.6057977957253753,46.80393600463867,1.44888436794281,10.027066230773926,61.87889099121094
Ko et. al (Etapas 3),Leopard,0.16185590277777778,117.4178695678711,1.0,6.927192178211365,12.542171144784101,278552.0,9317.38322938876,249.78719792714088,7.818486579389359,75.39382934570312,112.17041015625,0.6199159946680312,48.117469787597656,1.4656169414520264,4.711477756500244,63.05513381958008
Ko et. al (Etapas 3),Leopard,0.16185590277777778,117.41787719726562,1.0,6.927192178211364,12.542171144784101,278552.0,9317.38322938876,249.78719792714088,7.818486579389359,84.12678527832031,123.71142578125,0.6290118348037262,47.599037170410156,1.5772595405578613,10.807169914245605,61.309730529785156
Ko et. al (Etapas 3),Leopard,0.2463443287037037,1329.2564697265625,1.0,7.34117361593099,11.715391167962487,421552.0,12406.41979729468,228.39760133496284,1.58160224697571,56.63877868652344,57.480262756347656,0.9168916082120431,29.930397033691406,0.5861315131187439,2.2020559310913086,57.118492126464844
Ko et. al (Etapas 3),Leopard,0.2463443287037037,1329.256591796875,1.0,7.341173615930994,11.715391167962487,421552.0,12406.419797294679,228.39760133496284,1.58160224697571,55.5111083984375,56.725608825683594,0.9442855394658399,30.501487731933594,0.5981988906860352,0.24971279501914978,57.570396423339844
Ko et. al (Etapas 3),Leopard,0.2463443287037037,1329.2564697265625,1.0,7.34117361593099,11.715391167962487,421552.0,12406.41979729468,228.39760133496284,1.58160224697571,56.32020950317383,57.43324279785156,0.9048848432526153,29.790592193603516,0.5837650895118713,2.562077522277832,57.33005905151367
Ko et. al (Etapas 3),Leopard,0.2463443287037037,1329.2564697265625,1.0,7.34117361593099,11.715391167962487,421552.0,12406.41979729468,228.39760133496284,1.58160224697571,55.92168045043945,57.03811264038086,0.9147896906847309,29.887306213378906,0.5723268985748291,0.9797154068946838,57.15699005126953
Ko et. al (Etapas 3),Leopard,0.19896527777777778,2287.4521484375,1.0,12.109104395507694,21.335658565148304,337520.0,7738.501856462715,191.99476023201314,8.9723599168056,27.345199584960938,38.06133270263672,0.8664454588571658,28.262075424194336,0.619019091129303,1.8815534114837646,60.95771026611328
Ko et. al (Etapas 3),Leopard,0.19896527777777778,2287.4521484375,1.0,12.109104395507694,21.335658565148304,337520.0,7738.501856462715,191.99476023201314,8.9723599168056,23.297941207885742,38.113792419433594,0.8796216616623795,31.57488441467285,0.9483208656311035,7.023796081542969,68.19739532470703
Ko et. al (Etapas 3),Leopard,0.19896527777777778,2287.451904296875,1.0,12.109104395507698,21.335658565148304,337520.0,7738.501856462715,191.99476023201314,8.9723599168056,17.03496551513672,37.89486312866211,0.8775114252646391,26.759057998657227,0.7350220680236816,4.949522495269775,60.26407241821289
Ko et. al (Etapas 3),Leopard,0.19896527777777778,2287.4521484375,1.0,12.109104395507698,21.335658565148304,337520.0,7738.5018564627135,191.99476023201314,8.9723599168056,24.583093643188477,37.025447845458984,0.8751734267588975,31.796354293823242,0.9294613599777222,6.954255104064941,67.324951171875
Ko et. al (Etapas 3),Leopard,0.16008506944444445,126.28462982177734,1.0,6.94028889242461,12.814906820871572,275913.0,9198.033112154413,249.5837834548326,1.124031785586511,7.389718055725098,63.56383514404297,0.7614335916085313,53.349613189697266,0.9045731425285339,5.703636646270752,64.7992172241211
Ko et. al (Etapas 3),Leopard,0.16008506944444445,126.28462219238281,1.0,6.94028889242461,12.814906820871572,275913.0,9198.033112154413,249.5837834548326,1.124031785586511,11.800498962402344,57.23312759399414,0.8317292630413792,50.587345123291016,0.727264940738678,2.9229190349578857,63.34101104736328
Ko et. al (Etapas 3),Leopard,0.16008506944444445,126.28462219238281,1.0,6.9402888924246104,12.814906820871572,275913.0,9198.03311215441,249.5837834548326,1.124031785586511,16.471208572387695,57.137821197509766,0.7912211649351777,51.74932098388672,0.8202294111251831,5.528470993041992,65.6185302734375
Ko et. al (Etapas 3),Leopard,0.16008506944444445,126.28462219238281,1.0,6.94028889242461,12.814906820871572,275913.0,9198.033112154413,249.58378345483257,1.124031785586511,13.430471420288086,47.3441276550293,0.8580112179453949,50.10501480102539,0.6649826169013977,8.495116233825684,64.8420639038086
Ko et. al (Etapas 3),Leopard,0.22828067129629628,321.89227294921875,1.0,7.501093986930078,13.67479306373166,392879.0,11191.899488890207,200.14304387876606,3.212940413667637,5.963855266571045,55.09812545776367,0.7254243971559754,44.024635314941406,0.7839369773864746,10.438776969909668,59.98717498779297
Ko et. al (Etapas 3),Leopard,0.22828067129629628,321.8923034667969,1.0,7.501093986930079,13.67479306373166,392879.0,11191.899488890209,200.14304387876606,3.212940413667637,1.196603775024414,58.059906005859375,0.693835901321583,42.2458381652832,0.792896568775177,11.356106758117676,58.17584991455078
Ko et. al (Etapas 3),Leopard,0.22828067129629628,321.8922119140625,1.0,7.501093986930079,13.67479306373166,392879.0,11191.899488890209,200.14304387876606,3.212940413667637,0.10617685317993164,50.57294845581055,0.7587096315144926,40.97294235229492,0.7396396398544312,12.762826919555664,59.64639663696289
Ko et. al (Etapas 3),Leopard,0.22828067129629628,321.89227294921875,1.0,7.501093986930077,13.67479306373166,392879.0,11191.899488890207,200.14304387876606,3.212940413667637,5.7318196296691895,50.0867919921875,0.7396311042089229,39.295066833496094,0.7743945717811584,9.777249336242676,57.61405944824219
Ko et. al (Etapas 3),Leopard,0.1772372685185185,116.0722427368164,1.0,6.804727182836841,13.964238776657742,302055.0,10016.123308354712,252.0685579346065,5.441109616954172,9.261917114257812,56.36114501953125,0.7868803311073631,46.887569427490234,1.2411727905273438,6.2064690589904785,61.73945999145508
Ko et. al (Etapas 3),Leopard,0.1772372685185185,116.07222747802734,1.0,6.804727182836842,13.964238776657742,302055.0,10016.12330835471,252.0685579346065,5.441109616954172,11.352383613586426,61.505126953125,0.702911254697845,45.710269927978516,0.9303413033485413,3.9154059886932373,61.203372955322266
Ko et. al (Etapas 3),Leopard,0.1772372685185185,116.0722427368164,1.0,6.80472718283684,13.964238776657742,302055.0,10016.123308354712,252.0685579346065,5.441109616954172,2.466813325881958,63.02568817138672,0.7602227116565919,46.12913131713867,1.0643850564956665,1.4748749732971191,61.54597091674805
Ko et. al (Etapas 3),Leopard,0.1772372685185185,116.0722427368164,1.0,6.804727182836843,13.964238776657742,302055.0,10016.12330835471,252.0685579346065,5.441109616954172,13.906133651733398,61.61830520629883,0.6986527317228539,43.501224517822266,0.898308277130127,0.4884425401687622,60.616512298583984
Ko et. al (Etapas 3),Leopard,0.22285127314814815,655.5538330078125,1.0,9.34879339902363,17.987974484066026,377533.0,9864.08951966499,193.65986368106508,3.8296658181487317,13.963687896728516,25.56403160095215,0.9534653767661058,42.3038215637207,1.1367255449295044,4.9960479736328125,59.38291931152344
Ko et. al (Etapas 3),Leopard,0.22285127314814815,655.5538330078125,1.0,9.348793399023632,17.987974484066026,377533.0,9864.089519664989,193.65986368106513,3.8296658181487317,20.3990535736084,28.244876861572266,0.9519033182160908,38.86219787597656,0.9266436100006104,0.639312207698822,60.62717056274414
Ko et. al (Etapas 3),Leopard,0.22285127314814815,655.5538330078125,1.0,9.348793399023632,17.987974484066026,377533.0,9864.089519664989,193.65986368106508,3.8296658181487317,25.8735408782959,32.087276458740234,0.9455283131410772,42.756317138671875,1.2226614952087402,3.5492448806762695,59.835411071777344
Ko et. al (Etapas 3),Leopard,0.22285127314814815,655.5538330078125,1.0,9.348793399023627,17.987974484066026,377533.0,9864.08951966499,193.6598636810651,3.8296658181487317,26.051485061645508,30.010591506958008,0.9531177146391443,38.302696228027344,0.9869633913040161,3.7774808406829834,60.3496208190918
Ko et. al (Etapas 3),Leopard,0.21677256944444445,317.7110595703125,1.0,7.371539212138796,14.594519983140017,370320.0,12394.978238715488,358.7285111399334,3.8495601860352187,88.02686309814453,145.46522521972656,0.6216240038781424,34.03196334838867,1.4756110906600952,8.233309745788574,61.01718521118164
Ko et. al (Etapas 3),Leopard,0.21677256944444445,317.7110900878906,1.0,7.3715392121387975,14.594519983140017,370320.0,12394.978238715488,358.72851113993346,3.8495601860352187,71.36861419677734,122.5439453125,0.6683445913559353,34.972312927246094,2.0670840740203857,12.159193992614746,62.08237838745117
Ko et. al (Etapas 3),Leopard,0.21677256944444445,317.7110900878906,1.0,7.371539212138796,14.594519983140017,370320.0,12394.978238715488,358.7285111399334,3.8495601860352187,65.82171630859375,111.07778930664062,0.6986305341817446,33.3333740234375,1.2262723445892334,7.478890419006348,60.961605072021484
Ko et. al (Etapas 3),Leopard,0.21677256944444445,317.7110595703125,1.0,7.371539212138797,14.594519983140017,370320.0,12394.978238715488,358.72851113993346,3.8495601860352187,50.891109466552734,106.87194061279297,0.6467505332215202,36.40700149536133,1.8694871664047241,12.336992263793945,64.54014587402344
Ko et. al (Etapas 3),Leopard,0.20010300925925925,221.9251708984375,1.0,9.145025956164547,17.14642781666828,344324.0,9643.729072012906,256.47522220253677,3.4914615640784543,42.816165924072266,102.47355651855469,0.7311256770419355,44.292903900146484,1.3768166303634644,19.466527938842773,63.237396240234375
Ko et. al (Etapas 3),Leopard,0.20010300925925925,221.9251708984375,1.0,9.145025956164544,17.14642781666828,344324.0,9643.729072012904,256.47522220253677,3.4914615640784543,23.281221389770508,66.57996368408203,0.8330498784757256,43.92799377441406,1.4176692962646484,23.64311981201172,65.54826354980469
Ko et. al (Etapas 3),Leopard,0.20010300925925925,221.9251708984375,1.0,9.145025956164544,17.14642781666828,344324.0,9643.729072012906,256.47522220253666,3.4914615640784543,31.47294807434082,92.19082641601562,0.7768971271274185,44.83906555175781,1.2970188856124878,18.310457229614258,63.249977111816406
Ko et. al (Etapas 3),Leopard,0.20010300925925925,221.9251708984375,1.0,9.145025956164544,17.14642781666828,344324.0,9643.729072012904,256.4752222025367,3.4914615640784543,17.68489646911621,66.58612060546875,0.8310913221915952,41.47346115112305,1.3752903938293457,23.117141723632812,64.97115325927734
Ko et. al (Etapas 3),Leopard,0.14795659722222224,81.85606384277344,1.0,6.121020777505992,11.180339718097215,253193.0,9193.692242952375,285.5803566768937,4.824384212473078,36.062862396240234,86.15067291259766,0.6087209113022929,47.946044921875,1.4067281484603882,6.999220848083496,62.20746612548828
Ko et. al (Etapas 3),Leopard,0.14795659722222224,81.85606384277344,1.0,6.121020777505991,11.180339718097215,253193.0,9193.692242952373,285.58035667689364,4.824384212473078,47.166404724121094,92.46549224853516,0.5790281991656654,44.661170959472656,1.262487769126892,0.5038945078849792,60.51890182495117
Ko et. al (Etapas 3),Leopard,0.14795659722222224,81.85606384277344,1.0,6.12102077750599,11.180339718097215,253193.0,9193.692242952375,285.5803566768937,4.824384212473078,41.58558654785156,93.40107727050781,0.6031287078287166,48.83358383178711,1.4988242387771606,7.672321319580078,63.36625289916992
Ko et. al (Etapas 3),Leopard,0.14795659722222224,81.85606384277344,1.0,6.12102077750599,11.180339718097215,253193.0,9193.692242952373,285.58035667689364,4.824384212473078,53.900474548339844,108.59510040283203,0.5840010298037545,44.34785842895508,1.4059910774230957,3.920217275619507,60.544734954833984
Ko et. al (Etapas 3),Leopard,0.1664392361111111,532.9614868164062,1.0,7.229291301884275,13.984805855692839,285704.0,9091.188727943134,204.03142598557528,5.03327507528119,6.1122870445251465,38.40532684326172,0.8795486208309509,40.684749603271484,1.1913933753967285,13.497440338134766,57.49335479736328
Ko et. al (Etapas 3),Leopard,0.1664392361111111,532.9614868164062,1.0,7.2292913018842775,13.984805855692839,285704.0,9091.188727943132,204.03142598557523,5.03327507528119,4.429103851318359,24.715709686279297,0.9342168262985789,35.91450500488281,1.0795389413833618,2.8375790119171143,55.595420837402344
Ko et. al (Etapas 3),Leopard,0.1664392361111111,532.9614868164062,1.0,7.229291301884276,13.984805855692839,285704.0,9091.188727943132,204.03142598557528,5.03327507528119,15.293594360351562,36.31583023071289,0.8836468154330632,41.883689880371094,1.1204726696014404,11.905655860900879,57.685428619384766
Ko et. al (Etapas 3),Leopard,0.1664392361111111,532.9614868164062,1.0,7.229291301884275,13.984805855692839,285704.0,9091.18872794313,204.03142598557523,5.03327507528119,2.651963472366333,26.867521286010742,0.9313170654788394,34.35139846801758,1.1302661895751953,4.719333171844482,56.573753356933594
Ko et. al (Etapas 3),Leopard,0.2160601851851852,386.7110290527344,1.0,7.453663154174532,14.700359827307134,369211.0,12152.81008459875,302.2005367211309,-4.74480674092713,16.231056213378906,29.554012298583984,0.9464987628885669,41.86130142211914,1.1037572622299194,9.156862258911133,64.60720825195312
Ko et. al (Etapas 3),Leopard,0.2160601851851852,386.7110290527344,1.0,7.453663154174536,14.700359827307134,369211.0,12152.810084598752,302.2005367211309,-4.74480674092713,4.224178314208984,22.975303649902344,0.9647038631227108,39.42879867553711,0.608642041683197,2.1162257194519043,66.32209777832031
Ko et. al (Etapas 3),Leopard,0.2160601851851852,386.7110290527344,1.0,7.453663154174533,14.700359827307134,369211.0,12152.810084598752,302.2005367211308,-4.74480674092713,22.219532012939453,34.71477508544922,0.9298992084451898,40.777950286865234,1.012954592704773,8.360142707824707,64.39832305908203
Ko et. al (Etapas 3),Leopard,0.2160601851851852,386.7110900878906,1.0,7.453663154174532,14.700359827307134,369211.0,12152.810084598752,302.2005367211309,-4.74480674092713,15.351958274841309,28.200153350830078,0.9577310639964864,38.34016799926758,0.5136163830757141,2.514970302581787,65.57694244384766
Ko et. al (Etapas 3),Leopard,0.19916608796296295,226.84815979003906,1.0,10.578600082785202,18.000000106278666,343973.0,7237.063579277173,133.84860883514324,5.102905362883894,87.37784576416016,124.70618438720703,0.6239249413996903,39.160072326660156,1.5144623517990112,2.4820659160614014,61.509525299072266
Ko et. al (Etapas 3),Leopard,0.19916608796296295,226.84817504882812,1.0,10.578600082785202,18.000000106278666,343973.0,7237.063579277173,133.84860883514324,5.102905362883894,112.71604919433594,142.48475646972656,0.6278175405209542,38.21495819091797,1.851473331451416,0.3453882336616516,63.788963317871094
Ko et. al (Etapas 3),Leopard,0.19916608796296295,226.84815979003906,1.0,10.578600082785204,18.000000106278666,343973.0,7237.063579277173,133.84860883514324,5.102905362883894,104.1821517944336,138.88929748535156,0.591842310493726,36.92935562133789,1.7477705478668213,3.880718946456909,62.02402877807617
Ko et. al (Etapas 3),Leopard,0.19916608796296295,226.84812927246094,1.0,10.578600082785206,18.000000106278666,343973.0,7237.063579277173,133.84860883514324,5.102905362883894,79.27667999267578,109.89398956298828,0.6498217070725895,40.13225555419922,1.4482532739639282,3.3688442707061768,63.07162857055664
Ko et. al (Etapas 3),Leopard,0.15250520833333334,80.99984741210938,1.0,6.245873853898781,11.814004250666148,258632.00000000003,9369.942138003618,255.84596298176368,7.171919623078533,33.67143249511719,51.168212890625,0.7180643507630011,50.57270431518555,0.5086891651153564,1.5957506895065308,65.54359436035156
Ko et. al (Etapas 3),Leopard,0.15250520833333334,80.99984741210938,1.0,6.245873853898779,11.814004250666148,258632.00000000003,9369.942138003618,255.84596298176365,7.171919623078533,36.02029800415039,48.91181564331055,0.7537478083353194,51.62070846557617,0.6070356965065002,4.083804130554199,68.07183837890625
Ko et. al (Etapas 3),Leopard,0.15250520833333334,80.99984741210938,1.0,6.245873853898781,11.814004250666148,258632.00000000003,9369.942138003618,255.84596298176368,7.171919623078533,36.225101470947266,50.30198287963867,0.7279155197374163,49.76513671875,0.5347117185592651,1.0811115503311157,65.66487884521484
Ko et. al (Etapas 3),Leopard,0.15250520833333334,80.99984741210938,1.0,6.24587385389878,11.814004250666148,258632.00000000003,9369.942138003618,255.84596298176368,7.171919623078533,32.83615493774414,47.21813201904297,0.8544607469351425,53.2338752746582,0.6003879308700562,8.506755828857422,68.35124206542969
Ko et. al (Etapas 3),Leopard,0.2673894675925926,884.6027221679688,1.0,8.195295077436015,14.200910580299334,458784.0,12249.196053586662,198.63707917227703,-0.07957747154594767,23.683059692382812,34.98411560058594,0.8831449835281473,33.23008728027344,0.5374847650527954,11.951497077941895,55.521541595458984
Ko et. al (Etapas 3),Leopard,0.2673894675925926,884.6027221679688,1.0,8.19529507743602,14.200910580299334,458784.0,12249.196053586662,198.63707917227703,-0.07957747154594767,24.646181106567383,33.2208251953125,0.9180752840883011,32.20671844482422,0.4105280339717865,5.688451290130615,56.592628479003906
Ko et. al (Etapas 3),Leopard,0.2673894675925926,884.6027221679688,1.0,8.19529507743602,14.200910580299334,458784.0,12249.196053586662,198.63707917227703,-0.07957747154594767,21.481609344482422,33.558284759521484,0.8958698364385315,32.26591873168945,0.5382776260375977,14.132745742797852,55.46583938598633
Ko et. al (Etapas 3),Leopard,0.2673894675925926,884.6027221679688,1.0,8.195295077436016,14.200910580299334,458784.0,12249.196053586658,198.6370791722771,-0.07957747154594767,20.073535919189453,34.3996467590332,0.9061165329556023,31.415142059326172,0.4423877000808716,10.044211387634277,56.55946350097656
Ko et. al (Etapas 3),Leopard,0.14669155092592592,226.83517456054688,1.0,7.414827911434518,14.212668568899659,252627.99999999997,7965.715317780769,202.53177236431185,5.142694098656868,6.738333702087402,73.67584228515625,0.5336456664959868,40.53705978393555,0.95220547914505,12.803178787231445,62.10138702392578
Ko et. al (Etapas 3),Leopard,0.14669155092592592,226.83517456054688,1.0,7.41482791143452,14.212668568899659,252627.99999999997,7965.715317780769,202.53177236431193,5.142694098656868,7.687628269195557,66.23876190185547,0.6085962760294894,38.66082763671875,1.090828776359558,8.964146614074707,68.04402923583984
Ko et. al (Etapas 3),Leopard,0.14669155092592592,226.83517456054688,1.0,7.414827911434521,14.212668568899659,252627.99999999997,7965.715317780769,202.53177236431193,5.142694098656868,2.3960506916046143,74.5010757446289,0.5025174596768135,37.815494537353516,0.9360644221305847,14.655062675476074,63.395320892333984
Ko et. al (Etapas 3),Leopard,0.14669155092592592,226.83517456054688,1.0,7.414827911434519,14.212668568899659,252627.99999999997,7965.715317780768,202.53177236431193,5.142694098656868,10.862396240234375,75.31928253173828,0.5482258636127045,38.25403594970703,1.1768014430999756,11.310544967651367,68.39971160888672
Ko et. al (Etapas 3),Leopard,0.15259837962962963,187.15216064453125,1.0,6.92995135384664,13.564658274654297,260786.0,8873.476831342821,225.78247931867097,3.660563691113593,24.039350509643555,41.55580139160156,0.869033575314209,47.90227508544922,0.5595083236694336,4.0433669090271,62.376155853271484
Ko et. al (Etapas 3),Leopard,0.15259837962962963,187.15216064453125,1.0,6.929951353846639,13.564658274654297,260786.0,8873.476831342823,225.78247931867097,3.660563691113593,35.256858825683594,49.50602722167969,0.7903922675987082,49.555755615234375,0.9425303339958191,8.697732925415039,65.10639953613281
Ko et. al (Etapas 3),Leopard,0.15259837962962963,187.15216064453125,1.0,6.929951353846639,13.564658274654297,260786.0,8873.476831342821,225.78247931867097,3.660563691113593,19.501131057739258,43.09446334838867,0.8686220463827434,47.825538635253906,0.5394778847694397,8.423294067382812,62.66977310180664
Ko et. al (Etapas 3),Leopard,0.15259837962962963,187.15216064453125,1.0,6.929951353846642,13.564658274654297,260786.0,8873.476831342823,225.7824793186709,3.660563691113593,35.928138732910156,48.29807662963867,0.826824453418373,48.61782455444336,0.9237786531448364,9.810056686401367,65.31694030761719
Ko et. al (Etapas 3),Leopard,0.14968634259259259,517.28125,1.0,8.469098513558668,16.18641503641996,256766.0,7668.827449761221,216.9611207334958,8.087060545856932,17.987030029296875,33.52815246582031,0.9394310321038765,44.25708770751953,1.2501447200775146,3.8595902919769287,62.149505615234375
Ko et. al (Etapas 3),Leopard,0.14968634259259259,517.28125,1.0,8.469098513558668,16.18641503641996,256766.0,7668.827449761221,216.9611207334958,8.087060545856932,15.319724082946777,28.419824600219727,0.9570107960308823,42.14316940307617,1.4896215200424194,3.8551037311553955,61.84561538696289
Ko et. al (Etapas 3),Leopard,0.14968634259259259,517.28125,1.0,8.469098513558668,16.18641503641996,256766.0,7668.827449761221,216.9611207334958,8.087060545856932,14.052462577819824,24.08373260498047,0.9595154950397433,42.365074157714844,1.23808753490448,0.16485482454299927,60.58622360229492
Ko et. al (Etapas 3),Leopard,0.14968634259259259,517.2813110351562,1.0,8.469098513558668,16.18641503641996,256766.0,7668.827449761221,216.9611207334958,8.087060545856932,20.78238868713379,33.66027069091797,0.9455941468009127,43.5033073425293,1.5348823070526123,1.9581356048583984,60.297393798828125
Ko et. al (Etapas 3),Leopard,0.22650057870370371,302.7212829589844,1.0,7.536066510357422,15.355330218385568,389421.0,12361.830053175092,301.54640536649197,0.2586267825243299,8.597851753234863,39.02158737182617,0.8712446788619905,42.64856719970703,1.0163789987564087,8.561219215393066,62.37994384765625
Ko et. al (Etapas 3),Leopard,0.22650057870370371,302.7213439941406,1.0,7.536066510357423,15.355330218385568,389421.0,12361.830053175088,301.5464053664919,0.2586267825243299,14.273524284362793,34.08049774169922,0.918508118587641,41.775169372558594,0.6011619567871094,4.17780876159668,62.10734558105469
Ko et. al (Etapas 3),Leopard,0.22650057870370371,302.7212829589844,1.0,7.536066510357426,15.355330218385568,389421.0,12361.830053175088,301.5464053664919,0.2586267825243299,1.0796024799346924,34.83882522583008,0.8808606258911061,43.42766571044922,0.8842802047729492,7.030956745147705,62.03788375854492
Ko et. al (Etapas 3),Leopard,0.22650057870370371,302.72125244140625,1.0,7.536066510357422,15.355330218385568,389421.0,12361.830053175092,301.5464053664919,0.2586267825243299,10.448359489440918,37.68857955932617,0.8654687620219865,41.87550735473633,0.531373143196106,2.450322389602661,61.7779655456543
Ko et. al (Etapas 3),Leopard,0.22893460648148148,436.3648681640625,1.0,7.115541583532267,13.379086400248642,393060.0,12722.023007445048,305.7164500937775,0.2586267825243299,23.511028289794922,31.82691764831543,0.919793002308985,38.152122497558594,0.5187718868255615,2.129671096801758,56.7480583190918
Ko et. al (Etapas 3),Leopard,0.22893460648148148,436.36480712890625,1.0,7.115541583532271,13.379086400248642,393060.0,12722.023007445046,305.7164500937775,0.2586267825243299,21.418550491333008,31.000286102294922,0.9039970344293904,34.98778533935547,0.721146821975708,2.468458890914917,57.992393493652344
Ko et. al (Etapas 3),Leopard,0.22893460648148148,436.3648681640625,1.0,7.115541583532269,13.379086400248642,393060.0,12722.023007445048,305.7164500937775,0.2586267825243299,26.546846389770508,35.06462097167969,0.9100044858577659,36.88054656982422,0.5137773752212524,4.188847541809082,56.920921325683594
Ko et. al (Etapas 3),Leopard,0.22893460648148148,436.3648681640625,1.0,7.115541583532269,13.379086400248642,393060.0,12722.023007445048,305.7164500937775,0.2586267825243299,28.01596450805664,33.25484848022461,0.9279817172809514,36.153141021728516,0.6508193612098694,3.6305084228515625,58.57050704956055
Ko et. al (Etapas 3),Leopard,0.19976157407407408,474.59832763671875,1.0,6.897255744391044,12.199813252196213,342738.0,10718.86437975743,233.0321289138704,6.207042780583919,38.58986282348633,42.36334228515625,0.9129396660871811,43.47856140136719,0.6679956912994385,5.626784801483154,57.55704116821289
Ko et. al (Etapas 3),Leopard,0.19976157407407408,474.598388671875,1.0,6.8972557443910425,12.199813252196213,342738.0,10718.86437975743,233.0321289138704,6.207042780583919,37.5244255065918,41.868927001953125,0.9266229836469811,38.672645568847656,0.6374066472053528,2.3782949447631836,57.47161865234375
Ko et. al (Etapas 3),Leopard,0.19976157407407408,474.598388671875,1.0,6.897255744391042,12.199813252196213,342738.0,10718.86437975743,233.0321289138703,6.207042780583919,37.90392303466797,41.64219665527344,0.9129600501290638,41.418575286865234,0.6833781003952026,7.794415473937988,58.32987594604492
Ko et. al (Etapas 3),Leopard,0.19976157407407408,474.598388671875,1.0,6.89725574439104,12.199813252196213,342738.0,10718.86437975743,233.0321289138703,6.207042780583919,32.9941520690918,38.14656448364258,0.9394581028973296,40.69411849975586,0.6185725927352905,1.2777372598648071,57.43661117553711
Ko et. al (Etapas 3),Leopard,0.22482291666666668,74.79364776611328,1.0,7.2174955824537745,12.418864783963798,385043.0,12015.989201340166,269.06983717139246,3.1731516778946633,103.34192657470703,164.23374938964844,0.5251061120516101,46.66617202758789,1.271031141281128,7.481473445892334,62.23591995239258
Ko et. al (Etapas 3),Leopard,0.22482291666666668,74.79364776611328,1.0,7.217495582453777,12.418864783963798,385043.0,12015.989201340166,269.06983717139246,3.1731516778946633,99.25923156738281,168.31301879882812,0.5127221467554854,48.646785736083984,1.4552645683288574,7.29862642288208,64.51069641113281
Ko et. al (Etapas 3),Leopard,0.22482291666666668,74.79365539550781,1.0,7.217495582453776,12.418864783963798,385043.0,12015.989201340166,269.0698371713924,3.1731516778946633,85.37364959716797,154.66590881347656,0.5012877859250879,47.31200408935547,1.0179387331008911,2.407418966293335,60.583831787109375
Ko et. al (Etapas 3),Leopard,0.22482291666666668,74.79365539550781,1.0,7.217495582453777,12.418864783963798,385043.0,12015.989201340166,269.06983717139246,3.1731516778946633,92.44157409667969,155.9400177001953,0.48284013992986613,46.613494873046875,1.3102918863296509,7.153040409088135,64.31534576416016
Ko et. al (Etapas 3),Leopard,0.1774513888888889,113.95198822021484,1.0,7.968652771454121,16.583124520476773,305592.0,10099.319986336543,273.444278101467,-3.879401737864949,92.95924377441406,128.2644500732422,0.6582855917456168,53.795143127441406,2.0082545280456543,10.528495788574219,65.5114517211914
Ko et. al (Etapas 3),Leopard,0.1774513888888889,113.95197296142578,1.0,7.9686527714541215,16.583124520476773,305592.0,10099.319986336539,273.4442781014669,-3.879401737864949,116.30523681640625,153.24703979492188,0.6526685248306332,50.066856384277344,1.824717402458191,2.1278560161590576,61.33936309814453
Ko et. al (Etapas 3),Leopard,0.1774513888888889,113.95197296142578,1.0,7.968652771454119,16.583124520476773,305592.0,10099.31998633654,273.44427810146703,-3.879401737864949,102.93096923828125,141.50962829589844,0.6036473220462825,51.95466232299805,2.1435372829437256,11.68617057800293,65.67200469970703
Ko et. al (Etapas 3),Leopard,0.1774513888888889,113.95198822021484,1.0,7.968652771454121,16.583124520476773,305592.0,10099.31998633654,273.4442781014669,-3.879401737864949,95.63241577148438,126.42259979248047,0.6924587658239857,50.476722717285156,1.5634467601776123,2.409663438796997,62.294742584228516
Ko et. al (Etapas 3),Leopard,0.2563414351851852,1.693361520767212,1.0,8.546668292780303,16.806304838990258,442809.0,12196.695241672109,252.33610693301634,3.839613002091975,13877.943359375,15010.025390625,0.049099781728267004,57.55531311035156,264.98297119140625,47.431610107421875,64.32878875732422
Ko et. al (Etapas 3),Leopard,0.2563414351851852,1.693361520767212,1.0,8.546668292780309,16.806304838990258,442809.0,12196.695241672109,252.33610693301634,3.839613002091975,13163.3701171875,14284.37109375,0.054466076443283315,55.043800354003906,271.493408203125,51.320045471191406,65.03341674804688
Ko et. al (Etapas 3),Leopard,0.2563414351851852,1.693361520767212,1.0,8.546668292780307,16.806304838990258,442809.0,12196.695241672109,252.33610693301634,3.839613002091975,15320.0439453125,16888.365234375,0.04924241535607408,57.82673263549805,299.80755615234375,48.73224639892578,63.913639068603516
Ko et. al (Etapas 3),Leopard,0.2563414351851852,1.693361520767212,1.0,8.546668292780305,16.806304838990258,442809.0,12196.695241672109,252.33610693301634,3.839613002091975,13548.462890625,15671.2841796875,0.05798876255061315,57.04237747192383,284.67401123046875,52.169891357421875,64.62213134765625
Ko et. al (Etapas 3),Leopard,0.2044085648148148,21.15289306640625,1.0,7.6455082638721,15.652476425463272,349573.0,10129.548834091667,154.20402523279344,4.22755317587847,268.8581237792969,243.30877685546875,0.2481863754207392,56.02177047729492,2.6952664852142334,1.2000535726547241,63.891841888427734
Ko et. al (Etapas 3),Leopard,0.2044085648148148,21.15289306640625,1.0,7.645508263872097,15.652476425463272,349573.0,10129.548834091667,154.20402523279338,4.22755317587847,230.2532958984375,220.26072692871094,0.26259847580597706,52.39629364013672,2.6345744132995605,4.117218017578125,66.43738555908203
Ko et. al (Etapas 3),Leopard,0.2044085648148148,21.15289306640625,1.0,7.645508263872098,15.652476425463272,349573.0,10129.548834091667,154.20402523279344,4.22755317587847,285.0802001953125,239.3548583984375,0.3394513835920387,51.938961029052734,3.286146402359009,8.357362747192383,65.33734893798828
Ko et. al (Etapas 3),Leopard,0.2044085648148148,21.15289306640625,1.0,7.645508263872098,15.652476425463272,349573.0,10129.548834091667,154.20402523279344,4.22755317587847,235.03150939941406,219.61077880859375,0.28373389640594393,54.355201721191406,2.639425754547119,3.852337598800659,65.80303192138672
Ko et. al (Etapas 3),Leopard,0.15079340277777778,348.636962890625,1.0,7.386472507362472,12.934116827943688,258214.0,7940.8722452128295,184.70586936634177,6.505458298881222,6.717244625091553,42.31312942504883,0.813841848618607,38.75775909423828,0.9439579844474792,7.122885704040527,60.324432373046875
Ko et. al (Etapas 3),Leopard,0.15079340277777778,348.636962890625,1.0,7.386472507362473,12.934116827943688,258214.0,7940.8722452128295,184.70586936634177,6.505458298881222,19.17435073852539,49.83257293701172,0.7387858312595319,33.34025573730469,0.9648514986038208,5.375707626342773,57.29541015625
Ko et. al (Etapas 3),Leopard,0.15079340277777778,348.6369323730469,1.0,7.386472507362473,12.934116827943688,258214.0,7940.8722452128295,184.70586936634177,6.505458298881222,18.965322494506836,46.18153381347656,0.8251135582339866,39.170982360839844,0.8279460072517395,4.8137898445129395,61.27918243408203
Ko et. al (Etapas 3),Leopard,0.15079340277777778,348.6369934082031,1.0,7.386472507362473,12.934116827943688,258214.0,7940.8722452128295,184.70586936634174,6.505458298881222,14.763250350952148,43.056129455566406,0.8044889630350911,34.538604736328125,1.0191593170166016,5.86407995223999,58.22258377075195
Ko et. al (Etapas 3),Leopard,0.3208946759259259,770.9174194335938,1.0,9.83333795792248,20.346989956274715,552465.0,13934.410949689545,277.3385502069279,-2.297799490889239,33.35140609741211,51.64085388183594,0.8600943489247757,39.250980377197266,1.0222095251083374,6.417996406555176,60.8774528503418
Ko et. al (Etapas 3),Leopard,0.3208946759259259,770.917236328125,1.0,9.83333795792248,20.346989956274715,552465.0,13934.410949689545,277.3385502069279,-2.297799490889239,54.74344253540039,68.85499572753906,0.8593029614353591,35.98044204711914,1.386305570602417,7.163027763366699,60.08790588378906
Ko et. al (Etapas 3),Leopard,0.3208946759259259,770.917236328125,1.0,9.83333795792248,20.346989956274715,552465.0,13934.410949689547,277.3385502069279,-2.297799490889239,46.94109344482422,65.28921508789062,0.8500584012027173,39.17741394042969,1.0506058931350708,6.30043888092041,60.133697509765625
Ko et. al (Etapas 3),Leopard,0.3208946759259259,770.917236328125,1.0,9.833337957922481,20.346989956274715,552465.0,13934.410949689545,277.3385502069279,-2.297799490889239,45.80500030517578,61.37107849121094,0.8512775568075539,36.43954849243164,1.2748156785964966,7.537890434265137,59.83183288574219
Ko et. al (Etapas 3),Leopard,0.21580787037037036,334.91375732421875,1.0,6.728859771433985,12.409673954306715,370073.0,12275.009190888084,288.4351247698509,4.128081336446035,32.80855178833008,47.690155029296875,0.7600306066058499,39.89130783081055,0.72456294298172,17.618745803833008,60.058204650878906
Ko et. al (Etapas 3),Leopard,0.21580787037037036,334.91375732421875,1.0,6.728859771433982,12.409673954306715,370073.0,12275.00919088808,288.4351247698509,4.128081336446035,30.031749725341797,48.260868072509766,0.7101917824658934,39.84797668457031,0.9650618433952332,18.55765151977539,59.77896499633789
Ko et. al (Etapas 3),Leopard,0.21580787037037036,334.91375732421875,1.0,6.728859771433983,12.409673954306715,370073.0,12275.009190888084,288.4351247698509,4.128081336446035,33.7126579284668,51.33685302734375,0.7466953592278474,39.88555908203125,0.7956110239028931,16.376445770263672,59.54718780517578
Ko et. al (Etapas 3),Leopard,0.21580787037037036,334.91375732421875,1.0,6.728859771433982,12.409673954306715,370073.0,12275.00919088808,288.4351247698509,4.128081336446035,33.187767028808594,47.995643615722656,0.7269774976554992,40.27104568481445,0.9161716103553772,18.636276245117188,60.621490478515625
Ko et. al (Etapas 3),Leopard,0.16938715277777777,300.4665222167969,1.0,7.021620925796568,11.99999857031013,290111.0,8853.088159150675,220.58266331773004,10.225705093654277,22.870054244995117,56.9130744934082,0.7705251461005215,48.38022232055664,0.508093535900116,13.423321723937988,58.950462341308594
Ko et. al (Etapas 3),Leopard,0.16938715277777777,300.4665222167969,1.0,7.0216209257965705,11.99999857031013,290111.0,8853.088159150675,220.5826633177301,10.225705093654277,22.406387329101562,54.454559326171875,0.7892435135641522,47.6204719543457,0.7417880296707153,9.54523754119873,61.69657516479492
Ko et. al (Etapas 3),Leopard,0.16938715277777777,300.4664611816406,1.0,7.021620925796569,11.99999857031013,290111.0,8853.088159150675,220.58266331773012,10.225705093654277,28.731956481933594,55.426448822021484,0.8136287175968467,46.60622787475586,0.48173126578330994,9.184992790222168,59.23344039916992
Ko et. al (Etapas 3),Leopard,0.16938715277777777,300.4664611816406,1.0,7.02162092579657,11.99999857031013,290111.0,8853.088159150675,220.58266331773012,10.225705093654277,21.04303550720215,64.48654174804688,0.6559657329319142,46.715675354003906,0.7730007767677307,13.660982131958008,62.63533401489258
Ko et. al (Etapas 3),Leopard,0.24220717592592592,600.9102172851562,1.0,7.492234050517885,13.190903516904216,416284.0,11393.543487749905,178.27227588961088,7.64938445235422,39.02302932739258,45.64122772216797,0.865460145948709,38.02001953125,0.43351098895072937,3.1030867099761963,58.284759521484375
Ko et. al (Etapas 3),Leopard,0.24220717592592592,600.9102172851562,1.0,7.492234050517883,13.190903516904216,416284.0,11393.543487749905,178.27227588961085,7.64938445235422,37.91796112060547,45.1536979675293,0.8953698807310851,39.58926010131836,0.7983000874519348,9.646326065063477,59.27876281738281
Ko et. al (Etapas 3),Leopard,0.24220717592592592,600.9102172851562,1.0,7.492234050517885,13.190903516904216,416284.0,11393.543487749903,178.27227588961088,7.64938445235422,38.29264831542969,43.56324005126953,0.856027577374319,38.07061004638672,0.38441991806030273,7.264980792999268,58.037506103515625
Ko et. al (Etapas 3),Leopard,0.24220717592592592,600.9102172851562,1.0,7.492234050517884,13.190903516904216,416284.0,11393.543487749903,178.27227588961088,7.64938445235422,40.48931121826172,46.3465690612793,0.9232988243491305,40.802284240722656,0.7614051103591919,6.89959716796875,59.76898193359375
Ko et. al (Etapas 3),Leopard,0.20664641203703704,303.6964111328125,1.0,9.142955469086578,19.07129807405058,351399.0,9586.97085091889,180.71251231356095,7.201761174908263,82.3972396850586,79.12187957763672,0.8673795465933303,44.95992660522461,1.7148479223251343,12.700082778930664,65.85276794433594
Ko et. al (Etapas 3),Leopard,0.20664641203703704,303.6963806152344,1.0,9.142955469086578,19.07129807405058,351399.0,9586.970850918891,180.71251231356098,7.201761174908263,89.07971954345703,82.21366119384766,0.936973073805194,41.2113151550293,1.6629252433776855,3.990699529647827,61.55101776123047
Ko et. al (Etapas 3),Leopard,0.20664641203703704,303.69635009765625,1.0,9.142955469086582,19.07129807405058,351399.0,9586.97085091889,180.71251231356095,7.201761174908263,81.3143081665039,72.673583984375,0.8801460645580332,40.04020690917969,1.711130976676941,13.155965805053711,64.1279525756836
Ko et. al (Etapas 3),Leopard,0.20664641203703704,303.6964111328125,1.0,9.142955469086578,19.07129807405058,351399.0,9586.970850918891,180.71251231356098,7.201761174908263,88.32872772216797,81.19890594482422,0.867741910960153,40.06975173950195,1.7147094011306763,9.504535675048828,62.83079528808594
Ko et. al (Etapas 3),Leopard,0.21766377314814814,513.279541015625,1.0,8.454004453066675,16.248076644763767,372826.0,10210.643298414601,187.0042732817413,3.202993229724394,13.944450378417969,24.957355499267578,0.9693860188767234,34.05704116821289,0.8365926742553711,9.04676628112793,55.122676849365234
Ko et. al (Etapas 3),Leopard,0.21766377314814814,513.2794799804688,1.0,8.454004453066673,16.248076644763767,372826.0,10210.643298414601,187.0042732817413,3.202993229724394,14.141873359680176,26.48848533630371,0.9708795312963566,39.68755340576172,0.7538487315177917,11.853272438049316,59.92674255371094
Ko et. al (Etapas 3),Leopard,0.21766377314814814,513.2794799804688,1.0,8.454004453066672,16.248076644763767,372826.0,10210.643298414601,187.00427328174126,3.202993229724394,10.531841278076172,23.78422737121582,0.9590657032476595,32.901641845703125,0.8544020652770996,7.5106377601623535,56.65621566772461
Ko et. al (Etapas 3),Leopard,0.21766377314814814,513.2794799804688,1.0,8.45400445306667,16.248076644763767,372826.0,10210.643298414601,187.0042732817413,3.202993229724394,13.654149055480957,26.59299659729004,0.9637793612545109,38.11107635498047,0.7567775249481201,10.436745643615723,60.1665153503418
Ko et. al (Etapas 3),Leopard,0.15980729166666666,20.394357681274414,1.0,7.1468121362033115,16.492422083876153,274980.0,9004.236614080817,232.31485319856347,6.3860920915623005,797.2046508789062,1045.105712890625,0.20641515526073362,50.599308013916016,9.36114501953125,12.940094947814941,61.21627426147461
Ko et. al (Etapas 3),Leopard,0.15980729166666666,20.394357681274414,1.0,7.146812136203312,16.492422083876153,274980.0,9004.236614080819,232.31485319856347,6.3860920915623005,769.36474609375,987.01806640625,0.18516614182156266,49.110328674316406,9.354048728942871,13.463223457336426,60.39509582519531
Ko et. al (Etapas 3),Leopard,0.15980729166666666,20.394357681274414,1.0,7.1468121362033115,16.492422083876153,274980.0,9004.236614080817,232.31485319856353,6.3860920915623005,842.1184692382812,1103.7161865234375,0.18177914184872904,50.835792541503906,10.35315227508545,16.597057342529297,62.606849670410156
Ko et. al (Etapas 3),Leopard,0.15980729166666666,20.394357681274414,1.0,7.146812136203311,16.492422083876153,274980.0,9004.236614080819,232.31485319856358,6.3860920915623005,751.7213134765625,982.309326171875,0.1730794111471274,49.017967224121094,8.793500900268555,10.228155136108398,61.643775939941406
Ko et. al (Etapas 3),Leopard,0.14628298611111112,0.6760969758033752,1.0,7.107750397435131,14.730918214856723,247664.0,9206.544643106929,385.35078381264606,17.04947327871929,5291.10205078125,4826.408203125,0.25213454521064677,65.02239227294922,75.69690704345703,28.277952194213867,67.61994934082031
Ko et. al (Etapas 3),Leopard,0.14628298611111112,0.6760969758033752,1.0,7.107750397435131,14.730918214856723,247664.0,9206.544643106929,385.350783812646,17.04947327871929,5067.91015625,4599.6513671875,0.20205449323812907,62.155216217041016,65.25798034667969,21.967082977294922,67.41738891601562
Ko et. al (Etapas 3),Leopard,0.14628298611111112,0.6760969758033752,1.0,7.107750397435132,14.730918214856723,247664.0,9206.544643106927,385.35078381264606,17.04947327871929,4367.1357421875,4021.135986328125,0.2598495157640177,67.97332763671875,58.192691802978516,21.69516372680664,67.87289428710938
Ko et. al (Etapas 3),Leopard,0.14628298611111112,0.6760969758033752,1.0,7.107750397435131,14.730918214856723,247664.0,9206.544643106927,385.350783812646,17.04947327871929,5324.6357421875,5442.24169921875,0.2061968505662755,60.43215560913086,69.65546417236328,23.071735382080078,66.96144104003906
Ko et. al (Etapas 3),Leopard,0.2749421296296296,602.9862670898438,1.0,8.779616181414003,16.30950755823499,471982.0,12269.910401064024,209.04124738537462,3.670510875056837,15.744418144226074,35.422367095947266,0.9033767070384965,38.36436462402344,0.7370554804801941,12.882121086120605,59.96089172363281
Ko et. al (Etapas 3),Leopard,0.2749421296296296,602.9862670898438,1.0,8.779616181414,16.30950755823499,471982.0,12269.910401064024,209.04124738537453,3.670510875056837,12.8222074508667,36.707435607910156,0.8859056370595394,38.69133377075195,0.5096337199211121,12.314664840698242,60.41666793823242
Ko et. al (Etapas 3),Leopard,0.2749421296296296,602.9862670898438,1.0,8.779616181414003,16.30950755823499,471982.0,12269.91040106402,209.04124738537462,3.670510875056837,12.962833404541016,35.59209442138672,0.8937402135150035,36.949710845947266,0.7614163160324097,11.97557544708252,59.838653564453125
Ko et. al (Etapas 3),Leopard,0.2749421296296296,602.9862670898438,1.0,8.779616181414001,16.30950755823499,471982.0,12269.910401064024,209.04124738537453,3.670510875056837,17.36094093322754,33.79033660888672,0.9080237538034932,39.5051155090332,0.49558138847351074,13.140892028808594,61.675472259521484
Ko et. al (Etapas 3),Leopard,0.2623246527777778,455.53460693359375,1.0,8.58171369079579,19.10497207033539,451174.99999999994,12505.419971627203,218.15575508212078,1.1439261534729979,15.421228408813477,30.406070709228516,0.8815450432688501,38.06285095214844,0.7543085813522339,10.067659378051758,59.640464782714844
Ko et. al (Etapas 3),Leopard,0.2623246527777778,455.5346374511719,1.0,8.581713690795786,19.10497207033539,451174.99999999994,12505.419971627203,218.1557550821207,1.1439261534729979,17.17390251159668,29.212308883666992,0.8495832051184103,35.147369384765625,0.560730516910553,2.770505666732788,60.82886505126953
Ko et. al (Etapas 3),Leopard,0.2623246527777778,455.53460693359375,1.0,8.581713690795787,19.10497207033539,451174.99999999994,12505.419971627203,218.1557550821207,1.1439261534729979,17.415781021118164,32.453704833984375,0.8858286898645079,38.539188385009766,0.8753299117088318,9.285951614379883,60.13322830200195
Ko et. al (Etapas 3),Leopard,0.2623246527777778,455.5346374511719,1.0,8.581713690795791,19.10497207033539,451174.99999999994,12505.419971627203,218.15575508212078,1.1439261534729979,28.29090690612793,37.39838409423828,0.8576796239975478,35.11357498168945,0.7262686491012573,6.7206621170043945,60.43669891357422
Ko et. al (Etapas 3),Leopard,0.1682789351851852,2.1287808418273926,1.0,8.687500579492703,16.284433330382548,288689.0,9473.885684558003,341.65108516000106,6.027993469605536,2369.625244140625,1595.38232421875,0.11639185973931467,64.56571960449219,17.248071670532227,36.99229431152344,68.4551010131836
Ko et. al (Etapas 3),Leopard,0.1682789351851852,2.1287806034088135,1.0,8.687500579492703,16.284433330382548,288689.0,9473.885684558003,341.6510851600011,6.027993469605536,2385.359619140625,1511.289794921875,0.023530031887030504,57.73392868041992,20.034820556640625,19.006175994873047,70.27095794677734
Ko et. al (Etapas 3),Leopard,0.1682789351851852,2.1287808418273926,1.0,8.687500579492703,16.284433330382548,288689.0,9473.885684558003,341.65108516000095,6.027993469605536,2262.970947265625,1326.5816650390625,0.048838465995506314,64.87110137939453,20.554277420043945,10.369614601135254,70.22673034667969
Ko et. al (Etapas 3),Leopard,0.1682789351851852,2.1287808418273926,1.0,8.6875005794927,16.284433330382548,288689.0,9473.885684558003,341.6510851600011,6.027993469605536,2302.250732421875,1463.5753173828125,0.08716494640651214,67.09660339355469,20.112138748168945,13.96111011505127,69.8991470336914
Ko et. al (Etapas 3),Leopard,0.21308564814814815,154.0071258544922,1.0,9.015221184757927,14.905222994063115,366424.0,10313.291287547627,284.4242360392664,5.590317376102824,215.35435485839844,299.460693359375,0.3885309902281681,40.91841506958008,3.7150075435638428,25.73138999938965,64.6845703125
Ko et. al (Etapas 3),Leopard,0.21308564814814815,154.0071258544922,1.0,9.015221184757925,14.905222994063115,366424.0,10313.291287547625,284.4242360392665,5.590317376102824,195.21316528320312,270.52288818359375,0.4574141904440242,46.34718704223633,3.8676443099975586,26.631671905517578,64.23370361328125
Ko et. al (Etapas 3),Leopard,0.21308564814814815,154.0071258544922,1.0,9.015221184757927,14.905222994063115,366424.0,10313.291287547625,284.4242360392664,5.590317376102824,178.3218536376953,254.46527099609375,0.4296724279974246,43.41146469116211,3.1347239017486572,22.573244094848633,65.8123779296875
Ko et. al (Etapas 3),Leopard,0.21308564814814815,154.0071258544922,1.0,9.015221184757927,14.905222994063115,366424.0,10313.291287547627,284.4242360392665,5.590317376102824,167.3103485107422,229.4577178955078,0.478003597392928,42.474578857421875,3.44191837310791,25.942283630371094,63.983116149902344
Ko et. al (Etapas 3),Leopard,0.20848958333333334,352.7103271484375,1.0,6.528307620588444,14.492344984386053,357056.0,11980.347935592192,248.27001441687565,0.3183098861837907,5.6453962326049805,23.428470611572266,0.9580247062891365,43.93669509887695,0.5427808165550232,4.5072855949401855,62.461910247802734
Ko et. al (Etapas 3),Leopard,0.20848958333333334,352.7102966308594,1.0,6.528307620588443,14.492344984386053,357056.0,11980.347935592188,248.27001441687565,0.3183098861837907,0.13784225285053253,27.482208251953125,0.9452536446452389,45.27165603637695,0.936086118221283,1.990698218345642,60.263641357421875
Ko et. al (Etapas 3),Leopard,0.20848958333333334,352.7102966308594,1.0,6.528307620588443,14.492344984386053,357056.0,11980.347935592188,248.27001441687565,0.3183098861837907,3.3854756355285645,23.21411895751953,0.9650069357636728,45.33620071411133,0.5660678148269653,0.6873593330383301,62.286888122558594
Ko et. al (Etapas 3),Leopard,0.20848958333333334,352.7103271484375,1.0,6.528307620588443,14.492344984386053,357056.0,11980.347935592188,248.27001441687565,0.3183098861837907,10.801177024841309,27.011350631713867,0.952137517718485,46.5765380859375,1.0096876621246338,2.455094814300537,60.49400329589844
Ko et. al (Etapas 3),Leopard,0.18842824074074074,255.50668334960938,1.0,7.5718222728089914,13.456406356667104,321096.0,9689.621140668378,206.74412078548815,2.088908628081126,36.6965217590332,44.9148063659668,0.9011933368076197,46.68753433227539,0.6985837817192078,6.638880252838135,64.06877899169922
Ko et. al (Etapas 3),Leopard,0.18842824074074074,255.50668334960938,1.0,7.5718222728089914,13.456406356667104,321096.0,9689.621140668378,206.7441207854882,2.088908628081126,36.90126037597656,48.31816864013672,0.8883910465902248,46.27737808227539,0.5174210667610168,1.6169503927230835,65.01493072509766
Ko et. al (Etapas 3),Leopard,0.18842824074074074,255.50668334960938,1.0,7.5718222728089914,13.456406356667104,321096.0,9689.621140668378,206.7441207854882,2.088908628081126,40.320987701416016,49.42548751831055,0.871981442016525,46.933128356933594,0.7325348258018494,6.845688819885254,65.57672882080078
Ko et. al (Etapas 3),Leopard,0.18842824074074074,255.50668334960938,1.0,7.571822272808992,13.456406356667104,321096.0,9689.621140668378,206.7441207854882,2.088908628081126,29.786235809326172,39.6132926940918,0.9155045166838764,43.24626922607422,0.6047717332839966,0.3443690240383148,64.61689758300781
Ko et. al (Etapas 3),Leopard,0.22705902777777778,137.59747314453125,1.0,6.676030613471353,12.649109738865636,387238.0,12392.39357011496,255.6979625533472,4.734859556983887,29.586257934570312,48.05744552612305,0.8461928300076245,44.5449104309082,0.3584248721599579,7.956221103668213,62.73294448852539
Ko et. al (Etapas 3),Leopard,0.22705902777777778,137.59747314453125,1.0,6.676030613471355,12.649109738865636,387238.0,12392.393570114957,255.6979625533472,4.734859556983887,32.263694763183594,47.46270751953125,0.8737573544002787,44.87214279174805,0.5335701704025269,4.836164474487305,63.02798843383789
Ko et. al (Etapas 3),Leopard,0.22705902777777778,137.5974578857422,1.0,6.676030613471354,12.649109738865636,387238.0,12392.393570114957,255.6979625533472,4.734859556983887,33.81028366088867,51.07088088989258,0.8918689755789814,43.41802978515625,0.41578441858291626,2.564574956893921,62.229248046875
Ko et. al (Etapas 3),Leopard,0.22705902777777778,137.59747314453125,1.0,6.676030613471354,12.649109738865636,387238.0,12392.393570114957,255.69796255334725,4.734859556983887,28.897480010986328,42.52458190917969,0.8838293968023707,42.43514633178711,0.5629723072052002,1.8022781610488892,62.59844970703125
Ko et. al (Etapas 3),Leopard,0.1815636574074074,1853.8839111328125,1.0,9.084372265525385,15.107070451545495,310388.0,9662.98860922663,357.26882071763663,8.634155662735322,40.49567794799805,41.61412811279297,0.9712208447044123,35.86894607543945,0.4934161901473999,0.8455772995948792,56.384193420410156
Ko et. al (Etapas 3),Leopard,0.1815636574074074,1853.8839111328125,1.0,9.084372265525385,15.107070451545495,310388.0,9662.98860922663,357.26882071763663,8.634155662735322,52.151527404785156,53.350608825683594,0.9327785852992599,46.3583984375,0.9729897379875183,12.97736930847168,68.33243560791016
Ko et. al (Etapas 3),Leopard,0.1815636574074074,1853.8839111328125,1.0,9.084372265525387,15.107070451545495,310388.0,9662.988609226628,357.26882071763663,8.634155662735322,45.773067474365234,46.38359451293945,0.9527233110734593,34.88792037963867,0.5137386918067932,3.713524103164673,55.75099182128906
Ko et. al (Etapas 3),Leopard,0.1815636574074074,1853.8839111328125,1.0,9.084372265525385,15.107070451545495,310388.0,9662.988609226632,357.26882071763663,8.634155662735322,57.11512756347656,58.449337005615234,0.9289693666947801,46.943275451660156,0.9236408472061157,11.707141876220703,68.12120819091797
Ko et. al (Etapas 3),Leopard,0.22911747685185185,364.3320007324219,1.0,7.086278788940102,13.379086400248642,394413.0,12233.04117226112,260.9847913670763,3.730193978716297,26.48724365234375,37.0619010925293,0.884150177234344,42.288265228271484,0.688951849937439,8.560091972351074,57.30582809448242
Ko et. al (Etapas 3),Leopard,0.22911747685185185,364.3320007324219,1.0,7.0862787889401,13.379086400248642,394413.0,12233.041172261122,260.98479136707635,3.730193978716297,35.24198913574219,46.06303787231445,0.8688286627667954,42.60456085205078,0.5852471590042114,11.617894172668457,61.605403900146484
Ko et. al (Etapas 3),Leopard,0.22911747685185185,364.3320007324219,1.0,7.086278788940101,13.379086400248642,394413.0,12233.04117226112,260.98479136707635,3.730193978716297,30.447765350341797,39.46826171875,0.8744734083634158,41.738914489746094,0.6214444637298584,8.811026573181152,58.12374496459961
Ko et. al (Etapas 3),Leopard,0.22911747685185185,364.3320007324219,1.0,7.0862787889401035,13.379086400248642,394413.0,12233.04117226112,260.9847913670763,3.730193978716297,33.67913818359375,41.04319763183594,0.8948750404232119,40.06936264038086,0.5931426882743835,7.365971088409424,61.22478485107422
Ko et. al (Etapas 3),Leopard,0.21563483796296296,256.6720886230469,1.0,7.213252715413308,14.866069191748569,370499.0,12542.104941023814,396.09829462348534,9.599032505229937,8.752684593200684,55.91789627075195,0.5933316880547308,43.732994079589844,0.9066035747528076,15.959098815917969,62.775360107421875
Ko et. al (Etapas 3),Leopard,0.21563483796296296,256.672119140625,1.0,7.213252715413311,14.866069191748569,370499.0,12542.104941023814,396.09829462348534,9.599032505229937,3.1904103755950928,44.55887985229492,0.7536584104731843,43.06138229370117,0.8311101794242859,14.55533218383789,61.790470123291016
Ko et. al (Etapas 3),Leopard,0.21563483796296296,256.672119140625,1.0,7.213252715413311,14.866069191748569,370499.0,12542.104941023814,396.09829462348534,9.599032505229937,4.9936442375183105,50.38555145263672,0.6146050827061387,43.607444763183594,0.968824565410614,13.880449295043945,61.50521469116211
Ko et. al (Etapas 3),Leopard,0.21563483796296296,256.672119140625,1.0,7.21325271541331,14.866069191748569,370499.0,12542.104941023817,396.0982946234852,9.599032505229937,3.3364908695220947,49.589351654052734,0.6786597723273661,42.49087905883789,0.9095532894134521,15.051880836486816,61.32065963745117
Ko et. al (Etapas 3),Leopard,0.2074849537037037,609.2132568359375,1.0,6.799805947484004,11.814004250666148,355265.0,11231.743215781878,214.2031140570506,-3.7003524268865666,39.809513092041016,42.24080276489258,0.9443638604753666,34.198768615722656,0.4798623025417328,4.932822227478027,58.83500289916992
Ko et. al (Etapas 3),Leopard,0.2074849537037037,609.2131958007812,1.0,6.79980594748401,11.814004250666148,355265.0,11231.743215781877,214.2031140570506,-3.7003524268865666,35.4946174621582,38.295658111572266,0.9570502993541332,31.12169647216797,0.6571020483970642,7.616529941558838,57.454933166503906
Ko et. al (Etapas 3),Leopard,0.2074849537037037,609.2131958007812,1.0,6.799805947484007,11.814004250666148,355265.0,11231.743215781877,214.20311405705064,-3.7003524268865666,34.991615295410156,37.31706619262695,0.9590465395892706,34.36166763305664,0.45864245295524597,7.524953842163086,58.957122802734375
Ko et. al (Etapas 3),Leopard,0.2074849537037037,609.2131958007812,1.0,6.799805947484006,11.814004250666148,355265.0,11231.743215781875,214.20311405705064,-3.7003524268865666,37.67617416381836,40.55571746826172,0.9562059212443916,31.90338134765625,0.6677969694137573,7.168705940246582,57.10597229003906
Ko et. al (Etapas 3),Leopard,0.11653125,349.23602294921875,1.0,7.421711617260407,16.004795965291805,200182.0,7358.725644107189,299.3389544578234,8.544631007246132,5.369604587554932,46.42024612426758,0.8838345046950193,43.99526596069336,1.4628961086273193,9.217812538146973,60.128929138183594
Ko et. al (Etapas 3),Leopard,0.11653125,349.236083984375,1.0,7.421711617260407,16.004795965291805,200182.0,7358.725644107189,299.3389544578233,8.544631007246132,20.63297462463379,44.50958251953125,0.936664667167862,43.174320220947266,1.296014428138733,5.554114818572998,61.79420471191406
Ko et. al (Etapas 3),Leopard,0.11653125,349.236083984375,1.0,7.42171161726041,16.004795965291805,200182.0,7358.725644107189,299.3389544578234,8.544631007246132,7.576014518737793,39.96336364746094,0.9185991774158684,42.955867767333984,1.4709981679916382,8.979390144348145,60.03458023071289
Ko et. al (Etapas 3),Leopard,0.11653125,349.236083984375,1.0,7.421711617260408,16.004795965291805,200182.0,7358.725644107189,299.33895445782343,8.544631007246132,11.022686958312988,38.505313873291016,0.9335262148476979,42.521148681640625,1.2106395959854126,7.426236152648926,62.0024299621582
Ko et. al (Etapas 3),Leopard,0.19165104166666666,76.34513854980469,1.0,7.432844300882091,16.09347758577606,328171.0,11157.214247905515,311.9079911349833,-0.7858275315162333,163.2698516845703,217.46121215820312,0.4257665372623869,45.13350296020508,2.4663734436035156,15.917747497558594,64.08984375
Ko et. al (Etapas 3),Leopard,0.19165104166666666,76.34512329101562,1.0,7.432844300882091,16.09347758577606,328171.0,11157.214247905515,311.9079911349833,-0.7858275315162333,177.8446502685547,246.0626678466797,0.4021758305611364,47.10568618774414,2.282306432723999,11.651925086975098,62.62128829956055
Ko et. al (Etapas 3),Leopard,0.19165104166666666,76.34512329101562,1.0,7.43284430088209,16.09347758577606,328171.0,11157.214247905515,311.9079911349833,-0.7858275315162333,157.12551879882812,202.1280975341797,0.4313928309254328,44.33443069458008,2.1942138671875,9.366290092468262,63.24412536621094
Ko et. al (Etapas 3),Leopard,0.19165104166666666,76.34513854980469,1.0,7.43284430088209,16.09347758577606,328171.0,11157.214247905515,311.9079911349833,-0.7858275315162333,157.03466796875,206.77615356445312,0.43501653405146395,46.20643615722656,1.8580818176269531,5.795414447784424,61.13100051879883
Ko et. al (Etapas 3),Leopard,0.14797800925925925,552.5299682617188,1.0,8.379209426607204,14.254381292074651,255228.0,7261.405980627209,198.88630860624224,3.2328347815541236,20.614103317260742,24.928335189819336,0.9649794318216398,46.39307403564453,1.0087898969650269,1.0558335781097412,62.67632293701172
Ko et. al (Etapas 3),Leopard,0.14797800925925925,552.5299072265625,1.0,8.379209426607204,14.254381292074651,255228.0,7261.405980627209,198.88630860624227,3.2328347815541236,21.030498504638672,26.455360412597656,0.9626048303212121,44.81389236450195,1.17562997341156,1.3962289094924927,64.20757293701172
Ko et. al (Etapas 3),Leopard,0.14797800925925925,552.5299682617188,1.0,8.3792094266072,14.254381292074651,255228.0,7261.405980627209,198.88630860624232,3.2328347815541236,21.454378128051758,26.49658966064453,0.9671081183843573,46.85456848144531,1.0018171072006226,2.4574365615844727,63.95234680175781
Ko et. al (Etapas 3),Leopard,0.14797800925925925,552.5299682617188,1.0,8.379209426607204,14.254381292074651,255228.0,7261.405980627209,198.88630860624224,3.2328347815541236,21.355030059814453,25.09622573852539,0.9727015957447871,45.66680908203125,1.1702500581741333,1.9971898794174194,64.43670654296875
Ko et. al (Etapas 3),Leopard,0.19511747685185185,81.26820373535156,1.0,9.094195834294965,15.006515897782995,334100.0,9367.630175144584,273.0002570837167,2.795158688051412,356.6554870605469,421.6110534667969,0.515918366047485,46.76142501831055,4.930782794952393,14.877399444580078,63.902862548828125
Ko et. al (Etapas 3),Leopard,0.19511747685185185,81.26821899414062,1.0,9.094195834294963,15.006515897782995,334100.0,9367.630175144586,273.0002570837167,2.795158688051412,381.92095947265625,463.2355041503906,0.5075573203802434,46.31720733642578,5.330580234527588,14.864707946777344,63.23514938354492
Ko et. al (Etapas 3),Leopard,0.19511747685185185,81.26821899414062,1.0,9.094195834294968,15.006515897782995,334100.0,9367.630175144584,273.00025708371663,2.795158688051412,357.4242858886719,413.10931396484375,0.5243358503447368,47.10721969604492,4.9307966232299805,15.880852699279785,63.80501937866211
Ko et. al (Etapas 3),Leopard,0.19511747685185185,81.26821899414062,1.0,9.094195834294963,15.006515897782995,334100.0,9367.630175144584,273.0002570837167,2.795158688051412,358.6763000488281,434.0578918457031,0.5162255379601474,47.50282287597656,5.012253761291504,14.299287796020508,64.69908142089844
Ko et. al (Etapas 3),Leopard,0.1824050925925926,83.28160858154297,1.0,7.632667561479574,12.934116827943688,314652.0,9217.082531066659,208.4550502240053,4.5757046138919915,150.73223876953125,250.11859130859375,0.3895548600644636,38.88145446777344,2.1800053119659424,12.132110595703125,58.93412399291992
Ko et. al (Etapas 3),Leopard,0.1824050925925926,83.28160858154297,1.0,7.632667561479575,12.934116827943688,314652.0,9217.082531066659,208.4550502240054,4.5757046138919915,129.53997802734375,222.61582946777344,0.38078124769089305,43.542423248291016,1.964477300643921,20.037853240966797,62.80440139770508
Ko et. al (Etapas 3),Leopard,0.1824050925925926,83.28160095214844,1.0,7.632667561479578,12.934116827943688,314652.0,9217.082531066659,208.45505022400533,4.5757046138919915,155.96250915527344,260.1009521484375,0.34074890697220267,39.75615310668945,2.4340994358062744,18.226451873779297,59.01763916015625
Ko et. al (Etapas 3),Leopard,0.1824050925925926,83.28160858154297,1.0,7.632667561479575,12.934116827943688,314652.0,9217.082531066659,208.45505022400533,4.5757046138919915,158.07252502441406,261.04150390625,0.39100946778334966,43.752532958984375,2.163957357406616,15.744195938110352,62.417232513427734
Ko et. al (Etapas 3),Castle Gate,0.23434606481481482,424.1662902832031,1.0,6.829147114059498,16.155494658690014,402853.0,13648.023862221866,366.3880936571346,4.157922888275766,14.468062400817871,51.607242584228516,0.8397086831634015,44.4119873046875,0.9021080732345581,8.134222030639648,55.82200241088867
Ko et. al (Etapas 3),Castle Gate,0.23434606481481482,424.1662902832031,1.0,6.829147114059499,16.155494658690014,402853.0,13648.023862221866,366.3880936571345,4.157922888275766,11.764047622680664,44.55305862426758,0.8715089860811428,43.38081359863281,0.9972699880599976,10.831055641174316,55.65579605102539
Ko et. al (Etapas 3),Castle Gate,0.23434606481481482,424.1662902832031,1.0,6.829147114059498,16.155494658690014,402853.0,13648.023862221866,366.38809365713456,4.157922888275766,12.081426620483398,48.170570373535156,0.8497902124151768,43.28788375854492,0.8792499899864197,12.877349853515625,55.977725982666016
Ko et. al (Etapas 3),Castle Gate,0.23434606481481482,424.1662902832031,1.0,6.829147114059499,16.155494658690014,402853.0,13648.023862221866,366.3880936571345,4.157922888275766,12.197428703308105,42.22279739379883,0.8728999768374966,45.008567810058594,0.966308057308197,8.881464004516602,54.597198486328125
Ko et. al (Etapas 3),Castle Gate,0.26778414351851854,662.601318359375,1.0,7.255894402794362,15.20690265531322,460029.0,15159.560882685802,344.35930120312867,-1.8999121331595008,7.5756635665893555,42.910308837890625,0.8448386870914699,40.285545349121094,0.9847034215927124,3.34137225151062,59.227108001708984
Ko et. al (Etapas 3),Castle Gate,0.26778414351851854,662.601318359375,1.0,7.255894402794359,15.20690265531322,460029.0,15159.560882685802,344.35930120312855,-1.8999121331595008,5.189396381378174,41.00593185424805,0.8663321280234836,43.666988372802734,1.0585675239562988,6.40903902053833,60.996829986572266
Ko et. al (Etapas 3),Castle Gate,0.26778414351851854,662.601318359375,1.0,7.255894402794359,15.20690265531322,460029.0,15159.5608826858,344.35930120312855,-1.8999121331595008,6.4951171875,36.208824157714844,0.8575643441750135,39.21879959106445,0.9781396985054016,2.8797764778137207,59.146263122558594
Ko et. al (Etapas 3),Castle Gate,0.26778414351851854,662.601318359375,1.0,7.255894402794358,15.20690265531322,460029.0,15159.560882685802,344.35930120312855,-1.8999121331595008,10.349909782409668,41.660865783691406,0.8629429827222082,42.28631591796875,1.0961467027664185,5.799600601196289,61.317420959472656
Ko et. al (Etapas 3),Castle Gate,0.2874675925925926,774.68505859375,1.0,7.743434721032519,16.43167780101552,491672.0,14036.323448076208,253.71843777132636,0.8753521870054244,7.313659191131592,35.18955993652344,0.8611468410940715,32.906585693359375,0.6793829202651978,9.034055709838867,55.13978576660156
Ko et. al (Etapas 3),Castle Gate,0.2874675925925926,774.6849975585938,1.0,7.743434721032517,16.43167780101552,491672.0,14036.323448076208,253.71843777132628,0.8753521870054244,10.70725154876709,46.856712341308594,0.8240190841046124,36.65495300292969,0.8329187035560608,11.25731372833252,56.58375930786133
Ko et. al (Etapas 3),Castle Gate,0.2874675925925926,774.6849975585938,1.0,7.743434721032522,16.43167780101552,491672.0,14036.323448076208,253.71843777132622,0.8753521870054244,13.636938095092773,40.9959716796875,0.8671822540645711,31.503089904785156,0.7436614036560059,9.252426147460938,55.15018081665039
Ko et. al (Etapas 3),Castle Gate,0.2874675925925926,774.68505859375,1.0,7.743434721032523,16.43167780101552,491672.0,14036.323448076208,253.71843777132628,0.8753521870054244,8.616864204406738,41.03323745727539,0.8645852153745325,36.040897369384766,0.7731349468231201,10.510321617126465,56.77942657470703
Ko et. al (Etapas 3),Castle Gate,0.25510069444444444,405.0486755371094,1.0,6.925528225890902,16.643313937698313,438741.00000000006,13846.358329030969,259.52082028369193,1.3926057520540842,15.528379440307617,65.30109405517578,0.6344646672061138,40.394046783447266,0.9455186128616333,13.402704238891602,59.274574279785156
Ko et. al (Etapas 3),Castle Gate,0.25510069444444444,405.0486755371094,1.0,6.925528225890905,16.643313937698313,438741.00000000006,13846.358329030969,259.5208202836918,1.3926057520540842,22.11128807067871,72.4908218383789,0.6432263372086005,44.64470291137695,0.9590129852294922,14.775687217712402,62.41256332397461
Ko et. al (Etapas 3),Castle Gate,0.25510069444444444,405.048583984375,1.0,6.925528225890905,16.643313937698313,438741.00000000006,13846.358329030969,259.52082028369193,1.3926057520540842,18.455869674682617,70.07048034667969,0.6423320481514938,41.04031753540039,0.9888269305229187,12.475543975830078,61.53878402709961
Ko et. al (Etapas 3),Castle Gate,0.25510069444444444,405.0486755371094,1.0,6.925528225890905,16.643313937698313,438741.00000000006,13846.358329030969,259.5208202836918,1.3926057520540842,12.4495849609375,68.37207794189453,0.6425972874069877,43.70743179321289,0.9020392298698425,13.906718254089355,64.78006744384766
Ko et. al (Etapas 3),Castle Gate,0.26846875,166.29586791992188,1.0,7.16059450497834,11.814004250666148,460174.0,14611.56657971082,373.5819295235127,6.405986459448788,14.532299041748047,43.999908447265625,0.7909868852453892,46.36110305786133,0.3728489279747009,11.423484802246094,61.551353454589844
Ko et. al (Etapas 3),Castle Gate,0.26846875,166.29586791992188,1.0,7.160594504978339,11.814004250666148,460174.0,14611.566579710816,373.58192952351266,6.405986459448788,20.424915313720703,37.37538528442383,0.7422949570111381,42.704769134521484,0.4609074592590332,11.274881362915039,62.69321060180664
Ko et. al (Etapas 3),Castle Gate,0.26846875,166.29586791992188,1.0,7.160594504978339,11.814004250666148,460174.0,14611.566579710821,373.5819295235126,6.405986459448788,23.044601440429688,45.17842483520508,0.7738222343481611,45.55990219116211,0.3898276686668396,12.175683975219727,61.58906555175781
Ko et. al (Etapas 3),Castle Gate,0.26846875,166.29586791992188,1.0,7.16059450497834,11.814004250666148,460174.0,14611.56657971082,373.5819295235126,6.405986459448788,17.93306541442871,41.586116790771484,0.6922723544492111,44.36234664916992,0.49072206020355225,2.804410934448242,63.588443756103516
Ko et. al (Etapas 3),Castle Gate,0.295015625,120.9267578125,1.0,7.620671896282261,16.806304838990258,504604.0,15221.3266459038,275.9398034875886,-6.833715369008257,204.25357055664062,242.63670349121094,0.518890711800128,51.80598068237305,2.5830652713775635,13.438400268554688,59.452392578125
Ko et. al (Etapas 3),Castle Gate,0.295015625,120.9267578125,1.0,7.620671896282259,16.806304838990258,504604.0,15221.3266459038,275.93980348758856,-6.833715369008257,185.87091064453125,209.09242248535156,0.5989724326238536,52.7030029296875,2.079683780670166,3.2848970890045166,60.42750930786133
Ko et. al (Etapas 3),Castle Gate,0.295015625,120.9267578125,1.0,7.620671896282259,16.806304838990258,504604.0,15221.3266459038,275.9398034875886,-6.833715369008257,157.40223693847656,182.0561065673828,0.5829652473472398,50.6606330871582,2.011622190475464,12.653881072998047,59.82320785522461
Ko et. al (Etapas 3),Castle Gate,0.295015625,120.9267578125,1.0,7.620671896282258,16.806304838990258,504604.0,15221.326645903797,275.93980348758856,-6.833715369008257,186.36326599121094,203.90463256835938,0.5523462045335894,50.25009536743164,2.3606083393096924,10.195019721984863,61.643192291259766
Ko et. al (Etapas 3),Castle Gate,0.26280266203703706,522.4541015625,1.0,7.20029451693717,13.456406356667104,448065.0,13522.677563932584,223.27326069735474,-4.545863062062261,25.505075454711914,33.035579681396484,0.9227907725417251,43.077762603759766,0.632501482963562,8.473706245422363,59.99135971069336
Ko et. al (Etapas 3),Castle Gate,0.26280266203703706,522.4541015625,1.0,7.200294516937169,13.456406356667104,448065.0,13522.677563932584,223.2732606973547,-4.545863062062261,26.236286163330078,32.94820785522461,0.9369729008102121,39.78062057495117,0.38483119010925293,3.3459277153015137,54.82939147949219
Ko et. al (Etapas 3),Castle Gate,0.26280266203703706,522.4541015625,1.0,7.200294516937167,13.456406356667104,448065.0,13522.677563932584,223.2732606973547,-4.545863062062261,26.33084487915039,31.625577926635742,0.9461405162679363,42.909202575683594,0.6316009759902954,11.146451950073242,60.31178665161133
Ko et. al (Etapas 3),Castle Gate,0.26280266203703706,522.4541015625,1.0,7.200294516937166,13.456406356667104,448065.0,13522.677563932582,223.27326069735466,-4.545863062062261,21.918622970581055,32.96875762939453,0.9300646692151088,40.61281967163086,0.39226698875427246,6.030210971832275,54.990379333496094
Ko et. al (Etapas 3),Castle Gate,0.294484375,668.9789428710938,1.0,7.205138014568414,15.16574876705335,505074.00000000006,15124.585764021416,253.69738365800777,-1.1837148892459717,15.353129386901855,28.227699279785156,0.9077378492617515,31.23675537109375,0.4728805124759674,3.775829553604126,53.11459732055664
Ko et. al (Etapas 3),Castle Gate,0.294484375,668.97900390625,1.0,7.2051380145684165,15.16574876705335,505074.00000000006,15124.585764021416,253.69738365800777,-1.1837148892459717,15.157562255859375,28.218076705932617,0.9249213342577016,32.92220687866211,0.395191490650177,3.7004904747009277,54.88812255859375
Ko et. al (Etapas 3),Castle Gate,0.294484375,668.9791259765625,1.0,7.205138014568411,15.16574876705335,505074.00000000006,15124.585764021416,253.69738365800777,-1.1837148892459717,17.95511817932129,28.283498764038086,0.9176231744407635,31.95053482055664,0.4670262634754181,4.859499931335449,53.97270584106445
Ko et. al (Etapas 3),Castle Gate,0.294484375,668.97900390625,1.0,7.205138014568414,15.16574876705335,505074.00000000006,15124.585764021416,253.69738365800777,-1.1837148892459717,11.707990646362305,26.37959861755371,0.9290196433338999,31.691116333007812,0.32523971796035767,1.9751547574996948,54.3620719909668
Ko et. al (Etapas 3),Castle Gate,0.25444791666666666,226.74072265625,1.0,6.468996221712261,12.409673954306715,437132.0,14201.558226682893,264.5849424191124,-2.834947423824386,17.181476593017578,39.980777740478516,0.8199800913644839,39.093719482421875,0.32136422395706177,0.44140830636024475,59.34166717529297
Ko et. al (Etapas 3),Castle Gate,0.25444791666666666,226.74072265625,1.0,6.468996221712261,12.409673954306715,437132.0,14201.558226682893,264.5849424191124,-2.834947423824386,18.070430755615234,44.8893928527832,0.7374944899594311,37.98564910888672,0.547631025314331,2.2104525566101074,58.6717529296875
Ko et. al (Etapas 3),Castle Gate,0.25444791666666666,226.74073791503906,1.0,6.468996221712262,12.409673954306715,437132.0,14201.558226682893,264.5849424191124,-2.834947423824386,17.99118995666504,43.48244094848633,0.799211591590544,38.345523834228516,0.3631981909275055,0.5788416862487793,59.29573440551758
Ko et. al (Etapas 3),Castle Gate,0.25444791666666666,226.74072265625,1.0,6.468996221712262,12.409673954306715,437132.0,14201.558226682893,264.5849424191124,-2.834947423824386,19.326871871948242,42.708919525146484,0.7453882881692254,37.24172592163086,0.5138024687767029,0.7433400750160217,58.88233947753906
Ko et. al (Etapas 3),Castle Gate,0.2676539351851852,124.26995849609375,1.0,7.004786480236932,17.720045094955278,457195.0,14648.096119176462,262.81210175303,-9.121567675954251,74.48432159423828,93.40516662597656,0.7459584411993699,43.11979675292969,1.0443840026855469,9.34177303314209,61.808265686035156
Ko et. al (Etapas 3),Castle Gate,0.2676539351851852,124.26995849609375,1.0,7.004786480236934,17.720045094955278,457195.0,14648.096119176462,262.81210175303,-9.121567675954251,78.18585968017578,87.2328872680664,0.7895052843619228,44.1561279296875,0.9785658717155457,0.17346636950969696,61.029903411865234
Ko et. al (Etapas 3),Castle Gate,0.2676539351851852,124.26995849609375,1.0,7.004786480236935,17.720045094955278,457195.0,14648.096119176462,262.81210175303,-9.121567675954251,70.60094451904297,94.34956359863281,0.7236291989468875,44.56753921508789,0.9872677326202393,4.176334857940674,61.42282485961914
Ko et. al (Etapas 3),Castle Gate,0.2676539351851852,124.26995849609375,1.0,7.004786480236933,17.720045094955278,457195.0,14648.096119176462,262.81210175303,-9.121567675954251,73.79003143310547,87.58453369140625,0.8168002708995421,44.28046417236328,0.9711160063743591,3.7230639457702637,61.803611755371094
Ko et. al (Etapas 3),Castle Gate,0.2805625,615.9786987304688,1.0,6.868620991201891,14.071247301969983,481947.0,15656.63880329239,331.67677299999383,-8.62420847879208,42.62495422363281,45.76116180419922,0.9179402281712111,42.114933013916016,0.4795091450214386,3.304365396499634,57.21578598022461
Ko et. al (Etapas 3),Castle Gate,0.2805625,615.9786987304688,1.0,6.868620991201889,14.071247301969983,481947.0,15656.63880329239,331.67677299999383,-8.62420847879208,42.46049499511719,44.85297775268555,0.9193863217154307,38.83794021606445,0.5410387516021729,3.25410795211792,57.3452033996582
Ko et. al (Etapas 3),Castle Gate,0.2805625,615.9786987304688,1.0,6.86862099120189,14.071247301969983,481947.0,15656.638803292386,331.67677299999383,-8.62420847879208,46.84644317626953,51.073692321777344,0.9157499292123167,39.89002990722656,0.4604063928127289,4.019517421722412,56.745521545410156
Ko et. al (Etapas 3),Castle Gate,0.2805625,615.9786987304688,1.0,6.868620991201891,14.071247301969983,481947.0,15656.63880329239,331.67677299999383,-8.62420847879208,39.708824157714844,41.081275939941406,0.933939466227077,38.86239242553711,0.5143093466758728,8.057520866394043,57.31367111206055
Ko et. al (Etapas 3),Castle Gate,0.25796875,529.64892578125,1.0,6.357832687835432,12.247447798760023,442126.00000000006,14461.27148294122,278.7113121736917,-1.989436788648692,56.6142692565918,58.71697998046875,0.9090705475172194,34.37811279296875,0.5999979972839355,4.086582660675049,58.25629425048828
Ko et. al (Etapas 3),Castle Gate,0.25796875,529.6488647460938,1.0,6.357832687835431,12.247447798760023,442126.00000000006,14461.27148294122,278.7113121736916,-1.989436788648692,57.47035217285156,60.519203186035156,0.9191123132259267,35.219844818115234,0.6185956001281738,0.24186597764492035,59.1108512878418
Ko et. al (Etapas 3),Castle Gate,0.25796875,529.6488647460938,1.0,6.357832687835429,12.247447798760023,442126.00000000006,14461.271482941223,278.7113121736916,-1.989436788648692,57.23447799682617,59.13701629638672,0.927308840602535,35.09812545776367,0.6015682220458984,1.497167706489563,57.33589172363281
Ko et. al (Etapas 3),Castle Gate,0.25796875,529.6488647460938,1.0,6.357832687835432,12.247447798760023,442126.00000000006,14461.271482941223,278.7113121736917,-1.989436788648692,55.59975814819336,57.65625762939453,0.9180246656323151,36.013614654541016,0.610321044921875,2.8154096603393555,59.23401641845703
Ko et. al (Etapas 3),Castle Gate,0.2813790509259259,347.28411865234375,1.0,8.05862043983569,20.02498519339294,480964.0,13730.362956686215,242.911568844886,-2.0292255244216655,47.570518493652344,67.9216079711914,0.787101309257541,37.85173416137695,0.9583127498626709,6.178705215454102,60.66058349609375
Ko et. al (Etapas 3),Castle Gate,0.2813790509259259,347.2841491699219,1.0,8.05862043983569,20.02498519339294,480964.0,13730.362956686216,242.911568844886,-2.0292255244216655,54.926300048828125,74.50682067871094,0.8005854234163345,35.98123550415039,0.7534177303314209,4.47859525680542,61.75569534301758
Ko et. al (Etapas 3),Castle Gate,0.2813790509259259,347.28411865234375,1.0,8.05862043983569,20.02498519339294,480964.0,13730.362956686215,242.911568844886,-2.0292255244216655,52.50714874267578,73.19816589355469,0.8000697816522007,37.30253601074219,1.031685471534729,7.6030497550964355,60.3010368347168
Ko et. al (Etapas 3),Castle Gate,0.2813790509259259,347.2841796875,1.0,8.058620439835687,20.02498519339294,480964.0,13730.362956686216,242.911568844886,-2.0292255244216655,57.9418830871582,70.32367706298828,0.8468725609074453,35.08943176269531,0.7387051582336426,2.0942304134368896,61.56753158569336
Ko et. al (Etapas 3),Castle Gate,0.2762204861111111,456.976318359375,1.0,8.054552818915573,14.254381292074651,474734.0,12696.490804161911,172.58012503807575,-0.05968310365946075,7.981964588165283,46.033809661865234,0.7952382235752649,39.040279388427734,0.7308186292648315,3.155888795852661,60.08123779296875
Ko et. al (Etapas 3),Castle Gate,0.2762204861111111,456.976318359375,1.0,8.054552818915576,14.254381292074651,474734.0,12696.490804161911,172.58012503807575,-0.05968310365946075,15.341278076171875,53.04774856567383,0.7581731288110785,37.1753044128418,0.9026219248771667,5.095495223999023,58.088748931884766
Ko et. al (Etapas 3),Castle Gate,0.2762204861111111,456.976318359375,1.0,8.054552818915578,14.254381292074651,474734.0,12696.490804161911,172.58012503807575,-0.05968310365946075,17.785327911376953,51.97740936279297,0.7679015232483649,36.975563049316406,0.7900976538658142,2.3946597576141357,60.03278350830078
Ko et. al (Etapas 3),Castle Gate,0.2762204861111111,456.976318359375,1.0,8.054552818915576,14.254381292074651,474734.0,12696.490804161911,172.58012503807575,-0.05968310365946075,8.522977828979492,50.1052131652832,0.7278459971958801,36.39299392700195,0.7530367970466614,0.2312196046113968,58.70143127441406
Ko et. al (Etapas 3),Castle Gate,0.2407349537037037,112.8818359375,1.0,5.836524811476963,10.049875192596595,413844.0,14553.042724669584,303.8290672691797,-1.58160224697571,26.151090621948242,60.239933013916016,0.7441497152642632,49.18423843383789,0.8935500979423523,8.440499305725098,59.51441955566406
Ko et. al (Etapas 3),Castle Gate,0.2407349537037037,112.8818359375,1.0,5.836524811476959,10.049875192596595,413844.0,14553.04272466958,303.8290672691797,-1.58160224697571,22.805631637573242,57.31075668334961,0.6564236899926322,45.26319885253906,0.3197901248931885,6.663978099822998,58.3331184387207
Ko et. al (Etapas 3),Castle Gate,0.2407349537037037,112.8818359375,1.0,5.83652481147696,10.049875192596595,413844.0,14553.042724669584,303.82906726917975,-1.58160224697571,27.119272232055664,61.23709487915039,0.6871066193973802,49.13809585571289,0.822358250617981,6.827986240386963,59.811607360839844
Ko et. al (Etapas 3),Castle Gate,0.2407349537037037,112.8818359375,1.0,5.836524811476962,10.049875192596595,413844.0,14553.042724669584,303.8290672691797,-1.58160224697571,31.471277236938477,65.75454711914062,0.5945769154933873,45.31907653808594,0.2872505784034729,8.258667945861816,58.320091247558594
Ko et. al (Etapas 3),Castle Gate,0.28191377314814814,471.9130554199219,1.0,6.226336195402455,13.747727646791398,482592.0,15121.6117401855,157.03413629742855,-13.876321600824625,12.357434272766113,35.94606399536133,0.8353592067840702,32.77609634399414,0.484327495098114,4.184840679168701,53.72304916381836
Ko et. al (Etapas 3),Castle Gate,0.28191377314814814,471.9130554199219,1.0,6.226336195402455,13.747727646791398,482592.0,15121.611740185497,157.03413629742855,-13.876321600824625,10.649861335754395,37.14381790161133,0.8412404708774736,32.622623443603516,0.5546368360519409,3.124735116958618,55.171119689941406
Ko et. al (Etapas 3),Castle Gate,0.28191377314814814,471.9130554199219,1.0,6.226336195402456,13.747727646791398,482592.0,15121.611740185503,157.03413629742855,-13.876321600824625,13.61735725402832,38.167179107666016,0.8262213321388822,34.28329086303711,0.47786831855773926,2.183438301086426,55.136417388916016
Ko et. al (Etapas 3),Castle Gate,0.28191377314814814,471.9130554199219,1.0,6.226336195402455,13.747727646791398,482592.0,15121.611740185497,157.03413629742855,-13.876321600824625,13.235654830932617,37.28551483154297,0.8374282412295139,34.076904296875,0.587744414806366,4.394358158111572,55.11960983276367
Ko et. al (Etapas 3),Castle Gate,0.23134837962962962,692.9540405273438,1.0,8.345072762302404,16.340135133594455,394251.0,11055.25672348134,248.78771785045043,7.311180198283943,23.91804313659668,37.49653244018555,0.8997879439293285,39.938846588134766,0.3928857743740082,3.6478805541992188,60.24347686767578
Ko et. al (Etapas 3),Castle Gate,0.23134837962962962,692.9540405273438,1.0,8.345072762302403,16.340135133594455,394251.0,11055.25672348134,248.78771785045043,7.311180198283943,32.07155227661133,40.656192779541016,0.8806884759131767,39.83794403076172,0.9300814270973206,13.67827033996582,58.421993255615234
Ko et. al (Etapas 3),Castle Gate,0.23134837962962962,692.9540405273438,1.0,8.345072762302404,16.340135133594455,394251.0,11055.25672348134,248.78771785045043,7.311180198283943,27.38932991027832,39.27549743652344,0.8976921044108397,40.62392807006836,0.4071166515350342,3.3712539672851562,59.57497024536133
Ko et. al (Etapas 3),Castle Gate,0.23134837962962962,692.9540405273438,1.0,8.345072762302404,16.340135133594455,394251.0,11055.25672348134,248.78771785045043,7.311180198283943,34.716651916503906,43.038963317871094,0.8580668315046015,40.67484664916992,0.9115104079246521,13.418068885803223,60.157569885253906
Ko et. al (Etapas 3),Castle Gate,0.2359693287037037,39.55771255493164,1.0,6.666844497942906,12.542171144784101,403382.0,13403.883993758034,284.7987970437958,-4.356866567140635,251.04759216308594,321.154541015625,0.39406031296808064,45.53097915649414,3.245680570602417,16.277297973632812,63.25170135498047
Ko et. al (Etapas 3),Castle Gate,0.2359693287037037,39.55771255493164,1.0,6.666844497942907,12.542171144784101,403382.0,13403.883993758034,284.7987970437958,-4.356866567140635,269.6217956542969,351.7888488769531,0.28301460954555047,44.840763092041016,3.4319779872894287,15.535571098327637,62.22506332397461
Ko et. al (Etapas 3),Castle Gate,0.2359693287037037,39.55771255493164,1.0,6.666844497942904,12.542171144784101,403382.0,13403.883993758034,284.7987970437958,-4.356866567140635,257.95245361328125,323.6882629394531,0.41292261393114915,44.208988189697266,3.3331339359283447,16.298358917236328,62.94855499267578
Ko et. al (Etapas 3),Castle Gate,0.2359693287037037,39.557716369628906,1.0,6.666844497942905,12.542171144784101,403382.0,13403.883993758034,284.7987970437958,-4.356866567140635,232.639404296875,307.0325622558594,0.28390008050825977,44.60602951049805,3.0655834674835205,17.113344192504883,63.14625930786133
Ko et. al (Etapas 3),Castle Gate,0.2602638888888889,352.9083557128906,1.0,6.869356842068,16.062377614122575,445130.99999999994,14429.105013895283,272.61055363590464,-5.341637777521737,8.719067573547363,38.9107780456543,0.8191287482502054,37.934329986572266,0.38905009627342224,2.816972017288208,56.30316162109375
Ko et. al (Etapas 3),Castle Gate,0.2602638888888889,352.9083557128906,1.0,6.869356842067997,16.062377614122575,445130.99999999994,14429.105013895287,272.61055363590464,-5.341637777521737,8.707157135009766,34.00140380859375,0.8543230551777643,37.29188537597656,0.6248710751533508,1.0123274326324463,57.832244873046875
Ko et. al (Etapas 3),Castle Gate,0.2602638888888889,352.9083557128906,1.0,6.869356842067997,16.062377614122575,445130.99999999994,14429.105013895283,272.6105536359047,-5.341637777521737,13.601091384887695,37.16950225830078,0.8284286496181296,38.89719772338867,0.39764758944511414,3.3386669158935547,57.187461853027344
Ko et. al (Etapas 3),Castle Gate,0.2602638888888889,352.9083557128906,1.0,6.869356842067998,16.062377614122575,445130.99999999994,14429.105013895287,272.61055363590464,-5.341637777521737,10.827168464660645,35.360565185546875,0.8507574259225037,37.93000030517578,0.6290911436080933,2.6120493412017822,58.74068069458008
Ko et. al (Etapas 3),Castle Gate,0.25932349537037036,259.47808837890625,1.0,6.472048413957457,10.998119557438786,443358.0,14378.931503196482,247.7096350925146,-8.276057040778557,21.916563034057617,50.170597076416016,0.6649669653720606,39.26900100708008,0.470007061958313,6.034389495849609,59.363407135009766
Ko et. al (Etapas 3),Castle Gate,0.25932349537037036,259.47808837890625,1.0,6.472048413957457,10.998119557438786,443358.0,14378.93150319648,247.7096350925146,-8.276057040778557,23.318161010742188,52.00654602050781,0.6942569427723467,40.5596809387207,0.8544396162033081,4.760188579559326,58.77791976928711
Ko et. al (Etapas 3),Castle Gate,0.25932349537037036,259.47808837890625,1.0,6.472048413957455,10.998119557438786,443358.0,14378.931503196482,247.70963509251462,-8.276057040778557,21.88253402709961,53.688560485839844,0.6587352873347846,40.33515167236328,0.498575359582901,6.277797222137451,60.13301467895508
Ko et. al (Etapas 3),Castle Gate,0.25932349537037036,259.47808837890625,1.0,6.472048413957458,10.998119557438786,443358.0,14378.931503196476,247.70963509251462,-8.276057040778557,19.932601928710938,53.407470703125,0.6874632804274053,38.50966262817383,0.869901180267334,5.522051811218262,58.395057678222656
Ko et. al (Etapas 3),Castle Gate,0.3566412037037037,583.5086059570312,1.0,11.3993000516655,21.563855159907238,611291.0,13897.430246931886,251.1294821786708,-3.42183127647575,202.326171875,217.1178741455078,0.4700500691119037,43.9274787902832,3.127527952194214,20.166147232055664,66.25233459472656
Ko et. al (Etapas 3),Castle Gate,0.3566412037037037,583.5086669921875,1.0,11.399300051665493,21.563855159907238,611291.0,13897.430246931888,251.12948217867077,-3.42183127647575,221.36155700683594,225.59390258789062,0.44856017722200725,38.24081039428711,2.9275786876678467,12.511224746704102,59.866058349609375
Ko et. al (Etapas 3),Castle Gate,0.3566412037037037,583.5086669921875,1.0,11.399300051665495,21.563855159907238,611291.0,13897.430246931886,251.1294821786708,-3.42183127647575,206.342529296875,225.85195922851562,0.5299930791301766,42.974159240722656,3.128727912902832,19.198217391967773,66.07854461669922
Ko et. al (Etapas 3),Castle Gate,0.3566412037037037,583.5086669921875,1.0,11.399300051665492,21.563855159907238,611291.0,13897.430246931888,251.1294821786707,-3.42183127647575,231.80612182617188,255.47645568847656,0.4960781038554448,39.46854019165039,3.1516242027282715,15.34454345703125,59.111419677734375
Ko et. al (Etapas 3),Castle Gate,0.2795318287037037,2132.401123046875,1.0,8.194943447934975,15.47783826268405,480352.0,14817.919380668325,370.3045921322296,0.6565141402540683,27.26294708251953,29.743118286132812,0.9634661122187513,35.5551643371582,0.8772353529930115,4.118549823760986,56.6162109375
Ko et. al (Etapas 3),Castle Gate,0.2795318287037037,2132.401123046875,1.0,8.194943447934977,15.47783826268405,480352.0,14817.919380668325,370.3045921322295,0.6565141402540683,29.207157135009766,32.2087287902832,0.9638351684119015,38.019840240478516,0.7610750198364258,7.186398506164551,59.458946228027344
Ko et. al (Etapas 3),Castle Gate,0.2795318287037037,2132.401123046875,1.0,8.194943447934977,15.47783826268405,480352.0,14817.919380668323,370.3045921322296,0.6565141402540683,25.411487579345703,29.362262725830078,0.9669773847828687,35.1057014465332,0.8542211055755615,4.5953545570373535,56.74612045288086
Ko et. al (Etapas 3),Castle Gate,0.2795318287037037,2132.401123046875,1.0,8.194943447934975,15.47783826268405,480352.0,14817.919380668325,370.3045921322295,0.6565141402540683,30.80059242248535,35.11825942993164,0.9583398546151907,38.61237716674805,0.7433013916015625,6.488314151763916,59.5335578918457
Ko et. al (Etapas 3),Castle Gate,0.296646412037037,553.920654296875,1.0,6.420731406259565,10.998119557438786,510572.00000000006,16331.413498062451,290.770238385343,-6.634771690143388,33.57640838623047,36.91450500488281,0.9278162716265672,35.277626037597656,0.5174418091773987,8.599501609802246,55.25382614135742
Ko et. al (Etapas 3),Castle Gate,0.296646412037037,553.9207153320312,1.0,6.42073140625956,10.998119557438786,510572.00000000006,16331.413498062451,290.770238385343,-6.634771690143388,35.657989501953125,39.49156188964844,0.9563475458453391,34.55108642578125,0.4926701486110687,5.108930587768555,53.358726501464844
Ko et. al (Etapas 3),Castle Gate,0.296646412037037,553.920654296875,1.0,6.42073140625956,10.998119557438786,510572.00000000006,16331.413498062451,290.770238385343,-6.634771690143388,33.04392623901367,38.03201675415039,0.9253687275110336,34.993412017822266,0.5004034042358398,8.051799774169922,55.36378860473633
Ko et. al (Etapas 3),Castle Gate,0.296646412037037,553.9207153320312,1.0,6.420731406259562,10.998119557438786,510572.00000000006,16331.413498062451,290.770238385343,-6.634771690143388,35.046016693115234,38.06340789794922,0.9441061404021136,35.0026969909668,0.4927172064781189,9.707816123962402,53.212703704833984
Ko et. al (Etapas 3),Castle Gate,0.2836869212962963,196.5950164794922,1.0,6.52428868037145,13.190903516904216,485969.0,16517.047305814507,356.55630512813366,-7.241549910681238,75.9751205444336,125.28147888183594,0.5915167642986732,40.70998001098633,1.2912349700927734,7.756234645843506,56.20111846923828
Ko et. al (Etapas 3),Castle Gate,0.2836869212962963,196.594970703125,1.0,6.524288680371446,13.190903516904216,485969.0,16517.047305814507,356.55630512813366,-7.241549910681238,64.69506072998047,113.763916015625,0.5856082823581853,41.16368103027344,1.0018738508224487,7.801534175872803,57.283817291259766
Ko et. al (Etapas 3),Castle Gate,0.2836869212962963,196.594970703125,1.0,6.524288680371449,13.190903516904216,485969.0,16517.04730581451,356.55630512813366,-7.241549910681238,61.79119873046875,106.83151245117188,0.6512008337999209,40.78010940551758,1.1851035356521606,9.244197845458984,56.887298583984375
Ko et. al (Etapas 3),Castle Gate,0.2836869212962963,196.59498596191406,1.0,6.524288680371446,13.190903516904216,485969.0,16517.047305814507,356.55630512813354,-7.241549910681238,66.39213562011719,114.62477111816406,0.6138270069453142,41.217960357666016,1.0687178373336792,8.007691383361816,56.640869140625
Ko et. al (Etapas 3),Castle Gate,0.28074189814814815,399.9970703125,1.0,7.737798361632186,15.107070451545495,481330.0,15193.555777303229,298.80991350502234,-10.444543140405631,4.161379337310791,40.269901275634766,0.8744404930219779,41.48078918457031,0.8050110936164856,15.226128578186035,58.752933502197266
Ko et. al (Etapas 3),Castle Gate,0.28074189814814815,399.9970703125,1.0,7.737798361632189,15.107070451545495,481330.0,15193.555777303229,298.8099135050224,-10.444543140405631,8.789241790771484,33.8736572265625,0.921677451385796,40.53542709350586,0.9755315780639648,9.448624610900879,60.342994689941406
Ko et. al (Etapas 3),Castle Gate,0.28074189814814815,399.99713134765625,1.0,7.737798361632188,15.107070451545495,481330.0,15193.555777303225,298.80991350502234,-10.444543140405631,4.557076454162598,34.68544006347656,0.8855200781635162,41.849491119384766,0.8148643374443054,12.937722206115723,57.784053802490234
Ko et. al (Etapas 3),Castle Gate,0.28074189814814815,399.99713134765625,1.0,7.737798361632191,15.107070451545495,481330.0,15193.555777303229,298.80991350502234,-10.444543140405631,13.700235366821289,35.28015899658203,0.9251642934366298,39.569862365722656,1.02016019821167,9.470524787902832,60.76358413696289
Ko et. al (Etapas 3),Castle Gate,0.281203125,367.0623474121094,1.0,6.829011279068808,12.199813252196213,479047.00000000006,14881.211133152041,259.0289929456093,-2.9742079990297943,27.482223510742188,42.786415100097656,0.8944909666368633,37.68753433227539,0.4683729410171509,14.112034797668457,58.853416442871094
Ko et. al (Etapas 3),Castle Gate,0.281203125,367.0623474121094,1.0,6.829011279068808,12.199813252196213,479047.00000000006,14881.211133152041,259.02899294560933,-2.9742079990297943,24.047611236572266,39.98030090332031,0.9008201224872707,35.66466522216797,0.8090651631355286,11.42685604095459,57.6579704284668
Ko et. al (Etapas 3),Castle Gate,0.281203125,367.0623779296875,1.0,6.829011279068805,12.199813252196213,479047.00000000006,14881.211133152041,259.02899294560933,-2.9742079990297943,23.623146057128906,42.86697006225586,0.8816938737512566,38.782527923583984,0.5161401629447937,15.291764259338379,58.830589294433594
Ko et. al (Etapas 3),Castle Gate,0.281203125,367.0623779296875,1.0,6.829011279068808,12.199813252196213,479047.00000000006,14881.211133152041,259.0289929456093,-2.9742079990297943,23.829681396484375,39.2580451965332,0.905311163279555,36.60418701171875,0.7892632484436035,10.41004753112793,58.91068649291992
Ko et. al (Etapas 3),Castle Gate,0.2974103009259259,523.776123046875,1.0,6.870028799744625,16.031218930573424,510999.0,15317.123044905398,185.96785004603538,-11.13089883248943,3.438291072845459,32.53264236450195,0.9105190057036014,35.44987106323242,0.7405946254730225,7.477320671081543,54.5151481628418
Ko et. al (Etapas 3),Castle Gate,0.2974103009259259,523.776123046875,1.0,6.870028799744623,16.031218930573424,510999.0,15317.123044905398,185.96785004603538,-11.13089883248943,7.785652160644531,35.17982482910156,0.9004452230464148,32.790916442871094,0.541479766368866,4.005587100982666,55.15869903564453
Ko et. al (Etapas 3),Castle Gate,0.2974103009259259,523.776123046875,1.0,6.870028799744624,16.031218930573424,510999.0,15317.123044905398,185.96785004603538,-11.13089883248943,4.423047065734863,36.355648040771484,0.8966782390177789,35.707069396972656,0.7593674063682556,7.594954013824463,54.89633560180664
Ko et. al (Etapas 3),Castle Gate,0.2974103009259259,523.776123046875,1.0,6.870028799744624,16.031218930573424,510999.0,15317.123044905398,185.96785004603538,-11.13089883248943,10.134011268615723,35.5560417175293,0.9149574652926737,32.69525146484375,0.5492318868637085,5.277055740356445,55.854095458984375
Ko et. al (Etapas 3),Castle Gate,0.27103993055555553,357.6199951171875,1.0,7.649835552111512,15.556347799219328,465015.00000000006,13542.267790801065,240.17216007392074,-0.1193662073189215,2.701260566711426,45.099090576171875,0.8092723425767381,34.33152389526367,0.521803617477417,7.11962366104126,56.23488998413086
Ko et. al (Etapas 3),Castle Gate,0.27103993055555553,357.6199951171875,1.0,7.649835552111512,15.556347799219328,465015.00000000006,13542.267790801065,240.17216007392074,-0.1193662073189215,8.14634895324707,46.62872314453125,0.8234807409673708,33.411563873291016,0.6109830141067505,5.604686260223389,57.8416748046875
Ko et. al (Etapas 3),Castle Gate,0.27103993055555553,357.6199951171875,1.0,7.6498355521115124,15.556347799219328,465015.00000000006,13542.267790801065,240.17216007392068,-0.1193662073189215,3.8753762245178223,47.45832443237305,0.8214991460525034,34.49894714355469,0.5119865536689758,6.164960861206055,56.31270217895508
Ko et. al (Etapas 3),Castle Gate,0.27103993055555553,357.6199951171875,1.0,7.6498355521115124,15.556347799219328,465015.00000000006,13542.267790801065,240.17216007392068,-0.1193662073189215,7.098694801330566,44.94853210449219,0.8268083643746634,33.57637023925781,0.5457435250282288,3.105370044708252,57.8300895690918
Ko et. al (Etapas 3),Castle Gate,0.2660798611111111,96.59310150146484,1.0,6.203525190961093,13.304133735235164,454957.99999999994,16032.784912717389,326.19992154746893,-6.654666058029875,80.3572769165039,134.99188232421875,0.4298981326043737,48.69476318359375,1.3219902515411377,16.456222534179688,58.65886306762695
Ko et. al (Etapas 3),Castle Gate,0.2660798611111111,96.59310150146484,1.0,6.203525190961094,13.304133735235164,454957.99999999994,16032.784912717389,326.19992154746893,-6.654666058029875,71.5451431274414,103.73014068603516,0.5647065294261233,48.32203674316406,1.3833950757980347,14.864928245544434,62.79289627075195
Ko et. al (Etapas 3),Castle Gate,0.2660798611111111,96.5931167602539,1.0,6.203525190961096,13.304133735235164,454957.99999999994,16032.784912717392,326.19992154746893,-6.654666058029875,79.6904525756836,134.98260498046875,0.45666833192974526,48.21656036376953,1.355385661125183,16.911380767822266,59.894287109375
Ko et. al (Etapas 3),Castle Gate,0.2660798611111111,96.5931167602539,1.0,6.203525190961094,13.304133735235164,454957.99999999994,16032.784912717392,326.19992154746876,-6.654666058029875,68.11512756347656,127.29090881347656,0.40982625733707895,50.07380294799805,1.4027225971221924,16.970643997192383,62.174560546875
Ko et. al (Etapas 3),Castle Gate,0.23098032407407407,337.2941589355469,1.0,6.846633219495575,12.99999958354357,395497.0,13083.96777685224,286.5923324530524,-2.665845296789247,30.83588409423828,44.440406799316406,0.844810228127478,35.377197265625,0.5397698283195496,4.30355978012085,56.1869010925293
Ko et. al (Etapas 3),Castle Gate,0.23098032407407407,337.29412841796875,1.0,6.8466332194955735,12.99999958354357,395497.0,13083.967776852243,286.59233245305234,-2.665845296789247,29.76590347290039,43.7219123840332,0.8157601292495297,37.44828414916992,0.6745404601097107,8.960729598999023,61.62113952636719
Ko et. al (Etapas 3),Castle Gate,0.23098032407407407,337.2941589355469,1.0,6.846633219495573,12.99999958354357,395497.0,13083.967776852242,286.59233245305234,-2.665845296789247,27.569679260253906,45.08482360839844,0.826204518041734,35.53926086425781,0.5420351028442383,0.7702910304069519,56.01004409790039
Ko et. al (Etapas 3),Castle Gate,0.23098032407407407,337.2941589355469,1.0,6.8466332194955735,12.99999958354357,395497.0,13083.967776852242,286.59233245305234,-2.665845296789247,32.03777313232422,47.40440368652344,0.8217182875112721,37.432289123535156,0.6009675860404968,7.477036476135254,61.47633361816406
Ko et. al (Etapas 3),Castle Gate,0.23916782407407408,258.8233337402344,1.0,6.3278490687688045,11.814004250666148,411095.0,13711.62156561973,240.8162689111875,-3.16320449395142,30.062360763549805,55.667633056640625,0.6795672446700897,47.43612289428711,0.7627566456794739,20.324626922607422,61.06447982788086
Ko et. al (Etapas 3),Castle Gate,0.23916782407407408,258.8233642578125,1.0,6.327849068768805,11.814004250666148,411095.0,13711.621565619727,240.8162689111875,-3.16320449395142,24.08009147644043,58.30780792236328,0.6816042821612313,44.673465728759766,0.67120361328125,18.230674743652344,59.9578857421875
Ko et. al (Etapas 3),Castle Gate,0.23916782407407408,258.8233642578125,1.0,6.327849068768804,11.814004250666148,411095.0,13711.621565619727,240.8162689111875,-3.16320449395142,28.98541831970215,58.26866149902344,0.6393994576497799,47.84526824951172,0.8302974700927734,21.243436813354492,60.48112869262695
Ko et. al (Etapas 3),Castle Gate,0.23916782407407408,258.8233642578125,1.0,6.3278490687688045,11.814004250666148,411095.0,13711.621565619733,240.8162689111875,-3.16320449395142,24.677536010742188,51.944087982177734,0.7317917657236483,43.9264030456543,0.6259347200393677,15.941252708435059,60.729896545410156
Ko et. al (Etapas 3),Castle Gate,0.25980555555555557,349.1165771484375,1.0,7.151043568229538,15.394802261840416,445970.0,14102.068104954196,286.6668687492527,-2.626056561016273,25.109548568725586,60.414756774902344,0.7676973237141285,36.28916931152344,0.5868688821792603,11.156558990478516,56.327903747558594
Ko et. al (Etapas 3),Castle Gate,0.25980555555555557,349.1165771484375,1.0,7.151043568229535,15.394802261840416,445970.0,14102.068104954194,286.6668687492527,-2.626056561016273,31.816612243652344,65.04756164550781,0.7792391149109061,32.79651641845703,0.8679711222648621,8.24513053894043,56.96337127685547
Ko et. al (Etapas 3),Castle Gate,0.25980555555555557,349.1166076660156,1.0,7.151043568229536,15.394802261840416,445970.0,14102.068104954194,286.66686874925267,-2.626056561016273,25.98670196533203,62.98823547363281,0.7522569334033166,36.90446090698242,0.5680276155471802,11.326610565185547,56.80532455444336
Ko et. al (Etapas 3),Castle Gate,0.25980555555555557,349.1165771484375,1.0,7.151043568229536,15.394802261840416,445970.0,14102.068104954194,286.6668687492527,-2.626056561016273,28.23451805114746,67.98666381835938,0.7297935781064041,33.26247024536133,0.856412947177887,10.785975456237793,57.45663833618164
Ko et. al (Etapas 3),Castle Gate,0.2510925925925926,150.4631805419922,1.0,7.78862032758119,14.866069191748569,431264.99999999994,13310.690285547285,284.6579493139912,-2.3375882266622128,20.398208618164062,80.15563201904297,0.6253317921344189,47.548248291015625,0.8804410696029663,8.81399154663086,59.7486572265625
Ko et. al (Etapas 3),Castle Gate,0.2510925925925926,150.4631805419922,1.0,7.788620327581187,14.866069191748569,431264.99999999994,13310.690285547282,284.6579493139912,-2.3375882266622128,10.748176574707031,69.48663330078125,0.6478645592126856,48.735870361328125,0.6989221572875977,6.706789493560791,61.13338851928711
Ko et. al (Etapas 3),Castle Gate,0.2510925925925926,150.4631805419922,1.0,7.788620327581187,14.866069191748569,431264.99999999994,13310.690285547285,284.6579493139912,-2.3375882266622128,11.68936824798584,59.18256759643555,0.6917191560908721,47.00651550292969,0.6954532265663147,4.324579238891602,60.09071350097656
Ko et. al (Etapas 3),Castle Gate,0.2510925925925926,150.4631805419922,1.0,7.78862032758119,14.866069191748569,431264.99999999994,13310.690285547282,284.6579493139912,-2.3375882266622128,21.003803253173828,70.38839721679688,0.6568108994044157,49.807655334472656,0.6695777773857117,4.664339065551758,61.217864990234375
Ko et. al (Etapas 3),Castle Gate,0.2747199074074074,240.79568481445312,1.0,7.009312339041711,14.422203842628324,470531.00000000006,15105.385108653061,294.54915365731574,-9.310564170875878,112.1028060913086,159.36891174316406,0.5158995477042161,37.066314697265625,1.6430004835128784,12.964337348937988,56.80683135986328
Ko et. al (Etapas 3),Castle Gate,0.2747199074074074,240.79568481445312,1.0,7.00931233904171,14.422203842628324,470531.00000000006,15105.385108653061,294.54915365731574,-9.310564170875878,136.53564453125,192.85267639160156,0.5151883728293104,37.8132438659668,2.0255916118621826,12.862933158874512,55.29049301147461
Ko et. al (Etapas 3),Castle Gate,0.2747199074074074,240.79566955566406,1.0,7.009312339041708,14.422203842628324,470531.00000000006,15105.385108653058,294.54915365731574,-9.310564170875878,103.81938171386719,154.1669921875,0.5048038957468772,37.28277587890625,1.5923726558685303,14.471068382263184,57.70687484741211
Ko et. al (Etapas 3),Castle Gate,0.2747199074074074,240.79566955566406,1.0,7.009312339041708,14.422203842628324,470531.00000000006,15105.385108653058,294.5491536573157,-9.310564170875878,114.23018646240234,163.4683380126953,0.5227998817839857,36.929744720458984,1.76883864402771,12.587333679199219,56.09538269042969
Ko et. al (Etapas 3),Castle Gate,0.2584299768518519,691.9656982421875,1.0,7.042965293284356,16.18641503641996,443142.0,14297.174979054062,208.82366228183798,-9.668662792832642,7.113631248474121,24.882936477661133,0.9502438741046173,39.04139709472656,0.7857686877250671,3.442845582962036,56.983856201171875
Ko et. al (Etapas 3),Castle Gate,0.2584299768518519,691.9656982421875,1.0,7.042965293284352,16.18641503641996,443142.0,14297.174979054065,208.82366228183804,-9.668662792832642,6.269209384918213,21.034360885620117,0.9643179476886501,37.05143737792969,0.7370626330375671,2.0797665119171143,57.249629974365234
Ko et. al (Etapas 3),Castle Gate,0.2584299768518519,691.9656982421875,1.0,7.042965293284355,16.18641503641996,443142.0,14297.174979054062,208.82366228183795,-9.668662792832642,15.960838317871094,24.095157623291016,0.9629672859876294,40.14211654663086,0.7170605063438416,2.496232032775879,56.74653625488281
Ko et. al (Etapas 3),Castle Gate,0.2584299768518519,691.9656982421875,1.0,7.042965293284356,16.18641503641996,443142.0,14297.174979054062,208.82366228183804,-9.668662792832642,13.991162300109863,26.5876522064209,0.9474243455991124,38.219581604003906,0.705583930015564,0.7236451506614685,58.54231262207031
Ko et. al (Etapas 3),Castle Gate,0.19706712962962963,271.42547607421875,1.0,7.285074421454778,15.107070451545495,336694.0,10980.90094494896,277.114249086489,2.208274835400048,21.579988479614258,35.55628204345703,0.9454972367247856,44.176231384277344,1.0642789602279663,8.309367179870605,64.84637451171875
Ko et. al (Etapas 3),Castle Gate,0.19706712962962963,271.42547607421875,1.0,7.285074421454776,15.107070451545495,336694.0,10980.90094494896,277.114249086489,2.208274835400048,40.9847412109375,56.6246223449707,0.9324064851439913,45.93140411376953,1.1480932235717773,3.662639617919922,59.56648635864258
Ko et. al (Etapas 3),Castle Gate,0.19706712962962963,271.42547607421875,1.0,7.285074421454778,15.107070451545495,336694.0,10980.900944948962,277.114249086489,2.208274835400048,10.82307243347168,35.74118423461914,0.9401746464185393,44.63779830932617,0.9559100866317749,6.474574089050293,63.422115325927734
Ko et. al (Etapas 3),Castle Gate,0.19706712962962963,271.42547607421875,1.0,7.285074421454778,15.107070451545495,336694.0,10980.90094494896,277.11424908648905,2.208274835400048,15.4288330078125,31.49904441833496,0.9584025829174676,44.91138458251953,0.828048825263977,0.0914565771818161,59.371246337890625
Ko et. al (Etapas 3),Castle Gate,0.31099479166666666,477.267333984375,1.0,6.190315907370276,11.97640006157977,535719.0,17506.571563964237,250.1179831089849,-14.831251259375998,27.46636199951172,40.489906311035156,0.8746029047859842,38.43445587158203,0.3991033732891083,4.0638251304626465,55.73340606689453
Ko et. al (Etapas 3),Castle Gate,0.31099479166666666,477.26727294921875,1.0,6.190315907370276,11.97640006157977,535719.0,17506.571563964237,250.11798310898493,-14.831251259375998,24.650094985961914,37.44581604003906,0.8823857007427841,33.979522705078125,0.4461400508880615,3.293626070022583,54.628265380859375
Ko et. al (Etapas 3),Castle Gate,0.31099479166666666,477.267333984375,1.0,6.190315907370276,11.97640006157977,535719.0,17506.571563964237,250.11798310898493,-14.831251259375998,26.069597244262695,38.26952362060547,0.9029216430694894,36.87095642089844,0.3996487855911255,6.691584587097168,55.16599655151367
Ko et. al (Etapas 3),Castle Gate,0.31099479166666666,477.26727294921875,1.0,6.190315907370278,11.97640006157977,535719.0,17506.571563964237,250.1179831089849,-14.831251259375998,26.087846755981445,37.98942947387695,0.8896074975628665,35.125797271728516,0.4594680368900299,1.9222174882888794,54.89308166503906
Ko et. al (Etapas 3),Castle Gate,0.3062372685185185,301.9283752441406,1.0,7.581293592922605,18.000000106278666,523259.00000000006,15172.815095593205,233.85081710472957,-9.91734239141373,120.14299011230469,121.39619445800781,0.6464048063752478,38.38839340209961,1.9167001247406006,15.943829536437988,57.620079040527344
Ko et. al (Etapas 3),Castle Gate,0.3062372685185185,301.9283752441406,1.0,7.581293592922606,18.000000106278666,523259.00000000006,15172.815095593205,233.85081710472957,-9.91734239141373,117.44906616210938,119.13037872314453,0.6899736844619414,38.41843032836914,1.6449782848358154,14.417022705078125,58.35911178588867
Ko et. al (Etapas 3),Castle Gate,0.3062372685185185,301.9284362792969,1.0,7.5812935929226075,18.000000106278666,523259.00000000006,15172.815095593205,233.85081710472963,-9.91734239141373,136.34278869628906,136.39292907714844,0.6524696872944623,36.791561126708984,2.0939249992370605,16.894241333007812,57.1519660949707
Ko et. al (Etapas 3),Castle Gate,0.3062372685185185,301.9283752441406,1.0,7.581293592922607,18.000000106278666,523259.00000000006,15172.815095593205,233.85081710472957,-9.91734239141373,118.97889709472656,115.539306640625,0.6975258716989005,38.28984451293945,1.5901670455932617,12.572427749633789,58.73896026611328
Ko et. al (Etapas 3),Castle Gate,0.262990162037037,446.6407165527344,1.0,7.16674422786299,13.984805855692839,449253.0,13887.019978059912,242.53811769068184,-4.903961684019025,6.738339424133301,35.01889419555664,0.8879394294054485,39.041053771972656,0.9496959447860718,0.7943657636642456,57.974830627441406
Ko et. al (Etapas 3),Castle Gate,0.262990162037037,446.6407165527344,1.0,7.1667442278629885,13.984805855692839,449253.0,13887.019978059912,242.53811769068184,-4.903961684019025,8.646133422851562,35.911102294921875,0.900835880665442,39.43389892578125,0.6031591892242432,3.5988452434539795,54.88426208496094
Ko et. al (Etapas 3),Castle Gate,0.262990162037037,446.6407165527344,1.0,7.166744227862989,13.984805855692839,449253.0,13887.019978059914,242.53811769068184,-4.903961684019025,2.225053071975708,34.02814483642578,0.8974031174536684,37.80070114135742,0.9339480400085449,2.5254368782043457,58.13861083984375
Ko et. al (Etapas 3),Castle Gate,0.262990162037037,446.6407165527344,1.0,7.16674422786299,13.984805855692839,449253.0,13887.019978059912,242.5381176906819,-4.903961684019025,10.986538887023926,36.675453186035156,0.9051762454668627,39.59343338012695,0.5796744227409363,3.9467523097991943,53.866981506347656
Ko et. al (Etapas 3),Castle Gate,0.21499421296296295,304.6553955078125,1.0,7.26068284544071,14.254381292074651,367706.0,11590.263521470757,261.4113483597603,1.9794896047054487,5.8628644943237305,39.83905029296875,0.857618619214335,44.0352783203125,0.6389496922492981,7.269802093505859,58.944637298583984
Ko et. al (Etapas 3),Castle Gate,0.21499421296296295,304.65545654296875,1.0,7.260682845440713,14.254381292074651,367706.0,11590.263521470757,261.4113483597603,1.9794896047054487,10.760397911071777,40.34657287597656,0.8688883290115104,44.229244232177734,0.9025000929832458,6.343145847320557,59.950843811035156
Ko et. al (Etapas 3),Castle Gate,0.21499421296296295,304.6553955078125,1.0,7.26068284544071,14.254381292074651,367706.0,11590.263521470759,261.4113483597604,1.9794896047054487,10.22614574432373,43.79246520996094,0.8468135531044471,43.28224563598633,0.7550809383392334,8.617532730102539,57.86947250366211
Ko et. al (Etapas 3),Castle Gate,0.21499421296296295,304.6553955078125,1.0,7.26068284544071,14.254381292074651,367706.0,11590.263521470757,261.4113483597604,1.9794896047054487,8.165448188781738,39.387508392333984,0.8600444632624151,43.98716354370117,0.9322539567947388,9.578340530395508,59.82212448120117
Ko et. al (Etapas 3),Castle Gate,0.2631967592592593,1527.5672607421875,1.0,7.700351257887602,13.964238776657742,450393.0,12589.498912540515,221.0872370683419,-0.2785211504108169,47.76347732543945,47.69491958618164,0.9594002827783719,32.262516021728516,0.45728084444999695,7.476418495178223,54.382041931152344
Ko et. al (Etapas 3),Castle Gate,0.2631967592592593,1527.56689453125,1.0,7.700351257887605,13.964238776657742,450393.0,12589.498912540515,221.0872370683419,-0.2785211504108169,47.60228729248047,47.58822250366211,0.9471041344915506,33.33977508544922,0.8253764510154724,9.093811988830566,54.918556213378906
Ko et. al (Etapas 3),Castle Gate,0.2631967592592593,1527.5672607421875,1.0,7.700351257887602,13.964238776657742,450393.0,12589.498912540515,221.08723706834192,-0.2785211504108169,47.1052131652832,46.659568786621094,0.9536208401569966,32.41278839111328,0.457904189825058,6.761666297912598,55.2448616027832
Ko et. al (Etapas 3),Castle Gate,0.2631967592592593,1527.567138671875,1.0,7.700351257887604,13.964238776657742,450393.0,12589.498912540515,221.08723706834198,-0.2785211504108169,47.02223587036133,46.78331756591797,0.9423936538848161,33.42464065551758,0.8315921425819397,9.5419282913208,54.86908721923828
Ko et. al (Etapas 3),Castle Gate,0.24564525462962963,702.7410278320312,1.0,6.549861387628315,13.190903516904216,420745.0,13756.43169977227,260.36651776089616,-2.486795985810865,35.73344802856445,37.72297668457031,0.9566937735241969,40.03498840332031,0.7103747129440308,3.9609968662261963,56.42652130126953
Ko et. al (Etapas 3),Castle Gate,0.24564525462962963,702.7410278320312,1.0,6.549861387628315,13.190903516904216,420745.0,13756.431699772273,260.36651776089616,-2.486795985810865,36.194271087646484,38.562522888183594,0.9497770768207316,40.10807800292969,0.7727580666542053,4.199648857116699,56.24808120727539
Ko et. al (Etapas 3),Castle Gate,0.24564525462962963,702.7410278320312,1.0,6.549861387628315,13.190903516904216,420745.0,13756.43169977227,260.36651776089616,-2.486795985810865,39.17829513549805,40.184112548828125,0.9609133752466855,40.83926010131836,0.6446881294250488,3.121933937072754,56.789878845214844
Ko et. al (Etapas 3),Castle Gate,0.24564525462962963,702.7410278320312,1.0,6.549861387628316,13.190903516904216,420745.0,13756.43169977227,260.3665177608962,-2.486795985810865,31.312692642211914,34.11561584472656,0.9694860559537373,40.26109313964844,0.8259896636009216,7.148670673370361,56.264137268066406
Ko et. al (Etapas 3),Castle Gate,0.24972106481481482,217.12005615234375,1.0,7.228819873044101,16.124513844423173,428583.00000000006,13073.832849148668,261.3021552986319,0.5073063811054164,64.63909912109375,111.47955322265625,0.6066086665458773,39.642120361328125,1.10049569606781,5.068576812744141,57.168575286865234
Ko et. al (Etapas 3),Castle Gate,0.24972106481481482,217.12005615234375,1.0,7.2288198730441,16.124513844423173,428583.00000000006,13073.832849148668,261.3021552986319,0.5073063811054164,55.988765716552734,99.24617767333984,0.6172007422936755,42.18996047973633,1.2000951766967773,8.215507507324219,59.626739501953125
Ko et. al (Etapas 3),Castle Gate,0.24972106481481482,217.12005615234375,1.0,7.228819873044101,16.124513844423173,428583.00000000006,13073.832849148668,261.3021552986319,0.5073063811054164,86.92378997802734,128.8631134033203,0.6131278454318771,43.71663284301758,1.265820026397705,2.3766112327575684,57.77303695678711
Ko et. al (Etapas 3),Castle Gate,0.24972106481481482,217.12005615234375,1.0,7.2288198730441025,16.124513844423173,428583.00000000006,13073.832849148668,261.3021552986319,0.5073063811054164,69.2652359008789,115.58642578125,0.5875355195322511,41.61684036254883,1.328010082244873,9.054322242736816,59.55778503417969
Ko et. al (Etapas 3),Castle Gate,0.21814699074074073,602.4856567382812,1.0,6.638322211266166,11.715391167962487,373887.0,11533.363253028063,193.57933162731342,-2.0093311565351786,37.937164306640625,39.493995666503906,0.9443848720281158,33.79326629638672,0.8471261262893677,4.765482425689697,55.820648193359375
Ko et. al (Etapas 3),Castle Gate,0.21814699074074073,602.4856567382812,1.0,6.638322211266169,11.715391167962487,373887.0,11533.363253028061,193.57933162731342,-2.0093311565351786,39.517520904541016,41.84492111206055,0.9376190376065925,39.04194259643555,0.6996725797653198,7.431034564971924,56.55620574951172
Ko et. al (Etapas 3),Castle Gate,0.21814699074074073,602.4856567382812,1.0,6.638322211266165,11.715391167962487,373887.0,11533.363253028063,193.57933162731342,-2.0093311565351786,35.7397575378418,37.62746047973633,0.9440228983275663,34.14833068847656,0.8587251305580139,2.6266698837280273,55.135494232177734
Ko et. al (Etapas 3),Castle Gate,0.21814699074074073,602.4856567382812,1.0,6.638322211266166,11.715391167962487,373887.0,11533.363253028061,193.57933162731342,-2.0093311565351786,39.039249420166016,40.86177444458008,0.9452816458869767,34.44496536254883,0.656238317489624,6.0603718757629395,56.01063537597656
Ko et. al (Etapas 3),Castle Gate,0.20855497685185184,432.4422302246094,1.0,6.060072960963159,10.747436207796177,355675.0,12548.589312027932,332.7300729583266,4.695070821210913,41.84108352661133,46.07883071899414,0.8961681828419066,39.46064376831055,0.7129338979721069,7.738701343536377,61.73155975341797
Ko et. al (Etapas 3),Castle Gate,0.20855497685185184,432.4422302246094,1.0,6.060072960963159,10.747436207796177,355675.0,12548.589312027932,332.7300729583265,4.695070821210913,35.40608215332031,40.993892669677734,0.9169327589538732,34.904109954833984,0.4651455581188202,3.8158211708068848,57.31599426269531
Ko et. al (Etapas 3),Castle Gate,0.20855497685185184,432.4422302246094,1.0,6.060072960963159,10.747436207796177,355675.0,12548.589312027932,332.7300729583265,4.695070821210913,39.70530700683594,43.1851806640625,0.9120763593644369,38.937137603759766,0.7455354332923889,8.262075424194336,62.2642707824707
Ko et. al (Etapas 3),Castle Gate,0.20855497685185184,432.4422302246094,1.0,6.06007296096316,10.747436207796177,355675.0,12548.589312027932,332.7300729583265,4.695070821210913,37.914337158203125,42.422889709472656,0.937668468792054,35.6977653503418,0.43400734663009644,0.6542049050331116,56.68144607543945
Ko et. al (Etapas 3),Castle Gate,0.27767418981481484,1534.919921875,1.0,8.92835741957065,19.72308307144342,476511.0,12621.217193277133,211.01222329787996,-5.719630767364989,25.419038772583008,34.379722595214844,0.9194250313428691,28.87824058532715,0.44584882259368896,2.6699206829071045,59.325767517089844
Ko et. al (Etapas 3),Castle Gate,0.27767418981481484,1534.919921875,1.0,8.928357419570652,19.72308307144342,476511.0,12621.217193277133,211.01222329787996,-5.719630767364989,25.619178771972656,32.82734298706055,0.9277443985539756,29.97835350036621,0.7341111302375793,3.5517897605895996,57.245155334472656
Ko et. al (Etapas 3),Castle Gate,0.27767418981481484,1534.919677734375,1.0,8.928357419570654,19.72308307144342,476511.0,12621.217193277133,211.01222329788,-5.719630767364989,22.967138290405273,32.82805633544922,0.9224203731121026,29.3884334564209,0.4992513060569763,1.839732050895691,60.21675109863281
Ko et. al (Etapas 3),Castle Gate,0.27767418981481484,1534.919677734375,1.0,8.928357419570654,19.72308307144342,476511.0,12621.217193277133,211.01222329787996,-5.719630767364989,27.35317611694336,36.764888763427734,0.9046482253984703,29.62330436706543,0.7482373714447021,4.33065938949585,57.761478424072266
Ko et. al (Etapas 3),Castle Gate,0.2461128472222222,452.0598449707031,1.0,6.619509890468186,14.200910580299334,421299.99999999994,14334.944413084415,317.80516759533367,-2.277905123002752,9.353554725646973,32.18732452392578,0.8973706002234636,37.60894775390625,0.7074770927429199,5.953838348388672,57.990047454833984
Ko et. al (Etapas 3),Castle Gate,0.2461128472222222,452.05987548828125,1.0,6.619509890468183,14.200910580299334,421299.99999999994,14334.944413084411,317.80516759533367,-2.277905123002752,4.114945888519287,31.614660263061523,0.8821879371083347,35.176780700683594,0.3996618688106537,11.722341537475586,58.19938278198242
Ko et. al (Etapas 3),Castle Gate,0.2461128472222222,452.0598449707031,1.0,6.619509890468185,14.200910580299334,421299.99999999994,14334.944413084415,317.80516759533367,-2.277905123002752,6.711829662322998,29.556522369384766,0.8962087634419726,35.98502731323242,0.7487031817436218,1.618199348449707,57.58149719238281
Ko et. al (Etapas 3),Castle Gate,0.2461128472222222,452.0598449707031,1.0,6.619509890468183,14.200910580299334,421299.99999999994,14334.944413084415,317.80516759533367,-2.277905123002752,0.5953806042671204,33.48869705200195,0.8652476359388307,35.34344482421875,0.39327675104141235,12.24101734161377,57.75833511352539
Ko et. al (Etapas 3),Castle Gate,0.26563136574074075,480.3392333984375,1.0,7.311484067461439,14.254381292074651,455548.99999999994,13506.742915290617,234.23097902908887,-4.943750419791999,11.131937026977539,27.039751052856445,0.9195999103031257,35.7944450378418,0.434684157371521,9.461312294006348,56.99629592895508
Ko et. al (Etapas 3),Castle Gate,0.26563136574074075,480.3392333984375,1.0,7.311484067461441,14.254381292074651,455548.99999999994,13506.742915290615,234.2309790290889,-4.943750419791999,7.249740123748779,23.489696502685547,0.9411874887048619,32.28065872192383,0.6380826234817505,3.142375946044922,54.358314514160156
Ko et. al (Etapas 3),Castle Gate,0.26563136574074075,480.3392333984375,1.0,7.311484067461441,14.254381292074651,455548.99999999994,13506.742915290617,234.23097902908887,-4.943750419791999,8.720396041870117,25.640432357788086,0.9158112037573086,34.4119873046875,0.4535919725894928,7.315626621246338,57.50513458251953
Ko et. al (Etapas 3),Castle Gate,0.26563136574074075,480.3392333984375,1.0,7.31148406746144,14.254381292074651,455548.99999999994,13506.742915290617,234.23097902908887,-4.943750419791999,9.008956909179688,22.9543399810791,0.9421933879414431,33.13039779663086,0.6563279032707214,4.255748271942139,54.67654800415039
Ko et. al (Etapas 3),Castle Gate,0.25322511574074075,430.3320617675781,1.0,7.384915288176077,16.401220785827423,433442.0,14153.654864419672,365.15087672396305,0.1691021270351388,6.28591775894165,31.797639846801758,0.9232609019040838,40.564395904541016,0.7378994226455688,5.0781965255737305,57.74703598022461
Ko et. al (Etapas 3),Castle Gate,0.25322511574074075,430.33203125,1.0,7.3849152881760745,16.401220785827423,433442.0,14153.654864419672,365.1508767239631,0.1691021270351388,14.517292022705078,31.687435150146484,0.9410981474965157,37.32994079589844,0.6224479079246521,1.2561755180358887,56.435874938964844
Ko et. al (Etapas 3),Castle Gate,0.25322511574074075,430.3321228027344,1.0,7.384915288176075,16.401220785827423,433442.0,14153.654864419672,365.15087672396305,0.1691021270351388,2.175252676010132,29.168624877929688,0.9221540872624008,41.47565841674805,0.6929211616516113,4.296228408813477,57.16522216796875
Ko et. al (Etapas 3),Castle Gate,0.25322511574074075,430.33203125,1.0,7.384915288176079,16.401220785827423,433442.0,14153.654864419668,365.15087672396305,0.1691021270351388,8.000346183776855,29.745145797729492,0.9354151157813706,38.35752487182617,0.5589221715927124,1.7078394889831543,56.14262008666992
Ko et. al (Etapas 3),Castle Gate,0.25664872685185186,580.3261108398438,1.0,6.512809799397773,13.67479306373166,440110.0,14053.75981861871,224.14749106209132,-4.705018005154156,24.455480575561523,30.99207878112793,0.9005823269791732,31.76921272277832,0.4213327169418335,3.3207039833068848,52.52761459350586
Ko et. al (Etapas 3),Castle Gate,0.25664872685185186,580.3261108398438,1.0,6.512809799397775,13.67479306373166,440110.0,14053.759818618706,224.14749106209132,-4.705018005154156,20.584692001342773,29.410118103027344,0.9039143053843475,31.219072341918945,0.3815503418445587,1.3499343395233154,54.7560920715332
Ko et. al (Etapas 3),Castle Gate,0.25664872685185186,580.3260498046875,1.0,6.51280979939777,13.67479306373166,440110.0,14053.759818618706,224.14749106209132,-4.705018005154156,22.989713668823242,29.254331588745117,0.911238728787415,31.674240112304688,0.44354313611984253,2.2786364555358887,52.195228576660156
Ko et. al (Etapas 3),Castle Gate,0.25664872685185186,580.3260498046875,1.0,6.512809799397775,13.67479306373166,440110.0,14053.759818618706,224.14749106209138,-4.705018005154156,23.662290573120117,31.012645721435547,0.8948177476181721,30.61003303527832,0.3976932168006897,1.3993322849273682,54.723388671875
Ko et. al (Etapas 3),Castle Gate,0.25977835648148145,334.30950927734375,1.0,6.8433442362390124,16.031218930573424,446111.0,14106.217088344014,244.48980194680752,-1.909859317102744,5.543455600738525,35.3662223815918,0.8024988047609665,42.25168991088867,0.6979272365570068,17.343305587768555,58.23482894897461
Ko et. al (Etapas 3),Castle Gate,0.25977835648148145,334.30950927734375,1.0,6.843344236239012,16.031218930573424,446111.0,14106.217088344014,244.48980194680752,-1.909859317102744,9.194784164428711,39.9880485534668,0.7835067674207142,40.46942901611328,0.7303581833839417,14.441843032836914,56.95085525512695
Ko et. al (Etapas 3),Castle Gate,0.25977835648148145,334.3095397949219,1.0,6.843344236239015,16.031218930573424,446111.0,14106.217088344014,244.48980194680755,-1.909859317102744,10.178487777709961,36.55530548095703,0.8133023071351358,42.61403274536133,0.7487010955810547,15.831902503967285,60.196659088134766
Ko et. al (Etapas 3),Castle Gate,0.25977835648148145,334.30950927734375,1.0,6.843344236239015,16.031218930573424,446111.0,14106.217088344014,244.48980194680755,-1.909859317102744,11.992246627807617,39.19645690917969,0.800365880319343,41.10286331176758,0.8449176549911499,17.829235076904297,56.794288635253906
Ko et. al (Etapas 3),Castle Gate,0.27096469907407406,387.5655517578125,1.0,6.121876949863155,13.190903516904216,463798.0,15546.467989099303,212.59529701523502,-16.900265519570638,19.518230438232422,38.730857849121094,0.8703807964803691,40.528663635253906,0.83609539270401,9.760547637939453,59.366294860839844
Ko et. al (Etapas 3),Castle Gate,0.27096469907407406,387.5655517578125,1.0,6.121876949863156,13.190903516904216,463798.0,15546.4679890993,212.59529701523502,-16.900265519570638,14.62039852142334,36.630863189697266,0.8667653447840394,39.22115707397461,0.5450457334518433,5.375875949859619,56.50136184692383
Ko et. al (Etapas 3),Castle Gate,0.27096469907407406,387.5655517578125,1.0,6.121876949863155,13.190903516904216,463798.0,15546.4679890993,212.59529701523508,-16.900265519570638,20.9910888671875,41.20677947998047,0.8540315679712985,40.42413330078125,0.7569147348403931,8.026872634887695,58.34547424316406
Ko et. al (Etapas 3),Castle Gate,0.27096469907407406,387.5655517578125,1.0,6.121876949863155,13.190903516904216,463798.0,15546.4679890993,212.5952970152351,-16.900265519570638,19.288951873779297,38.13855743408203,0.8678252101628221,37.79414367675781,0.5192305445671082,7.057796955108643,56.57027053833008
Ko et. al (Etapas 3),Castle Gate,0.31018692129629627,831.6118774414062,1.0,8.531741119669034,20.073146250738713,532255.0,14125.955604865938,229.99254715226857,-0.1989436788648692,76.24054718017578,79.9346923828125,0.9543762076700505,33.17829513549805,1.0586992502212524,7.8984246253967285,58.57107925415039
Ko et. al (Etapas 3),Castle Gate,0.31018692129629627,831.6117553710938,1.0,8.531741119669034,20.073146250738713,532255.0,14125.955604865938,229.99254715226866,-0.1989436788648692,88.71288299560547,91.07357025146484,0.9565464526984644,31.066911697387695,1.4646536111831665,8.644556045532227,55.978641510009766
Ko et. al (Etapas 3),Castle Gate,0.31018692129629627,831.6117553710938,1.0,8.531741119669032,20.073146250738713,532255.0,14125.955604865938,229.99254715226857,-0.1989436788648692,80.49469757080078,83.37759399414062,0.9569466581449227,33.44157409667969,1.1135703325271606,8.619006156921387,58.88031005859375
Ko et. al (Etapas 3),Castle Gate,0.31018692129629627,831.6117553710938,1.0,8.531741119669036,20.073146250738713,532255.0,14125.955604865938,229.99254715226857,-0.1989436788648692,79.19642639160156,84.78946685791016,0.9419914832764097,31.62649917602539,1.3502624034881592,4.301311016082764,56.7982292175293
Ko et. al (Etapas 3),Castle Gate,0.20585590277777777,120.38612365722656,1.0,6.483260290624935,13.416406063274813,352019.0,12266.85063228483,276.66953376821846,-1.124031785586511,4.2049078941345215,51.29233932495117,0.7766419618812913,45.343326568603516,0.3735731244087219,6.0088582038879395,61.57432174682617
Ko et. al (Etapas 3),Castle Gate,0.20585590277777777,120.38609313964844,1.0,6.48326029062494,13.416406063274813,352019.0,12266.85063228483,276.66953376821846,-1.124031785586511,8.579172134399414,48.54197692871094,0.8095127727969628,45.915687561035156,0.5949445962905884,12.524001121520996,62.48237991333008
Ko et. al (Etapas 3),Castle Gate,0.20585590277777777,120.38612365722656,1.0,6.483260290624934,13.416406063274813,352019.0,12266.85063228483,276.66953376821846,-1.124031785586511,4.855209827423096,46.8316535949707,0.8077806651845174,45.52662658691406,0.39806699752807617,9.113906860351562,62.45384216308594
Ko et. al (Etapas 3),Castle Gate,0.20585590277777777,120.38612365722656,1.0,6.483260290624935,13.416406063274813,352019.0,12266.85063228483,276.66953376821846,-1.124031785586511,4.5732502937316895,49.784420013427734,0.8251310952924179,47.99042510986328,0.7014279961585999,9.401823997497559,61.70705032348633
Ko et. al (Etapas 3),Castle Gate,0.26080266203703706,614.1528930664062,1.0,7.263626646448347,13.847877428421883,447217.0,13884.724811350754,277.0465098464412,-6.32640898790284,9.742470741271973,22.18692398071289,0.9687255837184388,39.13637924194336,0.6308372020721436,3.8615946769714355,56.497562408447266
Ko et. al (Etapas 3),Castle Gate,0.26080266203703706,614.1528930664062,1.0,7.263626646448347,13.847877428421883,447217.0,13884.724811350754,277.04650984644115,-6.32640898790284,7.979043006896973,22.658496856689453,0.9637418693394789,38.30313491821289,1.006321668624878,6.409743309020996,55.932579040527344
Ko et. al (Etapas 3),Castle Gate,0.26080266203703706,614.1528930664062,1.0,7.263626646448347,13.847877428421883,447217.0,13884.724811350754,277.04650984644115,-6.32640898790284,10.787543296813965,23.447113037109375,0.9677803661963048,39.12504959106445,0.6545011401176453,3.7680366039276123,56.669857025146484
Ko et. al (Etapas 3),Castle Gate,0.26080266203703706,614.1528930664062,1.0,7.263626646448345,13.847877428421883,447217.0,13884.724811350754,277.04650984644115,-6.32640898790284,11.570286750793457,23.614356994628906,0.9647032797064022,39.143638610839844,1.0058646202087402,6.239229679107666,56.46615982055664
Ko et. al (Etapas 3),Castle Gate,0.2362210648148148,754.3175048828125,1.0,7.0661318556948,12.963734131138082,405524.0,13066.395088025833,297.60416956946614,-5.819102606797424,24.267072677612305,35.00434875488281,0.9259466666215924,40.66970443725586,0.6244674921035767,5.61764669418335,56.46320724487305
Ko et. al (Etapas 3),Castle Gate,0.2362210648148148,754.3175048828125,1.0,7.0661318556948,12.963734131138082,405524.0,13066.395088025829,297.6041695694661,-5.819102606797424,26.98086929321289,35.49563980102539,0.9460099136619683,41.348548889160156,0.9401986002922058,4.5696868896484375,57.81953048706055
Ko et. al (Etapas 3),Castle Gate,0.2362210648148148,754.3175048828125,1.0,7.066131855694797,12.963734131138082,405524.0,13066.395088025829,297.60416956946614,-5.819102606797424,22.419387817382812,30.876386642456055,0.9571057856234241,41.351253509521484,0.647332489490509,4.478429317474365,55.606201171875
Ko et. al (Etapas 3),Castle Gate,0.2362210648148148,754.3175048828125,1.0,7.066131855694797,12.963734131138082,405524.0,13066.395088025829,297.60416956946614,-5.819102606797424,23.06099510192871,36.43080139160156,0.922775182297941,40.09727478027344,0.9521400928497314,5.388879299163818,58.04872131347656
Ko et. al (Etapas 3),Castle Gate,0.2848744212962963,660.8543701171875,1.0,6.807063098976565,12.542171144784101,488534.00000000006,15003.448666133914,276.66250809021005,0.8554578191189375,19.282743453979492,35.96072006225586,0.8735959567731543,32.64325714111328,0.6126478910446167,12.873882293701172,56.382118225097656
Ko et. al (Etapas 3),Castle Gate,0.2848744212962963,660.8544311523438,1.0,6.807063098976563,12.542171144784101,488534.00000000006,15003.448666133912,276.66250809021005,0.8554578191189375,17.328998565673828,39.47212219238281,0.8354863109300387,31.200651168823242,0.3719346523284912,11.222846031188965,56.653472900390625
Ko et. al (Etapas 3),Castle Gate,0.2848744212962963,660.8544311523438,1.0,6.807063098976568,12.542171144784101,488534.00000000006,15003.448666133914,276.66250809021005,0.8554578191189375,21.881187438964844,40.03580856323242,0.8347504236933004,32.47975540161133,0.6181106567382812,12.741728782653809,56.50173568725586
Ko et. al (Etapas 3),Castle Gate,0.2848744212962963,660.8544311523438,1.0,6.807063098976567,12.542171144784101,488534.00000000006,15003.448666133912,276.66250809021005,0.8554578191189375,19.569652557373047,37.71154022216797,0.8457068328118471,31.750959396362305,0.40238192677497864,12.27113151550293,57.1809196472168
Ko et. al (Etapas 3),Castle Gate,0.3710509259259259,1527.58203125,1.0,6.889971683065475,12.806247029276168,635372.0,17273.32067416018,84.8924835713807,-10.832483314192126,34.385982513427734,34.492652893066406,0.9717178595038742,24.01692771911621,0.46014317870140076,1.5188758373260498,47.46175003051758
Ko et. al (Etapas 3),Castle Gate,0.3710509259259259,1527.58203125,1.0,6.889971683065475,12.806247029276168,635372.0,17273.32067416018,84.8924835713807,-10.832483314192126,32.857879638671875,33.31753158569336,0.9639624470262287,24.562196731567383,0.4373652935028076,4.378807544708252,48.189701080322266
Ko et. al (Etapas 3),Castle Gate,0.3710509259259259,1527.58203125,1.0,6.889971683065473,12.806247029276168,635372.0,17273.320674160183,84.8924835713807,-10.832483314192126,32.67522048950195,32.645565032958984,0.9647899966529998,24.45378875732422,0.4373912811279297,1.8051402568817139,47.66264724731445
Ko et. al (Etapas 3),Castle Gate,0.3710509259259259,1527.58203125,1.0,6.889971683065475,12.806247029276168,635372.0,17273.320674160183,84.89248357138068,-10.832483314192126,36.46624755859375,36.297515869140625,0.9555149402964539,24.84308433532715,0.4155656695365906,3.7788994312286377,48.7206916809082
Ko et. al (Etapas 3),Castle Gate,0.22091724537037036,352.7559509277344,1.0,7.115812128760684,16.062377614122575,378936.0,11854.513919119918,228.49014131831296,-2.64595092890276,5.033640384674072,35.42812728881836,0.8758077139975416,37.79314041137695,0.761780321598053,5.352865219116211,58.863521575927734
Ko et. al (Etapas 3),Castle Gate,0.22091724537037036,352.75592041015625,1.0,7.115812128760687,16.062377614122575,378936.0,11854.513919119914,228.49014131831296,-2.64595092890276,7.31130838394165,38.4698486328125,0.823727401614498,40.36983108520508,0.5252534747123718,10.716354370117188,62.60131072998047
Ko et. al (Etapas 3),Castle Gate,0.22091724537037036,352.7559814453125,1.0,7.11581212876069,16.062377614122575,378936.0,11854.513919119914,228.49014131831296,-2.64595092890276,9.142864227294922,33.61621856689453,0.8886924628277687,37.940040588378906,0.7373116612434387,7.1966166496276855,58.322532653808594
Ko et. al (Etapas 3),Castle Gate,0.22091724537037036,352.7559509277344,1.0,7.115812128760687,16.062377614122575,378936.0,11854.513919119918,228.49014131831296,-2.64595092890276,14.742887496948242,34.98482131958008,0.8288858946819594,39.37287902832031,0.4606206715106964,8.892921447753906,60.27273178100586
Ko et. al (Etapas 3),Castle Gate,0.2715416666666667,712.1221923828125,1.0,6.474873561664538,12.664176399359539,464564.0,14610.628484738745,231.26360409657167,-4.287236279537931,18.25592803955078,22.832361221313477,0.9502418895420495,34.44586181640625,0.7785540223121643,5.099541664123535,54.8538703918457
Ko et. al (Etapas 3),Castle Gate,0.2715416666666667,712.122314453125,1.0,6.474873561664537,12.664176399359539,464564.0,14610.628484738745,231.26360409657167,-4.287236279537931,19.77672576904297,25.474411010742188,0.9405243254540436,36.578590393066406,0.3017951250076294,7.017152309417725,57.7003288269043
Ko et. al (Etapas 3),Castle Gate,0.2715416666666667,712.122314453125,1.0,6.474873561664536,12.664176399359539,464564.0,14610.628484738745,231.26360409657167,-4.287236279537931,19.84706687927246,25.869882583618164,0.9394038864035513,34.798194885253906,0.7558811902999878,4.762411594390869,55.12466812133789
Ko et. al (Etapas 3),Castle Gate,0.2715416666666667,712.122314453125,1.0,6.474873561664538,12.664176399359539,464564.0,14610.628484738745,231.26360409657167,-4.287236279537931,24.902870178222656,27.929405212402344,0.952196377678036,36.29756164550781,0.309442937374115,3.091676712036133,56.60249328613281
Ko et. al (Etapas 3),Castle Gate,0.16374016203703703,227.2037353515625,1.0,6.337625479385666,13.638180873463709,281545.0,10617.799763893416,370.7547526225113,15.43802947991385,15.606667518615723,26.550785064697266,0.9471565429084644,47.44783401489258,0.7453446388244629,2.003368854522705,59.60147476196289
Ko et. al (Etapas 3),Castle Gate,0.16374016203703703,227.2037353515625,1.0,6.337625479385663,13.638180873463709,281545.0,10617.799763893416,370.7547526225113,15.43802947991385,16.153573989868164,26.91594886779785,0.9345365437172011,49.28471374511719,0.9247502684593201,9.367324829101562,64.00421905517578
Ko et. al (Etapas 3),Castle Gate,0.16374016203703703,227.2037353515625,1.0,6.337625479385665,13.638180873463709,281545.0,10617.799763893416,370.7547526225113,15.43802947991385,11.243560791015625,24.506160736083984,0.9494046693738879,48.331817626953125,0.8423628211021423,4.9535603523254395,59.08979415893555
Ko et. al (Etapas 3),Castle Gate,0.16374016203703703,227.2037353515625,1.0,6.337625479385664,13.638180873463709,281545.0,10617.799763893416,370.7547526225114,15.43802947991385,22.651838302612305,31.843812942504883,0.9116684008704807,50.10907745361328,0.8786503076553345,10.559836387634277,64.0807113647461
Ko et. al (Etapas 3),Castle Gate,0.24852777777777776,238.20034790039062,1.0,6.4769291573414405,12.36931685293693,426179.00000000006,14326.285734855976,292.23718338738473,-5.719630767364989,40.685020446777344,50.864986419677734,0.779526835970196,38.163387298583984,0.49303874373435974,5.872180938720703,61.601409912109375
Ko et. al (Etapas 3),Castle Gate,0.24852777777777776,238.20033264160156,1.0,6.476929157341436,12.36931685293693,426179.00000000006,14326.285734855972,292.2371833873846,-5.719630767364989,42.05056381225586,52.70471954345703,0.772147973002181,37.708438873291016,0.41869381070137024,4.1073150634765625,61.703365325927734
Ko et. al (Etapas 3),Castle Gate,0.24852777777777776,238.20034790039062,1.0,6.476929157341439,12.36931685293693,426179.00000000006,14326.285734855976,292.23718338738473,-5.719630767364989,43.9514274597168,52.13168716430664,0.8594789685389628,39.43973159790039,0.48592498898506165,2.2051680088043213,61.49955368041992
Ko et. al (Etapas 3),Castle Gate,0.24852777777777776,238.20033264160156,1.0,6.47692915734144,12.36931685293693,426179.00000000006,14326.285734855972,292.23718338738473,-5.719630767364989,43.47396469116211,52.769256591796875,0.8251828010496542,37.05995559692383,0.4380112886428833,5.021632194519043,61.3124885559082
Ko et. al (Etapas 3),Castle Gate,0.2519855324074074,441.7357177734375,1.0,6.483187132385592,11.814004250666148,431608.0,13938.668478066777,243.05175128126626,-2.0093311565351786,38.530853271484375,41.5845832824707,0.9184327253521533,33.85212326049805,0.3304496705532074,9.198607444763184,55.98727035522461
Ko et. al (Etapas 3),Castle Gate,0.2519855324074074,441.7357177734375,1.0,6.483187132385589,11.814004250666148,431608.0,13938.66847806678,243.0517512812662,-2.0093311565351786,38.36909866333008,39.98185348510742,0.9352417372273535,35.88328552246094,0.5991572737693787,5.359555721282959,58.19891357421875
Ko et. al (Etapas 3),Castle Gate,0.2519855324074074,441.7357177734375,1.0,6.483187132385592,11.814004250666148,431608.0,13938.668478066777,243.0517512812662,-2.0093311565351786,39.48475646972656,43.398292541503906,0.9125401301778121,34.60247039794922,0.3650325536727905,5.140958786010742,55.18760681152344
Ko et. al (Etapas 3),Castle Gate,0.2519855324074074,441.73565673828125,1.0,6.483187132385589,11.814004250666148,431608.0,13938.66847806678,243.05175128126626,-2.0093311565351786,39.76451873779297,41.87500762939453,0.932955354528537,35.52928161621094,0.6016958951950073,7.266025066375732,58.56330108642578
Ko et. al (Etapas 3),Castle Gate,0.3415109953703704,1315.2760009765625,1.0,9.10593952489143,18.86796261474776,584373.0,14783.85991732672,231.00179640482597,-5.272007489919034,14.598047256469727,24.85438346862793,0.9522438101137631,29.30480194091797,0.49966296553611755,0.6469870805740356,58.54443359375
Ko et. al (Etapas 3),Castle Gate,0.3415109953703704,1315.27587890625,1.0,9.105939524891435,18.86796261474776,584373.0,14783.859917326725,231.00179640482597,-5.272007489919034,13.114583969116211,23.849018096923828,0.9461055733175925,28.306184768676758,0.741493821144104,3.718904733657837,58.38945770263672
Ko et. al (Etapas 3),Castle Gate,0.3415109953703704,1315.2760009765625,1.0,9.10593952489143,18.86796261474776,584373.0,14783.85991732672,231.00179640482597,-5.272007489919034,12.24911880493164,21.692930221557617,0.9566887943644943,30.250934600830078,0.5127648711204529,2.5480713844299316,58.37639236450195
Ko et. al (Etapas 3),Castle Gate,0.3415109953703704,1315.2760009765625,1.0,9.105939524891435,18.86796261474776,584373.0,14783.859917326721,231.00179640482594,-5.272007489919034,17.230018615722656,25.560701370239258,0.9425952493098398,28.92289924621582,0.6734556555747986,3.1038613319396973,58.3784065246582
Ko et. al (Etapas 3),Castle Gate,0.22725752314814815,191.59146118164062,1.0,6.646007437730881,12.542171144784101,389551.0,13002.949485685562,293.14039451455955,-4.5757046138919915,11.484139442443848,52.69437026977539,0.7138703673293237,46.49188995361328,0.4908008277416229,8.318231582641602,60.40254211425781
Ko et. al (Etapas 3),Castle Gate,0.22725752314814815,191.59146118164062,1.0,6.646007437730883,12.542171144784101,389551.0,13002.949485685562,293.14039451455955,-4.5757046138919915,1.6172568798065186,49.40558624267578,0.7750206972929193,46.40765380859375,0.6329765319824219,7.974038600921631,62.427215576171875
Ko et. al (Etapas 3),Castle Gate,0.22725752314814815,191.5914764404297,1.0,6.646007437730883,12.542171144784101,389551.0,13002.949485685562,293.14039451455955,-4.5757046138919915,12.154095649719238,51.111305236816406,0.7553610918259334,46.86864471435547,0.5410683155059814,9.942418098449707,61.182193756103516
Ko et. al (Etapas 3),Castle Gate,0.22725752314814815,191.5914764404297,1.0,6.646007437730881,12.542171144784101,389551.0,13002.949485685562,293.14039451455955,-4.5757046138919915,2.4772863388061523,48.1324577331543,0.7809679039451686,45.046409606933594,0.6054686307907104,5.3281121253967285,61.384037017822266
Ko et. al (Etapas 3),Castle Gate,0.3191261574074074,1402.9388427734375,1.0,7.207325477915429,12.694477842605291,547559.0,15067.949669195454,172.3962508563847,0.5868838526513641,28.338085174560547,32.209110260009766,0.9522942897273406,26.944690704345703,0.7743912935256958,6.552834987640381,52.914520263671875
Ko et. al (Etapas 3),Castle Gate,0.3191261574074074,1402.9390869140625,1.0,7.207325477915426,12.694477842605291,547559.0,15067.949669195454,172.39625085638465,0.5868838526513641,29.83683204650879,33.222232818603516,0.9531759881081415,26.704055786132812,0.32483774423599243,4.611489772796631,53.49956512451172
Ko et. al (Etapas 3),Castle Gate,0.3191261574074074,1402.9390869140625,1.0,7.20732547791543,12.694477842605291,547559.0,15067.949669195454,172.39625085638465,0.5868838526513641,32.179325103759766,34.75553512573242,0.9542185874651303,27.984220504760742,0.7538925409317017,6.846353530883789,52.378536224365234
Ko et. al (Etapas 3),Castle Gate,0.3191261574074074,1402.9390869140625,1.0,7.207325477915426,12.694477842605291,547559.0,15067.949669195454,172.39625085638465,0.5868838526513641,31.26226234436035,33.722198486328125,0.96467868250718,27.062448501586914,0.3380225896835327,4.765080451965332,53.412296295166016
Ko et. al (Etapas 3),Castle Gate,0.252005787037037,369.03619384765625,1.0,6.6763142590449895,12.542171144784101,431237.00000000006,13811.601214854412,265.9484001991128,-2.3375882266622128,15.946331024169922,31.630075454711914,0.9023470923483381,36.360084533691406,0.8704347014427185,3.087214708328247,56.148738861083984
Ko et. al (Etapas 3),Castle Gate,0.252005787037037,369.03619384765625,1.0,6.676314259044992,12.542171144784101,431237.00000000006,13811.601214854412,265.9484001991128,-2.3375882266622128,15.124666213989258,32.68434143066406,0.8854141320410729,34.85249710083008,0.5306821465492249,2.337578773498535,57.73745346069336
Ko et. al (Etapas 3),Castle Gate,0.252005787037037,369.03619384765625,1.0,6.676314259044992,12.542171144784101,431237.00000000006,13811.601214854416,265.9484001991128,-2.3375882266622128,7.106123924255371,33.160987854003906,0.8924179956828165,37.05231857299805,1.0277667045593262,5.069114685058594,57.962852478027344
Ko et. al (Etapas 3),Castle Gate,0.252005787037037,369.03619384765625,1.0,6.67631425904499,12.542171144784101,431237.00000000006,13811.601214854412,265.9484001991128,-2.3375882266622128,9.356081008911133,35.846561431884766,0.8776940259057798,35.82981491088867,0.5864509344100952,4.611313343048096,56.78144836425781
Ko et. al (Etapas 3),Castle Gate,0.24163194444444444,233.8553466796875,1.0,6.77326581543822,12.572792503698604,413732.0,13903.66371921364,334.4172858147756,-5.659947663705529,18.742694854736328,39.63493728637695,0.9046560016620613,47.516876220703125,0.6120336651802063,4.872842788696289,61.89936447143555
Ko et. al (Etapas 3),Castle Gate,0.24163194444444444,233.8553466796875,1.0,6.7732658154382195,12.572792503698604,413732.0,13903.663719213639,334.4172858147756,-5.659947663705529,17.350570678710938,38.02982711791992,0.9291394229243868,48.208187103271484,0.6656831502914429,5.656862735748291,60.8284797668457
Ko et. al (Etapas 3),Castle Gate,0.24163194444444444,233.8553466796875,1.0,6.7732658154382195,12.572792503698604,413732.0,13903.663719213639,334.4172858147756,-5.659947663705529,20.813045501708984,39.517295837402344,0.9171344832532211,51.088314056396484,0.5615409016609192,1.9398014545440674,61.82400131225586
Ko et. al (Etapas 3),Castle Gate,0.24163194444444444,233.8553466796875,1.0,6.7732658154382195,12.572792503698604,413732.0,13903.663719213639,334.4172858147756,-5.659947663705529,16.01299285888672,35.601566314697266,0.9228527451634406,45.654624938964844,0.6355281472206116,4.493199348449707,61.263877868652344
Ko et. al (Etapas 3),Castle Gate,0.21772569444444445,533.4966430664062,1.0,6.404883579496686,10.927133514451977,372107.0,12055.578125530217,221.180430907628,-4.078345416729818,45.43574523925781,51.197608947753906,0.9444036306771347,35.06402587890625,0.6082823872566223,4.657411575317383,55.697818756103516
Ko et. al (Etapas 3),Castle Gate,0.21772569444444445,533.4966430664062,1.0,6.404883579496687,10.927133514451977,372107.0,12055.578125530217,221.180430907628,-4.078345416729818,46.8261833190918,51.42836380004883,0.9520684901825629,36.813331604003906,0.6283003687858582,6.203784942626953,60.32732009887695
Ko et. al (Etapas 3),Castle Gate,0.21772569444444445,533.49658203125,1.0,6.404883579496684,10.927133514451977,372107.0,12055.578125530217,221.18043090762802,-4.078345416729818,45.27898025512695,52.07253646850586,0.930525411918998,33.68027877807617,0.6294339299201965,4.041837215423584,55.79732131958008
Ko et. al (Etapas 3),Castle Gate,0.21772569444444445,533.49658203125,1.0,6.404883579496683,10.927133514451977,372107.0,12055.57812553022,221.18043090762802,-4.078345416729818,46.302467346191406,50.47407150268555,0.9476310814873914,34.993736267089844,0.618076741695404,6.790291786193848,60.05683898925781
Ko et. al (Etapas 3),Castle Gate,0.2942042824074074,838.1097412109375,1.0,7.418333122323798,16.401220785827423,504407.0,15696.647054662812,308.3219066142785,-11.290053775581326,6.123499870300293,32.92784118652344,0.8955060082984452,36.486244201660156,0.901221513748169,12.449600219726562,56.40007019042969
Ko et. al (Etapas 3),Castle Gate,0.2942042824074074,838.1097412109375,1.0,7.418333122323794,16.401220785827423,504407.0,15696.647054662812,308.32190661427836,-11.290053775581326,11.073945045471191,31.745098114013672,0.914320171832467,34.40009689331055,0.46574273705482483,8.746525764465332,53.777278900146484
Ko et. al (Etapas 3),Castle Gate,0.2942042824074074,838.1098022460938,1.0,7.418333122323798,16.401220785827423,504407.0,15696.647054662812,308.3219066142785,-11.290053775581326,8.276604652404785,30.243623733520508,0.9142814679445553,36.193504333496094,0.905230700969696,10.25479793548584,55.5430908203125
Ko et. al (Etapas 3),Castle Gate,0.2942042824074074,838.1097412109375,1.0,7.418333122323798,16.401220785827423,504407.0,15696.647054662812,308.32190661427836,-11.290053775581326,10.734428405761719,27.666988372802734,0.9320908807253978,33.16481018066406,0.49888136982917786,8.778857231140137,53.46726989746094
Ko et. al (Etapas 3),Castle Gate,0.1919554398148148,546.2723388671875,1.0,7.178268137701095,12.814906820871572,326893.0,10270.372205639656,248.8332990733037,3.212940413667637,23.835678100585938,41.6469841003418,0.8477637645189929,43.622989654541016,0.9677869081497192,7.719600200653076,61.265628814697266
Ko et. al (Etapas 3),Castle Gate,0.1919554398148148,546.2724609375,1.0,7.178268137701093,12.814906820871572,326893.0,10270.372205639655,248.8332990733037,3.212940413667637,22.205732345581055,38.383697509765625,0.8672041800989027,43.26936721801758,0.6879352331161499,3.286961793899536,59.56260681152344
Ko et. al (Etapas 3),Castle Gate,0.1919554398148148,546.2723388671875,1.0,7.178268137701095,12.814906820871572,326893.0,10270.372205639656,248.8332990733037,3.212940413667637,24.602487564086914,36.96039962768555,0.8917215675085244,44.65326690673828,0.9555202126502991,6.656253337860107,60.3177604675293
Ko et. al (Etapas 3),Castle Gate,0.1919554398148148,546.2723388671875,1.0,7.178268137701095,12.814906820871572,326893.0,10270.372205639655,248.8332990733037,3.212940413667637,15.03243637084961,33.30305862426758,0.8752013659895631,43.57197570800781,0.795508623123169,4.420143127441406,60.073795318603516
Ko et. al (Etapas 3),Berea Upper Gray,0.1764537037037037,88.05923461914062,1.0,5.159538984646251,8.909192397558623,303371.0,12623.23988048095,385.05409059417605,5.23221875414606,51.10480880737305,59.35898971557617,0.7585944710725907,49.69087600708008,0.5671938061714172,12.856201171875,62.29231643676758
Ko et. al (Etapas 3),Berea Upper Gray,0.1764537037037037,88.05923461914062,1.0,5.1595389846462485,8.909192397558623,303371.0,12623.23988048095,385.05409059417605,5.23221875414606,56.11039733886719,64.44166564941406,0.7054753863200869,55.38139724731445,0.6478313207626343,4.976442337036133,65.05899810791016
Ko et. al (Etapas 3),Berea Upper Gray,0.1764537037037037,88.05923461914062,1.0,5.1595389846462485,8.909192397558623,303371.0,12623.23988048095,385.0540905941761,5.23221875414606,49.35847091674805,54.85368347167969,0.7980652358610189,48.691078186035156,0.5671040415763855,14.557482719421387,61.9500732421875
Ko et. al (Etapas 3),Berea Upper Gray,0.1764537037037037,88.0592269897461,1.0,5.15953898464625,8.909192397558623,303371.0,12623.23988048095,385.05409059417605,5.23221875414606,55.846378326416016,65.82401275634766,0.670674238306139,54.12507247924805,0.6592563986778259,8.66291618347168,65.38238525390625
Ko et. al (Etapas 3),Berea Upper Gray,0.22479050925925925,365.5915832519531,1.0,6.005145469083908,14.525838251348203,383780.0,14399.079716606522,338.5021242388229,-8.315845776551532,5.851956844329834,25.85841178894043,0.9461463158664452,41.780853271484375,0.9401171207427979,0.18182186782360077,57.72874450683594
Ko et. al (Etapas 3),Berea Upper Gray,0.22479050925925925,365.59161376953125,1.0,6.005145469083907,14.525838251348203,383780.0,14399.079716606522,338.5021242388229,-8.315845776551532,3.5781989097595215,21.894306182861328,0.9659524828454765,42.18380355834961,0.766494631767273,3.2617785930633545,57.24518585205078
Ko et. al (Etapas 3),Berea Upper Gray,0.22479050925925925,365.59161376953125,1.0,6.005145469083909,14.525838251348203,383780.0,14399.079716606519,338.5021242388229,-8.315845776551532,6.922340393066406,25.053234100341797,0.950997120931791,42.8169059753418,0.9322740435600281,0.5003631711006165,57.70102310180664
Ko et. al (Etapas 3),Berea Upper Gray,0.22479050925925925,365.59161376953125,1.0,6.005145469083908,14.525838251348203,383780.0,14399.079716606522,338.5021242388229,-8.315845776551532,1.727037787437439,22.941354751586914,0.9601968111034814,41.1324577331543,0.7978863716125488,0.37075212597846985,57.7919807434082
Ko et. al (Etapas 3),Berea Upper Gray,0.26843113425925924,252.15895080566406,1.0,6.050574093014203,13.416406063274813,461223.0,16571.733516608194,370.53459051686235,-2.636003744959517,13.534521102905273,46.847469329833984,0.8101064228141192,42.63334655761719,0.8836432099342346,6.495251178741455,57.34355926513672
Ko et. al (Etapas 3),Berea Upper Gray,0.26843113425925924,252.15895080566406,1.0,6.0505740930142045,13.416406063274813,461223.0,16571.733516608194,370.53459051686235,-2.636003744959517,16.188716888427734,51.34034729003906,0.7602404096844146,44.207279205322266,0.7840498685836792,11.661602020263672,59.570926666259766
Ko et. al (Etapas 3),Berea Upper Gray,0.26843113425925924,252.15895080566406,1.0,6.0505740930142045,13.416406063274813,461223.0,16571.733516608194,370.5345905168624,-2.636003744959517,10.226780891418457,48.70743942260742,0.8016354658299757,44.17300796508789,0.9005503058433533,8.080076217651367,57.853965759277344
Ko et. al (Etapas 3),Berea Upper Gray,0.26843113425925924,252.15896606445312,1.0,6.050574093014206,13.416406063274813,461223.0,16571.733516608194,370.53459051686247,-2.636003744959517,15.836874008178711,48.20834732055664,0.7722842554651627,45.29606246948242,0.7984280586242676,12.941119194030762,59.654232025146484
Ko et. al (Etapas 3),Berea Upper Gray,0.30367766203703705,236.73992919921875,1.0,5.999997562188576,10.891451493412363,521147.0,17485.756230212864,288.23068341520974,-3.2427819654973677,0.32214921712875366,65.2665786743164,0.653341087755503,42.677337646484375,0.6406008005142212,16.421581268310547,58.82916259765625
Ko et. al (Etapas 3),Berea Upper Gray,0.30367766203703705,236.7399444580078,1.0,5.9999975621885735,10.891451493412363,521147.0,17485.756230212868,288.23068341520974,-3.2427819654973677,7.036464214324951,68.66432189941406,0.6378391862490119,42.060306549072266,0.901824951171875,9.46418571472168,56.39043045043945
Ko et. al (Etapas 3),Berea Upper Gray,0.30367766203703705,236.7399444580078,1.0,5.999997562188575,10.891451493412363,521147.0,17485.756230212868,288.23068341520985,-3.2427819654973677,5.59354829788208,66.56205749511719,0.6649374414830785,43.02808380126953,0.7069799304008484,14.559794425964355,59.49934768676758
Ko et. al (Etapas 3),Berea Upper Gray,0.30367766203703705,236.7399444580078,1.0,5.999997562188578,10.891451493412363,521147.0,17485.756230212868,288.23068341520974,-3.2427819654973677,4.283700942993164,66.2255630493164,0.6436178880092236,40.371395111083984,0.8794911503791809,11.03307819366455,54.931640625
Ko et. al (Etapas 3),Berea Upper Gray,0.20382465277777778,98.36215209960938,1.0,5.692646578070117,10.60129198338392,350315.0,14150.384580449689,469.78458783537906,7.3708633019434044,1.9197046756744385,61.62885665893555,0.7021407979370591,53.28578567504883,1.0869382619857788,9.313868522644043,61.44003677368164
Ko et. al (Etapas 3),Berea Upper Gray,0.20382465277777778,98.36214447021484,1.0,5.692646578070117,10.60129198338392,350315.0,14150.384580449687,469.78458783537906,7.3708633019434044,21.895456314086914,45.18077850341797,0.8844417577844391,55.77886199951172,0.7183012366294861,8.375508308410645,64.0237808227539
Ko et. al (Etapas 3),Berea Upper Gray,0.20382465277777778,98.36214447021484,1.0,5.692646578070117,10.60129198338392,350315.0,14150.384580449692,469.78458783537917,7.3708633019434044,12.384681701660156,57.11575698852539,0.7144213545154745,53.04762268066406,0.9117977619171143,3.6890015602111816,61.91166305541992
Ko et. al (Etapas 3),Berea Upper Gray,0.20382465277777778,98.36215209960938,1.0,5.692646578070116,10.60129198338392,350315.0,14150.384580449687,469.78458783537917,7.3708633019434044,17.03533363342285,47.88068389892578,0.8306202386138933,55.88285446166992,0.8462617993354797,9.008782386779785,64.0647964477539
Ko et. al (Etapas 3),Berea Upper Gray,0.23420601851851852,92.16072845458984,1.0,6.266317341101182,11.277217368447864,399766.0,13991.75086133962,351.28807394000364,4.307130647424418,27.53728485107422,58.12643051147461,0.7608927147389786,51.45808410644531,0.4864601492881775,4.639608860015869,63.18464279174805
Ko et. al (Etapas 3),Berea Upper Gray,0.23420601851851852,92.16072845458984,1.0,6.266317341101177,11.277217368447864,399766.0,13991.750861339617,351.2880739400037,4.307130647424418,21.051633834838867,58.39329528808594,0.6912063198646342,49.59505081176758,0.4614398181438446,2.433525800704956,64.41352844238281
Ko et. al (Etapas 3),Berea Upper Gray,0.23420601851851852,92.16072845458984,1.0,6.266317341101183,11.277217368447864,399766.0,13991.75086133962,351.2880739400037,4.307130647424418,29.229663848876953,54.15303039550781,0.794013326203957,51.152061462402344,0.5017716884613037,0.06599073112010956,63.06537628173828
Ko et. al (Etapas 3),Berea Upper Gray,0.23420601851851852,92.16072845458984,1.0,6.266317341101181,11.277217368447864,399766.0,13991.750861339617,351.2880739400037,4.307130647424418,19.407907485961914,54.27652359008789,0.7489112989284096,50.74692153930664,0.47306668758392334,1.2038239240646362,64.42994689941406
Ko et. al (Etapas 3),Berea Upper Gray,0.2423246527777778,303.1893005371094,1.0,5.68584110537205,9.171793734362703,415925.0,14796.071022707518,332.06284549514805,2.3475354106054565,51.035484313964844,55.140411376953125,0.9296536148961105,44.58367919921875,0.5230379700660706,7.757437705993652,55.604339599609375
Ko et. al (Etapas 3),Berea Upper Gray,0.2423246527777778,303.1893005371094,1.0,5.6858411053720515,9.171793734362703,415925.0,14796.071022707521,332.062845495148,2.3475354106054565,51.008331298828125,54.56608963012695,0.9215639742206468,46.120365142822266,0.5947799682617188,9.151684761047363,59.36486053466797
Ko et. al (Etapas 3),Berea Upper Gray,0.2423246527777778,303.1893005371094,1.0,5.68584110537205,9.171793734362703,415925.0,14796.071022707518,332.062845495148,2.3475354106054565,51.30450439453125,55.808528900146484,0.9325270667840496,45.828189849853516,0.5372088551521301,11.874237060546875,55.84328842163086
Ko et. al (Etapas 3),Berea Upper Gray,0.2423246527777778,303.1893005371094,1.0,5.6858411053720515,9.171793734362703,415925.0,14796.071022707521,332.062845495148,2.3475354106054565,50.521236419677734,53.849185943603516,0.9302911307827749,44.852935791015625,0.6008189916610718,12.126317024230957,59.55941390991211
Ko et. al (Etapas 3),Berea Upper Gray,0.2857945601851852,493.6526184082031,1.0,6.123582989131803,10.56441163817605,489153.00000000006,16190.27972393817,284.78418476399156,-5.2620603059757896,23.914609909057617,29.858530044555664,0.9044368976018146,33.4207878112793,0.895580530166626,3.916524887084961,55.20760726928711
Ko et. al (Etapas 3),Berea Upper Gray,0.2857945601851852,493.6526184082031,1.0,6.123582989131805,10.56441163817605,489153.00000000006,16190.27972393817,284.78418476399156,-5.2620603059757896,28.15131950378418,33.74314498901367,0.887334422649732,34.08849334716797,0.6594046354293823,3.512749433517456,57.43201446533203
Ko et. al (Etapas 3),Berea Upper Gray,0.2857945601851852,493.6526184082031,1.0,6.123582989131807,10.56441163817605,489153.00000000006,16190.27972393817,284.78418476399156,-5.2620603059757896,25.973724365234375,32.09511947631836,0.8945869800617653,34.21683120727539,0.8688376545906067,2.772768974304199,55.46763229370117
Ko et. al (Etapas 3),Berea Upper Gray,0.2857945601851852,493.6526184082031,1.0,6.123582989131806,10.56441163817605,489153.00000000006,16190.27972393817,284.78418476399156,-5.2620603059757896,22.49582290649414,30.885534286499023,0.8804300257120664,34.8176383972168,0.6787163019180298,5.255594730377197,57.38263702392578
Ko et. al (Etapas 3),Berea Upper Gray,0.25188252314814813,247.57310485839844,1.0,5.980881521265704,12.36931685293693,432700.0,15201.72343013815,314.9727548213563,-3.2228875976108804,9.031105041503906,56.97041702270508,0.6757140666740571,42.344608306884766,1.0201725959777832,5.484642505645752,55.794456481933594
Ko et. al (Etapas 3),Berea Upper Gray,0.25188252314814813,247.57310485839844,1.0,5.980881521265702,12.36931685293693,432700.0,15201.723430138152,314.97275482135626,-3.2228875976108804,6.424895763397217,63.59394073486328,0.6427624147586949,45.344573974609375,0.62074875831604,9.334603309631348,59.06816482543945
Ko et. al (Etapas 3),Berea Upper Gray,0.25188252314814813,247.57310485839844,1.0,5.980881521265701,12.36931685293693,432700.0,15201.72343013815,314.9727548213563,-3.2228875976108804,7.277118682861328,59.58270263671875,0.6539108483984357,40.84450149536133,1.071553349494934,4.877067565917969,56.32270812988281
Ko et. al (Etapas 3),Berea Upper Gray,0.25188252314814813,247.57310485839844,1.0,5.980881521265699,12.36931685293693,432700.0,15201.723430138152,314.9727548213563,-3.2228875976108804,8.590973854064941,64.03105926513672,0.646100104366376,45.25385665893555,0.6301646828651428,9.519474029541016,59.03468322753906
Ko et. al (Etapas 3),Berea Upper Gray,0.2085306712962963,58.10590744018555,1.0,5.657478217093856,10.770328425682052,357381.0,13748.634520340587,397.25191984787085,4.51602151023253,6.6208391189575195,89.59992218017578,0.37705687710106367,51.2199821472168,0.9131923317909241,15.550633430480957,62.83305740356445
Ko et. al (Etapas 3),Berea Upper Gray,0.2085306712962963,58.105899810791016,1.0,5.657478217093859,10.770328425682052,357381.0,13748.634520340587,397.2519198478709,4.51602151023253,1.4396497011184692,89.4380111694336,0.2974438674816661,51.113739013671875,0.8469748497009277,12.496049880981445,62.43019485473633
Ko et. al (Etapas 3),Berea Upper Gray,0.2085306712962963,58.105899810791016,1.0,5.657478217093856,10.770328425682052,357381.0,13748.634520340587,397.25191984787074,4.51602151023253,0.7438995242118835,81.10535430908203,0.45553518050879577,51.39004898071289,0.7960577607154846,11.886502265930176,62.84016036987305
Ko et. al (Etapas 3),Berea Upper Gray,0.2085306712962963,58.10590744018555,1.0,5.657478217093857,10.770328425682052,357381.0,13748.634520340587,397.2519198478709,4.51602151023253,0.9704139232635498,89.0534896850586,0.3181489730013403,51.94260025024414,0.786875307559967,13.995539665222168,63.1304931640625
Ko et. al (Etapas 3),Berea Upper Gray,0.22309201388888888,139.6796875,1.0,5.803805433084837,9.5097124436397,383004.0,14044.547868952666,350.25320470184374,-1.1140846016432675,46.5093994140625,58.54241943359375,0.6951463940580298,46.437137603759766,0.5447412133216858,9.30265998840332,59.76313400268555
Ko et. al (Etapas 3),Berea Upper Gray,0.22309201388888888,139.6796875,1.0,5.803805433084837,9.5097124436397,383004.0,14044.547868952663,350.2532047018438,-1.1140846016432675,43.180030822753906,57.230770111083984,0.7283486741537182,47.65852355957031,0.4694502651691437,7.2729411125183105,62.378562927246094
Ko et. al (Etapas 3),Berea Upper Gray,0.22309201388888888,139.6796875,1.0,5.803805433084837,9.5097124436397,383004.0,14044.547868952666,350.25320470184374,-1.1140846016432675,45.70174789428711,58.19977569580078,0.7150995208240503,45.5963134765625,0.5100718140602112,4.894186496734619,59.38652801513672
Ko et. al (Etapas 3),Berea Upper Gray,0.22309201388888888,139.6796875,1.0,5.803805433084838,9.5097124436397,383004.0,14044.547868952663,350.2532047018438,-1.1140846016432675,46.64060974121094,59.40351867675781,0.7376510165675761,48.40274429321289,0.4914178252220154,1.810484528541565,61.764923095703125
Ko et. al (Etapas 3),Berea Upper Gray,0.24034606481481482,50.32818603515625,1.0,5.849043692762628,11.814004250666148,411971.0,15471.025324988224,401.1850804896693,2.3574825945486997,2.2044553756713867,56.852561950683594,0.5109487555731902,55.02907943725586,0.5041952729225159,8.949357986450195,64.19478607177734
Ko et. al (Etapas 3),Berea Upper Gray,0.24034606481481482,50.32818603515625,1.0,5.849043692762631,11.814004250666148,411971.0,15471.025324988224,401.1850804896693,2.3574825945486997,5.747564792633057,59.712650299072266,0.5966199798100169,51.977630615234375,0.629506528377533,14.16512680053711,65.5490951538086
Ko et. al (Etapas 3),Berea Upper Gray,0.24034606481481482,50.32818603515625,1.0,5.849043692762629,11.814004250666148,411971.0,15471.025324988224,401.1850804896692,2.3574825945486997,7.914910793304443,60.74102020263672,0.5156940619593994,51.583126068115234,0.5719329118728638,9.939327239990234,64.35852813720703
Ko et. al (Etapas 3),Berea Upper Gray,0.24034606481481482,50.32818603515625,1.0,5.849043692762631,11.814004250666148,411971.0,15471.025324988224,401.1850804896693,2.3574825945486997,5.526388645172119,54.43041229248047,0.5895507358842272,52.54700469970703,0.5382739305496216,3.020296096801758,65.29012298583984
Ko et. al (Etapas 3),Berea Upper Gray,0.24464814814814814,267.564453125,1.0,6.584217128706177,13.453623023082278,418648.0,13668.74004952341,307.2559581169837,4.6751764533244256,21.95726203918457,42.91980743408203,0.8508194417192275,39.734615325927734,0.6304436326026917,1.0923610925674438,60.521034240722656
Ko et. al (Etapas 3),Berea Upper Gray,0.24464814814814814,267.56439208984375,1.0,6.584217128706177,13.453623023082278,418648.0,13668.74004952341,307.25595811698366,4.6751764533244256,25.344467163085938,43.26902770996094,0.8558288301349318,43.51292419433594,0.6608866453170776,2.7116150856018066,62.169532775878906
Ko et. al (Etapas 3),Berea Upper Gray,0.24464814814814814,267.56439208984375,1.0,6.584217128706173,13.453623023082278,418648.0,13668.74004952341,307.2559581169837,4.6751764533244256,27.693391799926758,53.65435791015625,0.7921367844832098,40.20878219604492,0.6397116184234619,2.4709694385528564,60.68684005737305
Ko et. al (Etapas 3),Berea Upper Gray,0.24464814814814814,267.56439208984375,1.0,6.584217128706174,13.453623023082278,418648.0,13668.740049523409,307.25595811698366,4.6751764533244256,23.959299087524414,46.679927825927734,0.7953985816052458,42.85823440551758,0.683375358581543,1.4136855602264404,62.65585708618164
Ko et. al (Etapas 3),Berea Upper Gray,0.25186458333333334,448.4263610839844,1.0,7.447576216128152,13.847877428421883,432603.00000000006,13791.433061198688,312.86610547553335,1.0245599461540762,22.169925689697266,31.89963722229004,0.9382443324764991,41.7262077331543,0.8610114455223083,6.868203639984131,59.706443786621094
Ko et. al (Etapas 3),Berea Upper Gray,0.25186458333333334,448.4263610839844,1.0,7.447576216128151,13.847877428421883,432603.00000000006,13791.433061198684,312.86610547553335,1.0245599461540762,24.36466407775879,33.120033264160156,0.9301645118160524,41.08414077758789,0.5605258941650391,6.036899089813232,60.57279968261719
Ko et. al (Etapas 3),Berea Upper Gray,0.25186458333333334,448.4263610839844,1.0,7.447576216128151,13.847877428421883,432603.00000000006,13791.433061198684,312.86610547553335,1.0245599461540762,14.372310638427734,34.542259216308594,0.9337599123197248,43.35592269897461,0.9750106334686279,9.419987678527832,60.47470474243164
Ko et. al (Etapas 3),Berea Upper Gray,0.25186458333333334,448.4263610839844,1.0,7.447576216128151,13.847877428421883,432603.00000000006,13791.433061198684,312.86610547553335,1.0245599461540762,21.095365524291992,30.982473373413086,0.9478286236417172,40.30247116088867,0.5778539180755615,3.883587121963501,59.58137512207031
Ko et. al (Etapas 3),Berea Upper Gray,0.20753645833333334,178.95579528808594,1.0,5.74965391586716,13.453623023082278,354624.0,14069.548622741564,414.1670046846675,5.55052864032985,38.20225524902344,46.78103256225586,0.9166033176921474,50.98025131225586,0.7367168068885803,3.014740228652954,62.00165557861328
Ko et. al (Etapas 3),Berea Upper Gray,0.20753645833333334,178.95579528808594,1.0,5.7496539158671585,13.453623023082278,354624.0,14069.548622741564,414.1670046846675,5.55052864032985,37.67230987548828,44.254878997802734,0.8754075341676465,48.17435073852539,0.5287229418754578,7.767302513122559,63.57331848144531
Ko et. al (Etapas 3),Berea Upper Gray,0.20753645833333334,178.95579528808594,1.0,5.7496539158671585,13.453623023082278,354624.0,14069.548622741564,414.1670046846675,5.55052864032985,36.51959991455078,45.527896881103516,0.9109671247132091,51.885108947753906,0.8213129043579102,1.6720292568206787,62.134342193603516
Ko et. al (Etapas 3),Berea Upper Gray,0.20753645833333334,178.95579528808594,1.0,5.749653915867158,13.453623023082278,354624.0,14069.548622741564,414.1670046846675,5.55052864032985,32.64033889770508,40.125022888183594,0.8861586400783402,48.946197509765625,0.5777479410171509,0.5974338054656982,62.55762481689453
Ko et. al (Etapas 3),Berea Upper Gray,0.19080555555555556,183.8346405029297,1.0,5.544355274312399,10.527390973020863,328207.0,12822.019278281585,402.5323112554726,11.936620731892152,25.196306228637695,46.78881072998047,0.8311756279178766,45.30696487426758,0.5594680905342102,10.33226490020752,57.995521545410156
Ko et. al (Etapas 3),Berea Upper Gray,0.19080555555555556,183.8346405029297,1.0,5.544355274312397,10.527390973020863,328207.0,12822.019278281585,402.53231125547273,11.936620731892152,31.446182250976562,50.823570251464844,0.7428143524367691,48.03811264038086,0.8161371350288391,17.862218856811523,60.057716369628906
Ko et. al (Etapas 3),Berea Upper Gray,0.19080555555555556,183.8346405029297,1.0,5.544355274312399,10.527390973020863,328207.0,12822.019278281583,402.5323112554726,11.936620731892152,28.66403579711914,46.262332916259766,0.8310304623357642,44.34022903442383,0.5376211404800415,10.539775848388672,58.48319625854492
Ko et. al (Etapas 3),Berea Upper Gray,0.19080555555555556,183.8346405029297,1.0,5.544355274312399,10.527390973020863,328207.0,12822.019278281585,402.5323112554726,11.936620731892152,30.06025505065918,55.381919860839844,0.68906840281343,47.563140869140625,0.8420840501785278,18.596193313598633,60.28462600708008
Ko et. al (Etapas 3),Berea Upper Gray,0.20749305555555556,299.7610168457031,1.0,6.181942044158623,16.673332624338627,354773.0,13727.632930655243,432.8651457192574,7.768750659673142,6.5318684577941895,31.036701202392578,0.9343471560262683,47.226356506347656,0.9358256459236145,4.267496585845947,60.76137924194336
Ko et. al (Etapas 3),Berea Upper Gray,0.20749305555555556,299.7610168457031,1.0,6.181942044158622,16.673332624338627,354773.0,13727.63293065524,432.8651457192574,7.768750659673142,9.667641639709473,34.8367919921875,0.9180551103123945,48.48520278930664,1.0287513732910156,9.012275695800781,62.57011032104492
Ko et. al (Etapas 3),Berea Upper Gray,0.20749305555555556,299.7610168457031,1.0,6.181942044158625,16.673332624338627,354773.0,13727.632930655243,432.8651457192574,7.768750659673142,9.405914306640625,30.66689109802246,0.9342001361335326,46.541873931884766,0.9973757863044739,5.673597812652588,59.972774505615234
Ko et. al (Etapas 3),Berea Upper Gray,0.20749305555555556,299.7610168457031,1.0,6.181942044158623,16.673332624338627,354773.0,13727.632930655243,432.86514571925727,7.768750659673142,6.72434139251709,31.738950729370117,0.9310579631083962,47.52903366088867,0.931955099105835,7.412509441375732,62.468807220458984
Ko et. al (Etapas 3),Berea Upper Gray,0.17050925925925925,20.52692222595215,1.0,5.596491882498367,10.891451493412363,294201.0,11588.799268191207,334.39022104847203,3.312412253100072,68.76866912841797,100.06663513183594,0.5206060527995139,64.96221923828125,1.8534249067306519,22.874216079711914,63.953834533691406
Ko et. al (Etapas 3),Berea Upper Gray,0.17050925925925925,20.52692222595215,1.0,5.596491882498366,10.891451493412363,294201.0,11588.799268191207,334.39022104847203,3.312412253100072,79.58091735839844,103.24235534667969,0.549550789039995,63.17877960205078,1.919219970703125,28.698802947998047,65.91754150390625
Ko et. al (Etapas 3),Berea Upper Gray,0.17050925925925925,20.52692222595215,1.0,5.596491882498366,10.891451493412363,294201.0,11588.799268191207,334.39022104847203,3.312412253100072,86.95014953613281,119.68647766113281,0.468751056474603,63.731971740722656,2.2433273792266846,29.35226821899414,63.946903228759766
Ko et. al (Etapas 3),Berea Upper Gray,0.17050925925925925,20.52692222595215,1.0,5.596491882498366,10.891451493412363,294201.0,11588.799268191207,334.39022104847203,3.312412253100072,72.07137298583984,108.24168395996094,0.5085146864904015,71.4734878540039,1.7201272249221802,24.296180725097656,65.023193359375
Ko et. al (Etapas 3),Berea Upper Gray,0.1907667824074074,96.04360961914062,1.0,5.967524557359304,11.814004250666148,328098.0,12545.647405009577,359.2045771424835,5.272007489919034,3.205381155014038,45.27560043334961,0.765587429021189,48.5557861328125,0.5470061898231506,3.7725770473480225,62.48469924926758
Ko et. al (Etapas 3),Berea Upper Gray,0.1907667824074074,96.04360961914062,1.0,5.967524557359305,11.814004250666148,328098.0,12545.647405009577,359.2045771424835,5.272007489919034,15.341747283935547,47.213783264160156,0.7522588733422606,51.27396011352539,0.6135338544845581,5.857100486755371,62.62984848022461
Ko et. al (Etapas 3),Berea Upper Gray,0.1907667824074074,96.04360961914062,1.0,5.967524557359304,11.814004250666148,328098.0,12545.647405009577,359.2045771424835,5.272007489919034,10.002180099487305,43.18413543701172,0.7742043191806444,47.87227249145508,0.5388216972351074,0.3850414454936981,62.42491912841797
Ko et. al (Etapas 3),Berea Upper Gray,0.1907667824074074,96.04360961914062,1.0,5.967524557359305,11.814004250666148,328098.0,12545.647405009573,359.2045771424835,5.272007489919034,12.089506149291992,43.40937042236328,0.7689274637911656,50.62922286987305,0.6086820363998413,6.923936367034912,62.878379821777344
Ko et. al (Etapas 3),Berea Upper Gray,0.22849537037037038,27.789249420166016,1.0,5.679492028922583,11.57583638105135,392770.0,14895.035575687665,392.35586263837223,1.1140846016432675,81.01173400878906,116.0757827758789,0.278935502771035,54.037994384765625,1.9668481349945068,31.09623908996582,61.4036750793457
Ko et. al (Etapas 3),Berea Upper Gray,0.22849537037037038,27.789249420166016,1.0,5.679492028922586,11.57583638105135,392770.0,14895.035575687665,392.3558626383723,1.1140846016432675,72.45376586914062,106.84358215332031,0.31745659353376443,54.57369613647461,1.4279226064682007,22.941967010498047,61.38482666015625
Ko et. al (Etapas 3),Berea Upper Gray,0.22849537037037038,27.789249420166016,1.0,5.679492028922583,11.57583638105135,392770.0,14895.035575687665,392.3558626383723,1.1140846016432675,71.00184631347656,115.56670379638672,0.26452955733157857,54.795074462890625,1.8247270584106445,29.485692977905273,60.92963790893555
Ko et. al (Etapas 3),Berea Upper Gray,0.22849537037037038,27.78925323486328,1.0,5.679492028922584,11.57583638105135,392770.0,14895.035575687665,392.35586263837223,1.1140846016432675,80.62065124511719,121.77862548828125,0.2544250423560562,53.11730194091797,1.6710021495819092,28.728269577026367,61.576114654541016
Ko et. al (Etapas 3),Berea Upper Gray,0.2190931712962963,55.30601501464844,1.0,5.796244800527136,13.928388479609902,375691.0,14742.513614592133,436.3241345433158,7.987588706424496,11.88072681427002,46.76285934448242,0.7544268634696172,61.9863166809082,0.43406960368156433,5.598803520202637,65.18231964111328
Ko et. al (Etapas 3),Berea Upper Gray,0.2190931712962963,55.30601501464844,1.0,5.796244800527139,13.928388479609902,375691.0,14742.513614592133,436.32413454331584,7.987588706424496,12.730422019958496,47.879844665527344,0.7731000803108309,62.36653137207031,0.45900678634643555,8.628888130187988,66.18289947509766
Ko et. al (Etapas 3),Berea Upper Gray,0.2190931712962963,55.30601501464844,1.0,5.796244800527137,13.928388479609902,375691.0,14742.513614592133,436.32413454331584,7.987588706424496,15.382338523864746,48.03773880004883,0.7429689637215177,59.922489166259766,0.4494447112083435,1.056044101715088,65.60310363769531
Ko et. al (Etapas 3),Berea Upper Gray,0.2190931712962963,55.30601501464844,1.0,5.7962448005271385,13.928388479609902,375691.0,14742.513614592133,436.3241345433158,7.987588706424496,3.041658401489258,43.00001907348633,0.8052691947292604,59.0379638671875,0.5871972441673279,0.32831165194511414,66.19862365722656
Ko et. al (Etapas 3),Berea Upper Gray,0.24869733796296295,396.0301513671875,1.0,6.161925402917354,14.798648129354603,425353.0,14607.48771812445,320.4382390579982,0.06963028760270422,11.969603538513184,32.77994155883789,0.9291728402892956,40.244293212890625,0.734168529510498,3.906972885131836,56.877925872802734
Ko et. al (Etapas 3),Berea Upper Gray,0.24869733796296295,396.0301513671875,1.0,6.161925402917354,14.798648129354603,425353.0,14607.487718124452,320.4382390579982,0.06963028760270422,19.417417526245117,36.70937728881836,0.9244089959201816,42.62793731689453,0.7683293223381042,6.582745552062988,59.37425231933594
Ko et. al (Etapas 3),Berea Upper Gray,0.24869733796296295,396.0301513671875,1.0,6.161925402917355,14.798648129354603,425353.0,14607.48771812445,320.4382390579982,0.06963028760270422,15.236734390258789,33.62117385864258,0.9278929146514169,40.00659942626953,0.7024568319320679,0.8918553590774536,57.203067779541016
Ko et. al (Etapas 3),Berea Upper Gray,0.24869733796296295,396.03021240234375,1.0,6.161925402917351,14.798648129354603,425353.0,14607.487718124452,320.4382390579982,0.06963028760270422,14.508454322814941,37.649818420410156,0.9157854736119745,41.85328674316406,0.8266667127609253,8.8134183883667,59.09053039550781
Ko et. al (Etapas 3),Berea Upper Gray,0.26163425925925926,314.8937683105469,1.0,6.310524748260141,12.649109738865636,447799.0,15856.748458320171,409.15528098057473,-0.7460387957432595,32.31678771972656,42.08193588256836,0.8470718088037505,40.183021545410156,0.49595820903778076,1.1228891611099243,56.462120056152344
Ko et. al (Etapas 3),Berea Upper Gray,0.26163425925925926,314.89373779296875,1.0,6.310524748260143,12.649109738865636,447799.0,15856.748458320168,409.15528098057473,-0.7460387957432595,32.298091888427734,39.52118682861328,0.8731319091577805,39.36005783081055,0.46818867325782776,0.9708205461502075,59.25070571899414
Ko et. al (Etapas 3),Berea Upper Gray,0.26163425925925926,314.8937683105469,1.0,6.31052474826014,12.649109738865636,447799.0,15856.748458320171,409.15528098057473,-0.7460387957432595,35.638545989990234,42.88214874267578,0.8507557999587168,40.41279220581055,0.5441812872886658,2.264296531677246,57.14540481567383
Ko et. al (Etapas 3),Berea Upper Gray,0.26163425925925926,314.89373779296875,1.0,6.31052474826014,12.649109738865636,447799.0,15856.748458320171,409.15528098057473,-0.7460387957432595,36.24834060668945,43.90669250488281,0.8641470186017502,39.4896240234375,0.4648585915565491,3.765183925628662,58.89390563964844
Ko et. al (Etapas 3),Berea Upper Gray,0.2828738425925926,391.6683654785156,1.0,6.128116977507356,11.357817114762058,484260.0,16965.20011490811,363.02664172929906,-6.654666058029875,38.708160400390625,43.184104919433594,0.8917071850786842,41.5099983215332,0.4976648986339569,5.840626239776611,55.54452133178711
Ko et. al (Etapas 3),Berea Upper Gray,0.2828738425925926,391.6683654785156,1.0,6.128116977507357,11.357817114762058,484260.0,16965.200114908108,363.026641729299,-6.654666058029875,44.002132415771484,48.9257698059082,0.8338014891906389,44.13512420654297,0.442207008600235,11.645600318908691,59.19883728027344
Ko et. al (Etapas 3),Berea Upper Gray,0.2828738425925926,391.6683654785156,1.0,6.128116977507358,11.357817114762058,484260.0,16965.20011490811,363.02664172929906,-6.654666058029875,42.59663009643555,46.396217346191406,0.8941297057559381,40.858707427978516,0.48230838775634766,0.3107640743255615,55.85355758666992
Ko et. al (Etapas 3),Berea Upper Gray,0.2828738425925926,391.66839599609375,1.0,6.128116977507358,11.357817114762058,484260.0,16965.20011490811,363.02664172929906,-6.654666058029875,47.79792404174805,51.02882766723633,0.8613930686688153,48.10048294067383,0.4537546634674072,9.97364616394043,58.34984588623047
Ko et. al (Etapas 3),Berea Upper Gray,0.2147511574074074,283.0609436035156,1.0,6.222934420172942,12.199813252196213,367202.0,14108.526006960125,454.8752970548144,9.390141642421826,37.141544342041016,46.76448440551758,0.8750847641743805,48.22039031982422,0.5579662322998047,12.667473793029785,62.93928527832031
Ko et. al (Etapas 3),Berea Upper Gray,0.2147511574074074,283.0609436035156,1.0,6.2229344201729395,12.199813252196213,367202.0,14108.526006960128,454.8752970548145,9.390141642421826,40.94548034667969,48.15803527832031,0.8687933792931407,49.59843826293945,0.6122916340827942,8.011265754699707,63.495201110839844
Ko et. al (Etapas 3),Berea Upper Gray,0.2147511574074074,283.0609436035156,1.0,6.222934420172941,12.199813252196213,367202.0,14108.526006960123,454.8752970548144,9.390141642421826,38.325408935546875,45.48628616333008,0.9036470753642639,49.05665588378906,0.5660727620124817,8.758431434631348,62.49513626098633
Ko et. al (Etapas 3),Berea Upper Gray,0.2147511574074074,283.0609436035156,1.0,6.222934420172939,12.199813252196213,367202.0,14108.526006960128,454.8752970548144,9.390141642421826,38.80564880371094,46.572845458984375,0.874539502049641,51.95506286621094,0.6044094562530518,4.932241439819336,63.649654388427734
Ko et. al (Etapas 3),Berea Upper Gray,0.23427025462962964,22.745193481445312,1.0,7.532177957341865,18.000000106278666,402616.0,13207.379821104147,357.97769044890697,4.436444038686583,372.8132019042969,331.7359924316406,0.39494596962713985,63.8173828125,4.5196638107299805,13.12282943725586,65.0235366821289
Ko et. al (Etapas 3),Berea Upper Gray,0.23427025462962964,22.74519157409668,1.0,7.532177957341862,18.000000106278666,402616.0,13207.37982110415,357.97769044890686,4.436444038686583,392.478759765625,314.3408508300781,0.49840871852985846,60.235191345214844,4.138710021972656,3.2522788047790527,64.71624755859375
Ko et. al (Etapas 3),Berea Upper Gray,0.23427025462962964,22.745193481445312,1.0,7.532177957341868,18.000000106278666,402616.0,13207.379821104147,357.97769044890697,4.436444038686583,374.806884765625,339.104248046875,0.4084463653185371,63.59268569946289,4.419051170349121,10.828044891357422,63.74664306640625
Ko et. al (Etapas 3),Berea Upper Gray,0.23427025462962964,22.74519157409668,1.0,7.532177957341865,18.000000106278666,402616.0,13207.379821104147,357.97769044890697,4.436444038686583,426.1583557128906,356.0830078125,0.5617033423773605,58.70371627807617,4.4569926261901855,2.0665948390960693,63.86713409423828
Ko et. al (Etapas 3),Berea Upper Gray,0.24543113425925925,258.2528076171875,1.0,6.066541708621014,13.416406063274813,421609.0,15048.306178964036,371.94433553760547,3.839613002091975,3.990483522415161,39.57111740112305,0.8897411387940738,44.447837829589844,0.7941340208053589,0.6631547808647156,58.475128173828125
Ko et. al (Etapas 3),Berea Upper Gray,0.24543113425925925,258.2528076171875,1.0,6.066541708621015,13.416406063274813,421609.0,15048.306178964034,371.94433553760547,3.839613002091975,1.685431718826294,40.62691879272461,0.8847474482173316,45.735191345214844,0.8376626968383789,1.1868646144866943,59.82729721069336
Ko et. al (Etapas 3),Berea Upper Gray,0.24543113425925925,258.2528076171875,1.0,6.066541708621016,13.416406063274813,421609.0,15048.306178964036,371.94433553760547,3.839613002091975,7.647794723510742,36.801944732666016,0.8995659630979395,44.33662414550781,0.803010106086731,2.5598297119140625,58.24335861206055
Ko et. al (Etapas 3),Berea Upper Gray,0.24543113425925925,258.2528076171875,1.0,6.066541708621014,13.416406063274813,421609.0,15048.306178964034,371.94433553760547,3.839613002091975,5.181481838226318,36.211917877197266,0.9151047782062928,44.49460220336914,0.805063784122467,0.5113086700439453,59.51612854003906
Ko et. al (Etapas 3),Berea Upper Gray,0.19608449074074075,73.80665588378906,1.0,6.62040973895997,13.984805855692839,336907.0,12376.925388797152,375.75361561587073,6.664613241973117,70.90508270263672,138.78567504882812,0.37955793854171815,54.14677810668945,1.6311756372451782,21.854095458984375,65.67849731445312
Ko et. al (Etapas 3),Berea Upper Gray,0.19608449074074075,73.80665588378906,1.0,6.620409738959967,13.984805855692839,336907.0,12376.925388797152,375.75361561587073,6.664613241973117,84.57462310791016,148.14927673339844,0.4143870742213595,56.39865493774414,1.5709729194641113,18.428098678588867,63.576011657714844
Ko et. al (Etapas 3),Berea Upper Gray,0.19608449074074075,73.80665588378906,1.0,6.620409738959968,13.984805855692839,336907.0,12376.925388797152,375.75361561587073,6.664613241973117,84.39839935302734,153.16111755371094,0.36111516544447586,55.723602294921875,1.7492347955703735,20.962871551513672,65.2273178100586
Ko et. al (Etapas 3),Berea Upper Gray,0.19608449074074075,73.80665588378906,1.0,6.620409738959967,13.984805855692839,336907.0,12376.925388797152,375.7536156158708,6.664613241973117,76.43939208984375,130.54037475585938,0.5002336522118886,55.18563461303711,1.5227795839309692,18.288835525512695,64.48632049560547
Ko et. al (Etapas 3),Berea Upper Gray,0.15824363425925925,36.85460662841797,1.0,5.1326558760985534,11.357817114762058,271442.0,11350.253456140295,339.6449320033643,2.208274835400048,15.92777156829834,47.891849517822266,0.8174247047051119,66.2718734741211,0.536354124546051,17.122602462768555,64.05797576904297
Ko et. al (Etapas 3),Berea Upper Gray,0.15824363425925925,36.85460662841797,1.0,5.13265587609855,11.357817114762058,271442.0,11350.253456140295,339.6449320033643,2.208274835400048,14.845052719116211,56.55243682861328,0.7549471342330929,68.22724914550781,0.8393466472625732,25.901897430419922,64.05264282226562
Ko et. al (Etapas 3),Berea Upper Gray,0.15824363425925925,36.85460662841797,1.0,5.132655876098551,11.357817114762058,271442.0,11350.253456140295,339.64493200336426,2.208274835400048,11.8436861038208,54.37847137451172,0.7599528878746566,70.60226440429688,0.5783287286758423,22.294551849365234,64.03372955322266
Ko et. al (Etapas 3),Berea Upper Gray,0.15824363425925925,36.8546028137207,1.0,5.132655876098549,11.357817114762058,271442.0,11350.253456140295,339.6449320033643,2.208274835400048,9.812274932861328,52.45816421508789,0.8271021657786854,63.7403564453125,0.8564203381538391,20.752796173095703,63.642242431640625
Ko et. al (Etapas 3),Berea Upper Gray,0.22235416666666666,378.61151123046875,1.0,6.829708020604304,15.652476425463272,380999.0,13018.955037183876,338.3923462238184,4.6751764533244256,7.315239429473877,22.226085662841797,0.9595015338700214,39.38273620605469,0.6813238263130188,2.261354684829712,55.04005813598633
Ko et. al (Etapas 3),Berea Upper Gray,0.22235416666666666,378.61151123046875,1.0,6.829708020604302,15.652476425463272,380999.0,13018.955037183876,338.3923462238184,4.6751764533244256,4.705846786499023,20.583904266357422,0.9619019237885217,41.194461822509766,0.7157660722732544,5.8661651611328125,57.40179443359375
Ko et. al (Etapas 3),Berea Upper Gray,0.22235416666666666,378.61151123046875,1.0,6.829708020604304,15.652476425463272,380999.0,13018.955037183876,338.3923462238184,4.6751764533244256,2.3095285892486572,23.132606506347656,0.960723866867439,37.6302490234375,0.77286696434021,4.731977939605713,54.04877853393555
Ko et. al (Etapas 3),Berea Upper Gray,0.22235416666666666,378.61151123046875,1.0,6.829708020604301,15.652476425463272,380999.0,13018.95503718388,338.3923462238184,4.6751764533244256,3.562528610229492,24.5197696685791,0.9612138596977665,41.65354537963867,0.7723777890205383,6.45463228225708,57.47576904296875
Ko et. al (Etapas 3),Berea Upper Gray,0.20719618055555555,271.0457763671875,1.0,5.815854671991222,10.340127415403249,355048.0,13086.128885439317,343.61415388614796,4.147975704332523,41.729061126708984,43.2209587097168,0.8893465850708843,39.24580001831055,0.5510293245315552,3.685299873352051,59.99090576171875
Ko et. al (Etapas 3),Berea Upper Gray,0.20719618055555555,271.0457458496094,1.0,5.815854671991222,10.340127415403249,355048.0,13086.128885439317,343.61415388614796,4.147975704332523,40.53785705566406,44.33377456665039,0.8951248732927712,42.88166809082031,0.5631267428398132,0.35277730226516724,59.38569259643555
Ko et. al (Etapas 3),Berea Upper Gray,0.20719618055555555,271.0457458496094,1.0,5.8158546719912225,10.340127415403249,355048.0,13086.128885439315,343.61415388614796,4.147975704332523,39.84828567504883,42.288780212402344,0.9038125282052608,39.20432662963867,0.5330671072006226,3.7644782066345215,60.089229583740234
Ko et. al (Etapas 3),Berea Upper Gray,0.20719618055555555,271.0457458496094,1.0,5.815854671991223,10.340127415403249,355048.0,13086.128885439319,343.61415388614796,4.147975704332523,43.0085334777832,45.487701416015625,0.8896406494869756,42.81098937988281,0.6020842790603638,0.011062121018767357,59.453582763671875
Ko et. al (Etapas 3),Berea Upper Gray,0.21858796296296296,319.3486022949219,1.0,6.107005030030837,12.76714422073302,374566.0,13838.243457339597,371.62447813169155,1.909859317102744,12.585447311401367,52.11697769165039,0.7887555525895865,40.752559661865234,0.7441270351409912,8.165752410888672,57.32275390625
Ko et. al (Etapas 3),Berea Upper Gray,0.21858796296296296,319.3486022949219,1.0,6.107005030030839,12.76714422073302,374566.0,13838.243457339597,371.6244781316915,1.909859317102744,18.548376083374023,46.84768295288086,0.8187888475209447,42.07265090942383,0.7292484641075134,10.242854118347168,58.545719146728516
Ko et. al (Etapas 3),Berea Upper Gray,0.21858796296296296,319.3486022949219,1.0,6.107005030030837,12.76714422073302,374566.0,13838.243457339597,371.62447813169155,1.909859317102744,15.601388931274414,53.854217529296875,0.7684242548655845,41.2475700378418,0.6683321595191956,10.930123329162598,57.48125457763672
Ko et. al (Etapas 3),Berea Upper Gray,0.21858796296296296,319.3486022949219,1.0,6.107005030030837,12.76714422073302,374566.0,13838.243457339597,371.6244781316915,1.909859317102744,15.095643997192383,43.55070495605469,0.8394964791287644,41.455902099609375,0.7134625315666199,5.831888198852539,58.97431564331055
Ko et. al (Etapas 3),Berea Upper Gray,0.2628912037037037,212.96998596191406,1.0,5.994732263941018,12.99999958354357,450619.0,15978.109804205169,359.19717566969376,0.06963028760270422,16.069358825683594,39.237464904785156,0.8780102016172561,42.999507904052734,0.6386387348175049,4.930959224700928,58.42583084106445
Ko et. al (Etapas 3),Berea Upper Gray,0.2628912037037037,212.969970703125,1.0,5.994732263941018,12.99999958354357,450619.0,15978.109804205169,359.19717566969376,0.06963028760270422,14.067758560180664,38.60371017456055,0.8755695748265008,43.52859878540039,0.5403612852096558,1.2654470205307007,59.9622917175293
Ko et. al (Etapas 3),Berea Upper Gray,0.2628912037037037,212.969970703125,1.0,5.99473226394102,12.99999958354357,450619.0,15978.109804205169,359.1971756696937,0.06963028760270422,10.072531700134277,38.86897277832031,0.884411619835223,43.07319641113281,0.6927525997161865,6.098387718200684,58.831398010253906
Ko et. al (Etapas 3),Berea Upper Gray,0.2628912037037037,212.969970703125,1.0,5.99473226394102,12.99999958354357,450619.0,15978.109804205169,359.19717566969376,0.06963028760270422,14.796639442443848,38.6613883972168,0.8750409030409462,42.63378143310547,0.5573548674583435,5.048670291900635,59.99717712402344
Ko et. al (Etapas 3),Berea Upper Gray,0.2515821759259259,538.2896118164062,1.0,5.8716479968318955,12.569804350094103,430842.0,14896.463929169098,302.09578859807226,-3.978873577297384,23.271728515625,29.019031524658203,0.9406906244901807,35.83945846557617,0.5218137502670288,9.425370216369629,55.138389587402344
Ko et. al (Etapas 3),Berea Upper Gray,0.2515821759259259,538.2896118164062,1.0,5.871647996831892,12.569804350094103,430842.0,14896.463929169095,302.09578859807215,-3.978873577297384,26.372982025146484,31.583646774291992,0.924046917385578,35.66030502319336,0.6850554347038269,9.739646911621094,56.07658767700195
Ko et. al (Etapas 3),Berea Upper Gray,0.2515821759259259,538.2896118164062,1.0,5.871647996831891,12.569804350094103,430842.0,14896.463929169098,302.0957885980722,-3.978873577297384,29.68419075012207,32.112060546875,0.9445682529932362,36.61593246459961,0.5361912846565247,7.6405930519104,55.224647521972656
Ko et. al (Etapas 3),Berea Upper Gray,0.2515821759259259,538.2896118164062,1.0,5.871647996831895,12.569804350094103,430842.0,14896.463929169095,302.0957885980722,-3.978873577297384,28.029804229736328,31.381149291992188,0.9302585127908801,35.55710220336914,0.6284141540527344,10.140400886535645,55.91642379760742
Ko et. al (Etapas 3),Berea Upper Gray,0.26568287037037036,517.17236328125,1.0,6.270516628632682,10.962690196374155,453994.0,14969.030099288513,303.76497277798256,1.8501762134432833,40.154476165771484,44.792354583740234,0.8487199591984127,39.68467330932617,0.6274774670600891,12.132401466369629,60.36936950683594
Ko et. al (Etapas 3),Berea Upper Gray,0.26568287037037036,517.1724243164062,1.0,6.270516628632681,10.962690196374155,453994.0,14969.03009928851,303.76497277798256,1.8501762134432833,37.376033782958984,48.11990737915039,0.7866110676004525,42.06383514404297,0.9273418188095093,14.602851867675781,60.01893997192383
Ko et. al (Etapas 3),Berea Upper Gray,0.26568287037037036,517.1724243164062,1.0,6.270516628632681,10.962690196374155,453994.0,14969.030099288513,303.7649727779825,1.8501762134432833,34.98292922973633,49.06611633300781,0.795057094287079,40.19953155517578,0.7042247653007507,14.22176456451416,60.72856903076172
Ko et. al (Etapas 3),Berea Upper Gray,0.26568287037037036,517.1724243164062,1.0,6.27051662863268,10.962690196374155,453994.0,14969.030099288513,303.7649727779825,1.8501762134432833,37.2452278137207,50.05267333984375,0.768645971355459,41.99276351928711,0.9075703024864197,13.693482398986816,59.048118591308594
Ko et. al (Etapas 3),Berea Upper Gray,0.21694328703703702,197.83677673339844,1.0,5.716742682959167,10.638032431802573,372144.0,14430.94116968211,428.64290207105205,-0.4874120132189295,28.2464542388916,40.71298599243164,0.8990498989544532,47.169654846191406,0.6157369017601013,2.5028939247131348,59.42117691040039
Ko et. al (Etapas 3),Berea Upper Gray,0.21694328703703702,197.83677673339844,1.0,5.716742682959167,10.638032431802573,372144.0,14430.941169682108,428.64290207105205,-0.4874120132189295,32.4456787109375,46.56953430175781,0.8484300235488224,49.00785446166992,0.7356128096580505,5.326431751251221,61.90480422973633
Ko et. al (Etapas 3),Berea Upper Gray,0.21694328703703702,197.83680725097656,1.0,5.716742682959167,10.638032431802573,372144.0,14430.941169682108,428.64290207105205,-0.4874120132189295,23.656539916992188,38.16874313354492,0.882167980400268,46.06795883178711,0.6304056644439697,0.49370676279067993,60.057525634765625
Ko et. al (Etapas 3),Berea Upper Gray,0.21694328703703702,197.83677673339844,1.0,5.716742682959168,10.638032431802573,372144.0,14430.941169682108,428.64290207105205,-0.4874120132189295,31.81987190246582,44.58668518066406,0.858053200301007,50.003883361816406,0.7805977463722229,4.744839668273926,62.25337219238281
Ko et. al (Etapas 3),Berea Upper Gray,0.247125,545.4371337890625,1.0,6.572915649265203,12.884097898823143,424427.0,14132.670670499849,312.1473616389978,-0.3183098861837907,29.66905403137207,36.2593994140625,0.9589813412477928,42.3538932800293,0.8021601438522339,8.66627311706543,56.83343505859375
Ko et. al (Etapas 3),Berea Upper Gray,0.247125,545.4371337890625,1.0,6.572915649265204,12.884097898823143,424427.0,14132.670670499849,312.1473616389977,-0.3183098861837907,31.186342239379883,38.02421569824219,0.9528792868256013,42.51350021362305,0.6495884656906128,8.502992630004883,57.28010177612305
Ko et. al (Etapas 3),Berea Upper Gray,0.247125,545.4370727539062,1.0,6.572915649265205,12.884097898823143,424427.0,14132.670670499849,312.1473616389978,-0.3183098861837907,27.62038230895996,35.130916595458984,0.9631817092503959,42.352840423583984,0.8335508108139038,9.808832168579102,56.090633392333984
Ko et. al (Etapas 3),Berea Upper Gray,0.247125,545.4370727539062,1.0,6.572915649265206,12.884097898823143,424427.0,14132.670670499849,312.1473616389978,-0.3183098861837907,28.83356475830078,35.64366149902344,0.9628810129198367,41.50682830810547,0.6653577089309692,8.075255393981934,57.0864143371582
Ko et. al (Etapas 3),Berea Upper Gray,0.22008449074074074,246.4851837158203,1.0,5.9565350550022,12.814906820871572,378262.0,13610.721953157528,332.69242004359535,-1.5020247754297624,13.066356658935547,34.78239059448242,0.865724698431579,47.7235221862793,0.6109521985054016,7.9946112632751465,57.15034866333008
Ko et. al (Etapas 3),Berea Upper Gray,0.22008449074074074,246.48519897460938,1.0,5.9565350550022,12.814906820871572,378262.0,13610.721953157525,332.69242004359535,-1.5020247754297624,9.338704109191895,33.13955307006836,0.870815852021982,45.37697219848633,0.6548725962638855,7.377143383026123,57.391685485839844
Ko et. al (Etapas 3),Berea Upper Gray,0.22008449074074074,246.48519897460938,1.0,5.956535055002199,12.814906820871572,378262.0,13610.721953157525,332.6924200435954,-1.5020247754297624,9.295674324035645,32.41999053955078,0.891256111305459,48.308956146240234,0.6317873597145081,5.7500104904174805,57.3481330871582
Ko et. al (Etapas 3),Berea Upper Gray,0.22008449074074074,246.4851837158203,1.0,5.956535055002202,12.814906820871572,378262.0,13610.721953157528,332.69242004359535,-1.5020247754297624,6.600085258483887,28.778718948364258,0.9020573102171402,45.419803619384766,0.6405694484710693,5.610995769500732,57.361167907714844
Ko et. al (Etapas 3),Berea Upper Gray,0.13652777777777778,2.847996950149536,1.0,5.479901846384651,10.440306193624936,231981.0,9953.576683062045,371.6004500997156,8.962412732862356,522.5789794921875,164.9449462890625,-0.014125425000502451,69.2590560913086,7.022890567779541,17.551124572753906,69.22290802001953
Ko et. al (Etapas 3),Berea Upper Gray,0.13652777777777778,2.847996950149536,1.0,5.479901846384651,10.440306193624936,231981.0,9953.576683062041,371.6004500997157,8.962412732862356,493.8894348144531,167.47833251953125,-0.02592858153198357,71.63320922851562,7.105319499969482,20.4208984375,69.80645751953125
Ko et. al (Etapas 3),Berea Upper Gray,0.13652777777777778,2.847996473312378,1.0,5.479901846384651,10.440306193624936,231981.0,9953.576683062043,371.6004500997156,8.962412732862356,458.99163818359375,155.72544860839844,0.01339402747680053,68.23121643066406,6.104073524475098,14.323044776916504,69.22808837890625
Ko et. al (Etapas 3),Berea Upper Gray,0.13652777777777778,2.847996950149536,1.0,5.479901846384652,10.440306193624936,231981.0,9953.576683062043,371.6004500997157,8.962412732862356,410.7685241699219,149.29710388183594,-0.014430187946936223,72.32110595703125,5.698962688446045,9.581660270690918,70.33502197265625
Ko et. al (Etapas 3),Berea Upper Gray,0.18403587962962964,18.209585189819336,1.0,7.406538074699006,15.006515897782995,316030.0,11009.411939049427,391.51758346827467,15.52755413540304,221.41964721679688,167.13198852539062,0.4946311645244551,57.740421295166016,3.127913475036621,20.326557159423828,67.83357238769531
Ko et. al (Etapas 3),Berea Upper Gray,0.18403587962962964,18.209585189819336,1.0,7.406538074699004,15.006515897782995,316030.0,11009.411939049427,391.51758346827455,15.52755413540304,210.87379455566406,151.0268096923828,0.42751145910628957,59.153472900390625,3.438034772872925,24.200071334838867,68.89067077636719
Ko et. al (Etapas 3),Berea Upper Gray,0.18403587962962964,18.209585189819336,1.0,7.4065380746990055,15.006515897782995,316030.0,11009.411939049427,391.5175834682747,15.52755413540304,228.69113159179688,174.69798278808594,0.5414185299727002,57.36312484741211,3.378394842147827,21.836193084716797,67.369140625
Ko et. al (Etapas 3),Berea Upper Gray,0.18403587962962964,18.209585189819336,1.0,7.406538074699006,15.006515897782995,316030.0,11009.411939049427,391.51758346827467,15.52755413540304,222.86415100097656,165.20668029785156,0.46025705580966997,58.70766067504883,3.708552837371826,24.711130142211914,68.44578552246094
Ko et. al (Etapas 3),Berea Upper Gray,0.3000798611111111,1754.9898681640625,1.0,8.406775735770257,19.67231313529378,514429.0,14719.584651399544,259.3334033742235,2.0093311565351786,4.902374744415283,22.137907028198242,0.9233595201304182,31.265012741088867,1.0250823497772217,1.7329800128936768,57.737239837646484
Ko et. al (Etapas 3),Berea Upper Gray,0.3000798611111111,1754.9896240234375,1.0,8.406775735770253,19.67231313529378,514429.0,14719.584651399542,259.3334033742235,2.0093311565351786,1.8362783193588257,20.290706634521484,0.9405473319038772,31.38334083557129,0.8360735177993774,3.32584810256958,57.768924713134766
Ko et. al (Etapas 3),Berea Upper Gray,0.3000798611111111,1754.9896240234375,1.0,8.406775735770253,19.67231313529378,514429.0,14719.584651399542,259.3334033742235,2.0093311565351786,2.3560400009155273,23.741382598876953,0.9269374675171745,31.498390197753906,1.024728536605835,1.8456180095672607,57.79356384277344
Ko et. al (Etapas 3),Berea Upper Gray,0.3000798611111111,1754.98974609375,1.0,8.406775735770253,19.67231313529378,514429.0,14719.584651399542,259.3334033742235,2.0093311565351786,3.0600192546844482,22.931015014648438,0.9166078615712695,31.190404891967773,0.8241987228393555,3.136273145675659,58.5308952331543
Ko et. al (Etapas 3),Berea Upper Gray,0.2202800925925926,275.1411437988281,1.0,5.8408457968872955,13.928388479609902,377990.0,13425.526566559416,305.73722545638066,3.7401411626595404,23.199811935424805,33.13970184326172,0.9350842954945241,39.20016860961914,0.4949250817298889,2.9391558170318604,60.477901458740234
Ko et. al (Etapas 3),Berea Upper Gray,0.2202800925925926,275.14117431640625,1.0,5.840845796887295,13.928388479609902,377990.0,13425.526566559416,305.73722545638066,3.7401411626595404,24.615610122680664,36.24365997314453,0.9087158632001281,42.61018371582031,0.7106835246086121,2.2783727645874023,60.93545150756836
Ko et. al (Etapas 3),Berea Upper Gray,0.2202800925925926,275.1411437988281,1.0,5.840845796887292,13.928388479609902,377990.0,13425.526566559416,305.73722545638066,3.7401411626595404,23.850448608398438,34.82666015625,0.9268744517209108,40.080020904541016,0.5188481211662292,1.453267216682434,61.52794647216797
Ko et. al (Etapas 3),Berea Upper Gray,0.2202800925925926,275.14117431640625,1.0,5.8408457968872955,13.928388479609902,377990.0,13425.526566559416,305.73722545638066,3.7401411626595404,22.828378677368164,34.437660217285156,0.924998954985769,43.30771255493164,0.7621353268623352,0.2665594220161438,60.65773391723633
Ko et. al (Etapas 3),Berea Upper Gray,0.24680497685185185,79.25484466552734,1.0,6.239967327967496,13.304133735235164,423362.99999999994,14539.97946437688,324.8123204779878,0.22878523069459955,43.600189208984375,91.66861724853516,0.6652108864050855,56.86758804321289,1.2031080722808838,21.48459815979004,62.649391174316406
Ko et. al (Etapas 3),Berea Upper Gray,0.24680497685185185,79.25484466552734,1.0,6.239967327967497,13.304133735235164,423362.99999999994,14539.97946437688,324.8123204779879,0.22878523069459955,43.43870162963867,95.64244079589844,0.6821978255839488,58.58216094970703,0.9845194816589355,19.939363479614258,63.086978912353516
Ko et. al (Etapas 3),Berea Upper Gray,0.24680497685185185,79.25484466552734,1.0,6.239967327967495,13.304133735235164,423362.99999999994,14539.97946437688,324.8123204779879,0.22878523069459955,41.993675231933594,95.93605041503906,0.6363502440717783,58.95977783203125,1.1855647563934326,21.177682876586914,62.52675247192383
Ko et. al (Etapas 3),Berea Upper Gray,0.24680497685185185,79.25484466552734,1.0,6.239967327967496,13.304133735235164,423362.99999999994,14539.97946437688,324.81232047798795,0.22878523069459955,33.684173583984375,82.9996109008789,0.723913503506004,54.4954833984375,0.8528125286102295,18.356029510498047,62.44011688232422
Ko et. al (Etapas 3),Berea Upper Gray,0.24291782407407408,184.69764709472656,1.0,5.972942867576583,12.934116827943688,417432.0,15638.709197758131,405.4331816001069,0.5868838526513641,6.3179497718811035,39.33506774902344,0.8631416761307213,45.11824417114258,0.6231316924095154,5.444841384887695,57.73986053466797
Ko et. al (Etapas 3),Berea Upper Gray,0.24291782407407408,184.69764709472656,1.0,5.972942867576586,12.934116827943688,417432.0,15638.709197758128,405.43318160010676,0.5868838526513641,4.75573205947876,36.60022735595703,0.9012119641811976,44.770999908447266,0.6374022960662842,0.9904329776763916,59.42151641845703
Ko et. al (Etapas 3),Berea Upper Gray,0.24291782407407408,184.69764709472656,1.0,5.9729428675765845,12.934116827943688,417432.0,15638.709197758131,405.43318160010676,0.5868838526513641,0.8731790781021118,34.54212951660156,0.9080410226722553,44.04875564575195,0.6354854106903076,4.277727127075195,58.36540603637695
Ko et. al (Etapas 3),Berea Upper Gray,0.24291782407407408,184.69764709472656,1.0,5.972942867576584,12.934116827943688,417432.0,15638.709197758131,405.43318160010676,0.5868838526513641,0.1006457731127739,32.86397933959961,0.9186202492880302,46.116844177246094,0.5938161015510559,2.845733404159546,60.219520568847656
Ko et. al (Etapas 3),Berea Upper Gray,0.252134837962963,25.47792625427246,1.0,5.677025309078839,10.674636255767203,429783.0,16169.720202418364,393.54236200828416,1.6412853506351708,146.0024871826172,201.89596557617188,0.2900033251420355,58.948944091796875,1.8100005388259888,10.935954093933105,62.3883171081543
Ko et. al (Etapas 3),Berea Upper Gray,0.252134837962963,25.47792625427246,1.0,5.6770253090788385,10.674636255767203,429783.0,16169.720202418363,393.54236200828416,1.6412853506351708,121.11253356933594,173.25454711914062,0.24479645012253,56.60593032836914,1.828824520111084,18.376232147216797,64.6998062133789
Ko et. al (Etapas 3),Berea Upper Gray,0.252134837962963,25.47792625427246,1.0,5.6770253090788385,10.674636255767203,429783.0,16169.720202418364,393.5423620082841,1.6412853506351708,128.50588989257812,177.16053771972656,0.30944939472493815,57.25392532348633,1.8024259805679321,16.427396774291992,62.61811065673828
Ko et. al (Etapas 3),Berea Upper Gray,0.252134837962963,25.47792625427246,1.0,5.677025309078836,10.674636255767203,429783.0,16169.720202418364,393.54236200828416,1.6412853506351708,122.61488342285156,170.71409606933594,0.29959568235614514,59.13309097290039,1.7814345359802246,15.647862434387207,64.75508117675781
Ko et. al (Etapas 3),Berea Upper Gray,0.2474201388888889,418.61212158203125,1.0,6.105346665779888,13.139911978403966,424723.0,15541.414379553755,384.2991591957536,-1.8103874776703095,11.659603118896484,33.519622802734375,0.9203042377580108,46.81589889526367,1.0362052917480469,3.6237144470214844,57.686981201171875
Ko et. al (Etapas 3),Berea Upper Gray,0.2474201388888889,418.6121520996094,1.0,6.105346665779886,13.139911978403966,424723.0,15541.414379553751,384.2991591957536,-1.8103874776703095,11.040027618408203,30.8284969329834,0.9297523454494172,45.109405517578125,0.6691420674324036,1.208731770515442,55.94694137573242
Ko et. al (Etapas 3),Berea Upper Gray,0.2474201388888889,418.61212158203125,1.0,6.105346665779885,13.139911978403966,424723.0,15541.414379553751,384.2991591957536,-1.8103874776703095,6.06725549697876,31.006101608276367,0.9263292150120309,44.77418899536133,0.9691282510757446,2.9521565437316895,58.096275329589844
Ko et. al (Etapas 3),Berea Upper Gray,0.2474201388888889,418.6121520996094,1.0,6.105346665779887,13.139911978403966,424723.0,15541.414379553751,384.2991591957536,-1.8103874776703095,5.576049327850342,28.449817657470703,0.938092878437194,42.95039749145508,0.6480528116226196,2.4763712882995605,55.807830810546875
Ko et. al (Etapas 3),Berea Upper Gray,0.17591145833333333,131.14425659179688,1.0,6.109706206972112,15.107070451545495,302868.0,11769.59428867561,381.81614413479423,7.61954290052449,31.514352798461914,45.24760055541992,0.9082379180068846,53.479732513427734,0.8016507029533386,3.554274797439575,63.28058624267578
Ko et. al (Etapas 3),Berea Upper Gray,0.17591145833333333,131.14425659179688,1.0,6.109706206972114,15.107070451545495,302868.0,11769.59428867561,381.81614413479423,7.61954290052449,26.18976593017578,38.86716842651367,0.9160714503856666,55.79001998901367,1.2162996530532837,1.579972743988037,62.777000427246094
Ko et. al (Etapas 3),Berea Upper Gray,0.17591145833333333,131.14425659179688,1.0,6.109706206972112,15.107070451545495,302868.0,11769.594288675611,381.8161441347942,7.61954290052449,26.264495849609375,45.1687126159668,0.894923289014759,52.821319580078125,0.767767608165741,3.0734305381774902,62.86839294433594
Ko et. al (Etapas 3),Berea Upper Gray,0.17591145833333333,131.14425659179688,1.0,6.109706206972113,15.107070451545495,302868.0,11769.594288675613,381.8161441347942,7.61954290052449,36.278621673583984,49.14066696166992,0.9061636767297415,55.108211517333984,1.3267955780029297,0.24380654096603394,61.983890533447266
Ko et. al (Etapas 3),Berea Upper Gray,0.23125694444444445,202.12733459472656,1.0,5.861670614390531,12.664176399359539,395326.0,14349.93978191335,351.4653501662704,4.545863062062261,3.6714351177215576,52.93937301635742,0.7415329415880962,45.918373107910156,0.7211101651191711,7.874443531036377,58.07680892944336
Ko et. al (Etapas 3),Berea Upper Gray,0.23125694444444445,202.1273651123047,1.0,5.8616706143905315,12.664176399359539,395326.0,14349.93978191335,351.4653501662703,4.545863062062261,0.2998112142086029,42.841854095458984,0.8180643149471073,43.996002197265625,0.7108461856842041,3.06976580619812,60.164581298828125
Ko et. al (Etapas 3),Berea Upper Gray,0.23125694444444445,202.12733459472656,1.0,5.861670614390531,12.664176399359539,395326.0,14349.93978191335,351.4653501662703,4.545863062062261,5.849079132080078,51.47178268432617,0.7619042244853401,46.09032440185547,0.7048013210296631,5.6621575355529785,56.45408630371094
Ko et. al (Etapas 3),Berea Upper Gray,0.23125694444444445,202.12733459472656,1.0,5.861670614390531,12.664176399359539,395326.0,14349.93978191335,351.4653501662703,4.545863062062261,0.6059862971305847,47.6756706237793,0.7800351134601661,44.6307373046875,0.7263044714927673,4.426389694213867,60.16820526123047
Ko et. al (Etapas 3),Berea Upper Gray,0.23471180555555557,124.86946868896484,1.0,6.083393568975913,12.199813252196213,400502.0,14830.198238475634,398.51916388857444,0.8355634512324507,3.47239351272583,40.67743682861328,0.8732260651403874,51.01091384887695,0.6521660685539246,8.122369766235352,61.38382339477539
Ko et. al (Etapas 3),Berea Upper Gray,0.23471180555555557,124.86945343017578,1.0,6.083393568975912,12.199813252196213,400502.0,14830.198238475634,398.51916388857444,0.8355634512324507,0.12762418389320374,41.21736145019531,0.8738207887871605,49.400978088378906,0.8286557197570801,8.76410961151123,63.48849105834961
Ko et. al (Etapas 3),Berea Upper Gray,0.23471180555555557,124.86945343017578,1.0,6.0833935689759135,12.199813252196213,400502.0,14830.19823847563,398.5191638885745,0.8355634512324507,5.252790927886963,41.26740646362305,0.8777650213984179,49.02378845214844,0.6469594836235046,5.12630558013916,62.028160095214844
Ko et. al (Etapas 3),Berea Upper Gray,0.23471180555555557,124.86945343017578,1.0,6.083393568975912,12.199813252196213,400502.0,14830.198238475634,398.51916388857444,0.8355634512324507,1.1372697353363037,40.11970138549805,0.8818314308994056,49.35581588745117,0.8085764646530151,6.419493198394775,63.540748596191406
Ko et. al (Etapas 3),Berea Upper Gray,0.30660474537037036,256.6722412109375,1.0,6.198930785156684,13.638180873463709,526115.0,17198.30211187115,270.87331391883055,-10.633539635327258,20.680286407470703,39.569881439208984,0.8475889765867242,39.14809799194336,0.36453667283058167,1.2485649585723877,58.24475860595703
Ko et. al (Etapas 3),Berea Upper Gray,0.30660474537037036,256.6722412109375,1.0,6.198930785156683,13.638180873463709,526115.0,17198.30211187115,270.8733139188305,-10.633539635327258,17.82854461669922,41.755794525146484,0.870382206380557,39.02757263183594,0.3577428460121155,2.4520161151885986,57.63679504394531
Ko et. al (Etapas 3),Berea Upper Gray,0.30660474537037036,256.6722412109375,1.0,6.198930785156684,13.638180873463709,526115.0,17198.30211187115,270.87331391883055,-10.633539635327258,16.99236488342285,36.596614837646484,0.8722815626356014,39.27108383178711,0.3906618654727936,2.3115005493164062,58.39079666137695
Ko et. al (Etapas 3),Berea Upper Gray,0.30660474537037036,256.6722412109375,1.0,6.198930785156683,13.638180873463709,526115.0,17198.30211187115,270.8733139188305,-10.633539635327258,13.306716918945312,41.37965393066406,0.885573255975635,38.56898880004883,0.37186309695243835,5.891982555389404,58.503700256347656
Ko et. al (Etapas 3),Berea Upper Gray,0.3173020833333333,319.390869140625,1.0,7.499783914313592,16.55894372926627,546540.0,16987.502502749325,340.6880481953256,-4.147975704332523,24.097116470336914,63.338157653808594,0.76011979927794,48.116825103759766,0.4744533598423004,0.5498509407043457,60.601741790771484
Ko et. al (Etapas 3),Berea Upper Gray,0.3173020833333333,319.3908996582031,1.0,7.499783914313591,16.55894372926627,546540.0,16987.502502749325,340.6880481953256,-4.147975704332523,34.32373809814453,69.88999938964844,0.7813755105804048,45.323211669921875,0.6805897355079651,15.514805793762207,61.123291015625
Ko et. al (Etapas 3),Berea Upper Gray,0.3173020833333333,319.390869140625,1.0,7.499783914313592,16.55894372926627,546540.0,16987.502502749325,340.68804819532573,-4.147975704332523,24.640989303588867,59.94358825683594,0.7947095320455669,47.272151947021484,0.5481229424476624,1.4437687397003174,61.192726135253906
Ko et. al (Etapas 3),Berea Upper Gray,0.3173020833333333,319.3908386230469,1.0,7.499783914313589,16.55894372926627,546540.0,16987.502502749325,340.6880481953257,-4.147975704332523,31.457820892333984,67.71368408203125,0.7811881563631254,46.83326721191406,0.7211561799049377,9.365840911865234,60.45401382446289
Ko et. al (Etapas 3),Berea Upper Gray,0.21991319444444443,110.27185821533203,1.0,5.772348754670875,10.638032431802573,376370.0,14305.009920604238,407.0954459907076,-0.1691021270351388,24.947656631469727,50.57681655883789,0.8506413567624403,58.82026290893555,0.5804018378257751,7.253199577331543,62.221229553222656
Ko et. al (Etapas 3),Berea Upper Gray,0.21991319444444443,110.27186584472656,1.0,5.772348754670875,10.638032431802573,376370.0,14305.009920604238,407.0954459907076,-0.1691021270351388,20.412063598632812,50.89249038696289,0.7917889355494994,58.754581451416016,0.5155192017555237,2.153925657272339,62.75519561767578
Ko et. al (Etapas 3),Berea Upper Gray,0.21991319444444443,110.27186584472656,1.0,5.772348754670875,10.638032431802573,376370.0,14305.009920604238,407.0954459907076,-0.1691021270351388,32.95330047607422,60.279937744140625,0.7502021922022154,58.31624984741211,0.46411049365997314,4.381158828735352,61.765907287597656
Ko et. al (Etapas 3),Berea Upper Gray,0.21991319444444443,110.27186584472656,1.0,5.772348754670874,10.638032431802573,376370.0,14305.009920604238,407.0954459907075,-0.1691021270351388,28.2764949798584,52.29449462890625,0.7537123324146815,58.645263671875,0.5785133242607117,4.869194984436035,63.58346176147461
Ko et. al (Etapas 3),Berea Upper Gray,0.1992928240740741,117.07978820800781,1.0,7.345404211282391,16.30950755823499,340744.0,11774.89353758402,351.37519140230944,7.350968934056916,65.02123260498047,130.3966827392578,0.526773061735258,51.08393859863281,1.5075099468231201,12.816679954528809,65.5513687133789
Ko et. al (Etapas 3),Berea Upper Gray,0.1992928240740741,117.07980346679688,1.0,7.345404211282391,16.30950755823499,340744.0,11774.89353758402,351.37519140230944,7.350968934056916,49.446868896484375,98.55379486083984,0.6106138512615767,50.48296356201172,1.2732899188995361,7.357728481292725,65.51309967041016
Ko et. al (Etapas 3),Berea Upper Gray,0.1992928240740741,117.07978820800781,1.0,7.345404211282391,16.30950755823499,340744.0,11774.89353758402,351.37519140230955,7.350968934056916,47.00200271606445,101.39803314208984,0.6147125516222287,53.17568588256836,1.2189170122146606,10.555150985717773,65.70062255859375
Ko et. al (Etapas 3),Berea Upper Gray,0.1992928240740741,117.07978820800781,1.0,7.345404211282391,16.30950755823499,340744.0,11774.893537584021,351.37519140230944,7.350968934056916,48.587303161621094,97.59724426269531,0.6315511070046431,50.58366775512695,1.2804958820343018,9.201691627502441,64.52469635009766
Ko et. al (Etapas 3),Berea Upper Gray,0.19169502314814815,27.225460052490234,1.0,6.501717422412435,15.588457542915263,327647.0,12046.831887414373,398.2745678498314,8.504842271473157,199.2263641357422,236.52316284179688,0.4214580601191001,50.74601745605469,2.5879619121551514,6.459314346313477,64.89413452148438
Ko et. al (Etapas 3),Berea Upper Gray,0.19169502314814815,27.2254581451416,1.0,6.501717422412433,15.588457542915263,327647.0,12046.831887414375,398.2745678498314,8.504842271473157,152.98606872558594,162.962646484375,0.4709684920851421,56.14924621582031,2.102447271347046,11.207637786865234,65.48639678955078
Ko et. al (Etapas 3),Berea Upper Gray,0.19169502314814815,27.225460052490234,1.0,6.501717422412437,15.588457542915263,327647.0,12046.831887414373,398.2745678498314,8.504842271473157,200.01712036132812,226.44032287597656,0.47142535923823314,51.840641021728516,2.2866313457489014,1.7021738290786743,64.22547912597656
Ko et. al (Etapas 3),Berea Upper Gray,0.19169502314814815,27.225460052490234,1.0,6.501717422412438,15.588457542915263,327647.0,12046.831887414375,398.27456784983127,8.504842271473157,152.3132781982422,160.44552612304688,0.5297317711292836,58.39027404785156,2.0749802589416504,8.97372817993164,66.48735809326172
Ko et. al (Etapas 3),Berea Upper Gray,0.22431770833333334,51.4560432434082,1.0,6.103381450765353,12.934116827943688,383071.0,14520.594680546896,428.46107999502425,6.00809910171905,83.47895050048828,96.65222930908203,0.5087987507672976,60.52823257446289,1.2746436595916748,7.844828128814697,63.4895133972168
Ko et. al (Etapas 3),Berea Upper Gray,0.22431770833333334,51.4560432434082,1.0,6.103381450765352,12.934116827943688,383071.0,14520.594680546892,428.4610799950242,6.00809910171905,70.86407470703125,96.41765594482422,0.48335690155614225,64.24765014648438,0.6264268159866333,11.84780216217041,64.8633804321289
Ko et. al (Etapas 3),Berea Upper Gray,0.22431770833333334,51.45604705810547,1.0,6.10338145076535,12.934116827943688,383071.0,14520.594680546892,428.4610799950242,6.00809910171905,79.4263687133789,97.00371551513672,0.5365965712964857,59.339054107666016,1.1885677576065063,11.695679664611816,63.28534698486328
Ko et. al (Etapas 3),Berea Upper Gray,0.22431770833333334,51.45604705810547,1.0,6.103381450765352,12.934116827943688,383071.0,14520.594680546896,428.4610799950242,6.00809910171905,96.95433807373047,124.914794921875,0.4156453357980378,61.806068420410156,1.0381965637207031,0.9076628088951111,65.74122619628906
Ko et. al (Etapas 3),Berea Upper Gray,0.211171875,333.5995788574219,1.0,6.542312437330129,15.16574876705335,362672.0,12735.857701710094,338.18251380814394,4.655282085437939,35.467655181884766,45.21102523803711,0.9250966056711936,45.245540618896484,0.7496718764305115,1.2513302564620972,59.8841438293457
Ko et. al (Etapas 3),Berea Upper Gray,0.211171875,333.5995788574219,1.0,6.542312437330128,15.16574876705335,362672.0,12735.857701710092,338.18251380814394,4.655282085437939,34.005855560302734,43.0287971496582,0.9334664161039952,44.78090286254883,0.6250753402709961,2.489393711090088,60.342586517333984
Ko et. al (Etapas 3),Berea Upper Gray,0.211171875,333.599609375,1.0,6.542312437330129,15.16574876705335,362672.0,12735.857701710094,338.18251380814394,4.655282085437939,34.73931884765625,42.20690155029297,0.9244147900729749,47.41123580932617,0.7812057137489319,4.177966594696045,59.5364990234375
Ko et. al (Etapas 3),Berea Upper Gray,0.211171875,333.599609375,1.0,6.542312437330128,15.16574876705335,362672.0,12735.857701710092,338.1825138081439,4.655282085437939,32.72859191894531,40.974700927734375,0.93873322787396,46.71438980102539,0.629393994808197,4.225491046905518,60.238494873046875
Ko et. al (Etapas 3),Berea Sinter Gray,0.2963738425925926,321.25897216796875,1.0,8.10727447861478,16.340135133594455,507537.0,15186.600962496494,284.1401243965819,-2.90457771142709,13.042651176452637,57.13943862915039,0.7862919900813651,37.255088806152344,0.558894693851471,5.6509857177734375,61.43937683105469
Ko et. al (Etapas 3),Berea Sinter Gray,0.2963738425925926,321.25897216796875,1.0,8.107274478614784,16.340135133594455,507537.0,15186.600962496494,284.14012439658194,-2.90457771142709,12.606562614440918,48.364906311035156,0.8062340120144457,33.95097351074219,0.5751967430114746,0.8700278401374817,60.665992736816406
Ko et. al (Etapas 3),Berea Sinter Gray,0.2963738425925926,321.25897216796875,1.0,8.10727447861478,16.340135133594455,507537.0,15186.600962496494,284.1401243965819,-2.90457771142709,5.893179893493652,42.254791259765625,0.8402434803043678,36.26404571533203,0.4903916120529175,5.081299781799316,61.624488830566406
Ko et. al (Etapas 3),Berea Sinter Gray,0.2963738425925926,321.25897216796875,1.0,8.107274478614784,16.340135133594455,507537.0,15186.600962496494,284.1401243965819,-2.90457771142709,10.179370880126953,41.586753845214844,0.8248369776756973,35.78206253051758,0.5538013577461243,4.381258487701416,61.30928421020508
Ko et. al (Etapas 3),Berea Sinter Gray,0.183734375,80.4773178100586,1.0,6.721650873229687,16.248076644763767,315413.0,11451.342612888035,355.56416135999933,9.618926873116425,17.24378204345703,59.69047927856445,0.6582948742104346,54.27469253540039,0.5821328163146973,0.916566014289856,63.8787956237793
Ko et. al (Etapas 3),Berea Sinter Gray,0.183734375,80.4773178100586,1.0,6.721650873229687,16.248076644763767,315413.0,11451.342612888035,355.56416135999916,9.618926873116425,2.024726390838623,49.23651885986328,0.7096221737983337,54.41172409057617,0.8152626156806946,11.346160888671875,64.66217041015625
Ko et. al (Etapas 3),Berea Sinter Gray,0.183734375,80.4773178100586,1.0,6.721650873229689,16.248076644763767,315413.0,11451.342612888035,355.5641613599993,9.618926873116425,18.768245697021484,63.965824127197266,0.6175554331372141,53.881500244140625,0.5762535929679871,4.457089424133301,64.96556854248047
Ko et. al (Etapas 3),Berea Sinter Gray,0.183734375,80.4773178100586,1.0,6.721650873229689,16.248076644763767,315413.0,11451.342612888035,355.5641613599993,9.618926873116425,6.6044182777404785,49.66344451904297,0.6761838212473552,53.742855072021484,0.8311397433280945,5.796128273010254,64.91873931884766
Ko et. al (Etapas 3),Berea Sinter Gray,0.2321423611111111,210.82369995117188,1.0,5.9507818754256325,13.379086400248642,398920.0,15508.641250001028,450.68322408918124,4.237500359821714,17.221073150634766,45.40314483642578,0.8674013004649431,47.62098693847656,0.6371946334838867,4.6069183349609375,58.875396728515625
Ko et. al (Etapas 3),Berea Sinter Gray,0.2321423611111111,210.8236846923828,1.0,5.950781875425633,13.379086400248642,398920.0,15508.64125000103,450.68322408918124,4.237500359821714,15.702964782714844,44.80702590942383,0.8385425659005626,49.7070198059082,1.0601792335510254,15.547167778015137,63.5737419128418
Ko et. al (Etapas 3),Berea Sinter Gray,0.2321423611111111,210.8236846923828,1.0,5.950781875425631,13.379086400248642,398920.0,15508.64125000103,450.68322408918124,4.237500359821714,10.114829063415527,44.57648468017578,0.8790944915447366,46.459835052490234,0.6582211852073669,8.242356300354004,58.16335678100586
Ko et. al (Etapas 3),Berea Sinter Gray,0.2321423611111111,210.82369995117188,1.0,5.9507818754256325,13.379086400248642,398920.0,15508.64125000103,450.68322408918124,4.237500359821714,24.981338500976562,42.742027282714844,0.848912818964337,48.24317169189453,0.9245449900627136,12.906845092773438,63.174034118652344
Ko et. al (Etapas 3),Berea Sinter Gray,0.2558773148148148,361.5379943847656,1.0,6.385958233869024,15.20690265531322,439541.0,14956.555287386307,255.95576017964868,-6.415933643392031,32.1395378112793,42.531898498535156,0.9424713108547623,42.45262145996094,1.287859559059143,5.280511856079102,57.3810920715332
Ko et. al (Etapas 3),Berea Sinter Gray,0.2558773148148148,361.5379943847656,1.0,6.385958233869023,15.20690265531322,439541.0,14956.555287386307,255.95576017964868,-6.415933643392031,26.475419998168945,39.92926025390625,0.9172141124202866,39.55515670776367,0.8106918931007385,3.0314106941223145,58.208274841308594
Ko et. al (Etapas 3),Berea Sinter Gray,0.2558773148148148,361.5379943847656,1.0,6.385958233869027,15.20690265531322,439541.0,14956.555287386307,255.95576017964862,-6.415933643392031,23.395038604736328,33.986270904541016,0.943140873017712,43.516502380371094,1.2315499782562256,3.0432286262512207,56.4263801574707
Ko et. al (Etapas 3),Berea Sinter Gray,0.2558773148148148,361.5379943847656,1.0,6.385958233869023,15.20690265531322,439541.0,14956.555287386307,255.95576017964862,-6.415933643392031,28.453275680541992,42.834930419921875,0.9013908120616406,41.62623977661133,0.8518356680870056,2.269482374191284,58.52559280395508
Ko et. al (Etapas 3),Berea Sinter Gray,0.2437945601851852,283.6801452636719,1.0,6.2949487015355,16.062377614122575,417248.0,15398.037287157957,341.00593481470736,-3.3820425407027765,27.236291885375977,54.32794952392578,0.8205762699374414,42.126338958740234,1.0812616348266602,7.354328632354736,59.819244384765625
Ko et. al (Etapas 3),Berea Sinter Gray,0.2437945601851852,283.68011474609375,1.0,6.294948701535501,16.062377614122575,417248.0,15398.037287157953,341.00593481470736,-3.3820425407027765,17.20148277282715,46.79520797729492,0.8264234002495976,42.337650299072266,0.7385624647140503,4.828388690948486,59.52916717529297
Ko et. al (Etapas 3),Berea Sinter Gray,0.2437945601851852,283.68011474609375,1.0,6.294948701535498,16.062377614122575,417248.0,15398.037287157957,341.00593481470736,-3.3820425407027765,13.01390266418457,42.15958786010742,0.8439601322546343,42.25640106201172,0.8954965472221375,7.720223426818848,60.4571418762207
Ko et. al (Etapas 3),Berea Sinter Gray,0.2437945601851852,283.68011474609375,1.0,6.2949487015355,16.062377614122575,417248.0,15398.037287157953,341.00593481470736,-3.3820425407027765,24.771085739135742,49.35525894165039,0.8317940768569335,43.367431640625,0.814436137676239,5.933125972747803,60.019893646240234
Ko et. al (Etapas 3),Berea Sinter Gray,0.23399768518518518,192.70013427734375,1.0,7.4364000136374795,16.155494658690014,400491.0,13827.344234046275,433.5225214482565,5.829049790740667,80.6986312866211,110.192626953125,0.6313689787220562,51.60369110107422,2.1270830631256104,13.757153511047363,65.21764373779297
Ko et. al (Etapas 3),Berea Sinter Gray,0.23399768518518518,192.7001495361328,1.0,7.436400013637482,16.155494658690014,400491.0,13827.344234046272,433.5225214482565,5.829049790740667,122.2498550415039,160.05056762695312,0.609890992795695,47.543296813964844,1.6998944282531738,1.327399492263794,62.84528732299805
Ko et. al (Etapas 3),Berea Sinter Gray,0.23399768518518518,192.70013427734375,1.0,7.436400013637483,16.155494658690014,400491.0,13827.344234046275,433.5225214482565,5.829049790740667,74.13471984863281,103.24507141113281,0.6242740901147659,52.04045104980469,1.9588688611984253,10.424616813659668,65.85233306884766
Ko et. al (Etapas 3),Berea Sinter Gray,0.23399768518518518,192.7001495361328,1.0,7.436400013637481,16.155494658690014,400491.0,13827.344234046272,433.5225214482565,5.829049790740667,71.11477661132812,101.3294448852539,0.6529506402171547,46.38876724243164,1.3356974124908447,7.763175010681152,62.33781814575195
Ko et. al (Etapas 3),Berea Sinter Gray,0.2334855324074074,300.5975646972656,1.0,5.743764026595541,11.814004250666148,400100.0,15314.52620774482,365.444904295619,-8.047271810083958,25.266084671020508,39.013648986816406,0.9045724373826202,43.78114318847656,0.8285070061683655,2.0029067993164062,60.14905548095703
Ko et. al (Etapas 3),Berea Sinter Gray,0.2334855324074074,300.5975341796875,1.0,5.74376402659554,11.814004250666148,400100.0,15314.526207744819,365.444904295619,-8.047271810083958,28.26698112487793,40.749732971191406,0.8937211325163338,45.66053771972656,0.6278638243675232,3.7433083057403564,59.5255012512207
Ko et. al (Etapas 3),Berea Sinter Gray,0.2334855324074074,300.5975646972656,1.0,5.743764026595543,11.814004250666148,400100.0,15314.526207744819,365.444904295619,-8.047271810083958,29.379638671875,40.408485412597656,0.9093531447854148,44.33086395263672,0.7887036800384521,4.246668338775635,60.32897186279297
Ko et. al (Etapas 3),Berea Sinter Gray,0.2334855324074074,300.5975646972656,1.0,5.74376402659554,11.814004250666148,400100.0,15314.526207744819,365.444904295619,-8.047271810083958,31.157875061035156,42.06608200073242,0.9065106399372803,46.23683166503906,0.6342262625694275,4.328030586242676,58.60697937011719
Ko et. al (Etapas 3),Berea Sinter Gray,0.22402604166666668,238.21185302734375,1.0,6.396587504660835,13.638180873463709,384602.0,13583.011148981886,361.68815520605403,6.06778220537851,8.920332908630371,85.1597900390625,0.5832701636049162,41.91164016723633,1.0742310285568237,6.69655704498291,60.8990364074707
Ko et. al (Etapas 3),Berea Sinter Gray,0.22402604166666668,238.21185302734375,1.0,6.396587504660834,13.638180873463709,384602.0,13583.011148981885,361.68815520605403,6.06778220537851,26.27760887145996,85.50171661376953,0.6123403675984909,42.838356018066406,0.8597612380981445,5.568970680236816,59.57514572143555
Ko et. al (Etapas 3),Berea Sinter Gray,0.22402604166666668,238.21185302734375,1.0,6.396587504660838,13.638180873463709,384602.0,13583.011148981885,361.68815520605415,6.06778220537851,21.27874183654785,85.68132019042969,0.6243371114156236,42.107765197753906,1.182900309562683,7.707179546356201,61.177974700927734
Ko et. al (Etapas 3),Berea Sinter Gray,0.22402604166666668,238.21185302734375,1.0,6.396587504660838,13.638180873463709,384602.0,13583.011148981885,361.68815520605403,6.06778220537851,21.350299835205078,89.35575866699219,0.6172028015492124,44.11812973022461,0.8196755647659302,4.438796520233154,60.17830276489258
Ko et. al (Etapas 3),Berea Sinter Gray,0.2417008101851852,171.92324829101562,1.0,7.040273888673862,15.107070451545495,415041.0,14201.104874512863,290.6501454459983,-9.061884572294792,29.797393798828125,84.6865463256836,0.6482539696647931,45.30067825317383,1.0647692680358887,7.7875213623046875,62.732017517089844
Ko et. al (Etapas 3),Berea Sinter Gray,0.2417008101851852,171.92323303222656,1.0,7.040273888673859,15.107070451545495,415041.0,14201.104874512863,290.65014544599836,-9.061884572294792,39.95655059814453,91.88259887695312,0.6267506427006331,45.13274383544922,1.1926164627075195,7.603513240814209,62.8989143371582
Ko et. al (Etapas 3),Berea Sinter Gray,0.2417008101851852,171.92323303222656,1.0,7.040273888673862,15.107070451545495,415041.0,14201.104874512865,290.6501454459983,-9.061884572294792,50.32597351074219,106.65814971923828,0.614396646438596,45.88629150390625,1.3234483003616333,12.749724388122559,63.16102981567383
Ko et. al (Etapas 3),Berea Sinter Gray,0.2417008101851852,171.92323303222656,1.0,7.040273888673857,15.107070451545495,415041.0,14201.104874512863,290.65014544599836,-9.061884572294792,55.425804138183594,99.9454345703125,0.6589275247035983,43.8961296081543,1.235970377922058,5.506381988525391,63.58496856689453
Ko et. al (Etapas 3),Berea Sinter Gray,0.20153530092592592,65.78933715820312,1.0,6.759722719595069,16.031218930573424,344115.0,12799.278092406646,361.11996794802343,-0.2486795985810865,224.5796661376953,285.9164733886719,0.3987993012142329,53.384071350097656,3.121907949447632,4.072107791900635,64.6050033569336
Ko et. al (Etapas 3),Berea Sinter Gray,0.20153530092592592,65.78933715820312,1.0,6.759722719595069,16.031218930573424,344115.0,12799.278092406648,361.1199679480234,-0.2486795985810865,181.75730895996094,229.30052185058594,0.41998652834988853,53.856449127197266,2.321082353591919,4.877384662628174,66.6222152709961
Ko et. al (Etapas 3),Berea Sinter Gray,0.20153530092592592,65.78933715820312,1.0,6.75972271959507,16.031218930573424,344115.0,12799.278092406648,361.11996794802343,-0.2486795985810865,218.375244140625,268.1361999511719,0.42056062463222565,52.50562286376953,3.0885376930236816,5.7840576171875,65.03388977050781
Ko et. al (Etapas 3),Berea Sinter Gray,0.20153530092592592,65.78933715820312,1.0,6.75972271959507,16.031218930573424,344115.0,12799.278092406648,361.1199679480234,-0.2486795985810865,240.9864959716797,308.1127014160156,0.37405221787298654,50.57683563232422,3.0353779792785645,5.923956394195557,66.23095703125
Ko et. al (Etapas 3),Berea Sinter Gray,0.27589756944444443,259.7210388183594,1.0,5.819362363993511,11.874341040492869,472364.0,16951.994464485608,264.2814021911593,-14.154842751235442,9.010152816772461,50.16415023803711,0.7196126253802299,38.79482650756836,0.5605968236923218,5.874788761138916,55.93215560913086
Ko et. al (Etapas 3),Berea Sinter Gray,0.27589756944444443,259.7210388183594,1.0,5.81936236399351,11.874341040492869,472364.0,16951.994464485608,264.2814021911593,-14.154842751235442,7.194005966186523,47.58122634887695,0.7427299152361605,37.13960266113281,0.49092209339141846,2.084439277648926,54.37642288208008
Ko et. al (Etapas 3),Berea Sinter Gray,0.27589756944444443,259.7210388183594,1.0,5.819362363993512,11.874341040492869,472364.0,16951.994464485604,264.28140219115926,-14.154842751235442,11.154263496398926,52.357330322265625,0.685430973947072,41.29484939575195,0.6114396452903748,3.8503167629241943,56.30562973022461
Ko et. al (Etapas 3),Berea Sinter Gray,0.27589756944444443,259.7210388183594,1.0,5.81936236399351,11.874341040492869,472364.0,16951.994464485604,264.2814021911594,-14.154842751235442,10.063488006591797,50.97746658325195,0.7002380069523344,38.95758819580078,0.5268601775169373,0.8578552603721619,54.5655632019043
Ko et. al (Etapas 3),Berea Sinter Gray,0.21090162037037036,201.7066650390625,1.0,6.246698411241542,16.552945645130883,360550.0,13327.921280545384,322.2555662719232,-1.4821304075432753,12.045825958251953,33.05705261230469,0.9445975118286666,48.28628158569336,0.9015970230102539,7.390261650085449,61.38170623779297
Ko et. al (Etapas 3),Berea Sinter Gray,0.21090162037037036,201.7066650390625,1.0,6.246698411241541,16.552945645130883,360550.0,13327.921280545384,322.25556627192316,-1.4821304075432753,14.471576690673828,34.270809173583984,0.9379423483263974,48.884864807128906,0.8059923648834229,2.5386624336242676,63.31884765625
Ko et. al (Etapas 3),Berea Sinter Gray,0.21090162037037036,201.7066650390625,1.0,6.246698411241541,16.552945645130883,360550.0,13327.921280545383,322.25556627192316,-1.4821304075432753,4.163376331329346,31.940391540527344,0.9512882176255831,48.20869445800781,1.0821892023086548,2.730085611343384,61.55546951293945
Ko et. al (Etapas 3),Berea Sinter Gray,0.21090162037037036,201.70663452148438,1.0,6.246698411241542,16.552945645130883,360550.0,13327.921280545383,322.25556627192316,-1.4821304075432753,3.430654525756836,29.745037078857422,0.9544775597955806,46.647308349609375,0.8986732363700867,0.32260316610336304,62.556396484375
Ko et. al (Etapas 3),Berea Sinter Gray,0.29444560185185187,351.39263916015625,1.0,7.0343515027581915,12.572792503698604,506736.0,15328.355365541347,273.98126460638724,-4.565757429948747,23.26073455810547,38.160179138183594,0.9483002023914823,45.183937072753906,0.8585575222969055,0.5881398916244507,61.891544342041016
Ko et. al (Etapas 3),Berea Sinter Gray,0.29444560185185187,351.39263916015625,1.0,7.0343515027581915,12.572792503698604,506736.0,15328.355365541345,273.98126460638724,-4.565757429948747,17.42534637451172,34.200531005859375,0.9455647388105034,45.22389221191406,0.6695005297660828,0.586211621761322,60.23325729370117
Ko et. al (Etapas 3),Berea Sinter Gray,0.29444560185185187,351.39263916015625,1.0,7.03435150275819,12.572792503698604,506736.0,15328.355365541347,273.98126460638724,-4.565757429948747,22.47519302368164,39.58780288696289,0.9545342600084507,46.389137268066406,0.8202918767929077,0.5890921354293823,61.04964828491211
Ko et. al (Etapas 3),Berea Sinter Gray,0.29444560185185187,351.39263916015625,1.0,7.0343515027581915,12.572792503698604,506736.0,15328.355365541347,273.98126460638724,-4.565757429948747,25.31130027770996,40.69073486328125,0.9432192475130233,45.23307418823242,0.6099807620048523,2.4804208278656006,60.699424743652344
Ko et. al (Etapas 3),Berea Sinter Gray,0.2637673611111111,467.09820556640625,1.0,7.338652203129904,16.401220785827423,452316.0,13461.759612589458,240.84304141046368,2.7454227683351946,0.42398887872695923,36.01072692871094,0.8603701136028187,43.64125442504883,1.0932397842407227,16.68912124633789,59.98386001586914
Ko et. al (Etapas 3),Berea Sinter Gray,0.2637673611111111,467.09820556640625,1.0,7.338652203129906,16.401220785827423,452316.0,13461.759612589458,240.8430414104636,2.7454227683351946,6.822059631347656,38.296993255615234,0.8781258068434079,40.74760055541992,0.7870782017707825,8.98720645904541,61.16666793823242
Ko et. al (Etapas 3),Berea Sinter Gray,0.2637673611111111,467.0981750488281,1.0,7.338652203129905,16.401220785827423,452316.0,13461.759612589462,240.8430414104636,2.7454227683351946,4.095507621765137,30.375457763671875,0.8817046964437191,44.67938232421875,1.022922396659851,16.082714080810547,59.619239807128906
Ko et. al (Etapas 3),Berea Sinter Gray,0.2637673611111111,467.0981750488281,1.0,7.338652203129904,16.401220785827423,452316.0,13461.759612589458,240.8430414104636,2.7454227683351946,6.723801612854004,36.80636215209961,0.8762356485138193,41.24518585205078,0.8079282641410828,9.82394027709961,61.09293746948242
Ko et. al (Etapas 3),Berea Sinter Gray,0.26053645833333333,173.81398010253906,1.0,6.132821543266831,12.845233364400302,448770.0,15477.272585726214,295.18858685583314,-5.789261054967693,33.21049880981445,46.43618392944336,0.8836979181295099,46.04106521606445,0.4871910810470581,0.1489853411912918,60.996124267578125
Ko et. al (Etapas 3),Berea Sinter Gray,0.26053645833333333,173.81398010253906,1.0,6.132821543266828,12.845233364400302,448770.0,15477.27258572621,295.18858685583314,-5.789261054967693,33.53288269042969,47.916847229003906,0.8764004683990283,47.500431060791016,0.43240460753440857,9.578607559204102,61.975372314453125
Ko et. al (Etapas 3),Berea Sinter Gray,0.26053645833333333,173.81398010253906,1.0,6.132821543266831,12.845233364400302,448770.0,15477.272585726214,295.18858685583314,-5.789261054967693,35.15557861328125,45.59444046020508,0.8507520902867173,48.498451232910156,0.5232682228088379,9.942770957946777,61.87342071533203
Ko et. al (Etapas 3),Berea Sinter Gray,0.26053645833333333,173.81398010253906,1.0,6.132821543266831,12.845233364400302,448770.0,15477.27258572621,295.18858685583314,-5.789261054967693,34.53870391845703,45.252601623535156,0.8994767514188893,44.80379104614258,0.43917274475097656,7.472309589385986,61.667076110839844
Ko et. al (Etapas 3),Berea Sinter Gray,0.1819039351851852,193.2436981201172,1.0,6.491551930588337,12.814906820871572,312182.0,11452.674549820886,356.81375030018137,10.58380371561104,15.348705291748047,34.204429626464844,0.885495906304307,46.544708251953125,0.5571983456611633,5.931943416595459,57.49705123901367
Ko et. al (Etapas 3),Berea Sinter Gray,0.1819039351851852,193.2436981201172,1.0,6.4915519305883365,12.814906820871572,312182.0,11452.674549820886,356.81375030018137,10.58380371561104,18.14217758178711,35.12611389160156,0.8745014858226765,47.139034271240234,0.6245819330215454,5.08040189743042,58.3825798034668
Ko et. al (Etapas 3),Berea Sinter Gray,0.1819039351851852,193.2436981201172,1.0,6.491551930588338,12.814906820871572,312182.0,11452.674549820887,356.81375030018137,10.58380371561104,16.093225479125977,30.039819717407227,0.9270399132139022,47.76017379760742,0.5203427076339722,0.5657429099082947,57.28019332885742
Ko et. al (Etapas 3),Berea Sinter Gray,0.1819039351851852,193.24371337890625,1.0,6.491551930588339,12.814906820871572,312182.0,11452.674549820884,356.81375030018137,10.58380371561104,20.290054321289062,37.46794891357422,0.8721854442584965,49.585662841796875,0.5954447984695435,7.349643707275391,59.62016296386719
Ko et. al (Etapas 3),Berea Sinter Gray,0.23697858796296295,250.72967529296875,1.0,7.2214511327666395,17.14642781666828,406157.0,13222.343654983677,290.8280373864502,-0.3580986219567645,15.746569633483887,56.21687316894531,0.8065870530361404,40.99372100830078,1.021240234375,4.250648021697998,59.321075439453125
Ko et. al (Etapas 3),Berea Sinter Gray,0.23697858796296295,250.72967529296875,1.0,7.2214511327666395,17.14642781666828,406157.0,13222.343654983673,290.82803738645015,-0.3580986219567645,15.867443084716797,45.74009323120117,0.8457532601436666,40.229671478271484,0.503352165222168,1.7440228462219238,62.09464645385742
Ko et. al (Etapas 3),Berea Sinter Gray,0.23697858796296295,250.72970581054688,1.0,7.221451132766637,17.14642781666828,406157.0,13222.343654983677,290.8280373864502,-0.3580986219567645,23.462390899658203,60.50941848754883,0.8100056009538363,40.70613098144531,1.101119875907898,8.692899703979492,59.69525146484375
Ko et. al (Etapas 3),Berea Sinter Gray,0.23697858796296295,250.72967529296875,1.0,7.22145113276664,17.14642781666828,406157.0,13222.343654983673,290.8280373864502,-0.3580986219567645,25.702518463134766,53.496925354003906,0.864191129342901,41.10322570800781,0.6586016416549683,6.864271640777588,60.699058532714844
Ko et. al (Etapas 3),Berea Sinter Gray,0.23683391203703705,162.49485778808594,1.0,6.0804375917421485,11.78123244549265,404566.0,14458.035555723958,330.65166975963626,2.9742079990297943,9.436383247375488,58.424625396728516,0.6651268540796932,40.138004302978516,0.4890240728855133,8.563475608825684,59.962615966796875
Ko et. al (Etapas 3),Berea Sinter Gray,0.23683391203703705,162.4948272705078,1.0,6.080437591742152,11.78123244549265,404566.0,14458.035555723962,330.65166975963643,2.9742079990297943,10.472983360290527,53.466644287109375,0.7178494076159172,41.9940185546875,0.5871340036392212,9.940396308898926,62.316993713378906
Ko et. al (Etapas 3),Berea Sinter Gray,0.23683391203703705,162.4948272705078,1.0,6.08043759174215,11.78123244549265,404566.0,14458.035555723958,330.65166975963626,2.9742079990297943,14.432183265686035,58.672264099121094,0.6506541391986989,40.39005661010742,0.4857853353023529,9.73796558380127,60.39230728149414
Ko et. al (Etapas 3),Berea Sinter Gray,0.23683391203703705,162.49485778808594,1.0,6.08043759174215,11.78123244549265,404566.0,14458.035555723962,330.65166975963626,2.9742079990297943,9.941346168518066,59.45182418823242,0.68272847266458,42.065040588378906,0.5749680995941162,9.776382446289062,61.43425750732422
Ko et. al (Etapas 3),Berea Sinter Gray,0.25757002314814814,549.2399291992188,1.0,6.404093692751436,11.413988870062543,441258.0,14883.467358575104,298.89675221661264,-4.5259686941757735,37.181617736816406,41.15308380126953,0.9468835159607083,42.32829666137695,0.4968213438987732,0.0038869220297783613,58.55815505981445
Ko et. al (Etapas 3),Berea Sinter Gray,0.25757002314814814,549.239990234375,1.0,6.404093692751435,11.413988870062543,441258.0,14883.467358575104,298.89675221661264,-4.5259686941757735,39.69990158081055,44.63978958129883,0.9173273511474721,40.343994140625,0.6121381521224976,1.5910594463348389,59.173553466796875
Ko et. al (Etapas 3),Berea Sinter Gray,0.25757002314814814,549.2399291992188,1.0,6.404093692751436,11.413988870062543,441258.0,14883.467358575108,298.8967522166127,-4.5259686941757735,37.59671401977539,43.12611389160156,0.9160489692412143,40.70907974243164,0.5083450078964233,2.268432855606079,58.871952056884766
Ko et. al (Etapas 3),Berea Sinter Gray,0.25757002314814814,549.2399291992188,1.0,6.404093692751433,11.413988870062543,441258.0,14883.467358575108,298.89675221661275,-4.5259686941757735,34.65920639038086,43.353973388671875,0.9310226667496833,41.61717224121094,0.6296387910842896,3.0515899658203125,59.310672760009766
Ko et. al (Etapas 3),Berea Sinter Gray,0.21687152777777777,223.20127868652344,1.0,6.104884700097545,11.814004250666148,370493.0,13168.662624525992,321.3848173383555,4.884067316132539,31.11758041381836,39.016265869140625,0.910783322602815,48.78559875488281,0.7319768071174622,6.424632549285889,61.099552154541016
Ko et. al (Etapas 3),Berea Sinter Gray,0.21687152777777777,223.20127868652344,1.0,6.104884700097543,11.814004250666148,370493.0,13168.662624525992,321.38481733835556,4.884067316132539,22.581327438354492,30.994298934936523,0.9382738046063653,47.279335021972656,0.8065952062606812,1.0649757385253906,62.84305191040039
Ko et. al (Etapas 3),Berea Sinter Gray,0.21687152777777777,223.20127868652344,1.0,6.104884700097545,11.814004250666148,370493.0,13168.662624525992,321.3848173383555,4.884067316132539,25.578073501586914,35.591121673583984,0.9208300787787584,47.81434631347656,0.7659462690353394,7.740640640258789,60.5500373840332
Ko et. al (Etapas 3),Berea Sinter Gray,0.21687152777777777,223.20127868652344,1.0,6.104884700097545,11.814004250666148,370493.0,13168.662624525992,321.3848173383555,4.884067316132539,22.173612594604492,31.445261001586914,0.9382727146040897,46.50387191772461,0.7732742428779602,0.42728403210639954,62.575416564941406
Ko et. al (Etapas 3),Berea Sinter Gray,0.25722337962962966,323.1705322265625,1.0,7.293842419049259,16.062377614122575,442530.0,13969.138884427828,299.7089904544743,-4.237500359821714,22.231523513793945,59.8609619140625,0.7455180911288216,39.695369720458984,0.8674072027206421,5.037629127502441,58.40138626098633
Ko et. al (Etapas 3),Berea Sinter Gray,0.25722337962962966,323.1705322265625,1.0,7.293842419049258,16.062377614122575,442530.0,13969.138884427828,299.7089904544743,-4.237500359821714,20.80453109741211,61.0855827331543,0.690376269018551,39.399147033691406,0.7968195080757141,5.335264205932617,60.48931121826172
Ko et. al (Etapas 3),Berea Sinter Gray,0.25722337962962966,323.1705322265625,1.0,7.293842419049258,16.062377614122575,442530.0,13969.138884427828,299.7089904544743,-4.237500359821714,19.692270278930664,55.257347106933594,0.7767275978588262,38.81867980957031,0.8122954368591309,1.997741937637329,59.3224983215332
Ko et. al (Etapas 3),Berea Sinter Gray,0.25722337962962966,323.1705322265625,1.0,7.293842419049261,16.062377614122575,442530.0,13969.138884427828,299.7089904544742,-4.237500359821714,28.417999267578125,69.84452056884766,0.6592675416976232,39.41866683959961,0.8982610702514648,9.03570556640625,60.3392448425293
Ko et. al (Etapas 3),Berea Sinter Gray,0.25251388888888887,106.27232360839844,1.0,5.971852613767735,13.638180873463709,432315.0,15552.309174210057,283.64144216368385,-5.988204733832562,10.900829315185547,41.68927764892578,0.7746927388039214,46.727943420410156,0.7966943383216858,8.447782516479492,63.54332733154297
Ko et. al (Etapas 3),Berea Sinter Gray,0.25251388888888887,106.2723159790039,1.0,5.9718526137677355,13.638180873463709,432315.0,15552.309174210057,283.64144216368396,-5.988204733832562,16.660324096679688,41.67253875732422,0.8015838984959335,44.4056282043457,0.5142791867256165,5.392817497253418,62.977012634277344
Ko et. al (Etapas 3),Berea Sinter Gray,0.25251388888888887,106.27232360839844,1.0,5.971852613767735,13.638180873463709,432315.0,15552.309174210057,283.64144216368396,-5.988204733832562,14.799018859863281,37.532958984375,0.8118350513203045,45.48435974121094,0.6602931618690491,1.454949140548706,61.64485549926758
Ko et. al (Etapas 3),Berea Sinter Gray,0.25251388888888887,106.27232360839844,1.0,5.971852613767734,13.638180873463709,432315.0,15552.309174210055,283.64144216368396,-5.988204733832562,11.907444953918457,38.275123596191406,0.8021380749508414,41.99146270751953,0.46464982628822327,1.0179002285003662,62.949729919433594
Ko et. al (Etapas 3),Berea Sinter Gray,0.30217881944444447,583.9660034179688,1.0,5.9995558405779175,13.19807125918239,517965.0,17613.08168585468,185.2983551019102,-17.50704374010849,16.031627655029297,30.484037399291992,0.9070266535124585,34.0359001159668,0.4337989091873169,6.743217468261719,54.76848602294922
Ko et. al (Etapas 3),Berea Sinter Gray,0.30217881944444447,583.9660034179688,1.0,5.9995558405779175,13.19807125918239,517965.0,17613.08168585468,185.2983551019102,-17.50704374010849,9.34716796875,33.5891227722168,0.8927728508527009,34.09507751464844,0.37896764278411865,7.321627616882324,53.33372497558594
Ko et. al (Etapas 3),Berea Sinter Gray,0.30217881944444447,583.9661865234375,1.0,5.999555840577918,13.19807125918239,517965.0,17613.081685854682,185.2983551019102,-17.50704374010849,9.328309059143066,29.220394134521484,0.9120302774147503,33.84964370727539,0.45337191224098206,6.092011451721191,54.727657318115234
Ko et. al (Etapas 3),Berea Sinter Gray,0.30217881944444447,583.9661865234375,1.0,5.999555840577917,13.19807125918239,517965.0,17613.08168585468,185.29835510191018,-17.50704374010849,12.568031311035156,31.280088424682617,0.9019644137913788,33.7742805480957,0.3583890199661255,7.745913028717041,53.722171783447266
Ko et. al (Etapas 3),Berea Sinter Gray,0.2755185185185185,244.35406494140625,1.0,6.679321634062774,16.248076644763767,474108.0,16239.096914568676,299.3189131507641,-9.977025495073189,44.78714370727539,53.56001281738281,0.8118235173172703,47.732582092285156,1.1893175840377808,0.7237496972084045,56.118404388427734
Ko et. al (Etapas 3),Berea Sinter Gray,0.2755185185185185,244.35406494140625,1.0,6.679321634062778,16.248076644763767,474108.0,16239.096914568676,299.3189131507641,-9.977025495073189,51.62788391113281,65.81582641601562,0.7643570787556714,48.24164581298828,0.7881134152412415,2.443403720855713,58.71131134033203
Ko et. al (Etapas 3),Berea Sinter Gray,0.2755185185185185,244.35406494140625,1.0,6.679321634062776,16.248076644763767,474108.0,16239.096914568676,299.3189131507641,-9.977025495073189,54.42989730834961,59.203636169433594,0.8052833895927136,48.53110122680664,1.3077141046524048,0.4638515114784241,56.24616622924805
Ko et. al (Etapas 3),Berea Sinter Gray,0.2755185185185185,244.35406494140625,1.0,6.679321634062777,16.248076644763767,474108.0,16239.096914568676,299.3189131507641,-9.977025495073189,51.6845703125,61.108009338378906,0.8074583531127625,49.238338470458984,0.7933144569396973,4.164299488067627,58.53936767578125
Ko et. al (Etapas 3),Berea Sinter Gray,0.1459074074074074,21.29952621459961,1.0,5.535100241992569,10.56441163817605,249933.0,10015.403053026967,299.4960380565989,7.908011234878549,177.15863037109375,164.20994567871094,0.6556063938329965,56.092613220214844,1.5819051265716553,26.85236167907715,64.19876861572266
Ko et. al (Etapas 3),Berea Sinter Gray,0.1459074074074074,21.29952621459961,1.0,5.53510024199257,10.56441163817605,249933.0,10015.403053026967,299.496038056599,7.908011234878549,139.8721466064453,132.18678283691406,0.6341965961975247,58.68930435180664,1.7551887035369873,6.344860076904297,66.7168960571289
Ko et. al (Etapas 3),Berea Sinter Gray,0.1459074074074074,21.299530029296875,1.0,5.535100241992568,10.56441163817605,249933.0,10015.403053026967,299.4960380565989,7.908011234878549,192.34019470214844,180.0095672607422,0.6427041370724887,59.956844329833984,1.5171793699264526,38.299198150634766,64.44895935058594
Ko et. al (Etapas 3),Berea Sinter Gray,0.1459074074074074,21.299530029296875,1.0,5.535100241992567,10.56441163817605,249933.0,10015.403053026968,299.496038056599,7.908011234878549,133.23110961914062,125.90050506591797,0.5875175384428036,60.655494689941406,1.474399209022522,16.017871856689453,67.41142272949219
Ko et. al (Etapas 3),Berea Sinter Gray,0.21372916666666666,145.71746826171875,1.0,6.034211509321346,13.076694972014252,367548.0,13130.318580025381,299.346923630351,2.576320641300056,7.724153518676758,40.99911117553711,0.7642628370426648,46.19212341308594,0.5697827935218811,4.323471546173096,60.98596954345703
Ko et. al (Etapas 3),Berea Sinter Gray,0.21372916666666666,145.71746826171875,1.0,6.034211509321346,13.076694972014252,367548.0,13130.318580025381,299.346923630351,2.576320641300056,15.302122116088867,37.95805358886719,0.8275829991077887,45.328670501708984,0.5841460227966309,3.967928886413574,58.98429489135742
Ko et. al (Etapas 3),Berea Sinter Gray,0.21372916666666666,145.71746826171875,1.0,6.034211509321345,13.076694972014252,367548.0,13130.318580025378,299.346923630351,2.576320641300056,10.503506660461426,39.63533401489258,0.828122170165309,46.84408950805664,0.5846479535102844,2.63630747795105,59.72035217285156
Ko et. al (Etapas 3),Berea Sinter Gray,0.21372916666666666,145.71746826171875,1.0,6.034211509321348,13.076694972014252,367548.0,13130.318580025381,299.346923630351,2.576320641300056,12.979165077209473,38.37933349609375,0.812347103380926,43.93198013305664,0.6476419568061829,4.372592449188232,59.27482604980469
Ko et. al (Etapas 3),Berea Sinter Gray,0.24727546296296296,471.42608642578125,1.0,6.152128943114022,10.56441163817605,423754.00000000006,14747.492331423804,348.9726461290519,-1.3130282805081366,54.73183822631836,56.71265411376953,0.8535558438147615,42.59988021850586,0.5712572932243347,9.332086563110352,58.20916748046875
Ko et. al (Etapas 3),Berea Sinter Gray,0.24727546296296296,471.42608642578125,1.0,6.152128943114021,10.56441163817605,423754.00000000006,14747.4923314238,348.9726461290517,-1.3130282805081366,50.147735595703125,54.0954704284668,0.9022786562088743,41.37715148925781,0.5644365549087524,2.900269031524658,59.6148681640625
Ko et. al (Etapas 3),Berea Sinter Gray,0.24727546296296296,471.42608642578125,1.0,6.152128943114024,10.56441163817605,423754.00000000006,14747.492331423804,348.9726461290519,-1.3130282805081366,54.04533004760742,55.77110290527344,0.8889197296983326,43.82867431640625,0.5850586891174316,5.701120853424072,59.7254524230957
Ko et. al (Etapas 3),Berea Sinter Gray,0.24727546296296296,471.4261474609375,1.0,6.152128943114022,10.56441163817605,423754.00000000006,14747.4923314238,348.9726461290519,-1.3130282805081366,52.51033020019531,55.692325592041016,0.8605835476015968,39.991050720214844,0.5705450773239136,5.430278778076172,58.607948303222656
Ko et. al (Etapas 3),Berea Sinter Gray,0.17096238425925925,147.62864685058594,1.0,6.3560179590119805,12.814906820871572,292406.0,11282.027478169071,372.7345560153072,9.797976184094807,9.762313842773438,47.757652282714844,0.7781035305142765,46.7784538269043,0.830978512763977,0.8968097567558289,60.256412506103516
Ko et. al (Etapas 3),Berea Sinter Gray,0.17096238425925925,147.62863159179688,1.0,6.3560179590119805,12.814906820871572,292406.0,11282.027478169071,372.7345560153072,9.797976184094807,0.22285516560077667,48.09037399291992,0.7744557683498807,47.72100067138672,1.2335785627365112,12.031686782836914,62.878883361816406
Ko et. al (Etapas 3),Berea Sinter Gray,0.17096238425925925,147.62864685058594,1.0,6.356017959011982,12.814906820871572,292406.0,11282.027478169071,372.7345560153072,9.797976184094807,10.46350383758545,44.158878326416016,0.8063240504764689,48.474300384521484,0.8091492652893066,0.25704076886177063,60.36347198486328
Ko et. al (Etapas 3),Berea Sinter Gray,0.17096238425925925,147.62864685058594,1.0,6.3560179590119805,12.814906820871572,292406.0,11282.027478169071,372.7345560153072,9.797976184094807,5.262296676635742,43.79280090332031,0.7849844244356678,49.23472213745117,1.087175726890564,5.839510917663574,62.58526611328125
Ko et. al (Etapas 3),Berea Sinter Gray,0.2202795138888889,315.7602844238281,1.0,5.839421309154931,11.224970376747754,377924.0,13714.356327329218,313.3797520328093,1.0245599461540762,49.42284393310547,53.15480041503906,0.9248268397235176,40.940155029296875,0.6834535598754883,0.4865715205669403,57.85979080200195
Ko et. al (Etapas 3),Berea Sinter Gray,0.2202795138888889,315.7602844238281,1.0,5.839421309154931,11.224970376747754,377924.0,13714.356327329218,313.3797520328093,1.0245599461540762,49.59678268432617,52.690460205078125,0.9309717305370322,40.55731964111328,0.5275946855545044,3.2722511291503906,57.3919677734375
Ko et. al (Etapas 3),Berea Sinter Gray,0.2202795138888889,315.76031494140625,1.0,5.839421309154932,11.224970376747754,377924.0,13714.356327329218,313.3797520328093,1.0245599461540762,48.391395568847656,51.6890869140625,0.921626100811406,41.70404052734375,0.6942509412765503,3.4441323280334473,57.96775817871094
Ko et. al (Etapas 3),Berea Sinter Gray,0.2202795138888889,315.7602844238281,1.0,5.839421309154932,11.224970376747754,377924.0,13714.356327329218,313.3797520328093,1.0245599461540762,48.0709228515625,51.530784606933594,0.9391508738156145,40.89457702636719,0.5949551463127136,3.35427188873291,57.48576354980469
Ko et. al (Etapas 3),Berea Sinter Gray,0.26019791666666664,276.2769470214844,1.0,8.45064011160284,16.643313937698313,445905.99999999994,12338.075019136024,220.09261900872943,2.6956868486189776,33.894405364990234,61.58914566040039,0.674296616114189,39.20147705078125,0.9483780264854431,17.703758239746094,63.1605110168457
Ko et. al (Etapas 3),Berea Sinter Gray,0.26019791666666664,276.2769470214844,1.0,8.450640111602844,16.643313937698313,445905.99999999994,12338.075019136022,220.09261900872949,2.6956868486189776,50.69554901123047,69.77838134765625,0.6908889134715077,40.21242141723633,1.1245276927947998,20.434141159057617,61.67686080932617
Ko et. al (Etapas 3),Berea Sinter Gray,0.26019791666666664,276.2769470214844,1.0,8.45064011160284,16.643313937698313,445905.99999999994,12338.075019136024,220.09261900872949,2.6956868486189776,54.95063018798828,60.33354949951172,0.6434211373387433,37.50853729248047,1.1900579929351807,18.337831497192383,63.08414077758789
Ko et. al (Etapas 3),Berea Sinter Gray,0.26019791666666664,276.2769470214844,1.0,8.45064011160284,16.643313937698313,445905.99999999994,12338.075019136022,220.09261900872949,2.6956868486189776,46.03948974609375,66.42424774169922,0.6334167611458167,39.06953048706055,0.9948685169219971,17.1967830657959,59.98139190673828
Ko et. al (Etapas 3),Berea Sinter Gray,0.22227488425925926,85.61690521240234,1.0,6.86384316047597,15.006515897782995,379366.0,12909.20109281321,333.3917925737638,-1.6313381666919275,313.5613098144531,275.9224853515625,0.580147598552093,42.795196533203125,3.538358688354492,3.2805516719818115,61.62197494506836
Ko et. al (Etapas 3),Berea Sinter Gray,0.22227488425925926,85.61690521240234,1.0,6.863843160475969,15.006515897782995,379366.0,12909.20109281321,333.3917925737638,-1.6313381666919275,353.634521484375,315.9791259765625,0.5764268927133589,42.49001693725586,4.4833879470825195,4.848942756652832,61.18384552001953
Ko et. al (Etapas 3),Berea Sinter Gray,0.22227488425925926,85.61690521240234,1.0,6.863843160475967,15.006515897782995,379366.0,12909.20109281321,333.39179257376384,-1.6313381666919275,331.864990234375,313.95703125,0.5736189284309384,42.801483154296875,3.857311725616455,6.945492744445801,62.69411087036133
Ko et. al (Etapas 3),Berea Sinter Gray,0.22227488425925926,85.61690521240234,1.0,6.86384316047597,15.006515897782995,379366.0,12909.201092813208,333.3917925737638,-1.6313381666919275,344.9613952636719,310.03179931640625,0.5854515112426638,40.60685348510742,4.295398712158203,4.422201156616211,60.518463134765625
Ko et. al (Etapas 3),Berea Sinter Gray,0.20059027777777777,10.227599143981934,1.0,5.449667609967012,9.5097124436397,343275.0,13039.299084853876,301.607985951128,-0.3183098861837907,234.36497497558594,252.8762969970703,0.2316406750125782,56.83594512939453,3.467751979827881,20.640941619873047,64.7986831665039
Ko et. al (Etapas 3),Berea Sinter Gray,0.20059027777777777,10.227599143981934,1.0,5.449667609967012,9.5097124436397,343275.0,13039.299084853876,301.60798595112806,-0.3183098861837907,238.1376495361328,276.09588623046875,0.16476460732481785,54.2486686706543,3.2217252254486084,18.72903060913086,65.97022247314453
Ko et. al (Etapas 3),Berea Sinter Gray,0.20059027777777777,10.227599143981934,1.0,5.449667609967013,9.5097124436397,343275.0,13039.299084853876,301.60798595112806,-0.3183098861837907,282.3997802734375,319.78155517578125,0.24589790461031688,54.03767776489258,4.274073600769043,24.639984130859375,63.84565734863281
Ko et. al (Etapas 3),Berea Sinter Gray,0.20059027777777777,10.227599143981934,1.0,5.449667609967012,9.5097124436397,343275.0,13039.299084853876,301.60798595112794,-0.3183098861837907,279.6795654296875,327.3265075683594,0.21982456031633815,53.28086471557617,3.8738796710968018,21.239213943481445,67.07743072509766
Ko et. al (Etapas 3),Berea Sinter Gray,0.28450578703703705,772.8701782226562,1.0,7.630816131588363,17.14642781666828,487681.0,15122.98595515051,286.0430839773265,-4.615493349664965,7.666893005371094,33.39222717285156,0.8990795593052475,41.01382827758789,0.8072043657302856,7.777751445770264,55.76755142211914
Ko et. al (Etapas 3),Berea Sinter Gray,0.28450578703703705,772.8699951171875,1.0,7.630816131588362,17.14642781666828,487681.0,15122.98595515051,286.04308397732655,-4.615493349664965,10.23981761932373,28.30776023864746,0.923325344565928,40.053062438964844,0.8450623154640198,5.042426109313965,59.21244812011719
Ko et. al (Etapas 3),Berea Sinter Gray,0.28450578703703705,772.8699951171875,1.0,7.630816131588363,17.14642781666828,487681.0,15122.98595515051,286.04308397732655,-4.615493349664965,4.588302135467529,31.76714324951172,0.9107673528740727,40.58046340942383,0.8035282492637634,10.870959281921387,55.5799560546875
Ko et. al (Etapas 3),Berea Sinter Gray,0.28450578703703705,772.8699951171875,1.0,7.630816131588364,17.14642781666828,487681.0,15122.98595515051,286.04308397732643,-4.615493349664965,5.392988204956055,23.518230438232422,0.9389502420962499,39.78374481201172,0.8765418529510498,3.0939784049987793,58.11476516723633
Ko et. al (Etapas 3),Berea Sinter Gray,0.2771163194444444,782.777099609375,1.0,7.780465683168381,18.841443773824086,474750.0,13461.007460043016,210.47005419131924,5.590317376102824,20.41354751586914,33.85161209106445,0.9386486272177179,32.900821685791016,1.0177103281021118,5.044628143310547,58.885704040527344
Ko et. al (Etapas 3),Berea Sinter Gray,0.2771163194444444,782.777099609375,1.0,7.780465683168379,18.841443773824086,474750.0,13461.007460043016,210.47005419131918,5.590317376102824,18.62811851501465,31.226356506347656,0.9466726129194932,36.1466178894043,1.1264076232910156,10.110483169555664,59.38798141479492
Ko et. al (Etapas 3),Berea Sinter Gray,0.2771163194444444,782.777099609375,1.0,7.78046568316838,18.841443773824086,474750.0,13461.007460043018,210.47005419131924,5.590317376102824,30.865642547607422,39.44963836669922,0.9575592692710386,34.29753494262695,1.1518157720565796,5.8480610847473145,59.32307052612305
Ko et. al (Etapas 3),Berea Sinter Gray,0.2771163194444444,782.777099609375,1.0,7.780465683168378,18.841443773824086,474750.0,13461.007460043018,210.47005419131918,5.590317376102824,19.808494567871094,34.038787841796875,0.938208367107406,35.167274475097656,1.1226568222045898,8.861193656921387,58.91064453125
Ko et. al (Etapas 3),Berea Sinter Gray,0.24476273148148148,374.3556213378906,1.0,6.94133587787181,17.14642781666828,419622.0,14325.15909226629,332.8934391848521,0.3183098861837907,35.28922653198242,51.425071716308594,0.9154168212139223,44.15132141113281,1.425216794013977,10.528562545776367,61.34120559692383
Ko et. al (Etapas 3),Berea Sinter Gray,0.24476273148148148,374.355712890625,1.0,6.9413358778718095,17.14642781666828,419622.0,14325.15909226629,332.89343918485224,0.3183098861837907,29.493886947631836,45.5744743347168,0.902551088461053,42.0023193359375,0.8002030253410339,8.957188606262207,59.022056579589844
Ko et. al (Etapas 3),Berea Sinter Gray,0.24476273148148148,374.355712890625,1.0,6.941335877871811,17.14642781666828,419622.0,14325.159092266289,332.89343918485224,0.3183098861837907,31.517988204956055,51.791534423828125,0.8852443973975247,44.13238525390625,1.36570143699646,10.061182022094727,60.83820343017578
Ko et. al (Etapas 3),Berea Sinter Gray,0.24476273148148148,374.355712890625,1.0,6.941335877871809,17.14642781666828,419622.0,14325.159092266294,332.89343918485224,0.3183098861837907,34.452354431152344,50.778324127197266,0.9156339725936801,45.58435821533203,0.8822385668754578,8.7445707321167,59.13716506958008
Ko et. al (Etapas 3),Berea Sinter Gray,0.32338078703703704,200.8343505859375,1.0,7.314465384377281,15.107070451545495,549455.0,15851.929013918403,182.50904483192102,-7.410652037716377,33.85300064086914,40.996700286865234,0.8433740949219025,42.39543151855469,0.6087414622306824,1.684413194656372,60.25442886352539
Ko et. al (Etapas 3),Berea Sinter Gray,0.32338078703703704,200.8343505859375,1.0,7.314465384377278,15.107070451545495,549455.0,15851.929013918403,182.50904483192102,-7.410652037716377,19.12436294555664,37.48809814453125,0.801300674451539,47.04441452026367,0.7113610506057739,5.113116264343262,61.718910217285156
Ko et. al (Etapas 3),Berea Sinter Gray,0.32338078703703704,200.83433532714844,1.0,7.314465384377281,15.107070451545495,549455.0,15851.929013918407,182.509044831921,-7.410652037716377,24.875141143798828,36.06735610961914,0.8614327201480837,45.866764068603516,0.5002050995826721,5.304351806640625,60.36033630371094
Ko et. al (Etapas 3),Berea Sinter Gray,0.32338078703703704,200.8343505859375,1.0,7.314465384377278,15.107070451545495,549455.0,15851.929013918407,182.50904483192096,-7.410652037716377,19.534347534179688,40.17032241821289,0.7947616597827328,46.253482818603516,0.7223472595214844,3.4258790016174316,62.007568359375
Ko et. al (Etapas 3),Berea Sinter Gray,0.22874074074074074,88.74404907226562,1.0,6.358289204929748,13.19807125918239,391355.0,13957.326772408569,331.7781867248687,-0.2984155182973038,17.096323013305664,69.18365478515625,0.6297218190808879,48.63296127319336,0.9184628129005432,9.062468528747559,65.16565704345703
Ko et. al (Etapas 3),Berea Sinter Gray,0.22874074074074074,88.7440414428711,1.0,6.358289204929748,13.19807125918239,391355.0,13957.326772408562,331.7781867248687,-0.2984155182973038,20.011627197265625,70.23808288574219,0.746443554399449,50.88088607788086,0.569225549697876,6.266199588775635,64.52645111083984
Ko et. al (Etapas 3),Berea Sinter Gray,0.22874074074074074,88.7440414428711,1.0,6.358289204929744,13.19807125918239,391355.0,13957.326772408565,331.7781867248687,-0.2984155182973038,12.356648445129395,67.94325256347656,0.6252247670882622,49.87640380859375,0.8744664788246155,11.503532409667969,65.07292938232422
Ko et. al (Etapas 3),Berea Sinter Gray,0.22874074074074074,88.7440414428711,1.0,6.358289204929746,13.19807125918239,391355.0,13957.326772408562,331.7781867248687,-0.2984155182973038,19.443937301635742,67.4138412475586,0.781912597867332,53.72026824951172,0.4860810339450836,1.403150200843811,63.93062973022461
Ko et. al (Etapas 3),Berea Sinter Gray,0.21753877314814815,184.8275146484375,1.0,6.056276546930795,12.694477842605291,374788.0,14377.574427465559,414.1652298106577,2.7354755843919514,6.555662631988525,48.194950103759766,0.7547934114747442,46.44275665283203,0.6572867035865784,5.107166767120361,62.09699249267578
Ko et. al (Etapas 3),Berea Sinter Gray,0.21753877314814815,184.82754516601562,1.0,6.056276546930797,12.694477842605291,374788.0,14377.574427465563,414.1652298106577,2.7354755843919514,0.7695711255073547,49.616580963134766,0.7645404807573869,47.28273010253906,0.8028686046600342,6.074631690979004,60.46002960205078
Ko et. al (Etapas 3),Berea Sinter Gray,0.21753877314814815,184.82754516601562,1.0,6.056276546930796,12.694477842605291,374788.0,14377.574427465563,414.16522981065754,2.7354755843919514,3.9619557857513428,48.54160690307617,0.772333036026212,48.46821594238281,0.671574056148529,5.889265537261963,62.7014274597168
Ko et. al (Etapas 3),Berea Sinter Gray,0.21753877314814815,184.82754516601562,1.0,6.056276546930795,12.694477842605291,374788.0,14377.574427465559,414.1652298106577,2.7354755843919514,1.7782498598098755,52.0100212097168,0.7308483733104041,48.53025436401367,0.7582233548164368,10.849142074584961,60.63283157348633
Ko et. al (Etapas 3),Berea Sinter Gray,0.2201840277777778,403.7454528808594,1.0,6.260665910918789,13.379086400248642,376638.0,13431.258107143087,299.54809395209924,-4.426496854743339,17.208457946777344,30.129236221313477,0.9249312699585072,41.70337677001953,0.95139479637146,7.284551620483398,58.50857162475586
Ko et. al (Etapas 3),Berea Sinter Gray,0.2201840277777778,403.74542236328125,1.0,6.26066591091879,13.379086400248642,376638.0,13431.25810714309,299.54809395209924,-4.426496854743339,11.139627456665039,36.46675109863281,0.8803126976436992,40.69270706176758,1.1289572715759277,5.8871870040893555,56.53182601928711
Ko et. al (Etapas 3),Berea Sinter Gray,0.2201840277777778,403.74542236328125,1.0,6.26066591091879,13.379086400248642,376638.0,13431.258107143087,299.54809395209924,-4.426496854743339,13.421998977661133,32.171363830566406,0.9061319235595825,40.596351623535156,1.0144513845443726,7.751938819885254,58.953453063964844
Ko et. al (Etapas 3),Berea Sinter Gray,0.2201840277777778,403.74542236328125,1.0,6.26066591091879,13.379086400248642,376638.0,13431.25810714309,299.5480939520991,-4.426496854743339,16.229005813598633,30.61192512512207,0.9186261681389825,41.9560546875,1.0984901189804077,6.51220178604126,57.4083366394043
Ko et. al (Etapas 3),Berea Sinter Gray,0.19231423611111112,93.89580535888672,1.0,8.237353065201026,14.700359827307134,329727.0,9991.959976601598,275.5448188851491,4.4762327744595565,69.31298065185547,103.62449645996094,0.7334112712876514,43.25724792480469,1.5630254745483398,7.063533306121826,64.25344848632812
Ko et. al (Etapas 3),Berea Sinter Gray,0.19231423611111112,93.89580535888672,1.0,8.237353065201026,14.700359827307134,329727.0,9991.959976601598,275.5448188851491,4.4762327744595565,66.0013198852539,85.17215728759766,0.769449792751361,45.642948150634766,1.1346321105957031,9.595869064331055,63.75564956665039
Ko et. al (Etapas 3),Berea Sinter Gray,0.19231423611111112,93.89579772949219,1.0,8.237353065201022,14.700359827307134,329727.0,9991.959976601596,275.5448188851491,4.4762327744595565,68.5060043334961,98.2938232421875,0.7597646200055563,43.95417404174805,1.5731788873672485,9.103025436401367,64.33435821533203
Ko et. al (Etapas 3),Berea Sinter Gray,0.19231423611111112,93.89580535888672,1.0,8.237353065201026,14.700359827307134,329727.0,9991.9599766016,275.5448188851491,4.4762327744595565,80.12666320800781,112.92623901367188,0.6851428190714722,46.39263153076172,1.267839789390564,7.912055492401123,65.51178741455078
Ko et. al (Etapas 3),Berea Sinter Gray,0.2622476851851852,689.9637451171875,1.0,8.982413429538255,21.354157234130216,449513.00000000006,13273.26856722415,309.2359876431317,2.078961444137883,40.935394287109375,28.25455665588379,0.9580232546982254,35.17958450317383,1.0976147651672363,5.415362358093262,59.17192840576172
Ko et. al (Etapas 3),Berea Sinter Gray,0.2622476851851852,689.9638061523438,1.0,8.982413429538251,21.354157234130216,449513.00000000006,13273.26856722415,309.2359876431317,2.078961444137883,40.27007293701172,27.26345443725586,0.9231420476301875,36.38246154785156,1.1415445804595947,4.658160209655762,60.5038948059082
Ko et. al (Etapas 3),Berea Sinter Gray,0.2622476851851852,689.9637451171875,1.0,8.982413429538253,21.354157234130216,449513.00000000006,13273.26856722415,309.2359876431317,2.078961444137883,29.00988006591797,19.013757705688477,0.9476778099156007,35.631717681884766,0.9346041679382324,3.3406219482421875,59.36299133300781
Ko et. al (Etapas 3),Berea Sinter Gray,0.2622476851851852,689.9637451171875,1.0,8.982413429538255,21.354157234130216,449513.00000000006,13273.26856722415,309.2359876431317,2.078961444137883,45.07130432128906,34.51173782348633,0.9482560769236646,36.70241165161133,1.2360568046569824,6.3100128173828125,60.25490951538086
Ko et. al (Etapas 3),Berea Sinter Gray,0.16872048611111112,141.37109375,1.0,5.4024526472672125,11.224970376747754,289362.0,11872.045068734591,384.1486875241244,6.7342435295758225,40.20021057128906,49.378807067871094,0.942064649462415,52.62481689453125,0.7945154905319214,3.2436506748199463,63.49842834472656
Ko et. al (Etapas 3),Berea Sinter Gray,0.16872048611111112,141.37106323242188,1.0,5.402452647267214,11.224970376747754,289362.0,11872.045068734591,384.1486875241244,6.7342435295758225,37.39548110961914,49.144371032714844,0.9185023360517311,52.674530029296875,0.6950653195381165,2.4089677333831787,63.823387145996094
Ko et. al (Etapas 3),Berea Sinter Gray,0.16872048611111112,141.37109375,1.0,5.4024526472672125,11.224970376747754,289362.0,11872.045068734591,384.1486875241244,6.7342435295758225,33.5261116027832,42.39588928222656,0.9502270830399474,52.25509262084961,0.8028474450111389,0.6953554153442383,63.19377899169922
Ko et. al (Etapas 3),Berea Sinter Gray,0.16872048611111112,141.37107849121094,1.0,5.4024526472672125,11.224970376747754,289362.0,11872.045068734591,384.1486875241244,6.7342435295758225,40.02756881713867,48.10732650756836,0.9393175527155725,52.31871795654297,0.7177203893661499,2.144378185272217,63.75398254394531
Ko et. al (Etapas 3),Berea Sinter Gray,0.24554513888888888,170.9497833251953,1.0,6.523713146602563,13.513086916487314,421236.0,14826.738200985956,322.18012927435126,-5.182482834429842,4.522246360778809,37.628536224365234,0.7982710372798638,45.01366424560547,0.561423659324646,6.211834907531738,60.936763763427734
Ko et. al (Etapas 3),Berea Sinter Gray,0.24554513888888888,170.94979858398438,1.0,6.5237131466025655,13.513086916487314,421236.0,14826.738200985956,322.1801292743512,-5.182482834429842,3.7731621265411377,43.857398986816406,0.7559691746619942,46.7637939453125,0.44284918904304504,7.91605281829834,62.974342346191406
Ko et. al (Etapas 3),Berea Sinter Gray,0.24554513888888888,170.94979858398438,1.0,6.523713146602563,13.513086916487314,421236.0,14826.73820098596,322.1801292743512,-5.182482834429842,4.511699199676514,40.670772552490234,0.7908202216690527,45.03893280029297,0.6186124682426453,10.373102188110352,61.2828483581543
Ko et. al (Etapas 3),Berea Sinter Gray,0.24554513888888888,170.94979858398438,1.0,6.523713146602564,13.513086916487314,421236.0,14826.738200985956,322.1801292743512,-5.182482834429842,12.52254867553711,38.8570671081543,0.8221446327303775,47.5742073059082,0.3958893418312073,9.489137649536133,63.02086639404297
Ko et. al (Etapas 3),Berea Sinter Gray,0.17799537037037036,96.13626861572266,1.0,5.706553981340303,10.527390973020863,304639.0,12192.882511830256,386.15263725466616,3.4516728283054805,27.032039642333984,51.322872161865234,0.7763279600647803,54.22127914428711,0.7633938789367676,23.481706619262695,63.58473205566406
Ko et. al (Etapas 3),Berea Sinter Gray,0.17799537037037036,96.13628387451172,1.0,5.706553981340302,10.527390973020863,304639.0,12192.882511830256,386.15263725466605,3.4516728283054805,25.4326229095459,50.07588195800781,0.7492583560925011,57.11088180541992,0.5438693761825562,19.960247039794922,63.6526985168457
Ko et. al (Etapas 3),Berea Sinter Gray,0.17799537037037036,96.13626861572266,1.0,5.706553981340302,10.527390973020863,304639.0,12192.882511830256,386.15263725466616,3.4516728283054805,22.18701171875,54.66801452636719,0.7223937366344588,55.924049377441406,0.7748769521713257,22.9899959564209,62.83939743041992
Ko et. al (Etapas 3),Berea Sinter Gray,0.17799537037037036,96.13628387451172,1.0,5.706553981340302,10.527390973020863,304639.0,12192.882511830256,386.15263725466616,3.4516728283054805,31.571765899658203,53.35948944091797,0.7123119096092063,56.954681396484375,0.543341338634491,20.682537078857422,64.53146362304688
Ko et. al (Etapas 3),Berea Sinter Gray,0.25168402777777776,264.1125793457031,1.0,7.842919921210944,15.779731644995012,430653.0,12160.980424472107,208.42790096050618,2.3972713303216735,50.04962158203125,69.88895416259766,0.7599992943572922,36.99577713012695,0.70986407995224,0.13303862512111664,55.65663528442383
Ko et. al (Etapas 3),Berea Sinter Gray,0.25168402777777776,264.11260986328125,1.0,7.842919921210945,15.779731644995012,430653.0,12160.98042447211,208.42790096050624,2.3972713303216735,48.184776306152344,62.854007720947266,0.7748973555837367,35.40413284301758,0.6800682544708252,5.315914154052734,54.58448791503906
Ko et. al (Etapas 3),Berea Sinter Gray,0.25168402777777776,264.11260986328125,1.0,7.842919921210944,15.779731644995012,430653.0,12160.980424472107,208.42790096050624,2.3972713303216735,53.463836669921875,69.88687896728516,0.7823435744351168,37.03546142578125,0.7952589392662048,1.8618521690368652,55.679962158203125
Ko et. al (Etapas 3),Berea Sinter Gray,0.25168402777777776,264.11260986328125,1.0,7.842919921210945,15.779731644995012,430653.0,12160.980424472107,208.42790096050618,2.3972713303216735,54.185264587402344,72.72041320800781,0.7387606918652054,36.33913040161133,0.6776486039161682,1.0948249101638794,54.785667419433594
Ko et. al (Etapas 3),Berea Sinter Gray,0.26511516203703706,1215.0478515625,1.0,9.69334663114822,18.000000106278666,455946.0,11463.610505901159,237.33570065754014,5.112852546827138,14.35215950012207,46.43330764770508,0.8557780276485343,35.88970184326172,1.0304515361785889,12.180459976196289,58.609745025634766
Ko et. al (Etapas 3),Berea Sinter Gray,0.26511516203703706,1215.0478515625,1.0,9.693346631148225,18.000000106278666,455946.0,11463.61050590116,237.33570065754017,5.112852546827138,14.146974563598633,48.842323303222656,0.8265903379421216,33.19398880004883,1.0763798952102661,5.585813045501709,54.806884765625
Ko et. al (Etapas 3),Berea Sinter Gray,0.26511516203703706,1215.0477294921875,1.0,9.693346631148222,18.000000106278666,455946.0,11463.610505901159,237.33570065754023,5.112852546827138,4.635884761810303,41.68229293823242,0.8423261539983693,35.86136245727539,0.9308227896690369,12.739856719970703,58.776859283447266
Ko et. al (Etapas 3),Berea Sinter Gray,0.26511516203703706,1215.0478515625,1.0,9.693346631148222,18.000000106278666,455946.0,11463.61050590116,237.33570065754023,5.112852546827138,14.093441009521484,47.997066497802734,0.8299130317844329,33.53912353515625,1.0809149742126465,10.037970542907715,55.26113510131836
Ko et. al (Etapas 3),Berea Sinter Gray,0.20982118055555554,285.63848876953125,1.0,6.124011451898088,11.413988870062543,360295.0,12457.189811575123,262.52723341397586,0.46751764533244256,24.338045120239258,34.35967254638672,0.9325234631430381,42.92047119140625,0.6569307446479797,3.1705434322357178,58.456398010253906
Ko et. al (Etapas 3),Berea Sinter Gray,0.20982118055555554,285.63848876953125,1.0,6.124011451898091,11.413988870062543,360295.0,12457.189811575123,262.52723341397586,0.46751764533244256,22.063283920288086,33.463600158691406,0.9208983889772406,40.833980560302734,0.8939031362533569,4.02977180480957,57.68898391723633
Ko et. al (Etapas 3),Berea Sinter Gray,0.20982118055555554,285.6385192871094,1.0,6.12401145189809,11.413988870062543,360295.0,12457.189811575128,262.52723341397586,0.46751764533244256,30.18059539794922,39.43003463745117,0.9110486062844212,42.97962188720703,0.6318695545196533,5.827718257904053,59.61793518066406
Ko et. al (Etapas 3),Berea Sinter Gray,0.20982118055555554,285.63848876953125,1.0,6.12401145189809,11.413988870062543,360295.0,12457.189811575123,262.52723341397586,0.46751764533244256,21.86577606201172,32.371299743652344,0.9321728159856866,41.27836608886719,0.859677791595459,1.3873564004898071,57.584381103515625
Ko et. al (Etapas 3),Berea Sinter Gray,0.2134207175925926,142.2222900390625,1.0,6.5637017792489,13.847877428421883,366358.0,12973.159236969705,311.60014206834785,-2.626056561016273,6.554534912109375,44.25701904296875,0.8216217093326933,52.66175079345703,0.49899721145629883,14.273956298828125,61.67047882080078
Ko et. al (Etapas 3),Berea Sinter Gray,0.2134207175925926,142.22227478027344,1.0,6.563701779248899,13.847877428421883,366358.0,12973.159236969708,311.60014206834785,-2.626056561016273,2.251923084259033,41.039710998535156,0.8328069555973249,51.25480270385742,0.8009443283081055,6.454329490661621,62.386871337890625
Ko et. al (Etapas 3),Berea Sinter Gray,0.2134207175925926,142.22227478027344,1.0,6.5637017792489,13.847877428421883,366358.0,12973.159236969708,311.60014206834785,-2.626056561016273,4.05594539642334,45.92643356323242,0.820399450925071,54.338172912597656,0.4720788300037384,27.425691604614258,61.75243377685547
Ko et. al (Etapas 3),Berea Sinter Gray,0.2134207175925926,142.2222900390625,1.0,6.5637017792489,13.847877428421883,366358.0,12973.159236969708,311.60014206834785,-2.626056561016273,3.8619532585144043,41.006980895996094,0.8669261636673061,52.73690414428711,0.8155901432037354,14.228494644165039,63.334903717041016
Ko et. al (Etapas 3),Berea,0.24089872685185185,149.78761291503906,1.0,6.096354104594727,13.313559138003084,413121.0,15163.27004065166,418.68993007520226,7.261444278567726,44.091644287109375,91.255859375,0.5528281089112536,44.42680358886719,1.1818735599517822,12.117115020751953,60.329742431640625
Ko et. al (Etapas 3),Berea,0.24089872685185185,149.78761291503906,1.0,6.0963541045947265,13.313559138003084,413121.0,15163.270040651656,418.68993007520214,7.261444278567726,57.073055267333984,96.63896942138672,0.6404641761919758,44.28325271606445,1.103926658630371,11.745584487915039,59.15604782104492
Ko et. al (Etapas 3),Berea,0.24089872685185185,149.78761291503906,1.0,6.096354104594727,13.313559138003084,413121.0,15163.270040651661,418.68993007520226,7.261444278567726,56.423194885253906,116.12798309326172,0.4482102739834551,45.2718391418457,1.2228883504867554,10.394182205200195,60.794898986816406
Ko et. al (Etapas 3),Berea,0.24089872685185185,149.78761291503906,1.0,6.096354104594726,13.313559138003084,413121.0,15163.270040651656,418.68993007520214,7.261444278567726,54.6268310546875,90.03028106689453,0.6734182990585287,41.923004150390625,1.032602071762085,6.494331359863281,59.052032470703125
Ko et. al (Etapas 3),Berea,0.26409490740740743,175.00135803222656,1.0,5.7889762931127455,12.542171144784101,451695.0,16714.93776155933,377.53041939660244,-5.769366687081206,0.4589651823043823,63.0478401184082,0.7537503277268247,41.794960021972656,0.638421356678009,6.677373886108398,60.537071228027344
Ko et. al (Etapas 3),Berea,0.26409490740740743,175.00135803222656,1.0,5.788976293112747,12.542171144784101,451695.0,16714.937761559326,377.5304193966023,-5.769366687081206,0.5938341021537781,56.290523529052734,0.7991584651839516,42.75716018676758,0.7588351964950562,2.8425960540771484,60.4296875
Ko et. al (Etapas 3),Berea,0.26409490740740743,175.00135803222656,1.0,5.788976293112748,12.542171144784101,451695.0,16714.93776155933,377.5304193966025,-5.769366687081206,2.4929158687591553,52.8630256652832,0.7979415281267953,42.128570556640625,0.6839740872383118,6.2547173500061035,60.748619079589844
Ko et. al (Etapas 3),Berea,0.26409490740740743,175.00135803222656,1.0,5.788976293112747,12.542171144784101,451695.0,16714.93776155933,377.53041939660244,-5.769366687081206,1.9247620105743408,48.05740737915039,0.8442124226090766,42.59128189086914,0.7622883319854736,2.924485683441162,59.342891693115234
Ko et. al (Etapas 3),Berea,0.23717303240740742,186.67665100097656,1.0,7.185881572865606,14.093309607176273,407121.0,14012.773728760762,409.5677666048605,4.376760935027122,63.149688720703125,76.64152526855469,0.7664308971176732,44.210227966308594,1.3854506015777588,9.092451095581055,63.39344024658203
Ko et. al (Etapas 3),Berea,0.23717303240740742,186.67666625976562,1.0,7.185881572865608,14.093309607176273,407121.0,14012.773728760765,409.5677666048605,4.376760935027122,74.82266235351562,91.09127044677734,0.7690574899487567,43.097835540771484,1.0942864418029785,0.7765979766845703,62.9410285949707
Ko et. al (Etapas 3),Berea,0.23717303240740742,186.67665100097656,1.0,7.185881572865606,14.093309607176273,407121.0,14012.773728760762,409.5677666048605,4.376760935027122,66.7872543334961,87.634033203125,0.7366151684864695,43.875911712646484,1.4160674810409546,7.603178977966309,63.5927619934082
Ko et. al (Etapas 3),Berea,0.23717303240740742,186.67665100097656,1.0,7.1858815728656085,14.093309607176273,407121.0,14012.773728760762,409.5677666048605,4.376760935027122,61.89311218261719,76.7813720703125,0.8064438607469046,43.17496871948242,1.0531398057937622,4.91630744934082,62.69976806640625
Ko et. al (Etapas 3),Berea,0.2474375,182.11013793945312,1.0,6.484983275306139,14.254381292074651,425341.00000000006,15558.912238745279,409.60202451436027,-0.3580986219567645,6.438551902770996,33.881595611572266,0.8816308266249089,47.79161834716797,0.5814664959907532,1.743590235710144,61.44881057739258
Ko et. al (Etapas 3),Berea,0.2474375,182.11012268066406,1.0,6.484983275306134,14.254381292074651,425341.00000000006,15558.912238745279,409.6020245143603,-0.3580986219567645,1.2897073030471802,37.99599838256836,0.8832537231807067,49.90986633300781,0.6877630949020386,0.55889892578125,61.365013122558594
Ko et. al (Etapas 3),Berea,0.2474375,182.11013793945312,1.0,6.484983275306139,14.254381292074651,425341.00000000006,15558.912238745279,409.60202451436027,-0.3580986219567645,0.8693280220031738,35.77412796020508,0.878711525694713,47.47641372680664,0.6170724034309387,4.121413230895996,61.94742202758789
Ko et. al (Etapas 3),Berea,0.2474375,182.11012268066406,1.0,6.484983275306136,14.254381292074651,425341.00000000006,15558.912238745279,409.6020245143603,-0.3580986219567645,1.9797093868255615,34.72672653198242,0.9038339743997327,48.259796142578125,0.6443418860435486,1.8536845445632935,60.819278717041016
Ko et. al (Etapas 3),Berea,0.29572511574074073,786.6106567382812,1.0,6.373384316288487,11.814004250666148,504827.00000000006,17317.11773145916,336.6762771268897,-6.087676573264997,40.36930847167969,43.271148681640625,0.8595225516346828,35.477535247802734,0.5795109272003174,6.151193141937256,55.54276657104492
Ko et. al (Etapas 3),Berea,0.29572511574074073,786.6107177734375,1.0,6.373384316288481,11.814004250666148,504827.00000000006,17317.11773145916,336.6762771268899,-6.087676573264997,36.09768295288086,39.23267364501953,0.930891705909558,32.66080856323242,0.581490159034729,0.43052491545677185,54.57481002807617
Ko et. al (Etapas 3),Berea,0.29572511574074073,786.6106567382812,1.0,6.373384316288485,11.814004250666148,504827.00000000006,17317.11773145916,336.6762771268897,-6.087676573264997,37.85729217529297,41.18975067138672,0.9090032626920678,34.918853759765625,0.5945920348167419,7.151139259338379,55.47282028198242
Ko et. al (Etapas 3),Berea,0.29572511574074073,786.6106567382812,1.0,6.373384316288487,11.814004250666148,504827.00000000006,17317.11773145916,336.6762771268897,-6.087676573264997,36.03032684326172,39.4219856262207,0.9247485559157015,32.335792541503906,0.5749879479408264,0.8835355043411255,54.54226303100586
Ko et. al (Etapas 3),Berea,0.211109375,92.18970489501953,1.0,6.013211402875219,10.962690196374155,361061.0,13547.51743005324,392.979271615517,4.376760935027122,8.010247230529785,39.13664627075195,0.8208763616058639,49.44317626953125,0.5188912153244019,4.593427658081055,62.009090423583984
Ko et. al (Etapas 3),Berea,0.211109375,92.18968963623047,1.0,6.013211402875217,10.962690196374155,361061.0,13547.517430053242,392.9792716155171,4.376760935027122,11.99251651763916,44.506141662597656,0.7450054531609221,48.7464485168457,0.4995186924934387,2.784137010574341,61.637664794921875
Ko et. al (Etapas 3),Berea,0.211109375,92.18968963623047,1.0,6.0132114028752195,10.962690196374155,361061.0,13547.517430053242,392.9792716155171,4.376760935027122,18.50954246520996,43.889949798583984,0.8410491715538244,51.88834762573242,0.47782954573631287,0.6614004969596863,62.54593276977539
Ko et. al (Etapas 3),Berea,0.211109375,92.18968963623047,1.0,6.013211402875219,10.962690196374155,361061.0,13547.517430053242,392.9792716155171,4.376760935027122,11.114201545715332,41.79732894897461,0.7827642581310493,53.16160202026367,0.4772435128688812,3.85408616065979,61.37773895263672
Ko et. al (Etapas 3),Berea,0.28702199074074075,687.1159057617188,1.0,6.901354143379511,12.934116827943688,493566.00000000006,15255.1463707809,296.1546227285549,5.23221875414606,25.04207420349121,32.53140640258789,0.9051983262163811,36.639347076416016,0.7569323182106018,7.556886672973633,55.62959671020508
Ko et. al (Etapas 3),Berea,0.28702199074074075,687.115966796875,1.0,6.901354143379513,12.934116827943688,493566.00000000006,15255.146370780893,296.1546227285549,5.23221875414606,24.644630432128906,30.442974090576172,0.9352705116231298,35.489646911621094,0.5852378606796265,4.115492343902588,57.826904296875
Ko et. al (Etapas 3),Berea,0.28702199074074075,687.1159057617188,1.0,6.901354143379514,12.934116827943688,493566.00000000006,15255.146370780896,296.1546227285548,5.23221875414606,28.51567268371582,31.764448165893555,0.9277030170078884,35.89310073852539,0.789499044418335,8.864093780517578,55.927120208740234
Ko et. al (Etapas 3),Berea,0.28702199074074075,687.1158447265625,1.0,6.901354143379511,12.934116827943688,493566.00000000006,15255.146370780893,296.15462272855495,5.23221875414606,21.0350399017334,29.659093856811523,0.9335381439828918,34.619895935058594,0.5514436364173889,4.483461380004883,57.50337600708008
Ko et. al (Etapas 3),Berea,0.284234375,502.90301513671875,1.0,6.578245879533213,13.892443366349555,488930.0,15985.495684283285,344.28916746153044,5.8986800783433715,25.960779190063477,35.891414642333984,0.890289958050849,35.34888458251953,0.4736406207084656,2.7503764629364014,56.80931854248047
Ko et. al (Etapas 3),Berea,0.284234375,502.9029541015625,1.0,6.578245879533213,13.892443366349555,488930.0,15985.495684283282,344.28916746153044,5.8986800783433715,24.096786499023438,34.492610931396484,0.9037074835379674,32.58946990966797,0.6790732741355896,2.125720262527466,53.076438903808594
Ko et. al (Etapas 3),Berea,0.284234375,502.9029541015625,1.0,6.578245879533212,13.892443366349555,488930.0,15985.495684283282,344.28916746153044,5.8986800783433715,27.91676902770996,35.64796829223633,0.9011704096391486,37.13972091674805,0.4731449484825134,3.0454862117767334,56.7712287902832
Ko et. al (Etapas 3),Berea,0.284234375,502.90301513671875,1.0,6.578245879533213,13.892443366349555,488930.0,15985.495684283282,344.28916746153044,5.8986800783433715,25.278907775878906,33.881011962890625,0.9031359027267765,32.187591552734375,0.6383174061775208,0.977890133857727,53.31040954589844
Ko et. al (Etapas 3),Berea,0.2221591435185185,72.08870697021484,1.0,5.926814897414916,11.447904106768473,382373.0,14588.97649081828,421.3868142402241,5.152641282600112,2.1240291595458984,64.55550384521484,0.7130660906540464,57.414161682128906,0.7811947464942932,1.3360216617584229,63.31952667236328
Ko et. al (Etapas 3),Berea,0.2221591435185185,72.08870697021484,1.0,5.926814897414916,11.447904106768473,382373.0,14588.976490818277,421.3868142402241,5.152641282600112,6.317068099975586,64.33142852783203,0.7418604018762981,56.260162353515625,0.7786387801170349,8.655092239379883,62.50113296508789
Ko et. al (Etapas 3),Berea,0.2221591435185185,72.08871459960938,1.0,5.926814897414913,11.447904106768473,382373.0,14588.976490818277,421.3868142402241,5.152641282600112,0.15431849658489227,58.32025909423828,0.7502769155683953,56.55684280395508,0.7660208940505981,5.590855598449707,63.803375244140625
Ko et. al (Etapas 3),Berea,0.2221591435185185,72.08870697021484,1.0,5.926814897414916,11.447904106768473,382373.0,14588.97649081828,421.3868142402241,5.152641282600112,1.9294413328170776,61.817901611328125,0.750353434002109,53.9185676574707,0.8522433638572693,3.4487154483795166,62.317710876464844
Ko et. al (Etapas 3),Berea,0.2620480324074074,277.8190002441406,1.0,7.07364872622438,16.401220785827423,450028.00000000006,15360.410324957564,403.86666471037665,6.027993469605536,34.63920974731445,64.19709777832031,0.7398964214979021,42.64019012451172,1.111480474472046,2.8689076900482178,61.349754333496094
Ko et. al (Etapas 3),Berea,0.2620480324074074,277.8190002441406,1.0,7.073648726224384,16.401220785827423,450028.00000000006,15360.410324957567,403.86666471037654,6.027993469605536,31.148473739624023,71.68000793457031,0.6855142093018726,44.7694206237793,1.2238613367080688,9.6983642578125,61.78110885620117
Ko et. al (Etapas 3),Berea,0.2620480324074074,277.8190002441406,1.0,7.0736487262243815,16.401220785827423,450028.00000000006,15360.410324957564,403.8666647103767,6.027993469605536,36.290889739990234,70.89739227294922,0.7458778622172438,42.51068878173828,1.143071174621582,5.2001166343688965,61.81047439575195
Ko et. al (Etapas 3),Berea,0.2620480324074074,277.8190002441406,1.0,7.073648726224379,16.401220785827423,450028.00000000006,15360.410324957567,403.86666471037665,6.027993469605536,25.225900650024414,70.42225646972656,0.6901595674489698,45.9472541809082,1.1825228929519653,10.027167320251465,63.11551284790039
Ko et. al (Etapas 3),Berea,0.2362986111111111,298.8550720214844,1.0,5.543260755338658,11.224970376747754,405299.0,15469.332006716915,385.7876607066777,-4.217605991935226,51.627166748046875,54.31123352050781,0.9476808891042658,42.57174301147461,0.5362743735313416,3.0009546279907227,60.241172790527344
Ko et. al (Etapas 3),Berea,0.2362986111111111,298.85504150390625,1.0,5.543260755338658,11.224970376747754,405299.0,15469.332006716915,385.78766070667774,-4.217605991935226,49.78025436401367,53.374107360839844,0.934296305358542,43.33766555786133,0.6694555282592773,8.421984672546387,59.835262298583984
Ko et. al (Etapas 3),Berea,0.2362986111111111,298.8550720214844,1.0,5.54326075533866,11.224970376747754,405299.0,15469.332006716912,385.78766070667774,-4.217605991935226,50.26805114746094,53.020774841308594,0.9521193399940359,42.917381286621094,0.5286626219749451,4.213994979858398,60.903770446777344
Ko et. al (Etapas 3),Berea,0.2362986111111111,298.8550720214844,1.0,5.54326075533866,11.224970376747754,405299.0,15469.332006716915,385.78766070667774,-4.217605991935226,49.42015838623047,52.726898193359375,0.93750916647779,44.617706298828125,0.634104311466217,5.791459083557129,60.10182189941406
Ko et. al (Etapas 3),Berea,0.23443460648148148,316.2816162109375,1.0,6.053389417996252,12.572792503698604,400871.0,15000.856797122751,403.08886208109857,1.3528170162811104,20.58022689819336,30.451416015625,0.9510862478200469,40.11408996582031,0.4612872898578644,5.777469158172607,60.13288879394531
Ko et. al (Etapas 3),Berea,0.23443460648148148,316.28167724609375,1.0,6.053389417996251,12.572792503698604,400871.0,15000.856797122748,403.08886208109857,1.3528170162811104,24.645610809326172,32.230987548828125,0.9326880805736458,41.27305221557617,0.5884307026863098,0.7616501450538635,59.783836364746094
Ko et. al (Etapas 3),Berea,0.23443460648148148,316.2816162109375,1.0,6.053389417996254,12.572792503698604,400871.0,15000.856797122751,403.08886208109857,1.3528170162811104,26.038185119628906,34.155704498291016,0.9468147573527581,41.68528747558594,0.4595951735973358,7.716630458831787,59.764408111572266
Ko et. al (Etapas 3),Berea,0.23443460648148148,316.2816162109375,1.0,6.053389417996254,12.572792503698604,400871.0,15000.856797122748,403.08886208109845,1.3528170162811104,21.0613956451416,28.555200576782227,0.9450921957082723,39.740081787109375,0.6303935647010803,1.5236984491348267,59.50661087036133
Ko et. al (Etapas 3),Berea,0.22270428240740742,329.59210205078125,1.0,5.962941267211276,12.247447798760023,381940.0,14504.709221488634,413.10469031809527,4.068398232786575,38.2812614440918,41.73193359375,0.9328721379096084,44.17058181762695,0.608618438243866,3.9860970973968506,59.893333435058594
Ko et. al (Etapas 3),Berea,0.22270428240740742,329.592041015625,1.0,5.962941267211278,12.247447798760023,381940.0,14504.709221488632,413.1046903180953,4.068398232786575,41.790199279785156,46.77066421508789,0.873845798755154,44.283748626708984,0.8163129091262817,9.102099418640137,61.87689971923828
Ko et. al (Etapas 3),Berea,0.22270428240740742,329.59210205078125,1.0,5.962941267211276,12.247447798760023,381940.0,14504.709221488634,413.10469031809527,4.068398232786575,38.02397918701172,41.537357330322266,0.9328419236600528,42.92682647705078,0.6092811822891235,6.14053201675415,59.3411979675293
Ko et. al (Etapas 3),Berea,0.22270428240740742,329.59210205078125,1.0,5.962941267211275,12.247447798760023,381940.0,14504.709221488634,413.10469031809527,4.068398232786575,42.54066467285156,46.61759567260742,0.8988244080723989,44.90655517578125,0.7472299933433533,6.168087005615234,60.99163055419922
Ko et. al (Etapas 3),Berea,0.28822743055555555,282.2666320800781,1.0,7.012087128565,14.093309607176273,496476.99999999994,16373.90889541879,320.64337208471557,-9.977025495073189,58.74885559082031,93.12144470214844,0.7374556533403646,48.04348373413086,1.413718581199646,11.107479095458984,58.63702392578125
Ko et. al (Etapas 3),Berea,0.28822743055555555,282.2666320800781,1.0,7.012087128564999,14.093309607176273,496476.99999999994,16373.90889541879,320.64337208471557,-9.977025495073189,54.46524429321289,80.764404296875,0.7363083385718022,43.10232925415039,1.3813751935958862,13.08630084991455,58.81721115112305
Ko et. al (Etapas 3),Berea,0.28822743055555555,282.2666320800781,1.0,7.012087128564997,14.093309607176273,496476.99999999994,16373.90889541879,320.64337208471557,-9.977025495073189,53.09868240356445,86.34630584716797,0.7519117641210197,47.882041931152344,1.39864981174469,10.939821243286133,58.36697006225586
Ko et. al (Etapas 3),Berea,0.28822743055555555,282.2666320800781,1.0,7.012087128564998,14.093309607176273,496476.99999999994,16373.908895418786,320.64337208471557,-9.977025495073189,61.837093353271484,83.70394134521484,0.7410854466959262,45.18202209472656,1.4484279155731201,11.475937843322754,59.863555908203125
Ko et. al (Etapas 3),Berea,0.2292320601851852,106.16203308105469,1.0,6.020755861197996,10.891451493412363,392107.0,14710.675115774526,384.27135981414466,-0.4376760935027122,18.753522872924805,47.38338088989258,0.711905196669453,55.64204025268555,0.6872125864028931,4.4643754959106445,62.160457611083984
Ko et. al (Etapas 3),Berea,0.2292320601851852,106.16202545166016,1.0,6.020755861197998,10.891451493412363,392107.0,14710.675115774522,384.27135981414466,-0.4376760935027122,12.347596168518066,45.855960845947266,0.7133676740159577,50.061649322509766,0.7395311594009399,5.270101070404053,60.66364288330078
Ko et. al (Etapas 3),Berea,0.2292320601851852,106.16203308105469,1.0,6.020755861197997,10.891451493412363,392107.0,14710.675115774526,384.2713598141446,-0.4376760935027122,16.286697387695312,48.483821868896484,0.7125397585663411,55.685279846191406,0.7864336371421814,4.7426629066467285,62.5684928894043
Ko et. al (Etapas 3),Berea,0.2292320601851852,106.16202545166016,1.0,6.020755861197994,10.891451493412363,392107.0,14710.675115774522,384.27135981414466,-0.4376760935027122,11.65378475189209,48.09387969970703,0.7227916254082942,51.62880325317383,0.7360339760780334,5.101165771484375,60.06064224243164
Ko et. al (Etapas 3),Berea,0.27910011574074073,469.6441955566406,1.0,6.098041032068602,12.99999958354357,479131.0,17112.934629308693,383.5152745229269,-1.989436788648692,35.32875442504883,40.393768310546875,0.9536635017019824,36.9130973815918,0.4485604763031006,3.0907723903656006,55.3299674987793
Ko et. al (Etapas 3),Berea,0.27910011574074073,469.6441955566406,1.0,6.098041032068601,12.99999958354357,479131.0,17112.934629308693,383.5152745229269,-1.989436788648692,40.55731964111328,44.81294250488281,0.9381278156731833,39.833335876464844,0.7177984714508057,4.6179938316345215,56.20092010498047
Ko et. al (Etapas 3),Berea,0.27910011574074073,469.6441955566406,1.0,6.098041032068604,12.99999958354357,479131.0,17112.934629308693,383.5152745229269,-1.989436788648692,36.1613883972168,41.69720458984375,0.9606351217718232,36.869956970214844,0.4592970013618469,2.3901731967926025,55.442440032958984
Ko et. al (Etapas 3),Berea,0.27910011574074073,469.6441955566406,1.0,6.098041032068604,12.99999958354357,479131.0,17112.934629308693,383.5152745229269,-1.989436788648692,39.16437530517578,44.646846771240234,0.9187872047182689,38.20083999633789,0.6820730566978455,1.1013790369033813,55.799625396728516
Ko et. al (Etapas 3),Berea,0.26958796296296295,295.95098876953125,1.0,5.870374888253302,13.564658274654297,462065.0,17017.271559096618,389.6283368552255,-9.041990204408304,17.73174476623535,37.94929122924805,0.8747540291956891,41.1729621887207,0.41531553864479065,3.1511356830596924,57.44033432006836
Ko et. al (Etapas 3),Berea,0.26958796296296295,295.95098876953125,1.0,5.8703748882532985,13.564658274654297,462065.0,17017.271559096618,389.6283368552255,-9.041990204408304,17.469266891479492,35.27986145019531,0.8835073843100132,41.74057388305664,0.7317937612533569,3.35463285446167,57.72306442260742
Ko et. al (Etapas 3),Berea,0.26958796296296295,295.95098876953125,1.0,5.870374888253302,13.564658274654297,462065.0,17017.271559096618,389.6283368552255,-9.041990204408304,18.77336883544922,34.00687789916992,0.9075319355595565,41.028621673583984,0.3720472455024719,0.6650476455688477,57.00297927856445
Ko et. al (Etapas 3),Berea,0.26958796296296295,295.95098876953125,1.0,5.870374888253299,13.564658274654297,462065.0,17017.271559096618,389.6283368552255,-9.041990204408304,21.936220169067383,35.347320556640625,0.9022044366424489,43.30580520629883,0.6993260979652405,6.167331695556641,57.792991638183594
Ko et. al (Etapas 3),Berea,0.25818287037037035,245.59312438964844,1.0,6.69523810529111,14.866069191748569,442809.99999999994,15459.432203306955,386.7732439258477,-0.2984155182973038,26.631669998168945,50.22214889526367,0.8064242608314929,46.2157096862793,0.5054287314414978,7.653491973876953,61.129852294921875
Ko et. al (Etapas 3),Berea,0.25818287037037035,245.5930938720703,1.0,6.695238105291108,14.866069191748569,442809.99999999994,15459.43220330696,386.7732439258478,-0.2984155182973038,25.96013641357422,47.02663803100586,0.8350464029277822,47.512882232666016,0.37681394815444946,9.542125701904297,60.43861389160156
Ko et. al (Etapas 3),Berea,0.25818287037037035,245.59312438964844,1.0,6.695238105291109,14.866069191748569,442809.99999999994,15459.432203306958,386.77324392584785,-0.2984155182973038,25.679584503173828,49.3470573425293,0.8026883278905566,47.58989715576172,0.4855569899082184,5.287010669708252,60.65721130371094
Ko et. al (Etapas 3),Berea,0.25818287037037035,245.5930938720703,1.0,6.695238105291108,14.866069191748569,442809.99999999994,15459.432203306958,386.7732439258477,-0.2984155182973038,29.78803062438965,51.374671936035156,0.8289047733947272,48.53074645996094,0.3850747048854828,8.854604721069336,60.37302780151367
Ko et. al (Etapas 3),Berea,0.22003125,98.8972396850586,1.0,6.248878799669043,12.542171144784101,378560.0,14314.740398423746,417.2529501945234,5.092958178940651,19.437944412231445,43.161712646484375,0.8010216181637699,57.249027252197266,0.4145885109901428,12.761466026306152,64.85912322998047
Ko et. al (Etapas 3),Berea,0.22003125,98.89726257324219,1.0,6.248878799669043,12.542171144784101,378560.0,14314.74039842375,417.2529501945234,5.092958178940651,16.348520278930664,42.74070739746094,0.8319327831486709,56.30729293823242,0.6696770191192627,4.727034568786621,64.45004272460938
Ko et. al (Etapas 3),Berea,0.22003125,98.8972396850586,1.0,6.248878799669043,12.542171144784101,378560.0,14314.740398423746,417.2529501945234,5.092958178940651,15.658876419067383,37.586002349853516,0.8332957775637566,57.03804397583008,0.446847140789032,3.6884572505950928,64.57012939453125
Ko et. al (Etapas 3),Berea,0.22003125,98.8972396850586,1.0,6.248878799669044,12.542171144784101,378560.0,14314.74039842375,417.2529501945234,5.092958178940651,19.741947174072266,43.08617401123047,0.8453599015746006,55.641048431396484,0.5786615610122681,10.758455276489258,64.6910171508789
Ko et. al (Etapas 3),Berea,0.2684079861111111,728.781494140625,1.0,6.88232513914083,12.104613716851995,461087.0,14452.64787996647,290.8382531980417,-0.7957747154594768,33.237979888916016,35.1174430847168,0.933298501382487,34.67795181274414,0.7142072319984436,9.697417259216309,56.30622863769531
Ko et. al (Etapas 3),Berea,0.2684079861111111,728.781494140625,1.0,6.882325139140828,12.104613716851995,461087.0,14452.64787996647,290.83825319804174,-0.7957747154594768,29.75312042236328,32.37821960449219,0.9377900803485891,34.68000411987305,0.5169405937194824,8.304533004760742,52.14435577392578
Ko et. al (Etapas 3),Berea,0.2684079861111111,728.7815551757812,1.0,6.882325139140825,12.104613716851995,461087.0,14452.64787996647,290.8382531980417,-0.7957747154594768,33.99956512451172,36.07335662841797,0.9337440593319346,34.99613952636719,0.729153573513031,8.970115661621094,56.1849365234375
Ko et. al (Etapas 3),Berea,0.2684079861111111,728.781494140625,1.0,6.88232513914083,12.104613716851995,461087.0,14452.64787996647,290.8382531980417,-0.7957747154594768,32.310516357421875,34.83993911743164,0.9337121330720967,35.02207565307617,0.536923885345459,6.026067733764648,53.12046432495117
Ko et. al (Etapas 3),Berea,0.2112181712962963,365.745849609375,1.0,6.573279181324332,15.652476425463272,361161.0,13112.813820235719,364.30160105140453,4.008715129127114,2.1658475399017334,33.56591033935547,0.8963095046827987,41.940765380859375,0.7810326218605042,10.888753890991211,59.843467712402344
Ko et. al (Etapas 3),Berea,0.2112181712962963,365.745849609375,1.0,6.573279181324333,15.652476425463272,361161.0,13112.813820235717,364.30160105140465,4.008715129127114,0.4475916028022766,25.650074005126953,0.9395754010951242,40.324989318847656,0.6022471189498901,0.9301855564117432,59.120243072509766
Ko et. al (Etapas 3),Berea,0.2112181712962963,365.74591064453125,1.0,6.573279181324334,15.652476425463272,361161.0,13112.813820235719,364.30160105140465,4.008715129127114,6.81650447845459,34.84958267211914,0.9016840093648562,43.085479736328125,0.7251721024513245,2.3019442558288574,59.395511627197266
Ko et. al (Etapas 3),Berea,0.2112181712962963,365.74591064453125,1.0,6.573279181324334,15.652476425463272,361161.0,13112.813820235717,364.30160105140465,4.008715129127114,1.8551219701766968,28.479143142700195,0.926135863252548,39.266639709472656,0.5594625473022461,0.754823625087738,59.340187072753906
Ko et. al (Etapas 3),Berea,0.2643622685185185,482.71002197265625,1.0,5.817507481291661,12.36931685293693,453335.00000000006,15827.896930049206,295.7687611914383,-5.242165938089303,25.84810447692871,40.51611328125,0.8059335011986696,35.736263275146484,0.6746168732643127,8.403848648071289,55.44166946411133
Ko et. al (Etapas 3),Berea,0.2643622685185185,482.71002197265625,1.0,5.817507481291656,12.36931685293693,453335.00000000006,15827.896930049206,295.7687611914382,-5.242165938089303,21.030221939086914,37.403663635253906,0.8294854786259447,32.59091567993164,0.5597315430641174,7.866763591766357,55.38536071777344
Ko et. al (Etapas 3),Berea,0.2643622685185185,482.7099914550781,1.0,5.81750748129166,12.36931685293693,453335.00000000006,15827.896930049204,295.7687611914383,-5.242165938089303,26.390338897705078,39.36561965942383,0.8336586553592487,36.421329498291016,0.6849721074104309,9.413273811340332,55.935218811035156
Ko et. al (Etapas 3),Berea,0.2643622685185185,482.71002197265625,1.0,5.817507481291662,12.36931685293693,453335.00000000006,15827.896930049206,295.7687611914383,-5.242165938089303,27.84748077392578,42.02474594116211,0.8264917058119932,34.38192367553711,0.5006694197654724,7.094852924346924,55.76918029785156
Ko et. al (Etapas 3),Berea,0.28094270833333335,128.5556182861328,1.0,6.190905594048535,16.30950755823499,481593.0,17698.264398015246,349.1991673699623,-12.354402457508376,68.462646484375,95.4195327758789,0.6077142634754743,42.71512222290039,0.7998915910720825,3.2590854167938232,58.49276351928711
Ko et. al (Etapas 3),Berea,0.28094270833333335,128.5556182861328,1.0,6.1909055940485365,16.30950755823499,481593.0,17698.264398015246,349.1991673699623,-12.354402457508376,61.594383239746094,84.20240020751953,0.608338855284205,41.682029724121094,0.7484990358352661,0.22896896302700043,59.04945373535156
Ko et. al (Etapas 3),Berea,0.28094270833333335,128.5556182861328,1.0,6.190905594048536,16.30950755823499,481593.0,17698.264398015246,349.1991673699623,-12.354402457508376,74.91983032226562,95.48046875,0.5636876917548969,42.275108337402344,0.8513935804367065,0.711854100227356,58.991905212402344
Ko et. al (Etapas 3),Berea,0.28094270833333335,128.5556182861328,1.0,6.1909055940485365,16.30950755823499,481593.0,17698.264398015246,349.19916736996237,-12.354402457508376,76.03398895263672,107.01041412353516,0.5332728873850385,40.52025604248047,0.9103328585624695,1.6375107765197754,58.468177795410156
Ko et. al (Etapas 3),Berea,0.23810300925925926,89.99024963378906,1.0,7.09226026029852,15.394802261840416,407992.0,13645.712775366317,356.532700531295,5.252113122032546,55.67544937133789,110.69508361816406,0.4544784808894433,49.40353775024414,1.088670253753662,0.005829373374581337,63.841922760009766
Ko et. al (Etapas 3),Berea,0.23810300925925926,89.99026489257812,1.0,7.092260260298519,15.394802261840416,407992.0,13645.712775366317,356.532700531295,5.252113122032546,58.35649108886719,101.79914093017578,0.5264080983961617,46.84109878540039,0.8756918907165527,5.295192718505859,62.15690231323242
Ko et. al (Etapas 3),Berea,0.23810300925925926,89.99024963378906,1.0,7.09226026029852,15.394802261840416,407992.0,13645.712775366317,356.5327005312951,5.252113122032546,51.459102630615234,91.84705352783203,0.5880092494700175,48.504512786865234,0.9452184438705444,0.6630154252052307,64.5986099243164
Ko et. al (Etapas 3),Berea,0.23810300925925926,89.99026489257812,1.0,7.092260260298523,15.394802261840416,407992.0,13645.712775366317,356.5327005312951,5.252113122032546,60.289268493652344,107.56535339355469,0.4841376649934729,47.074947357177734,0.9446213841438293,2.863443374633789,62.41199493408203
Ko et. al (Etapas 3),Berea,0.23732291666666666,248.67098999023438,1.0,6.352898426393273,12.884097898823143,405988.0,14863.794489452377,430.2371510993338,5.152641282600112,21.06578254699707,35.89754867553711,0.9253121788295825,48.50905227661133,1.119260311126709,1.551186442375183,62.34769058227539
Ko et. al (Etapas 3),Berea,0.23732291666666666,248.6710205078125,1.0,6.352898426393274,12.884097898823143,405988.0,14863.794489452379,430.2371510993338,5.152641282600112,17.149215698242188,35.222900390625,0.9265128907095447,48.993797302246094,0.8415970206260681,1.3563096523284912,62.83784866333008
Ko et. al (Etapas 3),Berea,0.23732291666666666,248.67098999023438,1.0,6.352898426393274,12.884097898823143,405988.0,14863.794489452377,430.2371510993338,5.152641282600112,27.227603912353516,41.59590530395508,0.9119021009178668,48.81343460083008,1.0638418197631836,0.23422709107398987,62.933380126953125
Ko et. al (Etapas 3),Berea,0.23732291666666666,248.67098999023438,1.0,6.352898426393273,12.884097898823143,405988.0,14863.794489452379,430.2371510993338,5.152641282600112,22.43954849243164,39.503448486328125,0.9122533327327698,49.787410736083984,0.8450714945793152,1.2341697216033936,63.18946075439453
Ko et. al (Etapas 3),Berea,0.20766030092592594,277.8057861328125,1.0,5.596535499687369,11.874341040492869,356928.0,14005.626468439423,407.74738716582385,10.026761414789407,42.60201644897461,48.12165832519531,0.9124972431480581,41.43601608276367,0.6859176158905029,0.7359743118286133,58.643592834472656
Ko et. al (Etapas 3),Berea,0.20766030092592594,277.8057556152344,1.0,5.596535499687369,11.874341040492869,356928.0,14005.626468439421,407.7473871658238,10.026761414789407,36.174190521240234,41.89702606201172,0.9223152655134286,37.522727966308594,0.5969927906990051,1.9056668281555176,56.75876235961914
Ko et. al (Etapas 3),Berea,0.20766030092592594,277.8057556152344,1.0,5.596535499687371,11.874341040492869,356928.0,14005.626468439423,407.74738716582385,10.026761414789407,36.35404968261719,42.88896942138672,0.9071901815449225,42.151039123535156,0.7410656213760376,0.745002806186676,58.804134368896484
Ko et. al (Etapas 3),Berea,0.20766030092592594,277.8057861328125,1.0,5.59653549968737,11.874341040492869,356928.0,14005.626468439421,407.74738716582385,10.026761414789407,35.620113372802734,41.42319869995117,0.929342953784702,36.84700393676758,0.6138468384742737,1.8844069242477417,56.104949951171875
Ko et. al (Etapas 3),Berea,0.23088599537037038,81.07833862304688,1.0,6.12401079377719,12.199813252196213,395090.0,14933.892616850191,432.31323284603985,-3.3720953567595324,49.512508392333984,87.92597961425781,0.6881688760437604,55.249576568603516,1.5305646657943726,7.947556018829346,64.10655212402344
Ko et. al (Etapas 3),Berea,0.23088599537037038,81.07833862304688,1.0,6.124010793777193,12.199813252196213,395090.0,14933.892616850191,432.31323284603985,-3.3720953567595324,52.33452606201172,90.3510513305664,0.6738850217724158,51.13775634765625,1.0748059749603271,2.0735156536102295,61.574180603027344
Ko et. al (Etapas 3),Berea,0.23088599537037038,81.07833099365234,1.0,6.124010793777192,12.199813252196213,395090.0,14933.892616850191,432.31323284603985,-3.3720953567595324,36.827335357666016,69.47747802734375,0.7059524630548201,55.08800506591797,1.253846287727356,4.2239179611206055,64.58739471435547
Ko et. al (Etapas 3),Berea,0.23088599537037038,81.07833862304688,1.0,6.124010793777193,12.199813252196213,395090.0,14933.892616850191,432.31323284603985,-3.3720953567595324,39.09889221191406,77.37053680419922,0.6823848361484022,52.624969482421875,0.9109508395195007,3.2149484157562256,62.47502899169922
Ko et. al (Etapas 3),Berea,0.2544855324074074,323.51422119140625,1.0,6.082670462925989,13.379086400248642,435733.00000000006,16027.496558652907,382.0407400107643,-0.5669894847648772,31.869831085205078,41.493736267089844,0.8565424561446738,42.299983978271484,0.5371237397193909,1.1604312658309937,60.608116149902344
Ko et. al (Etapas 3),Berea,0.2544855324074074,323.51422119140625,1.0,6.082670462925989,13.379086400248642,435733.00000000006,16027.496558652903,382.04074001076435,-0.5669894847648772,34.94693374633789,45.63945770263672,0.8714752469274365,42.72623825073242,0.690419614315033,1.132839322090149,61.21912384033203
Ko et. al (Etapas 3),Berea,0.2544855324074074,323.51422119140625,1.0,6.082670462925988,13.379086400248642,435733.00000000006,16027.496558652903,382.0407400107643,-0.5669894847648772,34.838096618652344,42.76594161987305,0.8738897941315001,42.3355827331543,0.5300948023796082,2.3924477100372314,61.16719436645508
Ko et. al (Etapas 3),Berea,0.2544855324074074,323.5142517089844,1.0,6.082670462925989,13.379086400248642,435733.00000000006,16027.496558652903,382.0407400107643,-0.5669894847648772,30.32009506225586,40.22910690307617,0.8858840136677136,42.61176681518555,0.764009416103363,0.7789503931999207,60.813350677490234
Ko et. al (Etapas 3),Berea,0.26555092592592594,571.3131713867188,1.0,6.531867131626693,12.199813252196213,453883.0,15395.349641175108,364.4601183674843,3.531250299851428,32.809043884277344,37.87328338623047,0.9211492075504052,34.85600662231445,0.6343876719474792,9.04086685180664,56.85746765136719
Ko et. al (Etapas 3),Berea,0.26555092592592594,571.3131713867188,1.0,6.531867131626691,12.199813252196213,453883.0,15395.349641175111,364.4601183674843,3.531250299851428,28.482135772705078,33.09543228149414,0.9473467895114331,34.66829299926758,0.6356596946716309,8.24701976776123,56.219635009765625
Ko et. al (Etapas 3),Berea,0.26555092592592594,571.3131103515625,1.0,6.531867131626693,12.199813252196213,453883.0,15395.349641175106,364.4601183674843,3.531250299851428,30.086816787719727,35.56203079223633,0.9125084010421162,35.04158020019531,0.6656665802001953,9.42761516571045,56.80938720703125
Ko et. al (Etapas 3),Berea,0.26555092592592594,571.3131103515625,1.0,6.531867131626693,12.199813252196213,453883.0,15395.349641175111,364.4601183674842,3.531250299851428,30.90679168701172,37.760833740234375,0.9372683569613365,34.802452087402344,0.6162709593772888,6.322805404663086,57.386627197265625
Ko et. al (Etapas 3),Berea,0.21584953703703705,245.1252899169922,1.0,6.217423647474258,13.484778931738408,369237.0,13860.867509830448,415.0001000139433,6.137412492981214,16.695579528808594,49.27359390258789,0.8387463666483965,44.013206481933594,0.9855740666389465,11.641294479370117,59.15384292602539
Ko et. al (Etapas 3),Berea,0.21584953703703705,245.1252899169922,1.0,6.2174236474742575,13.484778931738408,369237.0,13860.867509830448,415.0001000139432,6.137412492981214,4.257194995880127,48.60161590576172,0.8064705783849611,45.48428726196289,0.8137543201446533,9.301547050476074,60.765625
Ko et. al (Etapas 3),Berea,0.21584953703703705,245.1252899169922,1.0,6.2174236474742575,13.484778931738408,369237.0,13860.867509830448,415.0001000139433,6.137412492981214,0.8926892280578613,41.51301574707031,0.8635237218864448,42.94348907470703,0.8078445196151733,8.589770317077637,59.5450439453125
Ko et. al (Etapas 3),Berea,0.21584953703703705,245.12527465820312,1.0,6.217423647474258,13.484778931738408,369237.0,13860.867509830448,415.0001000139433,6.137412492981214,12.717623710632324,47.56557083129883,0.8449798263176096,43.4062614440918,1.073814868927002,14.983142852783203,60.60749435424805
Ko et. al (Etapas 3),Berea,0.22361516203703705,294.6248779296875,1.0,5.896905389914987,13.747727646791398,383985.0,13782.680217225583,339.3017969057148,8.564525375132618,32.865394592285156,41.075828552246094,0.8811100601599715,40.5661735534668,0.5934932231903076,7.561943054199219,60.855926513671875
Ko et. al (Etapas 3),Berea,0.22361516203703705,294.6248779296875,1.0,5.896905389914988,13.747727646791398,383985.0,13782.68021722558,339.3017969057148,8.564525375132618,30.299968719482422,42.431617736816406,0.8445232631358102,39.02679443359375,0.600662112236023,6.770293712615967,57.868717193603516
Ko et. al (Etapas 3),Berea,0.22361516203703705,294.6248779296875,1.0,5.896905389914988,13.747727646791398,383985.0,13782.68021722558,339.3017969057148,8.564525375132618,36.346412658691406,44.207923889160156,0.8665007733066251,40.18492889404297,0.5715587735176086,0.27965521812438965,60.79098892211914
Ko et. al (Etapas 3),Berea,0.22361516203703705,294.6248779296875,1.0,5.896905389914987,13.747727646791398,383985.0,13782.680217225583,339.3017969057148,8.564525375132618,32.71832275390625,42.15956115722656,0.864789534107891,39.764442443847656,0.6580719351768494,12.486019134521484,57.828697204589844
Ko et. al (Etapas 3),Berea,0.27675694444444443,424.7049255371094,1.0,7.131429844524737,15.107070451545495,474919.0,15241.262415314737,344.41858875766724,3.4516728283054805,5.94442081451416,34.62149429321289,0.9354948827385792,37.54544448852539,0.7340379357337952,5.647902011871338,57.165489196777344
Ko et. al (Etapas 3),Berea,0.27675694444444443,424.7048645019531,1.0,7.131429844524737,15.107070451545495,474919.0,15241.262415314734,344.41858875766724,3.4516728283054805,8.720574378967285,35.26971435546875,0.945516424004575,37.322269439697266,0.49969303607940674,7.422850608825684,57.50234603881836
Ko et. al (Etapas 3),Berea,0.27675694444444443,424.7048645019531,1.0,7.131429844524734,15.107070451545495,474919.0,15241.262415314737,344.41858875766724,3.4516728283054805,5.429739952087402,33.29947280883789,0.9465304441120932,37.00674057006836,0.7079797983169556,3.94527530670166,57.67729187011719
Ko et. al (Etapas 3),Berea,0.27675694444444443,424.7048645019531,1.0,7.131429844524735,15.107070451545495,474919.0,15241.262415314734,344.4185887576673,3.4516728283054805,6.196567535400391,36.26255798339844,0.9382236714509901,37.48533248901367,0.5225294828414917,6.796613693237305,57.2611198425293
Ko et. al (Etapas 3),Berea,0.2545497685185185,575.7694702148438,1.0,6.280688729127581,12.542171144784101,436008.0,15201.571973412978,355.66236880653463,-0.6863556920837987,20.56736946105957,27.097915649414062,0.9563068436147659,42.80657196044922,0.9602387547492981,4.184407711029053,57.56263732910156
Ko et. al (Etapas 3),Berea,0.2545497685185185,575.76953125,1.0,6.280688729127578,12.542171144784101,436008.0,15201.571973412978,355.6623688065348,-0.6863556920837987,19.11061668395996,25.440092086791992,0.9472872283555752,41.64750289916992,0.5898725390434265,5.946220874786377,58.3846435546875
Ko et. al (Etapas 3),Berea,0.2545497685185185,575.7694702148438,1.0,6.280688729127583,12.542171144784101,436008.0,15201.571973412974,355.66236880653474,-0.6863556920837987,22.13334083557129,29.368654251098633,0.9497596973155121,42.0707893371582,0.930804967880249,6.305589199066162,57.953121185302734
Ko et. al (Etapas 3),Berea,0.2545497685185185,575.7694702148438,1.0,6.28068872912758,12.542171144784101,436008.0,15201.571973412978,355.66236880653474,-0.6863556920837987,22.688575744628906,29.258893966674805,0.9440153769243573,41.812782287597656,0.5937007665634155,2.698089361190796,58.0996208190918
Ko et. al (Etapas 3),Berea,0.263890625,383.488525390625,1.0,6.055006717629529,12.199813252196213,452526.00000000006,16547.16200632262,402.6597661823232,-4.615493349664965,21.82720184326172,33.2763786315918,0.9462316827735748,38.45317840576172,0.6246786713600159,5.865115642547607,59.7877197265625
Ko et. al (Etapas 3),Berea,0.263890625,383.48846435546875,1.0,6.055006717629529,12.199813252196213,452526.00000000006,16547.16200632262,402.6597661823232,-4.615493349664965,25.132034301757812,33.84474182128906,0.9524521243479243,41.399208068847656,0.7605421543121338,7.036559581756592,58.188751220703125
Ko et. al (Etapas 3),Berea,0.263890625,383.488525390625,1.0,6.055006717629529,12.199813252196213,452526.00000000006,16547.16200632262,402.6597661823232,-4.615493349664965,26.582988739013672,33.4936637878418,0.9434914527858385,38.6404914855957,0.5967258214950562,2.203923463821411,60.1624870300293
Ko et. al (Etapas 3),Berea,0.263890625,383.48846435546875,1.0,6.055006717629528,12.199813252196213,452526.00000000006,16547.16200632262,402.6597661823232,-4.615493349664965,27.45838165283203,35.343441009521484,0.9468795834197212,40.704734802246094,0.765876829624176,9.137970924377441,58.9265022277832
Ko et. al (Etapas 3),Berea,0.2576244212962963,452.6394348144531,1.0,6.116193349038653,12.664176399359539,441471.0,15859.820339839915,389.7090193999077,0.7062500599702856,20.6702880859375,33.231327056884766,0.9522513460750506,40.93189239501953,0.8767316341400146,3.9796879291534424,60.45522689819336
Ko et. al (Etapas 3),Berea,0.2576244212962963,452.6395263671875,1.0,6.116193349038653,12.664176399359539,441471.0,15859.820339839915,389.70901939990773,0.7062500599702856,14.426444053649902,25.757944107055664,0.9447640505558876,38.205284118652344,0.53385990858078,2.8867061138153076,56.780216217041016
Ko et. al (Etapas 3),Berea,0.2576244212962963,452.6395263671875,1.0,6.116193349038653,12.664176399359539,441471.0,15859.820339839915,389.7090193999078,0.7062500599702856,22.65330696105957,33.971805572509766,0.9458278369308863,40.26768112182617,0.8246084451675415,2.691707134246826,60.820796966552734
Ko et. al (Etapas 3),Berea,0.2576244212962963,452.6395263671875,1.0,6.116193349038652,12.664176399359539,441471.0,15859.820339839911,389.70901939990773,0.7062500599702856,19.463890075683594,31.463333129882812,0.9570167158393081,37.506134033203125,0.562475323677063,3.11124587059021,56.166961669921875
Ko et. al (Etapas 3),Berea,0.17787847222222222,79.69593048095703,1.0,5.99250430348731,12.814906820871572,303186.0,11486.019444975022,339.666087308255,9.071831756238035,75.53572845458984,133.07362365722656,0.5305515914601288,50.50015640258789,1.3545316457748413,8.402026176452637,64.09268188476562
Ko et. al (Etapas 3),Berea,0.17787847222222222,79.69593048095703,1.0,5.992504303487309,12.814906820871572,303186.0,11486.019444975022,339.666087308255,9.071831756238035,74.35968017578125,131.2537384033203,0.5143830511822506,48.822330474853516,1.4859267473220825,11.830300331115723,62.50623321533203
Ko et. al (Etapas 3),Berea,0.17787847222222222,79.69593048095703,1.0,5.99250430348731,12.814906820871572,303186.0,11486.019444975022,339.666087308255,9.071831756238035,68.36753845214844,122.45892333984375,0.5519903878140006,49.056800842285156,1.2995786666870117,8.127528190612793,63.46615219116211
Ko et. al (Etapas 3),Berea,0.17787847222222222,79.6959228515625,1.0,5.9925043034873084,12.814906820871572,303186.0,11486.019444975022,339.666087308255,9.071831756238035,67.59715270996094,125.96159362792969,0.515135092448127,50.374305725097656,1.3526794910430908,9.51730728149414,63.79846954345703
Ko et. al (Etapas 3),Berea,0.2160763888888889,266.35833740234375,1.0,5.598628781268345,10.344079023679617,371210.0,14535.461077400658,407.4652297552352,2.407218514264917,60.67509078979492,62.751220703125,0.870958886586753,42.65409469604492,0.709256112575531,1.0946054458618164,58.92298889160156
Ko et. al (Etapas 3),Berea,0.2160763888888889,266.35833740234375,1.0,5.598628781268346,10.344079023679617,371210.0,14535.461077400656,407.4652297552353,2.407218514264917,57.35203170776367,59.44657897949219,0.9021033052215245,40.78696060180664,0.5961304306983948,4.564951419830322,58.8497200012207
Ko et. al (Etapas 3),Berea,0.2160763888888889,266.35833740234375,1.0,5.598628781268344,10.344079023679617,371210.0,14535.461077400656,407.4652297552352,2.407218514264917,63.246910095214844,66.00932312011719,0.8327115063427204,44.38235855102539,0.7070838809013367,3.699570417404175,59.91246032714844
Ko et. al (Etapas 3),Berea,0.2160763888888889,266.35833740234375,1.0,5.598628781268345,10.344079023679617,371210.0,14535.461077400656,407.4652297552352,2.407218514264917,61.24109649658203,64.13220977783203,0.9073851851704231,42.55208206176758,0.6476781368255615,10.00992202758789,59.97015380859375
Ko et. al (Etapas 3),Berea,0.19349594907407408,213.96609497070312,1.0,5.373903513066349,11.357817114762058,332630.0,13395.142544048178,394.5680714642218,8.25616267289207,46.10787582397461,48.500240325927734,0.9232901098065973,48.45588684082031,0.46014463901519775,5.58743143081665,61.02491760253906
Ko et. al (Etapas 3),Berea,0.19349594907407408,213.96609497070312,1.0,5.3739035130663515,11.357817114762058,332630.0,13395.142544048178,394.5680714642217,8.25616267289207,48.33120346069336,49.042545318603516,0.9166055259398083,48.02337646484375,0.6880919337272644,0.41927316784858704,60.12521743774414
Ko et. al (Etapas 3),Berea,0.19349594907407408,213.96609497070312,1.0,5.373903513066351,11.357817114762058,332630.0,13395.142544048178,394.5680714642217,8.25616267289207,48.11826705932617,51.5129280090332,0.9211408330975683,49.09391784667969,0.5309246182441711,0.6164640784263611,61.59208297729492
Ko et. al (Etapas 3),Berea,0.19349594907407408,213.96609497070312,1.0,5.37390351306635,11.357817114762058,332630.0,13395.142544048178,394.5680714642217,8.25616267289207,45.39321517944336,47.09963607788086,0.9264793017631687,46.969478607177734,0.7186183333396912,3.188584327697754,59.577144622802734
Ko et. al (Etapas 3),Berea,0.2275017361111111,422.7021179199219,1.0,6.172925265251107,12.806247029276168,389112.0,13761.298422165552,324.4587833303587,1.0046655782675893,34.627838134765625,39.92315673828125,0.9376199659715895,35.002601623535156,0.40739622712135315,2.2016420364379883,56.71999740600586
Ko et. al (Etapas 3),Berea,0.2275017361111111,422.7021179199219,1.0,6.172925265251105,12.806247029276168,389112.0,13761.298422165552,324.4587833303587,1.0046655782675893,37.45210647583008,42.06634521484375,0.932278883023912,36.8588752746582,0.40534502267837524,3.255868673324585,57.32640838623047
Ko et. al (Etapas 3),Berea,0.2275017361111111,422.7021179199219,1.0,6.172925265251106,12.806247029276168,389112.0,13761.298422165552,324.4587833303588,1.0046655782675893,38.379119873046875,41.667816162109375,0.928378473428972,35.344337463378906,0.3968215584754944,1.6432111263275146,56.152244567871094
Ko et. al (Etapas 3),Berea,0.2275017361111111,422.7021179199219,1.0,6.172925265251105,12.806247029276168,389112.0,13761.298422165548,324.4587833303587,1.0046655782675893,38.558555603027344,43.362300872802734,0.9244568393867196,37.76420211791992,0.4312992990016937,2.5947446823120117,57.45342254638672
Ko et. al (Etapas 3),Berea,0.2908605324074074,266.2940979003906,1.0,6.789148931960472,12.542171144784101,498823.0,16140.117574861863,293.57856266023754,-11.091110096716458,42.1371955871582,101.73644256591797,0.5815494952679883,38.79024124145508,0.7887604832649231,0.10014498978853226,55.89805603027344
Ko et. al (Etapas 3),Berea,0.2908605324074074,266.2940979003906,1.0,6.789148931960474,12.542171144784101,498823.0,16140.117574861863,293.57856266023754,-11.091110096716458,28.116619110107422,76.79474639892578,0.6344546268632242,42.394309997558594,0.8846713900566101,4.916988849639893,57.5013542175293
Ko et. al (Etapas 3),Berea,0.2908605324074074,266.2940979003906,1.0,6.789148931960472,12.542171144784101,498823.0,16140.117574861863,293.5785626602374,-11.091110096716458,37.285545349121094,89.02672576904297,0.6112931662473367,37.359745025634766,0.7622173428535461,0.10550697147846222,55.6876106262207
Ko et. al (Etapas 3),Berea,0.2908605324074074,266.2940979003906,1.0,6.789148931960471,12.542171144784101,498823.0,16140.117574861864,293.57856266023754,-11.091110096716458,40.2392578125,99.17304229736328,0.5464505461534876,38.53508758544922,1.0111768245697021,7.1899614334106445,56.82318115234375
Ko et. al (Etapas 3),Berea,0.2439542824074074,194.61537170410156,1.0,7.064531434951123,16.004795965291805,417287.0,14053.338773551177,360.29804613073134,0.6963028760270421,55.943275451660156,82.11848449707031,0.6876547167635338,41.9965705871582,1.2317414283752441,10.507792472839355,61.76981735229492
Ko et. al (Etapas 3),Berea,0.2439542824074074,194.61537170410156,1.0,7.06453143495112,16.004795965291805,417287.0,14053.338773551177,360.29804613073134,0.6963028760270421,63.177459716796875,75.88599395751953,0.8149027884259978,39.149375915527344,0.9036931991577148,3.409377098083496,60.076324462890625
Ko et. al (Etapas 3),Berea,0.2439542824074074,194.6154022216797,1.0,7.064531434951121,16.004795965291805,417287.0,14053.338773551177,360.29804613073134,0.6963028760270421,56.08056640625,78.41786193847656,0.7521996107029885,40.27715301513672,1.283877968788147,10.062978744506836,61.71614456176758
Ko et. al (Etapas 3),Berea,0.2439542824074074,194.6154022216797,1.0,7.064531434951119,16.004795965291805,417287.0,14053.338773551177,360.29804613073134,0.6963028760270421,71.78202056884766,88.4935073852539,0.7850864593378174,41.272098541259766,1.0046792030334473,2.4480068683624268,59.94778060913086
Ko et. al (Etapas 3),Berea,0.25489872685185183,107.66786193847656,1.0,7.208951605514423,15.588457542915263,437912.99999999994,14647.304380222498,375.21783807402426,-0.7559859796865029,77.64198303222656,98.7397232055664,0.7356888019008223,47.009315490722656,1.165738582611084,2.738483428955078,61.33757400512695
Ko et. al (Etapas 3),Berea,0.25489872685185183,107.66787719726562,1.0,7.208951605514421,15.588457542915263,437912.99999999994,14647.304380222495,375.2178380740242,-0.7559859796865029,59.03962326049805,85.7906265258789,0.6827749218406599,50.925628662109375,0.8656834959983826,7.110104560852051,62.09770202636719
Ko et. al (Etapas 3),Berea,0.25489872685185183,107.66786193847656,1.0,7.208951605514423,15.588457542915263,437912.99999999994,14647.304380222495,375.21783807402437,-0.7559859796865029,57.40784454345703,79.19060516357422,0.734815253181142,49.7595329284668,0.9746487736701965,0.03723320737481117,61.13219451904297
Ko et. al (Etapas 3),Berea,0.25489872685185183,107.66786193847656,1.0,7.208951605514422,15.588457542915263,437912.99999999994,14647.304380222495,375.2178380740242,-0.7559859796865029,53.68722915649414,80.23416900634766,0.6931538206073105,48.586246490478516,0.7937300801277161,6.058728218078613,61.25544738769531
Ko et. al (Etapas 3),Berea,0.2606469907407407,243.5032196044922,1.0,6.1867875732600375,13.379086400248642,445590.0,15557.630799712439,337.09480724832383,2.9244720793135768,28.67360496520996,38.82707214355469,0.8670321055947262,38.420162200927734,0.48845264315605164,3.122039556503296,60.59074401855469
Ko et. al (Etapas 3),Berea,0.2606469907407407,243.50326538085938,1.0,6.186787573260035,13.379086400248642,445590.0,15557.630799712439,337.09480724832383,2.9244720793135768,25.453109741210938,40.70206069946289,0.825856611347089,38.839176177978516,0.3309473395347595,1.6230852603912354,59.37139892578125
Ko et. al (Etapas 3),Berea,0.2606469907407407,243.5032501220703,1.0,6.1867875732600375,13.379086400248642,445590.0,15557.630799712439,337.09480724832383,2.9244720793135768,28.890342712402344,43.578208923339844,0.8317471682876986,40.05523681640625,0.5149627327919006,4.39536190032959,61.321231842041016
Ko et. al (Etapas 3),Berea,0.2606469907407407,243.5032501220703,1.0,6.186787573260034,13.379086400248642,445590.0,15557.630799712439,337.0948072483236,2.9244720793135768,26.778282165527344,41.22816848754883,0.8362065544620011,39.24872589111328,0.3512892425060272,2.608309745788574,59.16317367553711
Ko et. al (Etapas 3),Berea,0.24263368055555556,335.73345947265625,1.0,5.606983638972639,10.60129198338392,416171.0,15391.079173675285,346.3432074179881,-2.596215009186543,41.1898078918457,43.53197479248047,0.9126345787901905,39.63694381713867,0.4592914283275604,1.7740787267684937,59.16984939575195
Ko et. al (Etapas 3),Berea,0.24263368055555556,335.73345947265625,1.0,5.606983638972639,10.60129198338392,416171.0,15391.079173675285,346.3432074179881,-2.596215009186543,41.62342071533203,43.978023529052734,0.8870963854054185,38.66729736328125,0.4758816063404083,5.972103595733643,57.52598571777344
Ko et. al (Etapas 3),Berea,0.24263368055555556,335.73345947265625,1.0,5.606983638972638,10.60129198338392,416171.0,15391.079173675285,346.3432074179881,-2.596215009186543,42.22956085205078,43.95967102050781,0.913350531324434,39.07811737060547,0.45680665969848633,2.0052244663238525,59.66749572753906
Ko et. al (Etapas 3),Berea,0.24263368055555556,335.73345947265625,1.0,5.60698363897264,10.60129198338392,416171.0,15391.079173675285,346.3432074179881,-2.596215009186543,43.90865707397461,44.819366455078125,0.8970264021262262,40.33371353149414,0.4526577889919281,4.582242012023926,57.93113708496094
Ko et. al (Etapas 3),Berea,0.2406111111111111,461.7998962402344,1.0,6.291451029958602,12.104613716851995,412057.0,14839.389574536073,401.70559203571594,5.043222259224434,32.678287506103516,37.0276985168457,0.9434022539858564,40.929542541503906,0.5474915504455566,2.8183701038360596,57.94857406616211
Ko et. al (Etapas 3),Berea,0.2406111111111111,461.7998352050781,1.0,6.291451029958607,12.104613716851995,412057.0,14839.38957453607,401.7055920357159,5.043222259224434,31.675676345825195,37.04367446899414,0.9415995158827722,41.925498962402344,0.7784073948860168,0.12115352600812912,58.31117630004883
Ko et. al (Etapas 3),Berea,0.2406111111111111,461.7998962402344,1.0,6.291451029958606,12.104613716851995,412057.0,14839.38957453607,401.70559203571577,5.043222259224434,29.22176170349121,34.51837921142578,0.9393950412697215,39.74918746948242,0.571716845035553,0.04329848289489746,56.90110778808594
Ko et. al (Etapas 3),Berea,0.2406111111111111,461.7998352050781,1.0,6.291451029958602,12.104613716851995,412057.0,14839.38957453607,401.705592035716,5.043222259224434,29.23147201538086,34.58584213256836,0.9436553130873409,40.92965316772461,0.7775113582611084,0.650496244430542,57.99114227294922
Ko et. al (Etapas 3),Berea,0.2725740740740741,679.41455078125,1.0,6.510418687685679,12.664176399359539,468351.00000000006,15353.415109012367,291.8690009808781,-6.00809910171905,17.713401794433594,26.349716186523438,0.9277126023250836,31.75271987915039,0.39117634296417236,3.754185676574707,55.54429626464844
Ko et. al (Etapas 3),Berea,0.2725740740740741,679.41455078125,1.0,6.51041868768568,12.664176399359539,468351.00000000006,15353.415109012367,291.8690009808781,-6.00809910171905,23.329940795898438,32.13801574707031,0.9069332495952891,32.47319412231445,0.647712767124176,4.493587493896484,55.34379196166992
Ko et. al (Etapas 3),Berea,0.2725740740740741,679.41455078125,1.0,6.510418687685679,12.664176399359539,468351.00000000006,15353.415109012367,291.86900098087807,-6.00809910171905,19.842138290405273,27.697486877441406,0.9156910191543192,31.800901412963867,0.4202740788459778,6.254755020141602,56.415061950683594
Ko et. al (Etapas 3),Berea,0.2725740740740741,679.41455078125,1.0,6.510418687685679,12.664176399359539,468351.00000000006,15353.415109012367,291.86900098087807,-6.00809910171905,20.58283805847168,28.3370418548584,0.9254790329210794,31.24711799621582,0.6460936665534973,6.494513988494873,54.39351272583008
Ko et. al (Etapas 3),Berea,0.19914699074074074,244.48416137695312,1.0,5.870001355856542,12.934116827943688,341881.0,13087.962191595592,377.4768737084893,4.466285590516313,7.607142448425293,32.484649658203125,0.8994692822799129,39.47198486328125,0.6600828170776367,0.5327515602111816,57.62443542480469
Ko et. al (Etapas 3),Berea,0.19914699074074074,244.48416137695312,1.0,5.870001355856544,12.934116827943688,341881.0,13087.962191595589,377.47687370848934,4.466285590516313,21.633134841918945,37.545021057128906,0.8877171200080125,42.569366455078125,0.8037663698196411,3.630760431289673,60.146820068359375
Ko et. al (Etapas 3),Berea,0.19914699074074074,244.48416137695312,1.0,5.8700013558565445,12.934116827943688,341881.0,13087.962191595589,377.4768737084893,4.466285590516313,9.254115104675293,30.39045524597168,0.9335821788837145,40.20684814453125,0.7099298238754272,5.7198004722595215,57.73568344116211
Ko et. al (Etapas 3),Berea,0.19914699074074074,244.48416137695312,1.0,5.870001355856542,12.934116827943688,341881.0,13087.962191595592,377.47687370848934,4.466285590516313,11.387781143188477,31.974897384643555,0.9176896893351388,42.581634521484375,0.8534213304519653,1.1169798374176025,59.95854949951172
Ko et. al (Etapas 3),Berea,0.2815815972222222,405.99615478515625,1.0,6.305830160522833,12.572792503698604,483131.0,16071.116104294108,308.4577447443994,-0.2586267825243299,22.46343421936035,33.61625289916992,0.9368723861963518,43.6480827331543,0.5850633382797241,6.875197410583496,59.532012939453125
Ko et. al (Etapas 3),Berea,0.2815815972222222,405.9960632324219,1.0,6.305830160522838,12.572792503698604,483131.0,16071.116104294104,308.4577447443994,-0.2586267825243299,15.424298286437988,31.21620750427246,0.9270017854903491,42.5963020324707,0.838885486125946,1.6539300680160522,59.41888427734375
Ko et. al (Etapas 3),Berea,0.2815815972222222,405.99615478515625,1.0,6.305830160522837,12.572792503698604,483131.0,16071.116104294108,308.45774474439935,-0.2586267825243299,18.38936996459961,30.063066482543945,0.9402952147003384,42.5191535949707,0.6131978631019592,4.822861194610596,58.51260757446289
Ko et. al (Etapas 3),Berea,0.2815815972222222,405.99615478515625,1.0,6.305830160522835,12.572792503698604,483131.0,16071.116104294104,308.45774474439946,-0.2586267825243299,23.882463455200195,32.72614669799805,0.9383836477066939,42.17298889160156,0.7952920794487,0.07315413653850555,59.14967346191406
Ko et. al (Etapas 3),Berea,0.24172164351851852,225.94725036621094,1.0,6.522278702153901,16.643313937698313,414721.0,14888.153469635949,383.59326753064687,3.0438382866324987,32.07511520385742,74.57594299316406,0.6748250582938922,46.218849182128906,1.1429486274719238,8.770303726196289,62.13663864135742
Ko et. al (Etapas 3),Berea,0.24172164351851852,225.94725036621094,1.0,6.522278702153899,16.643313937698313,414721.0,14888.153469635952,383.5932675306468,3.0438382866324987,32.851097106933594,70.9322738647461,0.695553104688035,45.737735748291016,0.9560211300849915,10.08853816986084,63.29911422729492
Ko et. al (Etapas 3),Berea,0.24172164351851852,225.94725036621094,1.0,6.522278702153901,16.643313937698313,414721.0,14888.153469635952,383.5932675306468,3.0438382866324987,39.17570114135742,75.94798278808594,0.7001716513240391,43.729923248291016,1.1373090744018555,2.947543144226074,63.3846549987793
Ko et. al (Etapas 3),Berea,0.24172164351851852,225.94723510742188,1.0,6.522278702153902,16.643313937698313,414721.0,14888.153469635952,383.5932675306468,3.0438382866324987,26.771224975585938,67.80838012695312,0.6957713415063965,45.44820022583008,0.9032520055770874,9.007953643798828,62.33740997314453
Ko et. al (Etapas 3),Berea,0.24901273148148148,309.7655334472656,1.0,5.5372526536201745,10.638032431802573,426122.0,16482.578746904746,381.32237182906977,-7.848328131219089,41.57807540893555,45.43599319458008,0.9294017884471052,41.39868927001953,0.4934675693511963,2.309638261795044,57.23760223388672
Ko et. al (Etapas 3),Berea,0.24901273148148148,309.7655334472656,1.0,5.537252653620175,10.638032431802573,426122.0,16482.578746904746,381.32237182906977,-7.848328131219089,37.065162658691406,43.10891342163086,0.9112782350314806,42.01280212402344,0.7245754599571228,4.8159098625183105,58.467227935791016
Ko et. al (Etapas 3),Berea,0.24901273148148148,309.7655334472656,1.0,5.5372526536201745,10.638032431802573,426122.0,16482.578746904746,381.32237182906977,-7.848328131219089,37.55750274658203,42.01325988769531,0.9341013970358486,41.28126525878906,0.4773120880126953,1.060630202293396,57.71416091918945
Ko et. al (Etapas 3),Berea,0.24901273148148148,309.7655334472656,1.0,5.537252653620175,10.638032431802573,426122.0,16482.578746904746,381.32237182906977,-7.848328131219089,39.984371185302734,44.91621017456055,0.9185663306208168,42.046058654785156,0.7385305762290955,5.391543388366699,58.38233184814453
Ko et. al (Etapas 3),Berea,0.21658506944444444,160.58522033691406,1.0,5.979416689852528,12.199813252196213,370753.0,13971.39918512047,406.83081404173384,6.565141402540683,27.037330627441406,45.4432258605957,0.8749021488551043,49.101165771484375,0.4991908669471741,16.852001190185547,60.45661544799805
Ko et. al (Etapas 3),Berea,0.21658506944444444,160.58522033691406,1.0,5.979416689852526,12.199813252196213,370753.0,13971.39918512047,406.83081404173384,6.565141402540683,22.96358299255371,44.44682693481445,0.881584042330097,48.07830047607422,0.6518808603286743,10.921116828918457,61.13584899902344
Ko et. al (Etapas 3),Berea,0.21658506944444444,160.58522033691406,1.0,5.9794166898525285,12.199813252196213,370753.0,13971.39918512047,406.83081404173384,6.565141402540683,25.27665138244629,45.038360595703125,0.879283806650341,47.147804260253906,0.5289573669433594,7.092861652374268,60.710147857666016
Ko et. al (Etapas 3),Berea,0.21658506944444444,160.58522033691406,1.0,5.979416689852528,12.199813252196213,370753.0,13971.39918512047,406.83081404173384,6.565141402540683,23.20296859741211,42.981361389160156,0.882622175158668,47.95033264160156,0.664577305316925,18.389293670654297,61.23210906982422
Ko et. al (Etapas 3),Berea,0.25098321759259257,334.1527404785156,1.0,5.607762483596832,12.199813252196213,429434.00000000006,15625.576528396965,307.291559065992,-3.033891102689255,23.839595794677734,35.10630416870117,0.8906210022783435,36.71527099609375,0.5845059752464294,2.3375370502471924,56.66270065307617
Ko et. al (Etapas 3),Berea,0.25098321759259257,334.1527404785156,1.0,5.607762483596831,12.199813252196213,429434.00000000006,15625.576528396969,307.291559065992,-3.033891102689255,22.169143676757812,36.983638763427734,0.8862609275932711,39.33612823486328,0.41439732909202576,1.1460189819335938,58.19404602050781
Ko et. al (Etapas 3),Berea,0.25098321759259257,334.1527404785156,1.0,5.607762483596831,12.199813252196213,429434.00000000006,15625.576528396965,307.29155906599186,-3.033891102689255,25.97031593322754,36.4927978515625,0.8914233176259068,38.23884582519531,0.5628701448440552,2.45942759513855,57.835636138916016
Ko et. al (Etapas 3),Berea,0.25098321759259257,334.1527404785156,1.0,5.607762483596834,12.199813252196213,429434.00000000006,15625.576528396969,307.291559065992,-3.033891102689255,24.895137786865234,37.098289489746094,0.8922207054142268,38.595542907714844,0.4303010404109955,2.566556453704834,58.33918762207031
Ko et. al (Etapas 3),Berea,0.2270960648148148,218.38905334472656,1.0,5.755507225032598,11.090535384514943,390581.0,14585.314856408777,392.8372473419503,4.1877644401054965,6.581247329711914,47.56651306152344,0.7135619747561589,41.60838317871094,1.092167854309082,2.853868246078491,59.11606979370117
Ko et. al (Etapas 3),Berea,0.2270960648148148,218.38905334472656,1.0,5.7555072250326,11.090535384514943,390581.0,14585.314856408775,392.83724734195033,4.1877644401054965,1.351546287536621,55.68400192260742,0.690656547256718,42.30723190307617,0.6380948424339294,6.578183650970459,59.282997131347656
Ko et. al (Etapas 3),Berea,0.2270960648148148,218.3890838623047,1.0,5.7555072250326,11.090535384514943,390581.0,14585.314856408777,392.83724734195033,4.1877644401054965,7.917718887329102,54.07080841064453,0.6864165600109152,42.2364387512207,1.0818108320236206,3.0273983478546143,58.440185546875
Ko et. al (Etapas 3),Berea,0.2270960648148148,218.38905334472656,1.0,5.755507225032599,11.090535384514943,390581.0,14585.314856408775,392.83724734195044,4.1877644401054965,2.914757490158081,61.105316162109375,0.6564331627055872,40.85478591918945,0.6988959312438965,1.1754610538482666,58.59232711791992
Ko et. al (Etapas 3),Berea,0.2990011574074074,524.7353515625,1.0,6.996480581009359,15.20690265531322,512922.0,16991.91436068217,338.4899399892625,-5.142694098656868,23.232481002807617,45.76698684692383,0.8418846352775434,32.71901321411133,0.8138064742088318,4.349092483520508,58.0470085144043
Ko et. al (Etapas 3),Berea,0.2990011574074074,524.7354125976562,1.0,6.996480581009361,15.20690265531322,512922.0,16991.91436068217,338.48993998926244,-5.142694098656868,39.96592330932617,57.970252990722656,0.7952751776272611,30.79887580871582,0.7627164125442505,5.4179911613464355,55.717041015625
Ko et. al (Etapas 3),Berea,0.2990011574074074,524.7354125976562,1.0,6.996480581009358,15.20690265531322,512922.0,16991.91436068217,338.4899399892625,-5.142694098656868,26.293317794799805,46.79525375366211,0.8440324950741954,31.357254028320312,0.8581196069717407,2.8035054206848145,57.400569915771484
Ko et. al (Etapas 3),Berea,0.2990011574074074,524.7353515625,1.0,6.996480581009359,15.20690265531322,512922.0,16991.91436068217,338.4899399892625,-5.142694098656868,24.313724517822266,41.97974395751953,0.8551125897178187,30.742063522338867,0.6430944204330444,1.829264760017395,56.359127044677734
Ko et. al (Etapas 3),Berea,0.2404866898148148,127.4367904663086,1.0,6.0794394454112295,13.076694972014252,411981.0,14843.012218802725,381.1286921744335,1.6213909827486839,13.32291030883789,53.04194259643555,0.7404022267391038,46.025299072265625,0.5061156749725342,0.32644733786582947,60.920570373535156
Ko et. al (Etapas 3),Berea,0.2404866898148148,127.4367904663086,1.0,6.0794394454112295,13.076694972014252,411981.0,14843.012218802725,381.1286921744335,1.6213909827486839,11.795693397521973,50.48035430908203,0.7108132283006252,48.31173324584961,0.6902089715003967,4.831476211547852,61.76129150390625
Ko et. al (Etapas 3),Berea,0.2404866898148148,127.4367904663086,1.0,6.079439445411231,13.076694972014252,411981.0,14843.012218802729,381.12869217443364,1.6213909827486839,4.092588901519775,51.611724853515625,0.7832152388578345,46.49244689941406,0.5380600094795227,0.8510159850120544,60.83133316040039
Ko et. al (Etapas 3),Berea,0.2404866898148148,127.4367904663086,1.0,6.079439445411231,13.076694972014252,411981.0,14843.012218802725,381.12869217443364,1.6213909827486839,16.757476806640625,51.417877197265625,0.7007397700555942,48.02040481567383,0.6952775716781616,4.161162853240967,61.58432388305664
Ko et. al (Etapas 3),Berea,0.23077604166666665,231.63343811035156,1.0,5.59750623570908,11.357817114762058,395717.0,15615.872196184855,454.9495522873247,6.7839794492920396,33.305946350097656,41.36267852783203,0.8704673184211329,48.12128448486328,0.43767690658569336,0.6795006990432739,60.4599494934082
Ko et. al (Etapas 3),Berea,0.23077604166666665,231.63343811035156,1.0,5.59750623570908,11.357817114762058,395717.0,15615.872196184855,454.9495522873247,6.7839794492920396,31.437318801879883,39.738311767578125,0.8461319454422819,48.14706802368164,0.5711032152175903,3.792806386947632,59.38359832763672
Ko et. al (Etapas 3),Berea,0.23077604166666665,231.63345336914062,1.0,5.59750623570908,11.357817114762058,395717.0,15615.872196184855,454.9495522873247,6.7839794492920396,30.033756256103516,39.182533264160156,0.8737193016870807,47.95652770996094,0.3996388018131256,0.7420315742492676,59.54601287841797
Ko et. al (Etapas 3),Berea,0.23077604166666665,231.63343811035156,1.0,5.597506235709079,11.357817114762058,395717.0,15615.872196184855,454.9495522873248,6.7839794492920396,33.92262268066406,41.224945068359375,0.8599695306089649,48.421905517578125,0.5862962603569031,2.5669891834259033,60.06343460083008
