 Model's trainable parameters
 Model {model_name}: {mh.get_n_trainable_params(model)}
Starting test routine...
========================================================================================================================



  Spherical Pores  results:


Loading data...
Testing model:   Ko et. al (Etapas 3)
Processing Batch 1 (Size: 50)...
input shape:  torch.Size([50, 1, 120, 120, 120])
output shape:  torch.Size([50, 4, 120, 120, 120])
target shape:  torch.Size([50, 4, 120, 120, 120])
Bias Error: using velocity magnitude
Mean: 11.6293, Std: 10.6153
------------------------------------------------------------------
Magnitude Error: 
 -- Sample 0: mean=31.9001%; std=26.0309
 -- Sample 1: mean=32.4163%; std=26.5476
 -- Sample 2: mean=30.7909%; std=23.1948
 -- Sample 3: mean=29.6415%; std=22.2353
 -- Sample 4: mean=32.2950%; std=25.1853
 -- Sample 5: mean=31.4997%; std=28.9567
 -- Sample 6: mean=31.3072%; std=24.3252
 -- Sample 7: mean=29.8775%; std=22.4197
 -- Sample 8: mean=41.0637%; std=44.8868
 -- Sample 9: mean=50.4300%; std=49.0626
 -- Sample 10: mean=39.1954%; std=41.2678
 -- Sample 11: mean=39.1935%; std=49.0797
 -- Sample 12: mean=27.0180%; std=21.0685
 -- Sample 13: mean=25.2258%; std=21.4158
 -- Sample 14: mean=32.0919%; std=26.5956
 -- Sample 15: mean=25.9503%; std=20.4077
 -- Sample 16: mean=39.1019%; std=40.8584
 -- Sample 17: mean=40.2629%; std=41.9035
 -- Sample 18: mean=34.5149%; std=35.5246
 -- Sample 19: mean=35.2135%; std=33.7218
 -- Sample 20: mean=28.8875%; std=25.1188
 -- Sample 21: mean=28.6631%; std=22.7187
 -- Sample 22: mean=30.3792%; std=25.4973
 -- Sample 23: mean=29.6791%; std=25.6634
 -- Sample 24: mean=43.5238%; std=50.0732
 -- Sample 25: mean=37.8403%; std=35.6671
 -- Sample 26: mean=49.1551%; std=73.5192
 -- Sample 27: mean=42.3898%; std=52.1252
 -- Sample 28: mean=63.8768%; std=64.8322
 -- Sample 29: mean=62.6516%; std=55.1207
 -- Sample 30: mean=62.6791%; std=62.8037
 -- Sample 31: mean=58.5895%; std=48.9009
 -- Sample 32: mean=25.3878%; std=24.1056
 -- Sample 33: mean=25.5114%; std=24.0525
 -- Sample 34: mean=24.1373%; std=20.6807
 -- Sample 35: mean=24.8196%; std=21.8025
 -- Sample 36: mean=24.6240%; std=22.3608
 -- Sample 37: mean=22.7241%; std=19.3078
 -- Sample 38: mean=23.9606%; std=19.9482
 -- Sample 39: mean=23.0675%; std=20.1787
 -- Sample 40: mean=18.2834%; std=16.4310
 -- Sample 41: mean=20.2473%; std=19.9406
 -- Sample 42: mean=19.5756%; std=16.7645
 -- Sample 43: mean=19.4139%; std=17.5829
 -- Sample 44: mean=27.4178%; std=19.9790
 -- Sample 45: mean=24.8500%; std=20.5564
 -- Sample 46: mean=25.8998%; std=20.5827
 -- Sample 47: mean=24.0382%; std=21.0782
 -- Sample 48: mean=29.5804%; std=21.9735
 -- Sample 49: mean=25.9034%; std=19.6498
Mean: 32.9349%, Std: 11.2050%
------------------------------------------------------------------
Angular error:
 -- Sample 0: mean=38.5218º; std=36.4779
 -- Sample 1: mean=39.7370º; std=36.7555
 -- Sample 2: mean=38.5557º; std=36.4308
 -- Sample 3: mean=39.3523º; std=36.2675
 -- Sample 4: mean=40.7707º; std=37.0012
 -- Sample 5: mean=40.2622º; std=36.9111
 -- Sample 6: mean=41.1937º; std=37.0475
 -- Sample 7: mean=40.4818º; std=37.6199
 -- Sample 8: mean=37.4396º; std=37.0631
 -- Sample 9: mean=37.3133º; std=36.0574
 -- Sample 10: mean=37.4191º; std=36.1371
 -- Sample 11: mean=37.5597º; std=36.9444
 -- Sample 12: mean=41.6422º; std=38.9374
 -- Sample 13: mean=39.4577º; std=38.1602
 -- Sample 14: mean=41.2952º; std=38.5232
 -- Sample 15: mean=40.2902º; std=38.8750
 -- Sample 16: mean=38.3499º; std=37.9617
 -- Sample 17: mean=39.2903º; std=38.6295
 -- Sample 18: mean=40.1670º; std=40.0988
 -- Sample 19: mean=38.9708º; std=38.4902
 -- Sample 20: mean=44.0476º; std=40.7611
 -- Sample 21: mean=44.4523º; std=41.1413
 -- Sample 22: mean=43.3518º; std=40.9974
 -- Sample 23: mean=43.4237º; std=40.1536
 -- Sample 24: mean=52.2718º; std=44.3305
 -- Sample 25: mean=51.9625º; std=44.1908
 -- Sample 26: mean=53.0895º; std=44.2807
 -- Sample 27: mean=53.5179º; std=45.8909
 -- Sample 28: mean=44.5155º; std=40.4520
 -- Sample 29: mean=44.8140º; std=39.7357
 -- Sample 30: mean=44.2999º; std=40.7007
 -- Sample 31: mean=45.1420º; std=40.0718
 -- Sample 32: mean=30.3952º; std=31.5506
 -- Sample 33: mean=30.7523º; std=31.6336
 -- Sample 34: mean=30.0917º; std=31.4538
 -- Sample 35: mean=30.5565º; std=31.5052
 -- Sample 36: mean=31.7615º; std=33.3424
 -- Sample 37: mean=32.3882º; std=33.7796
 -- Sample 38: mean=31.7699º; std=33.4111
 -- Sample 39: mean=31.9984º; std=33.1568
 -- Sample 40: mean=30.1438º; std=32.3081
 -- Sample 41: mean=29.1833º; std=32.0092
 -- Sample 42: mean=29.6401º; std=32.0985
 -- Sample 43: mean=29.3056º; std=31.8262
 -- Sample 44: mean=29.3871º; std=31.2062
 -- Sample 45: mean=27.9094º; std=30.7643
 -- Sample 46: mean=28.6454º; std=30.3275
 -- Sample 47: mean=28.1973º; std=30.8017
 -- Sample 48: mean=30.0961º; std=33.1179
 -- Sample 49: mean=29.4371º; std=33.1050
Mean: 37.8924º, Std: 6.9442º
------------------------------------------------------------------
Correlation comparison:
 -- Sample 0: 0.8896
 -- Sample 1: 0.8824
 -- Sample 2: 0.8867
 -- Sample 3: 0.8992
 -- Sample 4: 0.9091
 -- Sample 5: 0.9132
 -- Sample 6: 0.9028
 -- Sample 7: 0.9180
 -- Sample 8: 0.8715
 -- Sample 9: 0.8377
 -- Sample 10: 0.8892
 -- Sample 11: 0.9021
 -- Sample 12: 0.9188
 -- Sample 13: 0.9303
 -- Sample 14: 0.8909
 -- Sample 15: 0.9299
 -- Sample 16: 0.8298
 -- Sample 17: 0.8282
 -- Sample 18: 0.8634
 -- Sample 19: 0.8574
 -- Sample 20: 0.8971
 -- Sample 21: 0.9073
 -- Sample 22: 0.8857
 -- Sample 23: 0.9089
 -- Sample 24: 0.8420
 -- Sample 25: 0.8906
 -- Sample 26: 0.8029
 -- Sample 27: 0.8757
 -- Sample 28: 0.7888
 -- Sample 29: 0.7893
 -- Sample 30: 0.8053
 -- Sample 31: 0.8035
 -- Sample 32: 0.9267
 -- Sample 33: 0.9221
 -- Sample 34: 0.9360
 -- Sample 35: 0.9293
 -- Sample 36: 0.9254
 -- Sample 37: 0.9429
 -- Sample 38: 0.9347
 -- Sample 39: 0.9396
 -- Sample 40: 0.9460
 -- Sample 41: 0.9340
 -- Sample 42: 0.9461
 -- Sample 43: 0.9481
 -- Sample 44: 0.9149
 -- Sample 45: 0.9340
 -- Sample 46: 0.9235
 -- Sample 47: 0.9363
 -- Sample 48: 0.9092
 -- Sample 49: 0.9170
Mean=0.8943, Std=0.0439
------------------------------------------------------------------
Flux Error:
 -- Sample 0: 0.5546
 -- Sample 1: 0.4930
 -- Sample 2: 0.4831
 -- Sample 3: 0.4658
 -- Sample 4: 0.4931
 -- Sample 5: 0.6061
 -- Sample 6: 0.4322
 -- Sample 7: 0.5422
 -- Sample 8: 0.8554
 -- Sample 9: 0.5626
 -- Sample 10: 0.8190
 -- Sample 11: 0.5870
 -- Sample 12: 0.4786
 -- Sample 13: 0.4876
 -- Sample 14: 0.4927
 -- Sample 15: 0.4562
 -- Sample 16: 0.6138
 -- Sample 17: 0.5277
 -- Sample 18: 0.5809
 -- Sample 19: 0.5236
 -- Sample 20: 0.7669
 -- Sample 21: 0.8124
 -- Sample 22: 0.7489
 -- Sample 23: 0.8647
 -- Sample 24: 0.8282
 -- Sample 25: 0.8434
 -- Sample 26: 0.8754
 -- Sample 27: 0.9322
 -- Sample 28: 0.7647
 -- Sample 29: 0.7670
 -- Sample 30: 0.7579
 -- Sample 31: 0.7721
 -- Sample 32: 0.3986
 -- Sample 33: 0.4019
 -- Sample 34: 0.3845
 -- Sample 35: 0.4007
 -- Sample 36: 0.3845
 -- Sample 37: 0.3632
 -- Sample 38: 0.3792
 -- Sample 39: 0.4120
 -- Sample 40: 0.4648
 -- Sample 41: 0.3525
 -- Sample 42: 0.4654
 -- Sample 43: 0.3739
 -- Sample 44: 0.3443
 -- Sample 45: 0.5452
 -- Sample 46: 0.3432
 -- Sample 47: 0.5075
 -- Sample 48: 0.6356
 -- Sample 49: 0.3776
Mean: 0.5665, Std: 0.1723
------------------------------------------------------------------
Tortuosity Comparison:
 -- Sample 0: 12.4522%
 -- Sample 1: 13.0226%
 -- Sample 2: 11.1857%
 -- Sample 3: 11.8095%
 -- Sample 4: 12.4345%
 -- Sample 5: 11.9894%
 -- Sample 6: 11.4207%
 -- Sample 7: 11.1535%
 -- Sample 8: 5.7631%
 -- Sample 9: 8.6242%
 -- Sample 10: 6.0124%
 -- Sample 11: 7.9079%
 -- Sample 12: 12.6147%
 -- Sample 13: 9.1944%
 -- Sample 14: 12.9473%
 -- Sample 15: 12.5120%
 -- Sample 16: 10.4317%
 -- Sample 17: 10.2058%
 -- Sample 18: 8.9554%
 -- Sample 19: 12.5110%
 -- Sample 20: 12.1882%
 -- Sample 21: 11.2843%
 -- Sample 22: 10.2604%
 -- Sample 23: 12.5529%
 -- Sample 24: 8.1145%
 -- Sample 25: 4.2402%
 -- Sample 26: 8.1183%
 -- Sample 27: 6.9365%
 -- Sample 28: 5.1640%
 -- Sample 29: 3.3124%
 -- Sample 30: 3.4204%
 -- Sample 31: 2.5102%
 -- Sample 32: 11.9869%
 -- Sample 33: 12.3871%
 -- Sample 34: 11.5851%
 -- Sample 35: 11.7497%
 -- Sample 36: 8.1745%
 -- Sample 37: 7.4714%
 -- Sample 38: 7.2549%
 -- Sample 39: 8.8944%
 -- Sample 40: 7.8818%
 -- Sample 41: 7.6249%
 -- Sample 42: 6.3440%
 -- Sample 43: 8.1679%
 -- Sample 44: 7.6860%
 -- Sample 45: 7.3185%
 -- Sample 46: 7.5880%
 -- Sample 47: 7.6091%
 -- Sample 48: 4.3333%
 -- Sample 49: 4.9516%
Mean: 9.0052%, Std: 2.9197%
------------------------------------------------------------------
Evaluating Divergent:
 -- Sample 0: 53.1055%
 -- Sample 1: 53.8579%
 -- Sample 2: 52.9246%
 -- Sample 3: 53.8316%
 -- Sample 4: 53.6899%
 -- Sample 5: 53.3533%
 -- Sample 6: 53.5834%
 -- Sample 7: 53.3206%
 -- Sample 8: 54.2647%
 -- Sample 9: 54.3775%
 -- Sample 10: 54.2521%
 -- Sample 11: 54.3337%
 -- Sample 12: 56.5861%
 -- Sample 13: 55.2294%
 -- Sample 14: 55.9807%
 -- Sample 15: 55.1936%
 -- Sample 16: 55.2445%
 -- Sample 17: 54.9557%
 -- Sample 18: 54.8601%
 -- Sample 19: 55.4100%
 -- Sample 20: 58.0494%
 -- Sample 21: 58.3457%
 -- Sample 22: 57.5816%
 -- Sample 23: 57.7544%
 -- Sample 24: 63.5639%
 -- Sample 25: 63.1547%
 -- Sample 26: 63.3946%
 -- Sample 27: 62.9573%
 -- Sample 28: 60.2668%
 -- Sample 29: 60.5963%
 -- Sample 30: 61.1430%
 -- Sample 31: 60.3781%
 -- Sample 32: 46.4354%
 -- Sample 33: 46.9218%
 -- Sample 34: 45.9796%
 -- Sample 35: 46.5866%
 -- Sample 36: 47.3977%
 -- Sample 37: 47.8897%
 -- Sample 38: 47.1206%
 -- Sample 39: 48.0561%
 -- Sample 40: 48.2493%
 -- Sample 41: 47.9494%
 -- Sample 42: 47.9967%
 -- Sample 43: 47.8725%
 -- Sample 44: 49.9463%
 -- Sample 45: 47.9823%
 -- Sample 46: 49.5433%
 -- Sample 47: 47.8203%
 -- Sample 48: 51.1332%
 -- Sample 49: 51.2607%
Mean: 53.6336%, Std: 5.0118%
------------------------------------------------------------------
Processing Batch 2 (Size: 50)...
input shape:  torch.Size([50, 1, 120, 120, 120])
output shape:  torch.Size([50, 4, 120, 120, 120])
target shape:  torch.Size([50, 4, 120, 120, 120])
Bias Error: using velocity magnitude
Mean: 11.9116, Std: 7.6365
------------------------------------------------------------------
Magnitude Error: 
 -- Sample 0: mean=29.7174%; std=20.7536
 -- Sample 1: mean=33.8169%; std=21.0194
 -- Sample 2: mean=32.8936%; std=21.1402
 -- Sample 3: mean=32.2193%; std=19.0860
 -- Sample 4: mean=31.3381%; std=17.5777
 -- Sample 5: mean=33.8435%; std=18.7411
 -- Sample 6: mean=28.5495%; std=19.5730
 -- Sample 7: mean=26.5104%; std=19.3433
 -- Sample 8: mean=28.6650%; std=20.5809
 -- Sample 9: mean=26.3942%; std=18.5866
 -- Sample 10: mean=44.5458%; std=37.5429
 -- Sample 11: mean=40.0294%; std=37.7508
 -- Sample 12: mean=44.9531%; std=42.0172
 -- Sample 13: mean=43.7603%; std=38.7116
 -- Sample 14: mean=18.2870%; std=12.6747
 -- Sample 15: mean=17.5686%; std=12.7620
 -- Sample 16: mean=18.1934%; std=12.4589
 -- Sample 17: mean=17.2561%; std=12.7487
 -- Sample 18: mean=17.1782%; std=13.6950
 -- Sample 19: mean=15.9621%; std=12.0527
 -- Sample 20: mean=17.1623%; std=13.2969
 -- Sample 21: mean=15.7347%; std=12.4799
 -- Sample 22: mean=18.0846%; std=13.9261
 -- Sample 23: mean=19.3793%; std=15.3758
 -- Sample 24: mean=20.4205%; std=14.8533
 -- Sample 25: mean=19.9525%; std=15.4289
 -- Sample 26: mean=15.2747%; std=11.8880
 -- Sample 27: mean=15.6638%; std=11.5877
 -- Sample 28: mean=15.9670%; std=12.7614
 -- Sample 29: mean=16.3491%; std=13.0051
 -- Sample 30: mean=18.9709%; std=13.8799
 -- Sample 31: mean=20.5123%; std=14.0912
 -- Sample 32: mean=20.6987%; std=13.5901
 -- Sample 33: mean=18.4562%; std=13.3362
 -- Sample 34: mean=17.3366%; std=12.7349
 -- Sample 35: mean=18.7007%; std=13.0369
 -- Sample 36: mean=19.2975%; std=13.7562
 -- Sample 37: mean=20.8708%; std=14.9036
 -- Sample 38: mean=25.7585%; std=15.4303
 -- Sample 39: mean=25.2381%; std=13.9464
 -- Sample 40: mean=25.3666%; std=13.5547
 -- Sample 41: mean=26.3558%; std=14.6231
 -- Sample 42: mean=17.7638%; std=15.0910
 -- Sample 43: mean=20.3194%; std=17.6446
 -- Sample 44: mean=18.8238%; std=15.6515
 -- Sample 45: mean=20.7217%; std=18.2181
 -- Sample 46: mean=12.8954%; std=10.2946
 -- Sample 47: mean=13.5994%; std=10.5426
 -- Sample 48: mean=13.7782%; std=10.6409
 -- Sample 49: mean=12.7131%; std=10.1348
Mean: 22.8770%, Std: 8.2571%
------------------------------------------------------------------
Angular error:
 -- Sample 0: mean=37.0782º; std=37.7584
 -- Sample 1: mean=36.9118º; std=37.9408
 -- Sample 2: mean=36.5265º; std=39.6645
 -- Sample 3: mean=36.7352º; std=39.0983
 -- Sample 4: mean=36.1534º; std=38.9757
 -- Sample 5: mean=35.8993º; std=38.3413
 -- Sample 6: mean=29.7233º; std=35.7671
 -- Sample 7: mean=30.1915º; std=36.1007
 -- Sample 8: mean=30.1537º; std=35.4008
 -- Sample 9: mean=30.2664º; std=35.4761
 -- Sample 10: mean=48.0341º; std=43.0958
 -- Sample 11: mean=46.9639º; std=43.9432
 -- Sample 12: mean=47.2128º; std=42.7281
 -- Sample 13: mean=48.5552º; std=44.0740
 -- Sample 14: mean=22.0797º; std=25.7921
 -- Sample 15: mean=21.8309º; std=25.5488
 -- Sample 16: mean=22.2579º; std=25.8188
 -- Sample 17: mean=22.0953º; std=25.8753
 -- Sample 18: mean=23.3560º; std=27.3056
 -- Sample 19: mean=23.1569º; std=27.0616
 -- Sample 20: mean=23.6264º; std=27.6251
 -- Sample 21: mean=22.8662º; std=26.8584
 -- Sample 22: mean=23.4673º; std=27.7964
 -- Sample 23: mean=22.7649º; std=27.3848
 -- Sample 24: mean=23.2630º; std=27.5652
 -- Sample 25: mean=23.3124º; std=27.2468
 -- Sample 26: mean=21.4702º; std=26.1960
 -- Sample 27: mean=21.7628º; std=26.6586
 -- Sample 28: mean=22.0939º; std=26.7954
 -- Sample 29: mean=21.9864º; std=26.6145
 -- Sample 30: mean=24.3374º; std=28.6880
 -- Sample 31: mean=24.3788º; std=28.4351
 -- Sample 32: mean=24.7270º; std=28.5719
 -- Sample 33: mean=25.1778º; std=28.7434
 -- Sample 34: mean=23.1007º; std=28.0002
 -- Sample 35: mean=23.0296º; std=28.5551
 -- Sample 36: mean=23.3550º; std=28.7872
 -- Sample 37: mean=23.7129º; std=28.6123
 -- Sample 38: mean=28.1550º; std=32.5959
 -- Sample 39: mean=27.6975º; std=32.5343
 -- Sample 40: mean=28.1086º; std=32.1832
 -- Sample 41: mean=27.3821º; std=32.3245
 -- Sample 42: mean=21.5605º; std=28.1304
 -- Sample 43: mean=22.0446º; std=28.8005
 -- Sample 44: mean=22.4948º; std=29.3860
 -- Sample 45: mean=22.1505º; std=28.5352
 -- Sample 46: mean=16.0055º; std=20.4958
 -- Sample 47: mean=16.0854º; std=20.4247
 -- Sample 48: mean=16.1370º; std=20.3306
 -- Sample 49: mean=16.1326º; std=20.4030
Mean: 26.9514º, Std: 8.0927º
------------------------------------------------------------------
Correlation comparison:
 -- Sample 0: 0.9058
 -- Sample 1: 0.8871
 -- Sample 2: 0.9039
 -- Sample 3: 0.9130
 -- Sample 4: 0.9074
 -- Sample 5: 0.9090
 -- Sample 6: 0.8997
 -- Sample 7: 0.9130
 -- Sample 8: 0.8687
 -- Sample 9: 0.9027
 -- Sample 10: 0.8535
 -- Sample 11: 0.8820
 -- Sample 12: 0.8076
 -- Sample 13: 0.8531
 -- Sample 14: 0.9691
 -- Sample 15: 0.9685
 -- Sample 16: 0.9676
 -- Sample 17: 0.9676
 -- Sample 18: 0.9543
 -- Sample 19: 0.9610
 -- Sample 20: 0.9552
 -- Sample 21: 0.9610
 -- Sample 22: 0.9686
 -- Sample 23: 0.9662
 -- Sample 24: 0.9675
 -- Sample 25: 0.9657
 -- Sample 26: 0.9722
 -- Sample 27: 0.9711
 -- Sample 28: 0.9718
 -- Sample 29: 0.9661
 -- Sample 30: 0.9731
 -- Sample 31: 0.9628
 -- Sample 32: 0.9750
 -- Sample 33: 0.9752
 -- Sample 34: 0.9691
 -- Sample 35: 0.9631
 -- Sample 36: 0.9595
 -- Sample 37: 0.9539
 -- Sample 38: 0.9603
 -- Sample 39: 0.9582
 -- Sample 40: 0.9716
 -- Sample 41: 0.9658
 -- Sample 42: 0.9619
 -- Sample 43: 0.9581
 -- Sample 44: 0.9647
 -- Sample 45: 0.9507
 -- Sample 46: 0.9781
 -- Sample 47: 0.9755
 -- Sample 48: 0.9787
 -- Sample 49: 0.9773
Mean=0.9439, Std=0.0397
------------------------------------------------------------------
Flux Error:
 -- Sample 0: 0.5486
 -- Sample 1: 0.4025
 -- Sample 2: 0.3270
 -- Sample 3: 0.5203
 -- Sample 4: 0.2996
 -- Sample 5: 0.5035
 -- Sample 6: 0.4166
 -- Sample 7: 0.5147
 -- Sample 8: 0.3948
 -- Sample 9: 0.5229
 -- Sample 10: 0.5239
 -- Sample 11: 0.7295
 -- Sample 12: 0.4733
 -- Sample 13: 0.6664
 -- Sample 14: 0.2170
 -- Sample 15: 0.2458
 -- Sample 16: 0.2203
 -- Sample 17: 0.2399
 -- Sample 18: 0.2438
 -- Sample 19: 0.2292
 -- Sample 20: 0.2444
 -- Sample 21: 0.2307
 -- Sample 22: 0.3498
 -- Sample 23: 0.3659
 -- Sample 24: 0.3788
 -- Sample 25: 0.3762
 -- Sample 26: 0.2930
 -- Sample 27: 0.2942
 -- Sample 28: 0.3023
 -- Sample 29: 0.3138
 -- Sample 30: 0.3340
 -- Sample 31: 0.2405
 -- Sample 32: 0.3288
 -- Sample 33: 0.2653
 -- Sample 34: 0.3256
 -- Sample 35: 0.4771
 -- Sample 36: 0.3176
 -- Sample 37: 0.4652
 -- Sample 38: 0.2897
 -- Sample 39: 0.2965
 -- Sample 40: 0.2833
 -- Sample 41: 0.2751
 -- Sample 42: 0.3487
 -- Sample 43: 0.4867
 -- Sample 44: 0.3587
 -- Sample 45: 0.4515
 -- Sample 46: 0.2643
 -- Sample 47: 0.2508
 -- Sample 48: 0.2729
 -- Sample 49: 0.2505
Mean: 0.3594, Std: 0.1180
------------------------------------------------------------------
Tortuosity Comparison:
 -- Sample 0: 0.2205%
 -- Sample 1: 0.1331%
 -- Sample 2: 4.5499%
 -- Sample 3: 3.8088%
 -- Sample 4: 4.3760%
 -- Sample 5: 5.1777%
 -- Sample 6: 2.5274%
 -- Sample 7: 1.2578%
 -- Sample 8: 0.1056%
 -- Sample 9: 0.4885%
 -- Sample 10: 4.9695%
 -- Sample 11: 3.7615%
 -- Sample 12: 2.8992%
 -- Sample 13: 1.9387%
 -- Sample 14: 5.4854%
 -- Sample 15: 5.2148%
 -- Sample 16: 5.5469%
 -- Sample 17: 5.9887%
 -- Sample 18: 4.5017%
 -- Sample 19: 5.0733%
 -- Sample 20: 5.5774%
 -- Sample 21: 5.4546%
 -- Sample 22: 5.6596%
 -- Sample 23: 6.1301%
 -- Sample 24: 6.1553%
 -- Sample 25: 5.5103%
 -- Sample 26: 5.4470%
 -- Sample 27: 5.6747%
 -- Sample 28: 5.4776%
 -- Sample 29: 5.6834%
 -- Sample 30: 5.6849%
 -- Sample 31: 5.4057%
 -- Sample 32: 5.0461%
 -- Sample 33: 6.3205%
 -- Sample 34: 4.3484%
 -- Sample 35: 4.4089%
 -- Sample 36: 4.3618%
 -- Sample 37: 3.8516%
 -- Sample 38: 1.9027%
 -- Sample 39: 3.2692%
 -- Sample 40: 2.7904%
 -- Sample 41: 1.8539%
 -- Sample 42: 3.5927%
 -- Sample 43: 4.2794%
 -- Sample 44: 4.2976%
 -- Sample 45: 2.9913%
 -- Sample 46: 4.1946%
 -- Sample 47: 4.5116%
 -- Sample 48: 4.7003%
 -- Sample 49: 4.4552%
Mean: 4.1412%, Std: 1.6674%
------------------------------------------------------------------
Evaluating Divergent:
 -- Sample 0: 55.5635%
 -- Sample 1: 55.1040%
 -- Sample 2: 55.4528%
 -- Sample 3: 54.9810%
 -- Sample 4: 54.8531%
 -- Sample 5: 55.0908%
 -- Sample 6: 52.7210%
 -- Sample 7: 53.0812%
 -- Sample 8: 52.6591%
 -- Sample 9: 53.0251%
 -- Sample 10: 58.6851%
 -- Sample 11: 57.8490%
 -- Sample 12: 58.9067%
 -- Sample 13: 57.8610%
 -- Sample 14: 41.0883%
 -- Sample 15: 40.7651%
 -- Sample 16: 41.1650%
 -- Sample 17: 40.7923%
 -- Sample 18: 42.0149%
 -- Sample 19: 41.3835%
 -- Sample 20: 41.9644%
 -- Sample 21: 41.4133%
 -- Sample 22: 42.7133%
 -- Sample 23: 42.1350%
 -- Sample 24: 42.5786%
 -- Sample 25: 42.3018%
 -- Sample 26: 43.0012%
 -- Sample 27: 43.0478%
 -- Sample 28: 43.1538%
 -- Sample 29: 43.0319%
 -- Sample 30: 45.0917%
 -- Sample 31: 46.1808%
 -- Sample 32: 45.0360%
 -- Sample 33: 45.8745%
 -- Sample 34: 44.1394%
 -- Sample 35: 44.1763%
 -- Sample 36: 44.2894%
 -- Sample 37: 44.8517%
 -- Sample 38: 50.8375%
 -- Sample 39: 50.1802%
 -- Sample 40: 50.6137%
 -- Sample 41: 50.4017%
 -- Sample 42: 46.4431%
 -- Sample 43: 46.7363%
 -- Sample 44: 46.7691%
 -- Sample 45: 47.2322%
 -- Sample 46: 36.1014%
 -- Sample 47: 36.0867%
 -- Sample 48: 36.3851%
 -- Sample 49: 35.8815%
Mean: 46.8338%, Std: 6.3542%
------------------------------------------------------------------
Processing Batch 3 (Size: 28)...
input shape:  torch.Size([28, 1, 120, 120, 120])
output shape:  torch.Size([28, 4, 120, 120, 120])
target shape:  torch.Size([28, 4, 120, 120, 120])
Bias Error: using velocity magnitude
Mean: 42.4876, Std: 9.6887
------------------------------------------------------------------
Magnitude Error: 
 -- Sample 0: mean=31.5443%; std=12.3367
 -- Sample 1: mean=30.8500%; std=12.8205
 -- Sample 2: mean=30.4510%; std=12.3734
 -- Sample 3: mean=30.9264%; std=12.9934
 -- Sample 4: mean=23.7801%; std=13.0514
 -- Sample 5: mean=23.0335%; std=13.0108
 -- Sample 6: mean=24.1089%; std=12.2973
 -- Sample 7: mean=23.8074%; std=13.3170
 -- Sample 8: mean=45.6471%; std=13.6791
 -- Sample 9: mean=44.4719%; std=13.7106
 -- Sample 10: mean=45.6297%; std=13.2997
 -- Sample 11: mean=44.2234%; std=13.9787
 -- Sample 12: mean=41.0197%; std=15.4675
 -- Sample 13: mean=39.8970%; std=15.0349
 -- Sample 14: mean=40.0570%; std=14.3780
 -- Sample 15: mean=43.4709%; std=15.4465
 -- Sample 16: mean=47.1502%; std=12.5077
 -- Sample 17: mean=46.8013%; std=12.7040
 -- Sample 18: mean=45.3302%; std=11.2408
 -- Sample 19: mean=45.3815%; std=11.7134
 -- Sample 20: mean=53.2038%; std=15.6602
 -- Sample 21: mean=52.1115%; std=14.1746
 -- Sample 22: mean=53.7916%; std=14.7964
 -- Sample 23: mean=53.1381%; std=14.7015
 -- Sample 24: mean=51.7398%; std=12.4915
 -- Sample 25: mean=49.2488%; std=13.0686
 -- Sample 26: mean=49.1375%; std=12.4051
 -- Sample 27: mean=50.1896%; std=13.1968
Mean: 41.4336%, Std: 9.8210%
------------------------------------------------------------------
Angular error:
 -- Sample 0: mean=26.5728º; std=34.6811
 -- Sample 1: mean=27.1638º; std=35.0483
 -- Sample 2: mean=26.2165º; std=34.9132
 -- Sample 3: mean=26.8380º; std=34.9449
 -- Sample 4: mean=25.6581º; std=35.1502
 -- Sample 5: mean=26.7273º; std=35.7644
 -- Sample 6: mean=26.1085º; std=35.2688
 -- Sample 7: mean=25.8941º; std=35.4025
 -- Sample 8: mean=30.1713º; std=37.7567
 -- Sample 9: mean=29.6572º; std=37.0998
 -- Sample 10: mean=30.6326º; std=37.8673
 -- Sample 11: mean=30.0180º; std=37.9889
 -- Sample 12: mean=28.5034º; std=37.1188
 -- Sample 13: mean=28.5879º; std=36.8685
 -- Sample 14: mean=27.7775º; std=36.5101
 -- Sample 15: mean=29.0567º; std=37.5362
 -- Sample 16: mean=28.4997º; std=38.1071
 -- Sample 17: mean=28.4687º; std=38.3305
 -- Sample 18: mean=27.9479º; std=37.9343
 -- Sample 19: mean=27.3552º; std=37.9260
 -- Sample 20: mean=31.8211º; std=38.9402
 -- Sample 21: mean=30.2243º; std=39.2990
 -- Sample 22: mean=31.0825º; std=38.8095
 -- Sample 23: mean=30.2190º; std=38.1965
 -- Sample 24: mean=29.9845º; std=38.5164
 -- Sample 25: mean=29.8020º; std=38.9319
 -- Sample 26: mean=29.7741º; std=39.3084
 -- Sample 27: mean=30.5521º; std=38.5364
Mean: 28.6184º, Std: 1.7281º
------------------------------------------------------------------
Correlation comparison:
 -- Sample 0: 0.9700
 -- Sample 1: 0.9677
 -- Sample 2: 0.9696
 -- Sample 3: 0.9667
 -- Sample 4: 0.9713
 -- Sample 5: 0.9747
 -- Sample 6: 0.9747
 -- Sample 7: 0.9714
 -- Sample 8: 0.9486
 -- Sample 9: 0.9517
 -- Sample 10: 0.9516
 -- Sample 11: 0.9522
 -- Sample 12: 0.9513
 -- Sample 13: 0.9535
 -- Sample 14: 0.9540
 -- Sample 15: 0.9426
 -- Sample 16: 0.9533
 -- Sample 17: 0.9456
 -- Sample 18: 0.9599
 -- Sample 19: 0.9571
 -- Sample 20: 0.9208
 -- Sample 21: 0.9344
 -- Sample 22: 0.9271
 -- Sample 23: 0.9247
 -- Sample 24: 0.9514
 -- Sample 25: 0.9591
 -- Sample 26: 0.9610
 -- Sample 27: 0.9531
Mean=0.9543, Std=0.0143
------------------------------------------------------------------
Flux Error:
 -- Sample 0: 0.3659
 -- Sample 1: 0.3596
 -- Sample 2: 0.3648
 -- Sample 3: 0.3550
 -- Sample 4: 0.3964
 -- Sample 5: 0.3951
 -- Sample 6: 0.3963
 -- Sample 7: 0.3978
 -- Sample 8: 0.5099
 -- Sample 9: 0.4999
 -- Sample 10: 0.5123
 -- Sample 11: 0.4944
 -- Sample 12: 0.4579
 -- Sample 13: 0.4492
 -- Sample 14: 0.4520
 -- Sample 15: 0.4837
 -- Sample 16: 0.5109
 -- Sample 17: 0.5122
 -- Sample 18: 0.4969
 -- Sample 19: 0.4936
 -- Sample 20: 0.5849
 -- Sample 21: 0.5662
 -- Sample 22: 0.5870
 -- Sample 23: 0.5838
 -- Sample 24: 0.5581
 -- Sample 25: 0.5307
 -- Sample 26: 0.5276
 -- Sample 27: 0.5447
Mean: 0.4781, Std: 0.0725
------------------------------------------------------------------
Tortuosity Comparison:
 -- Sample 0: 4.6643%
 -- Sample 1: 5.2917%
 -- Sample 2: 4.5585%
 -- Sample 3: 4.6221%
 -- Sample 4: 3.9214%
 -- Sample 5: 4.6167%
 -- Sample 6: 5.1122%
 -- Sample 7: 4.1324%
 -- Sample 8: 8.3613%
 -- Sample 9: 8.8006%
 -- Sample 10: 8.9405%
 -- Sample 11: 8.0431%
 -- Sample 12: 5.8569%
 -- Sample 13: 4.9986%
 -- Sample 14: 6.9240%
 -- Sample 15: 6.5331%
 -- Sample 16: 6.5512%
 -- Sample 17: 7.1922%
 -- Sample 18: 5.5733%
 -- Sample 19: 5.9195%
 -- Sample 20: 11.4937%
 -- Sample 21: 8.7836%
 -- Sample 22: 11.1043%
 -- Sample 23: 11.4470%
 -- Sample 24: 7.7528%
 -- Sample 25: 5.9330%
 -- Sample 26: 5.4845%
 -- Sample 27: 7.6216%
Mean: 6.7941%, Std: 2.1469%
------------------------------------------------------------------
Evaluating Divergent:
 -- Sample 0: 38.8289%
 -- Sample 1: 39.0492%
 -- Sample 2: 38.7950%
 -- Sample 3: 39.1070%
 -- Sample 4: 40.0712%
 -- Sample 5: 40.2538%
 -- Sample 6: 39.7820%
 -- Sample 7: 40.1822%
 -- Sample 8: 42.8242%
 -- Sample 9: 42.6198%
 -- Sample 10: 42.8083%
 -- Sample 11: 42.6114%
 -- Sample 12: 45.1188%
 -- Sample 13: 45.2547%
 -- Sample 14: 44.7789%
 -- Sample 15: 45.0830%
 -- Sample 16: 42.7315%
 -- Sample 17: 42.4485%
 -- Sample 18: 42.1271%
 -- Sample 19: 41.9181%
 -- Sample 20: 48.8527%
 -- Sample 21: 48.0490%
 -- Sample 22: 48.7163%
 -- Sample 23: 47.9521%
 -- Sample 24: 46.4681%
 -- Sample 25: 45.6174%
 -- Sample 26: 45.9728%
 -- Sample 27: 45.9982%
Mean: 43.3579%, Std: 3.1057%
------------------------------------------------------------------

-----------------------------------------------------


========================================================================================================================



  Spherical Grains  results:


Loading data...
Testing model:   Ko et. al (Etapas 3)
Processing Batch 1 (Size: 50)...
input shape:  torch.Size([50, 1, 120, 120, 120])
output shape:  torch.Size([50, 4, 120, 120, 120])
target shape:  torch.Size([50, 4, 120, 120, 120])
Bias Error: using velocity magnitude
Mean: 121.9224, Std: 325.5063
------------------------------------------------------------------
Magnitude Error: 
 -- Sample 0: mean=45.3592%; std=29.4684
 -- Sample 1: mean=37.2216%; std=21.0313
 -- Sample 2: mean=30.5798%; std=24.6377
 -- Sample 3: mean=37.0029%; std=23.6557
 -- Sample 4: mean=18.8275%; std=15.3981
 -- Sample 5: mean=24.0916%; std=18.5922
 -- Sample 6: mean=20.5054%; std=16.7923
 -- Sample 7: mean=22.9122%; std=16.6132
 -- Sample 8: mean=32.8885%; std=20.0772
 -- Sample 9: mean=32.6607%; std=23.7235
 -- Sample 10: mean=32.6960%; std=21.0927
 -- Sample 11: mean=30.2200%; std=22.2891
 -- Sample 12: mean=51.3338%; std=47.9408
 -- Sample 13: mean=53.4121%; std=51.6594
 -- Sample 14: mean=40.4471%; std=39.9794
 -- Sample 15: mean=40.3146%; std=40.4902
 -- Sample 16: mean=87.4176%; std=92.3099
 -- Sample 17: mean=72.9421%; std=76.9726
 -- Sample 18: mean=62.0397%; std=83.2918
 -- Sample 19: mean=59.9183%; std=70.9183
 -- Sample 20: mean=36.6023%; std=21.8529
 -- Sample 21: mean=39.2663%; std=21.3734
 -- Sample 22: mean=38.1480%; std=21.1355
 -- Sample 23: mean=37.5271%; std=20.0398
 -- Sample 24: mean=1324.8892%; std=2384.1562
 -- Sample 25: mean=1029.3651%; std=1397.5863
 -- Sample 26: mean=1735.4191%; std=2987.4958
 -- Sample 27: mean=1499.3348%; std=2751.4482
 -- Sample 28: mean=41.1778%; std=32.4462
 -- Sample 29: mean=40.2236%; std=32.0002
 -- Sample 30: mean=44.0565%; std=35.6203
 -- Sample 31: mean=40.0261%; std=31.8631
 -- Sample 32: mean=98.9459%; std=90.9220
 -- Sample 33: mean=102.5388%; std=110.4607
 -- Sample 34: mean=60.6650%; std=63.7310
 -- Sample 35: mean=84.7607%; std=82.4059
 -- Sample 36: mean=48.4687%; std=37.3730
 -- Sample 37: mean=46.5363%; std=34.3947
 -- Sample 38: mean=42.8880%; std=35.4112
 -- Sample 39: mean=50.7237%; std=41.0221
 -- Sample 40: mean=25.4293%; std=16.9594
 -- Sample 41: mean=33.6722%; std=16.5831
 -- Sample 42: mean=31.3961%; std=18.4132
 -- Sample 43: mean=25.2591%; std=15.7824
 -- Sample 44: mean=53.5194%; std=36.3606
 -- Sample 45: mean=49.4993%; std=37.3559
 -- Sample 46: mean=47.0652%; std=29.1455
 -- Sample 47: mean=42.9205%; std=34.1077
 -- Sample 48: mean=27.9453%; std=20.9141
 -- Sample 49: mean=24.8950%; std=21.0462
Mean: 152.7191%, Std: 374.5994%
------------------------------------------------------------------
Angular error:
 -- Sample 0: mean=33.8269º; std=36.5536
 -- Sample 1: mean=34.1768º; std=35.9997
 -- Sample 2: mean=33.8304º; std=36.3967
 -- Sample 3: mean=34.8344º; std=36.1385
 -- Sample 4: mean=37.8885º; std=38.8848
 -- Sample 5: mean=39.9598º; std=38.2166
 -- Sample 6: mean=37.9391º; std=38.0374
 -- Sample 7: mean=39.6833º; std=38.3807
 -- Sample 8: mean=34.8533º; std=36.0816
 -- Sample 9: mean=34.6577º; std=36.3744
 -- Sample 10: mean=35.0158º; std=36.6027
 -- Sample 11: mean=33.4389º; std=35.5236
 -- Sample 12: mean=46.5236º; std=45.2243
 -- Sample 13: mean=45.9434º; std=44.7729
 -- Sample 14: mean=48.8428º; std=45.7425
 -- Sample 15: mean=45.7836º; std=44.2012
 -- Sample 16: mean=37.3701º; std=37.6772
 -- Sample 17: mean=41.3600º; std=37.7926
 -- Sample 18: mean=39.1981º; std=38.9827
 -- Sample 19: mean=39.9419º; std=36.8663
 -- Sample 20: mean=24.3770º; std=31.1603
 -- Sample 21: mean=24.2015º; std=30.3532
 -- Sample 22: mean=24.7872º; std=31.0077
 -- Sample 23: mean=24.5261º; std=30.7204
 -- Sample 24: mean=45.0439º; std=41.4095
 -- Sample 25: mean=47.4934º; std=42.1570
 -- Sample 26: mean=44.2935º; std=40.9650
 -- Sample 27: mean=46.4856º; std=42.1166
 -- Sample 28: mean=49.1418º; std=42.9770
 -- Sample 29: mean=46.0784º; std=44.6933
 -- Sample 30: mean=52.0499º; std=44.7131
 -- Sample 31: mean=41.7777º; std=41.4824
 -- Sample 32: mean=46.0187º; std=43.8916
 -- Sample 33: mean=46.9083º; std=43.9895
 -- Sample 34: mean=43.1370º; std=42.3165
 -- Sample 35: mean=44.6176º; std=42.5344
 -- Sample 36: mean=45.7359º; std=41.9911
 -- Sample 37: mean=48.9937º; std=42.2755
 -- Sample 38: mean=43.9838º; std=40.5633
 -- Sample 39: mean=45.8633º; std=40.5244
 -- Sample 40: mean=31.4125º; std=34.5707
 -- Sample 41: mean=29.2874º; std=32.3144
 -- Sample 42: mean=29.7938º; std=32.6369
 -- Sample 43: mean=30.0930º; std=33.8992
 -- Sample 44: mean=32.4634º; std=32.6008
 -- Sample 45: mean=32.4853º; std=31.7062
 -- Sample 46: mean=33.4838º; std=33.9961
 -- Sample 47: mean=33.4236º; std=32.8338
 -- Sample 48: mean=35.6529º; std=38.9598
 -- Sample 49: mean=33.5436º; std=38.6120
Mean: 38.6444º, Std: 7.3220º
------------------------------------------------------------------
Correlation comparison:
 -- Sample 0: 0.8339
 -- Sample 1: 0.8617
 -- Sample 2: 0.8967
 -- Sample 3: 0.8664
 -- Sample 4: 0.9715
 -- Sample 5: 0.9540
 -- Sample 6: 0.9632
 -- Sample 7: 0.9601
 -- Sample 8: 0.9352
 -- Sample 9: 0.9253
 -- Sample 10: 0.9223
 -- Sample 11: 0.9348
 -- Sample 12: 0.8937
 -- Sample 13: 0.8390
 -- Sample 14: 0.9221
 -- Sample 15: 0.9241
 -- Sample 16: 0.7581
 -- Sample 17: 0.7299
 -- Sample 18: 0.7496
 -- Sample 19: 0.7738
 -- Sample 20: 0.8991
 -- Sample 21: 0.8952
 -- Sample 22: 0.8992
 -- Sample 23: 0.9191
 -- Sample 24: 0.1510
 -- Sample 25: 0.1997
 -- Sample 26: 0.1301
 -- Sample 27: 0.1423
 -- Sample 28: 0.6780
 -- Sample 29: 0.8016
 -- Sample 30: 0.6788
 -- Sample 31: 0.6966
 -- Sample 32: 0.7092
 -- Sample 33: 0.7361
 -- Sample 34: 0.8542
 -- Sample 35: 0.7971
 -- Sample 36: 0.8203
 -- Sample 37: 0.8386
 -- Sample 38: 0.9023
 -- Sample 39: 0.7571
 -- Sample 40: 0.9568
 -- Sample 41: 0.9281
 -- Sample 42: 0.9342
 -- Sample 43: 0.9562
 -- Sample 44: 0.9212
 -- Sample 45: 0.9217
 -- Sample 46: 0.9175
 -- Sample 47: 0.9356
 -- Sample 48: 0.9295
 -- Sample 49: 0.9252
Mean=0.8089, Std=0.2093
------------------------------------------------------------------
Flux Error:
 -- Sample 0: 0.6274
 -- Sample 1: 0.9628
 -- Sample 2: 0.5549
 -- Sample 3: 0.9746
 -- Sample 4: 0.8049
 -- Sample 5: 0.7581
 -- Sample 6: 0.7927
 -- Sample 7: 0.8401
 -- Sample 8: 0.9274
 -- Sample 9: 0.4305
 -- Sample 10: 0.9235
 -- Sample 11: 0.5125
 -- Sample 12: 0.8688
 -- Sample 13: 0.9359
 -- Sample 14: 0.7905
 -- Sample 15: 0.8638
 -- Sample 16: 1.1047
 -- Sample 17: 0.9110
 -- Sample 18: 0.8137
 -- Sample 19: 0.9310
 -- Sample 20: 0.3759
 -- Sample 21: 0.4908
 -- Sample 22: 0.3836
 -- Sample 23: 0.5458
 -- Sample 24: 11.0359
 -- Sample 25: 9.4283
 -- Sample 26: 14.7863
 -- Sample 27: 12.2844
 -- Sample 28: 1.3081
 -- Sample 29: 0.8049
 -- Sample 30: 1.0962
 -- Sample 31: 0.9199
 -- Sample 32: 1.0691
 -- Sample 33: 1.7263
 -- Sample 34: 0.9444
 -- Sample 35: 1.5092
 -- Sample 36: 0.4815
 -- Sample 37: 0.6587
 -- Sample 38: 0.5183
 -- Sample 39: 0.5255
 -- Sample 40: 0.5245
 -- Sample 41: 0.6534
 -- Sample 42: 0.4748
 -- Sample 43: 0.7762
 -- Sample 44: 0.7347
 -- Sample 45: 0.7330
 -- Sample 46: 0.6834
 -- Sample 47: 0.7970
 -- Sample 48: 0.9153
 -- Sample 49: 0.5811
Mean: 1.6819, Std: 3.0701
------------------------------------------------------------------
Tortuosity Comparison:
 -- Sample 0: 11.4552%
 -- Sample 1: 10.1532%
 -- Sample 2: 7.3250%
 -- Sample 3: 10.5128%
 -- Sample 4: 5.9450%
 -- Sample 5: 4.2211%
 -- Sample 6: 5.4434%
 -- Sample 7: 7.5278%
 -- Sample 8: 8.7624%
 -- Sample 9: 8.0409%
 -- Sample 10: 7.5520%
 -- Sample 11: 3.4874%
 -- Sample 12: 0.2949%
 -- Sample 13: 2.1137%
 -- Sample 14: 3.8613%
 -- Sample 15: 2.8860%
 -- Sample 16: 5.1764%
 -- Sample 17: 8.3458%
 -- Sample 18: 2.8022%
 -- Sample 19: 7.9897%
 -- Sample 20: 4.8276%
 -- Sample 21: 2.5092%
 -- Sample 22: 3.8208%
 -- Sample 23: 3.3661%
 -- Sample 24: 5.3835%
 -- Sample 25: 6.6788%
 -- Sample 26: 1.4350%
 -- Sample 27: 2.6677%
 -- Sample 28: 14.9553%
 -- Sample 29: 10.7441%
 -- Sample 30: 12.3170%
 -- Sample 31: 10.2967%
 -- Sample 32: 6.7488%
 -- Sample 33: 1.1163%
 -- Sample 34: 2.7181%
 -- Sample 35: 1.3527%
 -- Sample 36: 6.3385%
 -- Sample 37: 15.0448%
 -- Sample 38: 8.8629%
 -- Sample 39: 12.6475%
 -- Sample 40: 7.0865%
 -- Sample 41: 7.0219%
 -- Sample 42: 6.9410%
 -- Sample 43: 6.4521%
 -- Sample 44: 5.8033%
 -- Sample 45: 5.7463%
 -- Sample 46: 7.7726%
 -- Sample 47: 8.5067%
 -- Sample 48: 2.0486%
 -- Sample 49: 2.7580%
Mean: 6.3573%, Std: 3.5228%
------------------------------------------------------------------
Evaluating Divergent:
 -- Sample 0: 59.9534%
 -- Sample 1: 59.9309%
 -- Sample 2: 59.1560%
 -- Sample 3: 60.0205%
 -- Sample 4: 59.6988%
 -- Sample 5: 63.6703%
 -- Sample 6: 60.1866%
 -- Sample 7: 63.2745%
 -- Sample 8: 64.0669%
 -- Sample 9: 63.1501%
 -- Sample 10: 63.3961%
 -- Sample 11: 62.3221%
 -- Sample 12: 67.8623%
 -- Sample 13: 66.8060%
 -- Sample 14: 68.3449%
 -- Sample 15: 66.1506%
 -- Sample 16: 62.1904%
 -- Sample 17: 65.3516%
 -- Sample 18: 62.2636%
 -- Sample 19: 64.9576%
 -- Sample 20: 58.5272%
 -- Sample 21: 59.9988%
 -- Sample 22: 59.1535%
 -- Sample 23: 59.3690%
 -- Sample 24: 65.8359%
 -- Sample 25: 66.3111%
 -- Sample 26: 66.8215%
 -- Sample 27: 66.5317%
 -- Sample 28: 68.5990%
 -- Sample 29: 68.1197%
 -- Sample 30: 68.2479%
 -- Sample 31: 68.4937%
 -- Sample 32: 65.7714%
 -- Sample 33: 66.6815%
 -- Sample 34: 66.5077%
 -- Sample 35: 66.3784%
 -- Sample 36: 67.3012%
 -- Sample 37: 67.3248%
 -- Sample 38: 67.0710%
 -- Sample 39: 66.6500%
 -- Sample 40: 62.5376%
 -- Sample 41: 63.2494%
 -- Sample 42: 62.9992%
 -- Sample 43: 62.9149%
 -- Sample 44: 60.0379%
 -- Sample 45: 60.8926%
 -- Sample 46: 60.2642%
 -- Sample 47: 60.7004%
 -- Sample 48: 63.1556%
 -- Sample 49: 63.9271%
Mean: 63.8625%, Std: 3.0693%
------------------------------------------------------------------
Processing Batch 2 (Size: 50)...
input shape:  torch.Size([50, 1, 120, 120, 120])
output shape:  torch.Size([50, 4, 120, 120, 120])
target shape:  torch.Size([50, 4, 120, 120, 120])
Bias Error: using velocity magnitude
Mean: 39.2807, Std: 64.2837
------------------------------------------------------------------
Magnitude Error: 
 -- Sample 0: mean=21.6509%; std=16.8185
 -- Sample 1: mean=24.6271%; std=20.2591
 -- Sample 2: mean=23.4465%; std=17.6851
 -- Sample 3: mean=22.8192%; std=17.4831
 -- Sample 4: mean=18.6261%; std=14.8291
 -- Sample 5: mean=20.9583%; std=13.9268
 -- Sample 6: mean=29.1471%; std=21.6807
 -- Sample 7: mean=21.5349%; std=15.6064
 -- Sample 8: mean=27.9700%; std=20.2209
 -- Sample 9: mean=25.8423%; std=14.7353
 -- Sample 10: mean=47.0098%; std=42.4795
 -- Sample 11: mean=43.4074%; std=40.7200
 -- Sample 12: mean=42.3967%; std=43.0628
 -- Sample 13: mean=50.9015%; std=41.0929
 -- Sample 14: mean=44.2469%; std=38.2589
 -- Sample 15: mean=46.1713%; std=42.9903
 -- Sample 16: mean=43.3802%; std=38.9640
 -- Sample 17: mean=43.0629%; std=35.3122
 -- Sample 18: mean=25.2343%; std=17.8273
 -- Sample 19: mean=31.8048%; std=17.7532
 -- Sample 20: mean=30.3404%; std=16.7993
 -- Sample 21: mean=27.4317%; std=17.0433
 -- Sample 22: mean=38.2910%; std=21.1111
 -- Sample 23: mean=36.5376%; std=20.4528
 -- Sample 24: mean=37.6659%; std=20.2917
 -- Sample 25: mean=36.9920%; std=20.8305
 -- Sample 26: mean=32.3724%; std=13.4556
 -- Sample 27: mean=35.9628%; std=15.1788
 -- Sample 28: mean=34.1231%; std=13.5226
 -- Sample 29: mean=37.0848%; std=15.7311
 -- Sample 30: mean=33.5096%; std=19.6637
 -- Sample 31: mean=32.2606%; std=22.6727
 -- Sample 32: mean=39.6197%; std=18.2797
 -- Sample 33: mean=35.5229%; std=21.0925
 -- Sample 34: mean=35.6660%; std=27.1435
 -- Sample 35: mean=37.1098%; std=25.4317
 -- Sample 36: mean=36.9695%; std=26.7387
 -- Sample 37: mean=34.7133%; std=25.1711
 -- Sample 38: mean=36.0484%; std=21.5631
 -- Sample 39: mean=31.4630%; std=21.5351
 -- Sample 40: mean=33.2840%; std=18.6884
 -- Sample 41: mean=34.3677%; std=20.9346
 -- Sample 42: mean=26.4336%; std=26.0159
 -- Sample 43: mean=22.9169%; std=19.4436
 -- Sample 44: mean=24.0913%; std=23.5856
 -- Sample 45: mean=25.1374%; std=24.0089
 -- Sample 46: mean=28.8244%; std=22.1635
 -- Sample 47: mean=25.1838%; std=22.0278
 -- Sample 48: mean=24.4928%; std=20.3681
 -- Sample 49: mean=26.4755%; std=24.9025
Mean: 32.5026%, Std: 7.7073%
------------------------------------------------------------------
Angular error:
 -- Sample 0: mean=37.3012º; std=40.3037
 -- Sample 1: mean=31.6233º; std=37.2607
 -- Sample 2: mean=29.6723º; std=32.6477
 -- Sample 3: mean=30.6099º; std=34.2284
 -- Sample 4: mean=30.6373º; std=34.0071
 -- Sample 5: mean=29.5713º; std=33.1582
 -- Sample 6: mean=32.3056º; std=33.0417
 -- Sample 7: mean=27.6077º; std=31.4154
 -- Sample 8: mean=33.5051º; std=34.5026
 -- Sample 9: mean=28.6112º; std=32.2817
 -- Sample 10: mean=52.1067º; std=46.9091
 -- Sample 11: mean=57.3325º; std=46.7749
 -- Sample 12: mean=51.0968º; std=46.4067
 -- Sample 13: mean=53.2520º; std=44.4936
 -- Sample 14: mean=25.6498º; std=29.4506
 -- Sample 15: mean=25.0164º; std=28.7686
 -- Sample 16: mean=25.7571º; std=29.6858
 -- Sample 17: mean=24.9134º; std=28.9539
 -- Sample 18: mean=26.9119º; std=30.9407
 -- Sample 19: mean=28.3628º; std=32.1469
 -- Sample 20: mean=27.4677º; std=31.8763
 -- Sample 21: mean=27.1582º; std=30.6358
 -- Sample 22: mean=32.9853º; std=34.0224
 -- Sample 23: mean=32.7515º; std=34.2119
 -- Sample 24: mean=32.4041º; std=33.3220
 -- Sample 25: mean=29.4990º; std=31.3558
 -- Sample 26: mean=26.8581º; std=30.6278
 -- Sample 27: mean=29.6341º; std=29.7640
 -- Sample 28: mean=26.1287º; std=29.4380
 -- Sample 29: mean=30.3503º; std=30.8972
 -- Sample 30: mean=30.4902º; std=35.9877
 -- Sample 31: mean=29.2780º; std=35.1744
 -- Sample 32: mean=30.0850º; std=34.8215
 -- Sample 33: mean=28.3975º; std=33.4418
 -- Sample 34: mean=41.1522º; std=42.5334
 -- Sample 35: mean=39.1902º; std=40.5413
 -- Sample 36: mean=41.6301º; std=41.6084
 -- Sample 37: mean=40.2297º; std=42.4298
 -- Sample 38: mean=37.4528º; std=39.5880
 -- Sample 39: mean=37.3216º; std=38.1094
 -- Sample 40: mean=36.7296º; std=38.7779
 -- Sample 41: mean=36.7289º; std=37.6779
 -- Sample 42: mean=29.4266º; std=33.6029
 -- Sample 43: mean=31.6751º; std=35.0823
 -- Sample 44: mean=28.1185º; std=31.7026
 -- Sample 45: mean=28.3800º; std=31.3945
 -- Sample 46: mean=23.2310º; std=27.2311
 -- Sample 47: mean=23.6392º; std=28.6043
 -- Sample 48: mean=22.9417º; std=27.9654
 -- Sample 49: mean=22.7010º; std=27.5429
Mean: 32.3176º, Std: 7.8072º
------------------------------------------------------------------
Correlation comparison:
 -- Sample 0: 0.9520
 -- Sample 1: 0.9296
 -- Sample 2: 0.9311
 -- Sample 3: 0.9402
 -- Sample 4: 0.9542
 -- Sample 5: 0.9475
 -- Sample 6: 0.8554
 -- Sample 7: 0.9452
 -- Sample 8: 0.8785
 -- Sample 9: 0.9253
 -- Sample 10: 0.2004
 -- Sample 11: 0.2800
 -- Sample 12: 0.2941
 -- Sample 13: 0.3533
 -- Sample 14: 0.9219
 -- Sample 15: 0.9092
 -- Sample 16: 0.9197
 -- Sample 17: 0.9285
 -- Sample 18: 0.9485
 -- Sample 19: 0.9348
 -- Sample 20: 0.9510
 -- Sample 21: 0.9548
 -- Sample 22: 0.9345
 -- Sample 23: 0.9158
 -- Sample 24: 0.9254
 -- Sample 25: 0.9137
 -- Sample 26: 0.9621
 -- Sample 27: 0.9574
 -- Sample 28: 0.9683
 -- Sample 29: 0.9495
 -- Sample 30: 0.9228
 -- Sample 31: 0.9032
 -- Sample 32: 0.9283
 -- Sample 33: 0.9046
 -- Sample 34: 0.8951
 -- Sample 35: 0.8968
 -- Sample 36: 0.8916
 -- Sample 37: 0.9107
 -- Sample 38: 0.9455
 -- Sample 39: 0.9553
 -- Sample 40: 0.9537
 -- Sample 41: 0.9364
 -- Sample 42: 0.9512
 -- Sample 43: 0.9590
 -- Sample 44: 0.9502
 -- Sample 45: 0.9513
 -- Sample 46: 0.9425
 -- Sample 47: 0.9496
 -- Sample 48: 0.9471
 -- Sample 49: 0.9512
Mean=0.8806, Std=0.1787
------------------------------------------------------------------
Flux Error:
 -- Sample 0: 0.9903
 -- Sample 1: 0.5479
 -- Sample 2: 0.4722
 -- Sample 3: 0.6201
 -- Sample 4: 0.4662
 -- Sample 5: 0.5935
 -- Sample 6: 0.4136
 -- Sample 7: 0.6850
 -- Sample 8: 0.3984
 -- Sample 9: 0.7487
 -- Sample 10: 2.9623
 -- Sample 11: 3.0631
 -- Sample 12: 2.6499
 -- Sample 13: 2.9599
 -- Sample 14: 0.7451
 -- Sample 15: 0.7673
 -- Sample 16: 0.7397
 -- Sample 17: 0.7091
 -- Sample 18: 0.5442
 -- Sample 19: 0.4081
 -- Sample 20: 0.4880
 -- Sample 21: 0.4235
 -- Sample 22: 0.4898
 -- Sample 23: 0.6864
 -- Sample 24: 0.4652
 -- Sample 25: 0.6458
 -- Sample 26: 0.3402
 -- Sample 27: 0.5934
 -- Sample 28: 0.3499
 -- Sample 29: 0.5809
 -- Sample 30: 0.6845
 -- Sample 31: 0.6011
 -- Sample 32: 0.6674
 -- Sample 33: 0.6118
 -- Sample 34: 0.5312
 -- Sample 35: 0.9477
 -- Sample 36: 0.5584
 -- Sample 37: 0.9494
 -- Sample 38: 0.7395
 -- Sample 39: 0.9481
 -- Sample 40: 0.7712
 -- Sample 41: 0.8719
 -- Sample 42: 0.4430
 -- Sample 43: 0.8483
 -- Sample 44: 0.4674
 -- Sample 45: 0.7584
 -- Sample 46: 0.6847
 -- Sample 47: 0.4169
 -- Sample 48: 0.6238
 -- Sample 49: 0.4505
Mean: 0.8025, Std: 0.6434
------------------------------------------------------------------
Tortuosity Comparison:
 -- Sample 0: 2.3027%
 -- Sample 1: 2.0441%
 -- Sample 2: 9.0205%
 -- Sample 3: 5.4128%
 -- Sample 4: 7.5758%
 -- Sample 5: 5.6787%
 -- Sample 6: 12.0439%
 -- Sample 7: 6.2063%
 -- Sample 8: 11.3546%
 -- Sample 9: 6.4394%
 -- Sample 10: 5.6140%
 -- Sample 11: 2.7451%
 -- Sample 12: 3.2640%
 -- Sample 13: 2.3270%
 -- Sample 14: 6.8392%
 -- Sample 15: 7.4628%
 -- Sample 16: 7.4385%
 -- Sample 17: 6.5967%
 -- Sample 18: 6.3204%
 -- Sample 19: 5.7743%
 -- Sample 20: 6.3683%
 -- Sample 21: 6.3900%
 -- Sample 22: 10.0898%
 -- Sample 23: 7.7985%
 -- Sample 24: 10.9200%
 -- Sample 25: 10.3767%
 -- Sample 26: 2.5474%
 -- Sample 27: 8.8101%
 -- Sample 28: 4.3383%
 -- Sample 29: 7.9028%
 -- Sample 30: 4.1645%
 -- Sample 31: 3.6768%
 -- Sample 32: 1.4940%
 -- Sample 33: 3.9283%
 -- Sample 34: 2.7581%
 -- Sample 35: 2.7732%
 -- Sample 36: 2.6198%
 -- Sample 37: 1.0993%
 -- Sample 38: 3.3440%
 -- Sample 39: 5.7407%
 -- Sample 40: 6.8154%
 -- Sample 41: 5.8409%
 -- Sample 42: 2.8134%
 -- Sample 43: 0.4598%
 -- Sample 44: 0.1276%
 -- Sample 45: 0.2771%
 -- Sample 46: 6.3852%
 -- Sample 47: 4.9424%
 -- Sample 48: 5.1480%
 -- Sample 49: 5.6271%
Mean: 5.3608%, Std: 2.9020%
------------------------------------------------------------------
Evaluating Divergent:
 -- Sample 0: 62.8714%
 -- Sample 1: 63.2754%
 -- Sample 2: 60.9492%
 -- Sample 3: 59.8386%
 -- Sample 4: 60.9449%
 -- Sample 5: 60.0243%
 -- Sample 6: 62.0177%
 -- Sample 7: 58.8452%
 -- Sample 8: 60.9953%
 -- Sample 9: 59.8195%
 -- Sample 10: 70.1517%
 -- Sample 11: 71.7752%
 -- Sample 12: 70.0776%
 -- Sample 13: 72.2787%
 -- Sample 14: 53.1185%
 -- Sample 15: 53.9197%
 -- Sample 16: 53.1788%
 -- Sample 17: 53.4076%
 -- Sample 18: 54.4839%
 -- Sample 19: 56.0624%
 -- Sample 20: 55.4947%
 -- Sample 21: 55.6171%
 -- Sample 22: 59.1271%
 -- Sample 23: 59.3785%
 -- Sample 24: 58.9287%
 -- Sample 25: 59.5937%
 -- Sample 26: 54.3265%
 -- Sample 27: 57.9494%
 -- Sample 28: 54.5323%
 -- Sample 29: 58.1115%
 -- Sample 30: 58.4921%
 -- Sample 31: 58.4998%
 -- Sample 32: 58.2619%
 -- Sample 33: 58.3913%
 -- Sample 34: 64.4175%
 -- Sample 35: 63.2985%
 -- Sample 36: 64.3909%
 -- Sample 37: 63.2588%
 -- Sample 38: 63.7575%
 -- Sample 39: 62.6341%
 -- Sample 40: 63.9691%
 -- Sample 41: 62.6678%
 -- Sample 42: 57.5923%
 -- Sample 43: 58.5345%
 -- Sample 44: 58.0603%
 -- Sample 45: 58.4660%
 -- Sample 46: 51.1769%
 -- Sample 47: 50.4476%
 -- Sample 48: 50.2641%
 -- Sample 49: 50.6211%
Mean: 59.3659%, Std: 5.1254%
------------------------------------------------------------------
Processing Batch 3 (Size: 28)...
input shape:  torch.Size([28, 1, 120, 120, 120])
output shape:  torch.Size([28, 4, 120, 120, 120])
target shape:  torch.Size([28, 4, 120, 120, 120])
Bias Error: using velocity magnitude
Mean: 12.5271, Std: 5.1408
------------------------------------------------------------------
Magnitude Error: 
 -- Sample 0: mean=26.0505%; std=17.0897
 -- Sample 1: mean=25.8492%; std=17.8642
 -- Sample 2: mean=26.0475%; std=19.1404
 -- Sample 3: mean=25.7706%; std=16.6170
 -- Sample 4: mean=26.8676%; std=21.7954
 -- Sample 5: mean=28.8351%; std=23.0743
 -- Sample 6: mean=23.3993%; std=17.8069
 -- Sample 7: mean=27.7932%; std=24.0782
 -- Sample 8: mean=31.1078%; std=29.5590
 -- Sample 9: mean=29.3140%; std=32.1296
 -- Sample 10: mean=29.7042%; std=25.7003
 -- Sample 11: mean=27.6419%; std=21.6705
 -- Sample 12: mean=20.3715%; std=17.4192
 -- Sample 13: mean=17.8695%; std=15.5900
 -- Sample 14: mean=20.7385%; std=16.9152
 -- Sample 15: mean=19.9507%; std=15.6128
 -- Sample 16: mean=20.6091%; std=16.1886
 -- Sample 17: mean=21.3760%; std=18.6687
 -- Sample 18: mean=17.7711%; std=14.7440
 -- Sample 19: mean=20.7492%; std=15.7381
 -- Sample 20: mean=39.3109%; std=29.6715
 -- Sample 21: mean=28.6982%; std=23.9540
 -- Sample 22: mean=32.9594%; std=24.9056
 -- Sample 23: mean=27.5806%; std=20.2322
 -- Sample 24: mean=20.4372%; std=15.1993
 -- Sample 25: mean=22.2634%; std=15.2593
 -- Sample 26: mean=20.9026%; std=14.2274
 -- Sample 27: mean=21.2157%; std=15.8129
Mean: 25.0423%, Std: 4.9412%
------------------------------------------------------------------
Angular error:
 -- Sample 0: mean=28.2941º; std=30.1115
 -- Sample 1: mean=28.1937º; std=30.8247
 -- Sample 2: mean=28.7049º; std=30.9403
 -- Sample 3: mean=27.0862º; std=29.8697
 -- Sample 4: mean=23.6242º; std=30.0350
 -- Sample 5: mean=23.9153º; std=29.2275
 -- Sample 6: mean=23.6913º; std=29.2728
 -- Sample 7: mean=24.2528º; std=29.1169
 -- Sample 8: mean=23.5206º; std=26.7511
 -- Sample 9: mean=22.7683º; std=26.9620
 -- Sample 10: mean=23.7499º; std=26.6684
 -- Sample 11: mean=23.4878º; std=27.6814
 -- Sample 12: mean=25.9405º; std=32.4108
 -- Sample 13: mean=24.0418º; std=32.0003
 -- Sample 14: mean=25.1033º; std=31.5235
 -- Sample 15: mean=24.4272º; std=32.3091
 -- Sample 16: mean=22.7107º; std=30.3033
 -- Sample 17: mean=24.8537º; std=32.1308
 -- Sample 18: mean=23.8075º; std=31.1404
 -- Sample 19: mean=24.5572º; std=31.3819
 -- Sample 20: mean=29.0604º; std=32.1329
 -- Sample 21: mean=29.2510º; std=30.9755
 -- Sample 22: mean=28.5688º; std=31.3848
 -- Sample 23: mean=29.0659º; std=31.9925
 -- Sample 24: mean=26.3305º; std=29.2259
 -- Sample 25: mean=24.3165º; std=27.2652
 -- Sample 26: mean=25.7487º; std=28.7367
 -- Sample 27: mean=26.0579º; std=29.3053
Mean: 25.5404º, Std: 2.1051º
------------------------------------------------------------------
Correlation comparison:
 -- Sample 0: 0.9593
 -- Sample 1: 0.9506
 -- Sample 2: 0.9503
 -- Sample 3: 0.9526
 -- Sample 4: 0.9326
 -- Sample 5: 0.9147
 -- Sample 6: 0.9566
 -- Sample 7: 0.9274
 -- Sample 8: 0.8860
 -- Sample 9: 0.9132
 -- Sample 10: 0.8915
 -- Sample 11: 0.9295
 -- Sample 12: 0.9313
 -- Sample 13: 0.9467
 -- Sample 14: 0.9237
 -- Sample 15: 0.9464
 -- Sample 16: 0.9537
 -- Sample 17: 0.9514
 -- Sample 18: 0.9667
 -- Sample 19: 0.9529
 -- Sample 20: 0.9394
 -- Sample 21: 0.9409
 -- Sample 22: 0.9512
 -- Sample 23: 0.9421
 -- Sample 24: 0.9553
 -- Sample 25: 0.9419
 -- Sample 26: 0.9534
 -- Sample 27: 0.9531
Mean=0.9398, Std=0.0192
------------------------------------------------------------------
Flux Error:
 -- Sample 0: 0.5518
 -- Sample 1: 0.4436
 -- Sample 2: 0.5843
 -- Sample 3: 0.4237
 -- Sample 4: 0.5529
 -- Sample 5: 0.6076
 -- Sample 6: 0.5814
 -- Sample 7: 0.6516
 -- Sample 8: 0.5761
 -- Sample 9: 0.3597
 -- Sample 10: 0.4957
 -- Sample 11: 0.3230
 -- Sample 12: 0.5587
 -- Sample 13: 0.6133
 -- Sample 14: 0.5469
 -- Sample 15: 0.5846
 -- Sample 16: 0.6056
 -- Sample 17: 0.6240
 -- Sample 18: 0.6403
 -- Sample 19: 0.6170
 -- Sample 20: 0.8062
 -- Sample 21: 0.4588
 -- Sample 22: 0.7440
 -- Sample 23: 0.4408
 -- Sample 24: 0.4601
 -- Sample 25: 0.6031
 -- Sample 26: 0.4656
 -- Sample 27: 0.5393
Mean: 0.5521, Std: 0.1039
------------------------------------------------------------------
Tortuosity Comparison:
 -- Sample 0: 6.4838%
 -- Sample 1: 6.8130%
 -- Sample 2: 7.1440%
 -- Sample 3: 6.1526%
 -- Sample 4: 3.1076%
 -- Sample 5: 4.4354%
 -- Sample 6: 1.8459%
 -- Sample 7: 4.3656%
 -- Sample 8: 8.5811%
 -- Sample 9: 8.2414%
 -- Sample 10: 7.0432%
 -- Sample 11: 4.8085%
 -- Sample 12: 3.1281%
 -- Sample 13: 2.6520%
 -- Sample 14: 4.1512%
 -- Sample 15: 2.1206%
 -- Sample 16: 2.7629%
 -- Sample 17: 3.7462%
 -- Sample 18: 1.4220%
 -- Sample 19: 2.8038%
 -- Sample 20: 9.0070%
 -- Sample 21: 7.4945%
 -- Sample 22: 7.9467%
 -- Sample 23: 5.5311%
 -- Sample 24: 6.2995%
 -- Sample 25: 6.6455%
 -- Sample 26: 6.8666%
 -- Sample 27: 4.7160%
Mean: 5.2256%, Std: 2.1812%
------------------------------------------------------------------
Evaluating Divergent:
 -- Sample 0: 55.0743%
 -- Sample 1: 54.1437%
 -- Sample 2: 54.5765%
 -- Sample 3: 54.0694%
 -- Sample 4: 52.2427%
 -- Sample 5: 52.1148%
 -- Sample 6: 52.2019%
 -- Sample 7: 52.2518%
 -- Sample 8: 53.0761%
 -- Sample 9: 52.1015%
 -- Sample 10: 52.7602%
 -- Sample 11: 51.8730%
 -- Sample 12: 54.1386%
 -- Sample 13: 52.2654%
 -- Sample 14: 54.0338%
 -- Sample 15: 52.6675%
 -- Sample 16: 53.5442%
 -- Sample 17: 52.9875%
 -- Sample 18: 53.5285%
 -- Sample 19: 52.3148%
 -- Sample 20: 57.2183%
 -- Sample 21: 58.8159%
 -- Sample 22: 57.1329%
 -- Sample 23: 59.0181%
 -- Sample 24: 55.5625%
 -- Sample 25: 57.4230%
 -- Sample 26: 55.4130%
 -- Sample 27: 57.1388%
Mean: 54.2746%, Std: 2.1256%
------------------------------------------------------------------

-----------------------------------------------------


========================================================================================================================



  Cylindrical Pores  results:


Loading data...
Testing model:   Ko et. al (Etapas 3)
Processing Batch 1 (Size: 50)...
input shape:  torch.Size([50, 1, 120, 120, 120])
output shape:  torch.Size([50, 4, 120, 120, 120])
target shape:  torch.Size([50, 4, 120, 120, 120])
Bias Error: using velocity magnitude
Mean: 44.5620, Std: 63.8642
------------------------------------------------------------------
Magnitude Error: 
 -- Sample 0: mean=50.7700%; std=15.1789
 -- Sample 1: mean=49.6050%; std=14.2192
 -- Sample 2: mean=50.4166%; std=15.7711
 -- Sample 3: mean=48.9567%; std=15.5069
 -- Sample 4: mean=43.6098%; std=17.9555
 -- Sample 5: mean=41.5997%; std=15.7295
 -- Sample 6: mean=49.2227%; std=18.5672
 -- Sample 7: mean=38.9318%; std=13.4623
 -- Sample 8: mean=52.4685%; std=21.1921
 -- Sample 9: mean=48.4951%; std=19.2168
 -- Sample 10: mean=47.1086%; std=20.1097
 -- Sample 11: mean=44.8334%; std=21.7279
 -- Sample 12: mean=29.7851%; std=22.5781
 -- Sample 13: mean=30.4905%; std=20.3241
 -- Sample 14: mean=34.2414%; std=24.0030
 -- Sample 15: mean=32.3309%; std=22.6121
 -- Sample 16: mean=59.3843%; std=21.0345
 -- Sample 17: mean=59.8942%; std=19.1113
 -- Sample 18: mean=66.4133%; std=17.2872
 -- Sample 19: mean=61.4324%; std=21.1334
 -- Sample 20: mean=38.0314%; std=16.7136
 -- Sample 21: mean=31.3211%; std=18.0900
 -- Sample 22: mean=39.7729%; std=20.0037
 -- Sample 23: mean=33.3904%; std=22.4614
 -- Sample 24: mean=55.6275%; std=14.8607
 -- Sample 25: mean=56.4192%; std=13.7241
 -- Sample 26: mean=56.5637%; std=15.7957
 -- Sample 27: mean=57.3375%; std=12.8822
 -- Sample 28: mean=47.6279%; std=82.7143
 -- Sample 29: mean=51.6149%; std=93.7712
 -- Sample 30: mean=40.1197%; std=70.0760
 -- Sample 31: mean=47.5428%; std=73.8813
 -- Sample 32: mean=51.0553%; std=15.7305
 -- Sample 33: mean=52.0822%; std=17.7811
 -- Sample 34: mean=50.0558%; std=19.7096
 -- Sample 35: mean=53.2150%; std=15.7342
 -- Sample 36: mean=35.0911%; std=22.2478
 -- Sample 37: mean=33.5306%; std=17.6100
 -- Sample 38: mean=37.5597%; std=20.6936
 -- Sample 39: mean=38.0689%; std=21.0018
 -- Sample 40: mean=27.8488%; std=17.8933
 -- Sample 41: mean=30.2403%; std=18.6377
 -- Sample 42: mean=21.2741%; std=18.2562
 -- Sample 43: mean=24.0395%; std=17.9645
 -- Sample 44: mean=54.5349%; std=38.1079
 -- Sample 45: mean=44.5388%; std=27.4282
 -- Sample 46: mean=61.9826%; std=38.7827
 -- Sample 47: mean=47.3618%; std=39.0107
 -- Sample 48: mean=51.9168%; std=30.6034
 -- Sample 49: mean=53.5259%; std=33.4353
Mean: 45.2656%, Std: 10.6330%
------------------------------------------------------------------
Angular error:
 -- Sample 0: mean=44.1958º; std=39.3615
 -- Sample 1: mean=41.3666º; std=41.0176
 -- Sample 2: mean=46.2150º; std=42.5585
 -- Sample 3: mean=40.6423º; std=41.1653
 -- Sample 4: mean=52.5632º; std=40.6685
 -- Sample 5: mean=48.4031º; std=42.1072
 -- Sample 6: mean=51.7444º; std=39.8233
 -- Sample 7: mean=46.4680º; std=42.1719
 -- Sample 8: mean=59.9656º; std=47.5638
 -- Sample 9: mean=59.7935º; std=48.7010
 -- Sample 10: mean=58.9101º; std=47.9122
 -- Sample 11: mean=59.8319º; std=47.7072
 -- Sample 12: mean=56.4055º; std=45.7274
 -- Sample 13: mean=52.7619º; std=46.4747
 -- Sample 14: mean=57.6190º; std=47.0400
 -- Sample 15: mean=53.1453º; std=46.8735
 -- Sample 16: mean=77.7048º; std=49.1719
 -- Sample 17: mean=77.0241º; std=51.8788
 -- Sample 18: mean=78.0463º; std=47.9902
 -- Sample 19: mean=76.9606º; std=51.8698
 -- Sample 20: mean=60.6361º; std=51.8545
 -- Sample 21: mean=59.1194º; std=49.5458
 -- Sample 22: mean=55.8941º; std=48.5389
 -- Sample 23: mean=60.0987º; std=48.6334
 -- Sample 24: mean=43.6022º; std=45.5186
 -- Sample 25: mean=43.9495º; std=45.4495
 -- Sample 26: mean=44.4982º; std=47.1588
 -- Sample 27: mean=45.0331º; std=47.0583
 -- Sample 28: mean=49.2440º; std=42.7841
 -- Sample 29: mean=44.7089º; std=40.7677
 -- Sample 30: mean=46.0135º; std=41.1956
 -- Sample 31: mean=45.3870º; std=41.2924
 -- Sample 32: mean=51.8989º; std=47.2544
 -- Sample 33: mean=55.1031º; std=50.0810
 -- Sample 34: mean=52.5863º; std=48.0897
 -- Sample 35: mean=53.5531º; std=48.8197
 -- Sample 36: mean=41.1175º; std=41.0683
 -- Sample 37: mean=42.2832º; std=45.1694
 -- Sample 38: mean=41.1026º; std=41.4956
 -- Sample 39: mean=43.1425º; std=46.0528
 -- Sample 40: mean=43.3638º; std=41.3808
 -- Sample 41: mean=43.1217º; std=41.1456
 -- Sample 42: mean=42.9977º; std=41.4752
 -- Sample 43: mean=43.3084º; std=41.4425
 -- Sample 44: mean=73.2313º; std=48.2276
 -- Sample 45: mean=71.1014º; std=50.8290
 -- Sample 46: mean=72.0877º; std=47.3640
 -- Sample 47: mean=71.7971º; std=51.4495
 -- Sample 48: mean=47.8522º; std=44.6544
 -- Sample 49: mean=44.7130º; std=42.5106
Mean: 53.4463º, Std: 11.0911º
------------------------------------------------------------------
Correlation comparison:
 -- Sample 0: 0.9326
 -- Sample 1: 0.9443
 -- Sample 2: 0.9306
 -- Sample 3: 0.9396
 -- Sample 4: 0.7862
 -- Sample 5: 0.8343
 -- Sample 6: 0.7757
 -- Sample 7: 0.8613
 -- Sample 8: 0.7938
 -- Sample 9: 0.8039
 -- Sample 10: 0.8155
 -- Sample 11: 0.8322
 -- Sample 12: 0.9170
 -- Sample 13: 0.9254
 -- Sample 14: 0.8899
 -- Sample 15: 0.9340
 -- Sample 16: 0.5961
 -- Sample 17: 0.7264
 -- Sample 18: 0.5796
 -- Sample 19: 0.6757
 -- Sample 20: 0.9446
 -- Sample 21: 0.9515
 -- Sample 22: 0.9171
 -- Sample 23: 0.9338
 -- Sample 24: 0.9232
 -- Sample 25: 0.9316
 -- Sample 26: 0.9168
 -- Sample 27: 0.9396
 -- Sample 28: 0.7140
 -- Sample 29: 0.7228
 -- Sample 30: 0.7350
 -- Sample 31: 0.7274
 -- Sample 32: 0.8603
 -- Sample 33: 0.8461
 -- Sample 34: 0.8357
 -- Sample 35: 0.8647
 -- Sample 36: 0.8944
 -- Sample 37: 0.8963
 -- Sample 38: 0.8858
 -- Sample 39: 0.8957
 -- Sample 40: 0.4703
 -- Sample 41: 0.3722
 -- Sample 42: 0.4279
 -- Sample 43: 0.3658
 -- Sample 44: 0.7845
 -- Sample 45: 0.8109
 -- Sample 46: 0.7147
 -- Sample 47: 0.7887
 -- Sample 48: 0.7386
 -- Sample 49: 0.7040
Mean=0.8002, Std=0.1482
------------------------------------------------------------------
Flux Error:
 -- Sample 0: 0.6953
 -- Sample 1: 0.4917
 -- Sample 2: 0.6708
 -- Sample 3: 0.4616
 -- Sample 4: 0.5698
 -- Sample 5: 0.5265
 -- Sample 6: 0.4224
 -- Sample 7: 0.5330
 -- Sample 8: 1.1028
 -- Sample 9: 0.9101
 -- Sample 10: 1.0163
 -- Sample 11: 0.8228
 -- Sample 12: 1.0169
 -- Sample 13: 0.5852
 -- Sample 14: 0.8934
 -- Sample 15: 0.5831
 -- Sample 16: 0.6683
 -- Sample 17: 0.5245
 -- Sample 18: 0.5885
 -- Sample 19: 0.5038
 -- Sample 20: 0.5432
 -- Sample 21: 0.6126
 -- Sample 22: 0.5441
 -- Sample 23: 0.5945
 -- Sample 24: 0.5833
 -- Sample 25: 0.5493
 -- Sample 26: 0.5839
 -- Sample 27: 0.5608
 -- Sample 28: 1.1264
 -- Sample 29: 1.0192
 -- Sample 30: 1.1333
 -- Sample 31: 0.8063
 -- Sample 32: 0.6771
 -- Sample 33: 0.6920
 -- Sample 34: 0.6154
 -- Sample 35: 0.6864
 -- Sample 36: 0.5227
 -- Sample 37: 0.5553
 -- Sample 38: 0.5366
 -- Sample 39: 0.5075
 -- Sample 40: 2.5691
 -- Sample 41: 2.7953
 -- Sample 42: 2.6732
 -- Sample 43: 2.3518
 -- Sample 44: 0.6371
 -- Sample 45: 0.5656
 -- Sample 46: 0.6111
 -- Sample 47: 0.5821
 -- Sample 48: 0.6489
 -- Sample 49: 0.4491
Mean: 0.8184, Std: 0.5564
------------------------------------------------------------------
Tortuosity Comparison:
 -- Sample 0: 6.3967%
 -- Sample 1: 2.3953%
 -- Sample 2: 4.4184%
 -- Sample 3: 2.8421%
 -- Sample 4: 20.5249%
 -- Sample 5: 14.3245%
 -- Sample 6: 11.1988%
 -- Sample 7: 10.9462%
 -- Sample 8: 10.4943%
 -- Sample 9: 7.1326%
 -- Sample 10: 8.3625%
 -- Sample 11: 4.1700%
 -- Sample 12: 9.1963%
 -- Sample 13: 5.3579%
 -- Sample 14: 7.1867%
 -- Sample 15: 3.3080%
 -- Sample 16: 8.0795%
 -- Sample 17: 2.4731%
 -- Sample 18: 3.7806%
 -- Sample 19: 14.6740%
 -- Sample 20: 7.8043%
 -- Sample 21: 10.8050%
 -- Sample 22: 6.4105%
 -- Sample 23: 12.0561%
 -- Sample 24: 6.4137%
 -- Sample 25: 7.5360%
 -- Sample 26: 8.1210%
 -- Sample 27: 7.4838%
 -- Sample 28: 8.0673%
 -- Sample 29: 7.4581%
 -- Sample 30: 8.9727%
 -- Sample 31: 5.4284%
 -- Sample 32: 5.7923%
 -- Sample 33: 13.6251%
 -- Sample 34: 1.7012%
 -- Sample 35: 10.4429%
 -- Sample 36: 1.6465%
 -- Sample 37: 1.2006%
 -- Sample 38: 4.7501%
 -- Sample 39: 0.2103%
 -- Sample 40: 3.1828%
 -- Sample 41: 0.9948%
 -- Sample 42: 0.1101%
 -- Sample 43: 4.1674%
 -- Sample 44: 15.0116%
 -- Sample 45: 7.8113%
 -- Sample 46: 12.9736%
 -- Sample 47: 9.6466%
 -- Sample 48: 22.2424%
 -- Sample 49: 21.1483%
Mean: 7.8095%, Std: 5.1234%
------------------------------------------------------------------
Evaluating Divergent:
 -- Sample 0: 58.8866%
 -- Sample 1: 56.4889%
 -- Sample 2: 58.0541%
 -- Sample 3: 56.4370%
 -- Sample 4: 58.2606%
 -- Sample 5: 54.4942%
 -- Sample 6: 57.8811%
 -- Sample 7: 53.2341%
 -- Sample 8: 63.1432%
 -- Sample 9: 61.9220%
 -- Sample 10: 63.1647%
 -- Sample 11: 62.1035%
 -- Sample 12: 64.8551%
 -- Sample 13: 62.0381%
 -- Sample 14: 65.1955%
 -- Sample 15: 62.0047%
 -- Sample 16: 65.6409%
 -- Sample 17: 65.9242%
 -- Sample 18: 66.4073%
 -- Sample 19: 66.2872%
 -- Sample 20: 58.7594%
 -- Sample 21: 60.4925%
 -- Sample 22: 58.6435%
 -- Sample 23: 61.0877%
 -- Sample 24: 58.2151%
 -- Sample 25: 58.6664%
 -- Sample 26: 58.9558%
 -- Sample 27: 57.9757%
 -- Sample 28: 60.0883%
 -- Sample 29: 58.1253%
 -- Sample 30: 59.9951%
 -- Sample 31: 58.5562%
 -- Sample 32: 62.2120%
 -- Sample 33: 61.6124%
 -- Sample 34: 62.6602%
 -- Sample 35: 61.4638%
 -- Sample 36: 57.9389%
 -- Sample 37: 57.5640%
 -- Sample 38: 58.6074%
 -- Sample 39: 57.2338%
 -- Sample 40: 63.5537%
 -- Sample 41: 63.1242%
 -- Sample 42: 63.8354%
 -- Sample 43: 62.3869%
 -- Sample 44: 66.9458%
 -- Sample 45: 66.1306%
 -- Sample 46: 66.6907%
 -- Sample 47: 65.4787%
 -- Sample 48: 52.8093%
 -- Sample 49: 55.2959%
Mean: 60.7506%, Std: 3.6167%
------------------------------------------------------------------
Processing Batch 2 (Size: 50)...
input shape:  torch.Size([50, 1, 120, 120, 120])
output shape:  torch.Size([50, 4, 120, 120, 120])
target shape:  torch.Size([50, 4, 120, 120, 120])
Bias Error: using velocity magnitude
Mean: 26.5635, Std: 13.9623
------------------------------------------------------------------
Magnitude Error: 
 -- Sample 0: mean=54.5471%; std=32.0755
 -- Sample 1: mean=51.1383%; std=31.4341
 -- Sample 2: mean=61.6457%; std=47.6127
 -- Sample 3: mean=50.6104%; std=43.8101
 -- Sample 4: mean=54.3637%; std=44.4793
 -- Sample 5: mean=51.0182%; std=42.8359
 -- Sample 6: mean=28.0155%; std=19.3589
 -- Sample 7: mean=27.4514%; std=21.2951
 -- Sample 8: mean=26.7137%; std=19.6335
 -- Sample 9: mean=29.3835%; std=22.8233
 -- Sample 10: mean=43.6233%; std=12.3810
 -- Sample 11: mean=42.3824%; std=10.8291
 -- Sample 12: mean=43.5806%; std=12.9105
 -- Sample 13: mean=42.8247%; std=11.5539
 -- Sample 14: mean=78.7302%; std=96.3798
 -- Sample 15: mean=79.3228%; std=93.3683
 -- Sample 16: mean=80.1460%; std=90.1750
 -- Sample 17: mean=80.4882%; std=104.3569
 -- Sample 18: mean=45.9370%; std=44.4121
 -- Sample 19: mean=49.8594%; std=61.7102
 -- Sample 20: mean=48.8230%; std=52.1591
 -- Sample 21: mean=47.5708%; std=63.6158
 -- Sample 22: mean=25.1503%; std=11.5796
 -- Sample 23: mean=26.9202%; std=13.9631
 -- Sample 24: mean=27.1173%; std=13.2834
 -- Sample 25: mean=25.4666%; std=14.3127
 -- Sample 26: mean=33.4818%; std=18.2505
 -- Sample 27: mean=35.9241%; std=17.6318
 -- Sample 28: mean=35.7224%; std=18.5004
 -- Sample 29: mean=33.9326%; std=19.1990
 -- Sample 30: mean=28.2624%; std=13.7906
 -- Sample 31: mean=27.5914%; std=14.8267
 -- Sample 32: mean=27.9762%; std=14.9215
 -- Sample 33: mean=28.0909%; std=15.8866
 -- Sample 34: mean=43.5472%; std=14.3579
 -- Sample 35: mean=42.8134%; std=14.6032
 -- Sample 36: mean=42.6416%; std=15.5391
 -- Sample 37: mean=42.8806%; std=15.5909
 -- Sample 38: mean=32.1902%; std=24.3437
 -- Sample 39: mean=35.2590%; std=31.3271
 -- Sample 40: mean=36.0821%; std=25.2791
 -- Sample 41: mean=34.2219%; std=29.2731
 -- Sample 42: mean=39.1700%; std=12.2392
 -- Sample 43: mean=39.1630%; std=14.0071
 -- Sample 44: mean=40.9588%; std=15.4511
 -- Sample 45: mean=38.2827%; std=12.9503
 -- Sample 46: mean=30.0459%; std=13.7049
 -- Sample 47: mean=30.4234%; std=14.4694
 -- Sample 48: mean=30.3360%; std=13.3629
 -- Sample 49: mean=29.2263%; std=14.2145
Mean: 41.2211%, Std: 14.4218%
------------------------------------------------------------------
Angular error:
 -- Sample 0: mean=48.3811º; std=43.7291
 -- Sample 1: mean=44.9076º; std=42.4745
 -- Sample 2: mean=45.5899º; std=45.3895
 -- Sample 3: mean=45.0877º; std=44.6313
 -- Sample 4: mean=44.6886º; std=44.3019
 -- Sample 5: mean=44.0114º; std=43.7783
 -- Sample 6: mean=36.3225º; std=42.4221
 -- Sample 7: mean=37.1099º; std=41.7332
 -- Sample 8: mean=35.4841º; std=41.5779
 -- Sample 9: mean=37.2723º; std=41.4591
 -- Sample 10: mean=29.8314º; std=36.3784
 -- Sample 11: mean=29.8441º; std=36.0431
 -- Sample 12: mean=29.8867º; std=35.9232
 -- Sample 13: mean=30.3763º; std=36.5881
 -- Sample 14: mean=45.5495º; std=43.2059
 -- Sample 15: mean=43.6637º; std=43.1125
 -- Sample 16: mean=43.7635º; std=42.7563
 -- Sample 17: mean=44.7699º; std=43.0504
 -- Sample 18: mean=53.7932º; std=50.7609
 -- Sample 19: mean=53.2207º; std=51.3740
 -- Sample 20: mean=52.8387º; std=49.7186
 -- Sample 21: mean=52.7473º; std=50.7876
 -- Sample 22: mean=28.2937º; std=36.1698
 -- Sample 23: mean=28.5207º; std=37.1041
 -- Sample 24: mean=29.5044º; std=37.0949
 -- Sample 25: mean=27.8776º; std=36.2865
 -- Sample 26: mean=29.3814º; std=35.4838
 -- Sample 27: mean=27.9836º; std=35.7149
 -- Sample 28: mean=29.5638º; std=35.3347
 -- Sample 29: mean=28.3292º; std=35.5000
 -- Sample 30: mean=25.0962º; std=32.6823
 -- Sample 31: mean=24.4231º; std=32.0258
 -- Sample 32: mean=25.2961º; std=32.9470
 -- Sample 33: mean=24.1995º; std=32.2587
 -- Sample 34: mean=29.1281º; std=36.0203
 -- Sample 35: mean=28.2711º; std=36.6441
 -- Sample 36: mean=28.6150º; std=36.0859
 -- Sample 37: mean=28.9842º; std=37.5456
 -- Sample 38: mean=40.6160º; std=40.7640
 -- Sample 39: mean=38.7882º; std=40.5503
 -- Sample 40: mean=39.5560º; std=39.3602
 -- Sample 41: mean=37.9438º; std=40.1680
 -- Sample 42: mean=24.6130º; std=33.9149
 -- Sample 43: mean=23.2577º; std=34.1606
 -- Sample 44: mean=24.4597º; std=33.8776
 -- Sample 45: mean=21.5577º; std=31.5802
 -- Sample 46: mean=19.2422º; std=28.6432
 -- Sample 47: mean=19.2531º; std=28.9219
 -- Sample 48: mean=19.3575º; std=28.5287
 -- Sample 49: mean=19.2622º; std=28.4747
Mean: 34.0103º, Std: 9.9079º
------------------------------------------------------------------
Correlation comparison:
 -- Sample 0: 0.6821
 -- Sample 1: 0.7384
 -- Sample 2: 0.7654
 -- Sample 3: 0.8260
 -- Sample 4: 0.8016
 -- Sample 5: 0.8043
 -- Sample 6: 0.9138
 -- Sample 7: 0.8980
 -- Sample 8: 0.9201
 -- Sample 9: 0.8874
 -- Sample 10: 0.9625
 -- Sample 11: 0.9710
 -- Sample 12: 0.9521
 -- Sample 13: 0.9694
 -- Sample 14: 0.7494
 -- Sample 15: 0.6865
 -- Sample 16: 0.6916
 -- Sample 17: 0.6759
 -- Sample 18: 0.8319
 -- Sample 19: 0.8055
 -- Sample 20: 0.8246
 -- Sample 21: 0.8046
 -- Sample 22: 0.9668
 -- Sample 23: 0.9630
 -- Sample 24: 0.9564
 -- Sample 25: 0.9573
 -- Sample 26: 0.9094
 -- Sample 27: 0.8988
 -- Sample 28: 0.8977
 -- Sample 29: 0.9135
 -- Sample 30: 0.9596
 -- Sample 31: 0.9599
 -- Sample 32: 0.9580
 -- Sample 33: 0.9566
 -- Sample 34: 0.9579
 -- Sample 35: 0.9566
 -- Sample 36: 0.9476
 -- Sample 37: 0.9420
 -- Sample 38: 0.8037
 -- Sample 39: 0.7800
 -- Sample 40: 0.7743
 -- Sample 41: 0.8094
 -- Sample 42: 0.9538
 -- Sample 43: 0.9473
 -- Sample 44: 0.9313
 -- Sample 45: 0.9514
 -- Sample 46: 0.9503
 -- Sample 47: 0.9443
 -- Sample 48: 0.9501
 -- Sample 49: 0.9463
Mean=0.8801, Std=0.0904
------------------------------------------------------------------
Flux Error:
 -- Sample 0: 0.6204
 -- Sample 1: 0.4867
 -- Sample 2: 0.6964
 -- Sample 3: 0.5321
 -- Sample 4: 0.7157
 -- Sample 5: 0.4881
 -- Sample 6: 0.6587
 -- Sample 7: 0.3197
 -- Sample 8: 0.5849
 -- Sample 9: 0.3274
 -- Sample 10: 0.5200
 -- Sample 11: 0.4776
 -- Sample 12: 0.5078
 -- Sample 13: 0.4778
 -- Sample 14: 1.2222
 -- Sample 15: 1.1153
 -- Sample 16: 1.1517
 -- Sample 17: 1.0931
 -- Sample 18: 0.6963
 -- Sample 19: 0.6442
 -- Sample 20: 0.7243
 -- Sample 21: 0.5855
 -- Sample 22: 0.5672
 -- Sample 23: 0.4745
 -- Sample 24: 0.5397
 -- Sample 25: 0.4244
 -- Sample 26: 0.3789
 -- Sample 27: 0.3372
 -- Sample 28: 0.4030
 -- Sample 29: 0.3695
 -- Sample 30: 0.4653
 -- Sample 31: 0.5441
 -- Sample 32: 0.4735
 -- Sample 33: 0.5358
 -- Sample 34: 0.4446
 -- Sample 35: 0.4666
 -- Sample 36: 0.4361
 -- Sample 37: 0.4343
 -- Sample 38: 0.5845
 -- Sample 39: 0.4127
 -- Sample 40: 0.6275
 -- Sample 41: 0.4599
 -- Sample 42: 0.3903
 -- Sample 43: 0.4040
 -- Sample 44: 0.4174
 -- Sample 45: 0.3849
 -- Sample 46: 0.2993
 -- Sample 47: 0.2848
 -- Sample 48: 0.3068
 -- Sample 49: 0.2769
Mean: 0.5358, Std: 0.2132
------------------------------------------------------------------
Tortuosity Comparison:
 -- Sample 0: 22.1698%
 -- Sample 1: 20.7555%
 -- Sample 2: 5.3923%
 -- Sample 3: 4.9776%
 -- Sample 4: 5.4380%
 -- Sample 5: 4.1141%
 -- Sample 6: 3.0708%
 -- Sample 7: 4.2334%
 -- Sample 8: 2.9698%
 -- Sample 9: 4.6859%
 -- Sample 10: 5.2232%
 -- Sample 11: 4.7965%
 -- Sample 12: 4.4702%
 -- Sample 13: 5.7829%
 -- Sample 14: 4.3853%
 -- Sample 15: 0.0842%
 -- Sample 16: 1.1502%
 -- Sample 17: 1.5657%
 -- Sample 18: 6.4378%
 -- Sample 19: 5.9864%
 -- Sample 20: 7.8553%
 -- Sample 21: 2.8655%
 -- Sample 22: 3.3988%
 -- Sample 23: 2.1140%
 -- Sample 24: 3.1613%
 -- Sample 25: 2.2910%
 -- Sample 26: 2.4025%
 -- Sample 27: 2.4046%
 -- Sample 28: 2.1755%
 -- Sample 29: 1.2840%
 -- Sample 30: 3.1843%
 -- Sample 31: 4.1271%
 -- Sample 32: 4.0433%
 -- Sample 33: 3.0648%
 -- Sample 34: 1.2763%
 -- Sample 35: 1.2789%
 -- Sample 36: 2.9205%
 -- Sample 37: 0.8357%
 -- Sample 38: 14.3304%
 -- Sample 39: 11.3950%
 -- Sample 40: 16.7007%
 -- Sample 41: 14.0307%
 -- Sample 42: 1.4651%
 -- Sample 43: 0.3287%
 -- Sample 44: 0.4864%
 -- Sample 45: 0.1972%
 -- Sample 46: 2.5526%
 -- Sample 47: 2.5894%
 -- Sample 48: 2.5914%
 -- Sample 49: 2.8881%
Mean: 4.7586%, Std: 4.8557%
------------------------------------------------------------------
Evaluating Divergent:
 -- Sample 0: 53.9569%
 -- Sample 1: 54.6885%
 -- Sample 2: 55.4258%
 -- Sample 3: 55.2386%
 -- Sample 4: 54.7085%
 -- Sample 5: 54.3779%
 -- Sample 6: 53.2468%
 -- Sample 7: 53.7887%
 -- Sample 8: 53.6913%
 -- Sample 9: 54.2012%
 -- Sample 10: 52.1819%
 -- Sample 11: 50.8156%
 -- Sample 12: 52.2826%
 -- Sample 13: 51.1615%
 -- Sample 14: 63.5967%
 -- Sample 15: 63.3969%
 -- Sample 16: 62.5785%
 -- Sample 17: 63.5192%
 -- Sample 18: 61.9087%
 -- Sample 19: 60.6464%
 -- Sample 20: 61.4293%
 -- Sample 21: 60.7004%
 -- Sample 22: 50.2063%
 -- Sample 23: 50.6789%
 -- Sample 24: 50.7475%
 -- Sample 25: 50.6242%
 -- Sample 26: 50.7414%
 -- Sample 27: 49.9264%
 -- Sample 28: 51.5896%
 -- Sample 29: 49.8491%
 -- Sample 30: 47.3772%
 -- Sample 31: 48.4679%
 -- Sample 32: 47.8106%
 -- Sample 33: 48.6823%
 -- Sample 34: 53.2416%
 -- Sample 35: 52.8359%
 -- Sample 36: 53.3019%
 -- Sample 37: 52.7710%
 -- Sample 38: 54.0914%
 -- Sample 39: 53.0752%
 -- Sample 40: 54.2759%
 -- Sample 41: 52.6180%
 -- Sample 42: 47.7357%
 -- Sample 43: 46.4075%
 -- Sample 44: 47.8417%
 -- Sample 45: 45.9757%
 -- Sample 46: 41.8166%
 -- Sample 47: 42.5793%
 -- Sample 48: 42.3830%
 -- Sample 49: 42.6736%
Mean: 52.5573%, Std: 5.4112%
------------------------------------------------------------------
Processing Batch 3 (Size: 20)...
input shape:  torch.Size([20, 1, 120, 120, 120])
output shape:  torch.Size([20, 4, 120, 120, 120])
target shape:  torch.Size([20, 4, 120, 120, 120])
Bias Error: using velocity magnitude
Mean: 46.6451, Std: 2.5268
------------------------------------------------------------------
Magnitude Error: 
 -- Sample 0: mean=46.2210%; std=11.3424
 -- Sample 1: mean=46.5749%; std=11.4241
 -- Sample 2: mean=47.5460%; std=12.2428
 -- Sample 3: mean=47.7321%; std=12.3796
 -- Sample 4: mean=50.4388%; std=14.7666
 -- Sample 5: mean=48.5272%; std=14.5112
 -- Sample 6: mean=50.6380%; std=14.1036
 -- Sample 7: mean=51.1839%; std=14.9649
 -- Sample 8: mean=43.6370%; std=12.7406
 -- Sample 9: mean=42.1874%; std=12.3872
 -- Sample 10: mean=40.8445%; std=12.8281
 -- Sample 11: mean=42.3653%; std=11.8371
 -- Sample 12: mean=47.3091%; std=12.4123
 -- Sample 13: mean=48.6231%; std=14.6327
 -- Sample 14: mean=45.4251%; std=14.1242
 -- Sample 15: mean=45.6282%; std=15.0398
 -- Sample 16: mean=44.2640%; std=14.7559
 -- Sample 17: mean=44.2796%; std=15.3247
 -- Sample 18: mean=44.9022%; std=15.5399
 -- Sample 19: mean=44.4382%; std=15.1065
Mean: 46.1383%, Std: 2.8147%
------------------------------------------------------------------
Angular error:
 -- Sample 0: mean=31.1116º; std=38.7101
 -- Sample 1: mean=31.9430º; std=38.7408
 -- Sample 2: mean=31.8465º; std=38.8547
 -- Sample 3: mean=31.8588º; std=38.9569
 -- Sample 4: mean=27.8071º; std=36.8006
 -- Sample 5: mean=27.3597º; std=37.7380
 -- Sample 6: mean=29.0365º; std=37.6062
 -- Sample 7: mean=27.8439º; std=37.2426
 -- Sample 8: mean=27.5987º; std=36.0928
 -- Sample 9: mean=27.4946º; std=36.4185
 -- Sample 10: mean=26.5941º; std=36.3625
 -- Sample 11: mean=27.0409º; std=36.4330
 -- Sample 12: mean=26.3968º; std=35.3456
 -- Sample 13: mean=28.0005º; std=35.6028
 -- Sample 14: mean=26.6886º; std=35.4188
 -- Sample 15: mean=27.3866º; std=35.7595
 -- Sample 16: mean=26.3017º; std=35.6029
 -- Sample 17: mean=26.8754º; std=36.1283
 -- Sample 18: mean=26.3887º; std=35.7818
 -- Sample 19: mean=27.1030º; std=36.7945
Mean: 28.1338º, Std: 1.8925º
------------------------------------------------------------------
Correlation comparison:
 -- Sample 0: 0.9673
 -- Sample 1: 0.9693
 -- Sample 2: 0.9623
 -- Sample 3: 0.9560
 -- Sample 4: 0.9157
 -- Sample 5: 0.9314
 -- Sample 6: 0.9257
 -- Sample 7: 0.9162
 -- Sample 8: 0.9660
 -- Sample 9: 0.9668
 -- Sample 10: 0.9661
 -- Sample 11: 0.9699
 -- Sample 12: 0.9515
 -- Sample 13: 0.9309
 -- Sample 14: 0.9455
 -- Sample 15: 0.9379
 -- Sample 16: 0.9391
 -- Sample 17: 0.9367
 -- Sample 18: 0.9213
 -- Sample 19: 0.9435
Mean=0.9460, Std=0.0183
------------------------------------------------------------------
Flux Error:
 -- Sample 0: 0.5189
 -- Sample 1: 0.4983
 -- Sample 2: 0.5263
 -- Sample 3: 0.5049
 -- Sample 4: 0.5237
 -- Sample 5: 0.5162
 -- Sample 6: 0.5340
 -- Sample 7: 0.5468
 -- Sample 8: 0.5039
 -- Sample 9: 0.4666
 -- Sample 10: 0.4729
 -- Sample 11: 0.4645
 -- Sample 12: 0.4622
 -- Sample 13: 0.4668
 -- Sample 14: 0.4436
 -- Sample 15: 0.4411
 -- Sample 16: 0.4847
 -- Sample 17: 0.5048
 -- Sample 18: 0.4809
 -- Sample 19: 0.5084
Mean: 0.4935, Std: 0.0295
------------------------------------------------------------------
Tortuosity Comparison:
 -- Sample 0: 3.2020%
 -- Sample 1: 3.7517%
 -- Sample 2: 3.8257%
 -- Sample 3: 2.2527%
 -- Sample 4: 4.2128%
 -- Sample 5: 5.7454%
 -- Sample 6: 5.5359%
 -- Sample 7: 8.0876%
 -- Sample 8: 5.4475%
 -- Sample 9: 6.5878%
 -- Sample 10: 3.3820%
 -- Sample 11: 5.2780%
 -- Sample 12: 1.6036%
 -- Sample 13: 2.6586%
 -- Sample 14: 2.4526%
 -- Sample 15: 3.1964%
 -- Sample 16: 4.8008%
 -- Sample 17: 4.3743%
 -- Sample 18: 5.3742%
 -- Sample 19: 3.9652%
Mean: 4.2867%, Std: 1.5549%
------------------------------------------------------------------
Evaluating Divergent:
 -- Sample 0: 46.3463%
 -- Sample 1: 46.5343%
 -- Sample 2: 45.9551%
 -- Sample 3: 46.6029%
 -- Sample 4: 46.9658%
 -- Sample 5: 45.7262%
 -- Sample 6: 47.1054%
 -- Sample 7: 45.8421%
 -- Sample 8: 46.3705%
 -- Sample 9: 46.5239%
 -- Sample 10: 46.8612%
 -- Sample 11: 46.6943%
 -- Sample 12: 47.6764%
 -- Sample 13: 48.5978%
 -- Sample 14: 47.6221%
 -- Sample 15: 48.2830%
 -- Sample 16: 47.8563%
 -- Sample 17: 48.6603%
 -- Sample 18: 47.9730%
 -- Sample 19: 48.8680%
Mean: 47.1532%, Std: 0.9514%
------------------------------------------------------------------

-----------------------------------------------------


========================================================================================================================



  Cylindrical Grains  results:


Loading data...
Testing model:   Ko et. al (Etapas 3)
Processing Batch 1 (Size: 50)...
input shape:  torch.Size([50, 1, 120, 120, 120])
output shape:  torch.Size([50, 4, 120, 120, 120])
target shape:  torch.Size([50, 4, 120, 120, 120])
Bias Error: using velocity magnitude
Mean: 19.5087, Std: 15.1535
------------------------------------------------------------------
Magnitude Error: 
 -- Sample 0: mean=21.6103%; std=17.6333
 -- Sample 1: mean=22.3949%; std=17.6587
 -- Sample 2: mean=22.6290%; std=17.1185
 -- Sample 3: mean=23.4385%; std=16.9131
 -- Sample 4: mean=33.8453%; std=21.0714
 -- Sample 5: mean=31.9910%; std=18.9863
 -- Sample 6: mean=32.5222%; std=18.0461
 -- Sample 7: mean=31.6852%; std=21.9180
 -- Sample 8: mean=47.9405%; std=33.5470
 -- Sample 9: mean=53.5542%; std=36.0410
 -- Sample 10: mean=54.8341%; std=37.8503
 -- Sample 11: mean=46.5673%; std=34.1525
 -- Sample 12: mean=15.6322%; std=13.0103
 -- Sample 13: mean=16.0595%; std=13.9682
 -- Sample 14: mean=14.7006%; std=12.3675
 -- Sample 15: mean=15.5523%; std=13.0214
 -- Sample 16: mean=40.3984%; std=34.4571
 -- Sample 17: mean=42.1009%; std=35.4478
 -- Sample 18: mean=48.0736%; std=38.5926
 -- Sample 19: mean=37.1960%; std=28.5101
 -- Sample 20: mean=17.1596%; std=11.0937
 -- Sample 21: mean=19.2807%; std=13.6753
 -- Sample 22: mean=16.9417%; std=11.5096
 -- Sample 23: mean=21.2543%; std=13.1059
 -- Sample 24: mean=33.8564%; std=36.3829
 -- Sample 25: mean=44.3498%; std=50.4334
 -- Sample 26: mean=39.5241%; std=51.5812
 -- Sample 27: mean=38.7625%; std=43.8355
 -- Sample 28: mean=20.3798%; std=17.2056
 -- Sample 29: mean=30.3251%; std=23.3722
 -- Sample 30: mean=28.6410%; std=20.8357
 -- Sample 31: mean=25.6664%; std=21.3237
 -- Sample 32: mean=28.1550%; std=16.8479
 -- Sample 33: mean=25.2006%; std=14.0375
 -- Sample 34: mean=27.0601%; std=16.8717
 -- Sample 35: mean=24.2230%; std=16.3987
 -- Sample 36: mean=17.4548%; std=14.4955
 -- Sample 37: mean=16.5111%; std=12.4836
 -- Sample 38: mean=16.5290%; std=13.1515
 -- Sample 39: mean=17.5569%; std=14.3996
 -- Sample 40: mean=55.2962%; std=33.6100
 -- Sample 41: mean=44.6248%; std=31.0648
 -- Sample 42: mean=53.1496%; std=32.8812
 -- Sample 43: mean=51.7918%; std=28.5945
 -- Sample 44: mean=50.7127%; std=30.6813
 -- Sample 45: mean=52.6454%; std=35.2128
 -- Sample 46: mean=47.7758%; std=38.3274
 -- Sample 47: mean=49.0540%; std=36.2153
 -- Sample 48: mean=24.2617%; std=18.1067
 -- Sample 49: mean=26.6361%; std=16.5725
Mean: 32.3501%, Std: 13.0568%
------------------------------------------------------------------
Angular error:
 -- Sample 0: mean=16.8915º; std=23.6525
 -- Sample 1: mean=17.3504º; std=23.5792
 -- Sample 2: mean=17.1890º; std=23.5729
 -- Sample 3: mean=16.7345º; std=23.4303
 -- Sample 4: mean=16.9566º; std=23.9864
 -- Sample 5: mean=17.1735º; std=24.1966
 -- Sample 6: mean=16.7406º; std=23.8491
 -- Sample 7: mean=17.2382º; std=23.9813
 -- Sample 8: mean=21.8329º; std=28.0254
 -- Sample 9: mean=22.3717º; std=28.5122
 -- Sample 10: mean=21.5556º; std=27.8570
 -- Sample 11: mean=22.1551º; std=27.9851
 -- Sample 12: mean=20.9748º; std=27.1114
 -- Sample 13: mean=20.8345º; std=26.6196
 -- Sample 14: mean=21.6887º; std=27.2949
 -- Sample 15: mean=20.8807º; std=26.7401
 -- Sample 16: mean=23.7302º; std=29.9107
 -- Sample 17: mean=21.4351º; std=27.7477
 -- Sample 18: mean=23.4177º; std=29.6130
 -- Sample 19: mean=23.0794º; std=30.0170
 -- Sample 20: mean=19.6221º; std=27.6737
 -- Sample 21: mean=20.5186º; std=28.0032
 -- Sample 22: mean=19.6764º; std=27.6047
 -- Sample 23: mean=20.9466º; std=28.4643
 -- Sample 24: mean=29.3267º; std=32.3487
 -- Sample 25: mean=31.3752º; std=33.9899
 -- Sample 26: mean=30.3552º; std=33.8802
 -- Sample 27: mean=30.6648º; std=34.4781
 -- Sample 28: mean=27.7503º; std=34.2274
 -- Sample 29: mean=30.8260º; std=35.7449
 -- Sample 30: mean=28.9139º; std=34.3584
 -- Sample 31: mean=31.2252º; std=34.6286
 -- Sample 32: mean=24.2553º; std=29.7943
 -- Sample 33: mean=23.3131º; std=30.0370
 -- Sample 34: mean=25.2342º; std=30.3509
 -- Sample 35: mean=22.0878º; std=29.2468
 -- Sample 36: mean=30.1855º; std=35.6241
 -- Sample 37: mean=28.0900º; std=35.6404
 -- Sample 38: mean=29.6166º; std=35.2936
 -- Sample 39: mean=27.6741º; std=35.7938
 -- Sample 40: mean=23.8299º; std=31.0638
 -- Sample 41: mean=27.0957º; std=33.1550
 -- Sample 42: mean=24.3639º; std=30.9740
 -- Sample 43: mean=27.9195º; std=33.2912
 -- Sample 44: mean=22.7374º; std=30.2220
 -- Sample 45: mean=20.3164º; std=28.0154
 -- Sample 46: mean=23.1279º; std=29.8381
 -- Sample 47: mean=20.7227º; std=28.5843
 -- Sample 48: mean=35.4331º; std=40.0087
 -- Sample 49: mean=35.9269º; std=39.2887
Mean: 23.8672º, Std: 4.9817º
------------------------------------------------------------------
Correlation comparison:
 -- Sample 0: 0.9728
 -- Sample 1: 0.9600
 -- Sample 2: 0.9754
 -- Sample 3: 0.9734
 -- Sample 4: 0.9640
 -- Sample 5: 0.9733
 -- Sample 6: 0.9762
 -- Sample 7: 0.9616
 -- Sample 8: 0.9356
 -- Sample 9: 0.9307
 -- Sample 10: 0.9362
 -- Sample 11: 0.9391
 -- Sample 12: 0.9617
 -- Sample 13: 0.9547
 -- Sample 14: 0.9643
 -- Sample 15: 0.9600
 -- Sample 16: 0.7919
 -- Sample 17: 0.7783
 -- Sample 18: 0.7487
 -- Sample 19: 0.8301
 -- Sample 20: 0.9679
 -- Sample 21: 0.9595
 -- Sample 22: 0.9735
 -- Sample 23: 0.9615
 -- Sample 24: 0.8984
 -- Sample 25: 0.8448
 -- Sample 26: 0.8523
 -- Sample 27: 0.8480
 -- Sample 28: 0.9500
 -- Sample 29: 0.8988
 -- Sample 30: 0.9197
 -- Sample 31: 0.9306
 -- Sample 32: 0.9443
 -- Sample 33: 0.9633
 -- Sample 34: 0.9609
 -- Sample 35: 0.9568
 -- Sample 36: 0.9722
 -- Sample 37: 0.9785
 -- Sample 38: 0.9770
 -- Sample 39: 0.9770
 -- Sample 40: 0.9235
 -- Sample 41: 0.9330
 -- Sample 42: 0.9258
 -- Sample 43: 0.9374
 -- Sample 44: 0.9431
 -- Sample 45: 0.9422
 -- Sample 46: 0.9059
 -- Sample 47: 0.9252
 -- Sample 48: 0.9479
 -- Sample 49: 0.9211
Mean=0.9306, Std=0.0533
------------------------------------------------------------------
Flux Error:
 -- Sample 0: 0.3676
 -- Sample 1: 0.3817
 -- Sample 2: 0.3935
 -- Sample 3: 0.4043
 -- Sample 4: 0.4183
 -- Sample 5: 0.5117
 -- Sample 6: 0.4241
 -- Sample 7: 0.5217
 -- Sample 8: 0.6331
 -- Sample 9: 0.5917
 -- Sample 10: 0.7059
 -- Sample 11: 0.5212
 -- Sample 12: 0.3675
 -- Sample 13: 0.3116
 -- Sample 14: 0.3922
 -- Sample 15: 0.2873
 -- Sample 16: 0.3945
 -- Sample 17: 0.4648
 -- Sample 18: 0.4186
 -- Sample 19: 0.4212
 -- Sample 20: 0.3615
 -- Sample 21: 0.2354
 -- Sample 22: 0.3144
 -- Sample 23: 0.2654
 -- Sample 24: 0.7349
 -- Sample 25: 0.5131
 -- Sample 26: 0.7332
 -- Sample 27: 0.3996
 -- Sample 28: 0.4396
 -- Sample 29: 0.6134
 -- Sample 30: 0.4686
 -- Sample 31: 0.6663
 -- Sample 32: 0.4708
 -- Sample 33: 0.5762
 -- Sample 34: 0.5060
 -- Sample 35: 0.6118
 -- Sample 36: 0.8735
 -- Sample 37: 0.7658
 -- Sample 38: 0.9331
 -- Sample 39: 0.7743
 -- Sample 40: 0.8065
 -- Sample 41: 1.0635
 -- Sample 42: 0.8249
 -- Sample 43: 1.1076
 -- Sample 44: 0.8268
 -- Sample 45: 0.7077
 -- Sample 46: 0.6815
 -- Sample 47: 0.7128
 -- Sample 48: 0.3348
 -- Sample 49: 0.6084
Mean: 0.5573, Std: 0.2047
------------------------------------------------------------------
Tortuosity Comparison:
 -- Sample 0: 1.4780%
 -- Sample 1: 1.6746%
 -- Sample 2: 1.5651%
 -- Sample 3: 2.5535%
 -- Sample 4: 2.2264%
 -- Sample 5: 2.5987%
 -- Sample 6: 2.1012%
 -- Sample 7: 2.9536%
 -- Sample 8: 1.1446%
 -- Sample 9: 3.8814%
 -- Sample 10: 2.0495%
 -- Sample 11: 3.1233%
 -- Sample 12: 1.4478%
 -- Sample 13: 1.6105%
 -- Sample 14: 1.0696%
 -- Sample 15: 2.5193%
 -- Sample 16: 6.2423%
 -- Sample 17: 4.1815%
 -- Sample 18: 5.8158%
 -- Sample 19: 3.0716%
 -- Sample 20: 0.3973%
 -- Sample 21: 2.1621%
 -- Sample 22: 0.0248%
 -- Sample 23: 1.0092%
 -- Sample 24: 11.9707%
 -- Sample 25: 13.5156%
 -- Sample 26: 12.1311%
 -- Sample 27: 11.5819%
 -- Sample 28: 3.6193%
 -- Sample 29: 5.0739%
 -- Sample 30: 3.6536%
 -- Sample 31: 4.3837%
 -- Sample 32: 4.0505%
 -- Sample 33: 1.6236%
 -- Sample 34: 3.3570%
 -- Sample 35: 0.9858%
 -- Sample 36: 5.7616%
 -- Sample 37: 3.6923%
 -- Sample 38: 6.1530%
 -- Sample 39: 3.2901%
 -- Sample 40: 1.5018%
 -- Sample 41: 0.0120%
 -- Sample 42: 0.3736%
 -- Sample 43: 0.7006%
 -- Sample 44: 2.7580%
 -- Sample 45: 0.9462%
 -- Sample 46: 1.0045%
 -- Sample 47: 1.5201%
 -- Sample 48: 0.7586%
 -- Sample 49: 4.6924%
Mean: 3.3203%, Std: 3.0934%
------------------------------------------------------------------
Evaluating Divergent:
 -- Sample 0: 44.0656%
 -- Sample 1: 45.2770%
 -- Sample 2: 44.2564%
 -- Sample 3: 44.7410%
 -- Sample 4: 42.1251%
 -- Sample 5: 44.7666%
 -- Sample 6: 42.2907%
 -- Sample 7: 45.4251%
 -- Sample 8: 47.0075%
 -- Sample 9: 50.4661%
 -- Sample 10: 47.1277%
 -- Sample 11: 50.4946%
 -- Sample 12: 47.8138%
 -- Sample 13: 48.7318%
 -- Sample 14: 48.2435%
 -- Sample 15: 48.7461%
 -- Sample 16: 54.0160%
 -- Sample 17: 52.9329%
 -- Sample 18: 53.8935%
 -- Sample 19: 52.5468%
 -- Sample 20: 47.4118%
 -- Sample 21: 48.0048%
 -- Sample 22: 47.4999%
 -- Sample 23: 47.9709%
 -- Sample 24: 55.3151%
 -- Sample 25: 56.6638%
 -- Sample 26: 55.8857%
 -- Sample 27: 56.8722%
 -- Sample 28: 52.5674%
 -- Sample 29: 56.2885%
 -- Sample 30: 53.2211%
 -- Sample 31: 56.3008%
 -- Sample 32: 55.7689%
 -- Sample 33: 51.2585%
 -- Sample 34: 55.5146%
 -- Sample 35: 51.5658%
 -- Sample 36: 59.2068%
 -- Sample 37: 56.8863%
 -- Sample 38: 59.7798%
 -- Sample 39: 56.7369%
 -- Sample 40: 55.5037%
 -- Sample 41: 59.5281%
 -- Sample 42: 55.7623%
 -- Sample 43: 60.3585%
 -- Sample 44: 55.8909%
 -- Sample 45: 54.2551%
 -- Sample 46: 56.9088%
 -- Sample 47: 54.0388%
 -- Sample 48: 56.7531%
 -- Sample 49: 59.4613%
Mean: 52.0830%, Std: 5.0445%
------------------------------------------------------------------
Processing Batch 2 (Size: 46)...
input shape:  torch.Size([46, 1, 120, 120, 120])
output shape:  torch.Size([46, 4, 120, 120, 120])
target shape:  torch.Size([46, 4, 120, 120, 120])
Bias Error: using velocity magnitude
Mean: 35.1245, Std: 35.3823
------------------------------------------------------------------
Magnitude Error: 
 -- Sample 0: mean=24.3447%; std=15.5812
 -- Sample 1: mean=22.3752%; std=16.0225
 -- Sample 2: mean=33.3996%; std=49.9629
 -- Sample 3: mean=42.9463%; std=48.0562
 -- Sample 4: mean=32.7729%; std=42.6526
 -- Sample 5: mean=43.2406%; std=49.5398
 -- Sample 6: mean=35.5186%; std=34.1343
 -- Sample 7: mean=39.6207%; std=36.1787
 -- Sample 8: mean=39.8711%; std=32.1632
 -- Sample 9: mean=31.7433%; std=31.3520
 -- Sample 10: mean=22.9537%; std=14.7536
 -- Sample 11: mean=24.8870%; std=19.4018
 -- Sample 12: mean=19.1271%; std=15.6534
 -- Sample 13: mean=21.7517%; std=17.4723
 -- Sample 14: mean=33.4452%; std=14.8654
 -- Sample 15: mean=38.7080%; std=18.7277
 -- Sample 16: mean=32.7880%; std=16.4890
 -- Sample 17: mean=34.7679%; std=18.5262
 -- Sample 18: mean=46.4740%; std=47.7439
 -- Sample 19: mean=52.9625%; std=61.5261
 -- Sample 20: mean=53.7797%; std=65.3193
 -- Sample 21: mean=41.9764%; std=46.2769
 -- Sample 22: mean=62.9246%; std=46.2071
 -- Sample 23: mean=49.2903%; std=34.1425
 -- Sample 24: mean=62.2772%; std=50.9151
 -- Sample 25: mean=54.2845%; std=46.4936
 -- Sample 26: mean=46.2807%; std=39.2788
 -- Sample 27: mean=60.8829%; std=43.7611
 -- Sample 28: mean=51.7795%; std=27.9678
 -- Sample 29: mean=44.9666%; std=26.2699
 -- Sample 30: mean=40.2853%; std=21.9650
 -- Sample 31: mean=39.2525%; std=19.7778
 -- Sample 32: mean=40.0096%; std=21.9548
 -- Sample 33: mean=47.5314%; std=17.1132
 -- Sample 34: mean=155.4666%; std=292.1964
 -- Sample 35: mean=146.9395%; std=198.0535
 -- Sample 36: mean=169.4537%; std=303.8140
 -- Sample 37: mean=178.8873%; std=269.1514
 -- Sample 38: mean=73.4304%; std=65.9059
 -- Sample 39: mean=64.2066%; std=59.7636
 -- Sample 40: mean=55.9553%; std=52.3580
 -- Sample 41: mean=55.3297%; std=54.9993
 -- Sample 42: mean=51.1075%; std=48.3583
 -- Sample 43: mean=39.6994%; std=41.1805
 -- Sample 44: mean=45.7609%; std=43.9134
 -- Sample 45: mean=47.8933%; std=49.8476
Mean: 53.3337%, Std: 36.0053%
------------------------------------------------------------------
Angular error:
 -- Sample 0: mean=29.1969º; std=33.9432
 -- Sample 1: mean=31.5792º; std=35.0844
 -- Sample 2: mean=32.2000º; std=37.2943
 -- Sample 3: mean=35.1971º; std=37.5970
 -- Sample 4: mean=32.3857º; std=37.4686
 -- Sample 5: mean=38.1325º; std=39.7537
 -- Sample 6: mean=31.0169º; std=33.1193
 -- Sample 7: mean=33.6196º; std=35.2481
 -- Sample 8: mean=32.9949º; std=35.8521
 -- Sample 9: mean=32.7137º; std=34.6073
 -- Sample 10: mean=28.2953º; std=33.4207
 -- Sample 11: mean=26.4849º; std=31.7882
 -- Sample 12: mean=26.9683º; std=32.0763
 -- Sample 13: mean=27.7597º; std=32.8003
 -- Sample 14: mean=36.7846º; std=43.2245
 -- Sample 15: mean=37.0966º; std=39.1780
 -- Sample 16: mean=35.6155º; std=43.0038
 -- Sample 17: mean=37.6669º; std=39.4101
 -- Sample 18: mean=32.0670º; std=37.1147
 -- Sample 19: mean=34.0952º; std=37.8250
 -- Sample 20: mean=35.4749º; std=40.1713
 -- Sample 21: mean=36.8939º; std=39.7424
 -- Sample 22: mean=40.6373º; std=39.7486
 -- Sample 23: mean=42.8927º; std=40.6816
 -- Sample 24: mean=40.4213º; std=39.8819
 -- Sample 25: mean=42.1474º; std=40.7861
 -- Sample 26: mean=35.7837º; std=39.2864
 -- Sample 27: mean=36.3687º; std=39.4374
 -- Sample 28: mean=35.5307º; std=38.9564
 -- Sample 29: mean=37.9914º; std=40.7608
 -- Sample 30: mean=38.6829º; std=40.1512
 -- Sample 31: mean=38.3066º; std=39.9199
 -- Sample 32: mean=38.4929º; std=39.9403
 -- Sample 33: mean=39.0520º; std=40.2160
 -- Sample 34: mean=49.3068º; std=41.5160
 -- Sample 35: mean=50.1038º; std=42.7811
 -- Sample 36: mean=48.8869º; std=42.3518
 -- Sample 37: mean=50.8686º; std=44.9124
 -- Sample 38: mean=46.1308º; std=41.4086
 -- Sample 39: mean=46.0623º; std=42.5504
 -- Sample 40: mean=49.8673º; std=43.2524
 -- Sample 41: mean=48.3933º; std=44.5609
 -- Sample 42: mean=46.7917º; std=45.1204
 -- Sample 43: mean=45.4862º; std=44.7458
 -- Sample 44: mean=44.9154º; std=43.7575
 -- Sample 45: mean=46.7609º; std=45.8865
Mean: 38.3505º, Std: 6.7444º
------------------------------------------------------------------
Correlation comparison:
 -- Sample 0: 0.9484
 -- Sample 1: 0.9431
 -- Sample 2: 0.8961
 -- Sample 3: 0.8470
 -- Sample 4: 0.9071
 -- Sample 5: 0.8176
 -- Sample 6: 0.8626
 -- Sample 7: 0.8201
 -- Sample 8: 0.8323
 -- Sample 9: 0.8518
 -- Sample 10: 0.9443
 -- Sample 11: 0.8897
 -- Sample 12: 0.9515
 -- Sample 13: 0.9407
 -- Sample 14: 0.9306
 -- Sample 15: 0.8557
 -- Sample 16: 0.8995
 -- Sample 17: 0.8640
 -- Sample 18: 0.8462
 -- Sample 19: 0.8145
 -- Sample 20: 0.8143
 -- Sample 21: 0.8732
 -- Sample 22: 0.8217
 -- Sample 23: 0.8455
 -- Sample 24: 0.8374
 -- Sample 25: 0.8432
 -- Sample 26: 0.8359
 -- Sample 27: 0.8421
 -- Sample 28: 0.8434
 -- Sample 29: 0.8435
 -- Sample 30: 0.9073
 -- Sample 31: 0.9249
 -- Sample 32: 0.9033
 -- Sample 33: 0.9347
 -- Sample 34: 0.4796
 -- Sample 35: 0.6665
 -- Sample 36: 0.4968
 -- Sample 37: 0.6007
 -- Sample 38: 0.8719
 -- Sample 39: 0.8539
 -- Sample 40: 0.8883
 -- Sample 41: 0.8874
 -- Sample 42: 0.8533
 -- Sample 43: 0.8672
 -- Sample 44: 0.8560
 -- Sample 45: 0.8264
Mean=0.8452, Std=0.0988
------------------------------------------------------------------
Flux Error:
 -- Sample 0: 0.3135
 -- Sample 1: 0.6197
 -- Sample 2: 0.7309
 -- Sample 3: 0.5872
 -- Sample 4: 0.7401
 -- Sample 5: 0.4834
 -- Sample 6: 0.7266
 -- Sample 7: 0.6236
 -- Sample 8: 0.6775
 -- Sample 9: 0.5280
 -- Sample 10: 0.6254
 -- Sample 11: 0.4376
 -- Sample 12: 0.6608
 -- Sample 13: 0.4867
 -- Sample 14: 0.2771
 -- Sample 15: 0.5577
 -- Sample 16: 0.2629
 -- Sample 17: 0.5885
 -- Sample 18: 0.9343
 -- Sample 19: 0.7244
 -- Sample 20: 1.0062
 -- Sample 21: 0.7073
 -- Sample 22: 1.1152
 -- Sample 23: 0.8163
 -- Sample 24: 1.1880
 -- Sample 25: 0.9497
 -- Sample 26: 1.0668
 -- Sample 27: 0.9754
 -- Sample 28: 1.0508
 -- Sample 29: 0.7556
 -- Sample 30: 0.6106
 -- Sample 31: 0.8237
 -- Sample 32: 0.6260
 -- Sample 33: 0.7437
 -- Sample 34: 1.6405
 -- Sample 35: 1.7071
 -- Sample 36: 1.7427
 -- Sample 37: 2.1643
 -- Sample 38: 1.6596
 -- Sample 39: 1.2620
 -- Sample 40: 1.2752
 -- Sample 41: 1.3055
 -- Sample 42: 0.8711
 -- Sample 43: 1.0446
 -- Sample 44: 0.8398
 -- Sample 45: 1.0748
Mean: 0.8828, Std: 0.4069
------------------------------------------------------------------
Tortuosity Comparison:
 -- Sample 0: 3.5701%
 -- Sample 1: 5.6334%
 -- Sample 2: 6.1449%
 -- Sample 3: 15.1951%
 -- Sample 4: 9.3493%
 -- Sample 5: 13.7250%
 -- Sample 6: 9.6061%
 -- Sample 7: 9.5699%
 -- Sample 8: 8.1794%
 -- Sample 9: 9.8424%
 -- Sample 10: 5.8466%
 -- Sample 11: 2.6767%
 -- Sample 12: 6.5164%
 -- Sample 13: 3.2004%
 -- Sample 14: 9.0822%
 -- Sample 15: 11.0542%
 -- Sample 16: 5.8265%
 -- Sample 17: 13.2057%
 -- Sample 18: 8.1945%
 -- Sample 19: 9.7642%
 -- Sample 20: 9.6677%
 -- Sample 21: 4.5772%
 -- Sample 22: 2.7334%
 -- Sample 23: 5.3320%
 -- Sample 24: 8.1871%
 -- Sample 25: 8.1329%
 -- Sample 26: 5.1919%
 -- Sample 27: 5.8246%
 -- Sample 28: 3.8075%
 -- Sample 29: 2.7912%
 -- Sample 30: 4.7825%
 -- Sample 31: 9.0450%
 -- Sample 32: 6.5706%
 -- Sample 33: 6.7726%
 -- Sample 34: 8.1451%
 -- Sample 35: 3.6718%
 -- Sample 36: 12.5844%
 -- Sample 37: 8.3910%
 -- Sample 38: 12.5968%
 -- Sample 39: 0.8255%
 -- Sample 40: 3.6054%
 -- Sample 41: 3.4914%
 -- Sample 42: 6.2236%
 -- Sample 43: 4.4313%
 -- Sample 44: 4.1253%
 -- Sample 45: 7.6488%
Mean: 7.0726%, Std: 3.2722%
------------------------------------------------------------------
Evaluating Divergent:
 -- Sample 0: 56.4274%
 -- Sample 1: 58.7133%
 -- Sample 2: 58.2150%
 -- Sample 3: 61.2552%
 -- Sample 4: 58.1735%
 -- Sample 5: 61.5229%
 -- Sample 6: 56.5793%
 -- Sample 7: 60.2730%
 -- Sample 8: 57.1063%
 -- Sample 9: 60.1822%
 -- Sample 10: 56.4567%
 -- Sample 11: 57.8397%
 -- Sample 12: 55.4773%
 -- Sample 13: 57.8981%
 -- Sample 14: 56.6952%
 -- Sample 15: 59.9525%
 -- Sample 16: 56.6532%
 -- Sample 17: 59.8898%
 -- Sample 18: 60.4131%
 -- Sample 19: 61.9652%
 -- Sample 20: 59.4570%
 -- Sample 21: 62.4332%
 -- Sample 22: 59.5739%
 -- Sample 23: 62.1926%
 -- Sample 24: 60.0977%
 -- Sample 25: 62.6880%
 -- Sample 26: 61.9992%
 -- Sample 27: 64.3637%
 -- Sample 28: 62.1982%
 -- Sample 29: 64.0751%
 -- Sample 30: 62.6223%
 -- Sample 31: 64.1092%
 -- Sample 32: 63.0202%
 -- Sample 33: 64.1124%
 -- Sample 34: 69.2293%
 -- Sample 35: 68.2950%
 -- Sample 36: 69.7555%
 -- Sample 37: 68.8400%
 -- Sample 38: 66.5332%
 -- Sample 39: 65.8252%
 -- Sample 40: 66.6589%
 -- Sample 41: 65.8209%
 -- Sample 42: 62.7147%
 -- Sample 43: 63.2012%
 -- Sample 44: 61.4962%
 -- Sample 45: 63.1213%
Mean: 61.6548%, Std: 3.6468%
------------------------------------------------------------------

-----------------------------------------------------


========================================================================================================================



  Bentheimer  results:


Loading data...
Testing model:   Ko et. al (Etapas 3)
Processing Batch 1 (Size: 50)...
input shape:  torch.Size([50, 1, 120, 120, 120])
output shape:  torch.Size([50, 4, 120, 120, 120])
target shape:  torch.Size([50, 4, 120, 120, 120])
Bias Error: using velocity magnitude
Mean: 68.4031, Std: 135.7597
------------------------------------------------------------------
Magnitude Error: 
 -- Sample 0: mean=29.2556%; std=17.3050
 -- Sample 1: mean=25.3587%; std=16.7941
 -- Sample 2: mean=25.6874%; std=17.2703
 -- Sample 3: mean=26.8903%; std=14.5830
 -- Sample 4: mean=57.0054%; std=50.0600
 -- Sample 5: mean=56.0437%; std=59.5956
 -- Sample 6: mean=55.4121%; std=44.9435
 -- Sample 7: mean=64.6613%; std=70.6892
 -- Sample 8: mean=35.1844%; std=38.2862
 -- Sample 9: mean=45.0664%; std=47.9909
 -- Sample 10: mean=33.4142%; std=37.7216
 -- Sample 11: mean=38.6091%; std=37.2483
 -- Sample 12: mean=84.0453%; std=65.6996
 -- Sample 13: mean=100.0391%; std=82.4574
 -- Sample 14: mean=90.3495%; std=69.8348
 -- Sample 15: mean=65.6955%; std=47.4178
 -- Sample 16: mean=40.3833%; std=25.3237
 -- Sample 17: mean=41.4550%; std=22.4249
 -- Sample 18: mean=38.0033%; std=23.3936
 -- Sample 19: mean=31.2843%; std=20.3253
 -- Sample 20: mean=48.0865%; std=53.8855
 -- Sample 21: mean=44.8647%; std=65.4380
 -- Sample 22: mean=43.7901%; std=46.3614
 -- Sample 23: mean=46.7057%; std=63.2885
 -- Sample 24: mean=45.2047%; std=18.8972
 -- Sample 25: mean=50.9521%; std=19.9413
 -- Sample 26: mean=51.5960%; std=22.1618
 -- Sample 27: mean=49.7290%; std=19.4253
 -- Sample 28: mean=36.2177%; std=18.8448
 -- Sample 29: mean=33.1214%; std=19.2580
 -- Sample 30: mean=31.6225%; std=21.8830
 -- Sample 31: mean=31.4183%; std=18.2274
 -- Sample 32: mean=633.4835%; std=609.7888
 -- Sample 33: mean=608.9632%; std=664.1165
 -- Sample 34: mean=613.8387%; std=646.3662
 -- Sample 35: mean=610.3470%; std=608.4360
 -- Sample 36: mean=43.2969%; std=19.3614
 -- Sample 37: mean=42.7578%; std=23.7291
 -- Sample 38: mean=39.5838%; std=18.3291
 -- Sample 39: mean=36.9328%; std=17.0761
 -- Sample 40: mean=49.3626%; std=21.5290
 -- Sample 41: mean=46.2363%; std=21.2721
 -- Sample 42: mean=47.0133%; std=21.1622
 -- Sample 43: mean=42.7222%; std=20.1564
 -- Sample 44: mean=42.1663%; std=20.0702
 -- Sample 45: mean=45.5355%; std=18.9313
 -- Sample 46: mean=40.7403%; std=22.5245
 -- Sample 47: mean=48.0641%; std=21.2483
 -- Sample 48: mean=49.4624%; std=23.0177
 -- Sample 49: mean=46.6390%; std=27.4183
Mean: 91.6860%, Std: 155.5087%
------------------------------------------------------------------
Angular error:
 -- Sample 0: mean=33.1013º; std=33.4112
 -- Sample 1: mean=30.3563º; std=31.8816
 -- Sample 2: mean=33.4940º; std=33.5666
 -- Sample 3: mean=32.5459º; std=34.3025
 -- Sample 4: mean=47.0595º; std=39.9520
 -- Sample 5: mean=44.0417º; std=38.0634
 -- Sample 6: mean=44.6654º; std=39.0868
 -- Sample 7: mean=45.0852º; std=39.3769
 -- Sample 8: mean=48.4711º; std=42.5219
 -- Sample 9: mean=45.8299º; std=40.4792
 -- Sample 10: mean=45.4821º; std=40.0703
 -- Sample 11: mean=46.4024º; std=40.8547
 -- Sample 12: mean=38.5418º; std=38.4281
 -- Sample 13: mean=35.0227º; std=38.6225
 -- Sample 14: mean=40.9921º; std=40.9217
 -- Sample 15: mean=36.9020º; std=40.0766
 -- Sample 16: mean=40.6316º; std=38.3153
 -- Sample 17: mean=42.4701º; std=39.0887
 -- Sample 18: mean=37.9657º; std=36.8736
 -- Sample 19: mean=40.0177º; std=37.1693
 -- Sample 20: mean=39.5054º; std=35.6761
 -- Sample 21: mean=38.5253º; std=36.1313
 -- Sample 22: mean=39.0253º; std=35.6249
 -- Sample 23: mean=38.0037º; std=34.5059
 -- Sample 24: mean=38.5510º; std=35.8120
 -- Sample 25: mean=35.4619º; std=36.3216
 -- Sample 26: mean=39.9634º; std=36.3410
 -- Sample 27: mean=37.0034º; std=35.6851
 -- Sample 28: mean=28.8576º; std=32.4617
 -- Sample 29: mean=29.3319º; std=31.8162
 -- Sample 30: mean=27.2715º; std=31.2135
 -- Sample 31: mean=30.5456º; std=33.5104
 -- Sample 32: mean=45.4874º; std=40.8011
 -- Sample 33: mean=45.4487º; std=38.7179
 -- Sample 34: mean=44.6567º; std=39.0745
 -- Sample 35: mean=45.7600º; std=38.8678
 -- Sample 36: mean=38.3437º; std=40.4722
 -- Sample 37: mean=38.8819º; std=41.2060
 -- Sample 38: mean=38.3238º; std=40.5077
 -- Sample 39: mean=39.7160º; std=42.3022
 -- Sample 40: mean=46.2676º; std=39.4432
 -- Sample 41: mean=44.9399º; std=37.3016
 -- Sample 42: mean=46.9105º; std=40.3721
 -- Sample 43: mean=45.8610º; std=38.8584
 -- Sample 44: mean=41.6823º; std=36.4907
 -- Sample 45: mean=43.3816º; std=33.8752
 -- Sample 46: mean=40.5640º; std=35.5942
 -- Sample 47: mean=43.9162º; std=35.8494
 -- Sample 48: mean=55.8609º; std=45.7069
 -- Sample 49: mean=57.0461º; std=45.4800
Mean: 40.6835º, Std: 6.1994º
------------------------------------------------------------------
Correlation comparison:
 -- Sample 0: 0.9473
 -- Sample 1: 0.9354
 -- Sample 2: 0.9638
 -- Sample 3: 0.9644
 -- Sample 4: 0.7730
 -- Sample 5: 0.7349
 -- Sample 6: 0.7934
 -- Sample 7: 0.6769
 -- Sample 8: 0.9103
 -- Sample 9: 0.8892
 -- Sample 10: 0.9125
 -- Sample 11: 0.8976
 -- Sample 12: 0.7113
 -- Sample 13: 0.6808
 -- Sample 14: 0.7044
 -- Sample 15: 0.7894
 -- Sample 16: 0.8490
 -- Sample 17: 0.8758
 -- Sample 18: 0.8840
 -- Sample 19: 0.9066
 -- Sample 20: 0.8037
 -- Sample 21: 0.8061
 -- Sample 22: 0.8481
 -- Sample 23: 0.7928
 -- Sample 24: 0.9051
 -- Sample 25: 0.8507
 -- Sample 26: 0.8467
 -- Sample 27: 0.8689
 -- Sample 28: 0.9164
 -- Sample 29: 0.9191
 -- Sample 30: 0.8892
 -- Sample 31: 0.9278
 -- Sample 32: 0.2551
 -- Sample 33: 0.2294
 -- Sample 34: 0.2460
 -- Sample 35: 0.2548
 -- Sample 36: 0.9329
 -- Sample 37: 0.9072
 -- Sample 38: 0.9499
 -- Sample 39: 0.9655
 -- Sample 40: 0.8837
 -- Sample 41: 0.8928
 -- Sample 42: 0.8577
 -- Sample 43: 0.8711
 -- Sample 44: 0.9340
 -- Sample 45: 0.9079
 -- Sample 46: 0.9187
 -- Sample 47: 0.9064
 -- Sample 48: 0.6154
 -- Sample 49: 0.5187
Mean=0.8044, Std=0.1890
------------------------------------------------------------------
Flux Error:
 -- Sample 0: 0.7098
 -- Sample 1: 0.8630
 -- Sample 2: 0.7873
 -- Sample 3: 0.7700
 -- Sample 4: 0.6387
 -- Sample 5: 0.4212
 -- Sample 6: 0.6454
 -- Sample 7: 0.5107
 -- Sample 8: 0.8228
 -- Sample 9: 0.9603
 -- Sample 10: 0.9025
 -- Sample 11: 0.8114
 -- Sample 12: 1.1994
 -- Sample 13: 1.5398
 -- Sample 14: 1.3315
 -- Sample 15: 1.0827
 -- Sample 16: 0.6696
 -- Sample 17: 0.6531
 -- Sample 18: 0.6166
 -- Sample 19: 0.7114
 -- Sample 20: 0.4116
 -- Sample 21: 0.8282
 -- Sample 22: 0.3995
 -- Sample 23: 0.7253
 -- Sample 24: 0.5684
 -- Sample 25: 0.3804
 -- Sample 26: 0.5416
 -- Sample 27: 0.3920
 -- Sample 28: 0.6672
 -- Sample 29: 0.7945
 -- Sample 30: 0.6771
 -- Sample 31: 0.7896
 -- Sample 32: 6.2673
 -- Sample 33: 6.1859
 -- Sample 34: 5.9774
 -- Sample 35: 5.7196
 -- Sample 36: 0.7999
 -- Sample 37: 0.6403
 -- Sample 38: 0.8310
 -- Sample 39: 0.6947
 -- Sample 40: 0.4838
 -- Sample 41: 0.5412
 -- Sample 42: 0.4385
 -- Sample 43: 0.5890
 -- Sample 44: 0.5217
 -- Sample 45: 0.6771
 -- Sample 46: 0.5089
 -- Sample 47: 0.6209
 -- Sample 48: 0.5608
 -- Sample 49: 0.4553
Mean: 1.1267, Std: 1.4671
------------------------------------------------------------------
Tortuosity Comparison:
 -- Sample 0: 2.8532%
 -- Sample 1: 5.2153%
 -- Sample 2: 5.0895%
 -- Sample 3: 5.2943%
 -- Sample 4: 9.5473%
 -- Sample 5: 2.0629%
 -- Sample 6: 9.8489%
 -- Sample 7: 3.9918%
 -- Sample 8: 3.5543%
 -- Sample 9: 4.1553%
 -- Sample 10: 6.7391%
 -- Sample 11: 6.2994%
 -- Sample 12: 14.2512%
 -- Sample 13: 10.1493%
 -- Sample 14: 16.2053%
 -- Sample 15: 6.0423%
 -- Sample 16: 13.5056%
 -- Sample 17: 8.6366%
 -- Sample 18: 6.7617%
 -- Sample 19: 11.4256%
 -- Sample 20: 4.9722%
 -- Sample 21: 8.6915%
 -- Sample 22: 8.7652%
 -- Sample 23: 7.0572%
 -- Sample 24: 7.0885%
 -- Sample 25: 2.0381%
 -- Sample 26: 3.4146%
 -- Sample 27: 2.5895%
 -- Sample 28: 0.1163%
 -- Sample 29: 2.9981%
 -- Sample 30: 1.8061%
 -- Sample 31: 4.1307%
 -- Sample 32: 11.3675%
 -- Sample 33: 11.6691%
 -- Sample 34: 11.3129%
 -- Sample 35: 7.4984%
 -- Sample 36: 1.8924%
 -- Sample 37: 2.4728%
 -- Sample 38: 3.5102%
 -- Sample 39: 4.2399%
 -- Sample 40: 4.4983%
 -- Sample 41: 6.9694%
 -- Sample 42: 9.1659%
 -- Sample 43: 10.6741%
 -- Sample 44: 1.8428%
 -- Sample 45: 11.1705%
 -- Sample 46: 2.4562%
 -- Sample 47: 8.0428%
 -- Sample 48: 0.1788%
 -- Sample 49: 0.3956%
Mean: 6.2931%, Std: 3.8868%
------------------------------------------------------------------
Evaluating Divergent:
 -- Sample 0: 58.3941%
 -- Sample 1: 57.1040%
 -- Sample 2: 59.4599%
 -- Sample 3: 56.6504%
 -- Sample 4: 64.1809%
 -- Sample 5: 62.7418%
 -- Sample 6: 64.3927%
 -- Sample 7: 62.3964%
 -- Sample 8: 62.7434%
 -- Sample 9: 61.3718%
 -- Sample 10: 62.5737%
 -- Sample 11: 61.6257%
 -- Sample 12: 63.5128%
 -- Sample 13: 59.2070%
 -- Sample 14: 64.4659%
 -- Sample 15: 59.2037%
 -- Sample 16: 63.7873%
 -- Sample 17: 64.6265%
 -- Sample 18: 62.5015%
 -- Sample 19: 64.5255%
 -- Sample 20: 62.4922%
 -- Sample 21: 62.2686%
 -- Sample 22: 62.4488%
 -- Sample 23: 62.1910%
 -- Sample 24: 64.6987%
 -- Sample 25: 62.9559%
 -- Sample 26: 65.3147%
 -- Sample 27: 64.1989%
 -- Sample 28: 56.6576%
 -- Sample 29: 57.8875%
 -- Sample 30: 56.6305%
 -- Sample 31: 57.5515%
 -- Sample 32: 63.3099%
 -- Sample 33: 64.9582%
 -- Sample 34: 64.1997%
 -- Sample 35: 64.7367%
 -- Sample 36: 62.3797%
 -- Sample 37: 62.1843%
 -- Sample 38: 62.4593%
 -- Sample 39: 62.0469%
 -- Sample 40: 60.4218%
 -- Sample 41: 63.0640%
 -- Sample 42: 60.5311%
 -- Sample 43: 62.3754%
 -- Sample 44: 62.8239%
 -- Sample 45: 65.7616%
 -- Sample 46: 63.0023%
 -- Sample 47: 65.3806%
 -- Sample 48: 68.9034%
 -- Sample 49: 68.7593%
Mean: 62.3612%, Std: 2.7828%
------------------------------------------------------------------
Processing Batch 2 (Size: 50)...
input shape:  torch.Size([50, 1, 120, 120, 120])
output shape:  torch.Size([50, 4, 120, 120, 120])
target shape:  torch.Size([50, 4, 120, 120, 120])
Bias Error: using velocity magnitude
Mean: 32.0676, Std: 36.4578
------------------------------------------------------------------
Magnitude Error: 
 -- Sample 0: mean=49.2551%; std=25.3668
 -- Sample 1: mean=53.0311%; std=26.0762
 -- Sample 2: mean=33.2918%; std=46.3653
 -- Sample 3: mean=39.8074%; std=37.3861
 -- Sample 4: mean=28.7351%; std=34.5042
 -- Sample 5: mean=35.0030%; std=29.5033
 -- Sample 6: mean=45.6428%; std=38.1657
 -- Sample 7: mean=39.0568%; std=28.6463
 -- Sample 8: mean=44.8838%; std=29.0481
 -- Sample 9: mean=51.0093%; std=44.7980
 -- Sample 10: mean=45.7849%; std=48.0183
 -- Sample 11: mean=40.7994%; std=61.0434
 -- Sample 12: mean=39.1462%; std=42.8629
 -- Sample 13: mean=45.6529%; std=55.5369
 -- Sample 14: mean=33.9762%; std=20.9869
 -- Sample 15: mean=32.3934%; std=26.1692
 -- Sample 16: mean=37.8740%; std=23.5475
 -- Sample 17: mean=32.6544%; std=26.0340
 -- Sample 18: mean=34.6978%; std=48.1580
 -- Sample 19: mean=44.6679%; std=53.4633
 -- Sample 20: mean=41.4563%; std=53.1225
 -- Sample 21: mean=41.5696%; std=42.2454
 -- Sample 22: mean=94.9545%; std=114.0944
 -- Sample 23: mean=99.8707%; std=120.3780
 -- Sample 24: mean=84.9814%; std=116.6798
 -- Sample 25: mean=92.8031%; std=106.0360
 -- Sample 26: mean=41.7624%; std=25.9222
 -- Sample 27: mean=48.6929%; std=28.2429
 -- Sample 28: mean=38.8042%; std=24.8761
 -- Sample 29: mean=45.2251%; std=28.6208
 -- Sample 30: mean=51.7203%; std=31.5405
 -- Sample 31: mean=48.1200%; std=25.6848
 -- Sample 32: mean=49.0137%; std=32.6572
 -- Sample 33: mean=47.0301%; std=33.2820
 -- Sample 34: mean=201.4114%; std=199.1378
 -- Sample 35: mean=161.3805%; std=146.7726
 -- Sample 36: mean=205.0100%; std=209.8796
 -- Sample 37: mean=173.8144%; std=167.2439
 -- Sample 38: mean=35.8769%; std=31.1112
 -- Sample 39: mean=35.4969%; std=27.3709
 -- Sample 40: mean=37.2326%; std=29.6956
 -- Sample 41: mean=38.1066%; std=33.2678
 -- Sample 42: mean=55.0235%; std=26.6632
 -- Sample 43: mean=48.7605%; std=23.6283
 -- Sample 44: mean=44.0339%; std=20.4960
 -- Sample 45: mean=48.5588%; std=21.2040
 -- Sample 46: mean=26.2917%; std=18.7370
 -- Sample 47: mean=40.3029%; std=23.5595
 -- Sample 48: mean=34.8411%; std=20.3649
 -- Sample 49: mean=38.9638%; std=22.8379
Mean: 57.1695%, Std: 41.1338%
------------------------------------------------------------------
Angular error:
 -- Sample 0: mean=57.3710º; std=45.8971
 -- Sample 1: mean=60.9728º; std=47.8665
 -- Sample 2: mean=34.6938º; std=36.8489
 -- Sample 3: mean=36.7147º; std=36.6735
 -- Sample 4: mean=34.0976º; std=36.0905
 -- Sample 5: mean=36.0581º; std=35.6361
 -- Sample 6: mean=53.5308º; std=41.6775
 -- Sample 7: mean=52.3375º; std=42.2672
 -- Sample 8: mean=53.7844º; std=41.6064
 -- Sample 9: mean=49.1072º; std=40.9801
 -- Sample 10: mean=44.2809º; std=42.0515
 -- Sample 11: mean=39.6371º; std=41.6133
 -- Sample 12: mean=43.4197º; std=41.8452
 -- Sample 13: mean=38.0787º; std=40.0928
 -- Sample 14: mean=33.6148º; std=32.1600
 -- Sample 15: mean=35.2753º; std=33.9934
 -- Sample 16: mean=33.7174º; std=32.8813
 -- Sample 17: mean=34.7289º; std=33.5763
 -- Sample 18: mean=36.9171º; std=33.1819
 -- Sample 19: mean=37.8492º; std=35.2973
 -- Sample 20: mean=39.2643º; std=34.2141
 -- Sample 21: mean=39.0430º; std=34.7837
 -- Sample 22: mean=43.7058º; std=37.6480
 -- Sample 23: mean=39.2554º; std=36.7124
 -- Sample 24: mean=46.2424º; std=39.5343
 -- Sample 25: mean=37.7218º; std=37.4539
 -- Sample 26: mean=38.1648º; std=36.1966
 -- Sample 27: mean=38.4751º; std=35.0706
 -- Sample 28: mean=38.0784º; std=34.9789
 -- Sample 29: mean=40.4931º; std=36.3185
 -- Sample 30: mean=32.0145º; std=33.1229
 -- Sample 31: mean=28.2877º; std=30.5375
 -- Sample 32: mean=31.0306º; std=32.1551
 -- Sample 33: mean=29.9114º; std=32.7860
 -- Sample 34: mean=53.3846º; std=44.5683
 -- Sample 35: mean=55.6853º; std=44.7153
 -- Sample 36: mean=55.9440º; std=45.0681
 -- Sample 37: mean=58.3972º; std=45.2775
 -- Sample 38: mean=40.0545º; std=37.0870
 -- Sample 39: mean=40.6802º; std=36.3051
 -- Sample 40: mean=39.0289º; std=36.8941
 -- Sample 41: mean=39.1966º; std=35.6618
 -- Sample 42: mean=45.4873º; std=39.7284
 -- Sample 43: mean=42.9445º; std=37.2519
 -- Sample 44: mean=43.0841º; std=39.6129
 -- Sample 45: mean=42.9747º; std=35.9171
 -- Sample 46: mean=35.3438º; std=35.1701
 -- Sample 47: mean=36.3936º; std=34.1557
 -- Sample 48: mean=34.5395º; std=35.3194
 -- Sample 49: mean=39.5685º; std=36.9552
Mean: 41.4117º, Std: 7.8896º
------------------------------------------------------------------
Correlation comparison:
 -- Sample 0: 0.6194
 -- Sample 1: 0.4810
 -- Sample 2: 0.9016
 -- Sample 3: 0.9083
 -- Sample 4: 0.9096
 -- Sample 5: 0.8813
 -- Sample 6: 0.8090
 -- Sample 7: 0.8107
 -- Sample 8: 0.8357
 -- Sample 9: 0.7778
 -- Sample 10: 0.8064
 -- Sample 11: 0.8313
 -- Sample 12: 0.8710
 -- Sample 13: 0.7704
 -- Sample 14: 0.9085
 -- Sample 15: 0.9092
 -- Sample 16: 0.8795
 -- Sample 17: 0.9010
 -- Sample 18: 0.8318
 -- Sample 19: 0.7847
 -- Sample 20: 0.7921
 -- Sample 21: 0.8031
 -- Sample 22: 0.6449
 -- Sample 23: 0.6289
 -- Sample 24: 0.6109
 -- Sample 25: 0.6695
 -- Sample 26: 0.7794
 -- Sample 27: 0.7767
 -- Sample 28: 0.8313
 -- Sample 29: 0.8053
 -- Sample 30: 0.6514
 -- Sample 31: 0.7020
 -- Sample 32: 0.6810
 -- Sample 33: 0.7164
 -- Sample 34: 0.4553
 -- Sample 35: 0.4967
 -- Sample 36: 0.4461
 -- Sample 37: 0.4826
 -- Sample 38: 0.9192
 -- Sample 39: 0.9335
 -- Sample 40: 0.9264
 -- Sample 41: 0.9148
 -- Sample 42: 0.7939
 -- Sample 43: 0.8050
 -- Sample 44: 0.8951
 -- Sample 45: 0.8332
 -- Sample 46: 0.9518
 -- Sample 47: 0.9214
 -- Sample 48: 0.9509
 -- Sample 49: 0.9270
Mean=0.7835, Std=0.1384
------------------------------------------------------------------
Flux Error:
 -- Sample 0: 0.5365
 -- Sample 1: 0.6030
 -- Sample 2: 0.7034
 -- Sample 3: 0.8182
 -- Sample 4: 0.6227
 -- Sample 5: 0.7079
 -- Sample 6: 0.4169
 -- Sample 7: 0.6084
 -- Sample 8: 0.3773
 -- Sample 9: 0.7416
 -- Sample 10: 0.8167
 -- Sample 11: 1.0075
 -- Sample 12: 0.7833
 -- Sample 13: 0.9023
 -- Sample 14: 0.5157
 -- Sample 15: 0.5867
 -- Sample 16: 0.5124
 -- Sample 17: 0.5363
 -- Sample 18: 0.5186
 -- Sample 19: 0.5820
 -- Sample 20: 0.4980
 -- Sample 21: 0.5458
 -- Sample 22: 1.3030
 -- Sample 23: 1.1026
 -- Sample 24: 1.1835
 -- Sample 25: 0.9967
 -- Sample 26: 0.5151
 -- Sample 27: 0.3393
 -- Sample 28: 0.5053
 -- Sample 29: 0.3508
 -- Sample 30: 0.4638
 -- Sample 31: 0.7215
 -- Sample 32: 0.5137
 -- Sample 33: 0.7855
 -- Sample 34: 2.4748
 -- Sample 35: 2.0001
 -- Sample 36: 2.3214
 -- Sample 37: 2.2739
 -- Sample 38: 0.6312
 -- Sample 39: 0.5355
 -- Sample 40: 0.6695
 -- Sample 41: 0.5845
 -- Sample 42: 0.5261
 -- Sample 43: 0.5440
 -- Sample 44: 0.4934
 -- Sample 45: 0.5514
 -- Sample 46: 0.5190
 -- Sample 47: 0.6375
 -- Sample 48: 0.5723
 -- Sample 49: 0.6510
Mean: 0.7742, Std: 0.4856
------------------------------------------------------------------
Tortuosity Comparison:
 -- Sample 0: 5.9827%
 -- Sample 1: 13.0059%
 -- Sample 2: 7.5831%
 -- Sample 3: 9.2477%
 -- Sample 4: 6.7510%
 -- Sample 5: 8.5833%
 -- Sample 6: 5.1135%
 -- Sample 7: 5.5469%
 -- Sample 8: 7.0995%
 -- Sample 9: 11.1674%
 -- Sample 10: 3.1278%
 -- Sample 11: 0.9714%
 -- Sample 12: 3.8034%
 -- Sample 13: 3.8657%
 -- Sample 14: 8.9574%
 -- Sample 15: 8.9756%
 -- Sample 16: 8.7952%
 -- Sample 17: 8.3903%
 -- Sample 18: 10.1251%
 -- Sample 19: 10.4960%
 -- Sample 20: 8.2697%
 -- Sample 21: 7.5101%
 -- Sample 22: 17.3070%
 -- Sample 23: 11.8391%
 -- Sample 24: 16.8541%
 -- Sample 25: 8.6701%
 -- Sample 26: 14.5916%
 -- Sample 27: 10.9524%
 -- Sample 28: 17.3209%
 -- Sample 29: 16.7249%
 -- Sample 30: 15.5884%
 -- Sample 31: 11.5363%
 -- Sample 32: 17.1061%
 -- Sample 33: 16.0558%
 -- Sample 34: 24.8615%
 -- Sample 35: 22.1965%
 -- Sample 36: 19.5622%
 -- Sample 37: 21.7233%
 -- Sample 38: 5.6084%
 -- Sample 39: 2.1939%
 -- Sample 40: 7.0667%
 -- Sample 41: 6.2061%
 -- Sample 42: 9.7281%
 -- Sample 43: 15.1488%
 -- Sample 44: 8.2236%
 -- Sample 45: 12.2279%
 -- Sample 46: 7.0999%
 -- Sample 47: 5.6002%
 -- Sample 48: 2.4040%
 -- Sample 49: 3.4622%
Mean: 10.2246%, Std: 5.5267%
------------------------------------------------------------------
Evaluating Divergent:
 -- Sample 0: 69.4887%
 -- Sample 1: 70.3851%
 -- Sample 2: 58.7567%
 -- Sample 3: 63.7200%
 -- Sample 4: 59.5575%
 -- Sample 5: 63.6849%
 -- Sample 6: 66.6782%
 -- Sample 7: 66.2985%
 -- Sample 8: 66.3503%
 -- Sample 9: 66.8310%
 -- Sample 10: 60.5232%
 -- Sample 11: 59.0028%
 -- Sample 12: 60.3742%
 -- Sample 13: 58.8442%
 -- Sample 14: 59.4329%
 -- Sample 15: 58.7100%
 -- Sample 16: 59.6834%
 -- Sample 17: 58.8363%
 -- Sample 18: 61.9488%
 -- Sample 19: 60.8731%
 -- Sample 20: 63.5317%
 -- Sample 21: 61.4673%
 -- Sample 22: 63.9459%
 -- Sample 23: 60.1112%
 -- Sample 24: 63.8977%
 -- Sample 25: 59.5894%
 -- Sample 26: 59.8727%
 -- Sample 27: 62.5841%
 -- Sample 28: 60.2155%
 -- Sample 29: 62.5338%
 -- Sample 30: 58.2441%
 -- Sample 31: 59.1062%
 -- Sample 32: 57.4020%
 -- Sample 33: 58.5465%
 -- Sample 34: 65.0159%
 -- Sample 35: 68.2464%
 -- Sample 36: 64.5845%
 -- Sample 37: 67.6897%
 -- Sample 38: 61.6704%
 -- Sample 39: 63.2023%
 -- Sample 40: 61.3233%
 -- Sample 41: 63.4861%
 -- Sample 42: 62.5506%
 -- Sample 43: 63.5755%
 -- Sample 44: 62.2342%
 -- Sample 45: 63.5277%
 -- Sample 46: 55.9493%
 -- Sample 47: 60.2695%
 -- Sample 48: 56.1403%
 -- Sample 49: 60.2050%
Mean: 62.0140%, Std: 3.3049%
------------------------------------------------------------------
Processing Batch 3 (Size: 50)...
input shape:  torch.Size([50, 1, 120, 120, 120])
output shape:  torch.Size([50, 4, 120, 120, 120])
target shape:  torch.Size([50, 4, 120, 120, 120])
Bias Error: using velocity magnitude
Mean: 52.0290, Std: 73.0565
------------------------------------------------------------------
Magnitude Error: 
 -- Sample 0: mean=39.1996%; std=24.4968
 -- Sample 1: mean=42.7548%; std=23.0012
 -- Sample 2: mean=43.3611%; std=23.9495
 -- Sample 3: mean=47.5211%; std=22.9086
 -- Sample 4: mean=48.4437%; std=26.4340
 -- Sample 5: mean=40.2398%; std=27.9650
 -- Sample 6: mean=38.6869%; std=24.6249
 -- Sample 7: mean=41.2833%; std=26.3666
 -- Sample 8: mean=58.0629%; std=62.1856
 -- Sample 9: mean=62.7594%; std=71.9877
 -- Sample 10: mean=51.3549%; std=68.4387
 -- Sample 11: mean=52.2802%; std=63.9583
 -- Sample 12: mean=32.4701%; std=24.5624
 -- Sample 13: mean=35.9241%; std=23.9097
 -- Sample 14: mean=31.8156%; std=21.8391
 -- Sample 15: mean=36.1916%; std=24.3093
 -- Sample 16: mean=32.3365%; std=11.7516
 -- Sample 17: mean=32.1499%; std=16.2055
 -- Sample 18: mean=33.6395%; std=14.3383
 -- Sample 19: mean=32.6993%; std=13.6800
 -- Sample 20: mean=37.9228%; std=21.3230
 -- Sample 21: mean=37.0149%; std=21.6690
 -- Sample 22: mean=37.7260%; std=18.5177
 -- Sample 23: mean=35.2007%; std=20.4167
 -- Sample 24: mean=44.9343%; std=21.4183
 -- Sample 25: mean=41.7942%; std=23.1123
 -- Sample 26: mean=41.1072%; std=22.4149
 -- Sample 27: mean=44.8052%; std=29.0080
 -- Sample 28: mean=36.6875%; std=31.7036
 -- Sample 29: mean=44.2367%; std=29.6232
 -- Sample 30: mean=32.9419%; std=25.3199
 -- Sample 31: mean=45.5863%; std=34.0164
 -- Sample 32: mean=44.7095%; std=18.9056
 -- Sample 33: mean=45.5198%; std=17.0210
 -- Sample 34: mean=42.1289%; std=15.3717
 -- Sample 35: mean=43.6418%; std=16.7508
 -- Sample 36: mean=83.3842%; std=71.9594
 -- Sample 37: mean=81.8642%; std=75.9105
 -- Sample 38: mean=62.3967%; std=51.1450
 -- Sample 39: mean=89.6693%; std=75.8020
 -- Sample 40: mean=156.5521%; std=189.0135
 -- Sample 41: mean=138.6628%; std=192.5347
 -- Sample 42: mean=154.6318%; std=190.5861
 -- Sample 43: mean=133.1916%; std=205.2262
 -- Sample 44: mean=377.4103%; std=299.9264
 -- Sample 45: mean=341.4149%; std=274.3260
 -- Sample 46: mean=349.8030%; std=299.3463
 -- Sample 47: mean=366.3292%; std=278.1514
 -- Sample 48: mean=31.2273%; std=21.4826
 -- Sample 49: mean=30.0863%; std=21.3345
Mean: 77.7151%, Std: 88.3045%
------------------------------------------------------------------
Angular error:
 -- Sample 0: mean=43.8739º; std=39.5961
 -- Sample 1: mean=45.2859º; std=41.0804
 -- Sample 2: mean=42.9664º; std=38.7744
 -- Sample 3: mean=43.2584º; std=40.4220
 -- Sample 4: mean=45.7272º; std=39.7604
 -- Sample 5: mean=44.7723º; std=38.8294
 -- Sample 6: mean=45.3969º; std=40.9805
 -- Sample 7: mean=46.3196º; std=39.2091
 -- Sample 8: mean=40.9638º; std=38.1328
 -- Sample 9: mean=42.3663º; std=40.7221
 -- Sample 10: mean=40.9516º; std=39.0543
 -- Sample 11: mean=38.9767º; std=38.5305
 -- Sample 12: mean=39.7236º; std=35.8919
 -- Sample 13: mean=41.8844º; std=36.1551
 -- Sample 14: mean=38.9278º; std=35.8872
 -- Sample 15: mean=41.0413º; std=35.8447
 -- Sample 16: mean=33.2644º; std=38.7939
 -- Sample 17: mean=34.0224º; std=37.8321
 -- Sample 18: mean=34.5436º; std=39.0976
 -- Sample 19: mean=35.3922º; std=39.5415
 -- Sample 20: mean=40.1900º; std=40.8598
 -- Sample 21: mean=38.2234º; std=40.0111
 -- Sample 22: mean=39.8095º; std=41.5608
 -- Sample 23: mean=37.3390º; std=39.5577
 -- Sample 24: mean=54.1695º; std=42.9233
 -- Sample 25: mean=53.9761º; std=43.7345
 -- Sample 26: mean=51.1033º; std=41.2178
 -- Sample 27: mean=53.7712º; std=43.9070
 -- Sample 28: mean=41.9223º; std=35.7408
 -- Sample 29: mean=40.9710º; std=36.9747
 -- Sample 30: mean=41.5032º; std=34.8626
 -- Sample 31: mean=40.5630º; std=36.8138
 -- Sample 32: mean=36.8403º; std=34.3543
 -- Sample 33: mean=37.9346º; std=35.5222
 -- Sample 34: mean=37.3987º; std=36.1672
 -- Sample 35: mean=39.9538º; std=38.0954
 -- Sample 36: mean=43.0820º; std=36.8830
 -- Sample 37: mean=44.3852º; std=38.7557
 -- Sample 38: mean=44.2395º; std=38.3995
 -- Sample 39: mean=42.2269º; std=37.9766
 -- Sample 40: mean=40.6307º; std=38.6901
 -- Sample 41: mean=46.6611º; std=36.7719
 -- Sample 42: mean=44.0904º; std=40.2191
 -- Sample 43: mean=47.5869º; std=38.7987
 -- Sample 44: mean=40.7880º; std=35.9710
 -- Sample 45: mean=42.4181º; std=38.7875
 -- Sample 46: mean=41.3762º; std=35.8271
 -- Sample 47: mean=39.5621º; std=35.8610
 -- Sample 48: mean=45.9956º; std=39.3985
 -- Sample 49: mean=40.5745º; std=38.0536
Mean: 42.1789º, Std: 4.6026º
------------------------------------------------------------------
Correlation comparison:
 -- Sample 0: 0.8417
 -- Sample 1: 0.8002
 -- Sample 2: 0.8074
 -- Sample 3: 0.8002
 -- Sample 4: 0.9158
 -- Sample 5: 0.9323
 -- Sample 6: 0.9436
 -- Sample 7: 0.9441
 -- Sample 8: 0.8068
 -- Sample 9: 0.7915
 -- Sample 10: 0.8033
 -- Sample 11: 0.8059
 -- Sample 12: 0.9104
 -- Sample 13: 0.8701
 -- Sample 14: 0.8970
 -- Sample 15: 0.8726
 -- Sample 16: 0.9704
 -- Sample 17: 0.9250
 -- Sample 18: 0.9452
 -- Sample 19: 0.9642
 -- Sample 20: 0.9182
 -- Sample 21: 0.9080
 -- Sample 22: 0.9285
 -- Sample 23: 0.9169
 -- Sample 24: 0.9117
 -- Sample 25: 0.8738
 -- Sample 26: 0.8997
 -- Sample 27: 0.8456
 -- Sample 28: 0.8557
 -- Sample 29: 0.8542
 -- Sample 30: 0.8733
 -- Sample 31: 0.8439
 -- Sample 32: 0.9107
 -- Sample 33: 0.9228
 -- Sample 34: 0.9337
 -- Sample 35: 0.9218
 -- Sample 36: 0.7082
 -- Sample 37: 0.7284
 -- Sample 38: 0.7560
 -- Sample 39: 0.6637
 -- Sample 40: 0.6597
 -- Sample 41: 0.6362
 -- Sample 42: 0.6371
 -- Sample 43: 0.6188
 -- Sample 44: 0.4607
 -- Sample 45: 0.4647
 -- Sample 46: 0.4578
 -- Sample 47: 0.5014
 -- Sample 48: 0.9299
 -- Sample 49: 0.9412
Mean=0.8206, Std=0.1376
------------------------------------------------------------------
Flux Error:
 -- Sample 0: 0.9698
 -- Sample 1: 1.1332
 -- Sample 2: 0.9598
 -- Sample 3: 1.1840
 -- Sample 4: 0.8277
 -- Sample 5: 0.7670
 -- Sample 6: 0.8697
 -- Sample 7: 0.8085
 -- Sample 8: 1.2026
 -- Sample 9: 1.2744
 -- Sample 10: 1.0921
 -- Sample 11: 1.1070
 -- Sample 12: 0.5161
 -- Sample 13: 0.4828
 -- Sample 14: 0.3639
 -- Sample 15: 0.5269
 -- Sample 16: 0.7619
 -- Sample 17: 0.9738
 -- Sample 18: 0.7206
 -- Sample 19: 0.9347
 -- Sample 20: 0.6427
 -- Sample 21: 0.6577
 -- Sample 22: 0.6512
 -- Sample 23: 0.6611
 -- Sample 24: 0.6066
 -- Sample 25: 1.0093
 -- Sample 26: 0.6379
 -- Sample 27: 1.0065
 -- Sample 28: 0.6601
 -- Sample 29: 0.8744
 -- Sample 30: 0.7074
 -- Sample 31: 0.9324
 -- Sample 32: 0.6484
 -- Sample 33: 0.4907
 -- Sample 34: 0.6475
 -- Sample 35: 0.5039
 -- Sample 36: 0.9285
 -- Sample 37: 0.7308
 -- Sample 38: 0.6589
 -- Sample 39: 0.8775
 -- Sample 40: 1.9063
 -- Sample 41: 1.7295
 -- Sample 42: 1.8839
 -- Sample 43: 1.5763
 -- Sample 44: 4.1211
 -- Sample 45: 3.4676
 -- Sample 46: 3.8071
 -- Sample 47: 3.7355
 -- Sample 48: 0.8493
 -- Sample 49: 0.5991
Mean: 1.1137, Std: 0.8573
------------------------------------------------------------------
Tortuosity Comparison:
 -- Sample 0: 9.8149%
 -- Sample 1: 7.9539%
 -- Sample 2: 9.7961%
 -- Sample 3: 10.1768%
 -- Sample 4: 0.2831%
 -- Sample 5: 3.8830%
 -- Sample 6: 1.3272%
 -- Sample 7: 3.6838%
 -- Sample 8: 11.8773%
 -- Sample 9: 10.6002%
 -- Sample 10: 10.3099%
 -- Sample 11: 6.3198%
 -- Sample 12: 11.1742%
 -- Sample 13: 9.1362%
 -- Sample 14: 2.3876%
 -- Sample 15: 14.1646%
 -- Sample 16: 1.4757%
 -- Sample 17: 2.6491%
 -- Sample 18: 1.6568%
 -- Sample 19: 1.1804%
 -- Sample 20: 1.5008%
 -- Sample 21: 5.4524%
 -- Sample 22: 3.7537%
 -- Sample 23: 3.6786%
 -- Sample 24: 6.2976%
 -- Sample 25: 11.4147%
 -- Sample 26: 7.0717%
 -- Sample 27: 13.2770%
 -- Sample 28: 13.8531%
 -- Sample 29: 14.3922%
 -- Sample 30: 15.2033%
 -- Sample 31: 15.5804%
 -- Sample 32: 4.4355%
 -- Sample 33: 2.3718%
 -- Sample 34: 6.5447%
 -- Sample 35: 3.1325%
 -- Sample 36: 17.6851%
 -- Sample 37: 10.6184%
 -- Sample 38: 7.4721%
 -- Sample 39: 11.0475%
 -- Sample 40: 11.9035%
 -- Sample 41: 17.9696%
 -- Sample 42: 10.4437%
 -- Sample 43: 17.6509%
 -- Sample 44: 19.0240%
 -- Sample 45: 14.8813%
 -- Sample 46: 18.8264%
 -- Sample 47: 17.0262%
 -- Sample 48: 7.5456%
 -- Sample 49: 3.3223%
Mean: 8.8645%, Std: 5.4393%
------------------------------------------------------------------
Evaluating Divergent:
 -- Sample 0: 66.8758%
 -- Sample 1: 63.4449%
 -- Sample 2: 68.1831%
 -- Sample 3: 62.4362%
 -- Sample 4: 64.5577%
 -- Sample 5: 65.9065%
 -- Sample 6: 63.9167%
 -- Sample 7: 66.0121%
 -- Sample 8: 63.9155%
 -- Sample 9: 61.1408%
 -- Sample 10: 63.7756%
 -- Sample 11: 60.8162%
 -- Sample 12: 61.5662%
 -- Sample 13: 64.4065%
 -- Sample 14: 62.4267%
 -- Sample 15: 63.1577%
 -- Sample 16: 60.1931%
 -- Sample 17: 63.2586%
 -- Sample 18: 60.5832%
 -- Sample 19: 62.0109%
 -- Sample 20: 61.1512%
 -- Sample 21: 60.6497%
 -- Sample 22: 61.8822%
 -- Sample 23: 60.8196%
 -- Sample 24: 65.0229%
 -- Sample 25: 63.2968%
 -- Sample 26: 64.3209%
 -- Sample 27: 63.3658%
 -- Sample 28: 64.3811%
 -- Sample 29: 62.3227%
 -- Sample 30: 64.4873%
 -- Sample 31: 62.9235%
 -- Sample 32: 63.3880%
 -- Sample 33: 61.0110%
 -- Sample 34: 62.8839%
 -- Sample 35: 61.4700%
 -- Sample 36: 61.7464%
 -- Sample 37: 61.6569%
 -- Sample 38: 61.1296%
 -- Sample 39: 60.7740%
 -- Sample 40: 64.0132%
 -- Sample 41: 67.0804%
 -- Sample 42: 63.7806%
 -- Sample 43: 67.5572%
 -- Sample 44: 62.6410%
 -- Sample 45: 60.8641%
 -- Sample 46: 62.6276%
 -- Sample 47: 61.4509%
 -- Sample 48: 63.5888%
 -- Sample 49: 60.4932%
Mean: 63.0273%, Std: 1.9430%
------------------------------------------------------------------
Processing Batch 4 (Size: 50)...
input shape:  torch.Size([50, 1, 120, 120, 120])
output shape:  torch.Size([50, 4, 120, 120, 120])
target shape:  torch.Size([50, 4, 120, 120, 120])
Bias Error: using velocity magnitude
Mean: 21.3743, Std: 17.3696
------------------------------------------------------------------
Magnitude Error: 
 -- Sample 0: mean=35.7895%; std=24.6741
 -- Sample 1: mean=30.0913%; std=21.1699
 -- Sample 2: mean=37.7523%; std=17.9183
 -- Sample 3: mean=32.9105%; std=18.8189
 -- Sample 4: mean=35.2423%; std=15.8747
 -- Sample 5: mean=32.2208%; std=15.8285
 -- Sample 6: mean=37.5220%; std=41.0474
 -- Sample 7: mean=40.0276%; std=34.0449
 -- Sample 8: mean=50.0761%; std=50.4184
 -- Sample 9: mean=41.6052%; std=54.6288
 -- Sample 10: mean=24.1354%; std=19.5907
 -- Sample 11: mean=23.1603%; std=18.2035
 -- Sample 12: mean=25.3235%; std=22.6648
 -- Sample 13: mean=26.0750%; std=20.5664
 -- Sample 14: mean=37.8207%; std=29.9395
 -- Sample 15: mean=37.2399%; std=28.3837
 -- Sample 16: mean=42.6241%; std=26.1556
 -- Sample 17: mean=37.2126%; std=27.1997
 -- Sample 18: mean=21.3118%; std=16.2895
 -- Sample 19: mean=21.1558%; std=17.3894
 -- Sample 20: mean=22.1824%; std=16.5675
 -- Sample 21: mean=26.5453%; std=20.6693
 -- Sample 22: mean=31.0591%; std=22.9825
 -- Sample 23: mean=28.2713%; std=22.8484
 -- Sample 24: mean=35.0405%; std=29.1067
 -- Sample 25: mean=28.6577%; std=24.5150
 -- Sample 26: mean=28.2902%; std=19.1619
 -- Sample 27: mean=26.6914%; std=19.2363
 -- Sample 28: mean=30.7738%; std=21.7619
 -- Sample 29: mean=28.9002%; std=22.9513
 -- Sample 30: mean=35.3395%; std=21.4325
 -- Sample 31: mean=37.9345%; std=22.0551
 -- Sample 32: mean=34.3538%; std=20.8157
 -- Sample 33: mean=38.6673%; std=19.1557
 -- Sample 34: mean=51.4705%; std=40.4765
 -- Sample 35: mean=59.4837%; std=38.9018
 -- Sample 36: mean=48.0401%; std=39.1446
 -- Sample 37: mean=50.3702%; std=42.4673
 -- Sample 38: mean=33.4295%; std=21.8816
 -- Sample 39: mean=31.2340%; std=17.8177
 -- Sample 40: mean=29.6745%; std=18.3590
 -- Sample 41: mean=29.0420%; std=20.9881
 -- Sample 42: mean=21.4209%; std=16.4031
 -- Sample 43: mean=24.9464%; std=18.5077
 -- Sample 44: mean=26.9266%; std=19.3542
 -- Sample 45: mean=22.9440%; std=15.9760
 -- Sample 46: mean=123.5241%; std=123.4307
 -- Sample 47: mean=115.3702%; std=119.5844
 -- Sample 48: mean=101.2201%; std=101.9809
 -- Sample 49: mean=98.7320%; std=95.7219
Mean: 39.3967%, Std: 22.5352%
------------------------------------------------------------------
Angular error:
 -- Sample 0: mean=47.4935º; std=41.5244
 -- Sample 1: mean=41.2371º; std=38.4255
 -- Sample 2: mean=35.9660º; std=36.5199
 -- Sample 3: mean=35.1790º; std=36.7709
 -- Sample 4: mean=36.9829º; std=37.0639
 -- Sample 5: mean=35.4047º; std=37.4097
 -- Sample 6: mean=38.3939º; std=40.6010
 -- Sample 7: mean=43.5697º; std=44.7562
 -- Sample 8: mean=37.8098º; std=39.8292
 -- Sample 9: mean=42.7309º; std=43.5633
 -- Sample 10: mean=39.6046º; std=38.5527
 -- Sample 11: mean=41.2177º; std=39.3685
 -- Sample 12: mean=38.8162º; std=37.8246
 -- Sample 13: mean=38.7180º; std=37.0425
 -- Sample 14: mean=47.2679º; std=40.0547
 -- Sample 15: mean=42.9252º; std=43.9376
 -- Sample 16: mean=48.4033º; std=41.6602
 -- Sample 17: mean=40.0307º; std=42.2694
 -- Sample 18: mean=28.7763º; std=30.2822
 -- Sample 19: mean=29.3638º; std=30.8209
 -- Sample 20: mean=29.8118º; std=30.9698
 -- Sample 21: mean=28.0695º; std=29.5519
 -- Sample 22: mean=42.0322º; std=37.8579
 -- Sample 23: mean=39.3144º; std=38.2837
 -- Sample 24: mean=42.2645º; std=38.2479
 -- Sample 25: mean=37.9650º; std=37.6277
 -- Sample 26: mean=40.6870º; std=38.1487
 -- Sample 27: mean=36.7708º; std=38.9395
 -- Sample 28: mean=39.2301º; std=38.0598
 -- Sample 29: mean=37.0065º; std=38.9715
 -- Sample 30: mean=38.8841º; std=39.3414
 -- Sample 31: mean=38.6568º; std=38.6388
 -- Sample 32: mean=37.4403º; std=38.5263
 -- Sample 33: mean=39.2993º; std=39.2598
 -- Sample 34: mean=45.5920º; std=39.6350
 -- Sample 35: mean=50.8141º; std=40.3779
 -- Sample 36: mean=48.1569º; std=41.3117
 -- Sample 37: mean=46.3816º; std=38.7408
 -- Sample 38: mean=36.1391º; std=36.0826
 -- Sample 39: mean=37.3133º; std=35.0815
 -- Sample 40: mean=34.6134º; std=35.9744
 -- Sample 41: mean=38.5263º; std=35.9666
 -- Sample 42: mean=40.4975º; std=38.4627
 -- Sample 43: mean=39.1117º; std=36.6428
 -- Sample 44: mean=40.4288º; std=36.9632
 -- Sample 45: mean=38.3634º; std=36.4115
 -- Sample 46: mean=40.5273º; std=36.4960
 -- Sample 47: mean=41.8241º; std=37.1289
 -- Sample 48: mean=40.3701º; std=36.1243
 -- Sample 49: mean=39.8957º; std=35.0067
Mean: 39.5176º, Std: 4.7458º
------------------------------------------------------------------
Correlation comparison:
 -- Sample 0: 0.8991
 -- Sample 1: 0.9489
 -- Sample 2: 0.9049
 -- Sample 3: 0.9475
 -- Sample 4: 0.9504
 -- Sample 5: 0.9558
 -- Sample 6: 0.9123
 -- Sample 7: 0.8979
 -- Sample 8: 0.9000
 -- Sample 9: 0.8507
 -- Sample 10: 0.9604
 -- Sample 11: 0.9689
 -- Sample 12: 0.9566
 -- Sample 13: 0.9528
 -- Sample 14: 0.8694
 -- Sample 15: 0.9012
 -- Sample 16: 0.8850
 -- Sample 17: 0.8799
 -- Sample 18: 0.9546
 -- Sample 19: 0.9316
 -- Sample 20: 0.9371
 -- Sample 21: 0.9137
 -- Sample 22: 0.9369
 -- Sample 23: 0.9505
 -- Sample 24: 0.9365
 -- Sample 25: 0.9400
 -- Sample 26: 0.9589
 -- Sample 27: 0.9527
 -- Sample 28: 0.9316
 -- Sample 29: 0.9348
 -- Sample 30: 0.8578
 -- Sample 31: 0.8445
 -- Sample 32: 0.8778
 -- Sample 33: 0.8768
 -- Sample 34: 0.7987
 -- Sample 35: 0.7351
 -- Sample 36: 0.8125
 -- Sample 37: 0.7869
 -- Sample 38: 0.9037
 -- Sample 39: 0.9252
 -- Sample 40: 0.9276
 -- Sample 41: 0.9300
 -- Sample 42: 0.9336
 -- Sample 43: 0.9144
 -- Sample 44: 0.9005
 -- Sample 45: 0.9247
 -- Sample 46: 0.5780
 -- Sample 47: 0.5474
 -- Sample 48: 0.5527
 -- Sample 49: 0.5526
Mean=0.8800, Std=0.1065
------------------------------------------------------------------
Flux Error:
 -- Sample 0: 0.8635
 -- Sample 1: 0.6043
 -- Sample 2: 0.5172
 -- Sample 3: 0.4971
 -- Sample 4: 0.4903
 -- Sample 5: 0.5110
 -- Sample 6: 1.0099
 -- Sample 7: 0.7080
 -- Sample 8: 1.1535
 -- Sample 9: 0.6691
 -- Sample 10: 0.7835
 -- Sample 11: 0.6677
 -- Sample 12: 0.6981
 -- Sample 13: 0.6394
 -- Sample 14: 1.2300
 -- Sample 15: 0.6869
 -- Sample 16: 1.1399
 -- Sample 17: 0.6659
 -- Sample 18: 0.6717
 -- Sample 19: 0.6659
 -- Sample 20: 0.6543
 -- Sample 21: 0.7159
 -- Sample 22: 0.8711
 -- Sample 23: 0.8540
 -- Sample 24: 0.8774
 -- Sample 25: 0.8828
 -- Sample 26: 0.4760
 -- Sample 27: 0.7999
 -- Sample 28: 0.4201
 -- Sample 29: 0.8092
 -- Sample 30: 0.7217
 -- Sample 31: 0.5324
 -- Sample 32: 0.6879
 -- Sample 33: 0.4737
 -- Sample 34: 0.9348
 -- Sample 35: 0.5767
 -- Sample 36: 0.8726
 -- Sample 37: 0.6360
 -- Sample 38: 0.3832
 -- Sample 39: 0.3434
 -- Sample 40: 0.2906
 -- Sample 41: 0.4429
 -- Sample 42: 0.5688
 -- Sample 43: 0.8776
 -- Sample 44: 0.5044
 -- Sample 45: 0.8317
 -- Sample 46: 1.4946
 -- Sample 47: 1.0834
 -- Sample 48: 1.2738
 -- Sample 49: 0.8376
Mean: 0.7320, Std: 0.2481
------------------------------------------------------------------
Tortuosity Comparison:
 -- Sample 0: 6.4565%
 -- Sample 1: 2.0709%
 -- Sample 2: 8.4834%
 -- Sample 3: 7.3660%
 -- Sample 4: 7.1219%
 -- Sample 5: 6.9960%
 -- Sample 6: 1.7261%
 -- Sample 7: 0.6673%
 -- Sample 8: 4.1019%
 -- Sample 9: 2.1655%
 -- Sample 10: 6.4124%
 -- Sample 11: 8.8170%
 -- Sample 12: 7.8995%
 -- Sample 13: 9.9342%
 -- Sample 14: 10.8121%
 -- Sample 15: 4.1985%
 -- Sample 16: 11.1162%
 -- Sample 17: 0.2763%
 -- Sample 18: 8.2262%
 -- Sample 19: 8.2986%
 -- Sample 20: 9.5030%
 -- Sample 21: 8.3686%
 -- Sample 22: 5.6953%
 -- Sample 23: 2.8873%
 -- Sample 24: 6.0225%
 -- Sample 25: 4.3660%
 -- Sample 26: 0.9475%
 -- Sample 27: 1.0763%
 -- Sample 28: 2.9673%
 -- Sample 29: 2.5912%
 -- Sample 30: 11.6674%
 -- Sample 31: 8.4083%
 -- Sample 32: 8.5136%
 -- Sample 33: 6.0261%
 -- Sample 34: 6.6720%
 -- Sample 35: 7.9841%
 -- Sample 36: 5.2803%
 -- Sample 37: 7.9480%
 -- Sample 38: 4.2904%
 -- Sample 39: 9.4967%
 -- Sample 40: 6.8652%
 -- Sample 41: 7.3470%
 -- Sample 42: 4.0028%
 -- Sample 43: 4.4953%
 -- Sample 44: 0.7293%
 -- Sample 45: 2.0301%
 -- Sample 46: 8.6177%
 -- Sample 47: 10.5779%
 -- Sample 48: 8.8069%
 -- Sample 49: 8.9768%
Mean: 6.1262%, Std: 3.0946%
------------------------------------------------------------------
Evaluating Divergent:
 -- Sample 0: 63.2167%
 -- Sample 1: 60.7113%
 -- Sample 2: 60.9673%
 -- Sample 3: 60.5473%
 -- Sample 4: 60.4301%
 -- Sample 5: 60.7302%
 -- Sample 6: 64.4441%
 -- Sample 7: 64.3711%
 -- Sample 8: 63.7653%
 -- Sample 9: 64.1684%
 -- Sample 10: 58.8725%
 -- Sample 11: 60.9045%
 -- Sample 12: 59.1419%
 -- Sample 13: 62.0319%
 -- Sample 14: 66.4174%
 -- Sample 15: 62.0429%
 -- Sample 16: 66.6278%
 -- Sample 17: 61.2460%
 -- Sample 18: 52.4023%
 -- Sample 19: 53.8526%
 -- Sample 20: 52.8496%
 -- Sample 21: 53.1520%
 -- Sample 22: 65.0582%
 -- Sample 23: 64.4672%
 -- Sample 24: 65.1286%
 -- Sample 25: 64.4419%
 -- Sample 26: 61.7932%
 -- Sample 27: 59.6528%
 -- Sample 28: 61.3327%
 -- Sample 29: 59.5376%
 -- Sample 30: 62.1660%
 -- Sample 31: 62.1458%
 -- Sample 32: 61.4923%
 -- Sample 33: 61.7353%
 -- Sample 34: 64.6641%
 -- Sample 35: 65.8584%
 -- Sample 36: 64.9838%
 -- Sample 37: 65.4327%
 -- Sample 38: 60.5566%
 -- Sample 39: 61.1007%
 -- Sample 40: 59.7860%
 -- Sample 41: 60.9206%
 -- Sample 42: 63.1687%
 -- Sample 43: 60.8363%
 -- Sample 44: 63.7019%
 -- Sample 45: 61.2158%
 -- Sample 46: 62.8206%
 -- Sample 47: 62.2714%
 -- Sample 48: 62.7233%
 -- Sample 49: 62.9549%
Mean: 61.6968%, Std: 3.1939%
------------------------------------------------------------------
Processing Batch 5 (Size: 50)...
input shape:  torch.Size([50, 1, 120, 120, 120])
output shape:  torch.Size([50, 4, 120, 120, 120])
target shape:  torch.Size([50, 4, 120, 120, 120])
Bias Error: using velocity magnitude
Mean: 39.8385, Std: 72.8779
------------------------------------------------------------------
Magnitude Error: 
 -- Sample 0: mean=55.0740%; std=39.7112
 -- Sample 1: mean=59.5630%; std=29.9145
 -- Sample 2: mean=51.7015%; std=31.7021
 -- Sample 3: mean=52.6616%; std=35.0292
 -- Sample 4: mean=19.9449%; std=14.6275
 -- Sample 5: mean=22.5078%; std=18.2842
 -- Sample 6: mean=21.9764%; std=14.7804
 -- Sample 7: mean=21.4638%; std=15.7131
 -- Sample 8: mean=44.1132%; std=27.4260
 -- Sample 9: mean=43.6311%; std=28.2742
 -- Sample 10: mean=44.9365%; std=32.2569
 -- Sample 11: mean=42.3143%; std=29.0375
 -- Sample 12: mean=24.0162%; std=15.7369
 -- Sample 13: mean=22.8569%; std=16.8092
 -- Sample 14: mean=24.8665%; std=18.8210
 -- Sample 15: mean=20.7868%; std=17.1992
 -- Sample 16: mean=35.0523%; std=18.7178
 -- Sample 17: mean=43.0000%; std=19.9373
 -- Sample 18: mean=36.8571%; std=18.4338
 -- Sample 19: mean=44.3992%; std=22.2138
 -- Sample 20: mean=311.8777%; std=438.0384
 -- Sample 21: mean=437.5567%; std=628.3701
 -- Sample 22: mean=333.3465%; std=488.4683
 -- Sample 23: mean=405.2365%; std=565.8810
 -- Sample 24: mean=36.8030%; std=19.5096
 -- Sample 25: mean=45.2678%; std=24.7504
 -- Sample 26: mean=37.5726%; std=17.6111
 -- Sample 27: mean=33.7618%; std=23.6470
 -- Sample 28: mean=32.0020%; std=19.7606
 -- Sample 29: mean=31.0152%; std=18.1722
 -- Sample 30: mean=36.0618%; std=21.1907
 -- Sample 31: mean=32.7887%; std=17.4404
 -- Sample 32: mean=46.4205%; std=19.4818
 -- Sample 33: mean=47.4255%; std=21.5854
 -- Sample 34: mean=50.5826%; std=17.4752
 -- Sample 35: mean=52.1486%; std=20.7128
 -- Sample 36: mean=54.1628%; std=21.5752
 -- Sample 37: mean=54.6603%; std=16.8529
 -- Sample 38: mean=57.5848%; std=21.1911
 -- Sample 39: mean=57.7297%; std=25.0520
 -- Sample 40: mean=63.9630%; std=56.3526
 -- Sample 41: mean=60.8967%; std=45.8990
 -- Sample 42: mean=58.7996%; std=49.0004
 -- Sample 43: mean=58.4151%; std=55.6504
 -- Sample 44: mean=27.8005%; std=19.5585
 -- Sample 45: mean=23.0002%; std=16.3533
 -- Sample 46: mean=24.7012%; std=19.0398
 -- Sample 47: mean=28.9503%; std=18.1337
 -- Sample 48: mean=35.5506%; std=35.3556
 -- Sample 49: mean=28.4668%; std=24.1755
Mean: 66.7254%, Std: 92.0435%
------------------------------------------------------------------
Angular error:
 -- Sample 0: mean=47.9744º; std=40.8892
 -- Sample 1: mean=50.1990º; std=40.2873
 -- Sample 2: mean=49.4932º; std=41.6660
 -- Sample 3: mean=50.2196º; std=40.9961
 -- Sample 4: mean=37.1156º; std=35.6440
 -- Sample 5: mean=36.8038º; std=36.2530
 -- Sample 6: mean=35.9454º; std=35.4306
 -- Sample 7: mean=35.7572º; std=33.7426
 -- Sample 8: mean=51.2497º; std=41.2143
 -- Sample 9: mean=56.0921º; std=42.7682
 -- Sample 10: mean=53.8488º; std=42.6796
 -- Sample 11: mean=52.1373º; std=42.2103
 -- Sample 12: mean=29.3362º; std=30.4092
 -- Sample 13: mean=31.9654º; std=33.0782
 -- Sample 14: mean=36.3500º; std=36.1809
 -- Sample 15: mean=29.2351º; std=31.3888
 -- Sample 16: mean=36.7767º; std=37.1009
 -- Sample 17: mean=42.3540º; std=34.7510
 -- Sample 18: mean=36.0953º; std=36.6814
 -- Sample 19: mean=41.3429º; std=35.1636
 -- Sample 20: mean=41.5247º; std=38.0318
 -- Sample 21: mean=38.8096º; std=38.9391
 -- Sample 22: mean=42.1352º; std=38.5172
 -- Sample 23: mean=39.3365º; std=40.1601
 -- Sample 24: mean=41.3975º; std=40.1368
 -- Sample 25: mean=46.1377º; std=41.2467
 -- Sample 26: mean=38.8611º; std=37.8580
 -- Sample 27: mean=41.6421º; std=39.1684
 -- Sample 28: mean=32.9847º; std=32.5868
 -- Sample 29: mean=30.0245º; std=32.4065
 -- Sample 30: mean=32.5396º; std=32.2368
 -- Sample 31: mean=30.4102º; std=32.8137
 -- Sample 32: mean=39.5507º; std=36.1938
 -- Sample 33: mean=39.1334º; std=35.5251
 -- Sample 34: mean=39.3115º; std=35.4612
 -- Sample 35: mean=38.8853º; std=34.1923
 -- Sample 36: mean=42.9984º; std=40.0318
 -- Sample 37: mean=42.6715º; std=39.2914
 -- Sample 38: mean=42.7306º; std=39.2612
 -- Sample 39: mean=43.6873º; std=39.9859
 -- Sample 40: mean=36.7872º; std=36.0051
 -- Sample 41: mean=39.8783º; std=39.2559
 -- Sample 42: mean=38.4555º; std=37.6455
 -- Sample 43: mean=39.2436º; std=38.9631
 -- Sample 44: mean=30.9190º; std=32.6170
 -- Sample 45: mean=30.6499º; std=32.2430
 -- Sample 46: mean=31.0711º; std=32.8090
 -- Sample 47: mean=30.1885º; std=32.5599
 -- Sample 48: mean=52.0366º; std=43.0812
 -- Sample 49: mean=49.8818º; std=45.2287
Mean: 40.0835º, Std: 7.0287º
------------------------------------------------------------------
Correlation comparison:
 -- Sample 0: 0.7489
 -- Sample 1: 0.7036
 -- Sample 2: 0.7674
 -- Sample 3: 0.7522
 -- Sample 4: 0.9602
 -- Sample 5: 0.9534
 -- Sample 6: 0.9559
 -- Sample 7: 0.9599
 -- Sample 8: 0.8181
 -- Sample 9: 0.8031
 -- Sample 10: 0.8181
 -- Sample 11: 0.8193
 -- Sample 12: 0.9367
 -- Sample 13: 0.9570
 -- Sample 14: 0.9409
 -- Sample 15: 0.9574
 -- Sample 16: 0.9037
 -- Sample 17: 0.9145
 -- Sample 18: 0.9348
 -- Sample 19: 0.8634
 -- Sample 20: 0.4556
 -- Sample 21: 0.3507
 -- Sample 22: 0.3575
 -- Sample 23: 0.3843
 -- Sample 24: 0.9437
 -- Sample 25: 0.8929
 -- Sample 26: 0.9419
 -- Sample 27: 0.9041
 -- Sample 28: 0.9023
 -- Sample 29: 0.9319
 -- Sample 30: 0.8810
 -- Sample 31: 0.9416
 -- Sample 32: 0.9170
 -- Sample 33: 0.9074
 -- Sample 34: 0.9268
 -- Sample 35: 0.9072
 -- Sample 36: 0.8705
 -- Sample 37: 0.8412
 -- Sample 38: 0.8200
 -- Sample 39: 0.7735
 -- Sample 40: 0.6607
 -- Sample 41: 0.6683
 -- Sample 42: 0.6391
 -- Sample 43: 0.6722
 -- Sample 44: 0.9171
 -- Sample 45: 0.9299
 -- Sample 46: 0.9338
 -- Sample 47: 0.9046
 -- Sample 48: 0.9328
 -- Sample 49: 0.9599
Mean=0.8308, Std=0.1580
------------------------------------------------------------------
Flux Error:
 -- Sample 0: 0.7917
 -- Sample 1: 0.6555
 -- Sample 2: 0.6834
 -- Sample 3: 0.6534
 -- Sample 4: 0.5773
 -- Sample 5: 0.5477
 -- Sample 6: 0.6124
 -- Sample 7: 0.5590
 -- Sample 8: 0.7672
 -- Sample 9: 0.6577
 -- Sample 10: 0.6314
 -- Sample 11: 0.6300
 -- Sample 12: 0.7548
 -- Sample 13: 0.6021
 -- Sample 14: 0.7635
 -- Sample 15: 0.5738
 -- Sample 16: 0.5803
 -- Sample 17: 0.7654
 -- Sample 18: 0.5146
 -- Sample 19: 0.8014
 -- Sample 20: 3.0210
 -- Sample 21: 3.6235
 -- Sample 22: 3.1363
 -- Sample 23: 3.2272
 -- Sample 24: 0.6408
 -- Sample 25: 0.6880
 -- Sample 26: 0.6608
 -- Sample 27: 0.7893
 -- Sample 28: 0.6848
 -- Sample 29: 0.3389
 -- Sample 30: 0.6391
 -- Sample 31: 0.3434
 -- Sample 32: 0.6358
 -- Sample 33: 0.5650
 -- Sample 34: 0.5912
 -- Sample 35: 0.5472
 -- Sample 36: 0.4822
 -- Sample 37: 0.6719
 -- Sample 38: 0.4505
 -- Sample 39: 0.7331
 -- Sample 40: 0.5023
 -- Sample 41: 0.6522
 -- Sample 42: 0.3665
 -- Sample 43: 0.6885
 -- Sample 44: 0.8580
 -- Sample 45: 0.5296
 -- Sample 46: 0.7989
 -- Sample 47: 0.5703
 -- Sample 48: 1.0117
 -- Sample 49: 0.7730
Mean: 0.8469, Std: 0.7232
------------------------------------------------------------------
Tortuosity Comparison:
 -- Sample 0: 13.6733%
 -- Sample 1: 7.3174%
 -- Sample 2: 0.4825%
 -- Sample 3: 17.2954%
 -- Sample 4: 0.5363%
 -- Sample 5: 1.6788%
 -- Sample 6: 5.7350%
 -- Sample 7: 2.2422%
 -- Sample 8: 7.2153%
 -- Sample 9: 3.8085%
 -- Sample 10: 10.1515%
 -- Sample 11: 2.4664%
 -- Sample 12: 6.5306%
 -- Sample 13: 7.8446%
 -- Sample 14: 9.2917%
 -- Sample 15: 5.5508%
 -- Sample 16: 1.7262%
 -- Sample 17: 7.3045%
 -- Sample 18: 0.6390%
 -- Sample 19: 11.4903%
 -- Sample 20: 12.6724%
 -- Sample 21: 4.7453%
 -- Sample 22: 14.0032%
 -- Sample 23: 2.4806%
 -- Sample 24: 0.5684%
 -- Sample 25: 2.0900%
 -- Sample 26: 0.7357%
 -- Sample 27: 6.9314%
 -- Sample 28: 10.6983%
 -- Sample 29: 1.9757%
 -- Sample 30: 8.7965%
 -- Sample 31: 3.4362%
 -- Sample 32: 7.7353%
 -- Sample 33: 8.3568%
 -- Sample 34: 4.9425%
 -- Sample 35: 5.0332%
 -- Sample 36: 11.4614%
 -- Sample 37: 7.0660%
 -- Sample 38: 9.3828%
 -- Sample 39: 13.0878%
 -- Sample 40: 14.8539%
 -- Sample 41: 14.3695%
 -- Sample 42: 9.5211%
 -- Sample 43: 13.9983%
 -- Sample 44: 5.5403%
 -- Sample 45: 2.1783%
 -- Sample 46: 4.4520%
 -- Sample 47: 3.8688%
 -- Sample 48: 7.4208%
 -- Sample 49: 1.6579%
Mean: 6.7408%, Std: 4.4783%
------------------------------------------------------------------
Evaluating Divergent:
 -- Sample 0: 68.3540%
 -- Sample 1: 65.5156%
 -- Sample 2: 67.3780%
 -- Sample 3: 65.8177%
 -- Sample 4: 59.9979%
 -- Sample 5: 59.8087%
 -- Sample 6: 60.9845%
 -- Sample 7: 60.6658%
 -- Sample 8: 66.2153%
 -- Sample 9: 66.4131%
 -- Sample 10: 66.2293%
 -- Sample 11: 65.8626%
 -- Sample 12: 54.5002%
 -- Sample 13: 54.3125%
 -- Sample 14: 56.2825%
 -- Sample 15: 54.2606%
 -- Sample 16: 58.8841%
 -- Sample 17: 63.0160%
 -- Sample 18: 58.8836%
 -- Sample 19: 63.2846%
 -- Sample 20: 65.4070%
 -- Sample 21: 60.8301%
 -- Sample 22: 65.4103%
 -- Sample 23: 60.3831%
 -- Sample 24: 62.2908%
 -- Sample 25: 64.5771%
 -- Sample 26: 62.4003%
 -- Sample 27: 63.1845%
 -- Sample 28: 59.0147%
 -- Sample 29: 55.3985%
 -- Sample 30: 57.6405%
 -- Sample 31: 55.4643%
 -- Sample 32: 61.2718%
 -- Sample 33: 60.6794%
 -- Sample 34: 61.1850%
 -- Sample 35: 60.6136%
 -- Sample 36: 65.5744%
 -- Sample 37: 65.8061%
 -- Sample 38: 66.1772%
 -- Sample 39: 65.8084%
 -- Sample 40: 62.5972%
 -- Sample 41: 62.5539%
 -- Sample 42: 62.0104%
 -- Sample 43: 62.4621%
 -- Sample 44: 57.4436%
 -- Sample 45: 59.0501%
 -- Sample 46: 57.5411%
 -- Sample 47: 59.0135%
 -- Sample 48: 68.3493%
 -- Sample 49: 66.7632%
Mean: 61.8714%, Std: 3.8550%
------------------------------------------------------------------
Processing Batch 6 (Size: 50)...
input shape:  torch.Size([50, 1, 120, 120, 120])
output shape:  torch.Size([50, 4, 120, 120, 120])
target shape:  torch.Size([50, 4, 120, 120, 120])
Bias Error: using velocity magnitude
Mean: 21.2047, Std: 14.3650
------------------------------------------------------------------
Magnitude Error: 
 -- Sample 0: mean=34.8061%; std=30.8734
 -- Sample 1: mean=36.9398%; std=26.2742
 -- Sample 2: mean=34.3444%; std=19.9126
 -- Sample 3: mean=30.6895%; std=19.9384
 -- Sample 4: mean=37.0287%; std=22.7912
 -- Sample 5: mean=29.8255%; std=21.6531
 -- Sample 6: mean=67.6359%; std=27.7215
 -- Sample 7: mean=61.1016%; std=31.6413
 -- Sample 8: mean=59.2092%; std=35.2976
 -- Sample 9: mean=57.2336%; std=20.9934
 -- Sample 10: mean=33.5166%; std=29.6670
 -- Sample 11: mean=28.0671%; std=22.5899
 -- Sample 12: mean=40.7727%; std=26.0448
 -- Sample 13: mean=25.9346%; std=21.9942
 -- Sample 14: mean=33.0151%; std=39.1725
 -- Sample 15: mean=36.1770%; std=37.4453
 -- Sample 16: mean=28.6287%; std=29.7944
 -- Sample 17: mean=31.9230%; std=30.5499
 -- Sample 18: mean=43.9920%; std=53.8969
 -- Sample 19: mean=47.2207%; std=61.4204
 -- Sample 20: mean=44.7691%; std=42.8153
 -- Sample 21: mean=45.0506%; std=43.3483
 -- Sample 22: mean=40.1919%; std=19.5014
 -- Sample 23: mean=51.7434%; std=19.1569
 -- Sample 24: mean=44.9582%; std=21.9640
 -- Sample 25: mean=49.1416%; std=19.7646
 -- Sample 26: mean=32.2537%; std=20.0911
 -- Sample 27: mean=35.6375%; std=21.0763
 -- Sample 28: mean=36.1922%; std=22.1616
 -- Sample 29: mean=36.8545%; std=19.6835
 -- Sample 30: mean=37.4434%; std=15.4081
 -- Sample 31: mean=39.5510%; std=15.3305
 -- Sample 32: mean=34.5692%; std=16.4902
 -- Sample 33: mean=45.4866%; std=17.6008
 -- Sample 34: mean=39.2014%; std=23.6718
 -- Sample 35: mean=34.0446%; std=23.1154
 -- Sample 36: mean=37.0883%; std=25.3133
 -- Sample 37: mean=43.2026%; std=27.7041
 -- Sample 38: mean=23.7302%; std=18.9203
 -- Sample 39: mean=19.7015%; std=19.8757
 -- Sample 40: mean=23.3354%; std=16.7678
 -- Sample 41: mean=26.5205%; std=21.7555
 -- Sample 42: mean=71.5044%; std=83.6808
 -- Sample 43: mean=62.6595%; std=66.3869
 -- Sample 44: mean=67.7725%; std=59.7501
 -- Sample 45: mean=63.2437%; std=61.5823
 -- Sample 46: mean=39.3322%; std=20.1314
 -- Sample 47: mean=37.3523%; std=20.1563
 -- Sample 48: mean=31.5706%; std=18.0755
 -- Sample 49: mean=37.5860%; std=20.9582
Mean: 40.5950%, Std: 12.1578%
------------------------------------------------------------------
Angular error:
 -- Sample 0: mean=50.4744º; std=41.1173
 -- Sample 1: mean=51.8026º; std=44.2841
 -- Sample 2: mean=40.9881º; std=36.4970
 -- Sample 3: mean=37.0165º; std=35.1792
 -- Sample 4: mean=43.2264º; std=37.5301
 -- Sample 5: mean=37.6824º; std=36.2348
 -- Sample 6: mean=53.7072º; std=43.1949
 -- Sample 7: mean=45.2731º; std=40.4262
 -- Sample 8: mean=49.3615º; std=41.3041
 -- Sample 9: mean=47.5312º; std=40.3922
 -- Sample 10: mean=46.1522º; std=38.1954
 -- Sample 11: mean=43.3696º; std=38.0253
 -- Sample 12: mean=48.0849º; std=39.9361
 -- Sample 13: mean=44.6371º; std=39.6732
 -- Sample 14: mean=37.2883º; std=36.2923
 -- Sample 15: mean=40.6315º; std=35.9633
 -- Sample 16: mean=36.7609º; std=36.2652
 -- Sample 17: mean=39.8644º; std=35.6993
 -- Sample 18: mean=42.5432º; std=36.5681
 -- Sample 19: mean=43.4411º; std=36.6420
 -- Sample 20: mean=42.4209º; std=37.0781
 -- Sample 21: mean=44.1434º; std=37.0210
 -- Sample 22: mean=39.2491º; std=35.2207
 -- Sample 23: mean=41.9578º; std=37.3950
 -- Sample 24: mean=42.6864º; std=37.4304
 -- Sample 25: mean=41.0011º; std=37.4759
 -- Sample 26: mean=41.9500º; std=36.4658
 -- Sample 27: mean=40.7673º; std=38.1349
 -- Sample 28: mean=42.4247º; std=37.4342
 -- Sample 29: mean=40.1237º; std=39.1378
 -- Sample 30: mean=34.8087º; std=35.5045
 -- Sample 31: mean=37.4481º; std=35.8495
 -- Sample 32: mean=34.2892º; std=36.0381
 -- Sample 33: mean=39.0750º; std=36.4345
 -- Sample 34: mean=31.8458º; std=31.4182
 -- Sample 35: mean=27.8761º; std=30.0195
 -- Sample 36: mean=33.2210º; std=32.9229
 -- Sample 37: mean=28.8106º; std=31.2814
 -- Sample 38: mean=30.5666º; std=32.8592
 -- Sample 39: mean=31.5734º; std=35.5438
 -- Sample 40: mean=31.0878º; std=33.8043
 -- Sample 41: mean=31.1442º; std=34.2890
 -- Sample 42: mean=40.9202º; std=39.9901
 -- Sample 43: mean=41.7312º; std=40.1743
 -- Sample 44: mean=41.9803º; std=40.9638
 -- Sample 45: mean=43.0849º; std=43.1676
 -- Sample 46: mean=47.4789º; std=42.3773
 -- Sample 47: mean=49.1242º; std=40.6625
 -- Sample 48: mean=46.7840º; std=43.4598
 -- Sample 49: mean=49.6713º; std=40.6998
Mean: 40.9816º, Std: 6.1165º
------------------------------------------------------------------
Correlation comparison:
 -- Sample 0: 0.9417
 -- Sample 1: 0.9384
 -- Sample 2: 0.9331
 -- Sample 3: 0.9343
 -- Sample 4: 0.9262
 -- Sample 5: 0.9362
 -- Sample 6: 0.6263
 -- Sample 7: 0.6316
 -- Sample 8: 0.6626
 -- Sample 9: 0.7680
 -- Sample 10: 0.9134
 -- Sample 11: 0.9377
 -- Sample 12: 0.8878
 -- Sample 13: 0.9376
 -- Sample 14: 0.8774
 -- Sample 15: 0.8917
 -- Sample 16: 0.9272
 -- Sample 17: 0.9064
 -- Sample 18: 0.8469
 -- Sample 19: 0.8139
 -- Sample 20: 0.8987
 -- Sample 21: 0.8665
 -- Sample 22: 0.9336
 -- Sample 23: 0.9205
 -- Sample 24: 0.9222
 -- Sample 25: 0.9135
 -- Sample 26: 0.9153
 -- Sample 27: 0.8835
 -- Sample 28: 0.9082
 -- Sample 29: 0.8969
 -- Sample 30: 0.9647
 -- Sample 31: 0.9607
 -- Sample 32: 0.9624
 -- Sample 33: 0.9379
 -- Sample 34: 0.8106
 -- Sample 35: 0.8512
 -- Sample 36: 0.8263
 -- Sample 37: 0.8206
 -- Sample 38: 0.9426
 -- Sample 39: 0.9759
 -- Sample 40: 0.9575
 -- Sample 41: 0.9569
 -- Sample 42: 0.6365
 -- Sample 43: 0.7191
 -- Sample 44: 0.6244
 -- Sample 45: 0.6578
 -- Sample 46: 0.9354
 -- Sample 47: 0.9271
 -- Sample 48: 0.9348
 -- Sample 49: 0.9120
Mean=0.8722, Std=0.0998
------------------------------------------------------------------
Flux Error:
 -- Sample 0: 0.9766
 -- Sample 1: 0.6322
 -- Sample 2: 0.7382
 -- Sample 3: 0.7055
 -- Sample 4: 0.7406
 -- Sample 5: 0.7215
 -- Sample 6: 0.6957
 -- Sample 7: 0.6080
 -- Sample 8: 0.6532
 -- Sample 9: 0.5006
 -- Sample 10: 0.7528
 -- Sample 11: 0.5434
 -- Sample 12: 0.6515
 -- Sample 13: 0.5643
 -- Sample 14: 0.6790
 -- Sample 15: 0.7332
 -- Sample 16: 0.7111
 -- Sample 17: 0.7110
 -- Sample 18: 0.6964
 -- Sample 19: 1.2201
 -- Sample 20: 0.7535
 -- Sample 21: 1.1423
 -- Sample 22: 0.5524
 -- Sample 23: 0.5249
 -- Sample 24: 0.6138
 -- Sample 25: 0.5129
 -- Sample 26: 0.7170
 -- Sample 27: 0.4110
 -- Sample 28: 0.7086
 -- Sample 29: 0.3948
 -- Sample 30: 0.6640
 -- Sample 31: 0.5649
 -- Sample 32: 0.6677
 -- Sample 33: 0.5729
 -- Sample 34: 0.8096
 -- Sample 35: 0.8207
 -- Sample 36: 0.8054
 -- Sample 37: 0.8577
 -- Sample 38: 1.0905
 -- Sample 39: 0.7008
 -- Sample 40: 1.1523
 -- Sample 41: 0.7695
 -- Sample 42: 0.7432
 -- Sample 43: 0.8259
 -- Sample 44: 0.6467
 -- Sample 45: 0.7877
 -- Sample 46: 0.4947
 -- Sample 47: 0.5217
 -- Sample 48: 0.4866
 -- Sample 49: 0.5364
Mean: 0.7017, Std: 0.1767
------------------------------------------------------------------
Tortuosity Comparison:
 -- Sample 0: 7.8096%
 -- Sample 1: 18.6667%
 -- Sample 2: 5.0726%
 -- Sample 3: 5.3193%
 -- Sample 4: 4.7675%
 -- Sample 5: 4.5491%
 -- Sample 6: 20.6184%
 -- Sample 7: 18.9384%
 -- Sample 8: 21.2589%
 -- Sample 9: 16.2688%
 -- Sample 10: 16.0980%
 -- Sample 11: 2.8927%
 -- Sample 12: 14.4827%
 -- Sample 13: 5.0034%
 -- Sample 14: 3.9510%
 -- Sample 15: 6.5003%
 -- Sample 16: 4.0640%
 -- Sample 17: 8.7139%
 -- Sample 18: 7.5877%
 -- Sample 19: 11.9056%
 -- Sample 20: 7.2997%
 -- Sample 21: 11.8373%
 -- Sample 22: 6.2131%
 -- Sample 23: 1.8749%
 -- Sample 24: 4.7537%
 -- Sample 25: 1.9048%
 -- Sample 26: 9.1276%
 -- Sample 27: 4.0435%
 -- Sample 28: 6.4228%
 -- Sample 29: 4.0675%
 -- Sample 30: 3.9278%
 -- Sample 31: 6.2929%
 -- Sample 32: 4.6153%
 -- Sample 33: 4.5187%
 -- Sample 34: 10.5128%
 -- Sample 35: 8.8829%
 -- Sample 36: 9.6899%
 -- Sample 37: 9.6293%
 -- Sample 38: 3.3363%
 -- Sample 39: 2.6513%
 -- Sample 40: 3.7619%
 -- Sample 41: 3.1584%
 -- Sample 42: 3.8115%
 -- Sample 43: 1.2772%
 -- Sample 44: 2.7876%
 -- Sample 45: 6.8744%
 -- Sample 46: 7.1480%
 -- Sample 47: 6.8884%
 -- Sample 48: 5.3533%
 -- Sample 49: 8.9840%
Mean: 7.5223%, Std: 4.9867%
------------------------------------------------------------------
Evaluating Divergent:
 -- Sample 0: 68.0055%
 -- Sample 1: 67.5756%
 -- Sample 2: 62.7504%
 -- Sample 3: 60.9718%
 -- Sample 4: 62.8913%
 -- Sample 5: 61.0490%
 -- Sample 6: 66.7865%
 -- Sample 7: 63.8560%
 -- Sample 8: 65.8653%
 -- Sample 9: 65.1094%
 -- Sample 10: 65.2425%
 -- Sample 11: 66.1675%
 -- Sample 12: 64.6538%
 -- Sample 13: 65.8057%
 -- Sample 14: 61.6796%
 -- Sample 15: 62.4097%
 -- Sample 16: 60.8148%
 -- Sample 17: 61.9862%
 -- Sample 18: 62.3996%
 -- Sample 19: 63.8438%
 -- Sample 20: 61.7039%
 -- Sample 21: 63.0866%
 -- Sample 22: 63.1417%
 -- Sample 23: 62.2708%
 -- Sample 24: 63.7097%
 -- Sample 25: 61.4383%
 -- Sample 26: 64.6119%
 -- Sample 27: 61.1003%
 -- Sample 28: 64.1513%
 -- Sample 29: 61.0631%
 -- Sample 30: 58.5269%
 -- Sample 31: 60.1646%
 -- Sample 32: 58.5901%
 -- Sample 33: 60.5613%
 -- Sample 34: 60.5884%
 -- Sample 35: 58.6097%
 -- Sample 36: 60.6630%
 -- Sample 37: 59.2460%
 -- Sample 38: 61.6590%
 -- Sample 39: 60.6728%
 -- Sample 40: 61.2811%
 -- Sample 41: 60.6059%
 -- Sample 42: 64.2360%
 -- Sample 43: 64.7806%
 -- Sample 44: 63.9613%
 -- Sample 45: 63.0463%
 -- Sample 46: 64.4163%
 -- Sample 47: 63.8387%
 -- Sample 48: 63.4773%
 -- Sample 49: 63.4147%
Mean: 62.7696%, Std: 2.2489%
------------------------------------------------------------------
Processing Batch 7 (Size: 50)...
input shape:  torch.Size([50, 1, 120, 120, 120])
output shape:  torch.Size([50, 4, 120, 120, 120])
target shape:  torch.Size([50, 4, 120, 120, 120])
Bias Error: using velocity magnitude
Mean: 43.8560, Std: 57.3766
------------------------------------------------------------------
Magnitude Error: 
 -- Sample 0: mean=34.1699%; std=21.0015
 -- Sample 1: mean=25.5876%; std=17.8247
 -- Sample 2: mean=29.2867%; std=21.2095
 -- Sample 3: mean=28.7684%; std=19.0837
 -- Sample 4: mean=47.5987%; std=64.3058
 -- Sample 5: mean=38.7919%; std=36.5752
 -- Sample 6: mean=30.1065%; std=31.6084
 -- Sample 7: mean=34.0796%; std=31.0974
 -- Sample 8: mean=34.6633%; std=20.4960
 -- Sample 9: mean=35.3871%; std=22.6850
 -- Sample 10: mean=36.8870%; std=22.1609
 -- Sample 11: mean=32.9277%; std=25.0989
 -- Sample 12: mean=67.8278%; std=57.5420
 -- Sample 13: mean=66.3637%; std=46.4321
 -- Sample 14: mean=61.7882%; std=46.5221
 -- Sample 15: mean=57.1325%; std=44.6726
 -- Sample 16: mean=29.6889%; std=24.5684
 -- Sample 17: mean=30.5529%; std=24.2482
 -- Sample 18: mean=31.4209%; std=26.4119
 -- Sample 19: mean=28.7184%; std=27.8926
 -- Sample 20: mean=56.1845%; std=12.4761
 -- Sample 21: mean=59.6526%; std=13.7197
 -- Sample 22: mean=55.5029%; std=13.5003
 -- Sample 23: mean=60.4399%; std=14.2617
 -- Sample 24: mean=195.5378%; std=227.3200
 -- Sample 25: mean=187.9304%; std=217.0734
 -- Sample 26: mean=177.4361%; std=197.2176
 -- Sample 27: mean=174.2452%; std=179.5109
 -- Sample 28: mean=32.4077%; std=24.9235
 -- Sample 29: mean=35.1247%; std=29.7406
 -- Sample 30: mean=30.6777%; std=22.4570
 -- Sample 31: mean=33.6857%; std=23.1987
 -- Sample 32: mean=145.7605%; std=106.5949
 -- Sample 33: mean=143.6490%; std=102.5469
 -- Sample 34: mean=147.2822%; std=105.1961
 -- Sample 35: mean=140.1753%; std=109.4157
 -- Sample 36: mean=46.8185%; std=26.9804
 -- Sample 37: mean=38.1611%; std=26.7878
 -- Sample 38: mean=43.4428%; std=24.6884
 -- Sample 39: mean=37.7795%; std=24.4175
 -- Sample 40: mean=34.5597%; std=28.0537
 -- Sample 41: mean=40.0136%; std=29.3830
 -- Sample 42: mean=36.3813%; std=29.0835
 -- Sample 43: mean=38.4176%; std=31.0243
 -- Sample 44: mean=34.5635%; std=26.0040
 -- Sample 45: mean=29.6840%; std=25.1282
 -- Sample 46: mean=34.5233%; std=26.9321
 -- Sample 47: mean=34.8735%; std=25.1847
 -- Sample 48: mean=30.3632%; std=20.5905
 -- Sample 49: mean=31.7318%; std=22.7637
Mean: 59.3751%, Std: 47.5578%
------------------------------------------------------------------
Angular error:
 -- Sample 0: mean=41.1144º; std=37.1328
 -- Sample 1: mean=37.7035º; std=34.8055
 -- Sample 2: mean=38.0418º; std=34.4918
 -- Sample 3: mean=38.6171º; std=35.5852
 -- Sample 4: mean=47.9292º; std=38.4463
 -- Sample 5: mean=47.5788º; std=40.1804
 -- Sample 6: mean=48.8663º; std=40.1037
 -- Sample 7: mean=48.3886º; std=40.7041
 -- Sample 8: mean=38.5942º; std=34.5659
 -- Sample 9: mean=38.5490º; std=36.1530
 -- Sample 10: mean=37.6899º; std=35.2461
 -- Sample 11: mean=37.2198º; std=34.7650
 -- Sample 12: mean=31.3113º; std=32.6212
 -- Sample 13: mean=33.3770º; std=32.4145
 -- Sample 14: mean=31.1021º; std=32.0368
 -- Sample 15: mean=32.5223º; std=32.3658
 -- Sample 16: mean=41.1084º; std=35.8995
 -- Sample 17: mean=42.6140º; std=37.7595
 -- Sample 18: mean=44.0174º; std=38.6635
 -- Sample 19: mean=39.8242º; std=35.6729
 -- Sample 20: mean=32.7949º; std=30.9758
 -- Sample 21: mean=36.7226º; std=32.4407
 -- Sample 22: mean=33.5887º; std=31.5004
 -- Sample 23: mean=36.1224º; std=31.4297
 -- Sample 24: mean=56.6871º; std=41.0295
 -- Sample 25: mean=58.1187º; std=43.4955
 -- Sample 26: mean=57.6218º; std=41.1685
 -- Sample 27: mean=53.5397º; std=41.8208
 -- Sample 28: mean=34.7747º; std=34.9550
 -- Sample 29: mean=36.7657º; std=32.9208
 -- Sample 30: mean=32.4731º; std=32.0320
 -- Sample 31: mean=36.5980º; std=33.7069
 -- Sample 32: mean=53.8958º; std=43.2966
 -- Sample 33: mean=51.2650º; std=43.2451
 -- Sample 34: mean=54.2815º; std=43.5496
 -- Sample 35: mean=53.7034º; std=44.9830
 -- Sample 36: mean=43.1216º; std=34.1333
 -- Sample 37: mean=36.6922º; std=33.3900
 -- Sample 38: mean=43.5696º; std=35.3542
 -- Sample 39: mean=38.3389º; std=33.7954
 -- Sample 40: mean=46.2239º; std=40.9940
 -- Sample 41: mean=43.2124º; std=38.4010
 -- Sample 42: mean=42.1912º; std=39.0105
 -- Sample 43: mean=44.9096º; std=39.2389
 -- Sample 44: mean=46.1551º; std=42.1889
 -- Sample 45: mean=45.9929º; std=43.7224
 -- Sample 46: mean=44.1847º; std=40.2960
 -- Sample 47: mean=44.8044º; std=43.1681
 -- Sample 48: mean=33.9166º; std=31.0029
 -- Sample 49: mean=35.8142º; std=32.9557
Mean: 42.0850º, Std: 7.3215º
------------------------------------------------------------------
Correlation comparison:
 -- Sample 0: 0.9117
 -- Sample 1: 0.9355
 -- Sample 2: 0.9189
 -- Sample 3: 0.9355
 -- Sample 4: 0.7900
 -- Sample 5: 0.8031
 -- Sample 6: 0.8990
 -- Sample 7: 0.9097
 -- Sample 8: 0.9367
 -- Sample 9: 0.9304
 -- Sample 10: 0.9192
 -- Sample 11: 0.9234
 -- Sample 12: 0.7449
 -- Sample 13: 0.7373
 -- Sample 14: 0.7784
 -- Sample 15: 0.7774
 -- Sample 16: 0.9249
 -- Sample 17: 0.9304
 -- Sample 18: 0.9207
 -- Sample 19: 0.9344
 -- Sample 20: 0.9504
 -- Sample 21: 0.9414
 -- Sample 22: 0.9594
 -- Sample 23: 0.9278
 -- Sample 24: 0.5794
 -- Sample 25: 0.5677
 -- Sample 26: 0.5778
 -- Sample 27: 0.5594
 -- Sample 28: 0.8615
 -- Sample 29: 0.8537
 -- Sample 30: 0.8395
 -- Sample 31: 0.8404
 -- Sample 32: 0.6366
 -- Sample 33: 0.6559
 -- Sample 34: 0.6067
 -- Sample 35: 0.6013
 -- Sample 36: 0.7111
 -- Sample 37: 0.8010
 -- Sample 38: 0.7440
 -- Sample 39: 0.8225
 -- Sample 40: 0.8817
 -- Sample 41: 0.8395
 -- Sample 42: 0.8831
 -- Sample 43: 0.8668
 -- Sample 44: 0.8421
 -- Sample 45: 0.8685
 -- Sample 46: 0.8161
 -- Sample 47: 0.8533
 -- Sample 48: 0.9153
 -- Sample 49: 0.8998
Mean=0.8253, Std=0.1170
------------------------------------------------------------------
Flux Error:
 -- Sample 0: 0.5686
 -- Sample 1: 0.7260
 -- Sample 2: 0.5782
 -- Sample 3: 0.6532
 -- Sample 4: 1.1305
 -- Sample 5: 1.0426
 -- Sample 6: 1.2255
 -- Sample 7: 0.8842
 -- Sample 8: 0.6327
 -- Sample 9: 0.6472
 -- Sample 10: 0.6142
 -- Sample 11: 0.6224
 -- Sample 12: 0.6905
 -- Sample 13: 0.8371
 -- Sample 14: 0.6114
 -- Sample 15: 0.8406
 -- Sample 16: 0.6983
 -- Sample 17: 0.5815
 -- Sample 18: 0.7372
 -- Sample 19: 0.5363
 -- Sample 20: 0.5263
 -- Sample 21: 0.5919
 -- Sample 22: 0.5092
 -- Sample 23: 0.5747
 -- Sample 24: 2.6414
 -- Sample 25: 2.5839
 -- Sample 26: 2.4634
 -- Sample 27: 2.7729
 -- Sample 28: 0.7724
 -- Sample 29: 0.8374
 -- Sample 30: 0.8662
 -- Sample 31: 0.7945
 -- Sample 32: 2.0847
 -- Sample 33: 1.9306
 -- Sample 34: 2.0398
 -- Sample 35: 1.7810
 -- Sample 36: 0.3560
 -- Sample 37: 0.4123
 -- Sample 38: 0.4166
 -- Sample 39: 0.3971
 -- Sample 40: 0.7297
 -- Sample 41: 0.7809
 -- Sample 42: 0.7418
 -- Sample 43: 0.8246
 -- Sample 44: 0.6038
 -- Sample 45: 0.6240
 -- Sample 46: 0.5940
 -- Sample 47: 0.7520
 -- Sample 48: 0.5533
 -- Sample 49: 0.3274
Mean: 0.9348, Std: 0.6303
------------------------------------------------------------------
Tortuosity Comparison:
 -- Sample 0: 7.6870%
 -- Sample 1: 7.3705%
 -- Sample 2: 9.4656%
 -- Sample 3: 6.5194%
 -- Sample 4: 4.0931%
 -- Sample 5: 9.0460%
 -- Sample 6: 6.0082%
 -- Sample 7: 2.7735%
 -- Sample 8: 6.8898%
 -- Sample 9: 5.1953%
 -- Sample 10: 3.9805%
 -- Sample 11: 5.9616%
 -- Sample 12: 8.9488%
 -- Sample 13: 11.3628%
 -- Sample 14: 10.4176%
 -- Sample 15: 11.9521%
 -- Sample 16: 4.9658%
 -- Sample 17: 9.9384%
 -- Sample 18: 2.9903%
 -- Sample 19: 5.9516%
 -- Sample 20: 4.7277%
 -- Sample 21: 14.2063%
 -- Sample 22: 8.3783%
 -- Sample 23: 9.2287%
 -- Sample 24: 10.0027%
 -- Sample 25: 12.2926%
 -- Sample 26: 9.6744%
 -- Sample 27: 8.0469%
 -- Sample 28: 8.4552%
 -- Sample 29: 8.8805%
 -- Sample 30: 6.5827%
 -- Sample 31: 12.1209%
 -- Sample 32: 15.5412%
 -- Sample 33: 15.6348%
 -- Sample 34: 17.9384%
 -- Sample 35: 14.2137%
 -- Sample 36: 14.0203%
 -- Sample 37: 3.0152%
 -- Sample 38: 16.0065%
 -- Sample 39: 15.0049%
 -- Sample 40: 16.8407%
 -- Sample 41: 15.5203%
 -- Sample 42: 13.5218%
 -- Sample 43: 15.8917%
 -- Sample 44: 7.3667%
 -- Sample 45: 7.1270%
 -- Sample 46: 4.2362%
 -- Sample 47: 5.6854%
 -- Sample 48: 9.6796%
 -- Sample 49: 7.2055%
Mean: 9.3713%, Std: 4.0947%
------------------------------------------------------------------
Evaluating Divergent:
 -- Sample 0: 62.8504%
 -- Sample 1: 60.6680%
 -- Sample 2: 63.4480%
 -- Sample 3: 60.5329%
 -- Sample 4: 66.6856%
 -- Sample 5: 66.2518%
 -- Sample 6: 66.4703%
 -- Sample 7: 66.2494%
 -- Sample 8: 61.5714%
 -- Sample 9: 60.2808%
 -- Sample 10: 61.0614%
 -- Sample 11: 59.8500%
 -- Sample 12: 61.1527%
 -- Sample 13: 62.5606%
 -- Sample 14: 61.6260%
 -- Sample 15: 62.5680%
 -- Sample 16: 63.2518%
 -- Sample 17: 62.7716%
 -- Sample 18: 64.1619%
 -- Sample 19: 62.4361%
 -- Sample 20: 57.2369%
 -- Sample 21: 60.5056%
 -- Sample 22: 57.3502%
 -- Sample 23: 60.2027%
 -- Sample 24: 69.2498%
 -- Sample 25: 68.3604%
 -- Sample 26: 68.7798%
 -- Sample 27: 67.8969%
 -- Sample 28: 62.2752%
 -- Sample 29: 62.1759%
 -- Sample 30: 61.7622%
 -- Sample 31: 62.9270%
 -- Sample 32: 64.6108%
 -- Sample 33: 65.3908%
 -- Sample 34: 64.0127%
 -- Sample 35: 66.3290%
 -- Sample 36: 64.7577%
 -- Sample 37: 61.5865%
 -- Sample 38: 63.7089%
 -- Sample 39: 61.6806%
 -- Sample 40: 63.2964%
 -- Sample 41: 61.2485%
 -- Sample 42: 61.9135%
 -- Sample 43: 62.3957%
 -- Sample 44: 66.9917%
 -- Sample 45: 66.7735%
 -- Sample 46: 66.6516%
 -- Sample 47: 66.0464%
 -- Sample 48: 59.3570%
 -- Sample 49: 59.7454%
Mean: 63.2334%, Std: 2.8375%
------------------------------------------------------------------
Processing Batch 8 (Size: 50)...
input shape:  torch.Size([50, 1, 120, 120, 120])
output shape:  torch.Size([50, 4, 120, 120, 120])
target shape:  torch.Size([50, 4, 120, 120, 120])
Bias Error: using velocity magnitude
Mean: 19.8847, Std: 11.1722
------------------------------------------------------------------
Magnitude Error: 
 -- Sample 0: mean=33.6048%; std=23.9502
 -- Sample 1: mean=28.4868%; std=22.4092
 -- Sample 2: mean=56.8393%; std=57.8350
 -- Sample 3: mean=61.4167%; std=70.7046
 -- Sample 4: mean=59.6491%; std=69.1875
 -- Sample 5: mean=63.6148%; std=78.4464
 -- Sample 6: mean=37.0626%; std=23.2489
 -- Sample 7: mean=35.9852%; std=22.3489
 -- Sample 8: mean=40.4329%; std=19.8542
 -- Sample 9: mean=39.5336%; std=18.0091
 -- Sample 10: mean=73.1214%; std=90.2888
 -- Sample 11: mean=58.1842%; std=67.0649
 -- Sample 12: mean=52.1221%; std=58.2903
 -- Sample 13: mean=54.3621%; std=73.3656
 -- Sample 14: mean=32.1651%; std=16.7732
 -- Sample 15: mean=31.9842%; std=17.2702
 -- Sample 16: mean=33.0805%; std=15.9833
 -- Sample 17: mean=37.2863%; std=15.2732
 -- Sample 18: mean=44.8407%; std=44.3416
 -- Sample 19: mean=36.2605%; std=38.7635
 -- Sample 20: mean=34.8653%; std=23.8020
 -- Sample 21: mean=34.4991%; std=34.8951
 -- Sample 22: mean=67.9612%; std=119.7622
 -- Sample 23: mean=70.7788%; std=106.3266
 -- Sample 24: mean=61.3414%; std=106.6986
 -- Sample 25: mean=70.6335%; std=97.0894
 -- Sample 26: mean=41.6046%; std=23.3297
 -- Sample 27: mean=41.1085%; std=24.6827
 -- Sample 28: mean=44.9002%; std=25.0611
 -- Sample 29: mean=44.0295%; std=25.0017
 -- Sample 30: mean=38.0057%; std=29.6005
 -- Sample 31: mean=37.4212%; std=23.6018
 -- Sample 32: mean=34.6954%; std=23.9767
 -- Sample 33: mean=33.4692%; std=25.0418
 -- Sample 34: mean=30.2416%; std=24.1345
 -- Sample 35: mean=38.2542%; std=29.4605
 -- Sample 36: mean=36.1591%; std=27.4689
 -- Sample 37: mean=40.5901%; std=30.4745
 -- Sample 38: mean=57.4251%; std=56.6846
 -- Sample 39: mean=50.5447%; std=43.7251
 -- Sample 40: mean=55.7652%; std=42.2645
 -- Sample 41: mean=55.5994%; std=52.1895
 -- Sample 42: mean=55.5955%; std=28.4137
 -- Sample 43: mean=58.8819%; std=32.1421
 -- Sample 44: mean=61.1265%; std=29.3142
 -- Sample 45: mean=55.0636%; std=29.7824
 -- Sample 46: mean=34.8784%; std=40.8543
 -- Sample 47: mean=28.0605%; std=40.1698
 -- Sample 48: mean=29.0930%; std=29.0849
 -- Sample 49: mean=31.6542%; std=39.0262
Mean: 45.6856%, Std: 12.8243%
------------------------------------------------------------------
Angular error:
 -- Sample 0: mean=36.4505º; std=34.1614
 -- Sample 1: mean=35.7379º; std=32.4150
 -- Sample 2: mean=42.3493º; std=38.6708
 -- Sample 3: mean=38.0074º; std=37.4253
 -- Sample 4: mean=40.1289º; std=37.4726
 -- Sample 5: mean=39.3106º; std=38.6876
 -- Sample 6: mean=34.5981º; std=35.8124
 -- Sample 7: mean=32.3690º; std=34.8472
 -- Sample 8: mean=35.3612º; std=36.0289
 -- Sample 9: mean=32.0408º; std=34.4009
 -- Sample 10: mean=38.1871º; std=36.0768
 -- Sample 11: mean=39.1263º; std=36.3385
 -- Sample 12: mean=39.5092º; std=37.5599
 -- Sample 13: mean=38.4952º; std=36.6962
 -- Sample 14: mean=37.7581º; std=36.0235
 -- Sample 15: mean=38.1160º; std=37.2737
 -- Sample 16: mean=37.4908º; std=37.0001
 -- Sample 17: mean=36.6277º; std=36.1802
 -- Sample 18: mean=50.8011º; std=41.8055
 -- Sample 19: mean=48.3511º; std=41.2327
 -- Sample 20: mean=50.6832º; std=41.5373
 -- Sample 21: mean=44.4257º; std=39.8724
 -- Sample 22: mean=41.8304º; std=39.2206
 -- Sample 23: mean=44.0577º; std=37.7695
 -- Sample 24: mean=41.1450º; std=38.0753
 -- Sample 25: mean=46.0729º; std=39.4386
 -- Sample 26: mean=47.7332º; std=40.1121
 -- Sample 27: mean=47.7429º; std=37.5133
 -- Sample 28: mean=47.2650º; std=38.3763
 -- Sample 29: mean=47.9467º; std=38.1776
 -- Sample 30: mean=33.5725º; std=31.5510
 -- Sample 31: mean=29.3613º; std=31.3555
 -- Sample 32: mean=33.9002º; std=31.4695
 -- Sample 33: mean=28.9842º; std=30.6239
 -- Sample 34: mean=38.2768º; std=34.0720
 -- Sample 35: mean=38.4623º; std=33.9747
 -- Sample 36: mean=35.7060º; std=31.8976
 -- Sample 37: mean=39.0320º; std=34.7000
 -- Sample 38: mean=43.7958º; std=34.6238
 -- Sample 39: mean=46.7701º; std=38.1770
 -- Sample 40: mean=43.2559º; std=35.7044
 -- Sample 41: mean=47.2510º; std=38.5995
 -- Sample 42: mean=41.4352º; std=37.2540
 -- Sample 43: mean=38.4532º; std=33.9458
 -- Sample 44: mean=42.6338º; std=38.1113
 -- Sample 45: mean=39.6991º; std=35.0660
 -- Sample 46: mean=39.2693º; std=37.2668
 -- Sample 47: mean=39.9958º; std=39.1396
 -- Sample 48: mean=41.4634º; std=39.7592
 -- Sample 49: mean=39.9284º; std=39.2750
Mean: 40.2193º, Std: 5.1625º
------------------------------------------------------------------
Correlation comparison:
 -- Sample 0: 0.8790
 -- Sample 1: 0.9310
 -- Sample 2: 0.7682
 -- Sample 3: 0.7631
 -- Sample 4: 0.7539
 -- Sample 5: 0.7299
 -- Sample 6: 0.8958
 -- Sample 7: 0.8903
 -- Sample 8: 0.9082
 -- Sample 9: 0.9016
 -- Sample 10: 0.7681
 -- Sample 11: 0.7517
 -- Sample 12: 0.8231
 -- Sample 13: 0.7659
 -- Sample 14: 0.9509
 -- Sample 15: 0.9473
 -- Sample 16: 0.9624
 -- Sample 17: 0.9498
 -- Sample 18: 0.8475
 -- Sample 19: 0.8994
 -- Sample 20: 0.8837
 -- Sample 21: 0.9101
 -- Sample 22: 0.6587
 -- Sample 23: 0.6225
 -- Sample 24: 0.6945
 -- Sample 25: 0.6791
 -- Sample 26: 0.8750
 -- Sample 27: 0.8442
 -- Sample 28: 0.8451
 -- Sample 29: 0.8076
 -- Sample 30: 0.7735
 -- Sample 31: 0.8000
 -- Sample 32: 0.8194
 -- Sample 33: 0.8513
 -- Sample 34: 0.9137
 -- Sample 35: 0.8547
 -- Sample 36: 0.8707
 -- Sample 37: 0.8590
 -- Sample 38: 0.6853
 -- Sample 39: 0.7656
 -- Sample 40: 0.6971
 -- Sample 41: 0.7233
 -- Sample 42: 0.6978
 -- Sample 43: 0.6898
 -- Sample 44: 0.6653
 -- Sample 45: 0.7299
 -- Sample 46: 0.8788
 -- Sample 47: 0.9058
 -- Sample 48: 0.9126
 -- Sample 49: 0.9234
Mean=0.8185, Std=0.0918
------------------------------------------------------------------
Flux Error:
 -- Sample 0: 0.5840
 -- Sample 1: 0.3329
 -- Sample 2: 0.7789
 -- Sample 3: 0.7380
 -- Sample 4: 0.8483
 -- Sample 5: 0.6982
 -- Sample 6: 0.6324
 -- Sample 7: 0.7514
 -- Sample 8: 0.6570
 -- Sample 9: 0.7487
 -- Sample 10: 0.8013
 -- Sample 11: 1.0203
 -- Sample 12: 0.4686
 -- Sample 13: 0.9793
 -- Sample 14: 0.6586
 -- Sample 15: 0.4139
 -- Sample 16: 0.6553
 -- Sample 17: 0.4102
 -- Sample 18: 0.5462
 -- Sample 19: 0.4968
 -- Sample 20: 0.6017
 -- Sample 21: 0.6818
 -- Sample 22: 0.7845
 -- Sample 23: 0.7544
 -- Sample 24: 0.7408
 -- Sample 25: 0.7358
 -- Sample 26: 0.4687
 -- Sample 27: 0.4946
 -- Sample 28: 0.5221
 -- Sample 29: 0.6143
 -- Sample 30: 0.4455
 -- Sample 31: 0.5122
 -- Sample 32: 0.4513
 -- Sample 33: 0.4709
 -- Sample 34: 0.3563
 -- Sample 35: 0.5461
 -- Sample 36: 0.3910
 -- Sample 37: 0.5438
 -- Sample 38: 0.7894
 -- Sample 39: 0.6528
 -- Sample 40: 0.7349
 -- Sample 41: 0.6593
 -- Sample 42: 0.4387
 -- Sample 43: 0.7637
 -- Sample 44: 0.4786
 -- Sample 45: 0.7379
 -- Sample 46: 0.4785
 -- Sample 47: 0.6029
 -- Sample 48: 0.5309
 -- Sample 49: 0.7265
Mean: 0.6186, Std: 0.1546
------------------------------------------------------------------
Tortuosity Comparison:
 -- Sample 0: 10.1179%
 -- Sample 1: 7.1862%
 -- Sample 2: 14.7815%
 -- Sample 3: 15.2976%
 -- Sample 4: 16.9604%
 -- Sample 5: 14.1209%
 -- Sample 6: 3.0534%
 -- Sample 7: 1.7808%
 -- Sample 8: 2.3830%
 -- Sample 9: 0.7882%
 -- Sample 10: 12.1727%
 -- Sample 11: 11.2586%
 -- Sample 12: 5.9648%
 -- Sample 13: 12.4823%
 -- Sample 14: 6.3778%
 -- Sample 15: 5.5637%
 -- Sample 16: 3.6335%
 -- Sample 17: 5.3241%
 -- Sample 18: 3.4875%
 -- Sample 19: 6.1092%
 -- Sample 20: 1.1206%
 -- Sample 21: 5.5553%
 -- Sample 22: 12.6966%
 -- Sample 23: 14.9609%
 -- Sample 24: 12.2124%
 -- Sample 25: 15.1255%
 -- Sample 26: 17.0566%
 -- Sample 27: 18.5906%
 -- Sample 28: 15.9209%
 -- Sample 29: 19.7128%
 -- Sample 30: 8.0053%
 -- Sample 31: 5.7568%
 -- Sample 32: 9.3246%
 -- Sample 33: 3.6929%
 -- Sample 34: 13.4775%
 -- Sample 35: 10.9202%
 -- Sample 36: 14.8832%
 -- Sample 37: 12.8049%
 -- Sample 38: 10.4840%
 -- Sample 39: 14.5591%
 -- Sample 40: 11.5796%
 -- Sample 41: 12.0657%
 -- Sample 42: 15.6971%
 -- Sample 43: 16.4835%
 -- Sample 44: 19.5777%
 -- Sample 45: 16.5220%
 -- Sample 46: 2.7046%
 -- Sample 47: 2.0740%
 -- Sample 48: 3.3522%
 -- Sample 49: 4.2379%
Mean: 10.0000%, Std: 5.5063%
------------------------------------------------------------------
Evaluating Divergent:
 -- Sample 0: 60.1600%
 -- Sample 1: 60.0438%
 -- Sample 2: 59.3117%
 -- Sample 3: 58.1414%
 -- Sample 4: 59.1889%
 -- Sample 5: 58.3868%
 -- Sample 6: 61.3137%
 -- Sample 7: 58.2778%
 -- Sample 8: 61.2828%
 -- Sample 9: 57.7052%
 -- Sample 10: 60.0012%
 -- Sample 11: 63.4580%
 -- Sample 12: 59.6691%
 -- Sample 13: 63.5848%
 -- Sample 14: 58.4704%
 -- Sample 15: 59.8558%
 -- Sample 16: 57.9498%
 -- Sample 17: 59.5082%
 -- Sample 18: 66.0817%
 -- Sample 19: 64.6757%
 -- Sample 20: 66.4425%
 -- Sample 21: 63.5821%
 -- Sample 22: 62.9517%
 -- Sample 23: 64.9462%
 -- Sample 24: 62.5514%
 -- Sample 25: 65.6585%
 -- Sample 26: 61.5181%
 -- Sample 27: 63.0895%
 -- Sample 28: 62.9641%
 -- Sample 29: 64.2884%
 -- Sample 30: 61.8357%
 -- Sample 31: 56.9996%
 -- Sample 32: 62.8848%
 -- Sample 33: 57.0708%
 -- Sample 34: 60.1482%
 -- Sample 35: 58.0951%
 -- Sample 36: 60.4930%
 -- Sample 37: 57.3266%
 -- Sample 38: 66.6631%
 -- Sample 39: 64.6468%
 -- Sample 40: 65.4471%
 -- Sample 41: 64.6886%
 -- Sample 42: 62.3532%
 -- Sample 43: 61.9534%
 -- Sample 44: 62.2112%
 -- Sample 45: 61.5093%
 -- Sample 46: 59.2780%
 -- Sample 47: 61.5281%
 -- Sample 48: 59.6430%
 -- Sample 49: 62.0755%
Mean: 61.4382%, Std: 2.6564%
------------------------------------------------------------------
Processing Batch 9 (Size: 50)...
input shape:  torch.Size([50, 1, 120, 120, 120])
output shape:  torch.Size([50, 4, 120, 120, 120])
target shape:  torch.Size([50, 4, 120, 120, 120])
Bias Error: using velocity magnitude
Mean: 23.1148, Std: 11.7406
------------------------------------------------------------------
Magnitude Error: 
 -- Sample 0: mean=33.0683%; std=21.5371
 -- Sample 1: mean=36.2798%; std=21.8912
 -- Sample 2: mean=35.6876%; std=21.2062
 -- Sample 3: mean=39.4827%; std=20.1118
 -- Sample 4: mean=19.7907%; std=14.9558
 -- Sample 5: mean=20.8352%; std=15.8475
 -- Sample 6: mean=17.7617%; std=13.4959
 -- Sample 7: mean=21.5061%; std=16.0604
 -- Sample 8: mean=29.8459%; std=16.1021
 -- Sample 9: mean=30.7958%; std=16.6188
 -- Sample 10: mean=32.7539%; std=14.9547
 -- Sample 11: mean=38.1379%; std=18.0960
 -- Sample 12: mean=34.5912%; std=18.1528
 -- Sample 13: mean=41.0527%; std=18.8978
 -- Sample 14: mean=35.5765%; std=18.7961
 -- Sample 15: mean=39.1533%; std=22.0083
 -- Sample 16: mean=40.6901%; std=22.7226
 -- Sample 17: mean=40.8689%; std=18.4311
 -- Sample 18: mean=36.0742%; std=17.5294
 -- Sample 19: mean=37.3688%; std=19.0831
 -- Sample 20: mean=35.7074%; std=18.5827
 -- Sample 21: mean=38.4464%; std=22.6937
 -- Sample 22: mean=36.0001%; std=22.6307
 -- Sample 23: mean=37.3250%; std=21.6644
 -- Sample 24: mean=31.8884%; std=22.0834
 -- Sample 25: mean=25.7970%; std=18.8788
 -- Sample 26: mean=29.9494%; std=21.4740
 -- Sample 27: mean=30.2536%; std=22.4028
 -- Sample 28: mean=40.7081%; std=25.4557
 -- Sample 29: mean=33.1761%; std=21.7204
 -- Sample 30: mean=37.5334%; std=23.1303
 -- Sample 31: mean=34.3018%; std=23.3988
 -- Sample 32: mean=38.8345%; std=23.2782
 -- Sample 33: mean=41.4889%; std=26.9970
 -- Sample 34: mean=37.8502%; std=26.8370
 -- Sample 35: mean=39.8191%; std=28.2254
 -- Sample 36: mean=31.7406%; std=23.3282
 -- Sample 37: mean=29.3453%; std=26.3982
 -- Sample 38: mean=32.1559%; std=21.8228
 -- Sample 39: mean=33.7736%; std=24.3673
 -- Sample 40: mean=50.7123%; std=24.6207
 -- Sample 41: mean=44.4612%; std=24.4503
 -- Sample 42: mean=42.2684%; std=27.5407
 -- Sample 43: mean=42.8116%; std=22.3151
 -- Sample 44: mean=45.0632%; std=29.1443
 -- Sample 45: mean=45.6527%; std=25.1792
 -- Sample 46: mean=43.9769%; std=30.4691
 -- Sample 47: mean=43.2193%; std=26.5789
 -- Sample 48: mean=41.9911%; std=37.9073
 -- Sample 49: mean=45.3937%; std=43.0851
Mean: 36.0593%, Std: 6.9029%
------------------------------------------------------------------
Angular error:
 -- Sample 0: mean=37.1870º; std=36.4540
 -- Sample 1: mean=40.0205º; std=36.2506
 -- Sample 2: mean=38.7652º; std=37.1497
 -- Sample 3: mean=40.2782º; std=36.4867
 -- Sample 4: mean=35.4853º; std=36.5451
 -- Sample 5: mean=38.0310º; std=38.5244
 -- Sample 6: mean=34.8928º; std=36.9007
 -- Sample 7: mean=39.7174º; std=40.8161
 -- Sample 8: mean=34.5729º; std=33.6007
 -- Sample 9: mean=36.0890º; std=34.9042
 -- Sample 10: mean=34.2041º; std=34.4571
 -- Sample 11: mean=35.5560º; std=34.5532
 -- Sample 12: mean=34.4171º; std=32.0877
 -- Sample 13: mean=36.3145º; std=32.3932
 -- Sample 14: mean=36.0977º; std=33.5717
 -- Sample 15: mean=37.5964º; std=34.3345
 -- Sample 16: mean=32.2509º; std=31.5341
 -- Sample 17: mean=30.9394º; std=31.1528
 -- Sample 18: mean=32.4993º; std=31.8337
 -- Sample 19: mean=30.8604º; std=31.7538
 -- Sample 20: mean=34.5258º; std=33.5379
 -- Sample 21: mean=39.0953º; std=34.9543
 -- Sample 22: mean=37.1376º; std=35.4916
 -- Sample 23: mean=38.1984º; std=34.1443
 -- Sample 24: mean=36.7850º; std=32.1213
 -- Sample 25: mean=31.4558º; std=31.2306
 -- Sample 26: mean=37.2478º; std=32.8033
 -- Sample 27: mean=31.2864º; std=32.6200
 -- Sample 28: mean=41.4163º; std=34.0117
 -- Sample 29: mean=36.2568º; std=32.7283
 -- Sample 30: mean=40.1578º; std=32.7361
 -- Sample 31: mean=38.2698º; std=34.6906
 -- Sample 32: mean=48.3734º; std=39.7709
 -- Sample 33: mean=48.2112º; std=41.2651
 -- Sample 34: mean=49.6842º; std=40.8262
 -- Sample 35: mean=50.5944º; std=42.4233
 -- Sample 36: mean=44.2003º; std=38.6193
 -- Sample 37: mean=44.2912º; std=37.8888
 -- Sample 38: mean=46.3899º; std=40.1861
 -- Sample 39: mean=46.3589º; std=39.9614
 -- Sample 40: mean=37.2881º; std=34.4983
 -- Sample 41: mean=35.8958º; std=33.2669
 -- Sample 42: mean=34.5546º; std=32.8397
 -- Sample 43: mean=34.6832º; std=32.5801
 -- Sample 44: mean=41.3852º; std=38.6163
 -- Sample 45: mean=42.2245º; std=38.6114
 -- Sample 46: mean=42.9471º; std=40.8601
 -- Sample 47: mean=41.8747º; std=37.9560
 -- Sample 48: mean=45.6625º; std=39.0786
 -- Sample 49: mean=45.3228º; std=39.6075
Mean: 38.7510º, Std: 5.0563º
------------------------------------------------------------------
Correlation comparison:
 -- Sample 0: 0.8973
 -- Sample 1: 0.8676
 -- Sample 2: 0.8742
 -- Sample 3: 0.8469
 -- Sample 4: 0.9627
 -- Sample 5: 0.9591
 -- Sample 6: 0.9690
 -- Sample 7: 0.9512
 -- Sample 8: 0.9665
 -- Sample 9: 0.9574
 -- Sample 10: 0.9675
 -- Sample 11: 0.9460
 -- Sample 12: 0.9297
 -- Sample 13: 0.9279
 -- Sample 14: 0.9016
 -- Sample 15: 0.8739
 -- Sample 16: 0.8956
 -- Sample 17: 0.9106
 -- Sample 18: 0.9482
 -- Sample 19: 0.9352
 -- Sample 20: 0.9399
 -- Sample 21: 0.9312
 -- Sample 22: 0.9227
 -- Sample 23: 0.9246
 -- Sample 24: 0.8794
 -- Sample 25: 0.9098
 -- Sample 26: 0.8869
 -- Sample 27: 0.8876
 -- Sample 28: 0.8558
 -- Sample 29: 0.8895
 -- Sample 30: 0.8810
 -- Sample 31: 0.8720
 -- Sample 32: 0.8556
 -- Sample 33: 0.8075
 -- Sample 34: 0.8670
 -- Sample 35: 0.8473
 -- Sample 36: 0.9172
 -- Sample 37: 0.9288
 -- Sample 38: 0.9130
 -- Sample 39: 0.8992
 -- Sample 40: 0.8508
 -- Sample 41: 0.8896
 -- Sample 42: 0.8756
 -- Sample 43: 0.9087
 -- Sample 44: 0.7502
 -- Sample 45: 0.7410
 -- Sample 46: 0.7754
 -- Sample 47: 0.7643
 -- Sample 48: 0.8626
 -- Sample 49: 0.8407
Mean=0.8913, Std=0.0546
------------------------------------------------------------------
Flux Error:
 -- Sample 0: 0.5216
 -- Sample 1: 0.6693
 -- Sample 2: 0.5278
 -- Sample 3: 0.6352
 -- Sample 4: 0.5124
 -- Sample 5: 1.0149
 -- Sample 6: 0.5159
 -- Sample 7: 0.9482
 -- Sample 8: 0.3377
 -- Sample 9: 0.5497
 -- Sample 10: 0.3228
 -- Sample 11: 0.5436
 -- Sample 12: 0.4035
 -- Sample 13: 0.6027
 -- Sample 14: 0.3490
 -- Sample 15: 0.5452
 -- Sample 16: 0.4211
 -- Sample 17: 0.4210
 -- Sample 18: 0.4020
 -- Sample 19: 0.3473
 -- Sample 20: 0.6957
 -- Sample 21: 0.6370
 -- Sample 22: 0.6758
 -- Sample 23: 0.6374
 -- Sample 24: 0.4099
 -- Sample 25: 0.4067
 -- Sample 26: 0.4613
 -- Sample 27: 0.4630
 -- Sample 28: 0.5107
 -- Sample 29: 0.3731
 -- Sample 30: 0.4577
 -- Sample 31: 0.4310
 -- Sample 32: 0.6393
 -- Sample 33: 0.4190
 -- Sample 34: 0.7011
 -- Sample 35: 0.3634
 -- Sample 36: 0.8800
 -- Sample 37: 0.8919
 -- Sample 38: 0.8454
 -- Sample 39: 0.9426
 -- Sample 40: 0.4682
 -- Sample 41: 0.5601
 -- Sample 42: 0.4717
 -- Sample 43: 0.5642
 -- Sample 44: 0.3699
 -- Sample 45: 0.6615
 -- Sample 46: 0.3531
 -- Sample 47: 0.7067
 -- Sample 48: 0.5684
 -- Sample 49: 0.4694
Mean: 0.5525, Std: 0.1731
------------------------------------------------------------------
Tortuosity Comparison:
 -- Sample 0: 9.2865%
 -- Sample 1: 12.4610%
 -- Sample 2: 9.2475%
 -- Sample 3: 11.0784%
 -- Sample 4: 1.0783%
 -- Sample 5: 6.7800%
 -- Sample 6: 4.0050%
 -- Sample 7: 4.5034%
 -- Sample 8: 5.2890%
 -- Sample 9: 4.9630%
 -- Sample 10: 3.0514%
 -- Sample 11: 3.5922%
 -- Sample 12: 3.3133%
 -- Sample 13: 3.6055%
 -- Sample 14: 4.7530%
 -- Sample 15: 4.7026%
 -- Sample 16: 7.5112%
 -- Sample 17: 5.5906%
 -- Sample 18: 9.6570%
 -- Sample 19: 7.6844%
 -- Sample 20: 0.8944%
 -- Sample 21: 8.1477%
 -- Sample 22: 2.3245%
 -- Sample 23: 7.3981%
 -- Sample 24: 11.9152%
 -- Sample 25: 0.1217%
 -- Sample 26: 12.4009%
 -- Sample 27: 4.8298%
 -- Sample 28: 9.0747%
 -- Sample 29: 4.9427%
 -- Sample 30: 8.4870%
 -- Sample 31: 6.9644%
 -- Sample 32: 5.0561%
 -- Sample 33: 7.1072%
 -- Sample 34: 3.2731%
 -- Sample 35: 6.2191%
 -- Sample 36: 2.8262%
 -- Sample 37: 6.7732%
 -- Sample 38: 1.9719%
 -- Sample 39: 5.5065%
 -- Sample 40: 3.7521%
 -- Sample 41: 6.8799%
 -- Sample 42: 10.6909%
 -- Sample 43: 5.3396%
 -- Sample 44: 12.1782%
 -- Sample 45: 7.8121%
 -- Sample 46: 10.0548%
 -- Sample 47: 9.7064%
 -- Sample 48: 5.1003%
 -- Sample 49: 2.2995%
Mean: 6.2440%, Std: 3.1456%
------------------------------------------------------------------
Evaluating Divergent:
 -- Sample 0: 56.6153%
 -- Sample 1: 60.3788%
 -- Sample 2: 57.3833%
 -- Sample 3: 60.3484%
 -- Sample 4: 58.5918%
 -- Sample 5: 62.1532%
 -- Sample 6: 59.0453%
 -- Sample 7: 62.7083%
 -- Sample 8: 58.2224%
 -- Sample 9: 58.2026%
 -- Sample 10: 57.7827%
 -- Sample 11: 58.8559%
 -- Sample 12: 58.9418%
 -- Sample 13: 60.6550%
 -- Sample 14: 59.3780%
 -- Sample 15: 60.0601%
 -- Sample 16: 60.0677%
 -- Sample 17: 59.2479%
 -- Sample 18: 60.7095%
 -- Sample 19: 58.8575%
 -- Sample 20: 61.5740%
 -- Sample 21: 61.6118%
 -- Sample 22: 61.0663%
 -- Sample 23: 61.1317%
 -- Sample 24: 62.5351%
 -- Sample 25: 57.0124%
 -- Sample 26: 62.4650%
 -- Sample 27: 56.9002%
 -- Sample 28: 62.0020%
 -- Sample 29: 59.6825%
 -- Sample 30: 61.5707%
 -- Sample 31: 60.4498%
 -- Sample 32: 67.1923%
 -- Sample 33: 66.8743%
 -- Sample 34: 66.6655%
 -- Sample 35: 66.6509%
 -- Sample 36: 61.4608%
 -- Sample 37: 64.0760%
 -- Sample 38: 62.0416%
 -- Sample 39: 63.9322%
 -- Sample 40: 61.3726%
 -- Sample 41: 59.1700%
 -- Sample 42: 59.4466%
 -- Sample 43: 58.8063%
 -- Sample 44: 61.6941%
 -- Sample 45: 62.6415%
 -- Sample 46: 60.8288%
 -- Sample 47: 62.9082%
 -- Sample 48: 66.0244%
 -- Sample 49: 63.3419%
Mean: 61.0267%, Std: 2.6067%
------------------------------------------------------------------
Processing Batch 10 (Size: 50)...
input shape:  torch.Size([50, 1, 120, 120, 120])
output shape:  torch.Size([50, 4, 120, 120, 120])
target shape:  torch.Size([50, 4, 120, 120, 120])
Bias Error: using velocity magnitude
Mean: 24.3644, Std: 25.0932
------------------------------------------------------------------
Magnitude Error: 
 -- Sample 0: mean=41.1205%; std=35.8004
 -- Sample 1: mean=48.7263%; std=46.9438
 -- Sample 2: mean=94.7978%; std=91.1480
 -- Sample 3: mean=106.7643%; std=102.4175
 -- Sample 4: mean=105.0858%; std=103.2329
 -- Sample 5: mean=111.0563%; std=117.7276
 -- Sample 6: mean=42.1746%; std=25.4501
 -- Sample 7: mean=45.6667%; std=23.7065
 -- Sample 8: mean=44.4615%; std=23.4907
 -- Sample 9: mean=41.1939%; std=22.7809
 -- Sample 10: mean=26.0420%; std=16.6270
 -- Sample 11: mean=23.5274%; std=17.5210
 -- Sample 12: mean=23.3278%; std=16.0094
 -- Sample 13: mean=22.6213%; std=15.9282
 -- Sample 14: mean=42.3819%; std=42.8134
 -- Sample 15: mean=55.4310%; std=96.5863
 -- Sample 16: mean=62.4774%; std=108.4545
 -- Sample 17: mean=57.7809%; std=90.8055
 -- Sample 18: mean=54.8054%; std=46.8781
 -- Sample 19: mean=39.4878%; std=33.8991
 -- Sample 20: mean=36.9951%; std=35.0891
 -- Sample 21: mean=40.7767%; std=36.1665
 -- Sample 22: mean=33.5535%; std=29.2251
 -- Sample 23: mean=30.9653%; std=23.1217
 -- Sample 24: mean=31.5633%; std=30.8109
 -- Sample 25: mean=26.1850%; std=21.4158
 -- Sample 26: mean=44.0284%; std=15.5377
 -- Sample 27: mean=41.7602%; std=14.7419
 -- Sample 28: mean=44.8113%; std=14.6973
 -- Sample 29: mean=37.7850%; std=17.0620
 -- Sample 30: mean=33.6602%; std=27.4604
 -- Sample 31: mean=29.9372%; std=24.6946
 -- Sample 32: mean=33.5647%; std=26.0223
 -- Sample 33: mean=32.9546%; std=20.6294
 -- Sample 34: mean=89.2003%; std=95.3623
 -- Sample 35: mean=88.1236%; std=103.7493
 -- Sample 36: mean=105.8020%; std=124.1505
 -- Sample 37: mean=66.9036%; std=70.1598
 -- Sample 38: mean=30.7416%; std=22.2511
 -- Sample 39: mean=28.0951%; std=23.8050
 -- Sample 40: mean=26.6377%; std=21.8164
 -- Sample 41: mean=27.0884%; std=26.8202
 -- Sample 42: mean=32.9099%; std=29.2922
 -- Sample 43: mean=33.9153%; std=22.7672
 -- Sample 44: mean=31.5520%; std=25.7947
 -- Sample 45: mean=35.4254%; std=26.0806
 -- Sample 46: mean=39.0263%; std=28.1489
 -- Sample 47: mean=39.2356%; std=26.7479
 -- Sample 48: mean=37.7662%; std=25.6541
 -- Sample 49: mean=36.4073%; std=37.5306
Mean: 46.7260%, Std: 23.7430%
------------------------------------------------------------------
Angular error:
 -- Sample 0: mean=46.4970º; std=38.9246
 -- Sample 1: mean=44.3112º; std=38.4954
 -- Sample 2: mean=36.0693º; std=33.7925
 -- Sample 3: mean=32.7277º; std=32.7902
 -- Sample 4: mean=34.5838º; std=31.3414
 -- Sample 5: mean=35.8347º; std=34.2227
 -- Sample 6: mean=45.5176º; std=36.0726
 -- Sample 7: mean=42.6222º; std=36.1502
 -- Sample 8: mean=47.6063º; std=37.3463
 -- Sample 9: mean=41.1718º; std=36.0006
 -- Sample 10: mean=31.7075º; std=35.2136
 -- Sample 11: mean=33.3707º; std=34.5356
 -- Sample 12: mean=31.4913º; std=34.8972
 -- Sample 13: mean=32.9438º; std=33.7592
 -- Sample 14: mean=52.2775º; std=40.9264
 -- Sample 15: mean=47.6450º; std=40.3212
 -- Sample 16: mean=49.0473º; std=39.5793
 -- Sample 17: mean=51.2870º; std=43.7228
 -- Sample 18: mean=31.5903º; std=32.3390
 -- Sample 19: mean=35.5645º; std=33.6073
 -- Sample 20: mean=32.6515º; std=33.3129
 -- Sample 21: mean=35.4545º; std=33.4973
 -- Sample 22: mean=37.5056º; std=36.1243
 -- Sample 23: mean=37.9259º; std=36.7643
 -- Sample 24: mean=37.3135º; std=36.3718
 -- Sample 25: mean=38.2106º; std=36.6101
 -- Sample 26: mean=36.6992º; std=35.6289
 -- Sample 27: mean=36.1504º; std=35.0705
 -- Sample 28: mean=37.2377º; std=35.5835
 -- Sample 29: mean=35.7192º; std=34.9645
 -- Sample 30: mean=51.5995º; std=42.3019
 -- Sample 31: mean=50.1797º; std=41.9343
 -- Sample 32: mean=51.3506º; std=41.8777
 -- Sample 33: mean=50.3823º; std=42.4266
 -- Sample 34: mean=47.9811º; std=41.7517
 -- Sample 35: mean=50.6317º; std=43.6035
 -- Sample 36: mean=53.2041º; std=45.4369
 -- Sample 37: mean=50.5967º; std=43.8955
 -- Sample 38: mean=32.7115º; std=32.1154
 -- Sample 39: mean=35.2123º; std=33.2431
 -- Sample 40: mean=32.9369º; std=33.4983
 -- Sample 41: mean=34.0093º; std=31.8138
 -- Sample 42: mean=40.0039º; std=37.9696
 -- Sample 43: mean=38.2134º; std=36.0553
 -- Sample 44: mean=38.8344º; std=36.8902
 -- Sample 45: mean=40.8159º; std=38.2112
 -- Sample 46: mean=43.5699º; std=37.8720
 -- Sample 47: mean=43.4111º; std=39.9962
 -- Sample 48: mean=43.3126º; std=38.2648
 -- Sample 49: mean=42.7452º; std=38.4406
Mean: 40.8087º, Std: 6.7510º
------------------------------------------------------------------
Correlation comparison:
 -- Sample 0: 0.8326
 -- Sample 1: 0.8285
 -- Sample 2: 0.7537
 -- Sample 3: 0.7264
 -- Sample 4: 0.7294
 -- Sample 5: 0.6944
 -- Sample 6: 0.7877
 -- Sample 7: 0.7850
 -- Sample 8: 0.8118
 -- Sample 9: 0.8224
 -- Sample 10: 0.9236
 -- Sample 11: 0.9239
 -- Sample 12: 0.9261
 -- Sample 13: 0.9319
 -- Sample 14: 0.9065
 -- Sample 15: 0.8640
 -- Sample 16: 0.8310
 -- Sample 17: 0.8481
 -- Sample 18: 0.8656
 -- Sample 19: 0.8890
 -- Sample 20: 0.8865
 -- Sample 21: 0.8683
 -- Sample 22: 0.8731
 -- Sample 23: 0.9078
 -- Sample 24: 0.8819
 -- Sample 25: 0.9229
 -- Sample 26: 0.9515
 -- Sample 27: 0.9581
 -- Sample 28: 0.9576
 -- Sample 29: 0.9449
 -- Sample 30: 0.9222
 -- Sample 31: 0.9174
 -- Sample 32: 0.9271
 -- Sample 33: 0.9389
 -- Sample 34: 0.8067
 -- Sample 35: 0.7288
 -- Sample 36: 0.7340
 -- Sample 37: 0.8358
 -- Sample 38: 0.8766
 -- Sample 39: 0.8960
 -- Sample 40: 0.9095
 -- Sample 41: 0.8896
 -- Sample 42: 0.8965
 -- Sample 43: 0.9001
 -- Sample 44: 0.8953
 -- Sample 45: 0.8872
 -- Sample 46: 0.9065
 -- Sample 47: 0.9207
 -- Sample 48: 0.9292
 -- Sample 49: 0.9075
Mean=0.8692, Std=0.0674
------------------------------------------------------------------
Flux Error:
 -- Sample 0: 0.4526
 -- Sample 1: 0.4819
 -- Sample 2: 1.1727
 -- Sample 3: 1.2888
 -- Sample 4: 1.3158
 -- Sample 5: 1.3867
 -- Sample 6: 0.5507
 -- Sample 7: 0.5441
 -- Sample 8: 0.5489
 -- Sample 9: 0.5284
 -- Sample 10: 0.7161
 -- Sample 11: 0.7259
 -- Sample 12: 0.7133
 -- Sample 13: 0.6127
 -- Sample 14: 0.8750
 -- Sample 15: 0.9172
 -- Sample 16: 0.9099
 -- Sample 17: 0.9524
 -- Sample 18: 0.7873
 -- Sample 19: 0.6738
 -- Sample 20: 0.5553
 -- Sample 21: 0.6759
 -- Sample 22: 0.6609
 -- Sample 23: 0.5760
 -- Sample 24: 0.5052
 -- Sample 25: 0.5941
 -- Sample 26: 0.5484
 -- Sample 27: 0.4758
 -- Sample 28: 0.5224
 -- Sample 29: 0.4389
 -- Sample 30: 0.8535
 -- Sample 31: 0.9941
 -- Sample 32: 0.8179
 -- Sample 33: 0.8523
 -- Sample 34: 1.3144
 -- Sample 35: 1.2882
 -- Sample 36: 1.4119
 -- Sample 37: 1.1655
 -- Sample 38: 0.6220
 -- Sample 39: 0.3630
 -- Sample 40: 0.6904
 -- Sample 41: 0.3484
 -- Sample 42: 0.7820
 -- Sample 43: 0.5722
 -- Sample 44: 0.7705
 -- Sample 45: 0.5058
 -- Sample 46: 0.6259
 -- Sample 47: 0.5594
 -- Sample 48: 0.5455
 -- Sample 49: 0.5633
Mean: 0.7471, Std: 0.2811
------------------------------------------------------------------
Tortuosity Comparison:
 -- Sample 0: 2.4302%
 -- Sample 1: 0.4981%
 -- Sample 2: 3.2249%
 -- Sample 3: 3.1616%
 -- Sample 4: 5.3031%
 -- Sample 5: 1.8919%
 -- Sample 6: 20.3170%
 -- Sample 7: 18.0225%
 -- Sample 8: 19.8159%
 -- Sample 9: 16.8298%
 -- Sample 10: 4.9858%
 -- Sample 11: 7.8528%
 -- Sample 12: 5.4493%
 -- Sample 13: 2.6586%
 -- Sample 14: 1.5277%
 -- Sample 15: 1.8101%
 -- Sample 16: 8.0054%
 -- Sample 17: 1.5249%
 -- Sample 18: 3.7389%
 -- Sample 19: 6.9628%
 -- Sample 20: 1.0179%
 -- Sample 21: 6.3979%
 -- Sample 22: 10.8844%
 -- Sample 23: 4.9946%
 -- Sample 24: 4.2086%
 -- Sample 25: 3.1269%
 -- Sample 26: 4.0944%
 -- Sample 27: 6.9512%
 -- Sample 28: 5.3843%
 -- Sample 29: 8.4967%
 -- Sample 30: 6.7471%
 -- Sample 31: 7.4067%
 -- Sample 32: 6.4272%
 -- Sample 33: 4.6823%
 -- Sample 34: 4.7584%
 -- Sample 35: 5.9156%
 -- Sample 36: 6.0084%
 -- Sample 37: 3.6261%
 -- Sample 38: 8.4921%
 -- Sample 39: 10.5661%
 -- Sample 40: 8.8052%
 -- Sample 41: 11.4811%
 -- Sample 42: 3.9550%
 -- Sample 43: 9.8927%
 -- Sample 44: 12.6505%
 -- Sample 45: 10.6064%
 -- Sample 46: 7.0753%
 -- Sample 47: 6.2006%
 -- Sample 48: 7.5781%
 -- Sample 49: 11.5113%
Mean: 6.9191%, Std: 4.5674%
------------------------------------------------------------------
Evaluating Divergent:
 -- Sample 0: 65.1949%
 -- Sample 1: 62.9847%
 -- Sample 2: 62.0662%
 -- Sample 3: 58.5752%
 -- Sample 4: 63.0156%
 -- Sample 5: 58.9028%
 -- Sample 6: 61.8882%
 -- Sample 7: 60.8261%
 -- Sample 8: 61.8972%
 -- Sample 9: 60.1481%
 -- Sample 10: 53.5449%
 -- Sample 11: 59.1746%
 -- Sample 12: 53.6234%
 -- Sample 13: 58.1376%
 -- Sample 14: 65.6370%
 -- Sample 15: 64.7317%
 -- Sample 16: 65.5288%
 -- Sample 17: 64.1465%
 -- Sample 18: 59.4710%
 -- Sample 19: 62.8376%
 -- Sample 20: 59.8595%
 -- Sample 21: 62.6255%
 -- Sample 22: 61.0780%
 -- Sample 23: 62.1999%
 -- Sample 24: 59.8670%
 -- Sample 25: 61.9613%
 -- Sample 26: 56.3233%
 -- Sample 27: 59.7999%
 -- Sample 28: 57.6065%
 -- Sample 29: 59.3491%
 -- Sample 30: 64.0128%
 -- Sample 31: 66.5185%
 -- Sample 32: 64.1688%
 -- Sample 33: 65.7781%
 -- Sample 34: 65.5998%
 -- Sample 35: 66.4535%
 -- Sample 36: 66.4338%
 -- Sample 37: 66.4867%
 -- Sample 38: 61.0062%
 -- Sample 39: 61.8820%
 -- Sample 40: 61.6772%
 -- Sample 41: 61.5729%
 -- Sample 42: 62.2158%
 -- Sample 43: 63.8393%
 -- Sample 44: 62.5601%
 -- Sample 45: 63.6387%
 -- Sample 46: 66.9332%
 -- Sample 47: 64.4775%
 -- Sample 48: 66.0657%
 -- Sample 49: 64.8886%
Mean: 62.1842%, Std: 3.1590%
------------------------------------------------------------------
Processing Batch 11 (Size: 36)...
input shape:  torch.Size([36, 1, 120, 120, 120])
output shape:  torch.Size([36, 4, 120, 120, 120])
target shape:  torch.Size([36, 4, 120, 120, 120])
Bias Error: using velocity magnitude
Mean: 20.9070, Std: 12.6870
------------------------------------------------------------------
Magnitude Error: 
 -- Sample 0: mean=42.7062%; std=32.3021
 -- Sample 1: mean=31.6999%; std=26.7576
 -- Sample 2: mean=31.7822%; std=29.9845
 -- Sample 3: mean=33.4834%; std=27.7497
 -- Sample 4: mean=19.6492%; std=13.5829
 -- Sample 5: mean=21.8689%; std=18.7437
 -- Sample 6: mean=20.9138%; std=15.2646
 -- Sample 7: mean=20.8358%; std=14.6437
 -- Sample 8: mean=52.5307%; std=20.4636
 -- Sample 9: mean=51.7857%; std=20.8425
 -- Sample 10: mean=50.3039%; std=22.0807
 -- Sample 11: mean=52.5892%; std=19.6205
 -- Sample 12: mean=52.3857%; std=48.6726
 -- Sample 13: mean=35.1665%; std=33.3496
 -- Sample 14: mean=49.6279%; std=45.9617
 -- Sample 15: mean=45.8725%; std=44.5345
 -- Sample 16: mean=29.2224%; std=24.7273
 -- Sample 17: mean=40.8129%; std=24.3891
 -- Sample 18: mean=40.3463%; std=23.0020
 -- Sample 19: mean=39.4441%; std=22.2359
 -- Sample 20: mean=50.3180%; std=41.5848
 -- Sample 21: mean=43.8253%; std=40.2094
 -- Sample 22: mean=47.1205%; std=44.4763
 -- Sample 23: mean=52.4252%; std=47.4295
 -- Sample 24: mean=27.0880%; std=15.4505
 -- Sample 25: mean=33.8779%; std=19.4674
 -- Sample 26: mean=29.4773%; std=19.0755
 -- Sample 27: mean=31.5275%; std=20.2020
 -- Sample 28: mean=34.1052%; std=30.3966
 -- Sample 29: mean=39.8381%; std=34.1160
 -- Sample 30: mean=36.3537%; std=34.6723
 -- Sample 31: mean=40.4289%; std=35.6425
 -- Sample 32: mean=24.1398%; std=19.2923
 -- Sample 33: mean=21.2030%; std=20.3337
 -- Sample 34: mean=26.5555%; std=20.5895
 -- Sample 35: mean=19.1369%; std=16.2830
Mean: 36.6791%, Std: 10.8365%
------------------------------------------------------------------
Angular error:
 -- Sample 0: mean=44.1918º; std=38.4877
 -- Sample 1: mean=38.5132º; std=38.7679
 -- Sample 2: mean=40.5230º; std=37.1108
 -- Sample 3: mean=38.6061º; std=38.4512
 -- Sample 4: mean=30.7034º; std=32.5816
 -- Sample 5: mean=29.0297º; std=33.1463
 -- Sample 6: mean=32.0807º; std=34.9159
 -- Sample 7: mean=28.4206º; std=32.4646
 -- Sample 8: mean=47.1157º; std=42.0498
 -- Sample 9: mean=39.4347º; std=37.3978
 -- Sample 10: mean=46.5210º; std=41.8513
 -- Sample 11: mean=42.6830º; std=41.1264
 -- Sample 12: mean=39.3854º; std=35.3982
 -- Sample 13: mean=44.4821º; std=36.6533
 -- Sample 14: mean=42.5205º; std=37.1441
 -- Sample 15: mean=43.0224º; std=36.4898
 -- Sample 16: mean=52.1144º; std=42.5163
 -- Sample 17: mean=52.1768º; std=42.3670
 -- Sample 18: mean=52.1308º; std=42.1041
 -- Sample 19: mean=51.9805º; std=42.6938
 -- Sample 20: mean=31.6648º; std=34.9104
 -- Sample 21: mean=31.2061º; std=32.5521
 -- Sample 22: mean=31.6493º; std=33.3830
 -- Sample 23: mean=31.3839º; std=32.4536
 -- Sample 24: mean=31.4050º; std=32.5242
 -- Sample 25: mean=35.2021º; std=34.9621
 -- Sample 26: mean=31.5895º; std=32.8171
 -- Sample 27: mean=35.4135º; std=35.0944
 -- Sample 28: mean=41.1684º; std=36.1189
 -- Sample 29: mean=41.2438º; std=36.7939
 -- Sample 30: mean=39.3889º; std=35.0394
 -- Sample 31: mean=40.0727º; std=35.7525
 -- Sample 32: mean=40.7635º; std=35.4747
 -- Sample 33: mean=37.4347º; std=37.8754
 -- Sample 34: mean=40.9080º; std=36.1956
 -- Sample 35: mean=35.8312º; std=37.1867
Mean: 39.2211º, Std: 6.7375º
------------------------------------------------------------------
Correlation comparison:
 -- Sample 0: 0.8538
 -- Sample 1: 0.8892
 -- Sample 2: 0.8801
 -- Sample 3: 0.8889
 -- Sample 4: 0.9605
 -- Sample 5: 0.9220
 -- Sample 6: 0.9488
 -- Sample 7: 0.9580
 -- Sample 8: 0.8932
 -- Sample 9: 0.8878
 -- Sample 10: 0.8297
 -- Sample 11: 0.9088
 -- Sample 12: 0.8613
 -- Sample 13: 0.9369
 -- Sample 14: 0.8883
 -- Sample 15: 0.8636
 -- Sample 16: 0.9448
 -- Sample 17: 0.9055
 -- Sample 18: 0.9156
 -- Sample 19: 0.9381
 -- Sample 20: 0.8328
 -- Sample 21: 0.8730
 -- Sample 22: 0.8420
 -- Sample 23: 0.8480
 -- Sample 24: 0.9520
 -- Sample 25: 0.9265
 -- Sample 26: 0.9282
 -- Sample 27: 0.9328
 -- Sample 28: 0.8682
 -- Sample 29: 0.8175
 -- Sample 30: 0.8587
 -- Sample 31: 0.8323
 -- Sample 32: 0.9500
 -- Sample 33: 0.9622
 -- Sample 34: 0.9553
 -- Sample 35: 0.9701
Mean=0.9007, Std=0.0444
------------------------------------------------------------------
Flux Error:
 -- Sample 0: 0.3738
 -- Sample 1: 0.4016
 -- Sample 2: 0.4306
 -- Sample 3: 0.4024
 -- Sample 4: 0.5595
 -- Sample 5: 0.6003
 -- Sample 6: 0.5823
 -- Sample 7: 0.6056
 -- Sample 8: 0.4765
 -- Sample 9: 0.4737
 -- Sample 10: 0.4766
 -- Sample 11: 0.4698
 -- Sample 12: 0.5837
 -- Sample 13: 0.6254
 -- Sample 14: 0.5805
 -- Sample 15: 0.6577
 -- Sample 16: 0.6765
 -- Sample 17: 0.6798
 -- Sample 18: 0.7158
 -- Sample 19: 0.7410
 -- Sample 20: 0.6648
 -- Sample 21: 1.1879
 -- Sample 22: 0.6170
 -- Sample 23: 1.2703
 -- Sample 24: 0.5159
 -- Sample 25: 0.7943
 -- Sample 26: 0.5121
 -- Sample 27: 0.8333
 -- Sample 28: 0.3765
 -- Sample 29: 0.6096
 -- Sample 30: 0.4169
 -- Sample 31: 0.7387
 -- Sample 32: 0.7218
 -- Sample 33: 0.8359
 -- Sample 34: 0.7006
 -- Sample 35: 0.8607
Mean: 0.6325, Std: 0.1968
------------------------------------------------------------------
Tortuosity Comparison:
 -- Sample 0: 6.1247%
 -- Sample 1: 3.4592%
 -- Sample 2: 9.7379%
 -- Sample 3: 1.1927%
 -- Sample 4: 6.1654%
 -- Sample 5: 2.8269%
 -- Sample 6: 3.0099%
 -- Sample 7: 4.0306%
 -- Sample 8: 9.4330%
 -- Sample 9: 7.2099%
 -- Sample 10: 14.0437%
 -- Sample 11: 4.5800%
 -- Sample 12: 5.6890%
 -- Sample 13: 3.8591%
 -- Sample 14: 3.0956%
 -- Sample 15: 7.3740%
 -- Sample 16: 7.6966%
 -- Sample 17: 1.7582%
 -- Sample 18: 2.9945%
 -- Sample 19: 0.5897%
 -- Sample 20: 3.4498%
 -- Sample 21: 3.5481%
 -- Sample 22: 4.1625%
 -- Sample 23: 5.0142%
 -- Sample 24: 4.7110%
 -- Sample 25: 8.2204%
 -- Sample 26: 3.7562%
 -- Sample 27: 10.9734%
 -- Sample 28: 8.4659%
 -- Sample 29: 9.7384%
 -- Sample 30: 12.7530%
 -- Sample 31: 12.3686%
 -- Sample 32: 9.5581%
 -- Sample 33: 3.6645%
 -- Sample 34: 7.4295%
 -- Sample 35: 1.7989%
Mean: 5.9579%, Std: 3.4067%
------------------------------------------------------------------
Evaluating Divergent:
 -- Sample 0: 65.6777%
 -- Sample 1: 62.6713%
 -- Sample 2: 65.0607%
 -- Sample 3: 63.1706%
 -- Sample 4: 57.5714%
 -- Sample 5: 56.7338%
 -- Sample 6: 56.4385%
 -- Sample 7: 57.6834%
 -- Sample 8: 64.8971%
 -- Sample 9: 62.4462%
 -- Sample 10: 64.2392%
 -- Sample 11: 62.4476%
 -- Sample 12: 61.4057%
 -- Sample 13: 65.0368%
 -- Sample 14: 62.2346%
 -- Sample 15: 64.7821%
 -- Sample 16: 66.5163%
 -- Sample 17: 67.9177%
 -- Sample 18: 67.0664%
 -- Sample 19: 68.4650%
 -- Sample 20: 59.1933%
 -- Sample 21: 59.8817%
 -- Sample 22: 60.0363%
 -- Sample 23: 59.7303%
 -- Sample 24: 57.7890%
 -- Sample 25: 59.4800%
 -- Sample 26: 57.5767%
 -- Sample 27: 60.1506%
 -- Sample 28: 61.5615%
 -- Sample 29: 63.2083%
 -- Sample 30: 61.0740%
 -- Sample 31: 63.5374%
 -- Sample 32: 65.1681%
 -- Sample 33: 59.0635%
 -- Sample 34: 64.6790%
 -- Sample 35: 57.8068%
Mean: 62.0111%, Std: 3.3016%
------------------------------------------------------------------

-----------------------------------------------------


========================================================================================================================



  Berea Buff  results:


Loading data...
Testing model:   Ko et. al (Etapas 3)
Processing Batch 1 (Size: 50)...
input shape:  torch.Size([50, 1, 120, 120, 120])
output shape:  torch.Size([50, 4, 120, 120, 120])
target shape:  torch.Size([50, 4, 120, 120, 120])
Bias Error: using velocity magnitude
Mean: 22.2756, Std: 20.0257
------------------------------------------------------------------
Magnitude Error: 
 -- Sample 0: mean=58.2907%; std=39.5373
 -- Sample 1: mean=56.7224%; std=37.2042
 -- Sample 2: mean=49.0717%; std=35.2245
 -- Sample 3: mean=66.7081%; std=47.5821
 -- Sample 4: mean=44.1224%; std=15.8167
 -- Sample 5: mean=46.3379%; std=21.9562
 -- Sample 6: mean=43.1061%; std=19.7606
 -- Sample 7: mean=42.1723%; std=19.7658
 -- Sample 8: mean=35.3615%; std=20.3093
 -- Sample 9: mean=30.2384%; std=18.8737
 -- Sample 10: mean=28.9717%; std=17.9956
 -- Sample 11: mean=27.6875%; std=18.0241
 -- Sample 12: mean=21.4293%; std=16.4110
 -- Sample 13: mean=28.3265%; std=20.4187
 -- Sample 14: mean=23.4609%; std=17.2784
 -- Sample 15: mean=26.0448%; std=18.5839
 -- Sample 16: mean=34.2304%; std=22.0331
 -- Sample 17: mean=31.1190%; std=19.9671
 -- Sample 18: mean=37.4713%; std=25.0206
 -- Sample 19: mean=26.6909%; std=17.9988
 -- Sample 20: mean=53.8702%; std=33.3614
 -- Sample 21: mean=54.6966%; std=36.0508
 -- Sample 22: mean=64.1689%; std=49.2990
 -- Sample 23: mean=56.2089%; std=33.1411
 -- Sample 24: mean=29.7536%; std=23.3917
 -- Sample 25: mean=32.1976%; std=22.9270
 -- Sample 26: mean=37.7711%; std=22.9332
 -- Sample 27: mean=31.6845%; std=24.0461
 -- Sample 28: mean=61.5191%; std=45.9989
 -- Sample 29: mean=57.7684%; std=32.2362
 -- Sample 30: mean=65.0118%; std=34.2483
 -- Sample 31: mean=71.0660%; std=49.1674
 -- Sample 32: mean=144.7900%; std=152.4556
 -- Sample 33: mean=124.8477%; std=118.6165
 -- Sample 34: mean=140.9836%; std=136.1723
 -- Sample 35: mean=145.2525%; std=130.8237
 -- Sample 36: mean=57.8474%; std=35.5510
 -- Sample 37: mean=59.6281%; std=42.3775
 -- Sample 38: mean=58.4503%; std=35.4387
 -- Sample 39: mean=52.4546%; std=30.0832
 -- Sample 40: mean=34.2064%; std=21.6415
 -- Sample 41: mean=34.7505%; std=25.1172
 -- Sample 42: mean=41.6869%; std=27.9231
 -- Sample 43: mean=26.5332%; std=22.0065
 -- Sample 44: mean=41.2004%; std=35.3259
 -- Sample 45: mean=40.0801%; std=25.2145
 -- Sample 46: mean=48.4841%; std=38.1934
 -- Sample 47: mean=44.0102%; std=26.9869
 -- Sample 48: mean=28.6804%; std=23.9089
 -- Sample 49: mean=32.1235%; std=27.9566
Mean: 50.5858%, Std: 29.1748%
------------------------------------------------------------------
Angular error:
 -- Sample 0: mean=30.4359º; std=31.1911
 -- Sample 1: mean=28.0806º; std=30.9135
 -- Sample 2: mean=30.7774º; std=31.8237
 -- Sample 3: mean=29.6646º; std=33.5052
 -- Sample 4: mean=44.2024º; std=36.7367
 -- Sample 5: mean=44.7261º; std=36.8784
 -- Sample 6: mean=46.7530º; std=39.4934
 -- Sample 7: mean=44.7101º; std=36.3323
 -- Sample 8: mean=44.9395º; std=40.1171
 -- Sample 9: mean=44.9089º; std=39.9080
 -- Sample 10: mean=43.5401º; std=39.4215
 -- Sample 11: mean=46.2151º; std=39.9807
 -- Sample 12: mean=32.8323º; std=33.2952
 -- Sample 13: mean=37.9894º; std=35.5484
 -- Sample 14: mean=34.6215º; std=35.2195
 -- Sample 15: mean=39.2889º; std=36.7141
 -- Sample 16: mean=43.2874º; std=36.8143
 -- Sample 17: mean=41.4751º; std=37.5186
 -- Sample 18: mean=44.7414º; std=37.6378
 -- Sample 19: mean=39.4302º; std=36.6429
 -- Sample 20: mean=45.0111º; std=38.7237
 -- Sample 21: mean=47.7182º; std=41.4753
 -- Sample 22: mean=45.2042º; std=38.6026
 -- Sample 23: mean=44.8306º; std=38.3901
 -- Sample 24: mean=37.8131º; std=34.8485
 -- Sample 25: mean=35.4391º; std=33.4556
 -- Sample 26: mean=38.9417º; std=35.6558
 -- Sample 27: mean=38.0552º; std=35.4941
 -- Sample 28: mean=49.0538º; std=43.9904
 -- Sample 29: mean=45.8489º; std=41.0775
 -- Sample 30: mean=49.5814º; std=43.7194
 -- Sample 31: mean=49.2394º; std=42.9464
 -- Sample 32: mean=52.7241º; std=44.5454
 -- Sample 33: mean=53.5422º; std=44.0234
 -- Sample 34: mean=53.1217º; std=44.3440
 -- Sample 35: mean=53.0966º; std=43.3406
 -- Sample 36: mean=34.8447º; std=32.1059
 -- Sample 37: mean=34.0056º; std=30.8297
 -- Sample 38: mean=37.3111º; std=34.6933
 -- Sample 39: mean=35.2898º; std=31.8901
 -- Sample 40: mean=45.0658º; std=44.2937
 -- Sample 41: mean=43.6511º; std=44.6670
 -- Sample 42: mean=46.4860º; std=44.1709
 -- Sample 43: mean=43.2646º; std=43.1257
 -- Sample 44: mean=45.0404º; std=40.9905
 -- Sample 45: mean=51.3104º; std=41.1757
 -- Sample 46: mean=46.2117º; std=42.0941
 -- Sample 47: mean=48.7502º; std=40.9279
 -- Sample 48: mean=44.3747º; std=38.6148
 -- Sample 49: mean=43.9872º; std=40.6062
Mean: 42.6287º, Std: 6.3923º
------------------------------------------------------------------
Correlation comparison:
 -- Sample 0: 0.8862
 -- Sample 1: 0.8301
 -- Sample 2: 0.8924
 -- Sample 3: 0.8467
 -- Sample 4: 0.9410
 -- Sample 5: 0.8808
 -- Sample 6: 0.9083
 -- Sample 7: 0.9296
 -- Sample 8: 0.9319
 -- Sample 9: 0.9581
 -- Sample 10: 0.9411
 -- Sample 11: 0.9520
 -- Sample 12: 0.9267
 -- Sample 13: 0.9187
 -- Sample 14: 0.9347
 -- Sample 15: 0.9358
 -- Sample 16: 0.8913
 -- Sample 17: 0.8960
 -- Sample 18: 0.8563
 -- Sample 19: 0.9246
 -- Sample 20: 0.8028
 -- Sample 21: 0.7759
 -- Sample 22: 0.7806
 -- Sample 23: 0.7890
 -- Sample 24: 0.8900
 -- Sample 25: 0.8759
 -- Sample 26: 0.8464
 -- Sample 27: 0.8775
 -- Sample 28: 0.6881
 -- Sample 29: 0.7473
 -- Sample 30: 0.6421
 -- Sample 31: 0.6357
 -- Sample 32: 0.4591
 -- Sample 33: 0.5329
 -- Sample 34: 0.4883
 -- Sample 35: 0.4871
 -- Sample 36: 0.6922
 -- Sample 37: 0.7222
 -- Sample 38: 0.7238
 -- Sample 39: 0.7566
 -- Sample 40: 0.9003
 -- Sample 41: 0.8897
 -- Sample 42: 0.8543
 -- Sample 43: 0.9256
 -- Sample 44: 0.8330
 -- Sample 45: 0.8535
 -- Sample 46: 0.7871
 -- Sample 47: 0.7984
 -- Sample 48: 0.9451
 -- Sample 49: 0.9305
Mean=0.8223, Std=0.1277
------------------------------------------------------------------
Flux Error:
 -- Sample 0: 1.4572
 -- Sample 1: 1.0412
 -- Sample 2: 1.2904
 -- Sample 3: 1.1525
 -- Sample 4: 0.3299
 -- Sample 5: 0.6032
 -- Sample 6: 0.3584
 -- Sample 7: 0.6106
 -- Sample 8: 0.7499
 -- Sample 9: 0.3622
 -- Sample 10: 0.8912
 -- Sample 11: 0.4162
 -- Sample 12: 0.5615
 -- Sample 13: 0.5856
 -- Sample 14: 0.5968
 -- Sample 15: 0.5372
 -- Sample 16: 0.4713
 -- Sample 17: 0.4002
 -- Sample 18: 0.4593
 -- Sample 19: 0.3738
 -- Sample 20: 0.6030
 -- Sample 21: 0.7297
 -- Sample 22: 0.6851
 -- Sample 23: 0.7937
 -- Sample 24: 0.3348
 -- Sample 25: 0.5199
 -- Sample 26: 0.4887
 -- Sample 27: 0.4906
 -- Sample 28: 0.4953
 -- Sample 29: 0.6662
 -- Sample 30: 0.4306
 -- Sample 31: 0.6753
 -- Sample 32: 1.5020
 -- Sample 33: 1.1498
 -- Sample 34: 1.4991
 -- Sample 35: 1.2914
 -- Sample 36: 0.9249
 -- Sample 37: 0.9365
 -- Sample 38: 0.9283
 -- Sample 39: 0.8719
 -- Sample 40: 1.1971
 -- Sample 41: 0.8160
 -- Sample 42: 1.3434
 -- Sample 43: 0.7343
 -- Sample 44: 0.6145
 -- Sample 45: 0.6510
 -- Sample 46: 0.5772
 -- Sample 47: 0.5580
 -- Sample 48: 0.8033
 -- Sample 49: 0.8331
Mean: 0.7479, Std: 0.3216
------------------------------------------------------------------
Tortuosity Comparison:
 -- Sample 0: 7.2423%
 -- Sample 1: 3.9470%
 -- Sample 2: 6.5129%
 -- Sample 3: 6.6320%
 -- Sample 4: 6.4810%
 -- Sample 5: 6.8765%
 -- Sample 6: 2.1468%
 -- Sample 7: 10.8978%
 -- Sample 8: 7.8775%
 -- Sample 9: 5.0012%
 -- Sample 10: 12.0664%
 -- Sample 11: 9.3230%
 -- Sample 12: 8.4911%
 -- Sample 13: 8.1468%
 -- Sample 14: 8.0120%
 -- Sample 15: 8.5461%
 -- Sample 16: 7.1035%
 -- Sample 17: 1.4279%
 -- Sample 18: 4.8203%
 -- Sample 19: 1.9243%
 -- Sample 20: 10.9336%
 -- Sample 21: 14.2414%
 -- Sample 22: 14.6185%
 -- Sample 23: 17.1375%
 -- Sample 24: 11.9853%
 -- Sample 25: 7.1318%
 -- Sample 26: 12.5744%
 -- Sample 27: 11.5356%
 -- Sample 28: 7.9541%
 -- Sample 29: 12.4195%
 -- Sample 30: 10.8062%
 -- Sample 31: 15.6702%
 -- Sample 32: 3.6827%
 -- Sample 33: 4.0569%
 -- Sample 34: 8.4483%
 -- Sample 35: 5.0475%
 -- Sample 36: 12.5867%
 -- Sample 37: 13.4081%
 -- Sample 38: 14.3467%
 -- Sample 39: 16.3081%
 -- Sample 40: 8.2337%
 -- Sample 41: 8.0033%
 -- Sample 42: 8.4685%
 -- Sample 43: 3.8049%
 -- Sample 44: 3.8681%
 -- Sample 45: 7.9268%
 -- Sample 46: 14.8236%
 -- Sample 47: 13.3773%
 -- Sample 48: 6.3992%
 -- Sample 49: 6.9702%
Mean: 8.8049%, Std: 3.9540%
------------------------------------------------------------------
Evaluating Divergent:
 -- Sample 0: 59.9662%
 -- Sample 1: 58.9622%
 -- Sample 2: 60.7053%
 -- Sample 3: 59.2003%
 -- Sample 4: 60.7506%
 -- Sample 5: 65.4084%
 -- Sample 6: 60.5468%
 -- Sample 7: 64.8892%
 -- Sample 8: 63.0085%
 -- Sample 9: 63.4557%
 -- Sample 10: 62.4307%
 -- Sample 11: 63.1899%
 -- Sample 12: 59.1546%
 -- Sample 13: 61.1339%
 -- Sample 14: 59.2015%
 -- Sample 15: 60.9052%
 -- Sample 16: 62.3919%
 -- Sample 17: 61.7190%
 -- Sample 18: 62.8122%
 -- Sample 19: 61.3568%
 -- Sample 20: 60.2998%
 -- Sample 21: 63.5653%
 -- Sample 22: 59.6944%
 -- Sample 23: 63.4826%
 -- Sample 24: 60.8411%
 -- Sample 25: 61.5193%
 -- Sample 26: 61.7121%
 -- Sample 27: 61.1730%
 -- Sample 28: 60.2972%
 -- Sample 29: 64.1005%
 -- Sample 30: 61.3289%
 -- Sample 31: 64.7740%
 -- Sample 32: 64.2813%
 -- Sample 33: 65.4989%
 -- Sample 34: 65.1085%
 -- Sample 35: 65.6530%
 -- Sample 36: 57.9659%
 -- Sample 37: 58.9608%
 -- Sample 38: 58.0484%
 -- Sample 39: 59.5607%
 -- Sample 40: 65.5293%
 -- Sample 41: 64.2900%
 -- Sample 42: 66.3295%
 -- Sample 43: 65.5026%
 -- Sample 44: 64.8701%
 -- Sample 45: 68.1983%
 -- Sample 46: 65.0228%
 -- Sample 47: 68.0881%
 -- Sample 48: 63.2796%
 -- Sample 49: 63.8328%
Mean: 62.4800%, Std: 2.5443%
------------------------------------------------------------------
Processing Batch 2 (Size: 50)...
input shape:  torch.Size([50, 1, 120, 120, 120])
output shape:  torch.Size([50, 4, 120, 120, 120])
target shape:  torch.Size([50, 4, 120, 120, 120])
Bias Error: using velocity magnitude
Mean: 20.9759, Std: 13.8948
------------------------------------------------------------------
Magnitude Error: 
 -- Sample 0: mean=32.5182%; std=22.3343
 -- Sample 1: mean=27.7646%; std=23.3505
 -- Sample 2: mean=35.2692%; std=27.2141
 -- Sample 3: mean=45.5760%; std=34.2101
 -- Sample 4: mean=36.6859%; std=27.2393
 -- Sample 5: mean=41.5111%; std=29.0942
 -- Sample 6: mean=45.7457%; std=21.7194
 -- Sample 7: mean=45.2665%; std=22.7490
 -- Sample 8: mean=40.6872%; std=22.3575
 -- Sample 9: mean=49.5733%; std=20.8269
 -- Sample 10: mean=44.2140%; std=19.7276
 -- Sample 11: mean=43.3108%; std=17.6350
 -- Sample 12: mean=43.6556%; std=18.2598
 -- Sample 13: mean=39.1856%; std=16.6219
 -- Sample 14: mean=45.9850%; std=44.4320
 -- Sample 15: mean=54.3818%; std=54.3675
 -- Sample 16: mean=42.0071%; std=46.7241
 -- Sample 17: mean=55.4173%; std=49.4352
 -- Sample 18: mean=35.6000%; std=22.5613
 -- Sample 19: mean=57.3089%; std=43.2682
 -- Sample 20: mean=37.5674%; std=22.9322
 -- Sample 21: mean=37.1514%; std=24.8977
 -- Sample 22: mean=55.9329%; std=57.7836
 -- Sample 23: mean=79.5655%; std=79.0799
 -- Sample 24: mean=80.9218%; std=87.2848
 -- Sample 25: mean=99.5062%; std=105.1781
 -- Sample 26: mean=41.4998%; std=28.2963
 -- Sample 27: mean=42.1931%; std=26.7361
 -- Sample 28: mean=45.3480%; std=26.0167
 -- Sample 29: mean=44.7272%; std=27.1258
 -- Sample 30: mean=31.3398%; std=19.1951
 -- Sample 31: mean=36.3820%; std=23.4671
 -- Sample 32: mean=33.7166%; std=20.2907
 -- Sample 33: mean=35.9034%; std=22.9479
 -- Sample 34: mean=20.3992%; std=15.9343
 -- Sample 35: mean=16.6908%; std=12.4764
 -- Sample 36: mean=18.4835%; std=15.5127
 -- Sample 37: mean=17.5942%; std=13.8101
 -- Sample 38: mean=43.5063%; std=17.0894
 -- Sample 39: mean=39.1864%; std=18.3392
 -- Sample 40: mean=41.2040%; std=16.9186
 -- Sample 41: mean=41.0192%; std=22.7226
 -- Sample 42: mean=31.4074%; std=17.4558
 -- Sample 43: mean=40.2271%; std=24.9751
 -- Sample 44: mean=34.5927%; std=19.9142
 -- Sample 45: mean=35.9286%; std=21.3613
 -- Sample 46: mean=49.2255%; std=31.7928
 -- Sample 47: mean=45.9489%; std=32.5457
 -- Sample 48: mean=43.8209%; std=26.2606
 -- Sample 49: mean=40.9687%; std=23.9775
Mean: 42.4724%, Std: 14.4088%
------------------------------------------------------------------
Angular error:
 -- Sample 0: mean=45.9747º; std=39.8363
 -- Sample 1: mean=44.2076º; std=39.8462
 -- Sample 2: mean=39.7211º; std=37.9852
 -- Sample 3: mean=43.3974º; std=39.7267
 -- Sample 4: mean=41.5788º; std=40.8393
 -- Sample 5: mean=44.0488º; std=40.4564
 -- Sample 6: mean=48.7075º; std=38.9009
 -- Sample 7: mean=47.9353º; std=38.7918
 -- Sample 8: mean=45.6956º; std=38.0704
 -- Sample 9: mean=50.4924º; std=39.5677
 -- Sample 10: mean=46.8933º; std=40.4333
 -- Sample 11: mean=46.9280º; std=41.7051
 -- Sample 12: mean=49.9267º; std=42.6943
 -- Sample 13: mean=46.4434º; std=41.1561
 -- Sample 14: mean=36.8125º; std=36.6802
 -- Sample 15: mean=41.9660º; std=39.1653
 -- Sample 16: mean=35.9236º; std=36.3999
 -- Sample 17: mean=38.3574º; std=37.0168
 -- Sample 18: mean=41.1538º; std=39.2527
 -- Sample 19: mean=40.5340º; std=38.5368
 -- Sample 20: mean=42.1999º; std=39.5892
 -- Sample 21: mean=44.7821º; std=40.9586
 -- Sample 22: mean=55.4454º; std=43.9350
 -- Sample 23: mean=54.9554º; std=43.7193
 -- Sample 24: mean=49.5582º; std=42.4490
 -- Sample 25: mean=56.1889º; std=45.2743
 -- Sample 26: mean=49.3414º; std=37.3616
 -- Sample 27: mean=47.5536º; std=37.5404
 -- Sample 28: mean=50.2354º; std=37.7018
 -- Sample 29: mean=51.7038º; std=39.9901
 -- Sample 30: mean=38.6085º; std=37.3278
 -- Sample 31: mean=42.6942º; std=37.1888
 -- Sample 32: mean=38.0122º; std=36.8707
 -- Sample 33: mean=42.3927º; std=36.7673
 -- Sample 34: mean=35.3963º; std=32.2119
 -- Sample 35: mean=32.0915º; std=32.3900
 -- Sample 36: mean=35.5498º; std=33.0679
 -- Sample 37: mean=32.5412º; std=33.0262
 -- Sample 38: mean=43.0822º; std=40.0078
 -- Sample 39: mean=42.6972º; std=39.2614
 -- Sample 40: mean=43.7378º; std=39.4350
 -- Sample 41: mean=43.7484º; std=39.6323
 -- Sample 42: mean=36.3580º; std=33.4161
 -- Sample 43: mean=36.9895º; std=35.5706
 -- Sample 44: mean=39.6773º; std=36.5441
 -- Sample 45: mean=37.2676º; std=35.5091
 -- Sample 46: mean=40.3004º; std=36.8081
 -- Sample 47: mean=38.7516º; std=36.0467
 -- Sample 48: mean=40.6327º; std=38.6805
 -- Sample 49: mean=41.7275º; std=38.2514
Mean: 43.2184º, Std: 5.6658º
------------------------------------------------------------------
Correlation comparison:
 -- Sample 0: 0.9019
 -- Sample 1: 0.9430
 -- Sample 2: 0.8781
 -- Sample 3: 0.8588
 -- Sample 4: 0.8833
 -- Sample 5: 0.8540
 -- Sample 6: 0.8814
 -- Sample 7: 0.8958
 -- Sample 8: 0.9132
 -- Sample 9: 0.9038
 -- Sample 10: 0.9047
 -- Sample 11: 0.8884
 -- Sample 12: 0.9205
 -- Sample 13: 0.9449
 -- Sample 14: 0.8777
 -- Sample 15: 0.8118
 -- Sample 16: 0.8596
 -- Sample 17: 0.8297
 -- Sample 18: 0.8577
 -- Sample 19: 0.7518
 -- Sample 20: 0.8662
 -- Sample 21: 0.8469
 -- Sample 22: 0.8207
 -- Sample 23: 0.7232
 -- Sample 24: 0.7194
 -- Sample 25: 0.6756
 -- Sample 26: 0.8377
 -- Sample 27: 0.8409
 -- Sample 28: 0.8307
 -- Sample 29: 0.8319
 -- Sample 30: 0.8961
 -- Sample 31: 0.8857
 -- Sample 32: 0.8897
 -- Sample 33: 0.8785
 -- Sample 34: 0.9667
 -- Sample 35: 0.9647
 -- Sample 36: 0.9552
 -- Sample 37: 0.9536
 -- Sample 38: 0.9477
 -- Sample 39: 0.9303
 -- Sample 40: 0.9539
 -- Sample 41: 0.8889
 -- Sample 42: 0.9038
 -- Sample 43: 0.7942
 -- Sample 44: 0.8818
 -- Sample 45: 0.8410
 -- Sample 46: 0.7586
 -- Sample 47: 0.7582
 -- Sample 48: 0.8062
 -- Sample 49: 0.8004
Mean=0.8642, Std=0.0664
------------------------------------------------------------------
Flux Error:
 -- Sample 0: 0.8331
 -- Sample 1: 0.8306
 -- Sample 2: 0.5996
 -- Sample 3: 0.8582
 -- Sample 4: 0.6789
 -- Sample 5: 0.7142
 -- Sample 6: 0.5081
 -- Sample 7: 0.6685
 -- Sample 8: 0.5055
 -- Sample 9: 0.6119
 -- Sample 10: 0.8448
 -- Sample 11: 0.6077
 -- Sample 12: 0.8406
 -- Sample 13: 0.6136
 -- Sample 14: 1.1786
 -- Sample 15: 0.9858
 -- Sample 16: 1.1584
 -- Sample 17: 0.9779
 -- Sample 18: 0.8022
 -- Sample 19: 1.1455
 -- Sample 20: 0.8431
 -- Sample 21: 0.9476
 -- Sample 22: 0.7715
 -- Sample 23: 0.8993
 -- Sample 24: 1.0820
 -- Sample 25: 1.1732
 -- Sample 26: 0.6971
 -- Sample 27: 0.6110
 -- Sample 28: 0.6666
 -- Sample 29: 0.6318
 -- Sample 30: 0.7243
 -- Sample 31: 0.8807
 -- Sample 32: 0.8118
 -- Sample 33: 0.8715
 -- Sample 34: 0.6341
 -- Sample 35: 0.5996
 -- Sample 36: 0.6544
 -- Sample 37: 0.6496
 -- Sample 38: 0.5485
 -- Sample 39: 0.7472
 -- Sample 40: 0.5972
 -- Sample 41: 0.7696
 -- Sample 42: 0.7048
 -- Sample 43: 0.9091
 -- Sample 44: 0.6273
 -- Sample 45: 0.9410
 -- Sample 46: 0.5219
 -- Sample 47: 0.9131
 -- Sample 48: 0.4603
 -- Sample 49: 0.8875
Mean: 0.7748, Std: 0.1822
------------------------------------------------------------------
Tortuosity Comparison:
 -- Sample 0: 7.8063%
 -- Sample 1: 6.3509%
 -- Sample 2: 16.9003%
 -- Sample 3: 19.5821%
 -- Sample 4: 18.5933%
 -- Sample 5: 16.5911%
 -- Sample 6: 4.5119%
 -- Sample 7: 4.2192%
 -- Sample 8: 6.6959%
 -- Sample 9: 4.6039%
 -- Sample 10: 2.0412%
 -- Sample 11: 4.0322%
 -- Sample 12: 3.1472%
 -- Sample 13: 1.5701%
 -- Sample 14: 0.7108%
 -- Sample 15: 5.0209%
 -- Sample 16: 0.5183%
 -- Sample 17: 5.4262%
 -- Sample 18: 6.6938%
 -- Sample 19: 8.9059%
 -- Sample 20: 6.6625%
 -- Sample 21: 3.4101%
 -- Sample 22: 6.8270%
 -- Sample 23: 21.6795%
 -- Sample 24: 3.8830%
 -- Sample 25: 2.7000%
 -- Sample 26: 16.7124%
 -- Sample 27: 16.9414%
 -- Sample 28: 9.6701%
 -- Sample 29: 16.7924%
 -- Sample 30: 9.9460%
 -- Sample 31: 12.7864%
 -- Sample 32: 11.4376%
 -- Sample 33: 13.5821%
 -- Sample 34: 9.3088%
 -- Sample 35: 7.0406%
 -- Sample 36: 10.3340%
 -- Sample 37: 8.0320%
 -- Sample 38: 7.4739%
 -- Sample 39: 10.8443%
 -- Sample 40: 8.1857%
 -- Sample 41: 14.9219%
 -- Sample 42: 10.5527%
 -- Sample 43: 10.6113%
 -- Sample 44: 8.4391%
 -- Sample 45: 12.1749%
 -- Sample 46: 2.1126%
 -- Sample 47: 6.6285%
 -- Sample 48: 2.9449%
 -- Sample 49: 4.6566%
Mean: 8.6243%, Std: 5.2845%
------------------------------------------------------------------
Evaluating Divergent:
 -- Sample 0: 64.1981%
 -- Sample 1: 64.5118%
 -- Sample 2: 63.2257%
 -- Sample 3: 64.4994%
 -- Sample 4: 62.7675%
 -- Sample 5: 64.1280%
 -- Sample 6: 64.1228%
 -- Sample 7: 63.5788%
 -- Sample 8: 62.8503%
 -- Sample 9: 63.4796%
 -- Sample 10: 63.6055%
 -- Sample 11: 65.7093%
 -- Sample 12: 63.3971%
 -- Sample 13: 65.4997%
 -- Sample 14: 57.8083%
 -- Sample 15: 60.1453%
 -- Sample 16: 56.9124%
 -- Sample 17: 59.7936%
 -- Sample 18: 60.6870%
 -- Sample 19: 61.7365%
 -- Sample 20: 61.5696%
 -- Sample 21: 61.8398%
 -- Sample 22: 67.1312%
 -- Sample 23: 66.7762%
 -- Sample 24: 65.8068%
 -- Sample 25: 66.8373%
 -- Sample 26: 64.3749%
 -- Sample 27: 65.6767%
 -- Sample 28: 64.6649%
 -- Sample 29: 66.5030%
 -- Sample 30: 62.2523%
 -- Sample 31: 63.7936%
 -- Sample 32: 62.7875%
 -- Sample 33: 63.9811%
 -- Sample 34: 60.7030%
 -- Sample 35: 57.5191%
 -- Sample 36: 60.8780%
 -- Sample 37: 57.8297%
 -- Sample 38: 63.9568%
 -- Sample 39: 63.8865%
 -- Sample 40: 64.4210%
 -- Sample 41: 65.8584%
 -- Sample 42: 58.2729%
 -- Sample 43: 57.3832%
 -- Sample 44: 59.4395%
 -- Sample 45: 58.2993%
 -- Sample 46: 60.6973%
 -- Sample 47: 62.9802%
 -- Sample 48: 60.5692%
 -- Sample 49: 63.5887%
Mean: 62.6587%, Std: 2.7172%
------------------------------------------------------------------
Processing Batch 3 (Size: 50)...
input shape:  torch.Size([50, 1, 120, 120, 120])
output shape:  torch.Size([50, 4, 120, 120, 120])
target shape:  torch.Size([50, 4, 120, 120, 120])
Bias Error: using velocity magnitude
Mean: 42.5505, Std: 47.9824
------------------------------------------------------------------
Magnitude Error: 
 -- Sample 0: mean=74.8407%; std=55.1373
 -- Sample 1: mean=72.1338%; std=69.7597
 -- Sample 2: mean=62.7401%; std=52.3334
 -- Sample 3: mean=71.5897%; std=61.4385
 -- Sample 4: mean=39.9263%; std=20.9611
 -- Sample 5: mean=28.0981%; std=22.9922
 -- Sample 6: mean=43.1586%; std=22.9481
 -- Sample 7: mean=37.9416%; std=22.5232
 -- Sample 8: mean=102.2072%; std=80.6446
 -- Sample 9: mean=120.3455%; std=104.7764
 -- Sample 10: mean=108.6471%; std=92.7237
 -- Sample 11: mean=113.2036%; std=96.1486
 -- Sample 12: mean=33.0646%; std=20.4068
 -- Sample 13: mean=29.0221%; std=17.6584
 -- Sample 14: mean=36.6717%; std=20.9188
 -- Sample 15: mean=31.2751%; std=21.9441
 -- Sample 16: mean=51.9356%; std=17.8669
 -- Sample 17: mean=52.8128%; std=12.4928
 -- Sample 18: mean=53.2089%; std=17.2366
 -- Sample 19: mean=50.0774%; std=14.1146
 -- Sample 20: mean=30.3199%; std=24.0331
 -- Sample 21: mean=35.6094%; std=25.6646
 -- Sample 22: mean=44.0441%; std=39.7987
 -- Sample 23: mean=44.5634%; std=33.3111
 -- Sample 24: mean=231.4569%; std=226.8040
 -- Sample 25: mean=222.4006%; std=219.0651
 -- Sample 26: mean=232.3355%; std=240.4485
 -- Sample 27: mean=228.8515%; std=221.0546
 -- Sample 28: mean=53.6417%; std=14.7219
 -- Sample 29: mean=56.3315%; std=19.2642
 -- Sample 30: mean=47.8477%; std=16.3136
 -- Sample 31: mean=49.3258%; std=17.1489
 -- Sample 32: mean=52.5333%; std=34.9908
 -- Sample 33: mean=44.2206%; std=30.7201
 -- Sample 34: mean=50.6365%; std=32.3481
 -- Sample 35: mean=36.8983%; std=23.4226
 -- Sample 36: mean=33.4705%; std=26.5272
 -- Sample 37: mean=39.2950%; std=35.6205
 -- Sample 38: mean=28.6642%; std=27.9444
 -- Sample 39: mean=34.2088%; std=25.6721
 -- Sample 40: mean=33.6609%; std=20.9969
 -- Sample 41: mean=35.0419%; std=21.7766
 -- Sample 42: mean=34.6422%; std=24.7632
 -- Sample 43: mean=36.7483%; std=22.2309
 -- Sample 44: mean=54.5555%; std=14.0322
 -- Sample 45: mean=57.0089%; std=14.0830
 -- Sample 46: mean=51.6139%; std=15.3457
 -- Sample 47: mean=55.1020%; std=17.5543
 -- Sample 48: mean=49.0637%; std=26.5976
 -- Sample 49: mean=54.8574%; std=33.0282
Mean: 65.4370%, Std: 52.5184%
------------------------------------------------------------------
Angular error:
 -- Sample 0: mean=48.5551º; std=40.4570
 -- Sample 1: mean=46.9348º; std=42.9397
 -- Sample 2: mean=48.7216º; std=41.0816
 -- Sample 3: mean=48.4595º; std=43.6929
 -- Sample 4: mean=44.9010º; std=41.9221
 -- Sample 5: mean=41.1522º; std=40.9683
 -- Sample 6: mean=46.5205º; std=41.9475
 -- Sample 7: mean=45.7150º; std=42.5196
 -- Sample 8: mean=45.2848º; std=40.5151
 -- Sample 9: mean=45.5872º; std=41.6761
 -- Sample 10: mean=43.9275º; std=40.2303
 -- Sample 11: mean=41.7700º; std=40.0516
 -- Sample 12: mean=35.8462º; std=32.8617
 -- Sample 13: mean=31.5813º; std=31.7709
 -- Sample 14: mean=38.3720º; std=34.9188
 -- Sample 15: mean=32.4800º; std=33.5271
 -- Sample 16: mean=35.0762º; std=35.8114
 -- Sample 17: mean=36.0441º; std=35.6045
 -- Sample 18: mean=34.6029º; std=35.2953
 -- Sample 19: mean=35.3054º; std=35.1993
 -- Sample 20: mean=35.5854º; std=36.0430
 -- Sample 21: mean=32.4370º; std=34.3094
 -- Sample 22: mean=34.6088º; std=34.3639
 -- Sample 23: mean=33.4084º; std=34.7945
 -- Sample 24: mean=33.3591º; std=29.4704
 -- Sample 25: mean=27.9601º; std=27.1393
 -- Sample 26: mean=33.4062º; std=30.4930
 -- Sample 27: mean=30.7877º; std=29.6112
 -- Sample 28: mean=45.7302º; std=40.7466
 -- Sample 29: mean=47.5215º; std=42.2615
 -- Sample 30: mean=46.8645º; std=41.5840
 -- Sample 31: mean=43.3542º; std=40.4662
 -- Sample 32: mean=38.4254º; std=33.9329
 -- Sample 33: mean=41.7186º; std=34.7857
 -- Sample 34: mean=38.6021º; std=35.1129
 -- Sample 35: mean=41.0674º; std=34.3528
 -- Sample 36: mean=36.8962º; std=36.8691
 -- Sample 37: mean=39.3112º; std=37.6303
 -- Sample 38: mean=37.1272º; std=38.3503
 -- Sample 39: mean=40.6584º; std=38.4909
 -- Sample 40: mean=33.2994º; std=35.3235
 -- Sample 41: mean=36.5518º; std=35.8328
 -- Sample 42: mean=31.0436º; std=32.9365
 -- Sample 43: mean=35.1683º; std=34.6514
 -- Sample 44: mean=39.7948º; std=40.5482
 -- Sample 45: mean=43.0174º; std=39.0992
 -- Sample 46: mean=39.3669º; std=39.7328
 -- Sample 47: mean=46.2394º; std=42.1075
 -- Sample 48: mean=44.5915º; std=38.0596
 -- Sample 49: mean=50.0446º; std=38.7055
Mean: 39.6957º, Std: 5.7505º
------------------------------------------------------------------
Correlation comparison:
 -- Sample 0: 0.8107
 -- Sample 1: 0.7929
 -- Sample 2: 0.7730
 -- Sample 3: 0.7813
 -- Sample 4: 0.9059
 -- Sample 5: 0.9235
 -- Sample 6: 0.8934
 -- Sample 7: 0.8941
 -- Sample 8: 0.7546
 -- Sample 9: 0.6890
 -- Sample 10: 0.6897
 -- Sample 11: 0.6886
 -- Sample 12: 0.9221
 -- Sample 13: 0.9133
 -- Sample 14: 0.8974
 -- Sample 15: 0.9134
 -- Sample 16: 0.8877
 -- Sample 17: 0.9082
 -- Sample 18: 0.8817
 -- Sample 19: 0.9165
 -- Sample 20: 0.9145
 -- Sample 21: 0.8900
 -- Sample 22: 0.8140
 -- Sample 23: 0.8570
 -- Sample 24: 0.5483
 -- Sample 25: 0.5831
 -- Sample 26: 0.5303
 -- Sample 27: 0.5321
 -- Sample 28: 0.9494
 -- Sample 29: 0.9202
 -- Sample 30: 0.9539
 -- Sample 31: 0.9451
 -- Sample 32: 0.7461
 -- Sample 33: 0.8227
 -- Sample 34: 0.7788
 -- Sample 35: 0.8598
 -- Sample 36: 0.8755
 -- Sample 37: 0.8390
 -- Sample 38: 0.9105
 -- Sample 39: 0.8791
 -- Sample 40: 0.9063
 -- Sample 41: 0.8866
 -- Sample 42: 0.9058
 -- Sample 43: 0.8898
 -- Sample 44: 0.9609
 -- Sample 45: 0.9518
 -- Sample 46: 0.9552
 -- Sample 47: 0.9437
 -- Sample 48: 0.7884
 -- Sample 49: 0.7234
Mean=0.8380, Std=0.1126
------------------------------------------------------------------
Flux Error:
 -- Sample 0: 0.9065
 -- Sample 1: 1.1949
 -- Sample 2: 0.7719
 -- Sample 3: 1.2187
 -- Sample 4: 0.7176
 -- Sample 5: 0.9887
 -- Sample 6: 0.7858
 -- Sample 7: 0.8890
 -- Sample 8: 1.4727
 -- Sample 9: 1.4462
 -- Sample 10: 1.5343
 -- Sample 11: 1.4083
 -- Sample 12: 0.4330
 -- Sample 13: 0.6111
 -- Sample 14: 0.4703
 -- Sample 15: 0.7346
 -- Sample 16: 0.5282
 -- Sample 17: 0.6284
 -- Sample 18: 0.5304
 -- Sample 19: 0.6413
 -- Sample 20: 0.8702
 -- Sample 21: 0.6868
 -- Sample 22: 1.0329
 -- Sample 23: 0.6828
 -- Sample 24: 2.4044
 -- Sample 25: 2.4354
 -- Sample 26: 2.4857
 -- Sample 27: 2.4509
 -- Sample 28: 0.8831
 -- Sample 29: 0.7569
 -- Sample 30: 0.9316
 -- Sample 31: 0.7594
 -- Sample 32: 0.4450
 -- Sample 33: 0.4259
 -- Sample 34: 0.4772
 -- Sample 35: 0.3549
 -- Sample 36: 0.8945
 -- Sample 37: 0.7823
 -- Sample 38: 0.8456
 -- Sample 39: 0.7282
 -- Sample 40: 0.8550
 -- Sample 41: 0.6663
 -- Sample 42: 0.8701
 -- Sample 43: 0.6998
 -- Sample 44: 0.6335
 -- Sample 45: 0.8084
 -- Sample 46: 0.6509
 -- Sample 47: 0.7908
 -- Sample 48: 0.4703
 -- Sample 49: 0.4938
Mean: 0.9237, Std: 0.5234
------------------------------------------------------------------
Tortuosity Comparison:
 -- Sample 0: 5.7360%
 -- Sample 1: 2.4185%
 -- Sample 2: 3.4457%
 -- Sample 3: 0.4771%
 -- Sample 4: 3.6815%
 -- Sample 5: 0.4997%
 -- Sample 6: 5.5500%
 -- Sample 7: 7.3032%
 -- Sample 8: 2.3988%
 -- Sample 9: 1.5259%
 -- Sample 10: 2.7119%
 -- Sample 11: 2.4247%
 -- Sample 12: 8.4247%
 -- Sample 13: 0.6773%
 -- Sample 14: 8.9695%
 -- Sample 15: 2.4004%
 -- Sample 16: 1.1995%
 -- Sample 17: 3.4810%
 -- Sample 18: 0.1222%
 -- Sample 19: 2.9763%
 -- Sample 20: 1.3439%
 -- Sample 21: 0.9406%
 -- Sample 22: 3.8107%
 -- Sample 23: 0.7979%
 -- Sample 24: 12.9803%
 -- Sample 25: 13.0543%
 -- Sample 26: 15.2197%
 -- Sample 27: 14.3092%
 -- Sample 28: 0.6587%
 -- Sample 29: 0.1521%
 -- Sample 30: 5.1999%
 -- Sample 31: 2.6868%
 -- Sample 32: 7.5201%
 -- Sample 33: 13.1384%
 -- Sample 34: 5.4768%
 -- Sample 35: 9.1090%
 -- Sample 36: 1.7390%
 -- Sample 37: 6.7935%
 -- Sample 38: 1.0916%
 -- Sample 39: 1.9752%
 -- Sample 40: 6.2087%
 -- Sample 41: 7.0578%
 -- Sample 42: 6.2973%
 -- Sample 43: 8.7987%
 -- Sample 44: 1.5577%
 -- Sample 45: 4.0168%
 -- Sample 46: 0.2676%
 -- Sample 47: 3.8727%
 -- Sample 48: 6.8816%
 -- Sample 49: 16.3642%
Mean: 4.9149%, Std: 4.2915%
------------------------------------------------------------------
Evaluating Divergent:
 -- Sample 0: 66.2225%
 -- Sample 1: 64.6629%
 -- Sample 2: 67.2674%
 -- Sample 3: 64.0345%
 -- Sample 4: 65.8382%
 -- Sample 5: 64.2400%
 -- Sample 6: 66.9589%
 -- Sample 7: 65.2021%
 -- Sample 8: 64.6529%
 -- Sample 9: 64.2197%
 -- Sample 10: 63.5630%
 -- Sample 11: 63.6136%
 -- Sample 12: 60.1046%
 -- Sample 13: 60.6838%
 -- Sample 14: 60.8356%
 -- Sample 15: 61.4897%
 -- Sample 16: 58.9680%
 -- Sample 17: 61.8511%
 -- Sample 18: 59.3352%
 -- Sample 19: 61.8968%
 -- Sample 20: 59.0107%
 -- Sample 21: 59.4589%
 -- Sample 22: 60.2477%
 -- Sample 23: 59.1644%
 -- Sample 24: 56.6687%
 -- Sample 25: 58.3721%
 -- Sample 26: 56.8743%
 -- Sample 27: 58.2761%
 -- Sample 28: 63.5941%
 -- Sample 29: 64.3375%
 -- Sample 30: 63.3690%
 -- Sample 31: 64.2349%
 -- Sample 32: 61.4326%
 -- Sample 33: 62.9887%
 -- Sample 34: 61.2657%
 -- Sample 35: 63.4872%
 -- Sample 36: 59.4155%
 -- Sample 37: 60.7128%
 -- Sample 38: 59.4677%
 -- Sample 39: 61.6707%
 -- Sample 40: 55.0736%
 -- Sample 41: 56.5968%
 -- Sample 42: 54.7269%
 -- Sample 43: 56.6894%
 -- Sample 44: 60.1574%
 -- Sample 45: 63.9311%
 -- Sample 46: 60.2042%
 -- Sample 47: 63.7269%
 -- Sample 48: 64.3185%
 -- Sample 49: 67.0061%
Mean: 61.6424%, Std: 3.1284%
------------------------------------------------------------------
Processing Batch 4 (Size: 50)...
input shape:  torch.Size([50, 1, 120, 120, 120])
output shape:  torch.Size([50, 4, 120, 120, 120])
target shape:  torch.Size([50, 4, 120, 120, 120])
Bias Error: using velocity magnitude
Mean: 31.3093, Std: 23.7284
------------------------------------------------------------------
Magnitude Error: 
 -- Sample 0: mean=50.9623%; std=33.4412
 -- Sample 1: mean=52.0129%; std=25.3521
 -- Sample 2: mean=71.3655%; std=100.6400
 -- Sample 3: mean=70.7707%; std=82.3941
 -- Sample 4: mean=61.1560%; std=105.2449
 -- Sample 5: mean=83.9618%; std=92.4723
 -- Sample 6: mean=24.7200%; std=13.2063
 -- Sample 7: mean=27.3406%; std=15.4989
 -- Sample 8: mean=27.2807%; std=13.5258
 -- Sample 9: mean=28.5550%; std=14.7328
 -- Sample 10: mean=151.8643%; std=195.3948
 -- Sample 11: mean=164.2231%; std=184.3586
 -- Sample 12: mean=134.1934%; std=166.2976
 -- Sample 13: mean=153.2923%; std=176.7711
 -- Sample 14: mean=35.6307%; std=28.9860
 -- Sample 15: mean=37.6328%; std=31.6782
 -- Sample 16: mean=32.5416%; std=33.6043
 -- Sample 17: mean=39.0603%; std=36.4944
 -- Sample 18: mean=34.1017%; std=20.0526
 -- Sample 19: mean=34.4565%; std=20.2889
 -- Sample 20: mean=37.2678%; std=21.3306
 -- Sample 21: mean=34.6062%; std=21.5764
 -- Sample 22: mean=56.3154%; std=49.0463
 -- Sample 23: mean=67.1792%; std=57.5294
 -- Sample 24: mean=55.0738%; std=55.7373
 -- Sample 25: mean=57.2446%; std=60.1409
 -- Sample 26: mean=28.0755%; std=20.6677
 -- Sample 27: mean=33.9499%; std=24.0229
 -- Sample 28: mean=28.2898%; std=19.7970
 -- Sample 29: mean=37.1192%; std=23.1367
 -- Sample 30: mean=49.1227%; std=40.5562
 -- Sample 31: mean=43.1343%; std=38.5393
 -- Sample 32: mean=49.3372%; std=44.4588
 -- Sample 33: mean=50.1184%; std=45.5943
 -- Sample 34: mean=40.4729%; std=30.1920
 -- Sample 35: mean=35.3124%; std=36.1788
 -- Sample 36: mean=41.3977%; std=35.5692
 -- Sample 37: mean=40.9227%; std=46.4294
 -- Sample 38: mean=25.2275%; std=20.2931
 -- Sample 39: mean=25.3547%; std=20.3330
 -- Sample 40: mean=22.6732%; std=19.7310
 -- Sample 41: mean=25.8633%; std=21.4521
 -- Sample 42: mean=70.7126%; std=80.2203
 -- Sample 43: mean=36.3291%; std=29.4361
 -- Sample 44: mean=36.2765%; std=30.2173
 -- Sample 45: mean=43.9298%; std=39.7302
 -- Sample 46: mean=34.9510%; std=21.4573
 -- Sample 47: mean=38.3984%; std=24.5919
 -- Sample 48: mean=36.4334%; std=23.1076
 -- Sample 49: mean=37.5437%; std=22.6517
Mean: 50.6751%, Std: 32.7190%
------------------------------------------------------------------
Angular error:
 -- Sample 0: mean=44.1718º; std=37.9163
 -- Sample 1: mean=45.6899º; std=36.1214
 -- Sample 2: mean=63.3413º; std=44.4222
 -- Sample 3: mean=61.4697º; std=44.9708
 -- Sample 4: mean=55.0985º; std=40.7309
 -- Sample 5: mean=57.7711º; std=42.3112
 -- Sample 6: mean=36.0040º; std=37.9517
 -- Sample 7: mean=39.3710º; std=38.5437
 -- Sample 8: mean=36.6723º; std=38.4557
 -- Sample 9: mean=37.5027º; std=36.7861
 -- Sample 10: mean=54.8236º; std=42.7913
 -- Sample 11: mean=58.0823º; std=41.4689
 -- Sample 12: mean=53.8998º; std=41.7919
 -- Sample 13: mean=55.7118º; std=41.8152
 -- Sample 14: mean=49.4467º; std=44.0613
 -- Sample 15: mean=51.5908º; std=44.8233
 -- Sample 16: mean=52.3197º; std=45.2864
 -- Sample 17: mean=53.0179º; std=46.6599
 -- Sample 18: mean=35.0742º; std=36.2974
 -- Sample 19: mean=34.3810º; std=37.3728
 -- Sample 20: mean=36.0831º; std=36.4833
 -- Sample 21: mean=35.1550º; std=37.9684
 -- Sample 22: mean=40.7928º; std=39.8789
 -- Sample 23: mean=40.5719º; std=40.0772
 -- Sample 24: mean=42.5899º; std=41.2590
 -- Sample 25: mean=40.8812º; std=41.1469
 -- Sample 26: mean=35.0767º; std=34.3842
 -- Sample 27: mean=37.7096º; std=34.7208
 -- Sample 28: mean=34.5132º; std=33.6527
 -- Sample 29: mean=36.0420º; std=33.7075
 -- Sample 30: mean=32.0152º; std=34.0233
 -- Sample 31: mean=32.5081º; std=33.9538
 -- Sample 32: mean=31.8307º; std=33.7628
 -- Sample 33: mean=32.5807º; std=34.7162
 -- Sample 34: mean=56.6231º; std=44.9504
 -- Sample 35: mean=53.4137º; std=44.5111
 -- Sample 36: mean=53.4903º; std=44.1569
 -- Sample 37: mean=50.1468º; std=43.0644
 -- Sample 38: mean=39.9772º; std=37.2643
 -- Sample 39: mean=42.5826º; std=40.0460
 -- Sample 40: mean=43.6301º; std=39.8234
 -- Sample 41: mean=39.7513º; std=37.6307
 -- Sample 42: mean=48.6139º; std=41.6497
 -- Sample 43: mean=52.2509º; std=41.1588
 -- Sample 44: mean=48.3062º; std=41.1122
 -- Sample 45: mean=46.9931º; std=39.3209
 -- Sample 46: mean=32.5225º; std=31.5407
 -- Sample 47: mean=34.1076º; std=34.2188
 -- Sample 48: mean=34.7409º; std=35.1500
 -- Sample 49: mean=33.3793º; std=33.8007
Mean: 43.8864º, Std: 9.0497º
------------------------------------------------------------------
Correlation comparison:
 -- Sample 0: 0.7470
 -- Sample 1: 0.7421
 -- Sample 2: 0.2833
 -- Sample 3: 0.5843
 -- Sample 4: 0.5854
 -- Sample 5: 0.5016
 -- Sample 6: 0.9782
 -- Sample 7: 0.9757
 -- Sample 8: 0.9768
 -- Sample 9: 0.9745
 -- Sample 10: 0.5739
 -- Sample 11: 0.3822
 -- Sample 12: 0.5624
 -- Sample 13: 0.4570
 -- Sample 14: 0.9363
 -- Sample 15: 0.9365
 -- Sample 16: 0.9535
 -- Sample 17: 0.9325
 -- Sample 18: 0.8741
 -- Sample 19: 0.8730
 -- Sample 20: 0.8419
 -- Sample 21: 0.8560
 -- Sample 22: 0.7909
 -- Sample 23: 0.7637
 -- Sample 24: 0.8017
 -- Sample 25: 0.8140
 -- Sample 26: 0.8998
 -- Sample 27: 0.8478
 -- Sample 28: 0.8937
 -- Sample 29: 0.8031
 -- Sample 30: 0.8350
 -- Sample 31: 0.8260
 -- Sample 32: 0.8189
 -- Sample 33: 0.8221
 -- Sample 34: 0.9154
 -- Sample 35: 0.9208
 -- Sample 36: 0.9098
 -- Sample 37: 0.9084
 -- Sample 38: 0.9213
 -- Sample 39: 0.9199
 -- Sample 40: 0.9306
 -- Sample 41: 0.9204
 -- Sample 42: 0.8276
 -- Sample 43: 0.8831
 -- Sample 44: 0.8892
 -- Sample 45: 0.8461
 -- Sample 46: 0.8788
 -- Sample 47: 0.8262
 -- Sample 48: 0.8616
 -- Sample 49: 0.8473
Mean=0.8130, Std=0.1570
------------------------------------------------------------------
Flux Error:
 -- Sample 0: 0.4577
 -- Sample 1: 0.5064
 -- Sample 2: 0.9440
 -- Sample 3: 0.9348
 -- Sample 4: 1.0272
 -- Sample 5: 1.0433
 -- Sample 6: 0.9156
 -- Sample 7: 0.7270
 -- Sample 8: 0.8873
 -- Sample 9: 0.7168
 -- Sample 10: 2.1713
 -- Sample 11: 2.0500
 -- Sample 12: 1.7015
 -- Sample 13: 2.0784
 -- Sample 14: 1.0831
 -- Sample 15: 0.8160
 -- Sample 16: 1.1719
 -- Sample 17: 0.8927
 -- Sample 18: 0.6756
 -- Sample 19: 0.6248
 -- Sample 20: 0.6439
 -- Sample 21: 0.6748
 -- Sample 22: 1.2578
 -- Sample 23: 1.1607
 -- Sample 24: 1.3062
 -- Sample 25: 1.0982
 -- Sample 26: 0.6154
 -- Sample 27: 1.0525
 -- Sample 28: 0.6470
 -- Sample 29: 1.0284
 -- Sample 30: 1.0182
 -- Sample 31: 0.5981
 -- Sample 32: 1.0528
 -- Sample 33: 0.7022
 -- Sample 34: 1.4925
 -- Sample 35: 0.7595
 -- Sample 36: 1.4125
 -- Sample 37: 0.7432
 -- Sample 38: 0.5202
 -- Sample 39: 0.8238
 -- Sample 40: 0.5161
 -- Sample 41: 0.7696
 -- Sample 42: 0.9037
 -- Sample 43: 0.7128
 -- Sample 44: 0.6463
 -- Sample 45: 0.8251
 -- Sample 46: 0.5381
 -- Sample 47: 0.6288
 -- Sample 48: 0.5096
 -- Sample 49: 0.6565
Mean: 0.9348, Std: 0.3992
------------------------------------------------------------------
Tortuosity Comparison:
 -- Sample 0: 8.2350%
 -- Sample 1: 14.8794%
 -- Sample 2: 11.2371%
 -- Sample 3: 21.0334%
 -- Sample 4: 1.1144%
 -- Sample 5: 13.5407%
 -- Sample 6: 4.7097%
 -- Sample 7: 6.3854%
 -- Sample 8: 3.8942%
 -- Sample 9: 6.5858%
 -- Sample 10: 11.3267%
 -- Sample 11: 21.0050%
 -- Sample 12: 6.6606%
 -- Sample 13: 18.4816%
 -- Sample 14: 3.0994%
 -- Sample 15: 3.9508%
 -- Sample 16: 7.0146%
 -- Sample 17: 3.0504%
 -- Sample 18: 3.0206%
 -- Sample 19: 0.8416%
 -- Sample 20: 0.2012%
 -- Sample 21: 1.6093%
 -- Sample 22: 8.4478%
 -- Sample 23: 9.3673%
 -- Sample 24: 9.2992%
 -- Sample 25: 8.7678%
 -- Sample 26: 6.2319%
 -- Sample 27: 8.0506%
 -- Sample 28: 3.7595%
 -- Sample 29: 8.1540%
 -- Sample 30: 4.2355%
 -- Sample 31: 3.8465%
 -- Sample 32: 3.9250%
 -- Sample 33: 5.2805%
 -- Sample 34: 8.4073%
 -- Sample 35: 8.3698%
 -- Sample 36: 9.7498%
 -- Sample 37: 2.1080%
 -- Sample 38: 7.0185%
 -- Sample 39: 5.0844%
 -- Sample 40: 4.4613%
 -- Sample 41: 3.4250%
 -- Sample 42: 1.0331%
 -- Sample 43: 11.9539%
 -- Sample 44: 0.8515%
 -- Sample 45: 0.1880%
 -- Sample 46: 15.9625%
 -- Sample 47: 19.6493%
 -- Sample 48: 18.3061%
 -- Sample 49: 16.4204%
Mean: 7.6846%, Std: 5.6268%
------------------------------------------------------------------
Evaluating Divergent:
 -- Sample 0: 63.8372%
 -- Sample 1: 66.6728%
 -- Sample 2: 69.5855%
 -- Sample 3: 70.7622%
 -- Sample 4: 69.2243%
 -- Sample 5: 70.7214%
 -- Sample 6: 60.2883%
 -- Sample 7: 64.3312%
 -- Sample 8: 60.3723%
 -- Sample 9: 64.7027%
 -- Sample 10: 68.4013%
 -- Sample 11: 69.2360%
 -- Sample 12: 68.5095%
 -- Sample 13: 68.1910%
 -- Sample 14: 63.3853%
 -- Sample 15: 63.9501%
 -- Sample 16: 63.7966%
 -- Sample 17: 64.4330%
 -- Sample 18: 59.4729%
 -- Sample 19: 57.5435%
 -- Sample 20: 60.0051%
 -- Sample 21: 57.8329%
 -- Sample 22: 60.9926%
 -- Sample 23: 62.7830%
 -- Sample 24: 61.8480%
 -- Sample 25: 62.6088%
 -- Sample 26: 60.7790%
 -- Sample 27: 61.5653%
 -- Sample 28: 59.8932%
 -- Sample 29: 60.7035%
 -- Sample 30: 56.6128%
 -- Sample 31: 56.6646%
 -- Sample 32: 56.3011%
 -- Sample 33: 57.5859%
 -- Sample 34: 63.4505%
 -- Sample 35: 64.3870%
 -- Sample 36: 63.3090%
 -- Sample 37: 63.6436%
 -- Sample 38: 61.2432%
 -- Sample 39: 60.3756%
 -- Sample 40: 60.5501%
 -- Sample 41: 60.4602%
 -- Sample 42: 65.9153%
 -- Sample 43: 66.0696%
 -- Sample 44: 65.9197%
 -- Sample 45: 66.3186%
 -- Sample 46: 57.4374%
 -- Sample 47: 58.2827%
 -- Sample 48: 57.6524%
 -- Sample 49: 58.1108%
Mean: 62.7344%, Std: 3.9733%
------------------------------------------------------------------
Processing Batch 5 (Size: 50)...
input shape:  torch.Size([50, 1, 120, 120, 120])
output shape:  torch.Size([50, 4, 120, 120, 120])
target shape:  torch.Size([50, 4, 120, 120, 120])
Bias Error: using velocity magnitude
Mean: 69.1622, Std: 69.7598
------------------------------------------------------------------
Magnitude Error: 
 -- Sample 0: mean=72.9171%; std=115.8170
 -- Sample 1: mean=77.3062%; std=117.7458
 -- Sample 2: mean=70.8235%; std=100.7240
 -- Sample 3: mean=88.3535%; std=122.5196
 -- Sample 4: mean=23.2789%; std=18.3434
 -- Sample 5: mean=22.5162%; std=17.1171
 -- Sample 6: mean=22.2944%; std=17.1662
 -- Sample 7: mean=23.1473%; std=17.9825
 -- Sample 8: mean=318.5124%; std=416.6948
 -- Sample 9: mean=343.2123%; std=436.9179
 -- Sample 10: mean=335.5066%; std=434.7175
 -- Sample 11: mean=333.9561%; std=412.7010
 -- Sample 12: mean=37.4791%; std=16.4930
 -- Sample 13: mean=37.5686%; std=21.6469
 -- Sample 14: mean=36.1326%; std=18.6741
 -- Sample 15: mean=39.8330%; std=20.6773
 -- Sample 16: mean=44.4427%; std=17.6842
 -- Sample 17: mean=43.2479%; std=16.2222
 -- Sample 18: mean=38.1224%; std=16.6396
 -- Sample 19: mean=42.0728%; std=15.9314
 -- Sample 20: mean=39.6402%; std=18.8646
 -- Sample 21: mean=31.7402%; std=20.1702
 -- Sample 22: mean=35.8176%; std=19.2043
 -- Sample 23: mean=35.4876%; std=20.2023
 -- Sample 24: mean=148.6798%; std=205.5713
 -- Sample 25: mean=170.5731%; std=245.2419
 -- Sample 26: mean=161.0946%; std=222.6801
 -- Sample 27: mean=137.5673%; std=196.0260
 -- Sample 28: mean=197.5683%; std=184.6391
 -- Sample 29: mean=157.1773%; std=144.7557
 -- Sample 30: mean=174.2395%; std=198.4366
 -- Sample 31: mean=154.6150%; std=152.3586
 -- Sample 32: mean=81.1969%; std=66.6512
 -- Sample 33: mean=88.0449%; std=77.9143
 -- Sample 34: mean=102.2429%; std=75.2289
 -- Sample 35: mean=69.9416%; std=47.1643
 -- Sample 36: mean=44.1674%; std=19.2017
 -- Sample 37: mean=44.7704%; std=19.1776
 -- Sample 38: mean=39.1267%; std=21.7011
 -- Sample 39: mean=46.1139%; std=15.8625
 -- Sample 40: mean=52.0642%; std=26.4999
 -- Sample 41: mean=46.3858%; std=24.7025
 -- Sample 42: mean=42.1845%; std=24.2093
 -- Sample 43: mean=41.5172%; std=22.3510
 -- Sample 44: mean=32.2343%; std=18.4445
 -- Sample 45: mean=29.0523%; std=20.6170
 -- Sample 46: mean=29.9359%; std=21.0159
 -- Sample 47: mean=35.2906%; std=20.4066
 -- Sample 48: mean=34.8322%; std=19.6530
 -- Sample 49: mean=31.9513%; std=19.7920
Mean: 87.7196%, Std: 85.8724%
------------------------------------------------------------------
Angular error:
 -- Sample 0: mean=46.4936º; std=38.6127
 -- Sample 1: mean=43.3444º; std=38.8330
 -- Sample 2: mean=47.3257º; std=39.6814
 -- Sample 3: mean=44.3185º; std=40.2198
 -- Sample 4: mean=26.2578º; std=31.6263
 -- Sample 5: mean=25.9846º; std=30.7599
 -- Sample 6: mean=25.3113º; std=30.5486
 -- Sample 7: mean=26.7439º; std=32.1330
 -- Sample 8: mean=45.6720º; std=43.5232
 -- Sample 9: mean=46.7118º; std=43.7530
 -- Sample 10: mean=48.3129º; std=45.2727
 -- Sample 11: mean=46.0605º; std=43.9168
 -- Sample 12: mean=38.8791º; std=36.6323
 -- Sample 13: mean=43.0552º; std=36.7128
 -- Sample 14: mean=37.4993º; std=35.7155
 -- Sample 15: mean=45.0703º; std=37.2359
 -- Sample 16: mean=31.1154º; std=31.2478
 -- Sample 17: mean=33.4734º; std=31.5144
 -- Sample 18: mean=31.1738º; std=30.8312
 -- Sample 19: mean=32.4845º; std=30.9186
 -- Sample 20: mean=36.2991º; std=36.3484
 -- Sample 21: mean=37.9516º; std=35.4338
 -- Sample 22: mean=36.0317º; std=36.2155
 -- Sample 23: mean=38.4403º; std=35.9058
 -- Sample 24: mean=47.2410º; std=41.8369
 -- Sample 25: mean=47.0369º; std=39.7581
 -- Sample 26: mean=50.2919º; std=42.2054
 -- Sample 27: mean=50.1651º; std=40.8562
 -- Sample 28: mean=40.5395º; std=36.3872
 -- Sample 29: mean=41.9196º; std=37.6117
 -- Sample 30: mean=41.2597º; std=37.3412
 -- Sample 31: mean=41.9482º; std=38.6214
 -- Sample 32: mean=39.4250º; std=39.0340
 -- Sample 33: mean=40.0620º; std=38.1203
 -- Sample 34: mean=39.8255º; std=38.8625
 -- Sample 35: mean=40.2275º; std=38.2048
 -- Sample 36: mean=39.6874º; std=38.9769
 -- Sample 37: mean=40.3873º; std=37.9683
 -- Sample 38: mean=39.2125º; std=39.0194
 -- Sample 39: mean=40.3288º; std=37.6405
 -- Sample 40: mean=44.6244º; std=41.1632
 -- Sample 41: mean=47.4443º; std=41.8476
 -- Sample 42: mean=43.1969º; std=39.7496
 -- Sample 43: mean=43.4347º; std=40.0911
 -- Sample 44: mean=31.1704º; std=31.3761
 -- Sample 45: mean=32.3103º; std=31.9362
 -- Sample 46: mean=31.7877º; std=32.8475
 -- Sample 47: mean=33.0696º; std=32.6192
 -- Sample 48: mean=41.7020º; std=34.2683
 -- Sample 49: mean=37.8646º; std=34.1590
Mean: 39.6035º, Std: 6.4699º
------------------------------------------------------------------
Correlation comparison:
 -- Sample 0: 0.6593
 -- Sample 1: 0.6909
 -- Sample 2: 0.6860
 -- Sample 3: 0.6649
 -- Sample 4: 0.9660
 -- Sample 5: 0.9694
 -- Sample 6: 0.9602
 -- Sample 7: 0.9637
 -- Sample 8: 0.5203
 -- Sample 9: 0.4136
 -- Sample 10: 0.4549
 -- Sample 11: 0.4518
 -- Sample 12: 0.9682
 -- Sample 13: 0.9331
 -- Sample 14: 0.9486
 -- Sample 15: 0.9392
 -- Sample 16: 0.9151
 -- Sample 17: 0.9327
 -- Sample 18: 0.9497
 -- Sample 19: 0.9453
 -- Sample 20: 0.8630
 -- Sample 21: 0.9189
 -- Sample 22: 0.8826
 -- Sample 23: 0.8600
 -- Sample 24: 0.5979
 -- Sample 25: 0.4764
 -- Sample 26: 0.5212
 -- Sample 27: 0.5492
 -- Sample 28: 0.6965
 -- Sample 29: 0.8277
 -- Sample 30: 0.7068
 -- Sample 31: 0.7972
 -- Sample 32: 0.8280
 -- Sample 33: 0.7654
 -- Sample 34: 0.7274
 -- Sample 35: 0.8604
 -- Sample 36: 0.9480
 -- Sample 37: 0.9272
 -- Sample 38: 0.9372
 -- Sample 39: 0.9521
 -- Sample 40: 0.8070
 -- Sample 41: 0.8279
 -- Sample 42: 0.8686
 -- Sample 43: 0.8377
 -- Sample 44: 0.9482
 -- Sample 45: 0.9271
 -- Sample 46: 0.9234
 -- Sample 47: 0.9190
 -- Sample 48: 0.9198
 -- Sample 49: 0.9159
Mean=0.8094, Std=0.1628
------------------------------------------------------------------
Flux Error:
 -- Sample 0: 0.7205
 -- Sample 1: 0.9718
 -- Sample 2: 0.8482
 -- Sample 3: 1.0104
 -- Sample 4: 0.7694
 -- Sample 5: 1.0345
 -- Sample 6: 0.7820
 -- Sample 7: 1.0207
 -- Sample 8: 3.1915
 -- Sample 9: 3.2950
 -- Sample 10: 3.2598
 -- Sample 11: 3.4325
 -- Sample 12: 0.5870
 -- Sample 13: 0.4864
 -- Sample 14: 0.6094
 -- Sample 15: 0.4439
 -- Sample 16: 0.7083
 -- Sample 17: 0.4281
 -- Sample 18: 0.7966
 -- Sample 19: 0.4237
 -- Sample 20: 0.5599
 -- Sample 21: 0.7811
 -- Sample 22: 0.5338
 -- Sample 23: 0.8939
 -- Sample 24: 1.0475
 -- Sample 25: 1.7845
 -- Sample 26: 1.2247
 -- Sample 27: 1.2447
 -- Sample 28: 2.1605
 -- Sample 29: 1.8449
 -- Sample 30: 1.8829
 -- Sample 31: 1.7974
 -- Sample 32: 1.6763
 -- Sample 33: 1.1514
 -- Sample 34: 1.7533
 -- Sample 35: 1.0471
 -- Sample 36: 0.6175
 -- Sample 37: 0.8746
 -- Sample 38: 0.6614
 -- Sample 39: 0.8593
 -- Sample 40: 0.8703
 -- Sample 41: 0.5482
 -- Sample 42: 0.7345
 -- Sample 43: 0.5887
 -- Sample 44: 0.5043
 -- Sample 45: 0.7571
 -- Sample 46: 0.5371
 -- Sample 47: 0.6806
 -- Sample 48: 0.5270
 -- Sample 49: 0.4162
Mean: 1.1076, Std: 0.7755
------------------------------------------------------------------
Tortuosity Comparison:
 -- Sample 0: 5.1377%
 -- Sample 1: 7.9464%
 -- Sample 2: 4.7067%
 -- Sample 3: 5.3672%
 -- Sample 4: 2.7125%
 -- Sample 5: 4.0421%
 -- Sample 6: 3.3439%
 -- Sample 7: 3.5464%
 -- Sample 8: 7.3855%
 -- Sample 9: 5.5605%
 -- Sample 10: 8.5467%
 -- Sample 11: 10.6063%
 -- Sample 12: 0.9085%
 -- Sample 13: 11.8718%
 -- Sample 14: 0.4856%
 -- Sample 15: 5.1025%
 -- Sample 16: 9.2836%
 -- Sample 17: 11.5057%
 -- Sample 18: 9.7934%
 -- Sample 19: 10.6361%
 -- Sample 20: 8.5180%
 -- Sample 21: 8.0667%
 -- Sample 22: 6.5964%
 -- Sample 23: 11.5047%
 -- Sample 24: 10.8836%
 -- Sample 25: 3.8693%
 -- Sample 26: 4.4279%
 -- Sample 27: 6.8479%
 -- Sample 28: 3.7251%
 -- Sample 29: 3.0327%
 -- Sample 30: 4.2482%
 -- Sample 31: 6.6990%
 -- Sample 32: 7.6697%
 -- Sample 33: 8.8633%
 -- Sample 34: 9.4208%
 -- Sample 35: 6.9465%
 -- Sample 36: 4.7786%
 -- Sample 37: 6.2787%
 -- Sample 38: 3.3928%
 -- Sample 39: 1.9855%
 -- Sample 40: 5.5202%
 -- Sample 41: 6.7310%
 -- Sample 42: 4.7430%
 -- Sample 43: 5.7648%
 -- Sample 44: 4.3802%
 -- Sample 45: 5.7876%
 -- Sample 46: 5.6269%
 -- Sample 47: 3.8472%
 -- Sample 48: 8.4591%
 -- Sample 49: 7.9013%
Mean: 6.3001%, Std: 2.7792%
------------------------------------------------------------------
Evaluating Divergent:
 -- Sample 0: 62.6335%
 -- Sample 1: 65.3461%
 -- Sample 2: 62.6322%
 -- Sample 3: 65.6069%
 -- Sample 4: 60.3553%
 -- Sample 5: 56.8538%
 -- Sample 6: 60.3353%
 -- Sample 7: 57.1527%
 -- Sample 8: 66.0350%
 -- Sample 9: 66.9451%
 -- Sample 10: 66.4549%
 -- Sample 11: 67.3081%
 -- Sample 12: 62.2544%
 -- Sample 13: 62.8745%
 -- Sample 14: 62.1262%
 -- Sample 15: 62.9345%
 -- Sample 16: 56.9939%
 -- Sample 17: 59.9484%
 -- Sample 18: 56.7546%
 -- Sample 19: 58.9368%
 -- Sample 20: 62.8654%
 -- Sample 21: 60.2428%
 -- Sample 22: 61.5900%
 -- Sample 23: 60.5894%
 -- Sample 24: 62.3382%
 -- Sample 25: 63.8338%
 -- Sample 26: 64.6318%
 -- Sample 27: 65.0415%
 -- Sample 28: 62.8183%
 -- Sample 29: 63.7444%
 -- Sample 30: 62.1006%
 -- Sample 31: 63.5682%
 -- Sample 32: 62.3616%
 -- Sample 33: 64.5818%
 -- Sample 34: 63.6713%
 -- Sample 35: 63.7819%
 -- Sample 36: 61.1341%
 -- Sample 37: 63.2454%
 -- Sample 38: 60.8252%
 -- Sample 39: 63.3606%
 -- Sample 40: 62.6537%
 -- Sample 41: 64.8387%
 -- Sample 42: 62.6021%
 -- Sample 43: 63.9737%
 -- Sample 44: 55.6238%
 -- Sample 45: 57.8606%
 -- Sample 46: 54.4393%
 -- Sample 47: 58.0341%
 -- Sample 48: 62.6886%
 -- Sample 49: 60.7904%
Mean: 62.0063%, Std: 2.9414%
------------------------------------------------------------------
Processing Batch 6 (Size: 14)...
input shape:  torch.Size([14, 1, 120, 120, 120])
output shape:  torch.Size([14, 4, 120, 120, 120])
target shape:  torch.Size([14, 4, 120, 120, 120])
Bias Error: using velocity magnitude
Mean: 12.9174, Std: 8.5136
------------------------------------------------------------------
Magnitude Error: 
 -- Sample 0: mean=31.5910%; std=21.5383
 -- Sample 1: mean=32.1301%; std=19.8589
 -- Sample 2: mean=28.5144%; std=19.6714
 -- Sample 3: mean=28.0345%; std=20.4922
 -- Sample 4: mean=29.5985%; std=21.6678
 -- Sample 5: mean=29.8192%; std=20.2490
 -- Sample 6: mean=36.5269%; std=24.8402
 -- Sample 7: mean=43.9128%; std=34.0061
 -- Sample 8: mean=38.0056%; std=26.8432
 -- Sample 9: mean=45.0550%; std=29.0627
 -- Sample 10: mean=33.7233%; std=17.9142
 -- Sample 11: mean=28.0688%; std=22.8035
 -- Sample 12: mean=26.7711%; std=17.9166
 -- Sample 13: mean=36.6972%; std=20.5834
Mean: 33.4606%, Std: 5.6407%
------------------------------------------------------------------
Angular error:
 -- Sample 0: mean=41.8383º; std=34.6837
 -- Sample 1: mean=39.3885º; std=34.6358
 -- Sample 2: mean=41.5805º; std=39.9743
 -- Sample 3: mean=44.2810º; std=38.2597
 -- Sample 4: mean=42.5182º; std=41.3031
 -- Sample 5: mean=46.7507º; std=39.8298
 -- Sample 6: mean=44.9230º; std=38.5426
 -- Sample 7: mean=47.8108º; std=37.4300
 -- Sample 8: mean=42.0264º; std=36.8247
 -- Sample 9: mean=46.1083º; std=34.9926
 -- Sample 10: mean=37.9614º; std=37.7495
 -- Sample 11: mean=40.0148º; std=35.5197
 -- Sample 12: mean=37.7494º; std=37.0464
 -- Sample 13: mean=43.1030º; std=36.8058
Mean: 42.5753º, Std: 3.0373º
------------------------------------------------------------------
Correlation comparison:
 -- Sample 0: 0.9117
 -- Sample 1: 0.9118
 -- Sample 2: 0.9077
 -- Sample 3: 0.9183
 -- Sample 4: 0.8871
 -- Sample 5: 0.9132
 -- Sample 6: 0.8367
 -- Sample 7: 0.8154
 -- Sample 8: 0.8416
 -- Sample 9: 0.7735
 -- Sample 10: 0.9553
 -- Sample 11: 0.9387
 -- Sample 12: 0.9617
 -- Sample 13: 0.9087
Mean=0.8915, Std=0.0528
------------------------------------------------------------------
Flux Error:
 -- Sample 0: 0.5474
 -- Sample 1: 0.3719
 -- Sample 2: 0.4416
 -- Sample 3: 0.8259
 -- Sample 4: 0.4450
 -- Sample 5: 0.8350
 -- Sample 6: 0.6919
 -- Sample 7: 0.7938
 -- Sample 8: 0.6536
 -- Sample 9: 0.7622
 -- Sample 10: 0.7497
 -- Sample 11: 0.8350
 -- Sample 12: 0.7567
 -- Sample 13: 0.8064
Mean: 0.6797, Std: 0.1561
------------------------------------------------------------------
Tortuosity Comparison:
 -- Sample 0: 12.3273%
 -- Sample 1: 5.3427%
 -- Sample 2: 1.8911%
 -- Sample 3: 15.2383%
 -- Sample 4: 6.4420%
 -- Sample 5: 14.5593%
 -- Sample 6: 0.0493%
 -- Sample 7: 13.7047%
 -- Sample 8: 1.3098%
 -- Sample 9: 3.0376%
 -- Sample 10: 2.5258%
 -- Sample 11: 10.1549%
 -- Sample 12: 3.2105%
 -- Sample 13: 7.7111%
Mean: 6.9646%, Std: 5.1319%
------------------------------------------------------------------
Evaluating Divergent:
 -- Sample 0: 62.3551%
 -- Sample 1: 61.4377%
 -- Sample 2: 62.2785%
 -- Sample 3: 62.7631%
 -- Sample 4: 61.2351%
 -- Sample 5: 63.5827%
 -- Sample 6: 63.6118%
 -- Sample 7: 63.1508%
 -- Sample 8: 63.9731%
 -- Sample 9: 63.5267%
 -- Sample 10: 59.5598%
 -- Sample 11: 64.3349%
 -- Sample 12: 60.0121%
 -- Sample 13: 63.9524%
Mean: 62.5553%, Std: 1.4440%
------------------------------------------------------------------

-----------------------------------------------------


========================================================================================================================



  Leopard  results:


Loading data...
Testing model:   Ko et. al (Etapas 3)
Processing Batch 1 (Size: 50)...
input shape:  torch.Size([50, 1, 120, 120, 120])
output shape:  torch.Size([50, 4, 120, 120, 120])
target shape:  torch.Size([50, 4, 120, 120, 120])
Bias Error: using velocity magnitude
Mean: 39.4607, Std: 32.4314
------------------------------------------------------------------
Magnitude Error: 
 -- Sample 0: mean=69.2569%; std=83.6650
 -- Sample 1: mean=48.4005%; std=46.2155
 -- Sample 2: mean=37.5386%; std=37.9775
 -- Sample 3: mean=39.7752%; std=42.8196
 -- Sample 4: mean=51.9295%; std=25.3055
 -- Sample 5: mean=50.7222%; std=22.8206
 -- Sample 6: mean=58.9795%; std=25.2166
 -- Sample 7: mean=46.9847%; std=23.3840
 -- Sample 8: mean=33.8080%; std=16.0022
 -- Sample 9: mean=38.1944%; std=14.6825
 -- Sample 10: mean=39.9173%; std=16.8060
 -- Sample 11: mean=29.6154%; std=14.1086
 -- Sample 12: mean=36.5108%; std=31.3206
 -- Sample 13: mean=30.2162%; std=25.0769
 -- Sample 14: mean=33.3739%; std=26.9036
 -- Sample 15: mean=32.7913%; std=22.2848
 -- Sample 16: mean=42.6460%; std=46.9069
 -- Sample 17: mean=38.6888%; std=36.8902
 -- Sample 18: mean=46.9599%; std=46.1070
 -- Sample 19: mean=40.2521%; std=52.2026
 -- Sample 20: mean=148.1996%; std=132.2955
 -- Sample 21: mean=152.4559%; std=129.0429
 -- Sample 22: mean=143.0614%; std=126.2502
 -- Sample 23: mean=144.7937%; std=118.0749
 -- Sample 24: mean=49.4662%; std=41.8625
 -- Sample 25: mean=61.5604%; std=48.2994
 -- Sample 26: mean=56.3338%; std=48.8762
 -- Sample 27: mean=60.0945%; std=54.5545
 -- Sample 28: mean=69.2529%; std=72.0690
 -- Sample 29: mean=73.7459%; std=77.8119
 -- Sample 30: mean=96.1267%; std=98.8566
 -- Sample 31: mean=77.8362%; std=81.0834
 -- Sample 32: mean=42.0409%; std=25.0444
 -- Sample 33: mean=35.9310%; std=23.8472
 -- Sample 34: mean=38.1912%; std=26.2697
 -- Sample 35: mean=34.6107%; std=20.5865
 -- Sample 36: mean=24.9089%; std=17.4195
 -- Sample 37: mean=29.4994%; std=19.7726
 -- Sample 38: mean=24.4777%; std=21.6554
 -- Sample 39: mean=27.2277%; std=20.1420
 -- Sample 40: mean=36.8567%; std=25.4947
 -- Sample 41: mean=40.7399%; std=26.5154
 -- Sample 42: mean=43.0443%; std=22.5114
 -- Sample 43: mean=40.6931%; std=27.5673
 -- Sample 44: mean=23.4455%; std=18.7395
 -- Sample 45: mean=28.5062%; std=21.2902
 -- Sample 46: mean=26.3304%; std=19.3443
 -- Sample 47: mean=32.9364%; std=25.1934
 -- Sample 48: mean=62.3571%; std=70.1105
 -- Sample 49: mean=50.9262%; std=63.2815
Mean: 52.4442%, Std: 31.6550%
------------------------------------------------------------------
Angular error:
 -- Sample 0: mean=46.9965º; std=39.4573
 -- Sample 1: mean=50.9443º; std=38.7384
 -- Sample 2: mean=50.3443º; std=40.4360
 -- Sample 3: mean=52.2802º; std=41.3079
 -- Sample 4: mean=61.2606º; std=43.4262
 -- Sample 5: mean=59.3167º; std=42.3930
 -- Sample 6: mean=69.5811º; std=46.3384
 -- Sample 7: mean=66.6953º; std=45.4876
 -- Sample 8: mean=43.1913º; std=39.5401
 -- Sample 9: mean=43.8353º; std=39.1796
 -- Sample 10: mean=46.7178º; std=42.2932
 -- Sample 11: mean=43.1168º; std=39.4352
 -- Sample 12: mean=38.4737º; std=33.7947
 -- Sample 13: mean=34.2348º; std=33.9132
 -- Sample 14: mean=38.9980º; std=34.5046
 -- Sample 15: mean=34.7607º; std=34.6049
 -- Sample 16: mean=42.0227º; std=37.1904
 -- Sample 17: mean=40.7899º; std=35.5835
 -- Sample 18: mean=41.0381º; std=36.1312
 -- Sample 19: mean=41.0384º; std=36.6904
 -- Sample 20: mean=44.8153º; std=38.8803
 -- Sample 21: mean=44.6898º; std=36.8310
 -- Sample 22: mean=42.7549º; std=37.3426
 -- Sample 23: mean=46.8283º; std=38.2829
 -- Sample 24: mean=53.6550º; std=40.2686
 -- Sample 25: mean=55.2855º; std=39.9612
 -- Sample 26: mean=56.2171º; std=42.3662
 -- Sample 27: mean=57.7894º; std=41.2777
 -- Sample 28: mean=47.4045º; std=39.4356
 -- Sample 29: mean=45.4425º; std=40.6387
 -- Sample 30: mean=50.1201º; std=40.5154
 -- Sample 31: mean=47.4713º; std=43.4785
 -- Sample 32: mean=48.9819º; std=38.3583
 -- Sample 33: mean=46.9334º; std=37.7872
 -- Sample 34: mean=50.6140º; std=38.1229
 -- Sample 35: mean=45.3377º; std=37.0867
 -- Sample 36: mean=44.0115º; std=39.7431
 -- Sample 37: mean=46.3446º; std=40.0868
 -- Sample 38: mean=42.7193º; std=40.0208
 -- Sample 39: mean=48.7295º; std=41.1009
 -- Sample 40: mean=45.1954º; std=39.4828
 -- Sample 41: mean=46.3359º; std=39.1734
 -- Sample 42: mean=40.8848º; std=34.3234
 -- Sample 43: mean=44.6068º; std=36.5215
 -- Sample 44: mean=46.4217º; std=40.7415
 -- Sample 45: mean=46.1800º; std=41.2685
 -- Sample 46: mean=49.0654º; std=42.7120
 -- Sample 47: mean=48.3524º; std=42.1693
 -- Sample 48: mean=48.3215º; std=39.9565
 -- Sample 49: mean=49.2534º; std=41.9133
Mean: 47.5280º, Std: 6.9041º
------------------------------------------------------------------
Correlation comparison:
 -- Sample 0: 0.8026
 -- Sample 1: 0.5719
 -- Sample 2: 0.6077
 -- Sample 3: 0.7166
 -- Sample 4: 0.8404
 -- Sample 5: 0.8425
 -- Sample 6: 0.8158
 -- Sample 7: 0.8479
 -- Sample 8: 0.9806
 -- Sample 9: 0.9778
 -- Sample 10: 0.9702
 -- Sample 11: 0.9798
 -- Sample 12: 0.8343
 -- Sample 13: 0.9257
 -- Sample 14: 0.8452
 -- Sample 15: 0.9016
 -- Sample 16: 0.8490
 -- Sample 17: 0.8538
 -- Sample 18: 0.7482
 -- Sample 19: 0.8246
 -- Sample 20: 0.5532
 -- Sample 21: 0.5610
 -- Sample 22: 0.5465
 -- Sample 23: 0.5207
 -- Sample 24: 0.8339
 -- Sample 25: 0.7817
 -- Sample 26: 0.8098
 -- Sample 27: 0.8146
 -- Sample 28: 0.7989
 -- Sample 29: 0.8031
 -- Sample 30: 0.6958
 -- Sample 31: 0.7625
 -- Sample 32: 0.8171
 -- Sample 33: 0.8789
 -- Sample 34: 0.8205
 -- Sample 35: 0.8834
 -- Sample 36: 0.9780
 -- Sample 37: 0.9673
 -- Sample 38: 0.9706
 -- Sample 39: 0.9728
 -- Sample 40: 0.8615
 -- Sample 41: 0.8585
 -- Sample 42: 0.8385
 -- Sample 43: 0.8201
 -- Sample 44: 0.9546
 -- Sample 45: 0.9236
 -- Sample 46: 0.9703
 -- Sample 47: 0.9227
 -- Sample 48: 0.7693
 -- Sample 49: 0.8260
Mean=0.8250, Std=0.1212
------------------------------------------------------------------
Flux Error:
 -- Sample 0: 1.0151
 -- Sample 1: 1.3782
 -- Sample 2: 1.7321
 -- Sample 3: 1.2995
 -- Sample 4: 0.4413
 -- Sample 5: 0.6537
 -- Sample 6: 0.5069
 -- Sample 7: 0.6147
 -- Sample 8: 0.6932
 -- Sample 9: 0.8472
 -- Sample 10: 0.7137
 -- Sample 11: 0.7958
 -- Sample 12: 0.8535
 -- Sample 13: 0.6185
 -- Sample 14: 0.8176
 -- Sample 15: 0.5806
 -- Sample 16: 0.9444
 -- Sample 17: 0.6788
 -- Sample 18: 0.9160
 -- Sample 19: 0.7316
 -- Sample 20: 1.8118
 -- Sample 21: 1.6565
 -- Sample 22: 1.6597
 -- Sample 23: 1.5764
 -- Sample 24: 1.0001
 -- Sample 25: 1.0814
 -- Sample 26: 1.0647
 -- Sample 27: 1.2100
 -- Sample 28: 1.0676
 -- Sample 29: 0.8585
 -- Sample 30: 1.1963
 -- Sample 31: 0.8627
 -- Sample 32: 0.8874
 -- Sample 33: 0.5760
 -- Sample 34: 0.8595
 -- Sample 35: 0.5664
 -- Sample 36: 0.6630
 -- Sample 37: 0.9849
 -- Sample 38: 0.7059
 -- Sample 39: 1.0624
 -- Sample 40: 0.5216
 -- Sample 41: 0.6042
 -- Sample 42: 0.4989
 -- Sample 43: 0.5966
 -- Sample 44: 1.3325
 -- Sample 45: 0.8684
 -- Sample 46: 1.4161
 -- Sample 47: 1.0037
 -- Sample 48: 0.9211
 -- Sample 49: 0.7074
Mean: 0.9331, Std: 0.3453
------------------------------------------------------------------
Tortuosity Comparison:
 -- Sample 0: 10.0796%
 -- Sample 1: 2.0011%
 -- Sample 2: 3.3673%
 -- Sample 3: 5.7486%
 -- Sample 4: 1.9621%
 -- Sample 5: 0.9218%
 -- Sample 6: 8.3848%
 -- Sample 7: 3.1983%
 -- Sample 8: 6.4328%
 -- Sample 9: 2.8376%
 -- Sample 10: 5.8683%
 -- Sample 11: 3.5762%
 -- Sample 12: 10.6372%
 -- Sample 13: 8.1478%
 -- Sample 14: 11.7083%
 -- Sample 15: 6.0933%
 -- Sample 16: 16.8793%
 -- Sample 17: 15.8102%
 -- Sample 18: 16.5926%
 -- Sample 19: 10.7030%
 -- Sample 20: 17.4486%
 -- Sample 21: 19.2226%
 -- Sample 22: 12.8775%
 -- Sample 23: 20.1439%
 -- Sample 24: 11.7424%
 -- Sample 25: 7.9042%
 -- Sample 26: 3.3918%
 -- Sample 27: 3.0211%
 -- Sample 28: 6.2894%
 -- Sample 29: 0.9871%
 -- Sample 30: 6.8796%
 -- Sample 31: 0.7617%
 -- Sample 32: 14.6720%
 -- Sample 33: 9.6044%
 -- Sample 34: 11.2844%
 -- Sample 35: 5.5373%
 -- Sample 36: 4.2653%
 -- Sample 37: 3.5149%
 -- Sample 38: 0.3265%
 -- Sample 39: 7.5119%
 -- Sample 40: 21.2922%
 -- Sample 41: 17.8726%
 -- Sample 42: 15.5685%
 -- Sample 43: 17.8963%
 -- Sample 44: 2.9970%
 -- Sample 45: 1.1705%
 -- Sample 46: 0.5367%
 -- Sample 47: 5.4217%
 -- Sample 48: 2.1000%
 -- Sample 49: 2.4527%
Mean: 8.1129%, Std: 6.0215%
------------------------------------------------------------------
Evaluating Divergent:
 -- Sample 0: 68.3244%
 -- Sample 1: 68.1219%
 -- Sample 2: 69.0787%
 -- Sample 3: 68.1964%
 -- Sample 4: 69.5739%
 -- Sample 5: 70.9238%
 -- Sample 6: 69.8696%
 -- Sample 7: 70.3159%
 -- Sample 8: 62.6134%
 -- Sample 9: 64.6779%
 -- Sample 10: 63.6997%
 -- Sample 11: 65.2820%
 -- Sample 12: 63.4387%
 -- Sample 13: 62.5491%
 -- Sample 14: 63.8502%
 -- Sample 15: 62.6678%
 -- Sample 16: 60.9029%
 -- Sample 17: 63.4902%
 -- Sample 18: 61.8620%
 -- Sample 19: 63.2144%
 -- Sample 20: 63.7009%
 -- Sample 21: 65.1038%
 -- Sample 22: 63.7222%
 -- Sample 23: 65.4161%
 -- Sample 24: 67.6758%
 -- Sample 25: 68.5089%
 -- Sample 26: 67.7329%
 -- Sample 27: 69.4746%
 -- Sample 28: 69.3066%
 -- Sample 29: 66.8391%
 -- Sample 30: 70.6760%
 -- Sample 31: 66.2436%
 -- Sample 32: 63.3591%
 -- Sample 33: 65.0913%
 -- Sample 34: 63.8036%
 -- Sample 35: 64.5559%
 -- Sample 36: 62.0299%
 -- Sample 37: 66.0069%
 -- Sample 38: 61.2238%
 -- Sample 39: 67.1401%
 -- Sample 40: 62.2833%
 -- Sample 41: 62.0507%
 -- Sample 42: 61.6443%
 -- Sample 43: 61.2725%
 -- Sample 44: 63.6975%
 -- Sample 45: 62.9482%
 -- Sample 46: 63.3121%
 -- Sample 47: 63.0370%
 -- Sample 48: 67.4133%
 -- Sample 49: 67.4123%
Mean: 65.3067%, Std: 2.8652%
------------------------------------------------------------------
Processing Batch 2 (Size: 50)...
input shape:  torch.Size([50, 1, 120, 120, 120])
output shape:  torch.Size([50, 4, 120, 120, 120])
target shape:  torch.Size([50, 4, 120, 120, 120])
Bias Error: using velocity magnitude
Mean: 304.4630, Std: 525.6464
------------------------------------------------------------------
Magnitude Error: 
 -- Sample 0: mean=51.1817%; std=57.4880
 -- Sample 1: mean=73.9986%; std=73.1734
 -- Sample 2: mean=77.4236%; std=77.0696
 -- Sample 3: mean=114.7857%; std=142.7321
 -- Sample 4: mean=68.3498%; std=67.7302
 -- Sample 5: mean=95.9242%; std=95.0311
 -- Sample 6: mean=1080.7281%; std=1321.2449
 -- Sample 7: mean=801.4401%; std=943.4207
 -- Sample 8: mean=653.7382%; std=721.5567
 -- Sample 9: mean=923.2629%; std=1216.1246
 -- Sample 10: mean=27.4110%; std=17.9348
 -- Sample 11: mean=24.5752%; std=16.4769
 -- Sample 12: mean=28.5247%; std=17.5132
 -- Sample 13: mean=26.8062%; std=16.1696
 -- Sample 14: mean=25.8183%; std=12.4452
 -- Sample 15: mean=20.4351%; std=12.0694
 -- Sample 16: mean=22.3291%; std=17.6496
 -- Sample 17: mean=27.4842%; std=12.2419
 -- Sample 18: mean=177.9369%; std=206.3720
 -- Sample 19: mean=158.9526%; std=206.0694
 -- Sample 20: mean=163.8336%; std=307.0447
 -- Sample 21: mean=160.8687%; std=224.8961
 -- Sample 22: mean=25.7462%; std=18.4945
 -- Sample 23: mean=20.6347%; std=15.9630
 -- Sample 24: mean=26.4409%; std=19.6755
 -- Sample 25: mean=24.7316%; std=19.8401
 -- Sample 26: mean=64.1986%; std=64.9734
 -- Sample 27: mean=51.5859%; std=62.1822
 -- Sample 28: mean=62.8030%; std=62.1402
 -- Sample 29: mean=73.4249%; std=98.1393
 -- Sample 30: mean=30.3519%; std=14.7185
 -- Sample 31: mean=24.9141%; std=16.8679
 -- Sample 32: mean=35.4600%; std=16.4053
 -- Sample 33: mean=33.2821%; std=20.3268
 -- Sample 34: mean=147.2719%; std=282.2164
 -- Sample 35: mean=144.8839%; std=193.2563
 -- Sample 36: mean=138.8346%; std=231.0300
 -- Sample 37: mean=130.9630%; std=204.0185
 -- Sample 38: mean=1797.9379%; std=2077.2327
 -- Sample 39: mean=1746.5547%; std=1829.5092
 -- Sample 40: mean=2104.6443%; std=2228.9116
 -- Sample 41: mean=1807.9631%; std=1878.9158
 -- Sample 42: mean=48.9781%; std=31.9341
 -- Sample 43: mean=45.7390%; std=28.4787
 -- Sample 44: mean=49.7256%; std=23.9990
 -- Sample 45: mean=42.2305%; std=26.1122
 -- Sample 46: mean=54.7876%; std=61.1015
 -- Sample 47: mean=74.9538%; std=76.1920
 -- Sample 48: mean=75.8527%; std=75.0428
 -- Sample 49: mean=50.2402%; std=39.5572
Mean: 274.8189%, Std: 521.1195%
------------------------------------------------------------------
Angular error:
 -- Sample 0: mean=45.2225º; std=37.0897
 -- Sample 1: mean=43.0346º; std=37.5450
 -- Sample 2: mean=53.2450º; std=40.0031
 -- Sample 3: mean=54.9762º; std=44.8752
 -- Sample 4: mean=55.0987º; std=40.3128
 -- Sample 5: mean=52.3955º; std=41.8853
 -- Sample 6: mean=58.9218º; std=44.2421
 -- Sample 7: mean=63.1949º; std=45.1426
 -- Sample 8: mean=72.6374º; std=45.5766
 -- Sample 9: mean=61.5027º; std=44.9816
 -- Sample 10: mean=35.8901º; std=33.5040
 -- Sample 11: mean=36.4705º; std=34.3429
 -- Sample 12: mean=37.8615º; std=35.7137
 -- Sample 13: mean=36.3233º; std=34.3352
 -- Sample 14: mean=38.8208º; std=37.3126
 -- Sample 15: mean=38.7867º; std=38.4800
 -- Sample 16: mean=43.2006º; std=40.8800
 -- Sample 17: mean=36.6134º; std=37.5871
 -- Sample 18: mean=49.5564º; std=40.7583
 -- Sample 19: mean=49.7030º; std=43.0742
 -- Sample 20: mean=52.6572º; std=43.1272
 -- Sample 21: mean=51.1250º; std=43.9938
 -- Sample 22: mean=41.8323º; std=39.1307
 -- Sample 23: mean=40.8863º; std=38.8856
 -- Sample 24: mean=41.1997º; std=38.6186
 -- Sample 25: mean=40.5721º; std=38.3353
 -- Sample 26: mean=57.5939º; std=43.7437
 -- Sample 27: mean=61.6115º; std=46.5919
 -- Sample 28: mean=56.5499º; std=42.9520
 -- Sample 29: mean=54.1707º; std=43.5474
 -- Sample 30: mean=50.0689º; std=43.2243
 -- Sample 31: mean=47.7697º; std=42.8452
 -- Sample 32: mean=48.6879º; std=41.7837
 -- Sample 33: mean=48.9686º; std=42.1169
 -- Sample 34: mean=47.9783º; std=39.7594
 -- Sample 35: mean=51.1565º; std=40.4950
 -- Sample 36: mean=50.8923º; std=41.8541
 -- Sample 37: mean=53.0670º; std=40.6779
 -- Sample 38: mean=51.0752º; std=40.9808
 -- Sample 39: mean=52.5252º; std=40.6514
 -- Sample 40: mean=54.4997º; std=43.3168
 -- Sample 41: mean=53.1222º; std=40.2642
 -- Sample 42: mean=52.1909º; std=38.0694
 -- Sample 43: mean=48.7697º; std=36.7385
 -- Sample 44: mean=55.7471º; std=38.0564
 -- Sample 45: mean=50.8570º; std=38.2500
 -- Sample 46: mean=55.0704º; std=40.9215
 -- Sample 47: mean=53.8931º; std=40.9429
 -- Sample 48: mean=59.2612º; std=43.2733
 -- Sample 49: mean=59.8624º; std=42.7721
Mean: 50.1424º, Std: 7.9132º
------------------------------------------------------------------
Correlation comparison:
 -- Sample 0: 0.8253
 -- Sample 1: 0.7911
 -- Sample 2: 0.7633
 -- Sample 3: 0.5990
 -- Sample 4: 0.7557
 -- Sample 5: 0.6753
 -- Sample 6: 0.2626
 -- Sample 7: 0.3331
 -- Sample 8: 0.2498
 -- Sample 9: 0.3366
 -- Sample 10: 0.9294
 -- Sample 11: 0.9564
 -- Sample 12: 0.9374
 -- Sample 13: 0.9483
 -- Sample 14: 0.9813
 -- Sample 15: 0.9777
 -- Sample 16: 0.9575
 -- Sample 17: 0.9715
 -- Sample 18: 0.3503
 -- Sample 19: 0.2126
 -- Sample 20: 0.1995
 -- Sample 21: 0.3175
 -- Sample 22: 0.9591
 -- Sample 23: 0.9768
 -- Sample 24: 0.9491
 -- Sample 25: 0.9517
 -- Sample 26: 0.7441
 -- Sample 27: 0.7492
 -- Sample 28: 0.7701
 -- Sample 29: 0.7536
 -- Sample 30: 0.9667
 -- Sample 31: 0.9506
 -- Sample 32: 0.9589
 -- Sample 33: 0.9445
 -- Sample 34: 0.5473
 -- Sample 35: 0.6253
 -- Sample 36: 0.6150
 -- Sample 37: 0.6363
 -- Sample 38: 0.1083
 -- Sample 39: 0.1166
 -- Sample 40: 0.1180
 -- Sample 41: 0.1442
 -- Sample 42: 0.7469
 -- Sample 43: 0.7949
 -- Sample 44: 0.8024
 -- Sample 45: 0.8262
 -- Sample 46: 0.7267
 -- Sample 47: 0.7103
 -- Sample 48: 0.7895
 -- Sample 49: 0.7532
Mean=0.6813, Std=0.2809
------------------------------------------------------------------
Flux Error:
 -- Sample 0: 1.0774
 -- Sample 1: 1.1132
 -- Sample 2: 1.0737
 -- Sample 3: 1.2022
 -- Sample 4: 1.0239
 -- Sample 5: 0.9793
 -- Sample 6: 12.2255
 -- Sample 7: 9.0405
 -- Sample 8: 7.3670
 -- Sample 9: 12.4105
 -- Sample 10: 0.7546
 -- Sample 11: 0.6888
 -- Sample 12: 0.7516
 -- Sample 13: 0.7263
 -- Sample 14: 0.9823
 -- Sample 15: 0.7087
 -- Sample 16: 1.0806
 -- Sample 17: 0.6146
 -- Sample 18: 4.7579
 -- Sample 19: 5.8471
 -- Sample 20: 6.4409
 -- Sample 21: 4.8398
 -- Sample 22: 0.9510
 -- Sample 23: 1.0273
 -- Sample 24: 0.9531
 -- Sample 25: 1.0341
 -- Sample 26: 1.1892
 -- Sample 27: 1.0126
 -- Sample 28: 1.2276
 -- Sample 29: 1.2027
 -- Sample 30: 0.9337
 -- Sample 31: 0.9992
 -- Sample 32: 0.8728
 -- Sample 33: 0.9771
 -- Sample 34: 2.0280
 -- Sample 35: 1.7830
 -- Sample 36: 1.9084
 -- Sample 37: 1.7199
 -- Sample 38: 20.9396
 -- Sample 39: 20.4018
 -- Sample 40: 23.3431
 -- Sample 41: 20.1503
 -- Sample 42: 0.5460
 -- Sample 43: 0.4827
 -- Sample 44: 0.5108
 -- Sample 45: 0.3878
 -- Sample 46: 1.3089
 -- Sample 47: 1.5375
 -- Sample 48: 1.8066
 -- Sample 49: 1.2836
Mean: 3.7645, Std: 5.8433
------------------------------------------------------------------
Tortuosity Comparison:
 -- Sample 0: 2.2561%
 -- Sample 1: 5.9644%
 -- Sample 2: 8.8966%
 -- Sample 3: 2.7577%
 -- Sample 4: 5.9480%
 -- Sample 5: 0.1815%
 -- Sample 6: 6.8126%
 -- Sample 7: 12.3071%
 -- Sample 8: 36.5783%
 -- Sample 9: 1.9051%
 -- Sample 10: 12.6821%
 -- Sample 11: 9.2089%
 -- Sample 12: 12.5173%
 -- Sample 13: 11.2985%
 -- Sample 14: 2.9507%
 -- Sample 15: 5.7801%
 -- Sample 16: 6.6104%
 -- Sample 17: 0.2998%
 -- Sample 18: 14.5060%
 -- Sample 19: 16.5502%
 -- Sample 20: 19.7168%
 -- Sample 21: 13.0057%
 -- Sample 22: 1.7540%
 -- Sample 23: 2.9938%
 -- Sample 24: 5.2203%
 -- Sample 25: 6.1368%
 -- Sample 26: 4.7148%
 -- Sample 27: 9.4872%
 -- Sample 28: 2.1488%
 -- Sample 29: 0.5314%
 -- Sample 30: 1.0758%
 -- Sample 31: 0.4344%
 -- Sample 32: 1.4585%
 -- Sample 33: 7.7794%
 -- Sample 34: 10.2322%
 -- Sample 35: 10.9925%
 -- Sample 36: 5.8749%
 -- Sample 37: 11.2335%
 -- Sample 38: 15.7870%
 -- Sample 39: 15.2235%
 -- Sample 40: 14.5837%
 -- Sample 41: 15.6429%
 -- Sample 42: 18.0411%
 -- Sample 43: 20.3508%
 -- Sample 44: 22.0561%
 -- Sample 45: 12.1299%
 -- Sample 46: 3.9818%
 -- Sample 47: 2.9246%
 -- Sample 48: 9.4982%
 -- Sample 49: 4.6754%
Mean: 8.9139%, Std: 7.0426%
------------------------------------------------------------------
Evaluating Divergent:
 -- Sample 0: 68.0326%
 -- Sample 1: 66.8935%
 -- Sample 2: 66.1665%
 -- Sample 3: 65.0335%
 -- Sample 4: 66.4023%
 -- Sample 5: 64.7500%
 -- Sample 6: 70.8588%
 -- Sample 7: 70.2984%
 -- Sample 8: 70.5559%
 -- Sample 9: 71.0398%
 -- Sample 10: 60.4119%
 -- Sample 11: 60.7760%
 -- Sample 12: 60.0131%
 -- Sample 13: 61.3602%
 -- Sample 14: 58.7685%
 -- Sample 15: 56.9695%
 -- Sample 16: 60.2318%
 -- Sample 17: 56.0419%
 -- Sample 18: 69.4461%
 -- Sample 19: 70.1604%
 -- Sample 20: 69.5010%
 -- Sample 21: 70.1253%
 -- Sample 22: 63.6434%
 -- Sample 23: 61.9884%
 -- Sample 24: 62.7969%
 -- Sample 25: 62.0911%
 -- Sample 26: 69.0716%
 -- Sample 27: 69.4970%
 -- Sample 28: 68.3701%
 -- Sample 29: 69.6673%
 -- Sample 30: 66.3542%
 -- Sample 31: 64.9113%
 -- Sample 32: 66.8617%
 -- Sample 33: 65.6760%
 -- Sample 34: 66.7916%
 -- Sample 35: 67.6007%
 -- Sample 36: 66.5369%
 -- Sample 37: 67.4886%
 -- Sample 38: 68.2089%
 -- Sample 39: 68.9438%
 -- Sample 40: 67.8928%
 -- Sample 41: 69.7682%
 -- Sample 42: 67.0724%
 -- Sample 43: 65.7775%
 -- Sample 44: 67.3841%
 -- Sample 45: 65.4857%
 -- Sample 46: 69.7662%
 -- Sample 47: 69.8874%
 -- Sample 48: 69.6249%
 -- Sample 49: 70.2552%
Mean: 66.2650%, Std: 3.8052%
------------------------------------------------------------------
Processing Batch 3 (Size: 50)...
input shape:  torch.Size([50, 1, 120, 120, 120])
output shape:  torch.Size([50, 4, 120, 120, 120])
target shape:  torch.Size([50, 4, 120, 120, 120])
Bias Error: using velocity magnitude
Mean: 58.5832, Std: 86.3810
------------------------------------------------------------------
Magnitude Error: 
 -- Sample 0: mean=53.1152%; std=11.7618
 -- Sample 1: mean=52.4727%; std=13.5109
 -- Sample 2: mean=46.8847%; std=11.2457
 -- Sample 3: mean=51.1840%; std=14.2503
 -- Sample 4: mean=402.0804%; std=380.2080
 -- Sample 5: mean=405.7393%; std=388.5507
 -- Sample 6: mean=388.7625%; std=395.0778
 -- Sample 7: mean=372.2946%; std=383.1231
 -- Sample 8: mean=59.8613%; std=18.1697
 -- Sample 9: mean=58.4186%; std=15.4503
 -- Sample 10: mean=56.4412%; std=19.9398
 -- Sample 11: mean=63.3778%; std=15.4461
 -- Sample 12: mean=29.7838%; std=17.3893
 -- Sample 13: mean=34.4353%; std=16.6301
 -- Sample 14: mean=33.1879%; std=21.1053
 -- Sample 15: mean=34.2491%; std=22.5060
 -- Sample 16: mean=56.1049%; std=41.9417
 -- Sample 17: mean=47.6750%; std=35.4149
 -- Sample 18: mean=54.0760%; std=26.9540
 -- Sample 19: mean=54.7353%; std=32.3658
 -- Sample 20: mean=61.6210%; std=43.2372
 -- Sample 21: mean=61.0799%; std=41.7150
 -- Sample 22: mean=50.1266%; std=36.0648
 -- Sample 23: mean=67.4178%; std=49.9488
 -- Sample 24: mean=67.6361%; std=64.3147
 -- Sample 25: mean=51.5513%; std=42.1221
 -- Sample 26: mean=63.2580%; std=63.2204
 -- Sample 27: mean=51.0076%; std=40.3151
 -- Sample 28: mean=27.7063%; std=21.7840
 -- Sample 29: mean=27.9137%; std=18.9111
 -- Sample 30: mean=46.5320%; std=34.0746
 -- Sample 31: mean=32.6476%; std=20.8591
 -- Sample 32: mean=134.6849%; std=127.8707
 -- Sample 33: mean=148.7987%; std=140.3137
 -- Sample 34: mean=140.5897%; std=134.4042
 -- Sample 35: mean=158.1285%; std=156.2356
 -- Sample 36: mean=90.7306%; std=77.1655
 -- Sample 37: mean=80.8523%; std=87.4245
 -- Sample 38: mean=113.0291%; std=123.6146
 -- Sample 39: mean=114.9582%; std=130.0866
 -- Sample 40: mean=99.7776%; std=80.1183
 -- Sample 41: mean=124.3005%; std=97.6935
 -- Sample 42: mean=113.2000%; std=96.9799
 -- Sample 43: mean=118.0837%; std=88.1395
 -- Sample 44: mean=29.4558%; std=25.9676
 -- Sample 45: mean=20.7185%; std=21.4239
 -- Sample 46: mean=27.2945%; std=28.5577
 -- Sample 47: mean=25.1486%; std=20.6676
 -- Sample 48: mean=29.7112%; std=21.6442
 -- Sample 49: mean=30.9076%; std=19.1958
Mean: 91.2750%, Std: 95.4403%
------------------------------------------------------------------
Angular error:
 -- Sample 0: mean=37.5169º; std=35.3329
 -- Sample 1: mean=39.3517º; std=34.1939
 -- Sample 2: mean=38.1361º; std=36.0743
 -- Sample 3: mean=39.7792º; std=34.6589
 -- Sample 4: mean=56.0021º; std=41.3615
 -- Sample 5: mean=47.3540º; std=40.8251
 -- Sample 6: mean=53.5007º; std=40.2611
 -- Sample 7: mean=53.1716º; std=42.7510
 -- Sample 8: mean=32.7344º; std=32.9701
 -- Sample 9: mean=31.1282º; std=32.5155
 -- Sample 10: mean=33.0105º; std=32.8068
 -- Sample 11: mean=32.7468º; std=33.7141
 -- Sample 12: mean=31.9234º; std=37.0365
 -- Sample 13: mean=35.5301º; std=36.3410
 -- Sample 14: mean=33.5099º; std=39.4001
 -- Sample 15: mean=38.2203º; std=38.2749
 -- Sample 16: mean=59.5674º; std=42.2647
 -- Sample 17: mean=53.5865º; std=40.4201
 -- Sample 18: mean=60.9783º; std=42.2278
 -- Sample 19: mean=59.4027º; std=43.0314
 -- Sample 20: mean=45.7767º; std=39.1256
 -- Sample 21: mean=44.8844º; std=40.2526
 -- Sample 22: mean=49.0280º; std=40.9284
 -- Sample 23: mean=45.1210º; std=41.7929
 -- Sample 24: mean=54.5150º; std=43.2449
 -- Sample 25: mean=52.0474º; std=43.6787
 -- Sample 26: mean=53.2360º; std=43.3162
 -- Sample 27: mean=53.1339º; std=43.7221
 -- Sample 28: mean=49.2911º; std=42.7261
 -- Sample 29: mean=49.2293º; std=44.0099
 -- Sample 30: mean=50.9172º; std=43.4222
 -- Sample 31: mean=46.3394º; std=42.2602
 -- Sample 32: mean=36.3050º; std=39.1369
 -- Sample 33: mean=38.9947º; std=38.7478
 -- Sample 34: mean=37.2000º; std=39.6924
 -- Sample 35: mean=38.7090º; std=39.1381
 -- Sample 36: mean=48.5994º; std=40.8177
 -- Sample 37: mean=50.4605º; std=41.6422
 -- Sample 38: mean=45.4593º; std=39.3811
 -- Sample 39: mean=44.7647º; std=38.4209
 -- Sample 40: mean=52.3642º; std=41.4660
 -- Sample 41: mean=48.8600º; std=44.1539
 -- Sample 42: mean=50.8352º; std=41.3914
 -- Sample 43: mean=47.2138º; std=44.7297
 -- Sample 44: mean=45.1207º; std=40.1947
 -- Sample 45: mean=38.2033º; std=39.5928
 -- Sample 46: mean=43.6045º; std=39.0803
 -- Sample 47: mean=38.0941º; std=38.6370
 -- Sample 48: mean=46.4519º; std=40.4147
 -- Sample 49: mean=45.5056º; std=42.7248
Mean: 45.1483º, Std: 7.8441º
------------------------------------------------------------------
Correlation comparison:
 -- Sample 0: 0.9555
 -- Sample 1: 0.9411
 -- Sample 2: 0.9664
 -- Sample 3: 0.9500
 -- Sample 4: 0.3351
 -- Sample 5: 0.3051
 -- Sample 6: 0.3129
 -- Sample 7: 0.2901
 -- Sample 8: 0.8933
 -- Sample 9: 0.9287
 -- Sample 10: 0.8894
 -- Sample 11: 0.9077
 -- Sample 12: 0.9316
 -- Sample 13: 0.9436
 -- Sample 14: 0.9358
 -- Sample 15: 0.9216
 -- Sample 16: 0.6999
 -- Sample 17: 0.7907
 -- Sample 18: 0.7775
 -- Sample 19: 0.7605
 -- Sample 20: 0.6885
 -- Sample 21: 0.7156
 -- Sample 22: 0.7675
 -- Sample 23: 0.6283
 -- Sample 24: 0.6841
 -- Sample 25: 0.7671
 -- Sample 26: 0.6994
 -- Sample 27: 0.7221
 -- Sample 28: 0.9264
 -- Sample 29: 0.9234
 -- Sample 30: 0.8966
 -- Sample 31: 0.9307
 -- Sample 32: 0.6289
 -- Sample 33: 0.6414
 -- Sample 34: 0.6675
 -- Sample 35: 0.6010
 -- Sample 36: 0.7715
 -- Sample 37: 0.7090
 -- Sample 38: 0.6901
 -- Sample 39: 0.6466
 -- Sample 40: 0.5691
 -- Sample 41: 0.5868
 -- Sample 42: 0.5217
 -- Sample 43: 0.5779
 -- Sample 44: 0.9032
 -- Sample 45: 0.9414
 -- Sample 46: 0.9016
 -- Sample 47: 0.9327
 -- Sample 48: 0.9330
 -- Sample 49: 0.9416
Mean=0.7590, Std=0.1851
------------------------------------------------------------------
Flux Error:
 -- Sample 0: 0.6355
 -- Sample 1: 0.6070
 -- Sample 2: 0.6759
 -- Sample 3: 0.6107
 -- Sample 4: 4.0109
 -- Sample 5: 3.8168
 -- Sample 6: 4.1814
 -- Sample 7: 3.6305
 -- Sample 8: 0.5899
 -- Sample 9: 0.5515
 -- Sample 10: 0.5786
 -- Sample 11: 0.6095
 -- Sample 12: 0.6855
 -- Sample 13: 0.8677
 -- Sample 14: 0.6245
 -- Sample 15: 0.9278
 -- Sample 16: 0.7583
 -- Sample 17: 0.5861
 -- Sample 18: 0.7041
 -- Sample 19: 0.6994
 -- Sample 20: 0.8595
 -- Sample 21: 0.7615
 -- Sample 22: 0.6397
 -- Sample 23: 0.8313
 -- Sample 24: 1.2697
 -- Sample 25: 0.6848
 -- Sample 26: 1.1613
 -- Sample 27: 0.7521
 -- Sample 28: 1.0330
 -- Sample 29: 0.8813
 -- Sample 30: 1.2992
 -- Sample 31: 1.0245
 -- Sample 32: 1.3482
 -- Sample 33: 2.2682
 -- Sample 34: 1.4561
 -- Sample 35: 2.3478
 -- Sample 36: 1.3468
 -- Sample 37: 1.5034
 -- Sample 38: 1.5550
 -- Sample 39: 1.7769
 -- Sample 40: 1.5980
 -- Sample 41: 1.7180
 -- Sample 42: 1.6279
 -- Sample 43: 1.5745
 -- Sample 44: 1.1025
 -- Sample 45: 1.0244
 -- Sample 46: 1.0640
 -- Sample 47: 1.0437
 -- Sample 48: 1.2650
 -- Sample 49: 0.5419
Mean: 1.2742, Std: 0.8914
------------------------------------------------------------------
Tortuosity Comparison:
 -- Sample 0: 0.3133%
 -- Sample 1: 5.8218%
 -- Sample 2: 3.2972%
 -- Sample 3: 6.0728%
 -- Sample 4: 7.0200%
 -- Sample 5: 0.9813%
 -- Sample 6: 11.4147%
 -- Sample 7: 6.2185%
 -- Sample 8: 1.8541%
 -- Sample 9: 4.3196%
 -- Sample 10: 5.1131%
 -- Sample 11: 1.1097%
 -- Sample 12: 1.5090%
 -- Sample 13: 3.6180%
 -- Sample 14: 3.2802%
 -- Sample 15: 5.9726%
 -- Sample 16: 4.5092%
 -- Sample 17: 8.5892%
 -- Sample 18: 0.1538%
 -- Sample 19: 11.5242%
 -- Sample 20: 7.5976%
 -- Sample 21: 7.1224%
 -- Sample 22: 5.6651%
 -- Sample 23: 1.4174%
 -- Sample 24: 3.3315%
 -- Sample 25: 8.5242%
 -- Sample 26: 0.2120%
 -- Sample 27: 14.0954%
 -- Sample 28: 4.5518%
 -- Sample 29: 0.7762%
 -- Sample 30: 5.2500%
 -- Sample 31: 4.2158%
 -- Sample 32: 8.7732%
 -- Sample 33: 10.2208%
 -- Sample 34: 6.4835%
 -- Sample 35: 9.3705%
 -- Sample 36: 16.7361%
 -- Sample 37: 20.4231%
 -- Sample 38: 19.0642%
 -- Sample 39: 20.3096%
 -- Sample 40: 7.8579%
 -- Sample 41: 10.5521%
 -- Sample 42: 9.6784%
 -- Sample 43: 2.7492%
 -- Sample 44: 14.9511%
 -- Sample 45: 9.1284%
 -- Sample 46: 12.8304%
 -- Sample 47: 4.8686%
 -- Sample 48: 8.0087%
 -- Sample 49: 0.5704%
Mean: 6.9606%, Std: 5.1512%
------------------------------------------------------------------
Evaluating Divergent:
 -- Sample 0: 60.3047%
 -- Sample 1: 61.7782%
 -- Sample 2: 60.6513%
 -- Sample 3: 62.5621%
 -- Sample 4: 65.1419%
 -- Sample 5: 65.6547%
 -- Sample 6: 65.1798%
 -- Sample 7: 65.3810%
 -- Sample 8: 62.1241%
 -- Sample 9: 61.1262%
 -- Sample 10: 61.0979%
 -- Sample 11: 61.5194%
 -- Sample 12: 63.1867%
 -- Sample 13: 68.5583%
 -- Sample 14: 62.0215%
 -- Sample 15: 68.3965%
 -- Sample 16: 68.5380%
 -- Sample 17: 68.1159%
 -- Sample 18: 69.1847%
 -- Sample 19: 69.5701%
 -- Sample 20: 64.2050%
 -- Sample 21: 60.8564%
 -- Sample 22: 64.1783%
 -- Sample 23: 60.4469%
 -- Sample 24: 66.6545%
 -- Sample 25: 67.2323%
 -- Sample 26: 66.7423%
 -- Sample 27: 66.9707%
 -- Sample 28: 63.2731%
 -- Sample 29: 64.2599%
 -- Sample 30: 64.5336%
 -- Sample 31: 65.1113%
 -- Sample 32: 64.2235%
 -- Sample 33: 66.0207%
 -- Sample 34: 63.2625%
 -- Sample 35: 65.3989%
 -- Sample 36: 66.8815%
 -- Sample 37: 68.7314%
 -- Sample 38: 67.1247%
 -- Sample 39: 68.5888%
 -- Sample 40: 67.0875%
 -- Sample 41: 65.9745%
 -- Sample 42: 67.3554%
 -- Sample 43: 64.1968%
 -- Sample 44: 63.2633%
 -- Sample 45: 59.5250%
 -- Sample 46: 62.6781%
 -- Sample 47: 60.6536%
 -- Sample 48: 68.5807%
 -- Sample 49: 69.4275%
Mean: 64.8706%, Std: 2.8396%
------------------------------------------------------------------
Processing Batch 4 (Size: 50)...
input shape:  torch.Size([50, 1, 120, 120, 120])
output shape:  torch.Size([50, 4, 120, 120, 120])
target shape:  torch.Size([50, 4, 120, 120, 120])
Bias Error: using velocity magnitude
Mean: 1278.6118, Std: 4201.0320
------------------------------------------------------------------
Magnitude Error: 
 -- Sample 0: mean=26.2564%; std=19.0540
 -- Sample 1: mean=32.3698%; std=22.2782
 -- Sample 2: mean=123.5709%; std=103.4451
 -- Sample 3: mean=146.2152%; std=98.4758
 -- Sample 4: mean=136.4659%; std=108.2678
 -- Sample 5: mean=158.6889%; std=94.9667
 -- Sample 6: mean=49.5260%; std=27.9396
 -- Sample 7: mean=44.0601%; std=23.2059
 -- Sample 8: mean=47.2644%; std=28.2747
 -- Sample 9: mean=47.1754%; std=28.0568
 -- Sample 10: mean=31.6765%; std=21.1132
 -- Sample 11: mean=29.5780%; std=14.6071
 -- Sample 12: mean=32.9414%; std=20.3614
 -- Sample 13: mean=34.5643%; std=17.8335
 -- Sample 14: mean=84.1599%; std=106.2285
 -- Sample 15: mean=73.7754%; std=87.1421
 -- Sample 16: mean=76.0307%; std=76.7328
 -- Sample 17: mean=56.0610%; std=48.6396
 -- Sample 18: mean=34.3041%; std=19.9379
 -- Sample 19: mean=42.3729%; std=25.7735
 -- Sample 20: mean=38.9539%; std=21.4266
 -- Sample 21: mean=34.5181%; std=21.6419
 -- Sample 22: mean=20.1364%; std=14.4619
 -- Sample 23: mean=33.6383%; std=22.5282
 -- Sample 24: mean=29.0537%; std=16.4748
 -- Sample 25: mean=26.1547%; std=15.1571
 -- Sample 26: mean=41.9711%; std=34.0848
 -- Sample 27: mean=39.1897%; std=34.2771
 -- Sample 28: mean=40.1213%; std=33.0235
 -- Sample 29: mean=47.5085%; std=46.1108
 -- Sample 30: mean=35.4230%; std=22.7209
 -- Sample 31: mean=32.8435%; std=20.4497
 -- Sample 32: mean=33.7624%; std=22.0871
 -- Sample 33: mean=30.7000%; std=21.2598
 -- Sample 34: mean=47.0235%; std=23.1842
 -- Sample 35: mean=48.5744%; std=19.3635
 -- Sample 36: mean=41.6811%; std=21.1479
 -- Sample 37: mean=40.1416%; std=19.3040
 -- Sample 38: mean=197.9195%; std=385.7420
 -- Sample 39: mean=183.7143%; std=329.4904
 -- Sample 40: mean=195.3443%; std=393.0329
 -- Sample 41: mean=164.7736%; std=310.1654
 -- Sample 42: mean=153.4903%; std=160.3254
 -- Sample 43: mean=151.1703%; std=148.0259
 -- Sample 44: mean=158.5724%; std=134.8422
 -- Sample 45: mean=120.8590%; std=113.8023
 -- Sample 46: mean=19993.0020%; std=26058.6211
 -- Sample 47: mean=15016.7188%; std=20591.1875
 -- Sample 48: mean=16098.1572%; std=23401.6152
 -- Sample 49: mean=16520.7871%; std=22954.2500
Mean: 1418.4592%, Std: 4597.9931%
------------------------------------------------------------------
Angular error:
 -- Sample 0: mean=46.5463º; std=41.3735
 -- Sample 1: mean=46.4381º; std=42.8725
 -- Sample 2: mean=42.7829º; std=38.5134
 -- Sample 3: mean=40.4256º; std=36.1565
 -- Sample 4: mean=44.0123º; std=41.9239
 -- Sample 5: mean=44.1065º; std=39.5288
 -- Sample 6: mean=54.6080º; std=44.5899
 -- Sample 7: mean=53.2163º; std=43.2797
 -- Sample 8: mean=55.4981º; std=45.4904
 -- Sample 9: mean=57.1789º; std=45.4843
 -- Sample 10: mean=36.6047º; std=32.6946
 -- Sample 11: mean=35.5361º; std=32.8495
 -- Sample 12: mean=37.7222º; std=33.1764
 -- Sample 13: mean=34.6783º; std=31.4432
 -- Sample 14: mean=41.7983º; std=38.6993
 -- Sample 15: mean=42.7577º; std=39.1333
 -- Sample 16: mean=42.7498º; std=39.9360
 -- Sample 17: mean=40.8426º; std=37.8553
 -- Sample 18: mean=52.1283º; std=40.8845
 -- Sample 19: mean=54.6281º; std=41.2976
 -- Sample 20: mean=51.0487º; std=41.7901
 -- Sample 21: mean=49.1002º; std=38.3250
 -- Sample 22: mean=45.9727º; std=42.3561
 -- Sample 23: mean=48.4652º; std=44.2070
 -- Sample 24: mean=47.8919º; std=43.2009
 -- Sample 25: mean=47.3358º; std=44.1131
 -- Sample 26: mean=47.6763º; std=40.5692
 -- Sample 27: mean=47.1940º; std=40.0328
 -- Sample 28: mean=45.8574º; std=39.3011
 -- Sample 29: mean=45.3699º; std=38.6970
 -- Sample 30: mean=42.7133º; std=38.4060
 -- Sample 31: mean=39.1015º; std=36.5036
 -- Sample 32: mean=41.6917º; std=38.0509
 -- Sample 33: mean=40.7670º; std=37.6638
 -- Sample 34: mean=44.7254º; std=38.8192
 -- Sample 35: mean=44.6419º; std=40.8069
 -- Sample 36: mean=46.5191º; std=40.3652
 -- Sample 37: mean=42.6868º; std=39.9512
 -- Sample 38: mean=54.1630º; std=42.4520
 -- Sample 39: mean=53.2675º; std=42.4014
 -- Sample 40: mean=54.4560º; std=42.1264
 -- Sample 41: mean=53.2755º; std=42.1095
 -- Sample 42: mean=57.5155º; std=41.4051
 -- Sample 43: mean=50.8736º; std=42.0071
 -- Sample 44: mean=55.2760º; std=40.9993
 -- Sample 45: mean=54.8645º; std=45.1548
 -- Sample 46: mean=60.1967º; std=47.3418
 -- Sample 47: mean=57.4945º; std=41.5710
 -- Sample 48: mean=63.6821º; std=47.8343
 -- Sample 49: mean=60.2187º; std=43.5062
Mean: 47.9660º, Std: 6.8600º
------------------------------------------------------------------
Correlation comparison:
 -- Sample 0: 0.9286
 -- Sample 1: 0.9355
 -- Sample 2: 0.7055
 -- Sample 3: 0.5840
 -- Sample 4: 0.6579
 -- Sample 5: 0.6387
 -- Sample 6: 0.7633
 -- Sample 7: 0.8323
 -- Sample 8: 0.7596
 -- Sample 9: 0.7860
 -- Sample 10: 0.9067
 -- Sample 11: 0.9343
 -- Sample 12: 0.8954
 -- Sample 13: 0.9185
 -- Sample 14: 0.4874
 -- Sample 15: 0.5439
 -- Sample 16: 0.5186
 -- Sample 17: 0.7125
 -- Sample 18: 0.9151
 -- Sample 19: 0.8026
 -- Sample 20: 0.8900
 -- Sample 21: 0.8955
 -- Sample 22: 0.9598
 -- Sample 23: 0.9077
 -- Sample 24: 0.9307
 -- Sample 25: 0.9392
 -- Sample 26: 0.8908
 -- Sample 27: 0.9022
 -- Sample 28: 0.8895
 -- Sample 29: 0.8744
 -- Sample 30: 0.9339
 -- Sample 31: 0.8979
 -- Sample 32: 0.9115
 -- Sample 33: 0.9379
 -- Sample 34: 0.8382
 -- Sample 35: 0.8802
 -- Sample 36: 0.9171
 -- Sample 37: 0.9400
 -- Sample 38: 0.4418
 -- Sample 39: 0.4460
 -- Sample 40: 0.4265
 -- Sample 41: 0.4508
 -- Sample 42: 0.5122
 -- Sample 43: 0.5975
 -- Sample 44: 0.6472
 -- Sample 45: 0.6673
 -- Sample 46: 0.0649
 -- Sample 47: 0.0739
 -- Sample 48: 0.0602
 -- Sample 49: 0.0601
Mean=0.7202, Std=0.2531
------------------------------------------------------------------
Flux Error:
 -- Sample 0: 1.1736
 -- Sample 1: 0.6203
 -- Sample 2: 1.7707
 -- Sample 3: 2.0232
 -- Sample 4: 1.8603
 -- Sample 5: 2.1104
 -- Sample 6: 0.4453
 -- Sample 7: 0.5077
 -- Sample 8: 0.4685
 -- Sample 9: 0.5919
 -- Sample 10: 0.5585
 -- Sample 11: 0.3771
 -- Sample 12: 0.5578
 -- Sample 13: 0.4351
 -- Sample 14: 0.9817
 -- Sample 15: 1.1335
 -- Sample 16: 0.9137
 -- Sample 17: 1.0322
 -- Sample 18: 0.5268
 -- Sample 19: 1.0734
 -- Sample 20: 0.4926
 -- Sample 21: 1.0189
 -- Sample 22: 1.0525
 -- Sample 23: 1.4032
 -- Sample 24: 1.0855
 -- Sample 25: 1.2944
 -- Sample 26: 1.0182
 -- Sample 27: 0.5279
 -- Sample 28: 1.1096
 -- Sample 29: 0.5935
 -- Sample 30: 0.5159
 -- Sample 31: 0.7057
 -- Sample 32: 0.4723
 -- Sample 33: 0.5751
 -- Sample 34: 0.5794
 -- Sample 35: 0.6309
 -- Sample 36: 0.6658
 -- Sample 37: 0.6078
 -- Sample 38: 1.3931
 -- Sample 39: 1.7588
 -- Sample 40: 1.1953
 -- Sample 41: 1.5961
 -- Sample 42: 2.1810
 -- Sample 43: 1.7045
 -- Sample 44: 2.5379
 -- Sample 45: 1.7561
 -- Sample 46: 363.4591
 -- Sample 47: 245.4794
 -- Sample 48: 266.4375
 -- Sample 49: 298.3659
Mean: 24.4275, Std: 80.3246
------------------------------------------------------------------
Tortuosity Comparison:
 -- Sample 0: 9.4036%
 -- Sample 1: 0.3528%
 -- Sample 2: 1.0646%
 -- Sample 3: 4.1036%
 -- Sample 4: 3.3581%
 -- Sample 5: 3.8167%
 -- Sample 6: 2.6732%
 -- Sample 7: 0.9248%
 -- Sample 8: 13.4728%
 -- Sample 9: 5.3351%
 -- Sample 10: 12.0513%
 -- Sample 11: 6.4937%
 -- Sample 12: 13.0331%
 -- Sample 13: 9.9232%
 -- Sample 14: 15.9898%
 -- Sample 15: 10.5214%
 -- Sample 16: 13.0088%
 -- Sample 17: 12.8766%
 -- Sample 18: 5.8309%
 -- Sample 19: 13.9747%
 -- Sample 20: 0.0527%
 -- Sample 21: 5.4620%
 -- Sample 22: 1.1001%
 -- Sample 23: 3.6993%
 -- Sample 24: 1.7281%
 -- Sample 25: 1.8251%
 -- Sample 26: 10.0671%
 -- Sample 27: 1.7706%
 -- Sample 28: 10.8942%
 -- Sample 29: 7.6085%
 -- Sample 30: 4.5172%
 -- Sample 31: 6.6868%
 -- Sample 32: 7.8737%
 -- Sample 33: 5.6547%
 -- Sample 34: 6.8403%
 -- Sample 35: 0.2097%
 -- Sample 36: 6.2504%
 -- Sample 37: 2.3057%
 -- Sample 38: 3.0036%
 -- Sample 39: 2.4933%
 -- Sample 40: 7.1396%
 -- Sample 41: 7.8952%
 -- Sample 42: 9.3239%
 -- Sample 43: 0.4444%
 -- Sample 44: 7.0917%
 -- Sample 45: 3.5645%
 -- Sample 46: 50.0096%
 -- Sample 47: 44.0799%
 -- Sample 48: 44.4399%
 -- Sample 49: 48.8587%
Mean: 9.4220%, Std: 11.8028%
------------------------------------------------------------------
Evaluating Divergent:
 -- Sample 0: 69.2039%
 -- Sample 1: 69.5685%
 -- Sample 2: 66.4564%
 -- Sample 3: 66.5483%
 -- Sample 4: 65.2741%
 -- Sample 5: 66.3773%
 -- Sample 6: 69.7392%
 -- Sample 7: 70.9885%
 -- Sample 8: 69.8267%
 -- Sample 9: 70.7711%
 -- Sample 10: 59.5216%
 -- Sample 11: 59.6450%
 -- Sample 12: 59.8895%
 -- Sample 13: 61.5030%
 -- Sample 14: 65.3978%
 -- Sample 15: 68.4576%
 -- Sample 16: 64.4781%
 -- Sample 17: 67.9592%
 -- Sample 18: 66.5385%
 -- Sample 19: 70.6363%
 -- Sample 20: 66.3582%
 -- Sample 21: 69.7682%
 -- Sample 22: 67.0791%
 -- Sample 23: 67.3199%
 -- Sample 24: 67.9039%
 -- Sample 25: 65.3015%
 -- Sample 26: 68.2098%
 -- Sample 27: 66.0857%
 -- Sample 28: 67.8338%
 -- Sample 29: 65.8394%
 -- Sample 30: 62.0719%
 -- Sample 31: 62.2207%
 -- Sample 32: 62.2787%
 -- Sample 33: 62.1731%
 -- Sample 34: 62.5724%
 -- Sample 35: 62.6089%
 -- Sample 36: 62.8394%
 -- Sample 37: 61.6167%
 -- Sample 38: 66.7129%
 -- Sample 39: 67.9158%
 -- Sample 40: 66.6347%
 -- Sample 41: 68.6221%
 -- Sample 42: 69.3898%
 -- Sample 43: 66.3062%
 -- Sample 44: 68.3466%
 -- Sample 45: 66.5389%
 -- Sample 46: 66.8929%
 -- Sample 47: 67.9305%
 -- Sample 48: 67.1887%
 -- Sample 49: 67.4208%
Mean: 66.1752%, Std: 3.0008%
------------------------------------------------------------------
Processing Batch 5 (Size: 50)...
input shape:  torch.Size([50, 1, 120, 120, 120])
output shape:  torch.Size([50, 4, 120, 120, 120])
target shape:  torch.Size([50, 4, 120, 120, 120])
Bias Error: using velocity magnitude
Mean: 207.7996, Std: 318.2870
------------------------------------------------------------------
Magnitude Error: 
 -- Sample 0: mean=245.2307%; std=332.6891
 -- Sample 1: mean=242.1089%; std=398.4809
 -- Sample 2: mean=257.3317%; std=478.8924
 -- Sample 3: mean=206.9385%; std=428.5986
 -- Sample 4: mean=48.8622%; std=45.0110
 -- Sample 5: mean=50.0021%; std=48.9945
 -- Sample 6: mean=45.9378%; std=45.5039
 -- Sample 7: mean=48.9826%; std=40.9233
 -- Sample 8: mean=116.7878%; std=94.2154
 -- Sample 9: mean=94.9399%; std=71.9668
 -- Sample 10: mean=79.7832%; std=59.8224
 -- Sample 11: mean=75.0428%; std=54.7832
 -- Sample 12: mean=44.0552%; std=25.6591
 -- Sample 13: mean=43.8667%; std=23.9837
 -- Sample 14: mean=44.6031%; std=24.0858
 -- Sample 15: mean=47.6427%; std=24.3675
 -- Sample 16: mean=63.6958%; std=38.6125
 -- Sample 17: mean=57.5047%; std=28.9515
 -- Sample 18: mean=55.9646%; std=36.1258
 -- Sample 19: mean=57.6205%; std=39.7731
 -- Sample 20: mean=38.5254%; std=22.6518
 -- Sample 21: mean=42.6845%; std=19.9540
 -- Sample 22: mean=41.5323%; std=25.1150
 -- Sample 23: mean=48.9515%; std=22.7242
 -- Sample 24: mean=126.6489%; std=166.4221
 -- Sample 25: mean=164.8494%; std=228.7341
 -- Sample 26: mean=138.7591%; std=196.2265
 -- Sample 27: mean=95.1970%; std=129.5779
 -- Sample 28: mean=60.9323%; std=68.1085
 -- Sample 29: mean=55.2695%; std=47.8904
 -- Sample 30: mean=80.1953%; std=84.1658
 -- Sample 31: mean=66.5844%; std=80.2492
 -- Sample 32: mean=53.0555%; std=45.5518
 -- Sample 33: mean=58.1109%; std=41.5408
 -- Sample 34: mean=44.8890%; std=35.8410
 -- Sample 35: mean=58.3624%; std=47.5252
 -- Sample 36: mean=34.7049%; std=17.4092
 -- Sample 37: mean=34.0837%; std=19.2900
 -- Sample 38: mean=37.5264%; std=16.2780
 -- Sample 39: mean=36.6096%; std=16.6820
 -- Sample 40: mean=1453.7946%; std=1949.7694
 -- Sample 41: mean=1115.2317%; std=1733.1226
 -- Sample 42: mean=949.6738%; std=1334.5538
 -- Sample 43: mean=1107.6198%; std=1711.0688
 -- Sample 44: mean=59.0053%; std=53.3682
 -- Sample 45: mean=70.0800%; std=45.5189
 -- Sample 46: mean=72.9005%; std=57.8672
 -- Sample 47: mean=73.0575%; std=61.9493
 -- Sample 48: mean=24.0032%; std=17.1398
 -- Sample 49: mean=25.2706%; std=21.8387
Mean: 163.9002%, Std: 302.3297%
------------------------------------------------------------------
Angular error:
 -- Sample 0: mean=59.1277º; std=41.9075
 -- Sample 1: mean=62.6227º; std=43.2301
 -- Sample 2: mean=66.8287º; std=46.0932
 -- Sample 3: mean=63.8594º; std=43.6701
 -- Sample 4: mean=41.2416º; std=36.6830
 -- Sample 5: mean=37.2931º; std=37.6163
 -- Sample 6: mean=41.9608º; std=37.0851
 -- Sample 7: mean=41.2712º; std=39.9592
 -- Sample 8: mean=42.6502º; std=40.0963
 -- Sample 9: mean=41.9616º; std=41.6183
 -- Sample 10: mean=43.6698º; std=40.3114
 -- Sample 11: mean=41.5264º; std=40.0900
 -- Sample 12: mean=46.7138º; std=39.2016
 -- Sample 13: mean=45.3666º; std=38.6638
 -- Sample 14: mean=45.0364º; std=37.6729
 -- Sample 15: mean=44.8281º; std=37.7925
 -- Sample 16: mean=47.7097º; std=40.2390
 -- Sample 17: mean=49.0248º; std=43.8685
 -- Sample 18: mean=51.0799º; std=42.5030
 -- Sample 19: mean=47.2225º; std=43.0310
 -- Sample 20: mean=39.5385º; std=36.1575
 -- Sample 21: mean=41.6105º; std=36.6688
 -- Sample 22: mean=42.1657º; std=37.5134
 -- Sample 23: mean=43.9819º; std=37.1144
 -- Sample 24: mean=66.6683º; std=42.8378
 -- Sample 25: mean=64.1342º; std=44.6003
 -- Sample 26: mean=68.6566º; std=42.7893
 -- Sample 27: mean=62.0572º; std=42.5586
 -- Sample 28: mean=61.9131º; std=44.9284
 -- Sample 29: mean=62.3772º; std=46.7419
 -- Sample 30: mean=59.1553º; std=44.4041
 -- Sample 31: mean=59.5935º; std=45.5965
 -- Sample 32: mean=39.3643º; std=34.4377
 -- Sample 33: mean=39.9037º; std=35.3534
 -- Sample 34: mean=40.0334º; std=36.2099
 -- Sample 35: mean=40.8270º; std=36.0198
 -- Sample 36: mean=30.0755º; std=31.7009
 -- Sample 37: mean=32.3393º; std=30.4893
 -- Sample 38: mean=31.5461º; std=31.9508
 -- Sample 39: mean=33.8337º; std=32.2973
 -- Sample 40: mean=60.6894º; std=51.4489
 -- Sample 41: mean=56.1730º; std=48.6892
 -- Sample 42: mean=58.1148º; std=49.8862
 -- Sample 43: mean=57.5321º; std=50.7680
 -- Sample 44: mean=54.9718º; std=44.6670
 -- Sample 45: mean=52.3030º; std=46.2965
 -- Sample 46: mean=52.0054º; std=43.1975
 -- Sample 47: mean=49.2358º; std=44.3225
 -- Sample 48: mean=36.3933º; std=35.0095
 -- Sample 49: mean=42.4183º; std=36.6143
Mean: 48.8121º, Std: 10.3311º
------------------------------------------------------------------
Correlation comparison:
 -- Sample 0: 0.3256
 -- Sample 1: 0.3248
 -- Sample 2: 0.3219
 -- Sample 3: 0.2229
 -- Sample 4: 0.7616
 -- Sample 5: 0.7365
 -- Sample 6: 0.7849
 -- Sample 7: 0.7583
 -- Sample 8: 0.7770
 -- Sample 9: 0.8179
 -- Sample 10: 0.8165
 -- Sample 11: 0.8303
 -- Sample 12: 0.8047
 -- Sample 13: 0.7897
 -- Sample 14: 0.8201
 -- Sample 15: 0.7396
 -- Sample 16: 0.7436
 -- Sample 17: 0.8289
 -- Sample 18: 0.8285
 -- Sample 19: 0.7932
 -- Sample 20: 0.8595
 -- Sample 21: 0.9028
 -- Sample 22: 0.8274
 -- Sample 23: 0.8404
 -- Sample 24: 0.0011
 -- Sample 25: 0.0813
 -- Sample 26: 0.1027
 -- Sample 27: 0.0153
 -- Sample 28: 0.6717
 -- Sample 29: 0.7914
 -- Sample 30: 0.7167
 -- Sample 31: 0.6453
 -- Sample 32: 0.7527
 -- Sample 33: 0.7474
 -- Sample 34: 0.8322
 -- Sample 35: 0.7969
 -- Sample 36: 0.9347
 -- Sample 37: 0.9239
 -- Sample 38: 0.9379
 -- Sample 39: 0.9460
 -- Sample 40: 0.1187
 -- Sample 41: 0.1511
 -- Sample 42: 0.1279
 -- Sample 43: 0.2025
 -- Sample 44: 0.8604
 -- Sample 45: 0.9442
 -- Sample 46: 0.9050
 -- Sample 47: 0.8728
 -- Sample 48: 0.9533
 -- Sample 49: 0.9612
Mean=0.6650, Std=0.2934
------------------------------------------------------------------
Flux Error:
 -- Sample 0: 2.7346
 -- Sample 1: 2.9953
 -- Sample 2: 2.8941
 -- Sample 3: 2.4183
 -- Sample 4: 0.8149
 -- Sample 5: 1.0229
 -- Sample 6: 0.8019
 -- Sample 7: 0.8808
 -- Sample 8: 1.4781
 -- Sample 9: 1.6252
 -- Sample 10: 1.1443
 -- Sample 11: 1.4086
 -- Sample 12: 0.7033
 -- Sample 13: 0.8523
 -- Sample 14: 0.6319
 -- Sample 15: 0.8629
 -- Sample 16: 0.4832
 -- Sample 17: 0.5763
 -- Sample 18: 0.5019
 -- Sample 19: 0.6308
 -- Sample 20: 0.4332
 -- Sample 21: 0.7790
 -- Sample 22: 0.3921
 -- Sample 23: 0.7866
 -- Sample 24: 10.2393
 -- Sample 25: 11.3607
 -- Sample 26: 8.5624
 -- Sample 27: 11.4364
 -- Sample 28: 1.4793
 -- Sample 29: 1.3626
 -- Sample 30: 1.7190
 -- Sample 31: 1.5720
 -- Sample 32: 0.6308
 -- Sample 33: 0.6026
 -- Sample 34: 0.5166
 -- Sample 35: 0.6403
 -- Sample 36: 0.6277
 -- Sample 37: 0.4566
 -- Sample 38: 0.5623
 -- Sample 39: 0.4778
 -- Sample 40: 14.4905
 -- Sample 41: 11.4843
 -- Sample 42: 9.6409
 -- Sample 43: 11.0836
 -- Sample 44: 1.4418
 -- Sample 45: 1.4831
 -- Sample 46: 1.5856
 -- Sample 47: 1.5613
 -- Sample 48: 0.7395
 -- Sample 49: 0.7325
Mean: 2.6868, Std: 3.7527
------------------------------------------------------------------
Tortuosity Comparison:
 -- Sample 0: 23.3698%
 -- Sample 1: 12.7564%
 -- Sample 2: 20.9674%
 -- Sample 3: 23.8482%
 -- Sample 4: 7.3737%
 -- Sample 5: 8.4661%
 -- Sample 6: 8.9008%
 -- Sample 7: 4.0808%
 -- Sample 8: 10.4057%
 -- Sample 9: 9.2026%
 -- Sample 10: 10.7050%
 -- Sample 11: 5.4301%
 -- Sample 12: 13.9469%
 -- Sample 13: 14.5948%
 -- Sample 14: 18.7964%
 -- Sample 15: 15.6160%
 -- Sample 16: 12.0634%
 -- Sample 17: 8.0544%
 -- Sample 18: 9.7649%
 -- Sample 19: 9.4840%
 -- Sample 20: 3.8748%
 -- Sample 21: 12.9401%
 -- Sample 22: 9.5521%
 -- Sample 23: 4.9175%
 -- Sample 24: 2.6361%
 -- Sample 25: 13.0599%
 -- Sample 26: 3.9607%
 -- Sample 27: 14.2232%
 -- Sample 28: 2.3497%
 -- Sample 29: 7.6694%
 -- Sample 30: 4.8716%
 -- Sample 31: 4.3886%
 -- Sample 32: 5.2573%
 -- Sample 33: 8.4071%
 -- Sample 34: 1.8321%
 -- Sample 35: 8.4460%
 -- Sample 36: 6.8475%
 -- Sample 37: 8.2003%
 -- Sample 38: 5.3055%
 -- Sample 39: 8.9568%
 -- Sample 40: 21.9442%
 -- Sample 41: 21.6466%
 -- Sample 42: 18.2293%
 -- Sample 43: 17.8557%
 -- Sample 44: 4.6884%
 -- Sample 45: 1.0097%
 -- Sample 46: 6.4640%
 -- Sample 47: 7.5335%
 -- Sample 48: 3.2346%
 -- Sample 49: 8.4589%
Mean: 9.9318%, Std: 5.9087%
------------------------------------------------------------------
Evaluating Divergent:
 -- Sample 0: 68.3870%
 -- Sample 1: 69.3174%
 -- Sample 2: 68.4277%
 -- Sample 3: 69.3652%
 -- Sample 4: 64.8814%
 -- Sample 5: 63.3085%
 -- Sample 6: 65.7291%
 -- Sample 7: 63.5443%
 -- Sample 8: 64.1246%
 -- Sample 9: 62.2190%
 -- Sample 10: 64.6661%
 -- Sample 11: 62.9901%
 -- Sample 12: 64.1662%
 -- Sample 13: 64.5341%
 -- Sample 14: 64.2507%
 -- Sample 15: 64.5309%
 -- Sample 16: 61.2181%
 -- Sample 17: 65.5293%
 -- Sample 18: 61.4115%
 -- Sample 19: 65.1068%
 -- Sample 20: 62.3616%
 -- Sample 21: 62.6431%
 -- Sample 22: 61.9684%
 -- Sample 23: 63.6138%
 -- Sample 24: 68.4274%
 -- Sample 25: 68.9588%
 -- Sample 26: 68.0568%
 -- Sample 27: 69.2844%
 -- Sample 28: 69.8712%
 -- Sample 29: 69.2768%
 -- Sample 30: 70.1868%
 -- Sample 31: 70.0764%
 -- Sample 32: 63.7481%
 -- Sample 33: 62.6502%
 -- Sample 34: 63.5401%
 -- Sample 35: 62.3580%
 -- Sample 36: 59.2711%
 -- Sample 37: 64.6520%
 -- Sample 38: 59.6286%
 -- Sample 39: 64.9984%
 -- Sample 40: 73.3386%
 -- Sample 41: 74.2574%
 -- Sample 42: 73.4909%
 -- Sample 43: 73.5419%
 -- Sample 44: 68.4223%
 -- Sample 45: 65.3660%
 -- Sample 46: 67.9894%
 -- Sample 47: 65.6872%
 -- Sample 48: 61.2578%
 -- Sample 49: 63.5135%
Mean: 65.8029%, Std: 3.6475%
------------------------------------------------------------------
Processing Batch 6 (Size: 50)...
input shape:  torch.Size([50, 1, 120, 120, 120])
output shape:  torch.Size([50, 4, 120, 120, 120])
target shape:  torch.Size([50, 4, 120, 120, 120])
Bias Error: using velocity magnitude
Mean: 1023.3196, Std: 2016.6194
------------------------------------------------------------------
Magnitude Error: 
 -- Sample 0: mean=27.1973%; std=18.1800
 -- Sample 1: mean=29.5889%; std=20.8910
 -- Sample 2: mean=1202.7424%; std=1384.4250
 -- Sample 3: mean=1045.0106%; std=952.8094
 -- Sample 4: mean=1005.3052%; std=935.5203
 -- Sample 5: mean=1319.5127%; std=1292.4110
 -- Sample 6: mean=5037.6270%; std=5324.5493
 -- Sample 7: mean=6642.5991%; std=8885.0605
 -- Sample 8: mean=7587.5869%; std=8321.4561
 -- Sample 9: mean=7524.3550%; std=11084.7275
 -- Sample 10: mean=35.1510%; std=22.6922
 -- Sample 11: mean=31.5466%; std=24.8429
 -- Sample 12: mean=34.5236%; std=25.9055
 -- Sample 13: mean=33.4712%; std=22.3277
 -- Sample 14: mean=47.6799%; std=32.9495
 -- Sample 15: mean=42.1716%; std=28.9224
 -- Sample 16: mean=48.9369%; std=43.1169
 -- Sample 17: mean=49.1314%; std=31.9709
 -- Sample 18: mean=1805.8596%; std=1826.1315
 -- Sample 19: mean=1748.3175%; std=1818.0703
 -- Sample 20: mean=1832.5988%; std=1991.0060
 -- Sample 21: mean=2107.2620%; std=2398.1646
 -- Sample 22: mean=276.5136%; std=277.4073
 -- Sample 23: mean=299.0612%; std=303.3203
 -- Sample 24: mean=295.2173%; std=324.8674
 -- Sample 25: mean=263.0771%; std=300.1812
 -- Sample 26: mean=1007.5353%; std=1332.0361
 -- Sample 27: mean=1009.6246%; std=1195.8748
 -- Sample 28: mean=935.1904%; std=1300.8373
 -- Sample 29: mean=772.2482%; std=1096.5309
 -- Sample 30: mean=93.3323%; std=103.5456
 -- Sample 31: mean=115.0676%; std=113.4778
 -- Sample 32: mean=104.1580%; std=118.7243
 -- Sample 33: mean=94.8102%; std=87.5900
 -- Sample 34: mean=55.6325%; std=21.0224
 -- Sample 35: mean=33.4090%; std=21.8379
 -- Sample 36: mean=41.0347%; std=20.6819
 -- Sample 37: mean=33.0315%; std=20.9167
 -- Sample 38: mean=195.3673%; std=166.2624
 -- Sample 39: mean=186.0173%; std=184.3890
 -- Sample 40: mean=196.4169%; std=186.6754
 -- Sample 41: mean=197.8645%; std=182.7843
 -- Sample 42: mean=26.0814%; std=18.6816
 -- Sample 43: mean=17.2514%; std=11.6599
 -- Sample 44: mean=34.0494%; std=17.9721
 -- Sample 45: mean=20.6888%; std=12.7589
 -- Sample 46: mean=20.5565%; std=16.5580
 -- Sample 47: mean=29.7516%; std=21.1216
 -- Sample 48: mean=27.2237%; std=21.0091
 -- Sample 49: mean=25.5354%; std=25.5455
Mean: 912.8785%, Std: 1819.2097%
------------------------------------------------------------------
Angular error:
 -- Sample 0: mean=36.1792º; std=34.9069
 -- Sample 1: mean=41.7463º; std=35.6203
 -- Sample 2: mean=50.7175º; std=40.7827
 -- Sample 3: mean=53.2862º; std=41.8124
 -- Sample 4: mean=52.2242º; std=42.8548
 -- Sample 5: mean=49.4726º; std=38.5514
 -- Sample 6: mean=67.3931º; std=44.6876
 -- Sample 7: mean=65.6788º; std=48.6285
 -- Sample 8: mean=68.1728º; std=45.5084
 -- Sample 9: mean=66.9497º; std=46.9804
 -- Sample 10: mean=41.6689º; std=37.2596
 -- Sample 11: mean=42.0939º; std=36.7198
 -- Sample 12: mean=41.4824º; std=36.7167
 -- Sample 13: mean=44.0086º; std=38.4668
 -- Sample 14: mean=41.0502º; std=35.6590
 -- Sample 15: mean=37.6141º; std=35.2811
 -- Sample 16: mean=40.2258º; std=35.2003
 -- Sample 17: mean=38.3518º; std=35.9891
 -- Sample 18: mean=73.4075º; std=46.7954
 -- Sample 19: mean=66.3217º; std=47.7497
 -- Sample 20: mean=75.2687º; std=47.2764
 -- Sample 21: mean=74.8860º; std=48.8075
 -- Sample 22: mean=50.0196º; std=42.0760
 -- Sample 23: mean=49.2056º; std=38.8052
 -- Sample 24: mean=45.9015º; std=38.3980
 -- Sample 25: mean=47.8733º; std=38.9088
 -- Sample 26: mean=56.9840º; std=42.7368
 -- Sample 27: mean=57.6068º; std=42.3252
 -- Sample 28: mean=54.8866º; std=41.5629
 -- Sample 29: mean=60.7234º; std=43.1864
 -- Sample 30: mean=56.3948º; std=42.4136
 -- Sample 31: mean=55.5376º; std=44.8327
 -- Sample 32: mean=56.0195º; std=41.3416
 -- Sample 33: mean=54.3074º; std=45.2425
 -- Sample 34: mean=70.3537º; std=44.7641
 -- Sample 35: mean=56.5478º; std=45.3997
 -- Sample 36: mean=61.4466º; std=42.4672
 -- Sample 37: mean=56.0107º; std=46.5580
 -- Sample 38: mean=48.7345º; std=41.4402
 -- Sample 39: mean=46.5528º; std=41.3488
 -- Sample 40: mean=48.1992º; std=40.7587
 -- Sample 41: mean=46.6268º; std=40.8535
 -- Sample 42: mean=48.1702º; std=38.0281
 -- Sample 43: mean=42.1544º; std=39.8666
 -- Sample 44: mean=48.6695º; std=38.8286
 -- Sample 45: mean=42.1326º; std=38.8944
 -- Sample 46: mean=46.8950º; std=40.2503
 -- Sample 47: mean=46.7102º; std=40.3018
 -- Sample 48: mean=48.5132º; std=41.5824
 -- Sample 49: mean=48.4713º; std=43.2269
Mean: 52.3970º, Std: 10.1304º
------------------------------------------------------------------
Correlation comparison:
 -- Sample 0: 0.9402
 -- Sample 1: 0.9582
 -- Sample 2: 0.2216
 -- Sample 3: 0.2648
 -- Sample 4: 0.2744
 -- Sample 5: 0.2342
 -- Sample 6: 0.3084
 -- Sample 7: 0.1738
 -- Sample 8: 0.2210
 -- Sample 9: 0.1335
 -- Sample 10: 0.8900
 -- Sample 11: 0.9157
 -- Sample 12: 0.8934
 -- Sample 13: 0.9089
 -- Sample 14: 0.8290
 -- Sample 15: 0.8441
 -- Sample 16: 0.8439
 -- Sample 17: 0.7942
 -- Sample 18: 0.1204
 -- Sample 19: 0.1026
 -- Sample 20: 0.1188
 -- Sample 21: 0.0808
 -- Sample 22: 0.4123
 -- Sample 23: 0.4319
 -- Sample 24: 0.4153
 -- Sample 25: 0.4502
 -- Sample 26: 0.1336
 -- Sample 27: 0.1471
 -- Sample 28: 0.1057
 -- Sample 29: 0.1510
 -- Sample 30: 0.7806
 -- Sample 31: 0.8108
 -- Sample 32: 0.7712
 -- Sample 33: 0.8255
 -- Sample 34: 0.9052
 -- Sample 35: 0.8933
 -- Sample 36: 0.9145
 -- Sample 37: 0.9103
 -- Sample 38: 0.4508
 -- Sample 39: 0.4511
 -- Sample 40: 0.4618
 -- Sample 41: 0.4402
 -- Sample 42: 0.9501
 -- Sample 43: 0.9677
 -- Sample 44: 0.9325
 -- Sample 45: 0.9771
 -- Sample 46: 0.9570
 -- Sample 47: 0.9352
 -- Sample 48: 0.9433
 -- Sample 49: 0.9527
Mean=0.5910, Std=0.3322
------------------------------------------------------------------
Flux Error:
 -- Sample 0: 0.6872
 -- Sample 1: 0.6639
 -- Sample 2: 11.4001
 -- Sample 3: 10.0547
 -- Sample 4: 8.9375
 -- Sample 5: 12.5528
 -- Sample 6: 80.7155
 -- Sample 7: 109.2482
 -- Sample 8: 103.3256
 -- Sample 9: 111.9233
 -- Sample 10: 0.6654
 -- Sample 11: 0.5573
 -- Sample 12: 0.8170
 -- Sample 13: 0.5613
 -- Sample 14: 1.0925
 -- Sample 15: 0.7351
 -- Sample 16: 1.0697
 -- Sample 17: 0.7899
 -- Sample 18: 19.8357
 -- Sample 19: 21.5592
 -- Sample 20: 15.0474
 -- Sample 21: 25.1773
 -- Sample 22: 3.4908
 -- Sample 23: 4.2352
 -- Sample 24: 3.8098
 -- Sample 25: 3.6267
 -- Sample 26: 11.1816
 -- Sample 27: 10.7030
 -- Sample 28: 10.9189
 -- Sample 29: 11.0014
 -- Sample 30: 2.1583
 -- Sample 31: 1.7353
 -- Sample 32: 2.2249
 -- Sample 33: 1.4764
 -- Sample 34: 0.7471
 -- Sample 35: 0.5928
 -- Sample 36: 0.9119
 -- Sample 37: 0.8496
 -- Sample 38: 2.2399
 -- Sample 39: 2.2983
 -- Sample 40: 2.2977
 -- Sample 41: 2.2509
 -- Sample 42: 1.1161
 -- Sample 43: 0.7571
 -- Sample 44: 0.9230
 -- Sample 45: 0.7490
 -- Sample 46: 0.5965
 -- Sample 47: 0.8373
 -- Sample 48: 0.6710
 -- Sample 49: 0.8984
Mean: 12.4543, Std: 27.0821
------------------------------------------------------------------
Tortuosity Comparison:
 -- Sample 0: 3.9672%
 -- Sample 1: 4.2039%
 -- Sample 2: 13.0269%
 -- Sample 3: 10.2297%
 -- Sample 4: 3.5394%
 -- Sample 5: 12.9147%
 -- Sample 6: 23.4466%
 -- Sample 7: 31.0382%
 -- Sample 8: 28.9324%
 -- Sample 9: 30.9146%
 -- Sample 10: 10.5515%
 -- Sample 11: 11.5158%
 -- Sample 12: 14.7799%
 -- Sample 13: 12.3378%
 -- Sample 14: 17.0171%
 -- Sample 15: 13.2233%
 -- Sample 16: 18.3085%
 -- Sample 17: 11.6232%
 -- Sample 18: 60.1889%
 -- Sample 19: 41.9546%
 -- Sample 20: 109.8783%
 -- Sample 21: 37.4921%
 -- Sample 22: 23.9838%
 -- Sample 23: 28.6354%
 -- Sample 24: 25.5302%
 -- Sample 25: 24.4163%
 -- Sample 26: 11.0844%
 -- Sample 27: 13.8479%
 -- Sample 28: 16.4105%
 -- Sample 29: 18.8034%
 -- Sample 30: 3.5385%
 -- Sample 31: 3.8662%
 -- Sample 32: 3.9260%
 -- Sample 33: 4.6599%
 -- Sample 34: 3.6111%
 -- Sample 35: 14.2769%
 -- Sample 36: 17.4214%
 -- Sample 37: 0.5992%
 -- Sample 38: 16.8828%
 -- Sample 39: 17.2853%
 -- Sample 40: 17.1135%
 -- Sample 41: 16.7610%
 -- Sample 42: 12.5387%
 -- Sample 43: 3.0304%
 -- Sample 44: 10.3558%
 -- Sample 45: 5.9545%
 -- Sample 46: 7.0216%
 -- Sample 47: 6.0393%
 -- Sample 48: 5.2656%
 -- Sample 49: 5.6025%
Mean: 17.1909%, Std: 17.4386%
------------------------------------------------------------------
Evaluating Divergent:
 -- Sample 0: 61.4515%
 -- Sample 1: 63.4884%
 -- Sample 2: 66.6373%
 -- Sample 3: 65.8900%
 -- Sample 4: 66.3045%
 -- Sample 5: 65.4299%
 -- Sample 6: 70.7422%
 -- Sample 7: 70.5523%
 -- Sample 8: 70.4716%
 -- Sample 9: 70.9830%
 -- Sample 10: 62.8595%
 -- Sample 11: 64.8852%
 -- Sample 12: 62.8179%
 -- Sample 13: 64.9936%
 -- Sample 14: 64.7837%
 -- Sample 15: 64.3073%
 -- Sample 16: 64.8403%
 -- Sample 17: 63.9907%
 -- Sample 18: 71.8956%
 -- Sample 19: 72.6832%
 -- Sample 20: 72.4443%
 -- Sample 21: 72.4050%
 -- Sample 22: 69.1400%
 -- Sample 23: 67.7827%
 -- Sample 24: 67.5945%
 -- Sample 25: 67.1416%
 -- Sample 26: 66.5719%
 -- Sample 27: 66.7954%
 -- Sample 28: 67.2512%
 -- Sample 29: 65.7270%
 -- Sample 30: 66.9147%
 -- Sample 31: 68.8076%
 -- Sample 32: 68.2013%
 -- Sample 33: 68.9974%
 -- Sample 34: 72.2162%
 -- Sample 35: 68.3447%
 -- Sample 36: 71.9410%
 -- Sample 37: 67.2831%
 -- Sample 38: 65.7730%
 -- Sample 39: 65.4895%
 -- Sample 40: 65.5868%
 -- Sample 41: 64.8206%
 -- Sample 42: 67.4679%
 -- Sample 43: 62.4164%
 -- Sample 44: 67.8155%
 -- Sample 45: 62.7993%
 -- Sample 46: 66.1932%
 -- Sample 47: 65.3028%
 -- Sample 48: 65.9064%
 -- Sample 49: 64.3337%
Mean: 66.9894%, Std: 2.8903%
------------------------------------------------------------------
Processing Batch 7 (Size: 50)...
input shape:  torch.Size([50, 1, 120, 120, 120])
output shape:  torch.Size([50, 4, 120, 120, 120])
target shape:  torch.Size([50, 4, 120, 120, 120])
Bias Error: using velocity magnitude
Mean: 2066.2814, Std: 6881.6540
------------------------------------------------------------------
Magnitude Error: 
 -- Sample 0: mean=47.5568%; std=22.8339
 -- Sample 1: mean=45.3158%; std=19.6751
 -- Sample 2: mean=50.4352%; std=21.3120
 -- Sample 3: mean=37.7002%; std=22.3670
 -- Sample 4: mean=40.9187%; std=22.7649
 -- Sample 5: mean=35.1835%; std=21.0322
 -- Sample 6: mean=40.0800%; std=20.9610
 -- Sample 7: mean=40.2711%; std=24.0117
 -- Sample 8: mean=48.7945%; std=13.4900
 -- Sample 9: mean=49.7608%; std=10.7150
 -- Sample 10: mean=41.1031%; std=15.2890
 -- Sample 11: mean=54.5566%; std=11.4195
 -- Sample 12: mean=36.2795%; std=23.1348
 -- Sample 13: mean=40.4599%; std=23.4787
 -- Sample 14: mean=35.9085%; std=24.3664
 -- Sample 15: mean=38.2528%; std=23.8393
 -- Sample 16: mean=46.6439%; std=33.3098
 -- Sample 17: mean=40.5374%; std=21.1539
 -- Sample 18: mean=45.5482%; std=29.3682
 -- Sample 19: mean=54.0438%; std=38.6702
 -- Sample 20: mean=35.9222%; std=19.1371
 -- Sample 21: mean=40.1341%; std=17.2494
 -- Sample 22: mean=37.5011%; std=20.9994
 -- Sample 23: mean=39.2758%; std=17.3161
 -- Sample 24: mean=41.3417%; std=21.7064
 -- Sample 25: mean=23.7781%; std=17.4857
 -- Sample 26: mean=29.3301%; std=18.0385
 -- Sample 27: mean=23.8584%; std=15.3404
 -- Sample 28: mean=250.7975%; std=299.1530
 -- Sample 29: mean=284.1904%; std=322.6223
 -- Sample 30: mean=279.7542%; std=362.5598
 -- Sample 31: mean=300.4101%; std=359.4929
 -- Sample 32: mean=38083.2148%; std=45250.1992
 -- Sample 33: mean=34150.6562%; std=40117.3438
 -- Sample 34: mean=32307.0176%; std=35604.9883
 -- Sample 35: mean=44588.0664%; std=51675.4727
 -- Sample 36: mean=41.0099%; std=35.4524
 -- Sample 37: mean=42.7173%; std=33.1464
 -- Sample 38: mean=42.0516%; std=29.7067
 -- Sample 39: mean=43.1633%; std=29.6943
 -- Sample 40: mean=32.9777%; std=31.2571
 -- Sample 41: mean=31.3210%; std=24.8487
 -- Sample 42: mean=29.5421%; std=25.7059
 -- Sample 43: mean=36.5292%; std=29.0772
 -- Sample 44: mean=48.1949%; std=20.5920
 -- Sample 45: mean=42.6030%; std=16.2606
 -- Sample 46: mean=45.5587%; std=17.4219
 -- Sample 47: mean=44.0435%; std=18.5664
 -- Sample 48: mean=313.5339%; std=206.4697
 -- Sample 49: mean=235.6837%; std=181.5818
Mean: 3048.2706%, Std: 10182.7045%
------------------------------------------------------------------
Angular error:
 -- Sample 0: mean=53.2707º; std=41.4326
 -- Sample 1: mean=53.5574º; std=43.4996
 -- Sample 2: mean=51.6616º; std=40.3301
 -- Sample 3: mean=50.2936º; std=41.6291
 -- Sample 4: mean=49.1756º; std=40.0544
 -- Sample 5: mean=49.4115º; std=41.5617
 -- Sample 6: mean=50.6133º; std=40.7738
 -- Sample 7: mean=49.2021º; std=40.9304
 -- Sample 8: mean=38.1528º; std=42.3496
 -- Sample 9: mean=49.3596º; std=40.2352
 -- Sample 10: mean=38.5351º; std=43.0132
 -- Sample 11: mean=48.2634º; std=39.6508
 -- Sample 12: mean=43.9284º; std=38.9712
 -- Sample 13: mean=45.5999º; std=38.8780
 -- Sample 14: mean=46.3408º; std=39.8834
 -- Sample 15: mean=45.4097º; std=37.2673
 -- Sample 16: mean=44.4963º; std=37.9963
 -- Sample 17: mean=45.9302º; std=40.5799
 -- Sample 18: mean=45.0499º; std=38.5579
 -- Sample 19: mean=43.3895º; std=39.9348
 -- Sample 20: mean=37.5657º; std=34.1025
 -- Sample 21: mean=35.6208º; std=32.9769
 -- Sample 22: mean=37.9289º; std=33.9294
 -- Sample 23: mean=36.4324º; std=33.0981
 -- Sample 24: mean=45.0031º; std=40.6346
 -- Sample 25: mean=48.8143º; std=42.6539
 -- Sample 26: mean=45.9452º; std=41.3199
 -- Sample 27: mean=45.7381º; std=40.6993
 -- Sample 28: mean=48.2675º; std=36.7116
 -- Sample 29: mean=49.2696º; std=37.6894
 -- Sample 30: mean=48.6703º; std=37.6622
 -- Sample 31: mean=47.2667º; std=37.6278
 -- Sample 32: mean=61.0150º; std=46.7855
 -- Sample 33: mean=61.8165º; std=49.9236
 -- Sample 34: mean=62.6565º; std=47.8713
 -- Sample 35: mean=54.7113º; std=46.4645
 -- Sample 36: mean=45.6441º; std=38.3060
 -- Sample 37: mean=46.5817º; std=37.5401
 -- Sample 38: mean=44.9800º; std=36.9653
 -- Sample 39: mean=45.0032º; std=38.2681
 -- Sample 40: mean=44.3843º; std=38.1179
 -- Sample 41: mean=46.5507º; std=39.1258
 -- Sample 42: mean=47.0196º; std=40.6363
 -- Sample 43: mean=46.9007º; std=38.9695
 -- Sample 44: mean=55.9009º; std=43.2854
 -- Sample 45: mean=54.7083º; std=43.9546
 -- Sample 46: mean=55.8711º; std=43.3437
 -- Sample 47: mean=54.6516º; std=43.5862
 -- Sample 48: mean=36.5872º; std=35.5316
 -- Sample 49: mean=35.9451º; std=36.7139
Mean: 47.3818º, Std: 6.3372º
------------------------------------------------------------------
Correlation comparison:
 -- Sample 0: 0.8581
 -- Sample 1: 0.9211
 -- Sample 2: 0.8226
 -- Sample 3: 0.9084
 -- Sample 4: 0.8174
 -- Sample 5: 0.8797
 -- Sample 6: 0.8826
 -- Sample 7: 0.8444
 -- Sample 8: 0.9495
 -- Sample 9: 0.9745
 -- Sample 10: 0.9548
 -- Sample 11: 0.9657
 -- Sample 12: 0.8836
 -- Sample 13: 0.8794
 -- Sample 14: 0.8543
 -- Sample 15: 0.8744
 -- Sample 16: 0.5718
 -- Sample 17: 0.5757
 -- Sample 18: 0.4921
 -- Sample 19: 0.5994
 -- Sample 20: 0.9507
 -- Sample 21: 0.9421
 -- Sample 22: 0.9122
 -- Sample 23: 0.9495
 -- Sample 24: 0.9191
 -- Sample 25: 0.9591
 -- Sample 26: 0.9239
 -- Sample 27: 0.9723
 -- Sample 28: 0.4104
 -- Sample 29: 0.3886
 -- Sample 30: 0.3888
 -- Sample 31: 0.3992
 -- Sample 32: 0.0591
 -- Sample 33: 0.0649
 -- Sample 34: 0.0798
 -- Sample 35: 0.0698
 -- Sample 36: 0.7223
 -- Sample 37: 0.7820
 -- Sample 38: 0.7537
 -- Sample 39: 0.6460
 -- Sample 40: 0.9300
 -- Sample 41: 0.9359
 -- Sample 42: 0.9399
 -- Sample 43: 0.9116
 -- Sample 44: 0.9218
 -- Sample 45: 0.9606
 -- Sample 46: 0.9583
 -- Sample 47: 0.9543
 -- Sample 48: 0.6401
 -- Sample 49: 0.6988
Mean=0.7531, Std=0.2638
------------------------------------------------------------------
Flux Error:
 -- Sample 0: 0.7433
 -- Sample 1: 0.6087
 -- Sample 2: 0.6275
 -- Sample 3: 0.7269
 -- Sample 4: 0.3837
 -- Sample 5: 0.5646
 -- Sample 6: 0.3851
 -- Sample 7: 0.4824
 -- Sample 8: 0.4741
 -- Sample 9: 0.9978
 -- Sample 10: 0.4489
 -- Sample 11: 0.9590
 -- Sample 12: 0.6145
 -- Sample 13: 0.5871
 -- Sample 14: 0.6420
 -- Sample 15: 0.5978
 -- Sample 16: 0.8942
 -- Sample 17: 0.8490
 -- Sample 18: 0.9390
 -- Sample 19: 0.8683
 -- Sample 20: 0.4123
 -- Sample 21: 0.6981
 -- Sample 22: 0.4259
 -- Sample 23: 0.6946
 -- Sample 24: 1.5513
 -- Sample 25: 1.0340
 -- Sample 26: 1.3788
 -- Sample 27: 1.1493
 -- Sample 28: 2.8937
 -- Sample 29: 2.9169
 -- Sample 30: 3.4437
 -- Sample 31: 3.3952
 -- Sample 32: 344.0277
 -- Sample 33: 304.1660
 -- Sample 34: 308.2298
 -- Sample 35: 406.0539
 -- Sample 36: 0.7810
 -- Sample 37: 0.6732
 -- Sample 38: 0.6167
 -- Sample 39: 0.8194
 -- Sample 40: 1.1128
 -- Sample 41: 0.7661
 -- Sample 42: 1.0986
 -- Sample 43: 0.6783
 -- Sample 44: 0.8176
 -- Sample 45: 0.9555
 -- Sample 46: 0.8553
 -- Sample 47: 0.9519
 -- Sample 48: 3.7668
 -- Sample 49: 2.6294
Mean: 28.2477, Std: 92.8384
------------------------------------------------------------------
Tortuosity Comparison:
 -- Sample 0: 8.1990%
 -- Sample 1: 13.5933%
 -- Sample 2: 1.7824%
 -- Sample 3: 6.2695%
 -- Sample 4: 1.8195%
 -- Sample 5: 0.5511%
 -- Sample 6: 6.2898%
 -- Sample 7: 7.5411%
 -- Sample 8: 2.2776%
 -- Sample 9: 12.4015%
 -- Sample 10: 0.0316%
 -- Sample 11: 12.1602%
 -- Sample 12: 13.0946%
 -- Sample 13: 12.4236%
 -- Sample 14: 12.2417%
 -- Sample 15: 13.4762%
 -- Sample 16: 12.5735%
 -- Sample 17: 12.9327%
 -- Sample 18: 15.2496%
 -- Sample 19: 12.5810%
 -- Sample 20: 11.3141%
 -- Sample 21: 10.6321%
 -- Sample 22: 8.3534%
 -- Sample 23: 9.0274%
 -- Sample 24: 8.4065%
 -- Sample 25: 2.8921%
 -- Sample 26: 6.8715%
 -- Sample 27: 4.0963%
 -- Sample 28: 9.8016%
 -- Sample 29: 5.5471%
 -- Sample 30: 18.6075%
 -- Sample 31: 13.4072%
 -- Sample 32: 27.9154%
 -- Sample 33: 23.2233%
 -- Sample 34: 27.0903%
 -- Sample 35: 25.1525%
 -- Sample 36: 7.3823%
 -- Sample 37: 1.1797%
 -- Sample 38: 0.0857%
 -- Sample 39: 6.7877%
 -- Sample 40: 1.4671%
 -- Sample 41: 0.8181%
 -- Sample 42: 2.3201%
 -- Sample 43: 2.0789%
 -- Sample 44: 4.5202%
 -- Sample 45: 0.4834%
 -- Sample 46: 2.5019%
 -- Sample 47: 3.4833%
 -- Sample 48: 7.9208%
 -- Sample 49: 0.9925%
Mean: 8.6370%, Std: 6.9793%
------------------------------------------------------------------
Evaluating Divergent:
 -- Sample 0: 69.1166%
 -- Sample 1: 68.7152%
 -- Sample 2: 69.4977%
 -- Sample 3: 67.9125%
 -- Sample 4: 67.1217%
 -- Sample 5: 66.8302%
 -- Sample 6: 66.6775%
 -- Sample 7: 66.9266%
 -- Sample 8: 60.8304%
 -- Sample 9: 70.6986%
 -- Sample 10: 60.4243%
 -- Sample 11: 69.7700%
 -- Sample 12: 62.3239%
 -- Sample 13: 65.0783%
 -- Sample 14: 63.1506%
 -- Sample 15: 64.8175%
 -- Sample 16: 65.2274%
 -- Sample 17: 65.9356%
 -- Sample 18: 65.5512%
 -- Sample 19: 64.7079%
 -- Sample 20: 63.0969%
 -- Sample 21: 62.1459%
 -- Sample 22: 62.4260%
 -- Sample 23: 62.3246%
 -- Sample 24: 65.8890%
 -- Sample 25: 65.9101%
 -- Sample 26: 64.8200%
 -- Sample 27: 66.1993%
 -- Sample 28: 66.7447%
 -- Sample 29: 64.9715%
 -- Sample 30: 67.2685%
 -- Sample 31: 64.6825%
 -- Sample 32: 72.4794%
 -- Sample 33: 68.9910%
 -- Sample 34: 71.4628%
 -- Sample 35: 68.3142%
 -- Sample 36: 67.3574%
 -- Sample 37: 67.9380%
 -- Sample 38: 67.2514%
 -- Sample 39: 67.7342%
 -- Sample 40: 64.6410%
 -- Sample 41: 65.5863%
 -- Sample 42: 64.8136%
 -- Sample 43: 65.5622%
 -- Sample 44: 66.4232%
 -- Sample 45: 64.9434%
 -- Sample 46: 67.3619%
 -- Sample 47: 65.1182%
 -- Sample 48: 66.0638%
 -- Sample 49: 64.2375%
Mean: 66.0814%, Std: 2.5270%
------------------------------------------------------------------
Processing Batch 8 (Size: 2)...
input shape:  torch.Size([2, 1, 120, 120, 120])
output shape:  torch.Size([2, 4, 120, 120, 120])
target shape:  torch.Size([2, 4, 120, 120, 120])
Bias Error: using velocity magnitude
Mean: 201.4149, Std: 0.1360
------------------------------------------------------------------
Magnitude Error: 
 -- Sample 0: mean=211.1230%; std=209.4876
 -- Sample 1: mean=234.2908%; std=231.0618
Mean: 222.7069%, Std: 11.5839%
------------------------------------------------------------------
Angular error:
 -- Sample 0: mean=39.4768º; std=39.0664
 -- Sample 1: mean=37.2690º; std=41.7072
Mean: 38.3729º, Std: 1.1039º
------------------------------------------------------------------
Correlation comparison:
 -- Sample 0: 0.6584
 -- Sample 1: 0.6542
Mean=0.6563, Std=0.0021
------------------------------------------------------------------
Flux Error:
 -- Sample 0: 3.0209
 -- Sample 1: 2.2875
Mean: 2.6542, Std: 0.3667
------------------------------------------------------------------
Tortuosity Comparison:
 -- Sample 0: 5.4271%
 -- Sample 1: 1.1724%
Mean: 3.2997%, Std: 2.1273%
------------------------------------------------------------------
Evaluating Divergent:
 -- Sample 0: 66.1883%
 -- Sample 1: 64.6247%
Mean: 65.4065%, Std: 0.7818%
------------------------------------------------------------------

-----------------------------------------------------


========================================================================================================================



  Castle Gate  results:


Loading data...
Testing model:   Ko et. al (Etapas 3)
Processing Batch 1 (Size: 50)...
input shape:  torch.Size([50, 1, 120, 120, 120])
output shape:  torch.Size([50, 4, 120, 120, 120])
target shape:  torch.Size([50, 4, 120, 120, 120])
Bias Error: using velocity magnitude
Mean: 29.5034, Std: 63.6804
------------------------------------------------------------------
Magnitude Error: 
 -- Sample 0: mean=34.0978%; std=24.6093
 -- Sample 1: mean=34.1254%; std=25.1045
 -- Sample 2: mean=34.5454%; std=24.7746
 -- Sample 3: mean=37.2821%; std=23.4744
 -- Sample 4: mean=35.8296%; std=17.8004
 -- Sample 5: mean=39.9959%; std=23.3125
 -- Sample 6: mean=29.3459%; std=18.8320
 -- Sample 7: mean=35.4148%; std=21.5973
 -- Sample 8: mean=41.7213%; std=23.5487
 -- Sample 9: mean=32.3433%; std=26.3462
 -- Sample 10: mean=38.5594%; std=23.1142
 -- Sample 11: mean=39.1273%; std=24.9585
 -- Sample 12: mean=20.2090%; std=18.1158
 -- Sample 13: mean=32.0579%; std=19.7479
 -- Sample 14: mean=28.1734%; std=18.6269
 -- Sample 15: mean=26.6083%; std=16.1095
 -- Sample 16: mean=34.6772%; std=25.0539
 -- Sample 17: mean=30.7530%; std=27.3833
 -- Sample 18: mean=34.4356%; std=23.3541
 -- Sample 19: mean=26.7228%; std=22.4363
 -- Sample 20: mean=26.3239%; std=19.7282
 -- Sample 21: mean=28.3274%; std=27.9158
 -- Sample 22: mean=30.3821%; std=21.6696
 -- Sample 23: mean=30.7080%; std=24.0258
 -- Sample 24: mean=72.4110%; std=80.6028
 -- Sample 25: mean=69.6257%; std=60.2339
 -- Sample 26: mean=72.8860%; std=66.0347
 -- Sample 27: mean=84.9780%; std=80.5122
 -- Sample 28: mean=49.2680%; std=30.4312
 -- Sample 29: mean=46.0502%; std=34.6407
 -- Sample 30: mean=46.5070%; std=31.1464
 -- Sample 31: mean=50.1793%; std=31.6770
 -- Sample 32: mean=264.9821%; std=304.0106
 -- Sample 33: mean=311.9919%; std=356.2090
 -- Sample 34: mean=231.2725%; std=271.9388
 -- Sample 35: mean=250.2148%; std=298.1871
 -- Sample 36: mean=28.1550%; std=20.0684
 -- Sample 37: mean=24.2056%; std=18.8269
 -- Sample 38: mean=31.1926%; std=19.6497
 -- Sample 39: mean=28.1811%; std=20.2643
 -- Sample 40: mean=35.8925%; std=25.8344
 -- Sample 41: mean=28.8847%; std=19.6123
 -- Sample 42: mean=32.4212%; std=28.1132
 -- Sample 43: mean=28.4709%; std=20.0315
 -- Sample 44: mean=42.0536%; std=33.7617
 -- Sample 45: mean=42.2618%; std=39.9841
 -- Sample 46: mean=40.3926%; std=29.4786
 -- Sample 47: mean=45.4333%; std=38.2174
 -- Sample 48: mean=25.0915%; std=20.6472
 -- Sample 49: mean=32.9920%; std=32.2016
Mean: 55.9552%, Std: 63.4213%
------------------------------------------------------------------
Angular error:
 -- Sample 0: mean=40.5463º; std=34.3501
 -- Sample 1: mean=36.4454º; std=31.6517
 -- Sample 2: mean=38.3860º; std=32.1817
 -- Sample 3: mean=39.0630º; std=34.3429
 -- Sample 4: mean=45.5484º; std=38.9754
 -- Sample 5: mean=47.2892º; std=38.9914
 -- Sample 6: mean=44.8050º; std=38.2425
 -- Sample 7: mean=44.0381º; std=37.4664
 -- Sample 8: mean=46.4248º; std=37.9386
 -- Sample 9: mean=46.3881º; std=39.6750
 -- Sample 10: mean=47.1061º; std=39.5444
 -- Sample 11: mean=49.6638º; std=40.6260
 -- Sample 12: mean=37.4186º; std=35.4157
 -- Sample 13: mean=37.6636º; std=35.1875
 -- Sample 14: mean=39.5141º; std=36.9415
 -- Sample 15: mean=36.7023º; std=34.0397
 -- Sample 16: mean=35.4611º; std=31.1677
 -- Sample 17: mean=34.2181º; std=32.3120
 -- Sample 18: mean=35.2053º; std=30.9961
 -- Sample 19: mean=33.6338º; std=31.8205
 -- Sample 20: mean=39.3935º; std=36.5110
 -- Sample 21: mean=40.0788º; std=37.1705
 -- Sample 22: mean=40.9967º; std=37.8787
 -- Sample 23: mean=39.3869º; std=35.9078
 -- Sample 24: mean=40.7015º; std=35.3801
 -- Sample 25: mean=44.6717º; std=36.2404
 -- Sample 26: mean=40.7357º; std=35.3403
 -- Sample 27: mean=43.8679º; std=34.2279
 -- Sample 28: mean=48.0689º; std=38.1994
 -- Sample 29: mean=45.9554º; std=39.2510
 -- Sample 30: mean=47.9302º; std=38.4736
 -- Sample 31: mean=47.5228º; std=39.5953
 -- Sample 32: mean=54.3428º; std=40.6483
 -- Sample 33: mean=54.9473º; std=42.5165
 -- Sample 34: mean=54.1524º; std=41.0960
 -- Sample 35: mean=55.8107º; std=41.6275
 -- Sample 36: mean=47.1795º; std=42.0190
 -- Sample 37: mean=44.5369º; std=42.3603
 -- Sample 38: mean=44.9515º; std=39.5374
 -- Sample 39: mean=42.2090º; std=40.5987
 -- Sample 40: mean=33.1091º; std=32.3394
 -- Sample 41: mean=34.0801º; std=33.6113
 -- Sample 42: mean=33.4636º; std=32.5803
 -- Sample 43: mean=33.3899º; std=32.3923
 -- Sample 44: mean=41.4837º; std=34.9259
 -- Sample 45: mean=39.1778º; std=33.6718
 -- Sample 46: mean=41.6987º; std=34.8368
 -- Sample 47: mean=40.2757º; std=35.0075
 -- Sample 48: mean=36.9956º; std=35.3317
 -- Sample 49: mean=40.6417º; std=36.6628
Mean: 42.1455º, Std: 5.8328º
------------------------------------------------------------------
Correlation comparison:
 -- Sample 0: 0.8598
 -- Sample 1: 0.8464
 -- Sample 2: 0.8450
 -- Sample 3: 0.8528
 -- Sample 4: 0.9353
 -- Sample 5: 0.8923
 -- Sample 6: 0.9325
 -- Sample 7: 0.9046
 -- Sample 8: 0.8966
 -- Sample 9: 0.9226
 -- Sample 10: 0.9074
 -- Sample 11: 0.9086
 -- Sample 12: 0.9672
 -- Sample 13: 0.9016
 -- Sample 14: 0.9545
 -- Sample 15: 0.9297
 -- Sample 16: 0.8712
 -- Sample 17: 0.9054
 -- Sample 18: 0.8414
 -- Sample 19: 0.9241
 -- Sample 20: 0.9337
 -- Sample 21: 0.9311
 -- Sample 22: 0.9318
 -- Sample 23: 0.9223
 -- Sample 24: 0.6680
 -- Sample 25: 0.6585
 -- Sample 26: 0.6037
 -- Sample 27: 0.5896
 -- Sample 28: 0.7528
 -- Sample 29: 0.6537
 -- Sample 30: 0.7630
 -- Sample 31: 0.6462
 -- Sample 32: 0.5268
 -- Sample 33: 0.5116
 -- Sample 34: 0.4650
 -- Sample 35: 0.4776
 -- Sample 36: 0.9329
 -- Sample 37: 0.9449
 -- Sample 38: 0.9045
 -- Sample 39: 0.9405
 -- Sample 40: 0.8767
 -- Sample 41: 0.9208
 -- Sample 42: 0.8979
 -- Sample 43: 0.9281
 -- Sample 44: 0.7770
 -- Sample 45: 0.7128
 -- Sample 46: 0.7968
 -- Sample 47: 0.7122
 -- Sample 48: 0.9185
 -- Sample 49: 0.8738
Mean=0.8234, Std=0.1385
------------------------------------------------------------------
Flux Error:
 -- Sample 0: 0.4950
 -- Sample 1: 0.5447
 -- Sample 2: 0.5213
 -- Sample 3: 0.4578
 -- Sample 4: 0.5963
 -- Sample 5: 0.7440
 -- Sample 6: 0.7092
 -- Sample 7: 0.8093
 -- Sample 8: 0.7437
 -- Sample 9: 0.8031
 -- Sample 10: 0.7491
 -- Sample 11: 0.6028
 -- Sample 12: 0.6436
 -- Sample 13: 0.7862
 -- Sample 14: 0.5361
 -- Sample 15: 0.7767
 -- Sample 16: 0.7581
 -- Sample 17: 0.5574
 -- Sample 18: 0.5763
 -- Sample 19: 0.5525
 -- Sample 20: 0.5535
 -- Sample 21: 0.7787
 -- Sample 22: 0.5225
 -- Sample 23: 0.7456
 -- Sample 24: 1.2057
 -- Sample 25: 1.0129
 -- Sample 26: 1.0608
 -- Sample 27: 1.1677
 -- Sample 28: 0.3791
 -- Sample 29: 0.5547
 -- Sample 30: 0.4274
 -- Sample 31: 0.5858
 -- Sample 32: 2.8967
 -- Sample 33: 3.4274
 -- Sample 34: 2.4113
 -- Sample 35: 2.7133
 -- Sample 36: 0.7802
 -- Sample 37: 0.4260
 -- Sample 38: 0.6802
 -- Sample 39: 0.4671
 -- Sample 40: 0.6507
 -- Sample 41: 0.4527
 -- Sample 42: 0.6644
 -- Sample 43: 0.4302
 -- Sample 44: 0.4063
 -- Sample 45: 0.5531
 -- Sample 46: 0.3771
 -- Sample 47: 0.5742
 -- Sample 48: 0.5162
 -- Sample 49: 0.7766
Mean: 0.8232, Std: 0.6374
------------------------------------------------------------------
Tortuosity Comparison:
 -- Sample 0: 13.1921%
 -- Sample 1: 15.0076%
 -- Sample 2: 15.4625%
 -- Sample 3: 10.6766%
 -- Sample 4: 3.6665%
 -- Sample 5: 1.2297%
 -- Sample 6: 15.1365%
 -- Sample 7: 11.3024%
 -- Sample 8: 7.2866%
 -- Sample 9: 9.9651%
 -- Sample 10: 4.6556%
 -- Sample 11: 1.8204%
 -- Sample 12: 9.8782%
 -- Sample 13: 11.4838%
 -- Sample 14: 4.9991%
 -- Sample 15: 11.6304%
 -- Sample 16: 16.5525%
 -- Sample 17: 9.3440%
 -- Sample 18: 12.7851%
 -- Sample 19: 8.8142%
 -- Sample 20: 12.2370%
 -- Sample 21: 12.5487%
 -- Sample 22: 11.9935%
 -- Sample 23: 12.3225%
 -- Sample 24: 19.3695%
 -- Sample 25: 18.6822%
 -- Sample 26: 18.1153%
 -- Sample 27: 21.7860%
 -- Sample 28: 15.7628%
 -- Sample 29: 14.9188%
 -- Sample 30: 15.9264%
 -- Sample 31: 13.7518%
 -- Sample 32: 11.1010%
 -- Sample 33: 11.3988%
 -- Sample 34: 6.4270%
 -- Sample 35: 3.2935%
 -- Sample 36: 13.8127%
 -- Sample 37: 10.2621%
 -- Sample 38: 11.2648%
 -- Sample 39: 12.4103%
 -- Sample 40: 10.1794%
 -- Sample 41: 8.9735%
 -- Sample 42: 9.3605%
 -- Sample 43: 9.3855%
 -- Sample 44: 11.5058%
 -- Sample 45: 9.9725%
 -- Sample 46: 13.6620%
 -- Sample 47: 14.1098%
 -- Sample 48: 8.8301%
 -- Sample 49: 14.9615%
Mean: 11.4643%, Std: 4.3069%
------------------------------------------------------------------
Evaluating Divergent:
 -- Sample 0: 61.8321%
 -- Sample 1: 59.0569%
 -- Sample 2: 61.7897%
 -- Sample 3: 59.7748%
 -- Sample 4: 64.0896%
 -- Sample 5: 64.2435%
 -- Sample 6: 62.9531%
 -- Sample 7: 63.3402%
 -- Sample 8: 65.9608%
 -- Sample 9: 63.2666%
 -- Sample 10: 65.5865%
 -- Sample 11: 63.9718%
 -- Sample 12: 61.3737%
 -- Sample 13: 62.6207%
 -- Sample 14: 61.3570%
 -- Sample 15: 61.9575%
 -- Sample 16: 61.2485%
 -- Sample 17: 59.9147%
 -- Sample 18: 61.6394%
 -- Sample 19: 59.2265%
 -- Sample 20: 61.4683%
 -- Sample 21: 60.6590%
 -- Sample 22: 61.9046%
 -- Sample 23: 60.5743%
 -- Sample 24: 62.4924%
 -- Sample 25: 64.4520%
 -- Sample 26: 63.2971%
 -- Sample 27: 63.9192%
 -- Sample 28: 65.7391%
 -- Sample 29: 66.4473%
 -- Sample 30: 65.0715%
 -- Sample 31: 66.7060%
 -- Sample 32: 64.2250%
 -- Sample 33: 63.9274%
 -- Sample 34: 64.1474%
 -- Sample 35: 64.8732%
 -- Sample 36: 62.7456%
 -- Sample 37: 59.6331%
 -- Sample 38: 62.9576%
 -- Sample 39: 59.4713%
 -- Sample 40: 58.5703%
 -- Sample 41: 59.4686%
 -- Sample 42: 58.0780%
 -- Sample 43: 59.3007%
 -- Sample 44: 63.0475%
 -- Sample 45: 62.4050%
 -- Sample 46: 63.1797%
 -- Sample 47: 62.9699%
 -- Sample 48: 60.3961%
 -- Sample 49: 59.7714%
Mean: 62.3420%, Std: 2.1724%
------------------------------------------------------------------
Processing Batch 2 (Size: 50)...
input shape:  torch.Size([50, 1, 120, 120, 120])
output shape:  torch.Size([50, 4, 120, 120, 120])
target shape:  torch.Size([50, 4, 120, 120, 120])
Bias Error: using velocity magnitude
Mean: 217.7502, Std: 554.5923
------------------------------------------------------------------
Magnitude Error: 
 -- Sample 0: mean=33.1746%; std=26.2733
 -- Sample 1: mean=27.7650%; std=22.0982
 -- Sample 2: mean=35.4373%; std=19.8708
 -- Sample 3: mean=33.1589%; std=16.9211
 -- Sample 4: mean=35.5521%; std=22.1889
 -- Sample 5: mean=30.1667%; std=17.7975
 -- Sample 6: mean=34.6221%; std=29.7896
 -- Sample 7: mean=29.6747%; std=28.9776
 -- Sample 8: mean=34.3030%; std=24.3792
 -- Sample 9: mean=28.1581%; std=27.0781
 -- Sample 10: mean=2479.9783%; std=2347.3455
 -- Sample 11: mean=2639.3928%; std=2427.7209
 -- Sample 12: mean=2514.1331%; std=2439.3660
 -- Sample 13: mean=2710.1311%; std=2767.6833
 -- Sample 14: mean=112.3729%; std=120.9200
 -- Sample 15: mean=121.1404%; std=118.8857
 -- Sample 16: mean=117.5187%; std=122.5230
 -- Sample 17: mean=121.4787%; std=165.0854
 -- Sample 18: mean=43.6754%; std=18.4904
 -- Sample 19: mean=45.1171%; std=19.0087
 -- Sample 20: mean=48.5141%; std=21.6847
 -- Sample 21: mean=36.1870%; std=21.8668
 -- Sample 22: mean=44.9733%; std=18.0972
 -- Sample 23: mean=47.8780%; std=16.2004
 -- Sample 24: mean=51.1359%; std=17.1406
 -- Sample 25: mean=48.0085%; std=18.1879
 -- Sample 26: mean=119.9619%; std=182.8900
 -- Sample 27: mean=96.0103%; std=137.4204
 -- Sample 28: mean=97.9291%; std=154.8668
 -- Sample 29: mean=98.6709%; std=123.3174
 -- Sample 30: mean=52.5782%; std=59.1217
 -- Sample 31: mean=42.3921%; std=44.4848
 -- Sample 32: mean=49.8303%; std=54.9725
 -- Sample 33: mean=49.7635%; std=45.0826
 -- Sample 34: mean=61.1808%; std=30.5943
 -- Sample 35: mean=60.4636%; std=31.2660
 -- Sample 36: mean=66.5377%; std=45.9993
 -- Sample 37: mean=69.1299%; std=41.2281
 -- Sample 38: mean=37.0462%; std=27.5016
 -- Sample 39: mean=36.0021%; std=27.3732
 -- Sample 40: mean=36.5624%; std=28.3149
 -- Sample 41: mean=36.8236%; std=25.2045
 -- Sample 42: mean=38.4632%; std=20.2956
 -- Sample 43: mean=36.5347%; std=18.6293
 -- Sample 44: mean=35.1607%; std=16.6073
 -- Sample 45: mean=44.0292%; std=21.2087
 -- Sample 46: mean=272.4221%; std=294.8059
 -- Sample 47: mean=255.8187%; std=258.4532
 -- Sample 48: mean=235.9696%; std=249.6137
 -- Sample 49: mean=301.7794%; std=286.7138
Mean: 274.6942%, Std: 684.9745%
------------------------------------------------------------------
Angular error:
 -- Sample 0: mean=36.8283º; std=35.3821
 -- Sample 1: mean=40.4246º; std=36.6058
 -- Sample 2: mean=38.8200º; std=35.1019
 -- Sample 3: mean=40.6128º; std=36.4844
 -- Sample 4: mean=44.3313º; std=40.5956
 -- Sample 5: mean=41.4154º; std=36.8571
 -- Sample 6: mean=40.1139º; std=36.4739
 -- Sample 7: mean=38.7086º; std=36.4728
 -- Sample 8: mean=40.7196º; std=36.5136
 -- Sample 9: mean=39.0602º; std=36.4027
 -- Sample 10: mean=42.9430º; std=37.5989
 -- Sample 11: mean=41.7179º; std=36.6008
 -- Sample 12: mean=42.7881º; std=36.9094
 -- Sample 13: mean=42.6499º; std=36.6914
 -- Sample 14: mean=49.6567º; std=38.9667
 -- Sample 15: mean=47.8880º; std=37.6534
 -- Sample 16: mean=50.1322º; std=38.2924
 -- Sample 17: mean=49.0526º; std=38.0410
 -- Sample 18: mean=39.4093º; std=34.8843
 -- Sample 19: mean=37.7606º; std=35.2084
 -- Sample 20: mean=42.9452º; std=36.8877
 -- Sample 21: mean=39.1894º; std=36.7600
 -- Sample 22: mean=35.6625º; std=32.4274
 -- Sample 23: mean=36.8080º; std=33.2539
 -- Sample 24: mean=35.2630º; std=32.0487
 -- Sample 25: mean=36.6217º; std=33.0661
 -- Sample 26: mean=42.9748º; std=35.4577
 -- Sample 27: mean=38.4389º; std=33.9656
 -- Sample 28: mean=41.7721º; std=35.5445
 -- Sample 29: mean=39.9643º; std=35.7992
 -- Sample 30: mean=41.0448º; std=37.1163
 -- Sample 31: mean=38.9562º; std=36.0243
 -- Sample 32: mean=39.4240º; std=35.9707
 -- Sample 33: mean=39.2708º; std=36.5885
 -- Sample 34: mean=51.5028º; std=42.8335
 -- Sample 35: mean=50.2981º; std=42.4150
 -- Sample 36: mean=50.6450º; std=41.9697
 -- Sample 37: mean=47.4789º; std=39.8734
 -- Sample 38: mean=35.1906º; std=31.8475
 -- Sample 39: mean=35.8619º; std=31.2819
 -- Sample 40: mean=33.8243º; std=31.1196
 -- Sample 41: mean=34.3620º; std=31.1010
 -- Sample 42: mean=41.7715º; std=39.3027
 -- Sample 43: mean=41.0020º; std=39.7651
 -- Sample 44: mean=41.6171º; std=39.3582
 -- Sample 45: mean=42.6005º; std=41.2249
 -- Sample 46: mean=51.1609º; std=40.2874
 -- Sample 47: mean=50.4293º; std=40.4517
 -- Sample 48: mean=50.5602º; std=40.3164
 -- Sample 49: mean=50.7330º; std=40.8847
Mean: 42.0481º, Std: 5.0576º
------------------------------------------------------------------
Correlation comparison:
 -- Sample 0: 0.8868
 -- Sample 1: 0.9052
 -- Sample 2: 0.9436
 -- Sample 3: 0.9616
 -- Sample 4: 0.9350
 -- Sample 5: 0.9688
 -- Sample 6: 0.9232
 -- Sample 7: 0.9458
 -- Sample 8: 0.9135
 -- Sample 9: 0.9497
 -- Sample 10: 0.1562
 -- Sample 11: 0.1514
 -- Sample 12: 0.1487
 -- Sample 13: 0.1382
 -- Sample 14: 0.8120
 -- Sample 15: 0.8468
 -- Sample 16: 0.7965
 -- Sample 17: 0.7910
 -- Sample 18: 0.9086
 -- Sample 19: 0.8819
 -- Sample 20: 0.8928
 -- Sample 21: 0.8875
 -- Sample 22: 0.9291
 -- Sample 23: 0.9463
 -- Sample 24: 0.9265
 -- Sample 25: 0.9277
 -- Sample 26: 0.6341
 -- Sample 27: 0.7547
 -- Sample 28: 0.6751
 -- Sample 29: 0.8024
 -- Sample 30: 0.7983
 -- Sample 31: 0.8094
 -- Sample 32: 0.8109
 -- Sample 33: 0.8142
 -- Sample 34: 0.6445
 -- Sample 35: 0.5856
 -- Sample 36: 0.6219
 -- Sample 37: 0.5096
 -- Sample 38: 0.8464
 -- Sample 39: 0.8369
 -- Sample 40: 0.8286
 -- Sample 41: 0.8596
 -- Sample 42: 0.8937
 -- Sample 43: 0.8935
 -- Sample 44: 0.9321
 -- Sample 45: 0.8411
 -- Sample 46: 0.4568
 -- Sample 47: 0.2987
 -- Sample 48: 0.4231
 -- Sample 49: 0.3630
Mean=0.7482, Std=0.2380
------------------------------------------------------------------
Flux Error:
 -- Sample 0: 0.5916
 -- Sample 1: 0.7364
 -- Sample 2: 0.8945
 -- Sample 3: 0.8042
 -- Sample 4: 0.9016
 -- Sample 5: 0.8527
 -- Sample 6: 0.7784
 -- Sample 7: 0.7597
 -- Sample 8: 0.6869
 -- Sample 9: 0.7120
 -- Sample 10: 29.1801
 -- Sample 11: 29.0677
 -- Sample 12: 29.1894
 -- Sample 13: 29.4959
 -- Sample 14: 1.4646
 -- Sample 15: 1.6755
 -- Sample 16: 1.5899
 -- Sample 17: 1.5510
 -- Sample 18: 0.3828
 -- Sample 19: 0.4956
 -- Sample 20: 0.4366
 -- Sample 21: 0.4524
 -- Sample 22: 0.4895
 -- Sample 23: 0.5641
 -- Sample 24: 0.4945
 -- Sample 25: 0.5555
 -- Sample 26: 1.3954
 -- Sample 27: 1.0700
 -- Sample 28: 1.2503
 -- Sample 29: 1.1779
 -- Sample 30: 1.0083
 -- Sample 31: 0.9115
 -- Sample 32: 0.9805
 -- Sample 33: 1.0760
 -- Sample 34: 0.8465
 -- Sample 35: 0.2981
 -- Sample 36: 0.8206
 -- Sample 37: 0.3382
 -- Sample 38: 0.5646
 -- Sample 39: 0.4679
 -- Sample 40: 0.4852
 -- Sample 41: 0.6995
 -- Sample 42: 0.4152
 -- Sample 43: 0.9590
 -- Sample 44: 0.3887
 -- Sample 45: 0.8636
 -- Sample 46: 2.9899
 -- Sample 47: 2.7400
 -- Sample 48: 2.6585
 -- Sample 49: 3.3343
Mean: 3.2509, Std: 7.6907
------------------------------------------------------------------
Tortuosity Comparison:
 -- Sample 0: 14.1470%
 -- Sample 1: 12.9225%
 -- Sample 2: 3.9696%
 -- Sample 3: 2.9444%
 -- Sample 4: 3.1462%
 -- Sample 5: 5.2522%
 -- Sample 6: 12.3516%
 -- Sample 7: 6.3453%
 -- Sample 8: 7.1337%
 -- Sample 9: 4.6156%
 -- Sample 10: 29.3392%
 -- Sample 11: 26.8790%
 -- Sample 12: 27.6337%
 -- Sample 13: 26.7329%
 -- Sample 14: 11.7227%
 -- Sample 15: 12.8797%
 -- Sample 16: 14.1338%
 -- Sample 17: 10.5663%
 -- Sample 18: 14.4770%
 -- Sample 19: 11.0365%
 -- Sample 20: 9.6649%
 -- Sample 21: 6.7106%
 -- Sample 22: 6.7868%
 -- Sample 23: 8.6766%
 -- Sample 24: 6.4481%
 -- Sample 25: 8.3491%
 -- Sample 26: 9.8421%
 -- Sample 27: 7.2837%
 -- Sample 28: 11.2773%
 -- Sample 29: 9.4806%
 -- Sample 30: 6.6756%
 -- Sample 31: 2.9793%
 -- Sample 32: 9.4281%
 -- Sample 33: 10.9980%
 -- Sample 34: 10.9441%
 -- Sample 35: 6.1230%
 -- Sample 36: 9.0399%
 -- Sample 37: 11.1491%
 -- Sample 38: 9.1692%
 -- Sample 39: 8.4489%
 -- Sample 40: 9.6712%
 -- Sample 41: 12.8018%
 -- Sample 42: 0.3123%
 -- Sample 43: 16.1011%
 -- Sample 44: 3.7513%
 -- Sample 45: 17.4442%
 -- Sample 46: 8.6276%
 -- Sample 47: 12.3519%
 -- Sample 48: 9.9063%
 -- Sample 49: 13.0825%
Mean: 10.6351%, Std: 6.1611%
------------------------------------------------------------------
Evaluating Divergent:
 -- Sample 0: 60.4264%
 -- Sample 1: 59.8803%
 -- Sample 2: 61.4214%
 -- Sample 3: 61.9522%
 -- Sample 4: 61.1782%
 -- Sample 5: 61.4921%
 -- Sample 6: 64.9502%
 -- Sample 7: 61.1304%
 -- Sample 8: 64.9424%
 -- Sample 9: 61.3487%
 -- Sample 10: 63.8158%
 -- Sample 11: 64.0586%
 -- Sample 12: 63.2733%
 -- Sample 13: 64.8249%
 -- Sample 14: 66.5213%
 -- Sample 15: 64.9705%
 -- Sample 16: 65.6882%
 -- Sample 17: 65.1971%
 -- Sample 18: 61.3878%
 -- Sample 19: 60.9215%
 -- Sample 20: 62.0677%
 -- Sample 21: 60.8844%
 -- Sample 22: 61.6452%
 -- Sample 23: 62.5745%
 -- Sample 24: 61.5833%
 -- Sample 25: 62.7742%
 -- Sample 26: 65.2219%
 -- Sample 27: 65.0816%
 -- Sample 28: 64.3796%
 -- Sample 29: 65.5845%
 -- Sample 30: 63.0886%
 -- Sample 31: 61.8809%
 -- Sample 32: 62.5886%
 -- Sample 33: 62.4070%
 -- Sample 34: 64.8677%
 -- Sample 35: 63.5433%
 -- Sample 36: 64.8506%
 -- Sample 37: 63.8789%
 -- Sample 38: 56.8323%
 -- Sample 39: 58.8446%
 -- Sample 40: 57.1539%
 -- Sample 41: 58.6000%
 -- Sample 42: 64.4044%
 -- Sample 43: 63.6051%
 -- Sample 44: 63.6907%
 -- Sample 45: 64.0406%
 -- Sample 46: 67.0732%
 -- Sample 47: 68.3704%
 -- Sample 48: 66.7986%
 -- Sample 49: 67.6178%
Mean: 63.1063%, Std: 2.4907%
------------------------------------------------------------------
Processing Batch 3 (Size: 50)...
input shape:  torch.Size([50, 1, 120, 120, 120])
output shape:  torch.Size([50, 4, 120, 120, 120])
target shape:  torch.Size([50, 4, 120, 120, 120])
Bias Error: using velocity magnitude
Mean: 38.2358, Std: 66.6007
------------------------------------------------------------------
Magnitude Error: 
 -- Sample 0: mean=46.9821%; std=34.5505
 -- Sample 1: mean=43.7587%; std=36.8592
 -- Sample 2: mean=35.5985%; std=26.6651
 -- Sample 3: mean=38.8293%; std=30.2368
 -- Sample 4: mean=60.1090%; std=43.7651
 -- Sample 5: mean=58.2396%; std=35.8310
 -- Sample 6: mean=58.4546%; std=40.1931
 -- Sample 7: mean=61.1334%; std=43.9067
 -- Sample 8: mean=32.8022%; std=14.8957
 -- Sample 9: mean=32.1030%; std=19.0734
 -- Sample 10: mean=30.4168%; std=17.2638
 -- Sample 11: mean=31.7413%; std=17.4643
 -- Sample 12: mean=56.3218%; std=76.1247
 -- Sample 13: mean=62.3163%; std=63.9427
 -- Sample 14: mean=51.3789%; std=59.9036
 -- Sample 15: mean=59.9170%; std=63.3477
 -- Sample 16: mean=38.5421%; std=22.3578
 -- Sample 17: mean=38.7010%; std=26.0040
 -- Sample 18: mean=31.9336%; std=19.5386
 -- Sample 19: mean=35.8269%; std=20.3266
 -- Sample 20: mean=30.4238%; std=28.6112
 -- Sample 21: mean=28.9248%; std=24.3732
 -- Sample 22: mean=26.5215%; std=21.5882
 -- Sample 23: mean=28.0761%; std=26.0512
 -- Sample 24: mean=48.3825%; std=48.8374
 -- Sample 25: mean=56.1557%; std=55.0204
 -- Sample 26: mean=53.6910%; std=51.8258
 -- Sample 27: mean=52.8766%; std=54.1180
 -- Sample 28: mean=252.3219%; std=302.7744
 -- Sample 29: mean=267.4378%; std=360.1917
 -- Sample 30: mean=233.4261%; std=277.2212
 -- Sample 31: mean=275.3127%; std=348.6274
 -- Sample 32: mean=39.3152%; std=18.9445
 -- Sample 33: mean=41.1515%; std=14.6788
 -- Sample 34: mean=41.8838%; std=12.1781
 -- Sample 35: mean=40.7116%; std=16.9672
 -- Sample 36: mean=41.0329%; std=30.5012
 -- Sample 37: mean=36.8366%; std=26.8153
 -- Sample 38: mean=42.8071%; std=30.0184
 -- Sample 39: mean=42.7177%; std=27.3661
 -- Sample 40: mean=41.3239%; std=31.0399
 -- Sample 41: mean=42.9956%; std=37.4438
 -- Sample 42: mean=34.7216%; std=33.5342
 -- Sample 43: mean=39.6660%; std=40.8954
 -- Sample 44: mean=48.4461%; std=38.2562
 -- Sample 45: mean=51.5879%; std=44.9477
 -- Sample 46: mean=46.8448%; std=37.7463
 -- Sample 47: mean=55.4237%; std=45.6431
 -- Sample 48: mean=150.0979%; std=290.2044
 -- Sample 49: mean=140.2414%; std=301.6224
Mean: 64.7292%, Std: 61.0296%
------------------------------------------------------------------
Angular error:
 -- Sample 0: mean=40.3255º; std=37.1706
 -- Sample 1: mean=40.4178º; std=37.4855
 -- Sample 2: mean=41.4416º; std=37.9950
 -- Sample 3: mean=40.4553º; std=37.5493
 -- Sample 4: mean=45.1463º; std=39.5087
 -- Sample 5: mean=45.0553º; std=39.6763
 -- Sample 6: mean=45.7464º; std=38.4108
 -- Sample 7: mean=45.5153º; std=39.4468
 -- Sample 8: mean=36.1027º; std=35.4093
 -- Sample 9: mean=36.2455º; std=35.9796
 -- Sample 10: mean=35.4560º; std=34.2890
 -- Sample 11: mean=36.0372º; std=35.1772
 -- Sample 12: mean=41.1962º; std=35.0767
 -- Sample 13: mean=40.4126º; std=35.3280
 -- Sample 14: mean=42.7003º; std=35.5041
 -- Sample 15: mean=41.0803º; std=36.0887
 -- Sample 16: mean=32.4586º; std=33.2843
 -- Sample 17: mean=34.9419º; std=34.0633
 -- Sample 18: mean=30.7231º; std=31.4322
 -- Sample 19: mean=34.9791º; std=34.5381
 -- Sample 20: mean=36.0063º; std=33.3757
 -- Sample 21: mean=33.5826º; std=32.3335
 -- Sample 22: mean=35.0089º; std=33.4538
 -- Sample 23: mean=34.5689º; std=32.5914
 -- Sample 24: mean=32.3940º; std=31.4076
 -- Sample 25: mean=30.4888º; std=32.2112
 -- Sample 26: mean=31.5257º; std=30.6769
 -- Sample 27: mean=30.8078º; std=31.7456
 -- Sample 28: mean=43.3487º; std=35.0271
 -- Sample 29: mean=42.3694º; std=40.8235
 -- Sample 30: mean=49.1917º; std=40.6020
 -- Sample 31: mean=39.4152º; std=36.8184
 -- Sample 32: mean=38.7486º; std=38.4559
 -- Sample 33: mean=41.7613º; std=39.0359
 -- Sample 34: mean=40.2922º; std=40.2400
 -- Sample 35: mean=42.4660º; std=39.2222
 -- Sample 36: mean=42.4060º; std=37.4444
 -- Sample 37: mean=42.7086º; std=37.4074
 -- Sample 38: mean=42.4797º; std=36.9497
 -- Sample 39: mean=41.1877º; std=36.9772
 -- Sample 40: mean=40.2550º; std=36.2419
 -- Sample 41: mean=36.4994º; std=33.4146
 -- Sample 42: mean=39.9528º; std=35.1787
 -- Sample 43: mean=37.0338º; std=34.8171
 -- Sample 44: mean=38.8477º; std=34.5040
 -- Sample 45: mean=38.4709º; std=33.4448
 -- Sample 46: mean=40.3098º; std=36.1062
 -- Sample 47: mean=39.3503º; std=34.6814
 -- Sample 48: mean=50.7355º; std=40.3386
 -- Sample 49: mean=50.8086º; std=40.0068
Mean: 39.3892º, Std: 4.8488º
------------------------------------------------------------------
Correlation comparison:
 -- Sample 0: 0.8080
 -- Sample 1: 0.8260
 -- Sample 2: 0.8474
 -- Sample 3: 0.8435
 -- Sample 4: 0.6158
 -- Sample 5: 0.6398
 -- Sample 6: 0.6156
 -- Sample 7: 0.6340
 -- Sample 8: 0.9667
 -- Sample 9: 0.9454
 -- Sample 10: 0.9546
 -- Sample 11: 0.9544
 -- Sample 12: 0.6671
 -- Sample 13: 0.6872
 -- Sample 14: 0.6831
 -- Sample 15: 0.6474
 -- Sample 16: 0.8376
 -- Sample 17: 0.8225
 -- Sample 18: 0.8676
 -- Sample 19: 0.8483
 -- Sample 20: 0.8881
 -- Sample 21: 0.8998
 -- Sample 22: 0.9081
 -- Sample 23: 0.8797
 -- Sample 24: 0.8652
 -- Sample 25: 0.8611
 -- Sample 26: 0.8490
 -- Sample 27: 0.8655
 -- Sample 28: 0.4814
 -- Sample 29: 0.4235
 -- Sample 30: 0.5550
 -- Sample 31: 0.4580
 -- Sample 32: 0.9225
 -- Sample 33: 0.9551
 -- Sample 34: 0.9647
 -- Sample 35: 0.9321
 -- Sample 36: 0.8477
 -- Sample 37: 0.9002
 -- Sample 38: 0.8607
 -- Sample 39: 0.8525
 -- Sample 40: 0.8826
 -- Sample 41: 0.8798
 -- Sample 42: 0.9030
 -- Sample 43: 0.9069
 -- Sample 44: 0.8013
 -- Sample 45: 0.7946
 -- Sample 46: 0.8097
 -- Sample 47: 0.7726
 -- Sample 48: 0.5123
 -- Sample 49: 0.4586
Mean=0.7921, Std=0.1486
------------------------------------------------------------------
Flux Error:
 -- Sample 0: 0.6720
 -- Sample 1: 0.8699
 -- Sample 2: 0.5129
 -- Sample 3: 0.7459
 -- Sample 4: 0.5776
 -- Sample 5: 0.9002
 -- Sample 6: 0.5312
 -- Sample 7: 1.0013
 -- Sample 8: 0.4315
 -- Sample 9: 0.6102
 -- Sample 10: 0.3672
 -- Sample 11: 0.6028
 -- Sample 12: 0.8417
 -- Sample 13: 0.7999
 -- Sample 14: 0.7318
 -- Sample 15: 0.6559
 -- Sample 16: 0.6105
 -- Sample 17: 0.9714
 -- Sample 18: 0.5362
 -- Sample 19: 1.0241
 -- Sample 20: 0.4620
 -- Sample 21: 0.5062
 -- Sample 22: 0.4026
 -- Sample 23: 0.4608
 -- Sample 24: 0.9901
 -- Sample 25: 0.9585
 -- Sample 26: 1.0174
 -- Sample 27: 0.9067
 -- Sample 28: 3.6219
 -- Sample 29: 3.4995
 -- Sample 30: 3.4464
 -- Sample 31: 3.7068
 -- Sample 32: 0.7318
 -- Sample 33: 0.7023
 -- Sample 34: 0.7514
 -- Sample 35: 0.7310
 -- Sample 36: 0.4744
 -- Sample 37: 0.8419
 -- Sample 38: 0.5066
 -- Sample 39: 0.8910
 -- Sample 40: 0.8519
 -- Sample 41: 0.6618
 -- Sample 42: 0.8252
 -- Sample 43: 0.6011
 -- Sample 44: 0.5904
 -- Sample 45: 0.5620
 -- Sample 46: 0.5662
 -- Sample 47: 0.6294
 -- Sample 48: 1.8174
 -- Sample 49: 1.7855
Mean: 0.9699, Std: 0.8151
------------------------------------------------------------------
Tortuosity Comparison:
 -- Sample 0: 16.3650%
 -- Sample 1: 11.3875%
 -- Sample 2: 11.3951%
 -- Sample 3: 12.2546%
 -- Sample 4: 10.3547%
 -- Sample 5: 6.2063%
 -- Sample 6: 10.5135%
 -- Sample 7: 8.5498%
 -- Sample 8: 4.2498%
 -- Sample 9: 5.9296%
 -- Sample 10: 6.2316%
 -- Sample 11: 6.2383%
 -- Sample 12: 14.3129%
 -- Sample 13: 12.6634%
 -- Sample 14: 10.6789%
 -- Sample 15: 12.4782%
 -- Sample 16: 11.0492%
 -- Sample 17: 10.3202%
 -- Sample 18: 5.4846%
 -- Sample 19: 11.4303%
 -- Sample 20: 11.5476%
 -- Sample 21: 9.5232%
 -- Sample 22: 12.4891%
 -- Sample 23: 9.1463%
 -- Sample 24: 8.5712%
 -- Sample 25: 7.4204%
 -- Sample 26: 8.2380%
 -- Sample 27: 6.1446%
 -- Sample 28: 20.0864%
 -- Sample 29: 15.2477%
 -- Sample 30: 19.3016%
 -- Sample 31: 17.0369%
 -- Sample 32: 0.9111%
 -- Sample 33: 5.1358%
 -- Sample 34: 1.1127%
 -- Sample 35: 4.1660%
 -- Sample 36: 16.1843%
 -- Sample 37: 15.3299%
 -- Sample 38: 15.6799%
 -- Sample 39: 16.0178%
 -- Sample 40: 9.5555%
 -- Sample 41: 11.5410%
 -- Sample 42: 11.2895%
 -- Sample 43: 7.0129%
 -- Sample 44: 9.2754%
 -- Sample 45: 9.5636%
 -- Sample 46: 6.3096%
 -- Sample 47: 8.6008%
 -- Sample 48: 21.5704%
 -- Sample 49: 23.3301%
Mean: 10.7087%, Std: 4.8417%
------------------------------------------------------------------
Evaluating Divergent:
 -- Sample 0: 62.4257%
 -- Sample 1: 62.8001%
 -- Sample 2: 62.2939%
 -- Sample 3: 62.2995%
 -- Sample 4: 63.3708%
 -- Sample 5: 61.8079%
 -- Sample 6: 63.1515%
 -- Sample 7: 62.7100%
 -- Sample 8: 59.3955%
 -- Sample 9: 57.1071%
 -- Sample 10: 58.8424%
 -- Sample 11: 58.3155%
 -- Sample 12: 61.0925%
 -- Sample 13: 60.1899%
 -- Sample 14: 61.5104%
 -- Sample 15: 59.9812%
 -- Sample 16: 58.5986%
 -- Sample 17: 60.0397%
 -- Sample 18: 57.3375%
 -- Sample 19: 59.7760%
 -- Sample 20: 57.7343%
 -- Sample 21: 57.6769%
 -- Sample 22: 57.8270%
 -- Sample 23: 58.1512%
 -- Sample 24: 59.3744%
 -- Sample 25: 56.5553%
 -- Sample 26: 58.9723%
 -- Sample 27: 57.2838%
 -- Sample 28: 66.9617%
 -- Sample 29: 61.2780%
 -- Sample 30: 66.8904%
 -- Sample 31: 61.1549%
 -- Sample 32: 61.0850%
 -- Sample 33: 62.8367%
 -- Sample 34: 61.0072%
 -- Sample 35: 62.9711%
 -- Sample 36: 63.5689%
 -- Sample 37: 62.8929%
 -- Sample 38: 63.3935%
 -- Sample 39: 62.7063%
 -- Sample 40: 60.0074%
 -- Sample 41: 60.7402%
 -- Sample 42: 60.9872%
 -- Sample 43: 60.5512%
 -- Sample 44: 61.8361%
 -- Sample 45: 63.6740%
 -- Sample 46: 62.2655%
 -- Sample 47: 62.5520%
 -- Sample 48: 63.8937%
 -- Sample 49: 66.7858%
Mean: 61.1332%, Std: 2.4752%
------------------------------------------------------------------
Processing Batch 4 (Size: 50)...
input shape:  torch.Size([50, 1, 120, 120, 120])
output shape:  torch.Size([50, 4, 120, 120, 120])
target shape:  torch.Size([50, 4, 120, 120, 120])
Bias Error: using velocity magnitude
Mean: 49.9681, Std: 49.0621
------------------------------------------------------------------
Magnitude Error: 
 -- Sample 0: mean=134.5836%; std=257.9138
 -- Sample 1: mean=151.5514%; std=311.6830
 -- Sample 2: mean=40.4913%; std=29.4195
 -- Sample 3: mean=41.8909%; std=28.6512
 -- Sample 4: mean=42.8939%; std=27.9478
 -- Sample 5: mean=45.7197%; std=30.1317
 -- Sample 6: mean=51.1552%; std=27.4660
 -- Sample 7: mean=49.6780%; std=26.2310
 -- Sample 8: mean=48.5060%; std=27.5689
 -- Sample 9: mean=44.1885%; std=23.5561
 -- Sample 10: mean=63.5283%; std=57.5523
 -- Sample 11: mean=58.3649%; std=50.5791
 -- Sample 12: mean=61.2461%; std=55.5219
 -- Sample 13: mean=61.6958%; std=64.0893
 -- Sample 14: mean=91.8211%; std=86.0074
 -- Sample 15: mean=82.6988%; std=64.5599
 -- Sample 16: mean=84.0156%; std=75.0493
 -- Sample 17: mean=100.9459%; std=90.5284
 -- Sample 18: mean=129.3197%; std=103.5991
 -- Sample 19: mean=186.2792%; std=159.2302
 -- Sample 20: mean=177.8931%; std=164.6375
 -- Sample 21: mean=168.6299%; std=167.5629
 -- Sample 22: mean=25.4083%; std=19.6956
 -- Sample 23: mean=27.9686%; std=21.8793
 -- Sample 24: mean=28.7331%; std=21.0424
 -- Sample 25: mean=28.7986%; std=21.3039
 -- Sample 26: mean=52.7068%; std=54.8058
 -- Sample 27: mean=53.6549%; std=52.2226
 -- Sample 28: mean=67.9306%; std=65.7636
 -- Sample 29: mean=80.5813%; std=81.7605
 -- Sample 30: mean=47.5113%; std=37.4181
 -- Sample 31: mean=48.4641%; std=36.8071
 -- Sample 32: mean=42.6374%; std=27.8823
 -- Sample 33: mean=40.5952%; std=26.9127
 -- Sample 34: mean=174.6956%; std=277.2731
 -- Sample 35: mean=173.5157%; std=283.5097
 -- Sample 36: mean=183.4244%; std=275.8592
 -- Sample 37: mean=161.6671%; std=248.4232
 -- Sample 38: mean=32.2822%; std=20.2019
 -- Sample 39: mean=37.1949%; std=21.0300
 -- Sample 40: mean=31.9121%; std=22.0027
 -- Sample 41: mean=30.1400%; std=21.9495
 -- Sample 42: mean=96.8604%; std=123.0609
 -- Sample 43: mean=92.2928%; std=92.9432
 -- Sample 44: mean=85.0233%; std=87.1949
 -- Sample 45: mean=86.2302%; std=105.5817
 -- Sample 46: mean=33.5060%; std=24.9932
 -- Sample 47: mean=42.2884%; std=28.1979
 -- Sample 48: mean=35.1475%; std=29.9744
 -- Sample 49: mean=45.9516%; std=34.3452
Mean: 76.0844%, Std: 48.7605%
------------------------------------------------------------------
Angular error:
 -- Sample 0: mean=49.4072º; std=39.3773
 -- Sample 1: mean=50.0658º; std=39.3934
 -- Sample 2: mean=37.8676º; std=36.8135
 -- Sample 3: mean=39.8956º; std=36.2655
 -- Sample 4: mean=36.6784º; std=35.9112
 -- Sample 5: mean=39.6945º; std=36.1657
 -- Sample 6: mean=49.7589º; std=38.4286
 -- Sample 7: mean=44.9949º; std=37.4685
 -- Sample 8: mean=49.9375º; std=39.1174
 -- Sample 9: mean=47.2899º; std=39.9811
 -- Sample 10: mean=41.5254º; std=35.7332
 -- Sample 11: mean=37.9050º; std=33.9481
 -- Sample 12: mean=38.8411º; std=32.8176
 -- Sample 13: mean=37.3404º; std=33.5424
 -- Sample 14: mean=50.8811º; std=38.4324
 -- Sample 15: mean=49.5900º; std=37.7775
 -- Sample 16: mean=52.5509º; std=39.6673
 -- Sample 17: mean=52.6141º; std=39.4466
 -- Sample 18: mean=39.8583º; std=36.5622
 -- Sample 19: mean=40.8016º; std=36.8826
 -- Sample 20: mean=40.2376º; std=35.8085
 -- Sample 21: mean=38.8015º; std=36.3066
 -- Sample 22: mean=42.7927º; std=39.4784
 -- Sample 23: mean=40.8535º; std=38.6543
 -- Sample 24: mean=42.5782º; std=38.3007
 -- Sample 25: mean=41.9358º; std=39.2174
 -- Sample 26: mean=47.0016º; std=37.2009
 -- Sample 27: mean=48.1339º; std=40.6011
 -- Sample 28: mean=47.3964º; std=36.5855
 -- Sample 29: mean=48.7216º; std=39.8945
 -- Sample 30: mean=35.8139º; std=32.6709
 -- Sample 31: mean=34.9225º; std=33.0664
 -- Sample 32: mean=36.5481º; std=33.6985
 -- Sample 33: mean=34.5874º; std=33.2716
 -- Sample 34: mean=39.2486º; std=38.3520
 -- Sample 35: mean=42.1408º; std=40.3871
 -- Sample 36: mean=41.9029º; std=39.6822
 -- Sample 37: mean=40.8639º; std=39.6015
 -- Sample 38: mean=42.2993º; std=40.3964
 -- Sample 39: mean=43.1618º; std=36.8702
 -- Sample 40: mean=40.7070º; std=38.7155
 -- Sample 41: mean=42.4593º; std=37.9277
 -- Sample 42: mean=35.5738º; std=33.1677
 -- Sample 43: mean=33.5960º; std=33.0540
 -- Sample 44: mean=35.7085º; std=32.7718
 -- Sample 45: mean=35.2234º; std=35.1335
 -- Sample 46: mean=40.1129º; std=36.1034
 -- Sample 47: mean=41.5795º; std=37.0321
 -- Sample 48: mean=40.6015º; std=35.9696
 -- Sample 49: mean=40.7253º; std=35.6459
Mean: 42.0746º, Std: 5.0846º
------------------------------------------------------------------
Correlation comparison:
 -- Sample 0: 0.4859
 -- Sample 1: 0.4881
 -- Sample 2: 0.8327
 -- Sample 3: 0.8111
 -- Sample 4: 0.8342
 -- Sample 5: 0.8075
 -- Sample 6: 0.7301
 -- Sample 7: 0.7489
 -- Sample 8: 0.7693
 -- Sample 9: 0.8241
 -- Sample 10: 0.7590
 -- Sample 11: 0.7262
 -- Sample 12: 0.7644
 -- Sample 13: 0.7485
 -- Sample 14: 0.5688
 -- Sample 15: 0.5763
 -- Sample 16: 0.5855
 -- Sample 17: 0.5705
 -- Sample 18: 0.6110
 -- Sample 19: 0.5825
 -- Sample 20: 0.5618
 -- Sample 21: 0.5797
 -- Sample 22: 0.9482
 -- Sample 23: 0.9354
 -- Sample 24: 0.9334
 -- Sample 25: 0.9290
 -- Sample 26: 0.8956
 -- Sample 27: 0.9239
 -- Sample 28: 0.8772
 -- Sample 29: 0.8387
 -- Sample 30: 0.7967
 -- Sample 31: 0.7996
 -- Sample 32: 0.8368
 -- Sample 33: 0.8436
 -- Sample 34: 0.4861
 -- Sample 35: 0.5351
 -- Sample 36: 0.5323
 -- Sample 37: 0.5648
 -- Sample 38: 0.9036
 -- Sample 39: 0.9117
 -- Sample 40: 0.8884
 -- Sample 41: 0.9301
 -- Sample 42: 0.7603
 -- Sample 43: 0.8438
 -- Sample 44: 0.8336
 -- Sample 45: 0.8131
 -- Sample 46: 0.8942
 -- Sample 47: 0.8291
 -- Sample 48: 0.8709
 -- Sample 49: 0.8123
Mean=0.7587, Std=0.1412
------------------------------------------------------------------
Flux Error:
 -- Sample 0: 1.6899
 -- Sample 1: 2.1477
 -- Sample 2: 0.4892
 -- Sample 3: 0.6420
 -- Sample 4: 0.4836
 -- Sample 5: 0.6662
 -- Sample 6: 0.7623
 -- Sample 7: 0.5989
 -- Sample 8: 0.7018
 -- Sample 9: 0.7140
 -- Sample 10: 0.6255
 -- Sample 11: 0.8083
 -- Sample 12: 0.6474
 -- Sample 13: 0.9123
 -- Sample 14: 1.2995
 -- Sample 15: 0.7540
 -- Sample 16: 0.9961
 -- Sample 17: 1.0113
 -- Sample 18: 1.4748
 -- Sample 19: 2.0064
 -- Sample 20: 1.9830
 -- Sample 21: 1.9247
 -- Sample 22: 0.7349
 -- Sample 23: 0.6147
 -- Sample 24: 0.6745
 -- Sample 25: 0.6696
 -- Sample 26: 0.9769
 -- Sample 27: 1.1019
 -- Sample 28: 1.2186
 -- Sample 29: 1.2082
 -- Sample 30: 0.6005
 -- Sample 31: 0.6633
 -- Sample 32: 0.4872
 -- Sample 33: 0.5592
 -- Sample 34: 2.4283
 -- Sample 35: 2.0454
 -- Sample 36: 2.5021
 -- Sample 37: 2.0267
 -- Sample 38: 0.5946
 -- Sample 39: 0.5058
 -- Sample 40: 0.6611
 -- Sample 41: 0.5366
 -- Sample 42: 1.3609
 -- Sample 43: 1.2413
 -- Sample 44: 1.2191
 -- Sample 45: 1.2246
 -- Sample 46: 0.8967
 -- Sample 47: 0.4750
 -- Sample 48: 0.9436
 -- Sample 49: 0.5233
Mean: 1.0407, Std: 0.5592
------------------------------------------------------------------
Tortuosity Comparison:
 -- Sample 0: 21.1448%
 -- Sample 1: 22.8955%
 -- Sample 2: 7.3915%
 -- Sample 3: 9.9813%
 -- Sample 4: 5.4132%
 -- Sample 5: 11.0371%
 -- Sample 6: 24.7302%
 -- Sample 7: 21.7253%
 -- Sample 8: 20.5895%
 -- Sample 9: 22.5587%
 -- Sample 10: 11.4122%
 -- Sample 11: 7.8576%
 -- Sample 12: 11.2476%
 -- Sample 13: 8.4031%
 -- Sample 14: 19.9046%
 -- Sample 15: 9.0071%
 -- Sample 16: 11.6966%
 -- Sample 17: 12.5912%
 -- Sample 18: 11.3622%
 -- Sample 19: 13.1434%
 -- Sample 20: 13.8865%
 -- Sample 21: 13.2198%
 -- Sample 22: 6.7168%
 -- Sample 23: 4.6989%
 -- Sample 24: 4.6686%
 -- Sample 25: 3.8743%
 -- Sample 26: 9.3715%
 -- Sample 27: 4.6171%
 -- Sample 28: 8.0797%
 -- Sample 29: 6.0320%
 -- Sample 30: 16.9716%
 -- Sample 31: 15.9590%
 -- Sample 32: 14.5026%
 -- Sample 33: 13.8745%
 -- Sample 34: 16.1155%
 -- Sample 35: 14.6528%
 -- Sample 36: 16.3443%
 -- Sample 37: 15.0441%
 -- Sample 38: 11.3511%
 -- Sample 39: 2.4775%
 -- Sample 40: 6.4662%
 -- Sample 41: 9.1739%
 -- Sample 42: 14.6999%
 -- Sample 43: 11.8502%
 -- Sample 44: 14.2609%
 -- Sample 45: 11.6060%
 -- Sample 46: 10.8536%
 -- Sample 47: 8.6797%
 -- Sample 48: 11.8990%
 -- Sample 49: 10.7127%
Mean: 12.1351%, Std: 5.2813%
------------------------------------------------------------------
Evaluating Divergent:
 -- Sample 0: 64.1189%
 -- Sample 1: 66.0249%
 -- Sample 2: 62.1348%
 -- Sample 3: 65.5719%
 -- Sample 4: 62.2626%
 -- Sample 5: 65.4461%
 -- Sample 6: 64.1309%
 -- Sample 7: 63.3429%
 -- Sample 8: 63.6075%
 -- Sample 9: 63.8877%
 -- Sample 10: 61.1350%
 -- Sample 11: 62.3399%
 -- Sample 12: 61.4254%
 -- Sample 13: 61.8980%
 -- Sample 14: 65.6142%
 -- Sample 15: 65.1510%
 -- Sample 16: 65.2485%
 -- Sample 17: 65.4043%
 -- Sample 18: 60.9149%
 -- Sample 19: 60.1187%
 -- Sample 20: 61.4107%
 -- Sample 21: 58.7973%
 -- Sample 22: 60.9868%
 -- Sample 23: 61.6864%
 -- Sample 24: 60.7674%
 -- Sample 25: 61.8965%
 -- Sample 26: 68.2258%
 -- Sample 27: 63.9554%
 -- Sample 28: 67.1071%
 -- Sample 29: 64.7520%
 -- Sample 30: 59.8688%
 -- Sample 31: 58.7693%
 -- Sample 32: 58.5857%
 -- Sample 33: 58.4564%
 -- Sample 34: 61.4080%
 -- Sample 35: 62.3516%
 -- Sample 36: 60.8333%
 -- Sample 37: 62.3798%
 -- Sample 38: 64.0262%
 -- Sample 39: 64.3617%
 -- Sample 40: 63.1792%
 -- Sample 41: 63.6579%
 -- Sample 42: 62.4889%
 -- Sample 43: 59.5076%
 -- Sample 44: 62.3765%
 -- Sample 45: 59.3943%
 -- Sample 46: 64.5501%
 -- Sample 47: 63.3473%
 -- Sample 48: 65.0582%
 -- Sample 49: 63.7736%
Mean: 62.7548%, Std: 2.2767%
------------------------------------------------------------------
Processing Batch 5 (Size: 50)...
input shape:  torch.Size([50, 1, 120, 120, 120])
output shape:  torch.Size([50, 4, 120, 120, 120])
target shape:  torch.Size([50, 4, 120, 120, 120])
Bias Error: using velocity magnitude
Mean: 50.7675, Std: 74.8599
------------------------------------------------------------------
Magnitude Error: 
 -- Sample 0: mean=39.1834%; std=23.2383
 -- Sample 1: mean=37.1428%; std=21.8338
 -- Sample 2: mean=44.5844%; std=22.8731
 -- Sample 3: mean=40.0059%; std=21.6467
 -- Sample 4: mean=324.9388%; std=332.4797
 -- Sample 5: mean=247.8746%; std=286.8390
 -- Sample 6: mean=258.2084%; std=280.2926
 -- Sample 7: mean=313.9361%; std=368.5732
 -- Sample 8: mean=30.1617%; std=23.9359
 -- Sample 9: mean=39.7119%; std=27.5628
 -- Sample 10: mean=36.1642%; std=25.9292
 -- Sample 11: mean=33.5110%; std=24.2146
 -- Sample 12: mean=45.1656%; std=30.8745
 -- Sample 13: mean=32.3861%; std=24.1384
 -- Sample 14: mean=37.0687%; std=24.5940
 -- Sample 15: mean=38.5292%; std=31.0918
 -- Sample 16: mean=53.5100%; std=14.2278
 -- Sample 17: mean=52.7451%; std=14.7192
 -- Sample 18: mean=53.2554%; std=12.8198
 -- Sample 19: mean=51.7863%; std=17.3972
 -- Sample 20: mean=42.4697%; std=17.2804
 -- Sample 21: mean=39.6835%; std=18.1508
 -- Sample 22: mean=38.9066%; std=20.5579
 -- Sample 23: mean=43.8939%; std=14.7927
 -- Sample 24: mean=133.0664%; std=124.0101
 -- Sample 25: mean=118.3344%; std=107.3464
 -- Sample 26: mean=118.5234%; std=92.0379
 -- Sample 27: mean=115.9155%; std=86.6398
 -- Sample 28: mean=45.7645%; std=16.0614
 -- Sample 29: mean=47.1729%; std=17.6601
 -- Sample 30: mean=43.7700%; std=16.7325
 -- Sample 31: mean=48.3081%; std=19.4454
 -- Sample 32: mean=38.9715%; std=21.0172
 -- Sample 33: mean=33.3852%; std=21.3748
 -- Sample 34: mean=42.5586%; std=19.3448
 -- Sample 35: mean=36.3386%; std=20.4428
 -- Sample 36: mean=39.6638%; std=17.9969
 -- Sample 37: mean=23.8679%; std=18.0470
 -- Sample 38: mean=32.3544%; std=18.1685
 -- Sample 39: mean=28.3120%; std=18.1925
 -- Sample 40: mean=30.4177%; std=24.6606
 -- Sample 41: mean=32.2509%; std=24.5663
 -- Sample 42: mean=25.7653%; std=20.9357
 -- Sample 43: mean=32.7067%; std=19.2147
 -- Sample 44: mean=27.7881%; std=21.6815
 -- Sample 45: mean=24.6063%; std=22.5727
 -- Sample 46: mean=32.0786%; std=22.1553
 -- Sample 47: mean=27.2010%; std=21.1639
 -- Sample 48: mean=29.5385%; std=22.3609
 -- Sample 49: mean=32.2591%; std=25.2287
Mean: 64.3148%, Std: 70.2941%
------------------------------------------------------------------
Angular error:
 -- Sample 0: mean=42.7457º; std=37.8656
 -- Sample 1: mean=41.3052º; std=39.0559
 -- Sample 2: mean=45.4452º; std=40.7873
 -- Sample 3: mean=40.8998º; std=38.5871
 -- Sample 4: mean=44.4425º; std=39.8156
 -- Sample 5: mean=48.1572º; std=40.7814
 -- Sample 6: mean=45.8552º; std=40.1651
 -- Sample 7: mean=46.5471º; std=40.5479
 -- Sample 8: mean=43.6115º; std=38.7237
 -- Sample 9: mean=42.3259º; std=38.1704
 -- Sample 10: mean=42.3087º; std=37.3476
 -- Sample 11: mean=42.5164º; std=38.5342
 -- Sample 12: mean=45.7613º; std=39.2863
 -- Sample 13: mean=47.0803º; std=40.4739
 -- Sample 14: mean=46.3080º; std=39.7330
 -- Sample 15: mean=45.6410º; std=40.0626
 -- Sample 16: mean=36.6689º; std=37.4932
 -- Sample 17: mean=38.1511º; std=38.1616
 -- Sample 18: mean=36.9664º; std=38.6542
 -- Sample 19: mean=36.3895º; std=36.6656
 -- Sample 20: mean=43.7023º; std=37.2714
 -- Sample 21: mean=44.1895º; std=38.4650
 -- Sample 22: mean=44.4290º; std=37.6681
 -- Sample 23: mean=43.6550º; std=38.2194
 -- Sample 24: mean=44.4754º; std=40.7320
 -- Sample 25: mean=44.7377º; std=38.2087
 -- Sample 26: mean=43.3119º; std=39.9247
 -- Sample 27: mean=45.7699º; std=38.6910
 -- Sample 28: mean=38.0315º; std=35.8463
 -- Sample 29: mean=38.7363º; std=35.2999
 -- Sample 30: mean=38.2251º; std=35.9525
 -- Sample 31: mean=40.4285º; std=37.1302
 -- Sample 32: mean=42.9024º; std=38.5636
 -- Sample 33: mean=37.8213º; std=38.4727
 -- Sample 34: mean=40.8962º; std=37.8933
 -- Sample 35: mean=38.8289º; std=38.5759
 -- Sample 36: mean=34.3532º; std=35.1143
 -- Sample 37: mean=35.1188º; std=37.2899
 -- Sample 38: mean=34.3110º; std=35.1894
 -- Sample 39: mean=35.4088º; std=36.8342
 -- Sample 40: mean=39.4516º; std=37.7290
 -- Sample 41: mean=36.5454º; std=36.7607
 -- Sample 42: mean=39.0019º; std=37.7228
 -- Sample 43: mean=38.9062º; std=38.1945
 -- Sample 44: mean=37.7634º; std=34.1414
 -- Sample 45: mean=34.7780º; std=31.9073
 -- Sample 46: mean=37.0964º; std=32.9837
 -- Sample 47: mean=35.4722º; std=33.0286
 -- Sample 48: mean=44.5444º; std=38.2183
 -- Sample 49: mean=40.0439º; std=36.2377
Mean: 41.0413º, Std: 3.8763º
------------------------------------------------------------------
Correlation comparison:
 -- Sample 0: 0.8943
 -- Sample 1: 0.9181
 -- Sample 2: 0.8805
 -- Sample 3: 0.9136
 -- Sample 4: 0.6117
 -- Sample 5: 0.5844
 -- Sample 6: 0.5817
 -- Sample 7: 0.5396
 -- Sample 8: 0.8993
 -- Sample 9: 0.8506
 -- Sample 10: 0.8537
 -- Sample 11: 0.8875
 -- Sample 12: 0.8177
 -- Sample 13: 0.8815
 -- Sample 14: 0.8701
 -- Sample 15: 0.8541
 -- Sample 16: 0.9448
 -- Sample 17: 0.9402
 -- Sample 18: 0.9589
 -- Sample 19: 0.9062
 -- Sample 20: 0.9497
 -- Sample 21: 0.9628
 -- Sample 22: 0.9500
 -- Sample 23: 0.9756
 -- Sample 24: 0.6265
 -- Sample 25: 0.6318
 -- Sample 26: 0.6311
 -- Sample 27: 0.6308
 -- Sample 28: 0.9506
 -- Sample 29: 0.9444
 -- Sample 30: 0.9446
 -- Sample 31: 0.9296
 -- Sample 32: 0.9053
 -- Sample 33: 0.9219
 -- Sample 34: 0.9426
 -- Sample 35: 0.9350
 -- Sample 36: 0.9095
 -- Sample 37: 0.9372
 -- Sample 38: 0.9309
 -- Sample 39: 0.9308
 -- Sample 40: 0.8814
 -- Sample 41: 0.9054
 -- Sample 42: 0.9249
 -- Sample 43: 0.8982
 -- Sample 44: 0.9109
 -- Sample 45: 0.9226
 -- Sample 46: 0.8827
 -- Sample 47: 0.9329
 -- Sample 48: 0.9198
 -- Sample 49: 0.9233
Mean=0.8646, Std=0.1182
------------------------------------------------------------------
Flux Error:
 -- Sample 0: 0.6252
 -- Sample 1: 0.6532
 -- Sample 2: 0.5428
 -- Sample 3: 0.6593
 -- Sample 4: 3.7053
 -- Sample 5: 2.6716
 -- Sample 6: 2.5473
 -- Sample 7: 3.3873
 -- Sample 8: 0.8662
 -- Sample 9: 0.4830
 -- Sample 10: 0.8330
 -- Sample 11: 0.4346
 -- Sample 12: 0.7309
 -- Sample 13: 0.8503
 -- Sample 14: 0.6824
 -- Sample 15: 0.9037
 -- Sample 16: 0.5057
 -- Sample 17: 0.7899
 -- Sample 18: 0.4997
 -- Sample 19: 0.7680
 -- Sample 20: 0.6559
 -- Sample 21: 0.8032
 -- Sample 22: 0.7102
 -- Sample 23: 0.7260
 -- Sample 24: 1.4850
 -- Sample 25: 1.4311
 -- Sample 26: 1.2688
 -- Sample 27: 1.3663
 -- Sample 28: 0.7926
 -- Sample 29: 0.6355
 -- Sample 30: 0.8167
 -- Sample 31: 0.5950
 -- Sample 32: 0.7271
 -- Sample 33: 0.4698
 -- Sample 34: 0.8066
 -- Sample 35: 0.4346
 -- Sample 36: 0.5135
 -- Sample 37: 0.8637
 -- Sample 38: 0.5572
 -- Sample 39: 0.8222
 -- Sample 40: 0.7727
 -- Sample 41: 0.5063
 -- Sample 42: 0.8479
 -- Sample 43: 0.3690
 -- Sample 44: 0.4738
 -- Sample 45: 0.7015
 -- Sample 46: 0.4258
 -- Sample 47: 0.6987
 -- Sample 48: 0.7728
 -- Sample 49: 0.6639
Mean: 0.9171, Std: 0.6937
------------------------------------------------------------------
Tortuosity Comparison:
 -- Sample 0: 10.5373%
 -- Sample 1: 4.1683%
 -- Sample 2: 6.6517%
 -- Sample 3: 4.2712%
 -- Sample 4: 3.8558%
 -- Sample 5: 3.9591%
 -- Sample 6: 1.8967%
 -- Sample 7: 7.1800%
 -- Sample 8: 4.3802%
 -- Sample 9: 1.3785%
 -- Sample 10: 0.5581%
 -- Sample 11: 5.4630%
 -- Sample 12: 6.7790%
 -- Sample 13: 8.1766%
 -- Sample 14: 12.1742%
 -- Sample 15: 12.0646%
 -- Sample 16: 4.8923%
 -- Sample 17: 7.2252%
 -- Sample 18: 4.9263%
 -- Sample 19: 7.8307%
 -- Sample 20: 4.9650%
 -- Sample 21: 6.8861%
 -- Sample 22: 3.8487%
 -- Sample 23: 4.8862%
 -- Sample 24: 8.7735%
 -- Sample 25: 11.8622%
 -- Sample 26: 8.3503%
 -- Sample 27: 8.5695%
 -- Sample 28: 2.7179%
 -- Sample 29: 5.5572%
 -- Sample 30: 2.0205%
 -- Sample 31: 5.8237%
 -- Sample 32: 8.1983%
 -- Sample 33: 6.2723%
 -- Sample 34: 9.8411%
 -- Sample 35: 6.3078%
 -- Sample 36: 3.5693%
 -- Sample 37: 7.4277%
 -- Sample 38: 5.4694%
 -- Sample 39: 8.6545%
 -- Sample 40: 7.0487%
 -- Sample 41: 5.0441%
 -- Sample 42: 11.8289%
 -- Sample 43: 3.0641%
 -- Sample 44: 9.8667%
 -- Sample 45: 11.3485%
 -- Sample 46: 11.1655%
 -- Sample 47: 8.7897%
 -- Sample 48: 7.1565%
 -- Sample 49: 2.2096%
Mean: 6.5178%, Std: 2.9813%
------------------------------------------------------------------
Evaluating Divergent:
 -- Sample 0: 62.9983%
 -- Sample 1: 58.2184%
 -- Sample 2: 61.7847%
 -- Sample 3: 58.4701%
 -- Sample 4: 67.2102%
 -- Sample 5: 66.3280%
 -- Sample 6: 67.3457%
 -- Sample 7: 65.9469%
 -- Sample 8: 62.4121%
 -- Sample 9: 59.6637%
 -- Sample 10: 62.3079%
 -- Sample 11: 59.6103%
 -- Sample 12: 62.8308%
 -- Sample 13: 64.5741%
 -- Sample 14: 63.4050%
 -- Sample 15: 64.3098%
 -- Sample 16: 59.0964%
 -- Sample 17: 58.8202%
 -- Sample 18: 59.1269%
 -- Sample 19: 58.9053%
 -- Sample 20: 61.8571%
 -- Sample 21: 61.2601%
 -- Sample 22: 62.5256%
 -- Sample 23: 61.2673%
 -- Sample 24: 62.4228%
 -- Sample 25: 64.1683%
 -- Sample 26: 62.0023%
 -- Sample 27: 64.3347%
 -- Sample 28: 60.6261%
 -- Sample 29: 61.2267%
 -- Sample 30: 60.3970%
 -- Sample 31: 61.0957%
 -- Sample 32: 65.8216%
 -- Sample 33: 61.4542%
 -- Sample 34: 65.8988%
 -- Sample 35: 61.6559%
 -- Sample 36: 62.6277%
 -- Sample 37: 60.4086%
 -- Sample 38: 63.4704%
 -- Sample 39: 60.8089%
 -- Sample 40: 62.5551%
 -- Sample 41: 61.5156%
 -- Sample 42: 62.4260%
 -- Sample 43: 62.5628%
 -- Sample 44: 62.1152%
 -- Sample 45: 60.0883%
 -- Sample 46: 62.0533%
 -- Sample 47: 59.5936%
 -- Sample 48: 62.8163%
 -- Sample 49: 61.4308%
Mean: 62.1170%, Std: 2.2154%
------------------------------------------------------------------
Processing Batch 6 (Size: 50)...
input shape:  torch.Size([50, 1, 120, 120, 120])
output shape:  torch.Size([50, 4, 120, 120, 120])
target shape:  torch.Size([50, 4, 120, 120, 120])
Bias Error: using velocity magnitude
Mean: 22.6380, Std: 18.7133
------------------------------------------------------------------
Magnitude Error: 
 -- Sample 0: mean=31.3699%; std=24.4763
 -- Sample 1: mean=33.4354%; std=27.8700
 -- Sample 2: mean=26.0021%; std=18.1134
 -- Sample 3: mean=27.8946%; std=19.3058
 -- Sample 4: mean=27.6765%; std=18.6106
 -- Sample 5: mean=28.7761%; std=19.2256
 -- Sample 6: mean=42.0375%; std=26.9578
 -- Sample 7: mean=36.3401%; std=25.1716
 -- Sample 8: mean=38.1927%; std=25.9086
 -- Sample 9: mean=36.5243%; std=26.7113
 -- Sample 10: mean=75.3526%; std=50.6514
 -- Sample 11: mean=86.9675%; std=57.1319
 -- Sample 12: mean=82.9545%; std=57.0174
 -- Sample 13: mean=89.1881%; std=62.8367
 -- Sample 14: mean=49.3576%; std=42.4848
 -- Sample 15: mean=49.8069%; std=47.0803
 -- Sample 16: mean=49.0267%; std=44.6496
 -- Sample 17: mean=52.6424%; std=73.1674
 -- Sample 18: mean=22.4076%; std=17.6468
 -- Sample 19: mean=23.6510%; std=19.5402
 -- Sample 20: mean=24.0165%; std=18.6420
 -- Sample 21: mean=23.8425%; std=18.9259
 -- Sample 22: mean=27.3213%; std=16.8393
 -- Sample 23: mean=37.8066%; std=18.0731
 -- Sample 24: mean=34.8151%; std=19.9701
 -- Sample 25: mean=34.1980%; std=19.2855
 -- Sample 26: mean=39.4241%; std=25.0580
 -- Sample 27: mean=36.7155%; std=25.1615
 -- Sample 28: mean=40.8548%; std=24.0158
 -- Sample 29: mean=41.5164%; std=30.2257
 -- Sample 30: mean=33.0002%; std=16.3288
 -- Sample 31: mean=35.2923%; std=15.1393
 -- Sample 32: mean=34.5961%; std=14.4136
 -- Sample 33: mean=35.7783%; std=16.7115
 -- Sample 34: mean=30.8822%; std=21.0568
 -- Sample 35: mean=38.2003%; std=22.6045
 -- Sample 36: mean=37.8085%; std=25.5259
 -- Sample 37: mean=39.0161%; std=25.1234
 -- Sample 38: mean=21.2640%; std=16.9937
 -- Sample 39: mean=25.1942%; std=15.9490
 -- Sample 40: mean=22.8446%; std=16.7350
 -- Sample 41: mean=21.8015%; std=15.0895
 -- Sample 42: mean=29.4321%; std=19.1093
 -- Sample 43: mean=29.3512%; std=22.5308
 -- Sample 44: mean=27.7080%; std=19.2205
 -- Sample 45: mean=32.7495%; std=21.9822
 -- Sample 46: mean=50.3418%; std=22.2720
 -- Sample 47: mean=49.2491%; std=21.7362
 -- Sample 48: mean=49.2672%; std=22.2234
 -- Sample 49: mean=48.9350%; std=24.7428
Mean: 38.8565%, Std: 15.7336%
------------------------------------------------------------------
Angular error:
 -- Sample 0: mean=42.9289º; std=36.4945
 -- Sample 1: mean=41.0981º; std=37.2537
 -- Sample 2: mean=33.6909º; std=33.0760
 -- Sample 3: mean=34.4145º; std=33.3620
 -- Sample 4: mean=34.5929º; std=33.4677
 -- Sample 5: mean=34.0055º; std=32.2209
 -- Sample 6: mean=40.8357º; std=34.1244
 -- Sample 7: mean=41.5292º; std=36.7593
 -- Sample 8: mean=41.7941º; std=34.8872
 -- Sample 9: mean=39.2776º; std=34.4585
 -- Sample 10: mean=43.2240º; std=39.7654
 -- Sample 11: mean=39.7000º; std=39.4607
 -- Sample 12: mean=42.8670º; std=39.6663
 -- Sample 13: mean=40.9704º; std=39.5822
 -- Sample 14: mean=50.2430º; std=40.3208
 -- Sample 15: mean=51.4269º; std=38.6189
 -- Sample 16: mean=50.9477º; std=40.3706
 -- Sample 17: mean=52.7937º; std=40.5225
 -- Sample 18: mean=42.3739º; std=36.8121
 -- Sample 19: mean=42.8000º; std=36.4433
 -- Sample 20: mean=44.1841º; std=38.5841
 -- Sample 21: mean=41.0551º; std=36.1351
 -- Sample 22: mean=46.6247º; std=42.6941
 -- Sample 23: mean=44.7563º; std=42.0661
 -- Sample 24: mean=44.6764º; std=41.6894
 -- Sample 25: mean=44.5943º; std=40.6615
 -- Sample 26: mean=34.0543º; std=30.9252
 -- Sample 27: mean=32.9484º; std=31.6506
 -- Sample 28: mean=33.4249º; std=30.6672
 -- Sample 29: mean=32.0641º; std=32.2666
 -- Sample 30: mean=25.6624º; std=27.0968
 -- Sample 31: mean=26.4309º; std=28.0662
 -- Sample 32: mean=25.6063º; std=26.9102
 -- Sample 33: mean=26.9330º; std=28.1928
 -- Sample 34: mean=41.1892º; std=35.7468
 -- Sample 35: mean=42.1163º; std=34.5554
 -- Sample 36: mean=41.5184º; std=36.5080
 -- Sample 37: mean=44.9967º; std=36.3762
 -- Sample 38: mean=37.2264º; std=36.9972
 -- Sample 39: mean=38.8644º; std=36.1745
 -- Sample 40: mean=36.7145º; std=36.1170
 -- Sample 41: mean=39.3649º; std=36.6574
 -- Sample 42: mean=52.5510º; std=43.4512
 -- Sample 43: mean=53.4033º; std=40.3425
 -- Sample 44: mean=50.9920º; std=42.7255
 -- Sample 45: mean=53.7010º; std=41.2919
 -- Sample 46: mean=44.6130º; std=37.5540
 -- Sample 47: mean=44.0555º; std=37.5555
 -- Sample 48: mean=42.7924º; std=36.9126
 -- Sample 49: mean=41.9395º; std=37.0607
Mean: 41.0113º, Std: 7.0556º
------------------------------------------------------------------
Correlation comparison:
 -- Sample 0: 0.9271
 -- Sample 1: 0.9330
 -- Sample 2: 0.9313
 -- Sample 3: 0.9160
 -- Sample 4: 0.9413
 -- Sample 5: 0.9129
 -- Sample 6: 0.8246
 -- Sample 7: 0.8766
 -- Sample 8: 0.8424
 -- Sample 9: 0.8545
 -- Sample 10: 0.9362
 -- Sample 11: 0.9394
 -- Sample 12: 0.9112
 -- Sample 13: 0.9378
 -- Sample 14: 0.7954
 -- Sample 15: 0.8136
 -- Sample 16: 0.8303
 -- Sample 17: 0.7807
 -- Sample 18: 0.9668
 -- Sample 19: 0.9588
 -- Sample 20: 0.9600
 -- Sample 21: 0.9621
 -- Sample 22: 0.9456
 -- Sample 23: 0.9131
 -- Sample 24: 0.9307
 -- Sample 25: 0.9306
 -- Sample 26: 0.8014
 -- Sample 27: 0.8475
 -- Sample 28: 0.8026
 -- Sample 29: 0.7951
 -- Sample 30: 0.9545
 -- Sample 31: 0.9568
 -- Sample 32: 0.9640
 -- Sample 33: 0.9548
 -- Sample 34: 0.8849
 -- Sample 35: 0.8067
 -- Sample 36: 0.8589
 -- Sample 37: 0.7887
 -- Sample 38: 0.9545
 -- Sample 39: 0.9470
 -- Sample 40: 0.9490
 -- Sample 41: 0.9638
 -- Sample 42: 0.9231
 -- Sample 43: 0.9089
 -- Sample 44: 0.9209
 -- Sample 45: 0.8740
 -- Sample 46: 0.8768
 -- Sample 47: 0.8374
 -- Sample 48: 0.8212
 -- Sample 49: 0.8322
Mean=0.8939, Std=0.0590
------------------------------------------------------------------
Flux Error:
 -- Sample 0: 0.7942
 -- Sample 1: 0.7097
 -- Sample 2: 0.4493
 -- Sample 3: 0.4313
 -- Sample 4: 0.4191
 -- Sample 5: 0.3851
 -- Sample 6: 0.6897
 -- Sample 7: 0.5529
 -- Sample 8: 0.6510
 -- Sample 9: 0.5550
 -- Sample 10: 0.9309
 -- Sample 11: 1.3610
 -- Sample 12: 0.9901
 -- Sample 13: 1.3488
 -- Sample 14: 0.6458
 -- Sample 15: 0.7255
 -- Sample 16: 0.6495
 -- Sample 17: 0.9338
 -- Sample 18: 0.5723
 -- Sample 19: 1.0261
 -- Sample 20: 0.5749
 -- Sample 21: 0.9618
 -- Sample 22: 0.6965
 -- Sample 23: 0.9644
 -- Sample 24: 0.6021
 -- Sample 25: 0.9419
 -- Sample 26: 0.6343
 -- Sample 27: 0.3782
 -- Sample 28: 0.6468
 -- Sample 29: 0.4035
 -- Sample 30: 0.4220
 -- Sample 31: 0.4381
 -- Sample 32: 0.4545
 -- Sample 33: 0.4540
 -- Sample 34: 0.6999
 -- Sample 35: 0.5366
 -- Sample 36: 0.7729
 -- Sample 37: 0.4349
 -- Sample 38: 0.7290
 -- Sample 39: 0.2996
 -- Sample 40: 0.7516
 -- Sample 41: 0.2853
 -- Sample 42: 0.8075
 -- Sample 43: 0.9731
 -- Sample 44: 0.7886
 -- Sample 45: 0.9961
 -- Sample 46: 0.4334
 -- Sample 47: 0.4105
 -- Sample 48: 0.4085
 -- Sample 49: 0.3932
Mean: 0.6623, Std: 0.2496
------------------------------------------------------------------
Tortuosity Comparison:
 -- Sample 0: 8.2101%
 -- Sample 1: 5.1460%
 -- Sample 2: 8.0590%
 -- Sample 3: 5.3178%
 -- Sample 4: 6.1343%
 -- Sample 5: 6.8449%
 -- Sample 6: 15.5491%
 -- Sample 7: 11.6780%
 -- Sample 8: 14.2562%
 -- Sample 9: 14.4902%
 -- Sample 10: 2.2629%
 -- Sample 11: 2.8987%
 -- Sample 12: 2.8056%
 -- Sample 13: 0.4383%
 -- Sample 14: 11.7626%
 -- Sample 15: 3.1296%
 -- Sample 16: 11.5101%
 -- Sample 17: 12.0150%
 -- Sample 18: 6.9931%
 -- Sample 19: 10.4204%
 -- Sample 20: 4.2536%
 -- Sample 21: 7.2920%
 -- Sample 22: 5.1841%
 -- Sample 23: 4.2232%
 -- Sample 24: 3.3481%
 -- Sample 25: 3.8546%
 -- Sample 26: 13.5860%
 -- Sample 27: 11.8597%
 -- Sample 28: 11.8748%
 -- Sample 29: 10.7208%
 -- Sample 30: 4.1240%
 -- Sample 31: 4.2674%
 -- Sample 32: 4.2508%
 -- Sample 33: 6.0715%
 -- Sample 34: 8.5966%
 -- Sample 35: 13.7364%
 -- Sample 36: 11.3866%
 -- Sample 37: 14.4362%
 -- Sample 38: 5.4609%
 -- Sample 39: 7.2048%
 -- Sample 40: 8.0560%
 -- Sample 41: 7.8636%
 -- Sample 42: 4.2645%
 -- Sample 43: 15.1841%
 -- Sample 44: 3.1590%
 -- Sample 45: 11.3765%
 -- Sample 46: 5.3683%
 -- Sample 47: 3.2146%
 -- Sample 48: 7.9663%
 -- Sample 49: 10.9164%
Mean: 7.8605%, Std: 4.0251%
------------------------------------------------------------------
Evaluating Divergent:
 -- Sample 0: 62.9034%
 -- Sample 1: 60.9875%
 -- Sample 2: 56.9916%
 -- Sample 3: 58.9284%
 -- Sample 4: 57.0186%
 -- Sample 5: 58.8457%
 -- Sample 6: 62.4823%
 -- Sample 7: 60.0824%
 -- Sample 8: 61.7122%
 -- Sample 9: 60.1954%
 -- Sample 10: 63.0329%
 -- Sample 11: 60.7057%
 -- Sample 12: 63.3236%
 -- Sample 13: 60.8840%
 -- Sample 14: 66.7329%
 -- Sample 15: 66.1822%
 -- Sample 16: 66.5520%
 -- Sample 17: 65.6330%
 -- Sample 18: 61.7474%
 -- Sample 19: 61.0371%
 -- Sample 20: 61.2178%
 -- Sample 21: 60.7543%
 -- Sample 22: 61.2812%
 -- Sample 23: 63.0721%
 -- Sample 24: 61.7439%
 -- Sample 25: 62.6281%
 -- Sample 26: 60.2578%
 -- Sample 27: 60.9444%
 -- Sample 28: 59.9911%
 -- Sample 29: 60.4274%
 -- Sample 30: 51.4372%
 -- Sample 31: 52.0905%
 -- Sample 32: 51.6877%
 -- Sample 33: 52.9215%
 -- Sample 34: 64.0493%
 -- Sample 35: 65.6816%
 -- Sample 36: 62.2986%
 -- Sample 37: 65.0980%
 -- Sample 38: 57.9267%
 -- Sample 39: 60.8070%
 -- Sample 40: 58.6586%
 -- Sample 41: 60.4304%
 -- Sample 42: 63.5798%
 -- Sample 43: 67.6193%
 -- Sample 44: 63.1695%
 -- Sample 45: 66.6831%
 -- Sample 46: 65.9751%
 -- Sample 47: 66.1380%
 -- Sample 48: 65.3414%
 -- Sample 49: 65.8091%
Mean: 61.5140%, Std: 3.8357%
------------------------------------------------------------------
Processing Batch 7 (Size: 50)...
input shape:  torch.Size([50, 1, 120, 120, 120])
output shape:  torch.Size([50, 4, 120, 120, 120])
target shape:  torch.Size([50, 4, 120, 120, 120])
Bias Error: using velocity magnitude
Mean: 25.6507, Std: 17.7082
------------------------------------------------------------------
Magnitude Error: 
 -- Sample 0: mean=39.3293%; std=20.5970
 -- Sample 1: mean=36.2983%; std=20.2668
 -- Sample 2: mean=39.9239%; std=18.7968
 -- Sample 3: mean=33.6517%; std=18.7671
 -- Sample 4: mean=23.7699%; std=15.7322
 -- Sample 5: mean=32.1813%; std=24.9695
 -- Sample 6: mean=20.2738%; std=16.0855
 -- Sample 7: mean=24.7863%; std=16.1351
 -- Sample 8: mean=51.4716%; std=49.7614
 -- Sample 9: mean=53.2889%; std=84.1967
 -- Sample 10: mean=52.6645%; std=54.7390
 -- Sample 11: mean=55.1339%; std=76.1028
 -- Sample 12: mean=30.8862%; std=17.1734
 -- Sample 13: mean=28.8220%; std=20.3071
 -- Sample 14: mean=30.6315%; std=20.4795
 -- Sample 15: mean=34.4607%; std=20.5495
 -- Sample 16: mean=26.1418%; std=19.4713
 -- Sample 17: mean=32.0056%; std=21.1357
 -- Sample 18: mean=32.2441%; std=20.6688
 -- Sample 19: mean=35.3789%; std=23.9195
 -- Sample 20: mean=48.9854%; std=23.1050
 -- Sample 21: mean=43.6826%; std=27.8766
 -- Sample 22: mean=50.0930%; std=26.2334
 -- Sample 23: mean=48.6288%; std=26.8185
 -- Sample 24: mean=50.2280%; std=46.4159
 -- Sample 25: mean=41.8469%; std=39.5295
 -- Sample 26: mean=38.4383%; std=41.3456
 -- Sample 27: mean=37.6449%; std=42.7108
 -- Sample 28: mean=33.0927%; std=21.3681
 -- Sample 29: mean=34.7488%; std=21.0501
 -- Sample 30: mean=32.5224%; std=20.8555
 -- Sample 31: mean=40.0026%; std=20.8627
 -- Sample 32: mean=78.6169%; std=100.0297
 -- Sample 33: mean=105.3219%; std=125.6054
 -- Sample 34: mean=82.9552%; std=97.2739
 -- Sample 35: mean=91.0889%; std=117.7470
 -- Sample 36: mean=51.0138%; std=44.2648
 -- Sample 37: mean=62.0302%; std=46.0309
 -- Sample 38: mean=38.2717%; std=36.4114
 -- Sample 39: mean=43.9031%; std=34.6639
 -- Sample 40: mean=38.1838%; std=25.4580
 -- Sample 41: mean=35.1912%; std=29.5589
 -- Sample 42: mean=31.2491%; std=21.5672
 -- Sample 43: mean=34.2750%; std=29.7585
 -- Sample 44: mean=46.1181%; std=14.2210
 -- Sample 45: mean=41.9174%; std=15.9352
 -- Sample 46: mean=38.8154%; std=14.8768
 -- Sample 47: mean=41.1111%; std=14.5401
 -- Sample 48: mean=34.4505%; std=25.4152
 -- Sample 49: mean=35.7090%; std=28.2086
Mean: 42.8696%, Std: 16.4525%
------------------------------------------------------------------
Angular error:
 -- Sample 0: mean=36.8938º; std=34.1769
 -- Sample 1: mean=38.7031º; std=35.2131
 -- Sample 2: mean=37.7805º; std=34.3134
 -- Sample 3: mean=37.9381º; std=33.2297
 -- Sample 4: mean=32.6453º; std=34.8983
 -- Sample 5: mean=32.7960º; std=34.7039
 -- Sample 6: mean=32.9669º; std=34.7931
 -- Sample 7: mean=32.6065º; std=34.5393
 -- Sample 8: mean=49.6409º; std=40.2614
 -- Sample 9: mean=46.6648º; std=41.7047
 -- Sample 10: mean=47.4800º; std=39.3164
 -- Sample 11: mean=47.0507º; std=42.0321
 -- Sample 12: mean=29.2242º; std=30.8290
 -- Sample 13: mean=28.0306º; std=31.5186
 -- Sample 14: mean=27.6551º; std=30.1284
 -- Sample 15: mean=27.6687º; std=30.3881
 -- Sample 16: mean=38.8632º; std=35.2154
 -- Sample 17: mean=38.7817º; std=36.2458
 -- Sample 18: mean=40.1291º; std=36.2084
 -- Sample 19: mean=42.8426º; std=39.3468
 -- Sample 20: mean=47.3557º; std=41.5688
 -- Sample 21: mean=48.1158º; std=41.3366
 -- Sample 22: mean=48.1833º; std=42.2707
 -- Sample 23: mean=50.4540º; std=44.1414
 -- Sample 24: mean=39.4518º; std=34.0128
 -- Sample 25: mean=38.3355º; std=34.2751
 -- Sample 26: mean=40.1386º; std=34.9012
 -- Sample 27: mean=39.6143º; std=35.9996
 -- Sample 28: mean=46.3587º; std=39.7208
 -- Sample 29: mean=44.0363º; std=38.8267
 -- Sample 30: mean=45.0141º; std=38.9558
 -- Sample 31: mean=47.1302º; std=39.9694
 -- Sample 32: mean=40.8783º; std=37.3736
 -- Sample 33: mean=43.5602º; std=38.2728
 -- Sample 34: mean=40.4471º; std=38.3276
 -- Sample 35: mean=44.1822º; std=38.9017
 -- Sample 36: mean=41.0899º; std=39.6928
 -- Sample 37: mean=44.2044º; std=42.8379
 -- Sample 38: mean=42.7187º; std=40.7854
 -- Sample 39: mean=43.9019º; std=41.7236
 -- Sample 40: mean=55.1227º; std=42.4620
 -- Sample 41: mean=53.6013º; std=43.7467
 -- Sample 42: mean=51.8047º; std=43.1150
 -- Sample 43: mean=51.3813º; std=41.5840
 -- Sample 44: mean=35.5771º; std=34.3583
 -- Sample 45: mean=35.5208º; std=32.4927
 -- Sample 46: mean=36.1595º; std=34.6507
 -- Sample 47: mean=35.8927º; std=33.8753
 -- Sample 48: mean=39.1198º; std=38.4954
 -- Sample 49: mean=37.7712º; std=38.5527
Mean: 41.0697º, Std: 6.7164º
------------------------------------------------------------------
Correlation comparison:
 -- Sample 0: 0.8716
 -- Sample 1: 0.9120
 -- Sample 2: 0.9168
 -- Sample 3: 0.9276
 -- Sample 4: 0.9426
 -- Sample 5: 0.8978
 -- Sample 6: 0.9663
 -- Sample 7: 0.9194
 -- Sample 8: 0.7630
 -- Sample 9: 0.7490
 -- Sample 10: 0.7927
 -- Sample 11: 0.6803
 -- Sample 12: 0.9165
 -- Sample 13: 0.9031
 -- Sample 14: 0.8966
 -- Sample 15: 0.8655
 -- Sample 16: 0.9237
 -- Sample 17: 0.8908
 -- Sample 18: 0.8933
 -- Sample 19: 0.8923
 -- Sample 20: 0.7814
 -- Sample 21: 0.8043
 -- Sample 22: 0.7629
 -- Sample 23: 0.7679
 -- Sample 24: 0.8835
 -- Sample 25: 0.8897
 -- Sample 26: 0.8938
 -- Sample 27: 0.8692
 -- Sample 28: 0.9066
 -- Sample 29: 0.9061
 -- Sample 30: 0.9298
 -- Sample 31: 0.8981
 -- Sample 32: 0.7524
 -- Sample 33: 0.7265
 -- Sample 34: 0.7568
 -- Sample 35: 0.6747
 -- Sample 36: 0.8950
 -- Sample 37: 0.9031
 -- Sample 38: 0.9288
 -- Sample 39: 0.9150
 -- Sample 40: 0.8879
 -- Sample 41: 0.9083
 -- Sample 42: 0.9016
 -- Sample 43: 0.9186
 -- Sample 44: 0.9282
 -- Sample 45: 0.9279
 -- Sample 46: 0.9660
 -- Sample 47: 0.9540
 -- Sample 48: 0.8893
 -- Sample 49: 0.9139
Mean=0.8712, Std=0.0730
------------------------------------------------------------------
Flux Error:
 -- Sample 0: 0.2582
 -- Sample 1: 0.6405
 -- Sample 2: 0.2820
 -- Sample 3: 0.6646
 -- Sample 4: 0.5895
 -- Sample 5: 0.8738
 -- Sample 6: 0.5790
 -- Sample 7: 0.7887
 -- Sample 8: 0.5337
 -- Sample 9: 0.7851
 -- Sample 10: 0.6424
 -- Sample 11: 0.6924
 -- Sample 12: 0.7964
 -- Sample 13: 0.3162
 -- Sample 14: 0.7919
 -- Sample 15: 0.2894
 -- Sample 16: 0.8262
 -- Sample 17: 0.5596
 -- Sample 18: 0.9701
 -- Sample 19: 0.5451
 -- Sample 20: 0.6777
 -- Sample 21: 0.9119
 -- Sample 22: 0.7711
 -- Sample 23: 0.9366
 -- Sample 24: 1.0036
 -- Sample 25: 0.5641
 -- Sample 26: 0.9051
 -- Sample 27: 0.5080
 -- Sample 28: 0.4517
 -- Sample 29: 0.4093
 -- Sample 30: 0.4040
 -- Sample 31: 0.4113
 -- Sample 32: 0.9172
 -- Sample 33: 1.4313
 -- Sample 34: 0.9469
 -- Sample 35: 1.1356
 -- Sample 36: 1.4927
 -- Sample 37: 1.3182
 -- Sample 38: 1.3307
 -- Sample 39: 1.1191
 -- Sample 40: 0.5387
 -- Sample 41: 0.6129
 -- Sample 42: 0.5064
 -- Sample 43: 0.5954
 -- Sample 44: 0.6101
 -- Sample 45: 0.5514
 -- Sample 46: 0.6895
 -- Sample 47: 0.5507
 -- Sample 48: 0.9389
 -- Sample 49: 0.6106
Mean: 0.7255, Std: 0.2878
------------------------------------------------------------------
Tortuosity Comparison:
 -- Sample 0: 11.2998%
 -- Sample 1: 14.2361%
 -- Sample 2: 7.9177%
 -- Sample 3: 13.9862%
 -- Sample 4: 5.0337%
 -- Sample 5: 5.3681%
 -- Sample 6: 3.3839%
 -- Sample 7: 5.1557%
 -- Sample 8: 6.4361%
 -- Sample 9: 10.2512%
 -- Sample 10: 11.7518%
 -- Sample 11: 11.3923%
 -- Sample 12: 6.7362%
 -- Sample 13: 5.9451%
 -- Sample 14: 6.6445%
 -- Sample 15: 5.8134%
 -- Sample 16: 6.0117%
 -- Sample 17: 7.6445%
 -- Sample 18: 7.4403%
 -- Sample 19: 3.4862%
 -- Sample 20: 14.3270%
 -- Sample 21: 11.5299%
 -- Sample 22: 14.6796%
 -- Sample 23: 13.9810%
 -- Sample 24: 5.1299%
 -- Sample 25: 4.1815%
 -- Sample 26: 5.9629%
 -- Sample 27: 4.2265%
 -- Sample 28: 9.4527%
 -- Sample 29: 2.2953%
 -- Sample 30: 5.7646%
 -- Sample 31: 1.6637%
 -- Sample 32: 7.0795%
 -- Sample 33: 9.9879%
 -- Sample 34: 7.7633%
 -- Sample 35: 8.4332%
 -- Sample 36: 7.3849%
 -- Sample 37: 7.5808%
 -- Sample 38: 4.1270%
 -- Sample 39: 3.3946%
 -- Sample 40: 4.5282%
 -- Sample 41: 7.1754%
 -- Sample 42: 2.6414%
 -- Sample 43: 3.6472%
 -- Sample 44: 7.4136%
 -- Sample 45: 9.4424%
 -- Sample 46: 7.6863%
 -- Sample 47: 7.6314%
 -- Sample 48: 12.2157%
 -- Sample 49: 9.9274%
Mean: 7.5438%, Std: 3.3790%
------------------------------------------------------------------
Evaluating Divergent:
 -- Sample 0: 60.5476%
 -- Sample 1: 62.6082%
 -- Sample 2: 60.7764%
 -- Sample 3: 62.1251%
 -- Sample 4: 61.9145%
 -- Sample 5: 62.6439%
 -- Sample 6: 62.0388%
 -- Sample 7: 62.2625%
 -- Sample 8: 66.2829%
 -- Sample 9: 66.5155%
 -- Sample 10: 66.1566%
 -- Sample 11: 66.1437%
 -- Sample 12: 57.6022%
 -- Sample 13: 57.6158%
 -- Sample 14: 56.4496%
 -- Sample 15: 57.7188%
 -- Sample 16: 61.1121%
 -- Sample 17: 62.3099%
 -- Sample 18: 61.5603%
 -- Sample 19: 62.6164%
 -- Sample 20: 62.7722%
 -- Sample 21: 65.4125%
 -- Sample 22: 63.1935%
 -- Sample 23: 65.9440%
 -- Sample 24: 62.0431%
 -- Sample 25: 60.4508%
 -- Sample 26: 61.1496%
 -- Sample 27: 61.9140%
 -- Sample 28: 62.8870%
 -- Sample 29: 63.5596%
 -- Sample 30: 62.6091%
 -- Sample 31: 63.8448%
 -- Sample 32: 63.9735%
 -- Sample 33: 63.7871%
 -- Sample 34: 63.3224%
 -- Sample 35: 64.0312%
 -- Sample 36: 64.7911%
 -- Sample 37: 64.3171%
 -- Sample 38: 64.4317%
 -- Sample 39: 62.9400%
 -- Sample 40: 66.4671%
 -- Sample 41: 65.3376%
 -- Sample 42: 65.8929%
 -- Sample 43: 65.4575%
 -- Sample 44: 60.7061%
 -- Sample 45: 63.4265%
 -- Sample 46: 60.0956%
 -- Sample 47: 62.9266%
 -- Sample 48: 60.1224%
 -- Sample 49: 58.4865%
Mean: 62.6659%, Std: 2.4461%
------------------------------------------------------------------
Processing Batch 8 (Size: 6)...
input shape:  torch.Size([6, 1, 120, 120, 120])
output shape:  torch.Size([6, 4, 120, 120, 120])
target shape:  torch.Size([6, 4, 120, 120, 120])
Bias Error: using velocity magnitude
Mean: 15.5117, Std: 5.3382
------------------------------------------------------------------
Magnitude Error: 
 -- Sample 0: mean=32.9733%; std=31.5288
 -- Sample 1: mean=30.4144%; std=25.7326
 -- Sample 2: mean=35.8050%; std=19.2910
 -- Sample 3: mean=33.4608%; std=16.7001
 -- Sample 4: mean=36.9677%; std=19.9292
 -- Sample 5: mean=33.9497%; std=22.8119
Mean: 33.9285%, Std: 2.0912%
------------------------------------------------------------------
Angular error:
 -- Sample 0: mean=40.0217º; std=39.2861
 -- Sample 1: mean=36.9165º; std=37.9090
 -- Sample 2: mean=49.1391º; std=41.5796
 -- Sample 3: mean=47.0528º; std=41.9963
 -- Sample 4: mean=49.4152º; std=41.7322
 -- Sample 5: mean=47.9879º; std=42.7273
Mean: 45.0889º, Std: 4.8278º
------------------------------------------------------------------
Correlation comparison:
 -- Sample 0: 0.8662
 -- Sample 1: 0.9186
 -- Sample 2: 0.8909
 -- Sample 3: 0.9034
 -- Sample 4: 0.9053
 -- Sample 5: 0.8667
Mean=0.8919, Std=0.0197
------------------------------------------------------------------
Flux Error:
 -- Sample 0: 0.8270
 -- Sample 1: 0.5265
 -- Sample 2: 0.9484
 -- Sample 3: 0.7176
 -- Sample 4: 1.0109
 -- Sample 5: 0.7117
Mean: 0.7904, Std: 0.1613
------------------------------------------------------------------
Tortuosity Comparison:
 -- Sample 0: 8.1995%
 -- Sample 1: 6.2375%
 -- Sample 2: 7.1007%
 -- Sample 3: 0.0626%
 -- Sample 4: 6.7042%
 -- Sample 5: 3.4653%
Mean: 5.2950%, Std: 2.7476%
------------------------------------------------------------------
Evaluating Divergent:
 -- Sample 0: 60.3402%
 -- Sample 1: 57.9975%
 -- Sample 2: 65.2495%
 -- Sample 3: 62.7139%
 -- Sample 4: 65.6015%
 -- Sample 5: 64.5842%
Mean: 62.7478%, Std: 2.7730%
------------------------------------------------------------------

-----------------------------------------------------


========================================================================================================================



  Berea Upper Gray  results:


Loading data...
Testing model:   Ko et. al (Etapas 3)
Processing Batch 1 (Size: 50)...
input shape:  torch.Size([50, 1, 120, 120, 120])
output shape:  torch.Size([50, 4, 120, 120, 120])
target shape:  torch.Size([50, 4, 120, 120, 120])
Bias Error: using velocity magnitude
Mean: 22.4084, Std: 16.7969
------------------------------------------------------------------
Magnitude Error: 
 -- Sample 0: mean=26.3289%; std=23.8223
 -- Sample 1: mean=24.4366%; std=23.0556
 -- Sample 2: mean=31.0116%; std=25.8624
 -- Sample 3: mean=31.9102%; std=29.1253
 -- Sample 4: mean=44.9862%; std=29.8754
 -- Sample 5: mean=46.6998%; std=26.2452
 -- Sample 6: mean=49.8851%; std=29.3576
 -- Sample 7: mean=55.0128%; std=35.4703
 -- Sample 8: mean=74.4781%; std=62.2663
 -- Sample 9: mean=78.6150%; std=66.9170
 -- Sample 10: mean=67.0611%; std=60.3296
 -- Sample 11: mean=79.6586%; std=69.0455
 -- Sample 12: mean=68.9408%; std=45.1098
 -- Sample 13: mean=53.3683%; std=29.9954
 -- Sample 14: mean=62.7982%; std=35.6476
 -- Sample 15: mean=62.9409%; std=33.2311
 -- Sample 16: mean=58.4707%; std=43.9668
 -- Sample 17: mean=39.9346%; std=34.2054
 -- Sample 18: mean=46.8197%; std=38.6047
 -- Sample 19: mean=49.0436%; std=41.6124
 -- Sample 20: mean=45.5172%; std=20.7143
 -- Sample 21: mean=46.3211%; std=21.1108
 -- Sample 22: mean=43.3433%; std=20.7422
 -- Sample 23: mean=44.8246%; std=22.4695
 -- Sample 24: mean=31.2502%; std=22.6407
 -- Sample 25: mean=31.4149%; std=23.5488
 -- Sample 26: mean=32.3709%; std=23.1721
 -- Sample 27: mean=29.6013%; std=23.8044
 -- Sample 28: mean=36.0820%; std=18.0563
 -- Sample 29: mean=27.1136%; std=15.6244
 -- Sample 30: mean=22.7562%; std=14.6770
 -- Sample 31: mean=24.5731%; std=15.4998
 -- Sample 32: mean=71.1647%; std=101.5941
 -- Sample 33: mean=77.3805%; std=76.7802
 -- Sample 34: mean=75.9665%; std=87.4839
 -- Sample 35: mean=67.2090%; std=94.4823
 -- Sample 36: mean=49.4525%; std=35.9798
 -- Sample 37: mean=53.5387%; std=40.0277
 -- Sample 38: mean=46.0827%; std=34.8831
 -- Sample 39: mean=48.9107%; std=31.4063
 -- Sample 40: mean=36.9382%; std=27.5860
 -- Sample 41: mean=36.1365%; std=23.8330
 -- Sample 42: mean=38.0643%; std=26.5644
 -- Sample 43: mean=41.7103%; std=23.7096
 -- Sample 44: mean=76.3400%; std=50.7648
 -- Sample 45: mean=72.8638%; std=51.8435
 -- Sample 46: mean=67.5645%; std=47.2007
 -- Sample 47: mean=66.3216%; std=48.0985
 -- Sample 48: mean=102.6360%; std=121.8346
 -- Sample 49: mean=106.7359%; std=122.3074
Mean: 52.0517%, Std: 19.7046%
------------------------------------------------------------------
Angular error:
 -- Sample 0: mean=41.9893º; std=37.6140
 -- Sample 1: mean=41.4613º; std=39.0039
 -- Sample 2: mean=43.6447º; std=40.3275
 -- Sample 3: mean=40.8903º; std=38.2824
 -- Sample 4: mean=43.5940º; std=36.9429
 -- Sample 5: mean=45.6608º; std=36.2907
 -- Sample 6: mean=45.6431º; std=37.7813
 -- Sample 7: mean=47.7185º; std=38.0234
 -- Sample 8: mean=43.5498º; std=35.7119
 -- Sample 9: mean=42.4435º; std=35.9727
 -- Sample 10: mean=44.7252º; std=35.9434
 -- Sample 11: mean=41.2224º; std=35.2742
 -- Sample 12: mean=57.0234º; std=41.9971
 -- Sample 13: mean=57.6747º; std=39.9679
 -- Sample 14: mean=56.4245º; std=42.2848
 -- Sample 15: mean=59.0763º; std=40.7869
 -- Sample 16: mean=57.7461º; std=43.1401
 -- Sample 17: mean=52.5918º; std=41.2476
 -- Sample 18: mean=51.2027º; std=39.9918
 -- Sample 19: mean=53.9737º; std=41.5432
 -- Sample 20: mean=45.7070º; std=37.6077
 -- Sample 21: mean=47.8201º; std=39.1313
 -- Sample 22: mean=46.9360º; std=38.9311
 -- Sample 23: mean=47.8402º; std=39.4685
 -- Sample 24: mean=34.2370º; std=33.5106
 -- Sample 25: mean=35.7227º; std=34.7639
 -- Sample 26: mean=34.6116º; std=34.2065
 -- Sample 27: mean=34.6718º; std=34.4883
 -- Sample 28: mean=40.1291º; std=39.6734
 -- Sample 29: mean=37.6681º; std=39.1034
 -- Sample 30: mean=36.9493º; std=37.9361
 -- Sample 31: mean=36.7582º; std=38.4868
 -- Sample 32: mean=58.1868º; std=43.7976
 -- Sample 33: mean=58.6620º; std=41.7543
 -- Sample 34: mean=56.2854º; std=41.5035
 -- Sample 35: mean=58.5304º; std=41.9397
 -- Sample 36: mean=52.0651º; std=37.0775
 -- Sample 37: mean=52.8050º; std=40.9992
 -- Sample 38: mean=52.0422º; std=37.6222
 -- Sample 39: mean=48.8376º; std=38.0355
 -- Sample 40: mean=44.8268º; std=37.9687
 -- Sample 41: mean=44.2210º; std=36.9852
 -- Sample 42: mean=47.4572º; std=40.9246
 -- Sample 43: mean=44.1404º; std=36.9140
 -- Sample 44: mean=42.6097º; std=38.3891
 -- Sample 45: mean=45.8156º; std=38.7005
 -- Sample 46: mean=43.3649º; std=39.1513
 -- Sample 47: mean=47.0204º; std=39.4457
 -- Sample 48: mean=54.6779º; std=43.2990
 -- Sample 49: mean=54.8987º; std=44.2030
Mean: 47.0751º, Std: 7.1225º
------------------------------------------------------------------
Correlation comparison:
 -- Sample 0: 0.9331
 -- Sample 1: 0.9440
 -- Sample 2: 0.9186
 -- Sample 3: 0.9084
 -- Sample 4: 0.8443
 -- Sample 5: 0.8162
 -- Sample 6: 0.8075
 -- Sample 7: 0.7842
 -- Sample 8: 0.6705
 -- Sample 9: 0.6801
 -- Sample 10: 0.7021
 -- Sample 11: 0.6555
 -- Sample 12: 0.6977
 -- Sample 13: 0.8086
 -- Sample 14: 0.6739
 -- Sample 15: 0.7488
 -- Sample 16: 0.7409
 -- Sample 17: 0.8591
 -- Sample 18: 0.7446
 -- Sample 19: 0.7427
 -- Sample 20: 0.9214
 -- Sample 21: 0.9041
 -- Sample 22: 0.9176
 -- Sample 23: 0.8957
 -- Sample 24: 0.8815
 -- Sample 25: 0.8548
 -- Sample 26: 0.8473
 -- Sample 27: 0.8665
 -- Sample 28: 0.9451
 -- Sample 29: 0.9674
 -- Sample 30: 0.9575
 -- Sample 31: 0.9699
 -- Sample 32: 0.8427
 -- Sample 33: 0.8826
 -- Sample 34: 0.8510
 -- Sample 35: 0.8396
 -- Sample 36: 0.8217
 -- Sample 37: 0.8079
 -- Sample 38: 0.8308
 -- Sample 39: 0.8206
 -- Sample 40: 0.8692
 -- Sample 41: 0.8767
 -- Sample 42: 0.8421
 -- Sample 43: 0.8689
 -- Sample 44: 0.6428
 -- Sample 45: 0.6864
 -- Sample 46: 0.6758
 -- Sample 47: 0.6285
 -- Sample 48: 0.4277
 -- Sample 49: 0.3613
Mean=0.8037, Std=0.1252
------------------------------------------------------------------
Flux Error:
 -- Sample 0: 1.0222
 -- Sample 1: 0.8949
 -- Sample 2: 1.0713
 -- Sample 3: 0.8950
 -- Sample 4: 0.8594
 -- Sample 5: 0.7012
 -- Sample 6: 0.8699
 -- Sample 7: 0.8201
 -- Sample 8: 0.8633
 -- Sample 9: 1.2136
 -- Sample 10: 0.8660
 -- Sample 11: 1.0606
 -- Sample 12: 0.9802
 -- Sample 13: 0.9274
 -- Sample 14: 1.0570
 -- Sample 15: 0.8600
 -- Sample 16: 0.4521
 -- Sample 17: 0.6493
 -- Sample 18: 0.5789
 -- Sample 19: 0.5972
 -- Sample 20: 0.4534
 -- Sample 21: 0.5950
 -- Sample 22: 0.4086
 -- Sample 23: 0.5900
 -- Sample 24: 0.9130
 -- Sample 25: 0.6776
 -- Sample 26: 0.8941
 -- Sample 27: 0.6776
 -- Sample 28: 0.7268
 -- Sample 29: 0.8974
 -- Sample 30: 0.8122
 -- Sample 31: 0.9056
 -- Sample 32: 1.4678
 -- Sample 33: 1.3771
 -- Sample 34: 1.4723
 -- Sample 35: 1.0229
 -- Sample 36: 0.7900
 -- Sample 37: 0.7031
 -- Sample 38: 0.9282
 -- Sample 39: 0.7925
 -- Sample 40: 0.9797
 -- Sample 41: 0.9038
 -- Sample 42: 0.9641
 -- Sample 43: 0.9323
 -- Sample 44: 1.2272
 -- Sample 45: 0.8880
 -- Sample 46: 1.1783
 -- Sample 47: 0.6434
 -- Sample 48: 1.2011
 -- Sample 49: 1.2437
Mean: 0.8901, Std: 0.2408
------------------------------------------------------------------
Tortuosity Comparison:
 -- Sample 0: 4.5229%
 -- Sample 1: 8.4240%
 -- Sample 2: 7.1940%
 -- Sample 3: 5.1188%
 -- Sample 4: 11.1098%
 -- Sample 5: 15.7871%
 -- Sample 6: 10.1697%
 -- Sample 7: 15.0464%
 -- Sample 8: 16.8367%
 -- Sample 9: 20.6802%
 -- Sample 10: 17.9289%
 -- Sample 11: 15.6208%
 -- Sample 12: 4.7748%
 -- Sample 13: 15.5307%
 -- Sample 14: 12.2250%
 -- Sample 15: 14.6752%
 -- Sample 16: 8.5438%
 -- Sample 17: 18.4734%
 -- Sample 18: 17.4690%
 -- Sample 19: 12.8269%
 -- Sample 20: 15.0240%
 -- Sample 21: 18.0295%
 -- Sample 22: 13.6410%
 -- Sample 23: 16.4647%
 -- Sample 24: 5.2516%
 -- Sample 25: 6.0606%
 -- Sample 26: 4.9422%
 -- Sample 27: 6.9262%
 -- Sample 28: 5.0657%
 -- Sample 29: 5.6334%
 -- Sample 30: 6.9260%
 -- Sample 31: 5.4371%
 -- Sample 32: 10.5366%
 -- Sample 33: 5.2482%
 -- Sample 34: 8.1718%
 -- Sample 35: 7.8119%
 -- Sample 36: 6.7214%
 -- Sample 37: 8.3156%
 -- Sample 38: 15.9850%
 -- Sample 39: 9.8928%
 -- Sample 40: 13.6041%
 -- Sample 41: 10.5653%
 -- Sample 42: 9.4130%
 -- Sample 43: 13.1809%
 -- Sample 44: 14.9088%
 -- Sample 45: 16.4988%
 -- Sample 46: 13.7811%
 -- Sample 47: 12.8321%
 -- Sample 48: 19.3734%
 -- Sample 49: 19.1441%
Mean: 11.5669%, Std: 4.7648%
------------------------------------------------------------------
Evaluating Divergent:
 -- Sample 0: 62.6600%
 -- Sample 1: 62.0881%
 -- Sample 2: 62.3695%
 -- Sample 3: 61.2312%
 -- Sample 4: 61.2873%
 -- Sample 5: 64.6442%
 -- Sample 6: 62.2587%
 -- Sample 7: 63.5341%
 -- Sample 8: 62.6859%
 -- Sample 9: 60.4539%
 -- Sample 10: 62.7357%
 -- Sample 11: 60.5848%
 -- Sample 12: 66.9539%
 -- Sample 13: 68.1226%
 -- Sample 14: 66.9538%
 -- Sample 15: 68.8585%
 -- Sample 16: 66.0401%
 -- Sample 17: 67.9895%
 -- Sample 18: 66.4866%
 -- Sample 19: 67.6209%
 -- Sample 20: 60.5187%
 -- Sample 21: 63.3049%
 -- Sample 22: 60.1163%
 -- Sample 23: 62.9544%
 -- Sample 24: 59.1648%
 -- Sample 25: 61.1475%
 -- Sample 26: 59.0820%
 -- Sample 27: 61.0215%
 -- Sample 28: 61.1299%
 -- Sample 29: 59.7552%
 -- Sample 30: 60.3582%
 -- Sample 31: 59.6744%
 -- Sample 32: 66.8332%
 -- Sample 33: 68.0068%
 -- Sample 34: 67.4889%
 -- Sample 35: 67.7425%
 -- Sample 36: 65.3504%
 -- Sample 37: 65.1032%
 -- Sample 38: 65.5219%
 -- Sample 39: 65.0009%
 -- Sample 40: 63.4112%
 -- Sample 41: 64.5640%
 -- Sample 42: 63.9241%
 -- Sample 43: 64.3368%
 -- Sample 44: 60.4412%
 -- Sample 45: 63.6750%
 -- Sample 46: 59.9790%
 -- Sample 47: 63.4801%
 -- Sample 48: 67.7392%
 -- Sample 49: 67.3587%
Mean: 63.6749%, Std: 2.8634%
------------------------------------------------------------------
Processing Batch 2 (Size: 50)...
input shape:  torch.Size([50, 1, 120, 120, 120])
output shape:  torch.Size([50, 4, 120, 120, 120])
target shape:  torch.Size([50, 4, 120, 120, 120])
Bias Error: using velocity magnitude
Mean: 29.9538, Std: 36.9849
------------------------------------------------------------------
Magnitude Error: 
 -- Sample 0: mean=89.8680%; std=110.7160
 -- Sample 1: mean=101.9548%; std=125.0725
 -- Sample 2: mean=44.2987%; std=30.4865
 -- Sample 3: mean=48.6683%; std=29.8767
 -- Sample 4: mean=46.9782%; std=27.1748
 -- Sample 5: mean=49.6520%; std=30.4215
 -- Sample 6: mean=103.9632%; std=119.3458
 -- Sample 7: mean=63.5643%; std=71.5714
 -- Sample 8: mean=73.6257%; std=75.4356
 -- Sample 9: mean=58.3391%; std=65.3598
 -- Sample 10: mean=41.9052%; std=32.6145
 -- Sample 11: mean=39.2663%; std=37.9460
 -- Sample 12: mean=50.3314%; std=41.7955
 -- Sample 13: mean=52.4400%; std=42.0764
 -- Sample 14: mean=28.0802%; std=22.2420
 -- Sample 15: mean=24.0329%; std=18.8306
 -- Sample 16: mean=28.8239%; std=21.1527
 -- Sample 17: mean=24.5131%; std=22.5037
 -- Sample 18: mean=38.6950%; std=23.8438
 -- Sample 19: mean=32.8968%; std=22.8085
 -- Sample 20: mean=35.7928%; std=26.3617
 -- Sample 21: mean=34.0883%; std=23.5520
 -- Sample 22: mean=48.0162%; std=49.0288
 -- Sample 23: mean=50.8575%; std=51.4140
 -- Sample 24: mean=46.0731%; std=46.9335
 -- Sample 25: mean=48.3978%; std=38.4579
 -- Sample 26: mean=42.5268%; std=34.2246
 -- Sample 27: mean=42.7407%; std=28.9143
 -- Sample 28: mean=60.1823%; std=38.5450
 -- Sample 29: mean=48.5890%; std=37.4884
 -- Sample 30: mean=133.0387%; std=198.8600
 -- Sample 31: mean=161.6241%; std=228.1440
 -- Sample 32: mean=140.1646%; std=216.2505
 -- Sample 33: mean=144.9178%; std=218.1532
 -- Sample 34: mean=52.4233%; std=39.9276
 -- Sample 35: mean=42.3959%; std=34.6292
 -- Sample 36: mean=49.1835%; std=37.5447
 -- Sample 37: mean=44.1421%; std=47.2137
 -- Sample 38: mean=39.2878%; std=32.1490
 -- Sample 39: mean=35.5799%; std=34.7342
 -- Sample 40: mean=30.5859%; std=26.7470
 -- Sample 41: mean=32.0035%; std=28.0563
 -- Sample 42: mean=33.5705%; std=19.2856
 -- Sample 43: mean=34.9779%; std=21.0159
 -- Sample 44: mean=37.5653%; std=22.6604
 -- Sample 45: mean=36.0913%; std=22.5554
 -- Sample 46: mean=35.5224%; std=22.5998
 -- Sample 47: mean=38.0155%; std=23.0550
 -- Sample 48: mean=35.2731%; std=21.2716
 -- Sample 49: mean=37.4003%; std=23.9549
Mean: 53.8585%, Std: 31.6394%
------------------------------------------------------------------
Angular error:
 -- Sample 0: mean=51.6364º; std=42.3206
 -- Sample 1: mean=51.1364º; std=41.9733
 -- Sample 2: mean=45.6923º; std=36.3966
 -- Sample 3: mean=47.3390º; std=37.1240
 -- Sample 4: mean=46.0865º; std=36.3472
 -- Sample 5: mean=48.4561º; std=37.5127
 -- Sample 6: mean=55.8837º; std=41.1112
 -- Sample 7: mean=61.3838º; std=41.0900
 -- Sample 8: mean=55.4955º; std=40.3743
 -- Sample 9: mean=57.2748º; std=40.7101
 -- Sample 10: mean=42.4592º; std=35.6274
 -- Sample 11: mean=43.1448º; std=35.8450
 -- Sample 12: mean=41.0869º; std=34.8311
 -- Sample 13: mean=43.8142º; std=35.9397
 -- Sample 14: mean=46.3113º; std=37.0849
 -- Sample 15: mean=41.8522º; std=34.5367
 -- Sample 16: mean=45.4090º; std=37.0369
 -- Sample 17: mean=42.1057º; std=35.5280
 -- Sample 18: mean=49.6993º; std=38.4367
 -- Sample 19: mean=48.6878º; std=40.1981
 -- Sample 20: mean=52.9575º; std=40.2896
 -- Sample 21: mean=48.4113º; std=40.9391
 -- Sample 22: mean=42.3226º; std=36.4883
 -- Sample 23: mean=46.9998º; std=39.6618
 -- Sample 24: mean=44.8325º; std=39.1861
 -- Sample 25: mean=45.7118º; std=38.4855
 -- Sample 26: mean=50.4949º; std=39.1177
 -- Sample 27: mean=53.1185º; std=38.4413
 -- Sample 28: mean=54.1698º; std=39.8049
 -- Sample 29: mean=52.5193º; std=39.1355
 -- Sample 30: mean=55.8298º; std=41.9887
 -- Sample 31: mean=54.8855º; std=41.2004
 -- Sample 32: mean=56.6902º; std=42.6449
 -- Sample 33: mean=53.4571º; std=41.1044
 -- Sample 34: mean=62.6264º; std=42.5928
 -- Sample 35: mean=60.3746º; std=41.8534
 -- Sample 36: mean=65.3456º; std=43.6680
 -- Sample 37: mean=64.6289º; std=43.1603
 -- Sample 38: mean=40.9023º; std=35.6885
 -- Sample 39: mean=44.8145º; std=37.6553
 -- Sample 40: mean=42.2122º; std=37.1726
 -- Sample 41: mean=43.3150º; std=36.8076
 -- Sample 42: mean=41.8453º; std=36.8909
 -- Sample 43: mean=39.5475º; std=34.7712
 -- Sample 44: mean=40.8231º; std=36.3164
 -- Sample 45: mean=42.0653º; std=36.7654
 -- Sample 46: mean=42.8079º; std=36.0358
 -- Sample 47: mean=47.5420º; std=37.5985
 -- Sample 48: mean=41.1137º; std=35.2751
 -- Sample 49: mean=45.3202º; std=36.5932
Mean: 48.8528º, Std: 6.7842º
------------------------------------------------------------------
Correlation comparison:
 -- Sample 0: 0.4622
 -- Sample 1: 0.3480
 -- Sample 2: 0.7552
 -- Sample 3: 0.7269
 -- Sample 4: 0.6736
 -- Sample 5: 0.7407
 -- Sample 6: 0.4210
 -- Sample 7: 0.6031
 -- Sample 8: 0.5671
 -- Sample 9: 0.5640
 -- Sample 10: 0.8268
 -- Sample 11: 0.8385
 -- Sample 12: 0.7639
 -- Sample 13: 0.7908
 -- Sample 14: 0.9400
 -- Sample 15: 0.9487
 -- Sample 16: 0.9373
 -- Sample 17: 0.9548
 -- Sample 18: 0.8639
 -- Sample 19: 0.8406
 -- Sample 20: 0.8980
 -- Sample 21: 0.8678
 -- Sample 22: 0.7590
 -- Sample 23: 0.7059
 -- Sample 24: 0.7936
 -- Sample 25: 0.7034
 -- Sample 26: 0.7970
 -- Sample 27: 0.7734
 -- Sample 28: 0.7549
 -- Sample 29: 0.7706
 -- Sample 30: 0.3784
 -- Sample 31: 0.3791
 -- Sample 32: 0.2745
 -- Sample 33: 0.2318
 -- Sample 34: 0.7523
 -- Sample 35: 0.8076
 -- Sample 36: 0.7640
 -- Sample 37: 0.7666
 -- Sample 38: 0.9180
 -- Sample 39: 0.9115
 -- Sample 40: 0.9271
 -- Sample 41: 0.9309
 -- Sample 42: 0.8784
 -- Sample 43: 0.8460
 -- Sample 44: 0.8628
 -- Sample 45: 0.8773
 -- Sample 46: 0.8837
 -- Sample 47: 0.8719
 -- Sample 48: 0.8989
 -- Sample 49: 0.8667
Mean=0.7484, Std=0.1843
------------------------------------------------------------------
Flux Error:
 -- Sample 0: 1.1376
 -- Sample 1: 1.2053
 -- Sample 2: 0.4725
 -- Sample 3: 0.4052
 -- Sample 4: 0.4483
 -- Sample 5: 0.4787
 -- Sample 6: 1.6601
 -- Sample 7: 1.0326
 -- Sample 8: 1.4477
 -- Sample 9: 0.9151
 -- Sample 10: 0.7618
 -- Sample 11: 1.0466
 -- Sample 12: 0.8113
 -- Sample 13: 1.1233
 -- Sample 14: 0.8741
 -- Sample 15: 0.6528
 -- Sample 16: 0.8160
 -- Sample 17: 0.6275
 -- Sample 18: 0.6911
 -- Sample 19: 0.6285
 -- Sample 20: 0.6627
 -- Sample 21: 0.6089
 -- Sample 22: 0.8416
 -- Sample 23: 1.0692
 -- Sample 24: 0.7895
 -- Sample 25: 1.0364
 -- Sample 26: 0.4120
 -- Sample 27: 0.4571
 -- Sample 28: 0.7678
 -- Sample 29: 0.6630
 -- Sample 30: 2.6490
 -- Sample 31: 2.9856
 -- Sample 32: 2.5895
 -- Sample 33: 2.8452
 -- Sample 34: 0.7413
 -- Sample 35: 0.6177
 -- Sample 36: 0.6471
 -- Sample 37: 0.9065
 -- Sample 38: 0.9883
 -- Sample 39: 0.8982
 -- Sample 40: 0.8006
 -- Sample 41: 0.9118
 -- Sample 42: 0.4556
 -- Sample 43: 0.3945
 -- Sample 44: 0.4409
 -- Sample 45: 0.4264
 -- Sample 46: 0.3397
 -- Sample 47: 0.4330
 -- Sample 48: 0.3219
 -- Sample 49: 0.4122
Mean: 0.9070, Std: 0.6188
------------------------------------------------------------------
Tortuosity Comparison:
 -- Sample 0: 19.7521%
 -- Sample 1: 22.8494%
 -- Sample 2: 17.1921%
 -- Sample 3: 15.3811%
 -- Sample 4: 19.0789%
 -- Sample 5: 18.1544%
 -- Sample 6: 24.3054%
 -- Sample 7: 22.6829%
 -- Sample 8: 25.8891%
 -- Sample 9: 17.4034%
 -- Sample 10: 14.6861%
 -- Sample 11: 15.4765%
 -- Sample 12: 18.0503%
 -- Sample 13: 18.7778%
 -- Sample 14: 10.7969%
 -- Sample 15: 7.5225%
 -- Sample 16: 8.1995%
 -- Sample 17: 7.4764%
 -- Sample 18: 15.5563%
 -- Sample 19: 10.2575%
 -- Sample 20: 16.6429%
 -- Sample 21: 14.3165%
 -- Sample 22: 20.0922%
 -- Sample 23: 24.8084%
 -- Sample 24: 21.2142%
 -- Sample 25: 23.0041%
 -- Sample 26: 0.0669%
 -- Sample 27: 11.5250%
 -- Sample 28: 18.2112%
 -- Sample 29: 10.8132%
 -- Sample 30: 36.6602%
 -- Sample 31: 37.3867%
 -- Sample 32: 35.3890%
 -- Sample 33: 35.0799%
 -- Sample 34: 23.2010%
 -- Sample 35: 14.4025%
 -- Sample 36: 13.6187%
 -- Sample 37: 24.9077%
 -- Sample 38: 14.0831%
 -- Sample 39: 12.0445%
 -- Sample 40: 10.6768%
 -- Sample 41: 13.4673%
 -- Sample 42: 3.0487%
 -- Sample 43: 8.9037%
 -- Sample 44: 9.0047%
 -- Sample 45: 8.1703%
 -- Sample 46: 17.8425%
 -- Sample 47: 19.1929%
 -- Sample 48: 14.4770%
 -- Sample 49: 19.3957%
Mean: 17.2227%, Std: 7.9348%
------------------------------------------------------------------
Evaluating Divergent:
 -- Sample 0: 67.4599%
 -- Sample 1: 67.4165%
 -- Sample 2: 63.6779%
 -- Sample 3: 65.6772%
 -- Sample 4: 64.2758%
 -- Sample 5: 65.3950%
 -- Sample 6: 66.6876%
 -- Sample 7: 68.7877%
 -- Sample 8: 67.3007%
 -- Sample 9: 68.5861%
 -- Sample 10: 64.3357%
 -- Sample 11: 64.6518%
 -- Sample 12: 64.1466%
 -- Sample 13: 64.5036%
 -- Sample 14: 64.5689%
 -- Sample 15: 63.5028%
 -- Sample 16: 63.5014%
 -- Sample 17: 63.0319%
 -- Sample 18: 65.0668%
 -- Sample 19: 66.1529%
 -- Sample 20: 65.5010%
 -- Sample 21: 66.2675%
 -- Sample 22: 62.8451%
 -- Sample 23: 64.3056%
 -- Sample 24: 62.3909%
 -- Sample 25: 64.0506%
 -- Sample 26: 66.8927%
 -- Sample 27: 67.6578%
 -- Sample 28: 66.6119%
 -- Sample 29: 67.3455%
 -- Sample 30: 66.1711%
 -- Sample 31: 65.7954%
 -- Sample 32: 65.8709%
 -- Sample 33: 65.4476%
 -- Sample 34: 69.3571%
 -- Sample 35: 69.4870%
 -- Sample 36: 69.1293%
 -- Sample 37: 69.7129%
 -- Sample 38: 62.9647%
 -- Sample 39: 64.4342%
 -- Sample 40: 62.0798%
 -- Sample 41: 63.3398%
 -- Sample 42: 60.7731%
 -- Sample 43: 62.5561%
 -- Sample 44: 61.0558%
 -- Sample 45: 63.1241%
 -- Sample 46: 59.9226%
 -- Sample 47: 61.7881%
 -- Sample 48: 58.9967%
 -- Sample 49: 62.0817%
Mean: 64.9337%, Std: 2.5116%
------------------------------------------------------------------
Processing Batch 3 (Size: 50)...
input shape:  torch.Size([50, 1, 120, 120, 120])
output shape:  torch.Size([50, 4, 120, 120, 120])
target shape:  torch.Size([50, 4, 120, 120, 120])
Bias Error: using velocity magnitude
Mean: 94.3503, Std: 176.7030
------------------------------------------------------------------
Magnitude Error: 
 -- Sample 0: mean=474.9319%; std=396.1633
 -- Sample 1: mean=658.7686%; std=569.4198
 -- Sample 2: mean=722.5922%; std=684.6111
 -- Sample 3: mean=630.7773%; std=566.3913
 -- Sample 4: mean=40.9823%; std=38.9355
 -- Sample 5: mean=46.2281%; std=36.4981
 -- Sample 6: mean=46.8035%; std=40.7815
 -- Sample 7: mean=48.3040%; std=39.2147
 -- Sample 8: mean=156.6993%; std=244.5265
 -- Sample 9: mean=237.6374%; std=375.9448
 -- Sample 10: mean=193.1555%; std=307.4758
 -- Sample 11: mean=185.1558%; std=273.3441
 -- Sample 12: mean=48.0652%; std=35.4558
 -- Sample 13: mean=47.7262%; std=43.3599
 -- Sample 14: mean=44.4545%; std=31.3028
 -- Sample 15: mean=45.6421%; std=36.3955
 -- Sample 16: mean=29.2154%; std=22.1090
 -- Sample 17: mean=26.6371%; std=21.9889
 -- Sample 18: mean=26.9909%; std=22.6235
 -- Sample 19: mean=27.1772%; std=20.8072
 -- Sample 20: mean=91.1426%; std=66.8139
 -- Sample 21: mean=94.6115%; std=68.2629
 -- Sample 22: mean=81.6578%; std=63.1715
 -- Sample 23: mean=93.3752%; std=67.6663
 -- Sample 24: mean=41.0927%; std=21.9136
 -- Sample 25: mean=41.5589%; std=22.8939
 -- Sample 26: mean=36.6684%; std=20.6263
 -- Sample 27: mean=40.0264%; std=23.2140
 -- Sample 28: mean=51.3413%; std=33.8022
 -- Sample 29: mean=46.0340%; std=36.8999
 -- Sample 30: mean=56.5966%; std=49.8963
 -- Sample 31: mean=52.6350%; std=41.8209
 -- Sample 32: mean=69.7838%; std=18.1434
 -- Sample 33: mean=66.1122%; std=15.8234
 -- Sample 34: mean=67.5147%; std=19.9699
 -- Sample 35: mean=65.2730%; std=18.6427
 -- Sample 36: mean=50.1324%; std=30.8764
 -- Sample 37: mean=50.0557%; std=25.6962
 -- Sample 38: mean=49.5140%; std=26.7334
 -- Sample 39: mean=48.1171%; std=26.0319
 -- Sample 40: mean=84.0692%; std=88.6613
 -- Sample 41: mean=93.2037%; std=103.3473
 -- Sample 42: mean=95.8157%; std=116.5147
 -- Sample 43: mean=86.9877%; std=94.4143
 -- Sample 44: mean=77.9115%; std=63.9163
 -- Sample 45: mean=93.3141%; std=89.9324
 -- Sample 46: mean=66.3503%; std=63.5672
 -- Sample 47: mean=60.4471%; std=49.8443
 -- Sample 48: mean=68.0169%; std=64.7368
 -- Sample 49: mean=68.5281%; std=68.1933
Mean: 114.5166%, Std: 157.3994%
------------------------------------------------------------------
Angular error:
 -- Sample 0: mean=68.2135º; std=47.8389
 -- Sample 1: mean=62.9292º; std=46.3778
 -- Sample 2: mean=65.4419º; std=46.0349
 -- Sample 3: mean=62.6426º; std=47.3421
 -- Sample 4: mean=44.7783º; std=36.7332
 -- Sample 5: mean=46.1807º; std=37.7176
 -- Sample 6: mean=44.1277º; std=36.7468
 -- Sample 7: mean=44.6922º; std=36.9184
 -- Sample 8: mean=55.9637º; std=41.1388
 -- Sample 9: mean=54.8634º; std=39.9612
 -- Sample 10: mean=53.1493º; std=40.7287
 -- Sample 11: mean=54.4231º; std=39.7536
 -- Sample 12: mean=72.0999º; std=44.1476
 -- Sample 13: mean=69.6405º; std=43.7273
 -- Sample 14: mean=67.4171º; std=42.1888
 -- Sample 15: mean=67.0457º; std=42.0914
 -- Sample 16: mean=40.6228º; std=36.7223
 -- Sample 17: mean=43.7068º; std=37.1868
 -- Sample 18: mean=42.4593º; std=38.2497
 -- Sample 19: mean=43.1505º; std=36.7917
 -- Sample 20: mean=50.3684º; std=42.6040
 -- Sample 21: mean=49.4307º; std=43.7777
 -- Sample 22: mean=50.2078º; std=43.5461
 -- Sample 23: mean=48.7404º; std=43.0717
 -- Sample 24: mean=39.3074º; std=33.9733
 -- Sample 25: mean=41.7144º; std=34.9002
 -- Sample 26: mean=40.1245º; std=34.6998
 -- Sample 27: mean=43.0066º; std=34.2861
 -- Sample 28: mean=42.1171º; std=34.7426
 -- Sample 29: mean=43.1789º; std=36.0740
 -- Sample 30: mean=42.0627º; std=36.1400
 -- Sample 31: mean=44.1909º; std=37.3126
 -- Sample 32: mean=48.7383º; std=37.3639
 -- Sample 33: mean=47.4087º; std=36.8546
 -- Sample 34: mean=50.3229º; std=38.8044
 -- Sample 35: mean=46.5838º; std=35.9923
 -- Sample 36: mean=41.7744º; std=37.0238
 -- Sample 37: mean=41.5070º; std=36.1950
 -- Sample 38: mean=40.5807º; std=36.2667
 -- Sample 39: mean=41.7684º; std=35.9060
 -- Sample 40: mean=46.8302º; std=38.3716
 -- Sample 41: mean=45.9885º; std=38.4012
 -- Sample 42: mean=48.7589º; std=39.3042
 -- Sample 43: mean=48.1015º; std=39.4310
 -- Sample 44: mean=62.4803º; std=42.7082
 -- Sample 45: mean=61.7500º; std=45.0390
 -- Sample 46: mean=62.8161º; std=42.3583
 -- Sample 47: mean=60.2097º; std=43.8166
 -- Sample 48: mean=64.1152º; std=44.1616
 -- Sample 49: mean=66.3400º; std=43.6031
Mean: 51.2814º, Std: 9.6133º
------------------------------------------------------------------
Correlation comparison:
 -- Sample 0: 0.4694
 -- Sample 1: 0.4594
 -- Sample 2: 0.4701
 -- Sample 3: 0.5183
 -- Sample 4: 0.9181
 -- Sample 5: 0.8869
 -- Sample 6: 0.8999
 -- Sample 7: 0.8828
 -- Sample 8: 0.4183
 -- Sample 9: 0.3778
 -- Sample 10: 0.3969
 -- Sample 11: 0.4644
 -- Sample 12: 0.7280
 -- Sample 13: 0.7117
 -- Sample 14: 0.7384
 -- Sample 15: 0.7665
 -- Sample 16: 0.9414
 -- Sample 17: 0.9421
 -- Sample 18: 0.9436
 -- Sample 19: 0.9402
 -- Sample 20: 0.7311
 -- Sample 21: 0.7144
 -- Sample 22: 0.7618
 -- Sample 23: 0.7239
 -- Sample 24: 0.8990
 -- Sample 25: 0.8697
 -- Sample 26: 0.9329
 -- Sample 27: 0.8886
 -- Sample 28: 0.7588
 -- Sample 29: 0.8116
 -- Sample 30: 0.7392
 -- Sample 31: 0.7743
 -- Sample 32: 0.6884
 -- Sample 33: 0.7147
 -- Sample 34: 0.6749
 -- Sample 35: 0.8162
 -- Sample 36: 0.8037
 -- Sample 37: 0.8140
 -- Sample 38: 0.8123
 -- Sample 39: 0.8245
 -- Sample 40: 0.4849
 -- Sample 41: 0.4715
 -- Sample 42: 0.3967
 -- Sample 43: 0.4694
 -- Sample 44: 0.5630
 -- Sample 45: 0.5803
 -- Sample 46: 0.6680
 -- Sample 47: 0.6756
 -- Sample 48: 0.7465
 -- Sample 49: 0.6731
Mean=0.7071, Std=0.1706
------------------------------------------------------------------
Flux Error:
 -- Sample 0: 6.8195
 -- Sample 1: 7.0061
 -- Sample 2: 8.7766
 -- Sample 3: 7.0531
 -- Sample 4: 0.9153
 -- Sample 5: 0.9762
 -- Sample 6: 0.9783
 -- Sample 7: 0.9634
 -- Sample 8: 2.2410
 -- Sample 9: 3.2474
 -- Sample 10: 2.7898
 -- Sample 11: 2.4631
 -- Sample 12: 0.6299
 -- Sample 13: 1.2458
 -- Sample 14: 0.7108
 -- Sample 15: 1.1923
 -- Sample 16: 0.7653
 -- Sample 17: 0.7650
 -- Sample 18: 0.8696
 -- Sample 19: 0.7210
 -- Sample 20: 1.6258
 -- Sample 21: 1.6489
 -- Sample 22: 1.4201
 -- Sample 23: 1.4438
 -- Sample 24: 0.4373
 -- Sample 25: 0.4858
 -- Sample 26: 0.4772
 -- Sample 27: 0.5493
 -- Sample 28: 0.7425
 -- Sample 29: 0.8020
 -- Sample 30: 0.7142
 -- Sample 31: 0.8007
 -- Sample 32: 0.4186
 -- Sample 33: 0.4521
 -- Sample 34: 0.4785
 -- Sample 35: 0.4867
 -- Sample 36: 0.8251
 -- Sample 37: 0.8642
 -- Sample 38: 0.7864
 -- Sample 39: 0.8879
 -- Sample 40: 0.7841
 -- Sample 41: 0.9402
 -- Sample 42: 0.8774
 -- Sample 43: 0.8548
 -- Sample 44: 1.0196
 -- Sample 45: 1.5692
 -- Sample 46: 0.9934
 -- Sample 47: 1.1005
 -- Sample 48: 1.3446
 -- Sample 49: 1.3420
Mean: 1.5660, Std: 1.8325
------------------------------------------------------------------
Tortuosity Comparison:
 -- Sample 0: 8.9739%
 -- Sample 1: 2.2718%
 -- Sample 2: 16.5690%
 -- Sample 3: 0.7164%
 -- Sample 4: 9.6757%
 -- Sample 5: 11.0854%
 -- Sample 6: 9.6496%
 -- Sample 7: 10.8461%
 -- Sample 8: 25.1018%
 -- Sample 9: 29.9527%
 -- Sample 10: 28.2287%
 -- Sample 11: 24.9608%
 -- Sample 12: 1.4892%
 -- Sample 13: 2.4096%
 -- Sample 14: 4.8800%
 -- Sample 15: 0.2757%
 -- Sample 16: 9.7010%
 -- Sample 17: 11.9113%
 -- Sample 18: 13.9129%
 -- Sample 19: 12.4439%
 -- Sample 20: 14.5384%
 -- Sample 21: 14.9510%
 -- Sample 22: 10.4014%
 -- Sample 23: 7.0515%
 -- Sample 24: 9.2605%
 -- Sample 25: 7.1103%
 -- Sample 26: 10.8060%
 -- Sample 27: 5.2399%
 -- Sample 28: 16.3650%
 -- Sample 29: 14.3401%
 -- Sample 30: 15.3768%
 -- Sample 31: 13.5815%
 -- Sample 32: 25.7711%
 -- Sample 33: 18.6989%
 -- Sample 34: 22.2241%
 -- Sample 35: 17.0757%
 -- Sample 36: 17.5530%
 -- Sample 37: 16.4632%
 -- Sample 38: 13.8257%
 -- Sample 39: 19.5662%
 -- Sample 40: 28.3695%
 -- Sample 41: 27.5079%
 -- Sample 42: 28.5554%
 -- Sample 43: 26.5758%
 -- Sample 44: 28.3563%
 -- Sample 45: 21.5790%
 -- Sample 46: 21.9513%
 -- Sample 47: 18.2641%
 -- Sample 48: 2.1399%
 -- Sample 49: 6.2034%
Mean: 14.6952%, Std: 8.3494%
------------------------------------------------------------------
Evaluating Divergent:
 -- Sample 0: 69.1244%
 -- Sample 1: 67.6662%
 -- Sample 2: 68.6018%
 -- Sample 3: 67.8860%
 -- Sample 4: 62.9014%
 -- Sample 5: 63.2848%
 -- Sample 6: 62.7029%
 -- Sample 7: 63.2876%
 -- Sample 8: 68.0178%
 -- Sample 9: 66.9447%
 -- Sample 10: 67.8722%
 -- Sample 11: 66.8959%
 -- Sample 12: 67.8864%
 -- Sample 13: 68.4625%
 -- Sample 14: 68.9211%
 -- Sample 15: 68.6886%
 -- Sample 16: 60.5711%
 -- Sample 17: 62.9881%
 -- Sample 18: 61.0172%
 -- Sample 19: 63.4177%
 -- Sample 20: 64.0805%
 -- Sample 21: 65.8495%
 -- Sample 22: 64.1130%
 -- Sample 23: 65.6160%
 -- Sample 24: 63.4329%
 -- Sample 25: 63.2236%
 -- Sample 26: 64.1249%
 -- Sample 27: 63.4853%
 -- Sample 28: 62.0200%
 -- Sample 29: 62.8082%
 -- Sample 30: 61.7895%
 -- Sample 31: 62.2062%
 -- Sample 32: 65.1322%
 -- Sample 33: 67.2403%
 -- Sample 34: 65.3129%
 -- Sample 35: 66.2772%
 -- Sample 36: 61.1963%
 -- Sample 37: 62.1031%
 -- Sample 38: 60.6357%
 -- Sample 39: 63.3477%
 -- Sample 40: 63.4801%
 -- Sample 41: 64.3593%
 -- Sample 42: 63.9542%
 -- Sample 43: 64.2765%
 -- Sample 44: 70.3247%
 -- Sample 45: 67.5116%
 -- Sample 46: 70.1836%
 -- Sample 47: 68.4284%
 -- Sample 48: 69.2456%
 -- Sample 49: 69.8712%
Mean: 65.2554%, Std: 2.7848%
------------------------------------------------------------------
Processing Batch 4 (Size: 50)...
input shape:  torch.Size([50, 1, 120, 120, 120])
output shape:  torch.Size([50, 4, 120, 120, 120])
target shape:  torch.Size([50, 4, 120, 120, 120])
Bias Error: using velocity magnitude
Mean: 87.6596, Std: 155.7949
------------------------------------------------------------------
Magnitude Error: 
 -- Sample 0: mean=64.2162%; std=62.8229
 -- Sample 1: mean=77.3913%; std=85.2419
 -- Sample 2: mean=55.5212%; std=42.5533
 -- Sample 3: mean=66.3197%; std=51.5944
 -- Sample 4: mean=62.0003%; std=43.7840
 -- Sample 5: mean=57.2478%; std=36.6561
 -- Sample 6: mean=88.7170%; std=68.4345
 -- Sample 7: mean=78.1267%; std=64.6025
 -- Sample 8: mean=64.0015%; std=65.3628
 -- Sample 9: mean=65.1061%; std=49.7288
 -- Sample 10: mean=41.2592%; std=35.8899
 -- Sample 11: mean=46.2882%; std=48.8863
 -- Sample 12: mean=38.3616%; std=31.4875
 -- Sample 13: mean=42.5044%; std=43.4483
 -- Sample 14: mean=32.4177%; std=17.9508
 -- Sample 15: mean=32.0614%; std=19.5597
 -- Sample 16: mean=32.8968%; std=18.0716
 -- Sample 17: mean=30.1970%; std=20.3165
 -- Sample 18: mean=37.4600%; std=23.2478
 -- Sample 19: mean=36.6847%; std=24.4198
 -- Sample 20: mean=37.7796%; std=23.2644
 -- Sample 21: mean=42.5743%; std=22.2053
 -- Sample 22: mean=31.7857%; std=23.4564
 -- Sample 23: mean=39.2425%; std=23.8040
 -- Sample 24: mean=31.6014%; std=23.8909
 -- Sample 25: mean=38.7318%; std=24.6238
 -- Sample 26: mean=36.6751%; std=17.3684
 -- Sample 27: mean=32.7662%; std=15.1841
 -- Sample 28: mean=35.1380%; std=15.9892
 -- Sample 29: mean=32.5315%; std=14.5416
 -- Sample 30: mean=48.1758%; std=33.8254
 -- Sample 31: mean=34.9584%; std=27.7209
 -- Sample 32: mean=40.6600%; std=33.3692
 -- Sample 33: mean=38.0032%; std=38.5181
 -- Sample 34: mean=256.7452%; std=1293.3158
 -- Sample 35: mean=201.8980%; std=941.5331
 -- Sample 36: mean=242.0953%; std=1323.4698
 -- Sample 37: mean=203.3675%; std=905.5624
 -- Sample 38: mean=253.3994%; std=265.1925
 -- Sample 39: mean=187.0274%; std=165.1615
 -- Sample 40: mean=187.4312%; std=172.2128
 -- Sample 41: mean=280.3028%; std=253.1019
 -- Sample 42: mean=29.7550%; std=18.6984
 -- Sample 43: mean=21.6671%; std=16.7089
 -- Sample 44: mean=21.1750%; std=16.4856
 -- Sample 45: mean=27.6566%; std=16.4359
 -- Sample 46: mean=24.8192%; std=18.1048
 -- Sample 47: mean=28.5160%; std=21.9633
 -- Sample 48: mean=25.6975%; std=20.1662
 -- Sample 49: mean=26.3952%; std=25.9326
Mean: 71.7470%, Std: 70.4448%
------------------------------------------------------------------
Angular error:
 -- Sample 0: mean=68.3989º; std=46.4972
 -- Sample 1: mean=67.5445º; std=44.4942
 -- Sample 2: mean=53.3804º; std=43.5181
 -- Sample 3: mean=53.3583º; std=43.8912
 -- Sample 4: mean=55.4743º; std=45.2868
 -- Sample 5: mean=55.1609º; std=45.3979
 -- Sample 6: mean=42.3574º; std=37.4303
 -- Sample 7: mean=45.6475º; std=38.7367
 -- Sample 8: mean=43.6300º; std=38.6428
 -- Sample 9: mean=44.5949º; std=37.2771
 -- Sample 10: mean=46.8186º; std=37.1868
 -- Sample 11: mean=45.4823º; std=37.6014
 -- Sample 12: mean=45.7912º; std=37.3470
 -- Sample 13: mean=43.9766º; std=36.6186
 -- Sample 14: mean=37.1371º; std=35.0086
 -- Sample 15: mean=37.8379º; std=34.7432
 -- Sample 16: mean=37.1783º; std=34.9416
 -- Sample 17: mean=36.8494º; std=34.6370
 -- Sample 18: mean=38.9649º; std=36.2108
 -- Sample 19: mean=42.1222º; std=39.1425
 -- Sample 20: mean=40.6953º; std=37.6004
 -- Sample 21: mean=42.3465º; std=39.0775
 -- Sample 22: mean=47.1959º; std=40.8287
 -- Sample 23: mean=50.1041º; std=39.9080
 -- Sample 24: mean=47.6594º; std=40.9073
 -- Sample 25: mean=52.3641º; std=41.4657
 -- Sample 26: mean=42.8857º; std=36.6567
 -- Sample 27: mean=42.6383º; std=37.2328
 -- Sample 28: mean=41.9810º; std=35.9443
 -- Sample 29: mean=42.6688º; std=36.4940
 -- Sample 30: mean=46.9046º; std=38.5119
 -- Sample 31: mean=47.1601º; std=39.0313
 -- Sample 32: mean=47.7425º; std=39.1514
 -- Sample 33: mean=45.2296º; std=38.2190
 -- Sample 34: mean=67.8457º; std=48.4864
 -- Sample 35: mean=74.9432º; std=46.4063
 -- Sample 36: mean=69.9879º; std=47.7808
 -- Sample 37: mean=74.6884º; std=46.5426
 -- Sample 38: mean=64.9977º; std=47.3789
 -- Sample 39: mean=70.6704º; std=46.3916
 -- Sample 40: mean=66.9582º; std=47.1951
 -- Sample 41: mean=65.4141º; std=44.9709
 -- Sample 42: mean=34.6669º; std=34.4939
 -- Sample 43: mean=32.2794º; std=33.0164
 -- Sample 44: mean=33.7177º; std=35.3553
 -- Sample 45: mean=32.3492º; std=32.7256
 -- Sample 46: mean=41.2525º; std=38.2176
 -- Sample 47: mean=44.9354º; std=38.9168
 -- Sample 48: mean=43.7266º; std=39.3771
 -- Sample 49: mean=44.0834º; std=38.6200
Mean: 48.8360º, Std: 11.4769º
------------------------------------------------------------------
Correlation comparison:
 -- Sample 0: 0.7501
 -- Sample 1: 0.6585
 -- Sample 2: 0.6826
 -- Sample 3: 0.6602
 -- Sample 4: 0.6807
 -- Sample 5: 0.6756
 -- Sample 6: 0.8784
 -- Sample 7: 0.8662
 -- Sample 8: 0.8802
 -- Sample 9: 0.8807
 -- Sample 10: 0.8801
 -- Sample 11: 0.8433
 -- Sample 12: 0.8851
 -- Sample 13: 0.8842
 -- Sample 14: 0.9276
 -- Sample 15: 0.9373
 -- Sample 16: 0.9442
 -- Sample 17: 0.9346
 -- Sample 18: 0.8447
 -- Sample 19: 0.8760
 -- Sample 20: 0.8568
 -- Sample 21: 0.8088
 -- Sample 22: 0.8684
 -- Sample 23: 0.8343
 -- Sample 24: 0.8788
 -- Sample 25: 0.8523
 -- Sample 26: 0.9399
 -- Sample 27: 0.9535
 -- Sample 28: 0.9436
 -- Sample 29: 0.9638
 -- Sample 30: 0.7757
 -- Sample 31: 0.8540
 -- Sample 32: 0.8158
 -- Sample 33: 0.8336
 -- Sample 34: 0.0338
 -- Sample 35: 0.0801
 -- Sample 36: 0.0534
 -- Sample 37: 0.0601
 -- Sample 38: 0.5339
 -- Sample 39: 0.5355
 -- Sample 40: 0.5192
 -- Sample 41: 0.5025
 -- Sample 42: 0.9297
 -- Sample 43: 0.9483
 -- Sample 44: 0.9479
 -- Sample 45: 0.9237
 -- Sample 46: 0.9496
 -- Sample 47: 0.9203
 -- Sample 48: 0.9476
 -- Sample 49: 0.9278
Mean=0.7713, Std=0.2431
------------------------------------------------------------------
Flux Error:
 -- Sample 0: 0.9241
 -- Sample 1: 1.4457
 -- Sample 2: 0.9381
 -- Sample 3: 1.0948
 -- Sample 4: 1.0581
 -- Sample 5: 0.8766
 -- Sample 6: 1.5870
 -- Sample 7: 1.2321
 -- Sample 8: 1.2499
 -- Sample 9: 1.1088
 -- Sample 10: 0.6882
 -- Sample 11: 0.6501
 -- Sample 12: 0.7626
 -- Sample 13: 0.7164
 -- Sample 14: 0.5416
 -- Sample 15: 0.6162
 -- Sample 16: 0.5037
 -- Sample 17: 0.6348
 -- Sample 18: 0.5999
 -- Sample 19: 0.8684
 -- Sample 20: 0.6681
 -- Sample 21: 1.0106
 -- Sample 22: 0.7505
 -- Sample 23: 0.9020
 -- Sample 24: 0.7598
 -- Sample 25: 0.8652
 -- Sample 26: 0.7061
 -- Sample 27: 0.6353
 -- Sample 28: 0.7158
 -- Sample 29: 0.6448
 -- Sample 30: 0.6980
 -- Sample 31: 0.6864
 -- Sample 32: 0.5872
 -- Sample 33: 0.7010
 -- Sample 34: 6.9596
 -- Sample 35: 4.9539
 -- Sample 36: 6.2210
 -- Sample 37: 4.9455
 -- Sample 38: 4.3875
 -- Sample 39: 2.9436
 -- Sample 40: 3.0263
 -- Sample 41: 4.8489
 -- Sample 42: 0.8264
 -- Sample 43: 0.7677
 -- Sample 44: 0.9203
 -- Sample 45: 0.6984
 -- Sample 46: 0.6323
 -- Sample 47: 0.7654
 -- Sample 48: 0.6233
 -- Sample 49: 0.7734
Mean: 1.4544, Std: 1.5589
------------------------------------------------------------------
Tortuosity Comparison:
 -- Sample 0: 14.1354%
 -- Sample 1: 8.7554%
 -- Sample 2: 7.5994%
 -- Sample 3: 13.0207%
 -- Sample 4: 10.7148%
 -- Sample 5: 8.1083%
 -- Sample 6: 9.8862%
 -- Sample 7: 10.7535%
 -- Sample 8: 7.6713%
 -- Sample 9: 8.4028%
 -- Sample 10: 11.1072%
 -- Sample 11: 9.5698%
 -- Sample 12: 14.3846%
 -- Sample 13: 12.6775%
 -- Sample 14: 10.1056%
 -- Sample 15: 12.7454%
 -- Sample 16: 10.4372%
 -- Sample 17: 10.8644%
 -- Sample 18: 15.9274%
 -- Sample 19: 16.4143%
 -- Sample 20: 18.3912%
 -- Sample 21: 18.8785%
 -- Sample 22: 7.7033%
 -- Sample 23: 9.6764%
 -- Sample 24: 6.5581%
 -- Sample 25: 8.5781%
 -- Sample 26: 9.6016%
 -- Sample 27: 11.5500%
 -- Sample 28: 10.5294%
 -- Sample 29: 7.8530%
 -- Sample 30: 15.0190%
 -- Sample 31: 11.1320%
 -- Sample 32: 11.7851%
 -- Sample 33: 13.6946%
 -- Sample 34: 12.6696%
 -- Sample 35: 3.5568%
 -- Sample 36: 11.2812%
 -- Sample 37: 4.3494%
 -- Sample 38: 11.8690%
 -- Sample 39: 9.0077%
 -- Sample 40: 1.7735%
 -- Sample 41: 15.4913%
 -- Sample 42: 3.5887%
 -- Sample 43: 4.2311%
 -- Sample 44: 3.4717%
 -- Sample 45: 3.8950%
 -- Sample 46: 8.7057%
 -- Sample 47: 9.7869%
 -- Sample 48: 7.5889%
 -- Sample 49: 11.6653%
Mean: 10.1433%, Std: 3.8107%
------------------------------------------------------------------
Evaluating Divergent:
 -- Sample 0: 68.9021%
 -- Sample 1: 69.7993%
 -- Sample 2: 69.0837%
 -- Sample 3: 70.0543%
 -- Sample 4: 69.1941%
 -- Sample 5: 69.4064%
 -- Sample 6: 62.2204%
 -- Sample 7: 64.7983%
 -- Sample 8: 62.8268%
 -- Sample 9: 64.1302%
 -- Sample 10: 63.7485%
 -- Sample 11: 63.6535%
 -- Sample 12: 63.6821%
 -- Sample 13: 63.1516%
 -- Sample 14: 59.1831%
 -- Sample 15: 61.1935%
 -- Sample 16: 59.0265%
 -- Sample 17: 60.8929%
 -- Sample 18: 62.2133%
 -- Sample 19: 62.4205%
 -- Sample 20: 63.2925%
 -- Sample 21: 62.5421%
 -- Sample 22: 63.7126%
 -- Sample 23: 66.4210%
 -- Sample 24: 64.1370%
 -- Sample 25: 66.4615%
 -- Sample 26: 60.3772%
 -- Sample 27: 60.8513%
 -- Sample 28: 60.2339%
 -- Sample 29: 61.6320%
 -- Sample 30: 62.3682%
 -- Sample 31: 63.0935%
 -- Sample 32: 62.1814%
 -- Sample 33: 62.6930%
 -- Sample 34: 72.0202%
 -- Sample 35: 73.3211%
 -- Sample 36: 72.5271%
 -- Sample 37: 73.3085%
 -- Sample 38: 70.3968%
 -- Sample 39: 71.1159%
 -- Sample 40: 70.5474%
 -- Sample 41: 71.3648%
 -- Sample 42: 61.7137%
 -- Sample 43: 61.5075%
 -- Sample 44: 61.0676%
 -- Sample 45: 61.9215%
 -- Sample 46: 64.1443%
 -- Sample 47: 64.4188%
 -- Sample 48: 64.2103%
 -- Sample 49: 63.4384%
Mean: 64.9320%, Std: 4.0010%
------------------------------------------------------------------
Processing Batch 5 (Size: 50)...
input shape:  torch.Size([50, 1, 120, 120, 120])
output shape:  torch.Size([50, 4, 120, 120, 120])
target shape:  torch.Size([50, 4, 120, 120, 120])
Bias Error: using velocity magnitude
Mean: 56.5460, Std: 60.5188
------------------------------------------------------------------
Magnitude Error: 
 -- Sample 0: mean=97.1644%; std=137.7290
 -- Sample 1: mean=98.2313%; std=153.6416
 -- Sample 2: mean=105.0341%; std=152.7664
 -- Sample 3: mean=88.5512%; std=124.0731
 -- Sample 4: mean=56.7712%; std=54.4215
 -- Sample 5: mean=47.9118%; std=44.8313
 -- Sample 6: mean=50.2689%; std=44.5846
 -- Sample 7: mean=47.7815%; std=42.3590
 -- Sample 8: mean=247.6673%; std=289.1665
 -- Sample 9: mean=244.2467%; std=268.1979
 -- Sample 10: mean=250.8943%; std=275.8943
 -- Sample 11: mean=269.9064%; std=334.9066
 -- Sample 12: mean=55.3621%; std=45.6175
 -- Sample 13: mean=48.8566%; std=36.9039
 -- Sample 14: mean=59.1708%; std=50.2722
 -- Sample 15: mean=59.5228%; std=57.5297
 -- Sample 16: mean=37.2948%; std=32.8136
 -- Sample 17: mean=41.8176%; std=43.6630
 -- Sample 18: mean=50.7125%; std=44.8909
 -- Sample 19: mean=49.2976%; std=51.4018
 -- Sample 20: mean=65.7745%; std=61.3407
 -- Sample 21: mean=69.5211%; std=64.2446
 -- Sample 22: mean=76.0373%; std=81.0908
 -- Sample 23: mean=75.2861%; std=76.4531
 -- Sample 24: mean=47.4866%; std=46.4480
 -- Sample 25: mean=42.4815%; std=49.4526
 -- Sample 26: mean=47.3196%; std=51.4455
 -- Sample 27: mean=42.5663%; std=41.6462
 -- Sample 28: mean=73.2902%; std=70.3551
 -- Sample 29: mean=74.3070%; std=65.1313
 -- Sample 30: mean=73.6374%; std=69.3464
 -- Sample 31: mean=75.0702%; std=72.3161
 -- Sample 32: mean=34.5859%; std=24.8100
 -- Sample 33: mean=37.3511%; std=25.8739
 -- Sample 34: mean=37.5340%; std=27.8665
 -- Sample 35: mean=40.6812%; std=30.4099
 -- Sample 36: mean=65.2480%; std=53.8293
 -- Sample 37: mean=34.7334%; std=25.5588
 -- Sample 38: mean=46.9722%; std=36.7656
 -- Sample 39: mean=47.3086%; std=37.2306
 -- Sample 40: mean=34.6806%; std=22.2935
 -- Sample 41: mean=32.8413%; std=20.6952
 -- Sample 42: mean=32.4233%; std=21.2194
 -- Sample 43: mean=33.1038%; std=21.5129
 -- Sample 44: mean=53.5601%; std=32.1178
 -- Sample 45: mean=47.1981%; std=32.4820
 -- Sample 46: mean=56.6504%; std=39.2439
 -- Sample 47: mean=46.7875%; std=28.8238
 -- Sample 48: mean=148.1243%; std=205.9342
 -- Sample 49: mean=104.3508%; std=137.5782
Mean: 74.0675%, Std: 57.5170%
------------------------------------------------------------------
Angular error:
 -- Sample 0: mean=58.1531º; std=40.0702
 -- Sample 1: mean=59.8721º; std=42.1185
 -- Sample 2: mean=59.7110º; std=40.8619
 -- Sample 3: mean=55.7427º; std=40.1643
 -- Sample 4: mean=45.8793º; std=37.9088
 -- Sample 5: mean=44.5494º; std=37.0560
 -- Sample 6: mean=44.9867º; std=37.4327
 -- Sample 7: mean=47.1707º; std=39.0549
 -- Sample 8: mean=55.9280º; std=40.4086
 -- Sample 9: mean=59.6232º; std=42.2555
 -- Sample 10: mean=61.1810º; std=42.6579
 -- Sample 11: mean=58.4533º; std=41.6675
 -- Sample 12: mean=48.2356º; std=42.8253
 -- Sample 13: mean=46.6348º; std=41.7307
 -- Sample 14: mean=47.0077º; std=41.8886
 -- Sample 15: mean=46.8690º; std=42.9209
 -- Sample 16: mean=52.0973º; std=39.5264
 -- Sample 17: mean=51.5704º; std=39.3451
 -- Sample 18: mean=53.2340º; std=39.6906
 -- Sample 19: mean=53.0767º; std=39.0994
 -- Sample 20: mean=48.8863º; std=38.5041
 -- Sample 21: mean=45.5288º; std=38.6599
 -- Sample 22: mean=44.7879º; std=36.2079
 -- Sample 23: mean=45.4046º; std=37.1423
 -- Sample 24: mean=39.2942º; std=32.7175
 -- Sample 25: mean=40.9160º; std=33.4311
 -- Sample 26: mean=40.4911º; std=34.1444
 -- Sample 27: mean=39.5312º; std=32.3792
 -- Sample 28: mean=48.8898º; std=36.9342
 -- Sample 29: mean=46.5003º; std=34.6801
 -- Sample 30: mean=48.8574º; std=38.4065
 -- Sample 31: mean=48.5711º; std=36.8984
 -- Sample 32: mean=48.0888º; std=37.3818
 -- Sample 33: mean=48.0689º; std=37.3797
 -- Sample 34: mean=48.9515º; std=37.7674
 -- Sample 35: mean=47.4863º; std=35.5334
 -- Sample 36: mean=55.5092º; std=40.0342
 -- Sample 37: mean=53.9567º; std=42.1976
 -- Sample 38: mean=57.2493º; std=39.7890
 -- Sample 39: mean=50.8738º; std=40.2660
 -- Sample 40: mean=49.8378º; std=42.7626
 -- Sample 41: mean=51.0005º; std=42.8484
 -- Sample 42: mean=51.5531º; std=45.4869
 -- Sample 43: mean=52.6483º; std=43.3364
 -- Sample 44: mean=48.6978º; std=39.5972
 -- Sample 45: mean=48.8662º; std=40.4802
 -- Sample 46: mean=45.8126º; std=37.2661
 -- Sample 47: mean=46.3001º; std=37.9414
 -- Sample 48: mean=54.0718º; std=40.7724
 -- Sample 49: mean=52.6121º; std=40.4476
Mean: 49.9844º, Std: 5.3309º
------------------------------------------------------------------
Correlation comparison:
 -- Sample 0: 0.6968
 -- Sample 1: 0.6307
 -- Sample 2: 0.6508
 -- Sample 3: 0.7244
 -- Sample 4: 0.8306
 -- Sample 5: 0.8892
 -- Sample 6: 0.8506
 -- Sample 7: 0.9062
 -- Sample 8: 0.3254
 -- Sample 9: 0.3432
 -- Sample 10: 0.3624
 -- Sample 11: 0.3118
 -- Sample 12: 0.7483
 -- Sample 13: 0.7711
 -- Sample 14: 0.7630
 -- Sample 15: 0.7631
 -- Sample 16: 0.9085
 -- Sample 17: 0.9062
 -- Sample 18: 0.8289
 -- Sample 19: 0.8509
 -- Sample 20: 0.7775
 -- Sample 21: 0.7912
 -- Sample 22: 0.7325
 -- Sample 23: 0.7173
 -- Sample 24: 0.7855
 -- Sample 25: 0.8330
 -- Sample 26: 0.7829
 -- Sample 27: 0.8210
 -- Sample 28: 0.8337
 -- Sample 29: 0.8333
 -- Sample 30: 0.8529
 -- Sample 31: 0.7916
 -- Sample 32: 0.8951
 -- Sample 33: 0.8707
 -- Sample 34: 0.8838
 -- Sample 35: 0.8578
 -- Sample 36: 0.7465
 -- Sample 37: 0.8865
 -- Sample 38: 0.8086
 -- Sample 39: 0.8549
 -- Sample 40: 0.8713
 -- Sample 41: 0.8817
 -- Sample 42: 0.8953
 -- Sample 43: 0.8852
 -- Sample 44: 0.6586
 -- Sample 45: 0.7034
 -- Sample 46: 0.6701
 -- Sample 47: 0.7264
 -- Sample 48: 0.4892
 -- Sample 49: 0.6845
Mean=0.7577, Std=0.1512
------------------------------------------------------------------
Flux Error:
 -- Sample 0: 1.6144
 -- Sample 1: 1.3288
 -- Sample 2: 1.5968
 -- Sample 3: 1.3499
 -- Sample 4: 0.9458
 -- Sample 5: 0.9679
 -- Sample 6: 0.8713
 -- Sample 7: 0.9998
 -- Sample 8: 3.3017
 -- Sample 9: 3.3467
 -- Sample 10: 3.3747
 -- Sample 11: 3.8469
 -- Sample 12: 0.9832
 -- Sample 13: 0.8473
 -- Sample 14: 1.0121
 -- Sample 15: 1.0793
 -- Sample 16: 0.8782
 -- Sample 17: 0.9607
 -- Sample 18: 0.8018
 -- Sample 19: 0.9994
 -- Sample 20: 1.0629
 -- Sample 21: 1.1540
 -- Sample 22: 1.5127
 -- Sample 23: 1.2359
 -- Sample 24: 0.5384
 -- Sample 25: 0.6154
 -- Sample 26: 0.5872
 -- Sample 27: 0.5699
 -- Sample 28: 1.0223
 -- Sample 29: 1.1706
 -- Sample 30: 1.0348
 -- Sample 31: 1.0871
 -- Sample 32: 0.7133
 -- Sample 33: 0.8135
 -- Sample 34: 0.7902
 -- Sample 35: 0.8927
 -- Sample 36: 1.6203
 -- Sample 37: 0.7472
 -- Sample 38: 1.2682
 -- Sample 39: 1.0212
 -- Sample 40: 0.4783
 -- Sample 41: 0.6282
 -- Sample 42: 0.4920
 -- Sample 43: 0.5596
 -- Sample 44: 0.9289
 -- Sample 45: 0.8279
 -- Sample 46: 0.9629
 -- Sample 47: 0.7377
 -- Sample 48: 1.8819
 -- Sample 49: 1.5239
Mean: 1.1917, Std: 0.7429
------------------------------------------------------------------
Tortuosity Comparison:
 -- Sample 0: 27.8639%
 -- Sample 1: 25.0933%
 -- Sample 2: 25.6659%
 -- Sample 3: 21.6110%
 -- Sample 4: 17.4820%
 -- Sample 5: 14.8130%
 -- Sample 6: 17.9336%
 -- Sample 7: 14.9686%
 -- Sample 8: 22.2216%
 -- Sample 9: 22.6126%
 -- Sample 10: 22.7834%
 -- Sample 11: 26.0215%
 -- Sample 12: 19.3066%
 -- Sample 13: 18.8212%
 -- Sample 14: 16.3846%
 -- Sample 15: 17.6681%
 -- Sample 16: 16.3906%
 -- Sample 17: 15.4038%
 -- Sample 18: 15.6573%
 -- Sample 19: 17.4859%
 -- Sample 20: 15.0533%
 -- Sample 21: 14.9510%
 -- Sample 22: 21.2444%
 -- Sample 23: 16.6948%
 -- Sample 24: 14.4968%
 -- Sample 25: 14.0150%
 -- Sample 26: 18.0559%
 -- Sample 27: 13.5737%
 -- Sample 28: 11.2727%
 -- Sample 29: 5.5243%
 -- Sample 30: 13.7621%
 -- Sample 31: 8.2358%
 -- Sample 32: 16.9020%
 -- Sample 33: 18.0800%
 -- Sample 34: 20.2439%
 -- Sample 35: 22.2748%
 -- Sample 36: 26.5355%
 -- Sample 37: 9.9841%
 -- Sample 38: 24.1804%
 -- Sample 39: 18.3095%
 -- Sample 40: 2.3493%
 -- Sample 41: 11.6596%
 -- Sample 42: 7.4631%
 -- Sample 43: 9.3082%
 -- Sample 44: 18.7716%
 -- Sample 45: 15.6755%
 -- Sample 46: 18.0765%
 -- Sample 47: 14.2868%
 -- Sample 48: 22.0629%
 -- Sample 49: 20.2871%
Mean: 17.1904%, Std: 5.4002%
------------------------------------------------------------------
Evaluating Divergent:
 -- Sample 0: 66.6765%
 -- Sample 1: 66.7584%
 -- Sample 2: 65.7787%
 -- Sample 3: 66.0955%
 -- Sample 4: 62.8863%
 -- Sample 5: 63.7490%
 -- Sample 6: 62.4741%
 -- Sample 7: 63.9555%
 -- Sample 8: 66.2717%
 -- Sample 9: 68.3448%
 -- Sample 10: 66.9587%
 -- Sample 11: 68.0551%
 -- Sample 12: 61.3590%
 -- Sample 13: 63.7303%
 -- Sample 14: 60.6066%
 -- Sample 15: 62.9179%
 -- Sample 16: 64.6261%
 -- Sample 17: 66.3053%
 -- Sample 18: 65.8282%
 -- Sample 19: 66.4562%
 -- Sample 20: 65.1869%
 -- Sample 21: 64.3201%
 -- Sample 22: 65.2592%
 -- Sample 23: 65.1271%
 -- Sample 24: 62.8635%
 -- Sample 25: 62.8125%
 -- Sample 26: 63.3643%
 -- Sample 27: 62.3632%
 -- Sample 28: 64.4716%
 -- Sample 29: 63.6466%
 -- Sample 30: 64.0376%
 -- Sample 31: 63.5370%
 -- Sample 32: 63.3156%
 -- Sample 33: 62.2770%
 -- Sample 34: 63.1802%
 -- Sample 35: 62.9991%
 -- Sample 36: 66.4826%
 -- Sample 37: 66.1980%
 -- Sample 38: 67.1915%
 -- Sample 39: 66.0970%
 -- Sample 40: 64.0091%
 -- Sample 41: 63.9025%
 -- Sample 42: 63.9260%
 -- Sample 43: 65.0382%
 -- Sample 44: 65.8677%
 -- Sample 45: 66.7722%
 -- Sample 46: 65.0268%
 -- Sample 47: 66.1292%
 -- Sample 48: 68.0871%
 -- Sample 49: 68.1990%
Mean: 64.8304%, Std: 1.8391%
------------------------------------------------------------------
Processing Batch 6 (Size: 34)...
input shape:  torch.Size([34, 1, 120, 120, 120])
output shape:  torch.Size([34, 4, 120, 120, 120])
target shape:  torch.Size([34, 4, 120, 120, 120])
Bias Error: using velocity magnitude
Mean: 118.6875, Std: 117.6635
------------------------------------------------------------------
Magnitude Error: 
 -- Sample 0: mean=202.4238%; std=234.0377
 -- Sample 1: mean=124.5681%; std=142.2332
 -- Sample 2: mean=38.1957%; std=28.0883
 -- Sample 3: mean=36.8553%; std=25.9782
 -- Sample 4: mean=36.8640%; std=31.0968
 -- Sample 5: mean=36.7328%; std=27.3960
 -- Sample 6: mean=45.6555%; std=35.6662
 -- Sample 7: mean=40.5289%; std=27.0574
 -- Sample 8: mean=45.1396%; std=29.2541
 -- Sample 9: mean=34.4427%; std=24.9076
 -- Sample 10: mean=66.0367%; std=53.9660
 -- Sample 11: mean=85.2281%; std=72.4453
 -- Sample 12: mean=61.7886%; std=52.2733
 -- Sample 13: mean=67.5097%; std=59.0981
 -- Sample 14: mean=223.5276%; std=267.6303
 -- Sample 15: mean=174.4115%; std=176.6845
 -- Sample 16: mean=181.6780%; std=200.4911
 -- Sample 17: mean=191.7793%; std=214.7103
 -- Sample 18: mean=244.8616%; std=289.4297
 -- Sample 19: mean=268.1380%; std=289.6487
 -- Sample 20: mean=265.8453%; std=327.4592
 -- Sample 21: mean=258.0288%; std=286.1974
 -- Sample 22: mean=410.9617%; std=406.9314
 -- Sample 23: mean=305.0176%; std=348.5669
 -- Sample 24: mean=384.7015%; std=362.9751
 -- Sample 25: mean=288.3097%; std=331.6866
 -- Sample 26: mean=104.7097%; std=157.4270
 -- Sample 27: mean=98.8337%; std=151.5153
 -- Sample 28: mean=96.0561%; std=115.8645
 -- Sample 29: mean=90.8738%; std=123.6602
 -- Sample 30: mean=29.4099%; std=20.5671
 -- Sample 31: mean=28.8151%; std=21.5158
 -- Sample 32: mean=25.8649%; std=21.5769
 -- Sample 33: mean=32.6581%; std=23.1686
Mean: 136.0721%, Std: 110.2680%
------------------------------------------------------------------
Angular error:
 -- Sample 0: mean=52.9185º; std=39.8068
 -- Sample 1: mean=51.8879º; std=40.4091
 -- Sample 2: mean=50.7603º; std=38.4281
 -- Sample 3: mean=48.7359º; std=38.9219
 -- Sample 4: mean=50.2954º; std=38.7087
 -- Sample 5: mean=47.5355º; std=37.9040
 -- Sample 6: mean=52.4220º; std=41.9858
 -- Sample 7: mean=53.9545º; std=43.5578
 -- Sample 8: mean=52.5607º; std=43.3064
 -- Sample 9: mean=53.0924º; std=43.3119
 -- Sample 10: mean=64.5807º; std=44.5551
 -- Sample 11: mean=57.6454º; std=43.9554
 -- Sample 12: mean=58.5047º; std=42.6829
 -- Sample 13: mean=61.1426º; std=44.9338
 -- Sample 14: mean=45.0891º; std=36.8561
 -- Sample 15: mean=44.0822º; std=37.6067
 -- Sample 16: mean=45.5829º; std=36.0717
 -- Sample 17: mean=44.1578º; std=37.9824
 -- Sample 18: mean=52.7008º; std=41.7457
 -- Sample 19: mean=50.9051º; std=42.2173
 -- Sample 20: mean=53.6030º; std=42.7515
 -- Sample 21: mean=50.4828º; std=42.1830
 -- Sample 22: mean=51.4495º; std=41.6644
 -- Sample 23: mean=58.0921º; std=40.4366
 -- Sample 24: mean=51.1657º; std=40.7869
 -- Sample 25: mean=57.4614º; std=40.5387
 -- Sample 26: mean=60.3525º; std=42.1349
 -- Sample 27: mean=64.6098º; std=43.1683
 -- Sample 28: mean=60.1989º; std=43.6533
 -- Sample 29: mean=61.1461º; std=40.8873
 -- Sample 30: mean=49.1318º; std=41.8221
 -- Sample 31: mean=48.5120º; std=41.3698
 -- Sample 32: mean=47.1581º; std=39.1193
 -- Sample 33: mean=49.9341º; std=40.4366
Mean: 52.9956º, Std: 5.5283º
------------------------------------------------------------------
Correlation comparison:
 -- Sample 0: 0.4951
 -- Sample 1: 0.6135
 -- Sample 2: 0.8180
 -- Sample 3: 0.8322
 -- Sample 4: 0.7882
 -- Sample 5: 0.8329
 -- Sample 6: 0.8055
 -- Sample 7: 0.8643
 -- Sample 8: 0.8080
 -- Sample 9: 0.8937
 -- Sample 10: 0.6212
 -- Sample 11: 0.6046
 -- Sample 12: 0.6701
 -- Sample 13: 0.6359
 -- Sample 14: 0.5406
 -- Sample 15: 0.5997
 -- Sample 16: 0.5696
 -- Sample 17: 0.5768
 -- Sample 18: 0.3634
 -- Sample 19: 0.4525
 -- Sample 20: 0.3434
 -- Sample 21: 0.4329
 -- Sample 22: 0.4685
 -- Sample 23: 0.4347
 -- Sample 24: 0.4903
 -- Sample 25: 0.5240
 -- Sample 26: 0.5499
 -- Sample 27: 0.4883
 -- Sample 28: 0.6226
 -- Sample 29: 0.5182
 -- Sample 30: 0.9447
 -- Sample 31: 0.9520
 -- Sample 32: 0.9541
 -- Sample 33: 0.9481
Mean=0.6487, Std=0.1815
------------------------------------------------------------------
Flux Error:
 -- Sample 0: 2.7353
 -- Sample 1: 1.6568
 -- Sample 2: 0.6407
 -- Sample 3: 0.6641
 -- Sample 4: 0.5662
 -- Sample 5: 0.6851
 -- Sample 6: 0.8450
 -- Sample 7: 1.0139
 -- Sample 8: 1.0642
 -- Sample 9: 0.9046
 -- Sample 10: 0.8104
 -- Sample 11: 0.9587
 -- Sample 12: 0.7209
 -- Sample 13: 0.8780
 -- Sample 14: 2.9113
 -- Sample 15: 2.2596
 -- Sample 16: 2.3892
 -- Sample 17: 2.4809
 -- Sample 18: 3.2909
 -- Sample 19: 3.1193
 -- Sample 20: 3.5196
 -- Sample 21: 3.3168
 -- Sample 22: 4.9262
 -- Sample 23: 4.2279
 -- Sample 24: 4.5570
 -- Sample 25: 4.2874
 -- Sample 26: 1.5090
 -- Sample 27: 1.4204
 -- Sample 28: 1.4371
 -- Sample 29: 1.4845
 -- Sample 30: 0.8761
 -- Sample 31: 0.8716
 -- Sample 32: 0.9137
 -- Sample 33: 0.7475
Mean: 1.9026, Std: 1.3006
------------------------------------------------------------------
Tortuosity Comparison:
 -- Sample 0: 26.2796%
 -- Sample 1: 20.0302%
 -- Sample 2: 18.5526%
 -- Sample 3: 18.5287%
 -- Sample 4: 16.2292%
 -- Sample 5: 15.2914%
 -- Sample 6: 12.9520%
 -- Sample 7: 12.9839%
 -- Sample 8: 15.4159%
 -- Sample 9: 9.7499%
 -- Sample 10: 1.3267%
 -- Sample 11: 0.8925%
 -- Sample 12: 1.1798%
 -- Sample 13: 0.4954%
 -- Sample 14: 21.0569%
 -- Sample 15: 17.1737%
 -- Sample 16: 18.7666%
 -- Sample 17: 18.2211%
 -- Sample 18: 26.5951%
 -- Sample 19: 20.0568%
 -- Sample 20: 26.7772%
 -- Sample 21: 25.1377%
 -- Sample 22: 14.4228%
 -- Sample 23: 17.9570%
 -- Sample 24: 12.2557%
 -- Sample 25: 17.5896%
 -- Sample 26: 5.7770%
 -- Sample 27: 4.6148%
 -- Sample 28: 4.7735%
 -- Sample 29: 12.4770%
 -- Sample 30: 8.5391%
 -- Sample 31: 7.5825%
 -- Sample 32: 13.1802%
 -- Sample 33: 7.8402%
Mean: 13.8442%, Std: 7.4816%
------------------------------------------------------------------
Evaluating Divergent:
 -- Sample 0: 67.0124%
 -- Sample 1: 66.9181%
 -- Sample 2: 67.3237%
 -- Sample 3: 66.9482%
 -- Sample 4: 66.1363%
 -- Sample 5: 65.9928%
 -- Sample 6: 66.9971%
 -- Sample 7: 65.5555%
 -- Sample 8: 66.8118%
 -- Sample 9: 65.5313%
 -- Sample 10: 69.0956%
 -- Sample 11: 66.9417%
 -- Sample 12: 68.3875%
 -- Sample 13: 67.6469%
 -- Sample 14: 65.4375%
 -- Sample 15: 65.0415%
 -- Sample 16: 65.3092%
 -- Sample 17: 64.2676%
 -- Sample 18: 65.4161%
 -- Sample 19: 64.5624%
 -- Sample 20: 65.1185%
 -- Sample 21: 64.7273%
 -- Sample 22: 68.6670%
 -- Sample 23: 70.5621%
 -- Sample 24: 69.1721%
 -- Sample 25: 69.8373%
 -- Sample 26: 67.2799%
 -- Sample 27: 68.3116%
 -- Sample 28: 66.7332%
 -- Sample 29: 68.2885%
 -- Sample 30: 64.5095%
 -- Sample 31: 65.1555%
 -- Sample 32: 65.0976%
 -- Sample 33: 65.4528%
Mean: 66.6543%, Std: 1.6267%
------------------------------------------------------------------

-----------------------------------------------------


========================================================================================================================



  Berea Sinter Gray  results:


Loading data...
Testing model:   Ko et. al (Etapas 3)
Processing Batch 1 (Size: 50)...
input shape:  torch.Size([50, 1, 120, 120, 120])
output shape:  torch.Size([50, 4, 120, 120, 120])
target shape:  torch.Size([50, 4, 120, 120, 120])
Bias Error: using velocity magnitude
Mean: 62.5226, Std: 62.0689
------------------------------------------------------------------
Magnitude Error: 
 -- Sample 0: mean=163.7945%; std=171.1856
 -- Sample 1: mean=139.0704%; std=154.9153
 -- Sample 2: mean=133.6730%; std=125.5738
 -- Sample 3: mean=140.2165%; std=172.7626
 -- Sample 4: mean=91.4154%; std=118.3675
 -- Sample 5: mean=67.3351%; std=62.4667
 -- Sample 6: mean=84.2790%; std=81.1767
 -- Sample 7: mean=72.1264%; std=70.0405
 -- Sample 8: mean=42.6597%; std=27.9841
 -- Sample 9: mean=36.4476%; std=30.2375
 -- Sample 10: mean=37.5804%; std=23.8089
 -- Sample 11: mean=37.8470%; std=22.9315
 -- Sample 12: mean=60.2413%; std=57.0948
 -- Sample 13: mean=52.8037%; std=39.7350
 -- Sample 14: mean=50.9209%; std=39.5500
 -- Sample 15: mean=69.3441%; std=51.3190
 -- Sample 16: mean=57.8271%; std=40.4514
 -- Sample 17: mean=47.5014%; std=25.7117
 -- Sample 18: mean=48.4933%; std=30.0189
 -- Sample 19: mean=49.8467%; std=42.2984
 -- Sample 20: mean=41.8814%; std=33.2228
 -- Sample 21: mean=40.1834%; std=33.0396
 -- Sample 22: mean=44.5018%; std=28.8162
 -- Sample 23: mean=35.7432%; std=24.7229
 -- Sample 24: mean=38.6844%; std=32.6968
 -- Sample 25: mean=52.1767%; std=41.9670
 -- Sample 26: mean=53.5745%; std=37.3733
 -- Sample 27: mean=40.1250%; std=33.0095
 -- Sample 28: mean=55.4552%; std=60.9568
 -- Sample 29: mean=76.4762%; std=63.7706
 -- Sample 30: mean=86.8490%; std=80.8682
 -- Sample 31: mean=77.8444%; std=68.4095
 -- Sample 32: mean=120.2333%; std=108.3840
 -- Sample 33: mean=136.4249%; std=118.0317
 -- Sample 34: mean=127.6409%; std=143.9271
 -- Sample 35: mean=127.5413%; std=110.6993
 -- Sample 36: mean=42.1868%; std=27.4215
 -- Sample 37: mean=37.6382%; std=26.6544
 -- Sample 38: mean=32.8768%; std=25.6211
 -- Sample 39: mean=37.9355%; std=26.7020
 -- Sample 40: mean=92.2904%; std=182.8502
 -- Sample 41: mean=86.7324%; std=167.6985
 -- Sample 42: mean=82.8895%; std=169.2548
 -- Sample 43: mean=93.1297%; std=192.6949
 -- Sample 44: mean=174.9369%; std=225.5791
 -- Sample 45: mean=160.3757%; std=206.0654
 -- Sample 46: mean=148.7355%; std=188.0474
 -- Sample 47: mean=139.5583%; std=189.9536
 -- Sample 48: mean=310.7037%; std=346.0854
 -- Sample 49: mean=302.8562%; std=330.4326
Mean: 87.6321%, Std: 60.3545%
------------------------------------------------------------------
Angular error:
 -- Sample 0: mean=44.3342º; std=37.6082
 -- Sample 1: mean=50.2311º; std=38.8255
 -- Sample 2: mean=49.3056º; std=41.9404
 -- Sample 3: mean=50.3741º; std=38.5326
 -- Sample 4: mean=58.8488º; std=42.9748
 -- Sample 5: mean=57.8068º; std=40.4403
 -- Sample 6: mean=53.8992º; std=39.6475
 -- Sample 7: mean=56.0649º; std=39.8506
 -- Sample 8: mean=46.5881º; std=37.8010
 -- Sample 9: mean=44.4114º; std=38.0164
 -- Sample 10: mean=47.1472º; std=38.7393
 -- Sample 11: mean=44.5182º; std=37.7959
 -- Sample 12: mean=49.5374º; std=38.1199
 -- Sample 13: mean=49.0912º; std=37.1004
 -- Sample 14: mean=50.9220º; std=38.0535
 -- Sample 15: mean=51.5899º; std=38.3359
 -- Sample 16: mean=53.0248º; std=39.3987
 -- Sample 17: mean=50.6043º; std=38.7684
 -- Sample 18: mean=50.5246º; std=39.2743
 -- Sample 19: mean=49.7850º; std=39.4008
 -- Sample 20: mean=46.6399º; std=37.8209
 -- Sample 21: mean=49.0751º; std=37.6240
 -- Sample 22: mean=48.4970º; std=38.8265
 -- Sample 23: mean=48.2062º; std=37.3501
 -- Sample 24: mean=42.8839º; std=36.1030
 -- Sample 25: mean=39.7774º; std=34.3904
 -- Sample 26: mean=44.1534º; std=37.7430
 -- Sample 27: mean=41.9521º; std=36.1543
 -- Sample 28: mean=42.5766º; std=37.1983
 -- Sample 29: mean=42.0842º; std=36.6179
 -- Sample 30: mean=41.9737º; std=36.1494
 -- Sample 31: mean=44.2474º; std=38.0701
 -- Sample 32: mean=52.4983º; std=41.5212
 -- Sample 33: mean=46.7952º; std=42.4667
 -- Sample 34: mean=51.1581º; std=40.8186
 -- Sample 35: mean=48.5539º; std=41.3427
 -- Sample 36: mean=43.3888º; std=36.9101
 -- Sample 37: mean=46.2503º; std=37.6893
 -- Sample 38: mean=43.4449º; std=37.6287
 -- Sample 39: mean=45.7598º; std=37.8544
 -- Sample 40: mean=42.2982º; std=36.8745
 -- Sample 41: mean=42.1446º; std=37.2985
 -- Sample 42: mean=42.6634º; std=37.7951
 -- Sample 43: mean=44.5049º; std=37.8545
 -- Sample 44: mean=46.2306º; std=37.1645
 -- Sample 45: mean=44.4682º; std=37.4936
 -- Sample 46: mean=46.7802º; std=36.8426
 -- Sample 47: mean=44.0215º; std=37.2908
 -- Sample 48: mean=52.3324º; std=42.4055
 -- Sample 49: mean=54.3655º; std=43.9870
Mean: 47.5667º, Std: 4.4032º
------------------------------------------------------------------
Correlation comparison:
 -- Sample 0: 0.6162
 -- Sample 1: 0.5963
 -- Sample 2: 0.6789
 -- Sample 3: 0.6287
 -- Sample 4: 0.6027
 -- Sample 5: 0.6109
 -- Sample 6: 0.5551
 -- Sample 7: 0.5996
 -- Sample 8: 0.8499
 -- Sample 9: 0.8754
 -- Sample 10: 0.8733
 -- Sample 11: 0.8826
 -- Sample 12: 0.6904
 -- Sample 13: 0.7186
 -- Sample 14: 0.7154
 -- Sample 15: 0.6231
 -- Sample 16: 0.6523
 -- Sample 17: 0.7579
 -- Sample 18: 0.7641
 -- Sample 19: 0.7154
 -- Sample 20: 0.8906
 -- Sample 21: 0.8682
 -- Sample 22: 0.8566
 -- Sample 23: 0.8688
 -- Sample 24: 0.9494
 -- Sample 25: 0.9091
 -- Sample 26: 0.9433
 -- Sample 27: 0.9454
 -- Sample 28: 0.8614
 -- Sample 29: 0.8611
 -- Sample 30: 0.7779
 -- Sample 31: 0.8409
 -- Sample 32: 0.6545
 -- Sample 33: 0.6992
 -- Sample 34: 0.6261
 -- Sample 35: 0.6813
 -- Sample 36: 0.8470
 -- Sample 37: 0.8911
 -- Sample 38: 0.9129
 -- Sample 39: 0.8763
 -- Sample 40: 0.6048
 -- Sample 41: 0.6134
 -- Sample 42: 0.5927
 -- Sample 43: 0.6061
 -- Sample 44: 0.5355
 -- Sample 45: 0.5035
 -- Sample 46: 0.5704
 -- Sample 47: 0.5666
 -- Sample 48: 0.5075
 -- Sample 49: 0.5205
Mean=0.7278, Std=0.1368
------------------------------------------------------------------
Flux Error:
 -- Sample 0: 1.6739
 -- Sample 1: 2.0714
 -- Sample 2: 1.3490
 -- Sample 3: 2.0247
 -- Sample 4: 1.6365
 -- Sample 5: 1.2408
 -- Sample 6: 1.0436
 -- Sample 7: 1.3997
 -- Sample 8: 0.8067
 -- Sample 9: 0.7982
 -- Sample 10: 0.6672
 -- Sample 11: 0.8086
 -- Sample 12: 0.8065
 -- Sample 13: 0.8895
 -- Sample 14: 0.6802
 -- Sample 15: 0.8940
 -- Sample 16: 0.5839
 -- Sample 17: 0.3571
 -- Sample 18: 0.4645
 -- Sample 19: 0.5177
 -- Sample 20: 0.7726
 -- Sample 21: 1.0988
 -- Sample 22: 0.7670
 -- Sample 23: 1.0790
 -- Sample 24: 1.2300
 -- Sample 25: 0.9716
 -- Sample 26: 1.4230
 -- Sample 27: 0.8654
 -- Sample 28: 1.1372
 -- Sample 29: 1.2213
 -- Sample 30: 1.4118
 -- Sample 31: 1.2152
 -- Sample 32: 2.1228
 -- Sample 33: 1.6303
 -- Sample 34: 2.3096
 -- Sample 35: 1.4380
 -- Sample 36: 0.7267
 -- Sample 37: 0.7799
 -- Sample 38: 0.7674
 -- Sample 39: 0.6443
 -- Sample 40: 1.4228
 -- Sample 41: 1.0896
 -- Sample 42: 1.3004
 -- Sample 43: 1.1613
 -- Sample 44: 2.1142
 -- Sample 45: 1.8969
 -- Sample 46: 1.8162
 -- Sample 47: 1.7484
 -- Sample 48: 3.5912
 -- Sample 49: 3.1891
Mean: 1.2731, Std: 0.6445
------------------------------------------------------------------
Tortuosity Comparison:
 -- Sample 0: 12.0001%
 -- Sample 1: 22.0963%
 -- Sample 2: 10.8783%
 -- Sample 3: 19.8476%
 -- Sample 4: 23.5692%
 -- Sample 5: 23.5289%
 -- Sample 6: 11.1304%
 -- Sample 7: 25.0351%
 -- Sample 8: 14.3136%
 -- Sample 9: 10.7236%
 -- Sample 10: 9.3025%
 -- Sample 11: 10.9550%
 -- Sample 12: 11.5432%
 -- Sample 13: 13.9356%
 -- Sample 14: 7.7825%
 -- Sample 15: 11.6885%
 -- Sample 16: 17.5738%
 -- Sample 17: 12.6130%
 -- Sample 18: 10.3491%
 -- Sample 19: 16.8335%
 -- Sample 20: 14.8139%
 -- Sample 21: 17.9761%
 -- Sample 22: 15.8008%
 -- Sample 23: 17.9558%
 -- Sample 24: 7.3214%
 -- Sample 25: 5.4207%
 -- Sample 26: 8.2133%
 -- Sample 27: 8.2999%
 -- Sample 28: 14.4744%
 -- Sample 29: 13.1635%
 -- Sample 30: 14.4541%
 -- Sample 31: 13.6912%
 -- Sample 32: 13.1936%
 -- Sample 33: 7.6377%
 -- Sample 34: 13.2358%
 -- Sample 35: 1.1767%
 -- Sample 36: 14.2098%
 -- Sample 37: 16.8148%
 -- Sample 38: 14.9377%
 -- Sample 39: 13.7062%
 -- Sample 40: 11.9212%
 -- Sample 41: 9.6584%
 -- Sample 42: 10.7831%
 -- Sample 43: 10.8854%
 -- Sample 44: 18.2385%
 -- Sample 45: 14.4365%
 -- Sample 46: 15.5686%
 -- Sample 47: 12.8061%
 -- Sample 48: 5.8872%
 -- Sample 49: 6.8038%
Mean: 13.1837%, Std: 4.7740%
------------------------------------------------------------------
Evaluating Divergent:
 -- Sample 0: 62.1328%
 -- Sample 1: 65.4695%
 -- Sample 2: 62.4039%
 -- Sample 3: 65.7660%
 -- Sample 4: 68.4761%
 -- Sample 5: 68.1920%
 -- Sample 6: 68.1149%
 -- Sample 7: 68.2584%
 -- Sample 8: 65.8023%
 -- Sample 9: 64.2865%
 -- Sample 10: 65.1973%
 -- Sample 11: 64.6576%
 -- Sample 12: 66.6942%
 -- Sample 13: 67.4604%
 -- Sample 14: 66.7213%
 -- Sample 15: 67.7247%
 -- Sample 16: 67.7423%
 -- Sample 17: 68.1942%
 -- Sample 18: 66.7214%
 -- Sample 19: 67.9942%
 -- Sample 20: 63.5255%
 -- Sample 21: 66.9257%
 -- Sample 22: 64.0897%
 -- Sample 23: 66.9492%
 -- Sample 24: 60.8962%
 -- Sample 25: 63.2843%
 -- Sample 26: 61.1886%
 -- Sample 27: 63.0130%
 -- Sample 28: 63.6277%
 -- Sample 29: 62.8643%
 -- Sample 30: 63.9471%
 -- Sample 31: 62.6783%
 -- Sample 32: 67.8364%
 -- Sample 33: 66.4066%
 -- Sample 34: 67.6795%
 -- Sample 35: 66.5759%
 -- Sample 36: 63.2649%
 -- Sample 37: 63.4921%
 -- Sample 38: 62.8922%
 -- Sample 39: 63.0774%
 -- Sample 40: 65.4794%
 -- Sample 41: 64.2362%
 -- Sample 42: 65.6100%
 -- Sample 43: 65.1368%
 -- Sample 44: 66.9679%
 -- Sample 45: 66.3214%
 -- Sample 46: 67.2611%
 -- Sample 47: 66.5002%
 -- Sample 48: 68.5527%
 -- Sample 49: 69.2415%
Mean: 65.5506%, Std: 2.1591%
------------------------------------------------------------------
Processing Batch 2 (Size: 50)...
input shape:  torch.Size([50, 1, 120, 120, 120])
output shape:  torch.Size([50, 4, 120, 120, 120])
target shape:  torch.Size([50, 4, 120, 120, 120])
Bias Error: using velocity magnitude
Mean: 64.8528, Std: 121.3007
------------------------------------------------------------------
Magnitude Error: 
 -- Sample 0: mean=300.7645%; std=331.6049
 -- Sample 1: mean=318.6182%; std=415.4978
 -- Sample 2: mean=68.3475%; std=46.7403
 -- Sample 3: mean=69.8426%; std=49.5611
 -- Sample 4: mean=67.8651%; std=45.0169
 -- Sample 5: mean=74.5784%; std=55.4646
 -- Sample 6: mean=33.9229%; std=28.4077
 -- Sample 7: mean=27.1091%; std=26.5007
 -- Sample 8: mean=35.6636%; std=30.4295
 -- Sample 9: mean=40.1272%; std=44.7295
 -- Sample 10: mean=389.3219%; std=283.4343
 -- Sample 11: mean=461.9237%; std=318.5944
 -- Sample 12: mean=477.8733%; std=327.5761
 -- Sample 13: mean=427.8918%; std=272.7121
 -- Sample 14: mean=27.6755%; std=23.4302
 -- Sample 15: mean=31.6823%; std=22.4730
 -- Sample 16: mean=28.7589%; std=23.6551
 -- Sample 17: mean=28.1316%; std=25.1947
 -- Sample 18: mean=37.2247%; std=22.1492
 -- Sample 19: mean=33.9902%; std=22.8897
 -- Sample 20: mean=36.1299%; std=24.0392
 -- Sample 21: mean=40.6796%; std=26.5560
 -- Sample 22: mean=40.2639%; std=21.4381
 -- Sample 23: mean=29.8933%; std=17.6152
 -- Sample 24: mean=32.5597%; std=20.3009
 -- Sample 25: mean=33.6693%; std=21.9506
 -- Sample 26: mean=34.0742%; std=26.5144
 -- Sample 27: mean=33.5636%; std=28.5109
 -- Sample 28: mean=32.6413%; std=29.8260
 -- Sample 29: mean=35.0209%; std=25.5908
 -- Sample 30: mean=38.9978%; std=27.9493
 -- Sample 31: mean=29.1848%; std=21.4466
 -- Sample 32: mean=29.3309%; std=20.8728
 -- Sample 33: mean=34.3591%; std=24.4338
 -- Sample 34: mean=42.0354%; std=30.5095
 -- Sample 35: mean=36.3854%; std=24.1141
 -- Sample 36: mean=41.9639%; std=27.9091
 -- Sample 37: mean=37.0196%; std=28.2185
 -- Sample 38: mean=29.3177%; std=27.6353
 -- Sample 39: mean=34.1676%; std=27.9947
 -- Sample 40: mean=30.1080%; std=28.8109
 -- Sample 41: mean=28.7449%; std=27.5113
 -- Sample 42: mean=79.9756%; std=79.3673
 -- Sample 43: mean=78.7894%; std=76.1139
 -- Sample 44: mean=66.0520%; std=51.0676
 -- Sample 45: mean=68.1369%; std=59.6507
 -- Sample 46: mean=56.5427%; std=48.6482
 -- Sample 47: mean=75.1721%; std=62.9221
 -- Sample 48: mean=69.7754%; std=53.0151
 -- Sample 49: mean=76.9233%; std=65.8235
Mean: 86.2558%, Std: 117.8706%
------------------------------------------------------------------
Angular error:
 -- Sample 0: mean=52.8473º; std=42.5659
 -- Sample 1: mean=52.3854º; std=42.5709
 -- Sample 2: mean=39.6650º; std=34.0357
 -- Sample 3: mean=37.2596º; std=34.7546
 -- Sample 4: mean=39.2948º; std=34.1398
 -- Sample 5: mean=38.1508º; std=34.4370
 -- Sample 6: mean=47.8294º; std=38.5467
 -- Sample 7: mean=48.1839º; std=38.7025
 -- Sample 8: mean=47.7410º; std=38.8068
 -- Sample 9: mean=46.8530º; std=37.0645
 -- Sample 10: mean=55.6930º; std=44.3894
 -- Sample 11: mean=56.7995º; std=43.6227
 -- Sample 12: mean=56.5034º; std=44.8987
 -- Sample 13: mean=57.8932º; std=43.2964
 -- Sample 14: mean=43.3527º; std=34.8786
 -- Sample 15: mean=40.6836º; std=33.4135
 -- Sample 16: mean=42.0047º; std=34.1170
 -- Sample 17: mean=42.5457º; std=35.9776
 -- Sample 18: mean=50.1662º; std=40.6377
 -- Sample 19: mean=52.1002º; std=40.4016
 -- Sample 20: mean=47.7467º; std=39.7665
 -- Sample 21: mean=52.1812º; std=40.2102
 -- Sample 22: mean=38.5480º; std=34.8524
 -- Sample 23: mean=36.0032º; std=33.9503
 -- Sample 24: mean=35.6555º; std=32.8493
 -- Sample 25: mean=36.6539º; std=33.8680
 -- Sample 26: mean=44.5682º; std=36.6957
 -- Sample 27: mean=42.1426º; std=35.8176
 -- Sample 28: mean=44.0556º; std=36.0966
 -- Sample 29: mean=45.1109º; std=38.4668
 -- Sample 30: mean=47.6617º; std=40.6526
 -- Sample 31: mean=44.4560º; std=40.1088
 -- Sample 32: mean=46.5116º; std=40.1719
 -- Sample 33: mean=44.1722º; std=40.4132
 -- Sample 34: mean=49.0101º; std=38.6508
 -- Sample 35: mean=49.7632º; std=39.4275
 -- Sample 36: mean=50.5733º; std=38.7260
 -- Sample 37: mean=47.5104º; std=38.1524
 -- Sample 38: mean=47.4807º; std=39.5574
 -- Sample 39: mean=48.7772º; std=40.3644
 -- Sample 40: mean=44.9254º; std=37.7451
 -- Sample 41: mean=47.0474º; std=39.9091
 -- Sample 42: mean=44.2586º; std=37.9827
 -- Sample 43: mean=42.1754º; std=36.1581
 -- Sample 44: mean=43.5169º; std=37.1155
 -- Sample 45: mean=44.1658º; std=36.6920
 -- Sample 46: mean=41.8783º; std=36.6482
 -- Sample 47: mean=45.0101º; std=38.3809
 -- Sample 48: mean=42.1726º; std=37.2547
 -- Sample 49: mean=44.3361º; std=37.4200
Mean: 45.7204º, Std: 5.3690º
------------------------------------------------------------------
Correlation comparison:
 -- Sample 0: 0.4843
 -- Sample 1: 0.4045
 -- Sample 2: 0.6820
 -- Sample 3: 0.7173
 -- Sample 4: 0.6907
 -- Sample 5: 0.6876
 -- Sample 6: 0.9378
 -- Sample 7: 0.9527
 -- Sample 8: 0.9579
 -- Sample 9: 0.8991
 -- Sample 10: 0.5450
 -- Sample 11: 0.5451
 -- Sample 12: 0.5495
 -- Sample 13: 0.6024
 -- Sample 14: 0.9422
 -- Sample 15: 0.9441
 -- Sample 16: 0.9578
 -- Sample 17: 0.9580
 -- Sample 18: 0.9112
 -- Sample 19: 0.9282
 -- Sample 20: 0.9135
 -- Sample 21: 0.8979
 -- Sample 22: 0.8925
 -- Sample 23: 0.9540
 -- Sample 24: 0.9454
 -- Sample 25: 0.9203
 -- Sample 26: 0.8389
 -- Sample 27: 0.8398
 -- Sample 28: 0.8470
 -- Sample 29: 0.8428
 -- Sample 30: 0.8434
 -- Sample 31: 0.9057
 -- Sample 32: 0.8902
 -- Sample 33: 0.8796
 -- Sample 34: 0.8124
 -- Sample 35: 0.8539
 -- Sample 36: 0.8267
 -- Sample 37: 0.8760
 -- Sample 38: 0.9104
 -- Sample 39: 0.8759
 -- Sample 40: 0.8984
 -- Sample 41: 0.9027
 -- Sample 42: 0.7531
 -- Sample 43: 0.7901
 -- Sample 44: 0.7999
 -- Sample 45: 0.8512
 -- Sample 46: 0.7001
 -- Sample 47: 0.6595
 -- Sample 48: 0.6894
 -- Sample 49: 0.6773
Mean=0.8117, Std=0.1384
------------------------------------------------------------------
Flux Error:
 -- Sample 0: 3.3724
 -- Sample 1: 3.2136
 -- Sample 2: 0.7205
 -- Sample 3: 0.8476
 -- Sample 4: 0.7032
 -- Sample 5: 0.8183
 -- Sample 6: 1.0422
 -- Sample 7: 0.9890
 -- Sample 8: 1.1840
 -- Sample 9: 0.9728
 -- Sample 10: 4.2592
 -- Sample 11: 4.9451
 -- Sample 12: 5.4188
 -- Sample 13: 4.9716
 -- Sample 14: 0.8106
 -- Sample 15: 1.0525
 -- Sample 16: 0.9896
 -- Sample 17: 1.0336
 -- Sample 18: 0.8994
 -- Sample 19: 0.6732
 -- Sample 20: 0.8902
 -- Sample 21: 0.7085
 -- Sample 22: 0.5989
 -- Sample 23: 0.6076
 -- Sample 24: 0.6238
 -- Sample 25: 0.5686
 -- Sample 26: 0.8182
 -- Sample 27: 0.3720
 -- Sample 28: 0.8200
 -- Sample 29: 0.3281
 -- Sample 30: 1.1945
 -- Sample 31: 0.7678
 -- Sample 32: 1.0423
 -- Sample 33: 0.6362
 -- Sample 34: 0.3931
 -- Sample 35: 0.4400
 -- Sample 36: 0.4041
 -- Sample 37: 0.5457
 -- Sample 38: 0.6990
 -- Sample 39: 0.8106
 -- Sample 40: 0.7113
 -- Sample 41: 0.8038
 -- Sample 42: 1.3229
 -- Sample 43: 0.8678
 -- Sample 44: 1.1511
 -- Sample 45: 0.8526
 -- Sample 46: 0.7075
 -- Sample 47: 0.9227
 -- Sample 48: 0.9662
 -- Sample 49: 1.0492
Mean: 1.2308, Std: 1.2116
------------------------------------------------------------------
Tortuosity Comparison:
 -- Sample 0: 5.2322%
 -- Sample 1: 6.2870%
 -- Sample 2: 14.1942%
 -- Sample 3: 12.2462%
 -- Sample 4: 13.6436%
 -- Sample 5: 12.6682%
 -- Sample 6: 4.2333%
 -- Sample 7: 6.3750%
 -- Sample 8: 7.0353%
 -- Sample 9: 7.5235%
 -- Sample 10: 0.6953%
 -- Sample 11: 6.1426%
 -- Sample 12: 8.5299%
 -- Sample 13: 6.3667%
 -- Sample 14: 7.3066%
 -- Sample 15: 10.9660%
 -- Sample 16: 12.5048%
 -- Sample 17: 9.4779%
 -- Sample 18: 12.1446%
 -- Sample 19: 13.6425%
 -- Sample 20: 7.0688%
 -- Sample 21: 10.6401%
 -- Sample 22: 4.2467%
 -- Sample 23: 5.3752%
 -- Sample 24: 5.6728%
 -- Sample 25: 3.5312%
 -- Sample 26: 11.5449%
 -- Sample 27: 8.0546%
 -- Sample 28: 11.6163%
 -- Sample 29: 8.6069%
 -- Sample 30: 21.1693%
 -- Sample 31: 12.5120%
 -- Sample 32: 16.8365%
 -- Sample 33: 8.1708%
 -- Sample 34: 9.6614%
 -- Sample 35: 3.2679%
 -- Sample 36: 5.9423%
 -- Sample 37: 10.6039%
 -- Sample 38: 18.7220%
 -- Sample 39: 17.3545%
 -- Sample 40: 18.4678%
 -- Sample 41: 14.9015%
 -- Sample 42: 14.4277%
 -- Sample 43: 12.5116%
 -- Sample 44: 13.7519%
 -- Sample 45: 16.2607%
 -- Sample 46: 14.6106%
 -- Sample 47: 17.6929%
 -- Sample 48: 18.5245%
 -- Sample 49: 16.3997%
Mean: 10.7073%, Std: 4.7804%
------------------------------------------------------------------
Evaluating Divergent:
 -- Sample 0: 68.4083%
 -- Sample 1: 69.4300%
 -- Sample 2: 60.5092%
 -- Sample 3: 58.0795%
 -- Sample 4: 59.8074%
 -- Sample 5: 59.0741%
 -- Sample 6: 66.0703%
 -- Sample 7: 66.7860%
 -- Sample 8: 66.1678%
 -- Sample 9: 67.5104%
 -- Sample 10: 65.2183%
 -- Sample 11: 66.7316%
 -- Sample 12: 65.5500%
 -- Sample 13: 67.1602%
 -- Sample 14: 61.4346%
 -- Sample 15: 62.2443%
 -- Sample 16: 61.8598%
 -- Sample 17: 61.0713%
 -- Sample 18: 64.6199%
 -- Sample 19: 65.7497%
 -- Sample 20: 64.0057%
 -- Sample 21: 65.5470%
 -- Sample 22: 62.2252%
 -- Sample 23: 60.1611%
 -- Sample 24: 61.1805%
 -- Sample 25: 60.0635%
 -- Sample 26: 63.6696%
 -- Sample 27: 64.7968%
 -- Sample 28: 63.2406%
 -- Sample 29: 64.6677%
 -- Sample 30: 65.2025%
 -- Sample 31: 65.3375%
 -- Sample 32: 64.4305%
 -- Sample 33: 64.1030%
 -- Sample 34: 64.9057%
 -- Sample 35: 66.5957%
 -- Sample 36: 65.7776%
 -- Sample 37: 66.7885%
 -- Sample 38: 62.1644%
 -- Sample 39: 63.1444%
 -- Sample 40: 62.0375%
 -- Sample 41: 62.1818%
 -- Sample 42: 64.1733%
 -- Sample 43: 64.3593%
 -- Sample 44: 64.5436%
 -- Sample 45: 65.4489%
 -- Sample 46: 64.7701%
 -- Sample 47: 66.2449%
 -- Sample 48: 65.3678%
 -- Sample 49: 66.1809%
Mean: 64.1360%, Std: 2.4789%
------------------------------------------------------------------
Processing Batch 3 (Size: 50)...
input shape:  torch.Size([50, 1, 120, 120, 120])
output shape:  torch.Size([50, 4, 120, 120, 120])
target shape:  torch.Size([50, 4, 120, 120, 120])
Bias Error: using velocity magnitude
Mean: 68.1858, Std: 87.2691
------------------------------------------------------------------
Magnitude Error: 
 -- Sample 0: mean=36.6328%; std=18.9695
 -- Sample 1: mean=38.5483%; std=20.0650
 -- Sample 2: mean=34.7032%; std=19.3986
 -- Sample 3: mean=36.9014%; std=20.5957
 -- Sample 4: mean=33.4659%; std=23.2711
 -- Sample 5: mean=31.6642%; std=22.7908
 -- Sample 6: mean=33.2519%; std=25.5709
 -- Sample 7: mean=31.9606%; std=21.4905
 -- Sample 8: mean=108.0245%; std=118.3706
 -- Sample 9: mean=98.2193%; std=109.0747
 -- Sample 10: mean=92.1026%; std=88.0023
 -- Sample 11: mean=103.1135%; std=110.9190
 -- Sample 12: mean=58.0250%; std=43.8307
 -- Sample 13: mean=49.7011%; std=41.7343
 -- Sample 14: mean=53.5156%; std=43.2949
 -- Sample 15: mean=45.6534%; std=35.6103
 -- Sample 16: mean=28.2304%; std=21.0775
 -- Sample 17: mean=29.6572%; std=22.1607
 -- Sample 18: mean=31.2767%; std=21.7328
 -- Sample 19: mean=38.3569%; std=24.5053
 -- Sample 20: mean=65.8637%; std=67.2707
 -- Sample 21: mean=65.3636%; std=64.6992
 -- Sample 22: mean=70.7786%; std=71.9696
 -- Sample 23: mean=80.9535%; std=78.0065
 -- Sample 24: mean=207.1527%; std=154.6335
 -- Sample 25: mean=234.8381%; std=151.5213
 -- Sample 26: mean=206.5399%; std=134.3975
 -- Sample 27: mean=176.4384%; std=138.6614
 -- Sample 28: mean=44.3461%; std=29.0305
 -- Sample 29: mean=41.6087%; std=27.3923
 -- Sample 30: mean=48.6289%; std=36.2412
 -- Sample 31: mean=41.0188%; std=29.7569
 -- Sample 32: mean=60.0903%; std=19.8718
 -- Sample 33: mean=55.4064%; std=19.7664
 -- Sample 34: mean=60.4814%; std=16.5834
 -- Sample 35: mean=57.7662%; std=20.6032
 -- Sample 36: mean=53.7373%; std=38.8013
 -- Sample 37: mean=50.6971%; std=35.1525
 -- Sample 38: mean=44.2296%; std=30.8116
 -- Sample 39: mean=44.3844%; std=32.3630
 -- Sample 40: mean=43.3146%; std=19.3852
 -- Sample 41: mean=44.7212%; std=19.6858
 -- Sample 42: mean=47.4487%; std=20.2706
 -- Sample 43: mean=45.1988%; std=17.8902
 -- Sample 44: mean=62.7933%; std=71.4910
 -- Sample 45: mean=69.1047%; std=84.9589
 -- Sample 46: mean=64.9745%; std=80.1915
 -- Sample 47: mean=75.2148%; std=82.2169
 -- Sample 48: mean=358.2446%; std=314.0348
 -- Sample 49: mean=346.3864%; std=294.7063
Mean: 77.6146%, Std: 72.3470%
------------------------------------------------------------------
Angular error:
 -- Sample 0: mean=43.0780º; std=38.2410
 -- Sample 1: mean=41.3113º; std=37.8285
 -- Sample 2: mean=42.7326º; std=38.4289
 -- Sample 3: mean=42.6175º; std=38.3458
 -- Sample 4: mean=50.1523º; std=39.7868
 -- Sample 5: mean=49.7722º; std=39.3492
 -- Sample 6: mean=51.3898º; std=41.4699
 -- Sample 7: mean=47.9113º; std=38.5874
 -- Sample 8: mean=40.1612º; std=35.2904
 -- Sample 9: mean=40.9305º; std=35.5319
 -- Sample 10: mean=40.5112º; std=36.4309
 -- Sample 11: mean=40.1045º; std=35.0571
 -- Sample 12: mean=52.2155º; std=38.1373
 -- Sample 13: mean=48.1999º; std=37.6741
 -- Sample 14: mean=51.7077º; std=37.8142
 -- Sample 15: mean=52.3457º; std=40.3747
 -- Sample 16: mean=33.9486º; std=29.9381
 -- Sample 17: mean=34.4439º; std=30.6817
 -- Sample 18: mean=34.9460º; std=29.3589
 -- Sample 19: mean=34.5908º; std=30.2039
 -- Sample 20: mean=51.3125º; std=43.7754
 -- Sample 21: mean=51.3281º; std=43.9285
 -- Sample 22: mean=47.5911º; std=40.3500
 -- Sample 23: mean=49.9327º; std=42.9961
 -- Sample 24: mean=57.4453º; std=44.8708
 -- Sample 25: mean=59.3452º; std=41.3635
 -- Sample 26: mean=58.0883º; std=44.8703
 -- Sample 27: mean=60.0169º; std=41.0176
 -- Sample 28: mean=47.6471º; std=37.6382
 -- Sample 29: mean=47.8262º; std=38.1771
 -- Sample 30: mean=48.1903º; std=38.0366
 -- Sample 31: mean=46.2431º; std=37.3352
 -- Sample 32: mean=46.3791º; std=37.1036
 -- Sample 33: mean=42.5295º; std=36.1790
 -- Sample 34: mean=46.2157º; std=37.0420
 -- Sample 35: mean=42.7671º; std=35.9078
 -- Sample 36: mean=50.2824º; std=40.0268
 -- Sample 37: mean=49.6200º; std=38.4918
 -- Sample 38: mean=49.1529º; std=38.7413
 -- Sample 39: mean=50.4808º; std=38.2884
 -- Sample 40: mean=42.2728º; std=37.0807
 -- Sample 41: mean=41.8012º; std=36.2011
 -- Sample 42: mean=42.3128º; std=35.3555
 -- Sample 43: mean=42.6335º; std=36.8548
 -- Sample 44: mean=40.3034º; std=34.5884
 -- Sample 45: mean=43.3604º; std=36.1037
 -- Sample 46: mean=40.3522º; std=35.7990
 -- Sample 47: mean=40.8735º; std=34.3931
 -- Sample 48: mean=44.5547º; std=40.4339
 -- Sample 49: mean=44.5927º; std=39.9411
Mean: 45.9704º, Std: 6.1129º
------------------------------------------------------------------
Correlation comparison:
 -- Sample 0: 0.8957
 -- Sample 1: 0.9135
 -- Sample 2: 0.9060
 -- Sample 3: 0.9266
 -- Sample 4: 0.9216
 -- Sample 5: 0.9207
 -- Sample 6: 0.9051
 -- Sample 7: 0.9396
 -- Sample 8: 0.6334
 -- Sample 9: 0.6110
 -- Sample 10: 0.6759
 -- Sample 11: 0.5832
 -- Sample 12: 0.7769
 -- Sample 13: 0.8259
 -- Sample 14: 0.8162
 -- Sample 15: 0.8349
 -- Sample 16: 0.9103
 -- Sample 17: 0.9105
 -- Sample 18: 0.9014
 -- Sample 19: 0.8640
 -- Sample 20: 0.8297
 -- Sample 21: 0.8590
 -- Sample 22: 0.8329
 -- Sample 23: 0.8210
 -- Sample 24: 0.6043
 -- Sample 25: 0.5917
 -- Sample 26: 0.6274
 -- Sample 27: 0.5704
 -- Sample 28: 0.8244
 -- Sample 29: 0.8129
 -- Sample 30: 0.7705
 -- Sample 31: 0.8633
 -- Sample 32: 0.8376
 -- Sample 33: 0.8774
 -- Sample 34: 0.8669
 -- Sample 35: 0.8470
 -- Sample 36: 0.7803
 -- Sample 37: 0.7966
 -- Sample 38: 0.8018
 -- Sample 39: 0.8094
 -- Sample 40: 0.9178
 -- Sample 41: 0.9226
 -- Sample 42: 0.9083
 -- Sample 43: 0.9343
 -- Sample 44: 0.6510
 -- Sample 45: 0.7280
 -- Sample 46: 0.6031
 -- Sample 47: 0.6467
 -- Sample 48: 0.6105
 -- Sample 49: 0.5779
Mean=0.7959, Std=0.1183
------------------------------------------------------------------
Flux Error:
 -- Sample 0: 0.5356
 -- Sample 1: 0.5940
 -- Sample 2: 0.5292
 -- Sample 3: 0.6276
 -- Sample 4: 0.8297
 -- Sample 5: 0.9076
 -- Sample 6: 0.9044
 -- Sample 7: 0.8197
 -- Sample 8: 1.5566
 -- Sample 9: 1.3731
 -- Sample 10: 1.4141
 -- Sample 11: 1.4820
 -- Sample 12: 0.7408
 -- Sample 13: 0.6698
 -- Sample 14: 0.7926
 -- Sample 15: 0.4521
 -- Sample 16: 0.4351
 -- Sample 17: 0.4422
 -- Sample 18: 0.4418
 -- Sample 19: 0.5000
 -- Sample 20: 1.3366
 -- Sample 21: 0.9914
 -- Sample 22: 1.4477
 -- Sample 23: 1.2098
 -- Sample 24: 2.3432
 -- Sample 25: 3.3268
 -- Sample 26: 2.4031
 -- Sample 27: 2.6263
 -- Sample 28: 0.6168
 -- Sample 29: 0.6782
 -- Sample 30: 0.7204
 -- Sample 31: 0.8127
 -- Sample 32: 0.5951
 -- Sample 33: 0.4985
 -- Sample 34: 0.5788
 -- Sample 35: 0.5398
 -- Sample 36: 0.8498
 -- Sample 37: 1.3252
 -- Sample 38: 0.7356
 -- Sample 39: 1.1033
 -- Sample 40: 0.7387
 -- Sample 41: 0.4098
 -- Sample 42: 0.6555
 -- Sample 43: 0.4276
 -- Sample 44: 1.5278
 -- Sample 45: 1.1046
 -- Sample 46: 1.5006
 -- Sample 47: 1.5677
 -- Sample 48: 4.3982
 -- Sample 49: 4.4740
Mean: 1.1518, Std: 0.9071
------------------------------------------------------------------
Tortuosity Comparison:
 -- Sample 0: 8.7494%
 -- Sample 1: 6.7024%
 -- Sample 2: 8.4411%
 -- Sample 3: 5.3447%
 -- Sample 4: 18.5345%
 -- Sample 5: 20.1212%
 -- Sample 6: 21.3148%
 -- Sample 7: 15.0450%
 -- Sample 8: 17.9947%
 -- Sample 9: 17.4657%
 -- Sample 10: 17.6048%
 -- Sample 11: 19.8433%
 -- Sample 12: 0.2266%
 -- Sample 13: 8.5182%
 -- Sample 14: 7.8781%
 -- Sample 15: 3.5014%
 -- Sample 16: 14.0515%
 -- Sample 17: 14.9145%
 -- Sample 18: 17.0502%
 -- Sample 19: 17.8411%
 -- Sample 20: 5.2569%
 -- Sample 21: 3.0372%
 -- Sample 22: 7.3637%
 -- Sample 23: 4.5251%
 -- Sample 24: 0.4636%
 -- Sample 25: 16.7160%
 -- Sample 26: 3.1985%
 -- Sample 27: 11.6337%
 -- Sample 28: 15.4391%
 -- Sample 29: 15.5530%
 -- Sample 30: 16.8099%
 -- Sample 31: 18.1839%
 -- Sample 32: 12.4463%
 -- Sample 33: 12.2048%
 -- Sample 34: 12.3957%
 -- Sample 35: 10.2641%
 -- Sample 36: 3.1862%
 -- Sample 37: 15.7276%
 -- Sample 38: 1.6916%
 -- Sample 39: 4.5238%
 -- Sample 40: 12.1423%
 -- Sample 41: 11.1002%
 -- Sample 42: 12.5380%
 -- Sample 43: 12.5435%
 -- Sample 44: 20.5289%
 -- Sample 45: 16.6224%
 -- Sample 46: 19.5960%
 -- Sample 47: 22.0865%
 -- Sample 48: 8.6878%
 -- Sample 49: 4.8412%
Mean: 11.8490%, Std: 6.1097%
------------------------------------------------------------------
Evaluating Divergent:
 -- Sample 0: 63.8400%
 -- Sample 1: 64.1573%
 -- Sample 2: 63.5794%
 -- Sample 3: 64.2101%
 -- Sample 4: 64.3608%
 -- Sample 5: 65.9397%
 -- Sample 6: 64.7128%
 -- Sample 7: 65.8170%
 -- Sample 8: 63.8216%
 -- Sample 9: 64.3781%
 -- Sample 10: 62.9868%
 -- Sample 11: 64.4302%
 -- Sample 12: 66.9459%
 -- Sample 13: 67.3327%
 -- Sample 14: 66.2834%
 -- Sample 15: 67.3700%
 -- Sample 16: 57.9876%
 -- Sample 17: 57.1609%
 -- Sample 18: 58.6783%
 -- Sample 19: 58.0492%
 -- Sample 20: 61.0635%
 -- Sample 21: 62.5075%
 -- Sample 22: 61.2178%
 -- Sample 23: 62.0055%
 -- Sample 24: 66.6904%
 -- Sample 25: 70.7938%
 -- Sample 26: 67.0367%
 -- Sample 27: 70.7818%
 -- Sample 28: 63.6819%
 -- Sample 29: 63.0699%
 -- Sample 30: 63.1765%
 -- Sample 31: 63.4607%
 -- Sample 32: 62.8252%
 -- Sample 33: 62.6013%
 -- Sample 34: 63.9168%
 -- Sample 35: 63.2902%
 -- Sample 36: 64.9262%
 -- Sample 37: 66.1497%
 -- Sample 38: 64.7551%
 -- Sample 39: 65.8260%
 -- Sample 40: 61.1614%
 -- Sample 41: 61.8488%
 -- Sample 42: 61.8907%
 -- Sample 43: 62.1384%
 -- Sample 44: 66.3968%
 -- Sample 45: 65.1092%
 -- Sample 46: 66.8989%
 -- Sample 47: 64.0244%
 -- Sample 48: 65.9747%
 -- Sample 49: 64.2796%
Mean: 64.0308%, Std: 2.7518%
------------------------------------------------------------------
Processing Batch 4 (Size: 50)...
input shape:  torch.Size([50, 1, 120, 120, 120])
output shape:  torch.Size([50, 4, 120, 120, 120])
target shape:  torch.Size([50, 4, 120, 120, 120])
Bias Error: using velocity magnitude
Mean: 90.3810, Std: 130.3111
------------------------------------------------------------------
Magnitude Error: 
 -- Sample 0: mean=307.2630%; std=318.9210
 -- Sample 1: mean=319.7663%; std=344.3664
 -- Sample 2: mean=547.3909%; std=619.0084
 -- Sample 3: mean=466.7257%; std=522.9390
 -- Sample 4: mean=512.1460%; std=640.8912
 -- Sample 5: mean=403.6490%; std=493.5491
 -- Sample 6: mean=34.8428%; std=23.5312
 -- Sample 7: mean=28.1635%; std=21.4401
 -- Sample 8: mean=34.7887%; std=21.8049
 -- Sample 9: mean=30.3222%; std=24.6639
 -- Sample 10: mean=64.1579%; std=61.7058
 -- Sample 11: mean=58.1700%; std=53.7024
 -- Sample 12: mean=40.5166%; std=34.7420
 -- Sample 13: mean=66.1390%; std=59.5773
 -- Sample 14: mean=114.2988%; std=189.6327
 -- Sample 15: mean=93.1347%; std=148.9966
 -- Sample 16: mean=72.1213%; std=85.2299
 -- Sample 17: mean=87.6404%; std=151.3302
 -- Sample 18: mean=58.8664%; std=41.2298
 -- Sample 19: mean=53.9921%; std=30.9280
 -- Sample 20: mean=52.3892%; std=34.2235
 -- Sample 21: mean=62.9585%; std=40.9827
 -- Sample 22: mean=26.0012%; std=16.9276
 -- Sample 23: mean=26.8435%; std=18.2019
 -- Sample 24: mean=27.4032%; std=19.5049
 -- Sample 25: mean=29.6092%; std=20.5677
 -- Sample 26: mean=182.3740%; std=228.1483
 -- Sample 27: mean=155.8975%; std=189.7734
 -- Sample 28: mean=170.2458%; std=171.0040
 -- Sample 29: mean=146.1870%; std=162.7964
 -- Sample 30: mean=45.9072%; std=27.5722
 -- Sample 31: mean=32.7230%; std=31.2201
 -- Sample 32: mean=45.3362%; std=28.8544
 -- Sample 33: mean=61.3425%; std=32.5179
 -- Sample 34: mean=36.6695%; std=26.3635
 -- Sample 35: mean=42.7675%; std=30.6774
 -- Sample 36: mean=36.6773%; std=28.9435
 -- Sample 37: mean=40.2021%; std=31.3047
 -- Sample 38: mean=50.5686%; std=32.1219
 -- Sample 39: mean=42.3370%; std=31.2859
 -- Sample 40: mean=51.4236%; std=38.1071
 -- Sample 41: mean=45.4228%; std=35.5651
 -- Sample 42: mean=92.5423%; std=87.4481
 -- Sample 43: mean=90.5017%; std=102.9631
 -- Sample 44: mean=101.1940%; std=108.7141
 -- Sample 45: mean=93.0237%; std=87.9511
 -- Sample 46: mean=34.1863%; std=21.3272
 -- Sample 47: mean=34.9013%; std=21.6039
 -- Sample 48: mean=36.8704%; std=21.2927
 -- Sample 49: mean=40.9358%; std=21.8578
Mean: 106.5907%, Std: 127.5023%
------------------------------------------------------------------
Angular error:
 -- Sample 0: mean=44.4605º; std=40.4901
 -- Sample 1: mean=41.6617º; std=38.3353
 -- Sample 2: mean=57.6184º; std=41.5350
 -- Sample 3: mean=54.7804º; std=41.2474
 -- Sample 4: mean=56.0184º; std=40.5533
 -- Sample 5: mean=58.3860º; std=42.1610
 -- Sample 6: mean=41.8775º; std=34.7331
 -- Sample 7: mean=40.4861º; std=33.6296
 -- Sample 8: mean=42.5075º; std=35.5271
 -- Sample 9: mean=41.2012º; std=34.8553
 -- Sample 10: mean=46.8011º; std=40.0098
 -- Sample 11: mean=46.3102º; std=37.6692
 -- Sample 12: mean=45.5174º; std=37.9543
 -- Sample 13: mean=46.0328º; std=36.8765
 -- Sample 14: mean=53.2537º; std=41.7277
 -- Sample 15: mean=53.3753º; std=40.3320
 -- Sample 16: mean=54.9337º; std=43.2042
 -- Sample 17: mean=56.8020º; std=41.4324
 -- Sample 18: mean=49.5068º; std=37.5239
 -- Sample 19: mean=47.6258º; std=37.1124
 -- Sample 20: mean=51.9706º; std=38.8936
 -- Sample 21: mean=48.3793º; std=36.6924
 -- Sample 22: mean=42.7647º; std=39.6783
 -- Sample 23: mean=42.6909º; std=38.8240
 -- Sample 24: mean=42.2713º; std=38.0496
 -- Sample 25: mean=41.9493º; std=38.1956
 -- Sample 26: mean=47.0668º; std=38.3055
 -- Sample 27: mean=49.0569º; std=36.5889
 -- Sample 28: mean=47.8477º; std=38.5005
 -- Sample 29: mean=48.7809º; std=36.6354
 -- Sample 30: mean=37.2876º; std=35.5207
 -- Sample 31: mean=38.1516º; std=34.7209
 -- Sample 32: mean=38.9462º; std=37.4154
 -- Sample 33: mean=39.7362º; std=35.8278
 -- Sample 34: mean=47.2840º; std=35.6615
 -- Sample 35: mean=49.0571º; std=35.4416
 -- Sample 36: mean=51.2787º; std=38.3005
 -- Sample 37: mean=47.5398º; std=35.4071
 -- Sample 38: mean=53.1931º; std=41.3773
 -- Sample 39: mean=57.5820º; std=43.0013
 -- Sample 40: mean=53.9611º; std=41.8871
 -- Sample 41: mean=53.2733º; std=40.2150
 -- Sample 42: mean=37.5823º; std=34.5362
 -- Sample 43: mean=37.2329º; std=33.7952
 -- Sample 44: mean=38.2063º; std=34.1594
 -- Sample 45: mean=37.1493º; std=33.6904
 -- Sample 46: mean=47.1214º; std=38.1434
 -- Sample 47: mean=51.1454º; std=39.7819
 -- Sample 48: mean=49.4382º; std=40.0088
 -- Sample 49: mean=48.8205º; std=37.4991
Mean: 47.1184º, Std: 6.0752º
------------------------------------------------------------------
Correlation comparison:
 -- Sample 0: 0.5856
 -- Sample 1: 0.5642
 -- Sample 2: 0.2678
 -- Sample 3: 0.2138
 -- Sample 4: 0.2336
 -- Sample 5: 0.2081
 -- Sample 6: 0.8815
 -- Sample 7: 0.9098
 -- Sample 8: 0.8857
 -- Sample 9: 0.8902
 -- Sample 10: 0.8021
 -- Sample 11: 0.7747
 -- Sample 12: 0.8365
 -- Sample 13: 0.8260
 -- Sample 14: 0.5334
 -- Sample 15: 0.6594
 -- Sample 16: 0.6845
 -- Sample 17: 0.6759
 -- Sample 18: 0.7468
 -- Sample 19: 0.7422
 -- Sample 20: 0.7746
 -- Sample 21: 0.7069
 -- Sample 22: 0.9267
 -- Sample 23: 0.9383
 -- Sample 24: 0.9472
 -- Sample 25: 0.9301
 -- Sample 26: 0.5980
 -- Sample 27: 0.5763
 -- Sample 28: 0.7047
 -- Sample 29: 0.6577
 -- Sample 30: 0.9425
 -- Sample 31: 0.9186
 -- Sample 32: 0.9439
 -- Sample 33: 0.9534
 -- Sample 34: 0.8354
 -- Sample 35: 0.7956
 -- Sample 36: 0.8345
 -- Sample 37: 0.7977
 -- Sample 38: 0.7584
 -- Sample 39: 0.8036
 -- Sample 40: 0.7368
 -- Sample 41: 0.7474
 -- Sample 42: 0.7379
 -- Sample 43: 0.5873
 -- Sample 44: 0.7071
 -- Sample 45: 0.6439
 -- Sample 46: 0.8909
 -- Sample 47: 0.9214
 -- Sample 48: 0.9136
 -- Sample 49: 0.9239
Mean=0.7415, Std=0.1906
------------------------------------------------------------------
Flux Error:
 -- Sample 0: 3.8743
 -- Sample 1: 4.2678
 -- Sample 2: 7.0380
 -- Sample 3: 5.9754
 -- Sample 4: 7.5504
 -- Sample 5: 5.6655
 -- Sample 6: 0.9147
 -- Sample 7: 0.9174
 -- Sample 8: 0.8777
 -- Sample 9: 0.9316
 -- Sample 10: 1.1799
 -- Sample 11: 1.0186
 -- Sample 12: 0.7706
 -- Sample 13: 1.1757
 -- Sample 14: 1.5050
 -- Sample 15: 0.9316
 -- Sample 16: 1.1245
 -- Sample 17: 0.8539
 -- Sample 18: 0.6850
 -- Sample 19: 0.9212
 -- Sample 20: 0.6442
 -- Sample 21: 1.0283
 -- Sample 22: 0.8858
 -- Sample 23: 1.0999
 -- Sample 24: 0.8787
 -- Sample 25: 1.0375
 -- Sample 26: 2.7440
 -- Sample 27: 2.0702
 -- Sample 28: 2.6003
 -- Sample 29: 2.0268
 -- Sample 30: 1.3352
 -- Sample 31: 1.2395
 -- Sample 32: 1.2853
 -- Sample 33: 1.5493
 -- Sample 34: 0.5850
 -- Sample 35: 0.6365
 -- Sample 36: 0.6484
 -- Sample 37: 0.6550
 -- Sample 38: 0.8031
 -- Sample 39: 0.5884
 -- Sample 40: 0.7469
 -- Sample 41: 0.5687
 -- Sample 42: 1.1591
 -- Sample 43: 1.1280
 -- Sample 44: 1.2816
 -- Sample 45: 1.2850
 -- Sample 46: 0.5744
 -- Sample 47: 0.5527
 -- Sample 48: 0.4706
 -- Sample 49: 0.5165
Mean: 1.6161, Std: 1.6554
------------------------------------------------------------------
Tortuosity Comparison:
 -- Sample 0: 7.1432%
 -- Sample 1: 5.4067%
 -- Sample 2: 26.4810%
 -- Sample 3: 23.1567%
 -- Sample 4: 29.3001%
 -- Sample 5: 23.0005%
 -- Sample 6: 14.9006%
 -- Sample 7: 9.7728%
 -- Sample 8: 13.1642%
 -- Sample 9: 9.9223%
 -- Sample 10: 6.7514%
 -- Sample 11: 8.4966%
 -- Sample 12: 0.1278%
 -- Sample 13: 6.9842%
 -- Sample 14: 18.7040%
 -- Sample 15: 10.4283%
 -- Sample 16: 12.7334%
 -- Sample 17: 10.2759%
 -- Sample 18: 12.0155%
 -- Sample 19: 8.3391%
 -- Sample 20: 14.1653%
 -- Sample 21: 14.7258%
 -- Sample 22: 9.9966%
 -- Sample 23: 10.1638%
 -- Sample 24: 9.4065%
 -- Sample 25: 9.1932%
 -- Sample 26: 20.0229%
 -- Sample 27: 20.8098%
 -- Sample 28: 18.4219%
 -- Sample 29: 21.0797%
 -- Sample 30: 6.5091%
 -- Sample 31: 4.5325%
 -- Sample 32: 4.5302%
 -- Sample 33: 6.8366%
 -- Sample 34: 17.8429%
 -- Sample 35: 22.4227%
 -- Sample 36: 20.9195%
 -- Sample 37: 18.8007%
 -- Sample 38: 12.8669%
 -- Sample 39: 15.8428%
 -- Sample 40: 15.1614%
 -- Sample 41: 16.6138%
 -- Sample 42: 7.9915%
 -- Sample 43: 11.4384%
 -- Sample 44: 9.6757%
 -- Sample 45: 14.1209%
 -- Sample 46: 17.3658%
 -- Sample 47: 15.6684%
 -- Sample 48: 10.5677%
 -- Sample 49: 14.2446%
Mean: 13.3808%, Std: 6.1231%
------------------------------------------------------------------
Evaluating Divergent:
 -- Sample 0: 65.3797%
 -- Sample 1: 63.9261%
 -- Sample 2: 69.2134%
 -- Sample 3: 69.8878%
 -- Sample 4: 69.2360%
 -- Sample 5: 70.1259%
 -- Sample 6: 60.9613%
 -- Sample 7: 62.5049%
 -- Sample 8: 61.4010%
 -- Sample 9: 62.3855%
 -- Sample 10: 63.7844%
 -- Sample 11: 64.9109%
 -- Sample 12: 64.3086%
 -- Sample 13: 64.8313%
 -- Sample 14: 68.8633%
 -- Sample 15: 68.6685%
 -- Sample 16: 68.8256%
 -- Sample 17: 68.7569%
 -- Sample 18: 65.9599%
 -- Sample 19: 64.6094%
 -- Sample 20: 66.9402%
 -- Sample 21: 64.9609%
 -- Sample 22: 61.9809%
 -- Sample 23: 62.1958%
 -- Sample 24: 62.8664%
 -- Sample 25: 62.2087%
 -- Sample 26: 67.3232%
 -- Sample 27: 68.2811%
 -- Sample 28: 67.0325%
 -- Sample 29: 68.1455%
 -- Sample 30: 63.6619%
 -- Sample 31: 63.9826%
 -- Sample 32: 63.6379%
 -- Sample 33: 65.0213%
 -- Sample 34: 65.5747%
 -- Sample 35: 66.6553%
 -- Sample 36: 65.0543%
 -- Sample 37: 66.1996%
 -- Sample 38: 66.5365%
 -- Sample 39: 67.0083%
 -- Sample 40: 66.2811%
 -- Sample 41: 66.9290%
 -- Sample 42: 58.5782%
 -- Sample 43: 60.0265%
 -- Sample 44: 59.3663%
 -- Sample 45: 60.1592%
 -- Sample 46: 65.2989%
 -- Sample 47: 65.1290%
 -- Sample 48: 64.9145%
 -- Sample 49: 65.4931%
Mean: 65.1197%, Std: 2.8096%
------------------------------------------------------------------
Processing Batch 5 (Size: 48)...
input shape:  torch.Size([48, 1, 120, 120, 120])
output shape:  torch.Size([48, 4, 120, 120, 120])
target shape:  torch.Size([48, 4, 120, 120, 120])
Bias Error: using velocity magnitude
Mean: 493.5745, Std: 1562.0307
------------------------------------------------------------------
Magnitude Error: 
 -- Sample 0: mean=34.2484%; std=25.4031
 -- Sample 1: mean=26.0137%; std=23.5488
 -- Sample 2: mean=36.3745%; std=25.9356
 -- Sample 3: mean=32.4970%; std=24.1772
 -- Sample 4: mean=32.8469%; std=32.1450
 -- Sample 5: mean=37.1953%; std=36.9356
 -- Sample 6: mean=32.0402%; std=41.2232
 -- Sample 7: mean=30.4693%; std=27.9217
 -- Sample 8: mean=64.7788%; std=71.6611
 -- Sample 9: mean=73.3133%; std=95.2176
 -- Sample 10: mean=77.5556%; std=95.7381
 -- Sample 11: mean=67.6952%; std=83.3603
 -- Sample 12: mean=37.0527%; std=24.1120
 -- Sample 13: mean=45.2131%; std=22.1645
 -- Sample 14: mean=48.0773%; std=27.1433
 -- Sample 15: mean=34.9613%; std=22.0540
 -- Sample 16: mean=35.4379%; std=21.2028
 -- Sample 17: mean=30.0422%; std=19.0154
 -- Sample 18: mean=32.5769%; std=18.9863
 -- Sample 19: mean=30.3171%; std=19.5874
 -- Sample 20: mean=51.3717%; std=35.7537
 -- Sample 21: mean=45.2712%; std=44.9589
 -- Sample 22: mean=41.4141%; std=32.7199
 -- Sample 23: mean=51.6317%; std=45.0681
 -- Sample 24: mean=28.4636%; std=22.9821
 -- Sample 25: mean=31.5250%; std=20.5767
 -- Sample 26: mean=26.6309%; std=23.3152
 -- Sample 27: mean=35.6795%; std=22.8824
 -- Sample 28: mean=41.2896%; std=31.6805
 -- Sample 29: mean=38.4136%; std=28.3652
 -- Sample 30: mean=44.2307%; std=31.9236
 -- Sample 31: mean=40.6612%; std=30.5953
 -- Sample 32: mean=43.6815%; std=26.3879
 -- Sample 33: mean=44.6722%; std=26.3810
 -- Sample 34: mean=45.7632%; std=21.8886
 -- Sample 35: mean=48.2835%; std=30.8052
 -- Sample 36: mean=47.0648%; std=31.9804
 -- Sample 37: mean=35.8897%; std=23.9570
 -- Sample 38: mean=37.2914%; std=29.8695
 -- Sample 39: mean=40.4153%; std=22.4573
 -- Sample 40: mean=25.5570%; std=14.4418
 -- Sample 41: mean=28.0327%; std=16.4112
 -- Sample 42: mean=24.8005%; std=16.1557
 -- Sample 43: mean=24.0501%; std=16.7378
 -- Sample 44: mean=2943.2510%; std=3002.5706
 -- Sample 45: mean=2951.9114%; std=2726.0168
 -- Sample 46: mean=2704.0330%; std=2485.5596
 -- Sample 47: mean=3699.0896%; std=3394.5691
Mean: 292.8974%, Std: 845.7090%
------------------------------------------------------------------
Angular error:
 -- Sample 0: mean=45.2243º; std=37.2468
 -- Sample 1: mean=42.9593º; std=36.2336
 -- Sample 2: mean=44.5425º; std=36.5219
 -- Sample 3: mean=43.5262º; std=36.7656
 -- Sample 4: mean=48.6578º; std=39.5676
 -- Sample 5: mean=55.0339º; std=41.7548
 -- Sample 6: mean=50.5549º; std=39.9767
 -- Sample 7: mean=53.6285º; std=40.1699
 -- Sample 8: mean=60.6865º; std=48.1358
 -- Sample 9: mean=65.0589º; std=44.7611
 -- Sample 10: mean=53.2512º; std=41.5990
 -- Sample 11: mean=59.0389º; std=41.7248
 -- Sample 12: mean=38.5328º; std=35.8121
 -- Sample 13: mean=37.8017º; std=38.1288
 -- Sample 14: mean=38.1622º; std=35.3102
 -- Sample 15: mean=36.6304º; std=37.3215
 -- Sample 16: mean=47.5129º; std=39.6433
 -- Sample 17: mean=43.3343º; std=38.1582
 -- Sample 18: mean=44.8292º; std=38.1979
 -- Sample 19: mean=45.2789º; std=39.3354
 -- Sample 20: mean=54.8069º; std=43.5745
 -- Sample 21: mean=56.0872º; std=43.5332
 -- Sample 22: mean=54.4101º; std=42.7490
 -- Sample 23: mean=53.5328º; std=42.8102
 -- Sample 24: mean=53.3483º; std=43.4309
 -- Sample 25: mean=52.9842º; std=41.8374
 -- Sample 26: mean=50.1390º; std=41.3668
 -- Sample 27: mean=56.2411º; std=43.2610
 -- Sample 28: mean=49.0327º; std=38.3164
 -- Sample 29: mean=52.8394º; std=38.9764
 -- Sample 30: mean=52.8925º; std=40.8135
 -- Sample 31: mean=52.9782º; std=39.6397
 -- Sample 32: mean=42.5278º; std=37.5288
 -- Sample 33: mean=45.7810º; std=36.9790
 -- Sample 34: mean=42.3936º; std=36.3025
 -- Sample 35: mean=46.2159º; std=37.0030
 -- Sample 36: mean=43.2750º; std=39.5500
 -- Sample 37: mean=43.6551º; std=40.0957
 -- Sample 38: mean=42.8624º; std=38.7379
 -- Sample 39: mean=42.6412º; std=39.0173
 -- Sample 40: mean=39.9093º; std=39.0395
 -- Sample 41: mean=41.0620º; std=40.5270
 -- Sample 42: mean=39.4403º; std=38.7196
 -- Sample 43: mean=38.7016º; std=38.2461
 -- Sample 44: mean=70.8057º; std=46.3006
 -- Sample 45: mean=63.0465º; std=46.6882
 -- Sample 46: mean=67.8398º; std=45.9377
 -- Sample 47: mean=62.4985º; std=48.0717
Mean: 49.2957º, Std: 8.2981º
------------------------------------------------------------------
Correlation comparison:
 -- Sample 0: 0.9399
 -- Sample 1: 0.9663
 -- Sample 2: 0.9412
 -- Sample 3: 0.9206
 -- Sample 4: 0.9026
 -- Sample 5: 0.9170
 -- Sample 6: 0.9182
 -- Sample 7: 0.9161
 -- Sample 8: 0.9119
 -- Sample 9: 0.7983
 -- Sample 10: 0.8571
 -- Sample 11: 0.8422
 -- Sample 12: 0.8572
 -- Sample 13: 0.8298
 -- Sample 14: 0.8484
 -- Sample 15: 0.8695
 -- Sample 16: 0.9297
 -- Sample 17: 0.9586
 -- Sample 18: 0.9497
 -- Sample 19: 0.9424
 -- Sample 20: 0.8450
 -- Sample 21: 0.8372
 -- Sample 22: 0.8530
 -- Sample 23: 0.8099
 -- Sample 24: 0.9295
 -- Sample 25: 0.9069
 -- Sample 26: 0.9425
 -- Sample 27: 0.9204
 -- Sample 28: 0.8562
 -- Sample 29: 0.8298
 -- Sample 30: 0.8512
 -- Sample 31: 0.8248
 -- Sample 32: 0.6917
 -- Sample 33: 0.7456
 -- Sample 34: 0.7245
 -- Sample 35: 0.6748
 -- Sample 36: 0.8623
 -- Sample 37: 0.8944
 -- Sample 38: 0.8659
 -- Sample 39: 0.8498
 -- Sample 40: 0.9803
 -- Sample 41: 0.9764
 -- Sample 42: 0.9808
 -- Sample 43: 0.9779
 -- Sample 44: 0.0693
 -- Sample 45: 0.0664
 -- Sample 46: 0.0585
 -- Sample 47: 0.0866
Mean=0.8110, Std=0.2342
------------------------------------------------------------------
Flux Error:
 -- Sample 0: 0.8101
 -- Sample 1: 1.0163
 -- Sample 2: 0.7666
 -- Sample 3: 0.9118
 -- Sample 4: 0.9563
 -- Sample 5: 1.1755
 -- Sample 6: 1.0282
 -- Sample 7: 0.9816
 -- Sample 8: 1.1691
 -- Sample 9: 1.5407
 -- Sample 10: 1.0062
 -- Sample 11: 1.5302
 -- Sample 12: 0.9246
 -- Sample 13: 1.1677
 -- Sample 14: 1.0940
 -- Sample 15: 1.0721
 -- Sample 16: 0.6139
 -- Sample 17: 0.7659
 -- Sample 18: 0.6589
 -- Sample 19: 0.7925
 -- Sample 20: 0.8300
 -- Sample 21: 0.9804
 -- Sample 22: 0.7436
 -- Sample 23: 1.1066
 -- Sample 24: 0.8519
 -- Sample 25: 1.0815
 -- Sample 26: 0.8641
 -- Sample 27: 1.1403
 -- Sample 28: 0.6457
 -- Sample 29: 0.5850
 -- Sample 30: 0.5699
 -- Sample 31: 0.6644
 -- Sample 32: 0.7107
 -- Sample 33: 0.6020
 -- Sample 34: 0.8022
 -- Sample 35: 0.7779
 -- Sample 36: 1.0658
 -- Sample 37: 0.7632
 -- Sample 38: 0.9122
 -- Sample 39: 0.6527
 -- Sample 40: 1.1098
 -- Sample 41: 0.8919
 -- Sample 42: 1.1581
 -- Sample 43: 0.9144
 -- Sample 44: 60.7185
 -- Sample 45: 72.1595
 -- Sample 46: 56.9616
 -- Sample 47: 70.0967
Mean: 6.2571, Std: 17.8021
------------------------------------------------------------------
Tortuosity Comparison:
 -- Sample 0: 11.6539%
 -- Sample 1: 10.5892%
 -- Sample 2: 8.8285%
 -- Sample 3: 6.3879%
 -- Sample 4: 10.4163%
 -- Sample 5: 14.2052%
 -- Sample 6: 10.9699%
 -- Sample 7: 11.2959%
 -- Sample 8: 0.6968%
 -- Sample 9: 8.0084%
 -- Sample 10: 5.7708%
 -- Sample 11: 12.4312%
 -- Sample 12: 13.5937%
 -- Sample 13: 10.2003%
 -- Sample 14: 15.0545%
 -- Sample 15: 11.3772%
 -- Sample 16: 5.6283%
 -- Sample 17: 3.6952%
 -- Sample 18: 5.6647%
 -- Sample 19: 5.5969%
 -- Sample 20: 8.0429%
 -- Sample 21: 9.0254%
 -- Sample 22: 7.8745%
 -- Sample 23: 4.5707%
 -- Sample 24: 3.1522%
 -- Sample 25: 9.7771%
 -- Sample 26: 7.8523%
 -- Sample 27: 6.3982%
 -- Sample 28: 16.2670%
 -- Sample 29: 10.5061%
 -- Sample 30: 13.1672%
 -- Sample 31: 15.5293%
 -- Sample 32: 22.3760%
 -- Sample 33: 22.4662%
 -- Sample 34: 24.9489%
 -- Sample 35: 24.8659%
 -- Sample 36: 6.9808%
 -- Sample 37: 3.7626%
 -- Sample 38: 6.3844%
 -- Sample 39: 2.1586%
 -- Sample 40: 5.3500%
 -- Sample 41: 5.1308%
 -- Sample 42: 5.2473%
 -- Sample 43: 5.8442%
 -- Sample 44: 6.8822%
 -- Sample 45: 18.6911%
 -- Sample 46: 4.4873%
 -- Sample 47: 17.4887%
Mean: 9.9436%, Std: 5.7835%
------------------------------------------------------------------
Evaluating Divergent:
 -- Sample 0: 63.8137%
 -- Sample 1: 63.7327%
 -- Sample 2: 63.3561%
 -- Sample 3: 63.8995%
 -- Sample 4: 63.9200%
 -- Sample 5: 66.9685%
 -- Sample 6: 64.0579%
 -- Sample 7: 66.5817%
 -- Sample 8: 66.6403%
 -- Sample 9: 67.9003%
 -- Sample 10: 67.0553%
 -- Sample 11: 67.5758%
 -- Sample 12: 63.2204%
 -- Sample 13: 60.5455%
 -- Sample 14: 63.6339%
 -- Sample 15: 60.2173%
 -- Sample 16: 63.1362%
 -- Sample 17: 62.4754%
 -- Sample 18: 63.3090%
 -- Sample 19: 62.9303%
 -- Sample 20: 65.6080%
 -- Sample 21: 67.1629%
 -- Sample 22: 65.3317%
 -- Sample 23: 66.9991%
 -- Sample 24: 66.0079%
 -- Sample 25: 68.1144%
 -- Sample 26: 65.7724%
 -- Sample 27: 68.2297%
 -- Sample 28: 64.4857%
 -- Sample 29: 65.2592%
 -- Sample 30: 64.8726%
 -- Sample 31: 66.0227%
 -- Sample 32: 61.1314%
 -- Sample 33: 63.5858%
 -- Sample 34: 61.2927%
 -- Sample 35: 63.2583%
 -- Sample 36: 60.8380%
 -- Sample 37: 59.9482%
 -- Sample 38: 60.8302%
 -- Sample 39: 60.5019%
 -- Sample 40: 62.1334%
 -- Sample 41: 62.9482%
 -- Sample 42: 62.5150%
 -- Sample 43: 62.8802%
 -- Sample 44: 69.4458%
 -- Sample 45: 70.4819%
 -- Sample 46: 68.6299%
 -- Sample 47: 70.1395%
Mean: 64.5708%, Std: 2.7088%
------------------------------------------------------------------

-----------------------------------------------------


========================================================================================================================



  Berea  results:


Loading data...
Testing model:   Ko et. al (Etapas 3)
Processing Batch 1 (Size: 50)...
input shape:  torch.Size([50, 1, 120, 120, 120])
output shape:  torch.Size([50, 4, 120, 120, 120])
target shape:  torch.Size([50, 4, 120, 120, 120])
Bias Error: using velocity magnitude
Mean: 41.5135, Std: 32.2888
------------------------------------------------------------------
Magnitude Error: 
 -- Sample 0: mean=125.1277%; std=120.9476
 -- Sample 1: mean=103.6362%; std=108.7582
 -- Sample 2: mean=113.1066%; std=105.4001
 -- Sample 3: mean=131.3069%; std=142.1117
 -- Sample 4: mean=48.6410%; std=40.8615
 -- Sample 5: mean=60.1121%; std=75.8753
 -- Sample 6: mean=70.6223%; std=92.6189
 -- Sample 7: mean=50.5975%; std=44.0321
 -- Sample 8: mean=118.6083%; std=131.1921
 -- Sample 9: mean=111.0678%; std=116.2825
 -- Sample 10: mean=116.9977%; std=121.2760
 -- Sample 11: mean=132.5367%; std=132.2057
 -- Sample 12: mean=36.6655%; std=30.9838
 -- Sample 13: mean=37.8035%; std=32.2073
 -- Sample 14: mean=40.3374%; std=34.3986
 -- Sample 15: mean=45.5182%; std=33.8612
 -- Sample 16: mean=33.5251%; std=21.7929
 -- Sample 17: mean=36.3892%; std=20.4629
 -- Sample 18: mean=34.7297%; std=21.3156
 -- Sample 19: mean=36.5106%; std=20.4532
 -- Sample 20: mean=56.2418%; std=46.7785
 -- Sample 21: mean=45.8183%; std=36.8490
 -- Sample 22: mean=41.9933%; std=30.0005
 -- Sample 23: mean=37.1968%; std=26.2896
 -- Sample 24: mean=31.5785%; std=24.0759
 -- Sample 25: mean=30.3824%; std=21.5003
 -- Sample 26: mean=26.0959%; std=22.3460
 -- Sample 27: mean=26.6712%; std=21.8023
 -- Sample 28: mean=32.3100%; std=22.1098
 -- Sample 29: mean=34.3092%; std=19.4277
 -- Sample 30: mean=31.5322%; std=20.1808
 -- Sample 31: mean=30.7651%; std=18.6945
 -- Sample 32: mean=51.5757%; std=38.1519
 -- Sample 33: mean=55.9817%; std=41.5017
 -- Sample 34: mean=49.7988%; std=37.6963
 -- Sample 35: mean=58.7152%; std=47.3620
 -- Sample 36: mean=148.1959%; std=169.4415
 -- Sample 37: mean=104.5250%; std=130.6687
 -- Sample 38: mean=113.1233%; std=131.2973
 -- Sample 39: mean=122.9923%; std=133.7304
 -- Sample 40: mean=44.2876%; std=19.1127
 -- Sample 41: mean=49.9251%; std=20.9107
 -- Sample 42: mean=45.2139%; std=18.4136
 -- Sample 43: mean=50.7392%; std=21.2792
 -- Sample 44: mean=25.5283%; std=20.6923
 -- Sample 45: mean=31.1781%; std=22.7158
 -- Sample 46: mean=27.3117%; std=18.8390
 -- Sample 47: mean=26.8486%; std=22.1312
 -- Sample 48: mean=41.4658%; std=21.7984
 -- Sample 49: mean=44.4005%; std=22.9635
Mean: 60.0108%, Std: 35.5762%
------------------------------------------------------------------
Angular error:
 -- Sample 0: mean=45.5592º; std=37.2759
 -- Sample 1: mean=45.0186º; std=39.4921
 -- Sample 2: mean=46.3423º; std=37.4278
 -- Sample 3: mean=43.5997º; std=37.5707
 -- Sample 4: mean=42.5777º; std=36.6920
 -- Sample 5: mean=44.5582º; std=36.8667
 -- Sample 6: mean=43.9663º; std=37.2085
 -- Sample 7: mean=42.3629º; std=35.2113
 -- Sample 8: mean=45.2303º; std=38.9694
 -- Sample 9: mean=44.9731º; std=41.4833
 -- Sample 10: mean=48.7743º; std=42.1064
 -- Sample 11: mean=45.5671º; std=41.2300
 -- Sample 12: mean=47.3710º; std=37.5579
 -- Sample 13: mean=50.2385º; std=37.1792
 -- Sample 14: mean=49.4107º; std=38.2332
 -- Sample 15: mean=48.9037º; std=36.3753
 -- Sample 16: mean=34.1926º; std=32.6856
 -- Sample 17: mean=32.3434º; std=32.8065
 -- Sample 18: mean=35.4382º; std=33.1932
 -- Sample 19: mean=31.5903º; std=32.3737
 -- Sample 20: mean=55.3261º; std=42.5521
 -- Sample 21: mean=51.9710º; std=41.8107
 -- Sample 22: mean=50.9427º; std=40.5500
 -- Sample 23: mean=51.8580º; std=41.5988
 -- Sample 24: mean=35.7195º; std=33.1889
 -- Sample 25: mean=34.6077º; std=33.2720
 -- Sample 26: mean=37.0827º; std=34.5411
 -- Sample 27: mean=35.5057º; std=33.4130
 -- Sample 28: mean=36.6397º; std=33.2844
 -- Sample 29: mean=33.6347º; std=33.3084
 -- Sample 30: mean=36.9940º; std=33.6484
 -- Sample 31: mean=34.9331º; std=34.2363
 -- Sample 32: mean=56.2338º; std=37.2746
 -- Sample 33: mean=59.0319º; std=40.5213
 -- Sample 34: mean=61.9649º; std=40.2181
 -- Sample 35: mean=55.7763º; std=38.9846
 -- Sample 36: mean=43.0242º; std=39.2444
 -- Sample 37: mean=45.2975º; std=38.1610
 -- Sample 38: mean=44.4963º; std=39.7991
 -- Sample 39: mean=47.1691º; std=40.1656
 -- Sample 40: mean=41.7835º; std=36.0969
 -- Sample 41: mean=44.0403º; std=36.6567
 -- Sample 42: mean=43.2715º; std=37.1048
 -- Sample 43: mean=45.0665º; std=37.7326
 -- Sample 44: mean=43.1036º; std=35.2956
 -- Sample 45: mean=43.7555º; std=36.8220
 -- Sample 46: mean=42.4695º; std=34.9952
 -- Sample 47: mean=41.1499º; std=35.0689
 -- Sample 48: mean=43.5697º; std=38.8389
 -- Sample 49: mean=45.0545º; std=38.7791
Mean: 44.1898º, Std: 6.8464º
------------------------------------------------------------------
Correlation comparison:
 -- Sample 0: 0.5044
 -- Sample 1: 0.6713
 -- Sample 2: 0.5565
 -- Sample 3: 0.5720
 -- Sample 4: 0.8549
 -- Sample 5: 0.7902
 -- Sample 6: 0.7276
 -- Sample 7: 0.8330
 -- Sample 8: 0.7204
 -- Sample 9: 0.7900
 -- Sample 10: 0.7101
 -- Sample 11: 0.7189
 -- Sample 12: 0.8999
 -- Sample 13: 0.9146
 -- Sample 14: 0.8664
 -- Sample 15: 0.8901
 -- Sample 16: 0.9004
 -- Sample 17: 0.8890
 -- Sample 18: 0.8954
 -- Sample 19: 0.8704
 -- Sample 20: 0.7656
 -- Sample 21: 0.7801
 -- Sample 22: 0.8247
 -- Sample 23: 0.8071
 -- Sample 24: 0.9225
 -- Sample 25: 0.9259
 -- Sample 26: 0.9354
 -- Sample 27: 0.9457
 -- Sample 28: 0.8831
 -- Sample 29: 0.8659
 -- Sample 30: 0.8760
 -- Sample 31: 0.8909
 -- Sample 32: 0.7887
 -- Sample 33: 0.7946
 -- Sample 34: 0.7847
 -- Sample 35: 0.8060
 -- Sample 36: 0.5967
 -- Sample 37: 0.6045
 -- Sample 38: 0.6095
 -- Sample 39: 0.5888
 -- Sample 40: 0.9146
 -- Sample 41: 0.8972
 -- Sample 42: 0.9277
 -- Sample 43: 0.8799
 -- Sample 44: 0.9382
 -- Sample 45: 0.9277
 -- Sample 46: 0.9465
 -- Sample 47: 0.9367
 -- Sample 48: 0.8899
 -- Sample 49: 0.8667
Mean=0.8139, Std=0.1180
------------------------------------------------------------------
Flux Error:
 -- Sample 0: 1.6796
 -- Sample 1: 1.3730
 -- Sample 2: 1.4820
 -- Sample 3: 1.6299
 -- Sample 4: 0.8664
 -- Sample 5: 0.9139
 -- Sample 6: 1.0299
 -- Sample 7: 0.8592
 -- Sample 8: 1.7046
 -- Sample 9: 1.5046
 -- Sample 10: 1.7474
 -- Sample 11: 1.6019
 -- Sample 12: 0.7864
 -- Sample 13: 0.7836
 -- Sample 14: 0.8164
 -- Sample 15: 0.6752
 -- Sample 16: 0.5851
 -- Sample 17: 0.5143
 -- Sample 18: 0.6079
 -- Sample 19: 0.5044
 -- Sample 20: 0.6276
 -- Sample 21: 0.6107
 -- Sample 22: 0.6037
 -- Sample 23: 0.5587
 -- Sample 24: 0.7502
 -- Sample 25: 0.5440
 -- Sample 26: 0.7643
 -- Sample 27: 0.5616
 -- Sample 28: 0.4909
 -- Sample 29: 0.7208
 -- Sample 30: 0.4661
 -- Sample 31: 0.6798
 -- Sample 32: 0.7802
 -- Sample 33: 0.8454
 -- Sample 34: 0.7185
 -- Sample 35: 1.0527
 -- Sample 36: 2.0680
 -- Sample 37: 1.5654
 -- Sample 38: 1.6127
 -- Sample 39: 1.7141
 -- Sample 40: 0.4599
 -- Sample 41: 0.5775
 -- Sample 42: 0.4661
 -- Sample 43: 0.5926
 -- Sample 44: 0.5653
 -- Sample 45: 0.6975
 -- Sample 46: 0.4688
 -- Sample 47: 0.6056
 -- Sample 48: 0.5865
 -- Sample 49: 0.7850
Mean: 0.9041, Std: 0.4420
------------------------------------------------------------------
Tortuosity Comparison:
 -- Sample 0: 20.4745%
 -- Sample 1: 16.7123%
 -- Sample 2: 18.2411%
 -- Sample 3: 18.7022%
 -- Sample 4: 11.6857%
 -- Sample 5: 10.3855%
 -- Sample 6: 12.0086%
 -- Sample 7: 6.4788%
 -- Sample 8: 11.5849%
 -- Sample 9: 7.7158%
 -- Sample 10: 8.9740%
 -- Sample 11: 8.9041%
 -- Sample 12: 7.9330%
 -- Sample 13: 13.4879%
 -- Sample 14: 6.1980%
 -- Sample 15: 7.1189%
 -- Sample 16: 12.6083%
 -- Sample 17: 10.5865%
 -- Sample 18: 15.0066%
 -- Sample 19: 8.2424%
 -- Sample 20: 7.5989%
 -- Sample 21: 7.4642%
 -- Sample 22: 3.3975%
 -- Sample 23: 3.4116%
 -- Sample 24: 11.1046%
 -- Sample 25: 5.2112%
 -- Sample 26: 9.3720%
 -- Sample 27: 6.4155%
 -- Sample 28: 9.9363%
 -- Sample 29: 7.9123%
 -- Sample 30: 9.2947%
 -- Sample 31: 4.5565%
 -- Sample 32: 20.4894%
 -- Sample 33: 21.4021%
 -- Sample 34: 21.5032%
 -- Sample 35: 23.9309%
 -- Sample 36: 15.7504%
 -- Sample 37: 17.3716%
 -- Sample 38: 11.8466%
 -- Sample 39: 14.7172%
 -- Sample 40: 10.7837%
 -- Sample 41: 7.8127%
 -- Sample 42: 8.1144%
 -- Sample 43: 5.9855%
 -- Sample 44: 18.0186%
 -- Sample 45: 17.3057%
 -- Sample 46: 11.1543%
 -- Sample 47: 11.8820%
 -- Sample 48: 11.6081%
 -- Sample 49: 15.4117%
Mean: 11.6762%, Std: 5.0831%
------------------------------------------------------------------
Evaluating Divergent:
 -- Sample 0: 64.9106%
 -- Sample 1: 64.2530%
 -- Sample 2: 65.2872%
 -- Sample 3: 63.5723%
 -- Sample 4: 64.3458%
 -- Sample 5: 64.4343%
 -- Sample 6: 65.7582%
 -- Sample 7: 63.4508%
 -- Sample 8: 67.4408%
 -- Sample 9: 66.2214%
 -- Sample 10: 67.2794%
 -- Sample 11: 66.2430%
 -- Sample 12: 64.8025%
 -- Sample 13: 64.8525%
 -- Sample 14: 65.7326%
 -- Sample 15: 64.6961%
 -- Sample 16: 58.3856%
 -- Sample 17: 58.0380%
 -- Sample 18: 59.0400%
 -- Sample 19: 57.6825%
 -- Sample 20: 66.9882%
 -- Sample 21: 67.0605%
 -- Sample 22: 66.5936%
 -- Sample 23: 67.2253%
 -- Sample 24: 59.9512%
 -- Sample 25: 60.7350%
 -- Sample 26: 59.9644%
 -- Sample 27: 61.0332%
 -- Sample 28: 61.2894%
 -- Sample 29: 58.1631%
 -- Sample 30: 61.4578%
 -- Sample 31: 58.2887%
 -- Sample 32: 66.9256%
 -- Sample 33: 66.0552%
 -- Sample 34: 66.8045%
 -- Sample 35: 65.5999%
 -- Sample 36: 65.5084%
 -- Sample 37: 67.0285%
 -- Sample 38: 65.6516%
 -- Sample 39: 66.3298%
 -- Sample 40: 64.7771%
 -- Sample 41: 63.7649%
 -- Sample 42: 64.4436%
 -- Sample 43: 63.8529%
 -- Sample 44: 63.8964%
 -- Sample 45: 64.6919%
 -- Sample 46: 63.9842%
 -- Sample 47: 63.4804%
 -- Sample 48: 63.9799%
 -- Sample 49: 65.1971%
Mean: 63.9430%, Std: 2.7900%
------------------------------------------------------------------
Processing Batch 2 (Size: 50)...
input shape:  torch.Size([50, 1, 120, 120, 120])
output shape:  torch.Size([50, 4, 120, 120, 120])
target shape:  torch.Size([50, 4, 120, 120, 120])
Bias Error: using velocity magnitude
Mean: 22.5917, Std: 22.8787
------------------------------------------------------------------
Magnitude Error: 
 -- Sample 0: mean=42.7578%; std=20.3871
 -- Sample 1: mean=41.6266%; std=23.9410
 -- Sample 2: mean=102.6873%; std=97.1596
 -- Sample 3: mean=92.6645%; std=90.6913
 -- Sample 4: mean=110.6716%; std=109.8026
 -- Sample 5: mean=93.9056%; std=94.8961
 -- Sample 6: mean=42.9158%; std=33.8218
 -- Sample 7: mean=59.1082%; std=58.0453
 -- Sample 8: mean=43.2634%; std=34.5931
 -- Sample 9: mean=57.8658%; std=45.2614
 -- Sample 10: mean=38.0794%; std=26.2672
 -- Sample 11: mean=37.1625%; std=25.5855
 -- Sample 12: mean=35.6286%; std=24.8489
 -- Sample 13: mean=37.9117%; std=25.0744
 -- Sample 14: mean=38.5635%; std=24.3722
 -- Sample 15: mean=38.0767%; std=23.7060
 -- Sample 16: mean=34.8938%; std=20.9022
 -- Sample 17: mean=33.8725%; std=22.7136
 -- Sample 18: mean=36.7623%; std=25.3860
 -- Sample 19: mean=34.0607%; std=26.2836
 -- Sample 20: mean=31.0351%; std=22.1771
 -- Sample 21: mean=32.1121%; std=25.2446
 -- Sample 22: mean=51.2686%; std=35.8226
 -- Sample 23: mean=47.8469%; std=33.2009
 -- Sample 24: mean=46.7643%; std=32.0965
 -- Sample 25: mean=44.7079%; std=28.9002
 -- Sample 26: mean=32.0836%; std=19.8422
 -- Sample 27: mean=32.5860%; std=19.1815
 -- Sample 28: mean=35.3136%; std=19.8766
 -- Sample 29: mean=36.5348%; std=21.3327
 -- Sample 30: mean=39.5334%; std=27.8276
 -- Sample 31: mean=38.2060%; std=26.1339
 -- Sample 32: mean=32.6001%; std=22.3161
 -- Sample 33: mean=29.3942%; std=21.2031
 -- Sample 34: mean=41.5439%; std=35.7318
 -- Sample 35: mean=51.8112%; std=53.2845
 -- Sample 36: mean=44.5263%; std=34.9839
 -- Sample 37: mean=54.4191%; std=69.7506
 -- Sample 38: mean=48.8155%; std=40.3925
 -- Sample 39: mean=40.4588%; std=35.0362
 -- Sample 40: mean=41.7711%; std=47.2390
 -- Sample 41: mean=49.2861%; std=46.1883
 -- Sample 42: mean=34.8433%; std=30.6809
 -- Sample 43: mean=39.8522%; std=32.3783
 -- Sample 44: mean=35.0430%; std=29.7073
 -- Sample 45: mean=32.3005%; std=27.1073
 -- Sample 46: mean=42.3788%; std=23.8827
 -- Sample 47: mean=39.4093%; std=21.7146
 -- Sample 48: mean=36.7694%; std=20.6461
 -- Sample 49: mean=39.9652%; std=23.4903
Mean: 45.1132%, Std: 17.6330%
------------------------------------------------------------------
Angular error:
 -- Sample 0: mean=45.7482º; std=41.2323
 -- Sample 1: mean=45.4540º; std=39.1669
 -- Sample 2: mean=51.3988º; std=39.7815
 -- Sample 3: mean=46.6784º; std=39.0517
 -- Sample 4: mean=51.8665º; std=40.4645
 -- Sample 5: mean=48.5004º; std=40.7813
 -- Sample 6: mean=41.9699º; std=36.0997
 -- Sample 7: mean=42.4096º; std=35.8210
 -- Sample 8: mean=41.4619º; std=35.3930
 -- Sample 9: mean=39.9328º; std=34.8410
 -- Sample 10: mean=40.4336º; std=36.9115
 -- Sample 11: mean=39.4564º; std=36.4864
 -- Sample 12: mean=38.7460º; std=35.6743
 -- Sample 13: mean=39.6595º; std=36.2204
 -- Sample 14: mean=46.8678º; std=39.0804
 -- Sample 15: mean=48.5294º; std=39.1162
 -- Sample 16: mean=45.6717º; std=38.8399
 -- Sample 17: mean=48.4124º; std=39.1516
 -- Sample 18: mean=35.3570º; std=32.6022
 -- Sample 19: mean=34.5073º; std=33.7565
 -- Sample 20: mean=34.4052º; std=32.4448
 -- Sample 21: mean=33.4436º; std=33.2359
 -- Sample 22: mean=56.4772º; std=40.3294
 -- Sample 23: mean=50.5298º; std=38.8877
 -- Sample 24: mean=55.5058º; std=39.2676
 -- Sample 25: mean=56.1191º; std=41.9989
 -- Sample 26: mean=36.8244º; std=34.7502
 -- Sample 27: mean=39.9728º; std=35.4067
 -- Sample 28: mean=38.9134º; std=36.2558
 -- Sample 29: mean=38.7740º; std=34.6041
 -- Sample 30: mean=43.2285º; std=35.5902
 -- Sample 31: mean=43.9261º; std=35.6541
 -- Sample 32: mean=41.5044º; std=35.6565
 -- Sample 33: mean=44.5205º; std=35.9900
 -- Sample 34: mean=45.7234º; std=36.9610
 -- Sample 35: mean=48.5038º; std=36.6161
 -- Sample 36: mean=45.9288º; std=36.4860
 -- Sample 37: mean=48.5552º; std=37.1452
 -- Sample 38: mean=60.3160º; std=44.3078
 -- Sample 39: mean=56.0935º; std=43.6997
 -- Sample 40: mean=57.6118º; std=42.5634
 -- Sample 41: mean=56.1500º; std=43.1331
 -- Sample 42: mean=41.9135º; std=35.1645
 -- Sample 43: mean=40.7800º; std=36.5634
 -- Sample 44: mean=42.5223º; std=35.3066
 -- Sample 45: mean=41.1572º; std=35.9032
 -- Sample 46: mean=36.0011º; std=32.7237
 -- Sample 47: mean=33.2072º; std=31.3372
 -- Sample 48: mean=35.6929º; std=32.1230
 -- Sample 49: mean=33.5970º; std=32.3796
Mean: 44.2192º, Std: 7.0099º
------------------------------------------------------------------
Correlation comparison:
 -- Sample 0: 0.9119
 -- Sample 1: 0.8818
 -- Sample 2: 0.7816
 -- Sample 3: 0.7586
 -- Sample 4: 0.7444
 -- Sample 5: 0.7644
 -- Sample 6: 0.8881
 -- Sample 7: 0.8487
 -- Sample 8: 0.9080
 -- Sample 9: 0.8775
 -- Sample 10: 0.8717
 -- Sample 11: 0.8728
 -- Sample 12: 0.8791
 -- Sample 13: 0.8680
 -- Sample 14: 0.8795
 -- Sample 15: 0.8577
 -- Sample 16: 0.9118
 -- Sample 17: 0.8984
 -- Sample 18: 0.8887
 -- Sample 19: 0.8757
 -- Sample 20: 0.9113
 -- Sample 21: 0.9061
 -- Sample 22: 0.7597
 -- Sample 23: 0.7640
 -- Sample 24: 0.7762
 -- Sample 25: 0.7821
 -- Sample 26: 0.9187
 -- Sample 27: 0.9261
 -- Sample 28: 0.9138
 -- Sample 29: 0.8893
 -- Sample 30: 0.8529
 -- Sample 31: 0.8483
 -- Sample 32: 0.9078
 -- Sample 33: 0.9106
 -- Sample 34: 0.8126
 -- Sample 35: 0.7055
 -- Sample 36: 0.7907
 -- Sample 37: 0.7218
 -- Sample 38: 0.8024
 -- Sample 39: 0.8509
 -- Sample 40: 0.8060
 -- Sample 41: 0.8352
 -- Sample 42: 0.9021
 -- Sample 43: 0.8904
 -- Sample 44: 0.9009
 -- Sample 45: 0.9195
 -- Sample 46: 0.8130
 -- Sample 47: 0.7985
 -- Sample 48: 0.8264
 -- Sample 49: 0.8148
Mean=0.8485, Std=0.0588
------------------------------------------------------------------
Flux Error:
 -- Sample 0: 0.5807
 -- Sample 1: 0.7889
 -- Sample 2: 1.6402
 -- Sample 3: 1.5629
 -- Sample 4: 1.7875
 -- Sample 5: 1.5556
 -- Sample 6: 0.5859
 -- Sample 7: 1.0724
 -- Sample 8: 0.6930
 -- Sample 9: 1.0450
 -- Sample 10: 0.5536
 -- Sample 11: 0.5233
 -- Sample 12: 0.6416
 -- Sample 13: 0.4519
 -- Sample 14: 0.6685
 -- Sample 15: 0.6994
 -- Sample 16: 0.6920
 -- Sample 17: 0.7276
 -- Sample 18: 0.6106
 -- Sample 19: 0.9317
 -- Sample 20: 0.5669
 -- Sample 21: 0.9386
 -- Sample 22: 0.8797
 -- Sample 23: 0.9280
 -- Sample 24: 0.7895
 -- Sample 25: 0.7688
 -- Sample 26: 0.5330
 -- Sample 27: 0.7715
 -- Sample 28: 0.5479
 -- Sample 29: 0.7528
 -- Sample 30: 0.3532
 -- Sample 31: 0.7090
 -- Sample 32: 0.3727
 -- Sample 33: 0.7354
 -- Sample 34: 0.4491
 -- Sample 35: 0.3351
 -- Sample 36: 0.4176
 -- Sample 37: 0.4781
 -- Sample 38: 0.7590
 -- Sample 39: 0.7952
 -- Sample 40: 0.6118
 -- Sample 41: 0.7116
 -- Sample 42: 0.8093
 -- Sample 43: 0.7582
 -- Sample 44: 0.7575
 -- Sample 45: 0.7691
 -- Sample 46: 0.7161
 -- Sample 47: 0.5580
 -- Sample 48: 0.7034
 -- Sample 49: 0.5685
Mean: 0.7531, Std: 0.3080
------------------------------------------------------------------
Tortuosity Comparison:
 -- Sample 0: 10.9272%
 -- Sample 1: 14.7301%
 -- Sample 2: 15.0609%
 -- Sample 3: 14.6551%
 -- Sample 4: 16.7046%
 -- Sample 5: 14.7669%
 -- Sample 6: 7.6663%
 -- Sample 7: 13.1078%
 -- Sample 8: 13.4299%
 -- Sample 9: 11.8068%
 -- Sample 10: 7.3418%
 -- Sample 11: 11.5538%
 -- Sample 12: 10.8921%
 -- Sample 13: 3.6664%
 -- Sample 14: 10.6658%
 -- Sample 15: 17.8275%
 -- Sample 16: 14.3153%
 -- Sample 17: 16.6252%
 -- Sample 18: 9.8169%
 -- Sample 19: 7.7632%
 -- Sample 20: 10.7656%
 -- Sample 21: 9.7645%
 -- Sample 22: 15.8991%
 -- Sample 23: 8.1343%
 -- Sample 24: 9.8147%
 -- Sample 25: 5.4133%
 -- Sample 26: 10.7533%
 -- Sample 27: 12.1407%
 -- Sample 28: 9.3383%
 -- Sample 29: 11.8387%
 -- Sample 30: 15.7558%
 -- Sample 31: 10.5302%
 -- Sample 32: 11.2735%
 -- Sample 33: 14.7458%
 -- Sample 34: 13.5328%
 -- Sample 35: 8.4828%
 -- Sample 36: 11.8527%
 -- Sample 37: 15.2385%
 -- Sample 38: 16.8763%
 -- Sample 39: 8.8779%
 -- Sample 40: 14.6094%
 -- Sample 41: 5.4795%
 -- Sample 42: 15.1895%
 -- Sample 43: 14.2198%
 -- Sample 44: 16.0917%
 -- Sample 45: 15.3520%
 -- Sample 46: 11.7149%
 -- Sample 47: 10.7490%
 -- Sample 48: 11.9182%
 -- Sample 49: 11.1949%
Mean: 12.0174%, Std: 3.2434%
------------------------------------------------------------------
Evaluating Divergent:
 -- Sample 0: 63.9904%
 -- Sample 1: 65.2216%
 -- Sample 2: 62.5821%
 -- Sample 3: 62.5925%
 -- Sample 4: 63.2778%
 -- Sample 5: 62.1949%
 -- Sample 6: 61.4609%
 -- Sample 7: 61.6747%
 -- Sample 8: 62.1764%
 -- Sample 9: 60.3376%
 -- Sample 10: 63.7654%
 -- Sample 11: 62.0343%
 -- Sample 12: 63.4991%
 -- Sample 13: 61.7407%
 -- Sample 14: 62.9067%
 -- Sample 15: 65.3645%
 -- Sample 16: 63.4248%
 -- Sample 17: 64.3499%
 -- Sample 18: 58.0073%
 -- Sample 19: 57.2865%
 -- Sample 20: 57.4316%
 -- Sample 21: 56.9279%
 -- Sample 22: 65.9861%
 -- Sample 23: 63.5773%
 -- Sample 24: 65.1314%
 -- Sample 25: 63.0294%
 -- Sample 26: 59.4742%
 -- Sample 27: 60.3325%
 -- Sample 28: 59.6087%
 -- Sample 29: 59.6614%
 -- Sample 30: 62.0864%
 -- Sample 31: 62.1971%
 -- Sample 32: 61.5302%
 -- Sample 33: 62.0784%
 -- Sample 34: 64.9331%
 -- Sample 35: 65.0418%
 -- Sample 36: 65.3098%
 -- Sample 37: 65.4184%
 -- Sample 38: 68.0086%
 -- Sample 39: 68.0150%
 -- Sample 40: 68.1811%
 -- Sample 41: 67.3662%
 -- Sample 42: 62.1064%
 -- Sample 43: 63.1465%
 -- Sample 44: 62.3805%
 -- Sample 45: 63.9552%
 -- Sample 46: 61.6075%
 -- Sample 47: 60.6037%
 -- Sample 48: 60.8274%
 -- Sample 49: 60.1170%
Mean: 62.6792%, Std: 2.6407%
------------------------------------------------------------------
Processing Batch 3 (Size: 50)...
input shape:  torch.Size([50, 1, 120, 120, 120])
output shape:  torch.Size([50, 4, 120, 120, 120])
target shape:  torch.Size([50, 4, 120, 120, 120])
Bias Error: using velocity magnitude
Mean: 49.9373, Std: 51.3917
------------------------------------------------------------------
Magnitude Error: 
 -- Sample 0: mean=185.2797%; std=184.8806
 -- Sample 1: mean=212.4975%; std=179.3472
 -- Sample 2: mean=140.5816%; std=162.4477
 -- Sample 3: mean=146.0723%; std=174.3996
 -- Sample 4: mean=193.2777%; std=223.3914
 -- Sample 5: mean=168.8688%; std=200.4260
 -- Sample 6: mean=134.7475%; std=166.2509
 -- Sample 7: mean=133.6546%; std=184.1715
 -- Sample 8: mean=40.6483%; std=30.3445
 -- Sample 9: mean=45.5156%; std=30.6055
 -- Sample 10: mean=42.5031%; std=34.9250
 -- Sample 11: mean=37.2890%; std=20.8056
 -- Sample 12: mean=35.8124%; std=20.5297
 -- Sample 13: mean=31.9000%; std=19.4144
 -- Sample 14: mean=32.1578%; std=20.5026
 -- Sample 15: mean=28.6685%; std=18.4948
 -- Sample 16: mean=122.6789%; std=104.1300
 -- Sample 17: mean=121.8602%; std=109.1677
 -- Sample 18: mean=108.0728%; std=82.1519
 -- Sample 19: mean=127.3148%; std=115.0497
 -- Sample 20: mean=31.9170%; std=20.7570
 -- Sample 21: mean=30.6115%; std=20.4061
 -- Sample 22: mean=31.9892%; std=21.3654
 -- Sample 23: mean=32.0565%; std=20.2527
 -- Sample 24: mean=57.0510%; std=41.2507
 -- Sample 25: mean=51.8238%; std=32.9409
 -- Sample 26: mean=50.5133%; std=39.8726
 -- Sample 27: mean=42.4874%; std=36.3573
 -- Sample 28: mean=34.8287%; std=24.0785
 -- Sample 29: mean=32.8325%; std=20.5116
 -- Sample 30: mean=33.7981%; std=21.1733
 -- Sample 31: mean=35.4410%; std=22.0823
 -- Sample 32: mean=43.9225%; std=44.0377
 -- Sample 33: mean=40.7800%; std=38.0840
 -- Sample 34: mean=46.5162%; std=46.0801
 -- Sample 35: mean=44.2053%; std=39.5414
 -- Sample 36: mean=48.7249%; std=44.8936
 -- Sample 37: mean=55.3070%; std=50.2107
 -- Sample 38: mean=49.2472%; std=42.6584
 -- Sample 39: mean=47.2199%; std=44.4952
 -- Sample 40: mean=57.4965%; std=52.7519
 -- Sample 41: mean=50.0099%; std=49.8019
 -- Sample 42: mean=65.9380%; std=69.2065
 -- Sample 43: mean=56.0564%; std=50.5276
 -- Sample 44: mean=37.7192%; std=30.4090
 -- Sample 45: mean=36.8887%; std=25.4543
 -- Sample 46: mean=50.4670%; std=40.9379
 -- Sample 47: mean=47.3445%; std=40.8105
 -- Sample 48: mean=37.7562%; std=27.4750
 -- Sample 49: mean=42.0106%; std=34.3224
Mean: 68.2472%, Std: 48.8487%
------------------------------------------------------------------
Angular error:
 -- Sample 0: mean=41.8468º; std=36.5708
 -- Sample 1: mean=42.9105º; std=37.5306
 -- Sample 2: mean=44.0282º; std=37.2321
 -- Sample 3: mean=40.7041º; std=35.9954
 -- Sample 4: mean=48.6297º; std=40.7115
 -- Sample 5: mean=51.3827º; std=42.8944
 -- Sample 6: mean=52.1347º; std=42.5811
 -- Sample 7: mean=51.2727º; std=42.7636
 -- Sample 8: mean=50.6878º; std=41.4042
 -- Sample 9: mean=50.4197º; std=43.0233
 -- Sample 10: mean=50.4344º; std=42.3135
 -- Sample 11: mean=51.9060º; std=44.6432
 -- Sample 12: mean=39.7635º; std=32.6348
 -- Sample 13: mean=35.6476º; std=33.2178
 -- Sample 14: mean=40.7940º; std=32.7674
 -- Sample 15: mean=35.7699º; std=33.3378
 -- Sample 16: mean=52.4310º; std=39.6778
 -- Sample 17: mean=49.9025º; std=41.3537
 -- Sample 18: mean=53.6912º; std=41.1124
 -- Sample 19: mean=49.1754º; std=40.1685
 -- Sample 20: mean=36.6804º; std=34.6908
 -- Sample 21: mean=35.6289º; std=33.5846
 -- Sample 22: mean=36.7370º; std=34.7265
 -- Sample 23: mean=36.3236º; std=34.6542
 -- Sample 24: mean=43.6573º; std=37.7113
 -- Sample 25: mean=45.6927º; std=38.9991
 -- Sample 26: mean=44.7148º; std=38.8912
 -- Sample 27: mean=42.2266º; std=36.8938
 -- Sample 28: mean=40.4646º; std=33.1046
 -- Sample 29: mean=39.8559º; std=34.0012
 -- Sample 30: mean=40.0817º; std=33.7433
 -- Sample 31: mean=39.7289º; std=33.8650
 -- Sample 32: mean=38.0524º; std=33.2431
 -- Sample 33: mean=39.5489º; std=33.9381
 -- Sample 34: mean=40.3045º; std=33.2080
 -- Sample 35: mean=38.9288º; std=33.8990
 -- Sample 36: mean=52.2807º; std=39.3802
 -- Sample 37: mean=50.4906º; std=38.2019
 -- Sample 38: mean=55.5833º; std=41.1540
 -- Sample 39: mean=54.3063º; std=39.9296
 -- Sample 40: mean=46.7485º; std=39.8423
 -- Sample 41: mean=45.1960º; std=39.4855
 -- Sample 42: mean=46.0490º; std=40.3104
 -- Sample 43: mean=42.7187º; std=39.1030
 -- Sample 44: mean=41.8708º; std=37.0812
 -- Sample 45: mean=41.9870º; std=37.1325
 -- Sample 46: mean=42.8775º; std=37.4302
 -- Sample 47: mean=44.5570º; std=38.6497
 -- Sample 48: mean=42.9765º; std=35.2601
 -- Sample 49: mean=37.6322º; std=34.2294
Mean: 44.3487º, Std: 5.6662º
------------------------------------------------------------------
Correlation comparison:
 -- Sample 0: 0.6009
 -- Sample 1: 0.6120
 -- Sample 2: 0.5493
 -- Sample 3: 0.5834
 -- Sample 4: 0.5894
 -- Sample 5: 0.5521
 -- Sample 6: 0.7382
 -- Sample 7: 0.6588
 -- Sample 8: 0.8717
 -- Sample 9: 0.8373
 -- Sample 10: 0.8851
 -- Sample 11: 0.9025
 -- Sample 12: 0.8900
 -- Sample 13: 0.9196
 -- Sample 14: 0.9120
 -- Sample 15: 0.9360
 -- Sample 16: 0.6969
 -- Sample 17: 0.6603
 -- Sample 18: 0.7315
 -- Sample 19: 0.6955
 -- Sample 20: 0.9189
 -- Sample 21: 0.9412
 -- Sample 22: 0.9197
 -- Sample 23: 0.9376
 -- Sample 24: 0.7940
 -- Sample 25: 0.8202
 -- Sample 26: 0.8404
 -- Sample 27: 0.8313
 -- Sample 28: 0.8710
 -- Sample 29: 0.8685
 -- Sample 30: 0.8689
 -- Sample 31: 0.8590
 -- Sample 32: 0.8893
 -- Sample 33: 0.9168
 -- Sample 34: 0.9029
 -- Sample 35: 0.9138
 -- Sample 36: 0.8094
 -- Sample 37: 0.8213
 -- Sample 38: 0.8027
 -- Sample 39: 0.8527
 -- Sample 40: 0.8656
 -- Sample 41: 0.8894
 -- Sample 42: 0.8062
 -- Sample 43: 0.8871
 -- Sample 44: 0.8785
 -- Sample 45: 0.8829
 -- Sample 46: 0.7733
 -- Sample 47: 0.8364
 -- Sample 48: 0.8471
 -- Sample 49: 0.8646
Mean=0.8147, Std=0.1100
------------------------------------------------------------------
Flux Error:
 -- Sample 0: 2.3208
 -- Sample 1: 2.6928
 -- Sample 2: 1.7847
 -- Sample 3: 1.9187
 -- Sample 4: 2.1195
 -- Sample 5: 1.5121
 -- Sample 6: 1.6499
 -- Sample 7: 1.2864
 -- Sample 8: 1.2088
 -- Sample 9: 0.9247
 -- Sample 10: 1.3378
 -- Sample 11: 0.7920
 -- Sample 12: 0.5974
 -- Sample 13: 0.5187
 -- Sample 14: 0.7305
 -- Sample 15: 0.5673
 -- Sample 16: 1.8592
 -- Sample 17: 1.5435
 -- Sample 18: 1.7132
 -- Sample 19: 1.6096
 -- Sample 20: 0.5626
 -- Sample 21: 0.6421
 -- Sample 22: 0.6514
 -- Sample 23: 0.6314
 -- Sample 24: 0.9825
 -- Sample 25: 1.1442
 -- Sample 26: 0.9109
 -- Sample 27: 1.0180
 -- Sample 28: 0.6287
 -- Sample 29: 0.6440
 -- Sample 30: 0.7009
 -- Sample 31: 0.6219
 -- Sample 32: 0.8513
 -- Sample 33: 0.6739
 -- Sample 34: 0.8799
 -- Sample 35: 0.6291
 -- Sample 36: 0.9752
 -- Sample 37: 0.8437
 -- Sample 38: 1.0339
 -- Sample 39: 0.7425
 -- Sample 40: 1.0627
 -- Sample 41: 0.9199
 -- Sample 42: 1.0924
 -- Sample 43: 1.0179
 -- Sample 44: 0.6541
 -- Sample 45: 0.6730
 -- Sample 46: 0.5665
 -- Sample 47: 0.6426
 -- Sample 48: 0.8173
 -- Sample 49: 0.7514
Mean: 1.0531, Std: 0.5071
------------------------------------------------------------------
Tortuosity Comparison:
 -- Sample 0: 15.2164%
 -- Sample 1: 16.9258%
 -- Sample 2: 12.4174%
 -- Sample 3: 10.8145%
 -- Sample 4: 8.3325%
 -- Sample 5: 0.8266%
 -- Sample 6: 2.8236%
 -- Sample 7: 0.8095%
 -- Sample 8: 6.0500%
 -- Sample 9: 2.9755%
 -- Sample 10: 6.3219%
 -- Sample 11: 0.2371%
 -- Sample 12: 9.5642%
 -- Sample 13: 3.7873%
 -- Sample 14: 11.5099%
 -- Sample 15: 7.6305%
 -- Sample 16: 16.7527%
 -- Sample 17: 14.4298%
 -- Sample 18: 14.0102%
 -- Sample 19: 13.9153%
 -- Sample 20: 9.6070%
 -- Sample 21: 11.1639%
 -- Sample 22: 14.7961%
 -- Sample 23: 11.0186%
 -- Sample 24: 11.1038%
 -- Sample 25: 15.2877%
 -- Sample 26: 9.4795%
 -- Sample 27: 13.8641%
 -- Sample 28: 18.2907%
 -- Sample 29: 18.6846%
 -- Sample 30: 17.3091%
 -- Sample 31: 15.8409%
 -- Sample 32: 10.5596%
 -- Sample 33: 10.5918%
 -- Sample 34: 11.5039%
 -- Sample 35: 7.9860%
 -- Sample 36: 13.2038%
 -- Sample 37: 14.3761%
 -- Sample 38: 13.8905%
 -- Sample 39: 10.5578%
 -- Sample 40: 11.5320%
 -- Sample 41: 8.1440%
 -- Sample 42: 11.8415%
 -- Sample 43: 7.6825%
 -- Sample 44: 8.5425%
 -- Sample 45: 9.3939%
 -- Sample 46: 8.6110%
 -- Sample 47: 5.9353%
 -- Sample 48: 20.3777%
 -- Sample 49: 16.8649%
Mean: 10.8678%, Std: 4.7494%
------------------------------------------------------------------
Evaluating Divergent:
 -- Sample 0: 63.3298%
 -- Sample 1: 63.4751%
 -- Sample 2: 63.4935%
 -- Sample 3: 63.0476%
 -- Sample 4: 67.9769%
 -- Sample 5: 67.3258%
 -- Sample 6: 67.8512%
 -- Sample 7: 67.6232%
 -- Sample 8: 66.2561%
 -- Sample 9: 66.0697%
 -- Sample 10: 65.4451%
 -- Sample 11: 65.1374%
 -- Sample 12: 62.3151%
 -- Sample 13: 59.5714%
 -- Sample 14: 63.5876%
 -- Sample 15: 59.9737%
 -- Sample 16: 66.6216%
 -- Sample 17: 65.1194%
 -- Sample 18: 67.1328%
 -- Sample 19: 65.7031%
 -- Sample 20: 61.0663%
 -- Sample 21: 60.9583%
 -- Sample 22: 60.9548%
 -- Sample 23: 60.4667%
 -- Sample 24: 63.6521%
 -- Sample 25: 65.4469%
 -- Sample 26: 63.3791%
 -- Sample 27: 64.4507%
 -- Sample 28: 63.7020%
 -- Sample 29: 61.8453%
 -- Sample 30: 63.4519%
 -- Sample 31: 62.0983%
 -- Sample 32: 61.7563%
 -- Sample 33: 61.5553%
 -- Sample 34: 61.6276%
 -- Sample 35: 61.8367%
 -- Sample 36: 68.3648%
 -- Sample 37: 66.2522%
 -- Sample 38: 68.2584%
 -- Sample 39: 66.4264%
 -- Sample 40: 63.6562%
 -- Sample 41: 61.8293%
 -- Sample 42: 64.2799%
 -- Sample 43: 61.3588%
 -- Sample 44: 63.6311%
 -- Sample 45: 63.3231%
 -- Sample 46: 64.0367%
 -- Sample 47: 63.8598%
 -- Sample 48: 63.2022%
 -- Sample 49: 63.2233%
Mean: 63.9401%, Std: 2.2945%
------------------------------------------------------------------
Processing Batch 4 (Size: 50)...
input shape:  torch.Size([50, 1, 120, 120, 120])
output shape:  torch.Size([50, 4, 120, 120, 120])
target shape:  torch.Size([50, 4, 120, 120, 120])
Bias Error: using velocity magnitude
Mean: 39.1877, Std: 36.9524
------------------------------------------------------------------
Magnitude Error: 
 -- Sample 0: mean=41.6387%; std=29.8101
 -- Sample 1: mean=28.5683%; std=24.6593
 -- Sample 2: mean=29.3539%; std=24.9968
 -- Sample 3: mean=32.1890%; std=23.6587
 -- Sample 4: mean=29.7027%; std=23.9163
 -- Sample 5: mean=29.2193%; std=24.2413
 -- Sample 6: mean=33.9952%; std=20.4542
 -- Sample 7: mean=28.0516%; std=22.3960
 -- Sample 8: mean=25.2565%; std=18.3985
 -- Sample 9: mean=29.6128%; std=22.5213
 -- Sample 10: mean=31.2736%; std=20.8558
 -- Sample 11: mean=32.2715%; std=22.5407
 -- Sample 12: mean=33.1185%; std=22.5529
 -- Sample 13: mean=30.1526%; std=21.5620
 -- Sample 14: mean=37.7256%; std=29.1999
 -- Sample 15: mean=30.9793%; std=28.0842
 -- Sample 16: mean=32.2980%; std=27.2094
 -- Sample 17: mean=26.2121%; std=28.4756
 -- Sample 18: mean=156.9070%; std=159.6175
 -- Sample 19: mean=249.1932%; std=253.3606
 -- Sample 20: mean=190.7349%; std=208.9409
 -- Sample 21: mean=159.9459%; std=173.8526
 -- Sample 22: mean=55.2111%; std=22.0248
 -- Sample 23: mean=54.4978%; std=16.3279
 -- Sample 24: mean=53.2860%; std=21.5871
 -- Sample 25: mean=53.5445%; std=18.0621
 -- Sample 26: mean=44.3856%; std=19.7598
 -- Sample 27: mean=38.8340%; std=19.5809
 -- Sample 28: mean=41.5133%; std=22.9798
 -- Sample 29: mean=43.4000%; std=20.1441
 -- Sample 30: mean=31.4001%; std=19.2073
 -- Sample 31: mean=36.7091%; std=20.6081
 -- Sample 32: mean=29.6111%; std=18.4300
 -- Sample 33: mean=36.4298%; std=20.1486
 -- Sample 34: mean=82.1012%; std=66.7754
 -- Sample 35: mean=76.4833%; std=60.5728
 -- Sample 36: mean=88.3191%; std=80.1790
 -- Sample 37: mean=85.9293%; std=68.5653
 -- Sample 38: mean=118.1758%; std=129.9307
 -- Sample 39: mean=89.5612%; std=108.4388
 -- Sample 40: mean=125.7193%; std=138.5469
 -- Sample 41: mean=118.2974%; std=140.6699
 -- Sample 42: mean=43.5212%; std=22.9619
 -- Sample 43: mean=43.2975%; std=23.1106
 -- Sample 44: mean=42.5701%; std=24.1088
 -- Sample 45: mean=49.5937%; std=22.4843
 -- Sample 46: mean=61.9152%; std=74.2378
 -- Sample 47: mean=53.8844%; std=72.0612
 -- Sample 48: mean=63.1478%; std=90.5333
 -- Sample 49: mean=56.5479%; std=81.2317
Mean: 60.7257%, Std: 46.2492%
------------------------------------------------------------------
Angular error:
 -- Sample 0: mean=42.2370º; std=36.3539
 -- Sample 1: mean=40.4786º; std=35.9732
 -- Sample 2: mean=38.8448º; std=35.9861
 -- Sample 3: mean=38.4322º; std=36.1370
 -- Sample 4: mean=39.2475º; std=37.3909
 -- Sample 5: mean=38.4967º; std=35.4800
 -- Sample 6: mean=44.8647º; std=40.0999
 -- Sample 7: mean=43.5717º; std=40.0663
 -- Sample 8: mean=44.4711º; std=40.2861
 -- Sample 9: mean=42.5167º; std=38.8419
 -- Sample 10: mean=43.0292º; std=38.4320
 -- Sample 11: mean=43.8655º; std=37.4776
 -- Sample 12: mean=40.0037º; std=35.8902
 -- Sample 13: mean=44.4084º; std=37.1687
 -- Sample 14: mean=40.4175º; std=35.3141
 -- Sample 15: mean=40.7101º; std=38.3476
 -- Sample 16: mean=41.8826º; std=36.1752
 -- Sample 17: mean=37.7013º; std=36.1663
 -- Sample 18: mean=50.7794º; std=44.8433
 -- Sample 19: mean=51.3441º; std=45.2132
 -- Sample 20: mean=51.4318º; std=45.2075
 -- Sample 21: mean=50.9368º; std=45.3185
 -- Sample 22: mean=43.2397º; std=37.5498
 -- Sample 23: mean=40.2060º; std=36.7649
 -- Sample 24: mean=42.7040º; std=37.0030
 -- Sample 25: mean=42.2347º; std=38.4645
 -- Sample 26: mean=50.2550º; std=38.7643
 -- Sample 27: mean=47.3977º; std=39.2340
 -- Sample 28: mean=47.9528º; std=37.1009
 -- Sample 29: mean=46.9031º; std=37.9999
 -- Sample 30: mean=37.0245º; std=38.4005
 -- Sample 31: mean=38.0686º; std=37.4570
 -- Sample 32: mean=37.1053º; std=38.6927
 -- Sample 33: mean=38.1752º; std=37.2306
 -- Sample 34: mean=46.3215º; std=37.1089
 -- Sample 35: mean=46.3347º; std=38.0292
 -- Sample 36: mean=46.8853º; std=37.7128
 -- Sample 37: mean=46.7073º; std=38.7095
 -- Sample 38: mean=39.2814º; std=35.6915
 -- Sample 39: mean=45.0965º; std=39.0388
 -- Sample 40: mean=41.8018º; std=38.3907
 -- Sample 41: mean=44.0241º; std=37.7853
 -- Sample 42: mean=51.1181º; std=42.1801
 -- Sample 43: mean=49.2594º; std=42.2000
 -- Sample 44: mean=50.3911º; std=41.4447
 -- Sample 45: mean=52.0307º; std=43.6661
 -- Sample 46: mean=51.3611º; std=41.5736
 -- Sample 47: mean=48.7511º; std=40.6598
 -- Sample 48: mean=50.2190º; std=40.1575
 -- Sample 49: mean=48.8860º; std=40.5696
Mean: 44.3881º, Std: 4.5771º
------------------------------------------------------------------
Correlation comparison:
 -- Sample 0: 0.8613
 -- Sample 1: 0.8978
 -- Sample 2: 0.9119
 -- Sample 3: 0.9120
 -- Sample 4: 0.9129
 -- Sample 5: 0.9159
 -- Sample 6: 0.9249
 -- Sample 7: 0.9220
 -- Sample 8: 0.9439
 -- Sample 9: 0.9126
 -- Sample 10: 0.9560
 -- Sample 11: 0.9532
 -- Sample 12: 0.9402
 -- Sample 13: 0.9579
 -- Sample 14: 0.8669
 -- Sample 15: 0.9155
 -- Sample 16: 0.9070
 -- Sample 17: 0.9108
 -- Sample 18: 0.5759
 -- Sample 19: 0.5042
 -- Sample 20: 0.5202
 -- Sample 21: 0.5116
 -- Sample 22: 0.8407
 -- Sample 23: 0.9061
 -- Sample 24: 0.8521
 -- Sample 25: 0.9023
 -- Sample 26: 0.8964
 -- Sample 27: 0.8915
 -- Sample 28: 0.8740
 -- Sample 29: 0.8721
 -- Sample 30: 0.9219
 -- Sample 31: 0.8889
 -- Sample 32: 0.9200
 -- Sample 33: 0.8984
 -- Sample 34: 0.8132
 -- Sample 35: 0.8060
 -- Sample 36: 0.7853
 -- Sample 37: 0.8062
 -- Sample 38: 0.6556
 -- Sample 39: 0.6639
 -- Sample 40: 0.6087
 -- Sample 41: 0.6206
 -- Sample 42: 0.7738
 -- Sample 43: 0.8054
 -- Sample 44: 0.8087
 -- Sample 45: 0.7396
 -- Sample 46: 0.7671
 -- Sample 47: 0.7783
 -- Sample 48: 0.7609
 -- Sample 49: 0.7396
Mean=0.8246, Std=0.1227
------------------------------------------------------------------
Flux Error:
 -- Sample 0: 0.9071
 -- Sample 1: 0.5164
 -- Sample 2: 0.5615
 -- Sample 3: 0.6183
 -- Sample 4: 0.4680
 -- Sample 5: 0.6912
 -- Sample 6: 0.9412
 -- Sample 7: 0.6156
 -- Sample 8: 0.9107
 -- Sample 9: 0.6098
 -- Sample 10: 0.5764
 -- Sample 11: 0.7999
 -- Sample 12: 0.5915
 -- Sample 13: 0.7872
 -- Sample 14: 0.8072
 -- Sample 15: 0.5892
 -- Sample 16: 0.8082
 -- Sample 17: 0.5406
 -- Sample 18: 1.7380
 -- Sample 19: 2.7237
 -- Sample 20: 1.9696
 -- Sample 21: 1.8106
 -- Sample 22: 0.6209
 -- Sample 23: 0.4975
 -- Sample 24: 0.6588
 -- Sample 25: 0.5083
 -- Sample 26: 0.4962
 -- Sample 27: 0.7950
 -- Sample 28: 0.4758
 -- Sample 29: 0.7463
 -- Sample 30: 0.3229
 -- Sample 31: 0.4385
 -- Sample 32: 0.3535
 -- Sample 33: 0.4659
 -- Sample 34: 1.2384
 -- Sample 35: 1.1718
 -- Sample 36: 1.2160
 -- Sample 37: 1.2070
 -- Sample 38: 1.1721
 -- Sample 39: 1.1474
 -- Sample 40: 1.1398
 -- Sample 41: 1.4336
 -- Sample 42: 0.7992
 -- Sample 43: 0.6539
 -- Sample 44: 0.8167
 -- Sample 45: 0.6991
 -- Sample 46: 0.8178
 -- Sample 47: 0.8238
 -- Sample 48: 0.8876
 -- Sample 49: 0.7864
Mean: 0.8594, Std: 0.4470
------------------------------------------------------------------
Tortuosity Comparison:
 -- Sample 0: 19.1969%
 -- Sample 1: 13.6534%
 -- Sample 2: 14.7356%
 -- Sample 3: 11.3755%
 -- Sample 4: 10.4811%
 -- Sample 5: 13.6360%
 -- Sample 6: 8.6944%
 -- Sample 7: 7.8302%
 -- Sample 8: 8.3469%
 -- Sample 9: 7.1367%
 -- Sample 10: 11.6976%
 -- Sample 11: 11.5336%
 -- Sample 12: 8.7888%
 -- Sample 13: 11.9712%
 -- Sample 14: 8.6257%
 -- Sample 15: 0.9879%
 -- Sample 16: 9.9115%
 -- Sample 17: 3.4128%
 -- Sample 18: 13.7548%
 -- Sample 19: 17.0822%
 -- Sample 20: 15.0373%
 -- Sample 21: 10.1777%
 -- Sample 22: 8.1962%
 -- Sample 23: 3.5877%
 -- Sample 24: 10.9761%
 -- Sample 25: 5.2458%
 -- Sample 26: 16.5818%
 -- Sample 27: 17.4999%
 -- Sample 28: 19.3985%
 -- Sample 29: 12.6050%
 -- Sample 30: 7.6340%
 -- Sample 31: 10.3469%
 -- Sample 32: 8.3564%
 -- Sample 33: 9.9130%
 -- Sample 34: 7.4931%
 -- Sample 35: 1.2238%
 -- Sample 36: 2.4251%
 -- Sample 37: 3.1698%
 -- Sample 38: 6.8893%
 -- Sample 39: 5.7192%
 -- Sample 40: 4.2471%
 -- Sample 41: 7.9698%
 -- Sample 42: 14.0103%
 -- Sample 43: 14.4613%
 -- Sample 44: 11.6478%
 -- Sample 45: 14.4441%
 -- Sample 46: 12.0834%
 -- Sample 47: 13.3058%
 -- Sample 48: 15.2880%
 -- Sample 49: 13.4262%
Mean: 10.3243%, Std: 4.4979%
------------------------------------------------------------------
Evaluating Divergent:
 -- Sample 0: 62.3513%
 -- Sample 1: 63.8943%
 -- Sample 2: 59.9993%
 -- Sample 3: 59.9336%
 -- Sample 4: 59.4898%
 -- Sample 5: 60.8165%
 -- Sample 6: 63.2316%
 -- Sample 7: 62.8833%
 -- Sample 8: 62.6578%
 -- Sample 9: 62.9385%
 -- Sample 10: 64.1990%
 -- Sample 11: 63.4806%
 -- Sample 12: 63.9939%
 -- Sample 13: 63.5202%
 -- Sample 14: 64.5873%
 -- Sample 15: 60.6860%
 -- Sample 16: 65.0970%
 -- Sample 17: 60.4284%
 -- Sample 18: 67.3844%
 -- Sample 19: 67.3807%
 -- Sample 20: 67.6087%
 -- Sample 21: 66.0805%
 -- Sample 22: 63.0383%
 -- Sample 23: 64.0650%
 -- Sample 24: 63.8846%
 -- Sample 25: 64.2128%
 -- Sample 26: 65.1745%
 -- Sample 27: 63.1529%
 -- Sample 28: 64.9619%
 -- Sample 29: 63.9579%
 -- Sample 30: 60.5245%
 -- Sample 31: 62.2778%
 -- Sample 32: 60.9118%
 -- Sample 33: 63.0599%
 -- Sample 34: 64.6840%
 -- Sample 35: 63.9226%
 -- Sample 36: 64.2365%
 -- Sample 37: 63.3035%
 -- Sample 38: 60.1169%
 -- Sample 39: 61.1315%
 -- Sample 40: 59.4938%
 -- Sample 41: 61.3885%
 -- Sample 42: 67.2003%
 -- Sample 43: 67.2714%
 -- Sample 44: 67.5179%
 -- Sample 45: 67.6791%
 -- Sample 46: 64.3749%
 -- Sample 47: 64.0027%
 -- Sample 48: 64.5310%
 -- Sample 49: 64.0930%
Mean: 63.5362%, Std: 2.2540%
------------------------------------------------------------------
Processing Batch 5 (Size: 50)...
input shape:  torch.Size([50, 1, 120, 120, 120])
output shape:  torch.Size([50, 4, 120, 120, 120])
target shape:  torch.Size([50, 4, 120, 120, 120])
Bias Error: using velocity magnitude
Mean: 36.6562, Std: 37.8988
------------------------------------------------------------------
Magnitude Error: 
 -- Sample 0: mean=39.4466%; std=24.1579
 -- Sample 1: mean=38.5295%; std=23.0341
 -- Sample 2: mean=44.9786%; std=25.4896
 -- Sample 3: mean=36.7439%; std=21.6340
 -- Sample 4: mean=103.5592%; std=88.5441
 -- Sample 5: mean=117.7671%; std=100.9468
 -- Sample 6: mean=83.1454%; std=70.9649
 -- Sample 7: mean=102.7912%; std=82.6382
 -- Sample 8: mean=163.4957%; std=160.2419
 -- Sample 9: mean=149.2705%; std=130.6154
 -- Sample 10: mean=126.0373%; std=110.9660
 -- Sample 11: mean=103.7861%; std=87.5254
 -- Sample 12: mean=34.2484%; std=25.8415
 -- Sample 13: mean=31.4598%; std=21.7952
 -- Sample 14: mean=38.4272%; std=27.2907
 -- Sample 15: mean=36.5039%; std=25.2866
 -- Sample 16: mean=35.9970%; std=21.1452
 -- Sample 17: mean=38.8106%; std=22.3749
 -- Sample 18: mean=31.4533%; std=22.2391
 -- Sample 19: mean=35.6857%; std=21.1890
 -- Sample 20: mean=28.2703%; std=18.6461
 -- Sample 21: mean=30.5007%; std=18.1433
 -- Sample 22: mean=28.0970%; std=18.7423
 -- Sample 23: mean=28.2570%; std=17.2279
 -- Sample 24: mean=29.3070%; std=23.2645
 -- Sample 25: mean=29.1713%; std=21.1186
 -- Sample 26: mean=24.5771%; std=19.1153
 -- Sample 27: mean=26.7774%; std=19.1469
 -- Sample 28: mean=27.2968%; std=18.8862
 -- Sample 29: mean=42.8231%; std=31.3362
 -- Sample 30: mean=30.7192%; std=25.6959
 -- Sample 31: mean=32.7194%; std=25.6528
 -- Sample 32: mean=25.1819%; std=18.7125
 -- Sample 33: mean=27.9575%; std=21.8641
 -- Sample 34: mean=25.8453%; std=18.8818
 -- Sample 35: mean=23.8435%; std=20.4629
 -- Sample 36: mean=88.0825%; std=98.8357
 -- Sample 37: mean=77.8138%; std=91.8769
 -- Sample 38: mean=81.0083%; std=93.6121
 -- Sample 39: mean=67.1704%; std=77.4039
 -- Sample 40: mean=39.9514%; std=24.4124
 -- Sample 41: mean=44.2708%; std=22.5273
 -- Sample 42: mean=45.2364%; std=25.1133
 -- Sample 43: mean=44.4865%; std=23.2672
 -- Sample 44: mean=31.2926%; std=19.1682
 -- Sample 45: mean=33.0077%; std=19.9865
 -- Sample 46: mean=37.4905%; std=20.2328
 -- Sample 47: mean=37.6693%; std=19.8819
 -- Sample 48: mean=36.7789%; std=19.3022
 -- Sample 49: mean=42.7883%; std=19.3620
Mean: 51.2106%, Std: 33.8249%
------------------------------------------------------------------
Angular error:
 -- Sample 0: mean=49.7154º; std=39.7393
 -- Sample 1: mean=45.1420º; std=39.3427
 -- Sample 2: mean=50.2374º; std=39.3807
 -- Sample 3: mean=46.5805º; std=40.8916
 -- Sample 4: mean=44.8765º; std=37.3617
 -- Sample 5: mean=42.9450º; std=38.9311
 -- Sample 6: mean=45.5685º; std=38.9277
 -- Sample 7: mean=43.7927º; std=39.4551
 -- Sample 8: mean=49.4156º; std=38.8265
 -- Sample 9: mean=50.9320º; std=39.3022
 -- Sample 10: mean=48.5061º; std=37.1792
 -- Sample 11: mean=52.6765º; std=40.1754
 -- Sample 12: mean=40.8558º; std=36.1615
 -- Sample 13: mean=39.8153º; std=35.1647
 -- Sample 14: mean=42.8157º; std=36.8136
 -- Sample 15: mean=42.8104º; std=37.1284
 -- Sample 16: mean=39.2924º; std=33.0365
 -- Sample 17: mean=38.3775º; std=32.2937
 -- Sample 18: mean=38.0754º; std=32.0135
 -- Sample 19: mean=38.4716º; std=32.5532
 -- Sample 20: mean=41.1808º; std=37.9813
 -- Sample 21: mean=43.9303º; std=39.9677
 -- Sample 22: mean=41.9480º; std=38.2642
 -- Sample 23: mean=41.7732º; std=38.0318
 -- Sample 24: mean=32.8286º; std=31.6889
 -- Sample 25: mean=32.1835º; std=30.8687
 -- Sample 26: mean=31.6479º; std=30.4323
 -- Sample 27: mean=31.2336º; std=30.6252
 -- Sample 28: mean=38.7889º; std=34.1261
 -- Sample 29: mean=41.3868º; std=35.3538
 -- Sample 30: mean=38.6114º; std=34.6689
 -- Sample 31: mean=40.9861º; std=34.1262
 -- Sample 32: mean=46.4391º; std=37.3505
 -- Sample 33: mean=43.7230º; std=37.3020
 -- Sample 34: mean=46.7884º; std=37.3719
 -- Sample 35: mean=44.5581º; std=39.4709
 -- Sample 36: mean=45.1869º; std=40.1619
 -- Sample 37: mean=47.3653º; std=40.7320
 -- Sample 38: mean=48.5529º; std=43.4263
 -- Sample 39: mean=47.4406º; std=40.1483
 -- Sample 40: mean=43.6466º; std=37.2140
 -- Sample 41: mean=41.4898º; std=35.8596
 -- Sample 42: mean=41.8463º; std=35.7020
 -- Sample 43: mean=43.4814º; std=36.1904
 -- Sample 44: mean=40.6235º; std=36.7215
 -- Sample 45: mean=40.1435º; std=35.3326
 -- Sample 46: mean=40.3035º; std=35.9393
 -- Sample 47: mean=42.2821º; std=37.0226
 -- Sample 48: mean=36.5770º; std=32.4926
 -- Sample 49: mean=37.9204º; std=33.5551
Mean: 42.5154º, Std: 4.8399º
------------------------------------------------------------------
Correlation comparison:
 -- Sample 0: 0.8452
 -- Sample 1: 0.9005
 -- Sample 2: 0.8277
 -- Sample 3: 0.9038
 -- Sample 4: 0.7480
 -- Sample 5: 0.7919
 -- Sample 6: 0.7726
 -- Sample 7: 0.8036
 -- Sample 8: 0.6830
 -- Sample 9: 0.7043
 -- Sample 10: 0.7173
 -- Sample 11: 0.7316
 -- Sample 12: 0.8553
 -- Sample 13: 0.8815
 -- Sample 14: 0.8192
 -- Sample 15: 0.8413
 -- Sample 16: 0.8967
 -- Sample 17: 0.8702
 -- Sample 18: 0.8996
 -- Sample 19: 0.8813
 -- Sample 20: 0.9143
 -- Sample 21: 0.9041
 -- Sample 22: 0.9221
 -- Sample 23: 0.9281
 -- Sample 24: 0.8901
 -- Sample 25: 0.8932
 -- Sample 26: 0.9280
 -- Sample 27: 0.9104
 -- Sample 28: 0.9231
 -- Sample 29: 0.8319
 -- Sample 30: 0.9177
 -- Sample 31: 0.9037
 -- Sample 32: 0.9577
 -- Sample 33: 0.9349
 -- Sample 34: 0.9475
 -- Sample 35: 0.9596
 -- Sample 36: 0.6979
 -- Sample 37: 0.7127
 -- Sample 38: 0.6789
 -- Sample 39: 0.7088
 -- Sample 40: 0.8367
 -- Sample 41: 0.7887
 -- Sample 42: 0.8126
 -- Sample 43: 0.8267
 -- Sample 44: 0.9324
 -- Sample 45: 0.9300
 -- Sample 46: 0.9223
 -- Sample 47: 0.9325
 -- Sample 48: 0.8941
 -- Sample 49: 0.8747
Mean=0.8518, Std=0.0808
------------------------------------------------------------------
Flux Error:
 -- Sample 0: 0.8300
 -- Sample 1: 0.3726
 -- Sample 2: 0.6875
 -- Sample 3: 0.4081
 -- Sample 4: 1.6878
 -- Sample 5: 1.7251
 -- Sample 6: 1.4572
 -- Sample 7: 1.5583
 -- Sample 8: 2.2731
 -- Sample 9: 1.8514
 -- Sample 10: 1.9140
 -- Sample 11: 1.4126
 -- Sample 12: 0.6589
 -- Sample 13: 0.2431
 -- Sample 14: 0.6183
 -- Sample 15: 0.2952
 -- Sample 16: 0.3830
 -- Sample 17: 0.3582
 -- Sample 18: 0.3793
 -- Sample 19: 0.3820
 -- Sample 20: 0.6189
 -- Sample 21: 0.8297
 -- Sample 22: 0.6187
 -- Sample 23: 0.7791
 -- Sample 24: 0.4058
 -- Sample 25: 0.7075
 -- Sample 26: 0.4124
 -- Sample 27: 0.6618
 -- Sample 28: 0.7525
 -- Sample 29: 0.8970
 -- Sample 30: 0.7721
 -- Sample 31: 0.8774
 -- Sample 32: 0.5856
 -- Sample 33: 0.7427
 -- Sample 34: 0.6108
 -- Sample 35: 0.7610
 -- Sample 36: 1.3040
 -- Sample 37: 1.2302
 -- Sample 38: 1.2252
 -- Sample 39: 1.0676
 -- Sample 40: 0.4274
 -- Sample 41: 0.4287
 -- Sample 42: 0.4513
 -- Sample 43: 0.4684
 -- Sample 44: 0.3486
 -- Sample 45: 0.7110
 -- Sample 46: 0.3671
 -- Sample 47: 0.6947
 -- Sample 48: 0.3377
 -- Sample 49: 0.5114
Mean: 0.8020, Std: 0.4826
------------------------------------------------------------------
Tortuosity Comparison:
 -- Sample 0: 14.5388%
 -- Sample 1: 7.2062%
 -- Sample 2: 13.0015%
 -- Sample 3: 8.6394%
 -- Sample 4: 15.8962%
 -- Sample 5: 12.5220%
 -- Sample 6: 14.6575%
 -- Sample 7: 13.5389%
 -- Sample 8: 18.9769%
 -- Sample 9: 16.3765%
 -- Sample 10: 18.1681%
 -- Sample 11: 14.7444%
 -- Sample 12: 12.3229%
 -- Sample 13: 7.1235%
 -- Sample 14: 9.1215%
 -- Sample 15: 6.7023%
 -- Sample 16: 15.5310%
 -- Sample 17: 13.7236%
 -- Sample 18: 15.7033%
 -- Sample 19: 14.0595%
 -- Sample 20: 6.2266%
 -- Sample 21: 8.9887%
 -- Sample 22: 8.4028%
 -- Sample 23: 6.2443%
 -- Sample 24: 9.1834%
 -- Sample 25: 11.0630%
 -- Sample 26: 9.3267%
 -- Sample 27: 10.2652%
 -- Sample 28: 7.7240%
 -- Sample 29: 10.0323%
 -- Sample 30: 5.1614%
 -- Sample 31: 10.3829%
 -- Sample 32: 10.2567%
 -- Sample 33: 11.7097%
 -- Sample 34: 12.2576%
 -- Sample 35: 10.2222%
 -- Sample 36: 13.0475%
 -- Sample 37: 15.5180%
 -- Sample 38: 11.6289%
 -- Sample 39: 14.8619%
 -- Sample 40: 12.7069%
 -- Sample 41: 14.9310%
 -- Sample 42: 7.7344%
 -- Sample 43: 12.6476%
 -- Sample 44: 8.2179%
 -- Sample 45: 12.0027%
 -- Sample 46: 5.4553%
 -- Sample 47: 10.1972%
 -- Sample 48: 8.0104%
 -- Sample 49: 6.0987%
Mean: 11.2612%, Std: 3.4418%
------------------------------------------------------------------
Evaluating Divergent:
 -- Sample 0: 66.7420%
 -- Sample 1: 64.0047%
 -- Sample 2: 66.8291%
 -- Sample 3: 63.8584%
 -- Sample 4: 66.3110%
 -- Sample 5: 64.1127%
 -- Sample 6: 65.3102%
 -- Sample 7: 64.1615%
 -- Sample 8: 65.1496%
 -- Sample 9: 64.9984%
 -- Sample 10: 65.4427%
 -- Sample 11: 64.9206%
 -- Sample 12: 64.0595%
 -- Sample 13: 63.6429%
 -- Sample 14: 64.7939%
 -- Sample 15: 63.7177%
 -- Sample 16: 62.9923%
 -- Sample 17: 61.2423%
 -- Sample 18: 61.6030%
 -- Sample 19: 60.5678%
 -- Sample 20: 61.3924%
 -- Sample 21: 61.7333%
 -- Sample 22: 61.8732%
 -- Sample 23: 61.7769%
 -- Sample 24: 59.8281%
 -- Sample 25: 59.4143%
 -- Sample 26: 60.3351%
 -- Sample 27: 58.6982%
 -- Sample 28: 62.2968%
 -- Sample 29: 64.1660%
 -- Sample 30: 61.3511%
 -- Sample 31: 63.7625%
 -- Sample 32: 63.5506%
 -- Sample 33: 63.5174%
 -- Sample 34: 63.3566%
 -- Sample 35: 63.3130%
 -- Sample 36: 64.9563%
 -- Sample 37: 66.4411%
 -- Sample 38: 64.8402%
 -- Sample 39: 66.8661%
 -- Sample 40: 66.2751%
 -- Sample 41: 63.4004%
 -- Sample 42: 66.3093%
 -- Sample 43: 63.9010%
 -- Sample 44: 59.8727%
 -- Sample 45: 62.5126%
 -- Sample 46: 60.4675%
 -- Sample 47: 62.5568%
 -- Sample 48: 61.7268%
 -- Sample 49: 61.0990%
Mean: 63.3210%, Std: 2.0909%
------------------------------------------------------------------
Processing Batch 6 (Size: 34)...
input shape:  torch.Size([34, 1, 120, 120, 120])
output shape:  torch.Size([34, 4, 120, 120, 120])
target shape:  torch.Size([34, 4, 120, 120, 120])
Bias Error: using velocity magnitude
Mean: 48.0322, Std: 50.5676
------------------------------------------------------------------
Magnitude Error: 
 -- Sample 0: mean=41.5734%; std=22.7851
 -- Sample 1: mean=39.1834%; std=20.9563
 -- Sample 2: mean=158.7894%; std=149.7709
 -- Sample 3: mean=127.1394%; std=114.3056
 -- Sample 4: mean=134.9750%; std=119.3788
 -- Sample 5: mean=141.0428%; std=136.4778
 -- Sample 6: mean=187.3369%; std=192.7729
 -- Sample 7: mean=174.4504%; std=170.9742
 -- Sample 8: mean=179.1689%; std=176.8678
 -- Sample 9: mean=189.1768%; std=176.8304
 -- Sample 10: mean=39.2730%; std=26.3186
 -- Sample 11: mean=36.3572%; std=25.0019
 -- Sample 12: mean=37.6955%; std=23.8681
 -- Sample 13: mean=38.6876%; std=24.1430
 -- Sample 14: mean=33.9123%; std=30.7175
 -- Sample 15: mean=37.2116%; std=29.4293
 -- Sample 16: mean=33.9713%; std=28.4817
 -- Sample 17: mean=35.8265%; std=26.5883
 -- Sample 18: mean=61.6150%; std=48.4418
 -- Sample 19: mean=69.5861%; std=47.6937
 -- Sample 20: mean=62.5162%; std=51.0587
 -- Sample 21: mean=68.5658%; std=52.3103
 -- Sample 22: mean=71.3984%; std=76.8751
 -- Sample 23: mean=73.6244%; std=80.4445
 -- Sample 24: mean=83.5111%; std=88.6721
 -- Sample 25: mean=78.7956%; std=88.7347
 -- Sample 26: mean=49.8138%; std=34.5494
 -- Sample 27: mean=49.0826%; std=28.5916
 -- Sample 28: mean=54.3198%; std=30.3335
 -- Sample 29: mean=47.9298%; std=25.6491
 -- Sample 30: mean=44.7603%; std=25.7159
 -- Sample 31: mean=41.0704%; std=25.9987
 -- Sample 32: mean=34.5578%; std=19.7974
 -- Sample 33: mean=37.1963%; std=24.2348
Mean: 76.2975%, Std: 50.3974%
------------------------------------------------------------------
Angular error:
 -- Sample 0: mean=37.9709º; std=33.9115
 -- Sample 1: mean=38.9882º; std=34.3936
 -- Sample 2: mean=36.6446º; std=35.1764
 -- Sample 3: mean=37.9146º; std=36.1404
 -- Sample 4: mean=35.5530º; std=34.5848
 -- Sample 5: mean=36.0505º; std=35.5826
 -- Sample 6: mean=40.4340º; std=38.3247
 -- Sample 7: mean=42.0650º; std=38.3786
 -- Sample 8: mean=40.2548º; std=38.0036
 -- Sample 9: mean=43.9310º; std=40.6201
 -- Sample 10: mean=50.3778º; std=39.9598
 -- Sample 11: mean=50.7721º; std=39.7358
 -- Sample 12: mean=50.7096º; std=40.6182
 -- Sample 13: mean=50.4731º; std=39.6273
 -- Sample 14: mean=39.8213º; std=36.9474
 -- Sample 15: mean=40.2544º; std=35.4941
 -- Sample 16: mean=41.2527º; std=37.3077
 -- Sample 17: mean=42.4403º; std=37.9916
 -- Sample 18: mean=41.4322º; std=36.1642
 -- Sample 19: mean=40.2101º; std=36.4894
 -- Sample 20: mean=41.6045º; std=36.3920
 -- Sample 21: mean=40.7064º; std=36.7108
 -- Sample 22: mean=32.2759º; std=31.2788
 -- Sample 23: mean=32.1453º; std=31.7480
 -- Sample 24: mean=32.6001º; std=30.9876
 -- Sample 25: mean=31.4270º; std=30.6271
 -- Sample 26: mean=49.7907º; std=39.3153
 -- Sample 27: mean=53.4225º; std=40.5899
 -- Sample 28: mean=55.7429º; std=40.9146
 -- Sample 29: mean=55.7649º; std=41.8969
 -- Sample 30: mean=47.6669º; std=39.4460
 -- Sample 31: mean=48.4663º; std=39.6002
 -- Sample 32: mean=47.9807º; std=40.0809
 -- Sample 33: mean=48.7118º; std=40.0233
Mean: 42.8193º, Std: 6.7711º
------------------------------------------------------------------
Correlation comparison:
 -- Sample 0: 0.8760
 -- Sample 1: 0.8964
 -- Sample 2: 0.6162
 -- Sample 3: 0.6534
 -- Sample 4: 0.6481
 -- Sample 5: 0.6317
 -- Sample 6: 0.5750
 -- Sample 7: 0.5854
 -- Sample 8: 0.6144
 -- Sample 9: 0.6195
 -- Sample 10: 0.8595
 -- Sample 11: 0.8930
 -- Sample 12: 0.8769
 -- Sample 13: 0.8506
 -- Sample 14: 0.8757
 -- Sample 15: 0.8414
 -- Sample 16: 0.8694
 -- Sample 17: 0.8506
 -- Sample 18: 0.6774
 -- Sample 19: 0.7112
 -- Sample 20: 0.6467
 -- Sample 21: 0.6762
 -- Sample 22: 0.7956
 -- Sample 23: 0.8013
 -- Sample 24: 0.7922
 -- Sample 25: 0.7931
 -- Sample 26: 0.7900
 -- Sample 27: 0.7744
 -- Sample 28: 0.7721
 -- Sample 29: 0.8202
 -- Sample 30: 0.8509
 -- Sample 31: 0.8347
 -- Sample 32: 0.8915
 -- Sample 33: 0.8191
Mean=0.7670, Std=0.1030
------------------------------------------------------------------
Flux Error:
 -- Sample 0: 0.3948
 -- Sample 1: 0.5520
 -- Sample 2: 1.6508
 -- Sample 3: 1.4879
 -- Sample 4: 1.3877
 -- Sample 5: 1.6109
 -- Sample 6: 2.3031
 -- Sample 7: 2.2456
 -- Sample 8: 2.2384
 -- Sample 9: 2.4134
 -- Sample 10: 0.4393
 -- Sample 11: 0.6222
 -- Sample 12: 0.4690
 -- Sample 13: 0.5244
 -- Sample 14: 0.6424
 -- Sample 15: 0.4025
 -- Sample 16: 0.6095
 -- Sample 17: 0.3995
 -- Sample 18: 1.1101
 -- Sample 19: 0.8913
 -- Sample 20: 1.1771
 -- Sample 21: 0.8627
 -- Sample 22: 1.1617
 -- Sample 23: 1.0034
 -- Sample 24: 1.3002
 -- Sample 25: 1.1002
 -- Sample 26: 0.4910
 -- Sample 27: 0.5929
 -- Sample 28: 0.3674
 -- Sample 29: 0.5634
 -- Sample 30: 0.4851
 -- Sample 31: 0.6705
 -- Sample 32: 0.4449
 -- Sample 33: 0.6451
Mean: 0.9782, Std: 0.6064
------------------------------------------------------------------
Tortuosity Comparison:
 -- Sample 0: 8.1423%
 -- Sample 1: 6.1755%
 -- Sample 2: 8.4987%
 -- Sample 3: 6.9138%
 -- Sample 4: 6.7767%
 -- Sample 5: 8.2729%
 -- Sample 6: 12.5100%
 -- Sample 7: 16.6251%
 -- Sample 8: 14.3509%
 -- Sample 9: 15.3273%
 -- Sample 10: 0.6861%
 -- Sample 11: 2.4617%
 -- Sample 12: 2.8749%
 -- Sample 13: 0.7069%
 -- Sample 14: 9.5007%
 -- Sample 15: 10.8901%
 -- Sample 16: 10.3204%
 -- Sample 17: 8.2037%
 -- Sample 18: 9.9462%
 -- Sample 19: 8.4465%
 -- Sample 20: 7.8802%
 -- Sample 21: 5.8778%
 -- Sample 22: 7.4462%
 -- Sample 23: 7.8296%
 -- Sample 24: 9.8106%
 -- Sample 25: 8.2824%
 -- Sample 26: 1.8472%
 -- Sample 27: 0.3747%
 -- Sample 28: 8.9555%
 -- Sample 29: 0.4528%
 -- Sample 30: 4.8578%
 -- Sample 31: 7.3814%
 -- Sample 32: 4.0411%
 -- Sample 33: 7.4653%
Mean: 7.3569%, Std: 4.0329%
------------------------------------------------------------------
Evaluating Divergent:
 -- Sample 0: 61.8942%
 -- Sample 1: 61.2985%
 -- Sample 2: 59.5093%
 -- Sample 3: 59.8477%
 -- Sample 4: 59.3670%
 -- Sample 5: 59.6014%
 -- Sample 6: 61.1282%
 -- Sample 7: 63.9474%
 -- Sample 8: 62.1816%
 -- Sample 9: 63.6990%
 -- Sample 10: 65.8312%
 -- Sample 11: 65.8638%
 -- Sample 12: 65.4314%
 -- Sample 13: 66.3453%
 -- Sample 14: 61.9556%
 -- Sample 15: 63.0524%
 -- Sample 16: 62.9584%
 -- Sample 17: 63.0183%
 -- Sample 18: 62.7323%
 -- Sample 19: 62.0516%
 -- Sample 20: 63.0401%
 -- Sample 21: 63.0267%
 -- Sample 22: 60.3496%
 -- Sample 23: 58.9702%
 -- Sample 24: 60.4465%
 -- Sample 25: 58.8072%
 -- Sample 26: 67.2866%
 -- Sample 27: 67.8082%
 -- Sample 28: 67.9360%
 -- Sample 29: 67.7310%
 -- Sample 30: 64.4688%
 -- Sample 31: 64.4949%
 -- Sample 32: 64.5938%
 -- Sample 33: 64.4871%
Mean: 63.0930%, Std: 2.6368%
------------------------------------------------------------------

-----------------------------------------------------



Mean Bias Error      [%]
                    Ko et. al (Etapas 3)     Mediana
Spherical Pores                18.489838   18.489838
Spherical Grains               65.710256   65.710256
Cylindrical Pores              37.409829   37.409829
Cylindrical Grains             26.991241   26.991241
Bentheimer                     33.693109   33.693109
Berea Buff                     35.964086   35.964086
Leopard                       708.320457  708.320457
Castle Gate                    61.288627   61.288627
Berea Upper Gray               65.427031   65.427031
Berea Sinter Gray             153.180177  153.180177
Berea                          39.181045   39.181045
Mediana                        39.181045   39.181045


Mean Magnitude Error [%]
                    Ko et. al (Etapas 3)     Mediana
Spherical Pores                30.865137   30.865137
Spherical Grains               77.830237   77.830237
Cylindrical Pores              43.725839   43.725839
Cylindrical Grains             42.404744   42.404744
Bentheimer                     54.808082   54.808082
Berea Buff                     58.003574   58.003574
Leopard                       848.146988  848.146988
Castle Gate                    87.299921   87.299921
Berea Upper Gray               80.769440   80.769440
Berea Sinter Gray             128.886047  128.886047
Berea                          59.364409   59.364409
Mediana                        59.364409   59.364409


Mean Correlation        
                    Ko et. al (Etapas 3)   Mediana
Spherical Pores                 0.926761  0.926761
Spherical Grains                0.865544  0.865544
Cylindrical Pores               0.857770  0.857770
Cylindrical Grains              0.889681  0.889681
Bentheimer                      0.843681  0.843681
Berea Buff                      0.832666  0.832666
Leopard                         0.713207  0.713207
Castle Gate                     0.822916  0.822916
Berea Upper Gray                0.744597  0.744597
Berea Sinter Gray               0.777320  0.777320
Berea                           0.823088  0.823088
Mediana                         0.832666  0.832666


Mean Angular Error    [Deg]
                    Ko et. al (Etapas 3)    Mediana
Spherical Pores                31.589855  31.589855
Spherical Grains               33.306506  33.306506
Cylindrical Pores              41.129206  41.129206
Cylindrical Grains             30.807114  30.807114
Bentheimer                     40.574627  40.574627
Berea Buff                     41.847293  41.847293
Leopard                        48.424795  48.424795
Castle Gate                    41.318871  41.318871
Berea Upper Gray               49.659634  49.659634
Berea Sinter Gray              47.116909  47.116909
Berea                          43.799009  43.799009
Mediana                        41.318871  41.318871


Mean Tortuosity Error   [%]
                    Ko et. al (Etapas 3)    Mediana
Spherical Pores                 6.621522   6.621522
Spherical Grains                5.720462   5.720462
Cylindrical Pores               5.951172   5.951172
Cylindrical Grains              5.118260   5.118260
Bentheimer                      7.704807   7.704807
Berea Buff                      7.249794   7.249794
Leopard                         9.843904   9.843904
Castle Gate                     9.480418   9.480418
Berea Upper Gray               14.125439  14.125439
Berea Sinter Gray              11.827961  11.827961
Berea                          10.765780  10.765780
Mediana                         7.704807   7.704807


Mean Divergent Residual [%]
                    Ko et. al (Etapas 3)    Mediana
Spherical Pores                48.729642  48.729642
Spherical Grains               60.008700  60.008700
Cylindrical Pores              55.070499  55.070499
Cylindrical Grains             56.669486  56.669486
Bentheimer                     62.152121  62.152121
Berea Buff                     62.317648  62.317648
Leopard                        65.924382  65.924382
Castle Gate                    62.241986  62.241986
Berea Upper Gray               64.956221  64.956221
Berea Sinter Gray              64.682466  64.682466
Berea                          63.437108  63.437108
Mediana                        62.241986  62.241986


Mean Flux Error            
                    Ko et. al (Etapas 3)    Mediana
Spherical Pores                 0.466264   0.466264
Spherical Grains                1.091233   1.091233
Cylindrical Pores               0.646495   0.646495
Cylindrical Grains              0.713259   0.713259
Bentheimer                      0.802576   0.802576
Berea Buff                      0.886192   0.886192
Leopard                        10.496366  10.496366
Castle Gate                     1.191621   1.191621
Berea Upper Gray                1.285755   1.285755
Berea Sinter Gray               2.273931   2.273931
Berea                           0.886798   0.886798
Mediana                         0.886798   0.886798

Saving dataframe in:  ../NN_Results/Mean_Bias_Error______[%].tex
Saving dataframe in:  ../NN_Results/Mean_Magnitude_Error_[%].tex
Saving dataframe in:  ../NN_Results/Mean_Correlation________.tex
Saving dataframe in:  ../NN_Results/Mean_Angular_Error____[Deg].tex
Saving dataframe in:  ../NN_Results/Mean_Tortuosity_Error___[%].tex
Saving dataframe in:  ../NN_Results/Mean_Divergent_Residual_[%].tex
Saving dataframe in:  ../NN_Results/Mean_Flux_Error____________.tex
