Initializing models...
Number of Filters:  [128, 32, 8, 2]
Number of Filters:  [128, 32, 8, 2]
Number of Filters:  [128, 32, 8, 2]
Number of Filters:  [128, 32, 8, 2]
Number of Filters:  [128, 32, 8, 2]
Number of Filters:  [128, 32, 8, 2]
Number of Filters:  [128, 32, 8, 2]
Number of Filters:  [128, 32, 8, 2]
Number of Filters:  [128, 32, 8, 2]
Number of Filters:  [128, 32, 8, 2]
Number of Filters:  [128, 32, 8, 2]
Number of Filters:  [128, 32, 8, 2]
Number of Filters:  [128, 32, 8, 2]
Number of Filters:  [128, 32, 8, 2]
Number of Filters:  [128, 32, 8, 2]
Number of Filters:  [128, 32, 8, 2]
Models initialized successfully. Starting evaluation...

Processing Dataset: Spherical Pores
Considering 128 samples from ../NN_Datasets_Grad_Dist_40_5_55/Test_Silveira_SphPore_SAug_DNorm.h5.
  Processing Batch 1 (Size: 50)...
    Evaluating Javier Santos (D0 N4)
Bias Error: using Single Component
Mean: 388.2867, Std: 222.1175
------------------------------------------------------------------
Magnitude Error: 
 -- Sample 0: mean=257.5790%; std=159.6230
 -- Sample 1: mean=261.7213%; std=165.2611
 -- Sample 2: mean=260.7408%; std=167.6117
 -- Sample 3: mean=253.7172%; std=159.6239
 -- Sample 4: mean=201.7588%; std=138.8378
 -- Sample 5: mean=207.0182%; std=142.8285
 -- Sample 6: mean=201.7336%; std=137.2566
 -- Sample 7: mean=207.5157%; std=142.3070
 -- Sample 8: mean=236.6751%; std=155.8890
 -- Sample 9: mean=234.4990%; std=154.8210
 -- Sample 10: mean=240.4455%; std=158.4358
 -- Sample 11: mean=227.4865%; std=148.5463
 -- Sample 12: mean=240.4951%; std=139.6820
 -- Sample 13: mean=242.6898%; std=140.3300
 -- Sample 14: mean=238.0600%; std=142.9008
 -- Sample 15: mean=235.9639%; std=136.9036
 -- Sample 16: mean=256.8390%; std=137.6787
 -- Sample 17: mean=256.4062%; std=142.6923
 -- Sample 18: mean=258.0003%; std=144.1835
 -- Sample 19: mean=244.6728%; std=134.3678
 -- Sample 20: mean=308.8160%; std=190.0719
 -- Sample 21: mean=320.8478%; std=214.6583
 -- Sample 22: mean=307.4005%; std=193.0522
 -- Sample 23: mean=307.3510%; std=191.7668
 -- Sample 24: mean=533.3730%; std=383.6743
 -- Sample 25: mean=505.3090%; std=364.7081
 -- Sample 26: mean=523.6353%; std=381.6793
 -- Sample 27: mean=509.2929%; std=352.3731
 -- Sample 28: mean=561.8486%; std=340.7121
 -- Sample 29: mean=573.7660%; std=328.6602
 -- Sample 30: mean=580.4064%; std=332.0008
 -- Sample 31: mean=571.6835%; std=320.5322
 -- Sample 32: mean=129.3824%; std=97.3345
 -- Sample 33: mean=123.5071%; std=92.4896
 -- Sample 34: mean=127.5828%; std=96.0613
 -- Sample 35: mean=123.8486%; std=92.1166
 -- Sample 36: mean=148.0456%; std=99.4840
 -- Sample 37: mean=148.6223%; std=99.7675
 -- Sample 38: mean=149.7555%; std=100.0414
 -- Sample 39: mean=148.6414%; std=99.9413
 -- Sample 40: mean=115.9972%; std=75.2351
 -- Sample 41: mean=105.4778%; std=74.6061
 -- Sample 42: mean=109.3277%; std=75.5943
 -- Sample 43: mean=115.7216%; std=76.7149
 -- Sample 44: mean=97.2445%; std=67.5252
 -- Sample 45: mean=94.2912%; std=61.2649
 -- Sample 46: mean=90.4811%; std=59.3203
 -- Sample 47: mean=88.6299%; std=60.5199
 -- Sample 48: mean=146.7520%; std=91.7527
 -- Sample 49: mean=142.7464%; std=91.4998
Mean: 251.4761%, Std: 143.3818%
------------------------------------------------------------------
Correlation comparison:
 -- Sample 0: 0.6219
 -- Sample 1: 0.6349
 -- Sample 2: 0.6251
 -- Sample 3: 0.6200
 -- Sample 4: 0.7576
 -- Sample 5: 0.7612
 -- Sample 6: 0.7615
 -- Sample 7: 0.7605
 -- Sample 8: 0.7948
 -- Sample 9: 0.7937
 -- Sample 10: 0.7845
 -- Sample 11: 0.7943
 -- Sample 12: 0.8005
 -- Sample 13: 0.8051
 -- Sample 14: 0.7915
 -- Sample 15: 0.7971
 -- Sample 16: 0.8344
 -- Sample 17: 0.8027
 -- Sample 18: 0.8201
 -- Sample 19: 0.8099
 -- Sample 20: 0.7669
 -- Sample 21: 0.7302
 -- Sample 22: 0.7555
 -- Sample 23: 0.7527
 -- Sample 24: 0.7093
 -- Sample 25: 0.6836
 -- Sample 26: 0.6962
 -- Sample 27: 0.6918
 -- Sample 28: 0.6810
 -- Sample 29: 0.7049
 -- Sample 30: 0.6897
 -- Sample 31: 0.6946
 -- Sample 32: 0.7623
 -- Sample 33: 0.7543
 -- Sample 34: 0.7607
 -- Sample 35: 0.7559
 -- Sample 36: 0.7078
 -- Sample 37: 0.7036
 -- Sample 38: 0.7198
 -- Sample 39: 0.7143
 -- Sample 40: 0.8617
 -- Sample 41: 0.8400
 -- Sample 42: 0.8449
 -- Sample 43: 0.8523
 -- Sample 44: 0.8902
 -- Sample 45: 0.9008
 -- Sample 46: 0.8977
 -- Sample 47: 0.8897
 -- Sample 48: 0.8253
 -- Sample 49: 0.8156
Mean=0.7645, Std=0.0713
------------------------------------------------------------------
    Evaluating Javier Santos (D1 N4)
Bias Error: using Single Component
Mean: 13.5969, Std: 11.0522
------------------------------------------------------------------
Magnitude Error: 
 -- Sample 0: mean=31.7232%; std=27.1470
 -- Sample 1: mean=33.4874%; std=28.2530
 -- Sample 2: mean=33.3306%; std=27.6682
 -- Sample 3: mean=32.1246%; std=28.1223
 -- Sample 4: mean=31.4245%; std=20.3780
 -- Sample 5: mean=32.0507%; std=21.6410
 -- Sample 6: mean=32.3847%; std=22.0818
 -- Sample 7: mean=30.6000%; std=21.1423
 -- Sample 8: mean=38.2748%; std=39.7110
 -- Sample 9: mean=40.7344%; std=43.2040
 -- Sample 10: mean=39.6221%; std=42.2557
 -- Sample 11: mean=40.6019%; std=41.0470
 -- Sample 12: mean=39.6451%; std=22.2243
 -- Sample 13: mean=38.3466%; std=20.7471
 -- Sample 14: mean=40.7155%; std=21.4705
 -- Sample 15: mean=39.1190%; std=21.0946
 -- Sample 16: mean=35.5138%; std=29.7618
 -- Sample 17: mean=36.8053%; std=29.1364
 -- Sample 18: mean=36.5761%; std=33.2125
 -- Sample 19: mean=34.5369%; std=30.9571
 -- Sample 20: mean=31.8024%; std=20.6608
 -- Sample 21: mean=31.3814%; std=21.4113
 -- Sample 22: mean=33.4322%; std=19.5901
 -- Sample 23: mean=32.9626%; std=21.0662
 -- Sample 24: mean=41.0450%; std=54.8094
 -- Sample 25: mean=44.8080%; std=64.3441
 -- Sample 26: mean=41.4737%; std=60.4394
 -- Sample 27: mean=44.5889%; std=56.9546
 -- Sample 28: mean=36.1847%; std=33.3008
 -- Sample 29: mean=37.6168%; std=30.3330
 -- Sample 30: mean=35.4267%; std=31.1248
 -- Sample 31: mean=31.5326%; std=26.5592
 -- Sample 32: mean=23.8238%; std=20.1095
 -- Sample 33: mean=24.1222%; std=19.6804
 -- Sample 34: mean=24.0845%; std=20.1107
 -- Sample 35: mean=25.8738%; std=21.9648
 -- Sample 36: mean=24.3659%; std=17.4751
 -- Sample 37: mean=22.6569%; std=17.6917
 -- Sample 38: mean=24.1513%; std=17.9427
 -- Sample 39: mean=23.8855%; std=17.3724
 -- Sample 40: mean=26.0755%; std=22.3446
 -- Sample 41: mean=24.0213%; std=20.2150
 -- Sample 42: mean=25.1228%; std=23.0928
 -- Sample 43: mean=25.3711%; std=22.0521
 -- Sample 44: mean=27.2849%; std=17.3856
 -- Sample 45: mean=29.2931%; std=18.3771
 -- Sample 46: mean=29.6333%; std=18.9798
 -- Sample 47: mean=28.5546%; std=18.1764
 -- Sample 48: mean=29.4676%; std=17.9241
 -- Sample 49: mean=28.2521%; std=17.8219
Mean: 32.5182%, Std: 6.0781%
------------------------------------------------------------------
Correlation comparison:
 -- Sample 0: 0.8671
 -- Sample 1: 0.8548
 -- Sample 2: 0.8505
 -- Sample 3: 0.8588
 -- Sample 4: 0.9058
 -- Sample 5: 0.9040
 -- Sample 6: 0.8942
 -- Sample 7: 0.9035
 -- Sample 8: 0.9058
 -- Sample 9: 0.9006
 -- Sample 10: 0.9068
 -- Sample 11: 0.9060
 -- Sample 12: 0.8549
 -- Sample 13: 0.8801
 -- Sample 14: 0.8624
 -- Sample 15: 0.8698
 -- Sample 16: 0.8781
 -- Sample 17: 0.8688
 -- Sample 18: 0.8618
 -- Sample 19: 0.8776
 -- Sample 20: 0.9187
 -- Sample 21: 0.9131
 -- Sample 22: 0.9222
 -- Sample 23: 0.9198
 -- Sample 24: 0.8143
 -- Sample 25: 0.7932
 -- Sample 26: 0.8214
 -- Sample 27: 0.8036
 -- Sample 28: 0.8972
 -- Sample 29: 0.8954
 -- Sample 30: 0.8946
 -- Sample 31: 0.9131
 -- Sample 32: 0.9419
 -- Sample 33: 0.9417
 -- Sample 34: 0.9402
 -- Sample 35: 0.9337
 -- Sample 36: 0.9394
 -- Sample 37: 0.9441
 -- Sample 38: 0.9412
 -- Sample 39: 0.9433
 -- Sample 40: 0.9340
 -- Sample 41: 0.9419
 -- Sample 42: 0.9373
 -- Sample 43: 0.9363
 -- Sample 44: 0.9544
 -- Sample 45: 0.9489
 -- Sample 46: 0.9502
 -- Sample 47: 0.9552
 -- Sample 48: 0.9271
 -- Sample 49: 0.9248
Mean=0.9011, Std=0.0407
------------------------------------------------------------------
    Evaluating Javier Santos (D2 N4)
Bias Error: using Single Component
Mean: 73.5289, Std: 15.7277
------------------------------------------------------------------
Magnitude Error: 
 -- Sample 0: mean=80.0901%; std=14.2858
 -- Sample 1: mean=80.0265%; std=14.1473
 -- Sample 2: mean=79.9451%; std=14.0180
 -- Sample 3: mean=80.6540%; std=14.0456
 -- Sample 4: mean=84.4426%; std=11.6821
 -- Sample 5: mean=84.5325%; std=11.3708
 -- Sample 6: mean=84.0248%; std=11.5254
 -- Sample 7: mean=84.0833%; std=11.2881
 -- Sample 8: mean=82.7654%; std=11.9869
 -- Sample 9: mean=82.4453%; std=12.7607
 -- Sample 10: mean=82.3132%; std=12.6761
 -- Sample 11: mean=82.5043%; std=12.3301
 -- Sample 12: mean=80.6392%; std=11.9659
 -- Sample 13: mean=81.2469%; std=11.9017
 -- Sample 14: mean=80.6400%; std=12.1354
 -- Sample 15: mean=81.1584%; std=11.6972
 -- Sample 16: mean=79.3467%; std=13.0932
 -- Sample 17: mean=79.6046%; std=12.8774
 -- Sample 18: mean=79.6683%; std=13.0881
 -- Sample 19: mean=79.7272%; std=12.6800
 -- Sample 20: mean=77.1595%; std=14.6286
 -- Sample 21: mean=77.1348%; std=15.2572
 -- Sample 22: mean=77.3963%; std=14.7883
 -- Sample 23: mean=77.0195%; std=14.2041
 -- Sample 24: mean=65.9012%; std=19.3845
 -- Sample 25: mean=64.4105%; std=20.9254
 -- Sample 26: mean=65.4681%; std=20.4543
 -- Sample 27: mean=65.6820%; std=19.4316
 -- Sample 28: mean=61.2277%; std=24.4974
 -- Sample 29: mean=61.9282%; std=23.8264
 -- Sample 30: mean=62.5611%; std=24.2271
 -- Sample 31: mean=61.6321%; std=23.7151
 -- Sample 32: mean=88.1327%; std=8.0544
 -- Sample 33: mean=87.8348%; std=8.2648
 -- Sample 34: mean=87.8891%; std=8.1946
 -- Sample 35: mean=87.8374%; std=8.4017
 -- Sample 36: mean=86.5682%; std=8.8838
 -- Sample 37: mean=86.7854%; std=8.7247
 -- Sample 38: mean=86.8350%; std=9.3158
 -- Sample 39: mean=86.3638%; std=8.9657
 -- Sample 40: mean=87.6864%; std=7.4032
 -- Sample 41: mean=87.9545%; std=8.0730
 -- Sample 42: mean=87.7190%; std=7.8449
 -- Sample 43: mean=87.2476%; std=7.7818
 -- Sample 44: mean=89.1249%; std=7.0622
 -- Sample 45: mean=89.1763%; std=6.7114
 -- Sample 46: mean=89.3733%; std=6.8616
 -- Sample 47: mean=89.2511%; std=6.7826
 -- Sample 48: mean=85.4754%; std=9.5378
 -- Sample 49: mean=85.6400%; std=9.2385
Mean: 80.4855%, Std: 8.2057%
------------------------------------------------------------------
Correlation comparison:
 -- Sample 0: 0.3760
 -- Sample 1: 0.3840
 -- Sample 2: 0.3932
 -- Sample 3: 0.3694
 -- Sample 4: 0.3982
 -- Sample 5: 0.4006
 -- Sample 6: 0.4144
 -- Sample 7: 0.4230
 -- Sample 8: 0.4743
 -- Sample 9: 0.4668
 -- Sample 10: 0.4651
 -- Sample 11: 0.4536
 -- Sample 12: 0.5211
 -- Sample 13: 0.4851
 -- Sample 14: 0.4926
 -- Sample 15: 0.5015
 -- Sample 16: 0.5022
 -- Sample 17: 0.5078
 -- Sample 18: 0.5023
 -- Sample 19: 0.5117
 -- Sample 20: 0.4687
 -- Sample 21: 0.4561
 -- Sample 22: 0.4696
 -- Sample 23: 0.4959
 -- Sample 24: 0.4441
 -- Sample 25: 0.4223
 -- Sample 26: 0.4184
 -- Sample 27: 0.4591
 -- Sample 28: 0.4050
 -- Sample 29: 0.4110
 -- Sample 30: 0.4002
 -- Sample 31: 0.4090
 -- Sample 32: 0.4677
 -- Sample 33: 0.4763
 -- Sample 34: 0.4619
 -- Sample 35: 0.4489
 -- Sample 36: 0.4781
 -- Sample 37: 0.4688
 -- Sample 38: 0.4237
 -- Sample 39: 0.4756
 -- Sample 40: 0.5681
 -- Sample 41: 0.5212
 -- Sample 42: 0.5477
 -- Sample 43: 0.5677
 -- Sample 44: 0.5335
 -- Sample 45: 0.5539
 -- Sample 46: 0.5134
 -- Sample 47: 0.5359
 -- Sample 48: 0.5220
 -- Sample 49: 0.5217
Mean=0.4678, Std=0.0516
------------------------------------------------------------------
    Evaluating Javier Santos (D3 N4)
Bias Error: using Single Component
Mean: 99.0475, Std: 0.4779
------------------------------------------------------------------
Magnitude Error: 
 -- Sample 0: mean=92.7307%; std=6.9062
 -- Sample 1: mean=92.7715%; std=7.0905
 -- Sample 2: mean=92.7028%; std=7.1065
 -- Sample 3: mean=92.4155%; std=7.4829
 -- Sample 4: mean=94.5021%; std=5.7651
 -- Sample 5: mean=94.7329%; std=5.7753
 -- Sample 6: mean=94.6701%; std=5.6017
 -- Sample 7: mean=94.3263%; std=5.9737
 -- Sample 8: mean=95.7741%; std=4.0792
 -- Sample 9: mean=95.9161%; std=3.9428
 -- Sample 10: mean=95.7402%; std=4.2746
 -- Sample 11: mean=95.8499%; std=4.0935
 -- Sample 12: mean=94.8862%; std=5.1626
 -- Sample 13: mean=95.1724%; std=4.7354
 -- Sample 14: mean=95.0896%; std=5.0277
 -- Sample 15: mean=94.8173%; std=5.2810
 -- Sample 16: mean=95.9911%; std=3.8026
 -- Sample 17: mean=96.0014%; std=3.7647
 -- Sample 18: mean=95.8940%; std=3.8906
 -- Sample 19: mean=95.8367%; std=3.9322
 -- Sample 20: mean=95.3800%; std=4.4668
 -- Sample 21: mean=95.4134%; std=4.4581
 -- Sample 22: mean=95.3575%; std=4.4081
 -- Sample 23: mean=95.2593%; std=4.5982
 -- Sample 24: mean=92.6472%; std=7.3256
 -- Sample 25: mean=92.6188%; std=7.4235
 -- Sample 26: mean=92.3988%; std=7.7833
 -- Sample 27: mean=92.2122%; std=7.4826
 -- Sample 28: mean=91.2097%; std=8.2067
 -- Sample 29: mean=91.4200%; std=7.9813
 -- Sample 30: mean=91.6025%; std=7.6410
 -- Sample 31: mean=90.9741%; std=8.1495
 -- Sample 32: mean=95.6921%; std=4.2195
 -- Sample 33: mean=95.7237%; std=4.2827
 -- Sample 34: mean=95.6624%; std=4.1429
 -- Sample 35: mean=95.6080%; std=4.2848
 -- Sample 36: mean=95.1243%; std=4.6864
 -- Sample 37: mean=95.1390%; std=4.7088
 -- Sample 38: mean=95.0773%; std=4.6604
 -- Sample 39: mean=95.1114%; std=4.6130
 -- Sample 40: mean=96.7428%; std=3.0618
 -- Sample 41: mean=96.8704%; std=2.9306
 -- Sample 42: mean=96.6397%; std=3.1037
 -- Sample 43: mean=96.7640%; std=3.0448
 -- Sample 44: mean=97.1085%; std=2.7299
 -- Sample 45: mean=97.1045%; std=2.7228
 -- Sample 46: mean=97.0946%; std=2.7303
 -- Sample 47: mean=97.0831%; std=2.6867
 -- Sample 48: mean=96.8702%; std=2.8836
 -- Sample 49: mean=96.9228%; std=2.8055
Mean: 94.8931%, Std: 1.7254%
------------------------------------------------------------------
Correlation comparison:
 -- Sample 0: -0.0825
 -- Sample 1: -0.0844
 -- Sample 2: -0.0875
 -- Sample 3: -0.0917
 -- Sample 4: 0.0003
 -- Sample 5: -0.0219
 -- Sample 6: -0.0056
 -- Sample 7: -0.0047
 -- Sample 8: 0.1203
 -- Sample 9: 0.1267
 -- Sample 10: 0.1294
 -- Sample 11: 0.1074
 -- Sample 12: 0.0193
 -- Sample 13: 0.0332
 -- Sample 14: 0.0349
 -- Sample 15: 0.0188
 -- Sample 16: 0.1546
 -- Sample 17: 0.1879
 -- Sample 18: 0.1806
 -- Sample 19: 0.1573
 -- Sample 20: 0.1662
 -- Sample 21: 0.1753
 -- Sample 22: 0.1637
 -- Sample 23: 0.1617
 -- Sample 24: 0.2247
 -- Sample 25: 0.2145
 -- Sample 26: 0.1847
 -- Sample 27: 0.1922
 -- Sample 28: 0.1298
 -- Sample 29: 0.1499
 -- Sample 30: 0.1501
 -- Sample 31: 0.1615
 -- Sample 32: -0.0945
 -- Sample 33: -0.0830
 -- Sample 34: -0.0844
 -- Sample 35: -0.0711
 -- Sample 36: -0.0763
 -- Sample 37: -0.0616
 -- Sample 38: -0.0547
 -- Sample 39: -0.0836
 -- Sample 40: -0.0127
 -- Sample 41: -0.0077
 -- Sample 42: -0.0112
 -- Sample 43: -0.0186
 -- Sample 44: 0.0487
 -- Sample 45: 0.0532
 -- Sample 46: 0.0675
 -- Sample 47: 0.0787
 -- Sample 48: 0.0788
 -- Sample 49: 0.0684
Mean=0.0540, Std=0.1005
------------------------------------------------------------------
    Evaluating Ko et al (D0 N4)
Bias Error: using Single Component
Mean: 90.7970, Std: 117.0711
------------------------------------------------------------------
Magnitude Error: 
 -- Sample 0: mean=44.0195%; std=39.6894
 -- Sample 1: mean=46.8402%; std=40.5895
 -- Sample 2: mean=44.9173%; std=38.1727
 -- Sample 3: mean=46.0622%; std=40.0252
 -- Sample 4: mean=43.4679%; std=33.0657
 -- Sample 5: mean=42.4560%; std=31.6862
 -- Sample 6: mean=41.7711%; std=31.9217
 -- Sample 7: mean=42.3650%; std=31.9787
 -- Sample 8: mean=77.4428%; std=70.3572
 -- Sample 9: mean=83.7880%; std=77.5981
 -- Sample 10: mean=82.6548%; std=72.7057
 -- Sample 11: mean=85.4835%; std=76.5030
 -- Sample 12: mean=44.0184%; std=38.2619
 -- Sample 13: mean=42.8943%; std=39.1840
 -- Sample 14: mean=41.0719%; std=38.4579
 -- Sample 15: mean=44.2395%; std=39.2336
 -- Sample 16: mean=102.4019%; std=79.6110
 -- Sample 17: mean=106.1851%; std=80.2905
 -- Sample 18: mean=108.8312%; std=80.8763
 -- Sample 19: mean=106.5570%; std=81.9880
 -- Sample 20: mean=118.5001%; std=113.0525
 -- Sample 21: mean=117.0637%; std=113.1706
 -- Sample 22: mean=121.2446%; std=116.2366
 -- Sample 23: mean=116.8902%; std=112.8544
 -- Sample 24: mean=216.1536%; std=233.3031
 -- Sample 25: mean=223.4147%; std=244.3624
 -- Sample 26: mean=232.9131%; std=242.1258
 -- Sample 27: mean=222.8097%; std=240.3356
 -- Sample 28: mean=298.5397%; std=235.6555
 -- Sample 29: mean=294.4492%; std=233.2898
 -- Sample 30: mean=298.8499%; std=240.6346
 -- Sample 31: mean=307.8448%; std=240.5888
 -- Sample 32: mean=35.9303%; std=32.0181
 -- Sample 33: mean=35.3959%; std=33.5245
 -- Sample 34: mean=35.1861%; std=32.8077
 -- Sample 35: mean=35.4873%; std=30.1296
 -- Sample 36: mean=38.5071%; std=31.7953
 -- Sample 37: mean=37.0886%; std=31.2761
 -- Sample 38: mean=38.8486%; std=35.4361
 -- Sample 39: mean=38.0913%; std=32.8504
 -- Sample 40: mean=37.8206%; std=34.9182
 -- Sample 41: mean=37.8434%; std=37.2773
 -- Sample 42: mean=36.3797%; std=32.4713
 -- Sample 43: mean=37.0797%; std=36.7319
 -- Sample 44: mean=39.4088%; std=35.2745
 -- Sample 45: mean=39.1225%; std=34.1468
 -- Sample 46: mean=39.4771%; std=34.3761
 -- Sample 47: mean=40.1733%; std=34.4583
 -- Sample 48: mean=71.3208%; std=62.7176
 -- Sample 49: mean=78.5060%; std=64.6969
Mean: 91.9562%, Std: 80.3388%
------------------------------------------------------------------
Correlation comparison:
 -- Sample 0: 0.7876
 -- Sample 1: 0.7820
 -- Sample 2: 0.7888
 -- Sample 3: 0.7935
 -- Sample 4: 0.8419
 -- Sample 5: 0.8487
 -- Sample 6: 0.8569
 -- Sample 7: 0.8493
 -- Sample 8: 0.8249
 -- Sample 9: 0.8274
 -- Sample 10: 0.8217
 -- Sample 11: 0.8349
 -- Sample 12: 0.8604
 -- Sample 13: 0.8681
 -- Sample 14: 0.8789
 -- Sample 15: 0.8742
 -- Sample 16: 0.8568
 -- Sample 17: 0.8561
 -- Sample 18: 0.8599
 -- Sample 19: 0.8657
 -- Sample 20: 0.7837
 -- Sample 21: 0.7756
 -- Sample 22: 0.7814
 -- Sample 23: 0.7655
 -- Sample 24: 0.7297
 -- Sample 25: 0.7224
 -- Sample 26: 0.7389
 -- Sample 27: 0.7295
 -- Sample 28: 0.6852
 -- Sample 29: 0.6791
 -- Sample 30: 0.6797
 -- Sample 31: 0.6903
 -- Sample 32: 0.8370
 -- Sample 33: 0.8386
 -- Sample 34: 0.8458
 -- Sample 35: 0.8393
 -- Sample 36: 0.8279
 -- Sample 37: 0.8258
 -- Sample 38: 0.8279
 -- Sample 39: 0.8215
 -- Sample 40: 0.9050
 -- Sample 41: 0.8997
 -- Sample 42: 0.9125
 -- Sample 43: 0.9040
 -- Sample 44: 0.8946
 -- Sample 45: 0.8933
 -- Sample 46: 0.8995
 -- Sample 47: 0.8923
 -- Sample 48: 0.8630
 -- Sample 49: 0.8639
Mean=0.8226, Std=0.0627
------------------------------------------------------------------
    Evaluating Ko et al (D1 N4)
Bias Error: using Single Component
Mean: 6.2525, Std: 6.6863
------------------------------------------------------------------
Magnitude Error: 
 -- Sample 0: mean=30.4555%; std=21.4189
 -- Sample 1: mean=29.8364%; std=21.1667
 -- Sample 2: mean=28.7830%; std=20.1937
 -- Sample 3: mean=26.8677%; std=18.7833
 -- Sample 4: mean=32.3018%; std=22.6001
 -- Sample 5: mean=31.9965%; std=21.6808
 -- Sample 6: mean=30.3405%; std=21.2003
 -- Sample 7: mean=30.9732%; std=22.0983
 -- Sample 8: mean=41.2420%; std=40.2988
 -- Sample 9: mean=39.4871%; std=40.4937
 -- Sample 10: mean=40.9357%; std=36.7678
 -- Sample 11: mean=43.0686%; std=42.3551
 -- Sample 12: mean=25.9966%; std=20.2394
 -- Sample 13: mean=28.0037%; std=19.8827
 -- Sample 14: mean=26.4608%; std=19.4368
 -- Sample 15: mean=26.3007%; std=19.4495
 -- Sample 16: mean=37.9607%; std=32.5032
 -- Sample 17: mean=37.0862%; std=33.6723
 -- Sample 18: mean=37.1673%; std=35.4914
 -- Sample 19: mean=35.7854%; std=34.8239
 -- Sample 20: mean=32.9370%; std=21.1820
 -- Sample 21: mean=30.4486%; std=21.1514
 -- Sample 22: mean=29.7262%; std=20.2380
 -- Sample 23: mean=34.9835%; std=21.2765
 -- Sample 24: mean=45.7899%; std=48.7629
 -- Sample 25: mean=41.9596%; std=37.2247
 -- Sample 26: mean=40.4065%; std=50.2900
 -- Sample 27: mean=42.7715%; std=47.5788
 -- Sample 28: mean=68.1163%; std=52.2613
 -- Sample 29: mean=64.5966%; std=58.5173
 -- Sample 30: mean=63.7888%; std=55.0895
 -- Sample 31: mean=67.0220%; std=49.7952
 -- Sample 32: mean=18.3748%; std=15.0281
 -- Sample 33: mean=19.0019%; std=14.3059
 -- Sample 34: mean=20.5171%; std=15.7055
 -- Sample 35: mean=19.0754%; std=14.9303
 -- Sample 36: mean=17.7498%; std=13.5137
 -- Sample 37: mean=21.4169%; std=15.3795
 -- Sample 38: mean=19.9839%; std=15.0263
 -- Sample 39: mean=18.6051%; std=14.0177
 -- Sample 40: mean=16.2222%; std=14.4051
 -- Sample 41: mean=15.4334%; std=14.4086
 -- Sample 42: mean=14.6039%; std=13.1393
 -- Sample 43: mean=16.9115%; std=14.7282
 -- Sample 44: mean=22.7163%; std=17.8983
 -- Sample 45: mean=24.7962%; std=18.5225
 -- Sample 46: mean=22.2167%; std=16.6857
 -- Sample 47: mean=22.8312%; std=17.4810
 -- Sample 48: mean=29.2764%; std=18.7960
 -- Sample 49: mean=29.9849%; std=20.5206
Mean: 31.8663%, Std: 12.9468%
------------------------------------------------------------------
Correlation comparison:
 -- Sample 0: 0.9132
 -- Sample 1: 0.9150
 -- Sample 2: 0.9129
 -- Sample 3: 0.9311
 -- Sample 4: 0.9370
 -- Sample 5: 0.9370
 -- Sample 6: 0.9466
 -- Sample 7: 0.9458
 -- Sample 8: 0.8579
 -- Sample 9: 0.8633
 -- Sample 10: 0.8691
 -- Sample 11: 0.8582
 -- Sample 12: 0.9425
 -- Sample 13: 0.9368
 -- Sample 14: 0.9471
 -- Sample 15: 0.9412
 -- Sample 16: 0.8819
 -- Sample 17: 0.8762
 -- Sample 18: 0.8978
 -- Sample 19: 0.8877
 -- Sample 20: 0.9041
 -- Sample 21: 0.9157
 -- Sample 22: 0.9023
 -- Sample 23: 0.8973
 -- Sample 24: 0.8424
 -- Sample 25: 0.8613
 -- Sample 26: 0.8696
 -- Sample 27: 0.8630
 -- Sample 28: 0.7776
 -- Sample 29: 0.7590
 -- Sample 30: 0.7694
 -- Sample 31: 0.7790
 -- Sample 32: 0.9662
 -- Sample 33: 0.9616
 -- Sample 34: 0.9602
 -- Sample 35: 0.9612
 -- Sample 36: 0.9670
 -- Sample 37: 0.9543
 -- Sample 38: 0.9571
 -- Sample 39: 0.9661
 -- Sample 40: 0.9697
 -- Sample 41: 0.9710
 -- Sample 42: 0.9733
 -- Sample 43: 0.9645
 -- Sample 44: 0.9559
 -- Sample 45: 0.9444
 -- Sample 46: 0.9569
 -- Sample 47: 0.9560
 -- Sample 48: 0.9169
 -- Sample 49: 0.9156
Mean=0.9111, Std=0.0552
------------------------------------------------------------------
    Evaluating Ko et al (D2 N4)
Bias Error: using Single Component
Mean: 6.3626, Std: 4.8153
------------------------------------------------------------------
Magnitude Error: 
 -- Sample 0: mean=32.4684%; std=23.3063
 -- Sample 1: mean=33.0103%; std=24.6584
 -- Sample 2: mean=32.1964%; std=23.4580
 -- Sample 3: mean=31.4945%; std=23.5733
 -- Sample 4: mean=31.7313%; std=20.5174
 -- Sample 5: mean=33.9196%; std=20.4840
 -- Sample 6: mean=29.6667%; std=19.7601
 -- Sample 7: mean=31.5461%; std=20.1743
 -- Sample 8: mean=42.6419%; std=35.9681
 -- Sample 9: mean=43.4757%; std=43.3626
 -- Sample 10: mean=43.8164%; std=41.0729
 -- Sample 11: mean=38.5132%; std=37.8969
 -- Sample 12: mean=23.9314%; std=20.8123
 -- Sample 13: mean=29.3721%; std=21.1972
 -- Sample 14: mean=25.9959%; std=19.6665
 -- Sample 15: mean=28.4891%; std=19.9968
 -- Sample 16: mean=37.2742%; std=31.0806
 -- Sample 17: mean=33.7417%; std=29.6366
 -- Sample 18: mean=39.0386%; std=34.3568
 -- Sample 19: mean=34.2412%; std=29.7145
 -- Sample 20: mean=38.2726%; std=22.6437
 -- Sample 21: mean=33.7727%; std=24.2281
 -- Sample 22: mean=33.2336%; std=21.6104
 -- Sample 23: mean=35.3232%; std=26.1627
 -- Sample 24: mean=51.8476%; std=47.8812
 -- Sample 25: mean=44.0717%; std=32.4403
 -- Sample 26: mean=49.7708%; std=39.2307
 -- Sample 27: mean=46.1055%; std=27.6804
 -- Sample 28: mean=73.7872%; std=59.6106
 -- Sample 29: mean=61.0758%; std=44.5300
 -- Sample 30: mean=73.4535%; std=56.1951
 -- Sample 31: mean=74.3287%; std=56.5358
 -- Sample 32: mean=21.9186%; std=16.9847
 -- Sample 33: mean=23.4046%; std=18.0510
 -- Sample 34: mean=22.7206%; std=17.2846
 -- Sample 35: mean=21.5976%; std=18.1211
 -- Sample 36: mean=21.0603%; std=16.0913
 -- Sample 37: mean=22.8262%; std=15.8269
 -- Sample 38: mean=21.7965%; std=15.0158
 -- Sample 39: mean=21.3412%; std=15.5049
 -- Sample 40: mean=20.7130%; std=15.5173
 -- Sample 41: mean=19.0502%; std=16.5711
 -- Sample 42: mean=19.7712%; std=16.0588
 -- Sample 43: mean=23.0852%; std=17.7231
 -- Sample 44: mean=26.2298%; std=17.3971
 -- Sample 45: mean=24.4865%; std=16.8540
 -- Sample 46: mean=27.5260%; std=16.9691
 -- Sample 47: mean=25.4335%; std=16.6193
 -- Sample 48: mean=30.7926%; std=20.8636
 -- Sample 49: mean=30.9404%; std=19.0866
Mean: 34.3260%, Std: 13.4576%
------------------------------------------------------------------
Correlation comparison:
 -- Sample 0: 0.9133
 -- Sample 1: 0.9023
 -- Sample 2: 0.9006
 -- Sample 3: 0.9078
 -- Sample 4: 0.9357
 -- Sample 5: 0.9308
 -- Sample 6: 0.9524
 -- Sample 7: 0.9408
 -- Sample 8: 0.8594
 -- Sample 9: 0.8494
 -- Sample 10: 0.8759
 -- Sample 11: 0.8971
 -- Sample 12: 0.9460
 -- Sample 13: 0.9248
 -- Sample 14: 0.9409
 -- Sample 15: 0.9376
 -- Sample 16: 0.8530
 -- Sample 17: 0.9057
 -- Sample 18: 0.8808
 -- Sample 19: 0.8972
 -- Sample 20: 0.8824
 -- Sample 21: 0.9051
 -- Sample 22: 0.9174
 -- Sample 23: 0.8752
 -- Sample 24: 0.8599
 -- Sample 25: 0.8771
 -- Sample 26: 0.8442
 -- Sample 27: 0.8712
 -- Sample 28: 0.7322
 -- Sample 29: 0.7612
 -- Sample 30: 0.7293
 -- Sample 31: 0.7372
 -- Sample 32: 0.9508
 -- Sample 33: 0.9446
 -- Sample 34: 0.9465
 -- Sample 35: 0.9523
 -- Sample 36: 0.9531
 -- Sample 37: 0.9506
 -- Sample 38: 0.9527
 -- Sample 39: 0.9556
 -- Sample 40: 0.9533
 -- Sample 41: 0.9556
 -- Sample 42: 0.9567
 -- Sample 43: 0.9445
 -- Sample 44: 0.9369
 -- Sample 45: 0.9504
 -- Sample 46: 0.9373
 -- Sample 47: 0.9387
 -- Sample 48: 0.9206
 -- Sample 49: 0.9095
Mean=0.9031, Std=0.0582
------------------------------------------------------------------
    Evaluating Ko et al (D3 N4)
Bias Error: using Single Component
Mean: 9.9423, Std: 6.5700
------------------------------------------------------------------
Magnitude Error: 
 -- Sample 0: mean=35.9489%; std=22.4862
 -- Sample 1: mean=37.1368%; std=22.3880
 -- Sample 2: mean=37.8893%; std=22.8007
 -- Sample 3: mean=34.6483%; std=21.9185
 -- Sample 4: mean=34.5283%; std=21.1787
 -- Sample 5: mean=35.7235%; std=21.5581
 -- Sample 6: mean=35.4519%; std=21.1843
 -- Sample 7: mean=34.7672%; std=20.8706
 -- Sample 8: mean=36.8253%; std=41.6106
 -- Sample 9: mean=39.7054%; std=39.7343
 -- Sample 10: mean=36.2677%; std=42.5055
 -- Sample 11: mean=31.7969%; std=35.9234
 -- Sample 12: mean=31.2305%; std=22.1585
 -- Sample 13: mean=31.1168%; std=21.7465
 -- Sample 14: mean=32.6824%; std=23.5639
 -- Sample 15: mean=30.6996%; std=23.3438
 -- Sample 16: mean=36.6382%; std=31.2019
 -- Sample 17: mean=37.2737%; std=28.5693
 -- Sample 18: mean=39.7617%; std=31.3244
 -- Sample 19: mean=39.7864%; std=34.5380
 -- Sample 20: mean=31.9504%; std=27.7055
 -- Sample 21: mean=30.4490%; std=28.2736
 -- Sample 22: mean=26.7370%; std=25.7566
 -- Sample 23: mean=30.8731%; std=26.5263
 -- Sample 24: mean=47.3894%; std=65.5942
 -- Sample 25: mean=49.0344%; std=58.5461
 -- Sample 26: mean=51.7117%; std=67.2921
 -- Sample 27: mean=50.2454%; std=56.9016
 -- Sample 28: mean=61.9716%; std=48.1509
 -- Sample 29: mean=57.3882%; std=48.0595
 -- Sample 30: mean=55.8617%; std=49.5413
 -- Sample 31: mean=62.1293%; std=50.5134
 -- Sample 32: mean=23.4436%; std=18.1840
 -- Sample 33: mean=23.7900%; std=18.4335
 -- Sample 34: mean=24.7995%; std=19.0982
 -- Sample 35: mean=24.1054%; std=19.1365
 -- Sample 36: mean=25.8819%; std=18.0239
 -- Sample 37: mean=27.5833%; std=18.2141
 -- Sample 38: mean=25.3813%; std=17.9354
 -- Sample 39: mean=25.1291%; std=17.8263
 -- Sample 40: mean=19.1642%; std=16.3856
 -- Sample 41: mean=19.9119%; std=15.2282
 -- Sample 42: mean=19.2909%; std=15.7075
 -- Sample 43: mean=19.4216%; std=16.0857
 -- Sample 44: mean=26.5257%; std=19.7545
 -- Sample 45: mean=25.1865%; std=19.4379
 -- Sample 46: mean=25.3326%; std=19.4105
 -- Sample 47: mean=26.4729%; std=19.8996
 -- Sample 48: mean=30.7955%; std=22.7268
 -- Sample 49: mean=31.8152%; std=23.9726
Mean: 34.1930%, Std: 10.6243%
------------------------------------------------------------------
Correlation comparison:
 -- Sample 0: 0.8988
 -- Sample 1: 0.8933
 -- Sample 2: 0.8801
 -- Sample 3: 0.8946
 -- Sample 4: 0.9393
 -- Sample 5: 0.9393
 -- Sample 6: 0.9377
 -- Sample 7: 0.9383
 -- Sample 8: 0.9060
 -- Sample 9: 0.8841
 -- Sample 10: 0.9067
 -- Sample 11: 0.9268
 -- Sample 12: 0.9294
 -- Sample 13: 0.9338
 -- Sample 14: 0.9216
 -- Sample 15: 0.9280
 -- Sample 16: 0.8804
 -- Sample 17: 0.8716
 -- Sample 18: 0.8517
 -- Sample 19: 0.8547
 -- Sample 20: 0.8828
 -- Sample 21: 0.8899
 -- Sample 22: 0.9106
 -- Sample 23: 0.8780
 -- Sample 24: 0.8434
 -- Sample 25: 0.8488
 -- Sample 26: 0.8404
 -- Sample 27: 0.8209
 -- Sample 28: 0.7864
 -- Sample 29: 0.8102
 -- Sample 30: 0.8068
 -- Sample 31: 0.8046
 -- Sample 32: 0.9479
 -- Sample 33: 0.9477
 -- Sample 34: 0.9430
 -- Sample 35: 0.9452
 -- Sample 36: 0.9359
 -- Sample 37: 0.9263
 -- Sample 38: 0.9402
 -- Sample 39: 0.9402
 -- Sample 40: 0.9539
 -- Sample 41: 0.9555
 -- Sample 42: 0.9568
 -- Sample 43: 0.9539
 -- Sample 44: 0.9428
 -- Sample 45: 0.9460
 -- Sample 46: 0.9485
 -- Sample 47: 0.9426
 -- Sample 48: 0.9136
 -- Sample 49: 0.9018
Mean=0.9036, Std=0.0459
------------------------------------------------------------------
    Evaluating Ko et al (D3 N0)
Bias Error: using Single Component
Mean: 10.1585, Std: 12.4946
------------------------------------------------------------------
Magnitude Error: 
 -- Sample 0: mean=34.8112%; std=26.0615
 -- Sample 1: mean=36.4747%; std=26.7413
 -- Sample 2: mean=37.2154%; std=28.1674
 -- Sample 3: mean=38.4798%; std=25.9302
 -- Sample 4: mean=39.4559%; std=22.8842
 -- Sample 5: mean=39.4468%; std=24.4288
 -- Sample 6: mean=36.5427%; std=23.3727
 -- Sample 7: mean=36.4107%; std=21.6590
 -- Sample 8: mean=48.5143%; std=38.3381
 -- Sample 9: mean=45.2930%; std=35.5532
 -- Sample 10: mean=43.6146%; std=33.1759
 -- Sample 11: mean=42.8411%; std=43.4988
 -- Sample 12: mean=38.1092%; std=25.7699
 -- Sample 13: mean=35.1882%; std=23.8586
 -- Sample 14: mean=32.4055%; std=23.3396
 -- Sample 15: mean=35.1903%; std=22.4266
 -- Sample 16: mean=41.8611%; std=41.3106
 -- Sample 17: mean=39.8314%; std=30.6943
 -- Sample 18: mean=33.4897%; std=28.6835
 -- Sample 19: mean=42.7091%; std=42.7080
 -- Sample 20: mean=31.3077%; std=24.7085
 -- Sample 21: mean=28.8970%; std=20.1463
 -- Sample 22: mean=34.0473%; std=25.8322
 -- Sample 23: mean=28.2718%; std=22.7135
 -- Sample 24: mean=51.7228%; std=55.2039
 -- Sample 25: mean=52.4804%; std=35.2787
 -- Sample 26: mean=67.1533%; std=78.7308
 -- Sample 27: mean=67.1441%; std=81.9392
 -- Sample 28: mean=65.1873%; std=62.8666
 -- Sample 29: mean=59.3402%; std=62.7331
 -- Sample 30: mean=55.7851%; std=42.8915
 -- Sample 31: mean=62.6122%; std=69.8412
 -- Sample 32: mean=31.6082%; std=27.1799
 -- Sample 33: mean=28.7877%; std=20.5176
 -- Sample 34: mean=28.2900%; std=22.3436
 -- Sample 35: mean=29.4578%; std=22.1640
 -- Sample 36: mean=29.8884%; std=21.5527
 -- Sample 37: mean=29.7255%; std=21.5877
 -- Sample 38: mean=26.3827%; std=20.0794
 -- Sample 39: mean=27.6914%; std=21.6932
 -- Sample 40: mean=24.4371%; std=20.3442
 -- Sample 41: mean=22.0784%; std=17.7866
 -- Sample 42: mean=22.0211%; std=16.9301
 -- Sample 43: mean=24.3373%; std=16.7719
 -- Sample 44: mean=27.4088%; std=19.7636
 -- Sample 45: mean=26.9878%; std=19.4814
 -- Sample 46: mean=26.6557%; std=19.3342
 -- Sample 47: mean=28.0776%; std=18.8645
 -- Sample 48: mean=31.0415%; std=25.6791
 -- Sample 49: mean=29.9710%; std=24.7037
Mean: 37.5336%, Std: 11.7568%
------------------------------------------------------------------
Correlation comparison:
 -- Sample 0: 0.8659
 -- Sample 1: 0.8738
 -- Sample 2: 0.8712
 -- Sample 3: 0.8628
 -- Sample 4: 0.8932
 -- Sample 5: 0.8686
 -- Sample 6: 0.8908
 -- Sample 7: 0.9116
 -- Sample 8: 0.8225
 -- Sample 9: 0.8396
 -- Sample 10: 0.8101
 -- Sample 11: 0.8608
 -- Sample 12: 0.8832
 -- Sample 13: 0.8813
 -- Sample 14: 0.9170
 -- Sample 15: 0.9076
 -- Sample 16: 0.8689
 -- Sample 17: 0.8573
 -- Sample 18: 0.9029
 -- Sample 19: 0.8236
 -- Sample 20: 0.8994
 -- Sample 21: 0.9193
 -- Sample 22: 0.8978
 -- Sample 23: 0.9190
 -- Sample 24: 0.8311
 -- Sample 25: 0.8820
 -- Sample 26: 0.8690
 -- Sample 27: 0.7764
 -- Sample 28: 0.7274
 -- Sample 29: 0.7603
 -- Sample 30: 0.7624
 -- Sample 31: 0.7662
 -- Sample 32: 0.8861
 -- Sample 33: 0.9071
 -- Sample 34: 0.9084
 -- Sample 35: 0.9051
 -- Sample 36: 0.8957
 -- Sample 37: 0.8896
 -- Sample 38: 0.9146
 -- Sample 39: 0.9045
 -- Sample 40: 0.9344
 -- Sample 41: 0.9386
 -- Sample 42: 0.9489
 -- Sample 43: 0.9345
 -- Sample 44: 0.9252
 -- Sample 45: 0.9334
 -- Sample 46: 0.9344
 -- Sample 47: 0.9272
 -- Sample 48: 0.8949
 -- Sample 49: 0.9083
Mean=0.8783, Std=0.0509
------------------------------------------------------------------
    Evaluating Ko et al (D3 N1)
Bias Error: using Single Component
Mean: 12.7243, Std: 16.1284
------------------------------------------------------------------
Magnitude Error: 
 -- Sample 0: mean=34.5816%; std=23.8651
 -- Sample 1: mean=36.7235%; std=27.8196
 -- Sample 2: mean=35.1751%; std=28.7273
 -- Sample 3: mean=36.6034%; std=24.9810
 -- Sample 4: mean=35.2395%; std=22.7721
 -- Sample 5: mean=38.1433%; std=26.5596
 -- Sample 6: mean=32.8555%; std=24.6590
 -- Sample 7: mean=37.3069%; std=24.6766
 -- Sample 8: mean=48.2696%; std=40.5043
 -- Sample 9: mean=48.7617%; std=37.0381
 -- Sample 10: mean=50.8702%; std=39.6292
 -- Sample 11: mean=48.4659%; std=46.3125
 -- Sample 12: mean=32.3257%; std=24.5881
 -- Sample 13: mean=32.6278%; std=25.5497
 -- Sample 14: mean=34.3688%; std=24.1412
 -- Sample 15: mean=27.9544%; std=21.7412
 -- Sample 16: mean=47.2063%; std=44.8598
 -- Sample 17: mean=39.2635%; std=39.0030
 -- Sample 18: mean=42.4245%; std=38.5139
 -- Sample 19: mean=40.9251%; std=37.9634
 -- Sample 20: mean=31.3215%; std=24.5783
 -- Sample 21: mean=29.9982%; std=23.7296
 -- Sample 22: mean=32.4128%; std=24.9135
 -- Sample 23: mean=30.8457%; std=27.1401
 -- Sample 24: mean=60.0718%; std=49.5595
 -- Sample 25: mean=61.0080%; std=57.1451
 -- Sample 26: mean=58.6254%; std=47.2028
 -- Sample 27: mean=73.4373%; std=86.5686
 -- Sample 28: mean=100.5349%; std=98.6655
 -- Sample 29: mean=80.6635%; std=80.9410
 -- Sample 30: mean=82.8399%; std=75.1113
 -- Sample 31: mean=87.8430%; std=92.7729
 -- Sample 32: mean=24.7197%; std=21.5038
 -- Sample 33: mean=21.8181%; std=19.8721
 -- Sample 34: mean=23.1466%; std=18.5482
 -- Sample 35: mean=25.1254%; std=22.7570
 -- Sample 36: mean=26.7634%; std=19.3143
 -- Sample 37: mean=25.9965%; std=18.8031
 -- Sample 38: mean=24.9599%; std=20.0713
 -- Sample 39: mean=24.3822%; std=18.8762
 -- Sample 40: mean=24.4916%; std=20.9351
 -- Sample 41: mean=20.0485%; std=14.6885
 -- Sample 42: mean=19.3061%; std=15.3824
 -- Sample 43: mean=20.5430%; std=14.7054
 -- Sample 44: mean=23.5928%; std=20.3832
 -- Sample 45: mean=25.9425%; std=19.5372
 -- Sample 46: mean=25.4972%; std=19.5614
 -- Sample 47: mean=25.1572%; std=19.1556
 -- Sample 48: mean=38.7096%; std=29.5864
 -- Sample 49: mean=36.3119%; std=25.6732
Mean: 39.3241%, Std: 18.5244%
------------------------------------------------------------------
Correlation comparison:
 -- Sample 0: 0.8919
 -- Sample 1: 0.8670
 -- Sample 2: 0.8897
 -- Sample 3: 0.8722
 -- Sample 4: 0.9167
 -- Sample 5: 0.9116
 -- Sample 6: 0.9244
 -- Sample 7: 0.9055
 -- Sample 8: 0.8374
 -- Sample 9: 0.8606
 -- Sample 10: 0.8132
 -- Sample 11: 0.8497
 -- Sample 12: 0.9233
 -- Sample 13: 0.9088
 -- Sample 14: 0.9096
 -- Sample 15: 0.9425
 -- Sample 16: 0.8479
 -- Sample 17: 0.8629
 -- Sample 18: 0.8670
 -- Sample 19: 0.8555
 -- Sample 20: 0.9087
 -- Sample 21: 0.9102
 -- Sample 22: 0.8807
 -- Sample 23: 0.8882
 -- Sample 24: 0.8584
 -- Sample 25: 0.8957
 -- Sample 26: 0.8921
 -- Sample 27: 0.8549
 -- Sample 28: 0.7042
 -- Sample 29: 0.7270
 -- Sample 30: 0.7116
 -- Sample 31: 0.7141
 -- Sample 32: 0.9324
 -- Sample 33: 0.9484
 -- Sample 34: 0.9453
 -- Sample 35: 0.9308
 -- Sample 36: 0.9281
 -- Sample 37: 0.9219
 -- Sample 38: 0.9336
 -- Sample 39: 0.9373
 -- Sample 40: 0.9343
 -- Sample 41: 0.9518
 -- Sample 42: 0.9621
 -- Sample 43: 0.9543
 -- Sample 44: 0.9485
 -- Sample 45: 0.9461
 -- Sample 46: 0.9501
 -- Sample 47: 0.9462
 -- Sample 48: 0.8769
 -- Sample 49: 0.8929
Mean=0.8889, Std=0.0625
------------------------------------------------------------------
    Evaluating Ko et al (D3 N2)
Bias Error: using Single Component
Mean: 11.4157, Std: 9.4078
------------------------------------------------------------------
Magnitude Error: 
 -- Sample 0: mean=31.0913%; std=22.8998
 -- Sample 1: mean=29.8825%; std=22.8950
 -- Sample 2: mean=33.7019%; std=22.1621
 -- Sample 3: mean=31.5509%; std=23.5507
 -- Sample 4: mean=35.0213%; std=22.3736
 -- Sample 5: mean=32.8730%; std=24.2272
 -- Sample 6: mean=34.4016%; std=21.2797
 -- Sample 7: mean=34.1582%; std=21.1468
 -- Sample 8: mean=46.3055%; std=38.5565
 -- Sample 9: mean=41.5002%; std=37.0533
 -- Sample 10: mean=49.3019%; std=34.7045
 -- Sample 11: mean=41.2724%; std=37.2898
 -- Sample 12: mean=27.0083%; std=20.1408
 -- Sample 13: mean=32.1519%; std=22.7840
 -- Sample 14: mean=35.3080%; std=25.1342
 -- Sample 15: mean=28.4618%; std=20.3794
 -- Sample 16: mean=47.3880%; std=40.0257
 -- Sample 17: mean=44.2984%; std=33.0917
 -- Sample 18: mean=39.6740%; std=35.4686
 -- Sample 19: mean=46.2631%; std=34.7129
 -- Sample 20: mean=33.0774%; std=29.0946
 -- Sample 21: mean=29.5235%; std=27.0207
 -- Sample 22: mean=39.9918%; std=30.9849
 -- Sample 23: mean=34.5460%; std=25.6508
 -- Sample 24: mean=65.0461%; std=76.2533
 -- Sample 25: mean=61.3686%; std=94.8842
 -- Sample 26: mean=66.3204%; std=61.3853
 -- Sample 27: mean=53.1968%; std=50.1314
 -- Sample 28: mean=89.9034%; std=71.5126
 -- Sample 29: mean=68.6333%; std=63.3391
 -- Sample 30: mean=82.2791%; std=70.6927
 -- Sample 31: mean=65.4094%; std=66.8714
 -- Sample 32: mean=21.8099%; std=16.0977
 -- Sample 33: mean=21.8597%; std=18.8333
 -- Sample 34: mean=22.5451%; std=16.8675
 -- Sample 35: mean=22.1100%; std=19.0844
 -- Sample 36: mean=25.6340%; std=20.4209
 -- Sample 37: mean=23.5598%; std=16.4153
 -- Sample 38: mean=22.3277%; std=17.2859
 -- Sample 39: mean=25.6829%; std=18.4371
 -- Sample 40: mean=19.9158%; std=16.4775
 -- Sample 41: mean=20.4978%; std=13.8512
 -- Sample 42: mean=18.1691%; std=13.8119
 -- Sample 43: mean=21.2855%; std=13.4432
 -- Sample 44: mean=21.3409%; std=17.3798
 -- Sample 45: mean=23.2540%; std=20.0119
 -- Sample 46: mean=25.3704%; std=18.7742
 -- Sample 47: mean=24.1682%; std=17.6300
 -- Sample 48: mean=29.5163%; std=20.8916
 -- Sample 49: mean=31.4086%; std=24.7644
Mean: 37.0273%, Std: 16.5335%
------------------------------------------------------------------
Correlation comparison:
 -- Sample 0: 0.8964
 -- Sample 1: 0.9103
 -- Sample 2: 0.8928
 -- Sample 3: 0.9112
 -- Sample 4: 0.9213
 -- Sample 5: 0.9309
 -- Sample 6: 0.9252
 -- Sample 7: 0.9357
 -- Sample 8: 0.8461
 -- Sample 9: 0.8814
 -- Sample 10: 0.8375
 -- Sample 11: 0.8823
 -- Sample 12: 0.9399
 -- Sample 13: 0.9101
 -- Sample 14: 0.9020
 -- Sample 15: 0.9449
 -- Sample 16: 0.7926
 -- Sample 17: 0.8283
 -- Sample 18: 0.8672
 -- Sample 19: 0.8045
 -- Sample 20: 0.8894
 -- Sample 21: 0.9013
 -- Sample 22: 0.8328
 -- Sample 23: 0.8754
 -- Sample 24: 0.8554
 -- Sample 25: 0.8569
 -- Sample 26: 0.8449
 -- Sample 27: 0.8409
 -- Sample 28: 0.7170
 -- Sample 29: 0.7418
 -- Sample 30: 0.7049
 -- Sample 31: 0.7429
 -- Sample 32: 0.9495
 -- Sample 33: 0.9484
 -- Sample 34: 0.9482
 -- Sample 35: 0.9515
 -- Sample 36: 0.9338
 -- Sample 37: 0.9395
 -- Sample 38: 0.9477
 -- Sample 39: 0.9299
 -- Sample 40: 0.9594
 -- Sample 41: 0.9583
 -- Sample 42: 0.9632
 -- Sample 43: 0.9629
 -- Sample 44: 0.9603
 -- Sample 45: 0.9507
 -- Sample 46: 0.9437
 -- Sample 47: 0.9527
 -- Sample 48: 0.9227
 -- Sample 49: 0.9083
Mean=0.8919, Std=0.0659
------------------------------------------------------------------
    Evaluating Ko et al (D3 N3)
Bias Error: using Single Component
Mean: 7.2785, Std: 7.7512
------------------------------------------------------------------
Magnitude Error: 
 -- Sample 0: mean=33.9320%; std=24.5144
 -- Sample 1: mean=29.7067%; std=22.2860
 -- Sample 2: mean=34.4998%; std=23.0028
 -- Sample 3: mean=30.5262%; std=21.7791
 -- Sample 4: mean=32.9867%; std=23.6647
 -- Sample 5: mean=29.9108%; std=23.7517
 -- Sample 6: mean=33.9090%; std=23.6390
 -- Sample 7: mean=28.4550%; std=21.0524
 -- Sample 8: mean=40.7188%; std=38.5791
 -- Sample 9: mean=37.9199%; std=46.1498
 -- Sample 10: mean=43.7022%; std=43.4457
 -- Sample 11: mean=38.9959%; std=39.5713
 -- Sample 12: mean=31.5707%; std=23.1183
 -- Sample 13: mean=33.5361%; std=26.9262
 -- Sample 14: mean=35.2368%; std=28.1707
 -- Sample 15: mean=31.1434%; std=24.2369
 -- Sample 16: mean=35.5558%; std=35.4958
 -- Sample 17: mean=41.1850%; std=41.6788
 -- Sample 18: mean=38.6008%; std=41.5332
 -- Sample 19: mean=39.4053%; std=25.4589
 -- Sample 20: mean=28.4134%; std=21.0632
 -- Sample 21: mean=26.1599%; std=19.0932
 -- Sample 22: mean=33.1948%; std=17.9670
 -- Sample 23: mean=32.7039%; std=21.1430
 -- Sample 24: mean=51.3221%; std=52.5962
 -- Sample 25: mean=41.4265%; std=37.0950
 -- Sample 26: mean=39.0583%; std=40.7359
 -- Sample 27: mean=39.3818%; std=32.9641
 -- Sample 28: mean=70.3330%; std=61.9556
 -- Sample 29: mean=63.3628%; std=64.2877
 -- Sample 30: mean=67.1178%; std=66.4459
 -- Sample 31: mean=58.1631%; std=62.9818
 -- Sample 32: mean=20.5062%; std=16.9388
 -- Sample 33: mean=19.6671%; std=17.1841
 -- Sample 34: mean=21.1928%; std=17.4324
 -- Sample 35: mean=22.8326%; std=18.2501
 -- Sample 36: mean=23.7134%; std=17.3095
 -- Sample 37: mean=21.5810%; std=15.9258
 -- Sample 38: mean=22.5630%; std=18.4277
 -- Sample 39: mean=24.5892%; std=18.9916
 -- Sample 40: mean=19.1283%; std=15.3160
 -- Sample 41: mean=18.0579%; std=14.9009
 -- Sample 42: mean=16.7366%; std=12.3479
 -- Sample 43: mean=17.1400%; std=12.6539
 -- Sample 44: mean=27.9272%; std=20.8481
 -- Sample 45: mean=24.4737%; std=21.2498
 -- Sample 46: mean=24.1474%; std=17.1545
 -- Sample 47: mean=27.8534%; std=20.3648
 -- Sample 48: mean=30.2874%; std=23.1600
 -- Sample 49: mean=32.7271%; std=21.2988
Mean: 33.3452%, Std: 12.0137%
------------------------------------------------------------------
Correlation comparison:
 -- Sample 0: 0.9018
 -- Sample 1: 0.9246
 -- Sample 2: 0.9125
 -- Sample 3: 0.9199
 -- Sample 4: 0.9288
 -- Sample 5: 0.9318
 -- Sample 6: 0.9156
 -- Sample 7: 0.9462
 -- Sample 8: 0.8646
 -- Sample 9: 0.8861
 -- Sample 10: 0.8563
 -- Sample 11: 0.8866
 -- Sample 12: 0.9203
 -- Sample 13: 0.9126
 -- Sample 14: 0.8908
 -- Sample 15: 0.9157
 -- Sample 16: 0.8852
 -- Sample 17: 0.8319
 -- Sample 18: 0.8515
 -- Sample 19: 0.8650
 -- Sample 20: 0.9180
 -- Sample 21: 0.9272
 -- Sample 22: 0.9053
 -- Sample 23: 0.8976
 -- Sample 24: 0.8522
 -- Sample 25: 0.8862
 -- Sample 26: 0.8651
 -- Sample 27: 0.8641
 -- Sample 28: 0.7556
 -- Sample 29: 0.7234
 -- Sample 30: 0.7717
 -- Sample 31: 0.7528
 -- Sample 32: 0.9575
 -- Sample 33: 0.9583
 -- Sample 34: 0.9572
 -- Sample 35: 0.9475
 -- Sample 36: 0.9440
 -- Sample 37: 0.9451
 -- Sample 38: 0.9425
 -- Sample 39: 0.9392
 -- Sample 40: 0.9520
 -- Sample 41: 0.9556
 -- Sample 42: 0.9670
 -- Sample 43: 0.9619
 -- Sample 44: 0.9347
 -- Sample 45: 0.9497
 -- Sample 46: 0.9530
 -- Sample 47: 0.9374
 -- Sample 48: 0.9064
 -- Sample 49: 0.8957
Mean=0.9014, Std=0.0559
------------------------------------------------------------------
  Processing Batch 2 (Size: 50)...
    Evaluating Javier Santos (D0 N4)
Bias Error: using Single Component
Mean: 101.7511, Std: 76.6709
------------------------------------------------------------------
Magnitude Error: 
 -- Sample 0: mean=140.1540%; std=89.6222
 -- Sample 1: mean=144.2387%; std=91.3965
 -- Sample 2: mean=79.4675%; std=60.5865
 -- Sample 3: mean=80.0318%; std=64.4432
 -- Sample 4: mean=82.3718%; std=64.5326
 -- Sample 5: mean=79.9340%; std=63.5109
 -- Sample 6: mean=124.1342%; std=76.1519
 -- Sample 7: mean=122.1499%; std=80.1572
 -- Sample 8: mean=121.2265%; std=76.5193
 -- Sample 9: mean=119.8282%; std=81.3685
 -- Sample 10: mean=191.6515%; std=133.7080
 -- Sample 11: mean=201.6083%; std=145.5350
 -- Sample 12: mean=187.0719%; std=134.4583
 -- Sample 13: mean=199.2195%; std=141.8599
 -- Sample 14: mean=24.0507%; std=20.1416
 -- Sample 15: mean=25.1342%; std=21.1526
 -- Sample 16: mean=25.5799%; std=21.1752
 -- Sample 17: mean=24.3054%; std=20.5294
 -- Sample 18: mean=38.2250%; std=31.2506
 -- Sample 19: mean=39.5323%; std=31.9566
 -- Sample 20: mean=38.9339%; std=31.2082
 -- Sample 21: mean=38.3064%; std=30.9739
 -- Sample 22: mean=70.5924%; std=45.5144
 -- Sample 23: mean=63.4086%; std=41.4320
 -- Sample 24: mean=67.7186%; std=45.5807
 -- Sample 25: mean=67.6665%; std=43.3419
 -- Sample 26: mean=33.4979%; std=27.7105
 -- Sample 27: mean=32.3954%; std=27.5825
 -- Sample 28: mean=32.7124%; std=28.5761
 -- Sample 29: mean=33.6349%; std=29.0396
 -- Sample 30: mean=39.0319%; std=34.2028
 -- Sample 31: mean=39.9883%; std=32.1004
 -- Sample 32: mean=38.1970%; std=32.5606
 -- Sample 33: mean=40.0125%; std=30.7625
 -- Sample 34: mean=35.4259%; std=29.7605
 -- Sample 35: mean=35.4431%; std=26.9478
 -- Sample 36: mean=32.6719%; std=27.6815
 -- Sample 37: mean=34.3005%; std=28.5745
 -- Sample 38: mean=79.8808%; std=48.8753
 -- Sample 39: mean=84.5551%; std=53.2346
 -- Sample 40: mean=82.3648%; std=48.7464
 -- Sample 41: mean=89.4194%; std=54.3136
 -- Sample 42: mean=61.0884%; std=45.7622
 -- Sample 43: mean=63.0629%; std=43.7970
 -- Sample 44: mean=63.2259%; std=48.0146
 -- Sample 45: mean=62.5923%; std=43.5289
 -- Sample 46: mean=15.8022%; std=12.2773
 -- Sample 47: mean=15.8317%; std=12.2677
 -- Sample 48: mean=15.6550%; std=12.4552
 -- Sample 49: mean=16.2108%; std=12.4267
Mean: 69.4709%, Std: 49.6713%
------------------------------------------------------------------
Correlation comparison:
 -- Sample 0: 0.8280
 -- Sample 1: 0.8199
 -- Sample 2: 0.8585
 -- Sample 3: 0.8462
 -- Sample 4: 0.8454
 -- Sample 5: 0.8524
 -- Sample 6: 0.8347
 -- Sample 7: 0.8136
 -- Sample 8: 0.8387
 -- Sample 9: 0.8095
 -- Sample 10: 0.7602
 -- Sample 11: 0.7685
 -- Sample 12: 0.7575
 -- Sample 13: 0.7627
 -- Sample 14: 0.8549
 -- Sample 15: 0.8466
 -- Sample 16: 0.8453
 -- Sample 17: 0.8460
 -- Sample 18: 0.8360
 -- Sample 19: 0.8453
 -- Sample 20: 0.8395
 -- Sample 21: 0.8391
 -- Sample 22: 0.8966
 -- Sample 23: 0.8931
 -- Sample 24: 0.8885
 -- Sample 25: 0.8969
 -- Sample 26: 0.9201
 -- Sample 27: 0.9074
 -- Sample 28: 0.9149
 -- Sample 29: 0.9069
 -- Sample 30: 0.9057
 -- Sample 31: 0.9066
 -- Sample 32: 0.9159
 -- Sample 33: 0.9169
 -- Sample 34: 0.8581
 -- Sample 35: 0.8693
 -- Sample 36: 0.8672
 -- Sample 37: 0.8699
 -- Sample 38: 0.9167
 -- Sample 39: 0.9104
 -- Sample 40: 0.9220
 -- Sample 41: 0.9096
 -- Sample 42: 0.9121
 -- Sample 43: 0.9244
 -- Sample 44: 0.9013
 -- Sample 45: 0.9204
 -- Sample 46: 0.9103
 -- Sample 47: 0.9124
 -- Sample 48: 0.9169
 -- Sample 49: 0.9065
Mean=0.8689, Std=0.0463
------------------------------------------------------------------
    Evaluating Javier Santos (D1 N4)
Bias Error: using Single Component
Mean: 23.9562, Std: 9.7454
------------------------------------------------------------------
Magnitude Error: 
 -- Sample 0: mean=28.8626%; std=18.6435
 -- Sample 1: mean=31.0122%; std=19.0710
 -- Sample 2: mean=19.3262%; std=15.4958
 -- Sample 3: mean=22.2050%; std=17.0426
 -- Sample 4: mean=19.6348%; std=15.8002
 -- Sample 5: mean=19.5280%; std=15.8507
 -- Sample 6: mean=27.6065%; std=14.5275
 -- Sample 7: mean=29.7714%; std=15.6516
 -- Sample 8: mean=29.5047%; std=15.1058
 -- Sample 9: mean=28.9170%; std=15.9929
 -- Sample 10: mean=28.8923%; std=28.5622
 -- Sample 11: mean=30.4989%; std=28.4401
 -- Sample 12: mean=28.9113%; std=29.9088
 -- Sample 13: mean=32.1774%; std=37.7453
 -- Sample 14: mean=30.2568%; std=18.1767
 -- Sample 15: mean=30.6871%; std=18.0664
 -- Sample 16: mean=30.3048%; std=17.9395
 -- Sample 17: mean=30.3968%; std=18.0992
 -- Sample 18: mean=20.8267%; std=16.4553
 -- Sample 19: mean=21.2620%; std=17.0051
 -- Sample 20: mean=21.0976%; std=16.4642
 -- Sample 21: mean=20.8911%; std=17.0124
 -- Sample 22: mean=20.3690%; std=15.3396
 -- Sample 23: mean=20.1677%; std=15.0785
 -- Sample 24: mean=20.6210%; std=14.5971
 -- Sample 25: mean=20.0155%; std=15.2614
 -- Sample 26: mean=22.7588%; std=15.1808
 -- Sample 27: mean=22.8628%; std=15.0047
 -- Sample 28: mean=20.5883%; std=15.0599
 -- Sample 29: mean=22.9714%; std=15.3805
 -- Sample 30: mean=23.4833%; std=15.6423
 -- Sample 31: mean=22.6244%; std=16.0131
 -- Sample 32: mean=23.4081%; std=16.1504
 -- Sample 33: mean=23.9104%; std=15.7972
 -- Sample 34: mean=26.4419%; std=15.0979
 -- Sample 35: mean=25.4001%; std=15.2102
 -- Sample 36: mean=27.5109%; std=14.9707
 -- Sample 37: mean=25.1881%; std=14.9238
 -- Sample 38: mean=24.9334%; std=14.7362
 -- Sample 39: mean=20.8255%; std=13.9232
 -- Sample 40: mean=23.5402%; std=15.5996
 -- Sample 41: mean=25.2710%; std=15.7493
 -- Sample 42: mean=20.7031%; std=17.8102
 -- Sample 43: mean=21.6988%; std=17.5266
 -- Sample 44: mean=19.3045%; std=15.6895
 -- Sample 45: mean=20.0081%; std=16.5094
 -- Sample 46: mean=28.2588%; std=19.3981
 -- Sample 47: mean=28.6662%; std=19.0006
 -- Sample 48: mean=28.4003%; std=19.4106
 -- Sample 49: mean=27.8570%; std=19.5164
Mean: 24.8072%, Std: 3.9961%
------------------------------------------------------------------
Correlation comparison:
 -- Sample 0: 0.9166
 -- Sample 1: 0.9061
 -- Sample 2: 0.9690
 -- Sample 3: 0.9629
 -- Sample 4: 0.9693
 -- Sample 5: 0.9680
 -- Sample 6: 0.9438
 -- Sample 7: 0.9383
 -- Sample 8: 0.9384
 -- Sample 9: 0.9325
 -- Sample 10: 0.9330
 -- Sample 11: 0.9291
 -- Sample 12: 0.9296
 -- Sample 13: 0.9211
 -- Sample 14: 0.9568
 -- Sample 15: 0.9567
 -- Sample 16: 0.9584
 -- Sample 17: 0.9565
 -- Sample 18: 0.9629
 -- Sample 19: 0.9619
 -- Sample 20: 0.9636
 -- Sample 21: 0.9624
 -- Sample 22: 0.9603
 -- Sample 23: 0.9605
 -- Sample 24: 0.9590
 -- Sample 25: 0.9627
 -- Sample 26: 0.9644
 -- Sample 27: 0.9658
 -- Sample 28: 0.9646
 -- Sample 29: 0.9624
 -- Sample 30: 0.9721
 -- Sample 31: 0.9709
 -- Sample 32: 0.9707
 -- Sample 33: 0.9688
 -- Sample 34: 0.9761
 -- Sample 35: 0.9755
 -- Sample 36: 0.9751
 -- Sample 37: 0.9758
 -- Sample 38: 0.9679
 -- Sample 39: 0.9741
 -- Sample 40: 0.9675
 -- Sample 41: 0.9639
 -- Sample 42: 0.9616
 -- Sample 43: 0.9585
 -- Sample 44: 0.9673
 -- Sample 45: 0.9648
 -- Sample 46: 0.9726
 -- Sample 47: 0.9731
 -- Sample 48: 0.9721
 -- Sample 49: 0.9727
Mean=0.9588, Std=0.0165
------------------------------------------------------------------
    Evaluating Javier Santos (D2 N4)
Bias Error: using Single Component
Mean: 91.6255, Std: 4.7950
------------------------------------------------------------------
Magnitude Error: 
 -- Sample 0: mean=85.5046%; std=9.5303
 -- Sample 1: mean=85.4865%; std=9.8927
 -- Sample 2: mean=90.6897%; std=6.0700
 -- Sample 3: mean=90.7445%; std=6.2211
 -- Sample 4: mean=90.6419%; std=5.9282
 -- Sample 5: mean=90.4756%; std=5.7827
 -- Sample 6: mean=88.3352%; std=7.3912
 -- Sample 7: mean=88.6620%; std=7.2720
 -- Sample 8: mean=88.2020%; std=7.4357
 -- Sample 9: mean=88.7831%; std=7.0287
 -- Sample 10: mean=84.1766%; std=11.9731
 -- Sample 11: mean=84.4555%; std=11.1746
 -- Sample 12: mean=83.8412%; std=12.0949
 -- Sample 13: mean=84.3701%; std=12.0123
 -- Sample 14: mean=94.5192%; std=3.8019
 -- Sample 15: mean=94.4636%; std=3.8811
 -- Sample 16: mean=94.6056%; std=3.7067
 -- Sample 17: mean=94.4969%; std=3.7015
 -- Sample 18: mean=93.8865%; std=4.3939
 -- Sample 19: mean=93.7935%; std=4.4190
 -- Sample 20: mean=93.8509%; std=4.3218
 -- Sample 21: mean=93.8230%; std=4.3024
 -- Sample 22: mean=91.5085%; std=5.1454
 -- Sample 23: mean=91.6059%; std=5.1615
 -- Sample 24: mean=91.3490%; std=5.1692
 -- Sample 25: mean=91.2761%; std=5.2607
 -- Sample 26: mean=93.4499%; std=3.8811
 -- Sample 27: mean=93.3494%; std=3.8735
 -- Sample 28: mean=93.2541%; std=4.2164
 -- Sample 29: mean=93.4063%; std=4.1205
 -- Sample 30: mean=92.4148%; std=4.4881
 -- Sample 31: mean=92.2784%; std=4.6972
 -- Sample 32: mean=92.4222%; std=4.6713
 -- Sample 33: mean=92.4916%; std=4.6921
 -- Sample 34: mean=93.3315%; std=4.1313
 -- Sample 35: mean=93.3329%; std=4.2334
 -- Sample 36: mean=93.2885%; std=4.0491
 -- Sample 37: mean=93.3680%; std=4.1787
 -- Sample 38: mean=90.5849%; std=5.7495
 -- Sample 39: mean=90.5919%; std=5.6327
 -- Sample 40: mean=90.5966%; std=5.7124
 -- Sample 41: mean=90.5852%; std=5.5273
 -- Sample 42: mean=92.4897%; std=4.7819
 -- Sample 43: mean=92.1376%; std=4.6915
 -- Sample 44: mean=92.5538%; std=4.4771
 -- Sample 45: mean=92.2631%; std=4.7825
 -- Sample 46: mean=95.4031%; std=2.8915
 -- Sample 47: mean=95.3102%; std=3.0640
 -- Sample 48: mean=95.3784%; std=2.9988
 -- Sample 49: mean=95.3645%; std=2.9760
Mean: 91.4639%, Std: 3.0963%
------------------------------------------------------------------
Correlation comparison:
 -- Sample 0: 0.5323
 -- Sample 1: 0.5082
 -- Sample 2: 0.5286
 -- Sample 3: 0.5171
 -- Sample 4: 0.5293
 -- Sample 5: 0.5594
 -- Sample 6: 0.5305
 -- Sample 7: 0.5223
 -- Sample 8: 0.5691
 -- Sample 9: 0.5437
 -- Sample 10: 0.4194
 -- Sample 11: 0.4169
 -- Sample 12: 0.4135
 -- Sample 13: 0.3970
 -- Sample 14: 0.4699
 -- Sample 15: 0.4868
 -- Sample 16: 0.4899
 -- Sample 17: 0.4846
 -- Sample 18: 0.4561
 -- Sample 19: 0.4458
 -- Sample 20: 0.4657
 -- Sample 21: 0.4814
 -- Sample 22: 0.5679
 -- Sample 23: 0.5650
 -- Sample 24: 0.5745
 -- Sample 25: 0.5740
 -- Sample 26: 0.5985
 -- Sample 27: 0.6080
 -- Sample 28: 0.5743
 -- Sample 29: 0.5582
 -- Sample 30: 0.5852
 -- Sample 31: 0.5785
 -- Sample 32: 0.5635
 -- Sample 33: 0.5572
 -- Sample 34: 0.5981
 -- Sample 35: 0.5817
 -- Sample 36: 0.6241
 -- Sample 37: 0.5926
 -- Sample 38: 0.5897
 -- Sample 39: 0.5953
 -- Sample 40: 0.5821
 -- Sample 41: 0.6023
 -- Sample 42: 0.6025
 -- Sample 43: 0.6108
 -- Sample 44: 0.6115
 -- Sample 45: 0.6021
 -- Sample 46: 0.5721
 -- Sample 47: 0.5434
 -- Sample 48: 0.5594
 -- Sample 49: 0.5585
Mean=0.5420, Std=0.0585
------------------------------------------------------------------
    Evaluating Javier Santos (D3 N4)
Bias Error: using Single Component
Mean: 99.7216, Std: 0.2379
------------------------------------------------------------------
Magnitude Error: 
 -- Sample 0: mean=96.9115%; std=2.8484
 -- Sample 1: mean=96.9443%; std=2.8433
 -- Sample 2: mean=97.5893%; std=2.1604
 -- Sample 3: mean=97.7006%; std=2.1580
 -- Sample 4: mean=97.4639%; std=2.4329
 -- Sample 5: mean=97.5648%; std=2.1823
 -- Sample 6: mean=97.4098%; std=2.3103
 -- Sample 7: mean=97.2443%; std=2.4176
 -- Sample 8: mean=97.2455%; std=2.3852
 -- Sample 9: mean=97.3631%; std=2.3160
 -- Sample 10: mean=95.6959%; std=4.4044
 -- Sample 11: mean=95.5690%; std=4.5514
 -- Sample 12: mean=95.9076%; std=4.2025
 -- Sample 13: mean=95.8391%; std=4.1842
 -- Sample 14: mean=97.2467%; std=2.4210
 -- Sample 15: mean=97.1775%; std=2.5082
 -- Sample 16: mean=97.1529%; std=2.5226
 -- Sample 17: mean=97.1920%; std=2.4637
 -- Sample 18: mean=96.8317%; std=2.8493
 -- Sample 19: mean=96.8212%; std=2.8777
 -- Sample 20: mean=96.8382%; std=2.8098
 -- Sample 21: mean=96.7737%; std=2.8708
 -- Sample 22: mean=96.5670%; std=3.1374
 -- Sample 23: mean=96.6560%; std=3.0326
 -- Sample 24: mean=96.5681%; std=3.1282
 -- Sample 25: mean=96.6248%; std=3.1033
 -- Sample 26: mean=97.6586%; std=2.1635
 -- Sample 27: mean=97.7447%; std=2.0980
 -- Sample 28: mean=97.7704%; std=2.0756
 -- Sample 29: mean=97.6192%; std=2.1724
 -- Sample 30: mean=97.8481%; std=1.9186
 -- Sample 31: mean=97.8153%; std=1.9455
 -- Sample 32: mean=97.9279%; std=1.9103
 -- Sample 33: mean=97.9154%; std=1.9168
 -- Sample 34: mean=98.1391%; std=1.6522
 -- Sample 35: mean=98.0194%; std=1.7608
 -- Sample 36: mean=98.1014%; std=1.7034
 -- Sample 37: mean=98.0806%; std=1.7095
 -- Sample 38: mean=97.5862%; std=2.1594
 -- Sample 39: mean=97.7780%; std=2.0509
 -- Sample 40: mean=97.6412%; std=2.0927
 -- Sample 41: mean=97.6318%; std=2.0884
 -- Sample 42: mean=98.1653%; std=1.5964
 -- Sample 43: mean=98.0588%; std=1.6653
 -- Sample 44: mean=98.1357%; std=1.6211
 -- Sample 45: mean=98.1980%; std=1.5606
 -- Sample 46: mean=97.6503%; std=2.1386
 -- Sample 47: mean=97.6813%; std=2.1171
 -- Sample 48: mean=97.6506%; std=2.1220
 -- Sample 49: mean=97.5709%; std=2.1909
Mean: 97.3457%, Std: 0.6543%
------------------------------------------------------------------
Correlation comparison:
 -- Sample 0: 0.0597
 -- Sample 1: 0.0666
 -- Sample 2: 0.1066
 -- Sample 3: 0.1381
 -- Sample 4: 0.1244
 -- Sample 5: 0.1254
 -- Sample 6: 0.1498
 -- Sample 7: 0.1767
 -- Sample 8: 0.1634
 -- Sample 9: 0.1716
 -- Sample 10: 0.1080
 -- Sample 11: 0.1308
 -- Sample 12: 0.1336
 -- Sample 13: 0.1345
 -- Sample 14: -0.1405
 -- Sample 15: -0.1458
 -- Sample 16: -0.1548
 -- Sample 17: -0.1529
 -- Sample 18: -0.1451
 -- Sample 19: -0.1509
 -- Sample 20: -0.1452
 -- Sample 21: -0.1586
 -- Sample 22: -0.1067
 -- Sample 23: -0.0953
 -- Sample 24: -0.1042
 -- Sample 25: -0.1033
 -- Sample 26: -0.0703
 -- Sample 27: -0.0846
 -- Sample 28: -0.0806
 -- Sample 29: -0.0750
 -- Sample 30: -0.0047
 -- Sample 31: 0.0011
 -- Sample 32: -0.0071
 -- Sample 33: 0.0042
 -- Sample 34: -0.0719
 -- Sample 35: -0.0672
 -- Sample 36: -0.0661
 -- Sample 37: -0.0453
 -- Sample 38: 0.0566
 -- Sample 39: 0.0407
 -- Sample 40: 0.0742
 -- Sample 41: 0.0711
 -- Sample 42: 0.0706
 -- Sample 43: 0.0639
 -- Sample 44: 0.1016
 -- Sample 45: 0.0806
 -- Sample 46: -0.1883
 -- Sample 47: -0.1719
 -- Sample 48: -0.1695
 -- Sample 49: -0.1730
Mean=-0.0105, Std=0.1153
------------------------------------------------------------------
    Evaluating Ko et al (D0 N4)
Bias Error: using Single Component
Mean: 51.9014, Std: 52.6892
------------------------------------------------------------------
Magnitude Error: 
 -- Sample 0: mean=76.1919%; std=64.6264
 -- Sample 1: mean=74.7936%; std=61.7420
 -- Sample 2: mean=59.2873%; std=51.2765
 -- Sample 3: mean=60.3878%; std=53.2156
 -- Sample 4: mean=54.9352%; std=49.2835
 -- Sample 5: mean=59.3547%; std=51.1808
 -- Sample 6: mean=111.8130%; std=76.0651
 -- Sample 7: mean=110.6466%; std=79.5075
 -- Sample 8: mean=111.9002%; std=73.6711
 -- Sample 9: mean=111.0679%; std=77.1622
 -- Sample 10: mean=149.6785%; std=136.2277
 -- Sample 11: mean=145.5094%; std=129.3046
 -- Sample 12: mean=150.9256%; std=132.8156
 -- Sample 13: mean=142.7159%; std=124.7655
 -- Sample 14: mean=37.1682%; std=18.6575
 -- Sample 15: mean=37.8340%; std=18.7722
 -- Sample 16: mean=37.2088%; std=18.3992
 -- Sample 17: mean=37.4772%; std=18.7233
 -- Sample 18: mean=34.4729%; std=21.0534
 -- Sample 19: mean=35.0376%; std=20.7776
 -- Sample 20: mean=33.7618%; std=21.6446
 -- Sample 21: mean=34.2269%; std=20.7830
 -- Sample 22: mean=21.6478%; std=19.1336
 -- Sample 23: mean=21.8912%; std=20.6260
 -- Sample 24: mean=22.2423%; std=20.2714
 -- Sample 25: mean=21.0644%; std=17.5494
 -- Sample 26: mean=19.2174%; std=15.3045
 -- Sample 27: mean=20.7639%; std=16.0874
 -- Sample 28: mean=20.6411%; std=16.2778
 -- Sample 29: mean=20.8190%; std=15.6986
 -- Sample 30: mean=23.7686%; std=20.0942
 -- Sample 31: mean=22.9045%; std=20.5449
 -- Sample 32: mean=22.5602%; std=19.0787
 -- Sample 33: mean=23.9296%; std=21.1017
 -- Sample 34: mean=25.8509%; std=20.1202
 -- Sample 35: mean=24.8150%; std=19.5105
 -- Sample 36: mean=25.9817%; std=20.4538
 -- Sample 37: mean=25.6721%; std=21.0125
 -- Sample 38: mean=45.1782%; std=34.7841
 -- Sample 39: mean=44.8945%; std=33.2379
 -- Sample 40: mean=45.1324%; std=35.4479
 -- Sample 41: mean=44.9178%; std=36.0159
 -- Sample 42: mean=63.9340%; std=46.8920
 -- Sample 43: mean=61.3778%; std=48.3615
 -- Sample 44: mean=66.4043%; std=47.6116
 -- Sample 45: mean=61.3882%; std=46.4446
 -- Sample 46: mean=21.2590%; std=14.0272
 -- Sample 47: mean=22.0984%; std=13.7261
 -- Sample 48: mean=22.0711%; std=13.5836
 -- Sample 49: mean=22.2677%; std=14.0323
Mean: 51.8218%, Std: 37.9169%
------------------------------------------------------------------
Correlation comparison:
 -- Sample 0: 0.8585
 -- Sample 1: 0.8642
 -- Sample 2: 0.8531
 -- Sample 3: 0.8445
 -- Sample 4: 0.8617
 -- Sample 5: 0.8570
 -- Sample 6: 0.8472
 -- Sample 7: 0.8295
 -- Sample 8: 0.8479
 -- Sample 9: 0.8389
 -- Sample 10: 0.7491
 -- Sample 11: 0.7496
 -- Sample 12: 0.7415
 -- Sample 13: 0.7659
 -- Sample 14: 0.9154
 -- Sample 15: 0.9161
 -- Sample 16: 0.9218
 -- Sample 17: 0.9131
 -- Sample 18: 0.8907
 -- Sample 19: 0.8942
 -- Sample 20: 0.8919
 -- Sample 21: 0.8973
 -- Sample 22: 0.9360
 -- Sample 23: 0.9388
 -- Sample 24: 0.9370
 -- Sample 25: 0.9440
 -- Sample 26: 0.9447
 -- Sample 27: 0.9390
 -- Sample 28: 0.9379
 -- Sample 29: 0.9400
 -- Sample 30: 0.9217
 -- Sample 31: 0.9269
 -- Sample 32: 0.9256
 -- Sample 33: 0.9188
 -- Sample 34: 0.9209
 -- Sample 35: 0.9290
 -- Sample 36: 0.9219
 -- Sample 37: 0.9214
 -- Sample 38: 0.9291
 -- Sample 39: 0.9345
 -- Sample 40: 0.9276
 -- Sample 41: 0.9316
 -- Sample 42: 0.9122
 -- Sample 43: 0.9065
 -- Sample 44: 0.9081
 -- Sample 45: 0.9114
 -- Sample 46: 0.9600
 -- Sample 47: 0.9571
 -- Sample 48: 0.9612
 -- Sample 49: 0.9565
Mean=0.8970, Std=0.0548
------------------------------------------------------------------
    Evaluating Ko et al (D1 N4)
Bias Error: using Single Component
Mean: 10.6545, Std: 10.6681
------------------------------------------------------------------
Magnitude Error: 
 -- Sample 0: mean=31.0960%; std=21.0583
 -- Sample 1: mean=32.0189%; std=21.6369
 -- Sample 2: mean=29.7580%; std=22.5508
 -- Sample 3: mean=27.8255%; std=19.9946
 -- Sample 4: mean=27.8256%; std=20.4782
 -- Sample 5: mean=26.5206%; std=20.7182
 -- Sample 6: mean=37.6093%; std=32.5702
 -- Sample 7: mean=37.5305%; std=29.6494
 -- Sample 8: mean=34.2313%; std=27.5912
 -- Sample 9: mean=35.8460%; std=26.9124
 -- Sample 10: mean=54.5904%; std=54.3470
 -- Sample 11: mean=53.7779%; std=53.6086
 -- Sample 12: mean=52.7099%; std=55.9834
 -- Sample 13: mean=53.7972%; std=58.9079
 -- Sample 14: mean=11.3578%; std=8.9358
 -- Sample 15: mean=11.6564%; std=9.1993
 -- Sample 16: mean=10.6285%; std=8.7822
 -- Sample 17: mean=10.2576%; std=8.3319
 -- Sample 18: mean=15.7555%; std=10.9106
 -- Sample 19: mean=15.4438%; std=11.1817
 -- Sample 20: mean=15.7689%; std=11.4059
 -- Sample 21: mean=15.2557%; std=11.2801
 -- Sample 22: mean=31.2280%; std=16.3821
 -- Sample 23: mean=30.8103%; std=16.7062
 -- Sample 24: mean=29.3180%; std=16.6233
 -- Sample 25: mean=29.9820%; std=17.4462
 -- Sample 26: mean=12.0652%; std=9.8536
 -- Sample 27: mean=12.8454%; std=10.7730
 -- Sample 28: mean=12.1687%; std=10.2758
 -- Sample 29: mean=11.4659%; std=9.6923
 -- Sample 30: mean=11.1195%; std=9.8699
 -- Sample 31: mean=10.8789%; std=9.1631
 -- Sample 32: mean=10.9795%; std=8.8234
 -- Sample 33: mean=9.4593%; std=8.1549
 -- Sample 34: mean=15.6156%; std=11.8627
 -- Sample 35: mean=14.3468%; std=10.3275
 -- Sample 36: mean=13.5820%; std=10.7009
 -- Sample 37: mean=13.3916%; std=10.8799
 -- Sample 38: mean=9.7090%; std=7.7429
 -- Sample 39: mean=11.4759%; std=7.7494
 -- Sample 40: mean=11.1487%; std=8.1431
 -- Sample 41: mean=10.9868%; std=8.1290
 -- Sample 42: mean=22.4754%; std=17.5441
 -- Sample 43: mean=21.1723%; std=15.5760
 -- Sample 44: mean=21.6414%; std=18.5230
 -- Sample 45: mean=21.1570%; std=21.1391
 -- Sample 46: mean=15.2391%; std=9.3189
 -- Sample 47: mean=15.3828%; std=9.4364
 -- Sample 48: mean=13.9822%; std=8.3400
 -- Sample 49: mean=14.1969%; std=9.6226
Mean: 21.9817%, Std: 12.6413%
------------------------------------------------------------------
Correlation comparison:
 -- Sample 0: 0.8986
 -- Sample 1: 0.9014
 -- Sample 2: 0.9057
 -- Sample 3: 0.9081
 -- Sample 4: 0.8978
 -- Sample 5: 0.9162
 -- Sample 6: 0.9133
 -- Sample 7: 0.9125
 -- Sample 8: 0.9259
 -- Sample 9: 0.9144
 -- Sample 10: 0.8650
 -- Sample 11: 0.8848
 -- Sample 12: 0.8926
 -- Sample 13: 0.8881
 -- Sample 14: 0.9865
 -- Sample 15: 0.9845
 -- Sample 16: 0.9860
 -- Sample 17: 0.9884
 -- Sample 18: 0.9680
 -- Sample 19: 0.9687
 -- Sample 20: 0.9671
 -- Sample 21: 0.9694
 -- Sample 22: 0.9852
 -- Sample 23: 0.9846
 -- Sample 24: 0.9830
 -- Sample 25: 0.9822
 -- Sample 26: 0.9801
 -- Sample 27: 0.9777
 -- Sample 28: 0.9799
 -- Sample 29: 0.9811
 -- Sample 30: 0.9866
 -- Sample 31: 0.9874
 -- Sample 32: 0.9864
 -- Sample 33: 0.9897
 -- Sample 34: 0.9690
 -- Sample 35: 0.9765
 -- Sample 36: 0.9774
 -- Sample 37: 0.9764
 -- Sample 38: 0.9897
 -- Sample 39: 0.9860
 -- Sample 40: 0.9846
 -- Sample 41: 0.9869
 -- Sample 42: 0.9764
 -- Sample 43: 0.9797
 -- Sample 44: 0.9756
 -- Sample 45: 0.9755
 -- Sample 46: 0.9898
 -- Sample 47: 0.9893
 -- Sample 48: 0.9901
 -- Sample 49: 0.9884
Mean=0.9592, Std=0.0371
------------------------------------------------------------------
    Evaluating Ko et al (D2 N4)
Bias Error: using Single Component
Mean: 8.8337, Std: 7.3979
------------------------------------------------------------------
Magnitude Error: 
 -- Sample 0: mean=30.2460%; std=21.4346
 -- Sample 1: mean=33.9477%; std=20.5039
 -- Sample 2: mean=24.8018%; std=19.6696
 -- Sample 3: mean=25.4241%; std=16.1412
 -- Sample 4: mean=24.4798%; std=17.3158
 -- Sample 5: mean=23.9705%; std=16.5242
 -- Sample 6: mean=30.2969%; std=23.3086
 -- Sample 7: mean=30.2384%; std=21.8224
 -- Sample 8: mean=33.3096%; std=21.1895
 -- Sample 9: mean=30.4499%; std=22.9511
 -- Sample 10: mean=50.6115%; std=48.5587
 -- Sample 11: mean=52.5584%; std=52.2152
 -- Sample 12: mean=54.6349%; std=57.9005
 -- Sample 13: mean=45.3654%; std=47.8552
 -- Sample 14: mean=14.9772%; std=9.6189
 -- Sample 15: mean=14.1800%; std=9.2999
 -- Sample 16: mean=14.7324%; std=9.7025
 -- Sample 17: mean=14.6935%; std=10.2306
 -- Sample 18: mean=15.1526%; std=11.6472
 -- Sample 19: mean=14.0179%; std=10.7762
 -- Sample 20: mean=14.0673%; std=10.4304
 -- Sample 21: mean=14.7737%; std=11.0152
 -- Sample 22: mean=23.5486%; std=15.6556
 -- Sample 23: mean=21.2084%; std=14.4611
 -- Sample 24: mean=22.0126%; std=14.4584
 -- Sample 25: mean=23.5421%; std=14.7365
 -- Sample 26: mean=11.4128%; std=10.5400
 -- Sample 27: mean=11.0878%; std=9.2471
 -- Sample 28: mean=11.2268%; std=9.2698
 -- Sample 29: mean=11.8184%; std=10.9138
 -- Sample 30: mean=10.3233%; std=8.4407
 -- Sample 31: mean=12.2852%; std=9.5014
 -- Sample 32: mean=12.7046%; std=9.3172
 -- Sample 33: mean=10.7300%; std=9.2207
 -- Sample 34: mean=16.2513%; std=12.6668
 -- Sample 35: mean=16.9816%; std=12.6877
 -- Sample 36: mean=15.6609%; std=11.5230
 -- Sample 37: mean=16.9774%; std=13.0676
 -- Sample 38: mean=14.6541%; std=10.6976
 -- Sample 39: mean=15.3849%; std=10.6904
 -- Sample 40: mean=14.3698%; std=10.1956
 -- Sample 41: mean=12.3022%; std=9.1623
 -- Sample 42: mean=21.1287%; std=17.0954
 -- Sample 43: mean=25.6060%; std=17.8931
 -- Sample 44: mean=22.3878%; std=15.1176
 -- Sample 45: mean=20.3278%; std=16.7618
 -- Sample 46: mean=12.1906%; std=8.9464
 -- Sample 47: mean=11.9103%; std=9.5542
 -- Sample 48: mean=11.2537%; std=8.6008
 -- Sample 49: mean=11.3631%; std=8.1076
Mean: 20.9516%, Std: 10.9952%
------------------------------------------------------------------
Correlation comparison:
 -- Sample 0: 0.9212
 -- Sample 1: 0.8926
 -- Sample 2: 0.9178
 -- Sample 3: 0.9269
 -- Sample 4: 0.9253
 -- Sample 5: 0.9269
 -- Sample 6: 0.9207
 -- Sample 7: 0.9179
 -- Sample 8: 0.9177
 -- Sample 9: 0.9000
 -- Sample 10: 0.9087
 -- Sample 11: 0.8730
 -- Sample 12: 0.8767
 -- Sample 13: 0.9084
 -- Sample 14: 0.9830
 -- Sample 15: 0.9851
 -- Sample 16: 0.9842
 -- Sample 17: 0.9824
 -- Sample 18: 0.9675
 -- Sample 19: 0.9713
 -- Sample 20: 0.9719
 -- Sample 21: 0.9684
 -- Sample 22: 0.9812
 -- Sample 23: 0.9842
 -- Sample 24: 0.9834
 -- Sample 25: 0.9831
 -- Sample 26: 0.9800
 -- Sample 27: 0.9833
 -- Sample 28: 0.9830
 -- Sample 29: 0.9780
 -- Sample 30: 0.9872
 -- Sample 31: 0.9818
 -- Sample 32: 0.9805
 -- Sample 33: 0.9874
 -- Sample 34: 0.9692
 -- Sample 35: 0.9643
 -- Sample 36: 0.9701
 -- Sample 37: 0.9655
 -- Sample 38: 0.9791
 -- Sample 39: 0.9758
 -- Sample 40: 0.9771
 -- Sample 41: 0.9836
 -- Sample 42: 0.9679
 -- Sample 43: 0.9556
 -- Sample 44: 0.9628
 -- Sample 45: 0.9687
 -- Sample 46: 0.9878
 -- Sample 47: 0.9858
 -- Sample 48: 0.9877
 -- Sample 49: 0.9893
Mean=0.9586, Std=0.0327
------------------------------------------------------------------
    Evaluating Ko et al (D3 N4)
Bias Error: using Single Component
Mean: 10.3003, Std: 8.6065
------------------------------------------------------------------
Magnitude Error: 
 -- Sample 0: mean=31.1780%; std=25.9959
 -- Sample 1: mean=32.9513%; std=24.1163
 -- Sample 2: mean=20.0413%; std=17.7164
 -- Sample 3: mean=19.1250%; std=16.3239
 -- Sample 4: mean=22.9246%; std=18.9529
 -- Sample 5: mean=20.7111%; std=18.0409
 -- Sample 6: mean=33.4249%; std=25.4873
 -- Sample 7: mean=36.1689%; std=27.6305
 -- Sample 8: mean=33.5910%; std=23.8946
 -- Sample 9: mean=30.1580%; std=23.2012
 -- Sample 10: mean=40.9826%; std=47.1950
 -- Sample 11: mean=45.4248%; std=46.5120
 -- Sample 12: mean=44.2614%; std=45.4235
 -- Sample 13: mean=44.6998%; std=46.5895
 -- Sample 14: mean=19.3879%; std=12.8600
 -- Sample 15: mean=19.3489%; std=12.7124
 -- Sample 16: mean=18.9151%; std=12.7473
 -- Sample 17: mean=19.5538%; std=12.8087
 -- Sample 18: mean=16.6691%; std=13.3586
 -- Sample 19: mean=16.4779%; std=13.2207
 -- Sample 20: mean=16.0763%; std=12.7630
 -- Sample 21: mean=16.8597%; std=13.2052
 -- Sample 22: mean=23.3147%; std=16.6472
 -- Sample 23: mean=22.7834%; std=15.6797
 -- Sample 24: mean=23.1306%; std=16.9673
 -- Sample 25: mean=22.9893%; std=16.8916
 -- Sample 26: mean=13.5297%; std=11.1251
 -- Sample 27: mean=13.3010%; std=11.2366
 -- Sample 28: mean=13.5868%; std=11.6017
 -- Sample 29: mean=12.3617%; std=10.6665
 -- Sample 30: mean=12.2764%; std=10.6796
 -- Sample 31: mean=13.3943%; std=11.3398
 -- Sample 32: mean=12.4276%; std=11.6377
 -- Sample 33: mean=12.3825%; std=11.1034
 -- Sample 34: mean=13.3902%; std=10.4391
 -- Sample 35: mean=15.4188%; std=12.8414
 -- Sample 36: mean=13.9977%; std=11.5801
 -- Sample 37: mean=13.9177%; std=11.0101
 -- Sample 38: mean=13.1124%; std=10.2213
 -- Sample 39: mean=12.1140%; std=10.1338
 -- Sample 40: mean=12.7872%; std=9.4889
 -- Sample 41: mean=11.7379%; std=8.7115
 -- Sample 42: mean=23.3986%; std=18.1914
 -- Sample 43: mean=22.8095%; std=18.0591
 -- Sample 44: mean=21.7268%; std=16.0039
 -- Sample 45: mean=23.9845%; std=17.7917
 -- Sample 46: mean=11.1221%; std=9.1485
 -- Sample 47: mean=11.1372%; std=9.0267
 -- Sample 48: mean=11.3903%; std=9.1536
 -- Sample 49: mean=11.5126%; std=9.0793
Mean: 20.7593%, Std: 9.4777%
------------------------------------------------------------------
Correlation comparison:
 -- Sample 0: 0.9150
 -- Sample 1: 0.9108
 -- Sample 2: 0.9478
 -- Sample 3: 0.9516
 -- Sample 4: 0.9214
 -- Sample 5: 0.9388
 -- Sample 6: 0.9146
 -- Sample 7: 0.9237
 -- Sample 8: 0.9366
 -- Sample 9: 0.9384
 -- Sample 10: 0.9154
 -- Sample 11: 0.9075
 -- Sample 12: 0.8908
 -- Sample 13: 0.9013
 -- Sample 14: 0.9735
 -- Sample 15: 0.9748
 -- Sample 16: 0.9755
 -- Sample 17: 0.9752
 -- Sample 18: 0.9636
 -- Sample 19: 0.9637
 -- Sample 20: 0.9667
 -- Sample 21: 0.9627
 -- Sample 22: 0.9751
 -- Sample 23: 0.9789
 -- Sample 24: 0.9755
 -- Sample 25: 0.9739
 -- Sample 26: 0.9753
 -- Sample 27: 0.9752
 -- Sample 28: 0.9744
 -- Sample 29: 0.9787
 -- Sample 30: 0.9834
 -- Sample 31: 0.9803
 -- Sample 32: 0.9812
 -- Sample 33: 0.9826
 -- Sample 34: 0.9764
 -- Sample 35: 0.9709
 -- Sample 36: 0.9742
 -- Sample 37: 0.9754
 -- Sample 38: 0.9780
 -- Sample 39: 0.9817
 -- Sample 40: 0.9810
 -- Sample 41: 0.9820
 -- Sample 42: 0.9752
 -- Sample 43: 0.9758
 -- Sample 44: 0.9777
 -- Sample 45: 0.9773
 -- Sample 46: 0.9814
 -- Sample 47: 0.9827
 -- Sample 48: 0.9812
 -- Sample 49: 0.9809
Mean=0.9611, Std=0.0262
------------------------------------------------------------------
    Evaluating Ko et al (D3 N0)
Bias Error: using Single Component
Mean: 9.8053, Std: 9.0419
------------------------------------------------------------------
Magnitude Error: 
 -- Sample 0: mean=30.4351%; std=25.6686
 -- Sample 1: mean=28.6066%; std=22.4315
 -- Sample 2: mean=28.3529%; std=25.3849
 -- Sample 3: mean=27.8665%; std=21.4815
 -- Sample 4: mean=31.8864%; std=28.2909
 -- Sample 5: mean=34.1031%; std=29.2691
 -- Sample 6: mean=33.2283%; std=27.3707
 -- Sample 7: mean=40.9945%; std=30.9798
 -- Sample 8: mean=39.1388%; std=25.1885
 -- Sample 9: mean=34.8474%; std=26.9664
 -- Sample 10: mean=48.0436%; std=48.7089
 -- Sample 11: mean=69.3181%; std=63.9785
 -- Sample 12: mean=67.1527%; std=60.9723
 -- Sample 13: mean=46.1567%; std=51.7732
 -- Sample 14: mean=17.6649%; std=13.1239
 -- Sample 15: mean=17.3266%; std=13.4831
 -- Sample 16: mean=18.7699%; std=14.0483
 -- Sample 17: mean=17.8614%; std=13.4358
 -- Sample 18: mean=20.4929%; std=15.3252
 -- Sample 19: mean=21.2452%; std=15.7912
 -- Sample 20: mean=22.8860%; std=16.9704
 -- Sample 21: mean=21.5735%; std=15.3369
 -- Sample 22: mean=22.5670%; std=18.9030
 -- Sample 23: mean=22.9899%; std=18.0263
 -- Sample 24: mean=21.6133%; std=17.6379
 -- Sample 25: mean=21.3145%; std=17.9752
 -- Sample 26: mean=16.4823%; std=13.1304
 -- Sample 27: mean=16.9331%; std=12.9708
 -- Sample 28: mean=18.1420%; std=13.4001
 -- Sample 29: mean=16.7558%; std=12.7009
 -- Sample 30: mean=18.3366%; std=13.2998
 -- Sample 31: mean=17.0872%; std=11.9438
 -- Sample 32: mean=20.3203%; std=15.2900
 -- Sample 33: mean=19.2953%; std=13.5588
 -- Sample 34: mean=22.8604%; std=16.6271
 -- Sample 35: mean=19.3798%; std=15.7970
 -- Sample 36: mean=17.8971%; std=14.1482
 -- Sample 37: mean=21.3799%; std=16.1743
 -- Sample 38: mean=17.2935%; std=12.5655
 -- Sample 39: mean=19.6381%; std=14.2661
 -- Sample 40: mean=18.8516%; std=13.3927
 -- Sample 41: mean=15.3328%; std=12.4967
 -- Sample 42: mean=23.4038%; std=20.4232
 -- Sample 43: mean=19.5373%; std=19.2649
 -- Sample 44: mean=22.3890%; std=19.3706
 -- Sample 45: mean=20.4666%; std=19.2122
 -- Sample 46: mean=14.7127%; std=11.8293
 -- Sample 47: mean=15.4140%; std=12.2623
 -- Sample 48: mean=15.8022%; std=12.7263
 -- Sample 49: mean=15.6541%; std=12.3119
Mean: 24.9960%, Std: 11.8178%
------------------------------------------------------------------
Correlation comparison:
 -- Sample 0: 0.8948
 -- Sample 1: 0.9093
 -- Sample 2: 0.9034
 -- Sample 3: 0.9045
 -- Sample 4: 0.8827
 -- Sample 5: 0.8964
 -- Sample 6: 0.9115
 -- Sample 7: 0.8949
 -- Sample 8: 0.8912
 -- Sample 9: 0.8977
 -- Sample 10: 0.8410
 -- Sample 11: 0.7470
 -- Sample 12: 0.8292
 -- Sample 13: 0.8846
 -- Sample 14: 0.9609
 -- Sample 15: 0.9624
 -- Sample 16: 0.9555
 -- Sample 17: 0.9576
 -- Sample 18: 0.9429
 -- Sample 19: 0.9401
 -- Sample 20: 0.9331
 -- Sample 21: 0.9405
 -- Sample 22: 0.9598
 -- Sample 23: 0.9655
 -- Sample 24: 0.9649
 -- Sample 25: 0.9620
 -- Sample 26: 0.9600
 -- Sample 27: 0.9569
 -- Sample 28: 0.9553
 -- Sample 29: 0.9600
 -- Sample 30: 0.9660
 -- Sample 31: 0.9696
 -- Sample 32: 0.9552
 -- Sample 33: 0.9566
 -- Sample 34: 0.9284
 -- Sample 35: 0.9474
 -- Sample 36: 0.9562
 -- Sample 37: 0.9427
 -- Sample 38: 0.9678
 -- Sample 39: 0.9647
 -- Sample 40: 0.9585
 -- Sample 41: 0.9709
 -- Sample 42: 0.9501
 -- Sample 43: 0.9647
 -- Sample 44: 0.9673
 -- Sample 45: 0.9688
 -- Sample 46: 0.9696
 -- Sample 47: 0.9709
 -- Sample 48: 0.9683
 -- Sample 49: 0.9661
Mean=0.9355, Std=0.0436
------------------------------------------------------------------
    Evaluating Ko et al (D3 N1)
Bias Error: using Single Component
Mean: 11.5999, Std: 10.6492
------------------------------------------------------------------
Magnitude Error: 
 -- Sample 0: mean=31.0924%; std=24.1567
 -- Sample 1: mean=34.2025%; std=25.6478
 -- Sample 2: mean=23.6846%; std=20.9139
 -- Sample 3: mean=22.9711%; std=19.9659
 -- Sample 4: mean=26.3124%; std=21.4930
 -- Sample 5: mean=29.2469%; std=21.9296
 -- Sample 6: mean=31.2654%; std=26.0524
 -- Sample 7: mean=39.2470%; std=28.0043
 -- Sample 8: mean=40.1621%; std=25.6084
 -- Sample 9: mean=36.7922%; std=24.0872
 -- Sample 10: mean=42.1258%; std=39.8889
 -- Sample 11: mean=61.9665%; std=53.0865
 -- Sample 12: mean=65.6510%; std=64.5946
 -- Sample 13: mean=54.2770%; std=60.8343
 -- Sample 14: mean=13.9417%; std=11.9152
 -- Sample 15: mean=13.3604%; std=11.5629
 -- Sample 16: mean=14.6619%; std=12.0700
 -- Sample 17: mean=13.9471%; std=11.4227
 -- Sample 18: mean=20.1829%; std=15.1795
 -- Sample 19: mean=20.2848%; std=16.2246
 -- Sample 20: mean=21.6140%; std=15.7361
 -- Sample 21: mean=20.8083%; std=16.2894
 -- Sample 22: mean=25.3338%; std=19.6631
 -- Sample 23: mean=23.2375%; std=16.9765
 -- Sample 24: mean=25.0776%; std=20.3116
 -- Sample 25: mean=23.9291%; std=17.8531
 -- Sample 26: mean=14.0554%; std=11.1801
 -- Sample 27: mean=15.2213%; std=12.8682
 -- Sample 28: mean=15.3991%; std=12.8573
 -- Sample 29: mean=14.7073%; std=11.2258
 -- Sample 30: mean=17.2061%; std=12.2579
 -- Sample 31: mean=14.0702%; std=10.9799
 -- Sample 32: mean=16.7753%; std=12.5376
 -- Sample 33: mean=17.0384%; std=12.3183
 -- Sample 34: mean=19.7872%; std=14.7594
 -- Sample 35: mean=17.6475%; std=15.3408
 -- Sample 36: mean=19.8648%; std=14.6446
 -- Sample 37: mean=18.6948%; std=14.9828
 -- Sample 38: mean=14.8719%; std=13.5316
 -- Sample 39: mean=19.1822%; std=15.0832
 -- Sample 40: mean=15.5882%; std=12.9673
 -- Sample 41: mean=14.5107%; std=12.3598
 -- Sample 42: mean=23.3405%; std=23.0410
 -- Sample 43: mean=23.0439%; std=19.7474
 -- Sample 44: mean=26.8879%; std=21.6033
 -- Sample 45: mean=26.0730%; std=24.2729
 -- Sample 46: mean=18.5034%; std=14.1252
 -- Sample 47: mean=19.2003%; std=15.0265
 -- Sample 48: mean=18.2608%; std=13.7164
 -- Sample 49: mean=17.9260%; std=14.4025
Mean: 24.2646%, Std: 11.7102%
------------------------------------------------------------------
Correlation comparison:
 -- Sample 0: 0.9099
 -- Sample 1: 0.9027
 -- Sample 2: 0.9301
 -- Sample 3: 0.9236
 -- Sample 4: 0.9310
 -- Sample 5: 0.9314
 -- Sample 6: 0.9355
 -- Sample 7: 0.9314
 -- Sample 8: 0.9125
 -- Sample 9: 0.9363
 -- Sample 10: 0.9072
 -- Sample 11: 0.8664
 -- Sample 12: 0.8664
 -- Sample 13: 0.8811
 -- Sample 14: 0.9698
 -- Sample 15: 0.9707
 -- Sample 16: 0.9672
 -- Sample 17: 0.9696
 -- Sample 18: 0.9586
 -- Sample 19: 0.9580
 -- Sample 20: 0.9531
 -- Sample 21: 0.9580
 -- Sample 22: 0.9691
 -- Sample 23: 0.9751
 -- Sample 24: 0.9665
 -- Sample 25: 0.9673
 -- Sample 26: 0.9722
 -- Sample 27: 0.9661
 -- Sample 28: 0.9689
 -- Sample 29: 0.9705
 -- Sample 30: 0.9667
 -- Sample 31: 0.9765
 -- Sample 32: 0.9661
 -- Sample 33: 0.9690
 -- Sample 34: 0.9499
 -- Sample 35: 0.9553
 -- Sample 36: 0.9502
 -- Sample 37: 0.9539
 -- Sample 38: 0.9718
 -- Sample 39: 0.9589
 -- Sample 40: 0.9712
 -- Sample 41: 0.9750
 -- Sample 42: 0.9661
 -- Sample 43: 0.9711
 -- Sample 44: 0.9631
 -- Sample 45: 0.9671
 -- Sample 46: 0.9721
 -- Sample 47: 0.9704
 -- Sample 48: 0.9768
 -- Sample 49: 0.9738
Mean=0.9510, Std=0.0282
------------------------------------------------------------------
    Evaluating Ko et al (D3 N2)
Bias Error: using Single Component
Mean: 9.3867, Std: 5.7497
------------------------------------------------------------------
Magnitude Error: 
 -- Sample 0: mean=31.4448%; std=21.6078
 -- Sample 1: mean=29.8820%; std=24.0929
 -- Sample 2: mean=21.2530%; std=17.3116
 -- Sample 3: mean=25.1473%; std=22.2402
 -- Sample 4: mean=21.1295%; std=16.8796
 -- Sample 5: mean=26.0933%; std=18.1473
 -- Sample 6: mean=25.3615%; std=20.7401
 -- Sample 7: mean=29.8459%; std=24.7165
 -- Sample 8: mean=30.4504%; std=21.3965
 -- Sample 9: mean=30.9451%; std=22.6865
 -- Sample 10: mean=45.1176%; std=44.8217
 -- Sample 11: mean=52.7889%; std=51.6050
 -- Sample 12: mean=59.5293%; std=54.9123
 -- Sample 13: mean=43.4313%; std=43.2912
 -- Sample 14: mean=14.1426%; std=10.6183
 -- Sample 15: mean=13.3904%; std=11.2287
 -- Sample 16: mean=14.1344%; std=10.7133
 -- Sample 17: mean=15.1355%; std=10.8286
 -- Sample 18: mean=16.7762%; std=12.0627
 -- Sample 19: mean=16.6755%; std=12.5498
 -- Sample 20: mean=18.5616%; std=13.2842
 -- Sample 21: mean=17.1120%; std=12.6353
 -- Sample 22: mean=22.0591%; std=17.7768
 -- Sample 23: mean=22.8143%; std=16.3581
 -- Sample 24: mean=22.6918%; std=15.6209
 -- Sample 25: mean=22.0129%; std=16.1578
 -- Sample 26: mean=14.5667%; std=11.5569
 -- Sample 27: mean=13.1427%; std=10.8328
 -- Sample 28: mean=13.5017%; std=10.8827
 -- Sample 29: mean=14.6177%; std=11.7447
 -- Sample 30: mean=15.1548%; std=11.0991
 -- Sample 31: mean=14.7008%; std=10.4767
 -- Sample 32: mean=14.8002%; std=10.7343
 -- Sample 33: mean=17.0827%; std=11.2617
 -- Sample 34: mean=17.0156%; std=12.8430
 -- Sample 35: mean=15.6714%; std=12.7322
 -- Sample 36: mean=16.1177%; std=11.6736
 -- Sample 37: mean=14.9503%; std=10.8627
 -- Sample 38: mean=13.9744%; std=9.6447
 -- Sample 39: mean=15.9853%; std=12.3446
 -- Sample 40: mean=16.9892%; std=10.0476
 -- Sample 41: mean=10.7103%; std=8.8591
 -- Sample 42: mean=20.0345%; std=19.6016
 -- Sample 43: mean=17.2579%; std=15.6840
 -- Sample 44: mean=20.4316%; std=16.0947
 -- Sample 45: mean=18.4705%; std=16.2985
 -- Sample 46: mean=11.6713%; std=9.4154
 -- Sample 47: mean=13.3592%; std=10.8700
 -- Sample 48: mean=13.1279%; std=9.5131
 -- Sample 49: mean=13.6517%; std=9.9660
Mean: 21.0982%, Std: 10.2571%
------------------------------------------------------------------
Correlation comparison:
 -- Sample 0: 0.9071
 -- Sample 1: 0.9240
 -- Sample 2: 0.9333
 -- Sample 3: 0.9104
 -- Sample 4: 0.9422
 -- Sample 5: 0.9227
 -- Sample 6: 0.9496
 -- Sample 7: 0.9323
 -- Sample 8: 0.9397
 -- Sample 9: 0.9269
 -- Sample 10: 0.8922
 -- Sample 11: 0.8625
 -- Sample 12: 0.8425
 -- Sample 13: 0.9001
 -- Sample 14: 0.9775
 -- Sample 15: 0.9764
 -- Sample 16: 0.9757
 -- Sample 17: 0.9766
 -- Sample 18: 0.9653
 -- Sample 19: 0.9669
 -- Sample 20: 0.9566
 -- Sample 21: 0.9625
 -- Sample 22: 0.9745
 -- Sample 23: 0.9776
 -- Sample 24: 0.9748
 -- Sample 25: 0.9768
 -- Sample 26: 0.9737
 -- Sample 27: 0.9766
 -- Sample 28: 0.9779
 -- Sample 29: 0.9699
 -- Sample 30: 0.9788
 -- Sample 31: 0.9820
 -- Sample 32: 0.9775
 -- Sample 33: 0.9733
 -- Sample 34: 0.9626
 -- Sample 35: 0.9675
 -- Sample 36: 0.9691
 -- Sample 37: 0.9723
 -- Sample 38: 0.9826
 -- Sample 39: 0.9726
 -- Sample 40: 0.9785
 -- Sample 41: 0.9868
 -- Sample 42: 0.9767
 -- Sample 43: 0.9778
 -- Sample 44: 0.9756
 -- Sample 45: 0.9739
 -- Sample 46: 0.9825
 -- Sample 47: 0.9804
 -- Sample 48: 0.9832
 -- Sample 49: 0.9804
Mean=0.9576, Std=0.0322
------------------------------------------------------------------
    Evaluating Ko et al (D3 N3)
Bias Error: using Single Component
Mean: 10.7489, Std: 8.5430
------------------------------------------------------------------
Magnitude Error: 
 -- Sample 0: mean=31.3372%; std=23.5820
 -- Sample 1: mean=34.0902%; std=26.9200
 -- Sample 2: mean=21.2503%; std=15.7194
 -- Sample 3: mean=22.4065%; std=17.9076
 -- Sample 4: mean=23.5204%; std=16.9217
 -- Sample 5: mean=28.1346%; std=18.4338
 -- Sample 6: mean=29.7571%; std=25.5323
 -- Sample 7: mean=32.6364%; std=23.1420
 -- Sample 8: mean=32.6458%; std=24.4259
 -- Sample 9: mean=37.6174%; std=27.7271
 -- Sample 10: mean=48.3368%; std=53.7674
 -- Sample 11: mean=50.8129%; std=43.5062
 -- Sample 12: mean=52.5665%; std=53.3360
 -- Sample 13: mean=43.8442%; std=41.3680
 -- Sample 14: mean=11.6146%; std=9.1672
 -- Sample 15: mean=12.3377%; std=9.8917
 -- Sample 16: mean=12.8213%; std=10.0758
 -- Sample 17: mean=11.4091%; std=9.3126
 -- Sample 18: mean=15.0245%; std=11.6805
 -- Sample 19: mean=15.2257%; std=11.8274
 -- Sample 20: mean=15.5479%; std=12.7048
 -- Sample 21: mean=15.7135%; std=12.6374
 -- Sample 22: mean=27.2364%; std=17.3256
 -- Sample 23: mean=27.5219%; std=17.4921
 -- Sample 24: mean=29.5623%; std=16.8773
 -- Sample 25: mean=27.5998%; std=17.9791
 -- Sample 26: mean=11.8380%; std=10.0481
 -- Sample 27: mean=11.0911%; std=9.6997
 -- Sample 28: mean=13.2149%; std=10.5767
 -- Sample 29: mean=11.9301%; std=10.2819
 -- Sample 30: mean=13.3318%; std=9.9192
 -- Sample 31: mean=13.3023%; std=10.8912
 -- Sample 32: mean=13.5180%; std=9.8921
 -- Sample 33: mean=14.8708%; std=10.7041
 -- Sample 34: mean=17.9279%; std=13.8427
 -- Sample 35: mean=14.9443%; std=11.4500
 -- Sample 36: mean=15.4218%; std=11.9386
 -- Sample 37: mean=17.8707%; std=12.6783
 -- Sample 38: mean=15.6068%; std=11.5424
 -- Sample 39: mean=14.5008%; std=10.7430
 -- Sample 40: mean=12.8853%; std=10.0667
 -- Sample 41: mean=12.3750%; std=10.6898
 -- Sample 42: mean=24.8043%; std=21.7143
 -- Sample 43: mean=25.0159%; std=18.8588
 -- Sample 44: mean=25.5079%; std=17.7872
 -- Sample 45: mean=21.2980%; std=17.6596
 -- Sample 46: mean=14.3939%; std=10.6906
 -- Sample 47: mean=14.6987%; std=10.2069
 -- Sample 48: mean=14.6053%; std=10.5562
 -- Sample 49: mean=13.5780%; std=10.2588
Mean: 21.7820%, Std: 10.7682%
------------------------------------------------------------------
Correlation comparison:
 -- Sample 0: 0.9049
 -- Sample 1: 0.9085
 -- Sample 2: 0.9358
 -- Sample 3: 0.9161
 -- Sample 4: 0.9278
 -- Sample 5: 0.9127
 -- Sample 6: 0.9281
 -- Sample 7: 0.9210
 -- Sample 8: 0.9164
 -- Sample 9: 0.8676
 -- Sample 10: 0.8896
 -- Sample 11: 0.8826
 -- Sample 12: 0.8519
 -- Sample 13: 0.9000
 -- Sample 14: 0.9814
 -- Sample 15: 0.9783
 -- Sample 16: 0.9775
 -- Sample 17: 0.9809
 -- Sample 18: 0.9755
 -- Sample 19: 0.9735
 -- Sample 20: 0.9730
 -- Sample 21: 0.9687
 -- Sample 22: 0.9793
 -- Sample 23: 0.9796
 -- Sample 24: 0.9793
 -- Sample 25: 0.9770
 -- Sample 26: 0.9806
 -- Sample 27: 0.9831
 -- Sample 28: 0.9792
 -- Sample 29: 0.9807
 -- Sample 30: 0.9786
 -- Sample 31: 0.9811
 -- Sample 32: 0.9718
 -- Sample 33: 0.9723
 -- Sample 34: 0.9676
 -- Sample 35: 0.9729
 -- Sample 36: 0.9721
 -- Sample 37: 0.9621
 -- Sample 38: 0.9765
 -- Sample 39: 0.9755
 -- Sample 40: 0.9822
 -- Sample 41: 0.9810
 -- Sample 42: 0.9685
 -- Sample 43: 0.9555
 -- Sample 44: 0.9753
 -- Sample 45: 0.9734
 -- Sample 46: 0.9846
 -- Sample 47: 0.9806
 -- Sample 48: 0.9846
 -- Sample 49: 0.9833
Mean=0.9562, Std=0.0349
------------------------------------------------------------------
  Processing Batch 3 (Size: 28)...
    Evaluating Javier Santos (D0 N4)
Bias Error: using Single Component
Mean: 8.4668, Std: 6.7704
------------------------------------------------------------------
Magnitude Error: 
 -- Sample 0: mean=18.9408%; std=12.8514
 -- Sample 1: mean=20.1716%; std=12.4124
 -- Sample 2: mean=19.1981%; std=12.3925
 -- Sample 3: mean=19.4348%; std=12.1356
 -- Sample 4: mean=16.6575%; std=11.7078
 -- Sample 5: mean=17.3200%; std=12.2647
 -- Sample 6: mean=16.1835%; std=11.3881
 -- Sample 7: mean=16.8565%; std=12.3117
 -- Sample 8: mean=15.1950%; std=11.5736
 -- Sample 9: mean=15.9160%; std=12.3581
 -- Sample 10: mean=15.0463%; std=12.3386
 -- Sample 11: mean=15.5562%; std=12.2888
 -- Sample 12: mean=27.6264%; std=23.7676
 -- Sample 13: mean=25.9702%; std=20.8481
 -- Sample 14: mean=28.0629%; std=23.1136
 -- Sample 15: mean=25.9747%; std=21.5430
 -- Sample 16: mean=22.3272%; std=12.5231
 -- Sample 17: mean=21.5241%; std=12.0434
 -- Sample 18: mean=22.2647%; std=13.0056
 -- Sample 19: mean=22.2981%; std=12.0506
 -- Sample 20: mean=17.3693%; std=14.0146
 -- Sample 21: mean=16.2878%; std=13.3084
 -- Sample 22: mean=17.8627%; std=13.2450
 -- Sample 23: mean=16.9353%; std=14.2589
 -- Sample 24: mean=24.3366%; std=12.2909
 -- Sample 25: mean=25.1438%; std=12.8608
 -- Sample 26: mean=23.7038%; std=12.6022
 -- Sample 27: mean=24.4719%; std=12.7559
Mean: 20.3084%, Std: 4.0205%
------------------------------------------------------------------
Correlation comparison:
 -- Sample 0: 0.9319
 -- Sample 1: 0.9300
 -- Sample 2: 0.9334
 -- Sample 3: 0.9350
 -- Sample 4: 0.9571
 -- Sample 5: 0.9511
 -- Sample 6: 0.9594
 -- Sample 7: 0.9540
 -- Sample 8: 0.9444
 -- Sample 9: 0.9445
 -- Sample 10: 0.9438
 -- Sample 11: 0.9447
 -- Sample 12: 0.8873
 -- Sample 13: 0.9034
 -- Sample 14: 0.8905
 -- Sample 15: 0.9023
 -- Sample 16: 0.9552
 -- Sample 17: 0.9602
 -- Sample 18: 0.9539
 -- Sample 19: 0.9571
 -- Sample 20: 0.9506
 -- Sample 21: 0.9568
 -- Sample 22: 0.9508
 -- Sample 23: 0.9557
 -- Sample 24: 0.9558
 -- Sample 25: 0.9577
 -- Sample 26: 0.9602
 -- Sample 27: 0.9587
Mean=0.9423, Std=0.0210
------------------------------------------------------------------
    Evaluating Javier Santos (D1 N4)
Bias Error: using Single Component
Mean: 47.2351, Std: 4.4037
------------------------------------------------------------------
Magnitude Error: 
 -- Sample 0: mean=37.1042%; std=15.1519
 -- Sample 1: mean=37.6740%; std=14.9884
 -- Sample 2: mean=37.3967%; std=15.0253
 -- Sample 3: mean=37.2407%; std=14.8536
 -- Sample 4: mean=28.8561%; std=13.8753
 -- Sample 5: mean=28.1161%; std=14.2426
 -- Sample 6: mean=28.6918%; std=14.2075
 -- Sample 7: mean=28.6936%; std=14.4182
 -- Sample 8: mean=27.8807%; std=16.7634
 -- Sample 9: mean=27.6709%; std=16.0941
 -- Sample 10: mean=28.5940%; std=16.1425
 -- Sample 11: mean=27.4623%; std=16.0043
 -- Sample 12: mean=26.6161%; std=18.6325
 -- Sample 13: mean=26.7802%; std=17.9303
 -- Sample 14: mean=27.4752%; std=18.3725
 -- Sample 15: mean=28.0845%; std=18.7673
 -- Sample 16: mean=33.8549%; std=13.4484
 -- Sample 17: mean=34.5858%; std=13.7985
 -- Sample 18: mean=33.8344%; std=13.0424
 -- Sample 19: mean=33.0104%; std=13.4009
 -- Sample 20: mean=27.3062%; std=14.8847
 -- Sample 21: mean=27.2172%; std=16.0638
 -- Sample 22: mean=28.2592%; std=15.9378
 -- Sample 23: mean=28.5891%; std=15.3651
 -- Sample 24: mean=37.4091%; std=13.5368
 -- Sample 25: mean=38.2334%; std=13.4087
 -- Sample 26: mean=37.5315%; std=13.5654
 -- Sample 27: mean=37.7398%; std=13.2535
Mean: 31.4967%, Std: 4.3558%
------------------------------------------------------------------
Correlation comparison:
 -- Sample 0: 0.9781
 -- Sample 1: 0.9786
 -- Sample 2: 0.9790
 -- Sample 3: 0.9785
 -- Sample 4: 0.9826
 -- Sample 5: 0.9825
 -- Sample 6: 0.9809
 -- Sample 7: 0.9810
 -- Sample 8: 0.9771
 -- Sample 9: 0.9790
 -- Sample 10: 0.9778
 -- Sample 11: 0.9780
 -- Sample 12: 0.9555
 -- Sample 13: 0.9589
 -- Sample 14: 0.9521
 -- Sample 15: 0.9538
 -- Sample 16: 0.9795
 -- Sample 17: 0.9763
 -- Sample 18: 0.9819
 -- Sample 19: 0.9808
 -- Sample 20: 0.9749
 -- Sample 21: 0.9676
 -- Sample 22: 0.9718
 -- Sample 23: 0.9715
 -- Sample 24: 0.9843
 -- Sample 25: 0.9824
 -- Sample 26: 0.9838
 -- Sample 27: 0.9848
Mean=0.9755, Std=0.0092
------------------------------------------------------------------
    Evaluating Javier Santos (D2 N4)
Bias Error: using Single Component
Mean: 96.9985, Std: 0.3780
------------------------------------------------------------------
Magnitude Error: 
 -- Sample 0: mean=96.0082%; std=2.5992
 -- Sample 1: mean=96.0136%; std=2.7141
 -- Sample 2: mean=96.0179%; std=2.6732
 -- Sample 3: mean=96.0101%; std=2.5162
 -- Sample 4: mean=95.3489%; std=2.9540
 -- Sample 5: mean=95.1534%; std=2.8651
 -- Sample 6: mean=95.2170%; std=3.0220
 -- Sample 7: mean=95.2532%; std=3.0637
 -- Sample 8: mean=95.1514%; std=2.6675
 -- Sample 9: mean=95.1678%; std=2.6382
 -- Sample 10: mean=95.0992%; std=2.6552
 -- Sample 11: mean=95.2006%; std=2.6684
 -- Sample 12: mean=94.6180%; std=3.3174
 -- Sample 13: mean=94.7033%; std=3.2817
 -- Sample 14: mean=94.7547%; std=3.3395
 -- Sample 15: mean=94.7028%; std=3.3056
 -- Sample 16: mean=95.9010%; std=2.3231
 -- Sample 17: mean=96.0101%; std=2.3362
 -- Sample 18: mean=95.8716%; std=2.3977
 -- Sample 19: mean=95.9293%; std=2.3387
 -- Sample 20: mean=95.1452%; std=2.8689
 -- Sample 21: mean=94.9762%; std=2.9138
 -- Sample 22: mean=95.0528%; std=2.8351
 -- Sample 23: mean=95.0245%; std=2.9446
 -- Sample 24: mean=96.1963%; std=2.3657
 -- Sample 25: mean=96.1167%; std=2.3678
 -- Sample 26: mean=96.0667%; std=2.3521
 -- Sample 27: mean=96.1389%; std=2.4175
Mean: 95.4589%, Std: 0.5188%
------------------------------------------------------------------
Correlation comparison:
 -- Sample 0: 0.5447
 -- Sample 1: 0.5274
 -- Sample 2: 0.5371
 -- Sample 3: 0.5705
 -- Sample 4: 0.5672
 -- Sample 5: 0.5949
 -- Sample 6: 0.5785
 -- Sample 7: 0.5723
 -- Sample 8: 0.6739
 -- Sample 9: 0.6714
 -- Sample 10: 0.6703
 -- Sample 11: 0.6562
 -- Sample 12: 0.6399
 -- Sample 13: 0.6441
 -- Sample 14: 0.6333
 -- Sample 15: 0.6434
 -- Sample 16: 0.6657
 -- Sample 17: 0.6617
 -- Sample 18: 0.6598
 -- Sample 19: 0.6532
 -- Sample 20: 0.6708
 -- Sample 21: 0.6910
 -- Sample 22: 0.6705
 -- Sample 23: 0.6778
 -- Sample 24: 0.6524
 -- Sample 25: 0.6584
 -- Sample 26: 0.6739
 -- Sample 27: 0.6430
Mean=0.6323, Std=0.0478
------------------------------------------------------------------
    Evaluating Javier Santos (D3 N4)
Bias Error: using Single Component
Mean: 99.8342, Std: 0.1149
------------------------------------------------------------------
Magnitude Error: 
 -- Sample 0: mean=98.1291%; std=1.6600
 -- Sample 1: mean=98.1112%; std=1.6900
 -- Sample 2: mean=98.0591%; std=1.7024
 -- Sample 3: mean=98.0900%; std=1.6638
 -- Sample 4: mean=98.2974%; std=1.5071
 -- Sample 5: mean=98.3795%; std=1.3958
 -- Sample 6: mean=98.3487%; std=1.4327
 -- Sample 7: mean=98.4193%; std=1.4014
 -- Sample 8: mean=98.3045%; std=1.5018
 -- Sample 9: mean=98.3379%; std=1.4866
 -- Sample 10: mean=98.3491%; std=1.5107
 -- Sample 11: mean=98.2972%; std=1.4683
 -- Sample 12: mean=98.3062%; std=1.4759
 -- Sample 13: mean=98.2877%; std=1.5167
 -- Sample 14: mean=98.3359%; std=1.4396
 -- Sample 15: mean=98.3134%; std=1.5120
 -- Sample 16: mean=98.7851%; std=1.0382
 -- Sample 17: mean=98.7799%; std=1.0557
 -- Sample 18: mean=98.7610%; std=1.0564
 -- Sample 19: mean=98.8087%; std=1.0403
 -- Sample 20: mean=98.7033%; std=1.1347
 -- Sample 21: mean=98.6825%; std=1.1196
 -- Sample 22: mean=98.7182%; std=1.1114
 -- Sample 23: mean=98.6604%; std=1.1093
 -- Sample 24: mean=98.9830%; std=0.8205
 -- Sample 25: mean=98.9534%; std=0.8593
 -- Sample 26: mean=99.0151%; std=0.8141
 -- Sample 27: mean=98.9804%; std=0.8541
Mean: 98.5071%, Std: 0.2936%
------------------------------------------------------------------
Correlation comparison:
 -- Sample 0: -0.1271
 -- Sample 1: -0.1238
 -- Sample 2: -0.1177
 -- Sample 3: -0.1299
 -- Sample 4: -0.0433
 -- Sample 5: -0.0671
 -- Sample 6: -0.0640
 -- Sample 7: -0.0553
 -- Sample 8: -0.1283
 -- Sample 9: -0.1266
 -- Sample 10: -0.1101
 -- Sample 11: -0.1215
 -- Sample 12: -0.0451
 -- Sample 13: -0.0260
 -- Sample 14: -0.0625
 -- Sample 15: -0.0543
 -- Sample 16: -0.0590
 -- Sample 17: -0.0601
 -- Sample 18: -0.0574
 -- Sample 19: -0.0569
 -- Sample 20: 0.0118
 -- Sample 21: -0.0125
 -- Sample 22: 0.0028
 -- Sample 23: -0.0040
 -- Sample 24: 0.0343
 -- Sample 25: 0.0392
 -- Sample 26: 0.0438
 -- Sample 27: 0.0495
Mean=-0.0525, Std=0.0562
------------------------------------------------------------------
    Evaluating Ko et al (D0 N4)
Bias Error: using Single Component
Mean: 13.4133, Std: 10.4811
------------------------------------------------------------------
Magnitude Error: 
 -- Sample 0: mean=29.6340%; std=12.8921
 -- Sample 1: mean=29.2657%; std=12.9336
 -- Sample 2: mean=29.4979%; std=13.3290
 -- Sample 3: mean=29.3312%; std=13.5400
 -- Sample 4: mean=15.4588%; std=11.3876
 -- Sample 5: mean=15.9805%; std=12.2188
 -- Sample 6: mean=15.8177%; std=11.3722
 -- Sample 7: mean=16.2107%; std=11.6607
 -- Sample 8: mean=15.5404%; std=10.8590
 -- Sample 9: mean=16.4874%; std=11.9422
 -- Sample 10: mean=16.2988%; std=11.0416
 -- Sample 11: mean=16.0101%; std=11.5973
 -- Sample 12: mean=31.6980%; std=30.3011
 -- Sample 13: mean=29.9612%; std=27.7175
 -- Sample 14: mean=32.8219%; std=32.1510
 -- Sample 15: mean=30.5044%; std=27.8006
 -- Sample 16: mean=14.8034%; std=10.3946
 -- Sample 17: mean=15.6819%; std=10.1428
 -- Sample 18: mean=15.3192%; std=10.0249
 -- Sample 19: mean=15.0827%; std=10.0553
 -- Sample 20: mean=22.3036%; std=20.1889
 -- Sample 21: mean=22.3568%; std=22.2456
 -- Sample 22: mean=22.7078%; std=24.3837
 -- Sample 23: mean=22.0040%; std=23.7107
 -- Sample 24: mean=19.3836%; std=13.6968
 -- Sample 25: mean=18.7250%; std=13.1392
 -- Sample 26: mean=18.7297%; std=14.7142
 -- Sample 27: mean=18.6664%; std=13.9879
Mean: 21.2958%, Std: 6.1805%
------------------------------------------------------------------
Correlation comparison:
 -- Sample 0: 0.9637
 -- Sample 1: 0.9642
 -- Sample 2: 0.9606
 -- Sample 3: 0.9609
 -- Sample 4: 0.9650
 -- Sample 5: 0.9643
 -- Sample 6: 0.9645
 -- Sample 7: 0.9641
 -- Sample 8: 0.9641
 -- Sample 9: 0.9595
 -- Sample 10: 0.9632
 -- Sample 11: 0.9610
 -- Sample 12: 0.9111
 -- Sample 13: 0.9167
 -- Sample 14: 0.9061
 -- Sample 15: 0.9136
 -- Sample 16: 0.9626
 -- Sample 17: 0.9591
 -- Sample 18: 0.9610
 -- Sample 19: 0.9617
 -- Sample 20: 0.9621
 -- Sample 21: 0.9545
 -- Sample 22: 0.9523
 -- Sample 23: 0.9556
 -- Sample 24: 0.9383
 -- Sample 25: 0.9448
 -- Sample 26: 0.9412
 -- Sample 27: 0.9451
Mean=0.9515, Std=0.0178
------------------------------------------------------------------
    Evaluating Ko et al (D1 N4)
Bias Error: using Single Component
Mean: 6.4975, Std: 4.0417
------------------------------------------------------------------
Magnitude Error: 
 -- Sample 0: mean=7.4301%; std=6.1548
 -- Sample 1: mean=8.1176%; std=6.5529
 -- Sample 2: mean=7.8861%; std=6.2061
 -- Sample 3: mean=7.8987%; std=6.2938
 -- Sample 4: mean=15.7241%; std=13.8903
 -- Sample 5: mean=15.5855%; std=15.8197
 -- Sample 6: mean=15.5440%; std=15.0585
 -- Sample 7: mean=15.2427%; std=14.3041
 -- Sample 8: mean=7.9834%; std=5.7631
 -- Sample 9: mean=7.4778%; std=5.7929
 -- Sample 10: mean=7.6031%; std=5.9234
 -- Sample 11: mean=8.0052%; std=5.8262
 -- Sample 12: mean=11.6016%; std=9.9824
 -- Sample 13: mean=11.8421%; std=10.5737
 -- Sample 14: mean=12.6523%; std=10.6677
 -- Sample 15: mean=12.8628%; std=10.3683
 -- Sample 16: mean=12.5213%; std=8.0569
 -- Sample 17: mean=12.5466%; std=7.8477
 -- Sample 18: mean=11.4487%; std=7.6226
 -- Sample 19: mean=11.7927%; std=7.8729
 -- Sample 20: mean=9.9789%; std=7.8699
 -- Sample 21: mean=9.7120%; std=7.0055
 -- Sample 22: mean=9.3608%; std=6.2413
 -- Sample 23: mean=8.8789%; std=7.1772
 -- Sample 24: mean=12.3299%; std=8.1539
 -- Sample 25: mean=12.0977%; std=8.0807
 -- Sample 26: mean=12.6742%; std=7.8682
 -- Sample 27: mean=12.2457%; std=7.6384
Mean: 11.0373%, Std: 2.6346%
------------------------------------------------------------------
Correlation comparison:
 -- Sample 0: 0.9908
 -- Sample 1: 0.9893
 -- Sample 2: 0.9899
 -- Sample 3: 0.9893
 -- Sample 4: 0.9863
 -- Sample 5: 0.9817
 -- Sample 6: 0.9826
 -- Sample 7: 0.9845
 -- Sample 8: 0.9907
 -- Sample 9: 0.9912
 -- Sample 10: 0.9911
 -- Sample 11: 0.9909
 -- Sample 12: 0.9808
 -- Sample 13: 0.9798
 -- Sample 14: 0.9770
 -- Sample 15: 0.9755
 -- Sample 16: 0.9823
 -- Sample 17: 0.9811
 -- Sample 18: 0.9844
 -- Sample 19: 0.9861
 -- Sample 20: 0.9862
 -- Sample 21: 0.9885
 -- Sample 22: 0.9909
 -- Sample 23: 0.9892
 -- Sample 24: 0.9856
 -- Sample 25: 0.9863
 -- Sample 26: 0.9884
 -- Sample 27: 0.9881
Mean=0.9860, Std=0.0044
------------------------------------------------------------------
    Evaluating Ko et al (D2 N4)
Bias Error: using Single Component
Mean: 8.7153, Std: 5.0751
------------------------------------------------------------------
Magnitude Error: 
 -- Sample 0: mean=9.1495%; std=6.8907
 -- Sample 1: mean=8.6485%; std=7.0583
 -- Sample 2: mean=9.0309%; std=7.0625
 -- Sample 3: mean=8.3911%; std=6.7491
 -- Sample 4: mean=14.9398%; std=15.4512
 -- Sample 5: mean=15.6487%; std=14.9866
 -- Sample 6: mean=15.5261%; std=13.7143
 -- Sample 7: mean=16.1900%; std=15.6837
 -- Sample 8: mean=9.3431%; std=6.9761
 -- Sample 9: mean=9.9018%; std=7.1590
 -- Sample 10: mean=9.9663%; std=6.9392
 -- Sample 11: mean=9.8582%; std=7.0206
 -- Sample 12: mean=12.3992%; std=10.3089
 -- Sample 13: mean=13.2872%; std=11.1227
 -- Sample 14: mean=11.3542%; std=9.0016
 -- Sample 15: mean=12.8910%; std=10.8132
 -- Sample 16: mean=13.3237%; std=8.1675
 -- Sample 17: mean=12.6069%; std=8.1900
 -- Sample 18: mean=12.6886%; std=7.7264
 -- Sample 19: mean=13.0406%; std=8.5307
 -- Sample 20: mean=12.8303%; std=8.3333
 -- Sample 21: mean=12.3643%; std=8.3791
 -- Sample 22: mean=11.5271%; std=8.4782
 -- Sample 23: mean=12.9151%; std=7.8363
 -- Sample 24: mean=16.3959%; std=9.0342
 -- Sample 25: mean=17.9535%; std=10.7133
 -- Sample 26: mean=17.9915%; std=9.4807
 -- Sample 27: mean=15.9043%; std=8.8540
Mean: 12.7167%, Std: 2.7610%
------------------------------------------------------------------
Correlation comparison:
 -- Sample 0: 0.9869
 -- Sample 1: 0.9876
 -- Sample 2: 0.9874
 -- Sample 3: 0.9883
 -- Sample 4: 0.9818
 -- Sample 5: 0.9845
 -- Sample 6: 0.9874
 -- Sample 7: 0.9811
 -- Sample 8: 0.9903
 -- Sample 9: 0.9858
 -- Sample 10: 0.9879
 -- Sample 11: 0.9875
 -- Sample 12: 0.9773
 -- Sample 13: 0.9736
 -- Sample 14: 0.9808
 -- Sample 15: 0.9747
 -- Sample 16: 0.9857
 -- Sample 17: 0.9871
 -- Sample 18: 0.9869
 -- Sample 19: 0.9849
 -- Sample 20: 0.9852
 -- Sample 21: 0.9877
 -- Sample 22: 0.9863
 -- Sample 23: 0.9887
 -- Sample 24: 0.9867
 -- Sample 25: 0.9811
 -- Sample 26: 0.9844
 -- Sample 27: 0.9884
Mean=0.9849, Std=0.0041
------------------------------------------------------------------
    Evaluating Ko et al (D3 N4)
Bias Error: using Single Component
Mean: 6.7383, Std: 3.5050
------------------------------------------------------------------
Magnitude Error: 
 -- Sample 0: mean=11.3003%; std=8.7585
 -- Sample 1: mean=11.7764%; std=8.8094
 -- Sample 2: mean=12.0026%; std=8.9542
 -- Sample 3: mean=11.2892%; std=8.7809
 -- Sample 4: mean=16.6843%; std=15.2121
 -- Sample 5: mean=15.3282%; std=14.6852
 -- Sample 6: mean=15.5125%; std=14.3531
 -- Sample 7: mean=16.6218%; std=15.7553
 -- Sample 8: mean=10.0892%; std=8.1233
 -- Sample 9: mean=10.3758%; std=8.3731
 -- Sample 10: mean=10.1098%; std=8.0740
 -- Sample 11: mean=9.7960%; std=8.0394
 -- Sample 12: mean=17.3740%; std=15.6095
 -- Sample 13: mean=16.3714%; std=15.1635
 -- Sample 14: mean=15.2786%; std=12.8263
 -- Sample 15: mean=16.9473%; std=15.1545
 -- Sample 16: mean=11.3928%; std=7.9673
 -- Sample 17: mean=11.8116%; std=7.8123
 -- Sample 18: mean=11.1409%; std=8.2685
 -- Sample 19: mean=10.4924%; std=7.3878
 -- Sample 20: mean=9.2951%; std=7.7512
 -- Sample 21: mean=8.6373%; std=6.4834
 -- Sample 22: mean=9.2778%; std=7.1546
 -- Sample 23: mean=10.0951%; std=7.6258
 -- Sample 24: mean=12.5118%; std=9.1967
 -- Sample 25: mean=12.1588%; std=9.3232
 -- Sample 26: mean=12.4709%; std=9.2711
 -- Sample 27: mean=12.4376%; std=9.2901
Mean: 12.4493%, Std: 2.6310%
------------------------------------------------------------------
Correlation comparison:
 -- Sample 0: 0.9821
 -- Sample 1: 0.9818
 -- Sample 2: 0.9810
 -- Sample 3: 0.9822
 -- Sample 4: 0.9807
 -- Sample 5: 0.9821
 -- Sample 6: 0.9820
 -- Sample 7: 0.9793
 -- Sample 8: 0.9825
 -- Sample 9: 0.9812
 -- Sample 10: 0.9826
 -- Sample 11: 0.9833
 -- Sample 12: 0.9609
 -- Sample 13: 0.9654
 -- Sample 14: 0.9701
 -- Sample 15: 0.9638
 -- Sample 16: 0.9812
 -- Sample 17: 0.9808
 -- Sample 18: 0.9807
 -- Sample 19: 0.9839
 -- Sample 20: 0.9842
 -- Sample 21: 0.9875
 -- Sample 22: 0.9855
 -- Sample 23: 0.9840
 -- Sample 24: 0.9812
 -- Sample 25: 0.9806
 -- Sample 26: 0.9822
 -- Sample 27: 0.9819
Mean=0.9798, Std=0.0064
------------------------------------------------------------------
    Evaluating Ko et al (D3 N0)
Bias Error: using Single Component
Mean: 8.8405, Std: 4.5841
------------------------------------------------------------------
Magnitude Error: 
 -- Sample 0: mean=14.2977%; std=10.5781
 -- Sample 1: mean=14.8795%; std=11.3195
 -- Sample 2: mean=15.3739%; std=11.1641
 -- Sample 3: mean=13.2633%; std=10.1524
 -- Sample 4: mean=19.4082%; std=16.5347
 -- Sample 5: mean=19.6980%; std=17.5147
 -- Sample 6: mean=16.6589%; std=16.2375
 -- Sample 7: mean=17.5710%; std=16.9024
 -- Sample 8: mean=13.8563%; std=10.7660
 -- Sample 9: mean=13.1770%; std=10.0681
 -- Sample 10: mean=13.4170%; std=9.9813
 -- Sample 11: mean=14.4943%; std=10.7461
 -- Sample 12: mean=20.3321%; std=16.6740
 -- Sample 13: mean=23.1482%; std=18.5867
 -- Sample 14: mean=21.5976%; std=15.8730
 -- Sample 15: mean=19.8994%; std=15.4924
 -- Sample 16: mean=16.5078%; std=10.6228
 -- Sample 17: mean=18.8949%; std=12.1760
 -- Sample 18: mean=18.2452%; std=11.5225
 -- Sample 19: mean=19.1862%; std=11.3423
 -- Sample 20: mean=16.7505%; std=10.8295
 -- Sample 21: mean=15.4889%; std=11.3140
 -- Sample 22: mean=14.8693%; std=11.6118
 -- Sample 23: mean=17.8149%; std=12.4091
 -- Sample 24: mean=21.6861%; std=11.1143
 -- Sample 25: mean=23.2235%; std=13.4106
 -- Sample 26: mean=17.5694%; std=11.0697
 -- Sample 27: mean=18.9290%; std=12.3474
Mean: 17.5085%, Std: 2.9228%
------------------------------------------------------------------
Correlation comparison:
 -- Sample 0: 0.9676
 -- Sample 1: 0.9628
 -- Sample 2: 0.9626
 -- Sample 3: 0.9719
 -- Sample 4: 0.9513
 -- Sample 5: 0.9564
 -- Sample 6: 0.9693
 -- Sample 7: 0.9633
 -- Sample 8: 0.9662
 -- Sample 9: 0.9712
 -- Sample 10: 0.9726
 -- Sample 11: 0.9650
 -- Sample 12: 0.9364
 -- Sample 13: 0.9264
 -- Sample 14: 0.9310
 -- Sample 15: 0.9456
 -- Sample 16: 0.9712
 -- Sample 17: 0.9613
 -- Sample 18: 0.9624
 -- Sample 19: 0.9479
 -- Sample 20: 0.9583
 -- Sample 21: 0.9609
 -- Sample 22: 0.9633
 -- Sample 23: 0.9561
 -- Sample 24: 0.9719
 -- Sample 25: 0.9590
 -- Sample 26: 0.9712
 -- Sample 27: 0.9643
Mean=0.9595, Std=0.0121
------------------------------------------------------------------
    Evaluating Ko et al (D3 N1)
Bias Error: using Single Component
Mean: 8.3836, Std: 4.5240
------------------------------------------------------------------
Magnitude Error: 
 -- Sample 0: mean=13.5819%; std=10.3976
 -- Sample 1: mean=12.7003%; std=9.9221
 -- Sample 2: mean=11.9752%; std=9.8770
 -- Sample 3: mean=12.3650%; std=10.2635
 -- Sample 4: mean=16.9900%; std=15.3673
 -- Sample 5: mean=19.1685%; std=17.8475
 -- Sample 6: mean=17.7019%; std=16.2440
 -- Sample 7: mean=17.8678%; std=17.0387
 -- Sample 8: mean=13.8517%; std=10.5546
 -- Sample 9: mean=11.0119%; std=8.3437
 -- Sample 10: mean=11.7534%; std=8.8780
 -- Sample 11: mean=12.2646%; std=8.9697
 -- Sample 12: mean=24.0131%; std=20.6558
 -- Sample 13: mean=24.8603%; std=21.3204
 -- Sample 14: mean=23.6497%; std=21.5557
 -- Sample 15: mean=24.4258%; std=20.9591
 -- Sample 16: mean=12.8272%; std=9.5850
 -- Sample 17: mean=15.1156%; std=10.7340
 -- Sample 18: mean=15.7667%; std=10.4837
 -- Sample 19: mean=17.5747%; std=10.9171
 -- Sample 20: mean=17.2711%; std=11.8603
 -- Sample 21: mean=16.3057%; std=12.9329
 -- Sample 22: mean=14.2851%; std=10.8248
 -- Sample 23: mean=16.3317%; std=11.3035
 -- Sample 24: mean=17.2330%; std=10.1553
 -- Sample 25: mean=15.6853%; std=10.3359
 -- Sample 26: mean=13.4768%; std=9.0048
 -- Sample 27: mean=15.9486%; std=11.1616
Mean: 16.2858%, Std: 3.8781%
------------------------------------------------------------------
Correlation comparison:
 -- Sample 0: 0.9684
 -- Sample 1: 0.9719
 -- Sample 2: 0.9760
 -- Sample 3: 0.9736
 -- Sample 4: 0.9713
 -- Sample 5: 0.9732
 -- Sample 6: 0.9737
 -- Sample 7: 0.9764
 -- Sample 8: 0.9686
 -- Sample 9: 0.9809
 -- Sample 10: 0.9773
 -- Sample 11: 0.9769
 -- Sample 12: 0.9238
 -- Sample 13: 0.9187
 -- Sample 14: 0.9265
 -- Sample 15: 0.9191
 -- Sample 16: 0.9783
 -- Sample 17: 0.9707
 -- Sample 18: 0.9631
 -- Sample 19: 0.9558
 -- Sample 20: 0.9595
 -- Sample 21: 0.9572
 -- Sample 22: 0.9691
 -- Sample 23: 0.9651
 -- Sample 24: 0.9783
 -- Sample 25: 0.9764
 -- Sample 26: 0.9783
 -- Sample 27: 0.9721
Mean=0.9643, Std=0.0184
------------------------------------------------------------------
    Evaluating Ko et al (D3 N2)
Bias Error: using Single Component
Mean: 8.5547, Std: 4.2473
------------------------------------------------------------------
Magnitude Error: 
 -- Sample 0: mean=13.0210%; std=9.1507
 -- Sample 1: mean=11.4343%; std=8.4743
 -- Sample 2: mean=12.0200%; std=9.3387
 -- Sample 3: mean=11.3776%; std=9.3067
 -- Sample 4: mean=17.5259%; std=15.3035
 -- Sample 5: mean=17.3039%; std=16.3766
 -- Sample 6: mean=16.5224%; std=14.8566
 -- Sample 7: mean=17.6424%; std=15.9724
 -- Sample 8: mean=11.5530%; std=8.3441
 -- Sample 9: mean=9.7215%; std=7.3377
 -- Sample 10: mean=10.6516%; std=7.9090
 -- Sample 11: mean=10.7896%; std=8.0823
 -- Sample 12: mean=17.4403%; std=15.1505
 -- Sample 13: mean=20.9864%; std=17.2097
 -- Sample 14: mean=20.0070%; std=17.1248
 -- Sample 15: mean=20.7538%; std=17.4694
 -- Sample 16: mean=13.3230%; std=8.9725
 -- Sample 17: mean=12.1410%; std=8.5226
 -- Sample 18: mean=14.3770%; std=9.5200
 -- Sample 19: mean=14.0738%; std=9.6385
 -- Sample 20: mean=14.3959%; std=9.0331
 -- Sample 21: mean=13.8106%; std=10.8824
 -- Sample 22: mean=11.5827%; std=8.1136
 -- Sample 23: mean=13.0616%; std=9.3228
 -- Sample 24: mean=17.8159%; std=9.2193
 -- Sample 25: mean=16.1332%; std=10.1674
 -- Sample 26: mean=14.0852%; std=8.8607
 -- Sample 27: mean=16.0060%; std=9.5305
Mean: 14.6270%, Std: 3.1201%
------------------------------------------------------------------
Correlation comparison:
 -- Sample 0: 0.9733
 -- Sample 1: 0.9797
 -- Sample 2: 0.9764
 -- Sample 3: 0.9770
 -- Sample 4: 0.9713
 -- Sample 5: 0.9701
 -- Sample 6: 0.9758
 -- Sample 7: 0.9736
 -- Sample 8: 0.9841
 -- Sample 9: 0.9851
 -- Sample 10: 0.9831
 -- Sample 11: 0.9834
 -- Sample 12: 0.9565
 -- Sample 13: 0.9392
 -- Sample 14: 0.9426
 -- Sample 15: 0.9429
 -- Sample 16: 0.9820
 -- Sample 17: 0.9856
 -- Sample 18: 0.9813
 -- Sample 19: 0.9745
 -- Sample 20: 0.9814
 -- Sample 21: 0.9709
 -- Sample 22: 0.9818
 -- Sample 23: 0.9800
 -- Sample 24: 0.9826
 -- Sample 25: 0.9829
 -- Sample 26: 0.9850
 -- Sample 27: 0.9852
Mean=0.9746, Std=0.0130
------------------------------------------------------------------
    Evaluating Ko et al (D3 N3)
Bias Error: using Single Component
Mean: 7.5697, Std: 4.6425
------------------------------------------------------------------
Magnitude Error: 
 -- Sample 0: mean=10.7272%; std=8.0438
 -- Sample 1: mean=10.6701%; std=8.6256
 -- Sample 2: mean=9.5864%; std=7.6416
 -- Sample 3: mean=10.4776%; std=8.6973
 -- Sample 4: mean=17.4746%; std=15.9890
 -- Sample 5: mean=20.3875%; std=17.9997
 -- Sample 6: mean=18.9657%; std=18.7768
 -- Sample 7: mean=18.4772%; std=15.8462
 -- Sample 8: mean=10.3635%; std=8.0246
 -- Sample 9: mean=9.2151%; std=7.4039
 -- Sample 10: mean=9.7188%; std=7.5067
 -- Sample 11: mean=10.0363%; std=7.7055
 -- Sample 12: mean=17.3113%; std=15.0579
 -- Sample 13: mean=18.3518%; std=17.6447
 -- Sample 14: mean=17.9348%; std=15.9459
 -- Sample 15: mean=17.4952%; std=17.1208
 -- Sample 16: mean=11.9175%; std=8.5741
 -- Sample 17: mean=9.9303%; std=7.3977
 -- Sample 18: mean=12.6493%; std=8.0950
 -- Sample 19: mean=11.9469%; std=8.1755
 -- Sample 20: mean=11.5013%; std=9.3046
 -- Sample 21: mean=13.1625%; std=9.5685
 -- Sample 22: mean=10.6781%; std=9.2670
 -- Sample 23: mean=13.1305%; std=9.9971
 -- Sample 24: mean=14.2080%; std=10.4084
 -- Sample 25: mean=13.3741%; std=9.7647
 -- Sample 26: mean=12.1027%; std=9.2480
 -- Sample 27: mean=12.1158%; std=9.1305
Mean: 13.3539%, Std: 3.3838%
------------------------------------------------------------------
Correlation comparison:
 -- Sample 0: 0.9815
 -- Sample 1: 0.9816
 -- Sample 2: 0.9857
 -- Sample 3: 0.9835
 -- Sample 4: 0.9754
 -- Sample 5: 0.9799
 -- Sample 6: 0.9754
 -- Sample 7: 0.9842
 -- Sample 8: 0.9830
 -- Sample 9: 0.9854
 -- Sample 10: 0.9845
 -- Sample 11: 0.9837
 -- Sample 12: 0.9619
 -- Sample 13: 0.9546
 -- Sample 14: 0.9602
 -- Sample 15: 0.9599
 -- Sample 16: 0.9777
 -- Sample 17: 0.9884
 -- Sample 18: 0.9811
 -- Sample 19: 0.9815
 -- Sample 20: 0.9835
 -- Sample 21: 0.9744
 -- Sample 22: 0.9781
 -- Sample 23: 0.9743
 -- Sample 24: 0.9791
 -- Sample 25: 0.9815
 -- Sample 26: 0.9829
 -- Sample 27: 0.9815
Mean=0.9780, Std=0.0085
------------------------------------------------------------------

Processing Dataset: Spherical Grains
Considering 128 samples from ../NN_Datasets_Grad_Dist_40_5_55/Test_Silveira_SphGrain_SAug_DNorm.h5.
  Processing Batch 1 (Size: 50)...
    Evaluating Javier Santos (D0 N4)
Bias Error: using Single Component
Mean: 1880.8627, Std: 3703.4308
------------------------------------------------------------------
Magnitude Error: 
 -- Sample 0: mean=225.0417%; std=123.1401
 -- Sample 1: mean=220.3942%; std=118.7222
 -- Sample 2: mean=221.9283%; std=122.1609
 -- Sample 3: mean=220.6654%; std=123.6488
 -- Sample 4: mean=270.1492%; std=158.3385
 -- Sample 5: mean=266.6563%; std=158.8247
 -- Sample 6: mean=267.7247%; std=159.3052
 -- Sample 7: mean=264.3298%; std=161.6849
 -- Sample 8: mean=331.8389%; std=214.7276
 -- Sample 9: mean=332.3310%; std=196.6128
 -- Sample 10: mean=316.6793%; std=223.0733
 -- Sample 11: mean=337.4371%; std=210.5795
 -- Sample 12: mean=793.6507%; std=486.8842
 -- Sample 13: mean=766.9412%; std=489.6750
 -- Sample 14: mean=773.6933%; std=479.0896
 -- Sample 15: mean=772.2916%; std=518.7239
 -- Sample 16: mean=923.3637%; std=723.1815
 -- Sample 17: mean=858.7504%; std=660.9742
 -- Sample 18: mean=825.4380%; std=662.8567
 -- Sample 19: mean=864.6538%; std=686.6322
 -- Sample 20: mean=42.3524%; std=33.3611
 -- Sample 21: mean=44.7593%; std=35.5806
 -- Sample 22: mean=41.8715%; std=34.1046
 -- Sample 23: mean=43.1764%; std=35.3230
 -- Sample 24: mean=9633.3057%; std=7002.2280
 -- Sample 25: mean=9689.0186%; std=7115.0640
 -- Sample 26: mean=10469.8838%; std=6957.3633
 -- Sample 27: mean=10097.4971%; std=7073.9927
 -- Sample 28: mean=975.0578%; std=770.7689
 -- Sample 29: mean=940.7803%; std=664.4074
 -- Sample 30: mean=913.3509%; std=751.6022
 -- Sample 31: mean=903.6299%; std=706.0491
 -- Sample 32: mean=806.0283%; std=524.1691
 -- Sample 33: mean=740.0959%; std=501.9812
 -- Sample 34: mean=801.5004%; std=548.4796
 -- Sample 35: mean=801.6837%; std=539.8845
 -- Sample 36: mean=817.1503%; std=567.3280
 -- Sample 37: mean=757.3337%; std=505.3134
 -- Sample 38: mean=816.2421%; std=572.6744
 -- Sample 39: mean=798.6660%; std=547.0939
 -- Sample 40: mean=230.7607%; std=207.4624
 -- Sample 41: mean=216.7144%; std=197.7278
 -- Sample 42: mean=232.8806%; std=206.4342
 -- Sample 43: mean=246.8929%; std=205.1152
 -- Sample 44: mean=623.1367%; std=500.6805
 -- Sample 45: mean=652.4124%; std=561.8064
 -- Sample 46: mean=641.7303%; std=526.0098
 -- Sample 47: mean=636.6486%; std=509.5537
 -- Sample 48: mean=189.9186%; std=111.2896
 -- Sample 49: mean=197.2976%; std=113.2413
Mean: 1277.1147%, Std: 2582.6247%
------------------------------------------------------------------
Correlation comparison:
 -- Sample 0: 0.7500
 -- Sample 1: 0.7415
 -- Sample 2: 0.7522
 -- Sample 3: 0.7387
 -- Sample 4: 0.7523
 -- Sample 5: 0.7564
 -- Sample 6: 0.7380
 -- Sample 7: 0.7384
 -- Sample 8: 0.6393
 -- Sample 9: 0.6583
 -- Sample 10: 0.5996
 -- Sample 11: 0.6210
 -- Sample 12: 0.5586
 -- Sample 13: 0.4874
 -- Sample 14: 0.5227
 -- Sample 15: 0.4929
 -- Sample 16: 0.2877
 -- Sample 17: 0.2744
 -- Sample 18: 0.2333
 -- Sample 19: 0.2626
 -- Sample 20: 0.8295
 -- Sample 21: 0.7987
 -- Sample 22: 0.8300
 -- Sample 23: 0.8134
 -- Sample 24: 0.1292
 -- Sample 25: 0.1286
 -- Sample 26: 0.1843
 -- Sample 27: 0.1552
 -- Sample 28: 0.2511
 -- Sample 29: 0.2815
 -- Sample 30: 0.2137
 -- Sample 31: 0.2370
 -- Sample 32: 0.5032
 -- Sample 33: 0.4887
 -- Sample 34: 0.4876
 -- Sample 35: 0.4929
 -- Sample 36: 0.4272
 -- Sample 37: 0.4540
 -- Sample 38: 0.4290
 -- Sample 39: 0.4424
 -- Sample 40: 0.6991
 -- Sample 41: 0.6717
 -- Sample 42: 0.6843
 -- Sample 43: 0.6957
 -- Sample 44: 0.4636
 -- Sample 45: 0.4285
 -- Sample 46: 0.4800
 -- Sample 47: 0.4897
 -- Sample 48: 0.6354
 -- Sample 49: 0.7076
Mean=0.5228, Std=0.2069
------------------------------------------------------------------
    Evaluating Javier Santos (D1 N4)
Bias Error: using Single Component
Mean: 224.0732, Std: 583.5560
------------------------------------------------------------------
Magnitude Error: 
 -- Sample 0: mean=56.3065%; std=20.9768
 -- Sample 1: mean=55.5126%; std=21.3811
 -- Sample 2: mean=58.0843%; std=20.5479
 -- Sample 3: mean=55.2073%; std=21.1238
 -- Sample 4: mean=40.5146%; std=26.0215
 -- Sample 5: mean=40.2698%; std=25.9263
 -- Sample 6: mean=41.5165%; std=25.9095
 -- Sample 7: mean=39.7420%; std=24.9577
 -- Sample 8: mean=53.6301%; std=25.6734
 -- Sample 9: mean=52.9362%; std=24.4796
 -- Sample 10: mean=50.2429%; std=25.0998
 -- Sample 11: mean=52.0455%; std=27.1125
 -- Sample 12: mean=97.5457%; std=112.4977
 -- Sample 13: mean=105.4007%; std=138.6846
 -- Sample 14: mean=97.9956%; std=130.6727
 -- Sample 15: mean=98.3417%; std=130.8860
 -- Sample 16: mean=95.7029%; std=128.5888
 -- Sample 17: mean=102.4511%; std=141.2871
 -- Sample 18: mean=112.9865%; std=144.4970
 -- Sample 19: mean=103.1689%; std=134.6377
 -- Sample 20: mean=56.2985%; std=14.1014
 -- Sample 21: mean=57.0570%; std=13.9394
 -- Sample 22: mean=57.6386%; std=12.8529
 -- Sample 23: mean=55.7941%; std=15.5449
 -- Sample 24: mean=1408.7981%; std=1481.5503
 -- Sample 25: mean=1371.8905%; std=1505.9485
 -- Sample 26: mean=1433.8987%; std=1527.6499
 -- Sample 27: mean=1536.2703%; std=1499.8813
 -- Sample 28: mean=66.5429%; std=85.8457
 -- Sample 29: mean=71.8628%; std=101.4337
 -- Sample 30: mean=74.7893%; std=96.1646
 -- Sample 31: mean=67.8334%; std=96.2869
 -- Sample 32: mean=73.9555%; std=76.0704
 -- Sample 33: mean=78.5952%; std=77.4340
 -- Sample 34: mean=78.2918%; std=70.1318
 -- Sample 35: mean=72.3025%; std=68.8891
 -- Sample 36: mean=57.3758%; std=49.0140
 -- Sample 37: mean=56.4936%; std=40.8893
 -- Sample 38: mean=57.0301%; std=45.4848
 -- Sample 39: mean=57.2302%; std=47.2834
 -- Sample 40: mean=57.9490%; std=28.4176
 -- Sample 41: mean=60.3749%; std=29.7163
 -- Sample 42: mean=60.9430%; std=28.6430
 -- Sample 43: mean=58.5374%; std=28.3482
 -- Sample 44: mean=64.3032%; std=99.6804
 -- Sample 45: mean=66.1821%; std=94.8064
 -- Sample 46: mean=60.2513%; std=96.0873
 -- Sample 47: mean=62.9582%; std=94.9953
 -- Sample 48: mean=55.4311%; std=21.8857
 -- Sample 49: mean=61.0249%; std=20.2587
Mean: 176.1501%, Std: 372.8370%
------------------------------------------------------------------
Correlation comparison:
 -- Sample 0: 0.8079
 -- Sample 1: 0.8021
 -- Sample 2: 0.7852
 -- Sample 3: 0.8134
 -- Sample 4: 0.8385
 -- Sample 5: 0.8491
 -- Sample 6: 0.8412
 -- Sample 7: 0.8522
 -- Sample 8: 0.7998
 -- Sample 9: 0.8030
 -- Sample 10: 0.8135
 -- Sample 11: 0.7814
 -- Sample 12: 0.7096
 -- Sample 13: 0.6568
 -- Sample 14: 0.6798
 -- Sample 15: 0.6477
 -- Sample 16: 0.6089
 -- Sample 17: 0.6379
 -- Sample 18: 0.6854
 -- Sample 19: 0.6614
 -- Sample 20: 0.8917
 -- Sample 21: 0.8881
 -- Sample 22: 0.9048
 -- Sample 23: 0.8771
 -- Sample 24: 0.1664
 -- Sample 25: 0.1423
 -- Sample 26: 0.1464
 -- Sample 27: 0.1867
 -- Sample 28: 0.5074
 -- Sample 29: 0.5536
 -- Sample 30: 0.4794
 -- Sample 31: 0.5261
 -- Sample 32: 0.5927
 -- Sample 33: 0.5673
 -- Sample 34: 0.5926
 -- Sample 35: 0.5951
 -- Sample 36: 0.7533
 -- Sample 37: 0.7384
 -- Sample 38: 0.7669
 -- Sample 39: 0.7752
 -- Sample 40: 0.6392
 -- Sample 41: 0.5768
 -- Sample 42: 0.5855
 -- Sample 43: 0.6191
 -- Sample 44: 0.7833
 -- Sample 45: 0.7715
 -- Sample 46: 0.7742
 -- Sample 47: 0.7691
 -- Sample 48: 0.7203
 -- Sample 49: 0.6685
Mean=0.6727, Std=0.1858
------------------------------------------------------------------
    Evaluating Javier Santos (D2 N4)
Bias Error: using Single Component
Mean: 96.0003, Std: 139.3513
------------------------------------------------------------------
Magnitude Error: 
 -- Sample 0: mean=86.3578%; std=7.5773
 -- Sample 1: mean=86.3089%; std=7.5737
 -- Sample 2: mean=86.5679%; std=7.9397
 -- Sample 3: mean=86.5159%; std=7.6564
 -- Sample 4: mean=84.1799%; std=8.6677
 -- Sample 5: mean=83.5394%; std=9.4531
 -- Sample 6: mean=83.8147%; std=9.4489
 -- Sample 7: mean=83.5980%; std=9.4284
 -- Sample 8: mean=78.9448%; std=12.6970
 -- Sample 9: mean=78.9333%; std=13.4250
 -- Sample 10: mean=79.1753%; std=13.2753
 -- Sample 11: mean=79.5614%; std=12.6159
 -- Sample 12: mean=66.5584%; std=22.7148
 -- Sample 13: mean=67.0877%; std=22.4389
 -- Sample 14: mean=65.7042%; std=22.7864
 -- Sample 15: mean=65.1953%; std=23.2742
 -- Sample 16: mean=56.6562%; std=26.2471
 -- Sample 17: mean=57.3538%; std=25.4577
 -- Sample 18: mean=56.8645%; std=25.3230
 -- Sample 19: mean=56.5168%; std=26.3297
 -- Sample 20: mean=94.0204%; std=2.4592
 -- Sample 21: mean=93.9819%; std=2.4380
 -- Sample 22: mean=93.9477%; std=2.4023
 -- Sample 23: mean=93.9669%; std=2.3273
 -- Sample 24: mean=310.5654%; std=295.9480
 -- Sample 25: mean=302.5327%; std=298.3203
 -- Sample 26: mean=329.9563%; std=318.2638
 -- Sample 27: mean=315.9485%; std=300.3082
 -- Sample 28: mean=58.7959%; std=25.8799
 -- Sample 29: mean=58.7179%; std=25.6376
 -- Sample 30: mean=57.1922%; std=26.3999
 -- Sample 31: mean=59.3906%; std=26.1481
 -- Sample 32: mean=63.5044%; std=23.0352
 -- Sample 33: mean=64.5351%; std=22.8502
 -- Sample 34: mean=65.1183%; std=21.9842
 -- Sample 35: mean=63.5661%; std=23.3830
 -- Sample 36: mean=60.3658%; std=25.0109
 -- Sample 37: mean=59.3532%; std=25.1175
 -- Sample 38: mean=60.4897%; std=25.4856
 -- Sample 39: mean=58.9902%; std=25.5945
 -- Sample 40: mean=85.1115%; std=10.0027
 -- Sample 41: mean=85.0597%; std=10.1579
 -- Sample 42: mean=85.2263%; std=10.0139
 -- Sample 43: mean=84.7600%; std=10.4036
 -- Sample 44: mean=64.7199%; std=21.1759
 -- Sample 45: mean=64.3166%; std=21.5080
 -- Sample 46: mean=63.4360%; std=22.0402
 -- Sample 47: mean=64.0870%; std=21.6782
 -- Sample 48: mean=87.7475%; std=6.9569
 -- Sample 49: mean=88.0436%; std=6.7207
Mean: 92.5376%, Std: 66.7252%
------------------------------------------------------------------
Correlation comparison:
 -- Sample 0: 0.4921
 -- Sample 1: 0.4953
 -- Sample 2: 0.4610
 -- Sample 3: 0.4973
 -- Sample 4: 0.5327
 -- Sample 5: 0.5030
 -- Sample 6: 0.4976
 -- Sample 7: 0.5151
 -- Sample 8: 0.4339
 -- Sample 9: 0.4061
 -- Sample 10: 0.4097
 -- Sample 11: 0.4078
 -- Sample 12: 0.2658
 -- Sample 13: 0.2898
 -- Sample 14: 0.2771
 -- Sample 15: 0.2852
 -- Sample 16: 0.2243
 -- Sample 17: 0.2032
 -- Sample 18: 0.2253
 -- Sample 19: 0.2285
 -- Sample 20: 0.6583
 -- Sample 21: 0.6596
 -- Sample 22: 0.6703
 -- Sample 23: 0.6848
 -- Sample 24: 0.0559
 -- Sample 25: 0.0549
 -- Sample 26: 0.0577
 -- Sample 27: 0.0495
 -- Sample 28: 0.2698
 -- Sample 29: 0.2495
 -- Sample 30: 0.2333
 -- Sample 31: 0.2435
 -- Sample 32: 0.3469
 -- Sample 33: 0.3413
 -- Sample 34: 0.3496
 -- Sample 35: 0.3369
 -- Sample 36: 0.3135
 -- Sample 37: 0.3250
 -- Sample 38: 0.2973
 -- Sample 39: 0.3350
 -- Sample 40: 0.5187
 -- Sample 41: 0.4954
 -- Sample 42: 0.4953
 -- Sample 43: 0.4984
 -- Sample 44: 0.3694
 -- Sample 45: 0.3993
 -- Sample 46: 0.4160
 -- Sample 47: 0.3890
 -- Sample 48: 0.4684
 -- Sample 49: 0.4526
Mean=0.3737, Std=0.1540
------------------------------------------------------------------
    Evaluating Javier Santos (D3 N4)
Bias Error: using Single Component
Mean: 89.7482, Std: 14.8329
------------------------------------------------------------------
Magnitude Error: 
 -- Sample 0: mean=96.4951%; std=3.5646
 -- Sample 1: mean=96.4659%; std=3.7125
 -- Sample 2: mean=96.5435%; std=3.5755
 -- Sample 3: mean=96.3186%; std=3.7764
 -- Sample 4: mean=95.5356%; std=4.6341
 -- Sample 5: mean=95.3313%; std=4.6394
 -- Sample 6: mean=95.3912%; std=4.5709
 -- Sample 7: mean=95.2042%; std=4.8320
 -- Sample 8: mean=93.9041%; std=6.0257
 -- Sample 9: mean=94.2365%; std=6.0459
 -- Sample 10: mean=94.0417%; std=5.9472
 -- Sample 11: mean=94.3757%; std=5.7159
 -- Sample 12: mean=89.9224%; std=11.2415
 -- Sample 13: mean=89.8908%; std=10.8939
 -- Sample 14: mean=89.9953%; std=10.6262
 -- Sample 15: mean=89.1696%; std=11.5049
 -- Sample 16: mean=84.8631%; std=15.7410
 -- Sample 17: mean=84.5663%; std=16.2838
 -- Sample 18: mean=84.6357%; std=17.1682
 -- Sample 19: mean=84.2606%; std=16.3554
 -- Sample 20: mean=97.9771%; std=1.4886
 -- Sample 21: mean=98.0977%; std=1.4075
 -- Sample 22: mean=98.0805%; std=1.3343
 -- Sample 23: mean=98.0803%; std=1.3905
 -- Sample 24: mean=100.3897%; std=112.8549
 -- Sample 25: mean=86.2687%; std=89.4458
 -- Sample 26: mean=79.7387%; std=80.9648
 -- Sample 27: mean=86.4447%; std=93.2454
 -- Sample 28: mean=84.7317%; std=15.9965
 -- Sample 29: mean=85.7730%; std=15.8715
 -- Sample 30: mean=86.2971%; std=14.3857
 -- Sample 31: mean=85.4822%; std=14.4909
 -- Sample 32: mean=88.8895%; std=12.0925
 -- Sample 33: mean=88.9489%; std=12.0539
 -- Sample 34: mean=89.9279%; std=11.1907
 -- Sample 35: mean=89.1652%; std=11.2554
 -- Sample 36: mean=88.2773%; std=11.9084
 -- Sample 37: mean=88.8242%; std=11.8139
 -- Sample 38: mean=88.8681%; std=11.3874
 -- Sample 39: mean=88.1703%; std=12.7818
 -- Sample 40: mean=95.5272%; std=4.7968
 -- Sample 41: mean=95.8539%; std=4.6083
 -- Sample 42: mean=95.8089%; std=4.5854
 -- Sample 43: mean=95.4484%; std=4.6851
 -- Sample 44: mean=91.1463%; std=9.5950
 -- Sample 45: mean=90.6353%; std=9.5209
 -- Sample 46: mean=89.9850%; std=10.3102
 -- Sample 47: mean=89.7594%; std=10.7626
 -- Sample 48: mean=96.5243%; std=3.1897
 -- Sample 49: mean=96.6126%; std=3.0836
Mean: 91.5376%, Std: 4.8134%
------------------------------------------------------------------
Correlation comparison:
 -- Sample 0: 0.2035
 -- Sample 1: 0.1672
 -- Sample 2: 0.2240
 -- Sample 3: 0.2041
 -- Sample 4: 0.2592
 -- Sample 5: 0.2086
 -- Sample 6: 0.2181
 -- Sample 7: 0.2367
 -- Sample 8: 0.2330
 -- Sample 9: 0.2539
 -- Sample 10: 0.2034
 -- Sample 11: 0.2457
 -- Sample 12: 0.0121
 -- Sample 13: 0.0416
 -- Sample 14: 0.0587
 -- Sample 15: 0.0040
 -- Sample 16: 0.0406
 -- Sample 17: 0.0579
 -- Sample 18: 0.0989
 -- Sample 19: 0.0885
 -- Sample 20: 0.4556
 -- Sample 21: 0.4713
 -- Sample 22: 0.4826
 -- Sample 23: 0.4232
 -- Sample 24: 0.0258
 -- Sample 25: 0.0141
 -- Sample 26: 0.0148
 -- Sample 27: -0.0048
 -- Sample 28: 0.0595
 -- Sample 29: 0.0151
 -- Sample 30: 0.0644
 -- Sample 31: 0.0909
 -- Sample 32: 0.0608
 -- Sample 33: 0.0904
 -- Sample 34: 0.1103
 -- Sample 35: 0.0979
 -- Sample 36: 0.0507
 -- Sample 37: 0.0843
 -- Sample 38: 0.1177
 -- Sample 39: 0.0751
 -- Sample 40: 0.2019
 -- Sample 41: 0.2229
 -- Sample 42: 0.2471
 -- Sample 43: 0.2740
 -- Sample 44: 0.0833
 -- Sample 45: 0.1028
 -- Sample 46: 0.0864
 -- Sample 47: 0.0977
 -- Sample 48: 0.1744
 -- Sample 49: 0.1835
Mean=0.1507, Std=0.1213
------------------------------------------------------------------
    Evaluating Ko et al (D0 N4)
Bias Error: using Single Component
Mean: 422.1169, Std: 854.3167
------------------------------------------------------------------
Magnitude Error: 
 -- Sample 0: mean=52.0774%; std=31.3381
 -- Sample 1: mean=45.1598%; std=28.1104
 -- Sample 2: mean=50.6417%; std=31.4284
 -- Sample 3: mean=48.3229%; std=29.6576
 -- Sample 4: mean=39.2566%; std=42.2357
 -- Sample 5: mean=38.5916%; std=58.0196
 -- Sample 6: mean=36.6182%; std=40.7082
 -- Sample 7: mean=37.3275%; std=52.6669
 -- Sample 8: mean=95.1602%; std=95.7206
 -- Sample 9: mean=103.6391%; std=96.1357
 -- Sample 10: mean=96.0509%; std=91.9249
 -- Sample 11: mean=97.2568%; std=90.3428
 -- Sample 12: mean=175.6808%; std=182.2442
 -- Sample 13: mean=165.2703%; std=160.3071
 -- Sample 14: mean=172.6507%; std=178.8244
 -- Sample 15: mean=161.0066%; std=168.2576
 -- Sample 16: mean=213.0816%; std=231.3964
 -- Sample 17: mean=198.5723%; std=214.9996
 -- Sample 18: mean=211.1171%; std=223.7882
 -- Sample 19: mean=211.2755%; std=234.6699
 -- Sample 20: mean=22.8566%; std=14.8902
 -- Sample 21: mean=24.4898%; std=15.4518
 -- Sample 22: mean=22.1203%; std=14.5640
 -- Sample 23: mean=24.8357%; std=15.7644
 -- Sample 24: mean=3464.1670%; std=3527.1470
 -- Sample 25: mean=3651.8345%; std=3584.4504
 -- Sample 26: mean=3710.7051%; std=3655.1841
 -- Sample 27: mean=3489.6809%; std=3836.5645
 -- Sample 28: mean=377.3531%; std=396.4719
 -- Sample 29: mean=385.9889%; std=422.6819
 -- Sample 30: mean=359.6482%; std=375.8370
 -- Sample 31: mean=355.7908%; std=378.1190
 -- Sample 32: mean=264.4614%; std=225.2425
 -- Sample 33: mean=242.6056%; std=219.6334
 -- Sample 34: mean=272.8046%; std=227.8045
 -- Sample 35: mean=260.0656%; std=224.5887
 -- Sample 36: mean=235.4516%; std=229.4574
 -- Sample 37: mean=245.5850%; std=217.5924
 -- Sample 38: mean=231.3538%; std=220.5626
 -- Sample 39: mean=226.3837%; std=206.7884
 -- Sample 40: mean=81.3568%; std=118.6131
 -- Sample 41: mean=79.2438%; std=114.0299
 -- Sample 42: mean=78.6560%; std=102.0078
 -- Sample 43: mean=77.5330%; std=118.9488
 -- Sample 44: mean=157.0046%; std=213.9047
 -- Sample 45: mean=150.1544%; std=209.8572
 -- Sample 46: mean=156.0869%; std=209.1381
 -- Sample 47: mean=148.3514%; std=203.0499
 -- Sample 48: mean=36.0149%; std=30.2194
 -- Sample 49: mean=41.2482%; std=31.5185
Mean: 422.4518%, Std: 936.6399%
------------------------------------------------------------------
Correlation comparison:
 -- Sample 0: 0.7908
 -- Sample 1: 0.8035
 -- Sample 2: 0.7970
 -- Sample 3: 0.7827
 -- Sample 4: 0.8854
 -- Sample 5: 0.8832
 -- Sample 6: 0.8976
 -- Sample 7: 0.8968
 -- Sample 8: 0.6441
 -- Sample 9: 0.6638
 -- Sample 10: 0.6548
 -- Sample 11: 0.6372
 -- Sample 12: 0.5674
 -- Sample 13: 0.5678
 -- Sample 14: 0.5329
 -- Sample 15: 0.5184
 -- Sample 16: 0.3805
 -- Sample 17: 0.3826
 -- Sample 18: 0.3982
 -- Sample 19: 0.3421
 -- Sample 20: 0.8732
 -- Sample 21: 0.8742
 -- Sample 22: 0.8817
 -- Sample 23: 0.8631
 -- Sample 24: 0.1589
 -- Sample 25: 0.1682
 -- Sample 26: 0.1536
 -- Sample 27: 0.1420
 -- Sample 28: 0.2777
 -- Sample 29: 0.2860
 -- Sample 30: 0.2660
 -- Sample 31: 0.2797
 -- Sample 32: 0.5375
 -- Sample 33: 0.5451
 -- Sample 34: 0.5510
 -- Sample 35: 0.5497
 -- Sample 36: 0.4382
 -- Sample 37: 0.4670
 -- Sample 38: 0.4787
 -- Sample 39: 0.4894
 -- Sample 40: 0.7301
 -- Sample 41: 0.7322
 -- Sample 42: 0.7638
 -- Sample 43: 0.7412
 -- Sample 44: 0.6324
 -- Sample 45: 0.6145
 -- Sample 46: 0.6383
 -- Sample 47: 0.6451
 -- Sample 48: 0.8231
 -- Sample 49: 0.8169
Mean=0.5889, Std=0.2227
------------------------------------------------------------------
    Evaluating Ko et al (D1 N4)
Bias Error: using Single Component
Mean: 88.9184, Std: 141.7172
------------------------------------------------------------------
Magnitude Error: 
 -- Sample 0: mean=58.7255%; std=27.3400
 -- Sample 1: mean=64.5141%; std=21.8785
 -- Sample 2: mean=68.7141%; std=17.4173
 -- Sample 3: mean=62.3415%; std=22.4465
 -- Sample 4: mean=39.1153%; std=21.8741
 -- Sample 5: mean=43.8132%; std=20.9659
 -- Sample 6: mean=46.0958%; std=19.0836
 -- Sample 7: mean=45.0626%; std=23.6637
 -- Sample 8: mean=60.8174%; std=24.8550
 -- Sample 9: mean=63.1337%; std=22.0085
 -- Sample 10: mean=56.0763%; std=25.7971
 -- Sample 11: mean=52.7368%; std=27.4180
 -- Sample 12: mean=72.0466%; std=25.3115
 -- Sample 13: mean=57.8966%; std=28.2350
 -- Sample 14: mean=61.3837%; std=30.7099
 -- Sample 15: mean=68.9394%; std=26.4090
 -- Sample 16: mean=69.3212%; std=27.0920
 -- Sample 17: mean=65.5205%; std=25.3327
 -- Sample 18: mean=60.4109%; std=29.2737
 -- Sample 19: mean=67.4183%; std=30.7555
 -- Sample 20: mean=56.1636%; std=18.5054
 -- Sample 21: mean=53.5579%; std=19.8071
 -- Sample 22: mean=56.2954%; std=22.8183
 -- Sample 23: mean=55.9793%; std=20.2635
 -- Sample 24: mean=1002.8403%; std=1194.9142
 -- Sample 25: mean=1059.6294%; std=973.2612
 -- Sample 26: mean=863.5693%; std=760.0742
 -- Sample 27: mean=716.4034%; std=826.7375
 -- Sample 28: mean=69.3836%; std=25.9497
 -- Sample 29: mean=70.5619%; std=25.6372
 -- Sample 30: mean=76.0559%; std=38.6992
 -- Sample 31: mean=64.9294%; std=25.4205
 -- Sample 32: mean=58.5101%; std=30.5958
 -- Sample 33: mean=58.7992%; std=26.8066
 -- Sample 34: mean=58.6849%; std=29.4505
 -- Sample 35: mean=52.6902%; std=29.6796
 -- Sample 36: mean=69.9604%; std=27.4103
 -- Sample 37: mean=68.3894%; std=27.0077
 -- Sample 38: mean=74.0106%; std=25.0225
 -- Sample 39: mean=64.8408%; std=27.1118
 -- Sample 40: mean=59.3756%; std=18.1051
 -- Sample 41: mean=52.5515%; std=19.9703
 -- Sample 42: mean=47.5302%; std=21.8801
 -- Sample 43: mean=50.8831%; std=19.8613
 -- Sample 44: mean=37.2208%; std=26.6745
 -- Sample 45: mean=39.9365%; std=27.5190
 -- Sample 46: mean=42.6229%; std=23.4534
 -- Sample 47: mean=42.5977%; std=23.1751
 -- Sample 48: mean=64.7325%; std=14.2991
 -- Sample 49: mean=70.0147%; std=12.5439
Mean: 126.8561%, Std: 234.3488%
------------------------------------------------------------------
Correlation comparison:
 -- Sample 0: 0.7875
 -- Sample 1: 0.8077
 -- Sample 2: 0.8283
 -- Sample 3: 0.8139
 -- Sample 4: 0.9398
 -- Sample 5: 0.9372
 -- Sample 6: 0.9427
 -- Sample 7: 0.9184
 -- Sample 8: 0.8016
 -- Sample 9: 0.8371
 -- Sample 10: 0.8658
 -- Sample 11: 0.8315
 -- Sample 12: 0.7148
 -- Sample 13: 0.8413
 -- Sample 14: 0.6111
 -- Sample 15: 0.6684
 -- Sample 16: 0.4234
 -- Sample 17: 0.5846
 -- Sample 18: 0.5566
 -- Sample 19: 0.4433
 -- Sample 20: 0.8518
 -- Sample 21: 0.8624
 -- Sample 22: 0.7986
 -- Sample 23: 0.8386
 -- Sample 24: 0.1681
 -- Sample 25: 0.2060
 -- Sample 26: 0.2084
 -- Sample 27: 0.1545
 -- Sample 28: 0.2287
 -- Sample 29: 0.1540
 -- Sample 30: 0.3119
 -- Sample 31: 0.4559
 -- Sample 32: 0.5456
 -- Sample 33: 0.6834
 -- Sample 34: 0.7112
 -- Sample 35: 0.6860
 -- Sample 36: 0.4742
 -- Sample 37: 0.4751
 -- Sample 38: 0.4841
 -- Sample 39: 0.6037
 -- Sample 40: 0.8530
 -- Sample 41: 0.8819
 -- Sample 42: 0.8949
 -- Sample 43: 0.9019
 -- Sample 44: 0.8694
 -- Sample 45: 0.8522
 -- Sample 46: 0.8469
 -- Sample 47: 0.8275
 -- Sample 48: 0.8920
 -- Sample 49: 0.8971
Mean=0.6755, Std=0.2398
------------------------------------------------------------------
    Evaluating Ko et al (D2 N4)
Bias Error: using Single Component
Mean: 107.7208, Std: 280.7768
------------------------------------------------------------------
Magnitude Error: 
 -- Sample 0: mean=33.2090%; std=28.7856
 -- Sample 1: mean=33.7638%; std=19.3551
 -- Sample 2: mean=33.5527%; std=25.0672
 -- Sample 3: mean=39.4731%; std=25.1851
 -- Sample 4: mean=23.6262%; std=16.9159
 -- Sample 5: mean=22.9587%; std=15.9766
 -- Sample 6: mean=19.7160%; std=15.8903
 -- Sample 7: mean=18.5445%; std=17.4907
 -- Sample 8: mean=33.9695%; std=20.5036
 -- Sample 9: mean=29.3123%; std=18.9956
 -- Sample 10: mean=33.3409%; std=20.7755
 -- Sample 11: mean=32.2422%; std=19.3963
 -- Sample 12: mean=71.3271%; std=68.8048
 -- Sample 13: mean=77.9046%; std=76.9194
 -- Sample 14: mean=45.0718%; std=39.2107
 -- Sample 15: mean=51.2263%; std=53.8220
 -- Sample 16: mean=74.2281%; std=78.9903
 -- Sample 17: mean=89.5649%; std=113.3992
 -- Sample 18: mean=84.5300%; std=88.8231
 -- Sample 19: mean=81.9223%; std=88.8019
 -- Sample 20: mean=35.5309%; std=17.1342
 -- Sample 21: mean=29.6654%; std=17.2228
 -- Sample 22: mean=36.3487%; std=17.5377
 -- Sample 23: mean=32.9980%; std=17.1251
 -- Sample 24: mean=1316.7872%; std=2841.4927
 -- Sample 25: mean=1531.8972%; std=3827.9341
 -- Sample 26: mean=1684.3738%; std=3415.6973
 -- Sample 27: mean=1406.3534%; std=2718.2778
 -- Sample 28: mean=32.2511%; std=28.6473
 -- Sample 29: mean=33.9677%; std=25.0070
 -- Sample 30: mean=41.9251%; std=27.5428
 -- Sample 31: mean=39.3346%; std=30.1328
 -- Sample 32: mean=81.9414%; std=82.7772
 -- Sample 33: mean=74.3354%; std=67.5869
 -- Sample 34: mean=68.1948%; std=57.0250
 -- Sample 35: mean=88.2025%; std=102.3234
 -- Sample 36: mean=59.3357%; std=64.1572
 -- Sample 37: mean=64.7226%; std=55.3942
 -- Sample 38: mean=57.6494%; std=53.9196
 -- Sample 39: mean=54.3535%; std=53.4109
 -- Sample 40: mean=24.3441%; std=27.9124
 -- Sample 41: mean=32.1231%; std=26.2266
 -- Sample 42: mean=30.8649%; std=36.7362
 -- Sample 43: mean=22.4234%; std=21.6974
 -- Sample 44: mean=46.1341%; std=40.6527
 -- Sample 45: mean=52.3915%; std=40.2470
 -- Sample 46: mean=57.4955%; std=42.3719
 -- Sample 47: mean=58.2906%; std=36.4575
 -- Sample 48: mean=19.5428%; std=15.9496
 -- Sample 49: mean=26.3815%; std=20.8281
Mean: 161.3929%, Std: 392.7277%
------------------------------------------------------------------
Correlation comparison:
 -- Sample 0: 0.8992
 -- Sample 1: 0.8930
 -- Sample 2: 0.8952
 -- Sample 3: 0.8632
 -- Sample 4: 0.9733
 -- Sample 5: 0.9835
 -- Sample 6: 0.9810
 -- Sample 7: 0.9780
 -- Sample 8: 0.9298
 -- Sample 9: 0.9483
 -- Sample 10: 0.9215
 -- Sample 11: 0.9406
 -- Sample 12: 0.8532
 -- Sample 13: 0.8088
 -- Sample 14: 0.9039
 -- Sample 15: 0.9061
 -- Sample 16: 0.8243
 -- Sample 17: 0.7342
 -- Sample 18: 0.8041
 -- Sample 19: 0.8101
 -- Sample 20: 0.9324
 -- Sample 21: 0.9256
 -- Sample 22: 0.8951
 -- Sample 23: 0.9255
 -- Sample 24: 0.1388
 -- Sample 25: 0.1005
 -- Sample 26: 0.1197
 -- Sample 27: 0.1572
 -- Sample 28: 0.6954
 -- Sample 29: 0.6930
 -- Sample 30: 0.5266
 -- Sample 31: 0.7285
 -- Sample 32: 0.8281
 -- Sample 33: 0.8315
 -- Sample 34: 0.8368
 -- Sample 35: 0.7903
 -- Sample 36: 0.7561
 -- Sample 37: 0.7562
 -- Sample 38: 0.7604
 -- Sample 39: 0.7858
 -- Sample 40: 0.9537
 -- Sample 41: 0.9200
 -- Sample 42: 0.9237
 -- Sample 43: 0.9604
 -- Sample 44: 0.9285
 -- Sample 45: 0.9337
 -- Sample 46: 0.9323
 -- Sample 47: 0.9511
 -- Sample 48: 0.9446
 -- Sample 49: 0.9030
Mean=0.8077, Std=0.2199
------------------------------------------------------------------
    Evaluating Ko et al (D3 N4)
Bias Error: using Single Component
Mean: 114.6557, Std: 287.4991
------------------------------------------------------------------
Magnitude Error: 
 -- Sample 0: mean=32.9166%; std=24.6483
 -- Sample 1: mean=33.0522%; std=29.3973
 -- Sample 2: mean=27.8970%; std=23.4844
 -- Sample 3: mean=27.7780%; std=21.5596
 -- Sample 4: mean=32.6550%; std=20.1914
 -- Sample 5: mean=25.9223%; std=20.3880
 -- Sample 6: mean=25.8004%; std=17.9186
 -- Sample 7: mean=28.7481%; std=21.1246
 -- Sample 8: mean=30.9649%; std=20.5969
 -- Sample 9: mean=35.2754%; std=20.2404
 -- Sample 10: mean=29.1440%; std=22.7822
 -- Sample 11: mean=28.2149%; std=19.8199
 -- Sample 12: mean=46.9312%; std=40.9383
 -- Sample 13: mean=52.1542%; std=41.0246
 -- Sample 14: mean=54.1718%; std=47.7527
 -- Sample 15: mean=52.5963%; std=43.4779
 -- Sample 16: mean=83.8227%; std=100.0733
 -- Sample 17: mean=75.2827%; std=93.8178
 -- Sample 18: mean=87.0894%; std=118.1956
 -- Sample 19: mean=94.5135%; std=114.5642
 -- Sample 20: mean=30.9176%; std=17.1086
 -- Sample 21: mean=30.6353%; std=18.3368
 -- Sample 22: mean=31.2358%; std=16.6704
 -- Sample 23: mean=31.0597%; std=15.9092
 -- Sample 24: mean=1230.0317%; std=2401.3438
 -- Sample 25: mean=1513.7543%; std=2516.9482
 -- Sample 26: mean=1417.3761%; std=2126.2344
 -- Sample 27: mean=1179.9237%; std=2210.5017
 -- Sample 28: mean=36.9860%; std=31.2086
 -- Sample 29: mean=37.2885%; std=27.2329
 -- Sample 30: mean=33.8606%; std=31.4108
 -- Sample 31: mean=42.0564%; std=35.5240
 -- Sample 32: mean=61.6470%; std=49.8306
 -- Sample 33: mean=80.2321%; std=64.3119
 -- Sample 34: mean=92.2175%; std=71.3706
 -- Sample 35: mean=82.8177%; std=69.2556
 -- Sample 36: mean=47.0949%; std=38.6064
 -- Sample 37: mean=47.1279%; std=36.3589
 -- Sample 38: mean=47.6872%; std=39.5957
 -- Sample 39: mean=54.7164%; std=45.6772
 -- Sample 40: mean=25.8794%; std=13.5899
 -- Sample 41: mean=21.4466%; std=16.5616
 -- Sample 42: mean=19.8481%; std=14.8941
 -- Sample 43: mean=24.0343%; std=14.7693
 -- Sample 44: mean=57.0265%; std=47.9797
 -- Sample 45: mean=57.2426%; std=39.0777
 -- Sample 46: mean=46.3736%; std=38.8400
 -- Sample 47: mean=53.3906%; std=47.3234
 -- Sample 48: mean=19.1270%; std=16.1295
 -- Sample 49: mean=19.3476%; std=17.3673
Mean: 147.5463%, Std: 352.9005%
------------------------------------------------------------------
Correlation comparison:
 -- Sample 0: 0.9048
 -- Sample 1: 0.8999
 -- Sample 2: 0.9331
 -- Sample 3: 0.9385
 -- Sample 4: 0.9819
 -- Sample 5: 0.9749
 -- Sample 6: 0.9726
 -- Sample 7: 0.9758
 -- Sample 8: 0.9437
 -- Sample 9: 0.9415
 -- Sample 10: 0.9313
 -- Sample 11: 0.9533
 -- Sample 12: 0.9070
 -- Sample 13: 0.9134
 -- Sample 14: 0.9027
 -- Sample 15: 0.8967
 -- Sample 16: 0.7152
 -- Sample 17: 0.7683
 -- Sample 18: 0.7331
 -- Sample 19: 0.7206
 -- Sample 20: 0.9207
 -- Sample 21: 0.9113
 -- Sample 22: 0.9342
 -- Sample 23: 0.9395
 -- Sample 24: 0.1032
 -- Sample 25: 0.1426
 -- Sample 26: 0.1787
 -- Sample 27: 0.1232
 -- Sample 28: 0.6574
 -- Sample 29: 0.6280
 -- Sample 30: 0.6820
 -- Sample 31: 0.7490
 -- Sample 32: 0.8509
 -- Sample 33: 0.7958
 -- Sample 34: 0.7876
 -- Sample 35: 0.8271
 -- Sample 36: 0.8080
 -- Sample 37: 0.8211
 -- Sample 38: 0.8505
 -- Sample 39: 0.7773
 -- Sample 40: 0.9505
 -- Sample 41: 0.9592
 -- Sample 42: 0.9609
 -- Sample 43: 0.9515
 -- Sample 44: 0.9308
 -- Sample 45: 0.9537
 -- Sample 46: 0.9436
 -- Sample 47: 0.9172
 -- Sample 48: 0.9590
 -- Sample 49: 0.9557
Mean=0.8176, Std=0.2206
------------------------------------------------------------------
    Evaluating Ko et al (D3 N0)
Bias Error: using Single Component
Mean: 155.5824, Std: 398.0233
------------------------------------------------------------------
Magnitude Error: 
 -- Sample 0: mean=34.3566%; std=23.2759
 -- Sample 1: mean=32.0220%; std=20.5822
 -- Sample 2: mean=32.3305%; std=21.3833
 -- Sample 3: mean=27.9952%; std=19.9611
 -- Sample 4: mean=25.5435%; std=29.1967
 -- Sample 5: mean=19.2555%; std=23.1110
 -- Sample 6: mean=22.3588%; std=30.5082
 -- Sample 7: mean=19.9156%; std=16.3856
 -- Sample 8: mean=24.6062%; std=15.0666
 -- Sample 9: mean=28.8754%; std=18.9366
 -- Sample 10: mean=31.6473%; std=19.6762
 -- Sample 11: mean=32.8396%; std=27.0840
 -- Sample 12: mean=77.0130%; std=59.8294
 -- Sample 13: mean=76.8461%; std=46.2881
 -- Sample 14: mean=67.4848%; std=65.2857
 -- Sample 15: mean=83.1154%; std=76.8233
 -- Sample 16: mean=90.6321%; std=101.2258
 -- Sample 17: mean=103.0809%; std=112.7658
 -- Sample 18: mean=88.8002%; std=82.0941
 -- Sample 19: mean=67.0851%; std=73.2495
 -- Sample 20: mean=44.8694%; std=14.8282
 -- Sample 21: mean=45.9053%; std=14.5900
 -- Sample 22: mean=39.1109%; std=16.3422
 -- Sample 23: mean=42.3108%; std=19.7387
 -- Sample 24: mean=1533.5294%; std=1603.7891
 -- Sample 25: mean=1669.6116%; std=1678.6687
 -- Sample 26: mean=1753.6649%; std=1968.7256
 -- Sample 27: mean=1779.8342%; std=1914.6597
 -- Sample 28: mean=65.2001%; std=66.7149
 -- Sample 29: mean=42.9963%; std=39.1075
 -- Sample 30: mean=55.7733%; std=44.7703
 -- Sample 31: mean=52.6712%; std=51.5045
 -- Sample 32: mean=114.7765%; std=92.2399
 -- Sample 33: mean=82.0250%; std=87.1913
 -- Sample 34: mean=71.4187%; std=71.2473
 -- Sample 35: mean=142.9921%; std=112.4986
 -- Sample 36: mean=88.3560%; std=110.7059
 -- Sample 37: mean=56.8439%; std=51.1516
 -- Sample 38: mean=60.1771%; std=37.8685
 -- Sample 39: mean=51.5913%; std=41.6758
 -- Sample 40: mean=44.3128%; std=36.6568
 -- Sample 41: mean=45.6370%; std=21.4440
 -- Sample 42: mean=43.0117%; std=24.6281
 -- Sample 43: mean=25.8288%; std=23.2814
 -- Sample 44: mean=53.8247%; std=38.1309
 -- Sample 45: mean=74.0055%; std=49.3423
 -- Sample 46: mean=68.7442%; std=45.4749
 -- Sample 47: mean=61.3267%; std=45.3054
 -- Sample 48: mean=29.1605%; std=17.3911
 -- Sample 49: mean=33.8569%; std=18.0252
Mean: 185.1834%, Std: 443.6087%
------------------------------------------------------------------
Correlation comparison:
 -- Sample 0: 0.8954
 -- Sample 1: 0.8894
 -- Sample 2: 0.9215
 -- Sample 3: 0.9104
 -- Sample 4: 0.9480
 -- Sample 5: 0.9669
 -- Sample 6: 0.9488
 -- Sample 7: 0.9667
 -- Sample 8: 0.9539
 -- Sample 9: 0.9476
 -- Sample 10: 0.9237
 -- Sample 11: 0.8916
 -- Sample 12: 0.8108
 -- Sample 13: 0.7615
 -- Sample 14: 0.7180
 -- Sample 15: 0.7494
 -- Sample 16: 0.6527
 -- Sample 17: 0.7159
 -- Sample 18: 0.8226
 -- Sample 19: 0.8086
 -- Sample 20: 0.8721
 -- Sample 21: 0.8803
 -- Sample 22: 0.9086
 -- Sample 23: 0.9037
 -- Sample 24: 0.1899
 -- Sample 25: 0.2155
 -- Sample 26: 0.1839
 -- Sample 27: 0.1867
 -- Sample 28: 0.5206
 -- Sample 29: 0.5817
 -- Sample 30: 0.5026
 -- Sample 31: 0.5740
 -- Sample 32: 0.6583
 -- Sample 33: 0.6143
 -- Sample 34: 0.7843
 -- Sample 35: 0.6538
 -- Sample 36: 0.6422
 -- Sample 37: 0.8050
 -- Sample 38: 0.7499
 -- Sample 39: 0.7744
 -- Sample 40: 0.8312
 -- Sample 41: 0.8665
 -- Sample 42: 0.8713
 -- Sample 43: 0.9362
 -- Sample 44: 0.9180
 -- Sample 45: 0.9405
 -- Sample 46: 0.9408
 -- Sample 47: 0.9237
 -- Sample 48: 0.9238
 -- Sample 49: 0.9540
Mean=0.7702, Std=0.2107
------------------------------------------------------------------
    Evaluating Ko et al (D3 N1)
Bias Error: using Single Component
Mean: 133.3454, Std: 326.2476
------------------------------------------------------------------
Magnitude Error: 
 -- Sample 0: mean=36.7438%; std=22.1514
 -- Sample 1: mean=30.6519%; std=22.7132
 -- Sample 2: mean=40.8701%; std=20.4119
 -- Sample 3: mean=32.2405%; std=23.4515
 -- Sample 4: mean=22.2915%; std=23.6660
 -- Sample 5: mean=22.1455%; std=18.4480
 -- Sample 6: mean=19.9604%; std=26.1820
 -- Sample 7: mean=23.8172%; std=18.0485
 -- Sample 8: mean=27.5271%; std=17.8788
 -- Sample 9: mean=22.4041%; std=15.3781
 -- Sample 10: mean=31.4397%; std=16.9479
 -- Sample 11: mean=27.0507%; std=19.9147
 -- Sample 12: mean=54.3790%; std=34.9785
 -- Sample 13: mean=62.6828%; std=40.8847
 -- Sample 14: mean=70.2997%; std=64.1851
 -- Sample 15: mean=84.4877%; std=57.9263
 -- Sample 16: mean=83.8109%; std=99.7460
 -- Sample 17: mean=83.0542%; std=99.2397
 -- Sample 18: mean=51.6921%; std=57.1785
 -- Sample 19: mean=73.7074%; std=70.1136
 -- Sample 20: mean=41.3997%; std=15.0340
 -- Sample 21: mean=42.9754%; std=16.3740
 -- Sample 22: mean=38.4809%; std=17.5446
 -- Sample 23: mean=39.0656%; std=18.7978
 -- Sample 24: mean=1239.1705%; std=2082.0857
 -- Sample 25: mean=1241.2780%; std=1640.1517
 -- Sample 26: mean=1765.3287%; std=2364.8589
 -- Sample 27: mean=1646.8335%; std=2117.0583
 -- Sample 28: mean=73.3600%; std=84.6682
 -- Sample 29: mean=41.3185%; std=33.8273
 -- Sample 30: mean=70.8842%; std=63.1593
 -- Sample 31: mean=70.2106%; std=65.0753
 -- Sample 32: mean=110.9041%; std=95.3870
 -- Sample 33: mean=104.8986%; std=93.3987
 -- Sample 34: mean=78.4699%; std=75.8114
 -- Sample 35: mean=139.8684%; std=120.0683
 -- Sample 36: mean=79.9632%; std=85.6433
 -- Sample 37: mean=76.1407%; std=87.0986
 -- Sample 38: mean=52.4092%; std=41.2557
 -- Sample 39: mean=63.4777%; std=57.3934
 -- Sample 40: mean=33.5153%; std=25.6633
 -- Sample 41: mean=33.7104%; std=23.3650
 -- Sample 42: mean=31.0060%; std=16.1868
 -- Sample 43: mean=32.9149%; std=22.5220
 -- Sample 44: mean=75.9347%; std=45.3683
 -- Sample 45: mean=87.0203%; std=58.3293
 -- Sample 46: mean=56.6090%; std=46.9194
 -- Sample 47: mean=53.9054%; std=35.0467
 -- Sample 48: mean=21.8458%; std=16.1080
 -- Sample 49: mean=25.6212%; std=16.3440
Mean: 167.3955%, Std: 391.6915%
------------------------------------------------------------------
Correlation comparison:
 -- Sample 0: 0.8712
 -- Sample 1: 0.9024
 -- Sample 2: 0.9116
 -- Sample 3: 0.8870
 -- Sample 4: 0.9700
 -- Sample 5: 0.9799
 -- Sample 6: 0.9691
 -- Sample 7: 0.9667
 -- Sample 8: 0.9613
 -- Sample 9: 0.9560
 -- Sample 10: 0.9505
 -- Sample 11: 0.9319
 -- Sample 12: 0.8709
 -- Sample 13: 0.8441
 -- Sample 14: 0.8018
 -- Sample 15: 0.8534
 -- Sample 16: 0.7027
 -- Sample 17: 0.7365
 -- Sample 18: 0.8544
 -- Sample 19: 0.7036
 -- Sample 20: 0.8977
 -- Sample 21: 0.9066
 -- Sample 22: 0.9049
 -- Sample 23: 0.9199
 -- Sample 24: 0.1486
 -- Sample 25: 0.1631
 -- Sample 26: 0.1386
 -- Sample 27: 0.1798
 -- Sample 28: 0.7280
 -- Sample 29: 0.5082
 -- Sample 30: 0.7015
 -- Sample 31: 0.6038
 -- Sample 32: 0.7304
 -- Sample 33: 0.6769
 -- Sample 34: 0.8066
 -- Sample 35: 0.6489
 -- Sample 36: 0.6794
 -- Sample 37: 0.6885
 -- Sample 38: 0.8087
 -- Sample 39: 0.7578
 -- Sample 40: 0.9281
 -- Sample 41: 0.8882
 -- Sample 42: 0.9413
 -- Sample 43: 0.9301
 -- Sample 44: 0.9237
 -- Sample 45: 0.9320
 -- Sample 46: 0.9169
 -- Sample 47: 0.9487
 -- Sample 48: 0.9352
 -- Sample 49: 0.9602
Mean=0.7906, Std=0.2171
------------------------------------------------------------------
    Evaluating Ko et al (D3 N2)
Bias Error: using Single Component
Mean: 111.1623, Std: 290.8911
------------------------------------------------------------------
Magnitude Error: 
 -- Sample 0: mean=31.7265%; std=23.2242
 -- Sample 1: mean=33.1359%; std=19.7917
 -- Sample 2: mean=37.1432%; std=20.7025
 -- Sample 3: mean=37.2064%; std=19.6545
 -- Sample 4: mean=16.9135%; std=18.9439
 -- Sample 5: mean=18.6039%; std=17.9980
 -- Sample 6: mean=17.4094%; std=13.2483
 -- Sample 7: mean=20.0025%; std=15.6203
 -- Sample 8: mean=30.6589%; std=22.9284
 -- Sample 9: mean=23.7372%; std=17.7845
 -- Sample 10: mean=29.1750%; std=19.0031
 -- Sample 11: mean=30.4351%; std=20.0118
 -- Sample 12: mean=52.4861%; std=36.8551
 -- Sample 13: mean=69.2140%; std=57.3817
 -- Sample 14: mean=46.5201%; std=36.8377
 -- Sample 15: mean=45.1310%; std=36.7244
 -- Sample 16: mean=64.3829%; std=77.8619
 -- Sample 17: mean=62.4858%; std=58.0906
 -- Sample 18: mean=70.9827%; std=73.2690
 -- Sample 19: mean=69.2961%; std=81.0423
 -- Sample 20: mean=43.2641%; std=14.1853
 -- Sample 21: mean=40.1408%; std=16.3354
 -- Sample 22: mean=43.7216%; std=16.1813
 -- Sample 23: mean=40.3460%; std=17.4107
 -- Sample 24: mean=1011.9636%; std=2302.4177
 -- Sample 25: mean=1107.6560%; std=2090.4233
 -- Sample 26: mean=1699.2847%; std=2630.0774
 -- Sample 27: mean=1729.9547%; std=2639.7856
 -- Sample 28: mean=40.8540%; std=33.7634
 -- Sample 29: mean=39.4391%; std=27.4892
 -- Sample 30: mean=52.8784%; std=44.5610
 -- Sample 31: mean=60.6569%; std=42.3652
 -- Sample 32: mean=104.3911%; std=92.7730
 -- Sample 33: mean=91.1559%; std=59.3312
 -- Sample 34: mean=78.6360%; std=80.4137
 -- Sample 35: mean=108.0170%; std=109.4543
 -- Sample 36: mean=50.9776%; std=44.1079
 -- Sample 37: mean=59.1338%; std=51.2193
 -- Sample 38: mean=49.3508%; std=29.0824
 -- Sample 39: mean=60.9338%; std=53.2749
 -- Sample 40: mean=33.9237%; std=17.8374
 -- Sample 41: mean=23.9499%; std=16.2433
 -- Sample 42: mean=25.6444%; std=13.6997
 -- Sample 43: mean=34.1598%; std=16.0110
 -- Sample 44: mean=60.9575%; std=39.9710
 -- Sample 45: mean=65.8830%; std=43.5940
 -- Sample 46: mean=69.1330%; std=45.8611
 -- Sample 47: mean=50.4688%; std=37.6972
 -- Sample 48: mean=22.9090%; std=18.7753
 -- Sample 49: mean=29.3775%; std=17.5835
Mean: 154.7162%, Std: 375.7631%
------------------------------------------------------------------
Correlation comparison:
 -- Sample 0: 0.9229
 -- Sample 1: 0.8933
 -- Sample 2: 0.9030
 -- Sample 3: 0.8913
 -- Sample 4: 0.9791
 -- Sample 5: 0.9806
 -- Sample 6: 0.9809
 -- Sample 7: 0.9725
 -- Sample 8: 0.9439
 -- Sample 9: 0.9520
 -- Sample 10: 0.9501
 -- Sample 11: 0.9402
 -- Sample 12: 0.8810
 -- Sample 13: 0.8598
 -- Sample 14: 0.9065
 -- Sample 15: 0.9082
 -- Sample 16: 0.8438
 -- Sample 17: 0.8648
 -- Sample 18: 0.7444
 -- Sample 19: 0.7673
 -- Sample 20: 0.9403
 -- Sample 21: 0.9164
 -- Sample 22: 0.9087
 -- Sample 23: 0.9068
 -- Sample 24: 0.0949
 -- Sample 25: 0.1285
 -- Sample 26: 0.1561
 -- Sample 27: 0.1263
 -- Sample 28: 0.6874
 -- Sample 29: 0.5985
 -- Sample 30: 0.7937
 -- Sample 31: 0.6653
 -- Sample 32: 0.7170
 -- Sample 33: 0.6241
 -- Sample 34: 0.7769
 -- Sample 35: 0.6891
 -- Sample 36: 0.8225
 -- Sample 37: 0.8422
 -- Sample 38: 0.8429
 -- Sample 39: 0.7752
 -- Sample 40: 0.9412
 -- Sample 41: 0.9507
 -- Sample 42: 0.9652
 -- Sample 43: 0.9490
 -- Sample 44: 0.9425
 -- Sample 45: 0.9577
 -- Sample 46: 0.9350
 -- Sample 47: 0.9525
 -- Sample 48: 0.9336
 -- Sample 49: 0.9363
Mean=0.8112, Std=0.2240
------------------------------------------------------------------
    Evaluating Ko et al (D3 N3)
Bias Error: using Single Component
Mean: 111.5138, Std: 264.3775
------------------------------------------------------------------
Magnitude Error: 
 -- Sample 0: mean=26.9855%; std=18.6973
 -- Sample 1: mean=27.6496%; std=20.9166
 -- Sample 2: mean=33.4483%; std=25.1947
 -- Sample 3: mean=29.7982%; std=23.7400
 -- Sample 4: mean=22.2095%; std=17.9608
 -- Sample 5: mean=21.3295%; std=17.3472
 -- Sample 6: mean=25.8942%; std=17.8151
 -- Sample 7: mean=20.7151%; std=16.7822
 -- Sample 8: mean=30.0647%; std=18.5951
 -- Sample 9: mean=21.6717%; std=18.8703
 -- Sample 10: mean=34.4416%; std=23.7259
 -- Sample 11: mean=39.5608%; std=24.8885
 -- Sample 12: mean=60.4472%; std=58.8206
 -- Sample 13: mean=57.6606%; std=49.5985
 -- Sample 14: mean=49.6001%; std=36.0683
 -- Sample 15: mean=55.3262%; std=45.9870
 -- Sample 16: mean=79.7644%; std=92.9758
 -- Sample 17: mean=82.4819%; std=99.0382
 -- Sample 18: mean=103.1725%; std=119.4693
 -- Sample 19: mean=75.9055%; std=105.8960
 -- Sample 20: mean=35.3967%; std=16.2815
 -- Sample 21: mean=31.4358%; std=18.7761
 -- Sample 22: mean=39.8936%; std=15.4133
 -- Sample 23: mean=33.3565%; std=17.8009
 -- Sample 24: mean=1414.5930%; std=3048.3870
 -- Sample 25: mean=1290.2395%; std=2399.1514
 -- Sample 26: mean=1023.7740%; std=2027.4263
 -- Sample 27: mean=1174.6328%; std=2130.1785
 -- Sample 28: mean=39.9998%; std=33.7762
 -- Sample 29: mean=50.3100%; std=40.4310
 -- Sample 30: mean=41.1656%; std=31.3687
 -- Sample 31: mean=37.9345%; std=36.4285
 -- Sample 32: mean=105.2736%; std=101.2035
 -- Sample 33: mean=99.7637%; std=92.7759
 -- Sample 34: mean=77.9615%; std=69.1337
 -- Sample 35: mean=93.1503%; std=78.5275
 -- Sample 36: mean=51.0568%; std=42.6477
 -- Sample 37: mean=42.3857%; std=42.3040
 -- Sample 38: mean=49.4746%; std=37.8092
 -- Sample 39: mean=46.5970%; std=31.7450
 -- Sample 40: mean=26.2707%; std=19.3496
 -- Sample 41: mean=32.6875%; std=15.3802
 -- Sample 42: mean=23.1981%; std=14.2424
 -- Sample 43: mean=29.3539%; std=22.7538
 -- Sample 44: mean=53.0697%; std=39.2921
 -- Sample 45: mean=68.8719%; std=51.7751
 -- Sample 46: mean=78.6542%; std=57.3512
 -- Sample 47: mean=70.6438%; std=49.4727
 -- Sample 48: mean=25.8465%; std=19.5319
 -- Sample 49: mean=22.2058%; std=16.3664
Mean: 142.1465%, Std: 322.9616%
------------------------------------------------------------------
Correlation comparison:
 -- Sample 0: 0.9302
 -- Sample 1: 0.9308
 -- Sample 2: 0.9119
 -- Sample 3: 0.9139
 -- Sample 4: 0.9716
 -- Sample 5: 0.9787
 -- Sample 6: 0.9786
 -- Sample 7: 0.9721
 -- Sample 8: 0.9221
 -- Sample 9: 0.9637
 -- Sample 10: 0.9202
 -- Sample 11: 0.9033
 -- Sample 12: 0.9022
 -- Sample 13: 0.9023
 -- Sample 14: 0.8855
 -- Sample 15: 0.9337
 -- Sample 16: 0.7304
 -- Sample 17: 0.7633
 -- Sample 18: 0.6627
 -- Sample 19: 0.7425
 -- Sample 20: 0.9297
 -- Sample 21: 0.9126
 -- Sample 22: 0.9296
 -- Sample 23: 0.9357
 -- Sample 24: 0.1291
 -- Sample 25: 0.1628
 -- Sample 26: 0.1439
 -- Sample 27: 0.1434
 -- Sample 28: 0.6304
 -- Sample 29: 0.7110
 -- Sample 30: 0.7490
 -- Sample 31: 0.5868
 -- Sample 32: 0.7623
 -- Sample 33: 0.7486
 -- Sample 34: 0.8195
 -- Sample 35: 0.7633
 -- Sample 36: 0.8253
 -- Sample 37: 0.8798
 -- Sample 38: 0.8190
 -- Sample 39: 0.8509
 -- Sample 40: 0.9380
 -- Sample 41: 0.9269
 -- Sample 42: 0.9663
 -- Sample 43: 0.9052
 -- Sample 44: 0.9382
 -- Sample 45: 0.9303
 -- Sample 46: 0.9217
 -- Sample 47: 0.9343
 -- Sample 48: 0.9143
 -- Sample 49: 0.9407
Mean=0.8114, Std=0.2180
------------------------------------------------------------------
  Processing Batch 2 (Size: 50)...
    Evaluating Javier Santos (D0 N4)
Bias Error: using Single Component
Mean: 685.1756, Std: 1338.9475
------------------------------------------------------------------
Magnitude Error: 
 -- Sample 0: mean=182.1123%; std=114.2898
 -- Sample 1: mean=197.8410%; std=111.6598
 -- Sample 2: mean=286.5596%; std=180.9622
 -- Sample 3: mean=279.8600%; std=161.0325
 -- Sample 4: mean=284.3868%; std=182.1030
 -- Sample 5: mean=288.1382%; std=164.6948
 -- Sample 6: mean=257.9942%; std=181.4439
 -- Sample 7: mean=249.9801%; std=221.6901
 -- Sample 8: mean=254.4370%; std=200.5525
 -- Sample 9: mean=261.5703%; std=201.8589
 -- Sample 10: mean=2451.8318%; std=1983.9669
 -- Sample 11: mean=2422.1262%; std=2042.2555
 -- Sample 12: mean=2246.8245%; std=1763.2676
 -- Sample 13: mean=2120.4268%; std=1909.7103
 -- Sample 14: mean=362.3043%; std=189.9856
 -- Sample 15: mean=381.7443%; std=201.9934
 -- Sample 16: mean=364.4409%; std=197.1999
 -- Sample 17: mean=373.0334%; std=194.1858
 -- Sample 18: mean=108.2752%; std=74.8284
 -- Sample 19: mean=112.9702%; std=78.8588
 -- Sample 20: mean=113.3950%; std=76.5464
 -- Sample 21: mean=113.3137%; std=80.2243
 -- Sample 22: mean=200.5226%; std=137.9276
 -- Sample 23: mean=194.7418%; std=146.2598
 -- Sample 24: mean=203.4477%; std=142.2418
 -- Sample 25: mean=187.6704%; std=134.8478
 -- Sample 26: mean=83.9041%; std=61.2580
 -- Sample 27: mean=84.2826%; std=57.4332
 -- Sample 28: mean=89.6467%; std=62.0953
 -- Sample 29: mean=88.0513%; std=66.3697
 -- Sample 30: mean=114.0484%; std=69.6195
 -- Sample 31: mean=122.7727%; std=85.1173
 -- Sample 32: mean=120.4339%; std=80.8611
 -- Sample 33: mean=130.2851%; std=78.6457
 -- Sample 34: mean=498.9440%; std=301.2589
 -- Sample 35: mean=463.8671%; std=331.0570
 -- Sample 36: mean=504.6253%; std=307.9736
 -- Sample 37: mean=464.8640%; std=299.7761
 -- Sample 38: mean=115.5246%; std=61.9143
 -- Sample 39: mean=104.6810%; std=76.1445
 -- Sample 40: mean=106.9511%; std=64.1378
 -- Sample 41: mean=96.6556%; std=72.3567
 -- Sample 42: mean=243.9392%; std=179.7615
 -- Sample 43: mean=249.2395%; std=186.9183
 -- Sample 44: mean=242.4133%; std=172.3643
 -- Sample 45: mean=254.2968%; std=201.9101
 -- Sample 46: mean=113.9382%; std=63.2514
 -- Sample 47: mean=113.0350%; std=59.3919
 -- Sample 48: mean=113.1336%; std=58.8974
 -- Sample 49: mean=112.9178%; std=60.5528
Mean: 382.6480%, Std: 581.0367%
------------------------------------------------------------------
Correlation comparison:
 -- Sample 0: 0.6609
 -- Sample 1: 0.7161
 -- Sample 2: 0.7219
 -- Sample 3: 0.7502
 -- Sample 4: 0.7148
 -- Sample 5: 0.7425
 -- Sample 6: 0.6589
 -- Sample 7: 0.5728
 -- Sample 8: 0.6232
 -- Sample 9: 0.6314
 -- Sample 10: 0.1405
 -- Sample 11: 0.0729
 -- Sample 12: 0.0767
 -- Sample 13: 0.0478
 -- Sample 14: 0.7341
 -- Sample 15: 0.7063
 -- Sample 16: 0.7111
 -- Sample 17: 0.7149
 -- Sample 18: 0.7773
 -- Sample 19: 0.7640
 -- Sample 20: 0.7724
 -- Sample 21: 0.7478
 -- Sample 22: 0.7146
 -- Sample 23: 0.6723
 -- Sample 24: 0.7242
 -- Sample 25: 0.7018
 -- Sample 26: 0.8008
 -- Sample 27: 0.7780
 -- Sample 28: 0.8136
 -- Sample 29: 0.7727
 -- Sample 30: 0.8390
 -- Sample 31: 0.7972
 -- Sample 32: 0.8082
 -- Sample 33: 0.8436
 -- Sample 34: 0.7392
 -- Sample 35: 0.6089
 -- Sample 36: 0.7041
 -- Sample 37: 0.6827
 -- Sample 38: 0.9163
 -- Sample 39: 0.8728
 -- Sample 40: 0.9088
 -- Sample 41: 0.8569
 -- Sample 42: 0.7012
 -- Sample 43: 0.6717
 -- Sample 44: 0.6854
 -- Sample 45: 0.6820
 -- Sample 46: 0.8999
 -- Sample 47: 0.9045
 -- Sample 48: 0.9052
 -- Sample 49: 0.9043
Mean=0.6994, Std=0.1997
------------------------------------------------------------------
    Evaluating Javier Santos (D1 N4)
Bias Error: using Single Component
Mean: 139.0963, Std: 334.4302
------------------------------------------------------------------
Magnitude Error: 
 -- Sample 0: mean=58.0934%; std=23.3683
 -- Sample 1: mean=60.9107%; std=22.4012
 -- Sample 2: mean=53.9287%; std=23.6046
 -- Sample 3: mean=53.2671%; std=23.4737
 -- Sample 4: mean=51.9084%; std=23.1516
 -- Sample 5: mean=54.4764%; std=24.3813
 -- Sample 6: mean=52.9474%; std=18.8399
 -- Sample 7: mean=54.6981%; std=19.3435
 -- Sample 8: mean=53.8499%; std=17.6070
 -- Sample 9: mean=53.9071%; std=18.3903
 -- Sample 10: mean=492.6867%; std=438.6357
 -- Sample 11: mean=541.8025%; std=464.2092
 -- Sample 12: mean=496.9868%; std=460.4561
 -- Sample 13: mean=533.7374%; std=462.5650
 -- Sample 14: mean=43.2154%; std=32.5615
 -- Sample 15: mean=39.9668%; std=31.4829
 -- Sample 16: mean=42.3472%; std=33.3699
 -- Sample 17: mean=41.9487%; std=34.6493
 -- Sample 18: mean=49.8646%; std=17.4371
 -- Sample 19: mean=50.9139%; std=16.2979
 -- Sample 20: mean=50.3296%; std=16.8758
 -- Sample 21: mean=48.8896%; std=15.6133
 -- Sample 22: mean=60.4221%; std=21.2649
 -- Sample 23: mean=59.7290%; std=22.0367
 -- Sample 24: mean=60.6219%; std=22.1066
 -- Sample 25: mean=60.4898%; std=21.1496
 -- Sample 26: mean=59.8960%; std=19.7656
 -- Sample 27: mean=61.8311%; std=17.1023
 -- Sample 28: mean=60.8168%; std=19.6112
 -- Sample 29: mean=59.5345%; std=18.0292
 -- Sample 30: mean=48.8756%; std=16.3349
 -- Sample 31: mean=47.8388%; std=15.2279
 -- Sample 32: mean=52.9664%; std=15.3897
 -- Sample 33: mean=52.0685%; std=15.5329
 -- Sample 34: mean=57.7900%; std=29.6084
 -- Sample 35: mean=60.3636%; std=30.9255
 -- Sample 36: mean=58.0293%; std=30.3517
 -- Sample 37: mean=55.1762%; std=31.2698
 -- Sample 38: mean=57.8378%; std=14.8491
 -- Sample 39: mean=57.0177%; std=13.0633
 -- Sample 40: mean=56.4645%; std=13.6465
 -- Sample 41: mean=57.2998%; std=13.9074
 -- Sample 42: mean=43.4662%; std=22.2377
 -- Sample 43: mean=44.6238%; std=20.8951
 -- Sample 44: mean=45.1424%; std=23.0996
 -- Sample 45: mean=47.5990%; std=22.8206
 -- Sample 46: mean=35.1643%; std=17.7814
 -- Sample 47: mean=34.6198%; std=17.8222
 -- Sample 48: mean=36.0969%; std=19.0173
 -- Sample 49: mean=35.3833%; std=17.5797
Mean: 88.9568%, Std: 126.3841%
------------------------------------------------------------------
Correlation comparison:
 -- Sample 0: 0.6909
 -- Sample 1: 0.6503
 -- Sample 2: 0.7558
 -- Sample 3: 0.7695
 -- Sample 4: 0.7626
 -- Sample 5: 0.7471
 -- Sample 6: 0.8430
 -- Sample 7: 0.8437
 -- Sample 8: 0.8507
 -- Sample 9: 0.8523
 -- Sample 10: 0.3327
 -- Sample 11: 0.3797
 -- Sample 12: 0.3153
 -- Sample 13: 0.4035
 -- Sample 14: 0.8370
 -- Sample 15: 0.8600
 -- Sample 16: 0.8414
 -- Sample 17: 0.8579
 -- Sample 18: 0.8870
 -- Sample 19: 0.8956
 -- Sample 20: 0.8930
 -- Sample 21: 0.9074
 -- Sample 22: 0.7419
 -- Sample 23: 0.7333
 -- Sample 24: 0.7213
 -- Sample 25: 0.7518
 -- Sample 26: 0.8047
 -- Sample 27: 0.8506
 -- Sample 28: 0.8004
 -- Sample 29: 0.8524
 -- Sample 30: 0.9070
 -- Sample 31: 0.9269
 -- Sample 32: 0.9183
 -- Sample 33: 0.9129
 -- Sample 34: 0.7138
 -- Sample 35: 0.7181
 -- Sample 36: 0.7182
 -- Sample 37: 0.7511
 -- Sample 38: 0.8987
 -- Sample 39: 0.9076
 -- Sample 40: 0.9199
 -- Sample 41: 0.9156
 -- Sample 42: 0.8659
 -- Sample 43: 0.8447
 -- Sample 44: 0.8187
 -- Sample 45: 0.8389
 -- Sample 46: 0.9324
 -- Sample 47: 0.9349
 -- Sample 48: 0.9205
 -- Sample 49: 0.9266
Mean=0.7945, Std=0.1487
------------------------------------------------------------------
    Evaluating Javier Santos (D2 N4)
Bias Error: using Single Component
Mean: 83.7083, Std: 13.5835
------------------------------------------------------------------
Magnitude Error: 
 -- Sample 0: mean=87.8812%; std=6.8654
 -- Sample 1: mean=88.0596%; std=6.8947
 -- Sample 2: mean=83.1407%; std=7.8802
 -- Sample 3: mean=83.2066%; std=7.6599
 -- Sample 4: mean=82.7742%; std=8.0336
 -- Sample 5: mean=82.6914%; std=8.0604
 -- Sample 6: mean=83.1803%; std=9.1944
 -- Sample 7: mean=83.7766%; std=8.9988
 -- Sample 8: mean=83.4208%; std=9.3549
 -- Sample 9: mean=82.9815%; std=9.3807
 -- Sample 10: mean=73.3774%; std=62.6102
 -- Sample 11: mean=70.8092%; std=59.7350
 -- Sample 12: mean=68.1345%; std=52.9053
 -- Sample 13: mean=73.4334%; std=64.1386
 -- Sample 14: mean=78.9245%; std=11.7961
 -- Sample 15: mean=78.5971%; std=11.8116
 -- Sample 16: mean=78.7195%; std=11.5748
 -- Sample 17: mean=78.5310%; std=11.2644
 -- Sample 18: mean=89.8463%; std=5.3279
 -- Sample 19: mean=89.8915%; std=5.5339
 -- Sample 20: mean=89.8537%; std=5.2630
 -- Sample 21: mean=89.8303%; std=5.2358
 -- Sample 22: mean=84.8055%; std=9.3728
 -- Sample 23: mean=84.8262%; std=9.6783
 -- Sample 24: mean=85.0416%; std=9.2107
 -- Sample 25: mean=84.4243%; std=9.2487
 -- Sample 26: mean=91.2864%; std=4.4320
 -- Sample 27: mean=91.1588%; std=4.4965
 -- Sample 28: mean=91.1773%; std=4.6131
 -- Sample 29: mean=90.9452%; std=4.6841
 -- Sample 30: mean=90.6105%; std=5.2405
 -- Sample 31: mean=90.7506%; std=5.1796
 -- Sample 32: mean=90.2863%; std=5.5836
 -- Sample 33: mean=90.4865%; std=5.2837
 -- Sample 34: mean=73.5541%; std=17.5711
 -- Sample 35: mean=73.7677%; std=19.1283
 -- Sample 36: mean=73.8705%; std=18.7601
 -- Sample 37: mean=72.9963%; std=18.2080
 -- Sample 38: mean=91.4273%; std=5.4310
 -- Sample 39: mean=91.3241%; std=5.0981
 -- Sample 40: mean=91.4189%; std=5.0054
 -- Sample 41: mean=91.3690%; std=5.4505
 -- Sample 42: mean=82.9814%; std=12.2014
 -- Sample 43: mean=83.2930%; std=12.5001
 -- Sample 44: mean=82.7086%; std=12.8317
 -- Sample 45: mean=82.9426%; std=12.5493
 -- Sample 46: mean=90.1298%; std=5.0516
 -- Sample 47: mean=90.3095%; std=5.2118
 -- Sample 48: mean=90.2962%; std=5.2740
 -- Sample 49: mean=90.2742%; std=5.3311
Mean: 84.3905%, Std: 6.5186%
------------------------------------------------------------------
Correlation comparison:
 -- Sample 0: 0.4779
 -- Sample 1: 0.4609
 -- Sample 2: 0.5930
 -- Sample 3: 0.6030
 -- Sample 4: 0.6001
 -- Sample 5: 0.5995
 -- Sample 6: 0.5191
 -- Sample 7: 0.5109
 -- Sample 8: 0.4922
 -- Sample 9: 0.5154
 -- Sample 10: 0.0750
 -- Sample 11: 0.0834
 -- Sample 12: 0.0264
 -- Sample 13: 0.1017
 -- Sample 14: 0.5091
 -- Sample 15: 0.5159
 -- Sample 16: 0.5312
 -- Sample 17: 0.5255
 -- Sample 18: 0.5298
 -- Sample 19: 0.5102
 -- Sample 20: 0.5365
 -- Sample 21: 0.5356
 -- Sample 22: 0.4408
 -- Sample 23: 0.4510
 -- Sample 24: 0.4485
 -- Sample 25: 0.4959
 -- Sample 26: 0.5881
 -- Sample 27: 0.5909
 -- Sample 28: 0.5916
 -- Sample 29: 0.5964
 -- Sample 30: 0.5214
 -- Sample 31: 0.5232
 -- Sample 32: 0.5386
 -- Sample 33: 0.5399
 -- Sample 34: 0.4044
 -- Sample 35: 0.3988
 -- Sample 36: 0.3757
 -- Sample 37: 0.4308
 -- Sample 38: 0.5638
 -- Sample 39: 0.5890
 -- Sample 40: 0.6005
 -- Sample 41: 0.5575
 -- Sample 42: 0.4267
 -- Sample 43: 0.4229
 -- Sample 44: 0.4543
 -- Sample 45: 0.4446
 -- Sample 46: 0.6340
 -- Sample 47: 0.6203
 -- Sample 48: 0.6102
 -- Sample 49: 0.6158
Mean=0.4866, Std=0.1387
------------------------------------------------------------------
    Evaluating Javier Santos (D3 N4)
Bias Error: using Single Component
Mean: 94.9515, Std: 10.5971
------------------------------------------------------------------
Magnitude Error: 
 -- Sample 0: mean=96.6480%; std=3.1879
 -- Sample 1: mean=96.7507%; std=2.7836
 -- Sample 2: mean=95.7223%; std=3.8153
 -- Sample 3: mean=95.6761%; std=3.6276
 -- Sample 4: mean=95.7696%; std=3.6149
 -- Sample 5: mean=95.6172%; std=3.7234
 -- Sample 6: mean=95.5217%; std=4.2059
 -- Sample 7: mean=95.5430%; std=4.1084
 -- Sample 8: mean=95.5641%; std=4.0562
 -- Sample 9: mean=95.2502%; std=4.5578
 -- Sample 10: mean=71.1369%; std=30.5063
 -- Sample 11: mean=71.8276%; std=29.2160
 -- Sample 12: mean=69.3661%; std=31.4867
 -- Sample 13: mean=70.0531%; std=30.1272
 -- Sample 14: mean=94.3014%; std=4.8724
 -- Sample 15: mean=94.1176%; std=5.1821
 -- Sample 16: mean=94.3712%; std=5.0235
 -- Sample 17: mean=94.5287%; std=4.8839
 -- Sample 18: mean=97.4548%; std=2.3302
 -- Sample 19: mean=97.3695%; std=2.3297
 -- Sample 20: mean=97.3797%; std=2.3877
 -- Sample 21: mean=97.4387%; std=2.3205
 -- Sample 22: mean=96.5877%; std=3.6811
 -- Sample 23: mean=96.4611%; std=3.6607
 -- Sample 24: mean=96.2755%; std=3.8256
 -- Sample 25: mean=96.3169%; std=3.7872
 -- Sample 26: mean=97.9170%; std=1.7512
 -- Sample 27: mean=97.9377%; std=1.7578
 -- Sample 28: mean=97.8060%; std=1.8646
 -- Sample 29: mean=97.8709%; std=1.8179
 -- Sample 30: mean=97.6283%; std=2.4337
 -- Sample 31: mean=97.5194%; std=2.5289
 -- Sample 32: mean=97.3578%; std=2.5880
 -- Sample 33: mean=97.5190%; std=2.5373
 -- Sample 34: mean=91.4105%; std=10.1405
 -- Sample 35: mean=91.9305%; std=9.5203
 -- Sample 36: mean=91.7868%; std=10.0688
 -- Sample 37: mean=91.1980%; std=10.2208
 -- Sample 38: mean=97.2674%; std=2.5642
 -- Sample 39: mean=97.1344%; std=2.6730
 -- Sample 40: mean=97.3393%; std=2.4669
 -- Sample 41: mean=97.2607%; std=2.5466
 -- Sample 42: mean=95.5940%; std=5.0654
 -- Sample 43: mean=95.2795%; std=5.0658
 -- Sample 44: mean=95.5358%; std=4.9549
 -- Sample 45: mean=95.5051%; std=4.9426
 -- Sample 46: mean=97.5753%; std=2.1758
 -- Sample 47: mean=97.6659%; std=2.0840
 -- Sample 48: mean=97.5512%; std=2.1453
 -- Sample 49: mean=97.6909%; std=2.0957
Mean: 94.0466%, Std: 7.1225%
------------------------------------------------------------------
Correlation comparison:
 -- Sample 0: 0.1861
 -- Sample 1: 0.2533
 -- Sample 2: 0.2849
 -- Sample 3: 0.3503
 -- Sample 4: 0.2969
 -- Sample 5: 0.3024
 -- Sample 6: 0.2205
 -- Sample 7: 0.2591
 -- Sample 8: 0.2517
 -- Sample 9: 0.2027
 -- Sample 10: -0.0208
 -- Sample 11: -0.0468
 -- Sample 12: 0.0200
 -- Sample 13: 0.0051
 -- Sample 14: 0.1947
 -- Sample 15: 0.2045
 -- Sample 16: 0.2085
 -- Sample 17: 0.2047
 -- Sample 18: 0.2366
 -- Sample 19: 0.2297
 -- Sample 20: 0.2410
 -- Sample 21: 0.2135
 -- Sample 22: 0.0909
 -- Sample 23: 0.1201
 -- Sample 24: 0.1190
 -- Sample 25: 0.0911
 -- Sample 26: 0.3169
 -- Sample 27: 0.2653
 -- Sample 28: 0.2499
 -- Sample 29: 0.2778
 -- Sample 30: 0.2159
 -- Sample 31: 0.2520
 -- Sample 32: 0.2283
 -- Sample 33: 0.1859
 -- Sample 34: 0.1185
 -- Sample 35: 0.1843
 -- Sample 36: 0.1618
 -- Sample 37: 0.1180
 -- Sample 38: 0.3886
 -- Sample 39: 0.3944
 -- Sample 40: 0.3519
 -- Sample 41: 0.3844
 -- Sample 42: 0.1416
 -- Sample 43: 0.2251
 -- Sample 44: 0.1980
 -- Sample 45: 0.2012
 -- Sample 46: 0.2788
 -- Sample 47: 0.2473
 -- Sample 48: 0.2897
 -- Sample 49: 0.2927
Mean=0.2138, Std=0.0976
------------------------------------------------------------------
    Evaluating Ko et al (D0 N4)
Bias Error: using Single Component
Mean: 146.2116, Std: 254.0479
------------------------------------------------------------------
Magnitude Error: 
 -- Sample 0: mean=34.3174%; std=28.5992
 -- Sample 1: mean=37.4631%; std=31.1956
 -- Sample 2: mean=118.1252%; std=101.9059
 -- Sample 3: mean=117.5156%; std=98.6860
 -- Sample 4: mean=131.0323%; std=118.7084
 -- Sample 5: mean=120.7920%; std=111.6575
 -- Sample 6: mean=84.3843%; std=95.1114
 -- Sample 7: mean=86.3502%; std=102.3579
 -- Sample 8: mean=96.3244%; std=99.5619
 -- Sample 9: mean=89.3038%; std=96.0848
 -- Sample 10: mean=422.3403%; std=463.3452
 -- Sample 11: mean=455.4789%; std=503.3522
 -- Sample 12: mean=468.2107%; std=533.0850
 -- Sample 13: mean=409.6356%; std=443.1664
 -- Sample 14: mean=136.9772%; std=96.3123
 -- Sample 15: mean=137.3683%; std=104.8195
 -- Sample 16: mean=137.1923%; std=99.0127
 -- Sample 17: mean=138.5462%; std=99.8649
 -- Sample 18: mean=40.9297%; std=21.4217
 -- Sample 19: mean=40.0760%; std=23.4382
 -- Sample 20: mean=39.5245%; std=21.9055
 -- Sample 21: mean=39.5217%; std=21.4249
 -- Sample 22: mean=63.3247%; std=64.3328
 -- Sample 23: mean=65.9291%; std=65.1200
 -- Sample 24: mean=68.6957%; std=73.2716
 -- Sample 25: mean=58.2234%; std=57.5470
 -- Sample 26: mean=30.3592%; std=22.3520
 -- Sample 27: mean=32.0908%; std=24.4588
 -- Sample 28: mean=35.3850%; std=25.7700
 -- Sample 29: mean=31.7670%; std=21.7541
 -- Sample 30: mean=27.3977%; std=22.4870
 -- Sample 31: mean=32.8785%; std=21.6179
 -- Sample 32: mean=29.6507%; std=22.6300
 -- Sample 33: mean=31.5497%; std=23.5785
 -- Sample 34: mean=191.6545%; std=160.8403
 -- Sample 35: mean=207.4764%; std=199.7060
 -- Sample 36: mean=195.5376%; std=157.7372
 -- Sample 37: mean=208.4918%; std=177.2734
 -- Sample 38: mean=34.6456%; std=40.0653
 -- Sample 39: mean=37.6277%; std=41.6940
 -- Sample 40: mean=35.8771%; std=47.1745
 -- Sample 41: mean=40.4854%; std=41.0549
 -- Sample 42: mean=99.5420%; std=102.7045
 -- Sample 43: mean=105.2543%; std=126.2889
 -- Sample 44: mean=100.6408%; std=113.4920
 -- Sample 45: mean=103.5416%; std=115.8776
 -- Sample 46: mean=52.8760%; std=42.9509
 -- Sample 47: mean=52.5553%; std=45.8014
 -- Sample 48: mean=50.8379%; std=40.8535
 -- Sample 49: mean=50.1860%; std=45.4702
Mean: 109.1178%, Std: 109.3084%
------------------------------------------------------------------
Correlation comparison:
 -- Sample 0: 0.8166
 -- Sample 1: 0.8305
 -- Sample 2: 0.7571
 -- Sample 3: 0.7643
 -- Sample 4: 0.7309
 -- Sample 5: 0.7403
 -- Sample 6: 0.7213
 -- Sample 7: 0.6909
 -- Sample 8: 0.7203
 -- Sample 9: 0.7105
 -- Sample 10: 0.0654
 -- Sample 11: 0.0233
 -- Sample 12: 0.0730
 -- Sample 13: 0.0773
 -- Sample 14: 0.7394
 -- Sample 15: 0.7208
 -- Sample 16: 0.7374
 -- Sample 17: 0.7536
 -- Sample 18: 0.8151
 -- Sample 19: 0.8178
 -- Sample 20: 0.8025
 -- Sample 21: 0.8195
 -- Sample 22: 0.7506
 -- Sample 23: 0.7355
 -- Sample 24: 0.7360
 -- Sample 25: 0.7502
 -- Sample 26: 0.8804
 -- Sample 27: 0.8653
 -- Sample 28: 0.8432
 -- Sample 29: 0.8730
 -- Sample 30: 0.8968
 -- Sample 31: 0.8695
 -- Sample 32: 0.8934
 -- Sample 33: 0.8821
 -- Sample 34: 0.7222
 -- Sample 35: 0.6985
 -- Sample 36: 0.7186
 -- Sample 37: 0.7214
 -- Sample 38: 0.9023
 -- Sample 39: 0.9103
 -- Sample 40: 0.8961
 -- Sample 41: 0.8859
 -- Sample 42: 0.7820
 -- Sample 43: 0.7243
 -- Sample 44: 0.7400
 -- Sample 45: 0.7401
 -- Sample 46: 0.9181
 -- Sample 47: 0.9170
 -- Sample 48: 0.9122
 -- Sample 49: 0.9131
Mean=0.7401, Std=0.2132
------------------------------------------------------------------
    Evaluating Ko et al (D1 N4)
Bias Error: using Single Component
Mean: 40.3631, Std: 18.5312
------------------------------------------------------------------
Magnitude Error: 
 -- Sample 0: mean=62.3291%; std=12.6177
 -- Sample 1: mean=64.9618%; std=14.1073
 -- Sample 2: mean=42.2371%; std=23.8597
 -- Sample 3: mean=38.4671%; std=24.7267
 -- Sample 4: mean=42.9675%; std=24.3784
 -- Sample 5: mean=42.3928%; std=22.3250
 -- Sample 6: mean=65.9321%; std=18.0922
 -- Sample 7: mean=59.1807%; std=19.8614
 -- Sample 8: mean=59.0002%; std=25.0058
 -- Sample 9: mean=62.8467%; std=23.5526
 -- Sample 10: mean=69.3814%; std=31.6261
 -- Sample 11: mean=66.3095%; std=27.5158
 -- Sample 12: mean=66.2506%; std=28.8106
 -- Sample 13: mean=68.7478%; std=27.5371
 -- Sample 14: mean=47.5463%; std=38.0439
 -- Sample 15: mean=42.4101%; std=38.9531
 -- Sample 16: mean=56.1978%; std=44.1587
 -- Sample 17: mean=49.5386%; std=39.3672
 -- Sample 18: mean=44.0743%; std=20.8290
 -- Sample 19: mean=46.4603%; std=19.1284
 -- Sample 20: mean=48.2616%; std=21.1712
 -- Sample 21: mean=44.3118%; std=23.9414
 -- Sample 22: mean=57.3362%; std=22.2763
 -- Sample 23: mean=52.1877%; std=22.6968
 -- Sample 24: mean=49.2984%; std=21.8481
 -- Sample 25: mean=57.2468%; std=20.0898
 -- Sample 26: mean=66.4948%; std=15.6180
 -- Sample 27: mean=66.5765%; std=15.7646
 -- Sample 28: mean=72.2309%; std=16.2371
 -- Sample 29: mean=69.2600%; std=16.1507
 -- Sample 30: mean=63.2463%; std=13.9941
 -- Sample 31: mean=58.2537%; std=16.4664
 -- Sample 32: mean=65.6121%; std=14.6261
 -- Sample 33: mean=70.4349%; std=12.5655
 -- Sample 34: mean=51.7960%; std=27.1133
 -- Sample 35: mean=37.5102%; std=21.7811
 -- Sample 36: mean=32.3196%; std=20.4655
 -- Sample 37: mean=45.4655%; std=22.5180
 -- Sample 38: mean=37.1402%; std=14.7004
 -- Sample 39: mean=35.9327%; std=17.4986
 -- Sample 40: mean=34.3252%; std=17.4487
 -- Sample 41: mean=32.8945%; std=16.7139
 -- Sample 42: mean=37.7902%; std=22.3446
 -- Sample 43: mean=42.6804%; std=22.2838
 -- Sample 44: mean=48.6227%; std=23.3301
 -- Sample 45: mean=42.1638%; std=20.0964
 -- Sample 46: mean=21.9546%; std=17.6329
 -- Sample 47: mean=22.3714%; std=18.4971
 -- Sample 48: mean=18.9222%; std=16.9653
 -- Sample 49: mean=21.9095%; std=17.8950
Mean: 50.0357%, Std: 14.2100%
------------------------------------------------------------------
Correlation comparison:
 -- Sample 0: 0.9340
 -- Sample 1: 0.9160
 -- Sample 2: 0.7910
 -- Sample 3: 0.8125
 -- Sample 4: 0.7833
 -- Sample 5: 0.8160
 -- Sample 6: 0.8206
 -- Sample 7: 0.7518
 -- Sample 8: 0.7343
 -- Sample 9: 0.7332
 -- Sample 10: 0.1398
 -- Sample 11: 0.0063
 -- Sample 12: 0.0594
 -- Sample 13: 0.1687
 -- Sample 14: 0.8489
 -- Sample 15: 0.8455
 -- Sample 16: 0.7935
 -- Sample 17: 0.8455
 -- Sample 18: 0.9259
 -- Sample 19: 0.9361
 -- Sample 20: 0.9201
 -- Sample 21: 0.9066
 -- Sample 22: 0.7990
 -- Sample 23: 0.8201
 -- Sample 24: 0.8533
 -- Sample 25: 0.7932
 -- Sample 26: 0.8690
 -- Sample 27: 0.8309
 -- Sample 28: 0.7821
 -- Sample 29: 0.8703
 -- Sample 30: 0.9244
 -- Sample 31: 0.9258
 -- Sample 32: 0.9090
 -- Sample 33: 0.8986
 -- Sample 34: 0.8823
 -- Sample 35: 0.9261
 -- Sample 36: 0.9376
 -- Sample 37: 0.8908
 -- Sample 38: 0.9757
 -- Sample 39: 0.9706
 -- Sample 40: 0.9715
 -- Sample 41: 0.9686
 -- Sample 42: 0.8877
 -- Sample 43: 0.8740
 -- Sample 44: 0.8142
 -- Sample 45: 0.8755
 -- Sample 46: 0.9744
 -- Sample 47: 0.9763
 -- Sample 48: 0.9787
 -- Sample 49: 0.9746
Mean=0.8129, Std=0.2233
------------------------------------------------------------------
    Evaluating Ko et al (D2 N4)
Bias Error: using Single Component
Mean: 32.1335, Std: 48.6227
------------------------------------------------------------------
Magnitude Error: 
 -- Sample 0: mean=26.9146%; std=19.5076
 -- Sample 1: mean=27.0865%; std=18.2973
 -- Sample 2: mean=19.1169%; std=15.5437
 -- Sample 3: mean=19.3948%; std=15.6391
 -- Sample 4: mean=17.1711%; std=15.2129
 -- Sample 5: mean=19.1931%; std=13.9009
 -- Sample 6: mean=19.4115%; std=13.3924
 -- Sample 7: mean=19.5530%; std=15.5286
 -- Sample 8: mean=26.4633%; std=20.5858
 -- Sample 9: mean=22.5984%; std=18.9223
 -- Sample 10: mean=46.0523%; std=47.6625
 -- Sample 11: mean=40.0232%; std=26.3936
 -- Sample 12: mean=37.8974%; std=28.6706
 -- Sample 13: mean=34.9821%; std=29.5256
 -- Sample 14: mean=63.4498%; std=45.2492
 -- Sample 15: mean=53.4385%; std=44.0823
 -- Sample 16: mean=62.7573%; std=48.3061
 -- Sample 17: mean=58.5312%; std=46.3848
 -- Sample 18: mean=32.5239%; std=21.3923
 -- Sample 19: mean=31.2836%; std=21.0546
 -- Sample 20: mean=33.7363%; std=18.1159
 -- Sample 21: mean=32.7953%; std=19.0403
 -- Sample 22: mean=31.3571%; std=18.8348
 -- Sample 23: mean=37.6049%; std=21.0356
 -- Sample 24: mean=32.3845%; std=19.4993
 -- Sample 25: mean=28.6473%; std=15.4960
 -- Sample 26: mean=28.9466%; std=12.9958
 -- Sample 27: mean=25.9173%; std=13.7618
 -- Sample 28: mean=28.3281%; std=15.5993
 -- Sample 29: mean=28.1980%; std=11.7067
 -- Sample 30: mean=30.3967%; std=18.0567
 -- Sample 31: mean=26.4039%; std=18.0114
 -- Sample 32: mean=31.7393%; std=19.6821
 -- Sample 33: mean=30.6336%; std=18.0180
 -- Sample 34: mean=37.8307%; std=24.1437
 -- Sample 35: mean=41.9914%; std=22.1427
 -- Sample 36: mean=34.3612%; std=24.7382
 -- Sample 37: mean=33.5257%; std=21.2223
 -- Sample 38: mean=26.6751%; std=20.1840
 -- Sample 39: mean=26.2762%; std=18.3398
 -- Sample 40: mean=28.0708%; std=19.1224
 -- Sample 41: mean=30.6369%; std=20.0890
 -- Sample 42: mean=26.6646%; std=30.3195
 -- Sample 43: mean=26.8921%; std=34.4038
 -- Sample 44: mean=23.2354%; std=26.4238
 -- Sample 45: mean=23.7238%; std=26.2726
 -- Sample 46: mean=28.2953%; std=19.1335
 -- Sample 47: mean=28.4323%; std=18.5033
 -- Sample 48: mean=26.0877%; std=19.1896
 -- Sample 49: mean=29.0206%; std=22.7600
Mean: 31.5330%, Std: 10.2298%
------------------------------------------------------------------
Correlation comparison:
 -- Sample 0: 0.9024
 -- Sample 1: 0.9103
 -- Sample 2: 0.9537
 -- Sample 3: 0.9551
 -- Sample 4: 0.9653
 -- Sample 5: 0.9660
 -- Sample 6: 0.9621
 -- Sample 7: 0.9541
 -- Sample 8: 0.9528
 -- Sample 9: 0.9525
 -- Sample 10: 0.2934
 -- Sample 11: 0.6082
 -- Sample 12: 0.4874
 -- Sample 13: 0.4366
 -- Sample 14: 0.9301
 -- Sample 15: 0.9334
 -- Sample 16: 0.9325
 -- Sample 17: 0.9160
 -- Sample 18: 0.9181
 -- Sample 19: 0.9173
 -- Sample 20: 0.9367
 -- Sample 21: 0.9323
 -- Sample 22: 0.9591
 -- Sample 23: 0.9147
 -- Sample 24: 0.9377
 -- Sample 25: 0.9710
 -- Sample 26: 0.9701
 -- Sample 27: 0.9763
 -- Sample 28: 0.9661
 -- Sample 29: 0.9768
 -- Sample 30: 0.9519
 -- Sample 31: 0.9491
 -- Sample 32: 0.9380
 -- Sample 33: 0.9363
 -- Sample 34: 0.9096
 -- Sample 35: 0.9015
 -- Sample 36: 0.9365
 -- Sample 37: 0.9369
 -- Sample 38: 0.9574
 -- Sample 39: 0.9613
 -- Sample 40: 0.9542
 -- Sample 41: 0.9494
 -- Sample 42: 0.9515
 -- Sample 43: 0.9469
 -- Sample 44: 0.9669
 -- Sample 45: 0.9561
 -- Sample 46: 0.9343
 -- Sample 47: 0.9358
 -- Sample 48: 0.9431
 -- Sample 49: 0.9413
Mean=0.9049, Std=0.1373
------------------------------------------------------------------
    Evaluating Ko et al (D3 N4)
Bias Error: using Single Component
Mean: 36.4352, Std: 60.1565
------------------------------------------------------------------
Magnitude Error: 
 -- Sample 0: mean=15.8519%; std=14.4724
 -- Sample 1: mean=19.7570%; std=14.4572
 -- Sample 2: mean=22.0426%; std=17.0318
 -- Sample 3: mean=20.5525%; std=15.7853
 -- Sample 4: mean=19.9820%; std=16.1769
 -- Sample 5: mean=22.1425%; std=17.5288
 -- Sample 6: mean=20.7126%; std=14.2895
 -- Sample 7: mean=22.7403%; std=18.6481
 -- Sample 8: mean=26.3975%; std=22.8718
 -- Sample 9: mean=22.8507%; std=17.0595
 -- Sample 10: mean=58.6532%; std=50.6961
 -- Sample 11: mean=58.7057%; std=45.1300
 -- Sample 12: mean=63.0736%; std=59.1281
 -- Sample 13: mean=69.8306%; std=78.9994
 -- Sample 14: mean=39.8380%; std=34.0978
 -- Sample 15: mean=53.2738%; std=42.6345
 -- Sample 16: mean=55.4895%; std=48.3420
 -- Sample 17: mean=47.2558%; std=42.1183
 -- Sample 18: mean=26.4760%; std=17.7979
 -- Sample 19: mean=29.0554%; std=15.3124
 -- Sample 20: mean=28.1544%; std=15.6913
 -- Sample 21: mean=29.3545%; std=17.0777
 -- Sample 22: mean=35.1599%; std=20.8968
 -- Sample 23: mean=35.3804%; std=20.8746
 -- Sample 24: mean=31.3767%; std=21.3712
 -- Sample 25: mean=34.6415%; std=19.4636
 -- Sample 26: mean=25.7192%; std=14.7684
 -- Sample 27: mean=25.3819%; std=16.5840
 -- Sample 28: mean=26.5464%; std=14.3260
 -- Sample 29: mean=24.6873%; std=13.4418
 -- Sample 30: mean=37.7998%; std=22.6509
 -- Sample 31: mean=32.6884%; std=22.8937
 -- Sample 32: mean=37.8746%; std=21.4741
 -- Sample 33: mean=39.9984%; std=21.8386
 -- Sample 34: mean=34.6489%; std=21.7258
 -- Sample 35: mean=39.4493%; std=22.0245
 -- Sample 36: mean=36.2567%; std=21.0173
 -- Sample 37: mean=32.5528%; std=21.3062
 -- Sample 38: mean=28.9368%; std=20.0970
 -- Sample 39: mean=31.3863%; std=22.1809
 -- Sample 40: mean=28.0706%; std=21.2022
 -- Sample 41: mean=29.9048%; std=20.4784
 -- Sample 42: mean=23.9213%; std=21.3520
 -- Sample 43: mean=23.3706%; std=20.0234
 -- Sample 44: mean=22.3896%; std=17.7130
 -- Sample 45: mean=20.6101%; std=20.0752
 -- Sample 46: mean=24.3913%; std=18.4289
 -- Sample 47: mean=24.0207%; std=18.7007
 -- Sample 48: mean=24.7970%; std=20.4467
 -- Sample 49: mean=24.1660%; std=19.7661
Mean: 32.1664%, Std: 12.1853%
------------------------------------------------------------------
Correlation comparison:
 -- Sample 0: 0.9613
 -- Sample 1: 0.9515
 -- Sample 2: 0.9455
 -- Sample 3: 0.9579
 -- Sample 4: 0.9567
 -- Sample 5: 0.9434
 -- Sample 6: 0.9529
 -- Sample 7: 0.9370
 -- Sample 8: 0.9218
 -- Sample 9: 0.9393
 -- Sample 10: 0.3062
 -- Sample 11: 0.2946
 -- Sample 12: 0.2740
 -- Sample 13: 0.3514
 -- Sample 14: 0.9476
 -- Sample 15: 0.9386
 -- Sample 16: 0.9296
 -- Sample 17: 0.9318
 -- Sample 18: 0.9534
 -- Sample 19: 0.9618
 -- Sample 20: 0.9622
 -- Sample 21: 0.9585
 -- Sample 22: 0.9256
 -- Sample 23: 0.9127
 -- Sample 24: 0.9404
 -- Sample 25: 0.9348
 -- Sample 26: 0.9748
 -- Sample 27: 0.9671
 -- Sample 28: 0.9689
 -- Sample 29: 0.9762
 -- Sample 30: 0.9022
 -- Sample 31: 0.9190
 -- Sample 32: 0.9109
 -- Sample 33: 0.9136
 -- Sample 34: 0.9320
 -- Sample 35: 0.9029
 -- Sample 36: 0.9304
 -- Sample 37: 0.9404
 -- Sample 38: 0.9500
 -- Sample 39: 0.9477
 -- Sample 40: 0.9641
 -- Sample 41: 0.9489
 -- Sample 42: 0.9640
 -- Sample 43: 0.9489
 -- Sample 44: 0.9568
 -- Sample 45: 0.9621
 -- Sample 46: 0.9739
 -- Sample 47: 0.9723
 -- Sample 48: 0.9739
 -- Sample 49: 0.9746
Mean=0.8953, Std=0.1749
------------------------------------------------------------------
    Evaluating Ko et al (D3 N0)
Bias Error: using Single Component
Mean: 45.3734, Std: 69.0088
------------------------------------------------------------------
Magnitude Error: 
 -- Sample 0: mean=19.1043%; std=12.2629
 -- Sample 1: mean=34.7126%; std=15.3560
 -- Sample 2: mean=28.5917%; std=26.8892
 -- Sample 3: mean=32.9559%; std=26.7611
 -- Sample 4: mean=40.6490%; std=37.5815
 -- Sample 5: mean=29.8206%; std=31.6612
 -- Sample 6: mean=30.3409%; std=20.0048
 -- Sample 7: mean=30.9613%; std=20.5611
 -- Sample 8: mean=35.0001%; std=31.2367
 -- Sample 9: mean=24.3924%; std=17.7542
 -- Sample 10: mean=69.3694%; std=70.5714
 -- Sample 11: mean=55.7470%; std=54.0907
 -- Sample 12: mean=123.7759%; std=119.3622
 -- Sample 13: mean=63.8947%; std=74.9002
 -- Sample 14: mean=64.3508%; std=54.8067
 -- Sample 15: mean=73.6798%; std=56.4645
 -- Sample 16: mean=61.4103%; std=50.1280
 -- Sample 17: mean=65.3646%; std=52.4641
 -- Sample 18: mean=34.3099%; std=17.6030
 -- Sample 19: mean=31.6570%; std=17.9204
 -- Sample 20: mean=31.1511%; std=18.7034
 -- Sample 21: mean=35.3368%; std=16.5917
 -- Sample 22: mean=35.2784%; std=20.4921
 -- Sample 23: mean=39.3582%; std=19.4293
 -- Sample 24: mean=42.7904%; std=20.7638
 -- Sample 25: mean=36.9383%; std=20.3336
 -- Sample 26: mean=46.8892%; std=17.1668
 -- Sample 27: mean=44.4961%; std=17.5951
 -- Sample 28: mean=44.7020%; std=18.1462
 -- Sample 29: mean=44.2175%; std=18.0085
 -- Sample 30: mean=36.3046%; std=21.2095
 -- Sample 31: mean=48.3270%; std=17.0197
 -- Sample 32: mean=40.6130%; std=20.4651
 -- Sample 33: mean=33.4342%; std=17.7415
 -- Sample 34: mean=34.1886%; std=26.5445
 -- Sample 35: mean=40.1290%; std=25.2937
 -- Sample 36: mean=37.9572%; std=25.4750
 -- Sample 37: mean=38.0383%; std=30.7393
 -- Sample 38: mean=35.7730%; std=24.7850
 -- Sample 39: mean=30.0106%; std=23.2102
 -- Sample 40: mean=39.2550%; std=26.4996
 -- Sample 41: mean=48.3657%; std=17.2541
 -- Sample 42: mean=34.2715%; std=29.8054
 -- Sample 43: mean=40.1084%; std=32.3169
 -- Sample 44: mean=34.3374%; std=25.2053
 -- Sample 45: mean=25.9077%; std=21.1537
 -- Sample 46: mean=27.4216%; std=26.7831
 -- Sample 47: mean=24.6636%; std=20.7295
 -- Sample 48: mean=22.3407%; std=20.4560
 -- Sample 49: mean=24.1198%; std=22.7574
Mean: 40.9363%, Std: 17.0903%
------------------------------------------------------------------
Correlation comparison:
 -- Sample 0: 0.9751
 -- Sample 1: 0.9283
 -- Sample 2: 0.9118
 -- Sample 3: 0.8652
 -- Sample 4: 0.8844
 -- Sample 5: 0.9070
 -- Sample 6: 0.9238
 -- Sample 7: 0.9217
 -- Sample 8: 0.8388
 -- Sample 9: 0.9414
 -- Sample 10: 0.2479
 -- Sample 11: 0.1856
 -- Sample 12: 0.2318
 -- Sample 13: 0.3164
 -- Sample 14: 0.8108
 -- Sample 15: 0.8883
 -- Sample 16: 0.8467
 -- Sample 17: 0.7849
 -- Sample 18: 0.9449
 -- Sample 19: 0.9208
 -- Sample 20: 0.9105
 -- Sample 21: 0.9271
 -- Sample 22: 0.8691
 -- Sample 23: 0.9014
 -- Sample 24: 0.8497
 -- Sample 25: 0.9116
 -- Sample 26: 0.9419
 -- Sample 27: 0.9429
 -- Sample 28: 0.9135
 -- Sample 29: 0.9229
 -- Sample 30: 0.9084
 -- Sample 31: 0.9390
 -- Sample 32: 0.8340
 -- Sample 33: 0.9407
 -- Sample 34: 0.9305
 -- Sample 35: 0.8949
 -- Sample 36: 0.8800
 -- Sample 37: 0.9355
 -- Sample 38: 0.9353
 -- Sample 39: 0.9496
 -- Sample 40: 0.9141
 -- Sample 41: 0.9498
 -- Sample 42: 0.8714
 -- Sample 43: 0.8782
 -- Sample 44: 0.8681
 -- Sample 45: 0.8991
 -- Sample 46: 0.9606
 -- Sample 47: 0.9502
 -- Sample 48: 0.9708
 -- Sample 49: 0.9637
Mean=0.8548, Std=0.1846
------------------------------------------------------------------
    Evaluating Ko et al (D3 N1)
Bias Error: using Single Component
Mean: 36.4940, Std: 59.0980
------------------------------------------------------------------
Magnitude Error: 
 -- Sample 0: mean=22.7814%; std=17.8752
 -- Sample 1: mean=28.8208%; std=22.1365
 -- Sample 2: mean=23.8112%; std=18.8148
 -- Sample 3: mean=29.1646%; std=20.5285
 -- Sample 4: mean=24.0996%; std=25.1683
 -- Sample 5: mean=21.2423%; std=16.7137
 -- Sample 6: mean=23.3322%; std=17.9639
 -- Sample 7: mean=30.9324%; std=22.0918
 -- Sample 8: mean=28.4370%; std=22.7986
 -- Sample 9: mean=21.6829%; std=18.2588
 -- Sample 10: mean=80.9313%; std=79.5450
 -- Sample 11: mean=49.9574%; std=37.7721
 -- Sample 12: mean=80.7192%; std=81.0637
 -- Sample 13: mean=37.1144%; std=35.0475
 -- Sample 14: mean=51.8445%; std=47.0276
 -- Sample 15: mean=48.1799%; std=42.1380
 -- Sample 16: mean=43.3873%; std=35.8140
 -- Sample 17: mean=57.0082%; std=49.8122
 -- Sample 18: mean=29.3178%; std=17.5647
 -- Sample 19: mean=31.6078%; std=18.4136
 -- Sample 20: mean=33.2807%; std=18.5930
 -- Sample 21: mean=35.4836%; std=15.7217
 -- Sample 22: mean=34.6389%; std=19.2190
 -- Sample 23: mean=33.1546%; std=20.6450
 -- Sample 24: mean=36.9568%; std=23.7429
 -- Sample 25: mean=28.8574%; std=19.2858
 -- Sample 26: mean=41.1336%; std=15.8188
 -- Sample 27: mean=36.7957%; std=16.7722
 -- Sample 28: mean=38.2777%; std=19.9727
 -- Sample 29: mean=31.9775%; std=15.0472
 -- Sample 30: mean=34.8821%; std=23.1901
 -- Sample 31: mean=34.8252%; std=20.1781
 -- Sample 32: mean=33.5080%; std=22.7264
 -- Sample 33: mean=34.1469%; std=17.1066
 -- Sample 34: mean=32.1556%; std=24.2647
 -- Sample 35: mean=46.1317%; std=26.8348
 -- Sample 36: mean=31.2278%; std=21.8908
 -- Sample 37: mean=27.8481%; std=20.2820
 -- Sample 38: mean=36.0326%; std=23.3210
 -- Sample 39: mean=34.2170%; std=21.5075
 -- Sample 40: mean=35.9996%; std=20.9656
 -- Sample 41: mean=33.7497%; std=20.7735
 -- Sample 42: mean=30.4426%; std=32.7818
 -- Sample 43: mean=33.2090%; std=27.4126
 -- Sample 44: mean=27.1566%; std=25.2380
 -- Sample 45: mean=24.1293%; std=18.8421
 -- Sample 46: mean=31.3897%; std=26.5567
 -- Sample 47: mean=27.7171%; std=19.6604
 -- Sample 48: mean=22.0507%; std=20.6369
 -- Sample 49: mean=25.0644%; std=23.7071
Mean: 35.0163%, Std: 12.1340%
------------------------------------------------------------------
Correlation comparison:
 -- Sample 0: 0.9383
 -- Sample 1: 0.9132
 -- Sample 2: 0.9349
 -- Sample 3: 0.9070
 -- Sample 4: 0.9400
 -- Sample 5: 0.9579
 -- Sample 6: 0.9356
 -- Sample 7: 0.8961
 -- Sample 8: 0.8936
 -- Sample 9: 0.9438
 -- Sample 10: 0.3150
 -- Sample 11: 0.3298
 -- Sample 12: 0.2666
 -- Sample 13: 0.2559
 -- Sample 14: 0.8537
 -- Sample 15: 0.9207
 -- Sample 16: 0.8879
 -- Sample 17: 0.8452
 -- Sample 18: 0.9532
 -- Sample 19: 0.9480
 -- Sample 20: 0.9314
 -- Sample 21: 0.9438
 -- Sample 22: 0.9113
 -- Sample 23: 0.9369
 -- Sample 24: 0.9047
 -- Sample 25: 0.9232
 -- Sample 26: 0.9381
 -- Sample 27: 0.9448
 -- Sample 28: 0.9143
 -- Sample 29: 0.9500
 -- Sample 30: 0.9048
 -- Sample 31: 0.9408
 -- Sample 32: 0.8920
 -- Sample 33: 0.9580
 -- Sample 34: 0.9284
 -- Sample 35: 0.8865
 -- Sample 36: 0.9407
 -- Sample 37: 0.9494
 -- Sample 38: 0.9306
 -- Sample 39: 0.9586
 -- Sample 40: 0.9438
 -- Sample 41: 0.9520
 -- Sample 42: 0.9104
 -- Sample 43: 0.9088
 -- Sample 44: 0.9088
 -- Sample 45: 0.9350
 -- Sample 46: 0.9305
 -- Sample 47: 0.9394
 -- Sample 48: 0.9730
 -- Sample 49: 0.9449
Mean=0.8754, Std=0.1742
------------------------------------------------------------------
    Evaluating Ko et al (D3 N2)
Bias Error: using Single Component
Mean: 31.8542, Std: 37.4857
------------------------------------------------------------------
Magnitude Error: 
 -- Sample 0: mean=28.6859%; std=20.0094
 -- Sample 1: mean=24.2765%; std=19.4941
 -- Sample 2: mean=18.8102%; std=16.4124
 -- Sample 3: mean=25.2170%; std=19.9964
 -- Sample 4: mean=25.6045%; std=20.3191
 -- Sample 5: mean=16.4687%; std=14.4008
 -- Sample 6: mean=27.9517%; std=19.5001
 -- Sample 7: mean=24.8548%; std=20.9530
 -- Sample 8: mean=29.0738%; std=20.3060
 -- Sample 9: mean=20.3150%; std=16.2735
 -- Sample 10: mean=43.1895%; std=29.0257
 -- Sample 11: mean=45.5786%; std=38.4394
 -- Sample 12: mean=59.7193%; std=49.4182
 -- Sample 13: mean=52.0837%; std=32.6872
 -- Sample 14: mean=39.3942%; std=30.2769
 -- Sample 15: mean=39.2962%; std=36.3443
 -- Sample 16: mean=35.6511%; std=29.5185
 -- Sample 17: mean=34.0882%; std=31.3572
 -- Sample 18: mean=32.1909%; std=15.4708
 -- Sample 19: mean=30.1287%; std=16.2775
 -- Sample 20: mean=29.2511%; std=16.8534
 -- Sample 21: mean=31.6053%; std=18.0992
 -- Sample 22: mean=34.1964%; std=19.4770
 -- Sample 23: mean=34.7202%; std=20.3174
 -- Sample 24: mean=38.3959%; std=26.1558
 -- Sample 25: mean=30.4098%; std=17.5128
 -- Sample 26: mean=42.2559%; std=18.5088
 -- Sample 27: mean=39.2413%; std=15.3895
 -- Sample 28: mean=35.2837%; std=15.0274
 -- Sample 29: mean=31.8481%; std=14.0910
 -- Sample 30: mean=41.6899%; std=20.8207
 -- Sample 31: mean=35.3205%; std=24.2719
 -- Sample 32: mean=42.4362%; std=17.8560
 -- Sample 33: mean=40.4413%; std=18.0574
 -- Sample 34: mean=33.6055%; std=17.1269
 -- Sample 35: mean=37.4142%; std=27.7721
 -- Sample 36: mean=36.8910%; std=20.1566
 -- Sample 37: mean=38.7497%; std=24.3918
 -- Sample 38: mean=33.8303%; std=24.8679
 -- Sample 39: mean=41.1695%; std=21.6840
 -- Sample 40: mean=32.2749%; std=22.0160
 -- Sample 41: mean=34.1378%; std=18.1334
 -- Sample 42: mean=30.2895%; std=27.7834
 -- Sample 43: mean=33.5438%; std=32.9910
 -- Sample 44: mean=26.0079%; std=23.7312
 -- Sample 45: mean=27.6394%; std=24.5604
 -- Sample 46: mean=25.5512%; std=23.4141
 -- Sample 47: mean=23.5432%; std=18.7025
 -- Sample 48: mean=19.4650%; std=17.4092
 -- Sample 49: mean=21.3233%; std=22.8829
Mean: 33.1022%, Std: 8.3544%
------------------------------------------------------------------
Correlation comparison:
 -- Sample 0: 0.9030
 -- Sample 1: 0.9176
 -- Sample 2: 0.9515
 -- Sample 3: 0.9368
 -- Sample 4: 0.9371
 -- Sample 5: 0.9651
 -- Sample 6: 0.9193
 -- Sample 7: 0.9301
 -- Sample 8: 0.9209
 -- Sample 9: 0.9575
 -- Sample 10: 0.3072
 -- Sample 11: 0.5005
 -- Sample 12: 0.4160
 -- Sample 13: 0.1698
 -- Sample 14: 0.9091
 -- Sample 15: 0.9327
 -- Sample 16: 0.9540
 -- Sample 17: 0.9257
 -- Sample 18: 0.9492
 -- Sample 19: 0.9571
 -- Sample 20: 0.9647
 -- Sample 21: 0.9512
 -- Sample 22: 0.9057
 -- Sample 23: 0.9356
 -- Sample 24: 0.8952
 -- Sample 25: 0.9520
 -- Sample 26: 0.9375
 -- Sample 27: 0.9682
 -- Sample 28: 0.9518
 -- Sample 29: 0.9675
 -- Sample 30: 0.9092
 -- Sample 31: 0.8979
 -- Sample 32: 0.9373
 -- Sample 33: 0.9373
 -- Sample 34: 0.9333
 -- Sample 35: 0.8956
 -- Sample 36: 0.9208
 -- Sample 37: 0.9238
 -- Sample 38: 0.9517
 -- Sample 39: 0.9363
 -- Sample 40: 0.9309
 -- Sample 41: 0.9592
 -- Sample 42: 0.8961
 -- Sample 43: 0.9151
 -- Sample 44: 0.9346
 -- Sample 45: 0.9050
 -- Sample 46: 0.9454
 -- Sample 47: 0.9505
 -- Sample 48: 0.9730
 -- Sample 49: 0.9626
Mean=0.8881, Std=0.1643
------------------------------------------------------------------
    Evaluating Ko et al (D3 N3)
Bias Error: using Single Component
Mean: 31.5591, Std: 45.7332
------------------------------------------------------------------
Magnitude Error: 
 -- Sample 0: mean=27.5950%; std=18.5808
 -- Sample 1: mean=23.5459%; std=18.1196
 -- Sample 2: mean=19.3551%; std=16.4222
 -- Sample 3: mean=24.1786%; std=21.1185
 -- Sample 4: mean=19.1439%; std=14.0693
 -- Sample 5: mean=18.5491%; std=17.2423
 -- Sample 6: mean=24.5372%; std=19.8972
 -- Sample 7: mean=26.2917%; std=18.4698
 -- Sample 8: mean=27.8452%; std=15.9805
 -- Sample 9: mean=25.6391%; std=17.5944
 -- Sample 10: mean=38.7693%; std=26.9049
 -- Sample 11: mean=61.2551%; std=68.9249
 -- Sample 12: mean=41.3924%; std=38.1847
 -- Sample 13: mean=36.9436%; std=27.1531
 -- Sample 14: mean=40.9481%; std=37.8206
 -- Sample 15: mean=46.8822%; std=34.8167
 -- Sample 16: mean=40.7595%; std=35.0156
 -- Sample 17: mean=42.4546%; std=34.5452
 -- Sample 18: mean=31.8771%; std=18.4824
 -- Sample 19: mean=31.6545%; std=16.4090
 -- Sample 20: mean=30.3565%; std=16.9711
 -- Sample 21: mean=29.2585%; std=18.2119
 -- Sample 22: mean=31.2842%; std=18.5197
 -- Sample 23: mean=24.5555%; std=16.0224
 -- Sample 24: mean=30.3976%; std=17.0641
 -- Sample 25: mean=26.6176%; std=15.2203
 -- Sample 26: mean=32.6563%; std=13.9654
 -- Sample 27: mean=27.7107%; std=13.2926
 -- Sample 28: mean=32.2467%; std=18.3061
 -- Sample 29: mean=26.5989%; std=13.3504
 -- Sample 30: mean=43.0649%; std=20.3910
 -- Sample 31: mean=34.8315%; std=22.3014
 -- Sample 32: mean=45.2925%; std=18.4055
 -- Sample 33: mean=35.4208%; std=22.6874
 -- Sample 34: mean=33.3752%; std=23.6966
 -- Sample 35: mean=34.4781%; std=24.5993
 -- Sample 36: mean=29.2887%; std=22.7107
 -- Sample 37: mean=31.1619%; std=22.7349
 -- Sample 38: mean=38.5958%; std=23.5895
 -- Sample 39: mean=36.4142%; std=24.8878
 -- Sample 40: mean=29.7759%; std=22.1230
 -- Sample 41: mean=28.1813%; std=20.1567
 -- Sample 42: mean=32.0582%; std=30.0442
 -- Sample 43: mean=31.8353%; std=31.6159
 -- Sample 44: mean=23.4940%; std=24.0352
 -- Sample 45: mean=25.1926%; std=24.5625
 -- Sample 46: mean=26.3486%; std=27.9469
 -- Sample 47: mean=22.4674%; std=21.6052
 -- Sample 48: mean=23.4587%; std=19.9912
 -- Sample 49: mean=26.7515%; std=25.5174
Mean: 31.4557%, Std: 7.9958%
------------------------------------------------------------------
Correlation comparison:
 -- Sample 0: 0.9391
 -- Sample 1: 0.9479
 -- Sample 2: 0.9554
 -- Sample 3: 0.9403
 -- Sample 4: 0.9508
 -- Sample 5: 0.9482
 -- Sample 6: 0.9255
 -- Sample 7: 0.9237
 -- Sample 8: 0.9226
 -- Sample 9: 0.9360
 -- Sample 10: 0.2907
 -- Sample 11: 0.6143
 -- Sample 12: 0.3891
 -- Sample 13: 0.5318
 -- Sample 14: 0.9310
 -- Sample 15: 0.9502
 -- Sample 16: 0.9355
 -- Sample 17: 0.9255
 -- Sample 18: 0.9201
 -- Sample 19: 0.9505
 -- Sample 20: 0.9530
 -- Sample 21: 0.9402
 -- Sample 22: 0.9147
 -- Sample 23: 0.9706
 -- Sample 24: 0.9447
 -- Sample 25: 0.9562
 -- Sample 26: 0.9521
 -- Sample 27: 0.9803
 -- Sample 28: 0.9461
 -- Sample 29: 0.9693
 -- Sample 30: 0.9108
 -- Sample 31: 0.8945
 -- Sample 32: 0.9074
 -- Sample 33: 0.9066
 -- Sample 34: 0.9370
 -- Sample 35: 0.9373
 -- Sample 36: 0.9485
 -- Sample 37: 0.9256
 -- Sample 38: 0.9246
 -- Sample 39: 0.9332
 -- Sample 40: 0.9481
 -- Sample 41: 0.9537
 -- Sample 42: 0.9202
 -- Sample 43: 0.9028
 -- Sample 44: 0.9536
 -- Sample 45: 0.9536
 -- Sample 46: 0.9599
 -- Sample 47: 0.9683
 -- Sample 48: 0.9609
 -- Sample 49: 0.9634
Mean=0.9013, Std=0.1371
------------------------------------------------------------------
  Processing Batch 3 (Size: 28)...
    Evaluating Javier Santos (D0 N4)
Bias Error: using Single Component
Mean: 209.9002, Std: 108.6075
------------------------------------------------------------------
Magnitude Error: 
 -- Sample 0: mean=154.3201%; std=113.9121
 -- Sample 1: mean=161.4054%; std=115.2027
 -- Sample 2: mean=153.8390%; std=113.3967
 -- Sample 3: mean=164.0243%; std=121.8125
 -- Sample 4: mean=160.2489%; std=71.6194
 -- Sample 5: mean=156.2890%; std=74.6711
 -- Sample 6: mean=165.5984%; std=71.9208
 -- Sample 7: mean=160.1139%; std=70.5175
 -- Sample 8: mean=190.1658%; std=104.7625
 -- Sample 9: mean=189.2999%; std=107.1663
 -- Sample 10: mean=193.3403%; std=107.9354
 -- Sample 11: mean=193.2393%; std=112.3914
 -- Sample 12: mean=67.7846%; std=47.0615
 -- Sample 13: mean=75.6053%; std=49.5247
 -- Sample 14: mean=70.7446%; std=51.8399
 -- Sample 15: mean=76.2992%; std=51.5934
 -- Sample 16: mean=84.8124%; std=45.7313
 -- Sample 17: mean=83.1858%; std=41.1790
 -- Sample 18: mean=83.8236%; std=44.7122
 -- Sample 19: mean=82.9771%; std=43.0776
 -- Sample 20: mean=213.0375%; std=109.6258
 -- Sample 21: mean=227.5142%; std=105.3415
 -- Sample 22: mean=226.7013%; std=110.0775
 -- Sample 23: mean=222.4487%; std=101.2768
 -- Sample 24: mean=120.4724%; std=93.8252
 -- Sample 25: mean=125.8168%; std=100.8657
 -- Sample 26: mean=121.1614%; std=91.2981
 -- Sample 27: mean=125.4940%; std=97.8285
Mean: 144.6344%, Std: 50.9009%
------------------------------------------------------------------
Correlation comparison:
 -- Sample 0: 0.7606
 -- Sample 1: 0.7688
 -- Sample 2: 0.7482
 -- Sample 3: 0.7556
 -- Sample 4: 0.8837
 -- Sample 5: 0.8563
 -- Sample 6: 0.8862
 -- Sample 7: 0.8913
 -- Sample 8: 0.8175
 -- Sample 9: 0.8130
 -- Sample 10: 0.8101
 -- Sample 11: 0.8022
 -- Sample 12: 0.8770
 -- Sample 13: 0.8608
 -- Sample 14: 0.8535
 -- Sample 15: 0.8545
 -- Sample 16: 0.9332
 -- Sample 17: 0.9415
 -- Sample 18: 0.9277
 -- Sample 19: 0.9379
 -- Sample 20: 0.3372
 -- Sample 21: 0.4004
 -- Sample 22: 0.4128
 -- Sample 23: 0.3997
 -- Sample 24: 0.7923
 -- Sample 25: 0.7623
 -- Sample 26: 0.8059
 -- Sample 27: 0.7813
Mean=0.7740, Std=0.1679
------------------------------------------------------------------
    Evaluating Javier Santos (D1 N4)
Bias Error: using Single Component
Mean: 37.0116, Std: 9.8593
------------------------------------------------------------------
Magnitude Error: 
 -- Sample 0: mean=50.4955%; std=19.9324
 -- Sample 1: mean=50.5342%; std=19.4920
 -- Sample 2: mean=47.8357%; std=19.7262
 -- Sample 3: mean=49.7671%; std=20.3789
 -- Sample 4: mean=29.9489%; std=17.8300
 -- Sample 5: mean=30.6517%; std=17.6985
 -- Sample 6: mean=32.6657%; std=18.0931
 -- Sample 7: mean=31.5394%; std=17.2631
 -- Sample 8: mean=42.8156%; std=21.6543
 -- Sample 9: mean=41.1206%; std=22.0243
 -- Sample 10: mean=43.0467%; std=21.6814
 -- Sample 11: mean=41.9186%; std=22.0893
 -- Sample 12: mean=47.1282%; std=13.8340
 -- Sample 13: mean=45.3659%; std=15.0650
 -- Sample 14: mean=47.3885%; std=13.2375
 -- Sample 15: mean=48.5126%; std=13.2039
 -- Sample 16: mean=41.6046%; std=17.8229
 -- Sample 17: mean=41.0432%; std=18.1282
 -- Sample 18: mean=41.4844%; std=18.1778
 -- Sample 19: mean=39.6257%; std=18.0885
 -- Sample 20: mean=44.4361%; std=20.3871
 -- Sample 21: mean=40.3711%; std=20.4133
 -- Sample 22: mean=42.7042%; std=19.8760
 -- Sample 23: mean=37.2057%; std=19.0592
 -- Sample 24: mean=54.8805%; std=19.8336
 -- Sample 25: mean=53.6830%; std=18.8890
 -- Sample 26: mean=55.3606%; std=20.2344
 -- Sample 27: mean=54.8847%; std=18.5144
Mean: 43.8578%, Std: 7.0985%
------------------------------------------------------------------
Correlation comparison:
 -- Sample 0: 0.8829
 -- Sample 1: 0.8643
 -- Sample 2: 0.8739
 -- Sample 3: 0.8584
 -- Sample 4: 0.9161
 -- Sample 5: 0.9263
 -- Sample 6: 0.9178
 -- Sample 7: 0.9137
 -- Sample 8: 0.8470
 -- Sample 9: 0.8525
 -- Sample 10: 0.8454
 -- Sample 11: 0.8467
 -- Sample 12: 0.9558
 -- Sample 13: 0.9453
 -- Sample 14: 0.9516
 -- Sample 15: 0.9495
 -- Sample 16: 0.8993
 -- Sample 17: 0.9045
 -- Sample 18: 0.9037
 -- Sample 19: 0.9009
 -- Sample 20: 0.7924
 -- Sample 21: 0.8183
 -- Sample 22: 0.8243
 -- Sample 23: 0.8532
 -- Sample 24: 0.8755
 -- Sample 25: 0.9006
 -- Sample 26: 0.8684
 -- Sample 27: 0.8958
Mean=0.8851, Std=0.0415
------------------------------------------------------------------
    Evaluating Javier Santos (D2 N4)
Bias Error: using Single Component
Mean: 84.7668, Std: 5.7028
------------------------------------------------------------------
Magnitude Error: 
 -- Sample 0: mean=86.1911%; std=8.0648
 -- Sample 1: mean=86.4020%; std=8.1771
 -- Sample 2: mean=86.4424%; std=7.8986
 -- Sample 3: mean=86.0861%; std=7.8760
 -- Sample 4: mean=87.9345%; std=6.0376
 -- Sample 5: mean=87.8974%; std=6.1778
 -- Sample 6: mean=87.6349%; std=6.0261
 -- Sample 7: mean=87.5107%; std=6.0358
 -- Sample 8: mean=85.0766%; std=7.8699
 -- Sample 9: mean=84.8143%; std=7.4819
 -- Sample 10: mean=84.8415%; std=7.8642
 -- Sample 11: mean=85.1712%; std=8.0652
 -- Sample 12: mean=92.3366%; std=4.0097
 -- Sample 13: mean=92.2471%; std=3.7741
 -- Sample 14: mean=92.1444%; std=3.8179
 -- Sample 15: mean=92.2891%; std=3.7026
 -- Sample 16: mean=92.2703%; std=3.8107
 -- Sample 17: mean=92.2188%; std=4.0016
 -- Sample 18: mean=92.1818%; std=3.6326
 -- Sample 19: mean=92.1196%; std=4.0043
 -- Sample 20: mean=81.4928%; std=9.4347
 -- Sample 21: mean=81.1259%; std=9.8126
 -- Sample 22: mean=81.7406%; std=9.3927
 -- Sample 23: mean=81.5552%; std=9.4504
 -- Sample 24: mean=89.7560%; std=5.6557
 -- Sample 25: mean=90.2954%; std=5.5923
 -- Sample 26: mean=89.9001%; std=5.2336
 -- Sample 27: mean=90.0709%; std=5.1335
Mean: 87.8481%, Std: 3.6733%
------------------------------------------------------------------
Correlation comparison:
 -- Sample 0: 0.5433
 -- Sample 1: 0.5237
 -- Sample 2: 0.5322
 -- Sample 3: 0.5559
 -- Sample 4: 0.6097
 -- Sample 5: 0.5933
 -- Sample 6: 0.6130
 -- Sample 7: 0.6321
 -- Sample 8: 0.6240
 -- Sample 9: 0.6492
 -- Sample 10: 0.6295
 -- Sample 11: 0.6067
 -- Sample 12: 0.5817
 -- Sample 13: 0.6121
 -- Sample 14: 0.6053
 -- Sample 15: 0.6049
 -- Sample 16: 0.6316
 -- Sample 17: 0.6157
 -- Sample 18: 0.6585
 -- Sample 19: 0.6296
 -- Sample 20: 0.4664
 -- Sample 21: 0.4694
 -- Sample 22: 0.4707
 -- Sample 23: 0.4507
 -- Sample 24: 0.5640
 -- Sample 25: 0.5394
 -- Sample 26: 0.5664
 -- Sample 27: 0.5810
Mean=0.5771, Std=0.0575
------------------------------------------------------------------
    Evaluating Javier Santos (D3 N4)
Bias Error: using Single Component
Mean: 99.0964, Std: 0.8502
------------------------------------------------------------------
Magnitude Error: 
 -- Sample 0: mean=96.5366%; std=3.4793
 -- Sample 1: mean=96.6866%; std=3.3382
 -- Sample 2: mean=96.7474%; std=3.3246
 -- Sample 3: mean=96.7136%; std=3.4027
 -- Sample 4: mean=96.8814%; std=2.9272
 -- Sample 5: mean=96.8763%; std=2.9690
 -- Sample 6: mean=96.7158%; std=3.2199
 -- Sample 7: mean=96.7199%; std=2.9844
 -- Sample 8: mean=96.4203%; std=3.6406
 -- Sample 9: mean=96.4384%; std=3.6526
 -- Sample 10: mean=96.4421%; std=3.6981
 -- Sample 11: mean=96.5264%; std=3.6564
 -- Sample 12: mean=97.9349%; std=1.6049
 -- Sample 13: mean=97.9687%; std=1.5661
 -- Sample 14: mean=98.0016%; std=1.5073
 -- Sample 15: mean=98.0307%; std=1.6263
 -- Sample 16: mean=98.2133%; std=1.5829
 -- Sample 17: mean=98.0451%; std=1.6123
 -- Sample 18: mean=98.1076%; std=1.5322
 -- Sample 19: mean=98.0930%; std=1.6092
 -- Sample 20: mean=95.7015%; std=4.0108
 -- Sample 21: mean=95.7797%; std=4.0504
 -- Sample 22: mean=95.7478%; std=3.9663
 -- Sample 23: mean=95.9843%; std=3.6903
 -- Sample 24: mean=97.2157%; std=2.4041
 -- Sample 25: mean=97.3601%; std=2.2776
 -- Sample 26: mean=97.2010%; std=2.3875
 -- Sample 27: mean=97.1457%; std=2.4565
Mean: 97.0084%, Std: 0.7725%
------------------------------------------------------------------
Correlation comparison:
 -- Sample 0: 0.1286
 -- Sample 1: 0.1317
 -- Sample 2: 0.1257
 -- Sample 3: 0.1215
 -- Sample 4: 0.2472
 -- Sample 5: 0.2548
 -- Sample 6: 0.2077
 -- Sample 7: 0.2337
 -- Sample 8: 0.2194
 -- Sample 9: 0.2070
 -- Sample 10: 0.2065
 -- Sample 11: 0.2152
 -- Sample 12: 0.3545
 -- Sample 13: 0.3664
 -- Sample 14: 0.3669
 -- Sample 15: 0.3084
 -- Sample 16: 0.3641
 -- Sample 17: 0.3854
 -- Sample 18: 0.3588
 -- Sample 19: 0.3668
 -- Sample 20: 0.2365
 -- Sample 21: 0.2267
 -- Sample 22: 0.1553
 -- Sample 23: 0.2149
 -- Sample 24: 0.2968
 -- Sample 25: 0.3182
 -- Sample 26: 0.2726
 -- Sample 27: 0.2825
Mean=0.2562, Std=0.0814
------------------------------------------------------------------
    Evaluating Ko et al (D0 N4)
Bias Error: using Single Component
Mean: 62.8452, Std: 45.6259
------------------------------------------------------------------
Magnitude Error: 
 -- Sample 0: mean=49.5147%; std=39.8711
 -- Sample 1: mean=47.2986%; std=39.9108
 -- Sample 2: mean=47.6344%; std=43.8667
 -- Sample 3: mean=46.2205%; std=42.9592
 -- Sample 4: mean=54.9450%; std=42.4072
 -- Sample 5: mean=50.4991%; std=38.2989
 -- Sample 6: mean=57.5653%; std=42.1309
 -- Sample 7: mean=51.8060%; std=38.2413
 -- Sample 8: mean=102.6425%; std=78.3151
 -- Sample 9: mean=104.2166%; std=86.7263
 -- Sample 10: mean=102.5482%; std=86.8107
 -- Sample 11: mean=104.4670%; std=85.2022
 -- Sample 12: mean=35.4163%; std=23.7054
 -- Sample 13: mean=38.3671%; std=27.0281
 -- Sample 14: mean=34.3781%; std=25.4718
 -- Sample 15: mean=33.3766%; std=24.3458
 -- Sample 16: mean=36.1984%; std=30.5568
 -- Sample 17: mean=37.7435%; std=33.3792
 -- Sample 18: mean=39.7199%; std=35.6500
 -- Sample 19: mean=36.7057%; std=30.2608
 -- Sample 20: mean=70.8692%; std=56.0717
 -- Sample 21: mean=79.4938%; std=57.9170
 -- Sample 22: mean=76.6257%; std=60.3244
 -- Sample 23: mean=76.7984%; std=49.0959
 -- Sample 24: mean=69.4799%; std=53.1692
 -- Sample 25: mean=73.2610%; std=56.8944
 -- Sample 26: mean=69.5391%; std=54.4269
 -- Sample 27: mean=73.0680%; std=58.4645
Mean: 60.7285%, Std: 22.6675%
------------------------------------------------------------------
Correlation comparison:
 -- Sample 0: 0.8087
 -- Sample 1: 0.8049
 -- Sample 2: 0.8074
 -- Sample 3: 0.8035
 -- Sample 4: 0.8870
 -- Sample 5: 0.9097
 -- Sample 6: 0.8980
 -- Sample 7: 0.9051
 -- Sample 8: 0.8567
 -- Sample 9: 0.8289
 -- Sample 10: 0.8369
 -- Sample 11: 0.8385
 -- Sample 12: 0.8947
 -- Sample 13: 0.8767
 -- Sample 14: 0.8933
 -- Sample 15: 0.8912
 -- Sample 16: 0.9534
 -- Sample 17: 0.9534
 -- Sample 18: 0.9430
 -- Sample 19: 0.9581
 -- Sample 20: 0.5146
 -- Sample 21: 0.5749
 -- Sample 22: 0.5314
 -- Sample 23: 0.5697
 -- Sample 24: 0.7934
 -- Sample 25: 0.8199
 -- Sample 26: 0.8204
 -- Sample 27: 0.8284
Mean=0.8215, Std=0.1221
------------------------------------------------------------------
    Evaluating Ko et al (D1 N4)
Bias Error: using Single Component
Mean: 20.7165, Std: 7.5455
------------------------------------------------------------------
Magnitude Error: 
 -- Sample 0: mean=36.9473%; std=17.5406
 -- Sample 1: mean=36.8360%; std=18.1051
 -- Sample 2: mean=32.7120%; std=16.9566
 -- Sample 3: mean=33.3065%; std=17.8657
 -- Sample 4: mean=24.0492%; std=17.9270
 -- Sample 5: mean=23.2494%; std=17.3676
 -- Sample 6: mean=23.6243%; std=17.2216
 -- Sample 7: mean=23.7328%; std=17.3539
 -- Sample 8: mean=33.6184%; std=38.2929
 -- Sample 9: mean=39.3232%; std=44.0679
 -- Sample 10: mean=30.2761%; std=35.5805
 -- Sample 11: mean=30.3274%; std=33.0535
 -- Sample 12: mean=21.9729%; std=17.7437
 -- Sample 13: mean=27.8100%; std=18.9257
 -- Sample 14: mean=25.2125%; std=18.5039
 -- Sample 15: mean=24.3506%; std=18.0188
 -- Sample 16: mean=25.0152%; std=11.7157
 -- Sample 17: mean=23.3685%; std=14.1360
 -- Sample 18: mean=24.0478%; std=14.4142
 -- Sample 19: mean=26.3829%; std=14.6017
 -- Sample 20: mean=32.4552%; std=21.0383
 -- Sample 21: mean=27.8448%; std=20.2165
 -- Sample 22: mean=38.5159%; std=21.0953
 -- Sample 23: mean=36.9205%; std=23.0188
 -- Sample 24: mean=44.1137%; std=20.2353
 -- Sample 25: mean=42.4343%; std=18.6735
 -- Sample 26: mean=41.2825%; std=20.1603
 -- Sample 27: mean=41.7649%; std=19.3947
Mean: 31.1248%, Std: 6.8945%
------------------------------------------------------------------
Correlation comparison:
 -- Sample 0: 0.9356
 -- Sample 1: 0.9223
 -- Sample 2: 0.9419
 -- Sample 3: 0.9346
 -- Sample 4: 0.9218
 -- Sample 5: 0.9162
 -- Sample 6: 0.9175
 -- Sample 7: 0.9217
 -- Sample 8: 0.8759
 -- Sample 9: 0.8393
 -- Sample 10: 0.8849
 -- Sample 11: 0.8858
 -- Sample 12: 0.9205
 -- Sample 13: 0.9317
 -- Sample 14: 0.9313
 -- Sample 15: 0.9324
 -- Sample 16: 0.9775
 -- Sample 17: 0.9649
 -- Sample 18: 0.9662
 -- Sample 19: 0.9619
 -- Sample 20: 0.8986
 -- Sample 21: 0.9423
 -- Sample 22: 0.9073
 -- Sample 23: 0.8956
 -- Sample 24: 0.8024
 -- Sample 25: 0.8193
 -- Sample 26: 0.8276
 -- Sample 27: 0.8254
Mean=0.9072, Std=0.0463
------------------------------------------------------------------
    Evaluating Ko et al (D2 N4)
Bias Error: using Single Component
Mean: 15.4256, Std: 9.4603
------------------------------------------------------------------
Magnitude Error: 
 -- Sample 0: mean=21.6008%; std=12.6908
 -- Sample 1: mean=18.5498%; std=13.9617
 -- Sample 2: mean=20.8902%; std=13.7188
 -- Sample 3: mean=19.7993%; std=14.0307
 -- Sample 4: mean=28.4621%; std=20.9967
 -- Sample 5: mean=26.3835%; std=20.0989
 -- Sample 6: mean=22.9384%; std=15.7427
 -- Sample 7: mean=24.4425%; std=17.1937
 -- Sample 8: mean=23.8107%; std=22.7519
 -- Sample 9: mean=36.2496%; std=37.6988
 -- Sample 10: mean=31.5218%; std=25.5450
 -- Sample 11: mean=31.0674%; std=25.7266
 -- Sample 12: mean=20.6249%; std=14.1609
 -- Sample 13: mean=17.4234%; std=13.7618
 -- Sample 14: mean=18.2706%; std=14.5232
 -- Sample 15: mean=18.9112%; std=15.5449
 -- Sample 16: mean=21.9712%; std=20.4838
 -- Sample 17: mean=18.4601%; std=17.0712
 -- Sample 18: mean=19.3074%; std=17.0031
 -- Sample 19: mean=16.6249%; std=15.2550
 -- Sample 20: mean=31.7962%; std=24.6457
 -- Sample 21: mean=32.8968%; std=27.0136
 -- Sample 22: mean=35.7725%; std=26.0335
 -- Sample 23: mean=36.3899%; std=24.5253
 -- Sample 24: mean=23.9193%; std=18.7326
 -- Sample 25: mean=26.7908%; std=22.3539
 -- Sample 26: mean=24.4319%; std=19.6488
 -- Sample 27: mean=22.4781%; std=17.7574
Mean: 24.7066%, Std: 5.9739%
------------------------------------------------------------------
Correlation comparison:
 -- Sample 0: 0.9740
 -- Sample 1: 0.9762
 -- Sample 2: 0.9757
 -- Sample 3: 0.9664
 -- Sample 4: 0.9517
 -- Sample 5: 0.9534
 -- Sample 6: 0.9536
 -- Sample 7: 0.9613
 -- Sample 8: 0.9515
 -- Sample 9: 0.9218
 -- Sample 10: 0.9449
 -- Sample 11: 0.9483
 -- Sample 12: 0.9608
 -- Sample 13: 0.9660
 -- Sample 14: 0.9597
 -- Sample 15: 0.9577
 -- Sample 16: 0.9500
 -- Sample 17: 0.9687
 -- Sample 18: 0.9704
 -- Sample 19: 0.9749
 -- Sample 20: 0.9536
 -- Sample 21: 0.9430
 -- Sample 22: 0.9611
 -- Sample 23: 0.9534
 -- Sample 24: 0.9402
 -- Sample 25: 0.9199
 -- Sample 26: 0.9291
 -- Sample 27: 0.9455
Mean=0.9547, Std=0.0148
------------------------------------------------------------------
    Evaluating Ko et al (D3 N4)
Bias Error: using Single Component
Mean: 12.9315, Std: 8.9203
------------------------------------------------------------------
Magnitude Error: 
 -- Sample 0: mean=23.3565%; std=14.5688
 -- Sample 1: mean=21.4835%; std=14.6846
 -- Sample 2: mean=19.3329%; std=13.8472
 -- Sample 3: mean=18.3380%; std=13.6777
 -- Sample 4: mean=21.3269%; std=17.0857
 -- Sample 5: mean=18.8851%; std=14.3075
 -- Sample 6: mean=19.5216%; std=15.0071
 -- Sample 7: mean=22.5810%; std=17.4325
 -- Sample 8: mean=32.3508%; std=27.0093
 -- Sample 9: mean=35.3205%; std=31.0429
 -- Sample 10: mean=34.2026%; std=31.9084
 -- Sample 11: mean=31.0627%; std=23.6761
 -- Sample 12: mean=17.3022%; std=11.1330
 -- Sample 13: mean=15.5886%; std=12.2317
 -- Sample 14: mean=15.5201%; std=11.1483
 -- Sample 15: mean=16.6560%; std=10.7330
 -- Sample 16: mean=18.9910%; std=16.9478
 -- Sample 17: mean=18.8200%; std=17.8383
 -- Sample 18: mean=19.3703%; std=18.3003
 -- Sample 19: mean=20.7955%; std=16.4740
 -- Sample 20: mean=37.1357%; std=26.3782
 -- Sample 21: mean=35.7947%; std=23.9376
 -- Sample 22: mean=30.6292%; std=21.5756
 -- Sample 23: mean=32.2192%; std=21.0847
 -- Sample 24: mean=21.7786%; std=17.1646
 -- Sample 25: mean=19.6662%; std=15.0500
 -- Sample 26: mean=19.6084%; std=17.3846
 -- Sample 27: mean=22.7431%; std=17.4495
Mean: 23.5850%, Std: 6.6971%
------------------------------------------------------------------
Correlation comparison:
 -- Sample 0: 0.9754
 -- Sample 1: 0.9727
 -- Sample 2: 0.9757
 -- Sample 3: 0.9791
 -- Sample 4: 0.9558
 -- Sample 5: 0.9682
 -- Sample 6: 0.9714
 -- Sample 7: 0.9581
 -- Sample 8: 0.9428
 -- Sample 9: 0.9229
 -- Sample 10: 0.9236
 -- Sample 11: 0.9410
 -- Sample 12: 0.9579
 -- Sample 13: 0.9571
 -- Sample 14: 0.9652
 -- Sample 15: 0.9624
 -- Sample 16: 0.9610
 -- Sample 17: 0.9657
 -- Sample 18: 0.9582
 -- Sample 19: 0.9500
 -- Sample 20: 0.9250
 -- Sample 21: 0.9371
 -- Sample 22: 0.9301
 -- Sample 23: 0.9413
 -- Sample 24: 0.9367
 -- Sample 25: 0.9533
 -- Sample 26: 0.9508
 -- Sample 27: 0.9372
Mean=0.9527, Std=0.0163
------------------------------------------------------------------
    Evaluating Ko et al (D3 N0)
Bias Error: using Single Component
Mean: 14.5299, Std: 7.6432
------------------------------------------------------------------
Magnitude Error: 
 -- Sample 0: mean=27.9105%; std=17.3722
 -- Sample 1: mean=29.6567%; std=19.4546
 -- Sample 2: mean=37.0204%; std=21.2714
 -- Sample 3: mean=31.2605%; std=20.7930
 -- Sample 4: mean=25.1952%; std=19.4000
 -- Sample 5: mean=26.4036%; std=21.6835
 -- Sample 6: mean=30.4792%; std=20.5206
 -- Sample 7: mean=25.7912%; std=18.7007
 -- Sample 8: mean=32.9643%; std=26.5017
 -- Sample 9: mean=33.4122%; std=28.2702
 -- Sample 10: mean=37.9726%; std=40.1818
 -- Sample 11: mean=36.2535%; std=39.0135
 -- Sample 12: mean=23.0811%; std=17.5198
 -- Sample 13: mean=22.1272%; std=17.2210
 -- Sample 14: mean=21.0518%; std=15.4560
 -- Sample 15: mean=24.6407%; std=17.1732
 -- Sample 16: mean=25.0710%; std=22.7696
 -- Sample 17: mean=19.8352%; std=13.3622
 -- Sample 18: mean=18.2099%; std=14.4247
 -- Sample 19: mean=31.9225%; std=25.3674
 -- Sample 20: mean=33.5004%; std=24.8450
 -- Sample 21: mean=32.6604%; std=25.2778
 -- Sample 22: mean=28.1502%; std=22.0477
 -- Sample 23: mean=31.6226%; std=23.1743
 -- Sample 24: mean=35.8074%; std=21.6647
 -- Sample 25: mean=27.7902%; std=20.3355
 -- Sample 26: mean=25.9438%; std=18.7032
 -- Sample 27: mean=27.0904%; std=20.7230
Mean: 28.6723%, Std: 5.2131%
------------------------------------------------------------------
Correlation comparison:
 -- Sample 0: 0.9453
 -- Sample 1: 0.9222
 -- Sample 2: 0.8695
 -- Sample 3: 0.9042
 -- Sample 4: 0.9372
 -- Sample 5: 0.9091
 -- Sample 6: 0.8997
 -- Sample 7: 0.9510
 -- Sample 8: 0.9075
 -- Sample 9: 0.8972
 -- Sample 10: 0.8931
 -- Sample 11: 0.8830
 -- Sample 12: 0.9218
 -- Sample 13: 0.9128
 -- Sample 14: 0.9287
 -- Sample 15: 0.8972
 -- Sample 16: 0.9028
 -- Sample 17: 0.9579
 -- Sample 18: 0.9630
 -- Sample 19: 0.8626
 -- Sample 20: 0.8996
 -- Sample 21: 0.8445
 -- Sample 22: 0.9250
 -- Sample 23: 0.9066
 -- Sample 24: 0.8527
 -- Sample 25: 0.8807
 -- Sample 26: 0.9161
 -- Sample 27: 0.9259
Mean=0.9077, Std=0.0291
------------------------------------------------------------------
    Evaluating Ko et al (D3 N1)
Bias Error: using Single Component
Mean: 15.1139, Std: 8.9018
------------------------------------------------------------------
Magnitude Error: 
 -- Sample 0: mean=27.4221%; std=17.5365
 -- Sample 1: mean=26.9548%; std=17.7169
 -- Sample 2: mean=28.5030%; std=19.3052
 -- Sample 3: mean=25.0392%; std=18.0301
 -- Sample 4: mean=16.8997%; std=16.1701
 -- Sample 5: mean=24.8366%; std=18.2006
 -- Sample 6: mean=24.7750%; std=18.5565
 -- Sample 7: mean=25.3564%; std=20.4513
 -- Sample 8: mean=32.8545%; std=26.8392
 -- Sample 9: mean=38.2700%; std=35.2081
 -- Sample 10: mean=34.5052%; std=33.1130
 -- Sample 11: mean=39.7496%; std=41.6940
 -- Sample 12: mean=24.4163%; std=19.0130
 -- Sample 13: mean=23.6296%; std=20.5278
 -- Sample 14: mean=21.3341%; std=18.2568
 -- Sample 15: mean=23.2550%; std=19.0541
 -- Sample 16: mean=27.8632%; std=23.0155
 -- Sample 17: mean=19.7221%; std=22.4220
 -- Sample 18: mean=19.5794%; std=18.8708
 -- Sample 19: mean=21.2170%; std=19.6290
 -- Sample 20: mean=32.9094%; std=23.2071
 -- Sample 21: mean=36.4840%; std=31.7260
 -- Sample 22: mean=25.5646%; std=19.0416
 -- Sample 23: mean=25.7421%; std=20.8323
 -- Sample 24: mean=26.7881%; std=19.9717
 -- Sample 25: mean=34.3956%; std=21.6601
 -- Sample 26: mean=23.7665%; std=18.3634
 -- Sample 27: mean=36.1356%; std=24.0368
Mean: 27.4275%, Std: 5.9138%
------------------------------------------------------------------
Correlation comparison:
 -- Sample 0: 0.9405
 -- Sample 1: 0.9422
 -- Sample 2: 0.9243
 -- Sample 3: 0.9392
 -- Sample 4: 0.9700
 -- Sample 5: 0.9277
 -- Sample 6: 0.9300
 -- Sample 7: 0.9339
 -- Sample 8: 0.9291
 -- Sample 9: 0.8956
 -- Sample 10: 0.9143
 -- Sample 11: 0.8997
 -- Sample 12: 0.9049
 -- Sample 13: 0.8757
 -- Sample 14: 0.9186
 -- Sample 15: 0.9051
 -- Sample 16: 0.8810
 -- Sample 17: 0.9612
 -- Sample 18: 0.9703
 -- Sample 19: 0.9351
 -- Sample 20: 0.9061
 -- Sample 21: 0.8726
 -- Sample 22: 0.9430
 -- Sample 23: 0.9408
 -- Sample 24: 0.9044
 -- Sample 25: 0.8667
 -- Sample 26: 0.9207
 -- Sample 27: 0.8863
Mean=0.9192, Std=0.0276
------------------------------------------------------------------
    Evaluating Ko et al (D3 N2)
Bias Error: using Single Component
Mean: 14.3862, Std: 7.8282
------------------------------------------------------------------
Magnitude Error: 
 -- Sample 0: mean=25.6301%; std=15.0947
 -- Sample 1: mean=27.4532%; std=17.3587
 -- Sample 2: mean=28.7048%; std=16.8727
 -- Sample 3: mean=27.1187%; std=18.4998
 -- Sample 4: mean=19.2033%; std=13.2344
 -- Sample 5: mean=20.4244%; std=14.2243
 -- Sample 6: mean=17.2856%; std=12.6593
 -- Sample 7: mean=19.0378%; std=13.1664
 -- Sample 8: mean=23.0147%; std=17.3289
 -- Sample 9: mean=29.5795%; std=29.2691
 -- Sample 10: mean=31.0543%; std=27.5747
 -- Sample 11: mean=28.9589%; std=26.3046
 -- Sample 12: mean=26.4402%; std=20.7580
 -- Sample 13: mean=21.8290%; std=16.2586
 -- Sample 14: mean=22.7698%; std=16.8610
 -- Sample 15: mean=23.7612%; std=18.3753
 -- Sample 16: mean=20.4787%; std=16.1923
 -- Sample 17: mean=19.9119%; std=16.1754
 -- Sample 18: mean=20.8631%; std=16.6579
 -- Sample 19: mean=24.1835%; std=15.0102
 -- Sample 20: mean=30.8415%; std=21.6540
 -- Sample 21: mean=30.9060%; std=23.8500
 -- Sample 22: mean=25.5808%; std=19.6074
 -- Sample 23: mean=27.7120%; std=20.6350
 -- Sample 24: mean=21.6681%; std=17.6367
 -- Sample 25: mean=28.0561%; std=20.4459
 -- Sample 26: mean=23.2640%; std=16.8537
 -- Sample 27: mean=30.6527%; std=18.9446
Mean: 24.8708%, Std: 4.0789%
------------------------------------------------------------------
Correlation comparison:
 -- Sample 0: 0.9699
 -- Sample 1: 0.9533
 -- Sample 2: 0.9478
 -- Sample 3: 0.9362
 -- Sample 4: 0.9629
 -- Sample 5: 0.9535
 -- Sample 6: 0.9657
 -- Sample 7: 0.9535
 -- Sample 8: 0.9429
 -- Sample 9: 0.9326
 -- Sample 10: 0.9177
 -- Sample 11: 0.9280
 -- Sample 12: 0.8931
 -- Sample 13: 0.9376
 -- Sample 14: 0.9362
 -- Sample 15: 0.9185
 -- Sample 16: 0.9477
 -- Sample 17: 0.9488
 -- Sample 18: 0.9440
 -- Sample 19: 0.9439
 -- Sample 20: 0.9334
 -- Sample 21: 0.9264
 -- Sample 22: 0.9653
 -- Sample 23: 0.9422
 -- Sample 24: 0.9450
 -- Sample 25: 0.9201
 -- Sample 26: 0.9437
 -- Sample 27: 0.9154
Mean=0.9402, Std=0.0171
------------------------------------------------------------------
    Evaluating Ko et al (D3 N3)
Bias Error: using Single Component
Mean: 15.6689, Std: 9.8965
------------------------------------------------------------------
Magnitude Error: 
 -- Sample 0: mean=19.8458%; std=13.4765
 -- Sample 1: mean=22.6295%; std=14.5966
 -- Sample 2: mean=22.4903%; std=13.7528
 -- Sample 3: mean=23.8138%; std=12.4298
 -- Sample 4: mean=20.2018%; std=14.2185
 -- Sample 5: mean=22.0157%; std=18.1364
 -- Sample 6: mean=26.4009%; std=16.9358
 -- Sample 7: mean=28.3875%; std=16.8558
 -- Sample 8: mean=30.6786%; std=33.8608
 -- Sample 9: mean=27.8921%; std=26.2497
 -- Sample 10: mean=25.2028%; std=20.0413
 -- Sample 11: mean=34.1644%; std=33.1181
 -- Sample 12: mean=23.3516%; std=15.4154
 -- Sample 13: mean=20.5145%; std=16.5346
 -- Sample 14: mean=19.2952%; std=14.5791
 -- Sample 15: mean=21.8616%; std=17.0572
 -- Sample 16: mean=24.7324%; std=19.2168
 -- Sample 17: mean=26.0536%; std=22.8301
 -- Sample 18: mean=23.8903%; std=16.1682
 -- Sample 19: mean=21.9843%; std=18.8028
 -- Sample 20: mean=38.2038%; std=25.2081
 -- Sample 21: mean=44.2542%; std=31.3896
 -- Sample 22: mean=32.1896%; std=19.3008
 -- Sample 23: mean=34.9509%; std=24.9969
 -- Sample 24: mean=21.4038%; std=15.2303
 -- Sample 25: mean=23.3334%; std=18.1966
 -- Sample 26: mean=20.6941%; std=15.8977
 -- Sample 27: mean=22.8270%; std=19.7704
Mean: 25.8308%, Std: 5.9823%
------------------------------------------------------------------
Correlation comparison:
 -- Sample 0: 0.9764
 -- Sample 1: 0.9592
 -- Sample 2: 0.9739
 -- Sample 3: 0.9742
 -- Sample 4: 0.9568
 -- Sample 5: 0.9317
 -- Sample 6: 0.9265
 -- Sample 7: 0.9313
 -- Sample 8: 0.9132
 -- Sample 9: 0.9360
 -- Sample 10: 0.9656
 -- Sample 11: 0.9153
 -- Sample 12: 0.9374
 -- Sample 13: 0.9326
 -- Sample 14: 0.9445
 -- Sample 15: 0.9138
 -- Sample 16: 0.9187
 -- Sample 17: 0.9177
 -- Sample 18: 0.9301
 -- Sample 19: 0.9269
 -- Sample 20: 0.9587
 -- Sample 21: 0.9154
 -- Sample 22: 0.9651
 -- Sample 23: 0.9451
 -- Sample 24: 0.9491
 -- Sample 25: 0.9528
 -- Sample 26: 0.9609
 -- Sample 27: 0.9297
Mean=0.9414, Std=0.0198
------------------------------------------------------------------

Processing Dataset: Cylindrical Pores
Considering 120 samples from ../NN_Datasets_Grad_Dist_40_5_55/Test_Silveira_CylinPore_SAug_DNorm.h5.
  Processing Batch 1 (Size: 50)...
    Evaluating Javier Santos (D0 N4)
Bias Error: using Single Component
Mean: 383.6115, Std: 317.7578
------------------------------------------------------------------
Magnitude Error: 
 -- Sample 0: mean=84.0505%; std=70.1930
 -- Sample 1: mean=86.3513%; std=72.4735
 -- Sample 2: mean=86.1552%; std=76.3186
 -- Sample 3: mean=89.1352%; std=71.0590
 -- Sample 4: mean=92.2943%; std=104.0018
 -- Sample 5: mean=98.2188%; std=109.8904
 -- Sample 6: mean=97.6629%; std=92.8365
 -- Sample 7: mean=100.8940%; std=115.9469
 -- Sample 8: mean=174.6138%; std=147.9646
 -- Sample 9: mean=181.9698%; std=151.8045
 -- Sample 10: mean=155.5721%; std=133.1194
 -- Sample 11: mean=174.6411%; std=142.1827
 -- Sample 12: mean=170.7363%; std=179.7595
 -- Sample 13: mean=158.0498%; std=158.0537
 -- Sample 14: mean=160.1430%; std=169.4243
 -- Sample 15: mean=154.7774%; std=157.1476
 -- Sample 16: mean=214.6272%; std=169.6006
 -- Sample 17: mean=215.9520%; std=182.3829
 -- Sample 18: mean=186.6561%; std=181.4444
 -- Sample 19: mean=219.2491%; std=191.6053
 -- Sample 20: mean=127.8597%; std=113.6267
 -- Sample 21: mean=116.2628%; std=101.2854
 -- Sample 22: mean=126.0653%; std=114.8145
 -- Sample 23: mean=122.6222%; std=110.7489
 -- Sample 24: mean=24.8257%; std=17.4600
 -- Sample 25: mean=28.2392%; std=19.3625
 -- Sample 26: mean=26.0815%; std=19.3832
 -- Sample 27: mean=27.6448%; std=20.9047
 -- Sample 28: mean=205.6829%; std=255.4331
 -- Sample 29: mean=222.9294%; std=213.7172
 -- Sample 30: mean=197.0444%; std=255.4545
 -- Sample 31: mean=202.5869%; std=209.6262
 -- Sample 32: mean=159.0885%; std=121.1594
 -- Sample 33: mean=221.5199%; std=155.7478
 -- Sample 34: mean=179.7467%; std=131.9146
 -- Sample 35: mean=202.4188%; std=160.4679
 -- Sample 36: mean=121.7776%; std=81.2220
 -- Sample 37: mean=125.8506%; std=85.6454
 -- Sample 38: mean=125.6447%; std=89.3535
 -- Sample 39: mean=127.0123%; std=85.9121
 -- Sample 40: mean=249.1391%; std=150.6179
 -- Sample 41: mean=262.9996%; std=190.2623
 -- Sample 42: mean=258.6129%; std=167.4873
 -- Sample 43: mean=241.0370%; std=164.2117
 -- Sample 44: mean=151.1823%; std=207.6941
 -- Sample 45: mean=181.7359%; std=168.8840
 -- Sample 46: mean=163.2938%; std=201.8213
 -- Sample 47: mean=195.1963%; std=205.9192
 -- Sample 48: mean=195.0040%; std=188.9216
 -- Sample 49: mean=212.3171%; std=211.6945
Mean: 154.0634%, Std: 60.7272%
------------------------------------------------------------------
Correlation comparison:
 -- Sample 0: 0.7357
 -- Sample 1: 0.7710
 -- Sample 2: 0.7378
 -- Sample 3: 0.7588
 -- Sample 4: 0.5299
 -- Sample 5: 0.5205
 -- Sample 6: 0.6026
 -- Sample 7: 0.5248
 -- Sample 8: 0.6598
 -- Sample 9: 0.6426
 -- Sample 10: 0.6696
 -- Sample 11: 0.6732
 -- Sample 12: 0.5715
 -- Sample 13: 0.5523
 -- Sample 14: 0.5420
 -- Sample 15: 0.5343
 -- Sample 16: 0.4067
 -- Sample 17: 0.3663
 -- Sample 18: 0.3079
 -- Sample 19: 0.3218
 -- Sample 20: 0.7900
 -- Sample 21: 0.7859
 -- Sample 22: 0.7644
 -- Sample 23: 0.7716
 -- Sample 24: 0.8733
 -- Sample 25: 0.8425
 -- Sample 26: 0.8630
 -- Sample 27: 0.8386
 -- Sample 28: 0.5139
 -- Sample 29: 0.6015
 -- Sample 30: 0.4574
 -- Sample 31: 0.5625
 -- Sample 32: 0.5788
 -- Sample 33: 0.6275
 -- Sample 34: 0.6328
 -- Sample 35: 0.5733
 -- Sample 36: 0.6744
 -- Sample 37: 0.6933
 -- Sample 38: 0.6617
 -- Sample 39: 0.6806
 -- Sample 40: 0.3738
 -- Sample 41: 0.3685
 -- Sample 42: 0.3991
 -- Sample 43: 0.3144
 -- Sample 44: 0.3674
 -- Sample 45: 0.5315
 -- Sample 46: 0.4041
 -- Sample 47: 0.5295
 -- Sample 48: 0.5340
 -- Sample 49: 0.4959
Mean=0.5907, Std=0.1532
------------------------------------------------------------------
    Evaluating Javier Santos (D1 N4)
Bias Error: using Single Component
Mean: 53.8085, Std: 30.2724
------------------------------------------------------------------
Magnitude Error: 
 -- Sample 0: mean=53.0998%; std=17.5627
 -- Sample 1: mean=56.7000%; std=15.6166
 -- Sample 2: mean=56.9073%; std=17.4642
 -- Sample 3: mean=56.0311%; std=15.5696
 -- Sample 4: mean=78.7855%; std=13.9311
 -- Sample 5: mean=73.5174%; std=15.1886
 -- Sample 6: mean=75.3658%; std=12.9515
 -- Sample 7: mean=79.8606%; std=14.7571
 -- Sample 8: mean=62.8970%; std=16.9889
 -- Sample 9: mean=58.7907%; std=17.0687
 -- Sample 10: mean=61.3722%; std=17.2369
 -- Sample 11: mean=60.1924%; std=18.6813
 -- Sample 12: mean=46.4461%; std=21.8244
 -- Sample 13: mean=49.7626%; std=22.8986
 -- Sample 14: mean=48.6003%; std=23.4515
 -- Sample 15: mean=45.5960%; std=20.6625
 -- Sample 16: mean=71.2407%; std=17.4620
 -- Sample 17: mean=70.4177%; std=17.7689
 -- Sample 18: mean=68.0889%; std=17.4932
 -- Sample 19: mean=66.9254%; std=17.1285
 -- Sample 20: mean=55.2701%; std=21.2463
 -- Sample 21: mean=59.2022%; std=24.6630
 -- Sample 22: mean=56.0426%; std=20.4114
 -- Sample 23: mean=53.9733%; std=20.9298
 -- Sample 24: mean=63.1978%; std=8.0858
 -- Sample 25: mean=62.8792%; std=9.5663
 -- Sample 26: mean=63.7082%; std=9.1907
 -- Sample 27: mean=62.8696%; std=8.6950
 -- Sample 28: mean=42.5263%; std=48.4599
 -- Sample 29: mean=42.2060%; std=42.6434
 -- Sample 30: mean=44.1620%; std=44.2416
 -- Sample 31: mean=44.8466%; std=56.1085
 -- Sample 32: mean=65.0972%; std=14.7385
 -- Sample 33: mean=61.4925%; std=16.9563
 -- Sample 34: mean=62.0170%; std=13.9953
 -- Sample 35: mean=60.5992%; std=16.7295
 -- Sample 36: mean=49.9659%; std=21.9363
 -- Sample 37: mean=50.8788%; std=19.1686
 -- Sample 38: mean=52.6261%; std=19.6212
 -- Sample 39: mean=51.1520%; std=20.9607
 -- Sample 40: mean=35.0349%; std=27.9720
 -- Sample 41: mean=36.6710%; std=24.5632
 -- Sample 42: mean=33.2869%; std=25.7692
 -- Sample 43: mean=34.6275%; std=25.8668
 -- Sample 44: mean=75.1153%; std=37.6471
 -- Sample 45: mean=72.0795%; std=33.8397
 -- Sample 46: mean=76.1056%; std=38.0991
 -- Sample 47: mean=73.0832%; std=36.2522
 -- Sample 48: mean=39.0769%; std=35.6387
 -- Sample 49: mean=38.1700%; std=34.7399
Mean: 57.1712%, Std: 12.3670%
------------------------------------------------------------------
Correlation comparison:
 -- Sample 0: 0.9101
 -- Sample 1: 0.9033
 -- Sample 2: 0.8939
 -- Sample 3: 0.9041
 -- Sample 4: 0.6312
 -- Sample 5: 0.6698
 -- Sample 6: 0.6796
 -- Sample 7: 0.6510
 -- Sample 8: 0.8856
 -- Sample 9: 0.9202
 -- Sample 10: 0.9194
 -- Sample 11: 0.8904
 -- Sample 12: 0.8639
 -- Sample 13: 0.8434
 -- Sample 14: 0.8126
 -- Sample 15: 0.8571
 -- Sample 16: 0.7341
 -- Sample 17: 0.7288
 -- Sample 18: 0.7541
 -- Sample 19: 0.7648
 -- Sample 20: 0.8970
 -- Sample 21: 0.8312
 -- Sample 22: 0.8843
 -- Sample 23: 0.9018
 -- Sample 24: 0.9601
 -- Sample 25: 0.9513
 -- Sample 26: 0.9526
 -- Sample 27: 0.9572
 -- Sample 28: 0.6875
 -- Sample 29: 0.7123
 -- Sample 30: 0.6993
 -- Sample 31: 0.6868
 -- Sample 32: 0.6091
 -- Sample 33: 0.7014
 -- Sample 34: 0.7048
 -- Sample 35: 0.6657
 -- Sample 36: 0.7951
 -- Sample 37: 0.7993
 -- Sample 38: 0.7984
 -- Sample 39: 0.7846
 -- Sample 40: 0.4758
 -- Sample 41: 0.4190
 -- Sample 42: 0.4839
 -- Sample 43: 0.4427
 -- Sample 44: 0.5178
 -- Sample 45: 0.5732
 -- Sample 46: 0.5397
 -- Sample 47: 0.5801
 -- Sample 48: 0.8353
 -- Sample 49: 0.8444
Mean=0.7582, Std=0.1465
------------------------------------------------------------------
    Evaluating Javier Santos (D2 N4)
Bias Error: using Single Component
Mean: 70.1081, Std: 18.3544
------------------------------------------------------------------
Magnitude Error: 
 -- Sample 0: mean=89.5457%; std=5.3292
 -- Sample 1: mean=89.6929%; std=5.3695
 -- Sample 2: mean=89.7908%; std=5.1813
 -- Sample 3: mean=89.5987%; std=4.8055
 -- Sample 4: mean=86.9157%; std=7.8401
 -- Sample 5: mean=86.6903%; std=7.7320
 -- Sample 6: mean=86.4411%; std=8.5608
 -- Sample 7: mean=86.7577%; std=8.5250
 -- Sample 8: mean=88.6370%; std=7.5459
 -- Sample 9: mean=88.1617%; std=7.2570
 -- Sample 10: mean=88.1291%; std=7.7516
 -- Sample 11: mean=87.9581%; std=7.2401
 -- Sample 12: mean=87.9504%; std=7.6031
 -- Sample 13: mean=88.5151%; std=6.9027
 -- Sample 14: mean=88.6975%; std=6.8748
 -- Sample 15: mean=87.9642%; std=7.5305
 -- Sample 16: mean=80.5324%; std=12.4626
 -- Sample 17: mean=80.3242%; std=12.2441
 -- Sample 18: mean=80.4344%; std=12.2956
 -- Sample 19: mean=79.8019%; std=12.5873
 -- Sample 20: mean=89.5586%; std=7.1088
 -- Sample 21: mean=89.7685%; std=7.0498
 -- Sample 22: mean=89.8316%; std=7.0501
 -- Sample 23: mean=89.6401%; std=7.0727
 -- Sample 24: mean=95.7910%; std=1.9535
 -- Sample 25: mean=95.9056%; std=1.9402
 -- Sample 26: mean=95.9319%; std=1.9536
 -- Sample 27: mean=95.8742%; std=1.9140
 -- Sample 28: mean=84.2111%; std=12.9983
 -- Sample 29: mean=84.6802%; std=12.1944
 -- Sample 30: mean=83.8928%; std=12.9096
 -- Sample 31: mean=84.8211%; std=12.7605
 -- Sample 32: mean=84.6498%; std=12.6870
 -- Sample 33: mean=84.8981%; std=11.4158
 -- Sample 34: mean=84.6087%; std=10.9831
 -- Sample 35: mean=84.4854%; std=11.9043
 -- Sample 36: mean=89.3621%; std=5.7325
 -- Sample 37: mean=89.0058%; std=5.9859
 -- Sample 38: mean=89.5008%; std=6.2001
 -- Sample 39: mean=89.1769%; std=6.3808
 -- Sample 40: mean=80.0623%; std=18.8887
 -- Sample 41: mean=80.3664%; std=17.4689
 -- Sample 42: mean=80.5128%; std=17.7106
 -- Sample 43: mean=79.5467%; std=18.7010
 -- Sample 44: mean=84.5534%; std=12.0306
 -- Sample 45: mean=85.6287%; std=12.0097
 -- Sample 46: mean=84.9633%; std=12.1273
 -- Sample 47: mean=84.7850%; std=11.5807
 -- Sample 48: mean=83.0300%; std=11.4156
 -- Sample 49: mean=82.7907%; std=11.2434
Mean: 86.6874%, Std: 4.1786%
------------------------------------------------------------------
Correlation comparison:
 -- Sample 0: 0.4891
 -- Sample 1: 0.4587
 -- Sample 2: 0.4619
 -- Sample 3: 0.5120
 -- Sample 4: 0.3187
 -- Sample 5: 0.3465
 -- Sample 6: 0.3047
 -- Sample 7: 0.2753
 -- Sample 8: 0.3730
 -- Sample 9: 0.4092
 -- Sample 10: 0.3964
 -- Sample 11: 0.4009
 -- Sample 12: 0.4244
 -- Sample 13: 0.3919
 -- Sample 14: 0.3833
 -- Sample 15: 0.4225
 -- Sample 16: 0.2674
 -- Sample 17: 0.2621
 -- Sample 18: 0.2459
 -- Sample 19: 0.2685
 -- Sample 20: 0.4275
 -- Sample 21: 0.4288
 -- Sample 22: 0.4066
 -- Sample 23: 0.4097
 -- Sample 24: 0.5683
 -- Sample 25: 0.5277
 -- Sample 26: 0.5453
 -- Sample 27: 0.5447
 -- Sample 28: 0.3430
 -- Sample 29: 0.3333
 -- Sample 30: 0.3234
 -- Sample 31: 0.2942
 -- Sample 32: 0.2355
 -- Sample 33: 0.2704
 -- Sample 34: 0.2781
 -- Sample 35: 0.2324
 -- Sample 36: 0.4116
 -- Sample 37: 0.4290
 -- Sample 38: 0.3908
 -- Sample 39: 0.4106
 -- Sample 40: 0.1739
 -- Sample 41: 0.1897
 -- Sample 42: 0.1881
 -- Sample 43: 0.1904
 -- Sample 44: 0.2305
 -- Sample 45: 0.1838
 -- Sample 46: 0.2404
 -- Sample 47: 0.2546
 -- Sample 48: 0.3371
 -- Sample 49: 0.3437
Mean=0.3511, Std=0.1036
------------------------------------------------------------------
    Evaluating Javier Santos (D3 N4)
Bias Error: using Single Component
Mean: 97.0842, Std: 2.0487
------------------------------------------------------------------
Magnitude Error: 
 -- Sample 0: mean=97.8063%; std=1.6314
 -- Sample 1: mean=97.7223%; std=1.8557
 -- Sample 2: mean=97.6551%; std=1.9200
 -- Sample 3: mean=97.7703%; std=1.7342
 -- Sample 4: mean=96.1745%; std=3.1910
 -- Sample 5: mean=97.0671%; std=2.6667
 -- Sample 6: mean=97.2074%; std=2.4818
 -- Sample 7: mean=97.0977%; std=2.5055
 -- Sample 8: mean=96.1363%; std=3.0213
 -- Sample 9: mean=96.5639%; std=2.7697
 -- Sample 10: mean=96.3574%; std=3.1181
 -- Sample 11: mean=96.4300%; std=3.1505
 -- Sample 12: mean=96.6589%; std=3.1637
 -- Sample 13: mean=96.8857%; std=3.1104
 -- Sample 14: mean=96.8754%; std=2.9100
 -- Sample 15: mean=97.0061%; std=2.8954
 -- Sample 16: mean=94.8678%; std=4.6059
 -- Sample 17: mean=94.8403%; std=4.3467
 -- Sample 18: mean=94.9219%; std=4.5401
 -- Sample 19: mean=95.2102%; std=4.1875
 -- Sample 20: mean=97.5287%; std=2.2599
 -- Sample 21: mean=97.2287%; std=2.3333
 -- Sample 22: mean=97.1639%; std=2.4788
 -- Sample 23: mean=97.3525%; std=2.4480
 -- Sample 24: mean=99.0090%; std=0.7846
 -- Sample 25: mean=98.9632%; std=0.7629
 -- Sample 26: mean=98.9825%; std=0.7569
 -- Sample 27: mean=98.9755%; std=0.8517
 -- Sample 28: mean=96.1308%; std=4.2934
 -- Sample 29: mean=96.2694%; std=4.8288
 -- Sample 30: mean=96.5284%; std=4.6611
 -- Sample 31: mean=96.0859%; std=4.5968
 -- Sample 32: mean=95.7831%; std=4.0133
 -- Sample 33: mean=95.5526%; std=4.4334
 -- Sample 34: mean=95.3208%; std=4.8956
 -- Sample 35: mean=95.1891%; std=4.9829
 -- Sample 36: mean=97.4058%; std=1.9960
 -- Sample 37: mean=97.6040%; std=1.9717
 -- Sample 38: mean=97.2457%; std=2.2164
 -- Sample 39: mean=97.5078%; std=1.9164
 -- Sample 40: mean=94.3667%; std=7.9467
 -- Sample 41: mean=94.6242%; std=7.1341
 -- Sample 42: mean=94.7405%; std=8.2679
 -- Sample 43: mean=94.7566%; std=8.2395
 -- Sample 44: mean=96.1037%; std=4.6476
 -- Sample 45: mean=96.0870%; std=4.3016
 -- Sample 46: mean=95.8630%; std=4.2084
 -- Sample 47: mean=95.7389%; std=4.7009
 -- Sample 48: mean=96.5187%; std=3.3740
 -- Sample 49: mean=96.4718%; std=3.2095
Mean: 96.5670%, Std: 1.1742%
------------------------------------------------------------------
Correlation comparison:
 -- Sample 0: 0.3766
 -- Sample 1: 0.3267
 -- Sample 2: 0.3499
 -- Sample 3: 0.3952
 -- Sample 4: 0.2798
 -- Sample 5: 0.2461
 -- Sample 6: 0.1355
 -- Sample 7: 0.1679
 -- Sample 8: 0.3582
 -- Sample 9: 0.3726
 -- Sample 10: 0.3108
 -- Sample 11: 0.3066
 -- Sample 12: 0.2398
 -- Sample 13: 0.2751
 -- Sample 14: 0.3289
 -- Sample 15: 0.2538
 -- Sample 16: 0.2167
 -- Sample 17: 0.2553
 -- Sample 18: 0.2358
 -- Sample 19: 0.2283
 -- Sample 20: 0.2439
 -- Sample 21: 0.3834
 -- Sample 22: 0.3505
 -- Sample 23: 0.2584
 -- Sample 24: 0.3928
 -- Sample 25: 0.4517
 -- Sample 26: 0.4649
 -- Sample 27: 0.3728
 -- Sample 28: 0.1143
 -- Sample 29: 0.1511
 -- Sample 30: 0.1523
 -- Sample 31: 0.1377
 -- Sample 32: 0.1468
 -- Sample 33: 0.1200
 -- Sample 34: 0.1031
 -- Sample 35: 0.1322
 -- Sample 36: 0.2905
 -- Sample 37: 0.2715
 -- Sample 38: 0.3265
 -- Sample 39: 0.3415
 -- Sample 40: 0.0004
 -- Sample 41: 0.0170
 -- Sample 42: 0.0228
 -- Sample 43: 0.0199
 -- Sample 44: 0.0908
 -- Sample 45: 0.1311
 -- Sample 46: 0.1536
 -- Sample 47: 0.1670
 -- Sample 48: 0.1246
 -- Sample 49: 0.1435
Mean=0.2347, Std=0.1173
------------------------------------------------------------------
    Evaluating Ko et al (D0 N4)
Bias Error: using Single Component
Mean: 182.8488, Std: 211.4975
------------------------------------------------------------------
Magnitude Error: 
 -- Sample 0: mean=43.0560%; std=23.1176
 -- Sample 1: mean=40.9621%; std=22.2286
 -- Sample 2: mean=43.4060%; std=23.8551
 -- Sample 3: mean=41.0226%; std=22.0122
 -- Sample 4: mean=53.1057%; std=42.8467
 -- Sample 5: mean=59.7429%; std=52.2978
 -- Sample 6: mean=50.2607%; std=41.8530
 -- Sample 7: mean=57.5653%; std=49.1155
 -- Sample 8: mean=80.3251%; std=74.4569
 -- Sample 9: mean=87.5183%; std=86.3900
 -- Sample 10: mean=83.7210%; std=71.4440
 -- Sample 11: mean=82.7621%; std=80.9146
 -- Sample 12: mean=83.4622%; std=82.9961
 -- Sample 13: mean=80.3893%; std=81.8514
 -- Sample 14: mean=80.3873%; std=83.6746
 -- Sample 15: mean=78.0611%; std=87.1213
 -- Sample 16: mean=67.3252%; std=99.9932
 -- Sample 17: mean=68.2418%; std=101.5109
 -- Sample 18: mean=69.5118%; std=107.1307
 -- Sample 19: mean=64.9422%; std=94.3977
 -- Sample 20: mean=63.3336%; std=73.5662
 -- Sample 21: mean=50.2133%; std=59.2588
 -- Sample 22: mean=55.9980%; std=65.1820
 -- Sample 23: mean=57.3895%; std=65.5578
 -- Sample 24: mean=37.4987%; std=19.2348
 -- Sample 25: mean=39.1085%; std=18.3684
 -- Sample 26: mean=37.2224%; std=18.7788
 -- Sample 27: mean=36.2481%; std=17.8758
 -- Sample 28: mean=109.2407%; std=157.7085
 -- Sample 29: mean=107.2490%; std=140.5001
 -- Sample 30: mean=109.1528%; std=158.0787
 -- Sample 31: mean=110.1348%; std=146.9945
 -- Sample 32: mean=69.3909%; std=65.6921
 -- Sample 33: mean=72.8124%; std=72.9338
 -- Sample 34: mean=74.5758%; std=72.1730
 -- Sample 35: mean=72.5866%; std=72.3140
 -- Sample 36: mean=78.6930%; std=67.2267
 -- Sample 37: mean=75.6925%; std=69.0829
 -- Sample 38: mean=80.7036%; std=71.2344
 -- Sample 39: mean=78.7959%; std=67.4739
 -- Sample 40: mean=145.3683%; std=100.1917
 -- Sample 41: mean=149.7017%; std=112.2179
 -- Sample 42: mean=138.0539%; std=101.2388
 -- Sample 43: mean=129.3208%; std=95.0120
 -- Sample 44: mean=64.7817%; std=116.3442
 -- Sample 45: mean=70.9636%; std=104.1246
 -- Sample 46: mean=82.0321%; std=128.5155
 -- Sample 47: mean=69.9454%; std=104.6593
 -- Sample 48: mean=122.8581%; std=131.8051
 -- Sample 49: mean=134.2957%; std=134.8783
Mean: 76.7826%, Std: 28.8858%
------------------------------------------------------------------
Correlation comparison:
 -- Sample 0: 0.7751
 -- Sample 1: 0.8038
 -- Sample 2: 0.7632
 -- Sample 3: 0.8007
 -- Sample 4: 0.5498
 -- Sample 5: 0.5925
 -- Sample 6: 0.5743
 -- Sample 7: 0.5358
 -- Sample 8: 0.6788
 -- Sample 9: 0.6995
 -- Sample 10: 0.7156
 -- Sample 11: 0.7035
 -- Sample 12: 0.6167
 -- Sample 13: 0.6309
 -- Sample 14: 0.6244
 -- Sample 15: 0.6589
 -- Sample 16: 0.3380
 -- Sample 17: 0.3541
 -- Sample 18: 0.3311
 -- Sample 19: 0.3407
 -- Sample 20: 0.8290
 -- Sample 21: 0.8605
 -- Sample 22: 0.8852
 -- Sample 23: 0.8647
 -- Sample 24: 0.8706
 -- Sample 25: 0.8496
 -- Sample 26: 0.8760
 -- Sample 27: 0.8711
 -- Sample 28: 0.5838
 -- Sample 29: 0.5775
 -- Sample 30: 0.5766
 -- Sample 31: 0.6141
 -- Sample 32: 0.6192
 -- Sample 33: 0.6445
 -- Sample 34: 0.6234
 -- Sample 35: 0.6274
 -- Sample 36: 0.7339
 -- Sample 37: 0.7335
 -- Sample 38: 0.7293
 -- Sample 39: 0.7258
 -- Sample 40: 0.4100
 -- Sample 41: 0.4053
 -- Sample 42: 0.3984
 -- Sample 43: 0.3994
 -- Sample 44: 0.4619
 -- Sample 45: 0.4790
 -- Sample 46: 0.5169
 -- Sample 47: 0.5288
 -- Sample 48: 0.6029
 -- Sample 49: 0.6338
Mean=0.6324, Std=0.1575
------------------------------------------------------------------
    Evaluating Ko et al (D1 N4)
Bias Error: using Single Component
Mean: 58.3610, Std: 15.8046
------------------------------------------------------------------
Magnitude Error: 
 -- Sample 0: mean=79.4331%; std=7.6516
 -- Sample 1: mean=77.8261%; std=8.6610
 -- Sample 2: mean=78.8886%; std=8.7182
 -- Sample 3: mean=77.8701%; std=10.1429
 -- Sample 4: mean=68.0636%; std=21.3448
 -- Sample 5: mean=66.8807%; std=17.3489
 -- Sample 6: mean=63.7951%; std=16.1593
 -- Sample 7: mean=66.8725%; std=23.0399
 -- Sample 8: mean=61.7096%; std=22.7110
 -- Sample 9: mean=59.8321%; std=24.7666
 -- Sample 10: mean=57.5256%; std=26.8543
 -- Sample 11: mean=59.3288%; std=24.9323
 -- Sample 12: mean=69.1552%; std=27.7487
 -- Sample 13: mean=60.9859%; std=30.5936
 -- Sample 14: mean=69.5412%; std=25.3054
 -- Sample 15: mean=69.6773%; std=23.0330
 -- Sample 16: mean=83.1374%; std=8.6410
 -- Sample 17: mean=83.2990%; std=13.8798
 -- Sample 18: mean=75.1221%; std=17.3394
 -- Sample 19: mean=76.6877%; std=16.1679
 -- Sample 20: mean=72.1745%; std=22.5039
 -- Sample 21: mean=71.0788%; std=22.1879
 -- Sample 22: mean=70.6490%; std=18.2053
 -- Sample 23: mean=67.9888%; std=22.9267
 -- Sample 24: mean=77.7307%; std=10.7589
 -- Sample 25: mean=78.6444%; std=10.2412
 -- Sample 26: mean=76.5902%; std=10.6207
 -- Sample 27: mean=79.5874%; std=7.7159
 -- Sample 28: mean=69.3624%; std=24.2330
 -- Sample 29: mean=71.3671%; std=26.3635
 -- Sample 30: mean=59.2635%; std=34.8504
 -- Sample 31: mean=56.8513%; std=23.7374
 -- Sample 32: mean=56.2075%; std=19.5706
 -- Sample 33: mean=63.3502%; std=17.7546
 -- Sample 34: mean=70.5176%; std=17.8048
 -- Sample 35: mean=64.1437%; std=18.7976
 -- Sample 36: mean=68.8455%; std=18.7105
 -- Sample 37: mean=65.2130%; std=20.3254
 -- Sample 38: mean=64.7141%; std=18.1129
 -- Sample 39: mean=64.4142%; std=19.7631
 -- Sample 40: mean=57.3129%; std=21.9793
 -- Sample 41: mean=58.6328%; std=20.3570
 -- Sample 42: mean=79.7575%; std=13.5309
 -- Sample 43: mean=65.2020%; std=18.3667
 -- Sample 44: mean=70.8262%; std=27.3533
 -- Sample 45: mean=73.6312%; std=29.3921
 -- Sample 46: mean=77.6348%; std=37.3423
 -- Sample 47: mean=76.4543%; std=38.1844
 -- Sample 48: mean=51.5256%; std=27.0175
 -- Sample 49: mean=50.4434%; std=27.2005
Mean: 68.7149%, Std: 8.2264%
------------------------------------------------------------------
Correlation comparison:
 -- Sample 0: 0.9012
 -- Sample 1: 0.9117
 -- Sample 2: 0.9014
 -- Sample 3: 0.8706
 -- Sample 4: 0.6447
 -- Sample 5: 0.7817
 -- Sample 6: 0.8298
 -- Sample 7: 0.7531
 -- Sample 8: 0.8236
 -- Sample 9: 0.7918
 -- Sample 10: 0.8052
 -- Sample 11: 0.7996
 -- Sample 12: 0.6040
 -- Sample 13: 0.6275
 -- Sample 14: 0.6609
 -- Sample 15: 0.7000
 -- Sample 16: 0.4029
 -- Sample 17: 0.2516
 -- Sample 18: 0.4928
 -- Sample 19: 0.4896
 -- Sample 20: 0.7400
 -- Sample 21: 0.8162
 -- Sample 22: 0.8803
 -- Sample 23: 0.8228
 -- Sample 24: 0.8556
 -- Sample 25: 0.8575
 -- Sample 26: 0.8576
 -- Sample 27: 0.9079
 -- Sample 28: 0.6421
 -- Sample 29: 0.5766
 -- Sample 30: 0.7469
 -- Sample 31: 0.7735
 -- Sample 32: 0.8433
 -- Sample 33: 0.7345
 -- Sample 34: 0.6245
 -- Sample 35: 0.7317
 -- Sample 36: 0.8013
 -- Sample 37: 0.7379
 -- Sample 38: 0.8094
 -- Sample 39: 0.7714
 -- Sample 40: 0.4447
 -- Sample 41: 0.4047
 -- Sample 42: 0.0472
 -- Sample 43: 0.3141
 -- Sample 44: 0.5912
 -- Sample 45: 0.5528
 -- Sample 46: 0.4723
 -- Sample 47: 0.4735
 -- Sample 48: 0.7203
 -- Sample 49: 0.6932
Mean=0.6858, Std=0.1865
------------------------------------------------------------------
    Evaluating Ko et al (D2 N4)
Bias Error: using Single Component
Mean: 46.3519, Std: 49.2888
------------------------------------------------------------------
Magnitude Error: 
 -- Sample 0: mean=58.1794%; std=14.0932
 -- Sample 1: mean=54.6280%; std=14.8691
 -- Sample 2: mean=61.5399%; std=14.5603
 -- Sample 3: mean=57.9191%; std=17.8801
 -- Sample 4: mean=42.9617%; std=21.8277
 -- Sample 5: mean=45.4627%; std=24.4751
 -- Sample 6: mean=40.4684%; std=22.5358
 -- Sample 7: mean=42.8939%; std=21.3549
 -- Sample 8: mean=51.5400%; std=20.5326
 -- Sample 9: mean=53.9585%; std=20.2470
 -- Sample 10: mean=53.0103%; std=18.2662
 -- Sample 11: mean=59.9360%; std=21.8643
 -- Sample 12: mean=31.8479%; std=24.0746
 -- Sample 13: mean=34.2709%; std=25.4560
 -- Sample 14: mean=37.9069%; std=27.3754
 -- Sample 15: mean=37.6498%; std=28.5083
 -- Sample 16: mean=61.2418%; std=25.8920
 -- Sample 17: mean=62.6469%; std=24.5936
 -- Sample 18: mean=58.8331%; std=29.9339
 -- Sample 19: mean=63.7945%; std=20.2169
 -- Sample 20: mean=37.2241%; std=25.8727
 -- Sample 21: mean=38.1701%; std=27.8851
 -- Sample 22: mean=38.0100%; std=27.7119
 -- Sample 23: mean=39.6092%; std=26.9974
 -- Sample 24: mean=60.5070%; std=14.1650
 -- Sample 25: mean=62.4060%; std=13.6624
 -- Sample 26: mean=61.6681%; std=13.0218
 -- Sample 27: mean=59.1935%; std=12.9278
 -- Sample 28: mean=59.1803%; std=79.8796
 -- Sample 29: mean=61.8269%; std=88.2849
 -- Sample 30: mean=58.3545%; std=85.1003
 -- Sample 31: mean=66.8773%; std=98.1849
 -- Sample 32: mean=65.8462%; std=15.4892
 -- Sample 33: mean=55.4692%; std=14.8186
 -- Sample 34: mean=59.8949%; std=12.9692
 -- Sample 35: mean=63.2423%; std=13.8410
 -- Sample 36: mean=45.5795%; std=23.8510
 -- Sample 37: mean=43.6159%; std=22.4130
 -- Sample 38: mean=50.1868%; std=18.8362
 -- Sample 39: mean=47.0718%; std=19.0974
 -- Sample 40: mean=32.8834%; std=22.0341
 -- Sample 41: mean=35.0718%; std=24.8422
 -- Sample 42: mean=41.6261%; std=24.2454
 -- Sample 43: mean=40.4428%; std=26.3990
 -- Sample 44: mean=63.8880%; std=44.1384
 -- Sample 45: mean=54.6588%; std=40.4759
 -- Sample 46: mean=51.2059%; std=39.4109
 -- Sample 47: mean=54.4548%; std=55.2184
 -- Sample 48: mean=46.2195%; std=28.9627
 -- Sample 49: mean=43.9691%; std=24.8348
Mean: 50.9809%, Std: 10.2072%
------------------------------------------------------------------
Correlation comparison:
 -- Sample 0: 0.9330
 -- Sample 1: 0.9346
 -- Sample 2: 0.9161
 -- Sample 3: 0.8866
 -- Sample 4: 0.8250
 -- Sample 5: 0.7908
 -- Sample 6: 0.8755
 -- Sample 7: 0.8441
 -- Sample 8: 0.8112
 -- Sample 9: 0.8029
 -- Sample 10: 0.7946
 -- Sample 11: 0.7709
 -- Sample 12: 0.9129
 -- Sample 13: 0.9107
 -- Sample 14: 0.8878
 -- Sample 15: 0.8887
 -- Sample 16: 0.6735
 -- Sample 17: 0.6651
 -- Sample 18: 0.6473
 -- Sample 19: 0.5589
 -- Sample 20: 0.9072
 -- Sample 21: 0.9203
 -- Sample 22: 0.8998
 -- Sample 23: 0.8940
 -- Sample 24: 0.9187
 -- Sample 25: 0.9130
 -- Sample 26: 0.9194
 -- Sample 27: 0.9340
 -- Sample 28: 0.7048
 -- Sample 29: 0.6690
 -- Sample 30: 0.6620
 -- Sample 31: 0.6132
 -- Sample 32: 0.9027
 -- Sample 33: 0.8821
 -- Sample 34: 0.9428
 -- Sample 35: 0.8906
 -- Sample 36: 0.8960
 -- Sample 37: 0.8739
 -- Sample 38: 0.9196
 -- Sample 39: 0.9219
 -- Sample 40: 0.4549
 -- Sample 41: 0.5805
 -- Sample 42: 0.5648
 -- Sample 43: 0.5503
 -- Sample 44: 0.7045
 -- Sample 45: 0.7595
 -- Sample 46: 0.7998
 -- Sample 47: 0.8276
 -- Sample 48: 0.8333
 -- Sample 49: 0.8440
Mean=0.8087, Std=0.1258
------------------------------------------------------------------
    Evaluating Ko et al (D3 N4)
Bias Error: using Single Component
Mean: 40.1507, Std: 40.8851
------------------------------------------------------------------
Magnitude Error: 
 -- Sample 0: mean=48.5814%; std=15.8896
 -- Sample 1: mean=46.2546%; std=19.0517
 -- Sample 2: mean=48.6240%; std=17.2647
 -- Sample 3: mean=47.0897%; std=14.9861
 -- Sample 4: mean=38.6405%; std=15.9853
 -- Sample 5: mean=46.6186%; std=18.0868
 -- Sample 6: mean=44.6612%; std=18.3444
 -- Sample 7: mean=45.8348%; std=18.8692
 -- Sample 8: mean=32.2471%; std=19.8205
 -- Sample 9: mean=36.7189%; std=20.7716
 -- Sample 10: mean=37.0653%; std=18.2203
 -- Sample 11: mean=41.7376%; std=20.7403
 -- Sample 12: mean=37.9640%; std=26.3315
 -- Sample 13: mean=34.4022%; std=29.1499
 -- Sample 14: mean=39.1077%; std=27.5603
 -- Sample 15: mean=39.0577%; std=25.4363
 -- Sample 16: mean=65.1292%; std=16.4244
 -- Sample 17: mean=69.1528%; std=15.8582
 -- Sample 18: mean=61.1599%; std=20.8066
 -- Sample 19: mean=57.8132%; std=22.6749
 -- Sample 20: mean=32.2807%; std=22.2216
 -- Sample 21: mean=37.9308%; std=21.1558
 -- Sample 22: mean=35.7018%; std=24.8469
 -- Sample 23: mean=32.6183%; std=20.1878
 -- Sample 24: mean=55.9365%; std=16.2009
 -- Sample 25: mean=54.3080%; std=14.0085
 -- Sample 26: mean=56.8016%; std=12.6824
 -- Sample 27: mean=58.9340%; std=14.3442
 -- Sample 28: mean=36.7056%; std=48.6393
 -- Sample 29: mean=37.9754%; std=40.9704
 -- Sample 30: mean=48.0685%; std=67.9154
 -- Sample 31: mean=32.1706%; std=42.4416
 -- Sample 32: mean=52.0346%; std=16.3236
 -- Sample 33: mean=52.2781%; std=15.4315
 -- Sample 34: mean=54.5255%; std=13.3005
 -- Sample 35: mean=55.9152%; std=15.2874
 -- Sample 36: mean=38.9444%; std=21.2536
 -- Sample 37: mean=38.6016%; std=20.6864
 -- Sample 38: mean=40.7062%; std=18.5743
 -- Sample 39: mean=39.6192%; std=19.5784
 -- Sample 40: mean=27.3894%; std=16.6427
 -- Sample 41: mean=20.2317%; std=16.2631
 -- Sample 42: mean=29.5480%; std=18.5982
 -- Sample 43: mean=28.1231%; std=19.6985
 -- Sample 44: mean=57.8554%; std=32.1135
 -- Sample 45: mean=50.7277%; std=30.8890
 -- Sample 46: mean=50.1166%; std=31.5089
 -- Sample 47: mean=62.4642%; std=41.6944
 -- Sample 48: mean=45.3338%; std=35.5604
 -- Sample 49: mean=44.3843%; std=31.1179
Mean: 44.5218%, Std: 10.6888%
------------------------------------------------------------------
Correlation comparison:
 -- Sample 0: 0.9419
 -- Sample 1: 0.9180
 -- Sample 2: 0.9302
 -- Sample 3: 0.9465
 -- Sample 4: 0.8641
 -- Sample 5: 0.8080
 -- Sample 6: 0.8303
 -- Sample 7: 0.7919
 -- Sample 8: 0.9074
 -- Sample 9: 0.9049
 -- Sample 10: 0.8973
 -- Sample 11: 0.8558
 -- Sample 12: 0.9028
 -- Sample 13: 0.9095
 -- Sample 14: 0.8905
 -- Sample 15: 0.9043
 -- Sample 16: 0.7440
 -- Sample 17: 0.6749
 -- Sample 18: 0.7174
 -- Sample 19: 0.7172
 -- Sample 20: 0.9415
 -- Sample 21: 0.9293
 -- Sample 22: 0.9243
 -- Sample 23: 0.9372
 -- Sample 24: 0.9096
 -- Sample 25: 0.9327
 -- Sample 26: 0.9322
 -- Sample 27: 0.9068
 -- Sample 28: 0.8594
 -- Sample 29: 0.8276
 -- Sample 30: 0.8257
 -- Sample 31: 0.9073
 -- Sample 32: 0.9313
 -- Sample 33: 0.9232
 -- Sample 34: 0.9288
 -- Sample 35: 0.9085
 -- Sample 36: 0.8907
 -- Sample 37: 0.8841
 -- Sample 38: 0.9080
 -- Sample 39: 0.9163
 -- Sample 40: 0.5487
 -- Sample 41: 0.5670
 -- Sample 42: 0.5424
 -- Sample 43: 0.4789
 -- Sample 44: 0.7941
 -- Sample 45: 0.8410
 -- Sample 46: 0.8281
 -- Sample 47: 0.7224
 -- Sample 48: 0.8052
 -- Sample 49: 0.8036
Mean=0.8423, Std=0.1132
------------------------------------------------------------------
    Evaluating Ko et al (D3 N0)
Bias Error: using Single Component
Mean: 49.7392, Std: 57.5758
------------------------------------------------------------------
Magnitude Error: 
 -- Sample 0: mean=56.7869%; std=18.7940
 -- Sample 1: mean=66.4104%; std=14.2689
 -- Sample 2: mean=55.7290%; std=21.9966
 -- Sample 3: mean=67.8085%; std=17.4641
 -- Sample 4: mean=54.3958%; std=19.1986
 -- Sample 5: mean=75.5717%; std=17.9188
 -- Sample 6: mean=54.0149%; std=20.7306
 -- Sample 7: mean=53.2116%; std=16.7350
 -- Sample 8: mean=41.7551%; std=21.4989
 -- Sample 9: mean=51.4767%; std=21.5797
 -- Sample 10: mean=48.5355%; std=24.5580
 -- Sample 11: mean=59.1897%; std=29.6803
 -- Sample 12: mean=47.6300%; std=22.9755
 -- Sample 13: mean=40.6938%; std=24.0431
 -- Sample 14: mean=45.1616%; std=24.6473
 -- Sample 15: mean=44.4825%; std=21.4308
 -- Sample 16: mean=61.3958%; std=25.5531
 -- Sample 17: mean=66.7009%; std=19.7498
 -- Sample 18: mean=65.9953%; std=17.5456
 -- Sample 19: mean=62.2273%; std=25.4747
 -- Sample 20: mean=53.8074%; std=24.1351
 -- Sample 21: mean=49.0857%; std=20.0763
 -- Sample 22: mean=53.5426%; std=23.1513
 -- Sample 23: mean=49.7206%; std=19.2098
 -- Sample 24: mean=64.3688%; std=13.8152
 -- Sample 25: mean=61.7490%; std=9.7506
 -- Sample 26: mean=63.5898%; std=15.6195
 -- Sample 27: mean=63.0375%; std=11.8237
 -- Sample 28: mean=53.6459%; std=67.1805
 -- Sample 29: mean=63.4723%; std=65.6126
 -- Sample 30: mean=67.6027%; std=68.7001
 -- Sample 31: mean=59.9119%; std=64.7703
 -- Sample 32: mean=61.8326%; std=19.8164
 -- Sample 33: mean=47.5409%; std=20.5252
 -- Sample 34: mean=52.5287%; std=20.1353
 -- Sample 35: mean=63.6121%; std=19.5178
 -- Sample 36: mean=43.9779%; std=23.0870
 -- Sample 37: mean=40.6477%; std=27.9342
 -- Sample 38: mean=49.4728%; std=26.5250
 -- Sample 39: mean=42.5217%; std=28.2864
 -- Sample 40: mean=30.5485%; std=21.6365
 -- Sample 41: mean=60.8917%; std=41.7582
 -- Sample 42: mean=32.9300%; std=25.9067
 -- Sample 43: mean=30.0397%; std=22.3206
 -- Sample 44: mean=81.3232%; std=36.3781
 -- Sample 45: mean=60.5708%; std=21.8489
 -- Sample 46: mean=49.7968%; std=36.3934
 -- Sample 47: mean=71.3449%; std=34.2565
 -- Sample 48: mean=56.3175%; std=56.4555
 -- Sample 49: mean=44.3977%; std=37.3718
Mean: 54.8601%, Std: 10.9135%
------------------------------------------------------------------
Correlation comparison:
 -- Sample 0: 0.8840
 -- Sample 1: 0.8735
 -- Sample 2: 0.8382
 -- Sample 3: 0.8251
 -- Sample 4: 0.7966
 -- Sample 5: 0.6676
 -- Sample 6: 0.6714
 -- Sample 7: 0.7792
 -- Sample 8: 0.8156
 -- Sample 9: 0.7999
 -- Sample 10: 0.8341
 -- Sample 11: 0.7372
 -- Sample 12: 0.8780
 -- Sample 13: 0.8355
 -- Sample 14: 0.8469
 -- Sample 15: 0.8668
 -- Sample 16: 0.6603
 -- Sample 17: 0.6777
 -- Sample 18: 0.5122
 -- Sample 19: 0.5206
 -- Sample 20: 0.8653
 -- Sample 21: 0.8962
 -- Sample 22: 0.8690
 -- Sample 23: 0.9207
 -- Sample 24: 0.8966
 -- Sample 25: 0.9531
 -- Sample 26: 0.8757
 -- Sample 27: 0.9299
 -- Sample 28: 0.6527
 -- Sample 29: 0.5222
 -- Sample 30: 0.5588
 -- Sample 31: 0.5812
 -- Sample 32: 0.8018
 -- Sample 33: 0.8338
 -- Sample 34: 0.8062
 -- Sample 35: 0.7376
 -- Sample 36: 0.8113
 -- Sample 37: 0.7769
 -- Sample 38: 0.7750
 -- Sample 39: 0.7872
 -- Sample 40: 0.4555
 -- Sample 41: 0.7241
 -- Sample 42: 0.5275
 -- Sample 43: 0.2990
 -- Sample 44: 0.4691
 -- Sample 45: 0.7212
 -- Sample 46: 0.8356
 -- Sample 47: 0.5954
 -- Sample 48: 0.6899
 -- Sample 49: 0.8133
Mean=0.7460, Std=0.1441
------------------------------------------------------------------
    Evaluating Ko et al (D3 N1)
Bias Error: using Single Component
Mean: 46.8695, Std: 56.2544
------------------------------------------------------------------
Magnitude Error: 
 -- Sample 0: mean=54.5499%; std=17.7014
 -- Sample 1: mean=65.6030%; std=17.1578
 -- Sample 2: mean=53.7353%; std=24.4043
 -- Sample 3: mean=57.4999%; std=21.0216
 -- Sample 4: mean=61.6156%; std=20.0029
 -- Sample 5: mean=71.8009%; std=18.5544
 -- Sample 6: mean=58.8191%; std=15.2472
 -- Sample 7: mean=54.8105%; std=16.2245
 -- Sample 8: mean=47.2904%; std=24.8397
 -- Sample 9: mean=41.5754%; std=17.8286
 -- Sample 10: mean=47.3031%; std=23.3986
 -- Sample 11: mean=47.6877%; std=25.2879
 -- Sample 12: mean=48.1006%; std=24.2243
 -- Sample 13: mean=42.2195%; std=21.2186
 -- Sample 14: mean=44.3869%; std=34.8122
 -- Sample 15: mean=39.2173%; std=21.8220
 -- Sample 16: mean=63.2895%; std=20.0990
 -- Sample 17: mean=62.8492%; std=16.3577
 -- Sample 18: mean=53.3786%; std=20.7952
 -- Sample 19: mean=64.7138%; std=19.8059
 -- Sample 20: mean=54.4966%; std=22.3441
 -- Sample 21: mean=54.8126%; std=20.5873
 -- Sample 22: mean=40.1288%; std=18.6778
 -- Sample 23: mean=54.8848%; std=22.0242
 -- Sample 24: mean=57.8457%; std=16.6183
 -- Sample 25: mean=62.7366%; std=10.8495
 -- Sample 26: mean=58.3083%; std=18.0018
 -- Sample 27: mean=59.2421%; std=12.1825
 -- Sample 28: mean=56.1926%; std=79.7592
 -- Sample 29: mean=43.4091%; std=51.2563
 -- Sample 30: mean=65.6799%; std=80.5867
 -- Sample 31: mean=57.1067%; std=82.2288
 -- Sample 32: mean=57.5173%; std=20.6986
 -- Sample 33: mean=45.8083%; std=23.2846
 -- Sample 34: mean=45.3232%; std=18.9958
 -- Sample 35: mean=52.8341%; std=15.5515
 -- Sample 36: mean=38.6507%; std=23.6139
 -- Sample 37: mean=42.9518%; std=25.9149
 -- Sample 38: mean=46.4148%; std=23.5210
 -- Sample 39: mean=44.9132%; std=24.3803
 -- Sample 40: mean=27.1114%; std=21.8158
 -- Sample 41: mean=33.1018%; std=26.3327
 -- Sample 42: mean=34.0922%; std=21.9717
 -- Sample 43: mean=27.4204%; std=23.2375
 -- Sample 44: mean=64.9631%; std=54.6793
 -- Sample 45: mean=58.1058%; std=23.1971
 -- Sample 46: mean=56.6273%; std=27.9609
 -- Sample 47: mean=68.3868%; std=30.2747
 -- Sample 48: mean=60.0695%; std=45.7669
 -- Sample 49: mean=55.2817%; std=36.9290
Mean: 52.0973%, Std: 10.3087%
------------------------------------------------------------------
Correlation comparison:
 -- Sample 0: 0.9099
 -- Sample 1: 0.8511
 -- Sample 2: 0.8156
 -- Sample 3: 0.8541
 -- Sample 4: 0.6914
 -- Sample 5: 0.7356
 -- Sample 6: 0.7048
 -- Sample 7: 0.7785
 -- Sample 8: 0.7930
 -- Sample 9: 0.8617
 -- Sample 10: 0.7905
 -- Sample 11: 0.8014
 -- Sample 12: 0.8587
 -- Sample 13: 0.8743
 -- Sample 14: 0.8693
 -- Sample 15: 0.8822
 -- Sample 16: 0.6264
 -- Sample 17: 0.7858
 -- Sample 18: 0.6112
 -- Sample 19: 0.5943
 -- Sample 20: 0.8357
 -- Sample 21: 0.8406
 -- Sample 22: 0.9573
 -- Sample 23: 0.8645
 -- Sample 24: 0.8978
 -- Sample 25: 0.9272
 -- Sample 26: 0.8830
 -- Sample 27: 0.9330
 -- Sample 28: 0.7494
 -- Sample 29: 0.6957
 -- Sample 30: 0.5909
 -- Sample 31: 0.7114
 -- Sample 32: 0.8514
 -- Sample 33: 0.8181
 -- Sample 34: 0.9098
 -- Sample 35: 0.8171
 -- Sample 36: 0.7778
 -- Sample 37: 0.8076
 -- Sample 38: 0.7767
 -- Sample 39: 0.7625
 -- Sample 40: 0.6037
 -- Sample 41: 0.5874
 -- Sample 42: 0.5987
 -- Sample 43: 0.5643
 -- Sample 44: 0.6425
 -- Sample 45: 0.7525
 -- Sample 46: 0.8342
 -- Sample 47: 0.6904
 -- Sample 48: 0.7233
 -- Sample 49: 0.7664
Mean=0.7772, Std=0.1041
------------------------------------------------------------------
    Evaluating Ko et al (D3 N2)
Bias Error: using Single Component
Mean: 47.6915, Std: 46.7221
------------------------------------------------------------------
Magnitude Error: 
 -- Sample 0: mean=53.8860%; std=18.4543
 -- Sample 1: mean=59.2346%; std=17.3253
 -- Sample 2: mean=56.5948%; std=15.0445
 -- Sample 3: mean=54.8598%; std=16.7159
 -- Sample 4: mean=53.0464%; std=21.9574
 -- Sample 5: mean=66.8784%; std=20.3193
 -- Sample 6: mean=54.4480%; std=21.1663
 -- Sample 7: mean=54.2494%; std=10.7814
 -- Sample 8: mean=58.6120%; std=24.6640
 -- Sample 9: mean=41.2055%; std=24.6068
 -- Sample 10: mean=53.7319%; std=20.9938
 -- Sample 11: mean=43.3820%; std=21.9048
 -- Sample 12: mean=40.7634%; std=24.2424
 -- Sample 13: mean=43.5104%; std=22.6705
 -- Sample 14: mean=49.8807%; std=36.6365
 -- Sample 15: mean=48.5669%; std=28.7404
 -- Sample 16: mean=54.4390%; std=29.6242
 -- Sample 17: mean=69.1531%; std=16.1025
 -- Sample 18: mean=67.9683%; std=19.1722
 -- Sample 19: mean=71.1978%; std=15.7547
 -- Sample 20: mean=58.7244%; std=23.8157
 -- Sample 21: mean=53.6181%; std=21.3463
 -- Sample 22: mean=56.0537%; std=21.1878
 -- Sample 23: mean=58.1279%; std=21.3844
 -- Sample 24: mean=64.1907%; std=10.9167
 -- Sample 25: mean=61.1049%; std=8.4527
 -- Sample 26: mean=62.4182%; std=9.8954
 -- Sample 27: mean=58.1303%; std=14.1660
 -- Sample 28: mean=52.7259%; std=70.4162
 -- Sample 29: mean=42.7382%; std=61.7822
 -- Sample 30: mean=57.8565%; std=63.7355
 -- Sample 31: mean=50.4945%; std=66.1940
 -- Sample 32: mean=52.5341%; std=21.4926
 -- Sample 33: mean=52.4816%; std=23.9111
 -- Sample 34: mean=54.3328%; std=20.7084
 -- Sample 35: mean=57.0758%; std=17.4396
 -- Sample 36: mean=45.5312%; std=22.0393
 -- Sample 37: mean=43.8929%; std=27.7508
 -- Sample 38: mean=39.6820%; std=20.8656
 -- Sample 39: mean=46.7621%; std=25.3033
 -- Sample 40: mean=28.0817%; std=20.3591
 -- Sample 41: mean=37.5816%; std=20.1965
 -- Sample 42: mean=32.6641%; std=23.2989
 -- Sample 43: mean=34.2843%; std=21.8776
 -- Sample 44: mean=66.2054%; std=49.2665
 -- Sample 45: mean=64.4362%; std=25.5905
 -- Sample 46: mean=61.1510%; std=38.7256
 -- Sample 47: mean=67.9607%; std=34.7699
 -- Sample 48: mean=47.1000%; std=28.2675
 -- Sample 49: mean=47.7563%; std=30.1315
Mean: 53.0261%, Std: 9.7646%
------------------------------------------------------------------
Correlation comparison:
 -- Sample 0: 0.9054
 -- Sample 1: 0.9023
 -- Sample 2: 0.9127
 -- Sample 3: 0.9121
 -- Sample 4: 0.7204
 -- Sample 5: 0.5823
 -- Sample 6: 0.7204
 -- Sample 7: 0.8779
 -- Sample 8: 0.7751
 -- Sample 9: 0.8585
 -- Sample 10: 0.7491
 -- Sample 11: 0.8538
 -- Sample 12: 0.9142
 -- Sample 13: 0.8861
 -- Sample 14: 0.8425
 -- Sample 15: 0.8396
 -- Sample 16: 0.5973
 -- Sample 17: 0.6828
 -- Sample 18: 0.5415
 -- Sample 19: 0.5402
 -- Sample 20: 0.8482
 -- Sample 21: 0.8998
 -- Sample 22: 0.9315
 -- Sample 23: 0.8389
 -- Sample 24: 0.9379
 -- Sample 25: 0.9688
 -- Sample 26: 0.9563
 -- Sample 27: 0.9256
 -- Sample 28: 0.7009
 -- Sample 29: 0.8330
 -- Sample 30: 0.6976
 -- Sample 31: 0.7428
 -- Sample 32: 0.8545
 -- Sample 33: 0.8080
 -- Sample 34: 0.8770
 -- Sample 35: 0.8239
 -- Sample 36: 0.7566
 -- Sample 37: 0.8013
 -- Sample 38: 0.8666
 -- Sample 39: 0.7973
 -- Sample 40: 0.5932
 -- Sample 41: 0.3274
 -- Sample 42: 0.5327
 -- Sample 43: 0.4185
 -- Sample 44: 0.6808
 -- Sample 45: 0.6772
 -- Sample 46: 0.6742
 -- Sample 47: 0.6993
 -- Sample 48: 0.8028
 -- Sample 49: 0.7909
Mean=0.7736, Std=0.1413
------------------------------------------------------------------
    Evaluating Ko et al (D3 N3)
Bias Error: using Single Component
Mean: 45.4786, Std: 31.9418
------------------------------------------------------------------
Magnitude Error: 
 -- Sample 0: mean=53.0812%; std=19.1136
 -- Sample 1: mean=57.2828%; std=15.9948
 -- Sample 2: mean=55.7061%; std=11.0725
 -- Sample 3: mean=52.9400%; std=14.7559
 -- Sample 4: mean=48.4803%; std=18.9825
 -- Sample 5: mean=56.1964%; std=21.8978
 -- Sample 6: mean=48.3135%; std=15.1632
 -- Sample 7: mean=48.0413%; std=15.1348
 -- Sample 8: mean=43.4818%; std=23.8118
 -- Sample 9: mean=36.2412%; std=22.8182
 -- Sample 10: mean=45.6456%; std=22.2650
 -- Sample 11: mean=47.9364%; std=23.4272
 -- Sample 12: mean=46.7343%; std=20.9668
 -- Sample 13: mean=45.5076%; std=24.9948
 -- Sample 14: mean=46.9137%; std=21.5388
 -- Sample 15: mean=42.9956%; std=31.7279
 -- Sample 16: mean=59.8248%; std=23.8053
 -- Sample 17: mean=61.6561%; std=25.5377
 -- Sample 18: mean=61.7036%; std=21.6443
 -- Sample 19: mean=75.1682%; std=17.3953
 -- Sample 20: mean=46.3578%; std=20.9417
 -- Sample 21: mean=45.2496%; std=20.0514
 -- Sample 22: mean=44.7935%; std=18.8252
 -- Sample 23: mean=45.4292%; std=20.4883
 -- Sample 24: mean=62.9542%; std=11.3261
 -- Sample 25: mean=69.9881%; std=7.1619
 -- Sample 26: mean=64.8667%; std=11.8803
 -- Sample 27: mean=63.7188%; std=11.4203
 -- Sample 28: mean=51.1255%; std=65.3742
 -- Sample 29: mean=57.3109%; std=89.7880
 -- Sample 30: mean=60.3348%; std=83.0349
 -- Sample 31: mean=64.2776%; std=99.2053
 -- Sample 32: mean=59.4011%; std=17.4010
 -- Sample 33: mean=60.3899%; std=17.0530
 -- Sample 34: mean=60.0361%; std=16.6056
 -- Sample 35: mean=52.1749%; std=18.6206
 -- Sample 36: mean=48.0022%; std=22.8988
 -- Sample 37: mean=46.4595%; std=26.2290
 -- Sample 38: mean=43.7610%; std=22.6971
 -- Sample 39: mean=50.8350%; std=25.0321
 -- Sample 40: mean=45.3206%; std=22.2553
 -- Sample 41: mean=32.9822%; std=19.7330
 -- Sample 42: mean=33.9550%; std=23.8874
 -- Sample 43: mean=34.2891%; std=20.0378
 -- Sample 44: mean=55.7687%; std=47.2863
 -- Sample 45: mean=66.0929%; std=45.1089
 -- Sample 46: mean=63.1904%; std=28.7117
 -- Sample 47: mean=60.5206%; std=43.4869
 -- Sample 48: mean=39.5725%; std=27.1441
 -- Sample 49: mean=53.0483%; std=32.0659
Mean: 52.3211%, Std: 9.5115%
------------------------------------------------------------------
Correlation comparison:
 -- Sample 0: 0.9065
 -- Sample 1: 0.9050
 -- Sample 2: 0.9623
 -- Sample 3: 0.9492
 -- Sample 4: 0.7879
 -- Sample 5: 0.7162
 -- Sample 6: 0.8429
 -- Sample 7: 0.8365
 -- Sample 8: 0.8213
 -- Sample 9: 0.9448
 -- Sample 10: 0.7959
 -- Sample 11: 0.8867
 -- Sample 12: 0.9015
 -- Sample 13: 0.8966
 -- Sample 14: 0.8959
 -- Sample 15: 0.8779
 -- Sample 16: 0.6757
 -- Sample 17: 0.6624
 -- Sample 18: 0.6034
 -- Sample 19: 0.3508
 -- Sample 20: 0.9128
 -- Sample 21: 0.9122
 -- Sample 22: 0.9664
 -- Sample 23: 0.9241
 -- Sample 24: 0.9358
 -- Sample 25: 0.9579
 -- Sample 26: 0.9207
 -- Sample 27: 0.9399
 -- Sample 28: 0.7058
 -- Sample 29: 0.7540
 -- Sample 30: 0.7403
 -- Sample 31: 0.7353
 -- Sample 32: 0.8559
 -- Sample 33: 0.8314
 -- Sample 34: 0.9097
 -- Sample 35: 0.8955
 -- Sample 36: 0.8169
 -- Sample 37: 0.8777
 -- Sample 38: 0.8796
 -- Sample 39: 0.8359
 -- Sample 40: 0.4227
 -- Sample 41: 0.5696
 -- Sample 42: 0.5987
 -- Sample 43: 0.4547
 -- Sample 44: 0.7326
 -- Sample 45: 0.6766
 -- Sample 46: 0.6939
 -- Sample 47: 0.6782
 -- Sample 48: 0.8586
 -- Sample 49: 0.6890
Mean=0.7980, Std=0.1443
------------------------------------------------------------------
  Processing Batch 2 (Size: 50)...
    Evaluating Javier Santos (D0 N4)
Bias Error: using Single Component
Mean: 150.5838, Std: 204.0827
------------------------------------------------------------------
Magnitude Error: 
 -- Sample 0: mean=191.2424%; std=183.9898
 -- Sample 1: mean=216.3577%; std=210.5279
 -- Sample 2: mean=207.7794%; std=152.1912
 -- Sample 3: mean=203.9665%; std=152.0434
 -- Sample 4: mean=208.6798%; std=158.3617
 -- Sample 5: mean=202.1398%; std=155.0640
 -- Sample 6: mean=51.1270%; std=45.6993
 -- Sample 7: mean=51.7629%; std=46.2834
 -- Sample 8: mean=53.1651%; std=43.5440
 -- Sample 9: mean=52.5324%; std=49.1208
 -- Sample 10: mean=23.9101%; std=15.6271
 -- Sample 11: mean=25.1208%; std=16.0963
 -- Sample 12: mean=23.8590%; std=15.6807
 -- Sample 13: mean=24.1457%; std=15.3547
 -- Sample 14: mean=549.0770%; std=401.4215
 -- Sample 15: mean=557.4921%; std=394.5555
 -- Sample 16: mean=535.1017%; std=396.5387
 -- Sample 17: mean=544.5223%; std=383.2898
 -- Sample 18: mean=258.3370%; std=215.8501
 -- Sample 19: mean=270.5176%; std=225.1655
 -- Sample 20: mean=249.0219%; std=208.1169
 -- Sample 21: mean=271.0946%; std=233.1278
 -- Sample 22: mean=26.9016%; std=26.3299
 -- Sample 23: mean=25.7810%; std=24.8418
 -- Sample 24: mean=25.2364%; std=24.4964
 -- Sample 25: mean=25.9768%; std=23.1101
 -- Sample 26: mean=34.5107%; std=31.7583
 -- Sample 27: mean=39.0212%; std=33.2693
 -- Sample 28: mean=35.1020%; std=37.0850
 -- Sample 29: mean=35.4987%; std=32.0462
 -- Sample 30: mean=34.4324%; std=31.3378
 -- Sample 31: mean=35.4739%; std=35.8917
 -- Sample 32: mean=34.5630%; std=29.9824
 -- Sample 33: mean=35.8011%; std=34.9433
 -- Sample 34: mean=21.7508%; std=15.3893
 -- Sample 35: mean=21.5432%; std=17.5108
 -- Sample 36: mean=22.1522%; std=14.6521
 -- Sample 37: mean=21.4589%; std=14.9944
 -- Sample 38: mean=100.7392%; std=137.5311
 -- Sample 39: mean=90.9326%; std=127.7008
 -- Sample 40: mean=99.2463%; std=134.3711
 -- Sample 41: mean=92.5247%; std=126.1840
 -- Sample 42: mean=25.0511%; std=13.1465
 -- Sample 43: mean=25.5556%; std=15.0394
 -- Sample 44: mean=24.9204%; std=14.0028
 -- Sample 45: mean=24.4070%; std=14.8522
 -- Sample 46: mean=26.9985%; std=14.8540
 -- Sample 47: mean=25.2955%; std=13.8049
 -- Sample 48: mean=27.3014%; std=14.6288
 -- Sample 49: mean=25.7637%; std=14.4524
Mean: 116.6979%, Std: 149.1471%
------------------------------------------------------------------
Correlation comparison:
 -- Sample 0: 0.5249
 -- Sample 1: 0.5250
 -- Sample 2: 0.5772
 -- Sample 3: 0.5853
 -- Sample 4: 0.5729
 -- Sample 5: 0.5724
 -- Sample 6: 0.8697
 -- Sample 7: 0.8555
 -- Sample 8: 0.8773
 -- Sample 9: 0.8568
 -- Sample 10: 0.8653
 -- Sample 11: 0.8572
 -- Sample 12: 0.8713
 -- Sample 13: 0.8664
 -- Sample 14: 0.5642
 -- Sample 15: 0.5520
 -- Sample 16: 0.5603
 -- Sample 17: 0.5735
 -- Sample 18: 0.5720
 -- Sample 19: 0.5694
 -- Sample 20: 0.5576
 -- Sample 21: 0.5546
 -- Sample 22: 0.8902
 -- Sample 23: 0.8939
 -- Sample 24: 0.9058
 -- Sample 25: 0.9078
 -- Sample 26: 0.8755
 -- Sample 27: 0.8727
 -- Sample 28: 0.8465
 -- Sample 29: 0.8708
 -- Sample 30: 0.8174
 -- Sample 31: 0.8296
 -- Sample 32: 0.8352
 -- Sample 33: 0.8402
 -- Sample 34: 0.9125
 -- Sample 35: 0.8976
 -- Sample 36: 0.9085
 -- Sample 37: 0.8968
 -- Sample 38: 0.4777
 -- Sample 39: 0.4328
 -- Sample 40: 0.4499
 -- Sample 41: 0.4607
 -- Sample 42: 0.9209
 -- Sample 43: 0.8966
 -- Sample 44: 0.9188
 -- Sample 45: 0.9075
 -- Sample 46: 0.9049
 -- Sample 47: 0.9157
 -- Sample 48: 0.9032
 -- Sample 49: 0.9075
Mean=0.7576, Std=0.1687
------------------------------------------------------------------
    Evaluating Javier Santos (D1 N4)
Bias Error: using Single Component
Mean: 33.4757, Std: 18.8656
------------------------------------------------------------------
Magnitude Error: 
 -- Sample 0: mean=36.4963%; std=32.3582
 -- Sample 1: mean=34.6773%; std=39.1780
 -- Sample 2: mean=32.3355%; std=27.1952
 -- Sample 3: mean=34.1207%; std=26.1220
 -- Sample 4: mean=31.1754%; std=26.1740
 -- Sample 5: mean=36.0774%; std=25.1343
 -- Sample 6: mean=49.5152%; std=15.4241
 -- Sample 7: mean=50.2139%; std=14.3830
 -- Sample 8: mean=50.3805%; std=14.1783
 -- Sample 9: mean=48.6703%; std=13.4712
 -- Sample 10: mean=51.6762%; std=11.8945
 -- Sample 11: mean=53.1851%; std=11.9618
 -- Sample 12: mean=50.8670%; std=13.3594
 -- Sample 13: mean=50.2056%; std=12.9936
 -- Sample 14: mean=61.7286%; std=57.4730
 -- Sample 15: mean=59.0715%; std=55.6247
 -- Sample 16: mean=52.8684%; std=54.6030
 -- Sample 17: mean=69.4163%; std=67.2420
 -- Sample 18: mean=44.4603%; std=47.6962
 -- Sample 19: mean=46.5014%; std=47.5904
 -- Sample 20: mean=44.3975%; std=47.2422
 -- Sample 21: mean=49.7540%; std=48.7972
 -- Sample 22: mean=27.3340%; std=12.1735
 -- Sample 23: mean=27.1406%; std=12.2889
 -- Sample 24: mean=27.0075%; std=11.6645
 -- Sample 25: mean=26.9038%; std=11.6328
 -- Sample 26: mean=33.2825%; std=19.3985
 -- Sample 27: mean=32.8168%; std=19.3236
 -- Sample 28: mean=33.5773%; std=17.5453
 -- Sample 29: mean=32.7055%; std=17.4394
 -- Sample 30: mean=39.9919%; std=13.1348
 -- Sample 31: mean=39.8147%; std=11.5247
 -- Sample 32: mean=39.5403%; std=13.2442
 -- Sample 33: mean=37.0166%; std=12.8100
 -- Sample 34: mean=47.9654%; std=9.1881
 -- Sample 35: mean=49.7924%; std=10.7860
 -- Sample 36: mean=50.6591%; std=9.9028
 -- Sample 37: mean=48.8604%; std=10.4034
 -- Sample 38: mean=40.3982%; std=24.0617
 -- Sample 39: mean=36.1693%; std=26.5507
 -- Sample 40: mean=37.8635%; std=26.9786
 -- Sample 41: mean=36.4996%; std=26.4795
 -- Sample 42: mean=46.1404%; std=9.0211
 -- Sample 43: mean=45.9701%; std=8.4904
 -- Sample 44: mean=46.5150%; std=6.9155
 -- Sample 45: mean=45.7718%; std=8.6650
 -- Sample 46: mean=38.3623%; std=11.0014
 -- Sample 47: mean=37.3849%; std=11.3912
 -- Sample 48: mean=39.8832%; std=12.0161
 -- Sample 49: mean=38.3330%; std=11.7578
Mean: 42.4299%, Std: 9.2699%
------------------------------------------------------------------
Correlation comparison:
 -- Sample 0: 0.8390
 -- Sample 1: 0.8437
 -- Sample 2: 0.8427
 -- Sample 3: 0.8296
 -- Sample 4: 0.8296
 -- Sample 5: 0.8274
 -- Sample 6: 0.9153
 -- Sample 7: 0.9227
 -- Sample 8: 0.9252
 -- Sample 9: 0.9341
 -- Sample 10: 0.9553
 -- Sample 11: 0.9556
 -- Sample 12: 0.9493
 -- Sample 13: 0.9514
 -- Sample 14: 0.8603
 -- Sample 15: 0.8497
 -- Sample 16: 0.8479
 -- Sample 17: 0.8150
 -- Sample 18: 0.7423
 -- Sample 19: 0.7546
 -- Sample 20: 0.7633
 -- Sample 21: 0.7003
 -- Sample 22: 0.9661
 -- Sample 23: 0.9693
 -- Sample 24: 0.9672
 -- Sample 25: 0.9657
 -- Sample 26: 0.9161
 -- Sample 27: 0.9094
 -- Sample 28: 0.9298
 -- Sample 29: 0.9289
 -- Sample 30: 0.9619
 -- Sample 31: 0.9723
 -- Sample 32: 0.9631
 -- Sample 33: 0.9655
 -- Sample 34: 0.9760
 -- Sample 35: 0.9662
 -- Sample 36: 0.9675
 -- Sample 37: 0.9672
 -- Sample 38: 0.7383
 -- Sample 39: 0.7689
 -- Sample 40: 0.7817
 -- Sample 41: 0.7532
 -- Sample 42: 0.9749
 -- Sample 43: 0.9783
 -- Sample 44: 0.9846
 -- Sample 45: 0.9769
 -- Sample 46: 0.9751
 -- Sample 47: 0.9744
 -- Sample 48: 0.9708
 -- Sample 49: 0.9727
Mean=0.8999, Std=0.0824
------------------------------------------------------------------
    Evaluating Javier Santos (D2 N4)
Bias Error: using Single Component
Mean: 87.3728, Std: 11.2737
------------------------------------------------------------------
Magnitude Error: 
 -- Sample 0: mean=82.9290%; std=11.3772
 -- Sample 1: mean=82.8790%; std=10.9827
 -- Sample 2: mean=84.5196%; std=9.8679
 -- Sample 3: mean=84.0161%; std=9.7186
 -- Sample 4: mean=84.9044%; std=10.0718
 -- Sample 5: mean=84.3843%; std=10.2713
 -- Sample 6: mean=93.4354%; std=3.8227
 -- Sample 7: mean=93.6467%; std=3.6927
 -- Sample 8: mean=93.0606%; std=3.5897
 -- Sample 9: mean=93.3755%; std=3.5738
 -- Sample 10: mean=96.0237%; std=2.1850
 -- Sample 11: mean=96.1043%; std=2.0614
 -- Sample 12: mean=96.0499%; std=2.1737
 -- Sample 13: mean=95.9825%; std=2.2787
 -- Sample 14: mean=72.5421%; std=22.1973
 -- Sample 15: mean=73.3214%; std=22.1387
 -- Sample 16: mean=73.2560%; std=22.2442
 -- Sample 17: mean=70.7729%; std=22.2781
 -- Sample 18: mean=83.7071%; std=13.1418
 -- Sample 19: mean=82.6509%; std=12.7671
 -- Sample 20: mean=83.3184%; std=12.3748
 -- Sample 21: mean=83.8940%; std=12.6019
 -- Sample 22: mean=94.8459%; std=3.1929
 -- Sample 23: mean=94.8243%; std=3.0702
 -- Sample 24: mean=94.6817%; std=3.0608
 -- Sample 25: mean=94.7011%; std=3.0428
 -- Sample 26: mean=93.4074%; std=3.6482
 -- Sample 27: mean=93.3284%; std=3.6786
 -- Sample 28: mean=93.5073%; std=3.7690
 -- Sample 29: mean=93.4861%; std=3.6668
 -- Sample 30: mean=95.1396%; std=3.3525
 -- Sample 31: mean=94.9753%; std=3.4909
 -- Sample 32: mean=94.9698%; std=3.3685
 -- Sample 33: mean=95.0448%; std=3.1049
 -- Sample 34: mean=96.1516%; std=2.3722
 -- Sample 35: mean=95.9191%; std=2.2326
 -- Sample 36: mean=96.0298%; std=2.2914
 -- Sample 37: mean=96.1708%; std=2.3119
 -- Sample 38: mean=89.8052%; std=6.7049
 -- Sample 39: mean=89.3944%; std=7.3313
 -- Sample 40: mean=90.2025%; std=6.7317
 -- Sample 41: mean=89.8635%; std=7.1550
 -- Sample 42: mean=96.5069%; std=2.1315
 -- Sample 43: mean=96.4009%; std=2.1289
 -- Sample 44: mean=96.4047%; std=2.1600
 -- Sample 45: mean=96.3337%; std=2.0380
 -- Sample 46: mean=96.1861%; std=2.2059
 -- Sample 47: mean=96.1365%; std=2.2084
 -- Sample 48: mean=96.1701%; std=2.2961
 -- Sample 49: mean=96.1748%; std=2.3114
Mean: 90.6307%, Std: 7.0825%
------------------------------------------------------------------
Correlation comparison:
 -- Sample 0: 0.3602
 -- Sample 1: 0.3746
 -- Sample 2: 0.3895
 -- Sample 3: 0.4139
 -- Sample 4: 0.3653
 -- Sample 5: 0.3602
 -- Sample 6: 0.4920
 -- Sample 7: 0.4893
 -- Sample 8: 0.5534
 -- Sample 9: 0.5220
 -- Sample 10: 0.5524
 -- Sample 11: 0.5324
 -- Sample 12: 0.5295
 -- Sample 13: 0.5377
 -- Sample 14: 0.2968
 -- Sample 15: 0.2741
 -- Sample 16: 0.2757
 -- Sample 17: 0.3491
 -- Sample 18: 0.3165
 -- Sample 19: 0.3672
 -- Sample 20: 0.3494
 -- Sample 21: 0.3305
 -- Sample 22: 0.5109
 -- Sample 23: 0.5546
 -- Sample 24: 0.5416
 -- Sample 25: 0.5425
 -- Sample 26: 0.5787
 -- Sample 27: 0.5803
 -- Sample 28: 0.5430
 -- Sample 29: 0.5568
 -- Sample 30: 0.4557
 -- Sample 31: 0.4910
 -- Sample 32: 0.5244
 -- Sample 33: 0.5341
 -- Sample 34: 0.5328
 -- Sample 35: 0.5804
 -- Sample 36: 0.5533
 -- Sample 37: 0.5272
 -- Sample 38: 0.3927
 -- Sample 39: 0.4283
 -- Sample 40: 0.3528
 -- Sample 41: 0.3585
 -- Sample 42: 0.5399
 -- Sample 43: 0.5909
 -- Sample 44: 0.5806
 -- Sample 45: 0.6071
 -- Sample 46: 0.6195
 -- Sample 47: 0.6330
 -- Sample 48: 0.6185
 -- Sample 49: 0.6211
Mean=0.4796, Std=0.1035
------------------------------------------------------------------
    Evaluating Javier Santos (D3 N4)
Bias Error: using Single Component
Mean: 99.5802, Std: 0.5168
------------------------------------------------------------------
Magnitude Error: 
 -- Sample 0: mean=96.3936%; std=3.4129
 -- Sample 1: mean=96.4734%; std=3.5858
 -- Sample 2: mean=96.0701%; std=3.5296
 -- Sample 3: mean=96.2434%; std=3.1993
 -- Sample 4: mean=96.2730%; std=3.0678
 -- Sample 5: mean=96.3489%; std=3.1129
 -- Sample 6: mean=98.4208%; std=1.2502
 -- Sample 7: mean=98.3070%; std=1.3391
 -- Sample 8: mean=98.3181%; std=1.2501
 -- Sample 9: mean=98.4176%; std=1.2220
 -- Sample 10: mean=98.9512%; std=0.8171
 -- Sample 11: mean=98.9121%; std=0.8840
 -- Sample 12: mean=98.9208%; std=0.8848
 -- Sample 13: mean=98.9692%; std=0.8438
 -- Sample 14: mean=91.3494%; std=8.6550
 -- Sample 15: mean=91.3358%; std=9.5439
 -- Sample 16: mean=91.5193%; std=7.8637
 -- Sample 17: mean=92.3670%; std=7.5055
 -- Sample 18: mean=95.2454%; std=4.6609
 -- Sample 19: mean=95.7622%; std=4.7987
 -- Sample 20: mean=95.7873%; std=4.4651
 -- Sample 21: mean=95.6270%; std=4.3043
 -- Sample 22: mean=98.7638%; std=1.0577
 -- Sample 23: mean=98.7191%; std=1.0718
 -- Sample 24: mean=98.7975%; std=0.9922
 -- Sample 25: mean=98.8199%; std=0.9741
 -- Sample 26: mean=98.4562%; std=1.2770
 -- Sample 27: mean=98.4488%; std=1.3247
 -- Sample 28: mean=98.4325%; std=1.2945
 -- Sample 29: mean=98.4055%; std=1.3377
 -- Sample 30: mean=98.7394%; std=1.1628
 -- Sample 31: mean=98.7364%; std=1.1992
 -- Sample 32: mean=98.7294%; std=1.3030
 -- Sample 33: mean=98.6890%; std=1.2397
 -- Sample 34: mean=98.9661%; std=0.8464
 -- Sample 35: mean=98.9653%; std=0.8243
 -- Sample 36: mean=98.9746%; std=0.8251
 -- Sample 37: mean=98.9289%; std=0.8544
 -- Sample 38: mean=97.4432%; std=2.4783
 -- Sample 39: mean=97.6213%; std=2.4966
 -- Sample 40: mean=97.5918%; std=2.6863
 -- Sample 41: mean=97.5548%; std=2.5972
 -- Sample 42: mean=99.1074%; std=0.7272
 -- Sample 43: mean=99.0811%; std=0.7562
 -- Sample 44: mean=99.0790%; std=0.7322
 -- Sample 45: mean=99.0800%; std=0.7705
 -- Sample 46: mean=98.9728%; std=0.8502
 -- Sample 47: mean=98.9815%; std=0.8357
 -- Sample 48: mean=98.9713%; std=0.8399
 -- Sample 49: mean=98.9692%; std=0.8279
Mean: 97.5608%, Std: 2.0767%
------------------------------------------------------------------
Correlation comparison:
 -- Sample 0: 0.0949
 -- Sample 1: 0.1316
 -- Sample 2: 0.2369
 -- Sample 3: 0.2495
 -- Sample 4: 0.2332
 -- Sample 5: 0.2370
 -- Sample 6: 0.4073
 -- Sample 7: 0.4051
 -- Sample 8: 0.4358
 -- Sample 9: 0.4414
 -- Sample 10: 0.4355
 -- Sample 11: 0.4346
 -- Sample 12: 0.4544
 -- Sample 13: 0.4101
 -- Sample 14: 0.2721
 -- Sample 15: 0.2604
 -- Sample 16: 0.2356
 -- Sample 17: 0.1827
 -- Sample 18: 0.1889
 -- Sample 19: 0.1588
 -- Sample 20: 0.1873
 -- Sample 21: 0.1933
 -- Sample 22: 0.3401
 -- Sample 23: 0.2958
 -- Sample 24: 0.3439
 -- Sample 25: 0.3445
 -- Sample 26: 0.3258
 -- Sample 27: 0.3189
 -- Sample 28: 0.3079
 -- Sample 29: 0.3145
 -- Sample 30: 0.3489
 -- Sample 31: 0.3516
 -- Sample 32: 0.3129
 -- Sample 33: 0.3192
 -- Sample 34: 0.3725
 -- Sample 35: 0.4077
 -- Sample 36: 0.4113
 -- Sample 37: 0.4422
 -- Sample 38: 0.1197
 -- Sample 39: 0.1113
 -- Sample 40: 0.0891
 -- Sample 41: 0.0520
 -- Sample 42: 0.3601
 -- Sample 43: 0.3511
 -- Sample 44: 0.3757
 -- Sample 45: 0.3257
 -- Sample 46: 0.1234
 -- Sample 47: 0.1252
 -- Sample 48: 0.1365
 -- Sample 49: 0.1322
Mean=0.2829, Std=0.1137
------------------------------------------------------------------
    Evaluating Ko et al (D0 N4)
Bias Error: using Single Component
Mean: 110.1545, Std: 151.4941
------------------------------------------------------------------
Magnitude Error: 
 -- Sample 0: mean=119.7023%; std=120.4017
 -- Sample 1: mean=134.3737%; std=133.3794
 -- Sample 2: mean=156.0227%; std=135.0295
 -- Sample 3: mean=143.3438%; std=124.9270
 -- Sample 4: mean=149.8406%; std=124.9174
 -- Sample 5: mean=141.6392%; std=117.7864
 -- Sample 6: mean=40.4122%; std=33.4788
 -- Sample 7: mean=37.3924%; std=35.7549
 -- Sample 8: mean=38.4178%; std=32.2421
 -- Sample 9: mean=36.4623%; std=33.4502
 -- Sample 10: mean=21.5574%; std=13.1859
 -- Sample 11: mean=22.8981%; std=14.8430
 -- Sample 12: mean=22.5673%; std=13.3829
 -- Sample 13: mean=23.5062%; std=14.7265
 -- Sample 14: mean=411.7813%; std=360.7656
 -- Sample 15: mean=433.8644%; std=392.6191
 -- Sample 16: mean=428.7054%; std=397.5600
 -- Sample 17: mean=438.8959%; std=389.6051
 -- Sample 18: mean=199.3383%; std=183.7817
 -- Sample 19: mean=205.0650%; std=182.9415
 -- Sample 20: mean=199.8273%; std=185.2215
 -- Sample 21: mean=204.8874%; std=189.7721
 -- Sample 22: mean=23.9896%; std=26.8004
 -- Sample 23: mean=25.6211%; std=26.8051
 -- Sample 24: mean=23.8414%; std=27.4400
 -- Sample 25: mean=23.0001%; std=24.2906
 -- Sample 26: mean=34.3033%; std=33.4326
 -- Sample 27: mean=32.4863%; std=31.4462
 -- Sample 28: mean=35.1374%; std=34.2452
 -- Sample 29: mean=33.7895%; std=33.4284
 -- Sample 30: mean=42.0819%; std=38.9157
 -- Sample 31: mean=41.8087%; std=41.9648
 -- Sample 32: mean=39.8195%; std=40.2301
 -- Sample 33: mean=42.4135%; std=43.5219
 -- Sample 34: mean=21.0321%; std=17.0613
 -- Sample 35: mean=22.0189%; std=15.5707
 -- Sample 36: mean=21.3481%; std=15.5999
 -- Sample 37: mean=21.3665%; std=15.6334
 -- Sample 38: mean=106.3462%; std=126.8834
 -- Sample 39: mean=101.0845%; std=125.3042
 -- Sample 40: mean=108.5464%; std=131.5011
 -- Sample 41: mean=105.7025%; std=128.6822
 -- Sample 42: mean=21.3535%; std=13.2013
 -- Sample 43: mean=22.5133%; std=15.2172
 -- Sample 44: mean=21.6550%; std=13.1922
 -- Sample 45: mean=23.7698%; std=14.6405
 -- Sample 46: mean=20.4997%; std=16.2331
 -- Sample 47: mean=20.4251%; std=16.0241
 -- Sample 48: mean=21.3630%; std=15.9950
 -- Sample 49: mean=21.0381%; std=16.2551
Mean: 93.7771%, Std: 113.9986%
------------------------------------------------------------------
Correlation comparison:
 -- Sample 0: 0.6353
 -- Sample 1: 0.6106
 -- Sample 2: 0.5887
 -- Sample 3: 0.6226
 -- Sample 4: 0.6382
 -- Sample 5: 0.6318
 -- Sample 6: 0.9005
 -- Sample 7: 0.8594
 -- Sample 8: 0.8979
 -- Sample 9: 0.8554
 -- Sample 10: 0.9306
 -- Sample 11: 0.9104
 -- Sample 12: 0.9266
 -- Sample 13: 0.9164
 -- Sample 14: 0.5431
 -- Sample 15: 0.5417
 -- Sample 16: 0.5466
 -- Sample 17: 0.5538
 -- Sample 18: 0.6341
 -- Sample 19: 0.6224
 -- Sample 20: 0.6149
 -- Sample 21: 0.5999
 -- Sample 22: 0.9014
 -- Sample 23: 0.8885
 -- Sample 24: 0.8995
 -- Sample 25: 0.8840
 -- Sample 26: 0.8326
 -- Sample 27: 0.8423
 -- Sample 28: 0.8426
 -- Sample 29: 0.8443
 -- Sample 30: 0.8084
 -- Sample 31: 0.8288
 -- Sample 32: 0.8438
 -- Sample 33: 0.8215
 -- Sample 34: 0.9108
 -- Sample 35: 0.9061
 -- Sample 36: 0.9023
 -- Sample 37: 0.9153
 -- Sample 38: 0.5626
 -- Sample 39: 0.5243
 -- Sample 40: 0.5527
 -- Sample 41: 0.5873
 -- Sample 42: 0.9343
 -- Sample 43: 0.9229
 -- Sample 44: 0.9343
 -- Sample 45: 0.9185
 -- Sample 46: 0.9092
 -- Sample 47: 0.9073
 -- Sample 48: 0.9034
 -- Sample 49: 0.9044
Mean=0.7803, Std=0.1478
------------------------------------------------------------------
    Evaluating Ko et al (D1 N4)
Bias Error: using Single Component
Mean: 36.8661, Std: 13.7478
------------------------------------------------------------------
Magnitude Error: 
 -- Sample 0: mean=53.3409%; std=26.5975
 -- Sample 1: mean=56.9337%; std=28.0393
 -- Sample 2: mean=36.0688%; std=24.3778
 -- Sample 3: mean=39.0589%; std=25.2914
 -- Sample 4: mean=37.9558%; std=26.0780
 -- Sample 5: mean=41.4320%; std=25.2334
 -- Sample 6: mean=36.7237%; std=20.3956
 -- Sample 7: mean=41.1740%; std=23.6638
 -- Sample 8: mean=41.5764%; std=20.2326
 -- Sample 9: mean=38.0342%; std=21.9169
 -- Sample 10: mean=60.0475%; std=7.7849
 -- Sample 11: mean=61.3047%; std=6.7136
 -- Sample 12: mean=60.6033%; std=6.4029
 -- Sample 13: mean=61.6753%; std=7.8094
 -- Sample 14: mean=80.1214%; std=78.7720
 -- Sample 15: mean=80.7997%; std=71.6226
 -- Sample 16: mean=79.6895%; std=67.2369
 -- Sample 17: mean=79.1769%; std=73.6075
 -- Sample 18: mean=56.5239%; std=31.5292
 -- Sample 19: mean=55.9457%; std=27.2871
 -- Sample 20: mean=49.9022%; std=26.9425
 -- Sample 21: mean=51.1885%; std=24.7341
 -- Sample 22: mean=38.3038%; std=10.1763
 -- Sample 23: mean=37.1619%; std=11.0743
 -- Sample 24: mean=40.2240%; std=11.1056
 -- Sample 25: mean=38.6247%; std=12.7788
 -- Sample 26: mean=42.3191%; std=23.1754
 -- Sample 27: mean=43.8075%; std=22.9678
 -- Sample 28: mean=40.0942%; std=22.4661
 -- Sample 29: mean=42.2661%; std=22.3377
 -- Sample 30: mean=35.2983%; std=15.3078
 -- Sample 31: mean=34.4213%; std=16.3758
 -- Sample 32: mean=35.3132%; std=16.1801
 -- Sample 33: mean=32.7206%; std=17.6583
 -- Sample 34: mean=54.7349%; std=13.1632
 -- Sample 35: mean=55.8865%; std=12.6315
 -- Sample 36: mean=54.1545%; std=13.3019
 -- Sample 37: mean=57.3311%; std=11.8741
 -- Sample 38: mean=50.8658%; std=59.1085
 -- Sample 39: mean=55.0628%; std=70.0480
 -- Sample 40: mean=55.1341%; std=70.6393
 -- Sample 41: mean=45.7878%; std=58.1952
 -- Sample 42: mean=45.7442%; std=12.9769
 -- Sample 43: mean=45.2957%; std=11.4867
 -- Sample 44: mean=45.7916%; std=12.1877
 -- Sample 45: mean=46.1846%; std=14.0335
 -- Sample 46: mean=38.5501%; std=15.5848
 -- Sample 47: mean=37.8099%; std=14.3232
 -- Sample 48: mean=36.9406%; std=16.7005
 -- Sample 49: mean=39.7367%; std=15.6636
Mean: 48.4969%, Std: 12.3887%
------------------------------------------------------------------
Correlation comparison:
 -- Sample 0: 0.6965
 -- Sample 1: 0.6263
 -- Sample 2: 0.7818
 -- Sample 3: 0.7217
 -- Sample 4: 0.7291
 -- Sample 5: 0.7401
 -- Sample 6: 0.9359
 -- Sample 7: 0.8991
 -- Sample 8: 0.9318
 -- Sample 9: 0.9172
 -- Sample 10: 0.9718
 -- Sample 11: 0.9771
 -- Sample 12: 0.9771
 -- Sample 13: 0.9697
 -- Sample 14: 0.6875
 -- Sample 15: 0.6357
 -- Sample 16: 0.7016
 -- Sample 17: 0.7207
 -- Sample 18: 0.7146
 -- Sample 19: 0.7331
 -- Sample 20: 0.8402
 -- Sample 21: 0.8183
 -- Sample 22: 0.9805
 -- Sample 23: 0.9755
 -- Sample 24: 0.9694
 -- Sample 25: 0.9695
 -- Sample 26: 0.8699
 -- Sample 27: 0.8651
 -- Sample 28: 0.8769
 -- Sample 29: 0.8752
 -- Sample 30: 0.9528
 -- Sample 31: 0.9530
 -- Sample 32: 0.9472
 -- Sample 33: 0.9431
 -- Sample 34: 0.9351
 -- Sample 35: 0.9341
 -- Sample 36: 0.9322
 -- Sample 37: 0.9370
 -- Sample 38: 0.5962
 -- Sample 39: 0.5295
 -- Sample 40: 0.5505
 -- Sample 41: 0.6322
 -- Sample 42: 0.9386
 -- Sample 43: 0.9589
 -- Sample 44: 0.9503
 -- Sample 45: 0.9312
 -- Sample 46: 0.9280
 -- Sample 47: 0.9356
 -- Sample 48: 0.9186
 -- Sample 49: 0.9240
Mean=0.8488, Std=0.1299
------------------------------------------------------------------
    Evaluating Ko et al (D2 N4)
Bias Error: using Single Component
Mean: 27.0857, Std: 15.7409
------------------------------------------------------------------
Magnitude Error: 
 -- Sample 0: mean=50.6171%; std=26.6391
 -- Sample 1: mean=45.2625%; std=30.9679
 -- Sample 2: mean=44.0829%; std=27.2203
 -- Sample 3: mean=49.2745%; std=31.2283
 -- Sample 4: mean=46.2900%; std=31.1107
 -- Sample 5: mean=48.3703%; std=30.1558
 -- Sample 6: mean=26.3338%; std=18.6829
 -- Sample 7: mean=26.9390%; std=20.0876
 -- Sample 8: mean=25.9721%; std=17.0693
 -- Sample 9: mean=28.1487%; std=18.8647
 -- Sample 10: mean=45.8248%; std=9.3411
 -- Sample 11: mean=46.0039%; std=9.0076
 -- Sample 12: mean=42.8367%; std=11.2010
 -- Sample 13: mean=42.9681%; std=10.3797
 -- Sample 14: mean=72.7228%; std=70.6265
 -- Sample 15: mean=88.3941%; std=107.3375
 -- Sample 16: mean=80.1695%; std=76.5734
 -- Sample 17: mean=94.9555%; std=100.5933
 -- Sample 18: mean=57.9760%; std=78.2965
 -- Sample 19: mean=55.5527%; std=81.2197
 -- Sample 20: mean=53.8264%; std=71.7519
 -- Sample 21: mean=57.5476%; std=72.8453
 -- Sample 22: mean=29.4686%; std=13.0555
 -- Sample 23: mean=28.8746%; std=12.8111
 -- Sample 24: mean=29.5768%; std=13.3117
 -- Sample 25: mean=30.0605%; std=13.2066
 -- Sample 26: mean=39.7848%; std=22.6575
 -- Sample 27: mean=40.6902%; std=21.5666
 -- Sample 28: mean=40.0157%; std=22.0149
 -- Sample 29: mean=36.3298%; std=21.0616
 -- Sample 30: mean=29.5122%; std=15.4280
 -- Sample 31: mean=28.2800%; std=15.7393
 -- Sample 32: mean=33.3353%; std=12.5477
 -- Sample 33: mean=28.8958%; std=14.3336
 -- Sample 34: mean=50.5317%; std=17.7479
 -- Sample 35: mean=51.3652%; std=16.5233
 -- Sample 36: mean=49.9775%; std=16.2709
 -- Sample 37: mean=52.4135%; std=18.2831
 -- Sample 38: mean=38.4413%; std=30.7764
 -- Sample 39: mean=41.2936%; std=35.7177
 -- Sample 40: mean=35.3664%; std=30.0711
 -- Sample 41: mean=33.8801%; std=34.4544
 -- Sample 42: mean=41.5636%; std=16.7059
 -- Sample 43: mean=43.4111%; std=16.3528
 -- Sample 44: mean=42.4764%; std=15.4506
 -- Sample 45: mean=40.3515%; std=15.6106
 -- Sample 46: mean=37.3614%; std=15.5769
 -- Sample 47: mean=35.3547%; std=15.8047
 -- Sample 48: mean=34.5450%; std=14.4240
 -- Sample 49: mean=35.8454%; std=14.5847
Mean: 43.7814%, Std: 14.8685%
------------------------------------------------------------------
Correlation comparison:
 -- Sample 0: 0.7852
 -- Sample 1: 0.8101
 -- Sample 2: 0.8352
 -- Sample 3: 0.7912
 -- Sample 4: 0.7740
 -- Sample 5: 0.8079
 -- Sample 6: 0.9351
 -- Sample 7: 0.9351
 -- Sample 8: 0.9262
 -- Sample 9: 0.9204
 -- Sample 10: 0.9781
 -- Sample 11: 0.9793
 -- Sample 12: 0.9695
 -- Sample 13: 0.9722
 -- Sample 14: 0.7421
 -- Sample 15: 0.7371
 -- Sample 16: 0.7244
 -- Sample 17: 0.6694
 -- Sample 18: 0.7582
 -- Sample 19: 0.7857
 -- Sample 20: 0.7799
 -- Sample 21: 0.7614
 -- Sample 22: 0.9689
 -- Sample 23: 0.9695
 -- Sample 24: 0.9685
 -- Sample 25: 0.9679
 -- Sample 26: 0.8757
 -- Sample 27: 0.8850
 -- Sample 28: 0.8863
 -- Sample 29: 0.9072
 -- Sample 30: 0.9652
 -- Sample 31: 0.9680
 -- Sample 32: 0.9785
 -- Sample 33: 0.9700
 -- Sample 34: 0.9162
 -- Sample 35: 0.9214
 -- Sample 36: 0.9272
 -- Sample 37: 0.9114
 -- Sample 38: 0.8458
 -- Sample 39: 0.8129
 -- Sample 40: 0.8649
 -- Sample 41: 0.8451
 -- Sample 42: 0.9243
 -- Sample 43: 0.9245
 -- Sample 44: 0.9302
 -- Sample 45: 0.9320
 -- Sample 46: 0.9315
 -- Sample 47: 0.9337
 -- Sample 48: 0.9458
 -- Sample 49: 0.9389
Mean=0.8839, Std=0.0827
------------------------------------------------------------------
    Evaluating Ko et al (D3 N4)
Bias Error: using Single Component
Mean: 26.4049, Std: 14.8328
------------------------------------------------------------------
Magnitude Error: 
 -- Sample 0: mean=45.9755%; std=32.6985
 -- Sample 1: mean=49.3689%; std=35.8927
 -- Sample 2: mean=46.5695%; std=43.7188
 -- Sample 3: mean=47.1534%; std=40.4712
 -- Sample 4: mean=42.7871%; std=35.7016
 -- Sample 5: mean=43.6336%; std=35.0710
 -- Sample 6: mean=26.5508%; std=21.2839
 -- Sample 7: mean=26.7327%; std=22.0662
 -- Sample 8: mean=27.2595%; std=22.3831
 -- Sample 9: mean=27.4233%; std=22.0211
 -- Sample 10: mean=45.3017%; std=12.4543
 -- Sample 11: mean=49.4137%; std=13.1616
 -- Sample 12: mean=50.2131%; std=13.9019
 -- Sample 13: mean=43.7181%; std=12.9283
 -- Sample 14: mean=35.0948%; std=34.6729
 -- Sample 15: mean=44.5710%; std=65.6098
 -- Sample 16: mean=46.6993%; std=52.3546
 -- Sample 17: mean=38.5275%; std=52.1963
 -- Sample 18: mean=40.3809%; std=39.7263
 -- Sample 19: mean=50.4358%; std=46.7230
 -- Sample 20: mean=48.2454%; std=36.1146
 -- Sample 21: mean=42.3004%; std=27.8898
 -- Sample 22: mean=26.9986%; std=15.5693
 -- Sample 23: mean=27.3895%; std=14.5962
 -- Sample 24: mean=28.3456%; std=16.2387
 -- Sample 25: mean=31.0032%; std=15.7107
 -- Sample 26: mean=39.7091%; std=15.6704
 -- Sample 27: mean=36.9563%; std=15.2832
 -- Sample 28: mean=36.7925%; std=15.2463
 -- Sample 29: mean=37.1834%; std=15.7625
 -- Sample 30: mean=28.7061%; std=18.1829
 -- Sample 31: mean=28.2897%; std=15.7839
 -- Sample 32: mean=28.8617%; std=17.1759
 -- Sample 33: mean=28.4771%; std=16.7612
 -- Sample 34: mean=47.6314%; std=15.0290
 -- Sample 35: mean=50.5142%; std=15.3744
 -- Sample 36: mean=49.8117%; std=15.1545
 -- Sample 37: mean=49.7601%; std=15.1473
 -- Sample 38: mean=35.5169%; std=32.1498
 -- Sample 39: mean=40.1608%; std=40.1806
 -- Sample 40: mean=39.5031%; std=37.7365
 -- Sample 41: mean=37.8890%; std=32.6314
 -- Sample 42: mean=46.8738%; std=17.5765
 -- Sample 43: mean=43.7870%; std=18.7707
 -- Sample 44: mean=44.6538%; std=16.5333
 -- Sample 45: mean=45.2164%; std=17.9737
 -- Sample 46: mean=30.7824%; std=17.4927
 -- Sample 47: mean=32.7578%; std=18.0912
 -- Sample 48: mean=31.7801%; std=19.0584
 -- Sample 49: mean=32.2788%; std=16.1298
Mean: 39.1197%, Std: 8.0508%
------------------------------------------------------------------
Correlation comparison:
 -- Sample 0: 0.8003
 -- Sample 1: 0.7607
 -- Sample 2: 0.8113
 -- Sample 3: 0.8087
 -- Sample 4: 0.8415
 -- Sample 5: 0.8468
 -- Sample 6: 0.9127
 -- Sample 7: 0.9049
 -- Sample 8: 0.8965
 -- Sample 9: 0.8966
 -- Sample 10: 0.9556
 -- Sample 11: 0.9527
 -- Sample 12: 0.9470
 -- Sample 13: 0.9596
 -- Sample 14: 0.9035
 -- Sample 15: 0.8378
 -- Sample 16: 0.8371
 -- Sample 17: 0.8782
 -- Sample 18: 0.8783
 -- Sample 19: 0.8232
 -- Sample 20: 0.8414
 -- Sample 21: 0.8871
 -- Sample 22: 0.9571
 -- Sample 23: 0.9598
 -- Sample 24: 0.9501
 -- Sample 25: 0.9481
 -- Sample 26: 0.9304
 -- Sample 27: 0.9360
 -- Sample 28: 0.9443
 -- Sample 29: 0.9384
 -- Sample 30: 0.9292
 -- Sample 31: 0.9485
 -- Sample 32: 0.9448
 -- Sample 33: 0.9357
 -- Sample 34: 0.9334
 -- Sample 35: 0.9268
 -- Sample 36: 0.9273
 -- Sample 37: 0.9278
 -- Sample 38: 0.8321
 -- Sample 39: 0.7819
 -- Sample 40: 0.7963
 -- Sample 41: 0.8176
 -- Sample 42: 0.8832
 -- Sample 43: 0.8794
 -- Sample 44: 0.9067
 -- Sample 45: 0.8817
 -- Sample 46: 0.9234
 -- Sample 47: 0.9119
 -- Sample 48: 0.9059
 -- Sample 49: 0.9275
Mean=0.8933, Std=0.0540
------------------------------------------------------------------
    Evaluating Ko et al (D3 N0)
Bias Error: using Single Component
Mean: 31.3200, Std: 15.4407
------------------------------------------------------------------
Magnitude Error: 
 -- Sample 0: mean=49.6627%; std=41.4529
 -- Sample 1: mean=53.6196%; std=35.9141
 -- Sample 2: mean=52.1448%; std=41.2323
 -- Sample 3: mean=57.1333%; std=51.7976
 -- Sample 4: mean=59.9339%; std=42.7748
 -- Sample 5: mean=64.7280%; std=45.8922
 -- Sample 6: mean=47.4223%; std=20.0413
 -- Sample 7: mean=31.8636%; std=19.2312
 -- Sample 8: mean=35.7185%; std=22.8419
 -- Sample 9: mean=29.1715%; std=19.9010
 -- Sample 10: mean=48.7274%; std=13.0745
 -- Sample 11: mean=52.7612%; std=11.4963
 -- Sample 12: mean=46.8923%; std=11.0760
 -- Sample 13: mean=58.6309%; std=13.2763
 -- Sample 14: mean=95.6023%; std=108.8822
 -- Sample 15: mean=77.8859%; std=84.2683
 -- Sample 16: mean=105.0793%; std=98.4424
 -- Sample 17: mean=58.5836%; std=73.6472
 -- Sample 18: mean=56.3059%; std=61.7265
 -- Sample 19: mean=72.8762%; std=88.0676
 -- Sample 20: mean=60.0941%; std=63.2237
 -- Sample 21: mean=46.8362%; std=36.0070
 -- Sample 22: mean=35.4744%; std=13.4725
 -- Sample 23: mean=31.1172%; std=16.3089
 -- Sample 24: mean=30.6010%; std=14.3689
 -- Sample 25: mean=28.3416%; std=14.4232
 -- Sample 26: mean=35.8489%; std=18.7856
 -- Sample 27: mean=32.8959%; std=19.2836
 -- Sample 28: mean=42.8669%; std=19.1220
 -- Sample 29: mean=38.0849%; std=21.2379
 -- Sample 30: mean=37.2866%; std=20.3831
 -- Sample 31: mean=35.8385%; std=15.6920
 -- Sample 32: mean=36.1022%; std=18.8003
 -- Sample 33: mean=35.3024%; std=18.5473
 -- Sample 34: mean=45.4925%; std=17.7847
 -- Sample 35: mean=55.1659%; std=11.9883
 -- Sample 36: mean=46.7966%; std=17.4853
 -- Sample 37: mean=50.3127%; std=14.1923
 -- Sample 38: mean=42.2551%; std=36.9356
 -- Sample 39: mean=52.3391%; std=62.3749
 -- Sample 40: mean=59.7081%; std=67.5325
 -- Sample 41: mean=46.4656%; std=58.0332
 -- Sample 42: mean=45.8644%; std=15.2335
 -- Sample 43: mean=48.7478%; std=16.7281
 -- Sample 44: mean=45.9580%; std=14.3983
 -- Sample 45: mean=41.5096%; std=11.6460
 -- Sample 46: mean=36.5595%; std=13.1635
 -- Sample 47: mean=38.4801%; std=15.6469
 -- Sample 48: mean=36.6313%; std=17.0326
 -- Sample 49: mean=38.8595%; std=15.6608
Mean: 48.2516%, Std: 15.3366%
------------------------------------------------------------------
Correlation comparison:
 -- Sample 0: 0.7125
 -- Sample 1: 0.7271
 -- Sample 2: 0.7075
 -- Sample 3: 0.6915
 -- Sample 4: 0.6919
 -- Sample 5: 0.6485
 -- Sample 6: 0.9125
 -- Sample 7: 0.9296
 -- Sample 8: 0.8844
 -- Sample 9: 0.9104
 -- Sample 10: 0.9526
 -- Sample 11: 0.9563
 -- Sample 12: 0.9707
 -- Sample 13: 0.9186
 -- Sample 14: 0.6435
 -- Sample 15: 0.7244
 -- Sample 16: 0.6228
 -- Sample 17: 0.7097
 -- Sample 18: 0.8074
 -- Sample 19: 0.6165
 -- Sample 20: 0.7053
 -- Sample 21: 0.7681
 -- Sample 22: 0.9408
 -- Sample 23: 0.9213
 -- Sample 24: 0.9627
 -- Sample 25: 0.9612
 -- Sample 26: 0.9003
 -- Sample 27: 0.8971
 -- Sample 28: 0.8498
 -- Sample 29: 0.8609
 -- Sample 30: 0.8858
 -- Sample 31: 0.9196
 -- Sample 32: 0.8891
 -- Sample 33: 0.8915
 -- Sample 34: 0.9164
 -- Sample 35: 0.9498
 -- Sample 36: 0.9177
 -- Sample 37: 0.9407
 -- Sample 38: 0.7539
 -- Sample 39: 0.4969
 -- Sample 40: 0.4986
 -- Sample 41: 0.5426
 -- Sample 42: 0.9250
 -- Sample 43: 0.9090
 -- Sample 44: 0.9328
 -- Sample 45: 0.9655
 -- Sample 46: 0.9338
 -- Sample 47: 0.9218
 -- Sample 48: 0.9049
 -- Sample 49: 0.9187
Mean=0.8304, Std=0.1324
------------------------------------------------------------------
    Evaluating Ko et al (D3 N1)
Bias Error: using Single Component
Mean: 30.3110, Std: 14.7954
------------------------------------------------------------------
Magnitude Error: 
 -- Sample 0: mean=54.9043%; std=38.7469
 -- Sample 1: mean=61.0516%; std=39.1491
 -- Sample 2: mean=60.3632%; std=42.0747
 -- Sample 3: mean=56.2514%; std=45.1044
 -- Sample 4: mean=49.9591%; std=32.8051
 -- Sample 5: mean=62.0116%; std=44.4799
 -- Sample 6: mean=31.8819%; std=22.0056
 -- Sample 7: mean=29.0386%; std=20.3593
 -- Sample 8: mean=34.8374%; std=23.1490
 -- Sample 9: mean=32.2426%; std=19.1474
 -- Sample 10: mean=42.8497%; std=10.5295
 -- Sample 11: mean=53.2629%; std=11.1626
 -- Sample 12: mean=44.7049%; std=13.8054
 -- Sample 13: mean=54.5511%; std=10.7876
 -- Sample 14: mean=99.5668%; std=109.5814
 -- Sample 15: mean=105.1307%; std=114.9499
 -- Sample 16: mean=91.2734%; std=95.9694
 -- Sample 17: mean=78.9372%; std=98.8153
 -- Sample 18: mean=58.7851%; std=69.3486
 -- Sample 19: mean=48.9075%; std=67.3718
 -- Sample 20: mean=64.4102%; std=73.9993
 -- Sample 21: mean=48.5590%; std=41.1906
 -- Sample 22: mean=26.1573%; std=14.1395
 -- Sample 23: mean=23.9352%; std=14.0542
 -- Sample 24: mean=20.8671%; std=11.6713
 -- Sample 25: mean=25.3833%; std=12.3378
 -- Sample 26: mean=34.5618%; std=19.7684
 -- Sample 27: mean=34.7043%; std=18.5513
 -- Sample 28: mean=39.0978%; std=20.4057
 -- Sample 29: mean=34.9028%; std=17.4812
 -- Sample 30: mean=29.6782%; std=17.6580
 -- Sample 31: mean=30.1341%; std=18.7490
 -- Sample 32: mean=28.1157%; std=17.8658
 -- Sample 33: mean=34.7903%; std=18.7892
 -- Sample 34: mean=35.1897%; std=13.5061
 -- Sample 35: mean=41.7023%; std=17.2089
 -- Sample 36: mean=43.9305%; std=14.3209
 -- Sample 37: mean=41.6203%; std=14.1998
 -- Sample 38: mean=37.5598%; std=32.9730
 -- Sample 39: mean=40.9594%; std=55.1115
 -- Sample 40: mean=43.5423%; std=64.5356
 -- Sample 41: mean=42.0489%; std=58.0611
 -- Sample 42: mean=41.3377%; std=12.6572
 -- Sample 43: mean=40.6287%; std=13.4443
 -- Sample 44: mean=39.7754%; std=13.0090
 -- Sample 45: mean=38.3236%; std=13.3967
 -- Sample 46: mean=32.9920%; std=14.1593
 -- Sample 47: mean=29.9709%; std=14.9156
 -- Sample 48: mean=30.1595%; std=14.3388
 -- Sample 49: mean=33.5188%; std=13.9104
Mean: 44.7814%, Std: 18.0884%
------------------------------------------------------------------
Correlation comparison:
 -- Sample 0: 0.7618
 -- Sample 1: 0.7288
 -- Sample 2: 0.7790
 -- Sample 3: 0.7416
 -- Sample 4: 0.7732
 -- Sample 5: 0.7002
 -- Sample 6: 0.9246
 -- Sample 7: 0.9122
 -- Sample 8: 0.8772
 -- Sample 9: 0.9026
 -- Sample 10: 0.9742
 -- Sample 11: 0.9590
 -- Sample 12: 0.9588
 -- Sample 13: 0.9559
 -- Sample 14: 0.6816
 -- Sample 15: 0.6805
 -- Sample 16: 0.6913
 -- Sample 17: 0.6655
 -- Sample 18: 0.7912
 -- Sample 19: 0.8049
 -- Sample 20: 0.7079
 -- Sample 21: 0.7832
 -- Sample 22: 0.9622
 -- Sample 23: 0.9569
 -- Sample 24: 0.9693
 -- Sample 25: 0.9703
 -- Sample 26: 0.9039
 -- Sample 27: 0.9027
 -- Sample 28: 0.8632
 -- Sample 29: 0.9170
 -- Sample 30: 0.9165
 -- Sample 31: 0.9035
 -- Sample 32: 0.9338
 -- Sample 33: 0.8933
 -- Sample 34: 0.9623
 -- Sample 35: 0.9505
 -- Sample 36: 0.9585
 -- Sample 37: 0.9631
 -- Sample 38: 0.7697
 -- Sample 39: 0.5616
 -- Sample 40: 0.5836
 -- Sample 41: 0.5386
 -- Sample 42: 0.9569
 -- Sample 43: 0.9514
 -- Sample 44: 0.9585
 -- Sample 45: 0.9562
 -- Sample 46: 0.9392
 -- Sample 47: 0.9435
 -- Sample 48: 0.9417
 -- Sample 49: 0.9418
Mean=0.8545, Std=0.1216
------------------------------------------------------------------
    Evaluating Ko et al (D3 N2)
Bias Error: using Single Component
Mean: 28.5154, Std: 16.2132
------------------------------------------------------------------
Magnitude Error: 
 -- Sample 0: mean=51.0467%; std=39.6402
 -- Sample 1: mean=52.7090%; std=45.0406
 -- Sample 2: mean=51.0839%; std=33.2167
 -- Sample 3: mean=52.3843%; std=38.3729
 -- Sample 4: mean=45.6653%; std=30.8905
 -- Sample 5: mean=63.9515%; std=50.1662
 -- Sample 6: mean=37.3571%; std=21.7723
 -- Sample 7: mean=30.0793%; std=21.3113
 -- Sample 8: mean=31.5376%; std=25.0537
 -- Sample 9: mean=29.0702%; std=19.8309
 -- Sample 10: mean=43.7101%; std=11.2742
 -- Sample 11: mean=55.3400%; std=9.6817
 -- Sample 12: mean=51.8372%; std=12.2351
 -- Sample 13: mean=59.2437%; std=9.5994
 -- Sample 14: mean=52.7425%; std=42.6605
 -- Sample 15: mean=88.8786%; std=75.4108
 -- Sample 16: mean=57.4991%; std=41.0355
 -- Sample 17: mean=76.5563%; std=75.1004
 -- Sample 18: mean=55.8563%; std=49.1469
 -- Sample 19: mean=41.6534%; std=32.0314
 -- Sample 20: mean=54.1718%; std=45.2300
 -- Sample 21: mean=50.5622%; std=46.2660
 -- Sample 22: mean=30.9092%; std=12.8198
 -- Sample 23: mean=31.4225%; std=11.5346
 -- Sample 24: mean=34.2284%; std=14.9362
 -- Sample 25: mean=39.0309%; std=11.4223
 -- Sample 26: mean=38.0445%; std=17.5465
 -- Sample 27: mean=39.2447%; std=18.4091
 -- Sample 28: mean=37.4726%; std=21.1672
 -- Sample 29: mean=39.3278%; std=16.6367
 -- Sample 30: mean=28.7601%; std=16.4853
 -- Sample 31: mean=30.4294%; std=19.8401
 -- Sample 32: mean=34.3698%; std=17.4679
 -- Sample 33: mean=33.1702%; std=20.7799
 -- Sample 34: mean=47.2329%; std=14.3704
 -- Sample 35: mean=51.8086%; std=10.4664
 -- Sample 36: mean=48.3500%; std=14.8767
 -- Sample 37: mean=47.1790%; std=14.0602
 -- Sample 38: mean=46.6249%; std=53.1654
 -- Sample 39: mean=42.5594%; std=54.0229
 -- Sample 40: mean=52.3474%; std=58.6763
 -- Sample 41: mean=46.0698%; std=60.7435
 -- Sample 42: mean=43.3471%; std=14.8529
 -- Sample 43: mean=49.6235%; std=14.3899
 -- Sample 44: mean=46.0941%; std=14.2735
 -- Sample 45: mean=43.0148%; std=12.6147
 -- Sample 46: mean=34.9952%; std=13.8633
 -- Sample 47: mean=36.1288%; std=14.0845
 -- Sample 48: mean=34.9685%; std=14.8663
 -- Sample 49: mean=33.9399%; std=12.2319
Mean: 45.0726%, Std: 11.8309%
------------------------------------------------------------------
Correlation comparison:
 -- Sample 0: 0.7599
 -- Sample 1: 0.7720
 -- Sample 2: 0.7701
 -- Sample 3: 0.7509
 -- Sample 4: 0.7433
 -- Sample 5: 0.7107
 -- Sample 6: 0.8987
 -- Sample 7: 0.9276
 -- Sample 8: 0.9040
 -- Sample 9: 0.9298
 -- Sample 10: 0.9646
 -- Sample 11: 0.9625
 -- Sample 12: 0.9552
 -- Sample 13: 0.9575
 -- Sample 14: 0.8151
 -- Sample 15: 0.6068
 -- Sample 16: 0.7534
 -- Sample 17: 0.6471
 -- Sample 18: 0.8110
 -- Sample 19: 0.8690
 -- Sample 20: 0.7799
 -- Sample 21: 0.8303
 -- Sample 22: 0.9679
 -- Sample 23: 0.9702
 -- Sample 24: 0.9440
 -- Sample 25: 0.9507
 -- Sample 26: 0.9164
 -- Sample 27: 0.9159
 -- Sample 28: 0.8750
 -- Sample 29: 0.8823
 -- Sample 30: 0.9360
 -- Sample 31: 0.9156
 -- Sample 32: 0.9228
 -- Sample 33: 0.9030
 -- Sample 34: 0.9546
 -- Sample 35: 0.9713
 -- Sample 36: 0.9482
 -- Sample 37: 0.9580
 -- Sample 38: 0.7165
 -- Sample 39: 0.6877
 -- Sample 40: 0.6459
 -- Sample 41: 0.6136
 -- Sample 42: 0.9374
 -- Sample 43: 0.9343
 -- Sample 44: 0.9419
 -- Sample 45: 0.9505
 -- Sample 46: 0.9468
 -- Sample 47: 0.9426
 -- Sample 48: 0.9421
 -- Sample 49: 0.9553
Mean=0.8653, Std=0.1068
------------------------------------------------------------------
    Evaluating Ko et al (D3 N3)
Bias Error: using Single Component
Mean: 27.2286, Std: 13.0067
------------------------------------------------------------------
Magnitude Error: 
 -- Sample 0: mean=42.6137%; std=28.7289
 -- Sample 1: mean=42.8898%; std=26.4590
 -- Sample 2: mean=47.3552%; std=35.0522
 -- Sample 3: mean=48.3097%; std=41.0975
 -- Sample 4: mean=44.8781%; std=35.1956
 -- Sample 5: mean=44.8814%; std=35.5698
 -- Sample 6: mean=34.4896%; std=23.4660
 -- Sample 7: mean=33.1546%; std=22.1149
 -- Sample 8: mean=33.0161%; std=23.0168
 -- Sample 9: mean=29.8280%; std=20.2060
 -- Sample 10: mean=43.0881%; std=10.7302
 -- Sample 11: mean=49.9258%; std=12.4131
 -- Sample 12: mean=41.6261%; std=10.9418
 -- Sample 13: mean=49.5503%; std=11.2601
 -- Sample 14: mean=60.5031%; std=58.2831
 -- Sample 15: mean=63.3648%; std=70.7045
 -- Sample 16: mean=54.0535%; std=52.7395
 -- Sample 17: mean=55.3921%; std=41.9797
 -- Sample 18: mean=55.4137%; std=68.4814
 -- Sample 19: mean=46.4215%; std=27.5042
 -- Sample 20: mean=54.1994%; std=50.0429
 -- Sample 21: mean=54.5784%; std=50.7993
 -- Sample 22: mean=31.4535%; std=15.2877
 -- Sample 23: mean=35.8124%; std=13.7518
 -- Sample 24: mean=29.2094%; std=15.1761
 -- Sample 25: mean=35.3816%; std=13.9072
 -- Sample 26: mean=34.1523%; std=18.8420
 -- Sample 27: mean=35.6437%; std=18.3782
 -- Sample 28: mean=37.6263%; std=21.0321
 -- Sample 29: mean=37.0529%; std=20.6031
 -- Sample 30: mean=26.4839%; std=15.2176
 -- Sample 31: mean=33.6180%; std=20.4756
 -- Sample 32: mean=30.2357%; std=16.8848
 -- Sample 33: mean=31.1353%; std=17.2592
 -- Sample 34: mean=42.9905%; std=15.3188
 -- Sample 35: mean=49.5153%; std=16.2198
 -- Sample 36: mean=41.4790%; std=18.2347
 -- Sample 37: mean=43.6745%; std=14.1612
 -- Sample 38: mean=47.0418%; std=44.6713
 -- Sample 39: mean=39.6814%; std=32.9349
 -- Sample 40: mean=41.0122%; std=35.0105
 -- Sample 41: mean=41.4383%; std=43.0681
 -- Sample 42: mean=37.6616%; std=15.5595
 -- Sample 43: mean=43.2108%; std=15.0925
 -- Sample 44: mean=45.5217%; std=13.6305
 -- Sample 45: mean=41.1433%; std=13.6202
 -- Sample 46: mean=34.1041%; std=16.9920
 -- Sample 47: mean=29.2017%; std=16.7925
 -- Sample 48: mean=29.5105%; std=16.6619
 -- Sample 49: mean=30.5156%; std=16.6722
Mean: 41.3008%, Std: 8.8164%
------------------------------------------------------------------
Correlation comparison:
 -- Sample 0: 0.8066
 -- Sample 1: 0.8255
 -- Sample 2: 0.7916
 -- Sample 3: 0.7971
 -- Sample 4: 0.7891
 -- Sample 5: 0.8120
 -- Sample 6: 0.8629
 -- Sample 7: 0.9056
 -- Sample 8: 0.8912
 -- Sample 9: 0.9174
 -- Sample 10: 0.9676
 -- Sample 11: 0.9498
 -- Sample 12: 0.9728
 -- Sample 13: 0.9580
 -- Sample 14: 0.7245
 -- Sample 15: 0.7452
 -- Sample 16: 0.8168
 -- Sample 17: 0.8400
 -- Sample 18: 0.7782
 -- Sample 19: 0.8685
 -- Sample 20: 0.8052
 -- Sample 21: 0.8108
 -- Sample 22: 0.9547
 -- Sample 23: 0.9550
 -- Sample 24: 0.9600
 -- Sample 25: 0.9555
 -- Sample 26: 0.9044
 -- Sample 27: 0.9141
 -- Sample 28: 0.8819
 -- Sample 29: 0.8743
 -- Sample 30: 0.9489
 -- Sample 31: 0.9070
 -- Sample 32: 0.9598
 -- Sample 33: 0.9489
 -- Sample 34: 0.9507
 -- Sample 35: 0.9303
 -- Sample 36: 0.9260
 -- Sample 37: 0.9563
 -- Sample 38: 0.7137
 -- Sample 39: 0.8273
 -- Sample 40: 0.8050
 -- Sample 41: 0.7135
 -- Sample 42: 0.9315
 -- Sample 43: 0.9333
 -- Sample 44: 0.9331
 -- Sample 45: 0.9485
 -- Sample 46: 0.9231
 -- Sample 47: 0.9322
 -- Sample 48: 0.9365
 -- Sample 49: 0.9301
Mean=0.8818, Std=0.0746
------------------------------------------------------------------
  Processing Batch 3 (Size: 20)...
    Evaluating Javier Santos (D0 N4)
Bias Error: using Single Component
Mean: 8.7779, Std: 1.9915
------------------------------------------------------------------
Magnitude Error: 
 -- Sample 0: mean=28.9087%; std=16.0410
 -- Sample 1: mean=26.8430%; std=15.6436
 -- Sample 2: mean=29.1306%; std=15.8787
 -- Sample 3: mean=26.4561%; std=16.3017
 -- Sample 4: mean=26.6066%; std=13.8496
 -- Sample 5: mean=26.6578%; std=14.5824
 -- Sample 6: mean=26.6124%; std=13.2115
 -- Sample 7: mean=28.1624%; std=15.2143
 -- Sample 8: mean=21.8006%; std=13.6818
 -- Sample 9: mean=21.3735%; std=13.9984
 -- Sample 10: mean=22.2912%; std=13.9814
 -- Sample 11: mean=20.9647%; std=14.9911
 -- Sample 12: mean=26.5044%; std=18.1021
 -- Sample 13: mean=26.2883%; std=17.0533
 -- Sample 14: mean=26.9703%; std=18.4421
 -- Sample 15: mean=28.1091%; std=17.0901
 -- Sample 16: mean=25.7463%; std=16.0003
 -- Sample 17: mean=27.5508%; std=16.6077
 -- Sample 18: mean=25.5461%; std=16.3191
 -- Sample 19: mean=30.0898%; std=18.3176
Mean: 26.1306%, Std: 2.5295%
------------------------------------------------------------------
Correlation comparison:
 -- Sample 0: 0.8814
 -- Sample 1: 0.8857
 -- Sample 2: 0.8906
 -- Sample 3: 0.8869
 -- Sample 4: 0.9126
 -- Sample 5: 0.9054
 -- Sample 6: 0.9179
 -- Sample 7: 0.8910
 -- Sample 8: 0.9391
 -- Sample 9: 0.9319
 -- Sample 10: 0.9335
 -- Sample 11: 0.9288
 -- Sample 12: 0.8670
 -- Sample 13: 0.8787
 -- Sample 14: 0.8649
 -- Sample 15: 0.8582
 -- Sample 16: 0.9133
 -- Sample 17: 0.9005
 -- Sample 18: 0.9102
 -- Sample 19: 0.8824
Mean=0.8990, Std=0.0234
------------------------------------------------------------------
    Evaluating Javier Santos (D1 N4)
Bias Error: using Single Component
Mean: 46.5025, Std: 4.0768
------------------------------------------------------------------
Magnitude Error: 
 -- Sample 0: mean=35.0812%; std=12.4635
 -- Sample 1: mean=35.5612%; std=12.0613
 -- Sample 2: mean=36.8180%; std=11.8450
 -- Sample 3: mean=34.8376%; std=13.2470
 -- Sample 4: mean=42.5644%; std=11.6195
 -- Sample 5: mean=42.8411%; std=12.3841
 -- Sample 6: mean=42.4574%; std=12.3921
 -- Sample 7: mean=43.0166%; std=12.5646
 -- Sample 8: mean=42.5677%; std=13.1229
 -- Sample 9: mean=42.7104%; std=12.4801
 -- Sample 10: mean=41.8354%; std=13.3553
 -- Sample 11: mean=40.7379%; std=12.7713
 -- Sample 12: mean=47.3779%; std=14.5872
 -- Sample 13: mean=46.8669%; std=14.1100
 -- Sample 14: mean=45.9434%; std=11.6537
 -- Sample 15: mean=46.0758%; std=12.9655
 -- Sample 16: mean=48.7178%; std=13.9760
 -- Sample 17: mean=48.9553%; std=13.6296
 -- Sample 18: mean=48.4460%; std=14.3190
 -- Sample 19: mean=48.7051%; std=15.0159
Mean: 43.1059%, Std: 4.5416%
------------------------------------------------------------------
Correlation comparison:
 -- Sample 0: 0.9734
 -- Sample 1: 0.9733
 -- Sample 2: 0.9732
 -- Sample 3: 0.9698
 -- Sample 4: 0.9713
 -- Sample 5: 0.9678
 -- Sample 6: 0.9675
 -- Sample 7: 0.9671
 -- Sample 8: 0.9673
 -- Sample 9: 0.9700
 -- Sample 10: 0.9686
 -- Sample 11: 0.9710
 -- Sample 12: 0.9516
 -- Sample 13: 0.9549
 -- Sample 14: 0.9685
 -- Sample 15: 0.9626
 -- Sample 16: 0.9592
 -- Sample 17: 0.9618
 -- Sample 18: 0.9589
 -- Sample 19: 0.9539
Mean=0.9656, Std=0.0066
------------------------------------------------------------------
    Evaluating Javier Santos (D2 N4)
Bias Error: using Single Component
Mean: 96.3437, Std: 0.2653
------------------------------------------------------------------
Magnitude Error: 
 -- Sample 0: mean=95.7586%; std=2.6188
 -- Sample 1: mean=95.7283%; std=2.7401
 -- Sample 2: mean=95.8480%; std=2.8237
 -- Sample 3: mean=95.6352%; std=2.6841
 -- Sample 4: mean=95.9815%; std=2.4672
 -- Sample 5: mean=96.0976%; std=2.4109
 -- Sample 6: mean=96.1461%; std=2.4360
 -- Sample 7: mean=96.0226%; std=2.5220
 -- Sample 8: mean=95.7278%; std=2.7134
 -- Sample 9: mean=95.7825%; std=2.8093
 -- Sample 10: mean=95.8060%; std=2.8275
 -- Sample 11: mean=95.9883%; std=2.5559
 -- Sample 12: mean=96.2150%; std=2.5595
 -- Sample 13: mean=96.2666%; std=2.4879
 -- Sample 14: mean=96.3562%; std=2.3900
 -- Sample 15: mean=96.2509%; std=2.3593
 -- Sample 16: mean=96.2624%; std=2.5681
 -- Sample 17: mean=96.3578%; std=2.6039
 -- Sample 18: mean=96.4410%; std=2.4632
 -- Sample 19: mean=96.3634%; std=2.4676
Mean: 96.0518%, Std: 0.2506%
------------------------------------------------------------------
Correlation comparison:
 -- Sample 0: 0.5549
 -- Sample 1: 0.5478
 -- Sample 2: 0.5125
 -- Sample 3: 0.5683
 -- Sample 4: 0.5837
 -- Sample 5: 0.5701
 -- Sample 6: 0.5580
 -- Sample 7: 0.5910
 -- Sample 8: 0.5716
 -- Sample 9: 0.5491
 -- Sample 10: 0.5318
 -- Sample 11: 0.5431
 -- Sample 12: 0.5337
 -- Sample 13: 0.5220
 -- Sample 14: 0.5016
 -- Sample 15: 0.5386
 -- Sample 16: 0.5391
 -- Sample 17: 0.5243
 -- Sample 18: 0.5201
 -- Sample 19: 0.5458
Mean=0.5453, Std=0.0231
------------------------------------------------------------------
    Evaluating Javier Santos (D3 N4)
Bias Error: using Single Component
Mean: 99.7842, Std: 0.0863
------------------------------------------------------------------
Magnitude Error: 
 -- Sample 0: mean=98.8805%; std=0.9171
 -- Sample 1: mean=98.9442%; std=0.8851
 -- Sample 2: mean=98.8666%; std=0.9633
 -- Sample 3: mean=98.9568%; std=0.9181
 -- Sample 4: mean=98.9934%; std=0.8155
 -- Sample 5: mean=99.0566%; std=0.7551
 -- Sample 6: mean=99.0140%; std=0.8221
 -- Sample 7: mean=99.0139%; std=0.7947
 -- Sample 8: mean=98.9983%; std=0.7935
 -- Sample 9: mean=99.0160%; std=0.7759
 -- Sample 10: mean=98.9561%; std=0.8133
 -- Sample 11: mean=98.9502%; std=0.8296
 -- Sample 12: mean=98.9745%; std=0.8736
 -- Sample 13: mean=99.0015%; std=0.8658
 -- Sample 14: mean=99.0313%; std=0.8240
 -- Sample 15: mean=98.9745%; std=0.9185
 -- Sample 16: mean=99.0613%; std=0.8202
 -- Sample 17: mean=99.1174%; std=0.7473
 -- Sample 18: mean=99.0499%; std=0.7490
 -- Sample 19: mean=99.0362%; std=0.8648
Mean: 98.9947%, Std: 0.0585%
------------------------------------------------------------------
Correlation comparison:
 -- Sample 0: 0.1622
 -- Sample 1: 0.1682
 -- Sample 2: 0.1589
 -- Sample 3: 0.1541
 -- Sample 4: 0.2106
 -- Sample 5: 0.2233
 -- Sample 6: 0.2088
 -- Sample 7: 0.2300
 -- Sample 8: 0.2936
 -- Sample 9: 0.3049
 -- Sample 10: 0.2694
 -- Sample 11: 0.2754
 -- Sample 12: 0.2877
 -- Sample 13: 0.2334
 -- Sample 14: 0.2423
 -- Sample 15: 0.1951
 -- Sample 16: 0.2763
 -- Sample 17: 0.2751
 -- Sample 18: 0.2895
 -- Sample 19: 0.2332
Mean=0.2346, Std=0.0476
------------------------------------------------------------------
    Evaluating Ko et al (D0 N4)
Bias Error: using Single Component
Mean: 9.4274, Std: 7.0509
------------------------------------------------------------------
Magnitude Error: 
 -- Sample 0: mean=28.1584%; std=16.6166
 -- Sample 1: mean=26.9728%; std=16.0284
 -- Sample 2: mean=25.6841%; std=15.4938
 -- Sample 3: mean=25.6283%; std=15.0457
 -- Sample 4: mean=24.8100%; std=18.4486
 -- Sample 5: mean=26.1357%; std=20.5846
 -- Sample 6: mean=25.1542%; std=18.3083
 -- Sample 7: mean=25.9337%; std=19.2076
 -- Sample 8: mean=26.3912%; std=18.9421
 -- Sample 9: mean=25.6019%; std=18.6915
 -- Sample 10: mean=24.8066%; std=20.3747
 -- Sample 11: mean=24.9833%; std=20.1553
 -- Sample 12: mean=22.9131%; std=21.4566
 -- Sample 13: mean=20.5886%; std=18.9006
 -- Sample 14: mean=22.4179%; std=21.2873
 -- Sample 15: mean=20.9071%; std=18.5399
 -- Sample 16: mean=31.6441%; std=26.2026
 -- Sample 17: mean=31.5310%; std=26.7223
 -- Sample 18: mean=29.7842%; std=25.4985
 -- Sample 19: mean=29.3709%; std=26.5742
Mean: 25.9709%, Std: 2.9704%
------------------------------------------------------------------
Correlation comparison:
 -- Sample 0: 0.8748
 -- Sample 1: 0.8834
 -- Sample 2: 0.8950
 -- Sample 3: 0.8976
 -- Sample 4: 0.8889
 -- Sample 5: 0.8741
 -- Sample 6: 0.8852
 -- Sample 7: 0.8758
 -- Sample 8: 0.9012
 -- Sample 9: 0.9005
 -- Sample 10: 0.9097
 -- Sample 11: 0.9131
 -- Sample 12: 0.9022
 -- Sample 13: 0.9149
 -- Sample 14: 0.9065
 -- Sample 15: 0.9184
 -- Sample 16: 0.8836
 -- Sample 17: 0.8805
 -- Sample 18: 0.8944
 -- Sample 19: 0.8927
Mean=0.8946, Std=0.0134
------------------------------------------------------------------
    Evaluating Ko et al (D1 N4)
Bias Error: using Single Component
Mean: 37.9013, Std: 3.5290
------------------------------------------------------------------
Magnitude Error: 
 -- Sample 0: mean=44.0918%; std=11.3566
 -- Sample 1: mean=43.6713%; std=11.1784
 -- Sample 2: mean=45.3471%; std=10.1002
 -- Sample 3: mean=44.6200%; std=11.0697
 -- Sample 4: mean=41.6628%; std=16.3943
 -- Sample 5: mean=40.7008%; std=16.0302
 -- Sample 6: mean=40.3172%; std=15.6701
 -- Sample 7: mean=41.4319%; std=15.8370
 -- Sample 8: mean=34.3372%; std=11.2430
 -- Sample 9: mean=35.2410%; std=9.6652
 -- Sample 10: mean=34.2379%; std=10.3677
 -- Sample 11: mean=37.3781%; std=10.7416
 -- Sample 12: mean=38.2458%; std=17.5608
 -- Sample 13: mean=39.9306%; std=17.5296
 -- Sample 14: mean=39.0371%; std=16.4018
 -- Sample 15: mean=37.2248%; std=16.6981
 -- Sample 16: mean=32.1301%; std=15.6911
 -- Sample 17: mean=34.5869%; std=16.6207
 -- Sample 18: mean=33.8113%; std=15.0368
 -- Sample 19: mean=35.1093%; std=15.4721
Mean: 38.6557%, Std: 3.9331%
------------------------------------------------------------------
Correlation comparison:
 -- Sample 0: 0.9612
 -- Sample 1: 0.9664
 -- Sample 2: 0.9662
 -- Sample 3: 0.9616
 -- Sample 4: 0.9214
 -- Sample 5: 0.9312
 -- Sample 6: 0.9341
 -- Sample 7: 0.9264
 -- Sample 8: 0.9708
 -- Sample 9: 0.9816
 -- Sample 10: 0.9777
 -- Sample 11: 0.9722
 -- Sample 12: 0.9255
 -- Sample 13: 0.9319
 -- Sample 14: 0.9352
 -- Sample 15: 0.9411
 -- Sample 16: 0.9503
 -- Sample 17: 0.9414
 -- Sample 18: 0.9525
 -- Sample 19: 0.9568
Mean=0.9503, Std=0.0185
------------------------------------------------------------------
    Evaluating Ko et al (D2 N4)
Bias Error: using Single Component
Mean: 36.2217, Std: 5.3094
------------------------------------------------------------------
Magnitude Error: 
 -- Sample 0: mean=40.7203%; std=14.2347
 -- Sample 1: mean=39.8182%; std=12.1695
 -- Sample 2: mean=41.1005%; std=15.3028
 -- Sample 3: mean=40.2189%; std=13.6271
 -- Sample 4: mean=44.1622%; std=17.8593
 -- Sample 5: mean=44.2640%; std=16.0294
 -- Sample 6: mean=45.7325%; std=16.0323
 -- Sample 7: mean=45.4349%; std=16.6363
 -- Sample 8: mean=31.4103%; std=13.9323
 -- Sample 9: mean=31.6965%; std=12.4436
 -- Sample 10: mean=32.0766%; std=11.8162
 -- Sample 11: mean=31.6903%; std=13.8586
 -- Sample 12: mean=29.9595%; std=12.8099
 -- Sample 13: mean=31.2621%; std=12.9412
 -- Sample 14: mean=32.4503%; std=14.0163
 -- Sample 15: mean=29.5896%; std=12.6236
 -- Sample 16: mean=32.2633%; std=16.5720
 -- Sample 17: mean=31.9026%; std=15.8367
 -- Sample 18: mean=33.1196%; std=15.5888
 -- Sample 19: mean=31.6211%; std=15.9924
Mean: 36.0247%, Std: 5.6733%
------------------------------------------------------------------
Correlation comparison:
 -- Sample 0: 0.9526
 -- Sample 1: 0.9660
 -- Sample 2: 0.9471
 -- Sample 3: 0.9575
 -- Sample 4: 0.8989
 -- Sample 5: 0.9248
 -- Sample 6: 0.9156
 -- Sample 7: 0.9184
 -- Sample 8: 0.9644
 -- Sample 9: 0.9756
 -- Sample 10: 0.9766
 -- Sample 11: 0.9664
 -- Sample 12: 0.9716
 -- Sample 13: 0.9707
 -- Sample 14: 0.9671
 -- Sample 15: 0.9716
 -- Sample 16: 0.9404
 -- Sample 17: 0.9480
 -- Sample 18: 0.9423
 -- Sample 19: 0.9463
Mean=0.9511, Std=0.0217
------------------------------------------------------------------
    Evaluating Ko et al (D3 N4)
Bias Error: using Single Component
Mean: 32.7422, Std: 3.3512
------------------------------------------------------------------
Magnitude Error: 
 -- Sample 0: mean=36.7416%; std=15.6010
 -- Sample 1: mean=36.4445%; std=15.6261
 -- Sample 2: mean=35.5495%; std=15.3048
 -- Sample 3: mean=36.7002%; std=14.4032
 -- Sample 4: mean=38.9808%; std=14.4125
 -- Sample 5: mean=37.7274%; std=17.3538
 -- Sample 6: mean=36.6744%; std=16.3023
 -- Sample 7: mean=38.8374%; std=16.1233
 -- Sample 8: mean=32.0131%; std=12.5445
 -- Sample 9: mean=31.7700%; std=13.6336
 -- Sample 10: mean=29.0541%; std=13.0935
 -- Sample 11: mean=28.5930%; std=14.9317
 -- Sample 12: mean=32.7275%; std=15.1570
 -- Sample 13: mean=34.6014%; std=16.5045
 -- Sample 14: mean=30.9956%; std=15.9007
 -- Sample 15: mean=27.6343%; std=15.4592
 -- Sample 16: mean=32.4409%; std=16.4003
 -- Sample 17: mean=31.8523%; std=16.2752
 -- Sample 18: mean=31.9852%; std=14.9824
 -- Sample 19: mean=33.6432%; std=15.4613
Mean: 33.7483%, Std: 3.2905%
------------------------------------------------------------------
Correlation comparison:
 -- Sample 0: 0.9435
 -- Sample 1: 0.9476
 -- Sample 2: 0.9470
 -- Sample 3: 0.9500
 -- Sample 4: 0.9473
 -- Sample 5: 0.9228
 -- Sample 6: 0.9365
 -- Sample 7: 0.9358
 -- Sample 8: 0.9732
 -- Sample 9: 0.9740
 -- Sample 10: 0.9754
 -- Sample 11: 0.9679
 -- Sample 12: 0.9491
 -- Sample 13: 0.9398
 -- Sample 14: 0.9445
 -- Sample 15: 0.9488
 -- Sample 16: 0.9453
 -- Sample 17: 0.9449
 -- Sample 18: 0.9563
 -- Sample 19: 0.9501
Mean=0.9500, Std=0.0132
------------------------------------------------------------------
    Evaluating Ko et al (D3 N0)
Bias Error: using Single Component
Mean: 37.5637, Std: 4.2035
------------------------------------------------------------------
Magnitude Error: 
 -- Sample 0: mean=39.2691%; std=14.9952
 -- Sample 1: mean=41.9376%; std=16.3328
 -- Sample 2: mean=43.3830%; std=15.3923
 -- Sample 3: mean=36.9236%; std=16.0922
 -- Sample 4: mean=40.9838%; std=14.5802
 -- Sample 5: mean=43.6082%; std=17.4856
 -- Sample 6: mean=39.0212%; std=16.6005
 -- Sample 7: mean=40.1785%; std=15.1134
 -- Sample 8: mean=37.5769%; std=14.0432
 -- Sample 9: mean=36.5329%; std=14.1471
 -- Sample 10: mean=42.6844%; std=13.7508
 -- Sample 11: mean=43.5036%; std=13.9378
 -- Sample 12: mean=31.7248%; std=14.4102
 -- Sample 13: mean=34.0616%; std=14.3927
 -- Sample 14: mean=40.3669%; std=18.6251
 -- Sample 15: mean=40.4071%; std=18.6698
 -- Sample 16: mean=40.7672%; std=16.3723
 -- Sample 17: mean=42.4715%; std=17.8694
 -- Sample 18: mean=44.0107%; std=17.7667
 -- Sample 19: mean=39.8936%; std=17.5479
Mean: 39.9653%, Std: 3.1966%
------------------------------------------------------------------
Correlation comparison:
 -- Sample 0: 0.9433
 -- Sample 1: 0.9169
 -- Sample 2: 0.9243
 -- Sample 3: 0.9385
 -- Sample 4: 0.9473
 -- Sample 5: 0.9231
 -- Sample 6: 0.9256
 -- Sample 7: 0.9208
 -- Sample 8: 0.9634
 -- Sample 9: 0.9603
 -- Sample 10: 0.9604
 -- Sample 11: 0.9472
 -- Sample 12: 0.9443
 -- Sample 13: 0.9315
 -- Sample 14: 0.9123
 -- Sample 15: 0.8812
 -- Sample 16: 0.9090
 -- Sample 17: 0.8952
 -- Sample 18: 0.8815
 -- Sample 19: 0.8955
Mean=0.9261, Std=0.0244
------------------------------------------------------------------
    Evaluating Ko et al (D3 N1)
Bias Error: using Single Component
Mean: 30.9223, Std: 4.3458
------------------------------------------------------------------
Magnitude Error: 
 -- Sample 0: mean=33.1000%; std=13.0895
 -- Sample 1: mean=33.3638%; std=15.2993
 -- Sample 2: mean=33.9190%; std=14.6574
 -- Sample 3: mean=33.1228%; std=15.3659
 -- Sample 4: mean=37.7245%; std=15.1412
 -- Sample 5: mean=39.9878%; std=16.2907
 -- Sample 6: mean=38.1650%; std=14.3198
 -- Sample 7: mean=38.3294%; std=13.8217
 -- Sample 8: mean=26.2885%; std=13.7822
 -- Sample 9: mean=30.4897%; std=15.4690
 -- Sample 10: mean=31.3301%; std=11.8023
 -- Sample 11: mean=28.4539%; std=13.2534
 -- Sample 12: mean=26.9242%; std=15.3252
 -- Sample 13: mean=29.2870%; std=18.7483
 -- Sample 14: mean=30.6193%; std=15.1151
 -- Sample 15: mean=31.4625%; std=16.7836
 -- Sample 16: mean=32.8295%; std=13.8160
 -- Sample 17: mean=40.9613%; std=16.9139
 -- Sample 18: mean=35.6577%; std=14.7411
 -- Sample 19: mean=35.2435%; std=16.1520
Mean: 33.3630%, Std: 4.0844%
------------------------------------------------------------------
Correlation comparison:
 -- Sample 0: 0.9521
 -- Sample 1: 0.9379
 -- Sample 2: 0.9504
 -- Sample 3: 0.9436
 -- Sample 4: 0.9393
 -- Sample 5: 0.9338
 -- Sample 6: 0.9425
 -- Sample 7: 0.9397
 -- Sample 8: 0.9719
 -- Sample 9: 0.9556
 -- Sample 10: 0.9748
 -- Sample 11: 0.9729
 -- Sample 12: 0.9336
 -- Sample 13: 0.8934
 -- Sample 14: 0.9402
 -- Sample 15: 0.9006
 -- Sample 16: 0.9347
 -- Sample 17: 0.8702
 -- Sample 18: 0.9283
 -- Sample 19: 0.9037
Mean=0.9360, Std=0.0261
------------------------------------------------------------------
    Evaluating Ko et al (D3 N2)
Bias Error: using Single Component
Mean: 39.1701, Std: 2.9721
------------------------------------------------------------------
Magnitude Error: 
 -- Sample 0: mean=37.9972%; std=14.0644
 -- Sample 1: mean=38.4844%; std=12.4338
 -- Sample 2: mean=42.8613%; std=13.4231
 -- Sample 3: mean=40.0608%; std=12.7401
 -- Sample 4: mean=40.2653%; std=13.5062
 -- Sample 5: mean=40.6572%; std=13.9645
 -- Sample 6: mean=40.8550%; std=15.0403
 -- Sample 7: mean=41.2432%; std=14.6044
 -- Sample 8: mean=39.0864%; std=14.7051
 -- Sample 9: mean=34.9068%; std=13.3062
 -- Sample 10: mean=39.2257%; std=13.4384
 -- Sample 11: mean=36.0096%; std=15.9460
 -- Sample 12: mean=39.3068%; std=15.6128
 -- Sample 13: mean=33.9980%; std=18.9893
 -- Sample 14: mean=38.4199%; std=14.9509
 -- Sample 15: mean=36.0078%; std=20.4672
 -- Sample 16: mean=41.5037%; std=17.2334
 -- Sample 17: mean=40.5515%; std=17.3522
 -- Sample 18: mean=42.3499%; std=18.7917
 -- Sample 19: mean=44.7989%; std=20.2146
Mean: 39.4295%, Std: 2.6469%
------------------------------------------------------------------
Correlation comparison:
 -- Sample 0: 0.9584
 -- Sample 1: 0.9610
 -- Sample 2: 0.9555
 -- Sample 3: 0.9649
 -- Sample 4: 0.9527
 -- Sample 5: 0.9581
 -- Sample 6: 0.9324
 -- Sample 7: 0.9478
 -- Sample 8: 0.9498
 -- Sample 9: 0.9623
 -- Sample 10: 0.9669
 -- Sample 11: 0.9475
 -- Sample 12: 0.9434
 -- Sample 13: 0.9005
 -- Sample 14: 0.9451
 -- Sample 15: 0.8850
 -- Sample 16: 0.8982
 -- Sample 17: 0.9241
 -- Sample 18: 0.9075
 -- Sample 19: 0.8889
Mean=0.9375, Std=0.0262
------------------------------------------------------------------
    Evaluating Ko et al (D3 N3)
Bias Error: using Single Component
Mean: 33.7020, Std: 3.3513
------------------------------------------------------------------
Magnitude Error: 
 -- Sample 0: mean=35.2998%; std=14.6455
 -- Sample 1: mean=36.5887%; std=15.9852
 -- Sample 2: mean=38.5393%; std=14.2491
 -- Sample 3: mean=36.8749%; std=14.5086
 -- Sample 4: mean=38.0157%; std=17.0375
 -- Sample 5: mean=38.3091%; std=15.3505
 -- Sample 6: mean=39.2188%; std=16.8400
 -- Sample 7: mean=39.4256%; std=17.5376
 -- Sample 8: mean=34.7260%; std=12.8995
 -- Sample 9: mean=28.1982%; std=15.4279
 -- Sample 10: mean=28.7174%; std=16.4594
 -- Sample 11: mean=31.6029%; std=14.3189
 -- Sample 12: mean=34.8265%; std=14.5982
 -- Sample 13: mean=31.8866%; std=16.3099
 -- Sample 14: mean=30.5019%; std=15.6840
 -- Sample 15: mean=33.5457%; std=15.6070
 -- Sample 16: mean=33.7922%; std=14.4275
 -- Sample 17: mean=33.9358%; std=17.7485
 -- Sample 18: mean=40.3971%; std=19.0756
 -- Sample 19: mean=36.9672%; std=17.1031
Mean: 35.0685%, Std: 3.4713%
------------------------------------------------------------------
Correlation comparison:
 -- Sample 0: 0.9584
 -- Sample 1: 0.9435
 -- Sample 2: 0.9528
 -- Sample 3: 0.9523
 -- Sample 4: 0.9329
 -- Sample 5: 0.9333
 -- Sample 6: 0.9165
 -- Sample 7: 0.9257
 -- Sample 8: 0.9618
 -- Sample 9: 0.9632
 -- Sample 10: 0.9506
 -- Sample 11: 0.9525
 -- Sample 12: 0.9445
 -- Sample 13: 0.9181
 -- Sample 14: 0.9316
 -- Sample 15: 0.9273
 -- Sample 16: 0.9371
 -- Sample 17: 0.9244
 -- Sample 18: 0.8918
 -- Sample 19: 0.9199
Mean=0.9369, Std=0.0178
------------------------------------------------------------------

Processing Dataset: Cylindrical Grains
Considering 96 samples from ../NN_Datasets_Grad_Dist_40_5_55/Test_Silveira_CylinGrain_SAug_DNorm.h5.
  Processing Batch 1 (Size: 50)...
    Evaluating Javier Santos (D0 N4)
Bias Error: using Single Component
Mean: 173.0719, Std: 84.7309
------------------------------------------------------------------
Magnitude Error: 
 -- Sample 0: mean=86.2856%; std=65.5750
 -- Sample 1: mean=92.3339%; std=59.8803
 -- Sample 2: mean=85.4609%; std=64.3976
 -- Sample 3: mean=91.6337%; std=63.0479
 -- Sample 4: mean=91.4583%; std=58.5015
 -- Sample 5: mean=111.3850%; std=66.3389
 -- Sample 6: mean=91.7515%; std=57.5367
 -- Sample 7: mean=110.8924%; std=63.2732
 -- Sample 8: mean=183.8162%; std=104.4218
 -- Sample 9: mean=207.7195%; std=111.6554
 -- Sample 10: mean=190.6637%; std=109.3513
 -- Sample 11: mean=203.4473%; std=107.6636
 -- Sample 12: mean=109.1639%; std=76.4359
 -- Sample 13: mean=99.5339%; std=70.8693
 -- Sample 14: mean=111.1039%; std=71.6130
 -- Sample 15: mean=105.5086%; std=73.9271
 -- Sample 16: mean=142.9740%; std=108.6746
 -- Sample 17: mean=139.7264%; std=120.6448
 -- Sample 18: mean=143.2095%; std=110.7976
 -- Sample 19: mean=141.2368%; std=118.0431
 -- Sample 20: mean=51.0704%; std=34.5802
 -- Sample 21: mean=51.4538%; std=39.1860
 -- Sample 22: mean=52.1654%; std=35.6883
 -- Sample 23: mean=54.0483%; std=40.5160
 -- Sample 24: mean=137.7147%; std=172.7080
 -- Sample 25: mean=147.0613%; std=172.0259
 -- Sample 26: mean=139.9742%; std=171.7455
 -- Sample 27: mean=148.8856%; std=167.8966
 -- Sample 28: mean=102.7365%; std=72.7153
 -- Sample 29: mean=105.8925%; std=80.9742
 -- Sample 30: mean=102.7192%; std=72.6605
 -- Sample 31: mean=108.9507%; std=79.3420
 -- Sample 32: mean=54.2639%; std=37.8454
 -- Sample 33: mean=48.5583%; std=36.7561
 -- Sample 34: mean=51.0997%; std=38.3750
 -- Sample 35: mean=46.2081%; std=38.9157
 -- Sample 36: mean=124.3522%; std=117.8183
 -- Sample 37: mean=125.8872%; std=107.3465
 -- Sample 38: mean=123.6443%; std=115.0078
 -- Sample 39: mean=125.1755%; std=116.5369
 -- Sample 40: mean=203.7312%; std=138.5575
 -- Sample 41: mean=230.4371%; std=151.7684
 -- Sample 42: mean=196.7184%; std=142.4418
 -- Sample 43: mean=243.9563%; std=151.4960
 -- Sample 44: mean=224.1592%; std=119.6974
 -- Sample 45: mean=238.5342%; std=129.4728
 -- Sample 46: mean=222.0659%; std=124.1432
 -- Sample 47: mean=241.5682%; std=115.3601
 -- Sample 48: mean=167.5045%; std=117.9288
 -- Sample 49: mean=176.6207%; std=120.7075
Mean: 131.7292%, Std: 57.0215%
------------------------------------------------------------------
Correlation comparison:
 -- Sample 0: 0.8485
 -- Sample 1: 0.8871
 -- Sample 2: 0.8623
 -- Sample 3: 0.8755
 -- Sample 4: 0.8777
 -- Sample 5: 0.8877
 -- Sample 6: 0.8803
 -- Sample 7: 0.9005
 -- Sample 8: 0.7731
 -- Sample 9: 0.7778
 -- Sample 10: 0.7725
 -- Sample 11: 0.7870
 -- Sample 12: 0.8298
 -- Sample 13: 0.8269
 -- Sample 14: 0.8488
 -- Sample 15: 0.8313
 -- Sample 16: 0.6912
 -- Sample 17: 0.6424
 -- Sample 18: 0.6838
 -- Sample 19: 0.6441
 -- Sample 20: 0.9180
 -- Sample 21: 0.9018
 -- Sample 22: 0.9229
 -- Sample 23: 0.9055
 -- Sample 24: 0.6401
 -- Sample 25: 0.6855
 -- Sample 26: 0.6361
 -- Sample 27: 0.7025
 -- Sample 28: 0.8012
 -- Sample 29: 0.7856
 -- Sample 30: 0.7844
 -- Sample 31: 0.7909
 -- Sample 32: 0.8769
 -- Sample 33: 0.8603
 -- Sample 34: 0.8922
 -- Sample 35: 0.8642
 -- Sample 36: 0.7984
 -- Sample 37: 0.8406
 -- Sample 38: 0.8072
 -- Sample 39: 0.8104
 -- Sample 40: 0.6875
 -- Sample 41: 0.6726
 -- Sample 42: 0.6467
 -- Sample 43: 0.7276
 -- Sample 44: 0.7399
 -- Sample 45: 0.7585
 -- Sample 46: 0.7405
 -- Sample 47: 0.7934
 -- Sample 48: 0.8079
 -- Sample 49: 0.7988
Mean=0.7945, Std=0.0833
------------------------------------------------------------------
    Evaluating Javier Santos (D1 N4)
Bias Error: using Single Component
Mean: 38.9257, Std: 12.7052
------------------------------------------------------------------
Magnitude Error: 
 -- Sample 0: mean=40.9258%; std=17.8636
 -- Sample 1: mean=42.4584%; std=18.0493
 -- Sample 2: mean=40.3543%; std=17.6812
 -- Sample 3: mean=39.8306%; std=18.4137
 -- Sample 4: mean=40.1941%; std=18.2834
 -- Sample 5: mean=37.8553%; std=18.3171
 -- Sample 6: mean=39.8220%; std=18.4464
 -- Sample 7: mean=40.6556%; std=18.0637
 -- Sample 8: mean=35.7701%; std=18.0998
 -- Sample 9: mean=32.0083%; std=17.3062
 -- Sample 10: mean=32.9747%; std=17.4225
 -- Sample 11: mean=33.4217%; std=17.6009
 -- Sample 12: mean=45.6611%; std=17.2616
 -- Sample 13: mean=44.9617%; std=17.5924
 -- Sample 14: mean=46.1345%; std=17.8557
 -- Sample 15: mean=43.7784%; std=17.2608
 -- Sample 16: mean=47.5100%; std=24.8110
 -- Sample 17: mean=44.4268%; std=25.4911
 -- Sample 18: mean=43.8797%; std=24.3268
 -- Sample 19: mean=45.9856%; std=23.0874
 -- Sample 20: mean=54.5319%; std=13.1711
 -- Sample 21: mean=53.7970%; std=14.8807
 -- Sample 22: mean=55.1181%; std=13.8321
 -- Sample 23: mean=54.2568%; std=13.3288
 -- Sample 24: mean=53.7887%; std=17.1658
 -- Sample 25: mean=55.6409%; std=17.5438
 -- Sample 26: mean=57.8019%; std=17.5611
 -- Sample 27: mean=55.8857%; std=16.3734
 -- Sample 28: mean=40.7387%; std=12.8953
 -- Sample 29: mean=42.9910%; std=14.0030
 -- Sample 30: mean=42.8258%; std=13.6683
 -- Sample 31: mean=41.9956%; std=13.3503
 -- Sample 32: mean=54.5368%; std=15.8849
 -- Sample 33: mean=56.9651%; std=15.4525
 -- Sample 34: mean=56.6329%; std=15.0972
 -- Sample 35: mean=53.9212%; std=16.2610
 -- Sample 36: mean=48.4956%; std=13.4939
 -- Sample 37: mean=47.1061%; std=12.5297
 -- Sample 38: mean=47.5107%; std=13.9146
 -- Sample 39: mean=47.6078%; std=13.9526
 -- Sample 40: mean=47.8795%; std=21.5670
 -- Sample 41: mean=47.1289%; std=19.7873
 -- Sample 42: mean=45.5955%; std=20.6525
 -- Sample 43: mean=49.9149%; std=20.1696
 -- Sample 44: mean=24.8756%; std=18.8187
 -- Sample 45: mean=29.6252%; std=19.2387
 -- Sample 46: mean=23.6603%; std=17.5783
 -- Sample 47: mean=26.4475%; std=17.8601
 -- Sample 48: mean=54.4903%; std=18.1508
 -- Sample 49: mean=53.5821%; std=19.0383
Mean: 44.8791%, Std: 8.6268%
------------------------------------------------------------------
Correlation comparison:
 -- Sample 0: 0.9342
 -- Sample 1: 0.9254
 -- Sample 2: 0.9378
 -- Sample 3: 0.9370
 -- Sample 4: 0.9245
 -- Sample 5: 0.9388
 -- Sample 6: 0.9314
 -- Sample 7: 0.9275
 -- Sample 8: 0.8920
 -- Sample 9: 0.9210
 -- Sample 10: 0.9062
 -- Sample 11: 0.8985
 -- Sample 12: 0.9057
 -- Sample 13: 0.9121
 -- Sample 14: 0.9065
 -- Sample 15: 0.9191
 -- Sample 16: 0.8074
 -- Sample 17: 0.8205
 -- Sample 18: 0.8373
 -- Sample 19: 0.8423
 -- Sample 20: 0.9395
 -- Sample 21: 0.9250
 -- Sample 22: 0.9320
 -- Sample 23: 0.9374
 -- Sample 24: 0.8544
 -- Sample 25: 0.8405
 -- Sample 26: 0.8266
 -- Sample 27: 0.8540
 -- Sample 28: 0.9579
 -- Sample 29: 0.9556
 -- Sample 30: 0.9530
 -- Sample 31: 0.9524
 -- Sample 32: 0.9103
 -- Sample 33: 0.9184
 -- Sample 34: 0.8991
 -- Sample 35: 0.8942
 -- Sample 36: 0.9339
 -- Sample 37: 0.9523
 -- Sample 38: 0.9448
 -- Sample 39: 0.9447
 -- Sample 40: 0.8002
 -- Sample 41: 0.8489
 -- Sample 42: 0.8592
 -- Sample 43: 0.8190
 -- Sample 44: 0.8963
 -- Sample 45: 0.8659
 -- Sample 46: 0.9000
 -- Sample 47: 0.8859
 -- Sample 48: 0.8557
 -- Sample 49: 0.8450
Mean=0.8985, Std=0.0440
------------------------------------------------------------------
    Evaluating Javier Santos (D2 N4)
Bias Error: using Single Component
Mean: 87.7130, Std: 4.3238
------------------------------------------------------------------
Magnitude Error: 
 -- Sample 0: mean=90.7841%; std=5.4868
 -- Sample 1: mean=91.0482%; std=5.2875
 -- Sample 2: mean=90.7610%; std=5.5699
 -- Sample 3: mean=91.1566%; std=5.4543
 -- Sample 4: mean=90.5312%; std=5.8108
 -- Sample 5: mean=90.4094%; std=5.3033
 -- Sample 6: mean=90.2987%; std=5.4540
 -- Sample 7: mean=90.5580%; std=5.2017
 -- Sample 8: mean=85.1156%; std=8.6062
 -- Sample 9: mean=85.2871%; std=8.6511
 -- Sample 10: mean=84.8545%; std=8.4862
 -- Sample 11: mean=85.5243%; std=7.9416
 -- Sample 12: mean=89.9438%; std=5.4534
 -- Sample 13: mean=90.1132%; std=5.6176
 -- Sample 14: mean=90.1809%; std=5.2387
 -- Sample 15: mean=90.1415%; std=5.4644
 -- Sample 16: mean=88.7626%; std=6.5021
 -- Sample 17: mean=89.1037%; std=6.3862
 -- Sample 18: mean=89.1717%; std=6.6401
 -- Sample 19: mean=88.8411%; std=6.7630
 -- Sample 20: mean=93.0378%; std=3.7730
 -- Sample 21: mean=93.0041%; std=3.6806
 -- Sample 22: mean=92.8063%; std=3.7672
 -- Sample 23: mean=92.9313%; std=3.7393
 -- Sample 24: mean=88.4200%; std=8.6973
 -- Sample 25: mean=88.3367%; std=8.6835
 -- Sample 26: mean=88.4968%; std=8.2610
 -- Sample 27: mean=88.3407%; std=8.4161
 -- Sample 28: mean=90.4804%; std=5.7773
 -- Sample 29: mean=90.2923%; std=5.5537
 -- Sample 30: mean=90.4199%; std=5.5141
 -- Sample 31: mean=90.4290%; std=5.7418
 -- Sample 32: mean=93.3318%; std=3.7527
 -- Sample 33: mean=93.6723%; std=3.8522
 -- Sample 34: mean=93.3232%; std=4.0164
 -- Sample 35: mean=93.4263%; std=3.9156
 -- Sample 36: mean=90.1748%; std=7.0839
 -- Sample 37: mean=89.8508%; std=6.6648
 -- Sample 38: mean=90.0956%; std=6.8608
 -- Sample 39: mean=89.9879%; std=6.5941
 -- Sample 40: mean=83.6575%; std=11.1472
 -- Sample 41: mean=84.3660%; std=10.2995
 -- Sample 42: mean=84.6014%; std=10.4050
 -- Sample 43: mean=83.2165%; std=11.5486
 -- Sample 44: mean=85.7459%; std=8.2155
 -- Sample 45: mean=85.8943%; std=8.3913
 -- Sample 46: mean=85.2394%; std=7.8350
 -- Sample 47: mean=86.3076%; std=7.6609
 -- Sample 48: mean=87.7767%; std=6.6100
 -- Sample 49: mean=87.5072%; std=7.2947
Mean: 89.1552%, Std: 2.7873%
------------------------------------------------------------------
Correlation comparison:
 -- Sample 0: 0.6594
 -- Sample 1: 0.6575
 -- Sample 2: 0.6409
 -- Sample 3: 0.6315
 -- Sample 4: 0.6396
 -- Sample 5: 0.6658
 -- Sample 6: 0.6606
 -- Sample 7: 0.6564
 -- Sample 8: 0.5218
 -- Sample 9: 0.5413
 -- Sample 10: 0.5562
 -- Sample 11: 0.5430
 -- Sample 12: 0.5818
 -- Sample 13: 0.5818
 -- Sample 14: 0.5818
 -- Sample 15: 0.5886
 -- Sample 16: 0.5146
 -- Sample 17: 0.5016
 -- Sample 18: 0.5010
 -- Sample 19: 0.5255
 -- Sample 20: 0.6066
 -- Sample 21: 0.6403
 -- Sample 22: 0.6417
 -- Sample 23: 0.6317
 -- Sample 24: 0.4842
 -- Sample 25: 0.4794
 -- Sample 26: 0.5012
 -- Sample 27: 0.4906
 -- Sample 28: 0.5179
 -- Sample 29: 0.5236
 -- Sample 30: 0.5464
 -- Sample 31: 0.5268
 -- Sample 32: 0.6062
 -- Sample 33: 0.5821
 -- Sample 34: 0.5846
 -- Sample 35: 0.6144
 -- Sample 36: 0.5117
 -- Sample 37: 0.5569
 -- Sample 38: 0.5390
 -- Sample 39: 0.5523
 -- Sample 40: 0.4628
 -- Sample 41: 0.4424
 -- Sample 42: 0.4492
 -- Sample 43: 0.4821
 -- Sample 44: 0.4724
 -- Sample 45: 0.4762
 -- Sample 46: 0.5201
 -- Sample 47: 0.4865
 -- Sample 48: 0.6064
 -- Sample 49: 0.5820
Mean=0.5574, Std=0.0636
------------------------------------------------------------------
    Evaluating Javier Santos (D3 N4)
Bias Error: using Single Component
Mean: 99.3803, Std: 0.4737
------------------------------------------------------------------
Magnitude Error: 
 -- Sample 0: mean=97.8238%; std=1.9672
 -- Sample 1: mean=97.7692%; std=2.0019
 -- Sample 2: mean=97.8429%; std=1.9231
 -- Sample 3: mean=97.8482%; std=1.9457
 -- Sample 4: mean=97.5203%; std=2.2284
 -- Sample 5: mean=97.6195%; std=2.1422
 -- Sample 6: mean=97.5707%; std=2.2196
 -- Sample 7: mean=97.5564%; std=2.2889
 -- Sample 8: mean=96.2767%; std=3.1707
 -- Sample 9: mean=96.4791%; std=3.0141
 -- Sample 10: mean=96.3919%; std=3.0969
 -- Sample 11: mean=96.5017%; std=3.0140
 -- Sample 12: mean=97.7320%; std=1.9837
 -- Sample 13: mean=97.6452%; std=2.1298
 -- Sample 14: mean=97.6934%; std=2.1345
 -- Sample 15: mean=97.6943%; std=2.1361
 -- Sample 16: mean=97.1797%; std=2.7013
 -- Sample 17: mean=97.0830%; std=2.6191
 -- Sample 18: mean=97.0102%; std=2.5352
 -- Sample 19: mean=97.1116%; std=2.7985
 -- Sample 20: mean=98.1573%; std=1.6892
 -- Sample 21: mean=98.2157%; std=1.6698
 -- Sample 22: mean=98.2678%; std=1.7168
 -- Sample 23: mean=98.2691%; std=1.6172
 -- Sample 24: mean=96.9674%; std=3.2751
 -- Sample 25: mean=96.8038%; std=3.3990
 -- Sample 26: mean=96.6255%; std=3.5846
 -- Sample 27: mean=96.7521%; std=3.4170
 -- Sample 28: mean=97.8296%; std=2.2257
 -- Sample 29: mean=97.7766%; std=2.3082
 -- Sample 30: mean=97.7522%; std=2.1786
 -- Sample 31: mean=97.8423%; std=2.0614
 -- Sample 32: mean=98.2518%; std=1.3988
 -- Sample 33: mean=98.1471%; std=1.6529
 -- Sample 34: mean=98.1948%; std=1.4978
 -- Sample 35: mean=98.2950%; std=1.3287
 -- Sample 36: mean=97.2494%; std=2.5051
 -- Sample 37: mean=97.2179%; std=2.5180
 -- Sample 38: mean=97.2708%; std=2.5351
 -- Sample 39: mean=97.2212%; std=2.7688
 -- Sample 40: mean=95.5163%; std=5.2322
 -- Sample 41: mean=96.0964%; std=4.8705
 -- Sample 42: mean=95.6702%; std=5.0393
 -- Sample 43: mean=95.9542%; std=4.9237
 -- Sample 44: mean=96.4182%; std=3.3172
 -- Sample 45: mean=96.2050%; std=3.2796
 -- Sample 46: mean=96.3116%; std=3.2255
 -- Sample 47: mean=96.6306%; std=3.1983
 -- Sample 48: mean=97.0253%; std=2.7001
 -- Sample 49: mean=96.9057%; std=2.6704
Mean: 97.2438%, Std: 0.7339%
------------------------------------------------------------------
Correlation comparison:
 -- Sample 0: 0.0838
 -- Sample 1: 0.0619
 -- Sample 2: 0.0579
 -- Sample 3: 0.0744
 -- Sample 4: 0.0423
 -- Sample 5: 0.0377
 -- Sample 6: 0.0625
 -- Sample 7: 0.0300
 -- Sample 8: 0.1047
 -- Sample 9: 0.0778
 -- Sample 10: 0.1105
 -- Sample 11: 0.1058
 -- Sample 12: 0.1107
 -- Sample 13: 0.0812
 -- Sample 14: 0.1119
 -- Sample 15: 0.0972
 -- Sample 16: 0.2154
 -- Sample 17: 0.1901
 -- Sample 18: 0.2094
 -- Sample 19: 0.1989
 -- Sample 20: 0.2390
 -- Sample 21: 0.2460
 -- Sample 22: 0.2499
 -- Sample 23: 0.2327
 -- Sample 24: 0.2660
 -- Sample 25: 0.2751
 -- Sample 26: 0.2698
 -- Sample 27: 0.2788
 -- Sample 28: 0.1197
 -- Sample 29: 0.1076
 -- Sample 30: 0.1515
 -- Sample 31: 0.1649
 -- Sample 32: 0.4086
 -- Sample 33: 0.3950
 -- Sample 34: 0.4059
 -- Sample 35: 0.4127
 -- Sample 36: 0.3820
 -- Sample 37: 0.3611
 -- Sample 38: 0.3596
 -- Sample 39: 0.3678
 -- Sample 40: 0.2648
 -- Sample 41: 0.2620
 -- Sample 42: 0.2197
 -- Sample 43: 0.1923
 -- Sample 44: 0.2704
 -- Sample 45: 0.2614
 -- Sample 46: 0.2646
 -- Sample 47: 0.2405
 -- Sample 48: 0.2930
 -- Sample 49: 0.2794
Mean=0.2061, Std=0.1108
------------------------------------------------------------------
    Evaluating Ko et al (D0 N4)
Bias Error: using Single Component
Mean: 98.8906, Std: 64.6297
------------------------------------------------------------------
Magnitude Error: 
 -- Sample 0: mean=68.3643%; std=56.1796
 -- Sample 1: mean=68.3425%; std=53.4161
 -- Sample 2: mean=68.9999%; std=60.0396
 -- Sample 3: mean=65.0213%; std=54.4287
 -- Sample 4: mean=79.9847%; std=53.5169
 -- Sample 5: mean=77.8860%; std=49.9048
 -- Sample 6: mean=76.0599%; std=49.5792
 -- Sample 7: mean=77.0773%; std=53.1110
 -- Sample 8: mean=103.1872%; std=71.0149
 -- Sample 9: mean=106.0627%; std=74.3595
 -- Sample 10: mean=104.6509%; std=74.0948
 -- Sample 11: mean=109.9068%; std=75.7868
 -- Sample 12: mean=46.8384%; std=37.0480
 -- Sample 13: mean=48.3110%; std=38.8325
 -- Sample 14: mean=45.3596%; std=35.9802
 -- Sample 15: mean=45.4557%; std=37.0903
 -- Sample 16: mean=114.0815%; std=87.1103
 -- Sample 17: mean=108.1898%; std=83.6703
 -- Sample 18: mean=108.5164%; std=81.1719
 -- Sample 19: mean=107.2975%; std=87.1920
 -- Sample 20: mean=31.0436%; std=29.1145
 -- Sample 21: mean=27.8303%; std=27.9288
 -- Sample 22: mean=31.7917%; std=29.9438
 -- Sample 23: mean=29.4768%; std=29.5839
 -- Sample 24: mean=99.6122%; std=138.0991
 -- Sample 25: mean=98.7906%; std=132.4567
 -- Sample 26: mean=93.7241%; std=115.2009
 -- Sample 27: mean=97.8492%; std=129.2442
 -- Sample 28: mean=62.5419%; std=51.9302
 -- Sample 29: mean=59.8867%; std=52.6328
 -- Sample 30: mean=59.5401%; std=47.9642
 -- Sample 31: mean=59.4375%; std=52.3338
 -- Sample 32: mean=34.3668%; std=35.4130
 -- Sample 33: mean=34.8536%; std=36.2636
 -- Sample 34: mean=36.9622%; std=39.0074
 -- Sample 35: mean=37.9226%; std=37.7379
 -- Sample 36: mean=81.9237%; std=103.5073
 -- Sample 37: mean=85.8688%; std=104.2817
 -- Sample 38: mean=79.5695%; std=99.2526
 -- Sample 39: mean=90.7833%; std=103.8524
 -- Sample 40: mean=173.4154%; std=143.6147
 -- Sample 41: mean=181.7112%; std=151.8001
 -- Sample 42: mean=180.0913%; std=146.9244
 -- Sample 43: mean=195.9049%; std=145.6147
 -- Sample 44: mean=169.9333%; std=97.7331
 -- Sample 45: mean=182.6383%; std=110.8469
 -- Sample 46: mean=179.0961%; std=96.2845
 -- Sample 47: mean=173.4294%; std=105.6364
 -- Sample 48: mean=61.8468%; std=54.5253
 -- Sample 49: mean=61.4958%; std=57.6287
Mean: 88.4586%, Std: 46.6593%
------------------------------------------------------------------
Correlation comparison:
 -- Sample 0: 0.8845
 -- Sample 1: 0.8960
 -- Sample 2: 0.8658
 -- Sample 3: 0.8904
 -- Sample 4: 0.8991
 -- Sample 5: 0.9166
 -- Sample 6: 0.9059
 -- Sample 7: 0.9015
 -- Sample 8: 0.8229
 -- Sample 9: 0.8262
 -- Sample 10: 0.8194
 -- Sample 11: 0.8172
 -- Sample 12: 0.8839
 -- Sample 13: 0.8855
 -- Sample 14: 0.8790
 -- Sample 15: 0.8843
 -- Sample 16: 0.7344
 -- Sample 17: 0.7348
 -- Sample 18: 0.7545
 -- Sample 19: 0.7218
 -- Sample 20: 0.9373
 -- Sample 21: 0.9429
 -- Sample 22: 0.9341
 -- Sample 23: 0.9296
 -- Sample 24: 0.6835
 -- Sample 25: 0.7028
 -- Sample 26: 0.7425
 -- Sample 27: 0.7131
 -- Sample 28: 0.8364
 -- Sample 29: 0.8612
 -- Sample 30: 0.8313
 -- Sample 31: 0.8672
 -- Sample 32: 0.9030
 -- Sample 33: 0.9007
 -- Sample 34: 0.8990
 -- Sample 35: 0.9061
 -- Sample 36: 0.7681
 -- Sample 37: 0.7970
 -- Sample 38: 0.7879
 -- Sample 39: 0.8064
 -- Sample 40: 0.7352
 -- Sample 41: 0.7235
 -- Sample 42: 0.7496
 -- Sample 43: 0.7636
 -- Sample 44: 0.8052
 -- Sample 45: 0.8047
 -- Sample 46: 0.8195
 -- Sample 47: 0.7964
 -- Sample 48: 0.8514
 -- Sample 49: 0.8441
Mean=0.8313, Std=0.0709
------------------------------------------------------------------
    Evaluating Ko et al (D1 N4)
Bias Error: using Single Component
Mean: 25.4572, Std: 17.3990
------------------------------------------------------------------
Magnitude Error: 
 -- Sample 0: mean=36.4360%; std=23.5399
 -- Sample 1: mean=35.2334%; std=23.1190
 -- Sample 2: mean=40.0503%; std=22.5648
 -- Sample 3: mean=38.7466%; std=26.5082
 -- Sample 4: mean=56.1958%; std=20.7896
 -- Sample 5: mean=57.4761%; std=21.8875
 -- Sample 6: mean=57.5475%; std=20.9242
 -- Sample 7: mean=56.1121%; std=19.6287
 -- Sample 8: mean=53.2826%; std=37.2688
 -- Sample 9: mean=51.2907%; std=37.8214
 -- Sample 10: mean=56.9407%; std=42.5235
 -- Sample 11: mean=54.2758%; std=36.9651
 -- Sample 12: mean=15.8856%; std=14.0338
 -- Sample 13: mean=18.1016%; std=14.2919
 -- Sample 14: mean=17.1679%; std=14.9156
 -- Sample 15: mean=15.2514%; std=12.8429
 -- Sample 16: mean=43.1647%; std=33.2929
 -- Sample 17: mean=39.2216%; std=31.3730
 -- Sample 18: mean=41.8273%; std=29.8317
 -- Sample 19: mean=42.2145%; std=32.8495
 -- Sample 20: mean=26.5234%; std=16.1671
 -- Sample 21: mean=27.5285%; std=16.5391
 -- Sample 22: mean=27.5473%; std=18.2455
 -- Sample 23: mean=26.6369%; std=15.6450
 -- Sample 24: mean=57.9470%; std=74.8891
 -- Sample 25: mean=55.0275%; std=57.1064
 -- Sample 26: mean=62.3038%; std=61.7728
 -- Sample 27: mean=66.5637%; std=73.3327
 -- Sample 28: mean=37.5452%; std=19.0187
 -- Sample 29: mean=35.6546%; std=19.8839
 -- Sample 30: mean=33.0423%; std=17.2126
 -- Sample 31: mean=33.2100%; std=20.6255
 -- Sample 32: mean=42.4552%; std=15.9884
 -- Sample 33: mean=41.9747%; std=14.3050
 -- Sample 34: mean=43.2572%; std=14.7882
 -- Sample 35: mean=42.3988%; std=15.9838
 -- Sample 36: mean=23.5322%; std=18.2060
 -- Sample 37: mean=24.0799%; std=17.5194
 -- Sample 38: mean=22.6519%; std=17.0712
 -- Sample 39: mean=21.5130%; std=16.1449
 -- Sample 40: mean=31.5651%; std=25.5225
 -- Sample 41: mean=33.5960%; std=25.8339
 -- Sample 42: mean=30.7901%; std=31.0656
 -- Sample 43: mean=26.8730%; std=23.6571
 -- Sample 44: mean=26.0680%; std=18.8658
 -- Sample 45: mean=27.3095%; std=20.5375
 -- Sample 46: mean=26.1586%; std=17.1065
 -- Sample 47: mean=33.0201%; std=18.2059
 -- Sample 48: mean=32.0425%; std=17.7090
 -- Sample 49: mean=37.6447%; std=16.9122
Mean: 37.6577%, Std: 13.1718%
------------------------------------------------------------------
Correlation comparison:
 -- Sample 0: 0.9709
 -- Sample 1: 0.9695
 -- Sample 2: 0.9741
 -- Sample 3: 0.9626
 -- Sample 4: 0.9832
 -- Sample 5: 0.9809
 -- Sample 6: 0.9838
 -- Sample 7: 0.9846
 -- Sample 8: 0.9410
 -- Sample 9: 0.9375
 -- Sample 10: 0.9276
 -- Sample 11: 0.9416
 -- Sample 12: 0.9617
 -- Sample 13: 0.9447
 -- Sample 14: 0.9393
 -- Sample 15: 0.9587
 -- Sample 16: 0.7277
 -- Sample 17: 0.7652
 -- Sample 18: 0.7421
 -- Sample 19: 0.7438
 -- Sample 20: 0.9393
 -- Sample 21: 0.9399
 -- Sample 22: 0.9249
 -- Sample 23: 0.9496
 -- Sample 24: 0.7483
 -- Sample 25: 0.7767
 -- Sample 26: 0.7356
 -- Sample 27: 0.7078
 -- Sample 28: 0.8585
 -- Sample 29: 0.8993
 -- Sample 30: 0.9039
 -- Sample 31: 0.8805
 -- Sample 32: 0.9327
 -- Sample 33: 0.9526
 -- Sample 34: 0.9424
 -- Sample 35: 0.9233
 -- Sample 36: 0.9464
 -- Sample 37: 0.9470
 -- Sample 38: 0.9450
 -- Sample 39: 0.9514
 -- Sample 40: 0.8724
 -- Sample 41: 0.8512
 -- Sample 42: 0.8765
 -- Sample 43: 0.9038
 -- Sample 44: 0.9111
 -- Sample 45: 0.9149
 -- Sample 46: 0.9266
 -- Sample 47: 0.8679
 -- Sample 48: 0.9572
 -- Sample 49: 0.9572
Mean=0.9037, Std=0.0772
------------------------------------------------------------------
    Evaluating Ko et al (D2 N4)
Bias Error: using Single Component
Mean: 18.4097, Std: 13.5099
------------------------------------------------------------------
Magnitude Error: 
 -- Sample 0: mean=13.4959%; std=10.0093
 -- Sample 1: mean=12.9630%; std=9.5104
 -- Sample 2: mean=14.6792%; std=11.5261
 -- Sample 3: mean=14.0891%; std=10.4842
 -- Sample 4: mean=21.6070%; std=15.9173
 -- Sample 5: mean=21.4445%; std=15.5512
 -- Sample 6: mean=22.5648%; std=15.9949
 -- Sample 7: mean=19.9498%; std=13.9086
 -- Sample 8: mean=46.6570%; std=32.0921
 -- Sample 9: mean=49.3893%; std=30.7034
 -- Sample 10: mean=45.0613%; std=30.1808
 -- Sample 11: mean=44.0264%; std=29.8534
 -- Sample 12: mean=15.5800%; std=11.4484
 -- Sample 13: mean=16.3363%; std=11.9198
 -- Sample 14: mean=15.6157%; std=11.0230
 -- Sample 15: mean=15.7513%; std=11.1187
 -- Sample 16: mean=37.3778%; std=33.7004
 -- Sample 17: mean=36.7047%; std=37.6262
 -- Sample 18: mean=37.8733%; std=34.4335
 -- Sample 19: mean=35.8182%; std=30.5080
 -- Sample 20: mean=21.8021%; std=15.0834
 -- Sample 21: mean=22.3128%; std=17.5552
 -- Sample 22: mean=22.4712%; std=15.9397
 -- Sample 23: mean=22.6557%; std=14.6247
 -- Sample 24: mean=48.7107%; std=71.0074
 -- Sample 25: mean=43.3437%; std=63.2653
 -- Sample 26: mean=40.5927%; std=57.0631
 -- Sample 27: mean=38.9791%; std=56.8271
 -- Sample 28: mean=25.4666%; std=18.4016
 -- Sample 29: mean=28.7108%; std=21.4810
 -- Sample 30: mean=30.9164%; std=24.9191
 -- Sample 31: mean=25.6011%; std=21.9431
 -- Sample 32: mean=18.2805%; std=15.7259
 -- Sample 33: mean=19.5209%; std=14.3691
 -- Sample 34: mean=20.4834%; std=11.9928
 -- Sample 35: mean=21.3136%; std=14.0745
 -- Sample 36: mean=21.4283%; std=14.0199
 -- Sample 37: mean=21.9329%; std=14.1914
 -- Sample 38: mean=25.8548%; std=15.2707
 -- Sample 39: mean=23.1294%; std=14.5285
 -- Sample 40: mean=48.9731%; std=27.1729
 -- Sample 41: mean=56.3519%; std=30.1486
 -- Sample 42: mean=46.3939%; std=28.9262
 -- Sample 43: mean=57.0103%; std=32.2566
 -- Sample 44: mean=35.9808%; std=25.2348
 -- Sample 45: mean=29.0789%; std=26.6532
 -- Sample 46: mean=35.3758%; std=26.7437
 -- Sample 47: mean=31.3198%; std=24.7157
 -- Sample 48: mean=18.7531%; std=13.0744
 -- Sample 49: mean=16.4221%; std=12.1563
Mean: 29.1230%, Std: 12.1951%
------------------------------------------------------------------
Correlation comparison:
 -- Sample 0: 0.9783
 -- Sample 1: 0.9755
 -- Sample 2: 0.9661
 -- Sample 3: 0.9770
 -- Sample 4: 0.9702
 -- Sample 5: 0.9653
 -- Sample 6: 0.9634
 -- Sample 7: 0.9657
 -- Sample 8: 0.9479
 -- Sample 9: 0.9561
 -- Sample 10: 0.9540
 -- Sample 11: 0.9461
 -- Sample 12: 0.9685
 -- Sample 13: 0.9605
 -- Sample 14: 0.9669
 -- Sample 15: 0.9650
 -- Sample 16: 0.8107
 -- Sample 17: 0.7986
 -- Sample 18: 0.8205
 -- Sample 19: 0.8165
 -- Sample 20: 0.9350
 -- Sample 21: 0.9216
 -- Sample 22: 0.9288
 -- Sample 23: 0.9356
 -- Sample 24: 0.8607
 -- Sample 25: 0.8760
 -- Sample 26: 0.8782
 -- Sample 27: 0.8972
 -- Sample 28: 0.9288
 -- Sample 29: 0.8975
 -- Sample 30: 0.8741
 -- Sample 31: 0.9221
 -- Sample 32: 0.9713
 -- Sample 33: 0.9722
 -- Sample 34: 0.9791
 -- Sample 35: 0.9640
 -- Sample 36: 0.9732
 -- Sample 37: 0.9721
 -- Sample 38: 0.9683
 -- Sample 39: 0.9656
 -- Sample 40: 0.9279
 -- Sample 41: 0.9316
 -- Sample 42: 0.9241
 -- Sample 43: 0.9280
 -- Sample 44: 0.9605
 -- Sample 45: 0.9440
 -- Sample 46: 0.9575
 -- Sample 47: 0.9536
 -- Sample 48: 0.9732
 -- Sample 49: 0.9758
Mean=0.9354, Std=0.0470
------------------------------------------------------------------
    Evaluating Ko et al (D3 N4)
Bias Error: using Single Component
Mean: 20.4635, Std: 15.2634
------------------------------------------------------------------
Magnitude Error: 
 -- Sample 0: mean=18.2346%; std=13.5461
 -- Sample 1: mean=17.1458%; std=12.8164
 -- Sample 2: mean=18.3042%; std=14.7501
 -- Sample 3: mean=20.0596%; std=15.5877
 -- Sample 4: mean=25.3845%; std=16.1474
 -- Sample 5: mean=28.8111%; std=17.2883
 -- Sample 6: mean=27.9739%; std=17.1988
 -- Sample 7: mean=25.5737%; std=15.0158
 -- Sample 8: mean=48.0677%; std=36.4375
 -- Sample 9: mean=44.1210%; std=31.4174
 -- Sample 10: mean=44.2858%; std=32.9375
 -- Sample 11: mean=45.5149%; std=31.5750
 -- Sample 12: mean=17.4214%; std=13.5592
 -- Sample 13: mean=16.9293%; std=13.2582
 -- Sample 14: mean=15.7701%; std=11.8917
 -- Sample 15: mean=17.6653%; std=13.0393
 -- Sample 16: mean=35.3917%; std=29.2842
 -- Sample 17: mean=32.7352%; std=22.9155
 -- Sample 18: mean=36.5747%; std=29.9660
 -- Sample 19: mean=37.5956%; std=30.3250
 -- Sample 20: mean=21.6836%; std=16.1154
 -- Sample 21: mean=23.6445%; std=15.2793
 -- Sample 22: mean=20.3861%; std=14.8582
 -- Sample 23: mean=22.6917%; std=13.6728
 -- Sample 24: mean=39.9363%; std=52.1411
 -- Sample 25: mean=32.2090%; std=36.5109
 -- Sample 26: mean=29.4481%; std=34.0966
 -- Sample 27: mean=33.6696%; std=43.7007
 -- Sample 28: mean=21.9410%; std=16.1263
 -- Sample 29: mean=21.2896%; std=14.1372
 -- Sample 30: mean=18.6476%; std=13.5826
 -- Sample 31: mean=20.1772%; std=14.0664
 -- Sample 32: mean=28.3500%; std=16.2335
 -- Sample 33: mean=26.7837%; std=15.0930
 -- Sample 34: mean=28.1728%; std=13.3222
 -- Sample 35: mean=25.6263%; std=14.8813
 -- Sample 36: mean=26.2134%; std=17.2638
 -- Sample 37: mean=22.8337%; std=18.0245
 -- Sample 38: mean=27.4385%; std=19.3732
 -- Sample 39: mean=27.2340%; std=20.3605
 -- Sample 40: mean=51.2775%; std=30.4445
 -- Sample 41: mean=50.0686%; std=32.1419
 -- Sample 42: mean=54.4265%; std=35.6132
 -- Sample 43: mean=50.9057%; std=30.8242
 -- Sample 44: mean=43.9212%; std=33.4071
 -- Sample 45: mean=51.0968%; std=37.0498
 -- Sample 46: mean=49.1511%; std=37.6235
 -- Sample 47: mean=43.7994%; std=33.2475
 -- Sample 48: mean=23.0954%; std=15.7940
 -- Sample 49: mean=19.0032%; std=16.2378
Mean: 30.5737%, Std: 11.3748%
------------------------------------------------------------------
Correlation comparison:
 -- Sample 0: 0.9810
 -- Sample 1: 0.9774
 -- Sample 2: 0.9753
 -- Sample 3: 0.9788
 -- Sample 4: 0.9799
 -- Sample 5: 0.9799
 -- Sample 6: 0.9804
 -- Sample 7: 0.9818
 -- Sample 8: 0.9381
 -- Sample 9: 0.9477
 -- Sample 10: 0.9480
 -- Sample 11: 0.9467
 -- Sample 12: 0.9538
 -- Sample 13: 0.9582
 -- Sample 14: 0.9631
 -- Sample 15: 0.9495
 -- Sample 16: 0.7988
 -- Sample 17: 0.8457
 -- Sample 18: 0.8197
 -- Sample 19: 0.8103
 -- Sample 20: 0.9426
 -- Sample 21: 0.9411
 -- Sample 22: 0.9505
 -- Sample 23: 0.9556
 -- Sample 24: 0.8765
 -- Sample 25: 0.9210
 -- Sample 26: 0.9282
 -- Sample 27: 0.9042
 -- Sample 28: 0.9496
 -- Sample 29: 0.9464
 -- Sample 30: 0.9622
 -- Sample 31: 0.9559
 -- Sample 32: 0.9626
 -- Sample 33: 0.9747
 -- Sample 34: 0.9744
 -- Sample 35: 0.9721
 -- Sample 36: 0.9440
 -- Sample 37: 0.9632
 -- Sample 38: 0.9433
 -- Sample 39: 0.9459
 -- Sample 40: 0.9346
 -- Sample 41: 0.9260
 -- Sample 42: 0.9129
 -- Sample 43: 0.9366
 -- Sample 44: 0.9312
 -- Sample 45: 0.9289
 -- Sample 46: 0.9298
 -- Sample 47: 0.9146
 -- Sample 48: 0.9257
 -- Sample 49: 0.9471
Mean=0.9383, Std=0.0418
------------------------------------------------------------------
    Evaluating Ko et al (D3 N0)
Bias Error: using Single Component
Mean: 21.7517, Std: 16.3674
------------------------------------------------------------------
Magnitude Error: 
 -- Sample 0: mean=17.8271%; std=15.4810
 -- Sample 1: mean=19.4573%; std=16.8665
 -- Sample 2: mean=20.1955%; std=17.8054
 -- Sample 3: mean=18.9912%; std=19.6320
 -- Sample 4: mean=27.4019%; std=24.5413
 -- Sample 5: mean=25.8200%; std=20.2203
 -- Sample 6: mean=24.7765%; std=20.2164
 -- Sample 7: mean=25.5409%; std=19.9323
 -- Sample 8: mean=43.8154%; std=31.1239
 -- Sample 9: mean=42.9264%; std=37.7550
 -- Sample 10: mean=36.4491%; std=30.6657
 -- Sample 11: mean=41.2813%; std=31.1974
 -- Sample 12: mean=21.1458%; std=15.1779
 -- Sample 13: mean=25.4821%; std=16.3198
 -- Sample 14: mean=20.5876%; std=14.5312
 -- Sample 15: mean=23.3419%; std=17.3084
 -- Sample 16: mean=34.0222%; std=27.1089
 -- Sample 17: mean=39.1482%; std=27.6892
 -- Sample 18: mean=42.7630%; std=25.3100
 -- Sample 19: mean=45.5448%; std=27.4745
 -- Sample 20: mean=21.0170%; std=12.8850
 -- Sample 21: mean=26.4306%; std=15.8925
 -- Sample 22: mean=20.7759%; std=12.5911
 -- Sample 23: mean=25.0006%; std=16.5024
 -- Sample 24: mean=56.2933%; std=69.8281
 -- Sample 25: mean=69.1829%; std=88.7844
 -- Sample 26: mean=39.4924%; std=50.8425
 -- Sample 27: mean=31.2984%; std=28.2558
 -- Sample 28: mean=25.6683%; std=18.3242
 -- Sample 29: mean=37.4413%; std=20.7078
 -- Sample 30: mean=24.8641%; std=15.0355
 -- Sample 31: mean=29.0993%; std=18.1653
 -- Sample 32: mean=40.8687%; std=19.5302
 -- Sample 33: mean=35.3948%; std=20.5592
 -- Sample 34: mean=37.7772%; std=15.7212
 -- Sample 35: mean=37.1780%; std=18.6034
 -- Sample 36: mean=34.2871%; std=27.4117
 -- Sample 37: mean=24.2147%; std=19.6357
 -- Sample 38: mean=19.9268%; std=16.1688
 -- Sample 39: mean=24.6489%; std=20.6216
 -- Sample 40: mean=53.2405%; std=43.9520
 -- Sample 41: mean=31.3215%; std=22.6800
 -- Sample 42: mean=35.2183%; std=39.0002
 -- Sample 43: mean=59.1412%; std=52.5977
 -- Sample 44: mean=49.7193%; std=31.8591
 -- Sample 45: mean=39.7745%; std=40.3150
 -- Sample 46: mean=68.4847%; std=46.4001
 -- Sample 47: mean=55.0722%; std=51.4102
 -- Sample 48: mean=32.3850%; std=17.6038
 -- Sample 49: mean=32.2715%; std=25.3826
Mean: 34.2801%, Std: 12.6354%
------------------------------------------------------------------
Correlation comparison:
 -- Sample 0: 0.9656
 -- Sample 1: 0.9551
 -- Sample 2: 0.9481
 -- Sample 3: 0.9513
 -- Sample 4: 0.9395
 -- Sample 5: 0.9596
 -- Sample 6: 0.9324
 -- Sample 7: 0.9560
 -- Sample 8: 0.9183
 -- Sample 9: 0.8796
 -- Sample 10: 0.8930
 -- Sample 11: 0.9248
 -- Sample 12: 0.9250
 -- Sample 13: 0.9105
 -- Sample 14: 0.9400
 -- Sample 15: 0.9234
 -- Sample 16: 0.8145
 -- Sample 17: 0.7622
 -- Sample 18: 0.8037
 -- Sample 19: 0.7521
 -- Sample 20: 0.9640
 -- Sample 21: 0.9338
 -- Sample 22: 0.9535
 -- Sample 23: 0.9374
 -- Sample 24: 0.6916
 -- Sample 25: 0.6720
 -- Sample 26: 0.8713
 -- Sample 27: 0.8825
 -- Sample 28: 0.9166
 -- Sample 29: 0.8426
 -- Sample 30: 0.9301
 -- Sample 31: 0.9060
 -- Sample 32: 0.9254
 -- Sample 33: 0.8875
 -- Sample 34: 0.9219
 -- Sample 35: 0.8951
 -- Sample 36: 0.9099
 -- Sample 37: 0.9370
 -- Sample 38: 0.9616
 -- Sample 39: 0.9452
 -- Sample 40: 0.9092
 -- Sample 41: 0.9098
 -- Sample 42: 0.8958
 -- Sample 43: 0.8603
 -- Sample 44: 0.9373
 -- Sample 45: 0.8810
 -- Sample 46: 0.9291
 -- Sample 47: 0.8500
 -- Sample 48: 0.9516
 -- Sample 49: 0.8826
Mean=0.8989, Std=0.0652
------------------------------------------------------------------
    Evaluating Ko et al (D3 N1)
Bias Error: using Single Component
Mean: 23.5373, Std: 17.4257
------------------------------------------------------------------
Magnitude Error: 
 -- Sample 0: mean=23.8436%; std=19.6316
 -- Sample 1: mean=23.1757%; std=16.9750
 -- Sample 2: mean=22.6311%; std=15.4002
 -- Sample 3: mean=21.2714%; std=17.9757
 -- Sample 4: mean=29.9859%; std=21.8021
 -- Sample 5: mean=32.4184%; std=23.1839
 -- Sample 6: mean=29.2672%; std=19.0046
 -- Sample 7: mean=33.9659%; std=22.4056
 -- Sample 8: mean=45.6003%; std=29.7190
 -- Sample 9: mean=51.8978%; std=39.0722
 -- Sample 10: mean=37.7959%; std=29.2983
 -- Sample 11: mean=42.9484%; std=34.1244
 -- Sample 12: mean=19.2684%; std=17.4987
 -- Sample 13: mean=24.9574%; std=16.3993
 -- Sample 14: mean=21.4062%; std=17.9118
 -- Sample 15: mean=20.6686%; std=17.9242
 -- Sample 16: mean=49.3620%; std=43.6637
 -- Sample 17: mean=41.0241%; std=29.6244
 -- Sample 18: mean=42.6393%; std=31.5281
 -- Sample 19: mean=49.1385%; std=37.1410
 -- Sample 20: mean=19.6084%; std=14.8198
 -- Sample 21: mean=23.5914%; std=13.8539
 -- Sample 22: mean=15.5467%; std=11.1570
 -- Sample 23: mean=21.8889%; std=15.3610
 -- Sample 24: mean=51.0439%; std=78.5783
 -- Sample 25: mean=69.5464%; std=98.8780
 -- Sample 26: mean=51.3515%; std=85.7342
 -- Sample 27: mean=36.8876%; std=45.2215
 -- Sample 28: mean=22.8779%; std=17.5434
 -- Sample 29: mean=32.9283%; std=20.8132
 -- Sample 30: mean=22.9128%; std=15.0805
 -- Sample 31: mean=24.3806%; std=14.4495
 -- Sample 32: mean=29.3533%; std=21.1920
 -- Sample 33: mean=28.8199%; std=18.7713
 -- Sample 34: mean=30.1537%; std=18.1726
 -- Sample 35: mean=31.2656%; std=18.2539
 -- Sample 36: mean=27.7180%; std=21.6452
 -- Sample 37: mean=22.0880%; std=19.1272
 -- Sample 38: mean=23.6549%; std=19.2321
 -- Sample 39: mean=21.2775%; std=17.1078
 -- Sample 40: mean=55.2829%; std=37.4020
 -- Sample 41: mean=46.8037%; std=31.6605
 -- Sample 42: mean=38.8018%; std=24.2977
 -- Sample 43: mean=62.4900%; std=39.0828
 -- Sample 44: mean=54.1719%; std=41.0222
 -- Sample 45: mean=55.4102%; std=47.6003
 -- Sample 46: mean=62.6025%; std=41.0875
 -- Sample 47: mean=50.8610%; std=36.9946
 -- Sample 48: mean=26.3405%; std=16.6017
 -- Sample 49: mean=29.3208%; std=22.0251
Mean: 35.0449%, Std: 13.6374%
------------------------------------------------------------------
Correlation comparison:
 -- Sample 0: 0.9604
 -- Sample 1: 0.9582
 -- Sample 2: 0.9657
 -- Sample 3: 0.9708
 -- Sample 4: 0.9572
 -- Sample 5: 0.9610
 -- Sample 6: 0.9273
 -- Sample 7: 0.9627
 -- Sample 8: 0.9390
 -- Sample 9: 0.8888
 -- Sample 10: 0.9346
 -- Sample 11: 0.9214
 -- Sample 12: 0.9359
 -- Sample 13: 0.9242
 -- Sample 14: 0.9372
 -- Sample 15: 0.9364
 -- Sample 16: 0.7573
 -- Sample 17: 0.7983
 -- Sample 18: 0.8203
 -- Sample 19: 0.8137
 -- Sample 20: 0.9507
 -- Sample 21: 0.9378
 -- Sample 22: 0.9702
 -- Sample 23: 0.9482
 -- Sample 24: 0.7503
 -- Sample 25: 0.6542
 -- Sample 26: 0.7816
 -- Sample 27: 0.8302
 -- Sample 28: 0.9346
 -- Sample 29: 0.8692
 -- Sample 30: 0.9355
 -- Sample 31: 0.9378
 -- Sample 32: 0.9168
 -- Sample 33: 0.9227
 -- Sample 34: 0.9207
 -- Sample 35: 0.9335
 -- Sample 36: 0.9589
 -- Sample 37: 0.9598
 -- Sample 38: 0.9555
 -- Sample 39: 0.9569
 -- Sample 40: 0.9372
 -- Sample 41: 0.9459
 -- Sample 42: 0.9387
 -- Sample 43: 0.9451
 -- Sample 44: 0.9269
 -- Sample 45: 0.9130
 -- Sample 46: 0.9399
 -- Sample 47: 0.9123
 -- Sample 48: 0.9286
 -- Sample 49: 0.8936
Mean=0.9115, Std=0.0660
------------------------------------------------------------------
    Evaluating Ko et al (D3 N2)
Bias Error: using Single Component
Mean: 20.0624, Std: 11.7248
------------------------------------------------------------------
Magnitude Error: 
 -- Sample 0: mean=18.0224%; std=16.2493
 -- Sample 1: mean=17.0322%; std=14.6378
 -- Sample 2: mean=17.0941%; std=13.9055
 -- Sample 3: mean=19.6964%; std=16.0145
 -- Sample 4: mean=21.9850%; std=18.0378
 -- Sample 5: mean=22.9625%; std=16.0372
 -- Sample 6: mean=24.4758%; std=16.4696
 -- Sample 7: mean=26.1685%; std=19.5255
 -- Sample 8: mean=42.2004%; std=32.3920
 -- Sample 9: mean=38.0865%; std=25.8654
 -- Sample 10: mean=40.8877%; std=30.3874
 -- Sample 11: mean=33.7178%; std=24.3277
 -- Sample 12: mean=16.4824%; std=12.7316
 -- Sample 13: mean=19.3995%; std=14.0643
 -- Sample 14: mean=18.3004%; std=13.3598
 -- Sample 15: mean=19.6285%; std=15.3419
 -- Sample 16: mean=40.4708%; std=32.7125
 -- Sample 17: mean=28.4912%; std=20.0397
 -- Sample 18: mean=37.6095%; std=22.7405
 -- Sample 19: mean=42.2131%; std=29.5215
 -- Sample 20: mean=24.5761%; std=12.7472
 -- Sample 21: mean=24.4965%; std=11.8354
 -- Sample 22: mean=22.9874%; std=12.2331
 -- Sample 23: mean=25.9090%; std=12.7579
 -- Sample 24: mean=52.6454%; std=64.1549
 -- Sample 25: mean=44.8802%; std=52.7580
 -- Sample 26: mean=41.2085%; std=53.7061
 -- Sample 27: mean=37.4867%; std=25.0101
 -- Sample 28: mean=26.5856%; std=14.6632
 -- Sample 29: mean=22.7069%; std=16.2164
 -- Sample 30: mean=23.7547%; std=15.9084
 -- Sample 31: mean=24.8292%; std=16.3873
 -- Sample 32: mean=35.3502%; std=18.2999
 -- Sample 33: mean=30.9224%; std=15.7346
 -- Sample 34: mean=31.0150%; std=13.6428
 -- Sample 35: mean=37.6302%; std=18.2498
 -- Sample 36: mean=26.2006%; std=16.9914
 -- Sample 37: mean=22.8135%; std=17.9641
 -- Sample 38: mean=22.7323%; std=16.6771
 -- Sample 39: mean=22.4045%; std=15.9363
 -- Sample 40: mean=38.9163%; std=27.3581
 -- Sample 41: mean=41.0748%; std=25.6482
 -- Sample 42: mean=32.8987%; std=19.9013
 -- Sample 43: mean=49.8090%; std=30.2091
 -- Sample 44: mean=43.2513%; std=36.4911
 -- Sample 45: mean=58.7565%; std=39.5474
 -- Sample 46: mean=35.7815%; std=32.6040
 -- Sample 47: mean=39.8175%; std=34.5300
 -- Sample 48: mean=22.4143%; std=12.9886
 -- Sample 49: mean=29.0822%; std=16.2749
Mean: 30.7572%, Std: 10.1498%
------------------------------------------------------------------
Correlation comparison:
 -- Sample 0: 0.9705
 -- Sample 1: 0.9680
 -- Sample 2: 0.9729
 -- Sample 3: 0.9658
 -- Sample 4: 0.9748
 -- Sample 5: 0.9736
 -- Sample 6: 0.9640
 -- Sample 7: 0.9641
 -- Sample 8: 0.9486
 -- Sample 9: 0.9405
 -- Sample 10: 0.9196
 -- Sample 11: 0.9411
 -- Sample 12: 0.9540
 -- Sample 13: 0.9456
 -- Sample 14: 0.9545
 -- Sample 15: 0.9420
 -- Sample 16: 0.7747
 -- Sample 17: 0.8837
 -- Sample 18: 0.8356
 -- Sample 19: 0.8129
 -- Sample 20: 0.9688
 -- Sample 21: 0.9631
 -- Sample 22: 0.9643
 -- Sample 23: 0.9623
 -- Sample 24: 0.8300
 -- Sample 25: 0.8343
 -- Sample 26: 0.8468
 -- Sample 27: 0.8649
 -- Sample 28: 0.9585
 -- Sample 29: 0.9614
 -- Sample 30: 0.9485
 -- Sample 31: 0.9333
 -- Sample 32: 0.9470
 -- Sample 33: 0.9504
 -- Sample 34: 0.9636
 -- Sample 35: 0.9190
 -- Sample 36: 0.9478
 -- Sample 37: 0.9600
 -- Sample 38: 0.9644
 -- Sample 39: 0.9613
 -- Sample 40: 0.9405
 -- Sample 41: 0.9407
 -- Sample 42: 0.9307
 -- Sample 43: 0.9403
 -- Sample 44: 0.9050
 -- Sample 45: 0.9236
 -- Sample 46: 0.8814
 -- Sample 47: 0.9187
 -- Sample 48: 0.9677
 -- Sample 49: 0.9299
Mean=0.9307, Std=0.0471
------------------------------------------------------------------
    Evaluating Ko et al (D3 N3)
Bias Error: using Single Component
Mean: 21.8198, Std: 14.9491
------------------------------------------------------------------
Magnitude Error: 
 -- Sample 0: mean=23.3633%; std=15.7513
 -- Sample 1: mean=22.5926%; std=16.2993
 -- Sample 2: mean=21.7317%; std=16.8457
 -- Sample 3: mean=18.3927%; std=14.4661
 -- Sample 4: mean=27.3531%; std=18.3344
 -- Sample 5: mean=27.9024%; std=19.0048
 -- Sample 6: mean=28.8830%; std=19.1778
 -- Sample 7: mean=28.1224%; std=17.4026
 -- Sample 8: mean=45.6170%; std=38.1338
 -- Sample 9: mean=41.6824%; std=30.1258
 -- Sample 10: mean=40.0849%; std=32.1334
 -- Sample 11: mean=40.2734%; std=28.5005
 -- Sample 12: mean=15.5560%; std=11.7491
 -- Sample 13: mean=17.2769%; std=12.4116
 -- Sample 14: mean=18.1693%; std=13.9330
 -- Sample 15: mean=18.2535%; std=14.8742
 -- Sample 16: mean=45.7745%; std=37.4875
 -- Sample 17: mean=35.0756%; std=26.8923
 -- Sample 18: mean=40.8600%; std=32.3458
 -- Sample 19: mean=36.4314%; std=29.1112
 -- Sample 20: mean=22.4676%; std=13.4888
 -- Sample 21: mean=23.6245%; std=13.9033
 -- Sample 22: mean=22.5475%; std=12.6096
 -- Sample 23: mean=25.0277%; std=13.0377
 -- Sample 24: mean=34.8668%; std=37.4212
 -- Sample 25: mean=44.0721%; std=38.9140
 -- Sample 26: mean=41.6314%; std=64.6079
 -- Sample 27: mean=44.2761%; std=62.2181
 -- Sample 28: mean=22.7748%; std=15.3245
 -- Sample 29: mean=24.7215%; std=16.9521
 -- Sample 30: mean=20.8384%; std=16.2354
 -- Sample 31: mean=28.0693%; std=18.5452
 -- Sample 32: mean=39.4350%; std=16.3414
 -- Sample 33: mean=29.8636%; std=16.1730
 -- Sample 34: mean=31.8965%; std=19.3884
 -- Sample 35: mean=24.8705%; std=19.1018
 -- Sample 36: mean=19.6403%; std=16.3740
 -- Sample 37: mean=22.8156%; std=16.4996
 -- Sample 38: mean=23.2259%; std=17.3172
 -- Sample 39: mean=16.8623%; std=13.3851
 -- Sample 40: mean=46.6086%; std=31.5979
 -- Sample 41: mean=60.2707%; std=36.7306
 -- Sample 42: mean=35.8174%; std=23.2836
 -- Sample 43: mean=45.9333%; std=25.7467
 -- Sample 44: mean=54.9107%; std=43.0333
 -- Sample 45: mean=51.5485%; std=36.2713
 -- Sample 46: mean=43.0719%; std=34.2776
 -- Sample 47: mean=46.1973%; std=33.5109
 -- Sample 48: mean=22.2347%; std=12.2061
 -- Sample 49: mean=25.9528%; std=15.6550
Mean: 31.7894%, Std: 11.2297%
------------------------------------------------------------------
Correlation comparison:
 -- Sample 0: 0.9661
 -- Sample 1: 0.9767
 -- Sample 2: 0.9738
 -- Sample 3: 0.9782
 -- Sample 4: 0.9795
 -- Sample 5: 0.9725
 -- Sample 6: 0.9706
 -- Sample 7: 0.9697
 -- Sample 8: 0.9298
 -- Sample 9: 0.9418
 -- Sample 10: 0.9287
 -- Sample 11: 0.9378
 -- Sample 12: 0.9608
 -- Sample 13: 0.9590
 -- Sample 14: 0.9488
 -- Sample 15: 0.9483
 -- Sample 16: 0.7819
 -- Sample 17: 0.8478
 -- Sample 18: 0.7978
 -- Sample 19: 0.8467
 -- Sample 20: 0.9544
 -- Sample 21: 0.9575
 -- Sample 22: 0.9633
 -- Sample 23: 0.9624
 -- Sample 24: 0.9060
 -- Sample 25: 0.7757
 -- Sample 26: 0.8303
 -- Sample 27: 0.8135
 -- Sample 28: 0.9428
 -- Sample 29: 0.9231
 -- Sample 30: 0.9525
 -- Sample 31: 0.9098
 -- Sample 32: 0.9536
 -- Sample 33: 0.9481
 -- Sample 34: 0.9110
 -- Sample 35: 0.9214
 -- Sample 36: 0.9640
 -- Sample 37: 0.9590
 -- Sample 38: 0.9512
 -- Sample 39: 0.9778
 -- Sample 40: 0.9631
 -- Sample 41: 0.9596
 -- Sample 42: 0.9429
 -- Sample 43: 0.9330
 -- Sample 44: 0.9152
 -- Sample 45: 0.9229
 -- Sample 46: 0.9018
 -- Sample 47: 0.9105
 -- Sample 48: 0.9729
 -- Sample 49: 0.9365
Mean=0.9290, Std=0.0520
------------------------------------------------------------------
  Processing Batch 2 (Size: 46)...
    Evaluating Javier Santos (D0 N4)
Bias Error: using Single Component
Mean: 868.6883, Std: 1144.8615
------------------------------------------------------------------
Magnitude Error: 
 -- Sample 0: mean=172.3405%; std=115.6032
 -- Sample 1: mean=179.2282%; std=109.2299
 -- Sample 2: mean=419.3331%; std=291.6220
 -- Sample 3: mean=409.9468%; std=275.3222
 -- Sample 4: mean=424.4504%; std=289.2217
 -- Sample 5: mean=397.9094%; std=305.3441
 -- Sample 6: mean=244.5124%; std=186.1171
 -- Sample 7: mean=258.0194%; std=190.6968
 -- Sample 8: mean=255.2499%; std=191.4250
 -- Sample 9: mean=265.4354%; std=206.5949
 -- Sample 10: mean=234.0737%; std=136.6951
 -- Sample 11: mean=227.1033%; std=127.0460
 -- Sample 12: mean=232.3956%; std=134.5093
 -- Sample 13: mean=228.5207%; std=128.2405
 -- Sample 14: mean=86.5724%; std=68.4647
 -- Sample 15: mean=94.2284%; std=65.3778
 -- Sample 16: mean=88.3814%; std=60.6448
 -- Sample 17: mean=95.9867%; std=67.4782
 -- Sample 18: mean=293.5968%; std=231.8467
 -- Sample 19: mean=324.9266%; std=228.2584
 -- Sample 20: mean=285.4590%; std=204.4845
 -- Sample 21: mean=311.8411%; std=211.6410
 -- Sample 22: mean=421.6506%; std=246.4327
 -- Sample 23: mean=440.8255%; std=239.8488
 -- Sample 24: mean=413.9396%; std=241.6371
 -- Sample 25: mean=442.8579%; std=240.5950
 -- Sample 26: mean=545.2037%; std=422.9085
 -- Sample 27: mean=584.2779%; std=410.8088
 -- Sample 28: mean=554.2285%; std=423.0913
 -- Sample 29: mean=588.1616%; std=395.1865
 -- Sample 30: mean=95.1818%; std=64.2004
 -- Sample 31: mean=99.1343%; std=71.6492
 -- Sample 32: mean=93.4303%; std=66.6004
 -- Sample 33: mean=84.3337%; std=57.1280
 -- Sample 34: mean=3523.9822%; std=2816.8389
 -- Sample 35: mean=3554.3967%; std=2870.0605
 -- Sample 36: mean=3522.6448%; std=2848.1235
 -- Sample 37: mean=3669.1240%; std=3118.0938
 -- Sample 38: mean=1462.1320%; std=1181.4509
 -- Sample 39: mean=1401.4927%; std=1188.5945
 -- Sample 40: mean=1377.3710%; std=1130.3120
 -- Sample 41: mean=1399.2421%; std=1213.2803
 -- Sample 42: mean=315.9325%; std=256.9663
 -- Sample 43: mean=348.7856%; std=305.4778
 -- Sample 44: mean=328.4564%; std=294.1064
 -- Sample 45: mean=369.5590%; std=321.3366
Mean: 677.5186%, Std: 954.6218%
------------------------------------------------------------------
Correlation comparison:
 -- Sample 0: 0.8210
 -- Sample 1: 0.8429
 -- Sample 2: 0.7489
 -- Sample 3: 0.7653
 -- Sample 4: 0.7529
 -- Sample 5: 0.6861
 -- Sample 6: 0.6681
 -- Sample 7: 0.6865
 -- Sample 8: 0.6870
 -- Sample 9: 0.6886
 -- Sample 10: 0.7727
 -- Sample 11: 0.7807
 -- Sample 12: 0.7816
 -- Sample 13: 0.7867
 -- Sample 14: 0.7881
 -- Sample 15: 0.8179
 -- Sample 16: 0.8281
 -- Sample 17: 0.8260
 -- Sample 18: 0.7258
 -- Sample 19: 0.7607
 -- Sample 20: 0.7650
 -- Sample 21: 0.7665
 -- Sample 22: 0.6660
 -- Sample 23: 0.6997
 -- Sample 24: 0.6738
 -- Sample 25: 0.6930
 -- Sample 26: 0.5207
 -- Sample 27: 0.5742
 -- Sample 28: 0.5358
 -- Sample 29: 0.5910
 -- Sample 30: 0.7379
 -- Sample 31: 0.7182
 -- Sample 32: 0.7175
 -- Sample 33: 0.6894
 -- Sample 34: 0.1626
 -- Sample 35: 0.1612
 -- Sample 36: 0.1576
 -- Sample 37: 0.1368
 -- Sample 38: 0.4194
 -- Sample 39: 0.3523
 -- Sample 40: 0.3345
 -- Sample 41: 0.3484
 -- Sample 42: 0.5421
 -- Sample 43: 0.5124
 -- Sample 44: 0.4799
 -- Sample 45: 0.5142
Mean=0.6236, Std=0.1952
------------------------------------------------------------------
    Evaluating Javier Santos (D1 N4)
Bias Error: using Single Component
Mean: 49.3777, Std: 26.0525
------------------------------------------------------------------
Magnitude Error: 
 -- Sample 0: mean=54.2691%; std=18.4121
 -- Sample 1: mean=53.0940%; std=19.5451
 -- Sample 2: mean=64.0773%; std=32.0694
 -- Sample 3: mean=64.3557%; std=32.6669
 -- Sample 4: mean=66.3988%; std=33.4579
 -- Sample 5: mean=67.4879%; std=32.4883
 -- Sample 6: mean=52.8668%; std=23.4007
 -- Sample 7: mean=53.6236%; std=24.8184
 -- Sample 8: mean=57.4366%; std=25.4879
 -- Sample 9: mean=56.6299%; std=23.4230
 -- Sample 10: mean=58.8802%; std=23.9481
 -- Sample 11: mean=60.0007%; std=24.1237
 -- Sample 12: mean=60.1653%; std=22.6702
 -- Sample 13: mean=59.6444%; std=24.2461
 -- Sample 14: mean=57.6136%; std=20.4338
 -- Sample 15: mean=56.3836%; std=18.4877
 -- Sample 16: mean=56.4801%; std=18.1078
 -- Sample 17: mean=58.2023%; std=21.1016
 -- Sample 18: mean=36.0679%; std=22.0065
 -- Sample 19: mean=37.2318%; std=22.6149
 -- Sample 20: mean=33.8255%; std=22.8156
 -- Sample 21: mean=35.7527%; std=23.9192
 -- Sample 22: mean=37.8901%; std=30.1580
 -- Sample 23: mean=39.5512%; std=32.1691
 -- Sample 24: mean=38.7530%; std=30.2780
 -- Sample 25: mean=37.4048%; std=32.3974
 -- Sample 26: mean=47.1213%; std=26.4109
 -- Sample 27: mean=44.6676%; std=29.1265
 -- Sample 28: mean=44.7540%; std=26.3592
 -- Sample 29: mean=42.5501%; std=27.0804
 -- Sample 30: mean=74.5243%; std=11.1699
 -- Sample 31: mean=73.6278%; std=11.5553
 -- Sample 32: mean=73.0367%; std=12.6241
 -- Sample 33: mean=71.8646%; std=11.2861
 -- Sample 34: mean=176.7614%; std=169.1323
 -- Sample 35: mean=166.6107%; std=164.3458
 -- Sample 36: mean=173.9558%; std=155.2795
 -- Sample 37: mean=163.6474%; std=158.8230
 -- Sample 38: mean=148.7723%; std=180.3472
 -- Sample 39: mean=149.0246%; std=188.0605
 -- Sample 40: mean=140.8983%; std=179.2711
 -- Sample 41: mean=146.5698%; std=177.1530
 -- Sample 42: mean=43.8860%; std=25.9361
 -- Sample 43: mean=42.4421%; std=27.1842
 -- Sample 44: mean=38.9683%; std=26.6012
 -- Sample 45: mean=40.5240%; std=27.3578
Mean: 70.8325%, Std: 41.9112%
------------------------------------------------------------------
Correlation comparison:
 -- Sample 0: 0.8616
 -- Sample 1: 0.8498
 -- Sample 2: 0.4492
 -- Sample 3: 0.4807
 -- Sample 4: 0.4574
 -- Sample 5: 0.4229
 -- Sample 6: 0.7866
 -- Sample 7: 0.7552
 -- Sample 8: 0.7388
 -- Sample 9: 0.7618
 -- Sample 10: 0.6707
 -- Sample 11: 0.6613
 -- Sample 12: 0.6875
 -- Sample 13: 0.6652
 -- Sample 14: 0.8343
 -- Sample 15: 0.8432
 -- Sample 16: 0.8637
 -- Sample 17: 0.8216
 -- Sample 18: 0.8364
 -- Sample 19: 0.8457
 -- Sample 20: 0.8526
 -- Sample 21: 0.8493
 -- Sample 22: 0.8537
 -- Sample 23: 0.8409
 -- Sample 24: 0.8315
 -- Sample 25: 0.8366
 -- Sample 26: 0.7088
 -- Sample 27: 0.6930
 -- Sample 28: 0.7377
 -- Sample 29: 0.7100
 -- Sample 30: 0.8237
 -- Sample 31: 0.8345
 -- Sample 32: 0.8341
 -- Sample 33: 0.8515
 -- Sample 34: 0.5726
 -- Sample 35: 0.4784
 -- Sample 36: 0.5214
 -- Sample 37: 0.5246
 -- Sample 38: 0.6432
 -- Sample 39: 0.6582
 -- Sample 40: 0.6119
 -- Sample 41: 0.6734
 -- Sample 42: 0.8568
 -- Sample 43: 0.8381
 -- Sample 44: 0.8594
 -- Sample 45: 0.8537
Mean=0.7314, Std=0.1339
------------------------------------------------------------------
    Evaluating Javier Santos (D2 N4)
Bias Error: using Single Component
Mean: 75.8238, Std: 20.3048
------------------------------------------------------------------
Magnitude Error: 
 -- Sample 0: mean=87.4383%; std=7.1754
 -- Sample 1: mean=87.7851%; std=6.6350
 -- Sample 2: mean=73.9908%; std=17.5579
 -- Sample 3: mean=74.0702%; std=17.2285
 -- Sample 4: mean=73.9345%; std=17.3393
 -- Sample 5: mean=75.2236%; std=17.2316
 -- Sample 6: mean=81.6316%; std=11.8189
 -- Sample 7: mean=81.7616%; std=12.1348
 -- Sample 8: mean=81.4591%; std=12.3124
 -- Sample 9: mean=80.8817%; std=12.0762
 -- Sample 10: mean=83.4818%; std=8.8031
 -- Sample 11: mean=83.1923%; std=9.0327
 -- Sample 12: mean=83.0462%; std=9.5518
 -- Sample 13: mean=83.4099%; std=9.9066
 -- Sample 14: mean=90.6142%; std=4.6792
 -- Sample 15: mean=91.1735%; std=4.5397
 -- Sample 16: mean=91.0842%; std=4.6225
 -- Sample 17: mean=90.9666%; std=4.6373
 -- Sample 18: mean=81.5539%; std=13.4877
 -- Sample 19: mean=82.4174%; std=11.9129
 -- Sample 20: mean=82.5316%; std=12.2549
 -- Sample 21: mean=82.4278%; std=12.0152
 -- Sample 22: mean=74.6548%; std=15.3833
 -- Sample 23: mean=75.7725%; std=14.5844
 -- Sample 24: mean=74.8275%; std=14.8224
 -- Sample 25: mean=75.1547%; std=15.0895
 -- Sample 26: mean=70.9250%; std=16.7253
 -- Sample 27: mean=71.3545%; std=16.3916
 -- Sample 28: mean=70.3356%; std=17.2890
 -- Sample 29: mean=70.9239%; std=17.2221
 -- Sample 30: mean=91.7118%; std=4.1299
 -- Sample 31: mean=92.0010%; std=4.3858
 -- Sample 32: mean=92.2294%; std=4.0958
 -- Sample 33: mean=92.1238%; std=3.9091
 -- Sample 34: mean=102.7410%; std=90.3293
 -- Sample 35: mean=99.9197%; std=87.1214
 -- Sample 36: mean=104.5712%; std=90.3205
 -- Sample 37: mean=100.8927%; std=86.0868
 -- Sample 38: mean=60.8802%; std=41.5387
 -- Sample 39: mean=58.6049%; std=36.7641
 -- Sample 40: mean=58.4209%; std=34.8007
 -- Sample 41: mean=59.7251%; std=35.6192
 -- Sample 42: mean=80.0596%; std=13.5395
 -- Sample 43: mean=79.9165%; std=13.4026
 -- Sample 44: mean=79.9320%; std=13.8958
 -- Sample 45: mean=79.8195%; std=13.6213
Mean: 81.3386%, Std: 10.8137%
------------------------------------------------------------------
Correlation comparison:
 -- Sample 0: 0.5835
 -- Sample 1: 0.5995
 -- Sample 2: 0.4944
 -- Sample 3: 0.5157
 -- Sample 4: 0.5132
 -- Sample 5: 0.4811
 -- Sample 6: 0.4542
 -- Sample 7: 0.4329
 -- Sample 8: 0.4591
 -- Sample 9: 0.4657
 -- Sample 10: 0.5294
 -- Sample 11: 0.5317
 -- Sample 12: 0.5270
 -- Sample 13: 0.4919
 -- Sample 14: 0.5492
 -- Sample 15: 0.4918
 -- Sample 16: 0.4926
 -- Sample 17: 0.5243
 -- Sample 18: 0.4604
 -- Sample 19: 0.4548
 -- Sample 20: 0.4625
 -- Sample 21: 0.4533
 -- Sample 22: 0.4465
 -- Sample 23: 0.4403
 -- Sample 24: 0.4675
 -- Sample 25: 0.4548
 -- Sample 26: 0.4752
 -- Sample 27: 0.4797
 -- Sample 28: 0.4720
 -- Sample 29: 0.4531
 -- Sample 30: 0.5220
 -- Sample 31: 0.4987
 -- Sample 32: 0.4827
 -- Sample 33: 0.4940
 -- Sample 34: 0.2163
 -- Sample 35: 0.2001
 -- Sample 36: 0.1510
 -- Sample 37: 0.1854
 -- Sample 38: 0.2748
 -- Sample 39: 0.2795
 -- Sample 40: 0.2818
 -- Sample 41: 0.2816
 -- Sample 42: 0.3519
 -- Sample 43: 0.3520
 -- Sample 44: 0.3329
 -- Sample 45: 0.3339
Mean=0.4325, Std=0.1074
------------------------------------------------------------------
    Evaluating Javier Santos (D3 N4)
Bias Error: using Single Component
Mean: 91.4798, Std: 12.3685
------------------------------------------------------------------
Magnitude Error: 
 -- Sample 0: mean=96.9114%; std=2.8319
 -- Sample 1: mean=97.1070%; std=2.6082
 -- Sample 2: mean=93.6125%; std=7.3602
 -- Sample 3: mean=93.3294%; std=7.6169
 -- Sample 4: mean=93.3497%; std=7.2381
 -- Sample 5: mean=93.7858%; std=6.8590
 -- Sample 6: mean=95.5893%; std=4.3556
 -- Sample 7: mean=95.5489%; std=4.3641
 -- Sample 8: mean=94.9716%; std=4.5636
 -- Sample 9: mean=95.0732%; std=4.5274
 -- Sample 10: mean=95.7593%; std=3.9774
 -- Sample 11: mean=95.8701%; std=3.8549
 -- Sample 12: mean=95.6416%; std=4.0147
 -- Sample 13: mean=95.8031%; std=4.0592
 -- Sample 14: mean=97.2670%; std=2.1601
 -- Sample 15: mean=97.5443%; std=2.0652
 -- Sample 16: mean=97.4584%; std=2.2530
 -- Sample 17: mean=97.4199%; std=2.0809
 -- Sample 18: mean=94.4517%; std=5.4572
 -- Sample 19: mean=94.7693%; std=5.2189
 -- Sample 20: mean=94.8402%; std=5.1190
 -- Sample 21: mean=94.5555%; std=5.8324
 -- Sample 22: mean=93.3001%; std=6.9319
 -- Sample 23: mean=93.6433%; std=6.5253
 -- Sample 24: mean=93.4702%; std=7.0420
 -- Sample 25: mean=93.3472%; std=7.1451
 -- Sample 26: mean=91.9671%; std=7.2732
 -- Sample 27: mean=92.3017%; std=7.2637
 -- Sample 28: mean=91.5723%; std=8.1093
 -- Sample 29: mean=92.2694%; std=6.9733
 -- Sample 30: mean=97.3905%; std=2.0426
 -- Sample 31: mean=97.3240%; std=2.1512
 -- Sample 32: mean=97.3190%; std=1.9054
 -- Sample 33: mean=97.4384%; std=1.8307
 -- Sample 34: mean=60.6555%; std=29.3927
 -- Sample 35: mean=58.7269%; std=30.2180
 -- Sample 36: mean=58.1338%; std=31.2880
 -- Sample 37: mean=60.3475%; std=30.6481
 -- Sample 38: mean=78.7439%; std=23.6181
 -- Sample 39: mean=79.5876%; std=23.7176
 -- Sample 40: mean=78.2949%; std=23.6354
 -- Sample 41: mean=80.3011%; std=22.8210
 -- Sample 42: mean=93.8043%; std=5.8845
 -- Sample 43: mean=93.7267%; std=6.0537
 -- Sample 44: mean=93.7099%; std=5.9624
 -- Sample 45: mean=94.3883%; std=5.5443
Mean: 90.4875%, Std: 10.6654%
------------------------------------------------------------------
Correlation comparison:
 -- Sample 0: 0.2658
 -- Sample 1: 0.3073
 -- Sample 2: 0.2385
 -- Sample 3: 0.2165
 -- Sample 4: 0.2403
 -- Sample 5: 0.2651
 -- Sample 6: 0.2286
 -- Sample 7: 0.2105
 -- Sample 8: 0.2045
 -- Sample 9: 0.2535
 -- Sample 10: 0.3187
 -- Sample 11: 0.3173
 -- Sample 12: 0.3153
 -- Sample 13: 0.3217
 -- Sample 14: 0.3747
 -- Sample 15: 0.3637
 -- Sample 16: 0.2836
 -- Sample 17: 0.3329
 -- Sample 18: 0.2787
 -- Sample 19: 0.2837
 -- Sample 20: 0.2443
 -- Sample 21: 0.3148
 -- Sample 22: 0.1949
 -- Sample 23: 0.1818
 -- Sample 24: 0.1695
 -- Sample 25: 0.2072
 -- Sample 26: 0.2181
 -- Sample 27: 0.2096
 -- Sample 28: 0.1950
 -- Sample 29: 0.2107
 -- Sample 30: 0.3482
 -- Sample 31: 0.3314
 -- Sample 32: 0.4088
 -- Sample 33: 0.3953
 -- Sample 34: 0.1189
 -- Sample 35: 0.1033
 -- Sample 36: 0.1328
 -- Sample 37: 0.1210
 -- Sample 38: 0.1044
 -- Sample 39: 0.0999
 -- Sample 40: 0.1188
 -- Sample 41: 0.1015
 -- Sample 42: 0.2535
 -- Sample 43: 0.2715
 -- Sample 44: 0.2275
 -- Sample 45: 0.1832
Mean=0.2410, Std=0.0821
------------------------------------------------------------------
    Evaluating Ko et al (D0 N4)
Bias Error: using Single Component
Mean: 334.5066, Std: 541.5058
------------------------------------------------------------------
Magnitude Error: 
 -- Sample 0: mean=61.8654%; std=59.6435
 -- Sample 1: mean=64.1641%; std=57.1696
 -- Sample 2: mean=179.5371%; std=180.8862
 -- Sample 3: mean=180.2175%; std=200.7275
 -- Sample 4: mean=176.3882%; std=197.6312
 -- Sample 5: mean=174.8258%; std=188.9355
 -- Sample 6: mean=106.8725%; std=114.0542
 -- Sample 7: mean=109.2065%; std=137.6215
 -- Sample 8: mean=102.8741%; std=109.9772
 -- Sample 9: mean=104.6013%; std=116.8146
 -- Sample 10: mean=96.5253%; std=103.2124
 -- Sample 11: mean=96.4848%; std=99.4845
 -- Sample 12: mean=105.8953%; std=113.4930
 -- Sample 13: mean=100.1325%; std=104.4914
 -- Sample 14: mean=39.8421%; std=33.2994
 -- Sample 15: mean=42.1172%; std=36.1794
 -- Sample 16: mean=41.5651%; std=35.7511
 -- Sample 17: mean=44.5933%; std=36.8811
 -- Sample 18: mean=200.1788%; std=184.5381
 -- Sample 19: mean=203.7317%; std=175.7991
 -- Sample 20: mean=200.0909%; std=184.4092
 -- Sample 21: mean=213.8156%; std=183.2415
 -- Sample 22: mean=104.9855%; std=79.0566
 -- Sample 23: mean=109.1323%; std=87.8365
 -- Sample 24: mean=90.8663%; std=73.9873
 -- Sample 25: mean=110.6631%; std=89.3535
 -- Sample 26: mean=263.2289%; std=231.6190
 -- Sample 27: mean=270.8807%; std=223.7377
 -- Sample 28: mean=268.8130%; std=226.5573
 -- Sample 29: mean=273.2411%; std=235.9514
 -- Sample 30: mean=31.8347%; std=21.7928
 -- Sample 31: mean=35.5227%; std=24.4237
 -- Sample 32: mean=30.7211%; std=21.0908
 -- Sample 33: mean=31.6923%; std=22.4481
 -- Sample 34: mean=1998.6326%; std=1716.2407
 -- Sample 35: mean=1921.7896%; std=1651.5754
 -- Sample 36: mean=1967.5771%; std=1655.6755
 -- Sample 37: mean=2024.3304%; std=1786.9996
 -- Sample 38: mean=592.7878%; std=639.5890
 -- Sample 39: mean=514.0505%; std=536.2420
 -- Sample 40: mean=555.6392%; std=600.7011
 -- Sample 41: mean=527.7215%; std=555.3074
 -- Sample 42: mean=166.3056%; std=174.2766
 -- Sample 43: mean=178.1832%; std=193.1062
 -- Sample 44: mean=166.6213%; std=186.3387
 -- Sample 45: mean=168.6872%; std=175.9147
Mean: 327.1616%, Std: 527.1479%
------------------------------------------------------------------
Correlation comparison:
 -- Sample 0: 0.8405
 -- Sample 1: 0.8430
 -- Sample 2: 0.8136
 -- Sample 3: 0.7873
 -- Sample 4: 0.7775
 -- Sample 5: 0.8041
 -- Sample 6: 0.7157
 -- Sample 7: 0.6909
 -- Sample 8: 0.7080
 -- Sample 9: 0.7001
 -- Sample 10: 0.7400
 -- Sample 11: 0.7743
 -- Sample 12: 0.7401
 -- Sample 13: 0.7512
 -- Sample 14: 0.7821
 -- Sample 15: 0.8155
 -- Sample 16: 0.7995
 -- Sample 17: 0.7666
 -- Sample 18: 0.7635
 -- Sample 19: 0.7714
 -- Sample 20: 0.7783
 -- Sample 21: 0.7763
 -- Sample 22: 0.7673
 -- Sample 23: 0.7551
 -- Sample 24: 0.7602
 -- Sample 25: 0.7395
 -- Sample 26: 0.6003
 -- Sample 27: 0.6207
 -- Sample 28: 0.6169
 -- Sample 29: 0.6059
 -- Sample 30: 0.7742
 -- Sample 31: 0.7220
 -- Sample 32: 0.7564
 -- Sample 33: 0.7335
 -- Sample 34: 0.1958
 -- Sample 35: 0.1873
 -- Sample 36: 0.2008
 -- Sample 37: 0.1769
 -- Sample 38: 0.4267
 -- Sample 39: 0.4264
 -- Sample 40: 0.4399
 -- Sample 41: 0.4712
 -- Sample 42: 0.5632
 -- Sample 43: 0.5301
 -- Sample 44: 0.5636
 -- Sample 45: 0.5484
Mean=0.6548, Std=0.1809
------------------------------------------------------------------
    Evaluating Ko et al (D1 N4)
Bias Error: using Single Component
Mean: 44.5860, Std: 33.7992
------------------------------------------------------------------
Magnitude Error: 
 -- Sample 0: mean=39.0193%; std=17.6972
 -- Sample 1: mean=41.4066%; std=16.8917
 -- Sample 2: mean=43.7177%; std=38.7365
 -- Sample 3: mean=50.3760%; std=42.8795
 -- Sample 4: mean=53.2131%; std=51.8857
 -- Sample 5: mean=51.0707%; std=46.0731
 -- Sample 6: mean=44.3708%; std=20.6051
 -- Sample 7: mean=40.1237%; std=19.5866
 -- Sample 8: mean=44.2090%; std=28.5124
 -- Sample 9: mean=44.1712%; std=23.6933
 -- Sample 10: mean=51.2011%; std=27.3694
 -- Sample 11: mean=47.4692%; std=25.3438
 -- Sample 12: mean=41.5171%; std=22.2432
 -- Sample 13: mean=45.1550%; std=24.7892
 -- Sample 14: mean=63.1065%; std=19.3553
 -- Sample 15: mean=55.2365%; std=22.2745
 -- Sample 16: mean=51.2013%; std=18.0271
 -- Sample 17: mean=62.0745%; std=15.6199
 -- Sample 18: mean=42.3680%; std=24.6172
 -- Sample 19: mean=39.6730%; std=20.6598
 -- Sample 20: mean=52.0040%; std=32.3005
 -- Sample 21: mean=53.7092%; std=23.7582
 -- Sample 22: mean=46.9858%; std=26.3629
 -- Sample 23: mean=46.6267%; std=27.4777
 -- Sample 24: mean=47.8427%; std=25.8220
 -- Sample 25: mean=51.6960%; std=26.9416
 -- Sample 26: mean=44.9598%; std=27.7369
 -- Sample 27: mean=46.5992%; std=25.7111
 -- Sample 28: mean=43.8460%; std=26.8126
 -- Sample 29: mean=46.5018%; std=29.6949
 -- Sample 30: mean=70.5077%; std=15.2590
 -- Sample 31: mean=78.1329%; std=12.0928
 -- Sample 32: mean=78.9022%; std=10.4391
 -- Sample 33: mean=72.0420%; std=11.7608
 -- Sample 34: mean=287.2108%; std=382.4058
 -- Sample 35: mean=249.4216%; std=355.3771
 -- Sample 36: mean=331.8614%; std=464.7471
 -- Sample 37: mean=287.2578%; std=437.3889
 -- Sample 38: mean=55.6455%; std=39.5606
 -- Sample 39: mean=61.7068%; std=40.1855
 -- Sample 40: mean=65.7750%; std=43.7244
 -- Sample 41: mean=47.5776%; std=30.8267
 -- Sample 42: mean=72.7973%; std=28.7841
 -- Sample 43: mean=69.2287%; std=25.3664
 -- Sample 44: mean=81.9008%; std=19.8128
 -- Sample 45: mean=72.3611%; std=24.7279
Mean: 74.2126%, Std: 67.7850%
------------------------------------------------------------------
Correlation comparison:
 -- Sample 0: 0.9574
 -- Sample 1: 0.9474
 -- Sample 2: 0.8682
 -- Sample 3: 0.7973
 -- Sample 4: 0.7484
 -- Sample 5: 0.7728
 -- Sample 6: 0.8948
 -- Sample 7: 0.9254
 -- Sample 8: 0.7779
 -- Sample 9: 0.8478
 -- Sample 10: 0.5918
 -- Sample 11: 0.6700
 -- Sample 12: 0.7757
 -- Sample 13: 0.6921
 -- Sample 14: 0.7812
 -- Sample 15: 0.8242
 -- Sample 16: 0.8821
 -- Sample 17: 0.8356
 -- Sample 18: 0.8566
 -- Sample 19: 0.8671
 -- Sample 20: 0.7264
 -- Sample 21: 0.7585
 -- Sample 22: 0.7600
 -- Sample 23: 0.7429
 -- Sample 24: 0.7397
 -- Sample 25: 0.7342
 -- Sample 26: 0.7765
 -- Sample 27: 0.7429
 -- Sample 28: 0.7390
 -- Sample 29: 0.6820
 -- Sample 30: 0.8123
 -- Sample 31: 0.7617
 -- Sample 32: 0.7253
 -- Sample 33: 0.8387
 -- Sample 34: 0.1905
 -- Sample 35: 0.2033
 -- Sample 36: 0.1751
 -- Sample 37: 0.1705
 -- Sample 38: 0.4220
 -- Sample 39: 0.4071
 -- Sample 40: 0.4639
 -- Sample 41: 0.5891
 -- Sample 42: 0.4977
 -- Sample 43: 0.4933
 -- Sample 44: 0.3525
 -- Sample 45: 0.4285
Mean=0.6793, Std=0.2108
------------------------------------------------------------------
    Evaluating Ko et al (D2 N4)
Bias Error: using Single Component
Mean: 57.2630, Std: 82.6918
------------------------------------------------------------------
Magnitude Error: 
 -- Sample 0: mean=16.9458%; std=12.7080
 -- Sample 1: mean=18.6528%; std=12.7803
 -- Sample 2: mean=42.4422%; std=70.9281
 -- Sample 3: mean=43.2298%; std=63.7487
 -- Sample 4: mean=46.8196%; std=60.1320
 -- Sample 5: mean=40.5172%; std=56.3688
 -- Sample 6: mean=48.1342%; std=55.1457
 -- Sample 7: mean=42.0339%; std=47.6057
 -- Sample 8: mean=50.4293%; std=54.7278
 -- Sample 9: mean=43.1051%; std=44.5828
 -- Sample 10: mean=26.7431%; std=18.7756
 -- Sample 11: mean=26.3901%; std=19.7127
 -- Sample 12: mean=26.2485%; std=19.6627
 -- Sample 13: mean=20.8039%; std=16.3663
 -- Sample 14: mean=23.8849%; std=14.0734
 -- Sample 15: mean=26.0715%; std=15.0280
 -- Sample 16: mean=35.1721%; std=15.7620
 -- Sample 17: mean=27.2931%; std=14.3369
 -- Sample 18: mean=41.3238%; std=43.1393
 -- Sample 19: mean=43.6998%; std=48.2153
 -- Sample 20: mean=41.3136%; std=48.1070
 -- Sample 21: mean=55.8007%; std=69.0208
 -- Sample 22: mean=63.9751%; std=51.9270
 -- Sample 23: mean=66.3494%; std=49.9063
 -- Sample 24: mean=71.5903%; std=50.5834
 -- Sample 25: mean=84.4210%; std=63.9860
 -- Sample 26: mean=73.2133%; std=55.3949
 -- Sample 27: mean=56.9433%; std=41.0664
 -- Sample 28: mean=78.9165%; std=63.1597
 -- Sample 29: mean=52.0710%; std=38.5455
 -- Sample 30: mean=24.8648%; std=18.2661
 -- Sample 31: mean=19.2943%; std=18.7722
 -- Sample 32: mean=26.2236%; std=24.0653
 -- Sample 33: mean=28.1208%; std=23.3591
 -- Sample 34: mean=439.4665%; std=817.1646
 -- Sample 35: mean=534.2645%; std=1060.9519
 -- Sample 36: mean=433.5924%; std=831.0994
 -- Sample 37: mean=464.5046%; std=915.1052
 -- Sample 38: mean=75.3484%; std=72.3836
 -- Sample 39: mean=79.4852%; std=81.0298
 -- Sample 40: mean=78.5889%; std=75.3049
 -- Sample 41: mean=74.7454%; std=93.4889
 -- Sample 42: mean=37.5632%; std=22.6191
 -- Sample 43: mean=43.5534%; std=27.2800
 -- Sample 44: mean=39.9256%; std=25.5012
 -- Sample 45: mean=34.3589%; std=23.3797
Mean: 81.9225%, Std: 121.1398%
------------------------------------------------------------------
Correlation comparison:
 -- Sample 0: 0.9753
 -- Sample 1: 0.9676
 -- Sample 2: 0.9177
 -- Sample 3: 0.9371
 -- Sample 4: 0.9192
 -- Sample 5: 0.9279
 -- Sample 6: 0.8736
 -- Sample 7: 0.8839
 -- Sample 8: 0.8269
 -- Sample 9: 0.8739
 -- Sample 10: 0.9011
 -- Sample 11: 0.8939
 -- Sample 12: 0.9171
 -- Sample 13: 0.9386
 -- Sample 14: 0.8782
 -- Sample 15: 0.8875
 -- Sample 16: 0.8588
 -- Sample 17: 0.9103
 -- Sample 18: 0.9017
 -- Sample 19: 0.9078
 -- Sample 20: 0.9190
 -- Sample 21: 0.8900
 -- Sample 22: 0.8730
 -- Sample 23: 0.8849
 -- Sample 24: 0.8796
 -- Sample 25: 0.8783
 -- Sample 26: 0.8046
 -- Sample 27: 0.8440
 -- Sample 28: 0.8297
 -- Sample 29: 0.8795
 -- Sample 30: 0.9281
 -- Sample 31: 0.9425
 -- Sample 32: 0.8965
 -- Sample 33: 0.8978
 -- Sample 34: 0.2887
 -- Sample 35: 0.2460
 -- Sample 36: 0.3050
 -- Sample 37: 0.2453
 -- Sample 38: 0.8811
 -- Sample 39: 0.8946
 -- Sample 40: 0.8621
 -- Sample 41: 0.8521
 -- Sample 42: 0.8547
 -- Sample 43: 0.8765
 -- Sample 44: 0.8765
 -- Sample 45: 0.8697
Mean=0.8369, Std=0.1779
------------------------------------------------------------------
    Evaluating Ko et al (D3 N4)
Bias Error: using Single Component
Mean: 35.7860, Std: 36.1743
------------------------------------------------------------------
Magnitude Error: 
 -- Sample 0: mean=20.0804%; std=16.3318
 -- Sample 1: mean=19.6603%; std=13.5442
 -- Sample 2: mean=35.9622%; std=32.6309
 -- Sample 3: mean=35.2193%; std=30.5073
 -- Sample 4: mean=35.7789%; std=35.6264
 -- Sample 5: mean=36.1312%; std=34.9052
 -- Sample 6: mean=33.5273%; std=39.6981
 -- Sample 7: mean=32.9023%; std=40.3051
 -- Sample 8: mean=33.6911%; std=42.7694
 -- Sample 9: mean=34.9300%; std=39.0357
 -- Sample 10: mean=25.5547%; std=16.4301
 -- Sample 11: mean=22.9571%; std=15.1678
 -- Sample 12: mean=22.0990%; std=14.5597
 -- Sample 13: mean=24.0895%; std=15.8378
 -- Sample 14: mean=24.0738%; std=16.8914
 -- Sample 15: mean=27.0183%; std=14.6294
 -- Sample 16: mean=28.4889%; std=17.0519
 -- Sample 17: mean=25.6680%; std=15.1269
 -- Sample 18: mean=39.1285%; std=37.3224
 -- Sample 19: mean=35.9670%; std=32.8203
 -- Sample 20: mean=37.2493%; std=36.1190
 -- Sample 21: mean=44.6694%; std=39.6084
 -- Sample 22: mean=58.7208%; std=50.9447
 -- Sample 23: mean=57.9253%; std=55.6483
 -- Sample 24: mean=56.2547%; std=48.7113
 -- Sample 25: mean=59.9384%; std=58.4992
 -- Sample 26: mean=44.5791%; std=32.7609
 -- Sample 27: mean=60.3847%; std=46.0406
 -- Sample 28: mean=61.9053%; std=46.5703
 -- Sample 29: mean=43.2760%; std=31.9433
 -- Sample 30: mean=28.2778%; std=21.4845
 -- Sample 31: mean=29.5946%; std=22.8471
 -- Sample 32: mean=35.4316%; std=21.7191
 -- Sample 33: mean=30.7118%; std=22.0391
 -- Sample 34: mean=149.4945%; std=235.2066
 -- Sample 35: mean=187.8687%; std=275.8006
 -- Sample 36: mean=182.9390%; std=290.6667
 -- Sample 37: mean=173.0531%; std=277.2885
 -- Sample 38: mean=52.4688%; std=52.3616
 -- Sample 39: mean=42.9614%; std=46.2640
 -- Sample 40: mean=52.3684%; std=59.9380
 -- Sample 41: mean=49.9779%; std=50.4302
 -- Sample 42: mean=36.3968%; std=44.9058
 -- Sample 43: mean=48.9364%; std=58.5689
 -- Sample 44: mean=45.6614%; std=46.6939
 -- Sample 45: mean=38.5462%; std=39.3870
Mean: 50.0548%, Std: 39.9497%
------------------------------------------------------------------
Correlation comparison:
 -- Sample 0: 0.9273
 -- Sample 1: 0.9551
 -- Sample 2: 0.9228
 -- Sample 3: 0.9310
 -- Sample 4: 0.9150
 -- Sample 5: 0.9140
 -- Sample 6: 0.9159
 -- Sample 7: 0.9264
 -- Sample 8: 0.9295
 -- Sample 9: 0.9043
 -- Sample 10: 0.9117
 -- Sample 11: 0.9430
 -- Sample 12: 0.9523
 -- Sample 13: 0.9316
 -- Sample 14: 0.8979
 -- Sample 15: 0.9338
 -- Sample 16: 0.8979
 -- Sample 17: 0.9003
 -- Sample 18: 0.9023
 -- Sample 19: 0.9192
 -- Sample 20: 0.8975
 -- Sample 21: 0.8774
 -- Sample 22: 0.8765
 -- Sample 23: 0.8602
 -- Sample 24: 0.8838
 -- Sample 25: 0.8495
 -- Sample 26: 0.8644
 -- Sample 27: 0.8564
 -- Sample 28: 0.8316
 -- Sample 29: 0.8564
 -- Sample 30: 0.9127
 -- Sample 31: 0.8971
 -- Sample 32: 0.8984
 -- Sample 33: 0.8988
 -- Sample 34: 0.5029
 -- Sample 35: 0.5076
 -- Sample 36: 0.4569
 -- Sample 37: 0.4929
 -- Sample 38: 0.8467
 -- Sample 39: 0.8695
 -- Sample 40: 0.8388
 -- Sample 41: 0.8608
 -- Sample 42: 0.9261
 -- Sample 43: 0.8932
 -- Sample 44: 0.9099
 -- Sample 45: 0.9218
Mean=0.8635, Std=0.1191
------------------------------------------------------------------
    Evaluating Ko et al (D3 N0)
Bias Error: using Single Component
Mean: 59.1208, Std: 88.3955
------------------------------------------------------------------
Magnitude Error: 
 -- Sample 0: mean=31.6687%; std=20.0454
 -- Sample 1: mean=21.6828%; std=16.9397
 -- Sample 2: mean=53.0312%; std=47.4665
 -- Sample 3: mean=63.0708%; std=89.0779
 -- Sample 4: mean=45.9608%; std=48.1828
 -- Sample 5: mean=62.1921%; std=81.6227
 -- Sample 6: mean=56.4235%; std=34.3865
 -- Sample 7: mean=47.1162%; std=32.9646
 -- Sample 8: mean=45.5873%; std=27.8314
 -- Sample 9: mean=48.0121%; std=32.6849
 -- Sample 10: mean=28.2105%; std=27.8821
 -- Sample 11: mean=37.6965%; std=30.5806
 -- Sample 12: mean=29.0753%; std=29.7089
 -- Sample 13: mean=32.9376%; std=26.9830
 -- Sample 14: mean=39.0968%; std=19.9625
 -- Sample 15: mean=42.0994%; std=17.8243
 -- Sample 16: mean=48.4756%; std=22.6301
 -- Sample 17: mean=38.7262%; std=18.2786
 -- Sample 18: mean=79.1842%; std=108.1413
 -- Sample 19: mean=71.6264%; std=95.4927
 -- Sample 20: mean=42.9785%; std=68.5479
 -- Sample 21: mean=51.9869%; std=58.6656
 -- Sample 22: mean=31.4898%; std=22.7836
 -- Sample 23: mean=50.7142%; std=42.4092
 -- Sample 24: mean=56.1126%; std=34.6447
 -- Sample 25: mean=32.8865%; std=24.7592
 -- Sample 26: mean=56.2592%; std=38.3698
 -- Sample 27: mean=52.7720%; std=34.8922
 -- Sample 28: mean=61.5143%; std=43.6149
 -- Sample 29: mean=57.9761%; std=50.4007
 -- Sample 30: mean=49.7454%; std=25.0773
 -- Sample 31: mean=39.5413%; std=25.4842
 -- Sample 32: mean=51.9774%; std=19.7627
 -- Sample 33: mean=64.3506%; std=15.0059
 -- Sample 34: mean=622.3249%; std=978.1381
 -- Sample 35: mean=206.5760%; std=229.8800
 -- Sample 36: mean=328.5350%; std=426.2034
 -- Sample 37: mean=409.9342%; std=544.6523
 -- Sample 38: mean=137.7506%; std=132.2949
 -- Sample 39: mean=83.7726%; std=103.3552
 -- Sample 40: mean=76.5149%; std=123.9763
 -- Sample 41: mean=129.1838%; std=133.6508
 -- Sample 42: mean=62.3365%; std=57.3095
 -- Sample 43: mean=61.2122%; std=43.7335
 -- Sample 44: mean=94.0884%; std=91.5316
 -- Sample 45: mean=77.6908%; std=90.5656
Mean: 85.0456%, Std: 107.0698%
------------------------------------------------------------------
Correlation comparison:
 -- Sample 0: 0.9336
 -- Sample 1: 0.9498
 -- Sample 2: 0.7987
 -- Sample 3: 0.8189
 -- Sample 4: 0.8753
 -- Sample 5: 0.7563
 -- Sample 6: 0.6980
 -- Sample 7: 0.7801
 -- Sample 8: 0.7780
 -- Sample 9: 0.7286
 -- Sample 10: 0.8766
 -- Sample 11: 0.7467
 -- Sample 12: 0.8891
 -- Sample 13: 0.8611
 -- Sample 14: 0.7556
 -- Sample 15: 0.8050
 -- Sample 16: 0.6967
 -- Sample 17: 0.8766
 -- Sample 18: 0.7062
 -- Sample 19: 0.8227
 -- Sample 20: 0.8917
 -- Sample 21: 0.8994
 -- Sample 22: 0.9271
 -- Sample 23: 0.8445
 -- Sample 24: 0.8953
 -- Sample 25: 0.9284
 -- Sample 26: 0.7580
 -- Sample 27: 0.8354
 -- Sample 28: 0.8173
 -- Sample 29: 0.7914
 -- Sample 30: 0.8432
 -- Sample 31: 0.8136
 -- Sample 32: 0.8579
 -- Sample 33: 0.8156
 -- Sample 34: 0.2378
 -- Sample 35: 0.5938
 -- Sample 36: 0.4479
 -- Sample 37: 0.2723
 -- Sample 38: 0.7590
 -- Sample 39: 0.7828
 -- Sample 40: 0.7135
 -- Sample 41: 0.7443
 -- Sample 42: 0.7604
 -- Sample 43: 0.8018
 -- Sample 44: 0.7086
 -- Sample 45: 0.7279
Mean=0.7744, Std=0.1431
------------------------------------------------------------------
    Evaluating Ko et al (D3 N1)
Bias Error: using Single Component
Mean: 56.4782, Std: 81.9567
------------------------------------------------------------------
Magnitude Error: 
 -- Sample 0: mean=22.7195%; std=14.3312
 -- Sample 1: mean=26.1290%; std=18.6304
 -- Sample 2: mean=56.1062%; std=62.8411
 -- Sample 3: mean=60.3954%; std=85.2552
 -- Sample 4: mean=47.5550%; std=60.0268
 -- Sample 5: mean=64.1044%; std=86.2202
 -- Sample 6: mean=45.1987%; std=36.0325
 -- Sample 7: mean=36.5644%; std=34.3575
 -- Sample 8: mean=34.6823%; std=25.0897
 -- Sample 9: mean=43.2687%; std=27.7054
 -- Sample 10: mean=26.0055%; std=24.4569
 -- Sample 11: mean=24.6695%; std=18.7975
 -- Sample 12: mean=23.4534%; std=18.6040
 -- Sample 13: mean=25.6244%; std=20.4299
 -- Sample 14: mean=41.0636%; std=20.0299
 -- Sample 15: mean=36.8901%; std=20.1055
 -- Sample 16: mean=38.1750%; std=19.3937
 -- Sample 17: mean=34.8875%; std=15.2498
 -- Sample 18: mean=66.6535%; std=81.2777
 -- Sample 19: mean=98.7228%; std=126.3092
 -- Sample 20: mean=45.7139%; std=84.5416
 -- Sample 21: mean=42.2549%; std=33.2766
 -- Sample 22: mean=39.5712%; std=31.7511
 -- Sample 23: mean=54.8743%; std=35.4814
 -- Sample 24: mean=51.8015%; std=32.6014
 -- Sample 25: mean=39.0762%; std=29.8831
 -- Sample 26: mean=39.0669%; std=22.5734
 -- Sample 27: mean=81.3113%; std=53.8185
 -- Sample 28: mean=66.4707%; std=44.9245
 -- Sample 29: mean=86.0342%; std=57.4384
 -- Sample 30: mean=49.3156%; std=25.6550
 -- Sample 31: mean=39.6847%; std=28.3099
 -- Sample 32: mean=45.4902%; std=20.9327
 -- Sample 33: mean=47.8990%; std=17.2863
 -- Sample 34: mean=671.0884%; std=1080.4464
 -- Sample 35: mean=322.3473%; std=428.8070
 -- Sample 36: mean=310.4145%; std=451.9008
 -- Sample 37: mean=301.6072%; std=363.8557
 -- Sample 38: mean=103.7906%; std=79.0661
 -- Sample 39: mean=85.4225%; std=79.1036
 -- Sample 40: mean=82.1139%; std=92.6553
 -- Sample 41: mean=95.4570%; std=108.2600
 -- Sample 42: mean=74.8876%; std=64.2872
 -- Sample 43: mean=53.9158%; std=37.6123
 -- Sample 44: mean=78.7076%; std=76.3479
 -- Sample 45: mean=97.5043%; std=120.5361
Mean: 83.8846%, Std: 110.3612%
------------------------------------------------------------------
Correlation comparison:
 -- Sample 0: 0.9681
 -- Sample 1: 0.9266
 -- Sample 2: 0.7825
 -- Sample 3: 0.8604
 -- Sample 4: 0.8878
 -- Sample 5: 0.7939
 -- Sample 6: 0.7726
 -- Sample 7: 0.8475
 -- Sample 8: 0.8505
 -- Sample 9: 0.7679
 -- Sample 10: 0.9079
 -- Sample 11: 0.9023
 -- Sample 12: 0.9384
 -- Sample 13: 0.9108
 -- Sample 14: 0.7998
 -- Sample 15: 0.8293
 -- Sample 16: 0.7466
 -- Sample 17: 0.9021
 -- Sample 18: 0.7254
 -- Sample 19: 0.7391
 -- Sample 20: 0.8715
 -- Sample 21: 0.8583
 -- Sample 22: 0.9227
 -- Sample 23: 0.8980
 -- Sample 24: 0.9217
 -- Sample 25: 0.9425
 -- Sample 26: 0.8948
 -- Sample 27: 0.8276
 -- Sample 28: 0.8382
 -- Sample 29: 0.7881
 -- Sample 30: 0.8201
 -- Sample 31: 0.8309
 -- Sample 32: 0.8695
 -- Sample 33: 0.8996
 -- Sample 34: 0.2471
 -- Sample 35: 0.4555
 -- Sample 36: 0.4245
 -- Sample 37: 0.3859
 -- Sample 38: 0.8466
 -- Sample 39: 0.8441
 -- Sample 40: 0.8468
 -- Sample 41: 0.8465
 -- Sample 42: 0.7046
 -- Sample 43: 0.8290
 -- Sample 44: 0.7253
 -- Sample 45: 0.6174
Mean=0.8004, Std=0.1496
------------------------------------------------------------------
    Evaluating Ko et al (D3 N2)
Bias Error: using Single Component
Mean: 35.1780, Std: 49.3074
------------------------------------------------------------------
Magnitude Error: 
 -- Sample 0: mean=21.7963%; std=14.0401
 -- Sample 1: mean=29.1973%; std=20.1464
 -- Sample 2: mean=40.1490%; std=31.3704
 -- Sample 3: mean=43.4063%; std=54.4219
 -- Sample 4: mean=42.3884%; std=47.7793
 -- Sample 5: mean=49.1327%; std=42.9680
 -- Sample 6: mean=37.7964%; std=25.3988
 -- Sample 7: mean=32.0557%; std=28.1745
 -- Sample 8: mean=33.2249%; std=30.4394
 -- Sample 9: mean=35.4052%; std=30.0515
 -- Sample 10: mean=26.5451%; std=19.7704
 -- Sample 11: mean=30.3481%; std=22.6011
 -- Sample 12: mean=23.4437%; std=15.8408
 -- Sample 13: mean=19.1850%; std=15.0657
 -- Sample 14: mean=43.1139%; std=20.4732
 -- Sample 15: mean=38.4665%; std=18.8805
 -- Sample 16: mean=46.4608%; std=19.2343
 -- Sample 17: mean=38.3644%; std=14.6861
 -- Sample 18: mean=47.2434%; std=42.7835
 -- Sample 19: mean=75.8146%; std=77.8745
 -- Sample 20: mean=32.9592%; std=30.0889
 -- Sample 21: mean=45.0396%; std=47.1581
 -- Sample 22: mean=37.6651%; std=30.0803
 -- Sample 23: mean=47.5990%; std=46.0384
 -- Sample 24: mean=59.8870%; std=37.4436
 -- Sample 25: mean=44.0013%; std=30.5186
 -- Sample 26: mean=30.3232%; std=24.3309
 -- Sample 27: mean=52.8704%; std=39.8305
 -- Sample 28: mean=38.0519%; std=35.2511
 -- Sample 29: mean=50.4571%; std=31.9742
 -- Sample 30: mean=39.2650%; std=26.0216
 -- Sample 31: mean=42.8454%; std=18.9594
 -- Sample 32: mean=47.0345%; std=23.0473
 -- Sample 33: mean=45.3353%; std=19.3098
 -- Sample 34: mean=438.8174%; std=739.5854
 -- Sample 35: mean=258.2918%; std=380.0934
 -- Sample 36: mean=266.0372%; std=487.3268
 -- Sample 37: mean=179.5824%; std=242.3211
 -- Sample 38: mean=58.2324%; std=49.5155
 -- Sample 39: mean=76.1107%; std=93.6018
 -- Sample 40: mean=51.7606%; std=40.3862
 -- Sample 41: mean=48.2002%; std=44.0614
 -- Sample 42: mean=36.0402%; std=24.3823
 -- Sample 43: mean=56.7615%; std=62.6688
 -- Sample 44: mean=57.5333%; std=44.6191
 -- Sample 45: mean=57.2483%; std=68.3905
Mean: 64.1628%, Std: 74.7801%
------------------------------------------------------------------
Correlation comparison:
 -- Sample 0: 0.9628
 -- Sample 1: 0.8823
 -- Sample 2: 0.8909
 -- Sample 3: 0.9044
 -- Sample 4: 0.8871
 -- Sample 5: 0.8147
 -- Sample 6: 0.8201
 -- Sample 7: 0.8474
 -- Sample 8: 0.8840
 -- Sample 9: 0.8289
 -- Sample 10: 0.9365
 -- Sample 11: 0.8791
 -- Sample 12: 0.9371
 -- Sample 13: 0.9365
 -- Sample 14: 0.7847
 -- Sample 15: 0.8208
 -- Sample 16: 0.6710
 -- Sample 17: 0.9183
 -- Sample 18: 0.8668
 -- Sample 19: 0.7214
 -- Sample 20: 0.8781
 -- Sample 21: 0.8463
 -- Sample 22: 0.9461
 -- Sample 23: 0.8737
 -- Sample 24: 0.9077
 -- Sample 25: 0.9470
 -- Sample 26: 0.9089
 -- Sample 27: 0.8901
 -- Sample 28: 0.9087
 -- Sample 29: 0.8419
 -- Sample 30: 0.8494
 -- Sample 31: 0.9188
 -- Sample 32: 0.8589
 -- Sample 33: 0.8948
 -- Sample 34: 0.2953
 -- Sample 35: 0.4094
 -- Sample 36: 0.2941
 -- Sample 37: 0.4505
 -- Sample 38: 0.9003
 -- Sample 39: 0.8273
 -- Sample 40: 0.9219
 -- Sample 41: 0.8909
 -- Sample 42: 0.8958
 -- Sample 43: 0.7775
 -- Sample 44: 0.7576
 -- Sample 45: 0.7994
Mean=0.8236, Std=0.1554
------------------------------------------------------------------
    Evaluating Ko et al (D3 N3)
Bias Error: using Single Component
Mean: 38.2115, Std: 39.4270
------------------------------------------------------------------
Magnitude Error: 
 -- Sample 0: mean=21.3879%; std=13.9657
 -- Sample 1: mean=23.2114%; std=19.5767
 -- Sample 2: mean=49.4461%; std=59.5116
 -- Sample 3: mean=40.5190%; std=53.9480
 -- Sample 4: mean=41.0627%; std=53.5890
 -- Sample 5: mean=44.2266%; std=34.9010
 -- Sample 6: mean=31.2003%; std=28.1915
 -- Sample 7: mean=33.7748%; std=38.9020
 -- Sample 8: mean=38.4846%; std=36.1567
 -- Sample 9: mean=31.8537%; std=31.1843
 -- Sample 10: mean=23.6729%; std=20.0830
 -- Sample 11: mean=24.6872%; std=19.8206
 -- Sample 12: mean=26.8664%; std=18.7954
 -- Sample 13: mean=27.7584%; std=21.1758
 -- Sample 14: mean=37.7963%; std=14.6909
 -- Sample 15: mean=41.5212%; std=17.1230
 -- Sample 16: mean=36.1534%; std=14.9947
 -- Sample 17: mean=34.6922%; std=16.8044
 -- Sample 18: mean=46.2029%; std=46.6512
 -- Sample 19: mean=65.8723%; std=58.9496
 -- Sample 20: mean=39.9696%; std=53.0724
 -- Sample 21: mean=31.6908%; std=28.6780
 -- Sample 22: mean=72.6958%; std=50.1669
 -- Sample 23: mean=63.3500%; std=35.5258
 -- Sample 24: mean=55.1600%; std=39.5258
 -- Sample 25: mean=49.0784%; std=36.2358
 -- Sample 26: mean=47.9184%; std=40.6733
 -- Sample 27: mean=58.2248%; std=36.1582
 -- Sample 28: mean=41.8626%; std=30.9114
 -- Sample 29: mean=38.9222%; std=31.1844
 -- Sample 30: mean=31.5007%; std=25.6593
 -- Sample 31: mean=36.7881%; std=21.4011
 -- Sample 32: mean=35.8365%; std=25.0101
 -- Sample 33: mean=35.1953%; std=24.4849
 -- Sample 34: mean=171.8346%; std=250.1747
 -- Sample 35: mean=188.3163%; std=283.9963
 -- Sample 36: mean=237.5700%; std=436.6413
 -- Sample 37: mean=89.6732%; std=136.9492
 -- Sample 38: mean=87.7306%; std=78.7961
 -- Sample 39: mean=66.0181%; std=70.7059
 -- Sample 40: mean=58.4341%; std=46.2361
 -- Sample 41: mean=87.7914%; std=86.2427
 -- Sample 42: mean=45.7637%; std=45.0013
 -- Sample 43: mean=46.4088%; std=33.2240
 -- Sample 44: mean=53.9695%; std=55.4791
 -- Sample 45: mean=45.2993%; std=49.2771
Mean: 55.1607%, Std: 42.0155%
------------------------------------------------------------------
Correlation comparison:
 -- Sample 0: 0.9638
 -- Sample 1: 0.9203
 -- Sample 2: 0.8412
 -- Sample 3: 0.9174
 -- Sample 4: 0.9004
 -- Sample 5: 0.8683
 -- Sample 6: 0.9117
 -- Sample 7: 0.9077
 -- Sample 8: 0.9123
 -- Sample 9: 0.9241
 -- Sample 10: 0.9269
 -- Sample 11: 0.8418
 -- Sample 12: 0.8885
 -- Sample 13: 0.8410
 -- Sample 14: 0.7811
 -- Sample 15: 0.8296
 -- Sample 16: 0.7589
 -- Sample 17: 0.9124
 -- Sample 18: 0.8052
 -- Sample 19: 0.7867
 -- Sample 20: 0.8967
 -- Sample 21: 0.8952
 -- Sample 22: 0.9098
 -- Sample 23: 0.9213
 -- Sample 24: 0.9260
 -- Sample 25: 0.9287
 -- Sample 26: 0.8407
 -- Sample 27: 0.8782
 -- Sample 28: 0.8924
 -- Sample 29: 0.8662
 -- Sample 30: 0.8591
 -- Sample 31: 0.8907
 -- Sample 32: 0.8659
 -- Sample 33: 0.8719
 -- Sample 34: 0.4885
 -- Sample 35: 0.5078
 -- Sample 36: 0.3907
 -- Sample 37: 0.6739
 -- Sample 38: 0.8650
 -- Sample 39: 0.9208
 -- Sample 40: 0.9284
 -- Sample 41: 0.8841
 -- Sample 42: 0.8886
 -- Sample 43: 0.8826
 -- Sample 44: 0.7952
 -- Sample 45: 0.8922
Mean=0.8478, Std=0.1154
------------------------------------------------------------------

Processing Dataset: Bentheimer
Considering 424 samples from ../NN_Datasets_Grad_Dist_40_5_55/Test_Oliveira_Bentheimer_SAug_DNorm.h5.
  Processing Batch 1 (Size: 50)...
    Evaluating Javier Santos (D0 N4)
Bias Error: using Single Component
Mean: 976.0922, Std: 1366.9242
------------------------------------------------------------------
Magnitude Error: 
 -- Sample 0: mean=347.9879%; std=303.0655
 -- Sample 1: mean=352.3066%; std=307.6905
 -- Sample 2: mean=353.6659%; std=313.6756
 -- Sample 3: mean=345.6287%; std=300.1935
 -- Sample 4: mean=492.8534%; std=328.3018
 -- Sample 5: mean=476.7319%; std=304.1703
 -- Sample 6: mean=494.4420%; std=320.3155
 -- Sample 7: mean=484.7301%; std=315.8286
 -- Sample 8: mean=707.4156%; std=404.9075
 -- Sample 9: mean=663.2316%; std=388.1489
 -- Sample 10: mean=695.4582%; std=402.3008
 -- Sample 11: mean=671.7111%; std=426.3306
 -- Sample 12: mean=639.2008%; std=420.9587
 -- Sample 13: mean=593.6317%; std=405.9508
 -- Sample 14: mean=613.6992%; std=395.3701
 -- Sample 15: mean=587.6690%; std=399.1020
 -- Sample 16: mean=370.2923%; std=343.4400
 -- Sample 17: mean=379.1671%; std=338.2876
 -- Sample 18: mean=373.2065%; std=335.4319
 -- Sample 19: mean=389.8916%; std=356.9442
 -- Sample 20: mean=492.0186%; std=344.0983
 -- Sample 21: mean=524.7656%; std=364.3424
 -- Sample 22: mean=501.7127%; std=352.4998
 -- Sample 23: mean=519.8539%; std=345.5702
 -- Sample 24: mean=243.9802%; std=148.4252
 -- Sample 25: mean=256.6441%; std=151.0820
 -- Sample 26: mean=246.2180%; std=154.8361
 -- Sample 27: mean=253.4183%; std=162.9497
 -- Sample 28: mean=48.5369%; std=45.6872
 -- Sample 29: mean=44.3077%; std=43.0582
 -- Sample 30: mean=44.5823%; std=43.4221
 -- Sample 31: mean=49.6282%; std=42.8397
 -- Sample 32: mean=4294.2520%; std=2649.4839
 -- Sample 33: mean=4334.0854%; std=2585.7065
 -- Sample 34: mean=4278.0586%; std=2537.5627
 -- Sample 35: mean=4408.7148%; std=2601.9819
 -- Sample 36: mean=102.4396%; std=68.7485
 -- Sample 37: mean=110.1421%; std=69.1562
 -- Sample 38: mean=98.8510%; std=68.9704
 -- Sample 39: mean=105.0826%; std=71.8115
 -- Sample 40: mean=196.5787%; std=127.4091
 -- Sample 41: mean=188.0779%; std=115.4300
 -- Sample 42: mean=195.6550%; std=126.8996
 -- Sample 43: mean=191.2851%; std=117.1421
 -- Sample 44: mean=352.0812%; std=307.5282
 -- Sample 45: mean=345.7503%; std=277.7935
 -- Sample 46: mean=335.6986%; std=282.4597
 -- Sample 47: mean=356.4524%; std=281.9125
 -- Sample 48: mean=1626.5856%; std=1434.7437
 -- Sample 49: mean=1580.2717%; std=1500.9066
Mean: 727.1730%, Std: 1104.6371%
------------------------------------------------------------------
Correlation comparison:
 -- Sample 0: 0.4671
 -- Sample 1: 0.5259
 -- Sample 2: 0.4742
 -- Sample 3: 0.4891
 -- Sample 4: 0.4752
 -- Sample 5: 0.4676
 -- Sample 6: 0.4917
 -- Sample 7: 0.4834
 -- Sample 8: 0.4148
 -- Sample 9: 0.4152
 -- Sample 10: 0.4592
 -- Sample 11: 0.3886
 -- Sample 12: 0.4939
 -- Sample 13: 0.4826
 -- Sample 14: 0.4874
 -- Sample 15: 0.4664
 -- Sample 16: 0.3337
 -- Sample 17: 0.3707
 -- Sample 18: 0.3577
 -- Sample 19: 0.3648
 -- Sample 20: 0.5553
 -- Sample 21: 0.5767
 -- Sample 22: 0.5443
 -- Sample 23: 0.5782
 -- Sample 24: 0.7532
 -- Sample 25: 0.7461
 -- Sample 26: 0.7516
 -- Sample 27: 0.7418
 -- Sample 28: 0.8875
 -- Sample 29: 0.9024
 -- Sample 30: 0.8989
 -- Sample 31: 0.8920
 -- Sample 32: 0.2402
 -- Sample 33: 0.2449
 -- Sample 34: 0.2463
 -- Sample 35: 0.2530
 -- Sample 36: 0.8414
 -- Sample 37: 0.8344
 -- Sample 38: 0.8274
 -- Sample 39: 0.8566
 -- Sample 40: 0.6803
 -- Sample 41: 0.6839
 -- Sample 42: 0.6820
 -- Sample 43: 0.6614
 -- Sample 44: 0.4575
 -- Sample 45: 0.5065
 -- Sample 46: 0.4729
 -- Sample 47: 0.5254
 -- Sample 48: 0.2677
 -- Sample 49: 0.2192
Mean=0.5448, Std=0.1943
------------------------------------------------------------------
    Evaluating Javier Santos (D1 N4)
Bias Error: using Single Component
Mean: 91.1819, Std: 163.8028
------------------------------------------------------------------
Magnitude Error: 
 -- Sample 0: mean=50.2034%; std=26.8146
 -- Sample 1: mean=50.7637%; std=26.2287
 -- Sample 2: mean=50.6542%; std=25.9180
 -- Sample 3: mean=50.4701%; std=26.0154
 -- Sample 4: mean=50.2405%; std=42.5130
 -- Sample 5: mean=49.6111%; std=42.0581
 -- Sample 6: mean=50.0205%; std=45.7256
 -- Sample 7: mean=48.7196%; std=39.6559
 -- Sample 8: mean=51.4136%; std=55.3432
 -- Sample 9: mean=52.0878%; std=53.4822
 -- Sample 10: mean=50.1803%; std=55.8084
 -- Sample 11: mean=49.6279%; std=50.4932
 -- Sample 12: mean=46.2399%; std=34.5607
 -- Sample 13: mean=44.1066%; std=34.5760
 -- Sample 14: mean=46.1831%; std=38.9699
 -- Sample 15: mean=45.8936%; std=42.3433
 -- Sample 16: mean=45.8251%; std=22.7819
 -- Sample 17: mean=46.1248%; std=22.6018
 -- Sample 18: mean=40.8807%; std=22.3394
 -- Sample 19: mean=43.8060%; std=23.6229
 -- Sample 20: mean=40.3051%; std=23.5887
 -- Sample 21: mean=40.7507%; std=23.7986
 -- Sample 22: mean=40.6806%; std=25.1033
 -- Sample 23: mean=46.1564%; std=24.4459
 -- Sample 24: mean=62.5285%; std=23.8550
 -- Sample 25: mean=61.6568%; std=25.3376
 -- Sample 26: mean=62.2609%; std=24.0024
 -- Sample 27: mean=62.1888%; std=24.1230
 -- Sample 28: mean=77.0663%; std=8.7589
 -- Sample 29: mean=76.6915%; std=8.4949
 -- Sample 30: mean=76.0482%; std=10.0817
 -- Sample 31: mean=74.9880%; std=10.9598
 -- Sample 32: mean=701.6462%; std=724.8959
 -- Sample 33: mean=717.9737%; std=707.2729
 -- Sample 34: mean=683.4196%; std=690.5127
 -- Sample 35: mean=649.8613%; std=676.5150
 -- Sample 36: mean=62.8149%; std=18.3860
 -- Sample 37: mean=63.1289%; std=18.4411
 -- Sample 38: mean=61.9543%; std=19.4686
 -- Sample 39: mean=61.6951%; std=19.3607
 -- Sample 40: mean=66.0210%; std=20.8846
 -- Sample 41: mean=63.6764%; std=21.1468
 -- Sample 42: mean=66.0583%; std=21.2191
 -- Sample 43: mean=64.9241%; std=21.5974
 -- Sample 44: mean=56.3330%; std=27.8732
 -- Sample 45: mean=57.0714%; std=26.8685
 -- Sample 46: mean=61.1730%; std=28.7249
 -- Sample 47: mean=58.5780%; std=28.3177
 -- Sample 48: mean=116.4153%; std=209.3461
 -- Sample 49: mean=113.3746%; std=214.6527
Mean: 108.2099%, Std: 171.8480%
------------------------------------------------------------------
Correlation comparison:
 -- Sample 0: 0.7017
 -- Sample 1: 0.7028
 -- Sample 2: 0.7074
 -- Sample 3: 0.7068
 -- Sample 4: 0.7706
 -- Sample 5: 0.7629
 -- Sample 6: 0.7586
 -- Sample 7: 0.7692
 -- Sample 8: 0.5842
 -- Sample 9: 0.5530
 -- Sample 10: 0.5428
 -- Sample 11: 0.5952
 -- Sample 12: 0.6618
 -- Sample 13: 0.7010
 -- Sample 14: 0.6832
 -- Sample 15: 0.6825
 -- Sample 16: 0.8876
 -- Sample 17: 0.8850
 -- Sample 18: 0.9008
 -- Sample 19: 0.8755
 -- Sample 20: 0.8466
 -- Sample 21: 0.8306
 -- Sample 22: 0.8250
 -- Sample 23: 0.7998
 -- Sample 24: 0.7225
 -- Sample 25: 0.7151
 -- Sample 26: 0.7080
 -- Sample 27: 0.7137
 -- Sample 28: 0.8672
 -- Sample 29: 0.8699
 -- Sample 30: 0.8639
 -- Sample 31: 0.8517
 -- Sample 32: 0.2827
 -- Sample 33: 0.2816
 -- Sample 34: 0.2942
 -- Sample 35: 0.2748
 -- Sample 36: 0.8361
 -- Sample 37: 0.8271
 -- Sample 38: 0.8299
 -- Sample 39: 0.8243
 -- Sample 40: 0.7226
 -- Sample 41: 0.7323
 -- Sample 42: 0.7166
 -- Sample 43: 0.7262
 -- Sample 44: 0.6093
 -- Sample 45: 0.6068
 -- Sample 46: 0.5451
 -- Sample 47: 0.5538
 -- Sample 48: 0.4502
 -- Sample 49: 0.4085
Mean=0.6914, Std=0.1657
------------------------------------------------------------------
    Evaluating Javier Santos (D2 N4)
Bias Error: using Single Component
Mean: 75.3186, Std: 37.9521
------------------------------------------------------------------
Magnitude Error: 
 -- Sample 0: mean=76.6112%; std=19.3687
 -- Sample 1: mean=76.6096%; std=18.9426
 -- Sample 2: mean=75.6853%; std=18.8471
 -- Sample 3: mean=75.8877%; std=18.8291
 -- Sample 4: mean=69.0613%; std=19.1662
 -- Sample 5: mean=69.9783%; std=19.8269
 -- Sample 6: mean=70.1820%; std=19.5595
 -- Sample 7: mean=69.2037%; std=19.3057
 -- Sample 8: mean=60.9820%; std=24.1628
 -- Sample 9: mean=61.5711%; std=24.4862
 -- Sample 10: mean=61.7004%; std=24.5023
 -- Sample 11: mean=60.3749%; std=24.4144
 -- Sample 12: mean=70.1248%; std=19.4104
 -- Sample 13: mean=68.9996%; std=19.6491
 -- Sample 14: mean=70.9326%; std=18.7872
 -- Sample 15: mean=70.3957%; std=19.5294
 -- Sample 16: mean=81.2832%; std=13.8324
 -- Sample 17: mean=81.3134%; std=13.1910
 -- Sample 18: mean=81.0698%; std=13.0019
 -- Sample 19: mean=80.9651%; std=12.7848
 -- Sample 20: mean=71.2105%; std=17.1635
 -- Sample 21: mean=70.8575%; std=16.5705
 -- Sample 22: mean=70.9471%; std=17.4015
 -- Sample 23: mean=72.0474%; std=16.8209
 -- Sample 24: mean=83.6676%; std=10.1356
 -- Sample 25: mean=83.6454%; std=10.1023
 -- Sample 26: mean=83.5173%; std=10.4705
 -- Sample 27: mean=84.1533%; std=10.0050
 -- Sample 28: mean=93.8993%; std=3.4015
 -- Sample 29: mean=94.2510%; std=3.1096
 -- Sample 30: mean=94.1142%; std=3.0188
 -- Sample 31: mean=93.9122%; std=3.2401
 -- Sample 32: mean=150.6320%; std=127.7961
 -- Sample 33: mean=153.7162%; std=133.8467
 -- Sample 34: mean=144.0038%; std=126.9112
 -- Sample 35: mean=146.7393%; std=126.2182
 -- Sample 36: mean=90.8297%; std=4.7461
 -- Sample 37: mean=90.7894%; std=4.8062
 -- Sample 38: mean=91.1335%; std=4.8273
 -- Sample 39: mean=91.0653%; std=4.8906
 -- Sample 40: mean=85.2710%; std=8.7940
 -- Sample 41: mean=84.9343%; std=9.0910
 -- Sample 42: mean=85.1084%; std=8.8389
 -- Sample 43: mean=85.2728%; std=8.6088
 -- Sample 44: mean=77.6573%; std=15.4984
 -- Sample 45: mean=77.9497%; std=15.7785
 -- Sample 46: mean=78.1502%; std=15.5301
 -- Sample 47: mean=77.6166%; std=15.7219
 -- Sample 48: mean=61.5011%; std=39.4807
 -- Sample 49: mean=63.5500%; std=40.6822
Mean: 83.3015%, Std: 21.4984%
------------------------------------------------------------------
Correlation comparison:
 -- Sample 0: 0.2732
 -- Sample 1: 0.2690
 -- Sample 2: 0.2870
 -- Sample 3: 0.2862
 -- Sample 4: 0.3672
 -- Sample 5: 0.3336
 -- Sample 6: 0.3372
 -- Sample 7: 0.3574
 -- Sample 8: 0.2826
 -- Sample 9: 0.2805
 -- Sample 10: 0.2610
 -- Sample 11: 0.2680
 -- Sample 12: 0.3336
 -- Sample 13: 0.3345
 -- Sample 14: 0.3270
 -- Sample 15: 0.3167
 -- Sample 16: 0.3195
 -- Sample 17: 0.2986
 -- Sample 18: 0.3198
 -- Sample 19: 0.3487
 -- Sample 20: 0.4105
 -- Sample 21: 0.4486
 -- Sample 22: 0.4242
 -- Sample 23: 0.3839
 -- Sample 24: 0.5186
 -- Sample 25: 0.5353
 -- Sample 26: 0.5242
 -- Sample 27: 0.4990
 -- Sample 28: 0.6374
 -- Sample 29: 0.6389
 -- Sample 30: 0.6597
 -- Sample 31: 0.6521
 -- Sample 32: 0.1333
 -- Sample 33: 0.1217
 -- Sample 34: 0.1048
 -- Sample 35: 0.1106
 -- Sample 36: 0.5727
 -- Sample 37: 0.5749
 -- Sample 38: 0.5315
 -- Sample 39: 0.5432
 -- Sample 40: 0.4300
 -- Sample 41: 0.4448
 -- Sample 42: 0.4413
 -- Sample 43: 0.4364
 -- Sample 44: 0.3092
 -- Sample 45: 0.2807
 -- Sample 46: 0.2828
 -- Sample 47: 0.3236
 -- Sample 48: 0.1511
 -- Sample 49: 0.1444
Mean=0.3694, Std=0.1438
------------------------------------------------------------------
    Evaluating Javier Santos (D3 N4)
Bias Error: using Single Component
Mean: 91.1969, Std: 10.3306
------------------------------------------------------------------
Magnitude Error: 
 -- Sample 0: mean=94.1156%; std=6.0228
 -- Sample 1: mean=94.5138%; std=5.5206
 -- Sample 2: mean=94.2721%; std=5.7400
 -- Sample 3: mean=94.0680%; std=5.9508
 -- Sample 4: mean=92.0525%; std=7.0266
 -- Sample 5: mean=92.5289%; std=6.6001
 -- Sample 6: mean=91.9465%; std=6.8528
 -- Sample 7: mean=92.7950%; std=7.2078
 -- Sample 8: mean=88.4912%; std=10.8158
 -- Sample 9: mean=88.1726%; std=10.6258
 -- Sample 10: mean=87.4361%; std=10.9958
 -- Sample 11: mean=88.3476%; std=10.5531
 -- Sample 12: mean=92.5478%; std=6.8717
 -- Sample 13: mean=92.4020%; std=7.4195
 -- Sample 14: mean=92.3183%; std=7.5581
 -- Sample 15: mean=92.2871%; std=6.9269
 -- Sample 16: mean=94.0395%; std=5.6672
 -- Sample 17: mean=93.7945%; std=5.5853
 -- Sample 18: mean=94.3003%; std=5.5088
 -- Sample 19: mean=93.9781%; std=5.9113
 -- Sample 20: mean=92.9239%; std=6.6402
 -- Sample 21: mean=92.8080%; std=6.6031
 -- Sample 22: mean=92.6467%; std=7.1790
 -- Sample 23: mean=92.7561%; std=6.7480
 -- Sample 24: mean=95.6892%; std=3.9922
 -- Sample 25: mean=95.9674%; std=3.9306
 -- Sample 26: mean=95.9804%; std=3.7995
 -- Sample 27: mean=95.9789%; std=3.8236
 -- Sample 28: mean=98.3149%; std=1.3835
 -- Sample 29: mean=98.2946%; std=1.2980
 -- Sample 30: mean=98.3887%; std=1.3371
 -- Sample 31: mean=98.2926%; std=1.4070
 -- Sample 32: mean=61.4982%; std=35.7550
 -- Sample 33: mean=61.8903%; std=36.4127
 -- Sample 34: mean=64.4854%; std=36.3769
 -- Sample 35: mean=62.6172%; std=35.7918
 -- Sample 36: mean=97.2961%; std=2.4033
 -- Sample 37: mean=97.4314%; std=2.3288
 -- Sample 38: mean=97.4809%; std=2.2815
 -- Sample 39: mean=97.5728%; std=2.1923
 -- Sample 40: mean=96.2893%; std=3.3817
 -- Sample 41: mean=96.3191%; std=3.6738
 -- Sample 42: mean=96.0918%; std=3.8658
 -- Sample 43: mean=96.4789%; std=3.4003
 -- Sample 44: mean=94.2018%; std=6.2802
 -- Sample 45: mean=93.9974%; std=6.4743
 -- Sample 46: mean=94.2389%; std=6.2520
 -- Sample 47: mean=93.9938%; std=6.3701
 -- Sample 48: mean=81.8761%; std=19.9021
 -- Sample 49: mean=80.2535%; std=20.6485
Mean: 91.1292%, Std: 9.1577%
------------------------------------------------------------------
Correlation comparison:
 -- Sample 0: 0.0961
 -- Sample 1: 0.1069
 -- Sample 2: 0.0648
 -- Sample 3: 0.0635
 -- Sample 4: 0.1902
 -- Sample 5: 0.2259
 -- Sample 6: 0.2211
 -- Sample 7: 0.1484
 -- Sample 8: 0.1146
 -- Sample 9: 0.1822
 -- Sample 10: 0.2160
 -- Sample 11: 0.1840
 -- Sample 12: 0.2058
 -- Sample 13: 0.1747
 -- Sample 14: 0.1479
 -- Sample 15: 0.1945
 -- Sample 16: 0.1818
 -- Sample 17: 0.1765
 -- Sample 18: 0.1455
 -- Sample 19: 0.2038
 -- Sample 20: 0.1578
 -- Sample 21: 0.1556
 -- Sample 22: 0.1460
 -- Sample 23: 0.1764
 -- Sample 24: 0.2403
 -- Sample 25: 0.2681
 -- Sample 26: 0.2453
 -- Sample 27: 0.2305
 -- Sample 28: 0.3558
 -- Sample 29: 0.3797
 -- Sample 30: 0.3575
 -- Sample 31: 0.3554
 -- Sample 32: 0.0921
 -- Sample 33: 0.0855
 -- Sample 34: 0.0640
 -- Sample 35: 0.0626
 -- Sample 36: 0.2562
 -- Sample 37: 0.1534
 -- Sample 38: 0.2083
 -- Sample 39: 0.2680
 -- Sample 40: 0.2228
 -- Sample 41: 0.1554
 -- Sample 42: 0.1615
 -- Sample 43: 0.2006
 -- Sample 44: 0.0803
 -- Sample 45: 0.1153
 -- Sample 46: 0.1322
 -- Sample 47: 0.0891
 -- Sample 48: 0.0256
 -- Sample 49: 0.0614
Mean=0.1749, Std=0.0813
------------------------------------------------------------------
    Evaluating Ko et al (D0 N4)
Bias Error: using Single Component
Mean: 155.4086, Std: 202.7405
------------------------------------------------------------------
Magnitude Error: 
 -- Sample 0: mean=82.7886%; std=94.7991
 -- Sample 1: mean=76.1847%; std=85.6038
 -- Sample 2: mean=79.0304%; std=90.7625
 -- Sample 3: mean=75.1156%; std=90.1885
 -- Sample 4: mean=110.2565%; std=93.3631
 -- Sample 5: mean=113.9122%; std=99.1790
 -- Sample 6: mean=107.6231%; std=92.8883
 -- Sample 7: mean=107.0649%; std=92.7812
 -- Sample 8: mean=144.5921%; std=116.1686
 -- Sample 9: mean=144.3842%; std=118.9518
 -- Sample 10: mean=155.2524%; std=117.6160
 -- Sample 11: mean=150.1916%; std=104.5094
 -- Sample 12: mean=214.2823%; std=176.1054
 -- Sample 13: mean=209.9646%; std=179.3972
 -- Sample 14: mean=207.0721%; std=175.2541
 -- Sample 15: mean=202.0375%; std=171.4457
 -- Sample 16: mean=209.9523%; std=199.4002
 -- Sample 17: mean=218.0531%; std=208.1671
 -- Sample 18: mean=207.1404%; std=199.0990
 -- Sample 19: mean=218.4241%; std=210.5089
 -- Sample 20: mean=199.9614%; std=185.1908
 -- Sample 21: mean=201.1208%; std=185.7061
 -- Sample 22: mean=202.7438%; std=182.4923
 -- Sample 23: mean=205.3713%; std=196.4571
 -- Sample 24: mean=86.0450%; std=82.8920
 -- Sample 25: mean=89.8940%; std=78.5493
 -- Sample 26: mean=87.7317%; std=74.6293
 -- Sample 27: mean=90.7504%; std=74.6115
 -- Sample 28: mean=29.5691%; std=21.4021
 -- Sample 29: mean=30.5547%; std=19.3969
 -- Sample 30: mean=30.4198%; std=21.7043
 -- Sample 31: mean=31.6035%; std=19.5248
 -- Sample 32: mean=1054.5830%; std=981.1991
 -- Sample 33: mean=1066.1967%; std=968.7089
 -- Sample 34: mean=1090.1561%; std=943.1848
 -- Sample 35: mean=1084.3624%; std=935.4194
 -- Sample 36: mean=30.9746%; std=20.5353
 -- Sample 37: mean=30.5619%; std=18.9711
 -- Sample 38: mean=27.0242%; std=18.1269
 -- Sample 39: mean=31.3797%; std=19.9514
 -- Sample 40: mean=41.3349%; std=28.7975
 -- Sample 41: mean=41.4484%; std=25.8461
 -- Sample 42: mean=38.9939%; std=29.4784
 -- Sample 43: mean=40.5040%; std=26.6626
 -- Sample 44: mean=95.2578%; std=116.4942
 -- Sample 45: mean=92.7379%; std=111.3753
 -- Sample 46: mean=94.1455%; std=129.4266
 -- Sample 47: mean=90.8740%; std=115.5950
 -- Sample 48: mean=347.7921%; std=534.6183
 -- Sample 49: mean=333.5825%; std=504.5244
Mean: 199.0200%, Std: 269.2929%
------------------------------------------------------------------
Correlation comparison:
 -- Sample 0: 0.6095
 -- Sample 1: 0.6367
 -- Sample 2: 0.6051
 -- Sample 3: 0.6431
 -- Sample 4: 0.5755
 -- Sample 5: 0.5904
 -- Sample 6: 0.5901
 -- Sample 7: 0.6088
 -- Sample 8: 0.6200
 -- Sample 9: 0.5715
 -- Sample 10: 0.6050
 -- Sample 11: 0.6336
 -- Sample 12: 0.4891
 -- Sample 13: 0.5020
 -- Sample 14: 0.5053
 -- Sample 15: 0.4979
 -- Sample 16: 0.3249
 -- Sample 17: 0.3374
 -- Sample 18: 0.3427
 -- Sample 19: 0.3591
 -- Sample 20: 0.5320
 -- Sample 21: 0.5476
 -- Sample 22: 0.5502
 -- Sample 23: 0.5272
 -- Sample 24: 0.7743
 -- Sample 25: 0.7665
 -- Sample 26: 0.7903
 -- Sample 27: 0.7722
 -- Sample 28: 0.9221
 -- Sample 29: 0.9015
 -- Sample 30: 0.9093
 -- Sample 31: 0.9162
 -- Sample 32: 0.2664
 -- Sample 33: 0.2695
 -- Sample 34: 0.2714
 -- Sample 35: 0.2577
 -- Sample 36: 0.9196
 -- Sample 37: 0.9162
 -- Sample 38: 0.9366
 -- Sample 39: 0.9122
 -- Sample 40: 0.8179
 -- Sample 41: 0.8032
 -- Sample 42: 0.8043
 -- Sample 43: 0.8075
 -- Sample 44: 0.4938
 -- Sample 45: 0.5392
 -- Sample 46: 0.5007
 -- Sample 47: 0.4747
 -- Sample 48: 0.1645
 -- Sample 49: 0.1789
Mean=0.5978, Std=0.2138
------------------------------------------------------------------
    Evaluating Ko et al (D1 N4)
Bias Error: using Single Component
Mean: 59.7232, Std: 25.5756
------------------------------------------------------------------
Magnitude Error: 
 -- Sample 0: mean=60.1454%; std=29.8019
 -- Sample 1: mean=57.9478%; std=28.4814
 -- Sample 2: mean=63.6815%; std=29.4124
 -- Sample 3: mean=62.2293%; std=29.7906
 -- Sample 4: mean=56.1065%; std=26.6471
 -- Sample 5: mean=49.1158%; std=27.6212
 -- Sample 6: mean=48.8275%; std=28.6995
 -- Sample 7: mean=54.2883%; std=29.2940
 -- Sample 8: mean=54.3163%; std=26.5148
 -- Sample 9: mean=60.2492%; std=35.9797
 -- Sample 10: mean=54.2350%; std=29.3304
 -- Sample 11: mean=48.0045%; std=31.7234
 -- Sample 12: mean=65.6917%; std=32.8992
 -- Sample 13: mean=62.2844%; std=31.0670
 -- Sample 14: mean=63.5703%; std=29.9217
 -- Sample 15: mean=64.2521%; std=31.0748
 -- Sample 16: mean=112.8701%; std=93.4422
 -- Sample 17: mean=97.6802%; std=73.0488
 -- Sample 18: mean=101.5814%; std=76.6754
 -- Sample 19: mean=106.2945%; std=88.8305
 -- Sample 20: mean=46.4643%; std=24.4160
 -- Sample 21: mean=52.1367%; std=25.9987
 -- Sample 22: mean=53.7919%; std=24.6832
 -- Sample 23: mean=48.6617%; std=26.8163
 -- Sample 24: mean=71.2621%; std=15.0769
 -- Sample 25: mean=68.7673%; std=14.6567
 -- Sample 26: mean=65.3418%; std=13.9432
 -- Sample 27: mean=70.0103%; std=16.3982
 -- Sample 28: mean=49.5901%; std=20.0749
 -- Sample 29: mean=52.0583%; std=21.7815
 -- Sample 30: mean=45.4025%; std=23.6859
 -- Sample 31: mean=47.9430%; std=22.0131
 -- Sample 32: mean=193.2094%; std=229.5346
 -- Sample 33: mean=226.9946%; std=202.1403
 -- Sample 34: mean=195.1914%; std=154.9034
 -- Sample 35: mean=204.1764%; std=200.9870
 -- Sample 36: mean=76.7052%; std=8.3066
 -- Sample 37: mean=77.5505%; std=11.5807
 -- Sample 38: mean=76.4928%; std=8.9200
 -- Sample 39: mean=76.8539%; std=9.8485
 -- Sample 40: mean=80.4819%; std=8.3231
 -- Sample 41: mean=84.3776%; std=8.0063
 -- Sample 42: mean=82.8023%; std=10.6798
 -- Sample 43: mean=79.5434%; std=11.0616
 -- Sample 44: mean=85.4422%; std=13.1286
 -- Sample 45: mean=82.5778%; std=15.3118
 -- Sample 46: mean=76.7089%; std=17.5957
 -- Sample 47: mean=77.6318%; std=16.4242
 -- Sample 48: mean=79.4739%; std=18.6962
 -- Sample 49: mean=80.2976%; std=22.9949
Mean: 79.0263%, Std: 40.5330%
------------------------------------------------------------------
Correlation comparison:
 -- Sample 0: 0.7257
 -- Sample 1: 0.7264
 -- Sample 2: 0.6647
 -- Sample 3: 0.6932
 -- Sample 4: 0.6815
 -- Sample 5: 0.7759
 -- Sample 6: 0.7502
 -- Sample 7: 0.6785
 -- Sample 8: 0.7236
 -- Sample 9: 0.6153
 -- Sample 10: 0.6177
 -- Sample 11: 0.6897
 -- Sample 12: 0.4115
 -- Sample 13: 0.4777
 -- Sample 14: 0.5481
 -- Sample 15: 0.4628
 -- Sample 16: 0.2919
 -- Sample 17: 0.3308
 -- Sample 18: 0.2765
 -- Sample 19: 0.3086
 -- Sample 20: 0.7978
 -- Sample 21: 0.7627
 -- Sample 22: 0.7552
 -- Sample 23: 0.7797
 -- Sample 24: 0.8733
 -- Sample 25: 0.9095
 -- Sample 26: 0.9374
 -- Sample 27: 0.8792
 -- Sample 28: 0.8684
 -- Sample 29: 0.8628
 -- Sample 30: 0.8535
 -- Sample 31: 0.8706
 -- Sample 32: 0.2147
 -- Sample 33: 0.2630
 -- Sample 34: 0.2631
 -- Sample 35: 0.2150
 -- Sample 36: 0.9335
 -- Sample 37: 0.8635
 -- Sample 38: 0.9459
 -- Sample 39: 0.9265
 -- Sample 40: 0.8970
 -- Sample 41: 0.8527
 -- Sample 42: 0.7943
 -- Sample 43: 0.8390
 -- Sample 44: 0.5981
 -- Sample 45: 0.5576
 -- Sample 46: 0.7556
 -- Sample 47: 0.7191
 -- Sample 48: 0.3707
 -- Sample 49: 0.3318
Mean=0.6588, Std=0.2234
------------------------------------------------------------------
    Evaluating Ko et al (D2 N4)
Bias Error: using Single Component
Mean: 79.3570, Std: 157.5178
------------------------------------------------------------------
Magnitude Error: 
 -- Sample 0: mean=53.3576%; std=22.2094
 -- Sample 1: mean=56.5561%; std=29.6625
 -- Sample 2: mean=54.1681%; std=28.3973
 -- Sample 3: mean=57.4092%; std=25.1040
 -- Sample 4: mean=72.3540%; std=52.6760
 -- Sample 5: mean=62.2589%; std=45.5081
 -- Sample 6: mean=64.3598%; std=50.7942
 -- Sample 7: mean=76.4565%; std=55.7543
 -- Sample 8: mean=77.9160%; std=59.7978
 -- Sample 9: mean=84.9439%; std=69.4858
 -- Sample 10: mean=78.2825%; std=64.2398
 -- Sample 11: mean=87.3597%; std=68.9018
 -- Sample 12: mean=119.2006%; std=133.3423
 -- Sample 13: mean=110.4303%; std=113.4837
 -- Sample 14: mean=104.1414%; std=112.7491
 -- Sample 15: mean=125.2112%; std=126.8654
 -- Sample 16: mean=70.1931%; std=69.8394
 -- Sample 17: mean=76.8036%; std=76.7660
 -- Sample 18: mean=79.4312%; std=70.9887
 -- Sample 19: mean=70.6834%; std=66.3146
 -- Sample 20: mean=41.8709%; std=60.6685
 -- Sample 21: mean=54.0086%; std=64.5676
 -- Sample 22: mean=44.3570%; std=63.1624
 -- Sample 23: mean=43.2044%; std=61.2906
 -- Sample 24: mean=45.5777%; std=23.2879
 -- Sample 25: mean=44.8839%; std=22.0494
 -- Sample 26: mean=42.2776%; std=20.9921
 -- Sample 27: mean=42.9211%; std=18.2633
 -- Sample 28: mean=20.9842%; std=16.0446
 -- Sample 29: mean=24.0935%; std=14.5054
 -- Sample 30: mean=21.6809%; std=14.8122
 -- Sample 31: mean=21.7068%; std=12.8791
 -- Sample 32: mean=837.0063%; std=846.2841
 -- Sample 33: mean=744.7491%; std=795.2515
 -- Sample 34: mean=744.6753%; std=788.9235
 -- Sample 35: mean=749.2233%; std=731.1752
 -- Sample 36: mean=41.6422%; std=19.4981
 -- Sample 37: mean=42.6808%; std=17.5337
 -- Sample 38: mean=38.8023%; std=15.5749
 -- Sample 39: mean=40.0198%; std=19.5084
 -- Sample 40: mean=45.9485%; std=21.7116
 -- Sample 41: mean=46.6504%; std=22.3016
 -- Sample 42: mean=48.3441%; std=21.6359
 -- Sample 43: mean=48.8273%; std=23.0867
 -- Sample 44: mean=41.3254%; std=20.7220
 -- Sample 45: mean=47.6925%; std=20.3564
 -- Sample 46: mean=40.7268%; std=25.3116
 -- Sample 47: mean=37.1661%; std=20.3034
 -- Sample 48: mean=54.5182%; std=55.4039
 -- Sample 49: mean=52.8538%; std=51.9016
Mean: 114.6387%, Std: 194.6347%
------------------------------------------------------------------
Correlation comparison:
 -- Sample 0: 0.7650
 -- Sample 1: 0.7814
 -- Sample 2: 0.7847
 -- Sample 3: 0.7746
 -- Sample 4: 0.7819
 -- Sample 5: 0.7969
 -- Sample 6: 0.8228
 -- Sample 7: 0.7957
 -- Sample 8: 0.7594
 -- Sample 9: 0.7875
 -- Sample 10: 0.8287
 -- Sample 11: 0.7887
 -- Sample 12: 0.6141
 -- Sample 13: 0.6301
 -- Sample 14: 0.6383
 -- Sample 15: 0.6189
 -- Sample 16: 0.8053
 -- Sample 17: 0.7883
 -- Sample 18: 0.7780
 -- Sample 19: 0.7972
 -- Sample 20: 0.8494
 -- Sample 21: 0.8261
 -- Sample 22: 0.8423
 -- Sample 23: 0.8562
 -- Sample 24: 0.8738
 -- Sample 25: 0.8742
 -- Sample 26: 0.8939
 -- Sample 27: 0.9112
 -- Sample 28: 0.9601
 -- Sample 29: 0.9627
 -- Sample 30: 0.9709
 -- Sample 31: 0.9733
 -- Sample 32: 0.2928
 -- Sample 33: 0.2936
 -- Sample 34: 0.2919
 -- Sample 35: 0.2980
 -- Sample 36: 0.9499
 -- Sample 37: 0.9584
 -- Sample 38: 0.9654
 -- Sample 39: 0.9500
 -- Sample 40: 0.9034
 -- Sample 41: 0.8958
 -- Sample 42: 0.9073
 -- Sample 43: 0.8837
 -- Sample 44: 0.9487
 -- Sample 45: 0.9396
 -- Sample 46: 0.9262
 -- Sample 47: 0.9509
 -- Sample 48: 0.4923
 -- Sample 49: 0.4833
Mean=0.7853, Std=0.1847
------------------------------------------------------------------
    Evaluating Ko et al (D3 N4)
Bias Error: using Single Component
Mean: 69.0399, Std: 136.1173
------------------------------------------------------------------
Magnitude Error: 
 -- Sample 0: mean=46.8653%; std=32.0788
 -- Sample 1: mean=40.7322%; std=24.9490
 -- Sample 2: mean=40.0859%; std=26.1376
 -- Sample 3: mean=46.9117%; std=30.5863
 -- Sample 4: mean=66.1102%; std=49.9445
 -- Sample 5: mean=63.8468%; std=48.0814
 -- Sample 6: mean=62.4901%; std=46.0400
 -- Sample 7: mean=61.7665%; std=45.4710
 -- Sample 8: mean=88.5312%; std=64.6685
 -- Sample 9: mean=92.7792%; std=71.9265
 -- Sample 10: mean=81.5032%; std=61.6575
 -- Sample 11: mean=93.4259%; std=73.0773
 -- Sample 12: mean=86.7197%; std=89.3447
 -- Sample 13: mean=72.0862%; std=66.9392
 -- Sample 14: mean=71.2897%; std=75.9914
 -- Sample 15: mean=85.8961%; std=83.0921
 -- Sample 16: mean=50.3651%; std=59.0723
 -- Sample 17: mean=52.9733%; std=53.6241
 -- Sample 18: mean=48.1704%; std=44.7052
 -- Sample 19: mean=47.4646%; std=47.7286
 -- Sample 20: mean=38.4817%; std=44.1250
 -- Sample 21: mean=40.8748%; std=50.8040
 -- Sample 22: mean=35.7014%; std=38.1211
 -- Sample 23: mean=37.0297%; std=41.5216
 -- Sample 24: mean=32.4481%; std=18.4141
 -- Sample 25: mean=30.6061%; std=19.3733
 -- Sample 26: mean=37.5406%; std=20.9971
 -- Sample 27: mean=41.3210%; std=19.9737
 -- Sample 28: mean=28.2504%; std=15.4976
 -- Sample 29: mean=27.9738%; std=16.0017
 -- Sample 30: mean=29.1136%; std=16.9377
 -- Sample 31: mean=23.3844%; std=17.6008
 -- Sample 32: mean=647.3105%; std=612.5742
 -- Sample 33: mean=705.3566%; std=648.2515
 -- Sample 34: mean=660.7812%; std=605.7323
 -- Sample 35: mean=642.0900%; std=656.9125
 -- Sample 36: mean=40.8286%; std=19.6419
 -- Sample 37: mean=39.9750%; std=19.9606
 -- Sample 38: mean=39.2679%; std=21.7927
 -- Sample 39: mean=38.1253%; std=21.0201
 -- Sample 40: mean=43.3650%; std=19.7953
 -- Sample 41: mean=45.5768%; std=19.3795
 -- Sample 42: mean=48.7045%; std=18.3474
 -- Sample 43: mean=46.8281%; std=19.0464
 -- Sample 44: mean=41.8996%; std=28.7610
 -- Sample 45: mean=42.5974%; std=28.5973
 -- Sample 46: mean=45.1834%; std=25.0414
 -- Sample 47: mean=38.8477%; std=26.6589
 -- Sample 48: mean=54.1161%; std=31.8153
 -- Sample 49: mean=56.6830%; std=29.2766
Mean: 99.6055%, Std: 167.4546%
------------------------------------------------------------------
Correlation comparison:
 -- Sample 0: 0.8193
 -- Sample 1: 0.8552
 -- Sample 2: 0.8469
 -- Sample 3: 0.8199
 -- Sample 4: 0.7788
 -- Sample 5: 0.7853
 -- Sample 6: 0.7658
 -- Sample 7: 0.7806
 -- Sample 8: 0.8176
 -- Sample 9: 0.7993
 -- Sample 10: 0.8111
 -- Sample 11: 0.8161
 -- Sample 12: 0.6509
 -- Sample 13: 0.6788
 -- Sample 14: 0.6876
 -- Sample 15: 0.6574
 -- Sample 16: 0.8936
 -- Sample 17: 0.8707
 -- Sample 18: 0.8900
 -- Sample 19: 0.8918
 -- Sample 20: 0.8697
 -- Sample 21: 0.8349
 -- Sample 22: 0.8888
 -- Sample 23: 0.8623
 -- Sample 24: 0.9254
 -- Sample 25: 0.9375
 -- Sample 26: 0.9079
 -- Sample 27: 0.9064
 -- Sample 28: 0.9590
 -- Sample 29: 0.9526
 -- Sample 30: 0.9476
 -- Sample 31: 0.9488
 -- Sample 32: 0.2706
 -- Sample 33: 0.2766
 -- Sample 34: 0.2858
 -- Sample 35: 0.2629
 -- Sample 36: 0.9458
 -- Sample 37: 0.9484
 -- Sample 38: 0.9386
 -- Sample 39: 0.9415
 -- Sample 40: 0.9088
 -- Sample 41: 0.9304
 -- Sample 42: 0.9378
 -- Sample 43: 0.9314
 -- Sample 44: 0.8970
 -- Sample 45: 0.8955
 -- Sample 46: 0.9031
 -- Sample 47: 0.9170
 -- Sample 48: 0.4002
 -- Sample 49: 0.4006
Mean=0.7970, Std=0.1946
------------------------------------------------------------------
    Evaluating Ko et al (D3 N0)
Bias Error: using Single Component
Mean: 72.1467, Std: 156.7459
------------------------------------------------------------------
Magnitude Error: 
 -- Sample 0: mean=60.6538%; std=32.0407
 -- Sample 1: mean=46.5973%; std=29.8360
 -- Sample 2: mean=41.6205%; std=30.0688
 -- Sample 3: mean=38.0560%; std=27.6694
 -- Sample 4: mean=58.7336%; std=44.7802
 -- Sample 5: mean=62.1803%; std=46.3971
 -- Sample 6: mean=49.3218%; std=49.3958
 -- Sample 7: mean=45.4808%; std=43.7568
 -- Sample 8: mean=55.1880%; std=52.1562
 -- Sample 9: mean=74.2969%; std=58.9272
 -- Sample 10: mean=51.2235%; std=43.2239
 -- Sample 11: mean=50.9584%; std=46.5981
 -- Sample 12: mean=75.8991%; std=58.1542
 -- Sample 13: mean=75.9267%; std=61.9324
 -- Sample 14: mean=70.4087%; std=69.4859
 -- Sample 15: mean=63.7813%; std=40.7272
 -- Sample 16: mean=85.2435%; std=63.0602
 -- Sample 17: mean=95.7513%; std=76.9097
 -- Sample 18: mean=65.5455%; std=39.8563
 -- Sample 19: mean=62.7537%; std=40.7231
 -- Sample 20: mean=57.6382%; std=67.2987
 -- Sample 21: mean=37.1899%; std=34.9005
 -- Sample 22: mean=41.4479%; std=49.6772
 -- Sample 23: mean=38.4086%; std=34.7792
 -- Sample 24: mean=45.4097%; std=21.5680
 -- Sample 25: mean=40.0787%; std=17.7542
 -- Sample 26: mean=42.0562%; std=27.2145
 -- Sample 27: mean=45.5634%; std=27.0320
 -- Sample 28: mean=25.6913%; std=19.5269
 -- Sample 29: mean=38.2712%; std=14.7992
 -- Sample 30: mean=44.9844%; std=20.0863
 -- Sample 31: mean=31.2919%; std=18.0640
 -- Sample 32: mean=688.4536%; std=586.6855
 -- Sample 33: mean=858.5999%; std=713.1097
 -- Sample 34: mean=719.7670%; std=667.3874
 -- Sample 35: mean=668.6880%; std=636.1140
 -- Sample 36: mean=48.9800%; std=22.2003
 -- Sample 37: mean=40.7039%; std=15.8520
 -- Sample 38: mean=51.9123%; std=22.2368
 -- Sample 39: mean=57.3410%; std=20.1548
 -- Sample 40: mean=45.6766%; std=24.0606
 -- Sample 41: mean=42.7797%; std=25.2025
 -- Sample 42: mean=53.0306%; std=20.8144
 -- Sample 43: mean=50.2689%; std=18.2236
 -- Sample 44: mean=53.0913%; std=22.5213
 -- Sample 45: mean=46.1221%; std=26.5002
 -- Sample 46: mean=47.5648%; std=23.2983
 -- Sample 47: mean=51.2637%; std=22.0290
 -- Sample 48: mean=63.9156%; std=71.1891
 -- Sample 49: mean=74.6636%; std=137.3194
Mean: 107.6095%, Std: 186.3633%
------------------------------------------------------------------
Correlation comparison:
 -- Sample 0: 0.7009
 -- Sample 1: 0.7187
 -- Sample 2: 0.8116
 -- Sample 3: 0.8064
 -- Sample 4: 0.6735
 -- Sample 5: 0.7630
 -- Sample 6: 0.7954
 -- Sample 7: 0.7638
 -- Sample 8: 0.7845
 -- Sample 9: 0.7743
 -- Sample 10: 0.8121
 -- Sample 11: 0.7940
 -- Sample 12: 0.6130
 -- Sample 13: 0.6413
 -- Sample 14: 0.6327
 -- Sample 15: 0.6743
 -- Sample 16: 0.6852
 -- Sample 17: 0.7003
 -- Sample 18: 0.7695
 -- Sample 19: 0.7347
 -- Sample 20: 0.7362
 -- Sample 21: 0.8527
 -- Sample 22: 0.8227
 -- Sample 23: 0.8947
 -- Sample 24: 0.8594
 -- Sample 25: 0.9198
 -- Sample 26: 0.8156
 -- Sample 27: 0.8222
 -- Sample 28: 0.9276
 -- Sample 29: 0.9542
 -- Sample 30: 0.8688
 -- Sample 31: 0.9355
 -- Sample 32: 0.3181
 -- Sample 33: 0.2868
 -- Sample 34: 0.2822
 -- Sample 35: 0.2684
 -- Sample 36: 0.8692
 -- Sample 37: 0.9659
 -- Sample 38: 0.8739
 -- Sample 39: 0.8773
 -- Sample 40: 0.8470
 -- Sample 41: 0.8677
 -- Sample 42: 0.8761
 -- Sample 43: 0.9017
 -- Sample 44: 0.8054
 -- Sample 45: 0.8435
 -- Sample 46: 0.8885
 -- Sample 47: 0.8563
 -- Sample 48: 0.5092
 -- Sample 49: 0.3362
Mean=0.7506, Std=0.1772
------------------------------------------------------------------
    Evaluating Ko et al (D3 N1)
Bias Error: using Single Component
Mean: 72.6998, Std: 146.5727
------------------------------------------------------------------
Magnitude Error: 
 -- Sample 0: mean=58.6017%; std=24.7843
 -- Sample 1: mean=39.2761%; std=25.4242
 -- Sample 2: mean=42.1714%; std=27.3625
 -- Sample 3: mean=50.8840%; std=31.4492
 -- Sample 4: mean=70.6597%; std=56.9925
 -- Sample 5: mean=66.5100%; std=47.5987
 -- Sample 6: mean=40.4347%; std=40.8058
 -- Sample 7: mean=55.8797%; std=64.7968
 -- Sample 8: mean=63.6255%; std=69.1913
 -- Sample 9: mean=82.9506%; std=62.2964
 -- Sample 10: mean=87.7061%; std=57.6975
 -- Sample 11: mean=66.7175%; std=55.6857
 -- Sample 12: mean=64.6613%; std=55.9622
 -- Sample 13: mean=90.2750%; std=77.8758
 -- Sample 14: mean=100.2762%; std=85.3180
 -- Sample 15: mean=70.0009%; std=56.4800
 -- Sample 16: mean=69.0294%; std=63.1645
 -- Sample 17: mean=89.7487%; std=71.2847
 -- Sample 18: mean=64.7044%; std=59.5059
 -- Sample 19: mean=72.6480%; std=45.1850
 -- Sample 20: mean=54.9179%; std=63.6321
 -- Sample 21: mean=42.4390%; std=40.4203
 -- Sample 22: mean=43.8331%; std=46.0489
 -- Sample 23: mean=35.0519%; std=36.3275
 -- Sample 24: mean=30.4000%; std=16.7017
 -- Sample 25: mean=28.9362%; std=16.7089
 -- Sample 26: mean=36.8759%; std=25.5547
 -- Sample 27: mean=38.4749%; std=21.6364
 -- Sample 28: mean=33.6502%; std=16.8290
 -- Sample 29: mean=32.9193%; std=17.8783
 -- Sample 30: mean=37.5200%; std=24.2454
 -- Sample 31: mean=30.4950%; std=17.0643
 -- Sample 32: mean=560.2390%; std=558.6722
 -- Sample 33: mean=870.8935%; std=815.9682
 -- Sample 34: mean=818.3151%; std=751.5683
 -- Sample 35: mean=686.6937%; std=663.0118
 -- Sample 36: mean=49.2698%; std=21.5580
 -- Sample 37: mean=42.5674%; std=19.8540
 -- Sample 38: mean=49.6307%; std=26.5314
 -- Sample 39: mean=51.2368%; std=17.1349
 -- Sample 40: mean=47.5338%; std=19.1626
 -- Sample 41: mean=46.4137%; std=20.3735
 -- Sample 42: mean=57.7126%; std=18.6475
 -- Sample 43: mean=48.4658%; std=17.3550
 -- Sample 44: mean=45.3864%; std=25.4364
 -- Sample 45: mean=43.7275%; std=27.1127
 -- Sample 46: mean=46.5998%; std=23.2663
 -- Sample 47: mean=43.5996%; std=22.0085
 -- Sample 48: mean=56.7984%; std=76.0142
 -- Sample 49: mean=69.0364%; std=97.9946
Mean: 108.5279%, Std: 188.3262%
------------------------------------------------------------------
Correlation comparison:
 -- Sample 0: 0.7794
 -- Sample 1: 0.8434
 -- Sample 2: 0.8276
 -- Sample 3: 0.7432
 -- Sample 4: 0.6832
 -- Sample 5: 0.7859
 -- Sample 6: 0.7731
 -- Sample 7: 0.6964
 -- Sample 8: 0.7545
 -- Sample 9: 0.7905
 -- Sample 10: 0.8392
 -- Sample 11: 0.8231
 -- Sample 12: 0.7319
 -- Sample 13: 0.6781
 -- Sample 14: 0.6790
 -- Sample 15: 0.7112
 -- Sample 16: 0.7689
 -- Sample 17: 0.7096
 -- Sample 18: 0.7532
 -- Sample 19: 0.7490
 -- Sample 20: 0.8039
 -- Sample 21: 0.8605
 -- Sample 22: 0.8458
 -- Sample 23: 0.8776
 -- Sample 24: 0.9320
 -- Sample 25: 0.9416
 -- Sample 26: 0.8499
 -- Sample 27: 0.8503
 -- Sample 28: 0.9433
 -- Sample 29: 0.9358
 -- Sample 30: 0.8703
 -- Sample 31: 0.9527
 -- Sample 32: 0.2914
 -- Sample 33: 0.2701
 -- Sample 34: 0.2961
 -- Sample 35: 0.2767
 -- Sample 36: 0.9181
 -- Sample 37: 0.9533
 -- Sample 38: 0.8708
 -- Sample 39: 0.9363
 -- Sample 40: 0.9007
 -- Sample 41: 0.9341
 -- Sample 42: 0.8840
 -- Sample 43: 0.9374
 -- Sample 44: 0.8784
 -- Sample 45: 0.9007
 -- Sample 46: 0.8785
 -- Sample 47: 0.9351
 -- Sample 48: 0.4615
 -- Sample 49: 0.3910
Mean=0.7740, Std=0.1835
------------------------------------------------------------------
    Evaluating Ko et al (D3 N2)
Bias Error: using Single Component
Mean: 67.4196, Std: 130.6228
------------------------------------------------------------------
Magnitude Error: 
 -- Sample 0: mean=46.3806%; std=27.4699
 -- Sample 1: mean=45.5164%; std=31.9163
 -- Sample 2: mean=54.4989%; std=35.9747
 -- Sample 3: mean=50.1165%; std=26.1461
 -- Sample 4: mean=64.9621%; std=48.5916
 -- Sample 5: mean=68.2264%; std=42.3883
 -- Sample 6: mean=51.8931%; std=54.5205
 -- Sample 7: mean=56.2527%; std=60.0755
 -- Sample 8: mean=78.3974%; std=68.8876
 -- Sample 9: mean=96.1535%; std=70.6657
 -- Sample 10: mean=100.0379%; std=63.9948
 -- Sample 11: mean=66.8360%; std=50.2663
 -- Sample 12: mean=82.8570%; std=73.1241
 -- Sample 13: mean=84.5196%; std=73.7161
 -- Sample 14: mean=77.0791%; std=57.1831
 -- Sample 15: mean=66.3793%; std=47.6095
 -- Sample 16: mean=46.1471%; std=32.5825
 -- Sample 17: mean=60.4862%; std=46.7369
 -- Sample 18: mean=49.1530%; std=35.2693
 -- Sample 19: mean=52.0686%; std=35.1878
 -- Sample 20: mean=62.7937%; std=69.5796
 -- Sample 21: mean=34.5634%; std=35.3129
 -- Sample 22: mean=41.1603%; std=54.4670
 -- Sample 23: mean=38.7233%; std=33.8449
 -- Sample 24: mean=36.3052%; std=19.8235
 -- Sample 25: mean=40.6148%; std=19.6973
 -- Sample 26: mean=39.3575%; std=22.9929
 -- Sample 27: mean=43.2340%; std=21.6645
 -- Sample 28: mean=37.9447%; std=17.7046
 -- Sample 29: mean=40.0327%; std=12.7448
 -- Sample 30: mean=31.7444%; std=18.9646
 -- Sample 31: mean=26.6619%; std=16.4412
 -- Sample 32: mean=519.9938%; std=504.6344
 -- Sample 33: mean=785.8076%; std=744.5038
 -- Sample 34: mean=594.7668%; std=642.1760
 -- Sample 35: mean=759.4130%; std=640.7173
 -- Sample 36: mean=55.8091%; std=22.6710
 -- Sample 37: mean=42.6026%; std=22.3189
 -- Sample 38: mean=46.5316%; std=20.1124
 -- Sample 39: mean=51.2347%; std=15.4718
 -- Sample 40: mean=49.1709%; std=15.7223
 -- Sample 41: mean=47.6109%; std=21.1562
 -- Sample 42: mean=55.7929%; std=16.8595
 -- Sample 43: mean=48.9204%; std=17.0544
 -- Sample 44: mean=46.4509%; std=27.9206
 -- Sample 45: mean=42.0885%; std=24.2935
 -- Sample 46: mean=46.8551%; std=23.0729
 -- Sample 47: mean=51.7994%; std=25.4340
 -- Sample 48: mean=53.8067%; std=84.0308
 -- Sample 49: mean=57.7596%; std=86.2057
Mean: 102.5502%, Std: 169.5003%
------------------------------------------------------------------
Correlation comparison:
 -- Sample 0: 0.7848
 -- Sample 1: 0.8318
 -- Sample 2: 0.8240
 -- Sample 3: 0.7400
 -- Sample 4: 0.7509
 -- Sample 5: 0.7434
 -- Sample 6: 0.7884
 -- Sample 7: 0.7488
 -- Sample 8: 0.7846
 -- Sample 9: 0.7761
 -- Sample 10: 0.8032
 -- Sample 11: 0.8291
 -- Sample 12: 0.6675
 -- Sample 13: 0.6989
 -- Sample 14: 0.7680
 -- Sample 15: 0.7036
 -- Sample 16: 0.9008
 -- Sample 17: 0.8437
 -- Sample 18: 0.8821
 -- Sample 19: 0.8481
 -- Sample 20: 0.7905
 -- Sample 21: 0.9003
 -- Sample 22: 0.8534
 -- Sample 23: 0.8901
 -- Sample 24: 0.9292
 -- Sample 25: 0.9174
 -- Sample 26: 0.8894
 -- Sample 27: 0.9036
 -- Sample 28: 0.9361
 -- Sample 29: 0.9727
 -- Sample 30: 0.9338
 -- Sample 31: 0.9511
 -- Sample 32: 0.3017
 -- Sample 33: 0.2664
 -- Sample 34: 0.2842
 -- Sample 35: 0.2888
 -- Sample 36: 0.8726
 -- Sample 37: 0.9327
 -- Sample 38: 0.9339
 -- Sample 39: 0.9561
 -- Sample 40: 0.9536
 -- Sample 41: 0.9271
 -- Sample 42: 0.9156
 -- Sample 43: 0.9435
 -- Sample 44: 0.9178
 -- Sample 45: 0.9272
 -- Sample 46: 0.9198
 -- Sample 47: 0.8973
 -- Sample 48: 0.6518
 -- Sample 49: 0.3597
Mean=0.7967, Std=0.1845
------------------------------------------------------------------
    Evaluating Ko et al (D3 N3)
Bias Error: using Single Component
Mean: 80.9581, Std: 167.6176
------------------------------------------------------------------
Magnitude Error: 
 -- Sample 0: mean=51.7695%; std=19.8899
 -- Sample 1: mean=42.1597%; std=22.3879
 -- Sample 2: mean=41.6991%; std=30.2277
 -- Sample 3: mean=53.7985%; std=24.1188
 -- Sample 4: mean=77.0888%; std=67.1046
 -- Sample 5: mean=56.1478%; std=46.4588
 -- Sample 6: mean=45.1956%; std=55.1935
 -- Sample 7: mean=66.5766%; std=59.7889
 -- Sample 8: mean=97.2460%; std=90.4508
 -- Sample 9: mean=105.9332%; std=79.0468
 -- Sample 10: mean=106.0116%; std=75.1285
 -- Sample 11: mean=104.2134%; std=75.7309
 -- Sample 12: mean=64.6335%; std=62.3630
 -- Sample 13: mean=87.5482%; std=81.9491
 -- Sample 14: mean=96.9640%; std=95.2481
 -- Sample 15: mean=85.3765%; std=87.9169
 -- Sample 16: mean=50.9228%; std=49.4471
 -- Sample 17: mean=48.8195%; std=52.1500
 -- Sample 18: mean=44.7345%; std=51.6657
 -- Sample 19: mean=46.3640%; std=45.6928
 -- Sample 20: mean=59.8022%; std=75.6421
 -- Sample 21: mean=40.8663%; std=57.2223
 -- Sample 22: mean=51.5773%; std=82.7172
 -- Sample 23: mean=47.8741%; std=76.8494
 -- Sample 24: mean=44.7740%; std=17.3904
 -- Sample 25: mean=43.7870%; std=21.2177
 -- Sample 26: mean=47.1221%; std=20.0847
 -- Sample 27: mean=37.5266%; std=17.4034
 -- Sample 28: mean=36.9193%; std=15.3787
 -- Sample 29: mean=22.6671%; std=18.4468
 -- Sample 30: mean=26.6892%; std=19.1677
 -- Sample 31: mean=35.2101%; std=17.2710
 -- Sample 32: mean=622.0003%; std=639.8752
 -- Sample 33: mean=989.6337%; std=1005.3584
 -- Sample 34: mean=805.7939%; std=843.1016
 -- Sample 35: mean=708.5261%; std=637.5037
 -- Sample 36: mean=40.9454%; std=19.0641
 -- Sample 37: mean=35.1383%; std=20.2780
 -- Sample 38: mean=40.0225%; std=24.0058
 -- Sample 39: mean=36.8418%; std=24.0456
 -- Sample 40: mean=46.5255%; std=15.6470
 -- Sample 41: mean=29.9607%; std=18.9907
 -- Sample 42: mean=41.4714%; std=17.4567
 -- Sample 43: mean=48.2907%; std=21.6112
 -- Sample 44: mean=39.1941%; std=24.6554
 -- Sample 45: mean=38.1091%; std=25.0886
 -- Sample 46: mean=41.4919%; std=25.3815
 -- Sample 47: mean=37.3017%; std=25.5890
 -- Sample 48: mean=45.5238%; std=60.9295
 -- Sample 49: mean=54.4911%; std=111.9625
Mean: 111.3856%, Std: 202.3877%
------------------------------------------------------------------
Correlation comparison:
 -- Sample 0: 0.7950
 -- Sample 1: 0.8632
 -- Sample 2: 0.8792
 -- Sample 3: 0.7966
 -- Sample 4: 0.7895
 -- Sample 5: 0.8221
 -- Sample 6: 0.8122
 -- Sample 7: 0.7540
 -- Sample 8: 0.8084
 -- Sample 9: 0.7698
 -- Sample 10: 0.8063
 -- Sample 11: 0.8401
 -- Sample 12: 0.7155
 -- Sample 13: 0.7230
 -- Sample 14: 0.6577
 -- Sample 15: 0.6554
 -- Sample 16: 0.8828
 -- Sample 17: 0.8769
 -- Sample 18: 0.9005
 -- Sample 19: 0.8888
 -- Sample 20: 0.8084
 -- Sample 21: 0.8562
 -- Sample 22: 0.7626
 -- Sample 23: 0.7642
 -- Sample 24: 0.8721
 -- Sample 25: 0.8695
 -- Sample 26: 0.8497
 -- Sample 27: 0.9047
 -- Sample 28: 0.9531
 -- Sample 29: 0.9464
 -- Sample 30: 0.9350
 -- Sample 31: 0.9371
 -- Sample 32: 0.2825
 -- Sample 33: 0.2746
 -- Sample 34: 0.2739
 -- Sample 35: 0.2888
 -- Sample 36: 0.9352
 -- Sample 37: 0.9374
 -- Sample 38: 0.9311
 -- Sample 39: 0.9343
 -- Sample 40: 0.9459
 -- Sample 41: 0.9362
 -- Sample 42: 0.9507
 -- Sample 43: 0.8713
 -- Sample 44: 0.8995
 -- Sample 45: 0.9266
 -- Sample 46: 0.9102
 -- Sample 47: 0.9270
 -- Sample 48: 0.5689
 -- Sample 49: 0.2490
Mean=0.7908, Std=0.1919
------------------------------------------------------------------
  Processing Batch 2 (Size: 50)...
    Evaluating Javier Santos (D0 N4)
Bias Error: using Single Component
Mean: 916.9277, Std: 758.3575
------------------------------------------------------------------
Magnitude Error: 
 -- Sample 0: mean=1587.5653%; std=1538.3750
 -- Sample 1: mean=1615.0046%; std=1347.3478
 -- Sample 2: mean=317.3756%; std=240.1857
 -- Sample 3: mean=319.3999%; std=227.7894
 -- Sample 4: mean=302.0074%; std=203.0952
 -- Sample 5: mean=318.5293%; std=234.1739
 -- Sample 6: mean=1012.9980%; std=815.0607
 -- Sample 7: mean=1086.1404%; std=903.7540
 -- Sample 8: mean=1075.6088%; std=883.6429
 -- Sample 9: mean=1074.4270%; std=890.6562
 -- Sample 10: mean=414.1076%; std=401.5900
 -- Sample 11: mean=429.3656%; std=391.1251
 -- Sample 12: mean=427.9923%; std=398.3026
 -- Sample 13: mean=416.8775%; std=392.8695
 -- Sample 14: mean=238.5095%; std=165.9240
 -- Sample 15: mean=239.8354%; std=152.9425
 -- Sample 16: mean=240.3434%; std=161.3403
 -- Sample 17: mean=228.5363%; std=147.1513
 -- Sample 18: mean=404.6967%; std=375.8743
 -- Sample 19: mean=421.1495%; std=393.5607
 -- Sample 20: mean=413.2541%; std=413.0088
 -- Sample 21: mean=380.7257%; std=370.3782
 -- Sample 22: mean=573.3095%; std=474.6917
 -- Sample 23: mean=576.8989%; std=450.3062
 -- Sample 24: mean=573.9685%; std=450.4936
 -- Sample 25: mean=562.6106%; std=464.1738
 -- Sample 26: mean=391.8847%; std=290.3840
 -- Sample 27: mean=396.9882%; std=289.8272
 -- Sample 28: mean=364.5508%; std=250.1321
 -- Sample 29: mean=393.2941%; std=289.8693
 -- Sample 30: mean=299.6292%; std=201.4561
 -- Sample 31: mean=300.0424%; std=203.1149
 -- Sample 32: mean=289.0736%; std=192.8663
 -- Sample 33: mean=290.7254%; std=184.2642
 -- Sample 34: mean=2070.2937%; std=1258.2753
 -- Sample 35: mean=2007.3259%; std=1229.7710
 -- Sample 36: mean=2028.9855%; std=1198.7523
 -- Sample 37: mean=2124.2141%; std=1262.9098
 -- Sample 38: mean=623.3231%; std=386.3701
 -- Sample 39: mean=649.4191%; std=397.0478
 -- Sample 40: mean=664.0316%; std=392.9469
 -- Sample 41: mean=647.0596%; std=388.4874
 -- Sample 42: mean=563.9274%; std=539.0314
 -- Sample 43: mean=583.8285%; std=625.0262
 -- Sample 44: mean=598.2137%; std=590.4025
 -- Sample 45: mean=585.7524%; std=602.8830
 -- Sample 46: mean=284.2752%; std=190.9476
 -- Sample 47: mean=301.2659%; std=206.6773
 -- Sample 48: mean=297.6107%; std=202.9086
 -- Sample 49: mean=287.6381%; std=186.6931
Mean: 645.8918%, Std: 516.6768%
------------------------------------------------------------------
Correlation comparison:
 -- Sample 0: 0.1969
 -- Sample 1: 0.2599
 -- Sample 2: 0.6261
 -- Sample 3: 0.6183
 -- Sample 4: 0.6634
 -- Sample 5: 0.6294
 -- Sample 6: 0.3123
 -- Sample 7: 0.3441
 -- Sample 8: 0.3247
 -- Sample 9: 0.3431
 -- Sample 10: 0.4604
 -- Sample 11: 0.4715
 -- Sample 12: 0.4673
 -- Sample 13: 0.4787
 -- Sample 14: 0.6911
 -- Sample 15: 0.7243
 -- Sample 16: 0.7117
 -- Sample 17: 0.7194
 -- Sample 18: 0.4587
 -- Sample 19: 0.4783
 -- Sample 20: 0.4240
 -- Sample 21: 0.4339
 -- Sample 22: 0.4048
 -- Sample 23: 0.4539
 -- Sample 24: 0.4352
 -- Sample 25: 0.4226
 -- Sample 26: 0.4616
 -- Sample 27: 0.4784
 -- Sample 28: 0.4525
 -- Sample 29: 0.4701
 -- Sample 30: 0.5432
 -- Sample 31: 0.5458
 -- Sample 32: 0.5402
 -- Sample 33: 0.5645
 -- Sample 34: 0.3768
 -- Sample 35: 0.3669
 -- Sample 36: 0.3888
 -- Sample 37: 0.3989
 -- Sample 38: 0.4443
 -- Sample 39: 0.4533
 -- Sample 40: 0.4675
 -- Sample 41: 0.4339
 -- Sample 42: 0.3432
 -- Sample 43: 0.3039
 -- Sample 44: 0.3289
 -- Sample 45: 0.3247
 -- Sample 46: 0.6448
 -- Sample 47: 0.6506
 -- Sample 48: 0.6462
 -- Sample 49: 0.6177
Mean=0.4760, Std=0.1272
------------------------------------------------------------------
    Evaluating Javier Santos (D1 N4)
Bias Error: using Single Component
Mean: 36.2490, Std: 30.4647
------------------------------------------------------------------
Magnitude Error: 
 -- Sample 0: mean=117.9104%; std=215.3893
 -- Sample 1: mean=111.8586%; std=197.3798
 -- Sample 2: mean=53.8200%; std=28.5429
 -- Sample 3: mean=53.9389%; std=27.5002
 -- Sample 4: mean=49.8870%; std=26.5258
 -- Sample 5: mean=52.8598%; std=27.5632
 -- Sample 6: mean=66.3848%; std=96.5296
 -- Sample 7: mean=64.9493%; std=87.9314
 -- Sample 8: mean=66.1681%; std=90.0431
 -- Sample 9: mean=67.4412%; std=87.3907
 -- Sample 10: mean=64.9601%; std=55.5340
 -- Sample 11: mean=61.2554%; std=57.0047
 -- Sample 12: mean=60.7027%; std=51.2021
 -- Sample 13: mean=63.6794%; std=56.7789
 -- Sample 14: mean=56.9399%; std=23.8843
 -- Sample 15: mean=58.8095%; std=24.7612
 -- Sample 16: mean=57.5639%; std=25.1843
 -- Sample 17: mean=58.6617%; std=25.6541
 -- Sample 18: mean=49.2930%; std=43.4395
 -- Sample 19: mean=49.9089%; std=43.9993
 -- Sample 20: mean=50.5019%; std=47.5563
 -- Sample 21: mean=47.2749%; std=43.3060
 -- Sample 22: mean=58.7112%; std=78.3933
 -- Sample 23: mean=69.3400%; std=85.8576
 -- Sample 24: mean=60.4561%; std=76.3470
 -- Sample 25: mean=58.4050%; std=78.0370
 -- Sample 26: mean=58.1806%; std=26.6661
 -- Sample 27: mean=58.2469%; std=28.2759
 -- Sample 28: mean=57.3225%; std=28.2055
 -- Sample 29: mean=60.4023%; std=27.1138
 -- Sample 30: mean=41.1956%; std=25.1613
 -- Sample 31: mean=40.8788%; std=25.9115
 -- Sample 32: mean=38.8175%; std=24.9888
 -- Sample 33: mean=39.7291%; std=26.3069
 -- Sample 34: mean=150.9004%; std=168.8458
 -- Sample 35: mean=146.5181%; std=174.2399
 -- Sample 36: mean=153.5502%; std=187.3760
 -- Sample 37: mean=147.2052%; std=186.1544
 -- Sample 38: mean=48.0631%; std=38.5420
 -- Sample 39: mean=45.9071%; std=40.5085
 -- Sample 40: mean=50.6073%; std=39.3037
 -- Sample 41: mean=43.0988%; std=36.0705
 -- Sample 42: mean=45.1376%; std=46.4778
 -- Sample 43: mean=44.8357%; std=50.8366
 -- Sample 44: mean=45.8493%; std=47.7111
 -- Sample 45: mean=44.7804%; std=47.7087
 -- Sample 46: mean=50.9156%; std=22.6682
 -- Sample 47: mean=52.9306%; std=23.6203
 -- Sample 48: mean=51.1943%; std=24.0949
 -- Sample 49: mean=53.8582%; std=22.9004
Mean: 64.0361%, Std: 28.9057%
------------------------------------------------------------------
Correlation comparison:
 -- Sample 0: 0.4330
 -- Sample 1: 0.4697
 -- Sample 2: 0.7623
 -- Sample 3: 0.7555
 -- Sample 4: 0.7884
 -- Sample 5: 0.7636
 -- Sample 6: 0.6350
 -- Sample 7: 0.6654
 -- Sample 8: 0.6591
 -- Sample 9: 0.6710
 -- Sample 10: 0.5640
 -- Sample 11: 0.5479
 -- Sample 12: 0.5901
 -- Sample 13: 0.5468
 -- Sample 14: 0.7123
 -- Sample 15: 0.7116
 -- Sample 16: 0.7513
 -- Sample 17: 0.6671
 -- Sample 18: 0.6351
 -- Sample 19: 0.6405
 -- Sample 20: 0.6317
 -- Sample 21: 0.6542
 -- Sample 22: 0.5654
 -- Sample 23: 0.5140
 -- Sample 24: 0.5816
 -- Sample 25: 0.4795
 -- Sample 26: 0.6023
 -- Sample 27: 0.6160
 -- Sample 28: 0.6390
 -- Sample 29: 0.6077
 -- Sample 30: 0.7729
 -- Sample 31: 0.7817
 -- Sample 32: 0.7910
 -- Sample 33: 0.7731
 -- Sample 34: 0.4612
 -- Sample 35: 0.4902
 -- Sample 36: 0.4526
 -- Sample 37: 0.4581
 -- Sample 38: 0.7186
 -- Sample 39: 0.7300
 -- Sample 40: 0.7103
 -- Sample 41: 0.7492
 -- Sample 42: 0.7348
 -- Sample 43: 0.7181
 -- Sample 44: 0.7332
 -- Sample 45: 0.7264
 -- Sample 46: 0.8040
 -- Sample 47: 0.7738
 -- Sample 48: 0.7629
 -- Sample 49: 0.7875
Mean=0.6558, Std=0.1072
------------------------------------------------------------------
    Evaluating Javier Santos (D2 N4)
Bias Error: using Single Component
Mean: 59.0902, Std: 19.1837
------------------------------------------------------------------
Magnitude Error: 
 -- Sample 0: mean=60.8760%; std=41.8644
 -- Sample 1: mean=59.6431%; std=37.4711
 -- Sample 2: mean=82.0398%; std=11.4777
 -- Sample 3: mean=81.7716%; std=11.1269
 -- Sample 4: mean=81.7802%; std=11.1980
 -- Sample 5: mean=81.6220%; std=11.7230
 -- Sample 6: mean=55.0551%; std=28.6087
 -- Sample 7: mean=55.4696%; std=28.9816
 -- Sample 8: mean=55.9769%; std=29.7158
 -- Sample 9: mean=54.8995%; std=28.2857
 -- Sample 10: mean=74.7281%; std=20.0968
 -- Sample 11: mean=74.4371%; std=20.2518
 -- Sample 12: mean=74.3730%; std=20.0893
 -- Sample 13: mean=73.5783%; std=19.8923
 -- Sample 14: mean=83.1045%; std=10.6336
 -- Sample 15: mean=83.2844%; std=10.3671
 -- Sample 16: mean=83.7339%; std=9.8503
 -- Sample 17: mean=83.8533%; std=10.0484
 -- Sample 18: mean=74.6566%; std=16.4102
 -- Sample 19: mean=74.9421%; std=16.6688
 -- Sample 20: mean=75.4968%; std=16.4305
 -- Sample 21: mean=74.8731%; std=16.4672
 -- Sample 22: mean=65.2611%; std=22.9730
 -- Sample 23: mean=66.0190%; std=22.6743
 -- Sample 24: mean=65.7704%; std=22.7645
 -- Sample 25: mean=66.9465%; std=22.5384
 -- Sample 26: mean=72.4009%; std=15.8177
 -- Sample 27: mean=73.1676%; std=15.7999
 -- Sample 28: mean=73.7734%; std=15.3812
 -- Sample 29: mean=73.2040%; std=15.5736
 -- Sample 30: mean=81.4133%; std=9.9047
 -- Sample 31: mean=80.7664%; std=10.3411
 -- Sample 32: mean=81.4177%; std=9.6163
 -- Sample 33: mean=81.3664%; std=9.4855
 -- Sample 34: mean=62.2261%; std=56.1267
 -- Sample 35: mean=58.2883%; std=52.0664
 -- Sample 36: mean=61.7374%; std=56.1079
 -- Sample 37: mean=61.1290%; std=53.8502
 -- Sample 38: mean=60.5926%; std=23.5854
 -- Sample 39: mean=61.0069%; std=23.0462
 -- Sample 40: mean=60.5163%; std=22.7161
 -- Sample 41: mean=59.9765%; std=24.1481
 -- Sample 42: mean=70.9079%; std=22.0713
 -- Sample 43: mean=69.9634%; std=21.6170
 -- Sample 44: mean=71.4582%; std=21.4600
 -- Sample 45: mean=71.0447%; std=22.3133
 -- Sample 46: mean=81.3344%; std=12.5329
 -- Sample 47: mean=80.6772%; std=12.7632
 -- Sample 48: mean=81.7450%; std=12.4455
 -- Sample 49: mean=81.5851%; std=12.3067
Mean: 71.5178%, Std: 9.1970%
------------------------------------------------------------------
Correlation comparison:
 -- Sample 0: 0.1686
 -- Sample 1: 0.1595
 -- Sample 2: 0.4878
 -- Sample 3: 0.5011
 -- Sample 4: 0.5108
 -- Sample 5: 0.4793
 -- Sample 6: 0.2586
 -- Sample 7: 0.2411
 -- Sample 8: 0.2438
 -- Sample 9: 0.2464
 -- Sample 10: 0.3046
 -- Sample 11: 0.3138
 -- Sample 12: 0.3060
 -- Sample 13: 0.3320
 -- Sample 14: 0.4223
 -- Sample 15: 0.4479
 -- Sample 16: 0.4283
 -- Sample 17: 0.4106
 -- Sample 18: 0.3817
 -- Sample 19: 0.3726
 -- Sample 20: 0.3727
 -- Sample 21: 0.3581
 -- Sample 22: 0.3423
 -- Sample 23: 0.3423
 -- Sample 24: 0.3210
 -- Sample 25: 0.3141
 -- Sample 26: 0.4299
 -- Sample 27: 0.4021
 -- Sample 28: 0.4086
 -- Sample 29: 0.4084
 -- Sample 30: 0.4704
 -- Sample 31: 0.4733
 -- Sample 32: 0.4685
 -- Sample 33: 0.4757
 -- Sample 34: 0.2575
 -- Sample 35: 0.2482
 -- Sample 36: 0.2564
 -- Sample 37: 0.2758
 -- Sample 38: 0.3707
 -- Sample 39: 0.3702
 -- Sample 40: 0.3861
 -- Sample 41: 0.3610
 -- Sample 42: 0.2532
 -- Sample 43: 0.2862
 -- Sample 44: 0.2427
 -- Sample 45: 0.2292
 -- Sample 46: 0.3850
 -- Sample 47: 0.3953
 -- Sample 48: 0.3500
 -- Sample 49: 0.3790
Mean=0.3530, Std=0.0877
------------------------------------------------------------------
    Evaluating Javier Santos (D3 N4)
Bias Error: using Single Component
Mean: 91.5441, Std: 7.3923
------------------------------------------------------------------
Magnitude Error: 
 -- Sample 0: mean=79.6299%; std=21.0634
 -- Sample 1: mean=79.8779%; std=22.1095
 -- Sample 2: mean=95.0189%; std=4.7013
 -- Sample 3: mean=95.2415%; std=4.3251
 -- Sample 4: mean=95.2850%; std=4.4411
 -- Sample 5: mean=94.7818%; std=4.8474
 -- Sample 6: mean=85.4688%; std=14.3825
 -- Sample 7: mean=84.8064%; std=15.0668
 -- Sample 8: mean=85.5030%; std=14.7826
 -- Sample 9: mean=84.0104%; std=15.8252
 -- Sample 10: mean=93.3368%; std=7.3627
 -- Sample 11: mean=93.9170%; std=6.3102
 -- Sample 12: mean=93.6050%; std=6.9113
 -- Sample 13: mean=92.4493%; std=7.8787
 -- Sample 14: mean=95.9456%; std=3.9257
 -- Sample 15: mean=95.6278%; std=4.2277
 -- Sample 16: mean=95.8104%; std=4.1469
 -- Sample 17: mean=96.0461%; std=3.9897
 -- Sample 18: mean=93.9332%; std=6.2230
 -- Sample 19: mean=94.1050%; std=5.8227
 -- Sample 20: mean=94.3053%; std=5.5360
 -- Sample 21: mean=94.1466%; std=5.6703
 -- Sample 22: mean=91.2772%; std=8.2856
 -- Sample 23: mean=92.2666%; std=7.8229
 -- Sample 24: mean=91.9993%; std=8.0161
 -- Sample 25: mean=91.7604%; std=7.9235
 -- Sample 26: mean=93.0408%; std=6.2668
 -- Sample 27: mean=93.2146%; std=6.3460
 -- Sample 28: mean=93.2874%; std=6.1219
 -- Sample 29: mean=93.3679%; std=6.2415
 -- Sample 30: mean=95.6050%; std=3.7138
 -- Sample 31: mean=95.4534%; std=4.0847
 -- Sample 32: mean=95.5515%; std=3.7970
 -- Sample 33: mean=95.6740%; std=3.7171
 -- Sample 34: mean=71.5949%; std=23.9614
 -- Sample 35: mean=71.5325%; std=24.3732
 -- Sample 36: mean=71.5828%; std=23.9056
 -- Sample 37: mean=71.5316%; std=24.5204
 -- Sample 38: mean=89.1439%; std=10.9493
 -- Sample 39: mean=89.9300%; std=9.7666
 -- Sample 40: mean=88.6225%; std=11.6830
 -- Sample 41: mean=88.7604%; std=11.2972
 -- Sample 42: mean=92.4096%; std=7.6983
 -- Sample 43: mean=92.1507%; std=7.9047
 -- Sample 44: mean=91.7311%; std=8.4310
 -- Sample 45: mean=92.6487%; std=7.3222
 -- Sample 46: mean=95.5920%; std=4.3090
 -- Sample 47: mean=95.5872%; std=4.1275
 -- Sample 48: mean=95.7824%; std=3.9684
 -- Sample 49: mean=95.4157%; std=4.4751
Mean: 90.5873%, Std: 6.8416%
------------------------------------------------------------------
Correlation comparison:
 -- Sample 0: 0.0873
 -- Sample 1: 0.0533
 -- Sample 2: 0.2127
 -- Sample 3: 0.2799
 -- Sample 4: 0.2594
 -- Sample 5: 0.2586
 -- Sample 6: 0.0941
 -- Sample 7: 0.1005
 -- Sample 8: 0.0602
 -- Sample 9: 0.0978
 -- Sample 10: 0.1100
 -- Sample 11: 0.0900
 -- Sample 12: 0.0484
 -- Sample 13: 0.0981
 -- Sample 14: 0.1577
 -- Sample 15: 0.1787
 -- Sample 16: 0.1690
 -- Sample 17: 0.1684
 -- Sample 18: 0.1429
 -- Sample 19: 0.1564
 -- Sample 20: 0.1796
 -- Sample 21: 0.1724
 -- Sample 22: 0.1045
 -- Sample 23: 0.0258
 -- Sample 24: 0.0222
 -- Sample 25: 0.0901
 -- Sample 26: 0.1139
 -- Sample 27: 0.1528
 -- Sample 28: 0.1434
 -- Sample 29: 0.1495
 -- Sample 30: 0.1836
 -- Sample 31: 0.1748
 -- Sample 32: 0.1725
 -- Sample 33: 0.1541
 -- Sample 34: 0.1104
 -- Sample 35: 0.1175
 -- Sample 36: 0.1258
 -- Sample 37: 0.0785
 -- Sample 38: 0.1488
 -- Sample 39: 0.1334
 -- Sample 40: 0.1000
 -- Sample 41: 0.1540
 -- Sample 42: 0.1638
 -- Sample 43: 0.1281
 -- Sample 44: 0.1345
 -- Sample 45: 0.1550
 -- Sample 46: 0.1123
 -- Sample 47: 0.1267
 -- Sample 48: 0.1864
 -- Sample 49: 0.1834
Mean=0.1364, Std=0.0536
------------------------------------------------------------------
    Evaluating Ko et al (D0 N4)
Bias Error: using Single Component
Mean: 163.7705, Std: 176.0313
------------------------------------------------------------------
Magnitude Error: 
 -- Sample 0: mean=349.9402%; std=531.9423
 -- Sample 1: mean=358.4447%; std=528.3358
 -- Sample 2: mean=89.7757%; std=95.4936
 -- Sample 3: mean=96.8583%; std=106.4297
 -- Sample 4: mean=90.1216%; std=95.7425
 -- Sample 5: mean=95.8148%; std=98.5033
 -- Sample 6: mean=308.4163%; std=359.9245
 -- Sample 7: mean=322.5164%; std=379.8053
 -- Sample 8: mean=316.9215%; std=382.0077
 -- Sample 9: mean=298.7202%; std=338.1093
 -- Sample 10: mean=126.6042%; std=171.9487
 -- Sample 11: mean=131.6352%; std=181.4736
 -- Sample 12: mean=131.2400%; std=179.3676
 -- Sample 13: mean=127.6320%; std=182.4779
 -- Sample 14: mean=63.7535%; std=53.3685
 -- Sample 15: mean=65.1782%; std=51.4161
 -- Sample 16: mean=72.1361%; std=56.5554
 -- Sample 17: mean=72.8047%; std=51.4496
 -- Sample 18: mean=107.6723%; std=156.9824
 -- Sample 19: mean=110.9877%; std=171.7878
 -- Sample 20: mean=117.4992%; std=168.9518
 -- Sample 21: mean=119.6474%; std=181.5353
 -- Sample 22: mean=192.0101%; std=211.4612
 -- Sample 23: mean=186.8227%; std=196.8876
 -- Sample 24: mean=185.2334%; std=196.5483
 -- Sample 25: mean=184.1654%; std=196.3974
 -- Sample 26: mean=119.1329%; std=115.5839
 -- Sample 27: mean=100.2491%; std=100.0638
 -- Sample 28: mean=112.8709%; std=108.1626
 -- Sample 29: mean=105.7043%; std=108.9233
 -- Sample 30: mean=109.4868%; std=66.3250
 -- Sample 31: mean=105.3240%; std=62.6005
 -- Sample 32: mean=108.8151%; std=65.9368
 -- Sample 33: mean=106.0136%; std=61.6992
 -- Sample 34: mean=668.9860%; std=545.1119
 -- Sample 35: mean=666.6835%; std=519.8588
 -- Sample 36: mean=700.6521%; std=556.9963
 -- Sample 37: mean=620.3076%; std=494.4507
 -- Sample 38: mean=200.6589%; std=217.1960
 -- Sample 39: mean=182.0996%; std=169.9837
 -- Sample 40: mean=190.3365%; std=208.1365
 -- Sample 41: mean=182.0419%; std=190.4251
 -- Sample 42: mean=180.7497%; std=231.5266
 -- Sample 43: mean=179.2855%; std=225.4797
 -- Sample 44: mean=174.8926%; std=220.4101
 -- Sample 45: mean=174.1185%; std=232.6178
 -- Sample 46: mean=71.1104%; std=55.2201
 -- Sample 47: mean=57.2638%; std=43.7512
 -- Sample 48: mean=67.4972%; std=43.6143
 -- Sample 49: mean=63.3445%; std=51.6664
Mean: 191.4035%, Std: 159.2408%
------------------------------------------------------------------
Correlation comparison:
 -- Sample 0: 0.1668
 -- Sample 1: 0.1935
 -- Sample 2: 0.7328
 -- Sample 3: 0.7129
 -- Sample 4: 0.7491
 -- Sample 5: 0.7361
 -- Sample 6: 0.3241
 -- Sample 7: 0.3274
 -- Sample 8: 0.3351
 -- Sample 9: 0.3310
 -- Sample 10: 0.6226
 -- Sample 11: 0.5624
 -- Sample 12: 0.6153
 -- Sample 13: 0.5596
 -- Sample 14: 0.7761
 -- Sample 15: 0.7804
 -- Sample 16: 0.7571
 -- Sample 17: 0.7462
 -- Sample 18: 0.5325
 -- Sample 19: 0.4805
 -- Sample 20: 0.5238
 -- Sample 21: 0.5026
 -- Sample 22: 0.5387
 -- Sample 23: 0.5445
 -- Sample 24: 0.5169
 -- Sample 25: 0.5508
 -- Sample 26: 0.5310
 -- Sample 27: 0.5695
 -- Sample 28: 0.5436
 -- Sample 29: 0.5647
 -- Sample 30: 0.6331
 -- Sample 31: 0.6406
 -- Sample 32: 0.6317
 -- Sample 33: 0.6454
 -- Sample 34: 0.4411
 -- Sample 35: 0.4534
 -- Sample 36: 0.4441
 -- Sample 37: 0.4466
 -- Sample 38: 0.5110
 -- Sample 39: 0.5588
 -- Sample 40: 0.4972
 -- Sample 41: 0.5364
 -- Sample 42: 0.3115
 -- Sample 43: 0.3134
 -- Sample 44: 0.3150
 -- Sample 45: 0.3190
 -- Sample 46: 0.7295
 -- Sample 47: 0.7625
 -- Sample 48: 0.7348
 -- Sample 49: 0.7514
Mean=0.5421, Std=0.1586
------------------------------------------------------------------
    Evaluating Ko et al (D1 N4)
Bias Error: using Single Component
Mean: 45.5929, Std: 19.3694
------------------------------------------------------------------
Magnitude Error: 
 -- Sample 0: mean=76.5914%; std=21.1610
 -- Sample 1: mean=77.7981%; std=20.1765
 -- Sample 2: mean=55.1824%; std=24.1472
 -- Sample 3: mean=49.6090%; std=26.9578
 -- Sample 4: mean=55.1599%; std=28.2247
 -- Sample 5: mean=46.6439%; std=28.1484
 -- Sample 6: mean=69.7365%; std=30.7319
 -- Sample 7: mean=74.7923%; std=32.2620
 -- Sample 8: mean=79.0604%; std=37.6004
 -- Sample 9: mean=70.0708%; std=27.1331
 -- Sample 10: mean=56.4450%; std=30.0226
 -- Sample 11: mean=61.6505%; std=41.0698
 -- Sample 12: mean=58.7289%; std=36.8824
 -- Sample 13: mean=65.7466%; std=40.8395
 -- Sample 14: mean=54.1500%; std=22.1135
 -- Sample 15: mean=58.6064%; std=19.8063
 -- Sample 16: mean=56.5760%; std=23.5063
 -- Sample 17: mean=61.7782%; std=20.8296
 -- Sample 18: mean=53.2965%; std=24.4228
 -- Sample 19: mean=55.8127%; std=30.2884
 -- Sample 20: mean=53.3429%; std=30.6759
 -- Sample 21: mean=58.4148%; std=37.5440
 -- Sample 22: mean=74.9222%; std=53.8860
 -- Sample 23: mean=92.8857%; std=66.3430
 -- Sample 24: mean=90.4825%; std=46.9915
 -- Sample 25: mean=95.7281%; std=51.3473
 -- Sample 26: mean=59.7789%; std=29.6385
 -- Sample 27: mean=63.0753%; std=25.7707
 -- Sample 28: mean=57.0862%; std=28.5124
 -- Sample 29: mean=62.8687%; std=25.6966
 -- Sample 30: mean=55.9219%; std=33.8073
 -- Sample 31: mean=51.6506%; std=31.8876
 -- Sample 32: mean=52.4802%; std=28.4579
 -- Sample 33: mean=51.3678%; std=31.3889
 -- Sample 34: mean=73.7198%; std=46.5915
 -- Sample 35: mean=68.1042%; std=42.3746
 -- Sample 36: mean=79.0309%; std=72.7558
 -- Sample 37: mean=66.8014%; std=50.9200
 -- Sample 38: mean=54.3051%; std=29.6827
 -- Sample 39: mean=51.0168%; std=26.3508
 -- Sample 40: mean=48.0711%; std=29.2707
 -- Sample 41: mean=51.0142%; std=24.9940
 -- Sample 42: mean=69.0756%; std=20.1912
 -- Sample 43: mean=65.2800%; std=22.5391
 -- Sample 44: mean=67.9587%; std=22.1041
 -- Sample 45: mean=60.3009%; std=26.5480
 -- Sample 46: mean=73.2856%; std=16.9469
 -- Sample 47: mean=78.6828%; std=13.8714
 -- Sample 48: mean=75.6658%; std=16.9660
 -- Sample 49: mean=72.0419%; std=21.1797
Mean: 64.2359%, Std: 11.7117%
------------------------------------------------------------------
Correlation comparison:
 -- Sample 0: 0.4619
 -- Sample 1: 0.2960
 -- Sample 2: 0.7907
 -- Sample 3: 0.7661
 -- Sample 4: 0.7181
 -- Sample 5: 0.7700
 -- Sample 6: 0.4906
 -- Sample 7: 0.4172
 -- Sample 8: 0.3869
 -- Sample 9: 0.4602
 -- Sample 10: 0.7622
 -- Sample 11: 0.7251
 -- Sample 12: 0.7280
 -- Sample 13: 0.6252
 -- Sample 14: 0.8417
 -- Sample 15: 0.7774
 -- Sample 16: 0.7849
 -- Sample 17: 0.7188
 -- Sample 18: 0.8303
 -- Sample 19: 0.7122
 -- Sample 20: 0.7278
 -- Sample 21: 0.6584
 -- Sample 22: 0.5644
 -- Sample 23: 0.4496
 -- Sample 24: 0.4351
 -- Sample 25: 0.4379
 -- Sample 26: 0.4743
 -- Sample 27: 0.6386
 -- Sample 28: 0.6383
 -- Sample 29: 0.6202
 -- Sample 30: 0.5349
 -- Sample 31: 0.6028
 -- Sample 32: 0.6647
 -- Sample 33: 0.6021
 -- Sample 34: 0.4109
 -- Sample 35: 0.4990
 -- Sample 36: 0.4758
 -- Sample 37: 0.4403
 -- Sample 38: 0.7602
 -- Sample 39: 0.8120
 -- Sample 40: 0.7766
 -- Sample 41: 0.8164
 -- Sample 42: 0.7296
 -- Sample 43: 0.6986
 -- Sample 44: 0.7473
 -- Sample 45: 0.6902
 -- Sample 46: 0.8936
 -- Sample 47: 0.8963
 -- Sample 48: 0.8516
 -- Sample 49: 0.8484
Mean=0.6492, Std=0.1540
------------------------------------------------------------------
    Evaluating Ko et al (D2 N4)
Bias Error: using Single Component
Mean: 43.5220, Std: 63.9351
------------------------------------------------------------------
Magnitude Error: 
 -- Sample 0: mean=62.1804%; std=47.7104
 -- Sample 1: mean=53.7916%; std=36.9809
 -- Sample 2: mean=54.1314%; std=75.9581
 -- Sample 3: mean=46.1888%; std=70.8502
 -- Sample 4: mean=47.8142%; std=58.1915
 -- Sample 5: mean=55.6287%; std=75.4830
 -- Sample 6: mean=43.9796%; std=29.7256
 -- Sample 7: mean=36.4119%; std=25.4730
 -- Sample 8: mean=46.5392%; std=32.9588
 -- Sample 9: mean=51.1474%; std=42.4344
 -- Sample 10: mean=45.9844%; std=60.6944
 -- Sample 11: mean=62.1279%; std=83.3862
 -- Sample 12: mean=61.4164%; std=72.1063
 -- Sample 13: mean=45.8783%; std=48.3416
 -- Sample 14: mean=38.7434%; std=36.0460
 -- Sample 15: mean=35.4365%; std=36.8633
 -- Sample 16: mean=32.0383%; std=32.8015
 -- Sample 17: mean=36.1667%; std=36.7412
 -- Sample 18: mean=56.6969%; std=87.7893
 -- Sample 19: mean=56.3401%; std=97.7689
 -- Sample 20: mean=57.6850%; std=83.7326
 -- Sample 21: mean=63.2060%; std=106.5778
 -- Sample 22: mean=96.1549%; std=107.1710
 -- Sample 23: mean=107.8531%; std=138.0109
 -- Sample 24: mean=96.6988%; std=122.1864
 -- Sample 25: mean=87.2244%; std=109.6295
 -- Sample 26: mean=39.8485%; std=22.7513
 -- Sample 27: mean=33.4700%; std=22.9927
 -- Sample 28: mean=30.6803%; std=25.4101
 -- Sample 29: mean=34.6535%; std=25.2824
 -- Sample 30: mean=47.5944%; std=35.3050
 -- Sample 31: mean=51.5537%; std=36.5669
 -- Sample 32: mean=48.5632%; std=32.8968
 -- Sample 33: mean=50.1683%; std=34.8188
 -- Sample 34: mean=306.4323%; std=284.5942
 -- Sample 35: mean=257.4539%; std=257.2247
 -- Sample 36: mean=259.1736%; std=264.6134
 -- Sample 37: mean=270.6489%; std=221.6634
 -- Sample 38: mean=60.4406%; std=47.3967
 -- Sample 39: mean=51.6756%; std=45.5979
 -- Sample 40: mean=53.7650%; std=34.1756
 -- Sample 41: mean=62.5071%; std=43.6803
 -- Sample 42: mean=32.8290%; std=18.7013
 -- Sample 43: mean=31.2543%; std=21.1141
 -- Sample 44: mean=35.9710%; std=23.2743
 -- Sample 45: mean=36.9830%; std=21.5323
 -- Sample 46: mean=47.0981%; std=24.9765
 -- Sample 47: mean=48.3843%; std=24.6427
 -- Sample 48: mean=48.0716%; std=27.3214
 -- Sample 49: mean=45.4827%; std=21.1590
Mean: 69.2433%, Std: 62.6155%
------------------------------------------------------------------
Correlation comparison:
 -- Sample 0: 0.5052
 -- Sample 1: 0.5920
 -- Sample 2: 0.8300
 -- Sample 3: 0.8295
 -- Sample 4: 0.8441
 -- Sample 5: 0.8338
 -- Sample 6: 0.8273
 -- Sample 7: 0.8772
 -- Sample 8: 0.8348
 -- Sample 9: 0.7745
 -- Sample 10: 0.8371
 -- Sample 11: 0.8268
 -- Sample 12: 0.7915
 -- Sample 13: 0.8791
 -- Sample 14: 0.8881
 -- Sample 15: 0.8989
 -- Sample 16: 0.9177
 -- Sample 17: 0.8950
 -- Sample 18: 0.7286
 -- Sample 19: 0.7033
 -- Sample 20: 0.7498
 -- Sample 21: 0.6860
 -- Sample 22: 0.6958
 -- Sample 23: 0.6766
 -- Sample 24: 0.7245
 -- Sample 25: 0.7132
 -- Sample 26: 0.8623
 -- Sample 27: 0.8850
 -- Sample 28: 0.8965
 -- Sample 29: 0.8830
 -- Sample 30: 0.7275
 -- Sample 31: 0.6931
 -- Sample 32: 0.6882
 -- Sample 33: 0.6964
 -- Sample 34: 0.5230
 -- Sample 35: 0.5211
 -- Sample 36: 0.5320
 -- Sample 37: 0.5520
 -- Sample 38: 0.9305
 -- Sample 39: 0.9282
 -- Sample 40: 0.9511
 -- Sample 41: 0.9276
 -- Sample 42: 0.9311
 -- Sample 43: 0.9288
 -- Sample 44: 0.9285
 -- Sample 45: 0.8997
 -- Sample 46: 0.8429
 -- Sample 47: 0.8549
 -- Sample 48: 0.8473
 -- Sample 49: 0.8789
Mean=0.7934, Std=0.1233
------------------------------------------------------------------
    Evaluating Ko et al (D3 N4)
Bias Error: using Single Component
Mean: 38.3907, Std: 55.2764
------------------------------------------------------------------
Magnitude Error: 
 -- Sample 0: mean=55.0180%; std=50.7636
 -- Sample 1: mean=52.2297%; std=45.5710
 -- Sample 2: mean=51.0593%; std=51.5581
 -- Sample 3: mean=45.3367%; std=48.0746
 -- Sample 4: mean=46.4835%; std=49.1704
 -- Sample 5: mean=58.5244%; std=66.2434
 -- Sample 6: mean=44.7747%; std=41.0634
 -- Sample 7: mean=50.9272%; std=52.3220
 -- Sample 8: mean=51.8005%; std=40.1833
 -- Sample 9: mean=48.2357%; std=33.8444
 -- Sample 10: mean=48.5777%; std=60.9283
 -- Sample 11: mean=38.9942%; std=60.7946
 -- Sample 12: mean=41.1581%; std=51.6076
 -- Sample 13: mean=39.3698%; std=56.3564
 -- Sample 14: mean=32.5730%; std=25.5406
 -- Sample 15: mean=30.0656%; std=24.3380
 -- Sample 16: mean=34.3891%; std=23.9977
 -- Sample 17: mean=33.0227%; std=21.9081
 -- Sample 18: mean=37.2424%; std=29.1165
 -- Sample 19: mean=40.6588%; std=36.4685
 -- Sample 20: mean=43.7245%; std=37.8193
 -- Sample 21: mean=44.7914%; std=38.8339
 -- Sample 22: mean=84.4007%; std=102.9039
 -- Sample 23: mean=85.5595%; std=104.4667
 -- Sample 24: mean=86.5824%; std=100.3993
 -- Sample 25: mean=85.0508%; std=97.8579
 -- Sample 26: mean=45.0530%; std=25.3529
 -- Sample 27: mean=44.4014%; std=24.4611
 -- Sample 28: mean=41.5143%; std=23.8823
 -- Sample 29: mean=42.3751%; std=22.8906
 -- Sample 30: mean=53.8573%; std=42.6100
 -- Sample 31: mean=45.3176%; std=34.2199
 -- Sample 32: mean=44.1196%; std=32.7659
 -- Sample 33: mean=53.0738%; std=39.6802
 -- Sample 34: mean=223.1996%; std=198.0207
 -- Sample 35: mean=217.9203%; std=189.6894
 -- Sample 36: mean=246.7652%; std=247.0636
 -- Sample 37: mean=272.2392%; std=274.4514
 -- Sample 38: mean=40.2088%; std=30.6687
 -- Sample 39: mean=45.3492%; std=32.5783
 -- Sample 40: mean=51.0786%; std=37.4122
 -- Sample 41: mean=41.8935%; std=27.5483
 -- Sample 42: mean=27.4316%; std=22.2142
 -- Sample 43: mean=28.1171%; std=18.7413
 -- Sample 44: mean=30.0621%; std=20.7367
 -- Sample 45: mean=30.8705%; std=19.7123
 -- Sample 46: mean=41.5601%; std=22.6683
 -- Sample 47: mean=45.8391%; std=24.5349
 -- Sample 48: mean=41.5072%; std=22.0779
 -- Sample 49: mean=35.3910%; std=24.4684
Mean: 61.9939%, Std: 54.5413%
------------------------------------------------------------------
Correlation comparison:
 -- Sample 0: 0.5097
 -- Sample 1: 0.4359
 -- Sample 2: 0.9094
 -- Sample 3: 0.9054
 -- Sample 4: 0.9120
 -- Sample 5: 0.8694
 -- Sample 6: 0.8148
 -- Sample 7: 0.7503
 -- Sample 8: 0.7542
 -- Sample 9: 0.7769
 -- Sample 10: 0.8954
 -- Sample 11: 0.8949
 -- Sample 12: 0.8679
 -- Sample 13: 0.8904
 -- Sample 14: 0.9283
 -- Sample 15: 0.9354
 -- Sample 16: 0.9215
 -- Sample 17: 0.9302
 -- Sample 18: 0.8644
 -- Sample 19: 0.8523
 -- Sample 20: 0.8335
 -- Sample 21: 0.8381
 -- Sample 22: 0.7323
 -- Sample 23: 0.7347
 -- Sample 24: 0.7016
 -- Sample 25: 0.7104
 -- Sample 26: 0.8757
 -- Sample 27: 0.8407
 -- Sample 28: 0.8768
 -- Sample 29: 0.8674
 -- Sample 30: 0.7313
 -- Sample 31: 0.7641
 -- Sample 32: 0.7669
 -- Sample 33: 0.7347
 -- Sample 34: 0.5182
 -- Sample 35: 0.5162
 -- Sample 36: 0.4962
 -- Sample 37: 0.4839
 -- Sample 38: 0.9334
 -- Sample 39: 0.9239
 -- Sample 40: 0.9145
 -- Sample 41: 0.9405
 -- Sample 42: 0.8958
 -- Sample 43: 0.9159
 -- Sample 44: 0.9133
 -- Sample 45: 0.9004
 -- Sample 46: 0.9183
 -- Sample 47: 0.9162
 -- Sample 48: 0.9354
 -- Sample 49: 0.9510
Mean=0.8140, Std=0.1377
------------------------------------------------------------------
    Evaluating Ko et al (D3 N0)
Bias Error: using Single Component
Mean: 38.8732, Std: 49.4579
------------------------------------------------------------------
Magnitude Error: 
 -- Sample 0: mean=54.4094%; std=41.5604
 -- Sample 1: mean=74.9323%; std=115.9487
 -- Sample 2: mean=40.1818%; std=56.4551
 -- Sample 3: mean=32.6188%; std=40.9960
 -- Sample 4: mean=52.8248%; std=54.7350
 -- Sample 5: mean=30.4337%; std=32.2162
 -- Sample 6: mean=42.6900%; std=34.8717
 -- Sample 7: mean=60.8704%; std=57.8589
 -- Sample 8: mean=61.7254%; std=56.7305
 -- Sample 9: mean=65.4489%; std=66.5775
 -- Sample 10: mean=62.9490%; std=113.5941
 -- Sample 11: mean=58.0273%; std=93.5871
 -- Sample 12: mean=58.2800%; std=92.4304
 -- Sample 13: mean=55.2340%; std=92.6963
 -- Sample 14: mean=49.2719%; std=26.2416
 -- Sample 15: mean=45.4536%; std=30.8910
 -- Sample 16: mean=52.8619%; std=26.7012
 -- Sample 17: mean=42.0648%; std=26.2080
 -- Sample 18: mean=38.1199%; std=27.1903
 -- Sample 19: mean=42.7850%; std=33.3284
 -- Sample 20: mean=44.4331%; std=45.5071
 -- Sample 21: mean=39.7882%; std=44.6990
 -- Sample 22: mean=91.7272%; std=100.2077
 -- Sample 23: mean=86.3115%; std=83.3378
 -- Sample 24: mean=73.0557%; std=72.0647
 -- Sample 25: mean=103.4954%; std=107.8503
 -- Sample 26: mean=47.5995%; std=29.1340
 -- Sample 27: mean=48.6168%; std=29.2960
 -- Sample 28: mean=42.0567%; std=27.0068
 -- Sample 29: mean=52.0519%; std=32.3410
 -- Sample 30: mean=43.9884%; std=28.3951
 -- Sample 31: mean=55.5775%; std=38.0811
 -- Sample 32: mean=34.4561%; std=23.9361
 -- Sample 33: mean=40.0826%; std=25.4691
 -- Sample 34: mean=192.4016%; std=170.6225
 -- Sample 35: mean=235.9400%; std=232.1103
 -- Sample 36: mean=163.9776%; std=169.5575
 -- Sample 37: mean=249.1430%; std=233.8317
 -- Sample 38: mean=43.0999%; std=35.0191
 -- Sample 39: mean=56.7565%; std=47.3850
 -- Sample 40: mean=60.5733%; std=35.1819
 -- Sample 41: mean=52.9193%; std=44.4102
 -- Sample 42: mean=32.5347%; std=21.8805
 -- Sample 43: mean=33.5385%; std=24.4075
 -- Sample 44: mean=42.3034%; std=23.0410
 -- Sample 45: mean=37.9957%; std=27.5174
 -- Sample 46: mean=41.5873%; std=23.9757
 -- Sample 47: mean=44.6402%; std=23.3681
 -- Sample 48: mean=48.5939%; std=19.9547
 -- Sample 49: mean=47.1413%; std=18.1237
Mean: 64.1514%, Std: 46.5301%
------------------------------------------------------------------
Correlation comparison:
 -- Sample 0: 0.4069
 -- Sample 1: 0.5914
 -- Sample 2: 0.8484
 -- Sample 3: 0.9052
 -- Sample 4: 0.7449
 -- Sample 5: 0.8974
 -- Sample 6: 0.7937
 -- Sample 7: 0.7497
 -- Sample 8: 0.7744
 -- Sample 9: 0.7360
 -- Sample 10: 0.7137
 -- Sample 11: 0.7213
 -- Sample 12: 0.6778
 -- Sample 13: 0.7726
 -- Sample 14: 0.8315
 -- Sample 15: 0.8488
 -- Sample 16: 0.8218
 -- Sample 17: 0.8752
 -- Sample 18: 0.8417
 -- Sample 19: 0.8024
 -- Sample 20: 0.8278
 -- Sample 21: 0.8118
 -- Sample 22: 0.6516
 -- Sample 23: 0.6669
 -- Sample 24: 0.7413
 -- Sample 25: 0.6429
 -- Sample 26: 0.7679
 -- Sample 27: 0.7179
 -- Sample 28: 0.7950
 -- Sample 29: 0.7870
 -- Sample 30: 0.7071
 -- Sample 31: 0.6574
 -- Sample 32: 0.7585
 -- Sample 33: 0.7617
 -- Sample 34: 0.5417
 -- Sample 35: 0.5117
 -- Sample 36: 0.4962
 -- Sample 37: 0.5801
 -- Sample 38: 0.8802
 -- Sample 39: 0.8338
 -- Sample 40: 0.8549
 -- Sample 41: 0.8852
 -- Sample 42: 0.8659
 -- Sample 43: 0.8323
 -- Sample 44: 0.7861
 -- Sample 45: 0.8123
 -- Sample 46: 0.8443
 -- Sample 47: 0.8835
 -- Sample 48: 0.8684
 -- Sample 49: 0.9254
Mean=0.7610, Std=0.1139
------------------------------------------------------------------
    Evaluating Ko et al (D3 N1)
Bias Error: using Single Component
Mean: 38.9061, Std: 54.4891
------------------------------------------------------------------
Magnitude Error: 
 -- Sample 0: mean=47.1633%; std=36.6196
 -- Sample 1: mean=54.0673%; std=95.6749
 -- Sample 2: mean=39.1536%; std=45.6627
 -- Sample 3: mean=39.1083%; std=42.2580
 -- Sample 4: mean=47.3112%; std=75.3563
 -- Sample 5: mean=45.5388%; std=67.6972
 -- Sample 6: mean=59.3071%; std=49.8326
 -- Sample 7: mean=57.2696%; std=35.1536
 -- Sample 8: mean=72.9893%; std=77.1470
 -- Sample 9: mean=45.8046%; std=40.5312
 -- Sample 10: mean=52.9929%; std=96.9362
 -- Sample 11: mean=57.3629%; std=87.7365
 -- Sample 12: mean=59.6177%; std=110.1698
 -- Sample 13: mean=52.4470%; std=79.0966
 -- Sample 14: mean=36.0320%; std=24.0054
 -- Sample 15: mean=33.7719%; std=22.5452
 -- Sample 16: mean=45.2321%; std=29.9261
 -- Sample 17: mean=38.6184%; std=24.4814
 -- Sample 18: mean=42.7814%; std=36.2720
 -- Sample 19: mean=49.7393%; std=53.8883
 -- Sample 20: mean=51.9920%; std=51.7762
 -- Sample 21: mean=56.8734%; std=75.1426
 -- Sample 22: mean=86.0822%; std=90.0733
 -- Sample 23: mean=77.0938%; std=77.9048
 -- Sample 24: mean=76.1962%; std=85.8589
 -- Sample 25: mean=92.1870%; std=91.0947
 -- Sample 26: mean=42.8137%; std=27.6939
 -- Sample 27: mean=44.8347%; std=25.5606
 -- Sample 28: mean=35.9150%; std=26.2026
 -- Sample 29: mean=43.7845%; std=32.3227
 -- Sample 30: mean=44.9188%; std=28.0790
 -- Sample 31: mean=56.2237%; std=38.7979
 -- Sample 32: mean=48.3172%; std=29.8536
 -- Sample 33: mean=44.5117%; std=28.4451
 -- Sample 34: mean=286.6645%; std=235.5059
 -- Sample 35: mean=250.7162%; std=228.7186
 -- Sample 36: mean=235.6325%; std=227.9127
 -- Sample 37: mean=226.5882%; std=181.1691
 -- Sample 38: mean=52.1860%; std=45.1220
 -- Sample 39: mean=71.1605%; std=47.7911
 -- Sample 40: mean=74.3451%; std=48.5286
 -- Sample 41: mean=60.4775%; std=48.5158
 -- Sample 42: mean=30.2897%; std=18.9903
 -- Sample 43: mean=30.5347%; std=21.0064
 -- Sample 44: mean=33.2792%; std=20.2556
 -- Sample 45: mean=31.0984%; std=22.0196
 -- Sample 46: mean=46.9538%; std=19.2575
 -- Sample 47: mean=34.4440%; std=20.3066
 -- Sample 48: mean=43.9799%; std=19.0340
 -- Sample 49: mean=34.8296%; std=17.4093
Mean: 66.4246%, Std: 56.2659%
------------------------------------------------------------------
Correlation comparison:
 -- Sample 0: 0.5809
 -- Sample 1: 0.5509
 -- Sample 2: 0.8550
 -- Sample 3: 0.8719
 -- Sample 4: 0.7906
 -- Sample 5: 0.8519
 -- Sample 6: 0.7884
 -- Sample 7: 0.7369
 -- Sample 8: 0.7983
 -- Sample 9: 0.8169
 -- Sample 10: 0.7524
 -- Sample 11: 0.7659
 -- Sample 12: 0.7491
 -- Sample 13: 0.7970
 -- Sample 14: 0.9143
 -- Sample 15: 0.9102
 -- Sample 16: 0.8746
 -- Sample 17: 0.8920
 -- Sample 18: 0.8437
 -- Sample 19: 0.7753
 -- Sample 20: 0.7729
 -- Sample 21: 0.6883
 -- Sample 22: 0.7684
 -- Sample 23: 0.7097
 -- Sample 24: 0.7686
 -- Sample 25: 0.6363
 -- Sample 26: 0.8826
 -- Sample 27: 0.7944
 -- Sample 28: 0.8270
 -- Sample 29: 0.8181
 -- Sample 30: 0.7400
 -- Sample 31: 0.6684
 -- Sample 32: 0.6566
 -- Sample 33: 0.7529
 -- Sample 34: 0.5178
 -- Sample 35: 0.5046
 -- Sample 36: 0.5328
 -- Sample 37: 0.5519
 -- Sample 38: 0.8913
 -- Sample 39: 0.8474
 -- Sample 40: 0.8844
 -- Sample 41: 0.8316
 -- Sample 42: 0.9214
 -- Sample 43: 0.9146
 -- Sample 44: 0.8865
 -- Sample 45: 0.9085
 -- Sample 46: 0.8602
 -- Sample 47: 0.9471
 -- Sample 48: 0.9282
 -- Sample 49: 0.9450
Mean=0.7855, Std=0.1177
------------------------------------------------------------------
    Evaluating Ko et al (D3 N2)
Bias Error: using Single Component
Mean: 34.6454, Std: 44.3127
------------------------------------------------------------------
Magnitude Error: 
 -- Sample 0: mean=58.8857%; std=55.3064
 -- Sample 1: mean=55.6362%; std=84.4183
 -- Sample 2: mean=25.9797%; std=20.0334
 -- Sample 3: mean=35.0904%; std=45.5907
 -- Sample 4: mean=37.2438%; std=46.1853
 -- Sample 5: mean=44.5384%; std=58.3727
 -- Sample 6: mean=41.8078%; std=30.9723
 -- Sample 7: mean=66.2376%; std=42.9257
 -- Sample 8: mean=73.7215%; std=55.7198
 -- Sample 9: mean=62.3832%; std=57.0326
 -- Sample 10: mean=38.2462%; std=65.4785
 -- Sample 11: mean=48.5573%; std=69.0523
 -- Sample 12: mean=53.0172%; std=93.1265
 -- Sample 13: mean=48.6467%; std=75.0581
 -- Sample 14: mean=36.0339%; std=26.4374
 -- Sample 15: mean=39.9511%; std=21.1201
 -- Sample 16: mean=31.7486%; std=20.3550
 -- Sample 17: mean=30.6664%; std=19.2468
 -- Sample 18: mean=40.7057%; std=37.8698
 -- Sample 19: mean=62.5109%; std=77.9531
 -- Sample 20: mean=47.1963%; std=42.1869
 -- Sample 21: mean=50.0581%; std=44.3336
 -- Sample 22: mean=89.1238%; std=103.9263
 -- Sample 23: mean=76.5166%; std=79.4745
 -- Sample 24: mean=84.7705%; std=89.8233
 -- Sample 25: mean=107.2236%; std=114.8838
 -- Sample 26: mean=45.1318%; std=33.0268
 -- Sample 27: mean=41.1583%; std=25.4807
 -- Sample 28: mean=48.6088%; std=24.9161
 -- Sample 29: mean=40.5523%; std=31.1744
 -- Sample 30: mean=55.2167%; std=39.5717
 -- Sample 31: mean=50.8331%; std=33.8955
 -- Sample 32: mean=52.8529%; std=27.0008
 -- Sample 33: mean=46.4679%; std=30.4607
 -- Sample 34: mean=246.2453%; std=236.6760
 -- Sample 35: mean=233.8763%; std=209.4247
 -- Sample 36: mean=191.1525%; std=185.8513
 -- Sample 37: mean=204.7549%; std=169.1757
 -- Sample 38: mean=54.2175%; std=37.4417
 -- Sample 39: mean=53.7754%; std=43.3369
 -- Sample 40: mean=56.1207%; std=35.5672
 -- Sample 41: mean=53.0469%; std=36.8401
 -- Sample 42: mean=29.4196%; std=19.2647
 -- Sample 43: mean=31.0826%; std=23.7297
 -- Sample 44: mean=41.6040%; std=26.2358
 -- Sample 45: mean=35.3632%; std=21.3955
 -- Sample 46: mean=47.8765%; std=22.0205
 -- Sample 47: mean=42.6616%; std=25.4704
 -- Sample 48: mean=55.0249%; std=20.4382
 -- Sample 49: mean=49.5967%; std=22.1377
Mean: 63.8628%, Std: 48.6475%
------------------------------------------------------------------
Correlation comparison:
 -- Sample 0: 0.4254
 -- Sample 1: 0.5092
 -- Sample 2: 0.9273
 -- Sample 3: 0.8965
 -- Sample 4: 0.8914
 -- Sample 5: 0.8681
 -- Sample 6: 0.8629
 -- Sample 7: 0.7666
 -- Sample 8: 0.8047
 -- Sample 9: 0.7533
 -- Sample 10: 0.8599
 -- Sample 11: 0.8115
 -- Sample 12: 0.8488
 -- Sample 13: 0.8393
 -- Sample 14: 0.9022
 -- Sample 15: 0.9162
 -- Sample 16: 0.9261
 -- Sample 17: 0.9408
 -- Sample 18: 0.8608
 -- Sample 19: 0.7004
 -- Sample 20: 0.8271
 -- Sample 21: 0.8063
 -- Sample 22: 0.7406
 -- Sample 23: 0.7272
 -- Sample 24: 0.7676
 -- Sample 25: 0.6701
 -- Sample 26: 0.8201
 -- Sample 27: 0.8522
 -- Sample 28: 0.8629
 -- Sample 29: 0.8547
 -- Sample 30: 0.7265
 -- Sample 31: 0.6986
 -- Sample 32: 0.7335
 -- Sample 33: 0.7273
 -- Sample 34: 0.5526
 -- Sample 35: 0.5284
 -- Sample 36: 0.5226
 -- Sample 37: 0.5458
 -- Sample 38: 0.9183
 -- Sample 39: 0.8930
 -- Sample 40: 0.9162
 -- Sample 41: 0.8710
 -- Sample 42: 0.9271
 -- Sample 43: 0.9252
 -- Sample 44: 0.8445
 -- Sample 45: 0.9449
 -- Sample 46: 0.9017
 -- Sample 47: 0.9065
 -- Sample 48: 0.8179
 -- Sample 49: 0.8588
Mean=0.8000, Std=0.1275
------------------------------------------------------------------
    Evaluating Ko et al (D3 N3)
Bias Error: using Single Component
Mean: 41.8177, Std: 60.9217
------------------------------------------------------------------
Magnitude Error: 
 -- Sample 0: mean=52.3253%; std=86.0935
 -- Sample 1: mean=44.3498%; std=46.1710
 -- Sample 2: mean=30.8596%; std=30.7825
 -- Sample 3: mean=37.5930%; std=39.5629
 -- Sample 4: mean=44.7335%; std=74.5836
 -- Sample 5: mean=40.4139%; std=49.5455
 -- Sample 6: mean=44.6558%; std=33.0442
 -- Sample 7: mean=45.7534%; std=30.2782
 -- Sample 8: mean=69.9190%; std=72.3551
 -- Sample 9: mean=40.9019%; std=45.4849
 -- Sample 10: mean=33.2776%; std=38.6959
 -- Sample 11: mean=54.1331%; std=73.4552
 -- Sample 12: mean=46.4709%; std=91.0674
 -- Sample 13: mean=58.1057%; std=62.3707
 -- Sample 14: mean=28.8086%; std=19.1638
 -- Sample 15: mean=35.2509%; std=29.4558
 -- Sample 16: mean=26.4391%; std=18.5154
 -- Sample 17: mean=26.0705%; std=21.3443
 -- Sample 18: mean=29.9295%; std=23.8761
 -- Sample 19: mean=53.3458%; std=41.7977
 -- Sample 20: mean=41.7579%; std=29.4435
 -- Sample 21: mean=41.8034%; std=29.1678
 -- Sample 22: mean=105.7622%; std=154.7923
 -- Sample 23: mean=73.1526%; std=76.3008
 -- Sample 24: mean=88.8908%; std=94.9213
 -- Sample 25: mean=109.8799%; std=151.6739
 -- Sample 26: mean=35.5780%; std=29.4508
 -- Sample 27: mean=38.4183%; std=25.4322
 -- Sample 28: mean=29.3276%; std=21.7050
 -- Sample 29: mean=35.7005%; std=26.3712
 -- Sample 30: mean=50.5418%; std=38.6495
 -- Sample 31: mean=38.8400%; std=31.0602
 -- Sample 32: mean=39.4889%; std=29.8680
 -- Sample 33: mean=48.6078%; std=37.8681
 -- Sample 34: mean=256.0244%; std=245.0902
 -- Sample 35: mean=249.7220%; std=239.2696
 -- Sample 36: mean=173.1416%; std=177.6531
 -- Sample 37: mean=301.5471%; std=277.8065
 -- Sample 38: mean=47.5988%; std=35.2587
 -- Sample 39: mean=42.9022%; std=33.6552
 -- Sample 40: mean=56.0626%; std=45.3177
 -- Sample 41: mean=48.7415%; std=43.3419
 -- Sample 42: mean=22.8656%; std=21.4844
 -- Sample 43: mean=25.4987%; std=21.8327
 -- Sample 44: mean=25.5421%; std=18.0050
 -- Sample 45: mean=22.6089%; std=19.1842
 -- Sample 46: mean=33.3421%; std=17.8585
 -- Sample 47: mean=43.9108%; std=24.0711
 -- Sample 48: mean=43.9445%; std=19.9501
 -- Sample 49: mean=52.7394%; std=23.5552
Mean: 61.3456%, Std: 58.5412%
------------------------------------------------------------------
Correlation comparison:
 -- Sample 0: 0.2802
 -- Sample 1: 0.5290
 -- Sample 2: 0.9287
 -- Sample 3: 0.9148
 -- Sample 4: 0.8500
 -- Sample 5: 0.8849
 -- Sample 6: 0.8657
 -- Sample 7: 0.8177
 -- Sample 8: 0.7810
 -- Sample 9: 0.8220
 -- Sample 10: 0.8973
 -- Sample 11: 0.8338
 -- Sample 12: 0.8874
 -- Sample 13: 0.8724
 -- Sample 14: 0.9387
 -- Sample 15: 0.9016
 -- Sample 16: 0.9442
 -- Sample 17: 0.9467
 -- Sample 18: 0.9024
 -- Sample 19: 0.7856
 -- Sample 20: 0.8577
 -- Sample 21: 0.8566
 -- Sample 22: 0.6599
 -- Sample 23: 0.8016
 -- Sample 24: 0.7993
 -- Sample 25: 0.6960
 -- Sample 26: 0.8982
 -- Sample 27: 0.8874
 -- Sample 28: 0.9387
 -- Sample 29: 0.8987
 -- Sample 30: 0.8031
 -- Sample 31: 0.8090
 -- Sample 32: 0.7851
 -- Sample 33: 0.7053
 -- Sample 34: 0.5447
 -- Sample 35: 0.5421
 -- Sample 36: 0.5824
 -- Sample 37: 0.5398
 -- Sample 38: 0.9176
 -- Sample 39: 0.9177
 -- Sample 40: 0.9165
 -- Sample 41: 0.8972
 -- Sample 42: 0.9508
 -- Sample 43: 0.9475
 -- Sample 44: 0.9515
 -- Sample 45: 0.9589
 -- Sample 46: 0.9687
 -- Sample 47: 0.8992
 -- Sample 48: 0.8827
 -- Sample 49: 0.8434
Mean=0.8248, Std=0.1410
------------------------------------------------------------------
  Processing Batch 3 (Size: 50)...
    Evaluating Javier Santos (D0 N4)
Bias Error: using Single Component
Mean: 534.6743, Std: 548.6517
------------------------------------------------------------------
Magnitude Error: 
 -- Sample 0: mean=135.3447%; std=91.6866
 -- Sample 1: mean=139.9597%; std=89.3612
 -- Sample 2: mean=141.8223%; std=97.3713
 -- Sample 3: mean=141.1515%; std=99.3520
 -- Sample 4: mean=209.8028%; std=130.3399
 -- Sample 5: mean=202.7858%; std=140.7560
 -- Sample 6: mean=199.7211%; std=125.9746
 -- Sample 7: mean=188.3117%; std=112.7629
 -- Sample 8: mean=379.6219%; std=277.2920
 -- Sample 9: mean=380.3054%; std=287.0817
 -- Sample 10: mean=363.5459%; std=274.2620
 -- Sample 11: mean=374.0402%; std=279.8650
 -- Sample 12: mean=613.3905%; std=524.7236
 -- Sample 13: mean=615.8101%; std=481.3672
 -- Sample 14: mean=637.5571%; std=510.4740
 -- Sample 15: mean=599.3674%; std=514.1123
 -- Sample 16: mean=471.8139%; std=265.6125
 -- Sample 17: mean=441.3703%; std=288.2322
 -- Sample 18: mean=462.0384%; std=250.8257
 -- Sample 19: mean=481.1313%; std=265.2816
 -- Sample 20: mean=41.1308%; std=41.4199
 -- Sample 21: mean=41.2800%; std=39.0807
 -- Sample 22: mean=44.1360%; std=44.2366
 -- Sample 23: mean=37.5364%; std=39.3693
 -- Sample 24: mean=109.3172%; std=76.5402
 -- Sample 25: mean=105.9647%; std=83.4765
 -- Sample 26: mean=100.4800%; std=67.8647
 -- Sample 27: mean=106.4398%; std=89.4688
 -- Sample 28: mean=1856.3705%; std=1130.4670
 -- Sample 29: mean=1871.1953%; std=1112.2018
 -- Sample 30: mean=1979.7595%; std=1197.8544
 -- Sample 31: mean=1916.0873%; std=1210.2798
 -- Sample 32: mean=228.3835%; std=248.4912
 -- Sample 33: mean=236.4159%; std=242.1803
 -- Sample 34: mean=236.5424%; std=240.8154
 -- Sample 35: mean=235.0287%; std=225.1814
 -- Sample 36: mean=127.6740%; std=106.0784
 -- Sample 37: mean=142.9518%; std=113.9995
 -- Sample 38: mean=130.4674%; std=111.2324
 -- Sample 39: mean=140.4964%; std=113.5793
 -- Sample 40: mean=609.4954%; std=511.8437
 -- Sample 41: mean=644.6719%; std=510.6414
 -- Sample 42: mean=614.3724%; std=500.8105
 -- Sample 43: mean=638.4661%; std=501.9745
 -- Sample 44: mean=247.0024%; std=174.2053
 -- Sample 45: mean=241.8463%; std=175.5163
 -- Sample 46: mean=249.8740%; std=177.6827
 -- Sample 47: mean=246.1373%; std=178.6306
 -- Sample 48: mean=138.8351%; std=85.2095
 -- Sample 49: mean=132.2645%; std=79.6554
Mean: 412.5903%, Std: 477.6018%
------------------------------------------------------------------
Correlation comparison:
 -- Sample 0: 0.7787
 -- Sample 1: 0.7841
 -- Sample 2: 0.7938
 -- Sample 3: 0.7531
 -- Sample 4: 0.6694
 -- Sample 5: 0.6999
 -- Sample 6: 0.6919
 -- Sample 7: 0.7053
 -- Sample 8: 0.6322
 -- Sample 9: 0.6327
 -- Sample 10: 0.6401
 -- Sample 11: 0.6209
 -- Sample 12: 0.5472
 -- Sample 13: 0.5585
 -- Sample 14: 0.5592
 -- Sample 15: 0.5378
 -- Sample 16: 0.6586
 -- Sample 17: 0.6473
 -- Sample 18: 0.7119
 -- Sample 19: 0.6808
 -- Sample 20: 0.8822
 -- Sample 21: 0.9160
 -- Sample 22: 0.8804
 -- Sample 23: 0.9084
 -- Sample 24: 0.8432
 -- Sample 25: 0.8268
 -- Sample 26: 0.8561
 -- Sample 27: 0.8102
 -- Sample 28: 0.3428
 -- Sample 29: 0.3516
 -- Sample 30: 0.3732
 -- Sample 31: 0.3369
 -- Sample 32: 0.5147
 -- Sample 33: 0.5617
 -- Sample 34: 0.5470
 -- Sample 35: 0.5518
 -- Sample 36: 0.6900
 -- Sample 37: 0.6972
 -- Sample 38: 0.6677
 -- Sample 39: 0.6788
 -- Sample 40: 0.4094
 -- Sample 41: 0.4396
 -- Sample 42: 0.4421
 -- Sample 43: 0.4363
 -- Sample 44: 0.7151
 -- Sample 45: 0.7065
 -- Sample 46: 0.7212
 -- Sample 47: 0.6948
 -- Sample 48: 0.7298
 -- Sample 49: 0.7744
Mean=0.6522, Std=0.1508
------------------------------------------------------------------
    Evaluating Javier Santos (D1 N4)
Bias Error: using Single Component
Mean: 52.8743, Std: 33.3084
------------------------------------------------------------------
Magnitude Error: 
 -- Sample 0: mean=59.2367%; std=18.9781
 -- Sample 1: mean=57.4048%; std=20.1283
 -- Sample 2: mean=59.6721%; std=19.9908
 -- Sample 3: mean=60.3204%; std=18.5118
 -- Sample 4: mean=65.2123%; std=17.3995
 -- Sample 5: mean=62.1265%; std=17.8193
 -- Sample 6: mean=64.0656%; std=16.4415
 -- Sample 7: mean=64.1497%; std=18.5623
 -- Sample 8: mean=52.7242%; std=45.2457
 -- Sample 9: mean=52.8606%; std=37.7671
 -- Sample 10: mean=65.2836%; std=41.9049
 -- Sample 11: mean=56.1238%; std=41.1023
 -- Sample 12: mean=52.7128%; std=72.5788
 -- Sample 13: mean=54.7050%; std=78.9661
 -- Sample 14: mean=52.8717%; std=67.0680
 -- Sample 15: mean=50.0779%; std=69.9345
 -- Sample 16: mean=59.0249%; std=41.2045
 -- Sample 17: mean=59.7307%; std=39.4539
 -- Sample 18: mean=61.1696%; std=40.8216
 -- Sample 19: mean=56.0395%; std=39.6594
 -- Sample 20: mean=76.2603%; std=10.6771
 -- Sample 21: mean=76.1651%; std=9.2443
 -- Sample 22: mean=75.7292%; std=12.2536
 -- Sample 23: mean=74.6912%; std=11.1199
 -- Sample 24: mean=64.0078%; std=13.6371
 -- Sample 25: mean=61.7994%; std=13.6924
 -- Sample 26: mean=63.8523%; std=14.1013
 -- Sample 27: mean=65.2760%; std=14.5347
 -- Sample 28: mean=190.5934%; std=172.3251
 -- Sample 29: mean=172.5961%; std=155.3223
 -- Sample 30: mean=172.6282%; std=156.0625
 -- Sample 31: mean=173.2169%; std=154.5786
 -- Sample 32: mean=54.0149%; std=24.7009
 -- Sample 33: mean=58.6914%; std=25.4694
 -- Sample 34: mean=55.3778%; std=26.6609
 -- Sample 35: mean=53.7726%; std=26.5933
 -- Sample 36: mean=69.1076%; std=18.2715
 -- Sample 37: mean=70.9189%; std=18.1653
 -- Sample 38: mean=69.4771%; std=18.6388
 -- Sample 39: mean=71.4645%; std=17.5353
 -- Sample 40: mean=39.1965%; std=23.6448
 -- Sample 41: mean=38.6947%; std=28.9548
 -- Sample 42: mean=38.4819%; std=28.4492
 -- Sample 43: mean=39.6670%; std=28.4111
 -- Sample 44: mean=51.5840%; std=28.5111
 -- Sample 45: mean=49.4950%; std=26.7151
 -- Sample 46: mean=49.6033%; std=27.2974
 -- Sample 47: mean=54.3228%; std=28.5610
 -- Sample 48: mean=69.1233%; std=14.7205
 -- Sample 49: mean=71.5624%; std=13.0705
Mean: 68.7377%, Std: 33.3947%
------------------------------------------------------------------
Correlation comparison:
 -- Sample 0: 0.8797
 -- Sample 1: 0.8868
 -- Sample 2: 0.8739
 -- Sample 3: 0.8842
 -- Sample 4: 0.7780
 -- Sample 5: 0.8106
 -- Sample 6: 0.8049
 -- Sample 7: 0.7914
 -- Sample 8: 0.7084
 -- Sample 9: 0.7132
 -- Sample 10: 0.5794
 -- Sample 11: 0.6538
 -- Sample 12: 0.7443
 -- Sample 13: 0.7543
 -- Sample 14: 0.7469
 -- Sample 15: 0.7567
 -- Sample 16: 0.5879
 -- Sample 17: 0.5736
 -- Sample 18: 0.5517
 -- Sample 19: 0.6280
 -- Sample 20: 0.8853
 -- Sample 21: 0.8909
 -- Sample 22: 0.8499
 -- Sample 23: 0.8916
 -- Sample 24: 0.9395
 -- Sample 25: 0.9402
 -- Sample 26: 0.9307
 -- Sample 27: 0.9237
 -- Sample 28: 0.5922
 -- Sample 29: 0.6275
 -- Sample 30: 0.5716
 -- Sample 31: 0.5497
 -- Sample 32: 0.8343
 -- Sample 33: 0.8038
 -- Sample 34: 0.8243
 -- Sample 35: 0.8393
 -- Sample 36: 0.8170
 -- Sample 37: 0.7843
 -- Sample 38: 0.7992
 -- Sample 39: 0.8070
 -- Sample 40: 0.8371
 -- Sample 41: 0.8327
 -- Sample 42: 0.8375
 -- Sample 43: 0.8254
 -- Sample 44: 0.6336
 -- Sample 45: 0.7063
 -- Sample 46: 0.6912
 -- Sample 47: 0.6617
 -- Sample 48: 0.7262
 -- Sample 49: 0.7330
Mean=0.7659, Std=0.1117
------------------------------------------------------------------
    Evaluating Javier Santos (D2 N4)
Bias Error: using Single Component
Mean: 70.4735, Std: 18.0229
------------------------------------------------------------------
Magnitude Error: 
 -- Sample 0: mean=87.8546%; std=6.9497
 -- Sample 1: mean=87.9953%; std=6.8863
 -- Sample 2: mean=87.5650%; std=7.1801
 -- Sample 3: mean=87.1185%; std=7.1163
 -- Sample 4: mean=87.9490%; std=6.5914
 -- Sample 5: mean=87.8898%; std=7.0476
 -- Sample 6: mean=88.2332%; std=6.7396
 -- Sample 7: mean=87.9399%; std=6.8059
 -- Sample 8: mean=80.5971%; std=13.4714
 -- Sample 9: mean=80.5865%; std=13.4257
 -- Sample 10: mean=81.0485%; std=13.9519
 -- Sample 11: mean=80.3649%; std=13.3590
 -- Sample 12: mean=70.1779%; std=21.3572
 -- Sample 13: mean=69.8387%; std=21.4408
 -- Sample 14: mean=70.4261%; std=21.8100
 -- Sample 15: mean=69.9089%; std=22.0164
 -- Sample 16: mean=70.2042%; std=17.7473
 -- Sample 17: mean=71.1147%; std=17.6990
 -- Sample 18: mean=70.5961%; std=17.6779
 -- Sample 19: mean=70.2610%; std=17.3099
 -- Sample 20: mean=94.6154%; std=3.0581
 -- Sample 21: mean=94.6506%; std=2.8726
 -- Sample 22: mean=94.3223%; std=2.7341
 -- Sample 23: mean=94.9909%; std=2.8071
 -- Sample 24: mean=90.3481%; std=6.2307
 -- Sample 25: mean=90.8079%; std=5.6381
 -- Sample 26: mean=90.7035%; std=5.6938
 -- Sample 27: mean=90.6895%; std=5.9336
 -- Sample 28: mean=50.6988%; std=36.4548
 -- Sample 29: mean=48.2833%; std=32.8334
 -- Sample 30: mean=49.6820%; std=34.3326
 -- Sample 31: mean=53.1457%; std=36.2138
 -- Sample 32: mean=81.5627%; std=14.9376
 -- Sample 33: mean=82.4106%; std=13.0588
 -- Sample 34: mean=82.1491%; std=14.0905
 -- Sample 35: mean=82.3920%; std=14.6536
 -- Sample 36: mean=88.8903%; std=6.2651
 -- Sample 37: mean=88.9977%; std=6.3119
 -- Sample 38: mean=89.1591%; std=6.3145
 -- Sample 39: mean=89.4646%; std=6.1544
 -- Sample 40: mean=65.8803%; std=22.7733
 -- Sample 41: mean=66.2381%; std=22.6507
 -- Sample 42: mean=65.4413%; std=23.4253
 -- Sample 43: mean=65.2755%; std=23.0141
 -- Sample 44: mean=83.5042%; std=12.3606
 -- Sample 45: mean=83.6039%; std=12.4088
 -- Sample 46: mean=83.3124%; std=12.5204
 -- Sample 47: mean=83.3999%; std=12.1747
 -- Sample 48: mean=89.8648%; std=5.8737
 -- Sample 49: mean=90.5986%; std=5.4102
Mean: 79.8551%, Std: 12.2350%
------------------------------------------------------------------
Correlation comparison:
 -- Sample 0: 0.4872
 -- Sample 1: 0.4816
 -- Sample 2: 0.5057
 -- Sample 3: 0.5249
 -- Sample 4: 0.4573
 -- Sample 5: 0.4620
 -- Sample 6: 0.4299
 -- Sample 7: 0.4504
 -- Sample 8: 0.4415
 -- Sample 9: 0.4435
 -- Sample 10: 0.4419
 -- Sample 11: 0.4497
 -- Sample 12: 0.3498
 -- Sample 13: 0.3857
 -- Sample 14: 0.3529
 -- Sample 15: 0.3408
 -- Sample 16: 0.4184
 -- Sample 17: 0.4084
 -- Sample 18: 0.4296
 -- Sample 19: 0.4594
 -- Sample 20: 0.6138
 -- Sample 21: 0.6439
 -- Sample 22: 0.6861
 -- Sample 23: 0.6102
 -- Sample 24: 0.4839
 -- Sample 25: 0.4878
 -- Sample 26: 0.4949
 -- Sample 27: 0.4887
 -- Sample 28: 0.2387
 -- Sample 29: 0.2271
 -- Sample 30: 0.2247
 -- Sample 31: 0.2147
 -- Sample 32: 0.3345
 -- Sample 33: 0.3537
 -- Sample 34: 0.3090
 -- Sample 35: 0.3205
 -- Sample 36: 0.5138
 -- Sample 37: 0.4876
 -- Sample 38: 0.4735
 -- Sample 39: 0.4795
 -- Sample 40: 0.3445
 -- Sample 41: 0.3246
 -- Sample 42: 0.3270
 -- Sample 43: 0.3429
 -- Sample 44: 0.3625
 -- Sample 45: 0.3160
 -- Sample 46: 0.3526
 -- Sample 47: 0.3607
 -- Sample 48: 0.5223
 -- Sample 49: 0.5228
Mean=0.4237, Std=0.1041
------------------------------------------------------------------
    Evaluating Javier Santos (D3 N4)
Bias Error: using Single Component
Mean: 94.0660, Std: 5.5298
------------------------------------------------------------------
Magnitude Error: 
 -- Sample 0: mean=96.9892%; std=2.7569
 -- Sample 1: mean=97.0578%; std=2.8499
 -- Sample 2: mean=96.6274%; std=2.9380
 -- Sample 3: mean=96.8962%; std=2.6720
 -- Sample 4: mean=96.8742%; std=2.9470
 -- Sample 5: mean=96.6783%; std=3.0607
 -- Sample 6: mean=96.6383%; std=3.0135
 -- Sample 7: mean=96.8237%; std=2.9312
 -- Sample 8: mean=94.7506%; std=5.3814
 -- Sample 9: mean=94.9689%; std=4.9763
 -- Sample 10: mean=94.6379%; std=5.1298
 -- Sample 11: mean=94.0245%; std=6.0820
 -- Sample 12: mean=92.9780%; std=6.8260
 -- Sample 13: mean=92.0207%; std=7.6176
 -- Sample 14: mean=92.0173%; std=7.7900
 -- Sample 15: mean=92.3142%; std=7.3198
 -- Sample 16: mean=92.9587%; std=6.4740
 -- Sample 17: mean=92.8914%; std=6.1641
 -- Sample 18: mean=93.0139%; std=6.3079
 -- Sample 19: mean=92.5321%; std=6.9303
 -- Sample 20: mean=98.2756%; std=1.4337
 -- Sample 21: mean=98.2434%; std=1.3619
 -- Sample 22: mean=98.2537%; std=1.3450
 -- Sample 23: mean=98.1747%; std=1.3597
 -- Sample 24: mean=97.4063%; std=2.2572
 -- Sample 25: mean=97.5459%; std=2.1138
 -- Sample 26: mean=97.4313%; std=2.2288
 -- Sample 27: mean=97.3295%; std=2.2931
 -- Sample 28: mean=75.7794%; std=21.5573
 -- Sample 29: mean=74.9626%; std=21.8721
 -- Sample 30: mean=75.0523%; std=21.8685
 -- Sample 31: mean=76.1913%; std=20.2872
 -- Sample 32: mean=95.3625%; std=5.3040
 -- Sample 33: mean=95.3541%; std=4.5206
 -- Sample 34: mean=95.0925%; std=5.4403
 -- Sample 35: mean=94.7792%; std=5.9836
 -- Sample 36: mean=97.3077%; std=2.3977
 -- Sample 37: mean=97.4739%; std=2.2483
 -- Sample 38: mean=97.1548%; std=2.3944
 -- Sample 39: mean=97.5919%; std=2.1397
 -- Sample 40: mean=89.8555%; std=10.9434
 -- Sample 41: mean=90.9159%; std=9.8613
 -- Sample 42: mean=90.4477%; std=9.8345
 -- Sample 43: mean=90.2163%; std=10.1031
 -- Sample 44: mean=95.9434%; std=4.3167
 -- Sample 45: mean=96.2241%; std=4.3287
 -- Sample 46: mean=95.7440%; std=4.5165
 -- Sample 47: mean=95.9524%; std=4.3295
 -- Sample 48: mean=97.0602%; std=2.5692
 -- Sample 49: mean=97.1677%; std=2.5154
Mean: 93.7597%, Std: 5.8473%
------------------------------------------------------------------
Correlation comparison:
 -- Sample 0: 0.3000
 -- Sample 1: 0.2640
 -- Sample 2: 0.3296
 -- Sample 3: 0.3869
 -- Sample 4: 0.2544
 -- Sample 5: 0.1792
 -- Sample 6: 0.1597
 -- Sample 7: 0.1854
 -- Sample 8: 0.1688
 -- Sample 9: 0.1826
 -- Sample 10: 0.1558
 -- Sample 11: 0.1544
 -- Sample 12: 0.1752
 -- Sample 13: 0.1349
 -- Sample 14: 0.1853
 -- Sample 15: 0.1393
 -- Sample 16: 0.1922
 -- Sample 17: 0.2169
 -- Sample 18: 0.2024
 -- Sample 19: 0.1701
 -- Sample 20: 0.4042
 -- Sample 21: 0.3753
 -- Sample 22: 0.3568
 -- Sample 23: 0.3726
 -- Sample 24: 0.3007
 -- Sample 25: 0.2926
 -- Sample 26: 0.3064
 -- Sample 27: 0.3024
 -- Sample 28: 0.1413
 -- Sample 29: 0.0908
 -- Sample 30: 0.1090
 -- Sample 31: 0.1505
 -- Sample 32: 0.1187
 -- Sample 33: 0.1728
 -- Sample 34: 0.1205
 -- Sample 35: 0.1559
 -- Sample 36: 0.2290
 -- Sample 37: 0.2135
 -- Sample 38: 0.2152
 -- Sample 39: 0.2489
 -- Sample 40: 0.0926
 -- Sample 41: 0.0912
 -- Sample 42: 0.0935
 -- Sample 43: 0.0781
 -- Sample 44: 0.1938
 -- Sample 45: 0.1119
 -- Sample 46: 0.1488
 -- Sample 47: 0.1896
 -- Sample 48: 0.1819
 -- Sample 49: 0.1745
Mean=0.2034, Std=0.0848
------------------------------------------------------------------
    Evaluating Ko et al (D0 N4)
Bias Error: using Single Component
Mean: 114.1017, Std: 167.6985
------------------------------------------------------------------
Magnitude Error: 
 -- Sample 0: mean=61.1398%; std=48.3554
 -- Sample 1: mean=56.9174%; std=46.5898
 -- Sample 2: mean=60.7826%; std=46.9681
 -- Sample 3: mean=61.9399%; std=50.2991
 -- Sample 4: mean=72.7073%; std=44.6326
 -- Sample 5: mean=84.6284%; std=50.7979
 -- Sample 6: mean=74.5274%; std=45.8558
 -- Sample 7: mean=78.0798%; std=47.2224
 -- Sample 8: mean=113.7924%; std=114.5882
 -- Sample 9: mean=95.0587%; std=94.5700
 -- Sample 10: mean=111.7020%; std=112.7432
 -- Sample 11: mean=101.2876%; std=102.8025
 -- Sample 12: mean=186.6629%; std=228.2283
 -- Sample 13: mean=198.4548%; std=260.4535
 -- Sample 14: mean=194.8381%; std=243.8264
 -- Sample 15: mean=200.0331%; std=262.0149
 -- Sample 16: mean=86.3536%; std=108.7780
 -- Sample 17: mean=95.3384%; std=95.2715
 -- Sample 18: mean=94.3656%; std=100.7213
 -- Sample 19: mean=90.8422%; std=98.7085
 -- Sample 20: mean=28.8664%; std=22.3331
 -- Sample 21: mean=27.6123%; std=24.3307
 -- Sample 22: mean=28.0690%; std=23.2854
 -- Sample 23: mean=26.8031%; std=20.9623
 -- Sample 24: mean=39.5596%; std=33.7760
 -- Sample 25: mean=33.8048%; std=26.6835
 -- Sample 26: mean=35.0550%; std=30.3156
 -- Sample 27: mean=37.5053%; std=35.6322
 -- Sample 28: mean=741.0912%; std=491.3595
 -- Sample 29: mean=725.4048%; std=507.8550
 -- Sample 30: mean=710.2331%; std=455.0189
 -- Sample 31: mean=735.2772%; std=500.6240
 -- Sample 32: mean=78.9403%; std=88.4762
 -- Sample 33: mean=76.2986%; std=88.2275
 -- Sample 34: mean=74.2244%; std=87.3965
 -- Sample 35: mean=75.2132%; std=87.5195
 -- Sample 36: mean=49.6222%; std=32.0397
 -- Sample 37: mean=52.2433%; std=36.5645
 -- Sample 38: mean=47.9574%; std=33.0069
 -- Sample 39: mean=53.5040%; std=38.2973
 -- Sample 40: mean=321.6582%; std=342.1313
 -- Sample 41: mean=359.2376%; std=367.7568
 -- Sample 42: mean=331.1906%; std=337.9371
 -- Sample 43: mean=333.8507%; std=342.0418
 -- Sample 44: mean=49.8994%; std=57.8903
 -- Sample 45: mean=46.2237%; std=55.5672
 -- Sample 46: mean=49.2268%; std=51.3776
 -- Sample 47: mean=50.4537%; std=65.5637
 -- Sample 48: mean=34.7467%; std=24.0506
 -- Sample 49: mean=37.0451%; std=24.3830
Mean: 148.2054%, Std: 189.7018%
------------------------------------------------------------------
Correlation comparison:
 -- Sample 0: 0.7093
 -- Sample 1: 0.7320
 -- Sample 2: 0.7005
 -- Sample 3: 0.7319
 -- Sample 4: 0.7171
 -- Sample 5: 0.7283
 -- Sample 6: 0.7072
 -- Sample 7: 0.7144
 -- Sample 8: 0.7174
 -- Sample 9: 0.7785
 -- Sample 10: 0.7277
 -- Sample 11: 0.7578
 -- Sample 12: 0.5744
 -- Sample 13: 0.5367
 -- Sample 14: 0.5566
 -- Sample 15: 0.5398
 -- Sample 16: 0.7397
 -- Sample 17: 0.7625
 -- Sample 18: 0.7584
 -- Sample 19: 0.7611
 -- Sample 20: 0.9190
 -- Sample 21: 0.9374
 -- Sample 22: 0.9282
 -- Sample 23: 0.9371
 -- Sample 24: 0.8916
 -- Sample 25: 0.9017
 -- Sample 26: 0.8995
 -- Sample 27: 0.8896
 -- Sample 28: 0.4016
 -- Sample 29: 0.3924
 -- Sample 30: 0.4131
 -- Sample 31: 0.4021
 -- Sample 32: 0.6510
 -- Sample 33: 0.6208
 -- Sample 34: 0.6814
 -- Sample 35: 0.6273
 -- Sample 36: 0.7585
 -- Sample 37: 0.7516
 -- Sample 38: 0.7739
 -- Sample 39: 0.7367
 -- Sample 40: 0.4594
 -- Sample 41: 0.4290
 -- Sample 42: 0.4655
 -- Sample 43: 0.4348
 -- Sample 44: 0.8307
 -- Sample 45: 0.8507
 -- Sample 46: 0.8153
 -- Sample 47: 0.8400
 -- Sample 48: 0.8357
 -- Sample 49: 0.8168
Mean=0.7049, Std=0.1564
------------------------------------------------------------------
    Evaluating Ko et al (D1 N4)
Bias Error: using Single Component
Mean: 62.6545, Std: 39.9083
------------------------------------------------------------------
Magnitude Error: 
 -- Sample 0: mean=41.3776%; std=21.0314
 -- Sample 1: mean=35.6957%; std=15.5002
 -- Sample 2: mean=44.5735%; std=18.1313
 -- Sample 3: mean=44.8889%; std=20.3788
 -- Sample 4: mean=48.2733%; std=29.0937
 -- Sample 5: mean=56.4976%; std=24.3017
 -- Sample 6: mean=67.2158%; std=16.8306
 -- Sample 7: mean=55.5709%; std=24.1427
 -- Sample 8: mean=76.0126%; std=19.6077
 -- Sample 9: mean=69.1482%; std=17.5842
 -- Sample 10: mean=66.9517%; std=19.7126
 -- Sample 11: mean=73.6040%; std=15.4918
 -- Sample 12: mean=57.8913%; std=35.7766
 -- Sample 13: mean=53.4587%; std=43.9198
 -- Sample 14: mean=54.2669%; std=53.4192
 -- Sample 15: mean=61.2250%; std=46.9316
 -- Sample 16: mean=54.8545%; std=22.0095
 -- Sample 17: mean=55.7312%; std=21.6497
 -- Sample 18: mean=55.8839%; std=18.1703
 -- Sample 19: mean=57.5884%; std=19.7037
 -- Sample 20: mean=48.0003%; std=16.7949
 -- Sample 21: mean=52.5462%; std=13.6663
 -- Sample 22: mean=51.2250%; std=14.4894
 -- Sample 23: mean=54.8645%; std=17.5868
 -- Sample 24: mean=61.5579%; std=11.6946
 -- Sample 25: mean=57.2100%; std=15.7281
 -- Sample 26: mean=55.9011%; std=13.5107
 -- Sample 27: mean=59.9884%; std=10.4325
 -- Sample 28: mean=304.8235%; std=214.9367
 -- Sample 29: mean=288.5123%; std=218.2737
 -- Sample 30: mean=284.1783%; std=209.6134
 -- Sample 31: mean=309.4066%; std=251.8188
 -- Sample 32: mean=62.2598%; std=15.2824
 -- Sample 33: mean=69.9483%; std=15.3834
 -- Sample 34: mean=64.0607%; std=15.1705
 -- Sample 35: mean=60.8415%; std=18.0264
 -- Sample 36: mean=79.8099%; std=14.4675
 -- Sample 37: mean=78.9260%; std=15.9687
 -- Sample 38: mean=81.3454%; std=12.7291
 -- Sample 39: mean=79.3799%; std=11.8401
 -- Sample 40: mean=91.0420%; std=69.9235
 -- Sample 41: mean=91.7958%; std=86.9898
 -- Sample 42: mean=94.8543%; std=79.1472
 -- Sample 43: mean=106.5616%; std=94.8692
 -- Sample 44: mean=49.1392%; std=28.0262
 -- Sample 45: mean=44.9887%; std=26.3788
 -- Sample 46: mean=51.5368%; std=28.8118
 -- Sample 47: mean=52.2625%; std=27.7181
 -- Sample 48: mean=74.3328%; std=9.9300
 -- Sample 49: mean=76.9446%; std=11.8636
Mean: 81.3791%, Std: 65.1872%
------------------------------------------------------------------
Correlation comparison:
 -- Sample 0: 0.8930
 -- Sample 1: 0.9378
 -- Sample 2: 0.9182
 -- Sample 3: 0.9112
 -- Sample 4: 0.7814
 -- Sample 5: 0.7734
 -- Sample 6: 0.8248
 -- Sample 7: 0.7973
 -- Sample 8: 0.6776
 -- Sample 9: 0.8915
 -- Sample 10: 0.9284
 -- Sample 11: 0.8643
 -- Sample 12: 0.7505
 -- Sample 13: 0.7645
 -- Sample 14: 0.7141
 -- Sample 15: 0.7296
 -- Sample 16: 0.8593
 -- Sample 17: 0.8599
 -- Sample 18: 0.9223
 -- Sample 19: 0.8633
 -- Sample 20: 0.9202
 -- Sample 21: 0.9373
 -- Sample 22: 0.9274
 -- Sample 23: 0.8717
 -- Sample 24: 0.9481
 -- Sample 25: 0.9203
 -- Sample 26: 0.9142
 -- Sample 27: 0.9441
 -- Sample 28: 0.4405
 -- Sample 29: 0.4152
 -- Sample 30: 0.3989
 -- Sample 31: 0.4123
 -- Sample 32: 0.9263
 -- Sample 33: 0.8976
 -- Sample 34: 0.9441
 -- Sample 35: 0.9186
 -- Sample 36: 0.8123
 -- Sample 37: 0.8303
 -- Sample 38: 0.8403
 -- Sample 39: 0.8835
 -- Sample 40: 0.6749
 -- Sample 41: 0.7066
 -- Sample 42: 0.6458
 -- Sample 43: 0.5354
 -- Sample 44: 0.8135
 -- Sample 45: 0.8735
 -- Sample 46: 0.8192
 -- Sample 47: 0.7725
 -- Sample 48: 0.9223
 -- Sample 49: 0.8644
Mean=0.8079, Std=0.1460
------------------------------------------------------------------
    Evaluating Ko et al (D2 N4)
Bias Error: using Single Component
Mean: 47.6434, Std: 74.5476
------------------------------------------------------------------
Magnitude Error: 
 -- Sample 0: mean=29.1571%; std=19.5703
 -- Sample 1: mean=25.0279%; std=18.9985
 -- Sample 2: mean=22.4608%; std=17.7724
 -- Sample 3: mean=26.3451%; std=18.0533
 -- Sample 4: mean=47.7940%; std=31.7315
 -- Sample 5: mean=50.3122%; std=31.9654
 -- Sample 6: mean=43.0709%; std=25.0070
 -- Sample 7: mean=43.3784%; std=26.0986
 -- Sample 8: mean=27.8494%; std=21.0950
 -- Sample 9: mean=23.2559%; std=15.8352
 -- Sample 10: mean=32.1990%; std=20.3724
 -- Sample 11: mean=26.5325%; std=19.8221
 -- Sample 12: mean=122.7320%; std=116.4373
 -- Sample 13: mean=114.4612%; std=122.5457
 -- Sample 14: mean=110.6275%; std=115.2797
 -- Sample 15: mean=119.5391%; std=152.9337
 -- Sample 16: mean=30.9289%; std=21.3772
 -- Sample 17: mean=31.5216%; std=21.2405
 -- Sample 18: mean=28.7576%; std=20.1222
 -- Sample 19: mean=29.9241%; std=22.0807
 -- Sample 20: mean=27.9728%; std=14.8154
 -- Sample 21: mean=28.3542%; std=13.3558
 -- Sample 22: mean=23.8448%; std=15.2868
 -- Sample 23: mean=24.4494%; std=12.5126
 -- Sample 24: mean=26.8781%; std=18.7172
 -- Sample 25: mean=25.0498%; std=15.6433
 -- Sample 26: mean=33.8748%; std=17.9870
 -- Sample 27: mean=25.8543%; std=17.0120
 -- Sample 28: mean=382.6548%; std=285.4601
 -- Sample 29: mean=391.0003%; std=300.3127
 -- Sample 30: mean=374.1134%; std=261.6512
 -- Sample 31: mean=409.9559%; std=311.5936
 -- Sample 32: mean=34.0385%; std=20.1122
 -- Sample 33: mean=30.9987%; std=19.1520
 -- Sample 34: mean=30.7543%; std=19.4671
 -- Sample 35: mean=33.8330%; std=19.4817
 -- Sample 36: mean=32.2270%; std=17.1891
 -- Sample 37: mean=38.9958%; std=13.9545
 -- Sample 38: mean=37.5529%; std=15.6968
 -- Sample 39: mean=40.7451%; std=16.7199
 -- Sample 40: mean=49.3767%; std=89.4247
 -- Sample 41: mean=55.4051%; std=88.7168
 -- Sample 42: mean=53.0120%; std=70.3315
 -- Sample 43: mean=52.9507%; std=98.1667
 -- Sample 44: mean=30.7358%; std=26.1008
 -- Sample 45: mean=26.9145%; std=24.2815
 -- Sample 46: mean=29.6666%; std=24.2905
 -- Sample 47: mean=36.8313%; std=26.7369
 -- Sample 48: mean=33.1663%; std=19.6139
 -- Sample 49: mean=31.4163%; std=23.0286
Mean: 68.7700%, Std: 97.6102%
------------------------------------------------------------------
Correlation comparison:
 -- Sample 0: 0.9431
 -- Sample 1: 0.9481
 -- Sample 2: 0.9617
 -- Sample 3: 0.9349
 -- Sample 4: 0.8486
 -- Sample 5: 0.8362
 -- Sample 6: 0.8666
 -- Sample 7: 0.8625
 -- Sample 8: 0.9525
 -- Sample 9: 0.9763
 -- Sample 10: 0.9531
 -- Sample 11: 0.9585
 -- Sample 12: 0.8099
 -- Sample 13: 0.8256
 -- Sample 14: 0.7907
 -- Sample 15: 0.7229
 -- Sample 16: 0.8988
 -- Sample 17: 0.9133
 -- Sample 18: 0.9244
 -- Sample 19: 0.9107
 -- Sample 20: 0.9652
 -- Sample 21: 0.9577
 -- Sample 22: 0.9623
 -- Sample 23: 0.9762
 -- Sample 24: 0.9331
 -- Sample 25: 0.9347
 -- Sample 26: 0.9078
 -- Sample 27: 0.9489
 -- Sample 28: 0.4955
 -- Sample 29: 0.4820
 -- Sample 30: 0.5014
 -- Sample 31: 0.5164
 -- Sample 32: 0.9476
 -- Sample 33: 0.9542
 -- Sample 34: 0.9449
 -- Sample 35: 0.9510
 -- Sample 36: 0.9574
 -- Sample 37: 0.9248
 -- Sample 38: 0.9374
 -- Sample 39: 0.9303
 -- Sample 40: 0.8941
 -- Sample 41: 0.8849
 -- Sample 42: 0.9149
 -- Sample 43: 0.8798
 -- Sample 44: 0.9428
 -- Sample 45: 0.9705
 -- Sample 46: 0.9493
 -- Sample 47: 0.9360
 -- Sample 48: 0.9137
 -- Sample 49: 0.9218
Mean=0.8835, Std=0.1243
------------------------------------------------------------------
    Evaluating Ko et al (D3 N4)
Bias Error: using Single Component
Mean: 44.9166, Std: 72.3785
------------------------------------------------------------------
Magnitude Error: 
 -- Sample 0: mean=32.6548%; std=22.2747
 -- Sample 1: mean=29.7375%; std=20.0774
 -- Sample 2: mean=26.4385%; std=19.0693
 -- Sample 3: mean=34.1216%; std=23.3925
 -- Sample 4: mean=34.7791%; std=24.4838
 -- Sample 5: mean=29.2392%; std=20.4100
 -- Sample 6: mean=26.8947%; std=20.7627
 -- Sample 7: mean=28.1747%; std=20.3366
 -- Sample 8: mean=36.7809%; std=30.3690
 -- Sample 9: mean=35.6598%; std=22.8412
 -- Sample 10: mean=32.2948%; std=24.7826
 -- Sample 11: mean=40.0999%; std=31.0549
 -- Sample 12: mean=105.0183%; std=103.4941
 -- Sample 13: mean=112.7514%; std=118.7101
 -- Sample 14: mean=132.0412%; std=147.4165
 -- Sample 15: mean=90.8906%; std=81.5318
 -- Sample 16: mean=33.4155%; std=20.9492
 -- Sample 17: mean=32.0758%; std=18.9103
 -- Sample 18: mean=31.1980%; std=19.8384
 -- Sample 19: mean=34.5700%; std=22.0738
 -- Sample 20: mean=41.8787%; std=13.8190
 -- Sample 21: mean=31.5710%; std=14.7502
 -- Sample 22: mean=36.9921%; std=11.1882
 -- Sample 23: mean=41.7886%; std=14.8737
 -- Sample 24: mean=32.4768%; std=20.8311
 -- Sample 25: mean=29.5869%; std=19.8268
 -- Sample 26: mean=30.2899%; std=21.0052
 -- Sample 27: mean=30.7857%; std=21.1393
 -- Sample 28: mean=376.5873%; std=303.1348
 -- Sample 29: mean=411.1774%; std=326.0008
 -- Sample 30: mean=396.0992%; std=313.2773
 -- Sample 31: mean=372.4433%; std=307.5251
 -- Sample 32: mean=33.6716%; std=24.6489
 -- Sample 33: mean=33.6773%; std=23.8652
 -- Sample 34: mean=31.2153%; std=21.1963
 -- Sample 35: mean=32.4781%; std=22.0077
 -- Sample 36: mean=27.4927%; std=14.9033
 -- Sample 37: mean=29.6887%; std=18.2423
 -- Sample 38: mean=27.2463%; std=15.5421
 -- Sample 39: mean=27.7104%; std=15.6497
 -- Sample 40: mean=36.8223%; std=50.9912
 -- Sample 41: mean=34.6234%; std=41.1071
 -- Sample 42: mean=32.0538%; std=47.3537
 -- Sample 43: mean=41.9970%; std=54.1814
 -- Sample 44: mean=27.2907%; std=24.9770
 -- Sample 45: mean=24.2999%; std=23.2193
 -- Sample 46: mean=27.7929%; std=25.4011
 -- Sample 47: mean=25.5443%; std=22.3786
 -- Sample 48: mean=26.8284%; std=23.6284
 -- Sample 49: mean=30.2627%; std=23.4161
Mean: 66.8242%, Std: 97.6206%
------------------------------------------------------------------
Correlation comparison:
 -- Sample 0: 0.9288
 -- Sample 1: 0.9485
 -- Sample 2: 0.9499
 -- Sample 3: 0.9174
 -- Sample 4: 0.8912
 -- Sample 5: 0.9226
 -- Sample 6: 0.9153
 -- Sample 7: 0.9267
 -- Sample 8: 0.9363
 -- Sample 9: 0.9366
 -- Sample 10: 0.9629
 -- Sample 11: 0.9358
 -- Sample 12: 0.8000
 -- Sample 13: 0.7857
 -- Sample 14: 0.7484
 -- Sample 15: 0.8460
 -- Sample 16: 0.8845
 -- Sample 17: 0.9080
 -- Sample 18: 0.8989
 -- Sample 19: 0.8742
 -- Sample 20: 0.9461
 -- Sample 21: 0.9595
 -- Sample 22: 0.9762
 -- Sample 23: 0.9358
 -- Sample 24: 0.9182
 -- Sample 25: 0.9313
 -- Sample 26: 0.9180
 -- Sample 27: 0.9090
 -- Sample 28: 0.4738
 -- Sample 29: 0.4429
 -- Sample 30: 0.4615
 -- Sample 31: 0.4604
 -- Sample 32: 0.9404
 -- Sample 33: 0.9420
 -- Sample 34: 0.9519
 -- Sample 35: 0.9498
 -- Sample 36: 0.9641
 -- Sample 37: 0.9579
 -- Sample 38: 0.9553
 -- Sample 39: 0.9606
 -- Sample 40: 0.9096
 -- Sample 41: 0.9457
 -- Sample 42: 0.9332
 -- Sample 43: 0.8909
 -- Sample 44: 0.9477
 -- Sample 45: 0.9575
 -- Sample 46: 0.9515
 -- Sample 47: 0.9544
 -- Sample 48: 0.9417
 -- Sample 49: 0.9285
Mean=0.8847, Std=0.1330
------------------------------------------------------------------
    Evaluating Ko et al (D3 N0)
Bias Error: using Single Component
Mean: 54.4750, Std: 62.8002
------------------------------------------------------------------
Magnitude Error: 
 -- Sample 0: mean=54.1920%; std=25.5156
 -- Sample 1: mean=51.5264%; std=21.6753
 -- Sample 2: mean=42.7714%; std=19.2595
 -- Sample 3: mean=42.3989%; std=19.4570
 -- Sample 4: mean=41.2349%; std=25.5583
 -- Sample 5: mean=37.6394%; std=24.6954
 -- Sample 6: mean=31.0844%; std=20.1717
 -- Sample 7: mean=30.3973%; std=22.6791
 -- Sample 8: mean=51.4024%; std=21.9655
 -- Sample 9: mean=55.4339%; std=27.8956
 -- Sample 10: mean=42.1779%; std=25.2600
 -- Sample 11: mean=51.4877%; std=41.7070
 -- Sample 12: mean=109.1469%; std=106.5631
 -- Sample 13: mean=111.0861%; std=128.4426
 -- Sample 14: mean=90.3848%; std=98.4232
 -- Sample 15: mean=94.5184%; std=112.2157
 -- Sample 16: mean=47.8105%; std=27.3269
 -- Sample 17: mean=37.2817%; std=25.5376
 -- Sample 18: mean=47.8972%; std=33.4955
 -- Sample 19: mean=38.9710%; std=26.5813
 -- Sample 20: mean=52.3692%; std=17.2486
 -- Sample 21: mean=46.8722%; std=15.2035
 -- Sample 22: mean=24.3968%; std=15.1180
 -- Sample 23: mean=46.1813%; std=15.0618
 -- Sample 24: mean=35.9225%; std=19.8736
 -- Sample 25: mean=49.5683%; std=19.1181
 -- Sample 26: mean=48.5118%; std=18.7774
 -- Sample 27: mean=38.0067%; std=17.8109
 -- Sample 28: mean=328.6461%; std=292.5445
 -- Sample 29: mean=286.2981%; std=249.9134
 -- Sample 30: mean=325.2532%; std=283.9207
 -- Sample 31: mean=391.0697%; std=303.2416
 -- Sample 32: mean=43.9128%; std=26.6857
 -- Sample 33: mean=44.8541%; std=23.6204
 -- Sample 34: mean=39.5794%; std=21.8176
 -- Sample 35: mean=37.9923%; std=25.7694
 -- Sample 36: mean=47.1168%; std=23.9150
 -- Sample 37: mean=46.7962%; std=22.9742
 -- Sample 38: mean=45.0207%; std=18.6034
 -- Sample 39: mean=46.9525%; std=21.5707
 -- Sample 40: mean=66.6231%; std=89.5899
 -- Sample 41: mean=107.8940%; std=111.2744
 -- Sample 42: mean=98.0024%; std=82.1537
 -- Sample 43: mean=93.3549%; std=103.2448
 -- Sample 44: mean=44.0038%; std=27.4881
 -- Sample 45: mean=41.8942%; std=25.8408
 -- Sample 46: mean=36.6504%; std=22.4958
 -- Sample 47: mean=43.8065%; std=27.3388
 -- Sample 48: mean=34.6026%; std=25.6942
 -- Sample 49: mean=48.3683%; std=18.6153
Mean: 74.9873%, Std: 79.5557%
------------------------------------------------------------------
Correlation comparison:
 -- Sample 0: 0.8224
 -- Sample 1: 0.8850
 -- Sample 2: 0.9279
 -- Sample 3: 0.8943
 -- Sample 4: 0.7581
 -- Sample 5: 0.8443
 -- Sample 6: 0.8847
 -- Sample 7: 0.8748
 -- Sample 8: 0.9199
 -- Sample 9: 0.9009
 -- Sample 10: 0.9483
 -- Sample 11: 0.8868
 -- Sample 12: 0.7886
 -- Sample 13: 0.7062
 -- Sample 14: 0.7994
 -- Sample 15: 0.7917
 -- Sample 16: 0.8181
 -- Sample 17: 0.8785
 -- Sample 18: 0.8095
 -- Sample 19: 0.8664
 -- Sample 20: 0.9280
 -- Sample 21: 0.9548
 -- Sample 22: 0.9767
 -- Sample 23: 0.9630
 -- Sample 24: 0.9269
 -- Sample 25: 0.9227
 -- Sample 26: 0.9233
 -- Sample 27: 0.9459
 -- Sample 28: 0.5182
 -- Sample 29: 0.3639
 -- Sample 30: 0.4800
 -- Sample 31: 0.5002
 -- Sample 32: 0.8764
 -- Sample 33: 0.8884
 -- Sample 34: 0.9200
 -- Sample 35: 0.9148
 -- Sample 36: 0.8669
 -- Sample 37: 0.8413
 -- Sample 38: 0.8644
 -- Sample 39: 0.8620
 -- Sample 40: 0.7972
 -- Sample 41: 0.7629
 -- Sample 42: 0.7731
 -- Sample 43: 0.7489
 -- Sample 44: 0.8678
 -- Sample 45: 0.8804
 -- Sample 46: 0.9317
 -- Sample 47: 0.8503
 -- Sample 48: 0.9184
 -- Sample 49: 0.9117
Mean=0.8377, Std=0.1263
------------------------------------------------------------------
    Evaluating Ko et al (D3 N1)
Bias Error: using Single Component
Mean: 52.0293, Std: 69.2167
------------------------------------------------------------------
Magnitude Error: 
 -- Sample 0: mean=46.7196%; std=21.8904
 -- Sample 1: mean=40.7839%; std=21.9242
 -- Sample 2: mean=50.6350%; std=21.4319
 -- Sample 3: mean=33.3364%; std=19.3106
 -- Sample 4: mean=42.1625%; std=22.8805
 -- Sample 5: mean=38.9455%; std=20.9826
 -- Sample 6: mean=35.9471%; std=20.9108
 -- Sample 7: mean=29.4276%; std=22.0321
 -- Sample 8: mean=34.4046%; std=20.9407
 -- Sample 9: mean=41.8667%; std=27.3865
 -- Sample 10: mean=28.7821%; std=28.1765
 -- Sample 11: mean=45.7566%; std=24.9740
 -- Sample 12: mean=112.2439%; std=141.5743
 -- Sample 13: mean=98.3097%; std=130.2969
 -- Sample 14: mean=110.4835%; std=119.2956
 -- Sample 15: mean=103.0144%; std=112.8509
 -- Sample 16: mean=42.8211%; std=28.9414
 -- Sample 17: mean=45.3813%; std=28.5068
 -- Sample 18: mean=40.3242%; std=27.3744
 -- Sample 19: mean=43.1575%; std=36.2614
 -- Sample 20: mean=49.2824%; std=15.2851
 -- Sample 21: mean=30.3352%; std=14.6082
 -- Sample 22: mean=29.3478%; std=13.2787
 -- Sample 23: mean=32.7164%; std=14.3019
 -- Sample 24: mean=32.0398%; std=19.6283
 -- Sample 25: mean=35.0428%; std=19.8629
 -- Sample 26: mean=39.0353%; std=16.6043
 -- Sample 27: mean=36.4865%; std=20.0849
 -- Sample 28: mean=376.4640%; std=283.1312
 -- Sample 29: mean=358.1691%; std=288.7431
 -- Sample 30: mean=378.5122%; std=285.2065
 -- Sample 31: mean=387.8351%; std=324.5081
 -- Sample 32: mean=37.6929%; std=25.3883
 -- Sample 33: mean=31.4126%; std=21.0466
 -- Sample 34: mean=35.0965%; std=21.4932
 -- Sample 35: mean=38.6048%; std=23.2893
 -- Sample 36: mean=42.0253%; std=20.1082
 -- Sample 37: mean=44.4202%; std=18.1933
 -- Sample 38: mean=36.9201%; std=13.9279
 -- Sample 39: mean=47.0465%; std=15.0876
 -- Sample 40: mean=53.6306%; std=62.9316
 -- Sample 41: mean=68.9801%; std=52.1738
 -- Sample 42: mean=57.8526%; std=57.1690
 -- Sample 43: mean=91.6232%; std=81.1757
 -- Sample 44: mean=35.6791%; std=23.5711
 -- Sample 45: mean=35.8947%; std=19.3591
 -- Sample 46: mean=45.0238%; std=22.9995
 -- Sample 47: mean=41.9888%; std=27.7205
 -- Sample 48: mean=37.0852%; std=22.6448
 -- Sample 49: mean=46.1024%; std=23.6797
Mean: 73.5370%, Std: 91.2879%
------------------------------------------------------------------
Correlation comparison:
 -- Sample 0: 0.9098
 -- Sample 1: 0.9443
 -- Sample 2: 0.9118
 -- Sample 3: 0.9506
 -- Sample 4: 0.8337
 -- Sample 5: 0.8673
 -- Sample 6: 0.8768
 -- Sample 7: 0.8865
 -- Sample 8: 0.9624
 -- Sample 9: 0.9338
 -- Sample 10: 0.9583
 -- Sample 11: 0.9272
 -- Sample 12: 0.7242
 -- Sample 13: 0.7051
 -- Sample 14: 0.7449
 -- Sample 15: 0.7794
 -- Sample 16: 0.8154
 -- Sample 17: 0.8074
 -- Sample 18: 0.8818
 -- Sample 19: 0.8158
 -- Sample 20: 0.9421
 -- Sample 21: 0.9641
 -- Sample 22: 0.9728
 -- Sample 23: 0.9689
 -- Sample 24: 0.9336
 -- Sample 25: 0.9482
 -- Sample 26: 0.9414
 -- Sample 27: 0.9415
 -- Sample 28: 0.5248
 -- Sample 29: 0.4343
 -- Sample 30: 0.5377
 -- Sample 31: 0.4678
 -- Sample 32: 0.9320
 -- Sample 33: 0.9565
 -- Sample 34: 0.9271
 -- Sample 35: 0.9190
 -- Sample 36: 0.8875
 -- Sample 37: 0.9166
 -- Sample 38: 0.9568
 -- Sample 39: 0.9374
 -- Sample 40: 0.8644
 -- Sample 41: 0.8826
 -- Sample 42: 0.9096
 -- Sample 43: 0.8264
 -- Sample 44: 0.9179
 -- Sample 45: 0.9010
 -- Sample 46: 0.9021
 -- Sample 47: 0.8653
 -- Sample 48: 0.9255
 -- Sample 49: 0.8911
Mean=0.8627, Std=0.1264
------------------------------------------------------------------
    Evaluating Ko et al (D3 N2)
Bias Error: using Single Component
Mean: 54.6543, Std: 74.7484
------------------------------------------------------------------
Magnitude Error: 
 -- Sample 0: mean=44.2679%; std=22.8241
 -- Sample 1: mean=40.6664%; std=17.8077
 -- Sample 2: mean=35.9912%; std=23.2609
 -- Sample 3: mean=41.3132%; std=21.8276
 -- Sample 4: mean=49.1000%; std=21.8437
 -- Sample 5: mean=35.5354%; std=23.3858
 -- Sample 6: mean=32.1770%; std=22.5783
 -- Sample 7: mean=45.7700%; std=22.1553
 -- Sample 8: mean=25.9302%; std=22.1755
 -- Sample 9: mean=44.1128%; std=45.7222
 -- Sample 10: mean=36.5346%; std=25.0265
 -- Sample 11: mean=31.3736%; std=36.9015
 -- Sample 12: mean=131.1071%; std=155.4409
 -- Sample 13: mean=115.2406%; std=160.2284
 -- Sample 14: mean=117.6555%; std=118.3447
 -- Sample 15: mean=102.4982%; std=119.7346
 -- Sample 16: mean=39.3956%; std=29.3013
 -- Sample 17: mean=43.1363%; std=36.5505
 -- Sample 18: mean=37.3120%; std=29.6408
 -- Sample 19: mean=35.0145%; std=24.1605
 -- Sample 20: mean=49.8699%; std=16.0307
 -- Sample 21: mean=32.6788%; std=13.6857
 -- Sample 22: mean=49.2409%; std=14.0746
 -- Sample 23: mean=47.3254%; std=12.6758
 -- Sample 24: mean=33.4181%; std=18.9436
 -- Sample 25: mean=38.4483%; std=15.3361
 -- Sample 26: mean=41.9911%; std=23.5709
 -- Sample 27: mean=37.8351%; std=19.3818
 -- Sample 28: mean=404.8753%; std=312.1075
 -- Sample 29: mean=437.6217%; std=319.1198
 -- Sample 30: mean=364.5305%; std=290.6031
 -- Sample 31: mean=443.1711%; std=348.8504
 -- Sample 32: mean=32.6401%; std=20.9818
 -- Sample 33: mean=38.8100%; std=25.8265
 -- Sample 34: mean=43.1431%; std=23.7850
 -- Sample 35: mean=39.7107%; std=29.3885
 -- Sample 36: mean=37.3928%; std=15.1339
 -- Sample 37: mean=31.2952%; std=17.7273
 -- Sample 38: mean=40.3058%; std=18.9218
 -- Sample 39: mean=35.6782%; std=15.3346
 -- Sample 40: mean=44.2567%; std=67.1000
 -- Sample 41: mean=60.3591%; std=54.5396
 -- Sample 42: mean=69.1659%; std=66.7964
 -- Sample 43: mean=94.5862%; std=107.3732
 -- Sample 44: mean=29.9364%; std=20.8636
 -- Sample 45: mean=30.7551%; std=18.9306
 -- Sample 46: mean=26.0215%; std=22.4554
 -- Sample 47: mean=32.0828%; std=16.8468
 -- Sample 48: mean=39.1761%; std=27.5201
 -- Sample 49: mean=41.9371%; std=25.0822
Mean: 76.6478%, Std: 102.1420%
------------------------------------------------------------------
Correlation comparison:
 -- Sample 0: 0.9146
 -- Sample 1: 0.9515
 -- Sample 2: 0.9402
 -- Sample 3: 0.9173
 -- Sample 4: 0.7826
 -- Sample 5: 0.8856
 -- Sample 6: 0.9207
 -- Sample 7: 0.8299
 -- Sample 8: 0.9608
 -- Sample 9: 0.8898
 -- Sample 10: 0.9626
 -- Sample 11: 0.9125
 -- Sample 12: 0.7304
 -- Sample 13: 0.6823
 -- Sample 14: 0.7782
 -- Sample 15: 0.7951
 -- Sample 16: 0.8391
 -- Sample 17: 0.8209
 -- Sample 18: 0.8644
 -- Sample 19: 0.8897
 -- Sample 20: 0.9452
 -- Sample 21: 0.9636
 -- Sample 22: 0.9518
 -- Sample 23: 0.9603
 -- Sample 24: 0.9382
 -- Sample 25: 0.9750
 -- Sample 26: 0.9432
 -- Sample 27: 0.9590
 -- Sample 28: 0.4828
 -- Sample 29: 0.4554
 -- Sample 30: 0.5200
 -- Sample 31: 0.5033
 -- Sample 32: 0.9590
 -- Sample 33: 0.9424
 -- Sample 34: 0.9280
 -- Sample 35: 0.9092
 -- Sample 36: 0.9651
 -- Sample 37: 0.9292
 -- Sample 38: 0.9407
 -- Sample 39: 0.9545
 -- Sample 40: 0.8721
 -- Sample 41: 0.9066
 -- Sample 42: 0.8728
 -- Sample 43: 0.8044
 -- Sample 44: 0.9395
 -- Sample 45: 0.9378
 -- Sample 46: 0.9612
 -- Sample 47: 0.9176
 -- Sample 48: 0.8824
 -- Sample 49: 0.9104
Mean=0.8680, Std=0.1286
------------------------------------------------------------------
    Evaluating Ko et al (D3 N3)
Bias Error: using Single Component
Mean: 49.1425, Std: 77.7901
------------------------------------------------------------------
Magnitude Error: 
 -- Sample 0: mean=32.8790%; std=22.5801
 -- Sample 1: mean=32.5686%; std=24.2743
 -- Sample 2: mean=25.8891%; std=19.6908
 -- Sample 3: mean=25.0893%; std=18.6604
 -- Sample 4: mean=35.5644%; std=20.3378
 -- Sample 5: mean=34.0213%; std=20.8790
 -- Sample 6: mean=24.3332%; std=19.3630
 -- Sample 7: mean=44.8917%; std=24.9214
 -- Sample 8: mean=22.7778%; std=19.5201
 -- Sample 9: mean=43.7412%; std=26.1416
 -- Sample 10: mean=42.1375%; std=35.8805
 -- Sample 11: mean=35.7151%; std=27.6905
 -- Sample 12: mean=129.6629%; std=193.0009
 -- Sample 13: mean=96.0812%; std=97.0674
 -- Sample 14: mean=88.2903%; std=102.2450
 -- Sample 15: mean=121.2818%; std=132.1549
 -- Sample 16: mean=40.8061%; std=29.2142
 -- Sample 17: mean=36.4948%; std=37.4383
 -- Sample 18: mean=33.2212%; std=26.9125
 -- Sample 19: mean=31.3697%; std=27.0569
 -- Sample 20: mean=38.1605%; std=11.5886
 -- Sample 21: mean=38.4325%; std=10.9455
 -- Sample 22: mean=34.0492%; std=8.9634
 -- Sample 23: mean=40.1623%; std=12.3399
 -- Sample 24: mean=27.7543%; std=20.9933
 -- Sample 25: mean=30.0013%; std=21.1960
 -- Sample 26: mean=36.9706%; std=24.2654
 -- Sample 27: mean=34.6295%; std=25.7080
 -- Sample 28: mean=422.3948%; std=330.7345
 -- Sample 29: mean=392.2221%; std=276.2003
 -- Sample 30: mean=332.2926%; std=281.8996
 -- Sample 31: mean=373.9325%; std=338.4454
 -- Sample 32: mean=32.0837%; std=22.8862
 -- Sample 33: mean=29.7179%; std=22.6014
 -- Sample 34: mean=31.8157%; std=23.8107
 -- Sample 35: mean=35.8984%; std=22.4339
 -- Sample 36: mean=31.5927%; std=15.5138
 -- Sample 37: mean=27.8377%; std=13.4798
 -- Sample 38: mean=37.2355%; std=13.0106
 -- Sample 39: mean=35.0982%; std=18.0740
 -- Sample 40: mean=36.8191%; std=41.0433
 -- Sample 41: mean=46.1250%; std=54.6933
 -- Sample 42: mean=45.6835%; std=70.7596
 -- Sample 43: mean=59.7796%; std=49.7860
 -- Sample 44: mean=28.3189%; std=24.5726
 -- Sample 45: mean=18.2337%; std=16.4328
 -- Sample 46: mean=26.6993%; std=18.0293
 -- Sample 47: mean=28.7357%; std=21.0032
 -- Sample 48: mean=37.0846%; std=21.5443
 -- Sample 49: mean=35.6394%; std=26.2825
Mean: 68.0443%, Std: 95.0363%
------------------------------------------------------------------
Correlation comparison:
 -- Sample 0: 0.9341
 -- Sample 1: 0.9216
 -- Sample 2: 0.9396
 -- Sample 3: 0.9511
 -- Sample 4: 0.9113
 -- Sample 5: 0.9015
 -- Sample 6: 0.9311
 -- Sample 7: 0.8508
 -- Sample 8: 0.9794
 -- Sample 9: 0.9409
 -- Sample 10: 0.9336
 -- Sample 11: 0.9423
 -- Sample 12: 0.7033
 -- Sample 13: 0.7920
 -- Sample 14: 0.8149
 -- Sample 15: 0.7926
 -- Sample 16: 0.8463
 -- Sample 17: 0.8561
 -- Sample 18: 0.8899
 -- Sample 19: 0.8797
 -- Sample 20: 0.9741
 -- Sample 21: 0.9781
 -- Sample 22: 0.9896
 -- Sample 23: 0.9685
 -- Sample 24: 0.9346
 -- Sample 25: 0.9263
 -- Sample 26: 0.8861
 -- Sample 27: 0.8626
 -- Sample 28: 0.5210
 -- Sample 29: 0.5063
 -- Sample 30: 0.4912
 -- Sample 31: 0.4652
 -- Sample 32: 0.9428
 -- Sample 33: 0.9365
 -- Sample 34: 0.9545
 -- Sample 35: 0.9396
 -- Sample 36: 0.9668
 -- Sample 37: 0.9751
 -- Sample 38: 0.9653
 -- Sample 39: 0.9504
 -- Sample 40: 0.9486
 -- Sample 41: 0.9348
 -- Sample 42: 0.9056
 -- Sample 43: 0.9381
 -- Sample 44: 0.9544
 -- Sample 45: 0.9799
 -- Sample 46: 0.9560
 -- Sample 47: 0.9514
 -- Sample 48: 0.9140
 -- Sample 49: 0.9065
Mean=0.8847, Std=0.1273
------------------------------------------------------------------
  Processing Batch 4 (Size: 50)...
    Evaluating Javier Santos (D0 N4)
Bias Error: using Single Component
Mean: 568.5325, Std: 346.8111
------------------------------------------------------------------
Magnitude Error: 
 -- Sample 0: mean=122.3394%; std=75.2233
 -- Sample 1: mean=138.6035%; std=86.7390
 -- Sample 2: mean=156.2101%; std=92.5612
 -- Sample 3: mean=160.5006%; std=93.5313
 -- Sample 4: mean=152.5534%; std=90.0291
 -- Sample 5: mean=162.2746%; std=94.1604
 -- Sample 6: mean=585.7385%; std=430.4828
 -- Sample 7: mean=595.4502%; std=516.3237
 -- Sample 8: mean=590.5704%; std=471.5686
 -- Sample 9: mean=606.1215%; std=520.4172
 -- Sample 10: mean=249.6147%; std=156.7866
 -- Sample 11: mean=270.7890%; std=148.1655
 -- Sample 12: mean=255.8348%; std=145.1708
 -- Sample 13: mean=256.7136%; std=141.6707
 -- Sample 14: mean=256.6877%; std=157.6821
 -- Sample 15: mean=248.2285%; std=142.7277
 -- Sample 16: mean=255.7839%; std=151.9417
 -- Sample 17: mean=250.5009%; std=147.2870
 -- Sample 18: mean=461.9429%; std=305.7688
 -- Sample 19: mean=464.1174%; std=300.7024
 -- Sample 20: mean=446.4179%; std=285.1035
 -- Sample 21: mean=463.6975%; std=289.8127
 -- Sample 22: mean=210.2863%; std=178.6797
 -- Sample 23: mean=223.4074%; std=191.9477
 -- Sample 24: mean=224.7226%; std=192.7310
 -- Sample 25: mean=217.2223%; std=185.4484
 -- Sample 26: mean=421.5299%; std=334.2286
 -- Sample 27: mean=415.5622%; std=291.4601
 -- Sample 28: mean=406.1068%; std=331.9193
 -- Sample 29: mean=418.3817%; std=353.9451
 -- Sample 30: mean=809.6678%; std=476.0521
 -- Sample 31: mean=808.0830%; std=478.6908
 -- Sample 32: mean=831.9406%; std=473.1104
 -- Sample 33: mean=809.8878%; std=483.3395
 -- Sample 34: mean=694.8857%; std=470.0285
 -- Sample 35: mean=631.6047%; std=455.1057
 -- Sample 36: mean=695.9313%; std=506.3394
 -- Sample 37: mean=709.4080%; std=468.4149
 -- Sample 38: mean=246.9316%; std=185.3567
 -- Sample 39: mean=291.6935%; std=205.6660
 -- Sample 40: mean=270.2746%; std=188.4456
 -- Sample 41: mean=263.9573%; std=175.4164
 -- Sample 42: mean=784.7240%; std=721.8189
 -- Sample 43: mean=740.8244%; std=741.0865
 -- Sample 44: mean=777.0870%; std=707.8391
 -- Sample 45: mean=760.1010%; std=787.5441
 -- Sample 46: mean=100.7214%; std=64.5871
 -- Sample 47: mean=95.8407%; std=67.4586
 -- Sample 48: mean=107.3663%; std=71.2731
 -- Sample 49: mean=104.6282%; std=68.4058
Mean: 404.4694%, Std: 237.4322%
------------------------------------------------------------------
Correlation comparison:
 -- Sample 0: 0.7558
 -- Sample 1: 0.7967
 -- Sample 2: 0.7807
 -- Sample 3: 0.7895
 -- Sample 4: 0.7842
 -- Sample 5: 0.7905
 -- Sample 6: 0.6503
 -- Sample 7: 0.5495
 -- Sample 8: 0.5990
 -- Sample 9: 0.5791
 -- Sample 10: 0.6853
 -- Sample 11: 0.7572
 -- Sample 12: 0.7074
 -- Sample 13: 0.7330
 -- Sample 14: 0.6607
 -- Sample 15: 0.6773
 -- Sample 16: 0.6639
 -- Sample 17: 0.6703
 -- Sample 18: 0.5862
 -- Sample 19: 0.5711
 -- Sample 20: 0.5887
 -- Sample 21: 0.5945
 -- Sample 22: 0.4739
 -- Sample 23: 0.5081
 -- Sample 24: 0.4763
 -- Sample 25: 0.4292
 -- Sample 26: 0.4516
 -- Sample 27: 0.5338
 -- Sample 28: 0.4689
 -- Sample 29: 0.4429
 -- Sample 30: 0.3889
 -- Sample 31: 0.4018
 -- Sample 32: 0.4029
 -- Sample 33: 0.3601
 -- Sample 34: 0.4088
 -- Sample 35: 0.3076
 -- Sample 36: 0.3939
 -- Sample 37: 0.4165
 -- Sample 38: 0.5488
 -- Sample 39: 0.6067
 -- Sample 40: 0.5982
 -- Sample 41: 0.6167
 -- Sample 42: 0.3222
 -- Sample 43: 0.3211
 -- Sample 44: 0.3363
 -- Sample 45: 0.3090
 -- Sample 46: 0.8095
 -- Sample 47: 0.8016
 -- Sample 48: 0.7804
 -- Sample 49: 0.8170
Mean=0.5741, Std=0.1579
------------------------------------------------------------------
    Evaluating Javier Santos (D1 N4)
Bias Error: using Single Component
Mean: 38.0250, Std: 18.6378
------------------------------------------------------------------
Magnitude Error: 
 -- Sample 0: mean=69.0686%; std=16.5232
 -- Sample 1: mean=71.9698%; std=14.9687
 -- Sample 2: mean=34.3262%; std=18.9336
 -- Sample 3: mean=34.7522%; std=18.6914
 -- Sample 4: mean=34.8261%; std=20.7313
 -- Sample 5: mean=33.2050%; std=20.7605
 -- Sample 6: mean=42.3387%; std=31.1538
 -- Sample 7: mean=39.7122%; std=32.9621
 -- Sample 8: mean=41.5979%; std=30.9933
 -- Sample 9: mean=39.1059%; std=31.0334
 -- Sample 10: mean=43.9083%; std=25.6121
 -- Sample 11: mean=43.9535%; std=27.3777
 -- Sample 12: mean=46.1291%; std=27.9455
 -- Sample 13: mean=44.5645%; std=26.8025
 -- Sample 14: mean=59.9440%; std=21.5360
 -- Sample 15: mean=59.0793%; std=22.1477
 -- Sample 16: mean=57.7156%; std=23.1195
 -- Sample 17: mean=59.5083%; std=21.9473
 -- Sample 18: mean=52.4723%; std=29.9284
 -- Sample 19: mean=50.0329%; std=30.1137
 -- Sample 20: mean=49.5909%; std=29.8707
 -- Sample 21: mean=50.2438%; std=31.9279
 -- Sample 22: mean=44.8812%; std=27.5356
 -- Sample 23: mean=48.0344%; std=28.9952
 -- Sample 24: mean=49.9524%; std=26.9955
 -- Sample 25: mean=46.7965%; std=28.8078
 -- Sample 26: mean=62.3769%; std=26.2112
 -- Sample 27: mean=63.3688%; std=25.7067
 -- Sample 28: mean=62.2753%; std=25.0807
 -- Sample 29: mean=57.3092%; std=27.4774
 -- Sample 30: mean=110.2141%; std=93.9538
 -- Sample 31: mean=110.4348%; std=95.1288
 -- Sample 32: mean=96.7473%; std=84.2354
 -- Sample 33: mean=93.5734%; std=78.5576
 -- Sample 34: mean=95.4030%; std=109.1854
 -- Sample 35: mean=107.7092%; std=108.0965
 -- Sample 36: mean=95.5202%; std=100.8528
 -- Sample 37: mean=96.1222%; std=113.1480
 -- Sample 38: mean=50.7140%; std=27.7335
 -- Sample 39: mean=53.1273%; std=24.9389
 -- Sample 40: mean=51.3848%; std=26.0536
 -- Sample 41: mean=50.8614%; std=27.1308
 -- Sample 42: mean=62.8077%; std=76.3620
 -- Sample 43: mean=63.7199%; std=76.7084
 -- Sample 44: mean=58.3298%; std=68.0345
 -- Sample 45: mean=59.5796%; std=68.3391
 -- Sample 46: mean=61.0748%; std=16.0801
 -- Sample 47: mean=62.6584%; std=15.6650
 -- Sample 48: mean=63.1320%; std=14.6157
 -- Sample 49: mean=60.5131%; std=15.6976
Mean: 59.9333%, Std: 20.1666%
------------------------------------------------------------------
Correlation comparison:
 -- Sample 0: 0.7113
 -- Sample 1: 0.7015
 -- Sample 2: 0.8961
 -- Sample 3: 0.8881
 -- Sample 4: 0.8909
 -- Sample 5: 0.9008
 -- Sample 6: 0.8496
 -- Sample 7: 0.8678
 -- Sample 8: 0.8598
 -- Sample 9: 0.8675
 -- Sample 10: 0.7164
 -- Sample 11: 0.7163
 -- Sample 12: 0.6808
 -- Sample 13: 0.6932
 -- Sample 14: 0.7312
 -- Sample 15: 0.7078
 -- Sample 16: 0.7330
 -- Sample 17: 0.7196
 -- Sample 18: 0.6687
 -- Sample 19: 0.7206
 -- Sample 20: 0.7075
 -- Sample 21: 0.6695
 -- Sample 22: 0.5662
 -- Sample 23: 0.5331
 -- Sample 24: 0.5101
 -- Sample 25: 0.5488
 -- Sample 26: 0.6539
 -- Sample 27: 0.6726
 -- Sample 28: 0.6393
 -- Sample 29: 0.6812
 -- Sample 30: 0.5237
 -- Sample 31: 0.5330
 -- Sample 32: 0.5479
 -- Sample 33: 0.5566
 -- Sample 34: 0.3462
 -- Sample 35: 0.2478
 -- Sample 36: 0.2938
 -- Sample 37: 0.2871
 -- Sample 38: 0.7492
 -- Sample 39: 0.7389
 -- Sample 40: 0.7676
 -- Sample 41: 0.7618
 -- Sample 42: 0.4738
 -- Sample 43: 0.5054
 -- Sample 44: 0.4893
 -- Sample 45: 0.4957
 -- Sample 46: 0.8988
 -- Sample 47: 0.9016
 -- Sample 48: 0.8905
 -- Sample 49: 0.9015
Mean=0.6723, Std=0.1701
------------------------------------------------------------------
    Evaluating Javier Santos (D2 N4)
Bias Error: using Single Component
Mean: 65.3254, Std: 18.1214
------------------------------------------------------------------
Magnitude Error: 
 -- Sample 0: mean=90.2159%; std=5.6760
 -- Sample 1: mean=90.0270%; std=5.6608
 -- Sample 2: mean=88.6066%; std=6.4794
 -- Sample 3: mean=88.9379%; std=6.4082
 -- Sample 4: mean=88.7898%; std=6.0380
 -- Sample 5: mean=88.1261%; std=6.4704
 -- Sample 6: mean=66.7800%; std=22.2523
 -- Sample 7: mean=66.8717%; std=22.1125
 -- Sample 8: mean=66.7171%; std=22.8888
 -- Sample 9: mean=67.2042%; std=22.4969
 -- Sample 10: mean=84.8251%; std=9.6273
 -- Sample 11: mean=84.7338%; std=9.6612
 -- Sample 12: mean=84.5836%; std=9.6360
 -- Sample 13: mean=84.8137%; std=9.3391
 -- Sample 14: mean=83.4832%; std=8.9414
 -- Sample 15: mean=84.0277%; std=8.7163
 -- Sample 16: mean=83.6392%; std=9.1553
 -- Sample 17: mean=83.5462%; std=9.2982
 -- Sample 18: mean=74.2432%; std=17.6306
 -- Sample 19: mean=74.7813%; std=17.5296
 -- Sample 20: mean=74.2753%; std=17.6769
 -- Sample 21: mean=74.2648%; std=17.6512
 -- Sample 22: mean=84.3387%; std=9.8405
 -- Sample 23: mean=84.5744%; std=10.2810
 -- Sample 24: mean=84.6188%; std=9.9488
 -- Sample 25: mean=83.9994%; std=10.0782
 -- Sample 26: mean=75.1692%; std=16.6399
 -- Sample 27: mean=77.1555%; std=14.5819
 -- Sample 28: mean=75.0824%; std=15.8946
 -- Sample 29: mean=74.6343%; std=16.9129
 -- Sample 30: mean=53.3061%; std=26.2260
 -- Sample 31: mean=53.4166%; std=26.5217
 -- Sample 32: mean=53.4270%; std=26.6551
 -- Sample 33: mean=54.6829%; std=25.9494
 -- Sample 34: mean=63.4144%; std=23.3032
 -- Sample 35: mean=63.8243%; std=23.6816
 -- Sample 36: mean=62.9689%; std=23.5645
 -- Sample 37: mean=64.0983%; std=22.5928
 -- Sample 38: mean=80.4941%; std=13.1278
 -- Sample 39: mean=81.0044%; std=12.9361
 -- Sample 40: mean=80.4851%; std=13.0236
 -- Sample 41: mean=81.6292%; std=12.9072
 -- Sample 42: mean=63.1645%; std=24.4510
 -- Sample 43: mean=63.4347%; std=24.4955
 -- Sample 44: mean=62.2475%; std=24.4210
 -- Sample 45: mean=63.8225%; std=23.9777
 -- Sample 46: mean=89.1255%; std=6.3667
 -- Sample 47: mean=89.5728%; std=6.1331
 -- Sample 48: mean=89.2854%; std=6.2004
 -- Sample 49: mean=89.2951%; std=6.3749
Mean: 76.3153%, Std: 11.2023%
------------------------------------------------------------------
Correlation comparison:
 -- Sample 0: 0.5233
 -- Sample 1: 0.5307
 -- Sample 2: 0.4174
 -- Sample 3: 0.3901
 -- Sample 4: 0.4465
 -- Sample 5: 0.4433
 -- Sample 6: 0.4191
 -- Sample 7: 0.4217
 -- Sample 8: 0.4329
 -- Sample 9: 0.4296
 -- Sample 10: 0.4401
 -- Sample 11: 0.4532
 -- Sample 12: 0.4511
 -- Sample 13: 0.4703
 -- Sample 14: 0.5137
 -- Sample 15: 0.4944
 -- Sample 16: 0.4962
 -- Sample 17: 0.5054
 -- Sample 18: 0.2974
 -- Sample 19: 0.3106
 -- Sample 20: 0.3073
 -- Sample 21: 0.3160
 -- Sample 22: 0.3561
 -- Sample 23: 0.3189
 -- Sample 24: 0.3330
 -- Sample 25: 0.3321
 -- Sample 26: 0.3159
 -- Sample 27: 0.3291
 -- Sample 28: 0.3225
 -- Sample 29: 0.3198
 -- Sample 30: 0.2470
 -- Sample 31: 0.2427
 -- Sample 32: 0.2204
 -- Sample 33: 0.2308
 -- Sample 34: 0.2896
 -- Sample 35: 0.2656
 -- Sample 36: 0.2644
 -- Sample 37: 0.3032
 -- Sample 38: 0.3150
 -- Sample 39: 0.2957
 -- Sample 40: 0.2833
 -- Sample 41: 0.2725
 -- Sample 42: 0.2410
 -- Sample 43: 0.2180
 -- Sample 44: 0.2490
 -- Sample 45: 0.2549
 -- Sample 46: 0.4866
 -- Sample 47: 0.4475
 -- Sample 48: 0.4669
 -- Sample 49: 0.4778
Mean=0.3642, Std=0.0942
------------------------------------------------------------------
    Evaluating Javier Santos (D3 N4)
Bias Error: using Single Component
Mean: 93.8350, Std: 3.6835
------------------------------------------------------------------
Magnitude Error: 
 -- Sample 0: mean=96.9010%; std=2.5554
 -- Sample 1: mean=97.3998%; std=2.3094
 -- Sample 2: mean=96.7528%; std=3.0385
 -- Sample 3: mean=96.9351%; std=2.8944
 -- Sample 4: mean=96.6117%; std=3.0255
 -- Sample 5: mean=96.7759%; std=3.0221
 -- Sample 6: mean=91.1860%; std=8.5839
 -- Sample 7: mean=91.5464%; std=8.3157
 -- Sample 8: mean=91.6242%; std=7.9140
 -- Sample 9: mean=90.5478%; std=8.5480
 -- Sample 10: mean=96.1941%; std=3.5095
 -- Sample 11: mean=96.2632%; std=3.4843
 -- Sample 12: mean=96.2097%; std=3.5921
 -- Sample 13: mean=96.3115%; std=3.3959
 -- Sample 14: mean=95.8558%; std=3.6154
 -- Sample 15: mean=95.9295%; std=3.8245
 -- Sample 16: mean=95.8298%; std=3.8976
 -- Sample 17: mean=96.1548%; std=3.5243
 -- Sample 18: mean=93.4958%; std=6.2788
 -- Sample 19: mean=93.2654%; std=6.1393
 -- Sample 20: mean=93.2096%; std=6.6631
 -- Sample 21: mean=93.1230%; std=6.7763
 -- Sample 22: mean=96.0647%; std=3.8617
 -- Sample 23: mean=95.9894%; std=3.7607
 -- Sample 24: mean=96.0680%; std=3.8828
 -- Sample 25: mean=95.9176%; std=4.1292
 -- Sample 26: mean=92.5187%; std=6.0019
 -- Sample 27: mean=91.9165%; std=5.9158
 -- Sample 28: mean=92.7520%; std=5.6614
 -- Sample 29: mean=92.6075%; std=5.8218
 -- Sample 30: mean=86.3963%; std=11.8777
 -- Sample 31: mean=86.7980%; std=10.8365
 -- Sample 32: mean=87.1910%; std=11.0320
 -- Sample 33: mean=84.9960%; std=12.0654
 -- Sample 34: mean=88.7430%; std=11.8230
 -- Sample 35: mean=88.6488%; std=12.1980
 -- Sample 36: mean=88.7672%; std=12.2223
 -- Sample 37: mean=88.8118%; std=12.1134
 -- Sample 38: mean=95.2686%; std=4.3103
 -- Sample 39: mean=95.3978%; std=4.3002
 -- Sample 40: mean=95.2478%; std=4.5619
 -- Sample 41: mean=95.8704%; std=3.8276
 -- Sample 42: mean=89.6693%; std=10.8139
 -- Sample 43: mean=90.3391%; std=10.2294
 -- Sample 44: mean=89.7258%; std=10.7355
 -- Sample 45: mean=89.2758%; std=11.0952
 -- Sample 46: mean=97.6776%; std=2.0806
 -- Sample 47: mean=97.3753%; std=2.2615
 -- Sample 48: mean=97.4742%; std=2.2166
 -- Sample 49: mean=97.6477%; std=2.0983
Mean: 93.4656%, Std: 3.4956%
------------------------------------------------------------------
Correlation comparison:
 -- Sample 0: 0.3192
 -- Sample 1: 0.2676
 -- Sample 2: 0.2143
 -- Sample 3: 0.2257
 -- Sample 4: 0.2393
 -- Sample 5: 0.2309
 -- Sample 6: 0.2160
 -- Sample 7: 0.2292
 -- Sample 8: 0.2691
 -- Sample 9: 0.2397
 -- Sample 10: 0.1822
 -- Sample 11: 0.1550
 -- Sample 12: 0.1845
 -- Sample 13: 0.1222
 -- Sample 14: 0.1663
 -- Sample 15: 0.1761
 -- Sample 16: 0.2031
 -- Sample 17: 0.2005
 -- Sample 18: 0.1322
 -- Sample 19: 0.1498
 -- Sample 20: 0.1168
 -- Sample 21: 0.1610
 -- Sample 22: 0.1713
 -- Sample 23: 0.1432
 -- Sample 24: 0.1019
 -- Sample 25: 0.1184
 -- Sample 26: 0.2366
 -- Sample 27: 0.2527
 -- Sample 28: 0.2541
 -- Sample 29: 0.2206
 -- Sample 30: 0.1039
 -- Sample 31: 0.1036
 -- Sample 32: 0.0575
 -- Sample 33: 0.0961
 -- Sample 34: 0.0702
 -- Sample 35: 0.0668
 -- Sample 36: 0.0771
 -- Sample 37: 0.0675
 -- Sample 38: 0.1753
 -- Sample 39: 0.1278
 -- Sample 40: 0.1080
 -- Sample 41: 0.1656
 -- Sample 42: 0.0542
 -- Sample 43: 0.0235
 -- Sample 44: 0.0664
 -- Sample 45: 0.0666
 -- Sample 46: 0.1969
 -- Sample 47: 0.2674
 -- Sample 48: 0.2231
 -- Sample 49: 0.1956
Mean=0.1643, Std=0.0700
------------------------------------------------------------------
    Evaluating Ko et al (D0 N4)
Bias Error: using Single Component
Mean: 88.4207, Std: 85.2996
------------------------------------------------------------------
Magnitude Error: 
 -- Sample 0: mean=35.3507%; std=25.8578
 -- Sample 1: mean=35.3089%; std=23.8033
 -- Sample 2: mean=40.3863%; std=26.8855
 -- Sample 3: mean=41.4945%; std=30.0800
 -- Sample 4: mean=40.6096%; std=31.0404
 -- Sample 5: mean=40.4062%; std=30.7491
 -- Sample 6: mean=258.8358%; std=268.1235
 -- Sample 7: mean=263.7859%; std=282.6795
 -- Sample 8: mean=245.9591%; std=267.2569
 -- Sample 9: mean=253.5347%; std=276.5312
 -- Sample 10: mean=48.0487%; std=32.0864
 -- Sample 11: mean=42.8293%; std=37.0093
 -- Sample 12: mean=46.6840%; std=31.7910
 -- Sample 13: mean=43.8531%; std=34.9726
 -- Sample 14: mean=60.3983%; std=34.9106
 -- Sample 15: mean=67.8631%; std=45.7248
 -- Sample 16: mean=59.7360%; std=40.5849
 -- Sample 17: mean=69.0264%; std=45.4700
 -- Sample 18: mean=126.1201%; std=82.0823
 -- Sample 19: mean=121.9622%; std=76.6724
 -- Sample 20: mean=126.2046%; std=85.4489
 -- Sample 21: mean=120.2212%; std=74.8070
 -- Sample 22: mean=56.1686%; std=60.7341
 -- Sample 23: mean=52.3859%; std=48.4848
 -- Sample 24: mean=55.1165%; std=55.4841
 -- Sample 25: mean=53.4779%; std=56.9465
 -- Sample 26: mean=150.0007%; std=140.1295
 -- Sample 27: mean=150.3642%; std=142.3987
 -- Sample 28: mean=162.6969%; std=163.2863
 -- Sample 29: mean=150.8854%; std=145.2429
 -- Sample 30: mean=286.7385%; std=199.5072
 -- Sample 31: mean=286.5083%; std=198.6488
 -- Sample 32: mean=272.7583%; std=195.1507
 -- Sample 33: mean=290.9708%; std=206.8335
 -- Sample 34: mean=146.3891%; std=154.5831
 -- Sample 35: mean=139.8409%; std=153.6268
 -- Sample 36: mean=147.1905%; std=161.9407
 -- Sample 37: mean=135.2358%; std=166.7078
 -- Sample 38: mean=56.8293%; std=62.1794
 -- Sample 39: mean=60.4819%; std=61.4860
 -- Sample 40: mean=55.2561%; std=53.7854
 -- Sample 41: mean=56.1678%; std=55.3656
 -- Sample 42: mean=175.9950%; std=264.0756
 -- Sample 43: mean=177.1183%; std=260.8742
 -- Sample 44: mean=171.0691%; std=257.5719
 -- Sample 45: mean=178.5173%; std=254.6165
 -- Sample 46: mean=23.0763%; std=26.6718
 -- Sample 47: mean=27.9571%; std=28.2608
 -- Sample 48: mean=24.3195%; std=25.0084
 -- Sample 49: mean=25.8066%; std=24.1706
Mean: 115.1588%, Std: 82.8247%
------------------------------------------------------------------
Correlation comparison:
 -- Sample 0: 0.8467
 -- Sample 1: 0.8579
 -- Sample 2: 0.8771
 -- Sample 3: 0.8564
 -- Sample 4: 0.8558
 -- Sample 5: 0.8682
 -- Sample 6: 0.6293
 -- Sample 7: 0.5994
 -- Sample 8: 0.6217
 -- Sample 9: 0.5953
 -- Sample 10: 0.8638
 -- Sample 11: 0.8754
 -- Sample 12: 0.8545
 -- Sample 13: 0.8776
 -- Sample 14: 0.7384
 -- Sample 15: 0.7058
 -- Sample 16: 0.7380
 -- Sample 17: 0.7013
 -- Sample 18: 0.6799
 -- Sample 19: 0.6800
 -- Sample 20: 0.6794
 -- Sample 21: 0.6842
 -- Sample 22: 0.5743
 -- Sample 23: 0.6211
 -- Sample 24: 0.5733
 -- Sample 25: 0.6003
 -- Sample 26: 0.6474
 -- Sample 27: 0.6564
 -- Sample 28: 0.6007
 -- Sample 29: 0.6504
 -- Sample 30: 0.4353
 -- Sample 31: 0.4220
 -- Sample 32: 0.4342
 -- Sample 33: 0.4354
 -- Sample 34: 0.4447
 -- Sample 35: 0.4535
 -- Sample 36: 0.4322
 -- Sample 37: 0.3978
 -- Sample 38: 0.7821
 -- Sample 39: 0.7666
 -- Sample 40: 0.7943
 -- Sample 41: 0.7895
 -- Sample 42: 0.3604
 -- Sample 43: 0.3789
 -- Sample 44: 0.3812
 -- Sample 45: 0.3908
 -- Sample 46: 0.9086
 -- Sample 47: 0.8990
 -- Sample 48: 0.9078
 -- Sample 49: 0.9222
Mean=0.6669, Std=0.1739
------------------------------------------------------------------
    Evaluating Ko et al (D1 N4)
Bias Error: using Single Component
Mean: 58.7597, Std: 18.7110
------------------------------------------------------------------
Magnitude Error: 
 -- Sample 0: mean=71.5132%; std=13.4950
 -- Sample 1: mean=68.3921%; std=13.8041
 -- Sample 2: mean=29.3333%; std=19.0151
 -- Sample 3: mean=27.3114%; std=19.9019
 -- Sample 4: mean=32.5441%; std=22.1471
 -- Sample 5: mean=27.5338%; std=20.1878
 -- Sample 6: mean=60.6100%; std=25.3502
 -- Sample 7: mean=58.3717%; std=30.8371
 -- Sample 8: mean=57.6014%; std=29.3002
 -- Sample 9: mean=62.0407%; std=24.6679
 -- Sample 10: mean=84.7069%; std=9.0078
 -- Sample 11: mean=85.0638%; std=8.3297
 -- Sample 12: mean=80.3537%; std=9.8440
 -- Sample 13: mean=81.0885%; std=11.3720
 -- Sample 14: mean=63.0586%; std=21.8978
 -- Sample 15: mean=71.2878%; std=17.6769
 -- Sample 16: mean=61.4060%; std=22.5223
 -- Sample 17: mean=60.2162%; std=19.0845
 -- Sample 18: mean=64.5427%; std=28.8125
 -- Sample 19: mean=64.7337%; std=30.0150
 -- Sample 20: mean=69.1624%; std=30.4171
 -- Sample 21: mean=68.2562%; std=32.6596
 -- Sample 22: mean=81.6236%; std=15.5986
 -- Sample 23: mean=80.9629%; std=16.7601
 -- Sample 24: mean=80.9648%; std=14.6365
 -- Sample 25: mean=80.8637%; std=15.8126
 -- Sample 26: mean=35.1759%; std=24.8373
 -- Sample 27: mean=34.0085%; std=20.5639
 -- Sample 28: mean=36.7338%; std=24.2911
 -- Sample 29: mean=41.5744%; std=22.7351
 -- Sample 30: mean=64.4735%; std=42.2656
 -- Sample 31: mean=76.1840%; std=43.2422
 -- Sample 32: mean=74.0947%; std=37.7352
 -- Sample 33: mean=64.1679%; std=34.8264
 -- Sample 34: mean=84.6302%; std=28.0742
 -- Sample 35: mean=76.0909%; std=31.3644
 -- Sample 36: mean=72.5453%; std=28.6921
 -- Sample 37: mean=80.7195%; std=22.8172
 -- Sample 38: mean=71.5931%; std=17.0062
 -- Sample 39: mean=74.5120%; std=16.5181
 -- Sample 40: mean=75.0502%; std=14.8836
 -- Sample 41: mean=75.1252%; std=14.7474
 -- Sample 42: mean=77.3512%; std=21.6277
 -- Sample 43: mean=74.4884%; std=27.0086
 -- Sample 44: mean=78.7915%; std=21.4188
 -- Sample 45: mean=74.3615%; std=24.2328
 -- Sample 46: mean=48.7502%; std=20.0066
 -- Sample 47: mean=50.2027%; std=22.3246
 -- Sample 48: mean=48.3889%; std=22.6505
 -- Sample 49: mean=48.4728%; std=22.7326
Mean: 64.2206%, Std: 16.6369%
------------------------------------------------------------------
Correlation comparison:
 -- Sample 0: 0.9026
 -- Sample 1: 0.9252
 -- Sample 2: 0.9265
 -- Sample 3: 0.9243
 -- Sample 4: 0.9055
 -- Sample 5: 0.9269
 -- Sample 6: 0.9003
 -- Sample 7: 0.8489
 -- Sample 8: 0.8717
 -- Sample 9: 0.9250
 -- Sample 10: 0.8417
 -- Sample 11: 0.8641
 -- Sample 12: 0.8718
 -- Sample 13: 0.9053
 -- Sample 14: 0.8244
 -- Sample 15: 0.7805
 -- Sample 16: 0.8153
 -- Sample 17: 0.8473
 -- Sample 18: 0.6515
 -- Sample 19: 0.6160
 -- Sample 20: 0.5510
 -- Sample 21: 0.5353
 -- Sample 22: 0.6889
 -- Sample 23: 0.6822
 -- Sample 24: 0.6451
 -- Sample 25: 0.6874
 -- Sample 26: 0.8051
 -- Sample 27: 0.8918
 -- Sample 28: 0.8191
 -- Sample 29: 0.8239
 -- Sample 30: 0.3746
 -- Sample 31: 0.2922
 -- Sample 32: 0.2980
 -- Sample 33: 0.3164
 -- Sample 34: 0.4270
 -- Sample 35: 0.4895
 -- Sample 36: 0.6639
 -- Sample 37: 0.4268
 -- Sample 38: 0.8016
 -- Sample 39: 0.7230
 -- Sample 40: 0.7582
 -- Sample 41: 0.8468
 -- Sample 42: 0.3840
 -- Sample 43: 0.3294
 -- Sample 44: 0.3452
 -- Sample 45: 0.4964
 -- Sample 46: 0.8947
 -- Sample 47: 0.8801
 -- Sample 48: 0.8692
 -- Sample 49: 0.8498
Mean=0.7134, Std=0.2036
------------------------------------------------------------------
    Evaluating Ko et al (D2 N4)
Bias Error: using Single Component
Mean: 22.7160, Std: 26.2770
------------------------------------------------------------------
Magnitude Error: 
 -- Sample 0: mean=29.8400%; std=22.8204
 -- Sample 1: mean=30.8001%; std=26.0082
 -- Sample 2: mean=22.0108%; std=19.2007
 -- Sample 3: mean=23.2458%; std=18.6410
 -- Sample 4: mean=20.0737%; std=15.6412
 -- Sample 5: mean=22.5611%; std=17.8553
 -- Sample 6: mean=47.7166%; std=33.4827
 -- Sample 7: mean=49.2544%; std=41.0099
 -- Sample 8: mean=48.6942%; std=32.6772
 -- Sample 9: mean=37.1946%; std=29.6334
 -- Sample 10: mean=25.8171%; std=21.4284
 -- Sample 11: mean=26.1933%; std=18.8073
 -- Sample 12: mean=26.0208%; std=20.2727
 -- Sample 13: mean=27.6941%; std=17.6130
 -- Sample 14: mean=42.0470%; std=21.3232
 -- Sample 15: mean=40.3546%; std=22.6987
 -- Sample 16: mean=39.7816%; std=24.7011
 -- Sample 17: mean=43.8343%; std=24.2000
 -- Sample 18: mean=72.5969%; std=55.8280
 -- Sample 19: mean=56.2212%; std=50.4846
 -- Sample 20: mean=53.4896%; std=42.0013
 -- Sample 21: mean=59.4481%; std=53.5030
 -- Sample 22: mean=32.2607%; std=16.7101
 -- Sample 23: mean=36.6186%; std=22.1709
 -- Sample 24: mean=38.1428%; std=19.5289
 -- Sample 25: mean=39.5196%; std=16.2390
 -- Sample 26: mean=24.4291%; std=19.4407
 -- Sample 27: mean=26.7476%; std=19.2483
 -- Sample 28: mean=27.3660%; std=17.3296
 -- Sample 29: mean=24.3761%; std=18.8695
 -- Sample 30: mean=163.1432%; std=145.3244
 -- Sample 31: mean=166.1575%; std=143.8604
 -- Sample 32: mean=181.7565%; std=174.7278
 -- Sample 33: mean=169.8124%; std=158.5426
 -- Sample 34: mean=55.2772%; std=41.8394
 -- Sample 35: mean=51.5446%; std=30.8910
 -- Sample 36: mean=59.0559%; std=32.1687
 -- Sample 37: mean=52.4463%; std=38.5297
 -- Sample 38: mean=22.1253%; std=19.5781
 -- Sample 39: mean=25.4586%; std=19.5558
 -- Sample 40: mean=24.4683%; std=18.0395
 -- Sample 41: mean=25.4579%; std=18.4883
 -- Sample 42: mean=38.0427%; std=25.2292
 -- Sample 43: mean=38.7019%; std=25.6059
 -- Sample 44: mean=39.8652%; std=28.1663
 -- Sample 45: mean=37.4248%; std=25.5589
 -- Sample 46: mean=19.0739%; std=15.0805
 -- Sample 47: mean=16.1460%; std=14.7616
 -- Sample 48: mean=22.0917%; std=18.0615
 -- Sample 49: mean=21.0044%; std=18.1801
Mean: 46.4681%, Std: 38.6693%
------------------------------------------------------------------
Correlation comparison:
 -- Sample 0: 0.9385
 -- Sample 1: 0.9148
 -- Sample 2: 0.9633
 -- Sample 3: 0.9592
 -- Sample 4: 0.9620
 -- Sample 5: 0.9586
 -- Sample 6: 0.9141
 -- Sample 7: 0.9037
 -- Sample 8: 0.9054
 -- Sample 9: 0.9493
 -- Sample 10: 0.9508
 -- Sample 11: 0.9615
 -- Sample 12: 0.9630
 -- Sample 13: 0.9629
 -- Sample 14: 0.8327
 -- Sample 15: 0.8671
 -- Sample 16: 0.8407
 -- Sample 17: 0.8145
 -- Sample 18: 0.7502
 -- Sample 19: 0.7565
 -- Sample 20: 0.7788
 -- Sample 21: 0.7647
 -- Sample 22: 0.9417
 -- Sample 23: 0.8881
 -- Sample 24: 0.9008
 -- Sample 25: 0.9120
 -- Sample 26: 0.9301
 -- Sample 27: 0.9434
 -- Sample 28: 0.9228
 -- Sample 29: 0.9304
 -- Sample 30: 0.5623
 -- Sample 31: 0.5776
 -- Sample 32: 0.5367
 -- Sample 33: 0.5675
 -- Sample 34: 0.8434
 -- Sample 35: 0.8288
 -- Sample 36: 0.7873
 -- Sample 37: 0.8357
 -- Sample 38: 0.9630
 -- Sample 39: 0.9598
 -- Sample 40: 0.9606
 -- Sample 41: 0.9587
 -- Sample 42: 0.8817
 -- Sample 43: 0.8768
 -- Sample 44: 0.8702
 -- Sample 45: 0.8904
 -- Sample 46: 0.9724
 -- Sample 47: 0.9790
 -- Sample 48: 0.9604
 -- Sample 49: 0.9640
Mean=0.8752, Std=0.1116
------------------------------------------------------------------
    Evaluating Ko et al (D3 N4)
Bias Error: using Single Component
Mean: 16.9437, Std: 22.2706
------------------------------------------------------------------
Magnitude Error: 
 -- Sample 0: mean=32.2570%; std=23.9837
 -- Sample 1: mean=27.8668%; std=24.2206
 -- Sample 2: mean=21.3728%; std=18.5517
 -- Sample 3: mean=20.3338%; std=16.4147
 -- Sample 4: mean=23.0220%; std=19.0264
 -- Sample 5: mean=25.0301%; std=21.3668
 -- Sample 6: mean=36.2756%; std=29.4869
 -- Sample 7: mean=32.7786%; std=29.0348
 -- Sample 8: mean=34.5711%; std=30.9178
 -- Sample 9: mean=36.8914%; std=32.1193
 -- Sample 10: mean=21.0198%; std=17.4477
 -- Sample 11: mean=19.3539%; std=16.6167
 -- Sample 12: mean=20.9667%; std=18.3453
 -- Sample 13: mean=21.1587%; std=15.9715
 -- Sample 14: mean=29.4538%; std=21.1617
 -- Sample 15: mean=26.8172%; std=18.0456
 -- Sample 16: mean=27.9253%; std=20.5060
 -- Sample 17: mean=29.8339%; std=20.8480
 -- Sample 18: mean=39.5078%; std=47.8561
 -- Sample 19: mean=45.5278%; std=59.4157
 -- Sample 20: mean=43.7078%; std=45.9983
 -- Sample 21: mean=45.0469%; std=47.8650
 -- Sample 22: mean=31.9680%; std=20.7161
 -- Sample 23: mean=31.2355%; std=22.0472
 -- Sample 24: mean=30.1422%; std=23.1948
 -- Sample 25: mean=28.6242%; std=18.9195
 -- Sample 26: mean=25.8975%; std=17.8578
 -- Sample 27: mean=26.6046%; std=18.7474
 -- Sample 28: mean=26.0865%; std=21.5444
 -- Sample 29: mean=25.2171%; std=18.7267
 -- Sample 30: mean=125.5393%; std=114.3982
 -- Sample 31: mean=119.5708%; std=125.3194
 -- Sample 32: mean=130.9694%; std=124.1037
 -- Sample 33: mean=144.6273%; std=129.2569
 -- Sample 34: mean=72.9838%; std=50.6898
 -- Sample 35: mean=76.6444%; std=58.4829
 -- Sample 36: mean=66.0005%; std=53.3879
 -- Sample 37: mean=66.5233%; std=49.4261
 -- Sample 38: mean=19.7248%; std=15.2733
 -- Sample 39: mean=23.6555%; std=14.4351
 -- Sample 40: mean=22.1953%; std=14.9659
 -- Sample 41: mean=20.9659%; std=14.3977
 -- Sample 42: mean=45.9098%; std=24.9654
 -- Sample 43: mean=41.3069%; std=27.7012
 -- Sample 44: mean=37.8578%; std=27.3839
 -- Sample 45: mean=42.0173%; std=30.6006
 -- Sample 46: mean=19.4001%; std=17.5408
 -- Sample 47: mean=17.7613%; std=15.7365
 -- Sample 48: mean=20.1959%; std=16.5057
 -- Sample 49: mean=22.3668%; std=17.7735
Mean: 40.4542%, Std: 29.8397%
------------------------------------------------------------------
Correlation comparison:
 -- Sample 0: 0.9090
 -- Sample 1: 0.9343
 -- Sample 2: 0.9571
 -- Sample 3: 0.9570
 -- Sample 4: 0.9593
 -- Sample 5: 0.9572
 -- Sample 6: 0.9279
 -- Sample 7: 0.9357
 -- Sample 8: 0.9356
 -- Sample 9: 0.9287
 -- Sample 10: 0.9731
 -- Sample 11: 0.9725
 -- Sample 12: 0.9649
 -- Sample 13: 0.9697
 -- Sample 14: 0.9219
 -- Sample 15: 0.9325
 -- Sample 16: 0.9338
 -- Sample 17: 0.9169
 -- Sample 18: 0.8748
 -- Sample 19: 0.8320
 -- Sample 20: 0.8583
 -- Sample 21: 0.8538
 -- Sample 22: 0.9228
 -- Sample 23: 0.9221
 -- Sample 24: 0.9098
 -- Sample 25: 0.9227
 -- Sample 26: 0.9286
 -- Sample 27: 0.9425
 -- Sample 28: 0.9295
 -- Sample 29: 0.9287
 -- Sample 30: 0.6798
 -- Sample 31: 0.6769
 -- Sample 32: 0.6576
 -- Sample 33: 0.6376
 -- Sample 34: 0.7161
 -- Sample 35: 0.7152
 -- Sample 36: 0.7531
 -- Sample 37: 0.7596
 -- Sample 38: 0.9595
 -- Sample 39: 0.9476
 -- Sample 40: 0.9629
 -- Sample 41: 0.9620
 -- Sample 42: 0.8419
 -- Sample 43: 0.8604
 -- Sample 44: 0.8729
 -- Sample 45: 0.8500
 -- Sample 46: 0.9673
 -- Sample 47: 0.9754
 -- Sample 48: 0.9723
 -- Sample 49: 0.9654
Mean=0.8909, Std=0.0926
------------------------------------------------------------------
    Evaluating Ko et al (D3 N0)
Bias Error: using Single Component
Mean: 24.9506, Std: 17.5401
------------------------------------------------------------------
Magnitude Error: 
 -- Sample 0: mean=54.4087%; std=18.3662
 -- Sample 1: mean=53.4952%; std=16.6619
 -- Sample 2: mean=25.8082%; std=22.1380
 -- Sample 3: mean=31.4710%; std=21.3733
 -- Sample 4: mean=29.2090%; std=17.8844
 -- Sample 5: mean=31.2351%; std=20.1026
 -- Sample 6: mean=42.2397%; std=34.3896
 -- Sample 7: mean=60.6565%; std=39.3422
 -- Sample 8: mean=51.1323%; std=52.0294
 -- Sample 9: mean=40.5372%; std=41.4980
 -- Sample 10: mean=35.4728%; std=16.5696
 -- Sample 11: mean=33.0030%; std=17.7955
 -- Sample 12: mean=42.8353%; std=20.3755
 -- Sample 13: mean=20.8652%; std=16.0760
 -- Sample 14: mean=35.6692%; std=21.4492
 -- Sample 15: mean=32.6829%; std=19.9263
 -- Sample 16: mean=46.0066%; std=17.5362
 -- Sample 17: mean=37.5356%; std=19.1990
 -- Sample 18: mean=46.5696%; std=34.7725
 -- Sample 19: mean=58.1512%; std=39.9619
 -- Sample 20: mean=58.1372%; std=52.8201
 -- Sample 21: mean=57.7922%; std=42.0851
 -- Sample 22: mean=38.0256%; std=23.3471
 -- Sample 23: mean=41.0359%; std=23.9251
 -- Sample 24: mean=38.6116%; std=21.6188
 -- Sample 25: mean=33.2253%; std=19.2458
 -- Sample 26: mean=29.6811%; std=24.8994
 -- Sample 27: mean=31.6189%; std=19.8189
 -- Sample 28: mean=23.5600%; std=20.8980
 -- Sample 29: mean=27.6590%; std=24.9763
 -- Sample 30: mean=99.0020%; std=97.1572
 -- Sample 31: mean=114.9011%; std=110.2335
 -- Sample 32: mean=111.8061%; std=123.4906
 -- Sample 33: mean=124.7205%; std=112.1618
 -- Sample 34: mean=74.1602%; std=79.4541
 -- Sample 35: mean=66.9963%; std=69.3407
 -- Sample 36: mean=72.9673%; std=56.1891
 -- Sample 37: mean=66.8164%; std=79.5793
 -- Sample 38: mean=29.9160%; std=17.9069
 -- Sample 39: mean=34.0924%; std=24.8540
 -- Sample 40: mean=36.0874%; std=24.0468
 -- Sample 41: mean=39.2957%; std=21.8981
 -- Sample 42: mean=60.4343%; std=32.9921
 -- Sample 43: mean=52.5919%; std=32.2167
 -- Sample 44: mean=56.0861%; std=31.9481
 -- Sample 45: mean=58.8228%; std=46.6973
 -- Sample 46: mean=36.5820%; std=21.3632
 -- Sample 47: mean=33.6979%; std=18.5189
 -- Sample 48: mean=27.8653%; std=17.4092
 -- Sample 49: mean=33.0783%; std=17.6291
Mean: 48.3650%, Std: 23.1765%
------------------------------------------------------------------
Correlation comparison:
 -- Sample 0: 0.9015
 -- Sample 1: 0.9270
 -- Sample 2: 0.9087
 -- Sample 3: 0.8858
 -- Sample 4: 0.9225
 -- Sample 5: 0.8827
 -- Sample 6: 0.9239
 -- Sample 7: 0.8635
 -- Sample 8: 0.8604
 -- Sample 9: 0.9287
 -- Sample 10: 0.9457
 -- Sample 11: 0.9627
 -- Sample 12: 0.9244
 -- Sample 13: 0.9731
 -- Sample 14: 0.8915
 -- Sample 15: 0.9185
 -- Sample 16: 0.8630
 -- Sample 17: 0.9145
 -- Sample 18: 0.7998
 -- Sample 19: 0.7265
 -- Sample 20: 0.7625
 -- Sample 21: 0.7749
 -- Sample 22: 0.8665
 -- Sample 23: 0.8311
 -- Sample 24: 0.8802
 -- Sample 25: 0.8947
 -- Sample 26: 0.8861
 -- Sample 27: 0.8692
 -- Sample 28: 0.9105
 -- Sample 29: 0.8534
 -- Sample 30: 0.6609
 -- Sample 31: 0.7132
 -- Sample 32: 0.6056
 -- Sample 33: 0.6195
 -- Sample 34: 0.8225
 -- Sample 35: 0.7197
 -- Sample 36: 0.7529
 -- Sample 37: 0.6372
 -- Sample 38: 0.9011
 -- Sample 39: 0.8847
 -- Sample 40: 0.8798
 -- Sample 41: 0.8987
 -- Sample 42: 0.6958
 -- Sample 43: 0.7697
 -- Sample 44: 0.7705
 -- Sample 45: 0.7312
 -- Sample 46: 0.8826
 -- Sample 47: 0.9254
 -- Sample 48: 0.9264
 -- Sample 49: 0.9457
Mean=0.8439, Std=0.0941
------------------------------------------------------------------
    Evaluating Ko et al (D3 N1)
Bias Error: using Single Component
Mean: 24.6801, Std: 25.3387
------------------------------------------------------------------
Magnitude Error: 
 -- Sample 0: mean=40.7379%; std=21.3015
 -- Sample 1: mean=42.4108%; std=22.0020
 -- Sample 2: mean=21.5504%; std=15.5282
 -- Sample 3: mean=25.7415%; std=18.0584
 -- Sample 4: mean=28.0717%; std=16.6588
 -- Sample 5: mean=26.8978%; std=20.6978
 -- Sample 6: mean=39.3749%; std=45.9798
 -- Sample 7: mean=60.8860%; std=51.8634
 -- Sample 8: mean=37.2742%; std=42.9038
 -- Sample 9: mean=47.1964%; std=51.5300
 -- Sample 10: mean=32.6561%; std=18.1674
 -- Sample 11: mean=26.7103%; std=16.2213
 -- Sample 12: mean=33.1642%; std=17.6248
 -- Sample 13: mean=27.9886%; std=18.3168
 -- Sample 14: mean=28.1472%; std=21.9995
 -- Sample 15: mean=24.3800%; std=21.2181
 -- Sample 16: mean=25.9012%; std=16.6059
 -- Sample 17: mean=40.0422%; std=18.9482
 -- Sample 18: mean=49.4122%; std=41.1789
 -- Sample 19: mean=71.4362%; std=50.3806
 -- Sample 20: mean=56.2942%; std=54.5058
 -- Sample 21: mean=57.8241%; std=42.4625
 -- Sample 22: mean=34.7452%; std=23.1941
 -- Sample 23: mean=35.9806%; std=25.7531
 -- Sample 24: mean=34.8953%; std=22.3449
 -- Sample 25: mean=32.5168%; std=20.5397
 -- Sample 26: mean=59.3166%; std=53.2227
 -- Sample 27: mean=23.4971%; std=16.4740
 -- Sample 28: mean=19.9047%; std=18.5415
 -- Sample 29: mean=33.9091%; std=26.6418
 -- Sample 30: mean=150.7791%; std=141.2687
 -- Sample 31: mean=166.9780%; std=144.1425
 -- Sample 32: mean=119.1569%; std=115.7787
 -- Sample 33: mean=146.9135%; std=132.6953
 -- Sample 34: mean=65.7003%; std=57.5835
 -- Sample 35: mean=63.9027%; std=53.0888
 -- Sample 36: mean=101.4345%; std=54.8187
 -- Sample 37: mean=59.3980%; std=56.8340
 -- Sample 38: mean=26.5212%; std=17.7992
 -- Sample 39: mean=29.6673%; std=25.6060
 -- Sample 40: mean=26.7016%; std=18.9666
 -- Sample 41: mean=27.1304%; std=14.7041
 -- Sample 42: mean=67.4228%; std=41.7477
 -- Sample 43: mean=53.7331%; std=47.8081
 -- Sample 44: mean=53.2817%; std=32.5469
 -- Sample 45: mean=57.6690%; std=38.8653
 -- Sample 46: mean=28.6399%; std=17.5384
 -- Sample 47: mean=24.8986%; std=14.6853
 -- Sample 48: mean=27.6456%; std=19.3081
 -- Sample 49: mean=26.5608%; std=22.4777
Mean: 48.8600%, Std: 33.3276%
------------------------------------------------------------------
Correlation comparison:
 -- Sample 0: 0.9409
 -- Sample 1: 0.9128
 -- Sample 2: 0.9607
 -- Sample 3: 0.9307
 -- Sample 4: 0.9386
 -- Sample 5: 0.9253
 -- Sample 6: 0.8921
 -- Sample 7: 0.8825
 -- Sample 8: 0.9354
 -- Sample 9: 0.9163
 -- Sample 10: 0.9502
 -- Sample 11: 0.9654
 -- Sample 12: 0.9316
 -- Sample 13: 0.9242
 -- Sample 14: 0.8951
 -- Sample 15: 0.9301
 -- Sample 16: 0.9458
 -- Sample 17: 0.9083
 -- Sample 18: 0.8092
 -- Sample 19: 0.7339
 -- Sample 20: 0.7572
 -- Sample 21: 0.7718
 -- Sample 22: 0.9026
 -- Sample 23: 0.8553
 -- Sample 24: 0.8799
 -- Sample 25: 0.9101
 -- Sample 26: 0.7786
 -- Sample 27: 0.9146
 -- Sample 28: 0.9504
 -- Sample 29: 0.8696
 -- Sample 30: 0.6545
 -- Sample 31: 0.6620
 -- Sample 32: 0.6773
 -- Sample 33: 0.6114
 -- Sample 34: 0.8328
 -- Sample 35: 0.7404
 -- Sample 36: 0.7507
 -- Sample 37: 0.7363
 -- Sample 38: 0.9234
 -- Sample 39: 0.9244
 -- Sample 40: 0.9093
 -- Sample 41: 0.9640
 -- Sample 42: 0.7633
 -- Sample 43: 0.7997
 -- Sample 44: 0.8025
 -- Sample 45: 0.7622
 -- Sample 46: 0.9280
 -- Sample 47: 0.9527
 -- Sample 48: 0.9005
 -- Sample 49: 0.9345
Mean=0.8610, Std=0.0933
------------------------------------------------------------------
    Evaluating Ko et al (D3 N2)
Bias Error: using Single Component
Mean: 21.1071, Std: 19.8715
------------------------------------------------------------------
Magnitude Error: 
 -- Sample 0: mean=45.3899%; std=19.4120
 -- Sample 1: mean=45.2821%; std=19.3731
 -- Sample 2: mean=22.5002%; std=16.0858
 -- Sample 3: mean=25.8313%; std=16.1127
 -- Sample 4: mean=24.0207%; std=16.8027
 -- Sample 5: mean=24.4179%; std=17.7434
 -- Sample 6: mean=32.9284%; std=25.1349
 -- Sample 7: mean=44.1283%; std=48.9273
 -- Sample 8: mean=37.6479%; std=41.4932
 -- Sample 9: mean=31.1832%; std=26.7635
 -- Sample 10: mean=22.4667%; std=13.9644
 -- Sample 11: mean=25.2786%; std=17.2310
 -- Sample 12: mean=21.0948%; std=17.7202
 -- Sample 13: mean=25.3408%; std=14.8458
 -- Sample 14: mean=28.4010%; std=17.6491
 -- Sample 15: mean=32.3249%; std=18.8190
 -- Sample 16: mean=40.3461%; std=15.5044
 -- Sample 17: mean=30.1166%; std=21.3056
 -- Sample 18: mean=56.2654%; std=54.6445
 -- Sample 19: mean=60.3011%; std=45.0240
 -- Sample 20: mean=57.2947%; std=47.0721
 -- Sample 21: mean=67.1317%; std=67.1026
 -- Sample 22: mean=21.8791%; std=16.8382
 -- Sample 23: mean=33.3900%; std=21.6840
 -- Sample 24: mean=36.3448%; std=17.6921
 -- Sample 25: mean=34.5161%; std=17.4882
 -- Sample 26: mean=34.4842%; std=26.6607
 -- Sample 27: mean=30.8742%; std=18.6181
 -- Sample 28: mean=21.7469%; std=20.6152
 -- Sample 29: mean=19.9320%; std=15.2600
 -- Sample 30: mean=140.0763%; std=119.1045
 -- Sample 31: mean=116.1090%; std=100.5396
 -- Sample 32: mean=111.5345%; std=100.8810
 -- Sample 33: mean=119.0350%; std=110.6371
 -- Sample 34: mean=83.1726%; std=60.2007
 -- Sample 35: mean=77.7879%; std=63.1951
 -- Sample 36: mean=82.0489%; std=57.0225
 -- Sample 37: mean=81.5580%; std=74.5654
 -- Sample 38: mean=26.3036%; std=17.1809
 -- Sample 39: mean=21.9475%; std=16.4374
 -- Sample 40: mean=17.8949%; std=15.2464
 -- Sample 41: mean=25.8576%; std=17.2413
 -- Sample 42: mean=44.1446%; std=25.7539
 -- Sample 43: mean=40.8816%; std=31.8513
 -- Sample 44: mean=50.0638%; std=25.7497
 -- Sample 45: mean=52.2131%; std=36.2897
 -- Sample 46: mean=25.4418%; std=20.6349
 -- Sample 47: mean=18.9803%; std=15.9985
 -- Sample 48: mean=19.7704%; std=18.7218
 -- Sample 49: mean=30.9449%; std=21.5829
Mean: 44.3725%, Std: 28.7037%
------------------------------------------------------------------
Correlation comparison:
 -- Sample 0: 0.9301
 -- Sample 1: 0.8977
 -- Sample 2: 0.9425
 -- Sample 3: 0.9259
 -- Sample 4: 0.9510
 -- Sample 5: 0.9250
 -- Sample 6: 0.9612
 -- Sample 7: 0.9170
 -- Sample 8: 0.9319
 -- Sample 9: 0.9533
 -- Sample 10: 0.9667
 -- Sample 11: 0.9703
 -- Sample 12: 0.9696
 -- Sample 13: 0.9523
 -- Sample 14: 0.9108
 -- Sample 15: 0.9104
 -- Sample 16: 0.9203
 -- Sample 17: 0.8667
 -- Sample 18: 0.7742
 -- Sample 19: 0.7860
 -- Sample 20: 0.7995
 -- Sample 21: 0.7939
 -- Sample 22: 0.9549
 -- Sample 23: 0.8966
 -- Sample 24: 0.9372
 -- Sample 25: 0.9354
 -- Sample 26: 0.8705
 -- Sample 27: 0.8911
 -- Sample 28: 0.9431
 -- Sample 29: 0.9351
 -- Sample 30: 0.6730
 -- Sample 31: 0.7255
 -- Sample 32: 0.6766
 -- Sample 33: 0.6584
 -- Sample 34: 0.7523
 -- Sample 35: 0.7091
 -- Sample 36: 0.7463
 -- Sample 37: 0.6958
 -- Sample 38: 0.9272
 -- Sample 39: 0.9445
 -- Sample 40: 0.9608
 -- Sample 41: 0.9495
 -- Sample 42: 0.8492
 -- Sample 43: 0.8918
 -- Sample 44: 0.8134
 -- Sample 45: 0.8093
 -- Sample 46: 0.9218
 -- Sample 47: 0.9714
 -- Sample 48: 0.9679
 -- Sample 49: 0.9328
Mean=0.8779, Std=0.0918
------------------------------------------------------------------
    Evaluating Ko et al (D3 N3)
Bias Error: using Single Component
Mean: 19.5832, Std: 24.2007
------------------------------------------------------------------
Magnitude Error: 
 -- Sample 0: mean=30.4313%; std=22.3564
 -- Sample 1: mean=37.9621%; std=25.4340
 -- Sample 2: mean=17.6117%; std=13.2337
 -- Sample 3: mean=19.8037%; std=14.0554
 -- Sample 4: mean=19.7534%; std=16.2845
 -- Sample 5: mean=20.7763%; std=17.9484
 -- Sample 6: mean=32.5027%; std=34.5237
 -- Sample 7: mean=30.4294%; std=27.7425
 -- Sample 8: mean=30.5235%; std=23.1247
 -- Sample 9: mean=36.1318%; std=25.2453
 -- Sample 10: mean=19.1408%; std=13.7313
 -- Sample 11: mean=26.5731%; std=18.7440
 -- Sample 12: mean=28.0108%; std=21.2596
 -- Sample 13: mean=20.3034%; std=21.5368
 -- Sample 14: mean=35.1532%; std=24.7561
 -- Sample 15: mean=26.9264%; std=22.2813
 -- Sample 16: mean=36.4677%; std=26.9631
 -- Sample 17: mean=31.3286%; std=21.2812
 -- Sample 18: mean=53.1957%; std=51.8670
 -- Sample 19: mean=57.3405%; std=66.4503
 -- Sample 20: mean=45.0017%; std=48.7687
 -- Sample 21: mean=65.5285%; std=68.5172
 -- Sample 22: mean=22.8963%; std=17.7137
 -- Sample 23: mean=24.2746%; std=15.5257
 -- Sample 24: mean=23.3572%; std=16.3112
 -- Sample 25: mean=22.7375%; std=15.8581
 -- Sample 26: mean=25.5174%; std=18.8324
 -- Sample 27: mean=27.4529%; std=20.1215
 -- Sample 28: mean=23.4135%; std=18.2975
 -- Sample 29: mean=17.1912%; std=13.7189
 -- Sample 30: mean=120.2789%; std=108.9629
 -- Sample 31: mean=117.4149%; std=109.7541
 -- Sample 32: mean=109.6568%; std=116.8345
 -- Sample 33: mean=117.8397%; std=113.0033
 -- Sample 34: mean=96.6439%; std=90.7371
 -- Sample 35: mean=85.7177%; std=82.2211
 -- Sample 36: mean=107.3241%; std=95.7169
 -- Sample 37: mean=81.9705%; std=67.1864
 -- Sample 38: mean=23.9742%; std=17.5297
 -- Sample 39: mean=19.2951%; std=15.8925
 -- Sample 40: mean=20.6085%; std=16.8655
 -- Sample 41: mean=23.2759%; std=17.2449
 -- Sample 42: mean=38.4808%; std=26.9602
 -- Sample 43: mean=39.7056%; std=26.4898
 -- Sample 44: mean=46.5515%; std=32.3412
 -- Sample 45: mean=51.8348%; std=32.9262
 -- Sample 46: mean=24.7972%; std=17.6664
 -- Sample 47: mean=19.7210%; std=18.2510
 -- Sample 48: mean=22.7983%; std=30.9994
 -- Sample 49: mean=34.1229%; std=23.6590
Mean: 42.1950%, Std: 29.6968%
------------------------------------------------------------------
Correlation comparison:
 -- Sample 0: 0.9246
 -- Sample 1: 0.9203
 -- Sample 2: 0.9662
 -- Sample 3: 0.9477
 -- Sample 4: 0.9610
 -- Sample 5: 0.9489
 -- Sample 6: 0.9463
 -- Sample 7: 0.9629
 -- Sample 8: 0.9531
 -- Sample 9: 0.9356
 -- Sample 10: 0.9792
 -- Sample 11: 0.9170
 -- Sample 12: 0.9239
 -- Sample 13: 0.9676
 -- Sample 14: 0.8693
 -- Sample 15: 0.8983
 -- Sample 16: 0.8171
 -- Sample 17: 0.8687
 -- Sample 18: 0.8246
 -- Sample 19: 0.8202
 -- Sample 20: 0.8419
 -- Sample 21: 0.8084
 -- Sample 22: 0.9482
 -- Sample 23: 0.9330
 -- Sample 24: 0.9368
 -- Sample 25: 0.9603
 -- Sample 26: 0.9265
 -- Sample 27: 0.9265
 -- Sample 28: 0.9479
 -- Sample 29: 0.9654
 -- Sample 30: 0.6506
 -- Sample 31: 0.7518
 -- Sample 32: 0.7499
 -- Sample 33: 0.6302
 -- Sample 34: 0.7760
 -- Sample 35: 0.7927
 -- Sample 36: 0.7383
 -- Sample 37: 0.7168
 -- Sample 38: 0.9531
 -- Sample 39: 0.9513
 -- Sample 40: 0.9682
 -- Sample 41: 0.9539
 -- Sample 42: 0.8641
 -- Sample 43: 0.9031
 -- Sample 44: 0.8664
 -- Sample 45: 0.8450
 -- Sample 46: 0.9200
 -- Sample 47: 0.9494
 -- Sample 48: 0.9457
 -- Sample 49: 0.9066
Mean=0.8876, Std=0.0856
------------------------------------------------------------------
  Processing Batch 5 (Size: 50)...
    Evaluating Javier Santos (D0 N4)
Bias Error: using Single Component
Mean: 603.0007, Std: 496.9195
------------------------------------------------------------------
Magnitude Error: 
 -- Sample 0: mean=84.6436%; std=72.1677
 -- Sample 1: mean=98.4134%; std=67.3297
 -- Sample 2: mean=95.0522%; std=70.9690
 -- Sample 3: mean=100.1806%; std=67.8555
 -- Sample 4: mean=1661.8711%; std=1425.0286
 -- Sample 5: mean=1619.9730%; std=1457.0414
 -- Sample 6: mean=1749.5387%; std=1574.3914
 -- Sample 7: mean=1613.3091%; std=1439.7992
 -- Sample 8: mean=289.7640%; std=201.9759
 -- Sample 9: mean=312.4254%; std=198.8245
 -- Sample 10: mean=286.8190%; std=209.8422
 -- Sample 11: mean=314.9919%; std=196.2528
 -- Sample 12: mean=147.0422%; std=98.8378
 -- Sample 13: mean=156.8199%; std=108.8081
 -- Sample 14: mean=154.2364%; std=107.4177
 -- Sample 15: mean=159.0480%; std=105.7817
 -- Sample 16: mean=231.4164%; std=174.6562
 -- Sample 17: mean=234.4798%; std=178.9044
 -- Sample 18: mean=227.2603%; std=175.7113
 -- Sample 19: mean=238.6571%; std=169.8509
 -- Sample 20: mean=354.7444%; std=277.4716
 -- Sample 21: mean=380.9910%; std=298.4029
 -- Sample 22: mean=350.5357%; std=266.4728
 -- Sample 23: mean=358.3701%; std=300.8223
 -- Sample 24: mean=513.8448%; std=473.1919
 -- Sample 25: mean=507.3639%; std=437.8094
 -- Sample 26: mean=509.1397%; std=466.7828
 -- Sample 27: mean=503.6165%; std=427.8561
 -- Sample 28: mean=181.1157%; std=103.2112
 -- Sample 29: mean=186.2634%; std=100.7216
 -- Sample 30: mean=172.0006%; std=98.7278
 -- Sample 31: mean=188.1926%; std=97.1247
 -- Sample 32: mean=1002.0999%; std=765.0630
 -- Sample 33: mean=1005.7459%; std=712.4184
 -- Sample 34: mean=990.4472%; std=746.8358
 -- Sample 35: mean=1005.1573%; std=750.1901
 -- Sample 36: mean=160.4541%; std=105.8262
 -- Sample 37: mean=158.5813%; std=103.8950
 -- Sample 38: mean=157.9524%; std=102.0669
 -- Sample 39: mean=158.9889%; std=105.5909
 -- Sample 40: mean=381.9447%; std=292.6063
 -- Sample 41: mean=371.2652%; std=269.8882
 -- Sample 42: mean=383.6288%; std=288.9788
 -- Sample 43: mean=371.1889%; std=261.5266
 -- Sample 44: mean=530.8016%; std=375.0367
 -- Sample 45: mean=541.5651%; std=369.5735
 -- Sample 46: mean=509.3412%; std=355.5414
 -- Sample 47: mean=524.5669%; std=376.1733
 -- Sample 48: mean=332.2574%; std=241.7018
 -- Sample 49: mean=340.5584%; std=249.2194
Mean: 458.1733%, Std: 423.4862%
------------------------------------------------------------------
Correlation comparison:
 -- Sample 0: 0.7505
 -- Sample 1: 0.8252
 -- Sample 2: 0.7975
 -- Sample 3: 0.8298
 -- Sample 4: 0.2749
 -- Sample 5: 0.2219
 -- Sample 6: 0.2621
 -- Sample 7: 0.2618
 -- Sample 8: 0.5416
 -- Sample 9: 0.6588
 -- Sample 10: 0.5389
 -- Sample 11: 0.6802
 -- Sample 12: 0.7261
 -- Sample 13: 0.7347
 -- Sample 14: 0.7089
 -- Sample 15: 0.7227
 -- Sample 16: 0.5785
 -- Sample 17: 0.5974
 -- Sample 18: 0.5629
 -- Sample 19: 0.5897
 -- Sample 20: 0.4735
 -- Sample 21: 0.4990
 -- Sample 22: 0.4853
 -- Sample 23: 0.4478
 -- Sample 24: 0.3593
 -- Sample 25: 0.3840
 -- Sample 26: 0.3624
 -- Sample 27: 0.3882
 -- Sample 28: 0.7381
 -- Sample 29: 0.7628
 -- Sample 30: 0.7453
 -- Sample 31: 0.7506
 -- Sample 32: 0.3227
 -- Sample 33: 0.3601
 -- Sample 34: 0.3385
 -- Sample 35: 0.3426
 -- Sample 36: 0.6166
 -- Sample 37: 0.5901
 -- Sample 38: 0.6063
 -- Sample 39: 0.6388
 -- Sample 40: 0.5211
 -- Sample 41: 0.5389
 -- Sample 42: 0.5408
 -- Sample 43: 0.5243
 -- Sample 44: 0.4699
 -- Sample 45: 0.4963
 -- Sample 46: 0.4546
 -- Sample 47: 0.4644
 -- Sample 48: 0.5626
 -- Sample 49: 0.5954
Mean=0.5449, Std=0.1604
------------------------------------------------------------------
    Evaluating Javier Santos (D1 N4)
Bias Error: using Single Component
Mean: 48.6410, Std: 29.9777
------------------------------------------------------------------
Magnitude Error: 
 -- Sample 0: mean=73.7922%; std=13.1549
 -- Sample 1: mean=72.8123%; std=16.6189
 -- Sample 2: mean=71.4744%; std=17.8600
 -- Sample 3: mean=73.6494%; std=16.7404
 -- Sample 4: mean=157.6047%; std=203.8696
 -- Sample 5: mean=152.6041%; std=218.1574
 -- Sample 6: mean=130.1058%; std=173.9130
 -- Sample 7: mean=129.9343%; std=168.4088
 -- Sample 8: mean=62.5396%; std=26.5473
 -- Sample 9: mean=62.8670%; std=26.1754
 -- Sample 10: mean=63.4535%; std=26.5010
 -- Sample 11: mean=65.6194%; std=26.3264
 -- Sample 12: mean=48.7841%; std=17.1610
 -- Sample 13: mean=49.4046%; std=17.2206
 -- Sample 14: mean=48.3030%; std=17.1212
 -- Sample 15: mean=50.8974%; std=17.7989
 -- Sample 16: mean=58.4235%; std=24.9426
 -- Sample 17: mean=61.7555%; std=24.6705
 -- Sample 18: mean=63.4116%; std=24.8673
 -- Sample 19: mean=61.0079%; std=25.8174
 -- Sample 20: mean=55.9601%; std=31.2440
 -- Sample 21: mean=57.4428%; std=29.7532
 -- Sample 22: mean=54.6432%; std=30.2318
 -- Sample 23: mean=54.4831%; std=28.9646
 -- Sample 24: mean=49.2935%; std=30.8630
 -- Sample 25: mean=52.9022%; std=31.9917
 -- Sample 26: mean=52.1085%; std=31.0818
 -- Sample 27: mean=51.5701%; std=32.5003
 -- Sample 28: mean=55.8190%; std=20.2485
 -- Sample 29: mean=55.9557%; std=20.8900
 -- Sample 30: mean=57.1303%; std=22.0104
 -- Sample 31: mean=56.2682%; std=21.3376
 -- Sample 32: mean=61.8044%; std=64.1876
 -- Sample 33: mean=64.9115%; std=69.4079
 -- Sample 34: mean=61.8887%; std=66.5048
 -- Sample 35: mean=58.2034%; std=56.7007
 -- Sample 36: mean=51.9224%; std=22.6777
 -- Sample 37: mean=52.5438%; std=22.9153
 -- Sample 38: mean=50.2786%; std=22.6754
 -- Sample 39: mean=51.3955%; std=21.3976
 -- Sample 40: mean=56.3417%; std=26.6138
 -- Sample 41: mean=58.8967%; std=25.1624
 -- Sample 42: mean=57.3481%; std=27.6516
 -- Sample 43: mean=58.3005%; std=26.3792
 -- Sample 44: mean=59.6165%; std=58.8383
 -- Sample 45: mean=56.6621%; std=55.3698
 -- Sample 46: mean=59.6597%; std=58.7341
 -- Sample 47: mean=56.3821%; std=59.6685
 -- Sample 48: mean=52.4953%; std=23.1699
 -- Sample 49: mean=54.7439%; std=22.2280
Mean: 64.7083%, Std: 24.0411%
------------------------------------------------------------------
Correlation comparison:
 -- Sample 0: 0.8814
 -- Sample 1: 0.8414
 -- Sample 2: 0.8313
 -- Sample 3: 0.8419
 -- Sample 4: 0.4423
 -- Sample 5: 0.4374
 -- Sample 6: 0.4291
 -- Sample 7: 0.4647
 -- Sample 8: 0.6388
 -- Sample 9: 0.6124
 -- Sample 10: 0.6599
 -- Sample 11: 0.5954
 -- Sample 12: 0.8792
 -- Sample 13: 0.8832
 -- Sample 14: 0.8849
 -- Sample 15: 0.8758
 -- Sample 16: 0.7497
 -- Sample 17: 0.7367
 -- Sample 18: 0.6980
 -- Sample 19: 0.7206
 -- Sample 20: 0.5147
 -- Sample 21: 0.5513
 -- Sample 22: 0.5854
 -- Sample 23: 0.5634
 -- Sample 24: 0.6622
 -- Sample 25: 0.6516
 -- Sample 26: 0.6595
 -- Sample 27: 0.6489
 -- Sample 28: 0.8375
 -- Sample 29: 0.8225
 -- Sample 30: 0.7942
 -- Sample 31: 0.7948
 -- Sample 32: 0.6777
 -- Sample 33: 0.6922
 -- Sample 34: 0.7126
 -- Sample 35: 0.6858
 -- Sample 36: 0.8269
 -- Sample 37: 0.8135
 -- Sample 38: 0.8502
 -- Sample 39: 0.8392
 -- Sample 40: 0.5997
 -- Sample 41: 0.6204
 -- Sample 42: 0.6305
 -- Sample 43: 0.6299
 -- Sample 44: 0.5811
 -- Sample 45: 0.6261
 -- Sample 46: 0.6200
 -- Sample 47: 0.5892
 -- Sample 48: 0.8374
 -- Sample 49: 0.8477
Mean=0.6974, Std=0.1295
------------------------------------------------------------------
    Evaluating Javier Santos (D2 N4)
Bias Error: using Single Component
Mean: 64.9171, Std: 22.1830
------------------------------------------------------------------
Magnitude Error: 
 -- Sample 0: mean=90.5997%; std=5.5196
 -- Sample 1: mean=90.6367%; std=5.1056
 -- Sample 2: mean=90.1738%; std=4.7804
 -- Sample 3: mean=90.9634%; std=5.3757
 -- Sample 4: mean=53.4065%; std=37.5511
 -- Sample 5: mean=54.9988%; std=37.5898
 -- Sample 6: mean=55.5203%; std=38.6294
 -- Sample 7: mean=53.0806%; std=38.1587
 -- Sample 8: mean=78.9122%; std=14.5940
 -- Sample 9: mean=79.4113%; std=14.5034
 -- Sample 10: mean=79.4936%; std=14.5968
 -- Sample 11: mean=79.0927%; std=14.5656
 -- Sample 12: mean=87.5194%; std=6.0788
 -- Sample 13: mean=87.4601%; std=6.4702
 -- Sample 14: mean=87.4893%; std=6.2211
 -- Sample 15: mean=87.5568%; std=6.4290
 -- Sample 16: mean=85.6164%; std=9.6846
 -- Sample 17: mean=85.8324%; std=9.3858
 -- Sample 18: mean=85.8530%; std=9.4851
 -- Sample 19: mean=85.0477%; std=10.0450
 -- Sample 20: mean=79.8116%; std=14.1830
 -- Sample 21: mean=80.1706%; std=14.0946
 -- Sample 22: mean=78.8916%; std=14.3801
 -- Sample 23: mean=78.3757%; std=14.4745
 -- Sample 24: mean=71.8808%; std=17.9772
 -- Sample 25: mean=71.6865%; std=17.3903
 -- Sample 26: mean=72.2700%; std=17.5705
 -- Sample 27: mean=72.2612%; std=17.4897
 -- Sample 28: mean=86.1506%; std=7.5977
 -- Sample 29: mean=86.5818%; std=7.4995
 -- Sample 30: mean=86.4399%; std=7.4554
 -- Sample 31: mean=86.8090%; std=7.5254
 -- Sample 32: mean=56.2456%; std=26.2133
 -- Sample 33: mean=56.0795%; std=24.8092
 -- Sample 34: mean=55.6334%; std=25.4471
 -- Sample 35: mean=57.0113%; std=24.9525
 -- Sample 36: mean=86.8453%; std=8.4349
 -- Sample 37: mean=86.6087%; std=8.3260
 -- Sample 38: mean=86.4656%; std=8.7482
 -- Sample 39: mean=86.4377%; std=8.1876
 -- Sample 40: mean=76.2392%; std=14.5267
 -- Sample 41: mean=76.1542%; std=14.9609
 -- Sample 42: mean=76.7857%; std=14.4697
 -- Sample 43: mean=76.7708%; std=13.9767
 -- Sample 44: mean=67.2045%; std=22.5956
 -- Sample 45: mean=68.1905%; std=22.8814
 -- Sample 46: mean=66.6017%; std=23.2842
 -- Sample 47: mean=67.3959%; std=22.3429
 -- Sample 48: mean=77.3959%; std=14.6878
 -- Sample 49: mean=76.4430%; std=15.7039
Mean: 76.8100%, Std: 11.4198%
------------------------------------------------------------------
Correlation comparison:
 -- Sample 0: 0.4791
 -- Sample 1: 0.5064
 -- Sample 2: 0.5579
 -- Sample 3: 0.4779
 -- Sample 4: 0.2585
 -- Sample 5: 0.2647
 -- Sample 6: 0.2623
 -- Sample 7: 0.2807
 -- Sample 8: 0.3380
 -- Sample 9: 0.3283
 -- Sample 10: 0.3482
 -- Sample 11: 0.3321
 -- Sample 12: 0.5660
 -- Sample 13: 0.5426
 -- Sample 14: 0.5606
 -- Sample 15: 0.5566
 -- Sample 16: 0.3601
 -- Sample 17: 0.3522
 -- Sample 18: 0.3514
 -- Sample 19: 0.3337
 -- Sample 20: 0.3145
 -- Sample 21: 0.3208
 -- Sample 22: 0.3503
 -- Sample 23: 0.3392
 -- Sample 24: 0.3114
 -- Sample 25: 0.3369
 -- Sample 26: 0.3057
 -- Sample 27: 0.3103
 -- Sample 28: 0.4507
 -- Sample 29: 0.4452
 -- Sample 30: 0.4337
 -- Sample 31: 0.4188
 -- Sample 32: 0.3129
 -- Sample 33: 0.3260
 -- Sample 34: 0.3245
 -- Sample 35: 0.3238
 -- Sample 36: 0.3253
 -- Sample 37: 0.3193
 -- Sample 38: 0.3342
 -- Sample 39: 0.3493
 -- Sample 40: 0.3636
 -- Sample 41: 0.3699
 -- Sample 42: 0.3319
 -- Sample 43: 0.3466
 -- Sample 44: 0.3173
 -- Sample 45: 0.2830
 -- Sample 46: 0.2958
 -- Sample 47: 0.2814
 -- Sample 48: 0.3910
 -- Sample 49: 0.3995
Mean=0.3678, Std=0.0833
------------------------------------------------------------------
    Evaluating Javier Santos (D3 N4)
Bias Error: using Single Component
Mean: 93.5524, Std: 5.7197
------------------------------------------------------------------
Magnitude Error: 
 -- Sample 0: mean=96.9428%; std=2.3462
 -- Sample 1: mean=96.8616%; std=2.1895
 -- Sample 2: mean=96.7530%; std=2.3699
 -- Sample 3: mean=96.6290%; std=2.3889
 -- Sample 4: mean=77.8672%; std=21.9333
 -- Sample 5: mean=77.3319%; std=20.9094
 -- Sample 6: mean=78.8871%; std=18.7464
 -- Sample 7: mean=76.2208%; std=21.7868
 -- Sample 8: mean=94.6127%; std=5.7752
 -- Sample 9: mean=94.6881%; std=5.7361
 -- Sample 10: mean=94.9473%; std=5.3466
 -- Sample 11: mean=94.7547%; std=5.5304
 -- Sample 12: mean=97.0323%; std=2.7826
 -- Sample 13: mean=97.1443%; std=2.3142
 -- Sample 14: mean=96.8973%; std=2.5807
 -- Sample 15: mean=97.0396%; std=2.4438
 -- Sample 16: mean=96.3901%; std=3.9707
 -- Sample 17: mean=96.2273%; std=4.1749
 -- Sample 18: mean=96.4511%; std=3.8467
 -- Sample 19: mean=96.4217%; std=3.9477
 -- Sample 20: mean=94.5000%; std=5.7157
 -- Sample 21: mean=94.6049%; std=5.5117
 -- Sample 22: mean=94.6549%; std=5.6109
 -- Sample 23: mean=94.5201%; std=5.6557
 -- Sample 24: mean=92.8277%; std=7.5952
 -- Sample 25: mean=92.9307%; std=7.8319
 -- Sample 26: mean=93.2396%; std=7.6314
 -- Sample 27: mean=92.9773%; std=7.7723
 -- Sample 28: mean=96.8684%; std=3.1485
 -- Sample 29: mean=96.9055%; std=3.1002
 -- Sample 30: mean=97.0637%; std=3.0685
 -- Sample 31: mean=97.0689%; std=2.9829
 -- Sample 32: mean=86.0054%; std=12.5007
 -- Sample 33: mean=86.1907%; std=12.9388
 -- Sample 34: mean=85.7569%; std=12.3490
 -- Sample 35: mean=85.4898%; std=13.2374
 -- Sample 36: mean=96.9309%; std=3.1034
 -- Sample 37: mean=96.9596%; std=3.2283
 -- Sample 38: mean=96.7455%; std=3.2250
 -- Sample 39: mean=96.9920%; std=3.3241
 -- Sample 40: mean=94.1644%; std=5.6812
 -- Sample 41: mean=94.0677%; std=5.8511
 -- Sample 42: mean=94.0323%; std=5.9317
 -- Sample 43: mean=94.3548%; std=5.6383
 -- Sample 44: mean=91.3405%; std=7.9788
 -- Sample 45: mean=91.1413%; std=7.9682
 -- Sample 46: mean=90.9193%; std=8.6732
 -- Sample 47: mean=91.2564%; std=8.4159
 -- Sample 48: mean=94.3323%; std=5.1796
 -- Sample 49: mean=94.3518%; std=5.2971
Mean: 92.9859%, Std: 5.4713%
------------------------------------------------------------------
Correlation comparison:
 -- Sample 0: 0.3371
 -- Sample 1: 0.3394
 -- Sample 2: 0.3247
 -- Sample 3: 0.3570
 -- Sample 4: 0.1073
 -- Sample 5: 0.1228
 -- Sample 6: 0.1080
 -- Sample 7: 0.1181
 -- Sample 8: 0.1237
 -- Sample 9: 0.1413
 -- Sample 10: 0.1656
 -- Sample 11: 0.1361
 -- Sample 12: 0.2694
 -- Sample 13: 0.2752
 -- Sample 14: 0.2605
 -- Sample 15: 0.2993
 -- Sample 16: 0.1227
 -- Sample 17: 0.1606
 -- Sample 18: 0.1583
 -- Sample 19: 0.0980
 -- Sample 20: 0.1154
 -- Sample 21: 0.1507
 -- Sample 22: 0.0357
 -- Sample 23: 0.1026
 -- Sample 24: 0.1227
 -- Sample 25: 0.0746
 -- Sample 26: 0.0835
 -- Sample 27: 0.0896
 -- Sample 28: 0.2425
 -- Sample 29: 0.2455
 -- Sample 30: 0.2170
 -- Sample 31: 0.2309
 -- Sample 32: 0.1793
 -- Sample 33: 0.1338
 -- Sample 34: 0.1616
 -- Sample 35: 0.1749
 -- Sample 36: 0.1707
 -- Sample 37: 0.1603
 -- Sample 38: 0.1696
 -- Sample 39: 0.1156
 -- Sample 40: 0.1762
 -- Sample 41: 0.0978
 -- Sample 42: 0.0942
 -- Sample 43: 0.1167
 -- Sample 44: 0.1752
 -- Sample 45: 0.1620
 -- Sample 46: 0.1331
 -- Sample 47: 0.1672
 -- Sample 48: 0.1875
 -- Sample 49: 0.1602
Mean=0.1694, Std=0.0740
------------------------------------------------------------------
    Evaluating Ko et al (D0 N4)
Bias Error: using Single Component
Mean: 112.4753, Std: 170.2101
------------------------------------------------------------------
Magnitude Error: 
 -- Sample 0: mean=27.7759%; std=21.3807
 -- Sample 1: mean=22.8975%; std=19.1832
 -- Sample 2: mean=24.6453%; std=19.0583
 -- Sample 3: mean=28.3284%; std=20.9335
 -- Sample 4: mean=668.6252%; std=715.3672
 -- Sample 5: mean=643.4269%; std=672.8032
 -- Sample 6: mean=660.0379%; std=737.8046
 -- Sample 7: mean=586.4658%; std=599.2991
 -- Sample 8: mean=58.9086%; std=59.2380
 -- Sample 9: mean=64.5727%; std=66.4643
 -- Sample 10: mean=64.9586%; std=68.4663
 -- Sample 11: mean=68.1993%; std=68.3341
 -- Sample 12: mean=50.5908%; std=32.1696
 -- Sample 13: mean=45.9799%; std=30.3308
 -- Sample 14: mean=45.8472%; std=27.9749
 -- Sample 15: mean=49.9658%; std=34.9060
 -- Sample 16: mean=58.3040%; std=35.5321
 -- Sample 17: mean=61.3672%; std=38.5189
 -- Sample 18: mean=61.2085%; std=38.6729
 -- Sample 19: mean=59.4076%; std=40.6568
 -- Sample 20: mean=88.4928%; std=84.5964
 -- Sample 21: mean=84.6444%; std=86.0097
 -- Sample 22: mean=85.6076%; std=85.0339
 -- Sample 23: mean=80.6330%; std=83.9461
 -- Sample 24: mean=178.4334%; std=220.0377
 -- Sample 25: mean=156.5322%; std=180.2074
 -- Sample 26: mean=174.0476%; std=211.4505
 -- Sample 27: mean=163.5150%; std=187.8165
 -- Sample 28: mean=27.7394%; std=38.5668
 -- Sample 29: mean=31.0180%; std=34.5690
 -- Sample 30: mean=28.2996%; std=36.6685
 -- Sample 31: mean=29.8110%; std=36.9365
 -- Sample 32: mean=441.0964%; std=428.7197
 -- Sample 33: mean=425.5907%; std=425.5221
 -- Sample 34: mean=420.9529%; std=403.3702
 -- Sample 35: mean=421.9734%; std=411.9510
 -- Sample 36: mean=34.6521%; std=20.0687
 -- Sample 37: mean=34.1277%; std=20.1353
 -- Sample 38: mean=34.3671%; std=21.5909
 -- Sample 39: mean=36.6532%; std=19.7732
 -- Sample 40: mean=107.9758%; std=95.3515
 -- Sample 41: mean=102.4377%; std=97.7918
 -- Sample 42: mean=106.4180%; std=104.5075
 -- Sample 43: mean=109.6008%; std=98.0325
 -- Sample 44: mean=123.9802%; std=123.9545
 -- Sample 45: mean=138.7171%; std=129.8317
 -- Sample 46: mean=123.7069%; std=124.3401
 -- Sample 47: mean=120.8522%; std=117.6283
 -- Sample 48: mean=137.0853%; std=138.2530
 -- Sample 49: mean=142.6087%; std=144.0669
Mean: 150.8617%, Std: 177.5513%
------------------------------------------------------------------
Correlation comparison:
 -- Sample 0: 0.9294
 -- Sample 1: 0.9278
 -- Sample 2: 0.9326
 -- Sample 3: 0.9266
 -- Sample 4: 0.2791
 -- Sample 5: 0.3244
 -- Sample 6: 0.2850
 -- Sample 7: 0.3520
 -- Sample 8: 0.7603
 -- Sample 9: 0.7356
 -- Sample 10: 0.7601
 -- Sample 11: 0.7107
 -- Sample 12: 0.7912
 -- Sample 13: 0.8010
 -- Sample 14: 0.7966
 -- Sample 15: 0.7965
 -- Sample 16: 0.6401
 -- Sample 17: 0.6169
 -- Sample 18: 0.6113
 -- Sample 19: 0.6178
 -- Sample 20: 0.5945
 -- Sample 21: 0.5907
 -- Sample 22: 0.5890
 -- Sample 23: 0.5817
 -- Sample 24: 0.4144
 -- Sample 25: 0.4344
 -- Sample 26: 0.4077
 -- Sample 27: 0.4301
 -- Sample 28: 0.8299
 -- Sample 29: 0.8451
 -- Sample 30: 0.8291
 -- Sample 31: 0.8317
 -- Sample 32: 0.3511
 -- Sample 33: 0.3531
 -- Sample 34: 0.3413
 -- Sample 35: 0.3425
 -- Sample 36: 0.7972
 -- Sample 37: 0.8095
 -- Sample 38: 0.7900
 -- Sample 39: 0.7942
 -- Sample 40: 0.5492
 -- Sample 41: 0.5616
 -- Sample 42: 0.5421
 -- Sample 43: 0.5606
 -- Sample 44: 0.5422
 -- Sample 45: 0.5265
 -- Sample 46: 0.5239
 -- Sample 47: 0.5455
 -- Sample 48: 0.6172
 -- Sample 49: 0.6287
Mean=0.6230, Std=0.1883
------------------------------------------------------------------
    Evaluating Ko et al (D1 N4)
Bias Error: using Single Component
Mean: 61.6037, Std: 16.4875
------------------------------------------------------------------
Magnitude Error: 
 -- Sample 0: mean=46.3168%; std=16.4743
 -- Sample 1: mean=49.0834%; std=14.4371
 -- Sample 2: mean=47.9919%; std=14.9053
 -- Sample 3: mean=49.8518%; std=14.7492
 -- Sample 4: mean=171.4918%; std=229.0986
 -- Sample 5: mean=204.4600%; std=285.9178
 -- Sample 6: mean=172.7767%; std=246.5571
 -- Sample 7: mean=186.7095%; std=240.6639
 -- Sample 8: mean=81.1855%; std=15.1704
 -- Sample 9: mean=81.4278%; std=16.1303
 -- Sample 10: mean=78.8730%; std=15.1715
 -- Sample 11: mean=76.9906%; std=14.8149
 -- Sample 12: mean=56.2521%; std=20.0432
 -- Sample 13: mean=61.6795%; std=20.0883
 -- Sample 14: mean=69.2120%; std=15.8252
 -- Sample 15: mean=65.1833%; std=14.4099
 -- Sample 16: mean=78.5417%; std=13.5874
 -- Sample 17: mean=82.8826%; std=13.2756
 -- Sample 18: mean=78.3538%; std=12.6931
 -- Sample 19: mean=77.6096%; std=12.0915
 -- Sample 20: mean=74.4718%; std=24.4451
 -- Sample 21: mean=75.2432%; std=25.6542
 -- Sample 22: mean=70.4772%; std=28.0083
 -- Sample 23: mean=74.0580%; std=26.3328
 -- Sample 24: mean=71.3429%; std=29.4908
 -- Sample 25: mean=75.4825%; std=39.9492
 -- Sample 26: mean=73.1444%; std=37.7726
 -- Sample 27: mean=63.3498%; std=31.0182
 -- Sample 28: mean=67.1074%; std=18.1260
 -- Sample 29: mean=66.3733%; std=16.7848
 -- Sample 30: mean=65.4941%; std=15.3698
 -- Sample 31: mean=68.3166%; std=18.4722
 -- Sample 32: mean=44.2848%; std=27.4986
 -- Sample 33: mean=51.6325%; std=26.5659
 -- Sample 34: mean=48.1911%; std=28.6874
 -- Sample 35: mean=49.2419%; std=31.5955
 -- Sample 36: mean=78.8553%; std=12.4991
 -- Sample 37: mean=79.0827%; std=11.9429
 -- Sample 38: mean=79.3118%; std=11.7436
 -- Sample 39: mean=80.0125%; std=13.3519
 -- Sample 40: mean=64.6172%; std=27.2100
 -- Sample 41: mean=65.8890%; std=25.4669
 -- Sample 42: mean=67.0674%; std=26.3249
 -- Sample 43: mean=65.3756%; std=27.5567
 -- Sample 44: mean=66.4633%; std=21.9061
 -- Sample 45: mean=64.7228%; std=28.1552
 -- Sample 46: mean=61.7902%; std=27.1530
 -- Sample 47: mean=65.8580%; std=24.5603
 -- Sample 48: mean=37.6717%; std=23.5176
 -- Sample 49: mean=38.9215%; std=23.6858
Mean: 75.4145%, Std: 34.2575%
------------------------------------------------------------------
Correlation comparison:
 -- Sample 0: 0.9269
 -- Sample 1: 0.9282
 -- Sample 2: 0.9137
 -- Sample 3: 0.9369
 -- Sample 4: 0.3377
 -- Sample 5: 0.3091
 -- Sample 6: 0.3851
 -- Sample 7: 0.3127
 -- Sample 8: 0.6692
 -- Sample 9: 0.7556
 -- Sample 10: 0.8428
 -- Sample 11: 0.8602
 -- Sample 12: 0.8764
 -- Sample 13: 0.8337
 -- Sample 14: 0.8456
 -- Sample 15: 0.9010
 -- Sample 16: 0.8868
 -- Sample 17: 0.8208
 -- Sample 18: 0.8709
 -- Sample 19: 0.8985
 -- Sample 20: 0.4904
 -- Sample 21: 0.4598
 -- Sample 22: 0.4929
 -- Sample 23: 0.4698
 -- Sample 24: 0.3827
 -- Sample 25: 0.3802
 -- Sample 26: 0.4291
 -- Sample 27: 0.4591
 -- Sample 28: 0.8157
 -- Sample 29: 0.8608
 -- Sample 30: 0.8828
 -- Sample 31: 0.8060
 -- Sample 32: 0.8373
 -- Sample 33: 0.8019
 -- Sample 34: 0.8135
 -- Sample 35: 0.7863
 -- Sample 36: 0.8582
 -- Sample 37: 0.8765
 -- Sample 38: 0.8747
 -- Sample 39: 0.8214
 -- Sample 40: 0.6483
 -- Sample 41: 0.7345
 -- Sample 42: 0.6853
 -- Sample 43: 0.5880
 -- Sample 44: 0.7568
 -- Sample 45: 0.6682
 -- Sample 46: 0.6733
 -- Sample 47: 0.7381
 -- Sample 48: 0.9140
 -- Sample 49: 0.9190
Mean=0.7207, Std=0.1939
------------------------------------------------------------------
    Evaluating Ko et al (D2 N4)
Bias Error: using Single Component
Mean: 41.6883, Std: 70.6233
------------------------------------------------------------------
Magnitude Error: 
 -- Sample 0: mean=43.9907%; std=19.1946
 -- Sample 1: mean=28.8690%; std=15.8992
 -- Sample 2: mean=26.3521%; std=15.6606
 -- Sample 3: mean=33.1997%; std=16.7927
 -- Sample 4: mean=376.0852%; std=570.3736
 -- Sample 5: mean=360.6485%; std=543.3099
 -- Sample 6: mean=373.9209%; std=582.3213
 -- Sample 7: mean=380.2114%; std=548.3475
 -- Sample 8: mean=39.8326%; std=21.3749
 -- Sample 9: mean=44.4995%; std=20.6200
 -- Sample 10: mean=35.9561%; std=18.6551
 -- Sample 11: mean=46.4517%; std=23.4228
 -- Sample 12: mean=28.8502%; std=16.1623
 -- Sample 13: mean=27.0076%; std=19.9288
 -- Sample 14: mean=27.4709%; std=17.9452
 -- Sample 15: mean=27.0792%; std=16.8153
 -- Sample 16: mean=50.5621%; std=18.4726
 -- Sample 17: mean=47.1026%; std=18.6112
 -- Sample 18: mean=48.5949%; std=17.2898
 -- Sample 19: mean=50.1891%; std=19.6129
 -- Sample 20: mean=53.5856%; std=24.4495
 -- Sample 21: mean=53.8879%; std=24.7646
 -- Sample 22: mean=55.7432%; std=24.0598
 -- Sample 23: mean=56.0492%; std=22.0420
 -- Sample 24: mean=76.8322%; std=60.4513
 -- Sample 25: mean=73.8901%; std=59.9765
 -- Sample 26: mean=83.4471%; std=63.9191
 -- Sample 27: mean=66.0593%; std=44.3623
 -- Sample 28: mean=24.1111%; std=17.0267
 -- Sample 29: mean=21.4440%; std=13.4004
 -- Sample 30: mean=18.5659%; std=12.8967
 -- Sample 31: mean=20.4774%; std=15.4461
 -- Sample 32: mean=34.8489%; std=28.3277
 -- Sample 33: mean=32.9391%; std=34.4215
 -- Sample 34: mean=42.7466%; std=36.3053
 -- Sample 35: mean=37.3021%; std=27.5503
 -- Sample 36: mean=29.3987%; std=21.3271
 -- Sample 37: mean=28.4127%; std=19.9246
 -- Sample 38: mean=24.4056%; std=18.4083
 -- Sample 39: mean=21.7326%; std=18.9756
 -- Sample 40: mean=83.0579%; std=76.0936
 -- Sample 41: mean=71.9926%; std=63.3127
 -- Sample 42: mean=81.4201%; std=71.6835
 -- Sample 43: mean=63.8162%; std=47.6926
 -- Sample 44: mean=36.4467%; std=29.4466
 -- Sample 45: mean=31.3389%; std=25.9976
 -- Sample 46: mean=28.3784%; std=21.4312
 -- Sample 47: mean=32.3136%; std=23.9032
 -- Sample 48: mean=34.9395%; std=37.7433
 -- Sample 49: mean=32.6028%; std=45.2608
Mean: 68.9812%, Std: 91.2422%
------------------------------------------------------------------
Correlation comparison:
 -- Sample 0: 0.8678
 -- Sample 1: 0.9301
 -- Sample 2: 0.9521
 -- Sample 3: 0.9016
 -- Sample 4: 0.4037
 -- Sample 5: 0.3703
 -- Sample 6: 0.3415
 -- Sample 7: 0.4192
 -- Sample 8: 0.9548
 -- Sample 9: 0.9438
 -- Sample 10: 0.9485
 -- Sample 11: 0.9218
 -- Sample 12: 0.9492
 -- Sample 13: 0.9258
 -- Sample 14: 0.9200
 -- Sample 15: 0.9364
 -- Sample 16: 0.9332
 -- Sample 17: 0.9393
 -- Sample 18: 0.9443
 -- Sample 19: 0.9167
 -- Sample 20: 0.8244
 -- Sample 21: 0.7719
 -- Sample 22: 0.8526
 -- Sample 23: 0.8521
 -- Sample 24: 0.6638
 -- Sample 25: 0.7239
 -- Sample 26: 0.6531
 -- Sample 27: 0.7193
 -- Sample 28: 0.9428
 -- Sample 29: 0.9576
 -- Sample 30: 0.9670
 -- Sample 31: 0.9597
 -- Sample 32: 0.9407
 -- Sample 33: 0.9527
 -- Sample 34: 0.9404
 -- Sample 35: 0.9218
 -- Sample 36: 0.9586
 -- Sample 37: 0.9570
 -- Sample 38: 0.9644
 -- Sample 39: 0.9692
 -- Sample 40: 0.5246
 -- Sample 41: 0.6163
 -- Sample 42: 0.5670
 -- Sample 43: 0.6699
 -- Sample 44: 0.9313
 -- Sample 45: 0.9292
 -- Sample 46: 0.9447
 -- Sample 47: 0.9270
 -- Sample 48: 0.9292
 -- Sample 49: 0.9029
Mean=0.8371, Std=0.1748
------------------------------------------------------------------
    Evaluating Ko et al (D3 N4)
Bias Error: using Single Component
Mean: 35.3949, Std: 49.3019
------------------------------------------------------------------
Magnitude Error: 
 -- Sample 0: mean=37.0622%; std=17.3078
 -- Sample 1: mean=36.1625%; std=18.8212
 -- Sample 2: mean=34.8921%; std=19.0609
 -- Sample 3: mean=39.2326%; std=19.5501
 -- Sample 4: mean=244.8438%; std=420.9401
 -- Sample 5: mean=332.5411%; std=590.7584
 -- Sample 6: mean=288.3177%; std=514.5247
 -- Sample 7: mean=261.5769%; std=474.7316
 -- Sample 8: mean=41.7438%; std=27.6588
 -- Sample 9: mean=46.2996%; std=28.4521
 -- Sample 10: mean=41.2094%; std=26.2031
 -- Sample 11: mean=38.4269%; std=25.7096
 -- Sample 12: mean=24.0627%; std=18.4185
 -- Sample 13: mean=23.9331%; std=17.3895
 -- Sample 14: mean=26.0500%; std=18.6532
 -- Sample 15: mean=24.6368%; std=17.3603
 -- Sample 16: mean=48.0361%; std=19.4427
 -- Sample 17: mean=49.8654%; std=20.0815
 -- Sample 18: mean=54.1341%; std=18.7553
 -- Sample 19: mean=54.3076%; std=17.3786
 -- Sample 20: mean=51.9328%; std=23.9994
 -- Sample 21: mean=53.0120%; std=23.7065
 -- Sample 22: mean=53.3254%; std=23.2738
 -- Sample 23: mean=55.3499%; std=24.3680
 -- Sample 24: mean=56.3079%; std=47.3551
 -- Sample 25: mean=63.0397%; std=52.1123
 -- Sample 26: mean=58.4479%; std=47.0565
 -- Sample 27: mean=57.6495%; std=59.1043
 -- Sample 28: mean=24.6765%; std=18.0585
 -- Sample 29: mean=21.8917%; std=15.4120
 -- Sample 30: mean=22.2554%; std=14.7015
 -- Sample 31: mean=25.1257%; std=18.2657
 -- Sample 32: mean=36.2721%; std=25.4961
 -- Sample 33: mean=40.6002%; std=25.6479
 -- Sample 34: mean=38.6562%; std=26.8640
 -- Sample 35: mean=39.3706%; std=29.6914
 -- Sample 36: mean=28.1285%; std=22.8377
 -- Sample 37: mean=29.1259%; std=21.8726
 -- Sample 38: mean=31.5272%; std=23.5813
 -- Sample 39: mean=31.9673%; std=24.1210
 -- Sample 40: mean=62.8549%; std=32.5425
 -- Sample 41: mean=65.2982%; std=36.1116
 -- Sample 42: mean=61.6263%; std=34.2211
 -- Sample 43: mean=61.6702%; std=32.7176
 -- Sample 44: mean=31.2611%; std=31.3991
 -- Sample 45: mean=35.1036%; std=31.2699
 -- Sample 46: mean=38.7936%; std=28.2262
 -- Sample 47: mean=34.9260%; std=28.2037
 -- Sample 48: mean=32.4723%; std=28.5213
 -- Sample 49: mean=36.0617%; std=28.4917
Mean: 60.5213%, Std: 67.0571%
------------------------------------------------------------------
Correlation comparison:
 -- Sample 0: 0.8995
 -- Sample 1: 0.8924
 -- Sample 2: 0.9096
 -- Sample 3: 0.9145
 -- Sample 4: 0.3691
 -- Sample 5: 0.3236
 -- Sample 6: 0.3779
 -- Sample 7: 0.3773
 -- Sample 8: 0.9278
 -- Sample 9: 0.9208
 -- Sample 10: 0.9368
 -- Sample 11: 0.9402
 -- Sample 12: 0.9409
 -- Sample 13: 0.9441
 -- Sample 14: 0.9332
 -- Sample 15: 0.9448
 -- Sample 16: 0.9211
 -- Sample 17: 0.9260
 -- Sample 18: 0.9196
 -- Sample 19: 0.9266
 -- Sample 20: 0.9036
 -- Sample 21: 0.8954
 -- Sample 22: 0.8734
 -- Sample 23: 0.8817
 -- Sample 24: 0.7434
 -- Sample 25: 0.7268
 -- Sample 26: 0.7289
 -- Sample 27: 0.7443
 -- Sample 28: 0.9473
 -- Sample 29: 0.9520
 -- Sample 30: 0.9630
 -- Sample 31: 0.9591
 -- Sample 32: 0.9243
 -- Sample 33: 0.9178
 -- Sample 34: 0.9315
 -- Sample 35: 0.9155
 -- Sample 36: 0.9509
 -- Sample 37: 0.9418
 -- Sample 38: 0.9277
 -- Sample 39: 0.9319
 -- Sample 40: 0.6578
 -- Sample 41: 0.6440
 -- Sample 42: 0.6524
 -- Sample 43: 0.6586
 -- Sample 44: 0.9372
 -- Sample 45: 0.9227
 -- Sample 46: 0.9120
 -- Sample 47: 0.9287
 -- Sample 48: 0.9436
 -- Sample 49: 0.9324
Mean=0.8439, Std=0.1671
------------------------------------------------------------------
    Evaluating Ko et al (D3 N0)
Bias Error: using Single Component
Mean: 42.5087, Std: 46.9152
------------------------------------------------------------------
Magnitude Error: 
 -- Sample 0: mean=63.8815%; std=21.6320
 -- Sample 1: mean=64.9315%; std=13.0629
 -- Sample 2: mean=56.8976%; std=14.7232
 -- Sample 3: mean=46.5191%; std=22.5939
 -- Sample 4: mean=186.0131%; std=217.6574
 -- Sample 5: mean=156.0233%; std=226.2694
 -- Sample 6: mean=271.2247%; std=301.2034
 -- Sample 7: mean=320.1058%; std=385.9626
 -- Sample 8: mean=53.6607%; std=21.1499
 -- Sample 9: mean=52.2208%; std=21.2759
 -- Sample 10: mean=55.2131%; std=17.4405
 -- Sample 11: mean=52.1884%; std=22.9877
 -- Sample 12: mean=33.9859%; std=21.9398
 -- Sample 13: mean=33.3327%; std=16.0601
 -- Sample 14: mean=31.6830%; std=17.6909
 -- Sample 15: mean=46.7455%; std=20.7641
 -- Sample 16: mean=53.6012%; std=20.9266
 -- Sample 17: mean=54.3035%; std=20.0082
 -- Sample 18: mean=48.8033%; std=20.4551
 -- Sample 19: mean=54.0757%; std=12.9944
 -- Sample 20: mean=54.4406%; std=23.7802
 -- Sample 21: mean=46.8960%; std=27.4984
 -- Sample 22: mean=51.6182%; std=28.9913
 -- Sample 23: mean=56.5503%; std=23.7426
 -- Sample 24: mean=60.3050%; std=39.5758
 -- Sample 25: mean=57.7352%; std=39.1563
 -- Sample 26: mean=49.2365%; std=51.0764
 -- Sample 27: mean=61.5039%; std=62.2644
 -- Sample 28: mean=22.8544%; std=16.3670
 -- Sample 29: mean=30.1641%; std=25.6973
 -- Sample 30: mean=28.3277%; std=21.1686
 -- Sample 31: mean=27.0786%; std=16.3517
 -- Sample 32: mean=70.4174%; std=74.0379
 -- Sample 33: mean=36.3961%; std=28.4952
 -- Sample 34: mean=70.9998%; std=65.3923
 -- Sample 35: mean=66.0502%; std=72.0848
 -- Sample 36: mean=42.4879%; std=24.5095
 -- Sample 37: mean=45.6453%; std=19.2770
 -- Sample 38: mean=39.0456%; std=23.6756
 -- Sample 39: mean=42.2716%; std=22.4062
 -- Sample 40: mean=59.5584%; std=37.6902
 -- Sample 41: mean=57.1407%; std=34.7747
 -- Sample 42: mean=55.2982%; std=35.8309
 -- Sample 43: mean=48.7473%; std=34.8158
 -- Sample 44: mean=40.5978%; std=36.0192
 -- Sample 45: mean=54.1058%; std=40.8942
 -- Sample 46: mean=49.3817%; std=47.1493
 -- Sample 47: mean=50.0430%; std=45.1738
 -- Sample 48: mean=39.3281%; std=37.9656
 -- Sample 49: mean=54.2881%; std=36.9933
Mean: 64.0785%, Std: 54.3412%
------------------------------------------------------------------
Correlation comparison:
 -- Sample 0: 0.8131
 -- Sample 1: 0.9320
 -- Sample 2: 0.8675
 -- Sample 3: 0.8800
 -- Sample 4: 0.5799
 -- Sample 5: 0.5800
 -- Sample 6: 0.6235
 -- Sample 7: 0.4947
 -- Sample 8: 0.9059
 -- Sample 9: 0.8140
 -- Sample 10: 0.9147
 -- Sample 11: 0.8366
 -- Sample 12: 0.9143
 -- Sample 13: 0.9002
 -- Sample 14: 0.9357
 -- Sample 15: 0.8836
 -- Sample 16: 0.8763
 -- Sample 17: 0.8796
 -- Sample 18: 0.9258
 -- Sample 19: 0.9412
 -- Sample 20: 0.7960
 -- Sample 21: 0.7659
 -- Sample 22: 0.6528
 -- Sample 23: 0.7476
 -- Sample 24: 0.6736
 -- Sample 25: 0.6998
 -- Sample 26: 0.6999
 -- Sample 27: 0.7391
 -- Sample 28: 0.9558
 -- Sample 29: 0.8802
 -- Sample 30: 0.9027
 -- Sample 31: 0.9331
 -- Sample 32: 0.8271
 -- Sample 33: 0.8491
 -- Sample 34: 0.8296
 -- Sample 35: 0.8460
 -- Sample 36: 0.8954
 -- Sample 37: 0.9454
 -- Sample 38: 0.9276
 -- Sample 39: 0.9240
 -- Sample 40: 0.6638
 -- Sample 41: 0.6515
 -- Sample 42: 0.7119
 -- Sample 43: 0.7510
 -- Sample 44: 0.8409
 -- Sample 45: 0.7737
 -- Sample 46: 0.8021
 -- Sample 47: 0.8293
 -- Sample 48: 0.8969
 -- Sample 49: 0.8611
Mean=0.8154, Std=0.1113
------------------------------------------------------------------
    Evaluating Ko et al (D3 N1)
Bias Error: using Single Component
Mean: 40.1527, Std: 45.6574
------------------------------------------------------------------
Magnitude Error: 
 -- Sample 0: mean=49.9185%; std=24.9522
 -- Sample 1: mean=50.4270%; std=14.5633
 -- Sample 2: mean=51.8608%; std=16.6839
 -- Sample 3: mean=50.3834%; std=13.6100
 -- Sample 4: mean=214.5956%; std=267.3793
 -- Sample 5: mean=233.5396%; std=308.0848
 -- Sample 6: mean=253.6547%; std=307.9242
 -- Sample 7: mean=269.9243%; std=354.9682
 -- Sample 8: mean=51.8767%; std=26.7337
 -- Sample 9: mean=51.4165%; std=26.9359
 -- Sample 10: mean=47.6343%; std=22.1710
 -- Sample 11: mean=51.1171%; std=29.4301
 -- Sample 12: mean=28.5789%; std=21.5578
 -- Sample 13: mean=32.2736%; std=16.3932
 -- Sample 14: mean=36.4956%; std=19.7445
 -- Sample 15: mean=46.0719%; std=23.5354
 -- Sample 16: mean=58.0664%; std=17.9396
 -- Sample 17: mean=49.4644%; std=19.8077
 -- Sample 18: mean=47.9992%; std=16.0117
 -- Sample 19: mean=55.9676%; std=15.5307
 -- Sample 20: mean=60.2321%; std=29.6203
 -- Sample 21: mean=50.3509%; std=26.1917
 -- Sample 22: mean=55.1080%; std=27.5009
 -- Sample 23: mean=56.6721%; std=45.5451
 -- Sample 24: mean=60.5267%; std=50.2452
 -- Sample 25: mean=60.7678%; std=36.3161
 -- Sample 26: mean=68.4365%; std=58.3578
 -- Sample 27: mean=68.4215%; std=53.8012
 -- Sample 28: mean=18.9065%; std=13.8218
 -- Sample 29: mean=18.4901%; std=18.6543
 -- Sample 30: mean=20.3785%; std=17.2287
 -- Sample 31: mean=22.5915%; std=16.8701
 -- Sample 32: mean=64.1849%; std=56.0666
 -- Sample 33: mean=47.2652%; std=35.4903
 -- Sample 34: mean=50.1104%; std=41.5958
 -- Sample 35: mean=42.6367%; std=44.2596
 -- Sample 36: mean=35.0640%; std=23.1538
 -- Sample 37: mean=35.4995%; std=18.0162
 -- Sample 38: mean=30.5318%; std=21.6868
 -- Sample 39: mean=37.7666%; std=19.7326
 -- Sample 40: mean=64.2843%; std=28.1781
 -- Sample 41: mean=61.0657%; std=34.8718
 -- Sample 42: mean=55.6200%; std=43.2766
 -- Sample 43: mean=55.5413%; std=41.6287
 -- Sample 44: mean=32.3812%; std=26.0001
 -- Sample 45: mean=41.3977%; std=44.5733
 -- Sample 46: mean=35.3229%; std=42.4438
 -- Sample 47: mean=42.8182%; std=38.6434
 -- Sample 48: mean=33.1744%; std=29.6276
 -- Sample 49: mean=33.7454%; std=25.7447
Mean: 61.8112%, Std: 55.1760%
------------------------------------------------------------------
Correlation comparison:
 -- Sample 0: 0.8555
 -- Sample 1: 0.9266
 -- Sample 2: 0.8918
 -- Sample 3: 0.9563
 -- Sample 4: 0.5778
 -- Sample 5: 0.5771
 -- Sample 6: 0.6018
 -- Sample 7: 0.5421
 -- Sample 8: 0.9139
 -- Sample 9: 0.8822
 -- Sample 10: 0.9189
 -- Sample 11: 0.8906
 -- Sample 12: 0.9315
 -- Sample 13: 0.9403
 -- Sample 14: 0.8925
 -- Sample 15: 0.8562
 -- Sample 16: 0.9132
 -- Sample 17: 0.9312
 -- Sample 18: 0.9545
 -- Sample 19: 0.9395
 -- Sample 20: 0.7794
 -- Sample 21: 0.8314
 -- Sample 22: 0.6908
 -- Sample 23: 0.7041
 -- Sample 24: 0.7284
 -- Sample 25: 0.7871
 -- Sample 26: 0.6938
 -- Sample 27: 0.7291
 -- Sample 28: 0.9584
 -- Sample 29: 0.9409
 -- Sample 30: 0.9562
 -- Sample 31: 0.9464
 -- Sample 32: 0.8789
 -- Sample 33: 0.8647
 -- Sample 34: 0.8567
 -- Sample 35: 0.8954
 -- Sample 36: 0.9288
 -- Sample 37: 0.9730
 -- Sample 38: 0.9625
 -- Sample 39: 0.9646
 -- Sample 40: 0.6816
 -- Sample 41: 0.6749
 -- Sample 42: 0.7225
 -- Sample 43: 0.7079
 -- Sample 44: 0.9312
 -- Sample 45: 0.8618
 -- Sample 46: 0.8904
 -- Sample 47: 0.8862
 -- Sample 48: 0.9263
 -- Sample 49: 0.9104
Mean=0.8431, Std=0.1178
------------------------------------------------------------------
    Evaluating Ko et al (D3 N2)
Bias Error: using Single Component
Mean: 36.8899, Std: 47.6683
------------------------------------------------------------------
Magnitude Error: 
 -- Sample 0: mean=51.4410%; std=19.8278
 -- Sample 1: mean=54.7569%; std=9.5402
 -- Sample 2: mean=57.6782%; std=17.5555
 -- Sample 3: mean=34.3733%; std=16.5774
 -- Sample 4: mean=245.7740%; std=390.5369
 -- Sample 5: mean=236.4830%; std=319.7138
 -- Sample 6: mean=268.3464%; std=380.8824
 -- Sample 7: mean=317.6293%; std=417.8394
 -- Sample 8: mean=48.3056%; std=26.4746
 -- Sample 9: mean=48.2279%; std=23.4853
 -- Sample 10: mean=48.9103%; std=29.6701
 -- Sample 11: mean=43.3113%; std=30.3353
 -- Sample 12: mean=25.6964%; std=16.5857
 -- Sample 13: mean=26.8654%; std=14.3353
 -- Sample 14: mean=27.5987%; std=19.4661
 -- Sample 15: mean=39.1070%; std=20.8519
 -- Sample 16: mean=45.3101%; std=19.0527
 -- Sample 17: mean=56.1399%; std=19.3103
 -- Sample 18: mean=48.4919%; std=18.2153
 -- Sample 19: mean=54.1760%; std=17.7609
 -- Sample 20: mean=55.7873%; std=28.3976
 -- Sample 21: mean=57.8541%; std=32.2417
 -- Sample 22: mean=53.7002%; std=26.0812
 -- Sample 23: mean=46.1429%; std=23.2953
 -- Sample 24: mean=66.4011%; std=50.7658
 -- Sample 25: mean=53.9592%; std=42.7028
 -- Sample 26: mean=55.6048%; std=42.7721
 -- Sample 27: mean=57.2830%; std=49.3661
 -- Sample 28: mean=25.0216%; std=16.4265
 -- Sample 29: mean=19.2973%; std=14.2570
 -- Sample 30: mean=17.4368%; std=14.4078
 -- Sample 31: mean=20.5977%; std=15.0167
 -- Sample 32: mean=42.9314%; std=28.7992
 -- Sample 33: mean=37.3576%; std=34.7583
 -- Sample 34: mean=40.6255%; std=36.6754
 -- Sample 35: mean=36.9045%; std=24.2044
 -- Sample 36: mean=32.8414%; std=25.6314
 -- Sample 37: mean=29.4482%; std=22.7361
 -- Sample 38: mean=28.7479%; std=20.1620
 -- Sample 39: mean=26.8609%; std=24.1387
 -- Sample 40: mean=61.6599%; std=40.6700
 -- Sample 41: mean=51.9266%; std=25.3395
 -- Sample 42: mean=64.9084%; std=38.0010
 -- Sample 43: mean=52.3127%; std=29.9887
 -- Sample 44: mean=32.3018%; std=23.8803
 -- Sample 45: mean=40.8253%; std=36.9674
 -- Sample 46: mean=35.2574%; std=44.0201
 -- Sample 47: mean=34.8029%; std=28.8715
 -- Sample 48: mean=35.7014%; std=34.0468
 -- Sample 49: mean=25.4184%; std=22.9548
Mean: 60.3708%, Std: 62.8348%
------------------------------------------------------------------
Correlation comparison:
 -- Sample 0: 0.8612
 -- Sample 1: 0.9368
 -- Sample 2: 0.8798
 -- Sample 3: 0.9568
 -- Sample 4: 0.4721
 -- Sample 5: 0.4368
 -- Sample 6: 0.4698
 -- Sample 7: 0.4747
 -- Sample 8: 0.9089
 -- Sample 9: 0.9106
 -- Sample 10: 0.9096
 -- Sample 11: 0.9134
 -- Sample 12: 0.9485
 -- Sample 13: 0.9636
 -- Sample 14: 0.9307
 -- Sample 15: 0.8937
 -- Sample 16: 0.9321
 -- Sample 17: 0.9124
 -- Sample 18: 0.9218
 -- Sample 19: 0.9242
 -- Sample 20: 0.8219
 -- Sample 21: 0.7660
 -- Sample 22: 0.8219
 -- Sample 23: 0.9084
 -- Sample 24: 0.6852
 -- Sample 25: 0.7985
 -- Sample 26: 0.7842
 -- Sample 27: 0.7642
 -- Sample 28: 0.9331
 -- Sample 29: 0.9553
 -- Sample 30: 0.9682
 -- Sample 31: 0.9469
 -- Sample 32: 0.8946
 -- Sample 33: 0.9484
 -- Sample 34: 0.9093
 -- Sample 35: 0.9338
 -- Sample 36: 0.9319
 -- Sample 37: 0.9594
 -- Sample 38: 0.9597
 -- Sample 39: 0.9586
 -- Sample 40: 0.7145
 -- Sample 41: 0.7475
 -- Sample 42: 0.6467
 -- Sample 43: 0.6742
 -- Sample 44: 0.9383
 -- Sample 45: 0.8941
 -- Sample 46: 0.8983
 -- Sample 47: 0.9261
 -- Sample 48: 0.8685
 -- Sample 49: 0.9536
Mean=0.8494, Std=0.1397
------------------------------------------------------------------
    Evaluating Ko et al (D3 N3)
Bias Error: using Single Component
Mean: 35.7330, Std: 54.5295
------------------------------------------------------------------
Magnitude Error: 
 -- Sample 0: mean=37.8224%; std=20.9709
 -- Sample 1: mean=39.7566%; std=12.6784
 -- Sample 2: mean=48.3052%; std=14.8487
 -- Sample 3: mean=27.3788%; std=19.0917
 -- Sample 4: mean=315.2551%; std=472.4638
 -- Sample 5: mean=195.2648%; std=299.5621
 -- Sample 6: mean=243.1827%; std=377.4243
 -- Sample 7: mean=317.9823%; std=474.1812
 -- Sample 8: mean=44.9684%; std=28.0641
 -- Sample 9: mean=40.7179%; std=25.7611
 -- Sample 10: mean=40.6090%; std=30.3430
 -- Sample 11: mean=45.4139%; std=33.7057
 -- Sample 12: mean=26.7408%; std=18.9887
 -- Sample 13: mean=31.7783%; std=13.1449
 -- Sample 14: mean=30.7670%; std=18.5272
 -- Sample 15: mean=36.7770%; std=21.3568
 -- Sample 16: mean=40.4249%; std=21.4767
 -- Sample 17: mean=43.7097%; std=22.9904
 -- Sample 18: mean=38.1368%; std=21.2106
 -- Sample 19: mean=45.4869%; std=19.6964
 -- Sample 20: mean=46.3981%; std=22.3533
 -- Sample 21: mean=51.7637%; std=20.2136
 -- Sample 22: mean=49.0033%; std=22.2966
 -- Sample 23: mean=51.2984%; std=21.5743
 -- Sample 24: mean=67.4753%; std=64.5253
 -- Sample 25: mean=44.0588%; std=36.8396
 -- Sample 26: mean=63.0689%; std=55.2932
 -- Sample 27: mean=54.7857%; std=53.9136
 -- Sample 28: mean=29.4707%; std=23.9263
 -- Sample 29: mean=22.3150%; std=19.6761
 -- Sample 30: mean=23.2446%; std=20.4208
 -- Sample 31: mean=20.6102%; std=15.0153
 -- Sample 32: mean=43.4398%; std=30.4685
 -- Sample 33: mean=33.7987%; std=28.2232
 -- Sample 34: mean=36.7350%; std=36.4025
 -- Sample 35: mean=38.7855%; std=38.0819
 -- Sample 36: mean=25.7967%; std=20.8917
 -- Sample 37: mean=25.6556%; std=20.0835
 -- Sample 38: mean=20.0575%; std=17.6872
 -- Sample 39: mean=28.5599%; std=25.0725
 -- Sample 40: mean=63.8431%; std=49.2795
 -- Sample 41: mean=52.5551%; std=28.0736
 -- Sample 42: mean=48.5676%; std=29.1833
 -- Sample 43: mean=68.9006%; std=50.5412
 -- Sample 44: mean=31.4013%; std=30.8140
 -- Sample 45: mean=31.6225%; std=24.1407
 -- Sample 46: mean=26.4696%; std=50.8727
 -- Sample 47: mean=32.9418%; std=22.6099
 -- Sample 48: mean=39.2773%; std=33.9014
 -- Sample 49: mean=36.2553%; std=40.2213
Mean: 57.9727%, Std: 64.6481%
------------------------------------------------------------------
Correlation comparison:
 -- Sample 0: 0.8759
 -- Sample 1: 0.9661
 -- Sample 2: 0.9176
 -- Sample 3: 0.9398
 -- Sample 4: 0.4915
 -- Sample 5: 0.6207
 -- Sample 6: 0.4553
 -- Sample 7: 0.4270
 -- Sample 8: 0.9073
 -- Sample 9: 0.9332
 -- Sample 10: 0.9193
 -- Sample 11: 0.8847
 -- Sample 12: 0.9400
 -- Sample 13: 0.9581
 -- Sample 14: 0.9418
 -- Sample 15: 0.8928
 -- Sample 16: 0.9420
 -- Sample 17: 0.9098
 -- Sample 18: 0.9309
 -- Sample 19: 0.9410
 -- Sample 20: 0.9142
 -- Sample 21: 0.8875
 -- Sample 22: 0.8893
 -- Sample 23: 0.9232
 -- Sample 24: 0.7567
 -- Sample 25: 0.8610
 -- Sample 26: 0.7664
 -- Sample 27: 0.7289
 -- Sample 28: 0.9387
 -- Sample 29: 0.9504
 -- Sample 30: 0.9469
 -- Sample 31: 0.9579
 -- Sample 32: 0.9068
 -- Sample 33: 0.9326
 -- Sample 34: 0.9465
 -- Sample 35: 0.9273
 -- Sample 36: 0.9585
 -- Sample 37: 0.9445
 -- Sample 38: 0.9696
 -- Sample 39: 0.9453
 -- Sample 40: 0.6714
 -- Sample 41: 0.7494
 -- Sample 42: 0.7590
 -- Sample 43: 0.6278
 -- Sample 44: 0.9519
 -- Sample 45: 0.9214
 -- Sample 46: 0.9075
 -- Sample 47: 0.9424
 -- Sample 48: 0.9103
 -- Sample 49: 0.9239
Mean=0.8642, Std=0.1336
------------------------------------------------------------------
  Processing Batch 6 (Size: 50)...
    Evaluating Javier Santos (D0 N4)
Bias Error: using Single Component
Mean: 624.2869, Std: 454.7088
------------------------------------------------------------------
Magnitude Error: 
 -- Sample 0: mean=354.6434%; std=249.3794
 -- Sample 1: mean=349.8319%; std=256.6020
 -- Sample 2: mean=561.1852%; std=391.3573
 -- Sample 3: mean=564.4304%; std=382.5340
 -- Sample 4: mean=590.9853%; std=388.7040
 -- Sample 5: mean=557.7854%; std=382.5620
 -- Sample 6: mean=252.4571%; std=186.4753
 -- Sample 7: mean=260.4582%; std=207.3016
 -- Sample 8: mean=266.1533%; std=205.2462
 -- Sample 9: mean=252.1410%; std=183.7697
 -- Sample 10: mean=313.2044%; std=232.0230
 -- Sample 11: mean=313.9995%; std=246.1167
 -- Sample 12: mean=342.6077%; std=247.7828
 -- Sample 13: mean=316.7593%; std=232.8915
 -- Sample 14: mean=94.7404%; std=62.9529
 -- Sample 15: mean=111.7960%; std=64.3491
 -- Sample 16: mean=102.0295%; std=57.4033
 -- Sample 17: mean=113.0646%; std=71.0625
 -- Sample 18: mean=256.3574%; std=199.8774
 -- Sample 19: mean=264.1681%; std=192.9735
 -- Sample 20: mean=268.0925%; std=203.7122
 -- Sample 21: mean=265.4404%; std=202.1524
 -- Sample 22: mean=1081.2056%; std=778.6287
 -- Sample 23: mean=1138.7776%; std=731.3862
 -- Sample 24: mean=1147.9865%; std=813.6599
 -- Sample 25: mean=1072.8157%; std=716.5784
 -- Sample 26: mean=503.5544%; std=435.1760
 -- Sample 27: mean=528.7285%; std=454.6196
 -- Sample 28: mean=517.7509%; std=448.8426
 -- Sample 29: mean=531.8170%; std=457.1010
 -- Sample 30: mean=488.5830%; std=327.8909
 -- Sample 31: mean=494.6117%; std=356.7229
 -- Sample 32: mean=490.4289%; std=329.4978
 -- Sample 33: mean=478.6350%; std=318.3553
 -- Sample 34: mean=881.5562%; std=609.8179
 -- Sample 35: mean=900.0681%; std=627.4248
 -- Sample 36: mean=883.0746%; std=594.1206
 -- Sample 37: mean=819.9758%; std=564.3563
 -- Sample 38: mean=271.9113%; std=205.3283
 -- Sample 39: mean=278.3882%; std=194.4652
 -- Sample 40: mean=275.6071%; std=203.6603
 -- Sample 41: mean=285.8802%; std=204.8152
 -- Sample 42: mean=331.4177%; std=280.9433
 -- Sample 43: mean=325.8470%; std=296.9507
 -- Sample 44: mean=318.9996%; std=267.1562
 -- Sample 45: mean=313.4812%; std=268.7103
 -- Sample 46: mean=85.2017%; std=59.6080
 -- Sample 47: mean=83.5739%; std=63.3191
 -- Sample 48: mean=87.6353%; std=61.3612
 -- Sample 49: mean=84.4122%; std=69.9448
Mean: 429.4851%, Std: 285.9143%
------------------------------------------------------------------
Correlation comparison:
 -- Sample 0: 0.6038
 -- Sample 1: 0.5925
 -- Sample 2: 0.4952
 -- Sample 3: 0.5080
 -- Sample 4: 0.5112
 -- Sample 5: 0.5345
 -- Sample 6: 0.5697
 -- Sample 7: 0.5342
 -- Sample 8: 0.5704
 -- Sample 9: 0.5833
 -- Sample 10: 0.5367
 -- Sample 11: 0.5321
 -- Sample 12: 0.5548
 -- Sample 13: 0.5584
 -- Sample 14: 0.8282
 -- Sample 15: 0.8611
 -- Sample 16: 0.8567
 -- Sample 17: 0.8554
 -- Sample 18: 0.5996
 -- Sample 19: 0.6319
 -- Sample 20: 0.5725
 -- Sample 21: 0.6003
 -- Sample 22: 0.3125
 -- Sample 23: 0.3895
 -- Sample 24: 0.3364
 -- Sample 25: 0.3756
 -- Sample 26: 0.3115
 -- Sample 27: 0.3124
 -- Sample 28: 0.3196
 -- Sample 29: 0.3276
 -- Sample 30: 0.5160
 -- Sample 31: 0.4626
 -- Sample 32: 0.5405
 -- Sample 33: 0.5261
 -- Sample 34: 0.4314
 -- Sample 35: 0.4661
 -- Sample 36: 0.4820
 -- Sample 37: 0.4246
 -- Sample 38: 0.5136
 -- Sample 39: 0.5497
 -- Sample 40: 0.5403
 -- Sample 41: 0.5735
 -- Sample 42: 0.5544
 -- Sample 43: 0.5170
 -- Sample 44: 0.5561
 -- Sample 45: 0.4943
 -- Sample 46: 0.8780
 -- Sample 47: 0.8550
 -- Sample 48: 0.8665
 -- Sample 49: 0.8278
Mean=0.5550, Std=0.1546
------------------------------------------------------------------
    Evaluating Javier Santos (D1 N4)
Bias Error: using Single Component
Mean: 49.5477, Std: 25.0327
------------------------------------------------------------------
Magnitude Error: 
 -- Sample 0: mean=52.4699%; std=21.3828
 -- Sample 1: mean=53.5378%; std=21.4297
 -- Sample 2: mean=64.7908%; std=109.3132
 -- Sample 3: mean=64.3008%; std=101.9240
 -- Sample 4: mean=60.7457%; std=105.1715
 -- Sample 5: mean=60.1715%; std=107.3025
 -- Sample 6: mean=67.2259%; std=24.3389
 -- Sample 7: mean=69.4286%; std=24.3327
 -- Sample 8: mean=71.2268%; std=24.3612
 -- Sample 9: mean=65.8768%; std=23.8670
 -- Sample 10: mean=55.4312%; std=23.7894
 -- Sample 11: mean=55.5511%; std=24.3549
 -- Sample 12: mean=54.5628%; std=23.5426
 -- Sample 13: mean=55.4842%; std=22.8770
 -- Sample 14: mean=65.0589%; std=15.4255
 -- Sample 15: mean=66.6460%; std=13.9883
 -- Sample 16: mean=66.8145%; std=14.6272
 -- Sample 17: mean=67.4511%; std=16.5292
 -- Sample 18: mean=57.5472%; std=21.6837
 -- Sample 19: mean=60.1793%; std=21.4492
 -- Sample 20: mean=57.7757%; std=21.8138
 -- Sample 21: mean=55.3230%; std=22.1220
 -- Sample 22: mean=135.5867%; std=163.1018
 -- Sample 23: mean=146.9492%; std=176.7871
 -- Sample 24: mean=122.8942%; std=172.2390
 -- Sample 25: mean=134.9445%; std=178.4515
 -- Sample 26: mean=49.8893%; std=36.8889
 -- Sample 27: mean=51.4909%; std=41.4178
 -- Sample 28: mean=47.9519%; std=36.5757
 -- Sample 29: mean=52.4431%; std=37.6303
 -- Sample 30: mean=49.3950%; std=51.0849
 -- Sample 31: mean=52.5704%; std=50.2773
 -- Sample 32: mean=49.4050%; std=49.4673
 -- Sample 33: mean=46.8602%; std=53.7772
 -- Sample 34: mean=85.2437%; std=108.2255
 -- Sample 35: mean=78.5947%; std=99.2356
 -- Sample 36: mean=77.8624%; std=103.0116
 -- Sample 37: mean=81.1345%; std=111.2897
 -- Sample 38: mean=60.7435%; std=25.0457
 -- Sample 39: mean=63.0504%; std=25.2221
 -- Sample 40: mean=59.2719%; std=24.9092
 -- Sample 41: mean=59.9263%; std=26.2807
 -- Sample 42: mean=56.9928%; std=37.6894
 -- Sample 43: mean=56.6622%; std=39.5377
 -- Sample 44: mean=58.0030%; std=38.3236
 -- Sample 45: mean=55.3320%; std=35.4106
 -- Sample 46: mean=66.2135%; std=14.8582
 -- Sample 47: mean=65.6472%; std=12.8195
 -- Sample 48: mean=64.6920%; std=13.7759
 -- Sample 49: mean=64.6671%; std=15.1651
Mean: 66.8403%, Std: 21.9055%
------------------------------------------------------------------
Correlation comparison:
 -- Sample 0: 0.8542
 -- Sample 1: 0.8557
 -- Sample 2: 0.6370
 -- Sample 3: 0.6322
 -- Sample 4: 0.6544
 -- Sample 5: 0.6308
 -- Sample 6: 0.7052
 -- Sample 7: 0.7043
 -- Sample 8: 0.7095
 -- Sample 9: 0.7444
 -- Sample 10: 0.7331
 -- Sample 11: 0.7482
 -- Sample 12: 0.7543
 -- Sample 13: 0.7531
 -- Sample 14: 0.8688
 -- Sample 15: 0.8572
 -- Sample 16: 0.8710
 -- Sample 17: 0.8399
 -- Sample 18: 0.7824
 -- Sample 19: 0.7595
 -- Sample 20: 0.7781
 -- Sample 21: 0.7676
 -- Sample 22: 0.4170
 -- Sample 23: 0.4453
 -- Sample 24: 0.4437
 -- Sample 25: 0.4163
 -- Sample 26: 0.6620
 -- Sample 27: 0.6449
 -- Sample 28: 0.6608
 -- Sample 29: 0.6017
 -- Sample 30: 0.6526
 -- Sample 31: 0.6661
 -- Sample 32: 0.6611
 -- Sample 33: 0.6732
 -- Sample 34: 0.5966
 -- Sample 35: 0.5792
 -- Sample 36: 0.5798
 -- Sample 37: 0.5803
 -- Sample 38: 0.7028
 -- Sample 39: 0.6651
 -- Sample 40: 0.7125
 -- Sample 41: 0.6912
 -- Sample 42: 0.5342
 -- Sample 43: 0.5900
 -- Sample 44: 0.5302
 -- Sample 45: 0.5607
 -- Sample 46: 0.8330
 -- Sample 47: 0.8467
 -- Sample 48: 0.8725
 -- Sample 49: 0.8450
Mean=0.6861, Std=0.1212
------------------------------------------------------------------
    Evaluating Javier Santos (D2 N4)
Bias Error: using Single Component
Mean: 62.1017, Std: 23.0467
------------------------------------------------------------------
Magnitude Error: 
 -- Sample 0: mean=76.3866%; std=15.1386
 -- Sample 1: mean=77.0208%; std=14.7932
 -- Sample 2: mean=65.6832%; std=22.6547
 -- Sample 3: mean=65.7351%; std=21.2083
 -- Sample 4: mean=65.6020%; std=21.7271
 -- Sample 5: mean=63.7081%; std=22.5430
 -- Sample 6: mean=82.0349%; std=10.8623
 -- Sample 7: mean=82.2236%; std=10.6002
 -- Sample 8: mean=81.8874%; std=10.3069
 -- Sample 9: mean=81.7631%; std=10.5941
 -- Sample 10: mean=79.9599%; std=11.2147
 -- Sample 11: mean=79.2173%; std=11.7381
 -- Sample 12: mean=78.9850%; std=11.8301
 -- Sample 13: mean=79.4936%; std=11.5300
 -- Sample 14: mean=90.7331%; std=4.9304
 -- Sample 15: mean=90.8767%; std=4.8400
 -- Sample 16: mean=90.8437%; std=5.0329
 -- Sample 17: mean=90.7627%; std=4.8078
 -- Sample 18: mean=81.4428%; std=11.0370
 -- Sample 19: mean=81.3254%; std=10.6953
 -- Sample 20: mean=80.5435%; std=11.4364
 -- Sample 21: mean=80.3807%; std=11.3142
 -- Sample 22: mean=53.1816%; std=27.6235
 -- Sample 23: mean=54.2050%; std=28.1083
 -- Sample 24: mean=54.5041%; std=27.5651
 -- Sample 25: mean=53.9243%; std=28.3447
 -- Sample 26: mean=66.1065%; std=23.3348
 -- Sample 27: mean=66.4191%; std=23.3550
 -- Sample 28: mean=65.4996%; std=24.0453
 -- Sample 29: mean=66.9148%; std=23.3463
 -- Sample 30: mean=73.3012%; std=17.9950
 -- Sample 31: mean=72.1486%; std=18.8358
 -- Sample 32: mean=72.4857%; std=18.2049
 -- Sample 33: mean=73.9013%; std=17.4158
 -- Sample 34: mean=56.4872%; std=26.0910
 -- Sample 35: mean=57.3266%; std=25.6642
 -- Sample 36: mean=57.7065%; std=25.1737
 -- Sample 37: mean=58.1855%; std=25.8483
 -- Sample 38: mean=79.8946%; std=13.2070
 -- Sample 39: mean=80.8034%; std=12.7664
 -- Sample 40: mean=80.4840%; std=13.1168
 -- Sample 41: mean=80.7224%; std=12.7036
 -- Sample 42: mean=78.9240%; std=16.5670
 -- Sample 43: mean=78.0465%; std=17.1456
 -- Sample 44: mean=78.0036%; std=16.9630
 -- Sample 45: mean=77.9851%; std=17.2126
 -- Sample 46: mean=92.6734%; std=3.9633
 -- Sample 47: mean=92.4029%; std=4.3781
 -- Sample 48: mean=92.7755%; std=4.2632
 -- Sample 49: mean=92.8357%; std=4.2985
Mean: 75.0892%, Std: 11.4512%
------------------------------------------------------------------
Correlation comparison:
 -- Sample 0: 0.4108
 -- Sample 1: 0.3833
 -- Sample 2: 0.2753
 -- Sample 3: 0.3130
 -- Sample 4: 0.3115
 -- Sample 5: 0.3274
 -- Sample 6: 0.3932
 -- Sample 7: 0.4013
 -- Sample 8: 0.4331
 -- Sample 9: 0.4179
 -- Sample 10: 0.4012
 -- Sample 11: 0.4070
 -- Sample 12: 0.4175
 -- Sample 13: 0.4140
 -- Sample 14: 0.5480
 -- Sample 15: 0.5302
 -- Sample 16: 0.5328
 -- Sample 17: 0.5410
 -- Sample 18: 0.4100
 -- Sample 19: 0.4054
 -- Sample 20: 0.4405
 -- Sample 21: 0.4188
 -- Sample 22: 0.1909
 -- Sample 23: 0.1811
 -- Sample 24: 0.1760
 -- Sample 25: 0.2027
 -- Sample 26: 0.2396
 -- Sample 27: 0.2503
 -- Sample 28: 0.2366
 -- Sample 29: 0.2275
 -- Sample 30: 0.3037
 -- Sample 31: 0.3302
 -- Sample 32: 0.3161
 -- Sample 33: 0.3031
 -- Sample 34: 0.3089
 -- Sample 35: 0.3018
 -- Sample 36: 0.2967
 -- Sample 37: 0.2836
 -- Sample 38: 0.3979
 -- Sample 39: 0.3737
 -- Sample 40: 0.3677
 -- Sample 41: 0.3730
 -- Sample 42: 0.2905
 -- Sample 43: 0.2728
 -- Sample 44: 0.2787
 -- Sample 45: 0.2903
 -- Sample 46: 0.5554
 -- Sample 47: 0.5559
 -- Sample 48: 0.5270
 -- Sample 49: 0.5113
Mean=0.3615, Std=0.1035
------------------------------------------------------------------
    Evaluating Javier Santos (D3 N4)
Bias Error: using Single Component
Mean: 93.4630, Std: 4.9449
------------------------------------------------------------------
Magnitude Error: 
 -- Sample 0: mean=94.5135%; std=5.2870
 -- Sample 1: mean=94.4919%; std=5.2723
 -- Sample 2: mean=91.2425%; std=9.3225
 -- Sample 3: mean=90.8977%; std=9.5547
 -- Sample 4: mean=91.0355%; std=8.8792
 -- Sample 5: mean=91.2823%; std=9.2289
 -- Sample 6: mean=95.4756%; std=4.0674
 -- Sample 7: mean=95.1285%; std=4.1172
 -- Sample 8: mean=95.0880%; std=4.1301
 -- Sample 9: mean=95.4550%; std=4.1156
 -- Sample 10: mean=95.1211%; std=4.4005
 -- Sample 11: mean=95.0616%; std=4.6001
 -- Sample 12: mean=94.9836%; std=4.7051
 -- Sample 13: mean=95.2324%; std=4.4202
 -- Sample 14: mean=97.3551%; std=2.5818
 -- Sample 15: mean=97.3673%; std=2.4691
 -- Sample 16: mean=97.4616%; std=2.4617
 -- Sample 17: mean=97.2374%; std=2.6550
 -- Sample 18: mean=94.5851%; std=4.5312
 -- Sample 19: mean=94.7448%; std=4.4370
 -- Sample 20: mean=94.2295%; std=4.5614
 -- Sample 21: mean=94.8354%; std=4.1899
 -- Sample 22: mean=83.0173%; std=16.3832
 -- Sample 23: mean=84.7235%; std=14.2500
 -- Sample 24: mean=82.5263%; std=16.3627
 -- Sample 25: mean=82.4801%; std=16.6522
 -- Sample 26: mean=92.2685%; std=7.6029
 -- Sample 27: mean=91.1527%; std=8.2838
 -- Sample 28: mean=91.5368%; std=8.2763
 -- Sample 29: mean=92.6225%; std=7.5148
 -- Sample 30: mean=93.1983%; std=7.2266
 -- Sample 31: mean=93.0739%; std=7.3025
 -- Sample 32: mean=92.7189%; std=7.9649
 -- Sample 33: mean=92.5698%; std=7.8615
 -- Sample 34: mean=86.4085%; std=13.3395
 -- Sample 35: mean=87.5889%; std=12.3772
 -- Sample 36: mean=86.4684%; std=13.3531
 -- Sample 37: mean=86.3411%; std=12.8455
 -- Sample 38: mean=95.6796%; std=4.3335
 -- Sample 39: mean=95.9090%; std=4.4260
 -- Sample 40: mean=95.7311%; std=4.4992
 -- Sample 41: mean=95.7839%; std=4.2862
 -- Sample 42: mean=94.7604%; std=5.6079
 -- Sample 43: mean=95.1523%; std=5.2378
 -- Sample 44: mean=94.4115%; std=5.9157
 -- Sample 45: mean=95.1093%; std=5.3251
 -- Sample 46: mean=98.0604%; std=2.1821
 -- Sample 47: mean=97.9056%; std=2.3460
 -- Sample 48: mean=97.9307%; std=2.3216
 -- Sample 49: mean=98.2148%; std=2.0917
Mean: 93.1234%, Std: 4.1088%
------------------------------------------------------------------
Correlation comparison:
 -- Sample 0: 0.1655
 -- Sample 1: 0.2096
 -- Sample 2: 0.1103
 -- Sample 3: 0.1064
 -- Sample 4: 0.1677
 -- Sample 5: 0.1111
 -- Sample 6: 0.1386
 -- Sample 7: 0.1663
 -- Sample 8: 0.2058
 -- Sample 9: 0.1189
 -- Sample 10: 0.2476
 -- Sample 11: 0.2009
 -- Sample 12: 0.1412
 -- Sample 13: 0.1649
 -- Sample 14: 0.3155
 -- Sample 15: 0.3210
 -- Sample 16: 0.2324
 -- Sample 17: 0.2442
 -- Sample 18: 0.2438
 -- Sample 19: 0.2782
 -- Sample 20: 0.2804
 -- Sample 21: 0.2509
 -- Sample 22: 0.1402
 -- Sample 23: 0.1322
 -- Sample 24: 0.1250
 -- Sample 25: 0.1448
 -- Sample 26: 0.0626
 -- Sample 27: 0.1291
 -- Sample 28: 0.0849
 -- Sample 29: 0.1053
 -- Sample 30: 0.0856
 -- Sample 31: 0.0676
 -- Sample 32: 0.0560
 -- Sample 33: 0.0586
 -- Sample 34: 0.1178
 -- Sample 35: 0.0565
 -- Sample 36: 0.0733
 -- Sample 37: 0.1029
 -- Sample 38: 0.1044
 -- Sample 39: 0.0967
 -- Sample 40: 0.0922
 -- Sample 41: 0.1014
 -- Sample 42: 0.1083
 -- Sample 43: 0.0316
 -- Sample 44: 0.0874
 -- Sample 45: 0.1021
 -- Sample 46: 0.2084
 -- Sample 47: 0.1822
 -- Sample 48: 0.2008
 -- Sample 49: 0.2442
Mean=0.1505, Std=0.0722
------------------------------------------------------------------
    Evaluating Ko et al (D0 N4)
Bias Error: using Single Component
Mean: 89.9739, Std: 68.1246
------------------------------------------------------------------
Magnitude Error: 
 -- Sample 0: mean=137.9433%; std=142.8304
 -- Sample 1: mean=139.7334%; std=148.8831
 -- Sample 2: mean=125.1113%; std=127.9774
 -- Sample 3: mean=123.4198%; std=131.3357
 -- Sample 4: mean=131.3631%; std=133.8601
 -- Sample 5: mean=116.5484%; std=128.4535
 -- Sample 6: mean=81.3638%; std=63.6474
 -- Sample 7: mean=87.6001%; std=71.7781
 -- Sample 8: mean=87.4323%; std=69.5043
 -- Sample 9: mean=86.2761%; std=70.3941
 -- Sample 10: mean=128.5723%; std=126.9235
 -- Sample 11: mean=125.3329%; std=124.5276
 -- Sample 12: mean=124.3560%; std=126.2335
 -- Sample 13: mean=115.2898%; std=117.7630
 -- Sample 14: mean=29.6898%; std=28.7033
 -- Sample 15: mean=35.7791%; std=38.6957
 -- Sample 16: mean=33.2486%; std=37.0808
 -- Sample 17: mean=34.1323%; std=34.2890
 -- Sample 18: mean=115.6995%; std=91.2430
 -- Sample 19: mean=119.5767%; std=107.2324
 -- Sample 20: mean=119.5816%; std=105.6592
 -- Sample 21: mean=120.8090%; std=97.8570
 -- Sample 22: mean=187.5194%; std=197.6832
 -- Sample 23: mean=198.9306%; std=232.0622
 -- Sample 24: mean=186.4876%; std=209.8919
 -- Sample 25: mean=196.7491%; std=220.1346
 -- Sample 26: mean=122.9684%; std=143.2527
 -- Sample 27: mean=127.9391%; std=148.1577
 -- Sample 28: mean=131.1983%; std=148.9256
 -- Sample 29: mean=129.3234%; std=151.9717
 -- Sample 30: mean=115.4569%; std=100.4397
 -- Sample 31: mean=111.5202%; std=93.3920
 -- Sample 32: mean=106.0472%; std=88.1113
 -- Sample 33: mean=111.3985%; std=94.9507
 -- Sample 34: mean=277.9235%; std=254.7808
 -- Sample 35: mean=279.4329%; std=252.1461
 -- Sample 36: mean=240.6149%; std=226.2085
 -- Sample 37: mean=265.4067%; std=246.5672
 -- Sample 38: mean=67.2317%; std=67.0263
 -- Sample 39: mean=65.0735%; std=70.3066
 -- Sample 40: mean=65.5382%; std=66.8980
 -- Sample 41: mean=66.8255%; std=69.5043
 -- Sample 42: mean=99.2785%; std=96.5840
 -- Sample 43: mean=105.3640%; std=107.7687
 -- Sample 44: mean=99.1699%; std=99.8511
 -- Sample 45: mean=97.1024%; std=101.3885
 -- Sample 46: mean=31.6682%; std=18.3172
 -- Sample 47: mean=31.5042%; std=18.7119
 -- Sample 48: mean=33.4560%; std=18.4778
 -- Sample 49: mean=30.4873%; std=17.3037
Mean: 116.0095%, Std: 61.2002%
------------------------------------------------------------------
Correlation comparison:
 -- Sample 0: 0.6100
 -- Sample 1: 0.6292
 -- Sample 2: 0.5897
 -- Sample 3: 0.5957
 -- Sample 4: 0.5835
 -- Sample 5: 0.5930
 -- Sample 6: 0.6227
 -- Sample 7: 0.5922
 -- Sample 8: 0.6177
 -- Sample 9: 0.6240
 -- Sample 10: 0.5650
 -- Sample 11: 0.5673
 -- Sample 12: 0.5439
 -- Sample 13: 0.5281
 -- Sample 14: 0.9061
 -- Sample 15: 0.8853
 -- Sample 16: 0.8937
 -- Sample 17: 0.8825
 -- Sample 18: 0.7361
 -- Sample 19: 0.7110
 -- Sample 20: 0.7230
 -- Sample 21: 0.7417
 -- Sample 22: 0.4219
 -- Sample 23: 0.4207
 -- Sample 24: 0.3986
 -- Sample 25: 0.4141
 -- Sample 26: 0.4434
 -- Sample 27: 0.4543
 -- Sample 28: 0.4697
 -- Sample 29: 0.4820
 -- Sample 30: 0.6119
 -- Sample 31: 0.6146
 -- Sample 32: 0.6359
 -- Sample 33: 0.6087
 -- Sample 34: 0.4690
 -- Sample 35: 0.4550
 -- Sample 36: 0.4700
 -- Sample 37: 0.4722
 -- Sample 38: 0.7114
 -- Sample 39: 0.7113
 -- Sample 40: 0.7064
 -- Sample 41: 0.6961
 -- Sample 42: 0.6590
 -- Sample 43: 0.6576
 -- Sample 44: 0.6543
 -- Sample 45: 0.6994
 -- Sample 46: 0.9122
 -- Sample 47: 0.9031
 -- Sample 48: 0.9058
 -- Sample 49: 0.9187
Mean=0.6344, Std=0.1483
------------------------------------------------------------------
    Evaluating Ko et al (D1 N4)
Bias Error: using Single Component
Mean: 58.8624, Std: 14.1478
------------------------------------------------------------------
Magnitude Error: 
 -- Sample 0: mean=44.3786%; std=24.7095
 -- Sample 1: mean=38.8397%; std=27.3663
 -- Sample 2: mean=62.0979%; std=28.0341
 -- Sample 3: mean=65.1502%; std=23.0982
 -- Sample 4: mean=68.3865%; std=24.2018
 -- Sample 5: mean=62.7938%; std=26.5369
 -- Sample 6: mean=77.4798%; std=12.3882
 -- Sample 7: mean=79.4112%; std=13.5952
 -- Sample 8: mean=73.8438%; std=16.8588
 -- Sample 9: mean=78.3677%; std=13.1890
 -- Sample 10: mean=56.6874%; std=25.3055
 -- Sample 11: mean=54.3230%; std=27.0082
 -- Sample 12: mean=63.6384%; std=25.4739
 -- Sample 13: mean=60.7998%; std=24.6830
 -- Sample 14: mean=68.5977%; std=16.0233
 -- Sample 15: mean=67.9154%; std=16.0519
 -- Sample 16: mean=68.9663%; std=15.8680
 -- Sample 17: mean=69.4679%; std=19.7351
 -- Sample 18: mean=50.1738%; std=26.6834
 -- Sample 19: mean=46.0180%; std=25.6223
 -- Sample 20: mean=47.1102%; std=23.2321
 -- Sample 21: mean=46.4247%; std=23.8936
 -- Sample 22: mean=50.0049%; std=29.5183
 -- Sample 23: mean=48.4885%; std=32.1199
 -- Sample 24: mean=68.9914%; std=36.2860
 -- Sample 25: mean=54.7357%; std=33.0030
 -- Sample 26: mean=74.6161%; std=19.5755
 -- Sample 27: mean=71.0075%; std=21.4798
 -- Sample 28: mean=70.8997%; std=21.1752
 -- Sample 29: mean=71.7175%; std=23.7868
 -- Sample 30: mean=65.7325%; std=25.9554
 -- Sample 31: mean=66.6020%; std=24.3946
 -- Sample 32: mean=66.1444%; std=28.5416
 -- Sample 33: mean=63.1804%; std=30.7040
 -- Sample 34: mean=72.3503%; std=25.2871
 -- Sample 35: mean=72.2736%; std=27.6567
 -- Sample 36: mean=75.5773%; std=21.7274
 -- Sample 37: mean=72.1978%; std=26.3158
 -- Sample 38: mean=67.5607%; std=20.4125
 -- Sample 39: mean=61.5109%; std=23.8369
 -- Sample 40: mean=57.1453%; std=20.1269
 -- Sample 41: mean=62.3455%; std=24.6036
 -- Sample 42: mean=67.1226%; std=29.8232
 -- Sample 43: mean=67.7665%; std=26.4369
 -- Sample 44: mean=75.8580%; std=23.0314
 -- Sample 45: mean=63.2430%; std=25.9906
 -- Sample 46: mean=56.6973%; std=12.5820
 -- Sample 47: mean=59.2814%; std=13.2640
 -- Sample 48: mean=62.7265%; std=13.4604
 -- Sample 49: mean=62.2084%; std=12.4492
Mean: 63.5771%, Std: 9.5909%
------------------------------------------------------------------
Correlation comparison:
 -- Sample 0: 0.8330
 -- Sample 1: 0.8224
 -- Sample 2: 0.7580
 -- Sample 3: 0.8129
 -- Sample 4: 0.7343
 -- Sample 5: 0.6845
 -- Sample 6: 0.8697
 -- Sample 7: 0.8098
 -- Sample 8: 0.7514
 -- Sample 9: 0.7828
 -- Sample 10: 0.7578
 -- Sample 11: 0.7714
 -- Sample 12: 0.7289
 -- Sample 13: 0.6691
 -- Sample 14: 0.8636
 -- Sample 15: 0.8698
 -- Sample 16: 0.8552
 -- Sample 17: 0.7758
 -- Sample 18: 0.8583
 -- Sample 19: 0.8759
 -- Sample 20: 0.8233
 -- Sample 21: 0.8319
 -- Sample 22: 0.5006
 -- Sample 23: 0.5109
 -- Sample 24: 0.3895
 -- Sample 25: 0.4513
 -- Sample 26: 0.7105
 -- Sample 27: 0.7322
 -- Sample 28: 0.6857
 -- Sample 29: 0.6103
 -- Sample 30: 0.6941
 -- Sample 31: 0.6825
 -- Sample 32: 0.6146
 -- Sample 33: 0.6050
 -- Sample 34: 0.5542
 -- Sample 35: 0.4773
 -- Sample 36: 0.5226
 -- Sample 37: 0.4590
 -- Sample 38: 0.8052
 -- Sample 39: 0.8087
 -- Sample 40: 0.8933
 -- Sample 41: 0.7916
 -- Sample 42: 0.5218
 -- Sample 43: 0.4705
 -- Sample 44: 0.3688
 -- Sample 45: 0.6685
 -- Sample 46: 0.9592
 -- Sample 47: 0.9439
 -- Sample 48: 0.9297
 -- Sample 49: 0.9509
Mean=0.7170, Std=0.1547
------------------------------------------------------------------
    Evaluating Ko et al (D2 N4)
Bias Error: using Single Component
Mean: 30.5071, Std: 22.6275
------------------------------------------------------------------
Magnitude Error: 
 -- Sample 0: mean=33.1542%; std=42.2150
 -- Sample 1: mean=31.7835%; std=30.5319
 -- Sample 2: mean=57.9997%; std=76.9819
 -- Sample 3: mean=52.3938%; std=65.0698
 -- Sample 4: mean=60.8753%; std=78.6583
 -- Sample 5: mean=58.8072%; std=85.1576
 -- Sample 6: mean=38.3411%; std=22.8306
 -- Sample 7: mean=42.1468%; std=20.3876
 -- Sample 8: mean=42.4834%; std=21.8086
 -- Sample 9: mean=38.8716%; std=21.1271
 -- Sample 10: mean=24.2396%; std=17.2444
 -- Sample 11: mean=27.3952%; std=18.5280
 -- Sample 12: mean=27.7657%; std=18.3717
 -- Sample 13: mean=22.8178%; std=19.0292
 -- Sample 14: mean=35.1971%; std=12.7243
 -- Sample 15: mean=32.1615%; std=15.3240
 -- Sample 16: mean=34.2493%; std=15.3585
 -- Sample 17: mean=29.4315%; std=13.9271
 -- Sample 18: mean=36.1008%; std=26.3333
 -- Sample 19: mean=33.5324%; std=27.1014
 -- Sample 20: mean=31.3972%; std=25.1288
 -- Sample 21: mean=34.6404%; std=29.6733
 -- Sample 22: mean=140.1736%; std=118.0978
 -- Sample 23: mean=128.4702%; std=97.6189
 -- Sample 24: mean=148.1756%; std=109.7737
 -- Sample 25: mean=119.9403%; std=98.5100
 -- Sample 26: mean=43.7866%; std=24.9704
 -- Sample 27: mean=43.5662%; std=24.7533
 -- Sample 28: mean=49.7209%; std=26.9893
 -- Sample 29: mean=49.2457%; std=28.8634
 -- Sample 30: mean=32.6802%; std=27.5818
 -- Sample 31: mean=49.5435%; std=41.8992
 -- Sample 32: mean=49.4933%; std=39.1453
 -- Sample 33: mean=42.7426%; std=34.8359
 -- Sample 34: mean=40.3317%; std=29.1181
 -- Sample 35: mean=39.3038%; std=31.3500
 -- Sample 36: mean=43.3760%; std=26.7970
 -- Sample 37: mean=40.6548%; std=26.6461
 -- Sample 38: mean=26.6094%; std=20.6490
 -- Sample 39: mean=28.6140%; std=19.5719
 -- Sample 40: mean=26.8051%; std=21.0994
 -- Sample 41: mean=22.7723%; std=21.0466
 -- Sample 42: mean=67.4908%; std=86.4853
 -- Sample 43: mean=71.9105%; std=86.6517
 -- Sample 44: mean=62.3882%; std=80.0114
 -- Sample 45: mean=70.4460%; std=89.2973
 -- Sample 46: mean=43.3278%; std=17.6933
 -- Sample 47: mean=33.8152%; std=15.0780
 -- Sample 48: mean=41.8847%; std=15.2391
 -- Sample 49: mean=41.8318%; std=14.9166
Mean: 48.4977%, Std: 28.1002%
------------------------------------------------------------------
Correlation comparison:
 -- Sample 0: 0.9055
 -- Sample 1: 0.9569
 -- Sample 2: 0.8460
 -- Sample 3: 0.8835
 -- Sample 4: 0.8503
 -- Sample 5: 0.8293
 -- Sample 6: 0.9207
 -- Sample 7: 0.9132
 -- Sample 8: 0.9244
 -- Sample 9: 0.9210
 -- Sample 10: 0.9201
 -- Sample 11: 0.9214
 -- Sample 12: 0.9275
 -- Sample 13: 0.9313
 -- Sample 14: 0.9795
 -- Sample 15: 0.9620
 -- Sample 16: 0.9651
 -- Sample 17: 0.9727
 -- Sample 18: 0.9388
 -- Sample 19: 0.9370
 -- Sample 20: 0.9322
 -- Sample 21: 0.9239
 -- Sample 22: 0.6027
 -- Sample 23: 0.6463
 -- Sample 24: 0.5784
 -- Sample 25: 0.6160
 -- Sample 26: 0.8500
 -- Sample 27: 0.8473
 -- Sample 28: 0.8181
 -- Sample 29: 0.8127
 -- Sample 30: 0.8794
 -- Sample 31: 0.8565
 -- Sample 32: 0.8608
 -- Sample 33: 0.8640
 -- Sample 34: 0.8788
 -- Sample 35: 0.8745
 -- Sample 36: 0.8671
 -- Sample 37: 0.8799
 -- Sample 38: 0.9229
 -- Sample 39: 0.9223
 -- Sample 40: 0.9289
 -- Sample 41: 0.9465
 -- Sample 42: 0.7791
 -- Sample 43: 0.7825
 -- Sample 44: 0.8227
 -- Sample 45: 0.7624
 -- Sample 46: 0.9490
 -- Sample 47: 0.9571
 -- Sample 48: 0.9573
 -- Sample 49: 0.9560
Mean=0.8736, Std=0.0939
------------------------------------------------------------------
    Evaluating Ko et al (D3 N4)
Bias Error: using Single Component
Mean: 32.4504, Std: 40.6401
------------------------------------------------------------------
Magnitude Error: 
 -- Sample 0: mean=34.1519%; std=27.4021
 -- Sample 1: mean=31.0406%; std=27.1399
 -- Sample 2: mean=58.5480%; std=72.2813
 -- Sample 3: mean=50.5629%; std=50.0582
 -- Sample 4: mean=55.0986%; std=69.8516
 -- Sample 5: mean=63.5989%; std=79.6486
 -- Sample 6: mean=43.6117%; std=20.5989
 -- Sample 7: mean=39.8764%; std=22.5639
 -- Sample 8: mean=41.2390%; std=20.8262
 -- Sample 9: mean=42.0003%; std=22.3354
 -- Sample 10: mean=27.4797%; std=18.2229
 -- Sample 11: mean=28.8116%; std=18.6608
 -- Sample 12: mean=28.9741%; std=18.0133
 -- Sample 13: mean=25.6374%; std=18.2444
 -- Sample 14: mean=31.3107%; std=18.8080
 -- Sample 15: mean=27.2406%; std=18.3437
 -- Sample 16: mean=31.1981%; std=17.0157
 -- Sample 17: mean=30.8211%; std=17.1390
 -- Sample 18: mean=29.7281%; std=23.1365
 -- Sample 19: mean=29.7891%; std=21.8545
 -- Sample 20: mean=30.8099%; std=22.6546
 -- Sample 21: mean=31.5126%; std=25.3871
 -- Sample 22: mean=189.8472%; std=131.3621
 -- Sample 23: mean=197.2139%; std=146.8013
 -- Sample 24: mean=185.7914%; std=121.8288
 -- Sample 25: mean=212.8072%; std=131.8418
 -- Sample 26: mean=39.7486%; std=21.9489
 -- Sample 27: mean=45.3576%; std=31.2543
 -- Sample 28: mean=42.1309%; std=25.5495
 -- Sample 29: mean=38.2510%; std=23.2121
 -- Sample 30: mean=32.3869%; std=26.7227
 -- Sample 31: mean=34.1415%; std=28.7896
 -- Sample 32: mean=33.0179%; std=29.1797
 -- Sample 33: mean=35.7548%; std=29.1493
 -- Sample 34: mean=43.3527%; std=31.5581
 -- Sample 35: mean=34.6442%; std=29.5410
 -- Sample 36: mean=35.4364%; std=29.9997
 -- Sample 37: mean=37.4044%; std=32.2000
 -- Sample 38: mean=29.2297%; std=19.2677
 -- Sample 39: mean=33.8435%; std=20.2190
 -- Sample 40: mean=31.3463%; std=18.0467
 -- Sample 41: mean=26.1305%; std=17.6486
 -- Sample 42: mean=63.0877%; std=81.0107
 -- Sample 43: mean=64.0838%; std=74.6616
 -- Sample 44: mean=61.9803%; std=73.3561
 -- Sample 45: mean=63.3132%; std=72.0848
 -- Sample 46: mean=29.3492%; std=18.4675
 -- Sample 47: mean=31.7347%; std=16.4645
 -- Sample 48: mean=34.1603%; std=19.1838
 -- Sample 49: mean=37.8942%; std=16.3648
Mean: 51.1296%, Std: 44.2466%
------------------------------------------------------------------
Correlation comparison:
 -- Sample 0: 0.9387
 -- Sample 1: 0.9469
 -- Sample 2: 0.8587
 -- Sample 3: 0.9061
 -- Sample 4: 0.8798
 -- Sample 5: 0.8496
 -- Sample 6: 0.9383
 -- Sample 7: 0.9309
 -- Sample 8: 0.9297
 -- Sample 9: 0.9200
 -- Sample 10: 0.9122
 -- Sample 11: 0.9095
 -- Sample 12: 0.9131
 -- Sample 13: 0.9129
 -- Sample 14: 0.9444
 -- Sample 15: 0.9551
 -- Sample 16: 0.9576
 -- Sample 17: 0.9568
 -- Sample 18: 0.8483
 -- Sample 19: 0.8891
 -- Sample 20: 0.8673
 -- Sample 21: 0.8586
 -- Sample 22: 0.6047
 -- Sample 23: 0.5822
 -- Sample 24: 0.5963
 -- Sample 25: 0.6032
 -- Sample 26: 0.8491
 -- Sample 27: 0.7748
 -- Sample 28: 0.8298
 -- Sample 29: 0.8536
 -- Sample 30: 0.9027
 -- Sample 31: 0.9004
 -- Sample 32: 0.8829
 -- Sample 33: 0.8717
 -- Sample 34: 0.8688
 -- Sample 35: 0.8828
 -- Sample 36: 0.9015
 -- Sample 37: 0.8919
 -- Sample 38: 0.9391
 -- Sample 39: 0.9080
 -- Sample 40: 0.9257
 -- Sample 41: 0.9507
 -- Sample 42: 0.8415
 -- Sample 43: 0.7884
 -- Sample 44: 0.8175
 -- Sample 45: 0.8559
 -- Sample 46: 0.9443
 -- Sample 47: 0.9535
 -- Sample 48: 0.9254
 -- Sample 49: 0.9431
Mean=0.8723, Std=0.0921
------------------------------------------------------------------
    Evaluating Ko et al (D3 N0)
Bias Error: using Single Component
Mean: 33.9159, Std: 30.8337
------------------------------------------------------------------
Magnitude Error: 
 -- Sample 0: mean=39.3646%; std=33.6276
 -- Sample 1: mean=51.5078%; std=34.5692
 -- Sample 2: mean=48.0003%; std=53.5349
 -- Sample 3: mean=67.0549%; std=88.9436
 -- Sample 4: mean=45.9986%; std=45.8293
 -- Sample 5: mean=61.3917%; std=73.8943
 -- Sample 6: mean=45.2635%; std=24.2824
 -- Sample 7: mean=49.7317%; std=20.1129
 -- Sample 8: mean=44.7732%; std=19.3138
 -- Sample 9: mean=57.5132%; std=25.7972
 -- Sample 10: mean=41.0016%; std=23.3135
 -- Sample 11: mean=29.6711%; std=22.9206
 -- Sample 12: mean=36.3747%; std=28.0548
 -- Sample 13: mean=38.2622%; std=28.3001
 -- Sample 14: mean=52.2705%; std=17.5454
 -- Sample 15: mean=42.4986%; std=19.7406
 -- Sample 16: mean=32.4176%; std=15.3063
 -- Sample 17: mean=41.8459%; std=19.7409
 -- Sample 18: mean=37.8045%; std=28.9912
 -- Sample 19: mean=34.6857%; std=25.8622
 -- Sample 20: mean=45.8978%; std=38.9141
 -- Sample 21: mean=47.1891%; std=38.0040
 -- Sample 22: mean=164.2917%; std=129.2076
 -- Sample 23: mean=164.8121%; std=90.8215
 -- Sample 24: mean=175.3297%; std=106.0916
 -- Sample 25: mean=152.3784%; std=103.6375
 -- Sample 26: mean=51.4827%; std=27.4056
 -- Sample 27: mean=48.2409%; std=31.7377
 -- Sample 28: mean=46.5531%; std=31.1194
 -- Sample 29: mean=41.5602%; std=31.0306
 -- Sample 30: mean=39.5624%; std=31.4280
 -- Sample 31: mean=41.7405%; std=30.3514
 -- Sample 32: mean=43.1281%; std=32.6922
 -- Sample 33: mean=42.2573%; std=32.4375
 -- Sample 34: mean=75.2609%; std=55.1005
 -- Sample 35: mean=90.2363%; std=51.9314
 -- Sample 36: mean=41.4427%; std=33.4364
 -- Sample 37: mean=50.2563%; std=40.5881
 -- Sample 38: mean=37.1926%; std=22.0063
 -- Sample 39: mean=40.6626%; std=24.5241
 -- Sample 40: mean=43.8095%; std=22.2502
 -- Sample 41: mean=39.3227%; std=22.5302
 -- Sample 42: mean=85.5338%; std=71.9767
 -- Sample 43: mean=81.4307%; std=77.8906
 -- Sample 44: mean=72.3090%; std=64.7776
 -- Sample 45: mean=71.7072%; std=51.9892
 -- Sample 46: mean=48.8510%; std=16.6933
 -- Sample 47: mean=46.0461%; std=15.0803
 -- Sample 48: mean=50.3102%; std=14.3109
 -- Sample 49: mean=53.3401%; std=15.8293
Mean: 58.5914%, Std: 33.8886%
------------------------------------------------------------------
Correlation comparison:
 -- Sample 0: 0.9160
 -- Sample 1: 0.8616
 -- Sample 2: 0.8532
 -- Sample 3: 0.7772
 -- Sample 4: 0.8634
 -- Sample 5: 0.7517
 -- Sample 6: 0.8803
 -- Sample 7: 0.9208
 -- Sample 8: 0.8764
 -- Sample 9: 0.8322
 -- Sample 10: 0.7890
 -- Sample 11: 0.8954
 -- Sample 12: 0.8016
 -- Sample 13: 0.8308
 -- Sample 14: 0.9066
 -- Sample 15: 0.9070
 -- Sample 16: 0.9522
 -- Sample 17: 0.9095
 -- Sample 18: 0.7958
 -- Sample 19: 0.8420
 -- Sample 20: 0.8099
 -- Sample 21: 0.7268
 -- Sample 22: 0.4197
 -- Sample 23: 0.6007
 -- Sample 24: 0.6121
 -- Sample 25: 0.5566
 -- Sample 26: 0.8107
 -- Sample 27: 0.7461
 -- Sample 28: 0.8235
 -- Sample 29: 0.8035
 -- Sample 30: 0.8533
 -- Sample 31: 0.8875
 -- Sample 32: 0.8352
 -- Sample 33: 0.8368
 -- Sample 34: 0.8586
 -- Sample 35: 0.7181
 -- Sample 36: 0.8339
 -- Sample 37: 0.7760
 -- Sample 38: 0.8961
 -- Sample 39: 0.8661
 -- Sample 40: 0.8793
 -- Sample 41: 0.8928
 -- Sample 42: 0.5750
 -- Sample 43: 0.6957
 -- Sample 44: 0.6683
 -- Sample 45: 0.7242
 -- Sample 46: 0.9130
 -- Sample 47: 0.9212
 -- Sample 48: 0.9293
 -- Sample 49: 0.9071
Mean=0.8108, Std=0.1096
------------------------------------------------------------------
    Evaluating Ko et al (D3 N1)
Bias Error: using Single Component
Mean: 30.2050, Std: 24.2270
------------------------------------------------------------------
Magnitude Error: 
 -- Sample 0: mean=32.8157%; std=24.7445
 -- Sample 1: mean=35.0342%; std=27.3858
 -- Sample 2: mean=56.5087%; std=72.4014
 -- Sample 3: mean=76.7525%; std=119.1624
 -- Sample 4: mean=48.4489%; std=57.2801
 -- Sample 5: mean=51.7176%; std=64.5958
 -- Sample 6: mean=36.9824%; std=23.0623
 -- Sample 7: mean=39.8862%; std=19.5618
 -- Sample 8: mean=51.1913%; std=23.4593
 -- Sample 9: mean=55.9422%; std=26.2288
 -- Sample 10: mean=31.9176%; std=24.4446
 -- Sample 11: mean=27.9755%; std=20.4846
 -- Sample 12: mean=31.2585%; std=21.4440
 -- Sample 13: mean=34.9230%; std=38.5172
 -- Sample 14: mean=44.3504%; std=13.6979
 -- Sample 15: mean=36.1084%; std=16.6830
 -- Sample 16: mean=31.9764%; std=16.2517
 -- Sample 17: mean=36.1368%; std=16.7194
 -- Sample 18: mean=42.8957%; std=30.4705
 -- Sample 19: mean=30.0722%; std=26.5164
 -- Sample 20: mean=42.1161%; std=40.7203
 -- Sample 21: mean=43.6491%; std=39.1471
 -- Sample 22: mean=144.5716%; std=112.6671
 -- Sample 23: mean=129.7829%; std=98.5278
 -- Sample 24: mean=138.6582%; std=112.7009
 -- Sample 25: mean=156.0554%; std=131.2293
 -- Sample 26: mean=40.2754%; std=28.7347
 -- Sample 27: mean=50.8534%; std=39.7967
 -- Sample 28: mean=41.7450%; std=29.1782
 -- Sample 29: mean=40.4288%; std=28.9039
 -- Sample 30: mean=35.2024%; std=28.3830
 -- Sample 31: mean=44.3062%; std=32.9664
 -- Sample 32: mean=39.0352%; std=31.7391
 -- Sample 33: mean=36.6381%; std=34.2290
 -- Sample 34: mean=62.0079%; std=43.7553
 -- Sample 35: mean=41.4847%; std=31.1805
 -- Sample 36: mean=42.1135%; std=26.8645
 -- Sample 37: mean=49.8296%; std=45.0835
 -- Sample 38: mean=25.8742%; std=18.5938
 -- Sample 39: mean=38.1640%; std=21.5770
 -- Sample 40: mean=32.5257%; std=20.5416
 -- Sample 41: mean=33.2264%; std=20.3560
 -- Sample 42: mean=82.1723%; std=84.4787
 -- Sample 43: mean=76.4445%; std=84.6744
 -- Sample 44: mean=69.4184%; std=65.5602
 -- Sample 45: mean=66.4770%; std=62.4017
 -- Sample 46: mean=39.1863%; std=15.8814
 -- Sample 47: mean=39.4311%; std=14.3532
 -- Sample 48: mean=43.0223%; std=13.2825
 -- Sample 49: mean=50.6342%; std=15.3361
Mean: 52.1645%, Std: 29.4993%
------------------------------------------------------------------
Correlation comparison:
 -- Sample 0: 0.9250
 -- Sample 1: 0.9250
 -- Sample 2: 0.8451
 -- Sample 3: 0.7091
 -- Sample 4: 0.8857
 -- Sample 5: 0.8073
 -- Sample 6: 0.9254
 -- Sample 7: 0.9437
 -- Sample 8: 0.8449
 -- Sample 9: 0.8370
 -- Sample 10: 0.8487
 -- Sample 11: 0.9204
 -- Sample 12: 0.8870
 -- Sample 13: 0.8530
 -- Sample 14: 0.9606
 -- Sample 15: 0.9503
 -- Sample 16: 0.9619
 -- Sample 17: 0.9494
 -- Sample 18: 0.8414
 -- Sample 19: 0.8611
 -- Sample 20: 0.8628
 -- Sample 21: 0.8460
 -- Sample 22: 0.5523
 -- Sample 23: 0.6821
 -- Sample 24: 0.6339
 -- Sample 25: 0.5279
 -- Sample 26: 0.8556
 -- Sample 27: 0.7702
 -- Sample 28: 0.8424
 -- Sample 29: 0.8485
 -- Sample 30: 0.9138
 -- Sample 31: 0.8752
 -- Sample 32: 0.8643
 -- Sample 33: 0.8801
 -- Sample 34: 0.8664
 -- Sample 35: 0.8986
 -- Sample 36: 0.8649
 -- Sample 37: 0.8069
 -- Sample 38: 0.9503
 -- Sample 39: 0.8957
 -- Sample 40: 0.9151
 -- Sample 41: 0.9145
 -- Sample 42: 0.6976
 -- Sample 43: 0.7727
 -- Sample 44: 0.7076
 -- Sample 45: 0.7960
 -- Sample 46: 0.9309
 -- Sample 47: 0.9555
 -- Sample 48: 0.9640
 -- Sample 49: 0.9135
Mean=0.8497, Std=0.0992
------------------------------------------------------------------
    Evaluating Ko et al (D3 N2)
Bias Error: using Single Component
Mean: 29.4534, Std: 28.1995
------------------------------------------------------------------
Magnitude Error: 
 -- Sample 0: mean=24.4312%; std=21.8661
 -- Sample 1: mean=34.1348%; std=29.2917
 -- Sample 2: mean=57.9780%; std=67.6674
 -- Sample 3: mean=54.5560%; std=79.8626
 -- Sample 4: mean=52.0098%; std=63.5979
 -- Sample 5: mean=56.7219%; std=71.0732
 -- Sample 6: mean=44.4715%; std=22.1445
 -- Sample 7: mean=45.9573%; std=23.3769
 -- Sample 8: mean=46.7905%; std=26.4356
 -- Sample 9: mean=52.6096%; std=25.0661
 -- Sample 10: mean=35.6132%; std=20.1406
 -- Sample 11: mean=30.4698%; std=20.6634
 -- Sample 12: mean=30.8889%; std=21.7098
 -- Sample 13: mean=22.6999%; std=19.9872
 -- Sample 14: mean=42.3883%; std=19.0118
 -- Sample 15: mean=33.9393%; std=11.7634
 -- Sample 16: mean=30.8276%; std=14.5948
 -- Sample 17: mean=38.1270%; std=17.6939
 -- Sample 18: mean=34.6736%; std=25.1311
 -- Sample 19: mean=37.4343%; std=24.3287
 -- Sample 20: mean=28.2769%; std=24.7148
 -- Sample 21: mean=29.3010%; std=22.0247
 -- Sample 22: mean=128.4587%; std=109.6964
 -- Sample 23: mean=137.1147%; std=121.8838
 -- Sample 24: mean=217.9445%; std=145.9015
 -- Sample 25: mean=153.4434%; std=123.6388
 -- Sample 26: mean=49.5186%; std=28.6359
 -- Sample 27: mean=49.6635%; std=37.5669
 -- Sample 28: mean=45.2015%; std=26.1233
 -- Sample 29: mean=40.8443%; std=30.3549
 -- Sample 30: mean=44.3289%; std=35.1041
 -- Sample 31: mean=30.9650%; std=23.6100
 -- Sample 32: mean=44.5646%; std=34.6635
 -- Sample 33: mean=40.7299%; std=34.3264
 -- Sample 34: mean=41.4156%; std=30.9666
 -- Sample 35: mean=59.8068%; std=40.1892
 -- Sample 36: mean=39.7004%; std=28.9893
 -- Sample 37: mean=44.4696%; std=27.4525
 -- Sample 38: mean=29.1995%; std=21.9098
 -- Sample 39: mean=31.1732%; std=20.1615
 -- Sample 40: mean=24.2372%; std=17.6652
 -- Sample 41: mean=37.0710%; std=24.1581
 -- Sample 42: mean=67.1110%; std=81.9195
 -- Sample 43: mean=69.4411%; std=78.3374
 -- Sample 44: mean=61.6288%; std=64.1121
 -- Sample 45: mean=69.1452%; std=78.9541
 -- Sample 46: mean=35.8816%; std=17.2461
 -- Sample 47: mean=40.1884%; std=17.1693
 -- Sample 48: mean=34.7176%; std=13.7125
 -- Sample 49: mean=45.2207%; std=16.6509
Mean: 51.5497%, Std: 35.1330%
------------------------------------------------------------------
Correlation comparison:
 -- Sample 0: 0.9457
 -- Sample 1: 0.9101
 -- Sample 2: 0.8648
 -- Sample 3: 0.8410
 -- Sample 4: 0.8543
 -- Sample 5: 0.8271
 -- Sample 6: 0.9014
 -- Sample 7: 0.8986
 -- Sample 8: 0.8873
 -- Sample 9: 0.8742
 -- Sample 10: 0.8618
 -- Sample 11: 0.9127
 -- Sample 12: 0.9009
 -- Sample 13: 0.9315
 -- Sample 14: 0.9339
 -- Sample 15: 0.9786
 -- Sample 16: 0.9715
 -- Sample 17: 0.9585
 -- Sample 18: 0.8857
 -- Sample 19: 0.8893
 -- Sample 20: 0.8972
 -- Sample 21: 0.8907
 -- Sample 22: 0.6098
 -- Sample 23: 0.5641
 -- Sample 24: 0.6027
 -- Sample 25: 0.5815
 -- Sample 26: 0.8129
 -- Sample 27: 0.7413
 -- Sample 28: 0.8663
 -- Sample 29: 0.8517
 -- Sample 30: 0.8543
 -- Sample 31: 0.9362
 -- Sample 32: 0.8746
 -- Sample 33: 0.8734
 -- Sample 34: 0.9043
 -- Sample 35: 0.6788
 -- Sample 36: 0.8614
 -- Sample 37: 0.8804
 -- Sample 38: 0.9333
 -- Sample 39: 0.9190
 -- Sample 40: 0.9533
 -- Sample 41: 0.9022
 -- Sample 42: 0.7921
 -- Sample 43: 0.8046
 -- Sample 44: 0.8286
 -- Sample 45: 0.8187
 -- Sample 46: 0.9348
 -- Sample 47: 0.9401
 -- Sample 48: 0.9646
 -- Sample 49: 0.9325
Mean=0.8607, Std=0.0980
------------------------------------------------------------------
    Evaluating Ko et al (D3 N3)
Bias Error: using Single Component
Mean: 32.6841, Std: 41.0854
------------------------------------------------------------------
Magnitude Error: 
 -- Sample 0: mean=28.9258%; std=30.3419
 -- Sample 1: mean=27.6952%; std=28.9540
 -- Sample 2: mean=58.9350%; std=66.0786
 -- Sample 3: mean=73.4334%; std=111.2297
 -- Sample 4: mean=53.7127%; std=36.8589
 -- Sample 5: mean=52.8658%; std=71.5734
 -- Sample 6: mean=35.0489%; std=21.5855
 -- Sample 7: mean=50.4909%; std=22.7232
 -- Sample 8: mean=35.5847%; std=26.0103
 -- Sample 9: mean=38.4785%; std=24.4231
 -- Sample 10: mean=29.1941%; std=18.6553
 -- Sample 11: mean=37.4502%; std=22.4005
 -- Sample 12: mean=33.7551%; std=22.4880
 -- Sample 13: mean=24.2160%; std=16.8896
 -- Sample 14: mean=36.9873%; std=19.3401
 -- Sample 15: mean=36.4286%; std=17.8660
 -- Sample 16: mean=30.7070%; std=20.7386
 -- Sample 17: mean=26.9171%; std=17.6751
 -- Sample 18: mean=21.7397%; std=21.2380
 -- Sample 19: mean=39.0508%; std=29.1511
 -- Sample 20: mean=30.7254%; std=24.9594
 -- Sample 21: mean=29.8846%; std=23.8363
 -- Sample 22: mean=193.0428%; std=142.8644
 -- Sample 23: mean=182.2520%; std=124.2716
 -- Sample 24: mean=187.9061%; std=111.3019
 -- Sample 25: mean=220.8156%; std=160.2941
 -- Sample 26: mean=40.1042%; std=31.5250
 -- Sample 27: mean=40.6561%; std=29.9071
 -- Sample 28: mean=37.3820%; std=26.3498
 -- Sample 29: mean=47.2380%; std=29.6425
 -- Sample 30: mean=40.0687%; std=38.5449
 -- Sample 31: mean=35.9127%; std=27.8048
 -- Sample 32: mean=47.5806%; std=32.1977
 -- Sample 33: mean=33.8655%; std=34.1478
 -- Sample 34: mean=35.7724%; std=25.5482
 -- Sample 35: mean=59.7460%; std=47.6895
 -- Sample 36: mean=37.8557%; std=26.2227
 -- Sample 37: mean=36.9778%; std=28.9264
 -- Sample 38: mean=25.2133%; std=17.9501
 -- Sample 39: mean=27.7279%; std=19.6618
 -- Sample 40: mean=26.0615%; std=17.3020
 -- Sample 41: mean=25.0878%; std=19.4240
 -- Sample 42: mean=66.5609%; std=78.5092
 -- Sample 43: mean=68.4254%; std=82.6540
 -- Sample 44: mean=51.8218%; std=73.0202
 -- Sample 45: mean=58.0484%; std=72.5442
 -- Sample 46: mean=44.9735%; std=17.7527
 -- Sample 47: mean=32.4767%; std=17.7212
 -- Sample 48: mean=34.3459%; std=16.4745
 -- Sample 49: mean=33.9789%; std=21.6666
Mean: 52.0825%, Std: 44.2516%
------------------------------------------------------------------
Correlation comparison:
 -- Sample 0: 0.9343
 -- Sample 1: 0.9560
 -- Sample 2: 0.8780
 -- Sample 3: 0.7794
 -- Sample 4: 0.9272
 -- Sample 5: 0.8548
 -- Sample 6: 0.9251
 -- Sample 7: 0.8955
 -- Sample 8: 0.8910
 -- Sample 9: 0.9060
 -- Sample 10: 0.9153
 -- Sample 11: 0.8834
 -- Sample 12: 0.9020
 -- Sample 13: 0.9397
 -- Sample 14: 0.9462
 -- Sample 15: 0.9536
 -- Sample 16: 0.9431
 -- Sample 17: 0.9524
 -- Sample 18: 0.9120
 -- Sample 19: 0.8729
 -- Sample 20: 0.8868
 -- Sample 21: 0.9205
 -- Sample 22: 0.6044
 -- Sample 23: 0.6215
 -- Sample 24: 0.6604
 -- Sample 25: 0.6206
 -- Sample 26: 0.8747
 -- Sample 27: 0.8427
 -- Sample 28: 0.8423
 -- Sample 29: 0.8349
 -- Sample 30: 0.9022
 -- Sample 31: 0.9120
 -- Sample 32: 0.9061
 -- Sample 33: 0.8981
 -- Sample 34: 0.9468
 -- Sample 35: 0.8153
 -- Sample 36: 0.9351
 -- Sample 37: 0.9174
 -- Sample 38: 0.9274
 -- Sample 39: 0.9098
 -- Sample 40: 0.9448
 -- Sample 41: 0.9377
 -- Sample 42: 0.7855
 -- Sample 43: 0.7958
 -- Sample 44: 0.8725
 -- Sample 45: 0.8396
 -- Sample 46: 0.8946
 -- Sample 47: 0.9477
 -- Sample 48: 0.9427
 -- Sample 49: 0.9271
Mean=0.8767, Std=0.0860
------------------------------------------------------------------
  Processing Batch 7 (Size: 50)...
    Evaluating Javier Santos (D0 N4)
Bias Error: using Single Component
Mean: 499.4057, Std: 280.1775
------------------------------------------------------------------
Magnitude Error: 
 -- Sample 0: mean=688.2603%; std=585.5970
 -- Sample 1: mean=659.7748%; std=514.5038
 -- Sample 2: mean=684.5740%; std=582.8004
 -- Sample 3: mean=693.9706%; std=573.1074
 -- Sample 4: mean=149.0725%; std=96.2090
 -- Sample 5: mean=139.4523%; std=92.0043
 -- Sample 6: mean=148.6592%; std=92.4861
 -- Sample 7: mean=129.9392%; std=85.0400
 -- Sample 8: mean=909.7559%; std=661.9299
 -- Sample 9: mean=873.1233%; std=672.7523
 -- Sample 10: mean=892.7744%; std=669.9163
 -- Sample 11: mean=880.2303%; std=674.8925
 -- Sample 12: mean=380.9428%; std=267.7165
 -- Sample 13: mean=368.4777%; std=235.3182
 -- Sample 14: mean=382.7093%; std=246.5680
 -- Sample 15: mean=367.4140%; std=250.0723
 -- Sample 16: mean=466.3170%; std=350.9731
 -- Sample 17: mean=425.7929%; std=309.0674
 -- Sample 18: mean=438.4847%; std=335.5273
 -- Sample 19: mean=422.3192%; std=322.0929
 -- Sample 20: mean=162.6955%; std=111.8286
 -- Sample 21: mean=165.6229%; std=114.5461
 -- Sample 22: mean=165.0707%; std=115.7460
 -- Sample 23: mean=155.7030%; std=121.9365
 -- Sample 24: mean=634.5816%; std=535.2672
 -- Sample 25: mean=640.3483%; std=539.2498
 -- Sample 26: mean=665.2628%; std=548.9261
 -- Sample 27: mean=642.3533%; std=550.6039
 -- Sample 28: mean=391.1145%; std=256.3340
 -- Sample 29: mean=388.7434%; std=249.6263
 -- Sample 30: mean=380.3452%; std=244.5640
 -- Sample 31: mean=386.9980%; std=242.9219
 -- Sample 32: mean=322.3488%; std=204.6214
 -- Sample 33: mean=332.3010%; std=228.7169
 -- Sample 34: mean=325.1957%; std=220.3832
 -- Sample 35: mean=335.1858%; std=226.5213
 -- Sample 36: mean=166.9101%; std=151.6308
 -- Sample 37: mean=174.2150%; std=137.5909
 -- Sample 38: mean=174.3111%; std=144.4298
 -- Sample 39: mean=181.3933%; std=148.9580
 -- Sample 40: mean=162.0502%; std=115.3816
 -- Sample 41: mean=148.4312%; std=100.1397
 -- Sample 42: mean=162.9395%; std=110.5971
 -- Sample 43: mean=145.9081%; std=96.2731
 -- Sample 44: mean=231.5019%; std=121.4906
 -- Sample 45: mean=244.5597%; std=124.2853
 -- Sample 46: mean=229.3606%; std=117.7739
 -- Sample 47: mean=237.4124%; std=117.5803
 -- Sample 48: mean=223.1963%; std=161.2428
 -- Sample 49: mean=212.0517%; std=150.3489
Mean: 377.8031%, Std: 229.5987%
------------------------------------------------------------------
Correlation comparison:
 -- Sample 0: 0.4478
 -- Sample 1: 0.4810
 -- Sample 2: 0.4547
 -- Sample 3: 0.4529
 -- Sample 4: 0.7569
 -- Sample 5: 0.7526
 -- Sample 6: 0.7693
 -- Sample 7: 0.7496
 -- Sample 8: 0.4246
 -- Sample 9: 0.3661
 -- Sample 10: 0.4070
 -- Sample 11: 0.4030
 -- Sample 12: 0.5419
 -- Sample 13: 0.5976
 -- Sample 14: 0.6186
 -- Sample 15: 0.5776
 -- Sample 16: 0.5011
 -- Sample 17: 0.5507
 -- Sample 18: 0.5086
 -- Sample 19: 0.4696
 -- Sample 20: 0.7785
 -- Sample 21: 0.7197
 -- Sample 22: 0.7757
 -- Sample 23: 0.6977
 -- Sample 24: 0.3554
 -- Sample 25: 0.3621
 -- Sample 26: 0.3739
 -- Sample 27: 0.3536
 -- Sample 28: 0.5173
 -- Sample 29: 0.5147
 -- Sample 30: 0.5328
 -- Sample 31: 0.5346
 -- Sample 32: 0.6103
 -- Sample 33: 0.5886
 -- Sample 34: 0.5797
 -- Sample 35: 0.5628
 -- Sample 36: 0.5868
 -- Sample 37: 0.6383
 -- Sample 38: 0.6059
 -- Sample 39: 0.6194
 -- Sample 40: 0.7527
 -- Sample 41: 0.7635
 -- Sample 42: 0.7587
 -- Sample 43: 0.7740
 -- Sample 44: 0.6209
 -- Sample 45: 0.6929
 -- Sample 46: 0.7009
 -- Sample 47: 0.7015
 -- Sample 48: 0.6017
 -- Sample 49: 0.6237
Mean=0.5826, Std=0.1300
------------------------------------------------------------------
    Evaluating Javier Santos (D1 N4)
Bias Error: using Single Component
Mean: 35.6998, Std: 15.6848
------------------------------------------------------------------
Magnitude Error: 
 -- Sample 0: mean=46.0587%; std=39.9249
 -- Sample 1: mean=51.8174%; std=43.6697
 -- Sample 2: mean=47.5278%; std=40.7333
 -- Sample 3: mean=51.6114%; std=44.8873
 -- Sample 4: mean=61.0111%; std=18.7003
 -- Sample 5: mean=61.0443%; std=18.6794
 -- Sample 6: mean=61.3413%; std=19.6495
 -- Sample 7: mean=59.8648%; std=19.3810
 -- Sample 8: mean=46.1579%; std=44.6995
 -- Sample 9: mean=45.3885%; std=45.6595
 -- Sample 10: mean=43.8455%; std=45.0836
 -- Sample 11: mean=43.5348%; std=43.1804
 -- Sample 12: mean=45.2319%; std=27.7485
 -- Sample 13: mean=43.3371%; std=25.9530
 -- Sample 14: mean=44.3874%; std=26.8732
 -- Sample 15: mean=44.7314%; std=27.0605
 -- Sample 16: mean=52.9624%; std=35.4825
 -- Sample 17: mean=48.8040%; std=33.5448
 -- Sample 18: mean=51.1372%; std=34.5106
 -- Sample 19: mean=53.1613%; std=37.0497
 -- Sample 20: mean=52.1234%; std=21.1897
 -- Sample 21: mean=55.5903%; std=20.7632
 -- Sample 22: mean=56.2475%; std=19.9260
 -- Sample 23: mean=51.6713%; std=19.2597
 -- Sample 24: mean=48.6745%; std=37.9325
 -- Sample 25: mean=52.3538%; std=36.2281
 -- Sample 26: mean=53.7770%; std=38.7810
 -- Sample 27: mean=45.4759%; std=36.1596
 -- Sample 28: mean=50.6399%; std=27.5448
 -- Sample 29: mean=45.8670%; std=28.1104
 -- Sample 30: mean=47.6756%; std=31.5370
 -- Sample 31: mean=50.4871%; std=28.6001
 -- Sample 32: mean=49.3119%; std=22.0588
 -- Sample 33: mean=49.7066%; std=21.7784
 -- Sample 34: mean=53.0989%; std=21.4700
 -- Sample 35: mean=49.5340%; std=22.6739
 -- Sample 36: mean=51.8391%; std=21.8077
 -- Sample 37: mean=51.7183%; std=22.7704
 -- Sample 38: mean=49.3550%; std=22.2162
 -- Sample 39: mean=51.1202%; std=22.5311
 -- Sample 40: mean=54.6587%; std=14.9951
 -- Sample 41: mean=53.5381%; std=15.4277
 -- Sample 42: mean=55.2506%; std=16.0388
 -- Sample 43: mean=55.3421%; std=15.4557
 -- Sample 44: mean=54.6328%; std=24.3099
 -- Sample 45: mean=56.4222%; std=23.3167
 -- Sample 46: mean=54.4574%; std=24.0317
 -- Sample 47: mean=54.6037%; std=24.1335
 -- Sample 48: mean=55.1890%; std=24.4142
 -- Sample 49: mean=57.9806%; std=26.4750
Mean: 51.4260%, Std: 4.6999%
------------------------------------------------------------------
Correlation comparison:
 -- Sample 0: 0.7512
 -- Sample 1: 0.7278
 -- Sample 2: 0.7558
 -- Sample 3: 0.7090
 -- Sample 4: 0.8592
 -- Sample 5: 0.8557
 -- Sample 6: 0.8548
 -- Sample 7: 0.8698
 -- Sample 8: 0.7347
 -- Sample 9: 0.7493
 -- Sample 10: 0.7650
 -- Sample 11: 0.7675
 -- Sample 12: 0.7750
 -- Sample 13: 0.8012
 -- Sample 14: 0.7887
 -- Sample 15: 0.7405
 -- Sample 16: 0.5845
 -- Sample 17: 0.6237
 -- Sample 18: 0.6189
 -- Sample 19: 0.5362
 -- Sample 20: 0.8600
 -- Sample 21: 0.8265
 -- Sample 22: 0.8470
 -- Sample 23: 0.9003
 -- Sample 24: 0.7344
 -- Sample 25: 0.7252
 -- Sample 26: 0.7173
 -- Sample 27: 0.7585
 -- Sample 28: 0.6315
 -- Sample 29: 0.6968
 -- Sample 30: 0.6840
 -- Sample 31: 0.6357
 -- Sample 32: 0.8737
 -- Sample 33: 0.8741
 -- Sample 34: 0.8753
 -- Sample 35: 0.8677
 -- Sample 36: 0.7674
 -- Sample 37: 0.7560
 -- Sample 38: 0.7860
 -- Sample 39: 0.7652
 -- Sample 40: 0.9117
 -- Sample 41: 0.9163
 -- Sample 42: 0.9012
 -- Sample 43: 0.9062
 -- Sample 44: 0.7265
 -- Sample 45: 0.7030
 -- Sample 46: 0.6973
 -- Sample 47: 0.7054
 -- Sample 48: 0.7547
 -- Sample 49: 0.6952
Mean=0.7674, Std=0.0903
------------------------------------------------------------------
    Evaluating Javier Santos (D2 N4)
Bias Error: using Single Component
Mean: 67.4233, Std: 14.6333
------------------------------------------------------------------
Magnitude Error: 
 -- Sample 0: mean=60.6323%; std=25.3575
 -- Sample 1: mean=61.9294%; std=24.8594
 -- Sample 2: mean=61.3205%; std=24.6553
 -- Sample 3: mean=61.7999%; std=24.7560
 -- Sample 4: mean=89.0825%; std=6.7477
 -- Sample 5: mean=88.5411%; std=6.9165
 -- Sample 6: mean=88.9665%; std=6.4915
 -- Sample 7: mean=88.8827%; std=6.5505
 -- Sample 8: mean=54.1842%; std=26.9230
 -- Sample 9: mean=54.6119%; std=26.9439
 -- Sample 10: mean=54.3883%; std=26.5306
 -- Sample 11: mean=54.1566%; std=27.2919
 -- Sample 12: mean=72.6532%; std=17.8019
 -- Sample 13: mean=70.9081%; std=19.1175
 -- Sample 14: mean=71.9972%; std=18.6567
 -- Sample 15: mean=72.7867%; std=17.9176
 -- Sample 16: mean=73.6348%; std=17.5765
 -- Sample 17: mean=73.3955%; std=18.0647
 -- Sample 18: mean=74.3205%; std=17.7876
 -- Sample 19: mean=74.0842%; std=17.3381
 -- Sample 20: mean=85.9207%; std=8.2331
 -- Sample 21: mean=85.7586%; std=7.9957
 -- Sample 22: mean=85.5394%; std=8.4033
 -- Sample 23: mean=85.3355%; std=8.6179
 -- Sample 24: mean=66.2384%; std=23.1188
 -- Sample 25: mean=64.8822%; std=23.3946
 -- Sample 26: mean=64.5210%; std=23.3197
 -- Sample 27: mean=64.3337%; std=23.8938
 -- Sample 28: mean=75.0355%; std=15.4929
 -- Sample 29: mean=74.5272%; std=15.8672
 -- Sample 30: mean=75.1998%; std=15.3781
 -- Sample 31: mean=75.0614%; std=15.2725
 -- Sample 32: mean=77.1534%; std=14.7559
 -- Sample 33: mean=76.8717%; std=14.6318
 -- Sample 34: mean=76.8578%; std=14.9763
 -- Sample 35: mean=76.9866%; std=14.8820
 -- Sample 36: mean=86.1408%; std=8.9201
 -- Sample 37: mean=86.3539%; std=8.5283
 -- Sample 38: mean=86.2635%; std=8.4166
 -- Sample 39: mean=86.5799%; std=8.7584
 -- Sample 40: mean=87.4145%; std=7.0580
 -- Sample 41: mean=87.1705%; std=7.0115
 -- Sample 42: mean=87.3499%; std=7.0930
 -- Sample 43: mean=87.2843%; std=7.2401
 -- Sample 44: mean=80.7939%; std=11.3259
 -- Sample 45: mean=81.4712%; std=10.8075
 -- Sample 46: mean=80.7563%; std=11.0482
 -- Sample 47: mean=81.0884%; std=11.1203
 -- Sample 48: mean=83.3475%; std=10.3425
 -- Sample 49: mean=83.3931%; std=10.1523
Mean: 75.9581%, Std: 10.4778%
------------------------------------------------------------------
Correlation comparison:
 -- Sample 0: 0.3563
 -- Sample 1: 0.3631
 -- Sample 2: 0.3757
 -- Sample 3: 0.3728
 -- Sample 4: 0.4723
 -- Sample 5: 0.4924
 -- Sample 6: 0.5068
 -- Sample 7: 0.5047
 -- Sample 8: 0.3152
 -- Sample 9: 0.3115
 -- Sample 10: 0.3436
 -- Sample 11: 0.3158
 -- Sample 12: 0.3647
 -- Sample 13: 0.3719
 -- Sample 14: 0.3531
 -- Sample 15: 0.3265
 -- Sample 16: 0.3368
 -- Sample 17: 0.3410
 -- Sample 18: 0.3134
 -- Sample 19: 0.3336
 -- Sample 20: 0.4519
 -- Sample 21: 0.4812
 -- Sample 22: 0.4637
 -- Sample 23: 0.4560
 -- Sample 24: 0.2640
 -- Sample 25: 0.2763
 -- Sample 26: 0.2982
 -- Sample 27: 0.2877
 -- Sample 28: 0.3505
 -- Sample 29: 0.3478
 -- Sample 30: 0.3456
 -- Sample 31: 0.3524
 -- Sample 32: 0.4381
 -- Sample 33: 0.4454
 -- Sample 34: 0.4159
 -- Sample 35: 0.4123
 -- Sample 36: 0.4351
 -- Sample 37: 0.4365
 -- Sample 38: 0.4482
 -- Sample 39: 0.4285
 -- Sample 40: 0.4705
 -- Sample 41: 0.5000
 -- Sample 42: 0.4693
 -- Sample 43: 0.4541
 -- Sample 44: 0.4245
 -- Sample 45: 0.4401
 -- Sample 46: 0.4524
 -- Sample 47: 0.4358
 -- Sample 48: 0.3652
 -- Sample 49: 0.3905
Mean=0.3942, Std=0.0659
------------------------------------------------------------------
    Evaluating Javier Santos (D3 N4)
Bias Error: using Single Component
Mean: 95.4908, Std: 2.2910
------------------------------------------------------------------
Magnitude Error: 
 -- Sample 0: mean=92.1193%; std=7.8976
 -- Sample 1: mean=91.9282%; std=7.6070
 -- Sample 2: mean=91.6547%; std=8.2246
 -- Sample 3: mean=91.7257%; std=7.5247
 -- Sample 4: mean=96.9433%; std=2.8690
 -- Sample 5: mean=97.0548%; std=2.7177
 -- Sample 6: mean=97.1260%; std=2.7456
 -- Sample 7: mean=96.9699%; std=2.9607
 -- Sample 8: mean=89.4201%; std=10.7839
 -- Sample 9: mean=88.9155%; std=11.0140
 -- Sample 10: mean=89.9033%; std=9.7885
 -- Sample 11: mean=89.8270%; std=10.2384
 -- Sample 12: mean=92.8614%; std=6.2732
 -- Sample 13: mean=92.6712%; std=6.5847
 -- Sample 14: mean=93.2113%; std=6.7151
 -- Sample 15: mean=93.8757%; std=5.9434
 -- Sample 16: mean=93.5983%; std=6.1985
 -- Sample 17: mean=93.1215%; std=6.8411
 -- Sample 18: mean=93.4493%; std=6.9954
 -- Sample 19: mean=93.8566%; std=6.0399
 -- Sample 20: mean=96.4030%; std=3.1236
 -- Sample 21: mean=96.4624%; std=3.0600
 -- Sample 22: mean=95.8205%; std=3.3822
 -- Sample 23: mean=96.1870%; std=3.1070
 -- Sample 24: mean=89.9838%; std=9.5349
 -- Sample 25: mean=90.8246%; std=9.1343
 -- Sample 26: mean=90.9395%; std=8.8336
 -- Sample 27: mean=90.4192%; std=9.1017
 -- Sample 28: mean=92.9230%; std=6.1271
 -- Sample 29: mean=93.5046%; std=5.8352
 -- Sample 30: mean=93.1815%; std=5.9961
 -- Sample 31: mean=93.9200%; std=5.2589
 -- Sample 32: mean=93.6600%; std=5.4903
 -- Sample 33: mean=93.7025%; std=5.2917
 -- Sample 34: mean=93.6112%; std=5.1262
 -- Sample 35: mean=93.3044%; std=5.4522
 -- Sample 36: mean=96.6139%; std=3.1146
 -- Sample 37: mean=96.8315%; std=2.8553
 -- Sample 38: mean=96.8449%; std=2.9583
 -- Sample 39: mean=96.8580%; std=2.9812
 -- Sample 40: mean=97.3442%; std=2.2763
 -- Sample 41: mean=97.2104%; std=2.3877
 -- Sample 42: mean=97.1919%; std=2.4772
 -- Sample 43: mean=97.3325%; std=2.3445
 -- Sample 44: mean=95.4113%; std=3.9062
 -- Sample 45: mean=95.6739%; std=3.8331
 -- Sample 46: mean=95.7955%; std=3.6109
 -- Sample 47: mean=95.7678%; std=3.7262
 -- Sample 48: mean=96.5860%; std=3.3016
 -- Sample 49: mean=96.5905%; std=3.2856
Mean: 94.1426%, Std: 2.4890%
------------------------------------------------------------------
Correlation comparison:
 -- Sample 0: 0.1126
 -- Sample 1: 0.1534
 -- Sample 2: 0.1230
 -- Sample 3: 0.1509
 -- Sample 4: 0.2237
 -- Sample 5: 0.2348
 -- Sample 6: 0.2211
 -- Sample 7: 0.1880
 -- Sample 8: 0.1058
 -- Sample 9: 0.1620
 -- Sample 10: 0.1682
 -- Sample 11: 0.1313
 -- Sample 12: 0.2263
 -- Sample 13: 0.1834
 -- Sample 14: 0.1504
 -- Sample 15: 0.2036
 -- Sample 16: 0.0688
 -- Sample 17: 0.0372
 -- Sample 18: 0.1006
 -- Sample 19: 0.1327
 -- Sample 20: 0.2066
 -- Sample 21: 0.2429
 -- Sample 22: 0.2824
 -- Sample 23: 0.2420
 -- Sample 24: 0.0614
 -- Sample 25: 0.1019
 -- Sample 26: 0.0355
 -- Sample 27: 0.0908
 -- Sample 28: 0.2245
 -- Sample 29: 0.1743
 -- Sample 30: 0.1406
 -- Sample 31: 0.1404
 -- Sample 32: 0.2530
 -- Sample 33: 0.2717
 -- Sample 34: 0.3212
 -- Sample 35: 0.2982
 -- Sample 36: 0.1833
 -- Sample 37: 0.1962
 -- Sample 38: 0.1515
 -- Sample 39: 0.1267
 -- Sample 40: 0.2585
 -- Sample 41: 0.2327
 -- Sample 42: 0.2663
 -- Sample 43: 0.2396
 -- Sample 44: 0.1900
 -- Sample 45: 0.2223
 -- Sample 46: 0.2499
 -- Sample 47: 0.1887
 -- Sample 48: 0.1340
 -- Sample 49: 0.1234
Mean=0.1786, Std=0.0672
------------------------------------------------------------------
    Evaluating Ko et al (D0 N4)
Bias Error: using Single Component
Mean: 83.9048, Std: 77.3569
------------------------------------------------------------------
Magnitude Error: 
 -- Sample 0: mean=209.4514%; std=239.1607
 -- Sample 1: mean=203.6903%; std=230.2066
 -- Sample 2: mean=221.3600%; std=256.8903
 -- Sample 3: mean=201.3139%; std=232.8823
 -- Sample 4: mean=29.6611%; std=26.3424
 -- Sample 5: mean=33.5439%; std=25.2437
 -- Sample 6: mean=29.3574%; std=25.5334
 -- Sample 7: mean=30.1988%; std=25.0941
 -- Sample 8: mean=286.5138%; std=279.7593
 -- Sample 9: mean=304.1159%; std=306.5026
 -- Sample 10: mean=295.0799%; std=309.3044
 -- Sample 11: mean=302.6009%; std=291.0803
 -- Sample 12: mean=102.3903%; std=97.1855
 -- Sample 13: mean=97.6489%; std=90.6706
 -- Sample 14: mean=105.3695%; std=98.5737
 -- Sample 15: mean=107.4512%; std=106.3088
 -- Sample 16: mean=91.3264%; std=85.8190
 -- Sample 17: mean=94.1120%; std=105.6046
 -- Sample 18: mean=97.5473%; std=106.5233
 -- Sample 19: mean=98.7568%; std=102.2647
 -- Sample 20: mean=43.7309%; std=47.0057
 -- Sample 21: mean=46.0164%; std=52.6750
 -- Sample 22: mean=48.0311%; std=50.0127
 -- Sample 23: mean=49.6083%; std=58.2250
 -- Sample 24: mean=252.7996%; std=281.7518
 -- Sample 25: mean=248.3924%; std=263.1960
 -- Sample 26: mean=249.0204%; std=275.0156
 -- Sample 27: mean=236.5983%; std=251.6571
 -- Sample 28: mean=147.2116%; std=112.4746
 -- Sample 29: mean=154.4928%; std=119.8723
 -- Sample 30: mean=149.5002%; std=100.7774
 -- Sample 31: mean=147.8275%; std=113.3696
 -- Sample 32: mean=135.8668%; std=113.7540
 -- Sample 33: mean=136.3138%; std=109.2168
 -- Sample 34: mean=128.4962%; std=105.3309
 -- Sample 35: mean=134.0913%; std=113.7937
 -- Sample 36: mean=52.7634%; std=46.8518
 -- Sample 37: mean=51.3666%; std=42.3799
 -- Sample 38: mean=57.4661%; std=45.9997
 -- Sample 39: mean=52.5872%; std=41.4726
 -- Sample 40: mean=47.2499%; std=41.5286
 -- Sample 41: mean=48.3853%; std=35.3235
 -- Sample 42: mean=52.7969%; std=47.0646
 -- Sample 43: mean=44.0425%; std=33.8747
 -- Sample 44: mean=42.9759%; std=37.5166
 -- Sample 45: mean=41.8707%; std=38.0355
 -- Sample 46: mean=44.2591%; std=38.2510
 -- Sample 47: mean=40.0127%; std=38.7152
 -- Sample 48: mean=47.6907%; std=30.1545
 -- Sample 49: mean=47.3370%; std=28.4244
Mean: 118.4058%, Std: 84.3984%
------------------------------------------------------------------
Correlation comparison:
 -- Sample 0: 0.4880
 -- Sample 1: 0.5126
 -- Sample 2: 0.4719
 -- Sample 3: 0.4926
 -- Sample 4: 0.8579
 -- Sample 5: 0.8382
 -- Sample 6: 0.8644
 -- Sample 7: 0.8538
 -- Sample 8: 0.4879
 -- Sample 9: 0.4691
 -- Sample 10: 0.4670
 -- Sample 11: 0.4881
 -- Sample 12: 0.7314
 -- Sample 13: 0.7444
 -- Sample 14: 0.7331
 -- Sample 15: 0.7274
 -- Sample 16: 0.6575
 -- Sample 17: 0.5799
 -- Sample 18: 0.6304
 -- Sample 19: 0.6281
 -- Sample 20: 0.8168
 -- Sample 21: 0.8105
 -- Sample 22: 0.8091
 -- Sample 23: 0.8065
 -- Sample 24: 0.3887
 -- Sample 25: 0.3951
 -- Sample 26: 0.3914
 -- Sample 27: 0.4148
 -- Sample 28: 0.5958
 -- Sample 29: 0.5975
 -- Sample 30: 0.5989
 -- Sample 31: 0.5926
 -- Sample 32: 0.6699
 -- Sample 33: 0.6605
 -- Sample 34: 0.6746
 -- Sample 35: 0.6733
 -- Sample 36: 0.7269
 -- Sample 37: 0.7478
 -- Sample 38: 0.7165
 -- Sample 39: 0.7378
 -- Sample 40: 0.8029
 -- Sample 41: 0.8084
 -- Sample 42: 0.7689
 -- Sample 43: 0.8202
 -- Sample 44: 0.8556
 -- Sample 45: 0.8926
 -- Sample 46: 0.8457
 -- Sample 47: 0.8793
 -- Sample 48: 0.7507
 -- Sample 49: 0.7410
Mean=0.6743, Std=0.1478
------------------------------------------------------------------
    Evaluating Ko et al (D1 N4)
Bias Error: using Single Component
Mean: 49.0174, Std: 20.6637
------------------------------------------------------------------
Magnitude Error: 
 -- Sample 0: mean=70.1855%; std=46.8462
 -- Sample 1: mean=77.6389%; std=49.4039
 -- Sample 2: mean=74.2304%; std=56.1809
 -- Sample 3: mean=69.4606%; std=43.6826
 -- Sample 4: mean=63.4604%; std=13.4243
 -- Sample 5: mean=58.9573%; std=13.2526
 -- Sample 6: mean=62.5184%; std=10.2766
 -- Sample 7: mean=60.0875%; std=10.6821
 -- Sample 8: mean=69.9540%; std=21.0045
 -- Sample 9: mean=64.9235%; std=25.3440
 -- Sample 10: mean=65.6983%; std=25.2095
 -- Sample 11: mean=64.8161%; std=23.9669
 -- Sample 12: mean=49.6497%; std=29.6221
 -- Sample 13: mean=52.1266%; std=27.2723
 -- Sample 14: mean=50.0434%; std=27.4517
 -- Sample 15: mean=45.5781%; std=28.6952
 -- Sample 16: mean=59.3755%; std=32.4053
 -- Sample 17: mean=67.8973%; std=27.9720
 -- Sample 18: mean=63.5275%; std=27.5945
 -- Sample 19: mean=67.4922%; std=28.2307
 -- Sample 20: mean=37.7599%; std=23.3802
 -- Sample 21: mean=38.5014%; std=21.9147
 -- Sample 22: mean=38.7162%; std=20.8978
 -- Sample 23: mean=42.0073%; std=20.5391
 -- Sample 24: mean=57.0831%; std=24.5849
 -- Sample 25: mean=64.1240%; std=22.7641
 -- Sample 26: mean=69.4843%; std=28.3710
 -- Sample 27: mean=63.6106%; std=27.7207
 -- Sample 28: mean=61.3546%; std=30.9014
 -- Sample 29: mean=53.3041%; std=28.5092
 -- Sample 30: mean=61.1121%; std=30.4026
 -- Sample 31: mean=58.3137%; std=28.0808
 -- Sample 32: mean=39.8254%; std=22.4672
 -- Sample 33: mean=49.8959%; std=28.0423
 -- Sample 34: mean=43.0698%; std=24.9593
 -- Sample 35: mean=43.4327%; std=23.5507
 -- Sample 36: mean=79.0362%; std=15.4468
 -- Sample 37: mean=78.0003%; std=16.6791
 -- Sample 38: mean=78.3100%; std=11.7826
 -- Sample 39: mean=79.8503%; std=10.4106
 -- Sample 40: mean=70.3349%; std=16.6504
 -- Sample 41: mean=69.2156%; std=18.9153
 -- Sample 42: mean=68.7127%; std=15.1353
 -- Sample 43: mean=67.9785%; std=18.4815
 -- Sample 44: mean=68.0237%; std=19.6491
 -- Sample 45: mean=68.9284%; std=18.2802
 -- Sample 46: mean=62.1338%; std=19.2603
 -- Sample 47: mean=61.7786%; std=21.8395
 -- Sample 48: mean=64.0417%; std=19.8086
 -- Sample 49: mean=68.4208%; std=19.8556
Mean: 61.2796%, Std: 11.3137%
------------------------------------------------------------------
Correlation comparison:
 -- Sample 0: 0.5202
 -- Sample 1: 0.4738
 -- Sample 2: 0.5262
 -- Sample 3: 0.4978
 -- Sample 4: 0.9355
 -- Sample 5: 0.9456
 -- Sample 6: 0.9570
 -- Sample 7: 0.9588
 -- Sample 8: 0.6964
 -- Sample 9: 0.6986
 -- Sample 10: 0.7349
 -- Sample 11: 0.7732
 -- Sample 12: 0.8174
 -- Sample 13: 0.8134
 -- Sample 14: 0.8283
 -- Sample 15: 0.8344
 -- Sample 16: 0.5672
 -- Sample 17: 0.4643
 -- Sample 18: 0.5895
 -- Sample 19: 0.5440
 -- Sample 20: 0.8932
 -- Sample 21: 0.9128
 -- Sample 22: 0.9071
 -- Sample 23: 0.9094
 -- Sample 24: 0.6335
 -- Sample 25: 0.5684
 -- Sample 26: 0.4443
 -- Sample 27: 0.6025
 -- Sample 28: 0.6093
 -- Sample 29: 0.6836
 -- Sample 30: 0.6365
 -- Sample 31: 0.6591
 -- Sample 32: 0.8324
 -- Sample 33: 0.6926
 -- Sample 34: 0.7902
 -- Sample 35: 0.7855
 -- Sample 36: 0.7258
 -- Sample 37: 0.7233
 -- Sample 38: 0.8382
 -- Sample 39: 0.8541
 -- Sample 40: 0.8706
 -- Sample 41: 0.8583
 -- Sample 42: 0.9090
 -- Sample 43: 0.8539
 -- Sample 44: 0.7795
 -- Sample 45: 0.8132
 -- Sample 46: 0.8352
 -- Sample 47: 0.8056
 -- Sample 48: 0.8138
 -- Sample 49: 0.7362
Mean=0.7431, Std=0.1435
------------------------------------------------------------------
    Evaluating Ko et al (D2 N4)
Bias Error: using Single Component
Mean: 22.2561, Std: 12.7293
------------------------------------------------------------------
Magnitude Error: 
 -- Sample 0: mean=74.9744%; std=78.9196
 -- Sample 1: mean=77.7056%; std=81.4091
 -- Sample 2: mean=66.4630%; std=87.0337
 -- Sample 3: mean=66.2221%; std=81.7648
 -- Sample 4: mean=26.9661%; std=14.0258
 -- Sample 5: mean=26.1824%; std=13.6710
 -- Sample 6: mean=23.6671%; std=15.1220
 -- Sample 7: mean=26.9237%; std=14.7866
 -- Sample 8: mean=53.2066%; std=38.6086
 -- Sample 9: mean=43.6140%; std=42.2053
 -- Sample 10: mean=51.9640%; std=36.0778
 -- Sample 11: mean=48.0579%; std=34.8638
 -- Sample 12: mean=43.0090%; std=26.3077
 -- Sample 13: mean=39.8553%; std=28.2176
 -- Sample 14: mean=43.0336%; std=31.2923
 -- Sample 15: mean=41.3727%; std=31.5218
 -- Sample 16: mean=59.6080%; std=74.5178
 -- Sample 17: mean=54.5337%; std=70.8343
 -- Sample 18: mean=60.8376%; std=75.7113
 -- Sample 19: mean=53.8817%; std=69.1414
 -- Sample 20: mean=16.9858%; std=13.4884
 -- Sample 21: mean=15.8985%; std=14.8527
 -- Sample 22: mean=17.7172%; std=15.6094
 -- Sample 23: mean=18.4008%; std=14.8791
 -- Sample 24: mean=34.0640%; std=23.2641
 -- Sample 25: mean=32.8807%; std=19.1785
 -- Sample 26: mean=34.0446%; std=21.3079
 -- Sample 27: mean=34.0915%; std=25.2931
 -- Sample 28: mean=64.1775%; std=52.0957
 -- Sample 29: mean=67.5573%; std=54.6549
 -- Sample 30: mean=80.0288%; std=66.1902
 -- Sample 31: mean=67.7956%; std=55.9439
 -- Sample 32: mean=62.7992%; std=44.2407
 -- Sample 33: mean=66.4967%; std=54.5140
 -- Sample 34: mean=67.0401%; std=54.3141
 -- Sample 35: mean=64.1980%; std=47.9902
 -- Sample 36: mean=39.0556%; std=18.7141
 -- Sample 37: mean=40.6742%; std=18.9116
 -- Sample 38: mean=34.4815%; std=17.5294
 -- Sample 39: mean=34.6968%; std=18.4573
 -- Sample 40: mean=39.2738%; std=22.3862
 -- Sample 41: mean=38.3970%; std=17.4425
 -- Sample 42: mean=38.2812%; std=19.6556
 -- Sample 43: mean=37.4709%; std=19.2603
 -- Sample 44: mean=29.0710%; std=19.1410
 -- Sample 45: mean=29.6702%; std=20.4157
 -- Sample 46: mean=35.3028%; std=20.7639
 -- Sample 47: mean=30.0902%; std=21.0906
 -- Sample 48: mean=35.9466%; std=26.1638
 -- Sample 49: mean=34.2489%; std=24.7326
Mean: 44.4583%, Std: 16.9891%
------------------------------------------------------------------
Correlation comparison:
 -- Sample 0: 0.7715
 -- Sample 1: 0.7676
 -- Sample 2: 0.7806
 -- Sample 3: 0.7829
 -- Sample 4: 0.9755
 -- Sample 5: 0.9754
 -- Sample 6: 0.9707
 -- Sample 7: 0.9573
 -- Sample 8: 0.8490
 -- Sample 9: 0.8930
 -- Sample 10: 0.8724
 -- Sample 11: 0.8884
 -- Sample 12: 0.9186
 -- Sample 13: 0.9132
 -- Sample 14: 0.9262
 -- Sample 15: 0.8992
 -- Sample 16: 0.7440
 -- Sample 17: 0.7779
 -- Sample 18: 0.7055
 -- Sample 19: 0.7655
 -- Sample 20: 0.9792
 -- Sample 21: 0.9811
 -- Sample 22: 0.9755
 -- Sample 23: 0.9709
 -- Sample 24: 0.9188
 -- Sample 25: 0.9357
 -- Sample 26: 0.9377
 -- Sample 27: 0.8998
 -- Sample 28: 0.8156
 -- Sample 29: 0.7546
 -- Sample 30: 0.7445
 -- Sample 31: 0.7892
 -- Sample 32: 0.7273
 -- Sample 33: 0.7178
 -- Sample 34: 0.7080
 -- Sample 35: 0.7184
 -- Sample 36: 0.9528
 -- Sample 37: 0.9474
 -- Sample 38: 0.9595
 -- Sample 39: 0.9524
 -- Sample 40: 0.9029
 -- Sample 41: 0.9357
 -- Sample 42: 0.9227
 -- Sample 43: 0.9225
 -- Sample 44: 0.9024
 -- Sample 45: 0.9027
 -- Sample 46: 0.9005
 -- Sample 47: 0.9257
 -- Sample 48: 0.8720
 -- Sample 49: 0.8884
Mean=0.8719, Std=0.0874
------------------------------------------------------------------
    Evaluating Ko et al (D3 N4)
Bias Error: using Single Component
Mean: 19.0455, Std: 11.6462
------------------------------------------------------------------
Magnitude Error: 
 -- Sample 0: mean=60.6102%; std=73.3569
 -- Sample 1: mean=69.4011%; std=83.4658
 -- Sample 2: mean=73.1593%; std=91.7149
 -- Sample 3: mean=61.1499%; std=75.9548
 -- Sample 4: mean=23.8911%; std=14.8505
 -- Sample 5: mean=27.0263%; std=16.9721
 -- Sample 6: mean=28.5535%; std=17.1055
 -- Sample 7: mean=25.7659%; std=15.4827
 -- Sample 8: mean=39.6209%; std=33.1644
 -- Sample 9: mean=42.9552%; std=48.1904
 -- Sample 10: mean=38.6067%; std=36.6354
 -- Sample 11: mean=42.5996%; std=38.9979
 -- Sample 12: mean=35.0259%; std=26.1963
 -- Sample 13: mean=38.3545%; std=25.2719
 -- Sample 14: mean=31.6558%; std=24.9684
 -- Sample 15: mean=31.5405%; std=21.7249
 -- Sample 16: mean=63.9716%; std=62.7103
 -- Sample 17: mean=72.6437%; std=65.6932
 -- Sample 18: mean=69.2931%; std=69.7679
 -- Sample 19: mean=70.0246%; std=71.6644
 -- Sample 20: mean=27.6752%; std=18.1708
 -- Sample 21: mean=22.2233%; std=15.2767
 -- Sample 22: mean=23.5601%; std=15.5280
 -- Sample 23: mean=24.5838%; std=15.5784
 -- Sample 24: mean=39.8308%; std=21.2140
 -- Sample 25: mean=44.2774%; std=26.9870
 -- Sample 26: mean=44.8714%; std=30.9618
 -- Sample 27: mean=40.9562%; std=25.6699
 -- Sample 28: mean=60.3501%; std=46.4941
 -- Sample 29: mean=46.8781%; std=32.9600
 -- Sample 30: mean=63.8093%; std=46.2383
 -- Sample 31: mean=69.3257%; std=51.8728
 -- Sample 32: mean=63.3976%; std=44.5603
 -- Sample 33: mean=72.0370%; std=48.9784
 -- Sample 34: mean=63.8150%; std=43.2436
 -- Sample 35: mean=71.5694%; std=49.2591
 -- Sample 36: mean=37.8128%; std=18.9711
 -- Sample 37: mean=36.5074%; std=17.2448
 -- Sample 38: mean=32.5593%; std=17.2827
 -- Sample 39: mean=39.7771%; std=19.3137
 -- Sample 40: mean=29.0644%; std=19.1944
 -- Sample 41: mean=26.2211%; std=19.4816
 -- Sample 42: mean=33.7336%; std=21.1515
 -- Sample 43: mean=26.6516%; std=17.6183
 -- Sample 44: mean=28.1996%; std=20.5184
 -- Sample 45: mean=28.9512%; std=23.0925
 -- Sample 46: mean=28.8604%; std=22.5690
 -- Sample 47: mean=27.8802%; std=22.3444
 -- Sample 48: mean=31.3395%; std=24.1178
 -- Sample 49: mean=33.8325%; std=23.3050
Mean: 43.3280%, Std: 16.6848%
------------------------------------------------------------------
Correlation comparison:
 -- Sample 0: 0.8047
 -- Sample 1: 0.8016
 -- Sample 2: 0.7785
 -- Sample 3: 0.7975
 -- Sample 4: 0.9605
 -- Sample 5: 0.9463
 -- Sample 6: 0.9406
 -- Sample 7: 0.9547
 -- Sample 8: 0.8796
 -- Sample 9: 0.8730
 -- Sample 10: 0.8798
 -- Sample 11: 0.8641
 -- Sample 12: 0.9312
 -- Sample 13: 0.9229
 -- Sample 14: 0.9124
 -- Sample 15: 0.9282
 -- Sample 16: 0.7462
 -- Sample 17: 0.6679
 -- Sample 18: 0.7103
 -- Sample 19: 0.7151
 -- Sample 20: 0.9220
 -- Sample 21: 0.9559
 -- Sample 22: 0.9454
 -- Sample 23: 0.9458
 -- Sample 24: 0.9286
 -- Sample 25: 0.8923
 -- Sample 26: 0.8780
 -- Sample 27: 0.9117
 -- Sample 28: 0.7763
 -- Sample 29: 0.8003
 -- Sample 30: 0.7469
 -- Sample 31: 0.7556
 -- Sample 32: 0.6685
 -- Sample 33: 0.6512
 -- Sample 34: 0.6919
 -- Sample 35: 0.6169
 -- Sample 36: 0.9436
 -- Sample 37: 0.9451
 -- Sample 38: 0.9581
 -- Sample 39: 0.9298
 -- Sample 40: 0.9433
 -- Sample 41: 0.9510
 -- Sample 42: 0.9180
 -- Sample 43: 0.9498
 -- Sample 44: 0.8968
 -- Sample 45: 0.8975
 -- Sample 46: 0.8898
 -- Sample 47: 0.8863
 -- Sample 48: 0.8998
 -- Sample 49: 0.8996
Mean=0.8602, Std=0.0961
------------------------------------------------------------------
    Evaluating Ko et al (D3 N0)
Bias Error: using Single Component
Mean: 25.5291, Std: 15.4492
------------------------------------------------------------------
Magnitude Error: 
 -- Sample 0: mean=59.5896%; std=68.8813
 -- Sample 1: mean=59.8221%; std=61.4360
 -- Sample 2: mean=60.1487%; std=61.8791
 -- Sample 3: mean=87.2625%; std=95.8153
 -- Sample 4: mean=45.8562%; std=21.8140
 -- Sample 5: mean=47.6156%; std=18.2791
 -- Sample 6: mean=48.7824%; std=17.9613
 -- Sample 7: mean=47.7191%; std=18.0309
 -- Sample 8: mean=62.6499%; std=63.3233
 -- Sample 9: mean=55.7591%; std=50.7318
 -- Sample 10: mean=49.1217%; std=41.0441
 -- Sample 11: mean=43.3402%; std=37.2760
 -- Sample 12: mean=36.8831%; std=30.7289
 -- Sample 13: mean=35.3791%; std=22.2227
 -- Sample 14: mean=43.8311%; std=33.5070
 -- Sample 15: mean=39.0309%; std=23.4627
 -- Sample 16: mean=49.6665%; std=36.6218
 -- Sample 17: mean=53.0190%; std=28.5679
 -- Sample 18: mean=47.3233%; std=33.2970
 -- Sample 19: mean=51.6980%; std=28.1746
 -- Sample 20: mean=49.2594%; std=24.7180
 -- Sample 21: mean=43.0389%; std=20.3352
 -- Sample 22: mean=33.0248%; std=19.4858
 -- Sample 23: mean=37.2023%; std=21.4210
 -- Sample 24: mean=42.7408%; std=25.7942
 -- Sample 25: mean=51.5673%; std=31.4480
 -- Sample 26: mean=53.9232%; std=39.2882
 -- Sample 27: mean=48.0330%; std=38.8942
 -- Sample 28: mean=52.4755%; std=30.6702
 -- Sample 29: mean=62.9757%; std=54.1925
 -- Sample 30: mean=39.1933%; std=35.4585
 -- Sample 31: mean=75.3524%; std=52.1468
 -- Sample 32: mean=53.0276%; std=30.1190
 -- Sample 33: mean=61.0304%; std=37.9187
 -- Sample 34: mean=52.0798%; std=32.5282
 -- Sample 35: mean=49.0051%; std=28.9259
 -- Sample 36: mean=49.8787%; std=16.6293
 -- Sample 37: mean=47.4368%; std=18.8799
 -- Sample 38: mean=46.1443%; std=16.2810
 -- Sample 39: mean=41.6459%; std=19.8414
 -- Sample 40: mean=41.0851%; std=19.9151
 -- Sample 41: mean=41.9677%; std=23.7370
 -- Sample 42: mean=38.8487%; std=21.6721
 -- Sample 43: mean=38.1590%; std=21.1596
 -- Sample 44: mean=38.9494%; std=26.1297
 -- Sample 45: mean=44.3534%; std=20.8837
 -- Sample 46: mean=37.2465%; std=17.4282
 -- Sample 47: mean=41.7627%; std=21.6192
 -- Sample 48: mean=45.0672%; std=19.8338
 -- Sample 49: mean=45.0474%; std=19.0701
Mean: 48.5204%, Std: 9.9805%
------------------------------------------------------------------
Correlation comparison:
 -- Sample 0: 0.7316
 -- Sample 1: 0.7790
 -- Sample 2: 0.8116
 -- Sample 3: 0.7409
 -- Sample 4: 0.8986
 -- Sample 5: 0.9270
 -- Sample 6: 0.9171
 -- Sample 7: 0.9298
 -- Sample 8: 0.7310
 -- Sample 9: 0.8174
 -- Sample 10: 0.8588
 -- Sample 11: 0.8287
 -- Sample 12: 0.8549
 -- Sample 13: 0.8738
 -- Sample 14: 0.8256
 -- Sample 15: 0.8684
 -- Sample 16: 0.7808
 -- Sample 17: 0.7293
 -- Sample 18: 0.7934
 -- Sample 19: 0.7709
 -- Sample 20: 0.8112
 -- Sample 21: 0.8711
 -- Sample 22: 0.9056
 -- Sample 23: 0.8521
 -- Sample 24: 0.8663
 -- Sample 25: 0.8743
 -- Sample 26: 0.7847
 -- Sample 27: 0.8485
 -- Sample 28: 0.7661
 -- Sample 29: 0.6800
 -- Sample 30: 0.7693
 -- Sample 31: 0.6952
 -- Sample 32: 0.6879
 -- Sample 33: 0.6868
 -- Sample 34: 0.7485
 -- Sample 35: 0.7360
 -- Sample 36: 0.9302
 -- Sample 37: 0.8969
 -- Sample 38: 0.9393
 -- Sample 39: 0.9025
 -- Sample 40: 0.9292
 -- Sample 41: 0.9016
 -- Sample 42: 0.9361
 -- Sample 43: 0.9346
 -- Sample 44: 0.8406
 -- Sample 45: 0.8697
 -- Sample 46: 0.9168
 -- Sample 47: 0.8076
 -- Sample 48: 0.8739
 -- Sample 49: 0.8486
Mean=0.8316, Std=0.0753
------------------------------------------------------------------
    Evaluating Ko et al (D3 N1)
Bias Error: using Single Component
Mean: 24.6791, Std: 15.5952
------------------------------------------------------------------
Magnitude Error: 
 -- Sample 0: mean=99.0432%; std=135.6448
 -- Sample 1: mean=75.6471%; std=88.5420
 -- Sample 2: mean=98.6405%; std=120.7794
 -- Sample 3: mean=89.7783%; std=106.9374
 -- Sample 4: mean=32.7794%; std=16.6930
 -- Sample 5: mean=38.3527%; std=17.4926
 -- Sample 6: mean=37.6263%; std=17.9169
 -- Sample 7: mean=39.7657%; std=17.0286
 -- Sample 8: mean=65.0296%; std=83.3656
 -- Sample 9: mean=38.7707%; std=44.7481
 -- Sample 10: mean=72.5245%; std=70.5986
 -- Sample 11: mean=44.5558%; std=56.1848
 -- Sample 12: mean=36.6986%; std=26.0042
 -- Sample 13: mean=39.6780%; std=25.4765
 -- Sample 14: mean=46.8522%; std=31.4898
 -- Sample 15: mean=30.7386%; std=20.6350
 -- Sample 16: mean=48.4973%; std=35.9080
 -- Sample 17: mean=56.4000%; std=35.8534
 -- Sample 18: mean=51.6768%; std=31.5970
 -- Sample 19: mean=48.7314%; std=30.9224
 -- Sample 20: mean=43.9132%; std=21.9490
 -- Sample 21: mean=39.2223%; std=19.6027
 -- Sample 22: mean=37.7133%; std=20.0325
 -- Sample 23: mean=40.3126%; std=20.4246
 -- Sample 24: mean=59.9045%; std=43.4522
 -- Sample 25: mean=59.0804%; std=36.2146
 -- Sample 26: mean=67.3891%; std=51.2859
 -- Sample 27: mean=48.8127%; std=37.0147
 -- Sample 28: mean=57.1734%; std=41.7198
 -- Sample 29: mean=68.8197%; std=60.0289
 -- Sample 30: mean=43.8327%; std=29.0685
 -- Sample 31: mean=64.8679%; std=47.4783
 -- Sample 32: mean=60.1647%; std=36.2652
 -- Sample 33: mean=61.0518%; std=44.0828
 -- Sample 34: mean=84.1661%; std=53.6837
 -- Sample 35: mean=63.0401%; std=39.4449
 -- Sample 36: mean=47.4723%; std=19.0365
 -- Sample 37: mean=38.3574%; std=17.4589
 -- Sample 38: mean=43.9459%; std=19.7161
 -- Sample 39: mean=42.8150%; std=16.8039
 -- Sample 40: mean=35.1775%; std=19.1394
 -- Sample 41: mean=38.4063%; std=19.0345
 -- Sample 42: mean=35.2426%; std=20.7843
 -- Sample 43: mean=33.4477%; std=18.6442
 -- Sample 44: mean=33.8181%; std=22.2836
 -- Sample 45: mean=40.6122%; std=23.9847
 -- Sample 46: mean=36.4933%; std=26.1976
 -- Sample 47: mean=37.1263%; std=23.5059
 -- Sample 48: mean=39.1098%; std=22.2910
 -- Sample 49: mean=40.5864%; std=21.8639
Mean: 50.6772%, Std: 16.9533%
------------------------------------------------------------------
Correlation comparison:
 -- Sample 0: 0.6467
 -- Sample 1: 0.7626
 -- Sample 2: 0.6761
 -- Sample 3: 0.7696
 -- Sample 4: 0.9486
 -- Sample 5: 0.9505
 -- Sample 6: 0.9305
 -- Sample 7: 0.9426
 -- Sample 8: 0.7440
 -- Sample 9: 0.8782
 -- Sample 10: 0.7809
 -- Sample 11: 0.8330
 -- Sample 12: 0.8900
 -- Sample 13: 0.8914
 -- Sample 14: 0.8659
 -- Sample 15: 0.9033
 -- Sample 16: 0.8278
 -- Sample 17: 0.7311
 -- Sample 18: 0.7694
 -- Sample 19: 0.8130
 -- Sample 20: 0.8482
 -- Sample 21: 0.8592
 -- Sample 22: 0.9042
 -- Sample 23: 0.8434
 -- Sample 24: 0.7984
 -- Sample 25: 0.8285
 -- Sample 26: 0.8089
 -- Sample 27: 0.8164
 -- Sample 28: 0.7611
 -- Sample 29: 0.7246
 -- Sample 30: 0.8138
 -- Sample 31: 0.7070
 -- Sample 32: 0.6478
 -- Sample 33: 0.6824
 -- Sample 34: 0.6620
 -- Sample 35: 0.6281
 -- Sample 36: 0.9001
 -- Sample 37: 0.9427
 -- Sample 38: 0.9113
 -- Sample 39: 0.9336
 -- Sample 40: 0.9468
 -- Sample 41: 0.9422
 -- Sample 42: 0.9472
 -- Sample 43: 0.9541
 -- Sample 44: 0.8646
 -- Sample 45: 0.8324
 -- Sample 46: 0.8678
 -- Sample 47: 0.8275
 -- Sample 48: 0.8752
 -- Sample 49: 0.8798
Mean=0.8303, Std=0.0914
------------------------------------------------------------------
    Evaluating Ko et al (D3 N2)
Bias Error: using Single Component
Mean: 20.5881, Std: 13.3383
------------------------------------------------------------------
Magnitude Error: 
 -- Sample 0: mean=91.1480%; std=92.8328
 -- Sample 1: mean=58.6620%; std=63.6282
 -- Sample 2: mean=77.5885%; std=78.6703
 -- Sample 3: mean=72.0389%; std=88.1315
 -- Sample 4: mean=34.5746%; std=16.3669
 -- Sample 5: mean=39.8538%; std=19.3685
 -- Sample 6: mean=37.5242%; std=19.5577
 -- Sample 7: mean=36.3975%; std=17.3360
 -- Sample 8: mean=41.9122%; std=36.4850
 -- Sample 9: mean=46.3415%; std=52.3891
 -- Sample 10: mean=43.7321%; std=39.6670
 -- Sample 11: mean=49.1628%; std=41.9095
 -- Sample 12: mean=48.5083%; std=37.7207
 -- Sample 13: mean=33.4572%; std=28.3101
 -- Sample 14: mean=39.7914%; std=29.2126
 -- Sample 15: mean=31.3338%; std=23.8659
 -- Sample 16: mean=61.3297%; std=46.6098
 -- Sample 17: mean=56.8537%; std=52.6985
 -- Sample 18: mean=46.1032%; std=34.8345
 -- Sample 19: mean=59.9142%; std=49.6451
 -- Sample 20: mean=40.3538%; std=21.3402
 -- Sample 21: mean=34.9322%; std=26.5825
 -- Sample 22: mean=33.0205%; std=21.7443
 -- Sample 23: mean=38.0819%; std=18.2115
 -- Sample 24: mean=57.0297%; std=35.3566
 -- Sample 25: mean=45.8055%; std=32.9266
 -- Sample 26: mean=50.5528%; std=35.5584
 -- Sample 27: mean=40.2628%; std=34.5096
 -- Sample 28: mean=42.4269%; std=43.7128
 -- Sample 29: mean=55.6309%; std=47.4025
 -- Sample 30: mean=46.8063%; std=39.3053
 -- Sample 31: mean=65.1448%; std=49.4393
 -- Sample 32: mean=70.2220%; std=33.6482
 -- Sample 33: mean=63.6228%; std=37.6384
 -- Sample 34: mean=68.2331%; std=34.9152
 -- Sample 35: mean=74.7673%; std=38.9080
 -- Sample 36: mean=43.6661%; std=19.8252
 -- Sample 37: mean=40.0785%; std=19.6667
 -- Sample 38: mean=38.3189%; std=14.3317
 -- Sample 39: mean=33.3517%; std=18.7386
 -- Sample 40: mean=33.5385%; std=17.9910
 -- Sample 41: mean=36.7144%; std=22.1629
 -- Sample 42: mean=35.4621%; std=18.6160
 -- Sample 43: mean=30.7697%; std=20.8731
 -- Sample 44: mean=25.4977%; std=19.1303
 -- Sample 45: mean=36.5654%; std=22.6459
 -- Sample 46: mean=35.3901%; std=23.0305
 -- Sample 47: mean=36.2360%; std=27.0442
 -- Sample 48: mean=30.2731%; std=22.4412
 -- Sample 49: mean=33.2586%; std=26.1653
Mean: 46.4448%, Std: 14.4335%
------------------------------------------------------------------
Correlation comparison:
 -- Sample 0: 0.7201
 -- Sample 1: 0.8121
 -- Sample 2: 0.8068
 -- Sample 3: 0.7938
 -- Sample 4: 0.9486
 -- Sample 5: 0.9248
 -- Sample 6: 0.9262
 -- Sample 7: 0.9389
 -- Sample 8: 0.8752
 -- Sample 9: 0.8857
 -- Sample 10: 0.8626
 -- Sample 11: 0.8348
 -- Sample 12: 0.8710
 -- Sample 13: 0.9212
 -- Sample 14: 0.9114
 -- Sample 15: 0.9214
 -- Sample 16: 0.7608
 -- Sample 17: 0.7676
 -- Sample 18: 0.8251
 -- Sample 19: 0.7463
 -- Sample 20: 0.8609
 -- Sample 21: 0.8849
 -- Sample 22: 0.9236
 -- Sample 23: 0.8806
 -- Sample 24: 0.8356
 -- Sample 25: 0.8965
 -- Sample 26: 0.8645
 -- Sample 27: 0.8862
 -- Sample 28: 0.7967
 -- Sample 29: 0.7813
 -- Sample 30: 0.8058
 -- Sample 31: 0.7254
 -- Sample 32: 0.5863
 -- Sample 33: 0.7227
 -- Sample 34: 0.6598
 -- Sample 35: 0.6350
 -- Sample 36: 0.9000
 -- Sample 37: 0.9359
 -- Sample 38: 0.9614
 -- Sample 39: 0.9454
 -- Sample 40: 0.9672
 -- Sample 41: 0.9294
 -- Sample 42: 0.9639
 -- Sample 43: 0.9431
 -- Sample 44: 0.9228
 -- Sample 45: 0.8397
 -- Sample 46: 0.8797
 -- Sample 47: 0.8566
 -- Sample 48: 0.9058
 -- Sample 49: 0.8914
Mean=0.8529, Std=0.0876
------------------------------------------------------------------
    Evaluating Ko et al (D3 N3)
Bias Error: using Single Component
Mean: 19.4644, Std: 15.7676
------------------------------------------------------------------
Magnitude Error: 
 -- Sample 0: mean=74.0335%; std=77.4384
 -- Sample 1: mean=87.7857%; std=102.4087
 -- Sample 2: mean=67.3846%; std=79.8527
 -- Sample 3: mean=76.1960%; std=88.9482
 -- Sample 4: mean=30.6851%; std=15.0566
 -- Sample 5: mean=36.8898%; std=17.9611
 -- Sample 6: mean=25.9762%; std=14.2083
 -- Sample 7: mean=30.2569%; std=15.3479
 -- Sample 8: mean=36.1493%; std=42.3690
 -- Sample 9: mean=34.1466%; std=42.6225
 -- Sample 10: mean=37.2416%; std=32.2935
 -- Sample 11: mean=28.5197%; std=29.6744
 -- Sample 12: mean=35.3521%; std=30.4374
 -- Sample 13: mean=37.6385%; std=27.6335
 -- Sample 14: mean=36.2575%; std=27.9509
 -- Sample 15: mean=40.1490%; std=33.7474
 -- Sample 16: mean=57.6711%; std=50.8438
 -- Sample 17: mean=56.5607%; std=55.7673
 -- Sample 18: mean=47.7403%; std=44.8171
 -- Sample 19: mean=65.3632%; std=54.3212
 -- Sample 20: mean=29.7889%; std=20.8401
 -- Sample 21: mean=30.9978%; std=23.6781
 -- Sample 22: mean=24.8714%; std=16.1776
 -- Sample 23: mean=28.5904%; std=21.4425
 -- Sample 24: mean=37.1760%; std=22.5291
 -- Sample 25: mean=45.9470%; std=24.4195
 -- Sample 26: mean=34.5866%; std=24.7357
 -- Sample 27: mean=37.4037%; std=29.9503
 -- Sample 28: mean=43.8639%; std=29.7754
 -- Sample 29: mean=58.8353%; std=47.1981
 -- Sample 30: mean=48.7037%; std=46.5385
 -- Sample 31: mean=62.0963%; std=55.9094
 -- Sample 32: mean=52.8261%; std=36.3300
 -- Sample 33: mean=55.1169%; std=32.3058
 -- Sample 34: mean=46.3276%; std=30.8008
 -- Sample 35: mean=64.0837%; std=35.6869
 -- Sample 36: mean=25.6863%; std=18.7396
 -- Sample 37: mean=37.7011%; std=20.7248
 -- Sample 38: mean=37.2573%; std=19.5886
 -- Sample 39: mean=28.3117%; std=17.9230
 -- Sample 40: mean=34.1212%; std=18.6840
 -- Sample 41: mean=31.7894%; std=18.7222
 -- Sample 42: mean=26.2750%; std=15.5819
 -- Sample 43: mean=28.9006%; std=21.3420
 -- Sample 44: mean=28.5652%; std=21.6093
 -- Sample 45: mean=33.5670%; std=23.4006
 -- Sample 46: mean=29.9218%; std=21.4518
 -- Sample 47: mean=33.7728%; std=26.4749
 -- Sample 48: mean=28.0488%; std=19.1861
 -- Sample 49: mean=29.4390%; std=17.6977
Mean: 41.5314%, Std: 14.9648%
------------------------------------------------------------------
Correlation comparison:
 -- Sample 0: 0.8413
 -- Sample 1: 0.7809
 -- Sample 2: 0.7780
 -- Sample 3: 0.8143
 -- Sample 4: 0.9224
 -- Sample 5: 0.8881
 -- Sample 6: 0.9608
 -- Sample 7: 0.9350
 -- Sample 8: 0.9025
 -- Sample 9: 0.9295
 -- Sample 10: 0.8976
 -- Sample 11: 0.8855
 -- Sample 12: 0.9185
 -- Sample 13: 0.9139
 -- Sample 14: 0.9308
 -- Sample 15: 0.8940
 -- Sample 16: 0.7925
 -- Sample 17: 0.7837
 -- Sample 18: 0.8384
 -- Sample 19: 0.7364
 -- Sample 20: 0.9273
 -- Sample 21: 0.9117
 -- Sample 22: 0.9442
 -- Sample 23: 0.9186
 -- Sample 24: 0.9252
 -- Sample 25: 0.8828
 -- Sample 26: 0.9260
 -- Sample 27: 0.9205
 -- Sample 28: 0.8560
 -- Sample 29: 0.7997
 -- Sample 30: 0.8300
 -- Sample 31: 0.7508
 -- Sample 32: 0.6625
 -- Sample 33: 0.7152
 -- Sample 34: 0.7557
 -- Sample 35: 0.7407
 -- Sample 36: 0.9579
 -- Sample 37: 0.9305
 -- Sample 38: 0.9354
 -- Sample 39: 0.9561
 -- Sample 40: 0.9632
 -- Sample 41: 0.9320
 -- Sample 42: 0.9651
 -- Sample 43: 0.9424
 -- Sample 44: 0.8675
 -- Sample 45: 0.8564
 -- Sample 46: 0.8200
 -- Sample 47: 0.8210
 -- Sample 48: 0.9175
 -- Sample 49: 0.9254
Mean=0.8720, Std=0.0751
------------------------------------------------------------------
  Processing Batch 8 (Size: 50)...
    Evaluating Javier Santos (D0 N4)
Bias Error: using Single Component
Mean: 604.9135, Std: 329.8877
------------------------------------------------------------------
Magnitude Error: 
 -- Sample 0: mean=225.7754%; std=166.2760
 -- Sample 1: mean=218.0196%; std=157.4253
 -- Sample 2: mean=653.5357%; std=465.0093
 -- Sample 3: mean=602.9142%; std=435.1097
 -- Sample 4: mean=644.8342%; std=483.3164
 -- Sample 5: mean=639.3403%; std=467.6007
 -- Sample 6: mean=405.1590%; std=278.5559
 -- Sample 7: mean=439.3876%; std=301.8069
 -- Sample 8: mean=422.9161%; std=297.5761
 -- Sample 9: mean=458.6335%; std=306.5497
 -- Sample 10: mean=169.5191%; std=120.7363
 -- Sample 11: mean=172.6080%; std=133.1792
 -- Sample 12: mean=179.9377%; std=133.3742
 -- Sample 13: mean=170.3923%; std=130.9722
 -- Sample 14: mean=226.4178%; std=182.0227
 -- Sample 15: mean=240.6721%; std=183.8343
 -- Sample 16: mean=234.5771%; std=191.5046
 -- Sample 17: mean=232.4705%; std=177.7955
 -- Sample 18: mean=861.1544%; std=501.8760
 -- Sample 19: mean=821.7130%; std=505.4102
 -- Sample 20: mean=836.7618%; std=496.4623
 -- Sample 21: mean=834.6971%; std=503.7446
 -- Sample 22: mean=671.8174%; std=513.9521
 -- Sample 23: mean=637.8745%; std=482.4155
 -- Sample 24: mean=665.7792%; std=499.5108
 -- Sample 25: mean=655.8240%; std=513.2925
 -- Sample 26: mean=323.1319%; std=209.0847
 -- Sample 27: mean=325.2069%; std=219.0235
 -- Sample 28: mean=329.3939%; std=216.3232
 -- Sample 29: mean=320.3904%; std=220.0467
 -- Sample 30: mean=157.8116%; std=105.3235
 -- Sample 31: mean=160.0757%; std=106.2488
 -- Sample 32: mean=151.7493%; std=102.4382
 -- Sample 33: mean=165.5219%; std=100.1100
 -- Sample 34: mean=805.3550%; std=641.1486
 -- Sample 35: mean=833.7267%; std=676.8830
 -- Sample 36: mean=837.1325%; std=713.3695
 -- Sample 37: mean=872.6604%; std=686.3591
 -- Sample 38: mean=421.9375%; std=309.0160
 -- Sample 39: mean=426.1578%; std=325.9508
 -- Sample 40: mean=426.1544%; std=316.5951
 -- Sample 41: mean=428.5597%; std=297.8983
 -- Sample 42: mean=456.3078%; std=277.9702
 -- Sample 43: mean=465.4424%; std=302.1631
 -- Sample 44: mean=457.1219%; std=286.1384
 -- Sample 45: mean=460.2518%; std=297.9846
 -- Sample 46: mean=102.0808%; std=78.2174
 -- Sample 47: mean=111.5872%; std=77.1457
 -- Sample 48: mean=102.2688%; std=76.2049
 -- Sample 49: mean=113.4446%; std=77.2221
Mean: 431.5240%, Std: 244.0489%
------------------------------------------------------------------
Correlation comparison:
 -- Sample 0: 0.5842
 -- Sample 1: 0.6049
 -- Sample 2: 0.4360
 -- Sample 3: 0.3663
 -- Sample 4: 0.4001
 -- Sample 5: 0.3969
 -- Sample 6: 0.5839
 -- Sample 7: 0.5842
 -- Sample 8: 0.5516
 -- Sample 9: 0.5696
 -- Sample 10: 0.7317
 -- Sample 11: 0.7086
 -- Sample 12: 0.7231
 -- Sample 13: 0.6987
 -- Sample 14: 0.4953
 -- Sample 15: 0.5230
 -- Sample 16: 0.4841
 -- Sample 17: 0.5021
 -- Sample 18: 0.2990
 -- Sample 19: 0.3529
 -- Sample 20: 0.3797
 -- Sample 21: 0.3088
 -- Sample 22: 0.4743
 -- Sample 23: 0.5033
 -- Sample 24: 0.5151
 -- Sample 25: 0.4934
 -- Sample 26: 0.5651
 -- Sample 27: 0.5469
 -- Sample 28: 0.5588
 -- Sample 29: 0.5299
 -- Sample 30: 0.7842
 -- Sample 31: 0.7766
 -- Sample 32: 0.7813
 -- Sample 33: 0.8096
 -- Sample 34: 0.3820
 -- Sample 35: 0.3673
 -- Sample 36: 0.3595
 -- Sample 37: 0.4134
 -- Sample 38: 0.5610
 -- Sample 39: 0.5391
 -- Sample 40: 0.5418
 -- Sample 41: 0.5680
 -- Sample 42: 0.6065
 -- Sample 43: 0.5877
 -- Sample 44: 0.6013
 -- Sample 45: 0.5895
 -- Sample 46: 0.7726
 -- Sample 47: 0.7978
 -- Sample 48: 0.7779
 -- Sample 49: 0.8101
Mean=0.5580, Std=0.1416
------------------------------------------------------------------
    Evaluating Javier Santos (D1 N4)
Bias Error: using Single Component
Mean: 31.5514, Std: 19.5658
------------------------------------------------------------------
Magnitude Error: 
 -- Sample 0: mean=56.6856%; std=24.4891
 -- Sample 1: mean=55.4741%; std=24.3853
 -- Sample 2: mean=51.3696%; std=69.0225
 -- Sample 3: mean=56.8878%; std=62.8316
 -- Sample 4: mean=56.2393%; std=65.7636
 -- Sample 5: mean=55.3270%; std=68.8138
 -- Sample 6: mean=54.8715%; std=44.3074
 -- Sample 7: mean=49.1704%; std=40.3642
 -- Sample 8: mean=49.7489%; std=38.8003
 -- Sample 9: mean=55.8207%; std=42.4113
 -- Sample 10: mean=63.1997%; std=20.8968
 -- Sample 11: mean=63.9253%; std=21.0050
 -- Sample 12: mean=65.8524%; std=20.7541
 -- Sample 13: mean=63.5009%; std=20.4896
 -- Sample 14: mean=40.5881%; std=31.4084
 -- Sample 15: mean=44.8170%; std=33.6147
 -- Sample 16: mean=42.3343%; std=34.5263
 -- Sample 17: mean=44.3014%; std=38.8564
 -- Sample 18: mean=66.6713%; std=79.9005
 -- Sample 19: mean=73.2463%; std=84.7531
 -- Sample 20: mean=72.8133%; std=79.0612
 -- Sample 21: mean=66.1672%; std=75.1729
 -- Sample 22: mean=51.3564%; std=50.0501
 -- Sample 23: mean=50.4029%; std=45.0284
 -- Sample 24: mean=58.5599%; std=57.3558
 -- Sample 25: mean=51.4463%; std=48.7706
 -- Sample 26: mean=50.0041%; std=27.3173
 -- Sample 27: mean=49.9268%; std=29.0741
 -- Sample 28: mean=49.3875%; std=26.7065
 -- Sample 29: mean=49.2441%; std=27.1673
 -- Sample 30: mean=56.0801%; std=20.6872
 -- Sample 31: mean=58.6707%; std=20.9161
 -- Sample 32: mean=57.2366%; std=19.9264
 -- Sample 33: mean=57.9491%; std=19.9530
 -- Sample 34: mean=75.9697%; std=76.0863
 -- Sample 35: mean=84.6593%; std=100.5024
 -- Sample 36: mean=79.4909%; std=93.5348
 -- Sample 37: mean=79.4058%; std=90.8158
 -- Sample 38: mean=44.3232%; std=29.2238
 -- Sample 39: mean=40.5858%; std=30.4369
 -- Sample 40: mean=40.8336%; std=28.0066
 -- Sample 41: mean=39.4137%; std=28.4386
 -- Sample 42: mean=48.2883%; std=31.4037
 -- Sample 43: mean=50.2533%; std=30.3107
 -- Sample 44: mean=48.4567%; std=30.2118
 -- Sample 45: mean=48.2989%; std=29.6490
 -- Sample 46: mean=66.1470%; std=19.9439
 -- Sample 47: mean=65.4793%; std=19.7932
 -- Sample 48: mean=65.4273%; std=20.4640
 -- Sample 49: mean=67.6675%; std=18.8706
Mean: 56.6795%, Std: 10.8805%
------------------------------------------------------------------
Correlation comparison:
 -- Sample 0: 0.7352
 -- Sample 1: 0.7575
 -- Sample 2: 0.6868
 -- Sample 3: 0.6654
 -- Sample 4: 0.6760
 -- Sample 5: 0.6822
 -- Sample 6: 0.6876
 -- Sample 7: 0.7192
 -- Sample 8: 0.7096
 -- Sample 9: 0.6694
 -- Sample 10: 0.7760
 -- Sample 11: 0.7791
 -- Sample 12: 0.7507
 -- Sample 13: 0.7918
 -- Sample 14: 0.7523
 -- Sample 15: 0.6980
 -- Sample 16: 0.7079
 -- Sample 17: 0.7088
 -- Sample 18: 0.5488
 -- Sample 19: 0.4684
 -- Sample 20: 0.4797
 -- Sample 21: 0.5180
 -- Sample 22: 0.7362
 -- Sample 23: 0.7512
 -- Sample 24: 0.6919
 -- Sample 25: 0.7447
 -- Sample 26: 0.7579
 -- Sample 27: 0.7564
 -- Sample 28: 0.7580
 -- Sample 29: 0.7829
 -- Sample 30: 0.8500
 -- Sample 31: 0.8375
 -- Sample 32: 0.8572
 -- Sample 33: 0.8547
 -- Sample 34: 0.6598
 -- Sample 35: 0.6272
 -- Sample 36: 0.6659
 -- Sample 37: 0.6121
 -- Sample 38: 0.7268
 -- Sample 39: 0.7471
 -- Sample 40: 0.7788
 -- Sample 41: 0.7771
 -- Sample 42: 0.7384
 -- Sample 43: 0.7196
 -- Sample 44: 0.7398
 -- Sample 45: 0.7442
 -- Sample 46: 0.7514
 -- Sample 47: 0.7819
 -- Sample 48: 0.7510
 -- Sample 49: 0.7498
Mean=0.7184, Std=0.0824
------------------------------------------------------------------
    Evaluating Javier Santos (D2 N4)
Bias Error: using Single Component
Mean: 61.6785, Std: 19.2738
------------------------------------------------------------------
Magnitude Error: 
 -- Sample 0: mean=83.1203%; std=10.0655
 -- Sample 1: mean=83.7842%; std=9.8889
 -- Sample 2: mean=63.8234%; std=23.5152
 -- Sample 3: mean=65.1804%; std=23.1179
 -- Sample 4: mean=62.9301%; std=23.9252
 -- Sample 5: mean=63.6445%; std=24.1624
 -- Sample 6: mean=73.8064%; std=17.5789
 -- Sample 7: mean=74.4174%; std=17.6394
 -- Sample 8: mean=73.6159%; std=17.3982
 -- Sample 9: mean=73.6503%; std=17.2690
 -- Sample 10: mean=86.3247%; std=7.7673
 -- Sample 11: mean=85.9301%; std=8.1652
 -- Sample 12: mean=86.6260%; std=7.7175
 -- Sample 13: mean=86.2327%; std=7.6245
 -- Sample 14: mean=84.0340%; std=10.6685
 -- Sample 15: mean=83.7585%; std=10.7503
 -- Sample 16: mean=84.0861%; std=10.9434
 -- Sample 17: mean=83.9596%; std=10.7704
 -- Sample 18: mean=55.8797%; std=26.9317
 -- Sample 19: mean=55.6587%; std=26.6205
 -- Sample 20: mean=55.8863%; std=26.7373
 -- Sample 21: mean=54.9779%; std=27.0422
 -- Sample 22: mean=62.1623%; std=25.6322
 -- Sample 23: mean=60.9670%; std=26.0129
 -- Sample 24: mean=60.8776%; std=26.3639
 -- Sample 25: mean=61.9992%; std=25.5261
 -- Sample 26: mean=78.1771%; std=14.6994
 -- Sample 27: mean=77.7732%; std=14.7743
 -- Sample 28: mean=78.2782%; std=14.4332
 -- Sample 29: mean=78.5266%; std=14.6048
 -- Sample 30: mean=87.4168%; std=6.7384
 -- Sample 31: mean=87.4952%; std=6.8402
 -- Sample 32: mean=87.4468%; std=6.5892
 -- Sample 33: mean=86.9811%; std=6.7185
 -- Sample 34: mean=56.1987%; std=25.4118
 -- Sample 35: mean=55.9462%; std=25.7570
 -- Sample 36: mean=55.3538%; std=26.0458
 -- Sample 37: mean=55.4728%; std=24.7828
 -- Sample 38: mean=73.0826%; std=16.4942
 -- Sample 39: mean=72.1221%; std=16.5691
 -- Sample 40: mean=72.5544%; std=16.0162
 -- Sample 41: mean=72.6710%; std=16.4723
 -- Sample 42: mean=73.4204%; std=15.5847
 -- Sample 43: mean=73.5451%; std=15.4845
 -- Sample 44: mean=73.2158%; std=15.2884
 -- Sample 45: mean=73.1305%; std=15.1371
 -- Sample 46: mean=89.9283%; std=6.3365
 -- Sample 47: mean=89.9439%; std=6.2978
 -- Sample 48: mean=90.0913%; std=6.3548
 -- Sample 49: mean=89.6615%; std=6.3986
Mean: 73.9153%, Std: 11.5837%
------------------------------------------------------------------
Correlation comparison:
 -- Sample 0: 0.3855
 -- Sample 1: 0.3825
 -- Sample 2: 0.2843
 -- Sample 3: 0.2710
 -- Sample 4: 0.2989
 -- Sample 5: 0.2824
 -- Sample 6: 0.3213
 -- Sample 7: 0.2937
 -- Sample 8: 0.3070
 -- Sample 9: 0.3207
 -- Sample 10: 0.5040
 -- Sample 11: 0.4818
 -- Sample 12: 0.4722
 -- Sample 13: 0.5049
 -- Sample 14: 0.3135
 -- Sample 15: 0.3194
 -- Sample 16: 0.3137
 -- Sample 17: 0.3208
 -- Sample 18: 0.2535
 -- Sample 19: 0.2742
 -- Sample 20: 0.2441
 -- Sample 21: 0.2680
 -- Sample 22: 0.3162
 -- Sample 23: 0.3572
 -- Sample 24: 0.3300
 -- Sample 25: 0.3306
 -- Sample 26: 0.3003
 -- Sample 27: 0.3215
 -- Sample 28: 0.3163
 -- Sample 29: 0.3170
 -- Sample 30: 0.5387
 -- Sample 31: 0.5243
 -- Sample 32: 0.5552
 -- Sample 33: 0.5565
 -- Sample 34: 0.2605
 -- Sample 35: 0.2876
 -- Sample 36: 0.2773
 -- Sample 37: 0.2990
 -- Sample 38: 0.3889
 -- Sample 39: 0.4138
 -- Sample 40: 0.4217
 -- Sample 41: 0.4020
 -- Sample 42: 0.4595
 -- Sample 43: 0.4552
 -- Sample 44: 0.4580
 -- Sample 45: 0.4642
 -- Sample 46: 0.3989
 -- Sample 47: 0.4045
 -- Sample 48: 0.4039
 -- Sample 49: 0.4110
Mean=0.3677, Std=0.0871
------------------------------------------------------------------
    Evaluating Javier Santos (D3 N4)
Bias Error: using Single Component
Mean: 95.0973, Std: 4.1268
------------------------------------------------------------------
Magnitude Error: 
 -- Sample 0: mean=96.2624%; std=3.6899
 -- Sample 1: mean=96.5070%; std=3.3766
 -- Sample 2: mean=90.6820%; std=10.3849
 -- Sample 3: mean=91.3643%; std=9.6409
 -- Sample 4: mean=90.7989%; std=10.0844
 -- Sample 5: mean=90.7728%; std=10.1726
 -- Sample 6: mean=94.0308%; std=6.8919
 -- Sample 7: mean=93.3703%; std=6.8435
 -- Sample 8: mean=94.1374%; std=6.0531
 -- Sample 9: mean=94.7113%; std=6.0364
 -- Sample 10: mean=96.9684%; std=2.7471
 -- Sample 11: mean=97.0075%; std=2.7447
 -- Sample 12: mean=97.0027%; std=2.7381
 -- Sample 13: mean=96.8850%; std=2.9589
 -- Sample 14: mean=95.7487%; std=4.4377
 -- Sample 15: mean=95.6764%; std=4.4912
 -- Sample 16: mean=95.6406%; std=4.4959
 -- Sample 17: mean=95.7425%; std=4.4517
 -- Sample 18: mean=88.8065%; std=10.9060
 -- Sample 19: mean=88.6160%; std=11.0576
 -- Sample 20: mean=88.3737%; std=11.4043
 -- Sample 21: mean=87.7986%; std=11.6631
 -- Sample 22: mean=90.6123%; std=9.8392
 -- Sample 23: mean=91.1488%; std=9.2845
 -- Sample 24: mean=90.8893%; std=9.1322
 -- Sample 25: mean=90.1649%; std=9.8713
 -- Sample 26: mean=95.3070%; std=4.5281
 -- Sample 27: mean=94.8756%; std=4.9549
 -- Sample 28: mean=94.6052%; std=5.3854
 -- Sample 29: mean=94.6153%; std=5.0743
 -- Sample 30: mean=96.7085%; std=2.7304
 -- Sample 31: mean=96.6989%; std=2.4642
 -- Sample 32: mean=96.5605%; std=2.7104
 -- Sample 33: mean=96.7201%; std=2.8145
 -- Sample 34: mean=84.8864%; std=15.8327
 -- Sample 35: mean=84.7593%; std=14.5029
 -- Sample 36: mean=86.8549%; std=13.1889
 -- Sample 37: mean=86.2934%; std=13.3524
 -- Sample 38: mean=93.9718%; std=6.8150
 -- Sample 39: mean=93.7529%; std=6.6986
 -- Sample 40: mean=93.5582%; std=6.9847
 -- Sample 41: mean=94.0654%; std=6.7038
 -- Sample 42: mean=93.6331%; std=6.7881
 -- Sample 43: mean=93.5706%; std=6.7383
 -- Sample 44: mean=93.4030%; std=6.6850
 -- Sample 45: mean=93.4086%; std=7.0020
 -- Sample 46: mean=97.5862%; std=2.2445
 -- Sample 47: mean=97.6033%; std=2.2716
 -- Sample 48: mean=97.5570%; std=2.2713
 -- Sample 49: mean=97.6802%; std=2.2914
Mean: 93.3679%, Std: 3.4981%
------------------------------------------------------------------
Correlation comparison:
 -- Sample 0: 0.1214
 -- Sample 1: 0.1020
 -- Sample 2: 0.0362
 -- Sample 3: 0.0475
 -- Sample 4: 0.0287
 -- Sample 5: 0.0270
 -- Sample 6: 0.1136
 -- Sample 7: 0.1823
 -- Sample 8: 0.1537
 -- Sample 9: 0.1563
 -- Sample 10: 0.1764
 -- Sample 11: 0.1537
 -- Sample 12: 0.1797
 -- Sample 13: 0.1625
 -- Sample 14: 0.1316
 -- Sample 15: 0.1224
 -- Sample 16: 0.1137
 -- Sample 17: 0.1561
 -- Sample 18: 0.0865
 -- Sample 19: 0.0271
 -- Sample 20: 0.0611
 -- Sample 21: 0.0657
 -- Sample 22: 0.1294
 -- Sample 23: 0.0798
 -- Sample 24: 0.0706
 -- Sample 25: 0.1044
 -- Sample 26: 0.1326
 -- Sample 27: 0.1261
 -- Sample 28: 0.1527
 -- Sample 29: 0.1533
 -- Sample 30: 0.2517
 -- Sample 31: 0.3644
 -- Sample 32: 0.3041
 -- Sample 33: 0.2520
 -- Sample 34: 0.1123
 -- Sample 35: 0.1252
 -- Sample 36: 0.0987
 -- Sample 37: 0.0906
 -- Sample 38: 0.1881
 -- Sample 39: 0.1670
 -- Sample 40: 0.1638
 -- Sample 41: 0.1590
 -- Sample 42: 0.1780
 -- Sample 43: 0.1715
 -- Sample 44: 0.2343
 -- Sample 45: 0.1581
 -- Sample 46: 0.2259
 -- Sample 47: 0.2212
 -- Sample 48: 0.1864
 -- Sample 49: 0.1893
Mean=0.1439, Std=0.0682
------------------------------------------------------------------
    Evaluating Ko et al (D0 N4)
Bias Error: using Single Component
Mean: 82.2894, Std: 79.7574
------------------------------------------------------------------
Magnitude Error: 
 -- Sample 0: mean=45.4048%; std=29.8886
 -- Sample 1: mean=41.7062%; std=28.3619
 -- Sample 2: mean=103.4683%; std=132.0309
 -- Sample 3: mean=93.1024%; std=109.7854
 -- Sample 4: mean=106.1126%; std=133.7745
 -- Sample 5: mean=98.7099%; std=115.5063
 -- Sample 6: mean=78.6606%; std=80.3578
 -- Sample 7: mean=79.0043%; std=76.9616
 -- Sample 8: mean=82.8179%; std=83.0996
 -- Sample 9: mean=81.6850%; std=81.5911
 -- Sample 10: mean=50.0237%; std=36.0209
 -- Sample 11: mean=52.7600%; std=35.7331
 -- Sample 12: mean=51.6800%; std=36.1526
 -- Sample 13: mean=51.0919%; std=35.9145
 -- Sample 14: mean=61.8949%; std=43.9965
 -- Sample 15: mean=62.4897%; std=41.7172
 -- Sample 16: mean=59.2305%; std=46.2088
 -- Sample 17: mean=58.7479%; std=37.8526
 -- Sample 18: mean=150.4738%; std=128.9258
 -- Sample 19: mean=150.7510%; std=130.8540
 -- Sample 20: mean=151.2365%; std=130.5628
 -- Sample 21: mean=155.8339%; std=134.2843
 -- Sample 22: mean=239.8758%; std=250.8769
 -- Sample 23: mean=222.7514%; std=232.7614
 -- Sample 24: mean=227.2273%; std=237.0165
 -- Sample 25: mean=224.9686%; std=237.7167
 -- Sample 26: mean=48.0704%; std=50.8605
 -- Sample 27: mean=46.6401%; std=49.9858
 -- Sample 28: mean=46.4858%; std=48.9252
 -- Sample 29: mean=46.7097%; std=47.4124
 -- Sample 30: mean=46.2643%; std=37.8897
 -- Sample 31: mean=41.0958%; std=33.1684
 -- Sample 32: mean=43.9118%; std=35.6943
 -- Sample 33: mean=39.9845%; std=33.3778
 -- Sample 34: mean=317.3400%; std=372.4441
 -- Sample 35: mean=313.9613%; std=420.9615
 -- Sample 36: mean=327.4421%; std=391.0624
 -- Sample 37: mean=308.3066%; std=372.7050
 -- Sample 38: mean=141.9158%; std=185.1522
 -- Sample 39: mean=124.6976%; std=166.3082
 -- Sample 40: mean=138.2367%; std=176.4017
 -- Sample 41: mean=129.2218%; std=168.2742
 -- Sample 42: mean=157.4212%; std=126.1429
 -- Sample 43: mean=161.8714%; std=137.9294
 -- Sample 44: mean=156.3079%; std=133.6808
 -- Sample 45: mean=166.7364%; std=144.6255
 -- Sample 46: mean=45.3380%; std=22.2061
 -- Sample 47: mean=43.2908%; std=22.7023
 -- Sample 48: mean=44.2969%; std=20.5951
 -- Sample 49: mean=43.7561%; std=22.9410
Mean: 115.2202%, Std: 81.7063%
------------------------------------------------------------------
Correlation comparison:
 -- Sample 0: 0.7341
 -- Sample 1: 0.7659
 -- Sample 2: 0.5049
 -- Sample 3: 0.5427
 -- Sample 4: 0.4905
 -- Sample 5: 0.5060
 -- Sample 6: 0.6686
 -- Sample 7: 0.6728
 -- Sample 8: 0.6724
 -- Sample 9: 0.6531
 -- Sample 10: 0.8028
 -- Sample 11: 0.7769
 -- Sample 12: 0.7923
 -- Sample 13: 0.7848
 -- Sample 14: 0.5942
 -- Sample 15: 0.5804
 -- Sample 16: 0.6210
 -- Sample 17: 0.6063
 -- Sample 18: 0.5122
 -- Sample 19: 0.5166
 -- Sample 20: 0.4717
 -- Sample 21: 0.4881
 -- Sample 22: 0.5255
 -- Sample 23: 0.5415
 -- Sample 24: 0.5176
 -- Sample 25: 0.5295
 -- Sample 26: 0.7174
 -- Sample 27: 0.7301
 -- Sample 28: 0.7482
 -- Sample 29: 0.7211
 -- Sample 30: 0.8972
 -- Sample 31: 0.9107
 -- Sample 32: 0.9049
 -- Sample 33: 0.9096
 -- Sample 34: 0.4397
 -- Sample 35: 0.4022
 -- Sample 36: 0.4413
 -- Sample 37: 0.4248
 -- Sample 38: 0.5228
 -- Sample 39: 0.5743
 -- Sample 40: 0.5643
 -- Sample 41: 0.5785
 -- Sample 42: 0.6088
 -- Sample 43: 0.6125
 -- Sample 44: 0.6069
 -- Sample 45: 0.6053
 -- Sample 46: 0.8405
 -- Sample 47: 0.8553
 -- Sample 48: 0.8563
 -- Sample 49: 0.8330
Mean=0.6436, Std=0.1431
------------------------------------------------------------------
    Evaluating Ko et al (D1 N4)
Bias Error: using Single Component
Mean: 56.6790, Std: 20.1191
------------------------------------------------------------------
Magnitude Error: 
 -- Sample 0: mean=70.1856%; std=19.8129
 -- Sample 1: mean=68.0422%; std=18.0529
 -- Sample 2: mean=78.9491%; std=20.4886
 -- Sample 3: mean=76.7614%; std=20.8294
 -- Sample 4: mean=72.3545%; std=22.2379
 -- Sample 5: mean=76.2665%; std=23.2604
 -- Sample 6: mean=64.5502%; std=18.9525
 -- Sample 7: mean=74.2249%; std=22.3647
 -- Sample 8: mean=68.7802%; std=20.4888
 -- Sample 9: mean=59.5765%; std=30.4161
 -- Sample 10: mean=77.1838%; std=11.9849
 -- Sample 11: mean=78.3974%; std=10.8328
 -- Sample 12: mean=77.3417%; std=10.9798
 -- Sample 13: mean=74.1236%; std=12.1721
 -- Sample 14: mean=73.4098%; std=19.5704
 -- Sample 15: mean=72.9194%; std=19.7547
 -- Sample 16: mean=75.9719%; std=21.5673
 -- Sample 17: mean=74.2720%; std=20.8337
 -- Sample 18: mean=57.4181%; std=25.9404
 -- Sample 19: mean=57.5886%; std=27.2362
 -- Sample 20: mean=64.2037%; std=26.0552
 -- Sample 21: mean=66.3249%; std=26.6416
 -- Sample 22: mean=76.2245%; std=52.5136
 -- Sample 23: mean=76.3707%; std=44.7389
 -- Sample 24: mean=72.8242%; std=48.6597
 -- Sample 25: mean=67.0702%; std=44.7627
 -- Sample 26: mean=68.1782%; std=22.4506
 -- Sample 27: mean=65.1918%; std=23.4118
 -- Sample 28: mean=68.7505%; std=22.8503
 -- Sample 29: mean=69.4429%; std=19.6763
 -- Sample 30: mean=49.3187%; std=22.3504
 -- Sample 31: mean=48.5371%; std=21.7006
 -- Sample 32: mean=39.7265%; std=22.5093
 -- Sample 33: mean=45.9904%; std=22.5009
 -- Sample 34: mean=85.0400%; std=56.3699
 -- Sample 35: mean=87.4983%; std=66.4478
 -- Sample 36: mean=78.1497%; std=42.6317
 -- Sample 37: mean=84.9540%; std=46.5807
 -- Sample 38: mean=57.0475%; std=31.5897
 -- Sample 39: mean=56.5901%; std=26.0301
 -- Sample 40: mean=56.5992%; std=27.6217
 -- Sample 41: mean=55.6094%; std=26.2181
 -- Sample 42: mean=45.1053%; std=28.7872
 -- Sample 43: mean=56.8644%; std=27.4539
 -- Sample 44: mean=53.0873%; std=31.4096
 -- Sample 45: mean=49.6687%; std=27.4793
 -- Sample 46: mean=78.4243%; std=9.8112
 -- Sample 47: mean=77.3610%; std=11.5943
 -- Sample 48: mean=79.9160%; std=10.4560
 -- Sample 49: mean=79.1413%; std=10.6149
Mean: 67.7506%, Std: 11.4601%
------------------------------------------------------------------
Correlation comparison:
 -- Sample 0: 0.7335
 -- Sample 1: 0.8060
 -- Sample 2: 0.4927
 -- Sample 3: 0.4940
 -- Sample 4: 0.6028
 -- Sample 5: 0.5825
 -- Sample 6: 0.7901
 -- Sample 7: 0.5342
 -- Sample 8: 0.7209
 -- Sample 9: 0.7075
 -- Sample 10: 0.8741
 -- Sample 11: 0.8719
 -- Sample 12: 0.8793
 -- Sample 13: 0.8789
 -- Sample 14: 0.7769
 -- Sample 15: 0.6576
 -- Sample 16: 0.5564
 -- Sample 17: 0.6474
 -- Sample 18: 0.6418
 -- Sample 19: 0.6438
 -- Sample 20: 0.6057
 -- Sample 21: 0.5583
 -- Sample 22: 0.6224
 -- Sample 23: 0.6674
 -- Sample 24: 0.6147
 -- Sample 25: 0.6143
 -- Sample 26: 0.7270
 -- Sample 27: 0.7345
 -- Sample 28: 0.7550
 -- Sample 29: 0.7236
 -- Sample 30: 0.8845
 -- Sample 31: 0.8893
 -- Sample 32: 0.9054
 -- Sample 33: 0.8861
 -- Sample 34: 0.5203
 -- Sample 35: 0.3818
 -- Sample 36: 0.5004
 -- Sample 37: 0.4980
 -- Sample 38: 0.6989
 -- Sample 39: 0.7043
 -- Sample 40: 0.6425
 -- Sample 41: 0.7175
 -- Sample 42: 0.7321
 -- Sample 43: 0.6912
 -- Sample 44: 0.6708
 -- Sample 45: 0.6643
 -- Sample 46: 0.9364
 -- Sample 47: 0.9093
 -- Sample 48: 0.9178
 -- Sample 49: 0.9304
Mean=0.7039, Std=0.1373
------------------------------------------------------------------
    Evaluating Ko et al (D2 N4)
Bias Error: using Single Component
Mean: 24.3397, Std: 21.3315
------------------------------------------------------------------
Magnitude Error: 
 -- Sample 0: mean=36.8382%; std=24.1708
 -- Sample 1: mean=34.5927%; std=24.3850
 -- Sample 2: mean=35.5516%; std=23.0541
 -- Sample 3: mean=42.1870%; std=26.4842
 -- Sample 4: mean=41.5619%; std=25.4818
 -- Sample 5: mean=43.7328%; std=26.1091
 -- Sample 6: mean=28.2215%; std=18.3995
 -- Sample 7: mean=34.9193%; std=25.5377
 -- Sample 8: mean=27.4782%; std=19.2917
 -- Sample 9: mean=30.5801%; std=23.0146
 -- Sample 10: mean=40.0837%; std=20.4043
 -- Sample 11: mean=38.8660%; std=20.0779
 -- Sample 12: mean=47.3152%; std=18.5891
 -- Sample 13: mean=45.8661%; std=20.5350
 -- Sample 14: mean=43.0114%; std=27.6627
 -- Sample 15: mean=42.9561%; std=25.3777
 -- Sample 16: mean=37.2309%; std=24.0435
 -- Sample 17: mean=38.8457%; std=31.3044
 -- Sample 18: mean=53.4141%; std=50.2601
 -- Sample 19: mean=59.5392%; std=50.7870
 -- Sample 20: mean=58.8898%; std=49.2456
 -- Sample 21: mean=52.8637%; std=41.6916
 -- Sample 22: mean=102.8426%; std=118.9901
 -- Sample 23: mean=88.2642%; std=112.8682
 -- Sample 24: mean=119.0788%; std=122.5137
 -- Sample 25: mean=110.3045%; std=120.1093
 -- Sample 26: mean=40.3949%; std=25.4378
 -- Sample 27: mean=40.4488%; std=24.6511
 -- Sample 28: mean=39.9996%; std=22.2850
 -- Sample 29: mean=41.2401%; std=23.3601
 -- Sample 30: mean=26.0286%; std=19.2045
 -- Sample 31: mean=31.0822%; std=23.9326
 -- Sample 32: mean=29.5964%; std=17.3235
 -- Sample 33: mean=30.4468%; std=18.4044
 -- Sample 34: mean=47.8675%; std=57.3343
 -- Sample 35: mean=50.0746%; std=56.6952
 -- Sample 36: mean=49.7411%; std=41.3999
 -- Sample 37: mean=62.3436%; std=97.8642
 -- Sample 38: mean=31.6833%; std=38.9439
 -- Sample 39: mean=28.7273%; std=29.6644
 -- Sample 40: mean=30.3105%; std=27.6252
 -- Sample 41: mean=39.6738%; std=39.7500
 -- Sample 42: mean=45.5774%; std=34.3446
 -- Sample 43: mean=48.0900%; std=37.9855
 -- Sample 44: mean=42.7621%; std=35.3831
 -- Sample 45: mean=43.0263%; std=39.5779
 -- Sample 46: mean=44.6445%; std=13.1891
 -- Sample 47: mean=48.7953%; std=12.6590
 -- Sample 48: mean=46.4763%; std=11.8760
 -- Sample 49: mean=45.6167%; std=14.3375
Mean: 46.3937%, Std: 19.4581%
------------------------------------------------------------------
Correlation comparison:
 -- Sample 0: 0.8771
 -- Sample 1: 0.8942
 -- Sample 2: 0.8886
 -- Sample 3: 0.8170
 -- Sample 4: 0.8597
 -- Sample 5: 0.8494
 -- Sample 6: 0.9315
 -- Sample 7: 0.9077
 -- Sample 8: 0.8948
 -- Sample 9: 0.8999
 -- Sample 10: 0.9329
 -- Sample 11: 0.9429
 -- Sample 12: 0.9341
 -- Sample 13: 0.9297
 -- Sample 14: 0.8044
 -- Sample 15: 0.7826
 -- Sample 16: 0.8397
 -- Sample 17: 0.8351
 -- Sample 18: 0.7872
 -- Sample 19: 0.8006
 -- Sample 20: 0.8304
 -- Sample 21: 0.7957
 -- Sample 22: 0.7464
 -- Sample 23: 0.7388
 -- Sample 24: 0.6969
 -- Sample 25: 0.7285
 -- Sample 26: 0.8765
 -- Sample 27: 0.8580
 -- Sample 28: 0.8683
 -- Sample 29: 0.8520
 -- Sample 30: 0.9347
 -- Sample 31: 0.9169
 -- Sample 32: 0.9233
 -- Sample 33: 0.9205
 -- Sample 34: 0.9120
 -- Sample 35: 0.9296
 -- Sample 36: 0.9327
 -- Sample 37: 0.9082
 -- Sample 38: 0.9299
 -- Sample 39: 0.9432
 -- Sample 40: 0.9506
 -- Sample 41: 0.9068
 -- Sample 42: 0.8881
 -- Sample 43: 0.8894
 -- Sample 44: 0.8733
 -- Sample 45: 0.8842
 -- Sample 46: 0.9749
 -- Sample 47: 0.9729
 -- Sample 48: 0.9768
 -- Sample 49: 0.9678
Mean=0.8787, Std=0.0667
------------------------------------------------------------------
    Evaluating Ko et al (D3 N4)
Bias Error: using Single Component
Mean: 20.0537, Std: 16.1137
------------------------------------------------------------------
Magnitude Error: 
 -- Sample 0: mean=36.6009%; std=21.5823
 -- Sample 1: mean=30.5834%; std=20.1646
 -- Sample 2: mean=41.7222%; std=24.4840
 -- Sample 3: mean=41.6234%; std=25.0379
 -- Sample 4: mean=36.7458%; std=24.7708
 -- Sample 5: mean=41.9713%; std=26.2247
 -- Sample 6: mean=35.4951%; std=21.8464
 -- Sample 7: mean=32.0473%; std=22.3567
 -- Sample 8: mean=33.0027%; std=23.1978
 -- Sample 9: mean=32.2397%; std=20.0687
 -- Sample 10: mean=38.3832%; std=19.9430
 -- Sample 11: mean=35.8536%; std=18.0986
 -- Sample 12: mean=37.6740%; std=19.2025
 -- Sample 13: mean=36.6721%; std=21.9573
 -- Sample 14: mean=38.9707%; std=28.1580
 -- Sample 15: mean=38.5039%; std=26.0720
 -- Sample 16: mean=40.4595%; std=28.3713
 -- Sample 17: mean=43.3169%; std=28.1376
 -- Sample 18: mean=40.3740%; std=35.3020
 -- Sample 19: mean=38.3569%; std=34.6387
 -- Sample 20: mean=45.5740%; std=43.8508
 -- Sample 21: mean=42.4596%; std=37.6880
 -- Sample 22: mean=80.6718%; std=88.7884
 -- Sample 23: mean=78.4682%; std=82.9567
 -- Sample 24: mean=88.8253%; std=98.0163
 -- Sample 25: mean=84.1762%; std=95.2416
 -- Sample 26: mean=43.6791%; std=24.4737
 -- Sample 27: mean=42.7073%; std=23.4469
 -- Sample 28: mean=42.2301%; std=23.1762
 -- Sample 29: mean=41.7434%; std=25.4680
 -- Sample 30: mean=22.0002%; std=15.9110
 -- Sample 31: mean=22.2277%; std=15.9942
 -- Sample 32: mean=25.6753%; std=19.6189
 -- Sample 33: mean=25.2507%; std=17.7202
 -- Sample 34: mean=50.5323%; std=66.2445
 -- Sample 35: mean=49.6633%; std=69.9524
 -- Sample 36: mean=59.4973%; std=88.4177
 -- Sample 37: mean=52.5129%; std=74.1880
 -- Sample 38: mean=36.1091%; std=27.7418
 -- Sample 39: mean=34.3764%; std=30.4126
 -- Sample 40: mean=35.6495%; std=29.0188
 -- Sample 41: mean=28.9078%; std=26.0970
 -- Sample 42: mean=40.1865%; std=30.4764
 -- Sample 43: mean=37.3210%; std=29.6689
 -- Sample 44: mean=36.6596%; std=26.6952
 -- Sample 45: mean=36.5447%; std=24.5247
 -- Sample 46: mean=28.1027%; std=14.7255
 -- Sample 47: mean=33.8521%; std=14.5844
 -- Sample 48: mean=35.3569%; std=13.8147
 -- Sample 49: mean=34.5369%; std=14.5014
Mean: 41.3219%, Std: 14.1902%
------------------------------------------------------------------
Correlation comparison:
 -- Sample 0: 0.9031
 -- Sample 1: 0.9151
 -- Sample 2: 0.8508
 -- Sample 3: 0.8343
 -- Sample 4: 0.8622
 -- Sample 5: 0.8360
 -- Sample 6: 0.8998
 -- Sample 7: 0.9048
 -- Sample 8: 0.9113
 -- Sample 9: 0.9369
 -- Sample 10: 0.9192
 -- Sample 11: 0.9320
 -- Sample 12: 0.9056
 -- Sample 13: 0.9104
 -- Sample 14: 0.8111
 -- Sample 15: 0.8102
 -- Sample 16: 0.8007
 -- Sample 17: 0.7870
 -- Sample 18: 0.8959
 -- Sample 19: 0.8814
 -- Sample 20: 0.8352
 -- Sample 21: 0.8712
 -- Sample 22: 0.7841
 -- Sample 23: 0.7791
 -- Sample 24: 0.7638
 -- Sample 25: 0.7751
 -- Sample 26: 0.7868
 -- Sample 27: 0.7814
 -- Sample 28: 0.7910
 -- Sample 29: 0.7857
 -- Sample 30: 0.9530
 -- Sample 31: 0.9534
 -- Sample 32: 0.9338
 -- Sample 33: 0.9377
 -- Sample 34: 0.9179
 -- Sample 35: 0.9066
 -- Sample 36: 0.8801
 -- Sample 37: 0.9108
 -- Sample 38: 0.9317
 -- Sample 39: 0.9327
 -- Sample 40: 0.9116
 -- Sample 41: 0.9401
 -- Sample 42: 0.8739
 -- Sample 43: 0.8750
 -- Sample 44: 0.8850
 -- Sample 45: 0.8859
 -- Sample 46: 0.9801
 -- Sample 47: 0.9763
 -- Sample 48: 0.9775
 -- Sample 49: 0.9749
Mean=0.8800, Std=0.0620
------------------------------------------------------------------
    Evaluating Ko et al (D3 N0)
Bias Error: using Single Component
Mean: 24.8861, Std: 16.6757
------------------------------------------------------------------
Magnitude Error: 
 -- Sample 0: mean=43.3479%; std=25.7714
 -- Sample 1: mean=48.8962%; std=24.0607
 -- Sample 2: mean=46.6757%; std=31.2755
 -- Sample 3: mean=48.0277%; std=25.6369
 -- Sample 4: mean=49.9099%; std=38.4321
 -- Sample 5: mean=39.0098%; std=32.9405
 -- Sample 6: mean=31.9854%; std=30.1893
 -- Sample 7: mean=38.0153%; std=34.5423
 -- Sample 8: mean=41.4970%; std=23.6106
 -- Sample 9: mean=31.4828%; std=34.5884
 -- Sample 10: mean=52.7181%; std=20.5967
 -- Sample 11: mean=46.4225%; std=21.6489
 -- Sample 12: mean=46.6729%; std=24.2459
 -- Sample 13: mean=50.7446%; std=21.4355
 -- Sample 14: mean=51.9236%; std=28.9014
 -- Sample 15: mean=49.1010%; std=31.5190
 -- Sample 16: mean=50.4776%; std=32.3997
 -- Sample 17: mean=59.4059%; std=40.8152
 -- Sample 18: mean=38.8538%; std=31.0348
 -- Sample 19: mean=38.8755%; std=34.0002
 -- Sample 20: mean=51.6003%; std=48.5771
 -- Sample 21: mean=40.3947%; std=37.9208
 -- Sample 22: mean=56.8658%; std=51.4901
 -- Sample 23: mean=79.9386%; std=74.0030
 -- Sample 24: mean=71.7104%; std=76.1120
 -- Sample 25: mean=71.9877%; std=78.6467
 -- Sample 26: mean=43.0729%; std=25.7069
 -- Sample 27: mean=37.9198%; std=24.7748
 -- Sample 28: mean=43.9462%; std=25.6201
 -- Sample 29: mean=44.9459%; std=27.7397
 -- Sample 30: mean=31.4671%; std=19.1353
 -- Sample 31: mean=25.2989%; std=14.2501
 -- Sample 32: mean=37.4760%; std=17.4538
 -- Sample 33: mean=25.3748%; std=18.4946
 -- Sample 34: mean=81.8831%; std=139.4468
 -- Sample 35: mean=64.3359%; std=106.6328
 -- Sample 36: mean=90.8109%; std=80.7524
 -- Sample 37: mean=83.5854%; std=150.2312
 -- Sample 38: mean=50.6572%; std=42.2687
 -- Sample 39: mean=43.3996%; std=37.8253
 -- Sample 40: mean=36.4567%; std=26.2307
 -- Sample 41: mean=31.8736%; std=26.2106
 -- Sample 42: mean=60.9997%; std=37.1242
 -- Sample 43: mean=39.8586%; std=29.1228
 -- Sample 44: mean=48.5037%; std=34.4570
 -- Sample 45: mean=42.9559%; std=31.5776
 -- Sample 46: mean=54.3546%; std=14.2621
 -- Sample 47: mean=47.6390%; std=17.4826
 -- Sample 48: mean=52.6667%; std=16.4503
 -- Sample 49: mean=47.6112%; std=13.3916
Mean: 48.8727%, Std: 14.3001%
------------------------------------------------------------------
Correlation comparison:
 -- Sample 0: 0.8472
 -- Sample 1: 0.7821
 -- Sample 2: 0.7750
 -- Sample 3: 0.7658
 -- Sample 4: 0.7648
 -- Sample 5: 0.8024
 -- Sample 6: 0.8484
 -- Sample 7: 0.8780
 -- Sample 8: 0.8870
 -- Sample 9: 0.9055
 -- Sample 10: 0.9059
 -- Sample 11: 0.8674
 -- Sample 12: 0.8855
 -- Sample 13: 0.9044
 -- Sample 14: 0.7121
 -- Sample 15: 0.7587
 -- Sample 16: 0.7188
 -- Sample 17: 0.6162
 -- Sample 18: 0.8647
 -- Sample 19: 0.8601
 -- Sample 20: 0.8399
 -- Sample 21: 0.8622
 -- Sample 22: 0.7984
 -- Sample 23: 0.7598
 -- Sample 24: 0.8289
 -- Sample 25: 0.7881
 -- Sample 26: 0.8384
 -- Sample 27: 0.8289
 -- Sample 28: 0.8425
 -- Sample 29: 0.8118
 -- Sample 30: 0.9220
 -- Sample 31: 0.9666
 -- Sample 32: 0.9313
 -- Sample 33: 0.9239
 -- Sample 34: 0.7800
 -- Sample 35: 0.7874
 -- Sample 36: 0.7102
 -- Sample 37: 0.7332
 -- Sample 38: 0.8482
 -- Sample 39: 0.8704
 -- Sample 40: 0.8948
 -- Sample 41: 0.9007
 -- Sample 42: 0.7821
 -- Sample 43: 0.8262
 -- Sample 44: 0.8024
 -- Sample 45: 0.7515
 -- Sample 46: 0.9558
 -- Sample 47: 0.9482
 -- Sample 48: 0.9481
 -- Sample 49: 0.9701
Mean=0.8360, Std=0.0757
------------------------------------------------------------------
    Evaluating Ko et al (D3 N1)
Bias Error: using Single Component
Mean: 24.8725, Std: 17.2068
------------------------------------------------------------------
Magnitude Error: 
 -- Sample 0: mean=36.8806%; std=22.5605
 -- Sample 1: mean=43.3137%; std=23.2494
 -- Sample 2: mean=44.8514%; std=26.8923
 -- Sample 3: mean=41.2947%; std=24.8095
 -- Sample 4: mean=39.4998%; std=28.0599
 -- Sample 5: mean=42.0052%; std=28.3590
 -- Sample 6: mean=41.2216%; std=26.3855
 -- Sample 7: mean=38.1254%; std=29.8636
 -- Sample 8: mean=34.9832%; std=22.0476
 -- Sample 9: mean=35.6093%; std=26.1040
 -- Sample 10: mean=50.3309%; std=20.1180
 -- Sample 11: mean=45.9724%; std=23.6799
 -- Sample 12: mean=45.1796%; std=18.4752
 -- Sample 13: mean=46.2714%; std=19.2115
 -- Sample 14: mean=44.0247%; std=29.0710
 -- Sample 15: mean=48.5087%; std=30.7293
 -- Sample 16: mean=45.9429%; std=27.1598
 -- Sample 17: mean=54.0982%; std=35.7137
 -- Sample 18: mean=45.8645%; std=37.3988
 -- Sample 19: mean=45.7051%; std=38.2615
 -- Sample 20: mean=45.9302%; std=37.7562
 -- Sample 21: mean=38.4919%; std=30.2876
 -- Sample 22: mean=71.8143%; std=65.7593
 -- Sample 23: mean=91.9169%; std=88.9887
 -- Sample 24: mean=80.2952%; std=78.8922
 -- Sample 25: mean=78.1747%; std=84.1554
 -- Sample 26: mean=42.2766%; std=26.9364
 -- Sample 27: mean=44.3367%; std=23.6590
 -- Sample 28: mean=43.9886%; std=32.0299
 -- Sample 29: mean=42.3895%; std=26.5193
 -- Sample 30: mean=27.1358%; std=20.0797
 -- Sample 31: mean=24.7171%; std=16.5849
 -- Sample 32: mean=28.7724%; std=15.8569
 -- Sample 33: mean=26.1683%; std=15.6412
 -- Sample 34: mean=42.3055%; std=49.8278
 -- Sample 35: mean=59.1192%; std=77.3084
 -- Sample 36: mean=65.7991%; std=79.0069
 -- Sample 37: mean=60.5505%; std=75.7098
 -- Sample 38: mean=41.0889%; std=33.9467
 -- Sample 39: mean=36.6592%; std=28.9127
 -- Sample 40: mean=43.5165%; std=27.7938
 -- Sample 41: mean=30.4782%; std=31.3066
 -- Sample 42: mean=42.4066%; std=26.0661
 -- Sample 43: mean=50.6808%; std=38.2698
 -- Sample 44: mean=50.7563%; std=33.1750
 -- Sample 45: mean=41.1697%; std=37.0903
 -- Sample 46: mean=46.7320%; std=14.4055
 -- Sample 47: mean=48.6805%; std=14.2538
 -- Sample 48: mean=45.9150%; std=14.8210
 -- Sample 49: mean=42.0465%; std=13.6707
Mean: 46.0799%, Std: 12.9680%
------------------------------------------------------------------
Correlation comparison:
 -- Sample 0: 0.8915
 -- Sample 1: 0.8519
 -- Sample 2: 0.8250
 -- Sample 3: 0.8589
 -- Sample 4: 0.8369
 -- Sample 5: 0.8465
 -- Sample 6: 0.8426
 -- Sample 7: 0.8547
 -- Sample 8: 0.9018
 -- Sample 9: 0.8904
 -- Sample 10: 0.8966
 -- Sample 11: 0.8827
 -- Sample 12: 0.9330
 -- Sample 13: 0.9149
 -- Sample 14: 0.7944
 -- Sample 15: 0.7354
 -- Sample 16: 0.7971
 -- Sample 17: 0.6773
 -- Sample 18: 0.8011
 -- Sample 19: 0.8677
 -- Sample 20: 0.8740
 -- Sample 21: 0.8750
 -- Sample 22: 0.7912
 -- Sample 23: 0.8003
 -- Sample 24: 0.8335
 -- Sample 25: 0.8143
 -- Sample 26: 0.8017
 -- Sample 27: 0.8011
 -- Sample 28: 0.8183
 -- Sample 29: 0.8018
 -- Sample 30: 0.9364
 -- Sample 31: 0.9607
 -- Sample 32: 0.9372
 -- Sample 33: 0.9392
 -- Sample 34: 0.9178
 -- Sample 35: 0.8792
 -- Sample 36: 0.8408
 -- Sample 37: 0.8446
 -- Sample 38: 0.9372
 -- Sample 39: 0.9310
 -- Sample 40: 0.9091
 -- Sample 41: 0.9144
 -- Sample 42: 0.8832
 -- Sample 43: 0.8376
 -- Sample 44: 0.8568
 -- Sample 45: 0.8157
 -- Sample 46: 0.9638
 -- Sample 47: 0.9675
 -- Sample 48: 0.9703
 -- Sample 49: 0.9743
Mean=0.8666, Std=0.0629
------------------------------------------------------------------
    Evaluating Ko et al (D3 N2)
Bias Error: using Single Component
Mean: 24.4890, Std: 16.5514
------------------------------------------------------------------
Magnitude Error: 
 -- Sample 0: mean=36.4527%; std=22.3241
 -- Sample 1: mean=38.4963%; std=25.1525
 -- Sample 2: mean=45.1239%; std=26.8117
 -- Sample 3: mean=43.6651%; std=23.1418
 -- Sample 4: mean=46.6932%; std=27.7346
 -- Sample 5: mean=40.6475%; std=28.8760
 -- Sample 6: mean=29.4220%; std=24.4569
 -- Sample 7: mean=37.6506%; std=24.9172
 -- Sample 8: mean=39.2263%; std=32.9465
 -- Sample 9: mean=37.4587%; std=22.3678
 -- Sample 10: mean=51.0476%; std=24.8985
 -- Sample 11: mean=44.6111%; std=23.6797
 -- Sample 12: mean=43.3350%; std=20.4454
 -- Sample 13: mean=45.0995%; std=20.8567
 -- Sample 14: mean=44.8815%; std=33.1625
 -- Sample 15: mean=47.3321%; std=31.3461
 -- Sample 16: mean=46.7115%; std=27.5200
 -- Sample 17: mean=53.4179%; std=32.5415
 -- Sample 18: mean=50.7629%; std=37.2920
 -- Sample 19: mean=60.0977%; std=52.3792
 -- Sample 20: mean=53.8324%; std=36.9792
 -- Sample 21: mean=46.1787%; std=37.2623
 -- Sample 22: mean=82.5658%; std=85.3363
 -- Sample 23: mean=83.0502%; std=81.9979
 -- Sample 24: mean=81.5852%; std=93.4941
 -- Sample 25: mean=79.3871%; std=74.2741
 -- Sample 26: mean=40.2415%; std=25.0431
 -- Sample 27: mean=41.7273%; std=24.6014
 -- Sample 28: mean=45.8628%; std=26.0502
 -- Sample 29: mean=39.0469%; std=25.5482
 -- Sample 30: mean=26.8781%; std=17.1889
 -- Sample 31: mean=31.6461%; std=13.9364
 -- Sample 32: mean=32.6022%; std=17.9004
 -- Sample 33: mean=17.8201%; std=14.3243
 -- Sample 34: mean=60.4033%; std=62.0776
 -- Sample 35: mean=60.6227%; std=82.5687
 -- Sample 36: mean=64.6983%; std=67.6572
 -- Sample 37: mean=52.3001%; std=62.5403
 -- Sample 38: mean=38.7819%; std=39.7528
 -- Sample 39: mean=44.1473%; std=32.8331
 -- Sample 40: mean=35.6362%; std=41.3123
 -- Sample 41: mean=46.6852%; std=52.9934
 -- Sample 42: mean=35.7259%; std=27.2472
 -- Sample 43: mean=39.8165%; std=40.1563
 -- Sample 44: mean=34.0303%; std=29.3535
 -- Sample 45: mean=47.9055%; std=29.3967
 -- Sample 46: mean=43.5655%; std=16.6009
 -- Sample 47: mean=44.5077%; std=14.6966
 -- Sample 48: mean=42.6596%; std=15.5990
 -- Sample 49: mean=37.7666%; std=14.4632
Mean: 46.2762%, Std: 13.4957%
------------------------------------------------------------------
Correlation comparison:
 -- Sample 0: 0.9256
 -- Sample 1: 0.8665
 -- Sample 2: 0.8895
 -- Sample 3: 0.9047
 -- Sample 4: 0.8189
 -- Sample 5: 0.8613
 -- Sample 6: 0.9346
 -- Sample 7: 0.9170
 -- Sample 8: 0.9141
 -- Sample 9: 0.9038
 -- Sample 10: 0.8281
 -- Sample 11: 0.8784
 -- Sample 12: 0.9070
 -- Sample 13: 0.9174
 -- Sample 14: 0.7853
 -- Sample 15: 0.7611
 -- Sample 16: 0.7353
 -- Sample 17: 0.6851
 -- Sample 18: 0.8480
 -- Sample 19: 0.8148
 -- Sample 20: 0.8032
 -- Sample 21: 0.8361
 -- Sample 22: 0.7709
 -- Sample 23: 0.8072
 -- Sample 24: 0.8020
 -- Sample 25: 0.8299
 -- Sample 26: 0.8634
 -- Sample 27: 0.8369
 -- Sample 28: 0.8259
 -- Sample 29: 0.8428
 -- Sample 30: 0.9446
 -- Sample 31: 0.9402
 -- Sample 32: 0.9160
 -- Sample 33: 0.9564
 -- Sample 34: 0.8416
 -- Sample 35: 0.8780
 -- Sample 36: 0.8517
 -- Sample 37: 0.8941
 -- Sample 38: 0.9223
 -- Sample 39: 0.9003
 -- Sample 40: 0.9193
 -- Sample 41: 0.8597
 -- Sample 42: 0.8780
 -- Sample 43: 0.8392
 -- Sample 44: 0.8713
 -- Sample 45: 0.8432
 -- Sample 46: 0.9550
 -- Sample 47: 0.9710
 -- Sample 48: 0.9601
 -- Sample 49: 0.9759
Mean=0.8687, Std=0.0621
------------------------------------------------------------------
    Evaluating Ko et al (D3 N3)
Bias Error: using Single Component
Mean: 20.7006, Std: 18.5644
------------------------------------------------------------------
Magnitude Error: 
 -- Sample 0: mean=30.4880%; std=24.1339
 -- Sample 1: mean=37.8421%; std=23.1470
 -- Sample 2: mean=37.1353%; std=25.8491
 -- Sample 3: mean=38.8574%; std=25.0602
 -- Sample 4: mean=38.1348%; std=23.4845
 -- Sample 5: mean=39.6951%; std=23.8804
 -- Sample 6: mean=47.8486%; std=31.4875
 -- Sample 7: mean=35.4100%; std=33.8528
 -- Sample 8: mean=33.6345%; std=27.3937
 -- Sample 9: mean=26.6564%; std=22.4983
 -- Sample 10: mean=42.6082%; std=22.6163
 -- Sample 11: mean=37.8841%; std=17.3557
 -- Sample 12: mean=36.5880%; std=20.8527
 -- Sample 13: mean=34.2790%; std=21.9422
 -- Sample 14: mean=47.2563%; std=32.1423
 -- Sample 15: mean=41.6638%; std=30.3711
 -- Sample 16: mean=50.3564%; std=34.7332
 -- Sample 17: mean=47.9630%; std=29.9205
 -- Sample 18: mean=48.4499%; std=46.2915
 -- Sample 19: mean=44.6981%; std=46.2247
 -- Sample 20: mean=46.5846%; std=38.7281
 -- Sample 21: mean=57.4862%; std=52.7089
 -- Sample 22: mean=82.5817%; std=93.7388
 -- Sample 23: mean=79.5186%; std=77.4632
 -- Sample 24: mean=63.3687%; std=74.3918
 -- Sample 25: mean=88.8978%; std=99.0805
 -- Sample 26: mean=44.2271%; std=22.8292
 -- Sample 27: mean=44.4581%; std=36.5789
 -- Sample 28: mean=38.2766%; std=25.4338
 -- Sample 29: mean=41.5953%; std=22.7002
 -- Sample 30: mean=22.3237%; std=14.1553
 -- Sample 31: mean=21.3579%; std=14.9618
 -- Sample 32: mean=23.5075%; std=16.3640
 -- Sample 33: mean=20.1124%; std=16.3379
 -- Sample 34: mean=41.0504%; std=30.0025
 -- Sample 35: mean=46.2886%; std=52.9880
 -- Sample 36: mean=46.5448%; std=71.6772
 -- Sample 37: mean=39.8584%; std=40.1770
 -- Sample 38: mean=35.6220%; std=28.6024
 -- Sample 39: mean=50.0187%; std=41.5708
 -- Sample 40: mean=33.5053%; std=28.2822
 -- Sample 41: mean=41.2666%; std=40.6422
 -- Sample 42: mean=29.4712%; std=26.9290
 -- Sample 43: mean=35.8418%; std=30.0336
 -- Sample 44: mean=26.6225%; std=28.3278
 -- Sample 45: mean=27.5752%; std=22.5417
 -- Sample 46: mean=35.4905%; std=12.7234
 -- Sample 47: mean=40.0922%; std=15.6164
 -- Sample 48: mean=35.9089%; std=15.3784
 -- Sample 49: mean=32.3680%; std=14.7383
Mean: 41.3854%, Std: 13.8016%
------------------------------------------------------------------
Correlation comparison:
 -- Sample 0: 0.9163
 -- Sample 1: 0.8724
 -- Sample 2: 0.8856
 -- Sample 3: 0.8430
 -- Sample 4: 0.8595
 -- Sample 5: 0.8647
 -- Sample 6: 0.8321
 -- Sample 7: 0.8965
 -- Sample 8: 0.9163
 -- Sample 9: 0.9245
 -- Sample 10: 0.8743
 -- Sample 11: 0.9154
 -- Sample 12: 0.9081
 -- Sample 13: 0.9252
 -- Sample 14: 0.7570
 -- Sample 15: 0.7958
 -- Sample 16: 0.7504
 -- Sample 17: 0.7144
 -- Sample 18: 0.8645
 -- Sample 19: 0.8759
 -- Sample 20: 0.8304
 -- Sample 21: 0.8686
 -- Sample 22: 0.8178
 -- Sample 23: 0.8600
 -- Sample 24: 0.8760
 -- Sample 25: 0.8236
 -- Sample 26: 0.8236
 -- Sample 27: 0.8233
 -- Sample 28: 0.8650
 -- Sample 29: 0.8491
 -- Sample 30: 0.9456
 -- Sample 31: 0.9529
 -- Sample 32: 0.9352
 -- Sample 33: 0.9490
 -- Sample 34: 0.9538
 -- Sample 35: 0.9082
 -- Sample 36: 0.9086
 -- Sample 37: 0.9410
 -- Sample 38: 0.9383
 -- Sample 39: 0.9311
 -- Sample 40: 0.9508
 -- Sample 41: 0.9052
 -- Sample 42: 0.9226
 -- Sample 43: 0.9063
 -- Sample 44: 0.9269
 -- Sample 45: 0.9164
 -- Sample 46: 0.9808
 -- Sample 47: 0.9581
 -- Sample 48: 0.9708
 -- Sample 49: 0.9739
Mean=0.8881, Std=0.0589
------------------------------------------------------------------
  Processing Batch 9 (Size: 24)...
    Evaluating Javier Santos (D0 N4)
Bias Error: using Single Component
Mean: 545.2409, Std: 187.8984
------------------------------------------------------------------
Magnitude Error: 
 -- Sample 0: mean=274.0179%; std=252.7200
 -- Sample 1: mean=265.9741%; std=247.5128
 -- Sample 2: mean=248.8224%; std=229.4551
 -- Sample 3: mean=259.4826%; std=252.5419
 -- Sample 4: mean=175.0739%; std=129.2708
 -- Sample 5: mean=192.3032%; std=145.6931
 -- Sample 6: mean=187.0585%; std=149.0591
 -- Sample 7: mean=201.5099%; std=150.3615
 -- Sample 8: mean=198.8577%; std=128.1063
 -- Sample 9: mean=197.0836%; std=125.6816
 -- Sample 10: mean=190.7388%; std=133.9270
 -- Sample 11: mean=198.4631%; std=126.6521
 -- Sample 12: mean=566.7874%; std=651.1978
 -- Sample 13: mean=611.0386%; std=615.6238
 -- Sample 14: mean=597.8728%; std=612.5318
 -- Sample 15: mean=585.1753%; std=602.1016
 -- Sample 16: mean=466.7392%; std=368.7650
 -- Sample 17: mean=444.8020%; std=332.5401
 -- Sample 18: mean=446.9678%; std=331.7796
 -- Sample 19: mean=437.4461%; std=307.7453
 -- Sample 20: mean=426.5135%; std=312.0947
 -- Sample 21: mean=432.3340%; std=315.8424
 -- Sample 22: mean=396.3814%; std=297.2039
 -- Sample 23: mean=395.4858%; std=292.6607
Mean: 349.8721%, Std: 146.9538%
------------------------------------------------------------------
Correlation comparison:
 -- Sample 0: 0.4251
 -- Sample 1: 0.3931
 -- Sample 2: 0.4112
 -- Sample 3: 0.3544
 -- Sample 4: 0.6797
 -- Sample 5: 0.6937
 -- Sample 6: 0.6464
 -- Sample 7: 0.6819
 -- Sample 8: 0.7087
 -- Sample 9: 0.7063
 -- Sample 10: 0.6860
 -- Sample 11: 0.7167
 -- Sample 12: 0.3168
 -- Sample 13: 0.3359
 -- Sample 14: 0.3402
 -- Sample 15: 0.3335
 -- Sample 16: 0.5713
 -- Sample 17: 0.5411
 -- Sample 18: 0.5717
 -- Sample 19: 0.6032
 -- Sample 20: 0.5263
 -- Sample 21: 0.5482
 -- Sample 22: 0.5061
 -- Sample 23: 0.5438
Mean=0.5350, Std=0.1369
------------------------------------------------------------------
    Evaluating Javier Santos (D1 N4)
Bias Error: using Single Component
Mean: 36.6923, Std: 19.9072
------------------------------------------------------------------
Magnitude Error: 
 -- Sample 0: mean=46.9389%; std=29.9050
 -- Sample 1: mean=47.4842%; std=26.4591
 -- Sample 2: mean=50.6190%; std=30.1303
 -- Sample 3: mean=48.8988%; std=27.9709
 -- Sample 4: mean=56.3947%; std=17.6803
 -- Sample 5: mean=59.7510%; std=15.4146
 -- Sample 6: mean=59.1527%; std=16.0891
 -- Sample 7: mean=55.3456%; std=17.0549
 -- Sample 8: mean=63.4184%; std=21.7018
 -- Sample 9: mean=67.1767%; std=19.2698
 -- Sample 10: mean=67.0444%; std=19.7210
 -- Sample 11: mean=66.1331%; std=19.0556
 -- Sample 12: mean=62.7605%; std=49.0855
 -- Sample 13: mean=67.4182%; std=52.2082
 -- Sample 14: mean=60.3279%; std=43.7113
 -- Sample 15: mean=63.2645%; std=48.0372
 -- Sample 16: mean=51.8121%; std=31.5576
 -- Sample 17: mean=52.0405%; std=29.2385
 -- Sample 18: mean=53.4656%; std=30.6169
 -- Sample 19: mean=50.6776%; std=28.1917
 -- Sample 20: mean=52.0691%; std=43.2387
 -- Sample 21: mean=50.0130%; std=46.0851
 -- Sample 22: mean=46.2732%; std=38.0584
 -- Sample 23: mean=54.4053%; std=45.1013
Mean: 56.3702%, Std: 6.8432%
------------------------------------------------------------------
Correlation comparison:
 -- Sample 0: 0.7832
 -- Sample 1: 0.7151
 -- Sample 2: 0.7066
 -- Sample 3: 0.7119
 -- Sample 4: 0.8703
 -- Sample 5: 0.8822
 -- Sample 6: 0.8814
 -- Sample 7: 0.8832
 -- Sample 8: 0.7507
 -- Sample 9: 0.7432
 -- Sample 10: 0.7390
 -- Sample 11: 0.7558
 -- Sample 12: 0.6505
 -- Sample 13: 0.6300
 -- Sample 14: 0.6753
 -- Sample 15: 0.6590
 -- Sample 16: 0.7419
 -- Sample 17: 0.7280
 -- Sample 18: 0.7261
 -- Sample 19: 0.7636
 -- Sample 20: 0.5035
 -- Sample 21: 0.5276
 -- Sample 22: 0.5524
 -- Sample 23: 0.4859
Mean=0.7111, Std=0.1109
------------------------------------------------------------------
    Evaluating Javier Santos (D2 N4)
Bias Error: using Single Component
Mean: 65.7512, Std: 8.8000
------------------------------------------------------------------
Magnitude Error: 
 -- Sample 0: mean=81.2553%; std=14.7290
 -- Sample 1: mean=81.8991%; std=14.8341
 -- Sample 2: mean=81.8652%; std=14.4939
 -- Sample 3: mean=82.5362%; std=13.7713
 -- Sample 4: mean=85.4477%; std=8.6996
 -- Sample 5: mean=85.8685%; std=8.5705
 -- Sample 6: mean=85.1620%; std=9.0565
 -- Sample 7: mean=85.4424%; std=8.7383
 -- Sample 8: mean=83.5147%; std=10.8828
 -- Sample 9: mean=83.3003%; std=11.1807
 -- Sample 10: mean=83.3333%; std=10.8183
 -- Sample 11: mean=83.7066%; std=10.6072
 -- Sample 12: mean=67.3608%; std=23.7494
 -- Sample 13: mean=66.5108%; std=24.1770
 -- Sample 14: mean=67.1657%; std=23.2491
 -- Sample 15: mean=67.1197%; std=23.1278
 -- Sample 16: mean=73.2221%; std=19.1998
 -- Sample 17: mean=73.0823%; std=19.2250
 -- Sample 18: mean=73.5699%; std=18.0495
 -- Sample 19: mean=73.0884%; std=18.7990
 -- Sample 20: mean=76.0528%; std=17.7333
 -- Sample 21: mean=77.2044%; std=17.1041
 -- Sample 22: mean=77.0917%; std=17.2903
 -- Sample 23: mean=76.6759%; std=18.0070
Mean: 77.9782%, Std: 6.4018%
------------------------------------------------------------------
Correlation comparison:
 -- Sample 0: 0.2499
 -- Sample 1: 0.2322
 -- Sample 2: 0.2375
 -- Sample 3: 0.2451
 -- Sample 4: 0.4672
 -- Sample 5: 0.4136
 -- Sample 6: 0.4423
 -- Sample 7: 0.4279
 -- Sample 8: 0.4171
 -- Sample 9: 0.4205
 -- Sample 10: 0.4159
 -- Sample 11: 0.3970
 -- Sample 12: 0.3054
 -- Sample 13: 0.3193
 -- Sample 14: 0.3524
 -- Sample 15: 0.3555
 -- Sample 16: 0.3774
 -- Sample 17: 0.3772
 -- Sample 18: 0.3929
 -- Sample 19: 0.3765
 -- Sample 20: 0.2623
 -- Sample 21: 0.2725
 -- Sample 22: 0.2542
 -- Sample 23: 0.2617
Mean=0.3447, Std=0.0744
------------------------------------------------------------------
    Evaluating Javier Santos (D3 N4)
Bias Error: using Single Component
Mean: 93.5752, Std: 2.2467
------------------------------------------------------------------
Magnitude Error: 
 -- Sample 0: mean=95.1487%; std=5.8386
 -- Sample 1: mean=94.6593%; std=6.3572
 -- Sample 2: mean=94.3805%; std=6.9842
 -- Sample 3: mean=94.5954%; std=5.9468
 -- Sample 4: mean=96.2788%; std=3.0697
 -- Sample 5: mean=96.5485%; std=3.0588
 -- Sample 6: mean=96.2717%; std=3.0634
 -- Sample 7: mean=96.5334%; std=2.7945
 -- Sample 8: mean=95.8784%; std=3.7261
 -- Sample 9: mean=95.9517%; std=3.6282
 -- Sample 10: mean=95.7906%; std=3.8960
 -- Sample 11: mean=95.9639%; std=3.5731
 -- Sample 12: mean=90.9555%; std=9.1432
 -- Sample 13: mean=90.6030%; std=8.5229
 -- Sample 14: mean=90.9330%; std=8.3475
 -- Sample 15: mean=90.3481%; std=8.5013
 -- Sample 16: mean=93.2922%; std=6.0229
 -- Sample 17: mean=93.1353%; std=5.8829
 -- Sample 18: mean=93.2613%; std=5.7801
 -- Sample 19: mean=93.1105%; std=6.4059
 -- Sample 20: mean=92.9581%; std=7.8992
 -- Sample 21: mean=93.0137%; std=7.7561
 -- Sample 22: mean=92.1906%; std=8.5066
 -- Sample 23: mean=92.8355%; std=7.7810
Mean: 93.9432%, Std: 1.9650%
------------------------------------------------------------------
Correlation comparison:
 -- Sample 0: 0.0659
 -- Sample 1: 0.1270
 -- Sample 2: 0.1689
 -- Sample 3: 0.1710
 -- Sample 4: 0.2459
 -- Sample 5: 0.2897
 -- Sample 6: 0.2721
 -- Sample 7: 0.2910
 -- Sample 8: 0.2121
 -- Sample 9: 0.2266
 -- Sample 10: 0.1541
 -- Sample 11: 0.2220
 -- Sample 12: 0.1308
 -- Sample 13: 0.2080
 -- Sample 14: 0.1886
 -- Sample 15: 0.1746
 -- Sample 16: 0.1421
 -- Sample 17: 0.2029
 -- Sample 18: 0.2135
 -- Sample 19: 0.1827
 -- Sample 20: 0.1053
 -- Sample 21: 0.0931
 -- Sample 22: 0.0823
 -- Sample 23: 0.0995
Mean=0.1779, Std=0.0627
------------------------------------------------------------------
    Evaluating Ko et al (D0 N4)
Bias Error: using Single Component
Mean: 72.1252, Std: 49.7646
------------------------------------------------------------------
Magnitude Error: 
 -- Sample 0: mean=54.1849%; std=53.2073
 -- Sample 1: mean=51.9135%; std=60.0171
 -- Sample 2: mean=50.6091%; std=51.7334
 -- Sample 3: mean=47.6731%; std=59.2872
 -- Sample 4: mean=69.2992%; std=73.5458
 -- Sample 5: mean=79.6542%; std=80.1359
 -- Sample 6: mean=72.4932%; std=73.9074
 -- Sample 7: mean=74.9923%; std=68.3600
 -- Sample 8: mean=46.5674%; std=32.4902
 -- Sample 9: mean=48.6547%; std=33.5221
 -- Sample 10: mean=46.2558%; std=36.2550
 -- Sample 11: mean=49.9161%; std=39.1361
 -- Sample 12: mean=235.7822%; std=301.3842
 -- Sample 13: mean=219.6222%; std=277.7675
 -- Sample 14: mean=236.8332%; std=307.1746
 -- Sample 15: mean=224.6007%; std=299.0274
 -- Sample 16: mean=111.4896%; std=133.5547
 -- Sample 17: mean=108.6832%; std=112.9065
 -- Sample 18: mean=114.2974%; std=125.0987
 -- Sample 19: mean=106.6501%; std=109.3213
 -- Sample 20: mean=41.3042%; std=39.6098
 -- Sample 21: mean=50.1055%; std=39.0024
 -- Sample 22: mean=45.2102%; std=41.1064
 -- Sample 23: mean=47.2439%; std=36.9281
Mean: 93.0848%, Std: 64.9483%
------------------------------------------------------------------
Correlation comparison:
 -- Sample 0: 0.4333
 -- Sample 1: 0.4521
 -- Sample 2: 0.4646
 -- Sample 3: 0.5164
 -- Sample 4: 0.6845
 -- Sample 5: 0.6880
 -- Sample 6: 0.6976
 -- Sample 7: 0.6842
 -- Sample 8: 0.7935
 -- Sample 9: 0.7875
 -- Sample 10: 0.7916
 -- Sample 11: 0.7783
 -- Sample 12: 0.3853
 -- Sample 13: 0.4323
 -- Sample 14: 0.3987
 -- Sample 15: 0.4172
 -- Sample 16: 0.6999
 -- Sample 17: 0.7257
 -- Sample 18: 0.7022
 -- Sample 19: 0.7221
 -- Sample 20: 0.7119
 -- Sample 21: 0.6589
 -- Sample 22: 0.6722
 -- Sample 23: 0.7049
Mean=0.6251, Std=0.1390
------------------------------------------------------------------
    Evaluating Ko et al (D1 N4)
Bias Error: using Single Component
Mean: 63.8297, Std: 13.7458
------------------------------------------------------------------
Magnitude Error: 
 -- Sample 0: mean=77.7822%; std=10.5039
 -- Sample 1: mean=82.8839%; std=8.8598
 -- Sample 2: mean=80.4561%; std=10.6935
 -- Sample 3: mean=73.6593%; std=14.4093
 -- Sample 4: mean=55.8006%; std=16.2218
 -- Sample 5: mean=60.3029%; std=18.8024
 -- Sample 6: mean=56.6657%; std=14.5835
 -- Sample 7: mean=62.0977%; std=12.4910
 -- Sample 8: mean=83.0642%; std=10.8403
 -- Sample 9: mean=84.3045%; std=12.8742
 -- Sample 10: mean=84.5666%; std=11.1675
 -- Sample 11: mean=80.4441%; std=13.2586
 -- Sample 12: mean=62.3720%; std=27.2836
 -- Sample 13: mean=58.4344%; std=24.6885
 -- Sample 14: mean=55.8698%; std=23.0909
 -- Sample 15: mean=60.4924%; std=34.1252
 -- Sample 16: mean=45.6944%; std=24.5252
 -- Sample 17: mean=54.8808%; std=20.4219
 -- Sample 18: mean=47.7675%; std=25.7862
 -- Sample 19: mean=53.0040%; std=23.7944
 -- Sample 20: mean=59.1620%; std=20.4536
 -- Sample 21: mean=70.2992%; std=16.2516
 -- Sample 22: mean=63.7314%; std=25.1386
 -- Sample 23: mean=63.1044%; std=24.5109
Mean: 65.7017%, Std: 11.9499%
------------------------------------------------------------------
Correlation comparison:
 -- Sample 0: 0.8927
 -- Sample 1: 0.8006
 -- Sample 2: 0.8037
 -- Sample 3: 0.8516
 -- Sample 4: 0.9076
 -- Sample 5: 0.8536
 -- Sample 6: 0.9228
 -- Sample 7: 0.9119
 -- Sample 8: 0.8171
 -- Sample 9: 0.7527
 -- Sample 10: 0.7660
 -- Sample 11: 0.8157
 -- Sample 12: 0.6711
 -- Sample 13: 0.6410
 -- Sample 14: 0.7620
 -- Sample 15: 0.6310
 -- Sample 16: 0.8886
 -- Sample 17: 0.8719
 -- Sample 18: 0.8365
 -- Sample 19: 0.8581
 -- Sample 20: 0.7944
 -- Sample 21: 0.7891
 -- Sample 22: 0.6959
 -- Sample 23: 0.6989
Mean=0.8014, Std=0.0837
------------------------------------------------------------------
    Evaluating Ko et al (D2 N4)
Bias Error: using Single Component
Mean: 22.2525, Std: 9.7136
------------------------------------------------------------------
Magnitude Error: 
 -- Sample 0: mean=35.7158%; std=19.7568
 -- Sample 1: mean=36.1778%; std=21.4105
 -- Sample 2: mean=38.1886%; std=25.4154
 -- Sample 3: mean=43.6077%; std=19.1624
 -- Sample 4: mean=27.8300%; std=15.9234
 -- Sample 5: mean=22.2721%; std=16.2716
 -- Sample 6: mean=27.5491%; std=15.9501
 -- Sample 7: mean=24.4934%; std=15.0787
 -- Sample 8: mean=43.7455%; std=22.9535
 -- Sample 9: mean=43.3674%; std=19.9170
 -- Sample 10: mean=48.4301%; std=19.1461
 -- Sample 11: mean=42.8248%; std=20.3675
 -- Sample 12: mean=49.8948%; std=55.1428
 -- Sample 13: mean=51.2422%; std=51.2853
 -- Sample 14: mean=47.0330%; std=35.7985
 -- Sample 15: mean=51.0985%; std=41.2664
 -- Sample 16: mean=40.7950%; std=43.2325
 -- Sample 17: mean=47.2536%; std=44.0852
 -- Sample 18: mean=41.4687%; std=37.6258
 -- Sample 19: mean=42.5432%; std=44.0761
 -- Sample 20: mean=33.9267%; std=17.8613
 -- Sample 21: mean=37.0509%; std=24.5868
 -- Sample 22: mean=38.8555%; std=21.6946
 -- Sample 23: mean=35.5309%; std=21.6798
Mean: 39.6206%, Std: 7.9942%
------------------------------------------------------------------
Correlation comparison:
 -- Sample 0: 0.9562
 -- Sample 1: 0.9702
 -- Sample 2: 0.9248
 -- Sample 3: 0.9313
 -- Sample 4: 0.9374
 -- Sample 5: 0.9431
 -- Sample 6: 0.9315
 -- Sample 7: 0.9658
 -- Sample 8: 0.9127
 -- Sample 9: 0.9325
 -- Sample 10: 0.8835
 -- Sample 11: 0.8880
 -- Sample 12: 0.8696
 -- Sample 13: 0.8715
 -- Sample 14: 0.8924
 -- Sample 15: 0.8760
 -- Sample 16: 0.9158
 -- Sample 17: 0.9136
 -- Sample 18: 0.9192
 -- Sample 19: 0.9156
 -- Sample 20: 0.9376
 -- Sample 21: 0.9229
 -- Sample 22: 0.9117
 -- Sample 23: 0.9269
Mean=0.9187, Std=0.0271
------------------------------------------------------------------
    Evaluating Ko et al (D3 N4)
Bias Error: using Single Component
Mean: 19.2634, Std: 17.8468
------------------------------------------------------------------
Magnitude Error: 
 -- Sample 0: mean=32.6496%; std=26.3790
 -- Sample 1: mean=32.2586%; std=28.0527
 -- Sample 2: mean=28.2565%; std=26.2650
 -- Sample 3: mean=27.1173%; std=27.5366
 -- Sample 4: mean=17.3428%; std=13.2718
 -- Sample 5: mean=17.6992%; std=14.7093
 -- Sample 6: mean=17.8040%; std=15.2421
 -- Sample 7: mean=19.5911%; std=13.7742
 -- Sample 8: mean=41.9109%; std=15.9087
 -- Sample 9: mean=45.1858%; std=19.5764
 -- Sample 10: mean=43.0238%; std=17.1543
 -- Sample 11: mean=37.4654%; std=17.5217
 -- Sample 12: mean=69.9043%; std=64.4266
 -- Sample 13: mean=68.3801%; std=59.8901
 -- Sample 14: mean=63.7739%; std=53.1262
 -- Sample 15: mean=68.0234%; std=60.4229
 -- Sample 16: mean=37.8187%; std=34.1054
 -- Sample 17: mean=38.6143%; std=37.2461
 -- Sample 18: mean=35.1611%; std=32.1684
 -- Sample 19: mean=38.1362%; std=36.6455
 -- Sample 20: mean=42.8568%; std=24.9672
 -- Sample 21: mean=37.8056%; std=23.3459
 -- Sample 22: mean=43.6153%; std=26.0914
 -- Sample 23: mean=44.4180%; std=25.2265
Mean: 39.5338%, Std: 15.1492%
------------------------------------------------------------------
Correlation comparison:
 -- Sample 0: 0.9228
 -- Sample 1: 0.9444
 -- Sample 2: 0.9494
 -- Sample 3: 0.9459
 -- Sample 4: 0.9686
 -- Sample 5: 0.9635
 -- Sample 6: 0.9627
 -- Sample 7: 0.9648
 -- Sample 8: 0.9093
 -- Sample 9: 0.8870
 -- Sample 10: 0.8877
 -- Sample 11: 0.9215
 -- Sample 12: 0.8671
 -- Sample 13: 0.8630
 -- Sample 14: 0.9027
 -- Sample 15: 0.8704
 -- Sample 16: 0.9160
 -- Sample 17: 0.9213
 -- Sample 18: 0.9321
 -- Sample 19: 0.8907
 -- Sample 20: 0.8919
 -- Sample 21: 0.9089
 -- Sample 22: 0.8558
 -- Sample 23: 0.8402
Mean=0.9120, Std=0.0366
------------------------------------------------------------------
    Evaluating Ko et al (D3 N0)
Bias Error: using Single Component
Mean: 19.7522, Std: 15.1654
------------------------------------------------------------------
Magnitude Error: 
 -- Sample 0: mean=41.2004%; std=24.2561
 -- Sample 1: mean=48.6137%; std=20.8998
 -- Sample 2: mean=42.5352%; std=23.4907
 -- Sample 3: mean=44.9693%; std=24.1060
 -- Sample 4: mean=38.0112%; std=21.7933
 -- Sample 5: mean=36.9088%; std=22.6498
 -- Sample 6: mean=31.3487%; std=23.3656
 -- Sample 7: mean=31.2873%; std=18.8758
 -- Sample 8: mean=53.6345%; std=24.0780
 -- Sample 9: mean=47.1026%; std=22.5382
 -- Sample 10: mean=55.0531%; std=25.3570
 -- Sample 11: mean=48.3207%; std=24.9829
 -- Sample 12: mean=44.5245%; std=39.8468
 -- Sample 13: mean=67.7405%; std=88.0629
 -- Sample 14: mean=51.6376%; std=53.6743
 -- Sample 15: mean=64.6214%; std=61.3393
 -- Sample 16: mean=42.8748%; std=34.4103
 -- Sample 17: mean=43.6774%; std=28.7825
 -- Sample 18: mean=37.6845%; std=25.4759
 -- Sample 19: mean=39.4521%; std=24.1571
 -- Sample 20: mean=51.2003%; std=33.3500
 -- Sample 21: mean=43.3484%; std=38.9234
 -- Sample 22: mean=46.9246%; std=28.5436
 -- Sample 23: mean=43.1403%; std=27.8414
Mean: 45.6588%, Std: 8.6319%
------------------------------------------------------------------
Correlation comparison:
 -- Sample 0: 0.8948
 -- Sample 1: 0.9096
 -- Sample 2: 0.9164
 -- Sample 3: 0.8607
 -- Sample 4: 0.9022
 -- Sample 5: 0.8281
 -- Sample 6: 0.8627
 -- Sample 7: 0.9068
 -- Sample 8: 0.8589
 -- Sample 9: 0.8823
 -- Sample 10: 0.7750
 -- Sample 11: 0.8626
 -- Sample 12: 0.8211
 -- Sample 13: 0.7383
 -- Sample 14: 0.8184
 -- Sample 15: 0.7660
 -- Sample 16: 0.8952
 -- Sample 17: 0.8756
 -- Sample 18: 0.8804
 -- Sample 19: 0.8585
 -- Sample 20: 0.7314
 -- Sample 21: 0.8682
 -- Sample 22: 0.7816
 -- Sample 23: 0.8209
Mean=0.8465, Std=0.0533
------------------------------------------------------------------
    Evaluating Ko et al (D3 N1)
Bias Error: using Single Component
Mean: 17.9511, Std: 12.4078
------------------------------------------------------------------
Magnitude Error: 
 -- Sample 0: mean=44.6144%; std=25.8246
 -- Sample 1: mean=48.1641%; std=19.1831
 -- Sample 2: mean=45.3302%; std=18.4967
 -- Sample 3: mean=40.4067%; std=26.2634
 -- Sample 4: mean=25.3939%; std=18.4294
 -- Sample 5: mean=22.2826%; std=17.1528
 -- Sample 6: mean=27.5547%; std=20.5905
 -- Sample 7: mean=27.5573%; std=19.6526
 -- Sample 8: mean=46.3640%; std=22.2945
 -- Sample 9: mean=46.1954%; std=21.9396
 -- Sample 10: mean=45.5216%; std=23.1402
 -- Sample 11: mean=46.7407%; std=23.8808
 -- Sample 12: mean=50.4069%; std=36.8357
 -- Sample 13: mean=60.6110%; std=62.1084
 -- Sample 14: mean=65.1283%; std=57.2254
 -- Sample 15: mean=53.2552%; std=53.5032
 -- Sample 16: mean=34.9680%; std=32.3484
 -- Sample 17: mean=38.4900%; std=42.0156
 -- Sample 18: mean=42.6674%; std=33.6608
 -- Sample 19: mean=33.3573%; std=28.2976
 -- Sample 20: mean=46.8116%; std=29.1315
 -- Sample 21: mean=37.1553%; std=25.8889
 -- Sample 22: mean=43.3636%; std=24.1579
 -- Sample 23: mean=35.3611%; std=23.7894
Mean: 41.9876%, Std: 10.2467%
------------------------------------------------------------------
Correlation comparison:
 -- Sample 0: 0.9141
 -- Sample 1: 0.9085
 -- Sample 2: 0.8783
 -- Sample 3: 0.9312
 -- Sample 4: 0.9394
 -- Sample 5: 0.9269
 -- Sample 6: 0.8963
 -- Sample 7: 0.9109
 -- Sample 8: 0.8759
 -- Sample 9: 0.8554
 -- Sample 10: 0.8638
 -- Sample 11: 0.8145
 -- Sample 12: 0.7869
 -- Sample 13: 0.7657
 -- Sample 14: 0.8062
 -- Sample 15: 0.8408
 -- Sample 16: 0.8961
 -- Sample 17: 0.8479
 -- Sample 18: 0.8667
 -- Sample 19: 0.9215
 -- Sample 20: 0.8206
 -- Sample 21: 0.9087
 -- Sample 22: 0.8619
 -- Sample 23: 0.8966
Mean=0.8723, Std=0.0466
------------------------------------------------------------------
    Evaluating Ko et al (D3 N2)
Bias Error: using Single Component
Mean: 21.0132, Std: 15.4839
------------------------------------------------------------------
Magnitude Error: 
 -- Sample 0: mean=31.0690%; std=24.6992
 -- Sample 1: mean=40.4595%; std=27.0592
 -- Sample 2: mean=49.7917%; std=21.4409
 -- Sample 3: mean=47.9558%; std=25.8596
 -- Sample 4: mean=23.9296%; std=16.7782
 -- Sample 5: mean=20.3672%; std=14.8952
 -- Sample 6: mean=21.0779%; std=16.3625
 -- Sample 7: mean=19.9763%; std=17.4290
 -- Sample 8: mean=56.7677%; std=16.2424
 -- Sample 9: mean=44.6763%; std=23.1935
 -- Sample 10: mean=49.1301%; std=24.0263
 -- Sample 11: mean=46.7417%; std=25.3615
 -- Sample 12: mean=67.6392%; std=58.1433
 -- Sample 13: mean=29.8295%; std=26.9154
 -- Sample 14: mean=61.2307%; std=46.4099
 -- Sample 15: mean=63.0831%; std=65.4763
 -- Sample 16: mean=35.7878%; std=29.6851
 -- Sample 17: mean=47.4325%; std=34.7498
 -- Sample 18: mean=29.5502%; std=20.8397
 -- Sample 19: mean=36.1807%; std=41.7135
 -- Sample 20: mean=45.7002%; std=24.0090
 -- Sample 21: mean=44.2036%; std=25.7739
 -- Sample 22: mean=39.9003%; std=24.2362
 -- Sample 23: mean=28.0185%; std=20.7891
Mean: 40.8541%, Std: 13.3816%
------------------------------------------------------------------
Correlation comparison:
 -- Sample 0: 0.9248
 -- Sample 1: 0.9245
 -- Sample 2: 0.9075
 -- Sample 3: 0.9032
 -- Sample 4: 0.9437
 -- Sample 5: 0.9515
 -- Sample 6: 0.9500
 -- Sample 7: 0.9495
 -- Sample 8: 0.9277
 -- Sample 9: 0.9153
 -- Sample 10: 0.8615
 -- Sample 11: 0.8539
 -- Sample 12: 0.7940
 -- Sample 13: 0.9528
 -- Sample 14: 0.8240
 -- Sample 15: 0.8515
 -- Sample 16: 0.9281
 -- Sample 17: 0.8822
 -- Sample 18: 0.9344
 -- Sample 19: 0.9065
 -- Sample 20: 0.8806
 -- Sample 21: 0.8785
 -- Sample 22: 0.8846
 -- Sample 23: 0.9679
Mean=0.9041, Std=0.0434
------------------------------------------------------------------
    Evaluating Ko et al (D3 N3)
Bias Error: using Single Component
Mean: 20.1517, Std: 14.8515
------------------------------------------------------------------
Magnitude Error: 
 -- Sample 0: mean=35.1635%; std=24.0921
 -- Sample 1: mean=24.2025%; std=25.9063
 -- Sample 2: mean=26.4923%; std=27.0632
 -- Sample 3: mean=25.7042%; std=22.9173
 -- Sample 4: mean=25.1017%; std=25.0557
 -- Sample 5: mean=18.5064%; std=16.3713
 -- Sample 6: mean=20.8008%; std=15.5368
 -- Sample 7: mean=20.3738%; std=17.6359
 -- Sample 8: mean=41.5153%; std=21.0800
 -- Sample 9: mean=38.1721%; std=22.3278
 -- Sample 10: mean=43.7061%; std=20.8641
 -- Sample 11: mean=45.1059%; std=19.2116
 -- Sample 12: mean=34.0768%; std=30.2640
 -- Sample 13: mean=43.0724%; std=42.7016
 -- Sample 14: mean=53.3175%; std=64.1346
 -- Sample 15: mean=70.0729%; std=64.0073
 -- Sample 16: mean=34.7321%; std=44.0846
 -- Sample 17: mean=33.7603%; std=37.1357
 -- Sample 18: mean=40.4040%; std=41.5028
 -- Sample 19: mean=29.1848%; std=35.4001
 -- Sample 20: mean=38.5741%; std=24.2788
 -- Sample 21: mean=50.1153%; std=24.8810
 -- Sample 22: mean=51.7422%; std=28.4777
 -- Sample 23: mean=37.2919%; std=25.5310
Mean: 36.7162%, Std: 11.9788%
------------------------------------------------------------------
Correlation comparison:
 -- Sample 0: 0.9195
 -- Sample 1: 0.9666
 -- Sample 2: 0.9369
 -- Sample 3: 0.9558
 -- Sample 4: 0.8914
 -- Sample 5: 0.9542
 -- Sample 6: 0.9532
 -- Sample 7: 0.9331
 -- Sample 8: 0.9069
 -- Sample 9: 0.8858
 -- Sample 10: 0.9061
 -- Sample 11: 0.8302
 -- Sample 12: 0.9166
 -- Sample 13: 0.9489
 -- Sample 14: 0.9185
 -- Sample 15: 0.8302
 -- Sample 16: 0.9184
 -- Sample 17: 0.9206
 -- Sample 18: 0.9417
 -- Sample 19: 0.9235
 -- Sample 20: 0.9277
 -- Sample 21: 0.8536
 -- Sample 22: 0.8583
 -- Sample 23: 0.9476
Mean=0.9144, Std=0.0378
------------------------------------------------------------------

Processing Dataset: Berea Buff
Considering 208 samples from ../NN_Datasets_Grad_Dist_40_5_55/Test_Oliveira_BereaBuff_SAug_DNorm.h5.
  Processing Batch 1 (Size: 50)...
    Evaluating Javier Santos (D0 N4)
Bias Error: using Single Component
Mean: 552.1589, Std: 297.9923
------------------------------------------------------------------
Magnitude Error: 
 -- Sample 0: mean=274.4911%; std=186.4187
 -- Sample 1: mean=291.8116%; std=198.9789
 -- Sample 2: mean=256.7196%; std=181.8332
 -- Sample 3: mean=286.5930%; std=181.6690
 -- Sample 4: mean=257.8738%; std=194.3447
 -- Sample 5: mean=270.3753%; std=216.4446
 -- Sample 6: mean=250.9279%; std=185.4899
 -- Sample 7: mean=258.8632%; std=185.9622
 -- Sample 8: mean=350.6269%; std=295.7613
 -- Sample 9: mean=344.0823%; std=278.0759
 -- Sample 10: mean=351.1642%; std=290.6885
 -- Sample 11: mean=334.2693%; std=226.8439
 -- Sample 12: mean=256.8238%; std=150.1539
 -- Sample 13: mean=264.4231%; std=145.9332
 -- Sample 14: mean=256.1750%; std=150.3184
 -- Sample 15: mean=267.8742%; std=145.4082
 -- Sample 16: mean=326.0451%; std=213.5219
 -- Sample 17: mean=347.1924%; std=242.8387
 -- Sample 18: mean=347.6450%; std=224.7322
 -- Sample 19: mean=347.3886%; std=253.3537
 -- Sample 20: mean=418.3703%; std=304.2505
 -- Sample 21: mean=469.3622%; std=324.8702
 -- Sample 22: mean=390.2381%; std=260.8496
 -- Sample 23: mean=426.9772%; std=289.7149
 -- Sample 24: mean=425.1749%; std=480.3091
 -- Sample 25: mean=447.3907%; std=480.8850
 -- Sample 26: mean=428.8908%; std=515.8105
 -- Sample 27: mean=458.2046%; std=495.6198
 -- Sample 28: mean=346.0986%; std=308.5694
 -- Sample 29: mean=354.9362%; std=320.3102
 -- Sample 30: mean=369.9207%; std=312.5382
 -- Sample 31: mean=350.7765%; std=291.4827
 -- Sample 32: mean=1203.2728%; std=801.0538
 -- Sample 33: mean=1169.7433%; std=786.5922
 -- Sample 34: mean=1162.9677%; std=800.7558
 -- Sample 35: mean=1209.6053%; std=804.4738
 -- Sample 36: mean=229.7734%; std=150.3522
 -- Sample 37: mean=245.5936%; std=149.8124
 -- Sample 38: mean=246.5838%; std=156.5429
 -- Sample 39: mean=224.3835%; std=144.0157
 -- Sample 40: mean=386.7826%; std=391.8869
 -- Sample 41: mean=400.8725%; std=394.4635
 -- Sample 42: mean=430.9564%; std=447.7611
 -- Sample 43: mean=404.9742%; std=370.2689
 -- Sample 44: mean=157.5434%; std=141.1706
 -- Sample 45: mean=163.9236%; std=135.8464
 -- Sample 46: mean=135.8166%; std=127.5719
 -- Sample 47: mean=153.2707%; std=134.4298
 -- Sample 48: mean=262.2532%; std=158.3439
 -- Sample 49: mean=249.8704%; std=137.6602
Mean: 385.3179%, Std: 249.9599%
------------------------------------------------------------------
Correlation comparison:
 -- Sample 0: 0.5721
 -- Sample 1: 0.5818
 -- Sample 2: 0.5777
 -- Sample 3: 0.5856
 -- Sample 4: 0.4621
 -- Sample 5: 0.4422
 -- Sample 6: 0.4858
 -- Sample 7: 0.4593
 -- Sample 8: 0.5081
 -- Sample 9: 0.5237
 -- Sample 10: 0.5208
 -- Sample 11: 0.5665
 -- Sample 12: 0.8175
 -- Sample 13: 0.8162
 -- Sample 14: 0.7929
 -- Sample 15: 0.8258
 -- Sample 16: 0.6242
 -- Sample 17: 0.6030
 -- Sample 18: 0.6315
 -- Sample 19: 0.5722
 -- Sample 20: 0.5420
 -- Sample 21: 0.5571
 -- Sample 22: 0.5648
 -- Sample 23: 0.5919
 -- Sample 24: 0.3466
 -- Sample 25: 0.3831
 -- Sample 26: 0.3545
 -- Sample 27: 0.3991
 -- Sample 28: 0.4088
 -- Sample 29: 0.3895
 -- Sample 30: 0.4380
 -- Sample 31: 0.4459
 -- Sample 32: 0.3612
 -- Sample 33: 0.3553
 -- Sample 34: 0.3619
 -- Sample 35: 0.3696
 -- Sample 36: 0.5945
 -- Sample 37: 0.6064
 -- Sample 38: 0.5923
 -- Sample 39: 0.6166
 -- Sample 40: 0.4146
 -- Sample 41: 0.4241
 -- Sample 42: 0.4181
 -- Sample 43: 0.4841
 -- Sample 44: 0.3650
 -- Sample 45: 0.4512
 -- Sample 46: 0.3300
 -- Sample 47: 0.4133
 -- Sample 48: 0.7266
 -- Sample 49: 0.7496
Mean=0.5205, Std=0.1327
------------------------------------------------------------------
    Evaluating Javier Santos (D1 N4)
Bias Error: using Single Component
Mean: 41.1590, Std: 13.8271
------------------------------------------------------------------
Magnitude Error: 
 -- Sample 0: mean=43.1011%; std=20.1131
 -- Sample 1: mean=42.3513%; std=20.1325
 -- Sample 2: mean=43.5678%; std=21.2697
 -- Sample 3: mean=41.8360%; std=20.8358
 -- Sample 4: mean=69.5417%; std=27.7830
 -- Sample 5: mean=67.8820%; std=26.2231
 -- Sample 6: mean=68.6764%; std=26.3054
 -- Sample 7: mean=68.7975%; std=28.3499
 -- Sample 8: mean=49.8866%; std=26.3537
 -- Sample 9: mean=52.9559%; std=29.3555
 -- Sample 10: mean=51.3851%; std=26.9071
 -- Sample 11: mean=50.0152%; std=26.2737
 -- Sample 12: mean=54.2354%; std=24.5087
 -- Sample 13: mean=53.9422%; std=23.8544
 -- Sample 14: mean=52.2823%; std=23.7577
 -- Sample 15: mean=52.6974%; std=24.2868
 -- Sample 16: mean=48.3830%; std=35.6764
 -- Sample 17: mean=48.9507%; std=34.6960
 -- Sample 18: mean=48.9277%; std=35.9440
 -- Sample 19: mean=48.1139%; std=35.3105
 -- Sample 20: mean=50.6585%; std=29.7823
 -- Sample 21: mean=54.7059%; std=32.2150
 -- Sample 22: mean=52.2471%; std=31.0538
 -- Sample 23: mean=52.7607%; std=29.5088
 -- Sample 24: mean=55.5944%; std=33.1880
 -- Sample 25: mean=54.5400%; std=28.6976
 -- Sample 26: mean=50.5097%; std=30.9769
 -- Sample 27: mean=53.0235%; std=29.1178
 -- Sample 28: mean=57.7566%; std=34.7185
 -- Sample 29: mean=53.2861%; std=36.6362
 -- Sample 30: mean=55.4300%; std=35.5671
 -- Sample 31: mean=53.4084%; std=29.0753
 -- Sample 32: mean=101.5186%; std=99.3462
 -- Sample 33: mean=102.2957%; std=117.7374
 -- Sample 34: mean=88.4173%; std=97.4357
 -- Sample 35: mean=101.4483%; std=111.1836
 -- Sample 36: mean=38.8274%; std=24.9526
 -- Sample 37: mean=38.9649%; std=28.2145
 -- Sample 38: mean=36.2611%; std=25.3181
 -- Sample 39: mean=38.5755%; std=23.6175
 -- Sample 40: mean=66.6187%; std=24.4806
 -- Sample 41: mean=60.2028%; std=25.8133
 -- Sample 42: mean=62.5675%; std=25.0175
 -- Sample 43: mean=63.6028%; std=26.7144
 -- Sample 44: mean=66.8239%; std=18.8336
 -- Sample 45: mean=65.0101%; std=19.4315
 -- Sample 46: mean=66.2001%; std=19.3786
 -- Sample 47: mean=69.0902%; std=21.1338
 -- Sample 48: mean=37.0394%; std=19.1206
 -- Sample 49: mean=38.9350%; std=22.9747
Mean: 56.8770%, Std: 15.3320%
------------------------------------------------------------------
Correlation comparison:
 -- Sample 0: 0.8764
 -- Sample 1: 0.8590
 -- Sample 2: 0.8495
 -- Sample 3: 0.8835
 -- Sample 4: 0.5622
 -- Sample 5: 0.6233
 -- Sample 6: 0.6083
 -- Sample 7: 0.5840
 -- Sample 8: 0.8331
 -- Sample 9: 0.7898
 -- Sample 10: 0.8092
 -- Sample 11: 0.8295
 -- Sample 12: 0.7919
 -- Sample 13: 0.7846
 -- Sample 14: 0.8084
 -- Sample 15: 0.8069
 -- Sample 16: 0.7267
 -- Sample 17: 0.7473
 -- Sample 18: 0.7491
 -- Sample 19: 0.7345
 -- Sample 20: 0.7501
 -- Sample 21: 0.7465
 -- Sample 22: 0.7582
 -- Sample 23: 0.7405
 -- Sample 24: 0.7210
 -- Sample 25: 0.7497
 -- Sample 26: 0.7553
 -- Sample 27: 0.7523
 -- Sample 28: 0.5376
 -- Sample 29: 0.5517
 -- Sample 30: 0.5640
 -- Sample 31: 0.6564
 -- Sample 32: 0.5782
 -- Sample 33: 0.5558
 -- Sample 34: 0.5218
 -- Sample 35: 0.5276
 -- Sample 36: 0.8975
 -- Sample 37: 0.8797
 -- Sample 38: 0.8920
 -- Sample 39: 0.8955
 -- Sample 40: 0.7005
 -- Sample 41: 0.7530
 -- Sample 42: 0.7720
 -- Sample 43: 0.7412
 -- Sample 44: 0.6711
 -- Sample 45: 0.6499
 -- Sample 46: 0.6452
 -- Sample 47: 0.5711
 -- Sample 48: 0.9159
 -- Sample 49: 0.8927
Mean=0.7320, Std=0.1144
------------------------------------------------------------------
    Evaluating Javier Santos (D2 N4)
Bias Error: using Single Component
Mean: 65.3458, Std: 15.7469
------------------------------------------------------------------
Magnitude Error: 
 -- Sample 0: mean=84.2311%; std=7.9598
 -- Sample 1: mean=84.2598%; std=8.1917
 -- Sample 2: mean=84.8067%; std=8.3718
 -- Sample 3: mean=84.6499%; std=7.4951
 -- Sample 4: mean=82.2748%; std=11.3008
 -- Sample 5: mean=81.8363%; std=11.4987
 -- Sample 6: mean=81.7673%; std=11.9023
 -- Sample 7: mean=82.0706%; std=11.7929
 -- Sample 8: mean=77.0886%; std=15.5139
 -- Sample 9: mean=77.1943%; std=15.4307
 -- Sample 10: mean=77.3519%; std=14.8720
 -- Sample 11: mean=77.7467%; std=14.9711
 -- Sample 12: mean=83.2585%; std=9.6862
 -- Sample 13: mean=83.5828%; std=9.4231
 -- Sample 14: mean=83.2114%; std=9.0708
 -- Sample 15: mean=83.5645%; std=9.0904
 -- Sample 16: mean=77.7266%; std=14.5268
 -- Sample 17: mean=76.9456%; std=14.7459
 -- Sample 18: mean=77.4655%; std=14.4543
 -- Sample 19: mean=77.2903%; std=14.7501
 -- Sample 20: mean=71.6108%; std=20.8408
 -- Sample 21: mean=71.8509%; std=20.4065
 -- Sample 22: mean=72.5407%; std=19.8210
 -- Sample 23: mean=72.1355%; std=20.2526
 -- Sample 24: mean=71.2527%; std=19.1581
 -- Sample 25: mean=70.9857%; std=19.6799
 -- Sample 26: mean=71.0027%; std=19.5296
 -- Sample 27: mean=71.0819%; std=19.1862
 -- Sample 28: mean=78.5945%; std=15.8218
 -- Sample 29: mean=78.3497%; std=16.1133
 -- Sample 30: mean=78.6862%; std=15.7994
 -- Sample 31: mean=78.6891%; std=15.5218
 -- Sample 32: mean=51.0177%; std=25.9892
 -- Sample 33: mean=51.4431%; std=26.9492
 -- Sample 34: mean=51.4021%; std=26.4420
 -- Sample 35: mean=51.8296%; std=27.0054
 -- Sample 36: mean=84.3199%; std=9.6860
 -- Sample 37: mean=84.2742%; std=9.7449
 -- Sample 38: mean=83.9798%; std=10.0212
 -- Sample 39: mean=84.1920%; std=9.5901
 -- Sample 40: mean=69.7711%; std=22.0308
 -- Sample 41: mean=69.5058%; std=22.2603
 -- Sample 42: mean=69.7261%; std=21.8959
 -- Sample 43: mean=70.2777%; std=21.6769
 -- Sample 44: mean=85.9365%; std=10.5797
 -- Sample 45: mean=86.5580%; std=10.4329
 -- Sample 46: mean=86.6549%; std=10.2377
 -- Sample 47: mean=86.2995%; std=10.3080
 -- Sample 48: mean=85.5547%; std=9.4104
 -- Sample 49: mean=84.8502%; std=9.3517
Mean: 76.8539%, Std: 9.2243%
------------------------------------------------------------------
Correlation comparison:
 -- Sample 0: 0.4585
 -- Sample 1: 0.4542
 -- Sample 2: 0.4342
 -- Sample 3: 0.4568
 -- Sample 4: 0.2804
 -- Sample 5: 0.2982
 -- Sample 6: 0.2875
 -- Sample 7: 0.2911
 -- Sample 8: 0.3113
 -- Sample 9: 0.3218
 -- Sample 10: 0.3283
 -- Sample 11: 0.3170
 -- Sample 12: 0.5027
 -- Sample 13: 0.5157
 -- Sample 14: 0.5622
 -- Sample 15: 0.5417
 -- Sample 16: 0.4024
 -- Sample 17: 0.4038
 -- Sample 18: 0.4177
 -- Sample 19: 0.4113
 -- Sample 20: 0.2956
 -- Sample 21: 0.2982
 -- Sample 22: 0.3272
 -- Sample 23: 0.2914
 -- Sample 24: 0.4395
 -- Sample 25: 0.4206
 -- Sample 26: 0.4235
 -- Sample 27: 0.4150
 -- Sample 28: 0.2491
 -- Sample 29: 0.2606
 -- Sample 30: 0.2612
 -- Sample 31: 0.2651
 -- Sample 32: 0.1993
 -- Sample 33: 0.1878
 -- Sample 34: 0.2163
 -- Sample 35: 0.2072
 -- Sample 36: 0.3416
 -- Sample 37: 0.3578
 -- Sample 38: 0.3457
 -- Sample 39: 0.3422
 -- Sample 40: 0.2378
 -- Sample 41: 0.2516
 -- Sample 42: 0.2555
 -- Sample 43: 0.2512
 -- Sample 44: 0.3066
 -- Sample 45: 0.2751
 -- Sample 46: 0.2691
 -- Sample 47: 0.2992
 -- Sample 48: 0.4083
 -- Sample 49: 0.4334
Mean=0.3426, Std=0.0921
------------------------------------------------------------------
    Evaluating Javier Santos (D3 N4)
Bias Error: using Single Component
Mean: 94.0557, Std: 3.5719
------------------------------------------------------------------
Magnitude Error: 
 -- Sample 0: mean=94.4882%; std=4.2217
 -- Sample 1: mean=94.8571%; std=3.8375
 -- Sample 2: mean=94.6030%; std=3.8090
 -- Sample 3: mean=94.6366%; std=4.0023
 -- Sample 4: mean=94.7460%; std=4.8055
 -- Sample 5: mean=95.4118%; std=4.3165
 -- Sample 6: mean=95.4868%; std=4.4888
 -- Sample 7: mean=95.1502%; std=4.8974
 -- Sample 8: mean=94.7015%; std=5.4227
 -- Sample 9: mean=94.7233%; std=5.3816
 -- Sample 10: mean=94.4650%; std=5.6053
 -- Sample 11: mean=95.1349%; std=5.0483
 -- Sample 12: mean=95.7300%; std=4.4619
 -- Sample 13: mean=95.8007%; std=4.4090
 -- Sample 14: mean=95.7383%; std=4.3348
 -- Sample 15: mean=95.9590%; std=4.2712
 -- Sample 16: mean=94.5936%; std=5.0214
 -- Sample 17: mean=94.7114%; std=5.0272
 -- Sample 18: mean=94.8070%; std=4.9213
 -- Sample 19: mean=94.5360%; std=5.2252
 -- Sample 20: mean=92.9379%; std=6.7633
 -- Sample 21: mean=93.0234%; std=6.9728
 -- Sample 22: mean=92.9026%; std=7.4928
 -- Sample 23: mean=93.6452%; std=6.6968
 -- Sample 24: mean=92.9691%; std=6.5278
 -- Sample 25: mean=93.0533%; std=6.7013
 -- Sample 26: mean=93.7848%; std=5.5728
 -- Sample 27: mean=93.8713%; std=5.4210
 -- Sample 28: mean=94.7139%; std=5.4339
 -- Sample 29: mean=94.7823%; std=5.4405
 -- Sample 30: mean=94.1825%; std=6.1964
 -- Sample 31: mean=94.4363%; std=5.9241
 -- Sample 32: mean=85.2095%; std=14.6758
 -- Sample 33: mean=84.9949%; std=14.0552
 -- Sample 34: mean=84.1118%; std=14.5136
 -- Sample 35: mean=83.5796%; std=15.3615
 -- Sample 36: mean=95.6249%; std=3.9478
 -- Sample 37: mean=95.3672%; std=4.1893
 -- Sample 38: mean=95.4966%; std=3.9593
 -- Sample 39: mean=95.6545%; std=3.8499
 -- Sample 40: mean=92.5489%; std=7.6813
 -- Sample 41: mean=92.5789%; std=8.2423
 -- Sample 42: mean=92.4964%; std=8.1105
 -- Sample 43: mean=92.6484%; std=7.9545
 -- Sample 44: mean=95.6964%; std=4.7798
 -- Sample 45: mean=96.2372%; std=4.2969
 -- Sample 46: mean=95.9450%; std=4.3171
 -- Sample 47: mean=95.6673%; std=4.3745
 -- Sample 48: mean=95.6342%; std=3.6537
 -- Sample 49: mean=95.7324%; std=3.6772
Mean: 93.7961%, Std: 2.9410%
------------------------------------------------------------------
Correlation comparison:
 -- Sample 0: 0.2919
 -- Sample 1: 0.3060
 -- Sample 2: 0.3205
 -- Sample 3: 0.3370
 -- Sample 4: 0.1736
 -- Sample 5: 0.1655
 -- Sample 6: 0.0288
 -- Sample 7: 0.1120
 -- Sample 8: 0.0875
 -- Sample 9: 0.1069
 -- Sample 10: 0.1074
 -- Sample 11: 0.0898
 -- Sample 12: 0.1769
 -- Sample 13: 0.1915
 -- Sample 14: 0.2359
 -- Sample 15: 0.2141
 -- Sample 16: 0.1503
 -- Sample 17: 0.1397
 -- Sample 18: 0.1132
 -- Sample 19: 0.1519
 -- Sample 20: 0.1678
 -- Sample 21: 0.1765
 -- Sample 22: 0.1212
 -- Sample 23: 0.1742
 -- Sample 24: 0.2133
 -- Sample 25: 0.2050
 -- Sample 26: 0.1666
 -- Sample 27: 0.1743
 -- Sample 28: 0.0589
 -- Sample 29: 0.0299
 -- Sample 30: 0.0314
 -- Sample 31: -0.0278
 -- Sample 32: 0.0550
 -- Sample 33: 0.0577
 -- Sample 34: 0.1040
 -- Sample 35: 0.1099
 -- Sample 36: 0.1360
 -- Sample 37: 0.1734
 -- Sample 38: 0.1832
 -- Sample 39: 0.1481
 -- Sample 40: 0.1153
 -- Sample 41: 0.0888
 -- Sample 42: 0.0767
 -- Sample 43: 0.0872
 -- Sample 44: 0.1366
 -- Sample 45: 0.1353
 -- Sample 46: 0.1719
 -- Sample 47: 0.1755
 -- Sample 48: 0.3044
 -- Sample 49: 0.2547
Mean=0.1501, Std=0.0780
------------------------------------------------------------------
    Evaluating Ko et al (D0 N4)
Bias Error: using Single Component
Mean: 81.7393, Std: 83.0596
------------------------------------------------------------------
Magnitude Error: 
 -- Sample 0: mean=141.1687%; std=92.3498
 -- Sample 1: mean=126.9727%; std=88.8894
 -- Sample 2: mean=145.4350%; std=92.2348
 -- Sample 3: mean=134.7650%; std=94.0953
 -- Sample 4: mean=48.3644%; std=35.1237
 -- Sample 5: mean=54.2128%; std=45.3513
 -- Sample 6: mean=48.8797%; std=36.1568
 -- Sample 7: mean=51.7558%; std=34.1841
 -- Sample 8: mean=83.1161%; std=98.1699
 -- Sample 9: mean=75.7890%; std=92.7850
 -- Sample 10: mean=74.8865%; std=91.8356
 -- Sample 11: mean=76.1039%; std=93.4576
 -- Sample 12: mean=94.4089%; std=78.6975
 -- Sample 13: mean=90.9319%; std=72.0292
 -- Sample 14: mean=92.5852%; std=71.5382
 -- Sample 15: mean=85.4609%; std=71.4315
 -- Sample 16: mean=58.8156%; std=48.0674
 -- Sample 17: mean=59.5998%; std=46.2440
 -- Sample 18: mean=62.1512%; std=50.5904
 -- Sample 19: mean=58.3199%; std=44.6872
 -- Sample 20: mean=69.1184%; std=79.6510
 -- Sample 21: mean=74.0831%; std=104.0920
 -- Sample 22: mean=72.2292%; std=83.1833
 -- Sample 23: mean=79.3839%; std=109.2172
 -- Sample 24: mean=152.7905%; std=223.7127
 -- Sample 25: mean=170.9554%; std=265.6719
 -- Sample 26: mean=153.3049%; std=223.2130
 -- Sample 27: mean=155.2481%; std=226.9073
 -- Sample 28: mean=115.6136%; std=111.9653
 -- Sample 29: mean=109.5251%; std=109.1288
 -- Sample 30: mean=119.1567%; std=124.3794
 -- Sample 31: mean=119.9294%; std=126.4048
 -- Sample 32: mean=404.7486%; std=359.6148
 -- Sample 33: mean=398.7300%; std=376.0374
 -- Sample 34: mean=420.1837%; std=377.5811
 -- Sample 35: mean=432.4637%; std=404.2912
 -- Sample 36: mean=79.5462%; std=52.5923
 -- Sample 37: mean=68.8264%; std=49.2785
 -- Sample 38: mean=71.9390%; std=47.9574
 -- Sample 39: mean=74.8390%; std=50.9743
 -- Sample 40: mean=99.6333%; std=153.7502
 -- Sample 41: mean=85.2981%; std=113.8268
 -- Sample 42: mean=91.1093%; std=132.2360
 -- Sample 43: mean=91.4247%; std=138.6148
 -- Sample 44: mean=35.6836%; std=21.9891
 -- Sample 45: mean=37.4330%; std=23.3700
 -- Sample 46: mean=35.3445%; std=20.6087
 -- Sample 47: mean=34.1917%; std=22.5723
 -- Sample 48: mean=104.8405%; std=66.6733
 -- Sample 49: mean=111.5523%; std=83.3940
Mean: 114.6570%, Std: 94.4779%
------------------------------------------------------------------
Correlation comparison:
 -- Sample 0: 0.6808
 -- Sample 1: 0.6750
 -- Sample 2: 0.6863
 -- Sample 3: 0.6623
 -- Sample 4: 0.5497
 -- Sample 5: 0.5405
 -- Sample 6: 0.5597
 -- Sample 7: 0.5179
 -- Sample 8: 0.5369
 -- Sample 9: 0.6004
 -- Sample 10: 0.5851
 -- Sample 11: 0.5744
 -- Sample 12: 0.7619
 -- Sample 13: 0.7712
 -- Sample 14: 0.7775
 -- Sample 15: 0.7842
 -- Sample 16: 0.8440
 -- Sample 17: 0.8133
 -- Sample 18: 0.8235
 -- Sample 19: 0.8397
 -- Sample 20: 0.6692
 -- Sample 21: 0.6495
 -- Sample 22: 0.6522
 -- Sample 23: 0.6029
 -- Sample 24: 0.4773
 -- Sample 25: 0.4411
 -- Sample 26: 0.4853
 -- Sample 27: 0.4991
 -- Sample 28: 0.5049
 -- Sample 29: 0.5479
 -- Sample 30: 0.5104
 -- Sample 31: 0.4974
 -- Sample 32: 0.3864
 -- Sample 33: 0.3602
 -- Sample 34: 0.3674
 -- Sample 35: 0.3664
 -- Sample 36: 0.6678
 -- Sample 37: 0.6712
 -- Sample 38: 0.6592
 -- Sample 39: 0.6622
 -- Sample 40: 0.5738
 -- Sample 41: 0.6122
 -- Sample 42: 0.5934
 -- Sample 43: 0.5978
 -- Sample 44: 0.4380
 -- Sample 45: 0.4392
 -- Sample 46: 0.4523
 -- Sample 47: 0.4554
 -- Sample 48: 0.8051
 -- Sample 49: 0.7760
Mean=0.6001, Std=0.1325
------------------------------------------------------------------
    Evaluating Ko et al (D1 N4)
Bias Error: using Single Component
Mean: 48.5063, Std: 21.4710
------------------------------------------------------------------
Magnitude Error: 
 -- Sample 0: mean=42.1458%; std=22.9379
 -- Sample 1: mean=45.6720%; std=25.4084
 -- Sample 2: mean=50.5588%; std=29.1698
 -- Sample 3: mean=53.6831%; std=30.3388
 -- Sample 4: mean=78.7465%; std=17.2469
 -- Sample 5: mean=74.2708%; std=23.5707
 -- Sample 6: mean=72.8618%; std=17.0087
 -- Sample 7: mean=79.4851%; std=22.0301
 -- Sample 8: mean=66.3565%; std=21.4629
 -- Sample 9: mean=70.0975%; std=19.9456
 -- Sample 10: mean=69.7347%; std=23.5160
 -- Sample 11: mean=65.1744%; std=20.1982
 -- Sample 12: mean=36.0040%; std=22.5183
 -- Sample 13: mean=41.6951%; std=28.2547
 -- Sample 14: mean=38.3264%; std=24.0313
 -- Sample 15: mean=36.4217%; std=20.6142
 -- Sample 16: mean=54.7266%; std=18.1555
 -- Sample 17: mean=60.2614%; std=18.8959
 -- Sample 18: mean=55.3118%; std=19.5623
 -- Sample 19: mean=54.8587%; std=21.4246
 -- Sample 20: mean=49.0179%; std=32.2819
 -- Sample 21: mean=54.2892%; std=29.8399
 -- Sample 22: mean=50.4730%; std=29.9974
 -- Sample 23: mean=51.4671%; std=31.9835
 -- Sample 24: mean=69.0202%; std=19.4784
 -- Sample 25: mean=61.0297%; std=18.1071
 -- Sample 26: mean=62.1588%; std=20.3928
 -- Sample 27: mean=62.3769%; std=20.3652
 -- Sample 28: mean=71.2672%; std=26.8094
 -- Sample 29: mean=76.2612%; std=20.7577
 -- Sample 30: mean=75.7090%; std=23.5383
 -- Sample 31: mean=75.1984%; std=23.6155
 -- Sample 32: mean=129.0052%; std=98.4658
 -- Sample 33: mean=110.9992%; std=68.8731
 -- Sample 34: mean=139.2001%; std=118.0419
 -- Sample 35: mean=134.4650%; std=96.0910
 -- Sample 36: mean=58.5532%; std=29.0955
 -- Sample 37: mean=58.5474%; std=26.5933
 -- Sample 38: mean=62.1853%; std=29.6048
 -- Sample 39: mean=60.5537%; std=25.8792
 -- Sample 40: mean=71.8978%; std=22.0186
 -- Sample 41: mean=70.8589%; std=22.1697
 -- Sample 42: mean=74.7706%; std=18.0075
 -- Sample 43: mean=72.9038%; std=18.5196
 -- Sample 44: mean=77.4197%; std=14.8276
 -- Sample 45: mean=73.4283%; std=16.0123
 -- Sample 46: mean=70.5230%; std=15.4771
 -- Sample 47: mean=75.5349%; std=15.9761
 -- Sample 48: mean=51.6642%; std=50.0321
 -- Sample 49: mean=55.7186%; std=44.5145
Mean: 67.0578%, Std: 21.7143%
------------------------------------------------------------------
Correlation comparison:
 -- Sample 0: 0.7879
 -- Sample 1: 0.7598
 -- Sample 2: 0.7483
 -- Sample 3: 0.7425
 -- Sample 4: 0.7309
 -- Sample 5: 0.6653
 -- Sample 6: 0.7880
 -- Sample 7: 0.4851
 -- Sample 8: 0.7851
 -- Sample 9: 0.7416
 -- Sample 10: 0.6959
 -- Sample 11: 0.7728
 -- Sample 12: 0.8970
 -- Sample 13: 0.8308
 -- Sample 14: 0.8828
 -- Sample 15: 0.8830
 -- Sample 16: 0.8971
 -- Sample 17: 0.8739
 -- Sample 18: 0.8824
 -- Sample 19: 0.8636
 -- Sample 20: 0.7087
 -- Sample 21: 0.7304
 -- Sample 22: 0.7334
 -- Sample 23: 0.7133
 -- Sample 24: 0.7173
 -- Sample 25: 0.8711
 -- Sample 26: 0.8399
 -- Sample 27: 0.7957
 -- Sample 28: 0.6359
 -- Sample 29: 0.7155
 -- Sample 30: 0.7518
 -- Sample 31: 0.6493
 -- Sample 32: 0.3958
 -- Sample 33: 0.3971
 -- Sample 34: 0.3491
 -- Sample 35: 0.3549
 -- Sample 36: 0.6087
 -- Sample 37: 0.6154
 -- Sample 38: 0.5728
 -- Sample 39: 0.6041
 -- Sample 40: 0.7266
 -- Sample 41: 0.7867
 -- Sample 42: 0.7546
 -- Sample 43: 0.7333
 -- Sample 44: 0.7398
 -- Sample 45: 0.7866
 -- Sample 46: 0.8008
 -- Sample 47: 0.7747
 -- Sample 48: 0.8468
 -- Sample 49: 0.8490
Mean=0.7255, Std=0.1359
------------------------------------------------------------------
    Evaluating Ko et al (D2 N4)
Bias Error: using Single Component
Mean: 36.1712, Std: 27.7467
------------------------------------------------------------------
Magnitude Error: 
 -- Sample 0: mean=76.5390%; std=52.4776
 -- Sample 1: mean=73.7408%; std=53.1087
 -- Sample 2: mean=78.4934%; std=57.2471
 -- Sample 3: mean=81.9008%; std=62.0572
 -- Sample 4: mean=43.5824%; std=22.1095
 -- Sample 5: mean=51.0074%; std=19.7011
 -- Sample 6: mean=39.8261%; std=22.0865
 -- Sample 7: mean=46.4507%; std=24.3541
 -- Sample 8: mean=31.4289%; std=20.5797
 -- Sample 9: mean=30.8285%; std=20.5559
 -- Sample 10: mean=34.5735%; std=18.0357
 -- Sample 11: mean=34.5460%; std=19.5305
 -- Sample 12: mean=21.3798%; std=16.5775
 -- Sample 13: mean=19.7140%; std=15.6295
 -- Sample 14: mean=22.1570%; std=18.1775
 -- Sample 15: mean=20.3976%; std=16.4276
 -- Sample 16: mean=33.9068%; std=20.5789
 -- Sample 17: mean=32.0385%; std=17.6105
 -- Sample 18: mean=25.8825%; std=16.7726
 -- Sample 19: mean=28.9830%; std=19.7403
 -- Sample 20: mean=73.0064%; std=49.4905
 -- Sample 21: mean=70.0303%; std=50.0982
 -- Sample 22: mean=75.9612%; std=48.5797
 -- Sample 23: mean=70.2098%; std=43.9283
 -- Sample 24: mean=24.6446%; std=20.0859
 -- Sample 25: mean=29.6045%; std=20.2726
 -- Sample 26: mean=25.9767%; std=18.9143
 -- Sample 27: mean=22.6178%; std=18.9484
 -- Sample 28: mean=65.6803%; std=35.0533
 -- Sample 29: mean=57.5826%; std=26.2535
 -- Sample 30: mean=51.2606%; std=27.9586
 -- Sample 31: mean=53.6762%; std=29.2180
 -- Sample 32: mean=215.6901%; std=233.0347
 -- Sample 33: mean=197.7261%; std=240.3480
 -- Sample 34: mean=191.9884%; std=228.5656
 -- Sample 35: mean=180.6687%; std=190.6175
 -- Sample 36: mean=62.0438%; std=50.8240
 -- Sample 37: mean=58.4659%; std=50.5270
 -- Sample 38: mean=56.1621%; std=45.6181
 -- Sample 39: mean=70.9514%; std=52.3751
 -- Sample 40: mean=54.3085%; std=25.9386
 -- Sample 41: mean=49.9975%; std=32.7362
 -- Sample 42: mean=52.1237%; std=33.0944
 -- Sample 43: mean=45.0804%; std=26.0833
 -- Sample 44: mean=44.8155%; std=16.8563
 -- Sample 45: mean=43.3952%; std=14.4501
 -- Sample 46: mean=44.7115%; std=15.9191
 -- Sample 47: mean=49.3892%; std=15.1510
 -- Sample 48: mean=77.2442%; std=71.5446
 -- Sample 49: mean=77.7300%; std=71.3645
Mean: 60.4024%, Std: 44.1830%
------------------------------------------------------------------
Correlation comparison:
 -- Sample 0: 0.8956
 -- Sample 1: 0.8999
 -- Sample 2: 0.8808
 -- Sample 3: 0.8579
 -- Sample 4: 0.9099
 -- Sample 5: 0.9137
 -- Sample 6: 0.9073
 -- Sample 7: 0.8871
 -- Sample 8: 0.9497
 -- Sample 9: 0.9666
 -- Sample 10: 0.9721
 -- Sample 11: 0.9461
 -- Sample 12: 0.9542
 -- Sample 13: 0.9639
 -- Sample 14: 0.9520
 -- Sample 15: 0.9652
 -- Sample 16: 0.9015
 -- Sample 17: 0.9170
 -- Sample 18: 0.9343
 -- Sample 19: 0.9068
 -- Sample 20: 0.7861
 -- Sample 21: 0.7807
 -- Sample 22: 0.7842
 -- Sample 23: 0.7956
 -- Sample 24: 0.9401
 -- Sample 25: 0.9159
 -- Sample 26: 0.9337
 -- Sample 27: 0.9469
 -- Sample 28: 0.7051
 -- Sample 29: 0.7537
 -- Sample 30: 0.7995
 -- Sample 31: 0.8018
 -- Sample 32: 0.4071
 -- Sample 33: 0.4387
 -- Sample 34: 0.4597
 -- Sample 35: 0.4844
 -- Sample 36: 0.7531
 -- Sample 37: 0.7761
 -- Sample 38: 0.8090
 -- Sample 39: 0.7423
 -- Sample 40: 0.8691
 -- Sample 41: 0.8958
 -- Sample 42: 0.8529
 -- Sample 43: 0.9242
 -- Sample 44: 0.9573
 -- Sample 45: 0.9581
 -- Sample 46: 0.9670
 -- Sample 47: 0.9610
 -- Sample 48: 0.8529
 -- Sample 49: 0.8649
Mean=0.8480, Std=0.1377
------------------------------------------------------------------
    Evaluating Ko et al (D3 N4)
Bias Error: using Single Component
Mean: 26.3138, Std: 25.2271
------------------------------------------------------------------
Magnitude Error: 
 -- Sample 0: mean=66.2208%; std=47.1249
 -- Sample 1: mean=66.4676%; std=50.8515
 -- Sample 2: mean=71.6121%; std=50.8799
 -- Sample 3: mean=81.0285%; std=55.3190
 -- Sample 4: mean=31.7326%; std=27.4571
 -- Sample 5: mean=35.1760%; std=29.0397
 -- Sample 6: mean=33.6340%; std=30.2420
 -- Sample 7: mean=38.7797%; std=29.7978
 -- Sample 8: mean=24.3676%; std=17.3661
 -- Sample 9: mean=27.2828%; std=18.6185
 -- Sample 10: mean=28.1316%; std=18.3180
 -- Sample 11: mean=28.6862%; std=17.5903
 -- Sample 12: mean=22.3535%; std=14.7447
 -- Sample 13: mean=26.1963%; std=19.2534
 -- Sample 14: mean=23.0870%; std=17.8493
 -- Sample 15: mean=23.2653%; std=16.1950
 -- Sample 16: mean=29.7316%; std=19.4366
 -- Sample 17: mean=31.1530%; std=18.0654
 -- Sample 18: mean=29.8921%; std=18.0142
 -- Sample 19: mean=28.9783%; std=18.7704
 -- Sample 20: mean=55.5038%; std=32.1554
 -- Sample 21: mean=52.0120%; std=31.6935
 -- Sample 22: mean=60.5553%; std=36.5183
 -- Sample 23: mean=54.6509%; std=31.2365
 -- Sample 24: mean=31.6946%; std=22.0610
 -- Sample 25: mean=34.5925%; std=23.1034
 -- Sample 26: mean=31.1631%; std=22.9420
 -- Sample 27: mean=28.9474%; std=21.1572
 -- Sample 28: mean=60.5604%; std=31.7541
 -- Sample 29: mean=55.0342%; std=33.7461
 -- Sample 30: mean=63.2350%; std=36.6096
 -- Sample 31: mean=64.9152%; std=38.2330
 -- Sample 32: mean=175.1223%; std=193.1515
 -- Sample 33: mean=171.5550%; std=182.5778
 -- Sample 34: mean=155.1529%; std=200.4842
 -- Sample 35: mean=176.9792%; std=216.6485
 -- Sample 36: mean=51.1554%; std=31.4702
 -- Sample 37: mean=52.3728%; std=32.0632
 -- Sample 38: mean=49.1230%; std=33.3512
 -- Sample 39: mean=50.2965%; std=30.7590
 -- Sample 40: mean=42.3295%; std=17.8218
 -- Sample 41: mean=39.3618%; std=20.1689
 -- Sample 42: mean=40.8242%; std=21.4767
 -- Sample 43: mean=43.2680%; std=20.0477
 -- Sample 44: mean=39.3364%; std=16.6629
 -- Sample 45: mean=36.2170%; std=18.4711
 -- Sample 46: mean=33.0793%; std=21.5847
 -- Sample 47: mean=31.9253%; std=18.9879
 -- Sample 48: mean=52.4192%; std=56.7706
 -- Sample 49: mean=44.9019%; std=56.0281
Mean: 52.5212%, Std: 37.4229%
------------------------------------------------------------------
Correlation comparison:
 -- Sample 0: 0.8840
 -- Sample 1: 0.8850
 -- Sample 2: 0.8945
 -- Sample 3: 0.8699
 -- Sample 4: 0.9099
 -- Sample 5: 0.9050
 -- Sample 6: 0.9059
 -- Sample 7: 0.8753
 -- Sample 8: 0.9738
 -- Sample 9: 0.9637
 -- Sample 10: 0.9572
 -- Sample 11: 0.9651
 -- Sample 12: 0.9480
 -- Sample 13: 0.9032
 -- Sample 14: 0.9294
 -- Sample 15: 0.9444
 -- Sample 16: 0.9114
 -- Sample 17: 0.9167
 -- Sample 18: 0.9095
 -- Sample 19: 0.9252
 -- Sample 20: 0.8240
 -- Sample 21: 0.8158
 -- Sample 22: 0.8099
 -- Sample 23: 0.8126
 -- Sample 24: 0.9124
 -- Sample 25: 0.9049
 -- Sample 26: 0.9196
 -- Sample 27: 0.9201
 -- Sample 28: 0.7741
 -- Sample 29: 0.8175
 -- Sample 30: 0.7583
 -- Sample 31: 0.7412
 -- Sample 32: 0.4371
 -- Sample 33: 0.4422
 -- Sample 34: 0.4498
 -- Sample 35: 0.4026
 -- Sample 36: 0.8100
 -- Sample 37: 0.8011
 -- Sample 38: 0.8154
 -- Sample 39: 0.8275
 -- Sample 40: 0.9501
 -- Sample 41: 0.9415
 -- Sample 42: 0.9465
 -- Sample 43: 0.9516
 -- Sample 44: 0.9313
 -- Sample 45: 0.9223
 -- Sample 46: 0.9125
 -- Sample 47: 0.9345
 -- Sample 48: 0.8817
 -- Sample 49: 0.8867
Mean=0.8526, Std=0.1362
------------------------------------------------------------------
    Evaluating Ko et al (D3 N0)
Bias Error: using Single Component
Mean: 30.6007, Std: 30.2778
------------------------------------------------------------------
Magnitude Error: 
 -- Sample 0: mean=63.2603%; std=38.2314
 -- Sample 1: mean=69.2507%; std=47.2808
 -- Sample 2: mean=52.9890%; std=36.1412
 -- Sample 3: mean=48.7912%; std=30.7983
 -- Sample 4: mean=44.4490%; std=22.0645
 -- Sample 5: mean=35.8118%; std=22.3044
 -- Sample 6: mean=36.2083%; std=36.9950
 -- Sample 7: mean=34.7150%; std=25.9699
 -- Sample 8: mean=35.4144%; std=21.2153
 -- Sample 9: mean=42.1095%; std=25.4157
 -- Sample 10: mean=43.3236%; std=25.5095
 -- Sample 11: mean=43.9419%; std=26.9632
 -- Sample 12: mean=24.1411%; std=20.2992
 -- Sample 13: mean=27.5471%; std=20.4954
 -- Sample 14: mean=31.3401%; std=21.5746
 -- Sample 15: mean=33.1739%; std=23.5668
 -- Sample 16: mean=42.1646%; std=23.4566
 -- Sample 17: mean=43.1450%; std=29.0540
 -- Sample 18: mean=39.7106%; std=29.8920
 -- Sample 19: mean=44.0515%; std=21.7899
 -- Sample 20: mean=53.0620%; std=34.8086
 -- Sample 21: mean=44.7203%; std=30.0340
 -- Sample 22: mean=58.7595%; std=38.8172
 -- Sample 23: mean=58.6712%; std=44.8804
 -- Sample 24: mean=35.3417%; std=26.1192
 -- Sample 25: mean=44.0252%; std=25.5885
 -- Sample 26: mean=39.8965%; std=24.2303
 -- Sample 27: mean=38.4600%; std=24.8659
 -- Sample 28: mean=51.6700%; std=29.2996
 -- Sample 29: mean=57.2047%; std=35.5436
 -- Sample 30: mean=55.5820%; std=35.8006
 -- Sample 31: mean=60.3533%; std=29.1139
 -- Sample 32: mean=172.4738%; std=208.6955
 -- Sample 33: mean=210.8995%; std=243.1018
 -- Sample 34: mean=202.6397%; std=207.6761
 -- Sample 35: mean=199.3089%; std=233.3021
 -- Sample 36: mean=43.4788%; std=24.6106
 -- Sample 37: mean=44.5324%; std=25.4326
 -- Sample 38: mean=45.6744%; std=30.5147
 -- Sample 39: mean=44.0406%; std=27.5891
 -- Sample 40: mean=42.9900%; std=25.6403
 -- Sample 41: mean=55.6567%; std=27.1015
 -- Sample 42: mean=48.6547%; std=26.6495
 -- Sample 43: mean=61.3697%; std=22.6508
 -- Sample 44: mean=58.1958%; std=14.5687
 -- Sample 45: mean=57.0845%; std=15.7170
 -- Sample 46: mean=38.9188%; std=21.1025
 -- Sample 47: mean=44.4898%; std=15.2462
 -- Sample 48: mean=66.1735%; std=52.7017
 -- Sample 49: mean=63.1354%; std=55.1115
Mean: 58.6600%, Std: 42.0155%
------------------------------------------------------------------
Correlation comparison:
 -- Sample 0: 0.7775
 -- Sample 1: 0.8070
 -- Sample 2: 0.7876
 -- Sample 3: 0.8614
 -- Sample 4: 0.8691
 -- Sample 5: 0.9103
 -- Sample 6: 0.8517
 -- Sample 7: 0.8947
 -- Sample 8: 0.9184
 -- Sample 9: 0.9030
 -- Sample 10: 0.9076
 -- Sample 11: 0.8469
 -- Sample 12: 0.9373
 -- Sample 13: 0.9231
 -- Sample 14: 0.8848
 -- Sample 15: 0.8660
 -- Sample 16: 0.8839
 -- Sample 17: 0.8380
 -- Sample 18: 0.8181
 -- Sample 19: 0.8715
 -- Sample 20: 0.7821
 -- Sample 21: 0.7914
 -- Sample 22: 0.7270
 -- Sample 23: 0.7592
 -- Sample 24: 0.8605
 -- Sample 25: 0.8154
 -- Sample 26: 0.8309
 -- Sample 27: 0.8723
 -- Sample 28: 0.7392
 -- Sample 29: 0.7267
 -- Sample 30: 0.7230
 -- Sample 31: 0.7684
 -- Sample 32: 0.4628
 -- Sample 33: 0.4252
 -- Sample 34: 0.4215
 -- Sample 35: 0.3749
 -- Sample 36: 0.8523
 -- Sample 37: 0.8454
 -- Sample 38: 0.8353
 -- Sample 39: 0.7953
 -- Sample 40: 0.9093
 -- Sample 41: 0.8635
 -- Sample 42: 0.8848
 -- Sample 43: 0.8724
 -- Sample 44: 0.8934
 -- Sample 45: 0.8604
 -- Sample 46: 0.8794
 -- Sample 47: 0.8584
 -- Sample 48: 0.8147
 -- Sample 49: 0.7551
Mean=0.8072, Std=0.1264
------------------------------------------------------------------
    Evaluating Ko et al (D3 N1)
Bias Error: using Single Component
Mean: 29.6749, Std: 31.3256
------------------------------------------------------------------
Magnitude Error: 
 -- Sample 0: mean=78.9418%; std=56.3749
 -- Sample 1: mean=54.1884%; std=41.3871
 -- Sample 2: mean=82.1790%; std=61.5767
 -- Sample 3: mean=56.3571%; std=39.4792
 -- Sample 4: mean=43.5833%; std=22.4134
 -- Sample 5: mean=41.7630%; std=21.7308
 -- Sample 6: mean=35.7997%; std=24.1799
 -- Sample 7: mean=35.0776%; std=27.9961
 -- Sample 8: mean=27.8474%; std=17.9893
 -- Sample 9: mean=30.7858%; std=19.0600
 -- Sample 10: mean=28.5436%; std=23.6732
 -- Sample 11: mean=30.0321%; std=20.9282
 -- Sample 12: mean=23.0963%; std=17.5556
 -- Sample 13: mean=28.6637%; std=18.9920
 -- Sample 14: mean=30.7295%; std=17.3634
 -- Sample 15: mean=28.1439%; std=20.7146
 -- Sample 16: mean=36.8377%; std=23.7599
 -- Sample 17: mean=32.2276%; std=24.9900
 -- Sample 18: mean=33.8738%; std=25.3395
 -- Sample 19: mean=30.8135%; std=20.0499
 -- Sample 20: mean=47.4565%; std=37.0200
 -- Sample 21: mean=49.6697%; std=37.7028
 -- Sample 22: mean=46.1143%; std=29.9191
 -- Sample 23: mean=52.0112%; std=42.3892
 -- Sample 24: mean=34.7807%; std=32.3734
 -- Sample 25: mean=36.2154%; std=27.6497
 -- Sample 26: mean=35.9251%; std=30.6412
 -- Sample 27: mean=31.9940%; std=22.3214
 -- Sample 28: mean=68.8294%; std=43.3393
 -- Sample 29: mean=47.0260%; std=34.8068
 -- Sample 30: mean=56.0853%; std=36.2146
 -- Sample 31: mean=61.3179%; std=36.8787
 -- Sample 32: mean=211.6364%; std=318.7656
 -- Sample 33: mean=222.0184%; std=217.3147
 -- Sample 34: mean=210.3961%; std=216.6541
 -- Sample 35: mean=237.2867%; std=250.3829
 -- Sample 36: mean=53.7269%; std=29.0002
 -- Sample 37: mean=52.1147%; std=34.2553
 -- Sample 38: mean=49.0704%; std=30.3779
 -- Sample 39: mean=63.1661%; std=38.8190
 -- Sample 40: mean=39.4287%; std=22.2835
 -- Sample 41: mean=47.9802%; std=21.0676
 -- Sample 42: mean=39.1818%; std=23.4128
 -- Sample 43: mean=45.6035%; std=21.9555
 -- Sample 44: mean=44.4412%; std=18.1590
 -- Sample 45: mean=49.0028%; std=19.9357
 -- Sample 46: mean=41.2836%; std=19.3063
 -- Sample 47: mean=41.6366%; std=17.4198
 -- Sample 48: mean=65.8760%; std=50.6507
 -- Sample 49: mean=67.7250%; std=54.4651
Mean: 58.7697%, Std: 49.5359%
------------------------------------------------------------------
Correlation comparison:
 -- Sample 0: 0.7789
 -- Sample 1: 0.8138
 -- Sample 2: 0.7480
 -- Sample 3: 0.8562
 -- Sample 4: 0.9129
 -- Sample 5: 0.9283
 -- Sample 6: 0.9111
 -- Sample 7: 0.9184
 -- Sample 8: 0.9615
 -- Sample 9: 0.9569
 -- Sample 10: 0.9302
 -- Sample 11: 0.9346
 -- Sample 12: 0.9402
 -- Sample 13: 0.9087
 -- Sample 14: 0.9063
 -- Sample 15: 0.9146
 -- Sample 16: 0.8884
 -- Sample 17: 0.8899
 -- Sample 18: 0.8687
 -- Sample 19: 0.9176
 -- Sample 20: 0.7926
 -- Sample 21: 0.7879
 -- Sample 22: 0.8134
 -- Sample 23: 0.8034
 -- Sample 24: 0.8999
 -- Sample 25: 0.8820
 -- Sample 26: 0.8969
 -- Sample 27: 0.8943
 -- Sample 28: 0.6378
 -- Sample 29: 0.7718
 -- Sample 30: 0.7654
 -- Sample 31: 0.7177
 -- Sample 32: 0.3503
 -- Sample 33: 0.4232
 -- Sample 34: 0.4723
 -- Sample 35: 0.4179
 -- Sample 36: 0.8016
 -- Sample 37: 0.7806
 -- Sample 38: 0.8148
 -- Sample 39: 0.7546
 -- Sample 40: 0.9384
 -- Sample 41: 0.9378
 -- Sample 42: 0.9475
 -- Sample 43: 0.9488
 -- Sample 44: 0.8885
 -- Sample 45: 0.8830
 -- Sample 46: 0.8915
 -- Sample 47: 0.9241
 -- Sample 48: 0.7884
 -- Sample 49: 0.7563
Mean=0.8254, Std=0.1414
------------------------------------------------------------------
    Evaluating Ko et al (D3 N2)
Bias Error: using Single Component
Mean: 28.8562, Std: 29.3744
------------------------------------------------------------------
Magnitude Error: 
 -- Sample 0: mean=62.4391%; std=42.5327
 -- Sample 1: mean=63.7688%; std=39.6479
 -- Sample 2: mean=61.8908%; std=46.2059
 -- Sample 3: mean=56.2371%; std=46.7605
 -- Sample 4: mean=47.4429%; std=27.0416
 -- Sample 5: mean=34.5943%; std=27.1282
 -- Sample 6: mean=37.5342%; std=27.5543
 -- Sample 7: mean=30.8103%; std=26.1955
 -- Sample 8: mean=26.0332%; std=18.6134
 -- Sample 9: mean=27.7454%; std=22.4178
 -- Sample 10: mean=22.9113%; std=20.2985
 -- Sample 11: mean=36.9034%; std=23.2012
 -- Sample 12: mean=22.5815%; std=17.4448
 -- Sample 13: mean=25.4794%; std=20.2974
 -- Sample 14: mean=28.1742%; std=15.4218
 -- Sample 15: mean=25.5150%; std=16.4380
 -- Sample 16: mean=36.2179%; std=24.4294
 -- Sample 17: mean=37.1588%; std=22.1767
 -- Sample 18: mean=30.1439%; std=19.5547
 -- Sample 19: mean=31.8854%; std=20.7370
 -- Sample 20: mean=48.2807%; std=31.9503
 -- Sample 21: mean=51.9912%; std=38.6914
 -- Sample 22: mean=46.8536%; std=27.5162
 -- Sample 23: mean=43.9924%; std=27.8218
 -- Sample 24: mean=35.7771%; std=24.9661
 -- Sample 25: mean=34.2585%; std=23.7022
 -- Sample 26: mean=27.8804%; std=23.1752
 -- Sample 27: mean=31.1566%; std=24.6760
 -- Sample 28: mean=58.3132%; std=30.9225
 -- Sample 29: mean=73.0498%; std=45.4745
 -- Sample 30: mean=65.4336%; std=41.9654
 -- Sample 31: mean=61.1676%; std=42.4628
 -- Sample 32: mean=238.4285%; std=283.5476
 -- Sample 33: mean=259.4500%; std=257.9944
 -- Sample 34: mean=210.8835%; std=246.3806
 -- Sample 35: mean=184.3675%; std=196.9061
 -- Sample 36: mean=49.6682%; std=34.8491
 -- Sample 37: mean=48.0151%; std=30.8028
 -- Sample 38: mean=58.2252%; std=32.1133
 -- Sample 39: mean=63.9010%; std=40.8919
 -- Sample 40: mean=45.2823%; std=25.4021
 -- Sample 41: mean=48.3549%; std=22.5175
 -- Sample 42: mean=48.5530%; std=25.7070
 -- Sample 43: mean=51.5038%; std=22.2925
 -- Sample 44: mean=51.5488%; std=19.6503
 -- Sample 45: mean=43.1432%; std=20.2495
 -- Sample 46: mean=42.6028%; std=21.0579
 -- Sample 47: mean=46.3699%; std=18.9603
 -- Sample 48: mean=62.9707%; std=56.3398
 -- Sample 49: mean=53.8598%; std=32.9608
Mean: 58.6150%, Std: 50.8489%
------------------------------------------------------------------
Correlation comparison:
 -- Sample 0: 0.8465
 -- Sample 1: 0.8413
 -- Sample 2: 0.8517
 -- Sample 3: 0.8725
 -- Sample 4: 0.8867
 -- Sample 5: 0.9250
 -- Sample 6: 0.9184
 -- Sample 7: 0.9442
 -- Sample 8: 0.9638
 -- Sample 9: 0.9593
 -- Sample 10: 0.9599
 -- Sample 11: 0.9492
 -- Sample 12: 0.9521
 -- Sample 13: 0.9325
 -- Sample 14: 0.9377
 -- Sample 15: 0.9441
 -- Sample 16: 0.8975
 -- Sample 17: 0.9086
 -- Sample 18: 0.9250
 -- Sample 19: 0.9287
 -- Sample 20: 0.8551
 -- Sample 21: 0.8145
 -- Sample 22: 0.8432
 -- Sample 23: 0.8758
 -- Sample 24: 0.8944
 -- Sample 25: 0.8885
 -- Sample 26: 0.9175
 -- Sample 27: 0.9191
 -- Sample 28: 0.7341
 -- Sample 29: 0.6681
 -- Sample 30: 0.7044
 -- Sample 31: 0.7216
 -- Sample 32: 0.3999
 -- Sample 33: 0.3941
 -- Sample 34: 0.4449
 -- Sample 35: 0.4800
 -- Sample 36: 0.8200
 -- Sample 37: 0.8238
 -- Sample 38: 0.7916
 -- Sample 39: 0.7675
 -- Sample 40: 0.9317
 -- Sample 41: 0.9537
 -- Sample 42: 0.9156
 -- Sample 43: 0.9389
 -- Sample 44: 0.7688
 -- Sample 45: 0.9067
 -- Sample 46: 0.8797
 -- Sample 47: 0.8887
 -- Sample 48: 0.8175
 -- Sample 49: 0.8218
Mean=0.8385, Std=0.1399
------------------------------------------------------------------
    Evaluating Ko et al (D3 N3)
Bias Error: using Single Component
Mean: 27.6910, Std: 33.7712
------------------------------------------------------------------
Magnitude Error: 
 -- Sample 0: mean=53.0591%; std=40.0082
 -- Sample 1: mean=45.1235%; std=33.4073
 -- Sample 2: mean=84.9787%; std=66.3239
 -- Sample 3: mean=37.1031%; std=23.6535
 -- Sample 4: mean=32.0471%; std=27.2270
 -- Sample 5: mean=29.5892%; std=24.2276
 -- Sample 6: mean=30.0584%; std=21.9723
 -- Sample 7: mean=30.9687%; std=22.3297
 -- Sample 8: mean=24.3975%; std=18.1047
 -- Sample 9: mean=31.6030%; std=19.0820
 -- Sample 10: mean=18.8468%; std=18.2515
 -- Sample 11: mean=29.6343%; std=18.3359
 -- Sample 12: mean=27.9296%; std=19.0429
 -- Sample 13: mean=28.1588%; std=20.4229
 -- Sample 14: mean=25.3673%; std=19.2715
 -- Sample 15: mean=31.6423%; std=22.4762
 -- Sample 16: mean=42.8460%; std=25.4948
 -- Sample 17: mean=30.4962%; std=20.1851
 -- Sample 18: mean=31.2610%; std=21.3300
 -- Sample 19: mean=31.5394%; std=21.8409
 -- Sample 20: mean=56.2018%; std=46.7091
 -- Sample 21: mean=65.0671%; std=45.2894
 -- Sample 22: mean=54.6091%; std=42.5476
 -- Sample 23: mean=55.9478%; std=38.8528
 -- Sample 24: mean=33.8588%; std=21.9914
 -- Sample 25: mean=32.3019%; std=19.6816
 -- Sample 26: mean=34.5260%; std=22.0031
 -- Sample 27: mean=35.5081%; std=24.6067
 -- Sample 28: mean=82.0958%; std=72.1645
 -- Sample 29: mean=62.8019%; std=43.5897
 -- Sample 30: mean=61.9385%; std=40.1301
 -- Sample 31: mean=53.2924%; std=28.5796
 -- Sample 32: mean=204.7546%; std=209.5987
 -- Sample 33: mean=185.9298%; std=198.8185
 -- Sample 34: mean=229.9980%; std=270.0928
 -- Sample 35: mean=224.4485%; std=250.7829
 -- Sample 36: mean=42.6464%; std=27.7463
 -- Sample 37: mean=43.8071%; std=28.0292
 -- Sample 38: mean=51.5772%; std=30.0175
 -- Sample 39: mean=46.9152%; std=34.2668
 -- Sample 40: mean=33.6928%; std=24.9183
 -- Sample 41: mean=51.1041%; std=19.3852
 -- Sample 42: mean=49.1694%; std=23.7310
 -- Sample 43: mean=39.1542%; std=19.9070
 -- Sample 44: mean=34.9268%; std=19.4621
 -- Sample 45: mean=30.2315%; std=14.5144
 -- Sample 46: mean=35.5783%; std=14.6937
 -- Sample 47: mean=39.8703%; std=20.3036
 -- Sample 48: mean=80.7075%; std=78.4078
 -- Sample 49: mean=59.8429%; std=68.7223
Mean: 56.1831%, Std: 48.3383%
------------------------------------------------------------------
Correlation comparison:
 -- Sample 0: 0.8842
 -- Sample 1: 0.9166
 -- Sample 2: 0.8200
 -- Sample 3: 0.9004
 -- Sample 4: 0.9253
 -- Sample 5: 0.9189
 -- Sample 6: 0.9455
 -- Sample 7: 0.9318
 -- Sample 8: 0.9619
 -- Sample 9: 0.9421
 -- Sample 10: 0.9734
 -- Sample 11: 0.9630
 -- Sample 12: 0.9265
 -- Sample 13: 0.8855
 -- Sample 14: 0.9097
 -- Sample 15: 0.8471
 -- Sample 16: 0.7956
 -- Sample 17: 0.9295
 -- Sample 18: 0.8806
 -- Sample 19: 0.8915
 -- Sample 20: 0.8360
 -- Sample 21: 0.8311
 -- Sample 22: 0.8456
 -- Sample 23: 0.8537
 -- Sample 24: 0.8971
 -- Sample 25: 0.8922
 -- Sample 26: 0.8860
 -- Sample 27: 0.9115
 -- Sample 28: 0.7044
 -- Sample 29: 0.7409
 -- Sample 30: 0.7466
 -- Sample 31: 0.7719
 -- Sample 32: 0.5274
 -- Sample 33: 0.4501
 -- Sample 34: 0.4525
 -- Sample 35: 0.4584
 -- Sample 36: 0.8334
 -- Sample 37: 0.8148
 -- Sample 38: 0.8162
 -- Sample 39: 0.8301
 -- Sample 40: 0.9585
 -- Sample 41: 0.9345
 -- Sample 42: 0.9172
 -- Sample 43: 0.9513
 -- Sample 44: 0.9076
 -- Sample 45: 0.9726
 -- Sample 46: 0.9425
 -- Sample 47: 0.9090
 -- Sample 48: 0.8350
 -- Sample 49: 0.8473
Mean=0.8485, Std=0.1272
------------------------------------------------------------------
  Processing Batch 2 (Size: 50)...
    Evaluating Javier Santos (D0 N4)
Bias Error: using Single Component
Mean: 613.8242, Std: 490.9524
------------------------------------------------------------------
Magnitude Error: 
 -- Sample 0: mean=259.2107%; std=162.0749
 -- Sample 1: mean=255.1512%; std=146.2547
 -- Sample 2: mean=284.2344%; std=172.5431
 -- Sample 3: mean=281.7789%; std=176.0178
 -- Sample 4: mean=280.1090%; std=173.6216
 -- Sample 5: mean=280.2993%; std=177.2624
 -- Sample 6: mean=1740.1831%; std=1277.3390
 -- Sample 7: mean=1765.2633%; std=1241.0897
 -- Sample 8: mean=1583.1637%; std=1174.8444
 -- Sample 9: mean=1770.4496%; std=1246.2749
 -- Sample 10: mean=592.9958%; std=507.9431
 -- Sample 11: mean=593.1896%; std=468.6664
 -- Sample 12: mean=616.9056%; std=500.6774
 -- Sample 13: mean=587.4409%; std=473.6335
 -- Sample 14: mean=230.7150%; std=161.1352
 -- Sample 15: mean=235.3714%; std=156.9857
 -- Sample 16: mean=235.2753%; std=175.7508
 -- Sample 17: mean=223.7508%; std=154.0013
 -- Sample 18: mean=130.4577%; std=83.4752
 -- Sample 19: mean=119.1524%; std=79.7510
 -- Sample 20: mean=123.1917%; std=80.2583
 -- Sample 21: mean=125.5493%; std=88.3183
 -- Sample 22: mean=241.9151%; std=221.2927
 -- Sample 23: mean=235.8326%; std=204.5372
 -- Sample 24: mean=251.7138%; std=204.3207
 -- Sample 25: mean=244.4276%; std=203.3632
 -- Sample 26: mean=181.6705%; std=119.2478
 -- Sample 27: mean=200.3076%; std=118.1595
 -- Sample 28: mean=191.4604%; std=124.7546
 -- Sample 29: mean=207.2008%; std=129.3107
 -- Sample 30: mean=400.2751%; std=267.1693
 -- Sample 31: mean=411.0248%; std=255.6324
 -- Sample 32: mean=381.1385%; std=259.4380
 -- Sample 33: mean=399.2793%; std=237.3337
 -- Sample 34: mean=675.5244%; std=434.0790
 -- Sample 35: mean=657.5854%; std=454.0380
 -- Sample 36: mean=665.2548%; std=457.8825
 -- Sample 37: mean=704.5729%; std=459.3450
 -- Sample 38: mean=270.8589%; std=168.6668
 -- Sample 39: mean=256.0749%; std=154.1530
 -- Sample 40: mean=252.4702%; std=165.6659
 -- Sample 41: mean=244.3981%; std=165.3006
 -- Sample 42: mean=868.2616%; std=491.7254
 -- Sample 43: mean=890.2498%; std=459.0866
 -- Sample 44: mean=884.3022%; std=495.8311
 -- Sample 45: mean=885.8165%; std=460.8109
 -- Sample 46: mean=204.2091%; std=133.5314
 -- Sample 47: mean=184.4957%; std=128.6357
 -- Sample 48: mean=201.3792%; std=145.6728
 -- Sample 49: mean=197.1946%; std=129.9405
Mean: 474.0547%, Std: 426.2867%
------------------------------------------------------------------
Correlation comparison:
 -- Sample 0: 0.7214
 -- Sample 1: 0.7467
 -- Sample 2: 0.6720
 -- Sample 3: 0.6655
 -- Sample 4: 0.6749
 -- Sample 5: 0.6772
 -- Sample 6: 0.3517
 -- Sample 7: 0.3910
 -- Sample 8: 0.3596
 -- Sample 9: 0.3923
 -- Sample 10: 0.4347
 -- Sample 11: 0.4978
 -- Sample 12: 0.4576
 -- Sample 13: 0.4160
 -- Sample 14: 0.6383
 -- Sample 15: 0.6364
 -- Sample 16: 0.6215
 -- Sample 17: 0.6434
 -- Sample 18: 0.8323
 -- Sample 19: 0.8297
 -- Sample 20: 0.8187
 -- Sample 21: 0.8060
 -- Sample 22: 0.5024
 -- Sample 23: 0.5472
 -- Sample 24: 0.6016
 -- Sample 25: 0.4861
 -- Sample 26: 0.8052
 -- Sample 27: 0.8378
 -- Sample 28: 0.7965
 -- Sample 29: 0.8201
 -- Sample 30: 0.5956
 -- Sample 31: 0.6118
 -- Sample 32: 0.5897
 -- Sample 33: 0.6306
 -- Sample 34: 0.5934
 -- Sample 35: 0.5228
 -- Sample 36: 0.5803
 -- Sample 37: 0.5762
 -- Sample 38: 0.7716
 -- Sample 39: 0.7892
 -- Sample 40: 0.7730
 -- Sample 41: 0.7516
 -- Sample 42: 0.4822
 -- Sample 43: 0.5005
 -- Sample 44: 0.5073
 -- Sample 45: 0.5264
 -- Sample 46: 0.6743
 -- Sample 47: 0.6935
 -- Sample 48: 0.6572
 -- Sample 49: 0.7147
Mean=0.6245, Std=0.1366
------------------------------------------------------------------
    Evaluating Javier Santos (D1 N4)
Bias Error: using Single Component
Mean: 32.4917, Std: 16.6290
------------------------------------------------------------------
Magnitude Error: 
 -- Sample 0: mean=35.7462%; std=20.5006
 -- Sample 1: mean=39.4461%; std=22.2012
 -- Sample 2: mean=53.0058%; std=22.1909
 -- Sample 3: mean=56.3823%; std=23.4459
 -- Sample 4: mean=55.8689%; std=22.8259
 -- Sample 5: mean=54.2911%; std=21.9690
 -- Sample 6: mean=79.6907%; std=124.7871
 -- Sample 7: mean=78.9675%; std=114.5909
 -- Sample 8: mean=95.2773%; std=146.0912
 -- Sample 9: mean=82.9907%; std=143.1391
 -- Sample 10: mean=49.1803%; std=44.8047
 -- Sample 11: mean=52.6622%; std=48.6484
 -- Sample 12: mean=51.3793%; std=45.0471
 -- Sample 13: mean=51.5945%; std=45.3223
 -- Sample 14: mean=52.0161%; std=19.2836
 -- Sample 15: mean=53.2544%; std=20.8571
 -- Sample 16: mean=51.5926%; std=21.2963
 -- Sample 17: mean=54.2788%; std=20.5651
 -- Sample 18: mean=67.3504%; std=15.7260
 -- Sample 19: mean=65.4220%; std=16.3258
 -- Sample 20: mean=64.8731%; std=17.9883
 -- Sample 21: mean=65.9286%; std=16.0996
 -- Sample 22: mean=64.1874%; std=28.7081
 -- Sample 23: mean=62.7111%; std=29.8757
 -- Sample 24: mean=64.9929%; std=27.5808
 -- Sample 25: mean=62.4413%; std=28.4187
 -- Sample 26: mean=41.6611%; std=21.4695
 -- Sample 27: mean=43.1200%; std=23.6120
 -- Sample 28: mean=39.7778%; std=25.9692
 -- Sample 29: mean=41.8570%; std=23.4397
 -- Sample 30: mean=47.4059%; std=24.1896
 -- Sample 31: mean=50.0440%; std=24.7758
 -- Sample 32: mean=50.5946%; std=26.3449
 -- Sample 33: mean=52.3399%; std=23.6201
 -- Sample 34: mean=61.2330%; std=65.3728
 -- Sample 35: mean=58.7361%; std=61.8734
 -- Sample 36: mean=55.6322%; std=65.8291
 -- Sample 37: mean=58.6460%; std=68.8763
 -- Sample 38: mean=55.5272%; std=24.6843
 -- Sample 39: mean=51.4299%; std=25.7262
 -- Sample 40: mean=55.4171%; std=27.2924
 -- Sample 41: mean=52.5560%; std=26.0969
 -- Sample 42: mean=50.4478%; std=59.3072
 -- Sample 43: mean=49.8878%; std=56.6226
 -- Sample 44: mean=49.9227%; std=52.1004
 -- Sample 45: mean=55.5109%; std=63.6693
 -- Sample 46: mean=44.1721%; std=22.6999
 -- Sample 47: mean=49.6418%; std=22.6828
 -- Sample 48: mean=48.3357%; std=22.8199
 -- Sample 49: mean=47.6245%; std=22.4037
Mean: 55.5411%, Std: 11.2212%
------------------------------------------------------------------
Correlation comparison:
 -- Sample 0: 0.9208
 -- Sample 1: 0.8954
 -- Sample 2: 0.7943
 -- Sample 3: 0.7508
 -- Sample 4: 0.7811
 -- Sample 5: 0.7918
 -- Sample 6: 0.6174
 -- Sample 7: 0.6143
 -- Sample 8: 0.6011
 -- Sample 9: 0.6328
 -- Sample 10: 0.7210
 -- Sample 11: 0.7179
 -- Sample 12: 0.7329
 -- Sample 13: 0.7630
 -- Sample 14: 0.7086
 -- Sample 15: 0.7097
 -- Sample 16: 0.7129
 -- Sample 17: 0.7159
 -- Sample 18: 0.8024
 -- Sample 19: 0.8285
 -- Sample 20: 0.7794
 -- Sample 21: 0.8246
 -- Sample 22: 0.4621
 -- Sample 23: 0.4845
 -- Sample 24: 0.4436
 -- Sample 25: 0.4843
 -- Sample 26: 0.8826
 -- Sample 27: 0.8752
 -- Sample 28: 0.8636
 -- Sample 29: 0.8756
 -- Sample 30: 0.7545
 -- Sample 31: 0.7366
 -- Sample 32: 0.7223
 -- Sample 33: 0.7683
 -- Sample 34: 0.6796
 -- Sample 35: 0.6940
 -- Sample 36: 0.7140
 -- Sample 37: 0.6978
 -- Sample 38: 0.7311
 -- Sample 39: 0.7744
 -- Sample 40: 0.7249
 -- Sample 41: 0.7493
 -- Sample 42: 0.6618
 -- Sample 43: 0.6820
 -- Sample 44: 0.6888
 -- Sample 45: 0.6875
 -- Sample 46: 0.7931
 -- Sample 47: 0.7799
 -- Sample 48: 0.7738
 -- Sample 49: 0.7913
Mean=0.7279, Std=0.1045
------------------------------------------------------------------
    Evaluating Javier Santos (D2 N4)
Bias Error: using Single Component
Mean: 65.1521, Std: 20.3287
------------------------------------------------------------------
Magnitude Error: 
 -- Sample 0: mean=85.2171%; std=9.5374
 -- Sample 1: mean=85.3615%; std=9.8742
 -- Sample 2: mean=82.0423%; std=10.0226
 -- Sample 3: mean=82.5746%; std=10.1549
 -- Sample 4: mean=82.1629%; std=10.2630
 -- Sample 5: mean=82.1690%; std=10.2203
 -- Sample 6: mean=52.4526%; std=36.8138
 -- Sample 7: mean=49.1918%; std=33.1682
 -- Sample 8: mean=49.9296%; std=33.7458
 -- Sample 9: mean=50.7309%; std=34.0255
 -- Sample 10: mean=62.8841%; std=24.6937
 -- Sample 11: mean=62.8219%; std=24.5634
 -- Sample 12: mean=64.7132%; std=23.5254
 -- Sample 13: mean=63.8605%; std=23.9426
 -- Sample 14: mean=86.1082%; std=8.9257
 -- Sample 15: mean=86.5716%; std=8.3904
 -- Sample 16: mean=85.9004%; std=8.5800
 -- Sample 17: mean=86.0281%; std=8.7652
 -- Sample 18: mean=89.7670%; std=5.6808
 -- Sample 19: mean=90.0888%; std=5.3846
 -- Sample 20: mean=90.1544%; std=5.4997
 -- Sample 21: mean=90.3250%; std=5.4018
 -- Sample 22: mean=85.5645%; std=10.5723
 -- Sample 23: mean=85.1260%; std=10.6654
 -- Sample 24: mean=85.7219%; std=10.3467
 -- Sample 25: mean=85.1603%; std=10.1549
 -- Sample 26: mean=85.3978%; std=8.2624
 -- Sample 27: mean=85.2825%; std=8.3956
 -- Sample 28: mean=85.3519%; std=8.2655
 -- Sample 29: mean=85.6754%; std=7.5334
 -- Sample 30: mean=75.1256%; std=16.0138
 -- Sample 31: mean=75.7884%; std=15.6599
 -- Sample 32: mean=75.8615%; std=15.5352
 -- Sample 33: mean=75.3714%; std=15.6691
 -- Sample 34: mean=66.2931%; std=22.1370
 -- Sample 35: mean=67.0497%; std=21.8145
 -- Sample 36: mean=65.8803%; std=21.8937
 -- Sample 37: mean=66.4487%; std=21.0668
 -- Sample 38: mean=84.7147%; std=10.6205
 -- Sample 39: mean=84.3839%; std=11.1967
 -- Sample 40: mean=85.2542%; std=10.4255
 -- Sample 41: mean=85.0597%; std=10.2476
 -- Sample 42: mean=61.1887%; std=22.9416
 -- Sample 43: mean=63.2853%; std=22.1487
 -- Sample 44: mean=61.3928%; std=22.9879
 -- Sample 45: mean=62.9468%; std=22.6343
 -- Sample 46: mean=86.2672%; std=9.0130
 -- Sample 47: mean=86.7566%; std=8.7645
 -- Sample 48: mean=86.2664%; std=9.1466
 -- Sample 49: mean=86.1683%; std=9.3091
Mean: 76.9168%, Std: 12.0755%
------------------------------------------------------------------
Correlation comparison:
 -- Sample 0: 0.4073
 -- Sample 1: 0.3862
 -- Sample 2: 0.4923
 -- Sample 3: 0.4686
 -- Sample 4: 0.4718
 -- Sample 5: 0.4819
 -- Sample 6: 0.2473
 -- Sample 7: 0.2540
 -- Sample 8: 0.2658
 -- Sample 9: 0.2373
 -- Sample 10: 0.2406
 -- Sample 11: 0.2575
 -- Sample 12: 0.2515
 -- Sample 13: 0.2223
 -- Sample 14: 0.4172
 -- Sample 15: 0.4122
 -- Sample 16: 0.4241
 -- Sample 17: 0.4271
 -- Sample 18: 0.5264
 -- Sample 19: 0.5498
 -- Sample 20: 0.5068
 -- Sample 21: 0.5015
 -- Sample 22: 0.3149
 -- Sample 23: 0.3475
 -- Sample 24: 0.3352
 -- Sample 25: 0.3839
 -- Sample 26: 0.5115
 -- Sample 27: 0.5153
 -- Sample 28: 0.5271
 -- Sample 29: 0.5314
 -- Sample 30: 0.3788
 -- Sample 31: 0.3550
 -- Sample 32: 0.3550
 -- Sample 33: 0.3748
 -- Sample 34: 0.3793
 -- Sample 35: 0.3493
 -- Sample 36: 0.3870
 -- Sample 37: 0.4073
 -- Sample 38: 0.4097
 -- Sample 39: 0.4089
 -- Sample 40: 0.3694
 -- Sample 41: 0.4047
 -- Sample 42: 0.2933
 -- Sample 43: 0.3058
 -- Sample 44: 0.3240
 -- Sample 45: 0.2998
 -- Sample 46: 0.3517
 -- Sample 47: 0.3395
 -- Sample 48: 0.3479
 -- Sample 49: 0.3474
Mean=0.3821, Std=0.0884
------------------------------------------------------------------
    Evaluating Javier Santos (D3 N4)
Bias Error: using Single Component
Mean: 92.3264, Std: 6.1217
------------------------------------------------------------------
Magnitude Error: 
 -- Sample 0: mean=95.7615%; std=3.8856
 -- Sample 1: mean=95.9038%; std=3.3803
 -- Sample 2: mean=95.4392%; std=3.8042
 -- Sample 3: mean=95.4246%; std=3.7153
 -- Sample 4: mean=95.5350%; std=4.0355
 -- Sample 5: mean=95.4885%; std=4.0098
 -- Sample 6: mean=78.0359%; std=21.2865
 -- Sample 7: mean=78.0825%; std=21.2671
 -- Sample 8: mean=78.8297%; std=20.5784
 -- Sample 9: mean=78.8528%; std=20.5646
 -- Sample 10: mean=90.7059%; std=8.4478
 -- Sample 11: mean=91.5009%; std=7.9136
 -- Sample 12: mean=91.0545%; std=8.3704
 -- Sample 13: mean=91.2050%; std=8.8945
 -- Sample 14: mean=96.0063%; std=3.8898
 -- Sample 15: mean=95.8155%; std=3.9177
 -- Sample 16: mean=95.6678%; std=4.1884
 -- Sample 17: mean=95.9112%; std=3.8520
 -- Sample 18: mean=97.0072%; std=2.4267
 -- Sample 19: mean=97.3599%; std=2.3145
 -- Sample 20: mean=97.3059%; std=2.3901
 -- Sample 21: mean=97.2539%; std=2.1492
 -- Sample 22: mean=95.9607%; std=4.0796
 -- Sample 23: mean=95.7209%; std=4.1502
 -- Sample 24: mean=95.7260%; std=3.8112
 -- Sample 25: mean=95.8616%; std=3.9695
 -- Sample 26: mean=96.3917%; std=3.3152
 -- Sample 27: mean=96.3118%; std=3.3941
 -- Sample 28: mean=96.1783%; std=3.4144
 -- Sample 29: mean=96.3104%; std=3.3200
 -- Sample 30: mean=94.5687%; std=4.8955
 -- Sample 31: mean=94.4157%; std=5.0080
 -- Sample 32: mean=93.4540%; std=5.8297
 -- Sample 33: mean=94.3151%; std=5.4128
 -- Sample 34: mean=90.3550%; std=10.2132
 -- Sample 35: mean=89.8889%; std=10.3817
 -- Sample 36: mean=90.0574%; std=10.3610
 -- Sample 37: mean=90.5629%; std=9.6048
 -- Sample 38: mean=96.2785%; std=3.9706
 -- Sample 39: mean=96.0006%; std=4.0846
 -- Sample 40: mean=96.2501%; std=3.9517
 -- Sample 41: mean=96.4912%; std=3.5717
 -- Sample 42: mean=86.2937%; std=10.6068
 -- Sample 43: mean=87.1577%; std=9.7343
 -- Sample 44: mean=86.9256%; std=11.0679
 -- Sample 45: mean=88.0346%; std=9.7721
 -- Sample 46: mean=96.4041%; std=3.4856
 -- Sample 47: mean=96.4246%; std=3.7139
 -- Sample 48: mean=96.3783%; std=3.4311
 -- Sample 49: mean=96.7926%; std=3.1539
Mean: 92.9932%, Std: 5.1999%
------------------------------------------------------------------
Correlation comparison:
 -- Sample 0: 0.2263
 -- Sample 1: 0.2733
 -- Sample 2: 0.1949
 -- Sample 3: 0.2370
 -- Sample 4: 0.1809
 -- Sample 5: 0.1787
 -- Sample 6: 0.0239
 -- Sample 7: 0.0563
 -- Sample 8: 0.0638
 -- Sample 9: 0.0542
 -- Sample 10: 0.1434
 -- Sample 11: 0.1711
 -- Sample 12: 0.1355
 -- Sample 13: 0.1008
 -- Sample 14: 0.2257
 -- Sample 15: 0.2005
 -- Sample 16: 0.1698
 -- Sample 17: 0.1997
 -- Sample 18: 0.2938
 -- Sample 19: 0.2337
 -- Sample 20: 0.2752
 -- Sample 21: 0.3283
 -- Sample 22: 0.1042
 -- Sample 23: 0.1107
 -- Sample 24: 0.1867
 -- Sample 25: 0.1404
 -- Sample 26: 0.2556
 -- Sample 27: 0.2679
 -- Sample 28: 0.2709
 -- Sample 29: 0.2863
 -- Sample 30: 0.1352
 -- Sample 31: 0.1591
 -- Sample 32: 0.1752
 -- Sample 33: 0.1687
 -- Sample 34: 0.1163
 -- Sample 35: 0.1899
 -- Sample 36: 0.1719
 -- Sample 37: 0.1313
 -- Sample 38: 0.0885
 -- Sample 39: 0.0360
 -- Sample 40: 0.0753
 -- Sample 41: 0.1223
 -- Sample 42: 0.1816
 -- Sample 43: 0.2301
 -- Sample 44: 0.1622
 -- Sample 45: 0.1401
 -- Sample 46: 0.1746
 -- Sample 47: 0.1754
 -- Sample 48: 0.2151
 -- Sample 49: 0.2369
Mean=0.1735, Std=0.0704
------------------------------------------------------------------
    Evaluating Ko et al (D0 N4)
Bias Error: using Single Component
Mean: 116.7903, Std: 130.9136
------------------------------------------------------------------
Magnitude Error: 
 -- Sample 0: mean=102.3832%; std=81.2435
 -- Sample 1: mean=103.5665%; std=80.5268
 -- Sample 2: mean=83.3522%; std=70.0602
 -- Sample 3: mean=103.9305%; std=74.2125
 -- Sample 4: mean=89.2045%; std=67.0109
 -- Sample 5: mean=94.2303%; std=66.8661
 -- Sample 6: mean=518.7430%; std=516.2671
 -- Sample 7: mean=545.7538%; std=530.2887
 -- Sample 8: mean=507.8550%; std=507.3315
 -- Sample 9: mean=555.0659%; std=546.2671
 -- Sample 10: mean=142.1221%; std=150.8710
 -- Sample 11: mean=144.2454%; std=159.7334
 -- Sample 12: mean=141.6735%; std=159.0453
 -- Sample 13: mean=146.8317%; std=158.8748
 -- Sample 14: mean=82.4536%; std=51.4949
 -- Sample 15: mean=86.4347%; std=68.7443
 -- Sample 16: mean=78.9382%; std=54.1129
 -- Sample 17: mean=93.2689%; std=69.6631
 -- Sample 18: mean=30.1365%; std=28.7766
 -- Sample 19: mean=29.4129%; std=28.2421
 -- Sample 20: mean=33.2276%; std=35.3017
 -- Sample 21: mean=24.9968%; std=29.3386
 -- Sample 22: mean=51.2296%; std=64.5228
 -- Sample 23: mean=49.2063%; std=61.0446
 -- Sample 24: mean=51.1837%; std=61.8439
 -- Sample 25: mean=52.0428%; std=72.8083
 -- Sample 26: mean=39.7453%; std=27.1475
 -- Sample 27: mean=37.6052%; std=28.9073
 -- Sample 28: mean=45.4018%; std=31.5505
 -- Sample 29: mean=41.8689%; std=28.5645
 -- Sample 30: mean=109.4722%; std=97.5968
 -- Sample 31: mean=103.3662%; std=92.0906
 -- Sample 32: mean=111.5553%; std=99.5361
 -- Sample 33: mean=107.3994%; std=101.1498
 -- Sample 34: mean=247.9395%; std=211.0065
 -- Sample 35: mean=245.0014%; std=224.8526
 -- Sample 36: mean=250.8411%; std=212.9258
 -- Sample 37: mean=254.5058%; std=232.7153
 -- Sample 38: mean=73.0020%; std=53.9435
 -- Sample 39: mean=59.2035%; std=60.0336
 -- Sample 40: mean=66.9432%; std=52.2876
 -- Sample 41: mean=60.7365%; std=53.1724
 -- Sample 42: mean=415.6146%; std=260.2350
 -- Sample 43: mean=430.1958%; std=281.9882
 -- Sample 44: mean=415.0395%; std=262.9857
 -- Sample 45: mean=435.8682%; std=281.0398
 -- Sample 46: mean=49.6485%; std=38.6780
 -- Sample 47: mean=54.9040%; std=42.1100
 -- Sample 48: mean=54.6369%; std=42.0797
 -- Sample 49: mean=54.3635%; std=35.5112
Mean: 154.1269%, Std: 153.4813%
------------------------------------------------------------------
Correlation comparison:
 -- Sample 0: 0.7920
 -- Sample 1: 0.7953
 -- Sample 2: 0.6924
 -- Sample 3: 0.6742
 -- Sample 4: 0.6972
 -- Sample 5: 0.6785
 -- Sample 6: 0.3754
 -- Sample 7: 0.3902
 -- Sample 8: 0.3769
 -- Sample 9: 0.3691
 -- Sample 10: 0.5685
 -- Sample 11: 0.5397
 -- Sample 12: 0.5556
 -- Sample 13: 0.5028
 -- Sample 14: 0.7168
 -- Sample 15: 0.7011
 -- Sample 16: 0.6938
 -- Sample 17: 0.6744
 -- Sample 18: 0.9029
 -- Sample 19: 0.9080
 -- Sample 20: 0.8830
 -- Sample 21: 0.9241
 -- Sample 22: 0.7223
 -- Sample 23: 0.7503
 -- Sample 24: 0.7446
 -- Sample 25: 0.7292
 -- Sample 26: 0.9036
 -- Sample 27: 0.9008
 -- Sample 28: 0.8806
 -- Sample 29: 0.8956
 -- Sample 30: 0.7230
 -- Sample 31: 0.7203
 -- Sample 32: 0.7356
 -- Sample 33: 0.7198
 -- Sample 34: 0.6146
 -- Sample 35: 0.6162
 -- Sample 36: 0.6339
 -- Sample 37: 0.6167
 -- Sample 38: 0.8049
 -- Sample 39: 0.7974
 -- Sample 40: 0.7898
 -- Sample 41: 0.7924
 -- Sample 42: 0.5202
 -- Sample 43: 0.4984
 -- Sample 44: 0.5255
 -- Sample 45: 0.5020
 -- Sample 46: 0.7584
 -- Sample 47: 0.7357
 -- Sample 48: 0.7399
 -- Sample 49: 0.7518
Mean=0.6907, Std=0.1468
------------------------------------------------------------------
    Evaluating Ko et al (D1 N4)
Bias Error: using Single Component
Mean: 45.4740, Std: 22.2273
------------------------------------------------------------------
Magnitude Error: 
 -- Sample 0: mean=71.9398%; std=75.9744
 -- Sample 1: mean=58.4489%; std=58.5507
 -- Sample 2: mean=62.1129%; std=19.0029
 -- Sample 3: mean=55.5359%; std=24.4253
 -- Sample 4: mean=60.8604%; std=24.5288
 -- Sample 5: mean=61.7485%; std=21.5666
 -- Sample 6: mean=97.4120%; std=61.8794
 -- Sample 7: mean=78.9151%; std=39.2468
 -- Sample 8: mean=71.1689%; std=32.5062
 -- Sample 9: mean=95.8407%; std=56.6996
 -- Sample 10: mean=57.3429%; std=25.6171
 -- Sample 11: mean=61.3894%; std=28.2883
 -- Sample 12: mean=54.5801%; std=28.0081
 -- Sample 13: mean=54.1298%; std=24.8896
 -- Sample 14: mean=51.2095%; std=25.1935
 -- Sample 15: mean=57.8500%; std=16.3755
 -- Sample 16: mean=49.5796%; std=26.5545
 -- Sample 17: mean=59.3212%; std=23.5923
 -- Sample 18: mean=37.0068%; std=17.5286
 -- Sample 19: mean=31.8066%; std=17.8901
 -- Sample 20: mean=30.6799%; std=19.6080
 -- Sample 21: mean=30.5271%; std=18.5779
 -- Sample 22: mean=85.4099%; std=7.0139
 -- Sample 23: mean=82.7992%; std=10.3793
 -- Sample 24: mean=81.8577%; std=7.9853
 -- Sample 25: mean=79.1936%; std=8.8826
 -- Sample 26: mean=36.4088%; std=27.3813
 -- Sample 27: mean=34.6875%; std=26.2134
 -- Sample 28: mean=43.0213%; std=25.2771
 -- Sample 29: mean=42.3703%; std=23.9869
 -- Sample 30: mean=40.5789%; std=20.2887
 -- Sample 31: mean=40.4254%; std=22.3043
 -- Sample 32: mean=45.7641%; std=24.1117
 -- Sample 33: mean=47.1948%; std=22.3437
 -- Sample 34: mean=60.4994%; std=28.1662
 -- Sample 35: mean=57.5535%; std=33.4514
 -- Sample 36: mean=51.6281%; std=28.8521
 -- Sample 37: mean=53.3855%; std=30.1151
 -- Sample 38: mean=59.7921%; std=19.3559
 -- Sample 39: mean=71.9680%; std=15.3862
 -- Sample 40: mean=67.0126%; std=14.7062
 -- Sample 41: mean=52.5979%; std=23.1271
 -- Sample 42: mean=120.5987%; std=81.7632
 -- Sample 43: mean=119.1214%; std=75.2113
 -- Sample 44: mean=137.0498%; std=91.6941
 -- Sample 45: mean=112.4109%; std=76.8699
 -- Sample 46: mean=76.4884%; std=12.1201
 -- Sample 47: mean=79.2405%; std=18.6060
 -- Sample 48: mean=74.7517%; std=14.7632
 -- Sample 49: mean=76.9939%; std=11.5469
Mean: 64.4042%, Std: 23.6590%
------------------------------------------------------------------
Correlation comparison:
 -- Sample 0: 0.8022
 -- Sample 1: 0.8353
 -- Sample 2: 0.9100
 -- Sample 3: 0.8734
 -- Sample 4: 0.8820
 -- Sample 5: 0.8810
 -- Sample 6: 0.3365
 -- Sample 7: 0.3724
 -- Sample 8: 0.4327
 -- Sample 9: 0.3835
 -- Sample 10: 0.7752
 -- Sample 11: 0.7557
 -- Sample 12: 0.7735
 -- Sample 13: 0.8159
 -- Sample 14: 0.7868
 -- Sample 15: 0.9082
 -- Sample 16: 0.8244
 -- Sample 17: 0.8014
 -- Sample 18: 0.9567
 -- Sample 19: 0.9617
 -- Sample 20: 0.9419
 -- Sample 21: 0.9523
 -- Sample 22: 0.8987
 -- Sample 23: 0.8404
 -- Sample 24: 0.9268
 -- Sample 25: 0.9411
 -- Sample 26: 0.8961
 -- Sample 27: 0.9192
 -- Sample 28: 0.9133
 -- Sample 29: 0.9165
 -- Sample 30: 0.8371
 -- Sample 31: 0.8116
 -- Sample 32: 0.7878
 -- Sample 33: 0.7858
 -- Sample 34: 0.7881
 -- Sample 35: 0.8007
 -- Sample 36: 0.8094
 -- Sample 37: 0.7954
 -- Sample 38: 0.9236
 -- Sample 39: 0.9222
 -- Sample 40: 0.9139
 -- Sample 41: 0.8857
 -- Sample 42: 0.4206
 -- Sample 43: 0.3823
 -- Sample 44: 0.4529
 -- Sample 45: 0.4821
 -- Sample 46: 0.9006
 -- Sample 47: 0.7139
 -- Sample 48: 0.8915
 -- Sample 49: 0.9030
Mean=0.7885, Std=0.1771
------------------------------------------------------------------
    Evaluating Ko et al (D2 N4)
Bias Error: using Single Component
Mean: 29.0564, Std: 32.3661
------------------------------------------------------------------
Magnitude Error: 
 -- Sample 0: mean=71.8932%; std=70.1387
 -- Sample 1: mean=76.3436%; std=67.0971
 -- Sample 2: mean=47.5507%; std=23.2208
 -- Sample 3: mean=55.7131%; std=28.5471
 -- Sample 4: mean=39.0987%; std=20.5160
 -- Sample 5: mean=49.3759%; std=27.6278
 -- Sample 6: mean=62.5585%; std=75.2083
 -- Sample 7: mean=65.3910%; std=105.0145
 -- Sample 8: mean=71.4918%; std=107.0489
 -- Sample 9: mean=50.8648%; std=61.1798
 -- Sample 10: mean=44.8228%; std=29.7320
 -- Sample 11: mean=55.1471%; std=41.5558
 -- Sample 12: mean=49.4366%; std=37.5175
 -- Sample 13: mean=41.7635%; std=32.3639
 -- Sample 14: mean=30.9718%; std=18.5976
 -- Sample 15: mean=26.0027%; std=20.1680
 -- Sample 16: mean=29.9134%; std=22.7277
 -- Sample 17: mean=33.8381%; std=20.5163
 -- Sample 18: mean=15.2499%; std=11.0770
 -- Sample 19: mean=12.8509%; std=10.8606
 -- Sample 20: mean=16.4505%; std=11.9895
 -- Sample 21: mean=15.6930%; std=11.8004
 -- Sample 22: mean=37.5402%; std=14.3236
 -- Sample 23: mean=42.5220%; std=14.8251
 -- Sample 24: mean=41.2883%; std=15.1263
 -- Sample 25: mean=39.6122%; std=15.6134
 -- Sample 26: mean=34.2281%; std=22.5937
 -- Sample 27: mean=35.0113%; std=23.9389
 -- Sample 28: mean=33.8007%; std=24.1220
 -- Sample 29: mean=33.9817%; std=25.3577
 -- Sample 30: mean=46.7581%; std=43.5151
 -- Sample 31: mean=53.1012%; std=52.6515
 -- Sample 32: mean=48.3444%; std=40.0327
 -- Sample 33: mean=50.0048%; std=41.7864
 -- Sample 34: mean=68.8281%; std=74.2111
 -- Sample 35: mean=64.7453%; std=77.4439
 -- Sample 36: mean=62.2782%; std=83.0013
 -- Sample 37: mean=93.3277%; std=88.2246
 -- Sample 38: mean=25.1123%; std=19.1590
 -- Sample 39: mean=31.3834%; std=20.5095
 -- Sample 40: mean=37.5589%; std=17.1899
 -- Sample 41: mean=36.8662%; std=14.9086
 -- Sample 42: mean=182.0560%; std=192.1820
 -- Sample 43: mean=195.4785%; std=192.6632
 -- Sample 44: mean=216.2205%; std=210.0798
 -- Sample 45: mean=168.2778%; std=168.2989
 -- Sample 46: mean=29.2000%; std=20.4488
 -- Sample 47: mean=31.8206%; std=19.3349
 -- Sample 48: mean=33.5245%; std=18.0330
 -- Sample 49: mean=32.2440%; std=20.1049
Mean: 55.3507%, Std: 43.4157%
------------------------------------------------------------------
Correlation comparison:
 -- Sample 0: 0.8722
 -- Sample 1: 0.8419
 -- Sample 2: 0.8628
 -- Sample 3: 0.8230
 -- Sample 4: 0.8975
 -- Sample 5: 0.8430
 -- Sample 6: 0.8018
 -- Sample 7: 0.7681
 -- Sample 8: 0.7985
 -- Sample 9: 0.8654
 -- Sample 10: 0.8341
 -- Sample 11: 0.7934
 -- Sample 12: 0.8262
 -- Sample 13: 0.8313
 -- Sample 14: 0.9211
 -- Sample 15: 0.9361
 -- Sample 16: 0.9126
 -- Sample 17: 0.8963
 -- Sample 18: 0.9803
 -- Sample 19: 0.9795
 -- Sample 20: 0.9731
 -- Sample 21: 0.9800
 -- Sample 22: 0.9805
 -- Sample 23: 0.9641
 -- Sample 24: 0.9688
 -- Sample 25: 0.9743
 -- Sample 26: 0.9115
 -- Sample 27: 0.8952
 -- Sample 28: 0.9041
 -- Sample 29: 0.9120
 -- Sample 30: 0.8633
 -- Sample 31: 0.8426
 -- Sample 32: 0.8815
 -- Sample 33: 0.8613
 -- Sample 34: 0.8662
 -- Sample 35: 0.8763
 -- Sample 36: 0.8035
 -- Sample 37: 0.8348
 -- Sample 38: 0.9649
 -- Sample 39: 0.9473
 -- Sample 40: 0.9435
 -- Sample 41: 0.9648
 -- Sample 42: 0.5477
 -- Sample 43: 0.5845
 -- Sample 44: 0.5705
 -- Sample 45: 0.6295
 -- Sample 46: 0.9049
 -- Sample 47: 0.9012
 -- Sample 48: 0.9000
 -- Sample 49: 0.8858
Mean=0.8665, Std=0.1010
------------------------------------------------------------------
    Evaluating Ko et al (D3 N4)
Bias Error: using Single Component
Mean: 19.0268, Std: 14.7424
------------------------------------------------------------------
Magnitude Error: 
 -- Sample 0: mean=55.0308%; std=73.0982
 -- Sample 1: mean=54.0762%; std=65.1056
 -- Sample 2: mean=26.3486%; std=16.6254
 -- Sample 3: mean=24.6364%; std=16.3729
 -- Sample 4: mean=24.8736%; std=19.1809
 -- Sample 5: mean=26.7771%; std=18.3253
 -- Sample 6: mean=61.6837%; std=70.1338
 -- Sample 7: mean=61.5111%; std=86.6996
 -- Sample 8: mean=66.8794%; std=92.7038
 -- Sample 9: mean=82.4879%; std=94.0879
 -- Sample 10: mean=41.4240%; std=24.4969
 -- Sample 11: mean=47.6835%; std=27.0754
 -- Sample 12: mean=51.1292%; std=27.3798
 -- Sample 13: mean=53.7374%; std=34.7073
 -- Sample 14: mean=31.5038%; std=18.1564
 -- Sample 15: mean=32.2862%; std=22.3937
 -- Sample 16: mean=25.0332%; std=18.4799
 -- Sample 17: mean=26.4338%; std=19.9493
 -- Sample 18: mean=17.8344%; std=12.8659
 -- Sample 19: mean=17.7670%; std=12.1965
 -- Sample 20: mean=17.9693%; std=12.7315
 -- Sample 21: mean=21.0620%; std=14.1093
 -- Sample 22: mean=45.7677%; std=18.2096
 -- Sample 23: mean=43.9893%; std=19.9399
 -- Sample 24: mean=43.8831%; std=18.3343
 -- Sample 25: mean=41.5813%; std=18.4674
 -- Sample 26: mean=36.4579%; std=23.7614
 -- Sample 27: mean=35.2193%; std=22.5654
 -- Sample 28: mean=33.3689%; std=23.2308
 -- Sample 29: mean=36.0329%; std=26.1409
 -- Sample 30: mean=45.9923%; std=31.6449
 -- Sample 31: mean=43.9957%; std=29.8514
 -- Sample 32: mean=37.7573%; std=23.8587
 -- Sample 33: mean=42.6117%; std=29.6651
 -- Sample 34: mean=63.4254%; std=66.2640
 -- Sample 35: mean=62.6015%; std=61.9300
 -- Sample 36: mean=74.5108%; std=51.1448
 -- Sample 37: mean=71.6351%; std=55.1744
 -- Sample 38: mean=28.1283%; std=17.9951
 -- Sample 39: mean=31.1685%; std=21.2015
 -- Sample 40: mean=28.5349%; std=20.7316
 -- Sample 41: mean=26.2360%; std=19.1400
 -- Sample 42: mean=59.1134%; std=67.4039
 -- Sample 43: mean=73.5572%; std=75.5166
 -- Sample 44: mean=68.7703%; std=66.3121
 -- Sample 45: mean=73.9605%; std=80.2147
 -- Sample 46: mean=22.6670%; std=20.6919
 -- Sample 47: mean=22.8230%; std=18.9028
 -- Sample 48: mean=21.8730%; std=18.2876
 -- Sample 49: mean=21.9933%; std=18.1170
Mean: 42.1165%, Std: 17.8703%
------------------------------------------------------------------
Correlation comparison:
 -- Sample 0: 0.8655
 -- Sample 1: 0.8699
 -- Sample 2: 0.9569
 -- Sample 3: 0.9700
 -- Sample 4: 0.9621
 -- Sample 5: 0.9564
 -- Sample 6: 0.7726
 -- Sample 7: 0.7705
 -- Sample 8: 0.7496
 -- Sample 9: 0.7070
 -- Sample 10: 0.8373
 -- Sample 11: 0.7645
 -- Sample 12: 0.7620
 -- Sample 13: 0.7916
 -- Sample 14: 0.9525
 -- Sample 15: 0.8953
 -- Sample 16: 0.9518
 -- Sample 17: 0.9466
 -- Sample 18: 0.9606
 -- Sample 19: 0.9708
 -- Sample 20: 0.9648
 -- Sample 21: 0.9565
 -- Sample 22: 0.9024
 -- Sample 23: 0.9127
 -- Sample 24: 0.9397
 -- Sample 25: 0.9192
 -- Sample 26: 0.9078
 -- Sample 27: 0.9091
 -- Sample 28: 0.9129
 -- Sample 29: 0.9108
 -- Sample 30: 0.8467
 -- Sample 31: 0.8762
 -- Sample 32: 0.8761
 -- Sample 33: 0.8518
 -- Sample 34: 0.8487
 -- Sample 35: 0.8572
 -- Sample 36: 0.8845
 -- Sample 37: 0.8680
 -- Sample 38: 0.9221
 -- Sample 39: 0.9134
 -- Sample 40: 0.9187
 -- Sample 41: 0.9309
 -- Sample 42: 0.8058
 -- Sample 43: 0.7972
 -- Sample 44: 0.7919
 -- Sample 45: 0.7346
 -- Sample 46: 0.9520
 -- Sample 47: 0.9593
 -- Sample 48: 0.9582
 -- Sample 49: 0.9518
Mean=0.8839, Std=0.0723
------------------------------------------------------------------
    Evaluating Ko et al (D3 N0)
