 Model's trainable parameters
 Model {model_name}: {mh.get_n_trainable_params(model)}
Starting test routine...
========================================================================================================================



  Spherical Pores  results:


Loading data...
Testing model:   Ko et. al (Etapa 3)
Processing Batch 1 (Size: 50)...
input shape:  torch.Size([50, 1, 120, 120, 120])
output shape:  torch.Size([50, 1, 120, 120, 120])
target shape:  torch.Size([50, 1, 120, 120, 120])
torch.Size([50, 1, 120, 120, 120])
Bias Error: using Single Component
Mean: 137.4585, Std: 247.0055
------------------------------------------------------------------
Magnitude Error: 
 -- Sample 0: mean=36.1770%; std=26.1644
 -- Sample 1: mean=36.2372%; std=27.4577
 -- Sample 2: mean=36.4745%; std=26.3620
 -- Sample 3: mean=36.0096%; std=25.5771
 -- Sample 4: mean=36.8083%; std=29.8093
 -- Sample 5: mean=35.3106%; std=24.2543
 -- Sample 6: mean=38.2055%; std=30.9993
 -- Sample 7: mean=37.2953%; std=28.3972
 -- Sample 8: mean=47.4301%; std=44.7122
 -- Sample 9: mean=50.7076%; std=50.1702
 -- Sample 10: mean=44.1473%; std=38.6029
 -- Sample 11: mean=51.3668%; std=52.7812
 -- Sample 12: mean=37.6723%; std=23.6687
 -- Sample 13: mean=29.2601%; std=22.4224
 -- Sample 14: mean=33.6790%; std=24.6801
 -- Sample 15: mean=33.0143%; std=23.1672
 -- Sample 16: mean=36.9821%; std=33.0343
 -- Sample 17: mean=41.4159%; std=43.5781
 -- Sample 18: mean=35.4306%; std=37.5744
 -- Sample 19: mean=40.0084%; std=40.5818
 -- Sample 20: mean=31.1075%; std=21.7018
 -- Sample 21: mean=33.1602%; std=22.0818
 -- Sample 22: mean=28.1854%; std=22.3890
 -- Sample 23: mean=33.4792%; std=24.0757
 -- Sample 24: mean=53.2943%; std=41.4590
 -- Sample 25: mean=45.5538%; std=32.8575
 -- Sample 26: mean=58.8475%; std=39.9260
 -- Sample 27: mean=46.8632%; std=31.1075
 -- Sample 28: mean=77.0171%; std=87.6056
 -- Sample 29: mean=61.4653%; std=68.3936
 -- Sample 30: mean=71.6329%; std=62.6982
 -- Sample 31: mean=60.7326%; std=53.0990
 -- Sample 32: mean=23.4439%; std=19.4832
 -- Sample 33: mean=25.0623%; std=19.6062
 -- Sample 34: mean=23.9622%; std=20.0192
 -- Sample 35: mean=24.7261%; std=20.0295
 -- Sample 36: mean=26.6359%; std=20.1871
 -- Sample 37: mean=28.2837%; std=22.4426
 -- Sample 38: mean=29.1187%; std=21.3283
 -- Sample 39: mean=28.5914%; std=22.1502
 -- Sample 40: mean=25.4969%; std=19.5109
 -- Sample 41: mean=23.4280%; std=18.6516
 -- Sample 42: mean=23.1898%; std=20.2518
 -- Sample 43: mean=22.4403%; std=19.6856
 -- Sample 44: mean=31.4559%; std=21.3090
 -- Sample 45: mean=26.2082%; std=21.7600
 -- Sample 46: mean=31.9444%; std=23.6308
 -- Sample 47: mean=28.4756%; std=24.3262
 -- Sample 48: mean=37.1803%; std=28.9910
 -- Sample 49: mean=28.3387%; std=21.3937
Mean: 37.2591%, Std: 12.4051%
------------------------------------------------------------------
Correlation comparison:
 -- Sample 0: 0.9282
 -- Sample 1: 0.9273
 -- Sample 2: 0.9255
 -- Sample 3: 0.9280
 -- Sample 4: 0.9226
 -- Sample 5: 0.9446
 -- Sample 6: 0.9199
 -- Sample 7: 0.9378
 -- Sample 8: 0.9006
 -- Sample 9: 0.8951
 -- Sample 10: 0.9049
 -- Sample 11: 0.8891
 -- Sample 12: 0.9072
 -- Sample 13: 0.9554
 -- Sample 14: 0.9390
 -- Sample 15: 0.9551
 -- Sample 16: 0.9174
 -- Sample 17: 0.8633
 -- Sample 18: 0.9333
 -- Sample 19: 0.8863
 -- Sample 20: 0.9610
 -- Sample 21: 0.9373
 -- Sample 22: 0.9585
 -- Sample 23: 0.9307
 -- Sample 24: 0.8897
 -- Sample 25: 0.9256
 -- Sample 26: 0.8521
 -- Sample 27: 0.9129
 -- Sample 28: 0.8087
 -- Sample 29: 0.8452
 -- Sample 30: 0.8727
 -- Sample 31: 0.8802
 -- Sample 32: 0.9649
 -- Sample 33: 0.9659
 -- Sample 34: 0.9662
 -- Sample 35: 0.9643
 -- Sample 36: 0.9593
 -- Sample 37: 0.9623
 -- Sample 38: 0.9528
 -- Sample 39: 0.9610
 -- Sample 40: 0.9648
 -- Sample 41: 0.9681
 -- Sample 42: 0.9665
 -- Sample 43: 0.9742
 -- Sample 44: 0.9513
 -- Sample 45: 0.9627
 -- Sample 46: 0.9427
 -- Sample 47: 0.9536
 -- Sample 48: 0.9406
 -- Sample 49: 0.9559
Mean=0.9286, Std=0.0369
------------------------------------------------------------------
Processing Batch 2 (Size: 50)...
input shape:  torch.Size([50, 1, 120, 120, 120])
output shape:  torch.Size([50, 1, 120, 120, 120])
target shape:  torch.Size([50, 1, 120, 120, 120])
torch.Size([50, 1, 120, 120, 120])
Bias Error: using Single Component
Mean: 72.2086, Std: 127.9573
------------------------------------------------------------------
Magnitude Error: 
 -- Sample 0: mean=33.9877%; std=25.3044
 -- Sample 1: mean=30.9795%; std=21.8565
 -- Sample 2: mean=32.4434%; std=20.8560
 -- Sample 3: mean=30.0907%; std=20.0330
 -- Sample 4: mean=35.1365%; std=20.9719
 -- Sample 5: mean=28.7523%; std=20.8628
 -- Sample 6: mean=26.2041%; std=19.3150
 -- Sample 7: mean=30.1049%; std=25.8886
 -- Sample 8: mean=26.3163%; std=18.3133
 -- Sample 9: mean=32.7696%; std=28.9161
 -- Sample 10: mean=54.5254%; std=47.7920
 -- Sample 11: mean=34.6724%; std=32.6553
 -- Sample 12: mean=49.9431%; std=40.7631
 -- Sample 13: mean=41.5069%; std=39.9943
 -- Sample 14: mean=20.9480%; std=16.0783
 -- Sample 15: mean=20.8521%; std=15.8251
 -- Sample 16: mean=21.4124%; std=16.4989
 -- Sample 17: mean=22.9783%; std=16.8325
 -- Sample 18: mean=20.2943%; std=17.0600
 -- Sample 19: mean=19.0132%; std=16.1698
 -- Sample 20: mean=20.0511%; std=16.8975
 -- Sample 21: mean=18.8446%; std=15.7844
 -- Sample 22: mean=24.0072%; std=18.5192
 -- Sample 23: mean=24.8094%; std=21.4032
 -- Sample 24: mean=22.9920%; std=18.1651
 -- Sample 25: mean=25.3518%; std=22.9406
 -- Sample 26: mean=18.9360%; std=15.6155
 -- Sample 27: mean=20.2781%; std=15.9041
 -- Sample 28: mean=19.3122%; std=15.4364
 -- Sample 29: mean=20.2478%; std=17.3502
 -- Sample 30: mean=18.3013%; std=15.0494
 -- Sample 31: mean=19.5871%; std=16.4737
 -- Sample 32: mean=17.8480%; std=14.4322
 -- Sample 33: mean=19.5811%; std=17.0691
 -- Sample 34: mean=22.9625%; std=17.5048
 -- Sample 35: mean=18.5316%; std=14.3833
 -- Sample 36: mean=20.5265%; std=16.4226
 -- Sample 37: mean=20.7877%; std=15.0867
 -- Sample 38: mean=19.9406%; std=15.5012
 -- Sample 39: mean=17.5245%; std=14.0226
 -- Sample 40: mean=22.1302%; std=16.6560
 -- Sample 41: mean=16.0932%; std=12.7649
 -- Sample 42: mean=28.3556%; std=26.4157
 -- Sample 43: mean=19.0146%; std=16.1433
 -- Sample 44: mean=23.3411%; std=20.6714
 -- Sample 45: mean=20.4115%; std=15.3084
 -- Sample 46: mean=15.9188%; std=13.8406
 -- Sample 47: mean=16.0762%; std=13.7857
 -- Sample 48: mean=16.5194%; std=14.6029
 -- Sample 49: mean=16.9954%; std=13.9480
Mean: 24.3642%, Std: 8.1371%
------------------------------------------------------------------
Correlation comparison:
 -- Sample 0: 0.9484
 -- Sample 1: 0.9515
 -- Sample 2: 0.9513
 -- Sample 3: 0.9402
 -- Sample 4: 0.9339
 -- Sample 5: 0.9516
 -- Sample 6: 0.9591
 -- Sample 7: 0.9523
 -- Sample 8: 0.9613
 -- Sample 9: 0.9440
 -- Sample 10: 0.9147
 -- Sample 11: 0.9510
 -- Sample 12: 0.9280
 -- Sample 13: 0.9213
 -- Sample 14: 0.9758
 -- Sample 15: 0.9769
 -- Sample 16: 0.9747
 -- Sample 17: 0.9733
 -- Sample 18: 0.9715
 -- Sample 19: 0.9760
 -- Sample 20: 0.9731
 -- Sample 21: 0.9760
 -- Sample 22: 0.9840
 -- Sample 23: 0.9753
 -- Sample 24: 0.9830
 -- Sample 25: 0.9713
 -- Sample 26: 0.9754
 -- Sample 27: 0.9759
 -- Sample 28: 0.9785
 -- Sample 29: 0.9765
 -- Sample 30: 0.9815
 -- Sample 31: 0.9789
 -- Sample 32: 0.9835
 -- Sample 33: 0.9738
 -- Sample 34: 0.9679
 -- Sample 35: 0.9804
 -- Sample 36: 0.9745
 -- Sample 37: 0.9788
 -- Sample 38: 0.9803
 -- Sample 39: 0.9842
 -- Sample 40: 0.9765
 -- Sample 41: 0.9842
 -- Sample 42: 0.9598
 -- Sample 43: 0.9844
 -- Sample 44: 0.9729
 -- Sample 45: 0.9799
 -- Sample 46: 0.9849
 -- Sample 47: 0.9821
 -- Sample 48: 0.9828
 -- Sample 49: 0.9804
Mean=0.9679, Std=0.0174
------------------------------------------------------------------
Processing Batch 3 (Size: 28)...
input shape:  torch.Size([28, 1, 120, 120, 120])
output shape:  torch.Size([28, 1, 120, 120, 120])
target shape:  torch.Size([28, 1, 120, 120, 120])
torch.Size([28, 1, 120, 120, 120])
Bias Error: using Single Component
Mean: 513.8006, Std: 1125.4873
------------------------------------------------------------------
Magnitude Error: 
 -- Sample 0: mean=16.3993%; std=13.5119
 -- Sample 1: mean=16.9580%; std=13.8620
 -- Sample 2: mean=15.9344%; std=13.0231
 -- Sample 3: mean=16.1218%; std=13.6261
 -- Sample 4: mean=19.6351%; std=16.1337
 -- Sample 5: mean=19.5112%; std=18.3292
 -- Sample 6: mean=17.7484%; std=15.0882
 -- Sample 7: mean=21.2708%; std=18.9166
 -- Sample 8: mean=17.5579%; std=12.8080
 -- Sample 9: mean=16.5258%; std=13.5176
 -- Sample 10: mean=17.4599%; std=13.1728
 -- Sample 11: mean=17.5164%; std=14.0414
 -- Sample 12: mean=16.9532%; std=12.9307
 -- Sample 13: mean=19.0302%; std=15.2456
 -- Sample 14: mean=15.9287%; std=13.5258
 -- Sample 15: mean=17.5102%; std=13.5764
 -- Sample 16: mean=18.4597%; std=12.1610
 -- Sample 17: mean=17.7896%; std=11.5088
 -- Sample 18: mean=19.3493%; std=13.7053
 -- Sample 19: mean=18.2983%; std=12.5076
 -- Sample 20: mean=18.4075%; std=15.6703
 -- Sample 21: mean=17.3237%; std=12.5195
 -- Sample 22: mean=18.6272%; std=14.3143
 -- Sample 23: mean=16.8594%; std=12.8166
 -- Sample 24: mean=21.5554%; std=16.9518
 -- Sample 25: mean=23.8436%; std=15.9925
 -- Sample 26: mean=20.4490%; std=15.4576
 -- Sample 27: mean=22.9001%; std=15.6844
Mean: 18.4259%, Std: 2.0084%
------------------------------------------------------------------
Correlation comparison:
 -- Sample 0: 0.9808
 -- Sample 1: 0.9790
 -- Sample 2: 0.9818
 -- Sample 3: 0.9808
 -- Sample 4: 0.9805
 -- Sample 5: 0.9780
 -- Sample 6: 0.9850
 -- Sample 7: 0.9739
 -- Sample 8: 0.9808
 -- Sample 9: 0.9831
 -- Sample 10: 0.9827
 -- Sample 11: 0.9824
 -- Sample 12: 0.9833
 -- Sample 13: 0.9764
 -- Sample 14: 0.9825
 -- Sample 15: 0.9808
 -- Sample 16: 0.9837
 -- Sample 17: 0.9875
 -- Sample 18: 0.9817
 -- Sample 19: 0.9863
 -- Sample 20: 0.9790
 -- Sample 21: 0.9858
 -- Sample 22: 0.9818
 -- Sample 23: 0.9818
 -- Sample 24: 0.9784
 -- Sample 25: 0.9693
 -- Sample 26: 0.9807
 -- Sample 27: 0.9722
Mean=0.9807, Std=0.0040
------------------------------------------------------------------

-----------------------------------------------------


========================================================================================================================



  Spherical Grains  results:


Loading data...
Testing model:   Ko et. al (Etapa 3)
Processing Batch 1 (Size: 50)...
input shape:  torch.Size([50, 1, 120, 120, 120])
output shape:  torch.Size([50, 1, 120, 120, 120])
target shape:  torch.Size([50, 1, 120, 120, 120])
torch.Size([50, 1, 120, 120, 120])
Bias Error: using Single Component
Mean: 210.8548, Std: 443.5835
------------------------------------------------------------------
Magnitude Error: 
 -- Sample 0: mean=45.0696%; std=21.8292
 -- Sample 1: mean=38.9361%; std=22.8778
 -- Sample 2: mean=35.6710%; std=23.3345
 -- Sample 3: mean=41.6690%; std=25.9475
 -- Sample 4: mean=17.6743%; std=14.4324
 -- Sample 5: mean=22.5664%; std=22.9414
 -- Sample 6: mean=18.6380%; std=16.2768
 -- Sample 7: mean=32.9569%; std=28.1730
 -- Sample 8: mean=36.9971%; std=20.6595
 -- Sample 9: mean=35.2934%; std=22.5288
 -- Sample 10: mean=37.6782%; std=22.1879
 -- Sample 11: mean=29.8779%; std=25.2070
 -- Sample 12: mean=49.9606%; std=31.7472
 -- Sample 13: mean=49.2409%; std=35.7445
 -- Sample 14: mean=39.1932%; std=33.5481
 -- Sample 15: mean=47.8200%; std=36.4385
 -- Sample 16: mean=66.7357%; std=86.5396
 -- Sample 17: mean=61.8566%; std=65.3880
 -- Sample 18: mean=65.6481%; std=74.8917
 -- Sample 19: mean=64.6623%; std=68.2855
 -- Sample 20: mean=34.2002%; std=18.8533
 -- Sample 21: mean=29.0440%; std=19.3801
 -- Sample 22: mean=32.2162%; std=21.0629
 -- Sample 23: mean=33.4933%; std=19.8102
 -- Sample 24: mean=753.5794%; std=1498.6371
 -- Sample 25: mean=1354.7594%; std=2801.7666
 -- Sample 26: mean=520.3873%; std=1258.5515
 -- Sample 27: mean=1436.4359%; std=2799.2019
 -- Sample 28: mean=50.3683%; std=30.8535
 -- Sample 29: mean=47.0369%; std=24.1032
 -- Sample 30: mean=53.3440%; std=31.1936
 -- Sample 31: mean=47.3574%; std=27.4979
 -- Sample 32: mean=107.4733%; std=117.6352
 -- Sample 33: mean=87.6449%; std=93.6491
 -- Sample 34: mean=95.3839%; std=98.6859
 -- Sample 35: mean=80.3744%; std=68.8863
 -- Sample 36: mean=51.4510%; std=50.3865
 -- Sample 37: mean=41.5877%; std=27.4529
 -- Sample 38: mean=60.1840%; std=59.1631
 -- Sample 39: mean=61.5593%; std=62.9808
 -- Sample 40: mean=32.5499%; std=19.0153
 -- Sample 41: mean=27.6713%; std=18.2162
 -- Sample 42: mean=37.9997%; std=20.5348
 -- Sample 43: mean=27.1753%; std=17.5685
 -- Sample 44: mean=61.0861%; std=44.9998
 -- Sample 45: mean=64.8033%; std=49.6815
 -- Sample 46: mean=55.6001%; std=40.4704
 -- Sample 47: mean=50.7734%; std=43.0890
 -- Sample 48: mean=22.8984%; std=20.3149
 -- Sample 49: mean=36.1339%; std=21.5931
Mean: 124.6543%, Std: 285.6484%
------------------------------------------------------------------
Correlation comparison:
 -- Sample 0: 0.9090
 -- Sample 1: 0.9374
 -- Sample 2: 0.9397
 -- Sample 3: 0.9208
 -- Sample 4: 0.9890
 -- Sample 5: 0.9760
 -- Sample 6: 0.9902
 -- Sample 7: 0.9731
 -- Sample 8: 0.9594
 -- Sample 9: 0.9758
 -- Sample 10: 0.9556
 -- Sample 11: 0.9747
 -- Sample 12: 0.9411
 -- Sample 13: 0.8960
 -- Sample 14: 0.9511
 -- Sample 15: 0.8988
 -- Sample 16: 0.9134
 -- Sample 17: 0.9412
 -- Sample 18: 0.9277
 -- Sample 19: 0.9259
 -- Sample 20: 0.9701
 -- Sample 21: 0.9744
 -- Sample 22: 0.9644
 -- Sample 23: 0.9580
 -- Sample 24: 0.1789
 -- Sample 25: 0.3105
 -- Sample 26: 0.2026
 -- Sample 27: 0.3124
 -- Sample 28: 0.8800
 -- Sample 29: 0.9604
 -- Sample 30: 0.8570
 -- Sample 31: 0.9390
 -- Sample 32: 0.7353
 -- Sample 33: 0.7746
 -- Sample 34: 0.7303
 -- Sample 35: 0.8614
 -- Sample 36: 0.9401
 -- Sample 37: 0.9578
 -- Sample 38: 0.8997
 -- Sample 39: 0.9350
 -- Sample 40: 0.9614
 -- Sample 41: 0.9803
 -- Sample 42: 0.9480
 -- Sample 43: 0.9781
 -- Sample 44: 0.9490
 -- Sample 45: 0.9447
 -- Sample 46: 0.9640
 -- Sample 47: 0.9587
 -- Sample 48: 0.9873
 -- Sample 49: 0.9249
Mean=0.8767, Std=0.1935
------------------------------------------------------------------
Processing Batch 2 (Size: 50)...
input shape:  torch.Size([50, 1, 120, 120, 120])
output shape:  torch.Size([50, 1, 120, 120, 120])
target shape:  torch.Size([50, 1, 120, 120, 120])
torch.Size([50, 1, 120, 120, 120])
Bias Error: using Single Component
Mean: 87.9203, Std: 156.6059
------------------------------------------------------------------
Magnitude Error: 
 -- Sample 0: mean=23.2402%; std=20.1063
 -- Sample 1: mean=34.5674%; std=21.5604
 -- Sample 2: mean=29.6213%; std=20.9099
 -- Sample 3: mean=22.4983%; std=16.8045
 -- Sample 4: mean=28.8398%; std=21.1521
 -- Sample 5: mean=26.4718%; std=21.7807
 -- Sample 6: mean=34.4890%; std=27.3081
 -- Sample 7: mean=22.8043%; std=15.9768
 -- Sample 8: mean=35.3077%; std=28.4306
 -- Sample 9: mean=27.9689%; std=14.7195
 -- Sample 10: mean=54.0890%; std=58.0299
 -- Sample 11: mean=161.2678%; std=389.9510
 -- Sample 12: mean=63.7515%; std=43.0300
 -- Sample 13: mean=156.0781%; std=403.2818
 -- Sample 14: mean=43.1839%; std=26.2971
 -- Sample 15: mean=30.5140%; std=30.8368
 -- Sample 16: mean=35.2219%; std=25.0102
 -- Sample 17: mean=28.9262%; std=28.7083
 -- Sample 18: mean=27.7428%; std=17.3793
 -- Sample 19: mean=33.4525%; std=19.9132
 -- Sample 20: mean=34.5891%; std=20.5459
 -- Sample 21: mean=32.2370%; std=16.6742
 -- Sample 22: mean=38.1290%; std=20.2051
 -- Sample 23: mean=43.3946%; std=25.0405
 -- Sample 24: mean=40.9722%; std=23.5876
 -- Sample 25: mean=39.8564%; std=21.0520
 -- Sample 26: mean=19.6831%; std=10.3517
 -- Sample 27: mean=27.6212%; std=14.7191
 -- Sample 28: mean=23.6219%; std=10.9577
 -- Sample 29: mean=26.5955%; std=16.7492
 -- Sample 30: mean=38.6699%; std=18.1930
 -- Sample 31: mean=34.0512%; std=19.9865
 -- Sample 32: mean=37.7936%; std=17.2124
 -- Sample 33: mean=37.4300%; std=19.2494
 -- Sample 34: mean=38.6988%; std=26.8751
 -- Sample 35: mean=38.5274%; std=28.9486
 -- Sample 36: mean=41.8438%; std=28.2225
 -- Sample 37: mean=33.3346%; std=25.9452
 -- Sample 38: mean=33.5625%; std=25.7652
 -- Sample 39: mean=30.9241%; std=18.5666
 -- Sample 40: mean=36.1084%; std=22.2119
 -- Sample 41: mean=39.6684%; std=19.3836
 -- Sample 42: mean=51.8532%; std=81.7767
 -- Sample 43: mean=37.0103%; std=37.6720
 -- Sample 44: mean=39.3616%; std=55.7733
 -- Sample 45: mean=32.7973%; std=49.9091
 -- Sample 46: mean=25.4439%; std=21.8861
 -- Sample 47: mean=26.8218%; std=24.4216
 -- Sample 48: mean=25.9618%; std=21.6965
 -- Sample 49: mean=24.2299%; std=24.8204
Mean: 39.0166%, Std: 25.7875%
------------------------------------------------------------------
Correlation comparison:
 -- Sample 0: 0.9866
 -- Sample 1: 0.9496
 -- Sample 2: 0.9672
 -- Sample 3: 0.9830
 -- Sample 4: 0.9680
 -- Sample 5: 0.9782
 -- Sample 6: 0.9141
 -- Sample 7: 0.9723
 -- Sample 8: 0.9086
 -- Sample 9: 0.9756
 -- Sample 10: 0.3975
 -- Sample 11: 0.5098
 -- Sample 12: 0.3220
 -- Sample 13: 0.3880
 -- Sample 14: 0.9810
 -- Sample 15: 0.9781
 -- Sample 16: 0.9817
 -- Sample 17: 0.9771
 -- Sample 18: 0.9825
 -- Sample 19: 0.9736
 -- Sample 20: 0.9679
 -- Sample 21: 0.9738
 -- Sample 22: 0.9719
 -- Sample 23: 0.9362
 -- Sample 24: 0.9544
 -- Sample 25: 0.9352
 -- Sample 26: 0.9908
 -- Sample 27: 0.9814
 -- Sample 28: 0.9893
 -- Sample 29: 0.9802
 -- Sample 30: 0.9745
 -- Sample 31: 0.9417
 -- Sample 32: 0.9798
 -- Sample 33: 0.9317
 -- Sample 34: 0.9143
 -- Sample 35: 0.9050
 -- Sample 36: 0.8994
 -- Sample 37: 0.9002
 -- Sample 38: 0.9692
 -- Sample 39: 0.9748
 -- Sample 40: 0.9593
 -- Sample 41: 0.9561
 -- Sample 42: 0.9344
 -- Sample 43: 0.9418
 -- Sample 44: 0.9455
 -- Sample 45: 0.9368
 -- Sample 46: 0.9694
 -- Sample 47: 0.9659
 -- Sample 48: 0.9719
 -- Sample 49: 0.9730
Mean=0.9144, Std=0.1536
------------------------------------------------------------------
Processing Batch 3 (Size: 28)...
input shape:  torch.Size([28, 1, 120, 120, 120])
output shape:  torch.Size([28, 1, 120, 120, 120])
target shape:  torch.Size([28, 1, 120, 120, 120])
torch.Size([28, 1, 120, 120, 120])
Bias Error: using Single Component
Mean: 118.3672, Std: 182.1412
------------------------------------------------------------------
Magnitude Error: 
 -- Sample 0: mean=24.9453%; std=16.8932
 -- Sample 1: mean=27.9421%; std=18.5091
 -- Sample 2: mean=28.5961%; std=18.9507
 -- Sample 3: mean=21.9512%; std=15.9936
 -- Sample 4: mean=29.3909%; std=24.4185
 -- Sample 5: mean=29.8446%; std=25.1554
 -- Sample 6: mean=29.1435%; std=20.1190
 -- Sample 7: mean=29.5207%; std=23.7626
 -- Sample 8: mean=37.3269%; std=34.8095
 -- Sample 9: mean=27.4962%; std=26.8027
 -- Sample 10: mean=35.3230%; std=32.2807
 -- Sample 11: mean=28.3549%; std=31.0680
 -- Sample 12: mean=26.0106%; std=17.6756
 -- Sample 13: mean=19.9179%; std=14.7841
 -- Sample 14: mean=22.5165%; std=19.2187
 -- Sample 15: mean=23.8477%; std=19.0355
 -- Sample 16: mean=25.0246%; std=20.2618
 -- Sample 17: mean=22.2515%; std=15.5290
 -- Sample 18: mean=21.7685%; std=17.5902
 -- Sample 19: mean=21.9131%; std=17.6867
 -- Sample 20: mean=35.9851%; std=25.9209
 -- Sample 21: mean=26.2720%; std=21.8242
 -- Sample 22: mean=34.3291%; std=27.1089
 -- Sample 23: mean=27.8823%; std=20.9732
 -- Sample 24: mean=30.0513%; std=22.4692
 -- Sample 25: mean=26.6370%; std=23.0181
 -- Sample 26: mean=31.1476%; std=25.0340
 -- Sample 27: mean=22.9294%; std=17.4033
Mean: 27.4400%, Std: 4.5132%
------------------------------------------------------------------
Correlation comparison:
 -- Sample 0: 0.9859
 -- Sample 1: 0.9715
 -- Sample 2: 0.9814
 -- Sample 3: 0.9827
 -- Sample 4: 0.9702
 -- Sample 5: 0.9558
 -- Sample 6: 0.9783
 -- Sample 7: 0.9547
 -- Sample 8: 0.9675
 -- Sample 9: 0.9685
 -- Sample 10: 0.9652
 -- Sample 11: 0.9618
 -- Sample 12: 0.9618
 -- Sample 13: 0.9684
 -- Sample 14: 0.9712
 -- Sample 15: 0.9582
 -- Sample 16: 0.9725
 -- Sample 17: 0.9739
 -- Sample 18: 0.9782
 -- Sample 19: 0.9666
 -- Sample 20: 0.9620
 -- Sample 21: 0.9816
 -- Sample 22: 0.9659
 -- Sample 23: 0.9851
 -- Sample 24: 0.9622
 -- Sample 25: 0.9678
 -- Sample 26: 0.9616
 -- Sample 27: 0.9724
Mean=0.9697, Std=0.0086
------------------------------------------------------------------

-----------------------------------------------------


========================================================================================================================



  Cylindrical Pores  results:


Loading data...
Testing model:   Ko et. al (Etapa 3)
Processing Batch 1 (Size: 50)...
input shape:  torch.Size([50, 1, 120, 120, 120])
output shape:  torch.Size([50, 1, 120, 120, 120])
target shape:  torch.Size([50, 1, 120, 120, 120])
torch.Size([50, 1, 120, 120, 120])
Bias Error: using Single Component
Mean: 182.3206, Std: 433.4856
------------------------------------------------------------------
Magnitude Error: 
 -- Sample 0: mean=54.8533%; std=17.5579
 -- Sample 1: mean=53.4149%; std=16.0302
 -- Sample 2: mean=51.7065%; std=17.3206
 -- Sample 3: mean=56.2189%; std=17.9866
 -- Sample 4: mean=47.1551%; std=32.3175
 -- Sample 5: mean=54.2613%; std=14.3965
 -- Sample 6: mean=49.7320%; std=33.9321
 -- Sample 7: mean=43.6123%; std=14.0758
 -- Sample 8: mean=51.5398%; std=26.2146
 -- Sample 9: mean=59.2234%; std=25.9189
 -- Sample 10: mean=50.7619%; std=27.8879
 -- Sample 11: mean=60.8766%; std=32.7292
 -- Sample 12: mean=40.0454%; std=27.2280
 -- Sample 13: mean=42.1476%; std=23.8863
 -- Sample 14: mean=49.2585%; std=25.7159
 -- Sample 15: mean=48.0688%; std=23.0332
 -- Sample 16: mean=65.0054%; std=18.6711
 -- Sample 17: mean=49.7570%; std=25.7645
 -- Sample 18: mean=63.0562%; std=21.7007
 -- Sample 19: mean=50.0674%; std=30.2845
 -- Sample 20: mean=56.2163%; std=23.0904
 -- Sample 21: mean=46.8478%; std=25.4226
 -- Sample 22: mean=49.2051%; std=22.3033
 -- Sample 23: mean=51.8421%; std=22.8834
 -- Sample 24: mean=67.8908%; std=17.7424
 -- Sample 25: mean=65.8070%; std=14.6050
 -- Sample 26: mean=69.3760%; std=16.8568
 -- Sample 27: mean=68.4760%; std=16.3737
 -- Sample 28: mean=40.1487%; std=38.5100
 -- Sample 29: mean=48.2685%; std=64.7238
 -- Sample 30: mean=40.0203%; std=34.5326
 -- Sample 31: mean=64.0886%; std=82.5965
 -- Sample 32: mean=55.2585%; std=32.5325
 -- Sample 33: mean=67.8753%; std=89.6928
 -- Sample 34: mean=64.5810%; std=29.0053
 -- Sample 35: mean=60.9639%; std=32.6551
 -- Sample 36: mean=52.4961%; std=27.3037
 -- Sample 37: mean=48.1305%; std=20.9752
 -- Sample 38: mean=58.8237%; std=20.7099
 -- Sample 39: mean=56.0016%; std=17.5275
 -- Sample 40: mean=37.6745%; std=30.1696
 -- Sample 41: mean=46.8065%; std=27.5220
 -- Sample 42: mean=46.0349%; std=20.6283
 -- Sample 43: mean=51.1846%; std=28.6842
 -- Sample 44: mean=70.5081%; std=54.8275
 -- Sample 45: mean=45.1511%; std=25.2586
 -- Sample 46: mean=71.9200%; std=44.0419
 -- Sample 47: mean=49.0392%; std=26.1234
 -- Sample 48: mean=59.8999%; std=30.5373
 -- Sample 49: mean=47.7719%; std=28.4782
Mean: 53.9814%, Std: 8.7945%
------------------------------------------------------------------
Correlation comparison:
 -- Sample 0: 0.9392
 -- Sample 1: 0.9595
 -- Sample 2: 0.9400
 -- Sample 3: 0.9315
 -- Sample 4: 0.7379
 -- Sample 5: 0.9151
 -- Sample 6: 0.6709
 -- Sample 7: 0.9495
 -- Sample 8: 0.8057
 -- Sample 9: 0.9053
 -- Sample 10: 0.8066
 -- Sample 11: 0.8442
 -- Sample 12: 0.9292
 -- Sample 13: 0.9072
 -- Sample 14: 0.9380
 -- Sample 15: 0.8676
 -- Sample 16: 0.9101
 -- Sample 17: 0.9276
 -- Sample 18: 0.9069
 -- Sample 19: 0.8852
 -- Sample 20: 0.8698
 -- Sample 21: 0.9136
 -- Sample 22: 0.9379
 -- Sample 23: 0.9147
 -- Sample 24: 0.9159
 -- Sample 25: 0.9191
 -- Sample 26: 0.9048
 -- Sample 27: 0.8852
 -- Sample 28: 0.7905
 -- Sample 29: 0.8924
 -- Sample 30: 0.8096
 -- Sample 31: 0.8251
 -- Sample 32: 0.8232
 -- Sample 33: 0.6942
 -- Sample 34: 0.8370
 -- Sample 35: 0.8518
 -- Sample 36: 0.8430
 -- Sample 37: 0.9439
 -- Sample 38: 0.8953
 -- Sample 39: 0.9373
 -- Sample 40: 0.5744
 -- Sample 41: 0.3866
 -- Sample 42: 0.5802
 -- Sample 43: 0.4100
 -- Sample 44: 0.6811
 -- Sample 45: 0.9381
 -- Sample 46: 0.7644
 -- Sample 47: 0.9360
 -- Sample 48: 0.7308
 -- Sample 49: 0.8200
Mean=0.8381, Std=0.1288
------------------------------------------------------------------
Processing Batch 2 (Size: 50)...
input shape:  torch.Size([50, 1, 120, 120, 120])
output shape:  torch.Size([50, 1, 120, 120, 120])
target shape:  torch.Size([50, 1, 120, 120, 120])
torch.Size([50, 1, 120, 120, 120])
Bias Error: using Single Component
Mean: 49.6882, Std: 32.7535
------------------------------------------------------------------
Magnitude Error: 
 -- Sample 0: mean=54.3007%; std=30.2820
 -- Sample 1: mean=44.3196%; std=26.7076
 -- Sample 2: mean=56.4925%; std=38.6801
 -- Sample 3: mean=52.8751%; std=59.0236
 -- Sample 4: mean=51.4113%; std=31.1402
 -- Sample 5: mean=57.9466%; std=58.0052
 -- Sample 6: mean=35.0039%; std=17.5251
 -- Sample 7: mean=32.3522%; std=20.1484
 -- Sample 8: mean=40.8490%; std=16.5832
 -- Sample 9: mean=32.1605%; std=20.0903
 -- Sample 10: mean=57.0555%; std=14.5989
 -- Sample 11: mean=55.7607%; std=19.0870
 -- Sample 12: mean=50.8126%; std=14.2732
 -- Sample 13: mean=56.0012%; std=18.6718
 -- Sample 14: mean=56.5059%; std=41.8377
 -- Sample 15: mean=57.0781%; std=85.6077
 -- Sample 16: mean=62.0663%; std=47.4308
 -- Sample 17: mean=65.2418%; std=78.8489
 -- Sample 18: mean=49.5816%; std=26.6351
 -- Sample 19: mean=53.2021%; std=23.8936
 -- Sample 20: mean=55.1059%; std=23.6966
 -- Sample 21: mean=54.0019%; std=27.3194
 -- Sample 22: mean=36.9913%; std=19.1737
 -- Sample 23: mean=44.4526%; std=19.7591
 -- Sample 24: mean=38.9696%; std=18.4821
 -- Sample 25: mean=41.2350%; std=19.9853
 -- Sample 26: mean=40.1919%; std=19.5128
 -- Sample 27: mean=45.2081%; std=16.5542
 -- Sample 28: mean=41.7156%; std=20.4704
 -- Sample 29: mean=41.8781%; std=17.4396
 -- Sample 30: mean=43.0898%; std=16.6901
 -- Sample 31: mean=38.1417%; std=18.6972
 -- Sample 32: mean=44.3903%; std=16.3404
 -- Sample 33: mean=36.4815%; std=18.5198
 -- Sample 34: mean=53.8207%; std=18.6825
 -- Sample 35: mean=50.5360%; std=20.0377
 -- Sample 36: mean=59.8413%; std=18.1975
 -- Sample 37: mean=55.2290%; std=18.7267
 -- Sample 38: mean=36.2512%; std=27.5715
 -- Sample 39: mean=34.7524%; std=29.6266
 -- Sample 40: mean=38.5390%; std=27.0596
 -- Sample 41: mean=42.9420%; std=28.5262
 -- Sample 42: mean=47.7436%; std=14.6714
 -- Sample 43: mean=45.5356%; std=19.6151
 -- Sample 44: mean=48.9536%; std=17.5340
 -- Sample 45: mean=44.8369%; std=20.5692
 -- Sample 46: mean=37.1150%; std=18.6471
 -- Sample 47: mean=38.3927%; std=17.8670
 -- Sample 48: mean=40.1219%; std=18.6145
 -- Sample 49: mean=40.9328%; std=16.4899
Mean: 46.7683%, Std: 8.4319%
------------------------------------------------------------------
Correlation comparison:
 -- Sample 0: 0.7616
 -- Sample 1: 0.8722
 -- Sample 2: 0.8291
 -- Sample 3: 0.8622
 -- Sample 4: 0.8452
 -- Sample 5: 0.8534
 -- Sample 6: 0.9622
 -- Sample 7: 0.9328
 -- Sample 8: 0.9709
 -- Sample 9: 0.9502
 -- Sample 10: 0.9585
 -- Sample 11: 0.9303
 -- Sample 12: 0.9681
 -- Sample 13: 0.9361
 -- Sample 14: 0.9290
 -- Sample 15: 0.8702
 -- Sample 16: 0.8917
 -- Sample 17: 0.8446
 -- Sample 18: 0.9431
 -- Sample 19: 0.9194
 -- Sample 20: 0.9517
 -- Sample 21: 0.8956
 -- Sample 22: 0.9632
 -- Sample 23: 0.9288
 -- Sample 24: 0.9630
 -- Sample 25: 0.9408
 -- Sample 26: 0.9573
 -- Sample 27: 0.9658
 -- Sample 28: 0.9600
 -- Sample 29: 0.9680
 -- Sample 30: 0.9488
 -- Sample 31: 0.9556
 -- Sample 32: 0.9548
 -- Sample 33: 0.9569
 -- Sample 34: 0.9342
 -- Sample 35: 0.9445
 -- Sample 36: 0.9023
 -- Sample 37: 0.9465
 -- Sample 38: 0.8948
 -- Sample 39: 0.9281
 -- Sample 40: 0.9029
 -- Sample 41: 0.9085
 -- Sample 42: 0.9556
 -- Sample 43: 0.9419
 -- Sample 44: 0.9464
 -- Sample 45: 0.9291
 -- Sample 46: 0.9629
 -- Sample 47: 0.9680
 -- Sample 48: 0.9639
 -- Sample 49: 0.9671
Mean=0.9268, Std=0.0442
------------------------------------------------------------------
Processing Batch 3 (Size: 20)...
input shape:  torch.Size([20, 1, 120, 120, 120])
output shape:  torch.Size([20, 1, 120, 120, 120])
target shape:  torch.Size([20, 1, 120, 120, 120])
torch.Size([20, 1, 120, 120, 120])
Bias Error: using Single Component
Mean: 63.5928, Std: 28.2826
------------------------------------------------------------------
Magnitude Error: 
 -- Sample 0: mean=43.0122%; std=17.0690
 -- Sample 1: mean=44.9505%; std=21.9636
 -- Sample 2: mean=44.2779%; std=19.3132
 -- Sample 3: mean=48.3612%; std=19.3480
 -- Sample 4: mean=43.7397%; std=21.1038
 -- Sample 5: mean=46.3300%; std=16.3046
 -- Sample 6: mean=45.4522%; std=21.8958
 -- Sample 7: mean=44.7157%; std=15.1779
 -- Sample 8: mean=38.3103%; std=14.6786
 -- Sample 9: mean=32.3295%; std=14.8100
 -- Sample 10: mean=34.5044%; std=12.3166
 -- Sample 11: mean=33.0404%; std=14.6646
 -- Sample 12: mean=55.2462%; std=18.0082
 -- Sample 13: mean=47.4344%; std=22.8421
 -- Sample 14: mean=52.7564%; std=15.0546
 -- Sample 15: mean=45.1723%; std=21.9531
 -- Sample 16: mean=35.7932%; std=14.7121
 -- Sample 17: mean=38.1670%; std=18.6908
 -- Sample 18: mean=38.6151%; std=18.3912
 -- Sample 19: mean=40.1578%; std=18.8614
Mean: 42.6183%, Std: 6.0466%
------------------------------------------------------------------
Correlation comparison:
 -- Sample 0: 0.9598
 -- Sample 1: 0.9361
 -- Sample 2: 0.9445
 -- Sample 3: 0.9404
 -- Sample 4: 0.9284
 -- Sample 5: 0.9675
 -- Sample 6: 0.9300
 -- Sample 7: 0.9653
 -- Sample 8: 0.9767
 -- Sample 9: 0.9733
 -- Sample 10: 0.9869
 -- Sample 11: 0.9763
 -- Sample 12: 0.9498
 -- Sample 13: 0.9206
 -- Sample 14: 0.9541
 -- Sample 15: 0.9346
 -- Sample 16: 0.9767
 -- Sample 17: 0.9302
 -- Sample 18: 0.9552
 -- Sample 19: 0.9378
Mean=0.9522, Std=0.0193
------------------------------------------------------------------

-----------------------------------------------------


========================================================================================================================



  Cylindrical Grains  results:


Loading data...
Testing model:   Ko et. al (Etapa 3)
Processing Batch 1 (Size: 50)...
input shape:  torch.Size([50, 1, 120, 120, 120])
output shape:  torch.Size([50, 1, 120, 120, 120])
target shape:  torch.Size([50, 1, 120, 120, 120])
torch.Size([50, 1, 120, 120, 120])
Bias Error: using Single Component
Mean: 227.9922, Std: 547.1187
------------------------------------------------------------------
Magnitude Error: 
 -- Sample 0: mean=22.2001%; std=16.7330
 -- Sample 1: mean=19.9742%; std=18.2341
 -- Sample 2: mean=19.0348%; std=17.4157
 -- Sample 3: mean=23.7037%; std=19.5351
 -- Sample 4: mean=23.9780%; std=17.9238
 -- Sample 5: mean=23.7562%; std=17.6621
 -- Sample 6: mean=25.1630%; std=19.8832
 -- Sample 7: mean=24.6221%; std=20.2652
 -- Sample 8: mean=48.0738%; std=35.3041
 -- Sample 9: mean=34.8465%; std=25.8595
 -- Sample 10: mean=51.4244%; std=38.7634
 -- Sample 11: mean=32.8651%; std=25.3877
 -- Sample 12: mean=23.4722%; std=16.7757
 -- Sample 13: mean=21.1619%; std=15.4467
 -- Sample 14: mean=22.2130%; std=16.5471
 -- Sample 15: mean=22.5811%; std=17.3672
 -- Sample 16: mean=42.0024%; std=32.3207
 -- Sample 17: mean=32.2455%; std=26.0741
 -- Sample 18: mean=38.7566%; std=34.2297
 -- Sample 19: mean=32.7379%; std=26.4114
 -- Sample 20: mean=24.5575%; std=17.4209
 -- Sample 21: mean=28.3145%; std=18.2322
 -- Sample 22: mean=20.7444%; std=14.6360
 -- Sample 23: mean=26.1600%; std=16.2411
 -- Sample 24: mean=33.0257%; std=21.6356
 -- Sample 25: mean=38.1238%; std=30.1482
 -- Sample 26: mean=35.0097%; std=21.3220
 -- Sample 27: mean=34.2505%; std=27.2782
 -- Sample 28: mean=24.7326%; std=17.2323
 -- Sample 29: mean=29.6890%; std=22.5220
 -- Sample 30: mean=26.4240%; std=16.4937
 -- Sample 31: mean=33.8978%; std=28.8154
 -- Sample 32: mean=30.0731%; std=18.7519
 -- Sample 33: mean=25.8329%; std=16.4644
 -- Sample 34: mean=28.5098%; std=20.3769
 -- Sample 35: mean=28.7059%; std=18.8431
 -- Sample 36: mean=30.2901%; std=19.7442
 -- Sample 37: mean=24.2697%; std=19.4852
 -- Sample 38: mean=24.8085%; std=19.3438
 -- Sample 39: mean=18.9458%; std=13.8012
 -- Sample 40: mean=57.7824%; std=42.6325
 -- Sample 41: mean=38.5523%; std=33.9510
 -- Sample 42: mean=60.9154%; std=40.5498
 -- Sample 43: mean=42.7496%; std=35.9786
 -- Sample 44: mean=43.1495%; std=35.2174
 -- Sample 45: mean=51.9237%; std=42.7462
 -- Sample 46: mean=55.2006%; std=47.2858
 -- Sample 47: mean=72.9569%; std=50.2043
 -- Sample 48: mean=28.5059%; std=19.8317
 -- Sample 49: mean=32.6083%; std=21.5284
Mean: 32.7105%, Std: 11.8196%
------------------------------------------------------------------
Correlation comparison:
 -- Sample 0: 0.9754
 -- Sample 1: 0.9806
 -- Sample 2: 0.9823
 -- Sample 3: 0.9723
 -- Sample 4: 0.9794
 -- Sample 5: 0.9788
 -- Sample 6: 0.9786
 -- Sample 7: 0.9776
 -- Sample 8: 0.9588
 -- Sample 9: 0.9660
 -- Sample 10: 0.9537
 -- Sample 11: 0.9669
 -- Sample 12: 0.9705
 -- Sample 13: 0.9792
 -- Sample 14: 0.9611
 -- Sample 15: 0.9777
 -- Sample 16: 0.9096
 -- Sample 17: 0.9584
 -- Sample 18: 0.9100
 -- Sample 19: 0.9657
 -- Sample 20: 0.9653
 -- Sample 21: 0.9683
 -- Sample 22: 0.9812
 -- Sample 23: 0.9757
 -- Sample 24: 0.8895
 -- Sample 25: 0.9137
 -- Sample 26: 0.8806
 -- Sample 27: 0.9346
 -- Sample 28: 0.9612
 -- Sample 29: 0.9375
 -- Sample 30: 0.9589
 -- Sample 31: 0.9062
 -- Sample 32: 0.9583
 -- Sample 33: 0.9738
 -- Sample 34: 0.9456
 -- Sample 35: 0.9728
 -- Sample 36: 0.9588
 -- Sample 37: 0.9725
 -- Sample 38: 0.9680
 -- Sample 39: 0.9825
 -- Sample 40: 0.9637
 -- Sample 41: 0.9486
 -- Sample 42: 0.9672
 -- Sample 43: 0.9413
 -- Sample 44: 0.9508
 -- Sample 45: 0.9741
 -- Sample 46: 0.9427
 -- Sample 47: 0.9688
 -- Sample 48: 0.9792
 -- Sample 49: 0.9514
Mean=0.9579, Std=0.0244
------------------------------------------------------------------
Processing Batch 2 (Size: 46)...
input shape:  torch.Size([46, 1, 120, 120, 120])
output shape:  torch.Size([46, 1, 120, 120, 120])
target shape:  torch.Size([46, 1, 120, 120, 120])
torch.Size([46, 1, 120, 120, 120])
Bias Error: using Single Component
Mean: 280.0906, Std: 704.0013
------------------------------------------------------------------
Magnitude Error: 
 -- Sample 0: mean=27.5890%; std=17.5560
 -- Sample 1: mean=26.0829%; std=19.3158
 -- Sample 2: mean=40.2419%; std=46.3179
 -- Sample 3: mean=50.5558%; std=41.1858
 -- Sample 4: mean=37.1738%; std=41.4694
 -- Sample 5: mean=49.1089%; std=37.3142
 -- Sample 6: mean=38.2617%; std=37.8306
 -- Sample 7: mean=29.2440%; std=30.8435
 -- Sample 8: mean=39.6362%; std=37.8797
 -- Sample 9: mean=28.5820%; std=33.3546
 -- Sample 10: mean=27.0988%; std=21.5692
 -- Sample 11: mean=25.2521%; std=20.2296
 -- Sample 12: mean=22.6572%; std=18.2667
 -- Sample 13: mean=24.1548%; std=21.8878
 -- Sample 14: mean=39.4416%; std=17.5850
 -- Sample 15: mean=41.3725%; std=19.6124
 -- Sample 16: mean=36.8030%; std=18.7227
 -- Sample 17: mean=41.6376%; std=19.4615
 -- Sample 18: mean=41.9206%; std=22.3265
 -- Sample 19: mean=56.0646%; std=38.8643
 -- Sample 20: mean=40.7204%; std=25.2458
 -- Sample 21: mean=77.1844%; std=78.4481
 -- Sample 22: mean=61.5615%; std=55.1844
 -- Sample 23: mean=56.6470%; std=58.7447
 -- Sample 24: mean=55.1694%; std=54.4134
 -- Sample 25: mean=53.7400%; std=41.5737
 -- Sample 26: mean=44.9534%; std=32.3495
 -- Sample 27: mean=49.3711%; std=36.8587
 -- Sample 28: mean=45.6985%; std=32.4221
 -- Sample 29: mean=50.2556%; std=34.8215
 -- Sample 30: mean=42.6298%; std=22.6442
 -- Sample 31: mean=43.4610%; std=19.0157
 -- Sample 32: mean=46.5709%; std=22.6703
 -- Sample 33: mean=44.4394%; std=22.3569
 -- Sample 34: mean=44.9809%; std=38.8460
 -- Sample 35: mean=96.2779%; std=186.7394
 -- Sample 36: mean=47.2928%; std=28.1999
 -- Sample 37: mean=126.2279%; std=192.2369
 -- Sample 38: mean=51.2984%; std=51.4223
 -- Sample 39: mean=46.5344%; std=33.7114
 -- Sample 40: mean=55.4580%; std=50.5455
 -- Sample 41: mean=46.4092%; std=42.2432
 -- Sample 42: mean=32.2115%; std=21.9205
 -- Sample 43: mean=34.8753%; std=25.7434
 -- Sample 44: mean=27.7067%; std=21.8247
 -- Sample 45: mean=34.3920%; std=25.2504
Mean: 45.1945%, Std: 18.0862%
------------------------------------------------------------------
Correlation comparison:
 -- Sample 0: 0.9830
 -- Sample 1: 0.9567
 -- Sample 2: 0.9602
 -- Sample 3: 0.8075
 -- Sample 4: 0.9647
 -- Sample 5: 0.8327
 -- Sample 6: 0.9222
 -- Sample 7: 0.9517
 -- Sample 8: 0.9132
 -- Sample 9: 0.9558
 -- Sample 10: 0.9557
 -- Sample 11: 0.9830
 -- Sample 12: 0.9782
 -- Sample 13: 0.9860
 -- Sample 14: 0.9625
 -- Sample 15: 0.9469
 -- Sample 16: 0.9490
 -- Sample 17: 0.9418
 -- Sample 18: 0.9402
 -- Sample 19: 0.8351
 -- Sample 20: 0.9400
 -- Sample 21: 0.7700
 -- Sample 22: 0.9265
 -- Sample 23: 0.8194
 -- Sample 24: 0.9213
 -- Sample 25: 0.8762
 -- Sample 26: 0.9206
 -- Sample 27: 0.9089
 -- Sample 28: 0.9323
 -- Sample 29: 0.8854
 -- Sample 30: 0.9719
 -- Sample 31: 0.9871
 -- Sample 32: 0.9695
 -- Sample 33: 0.9785
 -- Sample 34: 0.9191
 -- Sample 35: 0.8088
 -- Sample 36: 0.9180
 -- Sample 37: 0.7852
 -- Sample 38: 0.9296
 -- Sample 39: 0.9376
 -- Sample 40: 0.9132
 -- Sample 41: 0.9234
 -- Sample 42: 0.9773
 -- Sample 43: 0.9258
 -- Sample 44: 0.9812
 -- Sample 45: 0.9079
Mean=0.9231, Std=0.0558
------------------------------------------------------------------

-----------------------------------------------------


========================================================================================================================



  Bentheimer  results:


Loading data...
Testing model:   Ko et. al (Etapa 3)
Processing Batch 1 (Size: 50)...
input shape:  torch.Size([50, 1, 120, 120, 120])
output shape:  torch.Size([50, 1, 120, 120, 120])
target shape:  torch.Size([50, 1, 120, 120, 120])
torch.Size([50, 1, 120, 120, 120])
Bias Error: using Single Component
Mean: 149.4906, Std: 322.7690
------------------------------------------------------------------
Magnitude Error: 
 -- Sample 0: mean=28.8208%; std=19.7907
 -- Sample 1: mean=25.8050%; std=13.4468
 -- Sample 2: mean=30.1575%; std=19.9945
 -- Sample 3: mean=31.0162%; std=13.5503
 -- Sample 4: mean=65.4436%; std=50.6914
 -- Sample 5: mean=65.4992%; std=87.9055
 -- Sample 6: mean=57.8016%; std=39.2987
 -- Sample 7: mean=75.4416%; std=106.5350
 -- Sample 8: mean=41.9836%; std=39.4628
 -- Sample 9: mean=54.9054%; std=58.2905
 -- Sample 10: mean=37.6369%; std=39.1189
 -- Sample 11: mean=48.5363%; std=46.6244
 -- Sample 12: mean=72.6032%; std=75.7467
 -- Sample 13: mean=82.3433%; std=77.5801
 -- Sample 14: mean=77.6788%; std=81.6963
 -- Sample 15: mean=66.4190%; std=45.9629
 -- Sample 16: mean=44.0649%; std=26.6500
 -- Sample 17: mean=37.3941%; std=22.2801
 -- Sample 18: mean=35.6805%; std=20.6792
 -- Sample 19: mean=32.2089%; std=21.1435
 -- Sample 20: mean=42.6987%; std=34.2485
 -- Sample 21: mean=41.7888%; std=45.9002
 -- Sample 22: mean=46.9126%; std=34.9822
 -- Sample 23: mean=38.6244%; std=37.4579
 -- Sample 24: mean=55.0605%; std=24.8868
 -- Sample 25: mean=50.7467%; std=23.9404
 -- Sample 26: mean=52.4535%; std=27.5300
 -- Sample 27: mean=54.1582%; std=28.6231
 -- Sample 28: mean=36.4864%; std=22.0721
 -- Sample 29: mean=36.9491%; std=18.6357
 -- Sample 30: mean=33.7866%; std=27.1533
 -- Sample 31: mean=35.0091%; std=22.6131
 -- Sample 32: mean=591.1409%; std=707.7625
 -- Sample 33: mean=562.4623%; std=709.3163
 -- Sample 34: mean=560.1624%; std=603.7779
 -- Sample 35: mean=649.4122%; std=886.1146
 -- Sample 36: mean=49.9195%; std=19.2026
 -- Sample 37: mean=40.3669%; std=18.9899
 -- Sample 38: mean=47.5991%; std=16.0678
 -- Sample 39: mean=43.7814%; std=23.6694
 -- Sample 40: mean=46.9542%; std=23.1411
 -- Sample 41: mean=42.6875%; std=23.2372
 -- Sample 42: mean=50.2212%; std=21.1868
 -- Sample 43: mean=40.1974%; std=19.1403
 -- Sample 44: mean=42.1543%; std=21.5787
 -- Sample 45: mean=38.8844%; std=24.7164
 -- Sample 46: mean=42.3705%; std=23.4297
 -- Sample 47: mean=39.5110%; std=22.5133
 -- Sample 48: mean=59.7570%; std=23.6847
 -- Sample 49: mean=52.2719%; std=26.3760
Mean: 90.7194%, Std: 148.3600%
------------------------------------------------------------------
Correlation comparison:
 -- Sample 0: 0.9468
 -- Sample 1: 0.9726
 -- Sample 2: 0.9562
 -- Sample 3: 0.9850
 -- Sample 4: 0.7624
 -- Sample 5: 0.7397
 -- Sample 6: 0.7891
 -- Sample 7: 0.7305
 -- Sample 8: 0.9189
 -- Sample 9: 0.8827
 -- Sample 10: 0.9332
 -- Sample 11: 0.8907
 -- Sample 12: 0.7906
 -- Sample 13: 0.7894
 -- Sample 14: 0.7385
 -- Sample 15: 0.8158
 -- Sample 16: 0.9167
 -- Sample 17: 0.9614
 -- Sample 18: 0.9537
 -- Sample 19: 0.9588
 -- Sample 20: 0.9093
 -- Sample 21: 0.9240
 -- Sample 22: 0.9159
 -- Sample 23: 0.9365
 -- Sample 24: 0.9666
 -- Sample 25: 0.9064
 -- Sample 26: 0.9651
 -- Sample 27: 0.8633
 -- Sample 28: 0.9520
 -- Sample 29: 0.9410
 -- Sample 30: 0.9225
 -- Sample 31: 0.8983
 -- Sample 32: 0.4454
 -- Sample 33: 0.3098
 -- Sample 34: 0.4665
 -- Sample 35: 0.3016
 -- Sample 36: 0.9574
 -- Sample 37: 0.9637
 -- Sample 38: 0.9728
 -- Sample 39: 0.9298
 -- Sample 40: 0.9279
 -- Sample 41: 0.9497
 -- Sample 42: 0.9274
 -- Sample 43: 0.9628
 -- Sample 44: 0.9773
 -- Sample 45: 0.9513
 -- Sample 46: 0.9774
 -- Sample 47: 0.9576
 -- Sample 48: 0.8902
 -- Sample 49: 0.6466
Mean=0.8610, Std=0.1624
------------------------------------------------------------------
Processing Batch 2 (Size: 50)...
input shape:  torch.Size([50, 1, 120, 120, 120])
output shape:  torch.Size([50, 1, 120, 120, 120])
target shape:  torch.Size([50, 1, 120, 120, 120])
torch.Size([50, 1, 120, 120, 120])
Bias Error: using Single Component
Mean: 266.1222, Std: 747.5039
------------------------------------------------------------------
Magnitude Error: 
 -- Sample 0: mean=60.5983%; std=21.9338
 -- Sample 1: mean=64.7775%; std=24.2851
 -- Sample 2: mean=28.9925%; std=39.8061
 -- Sample 3: mean=56.5991%; std=52.7153
 -- Sample 4: mean=35.8140%; std=30.8499
 -- Sample 5: mean=42.0783%; std=37.4150
 -- Sample 6: mean=49.1800%; std=42.1093
 -- Sample 7: mean=43.9862%; std=33.7083
 -- Sample 8: mean=47.2908%; std=30.3499
 -- Sample 9: mean=42.5104%; std=30.3006
 -- Sample 10: mean=106.8974%; std=133.1596
 -- Sample 11: mean=68.4693%; std=99.8736
 -- Sample 12: mean=93.4039%; std=101.4164
 -- Sample 13: mean=60.5785%; std=97.7771
 -- Sample 14: mean=36.0487%; std=31.8943
 -- Sample 15: mean=44.2335%; std=36.4037
 -- Sample 16: mean=43.9713%; std=35.0976
 -- Sample 17: mean=42.8788%; std=31.1636
 -- Sample 18: mean=34.8856%; std=23.7593
 -- Sample 19: mean=44.8668%; std=44.8749
 -- Sample 20: mean=37.2937%; std=26.7346
 -- Sample 21: mean=47.1994%; std=49.5348
 -- Sample 22: mean=68.4622%; std=60.8648
 -- Sample 23: mean=116.1873%; std=117.9656
 -- Sample 24: mean=75.5824%; std=68.5353
 -- Sample 25: mean=111.2784%; std=120.9731
 -- Sample 26: mean=45.8069%; std=27.8748
 -- Sample 27: mean=48.5888%; std=35.2898
 -- Sample 28: mean=51.3024%; std=31.6183
 -- Sample 29: mean=57.0115%; std=40.0074
 -- Sample 30: mean=55.8931%; std=37.6552
 -- Sample 31: mean=47.0588%; std=27.4867
 -- Sample 32: mean=46.4737%; std=30.0335
 -- Sample 33: mean=51.5173%; std=30.1537
 -- Sample 34: mean=183.6446%; std=203.0997
 -- Sample 35: mean=136.0685%; std=159.9899
 -- Sample 36: mean=215.9841%; std=238.3561
 -- Sample 37: mean=181.7454%; std=208.8192
 -- Sample 38: mean=44.2849%; std=37.5968
 -- Sample 39: mean=50.2491%; std=44.0592
 -- Sample 40: mean=41.6885%; std=32.9710
 -- Sample 41: mean=42.7426%; std=42.2559
 -- Sample 42: mean=54.3203%; std=27.8408
 -- Sample 43: mean=45.6653%; std=24.8838
 -- Sample 44: mean=40.3929%; std=24.4835
 -- Sample 45: mean=48.7448%; std=21.2287
 -- Sample 46: mean=22.3944%; std=16.3782
 -- Sample 47: mean=32.1491%; std=18.2273
 -- Sample 48: mean=26.6882%; std=19.2338
 -- Sample 49: mean=34.5054%; std=25.5831
Mean: 62.1797%, Std: 40.4133%
------------------------------------------------------------------
Correlation comparison:
 -- Sample 0: 0.9255
 -- Sample 1: 0.7756
 -- Sample 2: 0.9468
 -- Sample 3: 0.9211
 -- Sample 4: 0.9432
 -- Sample 5: 0.9415
 -- Sample 6: 0.9299
 -- Sample 7: 0.8614
 -- Sample 8: 0.9209
 -- Sample 9: 0.8961
 -- Sample 10: 0.7169
 -- Sample 11: 0.8361
 -- Sample 12: 0.7538
 -- Sample 13: 0.8908
 -- Sample 14: 0.9310
 -- Sample 15: 0.9180
 -- Sample 16: 0.9052
 -- Sample 17: 0.9229
 -- Sample 18: 0.9403
 -- Sample 19: 0.9097
 -- Sample 20: 0.9201
 -- Sample 21: 0.8956
 -- Sample 22: 0.6841
 -- Sample 23: 0.7433
 -- Sample 24: 0.5758
 -- Sample 25: 0.7613
 -- Sample 26: 0.8751
 -- Sample 27: 0.9052
 -- Sample 28: 0.8735
 -- Sample 29: 0.8760
 -- Sample 30: 0.8024
 -- Sample 31: 0.8613
 -- Sample 32: 0.8567
 -- Sample 33: 0.7671
 -- Sample 34: 0.5890
 -- Sample 35: 0.6102
 -- Sample 36: 0.5799
 -- Sample 37: 0.5764
 -- Sample 38: 0.9436
 -- Sample 39: 0.9643
 -- Sample 40: 0.9524
 -- Sample 41: 0.9595
 -- Sample 42: 0.9074
 -- Sample 43: 0.9304
 -- Sample 44: 0.9363
 -- Sample 45: 0.9150
 -- Sample 46: 0.9767
 -- Sample 47: 0.9832
 -- Sample 48: 0.9692
 -- Sample 49: 0.9673
Mean=0.8589, Std=0.1146
------------------------------------------------------------------
Processing Batch 3 (Size: 50)...
input shape:  torch.Size([50, 1, 120, 120, 120])
output shape:  torch.Size([50, 1, 120, 120, 120])
target shape:  torch.Size([50, 1, 120, 120, 120])
torch.Size([50, 1, 120, 120, 120])
Bias Error: using Single Component
Mean: 286.4556, Std: 924.2156
------------------------------------------------------------------
Magnitude Error: 
 -- Sample 0: mean=44.2659%; std=20.4349
 -- Sample 1: mean=47.4559%; std=20.8804
 -- Sample 2: mean=43.2351%; std=21.7175
 -- Sample 3: mean=44.8903%; std=24.2964
 -- Sample 4: mean=42.6926%; std=31.4685
 -- Sample 5: mean=47.9685%; std=39.7984
 -- Sample 6: mean=41.0805%; std=30.5740
 -- Sample 7: mean=46.5624%; std=36.8319
 -- Sample 8: mean=60.5021%; std=50.7908
 -- Sample 9: mean=36.9114%; std=33.4563
 -- Sample 10: mean=39.9227%; std=48.2707
 -- Sample 11: mean=37.7653%; std=39.1349
 -- Sample 12: mean=37.4033%; std=25.9635
 -- Sample 13: mean=44.2729%; std=29.2534
 -- Sample 14: mean=29.1293%; std=24.4686
 -- Sample 15: mean=46.3717%; std=38.3277
 -- Sample 16: mean=47.1510%; std=16.8499
 -- Sample 17: mean=44.2811%; std=22.4095
 -- Sample 18: mean=50.2416%; std=20.1471
 -- Sample 19: mean=35.8728%; std=23.1336
 -- Sample 20: mean=40.4510%; std=26.6461
 -- Sample 21: mean=38.1699%; std=19.5831
 -- Sample 22: mean=47.6479%; std=27.7943
 -- Sample 23: mean=35.2111%; std=20.2144
 -- Sample 24: mean=45.8947%; std=21.0171
 -- Sample 25: mean=40.3459%; std=28.9484
 -- Sample 26: mean=44.6289%; std=21.6575
 -- Sample 27: mean=44.8966%; std=27.4740
 -- Sample 28: mean=52.9599%; std=34.7627
 -- Sample 29: mean=52.5499%; std=35.6038
 -- Sample 30: mean=45.1643%; std=39.4846
 -- Sample 31: mean=46.3339%; std=37.5110
 -- Sample 32: mean=41.5069%; std=19.4349
 -- Sample 33: mean=43.4639%; std=17.2198
 -- Sample 34: mean=46.2967%; std=20.0198
 -- Sample 35: mean=47.8082%; std=17.7249
 -- Sample 36: mean=58.7815%; std=49.5688
 -- Sample 37: mean=79.1052%; std=57.9957
 -- Sample 38: mean=67.2387%; std=54.9920
 -- Sample 39: mean=88.8549%; std=80.1203
 -- Sample 40: mean=116.6721%; std=128.8204
 -- Sample 41: mean=109.4203%; std=141.8960
 -- Sample 42: mean=145.3633%; std=120.1599
 -- Sample 43: mean=82.3612%; std=97.3824
 -- Sample 44: mean=277.3360%; std=278.2566
 -- Sample 45: mean=333.1974%; std=307.7124
 -- Sample 46: mean=275.5234%; std=323.8793
 -- Sample 47: mean=306.5173%; std=299.5180
 -- Sample 48: mean=43.9622%; std=29.0249
 -- Sample 49: mean=27.1258%; std=19.4797
Mean: 71.8553%, Std: 70.5052%
------------------------------------------------------------------
Correlation comparison:
 -- Sample 0: 0.9678
 -- Sample 1: 0.9000
 -- Sample 2: 0.9650
 -- Sample 3: 0.8853
 -- Sample 4: 0.9309
 -- Sample 5: 0.9338
 -- Sample 6: 0.9296
 -- Sample 7: 0.9318
 -- Sample 8: 0.9105
 -- Sample 9: 0.9510
 -- Sample 10: 0.9500
 -- Sample 11: 0.9449
 -- Sample 12: 0.9582
 -- Sample 13: 0.9374
 -- Sample 14: 0.9612
 -- Sample 15: 0.9308
 -- Sample 16: 0.9565
 -- Sample 17: 0.8971
 -- Sample 18: 0.9520
 -- Sample 19: 0.9300
 -- Sample 20: 0.9040
 -- Sample 21: 0.9167
 -- Sample 22: 0.8899
 -- Sample 23: 0.9396
 -- Sample 24: 0.9677
 -- Sample 25: 0.9295
 -- Sample 26: 0.9663
 -- Sample 27: 0.9297
 -- Sample 28: 0.8991
 -- Sample 29: 0.8826
 -- Sample 30: 0.8998
 -- Sample 31: 0.8734
 -- Sample 32: 0.9721
 -- Sample 33: 0.9717
 -- Sample 34: 0.9561
 -- Sample 35: 0.9653
 -- Sample 36: 0.8856
 -- Sample 37: 0.8318
 -- Sample 38: 0.8863
 -- Sample 39: 0.7655
 -- Sample 40: 0.8183
 -- Sample 41: 0.7519
 -- Sample 42: 0.8229
 -- Sample 43: 0.8734
 -- Sample 44: 0.6470
 -- Sample 45: 0.6156
 -- Sample 46: 0.5796
 -- Sample 47: 0.6146
 -- Sample 48: 0.8971
 -- Sample 49: 0.9749
Mean=0.8910, Std=0.0956
------------------------------------------------------------------
Processing Batch 4 (Size: 50)...
input shape:  torch.Size([50, 1, 120, 120, 120])
output shape:  torch.Size([50, 1, 120, 120, 120])
target shape:  torch.Size([50, 1, 120, 120, 120])
torch.Size([50, 1, 120, 120, 120])
Bias Error: using Single Component
Mean: 105.8755, Std: 281.9876
------------------------------------------------------------------
Magnitude Error: 
 -- Sample 0: mean=43.4817%; std=29.5543
 -- Sample 1: mean=20.0432%; std=16.6662
 -- Sample 2: mean=32.5985%; std=15.9516
 -- Sample 3: mean=32.8961%; std=15.1073
 -- Sample 4: mean=30.9688%; std=17.6867
 -- Sample 5: mean=34.5377%; std=18.4611
 -- Sample 6: mean=31.2496%; std=27.6822
 -- Sample 7: mean=39.4432%; std=59.9809
 -- Sample 8: mean=32.4329%; std=29.5304
 -- Sample 9: mean=39.8879%; std=57.8769
 -- Sample 10: mean=35.3274%; std=22.5361
 -- Sample 11: mean=33.9749%; std=29.5507
 -- Sample 12: mean=31.5441%; std=26.3776
 -- Sample 13: mean=29.2987%; std=21.1927
 -- Sample 14: mean=44.2347%; std=24.1699
 -- Sample 15: mean=38.3244%; std=20.7388
 -- Sample 16: mean=52.8542%; std=25.0451
 -- Sample 17: mean=31.9961%; std=19.5323
 -- Sample 18: mean=19.4279%; std=16.3859
 -- Sample 19: mean=21.2418%; std=17.4689
 -- Sample 20: mean=24.8533%; std=18.6656
 -- Sample 21: mean=22.0353%; std=18.5431
 -- Sample 22: mean=32.6286%; std=26.3530
 -- Sample 23: mean=43.2173%; std=26.5522
 -- Sample 24: mean=41.6803%; std=28.6317
 -- Sample 25: mean=37.7584%; std=22.7077
 -- Sample 26: mean=27.7525%; std=25.9704
 -- Sample 27: mean=26.1705%; std=20.0869
 -- Sample 28: mean=27.3415%; std=21.0839
 -- Sample 29: mean=22.7087%; std=18.3927
 -- Sample 30: mean=39.5501%; std=15.0371
 -- Sample 31: mean=33.1192%; std=20.2126
 -- Sample 32: mean=35.3374%; std=17.1487
 -- Sample 33: mean=34.9714%; std=19.7987
 -- Sample 34: mean=37.6952%; std=43.6272
 -- Sample 35: mean=64.8643%; std=52.0652
 -- Sample 36: mean=53.1572%; std=40.2220
 -- Sample 37: mean=62.5543%; std=56.4581
 -- Sample 38: mean=29.2972%; std=19.6959
 -- Sample 39: mean=34.1568%; std=24.1469
 -- Sample 40: mean=32.9124%; std=21.2476
 -- Sample 41: mean=29.2651%; std=17.9854
 -- Sample 42: mean=27.4854%; std=24.4115
 -- Sample 43: mean=21.1664%; std=17.4754
 -- Sample 44: mean=29.2159%; std=24.1925
 -- Sample 45: mean=21.6364%; std=18.7332
 -- Sample 46: mean=123.8564%; std=158.7539
 -- Sample 47: mean=111.2201%; std=114.6063
 -- Sample 48: mean=102.2863%; std=130.3992
 -- Sample 49: mean=109.8029%; std=102.9666
Mean: 40.3092%, Std: 23.2319%
------------------------------------------------------------------
Correlation comparison:
 -- Sample 0: 0.8977
 -- Sample 1: 0.9850
 -- Sample 2: 0.9802
 -- Sample 3: 0.9849
 -- Sample 4: 0.9737
 -- Sample 5: 0.9738
 -- Sample 6: 0.9429
 -- Sample 7: 0.7469
 -- Sample 8: 0.9412
 -- Sample 9: 0.6970
 -- Sample 10: 0.9636
 -- Sample 11: 0.9681
 -- Sample 12: 0.9705
 -- Sample 13: 0.9747
 -- Sample 14: 0.9147
 -- Sample 15: 0.9464
 -- Sample 16: 0.8720
 -- Sample 17: 0.9398
 -- Sample 18: 0.9722
 -- Sample 19: 0.9713
 -- Sample 20: 0.9633
 -- Sample 21: 0.9712
 -- Sample 22: 0.9656
 -- Sample 23: 0.9571
 -- Sample 24: 0.9509
 -- Sample 25: 0.9515
 -- Sample 26: 0.9743
 -- Sample 27: 0.9628
 -- Sample 28: 0.9767
 -- Sample 29: 0.9709
 -- Sample 30: 0.9817
 -- Sample 31: 0.9540
 -- Sample 32: 0.9722
 -- Sample 33: 0.9539
 -- Sample 34: 0.9353
 -- Sample 35: 0.8128
 -- Sample 36: 0.8768
 -- Sample 37: 0.8288
 -- Sample 38: 0.9642
 -- Sample 39: 0.9439
 -- Sample 40: 0.9540
 -- Sample 41: 0.9644
 -- Sample 42: 0.9526
 -- Sample 43: 0.9581
 -- Sample 44: 0.9574
 -- Sample 45: 0.9484
 -- Sample 46: 0.6980
 -- Sample 47: 0.6950
 -- Sample 48: 0.7428
 -- Sample 49: 0.7170
Mean=0.9214, Std=0.0838
------------------------------------------------------------------
Processing Batch 5 (Size: 50)...
input shape:  torch.Size([50, 1, 120, 120, 120])
output shape:  torch.Size([50, 1, 120, 120, 120])
target shape:  torch.Size([50, 1, 120, 120, 120])
torch.Size([50, 1, 120, 120, 120])
Bias Error: using Single Component
Mean: 245.7292, Std: 750.8351
------------------------------------------------------------------
Magnitude Error: 
 -- Sample 0: mean=54.1887%; std=29.6056
 -- Sample 1: mean=65.5452%; std=39.3213
 -- Sample 2: mean=57.3689%; std=45.6350
 -- Sample 3: mean=53.1474%; std=33.2829
 -- Sample 4: mean=33.2419%; std=40.6106
 -- Sample 5: mean=27.9683%; std=26.2518
 -- Sample 6: mean=29.6774%; std=23.5816
 -- Sample 7: mean=21.5674%; std=20.6420
 -- Sample 8: mean=47.1107%; std=40.2852
 -- Sample 9: mean=50.4665%; std=28.4715
 -- Sample 10: mean=51.1490%; std=45.8207
 -- Sample 11: mean=52.3319%; std=25.7334
 -- Sample 12: mean=29.3431%; std=23.2713
 -- Sample 13: mean=26.3862%; std=18.4008
 -- Sample 14: mean=37.8976%; std=29.2343
 -- Sample 15: mean=26.1351%; std=21.5679
 -- Sample 16: mean=25.8648%; std=14.8142
 -- Sample 17: mean=28.0941%; std=23.2776
 -- Sample 18: mean=31.2061%; std=12.7994
 -- Sample 19: mean=29.9396%; std=21.9974
 -- Sample 20: mean=96.8119%; std=138.6973
 -- Sample 21: mean=596.0048%; std=676.4089
 -- Sample 22: mean=114.3448%; std=133.9026
 -- Sample 23: mean=550.6729%; std=641.7299
 -- Sample 24: mean=33.6586%; std=20.1532
 -- Sample 25: mean=41.1621%; std=37.2853
 -- Sample 26: mean=32.7746%; std=18.5902
 -- Sample 27: mean=32.5288%; std=22.7489
 -- Sample 28: mean=33.4555%; std=20.0594
 -- Sample 29: mean=27.6070%; std=14.9951
 -- Sample 30: mean=30.1691%; std=19.3249
 -- Sample 31: mean=37.4119%; std=18.0158
 -- Sample 32: mean=47.3403%; std=25.2367
 -- Sample 33: mean=50.4111%; std=31.9409
 -- Sample 34: mean=47.6991%; std=20.8951
 -- Sample 35: mean=43.3000%; std=24.3642
 -- Sample 36: mean=60.0594%; std=19.2725
 -- Sample 37: mean=57.0214%; std=19.0292
 -- Sample 38: mean=58.7393%; std=17.3613
 -- Sample 39: mean=62.8158%; std=20.7033
 -- Sample 40: mean=62.4482%; std=51.0103
 -- Sample 41: mean=52.8806%; std=40.9618
 -- Sample 42: mean=62.4495%; std=53.1626
 -- Sample 43: mean=43.9687%; std=34.1461
 -- Sample 44: mean=28.0663%; std=24.0646
 -- Sample 45: mean=24.8729%; std=19.4885
 -- Sample 46: mean=25.6657%; std=23.8028
 -- Sample 47: mean=29.7814%; std=20.4142
 -- Sample 48: mean=45.8625%; std=41.6594
 -- Sample 49: mean=38.9519%; std=28.8527
Mean: 64.9513%, Std: 105.3683%
------------------------------------------------------------------
Correlation comparison:
 -- Sample 0: 0.8681
 -- Sample 1: 0.7856
 -- Sample 2: 0.8503
 -- Sample 3: 0.8455
 -- Sample 4: 0.9479
 -- Sample 5: 0.9617
 -- Sample 6: 0.9432
 -- Sample 7: 0.9766
 -- Sample 8: 0.9251
 -- Sample 9: 0.8916
 -- Sample 10: 0.9081
 -- Sample 11: 0.9006
 -- Sample 12: 0.9446
 -- Sample 13: 0.9640
 -- Sample 14: 0.9244
 -- Sample 15: 0.9703
 -- Sample 16: 0.9809
 -- Sample 17: 0.9536
 -- Sample 18: 0.9832
 -- Sample 19: 0.9538
 -- Sample 20: 0.7466
 -- Sample 21: 0.5744
 -- Sample 22: 0.6815
 -- Sample 23: 0.5672
 -- Sample 24: 0.9724
 -- Sample 25: 0.9147
 -- Sample 26: 0.9623
 -- Sample 27: 0.9680
 -- Sample 28: 0.9532
 -- Sample 29: 0.9808
 -- Sample 30: 0.9643
 -- Sample 31: 0.9587
 -- Sample 32: 0.9368
 -- Sample 33: 0.9229
 -- Sample 34: 0.9348
 -- Sample 35: 0.9498
 -- Sample 36: 0.9686
 -- Sample 37: 0.9477
 -- Sample 38: 0.9592
 -- Sample 39: 0.9305
 -- Sample 40: 0.8126
 -- Sample 41: 0.8815
 -- Sample 42: 0.8222
 -- Sample 43: 0.9097
 -- Sample 44: 0.9552
 -- Sample 45: 0.9667
 -- Sample 46: 0.9594
 -- Sample 47: 0.9657
 -- Sample 48: 0.9495
 -- Sample 49: 0.9558
Mean=0.9090, Std=0.0929
------------------------------------------------------------------
Processing Batch 6 (Size: 50)...
input shape:  torch.Size([50, 1, 120, 120, 120])
output shape:  torch.Size([50, 1, 120, 120, 120])
target shape:  torch.Size([50, 1, 120, 120, 120])
torch.Size([50, 1, 120, 120, 120])
Bias Error: using Single Component
Mean: 83.6903, Std: 115.5421
------------------------------------------------------------------
Magnitude Error: 
 -- Sample 0: mean=42.8742%; std=41.8580
 -- Sample 1: mean=35.6372%; std=28.7116
 -- Sample 2: mean=29.0304%; std=19.3650
 -- Sample 3: mean=29.7675%; std=21.5464
 -- Sample 4: mean=33.2828%; std=25.2020
 -- Sample 5: mean=27.5488%; std=18.9007
 -- Sample 6: mean=56.1390%; std=26.0001
 -- Sample 7: mean=54.9232%; std=22.5145
 -- Sample 8: mean=50.3223%; std=22.7042
 -- Sample 9: mean=54.2768%; std=25.7420
 -- Sample 10: mean=29.4469%; std=22.4735
 -- Sample 11: mean=29.7498%; std=24.5674
 -- Sample 12: mean=34.2513%; std=26.1664
 -- Sample 13: mean=24.7564%; std=23.0878
 -- Sample 14: mean=27.7310%; std=34.0618
 -- Sample 15: mean=32.9440%; std=36.5522
 -- Sample 16: mean=29.4572%; std=30.5728
 -- Sample 17: mean=35.0940%; std=33.3774
 -- Sample 18: mean=40.7023%; std=42.1781
 -- Sample 19: mean=48.0855%; std=39.2628
 -- Sample 20: mean=42.5980%; std=37.3350
 -- Sample 21: mean=46.6980%; std=45.0205
 -- Sample 22: mean=38.0586%; std=19.4896
 -- Sample 23: mean=44.3267%; std=19.7414
 -- Sample 24: mean=40.2954%; std=20.4791
 -- Sample 25: mean=46.2523%; std=20.1337
 -- Sample 26: mean=45.5893%; std=27.4497
 -- Sample 27: mean=46.7815%; std=30.1339
 -- Sample 28: mean=38.0572%; std=26.2271
 -- Sample 29: mean=35.0275%; std=22.6704
 -- Sample 30: mean=50.3403%; std=19.1115
 -- Sample 31: mean=35.0808%; std=22.2299
 -- Sample 32: mean=44.9348%; std=17.6984
 -- Sample 33: mean=32.4335%; std=19.9903
 -- Sample 34: mean=54.3153%; std=29.8609
 -- Sample 35: mean=36.1211%; std=26.0616
 -- Sample 36: mean=47.2494%; std=31.0663
 -- Sample 37: mean=39.7987%; std=25.3299
 -- Sample 38: mean=31.6039%; std=27.6865
 -- Sample 39: mean=33.7818%; std=33.2140
 -- Sample 40: mean=31.4436%; std=34.2700
 -- Sample 41: mean=32.5862%; std=30.8195
 -- Sample 42: mean=95.8521%; std=103.1118
 -- Sample 43: mean=64.2345%; std=36.7048
 -- Sample 44: mean=104.6441%; std=103.1216
 -- Sample 45: mean=60.5814%; std=35.0354
 -- Sample 46: mean=34.8624%; std=24.0597
 -- Sample 47: mean=29.7168%; std=22.0114
 -- Sample 48: mean=36.6260%; std=27.1351
 -- Sample 49: mean=37.1218%; std=22.3760
Mean: 42.0607%, Std: 15.0464%
------------------------------------------------------------------
Correlation comparison:
 -- Sample 0: 0.9525
 -- Sample 1: 0.9631
 -- Sample 2: 0.9646
 -- Sample 3: 0.9461
 -- Sample 4: 0.9386
 -- Sample 5: 0.9611
 -- Sample 6: 0.8940
 -- Sample 7: 0.8821
 -- Sample 8: 0.8977
 -- Sample 9: 0.8918
 -- Sample 10: 0.9653
 -- Sample 11: 0.9576
 -- Sample 12: 0.9571
 -- Sample 13: 0.9765
 -- Sample 14: 0.9459
 -- Sample 15: 0.9702
 -- Sample 16: 0.9562
 -- Sample 17: 0.9654
 -- Sample 18: 0.9624
 -- Sample 19: 0.9239
 -- Sample 20: 0.9637
 -- Sample 21: 0.8932
 -- Sample 22: 0.9776
 -- Sample 23: 0.9623
 -- Sample 24: 0.9590
 -- Sample 25: 0.9575
 -- Sample 26: 0.9434
 -- Sample 27: 0.8925
 -- Sample 28: 0.9576
 -- Sample 29: 0.9372
 -- Sample 30: 0.9554
 -- Sample 31: 0.9531
 -- Sample 32: 0.9632
 -- Sample 33: 0.9581
 -- Sample 34: 0.7001
 -- Sample 35: 0.8975
 -- Sample 36: 0.7415
 -- Sample 37: 0.8830
 -- Sample 38: 0.9569
 -- Sample 39: 0.9752
 -- Sample 40: 0.9562
 -- Sample 41: 0.9619
 -- Sample 42: 0.6453
 -- Sample 43: 0.8144
 -- Sample 44: 0.5951
 -- Sample 45: 0.8384
 -- Sample 46: 0.9593
 -- Sample 47: 0.9611
 -- Sample 48: 0.9484
 -- Sample 49: 0.9429
Mean=0.9185, Std=0.0824
------------------------------------------------------------------
Processing Batch 7 (Size: 50)...
input shape:  torch.Size([50, 1, 120, 120, 120])
output shape:  torch.Size([50, 1, 120, 120, 120])
target shape:  torch.Size([50, 1, 120, 120, 120])
torch.Size([50, 1, 120, 120, 120])
Bias Error: using Single Component
Mean: 107.5088, Std: 173.6857
------------------------------------------------------------------
Magnitude Error: 
 -- Sample 0: mean=40.4691%; std=23.7208
 -- Sample 1: mean=39.2686%; std=31.0305
 -- Sample 2: mean=39.5291%; std=24.1442
 -- Sample 3: mean=36.2398%; std=23.5848
 -- Sample 4: mean=34.6720%; std=38.8628
 -- Sample 5: mean=37.2135%; std=28.3544
 -- Sample 6: mean=40.9652%; std=27.5569
 -- Sample 7: mean=41.9002%; std=24.8099
 -- Sample 8: mean=39.9903%; std=20.9887
 -- Sample 9: mean=28.8609%; std=22.3850
 -- Sample 10: mean=35.4311%; std=24.2144
 -- Sample 11: mean=29.2550%; std=25.1762
 -- Sample 12: mean=44.2253%; std=31.3601
 -- Sample 13: mean=48.6580%; std=41.9886
 -- Sample 14: mean=50.7082%; std=33.7695
 -- Sample 15: mean=50.0142%; std=38.0832
 -- Sample 16: mean=49.2311%; std=47.8744
 -- Sample 17: mean=39.2887%; std=35.2774
 -- Sample 18: mean=54.7437%; std=58.0991
 -- Sample 19: mean=47.2996%; std=46.1997
 -- Sample 20: mean=52.3739%; std=16.2942
 -- Sample 21: mean=55.7072%; std=12.2457
 -- Sample 22: mean=52.7135%; std=14.4330
 -- Sample 23: mean=55.5835%; std=17.2099
 -- Sample 24: mean=75.1921%; std=67.7700
 -- Sample 25: mean=95.4660%; std=80.4062
 -- Sample 26: mean=82.3431%; std=81.0749
 -- Sample 27: mean=83.4467%; std=88.1712
 -- Sample 28: mean=35.2588%; std=23.9694
 -- Sample 29: mean=30.0154%; std=26.0822
 -- Sample 30: mean=26.2403%; std=23.0349
 -- Sample 31: mean=33.5355%; std=25.8354
 -- Sample 32: mean=158.9268%; std=126.6848
 -- Sample 33: mean=144.9956%; std=109.7511
 -- Sample 34: mean=140.5961%; std=116.8357
 -- Sample 35: mean=133.0976%; std=120.9017
 -- Sample 36: mean=55.0494%; std=32.2937
 -- Sample 37: mean=49.1701%; std=36.6735
 -- Sample 38: mean=50.5018%; std=31.6502
 -- Sample 39: mean=53.3460%; std=38.8096
 -- Sample 40: mean=37.0401%; std=29.1580
 -- Sample 41: mean=47.8237%; std=42.3907
 -- Sample 42: mean=38.2890%; std=32.9519
 -- Sample 43: mean=50.4557%; std=41.5321
 -- Sample 44: mean=35.3728%; std=32.2802
 -- Sample 45: mean=57.8199%; std=59.9783
 -- Sample 46: mean=36.5378%; std=34.5526
 -- Sample 47: mean=47.7517%; std=39.9457
 -- Sample 48: mean=37.9974%; std=20.1490
 -- Sample 49: mean=29.5976%; std=24.5884
Mean: 54.2042%, Std: 30.1013%
------------------------------------------------------------------
Correlation comparison:
 -- Sample 0: 0.9444
 -- Sample 1: 0.9468
 -- Sample 2: 0.9277
 -- Sample 3: 0.9567
 -- Sample 4: 0.9462
 -- Sample 5: 0.9543
 -- Sample 6: 0.9174
 -- Sample 7: 0.9569
 -- Sample 8: 0.9320
 -- Sample 9: 0.9553
 -- Sample 10: 0.9219
 -- Sample 11: 0.9420
 -- Sample 12: 0.8733
 -- Sample 13: 0.9250
 -- Sample 14: 0.9082
 -- Sample 15: 0.9114
 -- Sample 16: 0.9485
 -- Sample 17: 0.9492
 -- Sample 18: 0.9515
 -- Sample 19: 0.9365
 -- Sample 20: 0.9700
 -- Sample 21: 0.9769
 -- Sample 22: 0.9763
 -- Sample 23: 0.9602
 -- Sample 24: 0.8421
 -- Sample 25: 0.7496
 -- Sample 26: 0.8480
 -- Sample 27: 0.8605
 -- Sample 28: 0.9224
 -- Sample 29: 0.9531
 -- Sample 30: 0.9236
 -- Sample 31: 0.9546
 -- Sample 32: 0.8629
 -- Sample 33: 0.6262
 -- Sample 34: 0.8700
 -- Sample 35: 0.6317
 -- Sample 36: 0.8347
 -- Sample 37: 0.8495
 -- Sample 38: 0.8099
 -- Sample 39: 0.8338
 -- Sample 40: 0.9484
 -- Sample 41: 0.9171
 -- Sample 42: 0.9552
 -- Sample 43: 0.8861
 -- Sample 44: 0.9220
 -- Sample 45: 0.9051
 -- Sample 46: 0.8776
 -- Sample 47: 0.9269
 -- Sample 48: 0.9405
 -- Sample 49: 0.9330
Mean=0.9035, Std=0.0734
------------------------------------------------------------------
Processing Batch 8 (Size: 50)...
input shape:  torch.Size([50, 1, 120, 120, 120])
output shape:  torch.Size([50, 1, 120, 120, 120])
target shape:  torch.Size([50, 1, 120, 120, 120])
torch.Size([50, 1, 120, 120, 120])
Bias Error: using Single Component
Mean: 215.0205, Std: 719.5693
------------------------------------------------------------------
Magnitude Error: 
 -- Sample 0: mean=39.2518%; std=21.7509
 -- Sample 1: mean=30.7143%; std=26.4709
 -- Sample 2: mean=63.8654%; std=68.6968
 -- Sample 3: mean=57.4714%; std=51.9616
 -- Sample 4: mean=68.1778%; std=68.4578
 -- Sample 5: mean=55.4668%; std=58.5341
 -- Sample 6: mean=38.7263%; std=19.8961
 -- Sample 7: mean=34.4350%; std=20.6515
 -- Sample 8: mean=35.9690%; std=21.7963
 -- Sample 9: mean=37.8211%; std=28.0940
 -- Sample 10: mean=67.9066%; std=67.0076
 -- Sample 11: mean=69.3274%; std=76.6995
 -- Sample 12: mean=71.3968%; std=81.3835
 -- Sample 13: mean=58.7520%; std=61.8343
 -- Sample 14: mean=29.6404%; std=16.7936
 -- Sample 15: mean=28.9883%; std=20.5185
 -- Sample 16: mean=21.5686%; std=12.1325
 -- Sample 17: mean=30.1645%; std=15.6021
 -- Sample 18: mean=51.9909%; std=53.6816
 -- Sample 19: mean=43.4550%; std=61.6659
 -- Sample 20: mean=41.5726%; std=50.0919
 -- Sample 21: mean=37.0236%; std=60.1438
 -- Sample 22: mean=38.7248%; std=31.6019
 -- Sample 23: mean=49.8847%; std=46.2594
 -- Sample 24: mean=45.2881%; std=31.8283
 -- Sample 25: mean=46.4626%; std=35.6186
 -- Sample 26: mean=44.9235%; std=28.6851
 -- Sample 27: mean=45.7720%; std=26.7195
 -- Sample 28: mean=48.7969%; std=26.5922
 -- Sample 29: mean=48.9616%; std=22.5854
 -- Sample 30: mean=38.5819%; std=31.7670
 -- Sample 31: mean=44.0823%; std=53.2833
 -- Sample 32: mean=39.0705%; std=32.7586
 -- Sample 33: mean=39.3139%; std=45.9651
 -- Sample 34: mean=32.3863%; std=23.8800
 -- Sample 35: mean=53.7886%; std=51.2323
 -- Sample 36: mean=30.4448%; std=23.8370
 -- Sample 37: mean=56.6899%; std=51.0591
 -- Sample 38: mean=54.7969%; std=40.8004
 -- Sample 39: mean=49.4728%; std=38.2946
 -- Sample 40: mean=61.9688%; std=48.7671
 -- Sample 41: mean=45.3036%; std=31.2826
 -- Sample 42: mean=47.3953%; std=26.2884
 -- Sample 43: mean=38.2479%; std=30.0351
 -- Sample 44: mean=53.7024%; std=25.0631
 -- Sample 45: mean=50.2119%; std=30.7097
 -- Sample 46: mean=55.3985%; std=119.9806
 -- Sample 47: mean=48.8983%; std=62.9718
 -- Sample 48: mean=57.5395%; std=98.8500
 -- Sample 49: mean=40.6759%; std=61.4202
Mean: 46.4094%, Std: 11.5053%
------------------------------------------------------------------
Correlation comparison:
 -- Sample 0: 0.9290
 -- Sample 1: 0.9470
 -- Sample 2: 0.7296
 -- Sample 3: 0.8144
 -- Sample 4: 0.7266
 -- Sample 5: 0.8419
 -- Sample 6: 0.8965
 -- Sample 7: 0.9473
 -- Sample 8: 0.8793
 -- Sample 9: 0.9036
 -- Sample 10: 0.8100
 -- Sample 11: 0.8396
 -- Sample 12: 0.8404
 -- Sample 13: 0.8698
 -- Sample 14: 0.9777
 -- Sample 15: 0.9727
 -- Sample 16: 0.9904
 -- Sample 17: 0.9845
 -- Sample 18: 0.9021
 -- Sample 19: 0.9166
 -- Sample 20: 0.9231
 -- Sample 21: 0.9364
 -- Sample 22: 0.9096
 -- Sample 23: 0.8454
 -- Sample 24: 0.9113
 -- Sample 25: 0.8762
 -- Sample 26: 0.8531
 -- Sample 27: 0.9079
 -- Sample 28: 0.8948
 -- Sample 29: 0.9176
 -- Sample 30: 0.9105
 -- Sample 31: 0.8945
 -- Sample 32: 0.9032
 -- Sample 33: 0.9183
 -- Sample 34: 0.9554
 -- Sample 35: 0.8271
 -- Sample 36: 0.9468
 -- Sample 37: 0.8114
 -- Sample 38: 0.8287
 -- Sample 39: 0.8736
 -- Sample 40: 0.8068
 -- Sample 41: 0.8676
 -- Sample 42: 0.8319
 -- Sample 43: 0.9485
 -- Sample 44: 0.8188
 -- Sample 45: 0.9222
 -- Sample 46: 0.8792
 -- Sample 47: 0.9592
 -- Sample 48: 0.8948
 -- Sample 49: 0.9559
Mean=0.8890, Std=0.0594
------------------------------------------------------------------
Processing Batch 9 (Size: 50)...
input shape:  torch.Size([50, 1, 120, 120, 120])
output shape:  torch.Size([50, 1, 120, 120, 120])
target shape:  torch.Size([50, 1, 120, 120, 120])
torch.Size([50, 1, 120, 120, 120])
Bias Error: using Single Component
Mean: 167.8743, Std: 381.4296
------------------------------------------------------------------
Magnitude Error: 
 -- Sample 0: mean=45.8199%; std=24.8922
 -- Sample 1: mean=51.7731%; std=33.4788
 -- Sample 2: mean=49.0755%; std=26.5531
 -- Sample 3: mean=59.3702%; std=36.9203
 -- Sample 4: mean=20.6390%; std=17.6944
 -- Sample 5: mean=23.7475%; std=23.6868
 -- Sample 6: mean=17.7349%; std=17.2609
 -- Sample 7: mean=24.0442%; std=20.7042
 -- Sample 8: mean=32.2592%; std=17.6723
 -- Sample 9: mean=27.9379%; std=15.9603
 -- Sample 10: mean=30.9852%; std=19.0975
 -- Sample 11: mean=31.8415%; std=19.5067
 -- Sample 12: mean=31.8789%; std=19.7414
 -- Sample 13: mean=37.7438%; std=20.0539
 -- Sample 14: mean=34.4262%; std=19.1429
 -- Sample 15: mean=31.0237%; std=19.9421
 -- Sample 16: mean=37.8145%; std=19.0444
 -- Sample 17: mean=35.0918%; std=20.0392
 -- Sample 18: mean=43.5291%; std=19.5128
 -- Sample 19: mean=37.0593%; std=21.5120
 -- Sample 20: mean=30.3606%; std=18.5647
 -- Sample 21: mean=36.3348%; std=22.8971
 -- Sample 22: mean=28.2729%; std=19.1444
 -- Sample 23: mean=32.7735%; std=21.4992
 -- Sample 24: mean=32.2125%; std=20.9528
 -- Sample 25: mean=23.7872%; std=19.7028
 -- Sample 26: mean=28.5204%; std=25.8167
 -- Sample 27: mean=26.9642%; std=14.9222
 -- Sample 28: mean=29.6168%; std=22.2886
 -- Sample 29: mean=29.1440%; std=19.6803
 -- Sample 30: mean=34.2669%; std=24.0631
 -- Sample 31: mean=33.6320%; std=25.3979
 -- Sample 32: mean=49.1927%; std=27.7761
 -- Sample 33: mean=45.4471%; std=25.7748
 -- Sample 34: mean=45.5095%; std=26.5257
 -- Sample 35: mean=47.9495%; std=28.8608
 -- Sample 36: mean=35.6380%; std=26.9076
 -- Sample 37: mean=56.0719%; std=48.4284
 -- Sample 38: mean=43.4035%; std=25.2105
 -- Sample 39: mean=45.3808%; std=45.0800
 -- Sample 40: mean=44.5541%; std=28.2014
 -- Sample 41: mean=42.0844%; std=23.2980
 -- Sample 42: mean=44.1027%; std=24.3778
 -- Sample 43: mean=40.4210%; std=24.3526
 -- Sample 44: mean=36.4598%; std=24.2750
 -- Sample 45: mean=46.3635%; std=25.3192
 -- Sample 46: mean=41.9585%; std=26.6163
 -- Sample 47: mean=46.1253%; std=25.0630
 -- Sample 48: mean=47.4040%; std=45.0605
 -- Sample 49: mean=46.7283%; std=40.7626
Mean: 37.4895%, Std: 9.2441%
------------------------------------------------------------------
Correlation comparison:
 -- Sample 0: 0.8694
 -- Sample 1: 0.8484
 -- Sample 2: 0.8545
 -- Sample 3: 0.7480
 -- Sample 4: 0.9822
 -- Sample 5: 0.9644
 -- Sample 6: 0.9849
 -- Sample 7: 0.9651
 -- Sample 8: 0.9770
 -- Sample 9: 0.9796
 -- Sample 10: 0.9791
 -- Sample 11: 0.9711
 -- Sample 12: 0.9461
 -- Sample 13: 0.9514
 -- Sample 14: 0.9549
 -- Sample 15: 0.9430
 -- Sample 16: 0.9695
 -- Sample 17: 0.9685
 -- Sample 18: 0.9634
 -- Sample 19: 0.9596
 -- Sample 20: 0.9641
 -- Sample 21: 0.9668
 -- Sample 22: 0.9601
 -- Sample 23: 0.9663
 -- Sample 24: 0.9492
 -- Sample 25: 0.9556
 -- Sample 26: 0.9534
 -- Sample 27: 0.9509
 -- Sample 28: 0.9292
 -- Sample 29: 0.9582
 -- Sample 30: 0.9278
 -- Sample 31: 0.9260
 -- Sample 32: 0.8820
 -- Sample 33: 0.8998
 -- Sample 34: 0.8988
 -- Sample 35: 0.8995
 -- Sample 36: 0.9274
 -- Sample 37: 0.9086
 -- Sample 38: 0.9380
 -- Sample 39: 0.9115
 -- Sample 40: 0.9260
 -- Sample 41: 0.9407
 -- Sample 42: 0.9376
 -- Sample 43: 0.9386
 -- Sample 44: 0.9434
 -- Sample 45: 0.8948
 -- Sample 46: 0.9032
 -- Sample 47: 0.9065
 -- Sample 48: 0.8733
 -- Sample 49: 0.9245
Mean=0.9328, Std=0.0429
------------------------------------------------------------------
Processing Batch 10 (Size: 50)...
input shape:  torch.Size([50, 1, 120, 120, 120])
output shape:  torch.Size([50, 1, 120, 120, 120])
target shape:  torch.Size([50, 1, 120, 120, 120])
torch.Size([50, 1, 120, 120, 120])
Bias Error: using Single Component
Mean: 426.6736, Std: 1160.6709
------------------------------------------------------------------
Magnitude Error: 
 -- Sample 0: mean=48.3360%; std=42.1699
 -- Sample 1: mean=56.9094%; std=54.9602
 -- Sample 2: mean=118.0249%; std=142.6485
 -- Sample 3: mean=119.6698%; std=132.7135
 -- Sample 4: mean=108.0343%; std=130.8079
 -- Sample 5: mean=119.6818%; std=137.7452
 -- Sample 6: mean=43.7316%; std=25.7775
 -- Sample 7: mean=41.9252%; std=26.9155
 -- Sample 8: mean=44.8595%; std=25.6278
 -- Sample 9: mean=45.6485%; std=20.3616
 -- Sample 10: mean=25.7495%; std=17.4620
 -- Sample 11: mean=18.4665%; std=13.2779
 -- Sample 12: mean=20.8635%; std=15.5397
 -- Sample 13: mean=20.2374%; std=17.7405
 -- Sample 14: mean=55.3906%; std=46.8982
 -- Sample 15: mean=51.9565%; std=55.1652
 -- Sample 16: mean=55.5925%; std=48.7707
 -- Sample 17: mean=67.3074%; std=86.5287
 -- Sample 18: mean=46.7305%; std=36.9309
 -- Sample 19: mean=49.4469%; std=38.1823
 -- Sample 20: mean=41.9416%; std=47.4031
 -- Sample 21: mean=46.0958%; std=43.9602
 -- Sample 22: mean=34.5745%; std=23.0365
 -- Sample 23: mean=28.3673%; std=22.7794
 -- Sample 24: mean=38.4582%; std=25.6204
 -- Sample 25: mean=28.0056%; std=22.2423
 -- Sample 26: mean=35.7895%; std=17.8987
 -- Sample 27: mean=32.8566%; std=17.6450
 -- Sample 28: mean=42.1400%; std=16.2890
 -- Sample 29: mean=40.7332%; std=20.2097
 -- Sample 30: mean=37.0405%; std=28.8984
 -- Sample 31: mean=39.0014%; std=25.5022
 -- Sample 32: mean=42.0728%; std=27.5691
 -- Sample 33: mean=38.4674%; std=21.1722
 -- Sample 34: mean=58.4607%; std=53.9424
 -- Sample 35: mean=44.7771%; std=53.6698
 -- Sample 36: mean=63.8637%; std=62.3731
 -- Sample 37: mean=52.4899%; std=49.6019
 -- Sample 38: mean=40.6393%; std=27.0075
 -- Sample 39: mean=42.7005%; std=32.4666
 -- Sample 40: mean=26.1482%; std=20.3454
 -- Sample 41: mean=38.6678%; std=24.1528
 -- Sample 42: mean=22.3505%; std=21.0342
 -- Sample 43: mean=48.1161%; std=31.2610
 -- Sample 44: mean=43.2734%; std=29.1866
 -- Sample 45: mean=52.0493%; std=32.5143
 -- Sample 46: mean=41.1587%; std=31.1075
 -- Sample 47: mean=42.9404%; std=37.3393
 -- Sample 48: mean=43.3443%; std=31.1153
 -- Sample 49: mean=50.9064%; std=53.2949
Mean: 47.9199%, Std: 22.8202%
------------------------------------------------------------------
Correlation comparison:
 -- Sample 0: 0.8791
 -- Sample 1: 0.9044
 -- Sample 2: 0.7925
 -- Sample 3: 0.7781
 -- Sample 4: 0.7740
 -- Sample 5: 0.7789
 -- Sample 6: 0.8756
 -- Sample 7: 0.8835
 -- Sample 8: 0.8768
 -- Sample 9: 0.8980
 -- Sample 10: 0.9672
 -- Sample 11: 0.9776
 -- Sample 12: 0.9755
 -- Sample 13: 0.9807
 -- Sample 14: 0.8869
 -- Sample 15: 0.9271
 -- Sample 16: 0.8873
 -- Sample 17: 0.9065
 -- Sample 18: 0.9431
 -- Sample 19: 0.9151
 -- Sample 20: 0.9326
 -- Sample 21: 0.9169
 -- Sample 22: 0.9527
 -- Sample 23: 0.9610
 -- Sample 24: 0.9268
 -- Sample 25: 0.9684
 -- Sample 26: 0.9667
 -- Sample 27: 0.9721
 -- Sample 28: 0.9720
 -- Sample 29: 0.9376
 -- Sample 30: 0.9626
 -- Sample 31: 0.9271
 -- Sample 32: 0.9332
 -- Sample 33: 0.9615
 -- Sample 34: 0.9349
 -- Sample 35: 0.9440
 -- Sample 36: 0.9187
 -- Sample 37: 0.9102
 -- Sample 38: 0.9136
 -- Sample 39: 0.9324
 -- Sample 40: 0.9549
 -- Sample 41: 0.9425
 -- Sample 42: 0.9683
 -- Sample 43: 0.8924
 -- Sample 44: 0.8959
 -- Sample 45: 0.8269
 -- Sample 46: 0.9566
 -- Sample 47: 0.9381
 -- Sample 48: 0.9605
 -- Sample 49: 0.9159
Mean=0.9181, Std=0.0521
------------------------------------------------------------------
Processing Batch 11 (Size: 36)...
input shape:  torch.Size([36, 1, 120, 120, 120])
output shape:  torch.Size([36, 1, 120, 120, 120])
target shape:  torch.Size([36, 1, 120, 120, 120])
torch.Size([36, 1, 120, 120, 120])
Bias Error: using Single Component
Mean: 95.3960, Std: 126.0748
------------------------------------------------------------------
Magnitude Error: 
 -- Sample 0: mean=46.8412%; std=52.3808
 -- Sample 1: mean=32.8098%; std=20.9603
 -- Sample 2: mean=44.3915%; std=59.8117
 -- Sample 3: mean=36.0845%; std=22.1454
 -- Sample 4: mean=28.8985%; std=19.7955
 -- Sample 5: mean=22.2421%; std=16.7029
 -- Sample 6: mean=24.8452%; std=20.6599
 -- Sample 7: mean=23.2241%; std=18.1011
 -- Sample 8: mean=53.9970%; std=23.2214
 -- Sample 9: mean=51.3286%; std=20.6999
 -- Sample 10: mean=54.8347%; std=22.0370
 -- Sample 11: mean=53.6517%; std=20.4863
 -- Sample 12: mean=76.1045%; std=84.6284
 -- Sample 13: mean=43.9328%; std=46.3694
 -- Sample 14: mean=77.4921%; std=84.1039
 -- Sample 15: mean=43.6802%; std=32.5873
 -- Sample 16: mean=49.8843%; std=34.4845
 -- Sample 17: mean=40.9778%; std=28.6903
 -- Sample 18: mean=47.1725%; std=33.2094
 -- Sample 19: mean=48.8085%; std=32.0726
 -- Sample 20: mean=54.2938%; std=47.8265
 -- Sample 21: mean=61.8789%; std=54.1555
 -- Sample 22: mean=60.2474%; std=51.1926
 -- Sample 23: mean=55.6013%; std=52.5866
 -- Sample 24: mean=24.6062%; std=17.5941
 -- Sample 25: mean=25.4068%; std=16.5522
 -- Sample 26: mean=25.6730%; std=17.6861
 -- Sample 27: mean=27.8142%; std=17.9448
 -- Sample 28: mean=33.0924%; std=30.2196
 -- Sample 29: mean=41.4177%; std=38.0145
 -- Sample 30: mean=39.3056%; std=28.6526
 -- Sample 31: mean=41.6268%; std=37.3485
 -- Sample 32: mean=30.3020%; std=25.7375
 -- Sample 33: mean=27.5539%; std=22.0014
 -- Sample 34: mean=29.7095%; std=22.4871
 -- Sample 35: mean=23.3463%; std=19.4692
Mean: 41.7522%, Std: 14.4279%
------------------------------------------------------------------
Correlation comparison:
 -- Sample 0: 0.8927
 -- Sample 1: 0.9528
 -- Sample 2: 0.8618
 -- Sample 3: 0.9533
 -- Sample 4: 0.9732
 -- Sample 5: 0.9682
 -- Sample 6: 0.9767
 -- Sample 7: 0.9663
 -- Sample 8: 0.9200
 -- Sample 9: 0.9631
 -- Sample 10: 0.8903
 -- Sample 11: 0.9589
 -- Sample 12: 0.8073
 -- Sample 13: 0.9439
 -- Sample 14: 0.8477
 -- Sample 15: 0.9137
 -- Sample 16: 0.8972
 -- Sample 17: 0.9242
 -- Sample 18: 0.8787
 -- Sample 19: 0.9236
 -- Sample 20: 0.9092
 -- Sample 21: 0.8661
 -- Sample 22: 0.9018
 -- Sample 23: 0.8734
 -- Sample 24: 0.9565
 -- Sample 25: 0.9772
 -- Sample 26: 0.9594
 -- Sample 27: 0.9735
 -- Sample 28: 0.9483
 -- Sample 29: 0.9272
 -- Sample 30: 0.9188
 -- Sample 31: 0.9239
 -- Sample 32: 0.9523
 -- Sample 33: 0.9701
 -- Sample 34: 0.9507
 -- Sample 35: 0.9781
Mean=0.9278, Std=0.0418
------------------------------------------------------------------

-----------------------------------------------------


========================================================================================================================



  Berea Buff  results:


Loading data...
Testing model:   Ko et. al (Etapa 3)
Processing Batch 1 (Size: 50)...
input shape:  torch.Size([50, 1, 120, 120, 120])
output shape:  torch.Size([50, 1, 120, 120, 120])
target shape:  torch.Size([50, 1, 120, 120, 120])
torch.Size([50, 1, 120, 120, 120])
Bias Error: using Single Component
Mean: 119.3837, Std: 228.0549
------------------------------------------------------------------
Magnitude Error: 
 -- Sample 0: mean=44.5394%; std=44.2164
 -- Sample 1: mean=60.2858%; std=48.8261
 -- Sample 2: mean=57.4270%; std=59.9509
 -- Sample 3: mean=64.8059%; std=48.7693
 -- Sample 4: mean=47.5562%; std=27.2435
 -- Sample 5: mean=43.0461%; std=22.3127
 -- Sample 6: mean=40.9035%; std=40.9324
 -- Sample 7: mean=33.2528%; std=21.2510
 -- Sample 8: mean=33.5222%; std=22.2723
 -- Sample 9: mean=31.7293%; std=21.1438
 -- Sample 10: mean=32.6200%; std=20.6606
 -- Sample 11: mean=33.1607%; std=25.1796
 -- Sample 12: mean=24.1977%; std=18.9136
 -- Sample 13: mean=32.6700%; std=30.4601
 -- Sample 14: mean=26.8702%; std=21.3105
 -- Sample 15: mean=27.9006%; std=22.6524
 -- Sample 16: mean=29.9520%; std=27.6077
 -- Sample 17: mean=24.5359%; std=19.6717
 -- Sample 18: mean=39.3918%; std=29.6749
 -- Sample 19: mean=21.5747%; std=17.7035
 -- Sample 20: mean=51.4931%; std=31.7105
 -- Sample 21: mean=58.4928%; std=38.0198
 -- Sample 22: mean=53.8824%; std=35.6871
 -- Sample 23: mean=64.3596%; std=36.0069
 -- Sample 24: mean=33.9999%; std=26.2974
 -- Sample 25: mean=38.3342%; std=24.6994
 -- Sample 26: mean=34.3576%; std=22.4326
 -- Sample 27: mean=31.0306%; std=19.8803
 -- Sample 28: mean=74.8140%; std=63.3425
 -- Sample 29: mean=65.5774%; std=32.9874
 -- Sample 30: mean=65.5932%; std=49.3670
 -- Sample 31: mean=65.7554%; std=35.4178
 -- Sample 32: mean=181.0741%; std=192.0279
 -- Sample 33: mean=180.4459%; std=173.5186
 -- Sample 34: mean=149.5230%; std=142.8191
 -- Sample 35: mean=191.0800%; std=195.1028
 -- Sample 36: mean=49.0250%; std=32.0226
 -- Sample 37: mean=50.3655%; std=35.2060
 -- Sample 38: mean=48.4715%; std=30.1305
 -- Sample 39: mean=64.6289%; std=36.4246
 -- Sample 40: mean=32.1932%; std=24.6868
 -- Sample 41: mean=39.9762%; std=33.7860
 -- Sample 42: mean=33.1621%; std=21.9632
 -- Sample 43: mean=45.5103%; std=35.1982
 -- Sample 44: mean=72.8069%; std=63.2672
 -- Sample 45: mean=58.6406%; std=41.3216
 -- Sample 46: mean=74.0169%; std=61.5174
 -- Sample 47: mean=57.5144%; std=42.3128
 -- Sample 48: mean=31.1270%; std=26.7940
 -- Sample 49: mean=39.6676%; std=26.9236
Mean: 55.7372%, Std: 38.3692%
------------------------------------------------------------------
Correlation comparison:
 -- Sample 0: 0.9601
 -- Sample 1: 0.9543
 -- Sample 2: 0.9273
 -- Sample 3: 0.9415
 -- Sample 4: 0.9298
 -- Sample 5: 0.9350
 -- Sample 6: 0.9184
 -- Sample 7: 0.9414
 -- Sample 8: 0.9458
 -- Sample 9: 0.9672
 -- Sample 10: 0.9654
 -- Sample 11: 0.9655
 -- Sample 12: 0.9562
 -- Sample 13: 0.9525
 -- Sample 14: 0.9523
 -- Sample 15: 0.9531
 -- Sample 16: 0.9469
 -- Sample 17: 0.9698
 -- Sample 18: 0.9308
 -- Sample 19: 0.9787
 -- Sample 20: 0.8936
 -- Sample 21: 0.7640
 -- Sample 22: 0.8616
 -- Sample 23: 0.7863
 -- Sample 24: 0.9496
 -- Sample 25: 0.9364
 -- Sample 26: 0.9478
 -- Sample 27: 0.9457
 -- Sample 28: 0.7349
 -- Sample 29: 0.6803
 -- Sample 30: 0.7562
 -- Sample 31: 0.6188
 -- Sample 32: 0.4469
 -- Sample 33: 0.6600
 -- Sample 34: 0.4921
 -- Sample 35: 0.6031
 -- Sample 36: 0.8718
 -- Sample 37: 0.8484
 -- Sample 38: 0.8635
 -- Sample 39: 0.7597
 -- Sample 40: 0.9469
 -- Sample 41: 0.8750
 -- Sample 42: 0.9567
 -- Sample 43: 0.8473
 -- Sample 44: 0.8571
 -- Sample 45: 0.8661
 -- Sample 46: 0.8476
 -- Sample 47: 0.8560
 -- Sample 48: 0.9574
 -- Sample 49: 0.9684
Mean=0.8678, Std=0.1253
------------------------------------------------------------------
Processing Batch 2 (Size: 50)...
input shape:  torch.Size([50, 1, 120, 120, 120])
output shape:  torch.Size([50, 1, 120, 120, 120])
target shape:  torch.Size([50, 1, 120, 120, 120])
torch.Size([50, 1, 120, 120, 120])
Bias Error: using Single Component
Mean: 64.8189, Std: 59.5296
------------------------------------------------------------------
Magnitude Error: 
 -- Sample 0: mean=28.5977%; std=25.0459
 -- Sample 1: mean=45.2329%; std=30.6265
 -- Sample 2: mean=38.2442%; std=29.2169
 -- Sample 3: mean=49.2159%; std=32.5569
 -- Sample 4: mean=47.3617%; std=30.2995
 -- Sample 5: mean=43.5487%; std=31.3869
 -- Sample 6: mean=43.3395%; std=25.4118
 -- Sample 7: mean=37.9865%; std=23.8600
 -- Sample 8: mean=36.5995%; std=24.2627
 -- Sample 9: mean=37.3629%; std=23.0603
 -- Sample 10: mean=45.6929%; std=18.9314
 -- Sample 11: mean=41.1219%; std=22.4105
 -- Sample 12: mean=54.6572%; std=18.0312
 -- Sample 13: mean=41.5133%; std=21.4801
 -- Sample 14: mean=69.9045%; std=71.5472
 -- Sample 15: mean=52.8962%; std=37.5248
 -- Sample 16: mean=67.1853%; std=63.0612
 -- Sample 17: mean=45.7229%; std=40.6537
 -- Sample 18: mean=47.0576%; std=27.9530
 -- Sample 19: mean=32.7050%; std=24.3789
 -- Sample 20: mean=46.7753%; std=32.3426
 -- Sample 21: mean=42.3510%; std=27.8746
 -- Sample 22: mean=80.7641%; std=92.7074
 -- Sample 23: mean=69.1866%; std=79.4584
 -- Sample 24: mean=101.5139%; std=124.2812
 -- Sample 25: mean=88.2907%; std=96.9663
 -- Sample 26: mean=46.4560%; std=29.7826
 -- Sample 27: mean=49.1083%; std=28.0165
 -- Sample 28: mean=45.1783%; std=31.2757
 -- Sample 29: mean=59.6248%; std=29.2849
 -- Sample 30: mean=43.1418%; std=15.6766
 -- Sample 31: mean=44.8381%; std=22.4062
 -- Sample 32: mean=39.6159%; std=19.0182
 -- Sample 33: mean=42.5617%; std=21.9116
 -- Sample 34: mean=26.7844%; std=20.8932
 -- Sample 35: mean=31.9779%; std=31.4736
 -- Sample 36: mean=28.6859%; std=18.5676
 -- Sample 37: mean=31.1450%; std=32.3992
 -- Sample 38: mean=43.0781%; std=14.9148
 -- Sample 39: mean=40.1469%; std=16.4466
 -- Sample 40: mean=41.5759%; std=12.6572
 -- Sample 41: mean=47.5064%; std=18.0949
 -- Sample 42: mean=37.2218%; std=22.4576
 -- Sample 43: mean=39.2569%; std=24.1293
 -- Sample 44: mean=42.4561%; std=22.2562
 -- Sample 45: mean=35.9602%; std=23.7810
 -- Sample 46: mean=43.6630%; std=36.4990
 -- Sample 47: mean=50.1468%; std=34.6427
 -- Sample 48: mean=43.7740%; std=35.9261
 -- Sample 49: mean=55.4084%; std=52.5344
Mean: 46.8828%, Std: 14.3760%
------------------------------------------------------------------
Correlation comparison:
 -- Sample 0: 0.9711
 -- Sample 1: 0.9626
 -- Sample 2: 0.8935
 -- Sample 3: 0.8565
 -- Sample 4: 0.8784
 -- Sample 5: 0.8530
 -- Sample 6: 0.8940
 -- Sample 7: 0.9420
 -- Sample 8: 0.9422
 -- Sample 9: 0.9571
 -- Sample 10: 0.9546
 -- Sample 11: 0.9659
 -- Sample 12: 0.9356
 -- Sample 13: 0.9595
 -- Sample 14: 0.8284
 -- Sample 15: 0.8534
 -- Sample 16: 0.8667
 -- Sample 17: 0.8669
 -- Sample 18: 0.8832
 -- Sample 19: 0.9305
 -- Sample 20: 0.8823
 -- Sample 21: 0.9111
 -- Sample 22: 0.7734
 -- Sample 23: 0.8276
 -- Sample 24: 0.7611
 -- Sample 25: 0.7898
 -- Sample 26: 0.8768
 -- Sample 27: 0.8263
 -- Sample 28: 0.8706
 -- Sample 29: 0.7661
 -- Sample 30: 0.9680
 -- Sample 31: 0.8428
 -- Sample 32: 0.9586
 -- Sample 33: 0.8735
 -- Sample 34: 0.9656
 -- Sample 35: 0.9449
 -- Sample 36: 0.9683
 -- Sample 37: 0.9479
 -- Sample 38: 0.9770
 -- Sample 39: 0.9807
 -- Sample 40: 0.9860
 -- Sample 41: 0.9631
 -- Sample 42: 0.9385
 -- Sample 43: 0.9287
 -- Sample 44: 0.9233
 -- Sample 45: 0.9327
 -- Sample 46: 0.9123
 -- Sample 47: 0.8829
 -- Sample 48: 0.9260
 -- Sample 49: 0.8573
Mean=0.9032, Std=0.0594
------------------------------------------------------------------
Processing Batch 3 (Size: 50)...
input shape:  torch.Size([50, 1, 120, 120, 120])
output shape:  torch.Size([50, 1, 120, 120, 120])
target shape:  torch.Size([50, 1, 120, 120, 120])
torch.Size([50, 1, 120, 120, 120])
Bias Error: using Single Component
Mean: 320.8179, Std: 682.0512
------------------------------------------------------------------
Magnitude Error: 
 -- Sample 0: mean=85.5554%; std=71.3910
 -- Sample 1: mean=67.4004%; std=52.6098
 -- Sample 2: mean=61.7474%; std=72.5521
 -- Sample 3: mean=63.2944%; std=48.8630
 -- Sample 4: mean=45.1034%; std=27.9849
 -- Sample 5: mean=34.8062%; std=21.5206
 -- Sample 6: mean=49.4791%; std=32.8270
 -- Sample 7: mean=43.9001%; std=27.0561
 -- Sample 8: mean=152.8062%; std=129.0466
 -- Sample 9: mean=134.7756%; std=130.4416
 -- Sample 10: mean=117.4051%; std=111.2690
 -- Sample 11: mean=93.2179%; std=85.4400
 -- Sample 12: mean=43.0353%; std=30.2913
 -- Sample 13: mean=42.2179%; std=34.0080
 -- Sample 14: mean=45.4198%; std=25.2222
 -- Sample 15: mean=50.3452%; std=28.7627
 -- Sample 16: mean=45.5920%; std=17.6888
 -- Sample 17: mean=51.0202%; std=16.6327
 -- Sample 18: mean=46.5934%; std=17.9079
 -- Sample 19: mean=46.8288%; std=21.3774
 -- Sample 20: mean=40.2892%; std=33.9045
 -- Sample 21: mean=62.6457%; std=54.4948
 -- Sample 22: mean=47.1406%; std=40.9278
 -- Sample 23: mean=59.8762%; std=52.4717
 -- Sample 24: mean=172.0905%; std=198.5342
 -- Sample 25: mean=93.6742%; std=132.2149
 -- Sample 26: mean=164.8114%; std=186.7632
 -- Sample 27: mean=105.3829%; std=149.6484
 -- Sample 28: mean=49.3111%; std=18.0204
 -- Sample 29: mean=45.4423%; std=22.1443
 -- Sample 30: mean=54.5467%; std=18.7233
 -- Sample 31: mean=45.1376%; std=19.1604
 -- Sample 32: mean=56.5749%; std=35.4449
 -- Sample 33: mean=34.7563%; std=24.2927
 -- Sample 34: mean=52.2093%; std=33.6157
 -- Sample 35: mean=45.0114%; std=38.3166
 -- Sample 36: mean=49.4042%; std=59.0883
 -- Sample 37: mean=41.1607%; std=40.6669
 -- Sample 38: mean=31.9331%; std=32.0693
 -- Sample 39: mean=41.7987%; std=43.9717
 -- Sample 40: mean=36.4737%; std=29.9242
 -- Sample 41: mean=46.4088%; std=35.1404
 -- Sample 42: mean=39.5568%; std=30.6544
 -- Sample 43: mean=43.9903%; std=34.7299
 -- Sample 44: mean=50.1338%; std=12.6793
 -- Sample 45: mean=48.4602%; std=20.9559
 -- Sample 46: mean=47.0741%; std=13.0621
 -- Sample 47: mean=55.7597%; std=23.3932
 -- Sample 48: mean=41.9971%; std=30.1952
 -- Sample 49: mean=56.3166%; std=27.6763
Mean: 61.5982%, Std: 33.0279%
------------------------------------------------------------------
Correlation comparison:
 -- Sample 0: 0.9167
 -- Sample 1: 0.8663
 -- Sample 2: 0.9126
 -- Sample 3: 0.8197
 -- Sample 4: 0.8914
 -- Sample 5: 0.9108
 -- Sample 6: 0.8362
 -- Sample 7: 0.8800
 -- Sample 8: 0.6731
 -- Sample 9: 0.7501
 -- Sample 10: 0.7129
 -- Sample 11: 0.8568
 -- Sample 12: 0.9291
 -- Sample 13: 0.9039
 -- Sample 14: 0.9283
 -- Sample 15: 0.8589
 -- Sample 16: 0.9245
 -- Sample 17: 0.9561
 -- Sample 18: 0.9302
 -- Sample 19: 0.9423
 -- Sample 20: 0.9132
 -- Sample 21: 0.8993
 -- Sample 22: 0.8986
 -- Sample 23: 0.9181
 -- Sample 24: 0.6159
 -- Sample 25: 0.7809
 -- Sample 26: 0.6259
 -- Sample 27: 0.7336
 -- Sample 28: 0.9595
 -- Sample 29: 0.9543
 -- Sample 30: 0.9562
 -- Sample 31: 0.9692
 -- Sample 32: 0.8771
 -- Sample 33: 0.9466
 -- Sample 34: 0.8746
 -- Sample 35: 0.9129
 -- Sample 36: 0.9291
 -- Sample 37: 0.9394
 -- Sample 38: 0.9623
 -- Sample 39: 0.9359
 -- Sample 40: 0.9600
 -- Sample 41: 0.9281
 -- Sample 42: 0.9472
 -- Sample 43: 0.9178
 -- Sample 44: 0.9865
 -- Sample 45: 0.9545
 -- Sample 46: 0.9852
 -- Sample 47: 0.9422
 -- Sample 48: 0.9346
 -- Sample 49: 0.8834
Mean=0.8888, Std=0.0870
------------------------------------------------------------------
Processing Batch 4 (Size: 50)...
input shape:  torch.Size([50, 1, 120, 120, 120])
output shape:  torch.Size([50, 1, 120, 120, 120])
target shape:  torch.Size([50, 1, 120, 120, 120])
torch.Size([50, 1, 120, 120, 120])
Bias Error: using Single Component
Mean: 318.6899, Std: 845.6623
------------------------------------------------------------------
Magnitude Error: 
 -- Sample 0: mean=47.9788%; std=29.8719
 -- Sample 1: mean=52.3735%; std=24.7114
 -- Sample 2: mean=132.7064%; std=227.2721
 -- Sample 3: mean=68.5857%; std=54.1128
 -- Sample 4: mean=108.0293%; std=169.7788
 -- Sample 5: mean=90.6041%; std=77.6815
 -- Sample 6: mean=26.3412%; std=15.5165
 -- Sample 7: mean=23.2794%; std=17.2878
 -- Sample 8: mean=30.7662%; std=17.2811
 -- Sample 9: mean=29.0745%; std=20.1663
 -- Sample 10: mean=135.0823%; std=181.4407
 -- Sample 11: mean=106.1579%; std=141.9064
 -- Sample 12: mean=140.0752%; std=172.4719
 -- Sample 13: mean=150.8329%; std=213.5251
 -- Sample 14: mean=37.1804%; std=27.6401
 -- Sample 15: mean=37.0079%; std=28.2610
 -- Sample 16: mean=27.2209%; std=21.3738
 -- Sample 17: mean=41.6996%; std=27.4511
 -- Sample 18: mean=37.7431%; std=28.4583
 -- Sample 19: mean=35.0714%; std=19.5979
 -- Sample 20: mean=41.1275%; std=33.8314
 -- Sample 21: mean=35.9439%; std=21.9587
 -- Sample 22: mean=34.8950%; std=39.3228
 -- Sample 23: mean=38.8284%; std=27.2946
 -- Sample 24: mean=32.9689%; std=29.9643
 -- Sample 25: mean=32.5746%; std=26.6671
 -- Sample 26: mean=33.7008%; std=32.2642
 -- Sample 27: mean=43.5097%; std=33.5714
 -- Sample 28: mean=41.2670%; std=39.7794
 -- Sample 29: mean=52.8501%; std=53.2393
 -- Sample 30: mean=53.9231%; std=55.9575
 -- Sample 31: mean=55.9909%; std=46.6328
 -- Sample 32: mean=57.1659%; std=48.3002
 -- Sample 33: mean=61.8358%; std=56.8162
 -- Sample 34: mean=48.6279%; std=37.5793
 -- Sample 35: mean=43.7843%; std=29.9048
 -- Sample 36: mean=43.3603%; std=26.8047
 -- Sample 37: mean=39.7825%; std=31.2910
 -- Sample 38: mean=26.4091%; std=20.1792
 -- Sample 39: mean=33.8257%; std=30.3708
 -- Sample 40: mean=29.6101%; std=22.2164
 -- Sample 41: mean=32.2929%; std=25.9992
 -- Sample 42: mean=51.2038%; std=47.9435
 -- Sample 43: mean=51.7658%; std=42.3257
 -- Sample 44: mean=48.1426%; std=36.1272
 -- Sample 45: mean=49.7591%; std=52.4296
 -- Sample 46: mean=42.9519%; std=27.4563
 -- Sample 47: mean=42.2426%; std=26.4698
 -- Sample 48: mean=45.8837%; std=26.7047
 -- Sample 49: mean=39.7560%; std=24.5647
Mean: 52.8758%, Std: 30.8808%
------------------------------------------------------------------
Correlation comparison:
 -- Sample 0: 0.9234
 -- Sample 1: 0.8959
 -- Sample 2: 0.4124
 -- Sample 3: 0.8166
 -- Sample 4: 0.5837
 -- Sample 5: 0.7863
 -- Sample 6: 0.9872
 -- Sample 7: 0.9846
 -- Sample 8: 0.9763
 -- Sample 9: 0.9797
 -- Sample 10: 0.8537
 -- Sample 11: 0.7185
 -- Sample 12: 0.8066
 -- Sample 13: 0.5958
 -- Sample 14: 0.9899
 -- Sample 15: 0.9607
 -- Sample 16: 0.9873
 -- Sample 17: 0.9861
 -- Sample 18: 0.9198
 -- Sample 19: 0.9222
 -- Sample 20: 0.9018
 -- Sample 21: 0.9116
 -- Sample 22: 0.9331
 -- Sample 23: 0.9264
 -- Sample 24: 0.9467
 -- Sample 25: 0.9395
 -- Sample 26: 0.9228
 -- Sample 27: 0.8730
 -- Sample 28: 0.9104
 -- Sample 29: 0.8562
 -- Sample 30: 0.8505
 -- Sample 31: 0.8447
 -- Sample 32: 0.8929
 -- Sample 33: 0.8121
 -- Sample 34: 0.9288
 -- Sample 35: 0.9273
 -- Sample 36: 0.9096
 -- Sample 37: 0.9497
 -- Sample 38: 0.9598
 -- Sample 39: 0.9106
 -- Sample 40: 0.9609
 -- Sample 41: 0.9409
 -- Sample 42: 0.9276
 -- Sample 43: 0.9107
 -- Sample 44: 0.9114
 -- Sample 45: 0.8892
 -- Sample 46: 0.8757
 -- Sample 47: 0.9056
 -- Sample 48: 0.9004
 -- Sample 49: 0.9159
Mean=0.8866, Std=0.1075
------------------------------------------------------------------
Processing Batch 5 (Size: 50)...
input shape:  torch.Size([50, 1, 120, 120, 120])
output shape:  torch.Size([50, 1, 120, 120, 120])
target shape:  torch.Size([50, 1, 120, 120, 120])
torch.Size([50, 1, 120, 120, 120])
Bias Error: using Single Component
Mean: 380.8027, Std: 728.0151
------------------------------------------------------------------
Magnitude Error: 
 -- Sample 0: mean=169.3179%; std=284.4543
 -- Sample 1: mean=53.1528%; std=34.0995
 -- Sample 2: mean=143.2500%; std=241.6812
 -- Sample 3: mean=84.0948%; std=69.8378
 -- Sample 4: mean=21.0719%; std=15.3529
 -- Sample 5: mean=19.2513%; std=14.9520
 -- Sample 6: mean=27.9218%; std=14.6272
 -- Sample 7: mean=20.9830%; std=16.4176
 -- Sample 8: mean=116.5991%; std=174.8717
 -- Sample 9: mean=190.8245%; std=234.0348
 -- Sample 10: mean=169.1976%; std=265.8427
 -- Sample 11: mean=83.7026%; std=122.0666
 -- Sample 12: mean=33.6193%; std=21.5186
 -- Sample 13: mean=37.6713%; std=20.0691
 -- Sample 14: mean=31.6845%; std=20.0196
 -- Sample 15: mean=32.4853%; std=23.2676
 -- Sample 16: mean=37.4761%; std=21.2189
 -- Sample 17: mean=43.8489%; std=17.6617
 -- Sample 18: mean=35.7162%; std=18.8986
 -- Sample 19: mean=39.1009%; std=16.1598
 -- Sample 20: mean=40.5743%; std=19.6694
 -- Sample 21: mean=40.9192%; std=22.5381
 -- Sample 22: mean=35.0577%; std=18.3646
 -- Sample 23: mean=34.5744%; std=23.4207
 -- Sample 24: mean=184.6518%; std=232.2411
 -- Sample 25: mean=196.5150%; std=305.9759
 -- Sample 26: mean=124.7822%; std=187.6328
 -- Sample 27: mean=234.3888%; std=374.6606
 -- Sample 28: mean=276.5239%; std=406.2585
 -- Sample 29: mean=206.3841%; std=313.4460
 -- Sample 30: mean=322.4258%; std=444.1012
 -- Sample 31: mean=194.8345%; std=301.1875
 -- Sample 32: mean=66.7752%; std=71.0485
 -- Sample 33: mean=52.6292%; std=41.5376
 -- Sample 34: mean=58.1191%; std=56.3430
 -- Sample 35: mean=74.3231%; std=75.3609
 -- Sample 36: mean=35.6957%; std=19.3870
 -- Sample 37: mean=46.3773%; std=24.6783
 -- Sample 38: mean=32.6423%; std=20.9875
 -- Sample 39: mean=40.4916%; std=21.2902
 -- Sample 40: mean=35.1607%; std=25.0860
 -- Sample 41: mean=53.0872%; std=27.3989
 -- Sample 42: mean=34.6735%; std=24.9898
 -- Sample 43: mean=39.7320%; std=23.1359
 -- Sample 44: mean=33.3864%; std=19.2772
 -- Sample 45: mean=23.9995%; std=15.9507
 -- Sample 46: mean=31.1196%; std=19.9010
 -- Sample 47: mean=26.4624%; std=17.0190
 -- Sample 48: mean=30.6441%; std=21.3804
 -- Sample 49: mean=30.6171%; std=20.6220
Mean: 80.5707%, Std: 74.4582%
------------------------------------------------------------------
Correlation comparison:
 -- Sample 0: 0.6359
 -- Sample 1: 0.8839
 -- Sample 2: 0.6480
 -- Sample 3: 0.8165
 -- Sample 4: 0.9833
 -- Sample 5: 0.9782
 -- Sample 6: 0.9793
 -- Sample 7: 0.9739
 -- Sample 8: 0.8235
 -- Sample 9: 0.7890
 -- Sample 10: 0.7644
 -- Sample 11: 0.8242
 -- Sample 12: 0.9472
 -- Sample 13: 0.9615
 -- Sample 14: 0.9620
 -- Sample 15: 0.9406
 -- Sample 16: 0.9560
 -- Sample 17: 0.9748
 -- Sample 18: 0.9647
 -- Sample 19: 0.9785
 -- Sample 20: 0.9326
 -- Sample 21: 0.8881
 -- Sample 22: 0.9612
 -- Sample 23: 0.9220
 -- Sample 24: 0.6699
 -- Sample 25: 0.5865
 -- Sample 26: 0.6876
 -- Sample 27: 0.5138
 -- Sample 28: 0.6878
 -- Sample 29: 0.5241
 -- Sample 30: 0.7105
 -- Sample 31: 0.5901
 -- Sample 32: 0.9039
 -- Sample 33: 0.9354
 -- Sample 34: 0.9375
 -- Sample 35: 0.9024
 -- Sample 36: 0.9648
 -- Sample 37: 0.9332
 -- Sample 38: 0.9585
 -- Sample 39: 0.9632
 -- Sample 40: 0.9595
 -- Sample 41: 0.8932
 -- Sample 42: 0.9583
 -- Sample 43: 0.9394
 -- Sample 44: 0.9434
 -- Sample 45: 0.9745
 -- Sample 46: 0.9587
 -- Sample 47: 0.9706
 -- Sample 48: 0.9666
 -- Sample 49: 0.9602
Mean=0.8697, Std=0.1348
------------------------------------------------------------------
Processing Batch 6 (Size: 14)...
input shape:  torch.Size([14, 1, 120, 120, 120])
output shape:  torch.Size([14, 1, 120, 120, 120])
target shape:  torch.Size([14, 1, 120, 120, 120])
torch.Size([14, 1, 120, 120, 120])
Bias Error: using Single Component
Mean: 4978.2538, Std: 12168.6926
------------------------------------------------------------------
Magnitude Error: 
 -- Sample 0: mean=33.0236%; std=21.1467
 -- Sample 1: mean=36.6231%; std=24.0838
 -- Sample 2: mean=26.4324%; std=25.6609
 -- Sample 3: mean=43.0439%; std=34.7836
 -- Sample 4: mean=31.0810%; std=28.0253
 -- Sample 5: mean=35.9754%; std=30.5101
 -- Sample 6: mean=36.4584%; std=29.6789
 -- Sample 7: mean=80.1852%; std=104.0316
 -- Sample 8: mean=53.6311%; std=36.3201
 -- Sample 9: mean=91.6328%; std=111.5593
 -- Sample 10: mean=30.6489%; std=22.7224
 -- Sample 11: mean=30.2234%; std=18.3543
 -- Sample 12: mean=37.9350%; std=32.4001
 -- Sample 13: mean=42.6300%; std=25.6390
Mean: 43.5375%, Std: 18.6075%
------------------------------------------------------------------
Correlation comparison:
 -- Sample 0: 0.9527
 -- Sample 1: 0.9138
 -- Sample 2: 0.9624
 -- Sample 3: 0.9144
 -- Sample 4: 0.9488
 -- Sample 5: 0.9366
 -- Sample 6: 0.9473
 -- Sample 7: 0.8276
 -- Sample 8: 0.8911
 -- Sample 9: 0.8290
 -- Sample 10: 0.9406
 -- Sample 11: 0.9529
 -- Sample 12: 0.9149
 -- Sample 13: 0.9137
Mean=0.9176, Std=0.0413
------------------------------------------------------------------

-----------------------------------------------------


========================================================================================================================



  Leopard  results:


Loading data...
Testing model:   Ko et. al (Etapa 3)
Processing Batch 1 (Size: 50)...
input shape:  torch.Size([50, 1, 120, 120, 120])
output shape:  torch.Size([50, 1, 120, 120, 120])
target shape:  torch.Size([50, 1, 120, 120, 120])
torch.Size([50, 1, 120, 120, 120])
Bias Error: using Single Component
Mean: 4002.6536, Std: 25719.0220
------------------------------------------------------------------
Magnitude Error: 
 -- Sample 0: mean=62.5073%; std=60.5262
 -- Sample 1: mean=72.7898%; std=54.6569
 -- Sample 2: mean=50.4167%; std=37.0273
 -- Sample 3: mean=66.4434%; std=53.9117
 -- Sample 4: mean=58.1763%; std=27.8682
 -- Sample 5: mean=60.3628%; std=25.9758
 -- Sample 6: mean=63.2944%; std=28.9837
 -- Sample 7: mean=68.0560%; std=26.1829
 -- Sample 8: mean=29.0585%; std=13.4938
 -- Sample 9: mean=30.1902%; std=19.0708
 -- Sample 10: mean=36.5202%; std=15.5741
 -- Sample 11: mean=25.8204%; std=16.3099
 -- Sample 12: mean=31.6456%; std=26.6083
 -- Sample 13: mean=26.9247%; std=20.1699
 -- Sample 14: mean=36.7237%; std=33.8893
 -- Sample 15: mean=26.6455%; std=23.0028
 -- Sample 16: mean=50.5905%; std=50.6773
 -- Sample 17: mean=42.5472%; std=31.1403
 -- Sample 18: mean=57.0859%; std=52.6101
 -- Sample 19: mean=49.0143%; std=42.1485
 -- Sample 20: mean=133.5841%; std=126.4500
 -- Sample 21: mean=136.1766%; std=138.0924
 -- Sample 22: mean=172.3824%; std=158.1409
 -- Sample 23: mean=129.6544%; std=125.5325
 -- Sample 24: mean=68.4313%; std=56.4418
 -- Sample 25: mean=79.5354%; std=70.3680
 -- Sample 26: mean=56.6472%; std=52.9204
 -- Sample 27: mean=79.6618%; std=67.7252
 -- Sample 28: mean=86.3345%; std=72.2763
 -- Sample 29: mean=70.9751%; std=52.6492
 -- Sample 30: mean=78.1161%; std=70.9377
 -- Sample 31: mean=76.2062%; std=71.1739
 -- Sample 32: mean=41.0306%; std=27.6125
 -- Sample 33: mean=34.5131%; std=24.3487
 -- Sample 34: mean=47.5500%; std=30.8878
 -- Sample 35: mean=37.4677%; std=22.1242
 -- Sample 36: mean=30.3291%; std=20.6537
 -- Sample 37: mean=28.2188%; std=21.6889
 -- Sample 38: mean=25.1155%; std=22.2512
 -- Sample 39: mean=30.8862%; std=24.5081
 -- Sample 40: mean=48.2566%; std=29.3331
 -- Sample 41: mean=37.8283%; std=29.4113
 -- Sample 42: mean=40.2136%; std=26.6595
 -- Sample 43: mean=41.9826%; std=32.6608
 -- Sample 44: mean=41.6733%; std=31.2711
 -- Sample 45: mean=35.4251%; std=26.8281
 -- Sample 46: mean=49.5082%; std=42.0312
 -- Sample 47: mean=37.7945%; std=27.1878
 -- Sample 48: mean=65.9644%; std=62.8163
 -- Sample 49: mean=44.6210%; std=28.0226
Mean: 56.6179%, Std: 30.7222%
------------------------------------------------------------------
Correlation comparison:
 -- Sample 0: 0.7805
 -- Sample 1: 0.8387
 -- Sample 2: 0.7951
 -- Sample 3: 0.8275
 -- Sample 4: 0.8862
 -- Sample 5: 0.8401
 -- Sample 6: 0.9162
 -- Sample 7: 0.7388
 -- Sample 8: 0.9921
 -- Sample 9: 0.9732
 -- Sample 10: 0.9758
 -- Sample 11: 0.9834
 -- Sample 12: 0.9554
 -- Sample 13: 0.9743
 -- Sample 14: 0.9415
 -- Sample 15: 0.9690
 -- Sample 16: 0.8877
 -- Sample 17: 0.9058
 -- Sample 18: 0.8971
 -- Sample 19: 0.8354
 -- Sample 20: 0.6769
 -- Sample 21: 0.6500
 -- Sample 22: 0.6393
 -- Sample 23: 0.6081
 -- Sample 24: 0.7582
 -- Sample 25: 0.7494
 -- Sample 26: 0.8479
 -- Sample 27: 0.7688
 -- Sample 28: 0.7382
 -- Sample 29: 0.8321
 -- Sample 30: 0.8008
 -- Sample 31: 0.7865
 -- Sample 32: 0.8731
 -- Sample 33: 0.9208
 -- Sample 34: 0.7915
 -- Sample 35: 0.9075
 -- Sample 36: 0.9751
 -- Sample 37: 0.9575
 -- Sample 38: 0.9741
 -- Sample 39: 0.9545
 -- Sample 40: 0.8560
 -- Sample 41: 0.8970
 -- Sample 42: 0.9282
 -- Sample 43: 0.8588
 -- Sample 44: 0.9640
 -- Sample 45: 0.9750
 -- Sample 46: 0.9271
 -- Sample 47: 0.9753
 -- Sample 48: 0.8343
 -- Sample 49: 0.9192
Mean=0.8652, Std=0.0987
------------------------------------------------------------------
Processing Batch 2 (Size: 50)...
input shape:  torch.Size([50, 1, 120, 120, 120])
output shape:  torch.Size([50, 1, 120, 120, 120])
target shape:  torch.Size([50, 1, 120, 120, 120])
torch.Size([50, 1, 120, 120, 120])
Bias Error: using Single Component
Mean: 357.2531, Std: 776.0219
------------------------------------------------------------------
Magnitude Error: 
 -- Sample 0: mean=43.7447%; std=32.6400
 -- Sample 1: mean=74.6880%; std=73.5756
 -- Sample 2: mean=76.6465%; std=81.5543
 -- Sample 3: mean=117.4071%; std=125.8212
 -- Sample 4: mean=84.2510%; std=90.7412
 -- Sample 5: mean=74.6048%; std=64.7676
 -- Sample 6: mean=218.8602%; std=386.5703
 -- Sample 7: mean=128.6723%; std=231.9584
 -- Sample 8: mean=606.8510%; std=1106.0046
 -- Sample 9: mean=142.7383%; std=234.7125
 -- Sample 10: mean=31.5957%; std=18.6029
 -- Sample 11: mean=31.5072%; std=18.4405
 -- Sample 12: mean=29.0387%; std=17.9288
 -- Sample 13: mean=31.8295%; std=18.3157
 -- Sample 14: mean=22.0489%; std=16.0903
 -- Sample 15: mean=21.6799%; std=14.0673
 -- Sample 16: mean=31.7211%; std=22.2197
 -- Sample 17: mean=23.8776%; std=15.3245
 -- Sample 18: mean=99.6343%; std=199.4148
 -- Sample 19: mean=87.6732%; std=139.9305
 -- Sample 20: mean=87.7254%; std=113.1633
 -- Sample 21: mean=115.3694%; std=145.1917
 -- Sample 22: mean=36.2593%; std=31.5347
 -- Sample 23: mean=26.3221%; std=22.8555
 -- Sample 24: mean=39.0449%; std=35.1278
 -- Sample 25: mean=28.4596%; std=25.8363
 -- Sample 26: mean=51.9820%; std=40.5508
 -- Sample 27: mean=56.9359%; std=71.6131
 -- Sample 28: mean=57.5507%; std=53.3105
 -- Sample 29: mean=48.6692%; std=42.5536
 -- Sample 30: mean=38.0032%; std=23.2480
 -- Sample 31: mean=36.7404%; std=24.9171
 -- Sample 32: mean=52.3303%; std=31.3361
 -- Sample 33: mean=37.8848%; std=28.4866
 -- Sample 34: mean=166.8656%; std=271.3298
 -- Sample 35: mean=102.8801%; std=193.9284
 -- Sample 36: mean=191.4097%; std=313.3178
 -- Sample 37: mean=116.8411%; std=224.1820
 -- Sample 38: mean=712.2053%; std=1301.8215
 -- Sample 39: mean=694.3029%; std=1504.9142
 -- Sample 40: mean=758.4329%; std=1743.4370
 -- Sample 41: mean=662.0454%; std=1289.5327
 -- Sample 42: mean=60.5393%; std=39.5307
 -- Sample 43: mean=44.3314%; std=27.8992
 -- Sample 44: mean=57.4589%; std=28.0446
 -- Sample 45: mean=48.6780%; std=31.2408
 -- Sample 46: mean=50.8849%; std=51.1453
 -- Sample 47: mean=69.8042%; std=65.2802
 -- Sample 48: mean=49.5532%; std=31.6599
 -- Sample 49: mean=54.7935%; std=55.5656
Mean: 130.6675%, Std: 190.9400%
------------------------------------------------------------------
Correlation comparison:
 -- Sample 0: 0.8897
 -- Sample 1: 0.8630
 -- Sample 2: 0.8276
 -- Sample 3: 0.7361
 -- Sample 4: 0.8248
 -- Sample 5: 0.7941
 -- Sample 6: 0.0982
 -- Sample 7: 0.4822
 -- Sample 8: 0.1223
 -- Sample 9: 0.3996
 -- Sample 10: 0.9698
 -- Sample 11: 0.9745
 -- Sample 12: 0.9726
 -- Sample 13: 0.9755
 -- Sample 14: 0.9811
 -- Sample 15: 0.9791
 -- Sample 16: 0.9493
 -- Sample 17: 0.9757
 -- Sample 18: 0.4253
 -- Sample 19: 0.4985
 -- Sample 20: 0.4464
 -- Sample 21: 0.7547
 -- Sample 22: 0.9307
 -- Sample 23: 0.9696
 -- Sample 24: 0.9372
 -- Sample 25: 0.9572
 -- Sample 26: 0.9090
 -- Sample 27: 0.7907
 -- Sample 28: 0.8328
 -- Sample 29: 0.8690
 -- Sample 30: 0.9160
 -- Sample 31: 0.8974
 -- Sample 32: 0.8773
 -- Sample 33: 0.9094
 -- Sample 34: 0.6087
 -- Sample 35: 0.7586
 -- Sample 36: 0.5632
 -- Sample 37: 0.7185
 -- Sample 38: 0.1796
 -- Sample 39: 0.2261
 -- Sample 40: 0.1528
 -- Sample 41: 0.2174
 -- Sample 42: 0.7678
 -- Sample 43: 0.8846
 -- Sample 44: 0.8666
 -- Sample 45: 0.8804
 -- Sample 46: 0.8692
 -- Sample 47: 0.8625
 -- Sample 48: 0.8966
 -- Sample 49: 0.9101
Mean=0.7420, Std=0.2619
------------------------------------------------------------------
Processing Batch 3 (Size: 50)...
input shape:  torch.Size([50, 1, 120, 120, 120])
output shape:  torch.Size([50, 1, 120, 120, 120])
target shape:  torch.Size([50, 1, 120, 120, 120])
torch.Size([50, 1, 120, 120, 120])
Bias Error: using Single Component
Mean: 174.9605, Std: 283.2525
------------------------------------------------------------------
Magnitude Error: 
 -- Sample 0: mean=44.2600%; std=14.5879
 -- Sample 1: mean=43.6172%; std=17.1687
 -- Sample 2: mean=42.8992%; std=14.8460
 -- Sample 3: mean=51.6742%; std=18.9626
 -- Sample 4: mean=381.7992%; std=396.6653
 -- Sample 5: mean=484.0277%; std=377.1740
 -- Sample 6: mean=380.5916%; std=435.9485
 -- Sample 7: mean=498.9585%; std=441.8890
 -- Sample 8: mean=50.8034%; std=21.4729
 -- Sample 9: mean=52.1362%; std=15.2151
 -- Sample 10: mean=48.3739%; std=20.2157
 -- Sample 11: mean=54.6695%; std=18.5259
 -- Sample 12: mean=30.7799%; std=25.4978
 -- Sample 13: mean=30.4448%; std=24.1898
 -- Sample 14: mean=29.4651%; std=25.8806
 -- Sample 15: mean=28.8713%; std=24.7501
 -- Sample 16: mean=75.2355%; std=47.4037
 -- Sample 17: mean=56.0817%; std=26.1731
 -- Sample 18: mean=72.4062%; std=65.5884
 -- Sample 19: mean=72.8251%; std=33.8112
 -- Sample 20: mean=50.5645%; std=33.9641
 -- Sample 21: mean=68.8894%; std=46.4494
 -- Sample 22: mean=61.7741%; std=29.8123
 -- Sample 23: mean=69.0611%; std=49.3815
 -- Sample 24: mean=43.9382%; std=36.6857
 -- Sample 25: mean=45.2767%; std=32.2709
 -- Sample 26: mean=55.8967%; std=58.3648
 -- Sample 27: mean=50.9430%; std=44.1890
 -- Sample 28: mean=38.3784%; std=35.5855
 -- Sample 29: mean=42.7211%; std=32.2555
 -- Sample 30: mean=39.8295%; std=28.3028
 -- Sample 31: mean=30.9388%; std=34.1166
 -- Sample 32: mean=61.2314%; std=48.6628
 -- Sample 33: mean=71.6176%; std=69.1582
 -- Sample 34: mean=73.8323%; std=72.2896
 -- Sample 35: mean=98.1743%; std=101.9604
 -- Sample 36: mean=150.1804%; std=179.4924
 -- Sample 37: mean=49.4896%; std=29.9862
 -- Sample 38: mean=153.3630%; std=175.4486
 -- Sample 39: mean=52.8930%; std=42.9527
 -- Sample 40: mean=100.8201%; std=74.3863
 -- Sample 41: mean=84.2115%; std=65.4433
 -- Sample 42: mean=89.3543%; std=61.7925
 -- Sample 43: mean=72.9734%; std=51.2525
 -- Sample 44: mean=27.2565%; std=25.3116
 -- Sample 45: mean=27.7790%; std=18.6409
 -- Sample 46: mean=31.8640%; std=26.7660
 -- Sample 47: mean=28.8368%; std=20.8272
 -- Sample 48: mean=38.2791%; std=33.8320
 -- Sample 49: mean=40.8187%; std=25.1817
Mean: 87.6221%, Std: 107.3020%
------------------------------------------------------------------
Correlation comparison:
 -- Sample 0: 0.9876
 -- Sample 1: 0.9205
 -- Sample 2: 0.9863
 -- Sample 3: 0.9128
 -- Sample 4: 0.4986
 -- Sample 5: 0.5366
 -- Sample 6: 0.4822
 -- Sample 7: 0.4468
 -- Sample 8: 0.9655
 -- Sample 9: 0.9727
 -- Sample 10: 0.9628
 -- Sample 11: 0.9321
 -- Sample 12: 0.9634
 -- Sample 13: 0.9720
 -- Sample 14: 0.9592
 -- Sample 15: 0.9725
 -- Sample 16: 0.7709
 -- Sample 17: 0.9281
 -- Sample 18: 0.7542
 -- Sample 19: 0.7882
 -- Sample 20: 0.8667
 -- Sample 21: 0.8329
 -- Sample 22: 0.8205
 -- Sample 23: 0.8122
 -- Sample 24: 0.9053
 -- Sample 25: 0.9132
 -- Sample 26: 0.8622
 -- Sample 27: 0.8487
 -- Sample 28: 0.9729
 -- Sample 29: 0.9664
 -- Sample 30: 0.9375
 -- Sample 31: 0.9544
 -- Sample 32: 0.8948
 -- Sample 33: 0.8571
 -- Sample 34: 0.8672
 -- Sample 35: 0.8102
 -- Sample 36: 0.7021
 -- Sample 37: 0.8756
 -- Sample 38: 0.7078
 -- Sample 39: 0.7451
 -- Sample 40: 0.7159
 -- Sample 41: 0.7045
 -- Sample 42: 0.7132
 -- Sample 43: 0.7039
 -- Sample 44: 0.9667
 -- Sample 45: 0.9513
 -- Sample 46: 0.9614
 -- Sample 47: 0.9605
 -- Sample 48: 0.9473
 -- Sample 49: 0.9650
Mean=0.8491, Std=0.1385
------------------------------------------------------------------
Processing Batch 4 (Size: 50)...
input shape:  torch.Size([50, 1, 120, 120, 120])
output shape:  torch.Size([50, 1, 120, 120, 120])
target shape:  torch.Size([50, 1, 120, 120, 120])
torch.Size([50, 1, 120, 120, 120])
Bias Error: using Single Component
Mean: 578.4994, Std: 1491.5602
------------------------------------------------------------------
Magnitude Error: 
 -- Sample 0: mean=43.7541%; std=32.0598
 -- Sample 1: mean=29.4890%; std=25.2343
 -- Sample 2: mean=131.9456%; std=90.1935
 -- Sample 3: mean=155.5433%; std=172.4104
 -- Sample 4: mean=124.9436%; std=91.1835
 -- Sample 5: mean=157.0116%; std=143.9135
 -- Sample 6: mean=53.1800%; std=39.2399
 -- Sample 7: mean=44.8694%; std=26.8978
 -- Sample 8: mean=59.5748%; std=27.6561
 -- Sample 9: mean=61.3144%; std=42.1697
 -- Sample 10: mean=25.6466%; std=19.9828
 -- Sample 11: mean=41.7667%; std=23.4370
 -- Sample 12: mean=26.1592%; std=21.0603
 -- Sample 13: mean=42.4523%; std=22.9288
 -- Sample 14: mean=53.7766%; std=63.3977
 -- Sample 15: mean=61.6961%; std=54.5192
 -- Sample 16: mean=55.9221%; std=73.3816
 -- Sample 17: mean=58.2237%; std=66.1273
 -- Sample 18: mean=44.5747%; std=24.4195
 -- Sample 19: mean=55.5879%; std=26.9612
 -- Sample 20: mean=37.2105%; std=23.6538
 -- Sample 21: mean=46.7755%; std=25.2856
 -- Sample 22: mean=28.8021%; std=26.2954
 -- Sample 23: mean=28.0149%; std=20.6847
 -- Sample 24: mean=39.9858%; std=23.6524
 -- Sample 25: mean=29.7564%; std=20.9848
 -- Sample 26: mean=52.3492%; std=44.1174
 -- Sample 27: mean=68.9195%; std=97.8556
 -- Sample 28: mean=51.4225%; std=36.9707
 -- Sample 29: mean=88.1242%; std=141.4060
 -- Sample 30: mean=25.5802%; std=18.2247
 -- Sample 31: mean=25.8057%; std=18.5779
 -- Sample 32: mean=27.3288%; std=19.8746
 -- Sample 33: mean=23.1129%; std=17.2556
 -- Sample 34: mean=39.6564%; std=25.6734
 -- Sample 35: mean=38.8579%; std=18.8815
 -- Sample 36: mean=42.0373%; std=25.8964
 -- Sample 37: mean=38.0509%; std=17.5206
 -- Sample 38: mean=143.9962%; std=245.3976
 -- Sample 39: mean=165.1066%; std=250.3409
 -- Sample 40: mean=227.2329%; std=411.2959
 -- Sample 41: mean=123.1807%; std=162.3277
 -- Sample 42: mean=84.9434%; std=104.8840
 -- Sample 43: mean=190.0659%; std=179.8419
 -- Sample 44: mean=171.6263%; std=269.3307
 -- Sample 45: mean=126.4409%; std=120.4957
 -- Sample 46: mean=14482.4258%; std=23027.0547
 -- Sample 47: mean=8561.8555%; std=15959.3477
 -- Sample 48: mean=16084.6348%; std=29174.6133
 -- Sample 49: mean=8964.5566%; std=17587.3750
Mean: 1027.7058%, Std: 3375.4225%
------------------------------------------------------------------
Correlation comparison:
 -- Sample 0: 0.9283
 -- Sample 1: 0.9803
 -- Sample 2: 0.7741
 -- Sample 3: 0.7830
 -- Sample 4: 0.7790
 -- Sample 5: 0.8008
 -- Sample 6: 0.8122
 -- Sample 7: 0.9181
 -- Sample 8: 0.8233
 -- Sample 9: 0.8633
 -- Sample 10: 0.9642
 -- Sample 11: 0.8927
 -- Sample 12: 0.9590
 -- Sample 13: 0.9133
 -- Sample 14: 0.8153
 -- Sample 15: 0.9287
 -- Sample 16: 0.8159
 -- Sample 17: 0.9198
 -- Sample 18: 0.8697
 -- Sample 19: 0.8420
 -- Sample 20: 0.9105
 -- Sample 21: 0.8501
 -- Sample 22: 0.9552
 -- Sample 23: 0.9594
 -- Sample 24: 0.9566
 -- Sample 25: 0.9507
 -- Sample 26: 0.8352
 -- Sample 27: 0.8470
 -- Sample 28: 0.8485
 -- Sample 29: 0.7503
 -- Sample 30: 0.9629
 -- Sample 31: 0.9638
 -- Sample 32: 0.9642
 -- Sample 33: 0.9726
 -- Sample 34: 0.9376
 -- Sample 35: 0.9663
 -- Sample 36: 0.9104
 -- Sample 37: 0.9762
 -- Sample 38: 0.7280
 -- Sample 39: 0.5940
 -- Sample 40: 0.5471
 -- Sample 41: 0.5887
 -- Sample 42: 0.7765
 -- Sample 43: 0.6053
 -- Sample 44: 0.4903
 -- Sample 45: 0.7005
 -- Sample 46: 0.0935
 -- Sample 47: 0.2441
 -- Sample 48: 0.1346
 -- Sample 49: 0.2134
Mean=0.7923, Std=0.2188
------------------------------------------------------------------
Processing Batch 5 (Size: 50)...
input shape:  torch.Size([50, 1, 120, 120, 120])
output shape:  torch.Size([50, 1, 120, 120, 120])
target shape:  torch.Size([50, 1, 120, 120, 120])
torch.Size([50, 1, 120, 120, 120])
Bias Error: using Single Component
Mean: 636.0854, Std: 1562.4191
------------------------------------------------------------------
Magnitude Error: 
 -- Sample 0: mean=109.9203%; std=231.7246
 -- Sample 1: mean=351.6997%; std=662.1916
 -- Sample 2: mean=252.0645%; std=497.6864
 -- Sample 3: mean=336.3594%; std=549.8417
 -- Sample 4: mean=52.2184%; std=31.8689
 -- Sample 5: mean=57.7610%; std=45.1574
 -- Sample 6: mean=54.1168%; std=35.2249
 -- Sample 7: mean=58.2635%; std=43.9977
 -- Sample 8: mean=92.8287%; std=97.8499
 -- Sample 9: mean=84.4565%; std=67.5926
 -- Sample 10: mean=85.0264%; std=73.2228
 -- Sample 11: mean=76.2459%; std=56.7398
 -- Sample 12: mean=46.1441%; std=28.0786
 -- Sample 13: mean=47.5503%; std=24.7021
 -- Sample 14: mean=48.6722%; std=26.0977
 -- Sample 15: mean=50.8776%; std=28.3375
 -- Sample 16: mean=45.6777%; std=20.1998
 -- Sample 17: mean=51.4332%; std=16.4205
 -- Sample 18: mean=40.2569%; std=20.4484
 -- Sample 19: mean=39.2895%; std=16.1616
 -- Sample 20: mean=36.9447%; std=26.8517
 -- Sample 21: mean=46.9453%; std=24.5532
 -- Sample 22: mean=37.0568%; std=25.1914
 -- Sample 23: mean=52.9899%; std=24.0734
 -- Sample 24: mean=148.1208%; std=262.2666
 -- Sample 25: mean=58.8601%; std=101.3465
 -- Sample 26: mean=123.4965%; std=198.8621
 -- Sample 27: mean=56.1777%; std=46.8963
 -- Sample 28: mean=68.6843%; std=58.1872
 -- Sample 29: mean=54.9654%; std=30.7429
 -- Sample 30: mean=55.4651%; std=34.4593
 -- Sample 31: mean=62.0272%; std=33.6426
 -- Sample 32: mean=77.8934%; std=56.1983
 -- Sample 33: mean=60.2418%; std=57.3531
 -- Sample 34: mean=61.6138%; std=54.1779
 -- Sample 35: mean=61.0076%; std=48.5773
 -- Sample 36: mean=41.9905%; std=18.5535
 -- Sample 37: mean=45.8191%; std=24.3215
 -- Sample 38: mean=43.1188%; std=17.9167
 -- Sample 39: mean=44.0180%; std=21.3524
 -- Sample 40: mean=677.8176%; std=1254.1108
 -- Sample 41: mean=253.4872%; std=612.4299
 -- Sample 42: mean=605.0287%; std=895.6243
 -- Sample 43: mean=256.3971%; std=617.2354
 -- Sample 44: mean=62.7819%; std=50.2319
 -- Sample 45: mean=48.0082%; std=30.1873
 -- Sample 46: mean=66.7056%; std=57.4376
 -- Sample 47: mean=46.1099%; std=46.5595
 -- Sample 48: mean=24.4918%; std=21.2645
 -- Sample 49: mean=35.9720%; std=27.8668
Mean: 105.9020%, Std: 132.0164%
------------------------------------------------------------------
Correlation comparison:
 -- Sample 0: 0.5626
 -- Sample 1: 0.3530
 -- Sample 2: 0.5806
 -- Sample 3: 0.4312
 -- Sample 4: 0.9401
 -- Sample 5: 0.8256
 -- Sample 6: 0.9168
 -- Sample 7: 0.8204
 -- Sample 8: 0.8123
 -- Sample 9: 0.8642
 -- Sample 10: 0.8487
 -- Sample 11: 0.8479
 -- Sample 12: 0.8684
 -- Sample 13: 0.8048
 -- Sample 14: 0.8705
 -- Sample 15: 0.7649
 -- Sample 16: 0.9329
 -- Sample 17: 0.9005
 -- Sample 18: 0.9564
 -- Sample 19: 0.9422
 -- Sample 20: 0.9340
 -- Sample 21: 0.9454
 -- Sample 22: 0.9266
 -- Sample 23: 0.9481
 -- Sample 24: 0.1506
 -- Sample 25: 0.1797
 -- Sample 26: 0.1522
 -- Sample 27: 0.2714
 -- Sample 28: 0.7234
 -- Sample 29: 0.7467
 -- Sample 30: 0.7565
 -- Sample 31: 0.7538
 -- Sample 32: 0.8982
 -- Sample 33: 0.9114
 -- Sample 34: 0.9089
 -- Sample 35: 0.9045
 -- Sample 36: 0.9458
 -- Sample 37: 0.9103
 -- Sample 38: 0.9535
 -- Sample 39: 0.9403
 -- Sample 40: 0.2235
 -- Sample 41: 0.4466
 -- Sample 42: 0.3120
 -- Sample 43: 0.5823
 -- Sample 44: 0.9080
 -- Sample 45: 0.9685
 -- Sample 46: 0.9224
 -- Sample 47: 0.9309
 -- Sample 48: 0.9621
 -- Sample 49: 0.9483
Mean=0.7582, Std=0.2474
------------------------------------------------------------------
Processing Batch 6 (Size: 50)...
input shape:  torch.Size([50, 1, 120, 120, 120])
output shape:  torch.Size([50, 1, 120, 120, 120])
target shape:  torch.Size([50, 1, 120, 120, 120])
torch.Size([50, 1, 120, 120, 120])
Bias Error: using Single Component
Mean: 692.1526, Std: 1082.6971
------------------------------------------------------------------
Magnitude Error: 
 -- Sample 0: mean=36.2048%; std=24.6698
 -- Sample 1: mean=29.5092%; std=21.5353
 -- Sample 2: mean=734.5143%; std=890.5756
 -- Sample 3: mean=1281.0164%; std=1332.4807
 -- Sample 4: mean=893.4733%; std=1088.1327
 -- Sample 5: mean=1131.1542%; std=1313.5209
 -- Sample 6: mean=3257.9150%; std=4120.0967
 -- Sample 7: mean=1843.0562%; std=2432.4309
 -- Sample 8: mean=3360.8909%; std=5998.0098
 -- Sample 9: mean=2521.2783%; std=3387.8394
 -- Sample 10: mean=40.5195%; std=28.8241
 -- Sample 11: mean=41.8307%; std=27.7793
 -- Sample 12: mean=45.4782%; std=31.2065
 -- Sample 13: mean=41.3129%; std=27.5305
 -- Sample 14: mean=32.7375%; std=27.8358
 -- Sample 15: mean=35.3902%; std=26.4419
 -- Sample 16: mean=35.6863%; std=35.3557
 -- Sample 17: mean=37.0661%; std=29.2607
 -- Sample 18: mean=831.5465%; std=1035.5574
 -- Sample 19: mean=1202.1162%; std=1139.6305
 -- Sample 20: mean=1085.3779%; std=1329.4940
 -- Sample 21: mean=860.9662%; std=1325.1383
 -- Sample 22: mean=310.0586%; std=352.5652
 -- Sample 23: mean=190.2165%; std=258.4555
 -- Sample 24: mean=304.0414%; std=366.6575
 -- Sample 25: mean=219.3201%; std=303.1519
 -- Sample 26: mean=842.1583%; std=744.9712
 -- Sample 27: mean=969.3757%; std=1068.6780
 -- Sample 28: mean=643.9485%; std=585.5257
 -- Sample 29: mean=831.3846%; std=953.2256
 -- Sample 30: mean=150.5415%; std=165.9657
 -- Sample 31: mean=151.8305%; std=138.5496
 -- Sample 32: mean=162.8098%; std=151.2687
 -- Sample 33: mean=119.2962%; std=99.1764
 -- Sample 34: mean=43.4376%; std=27.0310
 -- Sample 35: mean=26.5040%; std=19.3414
 -- Sample 36: mean=33.2113%; std=21.6607
 -- Sample 37: mean=40.3626%; std=23.9123
 -- Sample 38: mean=119.1478%; std=133.6066
 -- Sample 39: mean=130.1123%; std=147.2131
 -- Sample 40: mean=143.7773%; std=167.3303
 -- Sample 41: mean=137.8771%; std=141.4456
 -- Sample 42: mean=24.5099%; std=22.6320
 -- Sample 43: mean=13.8259%; std=10.1888
 -- Sample 44: mean=20.4699%; std=18.6954
 -- Sample 45: mean=23.7019%; std=12.2905
 -- Sample 46: mean=33.7269%; std=35.0600
 -- Sample 47: mean=29.3951%; std=23.0516
 -- Sample 48: mean=30.7355%; std=24.7150
 -- Sample 49: mean=34.4516%; std=35.6973
Mean: 503.1854%, Std: 781.3854%
------------------------------------------------------------------
Correlation comparison:
 -- Sample 0: 0.9291
 -- Sample 1: 0.9695
 -- Sample 2: 0.3476
 -- Sample 3: 0.3613
 -- Sample 4: 0.3508
 -- Sample 5: 0.3401
 -- Sample 6: 0.5257
 -- Sample 7: 0.2237
 -- Sample 8: 0.5008
 -- Sample 9: 0.1848
 -- Sample 10: 0.9166
 -- Sample 11: 0.9324
 -- Sample 12: 0.9061
 -- Sample 13: 0.9361
 -- Sample 14: 0.9435
 -- Sample 15: 0.9331
 -- Sample 16: 0.9331
 -- Sample 17: 0.9556
 -- Sample 18: 0.2635
 -- Sample 19: 0.2008
 -- Sample 20: 0.2572
 -- Sample 21: 0.0884
 -- Sample 22: 0.5226
 -- Sample 23: 0.6298
 -- Sample 24: 0.5459
 -- Sample 25: 0.6403
 -- Sample 26: 0.2748
 -- Sample 27: 0.3028
 -- Sample 28: 0.3682
 -- Sample 29: 0.3191
 -- Sample 30: 0.8420
 -- Sample 31: 0.8669
 -- Sample 32: 0.8534
 -- Sample 33: 0.8969
 -- Sample 34: 0.9387
 -- Sample 35: 0.9831
 -- Sample 36: 0.9561
 -- Sample 37: 0.9316
 -- Sample 38: 0.5250
 -- Sample 39: 0.5478
 -- Sample 40: 0.5264
 -- Sample 41: 0.5559
 -- Sample 42: 0.9709
 -- Sample 43: 0.9893
 -- Sample 44: 0.9754
 -- Sample 45: 0.9891
 -- Sample 46: 0.9623
 -- Sample 47: 0.9643
 -- Sample 48: 0.9791
 -- Sample 49: 0.9468
Mean=0.6761, Std=0.2937
------------------------------------------------------------------
Processing Batch 7 (Size: 50)...
input shape:  torch.Size([50, 1, 120, 120, 120])
output shape:  torch.Size([50, 1, 120, 120, 120])
target shape:  torch.Size([50, 1, 120, 120, 120])
torch.Size([50, 1, 120, 120, 120])
Bias Error: using Single Component
Mean: 4075.8317, Std: 19651.0571
------------------------------------------------------------------
Magnitude Error: 
 -- Sample 0: mean=42.1418%; std=21.5609
 -- Sample 1: mean=33.7098%; std=22.5349
 -- Sample 2: mean=40.5469%; std=26.1828
 -- Sample 3: mean=35.0737%; std=22.8578
 -- Sample 4: mean=44.6063%; std=24.9294
 -- Sample 5: mean=51.2593%; std=38.2915
 -- Sample 6: mean=50.6700%; std=25.4274
 -- Sample 7: mean=51.8594%; std=32.4067
 -- Sample 8: mean=44.5578%; std=11.7065
 -- Sample 9: mean=59.2672%; std=21.4987
 -- Sample 10: mean=40.4727%; std=17.3998
 -- Sample 11: mean=60.3519%; std=13.7296
 -- Sample 12: mean=34.7394%; std=23.3486
 -- Sample 13: mean=38.3096%; std=29.3568
 -- Sample 14: mean=37.7726%; std=23.4667
 -- Sample 15: mean=41.3725%; std=26.7943
 -- Sample 16: mean=49.6572%; std=30.1047
 -- Sample 17: mean=49.4021%; std=25.8195
 -- Sample 18: mean=56.7628%; std=33.7253
 -- Sample 19: mean=36.8820%; std=25.7646
 -- Sample 20: mean=38.8105%; std=22.0417
 -- Sample 21: mean=42.0939%; std=18.9937
 -- Sample 22: mean=34.3341%; std=18.1840
 -- Sample 23: mean=38.4430%; std=19.0919
 -- Sample 24: mean=36.0735%; std=23.8886
 -- Sample 25: mean=24.6537%; std=18.9033
 -- Sample 26: mean=28.4996%; std=18.2086
 -- Sample 27: mean=19.6113%; std=15.0613
 -- Sample 28: mean=159.3575%; std=244.1480
 -- Sample 29: mean=313.9823%; std=387.6624
 -- Sample 30: mean=148.2406%; std=227.0067
 -- Sample 31: mean=342.4175%; std=437.7698
 -- Sample 32: mean=3539.0625%; std=6947.4805
 -- Sample 33: mean=30593.4121%; std=37475.3984
 -- Sample 34: mean=3192.8406%; std=7063.5049
 -- Sample 35: mean=43910.3789%; std=53842.3828
 -- Sample 36: mean=63.3601%; std=61.3246
 -- Sample 37: mean=76.9219%; std=88.9034
 -- Sample 38: mean=55.0044%; std=49.0099
 -- Sample 39: mean=74.7503%; std=71.2065
 -- Sample 40: mean=46.9838%; std=35.5224
 -- Sample 41: mean=58.1391%; std=44.4152
 -- Sample 42: mean=39.6228%; std=37.1626
 -- Sample 43: mean=76.8355%; std=68.6467
 -- Sample 44: mean=42.8953%; std=22.6471
 -- Sample 45: mean=32.8387%; std=17.0250
 -- Sample 46: mean=47.7410%; std=22.8868
 -- Sample 47: mean=38.1890%; std=16.3810
 -- Sample 48: mean=122.1993%; std=129.7702
 -- Sample 49: mean=234.3892%; std=249.9793
Mean: 1687.4299%, Std: 7409.2490%
------------------------------------------------------------------
Correlation comparison:
 -- Sample 0: 0.9497
 -- Sample 1: 0.9710
 -- Sample 2: 0.9189
 -- Sample 3: 0.9492
 -- Sample 4: 0.9522
 -- Sample 5: 0.8895
 -- Sample 6: 0.9249
 -- Sample 7: 0.8780
 -- Sample 8: 0.9771
 -- Sample 9: 0.9060
 -- Sample 10: 0.9610
 -- Sample 11: 0.9652
 -- Sample 12: 0.9514
 -- Sample 13: 0.8788
 -- Sample 14: 0.9400
 -- Sample 15: 0.8712
 -- Sample 16: 0.7062
 -- Sample 17: 0.9414
 -- Sample 18: 0.6613
 -- Sample 19: 0.9406
 -- Sample 20: 0.9619
 -- Sample 21: 0.9471
 -- Sample 22: 0.9797
 -- Sample 23: 0.9451
 -- Sample 24: 0.8793
 -- Sample 25: 0.9748
 -- Sample 26: 0.9362
 -- Sample 27: 0.9847
 -- Sample 28: 0.6586
 -- Sample 29: 0.5292
 -- Sample 30: 0.6526
 -- Sample 31: 0.5328
 -- Sample 32: 0.0447
 -- Sample 33: 0.1959
 -- Sample 34: 0.0616
 -- Sample 35: 0.1979
 -- Sample 36: 0.7460
 -- Sample 37: 0.7066
 -- Sample 38: 0.8301
 -- Sample 39: 0.7761
 -- Sample 40: 0.8944
 -- Sample 41: 0.8674
 -- Sample 42: 0.8829
 -- Sample 43: 0.8226
 -- Sample 44: 0.9546
 -- Sample 45: 0.9840
 -- Sample 46: 0.9571
 -- Sample 47: 0.9724
 -- Sample 48: 0.9255
 -- Sample 49: 0.6573
Mean=0.8119, Std=0.2347
------------------------------------------------------------------
Processing Batch 8 (Size: 2)...
input shape:  torch.Size([2, 1, 120, 120, 120])
output shape:  torch.Size([2, 1, 120, 120, 120])
target shape:  torch.Size([2, 1, 120, 120, 120])
torch.Size([2, 1, 120, 120, 120])
Bias Error: using Single Component
Mean: 155.7152, Std: 73.1670
------------------------------------------------------------------
Magnitude Error: 
 -- Sample 0: mean=91.9917%; std=104.7343
 -- Sample 1: mean=283.8026%; std=301.3717
Mean: 187.8972%, Std: 95.9054%
------------------------------------------------------------------
Correlation comparison:
 -- Sample 0: 0.9034
 -- Sample 1: 0.6695
Mean=0.7865, Std=0.1169
------------------------------------------------------------------

-----------------------------------------------------


========================================================================================================================



  Castle Gate  results:


Loading data...
Testing model:   Ko et. al (Etapa 3)
Processing Batch 1 (Size: 50)...
input shape:  torch.Size([50, 1, 120, 120, 120])
output shape:  torch.Size([50, 1, 120, 120, 120])
target shape:  torch.Size([50, 1, 120, 120, 120])
torch.Size([50, 1, 120, 120, 120])
Bias Error: using Single Component
Mean: 97.9313, Std: 109.6983
------------------------------------------------------------------
Magnitude Error: 
 -- Sample 0: mean=42.5196%; std=26.4397
 -- Sample 1: mean=35.1913%; std=26.6686
 -- Sample 2: mean=43.1472%; std=25.9085
 -- Sample 3: mean=29.2005%; std=22.3392
 -- Sample 4: mean=31.1824%; std=18.8432
 -- Sample 5: mean=40.4078%; std=26.7693
 -- Sample 6: mean=35.9146%; std=18.4015
 -- Sample 7: mean=35.7476%; std=27.6194
 -- Sample 8: mean=36.3859%; std=24.3457
 -- Sample 9: mean=29.9870%; std=23.8401
 -- Sample 10: mean=39.5404%; std=27.8723
 -- Sample 11: mean=34.2828%; std=23.1182
 -- Sample 12: mean=36.6948%; std=25.8631
 -- Sample 13: mean=34.0684%; std=25.5251
 -- Sample 14: mean=31.1655%; std=19.0245
 -- Sample 15: mean=32.2742%; std=24.0095
 -- Sample 16: mean=33.1074%; std=33.4542
 -- Sample 17: mean=31.8575%; std=32.5455
 -- Sample 18: mean=32.1031%; std=26.3724
 -- Sample 19: mean=33.8025%; std=31.5442
 -- Sample 20: mean=37.7529%; std=23.5199
 -- Sample 21: mean=30.5010%; std=21.5272
 -- Sample 22: mean=42.5645%; std=27.3130
 -- Sample 23: mean=34.2368%; std=22.2000
 -- Sample 24: mean=49.7257%; std=31.6926
 -- Sample 25: mean=63.2135%; std=56.4740
 -- Sample 26: mean=51.1871%; std=39.9823
 -- Sample 27: mean=62.7312%; std=63.6421
 -- Sample 28: mean=71.2888%; std=37.8445
 -- Sample 29: mean=57.9295%; std=37.7883
 -- Sample 30: mean=59.7689%; std=36.7495
 -- Sample 31: mean=64.6750%; std=40.0020
 -- Sample 32: mean=206.9928%; std=241.9262
 -- Sample 33: mean=345.4921%; std=453.1309
 -- Sample 34: mean=222.7609%; std=283.9761
 -- Sample 35: mean=279.0660%; std=372.8938
 -- Sample 36: mean=31.3218%; std=25.3095
 -- Sample 37: mean=31.7819%; std=21.7815
 -- Sample 38: mean=31.3307%; std=22.6224
 -- Sample 39: mean=28.9250%; std=20.1890
 -- Sample 40: mean=36.1510%; std=26.9177
 -- Sample 41: mean=33.1197%; std=26.5244
 -- Sample 42: mean=34.6858%; std=31.2769
 -- Sample 43: mean=32.5844%; std=24.1680
 -- Sample 44: mean=36.7567%; std=30.4319
 -- Sample 45: mean=42.4606%; std=45.0132
 -- Sample 46: mean=38.5413%; std=27.3767
 -- Sample 47: mean=49.9418%; std=47.3760
 -- Sample 48: mean=29.4550%; std=19.7737
 -- Sample 49: mean=29.1073%; std=23.1237
Mean: 57.2926%, Std: 63.5880%
------------------------------------------------------------------
Correlation comparison:
 -- Sample 0: 0.9038
 -- Sample 1: 0.9218
 -- Sample 2: 0.9069
 -- Sample 3: 0.9520
 -- Sample 4: 0.9658
 -- Sample 5: 0.9252
 -- Sample 6: 0.9636
 -- Sample 7: 0.9355
 -- Sample 8: 0.9738
 -- Sample 9: 0.9680
 -- Sample 10: 0.9687
 -- Sample 11: 0.9581
 -- Sample 12: 0.9611
 -- Sample 13: 0.9301
 -- Sample 14: 0.9738
 -- Sample 15: 0.9401
 -- Sample 16: 0.9546
 -- Sample 17: 0.9508
 -- Sample 18: 0.9549
 -- Sample 19: 0.9663
 -- Sample 20: 0.9610
 -- Sample 21: 0.9616
 -- Sample 22: 0.9504
 -- Sample 23: 0.9491
 -- Sample 24: 0.8929
 -- Sample 25: 0.8721
 -- Sample 26: 0.8682
 -- Sample 27: 0.8596
 -- Sample 28: 0.8216
 -- Sample 29: 0.7773
 -- Sample 30: 0.8450
 -- Sample 31: 0.7561
 -- Sample 32: 0.5720
 -- Sample 33: 0.6116
 -- Sample 34: 0.5701
 -- Sample 35: 0.6205
 -- Sample 36: 0.9589
 -- Sample 37: 0.9360
 -- Sample 38: 0.9495
 -- Sample 39: 0.9348
 -- Sample 40: 0.9457
 -- Sample 41: 0.9543
 -- Sample 42: 0.9400
 -- Sample 43: 0.9356
 -- Sample 44: 0.9311
 -- Sample 45: 0.8594
 -- Sample 46: 0.9221
 -- Sample 47: 0.8093
 -- Sample 48: 0.9400
 -- Sample 49: 0.9538
Mean=0.8967, Std=0.1026
------------------------------------------------------------------
Processing Batch 2 (Size: 50)...
input shape:  torch.Size([50, 1, 120, 120, 120])
output shape:  torch.Size([50, 1, 120, 120, 120])
target shape:  torch.Size([50, 1, 120, 120, 120])
torch.Size([50, 1, 120, 120, 120])
Bias Error: using Single Component
Mean: 3484.6617, Std: 16617.6705
------------------------------------------------------------------
Magnitude Error: 
 -- Sample 0: mean=36.3356%; std=21.1952
 -- Sample 1: mean=28.4281%; std=21.2238
 -- Sample 2: mean=49.2206%; std=32.8816
 -- Sample 3: mean=37.7117%; std=30.9562
 -- Sample 4: mean=47.8319%; std=33.6256
 -- Sample 5: mean=44.0105%; std=26.4651
 -- Sample 6: mean=42.4367%; std=35.1436
 -- Sample 7: mean=25.0411%; std=29.0244
 -- Sample 8: mean=42.1774%; std=43.4280
 -- Sample 9: mean=26.7336%; std=29.9724
 -- Sample 10: mean=1563.5599%; std=2061.4072
 -- Sample 11: mean=1664.2341%; std=1983.3469
 -- Sample 12: mean=1636.0280%; std=2097.5298
 -- Sample 13: mean=1778.8584%; std=2269.3901
 -- Sample 14: mean=88.4182%; std=79.2619
 -- Sample 15: mean=85.1761%; std=105.9527
 -- Sample 16: mean=93.8769%; std=93.1182
 -- Sample 17: mean=84.5811%; std=134.8685
 -- Sample 18: mean=37.2803%; std=18.5062
 -- Sample 19: mean=43.5208%; std=18.8698
 -- Sample 20: mean=44.5136%; std=18.7645
 -- Sample 21: mean=33.5789%; std=18.1923
 -- Sample 22: mean=46.7741%; std=22.9408
 -- Sample 23: mean=46.9330%; std=21.6644
 -- Sample 24: mean=48.4977%; std=17.4071
 -- Sample 25: mean=50.6343%; std=20.5399
 -- Sample 26: mean=54.9914%; std=48.0576
 -- Sample 27: mean=59.6550%; std=53.1241
 -- Sample 28: mean=70.4372%; std=84.2157
 -- Sample 29: mean=57.7010%; std=56.7453
 -- Sample 30: mean=44.2115%; std=42.2909
 -- Sample 31: mean=75.5764%; std=71.7346
 -- Sample 32: mean=54.5888%; std=51.7269
 -- Sample 33: mean=67.9683%; std=51.8350
 -- Sample 34: mean=66.7687%; std=26.4481
 -- Sample 35: mean=65.4663%; std=26.8845
 -- Sample 36: mean=68.7598%; std=36.0587
 -- Sample 37: mean=64.4706%; std=26.5111
 -- Sample 38: mean=44.5791%; std=29.5760
 -- Sample 39: mean=47.0619%; std=34.2086
 -- Sample 40: mean=48.2770%; std=31.8245
 -- Sample 41: mean=37.6812%; std=26.5600
 -- Sample 42: mean=24.5729%; std=17.5763
 -- Sample 43: mean=48.4169%; std=25.4559
 -- Sample 44: mean=30.3437%; std=18.3092
 -- Sample 45: mean=45.2628%; std=22.9741
 -- Sample 46: mean=129.2199%; std=168.8688
 -- Sample 47: mean=161.4541%; std=182.8955
 -- Sample 48: mean=141.3109%; std=179.2884
 -- Sample 49: mean=204.3674%; std=257.3475
Mean: 188.7907%, Std: 435.9179%
------------------------------------------------------------------
Correlation comparison:
 -- Sample 0: 0.9258
 -- Sample 1: 0.9671
 -- Sample 2: 0.8744
 -- Sample 3: 0.9390
 -- Sample 4: 0.8924
 -- Sample 5: 0.9026
 -- Sample 6: 0.8961
 -- Sample 7: 0.9711
 -- Sample 8: 0.9259
 -- Sample 9: 0.9722
 -- Sample 10: 0.1833
 -- Sample 11: 0.3834
 -- Sample 12: 0.2118
 -- Sample 13: 0.3493
 -- Sample 14: 0.8587
 -- Sample 15: 0.8984
 -- Sample 16: 0.8634
 -- Sample 17: 0.8469
 -- Sample 18: 0.9757
 -- Sample 19: 0.9438
 -- Sample 20: 0.9673
 -- Sample 21: 0.9748
 -- Sample 22: 0.9293
 -- Sample 23: 0.9585
 -- Sample 24: 0.9721
 -- Sample 25: 0.9548
 -- Sample 26: 0.9405
 -- Sample 27: 0.9473
 -- Sample 28: 0.8988
 -- Sample 29: 0.9346
 -- Sample 30: 0.9244
 -- Sample 31: 0.8265
 -- Sample 32: 0.8959
 -- Sample 33: 0.8146
 -- Sample 34: 0.9162
 -- Sample 35: 0.5014
 -- Sample 36: 0.8895
 -- Sample 37: 0.6462
 -- Sample 38: 0.9063
 -- Sample 39: 0.8988
 -- Sample 40: 0.9058
 -- Sample 41: 0.9229
 -- Sample 42: 0.9774
 -- Sample 43: 0.8563
 -- Sample 44: 0.9742
 -- Sample 45: 0.8760
 -- Sample 46: 0.7490
 -- Sample 47: 0.5170
 -- Sample 48: 0.6250
 -- Sample 49: 0.4461
Mean=0.8266, Std=0.2025
------------------------------------------------------------------
Processing Batch 3 (Size: 50)...
input shape:  torch.Size([50, 1, 120, 120, 120])
output shape:  torch.Size([50, 1, 120, 120, 120])
target shape:  torch.Size([50, 1, 120, 120, 120])
torch.Size([50, 1, 120, 120, 120])
Bias Error: using Single Component
Mean: 309.2817, Std: 862.9057
------------------------------------------------------------------
Magnitude Error: 
 -- Sample 0: mean=41.4937%; std=26.7323
 -- Sample 1: mean=41.4213%; std=29.9483
 -- Sample 2: mean=48.9414%; std=39.1941
 -- Sample 3: mean=40.3066%; std=26.5302
 -- Sample 4: mean=52.7162%; std=27.5696
 -- Sample 5: mean=73.9681%; std=56.1105
 -- Sample 6: mean=54.7480%; std=37.4580
 -- Sample 7: mean=68.5622%; std=47.9006
 -- Sample 8: mean=35.4295%; std=20.5649
 -- Sample 9: mean=27.9153%; std=20.4013
 -- Sample 10: mean=31.9369%; std=19.0094
 -- Sample 11: mean=28.1797%; std=19.0778
 -- Sample 12: mean=40.9070%; std=35.1466
 -- Sample 13: mean=59.3778%; std=69.4530
 -- Sample 14: mean=40.7079%; std=35.9972
 -- Sample 15: mean=58.0480%; std=66.6346
 -- Sample 16: mean=35.4678%; std=22.1197
 -- Sample 17: mean=35.8216%; std=25.0916
 -- Sample 18: mean=36.7443%; std=25.2258
 -- Sample 19: mean=28.7309%; std=21.9726
 -- Sample 20: mean=36.5697%; std=26.0264
 -- Sample 21: mean=30.9276%; std=24.7333
 -- Sample 22: mean=26.0238%; std=26.3261
 -- Sample 23: mean=28.7838%; std=21.3407
 -- Sample 24: mean=65.6253%; std=55.3586
 -- Sample 25: mean=47.5717%; std=42.1577
 -- Sample 26: mean=61.8770%; std=55.2762
 -- Sample 27: mean=51.5733%; std=50.9685
 -- Sample 28: mean=88.7629%; std=133.5005
 -- Sample 29: mean=328.8869%; std=429.1030
 -- Sample 30: mean=98.6798%; std=131.3586
 -- Sample 31: mean=307.1761%; std=408.5050
 -- Sample 32: mean=24.9622%; std=16.6829
 -- Sample 33: mean=43.5084%; std=20.1557
 -- Sample 34: mean=37.0994%; std=14.4079
 -- Sample 35: mean=40.0742%; std=19.9006
 -- Sample 36: mean=48.9720%; std=29.8147
 -- Sample 37: mean=50.2284%; std=30.1815
 -- Sample 38: mean=53.4488%; std=27.3289
 -- Sample 39: mean=54.9669%; std=27.5766
 -- Sample 40: mean=46.2711%; std=41.1233
 -- Sample 41: mean=45.7507%; std=33.4746
 -- Sample 42: mean=39.1420%; std=35.0563
 -- Sample 43: mean=41.5582%; std=32.1023
 -- Sample 44: mean=48.4612%; std=36.1097
 -- Sample 45: mean=35.2850%; std=33.8579
 -- Sample 46: mean=43.6753%; std=38.0586
 -- Sample 47: mean=49.4704%; std=37.1759
 -- Sample 48: mean=123.3872%; std=189.5528
 -- Sample 49: mean=73.7473%; std=121.9746
Mean: 59.0778%, Std: 56.0514%
------------------------------------------------------------------
Correlation comparison:
 -- Sample 0: 0.8922
 -- Sample 1: 0.9233
 -- Sample 2: 0.8837
 -- Sample 3: 0.9243
 -- Sample 4: 0.8549
 -- Sample 5: 0.7512
 -- Sample 6: 0.8170
 -- Sample 7: 0.8011
 -- Sample 8: 0.9766
 -- Sample 9: 0.9675
 -- Sample 10: 0.9794
 -- Sample 11: 0.9693
 -- Sample 12: 0.9115
 -- Sample 13: 0.8150
 -- Sample 14: 0.8985
 -- Sample 15: 0.8118
 -- Sample 16: 0.9497
 -- Sample 17: 0.9472
 -- Sample 18: 0.9442
 -- Sample 19: 0.9665
 -- Sample 20: 0.9418
 -- Sample 21: 0.9554
 -- Sample 22: 0.9677
 -- Sample 23: 0.9631
 -- Sample 24: 0.8863
 -- Sample 25: 0.9477
 -- Sample 26: 0.9217
 -- Sample 27: 0.9275
 -- Sample 28: 0.4338
 -- Sample 29: 0.6106
 -- Sample 30: 0.2654
 -- Sample 31: 0.6074
 -- Sample 32: 0.9873
 -- Sample 33: 0.9636
 -- Sample 34: 0.9799
 -- Sample 35: 0.9722
 -- Sample 36: 0.8981
 -- Sample 37: 0.9025
 -- Sample 38: 0.8956
 -- Sample 39: 0.8730
 -- Sample 40: 0.8857
 -- Sample 41: 0.8955
 -- Sample 42: 0.9038
 -- Sample 43: 0.9171
 -- Sample 44: 0.9049
 -- Sample 45: 0.9475
 -- Sample 46: 0.9200
 -- Sample 47: 0.9175
 -- Sample 48: 0.6855
 -- Sample 49: 0.7426
Mean=0.8721, Std=0.1383
------------------------------------------------------------------
Processing Batch 4 (Size: 50)...
input shape:  torch.Size([50, 1, 120, 120, 120])
output shape:  torch.Size([50, 1, 120, 120, 120])
target shape:  torch.Size([50, 1, 120, 120, 120])
torch.Size([50, 1, 120, 120, 120])
Bias Error: using Single Component
Mean: 361.3014, Std: 1105.8064
------------------------------------------------------------------
Magnitude Error: 
 -- Sample 0: mean=115.7982%; std=176.5368
 -- Sample 1: mean=68.6977%; std=103.0585
 -- Sample 2: mean=49.8903%; std=26.4839
 -- Sample 3: mean=56.6980%; std=34.7054
 -- Sample 4: mean=44.8395%; std=28.4256
 -- Sample 5: mean=54.8416%; std=27.5616
 -- Sample 6: mean=48.2504%; std=28.3151
 -- Sample 7: mean=61.4470%; std=40.7931
 -- Sample 8: mean=52.2931%; std=33.7904
 -- Sample 9: mean=57.3490%; std=33.9600
 -- Sample 10: mean=52.7412%; std=41.6200
 -- Sample 11: mean=46.8362%; std=33.3043
 -- Sample 12: mean=55.1505%; std=47.7025
 -- Sample 13: mean=57.9377%; std=46.7144
 -- Sample 14: mean=73.5400%; std=64.0125
 -- Sample 15: mean=99.4504%; std=104.0441
 -- Sample 16: mean=83.7686%; std=107.3481
 -- Sample 17: mean=90.9371%; std=94.0566
 -- Sample 18: mean=152.5642%; std=142.9599
 -- Sample 19: mean=196.1484%; std=163.9754
 -- Sample 20: mean=147.2559%; std=133.8756
 -- Sample 21: mean=166.2605%; std=145.5370
 -- Sample 22: mean=27.9037%; std=22.2805
 -- Sample 23: mean=31.6851%; std=27.0025
 -- Sample 24: mean=26.8912%; std=20.6397
 -- Sample 25: mean=30.9930%; std=26.9679
 -- Sample 26: mean=56.1307%; std=60.5448
 -- Sample 27: mean=31.5818%; std=26.4305
 -- Sample 28: mean=52.0670%; std=50.9671
 -- Sample 29: mean=32.9592%; std=33.3021
 -- Sample 30: mean=47.2878%; std=30.6339
 -- Sample 31: mean=39.9211%; std=28.1947
 -- Sample 32: mean=43.9752%; std=33.2285
 -- Sample 33: mean=41.4933%; std=31.4425
 -- Sample 34: mean=127.8801%; std=286.2101
 -- Sample 35: mean=164.3902%; std=266.9098
 -- Sample 36: mean=144.7725%; std=333.6030
 -- Sample 37: mean=168.5479%; std=311.3320
 -- Sample 38: mean=37.8340%; std=20.1408
 -- Sample 39: mean=28.4208%; std=18.6381
 -- Sample 40: mean=30.5411%; std=20.1875
 -- Sample 41: mean=29.1926%; std=23.2266
 -- Sample 42: mean=59.6039%; std=57.3537
 -- Sample 43: mean=75.6090%; std=66.7229
 -- Sample 44: mean=61.2365%; std=54.8382
 -- Sample 45: mean=70.3560%; std=59.0107
 -- Sample 46: mean=42.6786%; std=29.3144
 -- Sample 47: mean=43.2154%; std=39.4143
 -- Sample 48: mean=50.4638%; std=29.3350
 -- Sample 49: mean=48.5864%; std=36.1871
Mean: 69.5783%, Std: 43.4024%
------------------------------------------------------------------
Correlation comparison:
 -- Sample 0: 0.6720
 -- Sample 1: 0.7999
 -- Sample 2: 0.8865
 -- Sample 3: 0.7914
 -- Sample 4: 0.9103
 -- Sample 5: 0.8502
 -- Sample 6: 0.8415
 -- Sample 7: 0.8152
 -- Sample 8: 0.8426
 -- Sample 9: 0.8590
 -- Sample 10: 0.8569
 -- Sample 11: 0.8879
 -- Sample 12: 0.8577
 -- Sample 13: 0.8568
 -- Sample 14: 0.8274
 -- Sample 15: 0.7025
 -- Sample 16: 0.7692
 -- Sample 17: 0.7236
 -- Sample 18: 0.7323
 -- Sample 19: 0.6127
 -- Sample 20: 0.7559
 -- Sample 21: 0.6823
 -- Sample 22: 0.9721
 -- Sample 23: 0.9660
 -- Sample 24: 0.9689
 -- Sample 25: 0.9712
 -- Sample 26: 0.9322
 -- Sample 27: 0.9716
 -- Sample 28: 0.9504
 -- Sample 29: 0.9664
 -- Sample 30: 0.8964
 -- Sample 31: 0.9359
 -- Sample 32: 0.9031
 -- Sample 33: 0.9268
 -- Sample 34: 0.7453
 -- Sample 35: 0.8214
 -- Sample 36: 0.7019
 -- Sample 37: 0.7546
 -- Sample 38: 0.9701
 -- Sample 39: 0.9767
 -- Sample 40: 0.9646
 -- Sample 41: 0.9699
 -- Sample 42: 0.8862
 -- Sample 43: 0.9194
 -- Sample 44: 0.8974
 -- Sample 45: 0.9136
 -- Sample 46: 0.9084
 -- Sample 47: 0.8756
 -- Sample 48: 0.8838
 -- Sample 49: 0.8668
Mean=0.8590, Std=0.0930
------------------------------------------------------------------
Processing Batch 5 (Size: 50)...
input shape:  torch.Size([50, 1, 120, 120, 120])
output shape:  torch.Size([50, 1, 120, 120, 120])
target shape:  torch.Size([50, 1, 120, 120, 120])
torch.Size([50, 1, 120, 120, 120])
Bias Error: using Single Component
Mean: 107.5707, Std: 188.8378
------------------------------------------------------------------
Magnitude Error: 
 -- Sample 0: mean=44.3837%; std=21.9130
 -- Sample 1: mean=35.4707%; std=17.6833
 -- Sample 2: mean=42.6009%; std=22.3420
 -- Sample 3: mean=38.8010%; std=21.6076
 -- Sample 4: mean=175.1477%; std=389.9175
 -- Sample 5: mean=157.7136%; std=194.7777
 -- Sample 6: mean=227.1503%; std=409.0320
 -- Sample 7: mean=170.0995%; std=181.5106
 -- Sample 8: mean=29.5975%; std=24.1013
 -- Sample 9: mean=48.4639%; std=30.5138
 -- Sample 10: mean=36.8632%; std=27.9491
 -- Sample 11: mean=37.6540%; std=27.9159
 -- Sample 12: mean=46.2303%; std=38.3192
 -- Sample 13: mean=36.4438%; std=28.8163
 -- Sample 14: mean=36.4311%; std=27.5809
 -- Sample 15: mean=43.6821%; std=32.1725
 -- Sample 16: mean=51.7135%; std=18.0168
 -- Sample 17: mean=48.7800%; std=17.5379
 -- Sample 18: mean=53.3598%; std=17.7380
 -- Sample 19: mean=47.5896%; std=18.1652
 -- Sample 20: mean=37.3552%; std=20.3675
 -- Sample 21: mean=37.3232%; std=20.0877
 -- Sample 22: mean=36.8702%; std=22.5141
 -- Sample 23: mean=38.0685%; std=17.1666
 -- Sample 24: mean=126.7513%; std=108.8939
 -- Sample 25: mean=124.8825%; std=115.4116
 -- Sample 26: mean=132.1411%; std=101.4107
 -- Sample 27: mean=120.3128%; std=106.6353
 -- Sample 28: mean=37.5565%; std=19.7914
 -- Sample 29: mean=41.6930%; std=19.3283
 -- Sample 30: mean=34.7290%; std=19.6220
 -- Sample 31: mean=40.4184%; std=22.3059
 -- Sample 32: mean=47.4201%; std=23.4060
 -- Sample 33: mean=37.3102%; std=20.2401
 -- Sample 34: mean=47.0227%; std=23.4551
 -- Sample 35: mean=47.5581%; std=16.6242
 -- Sample 36: mean=32.1626%; std=21.6944
 -- Sample 37: mean=22.9984%; std=19.4106
 -- Sample 38: mean=26.7868%; std=21.7137
 -- Sample 39: mean=28.8364%; std=21.9485
 -- Sample 40: mean=34.5204%; std=26.2336
 -- Sample 41: mean=42.4801%; std=31.1005
 -- Sample 42: mean=38.6401%; std=27.7645
 -- Sample 43: mean=31.9057%; std=22.3594
 -- Sample 44: mean=30.9892%; std=25.8426
 -- Sample 45: mean=23.9045%; std=21.4823
 -- Sample 46: mean=32.7148%; std=30.7191
 -- Sample 47: mean=27.6000%; std=22.4480
 -- Sample 48: mean=33.4819%; std=27.2525
 -- Sample 49: mean=53.1318%; std=34.1785
Mean: 57.1148%, Std: 45.0816%
------------------------------------------------------------------
Correlation comparison:
 -- Sample 0: 0.9326
 -- Sample 1: 0.9754
 -- Sample 2: 0.9407
 -- Sample 3: 0.9586
 -- Sample 4: 0.5195
 -- Sample 5: 0.6836
 -- Sample 6: 0.5164
 -- Sample 7: 0.6417
 -- Sample 8: 0.9448
 -- Sample 9: 0.9072
 -- Sample 10: 0.9407
 -- Sample 11: 0.9355
 -- Sample 12: 0.9462
 -- Sample 13: 0.9560
 -- Sample 14: 0.9536
 -- Sample 15: 0.9287
 -- Sample 16: 0.9549
 -- Sample 17: 0.9473
 -- Sample 18: 0.9589
 -- Sample 19: 0.9387
 -- Sample 20: 0.9735
 -- Sample 21: 0.9707
 -- Sample 22: 0.9567
 -- Sample 23: 0.9813
 -- Sample 24: 0.7111
 -- Sample 25: 0.6731
 -- Sample 26: 0.7178
 -- Sample 27: 0.6866
 -- Sample 28: 0.9659
 -- Sample 29: 0.9667
 -- Sample 30: 0.9654
 -- Sample 31: 0.9621
 -- Sample 32: 0.8859
 -- Sample 33: 0.9707
 -- Sample 34: 0.9169
 -- Sample 35: 0.9781
 -- Sample 36: 0.9760
 -- Sample 37: 0.9769
 -- Sample 38: 0.9794
 -- Sample 39: 0.9733
 -- Sample 40: 0.9331
 -- Sample 41: 0.9543
 -- Sample 42: 0.9401
 -- Sample 43: 0.9517
 -- Sample 44: 0.9541
 -- Sample 45: 0.9667
 -- Sample 46: 0.9393
 -- Sample 47: 0.9568
 -- Sample 48: 0.9380
 -- Sample 49: 0.9042
Mean=0.9022, Std=0.1184
------------------------------------------------------------------
Processing Batch 6 (Size: 50)...
input shape:  torch.Size([50, 1, 120, 120, 120])
output shape:  torch.Size([50, 1, 120, 120, 120])
target shape:  torch.Size([50, 1, 120, 120, 120])
torch.Size([50, 1, 120, 120, 120])
Bias Error: using Single Component
Mean: 72.7537, Std: 94.9385
------------------------------------------------------------------
Magnitude Error: 
 -- Sample 0: mean=43.4193%; std=42.5745
 -- Sample 1: mean=35.3633%; std=24.7133
 -- Sample 2: mean=33.4383%; std=21.4967
 -- Sample 3: mean=25.7133%; std=19.0384
 -- Sample 4: mean=24.9722%; std=17.7863
 -- Sample 5: mean=26.8762%; std=18.0284
 -- Sample 6: mean=44.8677%; std=44.8507
 -- Sample 7: mean=32.8842%; std=25.6205
 -- Sample 8: mean=42.8928%; std=39.8651
 -- Sample 9: mean=32.1374%; std=23.3459
 -- Sample 10: mean=97.7470%; std=63.0127
 -- Sample 11: mean=110.2532%; std=81.0571
 -- Sample 12: mean=90.3308%; std=64.0562
 -- Sample 13: mean=114.9676%; std=71.9866
 -- Sample 14: mean=49.9675%; std=26.7236
 -- Sample 15: mean=55.2734%; std=54.9107
 -- Sample 16: mean=52.4198%; std=27.4036
 -- Sample 17: mean=48.5952%; std=50.3728
 -- Sample 18: mean=20.2718%; std=16.8734
 -- Sample 19: mean=32.3767%; std=22.5870
 -- Sample 20: mean=20.7934%; std=16.8831
 -- Sample 21: mean=25.7829%; std=19.8481
 -- Sample 22: mean=34.8567%; std=25.4886
 -- Sample 23: mean=42.1651%; std=23.8959
 -- Sample 24: mean=38.5105%; std=19.8132
 -- Sample 25: mean=37.9358%; std=20.7235
 -- Sample 26: mean=40.5497%; std=24.6370
 -- Sample 27: mean=48.7111%; std=27.8735
 -- Sample 28: mean=40.6825%; std=27.1032
 -- Sample 29: mean=40.6190%; std=25.6679
 -- Sample 30: mean=31.8055%; std=15.4463
 -- Sample 31: mean=31.5527%; std=17.5441
 -- Sample 32: mean=33.8697%; std=15.7189
 -- Sample 33: mean=37.0937%; std=17.6859
 -- Sample 34: mean=34.0708%; std=23.6429
 -- Sample 35: mean=28.7648%; std=22.6552
 -- Sample 36: mean=38.3307%; std=24.4404
 -- Sample 37: mean=35.7478%; std=27.0122
 -- Sample 38: mean=20.7722%; std=15.2541
 -- Sample 39: mean=23.4603%; std=19.3553
 -- Sample 40: mean=21.0525%; std=15.6332
 -- Sample 41: mean=23.7264%; std=18.4861
 -- Sample 42: mean=31.5221%; std=19.5634
 -- Sample 43: mean=30.0853%; std=21.5575
 -- Sample 44: mean=25.3917%; std=20.3951
 -- Sample 45: mean=28.3516%; std=25.1790
 -- Sample 46: mean=44.5537%; std=24.1583
 -- Sample 47: mean=52.4051%; std=24.1156
 -- Sample 48: mean=45.6503%; std=21.0115
 -- Sample 49: mean=54.3938%; std=21.8536
Mean: 41.1595%, Std: 20.7074%
------------------------------------------------------------------
Correlation comparison:
 -- Sample 0: 0.8864
 -- Sample 1: 0.9494
 -- Sample 2: 0.9456
 -- Sample 3: 0.9644
 -- Sample 4: 0.9719
 -- Sample 5: 0.9667
 -- Sample 6: 0.8504
 -- Sample 7: 0.9554
 -- Sample 8: 0.8554
 -- Sample 9: 0.9527
 -- Sample 10: 0.9562
 -- Sample 11: 0.9539
 -- Sample 12: 0.9416
 -- Sample 13: 0.9624
 -- Sample 14: 0.8880
 -- Sample 15: 0.9231
 -- Sample 16: 0.8662
 -- Sample 17: 0.9199
 -- Sample 18: 0.9812
 -- Sample 19: 0.9494
 -- Sample 20: 0.9828
 -- Sample 21: 0.9638
 -- Sample 22: 0.9655
 -- Sample 23: 0.9179
 -- Sample 24: 0.9707
 -- Sample 25: 0.9559
 -- Sample 26: 0.9031
 -- Sample 27: 0.9113
 -- Sample 28: 0.8894
 -- Sample 29: 0.9193
 -- Sample 30: 0.9804
 -- Sample 31: 0.9572
 -- Sample 32: 0.9805
 -- Sample 33: 0.9568
 -- Sample 34: 0.9213
 -- Sample 35: 0.9523
 -- Sample 36: 0.9310
 -- Sample 37: 0.9205
 -- Sample 38: 0.9785
 -- Sample 39: 0.9740
 -- Sample 40: 0.9820
 -- Sample 41: 0.9684
 -- Sample 42: 0.9500
 -- Sample 43: 0.9685
 -- Sample 44: 0.9633
 -- Sample 45: 0.9701
 -- Sample 46: 0.9338
 -- Sample 47: 0.9057
 -- Sample 48: 0.9471
 -- Sample 49: 0.9229
Mean=0.9417, Std=0.0335
------------------------------------------------------------------
Processing Batch 7 (Size: 50)...
input shape:  torch.Size([50, 1, 120, 120, 120])
output shape:  torch.Size([50, 1, 120, 120, 120])
target shape:  torch.Size([50, 1, 120, 120, 120])
torch.Size([50, 1, 120, 120, 120])
Bias Error: using Single Component
Mean: 100.1328, Std: 147.6680
------------------------------------------------------------------
Magnitude Error: 
 -- Sample 0: mean=43.7229%; std=17.5911
 -- Sample 1: mean=46.1726%; std=21.9729
 -- Sample 2: mean=37.1008%; std=21.6873
 -- Sample 3: mean=38.7256%; std=21.6835
 -- Sample 4: mean=30.6923%; std=28.1782
 -- Sample 5: mean=27.6027%; std=23.3333
 -- Sample 6: mean=28.3200%; std=23.8122
 -- Sample 7: mean=33.3388%; std=25.7940
 -- Sample 8: mean=51.3659%; std=45.9331
 -- Sample 9: mean=51.7985%; std=54.7199
 -- Sample 10: mean=50.7968%; std=34.0821
 -- Sample 11: mean=46.9978%; std=42.7102
 -- Sample 12: mean=42.4069%; std=19.4048
 -- Sample 13: mean=30.3714%; std=21.5461
 -- Sample 14: mean=33.2514%; std=20.5744
 -- Sample 15: mean=31.8236%; std=17.6987
 -- Sample 16: mean=35.2692%; std=25.7971
 -- Sample 17: mean=36.4954%; std=25.9818
 -- Sample 18: mean=34.7151%; std=24.1923
 -- Sample 19: mean=40.0060%; std=25.1960
 -- Sample 20: mean=51.2204%; std=27.3462
 -- Sample 21: mean=41.1964%; std=27.6156
 -- Sample 22: mean=48.8429%; std=26.1000
 -- Sample 23: mean=51.3462%; std=28.7907
 -- Sample 24: mean=45.6520%; std=37.9568
 -- Sample 25: mean=51.9012%; std=58.7417
 -- Sample 26: mean=57.3305%; std=48.5423
 -- Sample 27: mean=43.0783%; std=32.8460
 -- Sample 28: mean=41.8807%; std=27.7129
 -- Sample 29: mean=35.1637%; std=24.9578
 -- Sample 30: mean=38.1520%; std=23.4412
 -- Sample 31: mean=36.0352%; std=20.6926
 -- Sample 32: mean=94.3859%; std=107.1499
 -- Sample 33: mean=102.3296%; std=113.5154
 -- Sample 34: mean=100.5553%; std=123.3686
 -- Sample 35: mean=99.3239%; std=108.9027
 -- Sample 36: mean=59.8584%; std=60.0788
 -- Sample 37: mean=59.1390%; std=67.7363
 -- Sample 38: mean=59.0669%; std=56.1717
 -- Sample 39: mean=64.6359%; std=77.6881
 -- Sample 40: mean=39.7562%; std=29.1364
 -- Sample 41: mean=50.6745%; std=58.4322
 -- Sample 42: mean=38.7426%; std=31.0299
 -- Sample 43: mean=41.4855%; std=40.1295
 -- Sample 44: mean=48.5424%; std=17.3194
 -- Sample 45: mean=46.7071%; std=16.1225
 -- Sample 46: mean=44.1862%; std=15.7353
 -- Sample 47: mean=46.2654%; std=16.6181
 -- Sample 48: mean=29.9859%; std=31.2363
 -- Sample 49: mean=34.6040%; std=22.7213
Mean: 47.4604%, Std: 17.5804%
------------------------------------------------------------------
Correlation comparison:
 -- Sample 0: 0.9497
 -- Sample 1: 0.9505
 -- Sample 2: 0.9502
 -- Sample 3: 0.9569
 -- Sample 4: 0.9727
 -- Sample 5: 0.9769
 -- Sample 6: 0.9774
 -- Sample 7: 0.9741
 -- Sample 8: 0.6468
 -- Sample 9: 0.8138
 -- Sample 10: 0.7066
 -- Sample 11: 0.7958
 -- Sample 12: 0.9490
 -- Sample 13: 0.9506
 -- Sample 14: 0.9271
 -- Sample 15: 0.9556
 -- Sample 16: 0.9308
 -- Sample 17: 0.9362
 -- Sample 18: 0.9388
 -- Sample 19: 0.9084
 -- Sample 20: 0.9079
 -- Sample 21: 0.8594
 -- Sample 22: 0.9024
 -- Sample 23: 0.8146
 -- Sample 24: 0.8988
 -- Sample 25: 0.8965
 -- Sample 26: 0.8719
 -- Sample 27: 0.9287
 -- Sample 28: 0.9145
 -- Sample 29: 0.9523
 -- Sample 30: 0.9358
 -- Sample 31: 0.9549
 -- Sample 32: 0.7983
 -- Sample 33: 0.8304
 -- Sample 34: 0.7577
 -- Sample 35: 0.7754
 -- Sample 36: 0.8823
 -- Sample 37: 0.8476
 -- Sample 38: 0.9261
 -- Sample 39: 0.8834
 -- Sample 40: 0.9168
 -- Sample 41: 0.8807
 -- Sample 42: 0.9104
 -- Sample 43: 0.9124
 -- Sample 44: 0.9450
 -- Sample 45: 0.9661
 -- Sample 46: 0.9509
 -- Sample 47: 0.9613
 -- Sample 48: 0.9597
 -- Sample 49: 0.9589
Mean=0.9014, Std=0.0720
------------------------------------------------------------------
Processing Batch 8 (Size: 6)...
input shape:  torch.Size([6, 1, 120, 120, 120])
output shape:  torch.Size([6, 1, 120, 120, 120])
target shape:  torch.Size([6, 1, 120, 120, 120])
torch.Size([6, 1, 120, 120, 120])
Bias Error: using Single Component
Mean: 32.1517, Std: 26.8575
------------------------------------------------------------------
Magnitude Error: 
 -- Sample 0: mean=29.7450%; std=24.6463
 -- Sample 1: mean=22.8490%; std=17.9224
 -- Sample 2: mean=39.3902%; std=22.9885
 -- Sample 3: mean=28.7138%; std=23.3828
 -- Sample 4: mean=38.8484%; std=23.1200
 -- Sample 5: mean=31.3389%; std=21.2511
Mean: 31.8142%, Std: 5.7932%
------------------------------------------------------------------
Correlation comparison:
 -- Sample 0: 0.9601
 -- Sample 1: 0.9732
 -- Sample 2: 0.9304
 -- Sample 3: 0.9343
 -- Sample 4: 0.9323
 -- Sample 5: 0.9467
Mean=0.9462, Std=0.0159
------------------------------------------------------------------

-----------------------------------------------------


========================================================================================================================



  Berea Upper Gray  results:


Loading data...
Testing model:   Ko et. al (Etapa 3)
Processing Batch 1 (Size: 50)...
input shape:  torch.Size([50, 1, 120, 120, 120])
output shape:  torch.Size([50, 1, 120, 120, 120])
target shape:  torch.Size([50, 1, 120, 120, 120])
torch.Size([50, 1, 120, 120, 120])
Bias Error: using Single Component
Mean: 261.0758, Std: 593.7665
------------------------------------------------------------------
Magnitude Error: 
 -- Sample 0: mean=33.8083%; std=24.0744
 -- Sample 1: mean=23.7438%; std=21.1076
 -- Sample 2: mean=28.2739%; std=22.6514
 -- Sample 3: mean=31.8621%; std=26.6578
 -- Sample 4: mean=47.7000%; std=32.0296
 -- Sample 5: mean=53.8541%; std=40.6540
 -- Sample 6: mean=53.9007%; std=29.3897
 -- Sample 7: mean=65.0750%; std=45.8752
 -- Sample 8: mean=63.9456%; std=63.0375
 -- Sample 9: mean=63.4344%; std=39.3286
 -- Sample 10: mean=72.7456%; std=67.8639
 -- Sample 11: mean=70.6565%; std=51.7468
 -- Sample 12: mean=104.4587%; std=62.0718
 -- Sample 13: mean=79.5765%; std=45.7445
 -- Sample 14: mean=72.1076%; std=33.8116
 -- Sample 15: mean=54.4266%; std=30.0919
 -- Sample 16: mean=57.3572%; std=30.0868
 -- Sample 17: mean=51.6779%; std=32.9923
 -- Sample 18: mean=44.9595%; std=26.6525
 -- Sample 19: mean=49.4355%; std=32.7041
 -- Sample 20: mean=51.2808%; std=20.7258
 -- Sample 21: mean=55.5731%; std=24.7643
 -- Sample 22: mean=51.3671%; std=21.1248
 -- Sample 23: mean=54.5481%; std=26.0739
 -- Sample 24: mean=37.3420%; std=28.4964
 -- Sample 25: mean=32.5860%; std=23.8627
 -- Sample 26: mean=34.6633%; std=26.1835
 -- Sample 27: mean=36.9809%; std=27.5927
 -- Sample 28: mean=34.6490%; std=20.0070
 -- Sample 29: mean=34.6961%; std=20.2868
 -- Sample 30: mean=26.5316%; std=15.7848
 -- Sample 31: mean=33.4266%; std=19.5402
 -- Sample 32: mean=58.7059%; std=58.8279
 -- Sample 33: mean=64.6570%; std=72.7222
 -- Sample 34: mean=50.9804%; std=46.6455
 -- Sample 35: mean=68.6216%; std=81.4432
 -- Sample 36: mean=63.4199%; std=53.4642
 -- Sample 37: mean=57.4728%; std=33.6715
 -- Sample 38: mean=50.7114%; std=37.7526
 -- Sample 39: mean=61.1321%; std=47.3089
 -- Sample 40: mean=37.8530%; std=28.2775
 -- Sample 41: mean=42.9940%; std=28.6655
 -- Sample 42: mean=42.4958%; std=28.6655
 -- Sample 43: mean=41.7884%; std=29.7741
 -- Sample 44: mean=55.6319%; std=37.4168
 -- Sample 45: mean=54.4230%; std=35.6502
 -- Sample 46: mean=65.6572%; std=47.6321
 -- Sample 47: mean=59.7949%; std=42.1563
 -- Sample 48: mean=77.0761%; std=64.3118
 -- Sample 49: mean=104.1075%; std=106.5104
Mean: 53.2833%, Std: 17.2149%
------------------------------------------------------------------
Correlation comparison:
 -- Sample 0: 0.9636
 -- Sample 1: 0.9693
 -- Sample 2: 0.9570
 -- Sample 3: 0.9609
 -- Sample 4: 0.8825
 -- Sample 5: 0.8215
 -- Sample 6: 0.8494
 -- Sample 7: 0.7629
 -- Sample 8: 0.8202
 -- Sample 9: 0.8213
 -- Sample 10: 0.7847
 -- Sample 11: 0.7889
 -- Sample 12: 0.6769
 -- Sample 13: 0.8820
 -- Sample 14: 0.7703
 -- Sample 15: 0.9497
 -- Sample 16: 0.8727
 -- Sample 17: 0.8725
 -- Sample 18: 0.9116
 -- Sample 19: 0.8762
 -- Sample 20: 0.9372
 -- Sample 21: 0.8782
 -- Sample 22: 0.9369
 -- Sample 23: 0.8839
 -- Sample 24: 0.8935
 -- Sample 25: 0.9186
 -- Sample 26: 0.9167
 -- Sample 27: 0.9003
 -- Sample 28: 0.9591
 -- Sample 29: 0.9708
 -- Sample 30: 0.9764
 -- Sample 31: 0.9693
 -- Sample 32: 0.9033
 -- Sample 33: 0.9462
 -- Sample 34: 0.9265
 -- Sample 35: 0.9478
 -- Sample 36: 0.8455
 -- Sample 37: 0.8913
 -- Sample 38: 0.8717
 -- Sample 39: 0.8323
 -- Sample 40: 0.9359
 -- Sample 41: 0.8837
 -- Sample 42: 0.9215
 -- Sample 43: 0.8694
 -- Sample 44: 0.8450
 -- Sample 45: 0.8051
 -- Sample 46: 0.7817
 -- Sample 47: 0.7983
 -- Sample 48: 0.6808
 -- Sample 49: 0.4790
Mean=0.8700, Std=0.0905
------------------------------------------------------------------
Processing Batch 2 (Size: 50)...
input shape:  torch.Size([50, 1, 120, 120, 120])
output shape:  torch.Size([50, 1, 120, 120, 120])
target shape:  torch.Size([50, 1, 120, 120, 120])
torch.Size([50, 1, 120, 120, 120])
Bias Error: using Single Component
Mean: 114.0652, Std: 165.0979
------------------------------------------------------------------
Magnitude Error: 
 -- Sample 0: mean=84.1723%; std=86.0450
 -- Sample 1: mean=106.6295%; std=108.1652
 -- Sample 2: mean=58.4937%; std=23.0048
 -- Sample 3: mean=60.0097%; std=31.5689
 -- Sample 4: mean=63.3570%; std=28.1786
 -- Sample 5: mean=57.8071%; std=29.0603
 -- Sample 6: mean=80.7140%; std=108.6925
 -- Sample 7: mean=69.4296%; std=60.6145
 -- Sample 8: mean=76.1207%; std=109.9684
 -- Sample 9: mean=85.4611%; std=99.7118
 -- Sample 10: mean=45.1552%; std=23.9002
 -- Sample 11: mean=35.1461%; std=29.2339
 -- Sample 12: mean=52.5518%; std=31.2053
 -- Sample 13: mean=49.6828%; std=31.9891
 -- Sample 14: mean=36.3529%; std=26.0521
 -- Sample 15: mean=31.2692%; std=18.8883
 -- Sample 16: mean=37.1505%; std=24.7845
 -- Sample 17: mean=30.5671%; std=23.5285
 -- Sample 18: mean=40.3814%; std=25.6065
 -- Sample 19: mean=41.6956%; std=27.9408
 -- Sample 20: mean=48.0647%; std=26.0149
 -- Sample 21: mean=41.1410%; std=26.5975
 -- Sample 22: mean=36.7716%; std=19.9833
 -- Sample 23: mean=42.5360%; std=30.8262
 -- Sample 24: mean=46.0941%; std=26.9237
 -- Sample 25: mean=42.9376%; std=27.2515
 -- Sample 26: mean=52.2866%; std=43.6979
 -- Sample 27: mean=53.6938%; std=36.5984
 -- Sample 28: mean=57.5090%; std=35.2021
 -- Sample 29: mean=65.0841%; std=47.8268
 -- Sample 30: mean=86.4025%; std=101.7640
 -- Sample 31: mean=131.3154%; std=174.5441
 -- Sample 32: mean=95.0837%; std=138.9558
 -- Sample 33: mean=111.0177%; std=167.2856
 -- Sample 34: mean=54.6583%; std=34.5172
 -- Sample 35: mean=59.1066%; std=48.9722
 -- Sample 36: mean=65.6005%; std=46.3432
 -- Sample 37: mean=60.5862%; std=55.9507
 -- Sample 38: mean=39.0744%; std=34.7745
 -- Sample 39: mean=34.6498%; std=27.4623
 -- Sample 40: mean=38.8742%; std=38.2238
 -- Sample 41: mean=33.4827%; std=27.1493
 -- Sample 42: mean=41.0406%; std=25.0872
 -- Sample 43: mean=36.6182%; std=21.7101
 -- Sample 44: mean=42.0024%; std=23.2776
 -- Sample 45: mean=42.7315%; std=21.0954
 -- Sample 46: mean=44.9462%; std=26.5609
 -- Sample 47: mean=48.1448%; std=28.3542
 -- Sample 48: mean=44.7088%; std=26.0673
 -- Sample 49: mean=42.8921%; std=26.5602
Mean: 55.6240%, Std: 21.9211%
------------------------------------------------------------------
Correlation comparison:
 -- Sample 0: 0.7034
 -- Sample 1: 0.4296
 -- Sample 2: 0.8063
 -- Sample 3: 0.8496
 -- Sample 4: 0.7260
 -- Sample 5: 0.8556
 -- Sample 6: 0.6748
 -- Sample 7: 0.7888
 -- Sample 8: 0.7774
 -- Sample 9: 0.6639
 -- Sample 10: 0.9134
 -- Sample 11: 0.9275
 -- Sample 12: 0.8618
 -- Sample 13: 0.8918
 -- Sample 14: 0.9584
 -- Sample 15: 0.9571
 -- Sample 16: 0.9412
 -- Sample 17: 0.9581
 -- Sample 18: 0.9710
 -- Sample 19: 0.9501
 -- Sample 20: 0.9683
 -- Sample 21: 0.9551
 -- Sample 22: 0.9690
 -- Sample 23: 0.9032
 -- Sample 24: 0.9354
 -- Sample 25: 0.8933
 -- Sample 26: 0.8679
 -- Sample 27: 0.8295
 -- Sample 28: 0.8170
 -- Sample 29: 0.7489
 -- Sample 30: 0.5903
 -- Sample 31: 0.3568
 -- Sample 32: 0.5134
 -- Sample 33: 0.3470
 -- Sample 34: 0.8324
 -- Sample 35: 0.8294
 -- Sample 36: 0.7387
 -- Sample 37: 0.7754
 -- Sample 38: 0.9541
 -- Sample 39: 0.9584
 -- Sample 40: 0.9399
 -- Sample 41: 0.9610
 -- Sample 42: 0.9157
 -- Sample 43: 0.9282
 -- Sample 44: 0.9102
 -- Sample 45: 0.9222
 -- Sample 46: 0.9008
 -- Sample 47: 0.7890
 -- Sample 48: 0.8800
 -- Sample 49: 0.8615
Mean=0.8280, Std=0.1532
------------------------------------------------------------------
Processing Batch 3 (Size: 50)...
input shape:  torch.Size([50, 1, 120, 120, 120])
output shape:  torch.Size([50, 1, 120, 120, 120])
target shape:  torch.Size([50, 1, 120, 120, 120])
torch.Size([50, 1, 120, 120, 120])
Bias Error: using Single Component
Mean: 334.0492, Std: 821.6799
------------------------------------------------------------------
Magnitude Error: 
 -- Sample 0: mean=396.7891%; std=496.0999
 -- Sample 1: mean=567.2745%; std=592.5102
 -- Sample 2: mean=544.6124%; std=755.3713
 -- Sample 3: mean=498.9993%; std=544.6522
 -- Sample 4: mean=55.5266%; std=68.9893
 -- Sample 5: mean=43.7939%; std=34.3149
 -- Sample 6: mean=62.6564%; std=76.4377
 -- Sample 7: mean=36.6035%; std=31.2080
 -- Sample 8: mean=120.8028%; std=206.0422
 -- Sample 9: mean=140.2536%; std=250.3946
 -- Sample 10: mean=114.4817%; std=197.8566
 -- Sample 11: mean=131.9009%; std=250.0638
 -- Sample 12: mean=61.1269%; std=54.4288
 -- Sample 13: mean=55.6292%; std=35.7767
 -- Sample 14: mean=58.8162%; std=36.8149
 -- Sample 15: mean=63.2122%; std=58.5117
 -- Sample 16: mean=28.7096%; std=22.6662
 -- Sample 17: mean=27.4464%; std=22.7291
 -- Sample 18: mean=29.7567%; std=21.8448
 -- Sample 19: mean=32.6205%; std=24.1549
 -- Sample 20: mean=93.9262%; std=67.6216
 -- Sample 21: mean=66.3629%; std=50.0615
 -- Sample 22: mean=96.6871%; std=64.5266
 -- Sample 23: mean=104.1158%; std=93.3916
 -- Sample 24: mean=48.8024%; std=25.2977
 -- Sample 25: mean=40.3971%; std=24.4517
 -- Sample 26: mean=46.7731%; std=23.6744
 -- Sample 27: mean=40.3331%; std=22.2733
 -- Sample 28: mean=52.4413%; std=38.1617
 -- Sample 29: mean=54.0024%; std=39.0874
 -- Sample 30: mean=55.5486%; std=38.3739
 -- Sample 31: mean=52.8774%; std=37.7566
 -- Sample 32: mean=68.9610%; std=19.4096
 -- Sample 33: mean=68.5439%; std=19.9997
 -- Sample 34: mean=62.2893%; std=23.2745
 -- Sample 35: mean=67.2221%; std=22.7103
 -- Sample 36: mean=41.8785%; std=22.8414
 -- Sample 37: mean=41.7828%; std=24.5559
 -- Sample 38: mean=48.0032%; std=22.4230
 -- Sample 39: mean=50.4340%; std=24.9358
 -- Sample 40: mean=72.9678%; std=55.7294
 -- Sample 41: mean=77.1115%; std=46.8713
 -- Sample 42: mean=73.6111%; std=66.6072
 -- Sample 43: mean=80.6699%; std=55.8894
 -- Sample 44: mean=71.1273%; std=26.6570
 -- Sample 45: mean=68.8744%; std=36.9775
 -- Sample 46: mean=56.5278%; std=26.3993
 -- Sample 47: mean=66.2049%; std=34.4892
 -- Sample 48: mean=63.6745%; std=47.3384
 -- Sample 49: mean=67.9527%; std=54.8347
Mean: 99.4223%, Std: 122.6127%
------------------------------------------------------------------
Correlation comparison:
 -- Sample 0: 0.6136
 -- Sample 1: 0.5294
 -- Sample 2: 0.5731
 -- Sample 3: 0.7374
 -- Sample 4: 0.8628
 -- Sample 5: 0.9336
 -- Sample 6: 0.8554
 -- Sample 7: 0.9462
 -- Sample 8: 0.5680
 -- Sample 9: 0.6479
 -- Sample 10: 0.6223
 -- Sample 11: 0.7175
 -- Sample 12: 0.7544
 -- Sample 13: 0.8971
 -- Sample 14: 0.8095
 -- Sample 15: 0.8811
 -- Sample 16: 0.9621
 -- Sample 17: 0.9709
 -- Sample 18: 0.9673
 -- Sample 19: 0.9558
 -- Sample 20: 0.7996
 -- Sample 21: 0.8561
 -- Sample 22: 0.7879
 -- Sample 23: 0.7656
 -- Sample 24: 0.9023
 -- Sample 25: 0.9243
 -- Sample 26: 0.9272
 -- Sample 27: 0.9327
 -- Sample 28: 0.8139
 -- Sample 29: 0.8595
 -- Sample 30: 0.7943
 -- Sample 31: 0.8617
 -- Sample 32: 0.9041
 -- Sample 33: 0.9159
 -- Sample 34: 0.9094
 -- Sample 35: 0.8948
 -- Sample 36: 0.9012
 -- Sample 37: 0.9151
 -- Sample 38: 0.8801
 -- Sample 39: 0.8744
 -- Sample 40: 0.6360
 -- Sample 41: 0.6885
 -- Sample 42: 0.6603
 -- Sample 43: 0.6480
 -- Sample 44: 0.8347
 -- Sample 45: 0.7711
 -- Sample 46: 0.8988
 -- Sample 47: 0.7780
 -- Sample 48: 0.9044
 -- Sample 49: 0.7709
Mean=0.8163, Std=0.1180
------------------------------------------------------------------
Processing Batch 4 (Size: 50)...
input shape:  torch.Size([50, 1, 120, 120, 120])
output shape:  torch.Size([50, 1, 120, 120, 120])
target shape:  torch.Size([50, 1, 120, 120, 120])
torch.Size([50, 1, 120, 120, 120])
Bias Error: using Single Component
Mean: 223.8422, Std: 544.3545
------------------------------------------------------------------
Magnitude Error: 
 -- Sample 0: mean=57.8262%; std=47.4452
 -- Sample 1: mean=63.4168%; std=53.3266
 -- Sample 2: mean=61.0622%; std=42.7213
 -- Sample 3: mean=74.3292%; std=33.4965
 -- Sample 4: mean=60.0902%; std=38.8682
 -- Sample 5: mean=66.7490%; std=32.4446
 -- Sample 6: mean=85.2357%; std=91.5465
 -- Sample 7: mean=64.6613%; std=84.6431
 -- Sample 8: mean=77.4092%; std=84.6096
 -- Sample 9: mean=66.5432%; std=81.0766
 -- Sample 10: mean=41.9778%; std=28.5692
 -- Sample 11: mean=43.8397%; std=29.2596
 -- Sample 12: mean=42.3665%; std=29.7256
 -- Sample 13: mean=43.2210%; std=33.0478
 -- Sample 14: mean=37.3008%; std=22.8478
 -- Sample 15: mean=43.9343%; std=24.0372
 -- Sample 16: mean=39.6161%; std=23.4126
 -- Sample 17: mean=35.7582%; std=21.2151
 -- Sample 18: mean=48.3915%; std=24.7918
 -- Sample 19: mean=41.4145%; std=25.6486
 -- Sample 20: mean=53.4852%; std=24.7230
 -- Sample 21: mean=46.4060%; std=24.9023
 -- Sample 22: mean=44.7355%; std=20.1889
 -- Sample 23: mean=49.3512%; std=26.4494
 -- Sample 24: mean=43.5519%; std=22.5261
 -- Sample 25: mean=41.7342%; std=26.6487
 -- Sample 26: mean=35.5463%; std=17.4144
 -- Sample 27: mean=32.1362%; std=18.6093
 -- Sample 28: mean=33.2381%; std=19.0770
 -- Sample 29: mean=30.0328%; std=16.1672
 -- Sample 30: mean=39.7878%; std=24.5754
 -- Sample 31: mean=36.9499%; std=26.8042
 -- Sample 32: mean=49.5506%; std=31.4831
 -- Sample 33: mean=38.5982%; std=24.2405
 -- Sample 34: mean=106.0482%; std=493.5053
 -- Sample 35: mean=101.2750%; std=431.1304
 -- Sample 36: mean=92.7634%; std=384.8920
 -- Sample 37: mean=100.4674%; std=526.7266
 -- Sample 38: mean=123.7183%; std=193.0145
 -- Sample 39: mean=112.5373%; std=156.6591
 -- Sample 40: mean=101.9812%; std=135.8581
 -- Sample 41: mean=104.1489%; std=106.4851
 -- Sample 42: mean=32.2489%; std=28.4943
 -- Sample 43: mean=27.3390%; std=25.4819
 -- Sample 44: mean=31.4695%; std=26.4908
 -- Sample 45: mean=34.4062%; std=33.1782
 -- Sample 46: mean=28.0674%; std=20.8783
 -- Sample 47: mean=39.4719%; std=47.1947
 -- Sample 48: mean=25.3884%; std=20.4917
 -- Sample 49: mean=36.0048%; std=47.1350
Mean: 55.3517%, Std: 25.6471%
------------------------------------------------------------------
Correlation comparison:
 -- Sample 0: 0.9095
 -- Sample 1: 0.7637
 -- Sample 2: 0.7943
 -- Sample 3: 0.6962
 -- Sample 4: 0.7941
 -- Sample 5: 0.7400
 -- Sample 6: 0.8621
 -- Sample 7: 0.8797
 -- Sample 8: 0.8733
 -- Sample 9: 0.9143
 -- Sample 10: 0.9168
 -- Sample 11: 0.9067
 -- Sample 12: 0.9196
 -- Sample 13: 0.9175
 -- Sample 14: 0.9399
 -- Sample 15: 0.9365
 -- Sample 16: 0.9469
 -- Sample 17: 0.9609
 -- Sample 18: 0.8739
 -- Sample 19: 0.9286
 -- Sample 20: 0.8994
 -- Sample 21: 0.9250
 -- Sample 22: 0.9603
 -- Sample 23: 0.9398
 -- Sample 24: 0.9488
 -- Sample 25: 0.9491
 -- Sample 26: 0.9654
 -- Sample 27: 0.9724
 -- Sample 28: 0.9574
 -- Sample 29: 0.9769
 -- Sample 30: 0.8920
 -- Sample 31: 0.9234
 -- Sample 32: 0.8387
 -- Sample 33: 0.9284
 -- Sample 34: 0.0812
 -- Sample 35: 0.0913
 -- Sample 36: 0.1655
 -- Sample 37: 0.1239
 -- Sample 38: 0.5514
 -- Sample 39: 0.7242
 -- Sample 40: 0.5278
 -- Sample 41: 0.6938
 -- Sample 42: 0.9399
 -- Sample 43: 0.9727
 -- Sample 44: 0.9527
 -- Sample 45: 0.9535
 -- Sample 46: 0.9584
 -- Sample 47: 0.9175
 -- Sample 48: 0.9718
 -- Sample 49: 0.9237
Mean=0.8220, Std=0.2313
------------------------------------------------------------------
Processing Batch 5 (Size: 50)...
input shape:  torch.Size([50, 1, 120, 120, 120])
output shape:  torch.Size([50, 1, 120, 120, 120])
target shape:  torch.Size([50, 1, 120, 120, 120])
torch.Size([50, 1, 120, 120, 120])
Bias Error: using Single Component
Mean: 128.1149, Std: 186.8689
------------------------------------------------------------------
Magnitude Error: 
 -- Sample 0: mean=74.6740%; std=91.4907
 -- Sample 1: mean=63.2275%; std=62.2283
 -- Sample 2: mean=97.1541%; std=139.3288
 -- Sample 3: mean=73.3861%; std=83.7534
 -- Sample 4: mean=53.5349%; std=60.5392
 -- Sample 5: mean=35.6240%; std=33.0617
 -- Sample 6: mean=39.1566%; std=38.7934
 -- Sample 7: mean=42.1435%; std=37.6049
 -- Sample 8: mean=174.5926%; std=267.3494
 -- Sample 9: mean=183.5732%; std=192.0841
 -- Sample 10: mean=144.4854%; std=197.9224
 -- Sample 11: mean=144.4619%; std=183.5038
 -- Sample 12: mean=60.9116%; std=47.1368
 -- Sample 13: mean=46.0857%; std=27.5179
 -- Sample 14: mean=75.9912%; std=52.3920
 -- Sample 15: mean=51.1551%; std=44.5194
 -- Sample 16: mean=47.3894%; std=39.2590
 -- Sample 17: mean=38.7287%; std=30.2445
 -- Sample 18: mean=48.5873%; std=32.6176
 -- Sample 19: mean=46.7173%; std=36.1828
 -- Sample 20: mean=57.5985%; std=48.4755
 -- Sample 21: mean=56.5569%; std=42.7334
 -- Sample 22: mean=56.5799%; std=42.8964
 -- Sample 23: mean=56.7339%; std=43.8562
 -- Sample 24: mean=40.2949%; std=29.5698
 -- Sample 25: mean=37.1533%; std=29.1355
 -- Sample 26: mean=43.1648%; std=30.2596
 -- Sample 27: mean=44.8053%; std=35.2852
 -- Sample 28: mean=73.5900%; std=76.9140
 -- Sample 29: mean=98.3498%; std=77.3804
 -- Sample 30: mean=75.9475%; std=75.5097
 -- Sample 31: mean=98.1481%; std=87.6638
 -- Sample 32: mean=37.1066%; std=26.0032
 -- Sample 33: mean=49.4721%; std=27.1900
 -- Sample 34: mean=44.6586%; std=33.1223
 -- Sample 35: mean=39.8767%; std=34.3025
 -- Sample 36: mean=39.9059%; std=27.6549
 -- Sample 37: mean=43.0298%; std=34.1604
 -- Sample 38: mean=47.6721%; std=34.7105
 -- Sample 39: mean=28.3059%; std=22.7654
 -- Sample 40: mean=40.1590%; std=29.4165
 -- Sample 41: mean=39.4532%; std=24.2252
 -- Sample 42: mean=36.9002%; std=26.6116
 -- Sample 43: mean=38.6669%; std=25.1437
 -- Sample 44: mean=65.5284%; std=35.1009
 -- Sample 45: mean=55.3141%; std=29.2186
 -- Sample 46: mean=62.3979%; std=32.4916
 -- Sample 47: mean=59.6087%; std=34.8685
 -- Sample 48: mean=53.5909%; std=44.3465
 -- Sample 49: mean=59.2290%; std=61.3191
Mean: 62.4276%, Std: 33.7217%
------------------------------------------------------------------
Correlation comparison:
 -- Sample 0: 0.7955
 -- Sample 1: 0.8215
 -- Sample 2: 0.7011
 -- Sample 3: 0.8103
 -- Sample 4: 0.8543
 -- Sample 5: 0.9530
 -- Sample 6: 0.9043
 -- Sample 7: 0.9476
 -- Sample 8: 0.4039
 -- Sample 9: 0.3445
 -- Sample 10: 0.4312
 -- Sample 11: 0.3519
 -- Sample 12: 0.7986
 -- Sample 13: 0.8739
 -- Sample 14: 0.8072
 -- Sample 15: 0.8649
 -- Sample 16: 0.9202
 -- Sample 17: 0.9270
 -- Sample 18: 0.9055
 -- Sample 19: 0.8999
 -- Sample 20: 0.8839
 -- Sample 21: 0.8689
 -- Sample 22: 0.8524
 -- Sample 23: 0.8747
 -- Sample 24: 0.9290
 -- Sample 25: 0.9538
 -- Sample 26: 0.9296
 -- Sample 27: 0.9360
 -- Sample 28: 0.8730
 -- Sample 29: 0.9028
 -- Sample 30: 0.8725
 -- Sample 31: 0.9045
 -- Sample 32: 0.9255
 -- Sample 33: 0.8993
 -- Sample 34: 0.9193
 -- Sample 35: 0.9110
 -- Sample 36: 0.9253
 -- Sample 37: 0.9586
 -- Sample 38: 0.8897
 -- Sample 39: 0.9649
 -- Sample 40: 0.9362
 -- Sample 41: 0.9399
 -- Sample 42: 0.9493
 -- Sample 43: 0.9190
 -- Sample 44: 0.7796
 -- Sample 45: 0.8304
 -- Sample 46: 0.7634
 -- Sample 47: 0.7939
 -- Sample 48: 0.9356
 -- Sample 49: 0.8697
Mean=0.8442, Std=0.1477
------------------------------------------------------------------
Processing Batch 6 (Size: 34)...
input shape:  torch.Size([34, 1, 120, 120, 120])
output shape:  torch.Size([34, 1, 120, 120, 120])
target shape:  torch.Size([34, 1, 120, 120, 120])
torch.Size([34, 1, 120, 120, 120])
Bias Error: using Single Component
Mean: 661.9109, Std: 1360.9729
------------------------------------------------------------------
Magnitude Error: 
 -- Sample 0: mean=155.2932%; std=234.4247
 -- Sample 1: mean=106.4646%; std=150.7640
 -- Sample 2: mean=57.2398%; std=32.5243
 -- Sample 3: mean=52.3245%; std=32.8956
 -- Sample 4: mean=55.0693%; std=50.2823
 -- Sample 5: mean=39.7571%; std=28.2053
 -- Sample 6: mean=47.3012%; std=42.0608
 -- Sample 7: mean=38.1834%; std=21.2088
 -- Sample 8: mean=40.1976%; std=30.9204
 -- Sample 9: mean=38.2380%; std=22.7687
 -- Sample 10: mean=63.3282%; std=46.4149
 -- Sample 11: mean=82.7766%; std=76.2132
 -- Sample 12: mean=83.3314%; std=56.5083
 -- Sample 13: mean=89.8350%; std=97.4777
 -- Sample 14: mean=95.9510%; std=151.0860
 -- Sample 15: mean=96.5575%; std=128.0167
 -- Sample 16: mean=97.9785%; std=115.1975
 -- Sample 17: mean=114.0294%; std=137.8645
 -- Sample 18: mean=248.2416%; std=318.0259
 -- Sample 19: mean=222.7140%; std=270.4413
 -- Sample 20: mean=283.8932%; std=384.1588
 -- Sample 21: mean=198.2580%; std=257.6049
 -- Sample 22: mean=272.2383%; std=288.8882
 -- Sample 23: mean=208.3319%; std=228.1141
 -- Sample 24: mean=177.4610%; std=258.8930
 -- Sample 25: mean=179.5262%; std=302.1410
 -- Sample 26: mean=92.4234%; std=102.1770
 -- Sample 27: mean=170.3483%; std=308.3608
 -- Sample 28: mean=110.0185%; std=129.5805
 -- Sample 29: mean=111.5055%; std=166.4846
 -- Sample 30: mean=38.0560%; std=24.6157
 -- Sample 31: mean=36.9181%; std=26.8731
 -- Sample 32: mean=40.4888%; std=25.0340
 -- Sample 33: mean=32.8982%; std=24.9388
Mean: 111.0934%, Std: 72.8086%
------------------------------------------------------------------
Correlation comparison:
 -- Sample 0: 0.7133
 -- Sample 1: 0.7114
 -- Sample 2: 0.7938
 -- Sample 3: 0.8780
 -- Sample 4: 0.7838
 -- Sample 5: 0.9059
 -- Sample 6: 0.8658
 -- Sample 7: 0.9596
 -- Sample 8: 0.9003
 -- Sample 9: 0.9355
 -- Sample 10: 0.8264
 -- Sample 11: 0.6268
 -- Sample 12: 0.6883
 -- Sample 13: 0.6276
 -- Sample 14: 0.7664
 -- Sample 15: 0.8150
 -- Sample 16: 0.8303
 -- Sample 17: 0.7759
 -- Sample 18: 0.4985
 -- Sample 19: 0.5159
 -- Sample 20: 0.4407
 -- Sample 21: 0.5759
 -- Sample 22: 0.7181
 -- Sample 23: 0.5479
 -- Sample 24: 0.7256
 -- Sample 25: 0.5112
 -- Sample 26: 0.6859
 -- Sample 27: 0.4224
 -- Sample 28: 0.6902
 -- Sample 29: 0.5370
 -- Sample 30: 0.9670
 -- Sample 31: 0.9631
 -- Sample 32: 0.9348
 -- Sample 33: 0.9717
Mean=0.7385, Std=0.1616
------------------------------------------------------------------

-----------------------------------------------------


========================================================================================================================



  Berea Sinter Gray  results:


Loading data...
Testing model:   Ko et. al (Etapa 3)
Processing Batch 1 (Size: 50)...
input shape:  torch.Size([50, 1, 120, 120, 120])
output shape:  torch.Size([50, 1, 120, 120, 120])
target shape:  torch.Size([50, 1, 120, 120, 120])
torch.Size([50, 1, 120, 120, 120])
Bias Error: using Single Component
Mean: 300.5582, Std: 675.9822
------------------------------------------------------------------
Magnitude Error: 
 -- Sample 0: mean=148.0352%; std=152.6774
 -- Sample 1: mean=135.7015%; std=151.4477
 -- Sample 2: mean=134.3074%; std=138.9680
 -- Sample 3: mean=116.9535%; std=121.0829
 -- Sample 4: mean=75.7973%; std=66.8694
 -- Sample 5: mean=83.9608%; std=87.3802
 -- Sample 6: mean=89.5412%; std=100.1852
 -- Sample 7: mean=63.3949%; std=64.4243
 -- Sample 8: mean=42.9241%; std=28.5295
 -- Sample 9: mean=37.2922%; std=25.6122
 -- Sample 10: mean=49.9385%; std=31.4886
 -- Sample 11: mean=31.9609%; std=24.7468
 -- Sample 12: mean=74.9971%; std=60.5650
 -- Sample 13: mean=58.3531%; std=34.2492
 -- Sample 14: mean=62.6370%; std=43.2651
 -- Sample 15: mean=53.7369%; std=39.8421
 -- Sample 16: mean=61.9261%; std=30.9561
 -- Sample 17: mean=56.1570%; std=25.2059
 -- Sample 18: mean=53.4593%; std=29.0546
 -- Sample 19: mean=54.8510%; std=26.3884
 -- Sample 20: mean=42.3596%; std=37.5978
 -- Sample 21: mean=45.1405%; std=30.5407
 -- Sample 22: mean=49.7959%; std=42.1776
 -- Sample 23: mean=43.9090%; std=30.2905
 -- Sample 24: mean=51.9537%; std=41.7457
 -- Sample 25: mean=46.5696%; std=44.2573
 -- Sample 26: mean=54.1582%; std=49.0794
 -- Sample 27: mean=46.0717%; std=41.0316
 -- Sample 28: mean=54.2573%; std=57.0862
 -- Sample 29: mean=55.9426%; std=54.6759
 -- Sample 30: mean=76.6877%; std=70.6924
 -- Sample 31: mean=55.4573%; std=58.9252
 -- Sample 32: mean=98.1775%; std=98.2843
 -- Sample 33: mean=173.3458%; std=147.7283
 -- Sample 34: mean=121.1340%; std=124.5273
 -- Sample 35: mean=191.0781%; std=170.1555
 -- Sample 36: mean=44.9620%; std=28.9789
 -- Sample 37: mean=47.4430%; std=30.1804
 -- Sample 38: mean=44.2691%; std=27.5466
 -- Sample 39: mean=48.7499%; std=27.8796
 -- Sample 40: mean=78.0411%; std=120.5879
 -- Sample 41: mean=100.7609%; std=190.4933
 -- Sample 42: mean=75.8597%; std=139.8313
 -- Sample 43: mean=97.9344%; std=180.1756
 -- Sample 44: mean=92.2152%; std=126.3704
 -- Sample 45: mean=60.0653%; std=63.7103
 -- Sample 46: mean=69.5513%; std=86.0843
 -- Sample 47: mean=64.1502%; std=75.2297
 -- Sample 48: mean=142.4110%; std=229.2310
 -- Sample 49: mean=150.4189%; std=254.6190
Mean: 76.1759%, Std: 37.5277%
------------------------------------------------------------------
Correlation comparison:
 -- Sample 0: 0.7402
 -- Sample 1: 0.7150
 -- Sample 2: 0.7619
 -- Sample 3: 0.7298
 -- Sample 4: 0.7745
 -- Sample 5: 0.7784
 -- Sample 6: 0.7224
 -- Sample 7: 0.8109
 -- Sample 8: 0.9112
 -- Sample 9: 0.9555
 -- Sample 10: 0.9051
 -- Sample 11: 0.9725
 -- Sample 12: 0.7595
 -- Sample 13: 0.7938
 -- Sample 14: 0.8154
 -- Sample 15: 0.8026
 -- Sample 16: 0.8580
 -- Sample 17: 0.8522
 -- Sample 18: 0.8946
 -- Sample 19: 0.8500
 -- Sample 20: 0.9325
 -- Sample 21: 0.8728
 -- Sample 22: 0.9186
 -- Sample 23: 0.8892
 -- Sample 24: 0.9548
 -- Sample 25: 0.9437
 -- Sample 26: 0.9415
 -- Sample 27: 0.9294
 -- Sample 28: 0.9117
 -- Sample 29: 0.8938
 -- Sample 30: 0.8805
 -- Sample 31: 0.8825
 -- Sample 32: 0.7516
 -- Sample 33: 0.6663
 -- Sample 34: 0.7646
 -- Sample 35: 0.6431
 -- Sample 36: 0.8483
 -- Sample 37: 0.8664
 -- Sample 38: 0.8848
 -- Sample 39: 0.8374
 -- Sample 40: 0.7862
 -- Sample 41: 0.6090
 -- Sample 42: 0.7646
 -- Sample 43: 0.6218
 -- Sample 44: 0.8639
 -- Sample 45: 0.8832
 -- Sample 46: 0.9247
 -- Sample 47: 0.8140
 -- Sample 48: 0.6155
 -- Sample 49: 0.5783
Mean=0.8216, Std=0.1000
------------------------------------------------------------------
Processing Batch 2 (Size: 50)...
input shape:  torch.Size([50, 1, 120, 120, 120])
output shape:  torch.Size([50, 1, 120, 120, 120])
target shape:  torch.Size([50, 1, 120, 120, 120])
torch.Size([50, 1, 120, 120, 120])
Bias Error: using Single Component
Mean: 338.1127, Std: 820.7542
------------------------------------------------------------------
Magnitude Error: 
 -- Sample 0: mean=110.0241%; std=148.4148
 -- Sample 1: mean=182.0685%; std=288.3698
 -- Sample 2: mean=73.5064%; std=54.4699
 -- Sample 3: mean=64.3088%; std=45.3329
 -- Sample 4: mean=76.2341%; std=55.2716
 -- Sample 5: mean=72.9582%; std=48.4118
 -- Sample 6: mean=38.8657%; std=43.2747
 -- Sample 7: mean=47.5423%; std=66.7567
 -- Sample 8: mean=41.0784%; std=36.7635
 -- Sample 9: mean=47.2536%; std=74.2204
 -- Sample 10: mean=510.8080%; std=371.2416
 -- Sample 11: mean=425.3651%; std=374.6732
 -- Sample 12: mean=420.4816%; std=329.6613
 -- Sample 13: mean=344.5381%; std=308.2271
 -- Sample 14: mean=42.7406%; std=32.3150
 -- Sample 15: mean=30.7054%; std=24.5195
 -- Sample 16: mean=38.3351%; std=31.2332
 -- Sample 17: mean=38.0384%; std=28.0326
 -- Sample 18: mean=53.9393%; std=31.5466
 -- Sample 19: mean=40.5048%; std=25.0686
 -- Sample 20: mean=37.7428%; std=26.9250
 -- Sample 21: mean=38.3925%; std=36.3757
 -- Sample 22: mean=29.6368%; std=21.4185
 -- Sample 23: mean=31.6359%; std=21.0104
 -- Sample 24: mean=30.2394%; std=21.6062
 -- Sample 25: mean=28.9782%; std=20.1954
 -- Sample 26: mean=41.9398%; std=31.8555
 -- Sample 27: mean=33.1280%; std=25.0163
 -- Sample 28: mean=40.6220%; std=32.2210
 -- Sample 29: mean=34.8940%; std=30.1290
 -- Sample 30: mean=41.5092%; std=28.0488
 -- Sample 31: mean=43.8131%; std=29.2015
 -- Sample 32: mean=39.1764%; std=27.9079
 -- Sample 33: mean=51.7735%; std=37.0764
 -- Sample 34: mean=46.1259%; std=27.4916
 -- Sample 35: mean=42.9877%; std=25.6271
 -- Sample 36: mean=49.6821%; std=30.4687
 -- Sample 37: mean=46.7603%; std=26.9814
 -- Sample 38: mean=23.3699%; std=23.6213
 -- Sample 39: mean=24.3795%; std=21.6284
 -- Sample 40: mean=25.5397%; std=21.1707
 -- Sample 41: mean=28.0684%; std=22.7602
 -- Sample 42: mean=79.2178%; std=76.9881
 -- Sample 43: mean=60.3556%; std=51.9999
 -- Sample 44: mean=59.8635%; std=47.8495
 -- Sample 45: mean=58.8728%; std=41.0156
 -- Sample 46: mean=65.5803%; std=50.5138
 -- Sample 47: mean=68.5485%; std=50.0516
 -- Sample 48: mean=62.5434%; std=43.0954
 -- Sample 49: mean=75.0951%; std=58.8028
Mean: 80.7954%, Std: 105.9882%
------------------------------------------------------------------
Correlation comparison:
 -- Sample 0: 0.7167
 -- Sample 1: 0.5253
 -- Sample 2: 0.7781
 -- Sample 3: 0.8206
 -- Sample 4: 0.7556
 -- Sample 5: 0.7566
 -- Sample 6: 0.9544
 -- Sample 7: 0.9272
 -- Sample 8: 0.9480
 -- Sample 9: 0.9240
 -- Sample 10: 0.6838
 -- Sample 11: 0.7014
 -- Sample 12: 0.6805
 -- Sample 13: 0.6726
 -- Sample 14: 0.9365
 -- Sample 15: 0.9731
 -- Sample 16: 0.9474
 -- Sample 17: 0.9712
 -- Sample 18: 0.8602
 -- Sample 19: 0.9538
 -- Sample 20: 0.9401
 -- Sample 21: 0.9307
 -- Sample 22: 0.9522
 -- Sample 23: 0.9694
 -- Sample 24: 0.9689
 -- Sample 25: 0.9654
 -- Sample 26: 0.9070
 -- Sample 27: 0.9172
 -- Sample 28: 0.9108
 -- Sample 29: 0.9010
 -- Sample 30: 0.9003
 -- Sample 31: 0.9005
 -- Sample 32: 0.9020
 -- Sample 33: 0.8781
 -- Sample 34: 0.9103
 -- Sample 35: 0.9440
 -- Sample 36: 0.9038
 -- Sample 37: 0.9192
 -- Sample 38: 0.9699
 -- Sample 39: 0.9704
 -- Sample 40: 0.9662
 -- Sample 41: 0.9622
 -- Sample 42: 0.8013
 -- Sample 43: 0.8793
 -- Sample 44: 0.8572
 -- Sample 45: 0.8850
 -- Sample 46: 0.7484
 -- Sample 47: 0.8071
 -- Sample 48: 0.7893
 -- Sample 49: 0.8062
Mean=0.8710, Std=0.1011
------------------------------------------------------------------
Processing Batch 3 (Size: 50)...
input shape:  torch.Size([50, 1, 120, 120, 120])
output shape:  torch.Size([50, 1, 120, 120, 120])
target shape:  torch.Size([50, 1, 120, 120, 120])
torch.Size([50, 1, 120, 120, 120])
Bias Error: using Single Component
Mean: 420.4726, Std: 962.4985
------------------------------------------------------------------
Magnitude Error: 
 -- Sample 0: mean=41.4646%; std=38.7234
 -- Sample 1: mean=42.8225%; std=29.6385
 -- Sample 2: mean=37.1124%; std=24.4861
 -- Sample 3: mean=44.3011%; std=45.2848
 -- Sample 4: mean=39.1589%; std=27.9308
 -- Sample 5: mean=36.5375%; std=25.4206
 -- Sample 6: mean=43.1178%; std=31.9966
 -- Sample 7: mean=32.2397%; std=23.1654
 -- Sample 8: mean=72.1004%; std=64.8683
 -- Sample 9: mean=62.7184%; std=63.5640
 -- Sample 10: mean=73.0243%; std=58.5368
 -- Sample 11: mean=59.3230%; std=52.1543
 -- Sample 12: mean=68.2054%; std=70.4869
 -- Sample 13: mean=56.3401%; std=34.8319
 -- Sample 14: mean=69.5731%; std=48.7252
 -- Sample 15: mean=46.8438%; std=31.9995
 -- Sample 16: mean=31.4808%; std=25.3013
 -- Sample 17: mean=31.6179%; std=19.9771
 -- Sample 18: mean=29.7237%; std=23.9302
 -- Sample 19: mean=36.6880%; std=21.8429
 -- Sample 20: mean=122.7412%; std=146.6817
 -- Sample 21: mean=100.2328%; std=102.5100
 -- Sample 22: mean=110.5863%; std=113.9172
 -- Sample 23: mean=104.9873%; std=93.1213
 -- Sample 24: mean=298.3809%; std=205.3387
 -- Sample 25: mean=247.6687%; std=221.7826
 -- Sample 26: mean=252.1535%; std=197.6255
 -- Sample 27: mean=196.5784%; std=169.7820
 -- Sample 28: mean=46.0361%; std=39.2166
 -- Sample 29: mean=51.9498%; std=33.2993
 -- Sample 30: mean=43.7069%; std=29.8564
 -- Sample 31: mean=49.4473%; std=36.1975
 -- Sample 32: mean=58.4776%; std=20.1179
 -- Sample 33: mean=51.0968%; std=24.0327
 -- Sample 34: mean=56.5598%; std=18.1551
 -- Sample 35: mean=52.4041%; std=20.3627
 -- Sample 36: mean=59.6158%; std=42.6425
 -- Sample 37: mean=56.2067%; std=40.8215
 -- Sample 38: mean=52.9564%; std=36.2586
 -- Sample 39: mean=63.1547%; std=38.2336
 -- Sample 40: mean=46.0049%; std=21.6354
 -- Sample 41: mean=43.8798%; std=21.0673
 -- Sample 42: mean=43.7673%; std=23.1657
 -- Sample 43: mean=46.8957%; std=20.9826
 -- Sample 44: mean=36.7284%; std=29.4659
 -- Sample 45: mean=59.1622%; std=72.1999
 -- Sample 46: mean=44.2842%; std=35.6628
 -- Sample 47: mean=63.1134%; std=74.7148
 -- Sample 48: mean=278.3041%; std=283.2815
 -- Sample 49: mean=233.2811%; std=279.2094
Mean: 78.4951%, Std: 67.5409%
------------------------------------------------------------------
Correlation comparison:
 -- Sample 0: 0.9267
 -- Sample 1: 0.9498
 -- Sample 2: 0.9556
 -- Sample 3: 0.9251
 -- Sample 4: 0.9206
 -- Sample 5: 0.9496
 -- Sample 6: 0.9063
 -- Sample 7: 0.9610
 -- Sample 8: 0.9014
 -- Sample 9: 0.8850
 -- Sample 10: 0.8956
 -- Sample 11: 0.9063
 -- Sample 12: 0.8466
 -- Sample 13: 0.8943
 -- Sample 14: 0.8842
 -- Sample 15: 0.8944
 -- Sample 16: 0.9466
 -- Sample 17: 0.9408
 -- Sample 18: 0.9501
 -- Sample 19: 0.9078
 -- Sample 20: 0.7882
 -- Sample 21: 0.8031
 -- Sample 22: 0.8361
 -- Sample 23: 0.7959
 -- Sample 24: 0.6507
 -- Sample 25: 0.5670
 -- Sample 26: 0.6325
 -- Sample 27: 0.5575
 -- Sample 28: 0.9060
 -- Sample 29: 0.8080
 -- Sample 30: 0.9143
 -- Sample 31: 0.8541
 -- Sample 32: 0.9238
 -- Sample 33: 0.9162
 -- Sample 34: 0.9363
 -- Sample 35: 0.9343
 -- Sample 36: 0.8498
 -- Sample 37: 0.8592
 -- Sample 38: 0.8615
 -- Sample 39: 0.8866
 -- Sample 40: 0.9427
 -- Sample 41: 0.9599
 -- Sample 42: 0.9422
 -- Sample 43: 0.9511
 -- Sample 44: 0.8892
 -- Sample 45: 0.8735
 -- Sample 46: 0.9132
 -- Sample 47: 0.8745
 -- Sample 48: 0.6359
 -- Sample 49: 0.5980
Mean=0.8642, Std=0.1049
------------------------------------------------------------------
Processing Batch 4 (Size: 50)...
input shape:  torch.Size([50, 1, 120, 120, 120])
output shape:  torch.Size([50, 1, 120, 120, 120])
target shape:  torch.Size([50, 1, 120, 120, 120])
torch.Size([50, 1, 120, 120, 120])
Bias Error: using Single Component
Mean: 501.1273, Std: 1230.3419
------------------------------------------------------------------
Magnitude Error: 
 -- Sample 0: mean=325.5499%; std=298.9743
 -- Sample 1: mean=297.1502%; std=308.8767
 -- Sample 2: mean=294.6889%; std=355.2595
 -- Sample 3: mean=371.1779%; std=459.4008
 -- Sample 4: mean=302.8046%; std=378.6664
 -- Sample 5: mean=274.3999%; std=359.5710
 -- Sample 6: mean=37.8851%; std=36.6643
 -- Sample 7: mean=28.5689%; std=23.1903
 -- Sample 8: mean=34.7943%; std=26.7769
 -- Sample 9: mean=26.2525%; std=21.0438
 -- Sample 10: mean=59.6414%; std=65.3746
 -- Sample 11: mean=68.6080%; std=72.8424
 -- Sample 12: mean=59.7475%; std=66.1927
 -- Sample 13: mean=64.7891%; std=72.1120
 -- Sample 14: mean=65.8335%; std=61.4763
 -- Sample 15: mean=46.9365%; std=32.5075
 -- Sample 16: mean=57.2515%; std=43.6127
 -- Sample 17: mean=41.6223%; std=33.1062
 -- Sample 18: mean=44.4910%; std=29.2237
 -- Sample 19: mean=61.7845%; std=48.8759
 -- Sample 20: mean=47.3187%; std=32.6267
 -- Sample 21: mean=53.3113%; std=35.1041
 -- Sample 22: mean=39.2352%; std=25.4476
 -- Sample 23: mean=33.1010%; std=23.9169
 -- Sample 24: mean=37.8621%; std=26.7902
 -- Sample 25: mean=38.1162%; std=24.4276
 -- Sample 26: mean=82.8299%; std=144.2415
 -- Sample 27: mean=62.5174%; std=97.8927
 -- Sample 28: mean=74.6248%; std=117.3884
 -- Sample 29: mean=64.0081%; std=110.4451
 -- Sample 30: mean=48.4442%; std=40.2976
 -- Sample 31: mean=57.7130%; std=56.0683
 -- Sample 32: mean=41.0576%; std=41.7191
 -- Sample 33: mean=56.3117%; std=46.6690
 -- Sample 34: mean=42.7954%; std=35.5515
 -- Sample 35: mean=36.7911%; std=27.3441
 -- Sample 36: mean=43.8244%; std=35.5141
 -- Sample 37: mean=46.3251%; std=33.6438
 -- Sample 38: mean=56.4496%; std=41.1970
 -- Sample 39: mean=55.3065%; std=53.1258
 -- Sample 40: mean=70.0971%; std=59.4520
 -- Sample 41: mean=52.1893%; std=40.6526
 -- Sample 42: mean=146.5848%; std=151.5970
 -- Sample 43: mean=147.5765%; std=144.0307
 -- Sample 44: mean=142.4488%; std=140.0979
 -- Sample 45: mean=105.7853%; std=113.4833
 -- Sample 46: mean=39.7957%; std=26.1612
 -- Sample 47: mean=44.3795%; std=28.2973
 -- Sample 48: mean=39.4635%; std=27.6381
 -- Sample 49: mean=44.2866%; std=27.2272
Mean: 88.2906%, Std: 86.9682%
------------------------------------------------------------------
Correlation comparison:
 -- Sample 0: 0.6318
 -- Sample 1: 0.6501
 -- Sample 2: 0.4364
 -- Sample 3: 0.3859
 -- Sample 4: 0.4218
 -- Sample 5: 0.3793
 -- Sample 6: 0.9004
 -- Sample 7: 0.9554
 -- Sample 8: 0.9256
 -- Sample 9: 0.9644
 -- Sample 10: 0.8867
 -- Sample 11: 0.8173
 -- Sample 12: 0.8649
 -- Sample 13: 0.8398
 -- Sample 14: 0.8416
 -- Sample 15: 0.9527
 -- Sample 16: 0.8154
 -- Sample 17: 0.9507
 -- Sample 18: 0.8870
 -- Sample 19: 0.8377
 -- Sample 20: 0.9008
 -- Sample 21: 0.8739
 -- Sample 22: 0.9282
 -- Sample 23: 0.9591
 -- Sample 24: 0.9215
 -- Sample 25: 0.9380
 -- Sample 26: 0.8408
 -- Sample 27: 0.7507
 -- Sample 28: 0.8923
 -- Sample 29: 0.7697
 -- Sample 30: 0.9453
 -- Sample 31: 0.9254
 -- Sample 32: 0.9705
 -- Sample 33: 0.9429
 -- Sample 34: 0.8745
 -- Sample 35: 0.9414
 -- Sample 36: 0.8352
 -- Sample 37: 0.9217
 -- Sample 38: 0.8137
 -- Sample 39: 0.8974
 -- Sample 40: 0.6776
 -- Sample 41: 0.9054
 -- Sample 42: 0.7425
 -- Sample 43: 0.7362
 -- Sample 44: 0.7474
 -- Sample 45: 0.8108
 -- Sample 46: 0.9399
 -- Sample 47: 0.9401
 -- Sample 48: 0.9431
 -- Sample 49: 0.9258
Mean=0.8311, Std=0.1502
------------------------------------------------------------------
Processing Batch 5 (Size: 48)...
input shape:  torch.Size([48, 1, 120, 120, 120])
output shape:  torch.Size([48, 1, 120, 120, 120])
target shape:  torch.Size([48, 1, 120, 120, 120])
torch.Size([48, 1, 120, 120, 120])
Bias Error: using Single Component
Mean: 730.9745, Std: 2399.9889
------------------------------------------------------------------
Magnitude Error: 
 -- Sample 0: mean=44.4177%; std=35.8043
 -- Sample 1: mean=40.1954%; std=31.2201
 -- Sample 2: mean=46.7112%; std=45.2516
 -- Sample 3: mean=44.8266%; std=40.8968
 -- Sample 4: mean=40.4424%; std=59.7201
 -- Sample 5: mean=41.2274%; std=39.6236
 -- Sample 6: mean=48.9226%; std=75.8031
 -- Sample 7: mean=42.4582%; std=39.6581
 -- Sample 8: mean=82.6224%; std=92.7226
 -- Sample 9: mean=112.6278%; std=136.1799
 -- Sample 10: mean=73.3068%; std=81.9251
 -- Sample 11: mean=70.9581%; std=79.8743
 -- Sample 12: mean=41.2767%; std=18.8700
 -- Sample 13: mean=60.9955%; std=26.5212
 -- Sample 14: mean=53.1637%; std=28.0351
 -- Sample 15: mean=50.6304%; std=31.0446
 -- Sample 16: mean=40.5332%; std=23.1461
 -- Sample 17: mean=34.9251%; std=33.3153
 -- Sample 18: mean=38.1995%; std=22.0097
 -- Sample 19: mean=30.6261%; std=22.4020
 -- Sample 20: mean=59.0709%; std=43.3149
 -- Sample 21: mean=46.2041%; std=24.5116
 -- Sample 22: mean=41.4621%; std=38.9727
 -- Sample 23: mean=47.4478%; std=30.8693
 -- Sample 24: mean=41.3874%; std=28.5517
 -- Sample 25: mean=46.1032%; std=26.1293
 -- Sample 26: mean=40.2763%; std=29.4994
 -- Sample 27: mean=49.5622%; std=27.4254
 -- Sample 28: mean=49.2814%; std=32.2932
 -- Sample 29: mean=57.3541%; std=48.3230
 -- Sample 30: mean=53.5896%; std=32.9293
 -- Sample 31: mean=57.1213%; std=41.6126
 -- Sample 32: mean=48.7334%; std=30.0209
 -- Sample 33: mean=55.5887%; std=28.9462
 -- Sample 34: mean=49.8112%; std=27.3191
 -- Sample 35: mean=47.4422%; std=28.0737
 -- Sample 36: mean=38.1878%; std=24.4781
 -- Sample 37: mean=47.1892%; std=34.6216
 -- Sample 38: mean=31.7667%; std=23.0319
 -- Sample 39: mean=54.6017%; std=36.5231
 -- Sample 40: mean=36.6655%; std=22.4270
 -- Sample 41: mean=36.6991%; std=21.9651
 -- Sample 42: mean=31.0631%; std=22.9734
 -- Sample 43: mean=37.4443%; std=17.7929
 -- Sample 44: mean=2268.4807%; std=2796.3235
 -- Sample 45: mean=2378.5337%; std=2954.9595
 -- Sample 46: mean=1867.7017%; std=2207.7424
 -- Sample 47: mean=1854.0894%; std=2735.8030
Mean: 218.9985%, Std: 569.0066%
------------------------------------------------------------------
Correlation comparison:
 -- Sample 0: 0.9132
 -- Sample 1: 0.9351
 -- Sample 2: 0.9010
 -- Sample 3: 0.9223
 -- Sample 4: 0.9328
 -- Sample 5: 0.8363
 -- Sample 6: 0.8870
 -- Sample 7: 0.8363
 -- Sample 8: 0.9077
 -- Sample 9: 0.7459
 -- Sample 10: 0.9076
 -- Sample 11: 0.8543
 -- Sample 12: 0.9014
 -- Sample 13: 0.8361
 -- Sample 14: 0.8516
 -- Sample 15: 0.8712
 -- Sample 16: 0.9518
 -- Sample 17: 0.9459
 -- Sample 18: 0.9615
 -- Sample 19: 0.9616
 -- Sample 20: 0.8948
 -- Sample 21: 0.8334
 -- Sample 22: 0.9378
 -- Sample 23: 0.8485
 -- Sample 24: 0.9404
 -- Sample 25: 0.9203
 -- Sample 26: 0.9495
 -- Sample 27: 0.9015
 -- Sample 28: 0.8847
 -- Sample 29: 0.7721
 -- Sample 30: 0.9104
 -- Sample 31: 0.7765
 -- Sample 32: 0.8008
 -- Sample 33: 0.7978
 -- Sample 34: 0.8057
 -- Sample 35: 0.7786
 -- Sample 36: 0.9533
 -- Sample 37: 0.9413
 -- Sample 38: 0.9630
 -- Sample 39: 0.9196
 -- Sample 40: 0.9717
 -- Sample 41: 0.9586
 -- Sample 42: 0.9629
 -- Sample 43: 0.9669
 -- Sample 44: 0.0942
 -- Sample 45: 0.1641
 -- Sample 46: 0.0844
 -- Sample 47: 0.3098
Mean=0.8313, Std=0.2116
------------------------------------------------------------------

-----------------------------------------------------


========================================================================================================================



  Berea  results:


Loading data...
Testing model:   Ko et. al (Etapa 3)
Processing Batch 1 (Size: 50)...
input shape:  torch.Size([50, 1, 120, 120, 120])
output shape:  torch.Size([50, 1, 120, 120, 120])
target shape:  torch.Size([50, 1, 120, 120, 120])
torch.Size([50, 1, 120, 120, 120])
Bias Error: using Single Component
Mean: 2915.3380, Std: 13532.6721
------------------------------------------------------------------
Magnitude Error: 
 -- Sample 0: mean=140.1426%; std=119.7910
 -- Sample 1: mean=96.5672%; std=84.4350
 -- Sample 2: mean=120.9640%; std=128.4748
 -- Sample 3: mean=110.4157%; std=119.5710
 -- Sample 4: mean=49.2749%; std=32.3599
 -- Sample 5: mean=49.9005%; std=34.1176
 -- Sample 6: mean=54.3677%; std=36.1706
 -- Sample 7: mean=52.0395%; std=47.7055
 -- Sample 8: mean=72.5524%; std=85.6907
 -- Sample 9: mean=52.8514%; std=48.0754
 -- Sample 10: mean=82.3524%; std=88.2976
 -- Sample 11: mean=77.2789%; std=60.9918
 -- Sample 12: mean=49.8154%; std=35.0843
 -- Sample 13: mean=54.7772%; std=35.5076
 -- Sample 14: mean=46.3701%; std=29.8519
 -- Sample 15: mean=48.9755%; std=34.2623
 -- Sample 16: mean=33.1435%; std=17.5544
 -- Sample 17: mean=39.5620%; std=18.3518
 -- Sample 18: mean=34.9265%; std=19.1263
 -- Sample 19: mean=35.5693%; std=19.1805
 -- Sample 20: mean=53.7004%; std=39.4176
 -- Sample 21: mean=56.6995%; std=29.6878
 -- Sample 22: mean=60.3847%; std=37.4187
 -- Sample 23: mean=56.6965%; std=30.0995
 -- Sample 24: mean=36.0085%; std=25.7346
 -- Sample 25: mean=39.4151%; std=26.5855
 -- Sample 26: mean=32.4492%; std=24.4197
 -- Sample 27: mean=40.8410%; std=25.3034
 -- Sample 28: mean=36.3459%; std=29.1666
 -- Sample 29: mean=32.0982%; std=24.9996
 -- Sample 30: mean=45.3741%; std=26.3917
 -- Sample 31: mean=36.2571%; std=25.5214
 -- Sample 32: mean=77.4000%; std=53.7636
 -- Sample 33: mean=71.5804%; std=55.4938
 -- Sample 34: mean=65.8851%; std=37.5951
 -- Sample 35: mean=57.9010%; std=37.4599
 -- Sample 36: mean=46.1010%; std=51.8335
 -- Sample 37: mean=53.2542%; std=61.7378
 -- Sample 38: mean=54.3179%; std=55.4010
 -- Sample 39: mean=67.3174%; std=75.1990
 -- Sample 40: mean=54.0440%; std=23.0364
 -- Sample 41: mean=52.8872%; std=22.9731
 -- Sample 42: mean=55.4641%; std=21.0687
 -- Sample 43: mean=49.3845%; std=23.2630
 -- Sample 44: mean=39.9177%; std=28.6692
 -- Sample 45: mean=43.2043%; std=25.5944
 -- Sample 46: mean=35.9135%; std=24.3655
 -- Sample 47: mean=31.4830%; std=22.6929
 -- Sample 48: mean=48.6203%; std=20.7086
 -- Sample 49: mean=54.7044%; std=25.8030
Mean: 55.7499%, Std: 22.2692%
------------------------------------------------------------------
Correlation comparison:
 -- Sample 0: 0.6713
 -- Sample 1: 0.8565
 -- Sample 2: 0.7044
 -- Sample 3: 0.7938
 -- Sample 4: 0.8625
 -- Sample 5: 0.9437
 -- Sample 6: 0.8143
 -- Sample 7: 0.9293
 -- Sample 8: 0.8763
 -- Sample 9: 0.9098
 -- Sample 10: 0.8471
 -- Sample 11: 0.8803
 -- Sample 12: 0.9138
 -- Sample 13: 0.9413
 -- Sample 14: 0.9065
 -- Sample 15: 0.9503
 -- Sample 16: 0.9778
 -- Sample 17: 0.9633
 -- Sample 18: 0.9748
 -- Sample 19: 0.9566
 -- Sample 20: 0.8695
 -- Sample 21: 0.8011
 -- Sample 22: 0.8626
 -- Sample 23: 0.7947
 -- Sample 24: 0.9305
 -- Sample 25: 0.8915
 -- Sample 26: 0.9435
 -- Sample 27: 0.9091
 -- Sample 28: 0.9396
 -- Sample 29: 0.9532
 -- Sample 30: 0.9009
 -- Sample 31: 0.9171
 -- Sample 32: 0.7871
 -- Sample 33: 0.8436
 -- Sample 34: 0.7825
 -- Sample 35: 0.8641
 -- Sample 36: 0.9475
 -- Sample 37: 0.9294
 -- Sample 38: 0.9447
 -- Sample 39: 0.9046
 -- Sample 40: 0.9155
 -- Sample 41: 0.9556
 -- Sample 42: 0.9305
 -- Sample 43: 0.9491
 -- Sample 44: 0.9193
 -- Sample 45: 0.9566
 -- Sample 46: 0.9301
 -- Sample 47: 0.9613
 -- Sample 48: 0.9578
 -- Sample 49: 0.8844
Mean=0.8950, Std=0.0673
------------------------------------------------------------------
Processing Batch 2 (Size: 50)...
input shape:  torch.Size([50, 1, 120, 120, 120])
output shape:  torch.Size([50, 1, 120, 120, 120])
target shape:  torch.Size([50, 1, 120, 120, 120])
torch.Size([50, 1, 120, 120, 120])
Bias Error: using Single Component
Mean: 76.3340, Std: 71.5848
------------------------------------------------------------------
Magnitude Error: 
 -- Sample 0: mean=45.2206%; std=21.5269
 -- Sample 1: mean=48.6938%; std=26.8093
 -- Sample 2: mean=116.7750%; std=117.4276
 -- Sample 3: mean=69.0552%; std=69.4020
 -- Sample 4: mean=118.7514%; std=111.3301
 -- Sample 5: mean=67.8960%; std=66.5267
 -- Sample 6: mean=47.6055%; std=41.6173
 -- Sample 7: mean=49.1728%; std=41.5361
 -- Sample 8: mean=43.3590%; std=36.8552
 -- Sample 9: mean=41.3353%; std=32.8065
 -- Sample 10: mean=40.0431%; std=26.6494
 -- Sample 11: mean=38.4423%; std=28.2239
 -- Sample 12: mean=40.4326%; std=28.8965
 -- Sample 13: mean=41.6189%; std=26.4609
 -- Sample 14: mean=45.0850%; std=27.2464
 -- Sample 15: mean=45.4559%; std=25.5776
 -- Sample 16: mean=42.1741%; std=26.6407
 -- Sample 17: mean=40.6874%; std=28.1512
 -- Sample 18: mean=39.8393%; std=30.2098
 -- Sample 19: mean=29.4013%; std=24.4566
 -- Sample 20: mean=34.6090%; std=23.5134
 -- Sample 21: mean=31.4626%; std=22.5165
 -- Sample 22: mean=56.9127%; std=34.3580
 -- Sample 23: mean=48.9676%; std=34.3934
 -- Sample 24: mean=68.4301%; std=49.5716
 -- Sample 25: mean=58.6390%; std=38.1883
 -- Sample 26: mean=33.3585%; std=17.4200
 -- Sample 27: mean=35.3212%; std=24.7165
 -- Sample 28: mean=37.3256%; std=17.4841
 -- Sample 29: mean=31.9880%; std=24.0077
 -- Sample 30: mean=44.3504%; std=35.2401
 -- Sample 31: mean=33.7679%; std=25.4564
 -- Sample 32: mean=36.8699%; std=36.2204
 -- Sample 33: mean=33.7317%; std=24.8393
 -- Sample 34: mean=52.8298%; std=32.6984
 -- Sample 35: mean=49.5428%; std=51.8590
 -- Sample 36: mean=50.3393%; std=38.7061
 -- Sample 37: mean=43.8247%; std=28.9714
 -- Sample 38: mean=44.8524%; std=29.8847
 -- Sample 39: mean=47.5562%; std=34.3648
 -- Sample 40: mean=36.9171%; std=28.4120
 -- Sample 41: mean=46.3120%; std=44.3197
 -- Sample 42: mean=32.5694%; std=25.6662
 -- Sample 43: mean=41.9635%; std=29.2187
 -- Sample 44: mean=34.2532%; std=27.2672
 -- Sample 45: mean=35.7250%; std=23.3580
 -- Sample 46: mean=41.3399%; std=24.2720
 -- Sample 47: mean=38.6228%; std=22.6829
 -- Sample 48: mean=40.8515%; std=23.8369
 -- Sample 49: mean=45.1237%; std=23.9502
Mean: 46.3880%, Std: 17.1062%
------------------------------------------------------------------
Correlation comparison:
 -- Sample 0: 0.9454
 -- Sample 1: 0.9120
 -- Sample 2: 0.7744
 -- Sample 3: 0.8380
 -- Sample 4: 0.7703
 -- Sample 5: 0.8410
 -- Sample 6: 0.9280
 -- Sample 7: 0.9181
 -- Sample 8: 0.9325
 -- Sample 9: 0.9461
 -- Sample 10: 0.9196
 -- Sample 11: 0.9308
 -- Sample 12: 0.9184
 -- Sample 13: 0.9045
 -- Sample 14: 0.9460
 -- Sample 15: 0.9280
 -- Sample 16: 0.9404
 -- Sample 17: 0.9217
 -- Sample 18: 0.9147
 -- Sample 19: 0.9518
 -- Sample 20: 0.9448
 -- Sample 21: 0.9491
 -- Sample 22: 0.7752
 -- Sample 23: 0.8484
 -- Sample 24: 0.7512
 -- Sample 25: 0.8267
 -- Sample 26: 0.9746
 -- Sample 27: 0.9431
 -- Sample 28: 0.9759
 -- Sample 29: 0.9490
 -- Sample 30: 0.9150
 -- Sample 31: 0.9344
 -- Sample 32: 0.9440
 -- Sample 33: 0.9438
 -- Sample 34: 0.9034
 -- Sample 35: 0.8336
 -- Sample 36: 0.8822
 -- Sample 37: 0.9195
 -- Sample 38: 0.9032
 -- Sample 39: 0.9002
 -- Sample 40: 0.9212
 -- Sample 41: 0.9160
 -- Sample 42: 0.9522
 -- Sample 43: 0.9215
 -- Sample 44: 0.9582
 -- Sample 45: 0.9488
 -- Sample 46: 0.9022
 -- Sample 47: 0.8955
 -- Sample 48: 0.8963
 -- Sample 49: 0.8875
Mean=0.9060, Std=0.0530
------------------------------------------------------------------
Processing Batch 3 (Size: 50)...
input shape:  torch.Size([50, 1, 120, 120, 120])
output shape:  torch.Size([50, 1, 120, 120, 120])
target shape:  torch.Size([50, 1, 120, 120, 120])
torch.Size([50, 1, 120, 120, 120])
Bias Error: using Single Component
Mean: 188.2432, Std: 358.0010
------------------------------------------------------------------
Magnitude Error: 
 -- Sample 0: mean=122.1908%; std=154.3889
 -- Sample 1: mean=134.1680%; std=167.4642
 -- Sample 2: mean=105.8835%; std=121.1704
 -- Sample 3: mean=141.0230%; std=164.9830
 -- Sample 4: mean=69.1018%; std=107.0804
 -- Sample 5: mean=108.1385%; std=129.3019
 -- Sample 6: mean=67.0252%; std=82.4263
 -- Sample 7: mean=119.1361%; std=137.8491
 -- Sample 8: mean=48.9701%; std=29.2328
 -- Sample 9: mean=42.9710%; std=24.4496
 -- Sample 10: mean=44.5897%; std=28.6617
 -- Sample 11: mean=40.8611%; std=25.7387
 -- Sample 12: mean=33.2024%; std=23.7123
 -- Sample 13: mean=33.6806%; std=22.3282
 -- Sample 14: mean=40.3136%; std=25.4045
 -- Sample 15: mean=34.0806%; std=20.4301
 -- Sample 16: mean=90.8597%; std=85.3113
 -- Sample 17: mean=88.3593%; std=65.8443
 -- Sample 18: mean=87.1537%; std=71.2857
 -- Sample 19: mean=110.1970%; std=87.4365
 -- Sample 20: mean=36.3617%; std=22.2514
 -- Sample 21: mean=33.2715%; std=16.4022
 -- Sample 22: mean=39.1209%; std=22.5969
 -- Sample 23: mean=36.5903%; std=19.5560
 -- Sample 24: mean=36.3898%; std=31.1052
 -- Sample 25: mean=41.8487%; std=30.6222
 -- Sample 26: mean=45.8283%; std=35.3799
 -- Sample 27: mean=45.0074%; std=28.9491
 -- Sample 28: mean=36.5007%; std=22.1162
 -- Sample 29: mean=37.7809%; std=22.6902
 -- Sample 30: mean=38.1167%; std=24.1019
 -- Sample 31: mean=41.8671%; std=24.7442
 -- Sample 32: mean=36.3214%; std=36.2405
 -- Sample 33: mean=43.4081%; std=38.9031
 -- Sample 34: mean=54.2211%; std=33.5803
 -- Sample 35: mean=35.5618%; std=34.8229
 -- Sample 36: mean=51.2019%; std=34.6416
 -- Sample 37: mean=41.4342%; std=31.7374
 -- Sample 38: mean=45.7851%; std=35.9990
 -- Sample 39: mean=49.3981%; std=38.8437
 -- Sample 40: mean=64.9256%; std=58.8469
 -- Sample 41: mean=48.7595%; std=40.1390
 -- Sample 42: mean=43.0881%; std=40.8741
 -- Sample 43: mean=61.0201%; std=54.1007
 -- Sample 44: mean=45.0355%; std=30.8608
 -- Sample 45: mean=42.0153%; std=30.5651
 -- Sample 46: mean=46.0130%; std=26.9070
 -- Sample 47: mean=44.5189%; std=32.2415
 -- Sample 48: mean=48.0592%; std=38.6007
 -- Sample 49: mean=56.8583%; std=41.3028
Mean: 57.7643%, Std: 28.7867%
------------------------------------------------------------------
Correlation comparison:
 -- Sample 0: 0.7026
 -- Sample 1: 0.7189
 -- Sample 2: 0.7295
 -- Sample 3: 0.7185
 -- Sample 4: 0.8902
 -- Sample 5: 0.7520
 -- Sample 6: 0.8672
 -- Sample 7: 0.6860
 -- Sample 8: 0.8975
 -- Sample 9: 0.9583
 -- Sample 10: 0.9167
 -- Sample 11: 0.9539
 -- Sample 12: 0.9422
 -- Sample 13: 0.9357
 -- Sample 14: 0.9389
 -- Sample 15: 0.9586
 -- Sample 16: 0.7863
 -- Sample 17: 0.7889
 -- Sample 18: 0.7664
 -- Sample 19: 0.7776
 -- Sample 20: 0.9435
 -- Sample 21: 0.9762
 -- Sample 22: 0.9446
 -- Sample 23: 0.9618
 -- Sample 24: 0.9566
 -- Sample 25: 0.9261
 -- Sample 26: 0.9346
 -- Sample 27: 0.9085
 -- Sample 28: 0.9377
 -- Sample 29: 0.9321
 -- Sample 30: 0.9279
 -- Sample 31: 0.9084
 -- Sample 32: 0.9044
 -- Sample 33: 0.9103
 -- Sample 34: 0.8675
 -- Sample 35: 0.9348
 -- Sample 36: 0.9192
 -- Sample 37: 0.9306
 -- Sample 38: 0.9277
 -- Sample 39: 0.9179
 -- Sample 40: 0.8409
 -- Sample 41: 0.9392
 -- Sample 42: 0.9171
 -- Sample 43: 0.9230
 -- Sample 44: 0.9333
 -- Sample 45: 0.9533
 -- Sample 46: 0.9418
 -- Sample 47: 0.9394
 -- Sample 48: 0.8416
 -- Sample 49: 0.8683
Mean=0.8871, Std=0.0789
------------------------------------------------------------------
Processing Batch 4 (Size: 50)...
input shape:  torch.Size([50, 1, 120, 120, 120])
output shape:  torch.Size([50, 1, 120, 120, 120])
target shape:  torch.Size([50, 1, 120, 120, 120])
torch.Size([50, 1, 120, 120, 120])
Bias Error: using Single Component
Mean: 1932.0220, Std: 8579.6632
------------------------------------------------------------------
Magnitude Error: 
 -- Sample 0: mean=52.8258%; std=42.4340
 -- Sample 1: mean=53.1808%; std=49.2611
 -- Sample 2: mean=37.4137%; std=24.6600
 -- Sample 3: mean=38.1983%; std=32.4427
 -- Sample 4: mean=45.7695%; std=38.7967
 -- Sample 5: mean=40.1318%; std=27.3134
 -- Sample 6: mean=32.8239%; std=19.3607
 -- Sample 7: mean=29.6154%; std=18.0990
 -- Sample 8: mean=31.7650%; std=22.5532
 -- Sample 9: mean=30.7278%; std=18.2503
 -- Sample 10: mean=37.9516%; std=25.7623
 -- Sample 11: mean=31.1229%; std=28.9458
 -- Sample 12: mean=36.7915%; std=28.9236
 -- Sample 13: mean=33.9519%; std=27.6670
 -- Sample 14: mean=46.2636%; std=51.7951
 -- Sample 15: mean=31.3028%; std=34.4699
 -- Sample 16: mean=46.6029%; std=43.9891
 -- Sample 17: mean=33.8009%; std=30.5288
 -- Sample 18: mean=81.4976%; std=87.7821
 -- Sample 19: mean=91.0381%; std=88.1623
 -- Sample 20: mean=101.6507%; std=132.2826
 -- Sample 21: mean=114.4622%; std=103.2908
 -- Sample 22: mean=59.9130%; std=20.3235
 -- Sample 23: mean=58.4654%; std=19.8345
 -- Sample 24: mean=59.1960%; std=21.3624
 -- Sample 25: mean=58.0166%; std=22.0972
 -- Sample 26: mean=47.8349%; std=20.8027
 -- Sample 27: mean=39.3026%; std=24.5657
 -- Sample 28: mean=46.5678%; std=21.6902
 -- Sample 29: mean=38.9776%; std=19.4931
 -- Sample 30: mean=37.7742%; std=22.6645
 -- Sample 31: mean=42.3390%; std=21.4897
 -- Sample 32: mean=39.4277%; std=24.4134
 -- Sample 33: mean=36.4461%; std=23.6112
 -- Sample 34: mean=85.1145%; std=73.9831
 -- Sample 35: mean=111.7872%; std=78.9193
 -- Sample 36: mean=98.4799%; std=86.7699
 -- Sample 37: mean=95.3029%; std=65.3330
 -- Sample 38: mean=146.5201%; std=164.6671
 -- Sample 39: mean=82.2545%; std=102.9441
 -- Sample 40: mean=166.1689%; std=189.8250
 -- Sample 41: mean=91.7192%; std=119.9521
 -- Sample 42: mean=57.8625%; std=29.2012
 -- Sample 43: mean=66.2560%; std=49.7904
 -- Sample 44: mean=60.5463%; std=33.2222
 -- Sample 45: mean=70.1170%; std=55.9108
 -- Sample 46: mean=60.2597%; std=73.3882
 -- Sample 47: mean=74.5036%; std=117.6600
 -- Sample 48: mean=48.1700%; std=58.3203
 -- Sample 49: mean=64.7273%; std=83.8213
Mean: 60.4588%, Std: 30.1114%
------------------------------------------------------------------
Correlation comparison:
 -- Sample 0: 0.8521
 -- Sample 1: 0.8676
 -- Sample 2: 0.9108
 -- Sample 3: 0.8994
 -- Sample 4: 0.8641
 -- Sample 5: 0.9096
 -- Sample 6: 0.9675
 -- Sample 7: 0.9741
 -- Sample 8: 0.9386
 -- Sample 9: 0.9661
 -- Sample 10: 0.9661
 -- Sample 11: 0.9578
 -- Sample 12: 0.9669
 -- Sample 13: 0.9557
 -- Sample 14: 0.8735
 -- Sample 15: 0.9609
 -- Sample 16: 0.8756
 -- Sample 17: 0.9614
 -- Sample 18: 0.7694
 -- Sample 19: 0.7336
 -- Sample 20: 0.7267
 -- Sample 21: 0.6779
 -- Sample 22: 0.9340
 -- Sample 23: 0.9354
 -- Sample 24: 0.9247
 -- Sample 25: 0.9437
 -- Sample 26: 0.9513
 -- Sample 27: 0.9389
 -- Sample 28: 0.9422
 -- Sample 29: 0.9404
 -- Sample 30: 0.9572
 -- Sample 31: 0.9565
 -- Sample 32: 0.9585
 -- Sample 33: 0.9528
 -- Sample 34: 0.8872
 -- Sample 35: 0.9109
 -- Sample 36: 0.8964
 -- Sample 37: 0.9200
 -- Sample 38: 0.7015
 -- Sample 39: 0.7522
 -- Sample 40: 0.7166
 -- Sample 41: 0.6473
 -- Sample 42: 0.8966
 -- Sample 43: 0.8185
 -- Sample 44: 0.8923
 -- Sample 45: 0.7513
 -- Sample 46: 0.8435
 -- Sample 47: 0.7198
 -- Sample 48: 0.8853
 -- Sample 49: 0.7481
Mean=0.8780, Std=0.0913
------------------------------------------------------------------
Processing Batch 5 (Size: 50)...
input shape:  torch.Size([50, 1, 120, 120, 120])
output shape:  torch.Size([50, 1, 120, 120, 120])
target shape:  torch.Size([50, 1, 120, 120, 120])
torch.Size([50, 1, 120, 120, 120])
Bias Error: using Single Component
Mean: 773.4589, Std: 3070.8206
------------------------------------------------------------------
Magnitude Error: 
 -- Sample 0: mean=47.7168%; std=26.8705
 -- Sample 1: mean=45.1554%; std=22.7531
 -- Sample 2: mean=47.8161%; std=28.5581
 -- Sample 3: mean=44.4689%; std=26.1037
 -- Sample 4: mean=55.2980%; std=51.3757
 -- Sample 5: mean=88.3840%; std=99.1693
 -- Sample 6: mean=69.7176%; std=73.6698
 -- Sample 7: mean=70.3513%; std=71.7443
 -- Sample 8: mean=106.9557%; std=92.2229
 -- Sample 9: mean=103.3195%; std=96.9152
 -- Sample 10: mean=102.2933%; std=82.8018
 -- Sample 11: mean=78.7362%; std=60.6508
 -- Sample 12: mean=35.4514%; std=24.9014
 -- Sample 13: mean=38.2882%; std=25.8753
 -- Sample 14: mean=47.9131%; std=29.7762
 -- Sample 15: mean=33.1385%; std=25.9427
 -- Sample 16: mean=37.5561%; std=20.4900
 -- Sample 17: mean=37.0262%; std=23.2027
 -- Sample 18: mean=33.9918%; std=20.9858
 -- Sample 19: mean=32.6392%; std=22.6489
 -- Sample 20: mean=29.3324%; std=16.4922
 -- Sample 21: mean=36.1709%; std=21.7076
 -- Sample 22: mean=28.4372%; std=18.5846
 -- Sample 23: mean=27.4377%; std=18.0272
 -- Sample 24: mean=30.4118%; std=23.4809
 -- Sample 25: mean=31.9623%; std=22.5486
 -- Sample 26: mean=26.8674%; std=22.0132
 -- Sample 27: mean=30.5501%; std=22.4762
 -- Sample 28: mean=29.6672%; std=22.6695
 -- Sample 29: mean=44.8001%; std=30.3866
 -- Sample 30: mean=35.6557%; std=28.3905
 -- Sample 31: mean=49.4270%; std=44.6396
 -- Sample 32: mean=29.7985%; std=23.7416
 -- Sample 33: mean=31.5812%; std=26.4878
 -- Sample 34: mean=28.9704%; std=27.5478
 -- Sample 35: mean=35.3144%; std=27.5073
 -- Sample 36: mean=75.3014%; std=73.5486
 -- Sample 37: mean=58.7708%; std=46.1191
 -- Sample 38: mean=68.4037%; std=72.6514
 -- Sample 39: mean=57.5208%; std=40.6248
 -- Sample 40: mean=53.1183%; std=30.5415
 -- Sample 41: mean=53.6550%; std=26.0534
 -- Sample 42: mean=50.3647%; std=28.5770
 -- Sample 43: mean=48.8804%; std=25.0238
 -- Sample 44: mean=37.2021%; std=22.0176
 -- Sample 45: mean=42.5367%; std=23.5955
 -- Sample 46: mean=36.9692%; std=23.4506
 -- Sample 47: mean=40.3375%; std=22.8383
 -- Sample 48: mean=48.4709%; std=24.9210
 -- Sample 49: mean=40.6464%; std=33.5311
Mean: 47.8956%, Std: 20.1438%
------------------------------------------------------------------
Correlation comparison:
 -- Sample 0: 0.9268
 -- Sample 1: 0.9564
 -- Sample 2: 0.9255
 -- Sample 3: 0.9580
 -- Sample 4: 0.8814
 -- Sample 5: 0.9155
 -- Sample 6: 0.8767
 -- Sample 7: 0.9248
 -- Sample 8: 0.7364
 -- Sample 9: 0.6750
 -- Sample 10: 0.7596
 -- Sample 11: 0.7356
 -- Sample 12: 0.9368
 -- Sample 13: 0.9234
 -- Sample 14: 0.8974
 -- Sample 15: 0.9364
 -- Sample 16: 0.9431
 -- Sample 17: 0.9397
 -- Sample 18: 0.9564
 -- Sample 19: 0.9492
 -- Sample 20: 0.9645
 -- Sample 21: 0.9485
 -- Sample 22: 0.9721
 -- Sample 23: 0.9589
 -- Sample 24: 0.9578
 -- Sample 25: 0.9573
 -- Sample 26: 0.9641
 -- Sample 27: 0.9518
 -- Sample 28: 0.9487
 -- Sample 29: 0.9097
 -- Sample 30: 0.9422
 -- Sample 31: 0.9056
 -- Sample 32: 0.9598
 -- Sample 33: 0.9629
 -- Sample 34: 0.9722
 -- Sample 35: 0.9546
 -- Sample 36: 0.7611
 -- Sample 37: 0.8673
 -- Sample 38: 0.7674
 -- Sample 39: 0.8649
 -- Sample 40: 0.9093
 -- Sample 41: 0.9245
 -- Sample 42: 0.9166
 -- Sample 43: 0.9255
 -- Sample 44: 0.9422
 -- Sample 45: 0.9193
 -- Sample 46: 0.9421
 -- Sample 47: 0.9440
 -- Sample 48: 0.8999
 -- Sample 49: 0.8817
Mean=0.9090, Std=0.0689
------------------------------------------------------------------
Processing Batch 6 (Size: 34)...
input shape:  torch.Size([34, 1, 120, 120, 120])
output shape:  torch.Size([34, 1, 120, 120, 120])
target shape:  torch.Size([34, 1, 120, 120, 120])
torch.Size([34, 1, 120, 120, 120])
Bias Error: using Single Component
Mean: 409.7453, Std: 1549.6094
------------------------------------------------------------------
Magnitude Error: 
 -- Sample 0: mean=40.2271%; std=20.6927
 -- Sample 1: mean=37.9943%; std=27.9039
 -- Sample 2: mean=116.0317%; std=118.8586
 -- Sample 3: mean=115.9003%; std=108.5130
 -- Sample 4: mean=136.2765%; std=138.7573
 -- Sample 5: mean=114.1629%; std=108.2975
 -- Sample 6: mean=135.8394%; std=149.6298
 -- Sample 7: mean=134.0224%; std=165.1632
 -- Sample 8: mean=117.5002%; std=137.6133
 -- Sample 9: mean=117.1837%; std=119.4768
 -- Sample 10: mean=50.2608%; std=28.1516
 -- Sample 11: mean=46.2831%; std=27.9654
 -- Sample 12: mean=38.8823%; std=29.1653
 -- Sample 13: mean=48.6123%; std=29.8995
 -- Sample 14: mean=36.5030%; std=25.6417
 -- Sample 15: mean=39.9016%; std=31.3759
 -- Sample 16: mean=37.6095%; std=25.0411
 -- Sample 17: mean=43.6842%; std=29.3740
 -- Sample 18: mean=74.5278%; std=56.4867
 -- Sample 19: mean=74.9773%; std=55.0047
 -- Sample 20: mean=64.6909%; std=46.7897
 -- Sample 21: mean=66.4488%; std=47.2914
 -- Sample 22: mean=67.3298%; std=81.9987
 -- Sample 23: mean=45.5660%; std=42.9909
 -- Sample 24: mean=63.8254%; std=74.9747
 -- Sample 25: mean=44.6589%; std=39.7285
 -- Sample 26: mean=53.5044%; std=28.4608
 -- Sample 27: mean=56.0761%; std=31.2887
 -- Sample 28: mean=58.0002%; std=28.3080
 -- Sample 29: mean=62.3189%; std=29.1487
 -- Sample 30: mean=49.0070%; std=28.8721
 -- Sample 31: mean=50.2620%; std=29.9863
 -- Sample 32: mean=52.6239%; std=33.0131
 -- Sample 33: mean=45.4997%; std=28.8883
Mean: 68.7115%, Std: 32.2028%
------------------------------------------------------------------
Correlation comparison:
 -- Sample 0: 0.9363
 -- Sample 1: 0.9059
 -- Sample 2: 0.7222
 -- Sample 3: 0.6956
 -- Sample 4: 0.6990
 -- Sample 5: 0.6774
 -- Sample 6: 0.7654
 -- Sample 7: 0.6555
 -- Sample 8: 0.7544
 -- Sample 9: 0.6936
 -- Sample 10: 0.9067
 -- Sample 11: 0.9221
 -- Sample 12: 0.9395
 -- Sample 13: 0.8987
 -- Sample 14: 0.9488
 -- Sample 15: 0.9161
 -- Sample 16: 0.9526
 -- Sample 17: 0.8971
 -- Sample 18: 0.7357
 -- Sample 19: 0.7854
 -- Sample 20: 0.7833
 -- Sample 21: 0.8329
 -- Sample 22: 0.8717
 -- Sample 23: 0.9250
 -- Sample 24: 0.8839
 -- Sample 25: 0.9264
 -- Sample 26: 0.9340
 -- Sample 27: 0.8900
 -- Sample 28: 0.9495
 -- Sample 29: 0.8545
 -- Sample 30: 0.8436
 -- Sample 31: 0.8678
 -- Sample 32: 0.8351
 -- Sample 33: 0.8522
Mean=0.8429, Std=0.0908
------------------------------------------------------------------

-----------------------------------------------------



Mean Bias Error      [%]
                    Ko et. al (Etapa 3)      Mediana
Spherical Pores              194.295075   194.295075
Spherical Grains             142.601849   142.601849
Cylindrical Pores            107.269122   107.269122
Cylindrical Grains           252.956021   252.956021
Bentheimer                   198.052769   198.052769
Berea Buff                   492.125822   492.125822
Leopard                     1494.838762  1494.838762
Castle Gate                  637.288146   637.288146
Berea Upper Gray             266.064552   266.064552
Berea Sinter Gray            456.049658   456.049658
Berea                       1085.215312  1085.215312
Mediana                      266.064552   266.064552


Mean Magnitude Error [%]
                    Ko et. al (Etapa 3)     Mediana
Spherical Pores               28.102240   28.102240
Spherical Grains              69.936449   69.936449
Cylindrical Pores             49.082098   49.082098
Cylindrical Grains            38.692385   38.692385
Bentheimer                    54.865678   54.865678
Berea Buff                    58.684723   58.684723
Leopard                      512.307743  512.307743
Castle Gate                   73.636487   73.636487
Berea Upper Gray              70.713467   70.713467
Berea Sinter Gray            107.660375  107.660375
Berea                         55.454314   55.454314
Mediana                       58.684723   58.684723


Mean Correlation        
                    Ko et. al (Etapa 3)   Mediana
Spherical Pores                0.955385  0.955385
Spherical Grains               0.911777  0.911777
Cylindrical Pores              0.894044  0.894044
Cylindrical Grains             0.941211  0.941211
Bentheimer                     0.902168  0.902168
Berea Buff                     0.885048  0.885048
Leopard                        0.784972  0.784972
Castle Gate                    0.886678  0.886678
Berea Upper Gray               0.824411  0.824411
Berea Sinter Gray              0.843939  0.843939
Berea                          0.888768  0.888768
Mediana                        0.888768  0.888768

Saving dataframe in:  ../NN_Results/X_Mean_Bias_Error______[%].tex
Saving dataframe in:  ../NN_Results/X_Mean_Magnitude_Error_[%].tex
Saving dataframe in:  ../NN_Results/X_Mean_Correlation________.tex
