Initializing models...
Models initialized successfully. Starting evaluation...

Processing Dataset: Spherical Pores
  Processing Batch 1 (Size: 25)...
Bias Error: using Single Component
Mean: 0.6305, Std: 0.5262
------------------------------------------------------------------
Magnitude Error: 
 -- Sample 0: mean=1.3735%; std=1.0761
 -- Sample 1: mean=1.5322%; std=1.1654
 -- Sample 2: mean=1.6204%; std=1.1597
 -- Sample 3: mean=1.5898%; std=1.1548
 -- Sample 4: mean=1.3541%; std=1.1649
 -- Sample 5: mean=1.2503%; std=1.1187
 -- Sample 6: mean=1.2321%; std=1.1277
 -- Sample 7: mean=1.2473%; std=1.1164
 -- Sample 8: mean=1.6358%; std=1.4816
 -- Sample 9: mean=1.3939%; std=1.4084
 -- Sample 10: mean=1.2856%; std=1.3806
 -- Sample 11: mean=1.5938%; std=1.5451
 -- Sample 12: mean=1.1709%; std=1.0868
 -- Sample 13: mean=1.1435%; std=1.0602
 -- Sample 14: mean=1.0163%; std=0.9970
 -- Sample 15: mean=1.0764%; std=1.0061
 -- Sample 16: mean=1.8732%; std=1.8169
 -- Sample 17: mean=1.5857%; std=1.5997
 -- Sample 18: mean=1.6304%; std=1.5788
 -- Sample 19: mean=1.5098%; std=1.7089
 -- Sample 20: mean=1.2285%; std=1.5643
 -- Sample 21: mean=1.2590%; std=1.6562
 -- Sample 22: mean=1.2103%; std=1.3875
 -- Sample 23: mean=1.2435%; std=1.6794
 -- Sample 24: mean=2.4122%; std=3.0673
Mean: 1.4187%, Std: 0.2901%
------------------------------------------------------------------
Correlation comparison:
 -- Sample 0: 0.9512
 -- Sample 1: 0.9487
 -- Sample 2: 0.9559
 -- Sample 3: 0.9513
 -- Sample 4: 0.9634
 -- Sample 5: 0.9684
 -- Sample 6: 0.9660
 -- Sample 7: 0.9666
 -- Sample 8: 0.9160
 -- Sample 9: 0.9231
 -- Sample 10: 0.9194
 -- Sample 11: 0.9201
 -- Sample 12: 0.9501
 -- Sample 13: 0.9598
 -- Sample 14: 0.9542
 -- Sample 15: 0.9518
 -- Sample 16: 0.9333
 -- Sample 17: 0.9465
 -- Sample 18: 0.9438
 -- Sample 19: 0.9341
 -- Sample 20: 0.9662
 -- Sample 21: 0.9610
 -- Sample 22: 0.9661
 -- Sample 23: 0.9638
 -- Sample 24: 0.9261
Mean=0.9483, Std=0.0165
------------------------------------------------------------------
  Processing Batch 2 (Size: 25)...
Bias Error: using Single Component
Mean: 0.6575, Std: 0.5501
------------------------------------------------------------------
Magnitude Error: 
 -- Sample 0: mean=2.0095%; std=2.3383
 -- Sample 1: mean=2.0469%; std=2.4630
 -- Sample 2: mean=2.0266%; std=2.5567
 -- Sample 3: mean=1.0752%; std=1.3183
 -- Sample 4: mean=1.0978%; std=1.1157
 -- Sample 5: mean=1.0075%; std=1.1415
 -- Sample 6: mean=1.1072%; std=1.2600
 -- Sample 7: mean=0.9673%; std=0.9330
 -- Sample 8: mean=0.9639%; std=0.9323
 -- Sample 9: mean=0.9896%; std=0.9332
 -- Sample 10: mean=1.0264%; std=0.9586
 -- Sample 11: mean=0.9867%; std=0.9817
 -- Sample 12: mean=0.9583%; std=0.9653
 -- Sample 13: mean=1.0427%; std=0.9915
 -- Sample 14: mean=1.0011%; std=0.9890
 -- Sample 15: mean=0.7175%; std=0.8385
 -- Sample 16: mean=0.7109%; std=0.8435
 -- Sample 17: mean=0.7005%; std=0.8358
 -- Sample 18: mean=0.8316%; std=0.8832
 -- Sample 19: mean=0.8744%; std=0.8795
 -- Sample 20: mean=0.8689%; std=0.8745
 -- Sample 21: mean=0.9766%; std=0.8914
 -- Sample 22: mean=0.8221%; std=0.8778
 -- Sample 23: mean=0.9315%; std=0.9388
 -- Sample 24: mean=1.0782%; std=0.9269
Mean: 1.0728%, Std: 0.3703%
------------------------------------------------------------------
Correlation comparison:
 -- Sample 0: 0.9523
 -- Sample 1: 0.9510
 -- Sample 2: 0.9435
 -- Sample 3: 0.9441
 -- Sample 4: 0.9413
 -- Sample 5: 0.9449
 -- Sample 6: 0.9507
 -- Sample 7: 0.9782
 -- Sample 8: 0.9790
 -- Sample 9: 0.9781
 -- Sample 10: 0.9765
 -- Sample 11: 0.9771
 -- Sample 12: 0.9778
 -- Sample 13: 0.9772
 -- Sample 14: 0.9777
 -- Sample 15: 0.9828
 -- Sample 16: 0.9832
 -- Sample 17: 0.9822
 -- Sample 18: 0.9802
 -- Sample 19: 0.9730
 -- Sample 20: 0.9744
 -- Sample 21: 0.9715
 -- Sample 22: 0.9700
 -- Sample 23: 0.9751
 -- Sample 24: 0.9737
Mean=0.9686, Std=0.0141
------------------------------------------------------------------
  Processing Batch 3 (Size: 25)...
Bias Error: using Single Component
Mean: 0.5427, Std: 0.4270
------------------------------------------------------------------
Magnitude Error: 
 -- Sample 0: mean=0.9766%; std=0.8757
 -- Sample 1: mean=1.0478%; std=0.9513
 -- Sample 2: mean=0.7805%; std=0.8733
 -- Sample 3: mean=0.7841%; std=0.8552
 -- Sample 4: mean=0.9001%; std=0.9116
 -- Sample 5: mean=0.8350%; std=0.9100
 -- Sample 6: mean=1.5678%; std=1.2934
 -- Sample 7: mean=1.5024%; std=1.1757
 -- Sample 8: mean=1.4417%; std=1.0893
 -- Sample 9: mean=1.2948%; std=1.0345
 -- Sample 10: mean=1.0231%; std=0.9886
 -- Sample 11: mean=1.0681%; std=1.1240
 -- Sample 12: mean=0.9746%; std=1.1455
 -- Sample 13: mean=0.9877%; std=1.0016
 -- Sample 14: mean=0.8442%; std=1.1085
 -- Sample 15: mean=0.9150%; std=1.1381
 -- Sample 16: mean=0.8852%; std=1.1321
 -- Sample 17: mean=0.8545%; std=1.1201
 -- Sample 18: mean=0.8270%; std=1.0706
 -- Sample 19: mean=0.9307%; std=1.0765
 -- Sample 20: mean=0.8925%; std=1.0878
 -- Sample 21: mean=0.8446%; std=1.0790
 -- Sample 22: mean=0.6593%; std=0.7788
 -- Sample 23: mean=0.6881%; std=0.7891
 -- Sample 24: mean=0.6883%; std=0.7831
Mean: 0.9686%, Std: 0.2383%
------------------------------------------------------------------
Correlation comparison:
 -- Sample 0: 0.9792
 -- Sample 1: 0.9758
 -- Sample 2: 0.9840
 -- Sample 3: 0.9825
 -- Sample 4: 0.9811
 -- Sample 5: 0.9827
 -- Sample 6: 0.9647
 -- Sample 7: 0.9635
 -- Sample 8: 0.9736
 -- Sample 9: 0.9735
 -- Sample 10: 0.9824
 -- Sample 11: 0.9818
 -- Sample 12: 0.9810
 -- Sample 13: 0.9833
 -- Sample 14: 0.9744
 -- Sample 15: 0.9737
 -- Sample 16: 0.9743
 -- Sample 17: 0.9747
 -- Sample 18: 0.9747
 -- Sample 19: 0.9737
 -- Sample 20: 0.9732
 -- Sample 21: 0.9737
 -- Sample 22: 0.9831
 -- Sample 23: 0.9831
 -- Sample 24: 0.9824
Mean=0.9772, Std=0.0056
------------------------------------------------------------------
  Processing Batch 4 (Size: 25)...
Bias Error: using Single Component
Mean: 0.4895, Std: 0.3088
------------------------------------------------------------------
Magnitude Error: 
 -- Sample 0: mean=0.7245%; std=0.7926
 -- Sample 1: mean=0.7589%; std=0.8524
 -- Sample 2: mean=0.7304%; std=0.8439
 -- Sample 3: mean=0.7317%; std=0.8522
 -- Sample 4: mean=0.6977%; std=0.8535
 -- Sample 5: mean=0.8780%; std=0.8212
 -- Sample 6: mean=0.8004%; std=0.7695
 -- Sample 7: mean=0.8349%; std=0.7843
 -- Sample 8: mean=0.7703%; std=0.7938
 -- Sample 9: mean=1.1556%; std=0.8985
 -- Sample 10: mean=1.1473%; std=0.8789
 -- Sample 11: mean=1.2035%; std=0.9117
 -- Sample 12: mean=1.1012%; std=0.8833
 -- Sample 13: mean=0.6812%; std=0.8421
 -- Sample 14: mean=0.7438%; std=0.8894
 -- Sample 15: mean=0.7738%; std=0.9060
 -- Sample 16: mean=0.7922%; std=0.9103
 -- Sample 17: mean=0.8736%; std=0.9658
 -- Sample 18: mean=0.8539%; std=0.8861
 -- Sample 19: mean=0.7944%; std=0.8694
 -- Sample 20: mean=0.9241%; std=0.9402
 -- Sample 21: mean=0.7582%; std=1.0248
 -- Sample 22: mean=0.7761%; std=1.0183
 -- Sample 23: mean=0.7580%; std=1.0150
 -- Sample 24: mean=0.7363%; std=1.0230
Mean: 0.8400%, Std: 0.1478%
------------------------------------------------------------------
Correlation comparison:
 -- Sample 0: 0.9818
 -- Sample 1: 0.9842
 -- Sample 2: 0.9846
 -- Sample 3: 0.9837
 -- Sample 4: 0.9842
 -- Sample 5: 0.9827
 -- Sample 6: 0.9843
 -- Sample 7: 0.9844
 -- Sample 8: 0.9848
 -- Sample 9: 0.9826
 -- Sample 10: 0.9816
 -- Sample 11: 0.9817
 -- Sample 12: 0.9824
 -- Sample 13: 0.9846
 -- Sample 14: 0.9824
 -- Sample 15: 0.9818
 -- Sample 16: 0.9808
 -- Sample 17: 0.9843
 -- Sample 18: 0.9844
 -- Sample 19: 0.9849
 -- Sample 20: 0.9828
 -- Sample 21: 0.9808
 -- Sample 22: 0.9811
 -- Sample 23: 0.9811
 -- Sample 24: 0.9812
Mean=0.9829, Std=0.0014
------------------------------------------------------------------
  Processing Batch 5 (Size: 25)...
Bias Error: using Single Component
Mean: 0.3587, Std: 0.2122
------------------------------------------------------------------
Magnitude Error: 
 -- Sample 0: mean=0.7263%; std=0.9868
 -- Sample 1: mean=0.7839%; std=1.0096
 -- Sample 2: mean=0.7562%; std=1.0007
 -- Sample 3: mean=0.7414%; std=1.0016
 -- Sample 4: mean=0.8789%; std=0.8089
 -- Sample 5: mean=0.8377%; std=0.8126
 -- Sample 6: mean=0.8115%; std=0.7966
 -- Sample 7: mean=0.8149%; std=0.7956
 -- Sample 8: mean=0.6585%; std=0.7690
 -- Sample 9: mean=0.6120%; std=0.7465
 -- Sample 10: mean=0.6388%; std=0.7590
 -- Sample 11: mean=0.6310%; std=0.7647
 -- Sample 12: mean=0.7002%; std=0.7915
 -- Sample 13: mean=0.6398%; std=0.7628
 -- Sample 14: mean=0.6786%; std=0.7951
 -- Sample 15: mean=0.6959%; std=0.7881
 -- Sample 16: mean=0.7382%; std=0.7000
 -- Sample 17: mean=0.7157%; std=0.6960
 -- Sample 18: mean=0.7187%; std=0.6925
 -- Sample 19: mean=0.7401%; std=0.6814
 -- Sample 20: mean=0.6798%; std=0.8475
 -- Sample 21: mean=0.6378%; std=0.7940
 -- Sample 22: mean=0.6347%; std=0.7847
 -- Sample 23: mean=0.7078%; std=0.7805
 -- Sample 24: mean=0.6316%; std=0.7002
Mean: 0.7124%, Std: 0.0705%
------------------------------------------------------------------
Correlation comparison:
 -- Sample 0: 0.9779
 -- Sample 1: 0.9775
 -- Sample 2: 0.9777
 -- Sample 3: 0.9777
 -- Sample 4: 0.9829
 -- Sample 5: 0.9827
 -- Sample 6: 0.9833
 -- Sample 7: 0.9836
 -- Sample 8: 0.9879
 -- Sample 9: 0.9881
 -- Sample 10: 0.9874
 -- Sample 11: 0.9874
 -- Sample 12: 0.9886
 -- Sample 13: 0.9896
 -- Sample 14: 0.9893
 -- Sample 15: 0.9891
 -- Sample 16: 0.9845
 -- Sample 17: 0.9846
 -- Sample 18: 0.9851
 -- Sample 19: 0.9854
 -- Sample 20: 0.9863
 -- Sample 21: 0.9874
 -- Sample 22: 0.9878
 -- Sample 23: 0.9865
 -- Sample 24: 0.9877
Mean=0.9850, Std=0.0037
------------------------------------------------------------------
  Processing Batch 6 (Size: 3)...
Bias Error: using Single Component
Mean: 0.5730, Std: 0.0506
------------------------------------------------------------------
Magnitude Error: 
 -- Sample 0: mean=0.5936%; std=0.6924
 -- Sample 1: mean=0.6345%; std=0.6940
 -- Sample 2: mean=0.6602%; std=0.7486
Mean: 0.6294%, Std: 0.0274%
------------------------------------------------------------------
Correlation comparison:
 -- Sample 0: 0.9877
 -- Sample 1: 0.9867
 -- Sample 2: 0.9862
Mean=0.9868, Std=0.0006
------------------------------------------------------------------

Processing Dataset: Spherical Grains
  Processing Batch 1 (Size: 25)...
Bias Error: using Single Component
Mean: 0.5017, Std: 0.5260
------------------------------------------------------------------
Magnitude Error: 
 -- Sample 0: mean=0.8624%; std=1.0724
 -- Sample 1: mean=0.8534%; std=1.0441
 -- Sample 2: mean=0.8839%; std=1.0686
 -- Sample 3: mean=1.0722%; std=1.2094
 -- Sample 4: mean=0.9446%; std=1.2019
 -- Sample 5: mean=0.9415%; std=1.2343
 -- Sample 6: mean=1.1115%; std=1.3586
 -- Sample 7: mean=1.1571%; std=1.3651
 -- Sample 8: mean=0.5816%; std=1.0175
 -- Sample 9: mean=0.6046%; std=1.0266
 -- Sample 10: mean=0.6116%; std=1.0274
 -- Sample 11: mean=0.5998%; std=1.0263
 -- Sample 12: mean=1.6788%; std=1.7521
 -- Sample 13: mean=1.4378%; std=1.5706
 -- Sample 14: mean=1.5466%; std=1.5181
 -- Sample 15: mean=1.5249%; std=1.5779
 -- Sample 16: mean=2.0127%; std=1.7300
 -- Sample 17: mean=2.2290%; std=1.8255
 -- Sample 18: mean=1.5879%; std=1.4599
 -- Sample 19: mean=1.9344%; std=1.6524
 -- Sample 20: mean=0.8757%; std=0.9015
 -- Sample 21: mean=0.9318%; std=0.8799
 -- Sample 22: mean=0.8316%; std=0.8618
 -- Sample 23: mean=0.8605%; std=0.8540
 -- Sample 24: mean=2.1357%; std=1.5285
Mean: 1.1925%, Std: 0.4963%
------------------------------------------------------------------
Correlation comparison:
 -- Sample 0: 0.9720
 -- Sample 1: 0.9773
 -- Sample 2: 0.9707
 -- Sample 3: 0.9697
 -- Sample 4: 0.9779
 -- Sample 5: 0.9763
 -- Sample 6: 0.9726
 -- Sample 7: 0.9736
 -- Sample 8: 0.9659
 -- Sample 9: 0.9702
 -- Sample 10: 0.9613
 -- Sample 11: 0.9684
 -- Sample 12: 0.9795
 -- Sample 13: 0.9825
 -- Sample 14: 0.9814
 -- Sample 15: 0.9805
 -- Sample 16: 0.9366
 -- Sample 17: 0.9448
 -- Sample 18: 0.9549
 -- Sample 19: 0.9475
 -- Sample 20: 0.9834
 -- Sample 21: 0.9838
 -- Sample 22: 0.9850
 -- Sample 23: 0.9855
 -- Sample 24: 0.8662
Mean=0.9667, Std=0.0242
------------------------------------------------------------------
  Processing Batch 2 (Size: 25)...
Bias Error: using Single Component
Mean: 0.5490, Std: 0.5725
------------------------------------------------------------------
Magnitude Error: 
 -- Sample 0: mean=1.9287%; std=1.4608
 -- Sample 1: mean=1.8221%; std=1.4133
 -- Sample 2: mean=1.9555%; std=1.5244
 -- Sample 3: mean=0.8025%; std=1.1004
 -- Sample 4: mean=0.9727%; std=1.2457
 -- Sample 5: mean=0.9592%; std=1.2067
 -- Sample 6: mean=0.7703%; std=1.0954
 -- Sample 7: mean=1.6992%; std=2.2544
 -- Sample 8: mean=1.9592%; std=2.3393
 -- Sample 9: mean=1.6272%; std=2.1108
 -- Sample 10: mean=1.5442%; std=1.8337
 -- Sample 11: mean=0.8638%; std=1.2807
 -- Sample 12: mean=0.8233%; std=1.2392
 -- Sample 13: mean=0.7822%; std=1.2561
 -- Sample 14: mean=0.7531%; std=1.2440
 -- Sample 15: mean=0.9591%; std=1.1114
 -- Sample 16: mean=0.8381%; std=1.0982
 -- Sample 17: mean=0.8745%; std=1.0726
 -- Sample 18: mean=0.7878%; std=1.0929
 -- Sample 19: mean=1.4875%; std=1.3841
 -- Sample 20: mean=1.3730%; std=1.2242
 -- Sample 21: mean=1.1892%; std=1.1352
 -- Sample 22: mean=1.3970%; std=1.3141
 -- Sample 23: mean=0.7657%; std=1.0800
 -- Sample 24: mean=1.0540%; std=1.3850
Mean: 1.1996%, Std: 0.4254%
------------------------------------------------------------------
Correlation comparison:
 -- Sample 0: 0.8751
 -- Sample 1: 0.8894
 -- Sample 2: 0.8710
 -- Sample 3: 0.9862
 -- Sample 4: 0.9844
 -- Sample 5: 0.9858
 -- Sample 6: 0.9868
 -- Sample 7: 0.9618
 -- Sample 8: 0.9601
 -- Sample 9: 0.9669
 -- Sample 10: 0.9724
 -- Sample 11: 0.9868
 -- Sample 12: 0.9869
 -- Sample 13: 0.9868
 -- Sample 14: 0.9872
 -- Sample 15: 0.9868
 -- Sample 16: 0.9872
 -- Sample 17: 0.9874
 -- Sample 18: 0.9875
 -- Sample 19: 0.9624
 -- Sample 20: 0.9690
 -- Sample 21: 0.9722
 -- Sample 22: 0.9636
 -- Sample 23: 0.9861
 -- Sample 24: 0.9798
Mean=0.9668, Std=0.0341
------------------------------------------------------------------
  Processing Batch 3 (Size: 25)...
Bias Error: using Single Component
Mean: 0.2491, Std: 0.1920
------------------------------------------------------------------
Magnitude Error: 
 -- Sample 0: mean=0.8340%; std=1.1381
 -- Sample 1: mean=0.8523%; std=1.1714
 -- Sample 2: mean=0.8030%; std=1.0131
 -- Sample 3: mean=0.9775%; std=1.1410
 -- Sample 4: mean=0.8814%; std=1.0757
 -- Sample 5: mean=0.9059%; std=1.1287
 -- Sample 6: mean=1.0945%; std=1.0344
 -- Sample 7: mean=0.9286%; std=0.9802
 -- Sample 8: mean=0.9325%; std=0.9513
 -- Sample 9: mean=1.1916%; std=1.0782
 -- Sample 10: mean=2.1534%; std=2.9881
 -- Sample 11: mean=2.2923%; std=2.5517
 -- Sample 12: mean=2.3706%; std=2.6665
 -- Sample 13: mean=2.5024%; std=3.2867
 -- Sample 14: mean=0.9228%; std=1.1160
 -- Sample 15: mean=0.9265%; std=1.2444
 -- Sample 16: mean=1.0006%; std=1.2518
 -- Sample 17: mean=0.9274%; std=1.1401
 -- Sample 18: mean=0.9805%; std=1.0562
 -- Sample 19: mean=0.7601%; std=0.9986
 -- Sample 20: mean=0.9239%; std=1.0508
 -- Sample 21: mean=0.8646%; std=1.0627
 -- Sample 22: mean=1.0351%; std=1.0995
 -- Sample 23: mean=1.0165%; std=1.0964
 -- Sample 24: mean=0.9835%; std=1.0899
Mean: 1.1625%, Std: 0.5194%
------------------------------------------------------------------
Correlation comparison:
 -- Sample 0: 0.9812
 -- Sample 1: 0.9833
 -- Sample 2: 0.9861
 -- Sample 3: 0.9828
 -- Sample 4: 0.9829
 -- Sample 5: 0.9820
 -- Sample 6: 0.9800
 -- Sample 7: 0.9815
 -- Sample 8: 0.9816
 -- Sample 9: 0.9771
 -- Sample 10: 0.9382
 -- Sample 11: 0.9476
 -- Sample 12: 0.9401
 -- Sample 13: 0.9242
 -- Sample 14: 0.9811
 -- Sample 15: 0.9814
 -- Sample 16: 0.9784
 -- Sample 17: 0.9821
 -- Sample 18: 0.9832
 -- Sample 19: 0.9859
 -- Sample 20: 0.9831
 -- Sample 21: 0.9842
 -- Sample 22: 0.9713
 -- Sample 23: 0.9741
 -- Sample 24: 0.9737
Mean=0.9739, Std=0.0166
------------------------------------------------------------------
  Processing Batch 4 (Size: 25)...
Bias Error: using Single Component
Mean: 0.3483, Std: 0.2384
------------------------------------------------------------------
Magnitude Error: 
 -- Sample 0: mean=0.9055%; std=1.0412
 -- Sample 1: mean=1.0530%; std=1.0100
 -- Sample 2: mean=0.8641%; std=0.9747
 -- Sample 3: mean=0.8281%; std=0.9373
 -- Sample 4: mean=0.9776%; std=0.9804
 -- Sample 5: mean=0.8331%; std=1.1461
 -- Sample 6: mean=0.8617%; std=1.1505
 -- Sample 7: mean=0.8563%; std=1.1801
 -- Sample 8: mean=0.9820%; std=1.1812
 -- Sample 9: mean=0.6916%; std=1.0439
 -- Sample 10: mean=0.6448%; std=1.0377
 -- Sample 11: mean=0.6223%; std=1.0342
 -- Sample 12: mean=0.6886%; std=1.0416
 -- Sample 13: mean=0.7536%; std=0.9046
 -- Sample 14: mean=0.6706%; std=0.9351
 -- Sample 15: mean=0.6830%; std=0.9310
 -- Sample 16: mean=0.8313%; std=0.9616
 -- Sample 17: mean=1.0148%; std=1.0337
 -- Sample 18: mean=0.7921%; std=0.8825
 -- Sample 19: mean=0.7908%; std=0.8914
 -- Sample 20: mean=0.6669%; std=0.8608
 -- Sample 21: mean=0.8947%; std=0.9962
 -- Sample 22: mean=0.8512%; std=0.9696
 -- Sample 23: mean=0.9533%; std=0.9989
 -- Sample 24: mean=0.9864%; std=0.9953
Mean: 0.8279%, Std: 0.1234%
------------------------------------------------------------------
Correlation comparison:
 -- Sample 0: 0.9743
 -- Sample 1: 0.9744
 -- Sample 2: 0.9682
 -- Sample 3: 0.9718
 -- Sample 4: 0.9743
 -- Sample 5: 0.9842
 -- Sample 6: 0.9829
 -- Sample 7: 0.9830
 -- Sample 8: 0.9819
 -- Sample 9: 0.9911
 -- Sample 10: 0.9913
 -- Sample 11: 0.9917
 -- Sample 12: 0.9912
 -- Sample 13: 0.9883
 -- Sample 14: 0.9884
 -- Sample 15: 0.9876
 -- Sample 16: 0.9875
 -- Sample 17: 0.9883
 -- Sample 18: 0.9906
 -- Sample 19: 0.9902
 -- Sample 20: 0.9907
 -- Sample 21: 0.9876
 -- Sample 22: 0.9889
 -- Sample 23: 0.9886
 -- Sample 24: 0.9869
Mean=0.9849, Std=0.0068
------------------------------------------------------------------
  Processing Batch 5 (Size: 25)...
Bias Error: using Single Component
Mean: 0.3479, Std: 0.2336
------------------------------------------------------------------
Magnitude Error: 
 -- Sample 0: mean=0.7296%; std=0.9353
 -- Sample 1: mean=0.6819%; std=0.9474
 -- Sample 2: mean=0.7662%; std=0.9625
 -- Sample 3: mean=0.7816%; std=0.9871
 -- Sample 4: mean=0.7658%; std=0.9463
 -- Sample 5: mean=0.7254%; std=0.9019
 -- Sample 6: mean=0.8030%; std=0.8911
 -- Sample 7: mean=0.7346%; std=0.9660
 -- Sample 8: mean=0.9570%; std=1.0354
 -- Sample 9: mean=0.7597%; std=0.8620
 -- Sample 10: mean=0.8504%; std=0.9341
 -- Sample 11: mean=0.9629%; std=1.0607
 -- Sample 12: mean=1.0656%; std=1.0074
 -- Sample 13: mean=0.8509%; std=0.9199
 -- Sample 14: mean=0.8518%; std=0.9582
 -- Sample 15: mean=1.0090%; std=0.9691
 -- Sample 16: mean=0.8463%; std=0.9837
 -- Sample 17: mean=0.7278%; std=0.8635
 -- Sample 18: mean=0.8137%; std=0.9291
 -- Sample 19: mean=0.8665%; std=0.9834
 -- Sample 20: mean=0.8187%; std=0.9325
 -- Sample 21: mean=1.1137%; std=1.0977
 -- Sample 22: mean=0.8531%; std=0.9762
 -- Sample 23: mean=0.7128%; std=0.8883
 -- Sample 24: mean=0.6979%; std=0.8725
Mean: 0.8298%, Std: 0.1124%
------------------------------------------------------------------
Correlation comparison:
 -- Sample 0: 0.9880
 -- Sample 1: 0.9883
 -- Sample 2: 0.9879
 -- Sample 3: 0.9871
 -- Sample 4: 0.9846
 -- Sample 5: 0.9853
 -- Sample 6: 0.9852
 -- Sample 7: 0.9863
 -- Sample 8: 0.9837
 -- Sample 9: 0.9859
 -- Sample 10: 0.9850
 -- Sample 11: 0.9822
 -- Sample 12: 0.9827
 -- Sample 13: 0.9831
 -- Sample 14: 0.9819
 -- Sample 15: 0.9836
 -- Sample 16: 0.9843
 -- Sample 17: 0.9864
 -- Sample 18: 0.9863
 -- Sample 19: 0.9849
 -- Sample 20: 0.9868
 -- Sample 21: 0.9824
 -- Sample 22: 0.9850
 -- Sample 23: 0.9871
 -- Sample 24: 0.9834
Mean=0.9851, Std=0.0019
------------------------------------------------------------------
  Processing Batch 6 (Size: 3)...
Bias Error: using Single Component
Mean: 0.2235, Std: 0.0607
------------------------------------------------------------------
Magnitude Error: 
 -- Sample 0: mean=0.6103%; std=0.8371
 -- Sample 1: mean=0.6269%; std=0.8694
 -- Sample 2: mean=0.5727%; std=0.8430
Mean: 0.6033%, Std: 0.0227%
------------------------------------------------------------------
Correlation comparison:
 -- Sample 0: 0.9870
 -- Sample 1: 0.9845
 -- Sample 2: 0.9848
Mean=0.9854, Std=0.0011
------------------------------------------------------------------

Processing Dataset: Cylindrical Pores
  Processing Batch 1 (Size: 25)...
Bias Error: using Single Component
Mean: 0.6049, Std: 0.5471
------------------------------------------------------------------
Magnitude Error: 
 -- Sample 0: mean=1.4614%; std=1.3944
 -- Sample 1: mean=1.8359%; std=1.7629
 -- Sample 2: mean=1.6192%; std=1.4856
 -- Sample 3: mean=1.2501%; std=1.0918
 -- Sample 4: mean=0.8270%; std=1.0201
 -- Sample 5: mean=0.7584%; std=0.9179
 -- Sample 6: mean=0.8739%; std=1.0790
 -- Sample 7: mean=0.8773%; std=0.9171
 -- Sample 8: mean=1.3453%; std=2.0463
 -- Sample 9: mean=1.3973%; std=1.8654
 -- Sample 10: mean=1.4527%; std=1.9096
 -- Sample 11: mean=1.2387%; std=1.6897
 -- Sample 12: mean=1.4714%; std=1.6460
 -- Sample 13: mean=1.5191%; std=1.3457
 -- Sample 14: mean=1.5072%; std=1.5294
 -- Sample 15: mean=1.4278%; std=1.6248
 -- Sample 16: mean=0.9404%; std=1.4268
 -- Sample 17: mean=0.9246%; std=1.3310
 -- Sample 18: mean=0.9339%; std=1.4414
 -- Sample 19: mean=0.8803%; std=1.4844
 -- Sample 20: mean=1.2987%; std=1.1442
 -- Sample 21: mean=1.4642%; std=1.1603
 -- Sample 22: mean=1.7441%; std=1.3902
 -- Sample 23: mean=1.4675%; std=1.2599
 -- Sample 24: mean=0.8319%; std=0.7710
Mean: 1.2539%, Std: 0.3143%
------------------------------------------------------------------
Correlation comparison:
 -- Sample 0: 0.9742
 -- Sample 1: 0.9655
 -- Sample 2: 0.9732
 -- Sample 3: 0.9807
 -- Sample 4: 0.8523
 -- Sample 5: 0.9304
 -- Sample 6: 0.8859
 -- Sample 7: 0.8740
 -- Sample 8: 0.9399
 -- Sample 9: 0.9415
 -- Sample 10: 0.9336
 -- Sample 11: 0.9457
 -- Sample 12: 0.9530
 -- Sample 13: 0.9691
 -- Sample 14: 0.9642
 -- Sample 15: 0.9569
 -- Sample 16: 0.9493
 -- Sample 17: 0.9564
 -- Sample 18: 0.9587
 -- Sample 19: 0.9490
 -- Sample 20: 0.9545
 -- Sample 21: 0.9420
 -- Sample 22: 0.9306
 -- Sample 23: 0.9332
 -- Sample 24: 0.9859
Mean=0.9440, Std=0.0313
------------------------------------------------------------------
  Processing Batch 2 (Size: 25)...
Bias Error: using Single Component
Mean: 0.8832, Std: 0.5957
------------------------------------------------------------------
Magnitude Error: 
 -- Sample 0: mean=0.9447%; std=1.1051
 -- Sample 1: mean=0.8409%; std=0.8828
 -- Sample 2: mean=0.9348%; std=0.8494
 -- Sample 3: mean=1.6846%; std=1.4423
 -- Sample 4: mean=1.8827%; std=1.4644
 -- Sample 5: mean=1.7210%; std=1.4550
 -- Sample 6: mean=1.8059%; std=1.4989
 -- Sample 7: mean=1.2786%; std=1.7690
 -- Sample 8: mean=1.2668%; std=1.7543
 -- Sample 9: mean=0.9024%; std=1.0049
 -- Sample 10: mean=1.1423%; std=1.3557
 -- Sample 11: mean=1.2864%; std=1.5966
 -- Sample 12: mean=1.1187%; std=1.2062
 -- Sample 13: mean=1.2403%; std=1.5006
 -- Sample 14: mean=1.3535%; std=1.7068
 -- Sample 15: mean=2.6501%; std=3.2023
 -- Sample 16: mean=2.7107%; std=3.2046
 -- Sample 17: mean=2.7567%; std=2.9579
 -- Sample 18: mean=2.9893%; std=3.3933
 -- Sample 19: mean=1.0935%; std=1.0628
 -- Sample 20: mean=1.2198%; std=1.2698
 -- Sample 21: mean=0.9454%; std=0.9893
 -- Sample 22: mean=1.0397%; std=1.0360
 -- Sample 23: mean=1.1055%; std=1.0033
 -- Sample 24: mean=1.2639%; std=0.9989
Mean: 1.4871%, Std: 0.6264%
------------------------------------------------------------------
Correlation comparison:
 -- Sample 0: 0.9740
 -- Sample 1: 0.9798
 -- Sample 2: 0.9861
 -- Sample 3: 0.9795
 -- Sample 4: 0.9795
 -- Sample 5: 0.9802
 -- Sample 6: 0.9790
 -- Sample 7: 0.9776
 -- Sample 8: 0.9781
 -- Sample 9: 0.9904
 -- Sample 10: 0.9853
 -- Sample 11: 0.9636
 -- Sample 12: 0.9638
 -- Sample 13: 0.9603
 -- Sample 14: 0.9597
 -- Sample 15: 0.9006
 -- Sample 16: 0.8939
 -- Sample 17: 0.9120
 -- Sample 18: 0.9123
 -- Sample 19: 0.9509
 -- Sample 20: 0.9484
 -- Sample 21: 0.9498
 -- Sample 22: 0.9431
 -- Sample 23: 0.9139
 -- Sample 24: 0.9338
Mean=0.9558, Std=0.0286
------------------------------------------------------------------
  Processing Batch 3 (Size: 25)...
Bias Error: using Single Component
Mean: 0.5136, Std: 0.5829
------------------------------------------------------------------
Magnitude Error: 
 -- Sample 0: mean=1.4160%; std=1.1477
 -- Sample 1: mean=1.0922%; std=1.0883
 -- Sample 2: mean=1.6647%; std=1.3855
 -- Sample 3: mean=1.7453%; std=1.4495
 -- Sample 4: mean=1.6942%; std=1.3100
 -- Sample 5: mean=1.7613%; std=1.4594
 -- Sample 6: mean=0.8305%; std=0.8447
 -- Sample 7: mean=0.9026%; std=0.9322
 -- Sample 8: mean=0.7415%; std=0.7913
 -- Sample 9: mean=0.8846%; std=0.9404
 -- Sample 10: mean=1.0152%; std=0.7765
 -- Sample 11: mean=0.9054%; std=0.7894
 -- Sample 12: mean=0.9223%; std=0.7356
 -- Sample 13: mean=0.9926%; std=0.7561
 -- Sample 14: mean=0.6375%; std=0.8163
 -- Sample 15: mean=0.6905%; std=0.8572
 -- Sample 16: mean=0.6115%; std=0.7973
 -- Sample 17: mean=0.6362%; std=0.7033
 -- Sample 18: mean=0.7282%; std=0.7351
 -- Sample 19: mean=0.9033%; std=0.8269
 -- Sample 20: mean=0.9775%; std=0.8658
 -- Sample 21: mean=0.7590%; std=0.7471
 -- Sample 22: mean=0.5773%; std=0.6484
 -- Sample 23: mean=0.7327%; std=0.7057
 -- Sample 24: mean=0.7404%; std=0.7615
Mean: 0.9825%, Std: 0.3653%
------------------------------------------------------------------
Correlation comparison:
 -- Sample 0: 0.9372
 -- Sample 1: 0.9380
 -- Sample 2: 0.9678
 -- Sample 3: 0.9671
 -- Sample 4: 0.9612
 -- Sample 5: 0.9604
 -- Sample 6: 0.9793
 -- Sample 7: 0.9770
 -- Sample 8: 0.9792
 -- Sample 9: 0.9738
 -- Sample 10: 0.9766
 -- Sample 11: 0.9801
 -- Sample 12: 0.9781
 -- Sample 13: 0.9663
 -- Sample 14: 0.9910
 -- Sample 15: 0.9904
 -- Sample 16: 0.9923
 -- Sample 17: 0.9928
 -- Sample 18: 0.9920
 -- Sample 19: 0.9907
 -- Sample 20: 0.9897
 -- Sample 21: 0.9914
 -- Sample 22: 0.9896
 -- Sample 23: 0.9880
 -- Sample 24: 0.9873
Mean=0.9775, Std=0.0155
------------------------------------------------------------------
  Processing Batch 4 (Size: 25)...
Bias Error: using Single Component
Mean: 0.7918, Std: 0.4391
------------------------------------------------------------------
Magnitude Error: 
 -- Sample 0: mean=0.6913%; std=0.7279
 -- Sample 1: mean=0.5533%; std=0.6407
 -- Sample 2: mean=0.5270%; std=0.6293
 -- Sample 3: mean=0.5695%; std=0.6670
 -- Sample 4: mean=0.5934%; std=0.6619
 -- Sample 5: mean=0.8607%; std=0.7840
 -- Sample 6: mean=0.8921%; std=0.8509
 -- Sample 7: mean=1.0180%; std=0.9091
 -- Sample 8: mean=1.1166%; std=0.9224
 -- Sample 9: mean=0.5085%; std=0.5875
 -- Sample 10: mean=0.6764%; std=0.7113
 -- Sample 11: mean=0.5636%; std=0.6387
 -- Sample 12: mean=0.5483%; std=0.5994
 -- Sample 13: mean=1.0159%; std=0.8319
 -- Sample 14: mean=0.9414%; std=0.8190
 -- Sample 15: mean=0.8924%; std=0.8645
 -- Sample 16: mean=0.9413%; std=0.8495
 -- Sample 17: mean=0.7397%; std=0.7486
 -- Sample 18: mean=0.8426%; std=0.8222
 -- Sample 19: mean=0.6735%; std=0.7125
 -- Sample 20: mean=0.8118%; std=0.7392
 -- Sample 21: mean=0.9396%; std=1.2653
 -- Sample 22: mean=0.9615%; std=1.1498
 -- Sample 23: mean=1.0229%; std=1.0801
 -- Sample 24: mean=1.0594%; std=1.1301
Mean: 0.7984%, Std: 0.1899%
------------------------------------------------------------------
Correlation comparison:
 -- Sample 0: 0.9874
 -- Sample 1: 0.9878
 -- Sample 2: 0.9888
 -- Sample 3: 0.9888
 -- Sample 4: 0.9878
 -- Sample 5: 0.9852
 -- Sample 6: 0.9852
 -- Sample 7: 0.9836
 -- Sample 8: 0.9819
 -- Sample 9: 0.9717
 -- Sample 10: 0.9737
 -- Sample 11: 0.9741
 -- Sample 12: 0.9711
 -- Sample 13: 0.9801
 -- Sample 14: 0.9809
 -- Sample 15: 0.9818
 -- Sample 16: 0.9815
 -- Sample 17: 0.9804
 -- Sample 18: 0.9817
 -- Sample 19: 0.9814
 -- Sample 20: 0.9838
 -- Sample 21: 0.9754
 -- Sample 22: 0.9785
 -- Sample 23: 0.9795
 -- Sample 24: 0.9802
Mean=0.9813, Std=0.0050
------------------------------------------------------------------
  Processing Batch 5 (Size: 20)...
Bias Error: using Single Component
Mean: 0.4146, Std: 0.3456
------------------------------------------------------------------
Magnitude Error: 
 -- Sample 0: mean=1.0226%; std=0.8507
 -- Sample 1: mean=0.7804%; std=0.6961
 -- Sample 2: mean=0.9978%; std=0.7926
 -- Sample 3: mean=1.1000%; std=0.8863
 -- Sample 4: mean=0.7629%; std=0.7384
 -- Sample 5: mean=0.8043%; std=0.7830
 -- Sample 6: mean=0.8396%; std=0.9440
 -- Sample 7: mean=0.8878%; std=0.8154
 -- Sample 8: mean=1.1455%; std=1.0658
 -- Sample 9: mean=0.9662%; std=0.9567
 -- Sample 10: mean=0.9661%; std=0.9303
 -- Sample 11: mean=0.9395%; std=0.9354
 -- Sample 12: mean=1.2472%; std=1.0215
 -- Sample 13: mean=1.0486%; std=0.9690
 -- Sample 14: mean=1.2854%; std=0.9078
 -- Sample 15: mean=1.0108%; std=0.8697
 -- Sample 16: mean=0.9992%; std=0.8323
 -- Sample 17: mean=0.7867%; std=0.7357
 -- Sample 18: mean=0.7942%; std=0.7069
 -- Sample 19: mean=0.7496%; std=0.6552
Mean: 0.9567%, Std: 0.1544%
------------------------------------------------------------------
Correlation comparison:
 -- Sample 0: 0.9803
 -- Sample 1: 0.9840
 -- Sample 2: 0.9802
 -- Sample 3: 0.9784
 -- Sample 4: 0.9891
 -- Sample 5: 0.9882
 -- Sample 6: 0.9867
 -- Sample 7: 0.9882
 -- Sample 8: 0.9761
 -- Sample 9: 0.9790
 -- Sample 10: 0.9771
 -- Sample 11: 0.9781
 -- Sample 12: 0.9697
 -- Sample 13: 0.9713
 -- Sample 14: 0.9758
 -- Sample 15: 0.9743
 -- Sample 16: 0.9773
 -- Sample 17: 0.9755
 -- Sample 18: 0.9812
 -- Sample 19: 0.9818
Mean=0.9796, Std=0.0053
------------------------------------------------------------------

Processing Dataset: Cylindrical Grains
  Processing Batch 1 (Size: 25)...
Bias Error: using Single Component
Mean: 0.4219, Std: 0.2067
------------------------------------------------------------------
Magnitude Error: 
 -- Sample 0: mean=0.5589%; std=0.7446
 -- Sample 1: mean=0.6532%; std=0.7719
 -- Sample 2: mean=0.6141%; std=0.7427
 -- Sample 3: mean=0.5983%; std=0.7513
 -- Sample 4: mean=0.7447%; std=0.7945
 -- Sample 5: mean=0.7041%; std=0.7840
 -- Sample 6: mean=0.6731%; std=0.7691
 -- Sample 7: mean=0.7328%; std=0.8144
 -- Sample 8: mean=1.0120%; std=1.1018
 -- Sample 9: mean=0.8668%; std=1.0174
 -- Sample 10: mean=0.7617%; std=0.9177
 -- Sample 11: mean=0.9256%; std=1.0756
 -- Sample 12: mean=0.8159%; std=0.9949
 -- Sample 13: mean=0.7338%; std=0.9195
 -- Sample 14: mean=0.7479%; std=0.9401
 -- Sample 15: mean=0.7296%; std=0.9329
 -- Sample 16: mean=0.7350%; std=0.9867
 -- Sample 17: mean=0.7814%; std=1.0279
 -- Sample 18: mean=0.7981%; std=1.0579
 -- Sample 19: mean=0.7870%; std=1.0356
 -- Sample 20: mean=0.6103%; std=0.7256
 -- Sample 21: mean=0.5811%; std=0.7284
 -- Sample 22: mean=0.5872%; std=0.6946
 -- Sample 23: mean=0.6478%; std=0.7327
 -- Sample 24: mean=1.3588%; std=1.1762
Mean: 0.7504%, Std: 0.1643%
------------------------------------------------------------------
Correlation comparison:
 -- Sample 0: 0.9918
 -- Sample 1: 0.9915
 -- Sample 2: 0.9918
 -- Sample 3: 0.9917
 -- Sample 4: 0.9909
 -- Sample 5: 0.9903
 -- Sample 6: 0.9899
 -- Sample 7: 0.9902
 -- Sample 8: 0.9838
 -- Sample 9: 0.9856
 -- Sample 10: 0.9866
 -- Sample 11: 0.9850
 -- Sample 12: 0.9860
 -- Sample 13: 0.9872
 -- Sample 14: 0.9870
 -- Sample 15: 0.9866
 -- Sample 16: 0.9887
 -- Sample 17: 0.9884
 -- Sample 18: 0.9880
 -- Sample 19: 0.9870
 -- Sample 20: 0.9876
 -- Sample 21: 0.9866
 -- Sample 22: 0.9887
 -- Sample 23: 0.9882
 -- Sample 24: 0.9833
Mean=0.9881, Std=0.0024
------------------------------------------------------------------
  Processing Batch 2 (Size: 25)...
Bias Error: using Single Component
Mean: 0.5120, Std: 0.2937
------------------------------------------------------------------
Magnitude Error: 
 -- Sample 0: mean=1.2616%; std=1.0878
 -- Sample 1: mean=1.5017%; std=1.1865
 -- Sample 2: mean=1.3640%; std=1.1186
 -- Sample 3: mean=1.0294%; std=1.2402
 -- Sample 4: mean=1.1023%; std=1.4123
 -- Sample 5: mean=1.0531%; std=1.3726
 -- Sample 6: mean=0.9918%; std=1.2303
 -- Sample 7: mean=0.9117%; std=1.0143
 -- Sample 8: mean=1.1221%; std=1.1375
 -- Sample 9: mean=1.2391%; std=1.3282
 -- Sample 10: mean=1.0349%; std=1.0443
 -- Sample 11: mean=0.6001%; std=0.8747
 -- Sample 12: mean=0.6259%; std=0.8900
 -- Sample 13: mean=0.6188%; std=0.8770
 -- Sample 14: mean=0.5746%; std=0.8565
 -- Sample 15: mean=0.5410%; std=0.7379
 -- Sample 16: mean=0.5838%; std=0.7475
 -- Sample 17: mean=0.5444%; std=0.7018
 -- Sample 18: mean=0.4978%; std=0.6882
 -- Sample 19: mean=0.5930%; std=0.7725
 -- Sample 20: mean=0.6183%; std=0.7311
 -- Sample 21: mean=0.6065%; std=0.7760
 -- Sample 22: mean=0.7302%; std=0.8764
 -- Sample 23: mean=0.9374%; std=1.0578
 -- Sample 24: mean=0.9650%; std=1.0515
Mean: 0.8659%, Std: 0.2907%
------------------------------------------------------------------
Correlation comparison:
 -- Sample 0: 0.9852
 -- Sample 1: 0.9829
 -- Sample 2: 0.9837
 -- Sample 3: 0.9618
 -- Sample 4: 0.9485
 -- Sample 5: 0.9559
 -- Sample 6: 0.9634
 -- Sample 7: 0.9846
 -- Sample 8: 0.9822
 -- Sample 9: 0.9788
 -- Sample 10: 0.9815
 -- Sample 11: 0.9898
 -- Sample 12: 0.9891
 -- Sample 13: 0.9904
 -- Sample 14: 0.9912
 -- Sample 15: 0.9896
 -- Sample 16: 0.9901
 -- Sample 17: 0.9908
 -- Sample 18: 0.9901
 -- Sample 19: 0.9910
 -- Sample 20: 0.9918
 -- Sample 21: 0.9913
 -- Sample 22: 0.9902
 -- Sample 23: 0.9846
 -- Sample 24: 0.9861
Mean=0.9826, Std=0.0118
------------------------------------------------------------------
  Processing Batch 3 (Size: 25)...
Bias Error: using Single Component
Mean: 0.5345, Std: 0.5936
------------------------------------------------------------------
Magnitude Error: 
 -- Sample 0: mean=0.9548%; std=1.0073
 -- Sample 1: mean=0.9851%; std=1.1053
 -- Sample 2: mean=0.7267%; std=0.9897
 -- Sample 3: mean=0.7783%; std=1.0677
 -- Sample 4: mean=0.8144%; std=1.0240
 -- Sample 5: mean=0.8519%; std=1.1029
 -- Sample 6: mean=0.9519%; std=0.9792
 -- Sample 7: mean=0.8096%; std=0.8970
 -- Sample 8: mean=1.0915%; std=1.0786
 -- Sample 9: mean=1.1066%; std=1.1669
 -- Sample 10: mean=0.6355%; std=0.8340
 -- Sample 11: mean=0.6212%; std=0.8361
 -- Sample 12: mean=0.6004%; std=0.8064
 -- Sample 13: mean=0.5983%; std=0.8297
 -- Sample 14: mean=0.7872%; std=0.9520
 -- Sample 15: mean=0.6910%; std=0.8511
 -- Sample 16: mean=0.7707%; std=0.8550
 -- Sample 17: mean=0.7839%; std=0.9287
 -- Sample 18: mean=0.8282%; std=0.9888
 -- Sample 19: mean=0.7206%; std=0.8653
 -- Sample 20: mean=0.7963%; std=0.8906
 -- Sample 21: mean=0.7675%; std=0.9401
 -- Sample 22: mean=2.4208%; std=1.9164
 -- Sample 23: mean=2.6165%; std=2.0827
 -- Sample 24: mean=2.4295%; std=1.8822
Mean: 1.0055%, Std: 0.5641%
------------------------------------------------------------------
Correlation comparison:
 -- Sample 0: 0.9867
 -- Sample 1: 0.9824
 -- Sample 2: 0.9669
 -- Sample 3: 0.9652
 -- Sample 4: 0.9694
 -- Sample 5: 0.9613
 -- Sample 6: 0.9824
 -- Sample 7: 0.9859
 -- Sample 8: 0.9812
 -- Sample 9: 0.9792
 -- Sample 10: 0.9886
 -- Sample 11: 0.9890
 -- Sample 12: 0.9897
 -- Sample 13: 0.9889
 -- Sample 14: 0.9808
 -- Sample 15: 0.9857
 -- Sample 16: 0.9845
 -- Sample 17: 0.9832
 -- Sample 18: 0.9865
 -- Sample 19: 0.9890
 -- Sample 20: 0.9879
 -- Sample 21: 0.9874
 -- Sample 22: 0.9467
 -- Sample 23: 0.9400
 -- Sample 24: 0.9474
Mean=0.9774, Std=0.0144
------------------------------------------------------------------
  Processing Batch 4 (Size: 21)...
Bias Error: using Single Component
Mean: 0.6709, Std: 0.4774
------------------------------------------------------------------
Magnitude Error: 
 -- Sample 0: mean=2.0963%; std=1.7846
 -- Sample 1: mean=1.9393%; std=2.1667
 -- Sample 2: mean=2.1200%; std=2.3173
 -- Sample 3: mean=1.7836%; std=1.8652
 -- Sample 4: mean=1.5446%; std=1.6877
 -- Sample 5: mean=0.8478%; std=1.1649
 -- Sample 6: mean=0.8398%; std=1.1818
 -- Sample 7: mean=0.8276%; std=1.1689
 -- Sample 8: mean=0.8277%; std=1.1696
 -- Sample 9: mean=0.6214%; std=1.1344
 -- Sample 10: mean=0.6125%; std=1.1454
 -- Sample 11: mean=0.6214%; std=1.1352
 -- Sample 12: mean=0.6535%; std=1.1902
 -- Sample 13: mean=0.7423%; std=0.9184
 -- Sample 14: mean=0.7301%; std=0.9293
 -- Sample 15: mean=0.6826%; std=0.9285
 -- Sample 16: mean=0.7001%; std=0.9030
 -- Sample 17: mean=1.6967%; std=1.8401
 -- Sample 18: mean=1.3811%; std=1.5628
 -- Sample 19: mean=1.6571%; std=1.8577
 -- Sample 20: mean=1.6997%; std=1.7964
Mean: 1.1726%, Std: 0.5421%
------------------------------------------------------------------
Correlation comparison:
 -- Sample 0: 0.9552
 -- Sample 1: 0.9598
 -- Sample 2: 0.9577
 -- Sample 3: 0.9673
 -- Sample 4: 0.9706
 -- Sample 5: 0.9774
 -- Sample 6: 0.9760
 -- Sample 7: 0.9695
 -- Sample 8: 0.9785
 -- Sample 9: 0.9767
 -- Sample 10: 0.9773
 -- Sample 11: 0.9792
 -- Sample 12: 0.9735
 -- Sample 13: 0.9872
 -- Sample 14: 0.9850
 -- Sample 15: 0.9874
 -- Sample 16: 0.9847
 -- Sample 17: 0.9617
 -- Sample 18: 0.9695
 -- Sample 19: 0.9616
 -- Sample 20: 0.9653
Mean=0.9724, Std=0.0096
------------------------------------------------------------------

Processing Dataset: Bentheimer
  Processing Batch 1 (Size: 25)...
Bias Error: using Single Component
Mean: 1.7727, Std: 1.5355
------------------------------------------------------------------
Magnitude Error: 
 -- Sample 0: mean=0.8371%; std=0.9924
 -- Sample 1: mean=0.8302%; std=0.9728
 -- Sample 2: mean=1.0960%; std=1.1149
 -- Sample 3: mean=0.9611%; std=0.9752
 -- Sample 4: mean=5.2289%; std=2.2539
 -- Sample 5: mean=5.1529%; std=2.6903
 -- Sample 6: mean=5.2769%; std=2.6497
 -- Sample 7: mean=4.6802%; std=2.3398
 -- Sample 8: mean=1.7733%; std=2.1369
 -- Sample 9: mean=2.0116%; std=2.4553
 -- Sample 10: mean=1.6962%; std=2.0472
 -- Sample 11: mean=1.8296%; std=2.1581
 -- Sample 12: mean=1.5711%; std=1.9259
 -- Sample 13: mean=1.6809%; std=1.9685
 -- Sample 14: mean=1.3859%; std=1.6514
 -- Sample 15: mean=1.6814%; std=2.1472
 -- Sample 16: mean=2.0814%; std=2.0593
 -- Sample 17: mean=1.6486%; std=1.6285
 -- Sample 18: mean=2.0091%; std=2.0254
 -- Sample 19: mean=2.4789%; std=2.4955
 -- Sample 20: mean=2.8790%; std=2.4557
 -- Sample 21: mean=2.4722%; std=2.2969
 -- Sample 22: mean=2.5100%; std=2.3768
 -- Sample 23: mean=2.8871%; std=2.5524
 -- Sample 24: mean=1.5732%; std=2.2233
Mean: 2.3293%, Std: 1.3224%
------------------------------------------------------------------
Correlation comparison:
 -- Sample 0: 0.9652
 -- Sample 1: 0.9602
 -- Sample 2: 0.9608
 -- Sample 3: 0.9629
 -- Sample 4: 0.8583
 -- Sample 5: 0.8613
 -- Sample 6: 0.8507
 -- Sample 7: 0.8642
 -- Sample 8: 0.7956
 -- Sample 9: 0.8164
 -- Sample 10: 0.7940
 -- Sample 11: 0.8271
 -- Sample 12: 0.9685
 -- Sample 13: 0.9648
 -- Sample 14: 0.9732
 -- Sample 15: 0.9673
 -- Sample 16: 0.9693
 -- Sample 17: 0.9757
 -- Sample 18: 0.9695
 -- Sample 19: 0.9614
 -- Sample 20: 0.9198
 -- Sample 21: 0.9403
 -- Sample 22: 0.9378
 -- Sample 23: 0.9269
 -- Sample 24: 0.9630
Mean=0.9182, Std=0.0615
------------------------------------------------------------------
  Processing Batch 2 (Size: 25)...
Bias Error: using Single Component
Mean: 0.9398, Std: 0.8116
------------------------------------------------------------------
Magnitude Error: 
 -- Sample 0: mean=1.4700%; std=1.8328
 -- Sample 1: mean=1.3324%; std=1.7375
 -- Sample 2: mean=1.2683%; std=1.6140
 -- Sample 3: mean=1.0700%; std=1.2566
 -- Sample 4: mean=1.0385%; std=1.0787
 -- Sample 5: mean=1.1752%; std=1.3415
 -- Sample 6: mean=0.9542%; std=1.0567
 -- Sample 7: mean=2.7734%; std=1.8105
 -- Sample 8: mean=2.6283%; std=1.7167
 -- Sample 9: mean=2.9411%; std=1.8458
 -- Sample 10: mean=2.7497%; std=1.7329
 -- Sample 11: mean=1.1770%; std=1.4040
 -- Sample 12: mean=1.2296%; std=1.2572
 -- Sample 13: mean=1.2151%; std=1.2194
 -- Sample 14: mean=1.0206%; std=1.0988
 -- Sample 15: mean=2.0815%; std=2.7065
 -- Sample 16: mean=2.2709%; std=3.0044
 -- Sample 17: mean=1.9022%; std=2.3247
 -- Sample 18: mean=1.9765%; std=2.5553
 -- Sample 19: mean=0.9168%; std=1.1002
 -- Sample 20: mean=1.6279%; std=1.5941
 -- Sample 21: mean=1.4961%; std=1.4676
 -- Sample 22: mean=1.4069%; std=1.3660
 -- Sample 23: mean=1.2945%; std=1.6730
 -- Sample 24: mean=1.2017%; std=1.5913
Mean: 1.6087%, Std: 0.6141%
------------------------------------------------------------------
Correlation comparison:
 -- Sample 0: 0.9707
 -- Sample 1: 0.9743
 -- Sample 2: 0.9762
 -- Sample 3: 0.9631
 -- Sample 4: 0.9699
 -- Sample 5: 0.9602
 -- Sample 6: 0.9681
 -- Sample 7: 0.8637
 -- Sample 8: 0.8580
 -- Sample 9: 0.8490
 -- Sample 10: 0.8559
 -- Sample 11: 0.9733
 -- Sample 12: 0.9759
 -- Sample 13: 0.9766
 -- Sample 14: 0.9804
 -- Sample 15: 0.9194
 -- Sample 16: 0.9065
 -- Sample 17: 0.9353
 -- Sample 18: 0.9273
 -- Sample 19: 0.9805
 -- Sample 20: 0.9691
 -- Sample 21: 0.9699
 -- Sample 22: 0.9712
 -- Sample 23: 0.9748
 -- Sample 24: 0.9773
Mean=0.9459, Std=0.0434
------------------------------------------------------------------
  Processing Batch 3 (Size: 25)...
Bias Error: using Single Component
Mean: 0.6184, Std: 0.4945
------------------------------------------------------------------
Magnitude Error: 
 -- Sample 0: mean=1.3644%; std=1.6724
 -- Sample 1: mean=1.4700%; std=1.8065
 -- Sample 2: mean=1.6970%; std=1.8527
 -- Sample 3: mean=1.7488%; std=1.7352
 -- Sample 4: mean=1.6967%; std=1.6296
 -- Sample 5: mean=2.0768%; std=2.2286
 -- Sample 6: mean=0.7074%; std=0.9953
 -- Sample 7: mean=0.7082%; std=1.0116
 -- Sample 8: mean=0.7609%; std=0.9970
 -- Sample 9: mean=0.6775%; std=1.0294
 -- Sample 10: mean=1.4641%; std=1.2809
 -- Sample 11: mean=1.1737%; std=1.2910
 -- Sample 12: mean=1.1687%; std=1.2360
 -- Sample 13: mean=1.3356%; std=1.2277
 -- Sample 14: mean=0.7303%; std=0.9905
 -- Sample 15: mean=0.8068%; std=1.0280
 -- Sample 16: mean=0.8574%; std=1.0209
 -- Sample 17: mean=0.7881%; std=0.9781
 -- Sample 18: mean=0.8574%; std=1.0703
 -- Sample 19: mean=0.8130%; std=1.0944
 -- Sample 20: mean=0.7385%; std=1.0247
 -- Sample 21: mean=0.8068%; std=1.0443
 -- Sample 22: mean=1.2909%; std=1.2536
 -- Sample 23: mean=1.4411%; std=1.2632
 -- Sample 24: mean=1.4750%; std=1.2466
Mean: 1.1462%, Std: 0.4035%
------------------------------------------------------------------
Correlation comparison:
 -- Sample 0: 0.9743
 -- Sample 1: 0.9724
 -- Sample 2: 0.9364
 -- Sample 3: 0.9466
 -- Sample 4: 0.9383
 -- Sample 5: 0.9109
 -- Sample 6: 0.9805
 -- Sample 7: 0.9792
 -- Sample 8: 0.9787
 -- Sample 9: 0.9752
 -- Sample 10: 0.9716
 -- Sample 11: 0.9724
 -- Sample 12: 0.9737
 -- Sample 13: 0.9738
 -- Sample 14: 0.9801
 -- Sample 15: 0.9807
 -- Sample 16: 0.9798
 -- Sample 17: 0.9806
 -- Sample 18: 0.9817
 -- Sample 19: 0.9810
 -- Sample 20: 0.9806
 -- Sample 21: 0.9799
 -- Sample 22: 0.9615
 -- Sample 23: 0.9571
 -- Sample 24: 0.9584
Mean=0.9682, Std=0.0176
------------------------------------------------------------------
  Processing Batch 4 (Size: 25)...
Bias Error: using Single Component
Mean: 1.1274, Std: 0.7133
------------------------------------------------------------------
Magnitude Error: 
 -- Sample 0: mean=1.3437%; std=1.2619
 -- Sample 1: mean=1.2616%; std=1.2421
 -- Sample 2: mean=1.3779%; std=1.4135
 -- Sample 3: mean=1.4115%; std=1.4035
 -- Sample 4: mean=1.5378%; std=1.5303
 -- Sample 5: mean=2.2224%; std=1.7761
 -- Sample 6: mean=2.2352%; std=2.0949
 -- Sample 7: mean=2.3529%; std=2.0166
 -- Sample 8: mean=2.2016%; std=2.0201
 -- Sample 9: mean=2.4336%; std=1.9473
 -- Sample 10: mean=2.2920%; std=1.9296
 -- Sample 11: mean=2.2573%; std=1.7792
 -- Sample 12: mean=1.9152%; std=1.5198
 -- Sample 13: mean=0.8644%; std=1.2424
 -- Sample 14: mean=0.8117%; std=1.1283
 -- Sample 15: mean=0.8259%; std=1.1145
 -- Sample 16: mean=0.8151%; std=1.0904
 -- Sample 17: mean=0.8319%; std=1.0514
 -- Sample 18: mean=0.9392%; std=1.0968
 -- Sample 19: mean=0.9132%; std=1.1029
 -- Sample 20: mean=0.9958%; std=1.1330
 -- Sample 21: mean=1.3405%; std=1.1461
 -- Sample 22: mean=1.2332%; std=1.1722
 -- Sample 23: mean=1.4144%; std=1.3475
 -- Sample 24: mean=1.3705%; std=1.3063
Mean: 1.4879%, Std: 0.5625%
------------------------------------------------------------------
Correlation comparison:
 -- Sample 0: 0.9611
 -- Sample 1: 0.9768
 -- Sample 2: 0.9719
 -- Sample 3: 0.9735
 -- Sample 4: 0.9720
 -- Sample 5: 0.8823
 -- Sample 6: 0.8939
 -- Sample 7: 0.8952
 -- Sample 8: 0.8763
 -- Sample 9: 0.8561
 -- Sample 10: 0.8617
 -- Sample 11: 0.8778
 -- Sample 12: 0.8592
 -- Sample 13: 0.9651
 -- Sample 14: 0.9757
 -- Sample 15: 0.9684
 -- Sample 16: 0.9627
 -- Sample 17: 0.9861
 -- Sample 18: 0.9830
 -- Sample 19: 0.9842
 -- Sample 20: 0.9838
 -- Sample 21: 0.9761
 -- Sample 22: 0.9737
 -- Sample 23: 0.9703
 -- Sample 24: 0.9739
Mean=0.9424, Std=0.0471
------------------------------------------------------------------
  Processing Batch 5 (Size: 25)...
Bias Error: using Single Component
Mean: 0.7141, Std: 0.4943
------------------------------------------------------------------
Magnitude Error: 
 -- Sample 0: mean=0.8099%; std=0.9334
 -- Sample 1: mean=0.8679%; std=0.9653
 -- Sample 2: mean=0.8578%; std=0.8816
 -- Sample 3: mean=0.8158%; std=0.8272
 -- Sample 4: mean=1.2490%; std=1.2230
 -- Sample 5: mean=1.2240%; std=1.1947
 -- Sample 6: mean=1.0354%; std=1.0832
 -- Sample 7: mean=1.3486%; std=1.4921
 -- Sample 8: mean=0.8026%; std=1.0743
 -- Sample 9: mean=0.8259%; std=1.0877
 -- Sample 10: mean=0.8242%; std=1.0933
 -- Sample 11: mean=0.8122%; std=1.0902
 -- Sample 12: mean=1.3273%; std=1.3448
 -- Sample 13: mean=1.5956%; std=1.4479
 -- Sample 14: mean=1.1098%; std=1.2801
 -- Sample 15: mean=1.4410%; std=1.4171
 -- Sample 16: mean=2.0160%; std=2.5136
 -- Sample 17: mean=2.0473%; std=2.4539
 -- Sample 18: mean=1.6133%; std=2.0462
 -- Sample 19: mean=1.9167%; std=2.3872
 -- Sample 20: mean=1.5429%; std=1.5574
 -- Sample 21: mean=1.4582%; std=1.2858
 -- Sample 22: mean=1.3676%; std=1.3173
 -- Sample 23: mean=1.5508%; std=1.5710
 -- Sample 24: mean=0.7535%; std=0.9415
Mean: 1.2485%, Std: 0.3976%
------------------------------------------------------------------
Correlation comparison:
 -- Sample 0: 0.9898
 -- Sample 1: 0.9889
 -- Sample 2: 0.9898
 -- Sample 3: 0.9901
 -- Sample 4: 0.9703
 -- Sample 5: 0.9725
 -- Sample 6: 0.9757
 -- Sample 7: 0.9707
 -- Sample 8: 0.9869
 -- Sample 9: 0.9869
 -- Sample 10: 0.9871
 -- Sample 11: 0.9870
 -- Sample 12: 0.9627
 -- Sample 13: 0.9627
 -- Sample 14: 0.9658
 -- Sample 15: 0.9646
 -- Sample 16: 0.8186
 -- Sample 17: 0.8168
 -- Sample 18: 0.8582
 -- Sample 19: 0.8305
 -- Sample 20: 0.9587
 -- Sample 21: 0.9645
 -- Sample 22: 0.9644
 -- Sample 23: 0.9551
 -- Sample 24: 0.9531
Mean=0.9509, Std=0.0540
------------------------------------------------------------------
  Processing Batch 6 (Size: 25)...
Bias Error: using Single Component
Mean: 1.3166, Std: 1.6108
------------------------------------------------------------------
Magnitude Error: 
 -- Sample 0: mean=0.6877%; std=0.9194
 -- Sample 1: mean=0.7721%; std=0.9644
 -- Sample 2: mean=0.8043%; std=1.0073
 -- Sample 3: mean=2.1717%; std=2.4886
 -- Sample 4: mean=1.8994%; std=1.9996
 -- Sample 5: mean=2.0502%; std=2.2933
 -- Sample 6: mean=1.9755%; std=2.2487
 -- Sample 7: mean=1.6909%; std=1.5203
 -- Sample 8: mean=1.8198%; std=1.7708
 -- Sample 9: mean=1.3260%; std=1.3495
 -- Sample 10: mean=1.8638%; std=1.7884
 -- Sample 11: mean=0.7505%; std=0.8711
 -- Sample 12: mean=0.9238%; std=0.9975
 -- Sample 13: mean=0.8808%; std=0.9133
 -- Sample 14: mean=1.0331%; std=1.0502
 -- Sample 15: mean=0.7563%; std=1.0070
 -- Sample 16: mean=0.6578%; std=0.9438
 -- Sample 17: mean=0.7606%; std=1.0263
 -- Sample 18: mean=0.7855%; std=1.0133
 -- Sample 19: mean=0.9422%; std=0.9762
 -- Sample 20: mean=0.8302%; std=0.9575
 -- Sample 21: mean=0.8302%; std=0.9624
 -- Sample 22: mean=0.9800%; std=1.0984
 -- Sample 23: mean=1.6279%; std=1.4884
 -- Sample 24: mean=1.4081%; std=1.3818
Mean: 1.2091%, Std: 0.5027%
------------------------------------------------------------------
Correlation comparison:
 -- Sample 0: 0.9525
 -- Sample 1: 0.9493
 -- Sample 2: 0.9546
 -- Sample 3: 0.8515
 -- Sample 4: 0.8686
 -- Sample 5: 0.8259
 -- Sample 6: 0.8535
 -- Sample 7: 0.9370
 -- Sample 8: 0.9369
 -- Sample 9: 0.9546
 -- Sample 10: 0.9401
 -- Sample 11: 0.9855
 -- Sample 12: 0.9823
 -- Sample 13: 0.9812
 -- Sample 14: 0.9820
 -- Sample 15: 0.9810
 -- Sample 16: 0.9833
 -- Sample 17: 0.9802
 -- Sample 18: 0.9808
 -- Sample 19: 0.9698
 -- Sample 20: 0.9715
 -- Sample 21: 0.9715
 -- Sample 22: 0.9684
 -- Sample 23: 0.9708
 -- Sample 24: 0.9717
Mean=0.9482, Std=0.0457
------------------------------------------------------------------
  Processing Batch 7 (Size: 25)...
Bias Error: using Single Component
Mean: 0.7943, Std: 0.8651
------------------------------------------------------------------
Magnitude Error: 
 -- Sample 0: mean=1.3711%; std=1.1555
 -- Sample 1: mean=1.3951%; std=1.3395
 -- Sample 2: mean=0.7219%; std=0.8071
 -- Sample 3: mean=0.9944%; std=0.9009
 -- Sample 4: mean=0.8749%; std=0.8587
 -- Sample 5: mean=0.8488%; std=0.8715
 -- Sample 6: mean=0.8214%; std=1.0576
 -- Sample 7: mean=0.8114%; std=1.0927
 -- Sample 8: mean=0.8600%; std=1.0956
 -- Sample 9: mean=0.8808%; std=1.1065
 -- Sample 10: mean=1.4105%; std=1.1980
 -- Sample 11: mean=1.3178%; std=1.1797
 -- Sample 12: mean=1.5730%; std=1.4582
 -- Sample 13: mean=1.3623%; std=1.2918
 -- Sample 14: mean=0.7006%; std=0.9349
 -- Sample 15: mean=0.6710%; std=0.8686
 -- Sample 16: mean=0.6617%; std=0.8839
 -- Sample 17: mean=0.6474%; std=0.9080
 -- Sample 18: mean=2.1349%; std=1.7006
 -- Sample 19: mean=2.6670%; std=1.6842
 -- Sample 20: mean=2.1540%; std=1.4511
 -- Sample 21: mean=2.4578%; std=1.7712
 -- Sample 22: mean=1.1464%; std=1.1030
 -- Sample 23: mean=0.8773%; std=0.9813
 -- Sample 24: mean=1.0110%; std=1.0579
Mean: 1.2149%, Std: 0.5686%
------------------------------------------------------------------
Correlation comparison:
 -- Sample 0: 0.9804
 -- Sample 1: 0.9745
 -- Sample 2: 0.9792
 -- Sample 3: 0.9745
 -- Sample 4: 0.9764
 -- Sample 5: 0.9741
 -- Sample 6: 0.9865
 -- Sample 7: 0.9871
 -- Sample 8: 0.9853
 -- Sample 9: 0.9852
 -- Sample 10: 0.9653
 -- Sample 11: 0.9663
 -- Sample 12: 0.9550
 -- Sample 13: 0.9617
 -- Sample 14: 0.9853
 -- Sample 15: 0.9842
 -- Sample 16: 0.9840
 -- Sample 17: 0.9857
 -- Sample 18: 0.8765
 -- Sample 19: 0.9215
 -- Sample 20: 0.9460
 -- Sample 21: 0.9244
 -- Sample 22: 0.9806
 -- Sample 23: 0.9827
 -- Sample 24: 0.9797
Mean=0.9681, Std=0.0257
------------------------------------------------------------------
  Processing Batch 8 (Size: 25)...
Bias Error: using Single Component
Mean: 0.5970, Std: 0.3669
------------------------------------------------------------------
Magnitude Error: 
 -- Sample 0: mean=0.8661%; std=0.9912
 -- Sample 1: mean=2.2363%; std=1.5951
 -- Sample 2: mean=2.5396%; std=1.8164
 -- Sample 3: mean=2.5247%; std=1.9282
 -- Sample 4: mean=2.5196%; std=1.8307
 -- Sample 5: mean=1.2831%; std=1.1961
 -- Sample 6: mean=1.1893%; std=1.1299
 -- Sample 7: mean=1.3228%; std=1.2388
 -- Sample 8: mean=1.2844%; std=1.3073
 -- Sample 9: mean=1.8967%; std=1.8327
 -- Sample 10: mean=1.8695%; std=1.8632
 -- Sample 11: mean=2.0507%; std=1.9583
 -- Sample 12: mean=1.2817%; std=1.2768
 -- Sample 13: mean=1.1596%; std=1.3038
 -- Sample 14: mean=1.1858%; std=1.2525
 -- Sample 15: mean=1.1214%; std=1.1719
 -- Sample 16: mean=1.1119%; std=1.1979
 -- Sample 17: mean=3.0387%; std=2.6208
 -- Sample 18: mean=2.2166%; std=2.2903
 -- Sample 19: mean=2.7174%; std=2.4722
 -- Sample 20: mean=2.4259%; std=2.2873
 -- Sample 21: mean=0.9846%; std=1.0037
 -- Sample 22: mean=0.9448%; std=0.9300
 -- Sample 23: mean=1.1232%; std=1.0552
 -- Sample 24: mean=0.9983%; std=0.9845
Mean: 1.6757%, Std: 0.6605%
------------------------------------------------------------------
Correlation comparison:
 -- Sample 0: 0.9826
 -- Sample 1: 0.8002
 -- Sample 2: 0.7846
 -- Sample 3: 0.7464
 -- Sample 4: 0.7516
 -- Sample 5: 0.9677
 -- Sample 6: 0.9740
 -- Sample 7: 0.9654
 -- Sample 8: 0.9682
 -- Sample 9: 0.9606
 -- Sample 10: 0.9581
 -- Sample 11: 0.9599
 -- Sample 12: 0.9749
 -- Sample 13: 0.9335
 -- Sample 14: 0.9309
 -- Sample 15: 0.9385
 -- Sample 16: 0.9289
 -- Sample 17: 0.9473
 -- Sample 18: 0.9569
 -- Sample 19: 0.9503
 -- Sample 20: 0.9560
 -- Sample 21: 0.9503
 -- Sample 22: 0.9495
 -- Sample 23: 0.9515
 -- Sample 24: 0.9509
Mean=0.9256, Std=0.0694
------------------------------------------------------------------
  Processing Batch 9 (Size: 25)...
Bias Error: using Single Component
Mean: 0.7226, Std: 0.7080
------------------------------------------------------------------
Magnitude Error: 
 -- Sample 0: mean=1.1350%; std=1.2030
 -- Sample 1: mean=1.2800%; std=1.3398
 -- Sample 2: mean=1.3944%; std=1.3946
 -- Sample 3: mean=0.9784%; std=1.1445
 -- Sample 4: mean=2.3424%; std=1.9939
 -- Sample 5: mean=2.4397%; std=2.1223
 -- Sample 6: mean=2.5550%; std=2.0251
 -- Sample 7: mean=2.5207%; std=1.9851
 -- Sample 8: mean=0.8687%; std=1.1260
 -- Sample 9: mean=0.8877%; std=1.1162
 -- Sample 10: mean=1.0073%; std=1.2574
 -- Sample 11: mean=0.8928%; std=1.1403
 -- Sample 12: mean=1.4939%; std=0.9885
 -- Sample 13: mean=1.4735%; std=0.9544
 -- Sample 14: mean=1.4668%; std=0.9473
 -- Sample 15: mean=1.6080%; std=0.9507
 -- Sample 16: mean=1.5385%; std=1.6034
 -- Sample 17: mean=1.3753%; std=1.3110
 -- Sample 18: mean=1.5702%; std=1.6119
 -- Sample 19: mean=1.5866%; std=1.5400
 -- Sample 20: mean=0.9717%; std=1.4281
 -- Sample 21: mean=1.0311%; std=1.4367
 -- Sample 22: mean=0.9181%; std=1.3582
 -- Sample 23: mean=0.9326%; std=1.2243
 -- Sample 24: mean=0.9188%; std=1.0195
Mean: 1.4075%, Std: 0.5263%
------------------------------------------------------------------
Correlation comparison:
 -- Sample 0: 0.9015
 -- Sample 1: 0.9229
 -- Sample 2: 0.9327
 -- Sample 3: 0.9454
 -- Sample 4: 0.9259
 -- Sample 5: 0.9199
 -- Sample 6: 0.9255
 -- Sample 7: 0.9313
 -- Sample 8: 0.9766
 -- Sample 9: 0.9782
 -- Sample 10: 0.9769
 -- Sample 11: 0.9718
 -- Sample 12: 0.9812
 -- Sample 13: 0.9829
 -- Sample 14: 0.9824
 -- Sample 15: 0.9825
 -- Sample 16: 0.9705
 -- Sample 17: 0.9746
 -- Sample 18: 0.9689
 -- Sample 19: 0.9728
 -- Sample 20: 0.9829
 -- Sample 21: 0.9824
 -- Sample 22: 0.9839
 -- Sample 23: 0.9841
 -- Sample 24: 0.9654
Mean=0.9609, Std=0.0255
------------------------------------------------------------------
  Processing Batch 10 (Size: 25)...
Bias Error: using Single Component
Mean: 0.5917, Std: 0.2872
------------------------------------------------------------------
Magnitude Error: 
 -- Sample 0: mean=0.9173%; std=1.0168
 -- Sample 1: mean=0.7988%; std=0.9586
 -- Sample 2: mean=0.8080%; std=0.9866
 -- Sample 3: mean=0.8780%; std=0.9342
 -- Sample 4: mean=0.7457%; std=0.9360
 -- Sample 5: mean=0.6756%; std=0.8195
 -- Sample 6: mean=0.8233%; std=0.8820
 -- Sample 7: mean=1.1000%; std=1.3717
 -- Sample 8: mean=1.2909%; std=1.4875
 -- Sample 9: mean=1.2385%; std=1.4683
 -- Sample 10: mean=1.2233%; std=1.6285
 -- Sample 11: mean=0.8187%; std=1.0054
 -- Sample 12: mean=0.7666%; std=0.9673
 -- Sample 13: mean=0.8515%; std=1.0088
 -- Sample 14: mean=0.8662%; std=0.9958
 -- Sample 15: mean=1.0547%; std=1.5400
 -- Sample 16: mean=0.9369%; std=1.3887
 -- Sample 17: mean=0.9395%; std=1.3776
 -- Sample 18: mean=0.9957%; std=1.4221
 -- Sample 19: mean=0.9020%; std=1.0918
 -- Sample 20: mean=0.9309%; std=1.1268
 -- Sample 21: mean=0.9196%; std=1.1598
 -- Sample 22: mean=0.9265%; std=1.1553
 -- Sample 23: mean=1.0082%; std=1.0574
 -- Sample 24: mean=0.9999%; std=0.9994
Mean: 0.9367%, Std: 0.1504%
------------------------------------------------------------------
Correlation comparison:
 -- Sample 0: 0.9652
 -- Sample 1: 0.9595
 -- Sample 2: 0.9670
 -- Sample 3: 0.9616
 -- Sample 4: 0.9733
 -- Sample 5: 0.9741
 -- Sample 6: 0.9679
 -- Sample 7: 0.9822
 -- Sample 8: 0.9790
 -- Sample 9: 0.9769
 -- Sample 10: 0.9793
 -- Sample 11: 0.9781
 -- Sample 12: 0.9793
 -- Sample 13: 0.9796
 -- Sample 14: 0.9780
 -- Sample 15: 0.9703
 -- Sample 16: 0.9708
 -- Sample 17: 0.9695
 -- Sample 18: 0.9679
 -- Sample 19: 0.9713
 -- Sample 20: 0.9777
 -- Sample 21: 0.9800
 -- Sample 22: 0.9763
 -- Sample 23: 0.9806
 -- Sample 24: 0.9809
Mean=0.9738, Std=0.0063
------------------------------------------------------------------
  Processing Batch 11 (Size: 25)...
Bias Error: using Single Component
Mean: 1.0227, Std: 0.7720
------------------------------------------------------------------
Magnitude Error: 
 -- Sample 0: mean=0.9486%; std=1.1541
 -- Sample 1: mean=0.9705%; std=1.1025
 -- Sample 2: mean=0.7846%; std=1.2249
 -- Sample 3: mean=0.7787%; std=1.1440
 -- Sample 4: mean=0.7973%; std=1.1917
 -- Sample 5: mean=0.7656%; std=1.1519
 -- Sample 6: mean=1.0003%; std=0.9817
 -- Sample 7: mean=1.2384%; std=1.0669
 -- Sample 8: mean=1.2557%; std=1.1296
 -- Sample 9: mean=0.9175%; std=0.9197
 -- Sample 10: mean=0.9428%; std=1.2577
 -- Sample 11: mean=1.1037%; std=1.1817
 -- Sample 12: mean=1.1095%; std=1.1861
 -- Sample 13: mean=1.0288%; std=1.2886
 -- Sample 14: mean=0.8567%; std=1.0693
 -- Sample 15: mean=0.7555%; std=0.9956
 -- Sample 16: mean=0.7224%; std=0.9832
 -- Sample 17: mean=0.7505%; std=0.9687
 -- Sample 18: mean=0.9903%; std=1.0718
 -- Sample 19: mean=0.9445%; std=1.0869
 -- Sample 20: mean=0.9773%; std=1.0819
 -- Sample 21: mean=0.8125%; std=1.0076
 -- Sample 22: mean=2.7791%; std=2.4643
 -- Sample 23: mean=2.6265%; std=2.2796
 -- Sample 24: mean=3.2745%; std=2.8977
Mean: 1.1653%, Std: 0.6606%
------------------------------------------------------------------
Correlation comparison:
 -- Sample 0: 0.9782
 -- Sample 1: 0.9786
 -- Sample 2: 0.9588
 -- Sample 3: 0.9459
 -- Sample 4: 0.9471
 -- Sample 5: 0.9507
 -- Sample 6: 0.9870
 -- Sample 7: 0.9857
 -- Sample 8: 0.9847
 -- Sample 9: 0.9880
 -- Sample 10: 0.9843
 -- Sample 11: 0.9835
 -- Sample 12: 0.9833
 -- Sample 13: 0.9831
 -- Sample 14: 0.9706
 -- Sample 15: 0.9683
 -- Sample 16: 0.9748
 -- Sample 17: 0.9729
 -- Sample 18: 0.9172
 -- Sample 19: 0.9027
 -- Sample 20: 0.9290
 -- Sample 21: 0.9195
 -- Sample 22: 0.9281
 -- Sample 23: 0.9389
 -- Sample 24: 0.9076
Mean=0.9587, Std=0.0273
------------------------------------------------------------------
  Processing Batch 12 (Size: 25)...
Bias Error: using Single Component
Mean: 0.9844, Std: 0.6236
------------------------------------------------------------------
Magnitude Error: 
 -- Sample 0: mean=2.8695%; std=2.7444
 -- Sample 1: mean=1.0203%; std=1.1243
 -- Sample 2: mean=0.9928%; std=1.1991
 -- Sample 3: mean=0.9871%; std=1.1148
 -- Sample 4: mean=1.1316%; std=1.1379
 -- Sample 5: mean=1.5200%; std=1.4443
 -- Sample 6: mean=1.3424%; std=1.3092
 -- Sample 7: mean=1.4446%; std=1.3450
 -- Sample 8: mean=1.5992%; std=1.4658
 -- Sample 9: mean=0.7142%; std=1.0719
 -- Sample 10: mean=0.6917%; std=1.0387
 -- Sample 11: mean=0.7736%; std=1.0945
 -- Sample 12: mean=0.8672%; std=1.2328
 -- Sample 13: mean=0.9481%; std=1.0514
 -- Sample 14: mean=0.8185%; std=1.0320
 -- Sample 15: mean=0.8789%; std=1.1441
 -- Sample 16: mean=0.7878%; std=0.9675
 -- Sample 17: mean=1.5035%; std=1.3424
 -- Sample 18: mean=1.2801%; std=1.1650
 -- Sample 19: mean=1.6018%; std=1.2843
 -- Sample 20: mean=1.4709%; std=1.3681
 -- Sample 21: mean=1.2806%; std=1.3017
 -- Sample 22: mean=1.2124%; std=1.2325
 -- Sample 23: mean=1.1159%; std=1.1643
 -- Sample 24: mean=0.9651%; std=1.0904
Mean: 1.1927%, Std: 0.4438%
------------------------------------------------------------------
Correlation comparison:
 -- Sample 0: 0.9186
 -- Sample 1: 0.9563
 -- Sample 2: 0.9465
 -- Sample 3: 0.9543
 -- Sample 4: 0.9582
 -- Sample 5: 0.9405
 -- Sample 6: 0.9404
 -- Sample 7: 0.9371
 -- Sample 8: 0.9470
 -- Sample 9: 0.9787
 -- Sample 10: 0.9789
 -- Sample 11: 0.9714
 -- Sample 12: 0.9670
 -- Sample 13: 0.9655
 -- Sample 14: 0.9646
 -- Sample 15: 0.9637
 -- Sample 16: 0.9653
 -- Sample 17: 0.9597
 -- Sample 18: 0.9628
 -- Sample 19: 0.9624
 -- Sample 20: 0.9539
 -- Sample 21: 0.9602
 -- Sample 22: 0.9657
 -- Sample 23: 0.9682
 -- Sample 24: 0.9622
Mean=0.9580, Std=0.0133
------------------------------------------------------------------
  Processing Batch 13 (Size: 25)...
Bias Error: using Single Component
Mean: 0.6455, Std: 0.5506
------------------------------------------------------------------
Magnitude Error: 
 -- Sample 0: mean=1.0272%; std=1.0158
 -- Sample 1: mean=0.9892%; std=1.0114
 -- Sample 2: mean=1.0525%; std=1.0380
 -- Sample 3: mean=1.1908%; std=1.1503
 -- Sample 4: mean=1.1678%; std=1.0737
 -- Sample 5: mean=1.1509%; std=1.0572
 -- Sample 6: mean=1.2144%; std=1.0457
 -- Sample 7: mean=1.4515%; std=1.0958
 -- Sample 8: mean=1.8871%; std=1.7873
 -- Sample 9: mean=2.1636%; std=2.0724
 -- Sample 10: mean=2.2178%; std=2.0989
 -- Sample 11: mean=2.1913%; std=2.1076
 -- Sample 12: mean=1.2754%; std=1.2636
 -- Sample 13: mean=1.3276%; std=1.2424
 -- Sample 14: mean=1.3852%; std=1.1900
 -- Sample 15: mean=1.7749%; std=1.5882
 -- Sample 16: mean=2.6404%; std=1.9529
 -- Sample 17: mean=2.7841%; std=1.9857
 -- Sample 18: mean=2.7732%; std=2.2811
 -- Sample 19: mean=2.5548%; std=1.9466
 -- Sample 20: mean=1.3765%; std=1.0094
 -- Sample 21: mean=1.8002%; std=1.1268
 -- Sample 22: mean=1.6065%; std=1.0659
 -- Sample 23: mean=1.6271%; std=1.1004
 -- Sample 24: mean=0.9198%; std=1.3031
Mean: 1.6620%, Std: 0.5778%
------------------------------------------------------------------
Correlation comparison:
 -- Sample 0: 0.9626
 -- Sample 1: 0.9701
 -- Sample 2: 0.9655
 -- Sample 3: 0.9607
 -- Sample 4: 0.9641
 -- Sample 5: 0.9628
 -- Sample 6: 0.9671
 -- Sample 7: 0.9661
 -- Sample 8: 0.9652
 -- Sample 9: 0.9615
 -- Sample 10: 0.9627
 -- Sample 11: 0.9582
 -- Sample 12: 0.9522
 -- Sample 13: 0.9547
 -- Sample 14: 0.9538
 -- Sample 15: 0.9512
 -- Sample 16: 0.9491
 -- Sample 17: 0.9446
 -- Sample 18: 0.9405
 -- Sample 19: 0.9480
 -- Sample 20: 0.9342
 -- Sample 21: 0.9271
 -- Sample 22: 0.9303
 -- Sample 23: 0.9297
 -- Sample 24: 0.9706
Mean=0.9541, Std=0.0129
------------------------------------------------------------------
  Processing Batch 14 (Size: 25)...
Bias Error: using Single Component
Mean: 1.1454, Std: 0.8045
------------------------------------------------------------------
Magnitude Error: 
 -- Sample 0: mean=1.0161%; std=1.2396
 -- Sample 1: mean=0.9531%; std=1.3339
 -- Sample 2: mean=0.9501%; std=1.2914
 -- Sample 3: mean=2.4399%; std=1.5310
 -- Sample 4: mean=2.4282%; std=1.6407
 -- Sample 5: mean=2.4946%; std=1.6045
 -- Sample 6: mean=2.8506%; std=1.5941
 -- Sample 7: mean=4.8410%; std=1.8856
 -- Sample 8: mean=4.3107%; std=1.8046
 -- Sample 9: mean=4.1883%; std=1.7022
 -- Sample 10: mean=4.7530%; std=1.8732
 -- Sample 11: mean=1.2627%; std=1.0368
 -- Sample 12: mean=1.2207%; std=0.9987
 -- Sample 13: mean=1.1839%; std=1.0643
 -- Sample 14: mean=1.4196%; std=1.0056
 -- Sample 15: mean=0.7651%; std=1.0624
 -- Sample 16: mean=0.7238%; std=1.0320
 -- Sample 17: mean=0.7974%; std=1.1267
 -- Sample 18: mean=0.7761%; std=1.1245
 -- Sample 19: mean=1.5437%; std=1.3269
 -- Sample 20: mean=1.2277%; std=1.2962
 -- Sample 21: mean=1.8692%; std=1.5221
 -- Sample 22: mean=1.5271%; std=1.2417
 -- Sample 23: mean=1.2680%; std=1.2017
 -- Sample 24: mean=1.3715%; std=1.2582
Mean: 1.9273%, Std: 1.2710%
------------------------------------------------------------------
Correlation comparison:
 -- Sample 0: 0.9724
 -- Sample 1: 0.9703
 -- Sample 2: 0.9776
 -- Sample 3: 0.9415
 -- Sample 4: 0.9385
 -- Sample 5: 0.9395
 -- Sample 6: 0.9374
 -- Sample 7: 0.9539
 -- Sample 8: 0.9564
 -- Sample 9: 0.9584
 -- Sample 10: 0.9579
 -- Sample 11: 0.9634
 -- Sample 12: 0.9687
 -- Sample 13: 0.9696
 -- Sample 14: 0.9680
 -- Sample 15: 0.9752
 -- Sample 16: 0.9795
 -- Sample 17: 0.9760
 -- Sample 18: 0.9762
 -- Sample 19: 0.9633
 -- Sample 20: 0.9642
 -- Sample 21: 0.9473
 -- Sample 22: 0.9658
 -- Sample 23: 0.9607
 -- Sample 24: 0.9576
Mean=0.9616, Std=0.0125
------------------------------------------------------------------
  Processing Batch 15 (Size: 25)...
Bias Error: using Single Component
Mean: 0.6822, Std: 0.4760
------------------------------------------------------------------
Magnitude Error: 
 -- Sample 0: mean=1.1722%; std=1.2585
 -- Sample 1: mean=1.1937%; std=1.1317
 -- Sample 2: mean=0.7220%; std=1.0390
 -- Sample 3: mean=0.7589%; std=1.0492
 -- Sample 4: mean=0.8200%; std=1.0561
 -- Sample 5: mean=0.7538%; std=1.0518
 -- Sample 6: mean=0.8618%; std=1.0485
 -- Sample 7: mean=1.1053%; std=1.1539
 -- Sample 8: mean=1.0393%; std=1.1148
 -- Sample 9: mean=0.8522%; std=1.0021
 -- Sample 10: mean=0.7418%; std=0.8407
 -- Sample 11: mean=0.8547%; std=0.9419
 -- Sample 12: mean=1.0686%; std=0.9501
 -- Sample 13: mean=1.0979%; std=1.0430
 -- Sample 14: mean=0.8714%; std=0.9235
 -- Sample 15: mean=0.9412%; std=0.9590
 -- Sample 16: mean=0.9421%; std=1.0174
 -- Sample 17: mean=1.1079%; std=1.0305
 -- Sample 18: mean=1.0262%; std=1.0752
 -- Sample 19: mean=1.2340%; std=1.2915
 -- Sample 20: mean=1.1269%; std=1.0708
 -- Sample 21: mean=1.0229%; std=1.0411
 -- Sample 22: mean=2.3307%; std=1.4685
 -- Sample 23: mean=2.1375%; std=1.4991
 -- Sample 24: mean=2.3317%; std=1.5602
Mean: 1.1246%, Std: 0.4476%
------------------------------------------------------------------
Correlation comparison:
 -- Sample 0: 0.9613
 -- Sample 1: 0.9643
 -- Sample 2: 0.9529
 -- Sample 3: 0.9520
 -- Sample 4: 0.9598
 -- Sample 5: 0.9515
 -- Sample 6: 0.9783
 -- Sample 7: 0.9732
 -- Sample 8: 0.9750
 -- Sample 9: 0.9767
 -- Sample 10: 0.9793
 -- Sample 11: 0.9674
 -- Sample 12: 0.9651
 -- Sample 13: 0.9621
 -- Sample 14: 0.9756
 -- Sample 15: 0.9754
 -- Sample 16: 0.9721
 -- Sample 17: 0.9728
 -- Sample 18: 0.9803
 -- Sample 19: 0.9741
 -- Sample 20: 0.9802
 -- Sample 21: 0.9810
 -- Sample 22: 0.9337
 -- Sample 23: 0.9400
 -- Sample 24: 0.9279
Mean=0.9653, Std=0.0146
------------------------------------------------------------------
  Processing Batch 16 (Size: 25)...
Bias Error: using Single Component
Mean: 0.7308, Std: 0.8480
------------------------------------------------------------------
Magnitude Error: 
 -- Sample 0: mean=2.4485%; std=1.6480
 -- Sample 1: mean=2.6833%; std=1.8238
 -- Sample 2: mean=2.9508%; std=2.0119
 -- Sample 3: mean=2.7071%; std=1.7895
 -- Sample 4: mean=2.7144%; std=1.8220
 -- Sample 5: mean=0.9490%; std=0.8297
 -- Sample 6: mean=0.9807%; std=0.8648
 -- Sample 7: mean=0.8988%; std=0.8634
 -- Sample 8: mean=1.0177%; std=0.9583
 -- Sample 9: mean=0.9906%; std=1.1275
 -- Sample 10: mean=0.9475%; std=1.0288
 -- Sample 11: mean=0.8967%; std=1.0160
 -- Sample 12: mean=0.8332%; std=1.0339
 -- Sample 13: mean=0.7088%; std=0.8825
 -- Sample 14: mean=0.7619%; std=0.9132
 -- Sample 15: mean=0.7033%; std=0.9127
 -- Sample 16: mean=0.6450%; std=0.8751
 -- Sample 17: mean=1.1690%; std=1.4707
 -- Sample 18: mean=1.2862%; std=1.4091
 -- Sample 19: mean=1.1692%; std=1.4217
 -- Sample 20: mean=1.2465%; std=1.4269
 -- Sample 21: mean=1.0456%; std=1.0274
 -- Sample 22: mean=0.8334%; std=0.8886
 -- Sample 23: mean=0.7953%; std=0.8854
 -- Sample 24: mean=1.0049%; std=0.9626
Mean: 1.2955%, Std: 0.7236%
------------------------------------------------------------------
Correlation comparison:
 -- Sample 0: 0.9205
 -- Sample 1: 0.9245
 -- Sample 2: 0.9187
 -- Sample 3: 0.9315
 -- Sample 4: 0.9414
 -- Sample 5: 0.9740
 -- Sample 6: 0.9715
 -- Sample 7: 0.9702
 -- Sample 8: 0.9708
 -- Sample 9: 0.9841
 -- Sample 10: 0.9804
 -- Sample 11: 0.9866
 -- Sample 12: 0.9826
 -- Sample 13: 0.9833
 -- Sample 14: 0.9840
 -- Sample 15: 0.9814
 -- Sample 16: 0.9825
 -- Sample 17: 0.9767
 -- Sample 18: 0.9746
 -- Sample 19: 0.9763
 -- Sample 20: 0.9785
 -- Sample 21: 0.9782
 -- Sample 22: 0.9817
 -- Sample 23: 0.9826
 -- Sample 24: 0.9792
Mean=0.9686, Std=0.0214
------------------------------------------------------------------
  Processing Batch 17 (Size: 24)...
Bias Error: using Single Component
Mean: 1.0073, Std: 0.4138
------------------------------------------------------------------
Magnitude Error: 
 -- Sample 0: mean=1.1258%; std=1.1573
 -- Sample 1: mean=1.0311%; std=1.0770
 -- Sample 2: mean=1.1254%; std=1.1565
 -- Sample 3: mean=1.1615%; std=1.2309
 -- Sample 4: mean=0.8961%; std=0.8780
 -- Sample 5: mean=0.7087%; std=0.8709
 -- Sample 6: mean=0.7785%; std=0.8106
 -- Sample 7: mean=0.7623%; std=0.8723
 -- Sample 8: mean=0.8010%; std=1.0056
 -- Sample 9: mean=0.8233%; std=0.9559
 -- Sample 10: mean=0.7522%; std=0.9854
 -- Sample 11: mean=0.7403%; std=0.9857
 -- Sample 12: mean=1.7353%; std=1.5994
 -- Sample 13: mean=1.7557%; std=1.7509
 -- Sample 14: mean=1.3220%; std=1.4318
 -- Sample 15: mean=1.4303%; std=1.0862
 -- Sample 16: mean=1.4404%; std=1.3488
 -- Sample 17: mean=1.3658%; std=1.2502
 -- Sample 18: mean=1.8469%; std=1.6032
 -- Sample 19: mean=1.6094%; std=1.4017
 -- Sample 20: mean=1.3690%; std=1.4572
 -- Sample 21: mean=1.6260%; std=1.7872
 -- Sample 22: mean=1.3391%; std=1.4428
 -- Sample 23: mean=1.5088%; std=1.5061
Mean: 1.2106%, Std: 0.3602%
------------------------------------------------------------------
Correlation comparison:
 -- Sample 0: 0.9856
 -- Sample 1: 0.9851
 -- Sample 2: 0.9838
 -- Sample 3: 0.9823
 -- Sample 4: 0.9702
 -- Sample 5: 0.9715
 -- Sample 6: 0.9803
 -- Sample 7: 0.9739
 -- Sample 8: 0.9752
 -- Sample 9: 0.9670
 -- Sample 10: 0.9680
 -- Sample 11: 0.9631
 -- Sample 12: 0.9684
 -- Sample 13: 0.9659
 -- Sample 14: 0.9686
 -- Sample 15: 0.9766
 -- Sample 16: 0.9649
 -- Sample 17: 0.9635
 -- Sample 18: 0.9558
 -- Sample 19: 0.9604
 -- Sample 20: 0.9562
 -- Sample 21: 0.9413
 -- Sample 22: 0.9553
 -- Sample 23: 0.9546
Mean=0.9682, Std=0.0109
------------------------------------------------------------------

Processing Dataset: Berea Buff
  Processing Batch 1 (Size: 25)...
Bias Error: using Single Component
Mean: 0.9674, Std: 0.7689
------------------------------------------------------------------
Magnitude Error: 
 -- Sample 0: mean=3.7938%; std=1.6957
 -- Sample 1: mean=3.6053%; std=1.3413
 -- Sample 2: mean=3.7740%; std=1.3235
 -- Sample 3: mean=3.4206%; std=1.3528
 -- Sample 4: mean=1.8235%; std=1.5033
 -- Sample 5: mean=2.1387%; std=1.6711
 -- Sample 6: mean=2.2052%; std=1.6977
 -- Sample 7: mean=2.2356%; std=1.6647
 -- Sample 8: mean=1.1406%; std=1.1677
 -- Sample 9: mean=1.2443%; std=1.1773
 -- Sample 10: mean=1.5760%; std=1.3274
 -- Sample 11: mean=1.1924%; std=1.1873
 -- Sample 12: mean=0.7232%; std=0.8718
 -- Sample 13: mean=0.7016%; std=0.8874
 -- Sample 14: mean=0.8016%; std=0.9192
 -- Sample 15: mean=0.7847%; std=0.9044
 -- Sample 16: mean=1.6163%; std=1.5725
 -- Sample 17: mean=1.6201%; std=1.4784
 -- Sample 18: mean=1.5443%; std=1.5845
 -- Sample 19: mean=1.6468%; std=1.5293
 -- Sample 20: mean=2.2237%; std=2.1245
 -- Sample 21: mean=2.1285%; std=1.8505
 -- Sample 22: mean=2.0593%; std=1.8001
 -- Sample 23: mean=2.5179%; std=2.1303
 -- Sample 24: mean=1.2929%; std=1.4252
Mean: 1.9124%, Std: 0.9110%
------------------------------------------------------------------
Correlation comparison:
 -- Sample 0: 0.8978
 -- Sample 1: 0.9137
 -- Sample 2: 0.8905
 -- Sample 3: 0.9062
 -- Sample 4: 0.9677
 -- Sample 5: 0.9621
 -- Sample 6: 0.9644
 -- Sample 7: 0.9614
 -- Sample 8: 0.9752
 -- Sample 9: 0.9752
 -- Sample 10: 0.9681
 -- Sample 11: 0.9734
 -- Sample 12: 0.9866
 -- Sample 13: 0.9875
 -- Sample 14: 0.9869
 -- Sample 15: 0.9857
 -- Sample 16: 0.9270
 -- Sample 17: 0.9430
 -- Sample 18: 0.9444
 -- Sample 19: 0.9336
 -- Sample 20: 0.8651
 -- Sample 21: 0.8993
 -- Sample 22: 0.8911
 -- Sample 23: 0.8824
 -- Sample 24: 0.9770
Mean=0.9426, Std=0.0379
------------------------------------------------------------------
  Processing Batch 2 (Size: 25)...
Bias Error: using Single Component
Mean: 1.3824, Std: 1.0499
------------------------------------------------------------------
Magnitude Error: 
 -- Sample 0: mean=1.1610%; std=1.2784
 -- Sample 1: mean=1.2910%; std=1.4384
 -- Sample 2: mean=1.7464%; std=1.7024
 -- Sample 3: mean=0.9113%; std=1.2625
 -- Sample 4: mean=0.8842%; std=1.3288
 -- Sample 5: mean=0.8803%; std=1.2063
 -- Sample 6: mean=0.8322%; std=1.2110
 -- Sample 7: mean=1.4655%; std=1.1559
 -- Sample 8: mean=1.8282%; std=1.3286
 -- Sample 9: mean=1.9588%; std=1.5437
 -- Sample 10: mean=1.8095%; std=1.3401
 -- Sample 11: mean=5.6795%; std=2.8094
 -- Sample 12: mean=5.5555%; std=3.2764
 -- Sample 13: mean=5.2186%; std=3.0288
 -- Sample 14: mean=5.1000%; std=3.0700
 -- Sample 15: mean=0.9028%; std=1.0647
 -- Sample 16: mean=0.9122%; std=1.1241
 -- Sample 17: mean=0.8538%; std=1.0734
 -- Sample 18: mean=0.9450%; std=1.1186
 -- Sample 19: mean=1.1511%; std=1.1525
 -- Sample 20: mean=1.1631%; std=1.1273
 -- Sample 21: mean=1.1426%; std=1.0618
 -- Sample 22: mean=0.9735%; std=1.0533
 -- Sample 23: mean=2.8251%; std=1.6573
 -- Sample 24: mean=3.4568%; std=1.7641
Mean: 2.0259%, Std: 1.5954%
------------------------------------------------------------------
Correlation comparison:
 -- Sample 0: 0.9805
 -- Sample 1: 0.9769
 -- Sample 2: 0.9708
 -- Sample 3: 0.9752
 -- Sample 4: 0.9752
 -- Sample 5: 0.9699
 -- Sample 6: 0.9668
 -- Sample 7: 0.9699
 -- Sample 8: 0.9627
 -- Sample 9: 0.9519
 -- Sample 10: 0.9627
 -- Sample 11: 0.8011
 -- Sample 12: 0.7924
 -- Sample 13: 0.8012
 -- Sample 14: 0.8007
 -- Sample 15: 0.9634
 -- Sample 16: 0.9611
 -- Sample 17: 0.9679
 -- Sample 18: 0.9527
 -- Sample 19: 0.9602
 -- Sample 20: 0.9684
 -- Sample 21: 0.9590
 -- Sample 22: 0.9592
 -- Sample 23: 0.8203
 -- Sample 24: 0.8062
Mean=0.9271, Std=0.0698
------------------------------------------------------------------
  Processing Batch 3 (Size: 25)...
Bias Error: using Single Component
Mean: 1.4261, Std: 0.6641
------------------------------------------------------------------
Magnitude Error: 
 -- Sample 0: mean=2.8911%; std=1.4383
 -- Sample 1: mean=2.6380%; std=1.4832
 -- Sample 2: mean=1.0571%; std=1.2091
 -- Sample 3: mean=1.1640%; std=1.1392
 -- Sample 4: mean=1.1487%; std=1.1968
 -- Sample 5: mean=1.3975%; std=1.3690
 -- Sample 6: mean=0.8106%; std=1.1165
 -- Sample 7: mean=0.8465%; std=1.1555
 -- Sample 8: mean=0.7263%; std=1.1200
 -- Sample 9: mean=0.7354%; std=1.0835
 -- Sample 10: mean=2.1128%; std=1.2628
 -- Sample 11: mean=1.9691%; std=1.5720
 -- Sample 12: mean=2.1291%; std=1.7857
 -- Sample 13: mean=2.5968%; std=1.6054
 -- Sample 14: mean=1.2298%; std=1.6442
 -- Sample 15: mean=1.2571%; std=1.5427
 -- Sample 16: mean=1.4502%; std=1.5479
 -- Sample 17: mean=1.1830%; std=1.3631
 -- Sample 18: mean=1.9929%; std=1.3935
 -- Sample 19: mean=2.3066%; std=1.3874
 -- Sample 20: mean=2.2268%; std=1.5288
 -- Sample 21: mean=2.1649%; std=1.4792
 -- Sample 22: mean=1.7696%; std=1.8801
 -- Sample 23: mean=2.0759%; std=2.0139
 -- Sample 24: mean=1.7654%; std=1.7731
Mean: 1.6658%, Std: 0.6274%
------------------------------------------------------------------
Correlation comparison:
 -- Sample 0: 0.8338
 -- Sample 1: 0.8596
 -- Sample 2: 0.9700
 -- Sample 3: 0.9742
 -- Sample 4: 0.9703
 -- Sample 5: 0.9657
 -- Sample 6: 0.9779
 -- Sample 7: 0.9809
 -- Sample 8: 0.9792
 -- Sample 9: 0.9779
 -- Sample 10: 0.9584
 -- Sample 11: 0.9435
 -- Sample 12: 0.9432
 -- Sample 13: 0.9432
 -- Sample 14: 0.9364
 -- Sample 15: 0.9483
 -- Sample 16: 0.9460
 -- Sample 17: 0.9503
 -- Sample 18: 0.8789
 -- Sample 19: 0.8999
 -- Sample 20: 0.8540
 -- Sample 21: 0.8627
 -- Sample 22: 0.9582
 -- Sample 23: 0.9538
 -- Sample 24: 0.9633
Mean=0.9372, Std=0.0437
------------------------------------------------------------------
  Processing Batch 4 (Size: 25)...
Bias Error: using Single Component
Mean: 1.7300, Std: 0.8299
------------------------------------------------------------------
Magnitude Error: 
 -- Sample 0: mean=2.0438%; std=1.9724
 -- Sample 1: mean=0.9842%; std=1.3704
 -- Sample 2: mean=0.9783%; std=1.2827
 -- Sample 3: mean=1.0068%; std=1.2971
 -- Sample 4: mean=0.8304%; std=1.1054
 -- Sample 5: mean=3.9958%; std=2.4730
 -- Sample 6: mean=3.6652%; std=2.3812
 -- Sample 7: mean=3.8830%; std=2.2854
 -- Sample 8: mean=3.9722%; std=2.3781
 -- Sample 9: mean=1.9152%; std=1.7168
 -- Sample 10: mean=2.6702%; std=2.0070
 -- Sample 11: mean=2.4137%; std=1.9274
 -- Sample 12: mean=2.0365%; std=1.7019
 -- Sample 13: mean=1.0612%; std=1.1251
 -- Sample 14: mean=0.8883%; std=1.0369
 -- Sample 15: mean=1.0534%; std=1.0943
 -- Sample 16: mean=0.8501%; std=1.0557
 -- Sample 17: mean=1.1208%; std=1.3530
 -- Sample 18: mean=1.2569%; std=1.6236
 -- Sample 19: mean=1.1615%; std=1.4044
 -- Sample 20: mean=1.0759%; std=1.3430
 -- Sample 21: mean=1.2689%; std=1.6206
 -- Sample 22: mean=1.5351%; std=1.7687
 -- Sample 23: mean=1.6360%; std=1.7475
 -- Sample 24: mean=1.5908%; std=1.7348
Mean: 1.7958%, Std: 1.0291%
------------------------------------------------------------------
Correlation comparison:
 -- Sample 0: 0.9555
 -- Sample 1: 0.9652
 -- Sample 2: 0.9686
 -- Sample 3: 0.9697
 -- Sample 4: 0.9687
 -- Sample 5: 0.8638
 -- Sample 6: 0.8740
 -- Sample 7: 0.8599
 -- Sample 8: 0.8594
 -- Sample 9: 0.9490
 -- Sample 10: 0.9310
 -- Sample 11: 0.9368
 -- Sample 12: 0.9498
 -- Sample 13: 0.9305
 -- Sample 14: 0.9317
 -- Sample 15: 0.9354
 -- Sample 16: 0.9308
 -- Sample 17: 0.9489
 -- Sample 18: 0.9360
 -- Sample 19: 0.9557
 -- Sample 20: 0.9437
 -- Sample 21: 0.9349
 -- Sample 22: 0.9048
 -- Sample 23: 0.9015
 -- Sample 24: 0.9217
Mean=0.9291, Std=0.0331
------------------------------------------------------------------
  Processing Batch 5 (Size: 25)...
Bias Error: using Single Component
Mean: 0.6233, Std: 0.4249
------------------------------------------------------------------
Magnitude Error: 
 -- Sample 0: mean=2.1958%; std=2.3734
 -- Sample 1: mean=2.2740%; std=2.4800
 -- Sample 2: mean=2.1615%; std=2.4478
 -- Sample 3: mean=2.3188%; std=2.5727
 -- Sample 4: mean=1.2730%; std=1.2251
 -- Sample 5: mean=1.2806%; std=1.2169
 -- Sample 6: mean=1.2436%; std=1.1557
 -- Sample 7: mean=1.2919%; std=1.2770
 -- Sample 8: mean=0.8265%; std=0.9391
 -- Sample 9: mean=0.7145%; std=0.8794
 -- Sample 10: mean=0.7092%; std=0.8738
 -- Sample 11: mean=0.9023%; std=1.0250
 -- Sample 12: mean=1.5667%; std=2.3479
 -- Sample 13: mean=1.4981%; std=2.1607
 -- Sample 14: mean=1.2026%; std=1.7029
 -- Sample 15: mean=1.2988%; std=1.8785
 -- Sample 16: mean=1.4033%; std=1.3059
 -- Sample 17: mean=1.3773%; std=1.3037
 -- Sample 18: mean=1.3342%; std=1.3658
 -- Sample 19: mean=1.4360%; std=1.3898
 -- Sample 20: mean=2.8651%; std=1.8748
 -- Sample 21: mean=2.1774%; std=1.5764
 -- Sample 22: mean=2.2604%; std=1.6370
 -- Sample 23: mean=2.4410%; std=1.7757
 -- Sample 24: mean=1.5175%; std=1.5123
Mean: 1.5828%, Std: 0.5747%
------------------------------------------------------------------
Correlation comparison:
 -- Sample 0: 0.9134
 -- Sample 1: 0.9227
 -- Sample 2: 0.9288
 -- Sample 3: 0.9134
 -- Sample 4: 0.9690
 -- Sample 5: 0.9692
 -- Sample 6: 0.9751
 -- Sample 7: 0.9716
 -- Sample 8: 0.9806
 -- Sample 9: 0.9814
 -- Sample 10: 0.9779
 -- Sample 11: 0.9785
 -- Sample 12: 0.9573
 -- Sample 13: 0.9648
 -- Sample 14: 0.9735
 -- Sample 15: 0.9690
 -- Sample 16: 0.9535
 -- Sample 17: 0.9539
 -- Sample 18: 0.9496
 -- Sample 19: 0.9541
 -- Sample 20: 0.9570
 -- Sample 21: 0.9718
 -- Sample 22: 0.9646
 -- Sample 23: 0.9657
 -- Sample 24: 0.9733
Mean=0.9596, Std=0.0197
------------------------------------------------------------------
  Processing Batch 6 (Size: 25)...
Bias Error: using Single Component
Mean: 0.9234, Std: 0.7696
------------------------------------------------------------------
Magnitude Error: 
 -- Sample 0: mean=1.5903%; std=1.6439
 -- Sample 1: mean=1.5454%; std=1.3619
 -- Sample 2: mean=1.1452%; std=1.1825
 -- Sample 3: mean=0.7390%; std=1.1888
 -- Sample 4: mean=0.7628%; std=1.2284
 -- Sample 5: mean=0.8281%; std=1.2142
 -- Sample 6: mean=0.7842%; std=1.2443
 -- Sample 7: mean=1.4098%; std=1.8054
 -- Sample 8: mean=1.3397%; std=1.3997
 -- Sample 9: mean=1.4097%; std=1.3369
 -- Sample 10: mean=1.2342%; std=1.4279
 -- Sample 11: mean=0.7999%; std=0.9968
 -- Sample 12: mean=0.7292%; std=0.9063
 -- Sample 13: mean=0.6852%; std=0.9201
 -- Sample 14: mean=0.7316%; std=0.9275
 -- Sample 15: mean=1.5816%; std=1.6568
 -- Sample 16: mean=1.5094%; std=1.5643
 -- Sample 17: mean=1.6620%; std=1.5850
 -- Sample 18: mean=1.6363%; std=1.6420
 -- Sample 19: mean=1.6380%; std=0.9354
 -- Sample 20: mean=1.6069%; std=0.9860
 -- Sample 21: mean=1.5508%; std=0.9687
 -- Sample 22: mean=1.5255%; std=0.9551
 -- Sample 23: mean=3.2234%; std=2.8502
 -- Sample 24: mean=2.7246%; std=2.2968
Mean: 1.3757%, Std: 0.5947%
------------------------------------------------------------------
Correlation comparison:
 -- Sample 0: 0.9698
 -- Sample 1: 0.9761
 -- Sample 2: 0.9801
 -- Sample 3: 0.9248
 -- Sample 4: 0.9546
 -- Sample 5: 0.9475
 -- Sample 6: 0.9597
 -- Sample 7: 0.9730
 -- Sample 8: 0.9785
 -- Sample 9: 0.9768
 -- Sample 10: 0.9787
 -- Sample 11: 0.9814
 -- Sample 12: 0.9837
 -- Sample 13: 0.9845
 -- Sample 14: 0.9838
 -- Sample 15: 0.9518
 -- Sample 16: 0.9513
 -- Sample 17: 0.9575
 -- Sample 18: 0.9469
 -- Sample 19: 0.9830
 -- Sample 20: 0.9821
 -- Sample 21: 0.9812
 -- Sample 22: 0.9831
 -- Sample 23: 0.8268
 -- Sample 24: 0.8601
Mean=0.9591, Std=0.0377
------------------------------------------------------------------
  Processing Batch 7 (Size: 25)...
Bias Error: using Single Component
Mean: 1.6656, Std: 1.5129
------------------------------------------------------------------
Magnitude Error: 
 -- Sample 0: mean=3.3103%; std=2.5942
 -- Sample 1: mean=2.9658%; std=2.5021
 -- Sample 2: mean=5.3927%; std=2.2865
 -- Sample 3: mean=5.4601%; std=2.0895
 -- Sample 4: mean=4.7041%; std=1.8676
 -- Sample 5: mean=4.9052%; std=2.1772
 -- Sample 6: mean=1.9516%; std=1.8339
 -- Sample 7: mean=2.3118%; std=2.1557
 -- Sample 8: mean=2.3561%; std=2.4637
 -- Sample 9: mean=2.3335%; std=2.4065
 -- Sample 10: mean=0.6190%; std=0.9927
 -- Sample 11: mean=0.6532%; std=0.9969
 -- Sample 12: mean=0.6122%; std=0.9683
 -- Sample 13: mean=0.6610%; std=1.0039
 -- Sample 14: mean=2.5954%; std=1.6576
 -- Sample 15: mean=2.0126%; std=1.5091
 -- Sample 16: mean=2.4969%; std=1.8313
 -- Sample 17: mean=2.8971%; std=1.7465
 -- Sample 18: mean=1.3021%; std=1.1294
 -- Sample 19: mean=1.2466%; std=1.0362
 -- Sample 20: mean=1.2079%; std=1.0243
 -- Sample 21: mean=1.1128%; std=1.0788
 -- Sample 22: mean=1.3399%; std=1.1692
 -- Sample 23: mean=1.4801%; std=1.2642
 -- Sample 24: mean=1.4995%; std=1.2216
Mean: 2.2971%, Std: 1.4462%
------------------------------------------------------------------
Correlation comparison:
 -- Sample 0: 0.8263
 -- Sample 1: 0.8237
 -- Sample 2: 0.7917
 -- Sample 3: 0.7969
 -- Sample 4: 0.8365
 -- Sample 5: 0.7982
 -- Sample 6: 0.9031
 -- Sample 7: 0.8788
 -- Sample 8: 0.8560
 -- Sample 9: 0.8805
 -- Sample 10: 0.9878
 -- Sample 11: 0.9870
 -- Sample 12: 0.9875
 -- Sample 13: 0.9871
 -- Sample 14: 0.9339
 -- Sample 15: 0.9471
 -- Sample 16: 0.9304
 -- Sample 17: 0.9295
 -- Sample 18: 0.9758
 -- Sample 19: 0.9767
 -- Sample 20: 0.9741
 -- Sample 21: 0.9776
 -- Sample 22: 0.9710
 -- Sample 23: 0.9686
 -- Sample 24: 0.9637
Mean=0.9156, Std=0.0685
------------------------------------------------------------------
  Processing Batch 8 (Size: 25)...
Bias Error: using Single Component
Mean: 0.9592, Std: 0.4664
------------------------------------------------------------------
Magnitude Error: 
 -- Sample 0: mean=1.2950%; std=1.1384
 -- Sample 1: mean=1.2872%; std=1.0485
 -- Sample 2: mean=1.0800%; std=0.9583
 -- Sample 3: mean=1.3093%; std=1.0620
 -- Sample 4: mean=1.2395%; std=0.9949
 -- Sample 5: mean=0.9401%; std=1.1910
 -- Sample 6: mean=1.0063%; std=1.0648
 -- Sample 7: mean=0.9414%; std=1.1837
 -- Sample 8: mean=1.1206%; std=1.1872
 -- Sample 9: mean=0.7939%; std=1.0851
 -- Sample 10: mean=0.8110%; std=1.0648
 -- Sample 11: mean=0.7743%; std=1.1011
 -- Sample 12: mean=0.8584%; std=1.0809
 -- Sample 13: mean=1.1113%; std=1.1235
 -- Sample 14: mean=0.9721%; std=0.9972
 -- Sample 15: mean=1.2518%; std=1.1674
 -- Sample 16: mean=1.1705%; std=1.1949
 -- Sample 17: mean=0.7243%; std=0.9340
 -- Sample 18: mean=0.8067%; std=0.9259
 -- Sample 19: mean=0.7838%; std=0.9684
 -- Sample 20: mean=0.7388%; std=0.9341
 -- Sample 21: mean=1.9432%; std=1.7711
 -- Sample 22: mean=1.5465%; std=1.4643
 -- Sample 23: mean=1.6505%; std=1.5398
 -- Sample 24: mean=1.7435%; std=1.6680
Mean: 1.1160%, Std: 0.3263%
------------------------------------------------------------------
Correlation comparison:
 -- Sample 0: 0.9704
 -- Sample 1: 0.9729
 -- Sample 2: 0.9737
 -- Sample 3: 0.9702
 -- Sample 4: 0.9734
 -- Sample 5: 0.9653
 -- Sample 6: 0.9719
 -- Sample 7: 0.9623
 -- Sample 8: 0.9658
 -- Sample 9: 0.9841
 -- Sample 10: 0.9839
 -- Sample 11: 0.9852
 -- Sample 12: 0.9830
 -- Sample 13: 0.9634
 -- Sample 14: 0.9648
 -- Sample 15: 0.9572
 -- Sample 16: 0.9657
 -- Sample 17: 0.9671
 -- Sample 18: 0.9714
 -- Sample 19: 0.9624
 -- Sample 20: 0.9517
 -- Sample 21: 0.9116
 -- Sample 22: 0.9185
 -- Sample 23: 0.9240
 -- Sample 24: 0.9101
Mean=0.9612, Std=0.0214
------------------------------------------------------------------
  Processing Batch 9 (Size: 8)...
Bias Error: using Single Component
Mean: 0.7609, Std: 0.5423
------------------------------------------------------------------
Magnitude Error: 
 -- Sample 0: mean=1.1611%; std=1.2819
 -- Sample 1: mean=1.2073%; std=1.3231
 -- Sample 2: mean=1.2556%; std=1.4278
 -- Sample 3: mean=1.2085%; std=1.4485
 -- Sample 4: mean=1.9890%; std=1.3793
 -- Sample 5: mean=2.1191%; std=1.4057
 -- Sample 6: mean=2.5741%; std=1.4585
 -- Sample 7: mean=2.3625%; std=1.4612
Mean: 1.7346%, Std: 0.5506%
------------------------------------------------------------------
Correlation comparison:
 -- Sample 0: 0.9687
 -- Sample 1: 0.9708
 -- Sample 2: 0.9655
 -- Sample 3: 0.9681
 -- Sample 4: 0.9327
 -- Sample 5: 0.9348
 -- Sample 6: 0.9297
 -- Sample 7: 0.9276
Mean=0.9497, Std=0.0187
------------------------------------------------------------------

Processing Dataset: Leopard
  Processing Batch 1 (Size: 25)...
Bias Error: using Single Component
Mean: 1.8712, Std: 1.3541
------------------------------------------------------------------
Magnitude Error: 
 -- Sample 0: mean=0.9926%; std=1.2047
 -- Sample 1: mean=1.0811%; std=1.3539
 -- Sample 2: mean=1.1865%; std=1.5524
 -- Sample 3: mean=1.3241%; std=1.6354
 -- Sample 4: mean=1.1125%; std=1.1431
 -- Sample 5: mean=1.4113%; std=1.4912
 -- Sample 6: mean=1.2518%; std=1.2084
 -- Sample 7: mean=1.4478%; std=1.3301
 -- Sample 8: mean=2.4073%; std=1.5988
 -- Sample 9: mean=2.3775%; std=1.4080
 -- Sample 10: mean=2.5586%; std=1.8032
 -- Sample 11: mean=2.4892%; std=1.6563
 -- Sample 12: mean=1.3501%; std=1.6655
 -- Sample 13: mean=1.3719%; std=1.5708
 -- Sample 14: mean=1.3010%; std=1.4742
 -- Sample 15: mean=1.4700%; std=1.6324
 -- Sample 16: mean=3.1975%; std=1.6987
 -- Sample 17: mean=2.5149%; std=1.9006
 -- Sample 18: mean=2.4582%; std=2.2225
 -- Sample 19: mean=2.6436%; std=1.7905
 -- Sample 20: mean=2.2636%; std=1.8090
 -- Sample 21: mean=2.0843%; std=1.7555
 -- Sample 22: mean=2.2994%; std=1.8422
 -- Sample 23: mean=2.2521%; std=2.1259
 -- Sample 24: mean=2.4192%; std=1.5558
Mean: 1.8906%, Std: 0.6278%
------------------------------------------------------------------
Correlation comparison:
 -- Sample 0: 0.9798
 -- Sample 1: 0.9730
 -- Sample 2: 0.9774
 -- Sample 3: 0.9753
 -- Sample 4: 0.9844
 -- Sample 5: 0.9790
 -- Sample 6: 0.9830
 -- Sample 7: 0.9804
 -- Sample 8: 0.9017
 -- Sample 9: 0.9202
 -- Sample 10: 0.8785
 -- Sample 11: 0.8966
 -- Sample 12: 0.9445
 -- Sample 13: 0.9464
 -- Sample 14: 0.9511
 -- Sample 15: 0.9290
 -- Sample 16: 0.8042
 -- Sample 17: 0.7302
 -- Sample 18: 0.7203
 -- Sample 19: 0.7521
 -- Sample 20: 0.9575
 -- Sample 21: 0.9584
 -- Sample 22: 0.9545
 -- Sample 23: 0.9448
 -- Sample 24: 0.8998
Mean=0.9169, Std=0.0788
------------------------------------------------------------------
  Processing Batch 2 (Size: 25)...
Bias Error: using Single Component
Mean: 0.8423, Std: 0.7729
------------------------------------------------------------------
Magnitude Error: 
 -- Sample 0: mean=3.2834%; std=1.8092
 -- Sample 1: mean=2.5969%; std=1.5999
 -- Sample 2: mean=2.9678%; std=1.6479
 -- Sample 3: mean=0.9055%; std=1.2136
 -- Sample 4: mean=0.9186%; std=1.2452
 -- Sample 5: mean=0.8875%; std=1.2033
 -- Sample 6: mean=0.9031%; std=1.2710
 -- Sample 7: mean=1.8260%; std=1.5190
 -- Sample 8: mean=1.6006%; std=1.3476
 -- Sample 9: mean=1.6671%; std=1.4918
 -- Sample 10: mean=1.5063%; std=1.3988
 -- Sample 11: mean=1.5413%; std=1.2730
 -- Sample 12: mean=2.0286%; std=1.5925
 -- Sample 13: mean=1.9196%; std=1.5140
 -- Sample 14: mean=1.4013%; std=1.2665
 -- Sample 15: mean=0.9598%; std=1.1770
 -- Sample 16: mean=0.9937%; std=1.1432
 -- Sample 17: mean=1.1313%; std=1.3090
 -- Sample 18: mean=0.9321%; std=1.2171
 -- Sample 19: mean=2.2937%; std=1.7007
 -- Sample 20: mean=2.0869%; std=1.6659
 -- Sample 21: mean=2.2824%; std=1.8216
 -- Sample 22: mean=2.1091%; std=1.6305
 -- Sample 23: mean=0.6386%; std=1.0725
 -- Sample 24: mean=0.6773%; std=1.0694
Mean: 1.6023%, Std: 0.7126%
------------------------------------------------------------------
Correlation comparison:
 -- Sample 0: 0.8908
 -- Sample 1: 0.8962
 -- Sample 2: 0.9024
 -- Sample 3: 0.9699
 -- Sample 4: 0.9726
 -- Sample 5: 0.9743
 -- Sample 6: 0.9694
 -- Sample 7: 0.9592
 -- Sample 8: 0.9588
 -- Sample 9: 0.9542
 -- Sample 10: 0.9512
 -- Sample 11: 0.9338
 -- Sample 12: 0.9238
 -- Sample 13: 0.9292
 -- Sample 14: 0.9432
 -- Sample 15: 0.9745
 -- Sample 16: 0.9776
 -- Sample 17: 0.9706
 -- Sample 18: 0.9738
 -- Sample 19: 0.9607
 -- Sample 20: 0.9575
 -- Sample 21: 0.9547
 -- Sample 22: 0.9657
 -- Sample 23: 0.9493
 -- Sample 24: 0.9585
Mean=0.9509, Std=0.0245
------------------------------------------------------------------
  Processing Batch 3 (Size: 25)...
Bias Error: using Single Component
Mean: 0.3907, Std: 0.3639
------------------------------------------------------------------
Magnitude Error: 
 -- Sample 0: mean=0.7052%; std=1.1261
 -- Sample 1: mean=0.6793%; std=1.1186
 -- Sample 2: mean=0.7805%; std=0.9480
 -- Sample 3: mean=0.8216%; std=0.9230
 -- Sample 4: mean=0.8911%; std=0.9159
 -- Sample 5: mean=0.8893%; std=0.9531
 -- Sample 6: mean=1.3053%; std=1.2112
 -- Sample 7: mean=1.2676%; std=0.9778
 -- Sample 8: mean=1.0411%; std=0.9022
 -- Sample 9: mean=1.3893%; std=1.3066
 -- Sample 10: mean=0.9435%; std=1.2900
 -- Sample 11: mean=0.9322%; std=1.3442
 -- Sample 12: mean=0.9558%; std=1.2782
 -- Sample 13: mean=0.9168%; std=1.3200
 -- Sample 14: mean=0.8790%; std=1.1768
 -- Sample 15: mean=1.1244%; std=1.4535
 -- Sample 16: mean=0.9495%; std=1.2819
 -- Sample 17: mean=0.9829%; std=1.2584
 -- Sample 18: mean=0.8802%; std=1.1804
 -- Sample 19: mean=0.8412%; std=1.1957
 -- Sample 20: mean=0.8466%; std=1.1821
 -- Sample 21: mean=0.9517%; std=1.2193
 -- Sample 22: mean=1.4199%; std=1.5570
 -- Sample 23: mean=1.5961%; std=1.9631
 -- Sample 24: mean=1.3093%; std=1.6499
Mean: 1.0120%, Std: 0.2324%
------------------------------------------------------------------
Correlation comparison:
 -- Sample 0: 0.9499
 -- Sample 1: 0.9499
 -- Sample 2: 0.9833
 -- Sample 3: 0.9846
 -- Sample 4: 0.9840
 -- Sample 5: 0.9811
 -- Sample 6: 0.9306
 -- Sample 7: 0.9474
 -- Sample 8: 0.9551
 -- Sample 9: 0.9264
 -- Sample 10: 0.9819
 -- Sample 11: 0.9813
 -- Sample 12: 0.9816
 -- Sample 13: 0.9816
 -- Sample 14: 0.9650
 -- Sample 15: 0.9559
 -- Sample 16: 0.9627
 -- Sample 17: 0.9633
 -- Sample 18: 0.9890
 -- Sample 19: 0.9892
 -- Sample 20: 0.9890
 -- Sample 21: 0.9884
 -- Sample 22: 0.9390
 -- Sample 23: 0.9415
 -- Sample 24: 0.9404
Mean=0.9657, Std=0.0202
------------------------------------------------------------------
  Processing Batch 4 (Size: 25)...
Bias Error: using Single Component
Mean: 0.9659, Std: 0.7629
------------------------------------------------------------------
Magnitude Error: 
 -- Sample 0: mean=1.5392%; std=1.8204
 -- Sample 1: mean=3.5419%; std=2.2240
 -- Sample 2: mean=3.5941%; std=2.2669
 -- Sample 3: mean=3.5718%; std=2.2503
 -- Sample 4: mean=3.6094%; std=2.2432
 -- Sample 5: mean=1.0903%; std=1.1866
 -- Sample 6: mean=1.2651%; std=1.3224
 -- Sample 7: mean=1.3492%; std=1.5725
 -- Sample 8: mean=1.3706%; std=1.5162
 -- Sample 9: mean=1.3767%; std=1.0662
 -- Sample 10: mean=1.3617%; std=1.0379
 -- Sample 11: mean=1.1746%; std=0.9992
 -- Sample 12: mean=1.7886%; std=1.4626
 -- Sample 13: mean=1.5658%; std=1.5473
 -- Sample 14: mean=1.6521%; std=1.5122
 -- Sample 15: mean=1.3926%; std=1.4695
 -- Sample 16: mean=1.3964%; std=1.4804
 -- Sample 17: mean=0.9432%; std=1.3590
 -- Sample 18: mean=0.9325%; std=1.4822
 -- Sample 19: mean=0.9057%; std=1.3597
 -- Sample 20: mean=0.9141%; std=1.4174
 -- Sample 21: mean=0.9197%; std=1.2413
 -- Sample 22: mean=0.8225%; std=1.2103
 -- Sample 23: mean=0.8487%; std=1.2438
 -- Sample 24: mean=0.8486%; std=1.2260
Mean: 1.5910%, Std: 0.9077%
------------------------------------------------------------------
Correlation comparison:
 -- Sample 0: 0.9386
 -- Sample 1: 0.9095
 -- Sample 2: 0.9045
 -- Sample 3: 0.8873
 -- Sample 4: 0.9077
 -- Sample 5: 0.9744
 -- Sample 6: 0.9713
 -- Sample 7: 0.9701
 -- Sample 8: 0.9696
 -- Sample 9: 0.9678
 -- Sample 10: 0.9608
 -- Sample 11: 0.9724
 -- Sample 12: 0.9593
 -- Sample 13: 0.9623
 -- Sample 14: 0.9645
 -- Sample 15: 0.9666
 -- Sample 16: 0.9584
 -- Sample 17: 0.9421
 -- Sample 18: 0.9282
 -- Sample 19: 0.9220
 -- Sample 20: 0.9411
 -- Sample 21: 0.9836
 -- Sample 22: 0.9837
 -- Sample 23: 0.9852
 -- Sample 24: 0.9836
Mean=0.9526, Std=0.0276
------------------------------------------------------------------
  Processing Batch 5 (Size: 25)...
Bias Error: using Single Component
Mean: 1.1249, Std: 0.5489
------------------------------------------------------------------
Magnitude Error: 
 -- Sample 0: mean=4.9297%; std=1.9552
 -- Sample 1: mean=4.3204%; std=1.8901
 -- Sample 2: mean=4.8989%; std=1.8184
 -- Sample 3: mean=3.9142%; std=1.6220
 -- Sample 4: mean=2.9848%; std=2.4699
 -- Sample 5: mean=3.0488%; std=2.4075
 -- Sample 6: mean=3.3072%; std=2.2480
 -- Sample 7: mean=3.1343%; std=2.3407
 -- Sample 8: mean=1.0557%; std=1.3184
 -- Sample 9: mean=0.9769%; std=1.3579
 -- Sample 10: mean=0.9868%; std=1.3045
 -- Sample 11: mean=1.1578%; std=1.3577
 -- Sample 12: mean=1.2573%; std=1.4230
 -- Sample 13: mean=1.2659%; std=1.4721
 -- Sample 14: mean=1.0944%; std=1.3929
 -- Sample 15: mean=0.9881%; std=1.4145
 -- Sample 16: mean=1.2657%; std=1.3196
 -- Sample 17: mean=1.3021%; std=1.2564
 -- Sample 18: mean=1.3504%; std=1.3375
 -- Sample 19: mean=1.2546%; std=1.3553
 -- Sample 20: mean=1.0636%; std=1.3796
 -- Sample 21: mean=1.2369%; std=1.7071
 -- Sample 22: mean=1.2898%; std=1.6960
 -- Sample 23: mean=1.0357%; std=1.3762
 -- Sample 24: mean=1.8430%; std=1.5009
Mean: 2.0385%, Std: 1.3053%
------------------------------------------------------------------
Correlation comparison:
 -- Sample 0: 0.9423
 -- Sample 1: 0.9428
 -- Sample 2: 0.9462
 -- Sample 3: 0.9496
 -- Sample 4: 0.8886
 -- Sample 5: 0.8875
 -- Sample 6: 0.9019
 -- Sample 7: 0.9001
 -- Sample 8: 0.9558
 -- Sample 9: 0.9623
 -- Sample 10: 0.9556
 -- Sample 11: 0.9493
 -- Sample 12: 0.9613
 -- Sample 13: 0.9600
 -- Sample 14: 0.9470
 -- Sample 15: 0.9626
 -- Sample 16: 0.9642
 -- Sample 17: 0.9665
 -- Sample 18: 0.9590
 -- Sample 19: 0.9653
 -- Sample 20: 0.9788
 -- Sample 21: 0.9741
 -- Sample 22: 0.9738
 -- Sample 23: 0.9793
 -- Sample 24: 0.6241
Mean=0.9359, Std=0.0687
------------------------------------------------------------------
  Processing Batch 6 (Size: 25)...
Bias Error: using Single Component
Mean: 1.3555, Std: 0.9385
------------------------------------------------------------------
Magnitude Error: 
 -- Sample 0: mean=1.8899%; std=1.6129
 -- Sample 1: mean=3.1003%; std=2.1844
 -- Sample 2: mean=2.5568%; std=1.8104
 -- Sample 3: mean=0.9553%; std=1.2189
 -- Sample 4: mean=1.1792%; std=1.2658
 -- Sample 5: mean=1.0611%; std=1.2410
 -- Sample 6: mean=1.0397%; std=1.3102
 -- Sample 7: mean=2.5252%; std=2.1397
 -- Sample 8: mean=3.0320%; std=2.2829
 -- Sample 9: mean=2.8937%; std=2.0488
 -- Sample 10: mean=2.5799%; std=2.0569
 -- Sample 11: mean=1.0031%; std=1.2591
 -- Sample 12: mean=0.8913%; std=1.1073
 -- Sample 13: mean=1.0430%; std=1.2536
 -- Sample 14: mean=1.1126%; std=1.3568
 -- Sample 15: mean=2.6010%; std=1.7984
 -- Sample 16: mean=2.8061%; std=1.8763
 -- Sample 17: mean=3.3073%; std=2.0225
 -- Sample 18: mean=3.3040%; std=2.0867
 -- Sample 19: mean=2.2354%; std=2.2491
 -- Sample 20: mean=2.3370%; std=2.4956
 -- Sample 21: mean=2.0056%; std=2.2666
 -- Sample 22: mean=1.9531%; std=2.2330
 -- Sample 23: mean=0.6515%; std=1.0607
 -- Sample 24: mean=0.6825%; std=1.0529
Mean: 1.9499%, Std: 0.8851%
------------------------------------------------------------------
Correlation comparison:
 -- Sample 0: 0.5906
 -- Sample 1: 0.5334
 -- Sample 2: 0.5376
 -- Sample 3: 0.9564
 -- Sample 4: 0.9553
 -- Sample 5: 0.9583
 -- Sample 6: 0.9565
 -- Sample 7: 0.9324
 -- Sample 8: 0.9319
 -- Sample 9: 0.9371
 -- Sample 10: 0.9344
 -- Sample 11: 0.9708
 -- Sample 12: 0.9756
 -- Sample 13: 0.9682
 -- Sample 14: 0.9698
 -- Sample 15: 0.9407
 -- Sample 16: 0.9396
 -- Sample 17: 0.9335
 -- Sample 18: 0.9327
 -- Sample 19: 0.8783
 -- Sample 20: 0.8577
 -- Sample 21: 0.8641
 -- Sample 22: 0.8675
 -- Sample 23: 0.9649
 -- Sample 24: 0.9659
Mean=0.8901, Std=0.1289
------------------------------------------------------------------
  Processing Batch 7 (Size: 25)...
Bias Error: using Single Component
Mean: 1.6536, Std: 2.3099
------------------------------------------------------------------
Magnitude Error: 
 -- Sample 0: mean=0.6784%; std=1.1143
 -- Sample 1: mean=0.6467%; std=1.0195
 -- Sample 2: mean=1.0138%; std=1.1876
 -- Sample 3: mean=0.8867%; std=1.1823
 -- Sample 4: mean=0.9658%; std=1.1094
 -- Sample 5: mean=0.9188%; std=1.2152
 -- Sample 6: mean=1.1673%; std=1.3404
 -- Sample 7: mean=1.0804%; std=1.1839
 -- Sample 8: mean=1.0445%; std=1.2507
 -- Sample 9: mean=1.1123%; std=1.3373
 -- Sample 10: mean=0.6767%; std=1.0408
 -- Sample 11: mean=0.7163%; std=1.0681
 -- Sample 12: mean=0.6987%; std=1.0552
 -- Sample 13: mean=0.6604%; std=1.0846
 -- Sample 14: mean=2.3910%; std=2.3032
 -- Sample 15: mean=2.5361%; std=2.1039
 -- Sample 16: mean=2.4228%; std=2.4916
 -- Sample 17: mean=2.3951%; std=2.4894
 -- Sample 18: mean=5.5963%; std=3.0156
 -- Sample 19: mean=5.9739%; std=3.1788
 -- Sample 20: mean=6.3854%; std=3.1296
 -- Sample 21: mean=6.0996%; std=2.8944
 -- Sample 22: mean=0.6338%; std=0.9560
 -- Sample 23: mean=0.6912%; std=1.0393
 -- Sample 24: mean=0.6652%; std=1.0135
Mean: 1.9223%, Std: 1.8858%
------------------------------------------------------------------
Correlation comparison:
 -- Sample 0: 0.9633
 -- Sample 1: 0.9638
 -- Sample 2: 0.9715
 -- Sample 3: 0.9724
 -- Sample 4: 0.9735
 -- Sample 5: 0.9694
 -- Sample 6: 0.9741
 -- Sample 7: 0.9776
 -- Sample 8: 0.9763
 -- Sample 9: 0.9694
 -- Sample 10: 0.9868
 -- Sample 11: 0.9815
 -- Sample 12: 0.9835
 -- Sample 13: 0.9807
 -- Sample 14: 0.9020
 -- Sample 15: 0.9107
 -- Sample 16: 0.8908
 -- Sample 17: 0.8925
 -- Sample 18: 0.1669
 -- Sample 19: 0.1447
 -- Sample 20: 0.1354
 -- Sample 21: 0.1639
 -- Sample 22: 0.9868
 -- Sample 23: 0.9862
 -- Sample 24: 0.9860
Mean=0.8324, Std=0.2981
------------------------------------------------------------------
  Processing Batch 8 (Size: 25)...
Bias Error: using Single Component
Mean: 1.2414, Std: 0.3608
------------------------------------------------------------------
Magnitude Error: 
 -- Sample 0: mean=0.6566%; std=0.9614
 -- Sample 1: mean=2.5502%; std=2.3665
 -- Sample 2: mean=2.1547%; std=2.0962
 -- Sample 3: mean=2.5620%; std=2.4686
 -- Sample 4: mean=1.9034%; std=1.9760
 -- Sample 5: mean=1.2694%; std=1.2735
 -- Sample 6: mean=1.3712%; std=1.2658
 -- Sample 7: mean=1.4854%; std=1.4501
 -- Sample 8: mean=1.5293%; std=1.5134
 -- Sample 9: mean=0.9187%; std=1.2490
 -- Sample 10: mean=0.8834%; std=1.2955
 -- Sample 11: mean=0.9408%; std=1.2902
 -- Sample 12: mean=0.9119%; std=1.2787
 -- Sample 13: mean=2.5694%; std=2.1363
 -- Sample 14: mean=2.6899%; std=2.1946
 -- Sample 15: mean=2.5648%; std=2.0888
 -- Sample 16: mean=2.8612%; std=2.4299
 -- Sample 17: mean=2.6001%; std=2.5859
 -- Sample 18: mean=2.1238%; std=2.1141
 -- Sample 19: mean=2.1710%; std=1.9227
 -- Sample 20: mean=2.0937%; std=2.0216
 -- Sample 21: mean=1.3872%; std=1.5883
 -- Sample 22: mean=1.1832%; std=1.4188
 -- Sample 23: mean=1.3151%; std=1.4891
 -- Sample 24: mean=1.2486%; std=1.4720
Mean: 1.7578%, Std: 0.6776%
------------------------------------------------------------------
Correlation comparison:
 -- Sample 0: 0.9864
 -- Sample 1: 0.9240
 -- Sample 2: 0.9425
 -- Sample 3: 0.9264
 -- Sample 4: 0.9510
 -- Sample 5: 0.9667
 -- Sample 6: 0.9678
 -- Sample 7: 0.9587
 -- Sample 8: 0.9579
 -- Sample 9: 0.9648
 -- Sample 10: 0.9641
 -- Sample 11: 0.9572
 -- Sample 12: 0.9586
 -- Sample 13: 0.9417
 -- Sample 14: 0.9363
 -- Sample 15: 0.9387
 -- Sample 16: 0.9291
 -- Sample 17: 0.8257
 -- Sample 18: 0.8715
 -- Sample 19: 0.8871
 -- Sample 20: 0.8787
 -- Sample 21: 0.9394
 -- Sample 22: 0.9448
 -- Sample 23: 0.9282
 -- Sample 24: 0.9153
Mean=0.9345, Std=0.0353
------------------------------------------------------------------
  Processing Batch 9 (Size: 25)...
Bias Error: using Single Component
Mean: 1.2316, Std: 1.0600
------------------------------------------------------------------
Magnitude Error: 
 -- Sample 0: mean=1.5661%; std=1.8113
 -- Sample 1: mean=1.7351%; std=1.4951
 -- Sample 2: mean=1.6046%; std=1.8334
 -- Sample 3: mean=1.5021%; std=1.7639
 -- Sample 4: mean=1.8701%; std=1.2947
 -- Sample 5: mean=2.1002%; std=1.4224
 -- Sample 6: mean=1.9159%; std=1.3346
 -- Sample 7: mean=2.1074%; std=1.3365
 -- Sample 8: mean=3.1570%; std=3.3776
 -- Sample 9: mean=3.6164%; std=3.9862
 -- Sample 10: mean=3.6020%; std=3.6928
 -- Sample 11: mean=3.2149%; std=3.4993
 -- Sample 12: mean=1.0644%; std=1.1107
 -- Sample 13: mean=1.3916%; std=1.3017
 -- Sample 14: mean=1.1100%; std=1.1204
 -- Sample 15: mean=1.4326%; std=1.3702
 -- Sample 16: mean=0.9112%; std=1.2416
 -- Sample 17: mean=0.9702%; std=1.3047
 -- Sample 18: mean=0.9848%; std=1.3321
 -- Sample 19: mean=0.9359%; std=1.2045
 -- Sample 20: mean=0.6849%; std=1.2497
 -- Sample 21: mean=0.6499%; std=1.1286
 -- Sample 22: mean=0.6346%; std=1.1037
 -- Sample 23: mean=0.7430%; std=1.2752
 -- Sample 24: mean=2.9292%; std=2.6760
Mean: 1.6974%, Std: 0.9174%
------------------------------------------------------------------
Correlation comparison:
 -- Sample 0: 0.9405
 -- Sample 1: 0.9452
 -- Sample 2: 0.9445
 -- Sample 3: 0.9472
 -- Sample 4: 0.9323
 -- Sample 5: 0.9203
 -- Sample 6: 0.9278
 -- Sample 7: 0.9277
 -- Sample 8: 0.4567
 -- Sample 9: 0.4492
 -- Sample 10: 0.4644
 -- Sample 11: 0.4759
 -- Sample 12: 0.9795
 -- Sample 13: 0.9781
 -- Sample 14: 0.9787
 -- Sample 15: 0.9737
 -- Sample 16: 0.9714
 -- Sample 17: 0.9708
 -- Sample 18: 0.9690
 -- Sample 19: 0.9736
 -- Sample 20: 0.9456
 -- Sample 21: 0.9282
 -- Sample 22: 0.9437
 -- Sample 23: 0.9389
 -- Sample 24: 0.9278
Mean=0.8724, Std=0.1803
------------------------------------------------------------------
  Processing Batch 10 (Size: 25)...
Bias Error: using Single Component
Mean: 0.8430, Std: 0.7111
------------------------------------------------------------------
Magnitude Error: 
 -- Sample 0: mean=2.8862%; std=2.7331
 -- Sample 1: mean=3.0992%; std=2.8803
 -- Sample 2: mean=3.0704%; std=2.8341
 -- Sample 3: mean=1.2433%; std=1.4630
 -- Sample 4: mean=1.8259%; std=1.8824
 -- Sample 5: mean=1.2373%; std=1.4159
 -- Sample 6: mean=1.5813%; std=1.8827
 -- Sample 7: mean=1.4207%; std=1.2321
 -- Sample 8: mean=1.1936%; std=1.0998
 -- Sample 9: mean=1.3674%; std=1.1943
 -- Sample 10: mean=1.5400%; std=1.2775
 -- Sample 11: mean=0.9855%; std=1.2440
 -- Sample 12: mean=1.0383%; std=1.2768
 -- Sample 13: mean=1.1019%; std=1.3762
 -- Sample 14: mean=0.9811%; std=1.2745
 -- Sample 15: mean=2.3414%; std=1.7704
 -- Sample 16: mean=2.3254%; std=1.6088
 -- Sample 17: mean=2.4415%; std=1.6981
 -- Sample 18: mean=2.4062%; std=1.7682
 -- Sample 19: mean=1.1594%; std=1.3723
 -- Sample 20: mean=1.0161%; std=1.2070
 -- Sample 21: mean=0.9917%; std=1.1634
 -- Sample 22: mean=0.9619%; std=1.1974
 -- Sample 23: mean=2.0566%; std=2.2433
 -- Sample 24: mean=1.9093%; std=2.2565
Mean: 1.6873%, Std: 0.6874%
------------------------------------------------------------------
Correlation comparison:
 -- Sample 0: 0.9237
 -- Sample 1: 0.9177
 -- Sample 2: 0.9161
 -- Sample 3: 0.9410
 -- Sample 4: 0.9454
 -- Sample 5: 0.9502
 -- Sample 6: 0.9350
 -- Sample 7: 0.9630
 -- Sample 8: 0.9711
 -- Sample 9: 0.9582
 -- Sample 10: 0.9648
 -- Sample 11: 0.9863
 -- Sample 12: 0.9859
 -- Sample 13: 0.9844
 -- Sample 14: 0.9858
 -- Sample 15: 0.9137
 -- Sample 16: 0.9147
 -- Sample 17: 0.9010
 -- Sample 18: 0.9105
 -- Sample 19: 0.9629
 -- Sample 20: 0.9609
 -- Sample 21: 0.9660
 -- Sample 22: 0.9703
 -- Sample 23: 0.8616
 -- Sample 24: 0.9064
Mean=0.9439, Std=0.0319
------------------------------------------------------------------
  Processing Batch 11 (Size: 25)...
Bias Error: using Single Component
Mean: 1.8390, Std: 1.7623
------------------------------------------------------------------
Magnitude Error: 
 -- Sample 0: mean=1.8077%; std=2.1528
 -- Sample 1: mean=1.9301%; std=2.2313
 -- Sample 2: mean=1.3081%; std=1.2453
 -- Sample 3: mean=0.9613%; std=1.1281
 -- Sample 4: mean=0.7850%; std=1.0227
 -- Sample 5: mean=1.1038%; std=1.1502
 -- Sample 6: mean=0.7755%; std=1.2143
 -- Sample 7: mean=0.7603%; std=1.1770
 -- Sample 8: mean=0.7936%; std=1.2201
 -- Sample 9: mean=0.7655%; std=1.1803
 -- Sample 10: mean=3.1114%; std=2.0259
 -- Sample 11: mean=3.4629%; std=2.3101
 -- Sample 12: mean=2.8687%; std=1.8446
 -- Sample 13: mean=2.8888%; std=1.8471
 -- Sample 14: mean=0.9077%; std=1.3133
 -- Sample 15: mean=0.8383%; std=1.1743
 -- Sample 16: mean=1.0242%; std=1.2929
 -- Sample 17: mean=0.8362%; std=1.1446
 -- Sample 18: mean=2.0174%; std=2.2938
 -- Sample 19: mean=2.0469%; std=2.3128
 -- Sample 20: mean=2.2791%; std=2.4742
 -- Sample 21: mean=2.0247%; std=1.9705
 -- Sample 22: mean=2.7639%; std=2.2557
 -- Sample 23: mean=2.6087%; std=2.2246
 -- Sample 24: mean=2.8187%; std=2.3967
Mean: 1.7395%, Std: 0.8871%
------------------------------------------------------------------
Correlation comparison:
 -- Sample 0: 0.8811
 -- Sample 1: 0.8950
 -- Sample 2: 0.9732
 -- Sample 3: 0.9772
 -- Sample 4: 0.9819
 -- Sample 5: 0.9777
 -- Sample 6: 0.9569
 -- Sample 7: 0.9472
 -- Sample 8: 0.9394
 -- Sample 9: 0.9444
 -- Sample 10: 0.8882
 -- Sample 11: 0.8863
 -- Sample 12: 0.9026
 -- Sample 13: 0.9026
 -- Sample 14: 0.9522
 -- Sample 15: 0.9532
 -- Sample 16: 0.9480
 -- Sample 17: 0.9598
 -- Sample 18: 0.6754
 -- Sample 19: 0.7054
 -- Sample 20: 0.6736
 -- Sample 21: 0.7057
 -- Sample 22: 0.8076
 -- Sample 23: 0.8209
 -- Sample 24: 0.7990
Mean=0.8822, Std=0.0979
------------------------------------------------------------------
  Processing Batch 12 (Size: 1)...
Bias Error: using Single Component
Mean: 2.6276, Std: 0.0000
------------------------------------------------------------------
Magnitude Error: 
 -- Sample 0: mean=2.8220%; std=2.3913
Mean: 2.8220%, Std: 0.0000%
------------------------------------------------------------------
Correlation comparison:
 -- Sample 0: 0.7922
Mean=0.7922, Std=0.0000
------------------------------------------------------------------

Processing Dataset: Castle Gate
  Processing Batch 1 (Size: 25)...
Bias Error: using Single Component
Mean: 0.9140, Std: 0.5101
------------------------------------------------------------------
Magnitude Error: 
 -- Sample 0: mean=1.0937%; std=1.2333
 -- Sample 1: mean=0.9101%; std=1.1154
 -- Sample 2: mean=1.0493%; std=1.2463
 -- Sample 3: mean=0.9702%; std=1.2439
 -- Sample 4: mean=1.3196%; std=1.5434
 -- Sample 5: mean=1.1238%; std=1.1782
 -- Sample 6: mean=1.3587%; std=1.3511
 -- Sample 7: mean=1.0617%; std=1.2069
 -- Sample 8: mean=1.6326%; std=1.3683
 -- Sample 9: mean=1.6423%; std=1.3793
 -- Sample 10: mean=1.4620%; std=1.2616
 -- Sample 11: mean=1.7175%; std=1.6171
 -- Sample 12: mean=1.0971%; std=1.1184
 -- Sample 13: mean=1.3077%; std=1.2370
 -- Sample 14: mean=1.0786%; std=1.1281
 -- Sample 15: mean=0.9684%; std=1.0644
 -- Sample 16: mean=1.4787%; std=1.5124
 -- Sample 17: mean=1.4254%; std=1.5213
 -- Sample 18: mean=1.7018%; std=1.6842
 -- Sample 19: mean=1.6026%; std=1.5714
 -- Sample 20: mean=2.0733%; std=1.7767
 -- Sample 21: mean=2.1823%; std=2.0833
 -- Sample 22: mean=1.8484%; std=1.6269
 -- Sample 23: mean=2.3258%; std=2.0017
 -- Sample 24: mean=1.1150%; std=1.0078
Mean: 1.4219%, Std: 0.3888%
------------------------------------------------------------------
Correlation comparison:
 -- Sample 0: 0.9651
 -- Sample 1: 0.9572
 -- Sample 2: 0.9613
 -- Sample 3: 0.9625
 -- Sample 4: 0.9397
 -- Sample 5: 0.9233
 -- Sample 6: 0.9348
 -- Sample 7: 0.9327
 -- Sample 8: 0.9669
 -- Sample 9: 0.9646
 -- Sample 10: 0.9639
 -- Sample 11: 0.9594
 -- Sample 12: 0.9664
 -- Sample 13: 0.9622
 -- Sample 14: 0.9650
 -- Sample 15: 0.9598
 -- Sample 16: 0.9433
 -- Sample 17: 0.9554
 -- Sample 18: 0.9442
 -- Sample 19: 0.9466
 -- Sample 20: 0.9600
 -- Sample 21: 0.9547
 -- Sample 22: 0.9699
 -- Sample 23: 0.9598
 -- Sample 24: 0.9739
Mean=0.9557, Std=0.0125
------------------------------------------------------------------
  Processing Batch 2 (Size: 25)...
Bias Error: using Single Component
Mean: 0.3210, Std: 0.2238
------------------------------------------------------------------
Magnitude Error: 
 -- Sample 0: mean=1.3898%; std=1.0429
 -- Sample 1: mean=1.1600%; std=1.0215
 -- Sample 2: mean=1.0423%; std=0.9392
 -- Sample 3: mean=0.7679%; std=1.0082
 -- Sample 4: mean=0.7933%; std=1.0447
 -- Sample 5: mean=0.8115%; std=1.0658
 -- Sample 6: mean=0.7519%; std=1.0328
 -- Sample 7: mean=0.8323%; std=1.1747
 -- Sample 8: mean=0.8337%; std=1.1351
 -- Sample 9: mean=0.8756%; std=1.1621
 -- Sample 10: mean=0.8294%; std=1.1195
 -- Sample 11: mean=1.1134%; std=1.2085
 -- Sample 12: mean=1.0434%; std=1.2216
 -- Sample 13: mean=1.1426%; std=1.2706
 -- Sample 14: mean=1.0060%; std=1.1855
 -- Sample 15: mean=1.2736%; std=1.3734
 -- Sample 16: mean=1.1778%; std=1.2958
 -- Sample 17: mean=1.2426%; std=1.2947
 -- Sample 18: mean=1.1686%; std=1.4452
 -- Sample 19: mean=0.9666%; std=1.1391
 -- Sample 20: mean=0.9266%; std=1.0757
 -- Sample 21: mean=1.0244%; std=1.2282
 -- Sample 22: mean=0.9766%; std=1.1340
 -- Sample 23: mean=0.9914%; std=1.1068
 -- Sample 24: mean=1.0909%; std=1.2318
Mean: 1.0093%, Std: 0.1692%
------------------------------------------------------------------
Correlation comparison:
 -- Sample 0: 0.9710
 -- Sample 1: 0.9729
 -- Sample 2: 0.9761
 -- Sample 3: 0.9780
 -- Sample 4: 0.9796
 -- Sample 5: 0.9792
 -- Sample 6: 0.9749
 -- Sample 7: 0.9746
 -- Sample 8: 0.9821
 -- Sample 9: 0.9787
 -- Sample 10: 0.9820
 -- Sample 11: 0.9795
 -- Sample 12: 0.9758
 -- Sample 13: 0.9789
 -- Sample 14: 0.9776
 -- Sample 15: 0.9551
 -- Sample 16: 0.9555
 -- Sample 17: 0.9590
 -- Sample 18: 0.9554
 -- Sample 19: 0.9831
 -- Sample 20: 0.9818
 -- Sample 21: 0.9815
 -- Sample 22: 0.9828
 -- Sample 23: 0.9865
 -- Sample 24: 0.9841
Mean=0.9754, Std=0.0091
------------------------------------------------------------------
  Processing Batch 3 (Size: 25)...
Bias Error: using Single Component
Mean: 1.0202, Std: 0.6894
------------------------------------------------------------------
Magnitude Error: 
 -- Sample 0: mean=0.9069%; std=1.0820
 -- Sample 1: mean=0.8413%; std=1.0838
 -- Sample 2: mean=2.2827%; std=1.8264
 -- Sample 3: mean=2.3270%; std=2.0599
 -- Sample 4: mean=2.7637%; std=2.4059
 -- Sample 5: mean=2.2604%; std=1.9614
 -- Sample 6: mean=1.1364%; std=1.3988
 -- Sample 7: mean=1.1991%; std=1.3751
 -- Sample 8: mean=1.1899%; std=1.4620
 -- Sample 9: mean=1.0749%; std=1.4697
 -- Sample 10: mean=1.1484%; std=1.1206
 -- Sample 11: mean=1.1965%; std=1.2038
 -- Sample 12: mean=1.1811%; std=1.1612
 -- Sample 13: mean=1.1151%; std=1.1131
 -- Sample 14: mean=0.7750%; std=1.0267
 -- Sample 15: mean=0.9911%; std=1.1351
 -- Sample 16: mean=0.8216%; std=1.0244
 -- Sample 17: mean=0.7606%; std=1.0051
 -- Sample 18: mean=1.1504%; std=1.4965
 -- Sample 19: mean=1.0118%; std=1.3076
 -- Sample 20: mean=1.0479%; std=1.3565
 -- Sample 21: mean=0.9520%; std=1.2166
 -- Sample 22: mean=2.0034%; std=2.1237
 -- Sample 23: mean=1.9630%; std=2.2259
 -- Sample 24: mean=1.5186%; std=1.6764
Mean: 1.3448%, Std: 0.5566%
------------------------------------------------------------------
Correlation comparison:
 -- Sample 0: 0.9872
 -- Sample 1: 0.9881
 -- Sample 2: 0.9337
 -- Sample 3: 0.9166
 -- Sample 4: 0.8945
 -- Sample 5: 0.9220
 -- Sample 6: 0.9800
 -- Sample 7: 0.9795
 -- Sample 8: 0.9775
 -- Sample 9: 0.9786
 -- Sample 10: 0.9499
 -- Sample 11: 0.9554
 -- Sample 12: 0.9513
 -- Sample 13: 0.9417
 -- Sample 14: 0.9842
 -- Sample 15: 0.9827
 -- Sample 16: 0.9833
 -- Sample 17: 0.9802
 -- Sample 18: 0.9814
 -- Sample 19: 0.9843
 -- Sample 20: 0.9824
 -- Sample 21: 0.9849
 -- Sample 22: 0.9404
 -- Sample 23: 0.9385
 -- Sample 24: 0.9589
Mean=0.9623, Std=0.0259
------------------------------------------------------------------
  Processing Batch 4 (Size: 25)...
Bias Error: using Single Component
Mean: 1.2607, Std: 0.7723
------------------------------------------------------------------
Magnitude Error: 
 -- Sample 0: mean=1.9928%; std=2.3164
 -- Sample 1: mean=0.9570%; std=1.1289
 -- Sample 2: mean=1.0782%; std=1.2426
 -- Sample 3: mean=0.9949%; std=1.1557
 -- Sample 4: mean=0.9234%; std=1.1506
 -- Sample 5: mean=2.0458%; std=1.7864
 -- Sample 6: mean=1.6384%; std=1.3842
 -- Sample 7: mean=2.3297%; std=1.7720
 -- Sample 8: mean=2.0637%; std=1.9561
 -- Sample 9: mean=1.2267%; std=1.1882
 -- Sample 10: mean=1.2857%; std=1.4067
 -- Sample 11: mean=1.3146%; std=1.2438
 -- Sample 12: mean=1.2651%; std=1.1897
 -- Sample 13: mean=1.8230%; std=1.3054
 -- Sample 14: mean=1.9528%; std=1.4473
 -- Sample 15: mean=1.6357%; std=1.3756
 -- Sample 16: mean=2.2365%; std=1.5605
 -- Sample 17: mean=2.3699%; std=2.0715
 -- Sample 18: mean=2.6049%; std=1.9077
 -- Sample 19: mean=2.8738%; std=2.3087
 -- Sample 20: mean=3.1189%; std=2.8537
 -- Sample 21: mean=2.3606%; std=1.8191
 -- Sample 22: mean=2.3910%; std=1.8789
 -- Sample 23: mean=1.9858%; std=1.6268
 -- Sample 24: mean=1.8702%; std=1.6714
Mean: 1.8536%, Std: 0.5992%
------------------------------------------------------------------
Correlation comparison:
 -- Sample 0: 0.9345
 -- Sample 1: 0.9659
 -- Sample 2: 0.9611
 -- Sample 3: 0.9681
 -- Sample 4: 0.9653
 -- Sample 5: 0.9214
 -- Sample 6: 0.9229
 -- Sample 7: 0.9110
 -- Sample 8: 0.8917
 -- Sample 9: 0.9498
 -- Sample 10: 0.9464
 -- Sample 11: 0.9255
 -- Sample 12: 0.9510
 -- Sample 13: 0.9658
 -- Sample 14: 0.9555
 -- Sample 15: 0.9564
 -- Sample 16: 0.9489
 -- Sample 17: 0.9018
 -- Sample 18: 0.8936
 -- Sample 19: 0.8932
 -- Sample 20: 0.8780
 -- Sample 21: 0.9257
 -- Sample 22: 0.9263
 -- Sample 23: 0.9355
 -- Sample 24: 0.9156
Mean=0.9324, Std=0.0263
------------------------------------------------------------------
  Processing Batch 5 (Size: 25)...
Bias Error: using Single Component
Mean: 1.0266, Std: 0.8395
------------------------------------------------------------------
Magnitude Error: 
 -- Sample 0: mean=1.3617%; std=1.3346
 -- Sample 1: mean=1.5096%; std=1.4249
 -- Sample 2: mean=1.3686%; std=1.3033
 -- Sample 3: mean=1.6355%; std=1.4552
 -- Sample 4: mean=1.5607%; std=1.3853
 -- Sample 5: mean=1.5254%; std=1.2870
 -- Sample 6: mean=1.3741%; std=1.2168
 -- Sample 7: mean=1.8959%; std=1.5439
 -- Sample 8: mean=1.0808%; std=1.2387
 -- Sample 9: mean=1.0410%; std=1.2731
 -- Sample 10: mean=1.1637%; std=1.3801
 -- Sample 11: mean=1.2018%; std=1.2671
 -- Sample 12: mean=1.6669%; std=1.6868
 -- Sample 13: mean=1.3524%; std=1.5468
 -- Sample 14: mean=1.3658%; std=1.6731
 -- Sample 15: mean=1.3492%; std=1.5625
 -- Sample 16: mean=1.2955%; std=1.4803
 -- Sample 17: mean=1.2927%; std=1.4970
 -- Sample 18: mean=1.4537%; std=1.6364
 -- Sample 19: mean=1.4194%; std=1.4519
 -- Sample 20: mean=2.3042%; std=1.4993
 -- Sample 21: mean=1.6837%; std=1.2983
 -- Sample 22: mean=1.9529%; std=1.4479
 -- Sample 23: mean=2.0489%; std=1.4716
 -- Sample 24: mean=5.9044%; std=2.5059
Mean: 1.6723%, Std: 0.9132%
------------------------------------------------------------------
Correlation comparison:
 -- Sample 0: 0.9680
 -- Sample 1: 0.9646
 -- Sample 2: 0.9679
 -- Sample 3: 0.9616
 -- Sample 4: 0.9640
 -- Sample 5: 0.9683
 -- Sample 6: 0.9679
 -- Sample 7: 0.9577
 -- Sample 8: 0.9805
 -- Sample 9: 0.9801
 -- Sample 10: 0.9743
 -- Sample 11: 0.9794
 -- Sample 12: 0.9188
 -- Sample 13: 0.9318
 -- Sample 14: 0.9310
 -- Sample 15: 0.9276
 -- Sample 16: 0.9710
 -- Sample 17: 0.9699
 -- Sample 18: 0.9694
 -- Sample 19: 0.9716
 -- Sample 20: 0.9281
 -- Sample 21: 0.9475
 -- Sample 22: 0.9341
 -- Sample 23: 0.9225
 -- Sample 24: 0.8355
Mean=0.9517, Std=0.0307
------------------------------------------------------------------
  Processing Batch 6 (Size: 25)...
Bias Error: using Single Component
Mean: 1.6475, Std: 1.2859
------------------------------------------------------------------
Magnitude Error: 
 -- Sample 0: mean=5.2326%; std=2.2606
 -- Sample 1: mean=5.1713%; std=2.3111
 -- Sample 2: mean=5.9795%; std=2.4722
 -- Sample 3: mean=0.9130%; std=1.2944
 -- Sample 4: mean=0.9057%; std=1.3842
 -- Sample 5: mean=1.0307%; std=1.4222
 -- Sample 6: mean=0.9325%; std=1.2952
 -- Sample 7: mean=3.1472%; std=2.0266
 -- Sample 8: mean=3.1273%; std=2.2810
 -- Sample 9: mean=2.9582%; std=2.1138
 -- Sample 10: mean=2.5709%; std=1.9948
 -- Sample 11: mean=1.1315%; std=1.1689
 -- Sample 12: mean=1.0577%; std=1.0676
 -- Sample 13: mean=1.1398%; std=1.1674
 -- Sample 14: mean=1.1231%; std=1.0885
 -- Sample 15: mean=1.4143%; std=1.5130
 -- Sample 16: mean=1.3485%; std=1.5165
 -- Sample 17: mean=1.4621%; std=1.6986
 -- Sample 18: mean=1.3105%; std=1.4901
 -- Sample 19: mean=0.9579%; std=1.1601
 -- Sample 20: mean=0.9826%; std=1.1910
 -- Sample 21: mean=0.9223%; std=1.1238
 -- Sample 22: mean=0.8930%; std=1.1030
 -- Sample 23: mean=1.5475%; std=1.5629
 -- Sample 24: mean=1.4216%; std=1.4383
Mean: 1.9472%, Std: 1.4737%
------------------------------------------------------------------
Correlation comparison:
 -- Sample 0: 0.8584
 -- Sample 1: 0.8580
 -- Sample 2: 0.8418
 -- Sample 3: 0.9600
 -- Sample 4: 0.9586
 -- Sample 5: 0.9576
 -- Sample 6: 0.9668
 -- Sample 7: 0.8621
 -- Sample 8: 0.8755
 -- Sample 9: 0.8799
 -- Sample 10: 0.8503
 -- Sample 11: 0.9764
 -- Sample 12: 0.9796
 -- Sample 13: 0.9774
 -- Sample 14: 0.9785
 -- Sample 15: 0.9623
 -- Sample 16: 0.9646
 -- Sample 17: 0.9633
 -- Sample 18: 0.9605
 -- Sample 19: 0.9643
 -- Sample 20: 0.9688
 -- Sample 21: 0.9730
 -- Sample 22: 0.9677
 -- Sample 23: 0.9558
 -- Sample 24: 0.9538
Mean=0.9366, Std=0.0481
------------------------------------------------------------------
  Processing Batch 7 (Size: 25)...
Bias Error: using Single Component
Mean: 1.1251, Std: 0.9103
------------------------------------------------------------------
Magnitude Error: 
 -- Sample 0: mean=1.3459%; std=1.4955
 -- Sample 1: mean=1.5102%; std=1.6899
 -- Sample 2: mean=1.5001%; std=1.3787
 -- Sample 3: mean=1.6254%; std=1.2521
 -- Sample 4: mean=1.5804%; std=1.5132
 -- Sample 5: mean=1.3940%; std=1.1809
 -- Sample 6: mean=1.5180%; std=1.6710
 -- Sample 7: mean=1.6935%; std=1.6997
 -- Sample 8: mean=1.4655%; std=1.4419
 -- Sample 9: mean=1.5544%; std=1.4334
 -- Sample 10: mean=1.5176%; std=1.2159
 -- Sample 11: mean=1.0375%; std=1.0866
 -- Sample 12: mean=0.8510%; std=0.9556
 -- Sample 13: mean=1.0099%; std=0.9842
 -- Sample 14: mean=1.4606%; std=1.3564
 -- Sample 15: mean=1.2040%; std=1.2044
 -- Sample 16: mean=1.1956%; std=1.3355
 -- Sample 17: mean=1.3659%; std=1.4449
 -- Sample 18: mean=3.6997%; std=2.5092
 -- Sample 19: mean=3.6018%; std=2.6096
 -- Sample 20: mean=3.0975%; std=2.1913
 -- Sample 21: mean=3.6279%; std=2.5017
 -- Sample 22: mean=1.0622%; std=1.1229
 -- Sample 23: mean=0.9279%; std=1.0518
 -- Sample 24: mean=0.8922%; std=0.9713
Mean: 1.6695%, Std: 0.8410%
------------------------------------------------------------------
Correlation comparison:
 -- Sample 0: 0.9496
 -- Sample 1: 0.9476
 -- Sample 2: 0.9562
 -- Sample 3: 0.9572
 -- Sample 4: 0.9559
 -- Sample 5: 0.9691
 -- Sample 6: 0.9285
 -- Sample 7: 0.9215
 -- Sample 8: 0.9394
 -- Sample 9: 0.9462
 -- Sample 10: 0.9654
 -- Sample 11: 0.9760
 -- Sample 12: 0.9777
 -- Sample 13: 0.9776
 -- Sample 14: 0.9671
 -- Sample 15: 0.9686
 -- Sample 16: 0.9668
 -- Sample 17: 0.9642
 -- Sample 18: 0.8752
 -- Sample 19: 0.8786
 -- Sample 20: 0.9122
 -- Sample 21: 0.8889
 -- Sample 22: 0.9743
 -- Sample 23: 0.9742
 -- Sample 24: 0.9763
Mean=0.9486, Std=0.0304
------------------------------------------------------------------
  Processing Batch 8 (Size: 25)...
Bias Error: using Single Component
Mean: 0.6011, Std: 0.3678
------------------------------------------------------------------
Magnitude Error: 
 -- Sample 0: mean=1.1117%; std=1.1235
 -- Sample 1: mean=1.4113%; std=1.5231
 -- Sample 2: mean=1.4798%; std=1.3884
 -- Sample 3: mean=1.1722%; std=1.3087
 -- Sample 4: mean=1.2994%; std=1.4306
 -- Sample 5: mean=0.7080%; std=0.9587
 -- Sample 6: mean=0.7564%; std=0.9799
 -- Sample 7: mean=0.6499%; std=0.9085
 -- Sample 8: mean=0.7908%; std=1.0084
 -- Sample 9: mean=2.2040%; std=1.9858
 -- Sample 10: mean=2.3308%; std=2.0470
 -- Sample 11: mean=2.3836%; std=2.1442
 -- Sample 12: mean=2.1336%; std=1.9882
 -- Sample 13: mean=1.3593%; std=1.2041
 -- Sample 14: mean=1.1521%; std=1.1915
 -- Sample 15: mean=1.1047%; std=1.1319
 -- Sample 16: mean=1.3115%; std=1.3165
 -- Sample 17: mean=1.2327%; std=1.2978
 -- Sample 18: mean=1.4895%; std=1.5785
 -- Sample 19: mean=1.2925%; std=1.4041
 -- Sample 20: mean=1.4213%; std=1.3746
 -- Sample 21: mean=1.2488%; std=1.0476
 -- Sample 22: mean=1.1469%; std=1.1278
 -- Sample 23: mean=1.2956%; std=1.1864
 -- Sample 24: mean=1.2420%; std=1.1662
Mean: 1.3491%, Std: 0.4587%
------------------------------------------------------------------
Correlation comparison:
 -- Sample 0: 0.9729
 -- Sample 1: 0.9605
 -- Sample 2: 0.9588
 -- Sample 3: 0.9685
 -- Sample 4: 0.9627
 -- Sample 5: 0.9775
 -- Sample 6: 0.9757
 -- Sample 7: 0.9823
 -- Sample 8: 0.9777
 -- Sample 9: 0.9493
 -- Sample 10: 0.9475
 -- Sample 11: 0.9455
 -- Sample 12: 0.9528
 -- Sample 13: 0.9619
 -- Sample 14: 0.9679
 -- Sample 15: 0.9684
 -- Sample 16: 0.9632
 -- Sample 17: 0.9439
 -- Sample 18: 0.9311
 -- Sample 19: 0.9404
 -- Sample 20: 0.9380
 -- Sample 21: 0.9748
 -- Sample 22: 0.9700
 -- Sample 23: 0.9709
 -- Sample 24: 0.9727
Mean=0.9614, Std=0.0139
------------------------------------------------------------------
  Processing Batch 9 (Size: 25)...
Bias Error: using Single Component
Mean: 0.6444, Std: 0.4735
------------------------------------------------------------------
Magnitude Error: 
 -- Sample 0: mean=1.4417%; std=1.3107
 -- Sample 1: mean=1.0603%; std=1.1039
 -- Sample 2: mean=1.3032%; std=1.2764
 -- Sample 3: mean=1.4498%; std=1.2800
 -- Sample 4: mean=1.6687%; std=1.3821
 -- Sample 5: mean=1.8497%; std=1.4244
 -- Sample 6: mean=1.4954%; std=1.5150
 -- Sample 7: mean=1.3383%; std=1.2930
 -- Sample 8: mean=0.9190%; std=0.9822
 -- Sample 9: mean=0.7421%; std=0.9114
 -- Sample 10: mean=0.7506%; std=0.9374
 -- Sample 11: mean=0.6054%; std=0.8596
 -- Sample 12: mean=0.9625%; std=1.1076
 -- Sample 13: mean=0.9038%; std=1.1502
 -- Sample 14: mean=1.0861%; std=1.1486
 -- Sample 15: mean=1.1261%; std=1.2409
 -- Sample 16: mean=0.8968%; std=1.0079
 -- Sample 17: mean=0.7999%; std=0.9843
 -- Sample 18: mean=0.8585%; std=0.9950
 -- Sample 19: mean=0.8536%; std=0.9568
 -- Sample 20: mean=1.7849%; std=1.6547
 -- Sample 21: mean=1.6831%; std=1.5418
 -- Sample 22: mean=1.9863%; std=1.7297
 -- Sample 23: mean=1.7843%; std=1.5669
 -- Sample 24: mean=1.5679%; std=1.2583
Mean: 1.2367%, Std: 0.4016%
------------------------------------------------------------------
Correlation comparison:
 -- Sample 0: 0.9465
 -- Sample 1: 0.9663
 -- Sample 2: 0.9589
 -- Sample 3: 0.9549
 -- Sample 4: 0.9559
 -- Sample 5: 0.9443
 -- Sample 6: 0.9545
 -- Sample 7: 0.9508
 -- Sample 8: 0.9714
 -- Sample 9: 0.9830
 -- Sample 10: 0.9724
 -- Sample 11: 0.9780
 -- Sample 12: 0.9733
 -- Sample 13: 0.9746
 -- Sample 14: 0.9686
 -- Sample 15: 0.9734
 -- Sample 16: 0.9653
 -- Sample 17: 0.9686
 -- Sample 18: 0.9691
 -- Sample 19: 0.9659
 -- Sample 20: 0.9246
 -- Sample 21: 0.9297
 -- Sample 22: 0.9066
 -- Sample 23: 0.9074
 -- Sample 24: 0.9510
Mean=0.9566, Std=0.0202
------------------------------------------------------------------
  Processing Batch 10 (Size: 25)...
Bias Error: using Single Component
Mean: 0.3248, Std: 0.3131
------------------------------------------------------------------
Magnitude Error: 
 -- Sample 0: mean=0.9658%; std=0.9515
 -- Sample 1: mean=1.4167%; std=1.1037
 -- Sample 2: mean=1.0819%; std=1.0436
 -- Sample 3: mean=0.9149%; std=0.8810
 -- Sample 4: mean=1.2555%; std=1.2185
 -- Sample 5: mean=1.0696%; std=1.0004
 -- Sample 6: mean=0.9764%; std=0.9015
 -- Sample 7: mean=1.1719%; std=1.0876
 -- Sample 8: mean=0.9162%; std=1.0169
 -- Sample 9: mean=1.1563%; std=1.0771
 -- Sample 10: mean=0.9878%; std=1.0161
 -- Sample 11: mean=0.9003%; std=1.0113
 -- Sample 12: mean=0.8653%; std=0.9805
 -- Sample 13: mean=1.2499%; std=1.0877
 -- Sample 14: mean=1.0612%; std=1.0332
 -- Sample 15: mean=1.4032%; std=1.4724
 -- Sample 16: mean=1.0434%; std=1.1983
 -- Sample 17: mean=1.0581%; std=1.1862
 -- Sample 18: mean=1.3775%; std=1.6459
 -- Sample 19: mean=1.0814%; std=1.2411
 -- Sample 20: mean=0.9459%; std=1.1083
 -- Sample 21: mean=1.0746%; std=1.2116
 -- Sample 22: mean=0.9468%; std=1.1424
 -- Sample 23: mean=0.9491%; std=1.1047
 -- Sample 24: mean=0.9889%; std=1.1176
Mean: 1.0743%, Std: 0.1559%
------------------------------------------------------------------
Correlation comparison:
 -- Sample 0: 0.9649
 -- Sample 1: 0.9558
 -- Sample 2: 0.9524
 -- Sample 3: 0.9744
 -- Sample 4: 0.9654
 -- Sample 5: 0.9655
 -- Sample 6: 0.9709
 -- Sample 7: 0.9426
 -- Sample 8: 0.9468
 -- Sample 9: 0.9327
 -- Sample 10: 0.9409
 -- Sample 11: 0.9809
 -- Sample 12: 0.9817
 -- Sample 13: 0.9775
 -- Sample 14: 0.9803
 -- Sample 15: 0.9494
 -- Sample 16: 0.9606
 -- Sample 17: 0.9527
 -- Sample 18: 0.9453
 -- Sample 19: 0.9723
 -- Sample 20: 0.9772
 -- Sample 21: 0.9729
 -- Sample 22: 0.9760
 -- Sample 23: 0.9668
 -- Sample 24: 0.9669
Mean=0.9629, Std=0.0139
------------------------------------------------------------------
  Processing Batch 11 (Size: 25)...
Bias Error: using Single Component
Mean: 0.4744, Std: 0.2147
------------------------------------------------------------------
Magnitude Error: 
 -- Sample 0: mean=0.9819%; std=1.2004
 -- Sample 1: mean=1.1395%; std=1.3059
 -- Sample 2: mean=0.9337%; std=1.2158
 -- Sample 3: mean=1.0427%; std=1.1913
 -- Sample 4: mean=1.0076%; std=1.2104
 -- Sample 5: mean=0.9159%; std=1.1408
 -- Sample 6: mean=0.9973%; std=1.1538
 -- Sample 7: mean=1.3343%; std=1.1616
 -- Sample 8: mean=1.0439%; std=1.1485
 -- Sample 9: mean=1.1420%; std=1.1007
 -- Sample 10: mean=1.0285%; std=1.2924
 -- Sample 11: mean=1.1494%; std=1.4124
 -- Sample 12: mean=0.9811%; std=1.2860
 -- Sample 13: mean=0.9384%; std=1.2498
 -- Sample 14: mean=0.9799%; std=1.1929
 -- Sample 15: mean=0.9129%; std=1.2077
 -- Sample 16: mean=0.9298%; std=1.1693
 -- Sample 17: mean=0.9356%; std=1.2392
 -- Sample 18: mean=1.5837%; std=2.7688
 -- Sample 19: mean=1.6705%; std=2.9096
 -- Sample 20: mean=1.6936%; std=2.7724
 -- Sample 21: mean=1.5989%; std=2.5300
 -- Sample 22: mean=0.8502%; std=0.9951
 -- Sample 23: mean=0.8936%; std=1.0107
 -- Sample 24: mean=0.7938%; std=0.9899
Mean: 1.0991%, Std: 0.2586%
------------------------------------------------------------------
Correlation comparison:
 -- Sample 0: 0.9692
 -- Sample 1: 0.9637
 -- Sample 2: 0.9859
 -- Sample 3: 0.9864
 -- Sample 4: 0.9864
 -- Sample 5: 0.9873
 -- Sample 6: 0.9697
 -- Sample 7: 0.9658
 -- Sample 8: 0.9699
 -- Sample 9: 0.9724
 -- Sample 10: 0.9729
 -- Sample 11: 0.9701
 -- Sample 12: 0.9719
 -- Sample 13: 0.9756
 -- Sample 14: 0.9746
 -- Sample 15: 0.9684
 -- Sample 16: 0.9726
 -- Sample 17: 0.9706
 -- Sample 18: 0.9276
 -- Sample 19: 0.9345
 -- Sample 20: 0.9347
 -- Sample 21: 0.9257
 -- Sample 22: 0.9791
 -- Sample 23: 0.9791
 -- Sample 24: 0.9822
Mean=0.9679, Std=0.0175
------------------------------------------------------------------
  Processing Batch 12 (Size: 9)...
Bias Error: using Single Component
Mean: 0.8901, Std: 0.1970
------------------------------------------------------------------
Magnitude Error: 
 -- Sample 0: mean=0.8624%; std=0.9918
 -- Sample 1: mean=1.4229%; std=1.4095
 -- Sample 2: mean=1.1215%; std=1.2087
 -- Sample 3: mean=1.4778%; std=1.4005
 -- Sample 4: mean=1.2913%; std=1.3010
 -- Sample 5: mean=2.4574%; std=2.1882
 -- Sample 6: mean=2.2951%; std=1.9936
 -- Sample 7: mean=2.2381%; std=1.8031
 -- Sample 8: mean=2.2189%; std=1.9094
Mean: 1.7095%, Std: 0.5593%
------------------------------------------------------------------
Correlation comparison:
 -- Sample 0: 0.9755
 -- Sample 1: 0.9603
 -- Sample 2: 0.9683
 -- Sample 3: 0.9581
 -- Sample 4: 0.9612
 -- Sample 5: 0.9534
 -- Sample 6: 0.9553
 -- Sample 7: 0.9648
 -- Sample 8: 0.9591
Mean=0.9618, Std=0.0065
------------------------------------------------------------------

Processing Dataset: Berea Upper Gray
  Processing Batch 1 (Size: 25)...
Bias Error: using Single Component
Mean: 1.0299, Std: 0.7363
------------------------------------------------------------------
Magnitude Error: 
 -- Sample 0: mean=2.2841%; std=1.7893
 -- Sample 1: mean=1.7205%; std=1.3523
 -- Sample 2: mean=1.5502%; std=1.3848
 -- Sample 3: mean=1.5566%; std=1.4111
 -- Sample 4: mean=1.3504%; std=1.3936
 -- Sample 5: mean=1.2668%; std=1.2826
 -- Sample 6: mean=1.3634%; std=1.3901
 -- Sample 7: mean=1.5837%; std=1.6983
 -- Sample 8: mean=1.8502%; std=1.4350
 -- Sample 9: mean=1.9517%; std=1.5078
 -- Sample 10: mean=2.3743%; std=1.5890
 -- Sample 11: mean=2.3699%; std=1.4760
 -- Sample 12: mean=2.8760%; std=2.3481
 -- Sample 13: mean=2.7209%; std=2.1294
 -- Sample 14: mean=3.0536%; std=2.0766
 -- Sample 15: mean=2.4734%; std=2.0822
 -- Sample 16: mean=1.5003%; std=1.8666
 -- Sample 17: mean=1.4654%; std=1.6534
 -- Sample 18: mean=1.2836%; std=1.5691
 -- Sample 19: mean=1.4413%; std=1.5897
 -- Sample 20: mean=1.6506%; std=1.4873
 -- Sample 21: mean=1.3064%; std=1.4089
 -- Sample 22: mean=1.2819%; std=1.5153
 -- Sample 23: mean=1.1711%; std=1.3210
 -- Sample 24: mean=1.3394%; std=1.1503
Mean: 1.7914%, Std: 0.5490%
------------------------------------------------------------------
Correlation comparison:
 -- Sample 0: 0.9576
 -- Sample 1: 0.9712
 -- Sample 2: 0.9691
 -- Sample 3: 0.9730
 -- Sample 4: 0.9557
 -- Sample 5: 0.9525
 -- Sample 6: 0.9619
 -- Sample 7: 0.9494
 -- Sample 8: 0.9503
 -- Sample 9: 0.9439
 -- Sample 10: 0.9415
 -- Sample 11: 0.9507
 -- Sample 12: 0.9018
 -- Sample 13: 0.9120
 -- Sample 14: 0.9115
 -- Sample 15: 0.9210
 -- Sample 16: 0.9571
 -- Sample 17: 0.9657
 -- Sample 18: 0.9679
 -- Sample 19: 0.9665
 -- Sample 20: 0.9689
 -- Sample 21: 0.9748
 -- Sample 22: 0.9760
 -- Sample 23: 0.9778
 -- Sample 24: 0.9658
Mean=0.9537, Std=0.0210
------------------------------------------------------------------
  Processing Batch 2 (Size: 25)...
Bias Error: using Single Component
Mean: 1.1950, Std: 0.7326
------------------------------------------------------------------
Magnitude Error: 
 -- Sample 0: mean=1.6750%; std=1.3059
 -- Sample 1: mean=1.2050%; std=1.1439
 -- Sample 2: mean=1.2133%; std=1.2063
 -- Sample 3: mean=2.8639%; std=1.7175
 -- Sample 4: mean=2.5634%; std=1.7945
 -- Sample 5: mean=2.0303%; std=1.7130
 -- Sample 6: mean=2.5735%; std=1.9093
 -- Sample 7: mean=1.7901%; std=1.5644
 -- Sample 8: mean=1.6640%; std=1.3856
 -- Sample 9: mean=2.2954%; std=1.8892
 -- Sample 10: mean=2.1290%; std=1.5729
 -- Sample 11: mean=2.5594%; std=2.4526
 -- Sample 12: mean=2.5450%; std=2.3716
 -- Sample 13: mean=2.5054%; std=2.2799
 -- Sample 14: mean=2.1673%; std=1.9426
 -- Sample 15: mean=1.6083%; std=1.6017
 -- Sample 16: mean=1.4842%; std=1.4915
 -- Sample 17: mean=1.4613%; std=1.5394
 -- Sample 18: mean=1.2326%; std=1.3570
 -- Sample 19: mean=1.7771%; std=1.7710
 -- Sample 20: mean=1.6482%; std=1.6970
 -- Sample 21: mean=1.5778%; std=1.6168
 -- Sample 22: mean=1.8760%; std=1.7679
 -- Sample 23: mean=2.0042%; std=1.7379
 -- Sample 24: mean=1.7235%; std=1.5950
Mean: 1.9269%, Std: 0.4696%
------------------------------------------------------------------
Correlation comparison:
 -- Sample 0: 0.9616
 -- Sample 1: 0.9666
 -- Sample 2: 0.9677
 -- Sample 3: 0.9063
 -- Sample 4: 0.9033
 -- Sample 5: 0.8905
 -- Sample 6: 0.9036
 -- Sample 7: 0.9515
 -- Sample 8: 0.9591
 -- Sample 9: 0.9390
 -- Sample 10: 0.9544
 -- Sample 11: 0.9492
 -- Sample 12: 0.9504
 -- Sample 13: 0.9543
 -- Sample 14: 0.9643
 -- Sample 15: 0.9603
 -- Sample 16: 0.9632
 -- Sample 17: 0.9632
 -- Sample 18: 0.9670
 -- Sample 19: 0.9697
 -- Sample 20: 0.9719
 -- Sample 21: 0.9729
 -- Sample 22: 0.9678
 -- Sample 23: 0.9627
 -- Sample 24: 0.9697
Mean=0.9516, Std=0.0236
------------------------------------------------------------------
  Processing Batch 3 (Size: 25)...
Bias Error: using Single Component
Mean: 1.2440, Std: 0.7657
------------------------------------------------------------------
Magnitude Error: 
 -- Sample 0: mean=2.1339%; std=1.9792
 -- Sample 1: mean=2.0481%; std=1.8390
 -- Sample 2: mean=1.3961%; std=1.3126
 -- Sample 3: mean=1.5650%; std=1.2081
 -- Sample 4: mean=1.3353%; std=1.3432
 -- Sample 5: mean=1.4375%; std=1.2838
 -- Sample 6: mean=1.3449%; std=1.5485
 -- Sample 7: mean=1.4778%; std=1.7568
 -- Sample 8: mean=1.3530%; std=1.5774
 -- Sample 9: mean=1.1692%; std=1.4810
 -- Sample 10: mean=0.9085%; std=1.2488
 -- Sample 11: mean=1.0416%; std=1.2797
 -- Sample 12: mean=1.0197%; std=1.2235
 -- Sample 13: mean=1.0255%; std=1.3505
 -- Sample 14: mean=1.6769%; std=1.8066
 -- Sample 15: mean=1.6602%; std=1.8499
 -- Sample 16: mean=1.8019%; std=1.7327
 -- Sample 17: mean=1.5439%; std=1.6972
 -- Sample 18: mean=3.8245%; std=2.9047
 -- Sample 19: mean=4.1326%; std=3.3094
 -- Sample 20: mean=4.4254%; std=3.5257
 -- Sample 21: mean=3.5948%; std=2.9747
 -- Sample 22: mean=1.4608%; std=1.6236
 -- Sample 23: mean=1.6680%; std=1.9042
 -- Sample 24: mean=1.8465%; std=1.8988
Mean: 1.8757%, Std: 0.9792%
------------------------------------------------------------------
Correlation comparison:
 -- Sample 0: 0.9535
 -- Sample 1: 0.9618
 -- Sample 2: 0.8653
 -- Sample 3: 0.8528
 -- Sample 4: 0.8653
 -- Sample 5: 0.8597
 -- Sample 6: 0.9701
 -- Sample 7: 0.9653
 -- Sample 8: 0.9645
 -- Sample 9: 0.9713
 -- Sample 10: 0.9490
 -- Sample 11: 0.9504
 -- Sample 12: 0.9438
 -- Sample 13: 0.9415
 -- Sample 14: 0.9495
 -- Sample 15: 0.9511
 -- Sample 16: 0.9484
 -- Sample 17: 0.9502
 -- Sample 18: 0.5996
 -- Sample 19: 0.5090
 -- Sample 20: 0.5463
 -- Sample 21: 0.6065
 -- Sample 22: 0.9545
 -- Sample 23: 0.9468
 -- Sample 24: 0.9335
Mean=0.8764, Std=0.1409
------------------------------------------------------------------
  Processing Batch 4 (Size: 25)...
Bias Error: using Single Component
Mean: 0.9046, Std: 0.7044
------------------------------------------------------------------
Magnitude Error: 
 -- Sample 0: mean=1.2889%; std=1.5532
 -- Sample 1: mean=1.8809%; std=2.3665
 -- Sample 2: mean=1.9452%; std=2.5617
 -- Sample 3: mean=1.9175%; std=2.3118
 -- Sample 4: mean=1.8904%; std=2.2491
 -- Sample 5: mean=1.0245%; std=1.3335
 -- Sample 6: mean=0.9883%; std=1.3099
 -- Sample 7: mean=1.0067%; std=1.3079
 -- Sample 8: mean=1.0853%; std=1.3701
 -- Sample 9: mean=0.9368%; std=1.2865
 -- Sample 10: mean=0.9124%; std=1.3859
 -- Sample 11: mean=0.8787%; std=1.2701
 -- Sample 12: mean=0.9308%; std=1.3156
 -- Sample 13: mean=2.3784%; std=1.9800
 -- Sample 14: mean=2.1371%; std=1.8548
 -- Sample 15: mean=2.4907%; std=2.1232
 -- Sample 16: mean=2.5534%; std=2.1591
 -- Sample 17: mean=1.3557%; std=1.1285
 -- Sample 18: mean=1.4106%; std=1.2311
 -- Sample 19: mean=1.3850%; std=1.0732
 -- Sample 20: mean=1.4879%; std=1.2435
 -- Sample 21: mean=1.4909%; std=2.4448
 -- Sample 22: mean=1.4910%; std=2.2760
 -- Sample 23: mean=1.4301%; std=2.0598
 -- Sample 24: mean=1.4373%; std=2.3075
Mean: 1.5094%, Std: 0.5023%
------------------------------------------------------------------
Correlation comparison:
 -- Sample 0: 0.9576
 -- Sample 1: 0.8774
 -- Sample 2: 0.8617
 -- Sample 3: 0.8948
 -- Sample 4: 0.8792
 -- Sample 5: 0.9668
 -- Sample 6: 0.9677
 -- Sample 7: 0.9603
 -- Sample 8: 0.9615
 -- Sample 9: 0.9744
 -- Sample 10: 0.9744
 -- Sample 11: 0.9677
 -- Sample 12: 0.9737
 -- Sample 13: 0.9343
 -- Sample 14: 0.9449
 -- Sample 15: 0.9449
 -- Sample 16: 0.9336
 -- Sample 17: 0.9654
 -- Sample 18: 0.9621
 -- Sample 19: 0.9653
 -- Sample 20: 0.9582
 -- Sample 21: 0.9383
 -- Sample 22: 0.9397
 -- Sample 23: 0.9515
 -- Sample 24: 0.9427
Mean=0.9439, Std=0.0314
------------------------------------------------------------------
  Processing Batch 5 (Size: 25)...
Bias Error: using Single Component
Mean: 1.0413, Std: 0.5385
------------------------------------------------------------------
Magnitude Error: 
 -- Sample 0: mean=0.7758%; std=1.1108
 -- Sample 1: mean=0.7476%; std=1.1142
 -- Sample 2: mean=0.7587%; std=1.1274
 -- Sample 3: mean=0.7260%; std=1.1060
 -- Sample 4: mean=1.4126%; std=1.2455
 -- Sample 5: mean=1.8992%; std=1.6504
 -- Sample 6: mean=1.8149%; std=1.3475
 -- Sample 7: mean=1.4959%; std=1.4002
 -- Sample 8: mean=1.8543%; std=1.4757
 -- Sample 9: mean=1.7267%; std=1.4220
 -- Sample 10: mean=1.2164%; std=1.1982
 -- Sample 11: mean=1.8147%; std=1.7335
 -- Sample 12: mean=2.2172%; std=1.5490
 -- Sample 13: mean=1.9075%; std=1.5817
 -- Sample 14: mean=2.2814%; std=1.6256
 -- Sample 15: mean=2.1290%; std=1.4106
 -- Sample 16: mean=1.9165%; std=1.0487
 -- Sample 17: mean=1.7932%; std=1.1685
 -- Sample 18: mean=1.5130%; std=0.9641
 -- Sample 19: mean=1.7751%; std=1.0753
 -- Sample 20: mean=2.8001%; std=2.2708
 -- Sample 21: mean=2.9724%; std=2.5343
 -- Sample 22: mean=2.6328%; std=2.0799
 -- Sample 23: mean=2.6724%; std=2.0978
 -- Sample 24: mean=2.5002%; std=2.2349
Mean: 1.8141%, Std: 0.6303%
------------------------------------------------------------------
Correlation comparison:
 -- Sample 0: 0.9688
 -- Sample 1: 0.9663
 -- Sample 2: 0.9721
 -- Sample 3: 0.9712
 -- Sample 4: 0.9560
 -- Sample 5: 0.9348
 -- Sample 6: 0.9457
 -- Sample 7: 0.9510
 -- Sample 8: 0.9208
 -- Sample 9: 0.9115
 -- Sample 10: 0.9150
 -- Sample 11: 0.9134
 -- Sample 12: 0.7580
 -- Sample 13: 0.7957
 -- Sample 14: 0.7470
 -- Sample 15: 0.7924
 -- Sample 16: 0.9646
 -- Sample 17: 0.9624
 -- Sample 18: 0.9685
 -- Sample 19: 0.9618
 -- Sample 20: 0.8933
 -- Sample 21: 0.8862
 -- Sample 22: 0.9161
 -- Sample 23: 0.9095
 -- Sample 24: 0.9246
Mean=0.9123, Std=0.0662
------------------------------------------------------------------
  Processing Batch 6 (Size: 25)...
Bias Error: using Single Component
Mean: 0.8089, Std: 0.5584
------------------------------------------------------------------
Magnitude Error: 
 -- Sample 0: mean=2.1879%; std=1.9418
 -- Sample 1: mean=2.3046%; std=1.6530
 -- Sample 2: mean=2.3105%; std=1.7930
 -- Sample 3: mean=1.7286%; std=1.3415
 -- Sample 4: mean=1.6097%; std=1.2226
 -- Sample 5: mean=1.2346%; std=1.2426
 -- Sample 6: mean=1.7985%; std=1.3210
 -- Sample 7: mean=1.0070%; std=1.1322
 -- Sample 8: mean=1.0717%; std=1.2370
 -- Sample 9: mean=1.0316%; std=1.1854
 -- Sample 10: mean=0.9922%; std=1.2215
 -- Sample 11: mean=2.0962%; std=1.6431
 -- Sample 12: mean=2.5575%; std=1.9096
 -- Sample 13: mean=2.3941%; std=1.9863
 -- Sample 14: mean=1.7939%; std=1.4252
 -- Sample 15: mean=1.7974%; std=2.1122
 -- Sample 16: mean=1.7895%; std=1.8289
 -- Sample 17: mean=1.7629%; std=2.0974
 -- Sample 18: mean=1.6293%; std=1.5554
 -- Sample 19: mean=1.8129%; std=1.5331
 -- Sample 20: mean=1.5238%; std=1.3838
 -- Sample 21: mean=1.2232%; std=1.3333
 -- Sample 22: mean=1.4418%; std=1.3359
 -- Sample 23: mean=1.1595%; std=1.4580
 -- Sample 24: mean=1.1710%; std=1.3467
Mean: 1.6572%, Std: 0.4608%
------------------------------------------------------------------
Correlation comparison:
 -- Sample 0: 0.9431
 -- Sample 1: 0.9492
 -- Sample 2: 0.9406
 -- Sample 3: 0.9632
 -- Sample 4: 0.9703
 -- Sample 5: 0.9668
 -- Sample 6: 0.9657
 -- Sample 7: 0.9734
 -- Sample 8: 0.9687
 -- Sample 9: 0.9742
 -- Sample 10: 0.9741
 -- Sample 11: 0.9441
 -- Sample 12: 0.9448
 -- Sample 13: 0.9433
 -- Sample 14: 0.9606
 -- Sample 15: 0.9452
 -- Sample 16: 0.9400
 -- Sample 17: 0.9459
 -- Sample 18: 0.9553
 -- Sample 19: 0.9425
 -- Sample 20: 0.9375
 -- Sample 21: 0.9436
 -- Sample 22: 0.9495
 -- Sample 23: 0.9689
 -- Sample 24: 0.9712
Mean=0.9553, Std=0.0128
------------------------------------------------------------------
  Processing Batch 7 (Size: 25)...
Bias Error: using Single Component
Mean: 0.9975, Std: 0.8003
------------------------------------------------------------------
Magnitude Error: 
 -- Sample 0: mean=1.2258%; std=1.4120
 -- Sample 1: mean=1.2375%; std=1.3924
 -- Sample 2: mean=4.4872%; std=2.1386
 -- Sample 3: mean=4.8888%; std=2.5531
 -- Sample 4: mean=4.6502%; std=2.6889
 -- Sample 5: mean=4.1774%; std=2.7398
 -- Sample 6: mean=1.0245%; std=1.7998
 -- Sample 7: mean=0.9624%; std=1.4112
 -- Sample 8: mean=1.0575%; std=1.5650
 -- Sample 9: mean=1.1223%; std=1.7204
 -- Sample 10: mean=0.8380%; std=0.9948
 -- Sample 11: mean=0.8291%; std=0.9972
 -- Sample 12: mean=0.8254%; std=0.9878
 -- Sample 13: mean=1.1400%; std=1.0912
 -- Sample 14: mean=1.7234%; std=1.7117
 -- Sample 15: mean=1.0773%; std=1.4197
 -- Sample 16: mean=1.4862%; std=1.5926
 -- Sample 17: mean=1.4135%; std=1.3837
 -- Sample 18: mean=1.3511%; std=1.5634
 -- Sample 19: mean=1.2933%; std=1.4114
 -- Sample 20: mean=1.1344%; std=1.3638
 -- Sample 21: mean=1.2357%; std=1.4445
 -- Sample 22: mean=1.5726%; std=1.3941
 -- Sample 23: mean=1.5539%; std=1.4291
 -- Sample 24: mean=1.4333%; std=1.3660
Mean: 1.7496%, Std: 1.2479%
------------------------------------------------------------------
Correlation comparison:
 -- Sample 0: 0.9667
 -- Sample 1: 0.9644
 -- Sample 2: 0.9334
 -- Sample 3: 0.9092
 -- Sample 4: 0.9108
 -- Sample 5: 0.9148
 -- Sample 6: 0.9607
 -- Sample 7: 0.9658
 -- Sample 8: 0.9648
 -- Sample 9: 0.9583
 -- Sample 10: 0.9639
 -- Sample 11: 0.9711
 -- Sample 12: 0.9667
 -- Sample 13: 0.9634
 -- Sample 14: 0.9535
 -- Sample 15: 0.9567
 -- Sample 16: 0.9428
 -- Sample 17: 0.9569
 -- Sample 18: 0.9436
 -- Sample 19: 0.9444
 -- Sample 20: 0.9535
 -- Sample 21: 0.9458
 -- Sample 22: 0.9624
 -- Sample 23: 0.9574
 -- Sample 24: 0.9667
Mean=0.9519, Std=0.0174
------------------------------------------------------------------
  Processing Batch 8 (Size: 25)...
Bias Error: using Single Component
Mean: 0.7333, Std: 0.3846
------------------------------------------------------------------
Magnitude Error: 
 -- Sample 0: mean=1.5808%; std=1.5038
 -- Sample 1: mean=2.2660%; std=1.9233
 -- Sample 2: mean=2.5028%; std=2.0745
 -- Sample 3: mean=2.1591%; std=1.8600
 -- Sample 4: mean=2.5743%; std=2.1712
 -- Sample 5: mean=2.3201%; std=1.6850
 -- Sample 6: mean=2.2643%; std=1.7851
 -- Sample 7: mean=1.9407%; std=1.6540
 -- Sample 8: mean=1.6091%; std=1.2561
 -- Sample 9: mean=0.9094%; std=1.3245
 -- Sample 10: mean=0.8548%; std=1.2418
 -- Sample 11: mean=1.0597%; std=1.4104
 -- Sample 12: mean=0.9422%; std=1.2845
 -- Sample 13: mean=1.5266%; std=1.5181
 -- Sample 14: mean=1.9818%; std=1.7950
 -- Sample 15: mean=1.5108%; std=1.3710
 -- Sample 16: mean=1.5047%; std=1.3035
 -- Sample 17: mean=1.7382%; std=1.1544
 -- Sample 18: mean=1.2694%; std=1.1877
 -- Sample 19: mean=1.4457%; std=1.1765
 -- Sample 20: mean=1.6616%; std=1.3557
 -- Sample 21: mean=0.7994%; std=1.0505
 -- Sample 22: mean=0.8044%; std=1.0640
 -- Sample 23: mean=0.8361%; std=1.0868
 -- Sample 24: mean=0.8131%; std=1.0600
Mean: 1.5550%, Std: 0.5694%
------------------------------------------------------------------
Correlation comparison:
 -- Sample 0: 0.9640
 -- Sample 1: 0.9725
 -- Sample 2: 0.9661
 -- Sample 3: 0.9721
 -- Sample 4: 0.9641
 -- Sample 5: 0.8444
 -- Sample 6: 0.8623
 -- Sample 7: 0.8802
 -- Sample 8: 0.9140
 -- Sample 9: 0.9389
 -- Sample 10: 0.9547
 -- Sample 11: 0.9446
 -- Sample 12: 0.9334
 -- Sample 13: 0.9582
 -- Sample 14: 0.9373
 -- Sample 15: 0.9583
 -- Sample 16: 0.9588
 -- Sample 17: 0.9670
 -- Sample 18: 0.9685
 -- Sample 19: 0.9674
 -- Sample 20: 0.9567
 -- Sample 21: 0.9818
 -- Sample 22: 0.9834
 -- Sample 23: 0.9806
 -- Sample 24: 0.9805
Mean=0.9484, Std=0.0360
------------------------------------------------------------------
  Processing Batch 9 (Size: 24)...
Bias Error: using Single Component
Mean: 1.4815, Std: 1.0189
------------------------------------------------------------------
Magnitude Error: 
 -- Sample 0: mean=3.0587%; std=2.6742
 -- Sample 1: mean=2.7949%; std=2.3597
 -- Sample 2: mean=3.2432%; std=2.5722
 -- Sample 3: mean=3.3677%; std=2.6628
 -- Sample 4: mean=1.1487%; std=1.1401
 -- Sample 5: mean=1.1924%; std=1.2616
 -- Sample 6: mean=1.2842%; std=1.2081
 -- Sample 7: mean=1.1952%; std=1.1158
 -- Sample 8: mean=1.8446%; std=1.6605
 -- Sample 9: mean=2.3160%; std=2.1782
 -- Sample 10: mean=1.6870%; std=1.4936
 -- Sample 11: mean=1.5979%; std=1.6622
 -- Sample 12: mean=1.5200%; std=1.8905
 -- Sample 13: mean=1.4231%; std=1.8806
 -- Sample 14: mean=1.4431%; std=1.8684
 -- Sample 15: mean=1.4376%; std=1.9436
 -- Sample 16: mean=4.0623%; std=2.8122
 -- Sample 17: mean=4.1010%; std=2.5692
 -- Sample 18: mean=3.7521%; std=2.9079
 -- Sample 19: mean=4.1465%; std=2.8600
 -- Sample 20: mean=0.7080%; std=1.0635
 -- Sample 21: mean=0.6932%; std=1.0500
 -- Sample 22: mean=0.7001%; std=1.0438
 -- Sample 23: mean=0.6843%; std=1.0471
Mean: 2.0584%, Std: 1.1608%
------------------------------------------------------------------
Correlation comparison:
 -- Sample 0: 0.8198
 -- Sample 1: 0.8547
 -- Sample 2: 0.8305
 -- Sample 3: 0.8295
 -- Sample 4: 0.9703
 -- Sample 5: 0.9737
 -- Sample 6: 0.9718
 -- Sample 7: 0.9748
 -- Sample 8: 0.8863
 -- Sample 9: 0.8817
 -- Sample 10: 0.8745
 -- Sample 11: 0.8792
 -- Sample 12: 0.9324
 -- Sample 13: 0.9370
 -- Sample 14: 0.9323
 -- Sample 15: 0.9255
 -- Sample 16: 0.8317
 -- Sample 17: 0.8437
 -- Sample 18: 0.8321
 -- Sample 19: 0.8330
 -- Sample 20: 0.9756
 -- Sample 21: 0.9777
 -- Sample 22: 0.9785
 -- Sample 23: 0.9813
Mean=0.9053, Std=0.0598
------------------------------------------------------------------

Processing Dataset: Berea Sinter Gray
  Processing Batch 1 (Size: 25)...
Bias Error: using Single Component
Mean: 1.6239, Std: 0.9987
------------------------------------------------------------------
Magnitude Error: 
 -- Sample 0: mean=0.8807%; std=1.1555
 -- Sample 1: mean=0.9329%; std=1.2238
 -- Sample 2: mean=0.9047%; std=1.1848
 -- Sample 3: mean=0.9739%; std=1.1975
 -- Sample 4: mean=2.6308%; std=2.8892
 -- Sample 5: mean=2.9502%; std=2.9071
 -- Sample 6: mean=3.2648%; std=2.9973
 -- Sample 7: mean=2.4359%; std=2.2342
 -- Sample 8: mean=1.5897%; std=1.5347
 -- Sample 9: mean=1.3711%; std=1.5700
 -- Sample 10: mean=1.2204%; std=1.3992
 -- Sample 11: mean=1.8963%; std=1.6801
 -- Sample 12: mean=1.6568%; std=1.2425
 -- Sample 13: mean=1.3793%; std=1.0805
 -- Sample 14: mean=1.2410%; std=1.0601
 -- Sample 15: mean=1.5319%; std=1.1623
 -- Sample 16: mean=1.7590%; std=1.6535
 -- Sample 17: mean=1.3213%; std=1.4112
 -- Sample 18: mean=1.8301%; std=1.6239
 -- Sample 19: mean=1.6986%; std=1.5908
 -- Sample 20: mean=3.2462%; std=2.7449
 -- Sample 21: mean=3.4167%; std=3.0415
 -- Sample 22: mean=3.6427%; std=3.1977
 -- Sample 23: mean=3.7906%; std=3.2054
 -- Sample 24: mean=1.1339%; std=1.1263
Mean: 1.9480%, Std: 0.9165%
------------------------------------------------------------------
Correlation comparison:
 -- Sample 0: 0.9771
 -- Sample 1: 0.9722
 -- Sample 2: 0.9755
 -- Sample 3: 0.9742
 -- Sample 4: 0.8134
 -- Sample 5: 0.8578
 -- Sample 6: 0.8464
 -- Sample 7: 0.8773
 -- Sample 8: 0.9187
 -- Sample 9: 0.9232
 -- Sample 10: 0.9429
 -- Sample 11: 0.9411
 -- Sample 12: 0.9192
 -- Sample 13: 0.9315
 -- Sample 14: 0.9278
 -- Sample 15: 0.9149
 -- Sample 16: 0.9578
 -- Sample 17: 0.9634
 -- Sample 18: 0.9599
 -- Sample 19: 0.9601
 -- Sample 20: 0.9230
 -- Sample 21: 0.9243
 -- Sample 22: 0.9101
 -- Sample 23: 0.9155
 -- Sample 24: 0.9563
Mean=0.9274, Std=0.0411
------------------------------------------------------------------
  Processing Batch 2 (Size: 25)...
Bias Error: using Single Component
Mean: 0.8532, Std: 0.6247
------------------------------------------------------------------
Magnitude Error: 
 -- Sample 0: mean=1.0465%; std=1.0554
 -- Sample 1: mean=1.1306%; std=1.0691
 -- Sample 2: mean=1.0366%; std=1.1134
 -- Sample 3: mean=2.3949%; std=1.8918
 -- Sample 4: mean=2.6046%; std=1.9744
 -- Sample 5: mean=2.3525%; std=1.7989
 -- Sample 6: mean=2.1610%; std=1.5598
 -- Sample 7: mean=1.2399%; std=1.1429
 -- Sample 8: mean=1.2848%; std=1.2042
 -- Sample 9: mean=1.1414%; std=1.1184
 -- Sample 10: mean=1.2830%; std=1.1576
 -- Sample 11: mean=2.0073%; std=2.0026
 -- Sample 12: mean=1.9901%; std=1.9591
 -- Sample 13: mean=1.9344%; std=1.9543
 -- Sample 14: mean=1.7947%; std=1.8354
 -- Sample 15: mean=2.0246%; std=1.6975
 -- Sample 16: mean=2.1590%; std=1.5036
 -- Sample 17: mean=2.1334%; std=1.5956
 -- Sample 18: mean=2.1487%; std=1.7079
 -- Sample 19: mean=0.9995%; std=1.3650
 -- Sample 20: mean=0.9974%; std=1.2500
 -- Sample 21: mean=0.9881%; std=1.2545
 -- Sample 22: mean=1.0911%; std=1.3326
 -- Sample 23: mean=0.6846%; std=1.0666
 -- Sample 24: mean=0.7159%; std=1.1076
Mean: 1.5738%, Std: 0.5801%
------------------------------------------------------------------
Correlation comparison:
 -- Sample 0: 0.9602
 -- Sample 1: 0.9585
 -- Sample 2: 0.9576
 -- Sample 3: 0.9492
 -- Sample 4: 0.9414
 -- Sample 5: 0.9526
 -- Sample 6: 0.9570
 -- Sample 7: 0.9681
 -- Sample 8: 0.9685
 -- Sample 9: 0.9650
 -- Sample 10: 0.9666
 -- Sample 11: 0.9700
 -- Sample 12: 0.9716
 -- Sample 13: 0.9692
 -- Sample 14: 0.9745
 -- Sample 15: 0.9518
 -- Sample 16: 0.9581
 -- Sample 17: 0.9554
 -- Sample 18: 0.9517
 -- Sample 19: 0.9765
 -- Sample 20: 0.9740
 -- Sample 21: 0.9784
 -- Sample 22: 0.9756
 -- Sample 23: 0.9473
 -- Sample 24: 0.9384
Mean=0.9615, Std=0.0110
------------------------------------------------------------------
  Processing Batch 3 (Size: 25)...
Bias Error: using Single Component
Mean: 0.5470, Std: 0.4090
------------------------------------------------------------------
Magnitude Error: 
 -- Sample 0: mean=0.7632%; std=1.2393
 -- Sample 1: mean=0.7153%; std=1.0902
 -- Sample 2: mean=1.0763%; std=1.1974
 -- Sample 3: mean=1.0365%; std=1.1869
 -- Sample 4: mean=1.1599%; std=1.2703
 -- Sample 5: mean=0.9788%; std=1.1178
 -- Sample 6: mean=0.9125%; std=1.2960
 -- Sample 7: mean=0.8696%; std=1.2424
 -- Sample 8: mean=0.8766%; std=1.3148
 -- Sample 9: mean=0.8478%; std=1.2326
 -- Sample 10: mean=1.9497%; std=1.9529
 -- Sample 11: mean=1.9005%; std=2.0152
 -- Sample 12: mean=1.9533%; std=1.9184
 -- Sample 13: mean=2.1352%; std=2.1331
 -- Sample 14: mean=1.8615%; std=1.7318
 -- Sample 15: mean=2.0014%; std=1.9605
 -- Sample 16: mean=1.9977%; std=1.7996
 -- Sample 17: mean=1.9563%; std=1.8020
 -- Sample 18: mean=1.6075%; std=1.5619
 -- Sample 19: mean=1.8757%; std=1.9086
 -- Sample 20: mean=1.5209%; std=1.5740
 -- Sample 21: mean=1.5660%; std=1.6073
 -- Sample 22: mean=0.9730%; std=1.1125
 -- Sample 23: mean=0.9457%; std=1.0925
 -- Sample 24: mean=0.8951%; std=1.0242
Mean: 1.3750%, Std: 0.4909%
------------------------------------------------------------------
Correlation comparison:
 -- Sample 0: 0.9427
 -- Sample 1: 0.9391
 -- Sample 2: 0.9672
 -- Sample 3: 0.9727
 -- Sample 4: 0.9733
 -- Sample 5: 0.9738
 -- Sample 6: 0.9729
 -- Sample 7: 0.9784
 -- Sample 8: 0.9737
 -- Sample 9: 0.9752
 -- Sample 10: 0.9002
 -- Sample 11: 0.8919
 -- Sample 12: 0.8903
 -- Sample 13: 0.8729
 -- Sample 14: 0.9603
 -- Sample 15: 0.9518
 -- Sample 16: 0.9533
 -- Sample 17: 0.9577
 -- Sample 18: 0.9662
 -- Sample 19: 0.9554
 -- Sample 20: 0.9666
 -- Sample 21: 0.9628
 -- Sample 22: 0.9668
 -- Sample 23: 0.9618
 -- Sample 24: 0.9653
Mean=0.9517, Std=0.0293
------------------------------------------------------------------
  Processing Batch 4 (Size: 25)...
Bias Error: using Single Component
Mean: 1.9562, Std: 1.1649
------------------------------------------------------------------
Magnitude Error: 
 -- Sample 0: mean=1.1240%; std=1.2097
 -- Sample 1: mean=1.5989%; std=1.2941
 -- Sample 2: mean=1.1665%; std=1.0701
 -- Sample 3: mean=1.1398%; std=1.0464
 -- Sample 4: mean=1.4347%; std=1.4878
 -- Sample 5: mean=1.6122%; std=1.5891
 -- Sample 6: mean=1.4174%; std=1.4101
 -- Sample 7: mean=1.5970%; std=1.6676
 -- Sample 8: mean=1.4617%; std=1.5255
 -- Sample 9: mean=5.3150%; std=3.1700
 -- Sample 10: mean=4.6996%; std=3.1195
 -- Sample 11: mean=4.3592%; std=2.7835
 -- Sample 12: mean=4.7180%; std=3.1910
 -- Sample 13: mean=1.7436%; std=1.4955
 -- Sample 14: mean=1.9643%; std=1.6138
 -- Sample 15: mean=1.7961%; std=1.5006
 -- Sample 16: mean=1.8747%; std=1.6002
 -- Sample 17: mean=2.0895%; std=1.8688
 -- Sample 18: mean=2.5120%; std=1.9273
 -- Sample 19: mean=2.2550%; std=1.8778
 -- Sample 20: mean=2.3700%; std=2.0082
 -- Sample 21: mean=1.7179%; std=2.3180
 -- Sample 22: mean=1.5771%; std=2.1338
 -- Sample 23: mean=1.6787%; std=2.0664
 -- Sample 24: mean=1.6468%; std=2.2926
Mean: 2.1948%, Std: 1.1830%
------------------------------------------------------------------
Correlation comparison:
 -- Sample 0: 0.9520
 -- Sample 1: 0.9041
 -- Sample 2: 0.9240
 -- Sample 3: 0.9373
 -- Sample 4: 0.9139
 -- Sample 5: 0.8987
 -- Sample 6: 0.9263
 -- Sample 7: 0.8920
 -- Sample 8: 0.9092
 -- Sample 9: 0.8526
 -- Sample 10: 0.8592
 -- Sample 11: 0.8865
 -- Sample 12: 0.8553
 -- Sample 13: 0.9514
 -- Sample 14: 0.9517
 -- Sample 15: 0.9570
 -- Sample 16: 0.9478
 -- Sample 17: 0.9061
 -- Sample 18: 0.8969
 -- Sample 19: 0.9017
 -- Sample 20: 0.8903
 -- Sample 21: 0.8206
 -- Sample 22: 0.8470
 -- Sample 23: 0.8473
 -- Sample 24: 0.7811
Mean=0.8964, Std=0.0440
------------------------------------------------------------------
  Processing Batch 5 (Size: 25)...
Bias Error: using Single Component
Mean: 1.4949, Std: 1.5052
------------------------------------------------------------------
Magnitude Error: 
 -- Sample 0: mean=2.6989%; std=1.6871
 -- Sample 1: mean=3.7809%; std=1.9421
 -- Sample 2: mean=3.6920%; std=1.9013
 -- Sample 3: mean=3.6490%; std=1.8772
 -- Sample 4: mean=1.1808%; std=1.0871
 -- Sample 5: mean=1.4062%; std=1.1572
 -- Sample 6: mean=1.6335%; std=1.3668
 -- Sample 7: mean=1.3298%; std=1.1647
 -- Sample 8: mean=2.2311%; std=1.4828
 -- Sample 9: mean=1.9366%; std=1.3237
 -- Sample 10: mean=2.3920%; std=1.5538
 -- Sample 11: mean=1.5776%; std=1.4915
 -- Sample 12: mean=0.8740%; std=1.2206
 -- Sample 13: mean=0.9597%; std=1.2610
 -- Sample 14: mean=1.0620%; std=1.3652
 -- Sample 15: mean=0.9413%; std=1.2641
 -- Sample 16: mean=0.9377%; std=1.1319
 -- Sample 17: mean=1.0294%; std=1.2259
 -- Sample 18: mean=1.1712%; std=1.2722
 -- Sample 19: mean=1.0284%; std=1.2027
 -- Sample 20: mean=2.6483%; std=2.6924
 -- Sample 21: mean=2.4075%; std=2.3535
 -- Sample 22: mean=2.6682%; std=2.6682
 -- Sample 23: mean=2.6367%; std=2.7079
 -- Sample 24: mean=1.8107%; std=1.4752
Mean: 1.9073%, Std: 0.9066%
------------------------------------------------------------------
Correlation comparison:
 -- Sample 0: 0.8791
 -- Sample 1: 0.8701
 -- Sample 2: 0.8697
 -- Sample 3: 0.8780
 -- Sample 4: 0.9635
 -- Sample 5: 0.9625
 -- Sample 6: 0.9558
 -- Sample 7: 0.9621
 -- Sample 8: 0.9496
 -- Sample 9: 0.9569
 -- Sample 10: 0.9412
 -- Sample 11: 0.9523
 -- Sample 12: 0.9786
 -- Sample 13: 0.9765
 -- Sample 14: 0.9743
 -- Sample 15: 0.9790
 -- Sample 16: 0.9826
 -- Sample 17: 0.9736
 -- Sample 18: 0.9794
 -- Sample 19: 0.9786
 -- Sample 20: 0.7261
 -- Sample 21: 0.7034
 -- Sample 22: 0.6897
 -- Sample 23: 0.6977
 -- Sample 24: 0.8578
Mean=0.9055, Std=0.0962
------------------------------------------------------------------
  Processing Batch 6 (Size: 25)...
Bias Error: using Single Component
Mean: 0.7623, Std: 0.7837
------------------------------------------------------------------
Magnitude Error: 
 -- Sample 0: mean=1.9818%; std=1.6732
 -- Sample 1: mean=1.7109%; std=1.4663
 -- Sample 2: mean=1.6698%; std=1.4401
 -- Sample 3: mean=1.6043%; std=1.5719
 -- Sample 4: mean=1.5709%; std=1.4377
 -- Sample 5: mean=1.3211%; std=1.3803
 -- Sample 6: mean=1.4024%; std=1.5186
 -- Sample 7: mean=1.2123%; std=1.0559
 -- Sample 8: mean=1.0922%; std=1.0885
 -- Sample 9: mean=0.9588%; std=1.0124
 -- Sample 10: mean=1.1980%; std=1.0827
 -- Sample 11: mean=2.1784%; std=1.8752
 -- Sample 12: mean=2.0429%; std=1.6761
 -- Sample 13: mean=1.8250%; std=1.5008
 -- Sample 14: mean=1.9973%; std=1.9604
 -- Sample 15: mean=0.8733%; std=1.2027
 -- Sample 16: mean=0.8444%; std=1.2005
 -- Sample 17: mean=0.8588%; std=1.1685
 -- Sample 18: mean=0.9742%; std=1.2058
 -- Sample 19: mean=1.0539%; std=1.1263
 -- Sample 20: mean=1.1662%; std=1.1544
 -- Sample 21: mean=1.0803%; std=1.1636
 -- Sample 22: mean=1.1668%; std=1.2187
 -- Sample 23: mean=1.7924%; std=1.6770
 -- Sample 24: mean=1.9220%; std=1.8155
Mean: 1.4199%, Std: 0.4155%
------------------------------------------------------------------
Correlation comparison:
 -- Sample 0: 0.8529
 -- Sample 1: 0.9014
 -- Sample 2: 0.8501
 -- Sample 3: 0.9102
 -- Sample 4: 0.9192
 -- Sample 5: 0.9136
 -- Sample 6: 0.9101
 -- Sample 7: 0.9777
 -- Sample 8: 0.9785
 -- Sample 9: 0.9800
 -- Sample 10: 0.9749
 -- Sample 11: 0.9022
 -- Sample 12: 0.8968
 -- Sample 13: 0.9230
 -- Sample 14: 0.9167
 -- Sample 15: 0.9869
 -- Sample 16: 0.9867
 -- Sample 17: 0.9879
 -- Sample 18: 0.9866
 -- Sample 19: 0.9770
 -- Sample 20: 0.9735
 -- Sample 21: 0.9733
 -- Sample 22: 0.9677
 -- Sample 23: 0.8805
 -- Sample 24: 0.8343
Mean=0.9345, Std=0.0478
------------------------------------------------------------------
  Processing Batch 7 (Size: 25)...
Bias Error: using Single Component
Mean: 1.1876, Std: 0.8993
------------------------------------------------------------------
Magnitude Error: 
 -- Sample 0: mean=1.9420%; std=1.8225
 -- Sample 1: mean=1.7584%; std=1.6850
 -- Sample 2: mean=2.1516%; std=1.2958
 -- Sample 3: mean=1.6237%; std=1.2859
 -- Sample 4: mean=1.9387%; std=1.3854
 -- Sample 5: mean=1.8342%; std=1.3003
 -- Sample 6: mean=1.2173%; std=1.5301
 -- Sample 7: mean=1.3904%; std=1.7305
 -- Sample 8: mean=1.2932%; std=1.6233
 -- Sample 9: mean=1.3011%; std=1.6412
 -- Sample 10: mean=1.6759%; std=1.3790
 -- Sample 11: mean=1.6755%; std=1.3065
 -- Sample 12: mean=1.6180%; std=1.1350
 -- Sample 13: mean=1.4276%; std=1.1592
 -- Sample 14: mean=1.3289%; std=1.3664
 -- Sample 15: mean=1.4426%; std=1.3523
 -- Sample 16: mean=1.7618%; std=1.7017
 -- Sample 17: mean=1.5139%; std=1.5396
 -- Sample 18: mean=2.6731%; std=1.8882
 -- Sample 19: mean=3.4199%; std=1.7948
 -- Sample 20: mean=2.8049%; std=1.6520
 -- Sample 21: mean=3.0721%; std=1.8046
 -- Sample 22: mean=3.2185%; std=2.2336
 -- Sample 23: mean=3.6701%; std=2.5785
 -- Sample 24: mean=2.6751%; std=2.2489
Mean: 2.0171%, Std: 0.7199%
------------------------------------------------------------------
Correlation comparison:
 -- Sample 0: 0.8598
 -- Sample 1: 0.8671
 -- Sample 2: 0.9711
 -- Sample 3: 0.9734
 -- Sample 4: 0.9700
 -- Sample 5: 0.9724
 -- Sample 6: 0.9713
 -- Sample 7: 0.9625
 -- Sample 8: 0.9561
 -- Sample 9: 0.9659
 -- Sample 10: 0.9411
 -- Sample 11: 0.9457
 -- Sample 12: 0.9501
 -- Sample 13: 0.9516
 -- Sample 14: 0.9352
 -- Sample 15: 0.9348
 -- Sample 16: 0.9162
 -- Sample 17: 0.9229
 -- Sample 18: 0.9228
 -- Sample 19: 0.9231
 -- Sample 20: 0.9323
 -- Sample 21: 0.9225
 -- Sample 22: 0.9277
 -- Sample 23: 0.9062
 -- Sample 24: 0.9284
Mean=0.9372, Std=0.0294
------------------------------------------------------------------
  Processing Batch 8 (Size: 17)...
Bias Error: using Single Component
Mean: 1.4640, Std: 0.9015
------------------------------------------------------------------
Magnitude Error: 
 -- Sample 0: mean=3.3110%; std=2.4840
 -- Sample 1: mean=1.1857%; std=1.6034
 -- Sample 2: mean=1.1955%; std=1.4675
 -- Sample 3: mean=1.0254%; std=1.3688
 -- Sample 4: mean=1.0922%; std=1.4368
 -- Sample 5: mean=2.6473%; std=2.1962
 -- Sample 6: mean=2.5836%; std=1.8935
 -- Sample 7: mean=2.6001%; std=2.0613
 -- Sample 8: mean=2.7334%; std=1.9696
 -- Sample 9: mean=1.0263%; std=1.0063
 -- Sample 10: mean=1.2114%; std=1.1471
 -- Sample 11: mean=1.2134%; std=1.0797
 -- Sample 12: mean=1.0012%; std=1.0376
 -- Sample 13: mean=1.7870%; std=2.6088
 -- Sample 14: mean=1.8131%; std=2.6684
 -- Sample 15: mean=1.7964%; std=2.4880
 -- Sample 16: mean=1.7790%; std=2.6266
Mean: 1.7648%, Std: 0.7226%
------------------------------------------------------------------
Correlation comparison:
 -- Sample 0: 0.8998
 -- Sample 1: 0.9654
 -- Sample 2: 0.9709
 -- Sample 3: 0.9751
 -- Sample 4: 0.9733
 -- Sample 5: 0.8904
 -- Sample 6: 0.9102
 -- Sample 7: 0.8985
 -- Sample 8: 0.9064
 -- Sample 9: 0.9678
 -- Sample 10: 0.9663
 -- Sample 11: 0.9704
 -- Sample 12: 0.9673
 -- Sample 13: 0.9277
 -- Sample 14: 0.9281
 -- Sample 15: 0.9368
 -- Sample 16: 0.9299
Mean=0.9403, Std=0.0300
------------------------------------------------------------------

Processing Dataset: Berea
  Processing Batch 1 (Size: 25)...
Bias Error: using Single Component
Mean: 0.7198, Std: 0.5489
------------------------------------------------------------------
Magnitude Error: 
 -- Sample 0: mean=2.1413%; std=1.6691
 -- Sample 1: mean=2.2057%; std=1.8604
 -- Sample 2: mean=2.0055%; std=1.5307
 -- Sample 3: mean=1.7126%; std=1.3293
 -- Sample 4: mean=0.9264%; std=1.1383
 -- Sample 5: mean=0.8984%; std=1.1132
 -- Sample 6: mean=0.9032%; std=1.1580
 -- Sample 7: mean=1.0207%; std=1.1654
 -- Sample 8: mean=1.6152%; std=1.8417
 -- Sample 9: mean=1.5858%; std=1.6858
 -- Sample 10: mean=1.6016%; std=1.7242
 -- Sample 11: mean=1.6351%; std=1.7136
 -- Sample 12: mean=2.5747%; std=1.7145
 -- Sample 13: mean=1.7460%; std=1.3747
 -- Sample 14: mean=1.7351%; std=1.4194
 -- Sample 15: mean=2.3037%; std=1.5235
 -- Sample 16: mean=1.1711%; std=1.1208
 -- Sample 17: mean=1.0636%; std=1.0872
 -- Sample 18: mean=1.2040%; std=1.2701
 -- Sample 19: mean=0.9770%; std=1.0858
 -- Sample 20: mean=1.1861%; std=1.3601
 -- Sample 21: mean=1.1280%; std=1.4101
 -- Sample 22: mean=1.2635%; std=1.4835
 -- Sample 23: mean=1.1907%; std=1.5183
 -- Sample 24: mean=1.7450%; std=2.2781
Mean: 1.5016%, Std: 0.4716%
------------------------------------------------------------------
Correlation comparison:
 -- Sample 0: 0.9563
 -- Sample 1: 0.9506
 -- Sample 2: 0.9636
 -- Sample 3: 0.9687
 -- Sample 4: 0.9741
 -- Sample 5: 0.9759
 -- Sample 6: 0.9744
 -- Sample 7: 0.9742
 -- Sample 8: 0.9629
 -- Sample 9: 0.9620
 -- Sample 10: 0.9533
 -- Sample 11: 0.9540
 -- Sample 12: 0.9168
 -- Sample 13: 0.9269
 -- Sample 14: 0.9308
 -- Sample 15: 0.9310
 -- Sample 16: 0.9670
 -- Sample 17: 0.9738
 -- Sample 18: 0.9686
 -- Sample 19: 0.9740
 -- Sample 20: 0.9785
 -- Sample 21: 0.9782
 -- Sample 22: 0.9779
 -- Sample 23: 0.9758
 -- Sample 24: 0.9436
Mean=0.9605, Std=0.0177
------------------------------------------------------------------
  Processing Batch 2 (Size: 25)...
Bias Error: using Single Component
Mean: 1.2223, Std: 1.1388
------------------------------------------------------------------
Magnitude Error: 
 -- Sample 0: mean=2.1082%; std=2.7054
 -- Sample 1: mean=1.7089%; std=2.4822
 -- Sample 2: mean=1.6271%; std=2.2665
 -- Sample 3: mean=1.1218%; std=1.3796
 -- Sample 4: mean=1.2441%; std=1.4120
 -- Sample 5: mean=1.0993%; std=1.4119
 -- Sample 6: mean=1.1196%; std=1.2228
 -- Sample 7: mean=2.8160%; std=2.1963
 -- Sample 8: mean=2.7245%; std=2.0099
 -- Sample 9: mean=2.7899%; std=2.0557
 -- Sample 10: mean=3.2764%; std=2.1982
 -- Sample 11: mean=1.1387%; std=1.3801
 -- Sample 12: mean=1.2015%; std=1.5718
 -- Sample 13: mean=1.2764%; std=1.4819
 -- Sample 14: mean=1.2359%; std=1.6445
 -- Sample 15: mean=1.0978%; std=1.1716
 -- Sample 16: mean=0.9961%; std=1.2092
 -- Sample 17: mean=1.1732%; std=1.2083
 -- Sample 18: mean=1.0103%; std=1.1942
 -- Sample 19: mean=1.0327%; std=1.1386
 -- Sample 20: mean=0.9717%; std=1.1660
 -- Sample 21: mean=1.2989%; std=1.2961
 -- Sample 22: mean=1.2154%; std=1.3280
 -- Sample 23: mean=1.5087%; std=1.4527
 -- Sample 24: mean=1.4810%; std=1.4418
Mean: 1.5310%, Std: 0.6540%
------------------------------------------------------------------
Correlation comparison:
 -- Sample 0: 0.9107
 -- Sample 1: 0.9408
 -- Sample 2: 0.9422
 -- Sample 3: 0.9673
 -- Sample 4: 0.9661
 -- Sample 5: 0.9635
 -- Sample 6: 0.9691
 -- Sample 7: 0.7979
 -- Sample 8: 0.7868
 -- Sample 9: 0.8119
 -- Sample 10: 0.8029
 -- Sample 11: 0.9549
 -- Sample 12: 0.9508
 -- Sample 13: 0.9384
 -- Sample 14: 0.9404
 -- Sample 15: 0.9701
 -- Sample 16: 0.9688
 -- Sample 17: 0.9708
 -- Sample 18: 0.9681
 -- Sample 19: 0.9723
 -- Sample 20: 0.9753
 -- Sample 21: 0.9687
 -- Sample 22: 0.9708
 -- Sample 23: 0.9641
 -- Sample 24: 0.9599
Mean=0.9333, Std=0.0601
------------------------------------------------------------------
  Processing Batch 3 (Size: 25)...
Bias Error: using Single Component
Mean: 1.5337, Std: 1.6264
------------------------------------------------------------------
Magnitude Error: 
 -- Sample 0: mean=1.4238%; std=1.4581
 -- Sample 1: mean=1.6652%; std=1.5190
 -- Sample 2: mean=1.3883%; std=1.3813
 -- Sample 3: mean=1.6579%; std=1.4552
 -- Sample 4: mean=1.4923%; std=1.4799
 -- Sample 5: mean=1.5024%; std=1.5611
 -- Sample 6: mean=5.9816%; std=1.7701
 -- Sample 7: mean=5.6580%; std=1.7185
 -- Sample 8: mean=6.7018%; std=2.2239
 -- Sample 9: mean=5.6287%; std=1.8233
 -- Sample 10: mean=1.1089%; std=1.3670
 -- Sample 11: mean=1.1335%; std=1.3365
 -- Sample 12: mean=1.1964%; std=1.3922
 -- Sample 13: mean=1.1264%; std=1.3369
 -- Sample 14: mean=1.3609%; std=1.1644
 -- Sample 15: mean=1.1191%; std=1.1851
 -- Sample 16: mean=1.2313%; std=1.1913
 -- Sample 17: mean=1.4449%; std=1.2571
 -- Sample 18: mean=1.3514%; std=1.3003
 -- Sample 19: mean=1.4256%; std=1.4305
 -- Sample 20: mean=1.3242%; std=1.3470
 -- Sample 21: mean=1.0558%; std=1.1863
 -- Sample 22: mean=1.6792%; std=2.3400
 -- Sample 23: mean=1.7946%; std=2.3570
 -- Sample 24: mean=1.7368%; std=2.2858
Mean: 2.1276%, Std: 1.7076%
------------------------------------------------------------------
Correlation comparison:
 -- Sample 0: 0.9642
 -- Sample 1: 0.9604
 -- Sample 2: 0.9354
 -- Sample 3: 0.9387
 -- Sample 4: 0.9283
 -- Sample 5: 0.9121
 -- Sample 6: 0.8762
 -- Sample 7: 0.8795
 -- Sample 8: 0.8562
 -- Sample 9: 0.8771
 -- Sample 10: 0.9685
 -- Sample 11: 0.9653
 -- Sample 12: 0.9671
 -- Sample 13: 0.9643
 -- Sample 14: 0.9638
 -- Sample 15: 0.9657
 -- Sample 16: 0.9683
 -- Sample 17: 0.9638
 -- Sample 18: 0.9727
 -- Sample 19: 0.9670
 -- Sample 20: 0.9689
 -- Sample 21: 0.9711
 -- Sample 22: 0.8954
 -- Sample 23: 0.8926
 -- Sample 24: 0.8861
Mean=0.9363, Std=0.0382
------------------------------------------------------------------
  Processing Batch 4 (Size: 25)...
Bias Error: using Single Component
Mean: 1.2401, Std: 0.9171
------------------------------------------------------------------
Magnitude Error: 
 -- Sample 0: mean=1.6631%; std=2.0704
 -- Sample 1: mean=1.5417%; std=1.0856
 -- Sample 2: mean=1.6646%; std=1.2755
 -- Sample 3: mean=1.3529%; std=1.1527
 -- Sample 4: mean=1.3198%; std=1.1252
 -- Sample 5: mean=1.4158%; std=1.2905
 -- Sample 6: mean=1.3002%; std=1.2017
 -- Sample 7: mean=1.1522%; std=1.1400
 -- Sample 8: mean=1.4603%; std=1.3750
 -- Sample 9: mean=2.4584%; std=1.6957
 -- Sample 10: mean=2.7173%; std=1.8617
 -- Sample 11: mean=2.3139%; std=1.6579
 -- Sample 12: mean=2.0846%; std=1.4555
 -- Sample 13: mean=2.1707%; std=2.0060
 -- Sample 14: mean=2.0601%; std=1.9657
 -- Sample 15: mean=2.0327%; std=2.1460
 -- Sample 16: mean=2.1221%; std=2.0916
 -- Sample 17: mean=0.8312%; std=1.1234
 -- Sample 18: mean=0.7380%; std=1.0993
 -- Sample 19: mean=0.8041%; std=1.1381
 -- Sample 20: mean=0.7987%; std=1.1089
 -- Sample 21: mean=1.0915%; std=1.1751
 -- Sample 22: mean=1.0479%; std=1.1390
 -- Sample 23: mean=1.0203%; std=1.1573
 -- Sample 24: mean=1.0540%; std=1.1990
Mean: 1.5286%, Std: 0.5622%
------------------------------------------------------------------
Correlation comparison:
 -- Sample 0: 0.9003
 -- Sample 1: 0.9548
 -- Sample 2: 0.9543
 -- Sample 3: 0.9579
 -- Sample 4: 0.9551
 -- Sample 5: 0.9612
 -- Sample 6: 0.9661
 -- Sample 7: 0.9658
 -- Sample 8: 0.9606
 -- Sample 9: 0.8975
 -- Sample 10: 0.8782
 -- Sample 11: 0.9010
 -- Sample 12: 0.9228
 -- Sample 13: 0.9254
 -- Sample 14: 0.9273
 -- Sample 15: 0.9206
 -- Sample 16: 0.9242
 -- Sample 17: 0.9788
 -- Sample 18: 0.9787
 -- Sample 19: 0.9797
 -- Sample 20: 0.9804
 -- Sample 21: 0.8804
 -- Sample 22: 0.8968
 -- Sample 23: 0.8598
 -- Sample 24: 0.8578
Mean=0.9314, Std=0.0380
------------------------------------------------------------------
  Processing Batch 5 (Size: 25)...
Bias Error: using Single Component
Mean: 0.9745, Std: 0.9996
------------------------------------------------------------------
Magnitude Error: 
 -- Sample 0: mean=1.0825%; std=1.3013
 -- Sample 1: mean=1.1412%; std=1.3134
 -- Sample 2: mean=1.0990%; std=1.2798
 -- Sample 3: mean=0.9676%; std=1.2470
 -- Sample 4: mean=4.0486%; std=3.5010
 -- Sample 5: mean=3.8649%; std=3.4355
 -- Sample 6: mean=3.8620%; std=3.3644
 -- Sample 7: mean=3.8418%; std=3.4363
 -- Sample 8: mean=0.8970%; std=1.0621
 -- Sample 9: mean=0.9121%; std=1.0703
 -- Sample 10: mean=0.9595%; std=1.0910
 -- Sample 11: mean=0.9072%; std=1.0595
 -- Sample 12: mean=1.2869%; std=1.1565
 -- Sample 13: mean=1.3106%; std=1.1848
 -- Sample 14: mean=1.0521%; std=1.1092
 -- Sample 15: mean=1.0903%; std=1.1080
 -- Sample 16: mean=1.7846%; std=1.6682
 -- Sample 17: mean=1.6935%; std=1.5210
 -- Sample 18: mean=2.2761%; std=1.7894
 -- Sample 19: mean=1.9671%; std=1.6315
 -- Sample 20: mean=1.0998%; std=1.1997
 -- Sample 21: mean=1.0964%; std=1.1878
 -- Sample 22: mean=1.0527%; std=1.1499
 -- Sample 23: mean=1.0651%; std=1.1506
 -- Sample 24: mean=1.3932%; std=1.4143
Mean: 1.6701%, Std: 1.0323%
------------------------------------------------------------------
Correlation comparison:
 -- Sample 0: 0.9753
 -- Sample 1: 0.9702
 -- Sample 2: 0.9770
 -- Sample 3: 0.9758
 -- Sample 4: 0.8490
 -- Sample 5: 0.8570
 -- Sample 6: 0.8674
 -- Sample 7: 0.8567
 -- Sample 8: 0.9594
 -- Sample 9: 0.9721
 -- Sample 10: 0.9673
 -- Sample 11: 0.9669
 -- Sample 12: 0.9741
 -- Sample 13: 0.9719
 -- Sample 14: 0.9753
 -- Sample 15: 0.9748
 -- Sample 16: 0.9300
 -- Sample 17: 0.9218
 -- Sample 18: 0.9187
 -- Sample 19: 0.9209
 -- Sample 20: 0.9687
 -- Sample 21: 0.9665
 -- Sample 22: 0.9700
 -- Sample 23: 0.9677
 -- Sample 24: 0.9529
Mean=0.9443, Std=0.0419
------------------------------------------------------------------
  Processing Batch 6 (Size: 25)...
Bias Error: using Single Component
Mean: 0.8147, Std: 0.7545
------------------------------------------------------------------
Magnitude Error: 
 -- Sample 0: mean=1.2406%; std=1.3007
 -- Sample 1: mean=1.2886%; std=1.2949
 -- Sample 2: mean=1.1026%; std=1.2526
 -- Sample 3: mean=1.4124%; std=1.5052
 -- Sample 4: mean=1.2259%; std=1.3229
 -- Sample 5: mean=1.4888%; std=1.6410
 -- Sample 6: mean=1.3932%; std=1.4085
 -- Sample 7: mean=1.5241%; std=1.5643
 -- Sample 8: mean=1.3847%; std=1.4556
 -- Sample 9: mean=1.3283%; std=1.4514
 -- Sample 10: mean=1.3432%; std=1.3400
 -- Sample 11: mean=1.4068%; std=1.5917
 -- Sample 12: mean=1.3809%; std=1.4930
 -- Sample 13: mean=1.3855%; std=1.6008
 -- Sample 14: mean=1.2743%; std=1.4996
 -- Sample 15: mean=1.6020%; std=1.7023
 -- Sample 16: mean=1.8275%; std=1.7972
 -- Sample 17: mean=1.7900%; std=1.8704
 -- Sample 18: mean=1.9942%; std=2.0144
 -- Sample 19: mean=1.3546%; std=1.6483
 -- Sample 20: mean=1.1520%; std=1.3548
 -- Sample 21: mean=1.2809%; std=1.3338
 -- Sample 22: mean=1.3886%; std=1.5615
 -- Sample 23: mean=2.3739%; std=2.8288
 -- Sample 24: mean=2.1500%; std=2.4360
Mean: 1.4837%, Std: 0.3064%
------------------------------------------------------------------
Correlation comparison:
 -- Sample 0: 0.9528
 -- Sample 1: 0.9524
 -- Sample 2: 0.9654
 -- Sample 3: 0.9609
 -- Sample 4: 0.9664
 -- Sample 5: 0.9533
 -- Sample 6: 0.9609
 -- Sample 7: 0.9620
 -- Sample 8: 0.9656
 -- Sample 9: 0.9700
 -- Sample 10: 0.9726
 -- Sample 11: 0.9118
 -- Sample 12: 0.9185
 -- Sample 13: 0.9232
 -- Sample 14: 0.9198
 -- Sample 15: 0.9376
 -- Sample 16: 0.9392
 -- Sample 17: 0.9300
 -- Sample 18: 0.9357
 -- Sample 19: 0.9629
 -- Sample 20: 0.9674
 -- Sample 21: 0.9697
 -- Sample 22: 0.9616
 -- Sample 23: 0.8948
 -- Sample 24: 0.9105
Mean=0.9466, Std=0.0222
------------------------------------------------------------------
  Processing Batch 7 (Size: 25)...
Bias Error: using Single Component
Mean: 0.6626, Std: 0.6466
------------------------------------------------------------------
Magnitude Error: 
 -- Sample 0: mean=2.2397%; std=2.6045
 -- Sample 1: mean=2.3106%; std=2.5562
 -- Sample 2: mean=1.1459%; std=1.2347
 -- Sample 3: mean=1.1739%; std=1.2169
 -- Sample 4: mean=1.1300%; std=1.1925
 -- Sample 5: mean=1.1556%; std=1.2582
 -- Sample 6: mean=1.7347%; std=1.2090
 -- Sample 7: mean=1.5791%; std=1.1852
 -- Sample 8: mean=1.6507%; std=1.3157
 -- Sample 9: mean=1.6409%; std=1.2339
 -- Sample 10: mean=1.5124%; std=1.5764
 -- Sample 11: mean=1.2325%; std=1.3434
 -- Sample 12: mean=1.4111%; std=1.4757
 -- Sample 13: mean=1.4680%; std=1.5723
 -- Sample 14: mean=1.7851%; std=2.2744
 -- Sample 15: mean=1.5138%; std=1.8866
 -- Sample 16: mean=1.4035%; std=1.6307
 -- Sample 17: mean=1.7903%; std=2.2575
 -- Sample 18: mean=1.5281%; std=1.4583
 -- Sample 19: mean=1.5479%; std=1.4853
 -- Sample 20: mean=1.7177%; std=1.6603
 -- Sample 21: mean=1.8945%; std=1.8504
 -- Sample 22: mean=1.4109%; std=1.2257
 -- Sample 23: mean=1.1073%; std=1.0919
 -- Sample 24: mean=1.4662%; std=1.2117
Mean: 1.5420%, Std: 0.3083%
------------------------------------------------------------------
Correlation comparison:
 -- Sample 0: 0.9094
 -- Sample 1: 0.9038
 -- Sample 2: 0.9737
 -- Sample 3: 0.9722
 -- Sample 4: 0.9726
 -- Sample 5: 0.9739
 -- Sample 6: 0.9698
 -- Sample 7: 0.9642
 -- Sample 8: 0.9623
 -- Sample 9: 0.9658
 -- Sample 10: 0.9651
 -- Sample 11: 0.9725
 -- Sample 12: 0.9574
 -- Sample 13: 0.9506
 -- Sample 14: 0.9227
 -- Sample 15: 0.9352
 -- Sample 16: 0.9387
 -- Sample 17: 0.9253
 -- Sample 18: 0.9743
 -- Sample 19: 0.9746
 -- Sample 20: 0.9710
 -- Sample 21: 0.9685
 -- Sample 22: 0.9566
 -- Sample 23: 0.9563
 -- Sample 24: 0.9557
Mean=0.9557, Std=0.0207
------------------------------------------------------------------
  Processing Batch 8 (Size: 25)...
Bias Error: using Single Component
Mean: 0.4343, Std: 0.2814
------------------------------------------------------------------
Magnitude Error: 
 -- Sample 0: mean=1.2922%; std=1.2665
 -- Sample 1: mean=0.9077%; std=1.0024
 -- Sample 2: mean=0.9269%; std=0.9964
 -- Sample 3: mean=0.9021%; std=1.0280
 -- Sample 4: mean=0.7484%; std=1.0075
 -- Sample 5: mean=0.9136%; std=0.9760
 -- Sample 6: mean=1.0672%; std=1.0406
 -- Sample 7: mean=0.8987%; std=0.9820
 -- Sample 8: mean=1.0544%; std=1.0264
 -- Sample 9: mean=1.1322%; std=1.5264
 -- Sample 10: mean=1.0765%; std=1.5504
 -- Sample 11: mean=1.0839%; std=1.4319
 -- Sample 12: mean=1.0859%; std=1.4266
 -- Sample 13: mean=0.9214%; std=1.1389
 -- Sample 14: mean=0.9265%; std=1.1465
 -- Sample 15: mean=1.0733%; std=1.3727
 -- Sample 16: mean=0.8253%; std=1.0652
 -- Sample 17: mean=1.9284%; std=1.4878
 -- Sample 18: mean=2.0763%; std=1.5892
 -- Sample 19: mean=2.2633%; std=1.7005
 -- Sample 20: mean=1.9542%; std=1.6386
 -- Sample 21: mean=1.8543%; std=1.4260
 -- Sample 22: mean=1.9661%; std=1.6251
 -- Sample 23: mean=1.8178%; std=1.4552
 -- Sample 24: mean=1.9931%; std=1.5693
Mean: 1.3076%, Std: 0.4801%
------------------------------------------------------------------
Correlation comparison:
 -- Sample 0: 0.9596
 -- Sample 1: 0.9617
 -- Sample 2: 0.9650
 -- Sample 3: 0.9689
 -- Sample 4: 0.9706
 -- Sample 5: 0.9674
 -- Sample 6: 0.9703
 -- Sample 7: 0.9719
 -- Sample 8: 0.9681
 -- Sample 9: 0.9567
 -- Sample 10: 0.9537
 -- Sample 11: 0.9564
 -- Sample 12: 0.9561
 -- Sample 13: 0.9765
 -- Sample 14: 0.9738
 -- Sample 15: 0.9706
 -- Sample 16: 0.9742
 -- Sample 17: 0.9666
 -- Sample 18: 0.9618
 -- Sample 19: 0.9638
 -- Sample 20: 0.9654
 -- Sample 21: 0.9564
 -- Sample 22: 0.9544
 -- Sample 23: 0.9574
 -- Sample 24: 0.9489
Mean=0.9639, Std=0.0073
------------------------------------------------------------------
  Processing Batch 9 (Size: 24)...
Bias Error: using Single Component
Mean: 0.9400, Std: 0.7231
------------------------------------------------------------------
Magnitude Error: 
 -- Sample 0: mean=1.2240%; std=1.3549
 -- Sample 1: mean=1.5076%; std=1.5947
 -- Sample 2: mean=1.2160%; std=1.3505
 -- Sample 3: mean=1.2742%; std=1.3053
 -- Sample 4: mean=1.2540%; std=1.1446
 -- Sample 5: mean=0.9796%; std=1.0398
 -- Sample 6: mean=0.9890%; std=1.0310
 -- Sample 7: mean=1.0461%; std=1.0722
 -- Sample 8: mean=2.3659%; std=1.6679
 -- Sample 9: mean=2.2451%; std=1.6228
 -- Sample 10: mean=2.5539%; std=1.7573
 -- Sample 11: mean=2.2651%; std=1.6906
 -- Sample 12: mean=1.3328%; std=1.2448
 -- Sample 13: mean=1.2553%; std=1.1942
 -- Sample 14: mean=1.1565%; std=1.1339
 -- Sample 15: mean=1.3507%; std=1.2971
 -- Sample 16: mean=1.5059%; std=2.3835
 -- Sample 17: mean=1.5302%; std=2.4550
 -- Sample 18: mean=1.5212%; std=2.4521
 -- Sample 19: mean=1.5820%; std=2.6536
 -- Sample 20: mean=1.6521%; std=1.5412
 -- Sample 21: mean=2.0361%; std=1.6962
 -- Sample 22: mean=2.0106%; std=1.6254
 -- Sample 23: mean=1.6203%; std=1.5343
Mean: 1.5614%, Std: 0.4443%
------------------------------------------------------------------
Correlation comparison:
 -- Sample 0: 0.9688
 -- Sample 1: 0.9684
 -- Sample 2: 0.9739
 -- Sample 3: 0.9701
 -- Sample 4: 0.9736
 -- Sample 5: 0.9773
 -- Sample 6: 0.9763
 -- Sample 7: 0.9747
 -- Sample 8: 0.8888
 -- Sample 9: 0.8941
 -- Sample 10: 0.8822
 -- Sample 11: 0.8997
 -- Sample 12: 0.9702
 -- Sample 13: 0.9730
 -- Sample 14: 0.9738
 -- Sample 15: 0.9693
 -- Sample 16: 0.9636
 -- Sample 17: 0.9634
 -- Sample 18: 0.9657
 -- Sample 19: 0.9599
 -- Sample 20: 0.9115
 -- Sample 21: 0.9154
 -- Sample 22: 0.9143
 -- Sample 23: 0.9288
Mean=0.9482, Std=0.0324
------------------------------------------------------------------
Saved metrics for 'Ko et al (Etapa 3)' to ./Tables/ErrorMetrics_Comp3_Ko_et_al_Etapa_3.csv

Extraction complete! Generated files:
- Ko et al (Etapa 3): ./Tables/ErrorMetrics_Comp3_Ko_et_al_Etapa_3.csv
