Initializing models...
Models initialized successfully. Starting evaluation...

Processing Dataset: Spherical Pores
  Processing Batch 1 (Size: 25)...
Bias Error: using Single Component
Mean: 11.6519, Std: 4.7936
------------------------------------------------------------------
Magnitude Error: 
 -- Sample 0: mean=35.9489%; std=22.4862
 -- Sample 1: mean=37.1368%; std=22.3880
 -- Sample 2: mean=37.8893%; std=22.8007
 -- Sample 3: mean=34.6483%; std=21.9185
 -- Sample 4: mean=34.5283%; std=21.1787
 -- Sample 5: mean=35.7235%; std=21.5581
 -- Sample 6: mean=35.4519%; std=21.1843
 -- Sample 7: mean=34.7672%; std=20.8706
 -- Sample 8: mean=36.8253%; std=41.6106
 -- Sample 9: mean=39.7054%; std=39.7343
 -- Sample 10: mean=36.2677%; std=42.5055
 -- Sample 11: mean=31.7969%; std=35.9234
 -- Sample 12: mean=31.2305%; std=22.1585
 -- Sample 13: mean=31.1168%; std=21.7465
 -- Sample 14: mean=32.6824%; std=23.5639
 -- Sample 15: mean=30.6996%; std=23.3438
 -- Sample 16: mean=36.6382%; std=31.2019
 -- Sample 17: mean=37.2737%; std=28.5693
 -- Sample 18: mean=39.7617%; std=31.3244
 -- Sample 19: mean=39.7864%; std=34.5380
 -- Sample 20: mean=31.9504%; std=27.7055
 -- Sample 21: mean=30.4490%; std=28.2736
 -- Sample 22: mean=26.7370%; std=25.7566
 -- Sample 23: mean=30.8731%; std=26.5263
 -- Sample 24: mean=47.3894%; std=65.5943
Mean: 35.0911%, Std: 4.1351%
------------------------------------------------------------------
Correlation comparison:
 -- Sample 0: 0.8988
 -- Sample 1: 0.8933
 -- Sample 2: 0.8801
 -- Sample 3: 0.8946
 -- Sample 4: 0.9393
 -- Sample 5: 0.9393
 -- Sample 6: 0.9377
 -- Sample 7: 0.9383
 -- Sample 8: 0.9060
 -- Sample 9: 0.8841
 -- Sample 10: 0.9067
 -- Sample 11: 0.9268
 -- Sample 12: 0.9294
 -- Sample 13: 0.9338
 -- Sample 14: 0.9216
 -- Sample 15: 0.9280
 -- Sample 16: 0.8804
 -- Sample 17: 0.8716
 -- Sample 18: 0.8517
 -- Sample 19: 0.8547
 -- Sample 20: 0.8828
 -- Sample 21: 0.8899
 -- Sample 22: 0.9106
 -- Sample 23: 0.8780
 -- Sample 24: 0.8434
Mean=0.9008, Std=0.0287
------------------------------------------------------------------
  Processing Batch 2 (Size: 25)...
Bias Error: using Single Component
Mean: 8.2326, Std: 7.5831
------------------------------------------------------------------
Magnitude Error: 
 -- Sample 0: mean=49.0344%; std=58.5461
 -- Sample 1: mean=51.7116%; std=67.2919
 -- Sample 2: mean=50.2454%; std=56.9016
 -- Sample 3: mean=61.9716%; std=48.1509
 -- Sample 4: mean=57.3882%; std=48.0595
 -- Sample 5: mean=55.8617%; std=49.5413
 -- Sample 6: mean=62.1293%; std=50.5134
 -- Sample 7: mean=23.4436%; std=18.1840
 -- Sample 8: mean=23.7900%; std=18.4335
 -- Sample 9: mean=24.7995%; std=19.0982
 -- Sample 10: mean=24.1054%; std=19.1365
 -- Sample 11: mean=25.8819%; std=18.0239
 -- Sample 12: mean=27.5833%; std=18.2141
 -- Sample 13: mean=25.3813%; std=17.9354
 -- Sample 14: mean=25.1291%; std=17.8263
 -- Sample 15: mean=19.1642%; std=16.3856
 -- Sample 16: mean=19.9119%; std=15.2282
 -- Sample 17: mean=19.2909%; std=15.7075
 -- Sample 18: mean=19.4216%; std=16.0857
 -- Sample 19: mean=26.5257%; std=19.7545
 -- Sample 20: mean=25.1865%; std=19.4379
 -- Sample 21: mean=25.3326%; std=19.4105
 -- Sample 22: mean=26.4729%; std=19.8996
 -- Sample 23: mean=30.7955%; std=22.7268
 -- Sample 24: mean=31.8152%; std=23.9726
Mean: 33.2949%, Std: 14.3888%
------------------------------------------------------------------
Correlation comparison:
 -- Sample 0: 0.8488
 -- Sample 1: 0.8404
 -- Sample 2: 0.8209
 -- Sample 3: 0.7864
 -- Sample 4: 0.8102
 -- Sample 5: 0.8068
 -- Sample 6: 0.8046
 -- Sample 7: 0.9479
 -- Sample 8: 0.9477
 -- Sample 9: 0.9430
 -- Sample 10: 0.9452
 -- Sample 11: 0.9359
 -- Sample 12: 0.9263
 -- Sample 13: 0.9402
 -- Sample 14: 0.9402
 -- Sample 15: 0.9539
 -- Sample 16: 0.9555
 -- Sample 17: 0.9568
 -- Sample 18: 0.9539
 -- Sample 19: 0.9428
 -- Sample 20: 0.9460
 -- Sample 21: 0.9485
 -- Sample 22: 0.9426
 -- Sample 23: 0.9136
 -- Sample 24: 0.9018
Mean=0.9064, Std=0.0581
------------------------------------------------------------------
  Processing Batch 3 (Size: 25)...
Bias Error: using Single Component
Mean: 15.5018, Std: 6.4883
------------------------------------------------------------------
Magnitude Error: 
 -- Sample 0: mean=31.1780%; std=25.9959
 -- Sample 1: mean=32.9513%; std=24.1163
 -- Sample 2: mean=20.0413%; std=17.7164
 -- Sample 3: mean=19.1250%; std=16.3239
 -- Sample 4: mean=22.9246%; std=18.9529
 -- Sample 5: mean=20.7111%; std=18.0409
 -- Sample 6: mean=33.4249%; std=25.4873
 -- Sample 7: mean=36.1689%; std=27.6305
 -- Sample 8: mean=33.5910%; std=23.8946
 -- Sample 9: mean=30.1580%; std=23.2012
 -- Sample 10: mean=40.9826%; std=47.1950
 -- Sample 11: mean=45.4248%; std=46.5120
 -- Sample 12: mean=44.2614%; std=45.4235
 -- Sample 13: mean=44.6998%; std=46.5895
 -- Sample 14: mean=19.3879%; std=12.8600
 -- Sample 15: mean=19.3489%; std=12.7124
 -- Sample 16: mean=18.9151%; std=12.7473
 -- Sample 17: mean=19.5538%; std=12.8087
 -- Sample 18: mean=16.6691%; std=13.3586
 -- Sample 19: mean=16.4779%; std=13.2207
 -- Sample 20: mean=16.0763%; std=12.7630
 -- Sample 21: mean=16.8597%; std=13.2052
 -- Sample 22: mean=23.3147%; std=16.6472
 -- Sample 23: mean=22.7834%; std=15.6797
 -- Sample 24: mean=23.1306%; std=16.9673
Mean: 26.7264%, Std: 9.5201%
------------------------------------------------------------------
Correlation comparison:
 -- Sample 0: 0.9150
 -- Sample 1: 0.9108
 -- Sample 2: 0.9478
 -- Sample 3: 0.9516
 -- Sample 4: 0.9214
 -- Sample 5: 0.9388
 -- Sample 6: 0.9146
 -- Sample 7: 0.9237
 -- Sample 8: 0.9366
 -- Sample 9: 0.9384
 -- Sample 10: 0.9154
 -- Sample 11: 0.9075
 -- Sample 12: 0.8908
 -- Sample 13: 0.9013
 -- Sample 14: 0.9735
 -- Sample 15: 0.9748
 -- Sample 16: 0.9755
 -- Sample 17: 0.9752
 -- Sample 18: 0.9636
 -- Sample 19: 0.9637
 -- Sample 20: 0.9667
 -- Sample 21: 0.9627
 -- Sample 22: 0.9751
 -- Sample 23: 0.9789
 -- Sample 24: 0.9755
Mean=0.9440, Std=0.0278
------------------------------------------------------------------
  Processing Batch 4 (Size: 25)...
Bias Error: using Single Component
Mean: 5.0989, Std: 7.2067
------------------------------------------------------------------
Magnitude Error: 
 -- Sample 0: mean=22.9893%; std=16.8916
 -- Sample 1: mean=13.5297%; std=11.1251
 -- Sample 2: mean=13.3010%; std=11.2366
 -- Sample 3: mean=13.5868%; std=11.6017
 -- Sample 4: mean=12.3617%; std=10.6665
 -- Sample 5: mean=12.2764%; std=10.6796
 -- Sample 6: mean=13.3943%; std=11.3398
 -- Sample 7: mean=12.4276%; std=11.6377
 -- Sample 8: mean=12.3825%; std=11.1034
 -- Sample 9: mean=13.3902%; std=10.4391
 -- Sample 10: mean=15.4188%; std=12.8414
 -- Sample 11: mean=13.9977%; std=11.5801
 -- Sample 12: mean=13.9177%; std=11.0101
 -- Sample 13: mean=13.1124%; std=10.2213
 -- Sample 14: mean=12.1140%; std=10.1338
 -- Sample 15: mean=12.7872%; std=9.4889
 -- Sample 16: mean=11.7379%; std=8.7115
 -- Sample 17: mean=23.3986%; std=18.1914
 -- Sample 18: mean=22.8095%; std=18.0591
 -- Sample 19: mean=21.7268%; std=16.0039
 -- Sample 20: mean=23.9845%; std=17.7918
 -- Sample 21: mean=11.1221%; std=9.1485
 -- Sample 22: mean=11.1372%; std=9.0267
 -- Sample 23: mean=11.3903%; std=9.1536
 -- Sample 24: mean=11.5126%; std=9.0793
Mean: 14.7923%, Std: 4.2201%
------------------------------------------------------------------
Correlation comparison:
 -- Sample 0: 0.9739
 -- Sample 1: 0.9753
 -- Sample 2: 0.9752
 -- Sample 3: 0.9744
 -- Sample 4: 0.9787
 -- Sample 5: 0.9834
 -- Sample 6: 0.9803
 -- Sample 7: 0.9812
 -- Sample 8: 0.9826
 -- Sample 9: 0.9764
 -- Sample 10: 0.9709
 -- Sample 11: 0.9742
 -- Sample 12: 0.9754
 -- Sample 13: 0.9780
 -- Sample 14: 0.9817
 -- Sample 15: 0.9810
 -- Sample 16: 0.9820
 -- Sample 17: 0.9752
 -- Sample 18: 0.9758
 -- Sample 19: 0.9777
 -- Sample 20: 0.9773
 -- Sample 21: 0.9814
 -- Sample 22: 0.9827
 -- Sample 23: 0.9812
 -- Sample 24: 0.9809
Mean=0.9783, Std=0.0034
------------------------------------------------------------------
  Processing Batch 5 (Size: 25)...
Bias Error: using Single Component
Mean: 6.4725, Std: 3.6191
------------------------------------------------------------------
Magnitude Error: 
 -- Sample 0: mean=11.3003%; std=8.7585
 -- Sample 1: mean=11.7764%; std=8.8094
 -- Sample 2: mean=12.0026%; std=8.9542
 -- Sample 3: mean=11.2892%; std=8.7809
 -- Sample 4: mean=16.6843%; std=15.2121
 -- Sample 5: mean=15.3282%; std=14.6852
 -- Sample 6: mean=15.5125%; std=14.3531
 -- Sample 7: mean=16.6218%; std=15.7553
 -- Sample 8: mean=10.0892%; std=8.1233
 -- Sample 9: mean=10.3758%; std=8.3731
 -- Sample 10: mean=10.1098%; std=8.0740
 -- Sample 11: mean=9.7960%; std=8.0394
 -- Sample 12: mean=17.3740%; std=15.6095
 -- Sample 13: mean=16.3714%; std=15.1635
 -- Sample 14: mean=15.2786%; std=12.8263
 -- Sample 15: mean=16.9473%; std=15.1545
 -- Sample 16: mean=11.3928%; std=7.9673
 -- Sample 17: mean=11.8116%; std=7.8123
 -- Sample 18: mean=11.1409%; std=8.2685
 -- Sample 19: mean=10.4924%; std=7.3878
 -- Sample 20: mean=9.2951%; std=7.7512
 -- Sample 21: mean=8.6373%; std=6.4834
 -- Sample 22: mean=9.2778%; std=7.1546
 -- Sample 23: mean=10.0951%; std=7.6258
 -- Sample 24: mean=12.5118%; std=9.1967
Mean: 12.4605%, Std: 2.7838%
------------------------------------------------------------------
Correlation comparison:
 -- Sample 0: 0.9821
 -- Sample 1: 0.9818
 -- Sample 2: 0.9810
 -- Sample 3: 0.9822
 -- Sample 4: 0.9807
 -- Sample 5: 0.9821
 -- Sample 6: 0.9820
 -- Sample 7: 0.9793
 -- Sample 8: 0.9825
 -- Sample 9: 0.9812
 -- Sample 10: 0.9826
 -- Sample 11: 0.9833
 -- Sample 12: 0.9609
 -- Sample 13: 0.9654
 -- Sample 14: 0.9701
 -- Sample 15: 0.9638
 -- Sample 16: 0.9812
 -- Sample 17: 0.9808
 -- Sample 18: 0.9807
 -- Sample 19: 0.9839
 -- Sample 20: 0.9842
 -- Sample 21: 0.9875
 -- Sample 22: 0.9855
 -- Sample 23: 0.9840
 -- Sample 24: 0.9812
Mean=0.9796, Std=0.0067
------------------------------------------------------------------
  Processing Batch 6 (Size: 3)...
Bias Error: using Single Component
Mean: 8.9537, Std: 0.1279
------------------------------------------------------------------
Magnitude Error: 
 -- Sample 0: mean=12.1588%; std=9.3232
 -- Sample 1: mean=12.4709%; std=9.2711
 -- Sample 2: mean=12.4376%; std=9.2901
Mean: 12.3558%, Std: 0.1399%
------------------------------------------------------------------
Correlation comparison:
 -- Sample 0: 0.9806
 -- Sample 1: 0.9822
 -- Sample 2: 0.9819
Mean=0.9816, Std=0.0007
------------------------------------------------------------------

Processing Dataset: Spherical Grains
  Processing Batch 1 (Size: 25)...
Bias Error: using Single Component
Mean: 66.2523, Std: 204.6715
------------------------------------------------------------------
Magnitude Error: 
 -- Sample 0: mean=32.9166%; std=24.6483
 -- Sample 1: mean=33.0522%; std=29.3973
 -- Sample 2: mean=27.8970%; std=23.4844
 -- Sample 3: mean=27.7780%; std=21.5596
 -- Sample 4: mean=32.6550%; std=20.1914
 -- Sample 5: mean=25.9223%; std=20.3880
 -- Sample 6: mean=25.8004%; std=17.9186
 -- Sample 7: mean=28.7481%; std=21.1246
 -- Sample 8: mean=30.9649%; std=20.5969
 -- Sample 9: mean=35.2754%; std=20.2404
 -- Sample 10: mean=29.1440%; std=22.7822
 -- Sample 11: mean=28.2149%; std=19.8199
 -- Sample 12: mean=46.9312%; std=40.9383
 -- Sample 13: mean=52.1543%; std=41.0246
 -- Sample 14: mean=54.1718%; std=47.7527
 -- Sample 15: mean=52.5963%; std=43.4779
 -- Sample 16: mean=83.8227%; std=100.0733
 -- Sample 17: mean=75.2827%; std=93.8178
 -- Sample 18: mean=87.0894%; std=118.1956
 -- Sample 19: mean=94.5135%; std=114.5642
 -- Sample 20: mean=30.9176%; std=17.1086
 -- Sample 21: mean=30.6353%; std=18.3368
 -- Sample 22: mean=31.2358%; std=16.6704
 -- Sample 23: mean=31.0597%; std=15.9092
 -- Sample 24: mean=1230.0316%; std=2401.3438
Mean: 90.3524%, Std: 233.5263%
------------------------------------------------------------------
Correlation comparison:
 -- Sample 0: 0.9048
 -- Sample 1: 0.8999
 -- Sample 2: 0.9331
 -- Sample 3: 0.9385
 -- Sample 4: 0.9819
 -- Sample 5: 0.9749
 -- Sample 6: 0.9726
 -- Sample 7: 0.9758
 -- Sample 8: 0.9437
 -- Sample 9: 0.9415
 -- Sample 10: 0.9313
 -- Sample 11: 0.9533
 -- Sample 12: 0.9070
 -- Sample 13: 0.9134
 -- Sample 14: 0.9027
 -- Sample 15: 0.8967
 -- Sample 16: 0.7152
 -- Sample 17: 0.7683
 -- Sample 18: 0.7331
 -- Sample 19: 0.7206
 -- Sample 20: 0.9207
 -- Sample 21: 0.9113
 -- Sample 22: 0.9342
 -- Sample 23: 0.9395
 -- Sample 24: 0.1032
Mean=0.8687, Std=0.1742
------------------------------------------------------------------
  Processing Batch 2 (Size: 25)...
Bias Error: using Single Component
Mean: 163.0591, Std: 344.5798
------------------------------------------------------------------
Magnitude Error: 
 -- Sample 0: mean=1513.7545%; std=2516.9485
 -- Sample 1: mean=1417.3762%; std=2126.2344
 -- Sample 2: mean=1179.9238%; std=2210.5017
 -- Sample 3: mean=36.9860%; std=31.2086
 -- Sample 4: mean=37.2885%; std=27.2329
 -- Sample 5: mean=33.8606%; std=31.4108
 -- Sample 6: mean=42.0564%; std=35.5240
 -- Sample 7: mean=61.6470%; std=49.8306
 -- Sample 8: mean=80.2321%; std=64.3119
 -- Sample 9: mean=92.2175%; std=71.3707
 -- Sample 10: mean=82.8178%; std=69.2556
 -- Sample 11: mean=47.0948%; std=38.6064
 -- Sample 12: mean=47.1279%; std=36.3589
 -- Sample 13: mean=47.6872%; std=39.5957
 -- Sample 14: mean=54.7164%; std=45.6772
 -- Sample 15: mean=25.8794%; std=13.5899
 -- Sample 16: mean=21.4466%; std=16.5616
 -- Sample 17: mean=19.8481%; std=14.8941
 -- Sample 18: mean=24.0343%; std=14.7693
 -- Sample 19: mean=57.0265%; std=47.9797
 -- Sample 20: mean=57.2426%; std=39.0777
 -- Sample 21: mean=46.3736%; std=38.8400
 -- Sample 22: mean=53.3906%; std=47.3234
 -- Sample 23: mean=19.1270%; std=16.1295
 -- Sample 24: mean=19.3476%; std=17.3673
Mean: 204.7401%, Std: 433.5905%
------------------------------------------------------------------
Correlation comparison:
 -- Sample 0: 0.1426
 -- Sample 1: 0.1787
 -- Sample 2: 0.1232
 -- Sample 3: 0.6574
 -- Sample 4: 0.6280
 -- Sample 5: 0.6820
 -- Sample 6: 0.7490
 -- Sample 7: 0.8509
 -- Sample 8: 0.7958
 -- Sample 9: 0.7876
 -- Sample 10: 0.8271
 -- Sample 11: 0.8080
 -- Sample 12: 0.8211
 -- Sample 13: 0.8505
 -- Sample 14: 0.7773
 -- Sample 15: 0.9505
 -- Sample 16: 0.9592
 -- Sample 17: 0.9609
 -- Sample 18: 0.9515
 -- Sample 19: 0.9308
 -- Sample 20: 0.9537
 -- Sample 21: 0.9436
 -- Sample 22: 0.9172
 -- Sample 23: 0.9590
 -- Sample 24: 0.9557
Mean=0.7665, Std=0.2484
------------------------------------------------------------------
  Processing Batch 3 (Size: 25)...
Bias Error: using Single Component
Mean: 53.3697, Std: 80.9679
------------------------------------------------------------------
Magnitude Error: 
 -- Sample 0: mean=15.8519%; std=14.4724
 -- Sample 1: mean=19.7570%; std=14.4572
 -- Sample 2: mean=22.0426%; std=17.0318
 -- Sample 3: mean=20.5525%; std=15.7853
 -- Sample 4: mean=19.9820%; std=16.1769
 -- Sample 5: mean=22.1425%; std=17.5288
 -- Sample 6: mean=20.7126%; std=14.2895
 -- Sample 7: mean=22.7403%; std=18.6481
 -- Sample 8: mean=26.3975%; std=22.8718
 -- Sample 9: mean=22.8507%; std=17.0595
 -- Sample 10: mean=58.6532%; std=50.6961
 -- Sample 11: mean=58.7057%; std=45.1300
 -- Sample 12: mean=63.0736%; std=59.1281
 -- Sample 13: mean=69.8306%; std=78.9994
 -- Sample 14: mean=39.8380%; std=34.0978
 -- Sample 15: mean=53.2738%; std=42.6345
 -- Sample 16: mean=55.4895%; std=48.3420
 -- Sample 17: mean=47.2558%; std=42.1183
 -- Sample 18: mean=26.4760%; std=17.7979
 -- Sample 19: mean=29.0554%; std=15.3124
 -- Sample 20: mean=28.1544%; std=15.6913
 -- Sample 21: mean=29.3545%; std=17.0777
 -- Sample 22: mean=35.1599%; std=20.8968
 -- Sample 23: mean=35.3804%; std=20.8746
 -- Sample 24: mean=31.3767%; std=21.3712
Mean: 34.9643%, Std: 15.7386%
------------------------------------------------------------------
Correlation comparison:
 -- Sample 0: 0.9613
 -- Sample 1: 0.9515
 -- Sample 2: 0.9455
 -- Sample 3: 0.9579
 -- Sample 4: 0.9567
 -- Sample 5: 0.9434
 -- Sample 6: 0.9529
 -- Sample 7: 0.9370
 -- Sample 8: 0.9218
 -- Sample 9: 0.9393
 -- Sample 10: 0.3062
 -- Sample 11: 0.2946
 -- Sample 12: 0.2740
 -- Sample 13: 0.3514
 -- Sample 14: 0.9476
 -- Sample 15: 0.9386
 -- Sample 16: 0.9296
 -- Sample 17: 0.9318
 -- Sample 18: 0.9534
 -- Sample 19: 0.9618
 -- Sample 20: 0.9622
 -- Sample 21: 0.9585
 -- Sample 22: 0.9256
 -- Sample 23: 0.9127
 -- Sample 24: 0.9404
Mean=0.8422, Std=0.2344
------------------------------------------------------------------
  Processing Batch 4 (Size: 25)...
Bias Error: using Single Component
Mean: 19.5008, Std: 10.4045
------------------------------------------------------------------
Magnitude Error: 
 -- Sample 0: mean=34.6415%; std=19.4636
 -- Sample 1: mean=25.7192%; std=14.7684
 -- Sample 2: mean=25.3819%; std=16.5840
 -- Sample 3: mean=26.5464%; std=14.3260
 -- Sample 4: mean=24.6873%; std=13.4418
 -- Sample 5: mean=37.7998%; std=22.6509
 -- Sample 6: mean=32.6884%; std=22.8937
 -- Sample 7: mean=37.8746%; std=21.4741
 -- Sample 8: mean=39.9985%; std=21.8386
 -- Sample 9: mean=34.6489%; std=21.7258
 -- Sample 10: mean=39.4493%; std=22.0245
 -- Sample 11: mean=36.2567%; std=21.0173
 -- Sample 12: mean=32.5528%; std=21.3062
 -- Sample 13: mean=28.9368%; std=20.0970
 -- Sample 14: mean=31.3863%; std=22.1809
 -- Sample 15: mean=28.0706%; std=21.2022
 -- Sample 16: mean=29.9048%; std=20.4784
 -- Sample 17: mean=23.9213%; std=21.3520
 -- Sample 18: mean=23.3706%; std=20.0234
 -- Sample 19: mean=22.3896%; std=17.7130
 -- Sample 20: mean=20.6101%; std=20.0752
 -- Sample 21: mean=24.3913%; std=18.4289
 -- Sample 22: mean=24.0207%; std=18.7007
 -- Sample 23: mean=24.7970%; std=20.4467
 -- Sample 24: mean=24.1660%; std=19.7661
Mean: 29.3684%, Std: 5.7968%
------------------------------------------------------------------
Correlation comparison:
 -- Sample 0: 0.9348
 -- Sample 1: 0.9748
 -- Sample 2: 0.9671
 -- Sample 3: 0.9689
 -- Sample 4: 0.9762
 -- Sample 5: 0.9022
 -- Sample 6: 0.9190
 -- Sample 7: 0.9109
 -- Sample 8: 0.9136
 -- Sample 9: 0.9320
 -- Sample 10: 0.9029
 -- Sample 11: 0.9304
 -- Sample 12: 0.9404
 -- Sample 13: 0.9500
 -- Sample 14: 0.9477
 -- Sample 15: 0.9641
 -- Sample 16: 0.9489
 -- Sample 17: 0.9640
 -- Sample 18: 0.9489
 -- Sample 19: 0.9568
 -- Sample 20: 0.9621
 -- Sample 21: 0.9739
 -- Sample 22: 0.9723
 -- Sample 23: 0.9739
 -- Sample 24: 0.9746
Mean=0.9484, Std=0.0237
------------------------------------------------------------------
  Processing Batch 5 (Size: 25)...
Bias Error: using Single Component
Mean: 14.2108, Std: 8.5919
------------------------------------------------------------------
Magnitude Error: 
 -- Sample 0: mean=23.3565%; std=14.5688
 -- Sample 1: mean=21.4835%; std=14.6846
 -- Sample 2: mean=19.3329%; std=13.8472
 -- Sample 3: mean=18.3380%; std=13.6777
 -- Sample 4: mean=21.3269%; std=17.0857
 -- Sample 5: mean=18.8851%; std=14.3075
 -- Sample 6: mean=19.5216%; std=15.0071
 -- Sample 7: mean=22.5810%; std=17.4325
 -- Sample 8: mean=32.3508%; std=27.0093
 -- Sample 9: mean=35.3205%; std=31.0429
 -- Sample 10: mean=34.2026%; std=31.9084
 -- Sample 11: mean=31.0627%; std=23.6761
 -- Sample 12: mean=17.3022%; std=11.1330
 -- Sample 13: mean=15.5886%; std=12.2317
 -- Sample 14: mean=15.5201%; std=11.1483
 -- Sample 15: mean=16.6560%; std=10.7330
 -- Sample 16: mean=18.9910%; std=16.9478
 -- Sample 17: mean=18.8200%; std=17.8383
 -- Sample 18: mean=19.3703%; std=18.3003
 -- Sample 19: mean=20.7955%; std=16.4740
 -- Sample 20: mean=37.1357%; std=26.3782
 -- Sample 21: mean=35.7947%; std=23.9376
 -- Sample 22: mean=30.6292%; std=21.5756
 -- Sample 23: mean=32.2192%; std=21.0847
 -- Sample 24: mean=21.7786%; std=17.1646
Mean: 23.9345%, Std: 6.9883%
------------------------------------------------------------------
Correlation comparison:
 -- Sample 0: 0.9754
 -- Sample 1: 0.9727
 -- Sample 2: 0.9757
 -- Sample 3: 0.9791
 -- Sample 4: 0.9558
 -- Sample 5: 0.9682
 -- Sample 6: 0.9714
 -- Sample 7: 0.9581
 -- Sample 8: 0.9428
 -- Sample 9: 0.9229
 -- Sample 10: 0.9236
 -- Sample 11: 0.9410
 -- Sample 12: 0.9579
 -- Sample 13: 0.9571
 -- Sample 14: 0.9652
 -- Sample 15: 0.9624
 -- Sample 16: 0.9610
 -- Sample 17: 0.9657
 -- Sample 18: 0.9582
 -- Sample 19: 0.9500
 -- Sample 20: 0.9250
 -- Sample 21: 0.9371
 -- Sample 22: 0.9301
 -- Sample 23: 0.9413
 -- Sample 24: 0.9367
Mean=0.9534, Std=0.0170
------------------------------------------------------------------
  Processing Batch 6 (Size: 3)...
Bias Error: using Single Component
Mean: 2.2713, Std: 0.4773
------------------------------------------------------------------
Magnitude Error: 
 -- Sample 0: mean=19.6662%; std=15.0500
 -- Sample 1: mean=19.6084%; std=17.3846
 -- Sample 2: mean=22.7431%; std=17.4495
Mean: 20.6726%, Std: 1.4643%
------------------------------------------------------------------
Correlation comparison:
 -- Sample 0: 0.9533
 -- Sample 1: 0.9508
 -- Sample 2: 0.9372
Mean=0.9471, Std=0.0071
------------------------------------------------------------------

Processing Dataset: Cylindrical Pores
  Processing Batch 1 (Size: 25)...
Bias Error: using Single Component
Mean: 27.0724, Std: 14.6144
------------------------------------------------------------------
Magnitude Error: 
 -- Sample 0: mean=48.5814%; std=15.8896
 -- Sample 1: mean=46.2546%; std=19.0517
 -- Sample 2: mean=48.6240%; std=17.2647
 -- Sample 3: mean=47.0897%; std=14.9861
 -- Sample 4: mean=38.6405%; std=15.9853
 -- Sample 5: mean=46.6186%; std=18.0868
 -- Sample 6: mean=44.6612%; std=18.3444
 -- Sample 7: mean=45.8348%; std=18.8692
 -- Sample 8: mean=32.2471%; std=19.8205
 -- Sample 9: mean=36.7189%; std=20.7716
 -- Sample 10: mean=37.0653%; std=18.2203
 -- Sample 11: mean=41.7376%; std=20.7403
 -- Sample 12: mean=37.9640%; std=26.3315
 -- Sample 13: mean=34.4022%; std=29.1499
 -- Sample 14: mean=39.1077%; std=27.5603
 -- Sample 15: mean=39.0577%; std=25.4363
 -- Sample 16: mean=65.1292%; std=16.4244
 -- Sample 17: mean=69.1528%; std=15.8582
 -- Sample 18: mean=61.1599%; std=20.8066
 -- Sample 19: mean=57.8132%; std=22.6749
 -- Sample 20: mean=32.2807%; std=22.2216
 -- Sample 21: mean=37.9308%; std=21.1558
 -- Sample 22: mean=35.7018%; std=24.8469
 -- Sample 23: mean=32.6183%; std=20.1878
 -- Sample 24: mean=55.9365%; std=16.2009
Mean: 44.4931%, Std: 10.1804%
------------------------------------------------------------------
Correlation comparison:
 -- Sample 0: 0.9419
 -- Sample 1: 0.9180
 -- Sample 2: 0.9302
 -- Sample 3: 0.9465
 -- Sample 4: 0.8641
 -- Sample 5: 0.8080
 -- Sample 6: 0.8303
 -- Sample 7: 0.7919
 -- Sample 8: 0.9074
 -- Sample 9: 0.9049
 -- Sample 10: 0.8973
 -- Sample 11: 0.8558
 -- Sample 12: 0.9028
 -- Sample 13: 0.9095
 -- Sample 14: 0.8905
 -- Sample 15: 0.9043
 -- Sample 16: 0.7440
 -- Sample 17: 0.6749
 -- Sample 18: 0.7174
 -- Sample 19: 0.7172
 -- Sample 20: 0.9415
 -- Sample 21: 0.9293
 -- Sample 22: 0.9243
 -- Sample 23: 0.9372
 -- Sample 24: 0.9096
Mean=0.8680, Std=0.0786
------------------------------------------------------------------
  Processing Batch 2 (Size: 25)...
Bias Error: using Single Component
Mean: 53.2291, Std: 52.7970
------------------------------------------------------------------
Magnitude Error: 
 -- Sample 0: mean=54.3080%; std=14.0085
 -- Sample 1: mean=56.8016%; std=12.6824
 -- Sample 2: mean=58.9340%; std=14.3442
 -- Sample 3: mean=36.7056%; std=48.6393
 -- Sample 4: mean=37.9754%; std=40.9704
 -- Sample 5: mean=48.0685%; std=67.9154
 -- Sample 6: mean=32.1706%; std=42.4416
 -- Sample 7: mean=52.0346%; std=16.3236
 -- Sample 8: mean=52.2781%; std=15.4315
 -- Sample 9: mean=54.5255%; std=13.3005
 -- Sample 10: mean=55.9152%; std=15.2874
 -- Sample 11: mean=38.9444%; std=21.2536
 -- Sample 12: mean=38.6016%; std=20.6864
 -- Sample 13: mean=40.7062%; std=18.5743
 -- Sample 14: mean=39.6192%; std=19.5784
 -- Sample 15: mean=27.3894%; std=16.6427
 -- Sample 16: mean=20.2317%; std=16.2631
 -- Sample 17: mean=29.5480%; std=18.5982
 -- Sample 18: mean=28.1231%; std=19.6985
 -- Sample 19: mean=57.8554%; std=32.1135
 -- Sample 20: mean=50.7277%; std=30.8890
 -- Sample 21: mean=50.1166%; std=31.5089
 -- Sample 22: mean=62.4642%; std=41.6944
 -- Sample 23: mean=45.3338%; std=35.5604
 -- Sample 24: mean=44.3843%; std=31.1179
Mean: 44.5505%, Std: 11.1740%
------------------------------------------------------------------
Correlation comparison:
 -- Sample 0: 0.9327
 -- Sample 1: 0.9322
 -- Sample 2: 0.9068
 -- Sample 3: 0.8594
 -- Sample 4: 0.8276
 -- Sample 5: 0.8257
 -- Sample 6: 0.9073
 -- Sample 7: 0.9313
 -- Sample 8: 0.9232
 -- Sample 9: 0.9288
 -- Sample 10: 0.9085
 -- Sample 11: 0.8907
 -- Sample 12: 0.8841
 -- Sample 13: 0.9080
 -- Sample 14: 0.9163
 -- Sample 15: 0.5487
 -- Sample 16: 0.5670
 -- Sample 17: 0.5424
 -- Sample 18: 0.4789
 -- Sample 19: 0.7941
 -- Sample 20: 0.8410
 -- Sample 21: 0.8281
 -- Sample 22: 0.7224
 -- Sample 23: 0.8052
 -- Sample 24: 0.8036
Mean=0.8166, Std=0.1346
------------------------------------------------------------------
  Processing Batch 3 (Size: 25)...
Bias Error: using Single Component
Mean: 18.8549, Std: 14.2362
------------------------------------------------------------------
Magnitude Error: 
 -- Sample 0: mean=45.9755%; std=32.6985
 -- Sample 1: mean=49.3689%; std=35.8927
 -- Sample 2: mean=46.5695%; std=43.7188
 -- Sample 3: mean=47.1534%; std=40.4712
 -- Sample 4: mean=42.7871%; std=35.7016
 -- Sample 5: mean=43.6336%; std=35.0710
 -- Sample 6: mean=26.5508%; std=21.2839
 -- Sample 7: mean=26.7327%; std=22.0662
 -- Sample 8: mean=27.2595%; std=22.3831
 -- Sample 9: mean=27.4233%; std=22.0211
 -- Sample 10: mean=45.3017%; std=12.4543
 -- Sample 11: mean=49.4137%; std=13.1616
 -- Sample 12: mean=50.2131%; std=13.9019
 -- Sample 13: mean=43.7181%; std=12.9283
 -- Sample 14: mean=35.0947%; std=34.6729
 -- Sample 15: mean=44.5710%; std=65.6098
 -- Sample 16: mean=46.6993%; std=52.3546
 -- Sample 17: mean=38.5275%; std=52.1963
 -- Sample 18: mean=40.3809%; std=39.7263
 -- Sample 19: mean=50.4358%; std=46.7230
 -- Sample 20: mean=48.2454%; std=36.1146
 -- Sample 21: mean=42.3004%; std=27.8898
 -- Sample 22: mean=26.9986%; std=15.5693
 -- Sample 23: mean=27.3895%; std=14.5962
 -- Sample 24: mean=28.3456%; std=16.2387
Mean: 40.0436%, Std: 8.6930%
------------------------------------------------------------------
Correlation comparison:
 -- Sample 0: 0.8003
 -- Sample 1: 0.7607
 -- Sample 2: 0.8113
 -- Sample 3: 0.8087
 -- Sample 4: 0.8415
 -- Sample 5: 0.8468
 -- Sample 6: 0.9127
 -- Sample 7: 0.9049
 -- Sample 8: 0.8965
 -- Sample 9: 0.8966
 -- Sample 10: 0.9556
 -- Sample 11: 0.9527
 -- Sample 12: 0.9470
 -- Sample 13: 0.9596
 -- Sample 14: 0.9035
 -- Sample 15: 0.8378
 -- Sample 16: 0.8371
 -- Sample 17: 0.8782
 -- Sample 18: 0.8783
 -- Sample 19: 0.8232
 -- Sample 20: 0.8414
 -- Sample 21: 0.8871
 -- Sample 22: 0.9571
 -- Sample 23: 0.9598
 -- Sample 24: 0.9501
Mean=0.8819, Std=0.0577
------------------------------------------------------------------
  Processing Batch 4 (Size: 25)...
Bias Error: using Single Component
Mean: 33.9549, Std: 11.1063
------------------------------------------------------------------
Magnitude Error: 
 -- Sample 0: mean=31.0032%; std=15.7107
 -- Sample 1: mean=39.7091%; std=15.6704
 -- Sample 2: mean=36.9563%; std=15.2832
 -- Sample 3: mean=36.7925%; std=15.2463
 -- Sample 4: mean=37.1834%; std=15.7625
 -- Sample 5: mean=28.7061%; std=18.1829
 -- Sample 6: mean=28.2897%; std=15.7839
 -- Sample 7: mean=28.8617%; std=17.1759
 -- Sample 8: mean=28.4771%; std=16.7612
 -- Sample 9: mean=47.6314%; std=15.0290
 -- Sample 10: mean=50.5142%; std=15.3744
 -- Sample 11: mean=49.8117%; std=15.1545
 -- Sample 12: mean=49.7601%; std=15.1473
 -- Sample 13: mean=35.5169%; std=32.1498
 -- Sample 14: mean=40.1608%; std=40.1806
 -- Sample 15: mean=39.5031%; std=37.7365
 -- Sample 16: mean=37.8890%; std=32.6314
 -- Sample 17: mean=46.8738%; std=17.5765
 -- Sample 18: mean=43.7870%; std=18.7707
 -- Sample 19: mean=44.6538%; std=16.5333
 -- Sample 20: mean=45.2164%; std=17.9737
 -- Sample 21: mean=30.7824%; std=17.4927
 -- Sample 22: mean=32.7578%; std=18.0912
 -- Sample 23: mean=31.7801%; std=19.0584
 -- Sample 24: mean=32.2788%; std=16.1298
Mean: 38.1959%, Std: 7.2356%
------------------------------------------------------------------
Correlation comparison:
 -- Sample 0: 0.9481
 -- Sample 1: 0.9304
 -- Sample 2: 0.9360
 -- Sample 3: 0.9443
 -- Sample 4: 0.9384
 -- Sample 5: 0.9292
 -- Sample 6: 0.9485
 -- Sample 7: 0.9448
 -- Sample 8: 0.9357
 -- Sample 9: 0.9334
 -- Sample 10: 0.9268
 -- Sample 11: 0.9273
 -- Sample 12: 0.9278
 -- Sample 13: 0.8321
 -- Sample 14: 0.7819
 -- Sample 15: 0.7963
 -- Sample 16: 0.8176
 -- Sample 17: 0.8832
 -- Sample 18: 0.8794
 -- Sample 19: 0.9067
 -- Sample 20: 0.8817
 -- Sample 21: 0.9234
 -- Sample 22: 0.9119
 -- Sample 23: 0.9059
 -- Sample 24: 0.9275
Mean=0.9047, Std=0.0473
------------------------------------------------------------------
  Processing Batch 5 (Size: 20)...
Bias Error: using Single Component
Mean: 32.7422, Std: 3.3512
------------------------------------------------------------------
Magnitude Error: 
 -- Sample 0: mean=36.7416%; std=15.6010
 -- Sample 1: mean=36.4445%; std=15.6261
 -- Sample 2: mean=35.5495%; std=15.3048
 -- Sample 3: mean=36.7002%; std=14.4032
 -- Sample 4: mean=38.9808%; std=14.4125
 -- Sample 5: mean=37.7274%; std=17.3538
 -- Sample 6: mean=36.6744%; std=16.3023
 -- Sample 7: mean=38.8374%; std=16.1233
 -- Sample 8: mean=32.0131%; std=12.5445
 -- Sample 9: mean=31.7700%; std=13.6336
 -- Sample 10: mean=29.0541%; std=13.0935
 -- Sample 11: mean=28.5930%; std=14.9317
 -- Sample 12: mean=32.7275%; std=15.1570
 -- Sample 13: mean=34.6014%; std=16.5045
 -- Sample 14: mean=30.9956%; std=15.9007
 -- Sample 15: mean=27.6343%; std=15.4592
 -- Sample 16: mean=32.4409%; std=16.4003
 -- Sample 17: mean=31.8523%; std=16.2752
 -- Sample 18: mean=31.9852%; std=14.9824
 -- Sample 19: mean=33.6432%; std=15.4613
Mean: 33.7483%, Std: 3.2905%
------------------------------------------------------------------
Correlation comparison:
 -- Sample 0: 0.9435
 -- Sample 1: 0.9476
 -- Sample 2: 0.9470
 -- Sample 3: 0.9500
 -- Sample 4: 0.9473
 -- Sample 5: 0.9228
 -- Sample 6: 0.9365
 -- Sample 7: 0.9358
 -- Sample 8: 0.9732
 -- Sample 9: 0.9740
 -- Sample 10: 0.9754
 -- Sample 11: 0.9679
 -- Sample 12: 0.9491
 -- Sample 13: 0.9398
 -- Sample 14: 0.9445
 -- Sample 15: 0.9488
 -- Sample 16: 0.9453
 -- Sample 17: 0.9449
 -- Sample 18: 0.9563
 -- Sample 19: 0.9501
Mean=0.9500, Std=0.0132
------------------------------------------------------------------

Processing Dataset: Cylindrical Grains
  Processing Batch 1 (Size: 25)...
Bias Error: using Single Component
Mean: 18.8568, Std: 12.0442
------------------------------------------------------------------
Magnitude Error: 
 -- Sample 0: mean=18.2346%; std=13.5461
 -- Sample 1: mean=17.1458%; std=12.8164
 -- Sample 2: mean=18.3042%; std=14.7501
 -- Sample 3: mean=20.0596%; std=15.5877
 -- Sample 4: mean=25.3845%; std=16.1474
 -- Sample 5: mean=28.8111%; std=17.2883
 -- Sample 6: mean=27.9739%; std=17.1988
 -- Sample 7: mean=25.5737%; std=15.0158
 -- Sample 8: mean=48.0677%; std=36.4375
 -- Sample 9: mean=44.1210%; std=31.4174
 -- Sample 10: mean=44.2858%; std=32.9375
 -- Sample 11: mean=45.5149%; std=31.5750
 -- Sample 12: mean=17.4214%; std=13.5592
 -- Sample 13: mean=16.9293%; std=13.2582
 -- Sample 14: mean=15.7701%; std=11.8917
 -- Sample 15: mean=17.6653%; std=13.0393
 -- Sample 16: mean=35.3917%; std=29.2842
 -- Sample 17: mean=32.7352%; std=22.9155
 -- Sample 18: mean=36.5747%; std=29.9660
 -- Sample 19: mean=37.5956%; std=30.3250
 -- Sample 20: mean=21.6836%; std=16.1154
 -- Sample 21: mean=23.6446%; std=15.2793
 -- Sample 22: mean=20.3862%; std=14.8582
 -- Sample 23: mean=22.6917%; std=13.6728
 -- Sample 24: mean=39.9363%; std=52.1411
Mean: 28.0761%, Std: 10.2744%
------------------------------------------------------------------
Correlation comparison:
 -- Sample 0: 0.9810
 -- Sample 1: 0.9774
 -- Sample 2: 0.9753
 -- Sample 3: 0.9788
 -- Sample 4: 0.9799
 -- Sample 5: 0.9799
 -- Sample 6: 0.9804
 -- Sample 7: 0.9818
 -- Sample 8: 0.9381
 -- Sample 9: 0.9477
 -- Sample 10: 0.9480
 -- Sample 11: 0.9467
 -- Sample 12: 0.9538
 -- Sample 13: 0.9582
 -- Sample 14: 0.9631
 -- Sample 15: 0.9495
 -- Sample 16: 0.7988
 -- Sample 17: 0.8457
 -- Sample 18: 0.8197
 -- Sample 19: 0.8103
 -- Sample 20: 0.9426
 -- Sample 21: 0.9411
 -- Sample 22: 0.9505
 -- Sample 23: 0.9556
 -- Sample 24: 0.8765
Mean=0.9352, Std=0.0557
------------------------------------------------------------------
  Processing Batch 2 (Size: 25)...
Bias Error: using Single Component
Mean: 22.0702, Std: 17.7685
------------------------------------------------------------------
Magnitude Error: 
 -- Sample 0: mean=32.2090%; std=36.5109
 -- Sample 1: mean=29.4481%; std=34.0966
 -- Sample 2: mean=33.6696%; std=43.7007
 -- Sample 3: mean=21.9410%; std=16.1263
 -- Sample 4: mean=21.2896%; std=14.1372
 -- Sample 5: mean=18.6476%; std=13.5826
 -- Sample 6: mean=20.1772%; std=14.0664
 -- Sample 7: mean=28.3500%; std=16.2335
 -- Sample 8: mean=26.7837%; std=15.0930
 -- Sample 9: mean=28.1728%; std=13.3222
 -- Sample 10: mean=25.6263%; std=14.8813
 -- Sample 11: mean=26.2134%; std=17.2638
 -- Sample 12: mean=22.8337%; std=18.0245
 -- Sample 13: mean=27.4385%; std=19.3732
 -- Sample 14: mean=27.2340%; std=20.3605
 -- Sample 15: mean=51.2775%; std=30.4445
 -- Sample 16: mean=50.0686%; std=32.1419
 -- Sample 17: mean=54.4265%; std=35.6132
 -- Sample 18: mean=50.9057%; std=30.8242
 -- Sample 19: mean=43.9212%; std=33.4071
 -- Sample 20: mean=51.0968%; std=37.0498
 -- Sample 21: mean=49.1511%; std=37.6235
 -- Sample 22: mean=43.7994%; std=33.2475
 -- Sample 23: mean=23.0954%; std=15.7940
 -- Sample 24: mean=19.0032%; std=16.2378
Mean: 33.0712%, Std: 11.8631%
------------------------------------------------------------------
Correlation comparison:
 -- Sample 0: 0.9210
 -- Sample 1: 0.9282
 -- Sample 2: 0.9042
 -- Sample 3: 0.9496
 -- Sample 4: 0.9464
 -- Sample 5: 0.9622
 -- Sample 6: 0.9559
 -- Sample 7: 0.9626
 -- Sample 8: 0.9747
 -- Sample 9: 0.9744
 -- Sample 10: 0.9721
 -- Sample 11: 0.9440
 -- Sample 12: 0.9632
 -- Sample 13: 0.9433
 -- Sample 14: 0.9459
 -- Sample 15: 0.9346
 -- Sample 16: 0.9260
 -- Sample 17: 0.9129
 -- Sample 18: 0.9366
 -- Sample 19: 0.9312
 -- Sample 20: 0.9289
 -- Sample 21: 0.9298
 -- Sample 22: 0.9146
 -- Sample 23: 0.9257
 -- Sample 24: 0.9471
Mean=0.9414, Std=0.0193
------------------------------------------------------------------
  Processing Batch 3 (Size: 25)...
Bias Error: using Single Component
Mean: 17.5427, Std: 10.6014
------------------------------------------------------------------
Magnitude Error: 
 -- Sample 0: mean=20.0804%; std=16.3318
 -- Sample 1: mean=19.6603%; std=13.5442
 -- Sample 2: mean=35.9622%; std=32.6309
 -- Sample 3: mean=35.2193%; std=30.5073
 -- Sample 4: mean=35.7789%; std=35.6264
 -- Sample 5: mean=36.1312%; std=34.9052
 -- Sample 6: mean=33.5273%; std=39.6981
 -- Sample 7: mean=32.9023%; std=40.3051
 -- Sample 8: mean=33.6911%; std=42.7694
 -- Sample 9: mean=34.9300%; std=39.0357
 -- Sample 10: mean=25.5547%; std=16.4301
 -- Sample 11: mean=22.9571%; std=15.1678
 -- Sample 12: mean=22.0990%; std=14.5597
 -- Sample 13: mean=24.0895%; std=15.8378
 -- Sample 14: mean=24.0738%; std=16.8914
 -- Sample 15: mean=27.0183%; std=14.6294
 -- Sample 16: mean=28.4889%; std=17.0519
 -- Sample 17: mean=25.6680%; std=15.1269
 -- Sample 18: mean=39.1285%; std=37.3224
 -- Sample 19: mean=35.9670%; std=32.8203
 -- Sample 20: mean=37.2493%; std=36.1190
 -- Sample 21: mean=44.6694%; std=39.6084
 -- Sample 22: mean=58.7208%; std=50.9447
 -- Sample 23: mean=57.9253%; std=55.6483
 -- Sample 24: mean=56.2547%; std=48.7113
Mean: 33.9099%, Std: 10.8225%
------------------------------------------------------------------
Correlation comparison:
 -- Sample 0: 0.9273
 -- Sample 1: 0.9551
 -- Sample 2: 0.9228
 -- Sample 3: 0.9310
 -- Sample 4: 0.9150
 -- Sample 5: 0.9140
 -- Sample 6: 0.9159
 -- Sample 7: 0.9264
 -- Sample 8: 0.9295
 -- Sample 9: 0.9043
 -- Sample 10: 0.9117
 -- Sample 11: 0.9430
 -- Sample 12: 0.9523
 -- Sample 13: 0.9316
 -- Sample 14: 0.8979
 -- Sample 15: 0.9338
 -- Sample 16: 0.8979
 -- Sample 17: 0.9003
 -- Sample 18: 0.9023
 -- Sample 19: 0.9192
 -- Sample 20: 0.8975
 -- Sample 21: 0.8774
 -- Sample 22: 0.8765
 -- Sample 23: 0.8602
 -- Sample 24: 0.8838
Mean=0.9131, Std=0.0232
------------------------------------------------------------------
  Processing Batch 4 (Size: 21)...
Bias Error: using Single Component
Mean: 57.5042, Std: 43.1824
------------------------------------------------------------------
Magnitude Error: 
 -- Sample 0: mean=59.9384%; std=58.4992
 -- Sample 1: mean=44.5791%; std=32.7609
 -- Sample 2: mean=60.3847%; std=46.0406
 -- Sample 3: mean=61.9053%; std=46.5703
 -- Sample 4: mean=43.2760%; std=31.9433
 -- Sample 5: mean=28.2778%; std=21.4845
 -- Sample 6: mean=29.5946%; std=22.8471
 -- Sample 7: mean=35.4316%; std=21.7191
 -- Sample 8: mean=30.7118%; std=22.0391
 -- Sample 9: mean=149.4945%; std=235.2067
 -- Sample 10: mean=187.8687%; std=275.8006
 -- Sample 11: mean=182.9390%; std=290.6668
 -- Sample 12: mean=173.0531%; std=277.2885
 -- Sample 13: mean=52.4688%; std=52.3616
 -- Sample 14: mean=42.9614%; std=46.2640
 -- Sample 15: mean=52.3684%; std=59.9380
 -- Sample 16: mean=49.9779%; std=50.4303
 -- Sample 17: mean=36.3968%; std=44.9058
 -- Sample 18: mean=48.9364%; std=58.5689
 -- Sample 19: mean=45.6614%; std=46.6939
 -- Sample 20: mean=38.5462%; std=39.3870
Mean: 69.2748%, Std: 51.7378%
------------------------------------------------------------------
Correlation comparison:
 -- Sample 0: 0.8495
 -- Sample 1: 0.8644
 -- Sample 2: 0.8564
 -- Sample 3: 0.8316
 -- Sample 4: 0.8564
 -- Sample 5: 0.9127
 -- Sample 6: 0.8971
 -- Sample 7: 0.8984
 -- Sample 8: 0.8988
 -- Sample 9: 0.5029
 -- Sample 10: 0.5076
 -- Sample 11: 0.4569
 -- Sample 12: 0.4929
 -- Sample 13: 0.8467
 -- Sample 14: 0.8695
 -- Sample 15: 0.8388
 -- Sample 16: 0.8608
 -- Sample 17: 0.9261
 -- Sample 18: 0.8932
 -- Sample 19: 0.9099
 -- Sample 20: 0.9218
Mean=0.8044, Std=0.1550
------------------------------------------------------------------

Processing Dataset: Bentheimer
  Processing Batch 1 (Size: 25)...
Bias Error: using Single Component
Mean: 27.2546, Std: 21.9250
------------------------------------------------------------------
Magnitude Error: 
 -- Sample 0: mean=46.8653%; std=32.0788
 -- Sample 1: mean=40.7322%; std=24.9490
 -- Sample 2: mean=40.0859%; std=26.1376
 -- Sample 3: mean=46.9118%; std=30.5863
 -- Sample 4: mean=66.1102%; std=49.9445
 -- Sample 5: mean=63.8468%; std=48.0814
 -- Sample 6: mean=62.4901%; std=46.0400
 -- Sample 7: mean=61.7665%; std=45.4710
 -- Sample 8: mean=88.5312%; std=64.6685
 -- Sample 9: mean=92.7792%; std=71.9265
 -- Sample 10: mean=81.5032%; std=61.6575
 -- Sample 11: mean=93.4259%; std=73.0773
 -- Sample 12: mean=86.7197%; std=89.3447
 -- Sample 13: mean=72.0862%; std=66.9392
 -- Sample 14: mean=71.2897%; std=75.9914
 -- Sample 15: mean=85.8961%; std=83.0921
 -- Sample 16: mean=50.3651%; std=59.0723
 -- Sample 17: mean=52.9733%; std=53.6241
 -- Sample 18: mean=48.1704%; std=44.7052
 -- Sample 19: mean=47.4646%; std=47.7286
 -- Sample 20: mean=38.4817%; std=44.1250
 -- Sample 21: mean=40.8748%; std=50.8040
 -- Sample 22: mean=35.7014%; std=38.1211
 -- Sample 23: mean=37.0297%; std=41.5216
 -- Sample 24: mean=32.4481%; std=18.4141
Mean: 59.3820%, Std: 19.4269%
------------------------------------------------------------------
Correlation comparison:
 -- Sample 0: 0.8193
 -- Sample 1: 0.8552
 -- Sample 2: 0.8469
 -- Sample 3: 0.8199
 -- Sample 4: 0.7788
 -- Sample 5: 0.7853
 -- Sample 6: 0.7658
 -- Sample 7: 0.7806
 -- Sample 8: 0.8176
 -- Sample 9: 0.7993
 -- Sample 10: 0.8111
 -- Sample 11: 0.8161
 -- Sample 12: 0.6509
 -- Sample 13: 0.6788
 -- Sample 14: 0.6876
 -- Sample 15: 0.6574
 -- Sample 16: 0.8936
 -- Sample 17: 0.8707
 -- Sample 18: 0.8900
 -- Sample 19: 0.8918
 -- Sample 20: 0.8697
 -- Sample 21: 0.8349
 -- Sample 22: 0.8888
 -- Sample 23: 0.8623
 -- Sample 24: 0.9254
Mean=0.8119, Std=0.0746
------------------------------------------------------------------
  Processing Batch 2 (Size: 25)...
Bias Error: using Single Component
Mean: 110.8253, Std: 181.8876
------------------------------------------------------------------
Magnitude Error: 
 -- Sample 0: mean=30.6061%; std=19.3733
 -- Sample 1: mean=37.5406%; std=20.9971
 -- Sample 2: mean=41.3210%; std=19.9737
 -- Sample 3: mean=28.2504%; std=15.4976
 -- Sample 4: mean=27.9738%; std=16.0017
 -- Sample 5: mean=29.1136%; std=16.9377
 -- Sample 6: mean=23.3844%; std=17.6008
 -- Sample 7: mean=647.3105%; std=612.5742
 -- Sample 8: mean=705.3566%; std=648.2515
 -- Sample 9: mean=660.7813%; std=605.7323
 -- Sample 10: mean=642.0900%; std=656.9125
 -- Sample 11: mean=40.8286%; std=19.6419
 -- Sample 12: mean=39.9750%; std=19.9606
 -- Sample 13: mean=39.2679%; std=21.7927
 -- Sample 14: mean=38.1253%; std=21.0201
 -- Sample 15: mean=43.3650%; std=19.7953
 -- Sample 16: mean=45.5768%; std=19.3795
 -- Sample 17: mean=48.7045%; std=18.3474
 -- Sample 18: mean=46.8281%; std=19.0464
 -- Sample 19: mean=41.8996%; std=28.7610
 -- Sample 20: mean=42.5974%; std=28.5973
 -- Sample 21: mean=45.1834%; std=25.0414
 -- Sample 22: mean=38.8477%; std=26.6589
 -- Sample 23: mean=54.1161%; std=31.8153
 -- Sample 24: mean=56.6830%; std=29.2766
Mean: 139.8291%, Std: 229.0607%
------------------------------------------------------------------
Correlation comparison:
 -- Sample 0: 0.9375
 -- Sample 1: 0.9079
 -- Sample 2: 0.9064
 -- Sample 3: 0.9590
 -- Sample 4: 0.9526
 -- Sample 5: 0.9476
 -- Sample 6: 0.9488
 -- Sample 7: 0.2706
 -- Sample 8: 0.2766
 -- Sample 9: 0.2858
 -- Sample 10: 0.2629
 -- Sample 11: 0.9458
 -- Sample 12: 0.9484
 -- Sample 13: 0.9386
 -- Sample 14: 0.9415
 -- Sample 15: 0.9088
 -- Sample 16: 0.9304
 -- Sample 17: 0.9378
 -- Sample 18: 0.9314
 -- Sample 19: 0.8970
 -- Sample 20: 0.8955
 -- Sample 21: 0.9031
 -- Sample 22: 0.9170
 -- Sample 23: 0.4002
 -- Sample 24: 0.4006
Mean=0.7821, Std=0.2641
------------------------------------------------------------------
  Processing Batch 3 (Size: 25)...
Bias Error: using Single Component
Mean: 23.1746, Std: 20.0779
------------------------------------------------------------------
Magnitude Error: 
 -- Sample 0: mean=55.0180%; std=50.7636
 -- Sample 1: mean=52.2297%; std=45.5710
 -- Sample 2: mean=51.0593%; std=51.5581
 -- Sample 3: mean=45.3367%; std=48.0746
 -- Sample 4: mean=46.4835%; std=49.1704
 -- Sample 5: mean=58.5244%; std=66.2434
 -- Sample 6: mean=44.7747%; std=41.0634
 -- Sample 7: mean=50.9272%; std=52.3220
 -- Sample 8: mean=51.8005%; std=40.1834
 -- Sample 9: mean=48.2357%; std=33.8444
 -- Sample 10: mean=48.5777%; std=60.9283
 -- Sample 11: mean=38.9942%; std=60.7946
 -- Sample 12: mean=41.1581%; std=51.6076
 -- Sample 13: mean=39.3698%; std=56.3564
 -- Sample 14: mean=32.5730%; std=25.5406
 -- Sample 15: mean=30.0656%; std=24.3380
 -- Sample 16: mean=34.3891%; std=23.9977
 -- Sample 17: mean=33.0227%; std=21.9081
 -- Sample 18: mean=37.2424%; std=29.1165
 -- Sample 19: mean=40.6588%; std=36.4685
 -- Sample 20: mean=43.7245%; std=37.8193
 -- Sample 21: mean=44.7914%; std=38.8339
 -- Sample 22: mean=84.4007%; std=102.9039
 -- Sample 23: mean=85.5595%; std=104.4667
 -- Sample 24: mean=86.5824%; std=100.3993
Mean: 49.0200%, Std: 15.2297%
------------------------------------------------------------------
Correlation comparison:
 -- Sample 0: 0.5097
 -- Sample 1: 0.4359
 -- Sample 2: 0.9094
 -- Sample 3: 0.9054
 -- Sample 4: 0.9120
 -- Sample 5: 0.8694
 -- Sample 6: 0.8148
 -- Sample 7: 0.7503
 -- Sample 8: 0.7542
 -- Sample 9: 0.7769
 -- Sample 10: 0.8954
 -- Sample 11: 0.8949
 -- Sample 12: 0.8679
 -- Sample 13: 0.8904
 -- Sample 14: 0.9283
 -- Sample 15: 0.9354
 -- Sample 16: 0.9215
 -- Sample 17: 0.9302
 -- Sample 18: 0.8644
 -- Sample 19: 0.8523
 -- Sample 20: 0.8335
 -- Sample 21: 0.8381
 -- Sample 22: 0.7323
 -- Sample 23: 0.7347
 -- Sample 24: 0.7016
Mean=0.8184, Std=0.1232
------------------------------------------------------------------
  Processing Batch 4 (Size: 25)...
Bias Error: using Single Component
Mean: 53.6069, Std: 72.4209
------------------------------------------------------------------
Magnitude Error: 
 -- Sample 0: mean=85.0508%; std=97.8579
 -- Sample 1: mean=45.0530%; std=25.3529
 -- Sample 2: mean=44.4014%; std=24.4611
 -- Sample 3: mean=41.5143%; std=23.8823
 -- Sample 4: mean=42.3751%; std=22.8906
 -- Sample 5: mean=53.8573%; std=42.6100
 -- Sample 6: mean=45.3176%; std=34.2199
 -- Sample 7: mean=44.1196%; std=32.7659
 -- Sample 8: mean=53.0738%; std=39.6802
 -- Sample 9: mean=223.1996%; std=198.0207
 -- Sample 10: mean=217.9203%; std=189.6894
 -- Sample 11: mean=246.7652%; std=247.0636
 -- Sample 12: mean=272.2392%; std=274.4514
 -- Sample 13: mean=40.2088%; std=30.6687
 -- Sample 14: mean=45.3492%; std=32.5783
 -- Sample 15: mean=51.0786%; std=37.4122
 -- Sample 16: mean=41.8935%; std=27.5483
 -- Sample 17: mean=27.4316%; std=22.2142
 -- Sample 18: mean=28.1171%; std=18.7413
 -- Sample 19: mean=30.0621%; std=20.7367
 -- Sample 20: mean=30.8705%; std=19.7123
 -- Sample 21: mean=41.5601%; std=22.6683
 -- Sample 22: mean=45.8391%; std=24.5349
 -- Sample 23: mean=41.5072%; std=22.0779
 -- Sample 24: mean=35.3910%; std=24.4684
Mean: 74.9679%, Std: 73.3547%
------------------------------------------------------------------
Correlation comparison:
 -- Sample 0: 0.7104
 -- Sample 1: 0.8757
 -- Sample 2: 0.8407
 -- Sample 3: 0.8768
 -- Sample 4: 0.8674
 -- Sample 5: 0.7313
 -- Sample 6: 0.7641
 -- Sample 7: 0.7669
 -- Sample 8: 0.7347
 -- Sample 9: 0.5182
 -- Sample 10: 0.5162
 -- Sample 11: 0.4962
 -- Sample 12: 0.4839
 -- Sample 13: 0.9334
 -- Sample 14: 0.9239
 -- Sample 15: 0.9145
 -- Sample 16: 0.9405
 -- Sample 17: 0.8958
 -- Sample 18: 0.9159
 -- Sample 19: 0.9133
 -- Sample 20: 0.9004
 -- Sample 21: 0.9183
 -- Sample 22: 0.9162
 -- Sample 23: 0.9354
 -- Sample 24: 0.9510
Mean=0.8096, Std=0.1506
------------------------------------------------------------------
  Processing Batch 5 (Size: 25)...
Bias Error: using Single Component
Mean: 29.4885, Std: 26.8315
------------------------------------------------------------------
Magnitude Error: 
 -- Sample 0: mean=32.6548%; std=22.2747
 -- Sample 1: mean=29.7375%; std=20.0774
 -- Sample 2: mean=26.4385%; std=19.0693
 -- Sample 3: mean=34.1216%; std=23.3925
 -- Sample 4: mean=34.7791%; std=24.4838
 -- Sample 5: mean=29.2392%; std=20.4100
 -- Sample 6: mean=26.8947%; std=20.7627
 -- Sample 7: mean=28.1747%; std=20.3366
 -- Sample 8: mean=36.7809%; std=30.3690
 -- Sample 9: mean=35.6598%; std=22.8412
 -- Sample 10: mean=32.2948%; std=24.7826
 -- Sample 11: mean=40.0999%; std=31.0549
 -- Sample 12: mean=105.0183%; std=103.4941
 -- Sample 13: mean=112.7514%; std=118.7101
 -- Sample 14: mean=132.0412%; std=147.4165
 -- Sample 15: mean=90.8906%; std=81.5318
 -- Sample 16: mean=33.4155%; std=20.9492
 -- Sample 17: mean=32.0758%; std=18.9103
 -- Sample 18: mean=31.1980%; std=19.8384
 -- Sample 19: mean=34.5700%; std=22.0738
 -- Sample 20: mean=41.8787%; std=13.8190
 -- Sample 21: mean=31.5710%; std=14.7502
 -- Sample 22: mean=36.9921%; std=11.1882
 -- Sample 23: mean=41.7886%; std=14.8737
 -- Sample 24: mean=32.4768%; std=20.8311
Mean: 45.7417%, Std: 29.0068%
------------------------------------------------------------------
Correlation comparison:
 -- Sample 0: 0.9288
 -- Sample 1: 0.9485
 -- Sample 2: 0.9499
 -- Sample 3: 0.9174
 -- Sample 4: 0.8912
 -- Sample 5: 0.9226
 -- Sample 6: 0.9153
 -- Sample 7: 0.9267
 -- Sample 8: 0.9363
 -- Sample 9: 0.9366
 -- Sample 10: 0.9629
 -- Sample 11: 0.9358
 -- Sample 12: 0.8000
 -- Sample 13: 0.7857
 -- Sample 14: 0.7484
 -- Sample 15: 0.8460
 -- Sample 16: 0.8845
 -- Sample 17: 0.9080
 -- Sample 18: 0.8989
 -- Sample 19: 0.8742
 -- Sample 20: 0.9461
 -- Sample 21: 0.9595
 -- Sample 22: 0.9762
 -- Sample 23: 0.9358
 -- Sample 24: 0.9182
Mean=0.9061, Std=0.0557
------------------------------------------------------------------
  Processing Batch 6 (Size: 25)...
Bias Error: using Single Component
Mean: 60.3447, Std: 96.3395
------------------------------------------------------------------
Magnitude Error: 
 -- Sample 0: mean=29.5869%; std=19.8268
 -- Sample 1: mean=30.2899%; std=21.0052
 -- Sample 2: mean=30.7857%; std=21.1393
 -- Sample 3: mean=376.5874%; std=303.1348
 -- Sample 4: mean=411.1774%; std=326.0008
 -- Sample 5: mean=396.0992%; std=313.2773
 -- Sample 6: mean=372.4433%; std=307.5251
 -- Sample 7: mean=33.6716%; std=24.6489
 -- Sample 8: mean=33.6773%; std=23.8652
 -- Sample 9: mean=31.2153%; std=21.1963
 -- Sample 10: mean=32.4781%; std=22.0077
 -- Sample 11: mean=27.4927%; std=14.9033
 -- Sample 12: mean=29.6887%; std=18.2423
 -- Sample 13: mean=27.2464%; std=15.5421
 -- Sample 14: mean=27.7104%; std=15.6497
 -- Sample 15: mean=36.8223%; std=50.9912
 -- Sample 16: mean=34.6234%; std=41.1071
 -- Sample 17: mean=32.0538%; std=47.3537
 -- Sample 18: mean=41.9970%; std=54.1814
 -- Sample 19: mean=27.2907%; std=24.9770
 -- Sample 20: mean=24.2999%; std=23.2193
 -- Sample 21: mean=27.7929%; std=25.4011
 -- Sample 22: mean=25.5443%; std=22.3786
 -- Sample 23: mean=26.8284%; std=23.6284
 -- Sample 24: mean=30.2627%; std=23.4161
Mean: 87.9066%, Std: 131.6406%
------------------------------------------------------------------
Correlation comparison:
 -- Sample 0: 0.9313
 -- Sample 1: 0.9180
 -- Sample 2: 0.9090
 -- Sample 3: 0.4738
 -- Sample 4: 0.4429
 -- Sample 5: 0.4615
 -- Sample 6: 0.4604
 -- Sample 7: 0.9404
 -- Sample 8: 0.9420
 -- Sample 9: 0.9519
 -- Sample 10: 0.9498
 -- Sample 11: 0.9641
 -- Sample 12: 0.9579
 -- Sample 13: 0.9553
 -- Sample 14: 0.9606
 -- Sample 15: 0.9096
 -- Sample 16: 0.9457
 -- Sample 17: 0.9332
 -- Sample 18: 0.8909
 -- Sample 19: 0.9477
 -- Sample 20: 0.9575
 -- Sample 21: 0.9515
 -- Sample 22: 0.9544
 -- Sample 23: 0.9417
 -- Sample 24: 0.9285
Mean=0.8632, Std=0.1770
------------------------------------------------------------------
  Processing Batch 7 (Size: 25)...
Bias Error: using Single Component
Mean: 11.7682, Std: 6.2340
------------------------------------------------------------------
Magnitude Error: 
 -- Sample 0: mean=32.2570%; std=23.9837
 -- Sample 1: mean=27.8668%; std=24.2206
 -- Sample 2: mean=21.3728%; std=18.5517
 -- Sample 3: mean=20.3338%; std=16.4147
 -- Sample 4: mean=23.0220%; std=19.0264
 -- Sample 5: mean=25.0301%; std=21.3668
 -- Sample 6: mean=36.2756%; std=29.4869
 -- Sample 7: mean=32.7786%; std=29.0348
 -- Sample 8: mean=34.5711%; std=30.9178
 -- Sample 9: mean=36.8914%; std=32.1193
 -- Sample 10: mean=21.0198%; std=17.4477
 -- Sample 11: mean=19.3539%; std=16.6167
 -- Sample 12: mean=20.9667%; std=18.3453
 -- Sample 13: mean=21.1587%; std=15.9715
 -- Sample 14: mean=29.4538%; std=21.1617
 -- Sample 15: mean=26.8172%; std=18.0456
 -- Sample 16: mean=27.9253%; std=20.5060
 -- Sample 17: mean=29.8339%; std=20.8480
 -- Sample 18: mean=39.5078%; std=47.8561
 -- Sample 19: mean=45.5278%; std=59.4157
 -- Sample 20: mean=43.7078%; std=45.9983
 -- Sample 21: mean=45.0469%; std=47.8650
 -- Sample 22: mean=31.9680%; std=20.7161
 -- Sample 23: mean=31.2355%; std=22.0472
 -- Sample 24: mean=30.1422%; std=23.1948
Mean: 30.1626%, Std: 7.7084%
------------------------------------------------------------------
Correlation comparison:
 -- Sample 0: 0.9090
 -- Sample 1: 0.9343
 -- Sample 2: 0.9571
 -- Sample 3: 0.9570
 -- Sample 4: 0.9593
 -- Sample 5: 0.9572
 -- Sample 6: 0.9279
 -- Sample 7: 0.9357
 -- Sample 8: 0.9356
 -- Sample 9: 0.9287
 -- Sample 10: 0.9731
 -- Sample 11: 0.9725
 -- Sample 12: 0.9649
 -- Sample 13: 0.9697
 -- Sample 14: 0.9219
 -- Sample 15: 0.9325
 -- Sample 16: 0.9338
 -- Sample 17: 0.9169
 -- Sample 18: 0.8748
 -- Sample 19: 0.8320
 -- Sample 20: 0.8583
 -- Sample 21: 0.8538
 -- Sample 22: 0.9228
 -- Sample 23: 0.9221
 -- Sample 24: 0.9098
Mean=0.9264, Std=0.0369
------------------------------------------------------------------
  Processing Batch 8 (Size: 25)...
Bias Error: using Single Component
Mean: 22.1192, Std: 29.9920
------------------------------------------------------------------
Magnitude Error: 
 -- Sample 0: mean=28.6242%; std=18.9195
 -- Sample 1: mean=25.8975%; std=17.8578
 -- Sample 2: mean=26.6046%; std=18.7474
 -- Sample 3: mean=26.0865%; std=21.5444
 -- Sample 4: mean=25.2171%; std=18.7267
 -- Sample 5: mean=125.5393%; std=114.3982
 -- Sample 6: mean=119.5709%; std=125.3194
 -- Sample 7: mean=130.9694%; std=124.1037
 -- Sample 8: mean=144.6273%; std=129.2569
 -- Sample 9: mean=72.9838%; std=50.6898
 -- Sample 10: mean=76.6444%; std=58.4829
 -- Sample 11: mean=66.0005%; std=53.3879
 -- Sample 12: mean=66.5233%; std=49.4261
 -- Sample 13: mean=19.7248%; std=15.2733
 -- Sample 14: mean=23.6555%; std=14.4351
 -- Sample 15: mean=22.1953%; std=14.9659
 -- Sample 16: mean=20.9659%; std=14.3977
 -- Sample 17: mean=45.9098%; std=24.9654
 -- Sample 18: mean=41.3069%; std=27.7012
 -- Sample 19: mean=37.8578%; std=27.3839
 -- Sample 20: mean=42.0173%; std=30.6006
 -- Sample 21: mean=19.4001%; std=17.5408
 -- Sample 22: mean=17.7613%; std=15.7365
 -- Sample 23: mean=20.1960%; std=16.5057
 -- Sample 24: mean=22.3668%; std=17.7735
Mean: 50.7459%, Std: 38.8530%
------------------------------------------------------------------
Correlation comparison:
 -- Sample 0: 0.9227
 -- Sample 1: 0.9286
 -- Sample 2: 0.9425
 -- Sample 3: 0.9295
 -- Sample 4: 0.9287
 -- Sample 5: 0.6798
 -- Sample 6: 0.6769
 -- Sample 7: 0.6576
 -- Sample 8: 0.6376
 -- Sample 9: 0.7161
 -- Sample 10: 0.7152
 -- Sample 11: 0.7531
 -- Sample 12: 0.7596
 -- Sample 13: 0.9595
 -- Sample 14: 0.9476
 -- Sample 15: 0.9629
 -- Sample 16: 0.9620
 -- Sample 17: 0.8419
 -- Sample 18: 0.8604
 -- Sample 19: 0.8729
 -- Sample 20: 0.8500
 -- Sample 21: 0.9673
 -- Sample 22: 0.9754
 -- Sample 23: 0.9723
 -- Sample 24: 0.9654
Mean=0.8554, Std=0.1152
------------------------------------------------------------------
  Processing Batch 9 (Size: 25)...
Bias Error: using Single Component
Mean: 57.4456, Std: 61.6955
------------------------------------------------------------------
Magnitude Error: 
 -- Sample 0: mean=37.0622%; std=17.3078
 -- Sample 1: mean=36.1625%; std=18.8212
 -- Sample 2: mean=34.8921%; std=19.0609
 -- Sample 3: mean=39.2326%; std=19.5501
 -- Sample 4: mean=244.8438%; std=420.9401
 -- Sample 5: mean=332.5411%; std=590.7584
 -- Sample 6: mean=288.3177%; std=514.5247
 -- Sample 7: mean=261.5768%; std=474.7316
 -- Sample 8: mean=41.7438%; std=27.6588
 -- Sample 9: mean=46.2996%; std=28.4521
 -- Sample 10: mean=41.2094%; std=26.2031
 -- Sample 11: mean=38.4269%; std=25.7096
 -- Sample 12: mean=24.0627%; std=18.4185
 -- Sample 13: mean=23.9331%; std=17.3895
 -- Sample 14: mean=26.0500%; std=18.6532
 -- Sample 15: mean=24.6368%; std=17.3603
 -- Sample 16: mean=48.0361%; std=19.4427
 -- Sample 17: mean=49.8654%; std=20.0815
 -- Sample 18: mean=54.1341%; std=18.7553
 -- Sample 19: mean=54.3076%; std=17.3786
 -- Sample 20: mean=51.9328%; std=23.9994
 -- Sample 21: mean=53.0120%; std=23.7065
 -- Sample 22: mean=53.3254%; std=23.2738
 -- Sample 23: mean=55.3499%; std=24.3680
 -- Sample 24: mean=56.3079%; std=47.3551
Mean: 80.6905%, Std: 89.3315%
------------------------------------------------------------------
Correlation comparison:
 -- Sample 0: 0.8995
 -- Sample 1: 0.8924
 -- Sample 2: 0.9096
 -- Sample 3: 0.9145
 -- Sample 4: 0.3691
 -- Sample 5: 0.3236
 -- Sample 6: 0.3779
 -- Sample 7: 0.3773
 -- Sample 8: 0.9278
 -- Sample 9: 0.9208
 -- Sample 10: 0.9368
 -- Sample 11: 0.9402
 -- Sample 12: 0.9409
 -- Sample 13: 0.9441
 -- Sample 14: 0.9332
 -- Sample 15: 0.9448
 -- Sample 16: 0.9211
 -- Sample 17: 0.9260
 -- Sample 18: 0.9196
 -- Sample 19: 0.9266
 -- Sample 20: 0.9036
 -- Sample 21: 0.8954
 -- Sample 22: 0.8734
 -- Sample 23: 0.8817
 -- Sample 24: 0.7434
Mean=0.8217, Std=0.2045
------------------------------------------------------------------
  Processing Batch 10 (Size: 25)...
Bias Error: using Single Component
Mean: 13.3442, Std: 9.0856
------------------------------------------------------------------
Magnitude Error: 
 -- Sample 0: mean=63.0397%; std=52.1123
 -- Sample 1: mean=58.4479%; std=47.0565
 -- Sample 2: mean=57.6495%; std=59.1043
 -- Sample 3: mean=24.6765%; std=18.0585
 -- Sample 4: mean=21.8917%; std=15.4120
 -- Sample 5: mean=22.2554%; std=14.7015
 -- Sample 6: mean=25.1257%; std=18.2657
 -- Sample 7: mean=36.2721%; std=25.4961
 -- Sample 8: mean=40.6002%; std=25.6479
 -- Sample 9: mean=38.6562%; std=26.8640
 -- Sample 10: mean=39.3706%; std=29.6914
 -- Sample 11: mean=28.1285%; std=22.8377
 -- Sample 12: mean=29.1259%; std=21.8726
 -- Sample 13: mean=31.5272%; std=23.5813
 -- Sample 14: mean=31.9673%; std=24.1210
 -- Sample 15: mean=62.8549%; std=32.5425
 -- Sample 16: mean=65.2982%; std=36.1116
 -- Sample 17: mean=61.6263%; std=34.2211
 -- Sample 18: mean=61.6702%; std=32.7176
 -- Sample 19: mean=31.2611%; std=31.3991
 -- Sample 20: mean=35.1036%; std=31.2699
 -- Sample 21: mean=38.7936%; std=28.2262
 -- Sample 22: mean=34.9260%; std=28.2037
 -- Sample 23: mean=32.4723%; std=28.5213
 -- Sample 24: mean=36.0617%; std=28.4917
Mean: 40.3521%, Std: 14.1276%
------------------------------------------------------------------
Correlation comparison:
 -- Sample 0: 0.7268
 -- Sample 1: 0.7289
 -- Sample 2: 0.7443
 -- Sample 3: 0.9473
 -- Sample 4: 0.9520
 -- Sample 5: 0.9630
 -- Sample 6: 0.9591
 -- Sample 7: 0.9243
 -- Sample 8: 0.9178
 -- Sample 9: 0.9315
 -- Sample 10: 0.9155
 -- Sample 11: 0.9509
 -- Sample 12: 0.9418
 -- Sample 13: 0.9277
 -- Sample 14: 0.9319
 -- Sample 15: 0.6578
 -- Sample 16: 0.6440
 -- Sample 17: 0.6524
 -- Sample 18: 0.6586
 -- Sample 19: 0.9372
 -- Sample 20: 0.9227
 -- Sample 21: 0.9120
 -- Sample 22: 0.9287
 -- Sample 23: 0.9436
 -- Sample 24: 0.9324
Mean=0.8661, Std=0.1140
------------------------------------------------------------------
  Processing Batch 11 (Size: 25)...
Bias Error: using Single Component
Mean: 39.4576, Std: 46.3796
------------------------------------------------------------------
Magnitude Error: 
 -- Sample 0: mean=34.1519%; std=27.4021
 -- Sample 1: mean=31.0406%; std=27.1399
 -- Sample 2: mean=58.5480%; std=72.2813
 -- Sample 3: mean=50.5629%; std=50.0582
 -- Sample 4: mean=55.0986%; std=69.8516
 -- Sample 5: mean=63.5989%; std=79.6486
 -- Sample 6: mean=43.6117%; std=20.5989
 -- Sample 7: mean=39.8764%; std=22.5639
 -- Sample 8: mean=41.2390%; std=20.8262
 -- Sample 9: mean=42.0003%; std=22.3354
 -- Sample 10: mean=27.4797%; std=18.2229
 -- Sample 11: mean=28.8116%; std=18.6608
 -- Sample 12: mean=28.9741%; std=18.0133
 -- Sample 13: mean=25.6374%; std=18.2444
 -- Sample 14: mean=31.3107%; std=18.8080
 -- Sample 15: mean=27.2406%; std=18.3437
 -- Sample 16: mean=31.1981%; std=17.0157
 -- Sample 17: mean=30.8211%; std=17.1390
 -- Sample 18: mean=29.7281%; std=23.1365
 -- Sample 19: mean=29.7891%; std=21.8545
 -- Sample 20: mean=30.8099%; std=22.6546
 -- Sample 21: mean=31.5126%; std=25.3871
 -- Sample 22: mean=189.8472%; std=131.3621
 -- Sample 23: mean=197.2139%; std=146.8013
 -- Sample 24: mean=185.7914%; std=121.8288
Mean: 55.4357%, Std: 51.0759%
------------------------------------------------------------------
Correlation comparison:
 -- Sample 0: 0.9387
 -- Sample 1: 0.9469
 -- Sample 2: 0.8587
 -- Sample 3: 0.9061
 -- Sample 4: 0.8798
 -- Sample 5: 0.8496
 -- Sample 6: 0.9383
 -- Sample 7: 0.9309
 -- Sample 8: 0.9297
 -- Sample 9: 0.9200
 -- Sample 10: 0.9122
 -- Sample 11: 0.9095
 -- Sample 12: 0.9131
 -- Sample 13: 0.9129
 -- Sample 14: 0.9444
 -- Sample 15: 0.9551
 -- Sample 16: 0.9576
 -- Sample 17: 0.9568
 -- Sample 18: 0.8483
 -- Sample 19: 0.8891
 -- Sample 20: 0.8673
 -- Sample 21: 0.8586
 -- Sample 22: 0.6047
 -- Sample 23: 0.5822
 -- Sample 24: 0.5963
Mean=0.8723, Std=0.1079
------------------------------------------------------------------
  Processing Batch 12 (Size: 25)...
Bias Error: using Single Component
Mean: 25.4432, Std: 32.4648
------------------------------------------------------------------
Magnitude Error: 
 -- Sample 0: mean=212.8072%; std=131.8418
 -- Sample 1: mean=39.7486%; std=21.9489
 -- Sample 2: mean=45.3576%; std=31.2543
 -- Sample 3: mean=42.1309%; std=25.5495
 -- Sample 4: mean=38.2510%; std=23.2121
 -- Sample 5: mean=32.3869%; std=26.7227
 -- Sample 6: mean=34.1415%; std=28.7896
 -- Sample 7: mean=33.0179%; std=29.1797
 -- Sample 8: mean=35.7548%; std=29.1493
 -- Sample 9: mean=43.3527%; std=31.5581
 -- Sample 10: mean=34.6442%; std=29.5410
 -- Sample 11: mean=35.4364%; std=29.9997
 -- Sample 12: mean=37.4044%; std=32.2000
 -- Sample 13: mean=29.2297%; std=19.2677
 -- Sample 14: mean=33.8435%; std=20.2190
 -- Sample 15: mean=31.3463%; std=18.0467
 -- Sample 16: mean=26.1305%; std=17.6486
 -- Sample 17: mean=63.0877%; std=81.0107
 -- Sample 18: mean=64.0838%; std=74.6616
 -- Sample 19: mean=61.9803%; std=73.3561
 -- Sample 20: mean=63.3132%; std=72.0848
 -- Sample 21: mean=29.3492%; std=18.4675
 -- Sample 22: mean=31.7347%; std=16.4645
 -- Sample 23: mean=34.1603%; std=19.1838
 -- Sample 24: mean=37.8942%; std=16.3648
Mean: 46.8235%, Std: 35.6328%
------------------------------------------------------------------
Correlation comparison:
 -- Sample 0: 0.6032
 -- Sample 1: 0.8491
 -- Sample 2: 0.7748
 -- Sample 3: 0.8298
 -- Sample 4: 0.8536
 -- Sample 5: 0.9027
 -- Sample 6: 0.9004
 -- Sample 7: 0.8829
 -- Sample 8: 0.8717
 -- Sample 9: 0.8688
 -- Sample 10: 0.8828
 -- Sample 11: 0.9015
 -- Sample 12: 0.8919
 -- Sample 13: 0.9391
 -- Sample 14: 0.9080
 -- Sample 15: 0.9257
 -- Sample 16: 0.9507
 -- Sample 17: 0.8415
 -- Sample 18: 0.7884
 -- Sample 19: 0.8175
 -- Sample 20: 0.8559
 -- Sample 21: 0.9443
 -- Sample 22: 0.9535
 -- Sample 23: 0.9254
 -- Sample 24: 0.9431
Mean=0.8722, Std=0.0730
------------------------------------------------------------------
  Processing Batch 13 (Size: 25)...
Bias Error: using Single Component
Mean: 18.0893, Std: 13.7098
------------------------------------------------------------------
Magnitude Error: 
 -- Sample 0: mean=60.6102%; std=73.3569
 -- Sample 1: mean=69.4011%; std=83.4658
 -- Sample 2: mean=73.1593%; std=91.7149
 -- Sample 3: mean=61.1499%; std=75.9548
 -- Sample 4: mean=23.8911%; std=14.8505
 -- Sample 5: mean=27.0263%; std=16.9721
 -- Sample 6: mean=28.5535%; std=17.1055
 -- Sample 7: mean=25.7659%; std=15.4827
 -- Sample 8: mean=39.6209%; std=33.1644
 -- Sample 9: mean=42.9552%; std=48.1904
 -- Sample 10: mean=38.6067%; std=36.6354
 -- Sample 11: mean=42.5996%; std=38.9979
 -- Sample 12: mean=35.0259%; std=26.1963
 -- Sample 13: mean=38.3545%; std=25.2719
 -- Sample 14: mean=31.6558%; std=24.9684
 -- Sample 15: mean=31.5405%; std=21.7249
 -- Sample 16: mean=63.9716%; std=62.7103
 -- Sample 17: mean=72.6437%; std=65.6932
 -- Sample 18: mean=69.2931%; std=69.7679
 -- Sample 19: mean=70.0246%; std=71.6644
 -- Sample 20: mean=27.6752%; std=18.1708
 -- Sample 21: mean=22.2233%; std=15.2767
 -- Sample 22: mean=23.5601%; std=15.5280
 -- Sample 23: mean=24.5838%; std=15.5784
 -- Sample 24: mean=39.8308%; std=21.2140
Mean: 43.3489%, Std: 17.7528%
------------------------------------------------------------------
Correlation comparison:
 -- Sample 0: 0.8047
 -- Sample 1: 0.8016
 -- Sample 2: 0.7785
 -- Sample 3: 0.7975
 -- Sample 4: 0.9605
 -- Sample 5: 0.9463
 -- Sample 6: 0.9406
 -- Sample 7: 0.9547
 -- Sample 8: 0.8796
 -- Sample 9: 0.8730
 -- Sample 10: 0.8798
 -- Sample 11: 0.8641
 -- Sample 12: 0.9312
 -- Sample 13: 0.9229
 -- Sample 14: 0.9124
 -- Sample 15: 0.9282
 -- Sample 16: 0.7462
 -- Sample 17: 0.6679
 -- Sample 18: 0.7103
 -- Sample 19: 0.7151
 -- Sample 20: 0.9220
 -- Sample 21: 0.9559
 -- Sample 22: 0.9454
 -- Sample 23: 0.9458
 -- Sample 24: 0.9286
Mean=0.8685, Std=0.0875
------------------------------------------------------------------
  Processing Batch 14 (Size: 25)...
Bias Error: using Single Component
Mean: 20.0017, Std: 9.0267
------------------------------------------------------------------
Magnitude Error: 
 -- Sample 0: mean=44.2774%; std=26.9870
 -- Sample 1: mean=44.8714%; std=30.9618
 -- Sample 2: mean=40.9562%; std=25.6699
 -- Sample 3: mean=60.3501%; std=46.4941
 -- Sample 4: mean=46.8781%; std=32.9600
 -- Sample 5: mean=63.8093%; std=46.2383
 -- Sample 6: mean=69.3257%; std=51.8728
 -- Sample 7: mean=63.3976%; std=44.5603
 -- Sample 8: mean=72.0370%; std=48.9784
 -- Sample 9: mean=63.8150%; std=43.2436
 -- Sample 10: mean=71.5694%; std=49.2591
 -- Sample 11: mean=37.8128%; std=18.9711
 -- Sample 12: mean=36.5074%; std=17.2448
 -- Sample 13: mean=32.5593%; std=17.2827
 -- Sample 14: mean=39.7771%; std=19.3137
 -- Sample 15: mean=29.0644%; std=19.1944
 -- Sample 16: mean=26.2211%; std=19.4816
 -- Sample 17: mean=33.7336%; std=21.1515
 -- Sample 18: mean=26.6516%; std=17.6183
 -- Sample 19: mean=28.1996%; std=20.5184
 -- Sample 20: mean=28.9512%; std=23.0925
 -- Sample 21: mean=28.8604%; std=22.5690
 -- Sample 22: mean=27.8802%; std=22.3444
 -- Sample 23: mean=31.3395%; std=24.1178
 -- Sample 24: mean=33.8325%; std=23.3050
Mean: 43.3071%, Std: 15.5436%
------------------------------------------------------------------
Correlation comparison:
 -- Sample 0: 0.8923
 -- Sample 1: 0.8780
 -- Sample 2: 0.9117
 -- Sample 3: 0.7763
 -- Sample 4: 0.8003
 -- Sample 5: 0.7469
 -- Sample 6: 0.7556
 -- Sample 7: 0.6685
 -- Sample 8: 0.6512
 -- Sample 9: 0.6919
 -- Sample 10: 0.6169
 -- Sample 11: 0.9436
 -- Sample 12: 0.9451
 -- Sample 13: 0.9581
 -- Sample 14: 0.9298
 -- Sample 15: 0.9433
 -- Sample 16: 0.9510
 -- Sample 17: 0.9180
 -- Sample 18: 0.9498
 -- Sample 19: 0.8968
 -- Sample 20: 0.8975
 -- Sample 21: 0.8898
 -- Sample 22: 0.8863
 -- Sample 23: 0.8998
 -- Sample 24: 0.8996
Mean=0.8519, Std=0.1034
------------------------------------------------------------------
  Processing Batch 15 (Size: 25)...
Bias Error: using Single Component
Mean: 24.4050, Std: 16.5803
------------------------------------------------------------------
Magnitude Error: 
 -- Sample 0: mean=36.6009%; std=21.5823
 -- Sample 1: mean=30.5834%; std=20.1646
 -- Sample 2: mean=41.7222%; std=24.4840
 -- Sample 3: mean=41.6234%; std=25.0379
 -- Sample 4: mean=36.7458%; std=24.7708
 -- Sample 5: mean=41.9713%; std=26.2247
 -- Sample 6: mean=35.4951%; std=21.8464
 -- Sample 7: mean=32.0473%; std=22.3567
 -- Sample 8: mean=33.0027%; std=23.1978
 -- Sample 9: mean=32.2397%; std=20.0687
 -- Sample 10: mean=38.3832%; std=19.9430
 -- Sample 11: mean=35.8536%; std=18.0986
 -- Sample 12: mean=37.6740%; std=19.2025
 -- Sample 13: mean=36.6721%; std=21.9573
 -- Sample 14: mean=38.9707%; std=28.1580
 -- Sample 15: mean=38.5039%; std=26.0720
 -- Sample 16: mean=40.4595%; std=28.3713
 -- Sample 17: mean=43.3169%; std=28.1376
 -- Sample 18: mean=40.3740%; std=35.3020
 -- Sample 19: mean=38.3569%; std=34.6387
 -- Sample 20: mean=45.5740%; std=43.8508
 -- Sample 21: mean=42.4596%; std=37.6880
 -- Sample 22: mean=80.6718%; std=88.7884
 -- Sample 23: mean=78.4682%; std=82.9567
 -- Sample 24: mean=88.8253%; std=98.0163
Mean: 43.4638%, Std: 14.9957%
------------------------------------------------------------------
Correlation comparison:
 -- Sample 0: 0.9031
 -- Sample 1: 0.9151
 -- Sample 2: 0.8508
 -- Sample 3: 0.8343
 -- Sample 4: 0.8622
 -- Sample 5: 0.8360
 -- Sample 6: 0.8998
 -- Sample 7: 0.9048
 -- Sample 8: 0.9113
 -- Sample 9: 0.9369
 -- Sample 10: 0.9192
 -- Sample 11: 0.9320
 -- Sample 12: 0.9056
 -- Sample 13: 0.9104
 -- Sample 14: 0.8111
 -- Sample 15: 0.8102
 -- Sample 16: 0.8007
 -- Sample 17: 0.7870
 -- Sample 18: 0.8959
 -- Sample 19: 0.8814
 -- Sample 20: 0.8352
 -- Sample 21: 0.8712
 -- Sample 22: 0.7841
 -- Sample 23: 0.7791
 -- Sample 24: 0.7638
Mean=0.8616, Std=0.0527
------------------------------------------------------------------
  Processing Batch 16 (Size: 25)...
Bias Error: using Single Component
Mean: 15.7024, Std: 14.3710
------------------------------------------------------------------
Magnitude Error: 
 -- Sample 0: mean=84.1762%; std=95.2416
 -- Sample 1: mean=43.6791%; std=24.4737
 -- Sample 2: mean=42.7073%; std=23.4469
 -- Sample 3: mean=42.2301%; std=23.1762
 -- Sample 4: mean=41.7434%; std=25.4680
 -- Sample 5: mean=22.0002%; std=15.9110
 -- Sample 6: mean=22.2277%; std=15.9942
 -- Sample 7: mean=25.6753%; std=19.6189
 -- Sample 8: mean=25.2507%; std=17.7202
 -- Sample 9: mean=50.5323%; std=66.2445
 -- Sample 10: mean=49.6633%; std=69.9524
 -- Sample 11: mean=59.4973%; std=88.4177
 -- Sample 12: mean=52.5129%; std=74.1880
 -- Sample 13: mean=36.1091%; std=27.7418
 -- Sample 14: mean=34.3764%; std=30.4126
 -- Sample 15: mean=35.6495%; std=29.0188
 -- Sample 16: mean=28.9078%; std=26.0970
 -- Sample 17: mean=40.1865%; std=30.4764
 -- Sample 18: mean=37.3210%; std=29.6689
 -- Sample 19: mean=36.6596%; std=26.6952
 -- Sample 20: mean=36.5447%; std=24.5247
 -- Sample 21: mean=28.1027%; std=14.7255
 -- Sample 22: mean=33.8521%; std=14.5844
 -- Sample 23: mean=35.3569%; std=13.8147
 -- Sample 24: mean=34.5369%; std=14.5014
Mean: 39.1800%, Std: 12.9877%
------------------------------------------------------------------
Correlation comparison:
 -- Sample 0: 0.7751
 -- Sample 1: 0.7868
 -- Sample 2: 0.7814
 -- Sample 3: 0.7910
 -- Sample 4: 0.7857
 -- Sample 5: 0.9530
 -- Sample 6: 0.9534
 -- Sample 7: 0.9338
 -- Sample 8: 0.9377
 -- Sample 9: 0.9179
 -- Sample 10: 0.9066
 -- Sample 11: 0.8801
 -- Sample 12: 0.9108
 -- Sample 13: 0.9317
 -- Sample 14: 0.9327
 -- Sample 15: 0.9116
 -- Sample 16: 0.9401
 -- Sample 17: 0.8739
 -- Sample 18: 0.8750
 -- Sample 19: 0.8850
 -- Sample 20: 0.8859
 -- Sample 21: 0.9801
 -- Sample 22: 0.9763
 -- Sample 23: 0.9775
 -- Sample 24: 0.9749
Mean=0.8983, Std=0.0651
------------------------------------------------------------------
  Processing Batch 17 (Size: 24)...
Bias Error: using Single Component
Mean: 19.2634, Std: 17.8468
------------------------------------------------------------------
Magnitude Error: 
 -- Sample 0: mean=32.6496%; std=26.3790
 -- Sample 1: mean=32.2586%; std=28.0528
 -- Sample 2: mean=28.2565%; std=26.2650
 -- Sample 3: mean=27.1173%; std=27.5366
 -- Sample 4: mean=17.3428%; std=13.2718
 -- Sample 5: mean=17.6992%; std=14.7093
 -- Sample 6: mean=17.8040%; std=15.2421
 -- Sample 7: mean=19.5911%; std=13.7742
 -- Sample 8: mean=41.9109%; std=15.9087
 -- Sample 9: mean=45.1858%; std=19.5764
 -- Sample 10: mean=43.0238%; std=17.1543
 -- Sample 11: mean=37.4654%; std=17.5217
 -- Sample 12: mean=69.9043%; std=64.4266
 -- Sample 13: mean=68.3801%; std=59.8901
 -- Sample 14: mean=63.7739%; std=53.1262
 -- Sample 15: mean=68.0234%; std=60.4229
 -- Sample 16: mean=37.8187%; std=34.1054
 -- Sample 17: mean=38.6143%; std=37.2461
 -- Sample 18: mean=35.1611%; std=32.1684
 -- Sample 19: mean=38.1362%; std=36.6455
 -- Sample 20: mean=42.8568%; std=24.9672
 -- Sample 21: mean=37.8056%; std=23.3459
 -- Sample 22: mean=43.6153%; std=26.0914
 -- Sample 23: mean=44.4180%; std=25.2265
Mean: 39.5338%, Std: 15.1492%
------------------------------------------------------------------
Correlation comparison:
 -- Sample 0: 0.9228
 -- Sample 1: 0.9444
 -- Sample 2: 0.9494
 -- Sample 3: 0.9459
 -- Sample 4: 0.9686
 -- Sample 5: 0.9635
 -- Sample 6: 0.9627
 -- Sample 7: 0.9648
 -- Sample 8: 0.9093
 -- Sample 9: 0.8870
 -- Sample 10: 0.8877
 -- Sample 11: 0.9215
 -- Sample 12: 0.8671
 -- Sample 13: 0.8630
 -- Sample 14: 0.9027
 -- Sample 15: 0.8704
 -- Sample 16: 0.9160
 -- Sample 17: 0.9213
 -- Sample 18: 0.9321
 -- Sample 19: 0.8907
 -- Sample 20: 0.8919
 -- Sample 21: 0.9089
 -- Sample 22: 0.8558
 -- Sample 23: 0.8402
Mean=0.9120, Std=0.0366
------------------------------------------------------------------

Processing Dataset: Berea Buff
  Processing Batch 1 (Size: 25)...
Bias Error: using Single Component
Mean: 22.6449, Std: 19.3767
------------------------------------------------------------------
Magnitude Error: 
 -- Sample 0: mean=66.2208%; std=47.1249
 -- Sample 1: mean=66.4676%; std=50.8515
 -- Sample 2: mean=71.6121%; std=50.8799
 -- Sample 3: mean=81.0285%; std=55.3190
 -- Sample 4: mean=31.7326%; std=27.4571
 -- Sample 5: mean=35.1760%; std=29.0397
 -- Sample 6: mean=33.6340%; std=30.2420
 -- Sample 7: mean=38.7797%; std=29.7978
 -- Sample 8: mean=24.3676%; std=17.3661
 -- Sample 9: mean=27.2828%; std=18.6185
 -- Sample 10: mean=28.1316%; std=18.3180
 -- Sample 11: mean=28.6862%; std=17.5903
 -- Sample 12: mean=22.3535%; std=14.7447
 -- Sample 13: mean=26.1963%; std=19.2534
 -- Sample 14: mean=23.0870%; std=17.8493
 -- Sample 15: mean=23.2653%; std=16.1950
 -- Sample 16: mean=29.7316%; std=19.4366
 -- Sample 17: mean=31.1530%; std=18.0654
 -- Sample 18: mean=29.8921%; std=18.0142
 -- Sample 19: mean=28.9783%; std=18.7704
 -- Sample 20: mean=55.5038%; std=32.1554
 -- Sample 21: mean=52.0120%; std=31.6936
 -- Sample 22: mean=60.5553%; std=36.5183
 -- Sample 23: mean=54.6509%; std=31.2365
 -- Sample 24: mean=31.6946%; std=22.0610
Mean: 40.0877%, Std: 17.2573%
------------------------------------------------------------------
Correlation comparison:
 -- Sample 0: 0.8840
 -- Sample 1: 0.8850
 -- Sample 2: 0.8945
 -- Sample 3: 0.8699
 -- Sample 4: 0.9099
 -- Sample 5: 0.9050
 -- Sample 6: 0.9059
 -- Sample 7: 0.8753
 -- Sample 8: 0.9738
 -- Sample 9: 0.9637
 -- Sample 10: 0.9572
 -- Sample 11: 0.9651
 -- Sample 12: 0.9480
 -- Sample 13: 0.9032
 -- Sample 14: 0.9294
 -- Sample 15: 0.9444
 -- Sample 16: 0.9114
 -- Sample 17: 0.9167
 -- Sample 18: 0.9095
 -- Sample 19: 0.9252
 -- Sample 20: 0.8240
 -- Sample 21: 0.8158
 -- Sample 22: 0.8099
 -- Sample 23: 0.8126
 -- Sample 24: 0.9124
Mean=0.9021, Std=0.0465
------------------------------------------------------------------
  Processing Batch 2 (Size: 25)...
Bias Error: using Single Component
Mean: 29.9827, Std: 29.5031
------------------------------------------------------------------
Magnitude Error: 
 -- Sample 0: mean=34.5925%; std=23.1034
 -- Sample 1: mean=31.1631%; std=22.9420
 -- Sample 2: mean=28.9474%; std=21.1572
 -- Sample 3: mean=60.5604%; std=31.7541
 -- Sample 4: mean=55.0342%; std=33.7461
 -- Sample 5: mean=63.2350%; std=36.6096
 -- Sample 6: mean=64.9152%; std=38.2330
 -- Sample 7: mean=175.1223%; std=193.1515
 -- Sample 8: mean=171.5550%; std=182.5778
 -- Sample 9: mean=155.1528%; std=200.4842
 -- Sample 10: mean=176.9792%; std=216.6485
 -- Sample 11: mean=51.1554%; std=31.4702
 -- Sample 12: mean=52.3728%; std=32.0632
 -- Sample 13: mean=49.1230%; std=33.3512
 -- Sample 14: mean=50.2965%; std=30.7590
 -- Sample 15: mean=42.3295%; std=17.8218
 -- Sample 16: mean=39.3618%; std=20.1689
 -- Sample 17: mean=40.8242%; std=21.4767
 -- Sample 18: mean=43.2679%; std=20.0477
 -- Sample 19: mean=39.3364%; std=16.6629
 -- Sample 20: mean=36.2170%; std=18.4711
 -- Sample 21: mean=33.0793%; std=21.5847
 -- Sample 22: mean=31.9253%; std=18.9879
 -- Sample 23: mean=52.4192%; std=56.7706
 -- Sample 24: mean=44.9019%; std=56.0281
Mean: 64.9547%, Std: 46.8396%
------------------------------------------------------------------
Correlation comparison:
 -- Sample 0: 0.9049
 -- Sample 1: 0.9196
 -- Sample 2: 0.9201
 -- Sample 3: 0.7741
 -- Sample 4: 0.8175
 -- Sample 5: 0.7583
 -- Sample 6: 0.7412
 -- Sample 7: 0.4371
 -- Sample 8: 0.4422
 -- Sample 9: 0.4498
 -- Sample 10: 0.4026
 -- Sample 11: 0.8100
 -- Sample 12: 0.8011
 -- Sample 13: 0.8154
 -- Sample 14: 0.8275
 -- Sample 15: 0.9501
 -- Sample 16: 0.9415
 -- Sample 17: 0.9465
 -- Sample 18: 0.9516
 -- Sample 19: 0.9313
 -- Sample 20: 0.9223
 -- Sample 21: 0.9125
 -- Sample 22: 0.9345
 -- Sample 23: 0.8817
 -- Sample 24: 0.8867
Mean=0.8032, Std=0.1733
------------------------------------------------------------------
  Processing Batch 3 (Size: 25)...
Bias Error: using Single Component
Mean: 17.5177, Std: 12.4373
------------------------------------------------------------------
Magnitude Error: 
 -- Sample 0: mean=55.0308%; std=73.0982
 -- Sample 1: mean=54.0762%; std=65.1056
 -- Sample 2: mean=26.3486%; std=16.6254
 -- Sample 3: mean=24.6364%; std=16.3729
 -- Sample 4: mean=24.8736%; std=19.1809
 -- Sample 5: mean=26.7771%; std=18.3253
 -- Sample 6: mean=61.6837%; std=70.1338
 -- Sample 7: mean=61.5111%; std=86.6996
 -- Sample 8: mean=66.8794%; std=92.7038
 -- Sample 9: mean=82.4879%; std=94.0879
 -- Sample 10: mean=41.4240%; std=24.4969
 -- Sample 11: mean=47.6835%; std=27.0754
 -- Sample 12: mean=51.1292%; std=27.3798
 -- Sample 13: mean=53.7374%; std=34.7073
 -- Sample 14: mean=31.5038%; std=18.1564
 -- Sample 15: mean=32.2862%; std=22.3937
 -- Sample 16: mean=25.0332%; std=18.4799
 -- Sample 17: mean=26.4338%; std=19.9493
 -- Sample 18: mean=17.8344%; std=12.8659
 -- Sample 19: mean=17.7670%; std=12.1965
 -- Sample 20: mean=17.9693%; std=12.7315
 -- Sample 21: mean=21.0620%; std=14.1093
 -- Sample 22: mean=45.7677%; std=18.2096
 -- Sample 23: mean=43.9893%; std=19.9399
 -- Sample 24: mean=43.8831%; std=18.3343
Mean: 40.0723%, Std: 17.3411%
------------------------------------------------------------------
Correlation comparison:
 -- Sample 0: 0.8655
 -- Sample 1: 0.8699
 -- Sample 2: 0.9569
 -- Sample 3: 0.9700
 -- Sample 4: 0.9621
 -- Sample 5: 0.9564
 -- Sample 6: 0.7726
 -- Sample 7: 0.7705
 -- Sample 8: 0.7496
 -- Sample 9: 0.7070
 -- Sample 10: 0.8373
 -- Sample 11: 0.7645
 -- Sample 12: 0.7620
 -- Sample 13: 0.7916
 -- Sample 14: 0.9525
 -- Sample 15: 0.8953
 -- Sample 16: 0.9518
 -- Sample 17: 0.9466
 -- Sample 18: 0.9606
 -- Sample 19: 0.9708
 -- Sample 20: 0.9648
 -- Sample 21: 0.9565
 -- Sample 22: 0.9024
 -- Sample 23: 0.9127
 -- Sample 24: 0.9397
Mean=0.8836, Std=0.0853
------------------------------------------------------------------
  Processing Batch 4 (Size: 25)...
Bias Error: using Single Component
Mean: 20.5359, Std: 16.5962
------------------------------------------------------------------
Magnitude Error: 
 -- Sample 0: mean=41.5813%; std=18.4674
 -- Sample 1: mean=36.4579%; std=23.7614
 -- Sample 2: mean=35.2193%; std=22.5654
 -- Sample 3: mean=33.3689%; std=23.2308
 -- Sample 4: mean=36.0329%; std=26.1409
 -- Sample 5: mean=45.9924%; std=31.6449
 -- Sample 6: mean=43.9957%; std=29.8514
 -- Sample 7: mean=37.7573%; std=23.8588
 -- Sample 8: mean=42.6117%; std=29.6651
 -- Sample 9: mean=63.4254%; std=66.2640
 -- Sample 10: mean=62.6014%; std=61.9300
 -- Sample 11: mean=74.5108%; std=51.1448
 -- Sample 12: mean=71.6351%; std=55.1744
 -- Sample 13: mean=28.1283%; std=17.9951
 -- Sample 14: mean=31.1685%; std=21.2015
 -- Sample 15: mean=28.5349%; std=20.7316
 -- Sample 16: mean=26.2360%; std=19.1400
 -- Sample 17: mean=59.1134%; std=67.4039
 -- Sample 18: mean=73.5572%; std=75.5166
 -- Sample 19: mean=68.7703%; std=66.3121
 -- Sample 20: mean=73.9605%; std=80.2147
 -- Sample 21: mean=22.6670%; std=20.6919
 -- Sample 22: mean=22.8230%; std=18.9028
 -- Sample 23: mean=21.8730%; std=18.2876
 -- Sample 24: mean=21.9933%; std=18.1170
Mean: 44.1606%, Std: 18.1555%
------------------------------------------------------------------
Correlation comparison:
 -- Sample 0: 0.9192
 -- Sample 1: 0.9078
 -- Sample 2: 0.9091
 -- Sample 3: 0.9129
 -- Sample 4: 0.9108
 -- Sample 5: 0.8467
 -- Sample 6: 0.8762
 -- Sample 7: 0.8761
 -- Sample 8: 0.8518
 -- Sample 9: 0.8487
 -- Sample 10: 0.8572
 -- Sample 11: 0.8845
 -- Sample 12: 0.8680
 -- Sample 13: 0.9221
 -- Sample 14: 0.9134
 -- Sample 15: 0.9187
 -- Sample 16: 0.9309
 -- Sample 17: 0.8058
 -- Sample 18: 0.7972
 -- Sample 19: 0.7919
 -- Sample 20: 0.7346
 -- Sample 21: 0.9520
 -- Sample 22: 0.9593
 -- Sample 23: 0.9582
 -- Sample 24: 0.9518
Mean=0.8842, Std=0.0563
------------------------------------------------------------------
  Processing Batch 5 (Size: 25)...
Bias Error: using Single Component
Mean: 24.3892, Std: 17.0628
------------------------------------------------------------------
Magnitude Error: 
 -- Sample 0: mean=48.4617%; std=16.8460
 -- Sample 1: mean=45.1960%; std=17.6764
 -- Sample 2: mean=44.5726%; std=16.5285
 -- Sample 3: mean=47.3980%; std=15.3674
 -- Sample 4: mean=39.0230%; std=36.4846
 -- Sample 5: mean=39.0475%; std=33.8452
 -- Sample 6: mean=37.5056%; std=34.6904
 -- Sample 7: mean=32.0229%; std=35.9113
 -- Sample 8: mean=44.4772%; std=26.6038
 -- Sample 9: mean=47.4797%; std=27.2046
 -- Sample 10: mean=41.9522%; std=27.5909
 -- Sample 11: mean=44.3907%; std=26.3487
 -- Sample 12: mean=52.0669%; std=21.3178
 -- Sample 13: mean=50.9968%; std=19.5330
 -- Sample 14: mean=50.6128%; std=20.6995
 -- Sample 15: mean=52.1216%; std=20.3354
 -- Sample 16: mean=49.4974%; std=34.8584
 -- Sample 17: mean=46.2009%; std=28.1862
 -- Sample 18: mean=46.0849%; std=25.5246
 -- Sample 19: mean=44.0823%; std=26.5229
 -- Sample 20: mean=64.7915%; std=77.9099
 -- Sample 21: mean=65.0191%; std=79.5535
 -- Sample 22: mean=57.7143%; std=52.1986
 -- Sample 23: mean=74.0498%; std=89.7098
 -- Sample 24: mean=26.1002%; std=14.9545
Mean: 47.6346%, Std: 10.0065%
------------------------------------------------------------------
Correlation comparison:
 -- Sample 0: 0.9317
 -- Sample 1: 0.9326
 -- Sample 2: 0.9271
 -- Sample 3: 0.9298
 -- Sample 4: 0.8621
 -- Sample 5: 0.8578
 -- Sample 6: 0.8780
 -- Sample 7: 0.9048
 -- Sample 8: 0.8153
 -- Sample 9: 0.8143
 -- Sample 10: 0.8667
 -- Sample 11: 0.8455
 -- Sample 12: 0.9301
 -- Sample 13: 0.9434
 -- Sample 14: 0.9395
 -- Sample 15: 0.9371
 -- Sample 16: 0.7490
 -- Sample 17: 0.7880
 -- Sample 18: 0.7919
 -- Sample 19: 0.8084
 -- Sample 20: 0.5445
 -- Sample 21: 0.5011
 -- Sample 22: 0.4622
 -- Sample 23: 0.4484
 -- Sample 24: 0.9668
Mean=0.8150, Std=0.1539
------------------------------------------------------------------
  Processing Batch 6 (Size: 25)...
Bias Error: using Single Component
Mean: 35.1451, Std: 30.6581
------------------------------------------------------------------
Magnitude Error: 
 -- Sample 0: mean=25.4503%; std=14.8223
 -- Sample 1: mean=23.0135%; std=15.5208
 -- Sample 2: mean=21.8907%; std=12.6137
 -- Sample 3: mean=152.0471%; std=134.0735
 -- Sample 4: mean=119.6103%; std=121.0242
 -- Sample 5: mean=143.1781%; std=121.7430
 -- Sample 6: mean=151.9608%; std=128.1927
 -- Sample 7: mean=33.4904%; std=33.4717
 -- Sample 8: mean=35.4918%; std=38.1234
 -- Sample 9: mean=48.9310%; std=43.7057
 -- Sample 10: mean=32.1117%; std=33.9485
 -- Sample 11: mean=31.6620%; std=15.7463
 -- Sample 12: mean=35.1700%; std=13.9226
 -- Sample 13: mean=33.1479%; std=16.4011
 -- Sample 14: mean=36.0124%; std=15.2908
 -- Sample 15: mean=35.1349%; std=30.4889
 -- Sample 16: mean=31.5533%; std=28.4927
 -- Sample 17: mean=43.8261%; std=38.0851
 -- Sample 18: mean=35.4253%; std=31.4899
 -- Sample 19: mean=29.2248%; std=23.4609
 -- Sample 20: mean=30.5857%; std=22.2753
 -- Sample 21: mean=30.7078%; std=21.8546
 -- Sample 22: mean=37.7736%; std=28.4132
 -- Sample 23: mean=53.8092%; std=45.5122
 -- Sample 24: mean=52.0499%; std=43.0596
Mean: 52.1303%, Std: 40.1725%
------------------------------------------------------------------
Correlation comparison:
 -- Sample 0: 0.9700
 -- Sample 1: 0.9685
 -- Sample 2: 0.9748
 -- Sample 3: 0.6180
 -- Sample 4: 0.5406
 -- Sample 5: 0.5458
 -- Sample 6: 0.6188
 -- Sample 7: 0.9242
 -- Sample 8: 0.9300
 -- Sample 9: 0.9309
 -- Sample 10: 0.9096
 -- Sample 11: 0.9745
 -- Sample 12: 0.9773
 -- Sample 13: 0.9623
 -- Sample 14: 0.9737
 -- Sample 15: 0.9184
 -- Sample 16: 0.9053
 -- Sample 17: 0.8629
 -- Sample 18: 0.9081
 -- Sample 19: 0.8997
 -- Sample 20: 0.8762
 -- Sample 21: 0.8796
 -- Sample 22: 0.8677
 -- Sample 23: 0.8206
 -- Sample 24: 0.8382
Mean=0.8638, Std=0.1316
------------------------------------------------------------------
  Processing Batch 7 (Size: 25)...
Bias Error: using Single Component
Mean: 26.0383, Std: 20.4288
------------------------------------------------------------------
Magnitude Error: 
 -- Sample 0: mean=53.9499%; std=46.6812
 -- Sample 1: mean=55.8055%; std=49.5925
 -- Sample 2: mean=43.9366%; std=30.5847
 -- Sample 3: mean=41.8089%; std=29.6596
 -- Sample 4: mean=40.1608%; std=33.4536
 -- Sample 5: mean=42.0436%; std=34.7486
 -- Sample 6: mean=25.3672%; std=17.8290
 -- Sample 7: mean=22.1736%; std=16.6793
 -- Sample 8: mean=27.4583%; std=21.5334
 -- Sample 9: mean=23.3954%; std=17.7037
 -- Sample 10: mean=43.5281%; std=42.6904
 -- Sample 11: mean=47.1312%; std=45.1297
 -- Sample 12: mean=48.5576%; std=45.1077
 -- Sample 13: mean=40.0871%; std=38.5394
 -- Sample 14: mean=30.0866%; std=21.6904
 -- Sample 15: mean=31.0250%; std=21.7681
 -- Sample 16: mean=26.8902%; std=19.5655
 -- Sample 17: mean=30.7785%; std=20.9097
 -- Sample 18: mean=85.5374%; std=88.8260
 -- Sample 19: mean=82.7586%; std=92.0064
 -- Sample 20: mean=83.5742%; std=96.2202
 -- Sample 21: mean=68.0255%; std=74.5258
 -- Sample 22: mean=21.0175%; std=14.7483
 -- Sample 23: mean=22.8545%; std=14.3200
 -- Sample 24: mean=28.0829%; std=16.7253
Mean: 42.6414%, Std: 19.1964%
------------------------------------------------------------------
Correlation comparison:
 -- Sample 0: 0.8504
 -- Sample 1: 0.8285
 -- Sample 2: 0.9071
 -- Sample 3: 0.9166
 -- Sample 4: 0.9265
 -- Sample 5: 0.9185
 -- Sample 6: 0.9390
 -- Sample 7: 0.9518
 -- Sample 8: 0.9236
 -- Sample 9: 0.9454
 -- Sample 10: 0.8905
 -- Sample 11: 0.8805
 -- Sample 12: 0.8550
 -- Sample 13: 0.8811
 -- Sample 14: 0.9138
 -- Sample 15: 0.9089
 -- Sample 16: 0.9245
 -- Sample 17: 0.9016
 -- Sample 18: 0.7430
 -- Sample 19: 0.7374
 -- Sample 20: 0.7162
 -- Sample 21: 0.7407
 -- Sample 22: 0.9742
 -- Sample 23: 0.9810
 -- Sample 24: 0.9669
Mean=0.8849, Std=0.0750
------------------------------------------------------------------
  Processing Batch 8 (Size: 25)...
Bias Error: using Single Component
Mean: 23.0608, Std: 12.8517
------------------------------------------------------------------
Magnitude Error: 
 -- Sample 0: mean=25.5824%; std=18.9145
 -- Sample 1: mean=69.7682%; std=53.6570
 -- Sample 2: mean=85.2929%; std=68.8378
 -- Sample 3: mean=72.7914%; std=56.4103
 -- Sample 4: mean=71.7612%; std=53.1177
 -- Sample 5: mean=29.1164%; std=17.2736
 -- Sample 6: mean=31.9379%; std=17.3760
 -- Sample 7: mean=34.5833%; std=17.6325
 -- Sample 8: mean=36.1744%; std=18.0265
 -- Sample 9: mean=32.8635%; std=19.5355
 -- Sample 10: mean=41.2523%; std=28.0414
 -- Sample 11: mean=32.1992%; std=25.2171
 -- Sample 12: mean=33.4990%; std=27.4075
 -- Sample 13: mean=26.9539%; std=18.3026
 -- Sample 14: mean=28.8981%; std=20.2297
 -- Sample 15: mean=27.3498%; std=18.6261
 -- Sample 16: mean=29.7895%; std=18.4142
 -- Sample 17: mean=34.9040%; std=20.0568
 -- Sample 18: mean=37.4532%; std=20.0511
 -- Sample 19: mean=34.4881%; std=19.4714
 -- Sample 20: mean=33.3563%; std=18.8780
 -- Sample 21: mean=27.4634%; std=32.1879
 -- Sample 22: mean=33.2684%; std=31.3924
 -- Sample 23: mean=27.5433%; std=24.0452
 -- Sample 24: mean=26.1021%; std=26.7795
Mean: 38.5757%, Std: 16.4649%
------------------------------------------------------------------
Correlation comparison:
 -- Sample 0: 0.9601
 -- Sample 1: 0.8591
 -- Sample 2: 0.8264
 -- Sample 3: 0.8390
 -- Sample 4: 0.8158
 -- Sample 5: 0.9621
 -- Sample 6: 0.9645
 -- Sample 7: 0.9551
 -- Sample 8: 0.9547
 -- Sample 9: 0.9042
 -- Sample 10: 0.8115
 -- Sample 11: 0.8666
 -- Sample 12: 0.8547
 -- Sample 13: 0.9296
 -- Sample 14: 0.9107
 -- Sample 15: 0.9294
 -- Sample 16: 0.9354
 -- Sample 17: 0.9153
 -- Sample 18: 0.9116
 -- Sample 19: 0.9253
 -- Sample 20: 0.9162
 -- Sample 21: 0.9107
 -- Sample 22: 0.8962
 -- Sample 23: 0.9367
 -- Sample 24: 0.9375
Mean=0.9051, Std=0.0461
------------------------------------------------------------------
  Processing Batch 9 (Size: 8)...
Bias Error: using Single Component
Mean: 7.7907, Std: 5.6552
------------------------------------------------------------------
Magnitude Error: 
 -- Sample 0: mean=29.1532%; std=22.7727
 -- Sample 1: mean=33.2878%; std=26.0984
 -- Sample 2: mean=31.9421%; std=27.1032
 -- Sample 3: mean=32.7681%; std=25.2236
 -- Sample 4: mean=19.6702%; std=15.3888
 -- Sample 5: mean=25.0070%; std=14.2326
 -- Sample 6: mean=32.0441%; std=16.8555
 -- Sample 7: mean=24.2828%; std=15.5513
Mean: 28.5194%, Std: 4.6626%
------------------------------------------------------------------
Correlation comparison:
 -- Sample 0: 0.9375
 -- Sample 1: 0.9244
 -- Sample 2: 0.9159
 -- Sample 3: 0.9127
 -- Sample 4: 0.9569
 -- Sample 5: 0.9637
 -- Sample 6: 0.9114
 -- Sample 7: 0.9553
Mean=0.9347, Std=0.0202
------------------------------------------------------------------

Processing Dataset: Leopard
  Processing Batch 1 (Size: 25)...
Bias Error: using Single Component
Mean: 100.2081, Std: 146.3462
------------------------------------------------------------------
Magnitude Error: 
 -- Sample 0: mean=27.5088%; std=19.7442
 -- Sample 1: mean=21.0941%; std=16.2271
 -- Sample 2: mean=27.2975%; std=18.8243
 -- Sample 3: mean=35.9460%; std=18.4296
 -- Sample 4: mean=30.0341%; std=22.7220
 -- Sample 5: mean=30.2752%; std=21.1929
 -- Sample 6: mean=31.3770%; std=22.9456
 -- Sample 7: mean=34.0438%; std=23.3329
 -- Sample 8: mean=492.0824%; std=556.9665
 -- Sample 9: mean=527.9617%; std=585.1266
 -- Sample 10: mean=527.7894%; std=553.5362
 -- Sample 11: mean=432.7578%; std=494.8039
 -- Sample 12: mean=153.1816%; std=137.9091
 -- Sample 13: mean=128.9400%; std=113.4207
 -- Sample 14: mean=149.3525%; std=122.4644
 -- Sample 15: mean=185.9913%; std=167.9939
 -- Sample 16: mean=58.9110%; std=50.2390
 -- Sample 17: mean=58.2871%; std=48.9648
 -- Sample 18: mean=66.6713%; std=48.6654
 -- Sample 19: mean=65.4178%; std=51.2803
 -- Sample 20: mean=75.0254%; std=78.0390
 -- Sample 21: mean=69.1607%; std=70.0897
 -- Sample 22: mean=77.1703%; std=88.0333
 -- Sample 23: mean=82.3311%; std=91.1615
 -- Sample 24: mean=36.3555%; std=22.9915
Mean: 136.9985%, Std: 162.6978%
------------------------------------------------------------------
Correlation comparison:
 -- Sample 0: 0.8827
 -- Sample 1: 0.8920
 -- Sample 2: 0.8480
 -- Sample 3: 0.8093
 -- Sample 4: 0.9314
 -- Sample 5: 0.9337
 -- Sample 6: 0.9152
 -- Sample 7: 0.9122
 -- Sample 8: 0.2918
 -- Sample 9: 0.2838
 -- Sample 10: 0.2928
 -- Sample 11: 0.3167
 -- Sample 12: 0.5805
 -- Sample 13: 0.6028
 -- Sample 14: 0.5947
 -- Sample 15: 0.5666
 -- Sample 16: 0.8451
 -- Sample 17: 0.8381
 -- Sample 18: 0.8592
 -- Sample 19: 0.8478
 -- Sample 20: 0.7826
 -- Sample 21: 0.8311
 -- Sample 22: 0.7786
 -- Sample 23: 0.7572
 -- Sample 24: 0.8705
Mean=0.7226, Std=0.2141
------------------------------------------------------------------
  Processing Batch 2 (Size: 25)...
Bias Error: using Single Component
Mean: 95.6757, Std: 236.8458
------------------------------------------------------------------
Magnitude Error: 
 -- Sample 0: mean=35.1885%; std=23.8045
 -- Sample 1: mean=30.4645%; std=24.8032
 -- Sample 2: mean=34.7912%; std=22.1156
 -- Sample 3: mean=25.9603%; std=23.7309
 -- Sample 4: mean=32.2691%; std=22.8695
 -- Sample 5: mean=29.7738%; std=22.1389
 -- Sample 6: mean=26.4424%; std=20.7093
 -- Sample 7: mean=44.2177%; std=21.6255
 -- Sample 8: mean=40.5498%; std=23.1532
 -- Sample 9: mean=40.1816%; std=24.9369
 -- Sample 10: mean=44.9808%; std=23.7567
 -- Sample 11: mean=33.6387%; std=23.5032
 -- Sample 12: mean=30.4660%; std=21.5443
 -- Sample 13: mean=30.4056%; std=23.1664
 -- Sample 14: mean=32.1416%; std=22.6624
 -- Sample 15: mean=63.9838%; std=63.8113
 -- Sample 16: mean=59.8152%; std=62.5403
 -- Sample 17: mean=59.6092%; std=68.1123
 -- Sample 18: mean=61.1676%; std=70.0003
 -- Sample 19: mean=104.6863%; std=102.0573
 -- Sample 20: mean=90.8195%; std=79.3825
 -- Sample 21: mean=96.0189%; std=90.5658
 -- Sample 22: mean=102.5562%; std=102.1407
 -- Sample 23: mean=882.1176%; std=1219.8120
 -- Sample 24: mean=727.8569%; std=895.8870
Mean: 110.4041%, Std: 207.3667%
------------------------------------------------------------------
Correlation comparison:
 -- Sample 0: 0.8915
 -- Sample 1: 0.9162
 -- Sample 2: 0.8982
 -- Sample 3: 0.9742
 -- Sample 4: 0.9757
 -- Sample 5: 0.9760
 -- Sample 6: 0.9759
 -- Sample 7: 0.9062
 -- Sample 8: 0.8953
 -- Sample 9: 0.9058
 -- Sample 10: 0.8644
 -- Sample 11: 0.9713
 -- Sample 12: 0.9663
 -- Sample 13: 0.9733
 -- Sample 14: 0.9704
 -- Sample 15: 0.7808
 -- Sample 16: 0.8185
 -- Sample 17: 0.7874
 -- Sample 18: 0.7570
 -- Sample 19: 0.5836
 -- Sample 20: 0.6059
 -- Sample 21: 0.5747
 -- Sample 22: 0.5916
 -- Sample 23: 0.1075
 -- Sample 24: 0.0769
Mean=0.7898, Std=0.2439
------------------------------------------------------------------
  Processing Batch 3 (Size: 25)...
Bias Error: using Single Component
Mean: 138.0176, Std: 244.1298
------------------------------------------------------------------
Magnitude Error: 
 -- Sample 0: mean=754.6418%; std=992.4361
 -- Sample 1: mean=731.3083%; std=967.1212
 -- Sample 2: mean=25.8579%; std=17.4784
 -- Sample 3: mean=26.7742%; std=17.1167
 -- Sample 4: mean=29.9147%; std=16.6113
 -- Sample 5: mean=29.2466%; std=16.8972
 -- Sample 6: mean=23.2447%; std=12.2848
 -- Sample 7: mean=25.1554%; std=14.4351
 -- Sample 8: mean=22.5874%; std=12.0302
 -- Sample 9: mean=19.9740%; std=10.2140
 -- Sample 10: mean=242.4011%; std=232.8634
 -- Sample 11: mean=245.6656%; std=283.2121
 -- Sample 12: mean=312.2584%; std=325.3597
 -- Sample 13: mean=266.9801%; std=309.5592
 -- Sample 14: mean=31.2003%; std=20.9693
 -- Sample 15: mean=30.2340%; std=22.6893
 -- Sample 16: mean=32.2522%; std=22.4121
 -- Sample 17: mean=31.1948%; std=20.6649
 -- Sample 18: mean=69.0966%; std=82.8742
 -- Sample 19: mean=61.8636%; std=72.0850
 -- Sample 20: mean=60.1356%; std=79.6442
 -- Sample 21: mean=54.8275%; std=67.0146
 -- Sample 22: mean=32.0189%; std=22.6290
 -- Sample 23: mean=28.8323%; std=22.2673
 -- Sample 24: mean=31.2589%; std=21.2016
Mean: 128.7570%, Std: 200.4901%
------------------------------------------------------------------
Correlation comparison:
 -- Sample 0: 0.0654
 -- Sample 1: 0.0712
 -- Sample 2: 0.9653
 -- Sample 3: 0.9658
 -- Sample 4: 0.9730
 -- Sample 5: 0.9672
 -- Sample 6: 0.9790
 -- Sample 7: 0.9762
 -- Sample 8: 0.9830
 -- Sample 9: 0.9885
 -- Sample 10: 0.3672
 -- Sample 11: 0.3174
 -- Sample 12: 0.2806
 -- Sample 13: 0.3700
 -- Sample 14: 0.9588
 -- Sample 15: 0.9590
 -- Sample 16: 0.9581
 -- Sample 17: 0.9524
 -- Sample 18: 0.7511
 -- Sample 19: 0.7583
 -- Sample 20: 0.7213
 -- Sample 21: 0.7811
 -- Sample 22: 0.9360
 -- Sample 23: 0.9331
 -- Sample 24: 0.9393
Mean=0.7567, Std=0.3039
------------------------------------------------------------------
  Processing Batch 4 (Size: 25)...
Bias Error: using Single Component
Mean: 34.6618, Std: 32.3226
------------------------------------------------------------------
Magnitude Error: 
 -- Sample 0: mean=32.2651%; std=20.9880
 -- Sample 1: mean=148.4100%; std=202.1762
 -- Sample 2: mean=149.4706%; std=213.0622
 -- Sample 3: mean=125.7695%; std=206.3771
 -- Sample 4: mean=149.6169%; std=227.7002
 -- Sample 5: mean=57.3400%; std=15.2634
 -- Sample 6: mean=55.1831%; std=15.2305
 -- Sample 7: mean=57.2922%; std=16.5818
 -- Sample 8: mean=55.9810%; std=19.1629
 -- Sample 9: mean=39.3884%; std=20.5472
 -- Sample 10: mean=40.0840%; std=18.3679
 -- Sample 11: mean=40.6857%; std=18.9221
 -- Sample 12: mean=37.9404%; std=22.0908
 -- Sample 13: mean=69.5877%; std=40.4284
 -- Sample 14: mean=65.8575%; std=37.4301
 -- Sample 15: mean=64.1435%; std=34.3475
 -- Sample 16: mean=61.0929%; std=29.1274
 -- Sample 17: mean=75.0929%; std=57.1117
 -- Sample 18: mean=72.0262%; std=58.0790
 -- Sample 19: mean=61.3110%; std=45.4034
 -- Sample 20: mean=64.4617%; std=49.8792
 -- Sample 21: mean=65.4249%; std=53.9098
 -- Sample 22: mean=75.4595%; std=57.3822
 -- Sample 23: mean=62.1248%; std=47.9237
 -- Sample 24: mean=71.2735%; std=56.8893
Mean: 71.8913%, Std: 33.5177%
------------------------------------------------------------------
Correlation comparison:
 -- Sample 0: 0.9455
 -- Sample 1: 0.6845
 -- Sample 2: 0.6337
 -- Sample 3: 0.6871
 -- Sample 4: 0.6663
 -- Sample 5: 0.9182
 -- Sample 6: 0.9279
 -- Sample 7: 0.9087
 -- Sample 8: 0.8884
 -- Sample 9: 0.8331
 -- Sample 10: 0.8491
 -- Sample 11: 0.8472
 -- Sample 12: 0.8454
 -- Sample 13: 0.8069
 -- Sample 14: 0.8177
 -- Sample 15: 0.8022
 -- Sample 16: 0.8103
 -- Sample 17: 0.6733
 -- Sample 18: 0.6680
 -- Sample 19: 0.7290
 -- Sample 20: 0.7228
 -- Sample 21: 0.7539
 -- Sample 22: 0.7014
 -- Sample 23: 0.7460
 -- Sample 24: 0.6966
Mean=0.7825, Std=0.0924
------------------------------------------------------------------
  Processing Batch 5 (Size: 25)...
Bias Error: using Single Component
Mean: 42.4042, Std: 31.0448
------------------------------------------------------------------
Magnitude Error: 
 -- Sample 0: mean=30.7840%; std=23.2166
 -- Sample 1: mean=28.1743%; std=21.8386
 -- Sample 2: mean=35.7024%; std=28.0360
 -- Sample 3: mean=35.3566%; std=28.1003
 -- Sample 4: mean=164.4606%; std=158.3603
 -- Sample 5: mean=142.3986%; std=145.2613
 -- Sample 6: mean=127.4867%; std=118.3727
 -- Sample 7: mean=122.8323%; std=118.8683
 -- Sample 8: mean=109.2342%; std=113.8771
 -- Sample 9: mean=84.6236%; std=83.0610
 -- Sample 10: mean=96.5406%; std=86.1158
 -- Sample 11: mean=85.6340%; std=82.4242
 -- Sample 12: mean=94.8767%; std=77.9454
 -- Sample 13: mean=101.0706%; std=83.1022
 -- Sample 14: mean=108.7511%; std=89.0587
 -- Sample 15: mean=127.2793%; std=95.9637
 -- Sample 16: mean=35.4331%; std=26.2531
 -- Sample 17: mean=26.5716%; std=21.2490
 -- Sample 18: mean=32.4490%; std=22.7122
 -- Sample 19: mean=32.1936%; std=22.2227
 -- Sample 20: mean=24.6193%; std=18.8321
 -- Sample 21: mean=25.3038%; std=19.4957
 -- Sample 22: mean=29.6563%; std=21.0963
 -- Sample 23: mean=28.9905%; std=19.9828
 -- Sample 24: mean=117.4591%; std=95.3959
Mean: 73.9153%, Std: 44.7879%
------------------------------------------------------------------
Correlation comparison:
 -- Sample 0: 0.9508
 -- Sample 1: 0.9617
 -- Sample 2: 0.9480
 -- Sample 3: 0.9492
 -- Sample 4: 0.6273
 -- Sample 5: 0.6954
 -- Sample 6: 0.7061
 -- Sample 7: 0.6691
 -- Sample 8: 0.7919
 -- Sample 9: 0.8586
 -- Sample 10: 0.8470
 -- Sample 11: 0.8497
 -- Sample 12: 0.6145
 -- Sample 13: 0.5375
 -- Sample 14: 0.5995
 -- Sample 15: 0.5496
 -- Sample 16: 0.9156
 -- Sample 17: 0.9293
 -- Sample 18: 0.9214
 -- Sample 19: 0.9251
 -- Sample 20: 0.9560
 -- Sample 21: 0.9501
 -- Sample 22: 0.9355
 -- Sample 23: 0.9540
 -- Sample 24: 0.6527
Mean=0.8118, Std=0.1472
------------------------------------------------------------------
  Processing Batch 6 (Size: 25)...
Bias Error: using Single Component
Mean: 32.1733, Std: 26.7960
------------------------------------------------------------------
Magnitude Error: 
 -- Sample 0: mean=137.6664%; std=125.6885
 -- Sample 1: mean=147.0456%; std=134.8006
 -- Sample 2: mean=98.6080%; std=90.2322
 -- Sample 3: mean=45.9765%; std=27.0706
 -- Sample 4: mean=51.4539%; std=29.8291
 -- Sample 5: mean=50.9933%; std=29.1844
 -- Sample 6: mean=51.8512%; std=29.9261
 -- Sample 7: mean=29.9132%; std=20.6871
 -- Sample 8: mean=33.8167%; std=17.0971
 -- Sample 9: mean=28.5395%; std=19.2489
 -- Sample 10: mean=33.2659%; std=21.4220
 -- Sample 11: mean=85.7726%; std=86.9775
 -- Sample 12: mean=78.0241%; std=85.6479
 -- Sample 13: mean=83.1270%; std=90.6811
 -- Sample 14: mean=88.4362%; std=94.9805
 -- Sample 15: mean=44.0879%; std=22.2575
 -- Sample 16: mean=48.6701%; std=25.2260
 -- Sample 17: mean=50.2029%; std=23.4249
 -- Sample 18: mean=45.6365%; std=21.3418
 -- Sample 19: mean=32.2894%; std=29.6616
 -- Sample 20: mean=32.3536%; std=26.2568
 -- Sample 21: mean=27.2087%; std=28.8656
 -- Sample 22: mean=39.8545%; std=35.5891
 -- Sample 23: mean=40.7526%; std=47.5067
 -- Sample 24: mean=36.8228%; std=35.5980
Mean: 57.6948%, Std: 32.0104%
------------------------------------------------------------------
Correlation comparison:
 -- Sample 0: 0.6482
 -- Sample 1: 0.5980
 -- Sample 2: 0.6860
 -- Sample 3: 0.7711
 -- Sample 4: 0.7093
 -- Sample 5: 0.7106
 -- Sample 6: 0.7166
 -- Sample 7: 0.9253
 -- Sample 8: 0.9153
 -- Sample 9: 0.9313
 -- Sample 10: 0.9125
 -- Sample 11: 0.5628
 -- Sample 12: 0.5638
 -- Sample 13: 0.5424
 -- Sample 14: 0.5456
 -- Sample 15: 0.8701
 -- Sample 16: 0.8251
 -- Sample 17: 0.8309
 -- Sample 18: 0.8587
 -- Sample 19: 0.9422
 -- Sample 20: 0.9563
 -- Sample 21: 0.9572
 -- Sample 22: 0.9398
 -- Sample 23: 0.9016
 -- Sample 24: 0.9310
Mean=0.7901, Std=0.1452
------------------------------------------------------------------
  Processing Batch 7 (Size: 25)...
Bias Error: using Single Component
Mean: 4560.9513, Std: 10249.1527
------------------------------------------------------------------
Magnitude Error: 
 -- Sample 0: mean=34.2194%; std=32.5348
 -- Sample 1: mean=42.2539%; std=44.0319
 -- Sample 2: mean=33.1510%; std=22.1093
 -- Sample 3: mean=34.6218%; std=23.4045
 -- Sample 4: mean=33.6740%; std=23.6799
 -- Sample 5: mean=34.6230%; std=21.5898
 -- Sample 6: mean=38.9471%; std=19.8399
 -- Sample 7: mean=40.0387%; std=22.4594
 -- Sample 8: mean=38.2601%; std=22.3745
 -- Sample 9: mean=38.6952%; std=20.3987
 -- Sample 10: mean=193.0798%; std=363.7350
 -- Sample 11: mean=204.7304%; std=366.6353
 -- Sample 12: mean=169.3683%; std=298.1142
 -- Sample 13: mean=182.9642%; std=357.7088
 -- Sample 14: mean=147.5042%; std=124.8072
 -- Sample 15: mean=163.3724%; std=143.3725
 -- Sample 16: mean=163.4090%; std=158.2925
 -- Sample 17: mean=130.1344%; std=111.9069
 -- Sample 18: mean=23578.6484%; std=23424.8125
 -- Sample 19: mean=24302.0117%; std=22831.3184
 -- Sample 20: mean=27759.6836%; std=25519.7598
 -- Sample 21: mean=26547.4727%; std=26658.1758
 -- Sample 22: mean=325.3870%; std=535.9778
 -- Sample 23: mean=302.7265%; std=497.8805
 -- Sample 24: mean=334.3606%; std=619.2497
Mean: 4194.9335%, Std: 9343.5080%
------------------------------------------------------------------
Correlation comparison:
 -- Sample 0: 0.9152
 -- Sample 1: 0.8731
 -- Sample 2: 0.9114
 -- Sample 3: 0.8879
 -- Sample 4: 0.9044
 -- Sample 5: 0.9217
 -- Sample 6: 0.9249
 -- Sample 7: 0.9068
 -- Sample 8: 0.9075
 -- Sample 9: 0.9254
 -- Sample 10: 0.4759
 -- Sample 11: 0.4539
 -- Sample 12: 0.4590
 -- Sample 13: 0.4509
 -- Sample 14: 0.6751
 -- Sample 15: 0.6410
 -- Sample 16: 0.6259
 -- Sample 17: 0.6906
 -- Sample 18: 0.0927
 -- Sample 19: 0.0952
 -- Sample 20: 0.0998
 -- Sample 21: 0.0982
 -- Sample 22: 0.1967
 -- Sample 23: 0.2475
 -- Sample 24: 0.1824
Mean=0.5825, Std=0.3170
------------------------------------------------------------------
  Processing Batch 8 (Size: 25)...
Bias Error: using Single Component
Mean: 47.9397, Std: 52.6542
------------------------------------------------------------------
Magnitude Error: 
 -- Sample 0: mean=305.7084%; std=479.4714
 -- Sample 1: mean=45.3300%; std=52.7750
 -- Sample 2: mean=48.0896%; std=44.1477
 -- Sample 3: mean=45.4791%; std=46.0160
 -- Sample 4: mean=40.4280%; std=41.8166
 -- Sample 5: mean=49.4606%; std=50.1723
 -- Sample 6: mean=74.8755%; std=60.2143
 -- Sample 7: mean=64.4121%; std=55.1684
 -- Sample 8: mean=62.8558%; std=54.7265
 -- Sample 9: mean=45.0082%; std=22.7268
 -- Sample 10: mean=45.5227%; std=25.6241
 -- Sample 11: mean=49.3677%; std=23.1866
 -- Sample 12: mean=46.2634%; std=25.4306
 -- Sample 13: mean=60.0775%; std=69.0841
 -- Sample 14: mean=60.3692%; std=60.5494
 -- Sample 15: mean=58.7633%; std=48.8488
 -- Sample 16: mean=72.2076%; std=92.6480
 -- Sample 17: mean=46.5521%; std=17.8293
 -- Sample 18: mean=46.3225%; std=17.7573
 -- Sample 19: mean=46.2425%; std=17.9025
 -- Sample 20: mean=46.3341%; std=19.9692
 -- Sample 21: mean=101.4439%; std=74.4516
 -- Sample 22: mean=91.9567%; std=55.1692
 -- Sample 23: mean=96.1490%; std=71.7477
 -- Sample 24: mean=93.1191%; std=85.1468
Mean: 69.6935%, Std: 51.4228%
------------------------------------------------------------------
Correlation comparison:
 -- Sample 0: 0.2382
 -- Sample 1: 0.8058
 -- Sample 2: 0.7816
 -- Sample 3: 0.8186
 -- Sample 4: 0.8536
 -- Sample 5: 0.8843
 -- Sample 6: 0.8772
 -- Sample 7: 0.8807
 -- Sample 8: 0.8829
 -- Sample 9: 0.8038
 -- Sample 10: 0.8015
 -- Sample 11: 0.7900
 -- Sample 12: 0.8007
 -- Sample 13: 0.7644
 -- Sample 14: 0.7787
 -- Sample 15: 0.7945
 -- Sample 16: 0.6426
 -- Sample 17: 0.8976
 -- Sample 18: 0.8620
 -- Sample 19: 0.8814
 -- Sample 20: 0.8947
 -- Sample 21: 0.9059
 -- Sample 22: 0.9396
 -- Sample 23: 0.9054
 -- Sample 24: 0.8841
Mean=0.8148, Std=0.1334
------------------------------------------------------------------
  Processing Batch 9 (Size: 25)...
Bias Error: using Single Component
Mean: 1536.5800, Std: 2339.9838
------------------------------------------------------------------
Magnitude Error: 
 -- Sample 0: mean=19.0215%; std=16.7884
 -- Sample 1: mean=20.5345%; std=15.8528
 -- Sample 2: mean=21.6043%; std=15.7331
 -- Sample 3: mean=21.3592%; std=14.6795
 -- Sample 4: mean=1345.7312%; std=1207.1523
 -- Sample 5: mean=1325.1088%; std=1224.8064
 -- Sample 6: mean=1484.4703%; std=1379.1644
 -- Sample 7: mean=1276.2205%; std=1232.1104
 -- Sample 8: mean=7889.7837%; std=7377.4814
 -- Sample 9: mean=7044.7100%; std=6397.5239
 -- Sample 10: mean=6397.4561%; std=6630.0098
 -- Sample 11: mean=7674.8110%; std=6804.8496
 -- Sample 12: mean=32.9853%; std=21.4668
 -- Sample 13: mean=31.6074%; std=23.5391
 -- Sample 14: mean=30.3764%; std=21.9587
 -- Sample 15: mean=25.9011%; std=20.7026
 -- Sample 16: mean=36.5224%; std=28.3624
 -- Sample 17: mean=31.9602%; std=26.8717
 -- Sample 18: mean=40.1889%; std=31.2799
 -- Sample 19: mean=44.3485%; std=31.9278
 -- Sample 20: mean=1836.6627%; std=2284.0137
 -- Sample 21: mean=1958.0531%; std=2295.5723
 -- Sample 22: mean=1972.3271%; std=2254.4661
 -- Sample 23: mean=2087.4365%; std=2448.5193
 -- Sample 24: mean=351.8005%; std=346.7139
Mean: 1720.0393%, Std: 2535.6070%
------------------------------------------------------------------
Correlation comparison:
 -- Sample 0: 0.9832
 -- Sample 1: 0.9808
 -- Sample 2: 0.9741
 -- Sample 3: 0.9772
 -- Sample 4: 0.2016
 -- Sample 5: 0.1894
 -- Sample 6: 0.1801
 -- Sample 7: 0.1827
 -- Sample 8: 0.2170
 -- Sample 9: 0.2497
 -- Sample 10: 0.2412
 -- Sample 11: 0.2265
 -- Sample 12: 0.9059
 -- Sample 13: 0.9069
 -- Sample 14: 0.9123
 -- Sample 15: 0.9266
 -- Sample 16: 0.8812
 -- Sample 17: 0.8528
 -- Sample 18: 0.8779
 -- Sample 19: 0.8777
 -- Sample 20: 0.1161
 -- Sample 21: 0.0491
 -- Sample 22: 0.0642
 -- Sample 23: 0.1208
 -- Sample 24: 0.5959
Mean=0.5476, Std=0.3723
------------------------------------------------------------------
  Processing Batch 10 (Size: 25)...
Bias Error: using Single Component
Mean: 57.6945, Std: 81.3130
------------------------------------------------------------------
Magnitude Error: 
 -- Sample 0: mean=335.2031%; std=349.3855
 -- Sample 1: mean=293.4794%; std=278.5527
 -- Sample 2: mean=289.1343%; std=282.0906
 -- Sample 3: mean=19.3879%; std=16.5283
 -- Sample 4: mean=27.4072%; std=20.2761
 -- Sample 5: mean=23.2018%; std=18.1498
 -- Sample 6: mean=22.3385%; std=17.6959
 -- Sample 7: mean=44.3153%; std=20.7932
 -- Sample 8: mean=51.3353%; std=21.0126
 -- Sample 9: mean=49.8307%; std=23.3054
 -- Sample 10: mean=42.1868%; std=23.2341
 -- Sample 11: mean=53.1441%; std=22.7128
 -- Sample 12: mean=50.4543%; std=23.8114
 -- Sample 13: mean=53.1428%; std=24.2683
 -- Sample 14: mean=44.5784%; std=24.4500
 -- Sample 15: mean=40.0026%; std=14.1244
 -- Sample 16: mean=44.5331%; std=18.2527
 -- Sample 17: mean=47.1207%; std=14.3997
 -- Sample 18: mean=51.2842%; std=16.9340
 -- Sample 19: mean=38.6988%; std=26.1887
 -- Sample 20: mean=43.6344%; std=25.8514
 -- Sample 21: mean=40.7384%; std=26.5007
 -- Sample 22: mean=40.5145%; std=26.7275
 -- Sample 23: mean=54.6130%; std=45.9802
 -- Sample 24: mean=45.0462%; std=37.7666
Mean: 73.8130%, Std: 86.5417%
------------------------------------------------------------------
Correlation comparison:
 -- Sample 0: 0.5840
 -- Sample 1: 0.5987
 -- Sample 2: 0.5922
 -- Sample 3: 0.9748
 -- Sample 4: 0.9529
 -- Sample 5: 0.9663
 -- Sample 6: 0.9729
 -- Sample 7: 0.8887
 -- Sample 8: 0.8444
 -- Sample 9: 0.8410
 -- Sample 10: 0.8739
 -- Sample 11: 0.8105
 -- Sample 12: 0.8719
 -- Sample 13: 0.8598
 -- Sample 14: 0.8822
 -- Sample 15: 0.9696
 -- Sample 16: 0.9314
 -- Sample 17: 0.9558
 -- Sample 18: 0.9290
 -- Sample 19: 0.8847
 -- Sample 20: 0.8718
 -- Sample 21: 0.8729
 -- Sample 22: 0.8999
 -- Sample 23: 0.5548
 -- Sample 24: 0.6821
Mean=0.8426, Std=0.1292
------------------------------------------------------------------
  Processing Batch 11 (Size: 25)...
Bias Error: using Single Component
Mean: 139.3961, Std: 153.1704
------------------------------------------------------------------
Magnitude Error: 
 -- Sample 0: mean=48.8214%; std=37.0249
 -- Sample 1: mean=52.5471%; std=35.8057
 -- Sample 2: mean=39.5592%; std=14.8749
 -- Sample 3: mean=33.6616%; std=13.9674
 -- Sample 4: mean=32.6329%; std=15.1834
 -- Sample 5: mean=35.2846%; std=15.9960
 -- Sample 6: mean=48.3843%; std=21.2890
 -- Sample 7: mean=45.4650%; std=24.1019
 -- Sample 8: mean=40.5780%; std=19.1514
 -- Sample 9: mean=40.1718%; std=19.6657
 -- Sample 10: mean=267.0549%; std=318.8050
 -- Sample 11: mean=280.8368%; std=346.0024
 -- Sample 12: mean=239.8358%; std=269.0241
 -- Sample 13: mean=225.2501%; std=269.8921
 -- Sample 14: mean=24.2028%; std=15.2712
 -- Sample 15: mean=25.2513%; std=15.4209
 -- Sample 16: mean=25.5696%; std=14.6220
 -- Sample 17: mean=23.6741%; std=13.0816
 -- Sample 18: mean=509.1001%; std=356.5998
 -- Sample 19: mean=550.2714%; std=361.5980
 -- Sample 20: mean=497.3112%; std=360.2450
 -- Sample 21: mean=516.9564%; std=361.1548
 -- Sample 22: mean=305.7644%; std=220.8186
 -- Sample 23: mean=301.6376%; std=231.9632
 -- Sample 24: mean=349.2527%; std=221.0610
Mean: 182.3630%, Std: 182.2413%
------------------------------------------------------------------
Correlation comparison:
 -- Sample 0: 0.5872
 -- Sample 1: 0.6047
 -- Sample 2: 0.9537
 -- Sample 3: 0.9605
 -- Sample 4: 0.9665
 -- Sample 5: 0.9568
 -- Sample 6: 0.9189
 -- Sample 7: 0.9500
 -- Sample 8: 0.9509
 -- Sample 9: 0.9494
 -- Sample 10: 0.4835
 -- Sample 11: 0.4587
 -- Sample 12: 0.4788
 -- Sample 13: 0.4703
 -- Sample 14: 0.9623
 -- Sample 15: 0.9574
 -- Sample 16: 0.9650
 -- Sample 17: 0.9697
 -- Sample 18: 0.5324
 -- Sample 19: 0.5315
 -- Sample 20: 0.5380
 -- Sample 21: 0.5404
 -- Sample 22: 0.3894
 -- Sample 23: 0.3698
 -- Sample 24: 0.3334
Mean=0.7112, Std=0.2414
------------------------------------------------------------------
  Processing Batch 12 (Size: 1)...
Bias Error: using Single Component
Mean: 206.2964, Std: 0.0000
------------------------------------------------------------------
Magnitude Error: 
 -- Sample 0: mean=336.8972%; std=227.0846
Mean: 336.8972%, Std: 0.0000%
------------------------------------------------------------------
Correlation comparison:
 -- Sample 0: 0.3945
Mean=0.3945, Std=0.0000
------------------------------------------------------------------

Processing Dataset: Castle Gate
  Processing Batch 1 (Size: 25)...
Bias Error: using Single Component
Mean: 52.2071, Std: 72.2509
------------------------------------------------------------------
Magnitude Error: 
 -- Sample 0: mean=60.9434%; std=65.1468
 -- Sample 1: mean=58.5211%; std=65.5769
 -- Sample 2: mean=61.7359%; std=63.3148
 -- Sample 3: mean=60.2584%; std=62.9592
 -- Sample 4: mean=46.6062%; std=30.6898
 -- Sample 5: mean=42.6314%; std=27.3866
 -- Sample 6: mean=36.6776%; std=28.7463
 -- Sample 7: mean=41.1919%; std=28.9089
 -- Sample 8: mean=41.6311%; std=33.2131
 -- Sample 9: mean=49.1429%; std=36.1097
 -- Sample 10: mean=47.1004%; std=39.1769
 -- Sample 11: mean=39.9400%; std=32.3078
 -- Sample 12: mean=77.0781%; std=64.8272
 -- Sample 13: mean=83.9770%; std=75.1206
 -- Sample 14: mean=83.8490%; std=69.6781
 -- Sample 15: mean=80.1594%; std=60.2416
 -- Sample 16: mean=41.7865%; std=25.2931
 -- Sample 17: mean=39.9623%; std=25.3452
 -- Sample 18: mean=43.7334%; std=27.1034
 -- Sample 19: mean=40.5367%; std=26.5300
 -- Sample 20: mean=303.2518%; std=305.4584
 -- Sample 21: mean=226.9605%; std=211.8443
 -- Sample 22: mean=224.5672%; std=221.7366
 -- Sample 23: mean=251.1544%; std=261.5187
 -- Sample 24: mean=28.7073%; std=19.2214
Mean: 84.4842%, Std: 75.4425%
------------------------------------------------------------------
Correlation comparison:
 -- Sample 0: 0.8038
 -- Sample 1: 0.8334
 -- Sample 2: 0.8136
 -- Sample 3: 0.8111
 -- Sample 4: 0.8513
 -- Sample 5: 0.8688
 -- Sample 6: 0.8751
 -- Sample 7: 0.8760
 -- Sample 8: 0.8692
 -- Sample 9: 0.8603
 -- Sample 10: 0.8861
 -- Sample 11: 0.9092
 -- Sample 12: 0.6248
 -- Sample 13: 0.6447
 -- Sample 14: 0.6168
 -- Sample 15: 0.6064
 -- Sample 16: 0.7756
 -- Sample 17: 0.7841
 -- Sample 18: 0.7279
 -- Sample 19: 0.7543
 -- Sample 20: 0.5443
 -- Sample 21: 0.6096
 -- Sample 22: 0.5748
 -- Sample 23: 0.5422
 -- Sample 24: 0.9462
Mean=0.7604, Std=0.1238
------------------------------------------------------------------
  Processing Batch 2 (Size: 25)...
Bias Error: using Single Component
Mean: 41.3086, Std: 25.0730
------------------------------------------------------------------
Magnitude Error: 
 -- Sample 0: mean=32.6422%; std=19.3069
 -- Sample 1: mean=26.1675%; std=17.9277
 -- Sample 2: mean=30.4207%; std=17.0742
 -- Sample 3: mean=27.3712%; std=20.1046
 -- Sample 4: mean=29.1831%; std=20.0451
 -- Sample 5: mean=27.3398%; std=18.9841
 -- Sample 6: mean=30.0796%; std=18.7581
 -- Sample 7: mean=43.4526%; std=28.0176
 -- Sample 8: mean=48.6825%; std=30.2428
 -- Sample 9: mean=50.3019%; std=32.0139
 -- Sample 10: mean=47.2300%; std=27.2051
 -- Sample 11: mean=118.4146%; std=154.7975
 -- Sample 12: mean=109.1881%; std=119.8051
 -- Sample 13: mean=113.6078%; std=130.1954
 -- Sample 14: mean=108.1091%; std=141.8330
 -- Sample 15: mean=43.5225%; std=19.2943
 -- Sample 16: mean=47.7455%; std=22.5915
 -- Sample 17: mean=48.0861%; std=19.7966
 -- Sample 18: mean=47.8496%; std=18.2591
 -- Sample 19: mean=60.6831%; std=15.0462
 -- Sample 20: mean=59.6733%; std=12.9076
 -- Sample 21: mean=59.7616%; std=12.9596
 -- Sample 22: mean=57.8686%; std=16.5759
 -- Sample 23: mean=76.7892%; std=104.0630
 -- Sample 24: mean=90.9616%; std=114.9728
Mean: 57.4053%, Std: 28.4337%
------------------------------------------------------------------
Correlation comparison:
 -- Sample 0: 0.9474
 -- Sample 1: 0.9535
 -- Sample 2: 0.9490
 -- Sample 3: 0.9172
 -- Sample 4: 0.9190
 -- Sample 5: 0.9269
 -- Sample 6: 0.9073
 -- Sample 7: 0.7878
 -- Sample 8: 0.7368
 -- Sample 9: 0.7288
 -- Sample 10: 0.7572
 -- Sample 11: 0.7067
 -- Sample 12: 0.7208
 -- Sample 13: 0.6726
 -- Sample 14: 0.7261
 -- Sample 15: 0.9273
 -- Sample 16: 0.8965
 -- Sample 17: 0.9125
 -- Sample 18: 0.9260
 -- Sample 19: 0.9196
 -- Sample 20: 0.9415
 -- Sample 21: 0.9383
 -- Sample 22: 0.9133
 -- Sample 23: 0.7809
 -- Sample 24: 0.7389
Mean=0.8501, Std=0.0964
------------------------------------------------------------------
  Processing Batch 3 (Size: 25)...
Bias Error: using Single Component
Mean: 68.8051, Std: 111.2928
------------------------------------------------------------------
Magnitude Error: 
 -- Sample 0: mean=87.2286%; std=113.3085
 -- Sample 1: mean=78.4550%; std=98.1461
 -- Sample 2: mean=48.5767%; std=47.8561
 -- Sample 3: mean=54.9203%; std=51.1328
 -- Sample 4: mean=56.2790%; std=55.0986
 -- Sample 5: mean=55.2264%; std=54.2257
 -- Sample 6: mean=61.8998%; std=38.9253
 -- Sample 7: mean=59.9441%; std=34.0395
 -- Sample 8: mean=62.2587%; std=28.4123
 -- Sample 9: mean=69.1694%; std=34.3797
 -- Sample 10: mean=36.6796%; std=22.8289
 -- Sample 11: mean=42.2153%; std=26.5208
 -- Sample 12: mean=39.7821%; std=23.2168
 -- Sample 13: mean=41.1232%; std=25.2706
 -- Sample 14: mean=36.7559%; std=20.7225
 -- Sample 15: mean=33.8700%; std=18.9424
 -- Sample 16: mean=40.5829%; std=19.5691
 -- Sample 17: mean=35.1577%; std=18.0497
 -- Sample 18: mean=417.7868%; std=403.9903
 -- Sample 19: mean=416.4607%; std=370.6732
 -- Sample 20: mean=415.3684%; std=367.7435
 -- Sample 21: mean=391.2151%; std=363.0492
 -- Sample 22: mean=35.9225%; std=28.3524
 -- Sample 23: mean=35.4768%; std=24.5928
 -- Sample 24: mean=38.9445%; std=27.3701
Mean: 107.6520%, Std: 132.8356%
------------------------------------------------------------------
Correlation comparison:
 -- Sample 0: 0.7798
 -- Sample 1: 0.7962
 -- Sample 2: 0.7893
 -- Sample 3: 0.7900
 -- Sample 4: 0.7673
 -- Sample 5: 0.7437
 -- Sample 6: 0.6832
 -- Sample 7: 0.6866
 -- Sample 8: 0.6314
 -- Sample 9: 0.5925
 -- Sample 10: 0.8517
 -- Sample 11: 0.8293
 -- Sample 12: 0.8534
 -- Sample 13: 0.8256
 -- Sample 14: 0.8803
 -- Sample 15: 0.9228
 -- Sample 16: 0.8881
 -- Sample 17: 0.9133
 -- Sample 18: 0.3103
 -- Sample 19: 0.3499
 -- Sample 20: 0.3495
 -- Sample 21: 0.3341
 -- Sample 22: 0.8575
 -- Sample 23: 0.8708
 -- Sample 24: 0.8471
Mean=0.7258, Std=0.1884
------------------------------------------------------------------
  Processing Batch 4 (Size: 25)...
Bias Error: using Single Component
Mean: 72.8604, Std: 92.8419
------------------------------------------------------------------
Magnitude Error: 
 -- Sample 0: mean=37.0106%; std=24.9512
 -- Sample 1: mean=56.0748%; std=38.8980
 -- Sample 2: mean=58.0858%; std=32.9858
 -- Sample 3: mean=61.6579%; std=38.1149
 -- Sample 4: mean=58.1877%; std=36.4927
 -- Sample 5: mean=292.7804%; std=376.5210
 -- Sample 6: mean=261.1739%; std=338.0373
 -- Sample 7: mean=299.3796%; std=345.3489
 -- Sample 8: mean=321.6845%; std=385.8842
 -- Sample 9: mean=25.7358%; std=16.5294
 -- Sample 10: mean=26.0157%; std=15.2655
 -- Sample 11: mean=25.4167%; std=15.1376
 -- Sample 12: mean=29.3718%; std=14.2746
 -- Sample 13: mean=32.2523%; std=22.1846
 -- Sample 14: mean=37.3943%; std=19.2755
 -- Sample 15: mean=33.9854%; std=21.7987
 -- Sample 16: mean=33.9884%; std=20.9963
 -- Sample 17: mean=150.7380%; std=161.3401
 -- Sample 18: mean=135.9035%; std=159.4288
 -- Sample 19: mean=127.8468%; std=141.2004
 -- Sample 20: mean=134.2348%; std=140.5190
 -- Sample 21: mean=47.4403%; std=35.9209
 -- Sample 22: mean=43.6219%; std=30.1159
 -- Sample 23: mean=41.2264%; std=29.9851
 -- Sample 24: mean=48.2960%; std=37.5668
Mean: 96.7801%, Std: 93.6578%
------------------------------------------------------------------
Correlation comparison:
 -- Sample 0: 0.8673
 -- Sample 1: 0.6720
 -- Sample 2: 0.6607
 -- Sample 3: 0.6395
 -- Sample 4: 0.6804
 -- Sample 5: 0.5162
 -- Sample 6: 0.5081
 -- Sample 7: 0.5826
 -- Sample 8: 0.5380
 -- Sample 9: 0.9563
 -- Sample 10: 0.9627
 -- Sample 11: 0.9601
 -- Sample 12: 0.9605
 -- Sample 13: 0.9409
 -- Sample 14: 0.9575
 -- Sample 15: 0.9397
 -- Sample 16: 0.9438
 -- Sample 17: 0.6021
 -- Sample 18: 0.5992
 -- Sample 19: 0.6598
 -- Sample 20: 0.6290
 -- Sample 21: 0.9184
 -- Sample 22: 0.9260
 -- Sample 23: 0.9311
 -- Sample 24: 0.9252
Mean=0.7791, Std=0.1708
------------------------------------------------------------------
  Processing Batch 5 (Size: 25)...
Bias Error: using Single Component
Mean: 29.7068, Std: 35.7921
------------------------------------------------------------------
Magnitude Error: 
 -- Sample 0: mean=38.6658%; std=23.1319
 -- Sample 1: mean=38.4780%; std=24.1556
 -- Sample 2: mean=39.2186%; std=24.4163
 -- Sample 3: mean=38.9783%; std=22.7181
 -- Sample 4: mean=35.7504%; std=26.5328
 -- Sample 5: mean=39.0199%; std=29.0446
 -- Sample 6: mean=37.7685%; std=32.0028
 -- Sample 7: mean=39.8686%; std=29.2566
 -- Sample 8: mean=50.5082%; std=48.3563
 -- Sample 9: mean=53.8991%; std=39.7183
 -- Sample 10: mean=52.1516%; std=38.9016
 -- Sample 11: mean=49.3666%; std=33.8680
 -- Sample 12: mean=191.8461%; std=330.1367
 -- Sample 13: mean=158.1932%; std=252.8864
 -- Sample 14: mean=195.1458%; std=322.9855
 -- Sample 15: mean=189.0209%; std=328.2005
 -- Sample 16: mean=43.7512%; std=29.1762
 -- Sample 17: mean=42.0591%; std=29.1296
 -- Sample 18: mean=45.6205%; std=28.1032
 -- Sample 19: mean=45.3637%; std=28.8258
 -- Sample 20: mean=54.9636%; std=25.3773
 -- Sample 21: mean=59.6073%; std=28.3781
 -- Sample 22: mean=58.6345%; std=31.5755
 -- Sample 23: mean=53.3436%; std=32.3277
 -- Sample 24: mean=67.1639%; std=56.7530
Mean: 68.7355%, Std: 51.0608%
------------------------------------------------------------------
Correlation comparison:
 -- Sample 0: 0.9194
 -- Sample 1: 0.9048
 -- Sample 2: 0.9010
 -- Sample 3: 0.9089
 -- Sample 4: 0.9178
 -- Sample 5: 0.9050
 -- Sample 6: 0.9095
 -- Sample 7: 0.9250
 -- Sample 8: 0.8294
 -- Sample 9: 0.8020
 -- Sample 10: 0.8385
 -- Sample 11: 0.8380
 -- Sample 12: 0.3677
 -- Sample 13: 0.4614
 -- Sample 14: 0.3448
 -- Sample 15: 0.3059
 -- Sample 16: 0.8460
 -- Sample 17: 0.8456
 -- Sample 18: 0.8361
 -- Sample 19: 0.8402
 -- Sample 20: 0.7525
 -- Sample 21: 0.7121
 -- Sample 22: 0.7047
 -- Sample 23: 0.7640
 -- Sample 24: 0.7956
Mean=0.7670, Std=0.1851
------------------------------------------------------------------
  Processing Batch 6 (Size: 25)...
Bias Error: using Single Component
Mean: 55.1817, Std: 55.9872
------------------------------------------------------------------
Magnitude Error: 
 -- Sample 0: mean=74.0202%; std=62.9993
 -- Sample 1: mean=74.3873%; std=65.8800
 -- Sample 2: mean=76.5839%; std=66.5444
 -- Sample 3: mean=87.1717%; std=65.8986
 -- Sample 4: mean=73.6963%; std=61.5386
 -- Sample 5: mean=63.9338%; std=57.2902
 -- Sample 6: mean=75.6476%; std=64.4449
 -- Sample 7: mean=177.0768%; std=163.3400
 -- Sample 8: mean=209.8082%; std=178.7523
 -- Sample 9: mean=176.5766%; std=159.3907
 -- Sample 10: mean=177.4331%; std=166.1445
 -- Sample 11: mean=27.9031%; std=18.5520
 -- Sample 12: mean=23.4408%; std=16.4303
 -- Sample 13: mean=24.2078%; std=17.8760
 -- Sample 14: mean=28.7061%; std=19.7374
 -- Sample 15: mean=47.9523%; std=40.2551
 -- Sample 16: mean=69.9173%; std=57.1157
 -- Sample 17: mean=39.8231%; std=33.9103
 -- Sample 18: mean=35.2067%; std=31.2904
 -- Sample 19: mean=40.5778%; std=26.1629
 -- Sample 20: mean=38.9978%; std=27.9501
 -- Sample 21: mean=37.2695%; std=28.9316
 -- Sample 22: mean=39.8318%; std=26.2932
 -- Sample 23: mean=182.4474%; std=218.0426
 -- Sample 24: mean=175.3616%; std=217.5034
Mean: 83.1191%, Std: 59.3190%
------------------------------------------------------------------
Correlation comparison:
 -- Sample 0: 0.7998
 -- Sample 1: 0.7664
 -- Sample 2: 0.7541
 -- Sample 3: 0.6355
 -- Sample 4: 0.6397
 -- Sample 5: 0.6545
 -- Sample 6: 0.6332
 -- Sample 7: 0.6083
 -- Sample 8: 0.6063
 -- Sample 9: 0.5984
 -- Sample 10: 0.6051
 -- Sample 11: 0.9407
 -- Sample 12: 0.9589
 -- Sample 13: 0.9587
 -- Sample 14: 0.9401
 -- Sample 15: 0.9451
 -- Sample 16: 0.9208
 -- Sample 17: 0.9486
 -- Sample 18: 0.9487
 -- Sample 19: 0.8849
 -- Sample 20: 0.8918
 -- Sample 21: 0.9128
 -- Sample 22: 0.8989
 -- Sample 23: 0.6481
 -- Sample 24: 0.6953
Mean=0.7918, Std=0.1412
------------------------------------------------------------------
  Processing Batch 7 (Size: 25)...
Bias Error: using Single Component
Mean: 46.9217, Std: 42.2465
------------------------------------------------------------------
Magnitude Error: 
 -- Sample 0: mean=203.8739%; std=242.8011
 -- Sample 1: mean=163.1966%; std=187.4183
 -- Sample 2: mean=35.0484%; std=30.1266
 -- Sample 3: mean=40.3787%; std=37.9036
 -- Sample 4: mean=36.3290%; std=30.2456
 -- Sample 5: mean=41.0648%; std=34.8523
 -- Sample 6: mean=44.2549%; std=34.3095
 -- Sample 7: mean=52.6838%; std=45.4193
 -- Sample 8: mean=51.2273%; std=38.1827
 -- Sample 9: mean=49.1483%; std=41.1983
 -- Sample 10: mean=44.5571%; std=15.7378
 -- Sample 11: mean=43.1231%; std=15.7489
 -- Sample 12: mean=43.8029%; std=15.5741
 -- Sample 13: mean=42.8723%; std=17.0741
 -- Sample 14: mean=35.1258%; std=17.6446
 -- Sample 15: mean=35.2392%; std=18.5793
 -- Sample 16: mean=37.8720%; std=16.4166
 -- Sample 17: mean=29.2149%; std=15.9327
 -- Sample 18: mean=117.8180%; std=99.2526
 -- Sample 19: mean=111.7838%; std=95.9846
 -- Sample 20: mean=139.2098%; std=104.0409
 -- Sample 21: mean=130.7702%; std=98.1232
 -- Sample 22: mean=36.9092%; std=18.0130
 -- Sample 23: mean=37.0931%; std=19.6497
 -- Sample 24: mean=36.5480%; std=18.5649
Mean: 65.5658%, Std: 47.1850%
------------------------------------------------------------------
Correlation comparison:
 -- Sample 0: 0.6916
 -- Sample 1: 0.6965
 -- Sample 2: 0.8963
 -- Sample 3: 0.8789
 -- Sample 4: 0.9020
 -- Sample 5: 0.8942
 -- Sample 6: 0.8523
 -- Sample 7: 0.8097
 -- Sample 8: 0.8364
 -- Sample 9: 0.8257
 -- Sample 10: 0.9442
 -- Sample 11: 0.9438
 -- Sample 12: 0.9441
 -- Sample 13: 0.9344
 -- Sample 14: 0.9559
 -- Sample 15: 0.9566
 -- Sample 16: 0.9638
 -- Sample 17: 0.9744
 -- Sample 18: 0.6118
 -- Sample 19: 0.6164
 -- Sample 20: 0.6117
 -- Sample 21: 0.6039
 -- Sample 22: 0.9571
 -- Sample 23: 0.9556
 -- Sample 24: 0.9550
Mean=0.8485, Std=0.1274
------------------------------------------------------------------
  Processing Batch 8 (Size: 25)...
Bias Error: using Single Component
Mean: 18.0521, Std: 11.1643
------------------------------------------------------------------
Magnitude Error: 
 -- Sample 0: mean=36.7749%; std=17.6352
 -- Sample 1: mean=42.9739%; std=20.6131
 -- Sample 2: mean=39.5506%; std=22.9341
 -- Sample 3: mean=39.0870%; std=22.5747
 -- Sample 4: mean=43.1130%; std=21.5318
 -- Sample 5: mean=34.7413%; std=18.3719
 -- Sample 6: mean=31.7511%; std=16.6163
 -- Sample 7: mean=33.5594%; std=17.6318
 -- Sample 8: mean=37.0957%; std=20.6819
 -- Sample 9: mean=30.9492%; std=21.0328
 -- Sample 10: mean=31.5270%; std=24.0954
 -- Sample 11: mean=27.7096%; std=22.1009
 -- Sample 12: mean=29.8592%; std=22.2246
 -- Sample 13: mean=24.1811%; std=17.0834
 -- Sample 14: mean=23.3445%; std=17.6004
 -- Sample 15: mean=26.5913%; std=19.4339
 -- Sample 16: mean=23.0418%; std=18.2001
 -- Sample 17: mean=32.1141%; std=25.2658
 -- Sample 18: mean=32.9376%; std=26.2622
 -- Sample 19: mean=29.2544%; std=21.4247
 -- Sample 20: mean=30.2652%; std=21.2507
 -- Sample 21: mean=29.0874%; std=20.9220
 -- Sample 22: mean=27.7512%; std=20.0124
 -- Sample 23: mean=27.6122%; std=19.4271
 -- Sample 24: mean=31.0273%; std=22.5076
Mean: 31.8360%, Std: 5.4307%
------------------------------------------------------------------
Correlation comparison:
 -- Sample 0: 0.9583
 -- Sample 1: 0.9163
 -- Sample 2: 0.9052
 -- Sample 3: 0.9261
 -- Sample 4: 0.9248
 -- Sample 5: 0.8952
 -- Sample 6: 0.9178
 -- Sample 7: 0.9051
 -- Sample 8: 0.8808
 -- Sample 9: 0.9102
 -- Sample 10: 0.9004
 -- Sample 11: 0.9175
 -- Sample 12: 0.9003
 -- Sample 13: 0.9428
 -- Sample 14: 0.9460
 -- Sample 15: 0.9283
 -- Sample 16: 0.9491
 -- Sample 17: 0.9389
 -- Sample 18: 0.9484
 -- Sample 19: 0.9361
 -- Sample 20: 0.9451
 -- Sample 21: 0.9127
 -- Sample 22: 0.9216
 -- Sample 23: 0.9281
 -- Sample 24: 0.9011
Mean=0.9222, Std=0.0195
------------------------------------------------------------------
  Processing Batch 9 (Size: 25)...
Bias Error: using Single Component
Mean: 27.1329, Std: 31.4355
------------------------------------------------------------------
Magnitude Error: 
 -- Sample 0: mean=36.9677%; std=32.1189
 -- Sample 1: mean=40.2250%; std=29.6702
 -- Sample 2: mean=41.0364%; std=34.3104
 -- Sample 3: mean=42.9634%; std=34.9015
 -- Sample 4: mean=44.5153%; std=30.2511
 -- Sample 5: mean=44.1012%; std=29.6102
 -- Sample 6: mean=40.9888%; std=31.8912
 -- Sample 7: mean=42.5614%; std=29.1081
 -- Sample 8: mean=90.8187%; std=57.8402
 -- Sample 9: mean=104.3042%; std=56.5673
 -- Sample 10: mean=93.3763%; std=57.4720
 -- Sample 11: mean=87.7403%; std=60.4310
 -- Sample 12: mean=62.5854%; std=67.2194
 -- Sample 13: mean=56.4195%; std=55.4028
 -- Sample 14: mean=56.8135%; std=52.8298
 -- Sample 15: mean=57.4825%; std=57.2297
 -- Sample 16: mean=23.5900%; std=19.8363
 -- Sample 17: mean=21.9645%; std=19.6148
 -- Sample 18: mean=25.9776%; std=20.5022
 -- Sample 19: mean=24.0718%; std=18.5483
 -- Sample 20: mean=33.3055%; std=15.8565
 -- Sample 21: mean=32.3308%; std=16.3200
 -- Sample 22: mean=28.2660%; std=18.3892
 -- Sample 23: mean=34.4936%; std=15.6868
 -- Sample 24: mean=32.1400%; std=21.7108
Mean: 47.9616%, Std: 22.8659%
------------------------------------------------------------------
Correlation comparison:
 -- Sample 0: 0.8076
 -- Sample 1: 0.8125
 -- Sample 2: 0.8170
 -- Sample 3: 0.8138
 -- Sample 4: 0.8609
 -- Sample 5: 0.8587
 -- Sample 6: 0.8708
 -- Sample 7: 0.8619
 -- Sample 8: 0.9524
 -- Sample 9: 0.9594
 -- Sample 10: 0.9592
 -- Sample 11: 0.9509
 -- Sample 12: 0.7412
 -- Sample 13: 0.7716
 -- Sample 14: 0.7766
 -- Sample 15: 0.7993
 -- Sample 16: 0.9680
 -- Sample 17: 0.9676
 -- Sample 18: 0.9622
 -- Sample 19: 0.9650
 -- Sample 20: 0.9176
 -- Sample 21: 0.9497
 -- Sample 22: 0.9524
 -- Sample 23: 0.9229
 -- Sample 24: 0.9047
Mean=0.8850, Std=0.0730
------------------------------------------------------------------
  Processing Batch 10 (Size: 25)...
Bias Error: using Single Component
Mean: 20.1491, Std: 13.8066
------------------------------------------------------------------
Magnitude Error: 
 -- Sample 0: mean=38.2510%; std=24.9566
 -- Sample 1: mean=36.6269%; std=24.0631
 -- Sample 2: mean=35.3548%; std=25.6003
 -- Sample 3: mean=33.1761%; std=13.5010
 -- Sample 4: mean=29.7678%; std=13.8771
 -- Sample 5: mean=30.6845%; std=14.7150
 -- Sample 6: mean=33.0736%; std=13.7330
 -- Sample 7: mean=38.6973%; std=27.1084
 -- Sample 8: mean=42.3956%; std=25.9847
 -- Sample 9: mean=34.4558%; std=20.7254
 -- Sample 10: mean=34.1301%; std=23.3189
 -- Sample 11: mean=23.5738%; std=17.4283
 -- Sample 12: mean=25.0501%; std=16.5437
 -- Sample 13: mean=27.4240%; std=18.2817
 -- Sample 14: mean=27.8978%; std=17.0716
 -- Sample 15: mean=28.5991%; std=20.8978
 -- Sample 16: mean=24.6443%; std=17.6397
 -- Sample 17: mean=27.5567%; std=18.0798
 -- Sample 18: mean=28.0131%; std=18.7988
 -- Sample 19: mean=50.5837%; std=24.0257
 -- Sample 20: mean=54.8790%; std=22.3336
 -- Sample 21: mean=56.7140%; std=22.1467
 -- Sample 22: mean=53.2574%; std=22.9233
 -- Sample 23: mean=38.0823%; std=21.1138
 -- Sample 24: mean=39.7001%; std=19.7349
Mean: 35.7035%, Std: 9.3546%
------------------------------------------------------------------
Correlation comparison:
 -- Sample 0: 0.8593
 -- Sample 1: 0.8692
 -- Sample 2: 0.8695
 -- Sample 3: 0.9712
 -- Sample 4: 0.9728
 -- Sample 5: 0.9675
 -- Sample 6: 0.9625
 -- Sample 7: 0.8611
 -- Sample 8: 0.8631
 -- Sample 9: 0.8902
 -- Sample 10: 0.8861
 -- Sample 11: 0.9446
 -- Sample 12: 0.9399
 -- Sample 13: 0.9290
 -- Sample 14: 0.9471
 -- Sample 15: 0.9432
 -- Sample 16: 0.9557
 -- Sample 17: 0.9367
 -- Sample 18: 0.9344
 -- Sample 19: 0.7471
 -- Sample 20: 0.7563
 -- Sample 21: 0.8308
 -- Sample 22: 0.8148
 -- Sample 23: 0.9193
 -- Sample 24: 0.9130
Mean=0.8994, Std=0.0621
------------------------------------------------------------------
  Processing Batch 11 (Size: 25)...
Bias Error: using Single Component
Mean: 21.1999, Std: 11.6746
------------------------------------------------------------------
Magnitude Error: 
 -- Sample 0: mean=42.4244%; std=21.0817
 -- Sample 1: mean=39.2465%; std=20.7820
 -- Sample 2: mean=26.0854%; std=19.5139
 -- Sample 3: mean=23.0686%; std=18.3193
 -- Sample 4: mean=21.3267%; std=17.9477
 -- Sample 5: mean=25.0599%; std=18.5961
 -- Sample 6: mean=59.3361%; std=73.6448
 -- Sample 7: mean=56.8992%; std=55.3010
 -- Sample 8: mean=58.5993%; std=76.8437
 -- Sample 9: mean=56.9571%; std=56.8145
 -- Sample 10: mean=28.7950%; std=15.8500
 -- Sample 11: mean=31.8664%; std=14.8700
 -- Sample 12: mean=30.8426%; std=14.7232
 -- Sample 13: mean=31.3348%; std=16.1979
 -- Sample 14: mean=31.9745%; std=21.3800
 -- Sample 15: mean=33.1839%; std=21.3234
 -- Sample 16: mean=40.4222%; std=22.9372
 -- Sample 17: mean=36.6623%; std=21.9417
 -- Sample 18: mean=38.0121%; std=23.8287
 -- Sample 19: mean=41.8299%; std=22.9932
 -- Sample 20: mean=39.0180%; std=23.7538
 -- Sample 21: mean=36.7368%; std=24.9354
 -- Sample 22: mean=46.2524%; std=13.6461
 -- Sample 23: mean=48.1193%; std=16.0495
 -- Sample 24: mean=47.5185%; std=16.7073
Mean: 38.8629%, Std: 10.9042%
------------------------------------------------------------------
Correlation comparison:
 -- Sample 0: 0.8941
 -- Sample 1: 0.9218
 -- Sample 2: 0.9339
 -- Sample 3: 0.9468
 -- Sample 4: 0.9422
 -- Sample 5: 0.9353
 -- Sample 6: 0.7528
 -- Sample 7: 0.7838
 -- Sample 8: 0.7888
 -- Sample 9: 0.7858
 -- Sample 10: 0.9612
 -- Sample 11: 0.9560
 -- Sample 12: 0.9637
 -- Sample 13: 0.9679
 -- Sample 14: 0.9053
 -- Sample 15: 0.8935
 -- Sample 16: 0.8797
 -- Sample 17: 0.8875
 -- Sample 18: 0.9124
 -- Sample 19: 0.9201
 -- Sample 20: 0.9323
 -- Sample 21: 0.9236
 -- Sample 22: 0.9551
 -- Sample 23: 0.9517
 -- Sample 24: 0.9447
Mean=0.9056, Std=0.0609
------------------------------------------------------------------
  Processing Batch 12 (Size: 9)...
Bias Error: using Single Component
Mean: 21.6356, Std: 7.9612
------------------------------------------------------------------
Magnitude Error: 
 -- Sample 0: mean=46.6066%; std=16.2443
 -- Sample 1: mean=41.5000%; std=35.7866
 -- Sample 2: mean=40.3112%; std=36.3930
 -- Sample 3: mean=36.4571%; std=26.3177
 -- Sample 4: mean=36.5493%; std=31.7014
 -- Sample 5: mean=38.1086%; std=21.5795
 -- Sample 6: mean=37.1764%; std=21.2854
 -- Sample 7: mean=32.4834%; std=19.6961
 -- Sample 8: mean=32.3467%; std=23.8982
Mean: 37.9488%, Std: 4.2060%
------------------------------------------------------------------
Correlation comparison:
 -- Sample 0: 0.9562
 -- Sample 1: 0.9043
 -- Sample 2: 0.9083
 -- Sample 3: 0.9224
 -- Sample 4: 0.9257
 -- Sample 5: 0.8462
 -- Sample 6: 0.8602
 -- Sample 7: 0.8905
 -- Sample 8: 0.8656
Mean=0.8977, Std=0.0335
------------------------------------------------------------------

Processing Dataset: Berea Upper Gray
  Processing Batch 1 (Size: 25)...
Bias Error: using Single Component
Mean: 20.5818, Std: 17.7579
------------------------------------------------------------------
Magnitude Error: 
 -- Sample 0: mean=66.0984%; std=25.9051
 -- Sample 1: mean=64.0713%; std=24.4158
 -- Sample 2: mean=61.3638%; std=25.1215
 -- Sample 3: mean=64.6879%; std=25.9593
 -- Sample 4: mean=27.4256%; std=17.9499
 -- Sample 5: mean=26.7426%; std=18.1349
 -- Sample 6: mean=27.0979%; std=17.3614
 -- Sample 7: mean=27.4656%; std=17.7348
 -- Sample 8: mean=48.9058%; std=26.2823
 -- Sample 9: mean=50.7930%; std=28.5330
 -- Sample 10: mean=51.5957%; std=31.5820
 -- Sample 11: mean=47.8766%; std=27.8253
 -- Sample 12: mean=77.7669%; std=57.9585
 -- Sample 13: mean=71.2148%; std=51.9712
 -- Sample 14: mean=79.2672%; std=56.7620
 -- Sample 15: mean=71.0123%; std=46.8004
 -- Sample 16: mean=56.4329%; std=34.9328
 -- Sample 17: mean=46.2567%; std=32.0891
 -- Sample 18: mean=49.3442%; std=31.6232
 -- Sample 19: mean=50.1802%; std=33.0547
 -- Sample 20: mean=58.9187%; std=37.0797
 -- Sample 21: mean=64.3991%; std=50.2033
 -- Sample 22: mean=54.2105%; std=29.5633
 -- Sample 23: mean=56.8875%; std=38.9828
 -- Sample 24: mean=51.3515%; std=18.1702
Mean: 54.0547%, Std: 14.7127%
------------------------------------------------------------------
Correlation comparison:
 -- Sample 0: 0.6731
 -- Sample 1: 0.6989
 -- Sample 2: 0.7145
 -- Sample 3: 0.6564
 -- Sample 4: 0.9524
 -- Sample 5: 0.9566
 -- Sample 6: 0.9547
 -- Sample 7: 0.9529
 -- Sample 8: 0.8197
 -- Sample 9: 0.8131
 -- Sample 10: 0.8156
 -- Sample 11: 0.8243
 -- Sample 12: 0.6451
 -- Sample 13: 0.6809
 -- Sample 14: 0.6651
 -- Sample 15: 0.6873
 -- Sample 16: 0.7799
 -- Sample 17: 0.8101
 -- Sample 18: 0.7907
 -- Sample 19: 0.7486
 -- Sample 20: 0.7401
 -- Sample 21: 0.6631
 -- Sample 22: 0.7827
 -- Sample 23: 0.7314
 -- Sample 24: 0.9238
Mean=0.7792, Std=0.1010
------------------------------------------------------------------
  Processing Batch 2 (Size: 25)...
Bias Error: using Single Component
Mean: 23.4006, Std: 14.4922
------------------------------------------------------------------
Magnitude Error: 
 -- Sample 0: mean=49.9941%; std=18.2443
 -- Sample 1: mean=49.8258%; std=16.8112
 -- Sample 2: mean=48.2872%; std=17.4914
 -- Sample 3: mean=25.1656%; std=18.9794
 -- Sample 4: mean=30.6084%; std=20.0003
 -- Sample 5: mean=29.2324%; std=20.0048
 -- Sample 6: mean=26.7240%; std=19.4768
 -- Sample 7: mean=59.2981%; std=48.6291
 -- Sample 8: mean=66.7758%; std=55.5234
 -- Sample 9: mean=63.5197%; std=50.5560
 -- Sample 10: mean=68.5929%; std=48.9001
 -- Sample 11: mean=103.5750%; std=122.6419
 -- Sample 12: mean=96.1316%; std=106.1767
 -- Sample 13: mean=93.6132%; std=97.4399
 -- Sample 14: mean=93.4574%; std=94.8477
 -- Sample 15: mean=59.6193%; std=37.0408
 -- Sample 16: mean=55.5190%; std=37.4556
 -- Sample 17: mean=59.3226%; std=38.7758
 -- Sample 18: mean=60.5126%; std=31.4724
 -- Sample 19: mean=56.9462%; std=40.2869
 -- Sample 20: mean=65.4235%; std=47.1342
 -- Sample 21: mean=70.7506%; std=52.2723
 -- Sample 22: mean=61.8761%; std=42.8089
 -- Sample 23: mean=51.9382%; std=28.7363
 -- Sample 24: mean=51.3940%; std=29.7234
Mean: 59.9241%, Std: 20.3724%
------------------------------------------------------------------
Correlation comparison:
 -- Sample 0: 0.9394
 -- Sample 1: 0.9425
 -- Sample 2: 0.9446
 -- Sample 3: 0.9176
 -- Sample 4: 0.9074
 -- Sample 5: 0.9050
 -- Sample 6: 0.8999
 -- Sample 7: 0.6945
 -- Sample 8: 0.6688
 -- Sample 9: 0.6689
 -- Sample 10: 0.6670
 -- Sample 11: 0.3772
 -- Sample 12: 0.3813
 -- Sample 13: 0.3994
 -- Sample 14: 0.4122
 -- Sample 15: 0.6952
 -- Sample 16: 0.7184
 -- Sample 17: 0.7050
 -- Sample 18: 0.7259
 -- Sample 19: 0.5882
 -- Sample 20: 0.5642
 -- Sample 21: 0.5076
 -- Sample 22: 0.5365
 -- Sample 23: 0.7939
 -- Sample 24: 0.8309
Mean=0.6957, Std=0.1846
------------------------------------------------------------------
  Processing Batch 3 (Size: 25)...
Bias Error: using Single Component
Mean: 39.1311, Std: 45.8513
------------------------------------------------------------------
Magnitude Error: 
 -- Sample 0: mean=59.2168%; std=33.5714
 -- Sample 1: mean=55.7921%; std=34.3497
 -- Sample 2: mean=30.0254%; std=20.9282
 -- Sample 3: mean=34.3624%; std=23.9618
 -- Sample 4: mean=33.9460%; std=23.0996
 -- Sample 5: mean=31.8816%; std=23.1347
 -- Sample 6: mean=48.7212%; std=24.1619
 -- Sample 7: mean=50.2029%; std=23.7836
 -- Sample 8: mean=45.7517%; std=27.1821
 -- Sample 9: mean=43.7705%; std=29.0661
 -- Sample 10: mean=48.1301%; std=35.8765
 -- Sample 11: mean=46.0972%; std=32.6471
 -- Sample 12: mean=46.0933%; std=31.8733
 -- Sample 13: mean=53.5455%; std=44.0604
 -- Sample 14: mean=38.9782%; std=29.5594
 -- Sample 15: mean=38.6163%; std=32.4475
 -- Sample 16: mean=36.5686%; std=27.3728
 -- Sample 17: mean=37.4975%; std=28.7826
 -- Sample 18: mean=115.2370%; std=159.1680
 -- Sample 19: mean=133.0522%; std=173.9584
 -- Sample 20: mean=143.1108%; std=179.3682
 -- Sample 21: mean=129.1603%; std=206.6115
 -- Sample 22: mean=52.1867%; std=30.7195
 -- Sample 23: mean=47.7363%; std=30.1744
 -- Sample 24: mean=47.2138%; std=27.9869
Mean: 57.8758%, Std: 32.6174%
------------------------------------------------------------------
Correlation comparison:
 -- Sample 0: 0.7555
 -- Sample 1: 0.7577
 -- Sample 2: 0.9489
 -- Sample 3: 0.9295
 -- Sample 4: 0.9407
 -- Sample 5: 0.9502
 -- Sample 6: 0.9027
 -- Sample 7: 0.8901
 -- Sample 8: 0.9042
 -- Sample 9: 0.9067
 -- Sample 10: 0.7863
 -- Sample 11: 0.8270
 -- Sample 12: 0.7889
 -- Sample 13: 0.7358
 -- Sample 14: 0.9300
 -- Sample 15: 0.9351
 -- Sample 16: 0.9396
 -- Sample 17: 0.9373
 -- Sample 18: 0.5282
 -- Sample 19: 0.4505
 -- Sample 20: 0.4235
 -- Sample 21: 0.5160
 -- Sample 22: 0.7581
 -- Sample 23: 0.7913
 -- Sample 24: 0.7939
Mean=0.8011, Std=0.1581
------------------------------------------------------------------
  Processing Batch 4 (Size: 25)...
Bias Error: using Single Component
Mean: 45.9696, Std: 45.9892
------------------------------------------------------------------
Magnitude Error: 
 -- Sample 0: mean=46.5203%; std=27.8668
 -- Sample 1: mean=217.3121%; std=268.9625
 -- Sample 2: mean=184.6029%; std=215.5191
 -- Sample 3: mean=210.1944%; std=257.2796
 -- Sample 4: mean=226.2509%; std=281.0137
 -- Sample 5: mean=53.5368%; std=38.6046
 -- Sample 6: mean=53.3521%; std=35.2639
 -- Sample 7: mean=53.1998%; std=33.7799
 -- Sample 8: mean=56.8197%; std=46.8374
 -- Sample 9: mean=33.6903%; std=28.5098
 -- Sample 10: mean=33.5904%; std=24.5536
 -- Sample 11: mean=33.5199%; std=23.8397
 -- Sample 12: mean=37.8134%; std=28.3950
 -- Sample 13: mean=42.8043%; std=23.8845
 -- Sample 14: mean=40.4600%; std=24.1633
 -- Sample 15: mean=46.3840%; std=25.4760
 -- Sample 16: mean=47.2095%; std=23.3272
 -- Sample 17: mean=42.2470%; std=22.0874
 -- Sample 18: mean=44.8073%; std=23.1249
 -- Sample 19: mean=47.8204%; std=20.4842
 -- Sample 20: mean=46.9505%; std=21.2806
 -- Sample 21: mean=49.4809%; std=19.3655
 -- Sample 22: mean=50.2982%; std=19.0817
 -- Sample 23: mean=47.9529%; std=19.7393
 -- Sample 24: mean=46.9100%; std=19.9554
Mean: 71.7491%, Std: 60.7747%
------------------------------------------------------------------
Correlation comparison:
 -- Sample 0: 0.7973
 -- Sample 1: 0.2931
 -- Sample 2: 0.3325
 -- Sample 3: 0.3187
 -- Sample 4: 0.2767
 -- Sample 5: 0.7606
 -- Sample 6: 0.7247
 -- Sample 7: 0.7309
 -- Sample 8: 0.7400
 -- Sample 9: 0.9306
 -- Sample 10: 0.9327
 -- Sample 11: 0.9329
 -- Sample 12: 0.9176
 -- Sample 13: 0.8747
 -- Sample 14: 0.8937
 -- Sample 15: 0.8564
 -- Sample 16: 0.8753
 -- Sample 17: 0.8989
 -- Sample 18: 0.8876
 -- Sample 19: 0.9136
 -- Sample 20: 0.9118
 -- Sample 21: 0.8788
 -- Sample 22: 0.8815
 -- Sample 23: 0.8994
 -- Sample 24: 0.9017
Mean=0.7745, Std=0.2141
------------------------------------------------------------------
  Processing Batch 5 (Size: 25)...
Bias Error: using Single Component
Mean: 101.5483, Std: 149.2558
------------------------------------------------------------------
Magnitude Error: 
 -- Sample 0: mean=392.8185%; std=395.2898
 -- Sample 1: mean=367.8410%; std=376.1306
 -- Sample 2: mean=440.4721%; std=434.0745
 -- Sample 3: mean=399.5495%; std=373.6958
 -- Sample 4: mean=38.4984%; std=29.8575
 -- Sample 5: mean=36.0261%; std=24.6955
 -- Sample 6: mean=34.3277%; std=30.6693
 -- Sample 7: mean=37.5833%; std=34.9571
 -- Sample 8: mean=192.6433%; std=249.0999
 -- Sample 9: mean=196.4716%; std=276.8385
 -- Sample 10: mean=204.3419%; std=270.4764
 -- Sample 11: mean=186.5943%; std=229.4309
 -- Sample 12: mean=48.7013%; std=28.1769
 -- Sample 13: mean=49.0156%; std=26.6988
 -- Sample 14: mean=49.8124%; std=27.0536
 -- Sample 15: mean=52.7544%; std=32.0768
 -- Sample 16: mean=25.3460%; std=20.0145
 -- Sample 17: mean=22.1814%; std=17.7818
 -- Sample 18: mean=26.8655%; std=19.0565
 -- Sample 19: mean=26.2022%; std=21.4872
 -- Sample 20: mean=44.9690%; std=24.0624
 -- Sample 21: mean=43.3286%; std=21.5494
 -- Sample 22: mean=44.5156%; std=23.5478
 -- Sample 23: mean=44.1827%; std=22.2324
 -- Sample 24: mean=55.0288%; std=27.6561
Mean: 122.4029%, Std: 134.1353%
------------------------------------------------------------------
Correlation comparison:
 -- Sample 0: 0.4200
 -- Sample 1: 0.3870
 -- Sample 2: 0.4470
 -- Sample 3: 0.4423
 -- Sample 4: 0.8990
 -- Sample 5: 0.9090
 -- Sample 6: 0.9151
 -- Sample 7: 0.9066
 -- Sample 8: 0.4337
 -- Sample 9: 0.4279
 -- Sample 10: 0.4312
 -- Sample 11: 0.4526
 -- Sample 12: 0.7691
 -- Sample 13: 0.7706
 -- Sample 14: 0.7911
 -- Sample 15: 0.8070
 -- Sample 16: 0.9650
 -- Sample 17: 0.9643
 -- Sample 18: 0.9656
 -- Sample 19: 0.9656
 -- Sample 20: 0.8786
 -- Sample 21: 0.9048
 -- Sample 22: 0.8986
 -- Sample 23: 0.9021
 -- Sample 24: 0.8247
Mean=0.7391, Std=0.2190
------------------------------------------------------------------
  Processing Batch 6 (Size: 25)...
Bias Error: using Single Component
Mean: 18.3962, Std: 8.8548
------------------------------------------------------------------
Magnitude Error: 
 -- Sample 0: mean=55.1656%; std=28.8781
 -- Sample 1: mean=60.4778%; std=30.7703
 -- Sample 2: mean=51.8265%; std=26.5174
 -- Sample 3: mean=41.4073%; std=30.7015
 -- Sample 4: mean=48.1745%; std=41.0289
 -- Sample 5: mean=40.9794%; std=37.4000
 -- Sample 6: mean=42.1952%; std=33.1494
 -- Sample 7: mean=24.4503%; std=20.3250
 -- Sample 8: mean=26.7913%; std=21.0129
 -- Sample 9: mean=27.7113%; std=19.6324
 -- Sample 10: mean=24.6037%; std=19.4652
 -- Sample 11: mean=43.3760%; std=26.4978
 -- Sample 12: mean=47.2121%; std=26.8145
 -- Sample 13: mean=49.5345%; std=22.8798
 -- Sample 14: mean=49.2762%; std=23.3755
 -- Sample 15: mean=42.5990%; std=24.7403
 -- Sample 16: mean=43.1501%; std=22.9152
 -- Sample 17: mean=39.2252%; std=26.9998
 -- Sample 18: mean=42.2910%; std=24.7547
 -- Sample 19: mean=31.4576%; std=17.4534
 -- Sample 20: mean=34.8448%; std=17.3101
 -- Sample 21: mean=29.5384%; std=18.6828
 -- Sample 22: mean=32.0719%; std=17.7614
 -- Sample 23: mean=36.0549%; std=25.8587
 -- Sample 24: mean=37.3106%; std=31.0661
Mean: 40.0690%, Std: 9.4351%
------------------------------------------------------------------
Correlation comparison:
 -- Sample 0: 0.8135
 -- Sample 1: 0.7864
 -- Sample 2: 0.8299
 -- Sample 3: 0.8838
 -- Sample 4: 0.8540
 -- Sample 5: 0.8961
 -- Sample 6: 0.8758
 -- Sample 7: 0.9445
 -- Sample 8: 0.9415
 -- Sample 9: 0.9485
 -- Sample 10: 0.9514
 -- Sample 11: 0.8588
 -- Sample 12: 0.8174
 -- Sample 13: 0.8186
 -- Sample 14: 0.8014
 -- Sample 15: 0.8800
 -- Sample 16: 0.8679
 -- Sample 17: 0.8596
 -- Sample 18: 0.8853
 -- Sample 19: 0.9662
 -- Sample 20: 0.9596
 -- Sample 21: 0.9693
 -- Sample 22: 0.9682
 -- Sample 23: 0.8579
 -- Sample 24: 0.8711
Mean=0.8843, Std=0.0562
------------------------------------------------------------------
  Processing Batch 7 (Size: 25)...
Bias Error: using Single Component
Mean: 160.8248, Std: 214.1964
------------------------------------------------------------------
Magnitude Error: 
 -- Sample 0: mean=31.8804%; std=23.0165
 -- Sample 1: mean=31.7637%; std=25.6887
 -- Sample 2: mean=332.5464%; std=1721.9880
 -- Sample 3: mean=349.0311%; std=1811.8260
 -- Sample 4: mean=311.9860%; std=1588.7866
 -- Sample 5: mean=298.1917%; std=1476.8954
 -- Sample 6: mean=227.1416%; std=208.5424
 -- Sample 7: mean=216.5504%; std=199.4791
 -- Sample 8: mean=264.2328%; std=231.6690
 -- Sample 9: mean=251.1946%; std=233.7134
 -- Sample 10: mean=20.2878%; std=16.2737
 -- Sample 11: mean=20.7201%; std=16.4054
 -- Sample 12: mean=22.0123%; std=16.5050
 -- Sample 13: mean=23.2866%; std=17.4719
 -- Sample 14: mean=39.3254%; std=26.5130
 -- Sample 15: mean=40.2151%; std=25.5353
 -- Sample 16: mean=40.6816%; std=28.9187
 -- Sample 17: mean=38.4294%; std=28.3210
 -- Sample 18: mean=136.9192%; std=138.7046
 -- Sample 19: mean=139.8980%; std=145.6098
 -- Sample 20: mean=139.3733%; std=157.3142
 -- Sample 21: mean=112.2402%; std=109.2163
 -- Sample 22: mean=48.3099%; std=49.9720
 -- Sample 23: mean=48.1001%; std=45.4997
 -- Sample 24: mean=42.0904%; std=38.8528
Mean: 129.0563%, Std: 113.2482%
------------------------------------------------------------------
Correlation comparison:
 -- Sample 0: 0.9050
 -- Sample 1: 0.9117
 -- Sample 2: 0.0015
 -- Sample 3: -0.0078
 -- Sample 4: 0.0212
 -- Sample 5: 0.0072
 -- Sample 6: 0.5742
 -- Sample 7: 0.5312
 -- Sample 8: 0.5739
 -- Sample 9: 0.5741
 -- Sample 10: 0.9355
 -- Sample 11: 0.9383
 -- Sample 12: 0.9381
 -- Sample 13: 0.9181
 -- Sample 14: 0.9299
 -- Sample 15: 0.9248
 -- Sample 16: 0.9276
 -- Sample 17: 0.9384
 -- Sample 18: 0.6634
 -- Sample 19: 0.6429
 -- Sample 20: 0.6411
 -- Sample 21: 0.7106
 -- Sample 22: 0.8745
 -- Sample 23: 0.8751
 -- Sample 24: 0.9119
Mean=0.6745, Std=0.3237
------------------------------------------------------------------
  Processing Batch 8 (Size: 25)...
Bias Error: using Single Component
Mean: 39.6557, Std: 57.9653
------------------------------------------------------------------
Magnitude Error: 
 -- Sample 0: mean=41.1951%; std=35.4275
 -- Sample 1: mean=237.6265%; std=311.6778
 -- Sample 2: mean=218.9535%; std=272.0277
 -- Sample 3: mean=231.2299%; std=277.6553
 -- Sample 4: mean=216.2033%; std=252.2286
 -- Sample 5: mean=34.0713%; std=34.9657
 -- Sample 6: mean=31.0759%; std=30.8256
 -- Sample 7: mean=30.0895%; std=31.0601
 -- Sample 8: mean=28.5472%; std=27.0560
 -- Sample 9: mean=41.4191%; std=37.6530
 -- Sample 10: mean=44.6112%; std=45.8735
 -- Sample 11: mean=42.5148%; std=43.8645
 -- Sample 12: mean=54.8275%; std=52.9198
 -- Sample 13: mean=51.8228%; std=37.2286
 -- Sample 14: mean=47.3408%; std=34.8236
 -- Sample 15: mean=50.5964%; std=39.2664
 -- Sample 16: mean=48.8637%; std=32.0769
 -- Sample 17: mean=42.0687%; std=41.5029
 -- Sample 18: mean=41.2073%; std=35.0092
 -- Sample 19: mean=40.0185%; std=30.0845
 -- Sample 20: mean=38.7843%; std=34.7257
 -- Sample 21: mean=44.2487%; std=26.8442
 -- Sample 22: mean=45.8143%; std=31.3757
 -- Sample 23: mean=41.9880%; std=30.5609
 -- Sample 24: mean=47.1747%; std=33.2637
Mean: 71.6917%, Std: 67.7295%
------------------------------------------------------------------
Correlation comparison:
 -- Sample 0: 0.8977
 -- Sample 1: 0.2817
 -- Sample 2: 0.2787
 -- Sample 3: 0.2913
 -- Sample 4: 0.3211
 -- Sample 5: 0.9438
 -- Sample 6: 0.9490
 -- Sample 7: 0.9459
 -- Sample 8: 0.9541
 -- Sample 9: 0.9194
 -- Sample 10: 0.9049
 -- Sample 11: 0.9157
 -- Sample 12: 0.8920
 -- Sample 13: 0.7866
 -- Sample 14: 0.8155
 -- Sample 15: 0.8148
 -- Sample 16: 0.7967
 -- Sample 17: 0.8878
 -- Sample 18: 0.8861
 -- Sample 19: 0.8958
 -- Sample 20: 0.8860
 -- Sample 21: 0.8294
 -- Sample 22: 0.8136
 -- Sample 23: 0.8436
 -- Sample 24: 0.8238
Mean=0.7830, Std=0.2193
------------------------------------------------------------------
  Processing Batch 9 (Size: 24)...
Bias Error: using Single Component
Mean: 68.6778, Std: 60.5154
------------------------------------------------------------------
Magnitude Error: 
 -- Sample 0: mean=70.9521%; std=73.0253
 -- Sample 1: mean=66.8392%; std=60.3479
 -- Sample 2: mean=68.0416%; std=70.9831
 -- Sample 3: mean=70.0092%; std=65.2131
 -- Sample 4: mean=49.4317%; std=29.4977
 -- Sample 5: mean=50.9445%; std=32.3930
 -- Sample 6: mean=60.2427%; std=25.7533
 -- Sample 7: mean=52.5841%; std=26.7423
 -- Sample 8: mean=175.9553%; std=195.8674
 -- Sample 9: mean=138.8566%; std=144.5238
 -- Sample 10: mean=137.4175%; std=139.7662
 -- Sample 11: mean=136.7358%; std=146.2381
 -- Sample 12: mean=302.2060%; std=314.6637
 -- Sample 13: mean=246.2059%; std=236.6225
 -- Sample 14: mean=262.1687%; std=263.8997
 -- Sample 15: mean=237.7704%; std=253.9785
 -- Sample 16: mean=108.3648%; std=150.3870
 -- Sample 17: mean=92.8916%; std=109.5847
 -- Sample 18: mean=101.8316%; std=118.5152
 -- Sample 19: mean=127.6621%; std=168.5826
 -- Sample 20: mean=45.1538%; std=22.4680
 -- Sample 21: mean=44.8271%; std=20.6771
 -- Sample 22: mean=40.1261%; std=19.0334
 -- Sample 23: mean=43.1250%; std=18.9894
Mean: 113.7643%, Std: 76.2239%
------------------------------------------------------------------
Correlation comparison:
 -- Sample 0: 0.7449
 -- Sample 1: 0.7714
 -- Sample 2: 0.7518
 -- Sample 3: 0.7540
 -- Sample 4: 0.7566
 -- Sample 5: 0.7896
 -- Sample 6: 0.6864
 -- Sample 7: 0.7437
 -- Sample 8: 0.4278
 -- Sample 9: 0.4826
 -- Sample 10: 0.5082
 -- Sample 11: 0.5098
 -- Sample 12: 0.4168
 -- Sample 13: 0.4629
 -- Sample 14: 0.4648
 -- Sample 15: 0.4755
 -- Sample 16: 0.4489
 -- Sample 17: 0.5517
 -- Sample 18: 0.5536
 -- Sample 19: 0.5050
 -- Sample 20: 0.9200
 -- Sample 21: 0.9202
 -- Sample 22: 0.9301
 -- Sample 23: 0.9309
Mean=0.6461, Std=0.1757
------------------------------------------------------------------

Processing Dataset: Berea Sinter Gray
  Processing Batch 1 (Size: 25)...
Bias Error: using Single Component
Mean: 33.2115, Std: 32.7269
------------------------------------------------------------------
Magnitude Error: 
 -- Sample 0: mean=60.9230%; std=57.9472
 -- Sample 1: mean=52.7566%; std=42.9186
 -- Sample 2: mean=43.5743%; std=40.1122
 -- Sample 3: mean=44.5824%; std=41.4228
 -- Sample 4: mean=50.7335%; std=40.3331
 -- Sample 5: mean=58.5500%; std=54.8695
 -- Sample 6: mean=49.7038%; std=42.7186
 -- Sample 7: mean=54.1693%; std=42.6865
 -- Sample 8: mean=41.2272%; std=25.1244
 -- Sample 9: mean=47.6725%; std=31.6026
 -- Sample 10: mean=49.5241%; std=27.3789
 -- Sample 11: mean=42.9042%; std=24.9641
 -- Sample 12: mean=49.6935%; std=44.4317
 -- Sample 13: mean=40.6327%; std=35.0762
 -- Sample 14: mean=37.9157%; std=33.7296
 -- Sample 15: mean=41.8713%; std=36.8190
 -- Sample 16: mean=61.6849%; std=69.5252
 -- Sample 17: mean=50.4880%; std=57.4633
 -- Sample 18: mean=49.8321%; std=56.6183
 -- Sample 19: mean=57.0233%; std=64.6669
 -- Sample 20: mean=133.6329%; std=123.2686
 -- Sample 21: mean=147.9953%; std=135.2235
 -- Sample 22: mean=122.1109%; std=116.6483
 -- Sample 23: mean=109.0781%; std=96.9793
 -- Sample 24: mean=38.7841%; std=23.7459
Mean: 61.4826%, Std: 30.3480%
------------------------------------------------------------------
Correlation comparison:
 -- Sample 0: 0.7792
 -- Sample 1: 0.7962
 -- Sample 2: 0.8394
 -- Sample 3: 0.8248
 -- Sample 4: 0.6832
 -- Sample 5: 0.6473
 -- Sample 6: 0.6664
 -- Sample 7: 0.6485
 -- Sample 8: 0.8885
 -- Sample 9: 0.8834
 -- Sample 10: 0.8800
 -- Sample 11: 0.8855
 -- Sample 12: 0.9311
 -- Sample 13: 0.9309
 -- Sample 14: 0.9338
 -- Sample 15: 0.9214
 -- Sample 16: 0.8178
 -- Sample 17: 0.8210
 -- Sample 18: 0.8369
 -- Sample 19: 0.8287
 -- Sample 20: 0.6678
 -- Sample 21: 0.6541
 -- Sample 22: 0.6561
 -- Sample 23: 0.6954
 -- Sample 24: 0.9134
Mean=0.8012, Std=0.1024
------------------------------------------------------------------
  Processing Batch 2 (Size: 25)...
Bias Error: using Single Component
Mean: 58.7630, Std: 78.8599
------------------------------------------------------------------
Magnitude Error: 
 -- Sample 0: mean=40.1799%; std=23.3564
 -- Sample 1: mean=43.6081%; std=22.0666
 -- Sample 2: mean=38.8924%; std=22.6249
 -- Sample 3: mean=96.9598%; std=152.8933
 -- Sample 4: mean=99.4249%; std=153.5639
 -- Sample 5: mean=104.8776%; std=159.8347
 -- Sample 6: mean=102.1546%; std=157.3101
 -- Sample 7: mean=90.9860%; std=93.7502
 -- Sample 8: mean=105.2389%; std=112.8582
 -- Sample 9: mean=121.5508%; std=141.6117
 -- Sample 10: mean=114.6957%; std=126.1028
 -- Sample 11: mean=325.0453%; std=434.0213
 -- Sample 12: mean=262.8250%; std=371.4113
 -- Sample 13: mean=310.6444%; std=397.4997
 -- Sample 14: mean=355.3111%; std=452.8965
 -- Sample 15: mean=45.6128%; std=28.5157
 -- Sample 16: mean=47.0943%; std=35.8482
 -- Sample 17: mean=50.3217%; std=33.3617
 -- Sample 18: mean=46.0687%; std=30.8240
 -- Sample 19: mean=35.7205%; std=21.4645
 -- Sample 20: mean=37.5590%; std=22.0632
 -- Sample 21: mean=33.0972%; std=21.1162
 -- Sample 22: mean=35.4785%; std=23.6541
 -- Sample 23: mean=35.5545%; std=23.7386
 -- Sample 24: mean=33.1209%; std=24.2088
Mean: 104.4809%, Std: 96.7387%
------------------------------------------------------------------
Correlation comparison:
 -- Sample 0: 0.9014
 -- Sample 1: 0.9123
 -- Sample 2: 0.9279
 -- Sample 3: 0.5730
 -- Sample 4: 0.6242
 -- Sample 5: 0.6081
 -- Sample 6: 0.6267
 -- Sample 7: 0.6539
 -- Sample 8: 0.6438
 -- Sample 9: 0.6334
 -- Sample 10: 0.6583
 -- Sample 11: 0.3966
 -- Sample 12: 0.4321
 -- Sample 13: 0.4227
 -- Sample 14: 0.3863
 -- Sample 15: 0.7899
 -- Sample 16: 0.7703
 -- Sample 17: 0.7291
 -- Sample 18: 0.7603
 -- Sample 19: 0.9416
 -- Sample 20: 0.9355
 -- Sample 21: 0.9543
 -- Sample 22: 0.9551
 -- Sample 23: 0.9475
 -- Sample 24: 0.9476
Mean=0.7253, Std=0.1888
------------------------------------------------------------------
  Processing Batch 3 (Size: 25)...
Bias Error: using Single Component
Mean: 22.2235, Std: 13.1514
------------------------------------------------------------------
Magnitude Error: 
 -- Sample 0: mean=37.8024%; std=23.8520
 -- Sample 1: mean=40.2471%; std=23.3910
 -- Sample 2: mean=36.6274%; std=25.7419
 -- Sample 3: mean=38.8304%; std=26.6411
 -- Sample 4: mean=29.9738%; std=23.8788
 -- Sample 5: mean=37.8634%; std=28.5003
 -- Sample 6: mean=49.5084%; std=23.3761
 -- Sample 7: mean=55.9187%; std=25.3791
 -- Sample 8: mean=52.4755%; std=23.1207
 -- Sample 9: mean=50.9154%; std=21.9263
 -- Sample 10: mean=41.2186%; std=25.6157
 -- Sample 11: mean=39.9707%; std=24.2381
 -- Sample 12: mean=36.2101%; std=23.6878
 -- Sample 13: mean=40.0653%; std=26.0360
 -- Sample 14: mean=60.0120%; std=47.1330
 -- Sample 15: mean=49.0045%; std=41.3431
 -- Sample 16: mean=67.9940%; std=60.1407
 -- Sample 17: mean=68.1352%; std=47.6251
 -- Sample 18: mean=61.4172%; std=49.5872
 -- Sample 19: mean=54.3951%; std=50.9429
 -- Sample 20: mean=60.4722%; std=46.4801
 -- Sample 21: mean=61.4502%; std=52.3785
 -- Sample 22: mean=41.0093%; std=17.4948
 -- Sample 23: mean=43.3118%; std=20.0367
 -- Sample 24: mean=41.1894%; std=20.5615
Mean: 47.8407%, Std: 10.6501%
------------------------------------------------------------------
Correlation comparison:
 -- Sample 0: 0.9520
 -- Sample 1: 0.9427
 -- Sample 2: 0.8922
 -- Sample 3: 0.8864
 -- Sample 4: 0.9069
 -- Sample 5: 0.8881
 -- Sample 6: 0.8902
 -- Sample 7: 0.8429
 -- Sample 8: 0.8496
 -- Sample 9: 0.8787
 -- Sample 10: 0.8729
 -- Sample 11: 0.8960
 -- Sample 12: 0.9151
 -- Sample 13: 0.8872
 -- Sample 14: 0.8497
 -- Sample 15: 0.8770
 -- Sample 16: 0.8510
 -- Sample 17: 0.8606
 -- Sample 18: 0.6813
 -- Sample 19: 0.6858
 -- Sample 20: 0.6691
 -- Sample 21: 0.6630
 -- Sample 22: 0.9482
 -- Sample 23: 0.9140
 -- Sample 24: 0.9122
Mean=0.8565, Std=0.0844
------------------------------------------------------------------
  Processing Batch 4 (Size: 25)...
Bias Error: using Single Component
Mean: 39.5431, Std: 35.3549
------------------------------------------------------------------
Magnitude Error: 
 -- Sample 0: mean=41.8681%; std=17.5095
 -- Sample 1: mean=38.9218%; std=22.0773
 -- Sample 2: mean=34.2437%; std=23.7121
 -- Sample 3: mean=33.3428%; std=22.9545
 -- Sample 4: mean=36.0114%; std=22.4681
 -- Sample 5: mean=66.4522%; std=61.1845
 -- Sample 6: mean=70.6365%; std=63.6453
 -- Sample 7: mean=64.4080%; std=53.4855
 -- Sample 8: mean=80.9892%; std=77.9826
 -- Sample 9: mean=53.2282%; std=56.4734
 -- Sample 10: mean=48.2661%; std=48.7226
 -- Sample 11: mean=40.0267%; std=36.4154
 -- Sample 12: mean=38.4218%; std=35.3494
 -- Sample 13: mean=34.5884%; std=22.3088
 -- Sample 14: mean=36.8989%; std=25.9911
 -- Sample 15: mean=32.7889%; std=20.7476
 -- Sample 16: mean=32.3686%; std=19.7181
 -- Sample 17: mean=53.3520%; std=56.6304
 -- Sample 18: mean=63.1188%; std=65.9867
 -- Sample 19: mean=62.1704%; std=59.9460
 -- Sample 20: mean=55.0601%; std=53.7987
 -- Sample 21: mean=96.2306%; std=62.8054
 -- Sample 22: mean=106.9123%; std=69.9691
 -- Sample 23: mean=100.5770%; std=73.9428
 -- Sample 24: mean=84.5008%; std=69.2121
Mean: 56.2153%, Std: 22.4088%
------------------------------------------------------------------
Correlation comparison:
 -- Sample 0: 0.9484
 -- Sample 1: 0.9442
 -- Sample 2: 0.9452
 -- Sample 3: 0.9527
 -- Sample 4: 0.9470
 -- Sample 5: 0.7290
 -- Sample 6: 0.7045
 -- Sample 7: 0.7330
 -- Sample 8: 0.6713
 -- Sample 9: 0.7604
 -- Sample 10: 0.7992
 -- Sample 11: 0.8159
 -- Sample 12: 0.8057
 -- Sample 13: 0.8961
 -- Sample 14: 0.8929
 -- Sample 15: 0.9105
 -- Sample 16: 0.9129
 -- Sample 17: 0.7990
 -- Sample 18: 0.7677
 -- Sample 19: 0.7976
 -- Sample 20: 0.8133
 -- Sample 21: 0.8116
 -- Sample 22: 0.8040
 -- Sample 23: 0.7845
 -- Sample 24: 0.7762
Mean=0.8289, Std=0.0825
------------------------------------------------------------------
  Processing Batch 5 (Size: 25)...
Bias Error: using Single Component
Mean: 102.5828, Std: 126.8685
------------------------------------------------------------------
Magnitude Error: 
 -- Sample 0: mean=47.4794%; std=28.9813
 -- Sample 1: mean=38.3844%; std=23.6774
 -- Sample 2: mean=37.4769%; std=25.5239
 -- Sample 3: mean=41.8094%; std=27.1202
 -- Sample 4: mean=54.6290%; std=23.6521
 -- Sample 5: mean=56.9910%; std=20.6172
 -- Sample 6: mean=55.0964%; std=19.0710
 -- Sample 7: mean=54.4778%; std=22.8245
 -- Sample 8: mean=55.2294%; std=36.1548
 -- Sample 9: mean=55.1759%; std=36.3552
 -- Sample 10: mean=49.2264%; std=31.2077
 -- Sample 11: mean=50.5639%; std=32.2927
 -- Sample 12: mean=53.5336%; std=17.1585
 -- Sample 13: mean=51.4444%; std=18.8811
 -- Sample 14: mean=50.0833%; std=19.3059
 -- Sample 15: mean=54.1057%; std=17.9384
 -- Sample 16: mean=85.8352%; std=106.7670
 -- Sample 17: mean=105.9685%; std=116.4673
 -- Sample 18: mean=101.3386%; std=142.0170
 -- Sample 19: mean=98.4565%; std=106.3635
 -- Sample 20: mean=313.9989%; std=344.3965
 -- Sample 21: mean=383.0554%; std=379.1218
 -- Sample 22: mean=374.3256%; std=380.4280
 -- Sample 23: mean=367.0288%; std=387.5659
 -- Sample 24: mean=364.0178%; std=367.7677
Mean: 119.9893%, Std: 122.0539%
------------------------------------------------------------------
Correlation comparison:
 -- Sample 0: 0.7820
 -- Sample 1: 0.8618
 -- Sample 2: 0.8691
 -- Sample 3: 0.8302
 -- Sample 4: 0.8357
 -- Sample 5: 0.8691
 -- Sample 6: 0.8938
 -- Sample 7: 0.8503
 -- Sample 8: 0.8008
 -- Sample 9: 0.8084
 -- Sample 10: 0.8354
 -- Sample 11: 0.8120
 -- Sample 12: 0.9344
 -- Sample 13: 0.9293
 -- Sample 14: 0.9352
 -- Sample 15: 0.9337
 -- Sample 16: 0.6940
 -- Sample 17: 0.6995
 -- Sample 18: 0.6519
 -- Sample 19: 0.6312
 -- Sample 20: 0.6135
 -- Sample 21: 0.6237
 -- Sample 22: 0.6146
 -- Sample 23: 0.6245
 -- Sample 24: 0.1817
Mean=0.7646, Std=0.1617
------------------------------------------------------------------
  Processing Batch 6 (Size: 25)...
Bias Error: using Single Component
Mean: 66.3407, Std: 113.2498
------------------------------------------------------------------
Magnitude Error: 
 -- Sample 0: mean=361.9699%; std=394.9772
 -- Sample 1: mean=465.5824%; std=443.6216
 -- Sample 2: mean=428.6354%; std=375.0847
 -- Sample 3: mean=28.8096%; std=22.2434
 -- Sample 4: mean=31.6306%; std=20.0891
 -- Sample 5: mean=28.8998%; std=18.8372
 -- Sample 6: mean=29.1473%; std=22.0546
 -- Sample 7: mean=36.3052%; std=30.4808
 -- Sample 8: mean=38.4053%; std=30.3914
 -- Sample 9: mean=44.8560%; std=28.6851
 -- Sample 10: mean=38.9093%; std=33.9151
 -- Sample 11: mean=54.0221%; std=55.0022
 -- Sample 12: mean=47.8503%; std=47.2178
 -- Sample 13: mean=53.9272%; std=61.7607
 -- Sample 14: mean=51.9883%; std=57.2093
 -- Sample 15: mean=46.6229%; std=36.7124
 -- Sample 16: mean=38.7434%; std=29.6990
 -- Sample 17: mean=39.3007%; std=28.3665
 -- Sample 18: mean=40.6270%; std=32.7179
 -- Sample 19: mean=82.2284%; std=99.4093
 -- Sample 20: mean=87.0957%; std=117.0927
 -- Sample 21: mean=81.1911%; std=102.7674
 -- Sample 22: mean=82.0420%; std=93.5707
 -- Sample 23: mean=54.5060%; std=28.7658
 -- Sample 24: mean=50.9569%; std=29.8321
Mean: 93.7701%, Std: 122.0586%
------------------------------------------------------------------
Correlation comparison:
 -- Sample 0: 0.2045
 -- Sample 1: 0.2296
 -- Sample 2: 0.2591
 -- Sample 3: 0.9374
 -- Sample 4: 0.9384
 -- Sample 5: 0.9495
 -- Sample 6: 0.9393
 -- Sample 7: 0.9468
 -- Sample 8: 0.9557
 -- Sample 9: 0.9636
 -- Sample 10: 0.9519
 -- Sample 11: 0.9436
 -- Sample 12: 0.9241
 -- Sample 13: 0.9168
 -- Sample 14: 0.9377
 -- Sample 15: 0.8052
 -- Sample 16: 0.8233
 -- Sample 17: 0.8065
 -- Sample 18: 0.8110
 -- Sample 19: 0.6734
 -- Sample 20: 0.6335
 -- Sample 21: 0.6602
 -- Sample 22: 0.6455
 -- Sample 23: 0.7636
 -- Sample 24: 0.7764
Mean=0.7759, Std=0.2273
------------------------------------------------------------------
  Processing Batch 7 (Size: 25)...
Bias Error: using Single Component
Mean: 34.6818, Std: 28.0035
------------------------------------------------------------------
Magnitude Error: 
 -- Sample 0: mean=56.0441%; std=31.7582
 -- Sample 1: mean=52.5312%; std=30.1034
 -- Sample 2: mean=30.0743%; std=19.9815
 -- Sample 3: mean=39.0778%; std=20.8749
 -- Sample 4: mean=32.8694%; std=20.2608
 -- Sample 5: mean=28.6315%; std=20.7099
 -- Sample 6: mean=124.6795%; std=136.4465
 -- Sample 7: mean=109.5386%; std=105.3436
 -- Sample 8: mean=115.0456%; std=108.6071
 -- Sample 9: mean=145.1109%; std=160.2839
 -- Sample 10: mean=33.6989%; std=22.8533
 -- Sample 11: mean=30.3191%; std=24.6857
 -- Sample 12: mean=21.8634%; std=17.9074
 -- Sample 13: mean=40.2675%; std=31.2108
 -- Sample 14: mean=50.7623%; std=22.3711
 -- Sample 15: mean=48.2821%; std=22.2809
 -- Sample 16: mean=43.9471%; std=22.8960
 -- Sample 17: mean=46.6355%; std=21.5358
 -- Sample 18: mean=50.2627%; std=56.9778
 -- Sample 19: mean=50.8969%; std=47.8773
 -- Sample 20: mean=48.6249%; std=37.1423
 -- Sample 21: mean=41.2702%; std=33.8865
 -- Sample 22: mean=59.0366%; std=40.3466
 -- Sample 23: mean=51.1730%; std=34.2532
 -- Sample 24: mean=52.7696%; std=30.7821
Mean: 56.1365%, Std: 31.3225%
------------------------------------------------------------------
Correlation comparison:
 -- Sample 0: 0.7478
 -- Sample 1: 0.7838
 -- Sample 2: 0.9395
 -- Sample 3: 0.8933
 -- Sample 4: 0.9319
 -- Sample 5: 0.9396
 -- Sample 6: 0.6621
 -- Sample 7: 0.7491
 -- Sample 8: 0.7424
 -- Sample 9: 0.6337
 -- Sample 10: 0.9571
 -- Sample 11: 0.9211
 -- Sample 12: 0.9446
 -- Sample 13: 0.9465
 -- Sample 14: 0.9392
 -- Sample 15: 0.9335
 -- Sample 16: 0.9449
 -- Sample 17: 0.9479
 -- Sample 18: 0.6850
 -- Sample 19: 0.6919
 -- Sample 20: 0.7212
 -- Sample 21: 0.7713
 -- Sample 22: 0.6920
 -- Sample 23: 0.7619
 -- Sample 24: 0.7321
Mean=0.8245, Std=0.1126
------------------------------------------------------------------
  Processing Batch 8 (Size: 17)...
Bias Error: using Single Component
Mean: 28.2264, Std: 16.4762
------------------------------------------------------------------
Magnitude Error: 
 -- Sample 0: mean=55.3532%; std=32.7656
 -- Sample 1: mean=77.3915%; std=76.9910
 -- Sample 2: mean=77.8931%; std=79.1738
 -- Sample 3: mean=75.2786%; std=77.0824
 -- Sample 4: mean=84.3203%; std=97.6988
 -- Sample 5: mean=54.0672%; std=36.8624
 -- Sample 6: mean=47.2739%; std=30.8696
 -- Sample 7: mean=44.2998%; std=30.3514
 -- Sample 8: mean=49.6272%; std=37.5100
 -- Sample 9: mean=33.5553%; std=24.1453
 -- Sample 10: mean=35.0396%; std=24.7795
 -- Sample 11: mean=37.0802%; std=24.2120
 -- Sample 12: mean=33.1987%; std=24.4612
 -- Sample 13: mean=45.4000%; std=31.1607
 -- Sample 14: mean=42.0922%; std=28.2265
 -- Sample 15: mean=45.3014%; std=30.2558
 -- Sample 16: mean=47.0996%; std=29.2528
Mean: 52.0160%, Std: 16.1227%
------------------------------------------------------------------
Correlation comparison:
 -- Sample 0: 0.7017
 -- Sample 1: 0.7890
 -- Sample 2: 0.8089
 -- Sample 3: 0.8214
 -- Sample 4: 0.7671
 -- Sample 5: 0.8690
 -- Sample 6: 0.8651
 -- Sample 7: 0.8676
 -- Sample 8: 0.8577
 -- Sample 9: 0.9364
 -- Sample 10: 0.9232
 -- Sample 11: 0.9148
 -- Sample 12: 0.9379
 -- Sample 13: 0.8580
 -- Sample 14: 0.8718
 -- Sample 15: 0.8985
 -- Sample 16: 0.8793
Mean=0.8569, Std=0.0612
------------------------------------------------------------------

Processing Dataset: Berea
  Processing Batch 1 (Size: 25)...
Bias Error: using Single Component
Mean: 32.9261, Std: 29.9922
------------------------------------------------------------------
Magnitude Error: 
 -- Sample 0: mean=96.2780%; std=77.0981
 -- Sample 1: mean=120.0129%; std=97.7938
 -- Sample 2: mean=112.1655%; std=83.1372
 -- Sample 3: mean=108.8847%; std=92.9981
 -- Sample 4: mean=71.4228%; std=46.7870
 -- Sample 5: mean=64.8036%; std=42.3374
 -- Sample 6: mean=57.1046%; std=41.5299
 -- Sample 7: mean=55.3338%; std=41.4295
 -- Sample 8: mean=102.0604%; std=94.7722
 -- Sample 9: mean=91.9660%; std=89.1087
 -- Sample 10: mean=109.6429%; std=113.2884
 -- Sample 11: mean=92.6112%; std=90.4425
 -- Sample 12: mean=37.2676%; std=25.8628
 -- Sample 13: mean=41.0723%; std=26.4209
 -- Sample 14: mean=39.9849%; std=27.6355
 -- Sample 15: mean=36.3621%; std=27.9547
 -- Sample 16: mean=42.0531%; std=22.3061
 -- Sample 17: mean=40.4531%; std=19.8394
 -- Sample 18: mean=37.9834%; std=18.2967
 -- Sample 19: mean=41.4109%; std=21.3895
 -- Sample 20: mean=38.8597%; std=33.9737
 -- Sample 21: mean=49.5512%; std=49.6690
 -- Sample 22: mean=44.8729%; std=29.5680
 -- Sample 23: mean=40.1585%; std=31.7473
 -- Sample 24: mean=27.9838%; std=19.7339
Mean: 64.0120%, Std: 29.4626%
------------------------------------------------------------------
Correlation comparison:
 -- Sample 0: 0.6380
 -- Sample 1: 0.5668
 -- Sample 2: 0.5852
 -- Sample 3: 0.5721
 -- Sample 4: 0.7341
 -- Sample 5: 0.7397
 -- Sample 6: 0.8091
 -- Sample 7: 0.8195
 -- Sample 8: 0.7552
 -- Sample 9: 0.7673
 -- Sample 10: 0.7305
 -- Sample 11: 0.7934
 -- Sample 12: 0.8927
 -- Sample 13: 0.8755
 -- Sample 14: 0.8814
 -- Sample 15: 0.9031
 -- Sample 16: 0.8963
 -- Sample 17: 0.9300
 -- Sample 18: 0.9466
 -- Sample 19: 0.9196
 -- Sample 20: 0.8163
 -- Sample 21: 0.7511
 -- Sample 22: 0.8204
 -- Sample 23: 0.8150
 -- Sample 24: 0.9268
Mean=0.7954, Std=0.1109
------------------------------------------------------------------
  Processing Batch 2 (Size: 25)...
Bias Error: using Single Component
Mean: 27.1521, Std: 14.7409
------------------------------------------------------------------
Magnitude Error: 
 -- Sample 0: mean=29.5603%; std=20.1636
 -- Sample 1: mean=27.2128%; std=19.5084
 -- Sample 2: mean=27.2775%; std=16.8835
 -- Sample 3: mean=35.4512%; std=18.4809
 -- Sample 4: mean=32.1856%; std=18.4637
 -- Sample 5: mean=33.3967%; std=19.8165
 -- Sample 6: mean=33.0598%; std=21.1513
 -- Sample 7: mean=65.5266%; std=30.3449
 -- Sample 8: mean=61.6972%; std=29.4704
 -- Sample 9: mean=57.6873%; std=30.2878
 -- Sample 10: mean=61.9618%; std=34.7267
 -- Sample 11: mean=76.3511%; std=82.2064
 -- Sample 12: mean=85.4915%; std=85.3116
 -- Sample 13: mean=83.6061%; std=79.4640
 -- Sample 14: mean=83.9284%; std=85.0100
 -- Sample 15: mean=53.2369%; std=17.1716
 -- Sample 16: mean=48.9301%; std=19.3964
 -- Sample 17: mean=51.1064%; std=17.9173
 -- Sample 18: mean=49.4416%; std=18.4498
 -- Sample 19: mean=28.8021%; std=19.9368
 -- Sample 20: mean=34.6311%; std=20.7685
 -- Sample 21: mean=32.7207%; std=20.8784
 -- Sample 22: mean=30.2828%; std=21.6823
 -- Sample 23: mean=42.7710%; std=24.0791
 -- Sample 24: mean=43.9682%; std=24.4113
Mean: 48.4114%, Std: 18.7310%
------------------------------------------------------------------
Correlation comparison:
 -- Sample 0: 0.9422
 -- Sample 1: 0.9445
 -- Sample 2: 0.9469
 -- Sample 3: 0.9041
 -- Sample 4: 0.9267
 -- Sample 5: 0.9239
 -- Sample 6: 0.9141
 -- Sample 7: 0.7333
 -- Sample 8: 0.7604
 -- Sample 9: 0.7626
 -- Sample 10: 0.7495
 -- Sample 11: 0.7005
 -- Sample 12: 0.6777
 -- Sample 13: 0.6989
 -- Sample 14: 0.6719
 -- Sample 15: 0.9548
 -- Sample 16: 0.9459
 -- Sample 17: 0.9548
 -- Sample 18: 0.9503
 -- Sample 19: 0.9548
 -- Sample 20: 0.9393
 -- Sample 21: 0.9500
 -- Sample 22: 0.9493
 -- Sample 23: 0.9182
 -- Sample 24: 0.9045
Mean=0.8672, Std=0.1042
------------------------------------------------------------------
  Processing Batch 3 (Size: 25)...
Bias Error: using Single Component
Mean: 32.0335, Std: 21.9548
------------------------------------------------------------------
Magnitude Error: 
 -- Sample 0: mean=40.7979%; std=21.8412
 -- Sample 1: mean=46.6313%; std=22.7721
 -- Sample 2: mean=110.6092%; std=90.7593
 -- Sample 3: mean=101.3406%; std=91.1770
 -- Sample 4: mean=100.7117%; std=88.2059
 -- Sample 5: mean=112.6391%; std=96.0697
 -- Sample 6: mean=49.7342%; std=28.3794
 -- Sample 7: mean=49.0557%; std=29.9090
 -- Sample 8: mean=53.8217%; std=28.4301
 -- Sample 9: mean=55.5651%; std=29.2561
 -- Sample 10: mean=43.1558%; std=18.8014
 -- Sample 11: mean=42.0038%; std=18.7235
 -- Sample 12: mean=43.7788%; std=17.3030
 -- Sample 13: mean=43.8744%; std=19.2213
 -- Sample 14: mean=39.5234%; std=24.4360
 -- Sample 15: mean=39.2438%; std=23.2917
 -- Sample 16: mean=37.1181%; std=23.5069
 -- Sample 17: mean=37.9095%; std=24.5033
 -- Sample 18: mean=51.3633%; std=38.2522
 -- Sample 19: mean=46.7822%; std=31.5940
 -- Sample 20: mean=52.4292%; std=36.5336
 -- Sample 21: mean=50.9748%; std=30.5910
 -- Sample 22: mean=53.4411%; std=31.4605
 -- Sample 23: mean=54.6947%; std=33.8058
 -- Sample 24: mean=45.8185%; std=30.1320
Mean: 56.1207%, Std: 22.6324%
------------------------------------------------------------------
Correlation comparison:
 -- Sample 0: 0.9273
 -- Sample 1: 0.9129
 -- Sample 2: 0.7665
 -- Sample 3: 0.7790
 -- Sample 4: 0.7769
 -- Sample 5: 0.7631
 -- Sample 6: 0.7262
 -- Sample 7: 0.7213
 -- Sample 8: 0.7111
 -- Sample 9: 0.7179
 -- Sample 10: 0.9468
 -- Sample 11: 0.9520
 -- Sample 12: 0.9460
 -- Sample 13: 0.9432
 -- Sample 14: 0.8643
 -- Sample 15: 0.8830
 -- Sample 16: 0.8976
 -- Sample 17: 0.8971
 -- Sample 18: 0.8126
 -- Sample 19: 0.8251
 -- Sample 20: 0.8059
 -- Sample 21: 0.8328
 -- Sample 22: 0.7618
 -- Sample 23: 0.7583
 -- Sample 24: 0.7934
Mean=0.8289, Std=0.0799
------------------------------------------------------------------
  Processing Batch 4 (Size: 25)...
Bias Error: using Single Component
Mean: 32.6983, Std: 22.9042
------------------------------------------------------------------
Magnitude Error: 
 -- Sample 0: mean=51.1245%; std=31.7965
 -- Sample 1: mean=31.1868%; std=22.1138
 -- Sample 2: mean=29.0063%; std=22.1588
 -- Sample 3: mean=31.9435%; std=22.0362
 -- Sample 4: mean=33.5830%; std=24.1306
 -- Sample 5: mean=40.1873%; std=28.0363
 -- Sample 6: mean=32.6938%; std=23.2422
 -- Sample 7: mean=43.0093%; std=25.5629
 -- Sample 8: mean=36.5495%; std=24.3505
 -- Sample 9: mean=38.4696%; std=20.8503
 -- Sample 10: mean=36.9640%; std=20.9897
 -- Sample 11: mean=36.4376%; std=21.5698
 -- Sample 12: mean=40.3128%; std=22.4593
 -- Sample 13: mean=102.8810%; std=101.8625
 -- Sample 14: mean=87.6473%; std=108.0917
 -- Sample 15: mean=103.3186%; std=132.0816
 -- Sample 16: mean=111.6340%; std=124.6060
 -- Sample 17: mean=135.0063%; std=171.6243
 -- Sample 18: mean=111.6409%; std=124.2615
 -- Sample 19: mean=109.6772%; std=131.2916
 -- Sample 20: mean=132.2030%; std=179.8479
 -- Sample 21: mean=33.6003%; std=19.6403
 -- Sample 22: mean=35.2365%; std=20.2038
 -- Sample 23: mean=39.8220%; std=18.8530
 -- Sample 24: mean=39.3920%; std=20.9567
Mean: 60.9411%, Std: 36.0598%
------------------------------------------------------------------
Correlation comparison:
 -- Sample 0: 0.7961
 -- Sample 1: 0.9390
 -- Sample 2: 0.9380
 -- Sample 3: 0.9383
 -- Sample 4: 0.9264
 -- Sample 5: 0.9042
 -- Sample 6: 0.9256
 -- Sample 7: 0.8883
 -- Sample 8: 0.9067
 -- Sample 9: 0.8355
 -- Sample 10: 0.8568
 -- Sample 11: 0.8642
 -- Sample 12: 0.8393
 -- Sample 13: 0.5756
 -- Sample 14: 0.5692
 -- Sample 15: 0.5027
 -- Sample 16: 0.5218
 -- Sample 17: 0.4021
 -- Sample 18: 0.5109
 -- Sample 19: 0.5253
 -- Sample 20: 0.4587
 -- Sample 21: 0.9310
 -- Sample 22: 0.9225
 -- Sample 23: 0.9213
 -- Sample 24: 0.9026
Mean=0.7721, Std=0.1866
------------------------------------------------------------------
  Processing Batch 5 (Size: 25)...
Bias Error: using Single Component
Mean: 31.1397, Std: 12.2368
------------------------------------------------------------------
Magnitude Error: 
 -- Sample 0: mean=46.8288%; std=21.5885
 -- Sample 1: mean=44.8391%; std=23.7388
 -- Sample 2: mean=42.9094%; std=26.5973
 -- Sample 3: mean=42.6647%; std=23.3789
 -- Sample 4: mean=113.6288%; std=90.9648
 -- Sample 5: mean=101.2192%; std=94.7712
 -- Sample 6: mean=82.7026%; std=85.0421
 -- Sample 7: mean=87.8106%; std=84.0653
 -- Sample 8: mean=39.2867%; std=23.6449
 -- Sample 9: mean=45.2213%; std=23.3028
 -- Sample 10: mean=41.8931%; std=22.4241
 -- Sample 11: mean=38.6552%; std=23.5901
 -- Sample 12: mean=33.8444%; std=20.0716
 -- Sample 13: mean=30.9700%; std=23.0763
 -- Sample 14: mean=33.2845%; std=23.6839
 -- Sample 15: mean=35.3566%; std=20.8532
 -- Sample 16: mean=57.6625%; std=41.3949
 -- Sample 17: mean=48.5551%; std=38.0146
 -- Sample 18: mean=44.9691%; std=31.0311
 -- Sample 19: mean=56.3750%; std=39.4026
 -- Sample 20: mean=43.3905%; std=23.2740
 -- Sample 21: mean=46.1532%; std=23.6390
 -- Sample 22: mean=49.1877%; std=22.8075
 -- Sample 23: mean=41.6492%; std=23.8989
 -- Sample 24: mean=37.0141%; std=30.6126
Mean: 51.4429%, Std: 21.1027%
------------------------------------------------------------------
Correlation comparison:
 -- Sample 0: 0.9207
 -- Sample 1: 0.9036
 -- Sample 2: 0.9034
 -- Sample 3: 0.9113
 -- Sample 4: 0.7054
 -- Sample 5: 0.7077
 -- Sample 6: 0.7247
 -- Sample 7: 0.6783
 -- Sample 8: 0.9012
 -- Sample 9: 0.8710
 -- Sample 10: 0.8903
 -- Sample 11: 0.9019
 -- Sample 12: 0.9520
 -- Sample 13: 0.9478
 -- Sample 14: 0.9415
 -- Sample 15: 0.9411
 -- Sample 16: 0.8246
 -- Sample 17: 0.7983
 -- Sample 18: 0.8533
 -- Sample 19: 0.8453
 -- Sample 20: 0.8576
 -- Sample 21: 0.8301
 -- Sample 22: 0.8374
 -- Sample 23: 0.8666
 -- Sample 24: 0.9487
Mean=0.8586, Std=0.0792
------------------------------------------------------------------
  Processing Batch 6 (Size: 25)...
Bias Error: using Single Component
Mean: 38.6197, Std: 27.9186
------------------------------------------------------------------
Magnitude Error: 
 -- Sample 0: mean=38.2638%; std=27.9311
 -- Sample 1: mean=35.4701%; std=25.5204
 -- Sample 2: mean=38.3689%; std=29.7889
 -- Sample 3: mean=26.2406%; std=19.7693
 -- Sample 4: mean=23.4118%; std=18.4390
 -- Sample 5: mean=27.4130%; std=18.4126
 -- Sample 6: mean=29.8096%; std=19.8906
 -- Sample 7: mean=29.6777%; std=22.5093
 -- Sample 8: mean=29.8174%; std=22.7824
 -- Sample 9: mean=34.7272%; std=24.5307
 -- Sample 10: mean=31.1800%; std=22.4878
 -- Sample 11: mean=27.4997%; std=21.6971
 -- Sample 12: mean=27.7209%; std=22.5139
 -- Sample 13: mean=27.5254%; std=20.5245
 -- Sample 14: mean=32.0118%; std=21.6803
 -- Sample 15: mean=169.2750%; std=156.8225
 -- Sample 16: mean=166.0819%; std=161.8753
 -- Sample 17: mean=156.6986%; std=147.4268
 -- Sample 18: mean=157.3260%; std=148.7200
 -- Sample 19: mean=62.2878%; std=18.9972
 -- Sample 20: mean=61.6886%; std=17.0131
 -- Sample 21: mean=67.2194%; std=18.4443
 -- Sample 22: mean=67.9954%; std=14.3865
 -- Sample 23: mean=45.0541%; std=21.8679
 -- Sample 24: mean=50.3426%; std=17.5715
Mean: 58.5243%, Std: 47.1735%
------------------------------------------------------------------
Correlation comparison:
 -- Sample 0: 0.9580
 -- Sample 1: 0.9604
 -- Sample 2: 0.9519
 -- Sample 3: 0.9572
 -- Sample 4: 0.9591
 -- Sample 5: 0.9508
 -- Sample 6: 0.9493
 -- Sample 7: 0.9632
 -- Sample 8: 0.9634
 -- Sample 9: 0.9492
 -- Sample 10: 0.9617
 -- Sample 11: 0.9607
 -- Sample 12: 0.9379
 -- Sample 13: 0.9579
 -- Sample 14: 0.9595
 -- Sample 15: 0.5005
 -- Sample 16: 0.5190
 -- Sample 17: 0.5233
 -- Sample 18: 0.4939
 -- Sample 19: 0.8829
 -- Sample 20: 0.8964
 -- Sample 21: 0.8479
 -- Sample 22: 0.8976
 -- Sample 23: 0.9149
 -- Sample 24: 0.9287
Mean=0.8698, Std=0.1601
------------------------------------------------------------------
  Processing Batch 7 (Size: 25)...
Bias Error: using Single Component
Mean: 47.5295, Std: 17.7596
------------------------------------------------------------------
Magnitude Error: 
 -- Sample 0: mean=52.5494%; std=17.6460
 -- Sample 1: mean=46.5177%; std=19.9567
 -- Sample 2: mean=40.1681%; std=20.2116
 -- Sample 3: mean=40.8768%; std=18.8832
 -- Sample 4: mean=41.4594%; std=20.2233
 -- Sample 5: mean=42.2000%; std=18.4806
 -- Sample 6: mean=98.3530%; std=116.9115
 -- Sample 7: mean=82.4545%; std=103.7568
 -- Sample 8: mean=88.0519%; std=109.5928
 -- Sample 9: mean=111.4227%; std=123.6433
 -- Sample 10: mean=94.0030%; std=75.2263
 -- Sample 11: mean=87.3623%; std=72.1247
 -- Sample 12: mean=87.8690%; std=71.9568
 -- Sample 13: mean=96.2658%; std=75.2574
 -- Sample 14: mean=96.9295%; std=90.5466
 -- Sample 15: mean=90.6573%; std=92.0163
 -- Sample 16: mean=75.7061%; std=76.4301
 -- Sample 17: mean=85.0991%; std=81.9672
 -- Sample 18: mean=41.8858%; std=26.6183
 -- Sample 19: mean=45.9917%; std=28.3108
 -- Sample 20: mean=48.4752%; std=26.3428
 -- Sample 21: mean=46.2796%; std=29.9733
 -- Sample 22: mean=44.9551%; std=22.7110
 -- Sample 23: mean=43.3447%; std=23.5656
 -- Sample 24: mean=45.0164%; std=22.5279
Mean: 66.9558%, Std: 24.1698%
------------------------------------------------------------------
Correlation comparison:
 -- Sample 0: 0.9304
 -- Sample 1: 0.9310
 -- Sample 2: 0.9286
 -- Sample 3: 0.9256
 -- Sample 4: 0.9167
 -- Sample 5: 0.9187
 -- Sample 6: 0.6071
 -- Sample 7: 0.6577
 -- Sample 8: 0.6283
 -- Sample 9: 0.5629
 -- Sample 10: 0.7211
 -- Sample 11: 0.7726
 -- Sample 12: 0.7875
 -- Sample 13: 0.7437
 -- Sample 14: 0.7643
 -- Sample 15: 0.7491
 -- Sample 16: 0.7846
 -- Sample 17: 0.7632
 -- Sample 18: 0.8426
 -- Sample 19: 0.8066
 -- Sample 20: 0.8037
 -- Sample 21: 0.8146
 -- Sample 22: 0.9120
 -- Sample 23: 0.9070
 -- Sample 24: 0.9141
Mean=0.8037, Std=0.1081
------------------------------------------------------------------
  Processing Batch 8 (Size: 25)...
Bias Error: using Single Component
Mean: 26.6961, Std: 12.1339
------------------------------------------------------------------
Magnitude Error: 
 -- Sample 0: mean=44.2580%; std=22.4502
 -- Sample 1: mean=36.3618%; std=17.5894
 -- Sample 2: mean=38.4054%; std=16.1378
 -- Sample 3: mean=35.3657%; std=17.8690
 -- Sample 4: mean=35.3894%; std=18.3802
 -- Sample 5: mean=24.5606%; std=16.9152
 -- Sample 6: mean=29.6425%; std=18.2931
 -- Sample 7: mean=25.9307%; std=20.4831
 -- Sample 8: mean=25.0160%; std=17.4574
 -- Sample 9: mean=36.6008%; std=30.3914
 -- Sample 10: mean=38.6745%; std=26.4466
 -- Sample 11: mean=33.7375%; std=24.8647
 -- Sample 12: mean=32.4718%; std=23.4680
 -- Sample 13: mean=33.8163%; std=22.1531
 -- Sample 14: mean=33.8056%; std=22.8281
 -- Sample 15: mean=28.8187%; std=20.5091
 -- Sample 16: mean=34.1845%; std=21.5296
 -- Sample 17: mean=80.3611%; std=90.4003
 -- Sample 18: mean=78.6824%; std=91.1017
 -- Sample 19: mean=79.4038%; std=83.0944
 -- Sample 20: mean=73.4588%; std=78.9124
 -- Sample 21: mean=45.8999%; std=22.0611
 -- Sample 22: mean=41.7066%; std=22.8542
 -- Sample 23: mean=42.9496%; std=23.0642
 -- Sample 24: mean=43.7122%; std=22.6431
Mean: 42.1286%, Std: 16.6539%
------------------------------------------------------------------
Correlation comparison:
 -- Sample 0: 0.9140
 -- Sample 1: 0.9489
 -- Sample 2: 0.9376
 -- Sample 3: 0.9462
 -- Sample 4: 0.9424
 -- Sample 5: 0.9360
 -- Sample 6: 0.9234
 -- Sample 7: 0.9189
 -- Sample 8: 0.9379
 -- Sample 9: 0.8844
 -- Sample 10: 0.8892
 -- Sample 11: 0.9261
 -- Sample 12: 0.9300
 -- Sample 13: 0.9306
 -- Sample 14: 0.9298
 -- Sample 15: 0.9399
 -- Sample 16: 0.9446
 -- Sample 17: 0.6792
 -- Sample 18: 0.7060
 -- Sample 19: 0.6915
 -- Sample 20: 0.6993
 -- Sample 21: 0.9398
 -- Sample 22: 0.9304
 -- Sample 23: 0.9405
 -- Sample 24: 0.9385
Mean=0.8922, Std=0.0879
------------------------------------------------------------------
  Processing Batch 9 (Size: 24)...
Bias Error: using Single Component
Mean: 22.5977, Std: 12.3206
------------------------------------------------------------------
Magnitude Error: 
 -- Sample 0: mean=52.8710%; std=27.3910
 -- Sample 1: mean=47.9917%; std=27.9182
 -- Sample 2: mean=47.1613%; std=29.1360
 -- Sample 3: mean=50.0733%; std=28.4829
 -- Sample 4: mean=35.8553%; std=23.2700
 -- Sample 5: mean=37.3293%; std=26.5385
 -- Sample 6: mean=37.4272%; std=22.9243
 -- Sample 7: mean=37.4038%; std=23.5060
 -- Sample 8: mean=46.3830%; std=34.3137
 -- Sample 9: mean=47.6654%; std=36.7991
 -- Sample 10: mean=54.1074%; std=37.9629
 -- Sample 11: mean=61.0342%; std=46.1941
 -- Sample 12: mean=51.0221%; std=61.1302
 -- Sample 13: mean=67.6890%; std=75.4450
 -- Sample 14: mean=51.3909%; std=65.6389
 -- Sample 15: mean=47.0162%; std=51.1982
 -- Sample 16: mean=54.9115%; std=33.9882
 -- Sample 17: mean=53.3807%; std=37.6249
 -- Sample 18: mean=56.3360%; std=38.7792
 -- Sample 19: mean=55.4900%; std=33.6704
 -- Sample 20: mean=41.0096%; std=23.5828
 -- Sample 21: mean=37.2500%; std=23.1268
 -- Sample 22: mean=37.0325%; std=21.8944
 -- Sample 23: mean=38.0136%; std=23.5781
Mean: 47.7435%, Std: 8.4619%
------------------------------------------------------------------
Correlation comparison:
 -- Sample 0: 0.8886
 -- Sample 1: 0.8951
 -- Sample 2: 0.8943
 -- Sample 3: 0.8959
 -- Sample 4: 0.9069
 -- Sample 5: 0.8877
 -- Sample 6: 0.9099
 -- Sample 7: 0.8939
 -- Sample 8: 0.7211
 -- Sample 9: 0.7107
 -- Sample 10: 0.6919
 -- Sample 11: 0.6618
 -- Sample 12: 0.8396
 -- Sample 13: 0.7993
 -- Sample 14: 0.8377
 -- Sample 15: 0.8558
 -- Sample 16: 0.6449
 -- Sample 17: 0.6556
 -- Sample 18: 0.6940
 -- Sample 19: 0.6259
 -- Sample 20: 0.8666
 -- Sample 21: 0.8699
 -- Sample 22: 0.8845
 -- Sample 23: 0.8780
Mean=0.8087, Std=0.0986
------------------------------------------------------------------
Saved metrics for 'Ko et al (Etapa 3)' to ./Tables/ErrorMetrics_Comp0_Ko_et_al_Etapa_3.csv

Extraction complete! Generated files:
- Ko et al (Etapa 3): ./Tables/ErrorMetrics_Comp0_Ko_et_al_Etapa_3.csv
