[*] Loading configs from standard config file: exp/SampNumber_Etapa_3_DM_SA_DN_silveira3.json
Global seed set to 42
Current device:      cuda


Configurations:
{
    "model_name": "silveira_zyxp_3",
    "binary_input": true,
    "NN_dataset_folder": "../NN_Datasets_Grad_Dist_40_5_55/",
    "dataset_train_name": [
        "Train_Silveira_SphPore_SAug_DNorm.h5",
        "Train_Silveira_SphGrain_SAug_DNorm.h5",
        "Train_Oliveira_Leopard_SAug_DNorm.h5",
        "Train_Oliveira_CastleGate_SAug_DNorm.h5",
        "Train_Oliveira_BereaUpperGray_SAug_DNorm.h5",
        "Train_Oliveira_BereaSinterGray_SAug_DNorm.h5",
        "Train_Oliveira_BereaBuff_SAug_DNorm.h5",
        "Train_Oliveira_Berea_SAug_DNorm.h5",
        "Train_Oliveira_Bentheimer_SAug_DNorm.h5"
    ],
    "dataset_valid_name": [
        "Valid_Silveira_SphPore_SAug_DNorm.h5",
        "Valid_Silveira_SphGrain_SAug_DNorm.h5",
        "Valid_Oliveira_Leopard_SAug_DNorm.h5",
        "Valid_Oliveira_CastleGate_SAug_DNorm.h5",
        "Valid_Oliveira_BereaUpperGray_SAug_DNorm.h5",
        "Valid_Oliveira_BereaSinterGray_SAug_DNorm.h5",
        "Valid_Oliveira_BereaBuff_SAug_DNorm.h5",
        "Valid_Oliveira_Berea_SAug_DNorm.h5",
        "Valid_Oliveira_Bentheimer_SAug_DNorm.h5"
    ],
    "train_fraction": 0.125,
    "valid_fraction": 1.0,
    "batch_size": 8,
    "num_workers": 4,
    "num_threads": null,
    "device": "cuda",
    "N_epochs": 2000,
    "partial_epochs": 2000,
    "patience": 200,
    "tolerance": null,
    "learning_rate": 0.001,
    "earlyStopping_loss": "PI-MSE",
    "backPropagation_loss": "PI-MSE",
    "optimizer": "ADAM",
    "weight_init": null,
    "seed": 42,
    "train_comment": "Training refinement model",
    "NN_results_folder": "/home/gabriel.silveira/dissertacao/NN_Results/NN_Trainning_18_September_2026_06-47PM_Job29579/"
}


/home/gabriel.silveira/dissertacao/NN_Results/NN_Trainning_18_September_2026_06-47PM_Job29579/
Metadata saved at: /home/gabriel.silveira/dissertacao/NN_Results/NN_Trainning_18_September_2026_06-47PM_Job29579/metadata.json
Loading Training Data ... 
Considering 80 samples from ../NN_Datasets_Grad_Dist_40_5_55/Train_Silveira_SphPore_SAug_DNorm.h5.
Considering 80 samples from ../NN_Datasets_Grad_Dist_40_5_55/Train_Silveira_SphGrain_SAug_DNorm.h5.
Considering 25 samples from ../NN_Datasets_Grad_Dist_40_5_55/Train_Oliveira_Leopard_SAug_DNorm.h5.
Considering 25 samples from ../NN_Datasets_Grad_Dist_40_5_55/Train_Oliveira_CastleGate_SAug_DNorm.h5.
Considering 20 samples from ../NN_Datasets_Grad_Dist_40_5_55/Train_Oliveira_BereaUpperGray_SAug_DNorm.h5.
Considering 17 samples from ../NN_Datasets_Grad_Dist_40_5_55/Train_Oliveira_BereaSinterGray_SAug_DNorm.h5.
Considering 19 samples from ../NN_Datasets_Grad_Dist_40_5_55/Train_Oliveira_BereaBuff_SAug_DNorm.h5.
Considering 20 samples from ../NN_Datasets_Grad_Dist_40_5_55/Train_Oliveira_Berea_SAug_DNorm.h5.
Considering 38 samples from ../NN_Datasets_Grad_Dist_40_5_55/Train_Oliveira_Bentheimer_SAug_DNorm.h5.
  - 324 samples considered.
Loading Validation Data ... 
Considering 64 samples from ../NN_Datasets_Grad_Dist_40_5_55/Valid_Silveira_SphPore_SAug_DNorm.h5.
Considering 64 samples from ../NN_Datasets_Grad_Dist_40_5_55/Valid_Silveira_SphGrain_SAug_DNorm.h5.
Considering 24 samples from ../NN_Datasets_Grad_Dist_40_5_55/Valid_Oliveira_Leopard_SAug_DNorm.h5.
Considering 24 samples from ../NN_Datasets_Grad_Dist_40_5_55/Valid_Oliveira_CastleGate_SAug_DNorm.h5.
Considering 20 samples from ../NN_Datasets_Grad_Dist_40_5_55/Valid_Oliveira_BereaUpperGray_SAug_DNorm.h5.
Considering 20 samples from ../NN_Datasets_Grad_Dist_40_5_55/Valid_Oliveira_BereaSinterGray_SAug_DNorm.h5.
Considering 16 samples from ../NN_Datasets_Grad_Dist_40_5_55/Valid_Oliveira_BereaBuff_SAug_DNorm.h5.
Considering 20 samples from ../NN_Datasets_Grad_Dist_40_5_55/Valid_Oliveira_Berea_SAug_DNorm.h5.
Considering 36 samples from ../NN_Datasets_Grad_Dist_40_5_55/Valid_Oliveira_Bentheimer_SAug_DNorm.h5.
  - 288 samples considered.
Loading Model ... 
Model size: 19.772MB
Model size: 5179421 total parameters
Model size: 297 trainable parameters
Model size: 5179124 frozen parameters

Starting Train on cuda... 

No previous checkpoints found in /home/gabriel.silveira/dissertacao/NN_Results/NN_Trainning_18_September_2026_06-47PM_Job29579/


Trainning session has started.

--
  ResConv 1:  [0.0006592946592718363, 8.996459655463696e-05, -0.010254248045384884, 0.0010215125512331724]
  ResConv 2:  [0.0006492352695204318, 4.5900702389189973e-05, -0.010230218060314655, 0.0004002044734079391]
  ResConv 3:  [0.0006694142357446253, -0.0002373170864302665, -0.010209904052317142, 0.0007407911471091211]
--
--
  ResConv 1:  [0.0004934522439725697, 1.722289562167134e-05, -0.008970782160758972, 0.0006555775180459023]
  ResConv 2:  [0.000494845153298229, -2.3613529265276156e-05, -0.008945629000663757, 0.00013801915338262916]
  ResConv 3:  [0.0005144579336047173, -0.000259835651377216, -0.008925925940275192, 0.00043524711509235203]
--
--
  ResConv 1:  [0.000488254998344928, -3.7550689739873633e-06, -0.008132018148899078, 0.00046021470916457474]
  ResConv 2:  [0.0004806430370081216, -3.74325827579014e-05, -0.00810768362134695, -4.4783241719414946e-06]
  ResConv 3:  [0.0004997111391276121, -0.00025099594495259225, -0.008089028298854828, 0.00027494211099110544]
--
--
  ResConv 1:  [0.0003947275981772691, 4.4194970541866496e-05, -0.006991957779973745, 0.0002061391860479489]
  ResConv 2:  [0.00038687462802045047, 1.787475230230484e-05, -0.006969646085053682, -0.0001851474808063358]
  ResConv 3:  [0.0004055489262100309, -0.00015940979938022792, -0.006953136064112186, 5.643939948640764e-05]
--
--
  ResConv 1:  [0.00048747260007075965, 1.5953719412209466e-05, -0.008237212896347046, 0.00033204490318894386]
  ResConv 2:  [0.0004842849157284945, -1.4669790289190132e-05, -0.00821097195148468, -0.00012816122034564614]
  ResConv 3:  [0.0005023996927775443, -0.000225821029744111, -0.008191448636353016, 0.00016475810843985528]
--
--
  ResConv 1:  [0.0004700700519606471, -1.7269769159611315e-05, -0.0066711558029055595, 0.000240150693571195]
  ResConv 2:  [0.00045140308793634176, -4.118037031730637e-05, -0.006646742112934589, -0.0001248839107574895]
  ResConv 3:  [0.0004660345730371773, -0.00020596465037669986, -0.00663002161309123, 0.00011344902304699644]
--
--
  ResConv 1:  [0.00045345525722950697, -1.972316749743186e-05, -0.008557932451367378, 0.0008180445875041187]
  ResConv 2:  [0.0004493712622206658, -5.1255392463644966e-05, -0.008526728488504887, 0.0003437052364461124]
  ResConv 3:  [0.0004647044406738132, -0.0002621403837110847, -0.00850479956716299, 0.0006556547596119344]
--
--
  ResConv 1:  [0.0004341139574535191, 7.191539680206915e-06, -0.009327410720288754, 0.0006583621725440025]
  ResConv 2:  [0.0004264033923391253, -2.490877523086965e-05, -0.00929267331957817, 0.00014227093197405338]
  ResConv 3:  [0.00044224518933333457, -0.0002563421439845115, -0.009268845431506634, 0.0004917598562315106]
--
--
  ResConv 1:  [0.0005527965258806944, 6.17261048319051e-06, -0.008672087453305721, 0.0005477310623973608]
  ResConv 2:  [0.0005471048061735928, -2.4941557057900354e-05, -0.008634704165160656, 8.719080506125465e-05]
  ResConv 3:  [0.0005641602911055088, -0.00022856704890727997, -0.008610760793089867, 0.0004080227226950228]
--
--
  ResConv 1:  [0.0005519993137568235, 5.6006141676334664e-05, -0.008246286772191525, 0.0006529595702886581]
  ResConv 2:  [0.0005411365418694913, 2.950561793113593e-05, -0.008207044564187527, 0.0002271061239298433]
  ResConv 3:  [0.0005536109674721956, -0.00015897737466730177, -0.008180549368262291, 0.0005328348488546908]
--
--
  ResConv 1:  [0.0004259638662915677, 4.196758527541533e-05, -0.007304049097001553, 0.0001767900976119563]
  ResConv 2:  [0.00041926989797502756, 1.7845462934928946e-05, -0.007268203422427177, -0.00019588734721764922]
  ResConv 3:  [0.00043621359509415925, -0.0001471752766519785, -0.0072467210702598095, 8.13572114566341e-05]
--
--
  ResConv 1:  [0.0003838823758997023, 2.0508963643806055e-05, -0.00840579904615879, 0.0004863993963226676]
  ResConv 2:  [0.0003844936436507851, -7.970294973347336e-06, -0.008364487439393997, 5.345288082025945e-05]
  ResConv 3:  [0.0004002468485850841, -0.00019921619968954474, -0.008336981758475304, 0.0003818162076640874]
--
--
  ResConv 1:  [0.000561686756554991, 5.084328950033523e-05, -0.008322502486407757, 0.0003635284083429724]
  ResConv 2:  [0.000545097456779331, 2.3830179998185486e-05, -0.008278162218630314, -6.385051528923213e-05]
  ResConv 3:  [0.0005595199763774872, -0.00016136949125211686, -0.008251328952610493, 0.0002660226891748607]
--
--
  ResConv 1:  [0.0003337972448207438, 5.066831727162935e-05, -0.006366966757923365, 0.00011195482511539012]
  ResConv 2:  [0.0003260135999880731, 3.1328741897596046e-05, -0.006330815609544516, -0.00020640790171455592]
  ResConv 3:  [0.00034032820258289576, -0.00010515726899029687, -0.006309245713055134, 4.495989560382441e-05]
--
--
  ResConv 1:  [0.00046206594561226666, 2.139415073543205e-06, -0.008281734772026539, 0.00036827538860961795]
  ResConv 2:  [0.000451163126854226, -2.2878659365233034e-05, -0.00823438260704279, -4.942171653965488e-05]
  ResConv 3:  [0.0004659680125769228, -0.0002051764604402706, -0.008204912766814232, 0.00029005526448599994]
--
--
  ResConv 1:  [0.0005600348231382668, 8.07805045042187e-05, -0.010583595372736454, 0.0008812942542135715]
  ResConv 2:  [0.0005471842014230788, 4.663035360863432e-05, -0.010516807436943054, 0.0003478470607660711]
  ResConv 3:  [0.0005595754482783377, -0.00017611061048228294, -0.010479390621185303, 0.0007798473234288394]
--
--
  ResConv 1:  [0.000615415396168828, -1.6646943549858406e-05, -0.009945319965481758, 0.000841089291498065]
  ResConv 2:  [0.0005972932558506727, -4.688174885814078e-05, -0.009881093166768551, 0.0003461166634224355]
  ResConv 3:  [0.0006109949899837375, -0.0002571181394159794, -0.009844336658716202, 0.000760597235057503]
--
--
  ResConv 1:  [0.0004852607089560479, 2.4854914954630658e-05, -0.00826272927224636, 0.00034886260982602835]
  ResConv 2:  [0.0004706927284132689, 1.4319552974484395e-06, -0.008206479251384735, -4.951073424308561e-05]
  ResConv 3:  [0.00048348045675083995, -0.00016779352154117078, -0.008173716254532337, 0.0002960666024591774]
--
--
  ResConv 1:  [0.0004012897552456707, 2.7328993382980116e-05, -0.00832292065024376, 0.00035921542439609766]
  ResConv 2:  [0.0003897042479366064, 1.4262168406276032e-06, -0.008262475952506065, -4.1678620618768036e-05]
  ResConv 3:  [0.00040334969526156783, -0.00016628275625407696, -0.00822752807289362, 0.0003119100583717227]
--
--
  ResConv 1:  [0.0006436996045522392, -1.9151149899698794e-05, -0.008656570687890053, 0.0004256919492036104]
  ResConv 2:  [0.0006281975656747818, -4.647326932172291e-05, -0.008589115925133228, 1.6860238247318193e-05]
  ResConv 3:  [0.0006409865454770625, -0.0002161330048693344, -0.00855191983282566, 0.00038624810986220837]
--
--
  ResConv 1:  [0.00046982979984022677, 1.2198978765809443e-05, -0.008229020982980728, 0.00043773785000666976]
  ResConv 2:  [0.000457367132185027, -1.0054846825369168e-05, -0.008165569044649601, 4.923185406369157e-05]
  ResConv 3:  [0.0004711227084044367, -0.00017334130825474858, -0.00812807958573103, 0.000407428975449875]
--
--
  ResConv 1:  [0.0004767655918840319, -1.3740442227572203e-05, -0.009061580523848534, 0.00043373132939450443]
  ResConv 2:  [0.0004700865538325161, -3.92917609133292e-05, -0.00898746121674776, 9.432165825273842e-06]
  ResConv 3:  [0.0004849900724366307, -0.00021521204325836152, -0.008944287896156311, 0.00040546839591115713]
--
--
  ResConv 1:  [0.0005394109757617116, -2.4730943550821394e-06, -0.009724706411361694, 0.0006712491158396006]
  ResConv 2:  [0.0005260828183963895, -2.8183389076730236e-05, -0.009642158634960651, 0.00021326767455320805]
  ResConv 3:  [0.0005358729977160692, -0.00021813929197378457, -0.009595626033842564, 0.0006508534424938262]
--
--
  ResConv 1:  [0.0005288873217068613, -2.0027069695061073e-05, -0.009896948002278805, 0.0005598511197604239]
  ResConv 2:  [0.0005209306254982948, -4.6229626605054364e-05, -0.009807598777115345, 0.00010095867764903232]
  ResConv 3:  [0.0005356789915822446, -0.00023648751084692776, -0.00975752528756857, 0.0005479296087287366]
--
--
  ResConv 1:  [0.0005859370576217771, -2.4479588773829164e-06, -0.008076504804193974, 0.0002886543225031346]
  ResConv 2:  [0.000564349815249443, -2.2589591026189737e-05, -0.008000298403203487, -7.776865095365793e-05]
  ResConv 3:  [0.0005756699247285724, -0.00017198556452058256, -0.007957857102155685, 0.0002864845737349242]
--
--
  ResConv 1:  [0.00039871904300525784, -1.1563683074200526e-05, -0.00784260779619217, 0.00040235547930933535]
  ResConv 2:  [0.0003889893414452672, -3.2513358746655285e-05, -0.007766115944832563, 4.6404176828218624e-05]
  ResConv 3:  [0.0004002395726274699, -0.00017650771769694984, -0.007723070681095123, 0.00040552488644607365]
--
--
  ResConv 1:  [0.0004067232657689601, 6.264698640734423e-06, -0.008714726194739342, 0.0011918873060494661]
  ResConv 2:  [0.00040115596493706107, -1.917420740937814e-05, -0.008622284047305584, 0.0007820795872248709]
  ResConv 3:  [0.0004037230391986668, -0.000175261331605725, -0.00857310276478529, 0.0011863489635288715]
--
--
  ResConv 1:  [0.0003947680816054344, 1.4924280549166724e-05, -0.007936033420264721, 0.0004381019971333444]
  ResConv 2:  [0.00038671327638439834, -6.315586233540671e-06, -0.007849972695112228, 8.947772585088387e-05]
  ResConv 3:  [0.00039844689308665693, -0.0001466147805331275, -0.007800922263413668, 0.0004541501111816615]
--
--
  ResConv 1:  [0.0003205052053090185, 2.3448134015779942e-05, -0.00895952433347702, 0.0007716452819295228]
  ResConv 2:  [0.0003107887750957161, -1.1859406185976695e-06, -0.008858815766870975, 0.0003656582848634571]
  ResConv 3:  [0.00031658471561968327, -0.00016165677516255528, -0.008804339915513992, 0.0007943437085486948]
--
--
  ResConv 1:  [0.0003869539068546146, 5.489204340847209e-05, -0.008677338249981403, 0.00042336652404628694]
  ResConv 2:  [0.0003806519671343267, 3.340356852277182e-05, -0.008576354943215847, 4.1247851186199114e-05]
  ResConv 3:  [0.0003938425797969103, -0.00011832524614874274, -0.008520478382706642, 0.0004548378346953541]
--
--
  ResConv 1:  [0.00042881129775196314, 4.705852916231379e-05, -0.007117316126823425, 0.000299871782772243]
  ResConv 2:  [0.0004182848206255585, 3.0486628020298667e-05, -0.007030867971479893, -7.946015102788806e-06]
  ResConv 3:  [0.0004298127896618098, -9.187560499412939e-05, -0.006982847116887569, 0.000331850751535967]
--
--
  ResConv 1:  [0.00033020396949723363, 1.8311591702513397e-05, -0.007600448094308376, 0.0005021749529987574]
  ResConv 2:  [0.00032537325751036406, -2.2775498109695036e-06, -0.007501613814383745, 0.00016982434317469597]
  ResConv 3:  [0.00033411153708584607, -0.0001287074264837429, -0.007449387107044458, 0.0005384556134231389]
--
--
  ResConv 1:  [0.000496931083034724, -3.4488334677007515e-06, -0.008380690589547157, 0.0006878762505948544]
  ResConv 2:  [0.00048379439976997674, -2.5292078134953044e-05, -0.008268635720014572, 0.00032041443046182394]
  ResConv 3:  [0.0004891786375083029, -0.00016641634283587337, -0.008207994513213634, 0.0007321814191527665]
--
--
  ResConv 1:  [0.0004117801145184785, 3.796528835664503e-05, -0.007060505915433168, 0.0002760809438768774]
  ResConv 2:  [0.00040222209645435214, 2.1341986212064512e-05, -0.0069642579182982445, -2.3684602638240904e-05]
  ResConv 3:  [0.0004109136643819511, -9.565175423631445e-05, -0.006910036318004131, 0.00032586592715233564]
--
--
  ResConv 1:  [0.0004812669358216226, 6.644670793320984e-05, -0.006875388789921999, 0.0003005133767146617]
  ResConv 2:  [0.00046887228381820023, 4.987274223822169e-05, -0.0067749833688139915, 6.682078037556494e-06]
  ResConv 3:  [0.0004728053754661232, -5.9790847444674e-05, -0.006720962002873421, 0.00034793608938343823]
--
--
  ResConv 1:  [0.0005177768180146813, 3.4819906431948766e-05, -0.007815300486981869, 0.00022943895601201802]
  ResConv 2:  [0.000499897578265518, 1.636656088521704e-05, -0.0076992809772491455, -9.790584590518847e-05]
  ResConv 3:  [0.0005094774533063173, -0.00010941948130493984, -0.007636040449142456, 0.0002936765376944095]
--
--
  ResConv 1:  [0.00046698632650077343, 7.60934699428617e-06, -0.009602050296962261, 0.0006205256213434041]
  ResConv 2:  [0.00045434306957758963, -1.4026767530594952e-05, -0.009455952793359756, 0.00020986906019970775]
  ResConv 3:  [0.0004620246181730181, -0.00017466805002186447, -0.00937286764383316, 0.0007102202507667243]
--
--
  ResConv 1:  [0.0005120295099914074, -1.6020011344153318e-06, -0.009091345593333244, 0.000914976408239454]
  ResConv 2:  [0.000501020869705826, -2.2661250113742426e-05, -0.008944863453507423, 0.0005282026249915361]
  ResConv 3:  [0.0005027448642067611, -0.00016817371943034232, -0.008865351788699627, 0.0009956115391105413]
--
--
  ResConv 1:  [0.0005358037305995822, -8.278278983198106e-06, -0.009352420456707478, 0.0008216225542128086]
  ResConv 2:  [0.0005183434695936739, -3.295073111075908e-05, -0.009197881445288658, 0.00042505093733780086]
  ResConv 3:  [0.0005182240274734795, -0.00018363284470979124, -0.00911049172282219, 0.0009166392264887691]
--
--
  ResConv 1:  [0.00048720670747570693, 5.008042080589803e-06, -0.00673806294798851, 0.00019174932094756514]
  ResConv 2:  [0.000459224043879658, -9.108213816944044e-06, -0.006624286528676748, -8.294834697153419e-05]
  ResConv 3:  [0.0004609030147548765, -0.00011598985292948782, -0.00655846344307065, 0.0002730860433075577]
--
--
  ResConv 1:  [0.000543302099686116, -1.8300890587852336e-05, -0.006604689639061689, 0.000253960897680372]
  ResConv 2:  [0.0005233694100752473, -3.196107718395069e-05, -0.006487835198640823, -1.2640085515158717e-05]
  ResConv 3:  [0.0005255172145552933, -0.000133984096464701, -0.006421429570764303, 0.00033659240580163896]
--
--
  ResConv 1:  [0.0006097018485888839, -5.4486758017446846e-05, -0.0105741610750556, 0.0009700693190097809]
  ResConv 2:  [0.0005905575817450881, -7.831157563487068e-05, -0.010379745624959469, 0.0005220021121203899]
  ResConv 3:  [0.0005892071640118957, -0.000248278200160712, -0.010270289145410061, 0.001104023540392518]
--
--
  ResConv 1:  [0.0006097018485888839, -5.448676893138327e-05, -0.0105741610750556, 0.0009700693190097809]
  ResConv 2:  [0.000590557639952749, -7.831158291082829e-05, -0.010379745624959469, 0.0005220021121203899]
  ResConv 3:  [0.0005892071640118957, -0.000248278200160712, -0.010270288214087486, 0.001104023540392518]
--
--
  ResConv 1:  [0.0006097018485888839, -5.448677620734088e-05, -0.0105741610750556, 0.0009700693772174418]
  ResConv 2:  [0.000590557639952749, -7.83115901867859e-05, -0.010379745624959469, 0.0005220021703280509]
  ResConv 3:  [0.0005892072222195566, -0.00024827822926454246, -0.010270289145410061, 0.001104023540392518]
--
--
  ResConv 1:  [0.0006097018485888839, -5.448676893138327e-05, -0.0105741610750556, 0.0009700693772174418]
  ResConv 2:  [0.000590557639952749, -7.831158291082829e-05, -0.010379745624959469, 0.0005220021703280509]
  ResConv 3:  [0.0005892072222195566, -0.000248278200160712, -0.010270289145410061, 0.001104023540392518]
--
--
  ResConv 1:  [0.0006097018485888839, -5.448676893138327e-05, -0.010574162006378174, 0.0009700694354251027]
  ResConv 2:  [0.0005905575817450881, -7.831158291082829e-05, -0.010379745624959469, 0.0005220021703280509]
  ResConv 3:  [0.0005892071640118957, -0.000248278200160712, -0.010270289145410061, 0.001104023540392518]
--
--
  ResConv 1:  [0.0004580841341521591, 3.004014251928311e-05, -0.008956389501690865, 0.0004160178650636226]
  ResConv 2:  [0.00044437043834477663, 1.0807836588355713e-05, -0.008793164975941181, 4.839321263716556e-05]
  ResConv 3:  [0.00045147916534915566, -0.00013118535571265966, -0.008699833415448666, 0.0005318854819051921]
--
--
  ResConv 1:  [0.00045808410504832864, 3.0040157071198337e-05, -0.008956389501690865, 0.0004160178650636226]
  ResConv 2:  [0.00044437043834477663, 1.0807849321281537e-05, -0.008793164975941181, 4.839318717131391e-05]
  ResConv 3:  [0.00045147916534915566, -0.00013118534116074443, -0.008699833415448666, 0.0005318854819051921]
--
--
  ResConv 1:  [0.00045808410504832864, 3.004014797625132e-05, -0.008956389501690865, 0.0004160178650636226]
  ResConv 2:  [0.0004443704092409462, 1.080784022633452e-05, -0.008793164975941181, 4.839319080929272e-05]
  ResConv 3:  [0.00045147916534915566, -0.00013118535571265966, -0.008699833415448666, 0.0005318854236975312]
--
--
  ResConv 1:  [0.0004580841341521591, 3.0040151614230126e-05, -0.008956389501690865, 0.00041601783595979214]
  ResConv 2:  [0.0004443704092409462, 1.0807842045323923e-05, -0.008793164975941181, 4.839319080929272e-05]
  ResConv 3:  [0.00045147916534915566, -0.00013118534116074443, -0.008699833415448666, 0.0005318854236975312]
--
--
  ResConv 1:  [0.00045808410504832864, 3.0040155252208933e-05, -0.008956389501690865, 0.0004160178650636226]
  ResConv 2:  [0.0004443704092409462, 1.0807847502292134e-05, -0.008793164975941181, 4.839317625737749e-05]
  ResConv 3:  [0.00045147916534915566, -0.00013118534116074443, -0.008699833415448666, 0.0005318854236975312]
--
--
  ResConv 1:  [0.0004505530232563615, -3.0425639124587178e-05, -0.008030056953430176, 0.000271300261374563]
  ResConv 2:  [0.00043491972610354424, -4.8389443691121414e-05, -0.007884182967245579, -6.050453521311283e-05]
  ResConv 3:  [0.0004397938319016248, -0.00017577949620317668, -0.007799865212291479, 0.00037862861063331366]
--
--
  ResConv 1:  [0.00045055311056785285, -3.0425642762565985e-05, -0.008030056953430176, 0.00027130029047839344]
  ResConv 2:  [0.00043491978431120515, -4.8389443691121414e-05, -0.007884182967245579, -6.050450247130357e-05]
  ResConv 3:  [0.0004397938901092857, -0.0001757795107550919, -0.007799865212291479, 0.0003786286397371441]
--
--
  ResConv 1:  [0.0004505530814640224, -3.04256500385236e-05, -0.008030056953430176, 0.000271300261374563]
  ResConv 2:  [0.00043491978431120515, -4.838945096707903e-05, -0.007884182967245579, -6.050450974726118e-05]
  ResConv 3:  [0.0004397938319016248, -0.0001757795107550919, -0.007799865212291479, 0.0003786286397371441]
--
--
  ResConv 1:  [0.0004505530814640224, -3.0425642762565985e-05, -0.008030056953430176, 0.000271300261374563]
  ResConv 2:  [0.00043491978431120515, -4.8389443691121414e-05, -0.007884182967245579, -6.050451338523999e-05]
  ResConv 3:  [0.0004397938319016248, -0.0001757795107550919, -0.007799865212291479, 0.0003786286397371441]
--
--
  ResConv 1:  [0.0004505530232563615, -3.042563548660837e-05, -0.008030056953430176, 0.0002713002322707325]
  ResConv 2:  [0.00043491972610354424, -4.838943277718499e-05, -0.007884182967245579, -6.050454976502806e-05]
  ResConv 3:  [0.0004397938319016248, -0.00017577948165126145, -0.007799865212291479, 0.00037862861063331366]
--
--
  ResConv 1:  [0.0004276768013369292, 3.11310614051763e-05, -0.007514107972383499, 0.0003277907380834222]
  ResConv 2:  [0.0004132215690333396, 1.5448833437403664e-05, -0.007378199603408575, 1.6290767234750092e-05]
  ResConv 3:  [0.00041713580139912665, -0.00010420754551887512, -0.0072994655929505825, 0.00042576598934829235]
--
--
  ResConv 1:  [0.0004276768013369292, 3.1131050491239876e-05, -0.007514107972383499, 0.0003277907962910831]
  ResConv 2:  [0.0004132215690333396, 1.544882070447784e-05, -0.007378199603408575, 1.629075086384546e-05]
  ResConv 3:  [0.00041713580139912665, -0.00010420756734674796, -0.0072994655929505825, 0.000425765902036801]
--
--
  ResConv 1:  [0.00042767683044075966, 3.113106868113391e-05, -0.007514107972383499, 0.00032779070897959173]
  ResConv 2:  [0.0004132215690333396, 1.5448842532350682e-05, -0.007378199603408575, 1.6290723579004407e-05]
  ResConv 3:  [0.00041713580139912665, -0.00010420754551887512, -0.0072994655929505825, 0.000425765902036801]
--
--
  ResConv 1:  [0.0004276768013369292, 3.113104321528226e-05, -0.007514107972383499, 0.0003277907962910831]
  ResConv 2:  [0.00041322153992950916, 1.5448813428520225e-05, -0.007378199603408575, 1.6290763596771285e-05]
  ResConv 3:  [0.00041713580139912665, -0.00010420758189866319, -0.0072994655929505825, 0.000425765902036801]
--
--
  ResConv 1:  [0.00042767683044075966, 3.113104685326107e-05, -0.007514107972383499, 0.0003277907962910831]
  ResConv 2:  [0.0004132215690333396, 1.5448818885488436e-05, -0.007378199603408575, 1.6290767234750092e-05]
  ResConv 3:  [0.0004171358305029571, -0.00010420756734674796, -0.0072994655929505825, 0.000425765902036801]
--
--
  ResConv 1:  [0.0003852522640954703, 3.541282785590738e-05, -0.0074926577508449554, 0.00027449772460386157]
  ResConv 2:  [0.00037319373222999275, 1.992372563108802e-05, -0.007356622721999884, -3.0214969228836708e-05]
  ResConv 3:  [0.0003805055748671293, -9.852959919953719e-05, -0.007278238423168659, 0.0003754469216801226]
--
--
  ResConv 1:  [0.0003852522640954703, 3.541283149388619e-05, -0.0074926577508449554, 0.0002744976955000311]
  ResConv 2:  [0.00037319373222999275, 1.992372563108802e-05, -0.007356622721999884, -3.0214998332667165e-05]
  ResConv 3:  [0.0003805055748671293, -9.852961375145242e-05, -0.007278237491846085, 0.0003754468634724617]
--
--
  ResConv 1:  [0.0003852522640954703, 3.541283149388619e-05, -0.0074926577508449554, 0.0002744976955000311]
  ResConv 2:  [0.00037319373222999275, 1.9923723812098615e-05, -0.007356622721999884, -3.0214978323783726e-05]
  ResConv 3:  [0.00038050563307479024, -9.852961375145242e-05, -0.007278237491846085, 0.0003754469216801226]
--
--
  ResConv 1:  [0.0003852523223031312, 3.541283149388619e-05, -0.0074926577508449554, 0.00027449772460386157]
  ResConv 2:  [0.00037319379043765366, 1.9923723812098615e-05, -0.007356622721999884, -3.0214972866815515e-05]
  ResConv 3:  [0.0003805056621786207, -9.852961375145242e-05, -0.007278238423168659, 0.0003754468634724617]
--
--
  ResConv 1:  [0.0003852522640954703, 3.541281694197096e-05, -0.0074926577508449554, 0.00027449772460386157]
  ResConv 2:  [0.00037319373222999275, 1.9923714717151597e-05, -0.007356622721999884, -3.0214976504794322e-05]
  ResConv 3:  [0.00038050563307479024, -9.852962102741003e-05, -0.007278238423168659, 0.0003754469216801226]
--
--
  ResConv 1:  [0.0005870535969734192, 2.2846301362733357e-05, -0.007926858961582184, 0.00042256026063114405]
  ResConv 2:  [0.0005620301235467196, 5.917450835113414e-06, -0.0077818455174565315, 9.642024815548211e-05]
  ResConv 3:  [0.0005658039590343833, -0.00011836981866508722, -0.007698988541960716, 0.0005227570654824376]
--
--
  ResConv 1:  [0.0005870535969734192, 2.2846301362733357e-05, -0.007926858961582184, 0.0004225602315273136]
  ResConv 2:  [0.0005620301235467196, 5.917450835113414e-06, -0.0077818455174565315, 9.642023360356688e-05]
  ResConv 3:  [0.0005658039590343833, -0.000118369804113172, -0.007698988541960716, 0.0005227570072747767]
--
--
  ResConv 1:  [0.0005870535969734192, 2.2846301362733357e-05, -0.007926858961582184, 0.0004225602315273136]
  ResConv 2:  [0.0005620301235467196, 5.917453108850168e-06, -0.0077818455174565315, 9.642024815548211e-05]
  ResConv 3:  [0.0005658039590343833, -0.000118369804113172, -0.007698988541960716, 0.0005227570654824376]
--
--
  ResConv 1:  [0.0005870536551810801, 2.284631409565918e-05, -0.007926858961582184, 0.0004225602315273136]
  ResConv 2:  [0.0005620301235467196, 5.917464022786589e-06, -0.0077818455174565315, 9.642023360356688e-05]
  ResConv 3:  [0.0005658039590343833, -0.000118369804113172, -0.007698988541960716, 0.0005227570654824376]
--
--
  ResConv 1:  [0.0005870535969734192, 2.2846299543743953e-05, -0.007926858961582184, 0.0004225602315273136]
  ResConv 2:  [0.0005620301235467196, 5.917449470871361e-06, -0.0077818455174565315, 9.64202408795245e-05]
  ResConv 3:  [0.0005658039590343833, -0.00011836981866508722, -0.007698988076299429, 0.0005227570654824376]
--
--
  ResConv 1:  [0.00040589433046989143, -4.042781398538864e-08, -0.007983241230249405, 0.00025724529405124485]
  ResConv 2:  [0.0003881029551848769, -1.6838170267874375e-05, -0.007839549332857132, -7.008785178186372e-05]
  ResConv 3:  [0.00039393926272168756, -0.00014540698612108827, -0.007754633203148842, 0.00036715870373882353]
--
--
  ResConv 1:  [0.00040589433046989143, -4.042905743517622e-08, -0.00798324029892683, 0.00025724529405124485]
  ResConv 2:  [0.00038810292608104646, -1.6838170267874375e-05, -0.007839548401534557, -7.008786633377895e-05]
  ResConv 3:  [0.00039393926272168756, -0.00014540698612108827, -0.007754633203148842, 0.0003671586746349931]
--
--
  ResConv 1:  [0.00040589430136606097, -4.0421191727091355e-08, -0.00798324029892683, 0.0002572453231550753]
  ResConv 2:  [0.0003881029551848769, -1.6838161172927357e-05, -0.007839549332857132, -7.008782995399088e-05]
  ResConv 3:  [0.00039393926272168756, -0.00014540698612108827, -0.007754633203148842, 0.000367158732842654]
--
--
  ResConv 1:  [0.00040589430136606097, -4.0427678982268844e-08, -0.00798324029892683, 0.00025724529405124485]
  ResConv 2:  [0.00038810292608104646, -1.683816844888497e-05, -0.007839549332857132, -7.00878445059061e-05]
  ResConv 3:  [0.0003939392336178571, -0.00014540697156917304, -0.0077546327374875546, 0.000367158732842654]
--
--
  ResConv 1:  [0.00040589430136606097, -4.043140222620423e-08, -0.007983241230249405, 0.00025724529405124485]
  ResConv 2:  [0.00038810292608104646, -1.683817208686378e-05, -0.007839549332857132, -7.008783722994849e-05]
  ResConv 3:  [0.00039393926272168756, -0.00014540698612108827, -0.007754633203148842, 0.000367158732842654]
--
--
  ResConv 1:  [0.0003504689084365964, 6.763353667338379e-06, -0.008018773049116135, 0.0008014075574465096]
  ResConv 2:  [0.00033935438841581345, -1.1872360119014047e-05, -0.007869546301662922, 0.0004606336588039994]
  ResConv 3:  [0.00034016446443274617, -0.00013609246525447816, -0.007786289788782597, 0.0008942551794461906]
--
--
  ResConv 1:  [0.00035046887933276594, 6.763352303096326e-06, -0.008018773049116135, 0.0008014075574465096]
  ResConv 2:  [0.00033935433020815253, -1.187236648547696e-05, -0.007869546301662922, 0.00046063362970016897]
  ResConv 3:  [0.0003401644353289157, -0.00013609246525447816, -0.007786289788782597, 0.0008942550630308688]
--
--
  ResConv 1:  [0.00035046887933276594, 6.7633545768330805e-06, -0.008018773049116135, 0.0008014074992388487]
  ResConv 2:  [0.000339354359311983, -1.1872362847498152e-05, -0.007869546301662922, 0.00046063357149250805]
  ResConv 3:  [0.00034016446443274617, -0.00013609246525447816, -0.007786289788782597, 0.0008942550630308688]
--
--
  ResConv 1:  [0.0003504689084365964, 6.763343662896659e-06, -0.008018773049116135, 0.0008014075574465096]
  ResConv 2:  [0.000339354359311983, -1.1872370123455767e-05, -0.007869546301662922, 0.0004606336588039994]
  ResConv 3:  [0.00034016446443274617, -0.00013609247980639338, -0.007786289788782597, 0.0008942550630308688]
--
--
  ResConv 1:  [0.00035046893754042685, 6.763351393601624e-06, -0.008018773049116135, 0.0008014075574465096]
  ResConv 2:  [0.00033935438841581345, -1.187236648547696e-05, -0.007869546301662922, 0.0004606336588039994]
  ResConv 3:  [0.00034016446443274617, -0.00013609246525447816, -0.007786289788782597, 0.0008942550630308688]
--
--
  ResConv 1:  [0.0006193908047862351, 3.1572169973514974e-05, -0.008619257248938084, 0.0003347551100887358]
  ResConv 2:  [0.0005919802351854742, 1.3276352547109127e-05, -0.008461683057248592, -1.8773629562929273e-05]
  ResConv 3:  [0.0005950605263933539, -0.00012124479690100998, -0.008372397162020206, 0.00044630473712459207]
--
--
  ResConv 1:  [0.0006193908047862351, 3.15721845254302e-05, -0.008619257248938084, 0.0003347551391925663]
  ResConv 2:  [0.0005919802351854742, 1.3276373465487268e-05, -0.008461683057248592, -1.877363320090808e-05]
  ResConv 3:  [0.0005950605263933539, -0.00012124478234909475, -0.008372397162020206, 0.0004463047662284225]
--
--
  ResConv 1:  [0.0006193908047862351, 3.157218816340901e-05, -0.008619257248938084, 0.0003347551100887358]
  ResConv 2:  [0.0005919802351854742, 1.3276366189529654e-05, -0.008461683057248592, -1.877363320090808e-05]
  ResConv 3:  [0.0005950605263933539, -0.00012124478234909475, -0.008372397162020206, 0.0004463047662284225]
--
--
  ResConv 1:  [0.0006193908047862351, 3.157217724947259e-05, -0.008619257248938084, 0.0003347551100887358]
  ResConv 2:  [0.0005919802351854742, 1.3276358004077338e-05, -0.008461683057248592, -1.877365320979152e-05]
  ResConv 3:  [0.0005950605263933539, -0.00012124478962505236, -0.008372397162020206, 0.00044630473712459207]
--
--
  ResConv 1:  [0.0006193908047862351, 3.1572169973514974e-05, -0.008619257248938084, 0.0003347551391925663]
  ResConv 2:  [0.0005919802351854742, 1.3276351637614425e-05, -0.008461683057248592, -1.8773624105961062e-05]
  ResConv 3:  [0.0005950605263933539, -0.00012124479690100998, -0.008372397162020206, 0.0004463047662284225]
--
--
  ResConv 1:  [0.000557689112611115, -1.808393790270202e-05, -0.009497622027993202, 0.0005129263154231012]
  ResConv 2:  [0.000536724051926285, -3.882060991600156e-05, -0.009325390681624413, 0.00011998826084891334]
  ResConv 3:  [0.0005422409158200026, -0.00019186202553100884, -0.009226192720234394, 0.0006386254681274295]
--
--
  ResConv 1:  [0.000557689112611115, -1.808393426472321e-05, -0.009497622027993202, 0.0005129262572154403]
  ResConv 2:  [0.000536724051926285, -3.882060991600156e-05, -0.009325390681624413, 0.00011998824629699811]
  ResConv 3:  [0.0005422409158200026, -0.00019186202553100884, -0.00922619178891182, 0.0006386253517121077]
--
--
  ResConv 1:  [0.0005576890544034541, -1.8083925169776194e-05, -0.009497622027993202, 0.0005129263154231012]
  ResConv 2:  [0.000536724051926285, -3.882059536408633e-05, -0.009325390681624413, 0.00011998824629699811]
  ResConv 3:  [0.0005422409158200026, -0.00019186202553100884, -0.009226192720234394, 0.0006386253517121077]
--
--
  ResConv 1:  [0.000557689112611115, -1.8083925169776194e-05, -0.009497622027993202, 0.0005129263154231012]
  ResConv 2:  [0.000536724051926285, -3.8820602640043944e-05, -0.009325390681624413, 0.00011998824629699811]
  ResConv 3:  [0.0005422409158200026, -0.00019186202553100884, -0.009226192720234394, 0.0006386254681274295]
--
--
  ResConv 1:  [0.000557689112611115, -1.8083939721691422e-05, -0.009497622027993202, 0.0005129262572154403]
  ResConv 2:  [0.000536724051926285, -3.882060991600156e-05, -0.009325390681624413, 0.0001199882390210405]
  ResConv 3:  [0.0005422409158200026, -0.00019186202553100884, -0.00922619178891182, 0.0006386254681274295]
--
--
  ResConv 1:  [0.0005671660765074193, 3.461476808297448e-06, -0.008392869494855404, 0.0004115886695217341]
  ResConv 2:  [0.000540143228136003, -1.3743794625042938e-05, -0.008241086266934872, 6.890737131470814e-05]
  ResConv 3:  [0.000543456117156893, -0.00014635802654083818, -0.008153297938406467, 0.000521671783644706]
--
--
  ResConv 1:  [0.0005671660765074193, 3.4614772630447987e-06, -0.008392869494855404, 0.0004115886695217341]
  ResConv 2:  [0.000540143228136003, -1.3743791896558832e-05, -0.008241086266934872, 6.890736403875053e-05]
  ResConv 3:  [0.000543456117156893, -0.00014635802654083818, -0.008153297938406467, 0.000521671783644706]
--
--
  ResConv 1:  [0.0005671660182997584, 3.461488631728571e-06, -0.008392869494855404, 0.0004115886695217341]
  ResConv 2:  [0.0005401431699283421, -1.3743781892117113e-05, -0.008241086266934872, 6.89073494868353e-05]
  ResConv 3:  [0.000543456117156893, -0.00014635802654083818, -0.008153297938406467, 0.000521671783644706]
--
--
  ResConv 1:  [0.0005671660182997584, 3.461484993749764e-06, -0.008392869494855404, 0.0004115886695217341]
  ResConv 2:  [0.000540143228136003, -1.3743786439590622e-05, -0.008241086266934872, 6.89073494868353e-05]
  ResConv 3:  [0.000543456117156893, -0.0001463580410927534, -0.008153297938406467, 0.000521671783644706]
--
--
  ResConv 1:  [0.0005671660182997584, 3.46148567587079e-06, -0.008392869494855404, 0.0004115886695217341]
  ResConv 2:  [0.000540143228136003, -1.374378553009592e-05, -0.008241086266934872, 6.89073494868353e-05]
  ResConv 3:  [0.0005434560589492321, -0.00014635802654083818, -0.008153297938406467, 0.000521671783644706]
--
--
  ResConv 1:  [0.0003918109287042171, 2.0987121388316154e-05, -0.005750328302383423, 6.78112919558771e-05]
  ResConv 2:  [0.0003800155536737293, 9.6558596851537e-06, -0.005645214579999447, -0.0001605702709639445]
  ResConv 3:  [0.0003879093856085092, -7.828683010302484e-05, -0.005585476290434599, 0.00014616467524319887]
--
--
  ResConv 1:  [0.0003918109287042171, 2.098713412124198e-05, -0.005750328302383423, 6.781132105970755e-05]
  ResConv 2:  [0.00038001558277755976, 9.655872418079525e-06, -0.005645214579999447, -0.00016057024186011404]
  ResConv 3:  [0.00038790941471233964, -7.828682282706723e-05, -0.005585476290434599, 0.0001461646897951141]
--
--
  ResConv 1:  [0.0003918109287042171, 2.0987126845284365e-05, -0.005750328302383423, 6.781131378374994e-05]
  ResConv 2:  [0.00038001558277755976, 9.655866051616613e-06, -0.005645214579999447, -0.0001605702709639445]
  ResConv 3:  [0.0003879093856085092, -7.828682282706723e-05, -0.005585476290434599, 0.00014616467524319887]
--
--
  ResConv 1:  [0.000391810986911878, 2.0987117750337347e-05, -0.005750328302383423, 6.781131378374994e-05]
  ResConv 2:  [0.00038001558277755976, 9.655856047174893e-06, -0.005645214579999447, -0.00016057024186011404]
  ResConv 3:  [0.00038790941471233964, -7.828683737898245e-05, -0.005585476290434599, 0.00014616467524319887]
--
--
  ResConv 1:  [0.00039181101601570845, 2.098711956932675e-05, -0.00575032876804471, 6.781132833566517e-05]
  ResConv 2:  [0.0003800156118813902, 9.6558596851537e-06, -0.005645214579999447, -0.0001605702273081988]
  ResConv 3:  [0.00038790941471233964, -7.828683010302484e-05, -0.005585476290434599, 0.0001461646897951141]
--
--
  ResConv 1:  [0.00040837787673808634, 1.0418551028124057e-05, -0.007332600187510252, 0.000340933765983209]
  ResConv 2:  [0.00039460620610043406, -5.22032087246771e-06, -0.007198471575975418, 4.201787305646576e-05]
  ResConv 3:  [0.00039907870814204216, -0.00011988049664068967, -0.00712186424061656, 0.0004362307663541287]
--
--
  ResConv 1:  [0.0004083778476342559, 1.0418558304081671e-05, -0.007332600187510252, 0.000340933765983209]
  ResConv 2:  [0.00039460620610043406, -5.220314506004797e-06, -0.007198471575975418, 4.201788760838099e-05]
  ResConv 3:  [0.00039907870814204216, -0.00011988048936473206, -0.00712186424061656, 0.0004362307663541287]
--
--
  ResConv 1:  [0.0004083778476342559, 1.041856830852339e-05, -0.007332600187510252, 0.0003409337077755481]
  ResConv 2:  [0.00039460620610043406, -5.220304046815727e-06, -0.007198471575975418, 4.201787305646576e-05]
  ResConv 3:  [0.00039907870814204216, -0.00011988048208877444, -0.00712186424061656, 0.0004362307663541287]
--
--
  ResConv 1:  [0.0004083778476342559, 1.0418561942060478e-05, -0.007332600187510252, 0.0003409337077755481]
  ResConv 2:  [0.0003946062352042645, -5.220310413278639e-06, -0.007198471575975418, 4.2017865780508146e-05]
  ResConv 3:  [0.00039907870814204216, -0.00011988048208877444, -0.00712186424061656, 0.0004362307663541287]
--
--
  ResConv 1:  [0.0004083778476342559, 1.0418551028124057e-05, -0.007332600187510252, 0.000340933765983209]
  ResConv 2:  [0.00039460620610043406, -5.220324055699166e-06, -0.007198471575975418, 4.201788397040218e-05]
  ResConv 3:  [0.00039907870814204216, -0.00011988049664068967, -0.00712186424061656, 0.0004362307663541287]
--
--
  ResConv 1:  [0.0004664954321924597, 3.8909627619432285e-05, -0.009463763795793056, 0.001107659307308495]
  ResConv 2:  [0.0004519321955740452, 1.5594881915603764e-05, -0.009286724962294102, 0.0007040180498734117]
  ResConv 3:  [0.0004515730543062091, -0.00013352531823329628, -0.009189275093376637, 0.001218592980876565]
--
--
  ResConv 1:  [0.0004664954904001206, 3.8909616705495864e-05, -0.009463763795793056, 0.0011076594237238169]
  ResConv 2:  [0.0004519321955740452, 1.559486372570973e-05, -0.009286724962294102, 0.0007040180498734117]
  ResConv 3:  [0.0004515730543062091, -0.0001335253327852115, -0.009189275093376637, 0.001218592980876565]
--
--
  ResConv 1:  [0.0004664954321924597, 3.890962034347467e-05, -0.009463763795793056, 0.001107659307308495]
  ResConv 2:  [0.0004519321955740452, 1.559486918267794e-05, -0.009286724962294102, 0.0007040180498734117]
  ResConv 3:  [0.0004515729960985482, -0.00013352531823329628, -0.009189275093376637, 0.001218592980876565]
--
--
  ResConv 1:  [0.00046649540308862925, 3.890962398145348e-05, -0.009463763795793056, 0.001107659307308495]
  ResConv 2:  [0.0004519321955740452, 1.5594871001667343e-05, -0.009286724962294102, 0.0007040181080810726]
  ResConv 3:  [0.0004515730543062091, -0.00013352531823329628, -0.009189275093376637, 0.001218592980876565]
--
--
  ResConv 1:  [0.0004664954321924597, 3.890963853336871e-05, -0.009463763795793056, 0.001107659307308495]
  ResConv 2:  [0.0004519321955740452, 1.559488009661436e-05, -0.009286724962294102, 0.0007040180498734117]
  ResConv 3:  [0.0004515729960985482, -0.00013352530368138105, -0.009189275093376637, 0.001218592980876565]
--
--
  ResConv 1:  [0.0005680792382918298, -1.5349123714258894e-05, -0.009551618248224258, 0.0007699546404182911]
  ResConv 2:  [0.0005517185782082379, -3.771788760786876e-05, -0.009373925626277924, 0.000375659903511405]
  ResConv 3:  [0.0005530040943995118, -0.00018622238712850958, -0.009276862256228924, 0.0008900240063667297]
--
--
  ResConv 1:  [0.0005680791800841689, -1.5349138266174123e-05, -0.009551617316901684, 0.0007699546404182911]
  ResConv 2:  [0.0005517185782082379, -3.7717905797762796e-05, -0.009373925626277924, 0.00037565987440757453]
  ResConv 3:  [0.0005530040943995118, -0.00018622243078425527, -0.009276862256228924, 0.0008900240063667297]
--
--
  ResConv 1:  [0.0005680791800841689, -1.5349134628195316e-05, -0.009551617316901684, 0.0007699546404182911]
  ResConv 2:  [0.0005517185782082379, -3.771790215978399e-05, -0.009373925626277924, 0.00037565987440757453]
  ResConv 3:  [0.0005530040943995118, -0.00018622243078425527, -0.009276862256228924, 0.0008900241227820516]
--
--
  ResConv 1:  [0.0005680791800841689, -1.534913644718472e-05, -0.009551617316901684, 0.0007699546404182911]
  ResConv 2:  [0.000551718520000577, -3.771790215978399e-05, -0.009373925626277924, 0.00037565993261523545]
  ResConv 3:  [0.0005530040943995118, -0.00018622243078425527, -0.009276862256228924, 0.0008900241227820516]
--
--
  ResConv 1:  [0.0005680791800841689, -1.534913644718472e-05, -0.009551617316901684, 0.0007699546404182911]
  ResConv 2:  [0.0005517185782082379, -3.771790215978399e-05, -0.009373925626277924, 0.00037565987440757453]
  ResConv 3:  [0.0005530040943995118, -0.00018622243078425527, -0.009276862256228924, 0.0008900240063667297]
--
--
  ResConv 1:  [0.0004112659953534603, 3.6653877032222226e-05, -0.007503713946789503, 0.00026961389812640846]
  ResConv 2:  [0.00039456068770959973, 2.1049305360065773e-05, -0.007367289625108242, -3.818461482296698e-05]
  ResConv 3:  [0.0003994818835053593, -9.811602649278939e-05, -0.007288194727152586, 0.0003691678575705737]
--
--
  ResConv 1:  [0.00041126602445729077, 3.665388067020103e-05, -0.007503713946789503, 0.000269613869022578]
  ResConv 2:  [0.00039456074591726065, 2.104930899804458e-05, -0.007367289625108242, -3.8184633012861013e-05]
  ResConv 3:  [0.00039948191260918975, -9.811602649278939e-05, -0.007288194727152586, 0.0003691678575705737]
--
--
  ResConv 1:  [0.00041126602445729077, 3.6653877032222226e-05, -0.007503713946789503, 0.000269613869022578]
  ResConv 2:  [0.0003945606586057693, 2.1049305360065773e-05, -0.007367289625108242, -3.8184633012861013e-05]
  ResConv 3:  [0.00039948191260918975, -9.811602649278939e-05, -0.007288195192813873, 0.0003691678575705737]
--
--
  ResConv 1:  [0.00041126602445729077, 3.665388067020103e-05, -0.00750371441245079, 0.00026961389812640846]
  ResConv 2:  [0.00039456068770959973, 2.1049310817033984e-05, -0.007367289625108242, -3.818461482296698e-05]
  ResConv 3:  [0.0003994819417130202, -9.811600466491655e-05, -0.007288194727152586, 0.00036916788667440414]
--
--
  ResConv 1:  [0.0004112659953534603, 3.665388794615865e-05, -0.007503713946789503, 0.000269613869022578]
  ResConv 2:  [0.0003945606586057693, 2.1049318092991598e-05, -0.007367290090769529, -3.8184654840733856e-05]
  ResConv 3:  [0.0003994818835053593, -9.811600466491655e-05, -0.007288194727152586, 0.00036916782846674323]
--
--
  ResConv 1:  [0.0005982429138384759, 2.7314372346154414e-05, -0.008510499261319637, 0.0004851154226344079]
  ResConv 2:  [0.0005814277683384717, 6.649582701356849e-06, -0.00835262332111597, 0.0001391889963997528]
  ResConv 3:  [0.0005844411207363009, -0.0001250055938726291, -0.00826520100235939, 0.0005933322245255113]
--
--
  ResConv 1:  [0.0005982429720461369, 2.7314361432217993e-05, -0.008510499261319637, 0.0004851153935305774]
  ResConv 2:  [0.0005814277683384717, 6.649574970651884e-06, -0.00835262332111597, 0.00013918898184783757]
  ResConv 3:  [0.0005844411207363009, -0.00012500560842454433, -0.00826520100235939, 0.0005933322245255113]
--
--
  ResConv 1:  [0.0005982429138384759, 2.731437598413322e-05, -0.008510499261319637, 0.00048511545173823833]
  ResConv 2:  [0.0005814277101308107, 6.6495836108515505e-06, -0.00835262332111597, 0.00013918901095166802]
  ResConv 3:  [0.0005844411207363009, -0.0001250055938726291, -0.008265201933681965, 0.0005933322245255113]
--
--
  ResConv 1:  [0.0005982429138384759, 2.731437598413322e-05, -0.008510499261319637, 0.0004851153935305774]
  ResConv 2:  [0.0005814277683384717, 6.649581791862147e-06, -0.00835262332111597, 0.00013918896729592234]
  ResConv 3:  [0.00058444106252864, -0.00012500560842454433, -0.00826520100235939, 0.0005933321081101894]
--
--
  ResConv 1:  [0.0005982429138384759, 2.7314361432217993e-05, -0.008510500192642212, 0.00048511545173823833]
  ResConv 2:  [0.0005814277101308107, 6.649570877925726e-06, -0.00835262332111597, 0.0001391889963997528]
  ResConv 3:  [0.00058444106252864, -0.00012500562297645956, -0.00826520100235939, 0.0005933322245255113]
--
--
  ResConv 1:  [0.0005068611353635788, 2.008480078075081e-05, -0.008175699040293694, 0.0005298677133396268]
  ResConv 2:  [0.000499675574246794, 1.7791718391890754e-06, -0.008025390096008778, 0.00019482123025227338]
  ResConv 3:  [0.0005077955429442227, -0.00012666820839513093, -0.007941165938973427, 0.000631782051641494]
--
--
  ResConv 1:  [0.0005068611353635788, 2.0084797142772004e-05, -0.008175699040293694, 0.0005298677133396268]
  ResConv 2:  [0.0004996755160391331, 1.7791701338865096e-06, -0.008025390096008778, 0.0001948212448041886]
  ResConv 3:  [0.0005077955429442227, -0.00012666820839513093, -0.007941165938973427, 0.000631782109849155]
--
--
  ResConv 1:  [0.0005068611353635788, 2.008480078075081e-05, -0.008175699040293694, 0.0005298677133396268]
  ResConv 2:  [0.0004996755160391331, 1.7791718391890754e-06, -0.008025390096008778, 0.0001948212448041886]
  ResConv 3:  [0.0005077955429442227, -0.00012666820839513093, -0.007941165007650852, 0.000631782109849155]
--
--
  ResConv 1:  [0.0005068610771559179, 2.00847953237826e-05, -0.008175699040293694, 0.0005298677133396268]
  ResConv 2:  [0.0004996755160391331, 1.7791704749470227e-06, -0.008025390096008778, 0.0001948212884599343]
  ResConv 3:  [0.0005077955429442227, -0.00012666822294704616, -0.007941165938973427, 0.000631782109849155]
--
--
  ResConv 1:  [0.0005068611353635788, 2.0084822608623654e-05, -0.008175699040293694, 0.0005298677715472877]
  ResConv 2:  [0.0004996755160391331, 1.7791873005990055e-06, -0.008025390096008778, 0.0001948212884599343]
  ResConv 3:  [0.0005077955429442227, -0.0001266681938432157, -0.007941165938973427, 0.000631782109849155]
--
--
  ResConv 1:  [0.00045309722190722823, 4.1720264562172815e-05, -0.007369030732661486, 0.0003692000173032284]
  ResConv 2:  [0.0004397162119857967, 2.6936382710118778e-05, -0.007233272306621075, 6.523216870846227e-05]
  ResConv 3:  [0.0004444517253432423, -8.937106031225994e-05, -0.007156158331781626, 0.000463733944343403]
--
--
  ResConv 1:  [0.0004530971928033978, 4.1720264562172815e-05, -0.007369030732661486, 0.0003692000173032284]
  ResConv 2:  [0.0004397162701934576, 2.6936380891129375e-05, -0.007233272306621075, 6.52321832603775e-05]
  ResConv 3:  [0.0004444516671355814, -8.937106031225994e-05, -0.007156158331781626, 0.00046373397344723344]
--
--
  ResConv 1:  [0.0004530971928033978, 4.172026092419401e-05, -0.007369030732661486, 0.0003692000173032284]
  ResConv 2:  [0.0004397162701934576, 2.6936375434161164e-05, -0.007233272306621075, 6.523216143250465e-05]
  ResConv 3:  [0.0004444516671355814, -8.937106758821756e-05, -0.007156158331781626, 0.000463733944343403]
--
--
  ResConv 1:  [0.00045309722190722823, 4.1720279114088044e-05, -0.007369030732661486, 0.0003692000173032284]
  ResConv 2:  [0.0004397162701934576, 2.69363936240552e-05, -0.007233272306621075, 6.523216143250465e-05]
  ResConv 3:  [0.0004444517253432423, -8.937104576034471e-05, -0.007156158331781626, 0.000463733944343403]
--
--
  ResConv 1:  [0.00045309722190722823, 4.172026092419401e-05, -0.007369030732661486, 0.0003692000173032284]
  ResConv 2:  [0.0004397162701934576, 2.6936382710118778e-05, -0.007233272306621075, 6.52321832603775e-05]
  ResConv 3:  [0.0004444517253432423, -8.937106031225994e-05, -0.007156158331781626, 0.0004637340025510639]
--
--
  ResConv 1:  [0.0004072905285283923, 3.548361928551458e-05, -0.0067612361162900925, 0.00018823148275259882]
  ResConv 2:  [0.00039270598790608346, 2.16607513721101e-05, -0.006638313643634319, -8.661933679832146e-05]
  ResConv 3:  [0.0003985266084782779, -8.431266905972734e-05, -0.006567750126123428, 0.0002778498746920377]
--
--
  ResConv 1:  [0.0004072905285283923, 3.5483612009556964e-05, -0.0067612361162900925, 0.0001882314682006836]
  ResConv 2:  [0.00039270592969842255, 2.1660740458173677e-05, -0.006638313643634319, -8.661935135023668e-05]
  ResConv 3:  [0.0003985266084782779, -8.431268361164257e-05, -0.006567750126123428, 0.0002778498746920377]
--
--
  ResConv 1:  [0.0004072905285283923, 3.5483622923493385e-05, -0.0067612361162900925, 0.0001882314682006836]
  ResConv 2:  [0.00039270598790608346, 2.1660755010088906e-05, -0.006638313643634319, -8.66193586261943e-05]
  ResConv 3:  [0.00039852657937444746, -8.431266905972734e-05, -0.006567750126123428, 0.00027784984558820724]
--
--
  ResConv 1:  [0.00040729055763222277, 3.548361928551458e-05, -0.0067612361162900925, 0.0001882314682006836]
  ResConv 2:  [0.00039270592969842255, 2.166074773413129e-05, -0.006638313643634319, -8.661936590215191e-05]
  ResConv 3:  [0.0003985266084782779, -8.431266905972734e-05, -0.006567750126123428, 0.00027784984558820724]
--
--
  ResConv 1:  [0.00040729049942456186, 3.548360837157816e-05, -0.0067612361162900925, 0.0001882314682006836]
  ResConv 2:  [0.0003927059005945921, 2.1660738639184274e-05, -0.006638313643634319, -8.66193586261943e-05]
  ResConv 3:  [0.0003985266084782779, -8.431268361164257e-05, -0.006567750126123428, 0.0002778498746920377]
--
--
  ResConv 1:  [0.0005120278801769018, -3.79727936206109e-07, -0.009175347164273262, 0.0007695187232457101]
  ResConv 2:  [0.0005023661069571972, -2.2029949832358398e-05, -0.009007507003843784, 0.000383962964406237]
  ResConv 3:  [0.0005074884393252432, -0.00016651637270115316, -0.008912553079426289, 0.0008796873735263944]
--
--
  ResConv 1:  [0.0005120279383845627, -3.7972571931277344e-07, -0.009175347164273262, 0.0007695186650380492]
  ResConv 2:  [0.0005023661069571972, -2.20299516513478e-05, -0.009007507003843784, 0.000383962964406237]
  ResConv 3:  [0.0005074884975329041, -0.00016651637270115316, -0.008912553079426289, 0.0008796873735263944]
--
--
  ResConv 1:  [0.0005120278801769018, -3.797290446527768e-07, -0.009175347164273262, 0.0007695186650380492]
  ResConv 2:  [0.0005023660487495363, -2.2029955289326608e-05, -0.009007507003843784, 0.000383962964406237]
  ResConv 3:  [0.0005074884393252432, -0.00016651637270115316, -0.008912553079426289, 0.0008796873153187335]
--
--
  ResConv 1:  [0.0005120278801769018, -3.797224223944795e-07, -0.009175347164273262, 0.0007695186650380492]
  ResConv 2:  [0.0005023661069571972, -2.202994619437959e-05, -0.009007507003843784, 0.000383962964406237]
  ResConv 3:  [0.0005074884975329041, -0.00016651637270115316, -0.008912553079426289, 0.0008796873735263944]
--
--
  ResConv 1:  [0.0005120278801769018, -3.797356669110741e-07, -0.009175347164273262, 0.0007695186650380492]
  ResConv 2:  [0.0005023660487495363, -2.2029957108316012e-05, -0.009007507003843784, 0.00038396293530240655]
  ResConv 3:  [0.0005074884393252432, -0.00016651637270115316, -0.008912553079426289, 0.0008796873735263944]
--
--
  ResConv 1:  [0.000470411847345531, 7.210395415313542e-05, -0.009621359407901764, 0.000688693777192384]
  ResConv 2:  [0.0004610820906236768, 4.922895459458232e-05, -0.009443622082471848, 0.00028129274141974747]
  ResConv 3:  [0.0004659721162170172, -0.00010121615196112543, -0.009344748221337795, 0.0008027087897062302]
--
--
  ResConv 1:  [0.000470411847345531, 7.210396870505065e-05, -0.009621359407901764, 0.000688693777192384]
  ResConv 2:  [0.0004610820906236768, 4.9228961870539933e-05, -0.009443622082471848, 0.00028129274141974747]
  ResConv 3:  [0.0004659720871131867, -0.0001012161374092102, -0.009344748221337795, 0.0008027087897062302]
--
--
  ResConv 1:  [0.000470411847345531, 7.210396870505065e-05, -0.009621359407901764, 0.000688693777192384]
  ResConv 2:  [0.0004610820906236768, 4.9228958232561126e-05, -0.009443622082471848, 0.00028129274141974747]
  ResConv 3:  [0.0004659721162170172, -0.00010121613013325259, -0.009344748221337795, 0.0008027087897062302]
--
--
  ResConv 1:  [0.000470411847345531, 7.210397598100826e-05, -0.009621359407901764, 0.0006886938354000449]
  ResConv 2:  [0.0004610820615198463, 4.9228972784476355e-05, -0.009443622082471848, 0.0002812927996274084]
  ResConv 3:  [0.0004659720289055258, -0.00010121612285729498, -0.009344748221337795, 0.0008027087897062302]
--
--
  ResConv 1:  [0.000470411847345531, 7.210396142909303e-05, -0.009621359407901764, 0.0006886938354000449]
  ResConv 2:  [0.0004610820906236768, 4.922895095660351e-05, -0.009443622082471848, 0.00028129277052357793]
  ResConv 3:  [0.0004659720871131867, -0.00010121614468516782, -0.009344748221337795, 0.0008027087897062302]
--
--
  ResConv 1:  [0.0004744910402223468, 2.9496786737581715e-05, -0.00889927614480257, 0.0005869122105650604]
  ResConv 2:  [0.0004606267611961812, 8.876802894519642e-06, -0.008735296316444874, 0.0002189915394410491]
  ResConv 3:  [0.0004634275974240154, -0.00013157891226001084, -0.0086418017745018, 0.0006981651531532407]
--
--
  ResConv 1:  [0.0004744910402223468, 2.949678855657112e-05, -0.008899277076125145, 0.0005869121523573995]
  ResConv 2:  [0.0004606267320923507, 8.876805623003747e-06, -0.008735296316444874, 0.0002189915394410491]
  ResConv 3:  [0.00046342756832018495, -0.0001315788977080956, -0.008641802705824375, 0.0006981651531532407]
--
--
  ResConv 1:  [0.0004744910402223468, 2.9496792194549926e-05, -0.008899277076125145, 0.0005869122105650604]
  ResConv 2:  [0.0004606267320923507, 8.876809260982554e-06, -0.008735296316444874, 0.00021899155399296433]
  ResConv 3:  [0.0004634275974240154, -0.0001315788977080956, -0.008641802705824375, 0.0006981651531532407]
--
--
  ResConv 1:  [0.0004744910402223468, 2.949678855657112e-05, -0.008899277076125145, 0.0005869122105650604]
  ResConv 2:  [0.00046062670298852026, 8.876804713509046e-06, -0.008735296316444874, 0.00021899152488913387]
  ResConv 3:  [0.0004634275392163545, -0.00013157891226001084, -0.008641802705824375, 0.0006981650949455798]
--
--
  ResConv 1:  [0.0004744910402223468, 2.9496775823645294e-05, -0.008899277076125145, 0.0005869122105650604]
  ResConv 2:  [0.0004606267320923507, 8.876793799572624e-06, -0.008735296316444874, 0.00021899155399296433]
  ResConv 3:  [0.0004634275392163545, -0.00013157891226001084, -0.008641802705824375, 0.0006981651531532407]
--
--
  ResConv 1:  [0.000416916940594092, 3.7390207126009045e-06, -0.008120101876556873, 0.0005414218176156282]
  ResConv 2:  [0.00040675728814676404, -1.6161771782208234e-05, -0.007970762439072132, 0.00020804782980121672]
  ResConv 3:  [0.00041144300485029817, -0.0001418077590642497, -0.007887586951255798, 0.0006433160160668194]
--
--
  ResConv 1:  [0.000416916940594092, 3.739030717042624e-06, -0.008120102807879448, 0.0005414217594079673]
  ResConv 2:  [0.00040675728814676404, -1.6161766325240023e-05, -0.007970762439072132, 0.0002080478152493015]
  ResConv 3:  [0.0004114430339541286, -0.00014180772996041924, -0.007887586951255798, 0.0006433160160668194]
--
--
  ResConv 1:  [0.00041691691149026155, 3.7390207126009045e-06, -0.008120102807879448, 0.0005414217594079673]
  ResConv 2:  [0.00040675728814676404, -1.616176996321883e-05, -0.007970762439072132, 0.00020804778614547104]
  ResConv 3:  [0.00041144300485029817, -0.00014180774451233447, -0.007887586951255798, 0.0006433160160668194]
--
--
  ResConv 1:  [0.000416916940594092, 3.7390279885585187e-06, -0.008120102807879448, 0.0005414217594079673]
  ResConv 2:  [0.00040675728814676404, -1.6161771782208234e-05, -0.007970762439072132, 0.00020804778614547104]
  ResConv 3:  [0.00041144300485029817, -0.00014180772996041924, -0.007887586951255798, 0.0006433159578591585]
--
--
  ResConv 1:  [0.000416916940594092, 3.7390318539110012e-06, -0.008120102807879448, 0.0005414218176156282]
  ResConv 2:  [0.00040675728814676404, -1.6161760868271813e-05, -0.007970762439072132, 0.00020804782980121672]
  ResConv 3:  [0.0004114430339541286, -0.00014180774451233447, -0.007887586951255798, 0.0006433160160668194]
--
--
  ResConv 1:  [0.00050929537974298, 3.4970315027749166e-05, -0.0075789159163832664, 0.00046898232540115714]
  ResConv 2:  [0.0004923536907881498, 1.850168700912036e-05, -0.007438336033374071, 0.00016120303189381957]
  ResConv 3:  [0.0004938444471918046, -0.00010190802277065814, -0.007358720526099205, 0.0005668001831509173]
--
--
  ResConv 1:  [0.00050929537974298, 3.497031866572797e-05, -0.007578915450721979, 0.0004689822962973267]
  ResConv 2:  [0.0004923536907881498, 1.850168700912036e-05, -0.007438336033374071, 0.00016120303189381957]
  ResConv 3:  [0.0004938443889841437, -0.00010190800821874291, -0.007358720526099205, 0.0005668001831509173]
--
--
  ResConv 1:  [0.0005092954379506409, 3.4970315027749166e-05, -0.007578915450721979, 0.0004689823545049876]
  ResConv 2:  [0.0004923536907881498, 1.8501683371141553e-05, -0.007438336033374071, 0.00016120306099765003]
  ResConv 3:  [0.0004938445053994656, -0.00010190802277065814, -0.007358720526099205, 0.0005668002995662391]
--
--
  ResConv 1:  [0.0005092954379506409, 3.497032594168559e-05, -0.007578915450721979, 0.00046898232540115714]
  ResConv 2:  [0.0004923536907881498, 1.8501694285077974e-05, -0.007438336033374071, 0.00016120303189381957]
  ResConv 3:  [0.0004938443889841437, -0.00010190800821874291, -0.007358720526099205, 0.0005668001831509173]
--
--
  ResConv 1:  [0.0005092954379506409, 3.4970315027749166e-05, -0.007578915450721979, 0.0004689823545049876]
  ResConv 2:  [0.0004923537489958107, 1.8501677914173342e-05, -0.007438336033374071, 0.00016120306099765003]
  ResConv 3:  [0.0004938445053994656, -0.00010190802277065814, -0.007358720526099205, 0.0005668002413585782]
--
--
  ResConv 1:  [0.0004046741814818233, 5.6410208344459534e-05, -0.007787647191435099, 0.00041669965139590204]
  ResConv 2:  [0.0003924790653400123, 3.627691330621019e-05, -0.007645077537745237, 0.00010000776092056185]
  ResConv 3:  [0.0003960431204177439, -8.410468581132591e-05, -0.007564087864011526, 0.0005154367536306381]
--
--
  ResConv 1:  [0.0004046741814818233, 5.6410219258395955e-05, -0.007787647191435099, 0.0004166996222920716]
  ResConv 2:  [0.0003924790653400123, 3.6276920582167804e-05, -0.007645077537745237, 0.00010000775364460424]
  ResConv 3:  [0.0003960431204177439, -8.410467125941068e-05, -0.007564087864011526, 0.0005154366954229772]
--
--
  ResConv 1:  [0.0004046741814818233, 5.641022289637476e-05, -0.007787647191435099, 0.00041669956408441067]
  ResConv 2:  [0.00039247903623618186, 3.627692422014661e-05, -0.007645077537745237, 0.00010000772454077378]
  ResConv 3:  [0.0003960431204177439, -8.41046785353683e-05, -0.007564087864011526, 0.0005154367536306381]
--
--
  ResConv 1:  [0.0004046741814818233, 5.6410219258395955e-05, -0.007787647191435099, 0.0004166996222920716]
  ResConv 2:  [0.0003924790653400123, 3.6276916944189e-05, -0.007645077537745237, 0.00010000775364460424]
  ResConv 3:  [0.0003960431204177439, -8.41046785353683e-05, -0.007564087864011526, 0.0005154367536306381]
--
--
  ResConv 1:  [0.0004046741814818233, 5.641022289637476e-05, -0.007787647191435099, 0.00041669956408441067]
  ResConv 2:  [0.0003924790653400123, 3.6276916944189e-05, -0.007645077537745237, 0.00010000772454077378]
  ResConv 3:  [0.0003960431204177439, -8.41046785353683e-05, -0.007564087864011526, 0.0005154367536306381]
--
--
  ResConv 1:  [0.00037020555464550853, 4.891106073046103e-06, -0.008462653495371342, 0.00041652345680631697]
  ResConv 2:  [0.000354441930539906, -1.3434813808999024e-05, -0.00830919947475195, 6.870436482131481e-05]
  ResConv 3:  [0.00036004348658025265, -0.0001484539097873494, -0.008221033960580826, 0.0005291839479468763]
--
--
  ResConv 1:  [0.00037020555464550853, 4.891107437288156e-06, -0.008462652564048767, 0.0004165234277024865]
  ResConv 2:  [0.0003544418723322451, -1.3434813808999024e-05, -0.00830919947475195, 6.870432116556913e-05]
  ResConv 3:  [0.00036004348658025265, -0.00014845388068351895, -0.008221033960580826, 0.0005291838897392154]
--
--
  ResConv 1:  [0.000370205583749339, 4.891105163551401e-06, -0.008462653495371342, 0.00041652345680631697]
  ResConv 2:  [0.0003544418723322451, -1.3434813808999024e-05, -0.00830919947475195, 6.870432844152674e-05]
  ResConv 3:  [0.00036004348658025265, -0.00014845388068351895, -0.008221033960580826, 0.0005291838897392154]
--
--
  ResConv 1:  [0.00037020555464550853, 4.891105163551401e-06, -0.008462653495371342, 0.0004165235150139779]
  ResConv 2:  [0.0003544418723322451, -1.3434813808999024e-05, -0.00830919947475195, 6.870437209727243e-05]
  ResConv 3:  [0.00036004348658025265, -0.0001484539097873494, -0.008221033960580826, 0.0005291839479468763]
--
--
  ResConv 1:  [0.00037020555464550853, 4.8910965233517345e-06, -0.008462653495371342, 0.00041652345680631697]
  ResConv 2:  [0.000354441930539906, -1.3434828360914253e-05, -0.00830919947475195, 6.870435026939958e-05]
  ResConv 3:  [0.0003600434574764222, -0.0001484539097873494, -0.008221033960580826, 0.0005291839479468763]
--
--
  ResConv 1:  [0.0004986002459190786, 3.373740764800459e-05, -0.007669675163924694, 0.0002382967504672706]
  ResConv 2:  [0.0004807655932381749, 1.754421646182891e-05, -0.007530311122536659, -7.369895320152864e-05]
  ResConv 3:  [0.00048649185919202864, -0.0001024688026518561, -0.007450682111084461, 0.0003393715596757829]
--
--
  ResConv 1:  [0.0004986001877114177, 3.37374112859834e-05, -0.007669675163924694, 0.0002382967504672706]
  ResConv 2:  [0.0004807655932381749, 1.7544218280818313e-05, -0.007530311122536659, -7.369895320152864e-05]
  ResConv 3:  [0.0004864918882958591, -0.00010246879537589848, -0.007450681645423174, 0.0003393715596757829]
--
--
  ResConv 1:  [0.0004986001877114177, 3.373740764800459e-05, -0.007669675163924694, 0.0002382967504672706]
  ResConv 2:  [0.0004807655932381749, 1.7544218280818313e-05, -0.007530311122536659, -7.369895320152864e-05]
  ResConv 3:  [0.00048649185919202864, -0.00010246879537589848, -0.007450681645423174, 0.0003393715596757829]
--
--
  ResConv 1:  [0.0004986002459190786, 3.373743311385624e-05, -0.007669675163924694, 0.00023829677957110107]
  ResConv 2:  [0.0004807655932381749, 1.7544240108691156e-05, -0.007530311122536659, -7.369893864961341e-05]
  ResConv 3:  [0.0004864918882958591, -0.00010246877354802564, -0.007450681645423174, 0.0003393715887796134]
--
--
  ResConv 1:  [0.0004986001877114177, 3.37374112859834e-05, -0.007669675163924694, 0.00023829677957110107]
  ResConv 2:  [0.000480765535030514, 1.754422191879712e-05, -0.007530311122536659, -7.36989313736558e-05]
  ResConv 3:  [0.00048649185919202864, -0.0001024688026518561, -0.007450681645423174, 0.0003393715887796134]
--
--
  ResConv 1:  [0.00044338125735521317, 2.5115055905189365e-05, -0.009315378963947296, 0.0009037290583364666]
  ResConv 2:  [0.000437025330029428, 7.386408924503485e-07, -0.009139984846115112, 0.0005156898987479508]
  ResConv 3:  [0.00044015792082063854, -0.00014173489762470126, -0.009045393206179142, 0.0010130726732313633]
--
--
  ResConv 1:  [0.00044338125735521317, 2.5115061362157576e-05, -0.00931537989526987, 0.0009037290583364666]
  ResConv 2:  [0.000437025330029428, 7.386411766674428e-07, -0.009139984846115112, 0.0005156898987479508]
  ResConv 3:  [0.00044015797902829945, -0.00014173488307278603, -0.009045393206179142, 0.0010130726732313633]
--
--
  ResConv 1:  [0.0004433812282513827, 2.5115059543168172e-05, -0.009315378963947296, 0.0009037289419211447]
  ResConv 2:  [0.00043702530092559755, 7.3863782290573e-07, -0.009139984846115112, 0.0005156899569556117]
  ResConv 3:  [0.00044015792082063854, -0.00014173488307278603, -0.009045393206179142, 0.0010130726732313633]
--
--
  ResConv 1:  [0.0004433812282513827, 2.511506318114698e-05, -0.009315378963947296, 0.0009037289419211447]
  ResConv 2:  [0.00043702530092559755, 7.386439051515481e-07, -0.009139984846115112, 0.0005156898987479508]
  ResConv 3:  [0.00044015792082063854, -0.00014173488307278603, -0.009045393206179142, 0.0010130726732313633]
--
--
  ResConv 1:  [0.0004433811700437218, 2.5115055905189365e-05, -0.009315378963947296, 0.0009037288837134838]
  ResConv 2:  [0.0004370252718217671, 7.386400397990656e-07, -0.009139984846115112, 0.0005156898987479508]
  ResConv 3:  [0.0004401578917168081, -0.00014173488307278603, -0.009045393206179142, 0.0010130726732313633]
--
--
  ResConv 1:  [0.0004625919391401112, 9.175080776913092e-06, -0.008743537589907646, 0.0009547893423587084]
  ResConv 2:  [0.00044927949784323573, -1.3122189557179809e-05, -0.008577914908528328, 0.0005849234876222908]
  ResConv 3:  [0.0004501753719523549, -0.00014657698920927942, -0.00848877802491188, 0.00105324387550354]
--
--
  ResConv 1:  [0.0004625919391401112, 9.175070772471372e-06, -0.008743537589907646, 0.0009547893423587084]
  ResConv 2:  [0.00044927941053174436, -1.312219501414802e-05, -0.008577914908528328, 0.0005849234294146299]
  ResConv 3:  [0.00045017534284852445, -0.00014657698920927942, -0.00848877802491188, 0.00105324387550354]
--
--
  ResConv 1:  [0.0004625919391401112, 9.175063496513758e-06, -0.008743537589907646, 0.0009547893423587084]
  ResConv 2:  [0.00044927941053174436, -1.312220592808444e-05, -0.008577914908528328, 0.0005849234876222908]
  ResConv 3:  [0.0004501753719523549, -0.00014657700376119465, -0.00848877802491188, 0.00105324387550354]
--
--
  ResConv 1:  [0.0004625919391401112, 9.175071681966074e-06, -0.008743537589907646, 0.0009547892259433866]
  ResConv 2:  [0.00044927949784323573, -1.3122199561621528e-05, -0.008577914908528328, 0.0005849234294146299]
  ResConv 3:  [0.0004501753719523549, -0.00014657698920927942, -0.00848877802491188, 0.00105324387550354]
--
--
  ResConv 1:  [0.0004625919391401112, 9.17508987186011e-06, -0.008743537589907646, 0.0009547893423587084]
  ResConv 2:  [0.00044927941053174436, -1.3122182281222194e-05, -0.008577914908528328, 0.0005849234294146299]
  ResConv 3:  [0.00045017534284852445, -0.00014657698920927942, -0.00848877802491188, 0.00105324387550354]
--
--
  ResConv 1:  [0.0005576582043431699, -6.065120942366775e-06, -0.009442383423447609, 0.0010223727440461516]
  ResConv 2:  [0.0005500555853359401, -2.8544116503326222e-05, -0.00926648173481226, 0.0006219182978384197]
  ResConv 3:  [0.0005508279427886009, -0.00017436874622944742, -0.009169438853859901, 0.0011283246567472816]
--
--
  ResConv 1:  [0.0005576582043431699, -6.06510820944095e-06, -0.009442383423447609, 0.0010223727440461516]
  ResConv 2:  [0.0005500555853359401, -2.8544103770400397e-05, -0.00926648173481226, 0.0006219183560460806]
  ResConv 3:  [0.00055082788458094, -0.00017436874622944742, -0.009169438853859901, 0.0011283246567472816]
--
--
  ResConv 1:  [0.000557658146135509, -6.065115940145915e-06, -0.009442383423447609, 0.0010223728604614735]
  ResConv 2:  [0.0005500555853359401, -2.85441055893898e-05, -0.00926648173481226, 0.0006219182978384197]
  ResConv 3:  [0.00055082788458094, -0.00017436874622944742, -0.009169438853859901, 0.0011283246567472816]
--
--
  ResConv 1:  [0.0005576582043431699, -6.065125035092933e-06, -0.009442383423447609, 0.0010223727440461516]
  ResConv 2:  [0.0005500555271282792, -2.854412014130503e-05, -0.00926648173481226, 0.0006219182978384197]
  ResConv 3:  [0.00055082788458094, -0.00017436876078136265, -0.009169438853859901, 0.0011283245403319597]
--
--
  ResConv 1:  [0.0005576582043431699, -6.065120032872073e-06, -0.009442383423447609, 0.0010223727440461516]
  ResConv 2:  [0.0005500555271282792, -2.854411468433682e-05, -0.00926648173481226, 0.0006219182978384197]
  ResConv 3:  [0.00055082788458094, -0.00017436874622944742, -0.009169438853859901, 0.0011283246567472816]
--
--
  ResConv 1:  [0.0004822172340936959, 1.8016922695096582e-05, -0.009061839431524277, 0.00039233421557582915]
  ResConv 2:  [0.0004699669952969998, -9.950407502401504e-07, -0.008898521773517132, 1.6809945009299554e-05]
  ResConv 3:  [0.0004771498206537217, -0.00014715438010171056, -0.00880369357764721, 0.0005132401129230857]
--
--
  ResConv 1:  [0.0004822172049898654, 1.8016924514085986e-05, -0.009061839431524277, 0.0003923342446796596]
  ResConv 2:  [0.0004699669370893389, -9.950358617061283e-07, -0.008898521773517132, 1.680994864727836e-05]
  ResConv 3:  [0.00047714984975755215, -0.00014715439465362579, -0.008803692646324635, 0.0005132401711307466]
--
--
  ResConv 1:  [0.0004822172049898654, 1.8016909962170757e-05, -0.009061839431524277, 0.0003923342446796596]
  ResConv 2:  [0.0004699669370893389, -9.950520052370848e-07, -0.008898521773517132, 1.6809952285257168e-05]
  ResConv 3:  [0.0004771498206537217, -0.00014715439465362579, -0.00880369357764721, 0.0005132401129230857]
--
--
  ResConv 1:  [0.0004822172049898654, 1.8016904505202547e-05, -0.009061839431524277, 0.0003923342446796596]
  ResConv 2:  [0.0004699669370893389, -9.950557569027296e-07, -0.008898521773517132, 1.680994864727836e-05]
  ResConv 3:  [0.0004771498206537217, -0.00014715439465362579, -0.00880369357764721, 0.0005132401711307466]
--
--
  ResConv 1:  [0.0004822172340936959, 1.8016922695096582e-05, -0.009061839431524277, 0.0003923342446796596]
  ResConv 2:  [0.0004699669370893389, -9.950355206456152e-07, -0.008898521773517132, 1.6809946828288957e-05]
  ResConv 3:  [0.00047714984975755215, -0.00014715438010171056, -0.008803692646324635, 0.0005132401129230857]
--
--
  ResConv 1:  [0.0005108972545713186, -6.924763874849305e-05, -0.009158083237707615, 0.0004643909342121333]
  ResConv 2:  [0.000500015274155885, -8.96588244359009e-05, -0.008993610739707947, 8.837360655888915e-05]
  ResConv 3:  [0.0005079486290924251, -0.0002339048369321972, -0.00889784935861826, 0.0005814741016365588]
--
--
  ResConv 1:  [0.0005108972545713186, -6.924763874849305e-05, -0.009158083237707615, 0.0004643909342121333]
  ResConv 2:  [0.000500015274155885, -8.96588244359009e-05, -0.008993609808385372, 8.837360655888915e-05]
  ResConv 3:  [0.0005079486290924251, -0.0002339048369321972, -0.00889784935861826, 0.0005814741016365588]
--
--
  ResConv 1:  [0.0005108971963636577, -6.924765330040827e-05, -0.009158083237707615, 0.0004643908760044724]
  ResConv 2:  [0.000500015274155885, -8.96588244359009e-05, -0.008993610739707947, 8.83735774550587e-05]
  ResConv 3:  [0.0005079486290924251, -0.0002339048369321972, -0.00889784935861826, 0.0005814741016365588]
--
--
  ResConv 1:  [0.0005108972545713186, -6.924763874849305e-05, -0.009158083237707615, 0.0004643909342121333]
  ResConv 2:  [0.000500015274155885, -8.965881715994328e-05, -0.008993609808385372, 8.83735774550587e-05]
  ResConv 3:  [0.0005079486290924251, -0.00023390482238028198, -0.00889784935861826, 0.0005814741016365588]
--
--
  ResConv 1:  [0.0005108972545713186, -6.924765330040827e-05, -0.00915808230638504, 0.0004643909342121333]
  ResConv 2:  [0.0005000153323635459, -8.96588244359009e-05, -0.008993610739707947, 8.837360655888915e-05]
  ResConv 3:  [0.0005079486290924251, -0.0002339048369321972, -0.00889784935861826, 0.0005814741016365588]
--
--
  ResConv 1:  [0.0004946782719343901, 2.2745070964447223e-05, -0.008330348879098892, 0.0005649447557516396]
  ResConv 2:  [0.00047364685451611876, 3.978448148700409e-06, -0.00817691721022129, 0.00021894153906032443]
  ResConv 3:  [0.00047312554670497775, -0.00012815612717531621, -0.008090658113360405, 0.0006733560585416853]
--
--
  ResConv 1:  [0.0004946782719343901, 2.274505459354259e-05, -0.008330348879098892, 0.0005649446975439787]
  ResConv 2:  [0.0004736468836199492, 3.978441782237496e-06, -0.008176918141543865, 0.0002189415245084092]
  ResConv 3:  [0.0004731255758088082, -0.00012815614172723144, -0.008090658113360405, 0.0006733561749570072]
--
--
  ResConv 1:  [0.0004946782719343901, 2.2745052774553187e-05, -0.008330348879098892, 0.0005649447557516396]
  ResConv 2:  [0.0004736468836199492, 3.978437689511338e-06, -0.008176918141543865, 0.00021894153906032443]
  ResConv 3:  [0.0004731255758088082, -0.00012815614172723144, -0.008090658113360405, 0.0006733560585416853]
--
--
  ResConv 1:  [0.000494678330142051, 2.274506368848961e-05, -0.008330348879098892, 0.0005649447557516396]
  ResConv 2:  [0.0004736468836199492, 3.978446784458356e-06, -0.008176918141543865, 0.00021894153906032443]
  ResConv 3:  [0.0004731255758088082, -0.00012815614172723144, -0.008090658113360405, 0.0006733560585416853]
--
--
  ResConv 1:  [0.0004946782719343901, 2.2745056412531994e-05, -0.008330348879098892, 0.0005649447557516396]
  ResConv 2:  [0.00047364685451611876, 3.978441782237496e-06, -0.008176918141543865, 0.00021894153906032443]
  ResConv 3:  [0.00047312554670497775, -0.00012815614172723144, -0.008090658113360405, 0.0006733560585416853]
--
--
  ResConv 1:  [0.0005804103566333652, 3.281762474216521e-05, -0.008347177878022194, 0.000393029535189271]
  ResConv 2:  [0.0005596549599431455, 1.4860786905046552e-05, -0.008193613961338997, 5.317937029758468e-05]
  ResConv 3:  [0.000564861053135246, -0.00011443771654739976, -0.008108718320727348, 0.0004991047899238765]
--
--
  ResConv 1:  [0.0005804102984257042, 3.2817617466207594e-05, -0.008347177878022194, 0.000393029535189271]
  ResConv 2:  [0.0005596549599431455, 1.486077508161543e-05, -0.008193613961338997, 5.317935938364826e-05]
  ResConv 3:  [0.000564861053135246, -0.00011443773109931499, -0.008108718320727348, 0.0004991047899238765]
--
--
  ResConv 1:  [0.0005804103566333652, 3.2817592000355944e-05, -0.008347177878022194, 0.00039302947698161006]
  ResConv 2:  [0.0005596549017354846, 1.4860753253742587e-05, -0.008193613961338997, 5.3179355745669454e-05]
  ResConv 3:  [0.000564861053135246, -0.0001144377383752726, -0.008108718320727348, 0.0004991047899238765]
--
--
  ResConv 1:  [0.0005804103566333652, 3.2817617466207594e-05, -0.008347177878022194, 0.0003930294478777796]
  ResConv 2:  [0.0005596549599431455, 1.486077508161543e-05, -0.008193613961338997, 5.317937393556349e-05]
  ResConv 3:  [0.0005648611695505679, -0.00011443773109931499, -0.008108718320727348, 0.0004991047899238765]
--
--
  ResConv 1:  [0.0005804103566333652, 3.2817613828228787e-05, -0.008347177878022194, 0.00039302947698161006]
  ResConv 2:  [0.0005596550181508064, 1.4860771443636622e-05, -0.008193613961338997, 5.317937393556349e-05]
  ResConv 3:  [0.000564861111342907, -0.0001144377383752726, -0.008108718320727348, 0.0004991047899238765]
--
--
  ResConv 1:  [0.0004566450952552259, 3.7613295717164874e-05, -0.007489006035029888, 0.00025093628210015595]
  ResConv 2:  [0.000445724610472098, 2.2396987333195284e-05, -0.007353282533586025, -5.028284795116633e-05]
  ResConv 3:  [0.0004573822661768645, -9.373421198688447e-05, -0.007275639101862907, 0.00034909305395558476]
--
--
  ResConv 1:  [0.0004566450952552259, 3.7613295717164874e-05, -0.007489006035029888, 0.00025093628210015595]
  ResConv 2:  [0.000445724610472098, 2.239698551420588e-05, -0.007353282533586025, -5.028284067520872e-05]
  ResConv 3:  [0.00045738223707303405, -9.373421198688447e-05, -0.007275639101862907, 0.0003490931121632457]
--
--
  ResConv 1:  [0.0004566450952552259, 3.7613295717164874e-05, -0.007489006035029888, 0.00025093628210015595]
  ResConv 2:  [0.000445724610472098, 2.2396992790163495e-05, -0.007353282533586025, -5.028285158914514e-05]
  ResConv 3:  [0.0004573822661768645, -9.373421198688447e-05, -0.007275639101862907, 0.0003490930830594152]
--
--
  ResConv 1:  [0.0004566450952552259, 3.761329935514368e-05, -0.007489006035029888, 0.00025093628210015595]
  ResConv 2:  [0.0004457246686797589, 2.2396992790163495e-05, -0.007353282533586025, -5.028284795116633e-05]
  ResConv 3:  [0.0004573822661768645, -9.373419743496925e-05, -0.007275639101862907, 0.0003490930830594152]
--
--
  ResConv 1:  [0.0004566450952552259, 3.761330299312249e-05, -0.007489006035029888, 0.00025093628210015595]
  ResConv 2:  [0.000445724610472098, 2.2396992790163495e-05, -0.007353282533586025, -5.028286250308156e-05]
  ResConv 3:  [0.00045738223707303405, -9.373421198688447e-05, -0.007275639101862907, 0.00034909305395558476]
--
--
  ResConv 1:  [0.0004264820017851889, 3.0233666620915756e-05, -0.007479523774236441, 0.00022683973656967282]
  ResConv 2:  [0.0004117136122658849, 1.5125376194191631e-05, -0.0073438771069049835, -7.6628515671473e-05]
  ResConv 3:  [0.00041944728582166135, -0.00010219965770374984, -0.007266242988407612, 0.00032534205820411444]
--
--
  ResConv 1:  [0.000426481943577528, 3.023366298293695e-05, -0.007479523774236441, 0.00022683975112158805]
  ResConv 2:  [0.00041171355405822396, 1.512537073722342e-05, -0.007343876641243696, -7.662850111955777e-05]
  ResConv 3:  [0.00041944722761400044, -0.00010219967225566506, -0.007266242988407612, 0.0003253420873079449]
--
--
  ResConv 1:  [0.0004264820017851889, 3.0233672077883966e-05, -0.007479523774236441, 0.00022683973656967282]
  ResConv 2:  [0.0004117136122658849, 1.512538074166514e-05, -0.0073438771069049835, -7.662850839551538e-05]
  ResConv 3:  [0.0004194472567178309, -0.00010219965770374984, -0.007266242988407612, 0.00032534205820411444]
--
--
  ResConv 1:  [0.0004264820017851889, 3.023366298293695e-05, -0.007479523774236441, 0.00022683973656967282]
  ResConv 2:  [0.0004117135831620544, 1.5125371646718122e-05, -0.0073438771069049835, -7.6628515671473e-05]
  ResConv 3:  [0.00041944728582166135, -0.00010219967225566506, -0.007266242988407612, 0.00032534205820411444]
--
--
  ResConv 1:  [0.0004264820017851889, 3.0233677534852177e-05, -0.007479523774236441, 0.00022683973656967282]
  ResConv 2:  [0.0004117136122658849, 1.5125387108128052e-05, -0.0073438771069049835, -7.662850839551538e-05]
  ResConv 3:  [0.00041944728582166135, -0.00010219965770374984, -0.007266242988407612, 0.000325342029100284]
--
--
  ResConv 1:  [0.0005632680258713663, -8.866152711561881e-06, -0.01110655814409256, 0.0012902815360575914]
  ResConv 2:  [0.0005474949721246958, -3.609655686886981e-05, -0.01089918240904808, 0.0008121092105284333]
  ResConv 3:  [0.000544096517842263, -0.00021332198230084032, -0.010785280726850033, 0.0014207051135599613]
--
--
  ResConv 1:  [0.0005632680840790272, -8.86616726347711e-06, -0.01110655814409256, 0.0012902815360575914]
  ResConv 2:  [0.0005474950303323567, -3.609657505876385e-05, -0.01089918240904808, 0.0008121092105284333]
  ResConv 3:  [0.000544096517842263, -0.00021332199685275555, -0.010785280726850033, 0.0014207052299752831]
--
--
  ResConv 1:  [0.0005632680840790272, -8.866161806508899e-06, -0.01110655814409256, 0.0012902815360575914]
  ResConv 2:  [0.0005474949721246958, -3.609657505876385e-05, -0.010899183340370655, 0.0008121092105284333]
  ResConv 3:  [0.000544096517842263, -0.00021332199685275555, -0.010785280726850033, 0.0014207051135599613]
--
--
  ResConv 1:  [0.0005632680840790272, -8.866153621056583e-06, -0.01110655814409256, 0.0012902815360575914]
  ResConv 2:  [0.0005474949721246958, -3.609656778280623e-05, -0.010899183340370655, 0.0008121092105284333]
  ResConv 3:  [0.000544096517842263, -0.0002133219677489251, -0.010785280726850033, 0.0014207052299752831]
--
--
  ResConv 1:  [0.0005632680840790272, -8.866169082466513e-06, -0.01110655814409256, 0.0012902815360575914]
  ResConv 2:  [0.0005474949721246958, -3.6096578696742654e-05, -0.010899183340370655, 0.0008121092105284333]
  ResConv 3:  [0.000544096517842263, -0.00021332201140467077, -0.010785280726850033, 0.0014207052299752831]
--
--
  ResConv 1:  [0.000434124784078449, 5.784943277831189e-05, -0.00763361994177103, 0.0003134626313112676]
  ResConv 2:  [0.00041493348544463515, 4.185069337836467e-05, -0.007494944613426924, 6.325504386950342e-07]
  ResConv 3:  [0.00041935965418815613, -7.901278149802238e-05, -0.007414905354380608, 0.0004130273300688714]
--
--
  ResConv 1:  [0.0004341248422861099, 5.78494364162907e-05, -0.00763361994177103, 0.0003134626313112676]
  ResConv 2:  [0.0004149334563408047, 4.1850697016343474e-05, -0.007494944613426924, 6.325714139165939e-07]
  ResConv 3:  [0.00041935965418815613, -7.901278149802238e-05, -0.007414905354380608, 0.0004130273009650409]
--
--
  ResConv 1:  [0.0004341248422861099, 5.784943277831189e-05, -0.00763361994177103, 0.0003134626313112676]
  ResConv 2:  [0.0004149335145484656, 4.1850697016343474e-05, -0.007494944613426924, 6.325741424006992e-07]
  ResConv 3:  [0.00041935962508432567, -7.901277422206476e-05, -0.007414905354380608, 0.0004130273300688714]
--
--
  ResConv 1:  [0.00043412475497461855, 5.784943277831189e-05, -0.00763361994177103, 0.00031346260220743716]
  ResConv 2:  [0.0004149334563408047, 4.185068974038586e-05, -0.007494944613426924, 6.325476533675101e-07]
  ResConv 3:  [0.00041935962508432567, -7.901278149802238e-05, -0.007414905354380608, 0.0004130273009650409]
--
--
  ResConv 1:  [0.0004341248422861099, 5.78494364162907e-05, -0.00763361994177103, 0.0003134626313112676]
  ResConv 2:  [0.0004149334563408047, 4.185070429230109e-05, -0.007494944613426924, 6.325868184831052e-07]
  ResConv 3:  [0.00041935965418815613, -7.901275967014953e-05, -0.007414905354380608, 0.00041302735917270184]
--
--
  ResConv 1:  [0.00037346003227867186, 2.7350446544005536e-05, -0.006610941607505083, 0.0002831877791322768]
  ResConv 2:  [0.00036067492328584194, 1.3087157640256919e-05, -0.0064908782951533794, 1.260074623132823e-05]
  ResConv 3:  [0.0003646769910119474, -8.996702672448009e-05, -0.006420792546123266, 0.00036993311368860304]
--
--
  ResConv 1:  [0.00037346003227867186, 2.7350455638952553e-05, -0.00661094207316637, 0.0002831877791322768]
  ResConv 2:  [0.0003606749523896724, 1.3087164006719831e-05, -0.0064908782951533794, 1.260074623132823e-05]
  ResConv 3:  [0.0003646769910119474, -8.996701944852248e-05, -0.006420792546123266, 0.00036993311368860304]
--
--
  ResConv 1:  [0.00037346003227867186, 2.735043926804792e-05, -0.006610941607505083, 0.0002831878373399377]
  ResConv 2:  [0.0003606749523896724, 1.3087149454804603e-05, -0.0064908782951533794, 1.2600788068084512e-05]
  ResConv 3:  [0.0003646769910119474, -8.99670340004377e-05, -0.006420792546123266, 0.0003699331427924335]
--
--
  ResConv 1:  [0.00037346003227867186, 2.735044290602673e-05, -0.006610941607505083, 0.0002831877791322768]
  ResConv 2:  [0.0003606749523896724, 1.3087154002278112e-05, -0.0064908782951533794, 1.2600755326275248e-05]
  ResConv 3:  [0.0003646769910119474, -8.99670340004377e-05, -0.0064207930117845535, 0.0003699330845847726]
--
--
  ResConv 1:  [0.00037346003227867186, 2.735045381996315e-05, -0.006610941607505083, 0.0002831877791322768]
  ResConv 2:  [0.00036067492328584194, 1.3087167644698638e-05, -0.0064908782951533794, 1.2600745321833529e-05]
  ResConv 3:  [0.00036467696190811694, -8.996701944852248e-05, -0.006420792546123266, 0.00036993311368860304]
--
--
  ResConv 1:  [0.0004695835814345628, 5.8695375628303736e-05, -0.010220574215054512, 0.00046067190123721957]
  ResConv 2:  [0.0004565957933664322, 3.756514342967421e-05, -0.010034232400357723, 3.781735722441226e-05]
  ResConv 3:  [0.000465237331809476, -0.00012806637096218765, -0.009927843697369099, 0.0005948580801486969]
--
--
  ResConv 1:  [0.00046958349412307143, 5.86953574384097e-05, -0.010220574215054512, 0.0004606718721333891]
  ResConv 2:  [0.0004565957933664322, 3.756511432584375e-05, -0.010034232400357723, 3.7817324482603e-05]
  ResConv 3:  [0.00046523730270564556, -0.0001280664000660181, -0.009927842766046524, 0.0005948580801486969]
--
--
  ResConv 1:  [0.0004695835814345628, 5.869536835234612e-05, -0.010220574215054512, 0.00046067190123721957]
  ResConv 2:  [0.00045659582247026265, 3.756512887775898e-05, -0.010034232400357723, 3.781734631047584e-05]
  ResConv 3:  [0.000465237331809476, -0.00012806637096218765, -0.009927843697369099, 0.0005948580801486969]
--
--
  ResConv 1:  [0.0004695835814345628, 5.8695364714367315e-05, -0.010220574215054512, 0.00046067193034105003]
  ResConv 2:  [0.0004565957933664322, 3.756512887775898e-05, -0.010034232400357723, 3.781737177632749e-05]
  ResConv 3:  [0.000465237331809476, -0.00012806637096218765, -0.009927843697369099, 0.0005948580801486969]
--
--
  ResConv 1:  [0.0004695835814345628, 5.86953574384097e-05, -0.010220574215054512, 0.00046067193034105003]
  ResConv 2:  [0.0004565957933664322, 3.756512523978017e-05, -0.010034232400357723, 3.78173754143063e-05]
  ResConv 3:  [0.000465237331809476, -0.00012806638551410288, -0.009927842766046524, 0.0005948581383563578]
--
--
  ResConv 1:  [0.0005303032812662423, 4.842403359361924e-05, -0.0073805516585707664, 0.00026580222765915096]
  ResConv 2:  [0.0005097000394016504, 3.295817441539839e-05, -0.0072445739060640335, -3.593021392589435e-05]
  ResConv 3:  [0.0005113633233122528, -8.285781223094091e-05, -0.007167940493673086, 0.0003632068692240864]
--
--
  ResConv 1:  [0.0005303033394739032, 4.842404814553447e-05, -0.0073805516585707664, 0.00026580228586681187]
  ResConv 2:  [0.0005097000394016504, 3.295818896731362e-05, -0.0072445739060640335, -3.593019937397912e-05]
  ResConv 3:  [0.0005113633233122528, -8.285779767902568e-05, -0.007167940493673086, 0.0003632068692240864]
--
--
  ResConv 1:  [0.0005303032812662423, 4.842403359361924e-05, -0.0073805516585707664, 0.00026580222765915096]
  ResConv 2:  [0.0005097000394016504, 3.295817441539839e-05, -0.0072445739060640335, -3.5930221201851964e-05]
  ResConv 3:  [0.0005113633233122528, -8.285781950689852e-05, -0.007167940493673086, 0.0003632068692240864]
--
--
  ResConv 1:  [0.0005303032812662423, 4.8424040869576856e-05, -0.0073805516585707664, 0.0002658022567629814]
  ResConv 2:  [0.0005097000394016504, 3.2958181691356e-05, -0.0072445739060640335, -3.593021756387316e-05]
  ResConv 3:  [0.0005113633233122528, -8.285779767902568e-05, -0.0071679395623505116, 0.0003632068692240864]
--
--
  ResConv 1:  [0.0005303032812662423, 4.8424040869576856e-05, -0.0073805516585707664, 0.0002658022567629814]
  ResConv 2:  [0.0005097000394016504, 3.2958181691356e-05, -0.0072445739060640335, -3.593021756387316e-05]
  ResConv 3:  [0.0005113633233122528, -8.285779767902568e-05, -0.007167940493673086, 0.0003632068692240864]
--
--
  ResConv 1:  [0.00045739547931589186, 4.335538324085064e-05, -0.006744121201336384, 0.00023312172561418265]
  ResConv 2:  [0.00044120935490354896, 2.9548953534686007e-05, -0.006620220839977264, -4.0621886000735685e-05]
  ResConv 3:  [0.00044767739018425345, -7.438527245540172e-05, -0.006550300400704145, 0.00032020703656598926]
--
--
  ResConv 1:  [0.00045739547931589186, 4.3355390516808257e-05, -0.0067441207356750965, 0.00023312172561418265]
  ResConv 2:  [0.00044120935490354896, 2.9548953534686007e-05, -0.006620220839977264, -4.0621896914672107e-05]
  ResConv 3:  [0.00044767739018425345, -7.438527245540172e-05, -0.006550300400704145, 0.00032020703656598926]
--
--
  ResConv 1:  [0.00045739547931589186, 4.3355394154787064e-05, -0.0067441207356750965, 0.00023312171106226742]
  ResConv 2:  [0.00044120935490354896, 2.9548957172664814e-05, -0.006620220839977264, -4.062190782860853e-05]
  ResConv 3:  [0.00044767739018425345, -7.438527245540172e-05, -0.006550300400704145, 0.00032020703656598926]
--
--
  ResConv 1:  [0.0004573955084197223, 4.335540143074468e-05, -0.006744120270013809, 0.00023312171106226742]
  ResConv 2:  [0.00044120935490354896, 2.9548971724580042e-05, -0.006620220839977264, -4.062190782860853e-05]
  ResConv 3:  [0.00044767739018425345, -7.438525062752888e-05, -0.006550300400704145, 0.00032020703656598926]
--
--
  ResConv 1:  [0.0004573954502120614, 4.3355394154787064e-05, -0.0067441207356750965, 0.00023312171106226742]
  ResConv 2:  [0.00044120935490354896, 2.9548957172664814e-05, -0.006620220839977264, -4.0621896914672107e-05]
  ResConv 3:  [0.000447677361080423, -7.438527245540172e-05, -0.006550300400704145, 0.00032020703656598926]
--
--
  ResConv 1:  [0.00046904434566386044, 5.564543971559033e-05, -0.008427857421338558, 0.0006112995906732976]
  ResConv 2:  [0.0004579469677992165, 3.717857907759026e-05, -0.008271207101643085, 0.00025910718250088394]
  ResConv 3:  [0.0004649024922400713, -9.432722436031327e-05, -0.008184541948139668, 0.0007129234145395458]
--
--
  ResConv 1:  [0.00046904434566386044, 5.564544699154794e-05, -0.008427857421338558, 0.0006112996488809586]
  ResConv 2:  [0.0004579469677992165, 3.7178582715569064e-05, -0.00827120617032051, 0.00025910718250088394]
  ResConv 3:  [0.0004649024922400713, -9.432721708435565e-05, -0.008184541948139668, 0.0007129234145395458]
--
--
  ResConv 1:  [0.00046904431656003, 5.564543971559033e-05, -0.008427857421338558, 0.0006112996488809586]
  ResConv 2:  [0.0004579469677992165, 3.717857907759026e-05, -0.008271207101643085, 0.00025910718250088394]
  ResConv 3:  [0.0004649024340324104, -9.43272389122285e-05, -0.008184541948139668, 0.0007129234145395458]
--
--
  ResConv 1:  [0.00046904431656003, 5.56454251636751e-05, -0.008427857421338558, 0.0006112996488809586]
  ResConv 2:  [0.0004579470260068774, 3.717856088769622e-05, -0.008271207101643085, 0.00025910718250088394]
  ResConv 3:  [0.0004649024340324104, -9.432724618818611e-05, -0.008184541948139668, 0.0007129234145395458]
--
--
  ResConv 1:  [0.0004690442874561995, 5.564544699154794e-05, -0.008427857421338558, 0.0006112996488809586]
  ResConv 2:  [0.0004579469677992165, 3.7178582715569064e-05, -0.008271207101643085, 0.0002591072116047144]
  ResConv 3:  [0.0004649024340324104, -9.432721708435565e-05, -0.008184541948139668, 0.0007129234145395458]
--
--
  ResConv 1:  [0.0003781517152674496, 7.491862561437301e-06, -0.007776717189699411, 0.0002764623495750129]
  ResConv 2:  [0.00036705026286654174, -8.503772733092774e-06, -0.007636574562638998, -4.1824016079772264e-05]
  ResConv 3:  [0.0003740568645298481, -0.0001328396174358204, -0.007555051241070032, 0.00038085918640717864]
--
--
  ResConv 1:  [0.0003781517152674496, 7.491871201636968e-06, -0.007776717189699411, 0.000276462291367352]
  ResConv 2:  [0.00036705026286654174, -8.503764547640458e-06, -0.007636574562638998, -4.1824052459560335e-05]
  ResConv 3:  [0.0003740568645298481, -0.0001328396174358204, -0.007555051241070032, 0.0003808591573033482]
--
--
  ResConv 1:  [0.0003781517152674496, 7.491861197195249e-06, -0.007776717189699411, 0.0002764623495750129]
  ResConv 2:  [0.00036705026286654174, -8.503774552082177e-06, -0.007636574562638998, -4.182401244179346e-05]
  ResConv 3:  [0.0003740568645298481, -0.0001328396174358204, -0.007555051241070032, 0.00038085918640717864]
--
--
  ResConv 1:  [0.0003781517152674496, 7.491876658605179e-06, -0.007776717189699411, 0.0002764623495750129]
  ResConv 2:  [0.00036705026286654174, -8.503761819156352e-06, -0.007636574562638998, -4.1824016079772264e-05]
  ResConv 3:  [0.0003740568645298481, -0.0001328396174358204, -0.007555051241070032, 0.0003808592155110091]
--
--
  ResConv 1:  [0.0003781517152674496, 7.4918621066899505e-06, -0.007776717189699411, 0.000276462291367352]
  ResConv 2:  [0.0003670502919703722, -8.503773642587475e-06, -0.007636574562638998, -4.1824037907645106e-05]
  ResConv 3:  [0.000374056922737509, -0.00013283963198773563, -0.007555051241070032, 0.0003808591573033482]
--
--
  ResConv 1:  [0.0003593948786146939, 1.709870048216544e-05, -0.007416544482111931, 0.00020639751164708287]
  ResConv 2:  [0.0003479757870081812, 1.7277079678024165e-06, -0.007282760925590992, -9.45867141126655e-05]
  ResConv 3:  [0.0003566475643310696, -0.00011621746671153232, -0.0072044674307107925, 0.0003080737660638988]
--
--
  ResConv 1:  [0.0003593948495108634, 1.7098704120144248e-05, -0.007416544482111931, 0.00020639749709516764]
  ResConv 2:  [0.0003479757870081812, 1.7277084225497674e-06, -0.007282760925590992, -9.458672138862312e-05]
  ResConv 3:  [0.0003566475643310696, -0.00011621746671153232, -0.0072044674307107925, 0.00030807373696006835]
--
--
  ResConv 1:  [0.0003593948495108634, 1.7098711396101862e-05, -0.007416544482111931, 0.0002063974825432524]
  ResConv 2:  [0.0003479757870081812, 1.7277176311836229e-06, -0.007282760459929705, -9.458672138862312e-05]
  ResConv 3:  [0.0003566475643310696, -0.0001162174521596171, -0.0072044674307107925, 0.0003080737660638988]
--
--
  ResConv 1:  [0.0003593948495108634, 1.7098702301154844e-05, -0.007416544482111931, 0.00020639751164708287]
  ResConv 2:  [0.00034797581611201167, 1.727705694065662e-06, -0.007282760925590992, -9.458670683670789e-05]
  ResConv 3:  [0.0003566475643310696, -0.00011621746671153232, -0.0072044674307107925, 0.0003080737660638988]
--
--
  ResConv 1:  [0.0003593948495108634, 1.709870957711246e-05, -0.007416544482111931, 0.00020639751164708287]
  ResConv 2:  [0.00034797575790435076, 1.727713083710114e-06, -0.007282760925590992, -9.458670683670789e-05]
  ResConv 3:  [0.0003566474770195782, -0.00011621745943557471, -0.0072044674307107925, 0.0003080737660638988]
--
--
  ResConv 1:  [0.00019635171338450164, 3.249765359214507e-05, -0.007431559264659882, 0.00034943813807331026]
  ResConv 2:  [0.00018920566071756184, 1.4757179997104686e-05, -0.00729428231716156, 4.879145126324147e-05]
  ResConv 3:  [0.0001970100129256025, -0.00010156602365896106, -0.0072173066437244415, 0.0004476295434869826]
--
--
  ResConv 1:  [0.0001963516988325864, 3.2497660868102685e-05, -0.007431559264659882, 0.00034943819628097117]
  ResConv 2:  [0.00018920566071756184, 1.4757189092051703e-05, -0.007294283248484135, 4.87914658151567e-05]
  ResConv 3:  [0.0001970100129256025, -0.00010156600910704583, -0.0072173066437244415, 0.00044762957259081304]
--
--
  ResConv 1:  [0.00019635168428067118, 3.249765359214507e-05, -0.007431559264659882, 0.0003494381671771407]
  ResConv 2:  [0.00018920563161373138, 1.4757188182557002e-05, -0.007294283248484135, 4.87914658151567e-05]
  ResConv 3:  [0.00019700999837368727, -0.00010156603093491867, -0.0072173066437244415, 0.00044762957259081304]
--
--
  ResConv 1:  [0.0001963516988325864, 3.249766450608149e-05, -0.007431559264659882, 0.0003494381671771407]
  ResConv 2:  [0.0001892056461656466, 1.4757193639525212e-05, -0.007294283248484135, 4.8791469453135505e-05]
  ResConv 3:  [0.00019700999837368727, -0.00010156600910704583, -0.0072173066437244415, 0.00044762957259081304]
--
--
  ResConv 1:  [0.00019635168428067118, 3.2497660868102685e-05, -0.007431559264659882, 0.00034943813807331026]
  ResConv 2:  [0.00018920563161373138, 1.4757193639525212e-05, -0.00729428231716156, 4.8791443987283856e-05]
  ResConv 3:  [0.00019700998382177204, -0.00010156600910704583, -0.007217305712401867, 0.0004476295434869826]
--
--
  ResConv 1:  [0.000711502565536648, 1.4367882613441907e-05, -0.010808159597218037, 0.0008278366294689476]
  ResConv 2:  [0.0006879993015900254, -1.1935811926377937e-05, -0.010606900788843632, 0.0003752806514967233]
  ResConv 3:  [0.0006869481294415891, -0.00018028785416390747, -0.010498215444386005, 0.0009568909299559891]
--
--
  ResConv 1:  [0.000711502623744309, 1.4367887160915416e-05, -0.010808159597218037, 0.0008278366294689476]
  ResConv 2:  [0.0006879993597976863, -1.1935820111830253e-05, -0.010606900788843632, 0.0003752806514967233]
  ResConv 3:  [0.0006869481294415891, -0.00018028785416390747, -0.010498215444386005, 0.0009568909299559891]
--
--
  ResConv 1:  [0.000711502565536648, 1.4367874427989591e-05, -0.010808159597218037, 0.0008278366294689476]
  ResConv 2:  [0.0006879993015900254, -1.1935827387787867e-05, -0.010606900788843632, 0.0003752806514967233]
  ResConv 3:  [0.0006869481294415891, -0.00018028785416390747, -0.010498215444386005, 0.0009568909299559891]
--
--
  ResConv 1:  [0.000711502623744309, 1.4367865333042573e-05, -0.010808159597218037, 0.0008278366294689476]
  ResConv 2:  [0.0006879993597976863, -1.1935832844756078e-05, -0.010606900788843632, 0.00037528073880821466]
  ResConv 3:  [0.0006869481294415891, -0.00018028788326773793, -0.010498215444386005, 0.0009568909299559891]
--
--
  ResConv 1:  [0.000711502565536648, 1.4367865333042573e-05, -0.010808159597218037, 0.0008278366294689476]
  ResConv 2:  [0.0006879993597976863, -1.1935827387787867e-05, -0.010606899857521057, 0.0003752806514967233]
  ResConv 3:  [0.0006869481294415891, -0.0001802878687158227, -0.01049821637570858, 0.0009568909299559891]
--
--
  ResConv 1:  [0.0004764064506161958, 2.857002618839033e-05, -0.009404079988598824, 0.00046031162491999567]
  ResConv 2:  [0.00046086744987405837, 8.391710252908524e-06, -0.009233631193637848, 7.137483771657571e-05]
  ResConv 3:  [0.0004674540541600436, -0.0001421783526893705, -0.009136178530752659, 0.000582031614612788]
--
--
  ResConv 1:  [0.0004764064506161958, 2.857002073142212e-05, -0.009404079988598824, 0.0004603115958161652]
  ResConv 2:  [0.00046086744987405837, 8.391703886445612e-06, -0.009233631193637848, 7.137481588870287e-05]
  ResConv 3:  [0.0004674540541600436, -0.00014217836724128574, -0.009136178530752659, 0.000582031614612788]
--
--
  ResConv 1:  [0.0004764063924085349, 2.8570024369400926e-05, -0.009404079988598824, 0.0004603115958161652]
  ResConv 2:  [0.00046086744987405837, 8.391710252908524e-06, -0.009233631193637848, 7.137480861274526e-05]
  ResConv 3:  [0.0004674540541600436, -0.0001421783526893705, -0.009136178530752659, 0.000582031614612788]
--
--
  ResConv 1:  [0.0004764064506161958, 2.8570022550411522e-05, -0.009404079988598824, 0.0004603116540238261]
  ResConv 2:  [0.0004608674789778888, 8.391704795940313e-06, -0.009233631193637848, 7.137486682040617e-05]
  ResConv 3:  [0.0004674540541600436, -0.00014217836724128574, -0.009136178530752659, 0.0005820316728204489]
--
--
  ResConv 1:  [0.0004764064506161958, 2.8570024369400926e-05, -0.009404079988598824, 0.0004603115958161652]
  ResConv 2:  [0.0004608674789778888, 8.391707524424419e-06, -0.009233631193637848, 7.137482316466048e-05]
  ResConv 3:  [0.0004674540541600436, -0.00014217836724128574, -0.009136178530752659, 0.000582031614612788]
--
--
  ResConv 1:  [0.00024819254758767784, 2.8555326935020275e-05, -0.006956957746297121, 0.00022689277830068022]
  ResConv 2:  [0.00023957318626344204, 1.345542841590941e-05, -0.006830177269876003, -5.1809216529363766e-05]
  ResConv 3:  [0.00024662332725711167, -9.463660535402596e-05, -0.006757983937859535, 0.0003193724842276424]
--
--
  ResConv 1:  [0.00024819254758767784, 2.8555330572999083e-05, -0.006956957746297121, 0.00022689277830068022]
  ResConv 2:  [0.00023957318626344204, 1.3455432963382918e-05, -0.006830177269876003, -5.180921289138496e-05]
  ResConv 3:  [0.0002466232981532812, -9.463660535402596e-05, -0.006757983937859535, 0.0003193725133314729]
--
--
  ResConv 1:  [0.00024819254758767784, 2.8555336029967293e-05, -0.006956957746297121, 0.000226892763748765]
  ResConv 2:  [0.00023957318626344204, 1.3455436601361725e-05, -0.006830177269876003, -5.1809231081278995e-05]
  ResConv 3:  [0.0002466232981532812, -9.463659807806835e-05, -0.006757983937859535, 0.0003193725133314729]
--
--
  ResConv 1:  [0.0002481925184838474, 2.8555330572999083e-05, -0.006956957746297121, 0.00022689277830068022]
  ResConv 2:  [0.0002395731717115268, 1.3455430234898813e-05, -0.006830177269876003, -5.180921289138496e-05]
  ResConv 3:  [0.00024662326904945076, -9.463659807806835e-05, -0.006757983937859535, 0.0003193725133314729]
--
--
  ResConv 1:  [0.00024819254758767784, 2.8555330572999083e-05, -0.006956957746297121, 0.000226892763748765]
  ResConv 2:  [0.00023957315715961158, 1.3455427506414708e-05, -0.006830177269876003, -5.18092347192578e-05]
  ResConv 3:  [0.00024662326904945076, -9.463660535402596e-05, -0.006757983937859535, 0.0003193725133314729]
--
--
  ResConv 1:  [0.0003122577036265284, 4.5328877604333684e-05, -0.007524700835347176, 0.00032579549588263035]
  ResConv 2:  [0.00030554100521840155, 2.8654663765337318e-05, -0.007386601530015469, 2.068640969810076e-05]
  ResConv 3:  [0.00031358192791230977, -8.890068420441821e-05, -0.007309135049581528, 0.00042487645987421274]
--
--
  ResConv 1:  [0.00031225773273035884, 4.532888124231249e-05, -0.007524700835347176, 0.0003257955249864608]
  ResConv 2:  [0.00030554106342606246, 2.8654667403316125e-05, -0.007386601530015469, 2.0686420612037182e-05]
  ResConv 3:  [0.0003135819570161402, -8.890068420441821e-05, -0.007309135049581528, 0.00042487645987421274]
--
--
  ResConv 1:  [0.00031225773273035884, 4.5328877604333684e-05, -0.007524700835347176, 0.0003257955249864608]
  ResConv 2:  [0.00030554106342606246, 2.8654663765337318e-05, -0.007386601530015469, 2.0686431525973603e-05]
  ResConv 3:  [0.0003135819570161402, -8.890069875633344e-05, -0.007309135049581528, 0.00042487651808187366]
--
--
  ResConv 1:  [0.0003122577036265284, 4.532887396635488e-05, -0.007524700835347176, 0.0003257955249864608]
  ResConv 2:  [0.00030554100521840155, 2.8654656489379704e-05, -0.007386601530015469, 2.0686431525973603e-05]
  ResConv 3:  [0.00031358192791230977, -8.890068420441821e-05, -0.007309135049581528, 0.00042487651808187366]
--
--
  ResConv 1:  [0.0003122577618341893, 4.532886669039726e-05, -0.007524700835347176, 0.00032579555409029126]
  ResConv 2:  [0.00030554106342606246, 2.8654647394432686e-05, -0.007386601530015469, 2.06864297069842e-05]
  ResConv 3:  [0.0003135819861199707, -8.890070603229105e-05, -0.007309135049581528, 0.0004248764889780432]
--
--
  ResConv 1:  [0.0004136408679187298, 2.3938328013173304e-05, -0.008753410540521145, 0.00044283748138695955]
  ResConv 2:  [0.0004036620375700295, 4.299145075492561e-06, -0.00859470758587122, 7.865197403589264e-05]
  ResConv 3:  [0.00041058595525100827, -0.00013611653412226588, -0.00850378256291151, 0.0005585679318755865]
--
--
  ResConv 1:  [0.0004136408679187298, 2.3938324375194497e-05, -0.008753410540521145, 0.00044283753959462047]
  ResConv 2:  [0.00040366200846619904, 4.299141437513754e-06, -0.00859470758587122, 7.865197403589264e-05]
  ResConv 3:  [0.00041058595525100827, -0.00013611653412226588, -0.00850378256291151, 0.0005585679318755865]
--
--
  ResConv 1:  [0.00041364089702256024, 2.39383261941839e-05, -0.008753410540521145, 0.00044283753959462047]
  ResConv 2:  [0.0004036620375700295, 4.29913961852435e-06, -0.00859470758587122, 7.865196675993502e-05]
  ResConv 3:  [0.00041058595525100827, -0.00013611653412226588, -0.00850378256291151, 0.0005585679318755865]
--
--
  ResConv 1:  [0.00041364089702256024, 2.393831528024748e-05, -0.008753410540521145, 0.0004428374522831291]
  ResConv 2:  [0.0004036620375700295, 4.299130978324683e-06, -0.00859470758587122, 7.865194493206218e-05]
  ResConv 3:  [0.00041058595525100827, -0.0001361165486741811, -0.00850378256291151, 0.0005585679318755865]
--
--
  ResConv 1:  [0.00041364089702256024, 2.3938318918226287e-05, -0.008753410540521145, 0.0004428374522831291]
  ResConv 2:  [0.00040366200846619904, 4.299135980545543e-06, -0.00859470758587122, 7.865193038014695e-05]
  ResConv 3:  [0.00041058595525100827, -0.0001361165486741811, -0.00850378256291151, 0.0005585678736679256]
--
--
  ResConv 1:  [0.0004266600590199232, 5.179968138691038e-05, -0.00882489699870348, 0.00034731384948827326]
  ResConv 2:  [0.00041258573764935136, 3.187606489518657e-05, -0.008663976565003395, -1.0738634955487214e-05]
  ResConv 3:  [0.0004217051318846643, -0.00010669906623661518, -0.00857260450720787, 0.00046427446068264544]
--
--
  ResConv 1:  [0.0004266600590199232, 5.1799685024889186e-05, -0.00882489699870348, 0.00034731384948827326]
  ResConv 2:  [0.0004125857085455209, 3.187607217114419e-05, -0.008663976565003395, -1.0738650416897144e-05]
  ResConv 3:  [0.00042170516098849475, -0.00010669905896065757, -0.00857260450720787, 0.00046427446068264544]
--
--
  ResConv 1:  [0.0004266601172275841, 5.179967047297396e-05, -0.00882489699870348, 0.00034731384948827326]
  ResConv 2:  [0.00041258573764935136, 3.187607217114419e-05, -0.008663976565003395, -1.073865314538125e-05]
  ResConv 3:  [0.00042170516098849475, -0.00010669906623661518, -0.00857260450720787, 0.000464274431578815]
--
--
  ResConv 1:  [0.0004266600590199232, 5.179966683499515e-05, -0.00882489699870348, 0.0003473138785921037]
  ResConv 2:  [0.0004125857085455209, 3.187605761922896e-05, -0.008663976565003395, -1.0738624041550793e-05]
  ResConv 3:  [0.0004217051318846643, -0.00010669908806448802, -0.008572603575885296, 0.0004642744897864759]
--
--
  ResConv 1:  [0.0004266601172275841, 5.1799674110952765e-05, -0.00882489699870348, 0.00034731384948827326]
  ResConv 2:  [0.0004125857667531818, 3.187606489518657e-05, -0.008663976565003395, -1.0738619494077284e-05]
  ResConv 3:  [0.00042170516098849475, -0.0001066990735125728, -0.00857260450720787, 0.00046427446068264544]
--
--
  ResConv 1:  [0.000562815519515425, 3.65209998562932e-05, -0.008601091802120209, 0.0004324016335885972]
  ResConv 2:  [0.0005444975686259568, 1.8159724277211353e-05, -0.008443526923656464, 7.946080586407334e-05]
  ResConv 3:  [0.0005506210145540535, -0.00011812780576292425, -0.008353903889656067, 0.0005441380199044943]
--
--
  ResConv 1:  [0.000562815461307764, 3.652097439044155e-05, -0.008601091802120209, 0.00043240157538093626]
  ResConv 2:  [0.0005444975686259568, 1.8159700630349107e-05, -0.008443526923656464, 7.94607840362005e-05]
  ResConv 3:  [0.0005506210145540535, -0.00011812782031483948, -0.008353903889656067, 0.0005441380199044943]
--
--
  ResConv 1:  [0.000562815519515425, 3.652098530437797e-05, -0.008601091802120209, 0.0004324016044847667]
  ResConv 2:  [0.0005444975686259568, 1.8159709725296125e-05, -0.008443525992333889, 7.946079858811572e-05]
  ResConv 3:  [0.0005506210145540535, -0.00011812782031483948, -0.008353903889656067, 0.0005441380199044943]
--
--
  ResConv 1:  [0.000562815461307764, 3.652098530437797e-05, -0.008601091802120209, 0.00043240157538093626]
  ResConv 2:  [0.0005444975686259568, 1.8159709725296125e-05, -0.008443526923656464, 7.946079858811572e-05]
  ResConv 3:  [0.0005506210145540535, -0.00011812782031483948, -0.008353903889656067, 0.0005441379616968334]
--
--
  ResConv 1:  [0.000562815461307764, 3.652097439044155e-05, -0.008601091802120209, 0.0004324016335885972]
  ResConv 2:  [0.0005444975686259568, 1.8159700630349107e-05, -0.008443525992333889, 7.946080586407334e-05]
  ResConv 3:  [0.0005506210145540535, -0.00011812783486675471, -0.008353903889656067, 0.0005441380199044943]
--
--
  ResConv 1:  [0.0002967002219520509, 2.1056110199424438e-05, -0.007355198264122009, 0.0002559429267421365]
  ResConv 2:  [0.00028456636937335134, 3.973110779043054e-06, -0.007219982799142599, -4.3651616579154506e-05]
  ResConv 3:  [0.00028970162384212017, -0.00011044370330637321, -0.0071435654535889626, 0.0003523853374645114]
--
--
  ResConv 1:  [0.0002967002510558814, 2.1056104742456228e-05, -0.007355198264122009, 0.0002559429267421365]
  ResConv 2:  [0.00028456636937335134, 3.9731016840960365e-06, -0.007219982799142599, -4.3651605665218085e-05]
  ResConv 3:  [0.00028970162384212017, -0.00011044371058233082, -0.00714356591925025, 0.00035238536656834185]
--
--
  ResConv 1:  [0.0002967002510558814, 2.105611565639265e-05, -0.007355198264122009, 0.0002559429267421365]
  ResConv 2:  [0.00028456636937335134, 3.973118509748019e-06, -0.007219982799142599, -4.365158747532405e-05]
  ResConv 3:  [0.00028970162384212017, -0.0001104436960304156, -0.00714356591925025, 0.00035238536656834185]
--
--
  ResConv 1:  [0.0002967002510558814, 2.105610656144563e-05, -0.007355198264122009, 0.000255942897638306]
  ResConv 2:  [0.00028456636937335134, 3.973104867327493e-06, -0.007219982799142599, -4.365162749309093e-05]
  ResConv 3:  [0.00028970162384212017, -0.00011044370330637321, -0.00714356591925025, 0.0003523853374645114]
--
--
  ResConv 1:  [0.0002967002510558814, 2.1056108380435035e-05, -0.007355198264122009, 0.0002559429267421365]
  ResConv 2:  [0.0002845663402695209, 3.9731085053063e-06, -0.007219982799142599, -4.3651594751281664e-05]
  ResConv 3:  [0.00028970162384212017, -0.00011044371058233082, -0.00714356591925025, 0.00035238536656834185]
--
--
  ResConv 1:  [0.0005563816521316767, 9.411602150066756e-06, -0.007266071159392595, 0.0002583586028777063]
  ResConv 2:  [0.000536145584192127, -5.364419394027209e-06, -0.007132132072001696, -3.470287992968224e-05]
  ResConv 3:  [0.0005377813358791173, -0.00011723878560587764, -0.007057637441903353, 0.0003531506808940321]
--
--
  ResConv 1:  [0.0005563816521316767, 9.41160942602437e-06, -0.007266071159392595, 0.00025835863198153675]
  ResConv 2:  [0.000536145584192127, -5.3644130275642965e-06, -0.007132132072001696, -3.470286537776701e-05]
  ResConv 3:  [0.0005377813358791173, -0.00011723877832992002, -0.007057637441903353, 0.0003531506808940321]
--
--
  ResConv 1:  [0.0005563816521316767, 9.411596693098545e-06, -0.007266071159392595, 0.00025835863198153675]
  ResConv 2:  [0.0005361456423997879, -5.364425760490121e-06, -0.007132132072001696, -3.470285082585178e-05]
  ResConv 3:  [0.0005377813358791173, -0.00011723878560587764, -0.007057637441903353, 0.0003531506808940321]
--
--
  ResConv 1:  [0.0005563816521316767, 9.411610335519072e-06, -0.007266071159392595, 0.00025835863198153675]
  ResConv 2:  [0.000536145584192127, -5.364414391806349e-06, -0.007132132072001696, -3.470285082585178e-05]
  ResConv 3:  [0.0005377813358791173, -0.00011723878560587764, -0.007057637441903353, 0.0003531507099978626]
--
--
  ResConv 1:  [0.0005563816521316767, 9.411602150066756e-06, -0.007266071159392595, 0.00025835863198153675]
  ResConv 2:  [0.000536145584192127, -5.364418939279858e-06, -0.007132132072001696, -3.470286901574582e-05]
  ResConv 3:  [0.0005377813358791173, -0.00011723879288183525, -0.007057637441903353, 0.0003531506808940321]
--
--
  ResConv 1:  [0.0004672382492572069, -3.7141032862564316e-06, -0.008549154736101627, 0.0007766838534735143]
  ResConv 2:  [0.00045196572318673134, -2.341583058296237e-05, -0.008389418013393879, 0.0004186938749626279]
  ResConv 3:  [0.00045370313455350697, -0.00015572126721963286, -0.008302348665893078, 0.000877280835993588]
--
--
  ResConv 1:  [0.000467238191049546, -3.7141176107979845e-06, -0.008549154736101627, 0.0007766837952658534]
  ResConv 2:  [0.0004519656649790704, -2.34158451348776e-05, -0.008389418013393879, 0.0004186938749626279]
  ResConv 3:  [0.00045370313455350697, -0.00015572131087537855, -0.008302348665893078, 0.0008772808942012489]
--
--
  ResConv 1:  [0.0004672382492572069, -3.7140889617148787e-06, -0.008549154736101627, 0.0007766837952658534]
  ResConv 2:  [0.0004519657522905618, -2.3415816031047143e-05, -0.008389418013393879, 0.0004186938749626279]
  ResConv 3:  [0.00045370313455350697, -0.00015572126721963286, -0.008302348665893078, 0.000877280835993588]
--
--
  ResConv 1:  [0.0004672382492572069, -3.7140955555514665e-06, -0.008549154736101627, 0.0007766837952658534]
  ResConv 2:  [0.0004519657522905618, -2.3415821488015354e-05, -0.008389418013393879, 0.0004186939331702888]
  ResConv 3:  [0.00045370316365733743, -0.00015572126721963286, -0.008302348665893078, 0.0008772808942012489]
--
--
  ResConv 1:  [0.0004672382492572069, -3.7140966924198437e-06, -0.008549154736101627, 0.0007766837952658534]
  ResConv 2:  [0.0004519657522905618, -2.3415821488015354e-05, -0.008389418013393879, 0.0004186938749626279]
  ResConv 3:  [0.00045370316365733743, -0.00015572126721963286, -0.008302348665893078, 0.0008772807195782661]
--
--
  ResConv 1:  [0.0004948380519635975, -4.955218628310831e-06, -0.008473038673400879, 0.000378964381525293]
  ResConv 2:  [0.0004774638800881803, -2.3503307602368295e-05, -0.008319391869008541, 3.344000651850365e-05]
  ResConv 3:  [0.00048301133210770786, -0.00015612845891155303, -0.008232131600379944, 0.000488818739540875]
--
--
  ResConv 1:  [0.0004948380519635975, -4.95522317578434e-06, -0.008473038673400879, 0.000378964381525293]
  ResConv 2:  [0.0004774639673996717, -2.3503307602368295e-05, -0.008319391869008541, 3.344001743244007e-05]
  ResConv 3:  [0.00048301139031536877, -0.00015612845891155303, -0.008232131600379944, 0.000488818739540875]
--
--
  ResConv 1:  [0.0004948380519635975, -4.955217264068779e-06, -0.008473039604723454, 0.000378964381525293]
  ResConv 2:  [0.0004774639382958412, -2.3503302145400085e-05, -0.008319390937685966, 3.344002107041888e-05]
  ResConv 3:  [0.00048301139031536877, -0.00015612845891155303, -0.008232131600379944, 0.000488818739540875]
--
--
  ResConv 1:  [0.0004948380519635975, -4.955215445079375e-06, -0.008473039604723454, 0.000378964381525293]
  ResConv 2:  [0.0004774639382958412, -2.3503296688431874e-05, -0.008319391869008541, 3.3440024708397686e-05]
  ResConv 3:  [0.00048301141941919923, -0.00015612845891155303, -0.008232131600379944, 0.000488818739540875]
--
--
  ResConv 1:  [0.0004948380519635975, -4.955215445079375e-06, -0.008473038673400879, 0.000378964381525293]
  ResConv 2:  [0.0004774638800881803, -2.3503302145400085e-05, -0.008319391869008541, 3.344004289829172e-05]
  ResConv 3:  [0.00048301139031536877, -0.00015612845891155303, -0.008232131600379944, 0.000488818739540875]
--
--
  ResConv 1:  [0.00034844016772694886, 3.3240168704651296e-05, -0.0073276059702038765, 0.00028260081307962537]
  ResConv 2:  [0.00033751773298718035, 1.7241822206415236e-05, -0.00719318725168705, -1.6352174498024397e-05]
  ResConv 3:  [0.0003442459856159985, -9.758646774571389e-05, -0.007117140106856823, 0.00037869796506129205]
--
--
  ResConv 1:  [0.00034844016772694886, 3.324016142869368e-05, -0.0073276059702038765, 0.00028260081307962537]
  ResConv 2:  [0.00033751773298718035, 1.7241816749447025e-05, -0.00719318725168705, -1.6352179954992607e-05]
  ResConv 3:  [0.0003442459856159985, -9.758646774571389e-05, -0.007117140106856823, 0.00037869796506129205]
--
--
  ResConv 1:  [0.00034844016772694886, 3.324016142869368e-05, -0.0073276059702038765, 0.00028260081307962537]
  ResConv 2:  [0.0003375177620910108, 1.7241816749447025e-05, -0.00719318725168705, -1.6352179954992607e-05]
  ResConv 3:  [0.00034424601471982896, -9.758646774571389e-05, -0.007117140106856823, 0.00037869790685363114]
--
--
  ResConv 1:  [0.0003484400804154575, 3.324016506667249e-05, -0.0073276059702038765, 0.00028260081307962537]
  ResConv 2:  [0.00033751773298718035, 1.7241820387425832e-05, -0.00719318725168705, -1.6352183592971414e-05]
  ResConv 3:  [0.0003442459856159985, -9.758646774571389e-05, -0.007117140106856823, 0.00037869790685363114]
--
--
  ResConv 1:  [0.0003484401386231184, 3.32401723426301e-05, -0.0073276059702038765, 0.0002826008421834558]
  ResConv 2:  [0.00033751773298718035, 1.724182402540464e-05, -0.00719318725168705, -1.6352167222066782e-05]
  ResConv 3:  [0.0003442459856159985, -9.758645319379866e-05, -0.007117140106856823, 0.0003786979941651225]
--
--
  ResConv 1:  [0.000510627287440002, -2.1280173314153217e-05, -0.010081061162054539, 0.001026198617182672]
  ResConv 2:  [0.0004919941420666873, -4.50555126008112e-05, -0.009894986636936665, 0.0005951304920017719]
  ResConv 3:  [0.000491029757540673, -0.00020710044191218913, -0.009790332056581974, 0.0011498610256239772]
--
--
  ResConv 1:  [0.000510627229232341, -2.128015876223799e-05, -0.010081061162054539, 0.001026198617182672]
  ResConv 2:  [0.0004919941420666873, -4.505549804889597e-05, -0.00989498756825924, 0.000595130433794111]
  ResConv 3:  [0.000491029757540673, -0.00020710044191218913, -0.009790332056581974, 0.0011498610256239772]
--
--
  ResConv 1:  [0.000510627229232341, -2.1280142391333356e-05, -0.010081061162054539, 0.001026198617182672]
  ResConv 2:  [0.0004919941420666873, -4.505547622102313e-05, -0.009894986636936665, 0.0005951304920017719]
  ResConv 3:  [0.000491029757540673, -0.0002071004273602739, -0.009790332056581974, 0.0011498610256239772]
--
--
  ResConv 1:  [0.000510627287440002, -2.12801642192062e-05, -0.010081061162054539, 0.001026198617182672]
  ResConv 2:  [0.0004919941420666873, -4.505550168687478e-05, -0.009894986636936665, 0.0005951304920017719]
  ResConv 3:  [0.000491029757540673, -0.00020710044191218913, -0.009790332056581974, 0.0011498610256239772]
--
--
  ResConv 1:  [0.000510627229232341, -2.1280171495163813e-05, -0.010081061162054539, 0.0010261985007673502]
  ResConv 2:  [0.0004919940838590264, -4.505550168687478e-05, -0.00989498570561409, 0.0005951304920017719]
  ResConv 3:  [0.000491029757540673, -0.00020710044191218913, -0.009790332056581974, 0.0011498610256239772]
--
--
  ResConv 1:  [0.0007327478961087763, 7.068586455716286e-06, -0.009283896535634995, 0.0008383818785659969]
  ResConv 2:  [0.0007106963894329965, -1.4541367818310391e-05, -0.009114299900829792, 0.00044810885447077453]
  ResConv 3:  [0.000709543121047318, -0.00016025856893975288, -0.009019026532769203, 0.0009475353290326893]
--
--
  ResConv 1:  [0.0007327479543164372, 7.06858327248483e-06, -0.009283897466957569, 0.0008383818785659969]
  ResConv 2:  [0.0007106963312253356, -1.4541374184773304e-05, -0.009114299900829792, 0.0004481087962631136]
  ResConv 3:  [0.000709543121047318, -0.00016025856893975288, -0.009019026532769203, 0.0009475352708250284]
--
--
  ResConv 1:  [0.0007327479543164372, 7.068591457937146e-06, -0.009283897466957569, 0.0008383818785659969]
  ResConv 2:  [0.0007106963894329965, -1.4541367818310391e-05, -0.009114299900829792, 0.0004481087962631136]
  ResConv 3:  [0.000709543121047318, -0.00016025855438783765, -0.009019026532769203, 0.0009475351544097066]
--
--
  ResConv 1:  [0.0007327479543164372, 7.068581908242777e-06, -0.009283897466957569, 0.0008383819367736578]
  ResConv 2:  [0.0007106964476406574, -1.4541376003762707e-05, -0.009114299900829792, 0.0004481087962631136]
  ResConv 3:  [0.000709543121047318, -0.00016025856893975288, -0.009019026532769203, 0.0009475353290326893]
--
--
  ResConv 1:  [0.0007327479543164372, 7.068586000968935e-06, -0.009283897466957569, 0.0008383818785659969]
  ResConv 2:  [0.0007106964476406574, -1.4541371456289198e-05, -0.009114299900829792, 0.00044810885447077453]
  ResConv 3:  [0.000709543121047318, -0.00016025856893975288, -0.009019026532769203, 0.0009475353290326893]
--
--
  ResConv 1:  [0.00047033719602040946, -2.3937544028740376e-05, -0.008753247559070587, 0.00044102800893597305]
  ResConv 2:  [0.0004571001627482474, -4.272838850738481e-05, -0.008594969287514687, 8.027011790545657e-05]
  ResConv 3:  [0.0004620759573299438, -0.00018340301176067442, -0.008503374643623829, 0.0005580182769335806]
--
--
  ResConv 1:  [0.00047033719602040946, -2.3937527657835744e-05, -0.008753247559070587, 0.00044102800893597305]
  ResConv 2:  [0.00045710019185207784, -4.272837031749077e-05, -0.008594969287514687, 8.027013973332942e-05]
  ResConv 3:  [0.00046207604464143515, -0.0001834029972087592, -0.008503375574946404, 0.0005580183351412416]
--
--
  ResConv 1:  [0.00047033719602040946, -2.3937542209750973e-05, -0.008753247559070587, 0.00044102800893597305]
  ResConv 2:  [0.00045710019185207784, -4.272838850738481e-05, -0.008594969287514687, 8.02701324573718e-05]
  ResConv 3:  [0.00046207604464143515, -0.00018340301176067442, -0.008503374643623829, 0.0005580182769335806]
--
--
  ResConv 1:  [0.00047033719602040946, -2.3937547666719183e-05, -0.008753247559070587, 0.00044102800893597305]
  ResConv 2:  [0.0004571001627482474, -4.272838850738481e-05, -0.008594969287514687, 8.027013973332942e-05]
  ResConv 3:  [0.0004620759573299438, -0.00018340301176067442, -0.008503374643623829, 0.0005580183351412416]
--
--
  ResConv 1:  [0.00047033719602040946, -2.3937529476825148e-05, -0.008753247559070587, 0.00044102800893597305]
  ResConv 2:  [0.00045710019185207784, -4.2728377593448386e-05, -0.008594969287514687, 8.027013973332942e-05]
  ResConv 3:  [0.00046207598643377423, -0.0001834029972087592, -0.008503374643623829, 0.0005580182769335806]
--
--
  ResConv 1:  [0.00036512239603325725, 4.4673179218079895e-06, -0.007043883670121431, 0.0002116752730216831]
  ResConv 2:  [0.00035283470060676336, -1.021470598061569e-05, -0.006915697827935219, -7.274213567143306e-05]
  ResConv 3:  [0.0003585963568184525, -0.00012126540968893096, -0.00684136850759387, 0.0003089240053668618]
--
--
  ResConv 1:  [0.0003651223669294268, 4.4673215597867966e-06, -0.007043883670121431, 0.00021167530212551355]
  ResConv 2:  [0.00035283470060676336, -1.0214705071120989e-05, -0.006915697827935219, -7.274209929164499e-05]
  ResConv 3:  [0.00035859644412994385, -0.00012126540968893096, -0.00684136850759387, 0.00030892406357452273]
--
--
  ResConv 1:  [0.00036512239603325725, 4.467327926249709e-06, -0.007043883670121431, 0.00021167530212551355]
  ResConv 2:  [0.0003528347297105938, -1.021470052364748e-05, -0.006915697827935219, -7.27421065676026e-05]
  ResConv 3:  [0.0003585964150261134, -0.00012126540241297334, -0.00684136850759387, 0.0003089240344706923]
--
--
  ResConv 1:  [0.00036512233782559633, 4.467332018975867e-06, -0.007043883670121431, 0.00021167528757359833]
  ResConv 2:  [0.00035283470060676336, -1.0214693247689866e-05, -0.006915697827935219, -7.274211384356022e-05]
  ResConv 3:  [0.0003585964150261134, -0.00012126538786105812, -0.00684136850759387, 0.0003089240344706923]
--
--
  ResConv 1:  [0.00036512233782559633, 4.467327471502358e-06, -0.007043883670121431, 0.0002116752730216831]
  ResConv 2:  [0.00035283470060676336, -1.0214698704658076e-05, -0.006915697827935219, -7.274211384356022e-05]
  ResConv 3:  [0.00035859644412994385, -0.00012126538786105812, -0.00684136850759387, 0.0003089240344706923]
--
--
  ResConv 1:  [0.00036774613545276225, -1.3398715054790955e-05, -0.008511043153703213, 0.0006118718301877379]
  ResConv 2:  [0.00035759169259108603, -3.307725637569092e-05, -0.008353475481271744, 0.00025437126168981194]
  ResConv 3:  [0.0003620490897446871, -0.00016906352539081126, -0.008265090174973011, 0.0007200757972896099]
--
--
  ResConv 1:  [0.0003677461063489318, -1.3398718692769762e-05, -0.008511043153703213, 0.0006118718301877379]
  ResConv 2:  [0.00035759169259108603, -3.307726001366973e-05, -0.008353475481271744, 0.00025437120348215103]
  ResConv 3:  [0.00036204903153702617, -0.00016906352539081126, -0.008265090174973011, 0.0007200757972896099]
--
--
  ResConv 1:  [0.0003677461063489318, -1.3398711416812148e-05, -0.008511043153703213, 0.000611871771980077]
  ResConv 2:  [0.0003575916343834251, -3.307725637569092e-05, -0.008353475481271744, 0.00025437120348215103]
  ResConv 3:  [0.0003620490024331957, -0.00016906351083889604, -0.008265090174973011, 0.0007200757972896099]
--
--
  ResConv 1:  [0.00036774613545276225, -1.3398701412370428e-05, -0.008511043153703213, 0.0006118718301877379]
  ResConv 2:  [0.00035759169259108603, -3.3077241823775694e-05, -0.008353475481271744, 0.00025437120348215103]
  ResConv 3:  [0.00036204903153702617, -0.0001690634962869808, -0.008265090174973011, 0.000720075739081949]
--
--
  ResConv 1:  [0.0003677461063489318, -1.3398715054790955e-05, -0.008511043153703213, 0.0006118718301877379]
  ResConv 2:  [0.0003575916634872556, -3.307725637569092e-05, -0.008353475481271744, 0.00025437120348215103]
  ResConv 3:  [0.00036204903153702617, -0.00016906352539081126, -0.008265090174973011, 0.0007200757972896099]
--
--
  ResConv 1:  [0.0002693077258300036, 3.433695019339211e-05, -0.007927610538899899, 0.00075248081702739]
  ResConv 2:  [0.0002646351931616664, 1.5149294995353557e-05, -0.007781372871249914, 0.0004204280849080533]
  ResConv 3:  [0.00027038087137043476, -0.00010977971396641806, -0.007699817419052124, 0.0008486775914207101]
--
--
  ResConv 1:  [0.0002693077258300036, 3.4336935641476884e-05, -0.007927610538899899, 0.00075248081702739]
  ResConv 2:  [0.0002646351931616664, 1.514928590040654e-05, -0.007781372871249914, 0.0004204280849080533]
  ResConv 3:  [0.00027038087137043476, -0.00010977972851833329, -0.007699817419052124, 0.0008486775914207101]
--
--
  ResConv 1:  [0.0002693077258300036, 3.4336935641476884e-05, -0.007927610538899899, 0.0007524808752350509]
  ResConv 2:  [0.00026463522226549685, 1.514928590040654e-05, -0.007781372871249914, 0.00042042811401188374]
  ResConv 3:  [0.00027038087137043476, -0.00010977971396641806, -0.007699818350374699, 0.0008486775914207101]
--
--
  ResConv 1:  [0.0002693077549338341, 3.4336935641476884e-05, -0.007927610538899899, 0.00075248081702739]
  ResConv 2:  [0.00026463522226549685, 1.514928135293303e-05, -0.007781372871249914, 0.0004204280849080533]
  ResConv 3:  [0.0002703809004742652, -0.00010977972851833329, -0.007699818350374699, 0.0008486775332130492]
--
--
  ResConv 1:  [0.0002693077258300036, 3.433692836551927e-05, -0.007927610538899899, 0.00075248081702739]
  ResConv 2:  [0.0002646351931616664, 1.5149274986470118e-05, -0.007781372871249914, 0.0004204280849080533]
  ResConv 3:  [0.00027038087137043476, -0.00010977972851833329, -0.007699817419052124, 0.0008486775914207101]
--
--
  ResConv 1:  [0.00027763767866417766, -4.81624874737463e-06, -0.008522643707692623, 0.00035595701774582267]
  ResConv 2:  [0.0002683500060811639, -2.537024010962341e-05, -0.008367538452148438, 5.5302853070315905e-06]
  ResConv 3:  [0.0002756094909273088, -0.00016041554044932127, -0.008278252556920052, 0.00047045262181200087]
--
--
  ResConv 1:  [0.00027763767866417766, -4.816242380911717e-06, -0.008522642776370049, 0.00035595710505731404]
  ResConv 2:  [0.0002683500060811639, -2.5370231014676392e-05, -0.008367538452148438, 5.530289854505099e-06]
  ResConv 3:  [0.0002756094909273088, -0.00016041552589740604, -0.008278252556920052, 0.00047045262181200087]
--
--
  ResConv 1:  [0.0002776377077680081, -4.816251021111384e-06, -0.008522642776370049, 0.0003559570468496531]
  ResConv 2:  [0.0002683500060811639, -2.5370238290634006e-05, -0.008367538452148438, 5.530300768441521e-06]
  ResConv 3:  [0.0002756094909273088, -0.00016041554044932127, -0.008278252556920052, 0.00047045262181200087]
--
--
  ResConv 1:  [0.00027763773687183857, -4.816239652427612e-06, -0.008522643707692623, 0.00035595701774582267]
  ResConv 2:  [0.00026835003518499434, -2.5370231014676392e-05, -0.008367538452148438, 5.530266662390204e-06]
  ResConv 3:  [0.0002756095491349697, -0.00016041552589740604, -0.008278252556920052, 0.00047045262181200087]
--
--
  ResConv 1:  [0.00027763767866417766, -4.8162369239435066e-06, -0.008522643707692623, 0.00035595710505731404]
  ResConv 2:  [0.0002683500060811639, -2.537022555770818e-05, -0.008367538452148438, 5.530306680157082e-06]
  ResConv 3:  [0.0002756094909273088, -0.0001604155113454908, -0.008278252556920052, 0.00047045262181200087]
--
--
  ResConv 1:  [0.0004941473016515374, 2.7379852326703258e-05, -0.008364146575331688, 0.0004350210656411946]
  ResConv 2:  [0.0004778821603395045, 9.168202268483583e-06, -0.008211813867092133, 9.244937245966867e-05]
  ResConv 3:  [0.0004833754792343825, -0.00012053007958456874, -0.008126350119709969, 0.0005405254196375608]
--
--
  ResConv 1:  [0.0004941473016515374, 2.7379834136809222e-05, -0.008364146575331688, 0.0004350210656411946]
  ResConv 2:  [0.000477882131235674, 9.168184078589547e-06, -0.008211813867092133, 9.244937245966867e-05]
  ResConv 3:  [0.0004833754792343825, -0.0001205301086883992, -0.008126350119709969, 0.0005405254196375608]
--
--
  ResConv 1:  [0.0004941473016515374, 2.7379830498830415e-05, -0.008364146575331688, 0.0004350210656411946]
  ResConv 2:  [0.000477882131235674, 9.16818044061074e-06, -0.008211813867092133, 9.244936518371105e-05]
  ResConv 3:  [0.0004833754792343825, -0.0001205301086883992, -0.008126350119709969, 0.0005405254196375608]
--
--
  ResConv 1:  [0.0004941473016515374, 2.7379828679841012e-05, -0.008364146575331688, 0.0004350210656411946]
  ResConv 2:  [0.0004778821603395045, 9.168178621621337e-06, -0.008211813867092133, 9.244936518371105e-05]
  ResConv 3:  [0.0004833754792343825, -0.0001205301086883992, -0.008126350119709969, 0.0005405254196375608]
--
--
  ResConv 1:  [0.0004941473016515374, 2.7379830498830415e-05, -0.008364146575331688, 0.0004350210656411946]
  ResConv 2:  [0.0004778821603395045, 9.168183169094846e-06, -0.008211813867092133, 9.244936518371105e-05]
  ResConv 3:  [0.0004833754792343825, -0.0001205301086883992, -0.008126350119709969, 0.0005405254196375608]
--
--
  ResConv 1:  [0.0004620982217602432, 9.104884156840853e-06, -0.007467325776815414, 0.00032958429073914886]
  ResConv 2:  [0.0004448458203114569, -6.2666231315233745e-06, -0.00733246561139822, 2.371345726714935e-05]
  ResConv 3:  [0.0004479290219023824, -0.000124837999464944, -0.007253789808601141, 0.00042838454828597605]
--
--
  ResConv 1:  [0.0004620982799679041, 9.104888704314362e-06, -0.007467325776815414, 0.00032958429073914886]
  ResConv 2:  [0.0004448459076229483, -6.266618584049866e-06, -0.00733246561139822, 2.3713455448159948e-05]
  ResConv 3:  [0.0004479290219023824, -0.000124837999464944, -0.007253789808601141, 0.00042838454828597605]
--
--
  ResConv 1:  [0.00046209825086407363, 9.104888704314362e-06, -0.007467325776815414, 0.00032958429073914886]
  ResConv 2:  [0.0004448458203114569, -6.266618129302515e-06, -0.00733246561139822, 2.3713455448159948e-05]
  ResConv 3:  [0.000447928934590891, -0.000124837999464944, -0.007253789808601141, 0.00042838454828597605]
--
--
  ResConv 1:  [0.0004620982799679041, 9.104888704314362e-06, -0.007467325776815414, 0.00032958429073914886]
  ResConv 2:  [0.0004448459076229483, -6.266617674555164e-06, -0.00733246561139822, 2.371344089624472e-05]
  ResConv 3:  [0.0004479290219023824, -0.000124837999464944, -0.007253789808601141, 0.00042838454828597605]
--
--
  ResConv 1:  [0.00046209825086407363, 9.104886885324959e-06, -0.007467325776815414, 0.00032958429073914886]
  ResConv 2:  [0.0004448458203114569, -6.266621312533971e-06, -0.00733246561139822, 2.371344635321293e-05]
  ResConv 3:  [0.000447928934590891, -0.000124837999464944, -0.007253789808601141, 0.00042838454828597605]
--
--
  ResConv 1:  [0.00048022513510659337, 2.0550452973111533e-05, -0.008464222773909569, 0.0004943098174408078]
  ResConv 2:  [0.0004641048435587436, 1.685961819930526e-06, -0.00830838829278946, 0.00014459932572208345]
  ResConv 3:  [0.00046955401194281876, -0.00013212366320658475, -0.008220368064939976, 0.000603581196628511]
--
--
  ResConv 1:  [0.00048022516421042383, 2.055044569715392e-05, -0.008464222773909569, 0.0004943098174408078]
  ResConv 2:  [0.0004641049017664045, 1.6859537481650477e-06, -0.00830838829278946, 0.00014459932572208345]
  ResConv 3:  [0.00046955401194281876, -0.00013212367775849998, -0.008220368064939976, 0.000603581196628511]
--
--
  ResConv 1:  [0.0004802251933142543, 2.0550432964228094e-05, -0.008464222773909569, 0.0004943098174408078]
  ResConv 2:  [0.0004641049017664045, 1.685940560491872e-06, -0.00830838829278946, 0.00014459932572208345]
  ResConv 3:  [0.0004695540410466492, -0.00013212367775849998, -0.008220368064939976, 0.000603581196628511]
--
--
  ResConv 1:  [0.00048022516421042383, 2.0550440240185708e-05, -0.008464222773909569, 0.0004943098174408078]
  ResConv 2:  [0.0004641049017664045, 1.685948745944188e-06, -0.00830838829278946, 0.00014459934027399868]
  ResConv 3:  [0.0004695540410466492, -0.00013212367775849998, -0.008220368064939976, 0.000603581196628511]
--
--
  ResConv 1:  [0.00048022516421042383, 2.0550432964228094e-05, -0.008464222773909569, 0.0004943098174408078]
  ResConv 2:  [0.0004641049017664045, 1.6859485185705125e-06, -0.00830838829278946, 0.0001445993548259139]
  ResConv 3:  [0.0004695540410466492, -0.00013212367775849998, -0.008220368064939976, 0.000603581196628511]
--
--
  ResConv 1:  [0.0002833277976606041, -2.071199742204044e-05, -0.009435505606234074, 0.000656568503472954]
  ResConv 2:  [0.0002726290840655565, -4.249228004482575e-05, -0.009264404885470867, 0.0002624180051498115]
  ResConv 3:  [0.00027792202308773994, -0.0001948602730408311, -0.009166326373815536, 0.0007810000679455698]
--
--
  ResConv 1:  [0.0002833277976606041, -2.0711988327093422e-05, -0.009435505606234074, 0.000656568503472954]
  ResConv 2:  [0.0002726290840655565, -4.2492272768868133e-05, -0.009264404885470867, 0.0002624180051498115]
  ResConv 3:  [0.00027792202308773994, -0.0001948602730408311, -0.009166326373815536, 0.0007810000679455698]
--
--
  ResConv 1:  [0.0002833277976606041, -2.0711993784061633e-05, -0.009435505606234074, 0.000656568503472954]
  ResConv 2:  [0.00027262905496172607, -4.249228004482575e-05, -0.009264405816793442, 0.00026241803425364196]
  ResConv 3:  [0.00027792202308773994, -0.0001948602730408311, -0.009166326373815536, 0.0007810000679455698]
--
--
  ResConv 1:  [0.0002833278267644346, -2.0711984689114615e-05, -0.009435505606234074, 0.000656568503472954]
  ResConv 2:  [0.0002726290840655565, -4.2492269130889326e-05, -0.009264405816793442, 0.0002624180051498115]
  ResConv 3:  [0.00027792202308773994, -0.0001948602730408311, -0.009166326373815536, 0.0007809999515302479]
--
--
  ResConv 1:  [0.0002833278267644346, -2.0711988327093422e-05, -0.009435505606234074, 0.000656568503472954]
  ResConv 2:  [0.000272629113169387, -4.2492269130889326e-05, -0.009264405816793442, 0.00026241797604598105]
  ResConv 3:  [0.0002779220521915704, -0.0001948602730408311, -0.009166326373815536, 0.0007810000679455698]
--
--
  ResConv 1:  [0.0006188458646647632, 5.061696356278844e-05, -0.009380083531141281, 0.0007131501333788037]
  ResConv 2:  [0.0006049044895917177, 2.979145574499853e-05, -0.009207773953676224, 0.00031737511744722724]
  ResConv 3:  [0.0006083048065192997, -0.00011920863471459597, -0.009111023508012295, 0.0008264976786449552]
--
--
  ResConv 1:  [0.0006188458646647632, 5.0616959924809635e-05, -0.009380083531141281, 0.0007131500751711428]
  ResConv 2:  [0.0006049044895917177, 2.979145028803032e-05, -0.009207774884998798, 0.00031737503013573587]
  ResConv 3:  [0.0006083047483116388, -0.00011920863471459597, -0.009111023508012295, 0.0008264976786449552]
--
--
  ResConv 1:  [0.0006188458064571023, 5.061695628683083e-05, -0.009380083531141281, 0.0007131500751711428]
  ResConv 2:  [0.0006049044313840568, 2.9791446650051512e-05, -0.009207773953676224, 0.0003173750592395663]
  ResConv 3:  [0.0006083048065192997, -0.00011920864199055359, -0.009111023508012295, 0.0008264975622296333]
--
--
  ResConv 1:  [0.0006188458646647632, 5.061695628683083e-05, -0.009380083531141281, 0.0007131501333788037]
  ResConv 2:  [0.0006049044313840568, 2.9791444831062108e-05, -0.009207774884998798, 0.00031737511744722724]
  ResConv 3:  [0.0006083048065192997, -0.0001192086492665112, -0.009111023508012295, 0.0008264976786449552]
--
--
  ResConv 1:  [0.0006188458646647632, 5.061695628683083e-05, -0.009380083531141281, 0.0007131501333788037]
  ResConv 2:  [0.0006049046060070395, 2.9791446650051512e-05, -0.009207773953676224, 0.00031737511744722724]
  ResConv 3:  [0.0006083048065192997, -0.00011920863471459597, -0.009111023508012295, 0.0008264976786449552]
--
--
  ResConv 1:  [0.0003985527146141976, 6.314941856544465e-05, -0.007441252935677767, 0.0004752279492095113]
  ResConv 2:  [0.0003874192188959569, 4.323702887631953e-05, -0.007302741054445505, 0.0001731907541397959]
  ResConv 3:  [0.0003938222653232515, -7.003507926128805e-05, -0.007226310204714537, 0.0005676560685969889]
--
--
  ResConv 1:  [0.0003985527728218585, 6.314940401352942e-05, -0.007441253401339054, 0.00047522797831334174]
  ResConv 2:  [0.0003874192188959569, 4.3237021600361913e-05, -0.007302741054445505, 0.00017319078324362636]
  ResConv 3:  [0.0003938222653232515, -7.003509381320328e-05, -0.007226310204714537, 0.0005676561268046498]
--
--
  ResConv 1:  [0.00039855274371802807, 6.314941128948703e-05, -0.007441253401339054, 0.0004752279492095113]
  ResConv 2:  [0.0003874192188959569, 4.3237032514298335e-05, -0.007302741054445505, 0.00017319076869171113]
  ResConv 3:  [0.0003938222653232515, -7.003509381320328e-05, -0.007226310204714537, 0.0005676561268046498]
--
--
  ResConv 1:  [0.0003985527146141976, 6.314940401352942e-05, -0.007441252935677767, 0.0004752279201056808]
  ResConv 2:  [0.0003874192188959569, 4.323702887631953e-05, -0.007302741054445505, 0.0001731907541397959]
  ResConv 3:  [0.0003938222653232515, -7.003509381320328e-05, -0.007226310204714537, 0.0005676560685969889]
--
--
  ResConv 1:  [0.0003985527728218585, 6.314940401352942e-05, -0.007441253401339054, 0.00047522797831334174]
  ResConv 2:  [0.0003874192188959569, 4.3237017962383106e-05, -0.007302741054445505, 0.00017319078324362636]
  ResConv 3:  [0.00039382229442708194, -7.003510108916089e-05, -0.007226309739053249, 0.0005676561268046498]
--
--
  ResConv 1:  [0.00030653615249320865, 8.765615348238498e-06, -0.008075837977230549, 0.0004650313057936728]
  ResConv 2:  [0.00029546715086326003, -8.997756594908424e-06, -0.007928775623440742, 0.00012658820196520537]
  ResConv 3:  [0.0002996892435476184, -0.00013948851847089827, -0.007843752391636372, 0.0005717697204090655]
--
--
  ResConv 1:  [0.0003065361815970391, 8.765620805206709e-06, -0.008075837977230549, 0.00046503133489750326]
  ResConv 2:  [0.00029546715086326003, -8.997755685413722e-06, -0.007928775623440742, 0.0001265882165171206]
  ResConv 3:  [0.0002996892435476184, -0.00013948851847089827, -0.007843752391636372, 0.0005717697204090655]
--
--
  ResConv 1:  [0.0003065361815970391, 8.765618076722603e-06, -0.008075837045907974, 0.0004650313640013337]
  ResConv 2:  [0.00029546715086326003, -8.997756594908424e-06, -0.007928775623440742, 0.0001265882165171206]
  ResConv 3:  [0.00029968927265144885, -0.00013948850391898304, -0.007843752391636372, 0.0005717697204090655]
--
--
  ResConv 1:  [0.00030653621070086956, 8.765618076722603e-06, -0.008075837977230549, 0.00046503133489750326]
  ResConv 2:  [0.00029546715086326003, -8.997756594908424e-06, -0.007928775623440742, 0.00012658823106903583]
  ResConv 3:  [0.00029968927265144885, -0.00013948851847089827, -0.007843752391636372, 0.0005717697204090655]
--
--
  ResConv 1:  [0.0003065361815970391, 8.765614438743796e-06, -0.008075837977230549, 0.00046503133489750326]
  ResConv 2:  [0.00029546715086326003, -8.997759323392529e-06, -0.007928775623440742, 0.0001265882165171206]
  ResConv 3:  [0.00029968927265144885, -0.00013948851847089827, -0.007843752391636372, 0.0005717697204090655]
--
--
  ResConv 1:  [0.0005596429109573364, 5.528892143047415e-05, -0.0077394237741827965, 0.000365797255653888]
  ResConv 2:  [0.000542607915122062, 3.724409543792717e-05, -0.0075946771539747715, 5.282138954498805e-05]
  ResConv 3:  [0.0005482629640027881, -8.069617615547031e-05, -0.007516501005738974, 0.00046323647256940603]
--
--
  ResConv 1:  [0.0005596429109573364, 5.5288935982389376e-05, -0.007739424239844084, 0.000365797255653888]
  ResConv 2:  [0.0005426079733297229, 3.724410635186359e-05, -0.0075946771539747715, 5.282141864881851e-05]
  ResConv 3:  [0.0005482629640027881, -8.069615432759747e-05, -0.007516501005738974, 0.0004632365016732365]
--
--
  ResConv 1:  [0.0005596429109573364, 5.528892870643176e-05, -0.007739424705505371, 0.000365797255653888]
  ResConv 2:  [0.000542607915122062, 3.724409543792717e-05, -0.0075946771539747715, 5.282138954498805e-05]
  ResConv 3:  [0.0005482629640027881, -8.069615432759747e-05, -0.007516501005738974, 0.00046323647256940603]
--
--
  ResConv 1:  [0.0005596429691649973, 5.528893234441057e-05, -0.0077394237741827965, 0.00036579728475771844]
  ResConv 2:  [0.0005426079733297229, 3.7244102713884786e-05, -0.0075946771539747715, 5.28214150108397e-05]
  ResConv 3:  [0.0005482629640027881, -8.069615432759747e-05, -0.007516501005738974, 0.00046323647256940603]
--
--
  ResConv 1:  [0.0005596429109573364, 5.528893962036818e-05, -0.007739424705505371, 0.00036579728475771844]
  ResConv 2:  [0.000542607915122062, 3.7244117265800014e-05, -0.0075946771539747715, 5.282140045892447e-05]
  ResConv 3:  [0.0005482629640027881, -8.069614705163985e-05, -0.007516501005738974, 0.0004632365016732365]
--
--
  ResConv 1:  [0.0004597012884914875, 3.0917584808776155e-05, -0.009284070692956448, 0.0007630562759004533]
  ResConv 2:  [0.00044175065704621375, 8.976794561021961e-06, -0.009110996499657631, 0.0003704436239786446]
  ResConv 3:  [0.0004443947982508689, -0.00013763272727373987, -0.009015083312988281, 0.0008776671602390707]
--
--
  ResConv 1:  [0.0004597012884914875, 3.091758117079735e-05, -0.009284070692956448, 0.0007630563341081142]
  ResConv 2:  [0.0004417506861500442, 8.976786375569645e-06, -0.009110996499657631, 0.0003704436239786446]
  ResConv 3:  [0.00044439485645852983, -0.00013763271272182465, -0.009015084244310856, 0.0008776671602390707]
--
--
  ResConv 1:  [0.00045970125938765705, 3.0917595722712576e-05, -0.009284070692956448, 0.0007630563923157752]
  ResConv 2:  [0.00044175065704621375, 8.976792742032558e-06, -0.009110996499657631, 0.00037044365308247507]
  ResConv 3:  [0.00044439476914703846, -0.00013763269816990942, -0.009015084244310856, 0.0008776671602390707]
--
--
  ResConv 1:  [0.00045970131759531796, 3.091758117079735e-05, -0.009284070692956448, 0.0007630563341081142]
  ResConv 2:  [0.00044175065704621375, 8.97678364708554e-06, -0.009110996499657631, 0.0003704436239786446]
  ResConv 3:  [0.0004443947982508689, -0.00013763272727373987, -0.009015084244310856, 0.0008776671602390707]
--
--
  ResConv 1:  [0.0004597012884914875, 3.091759208473377e-05, -0.009284070692956448, 0.0007630563341081142]
  ResConv 2:  [0.0004417506279423833, 8.97679365152726e-06, -0.009110996499657631, 0.00037044359487481415]
  ResConv 3:  [0.0004443947982508689, -0.00013763269816990942, -0.009015083312988281, 0.0008776671602390707]
--
--
  ResConv 1:  [0.0004797262081410736, 3.01270392810693e-05, -0.007948941551148891, 0.00024924951139837503]
  ResConv 2:  [0.00046197211486287415, 1.3635565665026661e-05, -0.007804652210325003, -7.320165605051443e-05]
  ResConv 3:  [0.00046859626309014857, -0.00011117566464236006, -0.007721841800957918, 0.00035401497734710574]
--
--
  ResConv 1:  [0.00047972617903724313, 3.0127030186122283e-05, -0.007948941551148891, 0.00024924951139837503]
  ResConv 2:  [0.00046197211486287415, 1.363556020805845e-05, -0.007804652210325003, -7.320163422264159e-05]
  ResConv 3:  [0.0004685962339863181, -0.00011117567919427529, -0.007721841335296631, 0.0003540150646585971]
--
--
  ResConv 1:  [0.0004797262081410736, 3.0127032005111687e-05, -0.007948941551148891, 0.00024924951139837503]
  ResConv 2:  [0.00046197211486287415, 1.363556020805845e-05, -0.007804652210325003, -7.320165605051443e-05]
  ResConv 3:  [0.0004685962339863181, -0.00011117566464236006, -0.007721841800957918, 0.00035401503555476665]
--
--
  ResConv 1:  [0.0004797262081410736, 3.012703382410109e-05, -0.007948941551148891, 0.00024924951139837503]
  ResConv 2:  [0.0004619721439667046, 1.3635562027047854e-05, -0.007804652210325003, -7.320165605051443e-05]
  ResConv 3:  [0.00046859626309014857, -0.00011117566464236006, -0.007721841335296631, 0.00035401503555476665]
--
--
  ResConv 1:  [0.00047972617903724313, 3.012703382410109e-05, -0.007948941551148891, 0.0002492494822945446]
  ResConv 2:  [0.00046197211486287415, 1.3635557479574345e-05, -0.007804652210325003, -7.320167060242966e-05]
  ResConv 3:  [0.00046859626309014857, -0.00011117567919427529, -0.007721841335296631, 0.00035401497734710574]
--
--
  ResConv 1:  [0.0005154298851266503, 1.2806561244360637e-05, -0.0076748463325202465, 0.0003363396681379527]
  ResConv 2:  [0.0005000015371479094, -3.2279444894811604e-06, -0.007534511853009462, 2.1092833776492625e-05]
  ResConv 3:  [0.0005047196173109114, -0.00012413905642461032, -0.00745442183688283, 0.0004360188322607428]
--
--
  ResConv 1:  [0.0005154298269189894, 1.2806569429812953e-05, -0.0076748463325202465, 0.0003363396681379527]
  ResConv 2:  [0.0005000015371479094, -3.2279358492814936e-06, -0.007534511853009462, 2.1092822862556204e-05]
  ResConv 3:  [0.0005047196755185723, -0.0001241390418726951, -0.007454422302544117, 0.0004360188322607428]
--
--
  ResConv 1:  [0.0005154298851266503, 1.2806563972844742e-05, -0.0076748463325202465, 0.00033633963903412223]
  ResConv 2:  [0.0005000015371479094, -3.227938577765599e-06, -0.007534511853009462, 2.1092819224577397e-05]
  ResConv 3:  [0.0005047196755185723, -0.0001241390418726951, -0.007454422302544117, 0.0004360188322607428]
--
--
  ResConv 1:  [0.0005154298851266503, 1.2806572158297058e-05, -0.0076748463325202465, 0.0003363396681379527]
  ResConv 2:  [0.0005000015371479094, -3.227933575544739e-06, -0.007534511853009462, 2.1092833776492625e-05]
  ResConv 3:  [0.0005047196755185723, -0.0001241390418726951, -0.007454422302544117, 0.0004360188322607428]
--
--
  ResConv 1:  [0.0005154298851266503, 1.2806573977286462e-05, -0.0076748463325202465, 0.0003363396681379527]
  ResConv 2:  [0.0005000015371479094, -3.2279297101922566e-06, -0.007534511853009462, 2.1092824681545608e-05]
  ResConv 3:  [0.0005047196755185723, -0.00012413902732077986, -0.007454422302544117, 0.0004360188322607428]
--
--> New best solution for Validation dataset achieved at 0 / 2000: 0.08366658559275998 (100.000000% better)

Executing epoch 0 / 2000 (0.0%)
--> Average epoch processing time (seconds):  284.395812
--> Back-Propagated Loss for trainning vs validation data:
Loss Name             Train      | Valid     
----------------------------------------------
PI-MSE                0.083448   | 0.083667  
Divergent             0.019500   | 0.019448  
MSE in Void Space     0.017170   | 0.017777  
Bias Error            14467.883743 | 4389.560649
Pearson Correlation   0.733345   | 0.709683  
--
  ResConv 1:  [0.0003444449102971703, 5.382661402109079e-05, -0.007168672047555447, 0.00029467736021615565]
  ResConv 2:  [0.0003323773271404207, 3.884695252054371e-05, -0.0070374575443565845, 3.559771357686259e-07]
  ResConv 3:  [0.000340384867740795, -7.495520549127832e-05, -0.006962559651583433, 0.0003880216390825808]
--
--
  ResConv 1:  [0.000512316357344389, -2.7241978841630043e-06, -0.009433852508664131, 0.0007256747339852154]
  ResConv 2:  [0.0004924112581647933, -2.364497231610585e-05, -0.009255888871848583, 0.0003304007404949516]
  ResConv 3:  [0.000493602710776031, -0.00017449537699576467, -0.009153342805802822, 0.000853565928991884]
--
--
  ResConv 1:  [0.00038256525294855237, 5.381450318964198e-05, -0.00983385182917118, 0.0008187810890376568]
  ResConv 2:  [0.0003775398654397577, 2.9610377168864943e-05, -0.009638908319175243, 0.0004093872557859868]
  ResConv 3:  [0.0003841843572445214, -0.00012305624841246754, -0.009529292583465576, 0.0009513228433206677]
--
--
  ResConv 1:  [0.0004693316586781293, -5.58353349333629e-06, -0.008587514981627464, 0.0005046866717748344]
  ResConv 2:  [0.0004582782567013055, -2.4175205908250064e-05, -0.008412712253630161, 0.0001577342627570033]
  ResConv 3:  [0.0004648443718906492, -0.00015795044600963593, -0.008312060497701168, 0.0006383801228366792]
--
--
  ResConv 1:  [0.0005352501175366342, 1.4142855434329249e-05, -0.008315407671034336, 0.0003816396929323673]
  ResConv 2:  [0.0005175280966795981, -2.640035972945043e-06, -0.008142747916281223, 4.871808778261766e-05]
  ResConv 3:  [0.0005235591088421643, -0.00013126664271112531, -0.008041629567742348, 0.0005169827491044998]
--
--
  ResConv 1:  [0.0005238926387391984, 7.885402737883851e-05, -0.008155186660587788, 0.0003254306793678552]
  ResConv 2:  [0.0005027769366279244, 6.271633901633322e-05, -0.007978606037795544, -1.5035624301162898e-06]
  ResConv 3:  [0.0005051770131103694, -6.254328764043748e-05, -0.0078760776668787, 0.0004627495654858649]
--
--
  ResConv 1:  [0.00042062962893396616, 1.1949534382438287e-05, -0.009499206207692623, 0.0007386356010101736]
  ResConv 2:  [0.0004070735303685069, -7.511841886298498e-06, -0.009286736138164997, 0.0003438919084146619]
  ResConv 3:  [0.0004074673051945865, -0.0001582774129929021, -0.009160847403109074, 0.000903362815733999]
--
--
  ResConv 1:  [0.0004867848183494061, -3.3392454497516155e-05, -0.010165777988731861, 0.0008267030934803188]
  ResConv 2:  [0.00046544059296138585, -5.5670137953711674e-05, -0.009931100532412529, 0.00041200753184966743]
  ResConv 3:  [0.00046254487824626267, -0.00021431555796880275, -0.009792531840503216, 0.0010152924805879593]
--
--
  ResConv 1:  [0.0005580663564614952, 2.9193171940278262e-05, -0.009009183384478092, 0.0009303573169745505]
  ResConv 2:  [0.0005377014167606831, 8.895791324903257e-06, -0.008789047598838806, 0.0005604692851193249]
  ResConv 3:  [0.000529975222889334, -0.00012535823043435812, -0.008664202876389027, 0.0010904929367825389]
--
--
  ResConv 1:  [0.0003520979662425816, 4.603176057571545e-05, -0.007497281301766634, 0.00015684956451877952]
  ResConv 2:  [0.0003364116419106722, 3.210831346223131e-05, -0.007314738817512989, -0.000135737907839939]
  ResConv 3:  [0.00033879929105751216, -8.25790484668687e-05, -0.007205094210803509, 0.00031573246815241873]
--
--
  ResConv 1:  [0.0004911269061267376, 5.3132258472032845e-05, -0.007953215390443802, 0.0004310907970648259]
  ResConv 2:  [0.000468257290776819, 3.7669211451429874e-05, -0.007750314194709063, 0.00011633800022536889]
  ResConv 3:  [0.0004658171674236655, -8.320209599332884e-05, -0.007629488129168749, 0.000601953302975744]
--
--
  ResConv 1:  [0.0005079223192296922, -2.522718205000274e-05, -0.008106456138193607, 0.0008188190404325724]
  ResConv 2:  [0.00048686726950109005, -4.234406878822483e-05, -0.007889912463724613, 0.0004912051372230053]
  ResConv 3:  [0.00047930539585649967, -0.00016158433572854847, -0.007763261441141367, 0.0009860967984423041]
--
--
  ResConv 1:  [0.000513654260430485, 3.188882692484185e-05, -0.00808410532772541, 0.0003454785328358412]
  ResConv 2:  [0.0004887512768618762, 1.6900990885915235e-05, -0.007866266183555126, 3.022708733624313e-05]
  ResConv 3:  [0.00048733787843957543, -0.00010702279541874304, -0.007733458187431097, 0.000538052583578974]
--
--
  ResConv 1:  [0.0005891888285987079, 3.9570240915054455e-05, -0.008491436950862408, 0.0003147332463413477]
  ResConv 2:  [0.0005618429277092218, 2.4226750610978343e-05, -0.00825575552880764, -1.6130905351019464e-05]
  ResConv 3:  [0.0005603534518741071, -0.00010633730562403798, -0.008111977018415928, 0.0005248562665656209]
--
--
  ResConv 1:  [0.000508453871589154, -2.5872675905702636e-05, -0.010089759714901447, 0.0009691819432191551]
  ResConv 2:  [0.0004923024098388851, -4.702675505541265e-05, -0.009797327220439911, 0.0005652596591971815]
  ResConv 3:  [0.000487530225655064, -0.00020053525804542005, -0.009620457887649536, 0.0012155710719525814]
--
--
  ResConv 1:  [0.00048697859165258706, 3.0837301892461255e-05, -0.008467993699014187, 0.0005671980907209218]
  ResConv 2:  [0.0004629462491720915, 1.4313494830275886e-05, -0.008216655813157558, 0.0002387550484854728]
  ResConv 3:  [0.00045627279905602336, -0.00011244869529036805, -0.00806612242013216, 0.0007843083585612476]
--
--
  ResConv 1:  [0.00031455096905119717, 3.5493599170877133e-06, -0.006419791840016842, 0.0002601832675281912]
  ResConv 2:  [0.00030378878000192344, -8.553911357012112e-06, -0.006225413642823696, 1.8417395040160045e-05]
  ResConv 3:  [0.0003064954362343997, -0.00010509829735383391, -0.006104266736656427, 0.0004370447713881731]
--
--
  ResConv 1:  [0.0006236934568732977, 1.451169100619154e-05, -0.008502495475113392, 0.00027422505081631243]
  ResConv 2:  [0.0005964146112091839, -4.0098265685628576e-07, -0.008238375186920166, -4.6541801566490903e-05]
  ResConv 3:  [0.0005974601954221725, -0.00012869169586338103, -0.00807428639382124, 0.0005163362366147339]
--
--
  ResConv 1:  [0.00047737275599502027, -2.1444242520374246e-05, -0.00910182949155569, 0.0005682504852302372]
  ResConv 2:  [0.0004523457901086658, -3.968476812588051e-05, -0.008807362988591194, 0.00021569090313278139]
  ResConv 3:  [0.00044200473348610103, -0.00017731348634697497, -0.008625654503703117, 0.0008296045125462115]
--
--
  ResConv 1:  [0.0005163665045984089, 3.458619175944477e-05, -0.007000970188528299, 0.00040440220618620515]
  ResConv 2:  [0.0004946887493133545, 1.93799987755483e-05, -0.006765516009181738, 0.00014425345580093563]
  ResConv 3:  [0.000486227247165516, -8.222003816626966e-05, -0.006623741704970598, 0.0006079780869185925]
--
--
  ResConv 1:  [0.0004563545808196068, -1.4114814803178888e-05, -0.00828400906175375, 0.000528117932844907]
  ResConv 2:  [0.0004255008534528315, -2.958329969260376e-05, -0.00799832958728075, 0.00021020931308157742]
  ResConv 3:  [0.00041224758024327457, -0.0001552446628920734, -0.007819708436727524, 0.0007819802267476916]
--
--
  ResConv 1:  [0.000524900620803237, 2.471972766215913e-05, -0.0070303017273545265, 0.00029006280237808824]
  ResConv 2:  [0.0004978173528797925, 1.31132073875051e-05, -0.006780194118618965, 2.6175228413194418e-05]
  ResConv 3:  [0.0004891179851256311, -9.031477384269238e-05, -0.00662717130035162, 0.0005050663603469729]
--
--
  ResConv 1:  [0.0004189636674709618, 1.6524010788998567e-05, -0.007830360904335976, 0.0003414199163671583]
  ResConv 2:  [0.0003992129350081086, 2.4908304112614132e-06, -0.007549739442765713, 4.363639891380444e-05]
  ResConv 3:  [0.0003967622178606689, -0.00011836804333142936, -0.007369173225015402, 0.0005911681219004095]
--
--
  ResConv 1:  [0.0005847603315487504, 1.727567723719403e-05, -0.007795598823577166, 0.00041400096961297095]
  ResConv 2:  [0.0005584727041423321, 9.500980127086223e-07, -0.007504822686314583, 0.00012051552039338276]
  ResConv 3:  [0.0005496296216733754, -0.0001146369831985794, -0.0073233493603765965, 0.0006613468285650015]
--
--
  ResConv 1:  [0.0005351246800273657, 3.8745434721931815e-05, -0.007859683595597744, 0.0005243440391495824]
  ResConv 2:  [0.0005102865980006754, 2.396513446001336e-05, -0.007556181401014328, 0.00023113525821827352]
  ResConv 3:  [0.0005010731983929873, -9.524931374471635e-05, -0.007368950638920069, 0.0007739411084912717]
--
--
  ResConv 1:  [0.0005586760817095637, -7.900662239990197e-06, -0.007724934257566929, 0.0005082655698060989]
  ResConv 2:  [0.0005339577328413725, -2.25266794586787e-05, -0.007417487446218729, 0.0002160209114663303]
  ResConv 3:  [0.0005224807537160814, -0.00013963188393972814, -0.007223125547170639, 0.0007638042443431914]
--
--
  ResConv 1:  [0.0004217307432554662, -1.5801994095454575e-06, -0.00864829495549202, 0.0005766913527622819]
  ResConv 2:  [0.00041089626029133797, -1.9400757082621567e-05, -0.008297101594507694, 0.00024179839238058776]
  ResConv 3:  [0.0004056518664583564, -0.00015162125055212528, -0.008075370453298092, 0.0008568529156036675]
--
--
  ResConv 1:  [0.0003684040275402367, -1.7184085663757287e-05, -0.007722460199147463, 0.0002639359445311129]
  ResConv 2:  [0.0003503965272102505, -3.096050932072103e-05, -0.007406745105981827, -3.047667814826127e-05]
  ResConv 3:  [0.00034237391082569957, -0.000152102904394269, -0.0071985903196036816, 0.0005338109913282096]
--
--
  ResConv 1:  [0.0005150179495103657, 4.795403469870507e-07, -0.009071031585335732, 0.00047299996367655694]
  ResConv 2:  [0.0004873937868978828, -1.7100353943533264e-05, -0.008688654750585556, 0.00012006088945781812]
  ResConv 3:  [0.00047544940025545657, -0.00015680550131946802, -0.008440706878900528, 0.0007781030144542456]
--
--
  ResConv 1:  [0.00043450313387438655, 1.1275255928921979e-06, -0.008940965868532658, 0.0003701866662595421]
  ResConv 2:  [0.00040941478800959885, -1.520279602118535e-05, -0.00855375174432993, 2.262367524963338e-05]
  ResConv 3:  [0.000400286924559623, -0.00015686995175201446, -0.008298561908304691, 0.0006857908447273076]
--
--
  ResConv 1:  [0.0004647471068892628, 5.1081842684652656e-05, -0.008341546170413494, 0.0005106308963149786]
  ResConv 2:  [0.00044698233250528574, 3.392339567653835e-05, -0.007966727018356323, 0.00017905625281855464]
  ResConv 3:  [0.0004363405460026115, -9.554414282320067e-05, -0.007725566625595093, 0.0007925288518890738]
--
--
  ResConv 1:  [0.0005658038426190615, 4.158822775934823e-05, -0.00916462205350399, 0.0009835136588662863]
  ResConv 2:  [0.000537966494448483, 1.9993927708128467e-05, -0.008733566850423813, 0.0006057980936020613]
  ResConv 3:  [0.0005122508737258613, -0.0001196825469378382, -0.008462628349661827, 0.001280959346331656]
--
--
  ResConv 1:  [0.0004856775631196797, 7.79179681558162e-05, -0.007745958399027586, 0.00039452893543057144]
  ResConv 2:  [0.0004573201294988394, 6.330258474918082e-05, -0.0073796045035123825, 9.407437028130516e-05]
  ResConv 3:  [0.0004441209603101015, -5.849051376571879e-05, -0.007141402456909418, 0.0006710441084578633]
--
--
  ResConv 1:  [0.0004297370323911309, 3.684859393615625e-06, -0.008222262375056744, 0.0003490303934086114]
  ResConv 2:  [0.00040486169746145606, -1.1793251360359136e-05, -0.007825070060789585, 2.697627860470675e-05]
  ResConv 3:  [0.00039220339385792613, -0.00014437526988331228, -0.007561341393738985, 0.0006549363024532795]
--
--
  ResConv 1:  [0.00040221927338279784, 4.640420593204908e-05, -0.007981023751199245, 0.0006316733197309077]
  ResConv 2:  [0.0003823695587925613, 2.6867030101129785e-05, -0.007580876350402832, 0.00031693433993496]
  ResConv 3:  [0.00036827870644629, -0.00010011201084125787, -0.007319990545511246, 0.0009165162337012589]
--
--
  ResConv 1:  [0.0004273800877854228, -9.454951396037359e-06, -0.007549175061285496, 0.0005824936670251191]
  ResConv 2:  [0.0004093513998668641, -2.3003220121609047e-05, -0.00715973973274231, 0.0002753020962700248]
  ResConv 3:  [0.0003942103940062225, -0.00014503822603728622, -0.006902200169861317, 0.000857996754348278]
--
--
  ResConv 1:  [0.0005086570745334029, 4.9692505854181945e-05, -0.00856260396540165, 0.000383786711608991]
  ResConv 2:  [0.00047686646576039493, 3.229649882996455e-05, -0.00811686273664236, 4.7151377657428384e-05]
  ResConv 3:  [0.0004606114816851914, -0.00010853714047698304, -0.007818569429218769, 0.0007149807643145323]
--
--
  ResConv 1:  [0.0004157532239332795, 1.045995577442227e-05, -0.009506343863904476, 0.0008272758568637073]
  ResConv 2:  [0.0003938730515073985, -1.0324577488063369e-05, -0.00899148266762495, 0.000435379653936252]
  ResConv 3:  [0.0003766137233469635, -0.00016506000247318298, -0.008649497292935848, 0.0011795753380283713]
--
--
  ResConv 1:  [0.000550000520888716, -3.302282129880041e-05, -0.009138725697994232, 0.0005445873830467463]
  ResConv 2:  [0.0005118618137203157, -5.148825221112929e-05, -0.008639020845293999, 0.0001825504587031901]
  ResConv 3:  [0.0004894919111393392, -0.00020379357738420367, -0.00830010324716568, 0.0009070305968634784]
--
--
  ResConv 1:  [0.0003612230357248336, 4.95000094815623e-05, -0.006977084558457136, 0.000179034483153373]
  ResConv 2:  [0.00033745073596946895, 3.593504516175017e-05, -0.006589456927031279, -8.761708886595443e-05]
  ResConv 3:  [0.00033006962621584535, -7.905365055194125e-05, -0.0063263955526053905, 0.00046944787027314305]
--
--
  ResConv 1:  [0.0005267172236926854, -2.423998921585735e-05, -0.009174348786473274, 0.00042530213249847293]
  ResConv 2:  [0.0004842032794840634, -4.1916406189557165e-05, -0.008650314062833786, 6.070329254725948e-05]
  ResConv 3:  [0.0004551848105620593, -0.00019857363076880574, -0.0082902442663908, 0.000813439255580306]
--
--
  ResConv 1:  [0.0004808056401088834, 3.375653614057228e-05, -0.006798293441534042, 0.0002486310841049999]
  ResConv 2:  [0.00043908224324695766, 1.982644789677579e-05, -0.006398140452802181, -1.5248787349264603e-05]
  ResConv 3:  [0.0004112401220481843, -9.429369674762711e-05, -0.00612648343667388, 0.00054055085638538]
--
--
  ResConv 1:  [0.0004808056401088834, 3.375653250259347e-05, -0.006798293441534042, 0.0002486310841049999]
  ResConv 2:  [0.00043908224324695766, 1.9826438801828772e-05, -0.006398140452802181, -1.5248779163812287e-05]
  ResConv 3:  [0.00041124006384052336, -9.429370402358472e-05, -0.00612648343667388, 0.00054055085638538]
--
--
  ResConv 1:  [0.0004808056401088834, 3.375653614057228e-05, -0.00679829390719533, 0.0002486310841049999]
  ResConv 2:  [0.0004390822723507881, 1.982644789677579e-05, -0.006398140452802181, -1.5248783711285796e-05]
  ResConv 3:  [0.0004112401220481843, -9.429369674762711e-05, -0.00612648343667388, 0.0005405507981777191]
--
--
  ResConv 1:  [0.0004808056401088834, 3.3756543416529894e-05, -0.006798293441534042, 0.0002486310841049999]
  ResConv 2:  [0.00043908224324695766, 1.9826453353744e-05, -0.006398140452802181, -1.5248786439769901e-05]
  ResConv 3:  [0.0004112401220481843, -9.42936894716695e-05, -0.00612648343667388, 0.0005405507981777191]
--
--
  ResConv 1:  [0.0004808056401088834, 3.375653614057228e-05, -0.00679829390719533, 0.0002486310841049999]
  ResConv 2:  [0.00043908224324695766, 1.982644789677579e-05, -0.006398140452802181, -1.5248776435328182e-05]
  ResConv 3:  [0.0004112401220481843, -9.429369674762711e-05, -0.00612648343667388, 0.00054055085638538]
--
--
  ResConv 1:  [0.00032943900441750884, 2.4219441911554895e-05, -0.008802831172943115, 0.000536268693394959]
  ResConv 2:  [0.0003085082280449569, 1.335122988166404e-06, -0.008285263553261757, 0.00019004398200195283]
  ResConv 3:  [0.0002895996149163693, -0.0001477334590163082, -0.007934602908790112, 0.0009066622005775571]
--
--
  ResConv 1:  [0.00032943900441750884, 2.421944918751251e-05, -0.00880283210426569, 0.000536268693394959]
  ResConv 2:  [0.0003085082571487874, 1.3351318557397462e-06, -0.008285262621939182, 0.0001900440256576985]
  ResConv 3:  [0.0002895996149163693, -0.00014773344446439296, -0.007934602908790112, 0.0009066622005775571]
--
--
  ResConv 1:  [0.00032943900441750884, 2.421945464448072e-05, -0.008802831172943115, 0.000536268693394959]
  ResConv 2:  [0.00030850819894112647, 1.335130718871369e-06, -0.008285263553261757, 0.0001900440256576985]
  ResConv 3:  [0.0002895996149163693, -0.00014773344446439296, -0.007934602908790112, 0.0009066622005775571]
--
--
  ResConv 1:  [0.00032943906262516975, 2.4219451006501913e-05, -0.00880283210426569, 0.000536268693394959]
  ResConv 2:  [0.0003085082571487874, 1.3351329926081235e-06, -0.008285262621939182, 0.00019004399655386806]
  ResConv 3:  [0.00028959967312403023, -0.00014773344446439296, -0.007934602908790112, 0.0009066620841622353]
--
--
  ResConv 1:  [0.0003294389753136784, 2.4219451006501913e-05, -0.00880283210426569, 0.000536268693394959]
  ResConv 2:  [0.0003085082280449569, 1.335138449576334e-06, -0.008285263553261757, 0.00019004401110578328]
  ResConv 3:  [0.00028959958581253886, -0.00014773344446439296, -0.007934602908790112, 0.0009066622005775571]
--
--
  ResConv 1:  [0.0006025939946994185, 5.211104507907294e-05, -0.009187146089971066, 0.0006358909886330366]
  ResConv 2:  [0.000555643520783633, 3.1149353162618354e-05, -0.008637731894850731, 0.00025911739794537425]
  ResConv 3:  [0.0005216271383687854, -0.0001232240756507963, -0.008271606639027596, 0.0010139329824596643]
--
--
  ResConv 1:  [0.0006025939946994185, 5.211104507907294e-05, -0.009187146089971066, 0.0006358909304253757]
  ResConv 2:  [0.000555643520783633, 3.114936043857597e-05, -0.008637731894850731, 0.00025911739794537425]
  ResConv 3:  [0.0005216271965764463, -0.0001232240756507963, -0.008271606639027596, 0.0010139329824596643]
--
--
  ResConv 1:  [0.0006025939946994185, 5.211103780311532e-05, -0.009187146089971066, 0.0006358909886330366]
  ResConv 2:  [0.000555643520783633, 3.1149353162618354e-05, -0.008637731894850731, 0.0002591174270492047]
  ResConv 3:  [0.0005216271965764463, -0.0001232240756507963, -0.008271606639027596, 0.0010139329824596643]
--
--
  ResConv 1:  [0.0006025939946994185, 5.211105599300936e-05, -0.009187146089971066, 0.0006358909886330366]
  ResConv 2:  [0.000555643520783633, 3.114935680059716e-05, -0.008637731894850731, 0.00025911739794537425]
  ResConv 3:  [0.0005216271383687854, -0.0001232240756507963, -0.008271606639027596, 0.0010139329824596643]
--
--
  ResConv 1:  [0.0006025939946994185, 5.211104507907294e-05, -0.009187146089971066, 0.0006358909304253757]
  ResConv 2:  [0.000555643520783633, 3.114936043857597e-05, -0.008637731894850731, 0.00025911739794537425]
  ResConv 3:  [0.0005216271383687854, -0.0001232240756507963, -0.008271606639027596, 0.0010139329824596643]
--
--
  ResConv 1:  [0.00048091780627146363, 3.1915940780891106e-05, -0.008465963415801525, 0.00045486498856917024]
  ResConv 2:  [0.0004505384131334722, 1.3936540199210867e-05, -0.007965534925460815, 0.00012399657862260938]
  ResConv 3:  [0.000435078633017838, -0.00013084123202133924, -0.0076255896128714085, 0.0008142080041579902]
--
--
  ResConv 1:  [0.00048091780627146363, 3.191594805684872e-05, -0.008465963415801525, 0.0004548650176730007]
  ResConv 2:  [0.0004505384131334722, 1.3936543837189674e-05, -0.00796553585678339, 0.0001239965931745246]
  ResConv 3:  [0.000435078633017838, -0.00013084123202133924, -0.0076255896128714085, 0.0008142080041579902]
--
--
  ResConv 1:  [0.00048091780627146363, 3.191595169482753e-05, -0.008465963415801525, 0.00045486498856917024]
  ResConv 2:  [0.00045053838402964175, 1.3936549294157885e-05, -0.00796553585678339, 0.00012399657862260938]
  ResConv 3:  [0.00043507860391400754, -0.00013084123202133924, -0.0076255896128714085, 0.0008142080041579902]
--
--
  ResConv 1:  [0.0004809177480638027, 3.191595169482753e-05, -0.008465963415801525, 0.00045486498856917024]
  ResConv 2:  [0.0004505384131334722, 1.393654656567378e-05, -0.007965534925460815, 0.00012399656407069415]
  ResConv 3:  [0.0004350785748101771, -0.00013084123202133924, -0.0076255896128714085, 0.0008142080041579902]
--
--
  ResConv 1:  [0.00048091780627146363, 3.191594805684872e-05, -0.008465963415801525, 0.0004548650176730007]
  ResConv 2:  [0.0004505384131334722, 1.3936548384663183e-05, -0.00796553585678339, 0.00012399657862260938]
  ResConv 3:  [0.000435078633017838, -0.00013084123202133924, -0.0076255896128714085, 0.0008142080041579902]
--
--
  ResConv 1:  [0.0004604248679243028, 2.746762038441375e-05, -0.010404251515865326, 0.0012173622380942106]
  ResConv 2:  [0.0004333538527134806, 2.813272885759943e-07, -0.009771664626896381, 0.0007883771322667599]
  ResConv 3:  [0.000398618052713573, -0.000176636254764162, -0.009357115253806114, 0.0016286250902339816]
--
--
  ResConv 1:  [0.00046042483882047236, 2.7467604013509117e-05, -0.010404251515865326, 0.0012173621216788888]
  ResConv 2:  [0.0004333537945058197, 2.8130412488280854e-07, -0.009771664626896381, 0.000788377015851438]
  ResConv 3:  [0.000398618052713573, -0.00017663626931607723, -0.009357115253806114, 0.0016286249738186598]
--
--
  ResConv 1:  [0.00046042483882047236, 2.7467638574307784e-05, -0.010404251515865326, 0.0012173622380942106]
  ResConv 2:  [0.0004333537654019892, 2.813339108342916e-07, -0.009771664626896381, 0.0007883771322667599]
  ResConv 3:  [0.000398618052713573, -0.00017663622566033155, -0.009357115253806114, 0.0016286250902339816]
--
--
  ResConv 1:  [0.0004604248097166419, 2.7467627660371363e-05, -0.010404251515865326, 0.0012173621216788888]
  ResConv 2:  [0.0004333537654019892, 2.813217747643648e-07, -0.009771664626896381, 0.000788377015851438]
  ResConv 3:  [0.000398618052713573, -0.00017663622566033155, -0.009357115253806114, 0.0016286249738186598]
--
--
  ResConv 1:  [0.00046042483882047236, 2.746765676420182e-05, -0.010404251515865326, 0.0012173621216788888]
  ResConv 2:  [0.0004333538527134806, 2.813515891375573e-07, -0.009771664626896381, 0.000788377015851438]
  ResConv 3:  [0.00039861808181740344, -0.00017663621110841632, -0.009357115253806114, 0.0016286250902339816]
--
--
  ResConv 1:  [0.0005767091060988605, 7.088688562362222e-06, -0.008066052570939064, 0.0005057916860096157]
  ResConv 2:  [0.0005382717354223132, -9.720238267618697e-06, -0.007588411681354046, 0.00018263763922732323]
  ResConv 3:  [0.0005140578141435981, -0.00014768003893550485, -0.0072622341103851795, 0.000846696610096842]
--
--
  ResConv 1:  [0.0005767090478911996, 7.088683105394011e-06, -0.008066052570939064, 0.0005057917442172766]
  ResConv 2:  [0.0005382716190069914, -9.720239177113399e-06, -0.007588411681354046, 0.00018263761012349278]
  ResConv 3:  [0.0005140577559359372, -0.00014768002438358963, -0.0072622341103851795, 0.000846696610096842]
--
--
  ResConv 1:  [0.0005767090478911996, 7.0886826506466605e-06, -0.008066052570939064, 0.0005057917442172766]
  ResConv 2:  [0.0005382717354223132, -9.720243724586908e-06, -0.007588411681354046, 0.00018263761012349278]
  ResConv 3:  [0.0005140577559359372, -0.00014768003893550485, -0.0072622341103851795, 0.000846696610096842]
--
--
  ResConv 1:  [0.0005767090478911996, 7.088677648425801e-06, -0.008066052570939064, 0.0005057916860096157]
  ResConv 2:  [0.0005382717354223132, -9.720246453071013e-06, -0.007588411681354046, 0.00018263761012349278]
  ResConv 3:  [0.0005140577559359372, -0.00014768003893550485, -0.0072622341103851795, 0.000846696610096842]
--
--
  ResConv 1:  [0.0005767090478911996, 7.08867219145759e-06, -0.008066053502261639, 0.0005057917442172766]
  ResConv 2:  [0.0005382716190069914, -9.720251000544522e-06, -0.007588411681354046, 0.00018263763922732323]
  ResConv 3:  [0.0005140578141435981, -0.00014768005348742008, -0.0072622341103851795, 0.000846696610096842]
--
--
  ResConv 1:  [0.0005296497256495059, 5.369947393774055e-05, -0.00792731624096632, 0.0003482815227471292]
  ResConv 2:  [0.000489379744976759, 3.794210351770744e-05, -0.0074602761305868626, 3.435027610976249e-05]
  ResConv 3:  [0.00046362020657397807, -9.752863115863875e-05, -0.007140836212784052, 0.0006873374222777784]
--
--
  ResConv 1:  [0.0005296497256495059, 5.369948485167697e-05, -0.00792731624096632, 0.0003482815227471292]
  ResConv 2:  [0.000489379744976759, 3.7942107155686244e-05, -0.0074602761305868626, 3.435028702369891e-05]
  ResConv 3:  [0.0004636202356778085, -9.752862388268113e-05, -0.007140836212784052, 0.0006873374222777784]
--
--
  ResConv 1:  [0.0005296497256495059, 5.369948485167697e-05, -0.00792731624096632, 0.00034828149364329875]
  ResConv 2:  [0.000489379744976759, 3.794210351770744e-05, -0.0074602761305868626, 3.43502797477413e-05]
  ResConv 3:  [0.00046362020657397807, -9.752863115863875e-05, -0.007140836212784052, 0.0006873373640701175]
--
--
  ResConv 1:  [0.0005296497256495059, 5.369948485167697e-05, -0.00792731624096632, 0.00034828149364329875]
  ResConv 2:  [0.000489379744976759, 3.7942107155686244e-05, -0.0074602761305868626, 3.4350283385720104e-05]
  ResConv 3:  [0.00046362020657397807, -9.752863115863875e-05, -0.007140835747122765, 0.0006873374222777784]
--
--
  ResConv 1:  [0.0005296497256495059, 5.369948485167697e-05, -0.00792731624096632, 0.0003482815227471292]
  ResConv 2:  [0.000489379744976759, 3.794210351770744e-05, -0.0074602761305868626, 3.435027610976249e-05]
  ResConv 3:  [0.00046362020657397807, -9.752862388268113e-05, -0.007140836212784052, 0.0006873373640701175]
--
--
  ResConv 1:  [0.00038021913496777415, 3.1323697839980014e-06, -0.007136412430554628, 0.00020709802629426122]
  ResConv 2:  [0.0003482252068351954, -1.0471979294379707e-05, -0.0067193894647061825, -6.727976870024577e-05]
  ResConv 3:  [0.0003314466739539057, -0.00013236886297818273, -0.006429971195757389, 0.0005195981939323246]
--
--
  ResConv 1:  [0.0003802191058639437, 3.132366600766545e-06, -0.007136412430554628, 0.00020709804084617645]
  ResConv 2:  [0.00034822511952370405, -1.0471982022863813e-05, -0.0067193894647061825, -6.727975414833054e-05]
  ResConv 3:  [0.0003314466739539057, -0.00013236886297818273, -0.006429971195757389, 0.0005195981939323246]
--
--
  ResConv 1:  [0.00038021913496777415, 3.1323684197559487e-06, -0.007136412430554628, 0.00020709804084617645]
  ResConv 2:  [0.00034822511952370405, -1.0471982022863813e-05, -0.0067193894647061825, -6.727975414833054e-05]
  ResConv 3:  [0.0003314466739539057, -0.00013236886297818273, -0.006429971195757389, 0.0005195981939323246]
--
--
  ResConv 1:  [0.00038021913496777415, 3.132362508040387e-06, -0.007136412430554628, 0.00020709804084617645]
  ResConv 2:  [0.00034822511952370405, -1.0471986570337322e-05, -0.0067193894647061825, -6.727974687237293e-05]
  ResConv 3:  [0.0003314466739539057, -0.00013236886297818273, -0.006429971195757389, 0.0005195981939323246]
--
--
  ResConv 1:  [0.00038021913496777415, 3.132367055513896e-06, -0.007136412430554628, 0.00020709804084617645]
  ResConv 2:  [0.00034822511952370405, -1.0471982022863813e-05, -0.0067193894647061825, -6.727974687237293e-05]
  ResConv 3:  [0.00033144664485007524, -0.00013236886297818273, -0.006429971195757389, 0.0005195981939323246]
--
--
  ResConv 1:  [0.00045410642633214593, 3.713007754413411e-05, -0.007324879989027977, 0.0003874015819747001]
  ResConv 2:  [0.0004255243402440101, 2.1705878680222668e-05, -0.00689157098531723, 0.00010026340169133618]
  ResConv 3:  [0.0004071890434715897, -0.00010290182399330661, -0.006598258391022682, 0.0006953919655643404]
--
--
  ResConv 1:  [0.00045410642633214593, 3.71300739061553e-05, -0.007324879989027977, 0.0003874015819747001]
  ResConv 2:  [0.0004255243402440101, 2.170586958527565e-05, -0.0068915714509785175, 0.00010026340169133618]
  ResConv 3:  [0.0004071890434715897, -0.00010290183854522184, -0.006598258391022682, 0.0006953919655643404]
--
--
  ResConv 1:  [0.00045410648453980684, 3.713008845807053e-05, -0.007324879989027977, 0.0003874015819747001]
  ResConv 2:  [0.00042552431114017963, 2.1705885956180282e-05, -0.00689157098531723, 0.00010026340169133618]
  ResConv 3:  [0.0004071890434715897, -0.00010290182399330661, -0.006598258391022682, 0.0006953920237720013]
--
--
  ResConv 1:  [0.0004541064554359764, 3.713008845807053e-05, -0.007324879989027977, 0.0003874015819747001]
  ResConv 2:  [0.00042552431114017963, 2.1705887775169685e-05, -0.00689157098531723, 0.00010026337986346334]
  ResConv 3:  [0.0004071890434715897, -0.00010290181671734899, -0.006598258391022682, 0.0006953919073566794]
--
--
  ResConv 1:  [0.00045410648453980684, 3.713008118211292e-05, -0.007324879989027977, 0.0003874015819747001]
  ResConv 2:  [0.0004255243402440101, 2.1705878680222668e-05, -0.00689157098531723, 0.00010026338713942096]
  ResConv 3:  [0.0004071890434715897, -0.00010290182399330661, -0.006598258391022682, 0.0006953920237720013]
--
--
  ResConv 1:  [0.00040672789327800274, 1.7225816009158734e-06, -0.008812100626528263, 0.0006524628261104226]
  ResConv 2:  [0.0003732944605872035, -1.6292995496769436e-05, -0.00828734040260315, 0.000292688375338912]
  ResConv 3:  [0.0003471190866548568, -0.0001682930305832997, -0.007925634272396564, 0.0010266340104863048]
--
--
  ResConv 1:  [0.00040672780596651137, 1.7225968349521281e-06, -0.008812100626528263, 0.0006524627679027617]
  ResConv 2:  [0.0003732944023795426, -1.6292979125864804e-05, -0.008287339471280575, 0.000292688375338912]
  ResConv 3:  [0.0003471190284471959, -0.00016829300147946924, -0.007925634272396564, 0.0010266340104863048]
--
--
  ResConv 1:  [0.0004067278641741723, 1.7225819419763866e-06, -0.008812100626528263, 0.0006524627679027617]
  ResConv 2:  [0.0003732944023795426, -1.6292990039801225e-05, -0.00828734040260315, 0.00029268840444274247]
  ResConv 3:  [0.0003471190284471959, -0.0001682930305832997, -0.007925634272396564, 0.0010266340104863048]
--
--
  ResConv 1:  [0.00040672789327800274, 1.722600131870422e-06, -0.008812100626528263, 0.0006524628261104226]
  ResConv 2:  [0.0003732944023795426, -1.6292973668896593e-05, -0.00828734040260315, 0.00029268840444274247]
  ResConv 3:  [0.0003471190284471959, -0.00016829300147946924, -0.007925634272396564, 0.0010266340104863048]
--
--
  ResConv 1:  [0.00040672780596651137, 1.7225838746526279e-06, -0.008812100626528263, 0.0006524627679027617]
  ResConv 2:  [0.0003732944023795426, -1.629298822081182e-05, -0.008287339471280575, 0.000292688375338912]
  ResConv 3:  [0.0003471190284471959, -0.0001682930305832997, -0.007925634272396564, 0.0010266340104863048]
--
--
  ResConv 1:  [0.0004733990353997797, 3.326619116705842e-05, -0.008338714018464088, 0.0006409779307432473]
  ResConv 2:  [0.0004463928926270455, 1.4857236237730831e-05, -0.007844492793083191, 0.000306232861476019]
  ResConv 3:  [0.0004265599709469825, -0.00012524424528237432, -0.0075150891207158566, 0.0009757193038240075]
--
--
  ResConv 1:  [0.0004733990062959492, 3.3266187529079616e-05, -0.008338714018464088, 0.0006409779307432473]
  ResConv 2:  [0.00044639286352321506, 1.4857232599752024e-05, -0.007844492793083191, 0.000306232861476019]
  ResConv 3:  [0.00042655994184315205, -0.00012524425983428955, -0.0075150891207158566, 0.0009757193038240075]
--
--
  ResConv 1:  [0.0004733990353997797, 3.326617297716439e-05, -0.008338714018464088, 0.0006409778725355864]
  ResConv 2:  [0.0004463928926270455, 1.48572207763209e-05, -0.007844492793083191, 0.00030623283237218857]
  ResConv 3:  [0.00042656000005081296, -0.00012524425983428955, -0.007515089586377144, 0.0009757193038240075]
--
--
  ResConv 1:  [0.0004733990353997797, 3.3266187529079616e-05, -0.008338714018464088, 0.0006409779307432473]
  ResConv 2:  [0.0004463928926270455, 1.4857229871267918e-05, -0.007844492793083191, 0.000306232861476019]
  ResConv 3:  [0.0004265599709469825, -0.00012524425983428955, -0.007515089586377144, 0.0009757193038240075]
--
--
  ResConv 1:  [0.00047339897719211876, 3.3266187529079616e-05, -0.008338714018464088, 0.0006409778725355864]
  ResConv 2:  [0.0004463928926270455, 1.4857233509246726e-05, -0.007844492793083191, 0.00030623283237218857]
  ResConv 3:  [0.00042655994184315205, -0.00012524425983428955, -0.007515089586377144, 0.0009757191292010248]
--
--
  ResConv 1:  [0.00046527106314897537, 7.353744877036661e-05, -0.009381555952131748, 0.0007656095549464226]
  ResConv 2:  [0.0004321802989579737, 5.298986070556566e-05, -0.008819672279059887, 0.0003762927372008562]
  ResConv 3:  [0.00040419033030048013, -0.00010570164158707485, -0.00844409130513668, 0.001146550988778472]
--
--
  ResConv 1:  [0.00046527109225280583, 7.3537441494409e-05, -0.009381555020809174, 0.0007656097295694053]
  ResConv 2:  [0.0004321803280618042, 5.298986070556566e-05, -0.008819672279059887, 0.0003762927954085171]
  ResConv 3:  [0.0004041904176119715, -0.00010570162703515962, -0.00844409130513668, 0.001146550988778472]
--
--
  ResConv 1:  [0.0004652711213566363, 7.3537441494409e-05, -0.009381555952131748, 0.0007656096713617444]
  ResConv 2:  [0.0004321803280618042, 5.298985342960805e-05, -0.008819672279059887, 0.0003762927372008562]
  ResConv 3:  [0.0004041904176119715, -0.00010570164158707485, -0.00844409130513668, 0.001146550988778472]
--
--
  ResConv 1:  [0.00046527106314897537, 7.353746332228184e-05, -0.009381555952131748, 0.0007656096713617444]
  ResConv 2:  [0.0004321803280618042, 5.298987525748089e-05, -0.008819672279059887, 0.0003762927372008562]
  ResConv 3:  [0.0004041903594043106, -0.000105701619759202, -0.00844409130513668, 0.001146550988778472]
--
--
  ResConv 1:  [0.0004652711213566363, 7.353744877036661e-05, -0.009381555952131748, 0.0007656096713617444]
  ResConv 2:  [0.0004321803280618042, 5.298986434354447e-05, -0.008819672279059887, 0.0003762927372008562]
  ResConv 3:  [0.0004041904176119715, -0.00010570164158707485, -0.00844409130513668, 0.001146550988778472]
--
--
  ResConv 1:  [0.00050538987852633, 1.870673986559268e-05, -0.009485803544521332, 0.0005194979021325707]
  ResConv 2:  [0.0004799538874067366, -3.2389307307312265e-06, -0.008925946429371834, 0.00014284219651017338]
  ResConv 3:  [0.00045772051089443266, -0.00016551105363760144, -0.008546077646315098, 0.0009208599803969264]
--
--
  ResConv 1:  [0.00050538987852633, 1.87067489605397e-05, -0.009485803544521332, 0.0005194979021325707]
  ResConv 2:  [0.0004799538874067366, -3.238920271542156e-06, -0.008925947360694408, 0.00014284218195825815]
  ResConv 3:  [0.0004577204235829413, -0.00016551105363760144, -0.008546077646315098, 0.0009208599803969264]
--
--
  ResConv 1:  [0.00050538987852633, 1.8706756236497313e-05, -0.009485803544521332, 0.0005194979021325707]
  ResConv 2:  [0.0004799538874067366, -3.2389179978054017e-06, -0.008925946429371834, 0.00014284219651017338]
  ResConv 3:  [0.00045772045268677175, -0.00016551105363760144, -0.008546077646315098, 0.0009208599803969264]
--
--
  ResConv 1:  [0.00050538987852633, 1.8706752598518506e-05, -0.009485803544521332, 0.0005194979021325707]
  ResConv 2:  [0.0004799538874067366, -3.238922317905235e-06, -0.008925946429371834, 0.0001428422110620886]
  ResConv 3:  [0.00045772045268677175, -0.00016551105363760144, -0.008546077646315098, 0.0009208599803969264]
--
--
  ResConv 1:  [0.00050538987852633, 1.87067489605397e-05, -0.009485803544521332, 0.0005194979021325707]
  ResConv 2:  [0.000479953974718228, -3.2389218631578842e-06, -0.008925946429371834, 0.00014284219651017338]
  ResConv 3:  [0.00045772051089443266, -0.00016551105363760144, -0.008546076714992523, 0.0009208599803969264]
--
--
  ResConv 1:  [0.0006712729809805751, -5.3321906307246536e-05, -0.010020166635513306, 0.0008589100325480103]
  ResConv 2:  [0.0006236310000531375, -7.828979869373143e-05, -0.00942219328135252, 0.0004552187165245414]
  ResConv 3:  [0.0005867067957296968, -0.0002481324190739542, -0.00901855155825615, 0.0012757489457726479]
--
--
  ResConv 1:  [0.0006712730973958969, -5.332190266926773e-05, -0.010020166635513306, 0.0008589100325480103]
  ResConv 2:  [0.0006236310582607985, -7.828979869373143e-05, -0.00942219328135252, 0.0004552187165245414]
  ResConv 3:  [0.0005867068539373577, -0.0002481324190739542, -0.00901855155825615, 0.0012757489457726479]
--
--
  ResConv 1:  [0.000671273039188236, -5.332189903128892e-05, -0.010020166635513306, 0.0008589100325480103]
  ResConv 2:  [0.0006236310000531375, -7.828979141777381e-05, -0.00942219328135252, 0.0004552187165245414]
  ResConv 3:  [0.0005867067957296968, -0.0002481324481777847, -0.00901855155825615, 0.0012757490621879697]
--
--
  ResConv 1:  [0.0006712730973958969, -5.332191722118296e-05, -0.010020166635513306, 0.0008589100325480103]
  ResConv 2:  [0.0006236310000531375, -7.828980596968904e-05, -0.00942219328135252, 0.0004552187747322023]
  ResConv 3:  [0.0005867067957296968, -0.0002481324481777847, -0.00901855155825615, 0.0012757489457726479]
--
--
  ResConv 1:  [0.0006712730973958969, -5.332189903128892e-05, -0.010020166635513306, 0.0008589100325480103]
  ResConv 2:  [0.0006236310000531375, -7.828979141777381e-05, -0.00942219328135252, 0.0004552187165245414]
  ResConv 3:  [0.0005867067957296968, -0.0002481324481777847, -0.00901855155825615, 0.0012757489457726479]
--
--
  ResConv 1:  [0.0006283128168433905, -1.2293533472984564e-05, -0.008926644921302795, 0.0005643556360155344]
  ResConv 2:  [0.000585357251111418, -3.1251562177203596e-05, -0.008396180346608162, 0.00021338801889214665]
  ResConv 3:  [0.0005580458091571927, -0.00017954273789655417, -0.008041989989578724, 0.0009347563027404249]
--
--
  ResConv 1:  [0.0006283127586357296, -1.2293535291973967e-05, -0.008926644921302795, 0.0005643555778078735]
  ResConv 2:  [0.0005853571346960962, -3.1251562177203596e-05, -0.008396180346608162, 0.00021338796068448573]
  ResConv 3:  [0.0005580458091571927, -0.00017954273789655417, -0.008041989989578724, 0.000934756244532764]
--
--
  ResConv 1:  [0.0006283128168433905, -1.2293528016016353e-05, -0.008926644921302795, 0.0005643556360155344]
  ResConv 2:  [0.000585357251111418, -3.125155853922479e-05, -0.008396180346608162, 0.00021338796068448573]
  ResConv 3:  [0.0005580458091571927, -0.00017954270879272372, -0.008041989989578724, 0.000934756244532764]
--
--
  ResConv 1:  [0.0006283128168433905, -1.229352619702695e-05, -0.008926644921302795, 0.0005643556360155344]
  ResConv 2:  [0.000585357251111418, -3.125155490124598e-05, -0.008396180346608162, 0.00021338801889214665]
  ResConv 3:  [0.0005580458091571927, -0.00017954273789655417, -0.008041989989578724, 0.000934756244532764]
--
--
  ResConv 1:  [0.0006283128168433905, -1.2293525287532248e-05, -0.008926644921302795, 0.0005643556360155344]
  ResConv 2:  [0.000585357251111418, -3.125155490124598e-05, -0.008396180346608162, 0.00021338801889214665]
  ResConv 3:  [0.0005580458091571927, -0.00017954270879272372, -0.008041989989578724, 0.0009347563027404249]
--
--
  ResConv 1:  [0.0004327836213633418, 3.205894972779788e-05, -0.007298654410988092, 0.00031759243574924767]
  ResConv 2:  [0.0004026646784041077, 1.7739184841047972e-05, -0.006866707466542721, 3.215303513570689e-05]
  ResConv 3:  [0.0003836980613414198, -0.000106205785414204, -0.006573544815182686, 0.0006280018133111298]
--
--
  ResConv 1:  [0.0004327836213633418, 3.2058957003755495e-05, -0.007298654410988092, 0.00031759243574924767]
  ResConv 2:  [0.0004026646784041077, 1.7739195754984394e-05, -0.006866707466542721, 3.2153049687622115e-05]
  ResConv 3:  [0.0003836980613414198, -0.00010620577813824639, -0.0065735443495213985, 0.0006280018133111298]
--
--
  ResConv 1:  [0.0004327836213633418, 3.205894972779788e-05, -0.007298654410988092, 0.0003175924648530781]
  ResConv 2:  [0.0004026646784041077, 1.7739186660037376e-05, -0.006866707466542721, 3.215306787751615e-05]
  ResConv 3:  [0.0003836980613414198, -0.00010620577813824639, -0.0065735443495213985, 0.0006280018715187907]
--
--
  ResConv 1:  [0.0004327836213633418, 3.205895336577669e-05, -0.007298654410988092, 0.0003175924648530781]
  ResConv 2:  [0.0004026646784041077, 1.7739190298016183e-05, -0.006866707466542721, 3.21530424116645e-05]
  ResConv 3:  [0.00038369803223758936, -0.00010620577813824639, -0.006573544815182686, 0.0006280017551034689]
--
--
  ResConv 1:  [0.0004327836213633418, 3.205895336577669e-05, -0.007298654410988092, 0.0003175924648530781]
  ResConv 2:  [0.0004026646784041077, 1.773918847902678e-05, -0.006866707466542721, 3.215306423953734e-05]
  ResConv 3:  [0.00038369803223758936, -0.00010620577813824639, -0.006573544815182686, 0.0006280018133111298]
--
--
  ResConv 1:  [0.0005171678494662046, -3.2594456570222974e-05, -0.00875129085034132, 0.0006068345392122865]
  ResConv 2:  [0.00048207485815510154, -5.104448791826144e-05, -0.008230571635067463, 0.0002536710526328534]
  ResConv 3:  [0.0004620446125045419, -0.00020101942936889827, -0.00787557102739811, 0.0009762424742802978]
--
--
  ResConv 1:  [0.0005171677912585437, -3.2594456570222974e-05, -0.00875129085034132, 0.0006068345392122865]
  ResConv 2:  [0.00048207485815510154, -5.104449883219786e-05, -0.008230572566390038, 0.00025367108173668385]
  ResConv 3:  [0.00046204464160837233, -0.00020101942936889827, -0.007875570096075535, 0.0009762425324879587]
--
--
  ResConv 1:  [0.0005171678494662046, -3.259444929426536e-05, -0.008751291781663895, 0.0006068345392122865]
  ResConv 2:  [0.00048207485815510154, -5.104448428028263e-05, -0.008230571635067463, 0.00025367108173668385]
  ResConv 3:  [0.0004620446125045419, -0.00020101940026506782, -0.007875570096075535, 0.0009762425324879587]
--
--
  ResConv 1:  [0.0005171678494662046, -3.259445293224417e-05, -0.00875129085034132, 0.0006068345392122865]
  ResConv 2:  [0.00048207485815510154, -5.104448791826144e-05, -0.008230571635067463, 0.00025367108173668385]
  ResConv 3:  [0.0004620446125045419, -0.00020101940026506782, -0.007875570096075535, 0.0009762425324879587]
--
--
  ResConv 1:  [0.0005171677912585437, -3.2594442018307745e-05, -0.00875129085034132, 0.0006068345392122865]
  ResConv 2:  [0.00048207491636276245, -5.1044480642303824e-05, -0.008230571635067463, 0.0002536710526328534]
  ResConv 3:  [0.00046204464160837233, -0.00020101940026506782, -0.00787557102739811, 0.0009762424742802978]
--
--
  ResConv 1:  [0.0003497120924293995, 1.8465165339875966e-05, -0.006712544709444046, 0.0002588536008261144]
  ResConv 2:  [0.00032515241764485836, 5.934181899647228e-06, -0.006320297718048096, -2.1998650936438935e-06]
  ResConv 3:  [0.00031590650905855, -0.00010893352737184614, -0.006049350369721651, 0.0005479427636601031]
--
--
  ResConv 1:  [0.0003497120342217386, 1.846514714998193e-05, -0.006712544709444046, 0.0002588536008261144]
  ResConv 2:  [0.00032515241764485836, 5.934165983489947e-06, -0.006320297718048096, -2.1998871488904115e-06]
  ResConv 3:  [0.00031590650905855, -0.00010893354192376137, -0.006049350369721651, 0.0005479427636601031]
--
--
  ResConv 1:  [0.0003497120051179081, 1.846515260695014e-05, -0.006712544709444046, 0.0002588536008261144]
  ResConv 2:  [0.0003251523885410279, 5.934170530963456e-06, -0.006320297718048096, -2.199877144448692e-06]
  ResConv 3:  [0.00031590650905855, -0.00010893353464780375, -0.006049350369721651, 0.0005479427636601031]
--
--
  ResConv 1:  [0.0003497120924293995, 1.846515624492895e-05, -0.006712544709444046, 0.0002588536008261144]
  ResConv 2:  [0.00032515241764485836, 5.934175533184316e-06, -0.006320297718048096, -2.199870550612104e-06]
  ResConv 3:  [0.00031590650905855, -0.00010893353464780375, -0.006049350369721651, 0.0005479427636601031]
--
--
  ResConv 1:  [0.0003497120342217386, 1.8465143512003124e-05, -0.006712544709444046, 0.0002588535426184535]
  ResConv 2:  [0.00032515241764485836, 5.934160981269088e-06, -0.006320297718048096, -2.1998937427269993e-06]
  ResConv 3:  [0.0003159065672662109, -0.00010893354192376137, -0.006049350369721651, 0.0005479427636601031]
--
--
  ResConv 1:  [0.0005182433524169028, 3.9253700379049405e-05, -0.009973375126719475, 0.0007489932468160987]
  ResConv 2:  [0.000483999727293849, 1.755516859702766e-05, -0.009377610869705677, 0.0003432015946600586]
  ResConv 3:  [0.000456062174635008, -0.00015571336552966386, -0.008972030133008957, 0.001172846183180809]
--
--
  ResConv 1:  [0.0005182432942092419, 3.925371856894344e-05, -0.009973375126719475, 0.0007489932468160987]
  ResConv 2:  [0.000483999727293849, 1.7555190424900502e-05, -0.009377610869705677, 0.00034320156555622816]
  ResConv 3:  [0.000456062174635008, -0.00015571336552966386, -0.008972030133008957, 0.001172846183180809]
--
--
  ResConv 1:  [0.0005182433524169028, 3.925371856894344e-05, -0.009973375126719475, 0.0007489933050237596]
  ResConv 2:  [0.0004839997855015099, 1.755518496793229e-05, -0.009377610869705677, 0.00034320156555622816]
  ResConv 3:  [0.000456062174635008, -0.00015571336552966386, -0.008972030133008957, 0.001172846183180809]
--
--
  ResConv 1:  [0.0005182433524169028, 3.925371856894344e-05, -0.009973375126719475, 0.0007489933050237596]
  ResConv 2:  [0.000483999727293849, 1.755518496793229e-05, -0.009377610869705677, 0.00034320156555622816]
  ResConv 3:  [0.000456062174635008, -0.00015571336552966386, -0.008972030133008957, 0.001172846183180809]
--
--
  ResConv 1:  [0.0005182433524169028, 3.925373312085867e-05, -0.009973375126719475, 0.0007489932468160987]
  ResConv 2:  [0.000483999727293849, 1.755519406287931e-05, -0.009377610869705677, 0.0003432015946600586]
  ResConv 3:  [0.000456062174635008, -0.0001557133364258334, -0.008972030133008957, 0.001172846183180809]
--
--
  ResConv 1:  [0.00032542317057959735, 1.883964978333097e-05, -0.006847363896667957, 0.0002562336449045688]
  ResConv 2:  [0.0003077144792769104, 6.2453468672174495e-06, -0.006447087973356247, -1.1462858310551383e-05]
  ResConv 3:  [0.00029849185375496745, -0.0001099630244425498, -0.006169993430376053, 0.0005496006924659014]
--
--
  ResConv 1:  [0.00032542317057959735, 1.8839647964341566e-05, -0.006847363896667957, 0.0002562335866969079]
  ResConv 2:  [0.0003077144792769104, 6.245346412470099e-06, -0.006447088439017534, -1.1462876500445418e-05]
  ResConv 3:  [0.00029849185375496745, -0.0001099630244425498, -0.006169993430376053, 0.0005496006342582405]
--
--
  ResConv 1:  [0.0003254231414757669, 1.8839651602320373e-05, -0.006847363896667957, 0.0002562336449045688]
  ResConv 2:  [0.0003077144792769104, 6.245349140954204e-06, -0.006447088439017534, -1.1462852853583172e-05]
  ResConv 3:  [0.00029849185375496745, -0.0001099630244425498, -0.006169993430376053, 0.0005496007506735623]
--
--
  ResConv 1:  [0.0003254231996834278, 1.883964432636276e-05, -0.006847363896667957, 0.00025623361580073833]
  ResConv 2:  [0.00030771453748457134, 6.245339136512484e-06, -0.006447088439017534, -1.14628674054984e-05]
  ResConv 3:  [0.0002984918828587979, -0.00010996303171850741, -0.006169993430376053, 0.0005496006924659014]
--
--
  ResConv 1:  [0.0003254231996834278, 1.8839651602320373e-05, -0.006847363896667957, 0.0002562335866969079]
  ResConv 2:  [0.00030771453748457134, 6.245349140954204e-06, -0.006447088439017534, -1.1462895599834155e-05]
  ResConv 3:  [0.0002984918828587979, -0.0001099630244425498, -0.006169993430376053, 0.0005496006342582405]
--
--
  ResConv 1:  [0.0005368997808545828, 8.856845852278639e-06, -0.008032712154090405, 0.0006844661547802389]
  ResConv 2:  [0.0005048399907536805, -8.372570846404415e-06, -0.0075498237274587154, 0.00036181433824822307]
  ResConv 3:  [0.0004738731659017503, -0.00013813450641464442, -0.007237578276544809, 0.0010008557001128793]
--
--
  ResConv 1:  [0.0005368997808545828, 8.856824933900498e-06, -0.00803271122276783, 0.000684466096572578]
  ResConv 2:  [0.0005048399907536805, -8.37258903629845e-06, -0.007549824193120003, 0.00036181433824822307]
  ResConv 3:  [0.00047387313679791987, -0.00013813453551847488, -0.007237578276544809, 0.0010008555836975574]
--
--
  ResConv 1:  [0.0005368997808545828, 8.856833119352814e-06, -0.00803271122276783, 0.000684466096572578]
  ResConv 2:  [0.0005048399325460196, -8.372584488824941e-06, -0.0075498237274587154, 0.00036181433824822307]
  ResConv 3:  [0.0004738731659017503, -0.00013813450641464442, -0.007237578276544809, 0.0010008555836975574]
--
--
  ResConv 1:  [0.0005368997808545828, 8.856852218741551e-06, -0.008032712154090405, 0.0006844661547802389]
  ResConv 2:  [0.0005048399907536805, -8.372561751457397e-06, -0.007549824193120003, 0.000361814396455884]
  ResConv 3:  [0.0004738731659017503, -0.00013813450641464442, -0.007237578276544809, 0.0010008557001128793]
--
--
  ResConv 1:  [0.0005368997226469219, 8.856834938342217e-06, -0.00803271122276783, 0.0006844661547802389]
  ResConv 2:  [0.0005048399907536805, -8.372586307814345e-06, -0.007549824193120003, 0.00036181433824822307]
  ResConv 3:  [0.00047387313679791987, -0.00013813450641464442, -0.007237578276544809, 0.0010008555836975574]
--
--
  ResConv 1:  [0.0003191313589923084, 2.4258357370854355e-05, -0.007963771000504494, 0.0006008389173075557]
  ResConv 2:  [0.00029425969114527106, 6.175976523081772e-06, -0.007488648872822523, 0.0002736310998443514]
  ResConv 3:  [0.0002755765453912318, -0.00012681345106102526, -0.007168698124587536, 0.0009240324725396931]
--
--
  ResConv 1:  [0.00031913138809613883, 2.4258361008833162e-05, -0.007963771000504494, 0.0006008388008922338]
  ResConv 2:  [0.0002942597202491015, 6.17598061580793e-06, -0.007488648872822523, 0.0002736310416366905]
  ResConv 3:  [0.00027557657449506223, -0.00012681345106102526, -0.0071686976589262486, 0.0009240324143320322]
--
--
  ResConv 1:  [0.0003191314171999693, 2.4258348275907338e-05, -0.007963770069181919, 0.0006008388008922338]
  ResConv 2:  [0.00029425977845676243, 6.175969247124158e-06, -0.007488648872822523, 0.0002736310416366905]
  ResConv 3:  [0.00027557657449506223, -0.00012681345106102526, -0.007168698124587536, 0.0009240324143320322]
--
--
  ResConv 1:  [0.00031913138809613883, 2.4258355551864952e-05, -0.007963770069181919, 0.0006008389173075557]
  ResConv 2:  [0.00029425977845676243, 6.175976068334421e-06, -0.007488648872822523, 0.0002736310998443514]
  ResConv 3:  [0.00027557657449506223, -0.00012681345106102526, -0.0071686976589262486, 0.0009240324725396931]
--
--
  ResConv 1:  [0.0003191313589923084, 2.4258357370854355e-05, -0.007963770069181919, 0.0006008389173075557]
  ResConv 2:  [0.000294259749352932, 6.1759747040923685e-06, -0.007488648872822523, 0.0002736310416366905]
  ResConv 3:  [0.00027557657449506223, -0.00012681345106102526, -0.007168698124587536, 0.0009240324143320322]
--
--
  ResConv 1:  [0.00046093150740489364, 3.338711030664854e-05, -0.007828504778444767, 0.00029466449632309377]
  ResConv 2:  [0.00042380302329547703, 1.7880580344353803e-05, -0.007367712911218405, -1.2080097803846002e-05]
  ResConv 3:  [0.000402459321776405, -0.0001158158338512294, -0.007052140776067972, 0.0006338637904264033]
--
--
  ResConv 1:  [0.0004609314783010632, 3.338710303069092e-05, -0.007828504778444767, 0.00029466449632309377]
  ResConv 2:  [0.00042380302329547703, 1.788057306839619e-05, -0.007367712911218405, -1.2080097803846002e-05]
  ResConv 3:  [0.000402459321776405, -0.0001158158338512294, -0.007052140776067972, 0.0006338637904264033]
--
--
  ResConv 1:  [0.0004609314783010632, 3.338710303069092e-05, -0.007828504778444767, 0.0002946644672192633]
  ResConv 2:  [0.00042380302329547703, 1.788056943041738e-05, -0.007367712911218405, -1.2080105989298318e-05]
  ResConv 3:  [0.000402459321776405, -0.00011581584112718701, -0.007052140776067972, 0.0006338637904264033]
--
--
  ResConv 1:  [0.0004609314783010632, 3.338710666866973e-05, -0.007828503847122192, 0.00029466449632309377]
  ResConv 2:  [0.0004238029941916466, 1.7880576706374995e-05, -0.007367712911218405, -1.2080079613951966e-05]
  ResConv 3:  [0.00040245926356874406, -0.0001158158338512294, -0.007052140776067972, 0.0006338637904264033]
--
--
  ResConv 1:  [0.00046093156561255455, 3.3387099392712116e-05, -0.007828504778444767, 0.00029466449632309377]
  ResConv 2:  [0.00042380308150313795, 1.7880571249406785e-05, -0.007367712911218405, -1.2080087799404282e-05]
  ResConv 3:  [0.00040245935088023543, -0.00011581584112718701, -0.007052140776067972, 0.0006338637904264033]
--
--
  ResConv 1:  [0.0006100109312683344, 1.0970796211040579e-05, -0.010535663925111294, 0.0008139939163811505]
  ResConv 2:  [0.0005723729263991117, -1.2244798199390061e-05, -0.00990818627178669, 0.00037997003528289497]
  ResConv 3:  [0.000544672308024019, -0.0001909668353619054, -0.009485186077654362, 0.0012440095888450742]
--
--
  ResConv 1:  [0.0006100109312683344, 1.0970807124977e-05, -0.010535663925111294, 0.0008139937999658287]
  ResConv 2:  [0.0005723729263991117, -1.2244786375958938e-05, -0.00990818627178669, 0.00037997003528289497]
  ResConv 3:  [0.000544672308024019, -0.0001909668353619054, -0.009485186077654362, 0.0012440094724297523]
--
--
  ResConv 1:  [0.0006100109312683344, 1.097079712053528e-05, -0.010535663925111294, 0.0008139939163811505]
  ResConv 2:  [0.0005723729263991117, -1.2244789104443043e-05, -0.00990818627178669, 0.00037997003528289497]
  ResConv 3:  [0.000544672308024019, -0.00019096684991382062, -0.009485186077654362, 0.0012440095888450742]
--
--
  ResConv 1:  [0.0006100109312683344, 1.0970788935082965e-05, -0.010535663925111294, 0.0008139939163811505]
  ResConv 2:  [0.0005723729263991117, -1.224480274686357e-05, -0.00990818627178669, 0.00037997003528289497]
  ResConv 3:  [0.000544672308024019, -0.00019096684991382062, -0.009485186077654362, 0.0012440095888450742]
--
--
  ResConv 1:  [0.0006100109312683344, 1.097079166356707e-05, -0.010535663925111294, 0.0008139938581734896]
  ResConv 2:  [0.0005723729263991117, -1.2244803656358272e-05, -0.00990818627178669, 0.00037997003528289497]
  ResConv 3:  [0.000544672308024019, -0.00019096684991382062, -0.009485186077654362, 0.0012440095888450742]
--
--
  ResConv 1:  [0.0004898575716651976, 4.192969936411828e-05, -0.007850836962461472, 0.0003772752534132451]
  ResConv 2:  [0.00045219293679110706, 2.6254181648255326e-05, -0.007387998513877392, 7.120295049389824e-05]
  ResConv 3:  [0.0004330699739512056, -0.00010736081458162516, -0.007072273176163435, 0.0007126220152713358]
--
--
  ResConv 1:  [0.0004898575716651976, 4.192970664007589e-05, -0.007850836962461472, 0.0003772752534132451]
  ResConv 2:  [0.0004521929658949375, 2.625418892421294e-05, -0.007387998513877392, 7.12029286660254e-05]
  ResConv 3:  [0.0004330699157435447, -0.00010736080002970994, -0.007072273176163435, 0.0007126220152713358]
--
--
  ResConv 1:  [0.0004898575716651976, 4.192969936411828e-05, -0.007850836962461472, 0.0003772752534132451]
  ResConv 2:  [0.00045219293679110706, 2.625417801027652e-05, -0.007387998513877392, 7.120297232177109e-05]
  ResConv 3:  [0.0004330699157435447, -0.00010736081458162516, -0.007072273176163435, 0.0007126220152713358]
--
--
  ResConv 1:  [0.0004898575134575367, 4.19297102780547e-05, -0.007850836962461472, 0.0003772752534132451]
  ResConv 2:  [0.0004521928494796157, 2.625418892421294e-05, -0.007387998513877392, 7.120296504581347e-05]
  ResConv 3:  [0.0004330699157435447, -0.00010736079275375232, -0.007072273176163435, 0.0007126220152713358]
--
--
  ResConv 1:  [0.0004898575716651976, 4.192970664007589e-05, -0.007850836962461472, 0.0003772752534132451]
  ResConv 2:  [0.00045219293679110706, 2.6254185286234133e-05, -0.007387998513877392, 7.120295049389824e-05]
  ResConv 3:  [0.0004330699739512056, -0.00010736081458162516, -0.007072273176163435, 0.0007126220152713358]
--
--
  ResConv 1:  [0.0004204361466690898, 3.539685349096544e-05, -0.0075052110478281975, 0.00023937461082823575]
  ResConv 2:  [0.0003920046437997371, 2.0810170099139214e-05, -0.00706558907404542, -4.9217866035178304e-05]
  ResConv 3:  [0.00037667565629817545, -0.00010483365622349083, -0.006766664795577526, 0.0005615993868559599]
--
--
  ResConv 1:  [0.00042043617577292025, 3.539683893905021e-05, -0.0075052110478281975, 0.00023937461082823575]
  ResConv 2:  [0.0003920046437997371, 2.0810159185202792e-05, -0.00706558907404542, -4.921787331113592e-05]
  ResConv 3:  [0.00037667571450583637, -0.00010483367077540606, -0.006766665261238813, 0.0005615992704406381]
--
--
  ResConv 1:  [0.0004204361466690898, 3.539684257702902e-05, -0.0075052110478281975, 0.0002393745817244053]
  ResConv 2:  [0.00039200467290356755, 2.08101628231816e-05, -0.00706558907404542, -4.921787331113592e-05]
  ResConv 3:  [0.00037667571450583637, -0.00010483367077540606, -0.006766665261238813, 0.0005615992704406381]
--
--
  ResConv 1:  [0.00042043617577292025, 3.539684621500783e-05, -0.0075052110478281975, 0.00023937461082823575]
  ResConv 2:  [0.0003920046437997371, 2.081016828014981e-05, -0.00706558907404542, -4.9217851483263075e-05]
  ResConv 3:  [0.00037667571450583637, -0.00010483365622349083, -0.006766664795577526, 0.000561599328648299]
--
--
  ResConv 1:  [0.00042043617577292025, 3.539684621500783e-05, -0.0075052110478281975, 0.00023937461082823575]
  ResConv 2:  [0.0003920046437997371, 2.0810170099139214e-05, -0.00706558907404542, -4.921785512124188e-05]
  ResConv 3:  [0.00037667571450583637, -0.00010483365622349083, -0.006766664795577526, 0.0005615992704406381]
--
--
  ResConv 1:  [0.0004735367256216705, 2.247385600639973e-05, -0.007199416868388653, 0.0001545314589748159]
  ResConv 2:  [0.0004391745023895055, 8.318677828356158e-06, -0.0067785209976136684, -0.00011595046817092225]
  ResConv 3:  [0.0004298186977393925, -0.00011005048145307228, -0.00649392232298851, 0.0004634029173757881]
--
--
  ResConv 1:  [0.00047353669651784003, 2.2473859644378535e-05, -0.007199416868388653, 0.00015453141531907022]
  ResConv 2:  [0.0004391745023895055, 8.31868419481907e-06, -0.006778520066291094, -0.00011595048999879509]
  ResConv 3:  [0.0004298186977393925, -0.00011005047417711467, -0.00649392232298851, 0.00046340288827195764]
--
--
  ResConv 1:  [0.0004735367256216705, 2.2473859644378535e-05, -0.007199416868388653, 0.00015453144442290068]
  ResConv 2:  [0.0004391745023895055, 8.31868419481907e-06, -0.0067785209976136684, -0.00011595050455071032]
  ResConv 3:  [0.0004298186977393925, -0.00011005048145307228, -0.00649392232298851, 0.00046340288827195764]
--
--
  ResConv 1:  [0.0004735367256216705, 2.2473859644378535e-05, -0.007199416868388653, 0.00015453144442290068]
  ResConv 2:  [0.0004391745023895055, 8.318683285324369e-06, -0.006778520066291094, -0.00011595047544687986]
  ResConv 3:  [0.0004298186977393925, -0.00011005047417711467, -0.00649392232298851, 0.0004634029173757881]
--
--
  ResConv 1:  [0.00047353666741400957, 2.2473863282357343e-05, -0.007199416868388653, 0.00015453147352673113]
  ResConv 2:  [0.00043917447328567505, 8.318686923303176e-06, -0.006778520066291094, -0.00011595047544687986]
  ResConv 3:  [0.00042981866863556206, -0.00011005046690115705, -0.00649392232298851, 0.0004634029173757881]
--
--
  ResConv 1:  [0.0004978589131496847, 3.2029209251049906e-05, -0.00894113164395094, 0.00033771703601814806]
  ResConv 2:  [0.0004635157238226384, 1.3419156857708003e-05, -0.008415170013904572, -1.3878066965844482e-05]
  ResConv 3:  [0.00044377369340509176, -0.00014210474910214543, -0.008055143058300018, 0.0007266138563863933]
--
--
  ResConv 1:  [0.0004978589713573456, 3.2029209251049906e-05, -0.00894113164395094, 0.000337717094225809]
  ResConv 2:  [0.0004635157238226384, 1.3419157767202705e-05, -0.008415170013904572, -1.387803513352992e-05]
  ResConv 3:  [0.0004437737225089222, -0.00014210474910214543, -0.008055143058300018, 0.0007266138563863933]
--
--
  ResConv 1:  [0.0004978589131496847, 3.202921652700752e-05, -0.00894113164395094, 0.00033771703601814806]
  ResConv 2:  [0.00046351569471880794, 1.3419162314676214e-05, -0.008415170013904572, -1.3878039681003429e-05]
  ResConv 3:  [0.00044377369340509176, -0.00014210474910214543, -0.008055143058300018, 0.0007266138563863933]
--
--
  ResConv 1:  [0.0004978589131496847, 3.2029209251049906e-05, -0.00894113164395094, 0.00033771703601814806]
  ResConv 2:  [0.0004635157238226384, 1.3419157767202705e-05, -0.008415170013904572, -1.3878062418370973e-05]
  ResConv 3:  [0.00044377369340509176, -0.00014210474910214543, -0.008055143058300018, 0.0007266138563863933]
--
--
  ResConv 1:  [0.0004978589131496847, 3.2029209251049906e-05, -0.00894113164395094, 0.0003377170069143176]
  ResConv 2:  [0.00046351569471880794, 1.3419157767202705e-05, -0.008415170013904572, -1.3878062418370973e-05]
  ResConv 3:  [0.00044377369340509176, -0.00014210474910214543, -0.008055143058300018, 0.0007266139145940542]
--
--
  ResConv 1:  [0.0005751696298830211, 3.859421849483624e-05, -0.008828630670905113, 0.0005465932772494853]
  ResConv 2:  [0.0005429605953395367, 2.0895686247968115e-05, -0.008306728675961494, 0.00019457426969893277]
  ResConv 3:  [0.0005232836119830608, -0.00012873332889284939, -0.007953369058668613, 0.0009169813129119575]
--
--
  ResConv 1:  [0.0005751696298830211, 3.859421849483624e-05, -0.008828630670905113, 0.0005465932772494853]
  ResConv 2:  [0.0005429606535471976, 2.0895689885946922e-05, -0.008306728675961494, 0.000194574284250848]
  ResConv 3:  [0.0005232836119830608, -0.00012873331434093416, -0.007953368127346039, 0.0009169811964966357]
--
--
  ResConv 1:  [0.0005751696298830211, 3.859421121887863e-05, -0.008828630670905113, 0.0005465932772494853]
  ResConv 2:  [0.0005429605953395367, 2.0895680790999904e-05, -0.008306728675961494, 0.0001945742405951023]
  ResConv 3:  [0.0005232836119830608, -0.00012873332889284939, -0.007953369058668613, 0.0009169813129119575]
--
--
  ResConv 1:  [0.0005751696298830211, 3.859421121887863e-05, -0.008828630670905113, 0.0005465932772494853]
  ResConv 2:  [0.0005429605953395367, 2.0895680790999904e-05, -0.008306728675961494, 0.00019457426969893277]
  ResConv 3:  [0.0005232836119830608, -0.00012873332889284939, -0.007953369058668613, 0.0009169813129119575]
--
--
  ResConv 1:  [0.0005751696298830211, 3.859421121887863e-05, -0.008828629739582539, 0.0005465932772494853]
  ResConv 2:  [0.0005429605953395367, 2.08956789720105e-05, -0.008306728675961494, 0.0001945742405951023]
  ResConv 3:  [0.0005232836119830608, -0.00012873332889284939, -0.007953369058668613, 0.0009169813129119575]
--
--
  ResConv 1:  [0.0005229425150901079, 1.2655610817091656e-06, -0.00908984150737524, 0.0006496058194898069]
  ResConv 2:  [0.000485480937641114, -1.8467519112164155e-05, -0.008551329374313354, 0.00028151963488198817]
  ResConv 3:  [0.0004596658982336521, -0.00017635684343986213, -0.008181516081094742, 0.0010347357019782066]
--
--
  ResConv 1:  [0.0005229425150901079, 1.265560058527626e-06, -0.00908984150737524, 0.0006496058194898069]
  ResConv 2:  [0.00048548096674494445, -1.8467520931153558e-05, -0.008551329374313354, 0.00028151963488198817]
  ResConv 3:  [0.0004596658982336521, -0.0001763568725436926, -0.008181516081094742, 0.0010347358183935285]
--
--
  ResConv 1:  [0.0005229425150901079, 1.2655716545850737e-06, -0.00908984150737524, 0.0006496058194898069]
  ResConv 2:  [0.00048548096674494445, -1.846751183620654e-05, -0.008551329374313354, 0.0002815196057781577]
  ResConv 3:  [0.0004596658982336521, -0.00017635685799177736, -0.008181516081094742, 0.0010347357019782066]
--
--
  ResConv 1:  [0.0005229425150901079, 1.2655771115532843e-06, -0.00908984150737524, 0.0006496059359051287]
  ResConv 2:  [0.00048548096674494445, -1.8467510017217137e-05, -0.008551329374313354, 0.00028151963488198817]
  ResConv 3:  [0.0004596658982336521, -0.00017635684343986213, -0.008181516081094742, 0.0010347358183935285]
--
--
  ResConv 1:  [0.0005229425732977688, 1.2655688124141307e-06, -0.00908984150737524, 0.0006496058194898069]
  ResConv 2:  [0.00048548096674494445, -1.8467513655195944e-05, -0.008551329374313354, 0.00028151963488198817]
  ResConv 3:  [0.00045966592733748257, -0.00017635685799177736, -0.008181516081094742, 0.0010347357019782066]
--
--
  ResConv 1:  [0.0004845079383812845, -5.620882075163536e-05, -0.01007935218513012, 0.0007437855820171535]
  ResConv 2:  [0.00045379757648333907, -7.750641088932753e-05, -0.00947966706007719, 0.00033503802842460573]
  ResConv 3:  [0.0004272017686162144, -0.0002525485760997981, -0.009070907719433308, 0.0011691536055877805]
--
--
  ResConv 1:  [0.00048450796748511493, -5.620882075163536e-05, -0.01007935218513012, 0.0007437855820171535]
  ResConv 2:  [0.00045379760558716953, -7.75063963374123e-05, -0.00947966706007719, 0.00033503802842460573]
  ResConv 3:  [0.00042720179772004485, -0.0002525485760997981, -0.009070907719433308, 0.0011691537220031023]
--
--
  ResConv 1:  [0.0004845079383812845, -5.620882075163536e-05, -0.01007935218513012, 0.0007437855820171535]
  ResConv 2:  [0.00045379760558716953, -7.75063963374123e-05, -0.00947966706007719, 0.00033503802842460573]
  ResConv 3:  [0.00042720179772004485, -0.0002525485760997981, -0.009070907719433308, 0.0011691537220031023]
--
--
  ResConv 1:  [0.0004845079383812845, -5.620883894152939e-05, -0.01007935218513012, 0.0007437855820171535]
  ResConv 2:  [0.00045379760558716953, -7.750641088932753e-05, -0.00947966706007719, 0.00033503799932077527]
  ResConv 3:  [0.00042720179772004485, -0.0002525485760997981, -0.009070907719433308, 0.0011691537220031023]
--
--
  ResConv 1:  [0.00048450796748511493, -5.62088425795082e-05, -0.01007935218513012, 0.0007437855820171535]
  ResConv 2:  [0.000453797634691, -7.750641816528514e-05, -0.00947966706007719, 0.00033503802842460573]
  ResConv 3:  [0.00042720179772004485, -0.0002525485760997981, -0.009070907719433308, 0.0011691537220031023]
--
--
  ResConv 1:  [0.0004862774512730539, -3.0741296086489456e-06, -0.008596894331276417, 0.0005009497981518507]
  ResConv 2:  [0.0004575153870973736, -2.2503483705804683e-05, -0.008089426904916763, 0.00016195150965359062]
  ResConv 3:  [0.0004370348760858178, -0.00016574545588809997, -0.007749169133603573, 0.0008578993729315698]
--
--
  ResConv 1:  [0.0004862774512730539, -3.0741450700588757e-06, -0.008596894331276417, 0.0005009497981518507]
  ResConv 2:  [0.00045751541620120406, -2.2503494619741105e-05, -0.008089426904916763, 0.0001619514514459297]
  ResConv 3:  [0.00043703484698198736, -0.00016574545588809997, -0.007749169133603573, 0.0008578993729315698]
--
--
  ResConv 1:  [0.0004862774512730539, -3.074124151680735e-06, -0.008596894331276417, 0.0005009497981518507]
  ResConv 2:  [0.00045751541620120406, -2.250348188681528e-05, -0.008089426904916763, 0.00016195148054976016]
  ResConv 3:  [0.0004370348760858178, -0.0001657454267842695, -0.007749169133603573, 0.0008578994893468916]
--
--
  ResConv 1:  [0.0004862774512730539, -3.0741382488486124e-06, -0.008596895262598991, 0.0005009498563595116]
  ResConv 2:  [0.0004575154453050345, -2.2503490981762297e-05, -0.008089426904916763, 0.00016195152420550585]
  ResConv 3:  [0.0004370348760858178, -0.00016574545588809997, -0.007749169133603573, 0.0008578994893468916]
--
--
  ResConv 1:  [0.00048627742216922343, -3.074135975111858e-06, -0.008596894331276417, 0.0005009497981518507]
  ResConv 2:  [0.00045751541620120406, -2.2503494619741105e-05, -0.008089426904916763, 0.00016195150965359062]
  ResConv 3:  [0.0004370348760858178, -0.00016574545588809997, -0.007749169133603573, 0.0008578993729315698]
--
--
  ResConv 1:  [0.0004857029998674989, 6.273573376347485e-07, -0.008264914155006409, 0.00035971321631222963]
  ResConv 2:  [0.00044698812416754663, -1.5580666513415053e-05, -0.007780993357300758, 3.397824548301287e-05]
  ResConv 3:  [0.0004239932168275118, -0.00015440442075487226, -0.007450571749359369, 0.0007065656245686114]
--
--
  ResConv 1:  [0.0004857029998674989, 6.273555754887639e-07, -0.008264914155006409, 0.0003597131581045687]
  ResConv 2:  [0.00044698812416754663, -1.558067015139386e-05, -0.007780993357300758, 3.3978227293118834e-05]
  ResConv 3:  [0.0004239932168275118, -0.00015440442075487226, -0.007450571749359369, 0.0007065656245686114]
--
--
  ResConv 1:  [0.0004857029998674989, 6.273456278904632e-07, -0.008264914155006409, 0.0003597131872083992]
  ResConv 2:  [0.0004469880950637162, -1.558067560836207e-05, -0.007780993357300758, 3.397824548301287e-05]
  ResConv 3:  [0.0004239932168275118, -0.00015440442075487226, -0.007450571749359369, 0.0007065656827762723]
--
--
  ResConv 1:  [0.00048570294165983796, 6.273572239479108e-07, -0.008264914155006409, 0.00035971321631222963]
  ResConv 2:  [0.0004469880659598857, -1.558066469442565e-05, -0.007780993357300758, 3.3978252758970484e-05]
  ResConv 3:  [0.0004239931586198509, -0.00015440442075487226, -0.007450571749359369, 0.0007065656245686114]
--
--
  ResConv 1:  [0.00048570294165983796, 6.273459121075575e-07, -0.008264914155006409, 0.0003597131872083992]
  ResConv 2:  [0.0004469880659598857, -1.5580677427351475e-05, -0.007780993357300758, 3.397823093109764e-05]
  ResConv 3:  [0.0004239931586198509, -0.00015440444985870272, -0.007450571749359369, 0.0007065656245686114]
--
--
  ResConv 1:  [0.0005453007179312408, -9.452565427636728e-05, -0.010478443466126919, 0.0013835919089615345]
  ResConv 2:  [0.0005085486336611211, -0.00012016732944175601, -0.0098445825278759, 0.000931310118176043]
  ResConv 3:  [0.0004698356206063181, -0.0002970293571706861, -0.009418395347893238, 0.0017857304774224758]
--
--
  ResConv 1:  [0.0005453007179312408, -9.452563244849443e-05, -0.010478443466126919, 0.0013835920253768563]
  ResConv 2:  [0.000508548691868782, -0.00012016730761388317, -0.0098445825278759, 0.0009313102345913649]
  ResConv 3:  [0.0004698356206063181, -0.0002970293571706861, -0.009418395347893238, 0.0017857304774224758]
--
--
  ResConv 1:  [0.0005453007179312408, -9.452565427636728e-05, -0.010478443466126919, 0.0013835919089615345]
  ResConv 2:  [0.000508548691868782, -0.0001201673221657984, -0.0098445825278759, 0.000931310118176043]
  ResConv 3:  [0.0004698356206063181, -0.0002970293571706861, -0.009418395347893238, 0.0017857307102531195]
--
--
  ResConv 1:  [0.0005453007761389017, -9.452565427636728e-05, -0.010478443466126919, 0.0013835920253768563]
  ResConv 2:  [0.000508548750076443, -0.0001201673221657984, -0.0098445825278759, 0.0009313102345913649]
  ResConv 3:  [0.0004698356206063181, -0.0002970293862745166, -0.009418395347893238, 0.0017857307102531195]
--
--
  ResConv 1:  [0.0005453007179312408, -9.452565427636728e-05, -0.010478443466126919, 0.0013835919089615345]
  ResConv 2:  [0.0005085486336611211, -0.0001201673221657984, -0.0098445825278759, 0.0009313102345913649]
  ResConv 3:  [0.0004698355623986572, -0.0002970293571706861, -0.009418395347893238, 0.0017857307102531195]
--
--
  ResConv 1:  [0.00048728915862739086, 4.2136700358241796e-05, -0.007075073197484016, 0.00027150081587024033]
  ResConv 2:  [0.0004553945909719914, 2.7535508706932887e-05, -0.006657593883574009, 5.381465939535701e-07]
  ResConv 3:  [0.00043852452654391527, -8.991760842036456e-05, -0.006377318408340216, 0.0005708530661650002]
--
--
  ResConv 1:  [0.00048728915862739086, 4.213670763419941e-05, -0.007075073197484016, 0.00027150081587024033]
  ResConv 2:  [0.0004553946200758219, 2.7535512344911695e-05, -0.006657593883574009, 5.381681376093184e-07]
  ResConv 3:  [0.00043852452654391527, -8.991758659249172e-05, -0.006377318408340216, 0.0005708530661650002]
--
--
  ResConv 1:  [0.00048728915862739086, 4.213669308228418e-05, -0.007075073197484016, 0.00027150081587024033]
  ResConv 2:  [0.0004553946782834828, 2.753549961198587e-05, -0.006657593883574009, 5.381647838476056e-07]
  ResConv 3:  [0.00043852452654391527, -8.991760842036456e-05, -0.006377318408340216, 0.0005708530661650002]
--
--
  ResConv 1:  [0.0004872891295235604, 4.213668580632657e-05, -0.007075073197484016, 0.00027150081587024033]
  ResConv 2:  [0.0004553945909719914, 2.7535490517038852e-05, -0.006657593883574009, 5.381681376093184e-07]
  ResConv 3:  [0.00043852452654391527, -8.991761569632217e-05, -0.006377318408340216, 0.0005708530661650002]
--
--
  ResConv 1:  [0.0004872891295235604, 4.213669308228418e-05, -0.007075073197484016, 0.00027150081587024033]
  ResConv 2:  [0.0004553946200758219, 2.753549961198587e-05, -0.006657593883574009, 5.381559731176822e-07]
  ResConv 3:  [0.00043852452654391527, -8.991760842036456e-05, -0.006377318408340216, 0.0005708530661650002]
--
--
  ResConv 1:  [0.0004824562929570675, 6.611651042476296e-05, -0.007731215562671423, 0.0003220322250854224]
  ResConv 2:  [0.0004546702839434147, 5.003771002520807e-05, -0.00727643258869648, 2.4074872271739878e-05]
  ResConv 3:  [0.00044383297790773213, -7.923442899482325e-05, -0.006967335939407349, 0.0006501442985609174]
--
--
  ResConv 1:  [0.0004824562929570675, 6.611651042476296e-05, -0.007731216493993998, 0.0003220322250854224]
  ResConv 2:  [0.0004546702839434147, 5.003771366318688e-05, -0.00727643258869648, 2.4074885004665703e-05]
  ResConv 3:  [0.00044383294880390167, -7.923442171886563e-05, -0.006967335939407349, 0.0006501442985609174]
--
--
  ResConv 1:  [0.0004824563511647284, 6.611651042476296e-05, -0.007731215562671423, 0.0003220322250854224]
  ResConv 2:  [0.0004546703421510756, 5.003771002520807e-05, -0.00727643258869648, 2.407486317679286e-05]
  ResConv 3:  [0.00044383297790773213, -7.923442899482325e-05, -0.006967335939407349, 0.0006501442985609174]
--
--
  ResConv 1:  [0.0004824562929570675, 6.611651042476296e-05, -0.007731215562671423, 0.0003220322250854224]
  ResConv 2:  [0.0004546702839434147, 5.003771366318688e-05, -0.00727643258869648, 2.407488864264451e-05]
  ResConv 3:  [0.00044383297790773213, -7.923442171886563e-05, -0.006967335939407349, 0.0006501442985609174]
--
--
  ResConv 1:  [0.00048245626385323703, 6.611649587284774e-05, -0.007731215562671423, 0.00032203225418925285]
  ResConv 2:  [0.0004546702839434147, 5.003769911127165e-05, -0.00727643258869648, 2.4074903194559738e-05]
  ResConv 3:  [0.00044383294880390167, -7.923443627078086e-05, -0.006967335939407349, 0.0006501442985609174]
--
--
  ResConv 1:  [0.00039179588202387094, -4.581828761729412e-06, -0.007545832544565201, 0.0002490145561750978]
  ResConv 2:  [0.0003651764418464154, -1.9562548914109357e-05, -0.007104954216629267, -4.164620258961804e-05]
  ResConv 3:  [0.00034962105564773083, -0.00014707243826705962, -0.00680126715451479, 0.000574890524148941]
--
--
  ResConv 1:  [0.00039179588202387094, -4.5818296712241136e-06, -0.007545832544565201, 0.0002490145852789283]
  ResConv 2:  [0.0003651764418464154, -1.9562548914109357e-05, -0.007104954216629267, -4.1646188037702814e-05]
  ResConv 3:  [0.00034962105564773083, -0.00014707243826705962, -0.00680126715451479, 0.000574890524148941]
--
--
  ResConv 1:  [0.00039179588202387094, -4.581834673444973e-06, -0.007545832544565201, 0.0002490145561750978]
  ResConv 2:  [0.0003651764418464154, -1.9562558009056374e-05, -0.007104954216629267, -4.164619167568162e-05]
  ResConv 3:  [0.00034962105564773083, -0.00014707243826705962, -0.00680126715451479, 0.000574890524148941]
--
--
  ResConv 1:  [0.00039179588202387094, -4.581824214255903e-06, -0.007545832544565201, 0.0002490145852789283]
  ResConv 2:  [0.0003651764418464154, -1.9562547095119953e-05, -0.007104954216629267, -4.164618439972401e-05]
  ResConv 3:  [0.0003496210847515613, -0.00014707243826705962, -0.00680126715451479, 0.000574890524148941]
--
--
  ResConv 1:  [0.00039179588202387094, -4.581825123750605e-06, -0.007545832544565201, 0.0002490145561750978]
  ResConv 2:  [0.0003651764418464154, -1.9562543457141146e-05, -0.007104954216629267, -4.164619531366043e-05]
  ResConv 3:  [0.00034962105564773083, -0.00014707243826705962, -0.00680126715451479, 0.000574890524148941]
--
--
  ResConv 1:  [0.000420132651925087, 3.666501652332954e-05, -0.006496508605778217, 0.0003030716907233]
  ResConv 2:  [0.00039170635864138603, 2.4251601644209586e-05, -0.006112376227974892, 5.075819353805855e-05]
  ResConv 3:  [0.0003745483700186014, -8.282849012175575e-05, -0.005854254588484764, 0.0005741678178310394]
--
--
  ResConv 1:  [0.0004201326228212565, 3.6665012885350734e-05, -0.006496508605778217, 0.0003030716907233]
  ResConv 2:  [0.0003917063295375556, 2.4251601644209586e-05, -0.006112376227974892, 5.0758160796249285e-05]
  ResConv 3:  [0.0003745483700186014, -8.282848284579813e-05, -0.005854254588484764, 0.0005741677596233785]
--
--
  ResConv 1:  [0.00042013259371742606, 3.666501652332954e-05, -0.006496508605778217, 0.00030307171982713044]
  ResConv 2:  [0.0003917063295375556, 2.4251607101177797e-05, -0.006112376227974892, 5.0758222641889006e-05]
  ResConv 3:  [0.0003745483700186014, -8.282848284579813e-05, -0.005854254588484764, 0.0005741678760387003]
--
--
  ResConv 1:  [0.0004201326228212565, 3.666500924737193e-05, -0.006496507674455643, 0.0003030716907233]
  ResConv 2:  [0.0003917063295375556, 2.4251601644209586e-05, -0.006112376227974892, 5.075817898614332e-05]
  ResConv 3:  [0.0003745483700186014, -8.282849012175575e-05, -0.005854254588484764, 0.0005741678178310394]
--
--
  ResConv 1:  [0.000420132651925087, 3.666502016130835e-05, -0.006496508605778217, 0.0003030716616194695]
  ResConv 2:  [0.0003917063295375556, 2.4251610739156604e-05, -0.006112376227974892, 5.07581680722069e-05]
  ResConv 3:  [0.0003745483700186014, -8.282848284579813e-05, -0.005854254588484764, 0.0005741678178310394]
--
--
  ResConv 1:  [0.0004917457699775696, 2.745064011833165e-05, -0.007892385125160217, 0.0003098115266766399]
  ResConv 2:  [0.00045212675468064845, 1.1647177416307386e-05, -0.007429979741573334, 3.2832006127136992e-06]
  ResConv 3:  [0.00043298571836203337, -0.00012309651356190443, -0.007111827377229929, 0.000650097499601543]
--
--
  ResConv 1:  [0.0004917457699775696, 2.7450634661363438e-05, -0.007892385125160217, 0.00030981155578047037]
  ResConv 2:  [0.00045212669647298753, 1.1647173778328579e-05, -0.007429979741573334, 3.283209707660717e-06]
  ResConv 3:  [0.00043298571836203337, -0.00012309652811381966, -0.007111827377229929, 0.000650097499601543]
--
--
  ResConv 1:  [0.0004917457699775696, 2.7450641937321052e-05, -0.007892385125160217, 0.0003098115266766399]
  ResConv 2:  [0.00045212675468064845, 1.1647181054286193e-05, -0.007429979741573334, 3.2832083434186643e-06]
  ResConv 3:  [0.00043298571836203337, -0.00012309652811381966, -0.007111827377229929, 0.000650097441393882]
--
--
  ResConv 1:  [0.0004917457699775696, 2.7450638299342245e-05, -0.007892385125160217, 0.00030981155578047037]
  ResConv 2:  [0.00045212675468064845, 1.1647177416307386e-05, -0.007429979741573334, 3.2832131182658486e-06]
  ResConv 3:  [0.00043298571836203337, -0.00012309652811381966, -0.007111827377229929, 0.000650097499601543]
--
--
  ResConv 1:  [0.0004917457699775696, 2.745063648035284e-05, -0.007892385125160217, 0.00030981155578047037]
  ResConv 2:  [0.00045212669647298753, 1.1647177416307386e-05, -0.007429980207234621, 3.2832110719027696e-06]
  ResConv 3:  [0.00043298571836203337, -0.00012309652811381966, -0.007111827377229929, 0.000650097499601543]
--
--
  ResConv 1:  [0.0003123930364381522, 3.536094300216064e-05, -0.006305243819952011, 0.00027002382557839155]
  ResConv 2:  [0.00029090215684846044, 2.2827867724117823e-05, -0.005933701992034912, 2.376211887167301e-05]
  ResConv 3:  [0.00028033211128786206, -8.459827222395688e-05, -0.005678064189851284, 0.0005405506235547364]
--
--
  ResConv 1:  [0.0003123930364381522, 3.536095027811825e-05, -0.006305244751274586, 0.000270023854682222]
  ResConv 2:  [0.00029090221505612135, 2.282787136209663e-05, -0.005933701992034912, 2.3762127966620028e-05]
  ResConv 3:  [0.0002803321403916925, -8.459827222395688e-05, -0.005678064189851284, 0.0005405506235547364]
--
--
  ResConv 1:  [0.0003123930364381522, 3.5360946640139446e-05, -0.006305243819952011, 0.000270023854682222]
  ResConv 2:  [0.00029090221505612135, 2.2827869543107226e-05, -0.005933701992034912, 2.3762117052683607e-05]
  ResConv 3:  [0.000280332169495523, -8.459827222395688e-05, -0.005678064189851284, 0.0005405506235547364]
--
--
  ResConv 1:  [0.0003123930364381522, 3.5360946640139446e-05, -0.006305243819952011, 0.00027002382557839155]
  ResConv 2:  [0.00029090215684846044, 2.282787136209663e-05, -0.005933701992034912, 2.3762106138747185e-05]
  ResConv 3:  [0.0002803321403916925, -8.459827222395688e-05, -0.005678064189851284, 0.0005405506235547364]
--
--
  ResConv 1:  [0.0003123930364381522, 3.536095027811825e-05, -0.006305244751274586, 0.000270023854682222]
  ResConv 2:  [0.0002909021859522909, 2.2827869543107226e-05, -0.005933701992034912, 2.3762117052683607e-05]
  ResConv 3:  [0.0002803321403916925, -8.459827222395688e-05, -0.005678064189851284, 0.0005405506235547364]
--
--
  ResConv 1:  [0.00044947053538635373, 1.635420812817756e-05, -0.011330405250191689, 0.0008035227074287832]
  ResConv 2:  [0.0004128096916247159, -9.40299651119858e-06, -0.01066149678081274, 0.00034350628266111016]
  ResConv 3:  [0.00038384884828701615, -0.0002040828694589436, -0.010209421627223492, 0.001274470123462379]
--
--
  ResConv 1:  [0.00044947059359401464, 1.6354200852219947e-05, -0.011330405250191689, 0.0008035227074287832]
  ResConv 2:  [0.0004128097789362073, -9.403010153619107e-06, -0.010661495849490166, 0.00034350628266111016]
  ResConv 3:  [0.0003838489355985075, -0.0002040828694589436, -0.010209422558546066, 0.0012744700070470572]
--
--
  ResConv 1:  [0.0004494706226978451, 1.6354229956050403e-05, -0.011330405250191689, 0.0008035227074287832]
  ResConv 2:  [0.0004128097789362073, -9.402976502315141e-06, -0.01066149678081274, 0.00034350628266111016]
  ResConv 3:  [0.0003838489355985075, -0.00020408285490702838, -0.010209421627223492, 0.0012744700070470572]
--
--
  ResConv 1:  [0.00044947059359401464, 1.635418266232591e-05, -0.011330405250191689, 0.0008035227074287832]
  ResConv 2:  [0.0004128097207285464, -9.40301652008202e-06, -0.01066149678081274, 0.0003435063117649406]
  ResConv 3:  [0.0003838488773908466, -0.0002040829131146893, -0.010209422558546066, 0.0012744700070470572]
--
--
  ResConv 1:  [0.00044947059359401464, 1.635419175727293e-05, -0.011330405250191689, 0.0008035226492211223]
  ResConv 2:  [0.00041280974983237684, -9.403015610587317e-06, -0.01066149678081274, 0.0003435062535572797]
  ResConv 3:  [0.0003838488773908466, -0.0002040829131146893, -0.010209422558546066, 0.0012744700070470572]
--
--
  ResConv 1:  [0.0006382204010151327, 1.7312275303993374e-05, -0.007517004851251841, 0.00035200323327444494]
  ResConv 2:  [0.0005985976313240826, 2.402616928520729e-06, -0.007075025700032711, 5.709309334633872e-05]
  ResConv 3:  [0.0005774550372734666, -0.00012205985694890842, -0.006776446010917425, 0.0006622116779908538]
--
--
  ResConv 1:  [0.0006382204010151327, 1.731229349388741e-05, -0.007517004851251841, 0.00035200323327444494]
  ResConv 2:  [0.0005985976313240826, 2.4026367100304924e-06, -0.007075025700032711, 5.709310789825395e-05]
  ResConv 3:  [0.0005774550372734666, -0.00012205983512103558, -0.00677644694224, 0.0006622116779908538]
--
--
  ResConv 1:  [0.0006382203428074718, 1.7312280760961585e-05, -0.007517004851251841, 0.00035200323327444494]
  ResConv 2:  [0.0005985976313240826, 2.4026235223573167e-06, -0.007075025700032711, 5.709311517421156e-05]
  ResConv 3:  [0.0005774550372734666, -0.00012205985694890842, -0.006776446010917425, 0.0006622116779908538]
--
--
  ResConv 1:  [0.0006382204010151327, 1.7312286217929795e-05, -0.007517004851251841, 0.00035200323327444494]
  ResConv 2:  [0.0005985976313240826, 2.4026312530622818e-06, -0.007075025700032711, 5.7093096984317526e-05]
  ResConv 3:  [0.0005774550372734666, -0.00012205984239699319, -0.006776446010917425, 0.0006622116779908538]
--
--
  ResConv 1:  [0.0006382204010151327, 1.7312289855908602e-05, -0.007517004851251841, 0.00035200323327444494]
  ResConv 2:  [0.0005985976313240826, 2.4026321625569835e-06, -0.007075025700032711, 5.709311881219037e-05]
  ResConv 3:  [0.0005774550372734666, -0.00012205983512103558, -0.00677644694224, 0.0006622117361985147]
--
--
  ResConv 1:  [0.0004781467141583562, 4.368581357994117e-05, -0.007378701586276293, 0.00028722669230774045]
  ResConv 2:  [0.0004468167608138174, 2.8844448024756275e-05, -0.0069421143271028996, -2.049751174126868e-06]
  ResConv 3:  [0.0004291058867238462, -9.67025407589972e-05, -0.006644177250564098, 0.0006042768363840878]
--
--
  ResConv 1:  [0.0004781467141583562, 4.368582449387759e-05, -0.007378701586276293, 0.00028722669230774045]
  ResConv 2:  [0.0004468167608138174, 2.8844453481724486e-05, -0.0069421143271028996, -2.0497486730164383e-06]
  ResConv 3:  [0.0004291058867238462, -9.67025407589972e-05, -0.006644177250564098, 0.0006042768363840878]
--
--
  ResConv 1:  [0.00047814668505452573, 4.368582449387759e-05, -0.007378701586276293, 0.00028722669230774045]
  ResConv 2:  [0.0004468167317099869, 2.8844448024756275e-05, -0.0069421143271028996, -2.04973161999078e-06]
  ResConv 3:  [0.0004291058867238462, -9.67025407589972e-05, -0.006644177250564098, 0.0006042768363840878]
--
--
  ResConv 1:  [0.0004781467141583562, 4.3685806303983554e-05, -0.007378701586276293, 0.00028722675051540136]
  ResConv 2:  [0.0004468167608138174, 2.884443529183045e-05, -0.0069421143271028996, -2.049725026154192e-06]
  ResConv 3:  [0.0004291058867238462, -9.670255531091243e-05, -0.006644177250564098, 0.0006042768363840878]
--
--
  ResConv 1:  [0.0004781467141583562, 4.368582449387759e-05, -0.007378701586276293, 0.0002872267214115709]
  ResConv 2:  [0.0004468167608138174, 2.8844457119703293e-05, -0.0069421143271028996, -2.0497391233220696e-06]
  ResConv 3:  [0.0004291058867238462, -9.67025407589972e-05, -0.006644177250564098, 0.0006042768363840878]
--
--
  ResConv 1:  [0.0002661559556145221, 3.442990418989211e-05, -0.00836982112377882, 0.00036457920214161277]
  ResConv 2:  [0.00024327976279892027, 1.743483153404668e-05, -0.007878214120864868, 3.816763637587428e-05]
  ResConv 3:  [0.00022923438518773764, -0.00012647885887417942, -0.007542328909039497, 0.0007252977229654789]
--
--
  ResConv 1:  [0.0002661559556145221, 3.442992237978615e-05, -0.00836982112377882, 0.00036457914393395185]
  ResConv 2:  [0.00024327974824700505, 1.7434849723940715e-05, -0.007878214120864868, 3.816759999608621e-05]
  ResConv 3:  [0.00022923437063582242, -0.0001264788443222642, -0.007542328909039497, 0.0007252977229654789]
--
--
  ResConv 1:  [0.0002661559556145221, 3.4429915103828534e-05, -0.00836982112377882, 0.0003645792312454432]
  ResConv 2:  [0.00024327973369508982, 1.74348424479831e-05, -0.007878214120864868, 3.816762909991667e-05]
  ResConv 3:  [0.00022923437063582242, -0.0001264788443222642, -0.007542328909039497, 0.0007252977811731398]
--
--
  ResConv 1:  [0.0002661559556145221, 3.442992237978615e-05, -0.00836982112377882, 0.00036457920214161277]
  ResConv 2:  [0.00024327976279892027, 1.7434849723940715e-05, -0.007878214120864868, 3.8167618185980245e-05]
  ResConv 3:  [0.00022923437063582242, -0.00012647882977034897, -0.007542328909039497, 0.0007252977811731398]
--
--
  ResConv 1:  [0.0002661559556145221, 3.4429926017764956e-05, -0.00836982112377882, 0.0003645792312454432]
  ResConv 2:  [0.00024327976279892027, 1.7434849723940715e-05, -0.007878214120864868, 3.8167643651831895e-05]
  ResConv 3:  [0.00022923438518773764, -0.0001264788443222642, -0.007542328909039497, 0.0007252977811731398]
--
--
  ResConv 1:  [0.0004433348076418042, 3.311363616376184e-05, -0.009764171205461025, 0.0010413865093141794]
  ResConv 2:  [0.0004062880761921406, 9.823003892961424e-06, -0.009172026067972183, 0.0006272427272051573]
  ResConv 3:  [0.0003737602091860026, -0.0001600561081431806, -0.00877260323613882, 0.0014413086464628577]
--
--
  ResConv 1:  [0.0004433348076418042, 3.311363616376184e-05, -0.009764171205461025, 0.0010413865093141794]
  ResConv 2:  [0.0004062880761921406, 9.823005711950827e-06, -0.009172026067972183, 0.0006272427272051573]
  ResConv 3:  [0.0003737602091860026, -0.00016005607903935015, -0.00877260323613882, 0.0014413086464628577]
--
--
  ResConv 1:  [0.00044333486584946513, 3.311364707769826e-05, -0.009764171205461025, 0.0010413865093141794]
  ResConv 2:  [0.0004062880761921406, 9.823012987908442e-06, -0.009172025136649609, 0.0006272427272051573]
  ResConv 3:  [0.0003737602091860026, -0.00016005607903935015, -0.00877260323613882, 0.0014413086464628577]
--
--
  ResConv 1:  [0.0004433348076418042, 3.311363616376184e-05, -0.009764171205461025, 0.0010413865093141794]
  ResConv 2:  [0.0004062880761921406, 9.82300662144553e-06, -0.009172026067972183, 0.0006272427272051573]
  ResConv 3:  [0.0003737602091860026, -0.00016005609359126538, -0.00877260323613882, 0.0014413086464628577]
--
--
  ResConv 1:  [0.00044333486584946513, 3.311363252578303e-05, -0.009764171205461025, 0.0010413865093141794]
  ResConv 2:  [0.0004062880761921406, 9.822999345487915e-06, -0.009172026067972183, 0.0006272427272051573]
  ResConv 3:  [0.0003737602091860026, -0.0001600561081431806, -0.00877260323613882, 0.0014413086464628577]
--
--
  ResConv 1:  [0.0005355703760869801, 1.1616684787441045e-05, -0.007576263044029474, 0.00035481693339534104]
  ResConv 2:  [0.0005027162260375917, -3.038979684788501e-06, -0.007131718099117279, 6.323652633000165e-05]
  ResConv 3:  [0.0004830903490073979, -0.0001301084121223539, -0.006828838028013706, 0.0006755689973942935]
--
--
  ResConv 1:  [0.0005355703178793192, 1.1616684787441045e-05, -0.007576263044029474, 0.00035481693339534104]
  ResConv 2:  [0.0005027161678299308, -3.0389830953936325e-06, -0.007131718099117279, 6.323651905404404e-05]
  ResConv 3:  [0.000483090290799737, -0.0001301084121223539, -0.006828838028013706, 0.0006755689973942935]
--
--
  ResConv 1:  [0.0005355703178793192, 1.1616686606430449e-05, -0.007576263044029474, 0.00035481693339534104]
  ResConv 2:  [0.0005027161678299308, -3.0389810490305535e-06, -0.007131718099117279, 6.323653360595927e-05]
  ResConv 3:  [0.000483090290799737, -0.00013010839757043868, -0.006828838028013706, 0.0006755689973942935]
--
--
  ResConv 1:  [0.0005355703178793192, 1.1616690244409256e-05, -0.007576263044029474, 0.00035481693339534104]
  ResConv 2:  [0.0005027161678299308, -3.0389765015570447e-06, -0.007131718099117279, 6.323654088191688e-05]
  ResConv 3:  [0.000483090290799737, -0.00013010839757043868, -0.006828838028013706, 0.0006755689973942935]
--
--
  ResConv 1:  [0.0005355703178793192, 1.1616679330472834e-05, -0.007576263044029474, 0.00035481693339534104]
  ResConv 2:  [0.0005027161678299308, -3.0389855965040624e-06, -0.007131718099117279, 6.323651177808642e-05]
  ResConv 3:  [0.000483090290799737, -0.0001301084121223539, -0.006828838028013706, 0.0006755689973942935]
--
--
  ResConv 1:  [0.00033223105128854513, 4.4975608034292236e-05, -0.007897883653640747, 0.0005572037189267576]
  ResConv 2:  [0.0003065112978219986, 2.782198862405494e-05, -0.007425903342664242, 0.00023869355209171772]
  ResConv 3:  [0.0002874609490390867, -0.00011051617184421048, -0.007102154660969973, 0.0008958201506175101]
--
--
  ResConv 1:  [0.00033223105128854513, 4.4975608034292236e-05, -0.007897883653640747, 0.0005572037189267576]
  ResConv 2:  [0.0003065113560296595, 2.7821990443044342e-05, -0.007425903342664242, 0.00023869355209171772]
  ResConv 3:  [0.0002874609490390867, -0.00011051617184421048, -0.00710215512663126, 0.0008958201506175101]
--
--
  ResConv 1:  [0.00033223105128854513, 4.4975608034292236e-05, -0.007897883653640747, 0.0005572037771344185]
  ResConv 2:  [0.0003065113560296595, 2.7821986805065535e-05, -0.007425903342664242, 0.00023869356664363295]
  ResConv 3:  [0.0002874609490390867, -0.0001105161863961257, -0.00710215512663126, 0.0008958202670328319]
--
--
  ResConv 1:  [0.0003322310803923756, 4.497561167227104e-05, -0.007897883653640747, 0.0005572037189267576]
  ResConv 2:  [0.0003065113560296595, 2.7821995900012553e-05, -0.007425903342664242, 0.00023869355209171772]
  ResConv 3:  [0.00028746097814291716, -0.00011051617184421048, -0.00710215512663126, 0.0008958202670328319]
--
--
  ResConv 1:  [0.00033223105128854513, 4.4975608034292236e-05, -0.007897883653640747, 0.0005572037771344185]
  ResConv 2:  [0.0003065113560296595, 2.7821986805065535e-05, -0.007425903342664242, 0.0002386935375398025]
  ResConv 3:  [0.0002874609490390867, -0.00011051619367208332, -0.00710215512663126, 0.0008958201506175101]
--
--
  ResConv 1:  [0.0004182698321528733, -4.071372586622601e-06, -0.008226814679801464, 0.00041758271981962025]
  ResConv 2:  [0.0003882615128532052, -2.1179463146836497e-05, -0.007741972804069519, 9.532135300105438e-05]
  ResConv 3:  [0.00037089354009367526, -0.00016233231872320175, -0.007410664577037096, 0.0007720477879047394]
--
--
  ResConv 1:  [0.00041826986125670373, -4.071376679348759e-06, -0.008226814679801464, 0.00041758271981962025]
  ResConv 2:  [0.0003882615128532052, -2.1179466784815304e-05, -0.007741972804069519, 9.532135300105438e-05]
  ResConv 3:  [0.00037089354009367526, -0.00016233231872320175, -0.007410665508359671, 0.0007720477296970785]
--
--
  ResConv 1:  [0.00041826986125670373, -4.071371222380549e-06, -0.008226814679801464, 0.0004175827489234507]
  ResConv 2:  [0.0003882615128532052, -2.1179461327847093e-05, -0.007741972804069519, 9.532134572509676e-05]
  ResConv 3:  [0.0003708935109898448, -0.00016233231872320175, -0.007410665508359671, 0.0007720477879047394]
--
--
  ResConv 1:  [0.0004182698321528733, -4.071374860359356e-06, -0.008226814679801464, 0.0004175827489234507]
  ResConv 2:  [0.0003882614546455443, -2.1179468603804708e-05, -0.007741972804069519, 9.532136027701199e-05]
  ResConv 3:  [0.0003708935109898448, -0.00016233231872320175, -0.007410664577037096, 0.0007720477879047394]
--
--
  ResConv 1:  [0.0004182698321528733, -4.071373496117303e-06, -0.008226814679801464, 0.00041758271981962025]
  ResConv 2:  [0.0003882615128532052, -2.1179466784815304e-05, -0.007741972804069519, 9.532133844913915e-05]
  ResConv 3:  [0.00037089354009367526, -0.00016233231872320175, -0.007410664577037096, 0.0007720477296970785]
--
--
  ResConv 1:  [0.0006181216449476779, 7.268806712090736e-06, -0.010293603874742985, 0.0009280559024773538]
  ResConv 2:  [0.0005739576881751418, -1.537501157145016e-05, -0.009679255075752735, 0.000506024865899235]
  ResConv 3:  [0.0005386292468756437, -0.00018953198741655797, -0.009266961365938187, 0.0013447519158944488]
--
--
  ResConv 1:  [0.0006181215867400169, 7.268816716532456e-06, -0.010293603874742985, 0.0009280558442696929]
  ResConv 2:  [0.0005739576881751418, -1.5375004295492545e-05, -0.009679255075752735, 0.000506024865899235]
  ResConv 3:  [0.0005386291886679828, -0.00018953198741655797, -0.009266961365938187, 0.0013447519158944488]
--
--
  ResConv 1:  [0.0006181215867400169, 7.2688017098698765e-06, -0.010293603874742985, 0.0009280559024773538]
  ResConv 2:  [0.0005739576881751418, -1.5375018847407773e-05, -0.009679255075752735, 0.000506024865899235]
  ResConv 3:  [0.0005386291886679828, -0.00018953201652038842, -0.009266961365938187, 0.0013447519158944488]
--
--
  ResConv 1:  [0.0006181215867400169, 7.268811714311596e-06, -0.010293603874742985, 0.0009280559024773538]
  ResConv 2:  [0.0005739576881751418, -1.537500611448195e-05, -0.009679255075752735, 0.000506024865899235]
  ResConv 3:  [0.0005386291886679828, -0.00018953198741655797, -0.009266961365938187, 0.0013447519158944488]
--
--
  ResConv 1:  [0.0006181216449476779, 7.268811714311596e-06, -0.010293603874742985, 0.000928055786062032]
  ResConv 2:  [0.0005739576881751418, -1.537501157145016e-05, -0.009679255075752735, 0.0005060248076915741]
  ResConv 3:  [0.0005386291886679828, -0.00018953198741655797, -0.009266961365938187, 0.0013447519158944488]
--
--
  ResConv 1:  [0.0003249601286370307, 3.077980363741517e-05, -0.007112731691449881, 0.00026780238840729]
  ResConv 2:  [0.00029756283038295805, 1.6808662621770054e-05, -0.006694120354950428, -5.611827418761095e-06]
  ResConv 3:  [0.00028338091215118766, -0.00010236145317321643, -0.006408540531992912, 0.0005734373116865754]
--
--
  ResConv 1:  [0.0003249601286370307, 3.0779796361457556e-05, -0.007112731691449881, 0.0002678024466149509]
  ResConv 2:  [0.0002975628012791276, 1.6808662621770054e-05, -0.006694120354950428, -5.611772849078989e-06]
  ResConv 3:  [0.0002833808830473572, -0.00010236145317321643, -0.006408540531992912, 0.0005734373116865754]
--
--
  ResConv 1:  [0.0003249601286370307, 3.077980727539398e-05, -0.007112731691449881, 0.00026780241751112044]
  ResConv 2:  [0.00029756283038295805, 1.680866625974886e-05, -0.006694120354950428, -5.611792857962428e-06]
  ResConv 3:  [0.00028338091215118766, -0.00010236144589725882, -0.006408540531992912, 0.0005734373116865754]
--
--
  ResConv 1:  [0.0003249601286370307, 3.077980363741517e-05, -0.007112731691449881, 0.00026780238840729]
  ResConv 2:  [0.00029756283038295805, 1.680866625974886e-05, -0.006694120354950428, -5.611826964013744e-06]
  ResConv 3:  [0.0002833808830473572, -0.00010236144589725882, -0.006408540531992912, 0.0005734371952712536]
--
--
  ResConv 1:  [0.00032496009953320026, 3.0779796361457556e-05, -0.007112731691449881, 0.00026780241751112044]
  ResConv 2:  [0.0002975628012791276, 1.6808658983791247e-05, -0.006694120354950428, -5.611796041193884e-06]
  ResConv 3:  [0.0002833808830473572, -0.00010236145317321643, -0.0064085409976542, 0.0005734373116865754]
--
--
  ResConv 1:  [0.0003352319181431085, 5.8999758039135486e-05, -0.007921842858195305, 0.00036219306639395654]
  ResConv 2:  [0.0003136796585749835, 4.2484716686885804e-05, -0.007455590181052685, 5.133165177539922e-05]
  ResConv 3:  [0.00030040639103390276, -9.329035674454644e-05, -0.00713635329157114, 0.0007041538483463228]
--
--
  ResConv 1:  [0.0003352319181431085, 5.899975076317787e-05, -0.007921842858195305, 0.00036219306639395654]
  ResConv 2:  [0.00031367968767881393, 4.248470577294938e-05, -0.007455590181052685, 5.13316408614628e-05]
  ResConv 3:  [0.0003004064201377332, -9.329035674454644e-05, -0.00713635329157114, 0.0007041538483463228]
--
--
  ResConv 1:  [0.0003352319181431085, 5.8999758039135486e-05, -0.007921842858195305, 0.000362193095497787]
  ResConv 2:  [0.0003136796585749835, 4.248472396284342e-05, -0.007455590181052685, 5.133163358550519e-05]
  ResConv 3:  [0.00030040633282624185, -9.329034219263121e-05, -0.00713635329157114, 0.0007041538483463228]
--
--
  ResConv 1:  [0.0003352319181431085, 5.89997653150931e-05, -0.007921842858195305, 0.00036219306639395654]
  ResConv 2:  [0.0003136796585749835, 4.248472396284342e-05, -0.007455590181052685, 5.133163358550519e-05]
  ResConv 3:  [0.00030040639103390276, -9.329034219263121e-05, -0.007136352825909853, 0.0007041538483463228]
--
--
  ResConv 1:  [0.00033523188903927803, 5.899975440115668e-05, -0.007921842858195305, 0.00036219306639395654]
  ResConv 2:  [0.0003136796585749835, 4.2484716686885804e-05, -0.007455590181052685, 5.1331637223483995e-05]
  ResConv 3:  [0.00030040633282624185, -9.329034219263121e-05, -0.007136352825909853, 0.0007041538483463228]
--
--
  ResConv 1:  [0.00036684557562693954, 5.169762880541384e-05, -0.009587418287992477, 0.0004942427622154355]
  ResConv 2:  [0.00033951757359318435, 3.060765448026359e-05, -0.009022364392876625, 0.00011169100616825745]
  ResConv 3:  [0.00032274937257170677, -0.00013469062105286866, -0.00863970723003149, 0.0008995242533273995]
--
--
  ResConv 1:  [0.00036684557562693954, 5.169762880541384e-05, -0.009587419219315052, 0.0004942427040077746]
  ResConv 2:  [0.0003395175444893539, 3.0607650842284784e-05, -0.009022364392876625, 0.00011169096251251176]
  ResConv 3:  [0.0003227493434678763, -0.0001346906356047839, -0.008639708161354065, 0.0008995240787044168]
--
--
  ResConv 1:  [0.00036684557562693954, 5.169759606360458e-05, -0.009587418287992477, 0.0004942427040077746]
  ResConv 2:  [0.00033951757359318435, 3.060762173845433e-05, -0.009022364392876625, 0.00011169094796059653]
  ResConv 3:  [0.00032274937257170677, -0.00013469065015669912, -0.008639708161354065, 0.0008995241951197386]
--
--
  ResConv 1:  [0.00036684557562693954, 5.1697614253498614e-05, -0.009587419219315052, 0.0004942427040077746]
  ResConv 2:  [0.0003395175444893539, 3.060764720430598e-05, -0.009022364392876625, 0.0001116909334086813]
  ResConv 3:  [0.0003227493434678763, -0.00013469062105286866, -0.00863970723003149, 0.0008995240787044168]
--
--
  ResConv 1:  [0.00036684557562693954, 5.169760333956219e-05, -0.009587419219315052, 0.0004942427040077746]
  ResConv 2:  [0.00033951757359318435, 3.060762901441194e-05, -0.009022364392876625, 0.00011169094068463892]
  ResConv 3:  [0.00032274937257170677, -0.00013469065015669912, -0.00863970723003149, 0.0008995240787044168]
--
--
  ResConv 1:  [0.0004574125923682004, -6.70835652272217e-06, -0.007717824075371027, 0.0002914733486250043]
  ResConv 2:  [0.00042941211722791195, -2.1536010535783134e-05, -0.007268922869116068, -6.783620847272687e-06]
  ResConv 3:  [0.00041658992995508015, -0.0001522559323348105, -0.006960735190659761, 0.0006207338883541524]
--
--
  ResConv 1:  [0.00045741265057586133, -6.708362889185082e-06, -0.007717824075371027, 0.0002914733486250043]
  ResConv 2:  [0.00042941217543557286, -2.153601417376194e-05, -0.007268922869116068, -6.783609933336265e-06]
  ResConv 3:  [0.00041658998816274107, -0.0001522559323348105, -0.006960735190659761, 0.0006207338883541524]
--
--
  ResConv 1:  [0.00045741265057586133, -6.708364708174486e-06, -0.007717824075371027, 0.0002914733486250043]
  ResConv 2:  [0.00042941211722791195, -2.153601417376194e-05, -0.007268922869116068, -6.783614026062423e-06]
  ResConv 3:  [0.00041658998816274107, -0.0001522559323348105, -0.006960734259337187, 0.0006207338301464915]
--
--
  ResConv 1:  [0.0004574125923682004, -6.708359705953626e-06, -0.007717824075371027, 0.00029147331952117383]
  ResConv 2:  [0.00042941217543557286, -2.1536010535783134e-05, -0.007268923334777355, -6.783633125451161e-06]
  ResConv 3:  [0.0004165900172665715, -0.0001522559323348105, -0.006960734259337187, 0.0006207338301464915]
--
--
  ResConv 1:  [0.00045741256326436996, -6.708372438879451e-06, -0.007717824075371027, 0.00029147337772883475]
  ResConv 2:  [0.00042941211722791195, -2.1536025087698363e-05, -0.007268923334777355, -6.783604931115406e-06]
  ResConv 3:  [0.00041658992995508015, -0.0001522559323348105, -0.006960735190659761, 0.0006207338883541524]
--
--
  ResConv 1:  [0.0005196102429181337, 1.0974584256473463e-05, -0.010976733639836311, 0.0009035400580614805]
  ResConv 2:  [0.00048591408994980156, -1.3493717233359348e-05, -0.010325075127184391, 0.0004492858424782753]
  ResConv 3:  [0.0004589249147102237, -0.0001982252433663234, -0.00988771952688694, 0.0013447448145598173]
--
--
  ResConv 1:  [0.0005196102429181337, 1.0974599717883393e-05, -0.010976733639836311, 0.0009035400580614805]
  ResConv 2:  [0.0004859141481574625, -1.3493699043465313e-05, -0.010325075127184391, 0.0004492858424782753]
  ResConv 3:  [0.00045892494381405413, -0.00019822522881440818, -0.00988771952688694, 0.0013447445817291737]
--
--
  ResConv 1:  [0.0005196102429181337, 1.0974591532431077e-05, -0.010976733639836311, 0.0009035400580614805]
  ResConv 2:  [0.0004859141481574625, -1.3493707228917629e-05, -0.010325075127184391, 0.00044928587158210576]
  ResConv 3:  [0.00045892494381405413, -0.0001982252433663234, -0.00988771952688694, 0.0013447448145598173]
--
--
  ResConv 1:  [0.0005196102429181337, 1.097458789445227e-05, -0.010976733639836311, 0.0009035400580614805]
  ResConv 2:  [0.0004859141481574625, -1.3493715414369944e-05, -0.010325075127184391, 0.00044928587158210576]
  ResConv 3:  [0.00045892494381405413, -0.00019822522881440818, -0.00988771952688694, 0.0013447445817291737]
--
--
  ResConv 1:  [0.0005196102429181337, 1.09746033558622e-05, -0.010976733639836311, 0.0009035399998538196]
  ResConv 2:  [0.0004859141481574625, -1.3493700862454716e-05, -0.010325075127184391, 0.0004492858424782753]
  ResConv 3:  [0.00045892500202171504, -0.00019822522881440818, -0.00988771952688694, 0.0013447445817291737]
--
--
  ResConv 1:  [0.0003664691175799817, 1.014568806567695e-05, -0.007750933524221182, 0.00036000998807139695]
  ResConv 2:  [0.0003443814057391137, -5.574422175413929e-06, -0.007295706775039434, 5.315391899785027e-05]
  ResConv 3:  [0.0003299767558928579, -0.00013837953156325966, -0.006983182393014431, 0.000691531109623611]
--
--
  ResConv 1:  [0.00036646920489147305, 1.0145697160623968e-05, -0.007750933524221182, 0.0003600099589675665]
  ResConv 2:  [0.0003443814057391137, -5.574416263698367e-06, -0.007295706775039434, 5.315390808391385e-05]
  ResConv 3:  [0.0003299767558928579, -0.00013837951701134443, -0.006983181927353144, 0.000691531109623611]
--
--
  ResConv 1:  [0.0003664691175799817, 1.0145708074560389e-05, -0.007750933524221182, 0.0003600099589675665]
  ResConv 2:  [0.0003443814057391137, -5.5744039855198935e-06, -0.007295706775039434, 5.3153900807956234e-05]
  ResConv 3:  [0.0003299767558928579, -0.00013837951701134443, -0.006983182393014431, 0.000691531109623611]
--
--
  ResConv 1:  [0.0003664691175799817, 1.0145687156182248e-05, -0.007750933524221182, 0.00036000992986373603]
  ResConv 2:  [0.0003443814057391137, -5.57442263016128e-06, -0.007295706775039434, 5.3153900807956234e-05]
  ResConv 3:  [0.0003299767558928579, -0.00013837953156325966, -0.006983182393014431, 0.000691531109623611]
--
--
  ResConv 1:  [0.00036646920489147305, 1.0145692613150459e-05, -0.007750933524221182, 0.0003600099589675665]
  ResConv 2:  [0.00034438143484294415, -5.574419446929824e-06, -0.007295706775039434, 5.315391535987146e-05]
  ResConv 3:  [0.0003299767558928579, -0.00013837953156325966, -0.006983181927353144, 0.000691531109623611]
--
--
  ResConv 1:  [0.0006422877195291221, 3.394914529053494e-05, -0.009346037171781063, 0.0008971933275461197]
  ResConv 2:  [0.0006025207112543285, 1.1514332072692923e-05, -0.008782746270298958, 0.0005148222553543746]
  ResConv 3:  [0.0005686332006007433, -0.00014539971016347408, -0.008413075469434261, 0.0012687628623098135]
--
--
  ResConv 1:  [0.0006422877195291221, 3.394914529053494e-05, -0.009346038103103638, 0.0008971933275461197]
  ResConv 2:  [0.0006025207112543285, 1.151434025814524e-05, -0.008782746270298958, 0.0005148221971467137]
  ResConv 3:  [0.0005686332006007433, -0.00014539971016347408, -0.008413076400756836, 0.0012687627458944917]
--
--
  ResConv 1:  [0.0006422877195291221, 3.3949141652556136e-05, -0.009346037171781063, 0.0008971933857537806]
  ResConv 2:  [0.0006025205948390067, 1.151434025814524e-05, -0.008782746270298958, 0.0005148222553543746]
  ResConv 3:  [0.0005686331423930824, -0.00014539971016347408, -0.008413075469434261, 0.0012687627458944917]
--
--
  ResConv 1:  [0.0006422877195291221, 3.3949130738619715e-05, -0.009346038103103638, 0.0008971933275461197]
  ResConv 2:  [0.0006025205948390067, 1.1514336620166432e-05, -0.008782746270298958, 0.0005148222553543746]
  ResConv 3:  [0.0005686332006007433, -0.00014539971016347408, -0.008413075469434261, 0.0012687627458944917]
--
--
  ResConv 1:  [0.0006422877195291221, 3.39491234626621e-05, -0.009346037171781063, 0.0008971933275461197]
  ResConv 2:  [0.0006025207112543285, 1.1514329344208818e-05, -0.008782746270298958, 0.0005148222553543746]
  ResConv 3:  [0.0005686332006007433, -0.0001453997247153893, -0.008413076400756836, 0.0012687628623098135]
--
--
  ResConv 1:  [0.00045254899305291474, 6.667873822152615e-05, -0.010856355540454388, 0.0006766114966012537]
  ResConv 2:  [0.00041756086284294724, 4.112102760700509e-05, -0.010214326903223991, 0.0002438334486214444]
  ResConv 3:  [0.00039158889558166265, -0.00014785895473323762, -0.009781881235539913, 0.0011376201873645186]
--
--
  ResConv 1:  [0.0004525489639490843, 6.667873094556853e-05, -0.010856355540454388, 0.0006766114966012537]
  ResConv 2:  [0.00041756086284294724, 4.112101305508986e-05, -0.010214325971901417, 0.00024383346317335963]
  ResConv 3:  [0.0003915888664778322, -0.00014785896928515285, -0.009781881235539913, 0.0011376203037798405]
--
--
  ResConv 1:  [0.00045254905126057565, 6.667873094556853e-05, -0.010856355540454388, 0.0006766114383935928]
  ResConv 2:  [0.00041756092105060816, 4.112101305508986e-05, -0.010214325971901417, 0.00024383343406952918]
  ResConv 3:  [0.00039158895378932357, -0.00014785895473323762, -0.009781881235539913, 0.0011376200709491968]
--
--
  ResConv 1:  [0.0004525489639490843, 6.667870911769569e-05, -0.010856355540454388, 0.0006766115548089147]
  ResConv 2:  [0.00041756086284294724, 4.112098758923821e-05, -0.010214325971901417, 0.00024383346317335963]
  ResConv 3:  [0.00039158889558166265, -0.0001478589983889833, -0.009781883098185062, 0.0011376203037798405]
--
--
  ResConv 1:  [0.00045254899305291474, 6.66787163936533e-05, -0.010856355540454388, 0.0006766114383935928]
  ResConv 2:  [0.0004175608919467777, 4.112100577913225e-05, -0.010214326903223991, 0.00024383343406952918]
  ResConv 3:  [0.00039158889558166265, -0.00014785898383706808, -0.009781881235539913, 0.0011376200709491968]
--
--
  ResConv 1:  [0.000473612395580858, 2.051086448773276e-05, -0.006704915780574083, 0.00032237370032817125]
  ResConv 2:  [0.00044117128709331155, 6.923334694874939e-06, -0.006307824049144983, 6.179534830152988e-05]
  ResConv 3:  [0.0004240215348545462, -0.00010557649511611089, -0.006037725135684013, 0.000607981055509299]
--
--
  ResConv 1:  [0.000473612395580858, 2.051087903964799e-05, -0.006704916246235371, 0.00032237370032817125]
  ResConv 2:  [0.00044117128709331155, 6.923345154064009e-06, -0.006307824049144983, 6.17953555774875e-05]
  ResConv 3:  [0.00042402150575071573, -0.00010557648784015328, -0.006037725135684013, 0.00060798111371696]
--
--
  ResConv 1:  [0.0004736123373731971, 2.0510871763690375e-05, -0.006704915780574083, 0.0003223737294320017]
  ResConv 2:  [0.00044117128709331155, 6.923341516085202e-06, -0.006307824049144983, 6.17953555774875e-05]
  ResConv 3:  [0.0004240214766468853, -0.00010557648784015328, -0.006037725135684013, 0.000607981055509299]
--
--
  ResConv 1:  [0.000473612395580858, 2.0510868125711568e-05, -0.006704915780574083, 0.00032237370032817125]
  ResConv 2:  [0.00044117128709331155, 6.923336513864342e-06, -0.006307824049144983, 6.179534830152988e-05]
  ResConv 3:  [0.0004240214766468853, -0.00010557649511611089, -0.006037725135684013, 0.000607981055509299]
--
--
  ResConv 1:  [0.000473612395580858, 2.0510875401669182e-05, -0.006704915780574083, 0.00032237375853583217]
  ResConv 2:  [0.0004411712579894811, 6.923343789821956e-06, -0.006307824049144983, 6.179537740536034e-05]
  ResConv 3:  [0.0004240214766468853, -0.00010557649511611089, -0.006037725135684013, 0.00060798111371696]
--
--
  ResConv 1:  [0.00042112814844585955, 1.1844601431221236e-05, -0.007219910155981779, 0.00013792546815238893]
  ResConv 2:  [0.00038789460086263716, -1.9192127638234524e-06, -0.006798327434808016, -0.00013555059558711946]
  ResConv 3:  [0.0003715317288879305, -0.00012181555212009698, -0.006511388346552849, 0.0004517304478213191]
--
--
  ResConv 1:  [0.00042112814844585955, 1.1844579603348393e-05, -0.007219910155981779, 0.00013792543904855847]
  ResConv 2:  [0.00038789460086263716, -1.9192355011909967e-06, -0.006798327434808016, -0.00013555062469094992]
  ResConv 3:  [0.00037153169978410006, -0.00012181557394796982, -0.006511388346552849, 0.0004517303896136582]
--
--
  ResConv 1:  [0.00042112820665352046, 1.1844601431221236e-05, -0.007219910155981779, 0.00013792548270430416]
  ResConv 2:  [0.00038789460086263716, -1.919214582812856e-06, -0.006798327434808016, -0.00013555058103520423]
  ResConv 3:  [0.00037153169978410006, -0.00012181555212009698, -0.006511388346552849, 0.0004517304478213191]
--
--
  ResConv 1:  [0.00042112820665352046, 1.1844595064758323e-05, -0.007219910155981779, 0.00013792548270430416]
  ResConv 2:  [0.00038789460086263716, -1.9192209492757684e-06, -0.006798327434808016, -0.00013555058103520423]
  ResConv 3:  [0.0003715317288879305, -0.00012181557394796982, -0.006511388346552849, 0.00045173047692514956]
--
--
  ResConv 1:  [0.00042112814844585955, 1.1844590517284814e-05, -0.007219910155981779, 0.00013792546815238893]
  ResConv 2:  [0.00038789460086263716, -1.9192220861441456e-06, -0.006798327434808016, -0.00013555059558711946]
  ResConv 3:  [0.00037153169978410006, -0.00012181556667201221, -0.006511388346552849, 0.0004517304478213191]
--
--
  ResConv 1:  [0.0005822430248372257, 1.1658478797471616e-05, -0.006855249870568514, 0.000251464982284233]
  ResConv 2:  [0.0005455201608128846, -1.6727831280149985e-06, -0.00645197881385684, -1.1253296179347672e-05]
  ResConv 3:  [0.0005284476210363209, -0.00011468092270661145, -0.006181170232594013, 0.0005404709372669458]
--
--
  ResConv 1:  [0.0005822430248372257, 1.1658476068987511e-05, -0.006855249870568514, 0.000251464982284233]
  ResConv 2:  [0.0005455201608128846, -1.6727865386201302e-06, -0.00645197881385684, -1.1253287993895356e-05]
  ResConv 3:  [0.0005284476792439818, -0.00011468092270661145, -0.006181170232594013, 0.0005404709372669458]
--
--
  ResConv 1:  [0.0005822430248372257, 1.1658471521514002e-05, -0.006855249870568514, 0.0002514649531804025]
  ResConv 2:  [0.0005455201608128846, -1.6727881302358583e-06, -0.00645197881385684, -1.1253323464188725e-05]
  ResConv 3:  [0.0005284476792439818, -0.00011468092270661145, -0.006181170232594013, 0.0005404709372669458]
--
--
  ResConv 1:  [0.0005822430248372257, 1.165847515949281e-05, -0.006855249870568514, 0.000251464982284233]
  ResConv 2:  [0.0005455201608128846, -1.6727888123568846e-06, -0.00645197881385684, -1.125329526985297e-05]
  ResConv 3:  [0.0005284476792439818, -0.00011468092270661145, -0.006181170232594013, 0.0005404709372669458]
--
--
  ResConv 1:  [0.0005822430248372257, 1.1658484254439827e-05, -0.006855249870568514, 0.00025146501138806343]
  ResConv 2:  [0.0005455201608128846, -1.6727776710467879e-06, -0.00645197881385684, -1.1253291631874163e-05]
  ResConv 3:  [0.0005284476792439818, -0.00011468090815469623, -0.006181170232594013, 0.0005404709372669458]
--
--
  ResConv 1:  [0.0002676593721844256, 6.857596599729732e-05, -0.008374707773327827, 0.00037140739732421935]
  ResConv 2:  [0.0002475916116964072, 4.6990160626592115e-05, -0.00788028072565794, 4.611965414369479e-05]
  ResConv 3:  [0.0002336230390937999, -9.264038089895621e-05, -0.0075494456104934216, 0.0007260841666720808]
--
--
  ResConv 1:  [0.0002676593721844256, 6.857597327325493e-05, -0.008374707773327827, 0.00037140739732421935]
  ResConv 2:  [0.0002475916116964072, 4.6990160626592115e-05, -0.00788028072565794, 4.6119657781673595e-05]
  ResConv 3:  [0.0002336230390937999, -9.264038089895621e-05, -0.0075494456104934216, 0.0007260842248797417]
--
--
  ResConv 1:  [0.0002676593721844256, 6.857596599729732e-05, -0.008374707773327827, 0.00037140739732421935]
  ResConv 2:  [0.00024759158259257674, 4.69901533506345e-05, -0.00788028072565794, 4.6119657781673595e-05]
  ResConv 3:  [0.0002336230390937999, -9.264038817491382e-05, -0.0075494456104934216, 0.0007260842248797417]
--
--
  ResConv 1:  [0.00026765940128825605, 6.857596599729732e-05, -0.008374707773327827, 0.00037140739732421935]
  ResConv 2:  [0.00024759158259257674, 4.69901533506345e-05, -0.00788028072565794, 4.611966505763121e-05]
  ResConv 3:  [0.0002336230390937999, -9.264038817491382e-05, -0.0075494456104934216, 0.0007260842248797417]
--
--
  ResConv 1:  [0.00026765940128825605, 6.857596599729732e-05, -0.008374707773327827, 0.00037140739732421935]
  ResConv 2:  [0.0002475916116964072, 4.699014971265569e-05, -0.00788028072565794, 4.611963595380075e-05]
  ResConv 3:  [0.00023362308274954557, -9.264038817491382e-05, -0.0075494456104934216, 0.0007260841666720808]
--
--
  ResConv 1:  [0.0004043524677399546, 1.552021421957761e-05, -0.007394937798380852, 0.0002892694901674986]
  ResConv 2:  [0.0003749798925127834, 7.34691241177643e-07, -0.006957334000617266, 1.2310644024182693e-06]
  ResConv 3:  [0.000357507640728727, -0.00012479734141379595, -0.006659132428467274, 0.0006069829687476158]
--
--
  ResConv 1:  [0.0004043524677399546, 1.5520205124630593e-05, -0.007394937798380852, 0.0002892694901674986]
  ResConv 2:  [0.0003749798925127834, 7.346810662056669e-07, -0.006957334000617266, 1.2310654255998088e-06]
  ResConv 3:  [0.000357507640728727, -0.00012479735596571118, -0.006659132428467274, 0.0006069829687476158]
--
--
  ResConv 1:  [0.0004043524677399546, 1.5520210581598803e-05, -0.007394937798380852, 0.0002892694901674986]
  ResConv 2:  [0.00037497992161661386, 7.346876600422547e-07, -0.006957334000617266, 1.231063265549892e-06]
  ResConv 3:  [0.00035750766983255744, -0.00012479734141379595, -0.006659132428467274, 0.0006069829687476158]
--
--
  ResConv 1:  [0.0004043524677399546, 1.552021967654582e-05, -0.007394937798380852, 0.0002892694901674986]
  ResConv 2:  [0.0003749798925127834, 7.346934580709785e-07, -0.006957334000617266, 1.2310400734349969e-06]
  ResConv 3:  [0.000357507640728727, -0.00012479734141379595, -0.006659132428467274, 0.0006069829105399549]
--
--
  ResConv 1:  [0.0004043524677399546, 1.552020330564119e-05, -0.007394937798380852, 0.00028926946106366813]
  ResConv 2:  [0.0003749798925127834, 7.34680213554384e-07, -0.006957333534955978, 1.2310356396483257e-06]
  ResConv 3:  [0.000357507640728727, -0.00012479734141379595, -0.006659132428467274, 0.0006069829687476158]
--
--
  ResConv 1:  [0.0004686801985371858, -3.753151304408675e-06, -0.007771686650812626, 0.0002603841421660036]
  ResConv 2:  [0.00043903960613533854, -1.8657879991224036e-05, -0.007317040115594864, -4.1025239625014365e-05]
  ResConv 3:  [0.00042582923197187483, -0.00015108464867807925, -0.007004249840974808, 0.0005974126397632062]
--
--
  ResConv 1:  [0.0004686801985371858, -3.753163582587149e-06, -0.007771686650812626, 0.0002603841421660036]
  ResConv 2:  [0.00043903960613533854, -1.8657890905160457e-05, -0.007317040581256151, -4.1025250538950786e-05]
  ResConv 3:  [0.0004258292028680444, -0.00015108464867807925, -0.007004249840974808, 0.0005974126397632062]
--
--
  ResConv 1:  [0.0004686801985371858, -3.7531485759245697e-06, -0.007771686650812626, 0.0002603841421660036]
  ResConv 2:  [0.0004390395770315081, -1.8657878172234632e-05, -0.007317040581256151, -4.1025239625014365e-05]
  ResConv 3:  [0.0004258292028680444, -0.00015108464867807925, -0.007004249840974808, 0.0005974126397632062]
--
--
  ResConv 1:  [0.00046868022764101624, -3.7531581256189384e-06, -0.007771686650812626, 0.00026038417126983404]
  ResConv 2:  [0.00043903960613533854, -1.8657889086171053e-05, -0.007317040581256151, -4.102522143512033e-05]
  ResConv 3:  [0.0004258292028680444, -0.00015108464867807925, -0.007004249840974808, 0.0005974126397632062]
--
--
  ResConv 1:  [0.0004686801985371858, -3.7531474390561925e-06, -0.007771686650812626, 0.0002603841421660036]
  ResConv 2:  [0.0004390395770315081, -1.865787635324523e-05, -0.007317040115594864, -4.1025239625014365e-05]
  ResConv 3:  [0.0004258292028680444, -0.00015108464867807925, -0.007004249840974808, 0.0005974126397632062]
--
--
  ResConv 1:  [0.0003947288205381483, 3.2693567391106626e-06, -0.008282389491796494, 0.0002910456678364426]
  ResConv 2:  [0.00036658908356912434, -1.4538614777848125e-05, -0.0077968984842300415, -2.9222948796814308e-05]
  ResConv 3:  [0.0003476219135336578, -0.00015526167408097535, -0.00746555719524622, 0.0006514198030345142]
--
--
  ResConv 1:  [0.00039472876233048737, 3.2693453704268904e-06, -0.008282389491796494, 0.0002910456678364426]
  ResConv 2:  [0.00036658908356912434, -1.4538626601279248e-05, -0.0077968984842300415, -2.9222946977824904e-05]
  ResConv 3:  [0.0003476219135336578, -0.00015526168863289058, -0.00746555719524622, 0.0006514197448268533]
--
--
  ResConv 1:  [0.00039472876233048737, 3.269353783252882e-06, -0.008282389491796494, 0.0002910456678364426]
  ResConv 2:  [0.00036658908356912434, -1.4538614777848125e-05, -0.0077968984842300415, -2.9222948796814308e-05]
  ResConv 3:  [0.0003476219135336578, -0.00015526167408097535, -0.00746555719524622, 0.0006514198030345142]
--
--
  ResConv 1:  [0.0003947288205381483, 3.269347644163645e-06, -0.008282389491796494, 0.0002910456678364426]
  ResConv 2:  [0.00036658908356912434, -1.453861750633223e-05, -0.0077968984842300415, -2.9222961529740132e-05]
  ResConv 3:  [0.00034762194263748825, -0.00015526167408097535, -0.007465558126568794, 0.0006514197448268533]
--
--
  ResConv 1:  [0.00039472876233048737, 3.2693412777007325e-06, -0.008282389491796494, 0.0002910456678364426]
  ResConv 2:  [0.00036658908356912434, -1.4538630239258055e-05, -0.0077968984842300415, -2.922293970186729e-05]
  ResConv 3:  [0.0003476219135336578, -0.00015526168863289058, -0.00746555719524622, 0.0006514198030345142]
--
--
  ResConv 1:  [0.00033342515234835446, 2.2392652681446634e-05, -0.0075881220400333405, 0.00026316195726394653]
  ResConv 2:  [0.0003131492412649095, 7.406024906231323e-06, -0.007142827846109867, -3.26563895214349e-05]
  ResConv 3:  [0.000304088753182441, -0.0001230208872584626, -0.006836235523223877, 0.0005935626686550677]
--
--
  ResConv 1:  [0.00033342521055601537, 2.23926344915526e-05, -0.0075881220400333405, 0.0002631619281601161]
  ResConv 2:  [0.00031314927036873996, 7.406004897347884e-06, -0.007142827846109867, -3.265641498728655e-05]
  ResConv 3:  [0.0003040888113901019, -0.00012302091636229306, -0.006836235523223877, 0.0005935626686550677]
--
--
  ResConv 1:  [0.00033342515234835446, 2.239263085357379e-05, -0.0075881220400333405, 0.00026316195726394653]
  ResConv 2:  [0.00031314927036873996, 7.406004442600533e-06, -0.007142827846109867, -3.2656400435371324e-05]
  ResConv 3:  [0.0003040888113901019, -0.00012302091636229306, -0.006836235523223877, 0.0005935626686550677]
--
--
  ResConv 1:  [0.00033342515234835446, 2.2392638129531406e-05, -0.007588122505694628, 0.00026316195726394653]
  ResConv 2:  [0.0003131492412649095, 7.406013992294902e-06, -0.007142827846109867, -3.265639679739252e-05]
  ResConv 3:  [0.000304088753182441, -0.0001230208872584626, -0.006836235523223877, 0.0005935626686550677]
--
--
  ResConv 1:  [0.00033342521055601537, 2.239265086245723e-05, -0.0075881220400333405, 0.00026316195726394653]
  ResConv 2:  [0.0003131492412649095, 7.406022632494569e-06, -0.007142827846109867, -3.265639679739252e-05]
  ResConv 3:  [0.0003040888113901019, -0.0001230208872584626, -0.006836235523223877, 0.0005935627268627286]
--
--
  ResConv 1:  [0.0005653578555211425, 4.33511559094768e-05, -0.008225948549807072, 0.00040059039019979537]
  ResConv 2:  [0.0005252203554846346, 2.4726487026782706e-05, -0.007736952044069767, 7.722704322077334e-05]
  ResConv 3:  [0.0004974175826646388, -0.00011312594142509624, -0.007413227576762438, 0.0007434969302266836]
--
--
  ResConv 1:  [0.0005653579137288034, 4.335114863351919e-05, -0.008225948549807072, 0.00040059047751128674]
  ResConv 2:  [0.0005252203554846346, 2.4726492483750917e-05, -0.007736952044069767, 7.722707960056141e-05]
  ResConv 3:  [0.0004974176408722997, -0.00011312594142509624, -0.007413227576762438, 0.0007434969884343445]
--
--
  ResConv 1:  [0.0005653579137288034, 4.33511559094768e-05, -0.008225948549807072, 0.00040059039019979537]
  ResConv 2:  [0.0005252203554846346, 2.4726496121729724e-05, -0.007736952044069767, 7.722704322077334e-05]
  ResConv 3:  [0.0004974176408722997, -0.00011312594142509624, -0.007413227576762438, 0.0007434969302266836]
--
--
  ResConv 1:  [0.0005653578555211425, 4.3351163185434416e-05, -0.008225948549807072, 0.00040059039019979537]
  ResConv 2:  [0.0005252203554846346, 2.4726503397687338e-05, -0.007736952044069767, 7.722702866885811e-05]
  ResConv 3:  [0.0004974175826646388, -0.00011312593414913863, -0.007413227576762438, 0.0007434969302266836]
--
--
  ResConv 1:  [0.0005653578555211425, 4.33511559094768e-05, -0.008225948549807072, 0.00040059039019979537]
  ResConv 2:  [0.0005252203554846346, 2.4726492483750917e-05, -0.007736952509731054, 7.722704322077334e-05]
  ResConv 3:  [0.0004974175826646388, -0.00011312594142509624, -0.007413227576762438, 0.0007434969302266836]
--
--
  ResConv 1:  [0.00038507115095853806, -3.140206899843179e-05, -0.01003353763371706, 0.0007713200175203383]
  ResConv 2:  [0.00035480817314237356, -5.340833013178781e-05, -0.009434888139367104, 0.00036095266113989055]
  ResConv 3:  [0.0003285399579908699, -0.00022562370577361435, -0.009028908796608448, 0.0011918410891667008]
--
--
  ResConv 1:  [0.0003850711218547076, -3.140206172247417e-05, -0.01003353763371706, 0.0007713200175203383]
  ResConv 2:  [0.00035480811493471265, -5.340831194189377e-05, -0.009434888139367104, 0.00036095260293222964]
  ResConv 3:  [0.0003285399579908699, -0.00022562369122169912, -0.009028908796608448, 0.0011918410891667008]
--
--
  ResConv 1:  [0.00038507115095853806, -3.140206899843179e-05, -0.01003353763371706, 0.0007713200175203383]
  ResConv 2:  [0.00035480811493471265, -5.3408326493809e-05, -0.009434888139367104, 0.00036095266113989055]
  ResConv 3:  [0.0003285399579908699, -0.00022562370577361435, -0.009028908796608448, 0.0011918410891667008]
--
--
  ResConv 1:  [0.00038507115095853806, -3.14020762743894e-05, -0.01003353763371706, 0.0007713200175203383]
  ResConv 2:  [0.00035480817314237356, -5.340833013178781e-05, -0.009434888139367104, 0.00036095266113989055]
  ResConv 3:  [0.0003285399579908699, -0.00022562372032552958, -0.009028908796608448, 0.0011918410891667008]
--
--
  ResConv 1:  [0.00038507115095853806, -3.140207991236821e-05, -0.010033538565039635, 0.0007713200175203383]
  ResConv 2:  [0.00035480817314237356, -5.3408344683703035e-05, -0.009434888139367104, 0.00036095260293222964]
  ResConv 3:  [0.0003285399579908699, -0.00022562372032552958, -0.009028908796608448, 0.0011918410891667008]
--
--
  ResConv 1:  [0.0005103257135488093, -3.6035431548953056e-05, -0.010087522678077221, 0.0007047291146591306]
  ResConv 2:  [0.0004675838863477111, -5.796186451334506e-05, -0.009491074830293655, 0.0003041626769118011]
  ResConv 3:  [0.0004368168883956969, -0.0002309815608896315, -0.009085512720048428, 0.0011316384188830853]
--
--
  ResConv 1:  [0.0005103257135488093, -3.603541699703783e-05, -0.010087522678077221, 0.0007047292310744524]
  ResConv 2:  [0.00046758382814005017, -5.7961849961429834e-05, -0.009491074830293655, 0.0003041626769118011]
  ResConv 3:  [0.0004368168883956969, -0.00023098154633771628, -0.009085512720048428, 0.001131638535298407]
--
--
  ResConv 1:  [0.0005103256553411484, -3.603541699703783e-05, -0.010087522678077221, 0.0007047291146591306]
  ResConv 2:  [0.00046758382814005017, -5.796184268547222e-05, -0.009491074830293655, 0.00030416264780797064]
  ResConv 3:  [0.0004368168883956969, -0.00023098154633771628, -0.009085512720048428, 0.0011316384188830853]
--
--
  ResConv 1:  [0.0005103257135488093, -3.603542791097425e-05, -0.010087522678077221, 0.0007047292310744524]
  ResConv 2:  [0.00046758382814005017, -5.7961860875366256e-05, -0.009491074830293655, 0.00030416264780797064]
  ResConv 3:  [0.0004368168883956969, -0.0002309815608896315, -0.009085512720048428, 0.001131638535298407]
--
--
  ResConv 1:  [0.0005103257135488093, -3.6035420635016635e-05, -0.010087522678077221, 0.0007047292310744524]
  ResConv 2:  [0.00046758382814005017, -5.7961849961429834e-05, -0.009491074830293655, 0.0003041626769118011]
  ResConv 3:  [0.0004368168883956969, -0.00023098154633771628, -0.009085512720048428, 0.001131638535298407]
--
--
  ResConv 1:  [0.00037570236600004137, 1.766301465977449e-05, -0.009590797126293182, 0.0010711803333833814]
  ResConv 2:  [0.00035361084155738354, -4.369539510662435e-06, -0.009013110771775246, 0.0006663968088105321]
  ResConv 3:  [0.00032923673279583454, -0.00016684165166225284, -0.008628175593912601, 0.001450423733331263]
--
--
  ResConv 1:  [0.0003757023951038718, 1.7663023754721507e-05, -0.009590797126293182, 0.0010711802169680595]
  ResConv 2:  [0.00035361084155738354, -4.369529051473364e-06, -0.009013109840452671, 0.000666396867018193]
  ResConv 3:  [0.00032923673279583454, -0.0001668416225584224, -0.008628175593912601, 0.001450423733331263]
--
--
  ResConv 1:  [0.00037570230779238045, 1.7663007383816876e-05, -0.009590797126293182, 0.0010711802169680595]
  ResConv 2:  [0.00035361084155738354, -4.369548605609452e-06, -0.009013109840452671, 0.0006663968088105321]
  ResConv 3:  [0.00032923673279583454, -0.00016684165166225284, -0.008628175593912601, 0.001450423733331263]
--
--
  ResConv 1:  [0.00037570236600004137, 1.7663007383816876e-05, -0.009590797126293182, 0.0010711803333833814]
  ResConv 2:  [0.00035361084155738354, -4.369545877125347e-06, -0.009013109840452671, 0.0006663968088105321]
  ResConv 3:  [0.000329236761899665, -0.00016684165166225284, -0.008628175593912601, 0.001450423733331263]
--
--
  ResConv 1:  [0.0003757023951038718, 1.766301465977449e-05, -0.009590797126293182, 0.0010711803333833814]
  ResConv 2:  [0.00035361084155738354, -4.369548605609452e-06, -0.009013109840452671, 0.0006663968088105321]
  ResConv 3:  [0.000329236761899665, -0.00016684165166225284, -0.008628175593912601, 0.001450423733331263]
--
--
  ResConv 1:  [0.00038960151141509414, 5.783286951555056e-07, -0.006870659999549389, 0.00017390387074556202]
  ResConv 2:  [0.00036287744296714664, -1.2237729606567882e-05, -0.006466975901275873, -8.991257345769554e-05]
  ResConv 3:  [0.0003499229496810585, -0.00012767979933414608, -0.006190327927470207, 0.00047332191024906933]
--
--
  ResConv 1:  [0.0003896014532074332, 5.783322762908938e-07, -0.006870659999549389, 0.00017390388529747725]
  ResConv 2:  [0.00036287744296714664, -1.2237727787578478e-05, -0.006466975435614586, -8.991254435386509e-05]
  ResConv 3:  [0.0003499229496810585, -0.00012767979933414608, -0.006190327927470207, 0.00047332196845673025]
--
--
  ResConv 1:  [0.00038960151141509414, 5.783364258604706e-07, -0.006870659999549389, 0.0001739039144013077]
  ResConv 2:  [0.000362877530278638, -1.223772324010497e-05, -0.006466975435614586, -8.991253707790747e-05]
  ResConv 3:  [0.0003499229496810585, -0.00012767978478223085, -0.006190327927470207, 0.00047332196845673025]
--
--
  ResConv 1:  [0.00038960151141509414, 5.783317078567052e-07, -0.006870659999549389, 0.00017390388529747725]
  ResConv 2:  [0.0003628774720709771, -1.2237727787578478e-05, -0.006466975435614586, -8.99125516298227e-05]
  ResConv 3:  [0.0003499229496810585, -0.00012767978478223085, -0.006190327927470207, 0.0004733219393528998]
--
--
  ResConv 1:  [0.0003896014532074332, 5.7832647826217e-07, -0.006870659999549389, 0.00017390388529747725]
  ResConv 2:  [0.00036287744296714664, -1.2237731425557286e-05, -0.006466975435614586, -8.991254435386509e-05]
  ResConv 3:  [0.0003499228914733976, -0.00012767979933414608, -0.006190327927470207, 0.00047332196845673025]
--
--
  ResConv 1:  [0.00031926549854688346, 1.6883759599295445e-05, -0.007359891198575497, 0.00015037292905617505]
  ResConv 2:  [0.00029249052749946713, 2.862535666281474e-06, -0.00693046348169446, -0.00013289565686136484]
  ResConv 3:  [0.00028076564194634557, -0.0001230105699505657, -0.006633802317082882, 0.0004738936258945614]
--
--
  ResConv 1:  [0.00031926549854688346, 1.6883754142327234e-05, -0.007359890267252922, 0.00015037292905617505]
  ResConv 2:  [0.0002924904983956367, 2.8625272534554824e-06, -0.00693046348169446, -0.00013289567141328007]
  ResConv 3:  [0.00028076564194634557, -0.0001230105699505657, -0.006633802317082882, 0.0004738936258945614]
--
--
  ResConv 1:  [0.00031926549854688346, 1.6883765056263655e-05, -0.007359891198575497, 0.00015037291450425982]
  ResConv 2:  [0.0002924904983956367, 2.862540895876009e-06, -0.00693046348169446, -0.00013289567141328007]
  ResConv 3:  [0.00028076564194634557, -0.00012301055539865047, -0.006633802317082882, 0.0004738936258945614]
--
--
  ResConv 1:  [0.00031926549854688346, 1.688377778918948e-05, -0.007359890267252922, 0.00015037294360809028]
  ResConv 2:  [0.00029249052749946713, 2.8625483992072986e-06, -0.00693046348169446, -0.0001328956423094496]
  ResConv 3:  [0.00028076564194634557, -0.00012301055539865047, -0.006633802317082882, 0.0004738936258945614]
--
--
  ResConv 1:  [0.00031926549854688346, 1.688375778030604e-05, -0.007359891198575497, 0.00015037292905617505]
  ResConv 2:  [0.00029249052749946713, 2.862531118807965e-06, -0.00693046348169446, -0.00013289565686136484]
  ResConv 3:  [0.00028076564194634557, -0.00012301058450248092, -0.006633802317082882, 0.0004738936258945614]
--
--
  ResConv 1:  [0.00041946014971472323, -7.415433628921164e-06, -0.007795105222612619, 0.0002312852011527866]
  ResConv 2:  [0.000388481596019119, -2.2093670850154012e-05, -0.007341619115322828, -7.04497069818899e-05]
  ResConv 3:  [0.0003733750490937382, -0.00015621140482835472, -0.007026867941021919, 0.0005721126217395067]
--
--
  ResConv 1:  [0.00041946014971472323, -7.415433628921164e-06, -0.007795105222612619, 0.00023128523025661707]
  ResConv 2:  [0.00038848156691528857, -2.209367448813282e-05, -0.007341619115322828, -7.044968515401706e-05]
  ResConv 3:  [0.0003733750490937382, -0.00015621140482835472, -0.007026867941021919, 0.0005721126217395067]
--
--
  ResConv 1:  [0.00041946014971472323, -7.415430900437059e-06, -0.007795105222612619, 0.00023128521570470184]
  ResConv 2:  [0.00038848156691528857, -2.2093670850154012e-05, -0.007341619115322828, -7.044969242997468e-05]
  ResConv 3:  [0.0003733750490937382, -0.0001562113902764395, -0.007026867941021919, 0.0005721126217395067]
--
--
  ResConv 1:  [0.00041946014971472323, -7.415434083668515e-06, -0.007795105222612619, 0.00023128523025661707]
  ResConv 2:  [0.00038848156691528857, -2.209367448813282e-05, -0.007341619115322828, -7.044968515401706e-05]
  ResConv 3:  [0.0003733750490937382, -0.00015621141938026994, -0.007026867941021919, 0.0005721126799471676]
--
--
  ResConv 1:  [0.00041946014971472323, -7.415426807710901e-06, -0.007795105222612619, 0.0002312852011527866]
  ResConv 2:  [0.000388481596019119, -2.2093667212175205e-05, -0.007341619115322828, -7.044969970593229e-05]
  ResConv 3:  [0.0003733750490937382, -0.0001562113902764395, -0.007026867941021919, 0.0005721126217395067]
--
--
  ResConv 1:  [0.00032249276409856975, 4.83283911307808e-05, -0.0065674385987222195, 0.000219068635487929]
  ResConv 2:  [0.0003011693770531565, 3.5672946978593245e-05, -0.00618287269026041, -3.494608245091513e-05]
  ResConv 3:  [0.00029205280588939786, -7.705022289883345e-05, -0.005915711633861065, 0.0005071265622973442]
--
--
  ResConv 1:  [0.0003224927349947393, 4.83283911307808e-05, -0.006567439064383507, 0.00021906860638409853]
  ResConv 2:  [0.00030116934794932604, 3.5672946978593245e-05, -0.00618287269026041, -3.4946100640809163e-05]
  ResConv 3:  [0.0002920528349932283, -7.705022289883345e-05, -0.005915711633861065, 0.0005071265622973442]
--
--
  ResConv 1:  [0.0003224927932024002, 4.83283911307808e-05, -0.0065674385987222195, 0.00021906860638409853]
  ResConv 2:  [0.0003011693770531565, 3.5672946978593245e-05, -0.00618287269026041, -3.4946100640809163e-05]
  ResConv 3:  [0.0002920528349932283, -7.705022289883345e-05, -0.005915711633861065, 0.0005071265040896833]
--
--
  ResConv 1:  [0.0003224927932024002, 4.83283911307808e-05, -0.0065674385987222195, 0.00021906860638409853]
  ResConv 2:  [0.00030116934794932604, 3.567295061657205e-05, -0.00618287269026041, -3.4946097002830356e-05]
  ResConv 3:  [0.0002920528349932283, -7.705021562287584e-05, -0.005915711633861065, 0.0005071265622973442]
--
--
  ResConv 1:  [0.00032249276409856975, 4.832839476875961e-05, -0.006567439064383507, 0.0002190685918321833]
  ResConv 2:  [0.00030116934794932604, 3.567295425455086e-05, -0.00618287269026041, -3.494611519272439e-05]
  ResConv 3:  [0.00029205280588939786, -7.705021562287584e-05, -0.005915711633861065, 0.0005071265040896833]
--
--
  ResConv 1:  [0.0004963892861269414, 5.2731018513441086e-05, -0.008156859315931797, 0.00031474113347940147]
  ResConv 2:  [0.0004598169180098921, 3.486399509711191e-05, -0.007677860092371702, -1.5315330301746144e-06]
  ResConv 3:  [0.0004361734027042985, -0.0001024277662509121, -0.007353445515036583, 0.0006655582110397518]
--
--
  ResConv 1:  [0.0004963893443346024, 5.273101123748347e-05, -0.008156859315931797, 0.00031474113347940147]
  ResConv 2:  [0.00045981694711372256, 3.486399873509072e-05, -0.007677859626710415, -1.5315318933062372e-06]
  ResConv 3:  [0.00043617343180812895, -0.00010242775169899687, -0.007353445515036583, 0.0006655582110397518]
--
--
  ResConv 1:  [0.0004963892861269414, 5.273102215141989e-05, -0.008156859315931797, 0.000314741104375571]
  ResConv 2:  [0.00045981694711372256, 3.486400601104833e-05, -0.007677859626710415, -1.5315501968871104e-06]
  ResConv 3:  [0.0004361734027042985, -0.00010242774442303926, -0.007353445515036583, 0.0006655582110397518]
--
--
  ResConv 1:  [0.0004963893443346024, 5.2731018513441086e-05, -0.008156859315931797, 0.00031474113347940147]
  ResConv 2:  [0.00045981694711372256, 3.4864002373069525e-05, -0.007677860092371702, -1.5315247310354607e-06]
  ResConv 3:  [0.00043617343180812895, -0.00010242775169899687, -0.007353445515036583, 0.0006655582692474127]
--
--
  ResConv 1:  [0.0004963892861269414, 5.273101123748347e-05, -0.008156859315931797, 0.00031474113347940147]
  ResConv 2:  [0.00045981694711372256, 3.4863991459133103e-05, -0.007677859626710415, -1.5315247310354607e-06]
  ResConv 3:  [0.0004361734027042985, -0.0001024277662509121, -0.007353445515036583, 0.0006655582110397518]
--
--
  ResConv 1:  [0.0005418662331067026, 2.4339737137779593e-05, -0.007564831525087357, 0.0004157923103775829]
  ResConv 2:  [0.0005058157257735729, 8.437629730906337e-06, -0.007117173634469509, 0.00011855241609737277]
  ResConv 3:  [0.00048398575745522976, -0.00011981072020716965, -0.006812980864197016, 0.0007346736383624375]
--
--
  ResConv 1:  [0.0005418661748990417, 2.4339728042832576e-05, -0.007564831525087357, 0.00041579228127375245]
  ResConv 2:  [0.000505815667565912, 8.437627002422232e-06, -0.007117173634469509, 0.00011855240154545754]
  ResConv 3:  [0.00048398575745522976, -0.00011981072748312727, -0.006812980864197016, 0.0007346736383624375]
--
--
  ResConv 1:  [0.0005418662331067026, 2.4339728042832576e-05, -0.007564831525087357, 0.0004157923103775829]
  ResConv 2:  [0.0005058157257735729, 8.437623364443425e-06, -0.007117173634469509, 0.00011855241609737277]
  ResConv 3:  [0.0004839857865590602, -0.00011981072748312727, -0.0068129803985357285, 0.0007346736383624375]
--
--
  ResConv 1:  [0.0005418661748990417, 2.4339726223843172e-05, -0.007564831525087357, 0.0004157923103775829]
  ResConv 2:  [0.0005058157257735729, 8.437618816969916e-06, -0.007117173634469509, 0.00011855241609737277]
  ResConv 3:  [0.00048398575745522976, -0.00011981073475908488, -0.006812980864197016, 0.0007346736383624375]
--
--
  ResConv 1:  [0.0005418661748990417, 2.4339738956768997e-05, -0.007564831525087357, 0.0004157923103775829]
  ResConv 2:  [0.0005058157257735729, 8.437635187874548e-06, -0.007117173634469509, 0.00011855241609737277]
  ResConv 3:  [0.00048398575745522976, -0.00011981072020716965, -0.006812980864197016, 0.0007346736383624375]
--
--
  ResConv 1:  [0.00041419529588893056, 2.7429681722423993e-05, -0.007283899001777172, 0.0005216325516812503]
  ResConv 2:  [0.000382772006560117, 1.1204600014025345e-05, -0.006851067300885916, 0.000229935729294084]
  ResConv 3:  [0.0003589562838897109, -0.00011011631431756541, -0.006558324210345745, 0.0008213560795411468]
--
--
  ResConv 1:  [0.00041419529588893056, 2.7429681722423993e-05, -0.007283899001777172, 0.0005216325516812503]
  ResConv 2:  [0.00038277197745628655, 1.120460274250945e-05, -0.006851067300885916, 0.00022993571474216878]
  ResConv 3:  [0.0003589562838897109, -0.00011011632159352303, -0.006558324210345745, 0.0008213560795411468]
--
--
  ResConv 1:  [0.000414195324992761, 2.742967990343459e-05, -0.007283898536115885, 0.0005216325516812503]
  ResConv 2:  [0.000382772006560117, 1.1204599104530644e-05, -0.006851067300885916, 0.00022993571474216878]
  ResConv 3:  [0.0003589562838897109, -0.00011011631431756541, -0.006558324676007032, 0.0008213560795411468]
--
--
  ResConv 1:  [0.000414195324992761, 2.7429683541413397e-05, -0.007283899001777172, 0.0005216325516812503]
  ResConv 2:  [0.000382772006560117, 1.1204598195035942e-05, -0.006851067300885916, 0.00022993571474216878]
  ResConv 3:  [0.0003589562838897109, -0.00011011632159352303, -0.006558324676007032, 0.0008213561377488077]
--
--
  ResConv 1:  [0.00041419529588893056, 2.7429681722423993e-05, -0.007283898536115885, 0.0005216325516812503]
  ResConv 2:  [0.000382772006560117, 1.1204599104530644e-05, -0.006851067300885916, 0.00022993570019025356]
  ResConv 3:  [0.0003589562838897109, -0.00011011631431756541, -0.006558324210345745, 0.0008213560795411468]
--
--
  ResConv 1:  [0.0004765009507536888, 7.748709322186187e-06, -0.008398206904530525, 0.0007618204690515995]
  ResConv 2:  [0.00044824674841947854, -1.1474962775537279e-05, -0.007895106449723244, 0.00041483319364488125]
  ResConv 3:  [0.0004256783868186176, -0.00015362093108706176, -0.007556232623755932, 0.0011024337727576494]
--
--
  ResConv 1:  [0.0004765009507536888, 7.748720236122608e-06, -0.008398206904530525, 0.0007618204108439386]
  ResConv 2:  [0.0004482466902118176, -1.1474950952106155e-05, -0.007895106449723244, 0.0004148331645410508]
  ResConv 3:  [0.0004256783868186176, -0.00015362093108706176, -0.007556232623755932, 0.0011024336563423276]
--
--
  ResConv 1:  [0.0004765009507536888, 7.74871114117559e-06, -0.008398206904530525, 0.0007618204108439386]
  ResConv 2:  [0.0004482466902118176, -1.147495368059026e-05, -0.007895106449723244, 0.00041483319364488125]
  ResConv 3:  [0.0004256783868186176, -0.000153620945638977, -0.007556232623755932, 0.0011024336563423276]
--
--
  ResConv 1:  [0.0004765009507536888, 7.748694770270959e-06, -0.008398206904530525, 0.0007618204108439386]
  ResConv 2:  [0.00044824674841947854, -1.1474978236947209e-05, -0.007895106449723244, 0.0004148331645410508]
  ResConv 3:  [0.0004256783868186176, -0.00015362096019089222, -0.007556232623755932, 0.0011024336563423276]
--
--
  ResConv 1:  [0.0004765010089613497, 7.748698408249766e-06, -0.008398206904530525, 0.0007618204690515995]
  ResConv 2:  [0.00044824674841947854, -1.1474970960989594e-05, -0.007895106449723244, 0.00041483319364488125]
  ResConv 3:  [0.0004256783868186176, -0.000153620945638977, -0.007556232623755932, 0.0011024337727576494]
--
--> New best solution for Validation dataset achieved at 1 / 2000: 0.07659901026636362 (8.447309% better)
--
  ResConv 1:  [0.00038531585596501827, 4.4186439481563866e-05, -0.007102601695805788, 0.0002817577333189547]
  ResConv 2:  [0.00036138322320766747, 3.0733226594747975e-05, -0.006686367094516754, 7.265896329045063e-06]
  ResConv 3:  [0.00035101486719213426, -8.806247933534905e-05, -0.0064030117355287075, 0.0005824309191666543]
--
--
  ResConv 1:  [0.000558353727683425, 2.34765830100514e-05, -0.010917278937995434, 0.0009397224057465792]
  ResConv 2:  [0.0005283034988678992, -1.1241115771554178e-06, -0.01025167666375637, 0.00048816908383741975]
  ResConv 3:  [0.0005008903099223971, -0.00018924401956610382, -0.00980040617287159, 0.0013934068847447634]
--
--
  ResConv 1:  [0.0004511212755460292, 3.483221371425316e-05, -0.008270806632936, 0.0005414444603957236]
  ResConv 2:  [0.0004165623104199767, 1.667732976784464e-05, -0.00775935361161828, 0.00021074432879686356]
  ResConv 3:  [0.0003926147473976016, -0.00012646906543523073, -0.007411288563162088, 0.0008984679006971419]
--
--
  ResConv 1:  [0.00045082918950356543, 4.879442712990567e-05, -0.007928567938506603, 0.0004118122160434723]
  ResConv 2:  [0.00041591672925278544, 3.1140694773057476e-05, -0.007425079122185707, 9.957992733689025e-05]
  ResConv 3:  [0.00039433888741768897, -0.00010717478289734572, -0.007078102324157953, 0.0007680682465434074]
--
--
  ResConv 1:  [0.0005052294582128525, 1.908369995362591e-05, -0.007886153645813465, 0.00035384815419092774]
  ResConv 2:  [0.0004675178788602352, 2.4271457732538693e-06, -0.007376323454082012, 4.655095835914835e-05]
  ResConv 3:  [0.00044638902181759477, -0.00013440821203403175, -0.007024793885648251, 0.0007172396290116012]
--
--
  ResConv 1:  [0.00036961346631869674, 6.090021088311914e-06, -0.008177652023732662, 0.00032889083377085626]
  ResConv 2:  [0.0003412548976484686, -1.125297239923384e-05, -0.007637715432792902, 7.492237273254432e-06]
  ResConv 3:  [0.00032375380396842957, -0.000158789218403399, -0.007258769124746323, 0.000718511117156595]
--
--
  ResConv 1:  [0.0005345628596842289, 4.027615432278253e-05, -0.007984462194144726, 0.0007110353326424956]
  ResConv 2:  [0.0005061762640252709, 2.3643533495487645e-05, -0.0074308342300355434, 0.00038146713632158935]
  ResConv 3:  [0.00047996320063248277, -0.00011280808394076303, -0.00706253107637167, 0.0010596072534099221]
--
--
  ResConv 1:  [0.0004181749536655843, 1.3176189895602874e-05, -0.00949748046696186, 0.0006941405008547008]
  ResConv 2:  [0.0003782893472816795, -1.0649877367541194e-05, -0.008836829103529453, 0.00031140955979935825]
  ResConv 3:  [0.00034206072450615466, -0.00018305963021703064, -0.008374281227588654, 0.0011524722212925553]
--
--
  ResConv 1:  [0.0003364028234500438, 5.451876495499164e-05, -0.007535718847066164, 0.0003984528302680701]
  ResConv 2:  [0.000310003524646163, 3.70681555068586e-05, -0.007000325247645378, 0.00010051319259218872]
  ResConv 3:  [0.0002887721930164844, -9.582224447512999e-05, -0.00663252966478467, 0.0007612964836880565]
--
--
  ResConv 1:  [0.0003451291413512081, 3.5398763429839164e-05, -0.00813156459480524, 0.00037385825999081135]
  ResConv 2:  [0.0003168595430906862, 1.6353129467461258e-05, -0.007547596003860235, 5.789828355773352e-05]
  ResConv 3:  [0.0002965602034237236, -0.00012912927195429802, -0.007143015041947365, 0.0007752442616038024]
--
--
  ResConv 1:  [0.0004308423667680472, 4.531044032773934e-05, -0.008153150789439678, 0.00031364496680907905]
  ResConv 2:  [0.0003968488017562777, 2.7239664632361382e-05, -0.007553207688033581, -5.676172349922126e-06]
  ResConv 3:  [0.0003758953826036304, -0.00012514660193119198, -0.0071291434578597546, 0.0007317305426113307]
--
--
  ResConv 1:  [0.0005784680251963437, 1.8850991182262078e-05, -0.00911340955644846, 0.00036831479519605637]
  ResConv 2:  [0.0005238897283561528, -2.1135997485544067e-06, -0.008430908434092999, 5.796426194137894e-06]
  ResConv 3:  [0.000484639749629423, -0.0001753162796376273, -0.007944611832499504, 0.0008445246494375169]
--
--
  ResConv 1:  [0.0005391237209551036, 3.765899964491837e-05, -0.011379516683518887, 0.0012458722339943051]
  ResConv 2:  [0.0004925301182083786, 8.20782133814646e-06, -0.01048585306853056, 0.0007525162072852254]
  ResConv 3:  [0.0004354592820163816, -0.00020168644550722092, -0.009870713576674461, 0.0017869513249024749]
--
--
  ResConv 1:  [0.0006640010979026556, 2.0949786630808376e-05, -0.00959889218211174, 0.000739092065487057]
  ResConv 2:  [0.0005975981475785375, -2.4489884253853234e-06, -0.00883075688034296, 0.0003446743357926607]
  ResConv 3:  [0.000538993626832962, -0.00018750462913885713, -0.008291404694318771, 0.0012411866337060928]
--
--
  ResConv 1:  [0.000383357226382941, 2.1342291802284308e-05, -0.007568411063402891, 0.00025470793480053544]
  ResConv 2:  [0.00035131696495227516, 3.717155777849257e-06, -0.006965955253690481, -3.994714279542677e-05]
  ResConv 3:  [0.000331783143337816, -0.00014251828542910516, -0.006534201093018055, 0.0006681161466985941]
--
--
  ResConv 1:  [0.0004365592321846634, 2.3446857085218653e-05, -0.00791780836880207, 0.00031842265161685646]
  ResConv 2:  [0.0003961346810683608, 4.664500920625869e-06, -0.0072732241824269295, 7.496038961107843e-06]
  ResConv 3:  [0.00036519975401461124, -0.00015104198246262968, -0.006809542886912823, 0.0007563118706457317]
--
--
  ResConv 1:  [0.00044714135583490133, 4.817611988983117e-05, -0.006933864671736956, 0.00024624227080494165]
  ResConv 2:  [0.00040364370215684175, 3.0188559321686625e-05, -0.0063568223267793655, -1.8304208424524404e-05]
  ResConv 3:  [0.0003746600996237248, -0.00010334188846172765, -0.005947784520685673, 0.0006310894968919456]
--
--
  ResConv 1:  [0.0005068167229183018, 4.0400653233518824e-05, -0.009648231789469719, 0.0006496687419712543]
  ResConv 2:  [0.00045434862840920687, 1.041689574776683e-05, -0.008824856951832771, 0.0002701011544559151]
  ResConv 3:  [0.0004096380725968629, -0.00018084316980093718, -0.008242572657763958, 0.0011747715761885047]
--
--
  ResConv 1:  [0.00044428196270018816, 4.009228723589331e-05, -0.00782779697328806, 0.0005442851106636226]
  ResConv 2:  [0.0004040771455038339, 1.6845979189383797e-05, -0.0071419584564864635, 0.00023787000100128353]
  ResConv 3:  [0.00036365378764458, -0.00014290334365796298, -0.0066559650003910065, 0.0009793349308893085]
--
--
  ResConv 1:  [0.0005244249477982521, 5.446953946375288e-05, -0.008214582689106464, 0.0003488188667688519]
  ResConv 2:  [0.00047770110541023314, 3.3042902941815555e-05, -0.007487362250685692, 2.1452164219226688e-05]
  ResConv 3:  [0.0004479283816181123, -0.00013486512762028724, -0.006965341046452522, 0.0008142761653289199]
--
--
  ResConv 1:  [0.00047285176697187126, 3.4147698897868395e-05, -0.0075928824953734875, 0.0007555523188784719]
  ResConv 2:  [0.0004176204092800617, 9.668011443864089e-06, -0.006884587462991476, 0.0004358185105957091]
  ResConv 3:  [0.00036936590913683176, -0.0001442445209249854, -0.0063907853327691555, 0.0011639593867585063]
--
--
  ResConv 1:  [0.0004428749962244183, 1.715921825962141e-05, -0.007973860017955303, 0.00038295731064863503]
  ResConv 2:  [0.0004030917480122298, -5.8383784562465735e-06, -0.0072412509471178055, 6.338310049613938e-05]
  ResConv 3:  [0.0003730179159902036, -0.00017799132911022753, -0.006706811487674713, 0.0008502434939146042]
--
--
  ResConv 1:  [0.000474016327643767, -7.090989674907178e-05, -0.009298285469412804, 0.0008240271708928049]
  ResConv 2:  [0.0004234565421938896, -9.791532647795975e-05, -0.008411501534283161, 0.00043365368037484586]
  ResConv 3:  [0.00037531647831201553, -0.0002980013669002801, -0.007774614728987217, 0.0013496980536729097]
--
--
  ResConv 1:  [0.0004050795978400856, 5.176540435058996e-05, -0.007447649724781513, 0.00026027491549029946]
  ResConv 2:  [0.0003579593903850764, 2.92021686618682e-05, -0.006740505341440439, -3.358568937983364e-05]
  ResConv 3:  [0.00032196633401326835, -0.00013448951358441263, -0.006224513053894043, 0.0007090179133228958]
--
--
  ResConv 1:  [0.0005506387678906322, 1.896975481940899e-05, -0.00781356543302536, 0.0003286730498075485]
  ResConv 2:  [0.00048678959137760103, -6.255780135688838e-06, -0.007060373667627573, 1.6714544472051784e-05]
  ResConv 3:  [0.0004356234858278185, -0.00017969273903872818, -0.006511582061648369, 0.0007947291014716029]
--
--
  ResConv 1:  [0.0004061387153342366, -1.3655542716151103e-05, -0.007833127863705158, 0.000363283819751814]
  ResConv 2:  [0.00036881567211821675, -3.772423951886594e-05, -0.007063824683427811, 4.7956244088709354e-05]
  ResConv 3:  [0.00033760073711164296, -0.0002171152736991644, -0.006495589390397072, 0.0008380833314731717]
--
--
  ResConv 1:  [0.00042557501001283526, 2.476448025845457e-05, -0.007360979449003935, 0.00021117622964084148]
  ResConv 2:  [0.000368771783541888, 7.270645028256695e-07, -0.006624195259064436, -7.572751201223582e-05]
  ResConv 3:  [0.0003264566767029464, -0.00016812059038784355, -0.006083770655095577, 0.0006670714356005192]
--
--
  ResConv 1:  [0.000465938588604331, 8.299760338559281e-06, -0.00826276559382677, 0.0002966655301861465]
  ResConv 2:  [0.00041083520045503974, -1.8923336028819904e-05, -0.007425159215927124, -3.575719165382907e-05]
  ResConv 3:  [0.0003733881749212742, -0.00021535894484259188, -0.006806103512644768, 0.0008040326065383852]
--
--
  ResConv 1:  [0.0005944374715909362, -4.223101132083684e-05, -0.009920559823513031, 0.0006885420298203826]
  ResConv 2:  [0.0005138270207680762, -7.82889619586058e-05, -0.008878305554389954, 0.00026943947887048125]
  ResConv 3:  [0.0004454509471543133, -0.0003237273485865444, -0.008105691522359848, 0.001296619768254459]
--
--
  ResConv 1:  [0.0004298260319046676, 1.2423611224221531e-05, -0.007666618097573519, 0.0004204878641758114]
  ResConv 2:  [0.0003662409435492009, -1.4254399502533488e-05, -0.006852829363197088, 0.0001012966240523383]
  ResConv 3:  [0.0003124996437691152, -0.00020201790903229266, -0.006258196197450161, 0.0008826815173961222]
--
--
  ResConv 1:  [0.0005131035577505827, -7.778984581818804e-06, -0.007804985623806715, 0.0005378544447012246]
  ResConv 2:  [0.00045036457595415413, -3.589880725485273e-05, -0.006955552846193314, 0.00021109633962623775]
  ResConv 3:  [0.0003934646083507687, -0.00022806324705015868, -0.006342130247503519, 0.0010050350101664662]
--
--
  ResConv 1:  [0.0003839487035293132, -3.4923443308798596e-05, -0.009993360377848148, 0.0008855067426338792]
  ResConv 2:  [0.0003454092366155237, -7.539617945440114e-05, -0.00888016540557146, 0.00043865415500476956]
  ResConv 3:  [0.0002921368577517569, -0.00033714852179400623, -0.008060489781200886, 0.001488218200393021]
--
--
  ResConv 1:  [0.0004153275804128498, 1.6888237951206975e-05, -0.006781004369258881, 0.0002381928643444553]
  ResConv 2:  [0.0003561563789844513, -9.092736945603974e-06, -0.006033394485712051, -3.7629244616255164e-05]
  ResConv 3:  [0.0003130857367068529, -0.0001852649584179744, -0.005475655663758516, 0.0006675392505712807]
--
--
  ResConv 1:  [0.0006725202547386289, -1.9230878024245612e-05, -0.00867923628538847, 0.0005954444641247392]
  ResConv 2:  [0.0005981554859317839, -5.750372656621039e-05, -0.0076918769627809525, 0.0002353325398871675]
  ResConv 3:  [0.0005270096589811146, -0.00028838225989602506, -0.006977136712521315, 0.001126759801991284]
--
--
  ResConv 1:  [0.0005405629053711891, 1.0435683179821353e-05, -0.0076714432798326015, 0.00032555332290939987]
  ResConv 2:  [0.00046646082773804665, -2.24955929297721e-05, -0.006795306224375963, 6.893895260873251e-06]
  ResConv 3:  [0.0004129449953325093, -0.00023267812503036112, -0.0061423564329743385, 0.0008133946103043854]
--
--
  ResConv 1:  [0.0005113964434713125, 1.8382557755103335e-05, -0.008431465364992619, 0.0003430451615713537]
  ResConv 2:  [0.0004396206350065768, -1.9296592654427513e-05, -0.0074479831382632256, -1.4275019566412084e-05]
  ResConv 3:  [0.00038112408947199583, -0.00025706851738505065, -0.006717600394040346, 0.0008861919632181525]
--
--
  ResConv 1:  [0.0005038653034716845, -1.6671573348503443e-06, -0.007799104321748018, 0.000347269291523844]
  ResConv 2:  [0.0004288288182578981, -3.5395598388276994e-05, -0.006876813247799873, 1.165952744486276e-05]
  ResConv 3:  [0.0003685814735945314, -0.0002571909863036126, -0.0061896913684904575, 0.0008437365759164095]
--
--
  ResConv 1:  [0.0005953841027803719, -2.8676064175670035e-05, -0.009827181696891785, 0.00097713153809309]
  ResConv 2:  [0.0005161859444342554, -7.716794061707333e-05, -0.008624675683677197, 0.0005225660279393196]
  ResConv 3:  [0.00043546236702241004, -0.0003644325479399413, -0.007740383502095938, 0.0015658941119909286]
--
--
  ResConv 1:  [0.0005741518107242882, 2.638984426539537e-07, -0.008836906403303146, 0.001113426755182445]
  ResConv 2:  [0.0005094814696349204, -5.2308314479887486e-05, -0.0077233389019966125, 0.0007036083843559027]
  ResConv 3:  [0.0004320576263125986, -0.00031126197427511215, -0.006928794551640749, 0.0016280864365398884]
--
--
  ResConv 1:  [0.0004764141340274364, 2.648839472385589e-05, -0.007695724256336689, 0.00028678635135293007]
  ResConv 2:  [0.0004033123259432614, -1.1974432709394023e-05, -0.0067419251427054405, -4.704988168668933e-05]
  ResConv 3:  [0.00034424668410792947, -0.0002523401635698974, -0.006025251932442188, 0.000803193252068013]
--
--
  ResConv 1:  [0.0002877598744817078, 4.804238415090367e-05, -0.008178972639143467, 0.0006006911862641573]
  ResConv 2:  [0.00023027589486446232, 2.4499436221958604e-06, -0.00714905746281147, 0.0002422239922452718]
  ResConv 3:  [0.0001719008869258687, -0.00024888815823942423, -0.0063947769813239574, 0.0011215904960408807]
--
--
  ResConv 1:  [0.0006066425121389329, -9.077635331777856e-05, -0.010483985766768456, 0.00120957859326154]
  ResConv 2:  [0.0005271177506074309, -0.0001487398985773325, -0.009117470122873783, 0.000695756811182946]
  ResConv 3:  [0.00043770470074377954, -0.0004829603130929172, -0.008108393289148808, 0.0018478696001693606]
--
--
  ResConv 1:  [0.0006066425121389329, -9.077634604182094e-05, -0.010483985766768456, 0.00120957859326154]
  ResConv 2:  [0.0005271177506074309, -0.0001487398985773325, -0.009117471054196358, 0.000695756752975285]
  ResConv 3:  [0.00043770470074377954, -0.0004829602548852563, -0.008108393289148808, 0.0018478696001693606]
--
--
  ResConv 1:  [0.000606642453931272, -9.077635331777856e-05, -0.010483985766768456, 0.00120957859326154]
  ResConv 2:  [0.00052711769239977, -0.0001487398985773325, -0.009117471054196358, 0.000695756752975285]
  ResConv 3:  [0.00043770470074377954, -0.0004829603130929172, -0.008108393289148808, 0.0018478696001693606]
--
--
  ResConv 1:  [0.0006066425121389329, -9.077635331777856e-05, -0.010483985766768456, 0.0012095787096768618]
  ResConv 2:  [0.00052711769239977, -0.0001487398985773325, -0.009117471054196358, 0.000695756811182946]
  ResConv 3:  [0.00043770470074377954, -0.0004829603130929172, -0.008108393289148808, 0.0018478696001693606]
--
--
  ResConv 1:  [0.0006066425121389329, -9.077635331777856e-05, -0.010483985766768456, 0.00120957859326154]
  ResConv 2:  [0.0005271177506074309, -0.0001487398985773325, -0.009117470122873783, 0.000695756811182946]
  ResConv 3:  [0.00043770470074377954, -0.0004829602548852563, -0.008108393289148808, 0.0018478696001693606]
--
--
  ResConv 1:  [0.00046583422226831317, 3.549761095200665e-05, -0.008252442814409733, 0.00042238165042363107]
  ResConv 2:  [0.0003924832562915981, -1.4487391126749571e-05, -0.007197766099125147, 6.705398845952004e-05]
  ResConv 3:  [0.00032800828921608627, -0.0002785750257316977, -0.006415780168026686, 0.0009748322772793472]
--
--
  ResConv 1:  [0.00046583422226831317, 3.549761822796427e-05, -0.008252442814409733, 0.00042238165042363107]
  ResConv 2:  [0.0003924832562915981, -1.4487388398265466e-05, -0.007197766099125147, 6.705398118356243e-05]
  ResConv 3:  [0.00032800828921608627, -0.0002785750257316977, -0.006415780168026686, 0.0009748322772793472]
--
--
  ResConv 1:  [0.00046583422226831317, 3.549761095200665e-05, -0.008252442814409733, 0.00042238165042363107]
  ResConv 2:  [0.00039248319808393717, -1.4487392945738975e-05, -0.007197766099125147, 6.705398845952004e-05]
  ResConv 3:  [0.00032800828921608627, -0.00027857505483552814, -0.006415780168026686, 0.0009748322772793472]
--
--
  ResConv 1:  [0.0004658342513721436, 3.5497621865943074e-05, -0.008252442814409733, 0.00042238165042363107]
  ResConv 2:  [0.0003924832562915981, -1.4487381122307852e-05, -0.007197766099125147, 6.70539666316472e-05]
  ResConv 3:  [0.0003280083183199167, -0.0002785749966278672, -0.006415780168026686, 0.0009748322772793472]
--
--
  ResConv 1:  [0.00046583422226831317, 3.549761095200665e-05, -0.008252442814409733, 0.00042238165042363107]
  ResConv 2:  [0.0003924832562915981, -1.4487401131191291e-05, -0.007197766099125147, 6.70539666316472e-05]
  ResConv 3:  [0.00032800828921608627, -0.0002785750257316977, -0.006415780168026686, 0.0009748322772793472]
--
--
  ResConv 1:  [0.0005633561522699893, 2.7055293685407378e-05, -0.008046863600611687, 0.0003286792489234358]
  ResConv 2:  [0.00048147031338885427, -1.6344061805284582e-05, -0.00702067231759429, -2.465482975821942e-05]
  ResConv 3:  [0.0004199265968054533, -0.0002767933765426278, -0.006249940022826195, 0.0008756829774938524]
--
--
  ResConv 1:  [0.0005633561522699893, 2.7055293685407378e-05, -0.008046863600611687, 0.0003286792489234358]
  ResConv 2:  [0.00048147031338885427, -1.634405998629518e-05, -0.00702067231759429, -2.4654840672155842e-05]
  ResConv 3:  [0.0004199265968054533, -0.00027679334743879735, -0.006249940022826195, 0.0008756828610785306]
--
--
  ResConv 1:  [0.0005633561522699893, 2.705528459046036e-05, -0.008046862669289112, 0.0003286792489234358]
  ResConv 2:  [0.00048147031338885427, -1.6344067262252793e-05, -0.00702067231759429, -2.4654822482261807e-05]
  ResConv 3:  [0.00041992656770162284, -0.0002767933765426278, -0.006249940022826195, 0.0008756829774938524]
--
--
  ResConv 1:  [0.0005633561522699893, 2.7055302780354396e-05, -0.008046863600611687, 0.0003286792489234358]
  ResConv 2:  [0.0004814703424926847, -1.6344049072358757e-05, -0.00702067231759429, -2.4654820663272403e-05]
  ResConv 3:  [0.0004199265968054533, -0.0002767933183349669, -0.006249940022826195, 0.0008756829774938524]
--
--
  ResConv 1:  [0.0005633561522699893, 2.705529550439678e-05, -0.008046863600611687, 0.0003286792489234358]
  ResConv 2:  [0.00048147031338885427, -1.634405634831637e-05, -0.00702067231759429, -2.4654820663272403e-05]
  ResConv 3:  [0.0004199265968054533, -0.00027679334743879735, -0.006249940022826195, 0.0008756828610785306]
--
--
  ResConv 1:  [0.00040931961848400533, 1.1024048944818787e-05, -0.006455172784626484, 0.00015906420594546944]
  ResConv 2:  [0.0003517656587064266, -2.347655208723154e-05, -0.005642365664243698, -0.00011221392924198881]
  ResConv 3:  [0.0003069623198825866, -0.00022924112272448838, -0.005027070175856352, 0.0006045366753824055]
--
--
  ResConv 1:  [0.0004093197057954967, 1.1024053492292296e-05, -0.006455172784626484, 0.00015906422049738467]
  ResConv 2:  [0.0003517656878102571, -2.347654663026333e-05, -0.005642365664243698, -0.00011221390741411597]
  ResConv 3:  [0.00030696234898641706, -0.00022924112272448838, -0.005027070175856352, 0.0006045366753824055]
--
--
  ResConv 1:  [0.0004093197057954967, 1.102405076380819e-05, -0.006455172784626484, 0.00015906420594546944]
  ResConv 2:  [0.0003517656587064266, -2.347654663026333e-05, -0.005642365664243698, -0.00011221392924198881]
  ResConv 3:  [0.0003069623198825866, -0.00022924112272448838, -0.005027070175856352, 0.0006045366753824055]
--
--
  ResConv 1:  [0.0004093197057954967, 1.1024053492292296e-05, -0.006455172784626484, 0.00015906420594546944]
  ResConv 2:  [0.0003517656878102571, -2.3476550268242136e-05, -0.005642365664243698, -0.00011221391469007358]
  ResConv 3:  [0.00030696234898641706, -0.00022924112272448838, -0.005027070175856352, 0.0006045366753824055]
--
--
  ResConv 1:  [0.0004093196475878358, 1.1024054401786998e-05, -0.006455172784626484, 0.00015906417684163898]
  ResConv 2:  [0.0003517656878102571, -2.347654663026333e-05, -0.005642365664243698, -0.00011221394379390404]
  ResConv 3:  [0.00030696234898641706, -0.00022924112272448838, -0.005027070175856352, 0.0006045366753824055]
--
--
  ResConv 1:  [0.0004554617335088551, 1.3728931662626565e-05, -0.006964660715311766, 0.00023150307242758572]
  ResConv 2:  [0.00038528547156602144, -2.450839565426577e-05, -0.006077599711716175, -6.682883395114914e-05]
  ResConv 3:  [0.00033025568700395525, -0.00024818500969558954, -0.005409831181168556, 0.000708932348061353]
--
--
  ResConv 1:  [0.00045546176261268556, 1.372893439111067e-05, -0.006964660715311766, 0.00023150308697950095]
  ResConv 2:  [0.00038528547156602144, -2.4508390197297558e-05, -0.006077599246054888, -6.682880484731868e-05]
  ResConv 3:  [0.0003302557161077857, -0.00024818500969558954, -0.005409831181168556, 0.000708932348061353]
--
--
  ResConv 1:  [0.0004554617335088551, 1.3728917110711336e-05, -0.006964660715311766, 0.00023150308697950095]
  ResConv 2:  [0.00038528541335836053, -2.4508410206180997e-05, -0.006077599246054888, -6.682880484731868e-05]
  ResConv 3:  [0.00033025562879629433, -0.00024818503879942, -0.005409831181168556, 0.000708932348061353]
--
--
  ResConv 1:  [0.0004554617335088551, 1.372892893414246e-05, -0.006964660715311766, 0.00023150308697950095]
  ResConv 2:  [0.000385285442462191, -2.4508399292244576e-05, -0.006077599246054888, -6.68288121232763e-05]
  ResConv 3:  [0.00033025562879629433, -0.00024818503879942, -0.005409831181168556, 0.000708932348061353]
--
--
  ResConv 1:  [0.00045546176261268556, 1.372891892970074e-05, -0.006964660715311766, 0.00023150308697950095]
  ResConv 2:  [0.00038528547156602144, -2.4508404749212787e-05, -0.006077599246054888, -6.682881939923391e-05]
  ResConv 3:  [0.0003302557161077857, -0.00024818503879942, -0.005409831181168556, 0.0007089324644766748]
--
--
  ResConv 1:  [0.00042343989480286837, 7.179044769145548e-05, -0.009328619576990604, 0.0007422936032526195]
  ResConv 2:  [0.00035177110112272203, 1.7753845895640552e-05, -0.0081207025796175, 0.00031600071815773845]
  ResConv 3:  [0.0002810080477502197, -0.0002843496040441096, -0.007229955401271582, 0.001348120509646833]
--
--
  ResConv 1:  [0.0004234399239066988, 7.179041858762503e-05, -0.00932861864566803, 0.0007422936032526195]
  ResConv 2:  [0.0003517711302265525, 1.77538186107995e-05, -0.0081207025796175, 0.000316000689053908]
  ResConv 3:  [0.0002810080477502197, -0.0002843496040441096, -0.007229955401271582, 0.001348120509646833]
--
--
  ResConv 1:  [0.0004234398656990379, 7.179042586358264e-05, -0.009328619576990604, 0.0007422935450449586]
  ResConv 2:  [0.00035177110112272203, 1.7753822248778306e-05, -0.0081207025796175, 0.000316000689053908]
  ResConv 3:  [0.00028100801864638925, -0.0002843496040441096, -0.007229955401271582, 0.001348120509646833]
--
--
  ResConv 1:  [0.0004234399239066988, 7.179041858762503e-05, -0.009328619576990604, 0.0007422934286296368]
  ResConv 2:  [0.0003517711302265525, 1.7753820429788902e-05, -0.0081207025796175, 0.000316000689053908]
  ResConv 3:  [0.0002810080477502197, -0.00028434963314794004, -0.007229955401271582, 0.001348120509646833]
--
--
  ResConv 1:  [0.0004234399239066988, 7.179042586358264e-05, -0.009328619576990604, 0.0007422936032526195]
  ResConv 2:  [0.0003517711302265525, 1.775382406776771e-05, -0.0081207025796175, 0.000316000689053908]
  ResConv 3:  [0.0002810080477502197, -0.0002843496040441096, -0.007229955401271582, 0.001348120509646833]
--
--
  ResConv 1:  [0.0005768946139141917, 4.875258673564531e-05, -0.008021080866456032, 0.00035142144770361483]
  ResConv 2:  [0.0004922092193737626, 5.998635970172472e-06, -0.007000994402915239, 4.770411123899976e-06]
  ResConv 3:  [0.0004253655206412077, -0.0002491897903382778, -0.0062375376001000404, 0.0008919444517232478]
--
--
  ResConv 1:  [0.0005768946139141917, 4.875257582170889e-05, -0.008021080866456032, 0.0003514214185997844]
  ResConv 2:  [0.0004922092193737626, 5.998627784720156e-06, -0.007000994402915239, 4.7703979362268e-06]
  ResConv 3:  [0.0004253655206412077, -0.0002491897903382778, -0.0062375376001000404, 0.0008919444517232478]
--
--
  ResConv 1:  [0.0005768946139141917, 4.8752579459687695e-05, -0.008021080866456032, 0.00035142144770361483]
  ResConv 2:  [0.0004922092775814235, 5.998632332193665e-06, -0.007000994402915239, 4.770414761878783e-06]
  ResConv 3:  [0.00042536554974503815, -0.0002491897903382778, -0.0062375376001000404, 0.0008919444517232478]
--
--
  ResConv 1:  [0.0005768946139141917, 4.8752590373624116e-05, -0.008021080866456032, 0.0003514214768074453]
  ResConv 2:  [0.0004922092193737626, 5.998636879667174e-06, -0.007000994402915239, 4.770426585309906e-06]
  ResConv 3:  [0.0004253655206412077, -0.0002491897903382778, -0.0062375376001000404, 0.0008919444517232478]
--
--
  ResConv 1:  [0.0005768946139141917, 4.875258673564531e-05, -0.008021080866456032, 0.00035142144770361483]
  ResConv 2:  [0.0004922092193737626, 5.998638698656578e-06, -0.007000994402915239, 4.770417945110239e-06]
  ResConv 3:  [0.00042536554974503815, -0.0002491897903382778, -0.0062375376001000404, 0.0008919444517232478]
--
--
  ResConv 1:  [0.0004707835032604635, 2.3107431843527593e-05, -0.006942226085811853, 0.00033231318229809403]
  ResConv 2:  [0.00039918883703649044, -1.4518729585688561e-05, -0.00605901051312685, 3.425685645197518e-05]
  ResConv 3:  [0.0003480834129732102, -0.00023600770509801805, -0.005393362604081631, 0.0008013078477233648]
--
--
  ResConv 1:  [0.000470783474156633, 2.3107426386559382e-05, -0.006942226551473141, 0.00033231324050575495]
  ResConv 2:  [0.00039918883703649044, -1.4518735042656772e-05, -0.00605901051312685, 3.425689283176325e-05]
  ResConv 3:  [0.00034808338386937976, -0.00023600771964993328, -0.005393362604081631, 0.0008013079641386867]
--
--
  ResConv 1:  [0.00047078353236429393, 2.3107422748580575e-05, -0.006942226085811853, 0.00033231324050575495]
  ResConv 2:  [0.00039918889524415135, -1.4518737771140877e-05, -0.00605901051312685, 3.4256878279848024e-05]
  ResConv 3:  [0.0003480834129732102, -0.00023600771964993328, -0.005393363069742918, 0.0008013078477233648]
--
--
  ResConv 1:  [0.000470783474156633, 2.3107426386559382e-05, -0.006942226551473141, 0.00033231318229809403]
  ResConv 2:  [0.0003991887788288295, -1.4518735042656772e-05, -0.00605901051312685, 3.425685645197518e-05]
  ResConv 3:  [0.0003480833547655493, -0.00023600770509801805, -0.005393363069742918, 0.0008013077895157039]
--
--
  ResConv 1:  [0.0004707835032604635, 2.3107422748580575e-05, -0.006942226551473141, 0.00033231324050575495]
  ResConv 2:  [0.00039918883703649044, -1.4518737771140877e-05, -0.00605901051312685, 3.4256878279848024e-05]
  ResConv 3:  [0.0003480833547655493, -0.00023600771964993328, -0.005393362604081631, 0.0008013078477233648]
--
--
  ResConv 1:  [0.0004074011230841279, -1.235809122590581e-05, -0.009057823568582535, 0.0004965191474184394]
  ResConv 2:  [0.00032921586534939706, -6.25213433522731e-05, -0.007900492288172245, 9.476351260673255e-05]
  ResConv 3:  [0.0002586511545814574, -0.00035869565908797085, -0.0070264884270727634, 0.001113236416131258]
--
--
  ResConv 1:  [0.00040740103577263653, -1.2358093044895213e-05, -0.009057823568582535, 0.0004965191474184394]
  ResConv 2:  [0.0003292157780379057, -6.252135062823072e-05, -0.007900492288172245, 9.476352715864778e-05]
  ResConv 3:  [0.00025865109637379646, -0.00035869565908797085, -0.0070264884270727634, 0.001113236416131258]
--
--
  ResConv 1:  [0.000407401064876467, -1.235810213984223e-05, -0.009057823568582535, 0.0004965192056261003]
  ResConv 2:  [0.00032921586534939706, -6.252135062823072e-05, -0.007900492288172245, 9.476355626247823e-05]
  ResConv 3:  [0.00025865109637379646, -0.0003586956881918013, -0.007026487961411476, 0.001113236416131258]
--
--
  ResConv 1:  [0.00040740103577263653, -1.2358100320852827e-05, -0.009057823568582535, 0.0004965192056261003]
  ResConv 2:  [0.0003292157780379057, -6.252135790418833e-05, -0.007900492288172245, 9.476355626247823e-05]
  ResConv 3:  [0.00025865109637379646, -0.0003586956881918013, -0.007026487961411476, 0.0011132365325465798]
--
--
  ResConv 1:  [0.00040740103577263653, -1.235810668731574e-05, -0.009057823568582535, 0.0004965192056261003]
  ResConv 2:  [0.00032921580714173615, -6.252136518014595e-05, -0.007900492288172245, 9.4763541710563e-05]
  ResConv 3:  [0.00025865109637379646, -0.0003586956881918013, -0.007026487961411476, 0.001113236416131258]
--
--
  ResConv 1:  [0.0003875985858030617, 9.158584362012334e-06, -0.007650780491530895, 0.0002766752731986344]
  ResConv 2:  [0.00033197944867424667, -3.15970646624919e-05, -0.0066855535842478275, -5.202193642617203e-05]
  ResConv 3:  [0.00028488991665653884, -0.0002806492557283491, -0.005947822239249945, 0.0008049535099416971]
--
--
  ResConv 1:  [0.00038759855669923127, 9.158607099379878e-06, -0.007650780491530895, 0.00027667530230246484]
  ResConv 2:  [0.00033197939046658576, -3.159703919664025e-05, -0.0066855535842478275, -5.202192915021442e-05]
  ResConv 3:  [0.00028488985844887793, -0.0002806492557283491, -0.005947822239249945, 0.0008049534517340362]
--
--
  ResConv 1:  [0.0003875985858030617, 9.15859800443286e-06, -0.007650780491530895, 0.00027667530230246484]
  ResConv 2:  [0.00033197939046658576, -3.1597050110576674e-05, -0.0066855535842478275, -5.202192551223561e-05]
  ResConv 3:  [0.00028488985844887793, -0.0002806492557283491, -0.005947822239249945, 0.0008049535099416971]
--
--
  ResConv 1:  [0.0003875985858030617, 9.158594366454054e-06, -0.007650780491530895, 0.00027667530230246484]
  ResConv 2:  [0.0003319794195704162, -3.159705374855548e-05, -0.0066855535842478275, -5.202192915021442e-05]
  ResConv 3:  [0.00028488991665653884, -0.0002806492557283491, -0.005947822239249945, 0.0008049534517340362]
--
--
  ResConv 1:  [0.00038759855669923127, 9.158599823422264e-06, -0.007650780491530895, 0.00027667530230246484]
  ResConv 2:  [0.00033197939046658576, -3.1597050110576674e-05, -0.0066855535842478275, -5.202193642617203e-05]
  ResConv 3:  [0.00028488985844887793, -0.0002806492557283491, -0.005947822239249945, 0.0008049534517340362]
--
--
  ResConv 1:  [0.0006904610199853778, 2.9699120204895735e-05, -0.01071089692413807, 0.0012610809644684196]
  ResConv 2:  [0.0005827549612149596, -3.256143827456981e-05, -0.009302880614995956, 0.0007405308424495161]
  ResConv 3:  [0.00047217996325343847, -0.0003797170356847346, -0.008267732337117195, 0.0019291889620944858]
--
--
  ResConv 1:  [0.0006904610199853778, 2.9699116566916928e-05, -0.01071089692413807, 0.0012610809644684196]
  ResConv 2:  [0.0005827549612149596, -3.256143827456981e-05, -0.009302881546318531, 0.0007405308424495161]
  ResConv 3:  [0.00047218005056492984, -0.0003797170356847346, -0.008267732337117195, 0.0019291889620944858]
--
--
  ResConv 1:  [0.0006904610199853778, 2.969913293782156e-05, -0.01071089692413807, 0.0012610809644684196]
  ResConv 2:  [0.0005827550194226205, -3.2561420084675774e-05, -0.009302880614995956, 0.0007405307842418551]
  ResConv 3:  [0.00047218005056492984, -0.0003797170065809041, -0.00826773140579462, 0.0019291889620944858]
--
--
  ResConv 1:  [0.0006904610199853778, 2.9699140213779174e-05, -0.01071089692413807, 0.0012610808480530977]
  ResConv 2:  [0.0005827549612149596, -3.2561420084675774e-05, -0.009302880614995956, 0.0007405307842418551]
  ResConv 3:  [0.00047217999235726893, -0.0003797170065809041, -0.008267732337117195, 0.0019291889620944858]
--
--
  ResConv 1:  [0.0006904610199853778, 2.9699120204895735e-05, -0.01071089692413807, 0.0012610809644684196]
  ResConv 2:  [0.0005827550194226205, -3.2561434636591e-05, -0.009302881546318531, 0.0007405307842418551]
  ResConv 3:  [0.00047217999235726893, -0.0003797170065809041, -0.008267732337117195, 0.0019291889620944858]
--
--
  ResConv 1:  [0.00041726374183781445, 3.536947406246327e-05, -0.007961563766002655, 0.0006461502052843571]
  ResConv 2:  [0.0003596643218770623, -7.59527574700769e-06, -0.0069371494464576244, 0.00028864486375823617]
  ResConv 3:  [0.00030468148179352283, -0.0002569817297626287, -0.0061897705309093, 0.0011456524953246117]
--
--
  ResConv 1:  [0.00041726374183781445, 3.5369466786505654e-05, -0.007961563766002655, 0.0006461502052843571]
  ResConv 2:  [0.0003596643509808928, -7.5952793849864975e-06, -0.0069371494464576244, 0.0002886448928620666]
  ResConv 3:  [0.00030468148179352283, -0.00025698175886645913, -0.0061897705309093, 0.0011456526117399335]
--
--
  ResConv 1:  [0.00041726374183781445, 3.536947406246327e-05, -0.007961563766002655, 0.000646150263492018]
  ResConv 2:  [0.0003596643509808928, -7.5952711995341815e-06, -0.0069371494464576244, 0.0002886448928620666]
  ResConv 3:  [0.0003046815108973533, -0.0002569817297626287, -0.0061897705309093, 0.0011456526117399335]
--
--
  ResConv 1:  [0.00041726374183781445, 3.536947406246327e-05, -0.007961563766002655, 0.0006461502052843571]
  ResConv 2:  [0.0003596643218770623, -7.595278475491796e-06, -0.0069371494464576244, 0.0002886448928620666]
  ResConv 3:  [0.00030468148179352283, -0.0002569817297626287, -0.0061897705309093, 0.0011456526117399335]
--
--
  ResConv 1:  [0.00041726374183781445, 3.53694886143785e-05, -0.007961563766002655, 0.000646150263492018]
  ResConv 2:  [0.0003596643509808928, -7.595258466608357e-06, -0.0069371494464576244, 0.0002886449219658971]
  ResConv 3:  [0.0003046815108973533, -0.0002569817297626287, -0.0061897705309093, 0.0011456524953246117]
--
--
  ResConv 1:  [0.0006074771517887712, -1.1483722119010054e-05, -0.00986977107822895, 0.00043425720650702715]
  ResConv 2:  [0.000516258820425719, -6.478637806139886e-05, -0.008618227206170559, 6.500371796391846e-07]
  ResConv 3:  [0.00044120673555880785, -0.0003879987052641809, -0.0076694185845553875, 0.001107322983443737]
--
--
  ResConv 1:  [0.0006074770935811102, -1.1483719390525948e-05, -0.00986977107822895, 0.0004342571774031967]
  ResConv 2:  [0.000516258820425719, -6.478637806139886e-05, -0.008618227206170559, 6.500316658275551e-07]
  ResConv 3:  [0.00044120673555880785, -0.0003879987052641809, -0.0076694185845553875, 0.0011073228670284152]
--
--
  ResConv 1:  [0.000607477268204093, -1.1483723028504755e-05, -0.00986977107822895, 0.00043425720650702715]
  ResConv 2:  [0.000516258820425719, -6.478638533735648e-05, -0.008618227206170559, 6.500460472125269e-07]
  ResConv 3:  [0.00044120673555880785, -0.00038799867616035044, -0.0076694185845553875, 0.001107322983443737]
--
--
  ResConv 1:  [0.0006074771517887712, -1.1483719390525948e-05, -0.00986977107822895, 0.0004342571774031967]
  ResConv 2:  [0.000516258820425719, -6.478637806139886e-05, -0.008618227206170559, 6.500217750726733e-07]
  ResConv 3:  [0.00044120673555880785, -0.0003879987052641809, -0.0076694185845553875, 0.001107322983443737]
--
--
  ResConv 1:  [0.000607477268204093, -1.1483722119010054e-05, -0.00986977107822895, 0.00043425720650702715]
  ResConv 2:  [0.000516258820425719, -6.478637806139886e-05, -0.008618227206170559, 6.50053777917492e-07]
  ResConv 3:  [0.00044120673555880785, -0.00038799867616035044, -0.0076694185845553875, 0.001107322983443737]
--
--
  ResConv 1:  [0.000469428749056533, 6.367157766362652e-06, -0.007780163548886776, 0.0005675521679222584]
  ResConv 2:  [0.0003984897630289197, -3.7779464037157595e-05, -0.006778264883905649, 0.00021748496510554105]
  ResConv 3:  [0.0003343239950481802, -0.00028801767621189356, -0.006036467384546995, 0.0010730345966294408]
--
--
  ResConv 1:  [0.0004694288072641939, 6.367155037878547e-06, -0.007780163548886776, 0.0005675522261299193]
  ResConv 2:  [0.0003984897048212588, -3.7779464037157595e-05, -0.006778264883905649, 0.0002174850378651172]
  ResConv 3:  [0.0003343239950481802, -0.000288017705315724, -0.006036467384546995, 0.0010730345966294408]
--
--
  ResConv 1:  [0.0004694287199527025, 6.367162313836161e-06, -0.007780163548886776, 0.0005675521097145975]
  ResConv 2:  [0.0003984897048212588, -3.7779453123221174e-05, -0.006778264883905649, 0.0002174849942093715]
  ResConv 3:  [0.0003343239950481802, -0.00028801767621189356, -0.006036467384546995, 0.0010730345966294408]
--
--
  ResConv 1:  [0.0004694287199527025, 6.367170044541126e-06, -0.007780163548886776, 0.0005675522261299193]
  ResConv 2:  [0.0003984897048212588, -3.7779453123221174e-05, -0.006778264883905649, 0.0002174849942093715]
  ResConv 3:  [0.0003343239950481802, -0.00028801767621189356, -0.006036467384546995, 0.0010730347130447626]
--
--
  ResConv 1:  [0.0004694287199527025, 6.367178229993442e-06, -0.007780163548886776, 0.0005675521097145975]
  ResConv 2:  [0.0003984897048212588, -3.777944220928475e-05, -0.006778264883905649, 0.00021748496510554105]
  ResConv 3:  [0.0003343239368405193, -0.00028801767621189356, -0.006036467384546995, 0.0010730345966294408]
--
--
  ResConv 1:  [0.00039281195495277643, 5.244617932476103e-05, -0.007002066355198622, 0.0003263413964305073]
  ResConv 2:  [0.0003231370938010514, 1.5041709048091434e-05, -0.006101253908127546, 2.100222081935499e-05]
  ResConv 3:  [0.00026295907446183264, -0.00020886161655653268, -0.005429967772215605, 0.0007984457770362496]
--
--
  ResConv 1:  [0.00039281195495277643, 5.244617932476103e-05, -0.007002066355198622, 0.0003263413964305073]
  ResConv 2:  [0.0003231370646972209, 1.5041709048091434e-05, -0.006101253908127546, 2.100219535350334e-05]
  ResConv 3:  [0.00026295907446183264, -0.0002088616311084479, -0.005429967772215605, 0.0007984457770362496]
--
--
  ResConv 1:  [0.00039281201316043735, 5.244617932476103e-05, -0.007002066355198622, 0.0003263413964305073]
  ResConv 2:  [0.0003231370938010514, 1.5041710867080837e-05, -0.006101254373788834, 2.100221718137618e-05]
  ResConv 3:  [0.0002629591035656631, -0.00020886161655653268, -0.005429967772215605, 0.0007984457770362496]
--
--
  ResConv 1:  [0.00039281201316043735, 5.2446175686782226e-05, -0.007002066355198622, 0.0003263413964305073]
  ResConv 2:  [0.0003231370938010514, 1.5041704500617925e-05, -0.006101253908127546, 2.1002209905418567e-05]
  ResConv 3:  [0.0002629591035656631, -0.00020886161655653268, -0.0054299673065543175, 0.0007984457770362496]
--
--
  ResConv 1:  [0.00039281201316043735, 5.244618660071865e-05, -0.007002066355198622, 0.0003263413964305073]
  ResConv 2:  [0.00032313712290488183, 1.5041712686070241e-05, -0.006101253908127546, 2.1002215362386778e-05]
  ResConv 3:  [0.0002629591035656631, -0.0002088616311084479, -0.0054299673065543175, 0.0007984457770362496]
--
--
  ResConv 1:  [0.0005240747705101967, 2.1618954633595422e-05, -0.009078854694962502, 0.0005481875850819051]
  ResConv 2:  [0.00044870394049212337, -2.882494663936086e-05, -0.007917871698737144, 0.0001486620749346912]
  ResConv 3:  [0.00038401977508328855, -0.00031993960146792233, -0.007053370121866465, 0.0011470698518678546]
--
--
  ResConv 1:  [0.0005240747705101967, 2.1618976461468264e-05, -0.009078854694962502, 0.0005481875850819051]
  ResConv 2:  [0.0004487039695959538, -2.8824924811488017e-05, -0.007917871698737144, 0.00014866204583086073]
  ResConv 3:  [0.000384019804187119, -0.0003199395723640919, -0.007053369656205177, 0.0011470698518678546]
--
--
  ResConv 1:  [0.0005240747123025358, 2.1618961909553036e-05, -0.009078855626285076, 0.0005481875850819051]
  ResConv 2:  [0.00044870394049212337, -2.8824944820371456e-05, -0.007917871698737144, 0.0001486620312789455]
  ResConv 3:  [0.00038401977508328855, -0.0003199395723640919, -0.007053370121866465, 0.0011470698518678546]
--
--
  ResConv 1:  [0.0005240747705101967, 2.161896918551065e-05, -0.009078855626285076, 0.0005481875850819051]
  ResConv 2:  [0.0004487039695959538, -2.8824939363403246e-05, -0.007917871698737144, 0.0001486620312789455]
  ResConv 3:  [0.000384019804187119, -0.00031993960146792233, -0.007053369656205177, 0.0011470698518678546]
--
--
  ResConv 1:  [0.0005240747705101967, 2.1618972823489457e-05, -0.009078854694962502, 0.0005481875850819051]
  ResConv 2:  [0.0004487039695959538, -2.8824928449466825e-05, -0.007917871698737144, 0.0001486620312789455]
  ResConv 3:  [0.000384019804187119, -0.00031993960146792233, -0.007053370121866465, 0.0011470698518678546]
--
--
  ResConv 1:  [0.0005096130189485848, 8.236815483542159e-05, -0.009304876439273357, 0.0007099791546352208]
  ResConv 2:  [0.0004305274342186749, 2.9990294933668338e-05, -0.00809733010828495, 0.0002811519370879978]
  ResConv 3:  [0.00035542843397706747, -0.0002660347963683307, -0.007214622106403112, 0.0013039361219853163]
--
--
  ResConv 1:  [0.0005096129607409239, 8.23681621113792e-05, -0.009304877370595932, 0.0007099792128428817]
  ResConv 2:  [0.0004305274924263358, 2.999031676154118e-05, -0.00809733010828495, 0.0002811519370879978]
  ResConv 3:  [0.00035542846308089793, -0.00026603476726450026, -0.007214622106403112, 0.0013039361219853163]
--
--
  ResConv 1:  [0.0005096130189485848, 8.236814028350636e-05, -0.009304876439273357, 0.0007099791546352208]
  ResConv 2:  [0.0004305274924263358, 2.9990302209625952e-05, -0.00809733010828495, 0.0002811519370879978]
  ResConv 3:  [0.00035542846308089793, -0.0002660347963683307, -0.007214622106403112, 0.0013039361219853163]
--
--
  ResConv 1:  [0.0005096130189485848, 8.236814028350636e-05, -0.009304877370595932, 0.0007099791546352208]
  ResConv 2:  [0.00043052746332250535, 2.9990304028615355e-05, -0.00809733010828495, 0.0002811519370879978]
  ResConv 3:  [0.00035542846308089793, -0.0002660347963683307, -0.007214622106403112, 0.0013039361219853163]
--
--
  ResConv 1:  [0.0005096130189485848, 8.236814028350636e-05, -0.009304876439273357, 0.0007099792710505426]
  ResConv 2:  [0.0004305274924263358, 2.9990294933668338e-05, -0.00809733010828495, 0.00028115196619182825]
  ResConv 3:  [0.00035542846308089793, -0.0002660347963683307, -0.007214622106403112, 0.0013039361219853163]
--
--
  ResConv 1:  [0.0004760041192639619, 9.932188731909264e-06, -0.007284318562597036, 0.00023095429060049355]
  ResConv 2:  [0.00041116823558695614, -2.9054113838355988e-05, -0.006362424232065678, -7.937997725093737e-05]
  ResConv 3:  [0.00036178462323732674, -0.0002619863080326468, -0.005666329059749842, 0.0007299100980162621]
--
--
  ResConv 1:  [0.0004760041192639619, 9.932174179994036e-06, -0.007284318562597036, 0.00023095427604857832]
  ResConv 2:  [0.0004111682646907866, -2.9054128390271217e-05, -0.006362424232065678, -7.93799918028526e-05]
  ResConv 3:  [0.00036178462323732674, -0.0002619863080326468, -0.005666329059749842, 0.0007299102144315839]
--
--
  ResConv 1:  [0.0004760041192639619, 9.932186003425159e-06, -0.007284318562597036, 0.00023095430515240878]
  ResConv 2:  [0.0004111682646907866, -2.9054117476334795e-05, -0.006362424232065678, -7.937996997497976e-05]
  ResConv 3:  [0.0003617846523411572, -0.0002619863080326468, -0.005666329059749842, 0.000729910156223923]
--
--
  ResConv 1:  [0.0004760041192639619, 9.932178727467544e-06, -0.007284318562597036, 0.00023095427604857832]
  ResConv 2:  [0.0004111682646907866, -2.9054122933303006e-05, -0.006362424232065678, -7.938000635476783e-05]
  ResConv 3:  [0.00036178462323732674, -0.0002619863080326468, -0.005666329059749842, 0.0007299100980162621]
--
--
  ResConv 1:  [0.00047600409016013145, 9.932188731909264e-06, -0.007284318562597036, 0.00023095430515240878]
  ResConv 2:  [0.0004111682646907866, -2.9054112019366585e-05, -0.006362424232065678, -7.937999907881021e-05]
  ResConv 3:  [0.00036178462323732674, -0.0002619863080326468, -0.005666329059749842, 0.0007299100980162621]
--
--
  ResConv 1:  [0.0005166733171790838, 2.1250089048407972e-05, -0.009033639915287495, 0.0005015387432649732]
  ResConv 2:  [0.00043426285265013576, -2.7721405785996467e-05, -0.007878701202571392, 0.00010236193338641897]
  ResConv 3:  [0.000362230435712263, -0.0003201684448868036, -0.007011089939624071, 0.0011086551239714026]
--
--
  ResConv 1:  [0.0005166733171790838, 2.125008359143976e-05, -0.009033639915287495, 0.0005015387432649732]
  ResConv 2:  [0.00043426291085779667, -2.7721409423975274e-05, -0.007878701202571392, 0.00010236192611046135]
  ResConv 3:  [0.000362230435712263, -0.0003201684448868036, -0.007011089939624071, 0.0011086551239714026]
--
--
  ResConv 1:  [0.0005166733171790838, 2.125006722053513e-05, -0.009033639915287495, 0.0005015387432649732]
  ResConv 2:  [0.00043426285265013576, -2.7721431251848117e-05, -0.007878701202571392, 0.00010236193338641897]
  ResConv 3:  [0.000362230435712263, -0.0003201684448868036, -0.007011089939624071, 0.0011086551239714026]
--
--
  ResConv 1:  [0.0005166733171790838, 2.1250081772450358e-05, -0.009033639915287495, 0.0005015387432649732]
  ResConv 2:  [0.00043426291085779667, -2.7721414880943485e-05, -0.007878701202571392, 0.00010236194066237658]
  ResConv 3:  [0.00036223040660843253, -0.0003201684448868036, -0.007011089939624071, 0.0011086552403867245]
--
--
  ResConv 1:  [0.0005166733171790838, 2.125008722941857e-05, -0.009033639915287495, 0.0005015387432649732]
  ResConv 2:  [0.00043426285265013576, -2.772141306195408e-05, -0.007878701202571392, 0.00010236191883450374]
  ResConv 3:  [0.00036223040660843253, -0.0003201684448868036, -0.007011089939624071, 0.0011086552403867245]
--
--
  ResConv 1:  [0.00036916008684784174, 3.461785308900289e-05, -0.008072715252637863, 0.0006306794821284711]
  ResConv 2:  [0.0003121380286756903, -7.645586265425663e-06, -0.0070281680673360825, 0.00025367410853505135]
  ResConv 3:  [0.0002574716054368764, -0.00026723401970230043, -0.006250431761145592, 0.001152855809777975]
--
--
  ResConv 1:  [0.0003691600577440113, 3.4617860364960507e-05, -0.008072715252637863, 0.000630679598543793]
  ResConv 2:  [0.0003121380286756903, -7.645578079973347e-06, -0.0070281680673360825, 0.0002536741376388818]
  ResConv 3:  [0.0002574716054368764, -0.00026723401970230043, -0.006250431761145592, 0.001152855809777975]
--
--
  ResConv 1:  [0.0003691600577440113, 3.461785308900289e-05, -0.008072715252637863, 0.000630679598543793]
  ResConv 2:  [0.0003121380286756903, -7.645579898962751e-06, -0.0070281680673360825, 0.0002536741376388818]
  ResConv 3:  [0.00025747157633304596, -0.00026723401970230043, -0.006250431761145592, 0.001152855809777975]
--
--
  ResConv 1:  [0.0003691600577440113, 3.4617860364960507e-05, -0.008072715252637863, 0.000630679598543793]
  ResConv 2:  [0.00031213799957185984, -7.64557444199454e-06, -0.0070281680673360825, 0.0002536741376388818]
  ResConv 3:  [0.00025747157633304596, -0.00026723401970230043, -0.006250431761145592, 0.001152855809777975]
--
--
  ResConv 1:  [0.0003691600577440113, 3.46178567269817e-05, -0.008072715252637863, 0.000630679598543793]
  ResConv 2:  [0.00031213799957185984, -7.645581717952155e-06, -0.0070281680673360825, 0.00025367410853505135]
  ResConv 3:  [0.0002574716054368764, -0.00026723401970230043, -0.006250431761145592, 0.001152855809777975]
--
--
  ResConv 1:  [0.0003532778355292976, 4.909762355964631e-05, -0.006156146060675383, 0.00017666583880782127]
  ResConv 2:  [0.0003052714164368808, 1.483489995734999e-05, -0.005371703766286373, -8.23674417915754e-05]
  ResConv 3:  [0.00026975388755090535, -0.00018111093959305435, -0.0047832210548222065, 0.0006017316482029855]
--
--
  ResConv 1:  [0.00035327780642546713, 4.909763447358273e-05, -0.006156146060675383, 0.0001766657951520756]
  ResConv 2:  [0.0003052714164368808, 1.4834911780781113e-05, -0.005371703766286373, -8.236746361944824e-05]
  ResConv 3:  [0.0002697538584470749, -0.00018111093959305435, -0.0047832210548222065, 0.0006017316482029855]
--
--
  ResConv 1:  [0.0003532778355292976, 4.909762355964631e-05, -0.006156146060675383, 0.0001766657951520756]
  ResConv 2:  [0.0003052714164368808, 1.4834907233307604e-05, -0.005371703766286373, -8.236745634349063e-05]
  ResConv 3:  [0.00026975388755090535, -0.00018111093959305435, -0.0047832210548222065, 0.0006017316482029855]
--
--
  ResConv 1:  [0.0003532778355292976, 4.9097616283688694e-05, -0.006156146060675383, 0.00017666578060016036]
  ResConv 2:  [0.0003052714455407113, 1.4834892681392375e-05, -0.005371703766286373, -8.236747089540586e-05]
  ResConv 3:  [0.00026975388755090535, -0.00018111093959305435, -0.0047832210548222065, 0.0006017316482029855]
--
--
  ResConv 1:  [0.00035327786463312805, 4.909763447358273e-05, -0.006156146060675383, 0.00017666583880782127]
  ResConv 2:  [0.0003052714455407113, 1.483491541875992e-05, -0.005371703766286373, -8.23674417915754e-05]
  ResConv 3:  [0.0002697539166547358, -0.00018111093959305435, -0.0047832210548222065, 0.0006017317646183074]
--
--
  ResConv 1:  [0.0006291603203862906, 1.308644550590543e-05, -0.009357278235256672, 0.0004588505544234067]
  ResConv 2:  [0.0005330040003173053, -3.718135121744126e-05, -0.008166380226612091, 4.412126509123482e-05]
  ResConv 3:  [0.0004528063873294741, -0.0003433265374042094, -0.007267671171575785, 0.0010953540913760662]
--
--
  ResConv 1:  [0.0006291602621786296, 1.308644550590543e-05, -0.009357279166579247, 0.0004588505544234067]
  ResConv 2:  [0.0005330040003173053, -3.718134394148365e-05, -0.008166380226612091, 4.41212541772984e-05]
  ResConv 3:  [0.0004528063873294741, -0.0003433265374042094, -0.007267671171575785, 0.0010953540913760662]
--
--
  ResConv 1:  [0.0006291602621786296, 1.308645005337894e-05, -0.009357279166579247, 0.00045885052531957626]
  ResConv 2:  [0.0005330040003173053, -3.718134394148365e-05, -0.008166380226612091, 4.412125053931959e-05]
  ResConv 3:  [0.0004528063873294741, -0.0003433265374042094, -0.007267671171575785, 0.0010953540913760662]
--
--
  ResConv 1:  [0.0006291602621786296, 1.3086444596410729e-05, -0.009357278235256672, 0.0004588505544234067]
  ResConv 2:  [0.0005330040003173053, -3.718134394148365e-05, -0.008166380226612091, 4.412127236719243e-05]
  ResConv 3:  [0.0004528063873294741, -0.0003433265374042094, -0.007267670705914497, 0.0010953540913760662]
--
--
  ResConv 1:  [0.0006291603203862906, 1.3086449143884238e-05, -0.009357278235256672, 0.0004588505544234067]
  ResConv 2:  [0.0005330040003173053, -3.718134030350484e-05, -0.008166380226612091, 4.412127600517124e-05]
  ResConv 3:  [0.0004528063873294741, -0.0003433265374042094, -0.007267671171575785, 0.0010953540913760662]
--
--
  ResConv 1:  [0.00047886651009321213, 6.295985804172233e-05, -0.007410670164972544, 0.0003548404492903501]
  ResConv 2:  [0.00041665550088509917, 2.0276636860216968e-05, -0.006462615914642811, 4.319299478083849e-05]
  ResConv 3:  [0.0003637623740360141, -0.00021360917889978737, -0.0057684071362018585, 0.000845722621306777]
--
--
  ResConv 1:  [0.00047886651009321213, 6.295985076576471e-05, -0.007410670164972544, 0.00035484047839418054]
  ResConv 2:  [0.0004166554717812687, 2.0276625946280546e-05, -0.006462615914642811, 4.319302024669014e-05]
  ResConv 3:  [0.0003637623740360141, -0.0002136091934517026, -0.0057684071362018585, 0.000845722621306777]
--
--
  ResConv 1:  [0.0004788664518855512, 6.295983621384948e-05, -0.007410670164972544, 0.0003548404492903501]
  ResConv 2:  [0.0004166554717812687, 2.0276620489312336e-05, -0.006462615914642811, 4.31929984188173e-05]
  ResConv 3:  [0.0003637623740360141, -0.0002136091934517026, -0.0057684071362018585, 0.000845722621306777]
--
--
  ResConv 1:  [0.00047886651009321213, 6.295985076576471e-05, -0.007410670164972544, 0.0003548404492903501]
  ResConv 2:  [0.0004166554717812687, 2.0276625946280546e-05, -0.006462615914642811, 4.319299478083849e-05]
  ResConv 3:  [0.0003637623740360141, -0.0002136091934517026, -0.0057684071362018585, 0.000845722621306777]
--
--
  ResConv 1:  [0.00047886651009321213, 6.295986531767994e-05, -0.007410669699311256, 0.0003548404492903501]
  ResConv 2:  [0.00041665550088509917, 2.0276635041227564e-05, -0.006462615914642811, 4.319298022892326e-05]
  ResConv 3:  [0.0003637623740360141, -0.0002136091934517026, -0.0057684071362018585, 0.000845722621306777]
--
--
  ResConv 1:  [0.0004644186410587281, 2.6979318136000074e-05, -0.008055828511714935, 0.0005475865909829736]
  ResConv 2:  [0.00040928521775640547, -1.6821459212224e-05, -0.007018422242254019, 0.00018160037870984524]
  ResConv 3:  [0.0003542180056683719, -0.00028007375658489764, -0.006238235160708427, 0.00108910643029958]
--
--
  ResConv 1:  [0.00046441861195489764, 2.6979309041053057e-05, -0.008055828511714935, 0.0005475865909829736]
  ResConv 2:  [0.00040928521775640547, -1.6821471945149824e-05, -0.007018422242254019, 0.0001816003496060148]
  ResConv 3:  [0.0003542180056683719, -0.0002800737856887281, -0.006238235160708427, 0.0010891063138842583]
--
--
  ResConv 1:  [0.00046441867016255856, 2.6979312679031864e-05, -0.008055828511714935, 0.0005475865909829736]
  ResConv 2:  [0.00040928521775640547, -1.6821468307171017e-05, -0.007018422242254019, 0.0001816003496060148]
  ResConv 3:  [0.0003542180056683719, -0.00028007375658489764, -0.006238235160708427, 0.0010891063138842583]
--
--
  ResConv 1:  [0.00046441861195489764, 2.6979312679031864e-05, -0.008055828511714935, 0.0005475865909829736]
  ResConv 2:  [0.00040928521775640547, -1.682146466919221e-05, -0.007018422242254019, 0.00018160037870984524]
  ResConv 3:  [0.0003542180056683719, -0.0002800737856887281, -0.006238235160708427, 0.00108910643029958]
--
--
  ResConv 1:  [0.00046441867016255856, 2.6979309041053057e-05, -0.008055828511714935, 0.0005475865909829736]
  ResConv 2:  [0.00040928524686023593, -1.6821468307171017e-05, -0.007018422242254019, 0.0001816003496060148]
  ResConv 3:  [0.0003542180056683719, -0.0002800737856887281, -0.006238235160708427, 0.0010891063138842583]
--
--
  ResConv 1:  [0.0004527234996203333, -5.478522169255484e-08, -0.007898034527897835, 0.0003289039304945618]
  ResConv 2:  [0.00038019235944375396, -4.2535662942100316e-05, -0.00689146900549531, -1.1910550711036194e-05]
  ResConv 3:  [0.0003215114993508905, -0.0002970184723380953, -0.006135547533631325, 0.0008646631613373756]
--
--
  ResConv 1:  [0.00045272347051650286, -5.478867137753696e-08, -0.007898034527897835, 0.00032890395959839225]
  ResConv 2:  [0.00038019235944375396, -4.253566658007912e-05, -0.00689146900549531, -1.1910544344573282e-05]
  ResConv 3:  [0.0003215114411432296, -0.0002970184723380953, -0.006135547533631325, 0.0008646631613373756]
--
--
  ResConv 1:  [0.00045272347051650286, -5.4772389290747014e-08, -0.007898034527897835, 0.00032890395959839225]
  ResConv 2:  [0.00038019235944375396, -4.253564839018509e-05, -0.0068914685398340225, -1.1910541616089176e-05]
  ResConv 3:  [0.0003215114993508905, -0.00029701844323426485, -0.0061355470679700375, 0.0008646632195450366]
--
--
  ResConv 1:  [0.0004527234996203333, -5.478425535443421e-08, -0.007898034527897835, 0.0003289039304945618]
  ResConv 2:  [0.0003801923885475844, -4.2535662942100316e-05, -0.00689146900549531, -1.1910546163562685e-05]
  ResConv 3:  [0.0003215114993508905, -0.0002970184723380953, -0.006135547533631325, 0.0008646632195450366]
--
--
  ResConv 1:  [0.00045272347051650286, -5.480053744122415e-08, -0.00789803545922041, 0.00032890395959839225]
  ResConv 2:  [0.00038019235944375396, -4.253567385603674e-05, -0.00689146900549531, -1.191054889204679e-05]
  ResConv 3:  [0.00032151147024706006, -0.0002970184723380953, -0.0061355470679700375, 0.0008646631613373756]
--
--
  ResConv 1:  [0.0005188455688767135, -5.141447400092147e-05, -0.008967720903456211, 0.0007221624255180359]
  ResConv 2:  [0.00044190158951096237, -0.00010156817006645724, -0.007820002734661102, 0.0003197559271939099]
  ResConv 3:  [0.0003661352675408125, -0.0003920052549801767, -0.006953094154596329, 0.001314335037022829]
--
--
  ResConv 1:  [0.0005188455688767135, -5.141448127687909e-05, -0.008967720903456211, 0.0007221624255180359]
  ResConv 2:  [0.00044190158951096237, -0.00010156815551454201, -0.007820003665983677, 0.0003197558980900794]
  ResConv 3:  [0.0003661352675408125, -0.00039200528408400714, -0.006953094154596329, 0.001314335037022829]
--
--
  ResConv 1:  [0.0005188455688767135, -5.1414470362942666e-05, -0.008967720903456211, 0.0007221624255180359]
  ResConv 2:  [0.00044190158951096237, -0.00010156817006645724, -0.007820002734661102, 0.0003197559271939099]
  ResConv 3:  [0.0003661352675408125, -0.0003920052549801767, -0.006953094154596329, 0.001314335037022829]
--
--
  ResConv 1:  [0.0005188455688767135, -5.141444853506982e-05, -0.008967720903456211, 0.0007221624255180359]
  ResConv 2:  [0.00044190158951096237, -0.00010156813368666917, -0.007820003665983677, 0.0003197559854015708]
  ResConv 3:  [0.00036613523843698204, -0.0003920051967725158, -0.006953094154596329, 0.001314335037022829]
--
--
  ResConv 1:  [0.0005188455688767135, -5.1414470362942666e-05, -0.008967720903456211, 0.0007221624255180359]
  ResConv 2:  [0.00044190158951096237, -0.00010156815551454201, -0.007820003665983677, 0.0003197559271939099]
  ResConv 3:  [0.00036613523843698204, -0.00039200528408400714, -0.006953094154596329, 0.001314335037022829]
--
--
  ResConv 1:  [0.0004012485733255744, 2.7485480131872464e-06, -0.007130022626370192, 0.0004056605976074934]
  ResConv 2:  [0.0003414673265069723, -3.68857872672379e-05, -0.006217854097485542, 9.324993879999965e-05]
  ResConv 3:  [0.0002946377207990736, -0.00026820748462341726, -0.005531041417270899, 0.0008820490329526365]
--
--
  ResConv 1:  [0.00040124860242940485, 2.7485455120768165e-06, -0.007130022626370192, 0.0004056605976074934]
  ResConv 2:  [0.0003414673265069723, -3.68857872672379e-05, -0.006217854097485542, 9.324993879999965e-05]
  ResConv 3:  [0.00029463774990290403, -0.00026820748462341726, -0.005531041417270899, 0.0008820490329526365]
--
--
  ResConv 1:  [0.00040124860242940485, 2.7485505142976763e-06, -0.007130022626370192, 0.0004056605393998325]
  ResConv 2:  [0.0003414673265069723, -3.688577999128029e-05, -0.006217854097485542, 9.324993879999965e-05]
  ResConv 3:  [0.00029463774990290403, -0.00026820748462341726, -0.005531041417270899, 0.0008820490329526365]
--
--
  ResConv 1:  [0.0004012485733255744, 2.7485450573294656e-06, -0.007130022626370192, 0.0004056605976074934]
  ResConv 2:  [0.00034146729740314186, -3.6885783629259095e-05, -0.006217854097485542, 9.324993879999965e-05]
  ResConv 3:  [0.0002946377207990736, -0.00026820748462341726, -0.005531041417270899, 0.0008820490329526365]
--
--
  ResConv 1:  [0.0004012485733255744, 2.7485423288453603e-06, -0.007130022626370192, 0.0004056605976074934]
  ResConv 2:  [0.0003414673265069723, -3.68857872672379e-05, -0.006217854097485542, 9.324991697212681e-05]
  ResConv 3:  [0.00029463774990290403, -0.00026820748462341726, -0.005531041417270899, 0.0008820490329526365]
--
--
  ResConv 1:  [0.00038829349796287715, 2.015062636928633e-05, -0.006322333123534918, 0.00016437063459306955]
  ResConv 2:  [0.000332167575834319, -1.3681632481166162e-05, -0.005518853664398193, -0.00010241876589134336]
  ResConv 3:  [0.0002895797661039978, -0.000215038176975213, -0.0049146548844873905, 0.0005998715059831738]
--
--
  ResConv 1:  [0.0003882934688590467, 2.0150639102212153e-05, -0.006322333123534918, 0.00016437063459306955]
  ResConv 2:  [0.000332167575834319, -1.3681619748240337e-05, -0.005518853664398193, -0.00010241874406347051]
  ResConv 3:  [0.00028957973700016737, -0.000215038176975213, -0.0049146548844873905, 0.0005998715059831738]
--
--
  ResConv 1:  [0.00038829349796287715, 2.0150628188275732e-05, -0.006322333123534918, 0.00016437063459306955]
  ResConv 2:  [0.000332167575834319, -1.3681629752682056e-05, -0.005518853664398193, -0.00010241876589134336]
  ResConv 3:  [0.0002895797661039978, -0.000215038176975213, -0.0049146548844873905, 0.0005998715059831738]
--
--
  ResConv 1:  [0.00038829349796287715, 2.0150630007265136e-05, -0.006322333123534918, 0.00016437063459306955]
  ResConv 2:  [0.00033216760493814945, -1.3681627933692653e-05, -0.005518853664398193, -0.00010241875861538574]
  ResConv 3:  [0.0002895797661039978, -0.000215038176975213, -0.0049146548844873905, 0.0005998715059831738]
--
--
  ResConv 1:  [0.0003882934688590467, 2.0150633645243943e-05, -0.006322333123534918, 0.00016437063459306955]
  ResConv 2:  [0.000332167575834319, -1.3681623386219144e-05, -0.005518853664398193, -0.00010241876589134336]
  ResConv 3:  [0.0002895797661039978, -0.00021503814787138253, -0.0049146548844873905, 0.0005998715641908348]
--
--
  ResConv 1:  [0.00041579719982109964, 2.3758053430356085e-05, -0.008492407388985157, 0.00027143521583639085]
  ResConv 2:  [0.00035167840542271733, -2.1925043256487697e-05, -0.007416045758873224, -9.7848562290892e-05]
  ResConv 3:  [0.0002993157540913671, -0.0003026448539458215, -0.006593397352844477, 0.000863163557369262]
--
--
  ResConv 1:  [0.00041579725802876055, 2.37580607063137e-05, -0.008492407388985157, 0.00027143521583639085]
  ResConv 2:  [0.00035167846363037825, -2.1925037799519487e-05, -0.007416045758873224, -9.7848562290892e-05]
  ResConv 3:  [0.00029931581229902804, -0.0003026448539458215, -0.006593397352844477, 0.000863163557369262]
--
--
  ResConv 1:  [0.0004157972289249301, 2.3758044335409068e-05, -0.008492406457662582, 0.00027143521583639085]
  ResConv 2:  [0.00035167840542271733, -2.1925052351434715e-05, -0.007416045758873224, -9.784855501493439e-05]
  ResConv 3:  [0.00029931581229902804, -0.0003026448539458215, -0.006593397352844477, 0.000863163557369262]
--
--
  ResConv 1:  [0.0004157972289249301, 2.375805524934549e-05, -0.008492407388985157, 0.0002714352449402213]
  ResConv 2:  [0.00035167846363037825, -2.1925043256487697e-05, -0.007416045758873224, -9.784855501493439e-05]
  ResConv 3:  [0.0002993158414028585, -0.0003026448539458215, -0.006593397352844477, 0.000863163557369262]
--
--
  ResConv 1:  [0.0004157972289249301, 2.3758057068334892e-05, -0.008492407388985157, 0.00027143521583639085]
  ResConv 2:  [0.00035167840542271733, -2.192503961850889e-05, -0.007416045758873224, -9.784855501493439e-05]
  ResConv 3:  [0.00029931581229902804, -0.0003026448539458215, -0.006593397352844477, 0.0008631634991616011]
--
--
  ResConv 1:  [0.0005150198703631759, 1.0653496246959548e-05, -0.008853429928421974, 0.0004297435807529837]
  ResConv 2:  [0.00044042212539352477, -3.630568608059548e-05, -0.007728759199380875, 4.0820981666911393e-05]
  ResConv 3:  [0.00038030542782507837, -0.0003230059810448438, -0.0068787457421422005, 0.0010259469272568822]
--
--
  ResConv 1:  [0.0005150198703631759, 1.0653504432411864e-05, -0.008853429928421974, 0.0004297435807529837]
  ResConv 2:  [0.00044042212539352477, -3.630568244261667e-05, -0.007728759199380875, 4.0820967114996165e-05]
  ResConv 3:  [0.0003803054569289088, -0.0003230059810448438, -0.0068787457421422005, 0.0010259469272568822]
--
--
  ResConv 1:  [0.0005150198703631759, 1.0653490789991338e-05, -0.008853429928421974, 0.0004297435807529837]
  ResConv 2:  [0.0004404221836011857, -3.63056969945319e-05, -0.007728759199380875, 4.082098894286901e-05]
  ResConv 3:  [0.0003803054569289088, -0.00032300601014867425, -0.0068787457421422005, 0.0010259469272568822]
--
--
  ResConv 1:  [0.0005150198703631759, 1.0653508979885373e-05, -0.008853429928421974, 0.00042974360985681415]
  ResConv 2:  [0.0004404221836011857, -3.630566789070144e-05, -0.007728759199380875, 4.082099985680543e-05]
  ResConv 3:  [0.0003803054860327393, -0.0003230059810448438, -0.0068787457421422005, 0.0010259469272568822]
--
--
  ResConv 1:  [0.000515019812155515, 1.0653505341906566e-05, -0.008853429928421974, 0.00042974355164915323]
  ResConv 2:  [0.00044042212539352477, -3.6305678804637864e-05, -0.007728759199380875, 4.0820981666911393e-05]
  ResConv 3:  [0.00038030542782507837, -0.0003230059810448438, -0.0068787457421422005, 0.0010259469272568822]
--
--
  ResConv 1:  [0.0005047415033914149, 4.300957880332135e-05, -0.009895937517285347, 0.0006856562104076147]
  ResConv 2:  [0.00042176860733889043, -1.2586316188389901e-05, -0.008631127886474133, 0.00024088937789201736]
  ResConv 3:  [0.0003420300199650228, -0.00033055918174795806, -0.007691237144172192, 0.0013346404302865267]
--
--
  ResConv 1:  [0.0005047415033914149, 4.30096079071518e-05, -0.009895937517285347, 0.0006856562104076147]
  ResConv 2:  [0.00042176857823506, -1.2586293451022357e-05, -0.008631127886474133, 0.00024088940699584782]
  ResConv 3:  [0.00034202999086119235, -0.00033055918174795806, -0.007691237609833479, 0.0013346404302865267]
--
--
  ResConv 1:  [0.0005047415033914149, 4.3009604269172996e-05, -0.009895937517285347, 0.0006856562104076147]
  ResConv 2:  [0.00042176857823506, -1.258629527001176e-05, -0.008631128817796707, 0.00024088940699584782]
  ResConv 3:  [0.00034202999086119235, -0.0003305591526441276, -0.007691237609833479, 0.0013346404302865267]
--
--
  ResConv 1:  [0.0005047415033914149, 4.300957880332135e-05, -0.009895937517285347, 0.0006856562104076147]
  ResConv 2:  [0.00042176857823506, -1.2586318916874006e-05, -0.008631129749119282, 0.00024088940699584782]
  ResConv 3:  [0.0003420300199650228, -0.00033055918174795806, -0.007691236678510904, 0.0013346404302865267]
--
--
  ResConv 1:  [0.0005047415033914149, 4.30096079071518e-05, -0.009895937517285347, 0.0006856562104076147]
  ResConv 2:  [0.00042176860733889043, -1.2586288903548848e-05, -0.008631129749119282, 0.00024088936334010214]
  ResConv 3:  [0.00034202999086119235, -0.0003305591526441276, -0.007691237609833479, 0.0013346404302865267]
--
--
  ResConv 1:  [0.000684145197737962, -2.9295282729435712e-05, -0.00931404810398817, 0.0007095817127265036]
  ResConv 2:  [0.0005883598350919783, -8.340096974279732e-05, -0.00811409018933773, 0.00029600071138702333]
  ResConv 3:  [0.0005005774437449872, -0.00037994582089595497, -0.0072317966260015965, 0.0013116624904796481]
--
--
  ResConv 1:  [0.000684145197737962, -2.929529182438273e-05, -0.00931404810398817, 0.0007095817709341645]
  ResConv 2:  [0.0005883598350919783, -8.340097701875493e-05, -0.00811409018933773, 0.0002960007404908538]
  ResConv 3:  [0.0005005774437449872, -0.00037994582089595497, -0.0072317966260015965, 0.0013116624904796481]
--
--
  ResConv 1:  [0.000684145197737962, -2.929528636741452e-05, -0.00931404810398817, 0.0007095817127265036]
  ResConv 2:  [0.0005883598932996392, -8.340096974279732e-05, -0.00811409018933773, 0.00029600071138702333]
  ResConv 3:  [0.0005005774437449872, -0.00037994582089595497, -0.0072317966260015965, 0.0013116622576490045]
--
--
  ResConv 1:  [0.000684145197737962, -2.9295290005393326e-05, -0.00931404810398817, 0.0007095817709341645]
  ResConv 2:  [0.0005883598932996392, -8.340099157067016e-05, -0.00811409018933773, 0.00029600071138702333]
  ResConv 3:  [0.0005005774437449872, -0.00037994582089595497, -0.0072317966260015965, 0.0013116622576490045]
--
--
  ResConv 1:  [0.000684145197737962, -2.9295293643372133e-05, -0.00931404810398817, 0.0007095817127265036]
  ResConv 2:  [0.0005883598350919783, -8.340099157067016e-05, -0.00811409018933773, 0.0002960006822831929]
  ResConv 3:  [0.0005005774437449872, -0.00037994582089595497, -0.0072317966260015965, 0.0013116621412336826]
--
--
  ResConv 1:  [0.000472413026727736, 1.2931377568747848e-05, -0.008583205752074718, 0.0003025204932782799]
  ResConv 2:  [0.00038917153142392635, -3.364759322721511e-05, -0.007495872210711241, -6.963260238990188e-05]
  ResConv 3:  [0.0003214145835954696, -0.00031508354004472494, -0.006671262439340353, 0.0008934289799071848]
--
--
  ResConv 1:  [0.00047241305583156645, 1.293137847824255e-05, -0.008583205752074718, 0.0003025204932782799]
  ResConv 2:  [0.00038917153142392635, -3.364759322721511e-05, -0.007495872210711241, -6.963259511394426e-05]
  ResConv 3:  [0.00032141461269930005, -0.0003150835691485554, -0.006671262439340353, 0.0008934289799071848]
--
--
  ResConv 1:  [0.0004724130849353969, 1.2931382116221357e-05, -0.008583205752074718, 0.00030252046417444944]
  ResConv 2:  [0.0003891715605277568, -3.3647589589236304e-05, -0.007495872210711241, -6.96326169418171e-05]
  ResConv 3:  [0.00032141467090696096, -0.0003150835691485554, -0.006671262439340353, 0.0008934290381148458]
--
--
  ResConv 1:  [0.000472413026727736, 1.2931386663694866e-05, -0.008583205752074718, 0.00030252046417444944]
  ResConv 2:  [0.00038917153142392635, -3.36475859512575e-05, -0.007495872210711241, -6.963260966585949e-05]
  ResConv 3:  [0.0003214145835954696, -0.00031508354004472494, -0.006671262439340353, 0.0008934289799071848]
--
--
  ResConv 1:  [0.000472413026727736, 1.2931377568747848e-05, -0.008583205752074718, 0.00030252046417444944]
  ResConv 2:  [0.00038917153142392635, -3.364759322721511e-05, -0.007495871279388666, -6.963260238990188e-05]
  ResConv 3:  [0.0003214145835954696, -0.0003150835691485554, -0.006671262439340353, 0.0008934290381148458]
--
--
  ResConv 1:  [0.00046852068044245243, 1.9928766050725244e-05, -0.007843834348022938, 0.0006515347631648183]
  ResConv 2:  [0.000409554282668978, -2.444763777020853e-05, -0.006832078564912081, 0.0002932707720901817]
  ResConv 3:  [0.00034841749584302306, -0.0002710510743781924, -0.006086345762014389, 0.0011518577812239528]
--
--
  ResConv 1:  [0.00046852068044245243, 1.992876423173584e-05, -0.007843834348022938, 0.0006515347631648183]
  ResConv 2:  [0.000409554282668978, -2.444763777020853e-05, -0.006832078564912081, 0.00029327074298635125]
  ResConv 3:  [0.00034841743763536215, -0.0002710510743781924, -0.006086345762014389, 0.001151857664808631]
--
--
  ResConv 1:  [0.0004685207095462829, 1.9928762412746437e-05, -0.007843834348022938, 0.0006515347631648183]
  ResConv 2:  [0.000409554282668978, -2.4447634132229723e-05, -0.006832078564912081, 0.0002932707720901817]
  ResConv 3:  [0.00034841749584302306, -0.0002710510743781924, -0.006086345762014389, 0.0011518577812239528]
--
--
  ResConv 1:  [0.00046852068044245243, 1.992875877476763e-05, -0.007843834348022938, 0.0006515347631648183]
  ResConv 2:  [0.000409554282668978, -2.4447641408187337e-05, -0.006832078564912081, 0.0002932707720901817]
  ResConv 3:  [0.00034841749584302306, -0.0002710510743781924, -0.006086345762014389, 0.001151857664808631]
--
--
  ResConv 1:  [0.00046852068044245243, 1.9928746041841805e-05, -0.007843834348022938, 0.0006515348213724792]
  ResConv 2:  [0.0004095542535651475, -2.444765232212376e-05, -0.006832078564912081, 0.0002932707720901817]
  ResConv 3:  [0.00034841743763536215, -0.0002710511034820229, -0.006086345762014389, 0.001151857664808631]
--
--
  ResConv 1:  [0.0005277401651255786, 2.04128009499982e-05, -0.009736807085573673, 0.0006443627644330263]
  ResConv 2:  [0.00045007921289652586, -3.433965321164578e-05, -0.008488635532557964, 0.0002036668884102255]
  ResConv 3:  [0.0003757196245715022, -0.0003542435879353434, -0.0075515201315283775, 0.001293491804972291]
--
--
  ResConv 1:  [0.0005277401651255786, 2.041280640696641e-05, -0.009736807085573673, 0.0006443627644330263]
  ResConv 2:  [0.00045007921289652586, -3.433965321164578e-05, -0.008488635532557964, 0.0002036668884102255]
  ResConv 3:  [0.0003757196245715022, -0.0003542435879353434, -0.0075515201315283775, 0.001293491804972291]
--
--
  ResConv 1:  [0.0005277401651255786, 2.0412802768987603e-05, -0.009736807085573673, 0.0006443627644330263]
  ResConv 2:  [0.00045007915468886495, -3.4339649573666975e-05, -0.008488635532557964, 0.0002036668884102255]
  ResConv 3:  [0.0003757196245715022, -0.0003542435879353434, -0.0075515201315283775, 0.001293491804972291]
--
--
  ResConv 1:  [0.0005277402815409005, 2.041280640696641e-05, -0.009736807085573673, 0.0006443627644330263]
  ResConv 2:  [0.00045007915468886495, -3.433964229770936e-05, -0.008488635532557964, 0.00020366685930639505]
  ResConv 3:  [0.00037571965367533267, -0.0003542435879353434, -0.0075515201315283775, 0.001293491804972291]
--
--
  ResConv 1:  [0.0005277402815409005, 2.0412793674040586e-05, -0.009736807085573673, 0.0006443627644330263]
  ResConv 2:  [0.00045007915468886495, -3.433965684962459e-05, -0.008488635532557964, 0.0002036668884102255]
  ResConv 3:  [0.0003757196245715022, -0.0003542435879353434, -0.0075515201315283775, 0.001293491804972291]
--
--
  ResConv 1:  [0.00034189954749308527, -2.6734294351626886e-06, -0.007720152381807566, 0.00043120779446326196]
  ResConv 2:  [0.0002893614873755723, -4.514681131695397e-05, -0.006730653345584869, 9.229062561644241e-05]
  ResConv 3:  [0.00023241985763888806, -0.0002929542970377952, -0.005994529463350773, 0.0009481852175667882]
--
--
  ResConv 1:  [0.0003418995765969157, -2.673421022336697e-06, -0.007720152381807566, 0.00043120779446326196]
  ResConv 2:  [0.0002893615164794028, -4.5146807678975165e-05, -0.006730653345584869, 9.229062561644241e-05]
  ResConv 3:  [0.00023241988674271852, -0.00029295426793396473, -0.005994529463350773, 0.0009481852175667882]
--
--
  ResConv 1:  [0.0003418995765969157, -2.6734135190054076e-06, -0.007720152381807566, 0.0004312077653594315]
  ResConv 2:  [0.0002893615164794028, -4.514680040301755e-05, -0.006730653345584869, 9.229060378856957e-05]
  ResConv 3:  [0.0002324198721908033, -0.00029295426793396473, -0.005994529463350773, 0.0009481852175667882]
--
--
  ResConv 1:  [0.00034189954749308527, -2.673433300515171e-06, -0.007720152381807566, 0.0004312077653594315]
  ResConv 2:  [0.0002893614873755723, -4.5146818592911586e-05, -0.006730653345584869, 9.229061106452718e-05]
  ResConv 3:  [0.00023241985763888806, -0.00029295426793396473, -0.005994529463350773, 0.0009481851593591273]
--
--
  ResConv 1:  [0.0003418995765969157, -2.6734128368843812e-06, -0.007720152381807566, 0.00043120779446326196]
  ResConv 2:  [0.0002893615164794028, -4.5146796765038744e-05, -0.006730653345584869, 9.229062561644241e-05]
  ResConv 3:  [0.00023241988674271852, -0.00029295426793396473, -0.005994529463350773, 0.0009481852175667882]
--
--
  ResConv 1:  [0.0004846650408580899, 3.694229235406965e-05, -0.008652563206851482, 0.000515545776579529]
  ResConv 2:  [0.0004200823022983968, -1.3502369256457314e-05, -0.007538454607129097, 0.00013968620623927563]
  ResConv 3:  [0.00035810976987704635, -0.0002945382730104029, -0.006712628994137049, 0.0010955050820484757]
--
--
  ResConv 1:  [0.0004846650408580899, 3.6942285078112036e-05, -0.008652563206851482, 0.000515545776579529]
  ResConv 2:  [0.0004200823022983968, -1.3502374713425525e-05, -0.00753845414146781, 0.00013968617713544518]
  ResConv 3:  [0.00035810976987704635, -0.0002945382730104029, -0.006712629459798336, 0.001095504965633154]
--
--
  ResConv 1:  [0.000484664982650429, 3.694227052619681e-05, -0.008652563206851482, 0.000515545776579529]
  ResConv 2:  [0.0004200823022983968, -1.3502380170393735e-05, -0.00753845414146781, 0.0001396861916873604]
  ResConv 3:  [0.00035810976987704635, -0.0002945382730104029, -0.006712628994137049, 0.0010955050820484757]
--
--
  ResConv 1:  [0.0004846650408580899, 3.694229235406965e-05, -0.008652563206851482, 0.0005155458929948509]
  ResConv 2:  [0.0004200823022983968, -1.3502366527973209e-05, -0.00753845414146781, 0.00013968620623927563]
  ResConv 3:  [0.00035810976987704635, -0.0002945382730104029, -0.006712628994137049, 0.0010955051984637976]
--
--
  ResConv 1:  [0.000484664982650429, 3.6942285078112036e-05, -0.008652563206851482, 0.00051554583478719]
  ResConv 2:  [0.0004200823022983968, -1.3502375622920226e-05, -0.00753845414146781, 0.00013968620623927563]
  ResConv 3:  [0.0003581097407732159, -0.0002945382730104029, -0.006712628062814474, 0.001095504965633154]
--
--
  ResConv 1:  [0.000326327484799549, 5.60403259441955e-06, -0.008764760568737984, 0.0007517455378547311]
  ResConv 2:  [0.00026414659805595875, -4.944638567394577e-05, -0.007628255989402533, 0.0003664825635496527]
  ResConv 3:  [0.00019157020142301917, -0.00032856743200682104, -0.006799325346946716, 0.001319974777288735]
--
--
  ResConv 1:  [0.00032632742659188807, 5.60404259886127e-06, -0.008764760568737984, 0.0007517455378547311]
  ResConv 2:  [0.00026414653984829783, -4.944637476000935e-05, -0.007628256920725107, 0.0003664825635496527]
  ResConv 3:  [0.00019157017231918871, -0.00032856743200682104, -0.006799325346946716, 0.001319974777288735]
--
--
  ResConv 1:  [0.000326327484799549, 5.604041689366568e-06, -0.008764758706092834, 0.0007517455378547311]
  ResConv 2:  [0.0002641465689521283, -4.944637112203054e-05, -0.007628255989402533, 0.00036648259265348315]
  ResConv 3:  [0.00019157018687110394, -0.00032856743200682104, -0.006799325346946716, 0.001319974777288735]
--
--
  ResConv 1:  [0.00032632742659188807, 5.604064881481463e-06, -0.008764759637415409, 0.0007517455378547311]
  ResConv 2:  [0.00026414653984829783, -4.9446352932136506e-05, -0.007628256920725107, 0.0003664825635496527]
  ResConv 3:  [0.00019157014321535826, -0.00032856743200682104, -0.006799325812608004, 0.001319974777288735]
--
--
  ResConv 1:  [0.000326327484799549, 5.6040230447251815e-06, -0.008764758706092834, 0.0007517455378547311]
  ResConv 2:  [0.00026414659805595875, -4.9446392949903384e-05, -0.007628256920725107, 0.0003664825635496527]
  ResConv 3:  [0.00019157017231918871, -0.00032856743200682104, -0.006799325346946716, 0.001319974777288735]
--
--
  ResConv 1:  [0.0004444724472705275, -3.069376543862745e-05, -0.008862611837685108, 0.0005816422635689378]
  ResConv 2:  [0.0003677316417451948, -7.956194167491049e-05, -0.007723871152848005, 0.0001883869554148987]
  ResConv 3:  [0.00029438408091664314, -0.0003654793545138091, -0.006867304909974337, 0.0011784082744270563]
--
--
  ResConv 1:  [0.00044447247637435794, -3.069377635256387e-05, -0.008862611837685108, 0.0005816422635689378]
  ResConv 2:  [0.0003677316999528557, -7.956195622682571e-05, -0.007723870687186718, 0.0001883869554148987]
  ResConv 3:  [0.0002943841100204736, -0.0003654793545138091, -0.006867304444313049, 0.0011784082744270563]
--
--
  ResConv 1:  [0.00044447247637435794, -3.0693772714585066e-05, -0.008862610906362534, 0.0005816422635689378]
  ResConv 2:  [0.0003677316417451948, -7.95619489508681e-05, -0.007723871152848005, 0.0001883869554148987]
  ResConv 3:  [0.0002943841100204736, -0.0003654793545138091, -0.006867304909974337, 0.0011784082744270563]
--
--
  ResConv 1:  [0.00044447247637435794, -3.069376907660626e-05, -0.008862611837685108, 0.0005816422053612769]
  ResConv 2:  [0.0003677316417451948, -7.95619489508681e-05, -0.007723871152848005, 0.000188386911759153]
  ResConv 3:  [0.00029438408091664314, -0.0003654793545138091, -0.006867304444313049, 0.0011784081580117345]
--
--
  ResConv 1:  [0.00044447247637435794, -3.0693772714585066e-05, -0.008862610906362534, 0.0005816423217765987]
  ResConv 2:  [0.0003677316417451948, -7.956194167491049e-05, -0.007723871152848005, 0.00018838698451872915]
  ResConv 3:  [0.00029438408091664314, -0.0003654793545138091, -0.006867304444313049, 0.0011784082744270563]
--
--
  ResConv 1:  [0.0004524714022409171, 5.2050141675863415e-05, -0.008621751330792904, 0.0008581012953072786]
  ResConv 2:  [0.00037646456621587276, 3.2199470751947956e-06, -0.007493716198951006, 0.00044939073268324137]
  ResConv 3:  [0.0002973443188238889, -0.0002706885861698538, -0.0066663287580013275, 0.0013974583707749844]
--
--
  ResConv 1:  [0.0004524714022409171, 5.2050152589799836e-05, -0.008621751330792904, 0.0008581012953072786]
  ResConv 2:  [0.00037646456621587276, 3.2199643555941293e-06, -0.007493716198951006, 0.00044939067447558045]
  ResConv 3:  [0.00029734434792771935, -0.0002706885861698538, -0.0066663287580013275, 0.0013974583707749844]
--
--
  ResConv 1:  [0.0004524713440332562, 5.205015622777864e-05, -0.008621751330792904, 0.0008581012953072786]
  ResConv 2:  [0.00037646456621587276, 3.2199675388255855e-06, -0.007493716198951006, 0.00044939061626791954]
  ResConv 3:  [0.000297344260616228, -0.00027068855706602335, -0.0066663287580013275, 0.0013974583707749844]
--
--
  ResConv 1:  [0.00045247137313708663, 5.205013803788461e-05, -0.008621751330792904, 0.0008581012953072786]
  ResConv 2:  [0.00037646456621587276, 3.2199438919633394e-06, -0.007493716198951006, 0.00044939064537175]
  ResConv 3:  [0.0002973443188238889, -0.0002706885861698538, -0.0066663287580013275, 0.0013974583707749844]
--
--
  ResConv 1:  [0.0004524713440332562, 5.2050141675863415e-05, -0.008621751330792904, 0.0008581012953072786]
  ResConv 2:  [0.00037646450800821185, 3.219950940547278e-06, -0.007493716198951006, 0.00044939067447558045]
  ResConv 3:  [0.000297344260616228, -0.0002706885861698538, -0.0066663287580013275, 0.0013974583707749844]
--
--
  ResConv 1:  [0.00048586688353680074, 2.0241941456333734e-05, -0.00925216544419527, 0.0002939204277936369]
  ResConv 2:  [0.0004216589732095599, -2.909557406383101e-05, -0.008076837286353111, -0.00010742564336396754]
  ResConv 3:  [0.000365842308383435, -0.00033181204344145954, -0.00718345120549202, 0.0009376269881613553]
--
--
  ResConv 1:  [0.00048586688353680074, 2.024192872340791e-05, -0.00925216544419527, 0.0002939204277936369]
  ResConv 2:  [0.00042165888589806855, -2.9095592253725044e-05, -0.008076837286353111, -0.00010742563608800992]
  ResConv 3:  [0.00036584227927960455, -0.00033181204344145954, -0.00718345120549202, 0.0009376269881613553]
--
--
  ResConv 1:  [0.0004858668544329703, 2.0241952370270155e-05, -0.00925216544419527, 0.0002939204277936369]
  ResConv 2:  [0.00042165888589806855, -2.9095563149894588e-05, -0.008076837286353111, -0.00010742563608800992]
  ResConv 3:  [0.0003658422501757741, -0.00033181204344145954, -0.00718345120549202, 0.0009376269881613553]
--
--
  ResConv 1:  [0.00048586688353680074, 2.0241926904418506e-05, -0.00925216544419527, 0.00029392039868980646]
  ResConv 2:  [0.00042165894410572946, -2.9095592253725044e-05, -0.008076837286353111, -0.00010742565063992515]
  ResConv 3:  [0.00036584227927960455, -0.00033181207254529, -0.00718345120549202, 0.0009376269881613553]
--
--
  ResConv 1:  [0.00048586688353680074, 2.0241917809471488e-05, -0.00925216544419527, 0.0002939204277936369]
  ResConv 2:  [0.00042165894410572946, -2.909559589170385e-05, -0.008076837286353111, -0.00010742564336396754]
  ResConv 3:  [0.000365842308383435, -0.00033181210164912045, -0.00718345120549202, 0.0009376269881613553]
--
--
  ResConv 1:  [0.0004229317419230938, -4.713366706710076e-06, -0.01029820367693901, 0.0008607331546954811]
  ResConv 2:  [0.00034837177372537553, -6.330502219498158e-05, -0.00896043423563242, 0.00038681639125570655]
  ResConv 3:  [0.0002689929387997836, -0.00040363497100770473, -0.007960514165461063, 0.0015465158503502607]
--
--
  ResConv 1:  [0.0004229317419230938, -4.713370344688883e-06, -0.01029820367693901, 0.0008607331546954811]
  ResConv 2:  [0.000348371802829206, -6.330502219498158e-05, -0.00896043423563242, 0.00038681639125570655]
  ResConv 3:  [0.0002689929970074445, -0.00040363497100770473, -0.007960514165461063, 0.0015465158503502607]
--
--
  ResConv 1:  [0.0004229316837154329, -4.713371708930936e-06, -0.01029820367693901, 0.0008607330964878201]
  ResConv 2:  [0.00034837177372537553, -6.330502219498158e-05, -0.00896043423563242, 0.00038681644946336746]
  ResConv 3:  [0.00026899296790361404, -0.0004036349419038743, -0.007960514165461063, 0.0015465158503502607]
--
--
  ResConv 1:  [0.0004229316546116024, -4.7133762564044446e-06, -0.01029820367693901, 0.0008607331546954811]
  ResConv 2:  [0.0003483717446215451, -6.330502219498158e-05, -0.00896043423563242, 0.00038681644946336746]
  ResConv 3:  [0.0002689929387997836, -0.0004036349419038743, -0.007960514165461063, 0.0015465158503502607]
--
--
  ResConv 1:  [0.0004229316837154329, -4.713365342468023e-06, -0.01029820367693901, 0.0008607330964878201]
  ResConv 2:  [0.00034837177372537553, -6.330502219498158e-05, -0.00896043423563242, 0.00038681639125570655]
  ResConv 3:  [0.0002689929387997836, -0.0004036349419038743, -0.007960514165461063, 0.0015465158503502607]
--
--
  ResConv 1:  [0.0005232682451605797, 6.935542387509486e-06, -0.008043399080634117, 0.0003348726313561201]
  ResConv 2:  [0.0004469984851311892, -3.816663593170233e-05, -0.007017841096967459, -1.5490628356928937e-05]
  ResConv 3:  [0.00038491300074383616, -0.0003005770267918706, -0.006244128569960594, 0.0008863126859068871]
--
--
  ResConv 1:  [0.0005232682451605797, 6.935547844477696e-06, -0.008043399080634117, 0.0003348726313561201]
  ResConv 2:  [0.0004469984851311892, -3.8166628655744717e-05, -0.007017841096967459, -1.5490608348045498e-05]
  ResConv 3:  [0.0003849129716400057, -0.0003005770267918706, -0.006244128569960594, 0.000886312744114548]
--
--
  ResConv 1:  [0.0005232682451605797, 6.935548753972398e-06, -0.008043399080634117, 0.0003348726313561201]
  ResConv 2:  [0.00044699845602735877, -3.8166628655744717e-05, -0.007017841096967459, -1.549062471895013e-05]
  ResConv 3:  [0.0003849129716400057, -0.0003005770267918706, -0.006244128569960594, 0.000886312744114548]
--
--
  ResConv 1:  [0.0005232682451605797, 6.935546480235644e-06, -0.008043399080634117, 0.0003348726313561201]
  ResConv 2:  [0.0004469985142350197, -3.8166628655744717e-05, -0.007017841096967459, -1.549061926198192e-05]
  ResConv 3:  [0.0003849130589514971, -0.0003005770267918706, -0.006244128569960594, 0.000886312744114548]
--
--
  ResConv 1:  [0.0005232682451605797, 6.935553301445907e-06, -0.008043399080634117, 0.0003348726313561201]
  ResConv 2:  [0.0004469985142350197, -3.816662501776591e-05, -0.007017841096967459, -1.5490622899960726e-05]
  ResConv 3:  [0.0003849130589514971, -0.0003005770267918706, -0.006244128569960594, 0.000886312744114548]
--
--
  ResConv 1:  [0.00027515453984960914, 1.8227501641376875e-05, -0.007999416440725327, 0.00023403490195050836]
  ResConv 2:  [0.00022519423509947956, -2.5631212338339537e-05, -0.006983240135014057, -0.00010941962682409212]
  ResConv 3:  [0.00017689040396362543, -0.00028863167972303927, -0.006210560444742441, 0.0007979198126122355]
--
--
  ResConv 1:  [0.00027515453984960914, 1.822750891733449e-05, -0.007999416440725327, 0.00023403491650242358]
  ResConv 2:  [0.00022519424965139478, -2.5631201424403116e-05, -0.006983240135014057, -0.00010941960499621928]
  ResConv 3:  [0.00017689041851554066, -0.0002886316506192088, -0.006210560444742441, 0.0007979199290275574]
--
--
  ResConv 1:  [0.00027515453984960914, 1.822750891733449e-05, -0.007999416440725327, 0.00023403488739859313]
  ResConv 2:  [0.00022519423509947956, -2.5631205062381923e-05, -0.006983240135014057, -0.00010941963410004973]
  ResConv 3:  [0.00017689040396362543, -0.0002886316506192088, -0.006210560444742441, 0.0007979198708198965]
--
--
  ResConv 1:  [0.00027515453984960914, 1.8227492546429858e-05, -0.007999417372047901, 0.00023403491650242358]
  ResConv 2:  [0.00022519424965139478, -2.563121961429715e-05, -0.006983240135014057, -0.0001094196195481345]
  ResConv 3:  [0.00017689040396362543, -0.00028863167972303927, -0.006210560444742441, 0.0007979199290275574]
--
--
  ResConv 1:  [0.00027515453984960914, 1.8227490727440454e-05, -0.007999416440725327, 0.00023403488739859313]
  ResConv 2:  [0.00022519423509947956, -2.563121961429715e-05, -0.006983240135014057, -0.00010941964137600735]
  ResConv 3:  [0.00017689040396362543, -0.00028863167972303927, -0.006210560444742441, 0.0007979198708198965]
--
--
  ResConv 1:  [0.0006385143497027457, 2.041554580500815e-05, -0.00696719903498888, 0.00031603328534401953]
  ResConv 2:  [0.0005576809053309262, -1.7680305973044597e-05, -0.006080050952732563, 1.4531404303852469e-05]
  ResConv 3:  [0.000496470311190933, -0.00023650613729842007, -0.005421016365289688, 0.0007765826885588467]
--
--
  ResConv 1:  [0.0006385143497027457, 2.041554580500815e-05, -0.0069671995006501675, 0.0003160332562401891]
  ResConv 2:  [0.0005576809053309262, -1.7680304154055193e-05, -0.006080050952732563, 1.4531397027894855e-05]
  ResConv 3:  [0.000496470311190933, -0.00023650613729842007, -0.005421016365289688, 0.0007765826885588467]
--
--
  ResConv 1:  [0.0006385143497027457, 2.0415553080965765e-05, -0.0069671995006501675, 0.0003160332562401891]
  ResConv 2:  [0.0005576809053309262, -1.7680298697086982e-05, -0.006080050952732563, 1.4531367014569696e-05]
  ResConv 3:  [0.0004964703693985939, -0.00023650613729842007, -0.005421016365289688, 0.0007765826303511858]
--
--
  ResConv 1:  [0.0006385143497027457, 2.041556581389159e-05, -0.0069671995006501675, 0.00031603331444785]
  ResConv 2:  [0.0005576809053309262, -1.7680285964161158e-05, -0.006080050952732563, 1.453139975637896e-05]
  ResConv 3:  [0.0004964704276062548, -0.00023650612274650484, -0.005421016365289688, 0.0007765826885588467]
--
--
  ResConv 1:  [0.0006385143497027457, 2.0415556718944572e-05, -0.00696719903498888, 0.0003160332562401891]
  ResConv 2:  [0.0005576809053309262, -1.7680293240118772e-05, -0.00608005141839385, 1.4531387932947837e-05]
  ResConv 3:  [0.0004964704276062548, -0.00023650613729842007, -0.005421016365289688, 0.0007765826885588467]
--
--
  ResConv 1:  [0.0005372748128138483, 1.4310708138509654e-05, -0.007535593584179878, 0.0003702527319546789]
  ResConv 2:  [0.00046544274664483964, -2.5882120098685846e-05, -0.006574779283255339, 4.1977662476710975e-05]
  ResConv 3:  [0.00040762804565019906, -0.0002672125119715929, -0.005853817332535982, 0.0008777829934842885]
--
--
  ResConv 1:  [0.0005372748128138483, 1.431070631952025e-05, -0.007535593584179878, 0.0003702527319546789]
  ResConv 2:  [0.00046544274664483964, -2.5882118279696442e-05, -0.006574779283255339, 4.1977677028626204e-05]
  ResConv 3:  [0.00040762804565019906, -0.0002672125119715929, -0.0058538177981972694, 0.0008777829934842885]
--
--
  ResConv 1:  [0.0005372748128138483, 1.4310698134067934e-05, -0.007535593584179878, 0.0003702527901623398]
  ResConv 2:  [0.00046544274664483964, -2.5882129193632863e-05, -0.006574779283255339, 4.1977687942562625e-05]
  ResConv 3:  [0.00040762804565019906, -0.0002672125119715929, -0.005853817332535982, 0.0008777831098996103]
--
--
  ResConv 1:  [0.0005372748710215092, 1.431069631507853e-05, -0.007535593584179878, 0.0003702527901623398]
  ResConv 2:  [0.00046544274664483964, -2.588213283161167e-05, -0.006574779283255339, 4.1977687942562625e-05]
  ResConv 3:  [0.0004076280747540295, -0.0002672125119715929, -0.005853817332535982, 0.0008777831098996103]
--
--
  ResConv 1:  [0.0005372748710215092, 1.4310697224573232e-05, -0.007535593584179878, 0.0003702527901623398]
  ResConv 2:  [0.0004654427175410092, -2.5882129193632863e-05, -0.006574779283255339, 4.1977677028626204e-05]
  ResConv 3:  [0.00040762804565019906, -0.0002672125119715929, -0.0058538177981972694, 0.0008777831098996103]
--
--
  ResConv 1:  [0.00040600780630484223, 9.065213816938922e-06, -0.008737972937524319, 0.0007420862093567848]
  ResConv 2:  [0.0003353991196490824, -4.122105747228488e-05, -0.007612625136971474, 0.0003424344176892191]
  ResConv 3:  [0.0002629660884849727, -0.0003239409124944359, -0.006769710686057806, 0.001310826395638287]
--
--
  ResConv 1:  [0.00040600780630484223, 9.06521836441243e-06, -0.008737972937524319, 0.0007420862675644457]
  ResConv 2:  [0.0003353991196490824, -4.1221042920369655e-05, -0.007612625136971474, 0.0003424344176892191]
  ResConv 3:  [0.0002629660884849727, -0.0003239409124944359, -0.006769710686057806, 0.0013108262792229652]
--
--
  ResConv 1:  [0.00040600780630484223, 9.065211997949518e-06, -0.008737972937524319, 0.0007420862093567848]
  ResConv 2:  [0.0003353991196490824, -4.1221053834306076e-05, -0.007612625136971474, 0.00034243438858538866]
  ResConv 3:  [0.00026296605938114226, -0.0003239409124944359, -0.006769710686057806, 0.0013108262792229652]
--
--
  ResConv 1:  [0.0004060078354086727, 9.065208359970711e-06, -0.008737972937524319, 0.0007420862093567848]
  ResConv 2:  [0.0003353991196490824, -4.122105747228488e-05, -0.007612625136971474, 0.0003424344176892191]
  ResConv 3:  [0.00026296605938114226, -0.0003239409124944359, -0.006769710686057806, 0.001310826395638287]
--
--
  ResConv 1:  [0.0004060078354086727, 9.065229278348852e-06, -0.008737972937524319, 0.0007420862093567848]
  ResConv 2:  [0.0003353991196490824, -4.1221042920369655e-05, -0.007612625136971474, 0.0003424344176892191]
  ResConv 3:  [0.00026296605938114226, -0.0003239409124944359, -0.006769710686057806, 0.001310826395638287]
--
--
  ResConv 1:  [0.0005788143025711179, 3.590190317481756e-06, -0.007501775398850441, 0.0002967851469293237]
  ResConv 2:  [0.0004979895311407745, -3.6213459679856896e-05, -0.006550047546625137, -1.9763459931709804e-05]
  ResConv 3:  [0.00043873017420992255, -0.00027016515377908945, -0.005841625388711691, 0.0007975203916430473]
--
--
  ResConv 1:  [0.0005788143025711179, 3.590178948797984e-06, -0.007501775864511728, 0.0002967851469293237]
  ResConv 2:  [0.0004979894147254527, -3.621347059379332e-05, -0.006550047546625137, -1.976346902665682e-05]
  ResConv 3:  [0.00043873011600226164, -0.0002701651828829199, -0.005841624923050404, 0.0007975203916430473]
--
--
  ResConv 1:  [0.0005788143025711179, 3.5901791761716595e-06, -0.007501775864511728, 0.00029678517603315413]
  ResConv 2:  [0.0004979894147254527, -3.621347059379332e-05, -0.006550047546625137, -1.9763456293730997e-05]
  ResConv 3:  [0.0004387300868984312, -0.0002701651828829199, -0.005841624923050404, 0.0007975203916430473]
--
--
  ResConv 1:  [0.0005788143025711179, 3.5901828141504666e-06, -0.007501775864511728, 0.00029678517603315413]
  ResConv 2:  [0.0004979894147254527, -3.621346695581451e-05, -0.006550047546625137, -1.976344719878398e-05]
  ResConv 3:  [0.00043873017420992255, -0.0002701651828829199, -0.005841624923050404, 0.0007975203916430473]
--
--
  ResConv 1:  [0.0005788143025711179, 3.5901878163713263e-06, -0.007501775398850441, 0.0002967851469293237]
  ResConv 2:  [0.0004979894729331136, -3.6213463317835703e-05, -0.006550047546625137, -1.9763467207667418e-05]
  ResConv 3:  [0.00043873011600226164, -0.00027016515377908945, -0.005841624923050404, 0.0007975203916430473]
--
--
  ResConv 1:  [0.0002603161847218871, -2.309957199031487e-05, -0.007745683193206787, 0.00034374959068372846]
  ResConv 2:  [0.00020930745813529938, -6.533264240715653e-05, -0.006763451267033815, 1.25045962704462e-05]
  ResConv 3:  [0.00015999186143744737, -0.0003173664154019207, -0.006019255146384239, 0.000879428000189364]
--
--
  ResConv 1:  [0.0002603161847218871, -2.3099564714357257e-05, -0.007745683193206787, 0.00034374964889138937]
  ResConv 2:  [0.00020930745813529938, -6.533263513119891e-05, -0.006763451267033815, 1.2504614460340235e-05]
  ResConv 3:  [0.0001599918759893626, -0.0003173664154019207, -0.006019254680722952, 0.0008794280583970249]
--
--
  ResConv 1:  [0.0002603161265142262, -2.309957199031487e-05, -0.007745683193206787, 0.00034374959068372846]
  ResConv 2:  [0.0002093074144795537, -6.533264240715653e-05, -0.006763451267033815, 1.2504603546403814e-05]
  ResConv 3:  [0.0001599918323336169, -0.0003173664154019207, -0.006019254680722952, 0.000879428000189364]
--
--
  ResConv 1:  [0.0002603161265142262, -2.3099564714357257e-05, -0.0077456827275455, 0.000343749561579898]
  ResConv 2:  [0.00020930745813529938, -6.533263513119891e-05, -0.006763451267033815, 1.2504589903983288e-05]
  ResConv 3:  [0.00015999186143744737, -0.0003173663862980902, -0.006019254680722952, 0.0008794280583970249]
--
--
  ResConv 1:  [0.0002603161265142262, -2.3099575628293678e-05, -0.007745683193206787, 0.000343749561579898]
  ResConv 2:  [0.00020930744358338416, -6.533264968311414e-05, -0.006763451267033815, 1.2504575352068059e-05]
  ResConv 3:  [0.00015999184688553214, -0.0003173664154019207, -0.006019255146384239, 0.000879428000189364]
--
--
  ResConv 1:  [0.00046007492346689105, 5.3782063332619146e-05, -0.007482759654521942, 0.0004604097339324653]
  ResConv 2:  [0.00039736248436383903, 1.4489583918475546e-05, -0.006519431713968515, 0.00012199012417113408]
  ResConv 3:  [0.0003434359095990658, -0.00022445731156039983, -0.0058048684149980545, 0.0009487562929280102]
--
--
  ResConv 1:  [0.00046007486525923014, 5.3782063332619146e-05, -0.007482759654521942, 0.0004604097339324653]
  ResConv 2:  [0.0003973624552600086, 1.4489588465949055e-05, -0.006519431713968515, 0.00012199013872304931]
  ResConv 3:  [0.0003434359095990658, -0.00022445731156039983, -0.0058048684149980545, 0.0009487563511356711]
--
--
  ResConv 1:  [0.00046007486525923014, 5.378207060857676e-05, -0.007482759654521942, 0.0004604097339324653]
  ResConv 2:  [0.0003973624552600086, 1.4489588465949055e-05, -0.006519431713968515, 0.0001219901314470917]
  ResConv 3:  [0.0003434358804952353, -0.00022445731156039983, -0.0058048684149980545, 0.0009487562929280102]
--
--
  ResConv 1:  [0.00046007492346689105, 5.378205605666153e-05, -0.007482759654521942, 0.0004604097339324653]
  ResConv 2:  [0.00039736248436383903, 1.4489582099486142e-05, -0.006519431713968515, 0.0001219901314470917]
  ResConv 3:  [0.0003434359095990658, -0.00022445731156039983, -0.0058048684149980545, 0.0009487562929280102]
--
--
  ResConv 1:  [0.00046007486525923014, 5.378208152251318e-05, -0.007482759654521942, 0.0004604097339324653]
  ResConv 2:  [0.0003973624552600086, 1.4489599379885476e-05, -0.006519431713968515, 0.00012199014599900693]
  ResConv 3:  [0.0003434359095990658, -0.0002244572970084846, -0.0058048684149980545, 0.0009487562929280102]
--
--
  ResConv 1:  [0.00022790349612478167, 0.00010208361345576122, -0.006983955390751362, 0.00013693232904188335]
  ResConv 2:  [0.00018215892487205565, 6.225144170457497e-05, -0.006097371689975262, -0.00015368130698334426]
  ResConv 3:  [0.000143255470902659, -0.00015836507373023778, -0.0054445876739919186, 0.000612184579949826]
--
--
  ResConv 1:  [0.00022790349612478167, 0.00010208362800767645, -0.006983955390751362, 0.0001369323581457138]
  ResConv 2:  [0.00018215893942397088, 6.225144898053259e-05, -0.006097371224313974, -0.00015368132153525949]
  ResConv 3:  [0.00014325550000648946, -0.0001583650300744921, -0.0054445876739919186, 0.000612184579949826]
--
--
  ResConv 1:  [0.00022790349612478167, 0.00010208362800767645, -0.006983955390751362, 0.00013693232904188335]
  ResConv 2:  [0.00018215893942397088, 6.225144898053259e-05, -0.006097371224313974, -0.00015368130698334426]
  ResConv 3:  [0.00014325550000648946, -0.00015836505917832255, -0.0054445876739919186, 0.000612184579949826]
--
--
  ResConv 1:  [0.0002279034670209512, 0.00010208362800767645, -0.006983955390751362, 0.00013693231448996812]
  ResConv 2:  [0.00018215892487205565, 6.225144898053259e-05, -0.006097371224313974, -0.00015368132153525949]
  ResConv 3:  [0.000143255470902659, -0.00015836505917832255, -0.0054445876739919186, 0.000612184579949826]
--
--
  ResConv 1:  [0.00022790349612478167, 0.00010208362800767645, -0.006983955390751362, 0.00013693232904188335]
  ResConv 2:  [0.0001821589539758861, 6.225144898053259e-05, -0.006097371224313974, -0.00015368130698334426]
  ResConv 3:  [0.00014325550000648946, -0.00015836505917832255, -0.0054445876739919186, 0.000612184579949826]
--
--
  ResConv 1:  [0.00043270987225696445, 4.610151154338382e-05, -0.009076090529561043, 0.0007929869461804628]
  ResConv 2:  [0.00036248620017431676, -6.155986284284154e-06, -0.007903306744992733, 0.00037610786966979504]
  ResConv 3:  [0.00029315066058188677, -0.0002990173816215247, -0.007032479625195265, 0.0013752981321886182]
--
--
  ResConv 1:  [0.00043270987225696445, 4.610152609529905e-05, -0.009076090529561043, 0.0007929869461804628]
  ResConv 2:  [0.0003624862292781472, -6.155980827315943e-06, -0.007903306744992733, 0.00037610786966979504]
  ResConv 3:  [0.0002931506896857172, -0.0002990173816215247, -0.007032479625195265, 0.0013752981321886182]
--
--
  ResConv 1:  [0.00043270981404930353, 4.610151154338382e-05, -0.009076090529561043, 0.0007929869461804628]
  ResConv 2:  [0.0003624861710704863, -6.1559921959997155e-06, -0.007903306744992733, 0.00037610786966979504]
  ResConv 3:  [0.00029315066058188677, -0.0002990173816215247, -0.007032479625195265, 0.00137529824860394]
--
--
  ResConv 1:  [0.00043270987225696445, 4.610152609529905e-05, -0.009076090529561043, 0.0007929869461804628]
  ResConv 2:  [0.0003624862292781472, -6.155972641863627e-06, -0.007903306744992733, 0.0003761078114621341]
  ResConv 3:  [0.00029315066058188677, -0.0002990173816215247, -0.007032479625195265, 0.00137529824860394]
--
--
  ResConv 1:  [0.00043270987225696445, 4.6101507905405015e-05, -0.009076090529561043, 0.0007929869461804628]
  ResConv 2:  [0.0003624862292781472, -6.15598946751561e-06, -0.007903306744992733, 0.0003761078405659646]
  ResConv 3:  [0.0002931506896857172, -0.0002990173816215247, -0.007032479625195265, 0.0013752981321886182]
--
--
  ResConv 1:  [0.00035649072378873825, 2.5843533876468427e-05, -0.007941502146422863, 0.0002631050592754036]
  ResConv 2:  [0.00030037955730222166, -1.724269714031834e-05, -0.006928710266947746, -7.905859092716128e-05]
  ResConv 3:  [0.00025143736274912953, -0.0002766948309727013, -0.006161844823509455, 0.0008182012825272977]
--
--
  ResConv 1:  [0.00035649072378873825, 2.584353569545783e-05, -0.007941502146422863, 0.00026310503017157316]
  ResConv 2:  [0.00030037955730222166, -1.7242693502339534e-05, -0.006928709801286459, -7.905862730694935e-05]
  ResConv 3:  [0.00025143736274912953, -0.0002766948309727013, -0.006161844823509455, 0.0008182011661119759]
--
--
  ResConv 1:  [0.00035649072378873825, 2.5843532057479024e-05, -0.007941502146422863, 0.0002631050592754036]
  ResConv 2:  [0.00030037961550988257, -1.7242698959307745e-05, -0.006928709801286459, -7.905858365120366e-05]
  ResConv 3:  [0.00025143739185296, -0.0002766948309727013, -0.006161844823509455, 0.0008182012825272977]
--
--
  ResConv 1:  [0.00035649072378873825, 2.5843521143542603e-05, -0.007941502146422863, 0.00026310503017157316]
  ResConv 2:  [0.00030037955730222166, -1.7242709873244166e-05, -0.006928709801286459, -7.905861275503412e-05]
  ResConv 3:  [0.00025143736274912953, -0.0002766948309727013, -0.006161844823509455, 0.0008182011661119759]
--
--
  ResConv 1:  [0.00035649072378873825, 2.5843537514447235e-05, -0.007941502146422863, 0.00026310503017157316]
  ResConv 2:  [0.00030037955730222166, -1.724269168335013e-05, -0.006928709801286459, -7.905861275503412e-05]
  ResConv 3:  [0.00025143736274912953, -0.0002766948309727013, -0.006161844823509455, 0.0008182012825272977]
--
--
  ResConv 1:  [0.000623268133495003, 6.169933476485312e-05, -0.008946319110691547, 0.0005350784049369395]
  ResConv 2:  [0.0005336175090633333, 1.2731003153021447e-05, -0.007806225214153528, 0.00014407653361558914]
  ResConv 3:  [0.00045733965816907585, -0.0002727349929045886, -0.0069595566019415855, 0.0011261904146522284]
--
--
  ResConv 1:  [0.000623268133495003, 6.169932021293789e-05, -0.008946319110691547, 0.0005350784049369395]
  ResConv 2:  [0.0005336175672709942, 1.273099951504264e-05, -0.007806225214153528, 0.00014407653361558914]
  ResConv 3:  [0.00045733965816907585, -0.0002727349929045886, -0.0069595566019415855, 0.0011261904146522284]
--
--
  ResConv 1:  [0.000623268133495003, 6.16993274888955e-05, -0.008946318179368973, 0.0005350784049369395]
  ResConv 2:  [0.0005336175090633333, 1.2731001334032044e-05, -0.007806225214153528, 0.0001440765190636739]
  ResConv 3:  [0.00045733965816907585, -0.0002727349929045886, -0.0069595566019415855, 0.0011261904146522284]
--
--
  ResConv 1:  [0.000623268133495003, 6.169933476485312e-05, -0.008946318179368973, 0.0005350783467292786]
  ResConv 2:  [0.0005336175090633333, 1.2731001334032044e-05, -0.007806225214153528, 0.00014407650451175869]
  ResConv 3:  [0.0004573396872729063, -0.0002727349929045886, -0.0069595566019415855, 0.0011261904146522284]
--
--
  ResConv 1:  [0.000623268133495003, 6.169934204081073e-05, -0.008946318179368973, 0.0005350784049369395]
  ResConv 2:  [0.0005336175672709942, 1.273101497645257e-05, -0.007806225214153528, 0.00014407653361558914]
  ResConv 3:  [0.0004573396872729063, -0.0002727349638007581, -0.0069595566019415855, 0.0011261904146522284]
--
--
  ResConv 1:  [0.000464670971268788, 3.2676613045623526e-05, -0.007021194323897362, 0.00029853699379600585]
  ResConv 2:  [0.0003984177892562002, -4.743633780890377e-06, -0.006129386834800243, 1.0142192650164361e-06]
  ResConv 3:  [0.00035037941415794194, -0.00022753106895834208, -0.005458808969706297, 0.0007754776161164045]
--
--
  ResConv 1:  [0.0004646709421649575, 3.267662395955995e-05, -0.007021194323897362, 0.0002985370228998363]
  ResConv 2:  [0.0003984177892562002, -4.743623776448658e-06, -0.006129386834800243, 1.0142296105186688e-06]
  ResConv 3:  [0.0003503793850541115, -0.00022753106895834208, -0.005458808969706297, 0.0007754776161164045]
--
--
  ResConv 1:  [0.0004646709421649575, 3.2676613045623526e-05, -0.007021194323897362, 0.00029853699379600585]
  ResConv 2:  [0.00039841776015236974, -4.743637873616535e-06, -0.006129386834800243, 1.0142159680981422e-06]
  ResConv 3:  [0.0003503793850541115, -0.00022753109806217253, -0.005458808969706297, 0.0007754776161164045]
--
--
  ResConv 1:  [0.0004646709421649575, 3.267662395955995e-05, -0.0070211938582360744, 0.0002985370228998363]
  ResConv 2:  [0.00039841776015236974, -4.743626504932763e-06, -0.006129386834800243, 1.014225404105673e-06]
  ResConv 3:  [0.00035037941415794194, -0.00022753106895834208, -0.005458808969706297, 0.0007754776161164045]
--
--
  ResConv 1:  [0.0004646710294764489, 3.267661668360233e-05, -0.007021194323897362, 0.0002985370228998363]
  ResConv 2:  [0.0003984177892562002, -4.74363014291157e-06, -0.006129386834800243, 1.0142312021343969e-06]
  ResConv 3:  [0.00035037941415794194, -0.00022753106895834208, -0.005458808969706297, 0.0007754776161164045]
--
--
  ResConv 1:  [0.0004922364605590701, 1.4253416338760871e-05, -0.009236852638423443, 0.0005060663679614663]
  ResConv 2:  [0.0004112727183382958, -3.739987005246803e-05, -0.008056510239839554, 9.496437996858731e-05]
  ResConv 3:  [0.00033615215215831995, -0.0003379865374881774, -0.007172419223934412, 0.0011291290866211057]
--
--
  ResConv 1:  [0.0004922364023514092, 1.425342088623438e-05, -0.009236852638423443, 0.0005060663679614663]
  ResConv 2:  [0.0004112727474421263, -3.7399866414489225e-05, -0.008056510239839554, 9.496435086475685e-05]
  ResConv 3:  [0.0003361521812621504, -0.00033798650838434696, -0.007172419689595699, 0.0011291290866211057]
--
--
  ResConv 1:  [0.0004922364605590701, 1.4253428162191994e-05, -0.009236852638423443, 0.0005060663679614663]
  ResConv 2:  [0.0004112727474421263, -3.73998555005528e-05, -0.008056510239839554, 9.496437996858731e-05]
  ResConv 3:  [0.0003361521812621504, -0.0003379864792805165, -0.007172419223934412, 0.0011291290866211057]
--
--
  ResConv 1:  [0.0004922364605590701, 1.4253418157750275e-05, -0.009236852638423443, 0.0005060663679614663]
  ResConv 2:  [0.0004112727474421263, -3.7399866414489225e-05, -0.008056510239839554, 9.496435814071447e-05]
  ResConv 3:  [0.0003361521812621504, -0.00033798650838434696, -0.007172419223934412, 0.0011291290866211057]
--
--
  ResConv 1:  [0.0004922364605590701, 1.4253412700782064e-05, -0.009236852638423443, 0.0005060663679614663]
  ResConv 2:  [0.0004112727474421263, -3.739987005246803e-05, -0.008056510239839554, 9.496432903688401e-05]
  ResConv 3:  [0.0003361521812621504, -0.0003379865374881774, -0.007172419223934412, 0.0011291290866211057]
--
--
  ResConv 1:  [0.0003217946505174041, 4.56312409369275e-05, -0.006382111459970474, 0.00019519480702001601]
  ResConv 2:  [0.0002713869034778327, 1.0671915333659854e-05, -0.005572450812906027, -7.37621885491535e-05]
  ResConv 3:  [0.00023153200163505971, -0.00019536215404514223, -0.004961421713232994, 0.0006380528793670237]
--
--
  ResConv 1:  [0.0003217946505174041, 4.563123729894869e-05, -0.006382111459970474, 0.00019519480702001601]
  ResConv 2:  [0.0002713869616854936, 1.0671908967196941e-05, -0.005572450812906027, -7.376217399723828e-05]
  ResConv 3:  [0.00023153201618697494, -0.00019536216859705746, -0.004961421713232994, 0.0006380528793670237]
--
--
  ResConv 1:  [0.0003217946505174041, 4.563123729894869e-05, -0.006382111459970474, 0.00019519483612384647]
  ResConv 2:  [0.0002713869616854936, 1.0671908967196941e-05, -0.005572450812906027, -7.376216672128066e-05]
  ResConv 3:  [0.00023153201618697494, -0.00019536215404514223, -0.004961421713232994, 0.0006380528793670237]
--
--
  ResConv 1:  [0.0003217946505174041, 4.56312409369275e-05, -0.006382111459970474, 0.00019519482157193124]
  ResConv 2:  [0.00027138693258166313, 1.0671915333659854e-05, -0.005572450812906027, -7.376217399723828e-05]
  ResConv 3:  [0.00023153200163505971, -0.00019536215404514223, -0.004961421713232994, 0.0006380528793670237]
--
--
  ResConv 1:  [0.0003217946505174041, 4.56312409369275e-05, -0.006382111459970474, 0.00019519480702001601]
  ResConv 2:  [0.0002713869616854936, 1.0671910786186345e-05, -0.005572450812906027, -7.376218127319589e-05]
  ResConv 3:  [0.00023153201618697494, -0.00019536215404514223, -0.004961421713232994, 0.0006380528793670237]
--
--
  ResConv 1:  [0.0004461353237275034, -7.175062364694895e-06, -0.009085540659725666, 0.0010160699021071196]
  ResConv 2:  [0.0003811193455476314, -6.10908682574518e-05, -0.007901343517005444, 0.0005861957324668765]
  ResConv 3:  [0.0003078233858104795, -0.00035344561911188066, -0.007024988532066345, 0.0015820458065718412]
--
--
  ResConv 1:  [0.0004461353237275034, -7.1750491770217195e-06, -0.009085540659725666, 0.0010160699021071196]
  ResConv 2:  [0.00038111937465146184, -6.109085370553657e-05, -0.007901343517005444, 0.0005861957324668765]
  ResConv 3:  [0.0003078233858104795, -0.00035344561911188066, -0.0070249889977276325, 0.0015820458065718412]
--
--
  ResConv 1:  [0.0004461353237275034, -7.175055543484632e-06, -0.009085540659725666, 0.0010160699021071196]
  ResConv 2:  [0.0003811193455476314, -6.10908682574518e-05, -0.007901343517005444, 0.0005861957324668765]
  ResConv 3:  [0.0003078233858104795, -0.00035344561911188066, -0.007024988532066345, 0.0015820458065718412]
--
--
  ResConv 1:  [0.0004461354110389948, -7.175064183684299e-06, -0.009085540659725666, 0.0010160699021071196]
  ResConv 2:  [0.0003811193455476314, -6.10908682574518e-05, -0.007901343517005444, 0.0005861957906745374]
  ResConv 3:  [0.00030782341491431, -0.00035344561911188066, -0.007024988532066345, 0.0015820458065718412]
--
--
  ResConv 1:  [0.0004461353237275034, -7.175046448537614e-06, -0.009085540659725666, 0.0010160699021071196]
  ResConv 2:  [0.0003811193455476314, -6.109085370553657e-05, -0.007901343517005444, 0.0005861957324668765]
  ResConv 3:  [0.0003078233858104795, -0.00035344561911188066, -0.007024988532066345, 0.0015820458065718412]
--
--
  ResConv 1:  [0.00038354506250470877, 1.5589578197250376e-06, -0.007708522025495768, 0.0004305674519855529]
  ResConv 2:  [0.0003219858626835048, -4.060684295836836e-05, -0.00672178016975522, 9.793878416530788e-05]
  ResConv 3:  [0.0002675155410543084, -0.000287268019746989, -0.005988082382827997, 0.0009445496834814548]
--
--
  ResConv 1:  [0.00038354506250470877, 1.5589541817462305e-06, -0.007708522025495768, 0.00043056748108938336]
  ResConv 2:  [0.00032198592089116573, -4.0606850234325975e-05, -0.00672178016975522, 9.793879871722311e-05]
  ResConv 3:  [0.0002675155410543084, -0.000287268019746989, -0.005988081451505423, 0.0009445496252737939]
--
--
  ResConv 1:  [0.00038354506250470877, 1.5589442909913487e-06, -0.007708522025495768, 0.00043056742288172245]
  ResConv 2:  [0.0003219858626835048, -4.0606850234325975e-05, -0.00672178016975522, 9.793875506147742e-05]
  ResConv 3:  [0.0002675155410543084, -0.00028726804885081947, -0.005988082382827997, 0.000944549567066133]
--
--
  ResConv 1:  [0.00038354506250470877, 1.5589533859383664e-06, -0.007708522491157055, 0.00043056748108938336]
  ResConv 2:  [0.0003219858626835048, -4.0606850234325975e-05, -0.00672178016975522, 9.793880599318072e-05]
  ResConv 3:  [0.0002675154828466475, -0.00028726804885081947, -0.005988082382827997, 0.0009445496252737939]
--
--
  ResConv 1:  [0.00038354506250470877, 1.5589384929626249e-06, -0.007708522025495768, 0.0004305674519855529]
  ResConv 2:  [0.0003219858626835048, -4.0606861148262396e-05, -0.00672178016975522, 9.793879871722311e-05]
  ResConv 3:  [0.00026751551195047796, -0.00028726804885081947, -0.005988082382827997, 0.0009445496834814548]
--
--
  ResConv 1:  [0.0005192959797568619, 3.326957084937021e-05, -0.009411169216036797, 0.0006385664455592632]
  ResConv 2:  [0.0004347466165199876, -1.8857439499697648e-05, -0.008197388611733913, 0.0002112759102601558]
  ResConv 3:  [0.0003590075357351452, -0.00033008321770466864, -0.0072813150472939014, 0.0012777909869328141]
--
--
  ResConv 1:  [0.0005192959797568619, 3.32695635734126e-05, -0.009411168284714222, 0.0006385664455592632]
  ResConv 2:  [0.0004347465874161571, -1.8857448594644666e-05, -0.008197388611733913, 0.0002112759102601558]
  ResConv 3:  [0.0003590075357351452, -0.00033008321770466864, -0.007281314115971327, 0.0012777908705174923]
--
--
  ResConv 1:  [0.000519295921549201, 3.326957084937021e-05, -0.009411167353391647, 0.0006385664455592632]
  ResConv 2:  [0.00043474655831232667, -1.8857439499697648e-05, -0.008197388611733913, 0.0002112759102601558]
  ResConv 3:  [0.00035900750663131475, -0.00033008321770466864, -0.0072813150472939014, 0.0012777907541021705]
--
--
  ResConv 1:  [0.000519295921549201, 3.32695635734126e-05, -0.009411168284714222, 0.000638566620182246]
  ResConv 2:  [0.0004347465874161571, -1.885744495666586e-05, -0.008197388611733913, 0.00021127593936398625]
  ResConv 3:  [0.00035900750663131475, -0.00033008321770466864, -0.007281314115971327, 0.0012777909869328141]
--
--
  ResConv 1:  [0.0005192959797568619, 3.3269578125327826e-05, -0.009411168284714222, 0.0006385664455592632]
  ResConv 2:  [0.0004347465874161571, -1.8857434042729437e-05, -0.008197388611733913, 0.0002112759102601558]
  ResConv 3:  [0.0003590075357351452, -0.00033008321770466864, -0.0072813150472939014, 0.0012777908705174923]
--
--
  ResConv 1:  [0.00044781379983760417, 4.7216624807333574e-05, -0.008520442992448807, 0.0003016748814843595]
  ResConv 2:  [0.0003747634473256767, 2.8421203523976146e-07, -0.007439733482897282, -6.245790427783504e-05]
  ResConv 3:  [0.0003136366722173989, -0.0002736510359682143, -0.006629590876400471, 0.0008843187824822962]
--
--
  ResConv 1:  [0.00044781379983760417, 4.7216610255418345e-05, -0.008520442061126232, 0.0003016748232766986]
  ResConv 2:  [0.0003747634182218462, 2.8419108843991125e-07, -0.007439733482897282, -6.245789700187743e-05]
  ResConv 3:  [0.0003136366722173989, -0.0002736510941758752, -0.006629590876400471, 0.0008843187824822962]
--
--
  ResConv 1:  [0.00044781379983760417, 4.7216624807333574e-05, -0.008520442061126232, 0.0003016748814843595]
  ResConv 2:  [0.0003747634473256767, 2.842059814156528e-07, -0.007439733482897282, -6.245786789804697e-05]
  ResConv 3:  [0.0003136366722173989, -0.0002736510359682143, -0.006629590876400471, 0.0008843187824822962]
--
--
  ResConv 1:  [0.0004478138289414346, 4.721661753137596e-05, -0.008520442061126232, 0.0003016748232766986]
  ResConv 2:  [0.0003747634473256767, 2.841993591573555e-07, -0.007439733948558569, -6.245790427783504e-05]
  ResConv 3:  [0.0003136366431135684, -0.0002736510359682143, -0.006629590876400471, 0.0008843187824822962]
--
--
  ResConv 1:  [0.0004478138580452651, 4.721661753137596e-05, -0.008520442061126232, 0.0003016748232766986]
  ResConv 2:  [0.0003747634473256767, 2.842015760506911e-07, -0.007439733482897282, -6.245789700187743e-05]
  ResConv 3:  [0.00031363670132122934, -0.0002736510941758752, -0.006629591807723045, 0.0008843187824822962]
--
--
  ResConv 1:  [0.0004067982081323862, 1.2334446182649117e-05, -0.006601300090551376, 0.00019865788635797799]
  ResConv 2:  [0.00034080405021086335, -2.2748467017663643e-05, -0.005760315340012312, -8.378066559089348e-05]
  ResConv 3:  [0.0002903110580518842, -0.00023448403226211667, -0.005124126560986042, 0.0006541897892020643]
--
--
  ResConv 1:  [0.00040679817902855575, 1.2334440725680906e-05, -0.006601300090551376, 0.00019865788635797799]
  ResConv 2:  [0.0003408040211070329, -2.2748472474631853e-05, -0.005760314874351025, -8.378067286685109e-05]
  ResConv 3:  [0.0002903110289480537, -0.00023448403226211667, -0.005124126560986042, 0.0006541897892020643]
--
--
  ResConv 1:  [0.0004067982081323862, 1.2334437997196801e-05, -0.006601299624890089, 0.0001986578427022323]
  ResConv 2:  [0.00034080405021086335, -2.2748477931600064e-05, -0.005760315340012312, -8.378069469472393e-05]
  ResConv 3:  [0.0002903110580518842, -0.00023448403226211667, -0.005124126560986042, 0.0006541896727867424]
--
--
  ResConv 1:  [0.00040679823723621666, 1.2334438906691503e-05, -0.006601299159228802, 0.00019865785725414753]
  ResConv 2:  [0.00034080405021086335, -2.2748472474631853e-05, -0.005760315805673599, -8.378067286685109e-05]
  ResConv 3:  [0.0002903110580518842, -0.00023448403226211667, -0.005124126560986042, 0.0006541896727867424]
--
--
  ResConv 1:  [0.0004067982081323862, 1.2334434359217994e-05, -0.006601299624890089, 0.00019865788635797799]
  ResConv 2:  [0.00034080405021086335, -2.2748477931600064e-05, -0.005760315340012312, -8.378067286685109e-05]
  ResConv 3:  [0.0002903110580518842, -0.00023448403226211667, -0.005124126560986042, 0.0006541897892020643]
--
--
  ResConv 1:  [0.0005882031400687993, 4.154219277552329e-05, -0.00787508673965931, 0.0003974130086135119]
  ResConv 2:  [0.0005041405675001442, 3.2459075782753644e-07, -0.006864491850137711, 4.9113390559796244e-05]
  ResConv 3:  [0.00043516786536201835, -0.0002510316844563931, -0.0061156912706792355, 0.000920607359148562]
--
--
  ResConv 1:  [0.0005882030818611383, 4.1542185499565676e-05, -0.00787508673965931, 0.0003974130377173424]
  ResConv 2:  [0.0005041405092924833, 3.245799859996623e-07, -0.006864491850137711, 4.9113401473732665e-05]
  ResConv 3:  [0.0004351678362581879, -0.0002510317135602236, -0.006115690805017948, 0.000920607359148562]
--
--
  ResConv 1:  [0.0005882030818611383, 4.1542185499565676e-05, -0.00787508673965931, 0.000397412950405851]
  ResConv 2:  [0.0005041405092924833, 3.245823165798356e-07, -0.006864491850137711, 4.911339783575386e-05]
  ResConv 3:  [0.00043516780715435743, -0.00025103174266405404, -0.0061156912706792355, 0.0009206074173562229]
--
--
  ResConv 1:  [0.0005882031400687993, 4.1542185499565676e-05, -0.00787508673965931, 0.0003974130377173424]
  ResConv 2:  [0.0005041405092924833, 3.245871482704388e-07, -0.006864491850137711, 4.911343057756312e-05]
  ResConv 3:  [0.00043516786536201835, -0.0002510317135602236, -0.0061156912706792355, 0.0009206074173562229]
--
--
  ResConv 1:  [0.0005882030818611383, 4.154219277552329e-05, -0.00787508673965931, 0.000397412950405851]
  ResConv 2:  [0.0005041405092924833, 3.2458564191983896e-07, -0.006864491850137711, 4.911338328383863e-05]
  ResConv 3:  [0.00043516780715435743, -0.0002510317135602236, -0.006115690805017948, 0.000920607359148562]
--
--
  ResConv 1:  [0.0003278657968621701, 1.2009953024971765e-05, -0.007706502452492714, 0.0006500236922875047]
  ResConv 2:  [0.0002733579894993454, -3.092748374911025e-05, -0.006715891882777214, 0.0002985418541356921]
  ResConv 3:  [0.00022032405831851065, -0.0002785126562230289, -0.005974296946078539, 0.0011500332038849592]
--
--
  ResConv 1:  [0.0003278657968621701, 1.2009958481939975e-05, -0.007706502452492714, 0.0006500236922875047]
  ResConv 2:  [0.00027335796039551497, -3.092747647315264e-05, -0.006715891882777214, 0.0002985418541356921]
  ResConv 3:  [0.00022032401466276497, -0.0002785126562230289, -0.005974296946078539, 0.0011500330874696374]
--
--
  ResConv 1:  [0.00032786576775833964, 1.2009959391434677e-05, -0.007706502452492714, 0.0006500235758721828]
  ResConv 2:  [0.00027335796039551497, -3.0927480111131445e-05, -0.006715891882777214, 0.0002985417959280312]
  ResConv 3:  [0.00022032401466276497, -0.00027851268532685935, -0.005974296014755964, 0.0011500329710543156]
--
--
  ResConv 1:  [0.0003278657968621701, 1.2009956662950572e-05, -0.007706502452492714, 0.0006500236922875047]
  ResConv 2:  [0.0002733579894993454, -3.0927480111131445e-05, -0.006715891882777214, 0.0002985418832395226]
  ResConv 3:  [0.00022032405831851065, -0.0002785126562230289, -0.005974296014755964, 0.0011500332038849592]
--
--
  ResConv 1:  [0.0003278657386545092, 1.2009949386992957e-05, -0.007706502452492714, 0.0006500236922875047]
  ResConv 2:  [0.00027335796039551497, -3.0927491025067866e-05, -0.006715891882777214, 0.0002985418832395226]
  ResConv 3:  [0.00022032401466276497, -0.0002785127144306898, -0.005974296014755964, 0.0011500330874696374]
--
--
  ResConv 1:  [0.0005647010984830558, 4.098198041901924e-05, -0.009701386094093323, 0.0005550142959691584]
  ResConv 2:  [0.00048668033559806645, -1.2715609045699239e-05, -0.008459426462650299, 0.00012216820323374122]
  ResConv 3:  [0.00041556215728633106, -0.0003266501589678228, -0.007535189390182495, 0.0011980042327195406]
--
--
  ResConv 1:  [0.0005647010402753949, 4.098198041901924e-05, -0.009701385162770748, 0.0005550142959691584]
  ResConv 2:  [0.000486680306494236, -1.2715607226709835e-05, -0.008459426462650299, 0.00012216820323374122]
  ResConv 3:  [0.00041556215728633106, -0.0003266501589678228, -0.007535189390182495, 0.0011980042327195406]
--
--
  ResConv 1:  [0.0005647010402753949, 4.098198769497685e-05, -0.009701386094093323, 0.0005550142959691584]
  ResConv 2:  [0.00048668027739040554, -1.2715599950752221e-05, -0.008459426462650299, 0.000122168188681826]
  ResConv 3:  [0.00041556215728633106, -0.0003266501589678228, -0.007535189390182495, 0.0011980042327195406]
--
--
  ResConv 1:  [0.0005647010984830558, 4.098197314306162e-05, -0.009701385162770748, 0.0005550142959691584]
  ResConv 2:  [0.00048668027739040554, -1.2715615412162151e-05, -0.008459426462650299, 0.000122168188681826]
  ResConv 3:  [0.00041556215728633106, -0.0003266501589678228, -0.007535189390182495, 0.0011980042327195406]
--
--
  ResConv 1:  [0.0005647011566907167, 4.0981994970934466e-05, -0.009701386094093323, 0.0005550142959691584]
  ResConv 2:  [0.00048668027739040554, -1.2715595403278712e-05, -0.008459426462650299, 0.000122168188681826]
  ResConv 3:  [0.0004155621281825006, -0.0003266501589678228, -0.007535189390182495, 0.0011980042327195406]
--
--
  ResConv 1:  [0.00031143336673267186, 3.880232179653831e-05, -0.008138224482536316, 0.00026724522467702627]
  ResConv 2:  [0.00025438261218369007, -5.0644389375520404e-06, -0.00710296630859375, -8.259083551820368e-05]
  ResConv 3:  [0.0002059264952549711, -0.0002696334559004754, -0.006322722882032394, 0.0008284206851385534]
--
--
  ResConv 1:  [0.00031143336673267186, 3.8802339986432344e-05, -0.008138222619891167, 0.00026724522467702627]
  ResConv 2:  [0.00025438261218369007, -5.0644180191739e-06, -0.00710296630859375, -8.25908500701189e-05]
  ResConv 3:  [0.0002059264952549711, -0.0002696334267966449, -0.006322722882032394, 0.0008284206851385534]
--
--
  ResConv 1:  [0.0003114333958365023, 3.880232179653831e-05, -0.008138223551213741, 0.00026724522467702627]
  ResConv 2:  [0.00025438264128752053, -5.064435299573233e-06, -0.00710296630859375, -8.25908500701189e-05]
  ResConv 3:  [0.0002059264952549711, -0.0002696334559004754, -0.006322722882032394, 0.0008284206851385534]
--
--
  ResConv 1:  [0.00031143336673267186, 3.880233271047473e-05, -0.008138223551213741, 0.00026724522467702627]
  ResConv 2:  [0.00025438261218369007, -5.064431206847075e-06, -0.00710296630859375, -8.259084279416129e-05]
  ResConv 3:  [0.0002059264952549711, -0.0002696334559004754, -0.006322722882032394, 0.0008284206851385534]
--
--
  ResConv 1:  [0.00031143336673267186, 3.8802339986432344e-05, -0.008138223551213741, 0.00026724522467702627]
  ResConv 2:  [0.00025438261218369007, -5.0644266593735665e-06, -0.00710296630859375, -8.259082824224606e-05]
  ResConv 3:  [0.0002059264952549711, -0.0002696334559004754, -0.006322722882032394, 0.0008284206851385534]
--
--
  ResConv 1:  [0.0004993179463781416, 4.380931568448432e-05, -0.00939002726227045, 0.0006059923325665295]
  ResConv 2:  [0.00041748335934244096, -9.454865903535392e-06, -0.008183300495147705, 0.0001809051464078948]
  ResConv 3:  [0.00034237917861901224, -0.0003154032747261226, -0.00728245684877038, 0.001225762185640633]
--
--
  ResConv 1:  [0.0004993179463781416, 4.380931568448432e-05, -0.00939002726227045, 0.0006059923325665295]
  ResConv 2:  [0.00041748335934244096, -9.45486499404069e-06, -0.00818329956382513, 0.00018090513185597956]
  ResConv 3:  [0.00034237917861901224, -0.0003154033038299531, -0.00728245684877038, 0.001225762185640633]
--
--
  ResConv 1:  [0.0004993179463781416, 4.380931568448432e-05, -0.00939002726227045, 0.0006059923325665295]
  ResConv 2:  [0.00041748335934244096, -9.4548695415142e-06, -0.008183300495147705, 0.0001809051464078948]
  ResConv 3:  [0.00034237917861901224, -0.0003154032747261226, -0.007282457780092955, 0.001225762185640633]
--
--
  ResConv 1:  [0.0004993179463781416, 4.380933387437835e-05, -0.00939002726227045, 0.0006059923325665295]
  ResConv 2:  [0.0004174833302386105, -9.454856808588374e-06, -0.008183300495147705, 0.00018090508820023388]
  ResConv 3:  [0.0003423791495151818, -0.0003154032747261226, -0.00728245684877038, 0.001225762185640633]
--
--
  ResConv 1:  [0.0004993179463781416, 4.380931568448432e-05, -0.00939002726227045, 0.0006059923325665295]
  ResConv 2:  [0.00041748335934244096, -9.454865903535392e-06, -0.008183300495147705, 0.00018090513185597956]
  ResConv 3:  [0.00034237917861901224, -0.0003154032747261226, -0.00728245684877038, 0.001225762185640633]
--
--
  ResConv 1:  [0.000508225173689425, 6.023043533787131e-05, -0.007626853417605162, 0.0004044313100166619]
  ResConv 2:  [0.00043892479152418673, 1.7563113942742348e-05, -0.006654934026300907, 7.586452557006851e-05]
  ResConv 3:  [0.000381503690732643, -0.0002229890087619424, -0.005935016553848982, 0.0009051702218130231]
--
--
  ResConv 1:  [0.000508225173689425, 6.023044261382893e-05, -0.007626853417605162, 0.00040443133912049234]
  ResConv 2:  [0.00043892479152418673, 1.756311939971056e-05, -0.006654934957623482, 7.586451101815328e-05]
  ResConv 3:  [0.000381503690732643, -0.0002229890087619424, -0.005935016553848982, 0.0009051701636053622]
--
--
  ResConv 1:  [0.0005082252318970859, 6.023044261382893e-05, -0.007626853417605162, 0.0004044313100166619]
  ResConv 2:  [0.0004389248206280172, 1.7563117580721155e-05, -0.006654934957623482, 7.586452557006851e-05]
  ResConv 3:  [0.000381503690732643, -0.00022298899421002716, -0.005935016553848982, 0.0009051702218130231]
--
--
  ResConv 1:  [0.0005082252318970859, 6.023044988978654e-05, -0.007626853417605162, 0.0004044313100166619]
  ResConv 2:  [0.00043892479152418673, 1.7563126675668173e-05, -0.006654934026300907, 7.58645182941109e-05]
  ResConv 3:  [0.000381503690732643, -0.00022298899421002716, -0.005935016553848982, 0.0009051702218130231]
--
--
  ResConv 1:  [0.0005082252318970859, 6.023043897585012e-05, -0.007626853417605162, 0.0004044313100166619]
  ResConv 2:  [0.00043892479152418673, 1.756311576173175e-05, -0.006654934957623482, 7.586451101815328e-05]
  ResConv 3:  [0.000381503690732643, -0.00022298899421002716, -0.0059350160881876945, 0.0009051701636053622]
--
--
  ResConv 1:  [0.00033022701973095536, -1.342300720352796e-06, -0.006829506251960993, 0.00020178717386443168]
  ResConv 2:  [0.0002820421941578388, -3.901887248503044e-05, -0.005967902019619942, -8.506777521688491e-05]
  ResConv 3:  [0.00024207743990700692, -0.00025530968559905887, -0.005323521327227354, 0.0006674400647170842]
--
--
  ResConv 1:  [0.0003302269906271249, -1.34230151616066e-06, -0.006829506251960993, 0.00020178717386443168]
  ResConv 2:  [0.0002820421941578388, -3.901887248503044e-05, -0.005967902019619942, -8.506778249284253e-05]
  ResConv 3:  [0.00024207743990700692, -0.0002553096564952284, -0.005323521327227354, 0.0006674400647170842]
--
--
  ResConv 1:  [0.0003302269906271249, -1.3423020845948486e-06, -0.006829506251960993, 0.00020178717386443168]
  ResConv 2:  [0.0002820422232616693, -3.901887612300925e-05, -0.005967902019619942, -8.506777521688491e-05]
  ResConv 3:  [0.00024207743990700692, -0.0002553096564952284, -0.005323521327227354, 0.0006674400647170842]
--
--
  ResConv 1:  [0.0003302269906271249, -1.3423073141893838e-06, -0.006829506251960993, 0.0002017871884163469]
  ResConv 2:  [0.0002820421941578388, -3.9018883398966864e-05, -0.005967902019619942, -8.506775338901207e-05]
  ResConv 3:  [0.00024207743990700692, -0.00025530968559905887, -0.005323521327227354, 0.0006674400647170842]
--
--
  ResConv 1:  [0.0003302269906271249, -1.3422962865661248e-06, -0.006829506251960993, 0.00020178717386443168]
  ResConv 2:  [0.0002820422232616693, -3.9018868847051635e-05, -0.005967902019619942, -8.50677679409273e-05]
  ResConv 3:  [0.00024207743990700692, -0.0002553096564952284, -0.005323521327227354, 0.0006674400647170842]
--
--
  ResConv 1:  [0.0004082698142156005, 2.206164253948373e-06, -0.009242112748324871, 0.0007164841517806053]
  ResConv 2:  [0.0003412388905417174, -4.8324407543987036e-05, -0.008052880875766277, 0.0002932008355855942]
  ResConv 3:  [0.0002707036619540304, -0.0003501245519146323, -0.007162083406001329, 0.0013258373364806175]
--
--
  ResConv 1:  [0.0004082698142156005, 2.2061692561692325e-06, -0.009242112748324871, 0.0007164842099882662]
  ResConv 2:  [0.00034123886143788695, -4.832440026802942e-05, -0.008052880875766277, 0.00029320086468942463]
  ResConv 3:  [0.00027070363285019994, -0.00035012452281080186, -0.007162083406001329, 0.0013258374528959394]
--
--
  ResConv 1:  [0.0004082698142156005, 2.2061708477849606e-06, -0.009242113679647446, 0.0007164841517806053]
  ResConv 2:  [0.00034123891964554787, -4.832440026802942e-05, -0.008052880875766277, 0.0002932008355855942]
  ResConv 3:  [0.0002707036619540304, -0.0003501245519146323, -0.007162083406001329, 0.0013258373364806175]
--
--
  ResConv 1:  [0.0004082698142156005, 2.2061692561692325e-06, -0.009242113679647446, 0.0007164841517806053]
  ResConv 2:  [0.00034123886143788695, -4.832440026802942e-05, -0.008052880875766277, 0.00029320086468942463]
  ResConv 3:  [0.00027070363285019994, -0.00035012452281080186, -0.007162083406001329, 0.0013258374528959394]
--
--
  ResConv 1:  [0.0004082697560079396, 2.206151066275197e-06, -0.009242112748324871, 0.0007164841517806053]
  ResConv 2:  [0.00034123886143788695, -4.8324422095902264e-05, -0.008052880875766277, 0.00029320086468942463]
  ResConv 3:  [0.00027070363285019994, -0.0003501245519146323, -0.007162083406001329, 0.0013258373364806175]
--
--
  ResConv 1:  [0.0002443201665300876, 1.0080651918542571e-05, -0.008303298614919186, 0.000279290194157511]
  ResConv 2:  [0.00018705848196987063, -3.459410072537139e-05, -0.007249550893902779, -7.623682904522866e-05]
  ResConv 3:  [0.000137348601128906, -0.0003063895564991981, -0.00645211199298501, 0.0008559807320125401]
--
--
  ResConv 1:  [0.00024432019563391805, 1.008065100904787e-05, -0.008303298614919186, 0.000279290194157511]
  ResConv 2:  [0.00018705848196987063, -3.459410072537139e-05, -0.007249550893902779, -7.623682904522866e-05]
  ResConv 3:  [0.00013734858657699078, -0.0003063895564991981, -0.00645211199298501, 0.0008559807320125401]
--
--
  ResConv 1:  [0.0002443202247377485, 1.0080661922984291e-05, -0.008303298614919186, 0.000279290194157511]
  ResConv 2:  [0.00018705851107370108, -3.4594093449413776e-05, -0.007249550893902779, -7.623681449331343e-05]
  ResConv 3:  [0.00013734863023273647, -0.0003063895273953676, -0.00645211199298501, 0.0008559807320125401]
--
--
  ResConv 1:  [0.0002443202247377485, 1.0080652828037273e-05, -0.008303298614919186, 0.00027929022326134145]
  ResConv 2:  [0.00018705851107370108, -3.459410072537139e-05, -0.007249550893902779, -7.623681449331343e-05]
  ResConv 3:  [0.000137348601128906, -0.0003063895564991981, -0.00645211199298501, 0.0008559807320125401]
--
--
  ResConv 1:  [0.0002443202247377485, 1.0080647371069063e-05, -0.00830329954624176, 0.00027929022326134145]
  ResConv 2:  [0.00018705848196987063, -3.459410072537139e-05, -0.007249550893902779, -7.62367999413982e-05]
  ResConv 3:  [0.00013734861568082124, -0.0003063895564991981, -0.00645211199298501, 0.0008559807320125401]
--
--
  ResConv 1:  [0.0004203353601042181, 7.0799346758576576e-06, -0.007458500564098358, 0.00028161134105175734]
  ResConv 2:  [0.00035608556936495006, -3.292658584541641e-05, -0.006515182554721832, -3.692432073876262e-05]
  ResConv 3:  [0.0003011531080119312, -0.00027276144828647375, -0.005803158041089773, 0.0007900173659436405]
--
--
  ResConv 1:  [0.00042033541831187904, 7.0799469540361315e-06, -0.007458500564098358, 0.0002816113701555878]
  ResConv 2:  [0.00035608551115728915, -3.2926571293501183e-05, -0.006515182554721832, -3.692429527291097e-05]
  ResConv 3:  [0.0003011531080119312, -0.0002727614191826433, -0.005803158041089773, 0.0007900174241513014]
--
--
  ResConv 1:  [0.00042033533100038767, 7.079946499288781e-06, -0.007458500564098358, 0.00028161134105175734]
  ResConv 2:  [0.00035608551115728915, -3.292657493147999e-05, -0.006515182554721832, -3.6924309824826196e-05]
  ResConv 3:  [0.0003011530789081007, -0.0002727614191826433, -0.005803158041089773, 0.0007900173659436405]
--
--
  ResConv 1:  [0.00042033533100038767, 7.079952865751693e-06, -0.0074585010297596455, 0.00028161134105175734]
  ResConv 2:  [0.00035608551115728915, -3.2926567655522376e-05, -0.006515182554721832, -3.692430254886858e-05]
  ResConv 3:  [0.0003011531080119312, -0.0002727614191826433, -0.005803158041089773, 0.0007900173659436405]
--
--
  ResConv 1:  [0.0004203353601042181, 7.0799387685838155e-06, -0.007458500564098358, 0.00028161134105175734]
  ResConv 2:  [0.00035608556936495006, -3.292658584541641e-05, -0.006515182554721832, -3.692431710078381e-05]
  ResConv 3:  [0.0003011531080119312, -0.00027276144828647375, -0.005803158041089773, 0.0007900173659436405]
--
--
  ResConv 1:  [0.0004932933952659369, -4.406094376463443e-05, -0.010158626362681389, 0.0009927683277055621]
  ResConv 2:  [0.0004160113458056003, -0.00010132150782737881, -0.00883964728564024, 0.0005150447832420468]
  ResConv 3:  [0.00033417908707633615, -0.00043202779488638043, -0.007857688702642918, 0.0016457284800708294]
--
--
  ResConv 1:  [0.0004932933952659369, -4.406094740261324e-05, -0.010158626362681389, 0.000992768444120884]
  ResConv 2:  [0.00041601137490943074, -0.00010132151510333642, -0.008839648216962814, 0.0005150448996573687]
  ResConv 3:  [0.0003341791161801666, -0.00043202779488638043, -0.007857688702642918, 0.0016457285964861512]
--
--
  ResConv 1:  [0.0004932934534735978, -4.4060925574740395e-05, -0.010158626362681389, 0.0009927683277055621]
  ResConv 2:  [0.00041601137490943074, -0.0001013215005514212, -0.008839648216962814, 0.0005150448414497077]
  ResConv 3:  [0.0003341791161801666, -0.00043202779488638043, -0.007857688702642918, 0.0016457284800708294]
--
--
  ResConv 1:  [0.0004932933952659369, -4.406094376463443e-05, -0.010158626362681389, 0.000992768444120884]
  ResConv 2:  [0.00041601137490943074, -0.00010132151510333642, -0.008839648216962814, 0.0005150448996573687]
  ResConv 3:  [0.0003341791161801666, -0.00043202779488638043, -0.007857688702642918, 0.0016457285964861512]
--
--
  ResConv 1:  [0.0004932933952659369, -4.4060925574740395e-05, -0.010158626362681389, 0.0009927683277055621]
  ResConv 2:  [0.00041601137490943074, -0.00010132150782737881, -0.00883964728564024, 0.0005150448414497077]
  ResConv 3:  [0.0003341791161801666, -0.00043202779488638043, -0.007857688702642918, 0.0016457284800708294]
--
--
  ResConv 1:  [0.0004873237921856344, 3.2496609492227435e-05, -0.008481455035507679, 0.0003119677130598575]
  ResConv 2:  [0.00041620945557951927, -1.3098056115268264e-05, -0.00740766990929842, -5.1683015044545755e-05]
  ResConv 3:  [0.00035888305865228176, -0.00028613320318982005, -0.006600183434784412, 0.0008889648597687483]
--
--
  ResConv 1:  [0.00048732382128946483, 3.249661313020624e-05, -0.008481455035507679, 0.0003119676257483661]
  ResConv 2:  [0.00041620945557951927, -1.3098050658300053e-05, -0.00740766990929842, -5.1683025958482176e-05]
  ResConv 3:  [0.00035888305865228176, -0.00028613320318982005, -0.006600183434784412, 0.0008889648597687483]
--
--
  ResConv 1:  [0.00048732382128946483, 3.249661313020624e-05, -0.008481455035507679, 0.0003119677130598575]
  ResConv 2:  [0.00041620948468334973, -1.3098051567794755e-05, -0.007407669443637133, -5.168301140656695e-05]
  ResConv 3:  [0.00035888305865228176, -0.0002861332322936505, -0.006600183434784412, 0.0008889648597687483]
--
--
  ResConv 1:  [0.00048732382128946483, 3.2496609492227435e-05, -0.008481455035507679, 0.0003119676548521966]
  ResConv 2:  [0.00041620945557951927, -1.3098057934257668e-05, -0.007407669443637133, -5.168302232050337e-05]
  ResConv 3:  [0.0003588831168599427, -0.00028613320318982005, -0.006600183434784412, 0.0008889648597687483]
--
--
  ResConv 1:  [0.0004873237921856344, 3.2496609492227435e-05, -0.008481455035507679, 0.0003119676257483661]
  ResConv 2:  [0.00041620945557951927, -1.3098057934257668e-05, -0.007407669443637133, -5.168304414837621e-05]
  ResConv 3:  [0.00035888305865228176, -0.00028613320318982005, -0.006600183434784412, 0.0008889647433534265]
--
--
  ResConv 1:  [0.00044543412514030933, 9.877730008156504e-06, -0.008900557644665241, 0.0004836883454117924]
  ResConv 2:  [0.0003745662688743323, -3.958947127102874e-05, -0.007763310801237822, 9.078298171516508e-05]
  ResConv 3:  [0.00030692212749272585, -0.0003264285041950643, -0.0069136549718678, 0.0010773040121421218]
--
--
  ResConv 1:  [0.00044543412514030933, 9.87772273219889e-06, -0.008900558575987816, 0.00048368831630796194]
  ResConv 2:  [0.00037456623977050185, -3.958947490900755e-05, -0.007763309869915247, 9.078296716324985e-05]
  ResConv 3:  [0.00030692212749272585, -0.00032642853329889476, -0.0069136549718678, 0.0010773040121421218]
--
--
  ResConv 1:  [0.0004454340960364789, 9.877736374619417e-06, -0.008900557644665241, 0.00048368831630796194]
  ResConv 2:  [0.00037456623977050185, -3.9589467633049935e-05, -0.007763309869915247, 9.078296716324985e-05]
  ResConv 3:  [0.0003069220983888954, -0.00032642853329889476, -0.0069136545062065125, 0.0010773040121421218]
--
--
  ResConv 1:  [0.0004454340669326484, 9.877715456241276e-06, -0.008900557644665241, 0.00048368831630796194]
  ResConv 2:  [0.00037456623977050185, -3.9589482184965163e-05, -0.007763309869915247, 9.078297443920746e-05]
  ResConv 3:  [0.00030692212749272585, -0.00032642853329889476, -0.0069136545062065125, 0.0010773040121421218]
--
--
  ResConv 1:  [0.0004454340960364789, 9.877735465124715e-06, -0.008900557644665241, 0.0004836883454117924]
  ResConv 2:  [0.00037456623977050185, -3.958946035709232e-05, -0.007763310801237822, 9.078296716324985e-05]
  ResConv 3:  [0.0003069220983888954, -0.0003264285041950643, -0.0069136545062065125, 0.0010773040121421218]
--
--
  ResConv 1:  [0.00039719557389616966, -2.791160795823089e-06, -0.009004942141473293, 0.0005527461762540042]
  ResConv 2:  [0.0003351752529852092, -5.2927749493392184e-05, -0.007852833718061447, 0.00015565466310363263]
  ResConv 3:  [0.00027179400785826147, -0.00034396268893033266, -0.006995280738919973, 0.0011551280040293932]
--
--
  ResConv 1:  [0.0003971956030000001, -2.7911585220863344e-06, -0.009004942141473293, 0.0005527461762540042]
  ResConv 2:  [0.0003351752529852092, -5.2927749493392184e-05, -0.007852832786738873, 0.00015565466310363263]
  ResConv 3:  [0.0002717940369620919, -0.00034396268893033266, -0.006995280738919973, 0.0011551280040293932]
--
--
  ResConv 1:  [0.0003971956030000001, -2.7911512461287202e-06, -0.009004942141473293, 0.0005527462344616652]
  ResConv 2:  [0.0003351752820890397, -5.292773857945576e-05, -0.007852833718061447, 0.00015565467765554786]
  ResConv 3:  [0.0002717940369620919, -0.00034396268893033266, -0.006995280738919973, 0.0011551280040293932]
--
--
  ResConv 1:  [0.0003971956030000001, -2.791155793602229e-06, -0.009004942141473293, 0.0005527462344616652]
  ResConv 2:  [0.0003351752820890397, -5.292774585541338e-05, -0.007852833718061447, 0.00015565466310363263]
  ResConv 3:  [0.0002717940369620919, -0.00034396268893033266, -0.006995280738919973, 0.0011551280040293932]
--
--
  ResConv 1:  [0.00039719566120766103, -2.791157385217957e-06, -0.009004942141473293, 0.0005527461762540042]
  ResConv 2:  [0.0003351753402967006, -5.292773857945576e-05, -0.007852832786738873, 0.00015565466310363263]
  ResConv 3:  [0.00027179409516975284, -0.00034396268893033266, -0.006995280738919973, 0.0011551280040293932]
--
--
  ResConv 1:  [0.000506310083437711, -5.862360467290273e-06, -0.00837667752057314, 0.0005065328441560268]
  ResConv 2:  [0.00044157690717838705, -5.473947385326028e-05, -0.007300219498574734, 0.00013834027049597353]
  ResConv 3:  [0.0003799039695877582, -0.0003228390705771744, -0.006501272786408663, 0.0010654990328475833]
--
--
  ResConv 1:  [0.000506310083437711, -5.8623581935535185e-06, -0.00837667752057314, 0.0005065328441560268]
  ResConv 2:  [0.00044157690717838705, -5.473947021528147e-05, -0.007300219498574734, 0.00013834028504788876]
  ResConv 3:  [0.00037990399869158864, -0.0003228390705771744, -0.006501272786408663, 0.0010654990328475833]
--
--
  ResConv 1:  [0.000506310083437711, -5.862347279617097e-06, -0.00837667752057314, 0.0005065328441560268]
  ResConv 2:  [0.00044157690717838705, -5.4739466577302665e-05, -0.007300219498574734, 0.0001383403141517192]
  ResConv 3:  [0.0003799039695877582, -0.0003228390705771744, -0.006501272786408663, 0.0010654991492629051]
--
--
  ResConv 1:  [0.000506310083437711, -5.862344551132992e-06, -0.00837667752057314, 0.0005065328441560268]
  ResConv 2:  [0.00044157690717838705, -5.4739466577302665e-05, -0.007300219498574734, 0.00013834027049597353]
  ResConv 3:  [0.0003799039695877582, -0.0003228390705771744, -0.006501272786408663, 0.0010654991492629051]
--
--
  ResConv 1:  [0.0005063101416453719, -5.862361376784975e-06, -0.00837667752057314, 0.0005065328441560268]
  ResConv 2:  [0.00044157690717838705, -5.473947385326028e-05, -0.007300219498574734, 0.0001383402559440583]
  ResConv 3:  [0.00037990399869158864, -0.0003228390705771744, -0.006501272786408663, 0.0010654990328475833]
--
--> New best solution for Validation dataset achieved at 2 / 2000: 0.06918725671453609 (9.676043% better)
--
  ResConv 1:  [0.000589636096265167, -3.6240282497601584e-05, -0.009073328226804733, 0.0009771466720849276]
  ResConv 2:  [0.0005002776742912829, -8.79233775776811e-05, -0.007893410511314869, 0.0005462244153022766]
  ResConv 3:  [0.00041720704757608473, -0.0003787562600336969, -0.007015223614871502, 0.0015448668273165822]
--
--
  ResConv 1:  [0.000386967760277912, 8.219182200264186e-05, -0.008928094059228897, 0.0005721956840716302]
  ResConv 2:  [0.0003184090892318636, 3.095564170507714e-05, -0.007763702422380447, 0.00016473286086693406]
  ResConv 3:  [0.0002526470343582332, -0.0002663186751306057, -0.00689660245552659, 0.0011700991308316588]
--
--
  ResConv 1:  [0.0005284608341753483, -3.181392457918264e-05, -0.011141610331833363, 0.0011734584113582969]
  ResConv 2:  [0.0004453005385585129, -0.00010516113252379, -0.009650561027228832, 0.0006581927882507443]
  ResConv 3:  [0.0003473341930657625, -0.0004855771258007735, -0.00854178611189127, 0.0019124342361465096]
--
--
  ResConv 1:  [0.0005582981975749135, 2.637958459672518e-05, -0.007598531898111105, 0.0003204185049980879]
  ResConv 2:  [0.00047987501602619886, -2.0216744815115817e-05, -0.0065880510956048965, -8.442661965091247e-06]
  ResConv 3:  [0.00042156255221925676, -0.0002781795337796211, -0.005829526577144861, 0.0008540123817510903]
--
--
  ResConv 1:  [0.000541654066182673, 4.221843846607953e-05, -0.008695063181221485, 0.0008237477741204202]
  ResConv 2:  [0.000450931373052299, -1.6072634025476873e-05, -0.007488545961678028, 0.0004080061917193234]
  ResConv 3:  [0.0003689843288157135, -0.00032436102628707886, -0.006589546333998442, 0.0014138877158984542]
--
--
  ResConv 1:  [0.00047239239211194217, 1.8775106582324952e-05, -0.007144302595406771, 0.00026646562037058175]
  ResConv 2:  [0.0003940838505513966, -2.674576171557419e-05, -0.006170735694468021, -4.271303623681888e-05]
  ResConv 3:  [0.0003329008468426764, -0.0002821759262587875, -0.005428134463727474, 0.000792347127571702]
--
--
  ResConv 1:  [0.0005193573306314647, 3.836719042737968e-05, -0.007921039126813412, 0.000511663150973618]
  ResConv 2:  [0.0004414426803123206, -1.5560583051410504e-05, -0.006817033048719168, 0.00015911406080704182]
  ResConv 3:  [0.0003760827239602804, -0.0002980822464451194, -0.005999517627060413, 0.0010677616810426116]
--
--
  ResConv 1:  [0.000559442036319524, 1.8306845959159546e-05, -0.010229385457932949, 0.001168135553598404]
  ResConv 2:  [0.0004878072359133512, -5.350075662136078e-05, -0.00875669252127409, 0.0006570350960828364]
  ResConv 3:  [0.0003979007597081363, -0.0004292634257581085, -0.007674020249396563, 0.001847538398578763]
--
--
  ResConv 1:  [0.00043130607809871435, 2.3647970010642894e-05, -0.008987810462713242, 0.0006024892209097743]
  ResConv 2:  [0.00035667038173414767, -4.5243126805871725e-05, -0.007694888394325972, 0.0001941645168699324]
  ResConv 3:  [0.000282189721474424, -0.0003897382994182408, -0.006723085418343544, 0.0012631550198420882]
--
--
  ResConv 1:  [0.0005236444994807243, 5.397804216045188e-06, -0.008008803240954876, 0.00034338459954597056]
  ResConv 2:  [0.0004295141261536628, -5.2511524700094014e-05, -0.006856365129351616, -1.8244998500449583e-05]
  ResConv 3:  [0.0003523965715430677, -0.0003669989528134465, -0.005975409876555204, 0.0009557040757499635]
--
--
  ResConv 1:  [0.00035563617711886764, 4.729015563498251e-05, -0.006571683567017317, 0.00019428666564635932]
  ResConv 2:  [0.00029193758382461965, -1.9475955923553556e-06, -0.00561616150662303, -9.271796443499625e-05]
  ResConv 3:  [0.00023753444838803262, -0.0002604518085718155, -0.004890582989901304, 0.0007067151600494981]
--
--
  ResConv 1:  [0.0004900406929664314, 3.4882428735727444e-05, -0.007948393933475018, 0.0003139330947306007]
  ResConv 2:  [0.00040401556179858744, -2.7425248845247552e-05, -0.006774252280592918, -4.533174796961248e-05]
  ResConv 3:  [0.0003329515748191625, -0.0003536000440362841, -0.005875817965716124, 0.0009362866985611618]
--
--
  ResConv 1:  [0.0004196719964966178, 1.4632414604420774e-05, -0.008367620408535004, 0.0003700892848428339]
  ResConv 2:  [0.0003524840285535902, -5.34459286427591e-05, -0.007111379411071539, -1.4000312148709781e-05]
  ResConv 3:  [0.00029130582697689533, -0.00040734882350079715, -0.006143311504274607, 0.0010363580659031868]
--
--
  ResConv 1:  [0.0004661817802116275, 3.839888813672587e-05, -0.010887986980378628, 0.0008275634027086198]
  ResConv 2:  [0.0003739511303137988, -5.732868521590717e-05, -0.00922293309122324, 0.0003021792508661747]
  ResConv 3:  [0.00027180524193681777, -0.0005276990705169737, -0.00795629434287548, 0.0016626388533040881]
--
--
  ResConv 1:  [0.00047022150829434395, 1.6199688616325147e-05, -0.008836026303470135, 0.00030201952904462814]
  ResConv 2:  [0.0003964595671277493, -6.15544558968395e-05, -0.0074723283760249615, -0.00010009054676629603]
  ResConv 3:  [0.00033125904155895114, -0.00044799430179409683, -0.006433903239667416, 0.0010111508890986443]
--
--
  ResConv 1:  [0.0005362055380828679, 3.0082168450462632e-05, -0.00884341262280941, 0.0006246229750104249]
  ResConv 2:  [0.0004190863110125065, -4.882449866272509e-05, -0.0074503072537481785, 0.0001939650537678972]
  ResConv 3:  [0.0003155068261548877, -0.0004433377762325108, -0.006389912683516741, 0.0013168437872081995]
--
--
  ResConv 1:  [0.0003543174243532121, 5.765729156337329e-07, -0.006672866176813841, 0.00017524816212244332]
  ResConv 2:  [0.00028358030249364674, -6.035324258846231e-05, -0.005628174636512995, -0.00012133072596043348]
  ResConv 3:  [0.00023193788365460932, -0.00036088639171794057, -0.004820733796805143, 0.0007269307971000671]
--
--
  ResConv 1:  [0.0004902614746242762, -1.13592941488605e-05, -0.007659577298909426, 0.00042063690489158034]
  ResConv 2:  [0.0003871760854963213, -8.420320955337957e-05, -0.0064357309602200985, 6.0877260693814605e-05]
  ResConv 3:  [0.0002999930875375867, -0.0004353741533122957, -0.005500941537320614, 0.0010348042706027627]
--
--
  ResConv 1:  [0.0005430819583125412, 8.500562216795515e-06, -0.00904012005776167, 0.0006107429508119822]
  ResConv 2:  [0.0004316087579354644, -8.329823322128505e-05, -0.007565109059214592, 0.00017087427841033787]
  ResConv 3:  [0.0003336294030304998, -0.0005194576224312186, -0.006434634793549776, 0.0013475572923198342]
--
--
  ResConv 1:  [0.00034767744364216924, 8.173378773790319e-06, -0.007498197723180056, 0.00039844069397076964]
  ResConv 2:  [0.00027478468837216496, -6.65433908579871e-05, -0.006275096442550421, 4.4119366066297516e-05]
  ResConv 3:  [0.0002038471429841593, -0.0004246046592015773, -0.005342372693121433, 0.0010049818083643913]
--
--
  ResConv 1:  [0.0005099509726278484, -1.4896842913003638e-05, -0.009152776561677456, 0.0005651194369420409]
  ResConv 2:  [0.0004047972324769944, -0.0001150574826169759, -0.007634760346263647, 0.00012346755829639733]
  ResConv 3:  [0.00031105687958188355, -0.0005721220513805747, -0.006469502579420805, 0.0013195195933803916]
--
--
  ResConv 1:  [0.00044915202306583524, 4.414270733832382e-05, -0.0073408628813922405, 0.000326849811244756]
  ResConv 2:  [0.00035396250314079225, -3.6640867620008066e-05, -0.006120092235505581, -1.7883567124954425e-05]
  ResConv 3:  [0.0002753049193415791, -0.00040735292714089155, -0.005182825028896332, 0.0009430270292796195]
--
--
  ResConv 1:  [0.00040871466626413167, 4.231388447806239e-05, -0.007525595836341381, 0.00023011535813566297]
  ResConv 2:  [0.0003156528400722891, -4.442921272129752e-05, -0.006263300776481628, -0.00011125982564408332]
  ResConv 3:  [0.0002460314135532826, -0.00043228917638771236, -0.005291167180985212, 0.0008791228174231946]
--
--
  ResConv 1:  [0.0004135316703468561, 2.1232315702945925e-05, -0.007936296984553337, 0.0004321589949540794]
  ResConv 2:  [0.0003218852507416159, -7.445423398166895e-05, -0.006575887091457844, 5.730007978854701e-05]
  ResConv 3:  [0.00023820309434086084, -0.0004905560635961592, -0.005548032466322184, 0.0010974929900839925]
--
--
  ResConv 1:  [0.0005029545864090323, 2.392374153714627e-05, -0.009355825372040272, 0.0007518178899772465]
  ResConv 2:  [0.00038159958785399795, -9.62060148594901e-05, -0.007714809849858284, 0.00028294706135056913]
  ResConv 3:  [0.00026773405261337757, -0.0006117593729868531, -0.006468254141509533, 0.0015402939170598984]
--
--
  ResConv 1:  [0.00035536568611860275, 3.986742740380578e-06, -0.00664087338373065, 0.00030826355214230716]
  ResConv 2:  [0.000276042555924505, -8.2370825111866e-05, -0.005485252942889929, -4.922564130538376e-06]
  ResConv 3:  [0.00020898184448014945, -0.00045469339238479733, -0.004593405872583389, 0.000892895448487252]
--
--
  ResConv 1:  [0.00038338243030011654, 4.229192654747749e-06, -0.00852278620004654, 0.000775965629145503]
  ResConv 2:  [0.0003029052459169179, -0.00011898858065251261, -0.006987663917243481, 0.00034871636307798326]
  ResConv 3:  [0.0002040953258983791, -0.0006004627211950719, -0.005849421489983797, 0.0014788915868848562]
--
--
  ResConv 1:  [0.00045799367944709957, -1.936515218403656e-06, -0.00762961944565177, 0.0005298267351463437]
  ResConv 2:  [0.0003564452053979039, -0.00011427647405071184, -0.006257499102503061, 0.0001551257591927424]
  ResConv 3:  [0.00026202385197393596, -0.0005645164637826383, -0.005213299300521612, 0.001196497119963169]
--
--
  ResConv 1:  [0.0004326233174651861, -1.6369778677471913e-05, -0.007381855044513941, 0.0003152922145090997]
  ResConv 2:  [0.00032469158759340644, -0.00012285365664865822, -0.006062256637960672, -3.607164035202004e-05]
  ResConv 3:  [0.00024151962134055793, -0.000562524248380214, -0.005045689642429352, 0.0009802855784073472]
--
--
  ResConv 1:  [0.0003804333973675966, 3.353488864377141e-05, -0.007117711007595062, 0.0002480537514202297]
  ResConv 2:  [0.0003045408520847559, -7.534078031312674e-05, -0.005832623224705458, -8.823134703561664e-05]
  ResConv 3:  [0.00024455267703160644, -0.0005155801773071289, -0.004839923698455095, 0.0009094520937651396]
--
--
  ResConv 1:  [0.0006614981102757156, 4.3774118239525706e-05, -0.011560157872736454, 0.0007201025728136301]
  ResConv 2:  [0.0005188371287658811, -0.00014312565326690674, -0.00943609606474638, 0.0001416973682353273]
  ResConv 3:  [0.0003873863024637103, -0.0008864423143677413, -0.007805540692061186, 0.0017743309726938605]
--
--
  ResConv 1:  [0.0005979238194413483, -1.9697572497534566e-05, -0.008457690477371216, 0.00045413116458803415]
  ResConv 2:  [0.0004696027608588338, -0.00015478917339351028, -0.006900460459291935, 3.059706068597734e-05]
  ResConv 3:  [0.0003662235103547573, -0.0006990265683270991, -0.005699625704437494, 0.0012230882421135902]
--
--
  ResConv 1:  [0.0005972947110421956, 7.384316268144175e-05, -0.00932708103209734, 0.0006404626765288413]
  ResConv 2:  [0.000449951650807634, -8.980597340269014e-05, -0.0075698974542319775, 0.00015635372255928814]
  ResConv 3:  [0.00031674804631620646, -0.0007090939907357097, -0.006239475682377815, 0.0014813455054536462]
--
--
  ResConv 1:  [0.0004247451142873615, 2.7928801500820555e-05, -0.007735281717032194, 0.00042040261905640364]
  ResConv 2:  [0.00031161107472144067, -0.00011349366104695946, -0.006283626891672611, 4.036913378513418e-05]
  ResConv 3:  [0.0002133441303158179, -0.0006338850944302976, -0.005171687342226505, 0.0011398339411243796]
--
--
  ResConv 1:  [0.0005226503708399832, -2.3787211830494925e-05, -0.00846172496676445, 0.00047401487245224416]
  ResConv 2:  [0.0004064236709382385, -0.00018198553880210966, -0.00685515720397234, 5.648856676998548e-05]
  ResConv 3:  [0.0003045053454115987, -0.0007686859462410212, -0.005624914076179266, 0.0012694821925833821]
--
--
  ResConv 1:  [0.0004090084694325924, -1.584455276315566e-05, -0.008182838559150696, 0.0006724958075210452]
  ResConv 2:  [0.00028231818578206003, -0.00018042317242361605, -0.006599132902920246, 0.0002432794717606157]
  ResConv 3:  [0.00016739331476856023, -0.0007615064969286323, -0.005390373058617115, 0.0014229704393073916]
--
--
  ResConv 1:  [0.0005414116312749684, 3.598067269194871e-05, -0.00780876912176609, 0.00038767143269069493]
  ResConv 2:  [0.0004185458819847554, -0.00012364969006739557, -0.006304084323346615, -3.0017240533197764e-06]
  ResConv 3:  [0.00032848259434103966, -0.0006865180330350995, -0.005148289259523153, 0.0011312144342809916]
--
--
  ResConv 1:  [0.00048517563845962286, 2.9878363420721143e-05, -0.007991067133843899, 0.00032524700509384274]
  ResConv 2:  [0.00035091181052848697, -0.00014178748824633658, -0.006434253882616758, -7.008360262261704e-05]
  ResConv 3:  [0.00024237847537733614, -0.000743643962778151, -0.005226042587310076, 0.0011267366353422403]
--
--
  ResConv 1:  [0.0005001482204534113, 2.0721716282423586e-05, -0.008160627447068691, 0.0003765519359149039]
  ResConv 2:  [0.0003813260409515351, -0.00016023276839405298, -0.006567458622157574, -2.3504713681177236e-05]
  ResConv 3:  [0.00028627508436329663, -0.0007759068394079804, -0.005342522170394659, 0.0011772962752729654]
--
--
  ResConv 1:  [0.0004309646028559655, 2.56662824540399e-05, -0.00801246240735054, 0.00035331916296854615]
  ResConv 2:  [0.00031886372016742826, -0.00016078341286629438, -0.006431642919778824, -4.607483060681261e-05]
  ResConv 3:  [0.0002244409261038527, -0.0007944732788018882, -0.005201075226068497, 0.0011643902398645878]
--
--
  ResConv 1:  [0.0005166062619537115, 4.472990895010298e-06, -0.008424771018326283, 0.000483356328913942]
  ResConv 2:  [0.00037011667154729366, -0.0002041562693193555, -0.006744083948433399, 5.4748295951867476e-05]
  ResConv 3:  [0.00024414563085883856, -0.0008857008651830256, -0.005439814645797014, 0.0013326382031664252]
--
--
  ResConv 1:  [0.00043011471279896796, 1.759409497026354e-05, -0.007683552801609039, 0.00034818591666407883]
  ResConv 2:  [0.0003282813122496009, -0.00017699743330013007, -0.00614132359623909, -4.575480124913156e-05]
  ResConv 3:  [0.0002437282382743433, -0.0008156498079188168, -0.004936335142701864, 0.001138329622335732]
--
--
  ResConv 1:  [0.0004301147419027984, 1.759408951329533e-05, -0.007683552335947752, 0.00034818591666407883]
  ResConv 2:  [0.0003282813122496009, -0.00017699743330013007, -0.006141322664916515, -4.575483035296202e-05]
  ResConv 3:  [0.000243728281930089, -0.0008156498079188168, -0.004936334677040577, 0.001138329622335732]
--
--
  ResConv 1:  [0.00043011471279896796, 1.759409497026354e-05, -0.007683552801609039, 0.00034818591666407883]
  ResConv 2:  [0.0003282813122496009, -0.00017699743330013007, -0.006141322664916515, -4.575481216306798e-05]
  ResConv 3:  [0.00024372826737817377, -0.0008156498079188168, -0.004936335142701864, 0.001138329622335732]
--
--
  ResConv 1:  [0.00043011477100662887, 1.7594098608242348e-05, -0.007683552801609039, 0.00034818591666407883]
  ResConv 2:  [0.0003282813122496009, -0.0001769974041962996, -0.006141322664916515, -4.575483762891963e-05]
  ResConv 3:  [0.000243728281930089, -0.0008156498079188168, -0.004936334677040577, 0.001138329622335732]
--
--
  ResConv 1:  [0.0004301147419027984, 1.759409497026354e-05, -0.007683552801609039, 0.00034818591666407883]
  ResConv 2:  [0.0003282813122496009, -0.00017699743330013007, -0.006141322664916515, -4.57548230770044e-05]
  ResConv 3:  [0.00024372826737817377, -0.0008156498079188168, -0.004936335142701864, 0.001138329622335732]
--
--
  ResConv 1:  [0.0004272117803338915, 3.285924549345509e-06, -0.006883590016514063, 0.00025940907653421164]
  ResConv 2:  [0.00031077335006557405, -0.0001695237006060779, -0.005510809365659952, -8.010630699573085e-05]
  ResConv 3:  [0.00022293128131423146, -0.0007303337333723903, -0.00443832203745842, 0.0009667659178376198]
--
--
  ResConv 1:  [0.0004272117803338915, 3.2859288694453426e-06, -0.006883590016514063, 0.0002594090474303812]
  ResConv 2:  [0.00031077335006557405, -0.0001695237006060779, -0.005510809365659952, -8.010630699573085e-05]
  ResConv 3:  [0.000222931252210401, -0.0007303337333723903, -0.00443832203745842, 0.0009667659178376198]
--
--
  ResConv 1:  [0.0004272117803338915, 3.285941829744843e-06, -0.006883590016514063, 0.00025940907653421164]
  ResConv 2:  [0.00031077335006557405, -0.00016952365695033222, -0.005510809365659952, -8.010629971977323e-05]
  ResConv 3:  [0.000222931252210401, -0.0007303337333723903, -0.00443832203745842, 0.0009667659178376198]
--
--
  ResConv 1:  [0.00042721175123006105, 3.2859416023711674e-06, -0.006883590016514063, 0.00025940907653421164]
  ResConv 2:  [0.00031077335006557405, -0.00016952365695033222, -0.005510809365659952, -8.010630699573085e-05]
  ResConv 3:  [0.00022293128131423146, -0.0007303336751647294, -0.00443832203745842, 0.0009667658596299589]
--
--
  ResConv 1:  [0.00042721175123006105, 3.2859375096450094e-06, -0.006883590016514063, 0.00025940907653421164]
  ResConv 2:  [0.0003107733209617436, -0.00016952367150224745, -0.005510809365659952, -8.010629971977323e-05]
  ResConv 3:  [0.000222931252210401, -0.0007303337333723903, -0.00443832203745842, 0.0009667659178376198]
--
--
  ResConv 1:  [0.0005363592645153403, -1.4270912288338877e-05, -0.010062083601951599, 0.0007994652260094881]
  ResConv 2:  [0.00035820709308609366, -0.00026898799114860594, -0.0080125005915761, 0.0002505526936147362]
  ResConv 3:  [0.0001992695324588567, -0.0011097188107669353, -0.00642980495467782, 0.0018037204863503575]
--
--
  ResConv 1:  [0.0005363592645153403, -1.4270899555413052e-05, -0.010062082670629025, 0.000799465284217149]
  ResConv 2:  [0.0003582071221899241, -0.00026898799114860594, -0.0080125005915761, 0.0002505526936147362]
  ResConv 3:  [0.0001992695324588567, -0.0011097188107669353, -0.00642980495467782, 0.0018037204863503575]
--
--
  ResConv 1:  [0.0005363592645153403, -1.4270910469349474e-05, -0.010062082670629025, 0.000799465284217149]
  ResConv 2:  [0.0003582071221899241, -0.00026898799114860594, -0.0080125005915761, 0.0002505526936147362]
  ResConv 3:  [0.0001992695324588567, -0.0011097189271822572, -0.00642980495467782, 0.0018037204863503575]
--
--
  ResConv 1:  [0.0005363592645153403, -1.4270917745307088e-05, -0.010062082670629025, 0.000799465284217149]
  ResConv 2:  [0.00035820709308609366, -0.00026898799114860594, -0.0080125005915761, 0.0002505526936147362]
  ResConv 3:  [0.0001992695324588567, -0.0011097188107669353, -0.00642980495467782, 0.0018037204863503575]
--
--
  ResConv 1:  [0.0005363592645153403, -1.4270916835812386e-05, -0.010062082670629025, 0.000799465284217149]
  ResConv 2:  [0.0003582071221899241, -0.0002689880202524364, -0.0080125005915761, 0.0002505526936147362]
  ResConv 3:  [0.00019926956156268716, -0.0011097188107669353, -0.00642980495467782, 0.0018037204863503575]
--
--
  ResConv 1:  [0.0005237744771875441, -9.440017493034247e-06, -0.010789986699819565, 0.0006408311892300844]
  ResConv 2:  [0.00036751682637259364, -0.00028729112818837166, -0.008603322319686413, 7.211334013845772e-05]
  ResConv 3:  [0.00022538822668138891, -0.0011985437013208866, -0.006902294233441353, 0.0017548331525176764]
--
--
  ResConv 1:  [0.0005237744771875441, -9.440038411412388e-06, -0.010789986699819565, 0.0006408311892300844]
  ResConv 2:  [0.00036751682637259364, -0.00028729112818837166, -0.008603322319686413, 7.211334741441533e-05]
  ResConv 3:  [0.00022538824123330414, -0.0011985437013208866, -0.006902294233441353, 0.0017548331525176764]
--
--
  ResConv 1:  [0.0005237744771875441, -9.440031135454774e-06, -0.010789986699819565, 0.0006408311892300844]
  ResConv 2:  [0.00036751682637259364, -0.00028729112818837166, -0.008603322319686413, 7.211332558654249e-05]
  ResConv 3:  [0.00022538822668138891, -0.0011985437013208866, -0.006902294233441353, 0.0017548330361023545]
--
--
  ResConv 1:  [0.0005237744771875441, -9.440026587981265e-06, -0.010789986699819565, 0.0006408312474377453]
  ResConv 2:  [0.00036751682637259364, -0.00028729112818837166, -0.008603322319686413, 7.211334741441533e-05]
  ResConv 3:  [0.00022538822668138891, -0.0011985437013208866, -0.006902294233441353, 0.0017548331525176764]
--
--
  ResConv 1:  [0.0005237744771875441, -9.440032954444177e-06, -0.010789986699819565, 0.0006408312474377453]
  ResConv 2:  [0.00036751682637259364, -0.00028729112818837166, -0.008603322319686413, 7.211335469037294e-05]
  ResConv 3:  [0.00022538824123330414, -0.0011985437013208866, -0.006902294233441353, 0.0017548331525176764]
--
--
  ResConv 1:  [0.00040265577263198793, 1.6969715943560004e-05, -0.0071054063737392426, 0.00031389249488711357]
  ResConv 2:  [0.00030945480102673173, -0.00016360980225726962, -0.0056772721000015736, -4.7011038986966014e-05]
  ResConv 3:  [0.0002270859549753368, -0.0007445818628184497, -0.00457401480525732, 0.0010348042706027627]
--
--
  ResConv 1:  [0.00040265577263198793, 1.696972321951762e-05, -0.00710540683940053, 0.00031389258219860494]
  ResConv 2:  [0.00030945480102673173, -0.0001636097877053544, -0.0056772721000015736, -4.701102079707198e-05]
  ResConv 3:  [0.00022708596952725202, -0.0007445817464031279, -0.00457401480525732, 0.0010348041541874409]
--
--
  ResConv 1:  [0.00040265577263198793, 1.6969717762549408e-05, -0.00710540683940053, 0.00031389249488711357]
  ResConv 2:  [0.00030945480102673173, -0.00016360980225726962, -0.0056772721000015736, -4.701104626292363e-05]
  ResConv 3:  [0.00022708599863108248, -0.0007445818628184497, -0.004574015270918608, 0.0010348041541874409]
--
--
  ResConv 1:  [0.00040265577263198793, 1.6969725038507022e-05, -0.0071054063737392426, 0.00031389249488711357]
  ResConv 2:  [0.00030945480102673173, -0.0001636097877053544, -0.0056772721000015736, -4.7011038986966014e-05]
  ResConv 3:  [0.00022708599863108248, -0.0007445818628184497, -0.00457401480525732, 0.0010348042706027627]
--
--
  ResConv 1:  [0.00040265577263198793, 1.696972321951762e-05, -0.0071054063737392426, 0.00031389252399094403]
  ResConv 2:  [0.00030945480102673173, -0.0001636097877053544, -0.0056772721000015736, -4.7011038986966014e-05]
  ResConv 3:  [0.0002270860131829977, -0.0007445818628184497, -0.00457401480525732, 0.0010348042706027627]
--
--
  ResConv 1:  [0.0005015344358980656, -5.812192284793127e-06, -0.009078854694962502, 0.0005106085445731878]
  ResConv 2:  [0.00036342121893540025, -0.0002367773704463616, -0.007247758563607931, 3.7036064895801246e-05]
  ResConv 3:  [0.00023899124062154442, -0.0009929706575348973, -0.005829107016324997, 0.0014360854402184486]
--
--
  ResConv 1:  [0.0005015344941057265, -5.812198196508689e-06, -0.009078853763639927, 0.0005106085445731878]
  ResConv 2:  [0.0003634212480392307, -0.0002367773704463616, -0.007247758563607931, 3.703606125782244e-05]
  ResConv 3:  [0.00023899125517345965, -0.0009929706575348973, -0.005829107016324997, 0.0014360854402184486]
--
--
  ResConv 1:  [0.0005015344941057265, -5.812186827824917e-06, -0.009078853763639927, 0.0005106085445731878]
  ResConv 2:  [0.00036342121893540025, -0.0002367773704463616, -0.007247758563607931, 3.703608308569528e-05]
  ResConv 3:  [0.00023899126972537488, -0.0009929705411195755, -0.005829107016324997, 0.0014360854402184486]
--
--
  ResConv 1:  [0.0005015344941057265, -5.812185463582864e-06, -0.009078853763639927, 0.0005106085445731878]
  ResConv 2:  [0.0003634212480392307, -0.0002367773704463616, -0.007247758563607931, 3.7036079447716475e-05]
  ResConv 3:  [0.00023899126972537488, -0.0009929705411195755, -0.005829107016324997, 0.0014360854402184486]
--
--
  ResConv 1:  [0.0005015344941057265, -5.812199106003391e-06, -0.009078853763639927, 0.0005106085445731878]
  ResConv 2:  [0.0003634212480392307, -0.00023677738499827683, -0.007247758563607931, 3.7036064895801246e-05]
  ResConv 3:  [0.00023899126972537488, -0.0009929706575348973, -0.005829107481986284, 0.0014360854402184486]
--
--
  ResConv 1:  [0.00039754356839694083, 2.8474520149757154e-05, -0.006660588551312685, 0.00020152126671746373]
  ResConv 2:  [0.00030166766373440623, -0.00013845997455064207, -0.005335066933184862, -0.0001254362432518974]
  ResConv 3:  [0.0002242383488919586, -0.0006864495226182044, -0.004295490216463804, 0.0008997268741950393]
--
--
  ResConv 1:  [0.00039754353929311037, 2.8474511054810137e-05, -0.006660588551312685, 0.00020152126671746373]
  ResConv 2:  [0.00030166766373440623, -0.00013845997455064207, -0.005335066933184862, -0.00012543627235572785]
  ResConv 3:  [0.00022423833434004337, -0.0006864495226182044, -0.004295490216463804, 0.0008997268741950393]
--
--
  ResConv 1:  [0.00039754356839694083, 2.8474520149757154e-05, -0.006660588551312685, 0.00020152128126937896]
  ResConv 2:  [0.00030166766373440623, -0.00013845997455064207, -0.005335066933184862, -0.0001254362432518974]
  ResConv 3:  [0.0002242383488919586, -0.0006864495226182044, -0.004295490216463804, 0.0008997268741950393]
--
--
  ResConv 1:  [0.00039754356839694083, 2.8474516511778347e-05, -0.006660588551312685, 0.00020152126671746373]
  ResConv 2:  [0.00030166766373440623, -0.00013845997455064207, -0.005335066933184862, -0.0001254362432518974]
  ResConv 3:  [0.0002242383488919586, -0.0006864495226182044, -0.004295490216463804, 0.0008997268741950393]
--
--
  ResConv 1:  [0.00039754356839694083, 2.847451833076775e-05, -0.006660588551312685, 0.00020152126671746373]
  ResConv 2:  [0.0003016676928382367, -0.00013845997455064207, -0.005335066933184862, -0.00012543627235572785]
  ResConv 3:  [0.0002242383488919586, -0.0006864495226182044, -0.004295490216463804, 0.0008997268741950393]
--
--
  ResConv 1:  [0.0005275212461128831, 1.3317304365045857e-05, -0.009088441729545593, 0.0009349086903966963]
  ResConv 2:  [0.0003818125696852803, -0.00022907847596798092, -0.007222210988402367, 0.0004320957523304969]
  ResConv 3:  [0.0002394229668425396, -0.0009788979077711701, -0.005812628660351038, 0.001799883903004229]
--
--
  ResConv 1:  [0.0005275212461128831, 1.3317310731508769e-05, -0.009088440798223019, 0.0009349086903966963]
  ResConv 2:  [0.0003818125696852803, -0.00022907847596798092, -0.007222210988402367, 0.0004320957523304969]
  ResConv 3:  [0.0002394229668425396, -0.0009788979077711701, -0.005812628660351038, 0.001799883903004229]
--
--
  ResConv 1:  [0.0005275212461128831, 1.3317320735950489e-05, -0.009088441729545593, 0.0009349086903966963]
  ResConv 2:  [0.0003818125696852803, -0.0002290784614160657, -0.007222210988402367, 0.0004320957523304969]
  ResConv 3:  [0.00023942295229062438, -0.0009788979077711701, -0.005812628660351038, 0.001799883903004229]
--
--
  ResConv 1:  [0.0005275212461128831, 1.3317313459992874e-05, -0.009088441729545593, 0.0009349086903966963]
  ResConv 2:  [0.00038181254058144987, -0.00022907850507181138, -0.007222210988402367, 0.0004320957523304969]
  ResConv 3:  [0.00023942295229062438, -0.0009788979077711701, -0.005812628660351038, 0.0017998837865889072]
--
--
  ResConv 1:  [0.0005275212461128831, 1.3317299817572348e-05, -0.009088440798223019, 0.0009349085739813745]
  ResConv 2:  [0.00038181262789294124, -0.00022907850507181138, -0.007222210988402367, 0.0004320957523304969]
  ResConv 3:  [0.0002394229668425396, -0.000978898024186492, -0.005812628660351038, 0.001799883903004229]
--
--
  ResConv 1:  [0.0005302033969201148, 2.8022315746056847e-05, -0.010773505084216595, 0.000616756733506918]
  ResConv 2:  [0.00038095624768175185, -0.00025037938030436635, -0.008602004498243332, 5.6845332437660545e-05]
  ResConv 3:  [0.00024966997443698347, -0.001151961158029735, -0.0069202845916152, 0.0017156703397631645]
--
--
  ResConv 1:  [0.0005302033969201148, 2.8022319384035654e-05, -0.010773503221571445, 0.000616756733506918]
  ResConv 2:  [0.00038095624768175185, -0.0002503794094081968, -0.008602004498243332, 5.684531788574532e-05]
  ResConv 3:  [0.00024966997443698347, -0.001151961158029735, -0.0069202845916152, 0.0017156703397631645]
--
--
  ResConv 1:  [0.0005302033969201148, 2.8022319384035654e-05, -0.01077350415289402, 0.000616756733506918]
  ResConv 2:  [0.00038095624768175185, -0.00025037938030436635, -0.008602004498243332, 5.684531788574532e-05]
  ResConv 3:  [0.00024966997443698347, -0.001151961158029735, -0.0069202845916152, 0.0017156703397631645]
--
--
  ResConv 1:  [0.0005302033969201148, 2.8022310289088637e-05, -0.010773503221571445, 0.000616756733506918]
  ResConv 2:  [0.00038095624768175185, -0.0002503794094081968, -0.008602004498243332, 5.68453106097877e-05]
  ResConv 3:  [0.00024966997443698347, -0.001151961158029735, -0.006920285057276487, 0.0017156703397631645]
--
--
  ResConv 1:  [0.0005302033969201148, 2.802232665999327e-05, -0.01077350415289402, 0.000616756733506918]
  ResConv 2:  [0.00038095624768175185, -0.00025037938030436635, -0.008602005429565907, 5.68453106097877e-05]
  ResConv 3:  [0.0002496700035408139, -0.001151961158029735, -0.0069202845916152, 0.0017156703397631645]
--
--
  ResConv 1:  [0.0004866034723818302, 6.19442289462313e-05, -0.007781012449413538, 0.00025350035866722465]
  ResConv 2:  [0.0003720750391948968, -0.0001347535289824009, -0.006225142162293196, -0.00013592773757409304]
  ResConv 3:  [0.0002894978388212621, -0.0007767988136038184, -0.0050139883533120155, 0.0010578205110505223]
--
--
  ResConv 1:  [0.00048660350148566067, 6.19442289462313e-05, -0.007781012449413538, 0.00025350041687488556]
  ResConv 2:  [0.00037207509740255773, -0.0001347535289824009, -0.006225142162293196, -0.0001359277084702626]
  ResConv 3:  [0.0002894978388212621, -0.0007767988136038184, -0.0050139883533120155, 0.0010578205110505223]
--
--
  ResConv 1:  [0.00048660350148566067, 6.19442289462313e-05, -0.007781012449413538, 0.00025350035866722465]
  ResConv 2:  [0.0003720750682987273, -0.0001347535289824009, -0.006225142162293196, -0.00013592775212600827]
  ResConv 3:  [0.0002894978388212621, -0.0007767988136038184, -0.0050139883533120155, 0.0010578205110505223]
--
--
  ResConv 1:  [0.0004866034723818302, 6.19442289462313e-05, -0.007781012449413538, 0.0002535003295633942]
  ResConv 2:  [0.0003720750682987273, -0.00013475351443048567, -0.006225142162293196, -0.0001359277666779235]
  ResConv 3:  [0.0002894978679250926, -0.0007767988136038184, -0.0050139883533120155, 0.0010578205110505223]
--
--
  ResConv 1:  [0.00048660350148566067, 6.19442289462313e-05, -0.007781012449413538, 0.00025350035866722465]
  ResConv 2:  [0.0003720750682987273, -0.00013475351443048567, -0.006225142162293196, -0.00013592772302217782]
  ResConv 3:  [0.0002894978679250926, -0.0007767988136038184, -0.0050139883533120155, 0.0010578205110505223]
--
--
  ResConv 1:  [0.0004519403737504035, 4.3649677536450326e-05, -0.008238016627728939, 0.0005984215531498194]
  ResConv 2:  [0.00034919881727546453, -0.00016890752885956317, -0.006559288594871759, 0.00015530988457612693]
  ResConv 3:  [0.00025551527505740523, -0.0008480023825541139, -0.005280258599668741, 0.0014061558758839965]
--
--
  ResConv 1:  [0.00045194043195806444, 4.3649666622513905e-05, -0.008238016627728939, 0.0005984215531498194]
  ResConv 2:  [0.00034919881727546453, -0.00016890751430764794, -0.006559288594871759, 0.0001553098700242117]
  ResConv 3:  [0.00025551533326506615, -0.0008480023825541139, -0.005280258599668741, 0.0014061558758839965]
--
--
  ResConv 1:  [0.0004519403737504035, 4.364964479464106e-05, -0.008238016627728939, 0.0005984215531498194]
  ResConv 2:  [0.00034919887548312545, -0.00016890752885956317, -0.006559288594871759, 0.00015530988457612693]
  ResConv 3:  [0.0002555153041612357, -0.0008480024407617748, -0.005280258599668741, 0.0014061558758839965]
--
--
  ResConv 1:  [0.00045194034464657307, 4.36496629845351e-05, -0.008238016627728939, 0.0005984214949421585]
  ResConv 2:  [0.0003491987881716341, -0.00016890752885956317, -0.006559288594871759, 0.00015530985547229648]
  ResConv 3:  [0.00025551527505740523, -0.0008480024989694357, -0.005280258599668741, 0.0014061558758839965]
--
--
  ResConv 1:  [0.0004519403737504035, 4.364965934655629e-05, -0.008238016627728939, 0.0005984215531498194]
  ResConv 2:  [0.0003491987881716341, -0.00016890752885956317, -0.006559288594871759, 0.00015530988457612693]
  ResConv 3:  [0.00025551527505740523, -0.0008480024989694357, -0.005280258599668741, 0.0014061558758839965]
--
--
  ResConv 1:  [0.0004686676838900894, 8.68407187226694e-06, -0.007278746459633112, 0.00027493966626934707]
  ResConv 2:  [0.0003309938474558294, -0.00017531507182866335, -0.005814609117805958, -9.713645704323426e-05]
  ResConv 3:  [0.0002221225731773302, -0.0007841241895221174, -0.00466746324673295, 0.0010368366492912173]
--
--
  ResConv 1:  [0.0004686676838900894, 8.684079148224555e-06, -0.007278746459633112, 0.00027493966626934707]
  ResConv 2:  [0.0003309938474558294, -0.00017531507182866335, -0.005814609117805958, -9.713645704323426e-05]
  ResConv 3:  [0.0002221225731773302, -0.0007841241895221174, -0.004667462781071663, 0.0010368366492912173]
--
--
  ResConv 1:  [0.0004686676838900894, 8.684075510245748e-06, -0.007278746459633112, 0.00027493966626934707]
  ResConv 2:  [0.0003309938474558294, -0.00017531507182866335, -0.005814609117805958, -9.713644249131903e-05]
  ResConv 3:  [0.00022212258772924542, -0.0007841241895221174, -0.00466746324673295, 0.0010368366492912173]
--
--
  ResConv 1:  [0.0004686676838900894, 8.684080057719257e-06, -0.007278746459633112, 0.00027493969537317753]
  ResConv 2:  [0.0003309938474558294, -0.00017531507182866335, -0.005814609117805958, -9.713644249131903e-05]
  ResConv 3:  [0.0002221225731773302, -0.0007841241895221174, -0.00466746324673295, 0.0010368366492912173]
--
--
  ResConv 1:  [0.0004686676838900894, 8.68408187670866e-06, -0.007278746459633112, 0.00027493966626934707]
  ResConv 2:  [0.0003309938474558294, -0.00017531507182866335, -0.005814609117805958, -9.713647159514949e-05]
  ResConv 3:  [0.00022212261683307588, -0.0007841241895221174, -0.00466746324673295, 0.0010368366492912173]
--
--
  ResConv 1:  [0.000503792951349169, 0.00010904720693361014, -0.00781693309545517, 0.0006108587840572]
  ResConv 2:  [0.0003604031808208674, -9.556325676385313e-05, -0.006212188396602869, 0.00018892863590735942]
  ResConv 3:  [0.00023874522594269365, -0.0007304972968995571, -0.005012237932533026, 0.001362484646961093]
--
--
  ResConv 1:  [0.0005037930095568299, 0.00010904720693361014, -0.00781693309545517, 0.0006108588422648609]
  ResConv 2:  [0.0003604031808208674, -9.556324948789552e-05, -0.006212187930941582, 0.00018892866501118988]
  ResConv 3:  [0.00023874522594269365, -0.0007304972968995571, -0.005012237932533026, 0.001362484646961093]
--
--
  ResConv 1:  [0.000503792951349169, 0.00010904719965765253, -0.00781693309545517, 0.0006108587840572]
  ResConv 2:  [0.0003604031808208674, -9.556327131576836e-05, -0.006212187930941582, 0.00018892865045927465]
  ResConv 3:  [0.00023874521139077842, -0.0007304972968995571, -0.005012237932533026, 0.0013624847633764148]
--
--
  ResConv 1:  [0.000503792951349169, 0.00010904720693361014, -0.00781693309545517, 0.0006108587840572]
  ResConv 2:  [0.0003604031808208674, -9.556325676385313e-05, -0.006212187930941582, 0.00018892865045927465]
  ResConv 3:  [0.00023874521139077842, -0.0007304972968995571, -0.005012238398194313, 0.0013624847633764148]
--
--
  ResConv 1:  [0.0005037930095568299, 0.00010904719965765253, -0.00781693309545517, 0.0006108587840572]
  ResConv 2:  [0.0003604031808208674, -9.556327131576836e-05, -0.006212187930941582, 0.00018892866501118988]
  ResConv 3:  [0.00023874522594269365, -0.0007304972968995571, -0.005012238398194313, 0.0013624847633764148]
--
--
  ResConv 1:  [0.0006984546780586243, -2.08178062166553e-05, -0.010190862230956554, 0.000954390736296773]
  ResConv 2:  [0.0005305666709318757, -0.00028606070554815233, -0.008112972602248192, 0.0003935788699891418]
  ResConv 3:  [0.0003800473059527576, -0.001123101101256907, -0.006532104220241308, 0.0019315429963171482]
--
--
  ResConv 1:  [0.0006984546780586243, -2.0817829863517545e-05, -0.010190862230956554, 0.000954390736296773]
  ResConv 2:  [0.0005305666127242148, -0.00028606070554815233, -0.008112972602248192, 0.0003935788699891418]
  ResConv 3:  [0.0003800472477450967, -0.001123101101256907, -0.006532104220241308, 0.0019315429963171482]
--
--
  ResConv 1:  [0.0006984546780586243, -2.0817813492612913e-05, -0.010190862230956554, 0.000954390736296773]
  ResConv 2:  [0.0005305666127242148, -0.00028606070554815233, -0.008112972602248192, 0.00039357884088531137]
  ResConv 3:  [0.0003800472477450967, -0.001123101101256907, -0.006532104220241308, 0.00193154311273247]
--
--
  ResConv 1:  [0.0006984546780586243, -2.0817826225538738e-05, -0.010190862230956554, 0.000954390736296773]
  ResConv 2:  [0.0005305666709318757, -0.00028606070554815233, -0.008112972602248192, 0.0003935788699891418]
  ResConv 3:  [0.0003800472477450967, -0.001123101101256907, -0.006532104220241308, 0.0019315429963171482]
--
--
  ResConv 1:  [0.0006984546780586243, -2.0817813492612913e-05, -0.010190862230956554, 0.000954390678089112]
  ResConv 2:  [0.0005305666127242148, -0.00028606070554815233, -0.008112972602248192, 0.00039357884088531137]
  ResConv 3:  [0.0003800472477450967, -0.001123101101256907, -0.006532104220241308, 0.0019315429963171482]
--
--
  ResConv 1:  [0.0005571197252720594, -5.686025906470604e-05, -0.011949443258345127, 0.0012739525409415364]
  ResConv 2:  [0.00038256566040217876, -0.0003666804695967585, -0.00949511956423521, 0.0005987781914882362]
  ResConv 3:  [0.000205419200938195, -0.0013645858271047473, -0.007622416131198406, 0.0024203264620155096]
--
--
  ResConv 1:  [0.0005571197252720594, -5.686025906470604e-05, -0.011949443258345127, 0.0012739525409415364]
  ResConv 2:  [0.00038256566040217876, -0.00036668041138909757, -0.00949511956423521, 0.0005987781914882362]
  ResConv 3:  [0.000205419200938195, -0.0013645858271047473, -0.007622416131198406, 0.0024203264620155096]
--
--
  ResConv 1:  [0.0005571197252720594, -5.686027361662127e-05, -0.011949443258345127, 0.0012739525409415364]
  ResConv 2:  [0.00038256560219451785, -0.00036668049870058894, -0.00949511956423521, 0.0005987781914882362]
  ResConv 3:  [0.00020541918638627976, -0.0013645858271047473, -0.007622416131198406, 0.0024203264620155096]
--
--
  ResConv 1:  [0.0005571197252720594, -5.686025906470604e-05, -0.011949443258345127, 0.0012739525409415364]
  ResConv 2:  [0.0003825656312983483, -0.00036668041138909757, -0.00949511956423521, 0.0005987781914882362]
  ResConv 3:  [0.00020541918638627976, -0.0013645858271047473, -0.007622416131198406, 0.0024203264620155096]
--
--
  ResConv 1:  [0.0005571197252720594, -5.6860269978642464e-05, -0.011949443258345127, 0.0012739525409415364]
  ResConv 2:  [0.00038256566040217876, -0.00036668041138909757, -0.009495117701590061, 0.0005987781914882362]
  ResConv 3:  [0.000205419200938195, -0.0013645858271047473, -0.007622416131198406, 0.0024203264620155096]
--
--
  ResConv 1:  [0.0004590678436215967, 1.2434943528205622e-05, -0.0073961177840828896, 0.000248070020461455]
  ResConv 2:  [0.00033200954203493893, -0.00017394713358953595, -0.005914768204092979, -0.00011937981616938487]
  ResConv 3:  [0.0002339085767744109, -0.0007851445116102695, -0.004757106304168701, 0.0010224605211988091]
--
--
  ResConv 1:  [0.0004590678436215967, 1.2434958989615552e-05, -0.0073961177840828896, 0.00024806999135762453]
  ResConv 2:  [0.00033200954203493893, -0.00017394711903762072, -0.005914768204092979, -0.00011937982344534248]
  ResConv 3:  [0.00023390859132632613, -0.0007851445116102695, -0.004757106304168701, 0.0010224605211988091]
--
--
  ResConv 1:  [0.0004590677854139358, 1.2434964446583763e-05, -0.007396118715405464, 0.00024807004956528544]
  ResConv 2:  [0.00033200954203493893, -0.00017394711903762072, -0.005914768204092979, -0.00011937981616938487]
  ResConv 3:  [0.00023390859132632613, -0.0007851445116102695, -0.004757106304168701, 0.0010224605211988091]
--
--
  ResConv 1:  [0.0004590678436215967, 1.243495262315264e-05, -0.0073961177840828896, 0.00024807004956528544]
  ResConv 2:  [0.00033200954203493893, -0.00017394711903762072, -0.005914768204092979, -0.00011937980161746964]
  ResConv 3:  [0.00023390859132632613, -0.0007851445698179305, -0.004757106304168701, 0.0010224605211988091]
--
--
  ResConv 1:  [0.0004590678436215967, 1.243495808012085e-05, -0.0073961177840828896, 0.00024807004956528544]
  ResConv 2:  [0.00033200954203493893, -0.00017394711903762072, -0.005914768204092979, -0.00011937981616938487]
  ResConv 3:  [0.00023390859132632613, -0.0007851445116102695, -0.004757106304168701, 0.0010224605211988091]
--
--
  ResConv 1:  [0.00038528634468093514, 1.986284951271955e-05, -0.007980029098689556, 0.0005431591416709125]
  ResConv 2:  [0.0002709382970351726, -0.00018606810772325844, -0.006366110406816006, 0.00013052279246039689]
  ResConv 3:  [0.00016809556109365076, -0.0008410334121435881, -0.005130932666361332, 0.0013383158948272467]
--
--
  ResConv 1:  [0.0003852863155771047, 1.98628749785712e-05, -0.007980029098689556, 0.0005431590834632516]
  ResConv 2:  [0.0002709382679313421, -0.00018606807861942798, -0.006366110406816006, 0.00013052277790848166]
  ResConv 3:  [0.0001680955319898203, -0.0008410333539359272, -0.005130932666361332, 0.0013383158948272467]
--
--
  ResConv 1:  [0.0003852863155771047, 1.986286588362418e-05, -0.007980029098689556, 0.0005431590834632516]
  ResConv 2:  [0.0002709382679313421, -0.00018606807861942798, -0.006366110406816006, 0.00013052276335656643]
  ResConv 3:  [0.00016809554654173553, -0.000841033470351249, -0.005130932666361332, 0.0013383158948272467]
--
--
  ResConv 1:  [0.0003852863155771047, 1.98628749785712e-05, -0.007980029098689556, 0.0005431591416709125]
  ResConv 2:  [0.0002709382970351726, -0.00018606807861942798, -0.006366110406816006, 0.00013052279246039689]
  ResConv 3:  [0.0001680955319898203, -0.0008410334121435881, -0.005130932666361332, 0.0013383158948272467]
--
--
  ResConv 1:  [0.0003852863155771047, 1.986285496968776e-05, -0.007980029098689556, 0.0005431591416709125]
  ResConv 2:  [0.00027093823882751167, -0.00018606810772325844, -0.006366110406816006, 0.00013052276335656643]
  ResConv 3:  [0.0001680955319898203, -0.0008410334121435881, -0.005130932666361332, 0.0013383158948272467]
--
--
  ResConv 1:  [0.00046989848488010466, 4.9653201131150126e-05, -0.008291001431643963, 0.00024990306701511145]
  ResConv 2:  [0.00032472723978571594, -0.00016166972636710852, -0.006630357354879379, -0.0001612318737898022]
  ResConv 3:  [0.00021986204956192523, -0.0008457307703793049, -0.005342297255992889, 0.0011092027416452765]
--
--
  ResConv 1:  [0.00046989848488010466, 4.965319385519251e-05, -0.008291001431643963, 0.00024990306701511145]
  ResConv 2:  [0.000324727181578055, -0.00016166972636710852, -0.006630357354879379, -0.00016123188834171742]
  ResConv 3:  [0.00021986206411384046, -0.0008457307703793049, -0.005342298187315464, 0.0011092027416452765]
--
--
  ResConv 1:  [0.00046989848488010466, 4.965319385519251e-05, -0.008291001431643963, 0.00024990306701511145]
  ResConv 2:  [0.000324727181578055, -0.00016166972636710852, -0.006630357354879379, -0.0001612318737898022]
  ResConv 3:  [0.00021986206411384046, -0.0008457307703793049, -0.005342298187315464, 0.0011092027416452765]
--
--
  ResConv 1:  [0.00046989848488010466, 4.965319749317132e-05, -0.008291001431643963, 0.00024990306701511145]
  ResConv 2:  [0.000324727181578055, -0.00016166972636710852, -0.006630357354879379, -0.00016123188834171742]
  ResConv 3:  [0.00021986206411384046, -0.0008457307703793049, -0.005342298187315464, 0.0011092027416452765]
--
--
  ResConv 1:  [0.00046989848488010466, 4.965318294125609e-05, -0.008291001431643963, 0.00024990306701511145]
  ResConv 2:  [0.000324727181578055, -0.0001616697700228542, -0.006630357354879379, -0.0001612318737898022]
  ResConv 3:  [0.00021986206411384046, -0.0008457308867946267, -0.005342298187315464, 0.0011092027416452765]
--
--
  ResConv 1:  [0.0005078534013591707, -8.997955774248112e-06, -0.008157696574926376, 0.0002760037896223366]
  ResConv 2:  [0.00037645886186510324, -0.00021731668675784022, -0.006519843824207783, -0.00012886596960015595]
  ResConv 3:  [0.0002732525172177702, -0.0008900229586288333, -0.0052504101768136024, 0.0011228291550651193]
--
--
  ResConv 1:  [0.0005078534013591707, -8.99797032616334e-06, -0.008157696574926376, 0.00027600376051850617]
  ResConv 2:  [0.0003764588909689337, -0.0002173167304135859, -0.006519843824207783, -0.00012886598415207118]
  ResConv 3:  [0.0002732525463216007, -0.0008900229586288333, -0.0052504101768136024, 0.0011228291550651193]
--
--
  ResConv 1:  [0.0005078533431515098, -8.997979421110358e-06, -0.008157696574926376, 0.0002760037896223366]
  ResConv 2:  [0.0003764588909689337, -0.0002173167304135859, -0.006519843824207783, -0.00012886596960015595]
  ResConv 3:  [0.0002732525172177702, -0.0008900229586288333, -0.0052504101768136024, 0.0011228291550651193]
--
--
  ResConv 1:  [0.0005078533431515098, -8.997978511615656e-06, -0.008157696574926376, 0.0002760037896223366]
  ResConv 2:  [0.0003764588909689337, -0.0002173167304135859, -0.006519843824207783, -0.00012886596960015595]
  ResConv 3:  [0.0002732525463216007, -0.0008900229586288333, -0.0052504101768136024, 0.001122829271480441]
--
--
  ResConv 1:  [0.0005078533431515098, -8.997972145152744e-06, -0.008157696574926376, 0.0002760037896223366]
  ResConv 2:  [0.0003764588909689337, -0.00021731671586167067, -0.006519843824207783, -0.00012886598415207118]
  ResConv 3:  [0.0002732525172177702, -0.0008900229586288333, -0.0052504101768136024, 0.0011228291550651193]
--
--
  ResConv 1:  [0.00038058351492509246, 6.39136997051537e-05, -0.008250636979937553, 0.00043949828250333667]
  ResConv 2:  [0.00026486889692023396, -0.0001522886159364134, -0.006568527780473232, 1.984152004297357e-05]
  ResConv 3:  [0.0001626431621843949, -0.0008388610440306365, -0.0052844081073999405, 0.0012836488895118237]
--
--
  ResConv 1:  [0.00038058351492509246, 6.39136997051537e-05, -0.008250636979937553, 0.0004394982533995062]
  ResConv 2:  [0.0002648688678164035, -0.0001522886159364134, -0.006568527780473232, 1.984149457712192e-05]
  ResConv 3:  [0.00016264314763247967, -0.0008388610440306365, -0.0052844081073999405, 0.0012836488895118237]
--
--
  ResConv 1:  [0.0003805834276136011, 6.39136997051537e-05, -0.008250636979937553, 0.0004394982533995062]
  ResConv 2:  [0.00026486883871257305, -0.0001522886159364134, -0.006568527780473232, 1.9841507310047746e-05]
  ResConv 3:  [0.00016264314763247967, -0.0008388610440306365, -0.0052844081073999405, 0.0012836488895118237]
--
--
  ResConv 1:  [0.0003805834276136011, 6.391369242919609e-05, -0.008250636979937553, 0.0004394982533995062]
  ResConv 2:  [0.0002648688678164035, -0.00015228863048832864, -0.006568527780473232, 1.984150367206894e-05]
  ResConv 3:  [0.00016264313308056444, -0.0008388610440306365, -0.005284408573061228, 0.0012836488895118237]
--
--
  ResConv 1:  [0.000380583485821262, 6.391370698111132e-05, -0.008250636979937553, 0.0004394982533995062]
  ResConv 2:  [0.0002648688678164035, -0.0001522886159364134, -0.006568527780473232, 1.984148912015371e-05]
  ResConv 3:  [0.00016264314763247967, -0.0008388610440306365, -0.0052844081073999405, 0.0012836488895118237]
--
--
  ResConv 1:  [0.0006180073833093047, -6.079463491914794e-05, -0.009287475608289242, 0.0008601693552918732]
  ResConv 2:  [0.0004560380184557289, -0.00030020897975191474, -0.007392976898699999, 0.0003526205837260932]
  ResConv 3:  [0.0003068808000534773, -0.0010754609247669578, -0.005934706423431635, 0.0017750686965882778]
--
--
  ResConv 1:  [0.0006180072668939829, -6.07946167292539e-05, -0.009287475608289242, 0.0008601693552918732]
  ResConv 2:  [0.0004560380184557289, -0.00030020897975191474, -0.007392976898699999, 0.0003526205837260932]
  ResConv 3:  [0.0003068808000534773, -0.001075460808351636, -0.005934706423431635, 0.001775068580172956]
--
--
  ResConv 1:  [0.0006180073833093047, -6.0794627643190324e-05, -0.009287475608289242, 0.0008601694134995341]
  ResConv 2:  [0.0004560380184557289, -0.00030020897975191474, -0.007392976898699999, 0.0003526205837260932]
  ResConv 3:  [0.0003068808000534773, -0.0010754609247669578, -0.005934706423431635, 0.0017750686965882778]
--
--
  ResConv 1:  [0.0006180073833093047, -6.079464219510555e-05, -0.009287475608289242, 0.0008601694134995341]
  ResConv 2:  [0.00045603804755955935, -0.00030020897975191474, -0.007392976898699999, 0.0003526205837260932]
  ResConv 3:  [0.0003068808000534773, -0.0010754609247669578, -0.005934706423431635, 0.0017750686965882778]
--
--
  ResConv 1:  [0.0006180073833093047, -6.0794627643190324e-05, -0.009287475608289242, 0.0008601694134995341]
  ResConv 2:  [0.0004560380184557289, -0.00030020897975191474, -0.007392976898699999, 0.0003526205837260932]
  ResConv 3:  [0.0003068808000534773, -0.0010754609247669578, -0.005934706423431635, 0.001775068580172956]
--
--
  ResConv 1:  [0.0005560163408517838, 3.94685375795234e-05, -0.008571010082960129, 0.0006004326278343797]
  ResConv 2:  [0.0004195355577394366, -0.00018462758453097194, -0.006828453857451677, 0.00015784079732839018]
  ResConv 3:  [0.000303474284010008, -0.0008907050359994173, -0.005502796731889248, 0.0014522706624120474]
--
--
  ResConv 1:  [0.0005560163408517838, 3.9468555769417435e-05, -0.008571010082960129, 0.0006004325696267188]
  ResConv 2:  [0.00041953552863560617, -0.00018462756997905672, -0.00682845339179039, 0.00015784079732839018]
  ResConv 3:  [0.0003034742549061775, -0.0008907050359994173, -0.005502796731889248, 0.0014522706624120474]
--
--
  ResConv 1:  [0.0005560163990594447, 3.946854849345982e-05, -0.008571010082960129, 0.0006004326278343797]
  ResConv 2:  [0.0004195355577394366, -0.00018462756997905672, -0.00682845339179039, 0.0001578408118803054]
  ResConv 3:  [0.000303474284010008, -0.0008907050359994173, -0.005502796731889248, 0.0014522706624120474]
--
--
  ResConv 1:  [0.0005560163408517838, 3.9468555769417435e-05, -0.008571010082960129, 0.0006004325696267188]
  ResConv 2:  [0.0004195355577394366, -0.00018462756997905672, -0.006828453857451677, 0.0001578408118803054]
  ResConv 3:  [0.000303474284010008, -0.0008907050359994173, -0.005502796731889248, 0.0014522706624120474]
--
--
  ResConv 1:  [0.0005560163990594447, 3.946855213143863e-05, -0.008571010082960129, 0.0006004326278343797]
  ResConv 2:  [0.0004195355577394366, -0.00018462756997905672, -0.006828453857451677, 0.0001578408555360511]
  ResConv 3:  [0.0003034742549061775, -0.0008907050359994173, -0.005502796731889248, 0.0014522706624120474]
--
--
  ResConv 1:  [0.00040405732579529285, 8.34044021758018e-06, -0.009122015908360481, 0.0007900739437900484]
  ResConv 2:  [0.0002867893490474671, -0.00023377688194159418, -0.007266957778483629, 0.0003071970131713897]
  ResConv 3:  [0.00016926604439504445, -0.0009909766959026456, -0.005851101595908403, 0.0016787083586677909]
--
--
  ResConv 1:  [0.0004040572384838015, 8.340441127074882e-06, -0.009122015908360481, 0.0007900740019977093]
  ResConv 2:  [0.0002867893490474671, -0.00023377688194159418, -0.007266957778483629, 0.0003071970131713897]
  ResConv 3:  [0.00016926602984312922, -0.0009909766959026456, -0.005851101595908403, 0.0016787083586677909]
--
--
  ResConv 1:  [0.00040405726758763194, 8.340432941622566e-06, -0.009122015908360481, 0.0007900739437900484]
  ResConv 2:  [0.0002867893490474671, -0.0002337768964935094, -0.007266957778483629, 0.00030719704227522016]
  ResConv 3:  [0.00016926602984312922, -0.0009909766959026456, -0.005851101595908403, 0.0016787083586677909]
--
--
  ResConv 1:  [0.00040405726758763194, 8.340425665664952e-06, -0.009122015908360481, 0.0007900739437900484]
  ResConv 2:  [0.0002867893490474671, -0.0002337768964935094, -0.007266957778483629, 0.0003071970131713897]
  ResConv 3:  [0.00016926602984312922, -0.0009909766959026456, -0.005851101595908403, 0.001678708242252469]
--
--
  ResConv 1:  [0.00040405726758763194, 8.340431122633163e-06, -0.009122015908360481, 0.0007900739437900484]
  ResConv 2:  [0.000286789407255128, -0.0002337768964935094, -0.007266958709806204, 0.0003071970131713897]
  ResConv 3:  [0.00016926604439504445, -0.0009909766959026456, -0.005851101595908403, 0.0016787083586677909]
--
--
  ResConv 1:  [0.00027768631116487086, 1.8528284272179008e-05, -0.008370459079742432, 0.0004089646099600941]
  ResConv 2:  [0.00017857762577477843, -0.0001975019695237279, -0.006683425046503544, -1.3452845450956374e-05]
  ResConv 3:  [7.981923408806324e-05, -0.0008912883349694312, -0.005384960677474737, 0.0012656934559345245]
--
--
  ResConv 1:  [0.00027768636937253177, 1.8528289729147218e-05, -0.008370459079742432, 0.00040896458085626364]
  ResConv 2:  [0.0001785776694305241, -0.0001975019695237279, -0.006683425046503544, -1.3452844541461673e-05]
  ResConv 3:  [7.98192631918937e-05, -0.0008912882185541093, -0.0053849597461521626, 0.0012656936887651682]
--
--
  ResConv 1:  [0.00027768631116487086, 1.852828609116841e-05, -0.008370459079742432, 0.0004089646099600941]
  ResConv 2:  [0.00017857762577477843, -0.00019750195497181267, -0.006683425046503544, -1.3452835446514655e-05]
  ResConv 3:  [7.981923408806324e-05, -0.0008912882185541093, -0.005384960677474737, 0.0012656936887651682]
--
--
  ResConv 1:  [0.00027768636937253177, 1.8528271539253183e-05, -0.008370459079742432, 0.00040896463906392455]
  ResConv 2:  [0.00017857765487860888, -0.00019750198407564312, -0.006683425046503544, -1.3452831808535848e-05]
  ResConv 3:  [7.981925591593608e-05, -0.0008912883349694312, -0.0053849597461521626, 0.0012656936887651682]
--
--
  ResConv 1:  [0.00027768631116487086, 1.8528271539253183e-05, -0.008370459079742432, 0.00040896463906392455]
  ResConv 2:  [0.00017857762577477843, -0.00019750198407564312, -0.006683425046503544, -1.3452831808535848e-05]
  ResConv 3:  [7.981922681210563e-05, -0.0008912883349694312, -0.0053849597461521626, 0.0012656936887651682]
--
--
  ResConv 1:  [0.0004720207070931792, 2.143448182323482e-05, -0.008629385381937027, 0.0003150641859974712]
  ResConv 2:  [0.00034978584153577685, -0.0001984324917430058, -0.00689145689830184, -0.0001231323112733662]
  ResConv 3:  [0.00023808336118236184, -0.0009195474558509886, -0.005537058226764202, 0.0012195063754916191]
--
--
  ResConv 1:  [0.0004720207070931792, 2.143448728020303e-05, -0.008629384450614452, 0.0003150641859974712]
  ResConv 2:  [0.00034978584153577685, -0.0001984324917430058, -0.00689145689830184, -0.00012313232582528144]
  ResConv 3:  [0.0002380833466304466, -0.0009195474558509886, -0.005537058226764202, 0.0012195063754916191]
--
--
  ResConv 1:  [0.00047202067798934877, 2.143449273717124e-05, -0.008629385381937027, 0.0003150641859974712]
  ResConv 2:  [0.0003497857542242855, -0.0001984324917430058, -0.00689145689830184, -0.0001231323112733662]
  ResConv 3:  [0.0002380833466304466, -0.0009195474558509886, -0.005537058226764202, 0.0012195063754916191]
--
--
  ResConv 1:  [0.0004720207070931792, 2.1434474547277205e-05, -0.008629385381937027, 0.0003150641859974712]
  ResConv 2:  [0.00034978584153577685, -0.0001984324917430058, -0.00689145689830184, -0.0001231323112733662]
  ResConv 3:  [0.0002380833466304466, -0.0009195474558509886, -0.005537058226764202, 0.0012195063754916191]
--
--
  ResConv 1:  [0.00047202067798934877, 2.143448728020303e-05, -0.008629385381937027, 0.0003150641859974712]
  ResConv 2:  [0.00034978584153577685, -0.0001984324917430058, -0.00689145689830184, -0.0001231323112733662]
  ResConv 3:  [0.0002380833466304466, -0.0009195474558509886, -0.005537058226764202, 0.0012195063754916191]
--
--
  ResConv 1:  [0.0005418142536655068, 2.7999845769954845e-05, -0.008932187221944332, 0.0008424377301707864]
  ResConv 2:  [0.00039159561856649816, -0.0002079865225823596, -0.007101368624716997, 0.0003457727434579283]
  ResConv 3:  [0.0002610772498883307, -0.0009526718640699983, -0.005700482986867428, 0.0017104697180911899]
--
--
  ResConv 1:  [0.0005418142536655068, 2.7999854864901863e-05, -0.008932187221944332, 0.0008424377301707864]
  ResConv 2:  [0.00039159561856649816, -0.0002079865225823596, -0.007101368624716997, 0.00034577277256175876]
  ResConv 3:  [0.0002610772498883307, -0.0009526718640699983, -0.005700482986867428, 0.0017104694852605462]
--
--
  ResConv 1:  [0.0005418143118731678, 2.7999845769954845e-05, -0.008932187221944332, 0.0008424377883784473]
  ResConv 2:  [0.0003915956476703286, -0.0002079865225823596, -0.007101368624716997, 0.00034577277256175876]
  ResConv 3:  [0.0002610773080959916, -0.0009526719222776592, -0.005700482986867428, 0.0017104694852605462]
--
--
  ResConv 1:  [0.0005418142536655068, 2.7999854864901863e-05, -0.008932187221944332, 0.0008424377301707864]
  ResConv 2:  [0.00039159561856649816, -0.00020798650803044438, -0.007101368624716997, 0.00034577271435409784]
  ResConv 3:  [0.00026107727899216115, -0.0009526718640699983, -0.005700482986867428, 0.0017104694852605462]
--
--
  ResConv 1:  [0.0005418143118731678, 2.7999854864901863e-05, -0.008932187221944332, 0.0008424377301707864]
  ResConv 2:  [0.00039159561856649816, -0.00020798650803044438, -0.007101368624716997, 0.00034577271435409784]
  ResConv 3:  [0.0002610772498883307, -0.0009526719222776592, -0.005700482986867428, 0.0017104694852605462]
--
--
  ResConv 1:  [0.00033384806010872126, 3.392576763872057e-05, -0.006410493981093168, 0.00019932151190005243]
  ResConv 2:  [0.0002472010673955083, -0.0001287234335904941, -0.005119848996400833, -0.00011503535642987117]
  ResConv 3:  [0.00017505235155113041, -0.0006550793768838048, -0.004122264217585325, 0.0008673702832311392]
--
--
  ResConv 1:  [0.0003338480892125517, 3.392576036276296e-05, -0.006410494446754456, 0.00019932151190005243]
  ResConv 2:  [0.0002472010673955083, -0.00012872341903857887, -0.005119848996400833, -0.00011503535642987117]
  ResConv 3:  [0.0001750523952068761, -0.0006550793768838048, -0.004122264217585325, 0.0008673702832311392]
--
--
  ResConv 1:  [0.0003338480310048908, 3.392576763872057e-05, -0.006410493981093168, 0.00019932152645196766]
  ResConv 2:  [0.00024720103829167783, -0.0001287234335904941, -0.005119848996400833, -0.00011503533460199833]
  ResConv 3:  [0.00017505235155113041, -0.0006550793768838048, -0.004122264217585325, 0.000867370399646461]
--
--
  ResConv 1:  [0.00033384806010872126, 3.392577127669938e-05, -0.006410494446754456, 0.00019932151190005243]
  ResConv 2:  [0.00024720103829167783, -0.00012872341903857887, -0.005119848996400833, -0.00011503535642987117]
  ResConv 3:  [0.00017505233699921519, -0.0006550793768838048, -0.004122264217585325, 0.000867370399646461]
--
--
  ResConv 1:  [0.0003338480892125517, 3.392575672478415e-05, -0.006410493981093168, 0.00019932152645196766]
  ResConv 2:  [0.0002472010673955083, -0.0001287234335904941, -0.005119848996400833, -0.00011503534915391356]
  ResConv 3:  [0.0001750523952068761, -0.0006550793768838048, -0.004122264217585325, 0.0008673702832311392]
--
--
  ResConv 1:  [0.00035102778929285705, 5.147287083673291e-06, -0.006239057518541813, 0.00017656762793194503]
  ResConv 2:  [0.000253560661803931, -0.00015147286467254162, -0.004990376532077789, -0.00012402427091728896]
  ResConv 3:  [0.00018297643691767007, -0.000660343503113836, -0.004023550543934107, 0.000828548741992563]
--
--
  ResConv 1:  [0.00035102778929285705, 5.147279352968326e-06, -0.006239057518541813, 0.00017656759882811457]
  ResConv 2:  [0.00025356069090776145, -0.00015147287922445685, -0.004990376532077789, -0.0001240242854692042]
  ResConv 3:  [0.00018297643691767007, -0.000660343503113836, -0.004023550543934107, 0.000828548741992563]
--
--
  ResConv 1:  [0.00035102778929285705, 5.147284355189186e-06, -0.006239057518541813, 0.00017656759882811457]
  ResConv 2:  [0.000253560661803931, -0.00015147287922445685, -0.004990376532077789, -0.0001240242854692042]
  ResConv 3:  [0.00018297643691767007, -0.000660343503113836, -0.004023550543934107, 0.0008285486837849021]
--
--
  ResConv 1:  [0.00035102778929285705, 5.147269348526606e-06, -0.006239057518541813, 0.00017656759882811457]
  ResConv 2:  [0.000253560661803931, -0.00015147287922445685, -0.004990376532077789, -0.0001240242854692042]
  ResConv 3:  [0.00018297643691767007, -0.000660343503113836, -0.004023550543934107, 0.0008285486837849021]
--
--
  ResConv 1:  [0.0003510277601890266, 5.14728662892594e-06, -0.006239057518541813, 0.00017656762793194503]
  ResConv 2:  [0.000253560661803931, -0.00015147287922445685, -0.004990376532077789, -0.00012402427091728896]
  ResConv 3:  [0.00018297643691767007, -0.000660343503113836, -0.004023550543934107, 0.000828548741992563]
--
--
  ResConv 1:  [0.0004868181131314486, 3.3930893550859764e-05, -0.0076948367059230804, 0.00033692692522890866]
  ResConv 2:  [0.0003306323487777263, -0.00016060164489317685, -0.006145775783807039, -5.560841236729175e-05]
  ResConv 3:  [0.00021201158233452588, -0.0007990660960786045, -0.004938081372529268, 0.001132196863181889]
--
--
  ResConv 1:  [0.00048681808402761817, 3.393088627490215e-05, -0.0076948367059230804, 0.0003369269543327391]
  ResConv 2:  [0.00033063231967389584, -0.00016060164489317685, -0.006145775783807039, -5.5608416005270556e-05]
  ResConv 3:  [0.00021201156778261065, -0.0007990660960786045, -0.004938081838190556, 0.001132196863181889]
--
--
  ResConv 1:  [0.0004868181131314486, 3.3930868085008115e-05, -0.007694835774600506, 0.00033692698343656957]
  ResConv 2:  [0.00033063231967389584, -0.00016060168854892254, -0.006145775783807039, -5.5608405091334134e-05]
  ResConv 3:  [0.00021201158233452588, -0.0007990661542862654, -0.004938081372529268, 0.001132196863181889]
--
--
  ResConv 1:  [0.00048681808402761817, 3.3930893550859764e-05, -0.0076948367059230804, 0.00033692698343656957]
  ResConv 2:  [0.0003306323487777263, -0.00016060164489317685, -0.006145775783807039, -5.560838326346129e-05]
  ResConv 3:  [0.00021201158233452588, -0.0007990660960786045, -0.004938081372529268, 0.001132196863181889]
--
--
  ResConv 1:  [0.0004868181131314486, 3.393088991288096e-05, -0.0076948367059230804, 0.0003369269543327391]
  ResConv 2:  [0.00033063237788155675, -0.00016060164489317685, -0.006145775783807039, -5.5608390539418906e-05]
  ResConv 3:  [0.00021201158233452588, -0.0007990660960786045, -0.004938081372529268, 0.0011321969795972109]
--
--
  ResConv 1:  [0.0005161923472769558, -7.075828762026504e-05, -0.010159672237932682, 0.0011182944290339947]
  ResConv 2:  [0.00036477603134699166, -0.0003371959610376507, -0.008069411851465702, 0.000536570732947439]
  ResConv 3:  [0.00021452282089740038, -0.0011911137262359262, -0.006465922575443983, 0.0020975968800485134]
--
--
  ResConv 1:  [0.0005161924054846168, -7.075829489622265e-05, -0.010159672237932682, 0.0011182943126186728]
  ResConv 2:  [0.00036477611865848303, -0.0003371959610376507, -0.008069411851465702, 0.0005365707911550999]
  ResConv 3:  [0.00021452286455314606, -0.0011911137262359262, -0.006465922109782696, 0.002097597112879157]
--
--
  ResConv 1:  [0.0005161923472769558, -7.075829489622265e-05, -0.010159672237932682, 0.0011182944290339947]
  ResConv 2:  [0.00036477603134699166, -0.0003371959610376507, -0.008069411851465702, 0.000536570732947439]
  ResConv 3:  [0.0002145228354493156, -0.0011911137262359262, -0.006465922109782696, 0.0020975968800485134]
--
--
  ResConv 1:  [0.0005161924054846168, -7.075828034430742e-05, -0.010159672237932682, 0.0011182943126186728]
  ResConv 2:  [0.0003647760604508221, -0.00033719593193382025, -0.008069411851465702, 0.0005365707911550999]
  ResConv 3:  [0.00021452285000123084, -0.0011911137262359262, -0.006465922575443983, 0.0020975968800485134]
--
--
  ResConv 1:  [0.0005161923472769558, -7.075828034430742e-05, -0.010159672237932682, 0.0011182943126186728]
  ResConv 2:  [0.00036477603134699166, -0.00033719593193382025, -0.008069411851465702, 0.0005365707911550999]
  ResConv 3:  [0.00021452285000123084, -0.0011911137262359262, -0.006465922109782696, 0.0020975968800485134]
--
--
  ResConv 1:  [0.00040462001925334334, 4.513113162829541e-05, -0.0077056591399014, 0.00037243065889924765]
  ResConv 2:  [0.0002949126355815679, -0.0001528576685814187, -0.006150020752102137, -1.980364140763413e-05]
  ResConv 3:  [0.00019834990962408483, -0.0007895214366726577, -0.00494801951572299, 0.0011615303810685873]
--
--
  ResConv 1:  [0.0004046200483571738, 4.513112435233779e-05, -0.0077056591399014, 0.00037243065889924765]
  ResConv 2:  [0.00029491266468539834, -0.00015285765402950346, -0.006150020752102137, -1.9803648683591746e-05]
  ResConv 3:  [0.00019834995327983052, -0.0007895213784649968, -0.004948019050061703, 0.0011615303810685873]
--
--
  ResConv 1:  [0.0004046200483571738, 4.513114254223183e-05, -0.0077056591399014, 0.00037243065889924765]
  ResConv 2:  [0.00029491266468539834, -0.00015285763947758824, -0.006150020752102137, -1.980363595066592e-05]
  ResConv 3:  [0.00019834990962408483, -0.0007895213784649968, -0.00494801951572299, 0.0011615303810685873]
--
--
  ResConv 1:  [0.0004046200483571738, 4.513112435233779e-05, -0.0077056591399014, 0.00037243065889924765]
  ResConv 2:  [0.0002949126355815679, -0.0001528576685814187, -0.006150020752102137, -1.980364504561294e-05]
  ResConv 3:  [0.00019834990962408483, -0.0007895213784649968, -0.00494801951572299, 0.0011615303810685873]
--
--
  ResConv 1:  [0.0004046200483571738, 4.513112435233779e-05, -0.0077056591399014, 0.00037243065889924765]
  ResConv 2:  [0.0002949126355815679, -0.0001528576685814187, -0.006150020752102137, -1.9803637769655325e-05]
  ResConv 3:  [0.00019834990962408483, -0.0007895213784649968, -0.004948019050061703, 0.0011615302646532655]
--
--
  ResConv 1:  [0.0005254959687590599, 1.8057033230434172e-05, -0.009467456489801407, 0.0004341751919128001]
  ResConv 2:  [0.0003747037553694099, -0.0002247895608888939, -0.007556598633527756, -5.225000495556742e-05]
  ResConv 3:  [0.00024383548588957638, -0.001011619227938354, -0.006082638632506132, 0.0014023910043761134]
--
--
  ResConv 1:  [0.000525495910551399, 1.805701685952954e-05, -0.009467456489801407, 0.0004341751919128001]
  ResConv 2:  [0.00037470372626557946, -0.00022478957544080913, -0.007556598633527756, -5.2249994041631e-05]
  ResConv 3:  [0.00024383548588957638, -0.001011619227938354, -0.006082639098167419, 0.0014023908879607916]
--
--
  ResConv 1:  [0.000525495910551399, 1.8057024135487154e-05, -0.009467456489801407, 0.0004341751919128001]
  ResConv 2:  [0.0003747037844732404, -0.0002247895608888939, -0.007556598167866468, -5.225001950748265e-05]
  ResConv 3:  [0.00024383548588957638, -0.001011619227938354, -0.006082639098167419, 0.0014023908879607916]
--
--
  ResConv 1:  [0.0005254959687590599, 1.805701685952954e-05, -0.009467456489801407, 0.0004341751919128001]
  ResConv 2:  [0.0003747037553694099, -0.00022478957544080913, -0.007556598633527756, -5.225000495556742e-05]
  ResConv 3:  [0.00024383548588957638, -0.001011619227938354, -0.006082639098167419, 0.0014023908879607916]
--
--
  ResConv 1:  [0.0005254958523437381, 1.8057018678518943e-05, -0.009467456489801407, 0.0004341751919128001]
  ResConv 2:  [0.0003747037553694099, -0.00022478957544080913, -0.007556598633527756, -5.225000131758861e-05]
  ResConv 3:  [0.00024383548588957638, -0.001011619227938354, -0.006082639098167419, 0.001402391237206757]
--
--
  ResConv 1:  [0.0003778224054258317, 6.429368659155443e-05, -0.007475071586668491, 0.0005055764922872186]
  ResConv 2:  [0.0002685934887267649, -0.00013163767289370298, -0.005954490043222904, 0.00012359554239083081]
  ResConv 3:  [0.00017234112601727247, -0.0007386930519714952, -0.004807695280760527, 0.0012405188754200935]
--
--
  ResConv 1:  [0.00037782243452966213, 6.429369386751205e-05, -0.007475071586668491, 0.0005055764922872186]
  ResConv 2:  [0.0002685934887267649, -0.0001316376874456182, -0.005954490043222904, 0.00012359555694274604]
  ResConv 3:  [0.00017234112601727247, -0.000738693168386817, -0.004807695280760527, 0.0012405187590047717]
--
--
  ResConv 1:  [0.00037782243452966213, 6.429370841942728e-05, -0.007475071586668491, 0.0005055764922872186]
  ResConv 2:  [0.00026859354693442583, -0.0001316376874456182, -0.005954490043222904, 0.00012359555694274604]
  ResConv 3:  [0.00017234116967301816, -0.0007386930519714952, -0.004807695280760527, 0.0012405188754200935]
--
--
  ResConv 1:  [0.00037782243452966213, 6.429369386751205e-05, -0.007475071586668491, 0.0005055764922872186]
  ResConv 2:  [0.0002685935178305954, -0.0001316376874456182, -0.005954490043222904, 0.0001235955860465765]
  ResConv 3:  [0.00017234116967301816, -0.000738693168386817, -0.004807695280760527, 0.0012405188754200935]
--
--
  ResConv 1:  [0.00037782243452966213, 6.429370114346966e-05, -0.007475071586668491, 0.0005055764340795577]
  ResConv 2:  [0.0002685934887267649, -0.00013163767289370298, -0.005954490043222904, 0.00012359554239083081]
  ResConv 3:  [0.00017234116967301816, -0.0007386930519714952, -0.004807695280760527, 0.0012405188754200935]
--
--
  ResConv 1:  [0.00048261351184919477, 2.3352151401923038e-05, -0.009231816977262497, 0.000815449864603579]
  ResConv 2:  [0.0003555763978511095, -0.0002176440175389871, -0.007338275667279959, 0.00031395500991493464]
  ResConv 3:  [0.0002302199718542397, -0.000987547799013555, -0.005896418821066618, 0.001728068687953055]
--
--
  ResConv 1:  [0.00048261351184919477, 2.3352149582933635e-05, -0.009231816977262497, 0.000815449864603579]
  ResConv 2:  [0.00035557636874727905, -0.0002176440175389871, -0.007338275667279959, 0.00031395500991493464]
  ResConv 3:  [0.0002302199718542397, -0.000987547799013555, -0.005896418821066618, 0.0017280688043683767]
--
--
  ResConv 1:  [0.00048261351184919477, 2.3352144125965424e-05, -0.009231816977262497, 0.000815449864603579]
  ResConv 2:  [0.0003555763978511095, -0.0002176440175389871, -0.007338275667279959, 0.00031395500991493464]
  ResConv 3:  [0.0002302199718542397, -0.000987547799013555, -0.005896418821066618, 0.0017280688043683767]
--
--
  ResConv 1:  [0.0004826134827453643, 2.3352149582933635e-05, -0.009231816977262497, 0.00081544992281124]
  ResConv 2:  [0.0003555763396434486, -0.0002176440175389871, -0.007338275667279959, 0.00031395500991493464]
  ResConv 3:  [0.0002302199718542397, -0.000987547799013555, -0.005896419286727905, 0.0017280688043683767]
--
--
  ResConv 1:  [0.00048261351184919477, 2.3352155039901845e-05, -0.009231816045939922, 0.000815449864603579]
  ResConv 2:  [0.0003555763978511095, -0.0002176440175389871, -0.007338275667279959, 0.0003139549517072737]
  ResConv 3:  [0.0002302199718542397, -0.000987547799013555, -0.005896419286727905, 0.0017280688043683767]
--
--
  ResConv 1:  [0.0005527832545340061, 2.883051820390392e-05, -0.008176228031516075, 0.0005702892085537314]
  ResConv 2:  [0.00042815698543563485, -0.00018557308067101985, -0.0065031941048800945, 0.00015061900194268674]
  ResConv 3:  [0.00031105487141758204, -0.0008584345923736691, -0.005242723040282726, 0.001382960006594658]
--
--
  ResConv 1:  [0.0005527831963263452, 2.8830503651988693e-05, -0.008176228031516075, 0.0005702891503460705]
  ResConv 2:  [0.00042815692722797394, -0.00018557308067101985, -0.006503194570541382, 0.00015061897283885628]
  ResConv 3:  [0.00031105487141758204, -0.0008584346505813301, -0.005242723505944014, 0.001382960006594658]
--
--
  ResConv 1:  [0.0005527831963263452, 2.88305072899675e-05, -0.008176228031516075, 0.0005702892667613924]
  ResConv 2:  [0.0004281569563318044, -0.00018557308067101985, -0.0065031941048800945, 0.00015061900194268674]
  ResConv 3:  [0.00031105487141758204, -0.0008584345923736691, -0.005242723505944014, 0.001382960006594658]
--
--
  ResConv 1:  [0.0005527832545340061, 2.8830505470978096e-05, -0.008176228031516075, 0.0005702892085537314]
  ResConv 2:  [0.00042815698543563485, -0.00018557309522293508, -0.0065031941048800945, 0.00015061900194268674]
  ResConv 3:  [0.00031105487141758204, -0.0008584346505813301, -0.005242723040282726, 0.001382960006594658]
--
--
  ResConv 1:  [0.0005527832545340061, 2.8830505470978096e-05, -0.008176228031516075, 0.0005702892085537314]
  ResConv 2:  [0.0004281569563318044, -0.00018557308067101985, -0.006503194570541382, 0.0001506190310465172]
  ResConv 3:  [0.00031105487141758204, -0.0008584345923736691, -0.005242723040282726, 0.001382960006594658]
--
--
  ResConv 1:  [0.0006079751183278859, 6.259304427658208e-06, -0.0073445504531264305, 0.0002987236366607249]
  ResConv 2:  [0.00046498951269313693, -0.0001787538203643635, -0.005868074018508196, -6.770444451831281e-05]
  ResConv 3:  [0.0003614774614106864, -0.0007753329700790346, -0.004731188993901014, 0.0010498843621462584]
--
--
  ResConv 1:  [0.0006079751183278859, 6.259316705836682e-06, -0.0073445504531264305, 0.0002987236366607249]
  ResConv 2:  [0.0004649894835893065, -0.00017875379126053303, -0.005868074018508196, -6.77044372423552e-05]
  ResConv 3:  [0.0003614774614106864, -0.0007753329700790346, -0.004731188993901014, 0.0010498844785615802]
--
--
  ResConv 1:  [0.0006079751183278859, 6.259304427658208e-06, -0.0073445504531264305, 0.0002987236366607249]
  ResConv 2:  [0.0004649894835893065, -0.0001787538203643635, -0.005868074018508196, -6.770442996639758e-05]
  ResConv 3:  [0.0003614774614106864, -0.0007753329700790346, -0.004731188528239727, 0.0010498844785615802]
--
--
  ResConv 1:  [0.0006079751183278859, 6.2593094298790675e-06, -0.0073445504531264305, 0.0002987236075568944]
  ResConv 2:  [0.0004649894835893065, -0.0001787538203643635, -0.005868074018508196, -6.770446634618565e-05]
  ResConv 3:  [0.0003614774614106864, -0.0007753329700790346, -0.004731188993901014, 0.0010498843621462584]
--
--
  ResConv 1:  [0.0006079751183278859, 6.259327165025752e-06, -0.0073445504531264305, 0.0002987236366607249]
  ResConv 2:  [0.0004649894835893065, -0.0001787537767086178, -0.005868074018508196, -6.770444451831281e-05]
  ResConv 3:  [0.0003614774614106864, -0.0007753329700790346, -0.004731188993901014, 0.0010498843621462584]
--
--
  ResConv 1:  [0.0004217972746118903, -2.1925417968304828e-05, -0.007327084895223379, 0.00029424927197396755]
  ResConv 2:  [0.00030784151749685407, -0.00020713293633889407, -0.005866493564099073, -6.978880992392078e-05]
  ResConv 3:  [0.00021826641750521958, -0.0008094292134046555, -0.004727622959762812, 0.0010492992587387562]
--
--
  ResConv 1:  [0.0004217972746118903, -2.1925410692347214e-05, -0.007327084895223379, 0.00029424927197396755]
  ResConv 2:  [0.0003078415466006845, -0.00020713293633889407, -0.005866493564099073, -6.978880992392078e-05]
  ResConv 3:  [0.00021826641750521958, -0.0008094291551969945, -0.004727622959762812, 0.0010492992587387562]
--
--
  ResConv 1:  [0.0004217972746118903, -2.1925417968304828e-05, -0.007327084895223379, 0.00029424927197396755]
  ResConv 2:  [0.0003078415466006845, -0.00020713293633889407, -0.005866493564099073, -6.978880992392078e-05]
  ResConv 3:  [0.00021826641750521958, -0.0008094291551969945, -0.004727622959762812, 0.0010492992587387562]
--
--
  ResConv 1:  [0.00042179724550805986, -2.192541433032602e-05, -0.007327084895223379, 0.00029424927197396755]
  ResConv 2:  [0.00030784151749685407, -0.00020713293633889407, -0.005866493564099073, -6.978880992392078e-05]
  ResConv 3:  [0.0002182664320571348, -0.0008094291551969945, -0.004727622959762812, 0.0010492992587387562]
--
--
  ResConv 1:  [0.00042179724550805986, -2.1925407054368407e-05, -0.007327084895223379, 0.000294249301077798]
  ResConv 2:  [0.00030784151749685407, -0.00020713292178697884, -0.005866493564099073, -6.978880264796317e-05]
  ResConv 3:  [0.00021826641750521958, -0.0008094291551969945, -0.004727622959762812, 0.0010492992587387562]
--
--
  ResConv 1:  [0.0004440094926394522, 7.964221731526777e-05, -0.006459261290729046, 0.00016009369574021548]
  ResConv 2:  [0.00033896445529535413, -8.531649655196816e-05, -0.005158740095794201, -0.0001565723359817639]
  ResConv 3:  [0.0002621734456624836, -0.0006120771868154407, -0.004155851434916258, 0.0008327111718244851]
--
--
  ResConv 1:  [0.0004440094926394522, 7.964221731526777e-05, -0.006459261290729046, 0.00016009369574021548]
  ResConv 2:  [0.00033896445529535413, -8.531648200005293e-05, -0.005158740561455488, -0.0001565723359817639]
  ResConv 3:  [0.0002621734456624836, -0.0006120771286077797, -0.0041558509692549706, 0.000832711230032146]
--
--
  ResConv 1:  [0.0004440094926394522, 7.964221731526777e-05, -0.006459261290729046, 0.00016009369574021548]
  ResConv 2:  [0.00033896445529535413, -8.531648927601054e-05, -0.005158740095794201, -0.0001565723359817639]
  ResConv 3:  [0.0002621734456624836, -0.0006120771286077797, -0.004155851434916258, 0.000832711230032146]
--
--
  ResConv 1:  [0.0004440094926394522, 7.964220276335254e-05, -0.006459261290729046, 0.00016009369574021548]
  ResConv 2:  [0.00033896445529535413, -8.531648927601054e-05, -0.005158740561455488, -0.0001565723359817639]
  ResConv 3:  [0.0002621734456624836, -0.0006120771286077797, -0.004155851434916258, 0.000832711230032146]
--
--
  ResConv 1:  [0.0004440094926394522, 7.964222459122539e-05, -0.006459261290729046, 0.0001600937102921307]
  ResConv 2:  [0.00033896445529535413, -8.531648927601054e-05, -0.005158740561455488, -0.0001565723359817639]
  ResConv 3:  [0.0002621734456624836, -0.0006120771286077797, -0.004155851434916258, 0.000832711230032146]
--
--
  ResConv 1:  [0.0004592541081365198, 8.50731066748267e-06, -0.007145592477172613, 0.000318555481499061]
  ResConv 2:  [0.00036484794691205025, -0.00017358871991746128, -0.005710639990866184, -3.975441723014228e-05]
  ResConv 3:  [0.0002845109556801617, -0.0007640740950591862, -0.004595962353050709, 0.0010564395925030112]
--
--
  ResConv 1:  [0.0004592541081365198, 8.507307938998565e-06, -0.007145592477172613, 0.000318555481499061]
  ResConv 2:  [0.0003648479178082198, -0.00017358871991746128, -0.005710639990866184, -3.9754435420036316e-05]
  ResConv 3:  [0.0002845109556801617, -0.0007640741532668471, -0.004595962353050709, 0.0010564395925030112]
--
--
  ResConv 1:  [0.00045925407903268933, 8.507316124450881e-06, -0.007145592477172613, 0.000318555481499061]
  ResConv 2:  [0.00036484794691205025, -0.00017358871991746128, -0.005710639990866184, -3.9754424506099895e-05]
  ResConv 3:  [0.00028451092657633126, -0.0007640741532668471, -0.004595962353050709, 0.0010564395925030112]
--
--
  ResConv 1:  [0.00045925407903268933, 8.507304301019758e-06, -0.007145592477172613, 0.00031855551060289145]
  ResConv 2:  [0.00036484794691205025, -0.0001735887344693765, -0.005710639990866184, -3.975441723014228e-05]
  ResConv 3:  [0.0002845109556801617, -0.000764074211474508, -0.004595962353050709, 0.0010564395925030112]
--
--
  ResConv 1:  [0.00045925407903268933, 8.507321581419092e-06, -0.007145592477172613, 0.000318555481499061]
  ResConv 2:  [0.0003648479178082198, -0.00017358869081363082, -0.005710639990866184, -3.9754435420036316e-05]
  ResConv 3:  [0.0002845109556801617, -0.0007640740950591862, -0.004595962353050709, 0.0010564395925030112]
--
--
  ResConv 1:  [0.0005925178411416709, 2.492563726264052e-05, -0.00908574927598238, 0.00031799188582226634]
  ResConv 2:  [0.0004465942911338061, -0.00020590386702679098, -0.0072663696482777596, -0.00014205418119672686]
  ResConv 3:  [0.0003364415024407208, -0.0009602269856259227, -0.005849797278642654, 0.0012583270436152816]
--
--
  ResConv 1:  [0.0005925178411416709, 2.4925633624661714e-05, -0.00908574927598238, 0.00031799188582226634]
  ResConv 2:  [0.0004465942911338061, -0.00020590389613062143, -0.0072663696482777596, -0.00014205418119672686]
  ResConv 3:  [0.0003364415024407208, -0.0009602269856259227, -0.005849796812981367, 0.0012583270436152816]
--
--
  ResConv 1:  [0.00059251778293401, 2.49256263487041e-05, -0.00908574927598238, 0.00031799188582226634]
  ResConv 2:  [0.00044659426202997565, -0.00020590389613062143, -0.0072663696482777596, -0.0001420541957486421]
  ResConv 3:  [0.00033644153154455125, -0.0009602269856259227, -0.005849797278642654, 0.0012583269271999598]
--
--
  ResConv 1:  [0.0005925178411416709, 2.492563726264052e-05, -0.00908574927598238, 0.00031799188582226634]
  ResConv 2:  [0.0004465942911338061, -0.00020590386702679098, -0.0072663696482777596, -0.00014205416664481163]
  ResConv 3:  [0.00033644153154455125, -0.0009602269856259227, -0.005849797278642654, 0.0012583270436152816]
--
--
  ResConv 1:  [0.00059251778293401, 2.492564271960873e-05, -0.00908574927598238, 0.00031799188582226634]
  ResConv 2:  [0.0004465942911338061, -0.0002059038815787062, -0.0072663696482777596, -0.00014205418119672686]
  ResConv 3:  [0.0003364415024407208, -0.0009602269856259227, -0.005849797278642654, 0.0012583270436152816]
--
--
  ResConv 1:  [0.00047023387742228806, 4.103473111172207e-05, -0.008553160354495049, 0.000924328516703099]
  ResConv 2:  [0.0003667013952508569, -0.00018774780619423836, -0.0067979721352458, 0.0004672865616157651]
  ResConv 3:  [0.0002578873827587813, -0.0008885563001967967, -0.005491212010383606, 0.0017278119921684265]
--
--
  ResConv 1:  [0.00047023376100696623, 4.103472383576445e-05, -0.008553160354495049, 0.0009243284584954381]
  ResConv 2:  [0.00036670133704319596, -0.00018774780619423836, -0.0067979721352458, 0.00046728653251193464]
  ResConv 3:  [0.00025788735365495086, -0.0008885563001967967, -0.005491212010383606, 0.0017278118757531047]
--
--
  ResConv 1:  [0.00047023376100696623, 4.103473111172207e-05, -0.008553160354495049, 0.0009243284002877772]
  ResConv 2:  [0.00036670133704319596, -0.00018774780619423836, -0.0067979721352458, 0.0004672864743042737]
  ResConv 3:  [0.00025788729544728994, -0.0008885563001967967, -0.005491212010383606, 0.0017278117593377829]
--
--
  ResConv 1:  [0.00047023376100696623, 4.1034720197785646e-05, -0.008553160354495049, 0.0009243284002877772]
  ResConv 2:  [0.00036670133704319596, -0.00018774784984998405, -0.0067979721352458, 0.0004672865616157651]
  ResConv 3:  [0.00025788735365495086, -0.0008885563001967967, -0.005491212010383606, 0.0017278119921684265]
--
--
  ResConv 1:  [0.00047023376100696623, 4.10347493016161e-05, -0.008553160354495049, 0.0009243284002877772]
  ResConv 2:  [0.0003667013661470264, -0.00018774780619423836, -0.0067979721352458, 0.00046728653251193464]
  ResConv 3:  [0.0002578873827587813, -0.0008885563001967967, -0.005491212010383606, 0.0017278119921684265]
--
--
  ResConv 1:  [0.0005257402081042528, 3.15251418214757e-05, -0.007691995706409216, 0.0002948144974652678]
  ResConv 2:  [0.000381633173674345, -0.00016384052287321538, -0.0061435094103217125, -9.50929315877147e-05]
  ResConv 3:  [0.0002678273303899914, -0.000800889974925667, -0.0049415226094424725, 0.0010916462633758783]
--
--
  ResConv 1:  [0.0005257402081042528, 3.1525149097433314e-05, -0.007691995706409216, 0.00029481452656909823]
  ResConv 2:  [0.00038163323188200593, -0.00016384052287321538, -0.006143509875983, -9.50929315877147e-05]
  ResConv 3:  [0.00026782735949382186, -0.000800889974925667, -0.0049415226094424725, 0.0010916462633758783]
--
--
  ResConv 1:  [0.0005257402081042528, 3.15251418214757e-05, -0.007691996172070503, 0.0002948145556729287]
  ResConv 2:  [0.000381633173674345, -0.00016384052287321538, -0.006143509875983, -9.509290975984186e-05]
  ResConv 3:  [0.00026782735949382186, -0.000800890033133328, -0.0049415226094424725, 0.0010916462633758783]
--
--
  ResConv 1:  [0.0005257402081042528, 3.152514545945451e-05, -0.007691996172070503, 0.00029481452656909823]
  ResConv 2:  [0.000381633173674345, -0.0001638405374251306, -0.006143509875983, -9.509293886367232e-05]
  ResConv 3:  [0.0002678273303899914, -0.000800889974925667, -0.0049415226094424725, 0.0010916462633758783]
--
--
  ResConv 1:  [0.0005257402081042528, 3.152513818349689e-05, -0.007691995706409216, 0.0002948144974652678]
  ResConv 2:  [0.00038163323188200593, -0.00016384052287321538, -0.006143509875983, -9.509294613962993e-05]
  ResConv 3:  [0.00026782735949382186, -0.000800890033133328, -0.0049415226094424725, 0.0010916462633758783]
--
--
  ResConv 1:  [0.0003388762124814093, 1.9908191461581737e-05, -0.007288334425538778, 0.00023513991618528962]
  ResConv 2:  [0.0002399100922048092, -0.0001635245862416923, -0.005826978944242001, -0.00012824001896660775]
  ResConv 3:  [0.00015854563389439136, -0.0007674728403799236, -0.004687783773988485, 0.0009975600987672806]
--
--
  ResConv 1:  [0.0003388762706890702, 1.990817690966651e-05, -0.007288334425538778, 0.00023513987252954394]
  ResConv 2:  [0.0002399100922048092, -0.0001635245862416923, -0.005826978944242001, -0.00012824003351852298]
  ResConv 3:  [0.00015854563389439136, -0.0007674728403799236, -0.004687783773988485, 0.0009975600987672806]
--
--
  ResConv 1:  [0.0003388762706890702, 1.990819328057114e-05, -0.007288334425538778, 0.0002351399016333744]
  ResConv 2:  [0.0002399100922048092, -0.00016352457168977708, -0.005826978012919426, -0.00012824003351852298]
  ResConv 3:  [0.00015854563389439136, -0.0007674728403799236, -0.004687783773988485, 0.0009975600987672806]
--
--
  ResConv 1:  [0.0003388762706890702, 1.990819873753935e-05, -0.007288334425538778, 0.00023513991618528962]
  ResConv 2:  [0.0002399100922048092, -0.00016352457168977708, -0.005826978012919426, -0.00012824003351852298]
  ResConv 3:  [0.00015854564844630659, -0.0007674728403799236, -0.004687783773988485, 0.0009975600987672806]
--
--
  ResConv 1:  [0.0003388762997929007, 1.9908189642592333e-05, -0.007288334425538778, 0.00023513991618528962]
  ResConv 2:  [0.00023991010675672442, -0.0001635245862416923, -0.005826978944242001, -0.00012824001896660775]
  ResConv 3:  [0.00015854563389439136, -0.0007674728403799236, -0.004687783773988485, 0.0009975600987672806]
--
--
  ResConv 1:  [0.0006165491067804396, 1.0965104593196884e-06, -0.009887797757983208, 0.0009285778505727649]
  ResConv 2:  [0.0004579343367367983, -0.0002538716362323612, -0.007874535396695137, 0.0003791492781601846]
  ResConv 3:  [0.00031615857733413577, -0.0010768400970846415, -0.006328218150883913, 0.0018830548506230116]
--
--
  ResConv 1:  [0.0006165491067804396, 1.0964994316964294e-06, -0.009887797757983208, 0.0009285778505727649]
  ResConv 2:  [0.0004579343367367983, -0.0002538716362323612, -0.007874535396695137, 0.00037914924905635417]
  ResConv 3:  [0.00031615857733413577, -0.0010768400970846415, -0.006328218150883913, 0.0018830548506230116]
--
--
  ResConv 1:  [0.0006165491067804396, 1.0965121646222542e-06, -0.009887797757983208, 0.0009285778505727649]
  ResConv 2:  [0.0004579343367367983, -0.0002538716362323612, -0.007874536328017712, 0.00037914933636784554]
  ResConv 3:  [0.00031615857733413577, -0.0010768400970846415, -0.006328218150883913, 0.0018830548506230116]
--
--
  ResConv 1:  [0.0006165491649881005, 1.0965052297251532e-06, -0.009887798689305782, 0.0009285778505727649]
  ResConv 2:  [0.00045793436584062874, -0.0002538716362323612, -0.007874536328017712, 0.0003791492781601846]
  ResConv 3:  [0.00031615860643796623, -0.0010768400970846415, -0.006328218150883913, 0.0018830548506230116]
--
--
  ResConv 1:  [0.0006165491067804396, 1.0965030696752365e-06, -0.009887797757983208, 0.0009285778505727649]
  ResConv 2:  [0.0004579343367367983, -0.0002538716362323612, -0.007874536328017712, 0.0003791492781601846]
  ResConv 3:  [0.00031615857733413577, -0.0010768400970846415, -0.006328218150883913, 0.0018830548506230116]
--
--
  ResConv 1:  [0.0004097633936908096, 8.067583621595986e-06, -0.007764049340039492, 0.00030980128212831914]
  ResConv 2:  [0.0002904760476667434, -0.00018906455079559237, -0.006206225138157606, -7.93811705079861e-05]
  ResConv 3:  [0.0001945944532053545, -0.0008272904669865966, -0.005002248100936413, 0.0011064435821026564]
--
--
  ResConv 1:  [0.00040976342279464006, 8.067578164627776e-06, -0.007764049340039492, 0.00030980128212831914]
  ResConv 2:  [0.00029047607677057385, -0.0001890645653475076, -0.006206225138157606, -7.938118505990133e-05]
  ResConv 3:  [0.0001945944532053545, -0.0008272904669865966, -0.005002248100936413, 0.0011064435821026564]
--
--
  ResConv 1:  [0.00040976342279464006, 8.067593626037706e-06, -0.007764049340039492, 0.00030980128212831914]
  ResConv 2:  [0.00029047607677057385, -0.0001890645653475076, -0.006206225138157606, -7.938118505990133e-05]
  ResConv 3:  [0.00019459448230918497, -0.0008272904669865966, -0.005002248100936413, 0.0011064435821026564]
--
--
  ResConv 1:  [0.0004097633936908096, 8.0675908975536e-06, -0.007764049340039492, 0.0003098013112321496]
  ResConv 2:  [0.0002904760476667434, -0.0001890645653475076, -0.006206225138157606, -7.938118505990133e-05]
  ResConv 3:  [0.0001945944532053545, -0.0008272904087789357, -0.005002248100936413, 0.0011064435821026564]
--
--
  ResConv 1:  [0.0004097633936908096, 8.067589988058899e-06, -0.007764049340039492, 0.0003098013112321496]
  ResConv 2:  [0.00029047607677057385, -0.00018906455079559237, -0.006206225138157606, -7.938116323202848e-05]
  ResConv 3:  [0.0001945944532053545, -0.0008272904669865966, -0.005002248100936413, 0.0011064435821026564]
--
--
  ResConv 1:  [0.0005900513497181237, 1.9280358174000867e-05, -0.00923742726445198, 0.000801943417172879]
  ResConv 2:  [0.0004483269585762173, -0.00022152322344481945, -0.0073575484566390514, 0.0002949114714283496]
  ResConv 3:  [0.0003140569606330246, -0.0009871948277577758, -0.005920189432799816, 0.0016991656739264727]
--
--
  ResConv 1:  [0.0005900513497181237, 1.9280376363894902e-05, -0.00923742726445198, 0.0008019435335882008]
  ResConv 2:  [0.0004483269585762173, -0.00022152320889290422, -0.0073575484566390514, 0.00029491152963601053]
  ResConv 3:  [0.0003140569606330246, -0.0009871949441730976, -0.005920188967138529, 0.0016991656739264727]
--
--
  ResConv 1:  [0.0005900514079257846, 1.9280361811979674e-05, -0.00923742726445198, 0.0008019435917958617]
  ResConv 2:  [0.0004483269585762173, -0.00022152320889290422, -0.0073575484566390514, 0.00029491152963601053]
  ResConv 3:  [0.0003140569606330246, -0.0009871949441730976, -0.005920189432799816, 0.0016991659067571163]
--
--
  ResConv 1:  [0.0005900514079257846, 1.9280361811979674e-05, -0.00923742726445198, 0.0008019435917958617]
  ResConv 2:  [0.00044832698768004775, -0.00022152320889290422, -0.0073575484566390514, 0.00029491150053218007]
  ResConv 3:  [0.0003140569606330246, -0.0009871948277577758, -0.005920189432799816, 0.0016991656739264727]
--
--
  ResConv 1:  [0.0005900512915104628, 1.9280361811979674e-05, -0.00923742726445198, 0.0008019435335882008]
  ResConv 2:  [0.0004483269585762173, -0.00022152322344481945, -0.0073575484566390514, 0.00029491152963601053]
  ResConv 3:  [0.0003140569315291941, -0.0009871948277577758, -0.005920189432799816, 0.0016991656739264727]
--
--
  ResConv 1:  [0.00035465529072098434, -1.0945017493213527e-05, -0.00841053482145071, 0.0003075501008424908]
  ResConv 2:  [0.00024131465761456639, -0.00022485348745249212, -0.006727906875312328, -0.00011249522503931075]
  ResConv 3:  [0.0001455064193578437, -0.0009267126442864537, -0.005413146689534187, 0.0011858942452818155]
--
--
  ResConv 1:  [0.00035465529072098434, -1.0945021131192334e-05, -0.008410533890128136, 0.00030755012994632125]
  ResConv 2:  [0.00024131467216648161, -0.00022485348745249212, -0.006727906409651041, -0.00011249522503931075]
  ResConv 3:  [0.00014550644846167415, -0.0009267126442864537, -0.005413146689534187, 0.0011858943616971374]
--
--
  ResConv 1:  [0.00035465529072098434, -1.094501385523472e-05, -0.00841053482145071, 0.00030755012994632125]
  ResConv 2:  [0.00024131465761456639, -0.00022485348745249212, -0.006727906875312328, -0.00011249521776335314]
  ResConv 3:  [0.00014550643390975893, -0.0009267126442864537, -0.005413146689534187, 0.0011858942452818155]
--
--
  ResConv 1:  [0.00035465529072098434, -1.0945017493213527e-05, -0.008410533890128136, 0.00030755012994632125]
  ResConv 2:  [0.00024131462851073593, -0.00022485348745249212, -0.006727906409651041, -0.00011249522503931075]
  ResConv 3:  [0.0001455064193578437, -0.0009267126442864537, -0.005413146689534187, 0.0011858942452818155]
--
--
  ResConv 1:  [0.00035465529072098434, -1.094501931220293e-05, -0.00841053482145071, 0.0003075501008424908]
  ResConv 2:  [0.00024131467216648161, -0.00022485348745249212, -0.006727906875312328, -0.00011249522503931075]
  ResConv 3:  [0.0001455064193578437, -0.0009267126442864537, -0.005413146689534187, 0.0011858942452818155]
--
--
  ResConv 1:  [0.0003582704230211675, 2.0073723135283217e-05, -0.007376356050372124, 0.00019007096125278622]
  ResConv 2:  [0.0002496143861208111, -0.00016779500583652407, -0.00589930871501565, -0.0001705881004454568]
  ResConv 3:  [0.00016272625362034887, -0.0007769458461552858, -0.004747603554278612, 0.0009677663329057395]
--
--
  ResConv 1:  [0.0003582704230211675, 2.007373950618785e-05, -0.007376356050372124, 0.000190070946700871]
  ResConv 2:  [0.0002496143861208111, -0.0001677949767326936, -0.00589930871501565, -0.00017058811499737203]
  ResConv 3:  [0.00016272623906843364, -0.0007769458461552858, -0.004747603554278612, 0.0009677663329057395]
--
--
  ResConv 1:  [0.000358270452124998, 2.0073712221346796e-05, -0.007376356050372124, 0.00019007096125278622]
  ResConv 2:  [0.00024961441522464156, -0.00016779500583652407, -0.00589930871501565, -0.0001705881004454568]
  ResConv 3:  [0.00016272625362034887, -0.0007769458461552858, -0.004747603554278612, 0.0009677663329057395]
--
--
  ResConv 1:  [0.0003582704230211675, 2.007371949730441e-05, -0.007376356050372124, 0.00019007093214895576]
  ResConv 2:  [0.0002496143861208111, -0.00016779500583652407, -0.00589930871501565, -0.00017058811499737203]
  ResConv 3:  [0.00016272623906843364, -0.0007769458461552858, -0.004747603554278612, 0.0009677663329057395]
--
--
  ResConv 1:  [0.0003582704230211675, 2.00737140403362e-05, -0.007376356050372124, 0.00019007096125278622]
  ResConv 2:  [0.00024961435701698065, -0.00016779500583652407, -0.00589930871501565, -0.0001705881004454568]
  ResConv 3:  [0.00016272622451651841, -0.0007769458461552858, -0.004747603554278612, 0.0009677663329057395]
--
--
  ResConv 1:  [0.0003883138415403664, 3.287986328359693e-05, -0.006576118525117636, 0.00018435448873788118]
  ResConv 2:  [0.00028812303207814693, -0.00013240774569567293, -0.005260738544166088, -0.00014075658691581339]
  ResConv 3:  [0.00021188470418564975, -0.0006717538926750422, -0.004236099310219288, 0.0008688992820680141]
--
--
  ResConv 1:  [0.0003883138415403664, 3.2879848731681705e-05, -0.006576118525117636, 0.00018435448873788118]
  ResConv 2:  [0.00028812303207814693, -0.00013240777479950339, -0.005260738544166088, -0.00014075660146772861]
  ResConv 3:  [0.00021188470418564975, -0.0006717538926750422, -0.004236099310219288, 0.0008688992820680141]
--
--
  ResConv 1:  [0.00038831381243653595, 3.2879859645618126e-05, -0.006576118525117636, 0.00018435445963405073]
  ResConv 2:  [0.000288122973870486, -0.00013240776024758816, -0.005260738544166088, -0.00014075660146772861]
  ResConv 3:  [0.00021188468963373452, -0.0006717538926750422, -0.004236099310219288, 0.0008688992238603532]
--
--
  ResConv 1:  [0.0003883138415403664, 3.287986692157574e-05, -0.006576118525117636, 0.00018435445963405073]
  ResConv 2:  [0.00028812303207814693, -0.00013240776024758816, -0.005260738544166088, -0.00014075660146772861]
  ResConv 3:  [0.00021188470418564975, -0.0006717538926750422, -0.004236099310219288, 0.0008688992238603532]
--
--
  ResConv 1:  [0.0003883138415403664, 3.287985600763932e-05, -0.006576118525117636, 0.00018435448873788118]
  ResConv 2:  [0.00028812303207814693, -0.00013240776024758816, -0.005260738544166088, -0.00014075658691581339]
  ResConv 3:  [0.00021188471873756498, -0.0006717538926750422, -0.004236099310219288, 0.0008688992238603532]
--
--
  ResConv 1:  [0.0001886505342554301, 2.0422217858140357e-05, -0.007314825430512428, 0.0003127794188912958]
  ResConv 2:  [0.000106162900920026, -0.00017134789959527552, -0.005837146192789078, -4.1789739043451846e-05]
  ResConv 3:  [2.3728985979687423e-05, -0.0007731931400485337, -0.004708162974566221, 0.0010713341180235147]
--
--
  ResConv 1:  [0.00018865051970351487, 2.0422223315108567e-05, -0.007314825430512428, 0.0003127794188912958]
  ResConv 2:  [0.000106162900920026, -0.0001713478850433603, -0.005837146658450365, -4.1789728129515424e-05]
  ResConv 3:  [2.3728975065751e-05, -0.0007731931400485337, -0.004708162974566221, 0.0010713341180235147]
--
--
  ResConv 1:  [0.0001886505342554301, 2.0422223315108567e-05, -0.007314825430512428, 0.00031277938978746533]
  ResConv 2:  [0.000106162900920026, -0.0001713478850433603, -0.005837146192789078, -4.178974631940946e-05]
  ResConv 3:  [2.3728987798676826e-05, -0.0007731931982561946, -0.004708162508904934, 0.0010713341180235147]
--
--
  ResConv 1:  [0.00018865054880734533, 2.042221967712976e-05, -0.007314825430512428, 0.0003127794188912958]
  ResConv 2:  [0.00010616291547194123, -0.0001713478850433603, -0.005837146658450365, -4.178973540547304e-05]
  ResConv 3:  [2.3728998712613247e-05, -0.0007731931400485337, -0.004708162974566221, 0.0010713341180235147]
--
--
  ResConv 1:  [0.00018865054880734533, 2.0422228772076778e-05, -0.007314825430512428, 0.00031277944799512625]
  ResConv 2:  [0.00010616291547194123, -0.00017134789959527552, -0.005837146192789078, -4.178972085355781e-05]
  ResConv 3:  [2.372900598857086e-05, -0.0007731931982561946, -0.004708162974566221, 0.0010713341180235147]
--
--
  ResConv 1:  [0.00032344923238269985, 7.469438423868269e-05, -0.007542451377958059, 0.0002855907951015979]
  ResConv 2:  [0.00021703733364120126, -0.0001198340833070688, -0.006021724548190832, -7.98308101366274e-05]
  ResConv 3:  [0.00012448638153728098, -0.0007388449157588184, -0.004854766186326742, 0.0010672357166185975]
--
--
  ResConv 1:  [0.00032344923238269985, 7.469438423868269e-05, -0.007542451843619347, 0.0002855907951015979]
  ResConv 2:  [0.00021703733364120126, -0.00011983406875515357, -0.006021724548190832, -7.983079558471218e-05]
  ResConv 3:  [0.00012448638153728098, -0.0007388449739664793, -0.004854766186326742, 0.0010672357166185975]
--
--
  ResConv 1:  [0.00032344923238269985, 7.469438423868269e-05, -0.007542450912296772, 0.00028559082420542836]
  ResConv 2:  [0.00021703734819311649, -0.0001198340833070688, -0.006021724548190832, -7.983078830875456e-05]
  ResConv 3:  [0.00012448641064111143, -0.0007388449157588184, -0.004854766186326742, 0.0010672357166185975]
--
--
  ResConv 1:  [0.00032344923238269985, 7.469438423868269e-05, -0.007542451377958059, 0.00028559082420542836]
  ResConv 2:  [0.00021703734819311649, -0.0001198340833070688, -0.006021724548190832, -7.983080286066979e-05]
  ResConv 3:  [0.0001244863960891962, -0.0007388449739664793, -0.004854766186326742, 0.0010672357166185975]
--
--
  ResConv 1:  [0.00032344923238269985, 7.469438423868269e-05, -0.007542451377958059, 0.0002855907951015979]
  ResConv 2:  [0.00021703733364120126, -0.0001198340833070688, -0.006021724548190832, -7.983080286066979e-05]
  ResConv 3:  [0.00012448641064111143, -0.0007388447993434966, -0.004854766186326742, 0.0010672356002032757]
--
--
  ResConv 1:  [0.00033728909329511225, 4.065463144797832e-05, -0.007887042127549648, 0.0004684292362071574]
  ResConv 2:  [0.00022591240121982992, -0.00016223889542743564, -0.006285501644015312, 7.090035796863958e-05]
  ResConv 3:  [0.0001254189119208604, -0.0008093874203041196, -0.005064809694886208, 0.001262664794921875]
--
--
  ResConv 1:  [0.00033728909329511225, 4.065463144797832e-05, -0.007887042127549648, 0.0004684292071033269]
  ResConv 2:  [0.00022591240121982992, -0.00016223889542743564, -0.006285500712692738, 7.090032158885151e-05]
  ResConv 3:  [0.00012541889736894518, -0.0008093873038887978, -0.00506480922922492, 0.001262664794921875]
--
--
  ResConv 1:  [0.00033728909329511225, 4.065464236191474e-05, -0.007887042127549648, 0.0004684292071033269]
  ResConv 2:  [0.00022591240121982992, -0.0001622388808755204, -0.006285500712692738, 7.090033614076674e-05]
  ResConv 3:  [0.0001254189119208604, -0.0008093873038887978, -0.00506480922922492, 0.001262664794921875]
--
--
  ResConv 1:  [0.00033728909329511225, 4.065463144797832e-05, -0.007887042127549648, 0.0004684292071033269]
  ResConv 2:  [0.00022591243032366037, -0.00016223889542743564, -0.006285500712692738, 7.090034341672435e-05]
  ResConv 3:  [0.0001254189119208604, -0.0008093873038887978, -0.00506480922922492, 0.001262664794921875]
--
--
  ResConv 1:  [0.00033728909329511225, 4.065464236191474e-05, -0.007887042127549648, 0.0004684292071033269]
  ResConv 2:  [0.00022591243032366037, -0.00016223889542743564, -0.006285501644015312, 7.090032158885151e-05]
  ResConv 3:  [0.0001254189119208604, -0.0008093873038887978, -0.00506480922922492, 0.001262664794921875]
--
--
  ResConv 1:  [0.000557152961846441, 5.8263827668270096e-05, -0.0069311074912548065, 0.00023382868675980717]
  ResConv 2:  [0.0004373073752503842, -0.00011553576041478664, -0.005549848545342684, -0.0001041908617480658]
  ResConv 3:  [0.0003467760980129242, -0.0006739932578057051, -0.004484796896576881, 0.0009413603111170232]
--
--
  ResConv 1:  [0.000557152961846441, 5.826382039231248e-05, -0.0069311074912548065, 0.0002338287013117224]
  ResConv 2:  [0.0004373073752503842, -0.00011553576041478664, -0.005549848545342684, -0.0001041908617480658]
  ResConv 3:  [0.0003467760980129242, -0.0006739932578057051, -0.004484796896576881, 0.0009413603111170232]
--
--
  ResConv 1:  [0.0005571530200541019, 5.826382039231248e-05, -0.0069311074912548065, 0.00023382868675980717]
  ResConv 2:  [0.0004373073752503842, -0.00011553576769074425, -0.005549848545342684, -0.00010419086902402341]
  ResConv 3:  [0.0003467760980129242, -0.0006739932578057051, -0.004484796896576881, 0.0009413603111170232]
--
--
  ResConv 1:  [0.000557152961846441, 5.826382039231248e-05, -0.0069311074912548065, 0.00023382864310406148]
  ResConv 2:  [0.00043730734614655375, -0.00011553575313882902, -0.005549848545342684, -0.00010419087629998103]
  ResConv 3:  [0.0003467760980129242, -0.0006739932578057051, -0.004484796896576881, 0.0009413603111170232]
--
--
  ResConv 1:  [0.000557152961846441, 5.826381311635487e-05, -0.0069311074912548065, 0.00023382868675980717]
  ResConv 2:  [0.0004373073752503842, -0.00011553576769074425, -0.005549848545342684, -0.00010419086902402341]
  ResConv 3:  [0.0003467760980129242, -0.0006739932578057051, -0.004484796896576881, 0.0009413603111170232]
--
--
  ResConv 1:  [0.000725640042219311, -5.726855647480988e-07, -0.010797880589962006, 0.000890715979039669]
  ResConv 2:  [0.0005320640048012137, -0.00027894636150449514, -0.008600142784416676, 0.0003070636303164065]
  ResConv 3:  [0.00036853112396784127, -0.0011814148165285587, -0.0069111711345613, 0.001961848232895136]
--
--
  ResConv 1:  [0.000725640042219311, -5.726805625272391e-07, -0.010797880589962006, 0.00089071603724733]
  ResConv 2:  [0.0005320640048012137, -0.00027894636150449514, -0.008600142784416676, 0.0003070636303164065]
  ResConv 3:  [0.00036853112396784127, -0.0011814148165285587, -0.006911170668900013, 0.0019618480000644922]
--
--
  ResConv 1:  [0.0007256401586346328, -5.726803351535636e-07, -0.010797880589962006, 0.00089071603724733]
  ResConv 2:  [0.0005320640630088747, -0.00027894636150449514, -0.008600142784416676, 0.0003070636303164065]
  ResConv 3:  [0.00036853112396784127, -0.0011814148165285587, -0.0069111711345613, 0.001961848232895136]
--
--
  ResConv 1:  [0.0007256401004269719, -5.726745371248398e-07, -0.010797880589962006, 0.000890715979039669]
  ResConv 2:  [0.0005320640048012137, -0.00027894636150449514, -0.008600142784416676, 0.00030706360121257603]
  ResConv 3:  [0.00036853106576018035, -0.0011814148165285587, -0.0069111711345613, 0.001961848232895136]
--
--
  ResConv 1:  [0.0007256401004269719, -5.726791982851864e-07, -0.010797880589962006, 0.00089071603724733]
  ResConv 2:  [0.0005320640048012137, -0.00027894636150449514, -0.008600142784416676, 0.0003070636303164065]
  ResConv 3:  [0.00036853112396784127, -0.0011814148165285587, -0.0069111711345613, 0.001961848232895136]
--
--
  ResConv 1:  [0.0004539759538602084, 2.8461583497119136e-05, -0.007611299864947796, 0.0003875565016642213]
  ResConv 2:  [0.00034576465259306133, -0.00016592367319390178, -0.006079379934817553, -2.8897213510958863e-09]
  ResConv 3:  [0.00025192962493747473, -0.000793685030657798, -0.004898248240351677, 0.0011607185006141663]
--
--
  ResConv 1:  [0.0004539759538602084, 2.846157076419331e-05, -0.007611299864947796, 0.00038755653076805174]
  ResConv 2:  [0.00034576465259306133, -0.00016592370229773223, -0.006079379934817553, -2.878683513785063e-09]
  ResConv 3:  [0.0002519296540413052, -0.000793685030657798, -0.004898248240351677, 0.0011607185006141663]
--
--
  ResConv 1:  [0.0004539759538602084, 2.846157076419331e-05, -0.007611299864947796, 0.0003875565016642213]
  ResConv 2:  [0.00034576465259306133, -0.00016592367319390178, -0.006079379934817553, -2.8897213510958863e-09]
  ResConv 3:  [0.0002519296540413052, -0.000793685030657798, -0.004898248240351677, 0.0011607185006141663]
--
--
  ResConv 1:  [0.0004539759538602084, 2.8461583497119136e-05, -0.007611299864947796, 0.0003875565016642213]
  ResConv 2:  [0.00034576465259306133, -0.00016592367319390178, -0.00607938040047884, -2.8808910812472277e-09]
  ResConv 3:  [0.00025192962493747473, -0.000793685030657798, -0.004898248240351677, 0.0011607185006141663]
--
--
  ResConv 1:  [0.00045397598296403885, 2.846157985914033e-05, -0.007611299864947796, 0.0003875565016642213]
  ResConv 2:  [0.00034576462348923087, -0.00016592367319390178, -0.006079379934817553, -2.8875137836337217e-09]
  ResConv 3:  [0.0002519296540413052, -0.000793685030657798, -0.004898248240351677, 0.0011607185006141663]
--
--
  ResConv 1:  [0.0005118448752909899, 9.683949429017957e-06, -0.00968021247535944, 0.0006271425518207252]
  ResConv 2:  [0.00036730297142639756, -0.0002394798066234216, -0.0077158925123512745, 0.00011404346150811762]
  ResConv 3:  [0.00023537391098216176, -0.0010528332786634564, -0.006192191503942013, 0.0016172922914847732]
--
--
  ResConv 1:  [0.0005118448752909899, 9.683952157502063e-06, -0.00968021247535944, 0.0006271425518207252]
  ResConv 2:  [0.000367303000530228, -0.0002394798066234216, -0.0077158925123512745, 0.00011404344695620239]
  ResConv 3:  [0.00023537389643024653, -0.0010528332786634564, -0.006192191503942013, 0.001617292407900095]
--
--
  ResConv 1:  [0.000511844817083329, 9.683953066996764e-06, -0.009680214338004589, 0.0006271425518207252]
  ResConv 2:  [0.00036730291321873665, -0.0002394798066234216, -0.0077158925123512745, 0.00011404345423216]
  ResConv 3:  [0.0002353738818783313, -0.0010528332786634564, -0.006192191503942013, 0.001617292407900095]
--
--
  ResConv 1:  [0.000511844817083329, 9.683948519523256e-06, -0.00968021247535944, 0.0006271425518207252]
  ResConv 2:  [0.00036730297142639756, -0.0002394798066234216, -0.0077158925123512745, 0.00011404344695620239]
  ResConv 3:  [0.00023537389643024653, -0.0010528332786634564, -0.006192191503942013, 0.001617292407900095]
--
--
  ResConv 1:  [0.0005118448752909899, 9.683946700533852e-06, -0.00968021247535944, 0.0006271425518207252]
  ResConv 2:  [0.00036730297142639756, -0.0002394798066234216, -0.0077158925123512745, 0.00011404342512832955]
  ResConv 3:  [0.00023537391098216176, -0.0010528332786634564, -0.006192191503942013, 0.001617292407900095]
--
--
  ResConv 1:  [0.00035356063744984567, 4.20130709244404e-05, -0.008517361246049404, 0.00034890565439127386]
  ResConv 2:  [0.00024125041090883315, -0.00017588028276804835, -0.006798344198614359, -8.468722808174789e-05]
  ResConv 3:  [0.00014467150322161615, -0.000890085007995367, -0.0054557956755161285, 0.0012374918442219496]
--
--
  ResConv 1:  [0.0003535606083460152, 4.20130709244404e-05, -0.008517361246049404, 0.0003489056834951043]
  ResConv 2:  [0.0002412503818050027, -0.00017588028276804835, -0.006798344198614359, -8.468722808174789e-05]
  ResConv 3:  [0.00014467148866970092, -0.000890085007995367, -0.0054557956755161285, 0.0012374918442219496]
--
--
  ResConv 1:  [0.00035356063744984567, 4.20130709244404e-05, -0.008517361246049404, 0.00034890565439127386]
  ResConv 2:  [0.00024125041090883315, -0.00017588028276804835, -0.006798344198614359, -8.468722808174789e-05]
  ResConv 3:  [0.00014467150322161615, -0.000890085007995367, -0.0054557956755161285, 0.0012374918442219496]
--
--
  ResConv 1:  [0.0003535606956575066, 4.201306001050398e-05, -0.008517361246049404, 0.0003489056834951043]
  ResConv 2:  [0.00024125042546074837, -0.00017588032642379403, -0.006798344198614359, -8.468722080579028e-05]
  ResConv 3:  [0.0001446715323254466, -0.000890085007995367, -0.0054557956755161285, 0.0012374918442219496]
--
--
  ResConv 1:  [0.0003535606956575066, 4.201306001050398e-05, -0.008517361246049404, 0.0003489056834951043]
  ResConv 2:  [0.00024125042546074837, -0.00017588028276804835, -0.006798344198614359, -8.468722808174789e-05]
  ResConv 3:  [0.0001446715323254466, -0.000890085007995367, -0.0054557956755161285, 0.0012374918442219496]
--
--
  ResConv 1:  [0.0004308772040531039, -2.5517587346257642e-05, -0.008056615479290485, 0.0006347494199872017]
  ResConv 2:  [0.00031058042077347636, -0.00023250615049619228, -0.006412668619304895, 0.00020264035265427083]
  ResConv 3:  [0.00019892236741725355, -0.0009079430601559579, -0.0051419674418866634, 0.001446794718503952]
--
--
  ResConv 1:  [0.00043087717494927347, -2.551757643232122e-05, -0.008056615479290485, 0.0006347494199872017]
  ResConv 2:  [0.0003105803916696459, -0.00023250613594427705, -0.006412668153643608, 0.00020264035265427083]
  ResConv 3:  [0.00019892232376150787, -0.0009079430601559579, -0.0051419674418866634, 0.0014467946020886302]
--
--
  ResConv 1:  [0.00043087717494927347, -2.551758188928943e-05, -0.008056615479290485, 0.0006347494199872017]
  ResConv 2:  [0.00031058042077347636, -0.00023250613594427705, -0.006412668619304895, 0.00020264035265427083]
  ResConv 3:  [0.00019892235286533833, -0.0009079430601559579, -0.0051419674418866634, 0.001446794718503952]
--
--
  ResConv 1:  [0.00043087717494927347, -2.5517580070300028e-05, -0.00805661641061306, 0.0006347494199872017]
  ResConv 2:  [0.00031058036256581545, -0.00023250613594427705, -0.006412668619304895, 0.00020264035265427083]
  ResConv 3:  [0.00019892232376150787, -0.0009079430601559579, -0.0051419674418866634, 0.0014467946020886302]
--
--
  ResConv 1:  [0.00043087717494927347, -2.5517587346257642e-05, -0.008056615479290485, 0.0006347494199872017]
  ResConv 2:  [0.00031058036256581545, -0.00023250615049619228, -0.006412668153643608, 0.00020264035265427083]
  ResConv 3:  [0.00019892232376150787, -0.0009079430601559579, -0.0051419674418866634, 0.001446794718503952]
--
--
  ResConv 1:  [0.0006896157865412533, 2.132693953171838e-05, -0.009668849408626556, 0.0005961469141766429]
  ResConv 2:  [0.0005218354053795338, -0.00022604037076234818, -0.007707993034273386, 8.436559437541291e-05]
  ResConv 3:  [0.0003745543654076755, -0.0010300993453711271, -0.006200750824064016, 0.001574273919686675]
--
--
  ResConv 1:  [0.0006896157865412533, 2.1326946807675995e-05, -0.009668849408626556, 0.0005961469141766429]
  ResConv 2:  [0.0005218354053795338, -0.00022604037076234818, -0.007707993034273386, 8.436559437541291e-05]
  ResConv 3:  [0.0003745543654076755, -0.0010300993453711271, -0.006200750824064016, 0.0015742741525173187]
--
--
  ResConv 1:  [0.0006896158447489142, 2.1326952264644206e-05, -0.009668850339949131, 0.0005961469141766429]
  ResConv 2:  [0.0005218354053795338, -0.00022604037076234818, -0.007707993034273386, 8.436560165137053e-05]
  ResConv 3:  [0.0003745543654076755, -0.0010300993453711271, -0.006200750824064016, 0.001574273919686675]
--
--
  ResConv 1:  [0.0006896158447489142, 2.1326946807675995e-05, -0.009668849408626556, 0.0005961469141766429]
  ResConv 2:  [0.0005218354635871947, -0.00022604037076234818, -0.007707993034273386, 8.436561620328575e-05]
  ResConv 3:  [0.0003745544236153364, -0.0010300993453711271, -0.006200750824064016, 0.0015742741525173187]
--
--
  ResConv 1:  [0.0006896158447489142, 2.1326941350707784e-05, -0.009668849408626556, 0.0005961469141766429]
  ResConv 2:  [0.0005218354635871947, -0.00022604037076234818, -0.007707993034273386, 8.436561620328575e-05]
  ResConv 3:  [0.0003745543654076755, -0.0010300993453711271, -0.006200750824064016, 0.001574273919686675]
--
--
  ResConv 1:  [0.0004377957957331091, -7.0915384640102275e-06, -0.008878874592483044, 0.0006400097045116127]
  ResConv 2:  [0.00030899301054887474, -0.0002356642798986286, -0.00708303926512599, 0.00017275012214668095]
  ResConv 3:  [0.00019561157387215644, -0.0009757676161825657, -0.0056912596337497234, 0.0015367092564702034]
--
--
  ResConv 1:  [0.00043779585394077003, -7.091553015925456e-06, -0.008878874592483044, 0.0006400097045116127]
  ResConv 2:  [0.00030899301054887474, -0.00023566429445054382, -0.00708303926512599, 0.00017275012214668095]
  ResConv 3:  [0.00019561157387215644, -0.0009757676161825657, -0.0056912596337497234, 0.0015367092564702034]
--
--
  ResConv 1:  [0.00043779585394077003, -7.091532097547315e-06, -0.008878874592483044, 0.0006400097627192736]
  ResConv 2:  [0.0003089929814450443, -0.0002356642798986286, -0.00708303926512599, 0.00017275013669859618]
  ResConv 3:  [0.00019561157387215644, -0.0009757676161825657, -0.0056912596337497234, 0.0015367092564702034]
--
--
  ResConv 1:  [0.00043779585394077003, -7.0915425567363854e-06, -0.008878874592483044, 0.0006400097045116127]
  ResConv 2:  [0.00030899301054887474, -0.00023566429445054382, -0.00708303926512599, 0.0001727501512505114]
  ResConv 3:  [0.0001956116029759869, -0.0009757676161825657, -0.0056912596337497234, 0.0015367092564702034]
--
--
  ResConv 1:  [0.0004377957957331091, -7.091545739967842e-06, -0.008878874592483044, 0.0006400097627192736]
  ResConv 2:  [0.0003089929523412138, -0.0002356642798986286, -0.00708303926512599, 0.00017275013669859618]
  ResConv 3:  [0.00019561154476832598, -0.0009757676161825657, -0.0056912596337497234, 0.0015367092564702034]
--
--
  ResConv 1:  [0.00045877823140472174, 8.013109618332237e-05, -0.009678613394498825, 0.00043898375588469207]
  ResConv 2:  [0.0003249055298510939, -0.0001711738295853138, -0.007718754466623068, -5.621811578748748e-05]
  ResConv 3:  [0.00020349193073343486, -0.0009861104190349579, -0.006204269826412201, 0.0014479218516498804]
--
--
  ResConv 1:  [0.00045877823140472174, 8.013108163140714e-05, -0.009678613394498825, 0.00043898369767703116]
  ResConv 2:  [0.0003249055298510939, -0.0001711738295853138, -0.007718754466623068, -5.6218155805254355e-05]
  ResConv 3:  [0.00020349191618151963, -0.0009861104190349579, -0.006204269826412201, 0.0014479218516498804]
--
--
  ResConv 1:  [0.00045877823140472174, 8.013110345927998e-05, -0.009678613394498825, 0.00043898369767703116]
  ResConv 2:  [0.0003249055298510939, -0.00017117381503339857, -0.007718754466623068, -5.6218144891317934e-05]
  ResConv 3:  [0.00020349193073343486, -0.000986110302619636, -0.006204269826412201, 0.0014479218516498804]
--
--
  ResConv 1:  [0.00045877823140472174, 8.013109618332237e-05, -0.009678613394498825, 0.00043898369767703116]
  ResConv 2:  [0.0003249055298510939, -0.0001711738295853138, -0.007718754466623068, -5.621817399514839e-05]
  ResConv 3:  [0.00020349191618151963, -0.0009861104190349579, -0.006204269826412201, 0.0014479218516498804]
--
--
  ResConv 1:  [0.0004587782023008913, 8.013110345927998e-05, -0.009678613394498825, 0.00043898369767703116]
  ResConv 2:  [0.00032490550074726343, -0.0001711738295853138, -0.007718754466623068, -5.6218144891317934e-05]
  ResConv 3:  [0.00020349191618151963, -0.0009861101862043142, -0.006204269826412201, 0.0014479217352345586]
--
--
  ResConv 1:  [0.00022887731029186398, 2.6431947844685055e-05, -0.007002013269811869, 0.00022725592134520411]
  ResConv 2:  [0.00015966077626217157, -0.00015296487254090607, -0.005599965341389179, -0.00011761841597035527]
  ResConv 3:  [9.672060696175322e-05, -0.0007341427262872458, -0.004505536984652281, 0.0009591392008587718]
--
--
  ResConv 1:  [0.00022887731029186398, 2.6431946025695652e-05, -0.007002014201134443, 0.00022725592134520411]
  ResConv 2:  [0.00015966077626217157, -0.00015296487254090607, -0.005599965341389179, -0.00011761840141844004]
  ResConv 3:  [9.672060696175322e-05, -0.0007341426680795848, -0.004505536984652281, 0.0009591392008587718]
--
--
  ResConv 1:  [0.0002288773248437792, 2.6431946025695652e-05, -0.007002014201134443, 0.0002272559067932889]
  ResConv 2:  [0.0001596607908140868, -0.0001529648870928213, -0.005599965341389179, -0.00011761841597035527]
  ResConv 3:  [9.672060696175322e-05, -0.0007341427262872458, -0.004505536984652281, 0.0009591392008587718]
--
--
  ResConv 1:  [0.00022887733939569443, 2.6431944206706248e-05, -0.007002014201134443, 0.00022725592134520411]
  ResConv 2:  [0.0001596607908140868, -0.0001529648870928213, -0.005599965341389179, -0.00011761840141844004]
  ResConv 3:  [9.672062151366845e-05, -0.0007341427262872458, -0.004505536984652281, 0.0009591392590664327]
--
--
  ResConv 1:  [0.00022887731029186398, 2.6431951482663862e-05, -0.007002014201134443, 0.00022725593589711934]
  ResConv 2:  [0.0001596607908140868, -0.0001529648870928213, -0.005599965341389179, -0.00011761840141844004]
  ResConv 3:  [9.672061423771083e-05, -0.0007341427262872458, -0.004505536984652281, 0.0009591392590664327]
--
--
  ResConv 1:  [0.00031990304705686867, 1.9113522284897044e-05, -0.007438531145453453, 0.00029100629035383463]
  ResConv 2:  [0.00022108321718405932, -0.00017079428653232753, -0.005944449920207262, -7.353197725024074e-05]
  ResConv 3:  [0.00013301137369126081, -0.0007863188511691988, -0.004785672761499882, 0.0010698599508032203]
--
--
  ResConv 1:  [0.00031990304705686867, 1.9113531379844062e-05, -0.007438530679792166, 0.00029100629035383463]
  ResConv 2:  [0.00022108321718405932, -0.0001707942719804123, -0.005944449920207262, -7.353197725024074e-05]
  ResConv 3:  [0.00013301138824317604, -0.0007863188511691988, -0.004785673227161169, 0.0010698599508032203]
--
--
  ResConv 1:  [0.00031990304705686867, 1.9113527741865255e-05, -0.007438531145453453, 0.00029100629035383463]
  ResConv 2:  [0.00022108323173597455, -0.00017079428653232753, -0.005944449920207262, -7.353198452619836e-05]
  ResConv 3:  [0.00013301138824317604, -0.0007863188511691988, -0.004785673227161169, 0.0010698599508032203]
--
--
  ResConv 1:  [0.00031990307616069913, 1.9113527741865255e-05, -0.007438531145453453, 0.00029100629035383463]
  ResConv 2:  [0.00022108324628788978, -0.0001707942719804123, -0.005944449920207262, -7.353196269832551e-05]
  ResConv 3:  [0.00013301140279509127, -0.0007863188511691988, -0.004785673227161169, 0.0010698599508032203]
--
--
  ResConv 1:  [0.00031990304705686867, 1.9113513189950027e-05, -0.007438531145453453, 0.00029100629035383463]
  ResConv 2:  [0.00022108321718405932, -0.00017079428653232753, -0.005944449920207262, -7.353198452619836e-05]
  ResConv 3:  [0.00013301138824317604, -0.0007863188511691988, -0.004785673227161169, 0.0010698599508032203]
--
--
  ResConv 1:  [0.00028518616454675794, -3.1809527172299568e-06, -0.007593509275466204, 0.0006415338721126318]
  ResConv 2:  [0.00018576628644950688, -0.0002014244528254494, -0.00604561623185873, 0.00023288908414542675]
  ResConv 3:  [9.168172255158424e-05, -0.0008359772618860006, -0.0048514786176383495, 0.0013944387901574373]
--
--
  ResConv 1:  [0.0002851861354429275, -3.180928160873009e-06, -0.007593509275466204, 0.0006415338721126318]
  ResConv 2:  [0.00018576625734567642, -0.00020142443827353418, -0.006045616697520018, 0.00023288909869734198]
  ResConv 3:  [9.168170799966902e-05, -0.0008359772618860006, -0.0048514786176383495, 0.0013944386737421155]
--
--
  ResConv 1:  [0.00028518616454675794, -3.180945668646018e-06, -0.007593509275466204, 0.0006415338721126318]
  ResConv 2:  [0.00018576627189759165, -0.0002014244528254494, -0.006045616697520018, 0.00023288908414542675]
  ResConv 3:  [9.168173710349947e-05, -0.0008359773200936615, -0.0048514786176383495, 0.0013944387901574373]
--
--
  ResConv 1:  [0.00028518616454675794, -3.1809368010726757e-06, -0.007593508344143629, 0.0006415339303202927]
  ResConv 2:  [0.00018576628644950688, -0.0002014244528254494, -0.006045616697520018, 0.00023288909869734198]
  ResConv 3:  [9.168172255158424e-05, -0.0008359772618860006, -0.0048514786176383495, 0.0013944387901574373]
--
--
  ResConv 1:  [0.00028518616454675794, -3.1809438496566145e-06, -0.007593509275466204, 0.0006415338721126318]
  ResConv 2:  [0.00018576628644950688, -0.0002014244528254494, -0.006045616697520018, 0.00023288909869734198]
  ResConv 3:  [9.168172255158424e-05, -0.0008359772618860006, -0.0048514786176383495, 0.0013944386737421155]
--
--
  ResConv 1:  [0.0005421744426712394, 3.487966750981286e-05, -0.009778476320207119, 0.0007537747151218355]
  ResConv 2:  [0.00039066423778422177, -0.00022232221090234816, -0.0077735367231070995, 0.00023029431758914143]
  ResConv 3:  [0.0002526080934330821, -0.0010410574031993747, -0.006243930663913488, 0.0017324232030659914]
--
--
  ResConv 1:  [0.0005421744426712394, 3.487967842374928e-05, -0.009778476320207119, 0.0007537747151218355]
  ResConv 2:  [0.0003906642086803913, -0.00022232221090234816, -0.007773536257445812, 0.00023029433214105666]
  ResConv 3:  [0.0002526080934330821, -0.0010410574031993747, -0.006243930663913488, 0.0017324232030659914]
--
--
  ResConv 1:  [0.0005421744426712394, 3.487967842374928e-05, -0.009778476320207119, 0.0007537747151218355]
  ResConv 2:  [0.00039066423778422177, -0.00022232221090234816, -0.0077735367231070995, 0.00023029433214105666]
  ResConv 3:  [0.00025260812253691256, -0.0010410574031993747, -0.006243930663913488, 0.0017324232030659914]
--
--
  ResConv 1:  [0.0005421744426712394, 3.487967842374928e-05, -0.009778476320207119, 0.0007537747151218355]
  ResConv 2:  [0.00039066423778422177, -0.00022232221090234816, -0.0077735367231070995, 0.00023029433214105666]
  ResConv 3:  [0.00025260812253691256, -0.0010410574031993747, -0.006243930663913488, 0.0017324232030659914]
--
--
  ResConv 1:  [0.0005421744426712394, 3.48796856997069e-05, -0.009778476320207119, 0.0007537747151218355]
  ResConv 2:  [0.0003906642668880522, -0.00022232219635043293, -0.0077735367231070995, 0.00023029433214105666]
  ResConv 3:  [0.00025260812253691256, -0.0010410574031993747, -0.006243930663913488, 0.0017324232030659914]
--
--
  ResConv 1:  [0.00033242107019759715, 1.0506957551115192e-05, -0.008469256572425365, 0.0008301065536215901]
  ResConv 2:  [0.00022098957560956478, -0.00021280258079059422, -0.006723648402839899, 0.0003674455510918051]
  ResConv 3:  [0.0001060254653566517, -0.0009182412759400904, -0.0054007465951144695, 0.0016522652003914118]
--
--
  ResConv 1:  [0.0003324210410937667, 1.0506969374546316e-05, -0.008469256572425365, 0.0008301065536215901]
  ResConv 2:  [0.00022098957560956478, -0.00021280258079059422, -0.006723648402839899, 0.0003674455510918051]
  ResConv 3:  [0.00010602547263260931, -0.0009182412759400904, -0.0054007465951144695, 0.0016522652003914118]
--
--
  ResConv 1:  [0.0003324210410937667, 1.050697665050393e-05, -0.008469256572425365, 0.0008301065536215901]
  ResConv 2:  [0.00022098956105764955, -0.00021280258079059422, -0.006723648402839899, 0.0003674455510918051]
  ResConv 3:  [0.00010602543625282124, -0.0009182412759400904, -0.0054007465951144695, 0.0016522653168067336]
--
--
  ResConv 1:  [0.0003324210410937667, 1.0506968465051614e-05, -0.008469256572425365, 0.0008301065536215901]
  ResConv 2:  [0.00022098957560956478, -0.00021280258079059422, -0.006723648402839899, 0.0003674455510918051]
  ResConv 3:  [0.0001060254653566517, -0.0009182412759400904, -0.0054007465951144695, 0.0016522652003914118]
--
--
  ResConv 1:  [0.00033242107019759715, 1.0506967555556912e-05, -0.008469256572425365, 0.0008301065536215901]
  ResConv 2:  [0.00022098957560956478, -0.00021280258079059422, -0.006723648402839899, 0.0003674455510918051]
  ResConv 3:  [0.00010602547990856692, -0.0009182412759400904, -0.0054007465951144695, 0.0016522652003914118]
--
--
  ResConv 1:  [0.0004445714585017413, 6.135870989965042e-06, -0.00912012904882431, 0.000727258448023349]
  ResConv 2:  [0.0003201070649083704, -0.000229823897825554, -0.007268558256328106, 0.00024224478693213314]
  ResConv 3:  [0.00020056264474987984, -0.00098184566013515, -0.0058499108999967575, 0.0016238139942288399]
--
--
  ResConv 1:  [0.0004445714585017413, 6.135878720670007e-06, -0.00912013091146946, 0.000727258448023349]
  ResConv 2:  [0.0003201070649083704, -0.000229823897825554, -0.0072685591876506805, 0.00024224478693213314]
  ResConv 3:  [0.00020056261564604938, -0.00098184566013515, -0.0058499108999967575, 0.001623813877813518]
--
--
  ResConv 1:  [0.0004445714585017413, 6.135857802291866e-06, -0.00912012904882431, 0.0007272583898156881]
  ResConv 2:  [0.0003201070649083704, -0.00022982392692938447, -0.0072685591876506805, 0.00024224484513979405]
  ResConv 3:  [0.00020056261564604938, -0.00098184566013515, -0.0058499108999967575, 0.0016238139942288399]
--
--
  ResConv 1:  [0.0004445714585017413, 6.135876446933253e-06, -0.00912012904882431, 0.0007272583898156881]
  ResConv 2:  [0.0003201070649083704, -0.00022982388327363878, -0.0072685591876506805, 0.00024224478693213314]
  ResConv 3:  [0.00020056264474987984, -0.00098184566013515, -0.0058499108999967575, 0.001623813877813518]
--
--
  ResConv 1:  [0.0004445714002940804, 6.1358655329968315e-06, -0.00912012904882431, 0.000727258448023349]
  ResConv 2:  [0.0003201070649083704, -0.00022982392692938447, -0.0072685591876506805, 0.00024224478693213314]
  ResConv 3:  [0.00020056261564604938, -0.00098184566013515, -0.0058499108999967575, 0.0016238139942288399]
--
--
  ResConv 1:  [0.00042816062341444194, -7.114669642760418e-06, -0.007271927315741777, 0.00018079792789649218]
  ResConv 2:  [0.00032554598874412477, -0.00019031119882129133, -0.005817350000143051, -0.0001724963658489287]
  ResConv 3:  [0.000245901319431141, -0.0007831610273569822, -0.004690908826887608, 0.0009368003811687231]
--
--
  ResConv 1:  [0.00042816062341444194, -7.114672371244524e-06, -0.007271927315741777, 0.00018079795700032264]
  ResConv 2:  [0.00032554598874412477, -0.00019031121337320656, -0.005817350000143051, -0.00017249633674509823]
  ResConv 3:  [0.000245901319431141, -0.0007831610273569822, -0.004690908826887608, 0.0009368004975840449]
--
--
  ResConv 1:  [0.0004281605943106115, -7.1146769187180325e-06, -0.007271927315741777, 0.0001807978842407465]
  ResConv 2:  [0.00032554598874412477, -0.00019031121337320656, -0.005817350000143051, -0.00017249638040084392]
  ResConv 3:  [0.000245901319431141, -0.0007831610273569822, -0.004690908826887608, 0.0009368004975840449]
--
--
  ResConv 1:  [0.00042816062341444194, -7.114669642760418e-06, -0.007271927315741777, 0.0001807979424484074]
  ResConv 2:  [0.00032554598874412477, -0.00019031119882129133, -0.005817350000143051, -0.0001724963658489287]
  ResConv 3:  [0.000245901319431141, -0.0007831610273569822, -0.004690908826887608, 0.0009368004975840449]
--
--
  ResConv 1:  [0.00042816062341444194, -7.114674190233927e-06, -0.007271927315741777, 0.00018079792789649218]
  ResConv 2:  [0.00032554598874412477, -0.00019031121337320656, -0.005817350000143051, -0.0001724963658489287]
  ResConv 3:  [0.000245901319431141, -0.0007831610273569822, -0.004690908826887608, 0.0009368004975840449]
--
--
  ResConv 1:  [0.0004433792200870812, 4.820575486519374e-05, -0.007368863560259342, 0.00016692456847522408]
  ResConv 2:  [0.0003223768435418606, -0.0001388090749969706, -0.005892234388738871, -0.0001926405675476417]
  ResConv 3:  [0.0002336183824809268, -0.0007429899997077882, -0.004747111815959215, 0.0009373347274959087]
--
--
  ResConv 1:  [0.0004433792200870812, 4.820575486519374e-05, -0.007368863560259342, 0.00016692453937139362]
  ResConv 2:  [0.00032237687264569104, -0.0001388090749969706, -0.005892234388738871, -0.00019264058209955692]
  ResConv 3:  [0.00023361841158475727, -0.0007429899997077882, -0.004747111815959215, 0.0009373347274959087]
--
--
  ResConv 1:  [0.0004433792200870812, 4.820574395125732e-05, -0.007368863560259342, 0.0001669245248194784]
  ResConv 2:  [0.0003223768435418606, -0.0001388090749969706, -0.005892233923077583, -0.00019264058209955692]
  ResConv 3:  [0.0002336183824809268, -0.0007429899997077882, -0.004747111815959215, 0.0009373346692882478]
--
--
  ResConv 1:  [0.0004433792200870812, 4.820575486519374e-05, -0.007368863560259342, 0.00016692453937139362]
  ResConv 2:  [0.0003223768435418606, -0.0001388090749969706, -0.005892234388738871, -0.00019264058209955692]
  ResConv 3:  [0.0002336183824809268, -0.0007429899997077882, -0.004747111815959215, 0.0009373346692882478]
--
--
  ResConv 1:  [0.00044337924919091165, 4.820575850317255e-05, -0.007368863560259342, 0.00016692456847522408]
  ResConv 2:  [0.00032237687264569104, -0.0001388090749969706, -0.005892233923077583, -0.0001926405675476417]
  ResConv 3:  [0.0002336183824809268, -0.0007429899997077882, -0.004747111815959215, 0.0009373347274959087]
--
--
  ResConv 1:  [0.0004086544504389167, 3.5709399526240304e-06, -0.008545146323740482, 0.0003347385791130364]
  ResConv 2:  [0.0002981807920150459, -0.00021327851573005319, -0.006832469254732132, -8.869308658177033e-05]
  ResConv 3:  [0.00019755405082833022, -0.0009178524487651885, -0.005508414935320616, 0.0012211231514811516]
--
--
  ResConv 1:  [0.0004086544504389167, 3.5709215353563195e-06, -0.008545146323740482, 0.00033473855000920594]
  ResConv 2:  [0.00029818082111887634, -0.00021327851573005319, -0.006832469254732132, -8.869309385772794e-05]
  ResConv 3:  [0.00019755405082833022, -0.0009178524487651885, -0.005508414935320616, 0.0012211231514811516]
--
--
  ResConv 1:  [0.0004086544504389167, 3.5709272196982056e-06, -0.008545146323740482, 0.00033473855000920594]
  ResConv 2:  [0.0002981808502227068, -0.00021327851573005319, -0.006832468323409557, -8.869310113368556e-05]
  ResConv 3:  [0.00019755405082833022, -0.0009178524487651885, -0.005508414935320616, 0.0012211231514811516]
--
--
  ResConv 1:  [0.0004086544213350862, 3.5709399526240304e-06, -0.008545146323740482, 0.00033473855000920594]
  ResConv 2:  [0.00029818082111887634, -0.00021327850117813796, -0.006832468323409557, -8.869309385772794e-05]
  ResConv 3:  [0.00019755405082833022, -0.0009178524487651885, -0.005508414935320616, 0.0012211231514811516]
--
--
  ResConv 1:  [0.0004086544504389167, 3.5709329040400917e-06, -0.008545146323740482, 0.00033473855000920594]
  ResConv 2:  [0.00029818082111887634, -0.00021327851573005319, -0.006832468323409557, -8.869310113368556e-05]
  ResConv 3:  [0.00019755405082833022, -0.0009178524487651885, -0.005508414935320616, 0.0012211231514811516]
--
--
  ResConv 1:  [0.0003132241836283356, 4.400974648888223e-05, -0.006805731914937496, 0.00013614211638923734]
  ResConv 2:  [0.00021731265587732196, -0.00012879760470241308, -0.005444790236651897, -0.00018943962641060352]
  ResConv 3:  [0.00014248974912334234, -0.0006902219029143453, -0.0043869917280972, 0.0008588516502641141]
--
--
  ResConv 1:  [0.00031322421273216605, 4.4009739212924615e-05, -0.006805731914937496, 0.00013614211638923734]
  ResConv 2:  [0.0002173126704292372, -0.00012879760470241308, -0.005444790236651897, -0.00018943964096251875]
  ResConv 3:  [0.0001424897782271728, -0.0006902219611220062, -0.0043869917280972, 0.0008588516502641141]
--
--
  ResConv 1:  [0.00031322421273216605, 4.4009750126861036e-05, -0.006805731914937496, 0.0001361420872854069]
  ResConv 2:  [0.0002173126704292372, -0.00012879760470241308, -0.005444790236651897, -0.0001894396700663492]
  ResConv 3:  [0.0001424897782271728, -0.0006902219029143453, -0.0043869917280972, 0.0008588515920564532]
--
--
  ResConv 1:  [0.00031322421273216605, 4.400974285090342e-05, -0.006805731914937496, 0.00013614211638923734]
  ResConv 2:  [0.00021731268498115242, -0.00012879760470241308, -0.005444790236651897, -0.00018943962641060352]
  ResConv 3:  [0.0001424897782271728, -0.0006902219611220062, -0.0043869917280972, 0.0008588515920564532]
--
--
  ResConv 1:  [0.00031322421273216605, 4.4009739212924615e-05, -0.006805731914937496, 0.00013614211638923734]
  ResConv 2:  [0.0002173126704292372, -0.00012879760470241308, -0.005444790236651897, -0.00018943964096251875]
  ResConv 3:  [0.00014248976367525756, -0.0006902219029143453, -0.0043869917280972, 0.0008588516502641141]
--
--
  ResConv 1:  [0.0004123623948544264, 7.299688877537847e-05, -0.008082544431090355, 0.0006130982073955238]
  ResConv 2:  [0.0002965127641800791, -0.00013823961489833891, -0.006433459464460611, 0.0001799857127480209]
  ResConv 3:  [0.0001848529209382832, -0.0008060893160291016, -0.005182825494557619, 0.0014027477009221911]
--
--
  ResConv 1:  [0.0004123623948544264, 7.299686694750562e-05, -0.008082544431090355, 0.0006130982073955238]
  ResConv 2:  [0.00029651273507624865, -0.00013823961489833891, -0.006433459464460611, 0.00017998569819610566]
  ResConv 3:  [0.00018485287728253752, -0.0008060893160291016, -0.005182825028896332, 0.001402747817337513]
--
--
  ResConv 1:  [0.00041236236575059593, 7.299687422346324e-05, -0.008082544431090355, 0.0006130982073955238]
  ResConv 2:  [0.00029651273507624865, -0.00013823961489833891, -0.006433459464460611, 0.0001799857127480209]
  ResConv 3:  [0.00018485287728253752, -0.0008060893160291016, -0.005182825494557619, 0.001402747817337513]
--
--
  ResConv 1:  [0.0004123623948544264, 7.299685967154801e-05, -0.008082544431090355, 0.0006130982073955238]
  ResConv 2:  [0.0002965127641800791, -0.00013823964400216937, -0.006433459464460611, 0.00017998569819610566]
  ResConv 3:  [0.00018485287728253752, -0.0008060893160291016, -0.005182825494557619, 0.001402747817337513]
--
--
  ResConv 1:  [0.0004123623948544264, 7.299685967154801e-05, -0.008082544431090355, 0.0006130982073955238]
  ResConv 2:  [0.0002965127641800791, -0.00013823961489833891, -0.006433459464460611, 0.00017998568364419043]
  ResConv 3:  [0.00018485289183445275, -0.0008060893742367625, -0.005182825494557619, 0.001402747817337513]
--
--
  ResConv 1:  [0.0005207358626648784, 5.295483333611628e-06, -0.008143131621181965, 0.00040089734829962254]
  ResConv 2:  [0.0003936922294087708, -0.00019960160716436803, -0.006499823648482561, -2.1227040633675642e-05]
  ResConv 3:  [0.0002879891253542155, -0.0008671853574924171, -0.0052350969053804874, 0.0012214801972731948]
--
--
  ResConv 1:  [0.0005207358044572175, 5.295476512401365e-06, -0.008143131621181965, 0.0004008972900919616]
  ResConv 2:  [0.0003936922294087708, -0.00019960162171628326, -0.006499823648482561, -2.122705518559087e-05]
  ResConv 3:  [0.0002879891253542155, -0.0008671853574924171, -0.0052350969053804874, 0.0012214801972731948]
--
--
  ResConv 1:  [0.0005207358626648784, 5.295476967148716e-06, -0.00814313068985939, 0.00040089726098813117]
  ResConv 2:  [0.0003936922294087708, -0.00019960162171628326, -0.006499823648482561, -2.122708610841073e-05]
  ResConv 3:  [0.0002879891253542155, -0.0008671853574924171, -0.0052350969053804874, 0.0012214801972731948]
--
--
  ResConv 1:  [0.0005207358626648784, 5.29548424310633e-06, -0.008143131621181965, 0.0004008972900919616]
  ResConv 2:  [0.0003936922294087708, -0.00019960162171628326, -0.006499823648482561, -2.1227053366601467e-05]
  ResConv 3:  [0.00028798915445804596, -0.0008671853574924171, -0.0052350969053804874, 0.0012214801972731948]
--
--
  ResConv 1:  [0.0005207358044572175, 5.295481969369575e-06, -0.008143131621181965, 0.0004008972900919616]
  ResConv 2:  [0.0003936922294087708, -0.00019960162171628326, -0.006499823648482561, -2.1227057004580274e-05]
  ResConv 3:  [0.0002879891253542155, -0.0008671853574924171, -0.0052350969053804874, 0.0012214801972731948]
--
--
  ResConv 1:  [0.0005711015546694398, -6.355133336910512e-06, -0.007754785008728504, 0.0004842276975978166]
  ResConv 2:  [0.0004444346996024251, -0.0002029782917816192, -0.006182856857776642, 8.63882596604526e-05]
  ResConv 3:  [0.00034385418985038996, -0.0008382552769035101, -0.004975574091076851, 0.0012608927208930254]
--
--
  ResConv 1:  [0.0005711015546694398, -6.35513197266846e-06, -0.007754785008728504, 0.00048422772670164704]
  ResConv 2:  [0.0004444346996024251, -0.0002029782917816192, -0.006182856857776642, 8.638826693641022e-05]
  ResConv 3:  [0.00034385418985038996, -0.0008382552769035101, -0.004975574091076851, 0.0012608927208930254]
--
--
  ResConv 1:  [0.0005711015546694398, -6.355131517921109e-06, -0.007754785008728504, 0.00048422778490930796]
  ResConv 2:  [0.0004444346996024251, -0.0002029782917816192, -0.006182856857776642, 8.638828876428306e-05]
  ResConv 3:  [0.0003438541607465595, -0.0008382552769035101, -0.004975574091076851, 0.0012608927208930254]
--
--
  ResConv 1:  [0.0005711015546694398, -6.355126060952898e-06, -0.007754785008728504, 0.00048422772670164704]
  ResConv 2:  [0.00044443472870625556, -0.0002029782917816192, -0.006182856857776642, 8.638828876428306e-05]
  ResConv 3:  [0.00034385418985038996, -0.0008382552769035101, -0.004975574091076851, 0.0012608927208930254]
--
--
  ResConv 1:  [0.0005711015546694398, -6.355131063173758e-06, -0.007754785008728504, 0.0004842276975978166]
  ResConv 2:  [0.000444434757810086, -0.0002029782917816192, -0.006182856857776642, 8.638825238449499e-05]
  ResConv 3:  [0.00034385418985038996, -0.0008382552769035101, -0.004975574091076851, 0.0012608927208930254]
--
--
  ResConv 1:  [0.0004929872811771929, 2.2422846086556092e-05, -0.007110996637493372, 0.00023463298566639423]
  ResConv 2:  [0.00036638337769545615, -0.00015522076864726841, -0.005689699202775955, -0.00011748476390494034]
  ResConv 3:  [0.00027418119134381413, -0.0007381160976365209, -0.004582639783620834, 0.0009739500237628818]
--
--
  ResConv 1:  [0.0004929872811771929, 2.2422831534640864e-05, -0.007110996637493372, 0.00023463300021830946]
  ResConv 2:  [0.00036638331948779523, -0.0001552208123030141, -0.005689699202775955, -0.00011748474935302511]
  ResConv 3:  [0.00027418119134381413, -0.0007381160976365209, -0.004582639317959547, 0.0009739499655552208]
--
--
  ResConv 1:  [0.0004929872811771929, 2.2422847905545495e-05, -0.007110996637493372, 0.00023463298566639423]
  ResConv 2:  [0.00036638337769545615, -0.00015522076864726841, -0.005689699202775955, -0.00011748476390494034]
  ResConv 3:  [0.00027418119134381413, -0.0007381160976365209, -0.004582639317959547, 0.0009739499655552208]
--
--
  ResConv 1:  [0.0004929872811771929, 2.2422838810598478e-05, -0.007110996637493372, 0.0002346330147702247]
  ResConv 2:  [0.0003663832903839648, -0.0001552208123030141, -0.005689699202775955, -0.0001174847420770675]
  ResConv 3:  [0.0002741811622399837, -0.0007381160976365209, -0.004582639317959547, 0.0009739500237628818]
--
--
  ResConv 1:  [0.0004929872811771929, 2.242284062958788e-05, -0.007110996637493372, 0.00023463298566639423]
  ResConv 2:  [0.00036638331948779523, -0.00015522078319918364, -0.005689699202775955, -0.00011748476390494034]
  ResConv 3:  [0.00027418119134381413, -0.0007381160976365209, -0.004582639317959547, 0.0009739499655552208]
--
--
  ResConv 1:  [0.0005438626976683736, -1.8169415852753446e-05, -0.008970669470727444, 0.0006767488084733486]
  ResConv 2:  [0.0004020748019684106, -0.00024893577210605145, -0.0071563273668289185, 0.00020912113541271538]
  ResConv 3:  [0.0002783504023682326, -0.00098134926520288, -0.005770401563495398, 0.0015567722730338573]
--
--
  ResConv 1:  [0.0005438626976683736, -1.816942858567927e-05, -0.008970669470727444, 0.0006767489248886704]
  ResConv 2:  [0.0004020748019684106, -0.00024893577210605145, -0.0071563273668289185, 0.00020912116451654583]
  ResConv 3:  [0.00027835043147206306, -0.00098134926520288, -0.00577040109783411, 0.0015567723894491792]
--
--
  ResConv 1:  [0.0005438626976683736, -1.8169404938817024e-05, -0.008970669470727444, 0.0006767489248886704]
  ResConv 2:  [0.0004020748019684106, -0.000248935743002221, -0.007156327832490206, 0.00020912116451654583]
  ResConv 3:  [0.0002783504023682326, -0.00098134926520288, -0.005770401563495398, 0.0015567722730338573]
--
--
  ResConv 1:  [0.0005438626976683736, -1.8169415852753446e-05, -0.008970669470727444, 0.0006767488084733486]
  ResConv 2:  [0.0004020748019684106, -0.000248935743002221, -0.007156327832490206, 0.00020912113541271538]
  ResConv 3:  [0.0002783504023682326, -0.00098134926520288, -0.00577040109783411, 0.0015567722730338573]
--
--
  ResConv 1:  [0.0005438626976683736, -1.8169419490732253e-05, -0.008970669470727444, 0.0006767489248886704]
  ResConv 2:  [0.0004020748019684106, -0.00024893577210605145, -0.0071563273668289185, 0.0002091211936203763]
  ResConv 3:  [0.0002783504023682326, -0.00098134926520288, -0.00577040109783411, 0.0015567722730338573]
--
--
  ResConv 1:  [0.00041902315570041537, 3.5962493711849675e-05, -0.010167299769818783, 0.0006631556898355484]
  ResConv 2:  [0.0002859604137483984, -0.00022915170120541006, -0.008108533918857574, 0.00013001239858567715]
  ResConv 3:  [0.00015462972805835307, -0.0010779831791296601, -0.006528440397232771, 0.0016886380035430193]
--
--
  ResConv 1:  [0.00041902315570041537, 3.596251190174371e-05, -0.010167300701141357, 0.0006631556898355484]
  ResConv 2:  [0.0002859604137483984, -0.00022915170120541006, -0.008108533918857574, 0.00013001239858567715]
  ResConv 3:  [0.0001546296989545226, -0.0010779831791296601, -0.006528440397232771, 0.0016886380035430193]
--
--
  ResConv 1:  [0.00041902315570041537, 3.596249734982848e-05, -0.010167300701141357, 0.0006631556898355484]
  ResConv 2:  [0.0002859604137483984, -0.0002291517157573253, -0.008108533918857574, 0.00013001239858567715]
  ResConv 3:  [0.0001546296989545226, -0.0010779831791296601, -0.006528440397232771, 0.0016886378871276975]
--
--
  ResConv 1:  [0.000419023068388924, 3.596251553972252e-05, -0.010167300701141357, 0.0006631556898355484]
  ResConv 2:  [0.0002859603555407375, -0.00022915168665349483, -0.008108534850180149, 0.00013001239858567715]
  ResConv 3:  [0.00015462966985069215, -0.0010779831791296601, -0.006528440397232771, 0.0016886378871276975]
--
--
  ResConv 1:  [0.00041902315570041537, 3.596250098780729e-05, -0.010167300701141357, 0.0006631556898355484]
  ResConv 2:  [0.0002859604137483984, -0.0002291517157573253, -0.008108534850180149, 0.00013001241313759238]
  ResConv 3:  [0.0001546296989545226, -0.0010779831791296601, -0.006528440397232771, 0.0016886380035430193]
--
--> New best solution for Validation dataset achieved at 3 / 2000: 0.06274532619863749 (9.310863% better)
--
  ResConv 1:  [0.0003303965786471963, 4.339154838817194e-05, -0.0067348056472837925, 0.00019921724742744118]
  ResConv 2:  [0.00022627190628554672, -0.00012548649101518095, -0.00539260171353817, -0.00013066308747511357]
  ResConv 3:  [0.000150621184729971, -0.0006759879179298878, -0.004348210524767637, 0.0008972317446023226]
--
--
  ResConv 1:  [0.0004185261786915362, 3.191723226336762e-05, -0.008308648131787777, 0.0004063595843035728]
  ResConv 2:  [0.0003035049303434789, -0.0001894863962661475, -0.006620278116315603, -1.786384564184118e-05]
  ResConv 3:  [0.00020626021432690322, -0.0008991161012090743, -0.005304534453898668, 0.001275853835977614]
--
--
  ResConv 1:  [0.0004762398893944919, 3.4542947105364874e-05, -0.008504856377840042, 0.0002929438487626612]
  ResConv 2:  [0.00035517843207344413, -0.00019871810218319297, -0.00677677383646369, -0.0001419216423528269]
  ResConv 3:  [0.00025663417181931436, -0.000931853661313653, -0.005437253043055534, 0.0011796598555520177]
--
--
  ResConv 1:  [0.0004368186055216938, 1.5616380551364273e-05, -0.008479070849716663, 0.00042941616266034544]
  ResConv 2:  [0.0003362214774824679, -0.00023309545940719545, -0.0067285532131791115, 2.957432343464461e-06]
  ResConv 3:  [0.00024183548521250486, -0.0009844513842836022, -0.0053828139789402485, 0.0013174749910831451]
--
--
  ResConv 1:  [0.000378655968233943, 2.8866752472822554e-05, -0.00721662025898695, 0.000391471287002787]
  ResConv 2:  [0.0002765723620541394, -0.00019199366215616465, -0.005708055105060339, 1.1600300240388606e-05]
  ResConv 3:  [0.0001832352572819218, -0.0008486550650559366, -0.0045490749180316925, 0.0011454276973381639]
--
--
  ResConv 1:  [0.0005638983566313982, 1.077280830941163e-05, -0.007489480543881655, 0.0003900006413459778]
  ResConv 2:  [0.00043405647738836706, -0.0002238074375782162, -0.005924040451645851, 2.9791704037052114e-06]
  ResConv 3:  [0.0003331243642605841, -0.0009114935528486967, -0.004721395671367645, 0.001181803410872817]
--
--
  ResConv 1:  [0.000479425914818421, 1.2883673662145156e-05, -0.006329865660518408, 0.00018719802028499544]
  ResConv 2:  [0.00034853321267291903, -0.0001931257575051859, -0.005005506798624992, -0.00013522437075152993]
  ResConv 3:  [0.0002546792384237051, -0.0007871206034906209, -0.0039777555502951145, 0.0008768746047280729]
--
--
  ResConv 1:  [0.00046681598178111017, 2.3441636585630476e-05, -0.007240552920848131, 0.0003845991159323603]
  ResConv 2:  [0.0003189523995388299, -0.00022374863328877836, -0.005699175875633955, -2.45955249056351e-07]
  ResConv 3:  [0.0002067905297735706, -0.0009241437073796988, -0.004506912548094988, 0.0011662296019494534]
--
--
  ResConv 1:  [0.000588896800763905, -4.9567839596420527e-05, -0.009792190976440907, 0.0006171754794195294]
  ResConv 2:  [0.00041337418952025473, -0.0003988347016274929, -0.007691609673202038, 7.053215813357383e-05]
  ResConv 3:  [0.00026635415269993246, -0.0013743746094405651, -0.006073217373341322, 0.001658332534134388]
--
--
  ResConv 1:  [0.0004981067613698542, -1.3251083146315068e-05, -0.0077126845717430115, 0.00044719644938595593]
  ResConv 2:  [0.00034866848727688193, -0.00030675524612888694, -0.006040353327989578, 3.40090409736149e-05]
  ResConv 3:  [0.00023332594719249755, -0.0010849562240764499, -0.00476224347949028, 0.0012821522541344166]
--
--
  ResConv 1:  [0.0006686532869935036, -1.000019346975023e-05, -0.008638889528810978, 0.00046687302528880537]
  ResConv 2:  [0.00047972254105843604, -0.00034614515607245266, -0.006761948112398386, -1.426542439730838e-05]
  ResConv 3:  [0.00033560735755600035, -0.0012491102097555995, -0.00530574657022953, 0.0014200761215761304]
--
--
  ResConv 1:  [0.000349361274857074, 5.463167326524854e-05, -0.007220244035124779, 0.00021770318562630564]
  ResConv 2:  [0.0002316563477506861, -0.00023594887170474976, -0.005649356637150049, -0.00017000094521790743]
  ResConv 3:  [0.00014634097169619054, -0.000998321338556707, -0.004431353881955147, 0.0010310184443369508]
--
--
  ResConv 1:  [0.0004231895145494491, 5.001140380045399e-05, -0.008306706324219704, 0.0006145387887954712]
  ResConv 2:  [0.0002750378043856472, -0.00030469123157672584, -0.006460811942815781, 0.00012827607861254364]
  ResConv 3:  [0.00014072307385504246, -0.001210248563438654, -0.005051374901086092, 0.0015171172562986612]
--
--
  ResConv 1:  [0.00048489379696547985, 4.200105104246177e-05, -0.00937987957149744, 0.0003425795293878764]
  ResConv 2:  [0.0003418122068978846, -0.00036522941081784666, -0.007311156950891018, -0.00018701697990763932]
  ResConv 3:  [0.00022591797460336238, -0.001413846854120493, -0.005697456654161215, 0.0014182727318257093]
--
--
  ResConv 1:  [0.00035498832585290074, 1.5096980860107578e-05, -0.006998634431511164, 0.00032504298724234104]
  ResConv 2:  [0.00024276679323520511, -0.000298970757285133, -0.005437768530100584, -7.529067079303786e-05]
  ResConv 3:  [0.00014554690278600901, -0.001090061035938561, -0.004223979078233242, 0.0011245629284530878]
--
--
  ResConv 1:  [0.0004575439670588821, 1.0987583664245903e-05, -0.00957521889358759, 0.0007058529299683869]
  ResConv 2:  [0.00030216810409910977, -0.0004442895296961069, -0.007416033651679754, 0.00012952435645274818]
  ResConv 3:  [0.00015714290202595294, -0.0015515537234023213, -0.005759671796113253, 0.0017641999293118715]
--
--
  ResConv 1:  [0.0004826944787055254, 1.928401252371259e-05, -0.008920799940824509, 0.0006350908079184592]
  ResConv 2:  [0.0003246955166105181, -0.0004210321931168437, -0.006891770288348198, 8.525077282683924e-05]
  ResConv 3:  [0.00018406884919386357, -0.0014693578705191612, -0.005339716095477343, 0.0016254800138995051]
--
--
  ResConv 1:  [0.00043314628419466317, 1.668779441388324e-05, -0.007622864097356796, 0.00039789671427570283]
  ResConv 2:  [0.00028966093668714166, -0.00036425667349249125, -0.0058941771276295185, -5.6868109822971746e-05]
  ResConv 3:  [0.00017626408953219652, -0.0012694300385192037, -0.004561023321002722, 0.0012673094170168042]
--
--
  ResConv 1:  [0.0004270447534509003, 9.64003902481636e-06, -0.007636373396962881, 0.0002741827047429979]
  ResConv 2:  [0.00028329805354587734, -0.00038571038749068975, -0.005896528251469135, -0.00017635191034059972]
  ResConv 3:  [0.0001739880390232429, -0.001318079885095358, -0.004542682319879532, 0.0011868373258039355]
--
--
  ResConv 1:  [0.00042337592458352447, 3.1613486498827115e-05, -0.00787819642573595, 0.00030541722662746906]
  ResConv 2:  [0.00028952982393093407, -0.00039005468715913594, -0.006067728623747826, -0.00017192072118632495]
  ResConv 3:  [0.00018341375107411295, -0.0013723652809858322, -0.004662188235670328, 0.001249660737812519]
--
--
  ResConv 1:  [0.0005179758300073445, 2.373880306549836e-05, -0.009105047211050987, 0.0006863366579636931]
  ResConv 2:  [0.0003508398949634284, -0.0004932840820401907, -0.006975196767598391, 0.00010410410322947428]
  ResConv 3:  [0.00020554725779220462, -0.0016532790614292026, -0.00535173062235117, 0.001734982244670391]
--
--
  ResConv 1:  [0.0006600320339202881, 3.457773709669709e-05, -0.008403422310948372, 0.0005359961651265621]
  ResConv 2:  [0.0004613565106410533, -0.00045734940795227885, -0.006425575353205204, -9.703477189759724e-06]
  ResConv 3:  [0.00031762750586494803, -0.0015429506311193109, -0.0049148970283567905, 0.0015165568329393864]
--
--
  ResConv 1:  [0.00036942955921404064, 2.1194369764998555e-05, -0.006624856498092413, 0.0003792590869124979]
  ResConv 2:  [0.0002412409958196804, -0.00038301703170873225, -0.005064025986939669, -2.8813990866183303e-05]
  ResConv 3:  [0.00014541702694259584, -0.0012378753162920475, -0.0038837960455566645, 0.0011637997813522816]
--
--
  ResConv 1:  [0.0004509509017225355, 2.1467440092237666e-06, -0.008185545913875103, 0.0005007254076190293]
  ResConv 2:  [0.00028734616353176534, -0.0005075293011032045, -0.006246456876397133, -2.2709367840434425e-05]
  ResConv 3:  [0.00015185601660050452, -0.0016076589236035943, -0.004755158443003893, 0.0015094038099050522]
--
--
  ResConv 1:  [0.0004875317681580782, -8.753936526773032e-06, -0.009164417162537575, 0.000548331649042666]
  ResConv 2:  [0.00030807306757196784, -0.0006028692587278783, -0.0069812387228012085, -5.056818190496415e-05]
  ResConv 3:  [0.00015495801926590502, -0.001854863134212792, -0.00531030772253871, 0.001675885752774775]
--
--
  ResConv 1:  [0.00040334410732612014, 2.7042775400332175e-05, -0.008569632656872272, 0.00027802769909612834]
  ResConv 2:  [0.00024931904044933617, -0.0005351764848455787, -0.00654283631592989, -0.0002571935474406928]
  ResConv 3:  [0.00012696730846073478, -0.0017281672917306423, -0.004963233135640621, 0.001395507948473096]
--
--
  ResConv 1:  [0.0004935567267239094, 2.126849358319305e-05, -0.00934426486492157, 0.0008810202707536519]
  ResConv 2:  [0.00029770383844152093, -0.0006380061386153102, -0.007069556973874569, 0.00022994358732830733]
  ResConv 3:  [0.00012762792175635695, -0.001971592428162694, -0.005343222990632057, 0.0020221699960529804]
--
--
  ResConv 1:  [0.0004848579701501876, 1.8206270397058688e-05, -0.0077592781744897366, 0.000215679727261886]
  ResConv 2:  [0.00030303042149171233, -0.0005238631274551153, -0.005906027741730213, -0.0002669956302270293]
  ResConv 3:  [0.00018289453873876482, -0.0016255085356533527, -0.004475915804505348, 0.0012409085175022483]
--
--
  ResConv 1:  [0.00046619639033451676, 3.8498605135828257e-05, -0.008848391473293304, 0.0005005428101867437]
  ResConv 2:  [0.0003082962066400796, -0.000617099751252681, -0.006690040696412325, -9.123657218879089e-05]
  ResConv 3:  [0.0001704413880361244, -0.001912444713525474, -0.005051243584603071, 0.0016457182355225086]
--
--
  ResConv 1:  [0.000588356691878289, 4.7307101340265945e-05, -0.008228309452533722, 0.0007274175295606256]
  ResConv 2:  [0.0003803230356425047, -0.0005888892919756472, -0.006195910274982452, 0.0001555984781589359]
  ResConv 3:  [0.0002224800846306607, -0.0018074634717777371, -0.004669968970119953, 0.0017676990246400237]
--
--
  ResConv 1:  [0.0006547222728841007, -1.5720579540356994e-05, -0.00990229845046997, 0.0009502851753495634]
  ResConv 2:  [0.00041828033863566816, -0.0008027923759073019, -0.007441602181643248, 0.00024545821361243725]
  ResConv 3:  [0.00022037114831618965, -0.0023144464939832687, -0.005583242978900671, 0.0022339820861816406]
--
--
  ResConv 1:  [0.0005222100298851728, -3.098491652053781e-05, -0.009136862121522427, 0.0008562181028537452]
  ResConv 2:  [0.00031308899633586407, -0.0007756110862828791, -0.006864720024168491, 0.00021162742632441223]
  ResConv 3:  [0.00013857324665877968, -0.002187656471505761, -0.005136315710842609, 0.002062695799395442]
--
--
  ResConv 1:  [0.0005074335495010018, 4.214420641801553e-06, -0.008822880685329437, 0.0005452731274999678]
  ResConv 2:  [0.00031029540696181357, -0.0007326271734200418, -0.0066362530924379826, -4.2974828829756007e-05]
  ResConv 3:  [0.00016080848581623286, -0.00212160125374794, -0.004953131545335054, 0.0017934100469574332]
--
--
  ResConv 1:  [0.0004331220989115536, 2.771639992715791e-05, -0.008289664052426815, 0.0005672602565027773]
  ResConv 2:  [0.0002676344884093851, -0.0006889484357088804, -0.006202676333487034, 9.738624612509739e-06]
  ResConv 3:  [0.00012444003368727863, -0.0020274128764867783, -0.0046090935356915, 0.0017672412795946002]
--
--
  ResConv 1:  [0.00031907143420539796, 2.5000603272928856e-05, -0.006826299242675304, 0.000245375995291397]
  ResConv 2:  [0.0001910139253595844, -0.0005740115884691477, -0.005120479967445135, -0.00018535486015025526]
  ResConv 3:  [0.00010454709263285622, -0.0016737005207687616, -0.003805776359513402, 0.0012640635250136256]
--
--
  ResConv 1:  [0.00045712990686297417, 8.859710760589223e-06, -0.009382849559187889, 0.0006611483404412866]
  ResConv 2:  [0.0002500808914192021, -0.0008499812101945281, -0.007007518317550421, 2.074288022413384e-05]
  ResConv 3:  [8.662313484819606e-05, -0.002415880560874939, -0.005180784501135349, 0.002057309728115797]
--
--
  ResConv 1:  [0.00046060411841608584, 3.2569576433161274e-05, -0.010053816251456738, 0.0009501018212176859]
  ResConv 2:  [0.000246958079515025, -0.0009424310992471874, -0.007467659655958414, 0.0002649586240295321]
  ResConv 3:  [5.322890865500085e-05, -0.0026281257160007954, -0.0055432445369660854, 0.0024039146956056356]
--
--
  ResConv 1:  [0.0005409925361163914, 2.5099403501371853e-05, -0.008179007098078728, 0.0003206959809176624]
  ResConv 2:  [0.0003276767092756927, -0.0007597252260893583, -0.006103126332163811, -0.00019371634698472917]
  ResConv 3:  [0.00018452969379723072, -0.0021467276383191347, -0.0045036980882287025, 0.0016120470827445388]
--
--
  ResConv 1:  [0.0005296252202242613, 2.7557438443182036e-05, -0.009924918413162231, 0.0012044708710163832]
  ResConv 2:  [0.0003073077241424471, -0.0009832183131948113, -0.007330859079957008, 0.0004970243899151683]
  ResConv 3:  [0.00011402578820707276, -0.002705567516386509, -0.005400290247052908, 0.002656433032825589]
--
--
  ResConv 1:  [0.0005221817991696298, 2.3850683646742254e-05, -0.00805713701993227, 0.0004609874449670315]
  ResConv 2:  [0.0002975592506118119, -0.0007961936644278467, -0.005989598575979471, -6.318988744169474e-05]
  ResConv 3:  [0.0001387233060086146, -0.002203672891482711, -0.004406448919326067, 0.0017397027695551515]
--
--
  ResConv 1:  [0.0005913681234233081, -3.297892544651404e-05, -0.0115453340113163, 0.0010006390511989594]
  ResConv 2:  [0.0003094505809713155, -0.0012536561116576195, -0.008542357943952084, 0.0002203654876211658]
  ResConv 3:  [8.48384661367163e-05, -0.0033379504457116127, -0.0062556141056120396, 0.002858806401491165]
--
--
  ResConv 1:  [0.0003876312403008342, 1.240207529917825e-05, -0.007810709998011589, 0.0002697821182664484]
  ResConv 2:  [0.0002267647796543315, -0.0008190820226445794, -0.0058016423135995865, -0.00020843259699176997]
  ResConv 3:  [0.00011511924094520509, -0.0022271540947258472, -0.004246637225151062, 0.0015977846924215555]
--
--
  ResConv 1:  [0.0003876311529893428, 1.2402072570694145e-05, -0.007810709998011589, 0.0002697820891626179]
  ResConv 2:  [0.00022676475055050105, -0.0008190820226445794, -0.0058016423135995865, -0.0002084326115436852]
  ResConv 3:  [0.00011511921911733225, -0.0022271540947258472, -0.004246637225151062, 0.0015977846924215555]
--
--
  ResConv 1:  [0.00038763118209317327, 1.2402086213114671e-05, -0.007810709998011589, 0.0002697820891626179]
  ResConv 2:  [0.00022676475055050105, -0.0008190820226445794, -0.0058016423135995865, -0.0002084326115436852]
  ResConv 3:  [0.00011511922639328986, -0.0022271540947258472, -0.004246637225151062, 0.0015977846924215555]
--
--
  ResConv 1:  [0.0003876311529893428, 1.2402082575135864e-05, -0.007810709998011589, 0.00026978206005878747]
  ResConv 2:  [0.00022676475055050105, -0.0008190820226445794, -0.0058016423135995865, -0.00020843265519943088]
  ResConv 3:  [0.00011511923366924748, -0.0022271540947258472, -0.004246637690812349, 0.0015977844595909119]
--
--
  ResConv 1:  [0.0003876311529893428, 1.2402086213114671e-05, -0.007810709998011589, 0.00026978206005878747]
  ResConv 2:  [0.00022676475055050105, -0.0008190820226445794, -0.0058016423135995865, -0.00020843265519943088]
  ResConv 3:  [0.00011511921911733225, -0.0022271540947258472, -0.004246637225151062, 0.0015977844595909119]
--
--
  ResConv 1:  [0.0005246031796559691, 2.2068397811381146e-05, -0.009061709977686405, 0.0011149533092975616]
  ResConv 2:  [0.00030356200295500457, -0.000985491438768804, -0.006667147856205702, 0.00047360447933897376]
  ResConv 3:  [0.0001132893085014075, -0.002634260803461075, -0.004880816675722599, 0.002517426386475563]
--
--
  ResConv 1:  [0.0005246032378636301, 2.2068381440476514e-05, -0.009061709977686405, 0.0011149533092975616]
  ResConv 2:  [0.00030356200295500457, -0.000985491438768804, -0.006667147856205702, 0.00047360447933897376]
  ResConv 3:  [0.00011328931577736512, -0.002634260803461075, -0.004880816675722599, 0.002517426386475563]
--
--
  ResConv 1:  [0.0005246032378636301, 2.2068377802497707e-05, -0.009061709977686405, 0.0011149533092975616]
  ResConv 2:  [0.0003035620611626655, -0.000985491438768804, -0.006667147856205702, 0.0004736044502351433]
  ResConv 3:  [0.00011328931577736512, -0.002634260803461075, -0.004880817607045174, 0.0025174266193062067]
--
--
  ResConv 1:  [0.0005246031796559691, 2.206840508733876e-05, -0.009061709977686405, 0.0011149533092975616]
  ResConv 2:  [0.00030356200295500457, -0.000985491438768804, -0.006667147856205702, 0.0004736044502351433]
  ResConv 3:  [0.00011328931577736512, -0.002634260803461075, -0.004880816675722599, 0.0025174266193062067]
--
--
  ResConv 1:  [0.0005246031796559691, 2.206839417340234e-05, -0.009061709977686405, 0.0011149533092975616]
  ResConv 2:  [0.00030356200295500457, -0.000985491438768804, -0.006667147856205702, 0.0004736044502351433]
  ResConv 3:  [0.0001132893085014075, -0.002634260803461075, -0.004880816675722599, 0.0025174266193062067]
--
--
  ResConv 1:  [0.0004810691170860082, 3.697901047416963e-05, -0.007605568040162325, 0.00037424065521918237]
  ResConv 2:  [0.0002789306454360485, -0.0007790555246174335, -0.005636738613247871, -0.00011210949742235243]
  ResConv 3:  [0.00014389325224328786, -0.002148476429283619, -0.0041245389729738235, 0.0016374839469790459]
--
--
  ResConv 1:  [0.0004810691752936691, 3.697900683619082e-05, -0.007605568505823612, 0.00037424068432301283]
  ResConv 2:  [0.0002789306454360485, -0.0007790556410327554, -0.005636738613247871, -0.00011210949014639482]
  ResConv 3:  [0.00014389325224328786, -0.002148476429283619, -0.0041245389729738235, 0.0016374839469790459]
--
--
  ResConv 1:  [0.0004810691170860082, 3.6979014112148434e-05, -0.007605568505823612, 0.00037424065521918237]
  ResConv 2:  [0.0002789306454360485, -0.0007790556410327554, -0.005636738613247871, -0.00011210949742235243]
  ResConv 3:  [0.00014389325224328786, -0.002148476429283619, -0.0041245389729738235, 0.0016374839469790459]
--
--
  ResConv 1:  [0.0004810691170860082, 3.6978999560233206e-05, -0.007605568040162325, 0.00037424065521918237]
  ResConv 2:  [0.00027893061633221805, -0.0007790556410327554, -0.005636738613247871, -0.00011210951197426766]
  ResConv 3:  [0.00014389323769137263, -0.002148476429283619, -0.0041245389729738235, 0.0016374839469790459]
--
--
  ResConv 1:  [0.0004810691170860082, 3.697901047416963e-05, -0.007605568505823612, 0.00037424065521918237]
  ResConv 2:  [0.00027893061633221805, -0.0007790555246174335, -0.005636738613247871, -0.00011210951197426766]
  ResConv 3:  [0.0001438932231394574, -0.002148476429283619, -0.0041245389729738235, 0.0016374839469790459]
--
--
  ResConv 1:  [0.0003971907135564834, 3.1383369787363335e-05, -0.007712623104453087, 0.0004964978434145451]
  ResConv 2:  [0.000220609872485511, -0.000805961259175092, -0.0057036844082176685, 1.1345650818839204e-05]
  ResConv 3:  [9.198123007081449e-05, -0.0021825707517564297, -0.004187165759503841, 0.0017559209372848272]
--
--
  ResConv 1:  [0.0003971906553488225, 3.138337342534214e-05, -0.007712623104453087, 0.0004964978434145451]
  ResConv 2:  [0.000220609872485511, -0.000805961259175092, -0.0057036844082176685, 1.13456489998498e-05]
  ResConv 3:  [9.198119369102642e-05, -0.0021825707517564297, -0.004187165759503841, 0.0017559209372848272]
--
--
  ResConv 1:  [0.00039719068445265293, 3.138337706332095e-05, -0.007712623104453087, 0.0004964978434145451]
  ResConv 2:  [0.000220609872485511, -0.0008059613173827529, -0.0057036844082176685, 1.1345678103680257e-05]
  ResConv 3:  [9.198121551889926e-05, -0.0021825707517564297, -0.004187165293842554, 0.0017559209372848272]
--
--
  ResConv 1:  [0.0003971907135564834, 3.1383358873426914e-05, -0.0077126226387917995, 0.0004964978434145451]
  ResConv 2:  [0.000220609872485511, -0.000805961259175092, -0.0057036844082176685, 1.1345647180860396e-05]
  ResConv 3:  [9.198123007081449e-05, -0.0021825707517564297, -0.004187165759503841, 0.0017559209372848272]
--
--
  ResConv 1:  [0.00039719068445265293, 3.138335523544811e-05, -0.007712623104453087, 0.0004964977852068841]
  ResConv 2:  [0.000220609872485511, -0.0008059613173827529, -0.0057036844082176685, 1.1345644452376291e-05]
  ResConv 3:  [9.198121551889926e-05, -0.0021825707517564297, -0.004187165759503841, 0.0017559209372848272]
--
--
  ResConv 1:  [0.00046068686060607433, 1.928437086462509e-05, -0.007543845567852259, 0.00021067276247777045]
  ResConv 2:  [0.0002678485761862248, -0.0007878070464357734, -0.0055962493643164635, -0.00024509214563295245]
  ResConv 3:  [0.00014990579802542925, -0.002144480822607875, -0.004095940850675106, 0.001501816906966269]
--
--
  ResConv 1:  [0.00046068686060607433, 1.9284358131699264e-05, -0.007543845567852259, 0.00021067277702968568]
  ResConv 2:  [0.00026784854708239436, -0.0007878070464357734, -0.0055962493643164635, -0.00024509214563295245]
  ResConv 3:  [0.00014990578347351402, -0.002144480822607875, -0.004095940850675106, 0.001501816906966269]
--
--
  ResConv 1:  [0.00046068686060607433, 1.928437086462509e-05, -0.007543845567852259, 0.0002106727915816009]
  ResConv 2:  [0.00026784854708239436, -0.0007878070464357734, -0.0055962493643164635, -0.00024509214563295245]
  ResConv 3:  [0.00014990579802542925, -0.002144480822607875, -0.004095940850675106, 0.001501816906966269]
--
--
  ResConv 1:  [0.00046068686060607433, 1.9284379959572107e-05, -0.007543845567852259, 0.0002106727915816009]
  ResConv 2:  [0.00026784854708239436, -0.0007878070464357734, -0.0055962493643164635, -0.00024509214563295245]
  ResConv 3:  [0.00014990579802542925, -0.002144480822607875, -0.004095940850675106, 0.0015018170233815908]
--
--
  ResConv 1:  [0.00046068686060607433, 1.928438177856151e-05, -0.007543845567852259, 0.0002106727915816009]
  ResConv 2:  [0.00026784854708239436, -0.0007878070464357734, -0.0055962493643164635, -0.00024509214563295245]
  ResConv 3:  [0.0001499057689215988, -0.002144480589777231, -0.004095940850675106, 0.001501816906966269]
--
--
  ResConv 1:  [0.0006575198494829237, -7.083178843458882e-06, -0.010054406709969044, 0.000785798067227006]
  ResConv 2:  [0.000391600449802354, -0.0011028310982510448, -0.0074257696978747845, 0.00013714880333282053]
  ResConv 3:  [0.0001850645203376189, -0.0029155570082366467, -0.005449999589473009, 0.00241722259670496]
--
--
  ResConv 1:  [0.0006575199076905847, -7.083165655785706e-06, -0.010054406709969044, 0.000785798067227006]
  ResConv 2:  [0.000391600449802354, -0.0011028310982510448, -0.0074257696978747845, 0.00013714884698856622]
  ResConv 3:  [0.0001850645203376189, -0.0029155570082366467, -0.005449999589473009, 0.00241722259670496]
--
--
  ResConv 1:  [0.0006575198494829237, -7.083171567501267e-06, -0.010054407641291618, 0.000785798067227006]
  ResConv 2:  [0.000391600449802354, -0.001102830981835723, -0.0074257696978747845, 0.00013714881788473576]
  ResConv 3:  [0.00018506453488953412, -0.0029155570082366467, -0.005449999589473009, 0.00241722259670496]
--
--
  ResConv 1:  [0.0006575199076905847, -7.08316792952246e-06, -0.010054406709969044, 0.000785798067227006]
  ResConv 2:  [0.0003916005080100149, -0.0011028310982510448, -0.0074257696978747845, 0.00013714884698856622]
  ResConv 3:  [0.0001850645203376189, -0.0029155570082366467, -0.005449999589473009, 0.00241722259670496]
--
--
  ResConv 1:  [0.0006575198494829237, -7.083180662448285e-06, -0.010054406709969044, 0.000785798067227006]
  ResConv 2:  [0.0003916005080100149, -0.0011028310982510448, -0.0074257696978747845, 0.000137148832436651]
  ResConv 3:  [0.0001850645203376189, -0.002915556775406003, -0.005449999589473009, 0.00241722259670496]
--
--
  ResConv 1:  [0.0005660706083290279, 3.202360312570818e-05, -0.007973210886120796, 0.0007872420246712863]
  ResConv 2:  [0.00034723355202004313, -0.000845614995341748, -0.00587904779240489, 0.00024989116354845464]
  ResConv 3:  [0.00017812606529332697, -0.0022746168542653322, -0.004318656399846077, 0.0020422472152858973]
--
--
  ResConv 1:  [0.0005660706083290279, 3.2023570383898914e-05, -0.007973210886120796, 0.0007872420828789473]
  ResConv 2:  [0.0003472335811238736, -0.000845614995341748, -0.00587904779240489, 0.0002498911926522851]
  ResConv 3:  [0.0001781260798452422, -0.0022746168542653322, -0.004318656399846077, 0.0020422472152858973]
--
--
  ResConv 1:  [0.0005660706083290279, 3.202358857379295e-05, -0.007973210886120796, 0.0007872420828789473]
  ResConv 2:  [0.00034723355202004313, -0.000845614995341748, -0.005879047326743603, 0.00024989116354845464]
  ResConv 3:  [0.00017812606529332697, -0.0022746168542653322, -0.004318656399846077, 0.0020422472152858973]
--
--
  ResConv 1:  [0.000566070550121367, 3.202358493581414e-05, -0.007973210886120796, 0.0007872420828789473]
  ResConv 2:  [0.0003472335229162127, -0.000845614995341748, -0.00587904779240489, 0.0002498911926522851]
  ResConv 3:  [0.00017812603618949652, -0.0022746168542653322, -0.004318656399846077, 0.0020422472152858973]
--
--
  ResConv 1:  [0.000566070550121367, 3.202358493581414e-05, -0.007973210886120796, 0.0007872420246712863]
  ResConv 2:  [0.0003472335229162127, -0.000845614995341748, -0.005879048723727465, 0.00024989116354845464]
  ResConv 3:  [0.00017812605074141175, -0.0022746168542653322, -0.004318656399846077, 0.0020422469824552536]
--
--
  ResConv 1:  [0.0004578019434120506, 3.446936170803383e-05, -0.008870713412761688, 0.00036011493648402393]
  ResConv 2:  [0.00026383090880699456, -0.0009136138251051307, -0.006587225943803787, -0.00018749869195744395]
  ResConv 3:  [0.00012611060810741037, -0.0025201619137078524, -0.004819133318960667, 0.0018706441624090075]
--
--
  ResConv 1:  [0.00045780191430822015, 3.446936170803383e-05, -0.008870713412761688, 0.00036011493648402393]
  ResConv 2:  [0.00026383090880699456, -0.0009136137668974698, -0.006587225943803787, -0.00018749870650935918]
  ResConv 3:  [0.00012611059355549514, -0.0025201619137078524, -0.004819133318960667, 0.0018706441624090075]
--
--
  ResConv 1:  [0.0004578019434120506, 3.446936170803383e-05, -0.008870713412761688, 0.00036011490738019347]
  ResConv 2:  [0.00026383096701465547, -0.0009136137668974698, -0.0065872254781425, -0.00018749869195744395]
  ResConv 3:  [0.0001261106226593256, -0.0025201619137078524, -0.004819133318960667, 0.0018706441624090075]
--
--
  ResConv 1:  [0.0004578019434120506, 3.446935807005502e-05, -0.008870713412761688, 0.00036011490738019347]
  ResConv 2:  [0.00026383090880699456, -0.0009136137668974698, -0.006587225943803787, -0.0001874987210612744]
  ResConv 3:  [0.00012611059355549514, -0.0025201619137078524, -0.004819133318960667, 0.0018706441624090075]
--
--
  ResConv 1:  [0.00045780191430822015, 3.446936534601264e-05, -0.008870714344084263, 0.00036011490738019347]
  ResConv 2:  [0.00026383090880699456, -0.0009136137668974698, -0.006587225943803787, -0.00018749870650935918]
  ResConv 3:  [0.00012611059355549514, -0.0025201619137078524, -0.004819133318960667, 0.0018706441624090075]
--
--
  ResConv 1:  [0.0005008021253161132, 3.921675306628458e-05, -0.008714026771485806, 0.0006263191462494433]
  ResConv 2:  [0.00027409440372139215, -0.0009030538494698703, -0.00644055288285017, 4.994462142349221e-05]
  ResConv 3:  [0.00010057667532237247, -0.0024924271274358034, -0.0047006127424538136, 0.002074300078675151]
--
--
  ResConv 1:  [0.0005008021253161132, 3.9216763980221e-05, -0.008714026771485806, 0.0006263191462494433]
  ResConv 2:  [0.00027409440372139215, -0.0009030537330545485, -0.00644055288285017, 4.994460323359817e-05]
  ResConv 3:  [0.00010057666077045724, -0.0024924271274358034, -0.004700612276792526, 0.002074300078675151]
--
--
  ResConv 1:  [0.0005008021835237741, 3.921676761819981e-05, -0.008714026771485806, 0.0006263191462494433]
  ResConv 2:  [0.00027409440372139215, -0.0009030537330545485, -0.00644055288285017, 4.9944639613386244e-05]
  ResConv 3:  [0.00010057666077045724, -0.0024924271274358034, -0.004700612276792526, 0.002074300078675151]
--
--
  ResConv 1:  [0.0005008021835237741, 3.921675306628458e-05, -0.008714026771485806, 0.0006263191462494433]
  ResConv 2:  [0.00027409440372139215, -0.0009030537330545485, -0.00644055288285017, 4.9944625061471015e-05]
  ResConv 3:  [0.00010057665349449962, -0.0024924271274358034, -0.0047006127424538136, 0.002074300078675151]
--
--
  ResConv 1:  [0.0005008021835237741, 3.9216738514369354e-05, -0.008714026771485806, 0.0006263191462494433]
  ResConv 2:  [0.0002740944328252226, -0.0009030537330545485, -0.00644055288285017, 4.99446177855134e-05]
  ResConv 3:  [0.00010057668259833008, -0.0024924271274358034, -0.0047006127424538136, 0.002074300078675151]
--
--
  ResConv 1:  [0.00032553516211919487, 5.924101060372777e-06, -0.0065996600314974785, 0.0003930591919925064]
  ResConv 2:  [0.00017948173626791686, -0.0007034136797301471, -0.004882617853581905, -3.151924829580821e-05]
  ResConv 3:  [7.816572178853676e-05, -0.001900169881992042, -0.0035611684434115887, 0.0014905972639098763]
--
--
  ResConv 1:  [0.0003255351912230253, 5.924102879362181e-06, -0.0065996600314974785, 0.0003930591919925064]
  ResConv 2:  [0.0001794817508198321, -0.0007034136797301471, -0.004882617853581905, -3.1519270123681054e-05]
  ResConv 3:  [7.816572178853676e-05, -0.001900169881992042, -0.0035611686762422323, 0.0014905972639098763]
--
--
  ResConv 1:  [0.00032553516211919487, 5.924101060372777e-06, -0.0065996600314974785, 0.0003930591919925064]
  ResConv 2:  [0.0001794817071640864, -0.0007034136797301471, -0.004882618319243193, -3.15192410198506e-05]
  ResConv 3:  [7.816570723662153e-05, -0.001900169881992042, -0.0035611684434115887, 0.0014905972639098763]
--
--
  ResConv 1:  [0.00032553516211919487, 5.924107881583041e-06, -0.0065996600314974785, 0.0003930591919925064]
  ResConv 2:  [0.0001794817071640864, -0.0007034136797301471, -0.004882617853581905, -3.15192410198506e-05]
  ResConv 3:  [7.816570723662153e-05, -0.001900169881992042, -0.0035611684434115887, 0.00149059749674052]
--
--
  ResConv 1:  [0.0003255351912230253, 5.9240924201731104e-06, -0.0065996600314974785, 0.0003930591919925064]
  ResConv 2:  [0.0001794817508198321, -0.0007034136797301471, -0.004882617853581905, -3.1519244657829404e-05]
  ResConv 3:  [7.816572178853676e-05, -0.001900169881992042, -0.0035611684434115887, 0.0014905972639098763]
--
--
  ResConv 1:  [0.0005050129839219153, 5.8751706092152745e-05, -0.008825280703604221, 0.0006067841895855963]
  ResConv 2:  [0.00030065159080550075, -0.000907478854060173, -0.006517273373901844, 3.7556139432126656e-05]
  ResConv 3:  [0.0001402295456500724, -0.0025140205398201942, -0.00476707611232996, 0.0020668029319494963]
--
--
  ResConv 1:  [0.0005050129839219153, 5.8751731558004394e-05, -0.008825280703604221, 0.0006067840731702745]
  ResConv 2:  [0.0003006516199093312, -0.000907478854060173, -0.006517273373901844, 3.755613579414785e-05]
  ResConv 3:  [0.00014022956020198762, -0.0025140205398201942, -0.00476707611232996, 0.0020668029319494963]
--
--
  ResConv 1:  [0.0005050129839219153, 5.875172428204678e-05, -0.008825280703604221, 0.0006067842477932572]
  ResConv 2:  [0.00030065159080550075, -0.000907478854060173, -0.006517273373901844, 3.75561612599995e-05]
  ResConv 3:  [0.0001402295456500724, -0.0025140205398201942, -0.00476707611232996, 0.0020668029319494963]
--
--
  ResConv 1:  [0.0005050129839219153, 5.8751731558004394e-05, -0.008825280703604221, 0.0006067841895855963]
  ResConv 2:  [0.0003006516199093312, -0.000907478854060173, -0.006517273373901844, 3.755615034606308e-05]
  ResConv 3:  [0.00014022956020198762, -0.0025140205398201942, -0.00476707611232996, 0.0020668029319494963]
--
--
  ResConv 1:  [0.0005050129839219153, 5.8751742471940815e-05, -0.008825280703604221, 0.0006067841895855963]
  ResConv 2:  [0.00030065159080550075, -0.000907478854060173, -0.006517273373901844, 3.755615762202069e-05]
  ResConv 3:  [0.0001402295456500724, -0.0025140205398201942, -0.00476707611232996, 0.0020668029319494963]
--
--
  ResConv 1:  [0.0005654519773088396, -9.757591215020511e-06, -0.009426083415746689, 0.0006052657263353467]
  ResConv 2:  [0.000348000496160239, -0.0010395911522209644, -0.006973516196012497, 7.304681730602169e-07]
  ResConv 3:  [0.0001764555781846866, -0.0027499967254698277, -0.005107507575303316, 0.002166548976674676]
--
--
  ResConv 1:  [0.0005654519773088396, -9.757602128956933e-06, -0.009426082484424114, 0.0006052657263353467]
  ResConv 2:  [0.0003480005543678999, -0.0010395911522209644, -0.006973516196012497, 7.304372502403567e-07]
  ResConv 3:  [0.0001764555781846866, -0.0027499967254698277, -0.005107507575303316, 0.002166548976674676]
--
--
  ResConv 1:  [0.0005654520355165005, -9.75761122390395e-06, -0.009426082484424114, 0.0006052657263353467]
  ResConv 2:  [0.0003480005543678999, -0.0010395911522209644, -0.006973516196012497, 7.304615223802102e-07]
  ResConv 3:  [0.00017645562184043229, -0.002749997191131115, -0.005107507575303316, 0.002166548976674676]
--
--
  ResConv 1:  [0.0005654519773088396, -9.757586667547002e-06, -0.009426082484424114, 0.0006052657845430076]
  ResConv 2:  [0.0003480005543678999, -0.0010395910358056426, -0.006973516196012497, 7.304792006834759e-07]
  ResConv 3:  [0.00017645559273660183, -0.002749997191131115, -0.005107507575303316, 0.002166548976674676]
--
--
  ResConv 1:  [0.0005654519773088396, -9.757593943504617e-06, -0.009426082484424114, 0.0006052657263353467]
  ResConv 2:  [0.00034800052526406944, -0.0010395911522209644, -0.006973516196012497, 7.304792006834759e-07]
  ResConv 3:  [0.0001764555781846866, -0.002749997191131115, -0.005107507575303316, 0.002166548976674676]
--
--
  ResConv 1:  [0.00040673508192412555, -3.7617235193465604e-07, -0.007010455708950758, 0.0002814853214658797]
  ResConv 2:  [0.00023831668659113348, -0.0007502599619328976, -0.005204136483371258, -0.0001530669687781483]
  ResConv 3:  [0.00011156209802720696, -0.0020197213161736727, -0.0038032543379813433, 0.0014787939144298434]
--
--
  ResConv 1:  [0.00040673514013178647, -3.761640812172118e-07, -0.007010456174612045, 0.00028148535056971014]
  ResConv 2:  [0.0002383167011430487, -0.0007502599619328976, -0.005204136483371258, -0.00015306695422623307]
  ResConv 3:  [0.00011156212713103741, -0.0020197213161736727, -0.003803254570811987, 0.0014787939144298434]
--
--
  ResConv 1:  [0.00040673508192412555, -3.761643654343061e-07, -0.007010456174612045, 0.0002814852923620492]
  ResConv 2:  [0.0002383167011430487, -0.0007502599619328976, -0.005204136483371258, -0.0001530669687781483]
  ResConv 3:  [0.00011156210530316457, -0.0020197213161736727, -0.003803254570811987, 0.0014787939144298434]
--
--
  ResConv 1:  [0.00040673508192412555, -3.7617360248987097e-07, -0.007010455708950758, 0.00028148535056971014]
  ResConv 2:  [0.00023831668659113348, -0.0007502599619328976, -0.005204136483371258, -0.00015306695422623307]
  ResConv 3:  [0.00011156209802720696, -0.0020197213161736727, -0.003803254570811987, 0.0014787940308451653]
--
--
  ResConv 1:  [0.00040673508192412555, -3.761687707992678e-07, -0.007010455708950758, 0.00028148535056971014]
  ResConv 2:  [0.0002383167011430487, -0.0007502599619328976, -0.005204136483371258, -0.00015306695422623307]
  ResConv 3:  [0.00011156210530316457, -0.0020197213161736727, -0.003803254570811987, 0.0014787940308451653]
--
--
  ResConv 1:  [0.0005652535473927855, 3.773302523768507e-05, -0.008359452709555626, 0.0006648652488365769]
  ResConv 2:  [0.00035653694067150354, -0.0008735632291063666, -0.006169486790895462, 0.00011120998533442616]
  ResConv 3:  [0.00020508523448370397, -0.002378554083406925, -0.004521539434790611, 0.0020085277501493692]
--
--
  ResConv 1:  [0.0005652535473927855, 3.773301432374865e-05, -0.0083594536408782, 0.0006648652488365769]
  ResConv 2:  [0.00035653694067150354, -0.0008735634037293494, -0.006169486790895462, 0.00011120999261038378]
  ResConv 3:  [0.00020508521993178874, -0.0023785538505762815, -0.004521539434790611, 0.0020085277501493692]
--
--
  ResConv 1:  [0.0005652534891851246, 3.773301432374865e-05, -0.0083594536408782, 0.0006648652488365769]
  ResConv 2:  [0.00035653694067150354, -0.0008735634037293494, -0.006169486790895462, 0.00011121000716229901]
  ResConv 3:  [0.00020508521993178874, -0.002378554083406925, -0.004521539434790611, 0.002008527982980013]
--
--
  ResConv 1:  [0.0005652535473927855, 3.7733007047791034e-05, -0.0083594536408782, 0.0006648652488365769]
  ResConv 2:  [0.00035653694067150354, -0.0008735633455216885, -0.006169486790895462, 0.00011120998533442616]
  ResConv 3:  [0.00020508521993178874, -0.002378554083406925, -0.004521539434790611, 0.0020085277501493692]
--
--
  ResConv 1:  [0.0005652535473927855, 3.7733007047791034e-05, -0.0083594536408782, 0.0006648652488365769]
  ResConv 2:  [0.00035653688246384263, -0.0008735633455216885, -0.006169486790895462, 0.00011120996350655332]
  ResConv 3:  [0.00020508520537987351, -0.002378554083406925, -0.004521539434790611, 0.0020085277501493692]
--
--
  ResConv 1:  [0.0005747068207710981, 8.119966514641419e-05, -0.008348549716174603, 0.0006291847093962133]
  ResConv 2:  [0.0003443278546910733, -0.0008288396638818085, -0.006159232463687658, 7.501635263906792e-05]
  ResConv 3:  [0.00017747082165442407, -0.002321141306310892, -0.0045277150347828865, 0.0019593946635723114]
--
--
  ResConv 1:  [0.0005747068207710981, 8.119964331854135e-05, -0.008348549716174603, 0.0006291847676038742]
  ResConv 2:  [0.00034432782558724284, -0.0008288396638818085, -0.006159232463687658, 7.501637446694076e-05]
  ResConv 3:  [0.00017747080710250884, -0.002321141306310892, -0.0045277150347828865, 0.0019593946635723114]
--
--
  ResConv 1:  [0.000574706878978759, 8.11996724223718e-05, -0.008348549716174603, 0.0006291847093962133]
  ResConv 2:  [0.00034432782558724284, -0.0008288396638818085, -0.006159232463687658, 7.501638901885599e-05]
  ResConv 3:  [0.00017747080710250884, -0.002321140840649605, -0.0045277150347828865, 0.0019593946635723114]
--
--
  ResConv 1:  [0.0005747068207710981, 8.119966514641419e-05, -0.008348549716174603, 0.0006291847093962133]
  ResConv 2:  [0.00034432782558724284, -0.0008288396638818085, -0.006159232463687658, 7.50163453631103e-05]
  ResConv 3:  [0.00017747080710250884, -0.002321141306310892, -0.004527715500444174, 0.0019593946635723114]
--
--
  ResConv 1:  [0.0005747068207710981, 8.119966514641419e-05, -0.008348549716174603, 0.0006291847093962133]
  ResConv 2:  [0.00034432782558724284, -0.0008288396638818085, -0.006159233395010233, 7.501636719098315e-05]
  ResConv 3:  [0.00017747079255059361, -0.0023211410734802485, -0.0045277150347828865, 0.0019593944307416677]
--
--
  ResConv 1:  [0.0005589547799900174, -5.056786903878674e-05, -0.01030796766281128, 0.0009675440960563719]
  ResConv 2:  [0.00032251732773147523, -0.0011799491476267576, -0.007600503042340279, 0.00025911052944138646]
  ResConv 3:  [0.00012320367386564612, -0.0030815654899924994, -0.0055333087220788, 0.0026611383073031902]
--
--
  ResConv 1:  [0.0005589548381976783, -5.0567872676765546e-05, -0.010307968594133854, 0.0009675440960563719]
  ResConv 2:  [0.0003225173568353057, -0.0011799490312114358, -0.007600503042340279, 0.00025911052944138646]
  ResConv 3:  [0.00012320368841756135, -0.0030815654899924994, -0.0055333091877400875, 0.002661137841641903]
--
--
  ResConv 1:  [0.0005589548381976783, -5.056786903878674e-05, -0.01030796766281128, 0.0009675440960563719]
  ResConv 2:  [0.00032251732773147523, -0.0011799490312114358, -0.007600503042340279, 0.00025911052944138646]
  ResConv 3:  [0.00012320367386564612, -0.0030815654899924994, -0.0055333087220788, 0.0026611383073031902]
--
--
  ResConv 1:  [0.0005589547799900174, -5.056788359070197e-05, -0.010307968594133854, 0.0009675440960563719]
  ResConv 2:  [0.00032251732773147523, -0.0011799490312114358, -0.007600503042340279, 0.00025911052944138646]
  ResConv 3:  [0.0001232036593137309, -0.0030815654899924994, -0.0055333087220788, 0.0026611383073031902]
--
--
  ResConv 1:  [0.0005589548381976783, -5.056786540080793e-05, -0.010307968594133854, 0.0009675441542640328]
  ResConv 2:  [0.0003225173568353057, -0.0011799491476267576, -0.007600503042340279, 0.0002591105585452169]
  ResConv 3:  [0.00012320370296947658, -0.0030815654899924994, -0.0055333087220788, 0.002661137841641903]
--
--
  ResConv 1:  [0.0005237816367298365, 1.3107470294926316e-05, -0.009100361727178097, 0.0005872634937986732]
  ResConv 2:  [0.000305255816783756, -0.000969716114923358, -0.006731610279530287, 2.893033979489701e-06]
  ResConv 3:  [0.00014635766274295747, -0.0026223903987556696, -0.004919811151921749, 0.002099074190482497]
--
--
  ResConv 1:  [0.0005237816367298365, 1.3107500308251474e-05, -0.009100362658500671, 0.0005872634937986732]
  ResConv 2:  [0.000305255816783756, -0.0009697159985080361, -0.006731610279530287, 2.893026248784736e-06]
  ResConv 3:  [0.00014635764819104224, -0.0026223903987556696, -0.004919811151921749, 0.002099074190482497]
--
--
  ResConv 1:  [0.0005237816367298365, 1.3107478480378632e-05, -0.009100362658500671, 0.0005872634937986732]
  ResConv 2:  [0.000305255816783756, -0.0009697159985080361, -0.006731610279530287, 2.893029432016192e-06]
  ResConv 3:  [0.00014635764819104224, -0.0026223903987556696, -0.004919811151921749, 0.002099074190482497]
--
--
  ResConv 1:  [0.0005237816367298365, 1.3107483937346842e-05, -0.009100362658500671, 0.0005872635520063341]
  ResConv 2:  [0.00030525578767992556, -0.0009697159985080361, -0.006731610279530287, 2.893058081099298e-06]
  ResConv 3:  [0.00014635763363912702, -0.0026223903987556696, -0.004919811151921749, 0.002099074190482497]
--
--
  ResConv 1:  [0.0005237816367298365, 1.3107493941788562e-05, -0.009100361727178097, 0.0005872635520063341]
  ResConv 2:  [0.00030525572947226465, -0.0009697159985080361, -0.006731610279530287, 2.893048304031254e-06]
  ResConv 3:  [0.0001463576190872118, -0.0026223903987556696, -0.004919811151921749, 0.002099074190482497]
--
--
  ResConv 1:  [0.0004456766473595053, 9.48979959503049e-06, -0.0075175100937485695, 0.00025043313507921994]
  ResConv 2:  [0.00024978144210763276, -0.0007879960467107594, -0.005591278895735741, -0.00020859393407590687]
  ResConv 3:  [0.00012238972703926265, -0.0021336376667022705, -0.004097997676581144, 0.0015243440866470337]
--
--
  ResConv 1:  [0.0004456766473595053, 9.489787771599367e-06, -0.0075175100937485695, 0.0002504331059753895]
  ResConv 2:  [0.00024978144210763276, -0.0007879959885030985, -0.005591278895735741, -0.00020859393407590687]
  ResConv 3:  [0.00012238972703926265, -0.0021336376667022705, -0.004097997676581144, 0.0015243442030623555]
--
--
  ResConv 1:  [0.0004456766473595053, 9.489796866546385e-06, -0.0075175100937485695, 0.00025043313507921994]
  ResConv 2:  [0.0002497814130038023, -0.0007879960467107594, -0.005591278895735741, -0.00020859393407590687]
  ResConv 3:  [0.00012238972703926265, -0.0021336376667022705, -0.004097997676581144, 0.0015243442030623555]
--
--
  ResConv 1:  [0.0004456766473595053, 9.489808689977508e-06, -0.0075175100937485695, 0.00025043313507921994]
  ResConv 2:  [0.0002497814130038023, -0.0007879959885030985, -0.005591278895735741, -0.00020859393407590687]
  ResConv 3:  [0.00012238972703926265, -0.0021336376667022705, -0.004097997676581144, 0.0015243442030623555]
--
--
  ResConv 1:  [0.0004456766473595053, 9.489814146945719e-06, -0.0075175100937485695, 0.0002504331641830504]
  ResConv 2:  [0.00024978144210763276, -0.0007879959302954376, -0.005591278895735741, -0.0002085938904201612]
  ResConv 3:  [0.00012238974159117788, -0.0021336376667022705, -0.004097997676581144, 0.0015243442030623555]
--
--
  ResConv 1:  [0.0006286506541073322, 4.041614829475293e-06, -0.009028339758515358, 0.000596999132540077]
  ResConv 2:  [0.00038393534487113357, -0.0009698460926301777, -0.006686273496598005, 1.0335450497223064e-05]
  ResConv 3:  [0.00021292228484526277, -0.002607593545690179, -0.00488769868388772, 0.0020985365845263004]
--
--
  ResConv 1:  [0.0006286505958996713, 4.041618012706749e-06, -0.009028339758515358, 0.000596999132540077]
  ResConv 2:  [0.00038393528666347265, -0.0009698460926301777, -0.006686273496598005, 1.0335451406717766e-05]
  ResConv 3:  [0.00021292227029334754, -0.002607593545690179, -0.00488769868388772, 0.0020985365845263004]
--
--
  ResConv 1:  [0.0006286505958996713, 4.041617557959398e-06, -0.009028339758515358, 0.000596999132540077]
  ResConv 2:  [0.00038393528666347265, -0.0009698460926301777, -0.006686273496598005, 1.0335445040254854e-05]
  ResConv 3:  [0.00021292227029334754, -0.002607593545690179, -0.00488769868388772, 0.0020985365845263004]
--
--
  ResConv 1:  [0.0006286506541073322, 4.04162892664317e-06, -0.009028339758515358, 0.000596999132540077]
  ResConv 2:  [0.00038393528666347265, -0.0009698460926301777, -0.006686273496598005, 1.0335451406717766e-05]
  ResConv 3:  [0.00021292227029334754, -0.002607593545690179, -0.00488769868388772, 0.0020985365845263004]
--
--
  ResConv 1:  [0.0006286505958996713, 4.0416207411908545e-06, -0.009028339758515358, 0.000596999132540077]
  ResConv 2:  [0.00038393528666347265, -0.0009698460926301777, -0.006686273496598005, 1.0335449587728363e-05]
  ResConv 3:  [0.0002129222557414323, -0.002607593545690179, -0.00488769868388772, 0.0020985365845263004]
--
--
  ResConv 1:  [0.00037336122477427125, 4.944288320984924e-06, -0.008128728717565536, 0.0003749329480342567]
  ResConv 2:  [0.0001959891087608412, -0.0008617083076387644, -0.00603250740095973, -0.00013309587666299194]
  ResConv 3:  [6.762704288121313e-05, -0.00233053183183074, -0.004413774702697992, 0.0017501234542578459]
--
--
  ResConv 1:  [0.00037336122477427125, 4.944300599163398e-06, -0.008128728717565536, 0.0003749329480342567]
  ResConv 2:  [0.0001959891087608412, -0.0008617083076387644, -0.00603250740095973, -0.00013309587666299194]
  ResConv 3:  [6.762705015717074e-05, -0.00233053183183074, -0.004413774702697992, 0.0017501234542578459]
--
--
  ResConv 1:  [0.00037336122477427125, 4.944305146636907e-06, -0.008128728717565536, 0.0003749329480342567]
  ResConv 2:  [0.0001959891087608412, -0.0008617083076387644, -0.00603250740095973, -0.0001330958621110767]
  ResConv 3:  [6.762705743312836e-05, -0.00233053183183074, -0.004413774702697992, 0.0017501234542578459]
--
--
  ResConv 1:  [0.0003733612538781017, 4.944298780173995e-06, -0.008128728717565536, 0.0003749329480342567]
  ResConv 2:  [0.00019598915241658688, -0.0008617083076387644, -0.00603250740095973, -0.00013309587666299194]
  ResConv 3:  [6.762707198504359e-05, -0.00233053183183074, -0.004413774702697992, 0.0017501234542578459]
--
--
  ResConv 1:  [0.00037336122477427125, 4.944301053910749e-06, -0.008128728717565536, 0.0003749329480342567]
  ResConv 2:  [0.00019598912331275642, -0.0008617083076387644, -0.00603250740095973, -0.0001330958621110767]
  ResConv 3:  [6.762705743312836e-05, -0.00233053183183074, -0.00441377516835928, 0.0017501234542578459]
--
--
  ResConv 1:  [0.00040915279532782733, 5.518901161849499e-05, -0.007636339869350195, 0.00020876224152743816]
  ResConv 2:  [0.0002384791150689125, -0.0007600820972584188, -0.005667833611369133, -0.0002463716664351523]
  ResConv 3:  [0.0001245868916157633, -0.0021271889563649893, -0.004152015782892704, 0.001514683710411191]
--
--
  ResConv 1:  [0.0004091528244316578, 5.518902253243141e-05, -0.007636339869350195, 0.00020876224152743816]
  ResConv 2:  [0.0002384791150689125, -0.0007600820972584188, -0.005667833145707846, -0.00024637163733132184]
  ResConv 3:  [0.0001245868916157633, -0.0021271887235343456, -0.004152015782892704, 0.001514683710411191]
--
--
  ResConv 1:  [0.0004091528244316578, 5.5189015256473795e-05, -0.007636340335011482, 0.0002087622124236077]
  ResConv 2:  [0.0002384791150689125, -0.0007600820972584188, -0.005667833611369133, -0.0002463716664351523]
  ResConv 3:  [0.0001245868916157633, -0.0021271889563649893, -0.004152015782892704, 0.001514683710411191]
--
--
  ResConv 1:  [0.0004091527662239969, 5.5189026170410216e-05, -0.007636340335011482, 0.0002087622124236077]
  ResConv 2:  [0.0002384791150689125, -0.0007600821554660797, -0.005667833145707846, -0.0002463716664351523]
  ResConv 3:  [0.00012458687706384808, -0.0021271889563649893, -0.004152015782892704, 0.001514683710411191]
--
--
  ResConv 1:  [0.0004091527662239969, 5.5189026170410216e-05, -0.007636340335011482, 0.00020876224152743816]
  ResConv 2:  [0.00023847908596508205, -0.0007600820972584188, -0.005667833145707846, -0.0002463716664351523]
  ResConv 3:  [0.00012458687706384808, -0.0021271889563649893, -0.004152015782892704, 0.001514683710411191]
--
--
  ResConv 1:  [0.00044545825221575797, 3.180478233844042e-05, -0.008120601065456867, 0.00028464742354117334]
  ResConv 2:  [0.00024675839813426137, -0.0008353444281965494, -0.006025685463100672, -0.00021838617976754904]
  ResConv 3:  [0.0001114349506678991, -0.0023081270046532154, -0.004402813967317343, 0.0016741917934268713]
--
--
  ResConv 1:  [0.0004454583104234189, 3.180477870046161e-05, -0.008120601065456867, 0.00028464742354117334]
  ResConv 2:  [0.0002467584272380918, -0.0008353444281965494, -0.006025685463100672, -0.00021838617976754904]
  ResConv 3:  [0.00011143497249577194, -0.0023081270046532154, -0.004402813967317343, 0.0016741917934268713]
--
--
  ResConv 1:  [0.0004454583104234189, 3.180478233844042e-05, -0.008120601065456867, 0.0002846473944373429]
  ResConv 2:  [0.0002467584272380918, -0.0008353444281965494, -0.006025685463100672, -0.0002183862088713795]
  ResConv 3:  [0.00011143497249577194, -0.0023081270046532154, -0.004402813967317343, 0.0016741917934268713]
--
--
  ResConv 1:  [0.00044545825221575797, 3.1804785976419225e-05, -0.008120601065456867, 0.0002846474526450038]
  ResConv 2:  [0.00024675839813426137, -0.0008353443699888885, -0.006025685463100672, -0.0002183861652156338]
  ResConv 3:  [0.00011143493611598387, -0.0023081270046532154, -0.004402813967317343, 0.0016741917934268713]
--
--
  ResConv 1:  [0.00044545825221575797, 3.180479325237684e-05, -0.008120601065456867, 0.0002846473944373429]
  ResConv 2:  [0.00024675839813426137, -0.0008353443699888885, -0.006025685463100672, -0.00021838617976754904]
  ResConv 3:  [0.00011143493611598387, -0.0023081270046532154, -0.004402813967317343, 0.0016741917934268713]
--
--
  ResConv 1:  [0.00046999944606795907, -4.102846287423745e-05, -0.00811946950852871, 0.0003233213792555034]
  ResConv 2:  [0.0003062069299630821, -0.0009010728681460023, -0.0060349274426698685, -0.00017998076509684324]
  ResConv 3:  [0.0001959657674888149, -0.002348356181755662, -0.004426824860274792, 0.0016813752008602023]
--
--
  ResConv 1:  [0.00046999944606795907, -4.1028455598279834e-05, -0.00811946950852871, 0.0003233213792555034]
  ResConv 2:  [0.0003062069299630821, -0.0009010728099383414, -0.0060349274426698685, -0.00017998073599301279]
  ResConv 3:  [0.0001959657674888149, -0.002348356181755662, -0.004426824860274792, 0.0016813752008602023]
--
--
  ResConv 1:  [0.00046999950427562, -4.1028466512216255e-05, -0.00811946950852871, 0.00032332129194401205]
  ResConv 2:  [0.0003062069299630821, -0.0009010728681460023, -0.0060349274426698685, -0.00017998076509684324]
  ResConv 3:  [0.0001959657674888149, -0.002348356181755662, -0.004426824860274792, 0.0016813752008602023]
--
--
  ResConv 1:  [0.0004699994751717895, -4.102846287423745e-05, -0.00811946950852871, 0.0003233213792555034]
  ResConv 2:  [0.0003062069299630821, -0.0009010728681460023, -0.0060349274426698685, -0.00017998073599301279]
  ResConv 3:  [0.0001959657674888149, -0.0023483564145863056, -0.004426824860274792, 0.0016813752008602023]
--
--
  ResConv 1:  [0.0004699994751717895, -4.102846287423745e-05, -0.00811946950852871, 0.0003233213792555034]
  ResConv 2:  [0.0003062069299630821, -0.0009010728099383414, -0.0060349274426698685, -0.00017998075054492801]
  ResConv 3:  [0.0001959657674888149, -0.002348356181755662, -0.004426824860274792, 0.0016813752008602023]
--
--
  ResConv 1:  [0.0004686341853812337, -3.142551577184349e-05, -0.008602024987339973, 0.0002713036956265569]
  ResConv 2:  [0.0002583058667369187, -0.0009505631751380861, -0.006383583415299654, -0.00025310562341473997]
  ResConv 3:  [0.00011385442485334352, -0.002504708245396614, -0.004674883559346199, 0.0017434008186683059]
--
--
  ResConv 1:  [0.0004686341853812337, -3.142553396173753e-05, -0.008602024987339973, 0.00027130372473038733]
  ResConv 2:  [0.0002583058667369187, -0.0009505631751380861, -0.006383583415299654, -0.00025310562341473997]
  ResConv 3:  [0.00011385443212930113, -0.002504708245396614, -0.004674883559346199, 0.0017434008186683059]
--
--
  ResConv 1:  [0.0004686341271735728, -3.142552304780111e-05, -0.008602024987339973, 0.0002713036956265569]
  ResConv 2:  [0.00025830583763308823, -0.0009505631751380861, -0.006383583415299654, -0.0002531056525185704]
  ResConv 3:  [0.00011385440302547067, -0.002504708245396614, -0.004674883559346199, 0.0017434008186683059]
--
--
  ResConv 1:  [0.0004686341271735728, -3.142552304780111e-05, -0.008602024987339973, 0.00027130372473038733]
  ResConv 2:  [0.00025830583763308823, -0.0009505631751380861, -0.006383583415299654, -0.00025310562341473997]
  ResConv 3:  [0.00011385439574951306, -0.002504708245396614, -0.004674883559346199, 0.0017434008186683059]
--
--
  ResConv 1:  [0.0004686341271735728, -3.142553396173753e-05, -0.008602024987339973, 0.0002713036956265569]
  ResConv 2:  [0.00025830583763308823, -0.0009505631751380861, -0.006383583415299654, -0.0002531056525185704]
  ResConv 3:  [0.00011385440302547067, -0.002504708245396614, -0.004674883559346199, 0.0017434008186683059]
--
--
  ResConv 1:  [0.00046320719411596656, 1.2172343303973321e-05, -0.007727350573986769, 0.0003753466298803687]
  ResConv 2:  [0.00025992104201577604, -0.0008176495903171599, -0.005722434725612402, -0.00010290164209436625]
  ResConv 3:  [0.00011841995728900656, -0.0022097257897257805, -0.004189008381217718, 0.0016810110537335277]
--
--
  ResConv 1:  [0.00046320719411596656, 1.217234785144683e-05, -0.007727350573986769, 0.0003753466298803687]
  ResConv 2:  [0.0002599210129119456, -0.0008176497067324817, -0.005722434725612402, -0.00010290163481840864]
  ResConv 3:  [0.00011841993546113372, -0.002209725556895137, -0.004189008381217718, 0.0016810110537335277]
--
--
  ResConv 1:  [0.00046320719411596656, 1.217235330841504e-05, -0.007727350108325481, 0.0003753466298803687]
  ResConv 2:  [0.0002599209838081151, -0.0008176495903171599, -0.005722434725612402, -0.0001029016129905358]
  ResConv 3:  [0.00011841993546113372, -0.002209725556895137, -0.004189008381217718, 0.0016810110537335277]
--
--
  ResConv 1:  [0.00046320719411596656, 1.2172344213468023e-05, -0.007727350108325481, 0.0003753466298803687]
  ResConv 2:  [0.00025992104201577604, -0.0008176495903171599, -0.005722434725612402, -0.00010290163481840864]
  ResConv 3:  [0.00011841994273709133, -0.0022097257897257805, -0.004189008381217718, 0.0016810110537335277]
--
--
  ResConv 1:  [0.000463207223219797, 1.2172341484983917e-05, -0.007727350573986769, 0.0003753466298803687]
  ResConv 2:  [0.0002599210129119456, -0.0008176495903171599, -0.005722434725612402, -0.0001029016129905358]
  ResConv 3:  [0.00011841994273709133, -0.0022097257897257805, -0.004189008381217718, 0.0016810110537335277]
--
--
  ResConv 1:  [0.0005950535414740443, 3.266852945671417e-05, -0.008893374353647232, 0.0005298617179505527]
  ResConv 2:  [0.00037339117261581123, -0.0009249797440133989, -0.006579210516065359, -1.9463783246465027e-05]
  ResConv 3:  [0.00021438188559841365, -0.002514907857403159, -0.004836357198655605, 0.001990320160984993]
--
--
  ResConv 1:  [0.0005950535996817052, 3.2668544008629397e-05, -0.008893375284969807, 0.0005298617761582136]
  ResConv 2:  [0.0003733912017196417, -0.0009249796275980771, -0.006579210516065359, -1.946376323758159e-05]
  ResConv 3:  [0.00021438188559841365, -0.002514907391741872, -0.004836357664316893, 0.001990320160984993]
--
--
  ResConv 1:  [0.0005950535996817052, 3.2668522180756554e-05, -0.008893374353647232, 0.0005298617761582136]
  ResConv 2:  [0.0003733912017196417, -0.0009249797440133989, -0.006579210516065359, -1.946374868566636e-05]
  ResConv 3:  [0.00021438190015032887, -0.002514907391741872, -0.004836357198655605, 0.001990320160984993]
--
--
  ResConv 1:  [0.0005950535414740443, 3.2668544008629397e-05, -0.008893374353647232, 0.0005298617761582136]
  ResConv 2:  [0.0003733912017196417, -0.0009249796275980771, -0.006579210981726646, -1.9463770513539203e-05]
  ResConv 3:  [0.00021438188559841365, -0.002514907857403159, -0.004836357198655605, 0.001990320160984993]
--
--
  ResConv 1:  [0.0005950535414740443, 3.266852945671417e-05, -0.008893374353647232, 0.0005298617761582136]
  ResConv 2:  [0.00037339117261581123, -0.0009249796275980771, -0.006579210981726646, -1.9463752323645167e-05]
  ResConv 3:  [0.00021438187104649842, -0.002514907857403159, -0.004836357198655605, 0.001990320160984993]
--
--
  ResConv 1:  [0.0005385363474488258, -5.1796755542454775e-06, -0.007827292196452618, 0.0003829405177384615]
  ResConv 2:  [0.00030421093106269836, -0.0008462060941383243, -0.005804486107081175, -0.00010824579658219591]
  ResConv 3:  [0.00014731870032846928, -0.0022589419968426228, -0.004250377416610718, 0.0016983103705570102]
--
--
  ResConv 1:  [0.0005385364056564867, -5.179670097277267e-06, -0.007827292196452618, 0.00038294048863463104]
  ResConv 2:  [0.00030421101837418973, -0.0008462060359306633, -0.005804486107081175, -0.00010824579658219591]
  ResConv 3:  [0.00014731872943229973, -0.0022589419968426228, -0.004250377416610718, 0.0016983102541416883]
--
--
  ResConv 1:  [0.0005385363474488258, -5.179688741918653e-06, -0.007827292196452618, 0.0003829405759461224]
  ResConv 2:  [0.00030421101837418973, -0.0008462060941383243, -0.005804486107081175, -0.00010824577475432307]
  ResConv 3:  [0.0001473187148803845, -0.0022589419968426228, -0.004250377416610718, 0.0016983103705570102]
--
--
  ResConv 1:  [0.0005385363474488258, -5.179670097277267e-06, -0.007827292196452618, 0.0003829405759461224]
  ResConv 2:  [0.0003042109601665288, -0.0008462060941383243, -0.005804486107081175, -0.00010824576020240784]
  ResConv 3:  [0.0001473187148803845, -0.0022589419968426228, -0.004250377416610718, 0.0016983102541416883]
--
--
  ResConv 1:  [0.0005385364056564867, -5.179666914045811e-06, -0.007827292196452618, 0.0003829405759461224]
  ResConv 2:  [0.00030421101837418973, -0.0008462060941383243, -0.005804486107081175, -0.00010824577475432307]
  ResConv 3:  [0.00014731872943229973, -0.0022589419968426228, -0.004250377416610718, 0.0016983102541416883]
--
--
  ResConv 1:  [0.00049782037967816, -1.4934606042515952e-05, -0.008317233063280582, 0.0006711914320476353]
  ResConv 2:  [0.0003007794148288667, -0.0009206671384163201, -0.006153611000627279, 0.00011778511543525383]
  ResConv 3:  [0.00014239479787647724, -0.0024260717909783125, -0.004503499250859022, 0.002022671978920698]
--
--
  ResConv 1:  [0.000497820321470499, -1.4934603314031847e-05, -0.008317233063280582, 0.0006711914320476353]
  ResConv 2:  [0.00030077938572503626, -0.0009206671384163201, -0.006153611000627279, 0.00011778512271121144]
  ResConv 3:  [0.00014239479787647724, -0.002426072023808956, -0.004503499250859022, 0.002022671978920698]
--
--
  ResConv 1:  [0.000497820321470499, -1.4934608771000057e-05, -0.008317233063280582, 0.0006711914320476353]
  ResConv 2:  [0.0003007794148288667, -0.0009206671384163201, -0.006153611000627279, 0.00011778514453908429]
  ResConv 3:  [0.00014239479787647724, -0.002426072023808956, -0.004503499250859022, 0.002022671978920698]
--
--
  ResConv 1:  [0.000497820321470499, -1.4934594219084829e-05, -0.008317233063280582, 0.0006711914320476353]
  ResConv 2:  [0.00030077938572503626, -0.0009206671384163201, -0.006153611000627279, 0.00011778511543525383]
  ResConv 3:  [0.000142394783324562, -0.0024260717909783125, -0.004503499250859022, 0.0020226717460900545]
--
--
  ResConv 1:  [0.000497820321470499, -1.4934596947568934e-05, -0.008317233063280582, 0.0006711914320476353]
  ResConv 2:  [0.0003007794148288667, -0.0009206671384163201, -0.006153611000627279, 0.00011778514453908429]
  ResConv 3:  [0.000142394783324562, -0.002426072023808956, -0.004503499250859022, 0.002022671978920698]
--
--
  ResConv 1:  [0.00036399660166352987, 2.758491064014379e-05, -0.008532564155757427, 0.0004351855895947665]
  ResConv 2:  [0.00019430837710388005, -0.0008935962105169892, -0.006318795494735241, -0.00010619848762871698]
  ResConv 3:  [6.0519614635268226e-05, -0.002449314808472991, -0.004614232107996941, 0.001877667848020792]
--
--
  ResConv 1:  [0.00036399660166352987, 2.7584903364186175e-05, -0.008532564155757427, 0.0004351856478024274]
  ResConv 2:  [0.00019430837710388005, -0.0008935962105169892, -0.006318795494735241, -0.00010619848762871698]
  ResConv 3:  [6.051961099728942e-05, -0.002449314808472991, -0.004614232107996941, 0.001877667848020792]
--
--
  ResConv 1:  [0.00036399660166352987, 2.7584897907217965e-05, -0.008532564155757427, 0.0004351855895947665]
  ResConv 2:  [0.00019430842075962573, -0.0008935962105169892, -0.006318795494735241, -0.0001061985021806322]
  ResConv 3:  [6.051963282516226e-05, -0.002449314808472991, -0.004614232107996941, 0.0018776679644361138]
--
--
  ResConv 1:  [0.00036399660166352987, 2.758490518317558e-05, -0.008532564155757427, 0.0004351855895947665]
  ResConv 2:  [0.00019430837710388005, -0.0008935962105169892, -0.006318795494735241, -0.00010619848762871698]
  ResConv 3:  [6.0519614635268226e-05, -0.002449314808472991, -0.004614232107996941, 0.001877667848020792]
--
--
  ResConv 1:  [0.00036399660166352987, 2.7584912459133193e-05, -0.008532564155757427, 0.0004351855895947665]
  ResConv 2:  [0.00019430837710388005, -0.0008935962105169892, -0.006318795494735241, -0.00010619847307680175]
  ResConv 3:  [6.051960735931061e-05, -0.002449314808472991, -0.004614232107996941, 0.0018776679644361138]
--
--
  ResConv 1:  [0.00031281335395760834, 5.718356624129228e-05, -0.008016914129257202, 0.000458842288935557]
  ResConv 2:  [0.00013865352957509458, -0.000816540967207402, -0.005919718649238348, -4.434713628143072e-05]
  ResConv 3:  [9.839181558390919e-08, -0.0022701278794556856, -0.004334704484790564, 0.0018000956624746323]
--
--
  ResConv 1:  [0.0003128133248537779, 5.7183577155228704e-05, -0.008016914129257202, 0.0004588422307278961]
  ResConv 2:  [0.00013865350047126412, -0.0008165408507920802, -0.005919718649238348, -4.43471253674943e-05]
  ResConv 3:  [9.83741514914982e-08, -0.0022701278794556856, -0.004334704484790564, 0.0018000956624746323]
--
--
  ResConv 1:  [0.0003128133248537779, 5.718356624129228e-05, -0.008016914129257202, 0.0004588422307278961]
  ResConv 2:  [0.00013865351502317935, -0.000816540967207402, -0.005919718649238348, -4.43471762991976e-05]
  ResConv 3:  [9.83829835377037e-08, -0.0022701278794556856, -0.004334704484790564, 0.0018000955460593104]
--
--
  ResConv 1:  [0.00031281335395760834, 5.718356987927109e-05, -0.008016914129257202, 0.0004588422307278961]
  ResConv 2:  [0.00013865351502317935, -0.0008165408507920802, -0.005919718649238348, -4.434715447132476e-05]
  ResConv 3:  [9.837857106731462e-08, -0.0022701278794556856, -0.004334704484790564, 0.0018000955460593104]
--
--
  ResConv 1:  [0.00031281335395760834, 5.71835735172499e-05, -0.008016914129257202, 0.0004588422307278961]
  ResConv 2:  [0.00013865352957509458, -0.0008165408507920802, -0.005919718649238348, -4.434713628143072e-05]
  ResConv 3:  [9.839181558390919e-08, -0.0022701278794556856, -0.004334704484790564, 0.0018000955460593104]
--
--
  ResConv 1:  [0.0003954503627028316, 3.3990610972978175e-05, -0.007439499720931053, 0.0004039510677102953]
  ResConv 2:  [0.0002225499920314178, -0.0007718363776803017, -0.005501788109540939, -7.034577720332891e-05]
  ResConv 3:  [8.849071309668943e-05, -0.002115919953212142, -0.004028329625725746, 0.0016452365089207888]
--
--
  ResConv 1:  [0.0003954503627028316, 3.3990621886914596e-05, -0.007439500652253628, 0.0004039510677102953]
  ResConv 2:  [0.00022255002113524824, -0.0007718363776803017, -0.005501788109540939, -7.03457699273713e-05]
  ResConv 3:  [8.849073492456228e-05, -0.002115919953212142, -0.004028329625725746, 0.0016452365089207888]
--
--
  ResConv 1:  [0.0003954503627028316, 3.399060733499937e-05, -0.007439500652253628, 0.0004039510677102953]
  ResConv 2:  [0.0002225499920314178, -0.0007718363776803017, -0.005501788109540939, -7.034579175524414e-05]
  ResConv 3:  [8.849072037264705e-05, -0.002115919953212142, -0.004028329625725746, 0.0016452365089207888]
--
--
  ResConv 1:  [0.00039545042091049254, 3.3990610972978175e-05, -0.007439499720931053, 0.0004039510677102953]
  ResConv 2:  [0.0002225499920314178, -0.0007718363776803017, -0.005501788109540939, -7.034575537545606e-05]
  ResConv 3:  [8.849073492456228e-05, -0.002115919953212142, -0.004028329625725746, 0.0016452366253361106]
--
--
  ResConv 1:  [0.000395450450014323, 3.399061461095698e-05, -0.007439499720931053, 0.0004039510677102953]
  ResConv 2:  [0.0002225499920314178, -0.0007718363776803017, -0.005501788109540939, -7.034575537545606e-05]
  ResConv 3:  [8.849073492456228e-05, -0.0021159201860427856, -0.004028329625725746, 0.0016452365089207888]
--
--
  ResConv 1:  [0.000510485318955034, 1.3101590411679354e-05, -0.007254915311932564, 0.0003114372957497835]
  ResConv 2:  [0.00031064945505931973, -0.0007553792675025761, -0.0053896307945251465, -0.00012933068501297385]
  ResConv 3:  [0.0001848228566814214, -0.00204376014880836, -0.003952873405069113, 0.0015256927581503987]
--
--
  ResConv 1:  [0.0005104853771626949, 1.3101584045216441e-05, -0.007254915311932564, 0.00031143732485361397]
  ResConv 2:  [0.00031064945505931973, -0.0007553792092949152, -0.0053896307945251465, -0.00012933067046105862]
  ResConv 3:  [0.00018482287123333663, -0.00204376014880836, -0.003952873405069113, 0.0015256927581503987]
--
--
  ResConv 1:  [0.0005104853771626949, 1.310158859268995e-05, -0.007254915311932564, 0.0003114372957497835]
  ResConv 2:  [0.00031064945505931973, -0.0007553792675025761, -0.0053896307945251465, -0.00012933067046105862]
  ResConv 3:  [0.00018482288578525186, -0.00204376014880836, -0.003952873405069113, 0.0015256927581503987]
--
--
  ResConv 1:  [0.0005104853771626949, 1.3101587683195248e-05, -0.007254915311932564, 0.0003114372957497835]
  ResConv 2:  [0.00031064945505931973, -0.0007553792675025761, -0.0053896307945251465, -0.00012933068501297385]
  ResConv 3:  [0.00018482288578525186, -0.00204376014880836, -0.003952873405069113, 0.0015256927581503987]
--
--
  ResConv 1:  [0.0005104853771626949, 1.3101584045216441e-05, -0.007254915311932564, 0.00031143732485361397]
  ResConv 2:  [0.00031064945505931973, -0.0007553792675025761, -0.0053896307945251465, -0.00012933067046105862]
  ResConv 3:  [0.0001848228566814214, -0.00204376014880836, -0.003952873405069113, 0.0015256927581503987]
--
--
  ResConv 1:  [0.0005390160949900746, 2.757191214186605e-05, -0.007332833483815193, 0.0004620513063855469]
  ResConv 2:  [0.0003357416426297277, -0.0007661490235477686, -0.005421072244644165, 6.668770765827503e-06]
  ResConv 3:  [0.00019872454868163913, -0.0020752784330397844, -0.003977966029196978, 0.0016651450423523784]
--
--
  ResConv 1:  [0.0005390160949900746, 2.75719376077177e-05, -0.007332833483815193, 0.0004620513063855469]
  ResConv 2:  [0.0003357416717335582, -0.0007661489653401077, -0.005421072244644165, 6.668739843007643e-06]
  ResConv 3:  [0.00019872456323355436, -0.0020752784330397844, -0.003977966029196978, 0.0016651450423523784]
--
--
  ResConv 1:  [0.0005390160949900746, 2.7571924874791875e-05, -0.007332833483815193, 0.00046205127728171647]
  ResConv 2:  [0.0003357416426297277, -0.0007661490235477686, -0.005421072244644165, 6.668757578154327e-06]
  ResConv 3:  [0.00019872456323355436, -0.0020752784330397844, -0.00397796556353569, 0.0016651451587677002]
--
--
  ResConv 1:  [0.0005390160949900746, 2.7571923055802472e-05, -0.007332833483815193, 0.00046205127728171647]
  ResConv 2:  [0.0003357416426297277, -0.0007661490235477686, -0.005421072244644165, 6.668757578154327e-06]
  ResConv 3:  [0.00019872456323355436, -0.0020752784330397844, -0.003977966029196978, 0.0016651450423523784]
--
--
  ResConv 1:  [0.0005390160949900746, 2.7571935788728297e-05, -0.007332833483815193, 0.0004620513063855469]
  ResConv 2:  [0.0003357416717335582, -0.0007661490235477686, -0.005421072244644165, 6.668743935733801e-06]
  ResConv 3:  [0.00019872454868163913, -0.0020752784330397844, -0.003977966029196978, 0.0016651450423523784]
--
--
  ResConv 1:  [0.0005204284097999334, 1.070747930498328e-05, -0.008650818839669228, 0.00039912210195325315]
  ResConv 2:  [0.00032744137570261955, -0.0009177892934530973, -0.0064115566201508045, -0.00015488179633393884]
  ResConv 3:  [0.00019075037562288344, -0.0024794393684715033, -0.004694413393735886, 0.0018378510139882565]
--
--
  ResConv 1:  [0.0005204284097999334, 1.0707486580940895e-05, -0.008650818839669228, 0.0003991221310570836]
  ResConv 2:  [0.00032744137570261955, -0.0009177892934530973, -0.0064115566201508045, -0.00015488176723010838]
  ResConv 3:  [0.0001907504047267139, -0.0024794393684715033, -0.004694413859397173, 0.0018378511304035783]
--
--
  ResConv 1:  [0.0005204284097999334, 1.0707472029025666e-05, -0.008650818839669228, 0.00039912210195325315]
  ResConv 2:  [0.00032744137570261955, -0.0009177892934530973, -0.0064115566201508045, -0.00015488175267819315]
  ResConv 3:  [0.0001907504047267139, -0.0024794393684715033, -0.004694413393735886, 0.0018378510139882565]
--
--
  ResConv 1:  [0.0005204284097999334, 1.070747930498328e-05, -0.008650818839669228, 0.0003991221310570836]
  ResConv 2:  [0.00032744137570261955, -0.0009177892934530973, -0.0064115566201508045, -0.00015488173812627792]
  ResConv 3:  [0.0001907504047267139, -0.0024794393684715033, -0.004694413859397173, 0.0018378511304035783]
--
--
  ResConv 1:  [0.0005204284097999334, 1.0707488399930298e-05, -0.008650818839669228, 0.00039912210195325315]
  ResConv 2:  [0.00032744143391028047, -0.0009177892934530973, -0.0064115566201508045, -0.00015488176723010838]
  ResConv 3:  [0.0001907504047267139, -0.0024794393684715033, -0.004694413393735886, 0.0018378510139882565]
--
--
  ResConv 1:  [0.0003377046959940344, 3.58080978912767e-05, -0.008314736187458038, 0.0008029085583984852]
  ResConv 2:  [0.0001590452011441812, -0.0008760270429775119, -0.006129605695605278, 0.0002386373234912753]
  ResConv 3:  [6.0584102357097436e-06, -0.002389285247772932, -0.0044787912629544735, 0.00212933961302042]
--
--
  ResConv 1:  [0.0003377046377863735, 3.580808697734028e-05, -0.008314736187458038, 0.0008029085583984852]
  ResConv 2:  [0.00015904518659226596, -0.000876026984769851, -0.006129605695605278, 0.0002386373234912753]
  ResConv 3:  [6.058389317331603e-06, -0.002389285247772932, -0.0044787912629544735, 0.00212933961302042]
--
--
  ResConv 1:  [0.0003377046959940344, 3.580810152925551e-05, -0.008314736187458038, 0.0008029085583984852]
  ResConv 2:  [0.00015904521569609642, -0.000876026984769851, -0.006129605695605278, 0.0002386373234912753]
  ResConv 3:  [6.0584102357097436e-06, -0.0023892850149422884, -0.0044787912629544735, 0.00212933961302042]
--
--
  ResConv 1:  [0.0003377046959940344, 3.580808697734028e-05, -0.008314736187458038, 0.0008029085583984852]
  ResConv 2:  [0.00015904521569609642, -0.000876026984769851, -0.006129605695605278, 0.0002386373234912753]
  ResConv 3:  [6.058405233488884e-06, -0.002389285247772932, -0.0044787912629544735, 0.00212933961302042]
--
--
  ResConv 1:  [0.0003377046377863735, 3.580808697734028e-05, -0.008314736187458038, 0.0008029085583984852]
  ResConv 2:  [0.00015904518659226596, -0.0008760270429775119, -0.006129605695605278, 0.00023863735259510577]
  ResConv 3:  [6.058399321773322e-06, -0.0023892850149422884, -0.0044787912629544735, 0.00212933961302042]
--
--
  ResConv 1:  [0.0004919134662486613, -1.7467280486016534e-05, -0.00976568553596735, 0.0006024400354363024]
  ResConv 2:  [0.0002824357943609357, -0.0010792326647788286, -0.007218846119940281, -2.882191984099336e-05]
  ResConv 3:  [0.00010980835213558748, -0.0028709862381219864, -0.005266872700303793, 0.0022478029131889343]
--
--
  ResConv 1:  [0.0004919135244563222, -1.746728412399534e-05, -0.00976568553596735, 0.0006024398608133197]
  ResConv 2:  [0.0002824357943609357, -0.0010792326647788286, -0.007218846119940281, -2.882197077269666e-05]
  ResConv 3:  [0.00010980835213558748, -0.0028709862381219864, -0.005266872700303793, 0.0022478029131889343]
--
--
  ResConv 1:  [0.0004919134662486613, -1.7467275029048324e-05, -0.0097656873986125, 0.0006024400354363024]
  ResConv 2:  [0.0002824357943609357, -0.0010792326647788286, -0.007218846119940281, -2.8821938030887395e-05]
  ResConv 3:  [0.00010980835213558748, -0.0028709862381219864, -0.005266872700303793, 0.0022478029131889343]
--
--
  ResConv 1:  [0.0004919135244563222, -1.746728776197415e-05, -0.00976568553596735, 0.0006024400354363024]
  ResConv 2:  [0.0002824357943609357, -0.0010792326647788286, -0.007218846119940281, -2.8821934392908588e-05]
  ResConv 3:  [0.00010980835213558748, -0.0028709862381219864, -0.005266872700303793, 0.0022478029131889343]
--
--
  ResConv 1:  [0.0004919135244563222, -1.746727321005892e-05, -0.00976568553596735, 0.0006024400354363024]
  ResConv 2:  [0.0002824357943609357, -0.0010792326647788286, -0.007218846119940281, -2.8821952582802624e-05]
  ResConv 3:  [0.00010980837396346033, -0.0028709862381219864, -0.005266872700303793, 0.0022478029131889343]
--
--
  ResConv 1:  [0.0005503852153196931, 1.538738069939427e-05, -0.009617059491574764, 0.0007162527763284743]
  ResConv 2:  [0.0003132307901978493, -0.0010277641704306006, -0.007112368009984493, 8.373519813176244e-05]
  ResConv 3:  [0.00012698267528321594, -0.002780517563223839, -0.005195144098252058, 0.0023096315562725067]
--
--
  ResConv 1:  [0.0005503852153196931, 1.53873952513095e-05, -0.009617060422897339, 0.0007162527763284743]
  ResConv 2:  [0.0003132307901978493, -0.0010277641704306006, -0.007112368009984493, 8.373521995963529e-05]
  ResConv 3:  [0.0001269826607313007, -0.002780517563223839, -0.005195144098252058, 0.0023096315562725067]
--
--
  ResConv 1:  [0.0005503851571120322, 1.538738615636248e-05, -0.009617060422897339, 0.0007162527181208134]
  ResConv 2:  [0.0003132307901978493, -0.0010277641704306006, -0.007112368009984493, 8.373519813176244e-05]
  ResConv 3:  [0.00012698264617938548, -0.002780517563223839, -0.005195144098252058, 0.0023096315562725067]
--
--
  ResConv 1:  [0.000550385273527354, 1.5387393432320096e-05, -0.009617059491574764, 0.0007162527181208134]
  ResConv 2:  [0.0003132307901978493, -0.0010277641704306006, -0.007112368009984493, 8.373519813176244e-05]
  ResConv 3:  [0.00012698267528321594, -0.002780517563223839, -0.005195144098252058, 0.0023096315562725067]
--
--
  ResConv 1:  [0.0005503851571120322, 1.538738615636248e-05, -0.009617060422897339, 0.0007162527181208134]
  ResConv 2:  [0.0003132307901978493, -0.0010277641704306006, -0.007112368009984493, 8.373518357984722e-05]
  ResConv 3:  [0.00012698267528321594, -0.002780517563223839, -0.005195144098252058, 0.0023096317891031504]
--
--
  ResConv 1:  [0.0003724934649653733, 7.222566637210548e-05, -0.008758531883358955, 0.0005913326749578118]
  ResConv 2:  [0.0001638299727346748, -0.000877637299709022, -0.006470681633800268, 3.3883781725307927e-05]
  ResConv 3:  [1.0966433364956174e-05, -0.002467815764248371, -0.004732407163828611, 0.0020431361626833677]
--
--
  ResConv 1:  [0.0003724933776538819, 7.222565182019025e-05, -0.008758531883358955, 0.0005913326167501509]
  ResConv 2:  [0.00016382994363084435, -0.000877637357916683, -0.006470681633800268, 3.38837671733927e-05]
  ResConv 3:  [1.0966406989609823e-05, -0.002467815764248371, -0.004732407163828611, 0.0020431361626833677]
--
--
  ResConv 1:  [0.00037249340675771236, 7.222565182019025e-05, -0.008758531883358955, 0.0005913327331654727]
  ResConv 2:  [0.00016382995818275958, -0.000877637299709022, -0.006470681633800268, 3.388375625945628e-05]
  ResConv 3:  [1.0966417903546244e-05, -0.002467815764248371, -0.004732407163828611, 0.0020431361626833677]
--
--
  ResConv 1:  [0.00037249340675771236, 7.222565182019025e-05, -0.008758531883358955, 0.0005913326749578118]
  ResConv 2:  [0.00016382994363084435, -0.000877637357916683, -0.006470681633800268, 3.3883781725307927e-05]
  ResConv 3:  [1.0966413356072735e-05, -0.002467815764248371, -0.004732407163828611, 0.0020431361626833677]
--
--
  ResConv 1:  [0.0003724934649653733, 7.222565909614787e-05, -0.008758531883358955, 0.0005913326749578118]
  ResConv 2:  [0.0001638299727346748, -0.000877637357916683, -0.006470681633800268, 3.3883770811371505e-05]
  ResConv 3:  [1.0966435183945578e-05, -0.002467815764248371, -0.004732407163828611, 0.0020431361626833677]
--
--
  ResConv 1:  [0.00046257927897386253, 2.4692284569027834e-05, -0.009901048615574837, 0.00041972327744588256]
  ResConv 2:  [0.00025687235756777227, -0.001035386580042541, -0.007342956028878689, -0.0001920103677548468]
  ResConv 3:  [9.955893619917333e-05, -0.002835928462445736, -0.005373348481953144, 0.0021057999692857265]
--
--
  ResConv 1:  [0.00046257927897386253, 2.4692291844985448e-05, -0.009901048615574837, 0.00041972327744588256]
  ResConv 2:  [0.00025687229936011136, -0.001035386580042541, -0.007342956494539976, -0.00019201033865101635]
  ResConv 3:  [9.95589216472581e-05, -0.002835928462445736, -0.005373348481953144, 0.0021057999692857265]
--
--
  ResConv 1:  [0.00046257933718152344, 2.469228820700664e-05, -0.009901048615574837, 0.0004197232483420521]
  ResConv 2:  [0.00025687235756777227, -0.001035386580042541, -0.007342956028878689, -0.0001920103677548468]
  ResConv 3:  [9.955893619917333e-05, -0.002835928462445736, -0.005373348481953144, 0.0021057999692857265]
--
--
  ResConv 1:  [0.00046257933718152344, 2.4692291844985448e-05, -0.009901048615574837, 0.00041972327744588256]
  ResConv 2:  [0.00025687235756777227, -0.001035386580042541, -0.007342956494539976, -0.00019201033865101635]
  ResConv 3:  [9.955895075108856e-05, -0.002835928462445736, -0.005373348481953144, 0.0021057999692857265]
--
--
  ResConv 1:  [0.00046257933718152344, 2.469228275003843e-05, -0.009901048615574837, 0.0004197232483420521]
  ResConv 2:  [0.00025687235756777227, -0.001035386580042541, -0.007342956028878689, -0.00019201033865101635]
  ResConv 3:  [9.955894347513095e-05, -0.002835928462445736, -0.005373348481953144, 0.0021057999692857265]
--
--
  ResConv 1:  [0.000488852325361222, -4.40647227151203e-06, -0.008271235972642899, 0.0007822589250281453]
  ResConv 2:  [0.00029020864167250693, -0.0009017193806357682, -0.0061090909875929356, 0.00021707626001443714]
  ResConv 3:  [0.00013893775758333504, -0.0023904182016849518, -0.004469652660191059, 0.0020905795972794294]
--
--
  ResConv 1:  [0.000488852325361222, -4.4064768189855386e-06, -0.008271235041320324, 0.0007822589250281453]
  ResConv 2:  [0.00029020864167250693, -0.0009017193806357682, -0.0061090909875929356, 0.0002170762454625219]
  ResConv 3:  [0.00013893775758333504, -0.0023904182016849518, -0.004469652660191059, 0.0020905795972794294]
--
--
  ResConv 1:  [0.000488852325361222, -4.406468178785872e-06, -0.008271235041320324, 0.0007822589250281453]
  ResConv 2:  [0.00029020864167250693, -0.0009017193806357682, -0.0061090909875929356, 0.0002170762454625219]
  ResConv 3:  [0.00013893772847950459, -0.0023904182016849518, -0.004469652660191059, 0.0020905795972794294]
--
--
  ResConv 1:  [0.0004888522671535611, -4.406478637974942e-06, -0.008271235041320324, 0.0007822589250281453]
  ResConv 2:  [0.00029020864167250693, -0.0009017193806357682, -0.0061090909875929356, 0.00021707626001443714]
  ResConv 3:  [0.00013893775758333504, -0.0023904182016849518, -0.004469652660191059, 0.0020905795972794294]
--
--
  ResConv 1:  [0.0004888522671535611, -4.406471816764679e-06, -0.008271235972642899, 0.0007822589250281453]
  ResConv 2:  [0.00029020864167250693, -0.0009017193806357682, -0.0061090909875929356, 0.00021707623091060668]
  ResConv 3:  [0.00013893772847950459, -0.0023904182016849518, -0.004469652660191059, 0.0020905795972794294]
--
--
  ResConv 1:  [0.0003344087162986398, 9.176166713587008e-06, -0.006938816513866186, 0.00025982101215049624]
  ResConv 2:  [0.00019420015451032668, -0.0007303761085495353, -0.005142491776496172, -0.00016796862473711371]
  ResConv 3:  [9.038020652951673e-05, -0.0019834188278764486, -0.0037566018290817738, 0.001448289374820888]
--
--
  ResConv 1:  [0.0003344087162986398, 9.176180356007535e-06, -0.006938816513866186, 0.00025982095394283533]
  ResConv 2:  [0.00019420013995841146, -0.0007303761085495353, -0.005142491776496172, -0.00016796863928902894]
  ResConv 3:  [9.038020652951673e-05, -0.001983418595045805, -0.0037566020619124174, 0.001448289374820888]
--
--
  ResConv 1:  [0.0003344087162986398, 9.176184903481044e-06, -0.006938816513866186, 0.0002598209830466658]
  ResConv 2:  [0.00019420012540649623, -0.0007303761085495353, -0.005142491776496172, -0.00016796863928902894]
  ResConv 3:  [9.038019925355911e-05, -0.0019834188278764486, -0.0037566018290817738, 0.001448289374820888]
--
--
  ResConv 1:  [0.00033440874540247023, 9.176174899039324e-06, -0.006938816513866186, 0.00025982095394283533]
  ResConv 2:  [0.00019420015451032668, -0.0007303761085495353, -0.005142490845173597, -0.00016796863928902894]
  ResConv 3:  [9.038020652951673e-05, -0.0019834188278764486, -0.0037566018290817738, 0.001448289374820888]
--
--
  ResConv 1:  [0.0003344087162986398, 9.176176718028728e-06, -0.006938816513866186, 0.00025982095394283533]
  ResConv 2:  [0.00019420015451032668, -0.0007303761085495353, -0.005142491776496172, -0.00016796863928902894]
  ResConv 3:  [9.038020652951673e-05, -0.0019834188278764486, -0.0037566018290817738, 0.001448289374820888]
--
--
  ResConv 1:  [0.00031195810879580677, 2.054000651696697e-05, -0.007328917738050222, 0.00026337115559726954]
  ResConv 2:  [0.00017627200577408075, -0.0007615804206579924, -0.005437623243778944, -0.00018708934658207]
  ResConv 3:  [7.95941668911837e-05, -0.002090379362925887, -0.003969355020672083, 0.0015232202131301165]
--
--
  ResConv 1:  [0.00031195810879580677, 2.0540001059998758e-05, -0.007328917272388935, 0.00026337115559726954]
  ResConv 2:  [0.00017627196211833507, -0.0007615804788656533, -0.005437623243778944, -0.00018708934658207]
  ResConv 3:  [7.959415233926848e-05, -0.0020903795957565308, -0.003969355020672083, 0.0015232202131301165]
--
--
  ResConv 1:  [0.00031195810879580677, 2.054001197393518e-05, -0.007328917738050222, 0.0002633711847011]
  ResConv 2:  [0.0001762719766702503, -0.0007615804206579924, -0.005437623243778944, -0.00018708933203015476]
  ResConv 3:  [7.959415961522609e-05, -0.002090379362925887, -0.003969355020672083, 0.0015232203295454383]
--
--
  ResConv 1:  [0.00031195810879580677, 2.0539999241009355e-05, -0.007328917738050222, 0.00026337115559726954]
  ResConv 2:  [0.00017627196211833507, -0.0007615804788656533, -0.005437623709440231, -0.00018708934658207]
  ResConv 3:  [7.95941668911837e-05, -0.0020903795957565308, -0.003969355020672083, 0.0015232202131301165]
--
--
  ResConv 1:  [0.00031195810879580677, 2.054001197393518e-05, -0.007328917738050222, 0.00026337115559726954]
  ResConv 2:  [0.00017627196211833507, -0.0007615804206579924, -0.005437623243778944, -0.00018708934658207]
  ResConv 3:  [7.959415233926848e-05, -0.002090379362925887, -0.003969355020672083, 0.0015232202131301165]
--
--
  ResConv 1:  [0.0005929039907641709, 4.816354248760035e-06, -0.0079568549990654, 0.000611181603744626]
  ResConv 2:  [0.0003973997663706541, -0.0008537872927263379, -0.005890552885830402, 8.052508201217279e-05]
  ResConv 3:  [0.0002504494332242757, -0.002280266722664237, -0.0043210131116211414, 0.0018903891323134303]
--
--
  ResConv 1:  [0.0005929039907641709, 4.816346972802421e-06, -0.0079568549990654, 0.000611181603744626]
  ResConv 2:  [0.0003973997663706541, -0.0008537872927263379, -0.005890552420169115, 8.052506018429995e-05]
  ResConv 3:  [0.0002504494332242757, -0.002280266722664237, -0.0043210131116211414, 0.0018903891323134303]
--
--
  ResConv 1:  [0.0005929039907641709, 4.816352884517983e-06, -0.0079568549990654, 0.000611181603744626]
  ResConv 2:  [0.0003973997663706541, -0.0008537872927263379, -0.005890552420169115, 8.052508201217279e-05]
  ResConv 3:  [0.00025044946232810616, -0.002280266722664237, -0.0043210131116211414, 0.0018903891323134303]
--
--
  ResConv 1:  [0.0005929039907641709, 4.816352884517983e-06, -0.0079568549990654, 0.000611181603744626]
  ResConv 2:  [0.0003973997663706541, -0.0008537872927263379, -0.005890552420169115, 8.052506018429995e-05]
  ResConv 3:  [0.0002504494332242757, -0.002280266722664237, -0.0043210131116211414, 0.0018903891323134303]
--
--
  ResConv 1:  [0.0005929039907641709, 4.816342880076263e-06, -0.0079568549990654, 0.000611181661952287]
  ResConv 2:  [0.0003973997081629932, -0.0008537872927263379, -0.005890552885830402, 8.05250892881304e-05]
  ResConv 3:  [0.0002504494332242757, -0.002280266722664237, -0.0043210131116211414, 0.0018903891323134303]
--
--
  ResConv 1:  [0.0003818571858573705, 1.3283858606882859e-05, -0.008233646862208843, 0.0007657838868908584]
  ResConv 2:  [0.00021727044077124447, -0.0008852877072058618, -0.006073255557566881, 0.00020535214571282268]
  ResConv 3:  [7.59138711146079e-05, -0.0023853741586208344, -0.004433934576809406, 0.002088479232043028]
--
--
  ResConv 1:  [0.0003818571858573705, 1.3283878615766298e-05, -0.008233647793531418, 0.0007657838868908584]
  ResConv 2:  [0.00021727042621932924, -0.0008852877072058618, -0.006073255557566881, 0.00020535214571282268]
  ResConv 3:  [7.591384928673506e-05, -0.0023853741586208344, -0.004433934576809406, 0.002088479232043028]
--
--
  ResConv 1:  [0.0003818571858573705, 1.328386952081928e-05, -0.008233646862208843, 0.0007657839450985193]
  ResConv 2:  [0.00021727042621932924, -0.0008852876489982009, -0.006073255557566881, 0.00020535217481665313]
  ResConv 3:  [7.591383473481983e-05, -0.0023853741586208344, -0.004433934576809406, 0.002088479232043028]
--
--
  ResConv 1:  [0.0003818571858573705, 1.3283860425872263e-05, -0.008233646862208843, 0.0007657837704755366]
  ResConv 2:  [0.00021727042621932924, -0.0008852877072058618, -0.006073255557566881, 0.0002053521602647379]
  ResConv 3:  [7.591384201077744e-05, -0.0023853741586208344, -0.004433934576809406, 0.002088479232043028]
--
--
  ResConv 1:  [0.0003818571858573705, 1.3283864973345771e-05, -0.008233647793531418, 0.0007657838868908584]
  ResConv 2:  [0.00021727042621932924, -0.0008852876489982009, -0.006073255557566881, 0.00020535217481665313]
  ResConv 3:  [7.591386383865029e-05, -0.0023853741586208344, -0.004433934576809406, 0.002088479232043028]
--
--
  ResConv 1:  [0.00030326630803756416, 5.994626917527057e-05, -0.00784208346158266, 0.00033351127058267593]
  ResConv 2:  [0.0001268263004021719, -0.0007820558967068791, -0.005811410490423441, -0.00014038961671758443]
  ResConv 3:  [6.283480047386547e-07, -0.00219257571734488, -0.004258709494024515, 0.0016589860897511244]
--
--
  ResConv 1:  [0.00030326624982990324, 5.994626189931296e-05, -0.00784208346158266, 0.00033351127058267593]
  ResConv 2:  [0.000126826242194511, -0.0007820558967068791, -0.005811410490423441, -0.00014038961671758443]
  ResConv 3:  [6.283107722993009e-07, -0.00219257571734488, -0.004258709494024515, 0.0016589862061664462]
--
--
  ResConv 1:  [0.00030326624982990324, 5.994628736516461e-05, -0.00784208346158266, 0.00033351127058267593]
  ResConv 2:  [0.00012682625674642622, -0.0007820557802915573, -0.005811410490423441, -0.00014038961671758443]
  ResConv 3:  [6.283096354309237e-07, -0.00219257571734488, -0.004258709494024515, 0.0016589862061664462]
--
--
  ResConv 1:  [0.00030326624982990324, 5.9946280089206994e-05, -0.00784208346158266, 0.00033351127058267593]
  ResConv 2:  [0.00012682627129834145, -0.0007820557802915573, -0.005811410490423441, -0.0001403896021656692]
  ResConv 3:  [6.283201514634129e-07, -0.00219257571734488, -0.004258709494024515, 0.0016589862061664462]
--
--
  ResConv 1:  [0.00030326624982990324, 5.9946276451228186e-05, -0.00784208346158266, 0.0003335112996865064]
  ResConv 2:  [0.00012682627129834145, -0.0007820558967068791, -0.005811410490423441, -0.0001403896021656692]
  ResConv 3:  [6.28327882168378e-07, -0.00219257571734488, -0.004258709494024515, 0.0016589862061664462]
--
--
  ResConv 1:  [0.0006620532949455082, 9.830051567405462e-06, -0.010113631375133991, 0.0006976700969971716]
  ResConv 2:  [0.0004096310876775533, -0.0010862629860639572, -0.0074762324802577496, 2.6063795303343795e-05]
  ResConv 3:  [0.0002189391088904813, -0.002932240255177021, -0.005463312845677137, 0.002373005961999297]
--
--
  ResConv 1:  [0.0006620532949455082, 9.830053386394866e-06, -0.010113631375133991, 0.0006976700969971716]
  ResConv 2:  [0.00040963105857372284, -0.0010862629860639572, -0.0074762324802577496, 2.606378802738618e-05]
  ResConv 3:  [0.00021893912344239652, -0.002932240255177021, -0.005463312845677137, 0.002373005961999297]
--
--
  ResConv 1:  [0.0006620533531531692, 9.830046110437252e-06, -0.010113631375133991, 0.0006976700969971716]
  ResConv 2:  [0.0004096310876775533, -0.0010862629860639572, -0.0074762324802577496, 2.6063780751428567e-05]
  ResConv 3:  [0.00021893912344239652, -0.0029322404880076647, -0.005463311914354563, 0.002373005961999297]
--
--
  ResConv 1:  [0.0006620532949455082, 9.830069757299498e-06, -0.010113631375133991, 0.0006976702716201544]
  ResConv 2:  [0.0004096310876775533, -0.0010862629860639572, -0.0074762324802577496, 2.606380803626962e-05]
  ResConv 3:  [0.00021893913799431175, -0.002932240255177021, -0.005463312845677137, 0.002373005961999297]
--
--
  ResConv 1:  [0.0006620532949455082, 9.830061571847182e-06, -0.010113631375133991, 0.0006976701552048326]
  ResConv 2:  [0.00040963105857372284, -0.0010862629860639572, -0.0074762324802577496, 2.6063798941322602e-05]
  ResConv 3:  [0.0002189391088904813, -0.002932240255177021, -0.005463312845677137, 0.002373005961999297]
--
--
  ResConv 1:  [0.0003233252209611237, -5.8753835219249595e-06, -0.00771017000079155, 0.0002798817295115441]
  ResConv 2:  [0.0001673264050623402, -0.0008315290906466544, -0.005723804701119661, -0.00018756676581688225]
  ResConv 3:  [4.7533387260045856e-05, -0.002227925695478916, -0.004186996258795261, 0.0016049500554800034]
--
--
  ResConv 1:  [0.00032332525006495416, -5.875385340914363e-06, -0.00771017000079155, 0.0002798817295115441]
  ResConv 2:  [0.0001673264050623402, -0.0008315290906466544, -0.005723804701119661, -0.00018756675126496702]
  ResConv 3:  [4.753339089802466e-05, -0.0022279254626482725, -0.004186996258795261, 0.0016049500554800034]
--
--
  ResConv 1:  [0.00032332525006495416, -5.875383067177609e-06, -0.00771017000079155, 0.00027988175861537457]
  ResConv 2:  [0.0001673264050623402, -0.0008315290906466544, -0.005723804701119661, -0.00018756672216113657]
  ResConv 3:  [4.7533387260045856e-05, -0.002227925695478916, -0.004186996258795261, 0.0016049500554800034]
--
--
  ResConv 1:  [0.0003233252209611237, -5.875380793440854e-06, -0.00771017000079155, 0.0002798817295115441]
  ResConv 2:  [0.00016732639051042497, -0.0008315290906466544, -0.005723804701119661, -0.0001875667367130518]
  ResConv 3:  [4.753337998408824e-05, -0.002227925695478916, -0.004186996258795261, 0.0016049500554800034]
--
--
  ResConv 1:  [0.0003233252209611237, -5.875380338693503e-06, -0.00771017000079155, 0.00027988175861537457]
  ResConv 2:  [0.0001673264050623402, -0.0008315290906466544, -0.005723804701119661, -0.00018756672216113657]
  ResConv 3:  [4.753338362206705e-05, -0.002227925695478916, -0.004186996258795261, 0.0016049500554800034]
--
--
  ResConv 1:  [0.0004145590355619788, 2.4757660867180675e-05, -0.009251217357814312, 0.0006610563723370433]
  ResConv 2:  [0.00022426110808737576, -0.0009839863050729036, -0.006835554726421833, 5.26497678947635e-05]
  ResConv 3:  [6.267254502745345e-05, -0.002685265615582466, -0.004984995350241661, 0.0022114694584161043]
--
--
  ResConv 1:  [0.0004145590355619788, 2.4757671781117097e-05, -0.009251217357814312, 0.0006610563723370433]
  ResConv 2:  [0.00022426110808737576, -0.0009839863050729036, -0.006835554726421833, 5.264977880869992e-05]
  ResConv 3:  [6.267254502745345e-05, -0.002685265615582466, -0.004984995350241661, 0.0022114694584161043]
--
--
  ResConv 1:  [0.0004145590355619788, 2.4757675419095904e-05, -0.009251217357814312, 0.0006610563723370433]
  ResConv 2:  [0.00022426110808737576, -0.0009839863050729036, -0.006835554726421833, 5.264973151497543e-05]
  ResConv 3:  [6.267255230341107e-05, -0.002685265615582466, -0.004984995350241661, 0.0022114694584161043]
--
--
  ResConv 1:  [0.0004145590355619788, 2.4757660867180675e-05, -0.009251217357814312, 0.0006610563723370433]
  ResConv 2:  [0.00022426110808737576, -0.0009839863050729036, -0.006835554726421833, 5.2649771532742307e-05]
  ResConv 3:  [6.267254502745345e-05, -0.002685265615582466, -0.004984995350241661, 0.0022114694584161043]
--
--
  ResConv 1:  [0.0004145590355619788, 2.475766268617008e-05, -0.009251217357814312, 0.0006610563723370433]
  ResConv 2:  [0.0002242610789835453, -0.0009839863050729036, -0.006835554726421833, 5.264973879093304e-05]
  ResConv 3:  [6.267253047553822e-05, -0.002685265615582466, -0.004984995350241661, 0.0022114694584161043]
--
--
  ResConv 1:  [0.000675950082950294, 1.2882467672170606e-05, -0.008956042118370533, 0.0007273664232343435]
  ResConv 2:  [0.00043240850209258497, -0.00096126738935709, -0.006611478514969349, 0.0001227340690093115]
  ResConv 3:  [0.00025148873100988567, -0.00258208392187953, -0.004837127402424812, 0.002172210020944476]
--
--
  ResConv 1:  [0.000675950082950294, 1.288245948671829e-05, -0.008956042118370533, 0.0007273664232343435]
  ResConv 2:  [0.0004324084729887545, -0.00096126738935709, -0.006611478514969349, 0.00012273408356122673]
  ResConv 3:  [0.0002514887019060552, -0.00258208392187953, -0.004837127402424812, 0.002172210020944476]
--
--
  ResConv 1:  [0.000675950082950294, 1.2882473129138816e-05, -0.008956042118370533, 0.0007273664814420044]
  ResConv 2:  [0.00043240850209258497, -0.00096126738935709, -0.006611478514969349, 0.0001227340690093115]
  ResConv 3:  [0.0002514887601137161, -0.0025820843875408173, -0.004837127402424812, 0.002172210020944476]
--
--
  ResConv 1:  [0.000675950082950294, 1.288245948671829e-05, -0.008956042118370533, 0.0007273664814420044]
  ResConv 2:  [0.00043240850209258497, -0.00096126738935709, -0.006611478980630636, 0.0001227340690093115]
  ResConv 3:  [0.0002514887019060552, -0.00258208392187953, -0.004837127402424812, 0.002172210020944476]
--
--
  ResConv 1:  [0.000675950082950294, 1.288247494812822e-05, -0.008956042118370533, 0.0007273664232343435]
  ResConv 2:  [0.00043240850209258497, -0.00096126738935709, -0.006611478514969349, 0.0001227340690093115]
  ResConv 3:  [0.0002514887601137161, -0.0025820843875408173, -0.004837127402424812, 0.002172210020944476]
--
--
  ResConv 1:  [0.0005483089480549097, 1.4437683603318874e-05, -0.009570726193487644, 0.000755710934754461]
  ResConv 2:  [0.00031722814310342073, -0.0010242359712719917, -0.007064151111990213, 0.00011918917152797803]
  ResConv 3:  [0.00013490601850207895, -0.00275728153064847, -0.005177679006010294, 0.0022977411281317472]
--
--
  ResConv 1:  [0.0005483090062625706, 1.4437674508371856e-05, -0.009570726193487644, 0.000755710992962122]
  ResConv 2:  [0.0003172281722072512, -0.0010242359712719917, -0.007064151111990213, 0.00011918917152797803]
  ResConv 3:  [0.0001349060476059094, -0.00275728153064847, -0.005177679006010294, 0.0022977408953011036]
--
--
  ResConv 1:  [0.0005483090062625706, 1.4437699064728804e-05, -0.009570726193487644, 0.000755710992962122]
  ResConv 2:  [0.0003172281722072512, -0.0010242359712719917, -0.007064151111990213, 0.00011918918607989326]
  ResConv 3:  [0.00013490601850207895, -0.0027572817634791136, -0.005177679006010294, 0.0022977411281317472]
--
--
  ResConv 1:  [0.0005483090062625706, 1.4437682693824172e-05, -0.009570726193487644, 0.000755710934754461]
  ResConv 2:  [0.0003172281722072512, -0.0010242359712719917, -0.007064151111990213, 0.00011918916425202042]
  ResConv 3:  [0.00013490601850207895, -0.0027572817634791136, -0.005177679006010294, 0.0022977411281317472]
--
--
  ResConv 1:  [0.0005483090062625706, 1.443768178432947e-05, -0.009570726193487644, 0.000755710992962122]
  ResConv 2:  [0.0003172281722072512, -0.0010242359712719917, -0.007064151111990213, 0.00011918920063180849]
  ResConv 3:  [0.0001349060476059094, -0.00275728153064847, -0.005177679006010294, 0.0022977411281317472]
--
--
  ResConv 1:  [0.0004103467508684844, 4.1654755477793515e-05, -0.008207900449633598, 0.0007521584047935903]
  ResConv 2:  [0.00022065130178816617, -0.0008608651114627719, -0.0060446299612522125, 0.00020506900909822434]
  ResConv 3:  [6.665525870630518e-05, -0.0023493333719670773, -0.004420002456754446, 0.0020606457255780697]
--
--
  ResConv 1:  [0.0004103467508684844, 4.165476275375113e-05, -0.008207900449633598, 0.0007521584630012512]
  ResConv 2:  [0.00022065130178816617, -0.0008608651114627719, -0.0060446299612522125, 0.00020506902365013957]
  ResConv 3:  [6.665525143034756e-05, -0.0023493333719670773, -0.004420002456754446, 0.0020606457255780697]
--
--
  ResConv 1:  [0.0004103467508684844, 4.1654744563857093e-05, -0.008207900449633598, 0.0007521584047935903]
  ResConv 2:  [0.0002206513163400814, -0.0008608651114627719, -0.0060446299612522125, 0.0002050689945463091]
  ResConv 3:  [6.66552732582204e-05, -0.002349333604797721, -0.004420002456754446, 0.0020606457255780697]
--
--
  ResConv 1:  [0.0004103467508684844, 4.165475911577232e-05, -0.008207900449633598, 0.0007521585212089121]
  ResConv 2:  [0.0002206513163400814, -0.0008608651114627719, -0.0060446299612522125, 0.00020506902365013957]
  ResConv 3:  [6.665526598226279e-05, -0.0023493333719670773, -0.004420002456754446, 0.0020606459584087133]
--
--
  ResConv 1:  [0.0004103467508684844, 4.1654744563857093e-05, -0.008207900449633598, 0.0007521584630012512]
  ResConv 2:  [0.00022065134544391185, -0.0008608651114627719, -0.0060446299612522125, 0.00020506900909822434]
  ResConv 3:  [6.665526598226279e-05, -0.0023493333719670773, -0.004420001991093159, 0.0020606457255780697]
--
--
  ResConv 1:  [0.0004260395944584161, 1.7146343452623114e-05, -0.00952428299933672, 0.0006679391954094172]
  ResConv 2:  [0.0002126301551470533, -0.001021028496325016, -0.0070314896292984486, 6.232715531950817e-05]
  ResConv 3:  [4.299191277823411e-05, -0.002749525709077716, -0.005146061070263386, 0.002240400994196534]
--
--
  ResConv 1:  [0.00042603962356224656, 1.7146323443739675e-05, -0.00952428299933672, 0.0006679391954094172]
  ResConv 2:  [0.00021263019880279899, -0.0010210286127403378, -0.0070314896292984486, 6.232716259546578e-05]
  ResConv 3:  [4.299193824408576e-05, -0.002749526174739003, -0.005146061070263386, 0.002240400994196534]
--
--
  ResConv 1:  [0.0004260395944584161, 1.7146337995654903e-05, -0.00952428299933672, 0.0006679391954094172]
  ResConv 2:  [0.00021263019880279899, -0.001021028496325016, -0.0070314896292984486, 6.232717714738101e-05]
  ResConv 3:  [4.2991920054191723e-05, -0.002749525709077716, -0.005146061535924673, 0.002240400994196534]
--
--
  ResConv 1:  [0.0004260395944584161, 1.714633071969729e-05, -0.00952428299933672, 0.0006679391954094172]
  ResConv 2:  [0.00021263018425088376, -0.0010210286127403378, -0.0070314896292984486, 6.232714076759294e-05]
  ResConv 3:  [4.299192369217053e-05, -0.002749526174739003, -0.005146061535924673, 0.002240400994196534]
--
--
  ResConv 1:  [0.00042603962356224656, 1.714632526272908e-05, -0.00952428299933672, 0.0006679391372017562]
  ResConv 2:  [0.00021263019880279899, -0.0010210286127403378, -0.0070314896292984486, 6.232713349163532e-05]
  ResConv 3:  [4.299192369217053e-05, -0.002749526174739003, -0.005146061070263386, 0.002240400994196534]
--
--
  ResConv 1:  [0.0004378921294119209, 4.406075822771527e-05, -0.008504967205226421, 0.0003738544473890215]
  ResConv 2:  [0.000251151854172349, -0.0008822362287901342, -0.006291502621024847, -0.0001504734536865726]
  ResConv 3:  [0.00010428250243421644, -0.0024264066014438868, -0.004604815971106291, 0.0018176620360463858]
--
--
  ResConv 1:  [0.0004378921294119209, 4.406075458973646e-05, -0.008504967205226421, 0.0003738544473890215]
  ResConv 2:  [0.00025115188327617943, -0.0008822361705824733, -0.006291502621024847, -0.00015047346823848784]
  ResConv 3:  [0.00010428250971017405, -0.0024264066014438868, -0.004604815971106291, 0.0018176620360463858]
--
--
  ResConv 1:  [0.00043789210030809045, 4.406074731377885e-05, -0.008504967205226421, 0.0003738544473890215]
  ResConv 2:  [0.0002511518250685185, -0.0008822362287901342, -0.006291502621024847, -0.0001504734536865726]
  ResConv 3:  [0.0001042824806063436, -0.0024264066014438868, -0.004604815971106291, 0.0018176622688770294]
--
--
  ResConv 1:  [0.00043789210030809045, 4.406074731377885e-05, -0.008504967205226421, 0.00037385447649285197]
  ResConv 2:  [0.0002511518250685185, -0.0008822362287901342, -0.006291502621024847, -0.00015047341003082693]
  ResConv 3:  [0.00010428250243421644, -0.0024264066014438868, -0.004604815971106291, 0.0018176620360463858]
--
--
  ResConv 1:  [0.0004378921294119209, 4.406074731377885e-05, -0.008504967205226421, 0.0003738544473890215]
  ResConv 2:  [0.000251151854172349, -0.000882236345205456, -0.006291502621024847, -0.0001504734536865726]
  ResConv 3:  [0.00010428251698613167, -0.0024264066014438868, -0.004604815971106291, 0.0018176620360463858]
--
--
  ResConv 1:  [0.00032896746415644884, 1.962117039511213e-06, -0.006771993823349476, 0.00024692367878742516]
  ResConv 2:  [0.0001821057085180655, -0.000721412361599505, -0.005027387756854296, -0.00016818763106130064]
  ResConv 3:  [8.695288852322847e-05, -0.0019392610993236303, -0.003681981237605214, 0.0013939794152975082]
--
--
  ResConv 1:  [0.00032896746415644884, 1.962128862942336e-06, -0.006771993823349476, 0.00024692367878742516]
  ResConv 2:  [0.00018210569396615028, -0.000721412361599505, -0.005027387756854296, -0.00016818763106130064]
  ResConv 3:  [8.695288852322847e-05, -0.0019392610993236303, -0.003681981237605214, 0.0013939794152975082]
--
--
  ResConv 1:  [0.00032896746415644884, 1.9621245428425027e-06, -0.006771993823349476, 0.0002469236496835947]
  ResConv 2:  [0.0001821057085180655, -0.000721412361599505, -0.005027387756854296, -0.00016818763106130064]
  ResConv 3:  [8.695288852322847e-05, -0.0019392610993236303, -0.003681981237605214, 0.0013939794152975082]
--
--
  ResConv 1:  [0.00032896746415644884, 1.9621222691057483e-06, -0.006771993823349476, 0.0002469236496835947]
  ResConv 2:  [0.00018210569396615028, -0.000721412361599505, -0.005027387756854296, -0.00016818764561321586]
  ResConv 3:  [8.695288124727085e-05, -0.0019392610993236303, -0.003681981237605214, 0.0013939794152975082]
--
--
  ResConv 1:  [0.00032896746415644884, 1.9621254523372045e-06, -0.006771993823349476, 0.00024692367878742516]
  ResConv 2:  [0.0001821057085180655, -0.000721412361599505, -0.005027387756854296, -0.00016818763106130064]
  ResConv 3:  [8.695288852322847e-05, -0.0019392610993236303, -0.003681981237605214, 0.0013939794152975082]
--
--
  ResConv 1:  [0.00054001878015697, 2.6713278202805668e-05, -0.007523892913013697, 0.0003181304782629013]
  ResConv 2:  [0.0003447406052146107, -0.000775625987444073, -0.005581012926995754, -0.00013776413106825203]
  ResConv 3:  [0.00021114671835675836, -0.002111452165991068, -0.004105594474822283, 0.00156866991892457]
--
--
  ResConv 1:  [0.00054001878015697, 2.6713281840784475e-05, -0.007523892913013697, 0.00031813044915907085]
  ResConv 2:  [0.0003447406052146107, -0.000775625987444073, -0.005581012926995754, -0.00013776414562016726]
  ResConv 3:  [0.00021114670380484313, -0.002111452165991068, -0.004105594474822283, 0.00156866991892457]
--
--
  ResConv 1:  [0.0005400187219493091, 2.6713272745837457e-05, -0.007523892913013697, 0.0003181304782629013]
  ResConv 2:  [0.0003447406052146107, -0.000775625987444073, -0.005581012926995754, -0.00013776413106825203]
  ResConv 3:  [0.00021114670380484313, -0.002111452165991068, -0.004105594474822283, 0.00156866991892457]
--
--
  ResConv 1:  [0.0005400187219493091, 2.6713285478763282e-05, -0.007523892447352409, 0.00031813044915907085]
  ResConv 2:  [0.0003447406052146107, -0.000775625987444073, -0.005581012926995754, -0.00013776414562016726]
  ResConv 3:  [0.0002111466892529279, -0.002111452165991068, -0.004105594474822283, 0.00156866991892457]
--
--
  ResConv 1:  [0.00054001878015697, 2.6713292754720896e-05, -0.007523892913013697, 0.0003181304782629013]
  ResConv 2:  [0.00034474057611078024, -0.000775625987444073, -0.005581012926995754, -0.00013776414562016726]
  ResConv 3:  [0.00021114670380484313, -0.002111452165991068, -0.004105594474822283, 0.00156866991892457]
--
--
  ResConv 1:  [0.00038729599327780306, 7.180350803537294e-05, -0.008092014119029045, 0.00031795346876606345]
  ResConv 2:  [0.0001926685799844563, -0.0007906889077275991, -0.006005289498716593, -0.00017464027041569352]
  ResConv 3:  [6.30418217042461e-05, -0.0022460671607404947, -0.0044014593586325645, 0.0016887220554053783]
--
--
  ResConv 1:  [0.00038729599327780306, 7.180350075941533e-05, -0.00809201505035162, 0.00031795346876606345]
  ResConv 2:  [0.00019266855088062584, -0.0007906889659352601, -0.006005289498716593, -0.00017464024131186306]
  ResConv 3:  [6.304179987637326e-05, -0.0022460671607404947, -0.0044014593586325645, 0.0016887221718207002]
--
--
  ResConv 1:  [0.0003872960223816335, 7.180349348345771e-05, -0.00809201505035162, 0.00031795346876606345]
  ResConv 2:  [0.0001926685799844563, -0.0007906889659352601, -0.006005289498716593, -0.00017464022675994784]
  ResConv 3:  [6.30418217042461e-05, -0.0022460671607404947, -0.0044014593586325645, 0.0016887220554053783]
--
--
  ResConv 1:  [0.0003872960223816335, 7.180350075941533e-05, -0.008092014119029045, 0.00031795346876606345]
  ResConv 2:  [0.00019266859453637153, -0.0007906889659352601, -0.006005289498716593, -0.00017464027041569352]
  ResConv 3:  [6.304182898020372e-05, -0.0022460671607404947, -0.0044014593586325645, 0.0016887221718207002]
--
--
  ResConv 1:  [0.0003872960223816335, 7.180350803537294e-05, -0.008092014119029045, 0.00031795346876606345]
  ResConv 2:  [0.00019266859453637153, -0.0007906889659352601, -0.006005289498716593, -0.00017464027041569352]
  ResConv 3:  [6.30418217042461e-05, -0.0022460671607404947, -0.0044014593586325645, 0.0016887220554053783]
--
--
  ResConv 1:  [0.00042163481703028083, 1.9472185158520006e-05, -0.007795241661369801, 0.00039205889333970845]
  ResConv 2:  [0.0002239989407826215, -0.0008218020666390657, -0.005763100925832987, -8.215208072215319e-05]
  ResConv 3:  [8.141442958731204e-05, -0.0022198278456926346, -0.00422848854213953, 0.0016945350216701627]
--
--
  ResConv 1:  [0.00042163481703028083, 1.9472183339530602e-05, -0.007795241661369801, 0.0003920589224435389]
  ResConv 2:  [0.0002239989407826215, -0.0008218020666390657, -0.005763101391494274, -8.215210255002603e-05]
  ResConv 3:  [8.141442958731204e-05, -0.0022198278456926346, -0.00422848854213953, 0.0016945350216701627]
--
--
  ResConv 1:  [0.0004216347588226199, 1.9472174244583584e-05, -0.007795241661369801, 0.0003920589224435389]
  ResConv 2:  [0.0002239989407826215, -0.0008218021248467267, -0.005763101391494274, -8.215207344619557e-05]
  ResConv 3:  [8.141442958731204e-05, -0.0022198278456926346, -0.00422848854213953, 0.0016945351380854845]
--
--
  ResConv 1:  [0.00042163481703028083, 1.9472170606604777e-05, -0.007795241661369801, 0.00039205889333970845]
  ResConv 2:  [0.0002239989407826215, -0.0008218021248467267, -0.005763101391494274, -8.215210982598364e-05]
  ResConv 3:  [8.141442231135443e-05, -0.0022198278456926346, -0.00422848854213953, 0.001694534788839519]
--
--
  ResConv 1:  [0.00042163481703028083, 1.9472188796498813e-05, -0.007795241661369801, 0.00039205889333970845]
  ResConv 2:  [0.00022399896988645196, -0.0008218021248467267, -0.005763100925832987, -8.215208072215319e-05]
  ResConv 3:  [8.141445141518489e-05, -0.0022198278456926346, -0.00422848854213953, 0.0016945351380854845]
--
--
  ResConv 1:  [0.000458640162833035, 2.3483735276386142e-05, -0.009009587578475475, 0.000773895182646811]
  ResConv 2:  [0.00024569680681452155, -0.0009567539091221988, -0.006652298849076033, 0.0001800874451873824]
  ResConv 3:  [8.260973845608532e-05, -0.0025942751672118902, -0.004863482899963856, 0.0022387574426829815]
--
--
  ResConv 1:  [0.000458640162833035, 2.348373891436495e-05, -0.009009587578475475, 0.000773895182646811]
  ResConv 2:  [0.00024569680681452155, -0.0009567539091221988, -0.006652298849076033, 0.00018008745973929763]
  ResConv 3:  [8.260973845608532e-05, -0.0025942751672118902, -0.004863482899963856, 0.0022387574426829815]
--
--
  ResConv 1:  [0.000458640162833035, 2.3483748009311967e-05, -0.009009587578475475, 0.0007738951244391501]
  ResConv 2:  [0.00024569680681452155, -0.0009567539091221988, -0.006652298849076033, 0.00018008741608355194]
  ResConv 3:  [8.260974573204294e-05, -0.0025942749343812466, -0.004863482899963856, 0.0022387574426829815]
--
--
  ResConv 1:  [0.000458640162833035, 2.3483757104258984e-05, -0.009009587578475475, 0.0007738951244391501]
  ResConv 2:  [0.00024569680681452155, -0.0009567539091221988, -0.006652298849076033, 0.00018008741608355194]
  ResConv 3:  [8.260974573204294e-05, -0.0025942749343812466, -0.004863482899963856, 0.0022387574426829815]
--
--
  ResConv 1:  [0.00045864019193686545, 2.348373891436495e-05, -0.009009587578475475, 0.000773895182646811]
  ResConv 2:  [0.00024569680681452155, -0.0009567539091221988, -0.006652298849076033, 0.0001800874451873824]
  ResConv 3:  [8.260976028395817e-05, -0.0025942751672118902, -0.004863482899963856, 0.0022387574426829815]
--
--
  ResConv 1:  [0.000586724141612649, 2.1650414055329747e-05, -0.007554234005510807, 0.00031788708292879164]
  ResConv 2:  [0.0003731069155037403, -0.0007751302910037339, -0.005617075599730015, -0.00014942557027097791]
  ResConv 3:  [0.00023979260004125535, -0.0021106668282300234, -0.004131923895329237, 0.0015653723385185003]
--
--
  ResConv 1:  [0.000586724141612649, 2.165042496926617e-05, -0.007554234005510807, 0.0003178871120326221]
  ResConv 2:  [0.0003731069155037403, -0.0007751303492113948, -0.005617075599730015, -0.00014942555571906269]
  ResConv 3:  [0.00023979260004125535, -0.0021106668282300234, -0.004131923895329237, 0.0015653723385185003]
--
--
  ResConv 1:  [0.000586724141612649, 2.1650419512297958e-05, -0.007554234005510807, 0.0003178871120326221]
  ResConv 2:  [0.0003731069155037403, -0.0007751303492113948, -0.005617075599730015, -0.00014942557027097791]
  ResConv 3:  [0.00023979260004125535, -0.0021106668282300234, -0.004131923895329237, 0.0015653723385185003]
--
--
  ResConv 1:  [0.000586724141612649, 2.1650414055329747e-05, -0.007554234005510807, 0.0003178871120326221]
  ResConv 2:  [0.0003731069155037403, -0.0007751303492113948, -0.005617075599730015, -0.00014942555571906269]
  ResConv 3:  [0.00023979260004125535, -0.0021106668282300234, -0.004131923895329237, 0.0015653723385185003]
--
--
  ResConv 1:  [0.000586724141612649, 2.1650419512297958e-05, -0.007554234005510807, 0.0003178871120326221]
  ResConv 2:  [0.0003731069155037403, -0.0007751303492113948, -0.005617075599730015, -0.00014942557027097791]
  ResConv 3:  [0.00023979260004125535, -0.0021106668282300234, -0.004131923895329237, 0.0015653723385185003]
--
--
  ResConv 1:  [0.00044314528349786997, 4.269331111572683e-05, -0.007527780253440142, 0.00033224254730157554]
  ResConv 2:  [0.0002617576392367482, -0.0007605541031807661, -0.005587002262473106, -0.0001325078192166984]
  ResConv 3:  [0.00013677931565325707, -0.0021124123595654964, -0.004090269096195698, 0.0016009809914976358]
--
--
  ResConv 1:  [0.00044314528349786997, 4.26932965638116e-05, -0.007527779787778854, 0.00033224254730157554]
  ResConv 2:  [0.0002617576683405787, -0.0007605541031807661, -0.005587002728134394, -0.00013250784832052886]
  ResConv 3:  [0.00013677931565325707, -0.0021124123595654964, -0.004090269096195698, 0.0016009807586669922]
--
--
  ResConv 1:  [0.00044314528349786997, 4.2693303839769214e-05, -0.007527779787778854, 0.00033224254730157554]
  ResConv 2:  [0.0002617576683405787, -0.0007605540449731052, -0.005587002728134394, -0.00013250784832052886]
  ResConv 3:  [0.0001367793302051723, -0.0021124123595654964, -0.004090269096195698, 0.0016009809914976358]
--
--
  ResConv 1:  [0.0004431452543940395, 4.269330020179041e-05, -0.007527779787778854, 0.00033224254730157554]
  ResConv 2:  [0.0002617576683405787, -0.0007605540449731052, -0.005587002728134394, -0.00013250784832052886]
  ResConv 3:  [0.0001367793302051723, -0.00211241259239614, -0.004090269096195698, 0.0016009809914976358]
--
--
  ResConv 1:  [0.0004431452543940395, 4.269331839168444e-05, -0.007527780253440142, 0.00033224254730157554]
  ResConv 2:  [0.0002617576683405787, -0.0007605540449731052, -0.005587002728134394, -0.00013250784832052886]
  ResConv 3:  [0.00013677930110134184, -0.00211241259239614, -0.004090269096195698, 0.0016009807586669922]
--
--
  ResConv 1:  [0.00040417746640741825, 2.7872491045854986e-05, -0.007879272103309631, 0.00026074665947817266]
  ResConv 2:  [0.00021356286015361547, -0.0008056826773099601, -0.005862388294190168, -0.0002012634213315323]
  ResConv 3:  [8.15345993032679e-05, -0.0022046754602342844, -0.004315577447414398, 0.0015894095413386822]
--
--
  ResConv 1:  [0.0004041775537189096, 2.787247831292916e-05, -0.007879272103309631, 0.00026074665947817266]
  ResConv 2:  [0.0002135629183612764, -0.000805682793725282, -0.005862387828528881, -0.00020126346498727798]
  ResConv 3:  [8.153462840709835e-05, -0.0022046754602342844, -0.004315577447414398, 0.0015894095413386822]
--
--
  ResConv 1:  [0.0004041775537189096, 2.7872489226865582e-05, -0.007879272103309631, 0.00026074665947817266]
  ResConv 2:  [0.00021356288925744593, -0.0008056826773099601, -0.005862388294190168, -0.0002012634213315323]
  ResConv 3:  [8.153462113114074e-05, -0.0022046754602342844, -0.004315577447414398, 0.0015894094249233603]
--
--
  ResConv 1:  [0.0004041775537189096, 2.7872500140802003e-05, -0.007879272103309631, 0.0002607466885820031]
  ResConv 2:  [0.0002135628747055307, -0.0008056826773099601, -0.005862387828528881, -0.0002012634213315323]
  ResConv 3:  [8.15345993032679e-05, -0.0022046754602342844, -0.004315577447414398, 0.0015894095413386822]
--
--
  ResConv 1:  [0.0004041775537189096, 2.7872494683833793e-05, -0.007879272103309631, 0.00026074665947817266]
  ResConv 2:  [0.00021356288925744593, -0.0008056826773099601, -0.005862387828528881, -0.0002012634213315323]
  ResConv 3:  [8.153460657922551e-05, -0.0022046754602342844, -0.004315577447414398, 0.0015894094249233603]
--
--
  ResConv 1:  [0.0006941658793948591, 6.761443728464656e-06, -0.00919912289828062, 0.0004526368575170636]
  ResConv 2:  [0.0004392718547023833, -0.0009808316826820374, -0.006813885644078255, -0.00012998093734495342]
  ResConv 3:  [0.00026284868363291025, -0.0026509882882237434, -0.004980668891221285, 0.002007634611800313]
--
--
  ResConv 1:  [0.00069416593760252, 6.76143054079148e-06, -0.00919912289828062, 0.00045263682841323316]
  ResConv 2:  [0.0004392718547023833, -0.0009808316826820374, -0.006813885644078255, -0.00012998095189686865]
  ResConv 3:  [0.00026284868363291025, -0.0026509882882237434, -0.004980668891221285, 0.002007634611800313]
--
--
  ResConv 1:  [0.0006941658793948591, 6.7614319050335325e-06, -0.00919912289828062, 0.00045263682841323316]
  ResConv 2:  [0.0004392718547023833, -0.0009808316826820374, -0.006813885644078255, -0.00012998093734495342]
  ResConv 3:  [0.0002628487127367407, -0.002650988521054387, -0.004980668891221285, 0.002007634611800313]
--
--
  ResConv 1:  [0.00069416593760252, 6.761409622413339e-06, -0.00919912289828062, 0.00045263682841323316]
  ResConv 2:  [0.0004392718547023833, -0.0009808316826820374, -0.006813885644078255, -0.00012998093734495342]
  ResConv 3:  [0.0002628487127367407, -0.002650988521054387, -0.004980668891221285, 0.002007634611800313]
--
--
  ResConv 1:  [0.00069416593760252, 6.761425993317971e-06, -0.00919912289828062, 0.0004526368575170636]
  ResConv 2:  [0.0004392718547023833, -0.0009808316826820374, -0.006813885644078255, -0.00012998093734495342]
  ResConv 3:  [0.00026284868363291025, -0.0026509882882237434, -0.004980668891221285, 0.002007634611800313]
--
--
  ResConv 1:  [0.00037988106487318873, 2.613442120491527e-05, -0.008467545732855797, 0.0006837512482888997]
  ResConv 2:  [0.0001850098924478516, -0.0009081181487999856, -0.006237530615180731, 0.0001343648909823969]
  ResConv 3:  [2.3422095182468183e-05, -0.0024490307550877333, -0.004559640306979418, 0.002065010368824005]
--
--
  ResConv 1:  [0.00037988106487318873, 2.6134437575819902e-05, -0.008467545732855797, 0.0006837513647042215]
  ResConv 2:  [0.00018500992155168205, -0.0009081181487999856, -0.006237530615180731, 0.00013436490553431213]
  ResConv 3:  [2.3422120648319833e-05, -0.0024490307550877333, -0.004559640306979418, 0.002065010368824005]
--
--
  ResConv 1:  [0.0003798810357693583, 2.6134419385925867e-05, -0.008467545732855797, 0.0006837512482888997]
  ResConv 2:  [0.0001850098924478516, -0.0009081181487999856, -0.006237530615180731, 0.0001343648909823969]
  ResConv 3:  [2.34221042774152e-05, -0.0024490307550877333, -0.0045596398413181305, 0.002065010368824005]
--
--
  ResConv 1:  [0.0003798810357693583, 2.6134437575819902e-05, -0.008467545732855797, 0.0006837513647042215]
  ResConv 2:  [0.0001850098924478516, -0.0009081180323846638, -0.006237530615180731, 0.00013436490553431213]
  ResConv 3:  [2.34221042774152e-05, -0.0024490307550877333, -0.004559640306979418, 0.002065010368824005]
--
--
  ResConv 1:  [0.0003798810357693583, 2.613442666188348e-05, -0.008467545732855797, 0.0006837513647042215]
  ResConv 2:  [0.0001850098924478516, -0.0009081181487999856, -0.006237530615180731, 0.00013436492008622736]
  ResConv 3:  [2.3422107915394008e-05, -0.0024490307550877333, -0.004559640306979418, 0.002065010368824005]
--
--
  ResConv 1:  [0.0003952964034397155, 2.0958726963726804e-05, -0.00861839484423399, 0.0003794598742388189]
  ResConv 2:  [0.00020272642723284662, -0.0009024699102155864, -0.006390116177499294, -0.00016175370546989143]
  ResConv 3:  [6.028703137417324e-05, -0.0024687035474926233, -0.004670938942581415, 0.0018411664059385657]
--
--
  ResConv 1:  [0.0003952964034397155, 2.095871423080098e-05, -0.00861839484423399, 0.0003794598742388189]
  ResConv 2:  [0.00020272642723284662, -0.0009024699102155864, -0.006390116177499294, -0.00016175370546989143]
  ResConv 3:  [6.028703865013085e-05, -0.002468703780323267, -0.004670938942581415, 0.0018411664059385657]
--
--
  ResConv 1:  [0.00039529643254354596, 2.0958723325747997e-05, -0.00861839484423399, 0.0003794598742388189]
  ResConv 2:  [0.00020272642723284662, -0.0009024699102155864, -0.006390116177499294, -0.0001617536909179762]
  ResConv 3:  [6.028704228810966e-05, -0.0024687035474926233, -0.004670938942581415, 0.0018411664059385657]
--
--
  ResConv 1:  [0.0003952964034397155, 2.0958726963726804e-05, -0.00861839484423399, 0.0003794598742388189]
  ResConv 2:  [0.00020272642723284662, -0.0009024699102155864, -0.006390116177499294, -0.00016175370546989143]
  ResConv 3:  [6.028704592608847e-05, -0.0024687035474926233, -0.004670938942581415, 0.0018411664059385657]
--
--
  ResConv 1:  [0.0003952964034397155, 2.09587251447374e-05, -0.00861839484423399, 0.00037945990334264934]
  ResConv 2:  [0.00020272642723284662, -0.0009024699102155864, -0.006390116177499294, -0.0001617536909179762]
  ResConv 3:  [6.028704228810966e-05, -0.0024687035474926233, -0.004670938942581415, 0.0018411664059385657]
--
--
  ResConv 1:  [0.00047413265565410256, -3.1571421459375415e-06, -0.008149590343236923, 0.0004869045515079051]
  ResConv 2:  [0.0002786301192827523, -0.0008791993022896349, -0.006043356377631426, -3.779140024562366e-05]
  ResConv 3:  [0.00013114137982483953, -0.002354193478822708, -0.004422277212142944, 0.0018442970467731357]
--
--
  ResConv 1:  [0.00047413265565410256, -3.157155333610717e-06, -0.008149590343236923, 0.0004869045806117356]
  ResConv 2:  [0.00027863014838658273, -0.0008791993022896349, -0.006043356377631426, -3.779137841775082e-05]
  ResConv 3:  [0.00013114137982483953, -0.002354193478822708, -0.004422277212142944, 0.0018442970467731357]
--
--
  ResConv 1:  [0.00047413265565410256, -3.1571692034049192e-06, -0.008149590343236923, 0.0004869045515079051]
  ResConv 2:  [0.00027863014838658273, -0.0008791993022896349, -0.006043356377631426, -3.7791396607644856e-05]
  ResConv 3:  [0.00013114139437675476, -0.002354193478822708, -0.004422277212142944, 0.0018442970467731357]
--
--
  ResConv 1:  [0.0004741327138617635, -3.1571530598739628e-06, -0.008149590343236923, 0.0004869045515079051]
  ResConv 2:  [0.00027863014838658273, -0.000879199244081974, -0.006043356377631426, -3.779140752158128e-05]
  ResConv 3:  [0.00013114140892867, -0.002354193478822708, -0.004422277212142944, 0.0018442970467731357]
--
--
  ResConv 1:  [0.00047413265565410256, -3.157147602905752e-06, -0.008149590343236923, 0.0004869045515079051]
  ResConv 2:  [0.00027863014838658273, -0.0008791993022896349, -0.006043356377631426, -3.779140024562366e-05]
  ResConv 3:  [0.00013114139437675476, -0.002354193478822708, -0.004422277212142944, 0.0018442970467731357]
--
--
  ResConv 1:  [0.0005658205482177436, 1.849167892942205e-05, -0.010947543196380138, 0.0005794531898573041]
  ResConv 2:  [0.00033512103254906833, -0.001164124463684857, -0.008115459233522415, -0.00012244537356309593]
  ResConv 3:  [0.00014523275604005903, -0.0031687915325164795, -0.005929454695433378, 0.0024390453472733498]
--
--
  ResConv 1:  [0.0005658204900100827, 1.8491675291443244e-05, -0.010947543196380138, 0.0005794531898573041]
  ResConv 2:  [0.0003351210034452379, -0.001164124463684857, -0.008115459233522415, -0.0001224453590111807]
  ResConv 3:  [0.0001452327414881438, -0.0031687915325164795, -0.005929454695433378, 0.0024390453472733498]
--
--
  ResConv 1:  [0.0005658205482177436, 1.849166801548563e-05, -0.010947543196380138, 0.0005794531898573041]
  ResConv 2:  [0.0003351210034452379, -0.001164124463684857, -0.008115459233522415, -0.00012244534445926547]
  ResConv 3:  [0.0001452327851438895, -0.0031687915325164795, -0.005929454695433378, 0.0024390453472733498]
--
--
  ResConv 1:  [0.0005658205482177436, 1.8491660739528015e-05, -0.010947543196380138, 0.0005794531898573041]
  ResConv 2:  [0.0003351210034452379, -0.001164124463684857, -0.008115459233522415, -0.00012244534445926547]
  ResConv 3:  [0.0001452327414881438, -0.0031687915325164795, -0.005929454695433378, 0.0024390453472733498]
--
--
  ResConv 1:  [0.0005658205482177436, 1.849166801548563e-05, -0.010947543196380138, 0.0005794531898573041]
  ResConv 2:  [0.0003351210034452379, -0.001164124463684857, -0.008115459233522415, -0.0001224453590111807]
  ResConv 3:  [0.00014523275604005903, -0.0031687915325164795, -0.005929454695433378, 0.0024390453472733498]
--
--
  ResConv 1:  [0.00040393651579506695, 1.0386627764091827e-05, -0.00772241922095418, 0.00021383084822446108]
  ResConv 2:  [0.00023943028645589948, -0.0008159730350598693, -0.005731527227908373, -0.00024343980476260185]
  ResConv 3:  [0.00012300007801968604, -0.0021919424179941416, -0.004216163884848356, 0.0015219567576423287]
--
--
  ResConv 1:  [0.00040393651579506695, 1.0386630492575932e-05, -0.00772241922095418, 0.000213830906432122]
  ResConv 2:  [0.0002394302428001538, -0.0008159730350598693, -0.00573152769356966, -0.00024343979021068662]
  ResConv 3:  [0.00012300007801968604, -0.0021919424179941416, -0.004216163884848356, 0.0015219567576423287]
--
--
  ResConv 1:  [0.00040393651579506695, 1.0386617759650107e-05, -0.00772241922095418, 0.00021383087732829154]
  ResConv 2:  [0.0002394302428001538, -0.0008159730350598693, -0.00573152769356966, -0.00024343980476260185]
  ResConv 3:  [0.00012300007801968604, -0.0021919424179941416, -0.004216163884848356, 0.0015219567576423287]
--
--
  ResConv 1:  [0.0004039364866912365, 1.0386623216618318e-05, -0.00772241922095418, 0.00021383087732829154]
  ResConv 2:  [0.0002394302428001538, -0.0008159730350598693, -0.00573152769356966, -0.0002434397756587714]
  ResConv 3:  [0.0001230000489158556, -0.0021919424179941416, -0.004216163884848356, 0.0015219569904729724]
--
--
  ResConv 1:  [0.00040393651579506695, 1.0386625035607722e-05, -0.00772241922095418, 0.00021383089188020676]
  ResConv 2:  [0.00023943028645589948, -0.0008159730350598693, -0.00573152769356966, -0.00024343979021068662]
  ResConv 3:  [0.00012300007801968604, -0.0021919424179941416, -0.004216163884848356, 0.0015219569904729724]
--
--
  ResConv 1:  [0.00040893538971431553, -6.728025255142711e-06, -0.009479202330112457, 0.0006274210754781961]
  ResConv 2:  [0.0002126788895111531, -0.001028662663884461, -0.007018032483756542, 8.568389603169635e-06]
  ResConv 3:  [5.376574335969053e-05, -0.00276788417249918, -0.005114118568599224, 0.002228557365015149]
--
--
  ResConv 1:  [0.000408935418818146, -6.728018888679799e-06, -0.009479202330112457, 0.0006274211336858571]
  ResConv 2:  [0.00021267887495923787, -0.001028662663884461, -0.007018032483756542, 8.56838687468553e-06]
  ResConv 3:  [5.3765728807775304e-05, -0.00276788417249918, -0.005114118568599224, 0.002228557365015149]
--
--
  ResConv 1:  [0.00040893538971431553, -6.728027983626816e-06, -0.009479202330112457, 0.0006274210754781961]
  ResConv 2:  [0.00021267887495923787, -0.001028662663884461, -0.007018032483756542, 8.568375960749108e-06]
  ResConv 3:  [5.3765728807775304e-05, -0.00276788417249918, -0.005114118568599224, 0.002228557365015149]
--
--
  ResConv 1:  [0.0004089354770258069, -6.728032076352974e-06, -0.009479202330112457, 0.0006274210754781961]
  ResConv 2:  [0.00021267890406306833, -0.001028662663884461, -0.007018032483756542, 8.568375960749108e-06]
  ResConv 3:  [5.3765750635648146e-05, -0.00276788417249918, -0.005114118568599224, 0.002228557365015149]
--
--
  ResConv 1:  [0.000408935418818146, -6.728013431711588e-06, -0.009479202330112457, 0.0006274210754781961]
  ResConv 2:  [0.00021267890406306833, -0.001028662663884461, -0.007018032483756542, 8.568378689233214e-06]
  ResConv 3:  [5.376574699766934e-05, -0.00276788417249918, -0.005114118568599224, 0.002228557365015149]
--
--
  ResConv 1:  [0.00021311409363988787, 1.242579037352698e-05, -0.006391759496182203, 0.00011006704153260216]
  ResConv 2:  [0.0001018947150441818, -0.0006669037393294275, -0.0047490461729466915, -0.00026393646840006113]
  ResConv 3:  [2.348560701648239e-05, -0.0018122470937669277, -0.0034784304443746805, 0.001217014156281948]
--
--
  ResConv 1:  [0.00021311409363988787, 1.2425784007064067e-05, -0.006391759496182203, 0.00011006707063643262]
  ResConv 2:  [0.0001018947150441818, -0.0006669035647064447, -0.0047490461729466915, -0.0002639364392962307]
  ResConv 3:  [2.3485599740524776e-05, -0.0018122470937669277, -0.0034784304443746805, 0.00121701427269727]
--
--
  ResConv 1:  [0.00021311409363988787, 1.2425784007064067e-05, -0.006391759496182203, 0.00011006708518834785]
  ResConv 2:  [0.0001018947150441818, -0.0006669036811217666, -0.0047490461729466915, -0.0002639364392962307]
  ResConv 3:  [2.3485597921535373e-05, -0.0018122470937669277, -0.003478430677205324, 0.001217014156281948]
--
--
  ResConv 1:  [0.00021311409363988787, 1.2425784007064067e-05, -0.006391759496182203, 0.00011006704880855978]
  ResConv 2:  [0.00010189472959609702, -0.0006669036811217666, -0.0047490461729466915, -0.0002639364392962307]
  ResConv 3:  [2.3485610654461198e-05, -0.0018122470937669277, -0.0034784304443746805, 0.001217014156281948]
--
--
  ResConv 1:  [0.00021311409363988787, 1.2425788554537576e-05, -0.006391759496182203, 0.00011006704880855978]
  ResConv 2:  [0.0001018947150441818, -0.0006669036811217666, -0.0047490461729466915, -0.0002639364392962307]
  ResConv 3:  [2.3485605197492987e-05, -0.0018122470937669277, -0.0034784304443746805, 0.001217014156281948]
--
--
  ResConv 1:  [0.00029727673972956836, 4.097305645700544e-05, -0.007324785925447941, 0.00013012827548664063]
  ResConv 2:  [0.00014416888006962836, -0.0007376360008493066, -0.005444695707410574, -0.00030273402808234096]
  ResConv 3:  [4.387788794701919e-05, -0.002048296621069312, -0.0039917160756886005, 0.0013881436316296458]
--
--
  ResConv 1:  [0.0002972767106257379, 4.097305645700544e-05, -0.007324786391109228, 0.00013012824638281018]
  ResConv 2:  [0.0001441688509657979, -0.0007376360008493066, -0.005444695707410574, -0.0003027340571861714]
  ResConv 3:  [4.3877855205209926e-05, -0.002048296621069312, -0.0039917160756886005, 0.0013881436316296458]
--
--
  ResConv 1:  [0.0002972767106257379, 4.097305645700544e-05, -0.007324785925447941, 0.00013012829003855586]
  ResConv 2:  [0.00014416886551771313, -0.0007376360008493066, -0.005444695707410574, -0.00030273402808234096]
  ResConv 3:  [4.387787339510396e-05, -0.002048296621069312, -0.0039917160756886005, 0.0013881436316296458]
--
--
  ResConv 1:  [0.00029727673972956836, 4.097304554306902e-05, -0.007324785925447941, 0.00013012827548664063]
  ResConv 2:  [0.00014416888006962836, -0.0007376360008493066, -0.005444695707410574, -0.00030273402808234096]
  ResConv 3:  [4.387788430904038e-05, -0.002048296621069312, -0.0039917160756886005, 0.0013881436316296458]
--
--
  ResConv 1:  [0.0002972767106257379, 4.0973052819026634e-05, -0.007324785925447941, 0.00013012827548664063]
  ResConv 2:  [0.00014416886551771313, -0.0007376360008493066, -0.005444695707410574, -0.00030273402808234096]
  ResConv 3:  [4.3877869757125154e-05, -0.002048296621069312, -0.0039917160756886005, 0.0013881433987990022]
--
--
  ResConv 1:  [0.0004887300892733037, 1.180637082143221e-05, -0.007189772091805935, 0.0002768128761090338]
  ResConv 2:  [0.00028772230143658817, -0.0007533839088864625, -0.005328905303031206, -0.00015635228191968054]
  ResConv 3:  [0.00015832707867957652, -0.002036929363384843, -0.003901875112205744, 0.0014922142727300525]
--
--
  ResConv 1:  [0.0004887301474809647, 1.180635536002228e-05, -0.007189772091805935, 0.0002768128761090338]
  ResConv 2:  [0.00028772230143658817, -0.0007533839088864625, -0.005328905303031206, -0.000156352311023511]
  ResConv 3:  [0.00015832709323149174, -0.0020369295962154865, -0.003901875112205744, 0.0014922142727300525]
--
--
  ResConv 1:  [0.0004887301474809647, 1.180634990305407e-05, -0.007189772091805935, 0.0002768128761090338]
  ResConv 2:  [0.0002877223305404186, -0.0007533839088864625, -0.005328905303031206, -0.00015635228191968054]
  ResConv 3:  [0.00015832709323149174, -0.0020369295962154865, -0.003901875112205744, 0.0014922142727300525]
--
--
  ResConv 1:  [0.0004887300892733037, 1.1806364454969298e-05, -0.007189772091805935, 0.0002768128179013729]
  ResConv 2:  [0.0002877222723327577, -0.0007533839088864625, -0.005328905303031206, -0.000156352311023511]
  ResConv 3:  [0.0001583270641276613, -0.0020369295962154865, -0.003901875112205744, 0.0014922142727300525]
--
--
  ResConv 1:  [0.0004887301474809647, 1.1806346265075263e-05, -0.007189772091805935, 0.00027681284700520337]
  ResConv 2:  [0.00028772230143658817, -0.0007533839088864625, -0.005328905303031206, -0.00015635232557542622]
  ResConv 3:  [0.00015832709323149174, -0.0020369295962154865, -0.003901875112205744, 0.0014922142727300525]
--
--
  ResConv 1:  [0.0003529312671162188, -8.196227099688258e-06, -0.007805982604622841, 0.0006685181870125234]
  ResConv 2:  [0.0001915864850161597, -0.0008582753362134099, -0.00576405506581068, 0.00015793179045431316]
  ResConv 3:  [5.761443026131019e-05, -0.0022709958720952272, -0.0042179725132882595, 0.0019306151662021875]
--
--
  ResConv 1:  [0.00035293117980472744, -8.196235285140574e-06, -0.007805982604622841, 0.0006685181870125234]
  ResConv 2:  [0.0001915864850161597, -0.0008582753362134099, -0.00576405506581068, 0.00015793179045431316]
  ResConv 3:  [5.761441934737377e-05, -0.0022709958720952272, -0.0042179725132882595, 0.0019306151662021875]
--
--
  ResConv 1:  [0.00035293123801238835, -8.196229828172363e-06, -0.007805982604622841, 0.0006685181870125234]
  ResConv 2:  [0.0001915864850161597, -0.0008582753362134099, -0.00576405506581068, 0.0001579318050062284]
  ResConv 3:  [5.7614412071416155e-05, -0.0022709958720952272, -0.0042179725132882595, 0.0019306151662021875]
--
--
  ResConv 1:  [0.00035293123801238835, -8.196238923119381e-06, -0.007805982604622841, 0.0006685181870125234]
  ResConv 2:  [0.0001915864850161597, -0.0008582753362134099, -0.00576405506581068, 0.00015793179045431316]
  ResConv 3:  [5.761441934737377e-05, -0.0022709958720952272, -0.0042179725132882595, 0.0019306151662021875]
--
--
  ResConv 1:  [0.00035293123801238835, -8.196248018066399e-06, -0.007805982604622841, 0.0006685181870125234]
  ResConv 2:  [0.00019158647046424448, -0.0008582753362134099, -0.00576405506581068, 0.00015793179045431316]
  ResConv 3:  [5.761440479545854e-05, -0.0022709958720952272, -0.0042179725132882595, 0.0019306151662021875]
--
--
  ResConv 1:  [0.0003365140873938799, 4.374533091322519e-05, -0.0076782964169979095, 0.0003644062380772084]
  ResConv 2:  [0.00017316258163191378, -0.0007825309876352549, -0.005689783021807671, -0.00010481498611625284]
  ResConv 3:  [4.596585495164618e-05, -0.002172045409679413, -0.004166091326624155, 0.0016640261746942997]
--
--
  ResConv 1:  [0.00033651411649771035, 4.374533091322519e-05, -0.0076782964169979095, 0.0003644062380772084]
  ResConv 2:  [0.000173162596183829, -0.000782530929427594, -0.005689783021807671, -0.00010481497156433761]
  ResConv 3:  [4.596585495164618e-05, -0.002172045409679413, -0.004166091326624155, 0.0016640261746942997]
--
--
  ResConv 1:  [0.00033651411649771035, 4.374533091322519e-05, -0.0076782964169979095, 0.0003644062380772084]
  ResConv 2:  [0.00017316258163191378, -0.000782530929427594, -0.005689783021807671, -0.00010481497156433761]
  ResConv 3:  [4.596585495164618e-05, -0.002172045409679413, -0.004166091326624155, 0.0016640260582789779]
--
--
  ResConv 1:  [0.0003365140873938799, 4.3745349103119224e-05, -0.0076782964169979095, 0.0003644062380772084]
  ResConv 2:  [0.000173162596183829, -0.000782530871219933, -0.005689783021807671, -0.00010481498611625284]
  ResConv 3:  [4.596585495164618e-05, -0.002172045409679413, -0.004166091326624155, 0.0016640261746942997]
--
--
  ResConv 1:  [0.0003365141456015408, 4.374533091322519e-05, -0.0076782964169979095, 0.00036440626718103886]
  ResConv 2:  [0.0001731626398395747, -0.0007825309876352549, -0.005689783021807671, -0.00010481497156433761]
  ResConv 3:  [4.596589133143425e-05, -0.002172045409679413, -0.004166091326624155, 0.0016640260582789779]
--
--
  ResConv 1:  [0.0004076445766258985, -6.09051028277463e-07, -0.007978779263794422, 0.0002834617916960269]
  ResConv 2:  [0.00022327569604385644, -0.0008533746004104614, -0.005918680690228939, -0.00020449815201573074]
  ResConv 3:  [9.467693598708138e-05, -0.002291326643899083, -0.004331056494265795, 0.001646262127906084]
--
--
  ResConv 1:  [0.0004076445766258985, -6.090443775974563e-07, -0.007978779263794422, 0.0002834618207998574]
  ResConv 2:  [0.00022327571059577167, -0.0008533747168257833, -0.005918680690228939, -0.00020449810835998505]
  ResConv 3:  [9.467695053899661e-05, -0.002291326643899083, -0.004331056494265795, 0.001646262127906084]
--
--
  ResConv 1:  [0.00040764460572972894, -6.090407964620681e-07, -0.007978779263794422, 0.0002834617916960269]
  ResConv 2:  [0.00022327571059577167, -0.0008533747168257833, -0.005918680690228939, -0.00020449815201573074]
  ResConv 3:  [9.467695781495422e-05, -0.002291326643899083, -0.004331056494265795, 0.0016462620114907622]
--
--
  ResConv 1:  [0.0004076445766258985, -6.090397164371097e-07, -0.007978779263794422, 0.0002834617916960269]
  ResConv 2:  [0.00022327571059577167, -0.0008533747168257833, -0.005918680690228939, -0.00020449812291190028]
  ResConv 3:  [9.467695053899661e-05, -0.002291326643899083, -0.004331056494265795, 0.0016462620114907622]
--
--
  ResConv 1:  [0.0004076445766258985, -6.09045741839509e-07, -0.007978779263794422, 0.0002834618207998574]
  ResConv 2:  [0.00022327568149194121, -0.0008533746586181223, -0.005918680690228939, -0.00020449812291190028]
  ResConv 3:  [9.467693598708138e-05, -0.002291326643899083, -0.004331056494265795, 0.0016462620114907622]
--
--
  ResConv 1:  [0.00043816177640110254, 3.210197974112816e-05, -0.007954095490276814, 0.0003027032071258873]
  ResConv 2:  [0.00023738645541016012, -0.0008236573194153607, -0.00590075459331274, -0.00018139595340471715]
  ResConv 3:  [9.837096149567515e-05, -0.002259112661704421, -0.004319973289966583, 0.0016578278737142682]
--
--
  ResConv 1:  [0.00043816177640110254, 3.210199429304339e-05, -0.007954095490276814, 0.0003027032071258873]
  ResConv 2:  [0.00023738642630632967, -0.0008236573194153607, -0.00590075459331274, -0.00018139595340471715]
  ResConv 3:  [9.83709396678023e-05, -0.002259112661704421, -0.004319973289966583, 0.0016578278737142682]
--
--
  ResConv 1:  [0.0004381617472972721, 3.210199429304339e-05, -0.007954095490276814, 0.00030270323622971773]
  ResConv 2:  [0.00023738645541016012, -0.0008236572612076998, -0.00590075459331274, -0.00018139595340471715]
  ResConv 3:  [9.837095421971753e-05, -0.002259112661704421, -0.004319973289966583, 0.0016578278737142682]
--
--
  ResConv 1:  [0.00043816177640110254, 3.210199429304339e-05, -0.007954095490276814, 0.0003027032071258873]
  ResConv 2:  [0.00023738645541016012, -0.0008236573776230216, -0.00590075459331274, -0.00018139595340471715]
  ResConv 3:  [9.837095421971753e-05, -0.002259112661704421, -0.004319973289966583, 0.0016578278737142682]
--
--
  ResConv 1:  [0.00043816177640110254, 3.210198337910697e-05, -0.007954095490276814, 0.0003027032071258873]
  ResConv 2:  [0.00023738642630632967, -0.0008236573194153607, -0.00590075459331274, -0.00018139595340471715]
  ResConv 3:  [9.83709396678023e-05, -0.002259112661704421, -0.004319973289966583, 0.0016578278737142682]
--
--
  ResConv 1:  [0.00041220278944820166, 2.5299799744971097e-05, -0.007988995872437954, 0.00039293657755479217]
  ResConv 2:  [0.00021907404880039394, -0.0008356799371540546, -0.005914069712162018, -0.00010122209641849622]
  ResConv 3:  [8.025456190807745e-05, -0.002282785251736641, -0.004323187284171581, 0.0017429930157959461]
--
--
  ResConv 1:  [0.0004122028185520321, 2.529979610699229e-05, -0.007988995872437954, 0.0003929366357624531]
  ResConv 2:  [0.00021907406335230917, -0.0008356798207387328, -0.0059140692465007305, -0.00010122208914253861]
  ResConv 3:  [8.025455463211983e-05, -0.002282785251736641, -0.004323186818510294, 0.0017429930157959461]
--
--
  ResConv 1:  [0.00041220284765586257, 2.5299808839918114e-05, -0.007988995872437954, 0.0003929366357624531]
  ResConv 2:  [0.00021907410700805485, -0.0008356797625310719, -0.005914069712162018, -0.00010122206003870815]
  ResConv 3:  [8.02545910119079e-05, -0.002282785251736641, -0.004323187284171581, 0.0017429930157959461]
--
--
  ResConv 1:  [0.0004122028185520321, 2.529979610699229e-05, -0.007988995872437954, 0.00039293657755479217]
  ResConv 2:  [0.00021907410700805485, -0.0008356798207387328, -0.0059140692465007305, -0.00010122207459062338]
  ResConv 3:  [8.025457645999268e-05, -0.002282785251736641, -0.004323187284171581, 0.0017429930157959461]
--
--
  ResConv 1:  [0.0004122028185520321, 2.529979610699229e-05, -0.007988995872437954, 0.00039293657755479217]
  ResConv 2:  [0.00021907406335230917, -0.0008356799371540546, -0.0059140692465007305, -0.00010122208914253861]
  ResConv 3:  [8.025456190807745e-05, -0.002282785251736641, -0.004323187284171581, 0.0017429930157959461]
--
--
  ResConv 1:  [0.00042966665932908654, 3.5541590477805585e-05, -0.008170019835233688, 0.0006775754736736417]
  ResConv 2:  [0.0002354223106522113, -0.0008520769770257175, -0.006035016383975744, 0.00013455457519739866]
  ResConv 3:  [8.563001028960571e-05, -0.0023357791360467672, -0.004408383276313543, 0.0020055347122251987]
--
--
  ResConv 1:  [0.0004296666302252561, 3.554158320184797e-05, -0.008170019835233688, 0.0006775754154659808]
  ResConv 2:  [0.00023542226699646562, -0.0008520769770257175, -0.006035016383975744, 0.00013455453154165298]
  ResConv 3:  [8.562998846173286e-05, -0.0023357791360467672, -0.004408383276313543, 0.0020055347122251987]
--
--
  ResConv 1:  [0.00042966665932908654, 3.5541590477805585e-05, -0.008170019835233688, 0.0006775754154659808]
  ResConv 2:  [0.00023542226699646562, -0.0008520770352333784, -0.006035016383975744, 0.0001345545460935682]
  ResConv 3:  [8.562998846173286e-05, -0.0023357791360467672, -0.004408383276313543, 0.0020055347122251987]
--
--
  ResConv 1:  [0.00042966657201759517, 3.5541601391742006e-05, -0.008170019835233688, 0.0006775754154659808]
  ResConv 2:  [0.00023542226699646562, -0.0008520770352333784, -0.006035016383975744, 0.0001345545460935682]
  ResConv 3:  [8.562997390981764e-05, -0.0023357791360467672, -0.004408383276313543, 0.0020055347122251987]
--
--
  ResConv 1:  [0.00042966657201759517, 3.5541590477805585e-05, -0.008170019835233688, 0.0006775754736736417]
  ResConv 2:  [0.00023542226699646562, -0.0008520770352333784, -0.006035016383975744, 0.00013455457519739866]
  ResConv 3:  [8.562998846173286e-05, -0.0023357791360467672, -0.004408383276313543, 0.0020055347122251987]
--
--> New best solution for Validation dataset achieved at 4 / 2000: 0.05712241048200263 (8.961489% better)
--
  ResConv 1:  [0.000629414978902787, 2.9129274480510503e-05, -0.012362327426671982, 0.0012314290506765246]
  ResConv 2:  [0.000375760457245633, -0.0013395511778071523, -0.009093010798096657, 0.0003885350306518376]
  ResConv 3:  [0.00013290239439811558, -0.0036119259893894196, -0.006645851768553257, 0.003224822459742427]
--
--
  ResConv 1:  [0.000593701028265059, 2.6886714294960257e-06, -0.009206405840814114, 0.0005544333253055811]
  ResConv 2:  [0.00035691054654307663, -0.0010140632512047887, -0.006803416181355715, -2.9610773708554916e-05]
  ResConv 3:  [0.0001920213981065899, -0.002705022692680359, -0.004960927180945873, 0.0021276716142892838]
--
--
  ResConv 1:  [0.000325717352097854, 5.8462446759222075e-05, -0.00923202745616436, 0.000977023970335722]
  ResConv 2:  [0.00013052191934548318, -0.001019596471451223, -0.006767564453184605, 0.00036356932832859457]
  ResConv 3:  [-5.286803570925258e-05, -0.0027550128288567066, -0.0049244617111980915, 0.0025095315650105476]
--
--
  ResConv 1:  [0.0003950019890908152, 1.8282858945894986e-05, -0.008172024972736835, 0.0004744123434647918]
  ResConv 2:  [0.00021970596571918577, -0.0009408434270881116, -0.0060189818032085896, -1.704441092442721e-05]
  ResConv 3:  [8.755588351050392e-05, -0.002481565112248063, -0.0043815686367452145, 0.0019224603893235326]
--
--
  ResConv 1:  [0.00041873694863170385, 3.477725476841442e-05, -0.006821898743510246, 0.00027213976136408746]
  ResConv 2:  [0.0002466266741976142, -0.0007782620959915221, -0.005009972490370274, -0.00013613364717457443]
  ResConv 3:  [0.00013056708849035203, -0.002086151158437133, -0.0036186815705150366, 0.001528326771222055]
--
--
  ResConv 1:  [0.00039255147567018867, 5.388444333220832e-05, -0.007526094559580088, 0.00028948922408744693]
  ResConv 2:  [0.00023403504746966064, -0.0008655733545310795, -0.005520455539226532, -0.0001474043820053339]
  ResConv 3:  [0.0001193781936308369, -0.0023278212174773216, -0.003987699747085571, 0.0016984116518869996]
--
--
  ResConv 1:  [0.0004498370108194649, 5.912995038670488e-05, -0.006921194493770599, 0.0002998108393512666]
  ResConv 2:  [0.0002662893966771662, -0.0008038365049287677, -0.005072322674095631, -0.00010294552339473739]
  ResConv 3:  [0.0001428645191481337, -0.0021592676639556885, -0.0036585545167326927, 0.0015937797725200653]
--
--
  ResConv 1:  [0.0004329684015829116, 3.150306656607427e-05, -0.008521013893187046, 0.0004003866924904287]
  ResConv 2:  [0.00023786001838743687, -0.0010632905177772045, -0.006232111249119043, -0.00011374953464837745]
  ResConv 3:  [0.00010509590356377885, -0.00278788642026484, -0.004461171105504036, 0.002030974719673395]
--
--
  ResConv 1:  [0.000501654576510191, 2.3485861674998887e-05, -0.008042678236961365, 0.0005731630371883512]
  ResConv 2:  [0.0002841084497049451, -0.001036370056681335, -0.005866037216037512, 7.831917173461989e-05]
  ResConv 3:  [0.00013477637548930943, -0.0026509128510951996, -0.004218522924929857, 0.002044930122792721]
--
--
  ResConv 1:  [0.0004296019033063203, 2.433606823615264e-05, -0.007776172831654549, 0.0002693195710889995]
  ResConv 2:  [0.00025243955315090716, -0.0010170518653467298, -0.005678939167410135, -0.0001949398429132998]
  ResConv 3:  [0.00012270751176401973, -0.0026310125831514597, -0.004052089527249336, 0.0017940928228199482]
--
--
  ResConv 1:  [0.0004679604317061603, -1.1928416824957822e-05, -0.009396165609359741, 0.0009083066834136844]
  ResConv 2:  [0.0002425927814329043, -0.0013258276740089059, -0.0068175215274095535, 0.00027143859188072383]
  ResConv 3:  [6.0718084569089115e-05, -0.003321035299450159, -0.004853764083236456, 0.002651413669809699]
--
--
  ResConv 1:  [0.0004409198008943349, 3.548842141753994e-05, -0.007058869581669569, 0.0002654865093063563]
  ResConv 2:  [0.00024000501434784383, -0.000947704422287643, -0.005135761108249426, -0.0001555480557726696]
  ResConv 3:  [0.00011442010872997344, -0.0024332536850124598, -0.003662537084892392, 0.0016400489257648587]
--
--
  ResConv 1:  [0.00042811338789761066, -8.663017069920897e-06, -0.009355330839753151, 0.00047881726641207933]
  ResConv 2:  [0.00018638257461134344, -0.0013538510538637638, -0.006789767649024725, -9.683975804364309e-05]
  ResConv 3:  [8.477863957523368e-06, -0.0033643099013715982, -0.004845742601901293, 0.0022803854662925005]
--
--
  ResConv 1:  [0.0005166448536328971, 4.760915180668235e-05, -0.008053751662373543, 0.00034894226700998843]
  ResConv 2:  [0.0002791239821817726, -0.0011273071868345141, -0.005848905071616173, -0.0001464496599510312]
  ResConv 3:  [0.00013078728807158768, -0.002870222320780158, -0.00417022081092, 0.0019062786595895886]
--
--
  ResConv 1:  [0.00044082230306230485, 4.2400941310916096e-05, -0.008517502807080746, 0.000442603079136461]
  ResConv 2:  [0.0002063341235043481, -0.001235257019288838, -0.0061623714864254, -0.00010856962035177276]
  ResConv 3:  [4.3372030631871894e-05, -0.0031292084604501724, -0.00436992896720767, 0.002100511221215129]
--
--
  ResConv 1:  [0.0005040506948716938, -7.2532129706814885e-06, -0.008890939876437187, 0.00046880473382771015]
  ResConv 2:  [0.00027049024356529117, -0.0013496724423021078, -0.0064414311200380325, -0.00011584082676563412]
  ResConv 3:  [0.00011955153604503721, -0.0033349611330777407, -0.0045660557225346565, 0.0021727741695940495]
--
--
  ResConv 1:  [0.00048273440916091204, 2.898513776017353e-05, -0.008369218558073044, 0.0002985372266266495]
  ResConv 2:  [0.00025346275651827455, -0.0012610160047188401, -0.0060496339574456215, -0.00024930667132139206]
  ResConv 3:  [0.00010393236152594909, -0.003150381613522768, -0.004281391389667988, 0.0019255814841017127]
--
--
  ResConv 1:  [0.0003701522946357727, 3.910107261617668e-05, -0.00606703944504261, 0.00015976396389305592]
  ResConv 2:  [0.00019861994951497763, -0.0009052251116372645, -0.004385024309158325, -0.00022717782121617347]
  ResConv 3:  [0.00010425936488900334, -0.0022716785315424204, -0.0031070567201822996, 0.00133104482665658]
--
--
  ResConv 1:  [0.0005309985717758536, -4.6057786676101387e-05, -0.009531459771096706, 0.0005066617741249502]
  ResConv 2:  [0.00027203449280932546, -0.001584880519658327, -0.006870011333376169, -0.00017196605040226132]
  ResConv 3:  [0.00010318965360056609, -0.0038119081873446703, -0.004841777496039867, 0.0023077891673892736]
--
--
  ResConv 1:  [0.0005307657411321998, -5.3686467254010495e-06, -0.008297747001051903, 0.0003822728176601231]
  ResConv 2:  [0.0002931405324488878, -0.0013566090492531657, -0.005981168244034052, -0.00018863682635128498]
  ResConv 3:  [0.00014445747365243733, -0.0032821944914758205, -0.004234169144183397, 0.0019323024898767471]
--
--
  ResConv 1:  [0.000444481847807765, 1.1976890164078213e-05, -0.007495185825973749, 0.00038302349275909364]
  ResConv 2:  [0.0002350976865272969, -0.0012406239984557033, -0.0053740013390779495, -0.00015245963004417717]
  ResConv 3:  [0.00010406861110823229, -0.003026585793122649, -0.003779770340770483, 0.0017952400958165526]
--
--
  ResConv 1:  [0.0005370802828110754, 2.925406261056196e-05, -0.00930696539580822, 0.0008736979216337204]
  ResConv 2:  [0.0002796015178319067, -0.0015828111208975315, -0.0066507128067314625, 0.00013961030344944447]
  ResConv 3:  [9.611110726837069e-05, -0.0038475035689771175, -0.004662835504859686, 0.002542338566854596]
--
--
  ResConv 1:  [0.0005396098713390529, 6.415394454961643e-05, -0.0073075671680271626, 0.0003208233683835715]
  ResConv 2:  [0.0002854704507626593, -0.0011939945397898555, -0.005233128555119038, -0.00021944765467196703]
  ResConv 3:  [0.0001397521555190906, -0.0029698864091187716, -0.003670958336442709, 0.0016829300438985229]
--
--
  ResConv 1:  [0.0003800349950324744, 2.2446685761678964e-05, -0.008532085455954075, 0.00030332242022268474]
  ResConv 2:  [0.00017488627054262906, -0.0014788248809054494, -0.006102185696363449, -0.00034417209099046886]
  ResConv 3:  [4.534884647000581e-05, -0.0036057608667761087, -0.004263162147253752, 0.00191369594540447]
--
--
  ResConv 1:  [0.0005051094340160489, 2.515066989872139e-05, -0.007725357078015804, 0.0005958065157756209]
  ResConv 2:  [0.00026032738969661295, -0.0013802136527374387, -0.005489761009812355, -1.3464509720506612e-05]
  ResConv 3:  [0.0001073079984053038, -0.0032992444466799498, -0.0038549972232431173, 0.0019545035902410746]
--
--
  ResConv 1:  [0.00047986418940126896, 2.136588045686949e-05, -0.007688815705478191, 0.00043411474325694144]
  ResConv 2:  [0.00024416393716819584, -0.0013802764005959034, -0.005479111336171627, -0.00018556302529759705]
  ResConv 3:  [0.00010548540740273893, -0.003332617459818721, -0.0038187410682439804, 0.001832502312026918]
--
--
  ResConv 1:  [0.0005473667406477034, 1.4951539924368262e-05, -0.00972768384963274, 0.0009181976201944053]
  ResConv 2:  [0.0002703890495467931, -0.0018367558950558305, -0.006884791422635317, 7.281667058123276e-05]
  ResConv 3:  [7.034520240267739e-05, -0.004353480413556099, -0.004800887778401375, 0.002602725988253951]
--
--
  ResConv 1:  [0.000616232049651444, 1.5679476064178743e-06, -0.008678006939589977, 0.0004996560164727271]
  ResConv 2:  [0.00030712116858921945, -0.0016278408002108335, -0.006164371967315674, -0.0002153924579033628]
  ResConv 3:  [0.00012696873454842716, -0.0038521783426404, -0.004307307302951813, 0.0020426621194928885]
--
--
  ResConv 1:  [0.0005615073605440557, 2.4017472242121585e-05, -0.007748336065560579, 0.0005908552557229996]
  ResConv 2:  [0.0002873799530789256, -0.001463585183955729, -0.00548481335863471, -7.795407873345539e-05]
  ResConv 3:  [0.000129151318105869, -0.0034743354190140963, -0.003827518317848444, 0.0019388655200600624]
--
--
  ResConv 1:  [0.0003889554354827851, -1.4717025806021411e-05, -0.009555085562169552, 0.0006147573585622013]
  ResConv 2:  [0.00015252269804477692, -0.0018821361009031534, -0.006763464771211147, -0.00022728301701135933]
  ResConv 3:  [-1.8955168343381956e-05, -0.0044433060102164745, -0.004687929060310125, 0.0023497475776821375]
--
--
  ResConv 1:  [0.0004869045515079051, 2.1441370336106047e-05, -0.007625243626534939, 0.00025621172972023487]
  ResConv 2:  [0.0002515652449801564, -0.0014602858573198318, -0.005420539062470198, -0.000380959507310763]
  ResConv 3:  [0.00010702339932322502, -0.003482651198282838, -0.003774006152525544, 0.0016689359908923507]
--
--
  ResConv 1:  [0.0005310180713422596, 2.974102972075343e-05, -0.008404221385717392, 0.0007113181054592133]
  ResConv 2:  [0.000265283917542547, -0.0016707108588889241, -0.005909752566367388, -5.8261928643332794e-05]
  ResConv 3:  [9.760086686583236e-05, -0.003934952896088362, -0.004095042124390602, 0.0021684507373720407]
--
--
  ResConv 1:  [0.00042308069532737136, -1.25202423078008e-05, -0.006874161772429943, 0.00020336957823019475]
  ResConv 2:  [0.00020858219068031758, -0.0013820556923747063, -0.004858988802880049, -0.0003856846014969051]
  ResConv 3:  [9.437457629246637e-05, -0.003241739235818386, -0.0033597645815461874, 0.0014943971764296293]
--
--
  ResConv 1:  [0.0006355918594636023, -1.158304530690657e-05, -0.009221532382071018, 0.0004636390076484531]
  ResConv 2:  [0.0003216574259568006, -0.0018806844018399715, -0.006512162741273642, -0.00037334038643166423]
  ResConv 3:  [0.00013615621719509363, -0.004411967936903238, -0.00450493348762393, 0.0021514659747481346]
--
--
  ResConv 1:  [0.0003963763592764735, 1.7247230061911978e-05, -0.007544553838670254, 0.0004906724207103252]
  ResConv 2:  [0.00019480619812384248, -0.0015444332966580987, -0.005315537564456463, -0.00019680827972479165]
  ResConv 3:  [6.161259807413444e-05, -0.0036285892128944397, -0.0036829125601798296, 0.001846114988438785]
--
--
  ResConv 1:  [0.0004968680441379547, -3.737627775990404e-05, -0.010984589345753193, 0.0009328253217972815]
  ResConv 2:  [0.00018246042600367218, -0.00236856029368937, -0.007703667972236872, -0.00013602781109511852]
  ResConv 3:  [-4.3173600715817884e-05, -0.005501484498381615, -0.005305521655827761, 0.002919998951256275]
--
--
  ResConv 1:  [0.0005262944614514709, 3.779359531108639e-06, -0.008612506091594696, 0.0006409741472452879]
  ResConv 2:  [0.0002426465362077579, -0.0018147187074646354, -0.006050647236406803, -0.00019591105228755623]
  ResConv 3:  [7.121709495550022e-05, -0.004260037560015917, -0.004163319244980812, 0.002200647722929716]
--
--
  ResConv 1:  [0.0004748807696159929, 1.3983564713271335e-05, -0.00928573403507471, 0.000893567455932498]
  ResConv 2:  [0.00020206197223160416, -0.0020072520710527897, -0.00649537006393075, -3.544707578839734e-05]
  ResConv 3:  [1.900811548694037e-05, -0.004641474690288305, -0.0044975560158491135, 0.002499012276530266]
--
--
  ResConv 1:  [0.00041808493551798165, 1.1485324648674577e-05, -0.007576690521091223, 0.0003916882269550115]
  ResConv 2:  [0.000191906641703099, -0.0016280630370602012, -0.005307559389621019, -0.000328122143400833]
  ResConv 3:  [5.9609774325508624e-05, -0.0038088688161224127, -0.003644003067165613, 0.00181959371548146]
--
--
  ResConv 1:  [0.0004355092823971063, 3.05332760035526e-05, -0.006948675494641066, 0.00028125097742304206]
  ResConv 2:  [0.00020334469445515424, -0.001470899791456759, -0.0048734950833022594, -0.0003686534764710814]
  ResConv 3:  [7.713747618254274e-05, -0.003471352392807603, -0.003351301420480013, 0.0016156836645677686]
--
--
  ResConv 1:  [0.0004009641706943512, -2.8503575322247343e-06, -0.0072105745784938335, 0.0002893077034968883]
  ResConv 2:  [0.00017360213678330183, -0.0015806052833795547, -0.0050463550724089146, -0.00039863254642114043]
  ResConv 3:  [4.220743358018808e-05, -0.0037003797478973866, -0.0034435924608260393, 0.0017122875433415174]
--
--
  ResConv 1:  [0.00045303060323931277, -4.393429207993904e-06, -0.008272215723991394, 0.0006721267127431929]
  ResConv 2:  [0.00018860820273403078, -0.0018615855369716883, -0.005770528689026833, -0.00014509451284538954]
  ResConv 3:  [3.672105594887398e-05, -0.004286590032279491, -0.003967116586863995, 0.0021958297584205866]
--
--
  ResConv 1:  [0.00045303060323931277, -4.39344239566708e-06, -0.008272215723991394, 0.0006721267709508538]
  ResConv 2:  [0.00018860820273403078, -0.0018615855369716883, -0.005770528689026833, -0.00014509451284538954]
  ResConv 3:  [3.6721037758979946e-05, -0.004286590032279491, -0.003967116586863995, 0.0021958297584205866]
--
--
  ResConv 1:  [0.00045303060323931277, -4.39341692981543e-06, -0.008272215723991394, 0.0006721267127431929]
  ResConv 2:  [0.00018860820273403078, -0.0018615855369716883, -0.005770528223365545, -0.00014509452739730477]
  ResConv 3:  [3.672105958685279e-05, -0.004286590032279491, -0.003967116586863995, 0.0021958297584205866]
--
--
  ResConv 1:  [0.00045303060323931277, -4.393424205773044e-06, -0.008272215723991394, 0.0006721267127431929]
  ResConv 2:  [0.00018860820273403078, -0.0018615855369716883, -0.005770528223365545, -0.00014509451284538954]
  ResConv 3:  [3.672104503493756e-05, -0.004286590032279491, -0.003967116586863995, 0.0021958297584205866]
--
--
  ResConv 1:  [0.0004530306614469737, -4.39343239122536e-06, -0.008272215723991394, 0.0006721267127431929]
  ResConv 2:  [0.00018860820273403078, -0.0018615855369716883, -0.005770528223365545, -0.00014509451284538954]
  ResConv 3:  [3.6721052310895175e-05, -0.004286590032279491, -0.003967116586863995, 0.0021958297584205866]
--
--
  ResConv 1:  [0.0003892552340403199, 2.7905634851776995e-05, -0.007589988876134157, 0.00033229769906029105]
  ResConv 2:  [0.0001730162330204621, -0.0016654781065881252, -0.005303125362843275, -0.0003992149722762406]
  ResConv 3:  [4.541932139545679e-05, -0.00392474140971899, -0.0036235845182090998, 0.0018314688932150602]
--
--
  ResConv 1:  [0.00038925529224798083, 2.7905629394808784e-05, -0.007589988876134157, 0.0003322977281641215]
  ResConv 2:  [0.00017301626212429255, -0.0016654779901728034, -0.005303125362843275, -0.0003992149722762406]
  ResConv 3:  [4.541935049928725e-05, -0.003924740944057703, -0.0036235847510397434, 0.0018314688932150602]
--
--
  ResConv 1:  [0.0003892552631441504, 2.7905634851776995e-05, -0.007589988876134157, 0.00033229769906029105]
  ResConv 2:  [0.00017301624757237732, -0.0016654781065881252, -0.005303125362843275, -0.0003992149722762406]
  ResConv 3:  [4.541934686130844e-05, -0.003924740944057703, -0.0036235845182090998, 0.0018314688932150602]
--
--
  ResConv 1:  [0.0003892552631441504, 2.7905631213798188e-05, -0.007589988876134157, 0.0003322977281641215]
  ResConv 2:  [0.00017301624757237732, -0.0016654781065881252, -0.005303125362843275, -0.0003992149722762406]
  ResConv 3:  [4.541935049928725e-05, -0.003924740944057703, -0.0036235847510397434, 0.0018314688932150602]
--
--
  ResConv 1:  [0.0003892552631441504, 2.7905620299861766e-05, -0.007589988876134157, 0.0003322977281641215]
  ResConv 2:  [0.0001730162330204621, -0.0016654781065881252, -0.005303125362843275, -0.0003992149140685797]
  ResConv 3:  [4.5419328671414405e-05, -0.00392474140971899, -0.0036235845182090998, 0.0018314688932150602]
--
--
  ResConv 1:  [0.00046485455823130906, -1.587746555742342e-05, -0.008910706266760826, 0.00038321033935062587]
  ResConv 2:  [0.00021462047880049795, -0.00199701520614326, -0.006242371164262295, -0.0004699864366557449]
  ResConv 3:  [5.1349510613363236e-05, -0.004642795771360397, -0.004274978768080473, 0.0021497062407433987]
--
--
  ResConv 1:  [0.00046485461643896997, -1.5877481928328052e-05, -0.008910706266760826, 0.00038321033935062587]
  ResConv 2:  [0.00021462049335241318, -0.00199701520614326, -0.0062423706986010075, -0.0004699864366557449]
  ResConv 3:  [5.134953244123608e-05, -0.004642795771360397, -0.004274978768080473, 0.0021497064735740423]
--
--
  ResConv 1:  [0.00046485461643896997, -1.587748010933865e-05, -0.008910706266760826, 0.00038321033935062587]
  ResConv 2:  [0.00021462047880049795, -0.00199701520614326, -0.0062423706986010075, -0.00046998640755191445]
  ResConv 3:  [5.134951425134204e-05, -0.004642795771360397, -0.004274978768080473, 0.0021497062407433987]
--
--
  ResConv 1:  [0.0004648545873351395, -1.587748010933865e-05, -0.008910706266760826, 0.0003832103102467954]
  ResConv 2:  [0.00021462047880049795, -0.00199701520614326, -0.0062423706986010075, -0.0004699864366557449]
  ResConv 3:  [5.134950333740562e-05, -0.004642795771360397, -0.004274978768080473, 0.0021497062407433987]
--
--
  ResConv 1:  [0.00046485461643896997, -1.587747101439163e-05, -0.008910706266760826, 0.0003832103102467954]
  ResConv 2:  [0.00021462047880049795, -0.00199701520614326, -0.0062423706986010075, -0.0004699864366557449]
  ResConv 3:  [5.134951425134204e-05, -0.004642795771360397, -0.004274978768080473, 0.0021497062407433987]
--
--
  ResConv 1:  [0.0005176050472073257, 6.72298701829277e-05, -0.007644924800843, 0.0005582831217907369]
  ResConv 2:  [0.00024778302758932114, -0.001644263043999672, -0.005324227269738913, -0.0001978090003831312]
  ResConv 3:  [9.624877566238865e-05, -0.003884625853970647, -0.0036576080601662397, 0.001985918963328004]
--
--
  ResConv 1:  [0.0005176050472073257, 6.722987745888531e-05, -0.007644924800843, 0.000558283063583076]
  ResConv 2:  [0.0002477829693816602, -0.0016442629275843501, -0.005324227269738913, -0.00019780901493504643]
  ResConv 3:  [9.62487465585582e-05, -0.003884625853970647, -0.0036576080601662397, 0.001985918963328004]
--
--
  ResConv 1:  [0.0005176050472073257, 6.722987745888531e-05, -0.007644924800843, 0.0005582831217907369]
  ResConv 2:  [0.0002477829984854907, -0.001644263043999672, -0.0053242277354002, -0.0001978090003831312]
  ResConv 3:  [9.624875383451581e-05, -0.003884625853970647, -0.0036576080601662397, 0.001985918963328004]
--
--
  ResConv 1:  [0.0005176050472073257, 6.722986290697008e-05, -0.007644924800843, 0.000558283063583076]
  ResConv 2:  [0.00024778294027782977, -0.001644263043999672, -0.005324227269738913, -0.00019780901493504643]
  ResConv 3:  [9.624873200664297e-05, -0.003884625853970647, -0.0036576080601662397, 0.001985918963328004]
--
--
  ResConv 1:  [0.0005176049889996648, 6.722987745888531e-05, -0.007644924800843, 0.0005582831217907369]
  ResConv 2:  [0.00024778294027782977, -0.001644263043999672, -0.005324227269738913, -0.0001978090003831312]
  ResConv 3:  [9.624873200664297e-05, -0.003884625853970647, -0.0036576080601662397, 0.0019859191961586475]
--
--
  ResConv 1:  [0.0003800791164394468, 4.998902295483276e-05, -0.007388763129711151, 0.0002083338622469455]
  ResConv 2:  [0.00015864371380303055, -0.001585508813150227, -0.005177597049623728, -0.00048489082837477326]
  ResConv 3:  [4.099907891941257e-05, -0.0037747712340205908, -0.003544585080817342, 0.001691343728452921]
--
--
  ResConv 1:  [0.0003800791164394468, 4.99890411447268e-05, -0.007388763129711151, 0.00020833389135077596]
  ResConv 2:  [0.00015864369925111532, -0.0015855086967349052, -0.005177597049623728, -0.0004848907992709428]
  ResConv 3:  [4.099906436749734e-05, -0.0037747714668512344, -0.003544585080817342, 0.001691343728452921]
--
--
  ResConv 1:  [0.0003800791164394468, 4.9989044782705605e-05, -0.007388763129711151, 0.00020833387679886073]
  ResConv 2:  [0.00015864369925111532, -0.001585508813150227, -0.005177597049623728, -0.0004848907992709428]
  ResConv 3:  [4.0999071643454954e-05, -0.003774771699681878, -0.003544585080817342, 0.001691343728452921]
--
--
  ResConv 1:  [0.0003800791164394468, 4.998902659281157e-05, -0.007388763129711151, 0.00020833387679886073]
  ResConv 2:  [0.00015864371380303055, -0.001585508813150227, -0.005177597049623728, -0.00048489082837477326]
  ResConv 3:  [4.0999071643454954e-05, -0.0037747714668512344, -0.003544585080817342, 0.001691343728452921]
--
--
  ResConv 1:  [0.0003800791164394468, 4.99890411447268e-05, -0.007388763129711151, 0.0002083338622469455]
  ResConv 2:  [0.00015864371380303055, -0.001585508813150227, -0.005177597049623728, -0.0004848907992709428]
  ResConv 3:  [4.099907891941257e-05, -0.0037747714668512344, -0.003544585080817342, 0.001691343728452921]
--
--
  ResConv 1:  [0.00044722072198055685, -2.2611611711909063e-05, -0.010164819657802582, 0.0006160050979815423]
  ResConv 2:  [0.00017303724598605186, -0.002313700271770358, -0.007095347158610821, -0.00039232245762832463]
  ResConv 3:  [-1.9175557099515572e-05, -0.005373283755034208, -0.0048435465432703495, 0.002611901145428419]
--
--
  ResConv 1:  [0.0004472207510843873, -2.2611613530898467e-05, -0.010164819657802582, 0.0006160049815662205]
  ResConv 2:  [0.00017303724598605186, -0.002313700271770358, -0.007095347158610821, -0.000392322544939816]
  ResConv 3:  [-1.917555164254736e-05, -0.005373283755034208, -0.0048435465432703495, 0.0026119013782590628]
--
--
  ResConv 1:  [0.00044722072198055685, -2.261160443595145e-05, -0.010164819657802582, 0.0006160049815662205]
  ResConv 2:  [0.00017303724598605186, -0.002313700271770358, -0.007095347624272108, -0.000392322544939816]
  ResConv 3:  [-1.917556073749438e-05, -0.005373282823711634, -0.0048435465432703495, 0.002611901145428419]
--
--
  ResConv 1:  [0.0004472206928767264, -2.261161534988787e-05, -0.010164819657802582, 0.0006160049815662205]
  ResConv 2:  [0.00017303720233030617, -0.002313700271770358, -0.007095347158610821, -0.000392322544939816]
  ResConv 3:  [-1.91755716514308e-05, -0.005373282823711634, -0.0048435465432703495, 0.002611901145428419]
--
--
  ResConv 1:  [0.00044722072198055685, -2.2611600797972642e-05, -0.010164819657802582, 0.0006160049815662205]
  ResConv 2:  [0.00017303724598605186, -0.002313700271770358, -0.007095347158610821, -0.0003923224867321551]
  ResConv 3:  [-1.917556073749438e-05, -0.005373282823711634, -0.004843547008931637, 0.002611901145428419]
--
--
  ResConv 1:  [0.0004200264811515808, 6.260102964006364e-05, -0.009531959891319275, 0.0006785597652196884]
  ResConv 2:  [0.00017795742314774543, -0.002096979646012187, -0.0066458191722631454, -0.00025289933546446264]
  ResConv 3:  [-8.671923978909035e-08, -0.004938271827995777, -0.004556956235319376, 0.002502778545022011]
--
--
  ResConv 1:  [0.0004200264811515808, 6.260102236410603e-05, -0.009531959891319275, 0.0006785597652196884]
  ResConv 2:  [0.00017795742314774543, -0.002096979646012187, -0.0066458191722631454, -0.0002528993645682931]
  ResConv 3:  [-8.671040774288485e-08, -0.004938271827995777, -0.004556956235319376, 0.002502778545022011]
--
--
  ResConv 1:  [0.00042002645204775035, 6.260103691602126e-05, -0.009531959891319275, 0.0006785597652196884]
  ResConv 2:  [0.00017795742314774543, -0.002096979646012187, -0.006645818706601858, -0.00025289933546446264]
  ResConv 3:  [-8.6722550918239e-08, -0.004938271827995777, -0.004556956235319376, 0.002502778545022011]
--
--
  ResConv 1:  [0.0004200264811515808, 6.260102964006364e-05, -0.009531959891319275, 0.0006785595905967057]
  ResConv 2:  [0.0001779574085958302, -0.002096979646012187, -0.0066458191722631454, -0.0002528993645682931]
  ResConv 3:  [-8.674020790522263e-08, -0.004938271827995777, -0.004556956235319376, 0.002502778545022011]
--
--
  ResConv 1:  [0.0004200264811515808, 6.260103691602126e-05, -0.009531959891319275, 0.0006785596488043666]
  ResConv 2:  [0.0001779574085958302, -0.002096979646012187, -0.0066458191722631454, -0.0002528993645682931]
  ResConv 3:  [-8.672806472986849e-08, -0.00493827136233449, -0.004556956235319376, 0.002502778545022011]
--
--
  ResConv 1:  [0.00037744786823168397, -2.732713937803055e-06, -0.007201369386166334, 0.0003486893547233194]
  ResConv 2:  [0.00018993190315086395, -0.0015927525237202644, -0.005040478426963091, -0.00033704176894389093]
  ResConv 3:  [7.733148959232494e-05, -0.0037111430428922176, -0.0034533431753516197, 0.0017538395477458835]
--
--
  ResConv 1:  [0.0003774478391278535, -2.732702569119283e-06, -0.007201369386166334, 0.00034868932561948895]
  ResConv 2:  [0.00018993184494320303, -0.0015927526401355863, -0.005040478426963091, -0.0003370417980477214]
  ResConv 3:  [7.733145321253687e-05, -0.0037111430428922176, -0.0034533431753516197, 0.0017538395477458835]
--
--
  ResConv 1:  [0.00037744786823168397, -2.7327125735610025e-06, -0.007201369386166334, 0.00034868932561948895]
  ResConv 2:  [0.00018993188859894872, -0.0015927526401355863, -0.005040478426963091, -0.0003370417980477214]
  ResConv 3:  [7.733148959232494e-05, -0.0037111430428922176, -0.0034533431753516197, 0.0017538396641612053]
--
--
  ResConv 1:  [0.0003774478391278535, -2.73268824457773e-06, -0.007201369386166334, 0.0003486893547233194]
  ResConv 2:  [0.00018993185949511826, -0.0015927525237202644, -0.005040478426963091, -0.0003370417980477214]
  ResConv 3:  [7.73314677644521e-05, -0.0037111430428922176, -0.0034533431753516197, 0.0017538395477458835]
--
--
  ResConv 1:  [0.0003774478391278535, -2.73270620709809e-06, -0.007201369386166334, 0.00034868932561948895]
  ResConv 2:  [0.00018993188859894872, -0.0015927525237202644, -0.005040478426963091, -0.0003370418562553823]
  ResConv 3:  [7.73314677644521e-05, -0.0037111430428922176, -0.0034533431753516197, 0.0017538395477458835]
--
--
  ResConv 1:  [0.0004684824089054018, 2.8631746317842044e-05, -0.007518353406339884, 0.00026245665503665805]
  ResConv 2:  [0.00022228874149732292, -0.0016293952940031886, -0.005268667824566364, -0.0004383400082588196]
  ResConv 3:  [8.945939771365374e-05, -0.0038295809645205736, -0.0036186687648296356, 0.001733912155032158]
--
--
  ResConv 1:  [0.0004684823506977409, 2.863174995582085e-05, -0.007518353406339884, 0.00026245665503665805]
  ResConv 2:  [0.0002222887269454077, -0.0016293952940031886, -0.005268667824566364, -0.0004383400082588196]
  ResConv 3:  [8.945939771365374e-05, -0.0038295809645205736, -0.0036186687648296356, 0.001733912155032158]
--
--
  ResConv 1:  [0.0004684823506977409, 2.863174449885264e-05, -0.007518353406339884, 0.00026245665503665805]
  ResConv 2:  [0.0002222887269454077, -0.0016293952940031886, -0.005268667824566364, -0.0004383400082588196]
  ResConv 3:  [8.945939771365374e-05, -0.00382958073168993, -0.0036186687648296356, 0.001733912155032158]
--
--
  ResConv 1:  [0.00046848232159391046, 2.8631748136831447e-05, -0.007518353406339884, 0.00026245665503665805]
  ResConv 2:  [0.0002222887269454077, -0.0016293952940031886, -0.005268667824566364, -0.0004383400082588196]
  ResConv 3:  [8.945939043769613e-05, -0.0038295809645205736, -0.0036186687648296356, 0.001733912155032158]
--
--
  ResConv 1:  [0.0004684824089054018, 2.863175541278906e-05, -0.007518353406339884, 0.00026245659682899714]
  ResConv 2:  [0.0002222887851530686, -0.0016293952940031886, -0.005268667824566364, -0.00043834003736265004]
  ResConv 3:  [8.94594268174842e-05, -0.0038295809645205736, -0.0036186687648296356, 0.001733912155032158]
--
--
  ResConv 1:  [0.00047483478556387126, 4.2464484977244865e-06, -0.0071731614880263805, 0.0002649577509146184]
  ResConv 2:  [0.00024264183593913913, -0.001577886170707643, -0.005027264356613159, -0.0004137109499424696]
  ResConv 3:  [0.00011656458809738979, -0.003689032280817628, -0.003444086527451873, 0.0016792017268016934]
--
--
  ResConv 1:  [0.00047483478556387126, 4.246451680955943e-06, -0.0071731614880263805, 0.0002649577509146184]
  ResConv 2:  [0.00024264185049105436, -0.001577886170707643, -0.005027264356613159, -0.0004137109499424696]
  ResConv 3:  [0.00011656460992526263, -0.0036890320479869843, -0.003444086527451873, 0.0016792017268016934]
--
--
  ResConv 1:  [0.00047483478556387126, 4.246449861966539e-06, -0.0071731614880263805, 0.00026495778001844883]
  ResConv 2:  [0.00024264183593913913, -0.001577886170707643, -0.005027264356613159, -0.0004137108917348087]
  ResConv 3:  [0.00011656458809738979, -0.0036890320479869843, -0.003444086527451873, 0.0016792017268016934]
--
--
  ResConv 1:  [0.00047483478556387126, 4.246458956913557e-06, -0.007173161022365093, 0.0002649577509146184]
  ResConv 2:  [0.00024264183593913913, -0.001577886170707643, -0.005027264356613159, -0.00041371097904630005]
  ResConv 3:  [0.00011656458809738979, -0.003689032280817628, -0.003444086527451873, 0.0016792017268016934]
--
--
  ResConv 1:  [0.0004748348146677017, 4.2464566831768025e-06, -0.0071731614880263805, 0.0002649577509146184]
  ResConv 2:  [0.00024264186504296958, -0.001577886170707643, -0.005027264356613159, -0.0004137109499424696]
  ResConv 3:  [0.00011656460992526263, -0.0036890320479869843, -0.003444086527451873, 0.0016792017268016934]
--
--
  ResConv 1:  [0.0004810011596418917, 3.6147863283986226e-05, -0.008342084474861622, 0.0002859853266272694]
  ResConv 2:  [0.00020931703329551965, -0.0018147958908230066, -0.005842020735144615, -0.0004983189865015447]
  ResConv 3:  [6.222286901902407e-05, -0.004279297776520252, -0.004002969712018967, 0.0019375141710042953]
--
--
  ResConv 1:  [0.0004810011596418917, 3.614787419792265e-05, -0.008342084474861622, 0.00028598529752343893]
  ResConv 2:  [0.00020931703329551965, -0.0018147958908230066, -0.005842020735144615, -0.0004983190447092056]
  ResConv 3:  [6.222286901902407e-05, -0.004279297776520252, -0.004002969712018967, 0.0019375140545889735]
--
--
  ResConv 1:  [0.00048100121784955263, 3.614786692196503e-05, -0.008342084474861622, 0.0002859853266272694]
  ResConv 2:  [0.00020931704784743488, -0.0018147958908230066, -0.005842020735144615, -0.0004983190447092056]
  ResConv 3:  [6.22228835709393e-05, -0.004279297776520252, -0.004002969712018967, 0.0019375140545889735]
--
--
  ResConv 1:  [0.0004810011596418917, 3.614786692196503e-05, -0.008342084474861622, 0.0002859853266272694]
  ResConv 2:  [0.00020931704784743488, -0.0018147958908230066, -0.005842020735144615, -0.0004983189865015447]
  ResConv 3:  [6.222287629498169e-05, -0.004279297776520252, -0.004002969712018967, 0.0019375140545889735]
--
--
  ResConv 1:  [0.00048100121784955263, 3.6147877835901454e-05, -0.008342084474861622, 0.0002859853266272694]
  ResConv 2:  [0.0002093170623993501, -0.0018147958908230066, -0.005842020735144615, -0.0004983189865015447]
  ResConv 3:  [6.22228835709393e-05, -0.004279297776520252, -0.004002969712018967, 0.0019375141710042953]
--
--
  ResConv 1:  [0.00044458196498453617, 3.967992142861476e-06, -0.008892359212040901, 0.0006186152459122241]
  ResConv 2:  [0.00020313545246608555, -0.001991185126826167, -0.006201577372848988, -0.00026495783822610974]
  ResConv 3:  [4.266250834916718e-05, -0.004646508954465389, -0.004235866479575634, 0.002336835488677025]
--
--
  ResConv 1:  [0.00044458205229602754, 3.968007149524055e-06, -0.008892358280718327, 0.0006186151877045631]
  ResConv 2:  [0.00020313546701800078, -0.001991185126826167, -0.006201577372848988, -0.0002649578673299402]
  ResConv 3:  [4.2662519263103604e-05, -0.004646508954465389, -0.004235866479575634, 0.002336835488677025]
--
--
  ResConv 1:  [0.0004445820231921971, 3.968009878008161e-06, -0.008892358280718327, 0.0006186151877045631]
  ResConv 2:  [0.00020313546701800078, -0.001991185126826167, -0.006201577372848988, -0.0002649578673299402]
  ResConv 3:  [4.2662530177040026e-05, -0.004646508954465389, -0.004235866479575634, 0.002336835488677025]
--
--
  ResConv 1:  [0.0004445820231921971, 3.968002147303196e-06, -0.008892360143363476, 0.0006186151877045631]
  ResConv 2:  [0.00020313546701800078, -0.001991185126826167, -0.006201577372848988, -0.0002649578673299402]
  ResConv 3:  [4.266252290108241e-05, -0.004646508954465389, -0.004235866945236921, 0.002336835488677025]
--
--
  ResConv 1:  [0.00044458205229602754, 3.967996235587634e-06, -0.008892360143363476, 0.0006186151877045631]
  ResConv 2:  [0.000203135481569916, -0.001991185126826167, -0.006201577372848988, -0.0002649578673299402]
  ResConv 3:  [4.266253745299764e-05, -0.004646508954465389, -0.004235866479575634, 0.002336835488677025]
--
--
  ResConv 1:  [0.0005378621863201261, -2.2696051473758416e-06, -0.01115826889872551, 0.0011634950060397387]
  ResConv 2:  [0.00021609931718558073, -0.0025362607557326555, -0.007768420968204737, -2.084713923977688e-05]
  ResConv 3:  [-1.1527234164532274e-05, -0.005920229945331812, -0.005296231713145971, 0.0032599051482975483]
--
--
  ResConv 1:  [0.0005378621863201261, -2.2696024188917363e-06, -0.01115826889872551, 0.0011634951224550605]
  ResConv 2:  [0.00021609927352983505, -0.0025362607557326555, -0.007768420968204737, -2.0847151972702704e-05]
  ResConv 3:  [-1.152727327280445e-05, -0.005920229014009237, -0.005296231247484684, 0.0032599051482975483]
--
--
  ResConv 1:  [0.0005378621863201261, -2.2696162886859383e-06, -0.01115826889872551, 0.0011634951224550605]
  ResConv 2:  [0.00021609927352983505, -0.0025362607557326555, -0.007768420968204737, -2.084713378280867e-05]
  ResConv 3:  [-1.1527262358868029e-05, -0.005920230410993099, -0.005296231713145971, 0.0032599051482975483]
--
--
  ResConv 1:  [0.0005378621863201261, -2.2696190171700437e-06, -0.01115826889872551, 0.0011634951224550605]
  ResConv 2:  [0.00021609927352983505, -0.0025362607557326555, -0.007768420968204737, -2.0847121049882844e-05]
  ResConv 3:  [-1.1527264177857433e-05, -0.005920229945331812, -0.005296231247484684, 0.0032599051482975483]
--
--
  ResConv 1:  [0.0005378621863201261, -2.2696085579809733e-06, -0.01115826889872551, 0.0011634951224550605]
  ResConv 2:  [0.00021609927352983505, -0.0025362607557326555, -0.007768420968204737, -2.0847141058766283e-05]
  ResConv 3:  [-1.1527270544320345e-05, -0.005920229945331812, -0.005296231247484684, 0.0032599051482975483]
--
--
  ResConv 1:  [0.0004798225127160549, 8.932499440561514e-06, -0.008654366247355938, 0.0005458929226733744]
  ResConv 2:  [0.00021129999367985874, -0.0019234877545386553, -0.0060551050119102, -0.0002957747201435268]
  ResConv 3:  [4.683350198320113e-05, -0.004482280928641558, -0.004151009023189545, 0.0022108794655650854]
--
--
  ResConv 1:  [0.0004798225127160549, 8.932481250667479e-06, -0.008654366247355938, 0.0005458929226733744]
  ResConv 2:  [0.00021129997912794352, -0.0019234877545386553, -0.0060551050119102, -0.00029577474924735725]
  ResConv 3:  [4.683349470724352e-05, -0.004482281394302845, -0.004151009023189545, 0.0022108794655650854]
--
--
  ResConv 1:  [0.0004798225127160549, 8.93250216904562e-06, -0.008654366247355938, 0.0005458929226733744]
  ResConv 2:  [0.00021129999367985874, -0.0019234876381233335, -0.0060551050119102, -0.00029577474924735725]
  ResConv 3:  [4.683349470724352e-05, -0.004482280928641558, -0.004151009023189545, 0.0022108794655650854]
--
--
  ResConv 1:  [0.0004798225127160549, 8.932509445003234e-06, -0.008654366247355938, 0.0005458929226733744]
  ResConv 2:  [0.00021129999367985874, -0.0019234877545386553, -0.0060551050119102, -0.0002957747201435268]
  ResConv 3:  [4.683349470724352e-05, -0.004482280928641558, -0.004151009023189545, 0.0022108794655650854]
--
--
  ResConv 1:  [0.0004798225127160549, 8.932498531066813e-06, -0.008654366247355938, 0.0005458929226733744]
  ResConv 2:  [0.00021129999367985874, -0.0019234876381233335, -0.0060551050119102, -0.00029577474924735725]
  ResConv 3:  [4.683351289713755e-05, -0.004482281394302845, -0.004151009023189545, 0.0022108794655650854]
--
--
  ResConv 1:  [0.0003884068282786757, 2.207536635978613e-05, -0.007015423849225044, 0.0002679381286725402]
  ResConv 2:  [0.00018308302969671786, -0.0015255049802362919, -0.004923131782561541, -0.00039669565740041435]
  ResConv 3:  [6.10275128565263e-05, -0.0035920829977840185, -0.003377355635166168, 0.001651916652917862]
--
--
  ResConv 1:  [0.00038840685738250613, 2.207536635978613e-05, -0.007015423849225044, 0.00026793815777637064]
  ResConv 2:  [0.00018308302969671786, -0.0015255049802362919, -0.004923131316900253, -0.0003966956282965839]
  ResConv 3:  [6.1027520132483914e-05, -0.003592082764953375, -0.003377355635166168, 0.0016519167693331838]
--
--
  ResConv 1:  [0.0003884068282786757, 2.2075369997764938e-05, -0.007015423849225044, 0.00026793815777637064]
  ResConv 2:  [0.00018308302969671786, -0.0015255049802362919, -0.004923131782561541, -0.0003966956282965839]
  ResConv 3:  [6.102750921854749e-05, -0.0035920829977840185, -0.003377355635166168, 0.0016519167693331838]
--
--
  ResConv 1:  [0.0003884068282786757, 2.2075362721807323e-05, -0.007015423849225044, 0.0002679381286725402]
  ResConv 2:  [0.00018308302969671786, -0.0015255049802362919, -0.004923131316900253, -0.00039669565740041435]
  ResConv 3:  [6.102749830461107e-05, -0.0035920829977840185, -0.003377355635166168, 0.0016519167693331838]
--
--
  ResConv 1:  [0.0003884068282786757, 2.207536635978613e-05, -0.007015423849225044, 0.00026793815777637064]
  ResConv 2:  [0.00018308302969671786, -0.0015255049802362919, -0.004923131316900253, -0.0003966956282965839]
  ResConv 3:  [6.102751649450511e-05, -0.003592082764953375, -0.003377355635166168, 0.0016519164200872183]
--
--
  ResConv 1:  [0.0005116628017276525, 8.498827241965046e-07, -0.007491391617804766, 0.0005417021457105875]
  ResConv 2:  [0.0002623553154990077, -0.0016690025804564357, -0.005231678951531649, -0.00018060194270219654]
  ResConv 3:  [0.00011672865366563201, -0.0038611844647675753, -0.003593167057260871, 0.0019504837691783905]
--
--
  ResConv 1:  [0.0005116628017276525, 8.498728334416228e-07, -0.007491391617804766, 0.0005417020292952657]
  ResConv 2:  [0.0002623553154990077, -0.0016690025804564357, -0.005231678951531649, -0.00018060198635794222]
  ResConv 3:  [0.00011672863911371678, -0.0038611844647675753, -0.003593167057260871, 0.0019504837691783905]
--
--
  ResConv 1:  [0.0005116627435199916, 8.498766987941053e-07, -0.007491391617804766, 0.0005417021457105875]
  ResConv 2:  [0.00026235528639517725, -0.0016690025804564357, -0.005231678951531649, -0.00018060194270219654]
  ResConv 3:  [0.00011672863911371678, -0.0038611844647675753, -0.003593167057260871, 0.0019504837691783905]
--
--
  ResConv 1:  [0.0005116628017276525, 8.498645343024691e-07, -0.007491391617804766, 0.0005417020292952657]
  ResConv 2:  [0.0002623553154990077, -0.0016690025804564357, -0.005231678951531649, -0.00018060198635794222]
  ResConv 3:  [0.00011672867549350485, -0.0038611844647675753, -0.0035931665915995836, 0.0019504837691783905]
--
--
  ResConv 1:  [0.0005116628017276525, 8.49871128139057e-07, -0.007491391617804766, 0.0005417020292952657]
  ResConv 2:  [0.0002623553154990077, -0.0016690024640411139, -0.005231678951531649, -0.00018060198635794222]
  ResConv 3:  [0.00011672866821754724, -0.0038611844647675753, -0.0035931665915995836, 0.0019504837691783905]
--
--
  ResConv 1:  [0.0005353423184715211, -2.832488826243207e-05, -0.009801393374800682, 0.000926865846849978]
  ResConv 2:  [0.00024722242960706353, -0.002232954138889909, -0.006837017834186554, -9.596646123100072e-05]
  ResConv 3:  [5.429598968476057e-05, -0.0051581677980721, -0.004669783171266317, 0.0027430029585957527]
--
--
  ResConv 1:  [0.0005353423184715211, -2.83248537016334e-05, -0.009801393374800682, 0.0009268659632652998]
  ResConv 2:  [0.00024722242960706353, -0.002232953906059265, -0.006837017834186554, -9.596642485121265e-05]
  ResConv 3:  [5.429598968476057e-05, -0.0051581677980721, -0.004669783171266317, 0.0027430029585957527]
--
--
  ResConv 1:  [0.0005353423184715211, -2.8324864615569822e-05, -0.009801393374800682, 0.000926865846849978]
  ResConv 2:  [0.00024722242960706353, -0.002232953906059265, -0.006837017834186554, -9.596646123100072e-05]
  ResConv 3:  [5.429597877082415e-05, -0.0051581677980721, -0.004669783171266317, 0.0027430029585957527]
--
--
  ResConv 1:  [0.0005353423184715211, -2.8324855520622805e-05, -0.009801393374800682, 0.000926865846849978]
  ResConv 2:  [0.00024722242960706353, -0.002232953906059265, -0.006837017834186554, -9.596643212717026e-05]
  ResConv 3:  [5.4295986046781763e-05, -0.0051581677980721, -0.004669783171266317, 0.0027430029585957527]
--
--
  ResConv 1:  [0.000535342376679182, -2.8324866434559226e-05, -0.009801393374800682, 0.000926865846849978]
  ResConv 2:  [0.000247222458710894, -0.002232953906059265, -0.006837017834186554, -9.596642485121265e-05]
  ResConv 3:  [5.429601515061222e-05, -0.0051581677980721, -0.004669783171266317, 0.0027430029585957527]
--
--
  ResConv 1:  [0.00045465026050806046, -1.2316399079281837e-05, -0.00972135178744793, 0.0006560138426721096]
  ResConv 2:  [0.0001893869339255616, -0.0021885333117097616, -0.006783571559935808, -0.00030595637508668005]
  ResConv 3:  [1.6229651009780355e-05, -0.005090393126010895, -0.004635540768504143, 0.0025343995075672865]
--
--
  ResConv 1:  [0.00045465026050806046, -1.2316394531808328e-05, -0.00972135178744793, 0.0006560137844644487]
  ResConv 2:  [0.00018938690482173115, -0.0021885333117097616, -0.006783571559935808, -0.00030595637508668005]
  ResConv 3:  [1.6229640095843934e-05, -0.005090393126010895, -0.004635540768504143, 0.00253439974039793]
--
--
  ResConv 1:  [0.00045465023140423, -1.2316399988776539e-05, -0.00972135178744793, 0.0006560137844644487]
  ResConv 2:  [0.00018938689026981592, -0.0021885333117097616, -0.006783571559935808, -0.00030595637508668005]
  ResConv 3:  [1.6229625543928705e-05, -0.005090393126010895, -0.004635540768504143, 0.00253439974039793]
--
--
  ResConv 1:  [0.00045465026050806046, -1.2316393622313626e-05, -0.00972135178744793, 0.0006560138426721096]
  ResConv 2:  [0.00018938690482173115, -0.0021885333117097616, -0.006783571559935808, -0.00030595637508668005]
  ResConv 3:  [1.622963827685453e-05, -0.005090393126010895, -0.004635540768504143, 0.0025343995075672865]
--
--
  ResConv 1:  [0.00045465023140423, -1.231640089827124e-05, -0.00972135178744793, 0.0006560138426721096]
  ResConv 2:  [0.00018938690482173115, -0.0021885333117097616, -0.006783571559935808, -0.00030595637508668005]
  ResConv 3:  [1.6229647371801548e-05, -0.005090393126010895, -0.004635540768504143, 0.00253439974039793]
--
--
  ResConv 1:  [0.0005733821890316904, 8.152809641615022e-06, -0.008123042993247509, 0.0005659313756041229]
  ResConv 2:  [0.00027436032542027533, -0.0018186274683102965, -0.005654921755194664, -0.00022272320347838104]
  ResConv 3:  [0.0001013725996017456, -0.004211012739688158, -0.0038746334612369537, 0.0020996371749788523]
--
--
  ResConv 1:  [0.0005733821308240294, 8.152801456162706e-06, -0.008123042993247509, 0.000565931317396462]
  ResConv 2:  [0.00027436032542027533, -0.0018186274683102965, -0.005654921755194664, -0.0002227232325822115]
  ResConv 3:  [0.00010137258504983038, -0.004211012739688158, -0.00387463322840631, 0.0020996371749788523]
--
--
  ResConv 1:  [0.0005733821890316904, 8.152806913130917e-06, -0.008123042993247509, 0.000565931317396462]
  ResConv 2:  [0.00027436032542027533, -0.0018186274683102965, -0.005654921755194664, -0.00022272321803029627]
  ResConv 3:  [0.00010137258504983038, -0.004211012739688158, -0.0038746334612369537, 0.0020996369421482086]
--
--
  ResConv 1:  [0.0005733821890316904, 8.152797818183899e-06, -0.008123042993247509, 0.000565931317396462]
  ResConv 2:  [0.0002743603545241058, -0.0018186274683102965, -0.005654921755194664, -0.00022272321803029627]
  ResConv 3:  [0.0001013725996017456, -0.004211012739688158, -0.0038746334612369537, 0.0020996371749788523]
--
--
  ResConv 1:  [0.0005733821890316904, 8.152801456162706e-06, -0.008123042993247509, 0.0005659313756041229]
  ResConv 2:  [0.00027436032542027533, -0.0018186274683102965, -0.005654921755194664, -0.00022272317437455058]
  ResConv 3:  [0.00010137257777387276, -0.004211012739688158, -0.0038746334612369537, 0.0020996371749788523]
--
--
  ResConv 1:  [0.0008167714113369584, 1.7392882000422105e-05, -0.01077560056000948, 0.0007913649897091091]
  ResConv 2:  [0.0004315191472414881, -0.002402025507763028, -0.007529274560511112, -0.00029952789191156626]
  ResConv 3:  [0.00017974100774154067, -0.0056336019188165665, -0.0051430026069283485, 0.0028690812177956104]
--
--
  ResConv 1:  [0.0008167714695446193, 1.739288381941151e-05, -0.01077560056000948, 0.0007913649897091091]
  ResConv 2:  [0.0004315191472414881, -0.0024020252749323845, -0.007529274560511112, -0.00029952789191156626]
  ResConv 3:  [0.00017974100774154067, -0.0056336019188165665, -0.0051430026069283485, 0.0028690812177956104]
--
--
  ResConv 1:  [0.0008167714695446193, 1.739289473334793e-05, -0.01077560056000948, 0.0007913649897091091]
  ResConv 2:  [0.0004315191472414881, -0.002402025507763028, -0.007529274560511112, -0.00029952795011922717]
  ResConv 3:  [0.00017974100774154067, -0.005633601453155279, -0.0051430026069283485, 0.0028690812177956104]
--
--
  ResConv 1:  [0.0008167712949216366, 1.7392896552337334e-05, -0.01077560056000948, 0.0007913649897091091]
  ResConv 2:  [0.0004315191472414881, -0.002402025507763028, -0.007529274094849825, -0.00029952789191156626]
  ResConv 3:  [0.00017974100774154067, -0.0056336019188165665, -0.0051430026069283485, 0.0028690812177956104]
--
--
  ResConv 1:  [0.0008167714113369584, 1.7392898371326737e-05, -0.01077560056000948, 0.0007913649897091091]
  ResConv 2:  [0.0004315191472414881, -0.0024020252749323845, -0.007529274560511112, -0.00029952789191156626]
  ResConv 3:  [0.0001797410222934559, -0.0056336019188165665, -0.0051430026069283485, 0.0028690812177956104]
--
--
  ResConv 1:  [0.000294902129098773, 3.891251981258392e-05, -0.0075614661909639835, 0.0005376423941925168]
  ResConv 2:  [8.192069071810693e-05, -0.0016882764175534248, -0.00525446655228734, -0.0002020481915678829]
  ResConv 3:  [-6.13959418842569e-05, -0.003928381949663162, -0.0036077017430216074, 0.001963495509698987]
--
--
  ResConv 1:  [0.000294902129098773, 3.8912516174605116e-05, -0.007561466656625271, 0.0005376424524001777]
  ResConv 2:  [8.1920727097895e-05, -0.0016882764175534248, -0.00525446655228734, -0.00020204816246405244]
  ResConv 3:  [-6.139592733234167e-05, -0.003928381949663162, -0.0036077017430216074, 0.001963495509698987]
--
--
  ResConv 1:  [0.000294902129098773, 3.8912516174605116e-05, -0.0075614661909639835, 0.0005376424524001777]
  ResConv 2:  [8.192071982193738e-05, -0.0016882764175534248, -0.00525446655228734, -0.00020204817701596767]
  ResConv 3:  [-6.139592733234167e-05, -0.003928381949663162, -0.0036077017430216074, 0.001963495509698987]
--
--
  ResConv 1:  [0.000294902129098773, 3.891252345056273e-05, -0.0075614661909639835, 0.0005376424524001777]
  ResConv 2:  [8.1920727097895e-05, -0.0016882764175534248, -0.00525446655228734, -0.00020204817701596767]
  ResConv 3:  [-6.139592733234167e-05, -0.003928381949663162, -0.0036077017430216074, 0.001963495509698987]
--
--
  ResConv 1:  [0.000294902129098773, 3.8912516174605116e-05, -0.0075614661909639835, 0.0005376423941925168]
  ResConv 2:  [8.192071254597977e-05, -0.0016882764175534248, -0.00525446655228734, -0.0002020481915678829]
  ResConv 3:  [-6.139592733234167e-05, -0.003928381949663162, -0.0036077022086828947, 0.001963495509698987]
--
--
  ResConv 1:  [0.0003934799460694194, 1.0242188182019163e-05, -0.008838554844260216, 0.0005614568945020437]
  ResConv 2:  [0.00016493789735250175, -0.001971200341358781, -0.006172428838908672, -0.00029667236958630383]
  ResConv 3:  [2.5727231331984513e-05, -0.004587747156620026, -0.004239815752953291, 0.002253939164802432]
--
--
  ResConv 1:  [0.00039347997517324984, 1.024218636302976e-05, -0.008838554844260216, 0.0005614568945020437]
  ResConv 2:  [0.00016493794100824744, -0.0019712005741894245, -0.006172428838908672, -0.0002966723113786429]
  ResConv 3:  [2.572724588389974e-05, -0.004587747156620026, -0.004239815752953291, 0.0022539393976330757]
--
--
  ResConv 1:  [0.0003934799460694194, 1.0242177268082742e-05, -0.008838554844260216, 0.0005614568362943828]
  ResConv 2:  [0.00016493788280058652, -0.0019712005741894245, -0.006172428838908672, -0.0002966723986901343]
  ResConv 3:  [2.5727218599058688e-05, -0.004587747156620026, -0.004239815752953291, 0.002253939164802432]
--
--
  ResConv 1:  [0.0003934799460694194, 1.0242177268082742e-05, -0.008838554844260216, 0.0005614568945020437]
  ResConv 2:  [0.00016493788280058652, -0.0019712005741894245, -0.006172428838908672, -0.0002966723986901343]
  ResConv 3:  [2.5727225875016302e-05, -0.004587747156620026, -0.004239815752953291, 0.002253939164802432]
--
--
  ResConv 1:  [0.0003934799460694194, 1.0242188182019163e-05, -0.008838554844260216, 0.0005614568945020437]
  ResConv 2:  [0.00016493789735250175, -0.0019712005741894245, -0.006172428838908672, -0.00029667236958630383]
  ResConv 3:  [2.5727227694005705e-05, -0.004587747156620026, -0.004239815752953291, 0.002253939164802432]
--
--
  ResConv 1:  [0.0005534376250579953, 5.837033313582651e-05, -0.00879029743373394, 0.0009066746570169926]
  ResConv 2:  [0.00027352606412023306, -0.001945264870300889, -0.006112284027040005, -1.688632255536504e-05]
  ResConv 3:  [9.178792242892087e-05, -0.004585376009345055, -0.004166486673057079, 0.0025321366265416145]
--
--
  ResConv 1:  [0.0005534376250579953, 5.837033313582651e-05, -0.00879029743373394, 0.0009066746570169926]
  ResConv 2:  [0.0002735260932240635, -0.0019452649867162108, -0.006112284027040005, -1.688633165031206e-05]
  ResConv 3:  [9.178792970487848e-05, -0.004585376009345055, -0.004166486673057079, 0.0025321366265416145]
--
--
  ResConv 1:  [0.0005534376250579953, 5.837033313582651e-05, -0.00879029743373394, 0.0009066746570169926]
  ResConv 2:  [0.00027352606412023306, -0.0019452649867162108, -0.006112284027040005, -1.688631709839683e-05]
  ResConv 3:  [9.178790060104802e-05, -0.004585376009345055, -0.004166486673057079, 0.002532136859372258]
--
--
  ResConv 1:  [0.0005534376250579953, 5.837031494593248e-05, -0.00879029743373394, 0.0009066746570169926]
  ResConv 2:  [0.0002735260932240635, -0.0019452649867162108, -0.006112284958362579, -1.688632255536504e-05]
  ResConv 3:  [9.178790060104802e-05, -0.004585376009345055, -0.004166486673057079, 0.002532136859372258]
--
--
  ResConv 1:  [0.0005534375668503344, 5.837033313582651e-05, -0.00879029743373394, 0.0009066746570169926]
  ResConv 2:  [0.0002735260350164026, -0.0019452649867162108, -0.006112284958362579, -1.688632255536504e-05]
  ResConv 3:  [9.17878860491328e-05, -0.004585376009345055, -0.004166486673057079, 0.0025321366265416145]
--
--
  ResConv 1:  [0.0006240989896468818, 6.291552563197911e-05, -0.010803763754665852, 0.0011680404422804713]
  ResConv 2:  [0.00031676574144512415, -0.002427264116704464, -0.007508065085858107, 1.3385330930759665e-05]
  ResConv 3:  [9.233789751306176e-05, -0.00566637609153986, -0.005146104376763105, 0.003116703126579523]
--
--
  ResConv 1:  [0.0006240989314392209, 6.291550380410627e-05, -0.010803763754665852, 0.0011680403258651495]
  ResConv 2:  [0.0003167657123412937, -0.002427264116704464, -0.007508065085858107, 1.3385313650360331e-05]
  ResConv 3:  [9.233788296114653e-05, -0.005666376557201147, -0.005146104376763105, 0.0031167028937488794]
--
--
  ResConv 1:  [0.0006240989314392209, 6.29155183560215e-05, -0.010803763754665852, 0.0011680404422804713]
  ResConv 2:  [0.0003167657123412937, -0.002427264116704464, -0.007508064620196819, 1.3385321835812647e-05]
  ResConv 3:  [9.23378684092313e-05, -0.005666376557201147, -0.005146104376763105, 0.0031167028937488794]
--
--
  ResConv 1:  [0.0006240989896468818, 6.291551108006388e-05, -0.010803763754665852, 0.0011680403258651495]
  ResConv 2:  [0.0003167657123412937, -0.0024272638838738203, -0.007508064620196819, 1.3385304555413313e-05]
  ResConv 3:  [9.233789751306176e-05, -0.005666376557201147, -0.005146104376763105, 0.003116703126579523]
--
--
  ResConv 1:  [0.0006240989314392209, 6.29155183560215e-05, -0.010803763754665852, 0.0011680404422804713]
  ResConv 2:  [0.0003167657123412937, -0.002427264116704464, -0.007508064620196819, 1.3385321835812647e-05]
  ResConv 3:  [9.23378684092313e-05, -0.00566637609153986, -0.005146104376763105, 0.003116703126579523]
--
--
  ResConv 1:  [0.00047233933582901955, -5.1435050409054384e-05, -0.007465343922376633, 0.0003114516439381987]
  ResConv 2:  [0.0002438557567074895, -0.001696519902907312, -0.005235510412603617, -0.0003988251555711031]
  ResConv 3:  [0.00011780930799432099, -0.003883443772792816, -0.0036008909810334444, 0.0017649931833148003]
--
--
  ResConv 1:  [0.00047233933582901955, -5.1435057685012e-05, -0.007465343922376633, 0.0003114516439381987]
  ResConv 2:  [0.0002438557567074895, -0.001696519902907312, -0.005235510412603617, -0.0003988251555711031]
  ResConv 3:  [0.00011780930071836337, -0.003883443772792816, -0.0036008909810334444, 0.0017649931833148003]
--
--
  ResConv 1:  [0.00047233933582901955, -5.143505404703319e-05, -0.007465343922376633, 0.0003114516439381987]
  ResConv 2:  [0.00024385577125940472, -0.00169651978649199, -0.005235510412603617, -0.0003988250973634422]
  ResConv 3:  [0.00011780932982219383, -0.003883443772792816, -0.0036008909810334444, 0.001764993299730122]
--
--
  ResConv 1:  [0.00047233933582901955, -5.1435046771075577e-05, -0.007465343922376633, 0.0003114516439381987]
  ResConv 2:  [0.0002438557567074895, -0.001696519902907312, -0.005235510412603617, -0.0003988251555711031]
  ResConv 3:  [0.00011780932254623622, -0.003883443772792816, -0.0036008909810334444, 0.0017649931833148003]
--
--
  ResConv 1:  [0.00047233933582901955, -5.143505404703319e-05, -0.007465343922376633, 0.0003114516439381987]
  ResConv 2:  [0.0002438557567074895, -0.00169651978649199, -0.005235510412603617, -0.0003988250973634422]
  ResConv 3:  [0.00011780930799432099, -0.003883443772792816, -0.0036008909810334444, 0.0017649931833148003]
--
--
  ResConv 1:  [0.00048109935596585274, 6.566687261511106e-06, -0.007988831959664822, 0.00022551376605406404]
  ResConv 2:  [0.0002443063131067902, -0.0017535819206386805, -0.005605724174529314, -0.0005256269942037761]
  ResConv 3:  [0.00010819071758305654, -0.004110409878194332, -0.0038392199203372, 0.0018205916276201606]
--
--
  ResConv 1:  [0.00048109935596585274, 6.566706360899843e-06, -0.007988831959664822, 0.0002255137515021488]
  ResConv 2:  [0.00024430628400295973, -0.0017535819206386805, -0.005605724174529314, -0.000525627052411437]
  ResConv 3:  [0.00010819071030709893, -0.004110409878194332, -0.0038392199203372, 0.0018205915112048388]
--
--
  ResConv 1:  [0.00048109935596585274, 6.5666854425217025e-06, -0.007988831959664822, 0.00022551376605406404]
  ResConv 2:  [0.0002443063131067902, -0.0017535819206386805, -0.005605724174529314, -0.000525627052411437]
  ResConv 3:  [0.00010819072485901415, -0.004110409878194332, -0.0038392199203372, 0.0018205915112048388]
--
--
  ResConv 1:  [0.00048109935596585274, 6.566712727362756e-06, -0.007988831959664822, 0.00022551373695023358]
  ResConv 2:  [0.0002443063131067902, -0.0017535819206386805, -0.005605724174529314, -0.000525627052411437]
  ResConv 3:  [0.00010819072485901415, -0.004110409878194332, -0.0038392199203372, 0.0018205915112048388]
--
--
  ResConv 1:  [0.00048109935596585274, 6.566689989995211e-06, -0.007988831959664822, 0.0002255137515021488]
  ResConv 2:  [0.0002443063131067902, -0.0017535819206386805, -0.005605724174529314, -0.000525627052411437]
  ResConv 3:  [0.00010819071030709893, -0.004110409878194332, -0.0038392199203372, 0.0018205915112048388]
--
--
  ResConv 1:  [0.0002830684825312346, 1.6210370858971146e-06, -0.0081207025796175, 0.0005137677071616054]
  ResConv 2:  [8.072824857663363e-05, -0.0018328175647184253, -0.005672200582921505, -0.0002779680653475225]
  ResConv 3:  [-5.9283163864165545e-05, -0.004252057522535324, -0.003888907376676798, 0.0020738905295729637]
--
--
  ResConv 1:  [0.0002830685116350651, 1.621042656552163e-06, -0.008120701648294926, 0.0005137677071616054]
  ResConv 2:  [8.072824130067602e-05, -0.0018328175647184253, -0.005672200582921505, -0.00027796803624369204]
  ResConv 3:  [-5.928316750214435e-05, -0.004252057522535324, -0.003888907842338085, 0.0020738905295729637]
--
--
  ResConv 1:  [0.0002830685116350651, 1.621046749278321e-06, -0.008120701648294926, 0.0005137677071616054]
  ResConv 2:  [8.072822674876079e-05, -0.0018328175647184253, -0.005672200582921505, -0.00027796803624369204]
  ResConv 3:  [-5.928318569203839e-05, -0.004252057522535324, -0.003888907842338085, 0.0020738905295729637]
--
--
  ResConv 1:  [0.0002830684825312346, 1.621029127818474e-06, -0.008120701648294926, 0.0005137677071616054]
  ResConv 2:  [8.072822674876079e-05, -0.0018328175647184253, -0.005672200582921505, -0.0002779680653475225]
  ResConv 3:  [-5.9283174778101966e-05, -0.004252057522535324, -0.003888907842338085, 0.0020738905295729637]
--
--
  ResConv 1:  [0.00028306854073889554, 1.6210453850362683e-06, -0.0081207025796175, 0.0005137677071616054]
  ResConv 2:  [8.07282849564217e-05, -0.0018328174483031034, -0.005672200582921505, -0.00027796803624369204]
  ResConv 3:  [-5.92831420362927e-05, -0.004252057522535324, -0.003888907842338085, 0.0020738905295729637]
--
--
  ResConv 1:  [0.00044830722617916763, 2.194895569118671e-05, -0.007346489001065493, 0.00020651076920330524]
  ResConv 2:  [0.00021867295436095446, -0.001606704667210579, -0.00514214625582099, -0.00047738361172378063]
  ResConv 3:  [8.072211494436488e-05, -0.0037798318080604076, -0.003520417492836714, 0.0016818306175991893]
--
--
  ResConv 1:  [0.00044830722617916763, 2.194895569118671e-05, -0.007346489001065493, 0.00020651076920330524]
  ResConv 2:  [0.00021867295436095446, -0.001606704667210579, -0.00514214625582099, -0.0004773836408276111]
  ResConv 3:  [8.07221294962801e-05, -0.0037798320408910513, -0.00352041726000607, 0.0016818306175991893]
--
--
  ResConv 1:  [0.00044830719707533717, 2.194895569118671e-05, -0.007346489001065493, 0.00020651078375522047]
  ResConv 2:  [0.00021867295436095446, -0.0016067047836259007, -0.00514214625582099, -0.0004773835535161197]
  ResConv 3:  [8.072210766840726e-05, -0.0037798320408910513, -0.003520417492836714, 0.0016818306175991893]
--
--
  ResConv 1:  [0.00044830719707533717, 2.1948946596239693e-05, -0.007346489001065493, 0.00020651078375522047]
  ResConv 2:  [0.00021867293980903924, -0.0016067047836259007, -0.00514214625582099, -0.0004773835535161197]
  ResConv 3:  [8.072210039244965e-05, -0.0037798318080604076, -0.00352041726000607, 0.0016818306175991893]
--
--
  ResConv 1:  [0.0004483071679715067, 2.19489502342185e-05, -0.007346489001065493, 0.00020651078375522047]
  ResConv 2:  [0.00021867293980903924, -0.001606704667210579, -0.00514214625582099, -0.0004773835535161197]
  ResConv 3:  [8.072210766840726e-05, -0.0037798320408910513, -0.003520417492836714, 0.0016818306175991893]
--
--
  ResConv 1:  [0.0005977352848276496, 6.746556027792394e-05, -0.008709750138223171, 0.0005666949436999857]
  ResConv 2:  [0.00029326340882107615, -0.0018910439684987068, -0.006083818152546883, -0.0002917891542892903]
  ResConv 3:  [0.00011538968101376668, -0.004458528943359852, -0.004179466515779495, 0.002209613798186183]
--
--
  ResConv 1:  [0.0005977352266199887, 6.746554572600871e-05, -0.008709750138223171, 0.0005666949436999857]
  ResConv 2:  [0.00029326340882107615, -0.0018910439684987068, -0.006083818152546883, -0.0002917891542892903]
  ResConv 3:  [0.00011538967373780906, -0.004458528943359852, -0.004179466515779495, 0.002209613798186183]
--
--
  ResConv 1:  [0.0005977352266199887, 6.746556027792394e-05, -0.008709750138223171, 0.0005666949436999857]
  ResConv 2:  [0.00029326340882107615, -0.0018910439684987068, -0.006083818152546883, -0.00029178918339312077]
  ResConv 3:  [0.00011538968828972429, -0.004458528943359852, -0.004179466515779495, 0.002209613798186183]
--
--
  ResConv 1:  [0.0005977352848276496, 6.746556027792394e-05, -0.008709750138223171, 0.0005666949436999857]
  ResConv 2:  [0.0002932633797172457, -0.0018910439684987068, -0.006083818152546883, -0.00029178918339312077]
  ResConv 3:  [0.00011538967373780906, -0.004458528943359852, -0.004179466515779495, 0.002209613798186183]
--
--
  ResConv 1:  [0.0005977352848276496, 6.746556755388156e-05, -0.008709750138223171, 0.0005666949436999857]
  ResConv 2:  [0.00029326340882107615, -0.0018910439684987068, -0.006083818152546883, -0.0002917891542892903]
  ResConv 3:  [0.0001153896955656819, -0.004458528943359852, -0.004179466515779495, 0.002209613798186183]
--
--
  ResConv 1:  [0.00049438705900684, 2.930908704001922e-05, -0.0077797723934054375, 0.0003661802038550377]
  ResConv 2:  [0.00023592085926793516, -0.0017145959427580237, -0.0054237195290625095, -0.00036750934668816626]
  ResConv 3:  [8.648840594105422e-05, -0.0040075271390378475, -0.0037264106795191765, 0.0018688008422031999]
--
--
  ResConv 1:  [0.0004943871754221618, 2.9309092496987432e-05, -0.0077797723934054375, 0.0003661802620626986]
  ResConv 2:  [0.00023592090292368084, -0.0017145959427580237, -0.0054237195290625095, -0.0003675093175843358]
  ResConv 3:  [8.648842049296945e-05, -0.0040075271390378475, -0.003726410446688533, 0.0018688008422031999]
--
--
  ResConv 1:  [0.0004943871754221618, 2.930909067799803e-05, -0.0077797723934054375, 0.00036618023295886815]
  ResConv 2:  [0.00023592088837176561, -0.0017145959427580237, -0.0054237195290625095, -0.00036750934668816626]
  ResConv 3:  [8.648842776892707e-05, -0.0040075271390378475, -0.0037264106795191765, 0.0018688009586185217]
--
--
  ResConv 1:  [0.00049438705900684, 2.930908158305101e-05, -0.0077797723934054375, 0.0003661802038550377]
  ResConv 2:  [0.00023592085926793516, -0.0017145959427580237, -0.0054237195290625095, -0.00036750934668816626]
  ResConv 3:  [8.648838411318138e-05, -0.0040075271390378475, -0.0037264106795191765, 0.0018688008422031999]
--
--
  ResConv 1:  [0.0004943871172145009, 2.9309077945072204e-05, -0.0077797723934054375, 0.0003661802038550377]
  ResConv 2:  [0.00023592085926793516, -0.0017145959427580237, -0.0054237195290625095, -0.00036750934668816626]
  ResConv 3:  [8.648841321701184e-05, -0.0040075271390378475, -0.0037264106795191765, 0.0018688008422031999]
--
--
  ResConv 1:  [0.0004728877975139767, -2.3333548597292975e-05, -0.008180718868970871, 0.0003587059327401221]
  ResConv 2:  [0.00020805108943022788, -0.0018320792587473989, -0.0057289269752800465, -0.00042131493682973087]
  ResConv 3:  [6.10687566222623e-05, -0.004243847448378801, -0.003923154901713133, 0.0019643136765807867]
--
--
  ResConv 1:  [0.0004728877975139767, -2.3333563149208203e-05, -0.008180718868970871, 0.0003587059327401221]
  ResConv 2:  [0.00020805108943022788, -0.0018320792587473989, -0.0057289269752800465, -0.00042131493682973087]
  ResConv 3:  [6.106876389821991e-05, -0.004243847448378801, -0.003923154901713133, 0.0019643136765807867]
--
--
  ResConv 1:  [0.0004728877975139767, -2.3333550416282378e-05, -0.008180718868970871, 0.0003587059327401221]
  ResConv 2:  [0.00020805108943022788, -0.0018320792587473989, -0.0057289269752800465, -0.0004213149659335613]
  ResConv 3:  [6.10687566222623e-05, -0.004243847448378801, -0.003923154901713133, 0.0019643136765807867]
--
--
  ResConv 1:  [0.00047288788482546806, -2.3333554054261185e-05, -0.008180718868970871, 0.0003587059327401221]
  ResConv 2:  [0.00020805111853405833, -0.0018320792587473989, -0.0057289269752800465, -0.00042131493682973087]
  ResConv 3:  [6.106877117417753e-05, -0.004243847448378801, -0.003923154901713133, 0.0019643136765807867]
--
--
  ResConv 1:  [0.0004728878557216376, -2.3333557692239992e-05, -0.008180718868970871, 0.0003587059327401221]
  ResConv 2:  [0.00020805111853405833, -0.0018320792587473989, -0.0057289269752800465, -0.0004213149659335613]
  ResConv 3:  [6.106877845013514e-05, -0.004243847448378801, -0.003923154901713133, 0.0019643136765807867]
--
--
  ResConv 1:  [0.00030152351246215403, 2.4563929400756024e-05, -0.006199824623763561, 0.0001127132709370926]
  ResConv 2:  [0.00012263677490409464, -0.001340844901278615, -0.004347261041402817, -0.0004606102593243122]
  ResConv 3:  [2.5654069759184495e-05, -0.003165709786117077, -0.002979470184072852, 0.0013624511193484068]
--
--
  ResConv 1:  [0.00030152351246215403, 2.4563918486819603e-05, -0.006199824623763561, 0.00011271325638517737]
  ResConv 2:  [0.00012263678945600986, -0.0013408450176939368, -0.004347261041402817, -0.0004606102593243122]
  ResConv 3:  [2.5654073397163302e-05, -0.003165709786117077, -0.002979470184072852, 0.0013624511193484068]
--
--
  ResConv 1:  [0.0003015234833583236, 2.456393849570304e-05, -0.006199824623763561, 0.00011271325638517737]
  ResConv 2:  [0.00012263677490409464, -0.0013408450176939368, -0.004347261041402817, -0.0004606103175319731]
  ResConv 3:  [2.5654066121205688e-05, -0.003165709786117077, -0.002979470184072852, 0.0013624511193484068]
--
--
  ResConv 1:  [0.0003015234833583236, 2.456393849570304e-05, -0.006199824623763561, 0.00011271326366113499]
  ResConv 2:  [0.0001226367603521794, -0.001340844901278615, -0.004347261041402817, -0.0004606102593243122]
  ResConv 3:  [2.5654058845248073e-05, -0.003165709786117077, -0.002979469718411565, 0.0013624513521790504]
--
--
  ResConv 1:  [0.00030152351246215403, 2.456393303873483e-05, -0.006199824623763561, 0.00011271326366113499]
  ResConv 2:  [0.00012263677490409464, -0.0013408450176939368, -0.004347261041402817, -0.0004606102593243122]
  ResConv 3:  [2.565406794019509e-05, -0.003165709786117077, -0.002979470184072852, 0.0013624511193484068]
--
--
  ResConv 1:  [0.00044973043259233236, 3.080194801441394e-05, -0.008640892803668976, 0.0007962319068610668]
  ResConv 2:  [0.0001629252074053511, -0.001911732368171215, -0.006022101268172264, -6.883442983962595e-05]
  ResConv 3:  [-1.643136602069717e-05, -0.004453674424439669, -0.004133210051804781, 0.0023738292511552572]
--
--
  ResConv 1:  [0.0004497304616961628, 3.0801951652392745e-05, -0.008640891872346401, 0.0007962319068610668]
  ResConv 2:  [0.00016292519285343587, -0.0019117322517558932, -0.006022101268172264, -6.88344516674988e-05]
  ResConv 3:  [-1.6431373296654783e-05, -0.004453674424439669, -0.004133210051804781, 0.0023738292511552572]
--
--
  ResConv 1:  [0.0004497304616961628, 3.080195892835036e-05, -0.008640892803668976, 0.0007962319068610668]
  ResConv 2:  [0.0001629252074053511, -0.0019117322517558932, -0.006022101268172264, -6.883444439154118e-05]
  ResConv 3:  [-1.6431355106760748e-05, -0.004453674424439669, -0.004133210051804781, 0.0023738292511552572]
--
--
  ResConv 1:  [0.0004497304034885019, 3.080194437643513e-05, -0.008640892803668976, 0.0007962319068610668]
  ResConv 2:  [0.00016292519285343587, -0.0019117322517558932, -0.006022101268172264, -6.883443711558357e-05]
  ResConv 3:  [-1.6431380572612397e-05, -0.004453674424439669, -0.004133210051804781, 0.0023738292511552572]
--
--
  ResConv 1:  [0.0004497304616961628, 3.080195892835036e-05, -0.008640892803668976, 0.0007962320232763886]
  ResConv 2:  [0.0001629252074053511, -0.001911732368171215, -0.006022101268172264, -6.883442983962595e-05]
  ResConv 3:  [-1.643136602069717e-05, -0.004453674424439669, -0.004133210051804781, 0.0023738290183246136]
--
--
  ResConv 1:  [0.0004395791329443455, 4.6226748963817954e-05, -0.008602933026850224, 0.00041611670167185366]
  ResConv 2:  [0.00018154765712097287, -0.0018677279585972428, -0.006025664508342743, -0.00041004648664966226]
  ResConv 3:  [3.363094583619386e-05, -0.004415313713252544, -0.004132985603064299, 0.002100379439070821]
--
--
  ResConv 1:  [0.00043957922025583684, 4.622676715371199e-05, -0.008602933958172798, 0.00041611670167185366]
  ResConv 2:  [0.00018154765712097287, -0.0018677279585972428, -0.006025664508342743, -0.00041004654485732317]
  ResConv 3:  [3.363094583619386e-05, -0.004415313713252544, -0.004132985137403011, 0.002100379206240177]
--
--
  ResConv 1:  [0.0004395791911520064, 4.6226759877754375e-05, -0.008602933958172798, 0.00041611670167185366]
  ResConv 2:  [0.00018154765712097287, -0.0018677279585972428, -0.006025664508342743, -0.0004100464575458318]
  ResConv 3:  [3.363095675013028e-05, -0.004415313713252544, -0.004132985603064299, 0.002100379439070821]
--
--
  ResConv 1:  [0.0004395791329443455, 4.622673804988153e-05, -0.008602933958172798, 0.00041611670167185366]
  ResConv 2:  [0.00018154764256905764, -0.0018677279585972428, -0.006025664508342743, -0.00041004654485732317]
  ResConv 3:  [3.363092400832102e-05, -0.004415313713252544, -0.004132985137403011, 0.002100379439070821]
--
--
  ResConv 1:  [0.0004395791911520064, 4.6226748963817954e-05, -0.008602933026850224, 0.00041611670167185366]
  ResConv 2:  [0.00018154764256905764, -0.0018677279585972428, -0.006025664508342743, -0.00041004648664966226]
  ResConv 3:  [3.3630927646299824e-05, -0.004415313247591257, -0.004132985137403011, 0.002100379439070821]
--
--
  ResConv 1:  [0.0004334415134508163, 4.018955223727971e-05, -0.007874066941440105, 0.00021131857647560537]
  ResConv 2:  [0.0001978465443244204, -0.0017041264800354838, -0.005517465993762016, -0.0005260388716123998]
  ResConv 3:  [6.828279583714902e-05, -0.004030205309391022, -0.0037847452331334352, 0.0017839934444054961]
--
--
  ResConv 1:  [0.0004334415134508163, 4.018955587525852e-05, -0.007874066941440105, 0.0002113185473717749]
  ResConv 2:  [0.00019784658798016608, -0.0017041267128661275, -0.005517465993762016, -0.0005260388716123998]
  ResConv 3:  [6.828282494097948e-05, -0.004030205309391022, -0.0037847452331334352, 0.0017839934444054961]
--
--
  ResConv 1:  [0.0004334415134508163, 4.01895449613221e-05, -0.00787406787276268, 0.00021131856192369014]
  ResConv 2:  [0.00019784658798016608, -0.0017041267128661275, -0.005517465993762016, -0.0005260388716123998]
  ResConv 3:  [6.828282494097948e-05, -0.004030205309391022, -0.0037847452331334352, 0.0017839934444054961]
--
--
  ResConv 1:  [0.0004334414843469858, 4.018955587525852e-05, -0.007874066941440105, 0.0002113185473717749]
  ResConv 2:  [0.0001978465443244204, -0.0017041267128661275, -0.005517465993762016, -0.0005260389298200607]
  ResConv 3:  [6.828279583714902e-05, -0.004030205309391022, -0.0037847452331334352, 0.0017839934444054961]
--
--
  ResConv 1:  [0.0004334414843469858, 4.0189548599300906e-05, -0.007874066941440105, 0.0002113185473717749]
  ResConv 2:  [0.00019784657342825085, -0.0017041264800354838, -0.005517465993762016, -0.0005260388716123998]
  ResConv 3:  [6.828280311310664e-05, -0.004030205309391022, -0.0037847452331334352, 0.0017839934444054961]
--
--
  ResConv 1:  [0.0007137020002119243, -1.2252166015969124e-05, -0.0103747034445405, 0.0009682789095677435]
  ResConv 2:  [0.00035236182156950235, -0.00235762563534081, -0.0072277444414794445, -0.00011040786193916574]
  ResConv 3:  [0.00012447594781406224, -0.005439211148768663, -0.004951062146574259, 0.0028689794708043337]
--
--
  ResConv 1:  [0.0007137020002119243, -1.225216965394793e-05, -0.0103747034445405, 0.0009682789095677435]
  ResConv 2:  [0.00035236182156950235, -0.002357625402510166, -0.0072277444414794445, -0.00011040787649108097]
  ResConv 3:  [0.00012447594781406224, -0.005439211148768663, -0.004951062146574259, 0.0028689794708043337]
--
--
  ResConv 1:  [0.0007137020002119243, -1.2252162377990317e-05, -0.0103747034445405, 0.0009682789095677435]
  ResConv 2:  [0.00035236182156950235, -0.00235762563534081, -0.0072277444414794445, -0.0001104078910429962]
  ResConv 3:  [0.000124475933262147, -0.005439211148768663, -0.004951062146574259, 0.0028689794708043337]
--
--
  ResConv 1:  [0.0007137019420042634, -1.225215874001151e-05, -0.0103747034445405, 0.0009682789095677435]
  ResConv 2:  [0.00035236182156950235, -0.002357625402510166, -0.0072277444414794445, -0.0001104078910429962]
  ResConv 3:  [0.000124475933262147, -0.005439211148768663, -0.004951062146574259, 0.0028689794708043337]
--
--
  ResConv 1:  [0.0007137020002119243, -1.2252166015969124e-05, -0.0103747034445405, 0.0009682789095677435]
  ResConv 2:  [0.00035236182156950235, -0.00235762563534081, -0.0072277444414794445, -0.00011040784738725051]
  ResConv 3:  [0.00012447594781406224, -0.005439211148768663, -0.004951062146574259, 0.0028689794708043337]
--
--
  ResConv 1:  [0.0005992482183501124, 1.334172429778846e-05, -0.008304423652589321, 0.00046991443377919495]
  ResConv 2:  [0.0003015842230524868, -0.0018489793874323368, -0.005802059546113014, -0.0003413197409827262]
  ResConv 3:  [0.0001232651702594012, -0.004299749620258808, -0.0039789252914488316, 0.002064875327050686]
--
--
  ResConv 1:  [0.0005992482183501124, 1.3341727026272565e-05, -0.008304423652589321, 0.0004699144628830254]
  ResConv 2:  [0.0003015842230524868, -0.0018489795038476586, -0.005802059546113014, -0.0003413197700865567]
  ResConv 3:  [0.00012326515570748597, -0.004299749620258808, -0.0039789252914488316, 0.002064875327050686]
--
--
  ResConv 1:  [0.0005992482183501124, 1.3341713383852039e-05, -0.008304423652589321, 0.0004699144628830254]
  ResConv 2:  [0.0003015842230524868, -0.0018489793874323368, -0.005802059546113014, -0.0003413197409827262]
  ResConv 3:  [0.00012326515570748597, -0.004299749620258808, -0.0039789252914488316, 0.002064875327050686]
--
--
  ResConv 1:  [0.0005992483347654343, 1.3341717931325547e-05, -0.008304423652589321, 0.0004699145210906863]
  ResConv 2:  [0.00030158431036397815, -0.0018489795038476586, -0.005802059546113014, -0.00034131971187889576]
  ResConv 3:  [0.0001232651702594012, -0.004299749620258808, -0.0039789252914488316, 0.002064875327050686]
--
--
  ResConv 1:  [0.0005992482183501124, 1.3341721569304354e-05, -0.008304423652589321, 0.00046991443377919495]
  ResConv 2:  [0.0003015842230524868, -0.0018489795038476586, -0.005802059546113014, -0.0003413197409827262]
  ResConv 3:  [0.0001232651702594012, -0.004299749620258808, -0.0039789252914488316, 0.002064875327050686]
--
--
  ResConv 1:  [0.0004806369252037257, 4.177254595560953e-05, -0.006907013710588217, 0.00025096614263020456]
  ResConv 2:  [0.00024620667682029307, -0.001494118245318532, -0.004820418544113636, -0.00040963562787510455]
  ResConv 3:  [0.00011981058196397498, -0.003527592169120908, -0.0033048333134502172, 0.0016001362819224596]
--
--
  ResConv 1:  [0.00048063689609989524, 4.1772564145503566e-05, -0.006907013710588217, 0.00025096614263020456]
  ResConv 2:  [0.00024620661861263216, -0.001494118245318532, -0.004820418544113636, -0.0004096355987712741]
  ResConv 3:  [0.00011981054558418691, -0.003527592169120908, -0.0033048333134502172, 0.0016001362819224596]
--
--
  ResConv 1:  [0.0004806369252037257, 4.177256050752476e-05, -0.006907013710588217, 0.0002509661135263741]
  ResConv 2:  [0.00024620661861263216, -0.001494118245318532, -0.004820418544113636, -0.00040963568608276546]
  ResConv 3:  [0.00011981054558418691, -0.003527592169120908, -0.0033048333134502172, 0.0016001362819224596]
--
--
  ResConv 1:  [0.0004806369252037257, 4.177256050752476e-05, -0.006907013710588217, 0.00025096614263020456]
  ResConv 2:  [0.0002462066477164626, -0.001494118245318532, -0.004820418544113636, -0.0004096355987712741]
  ResConv 3:  [0.00011981056013610214, -0.003527592169120908, -0.0033048333134502172, 0.0016001362819224596]
--
--
  ResConv 1:  [0.0004806369252037257, 4.177254959358834e-05, -0.006907013710588217, 0.00025096614263020456]
  ResConv 2:  [0.00024620667682029307, -0.001494118245318532, -0.004820418544113636, -0.00040963562787510455]
  ResConv 3:  [0.00011981058196397498, -0.003527592169120908, -0.003304833546280861, 0.0016001362819224596]
--
--
  ResConv 1:  [0.0004137819050811231, 5.201888416195288e-05, -0.006647393107414246, 0.0002859627711586654]
  ResConv 2:  [0.00020890084851998836, -0.0014143333537504077, -0.004648902453482151, -0.000346444925526157]
  ResConv 3:  [9.694242180557922e-05, -0.0033595594577491283, -0.00318628316745162, 0.0015750615857541561]
--
--
  ResConv 1:  [0.0004137819050811231, 5.2018880523974076e-05, -0.006647393107414246, 0.0002859627711586654]
  ResConv 2:  [0.00020890087762381881, -0.0014143333537504077, -0.004648902453482151, -0.00034644489642232656]
  ResConv 3:  [9.694240725366399e-05, -0.0033595594577491283, -0.00318628316745162, 0.0015750615857541561]
--
--
  ResConv 1:  [0.0004137819050811231, 5.2018880523974076e-05, -0.006647393107414246, 0.0002859627711586654]
  ResConv 2:  [0.00020890084851998836, -0.0014143333537504077, -0.004648902453482151, -0.00034644489642232656]
  ResConv 3:  [9.694242180557922e-05, -0.003359559690579772, -0.00318628316745162, 0.0015750615857541561]
--
--
  ResConv 1:  [0.0004137819050811231, 5.2018880523974076e-05, -0.006647393107414246, 0.0002859628002624959]
  ResConv 2:  [0.00020890083396807313, -0.0014143333537504077, -0.004648902453482151, -0.0003464448673184961]
  ResConv 3:  [9.694240725366399e-05, -0.0033595594577491283, -0.00318628316745162, 0.0015750615857541561]
--
--
  ResConv 1:  [0.00041378187597729266, 5.2018869610037655e-05, -0.006647393107414246, 0.0002859628002624959]
  ResConv 2:  [0.00020890083396807313, -0.0014143333537504077, -0.004648902453482151, -0.0003464448673184961]
  ResConv 3:  [9.694238542579114e-05, -0.0033595594577491283, -0.00318628316745162, 0.0015750615857541561]
--
--
  ResConv 1:  [0.00036469471524469554, 2.284828769916203e-05, -0.0069798072800040245, 0.000235977306147106]
  ResConv 2:  [0.00016675679944455624, -0.0015119574964046478, -0.004894040059298277, -0.00041550546302460134]
  ResConv 3:  [5.139987115398981e-05, -0.003550071967765689, -0.003363560186699033, 0.001602384727448225]
--
--
  ResConv 1:  [0.00036469471524469554, 2.2848296794109046e-05, -0.006979806814342737, 0.000235977306147106]
  ResConv 2:  [0.00016675677034072578, -0.0015119574964046478, -0.004894040524959564, -0.00041550546302460134]
  ResConv 3:  [5.139985296409577e-05, -0.0035500722005963326, -0.003363560186699033, 0.001602384727448225]
--
--
  ResConv 1:  [0.00036469471524469554, 2.284828406118322e-05, -0.006979806814342737, 0.000235977306147106]
  ResConv 2:  [0.000166756784892641, -0.0015119574964046478, -0.004894040059298277, -0.00041550546302460134]
  ResConv 3:  [5.139986387803219e-05, -0.003550072433426976, -0.003363560186699033, 0.001602384727448225]
--
--
  ResConv 1:  [0.00036469471524469554, 2.2848291337140836e-05, -0.0069798072800040245, 0.000235977306147106]
  ResConv 2:  [0.000166756784892641, -0.0015119574964046478, -0.004894040059298277, -0.0004155054339207709]
  ResConv 3:  [5.1399860240053385e-05, -0.003550072433426976, -0.003363560186699033, 0.001602384727448225]
--
--
  ResConv 1:  [0.00036469471524469554, 2.2848294975119643e-05, -0.0069798072800040245, 0.000235977306147106]
  ResConv 2:  [0.00016675679944455624, -0.0015119574964046478, -0.004894040059298277, -0.0004155054339207709]
  ResConv 3:  [5.139987842994742e-05, -0.003550072433426976, -0.003363560186699033, 0.001602384727448225]
--
--
  ResConv 1:  [0.0007585587445646524, -3.244720574002713e-05, -0.010159708559513092, 0.0007747701602056623]
  ResConv 2:  [0.0003978348395321518, -0.0023311497643589973, -0.007075528148561716, -0.00027271220460534096]
  ResConv 3:  [0.0001669328921707347, -0.005355984438210726, -0.004834573715925217, 0.002676509553566575]
--
--
  ResConv 1:  [0.0007585587445646524, -3.2447238481836393e-05, -0.010159708559513092, 0.0007747701019980013]
  ResConv 2:  [0.0003978348686359823, -0.0023311497643589973, -0.007075528148561716, -0.0002727122337091714]
  ResConv 3:  [0.00016693292127456516, -0.005355984438210726, -0.004834574181586504, 0.002676509553566575]
--
--
  ResConv 1:  [0.0007585587445646524, -3.2447213015984744e-05, -0.010159709490835667, 0.0007747701602056623]
  ResConv 2:  [0.0003978348395321518, -0.0023311497643589973, -0.007075527682900429, -0.00027271220460534096]
  ResConv 3:  [0.00016693292127456516, -0.0053559839725494385, -0.004834573715925217, 0.002676509553566575]
--
--
  ResConv 1:  [0.0007585587445646524, -3.244722756789997e-05, -0.010159709490835667, 0.0007747701602056623]
  ResConv 2:  [0.0003978348395321518, -0.0023311497643589973, -0.007075528148561716, -0.00027271220460534096]
  ResConv 3:  [0.00016693292127456516, -0.005355984438210726, -0.004834574181586504, 0.002676509553566575]
--
--
  ResConv 1:  [0.0007585587445646524, -3.2447223929921165e-05, -0.010159708559513092, 0.0007747701602056623]
  ResConv 2:  [0.0003978348395321518, -0.0023311497643589973, -0.007075528148561716, -0.00027271220460534096]
  ResConv 3:  [0.00016693292127456516, -0.0053559839725494385, -0.004834573715925217, 0.002676509553566575]
--
--
  ResConv 1:  [0.0004516795452218503, 8.59282044984866e-06, -0.007029350381344557, 0.00033117251587100327]
  ResConv 2:  [0.00022615506895817816, -0.0015477691777050495, -0.004918576683849096, -0.00033838575473055243]
  ResConv 3:  [0.00010329770884709433, -0.0036228320095688105, -0.0033598740119487047, 0.0017091782065108418]
--
--
  ResConv 1:  [0.0004516795161180198, 8.59281044540694e-06, -0.007029350381344557, 0.00033117251587100327]
  ResConv 2:  [0.00022615506895817816, -0.0015477692941203713, -0.004918576683849096, -0.00033838575473055243]
  ResConv 3:  [0.00010329768701922148, -0.003622831543907523, -0.0033598740119487047, 0.00170917809009552]
--
--
  ResConv 1:  [0.0004516795452218503, 8.59283136378508e-06, -0.007029350381344557, 0.00033117251587100327]
  ResConv 2:  [0.00022615506895817816, -0.0015477692941203713, -0.004918576683849096, -0.00033838575473055243]
  ResConv 3:  [0.00010329770157113671, -0.003622831776738167, -0.0033598740119487047, 0.0017091782065108418]
--
--
  ResConv 1:  [0.0004516795452218503, 8.59282044984866e-06, -0.007029350381344557, 0.00033117251587100327]
  ResConv 2:  [0.0002261550398543477, -0.0015477692941203713, -0.004918576683849096, -0.00033838575473055243]
  ResConv 3:  [0.00010329768701922148, -0.0036228320095688105, -0.0033598740119487047, 0.0017091782065108418]
--
--
  ResConv 1:  [0.0004516795452218503, 8.592814992880449e-06, -0.007029350381344557, 0.00033117251587100327]
  ResConv 2:  [0.0002261550398543477, -0.0015477692941203713, -0.004918576683849096, -0.00033838575473055243]
  ResConv 3:  [0.00010329770884709433, -0.003622831776738167, -0.0033598740119487047, 0.0017091782065108418]
--
--
  ResConv 1:  [0.0005171287339180708, 2.7058496925747022e-05, -0.0073641459457576275, 0.00030244121444411576]
  ResConv 2:  [0.00027740944642573595, -0.001607947750017047, -0.005154408514499664, -0.0004020428750663996]
  ResConv 3:  [0.00014882245159242302, -0.0037713355850428343, -0.0035338602028787136, 0.0017368299886584282]
--
--
  ResConv 1:  [0.0005171288503333926, 2.705850602069404e-05, -0.0073641459457576275, 0.00030244121444411576]
  ResConv 2:  [0.0002774094755295664, -0.001607947750017047, -0.005154408514499664, -0.0004020428750663996]
  ResConv 3:  [0.00014882246614433825, -0.0037713355850428343, -0.00353385997004807, 0.0017368299886584282]
--
--
  ResConv 1:  [0.0005171287921257317, 2.7058489649789408e-05, -0.0073641459457576275, 0.00030244121444411576]
  ResConv 2:  [0.00027740950463339686, -0.001607947750017047, -0.005154408514499664, -0.0004020428750663996]
  ResConv 3:  [0.00014882246614433825, -0.0037713355850428343, -0.00353385997004807, 0.0017368299886584282]
--
--
  ResConv 1:  [0.0005171288503333926, 2.7058493287768215e-05, -0.0073641459457576275, 0.00030244121444411576]
  ResConv 2:  [0.0002774094755295664, -0.001607947750017047, -0.005154408514499664, -0.0004020429332740605]
  ResConv 3:  [0.00014882246614433825, -0.0037713355850428343, -0.00353385997004807, 0.0017368299886584282]
--
--
  ResConv 1:  [0.0005171288503333926, 2.705850602069404e-05, -0.007364146411418915, 0.00030244121444411576]
  ResConv 2:  [0.00027740944642573595, -0.001607947750017047, -0.005154408514499664, -0.0004020428750663996]
  ResConv 3:  [0.00014882245159242302, -0.0037713355850428343, -0.00353385997004807, 0.0017368299886584282]
--
--
  ResConv 1:  [0.0003163073561154306, 3.3859541872516274e-05, -0.007030155509710312, 0.00018716581689659506]
  ResConv 2:  [0.0001424824440618977, -0.0015200738562271, -0.004923815373331308, -0.00046688184374943376]
  ResConv 3:  [4.273237209417857e-05, -0.003597103524953127, -0.0033695539459586143, 0.001599481445737183]
--
--
  ResConv 1:  [0.00031630738521926105, 3.385953823453747e-05, -0.007030155044049025, 0.00018716586055234075]
  ResConv 2:  [0.00014248245861381292, -0.0015200738562271, -0.004923814442008734, -0.00046688184374943376]
  ResConv 3:  [4.2732383008114994e-05, -0.003597103524953127, -0.0033695539459586143, 0.001599481445737183]
--
--
  ResConv 1:  [0.0003163073561154306, 3.385953823453747e-05, -0.007030155509710312, 0.00018716581689659506]
  ResConv 2:  [0.00014248242950998247, -0.0015200738562271, -0.004923815373331308, -0.00046688184374943376]
  ResConv 3:  [4.2732379370136186e-05, -0.003597103524953127, -0.0033695539459586143, 0.001599481562152505]
--
--
  ResConv 1:  [0.0003163073561154306, 3.385954551049508e-05, -0.007030155509710312, 0.00018716584600042552]
  ResConv 2:  [0.00014248245861381292, -0.0015200738562271, -0.004923815373331308, -0.00046688184374943376]
  ResConv 3:  [4.27323866460938e-05, -0.003597103524953127, -0.0033695537131279707, 0.001599481445737183]
--
--
  ResConv 1:  [0.00031630738521926105, 3.385953823453747e-05, -0.007030155509710312, 0.00018716584600042552]
  ResConv 2:  [0.00014248245861381292, -0.0015200738562271, -0.004923815373331308, -0.00046688184374943376]
  ResConv 3:  [4.27323866460938e-05, -0.003597103524953127, -0.0033695539459586143, 0.001599481562152505]
--
--
  ResConv 1:  [0.0004656550590880215, 5.681432867277181e-06, -0.009806936606764793, 0.0006208608974702656]
  ResConv 2:  [0.00018809523317031562, -0.002198299625888467, -0.006844144780188799, -0.00035374955041334033]
  ResConv 3:  [8.105066626740154e-06, -0.005146177485585213, -0.004673757590353489, 0.002536126645281911]
--
--
  ResConv 1:  [0.0004656551463995129, 5.6814419622241985e-06, -0.009806936606764793, 0.0006208608974702656]
  ResConv 2:  [0.00018809524772223085, -0.002198299625888467, -0.006844144780188799, -0.0003537495795171708]
  ResConv 3:  [8.105073902697768e-06, -0.005146177019923925, -0.004673757590353489, 0.002536126645281911]
--
--
  ResConv 1:  [0.00046565511729568243, 5.681445600203006e-06, -0.009806936606764793, 0.0006208608974702656]
  ResConv 2:  [0.00018809523317031562, -0.002198299625888467, -0.006844144780188799, -0.00035374955041334033]
  ResConv 3:  [8.10505935078254e-06, -0.005146177485585213, -0.004673757590353489, 0.002536126645281911]
--
--
  ResConv 1:  [0.0004656551463995129, 5.681435141013935e-06, -0.009806936606764793, 0.0006208608974702656]
  ResConv 2:  [0.00018809523317031562, -0.002198299625888467, -0.006844144780188799, -0.0003537495795171708]
  ResConv 3:  [8.105076631181873e-06, -0.0051461779512465, -0.004673757590353489, 0.002536126645281911]
--
--
  ResConv 1:  [0.0004656551463995129, 5.681450602423865e-06, -0.009806936606764793, 0.0006208608974702656]
  ResConv 2:  [0.00018809523317031562, -0.002198299625888467, -0.006844144780188799, -0.0003537495213095099]
  ResConv 3:  [8.105072993203066e-06, -0.005146177019923925, -0.004673757590353489, 0.002536126645281911]
--
--
  ResConv 1:  [0.0002870327152777463, 2.862312612705864e-05, -0.006188625004142523, 0.00011430874292273074]
  ResConv 2:  [0.0001229713816428557, -0.0013360109878703952, -0.004336677026003599, -0.0004525307158473879]
  ResConv 3:  [3.187995025655255e-05, -0.003154192818328738, -0.0029739050660282373, 0.0013586892746388912]
--
--
  ResConv 1:  [0.00028703268617391586, 2.8623117032111622e-05, -0.006188625004142523, 0.00011430872837081552]
  ResConv 2:  [0.00012297139619477093, -0.0013360109878703952, -0.004336677026003599, -0.00045253068674355745]
  ResConv 3:  [3.1879953894531354e-05, -0.003154192818328738, -0.0029739050660282373, 0.0013586892746388912]
--
--
  ResConv 1:  [0.0002870327152777463, 2.8623111575143412e-05, -0.00618862546980381, 0.00011430872837081552]
  ResConv 2:  [0.0001229713816428557, -0.0013360109878703952, -0.004336677026003599, -0.00045253068674355745]
  ResConv 3:  [3.187995025655255e-05, -0.003154192818328738, -0.0029739050660282373, 0.0013586892746388912]
--
--
  ResConv 1:  [0.0002870327152777463, 2.8623111575143412e-05, -0.00618862546980381, 0.00011430872837081552]
  ResConv 2:  [0.00012297141074668616, -0.0013360109878703952, -0.004336677026003599, -0.00045253068674355745]
  ResConv 3:  [3.18799757224042e-05, -0.003154192818328738, -0.0029739050660282373, 0.0013586895074695349]
--
--
  ResConv 1:  [0.0002870327152777463, 2.8623109756154008e-05, -0.006188625004142523, 0.00011430874292273074]
  ResConv 2:  [0.0001229713816428557, -0.0013360109878703952, -0.004336677026003599, -0.00045253068674355745]
  ResConv 3:  [3.187995025655255e-05, -0.003154192818328738, -0.0029739050660282373, 0.0013586892746388912]
--
--
  ResConv 1:  [0.000379155739210546, 8.114198863040656e-06, -0.0068250009790062904, 0.00013265731104183942]
  ResConv 2:  [0.00018219472258351743, -0.0014989323681220412, -0.004774744156748056, -0.000496429915074259]
  ResConv 3:  [7.929199637146667e-05, -0.003508366644382477, -0.0032733918633311987, 0.001504654181189835]
--
--
  ResConv 1:  [0.000379155739210546, 8.114204320008866e-06, -0.0068250009790062904, 0.00013265731104183942]
  ResConv 2:  [0.00018219472258351743, -0.0014989323681220412, -0.004774744156748056, -0.0004964298568665981]
  ResConv 3:  [7.929199637146667e-05, -0.0035083668772131205, -0.003273392328992486, 0.001504654181189835]
--
--
  ResConv 1:  [0.000379155739210546, 8.114207048492972e-06, -0.0068250009790062904, 0.00013265731104183942]
  ResConv 2:  [0.00018219473713543266, -0.0014989323681220412, -0.004774744156748056, -0.000496429915074259]
  ResConv 3:  [7.929199637146667e-05, -0.0035083668772131205, -0.003273392328992486, 0.001504654181189835]
--
--
  ResConv 1:  [0.000379155739210546, 8.11421159596648e-06, -0.0068250009790062904, 0.00013265732559375465]
  ResConv 2:  [0.0001821947080316022, -0.0014989323681220412, -0.004774744156748056, -0.0004964298568665981]
  ResConv 3:  [7.929197454359382e-05, -0.003508366644382477, -0.0032733918633311987, 0.001504654181189835]
--
--
  ResConv 1:  [0.000379155739210546, 8.114195225061849e-06, -0.0068250009790062904, 0.00013265731104183942]
  ResConv 2:  [0.0001821947080316022, -0.0014989323681220412, -0.004774744156748056, -0.0004964298568665981]
  ResConv 3:  [7.929197454359382e-05, -0.0035083668772131205, -0.003273392328992486, 0.0015046540647745132]
--
--
  ResConv 1:  [0.00046101308544166386, -1.6458974641864188e-05, -0.007232083939015865, 0.0003080967871937901]
  ResConv 2:  [0.00023229100042954087, -0.0016155591001734138, -0.005053831730037928, -0.0003765727742575109]
  ResConv 3:  [0.00010293607192579657, -0.0037388899363577366, -0.0034641344100236893, 0.0017195985419675708]
--
--
  ResConv 1:  [0.00046101308544166386, -1.6458978279842995e-05, -0.007232083939015865, 0.0003080967871937901]
  ResConv 2:  [0.00023229098587762564, -0.0016155591001734138, -0.005053831730037928, -0.0003765727742575109]
  ResConv 3:  [0.00010293607192579657, -0.0037388899363577366, -0.0034641344100236893, 0.0017195985419675708]
--
--
  ResConv 1:  [0.00046101308544166386, -1.645897100388538e-05, -0.007232083939015865, 0.0003080967871937901]
  ResConv 2:  [0.00023229098587762564, -0.0016155591001734138, -0.00505383126437664, -0.0003765727742575109]
  ResConv 3:  [0.00010293606464983895, -0.0037388899363577366, -0.0034641344100236893, 0.0017195985419675708]
--
--
  ResConv 1:  [0.00046101308544166386, -1.6458972822874784e-05, -0.007232083939015865, 0.0003080967871937901]
  ResConv 2:  [0.00023229098587762564, -0.0016155593330040574, -0.005053831730037928, -0.0003765727742575109]
  ResConv 3:  [0.00010293607192579657, -0.0037388899363577366, -0.0034641344100236893, 0.0017195985419675708]
--
--
  ResConv 1:  [0.00046101308544166386, -1.6458972822874784e-05, -0.007232083939015865, 0.0003080967871937901]
  ResConv 2:  [0.00023229100042954087, -0.0016155593330040574, -0.005053831730037928, -0.0003765727742575109]
  ResConv 3:  [0.00010293607920175418, -0.0037388899363577366, -0.0034641344100236893, 0.0017195985419675708]
--
--
  ResConv 1:  [0.0003548448148649186, 3.5610885333881015e-06, -0.007959196344017982, 0.00032241540611721575]
  ResConv 2:  [0.00013355530973058194, -0.0017646800260990858, -0.005570890381932259, -0.0004239772097207606]
  ResConv 3:  [1.249035932460174e-07, -0.004124658182263374, -0.0038100562524050474, 0.001901654526591301]
--
--
  ResConv 1:  [0.0003548448148649186, 3.5610767099569784e-06, -0.007959196344017982, 0.00032241546432487667]
  ResConv 2:  [0.0001335553388344124, -0.0017646800260990858, -0.005570890381932259, -0.0004239772097207606]
  ResConv 3:  [1.249296701644198e-07, -0.004124658182263374, -0.0038100562524050474, 0.001901654526591301]
--
--
  ResConv 1:  [0.0003548448148649186, 3.5610783015727066e-06, -0.007959196344017982, 0.00032241546432487667]
  ResConv 2:  [0.00013355532428249717, -0.0017646800260990858, -0.005570890381932259, -0.0004239772097207606]
  ResConv 3:  [1.2492139944697556e-07, -0.004124658182263374, -0.0038100562524050474, 0.001901654526591301]
--
--
  ResConv 1:  [0.0003548448148649186, 3.561083758540917e-06, -0.007959197275340557, 0.00032241546432487667]
  ResConv 2:  [0.00013355530973058194, -0.0017646800260990858, -0.005570889916270971, -0.0004239772097207606]
  ResConv 3:  [1.2490070844251022e-07, -0.004124658182263374, -0.0038100562524050474, 0.001901654526591301]
--
--
  ResConv 1:  [0.0003548448730725795, 3.561081030056812e-06, -0.007959197275340557, 0.00032241546432487667]
  ResConv 2:  [0.00013355532428249717, -0.0017646800260990858, -0.005570889916270971, -0.0004239772097207606]
  ResConv 3:  [1.2492139944697556e-07, -0.004124658182263374, -0.0038100562524050474, 0.001901654526591301]
--
--
  ResConv 1:  [0.000513013219460845, 8.554363012081012e-05, -0.010222953744232655, 0.0008066391455940902]
  ResConv 2:  [0.00020742487686220556, -0.0022362731397151947, -0.0071159848012030125, -0.00020596192916855216]
  ResConv 3:  [-1.2442116030797479e-06, -0.005278890021145344, -0.004878542385995388, 0.0027312191668897867]
--
--
  ResConv 1:  [0.000513013219460845, 8.554361556889489e-05, -0.010222953744232655, 0.0008066391455940902]
  ResConv 2:  [0.00020742486231029034, -0.0022362733725458384, -0.0071159848012030125, -0.00020596192916855216]
  ResConv 3:  [-1.2442181969163357e-06, -0.005278890021145344, -0.004878542385995388, 0.002731218934059143]
--
--
  ResConv 1:  [0.000513013219460845, 8.554363012081012e-05, -0.010222953744232655, 0.0008066392038017511]
  ResConv 2:  [0.00020742490596603602, -0.0022362731397151947, -0.0071159848012030125, -0.0002059619000647217]
  ResConv 3:  [-1.2442071692930767e-06, -0.005278890021145344, -0.004878542385995388, 0.002731218934059143]
--
--
  ResConv 1:  [0.000513013219460845, 8.554361556889489e-05, -0.010222953744232655, 0.0008066391455940902]
  ResConv 2:  [0.00020742486231029034, -0.0022362733725458384, -0.0071159848012030125, -0.0002059619437204674]
  ResConv 3:  [-1.2442226307030069e-06, -0.005278890021145344, -0.004878542385995388, 0.0027312191668897867]
--
--
  ResConv 1:  [0.000513013219460845, 8.554363012081012e-05, -0.010222953744232655, 0.0008066392038017511]
  ResConv 2:  [0.00020742487686220556, -0.0022362731397151947, -0.0071159848012030125, -0.0002059619000647217]
  ResConv 3:  [-1.2442204706530902e-06, -0.005278890021145344, -0.004878542385995388, 0.0027312187012284994]
--
--
  ResConv 1:  [0.00033449684269726276, -9.95917525870027e-06, -0.006844774819910526, 0.00014054238272365183]
  ResConv 2:  [0.0001432494755135849, -0.001504832529462874, -0.004805309697985649, -0.00047566808643750846]
  ResConv 3:  [4.168103259871714e-05, -0.0034928780514746904, -0.0033092082012444735, 0.00150197627954185]
--
--
  ResConv 1:  [0.0003344968718010932, -9.959179806173779e-06, -0.006844774819910526, 0.00014054238272365183]
  ResConv 2:  [0.00014324950461741537, -0.001504832529462874, -0.004805309697985649, -0.00047566808643750846]
  ResConv 3:  [4.1681050788611174e-05, -0.0034928780514746904, -0.0033092082012444735, 0.00150197627954185]
--
--
  ResConv 1:  [0.0003344968718010932, -9.959196177078411e-06, -0.006844774819910526, 0.00014054239727556705]
  ResConv 2:  [0.0001432494755135849, -0.001504832529462874, -0.004805309697985649, -0.00047566808643750846]
  ResConv 3:  [4.168103259871714e-05, -0.0034928780514746904, -0.0033092086669057608, 0.00150197627954185]
--
--
  ResConv 1:  [0.0003344968718010932, -9.959184353647288e-06, -0.006844774819910526, 0.00014054239727556705]
  ResConv 2:  [0.0001432494755135849, -0.001504832529462874, -0.004805309697985649, -0.00047566808643750846]
  ResConv 3:  [4.168103259871714e-05, -0.0034928780514746904, -0.00330920796841383, 0.00150197627954185]
--
--
  ResConv 1:  [0.00033449684269726276, -9.959187991626095e-06, -0.006844774819910526, 0.00014054238272365183]
  ResConv 2:  [0.00014324946096166968, -0.001504832529462874, -0.004805309697985649, -0.00047566808643750846]
  ResConv 3:  [4.1681025322759524e-05, -0.0034928780514746904, -0.0033092082012444735, 0.00150197627954185]
--
--
  ResConv 1:  [0.00045160300214774907, 2.9366687158471905e-05, -0.009812592528760433, 0.0009008580236695707]
  ResConv 2:  [0.0001654927764320746, -0.0021833216305822134, -0.006845013704150915, -9.083954500965774e-05]
  ResConv 3:  [-3.281739918747917e-05, -0.005104561801999807, -0.004686329513788223, 0.002734671114012599]
--
--
  ResConv 1:  [0.00045160300214774907, 2.9366690796450712e-05, -0.009812592528760433, 0.0009008581400848925]
  ResConv 2:  [0.0001654927764320746, -0.0021833216305822134, -0.006845013704150915, -9.08395231817849e-05]
  ResConv 3:  [-3.2817402825457975e-05, -0.005104561801999807, -0.004686329513788223, 0.002734671114012599]
--
--
  ResConv 1:  [0.00045160300214774907, 2.936667988251429e-05, -0.009812592528760433, 0.0009008581400848925]
  ResConv 2:  [0.0001654927764320746, -0.0021833216305822134, -0.006845013704150915, -9.083954500965774e-05]
  ResConv 3:  [-3.281739918747917e-05, -0.005104561801999807, -0.004686329513788223, 0.002734671114012599]
--
--
  ResConv 1:  [0.00045160300214774907, 2.9366690796450712e-05, -0.009812592528760433, 0.0009008581400848925]
  ResConv 2:  [0.00016549276188015938, -0.0021833216305822134, -0.006845013704150915, -9.08395231817849e-05]
  ResConv 3:  [-3.281742101535201e-05, -0.005104560870677233, -0.004686329513788223, 0.002734671114012599]
--
--
  ResConv 1:  [0.0004516029730439186, 2.93666853394825e-05, -0.009812592528760433, 0.0009008581400848925]
  ResConv 2:  [0.00016549276188015938, -0.0021833216305822134, -0.006845013704150915, -9.083954500965774e-05]
  ResConv 3:  [-3.281741010141559e-05, -0.005104561801999807, -0.004686329979449511, 0.002734671114012599]
--
--
  ResConv 1:  [0.0005945211742073298, 6.235761975403875e-05, -0.008473187685012817, 0.0004342333704698831]
  ResConv 2:  [0.0003274827904533595, -0.001825199811719358, -0.005924450699239969, -0.00039432800258509815]
  ResConv 3:  [0.0001643404393689707, -0.004332567099481821, -0.0040601505897939205, 0.0020759538747370243]
--
--
  ResConv 1:  [0.0005945211742073298, 6.235761975403875e-05, -0.008473188616335392, 0.00043423339957371354]
  ResConv 2:  [0.0003274827904533595, -0.001825199811719358, -0.005924450699239969, -0.00039432800258509815]
  ResConv 3:  [0.0001643404393689707, -0.004332566633820534, -0.0040601505897939205, 0.0020759538747370243]
--
--
  ResConv 1:  [0.0005945212906226516, 6.235761975403875e-05, -0.008473188616335392, 0.00043423339957371354]
  ResConv 2:  [0.0003274827904533595, -0.001825199811719358, -0.005924450699239969, -0.00039432800258509815]
  ResConv 3:  [0.0001643404393689707, -0.004332566633820534, -0.0040601505897939205, 0.0020759538747370243]
--
--
  ResConv 1:  [0.0005945212906226516, 6.235761975403875e-05, -0.008473188616335392, 0.00043423339957371354]
  ResConv 2:  [0.0003274827904533595, -0.001825199811719358, -0.005924450699239969, -0.00039432800258509815]
  ResConv 3:  [0.0001643404393689707, -0.004332566633820534, -0.0040601505897939205, 0.0020759538747370243]
--
--
  ResConv 1:  [0.0005945212906226516, 6.235761975403875e-05, -0.008473188616335392, 0.00043423339957371354]
  ResConv 2:  [0.0003274827904533595, -0.001825199811719358, -0.005924450699239969, -0.00039432800258509815]
  ResConv 3:  [0.00016434045392088592, -0.004332566633820534, -0.004060151055455208, 0.0020759538747370243]
--
--
  ResConv 1:  [0.000492642167955637, 6.843433220637962e-05, -0.009223532862961292, 0.0005500657134689391]
  ResConv 2:  [0.0002269878750666976, -0.0020015009213238955, -0.0064439852721989155, -0.0003473180113360286]
  ResConv 3:  [4.824019197258167e-05, -0.00473942281678319, -0.004418505821377039, 0.002325621899217367]
--
--
  ResConv 1:  [0.000492642167955637, 6.84343176544644e-05, -0.009223532862961292, 0.0005500657134689391]
  ResConv 2:  [0.00022698791872244328, -0.0020015009213238955, -0.0064439852721989155, -0.0003473180113360286]
  ResConv 3:  [4.82402065244969e-05, -0.00473942281678319, -0.004418506287038326, 0.002325621899217367]
--
--
  ResConv 1:  [0.000492642167955637, 6.843433220637962e-05, -0.009223532862961292, 0.0005500657134689391]
  ResConv 2:  [0.0002269878750666976, -0.0020015009213238955, -0.0064439852721989155, -0.0003473180113360286]
  ResConv 3:  [4.8240184696624056e-05, -0.00473942281678319, -0.004418505821377039, 0.002325621899217367]
--
--
  ResConv 1:  [0.000492642167955637, 6.843433948233724e-05, -0.009223532862961292, 0.0005500657134689391]
  ResConv 2:  [0.0002269878750666976, -0.0020015009213238955, -0.0064439852721989155, -0.0003473180113360286]
  ResConv 3:  [4.824019197258167e-05, -0.004739423282444477, -0.004418506287038326, 0.002325621899217367]
--
--
  ResConv 1:  [0.000492642167955637, 6.843433220637962e-05, -0.009223532862961292, 0.0005500657134689391]
  ResConv 2:  [0.00022698788961861283, -0.0020015009213238955, -0.0064439852721989155, -0.0003473180113360286]
  ResConv 3:  [4.824019197258167e-05, -0.00473942281678319, -0.004418506287038326, 0.002325621899217367]
--
--
  ResConv 1:  [0.0004533364262897521, -1.8666682080947794e-05, -0.010557971894741058, 0.0009229725110344589]
  ResConv 2:  [0.00016048683028202504, -0.0023968645837157965, -0.007369473110884428, -0.0001471887226216495]
  ResConv 3:  [-5.161157241673209e-05, -0.005570827983319759, -0.00503814360126853, 0.002940865233540535]
--
--
  ResConv 1:  [0.0004533364262897521, -1.8666682080947794e-05, -0.010557971894741058, 0.0009229725110344589]
  ResConv 2:  [0.0001604868157301098, -0.0023968645837157965, -0.007369473110884428, -0.00014718870806973428]
  ResConv 3:  [-5.16115796926897e-05, -0.005570827983319759, -0.00503814360126853, 0.002940865233540535]
--
--
  ResConv 1:  [0.0004533364262897521, -1.866668026195839e-05, -0.010557971894741058, 0.0009229725110344589]
  ResConv 2:  [0.0001604868157301098, -0.0023968645837157965, -0.007369473110884428, -0.00014718873717356473]
  ResConv 3:  [-5.16115796926897e-05, -0.005570827983319759, -0.00503814360126853, 0.002940865233540535]
--
--
  ResConv 1:  [0.0004533364553935826, -1.8666662072064355e-05, -0.010557971894741058, 0.0009229725110344589]
  ResConv 2:  [0.0001604868157301098, -0.0023968645837157965, -0.007369473110884428, -0.00014718870806973428]
  ResConv 3:  [-5.1611565140774474e-05, -0.005570827983319759, -0.00503814360126853, 0.002940865233540535]
--
--
  ResConv 1:  [0.0004533364262897521, -1.8666682080947794e-05, -0.010557971894741058, 0.0009229725110344589]
  ResConv 2:  [0.00016048680117819458, -0.0023968645837157965, -0.007369473110884428, -0.0001471887226216495]
  ResConv 3:  [-5.161159424460493e-05, -0.005570827983319759, -0.00503814360126853, 0.002940865233540535]
--
--
  ResConv 1:  [0.0004972500610165298, 2.1389712856034748e-05, -0.007666978519409895, 0.000326411216519773]
  ResConv 2:  [0.00025841547176241875, -0.0016720116836950183, -0.005374028813093901, -0.00040623173117637634]
  ResConv 3:  [0.00012160910409875214, -0.003922136500477791, -0.0036879037506878376, 0.0018186800880357623]
--
--
  ResConv 1:  [0.0004972500028088689, 2.1389716494013555e-05, -0.007666978519409895, 0.0003264112747274339]
  ResConv 2:  [0.00025841547176241875, -0.0016720116836950183, -0.005374028813093901, -0.0004062317020725459]
  ResConv 3:  [0.00012160910409875214, -0.003922136500477791, -0.003687903517857194, 0.0018186802044510841]
--
--
  ResConv 1:  [0.0004972500610165298, 2.138970921805594e-05, -0.007666978519409895, 0.000326411216519773]
  ResConv 2:  [0.00025841547176241875, -0.0016720116836950183, -0.005374028813093901, -0.00040623173117637634]
  ResConv 3:  [0.00012160910409875214, -0.003922136500477791, -0.0036879037506878376, 0.0018186800880357623]
--
--
  ResConv 1:  [0.0004972500028088689, 2.1389716494013555e-05, -0.007666978519409895, 0.00032641124562360346]
  ResConv 2:  [0.00025841547176241875, -0.0016720116836950183, -0.005374028813093901, -0.00040623173117637634]
  ResConv 3:  [0.00012160909682279453, -0.003922136500477791, -0.0036879037506878376, 0.0018186800880357623]
--
--
  ResConv 1:  [0.0004972500028088689, 2.1389712856034748e-05, -0.007666978519409895, 0.00032641124562360346]
  ResConv 2:  [0.00025841547176241875, -0.0016720116836950183, -0.005374028813093901, -0.0004062317020725459]
  ResConv 3:  [0.00012160909682279453, -0.003922136500477791, -0.0036879037506878376, 0.0018186802044510841]
--
--
  ResConv 1:  [0.00043007679050788283, 3.5452427255222574e-05, -0.009234176948666573, 0.0005759924533776939]
  ResConv 2:  [0.00018077735148835927, -0.0020490598399192095, -0.0064391884952783585, -0.00033860321855172515]
  ResConv 3:  [7.231728886836208e-06, -0.004823788069188595, -0.004401766695082188, 0.002379538957029581]
--
--
  ResConv 1:  [0.00043007679050788283, 3.545243089320138e-05, -0.009234176948666573, 0.0005759924533776939]
  ResConv 2:  [0.0001807773660402745, -0.0020490598399192095, -0.0064391884952783585, -0.0003386031894478947]
  ResConv 3:  [7.231732979562366e-06, -0.004823788534849882, -0.004401766695082188, 0.002379538957029581]
--
--
  ResConv 1:  [0.00043007679050788283, 3.545243453118019e-05, -0.009234176948666573, 0.0005759924533776939]
  ResConv 2:  [0.0001807773660402745, -0.0020490598399192095, -0.0064391884952783585, -0.0003386031894478947]
  ResConv 3:  [7.231734343804419e-06, -0.004823788534849882, -0.004401766695082188, 0.002379538957029581]
--
--
  ResConv 1:  [0.00043007684871554375, 3.545243089320138e-05, -0.009234176948666573, 0.0005759924533776939]
  ResConv 2:  [0.0001807773660402745, -0.0020490598399192095, -0.0064391884952783585, -0.00033860321855172515]
  ResConv 3:  [7.231749805214349e-06, -0.004823788534849882, -0.004401766695082188, 0.002379538957029581]
--
--
  ResConv 1:  [0.0004300768778193742, 3.5452427255222574e-05, -0.009234176948666573, 0.0005759924533776939]
  ResConv 2:  [0.00018077738059218973, -0.0020490598399192095, -0.0064391884952783585, -0.0003386032476555556]
  ResConv 3:  [7.2317484409722965e-06, -0.004823788534849882, -0.004401766695082188, 0.002379538957029581]
--
--
  ResConv 1:  [0.00022555598116014153, 7.840107718948275e-05, -0.008015367202460766, 0.00031623884569853544]
  ResConv 2:  [6.940298590052407e-06, -0.001719903782941401, -0.005608192645013332, -0.0004243645817041397]
  ResConv 3:  [-0.0001351165701635182, -0.004105021711438894, -0.0038433673325926065, 0.0019172829343006015]
--
--
  ResConv 1:  [0.00022555601026397198, 7.840107718948275e-05, -0.008015367202460766, 0.00031623884569853544]
  ResConv 2:  [6.94032041792525e-06, -0.001719903782941401, -0.005608192645013332, -0.0004243645817041397]
  ResConv 3:  [-0.00013511654105968773, -0.004105021711438894, -0.0038433673325926065, 0.0019172831671312451]
--
--
  ResConv 1:  [0.00022555603936780244, 7.840108446544036e-05, -0.008015367202460766, 0.00031623890390619636]
  ResConv 2:  [6.940322691662004e-06, -0.001719903782941401, -0.005608192645013332, -0.0004243645817041397]
  ResConv 3:  [-0.0001351165701635182, -0.004105021711438894, -0.0038433673325926065, 0.0019172830507159233]
--
--
  ResConv 1:  [0.00022555601026397198, 7.840108446544036e-05, -0.008015367202460766, 0.00031623890390619636]
  ResConv 2:  [6.9403336055984255e-06, -0.001719903782941401, -0.005608192645013332, -0.0004243645817041397]
  ResConv 3:  [-0.00013511654105968773, -0.004105021711438894, -0.0038433673325926065, 0.0019172829343006015]
--
--
  ResConv 1:  [0.00022555601026397198, 7.840108446544036e-05, -0.008015367202460766, 0.00031623884569853544]
  ResConv 2:  [6.940322691662004e-06, -0.001719903782941401, -0.005608192645013332, -0.00042436461080797017]
  ResConv 3:  [-0.00013511655561160296, -0.004105021711438894, -0.0038433673325926065, 0.0019172830507159233]
--
--
  ResConv 1:  [0.00040140561759471893, -4.604049081535777e-06, -0.008083917200565338, 0.0005511731724254787]
  ResConv 2:  [0.00017712567932903767, -0.00181549449916929, -0.005643659271299839, -0.0002530431665945798]
  ResConv 3:  [2.8276341254240833e-05, -0.00421162648126483, -0.0038635788951069117, 0.002086442429572344]
--
--
  ResConv 1:  [0.00040140561759471893, -4.604045898304321e-06, -0.008083917200565338, 0.0005511731724254787]
  ResConv 2:  [0.00017712567932903767, -0.00181549449916929, -0.005643659271299839, -0.0002530431665945798]
  ResConv 3:  [2.8276353987166658e-05, -0.00421162648126483, -0.0038635788951069117, 0.002086442429572344]
--
--
  ResConv 1:  [0.00040140561759471893, -4.604054538503988e-06, -0.008083917200565338, 0.0005511731724254787]
  ResConv 2:  [0.00017712566477712244, -0.00181549449916929, -0.005643659271299839, -0.0002530431665945798]
  ResConv 3:  [2.8276353987166658e-05, -0.00421162648126483, -0.0038635788951069117, 0.0020864421967417]
--
--
  ResConv 1:  [0.00040140561759471893, -4.604042715072865e-06, -0.008083916269242764, 0.0005511732306331396]
  ResConv 2:  [0.00017712566477712244, -0.00181549449916929, -0.005643659271299839, -0.0002530431665945798]
  ResConv 3:  [2.8276337616262026e-05, -0.00421162648126483, -0.0038635788951069117, 0.002086442429572344]
--
--
  ResConv 1:  [0.00040140561759471893, -4.6040554479986895e-06, -0.008083917200565338, 0.0005511732306331396]
  ResConv 2:  [0.00017712566477712244, -0.00181549449916929, -0.005643659271299839, -0.0002530431665945798]
  ResConv 3:  [2.8276337616262026e-05, -0.00421162648126483, -0.0038635788951069117, 0.002086442429572344]
--
--
  ResConv 1:  [0.0005396803026087582, 2.879034582292661e-05, -0.007799090351909399, 0.0003529250097926706]
  ResConv 2:  [0.0002827750286087394, -0.001698075095191598, -0.005459990352392197, -0.00039496220415458083]
  ResConv 3:  [0.0001431403070455417, -0.003990884870290756, -0.0037450995296239853, 0.0018673533340916038]
--
--
  ResConv 1:  [0.0005396803026087582, 2.8790336727979593e-05, -0.007799090351909399, 0.0003529250097926706]
  ResConv 2:  [0.0002827749995049089, -0.001698075095191598, -0.005459990818053484, -0.00039496220415458083]
  ResConv 3:  [0.00014314029249362648, -0.003990884870290756, -0.0037450995296239853, 0.0018673533340916038]
--
--
  ResConv 1:  [0.0005396803026087582, 2.87903403659584e-05, -0.007799090351909399, 0.0003529250097926706]
  ResConv 2:  [0.0002827750286087394, -0.001698075095191598, -0.005459990352392197, -0.0003949622332584113]
  ResConv 3:  [0.0001431403070455417, -0.003990884870290756, -0.0037450995296239853, 0.0018673533340916038]
--
--
  ResConv 1:  [0.0005396803026087582, 2.8790325814043172e-05, -0.007799090351909399, 0.0003529250097926706]
  ResConv 2:  [0.0002827750286087394, -0.001698075095191598, -0.005459990352392197, -0.0003949622332584113]
  ResConv 3:  [0.00014314032159745693, -0.003990884870290756, -0.0037450995296239853, 0.0018673534505069256]
--
--
  ResConv 1:  [0.0005396803026087582, 2.8790338546968997e-05, -0.007799090351909399, 0.00035292498068884015]
  ResConv 2:  [0.0002827750286087394, -0.001698075095191598, -0.005459990352392197, -0.00039496220415458083]
  ResConv 3:  [0.0001431403070455417, -0.003990884870290756, -0.0037450995296239853, 0.0018673533340916038]
--
--
  ResConv 1:  [0.0005472018383443356, -8.039464773901273e-06, -0.0091990502551198, 0.0005197075079195201]
  ResConv 2:  [0.00026166762108914554, -0.002060283673927188, -0.00643751909956336, -0.0003787589375860989]
  ResConv 3:  [8.124305168166757e-05, -0.004789522383362055, -0.004413760267198086, 0.002305394969880581]
--
--
  ResConv 1:  [0.0005472018383443356, -8.039469321374781e-06, -0.0091990502551198, 0.0005197075079195201]
  ResConv 2:  [0.0002616675919853151, -0.002060283673927188, -0.00643751909956336, -0.0003787589375860989]
  ResConv 3:  [8.124305168166757e-05, -0.0047895219177007675, -0.004413760267198086, 0.002305394969880581]
--
--
  ResConv 1:  [0.0005472018383443356, -8.039455678954255e-06, -0.0091990502551198, 0.000519707566127181]
  ResConv 2:  [0.0002616675919853151, -0.002060283673927188, -0.00643751909956336, -0.0003787589375860989]
  ResConv 3:  [8.124304440570995e-05, -0.0047895219177007675, -0.004413760267198086, 0.0023053947370499372]
--
--
  ResConv 1:  [0.0005472018383443356, -8.039462045417167e-06, -0.0091990502551198, 0.000519707566127181]
  ResConv 2:  [0.00026166762108914554, -0.002060283673927188, -0.00643751909956336, -0.0003787589375860989]
  ResConv 3:  [8.124303712975234e-05, -0.0047895219177007675, -0.004413760267198086, 0.002305394969880581]
--
--
  ResConv 1:  [0.0005472018383443356, -8.039461135922465e-06, -0.0091990502551198, 0.0005197075079195201]
  ResConv 2:  [0.0002616675919853151, -0.002060283673927188, -0.00643751909956336, -0.0003787590248975903]
  ResConv 3:  [8.12430153018795e-05, -0.0047895219177007675, -0.004413760267198086, 0.002305394969880581]
--
--
  ResConv 1:  [0.00038090991438366473, 3.529241803335026e-05, -0.006626664660871029, 0.00021943557658232749]
  ResConv 2:  [0.00016324908938258886, -0.0014253820991143584, -0.004637968260794878, -0.00039679123437963426]
  ResConv 3:  [5.317264731274918e-05, -0.0033693870063871145, -0.003177063772454858, 0.001528800930827856]
--
--
  ResConv 1:  [0.00038090991438366473, 3.529241803335026e-05, -0.006626664660871029, 0.00021943557658232749]
  ResConv 2:  [0.00016324911848641932, -0.0014253820991143584, -0.004637968260794878, -0.00039679123437963426]
  ResConv 3:  [5.317266550264321e-05, -0.0033693870063871145, -0.003177063539624214, 0.001528800930827856]
--
--
  ResConv 1:  [0.00038090991438366473, 3.5292421671329066e-05, -0.006626664660871029, 0.00021943556203041226]
  ResConv 2:  [0.00016324911848641932, -0.0014253820991143584, -0.004637968260794878, -0.00039679123437963426]
  ResConv 3:  [5.3172661864664406e-05, -0.0033693870063871145, -0.003177063772454858, 0.001528800930827856]
--
--
  ResConv 1:  [0.00038090991438366473, 3.529242894728668e-05, -0.006626664660871029, 0.00021943556203041226]
  ResConv 2:  [0.00016324911848641932, -0.0014253820991143584, -0.004637968260794878, -0.00039679123437963426]
  ResConv 3:  [5.3172661864664406e-05, -0.0033693870063871145, -0.003177063772454858, 0.001528800930827856]
--
--
  ResConv 1:  [0.00038090991438366473, 3.529242530930787e-05, -0.006626664660871029, 0.00021943557658232749]
  ResConv 2:  [0.00016324908938258886, -0.0014253820991143584, -0.004637968260794878, -0.00039679123437963426]
  ResConv 3:  [5.317264731274918e-05, -0.0033693870063871145, -0.003177063539624214, 0.001528800930827856]
--
--
  ResConv 1:  [0.000378131284378469, 2.593797580630053e-05, -0.00756490882486105, 0.0002755751775112003]
  ResConv 2:  [0.0001537619682494551, -0.0016484742518514395, -0.005296314600855112, -0.0004271865473128855]
  ResConv 3:  [2.5616940547479317e-05, -0.0038705409970134497, -0.003626221790909767, 0.0017633398529142141]
--
--
  ResConv 1:  [0.000378131284378469, 2.593797580630053e-05, -0.00756490882486105, 0.0002755751775112003]
  ResConv 2:  [0.00015376195369753987, -0.0016484742518514395, -0.005296315532177687, -0.0004271865473128855]
  ResConv 3:  [2.5616915081627667e-05, -0.0038705409970134497, -0.003626221790909767, 0.0017633398529142141]
--
--
  ResConv 1:  [0.000378131284378469, 2.5937983082258143e-05, -0.00756490882486105, 0.00027557514840736985]
  ResConv 2:  [0.0001537619682494551, -0.0016484742518514395, -0.005296314600855112, -0.0004271865473128855]
  ResConv 3:  [2.5616927814553492e-05, -0.0038705409970134497, -0.003626221790909767, 0.0017633398529142141]
--
--
  ResConv 1:  [0.000378131284378469, 2.5937970349332318e-05, -0.00756490882486105, 0.0002755751775112003]
  ResConv 2:  [0.0001537619682494551, -0.0016484742518514395, -0.005296314600855112, -0.0004271865473128855]
  ResConv 3:  [2.56169314525323e-05, -0.0038705409970134497, -0.003626221790909767, 0.0017633398529142141]
--
--
  ResConv 1:  [0.000378131284378469, 2.593797580630053e-05, -0.00756490882486105, 0.00027557514840736985]
  ResConv 2:  [0.0001537619682494551, -0.0016484742518514395, -0.005296315532177687, -0.0004271865473128855]
  ResConv 3:  [2.5616927814553492e-05, -0.0038705409970134497, -0.003626221790909767, 0.0017633398529142141]
--
--
  ResConv 1:  [0.00042210734682157636, 2.3784174118191004e-05, -0.008674586191773415, 0.0006887505878694355]
  ResConv 2:  [0.00016250649059657007, -0.0019323797896504402, -0.006048034410923719, -0.00018044996249955148]
  ResConv 3:  [-9.501914064458106e-06, -0.00451993802562356, -0.004130449146032333, 0.002330268267542124]
--
--
  ResConv 1:  [0.0004221073759254068, 2.378416684223339e-05, -0.008674586191773415, 0.0006887506460770965]
  ResConv 2:  [0.0001625065051484853, -0.0019323797896504402, -0.006048034410923719, -0.00018044994794763625]
  ResConv 3:  [-9.501903150521684e-06, -0.00451993802562356, -0.004130449146032333, 0.002330268267542124]
--
--
  ResConv 1:  [0.00042210734682157636, 2.3784163204254583e-05, -0.008674586191773415, 0.0006887505878694355]
  ResConv 2:  [0.0001625065051484853, -0.0019323797896504402, -0.006048034410923719, -0.0001804499770514667]
  ResConv 3:  [-9.501909516984597e-06, -0.00451993802562356, -0.004130449146032333, 0.002330268267542124]
--
--
  ResConv 1:  [0.00042210734682157636, 2.378417775616981e-05, -0.008674586191773415, 0.0006887505878694355]
  ResConv 2:  [0.00016250649059657007, -0.0019323797896504402, -0.006048034410923719, -0.00018044996249955148]
  ResConv 3:  [-9.501910426479299e-06, -0.00451993802562356, -0.004130449146032333, 0.002330268267542124]
--
--
  ResConv 1:  [0.00042210734682157636, 2.3784181394148618e-05, -0.008674586191773415, 0.0006887505878694355]
  ResConv 2:  [0.00016250649059657007, -0.0019323797896504402, -0.006048034410923719, -0.00018044996249955148]
  ResConv 3:  [-9.501924978394527e-06, -0.00451993802562356, -0.004130449146032333, 0.002330268267542124]
--
--
  ResConv 1:  [0.00029149686452001333, 2.374784162384458e-05, -0.007186750415712595, 0.0002792716259136796]
  ResConv 2:  [9.848149056779221e-05, -0.0015686892438679934, -0.005026618018746376, -0.00039807104622013867]
  ResConv 3:  [-8.140962563629728e-06, -0.003686223179101944, -0.0034432949032634497, 0.0016875941073521972]
--
--
  ResConv 1:  [0.00029149686452001333, 2.374784708081279e-05, -0.007186750415712595, 0.0002792716259136796]
  ResConv 2:  [9.848150511970744e-05, -0.0015686893602833152, -0.005026618018746376, -0.00039807098801247776]
  ResConv 3:  [-8.140965292113833e-06, -0.0036862236447632313, -0.0034432949032634497, 0.0016875941073521972]
--
--
  ResConv 1:  [0.00029149686452001333, 2.3747843442833982e-05, -0.007186750415712595, 0.00027927159680984914]
  ResConv 2:  [9.848148329183459e-05, -0.0015686893602833152, -0.005026618018746376, -0.00039807104622013867]
  ResConv 3:  [-8.140972568071447e-06, -0.0036862236447632313, -0.0034432949032634497, 0.0016875941073521972]
--
--
  ResConv 1:  [0.0002914968354161829, 2.3747845261823386e-05, -0.007186750415712595, 0.0002792716259136796]
  ResConv 2:  [9.848146146396175e-05, -0.0015686893602833152, -0.005026618018746376, -0.00039807104622013867]
  ResConv 3:  [-8.14098893897608e-06, -0.0036862236447632313, -0.0034432949032634497, 0.0016875941073521972]
--
--
  ResConv 1:  [0.0002914968354161829, 2.3747845261823386e-05, -0.007186750415712595, 0.00027927159680984914]
  ResConv 2:  [9.848147601587698e-05, -0.0015686893602833152, -0.005026618018746376, -0.00039807098801247776]
  ResConv 3:  [-8.140976206050254e-06, -0.003686223179101944, -0.0034432949032634497, 0.0016875941073521972]
--
--
  ResConv 1:  [0.0006338286912068725, -5.018890806240961e-05, -0.01040402427315712, 0.0014978625113144517]
  ResConv 2:  [0.0003082597686443478, -0.0024439708795398474, -0.0072148945182561874, 0.00035024865064769983]
  ResConv 3:  [6.0759215557482094e-05, -0.005553117487579584, -0.004938827827572823, 0.003283366095274687]
--
--
  ResConv 1:  [0.0006338286329992115, -5.018889351049438e-05, -0.01040402427315712, 0.001497862278483808]
  ResConv 2:  [0.00030825973954051733, -0.0024439708795398474, -0.0072148945182561874, 0.0003502486215438694]
  ResConv 3:  [6.075918645365164e-05, -0.005553117487579584, -0.004938827827572823, 0.003283366095274687]
--
--
  ResConv 1:  [0.0006338286329992115, -5.018890806240961e-05, -0.010404025204479694, 0.001497862278483808]
  ResConv 2:  [0.00030825973954051733, -0.0024439708795398474, -0.0072148945182561874, 0.0003502486215438694]
  ResConv 3:  [6.075917190173641e-05, -0.005553117487579584, -0.004938827827572823, 0.0032833663281053305]
--
--
  ResConv 1:  [0.0006338286329992115, -5.018891170038842e-05, -0.01040402427315712, 0.0014978625113144517]
  ResConv 2:  [0.00030825973954051733, -0.0024439708795398474, -0.0072148945182561874, 0.00035024865064769983]
  ResConv 3:  [6.075919372960925e-05, -0.005553117487579584, -0.004938827827572823, 0.0032833663281053305]
--
--
  ResConv 1:  [0.0006338285165838897, -5.018891170038842e-05, -0.01040402427315712, 0.0014978625113144517]
  ResConv 2:  [0.00030825973954051733, -0.0024439708795398474, -0.0072148945182561874, 0.00035024865064769983]
  ResConv 3:  [6.07591682637576e-05, -0.005553117487579584, -0.004938827827572823, 0.0032833663281053305]
--
--
  ResConv 1:  [0.0004931351286359131, 3.5159679100615904e-05, -0.006786533165723085, 0.00023321423213928938]
  ResConv 2:  [0.00024992175167426467, -0.0014494081260636449, -0.00476134242489934, -0.00038966062129475176]
  ResConv 3:  [0.0001295506808673963, -0.003403570968657732, -0.003292704001069069, 0.0015372515190392733]
--
--
  ResConv 1:  [0.000493135186843574, 3.515967182465829e-05, -0.006786533165723085, 0.00023321423213928938]
  ResConv 2:  [0.0002499217807780951, -0.0014494081260636449, -0.00476134242489934, -0.0003896605921909213]
  ResConv 3:  [0.0001295506808673963, -0.003403570968657732, -0.0032927035354077816, 0.0015372515190392733]
--
--
  ResConv 1:  [0.0004931350704282522, 3.5159679100615904e-05, -0.006786533165723085, 0.00023321421758737415]
  ResConv 2:  [0.00024992175167426467, -0.0014494081260636449, -0.00476134242489934, -0.00038966062129475176]
  ResConv 3:  [0.0001295506808673963, -0.003403570968657732, -0.0032927035354077816, 0.0015372515190392733]
--
--
  ResConv 1:  [0.0004931350704282522, 3.515967182465829e-05, -0.006786533165723085, 0.00023321420303545892]
  ResConv 2:  [0.0002499217807780951, -0.0014494081260636449, -0.00476134242489934, -0.0003896606503985822]
  ResConv 3:  [0.00012955069541931152, -0.0034035712014883757, -0.0032927035354077816, 0.0015372515190392733]
--
--
  ResConv 1:  [0.0004931351286359131, 3.51596754626371e-05, -0.006786533165723085, 0.00023321421758737415]
  ResConv 2:  [0.0002499217807780951, -0.0014494081260636449, -0.00476134242489934, -0.00038966062129475176]
  ResConv 3:  [0.0001295506808673963, -0.003403570968657732, -0.0032927035354077816, 0.0015372515190392733]
--
--
  ResConv 1:  [0.000450055580586195, 1.0201294571743347e-05, -0.009197422303259373, 0.0007994519546627998]
  ResConv 2:  [0.00018850537890102714, -0.0020797294564545155, -0.006403167732059956, -0.00015041319420561194]
  ResConv 3:  [3.3909727790160105e-06, -0.004834645893424749, -0.004377174191176891, 0.0025202827528119087]
--
--
  ResConv 1:  [0.000450055580586195, 1.0201292752753943e-05, -0.009197422303259373, 0.0007994519546627998]
  ResConv 2:  [0.00018850537890102714, -0.002079729689285159, -0.006403167732059956, -0.00015041319420561194]
  ResConv 3:  [3.3909666399267735e-06, -0.004834645893424749, -0.004377174191176891, 0.002520283218473196]
--
--
  ResConv 1:  [0.000450055580586195, 1.0201276381849311e-05, -0.009197422303259373, 0.0007994520128704607]
  ResConv 2:  [0.00018850537890102714, -0.0020797294564545155, -0.006403167732059956, -0.00015041315054986626]
  ResConv 3:  [3.3909666399267735e-06, -0.004834645893424749, -0.004377174191176891, 0.0025202834513038397]
--
--
  ResConv 1:  [0.000450055580586195, 1.0201304576185066e-05, -0.009197422303259373, 0.0007994520128704607]
  ResConv 2:  [0.00018850536434911191, -0.0020797294564545155, -0.006403167732059956, -0.00015041317965369672]
  ResConv 3:  [3.390962774574291e-06, -0.004834645893424749, -0.004377174191176891, 0.0025202834513038397]
--
--
  ResConv 1:  [0.0004500556387938559, 1.0201288205280434e-05, -0.009197422303259373, 0.0007994520128704607]
  ResConv 2:  [0.00018850539345294237, -0.0020797294564545155, -0.006403167732059956, -0.00015041317965369672]
  ResConv 3:  [3.3909902867890196e-06, -0.004834645893424749, -0.004377174191176891, 0.0025202834513038397]
--
--
  ResConv 1:  [0.0003780916740652174, 3.290640961495228e-05, -0.008205296471714973, 0.0004380884347483516]
  ResConv 2:  [0.0001645847805775702, -0.0017997007817029953, -0.005731707438826561, -0.0003613126464188099]
  ResConv 3:  [2.620930172270164e-05, -0.00424033310264349, -0.003918988164514303, 0.002040891209617257]
--
--
  ResConv 1:  [0.0003780916740652174, 3.29064205288887e-05, -0.008205296471714973, 0.0004380884056445211]
  ResConv 2:  [0.00016458479512948543, -0.0017997006652876735, -0.005731707438826561, -0.0003613126464188099]
  ResConv 3:  [2.6209314455627464e-05, -0.00424033310264349, -0.003918988164514303, 0.0020408909767866135]
--
--
  ResConv 1:  [0.0003780916740652174, 3.2906431442825124e-05, -0.008205296471714973, 0.0004380884347483516]
  ResConv 2:  [0.00016458479512948543, -0.0017997007817029953, -0.005731707438826561, -0.0003613126464188099]
  ResConv 3:  [2.6209296265733428e-05, -0.00424033310264349, -0.003918988164514303, 0.002040891209617257]
--
--
  ResConv 1:  [0.0003780916740652174, 3.290642416686751e-05, -0.008205296471714973, 0.0004380884056445211]
  ResConv 2:  [0.00016458475147373974, -0.0017997007817029953, -0.005731707438826561, -0.00036131267552264035]
  ResConv 3:  [2.6209288989775814e-05, -0.00424033310264349, -0.003918988164514303, 0.002040891209617257]
--
--
  ResConv 1:  [0.0003780916740652174, 3.290642416686751e-05, -0.008205296471714973, 0.0004380884347483516]
  ResConv 2:  [0.0001645847805775702, -0.0017997006652876735, -0.005731707438826561, -0.0003613126464188099]
  ResConv 3:  [2.6209305360680446e-05, -0.00424033310264349, -0.003918988164514303, 0.002040891209617257]
--
--
  ResConv 1:  [0.000398774107452482, -8.76094327395549e-06, -0.00783262588083744, 0.0002639475860632956]
  ResConv 2:  [0.0001701727887848392, -0.0017439656658098102, -0.005482467357069254, -0.0004774125409312546]
  ResConv 3:  [4.015872400486842e-05, -0.004063805099576712, -0.003752108197659254, 0.0018225348321720958]
--
--
  ResConv 1:  [0.000398774107452482, -8.760936907492578e-06, -0.00783262588083744, 0.0002639476442709565]
  ResConv 2:  [0.00017017281788866967, -0.0017439655493944883, -0.005482467357069254, -0.0004774125409312546]
  ResConv 3:  [4.015873128082603e-05, -0.004063805099576712, -0.003752108197659254, 0.0018225348321720958]
--
--
  ResConv 1:  [0.000398774107452482, -8.760929631534964e-06, -0.00783262588083744, 0.00026394761516712606]
  ResConv 2:  [0.00017017281788866967, -0.0017439655493944883, -0.0054824682883918285, -0.0004774125700350851]
  ResConv 3:  [4.015873491880484e-05, -0.004063805099576712, -0.003752108197659254, 0.0018225348321720958]
--
--
  ResConv 1:  [0.000398774107452482, -8.760945092944894e-06, -0.00783262588083744, 0.00026394761516712606]
  ResConv 2:  [0.00017017284699250013, -0.0017439656658098102, -0.0054824682883918285, -0.0004774125409312546]
  ResConv 3:  [4.0158753108698875e-05, -0.004063804633915424, -0.003752108197659254, 0.0018225348321720958]
--
--
  ResConv 1:  [0.000398774107452482, -8.760934179008473e-06, -0.00783262588083744, 0.00026394761516712606]
  ResConv 2:  [0.0001701727887848392, -0.0017439656658098102, -0.005482467357069254, -0.0004774125409312546]
  ResConv 3:  [4.0158713090932e-05, -0.004063804633915424, -0.003752108197659254, 0.0018225348321720958]
--
--
  ResConv 1:  [0.0004456751048564911, 2.8796452170354314e-05, -0.008683523163199425, 0.0005548730841837823]
  ResConv 2:  [0.0001869686384452507, -0.001931896316818893, -0.0060585071332752705, -0.00030145919299684465]
  ResConv 3:  [2.2986316253081895e-05, -0.004527943208813667, -0.0041370270773768425, 0.0022366696503013372]
--
--
  ResConv 1:  [0.0004456750175449997, 2.8796452170354314e-05, -0.008683523163199425, 0.0005548730841837823]
  ResConv 2:  [0.00018696858023758978, -0.0019318962004035711, -0.0060585071332752705, -0.0003014592221006751]
  ResConv 3:  [2.298629260621965e-05, -0.004527943208813667, -0.0041370270773768425, 0.0022366696503013372]
--
--
  ResConv 1:  [0.00044567507575266063, 2.8796446713386104e-05, -0.008683523163199425, 0.0005548730841837823]
  ResConv 2:  [0.00018696862389333546, -0.0019318962004035711, -0.0060585071332752705, -0.0003014592221006751]
  ResConv 3:  [2.298629260621965e-05, -0.004527943208813667, -0.0041370270773768425, 0.0022366696503013372]
--
--
  ResConv 1:  [0.0004456750175449997, 2.8796453989343718e-05, -0.008683523163199425, 0.0005548731423914433]
  ResConv 2:  [0.00018696860934142023, -0.001931896316818893, -0.0060585071332752705, -0.0003014592221006751]
  ResConv 3:  [2.298628714925144e-05, -0.004527943208813667, -0.0041370270773768425, 0.0022366696503013372]
--
--
  ResConv 1:  [0.0004456751048564911, 2.8796452170354314e-05, -0.008683523163199425, 0.0005548730841837823]
  ResConv 2:  [0.0001869686384452507, -0.0019318962004035711, -0.0060585071332752705, -0.0003014592221006751]
  ResConv 3:  [2.298632352903951e-05, -0.004527943208813667, -0.0041370270773768425, 0.0022366696503013372]
--
--
  ResConv 1:  [0.0004934490425512195, 3.7410409277072176e-05, -0.006802317686378956, 0.0002896011574193835]
  ResConv 2:  [0.00024516042321920395, -0.0014628807548433542, -0.004755792673677206, -0.0003556016890797764]
  ResConv 3:  [0.0001224255101988092, -0.003447366412729025, -0.0032636350952088833, 0.0016022993950173259]
--
--
  ResConv 1:  [0.0004934490425512195, 3.7410398363135755e-05, -0.0068023172207176685, 0.0002896011574193835]
  ResConv 2:  [0.00024516042321920395, -0.001462880871258676, -0.004755792673677206, -0.0003556016890797764]
  ResConv 3:  [0.00012242549564689398, -0.003447366412729025, -0.0032636350952088833, 0.0016022993950173259]
--
--
  ResConv 1:  [0.0004934490425512195, 3.7410412915050983e-05, -0.0068023172207176685, 0.000289601186523214]
  ResConv 2:  [0.00024516042321920395, -0.0014628807548433542, -0.004755792673677206, -0.0003556016890797764]
  ResConv 3:  [0.00012242549564689398, -0.003447366412729025, -0.0032636348623782396, 0.0016022993950173259]
--
--
  ResConv 1:  [0.0004934490425512195, 3.7410398363135755e-05, -0.0068023172207176685, 0.000289601186523214]
  ResConv 2:  [0.0002451603941153735, -0.0014628807548433542, -0.004755792673677206, -0.0003556016890797764]
  ResConv 3:  [0.00012242549564689398, -0.003447366412729025, -0.0032636348623782396, 0.0016022993950173259]
--
--
  ResConv 1:  [0.0004934490425512195, 3.7410409277072176e-05, -0.0068023172207176685, 0.0002896011574193835]
  ResConv 2:  [0.00024516042321920395, -0.0014628807548433542, -0.004755792673677206, -0.0003556016890797764]
  ResConv 3:  [0.00012242552475072443, -0.003447366412729025, -0.0032636350952088833, 0.0016022993950173259]
--
--
  ResConv 1:  [0.00045031390618532896, 3.23050408042036e-05, -0.009449053555727005, 0.0004391853872220963]
  ResConv 2:  [0.00018109052325598896, -0.0021016730461269617, -0.006584390997886658, -0.0004470909771043807]
  ResConv 3:  [-3.3819917462096782e-06, -0.0048952712677419186, -0.004524793941527605, 0.0022713816724717617]
--
--
  ResConv 1:  [0.00045031390618532896, 3.230501533835195e-05, -0.009449053555727005, 0.00043918535811826587]
  ResConv 2:  [0.00018109052325598896, -0.0021016732789576054, -0.006584390997886658, -0.00044709094800055027]
  ResConv 3:  [-3.381998340046266e-06, -0.0048952712677419186, -0.004524793941527605, 0.0022713816724717617]
--
--
  ResConv 1:  [0.00045031390618532896, 3.2305022614309564e-05, -0.009449053555727005, 0.0004391853872220963]
  ResConv 2:  [0.00018109052325598896, -0.0021016730461269617, -0.006584390997886658, -0.0004470909188967198]
  ResConv 3:  [-3.382018348929705e-06, -0.0048952712677419186, -0.004524793941527605, 0.0022713816724717617]
--
--
  ResConv 1:  [0.0004503139352891594, 3.230502989026718e-05, -0.009449053555727005, 0.0004391853872220963]
  ResConv 2:  [0.00018109056691173464, -0.0021016730461269617, -0.006584390997886658, -0.00044709094800055027]
  ResConv 3:  [-3.3819917462096782e-06, -0.0048952712677419186, -0.004524793941527605, 0.0022713816724717617]
--
--
  ResConv 1:  [0.00045031390618532896, 3.2305033528245986e-05, -0.009449053555727005, 0.0004391853872220963]
  ResConv 2:  [0.00018109052325598896, -0.0021016732789576054, -0.006584390997886658, -0.00044709094800055027]
  ResConv 3:  [-3.3820083444879856e-06, -0.0048952712677419186, -0.004524793941527605, 0.0022713816724717617]
--
--
  ResConv 1:  [0.0005459773819893599, 2.9503900805138983e-05, -0.010314387269318104, 0.0008062941487878561]
  ResConv 2:  [0.0002288367977598682, -0.0022736911196261644, -0.007217947393655777, -0.00022905843798071146]
  ResConv 3:  [2.634703560033813e-05, -0.005320332944393158, -0.004959925077855587, 0.0027308389544487]
--
--
  ResConv 1:  [0.0005459773819893599, 2.9503900805138983e-05, -0.010314387269318104, 0.0008062940905801952]
  ResConv 2:  [0.0002288367977598682, -0.0022736911196261644, -0.007217947393655777, -0.00022905846708454192]
  ResConv 3:  [2.6347015591454692e-05, -0.005320332944393158, -0.004959925077855587, 0.002730838255956769]
--
--
  ResConv 1:  [0.0005459773819893599, 2.9503897167160176e-05, -0.010314387269318104, 0.0008062941487878561]
  ResConv 2:  [0.00022883682686369866, -0.0022736911196261644, -0.007217947393655777, -0.00022905849618837237]
  ResConv 3:  [2.634704469528515e-05, -0.005320332944393158, -0.004959925077855587, 0.002730838255956769]
--
--
  ResConv 1:  [0.0005459773237816989, 2.9503900805138983e-05, -0.010314387269318104, 0.0008062940905801952]
  ResConv 2:  [0.0002288367977598682, -0.0022736911196261644, -0.007217947393655777, -0.00022905849618837237]
  ResConv 3:  [2.634700467751827e-05, -0.005320332944393158, -0.004959925077855587, 0.002730838255956769]
--
--
  ResConv 1:  [0.0005459773237816989, 2.9503897167160176e-05, -0.010314387269318104, 0.0008062940905801952]
  ResConv 2:  [0.0002288367977598682, -0.0022736911196261644, -0.007217947393655777, -0.0002290585107402876]
  ResConv 3:  [2.6347026505391113e-05, -0.005320332944393158, -0.004959925077855587, 0.0027308384887874126]
--
--
  ResConv 1:  [0.0003180471248924732, 8.363712368009146e-06, -0.007788131944835186, 0.00032035596086643636]
  ResConv 2:  [0.00010513428424019367, -0.0017316368175670505, -0.005440130829811096, -0.00040839987923391163]
  ResConv 3:  [-3.3655756851658225e-05, -0.004036239348351955, -0.003726877737790346, 0.0018592855194583535]
--
--
  ResConv 1:  [0.0003180471248924732, 8.363728738913778e-06, -0.007788131944835186, 0.0003203559317626059]
  ResConv 2:  [0.00010513426968827844, -0.0017316370503976941, -0.005440129898488522, -0.00040839993744157255]
  ResConv 3:  [-3.365576048963703e-05, -0.004036239348351955, -0.003726877737790346, 0.0018592855194583535]
--
--
  ResConv 1:  [0.0003180471248924732, 8.363710549019743e-06, -0.007788131944835186, 0.00032035596086643636]
  ResConv 2:  [0.00010513429151615128, -0.0017316370503976941, -0.005440130829811096, -0.00040839987923391163]
  ResConv 3:  [-3.365574957570061e-05, -0.004036239348351955, -0.003726877737790346, 0.0018592855194583535]
--
--
  ResConv 1:  [0.0003180471248924732, 8.363716005987953e-06, -0.007788131944835186, 0.0003203560190740973]
  ResConv 2:  [0.00010513426241232082, -0.0017316370503976941, -0.005440130829811096, -0.0004083998501300812]
  ResConv 3:  [-3.365576048963703e-05, -0.004036239348351955, -0.003726877737790346, 0.0018592855194583535]
--
--
  ResConv 1:  [0.0003180471248924732, 8.363717824977357e-06, -0.007788131944835186, 0.00032035596086643636]
  ResConv 2:  [0.00010513426241232082, -0.0017316370503976941, -0.005440130829811096, -0.00040839987923391163]
  ResConv 3:  [-3.365577504155226e-05, -0.004036239348351955, -0.003726877737790346, 0.0018592854030430317]
--
--
  ResConv 1:  [0.0005257830489426851, 2.0391180441947654e-05, -0.007946937344968319, 0.00032856198959052563]
  ResConv 2:  [0.000250680634053424, -0.0017341305501759052, -0.005568664520978928, -0.0004165300342720002]
  ResConv 3:  [9.34196577873081e-05, -0.004064207896590233, -0.0038262566085904837, 0.0018863886361941695]
--
--
  ResConv 1:  [0.0005257830489426851, 2.0391191355884075e-05, -0.007946937344968319, 0.00032856198959052563]
  ResConv 2:  [0.000250680634053424, -0.0017341305501759052, -0.005568664520978928, -0.0004165300342720002]
  ResConv 3:  [9.341967233922333e-05, -0.004064207896590233, -0.0038262566085904837, 0.0018863886361941695]
--
--
  ResConv 1:  [0.0005257830489426851, 2.039117862295825e-05, -0.007946937344968319, 0.00032856196048669517]
  ResConv 2:  [0.00025068066315725446, -0.0017341305501759052, -0.005568664520978928, -0.00041653006337583065]
  ResConv 3:  [9.341967233922333e-05, -0.004064207896590233, -0.0038262566085904837, 0.0018863886361941695]
--
--
  ResConv 1:  [0.0005257830489426851, 2.0391196812852286e-05, -0.007946937344968319, 0.00032856198959052563]
  ResConv 2:  [0.00025068066315725446, -0.0017341305501759052, -0.005568664520978928, -0.0004165300342720002]
  ResConv 3:  [9.341969416709617e-05, -0.004064207896590233, -0.0038262566085904837, 0.0018863886361941695]
--
--
  ResConv 1:  [0.0005257830489426851, 2.0391185898915865e-05, -0.007946937344968319, 0.00032856196048669517]
  ResConv 2:  [0.000250680634053424, -0.0017341305501759052, -0.005568664520978928, -0.0004165300342720002]
  ResConv 3:  [9.341966506326571e-05, -0.004064207896590233, -0.0038262566085904837, 0.0018863886361941695]
--
--
  ResConv 1:  [0.00043809853377752006, 6.71933958074078e-06, -0.00838850624859333, 0.00032804367947392166]
  ResConv 2:  [0.00020859096548520029, -0.0018578278832137585, -0.0058768875896930695, -0.00047979375813156366]
  ResConv 3:  [7.387102232314646e-05, -0.004355689976364374, -0.004021103028208017, 0.001992970472201705]
--
--
  ResConv 1:  [0.00043809853377752006, 6.71933958074078e-06, -0.00838850624859333, 0.0003280436503700912]
  ResConv 2:  [0.00020859099458903074, -0.0018578278832137585, -0.0058768875896930695, -0.00047979375813156366]
  ResConv 3:  [7.38710441510193e-05, -0.004355689976364374, -0.004021103028208017, 0.0019929702393710613]
--
--
  ResConv 1:  [0.00043809853377752006, 6.719340944982832e-06, -0.00838850624859333, 0.0003280436503700912]
  ResConv 2:  [0.00020859099458903074, -0.0018578278832137585, -0.0058768875896930695, -0.00047979375813156366]
  ResConv 3:  [7.387103687506169e-05, -0.004355689976364374, -0.004021103028208017, 0.0019929702393710613]
--
--
  ResConv 1:  [0.00043809853377752006, 6.719347766193096e-06, -0.00838850624859333, 0.00032804362126626074]
  ResConv 2:  [0.00020859099458903074, -0.0018578278832137585, -0.0058768875896930695, -0.00047979375813156366]
  ResConv 3:  [7.387102959910408e-05, -0.004355689976364374, -0.004021103028208017, 0.0019929702393710613]
--
--
  ResConv 1:  [0.00043809853377752006, 6.7193363975093234e-06, -0.00838850624859333, 0.00032804367947392166]
  ResConv 2:  [0.00020859098003711551, -0.0018578278832137585, -0.0058768875896930695, -0.00047979375813156366]
  ResConv 3:  [7.38710441510193e-05, -0.004355689976364374, -0.004021103028208017, 0.001992970472201705]
--
--> New best solution for Validation dataset achieved at 5 / 2000: 0.05118773991449012 (10.389391% better)
--
  ResConv 1:  [0.00046412856318056583, 3.728599403984845e-05, -0.007902194745838642, 0.0005379253998398781]
  ResConv 2:  [0.00019934710871893913, -0.0017377615440636873, -0.005513607989996672, -0.00022570973669644445]
  ResConv 3:  [4.371354589238763e-05, -0.004067013040184975, -0.0037836467381566763, 0.0020439671352505684]
--
--
  ResConv 1:  [0.0003993862774223089, 1.7031397874234244e-05, -0.007327070459723473, 0.0002967590116895735]
  ResConv 2:  [0.000175807872437872, -0.0016257497482001781, -0.005125273484736681, -0.00040381946018896997]
  ResConv 3:  [5.180876178201288e-05, -0.0038091824389994144, -0.0034984357189387083, 0.0017510242760181427]
--
--
  ResConv 1:  [0.0005243473569862545, 4.336445635999553e-05, -0.008046484552323818, 0.00042509663035161793]
  ResConv 2:  [0.0002736075548455119, -0.0017987752798944712, -0.005616649519652128, -0.0003589358530007303]
  ResConv 3:  [0.00011484283459139988, -0.004239445552229881, -0.003843767801299691, 0.0020299286115914583]
--
--
  ResConv 1:  [0.0002449527964927256, 1.586618418514263e-05, -0.006360409781336784, 0.00024087008205242455]
  ResConv 2:  [8.52482917252928e-05, -0.0014409910654649138, -0.004433319438248873, -0.00037659198278561234]
  ResConv 3:  [-1.1002882274624426e-05, -0.003379666246473789, -0.003022175980731845, 0.0015320591628551483]
--
--
  ResConv 1:  [0.00040502107003703713, 7.141911919461563e-05, -0.00703000882640481, 0.0003035920381080359]
  ResConv 2:  [0.00016711995704099536, -0.0015486418269574642, -0.00490616075694561, -0.0003887317725457251]
  ResConv 3:  [4.997044015908614e-05, -0.003698894754052162, -0.0033528218045830727, 0.0017211338272318244]
--
--
  ResConv 1:  [0.0003923921030946076, 2.256372681586072e-05, -0.006479226518422365, 0.00017215014668181539]
  ResConv 2:  [0.0002018657251028344, -0.0014786000829190016, -0.004512039013206959, -0.00044811071711592376]
  ResConv 3:  [9.769319149199873e-05, -0.0034556712489575148, -0.0030856106895953417, 0.0014975963858887553]
--
--
  ResConv 1:  [0.00042562579619698226, 2.469660648785066e-05, -0.007305828854441643, 0.0002719538169912994]
  ResConv 2:  [0.0001851901615737006, -0.0016964335227385163, -0.005090008024126291, -0.0004479600174818188]
  ResConv 3:  [6.477906572399661e-05, -0.003963050898164511, -0.0034761882852762938, 0.0017646453343331814]
--
--
  ResConv 1:  [0.0004519742797128856, 4.3969346734229475e-05, -0.00830845721065998, 0.0006301889079622924]
  ResConv 2:  [0.00019714854715857655, -0.001977720530703664, -0.005761444568634033, -0.0002356443728785962]
  ResConv 3:  [3.455182013567537e-05, -0.004607163369655609, -0.003939934074878693, 0.0022712606005370617]
--
--
  ResConv 1:  [0.0004804870404768735, -4.208763130009174e-06, -0.008912980556488037, 0.0009019048884510994]
  ResConv 2:  [0.00019424056517891586, -0.0021927552297711372, -0.006165841594338417, -9.09520749701187e-05]
  ResConv 3:  [2.129730455635581e-05, -0.005037643481045961, -0.004197339992970228, 0.0025946898385882378]
--
--
  ResConv 1:  [0.0005875993520021439, 2.0037996364408173e-05, -0.00805547647178173, 0.0004826085059903562]
  ResConv 2:  [0.0003049102961085737, -0.0019443118944764137, -0.0055945455096662045, -0.0003523314371705055]
  ResConv 3:  [0.00015342808910645545, -0.00448652682825923, -0.0038448516279459, 0.0020859483629465103]
--
--
  ResConv 1:  [0.00043606734834611416, 2.1780660972581245e-05, -0.010029153898358345, 0.0005211452371440828]
  ResConv 2:  [0.00014930468751117587, -0.0024768870789557695, -0.006960723549127579, -0.0005416520871222019]
  ResConv 3:  [-2.7925118047278374e-05, -0.005759064573794603, -0.0047378502786159515, 0.002610484603792429]
--
--
  ResConv 1:  [0.0005348383565433323, -3.15049292112235e-05, -0.009296751581132412, 0.0004683613369707018]
  ResConv 2:  [0.00024864525767043233, -0.0023445317056030035, -0.0064619434997439384, -0.0005171322263777256]
  ResConv 3:  [7.078636554069817e-05, -0.005403304472565651, -0.004399314057081938, 0.002444142708554864]
--
--
  ResConv 1:  [0.0005077995010651648, -8.130468813760672e-06, -0.008520305156707764, 0.000662425416521728]
  ResConv 2:  [0.00023600662825629115, -0.00217777444049716, -0.005892871413379908, -0.00028333571390248835]
  ResConv 3:  [7.44419448892586e-05, -0.0049846721813082695, -0.004012159537523985, 0.0023822712246328592]
--
--
  ResConv 1:  [0.0005800272920168936, 6.619183113798499e-05, -0.009098228998482227, 0.0004679025732912123]
  ResConv 2:  [0.00026401030481792986, -0.0022498462349176407, -0.0062987613491714, -0.0004987403517588973]
  ResConv 3:  [8.325251837959513e-05, -0.005266424734145403, -0.004287181422114372, 0.0023865168914198875]
--
--
  ResConv 1:  [0.0004875670711044222, 4.704055754700676e-06, -0.009317378513514996, 0.0006361822015605867]
  ResConv 2:  [0.000179050795850344, -0.0024037507828325033, -0.006428657099604607, -0.0003803990548476577]
  ResConv 3:  [-6.113777544669574e-06, -0.005541224032640457, -0.00436612032353878, 0.002604769542813301]
--
--
  ResConv 1:  [0.0005517271929420531, 3.923914846382104e-05, -0.008076519705355167, 0.00036937251570634544]
  ResConv 2:  [0.0002531557984184474, -0.002055308548733592, -0.005568886175751686, -0.0004905762034468353]
  ResConv 3:  [9.652425069361925e-05, -0.004781391937285662, -0.0037740173283964396, 0.002121337689459324]
--
--
  ResConv 1:  [0.0003556413284968585, -1.9078135665040463e-05, -0.006611080840229988, 0.00014930879115127027]
  ResConv 2:  [0.00014914995699655265, -0.0017226687632501125, -0.004584885202348232, -0.0005342685617506504]
  ResConv 3:  [3.796218879870139e-05, -0.003955075982958078, -0.0031107065733522177, 0.001632276689633727]
--
--
  ResConv 1:  [0.0005348807317204773, 6.442890935431933e-06, -0.00781426951289177, 0.00022401059686671942]
  ResConv 2:  [0.00024620420299470425, -0.0020373398438096046, -0.005401281174272299, -0.0005972489016130567]
  ResConv 3:  [0.0001079347639461048, -0.004703497514128685, -0.00365645345300436, 0.0019727011676877737]
--
--
  ResConv 1:  [0.0004912812146358192, 1.5424308003275655e-05, -0.009186796844005585, 0.0005233736010268331]
  ResConv 2:  [0.0002004452544497326, -0.00244951993227005, -0.006327821873128414, -0.0004840994079131633]
  ResConv 3:  [3.4398730349494144e-05, -0.00564123410731554, -0.00428313622251153, 0.0025296444073319435]
--
--
  ResConv 1:  [0.0003216899640392512, 7.025551894912496e-05, -0.008454667404294014, 0.0005714940489269793]
  ResConv 2:  [7.568384171463549e-05, -0.002235257998108864, -0.005803871434181929, -0.0003672329767141491]
  ResConv 3:  [-9.297285578213632e-05, -0.005201665684580803, -0.003929765895009041, 0.0024116882123053074]
--
--
  ResConv 1:  [0.0004064413660671562, 3.936103530577384e-05, -0.00829333160072565, 0.0004891206626780331]
  ResConv 2:  [0.00015788264863658696, -0.0022302225697785616, -0.0056958626955747604, -0.00043154522427357733]
  ResConv 3:  [6.919340648892103e-06, -0.005151309538632631, -0.003851206973195076, 0.002304198918864131]
--
--
  ResConv 1:  [0.00043321665725670755, -1.7052230759873055e-05, -0.009657085873186588, 0.0011280617909505963]
  ResConv 2:  [0.00013311348448041826, -0.0027211166452616453, -0.006592078134417534, -5.2834482630714774e-05]
  ResConv 3:  [-8.875416096998379e-05, -0.006205537356436253, -0.004427539650350809, 0.003157577943056822]
--
--
  ResConv 1:  [0.0005082000861875713, 2.0957604647264816e-05, -0.010493640787899494, 0.0005864199483767152]
  ResConv 2:  [0.0002053771895589307, -0.0029066007118672132, -0.007190342526882887, -0.0006133323186077178]
  ResConv 3:  [1.5954279660945758e-05, -0.006719537079334259, -0.00482176011428237, 0.0029822420328855515]
--
--
  ResConv 1:  [0.0004046752001158893, 5.572464033321012e-06, -0.0075799450278282166, 0.00023623541346751153]
  ResConv 2:  [0.00016645654977764934, -0.002100833225995302, -0.0051918718963861465, -0.0005979754496365786]
  ResConv 3:  [3.29000067722518e-05, -0.0048367660492658615, -0.003476763842627406, 0.0020011034794151783]
--
--
  ResConv 1:  [0.0007010948611423373, 4.75261767860502e-05, -0.010027053765952587, 0.0011210337979719043]
  ResConv 2:  [0.00032124383142217994, -0.0028445383068174124, -0.006819210480898619, -0.0001097105850931257]
  ResConv 3:  [8.668834198033437e-05, -0.006476955488324165, -0.004590146709233522, 0.0032054821494966745]
--
--
  ResConv 1:  [0.0003575382870621979, 4.0420691220788285e-05, -0.00690620020031929, 0.0004377439327072352]
  ResConv 2:  [0.0001612485939403996, -0.001936371554620564, -0.004703648388385773, -0.00035644686431623995]
  ResConv 3:  [4.083322346559726e-05, -0.004450167063623667, -0.003149440512061119, 0.0019961826037615538]
--
--
  ResConv 1:  [0.0006743952981196344, 2.1826774172950536e-05, -0.009057397954165936, 0.0009475349215790629]
  ResConv 2:  [0.0003297491348348558, -0.002594300312921405, -0.006139443721622229, -0.00014653294056188315]
  ResConv 3:  [0.000123101519420743, -0.005874807946383953, -0.0041272505186498165, 0.0028741091955453157]
--
--
  ResConv 1:  [0.0006182253709994256, -2.698659045563545e-05, -0.008994626812636852, 0.0007120012305676937]
  ResConv 2:  [0.0003172030264977366, -0.002616588491946459, -0.0061125848442316055, -0.0003199302009306848]
  ResConv 3:  [0.00012369599426165223, -0.005881001707166433, -0.004104421939700842, 0.002709244377911091]
--
--
  ResConv 1:  [0.0005372195737436414, 5.362765659810975e-05, -0.010036553256213665, 0.0011705459328368306]
  ResConv 2:  [0.00022081575298216194, -0.002901772502809763, -0.006811092142015696, -8.246599463745952e-05]
  ResConv 3:  [7.501631444029044e-06, -0.006664344575256109, -0.004539362620562315, 0.0034304307773709297]
--
--
  ResConv 1:  [0.0005355160101316869, -6.372576899593696e-05, -0.00869751162827015, 0.0005159314605407417]
  ResConv 2:  [0.00025057411403395236, -0.0025862816255539656, -0.005922408774495125, -0.00047903272206895053]
  ResConv 3:  [8.504578727297485e-05, -0.005794380325824022, -0.00394285935908556, 0.0025944490917026997]
--
--
  ResConv 1:  [0.0004963866085745394, 3.568953616195358e-05, -0.00739199947565794, 0.00024769417359493673]
  ResConv 2:  [0.00024400142137892544, -0.0020891516469419003, -0.0050469026900827885, -0.0005457011284306645]
  ResConv 3:  [0.00012142548803240061, -0.004806011915206909, -0.003369314130395651, 0.002093477873131633]
--
--
  ResConv 1:  [0.0005007069557905197, 8.299894034280442e-06, -0.007481187582015991, 0.0002513549115974456]
  ResConv 2:  [0.00022584102407563478, -0.002168696140870452, -0.0050911130383610725, -0.000549091724678874]
  ResConv 3:  [8.304061339003965e-05, -0.004950710106641054, -0.003384392475709319, 0.0021591854747384787]
--
--
  ResConv 1:  [0.00034304571454413235, 3.2641654001963616e-07, -0.0066487472504377365, 0.00021320466476026922]
  ResConv 2:  [0.00016550582950003445, -0.0019419966265559196, -0.004535402171313763, -0.0005004098638892174]
  ResConv 3:  [6.262022361624986e-05, -0.004420420154929161, -0.0030198371969163418, 0.0019139557844027877]
--
--
  ResConv 1:  [0.0005007463623769581, 2.1895059035159647e-05, -0.007922731339931488, 0.0002843181719072163]
  ResConv 2:  [0.0002231551188742742, -0.0023055828642100096, -0.00538126053288579, -0.0005625183111988008]
  ResConv 3:  [7.596998329972848e-05, -0.005256045609712601, -0.003591143526136875, 0.0022923434153199196]
--
--
  ResConv 1:  [0.0005371654406189919, 5.0468839617678896e-05, -0.008290853351354599, 0.00036638358142226934]
  ResConv 2:  [0.00026046173297800124, -0.0024046667385846376, -0.005627532955259085, -0.0005268016830086708]
  ResConv 3:  [0.00012346803850959986, -0.005504244472831488, -0.0037500043399631977, 0.0024520698934793472]
--
--
  ResConv 1:  [0.0005572487716563046, 1.649269506742712e-05, -0.009912451729178429, 0.000648193818051368]
  ResConv 2:  [0.00020911618776153773, -0.0029754710849374533, -0.006725224666297436, -0.0004710278590209782]
  ResConv 3:  [2.169913386751432e-05, -0.006750734522938728, -0.004471697844564915, 0.0031215811613947153]
--
--
  ResConv 1:  [0.0005089202895760536, -1.8946009731735103e-05, -0.009259476326406002, 0.000657548604067415]
  ResConv 2:  [0.00020679568115156144, -0.0028392986860126257, -0.006280183792114258, -0.0004046450776513666]
  ResConv 3:  [2.85520054603694e-05, -0.00639787781983614, -0.004168899264186621, 0.0029683122411370277]
--
--
  ResConv 1:  [0.0003823281731456518, 3.422885129111819e-05, -0.00696768332272768, 0.00028668419690802693]
  ResConv 2:  [0.00015167222591117024, -0.0020989300683140755, -0.004722632002085447, -0.000488721823785454]
  ResConv 3:  [2.911784940806683e-05, -0.004784170538187027, -0.0031288324389606714, 0.0020687540527433157]
--
--
  ResConv 1:  [0.00044534908374771476, 1.3774136277788784e-05, -0.008739214390516281, 0.0004514943575486541]
  ResConv 2:  [0.00017119124822784215, -0.002688458887860179, -0.005917329806834459, -0.000543327652849257]
  ResConv 3:  [2.3339805920841172e-05, -0.006077608559280634, -0.003923040349036455, 0.002658828627318144]
--
--
  ResConv 1:  [0.00041180450352840126, 2.2572790840058587e-05, -0.008512658067047596, 0.00046985625522211194]
  ResConv 2:  [0.00014160542923491448, -0.002626274712383747, -0.005754802376031876, -0.00048547404003329575]
  ResConv 3:  [-1.294352114200592e-05, -0.00591674679890275, -0.00382849108427763, 0.0025871582329273224]
--
--
  ResConv 1:  [0.0005400446825660765, -9.642577788326889e-05, -0.011129025369882584, 0.0009364837314933538]
  ResConv 2:  [0.00018040627765003592, -0.003609098494052887, -0.007510187104344368, -0.0004124233382754028]
  ResConv 3:  [-3.331052357680164e-05, -0.008013300597667694, -0.004964353051036596, 0.0036841914989054203]
--
--
  ResConv 1:  [0.00041621027048677206, 1.4912353435647674e-05, -0.007738431915640831, 0.0005359196802601218]
  ResConv 2:  [0.0001415314618498087, -0.0024470356293022633, -0.005190814845263958, -0.000356675882358104]
  ResConv 3:  [-2.5483988792984746e-05, -0.005468300078064203, -0.0034580021165311337, 0.002409661654382944]
--
--
  ResConv 1:  [0.0004162102413829416, 1.4912368897057604e-05, -0.007738431915640831, 0.0005359196802601218]
  ResConv 2:  [0.00014153144729789346, -0.0024470356293022633, -0.005190814845263958, -0.000356675882358104]
  ResConv 3:  [-2.548400152591057e-05, -0.005468300078064203, -0.0034580021165311337, 0.002409661654382944]
--
--
  ResConv 1:  [0.00041621027048677206, 1.4912353435647674e-05, -0.007738431915640831, 0.0005359196802601218]
  ResConv 2:  [0.0001415314618498087, -0.0024470356293022633, -0.005190814845263958, -0.000356675882358104]
  ResConv 3:  [-2.5483986973995343e-05, -0.005468300078064203, -0.0034580021165311337, 0.002409661654382944]
--
--
  ResConv 1:  [0.0004162102413829416, 1.4912359802110586e-05, -0.007738431915640831, 0.0005359197384677827]
  ResConv 2:  [0.00014153144729789346, -0.0024470356293022633, -0.005190814845263958, -0.000356675882358104]
  ResConv 3:  [-2.548400152591057e-05, -0.005468300078064203, -0.0034580021165311337, 0.002409661654382944]
--
--
  ResConv 1:  [0.00041621027048677206, 1.4912355254637077e-05, -0.007738431915640831, 0.0005359196802601218]
  ResConv 2:  [0.0001415314618498087, -0.0024470356293022633, -0.005190814845263958, -0.000356675882358104]
  ResConv 3:  [-2.5483977879048325e-05, -0.005468300078064203, -0.0034580021165311337, 0.002409661654382944]
--
--
  ResConv 1:  [0.00038869434501975775, 3.3486347092548385e-05, -0.008994529023766518, 0.00031912128906697035]
  ResConv 2:  [0.00015163235366344452, -0.002807444194331765, -0.006074159871786833, -0.0007126330747269094]
  ResConv 3:  [1.588700251886621e-05, -0.006354429293423891, -0.00402915570884943, 0.002624038141220808]
--
--
  ResConv 1:  [0.00038869434501975775, 3.348635073052719e-05, -0.008994529023766518, 0.00031912128906697035]
  ResConv 2:  [0.00015163235366344452, -0.002807444194331765, -0.006074159871786833, -0.0007126330747269094]
  ResConv 3:  [1.5887009794823825e-05, -0.006354428827762604, -0.00402915570884943, 0.002624038141220808]
--
--
  ResConv 1:  [0.0003886943741235882, 3.3486347092548385e-05, -0.008994529023766518, 0.00031912128906697035]
  ResConv 2:  [0.00015163238276727498, -0.002807444194331765, -0.006074159871786833, -0.0007126330747269094]
  ResConv 3:  [1.588702252774965e-05, -0.006354428827762604, -0.00402915570884943, 0.002624038141220808]
--
--
  ResConv 1:  [0.00038869434501975775, 3.348636528244242e-05, -0.008994529023766518, 0.0003191213181708008]
  ResConv 2:  [0.0001516323391115293, -0.002807444194331765, -0.006074159871786833, -0.0007126330747269094]
  ResConv 3:  [1.5886982509982772e-05, -0.006354428827762604, -0.00402915570884943, 0.002624038141220808]
--
--
  ResConv 1:  [0.0003886943741235882, 3.348633981659077e-05, -0.008994529023766518, 0.0003191213181708008]
  ResConv 2:  [0.00015163238276727498, -0.002807444194331765, -0.006074159871786833, -0.0007126329583115876]
  ResConv 3:  [1.5887013432802632e-05, -0.006354429293423891, -0.00402915570884943, 0.002624038141220808]
--
--
  ResConv 1:  [0.0004699234268628061, 1.530532244942151e-05, -0.008315494284033775, 0.0003511856193654239]
  ResConv 2:  [0.00018730651936493814, -0.0026037332136183977, -0.00562059273943305, -0.0005928039317950606]
  ResConv 3:  [3.88164771720767e-05, -0.00586332892999053, -0.0037334205117076635, 0.0024597416631877422]
--
--
  ResConv 1:  [0.0004699234268628061, 1.5305338820326142e-05, -0.008315494284033775, 0.0003511856193654239]
  ResConv 2:  [0.00018730651936493814, -0.0026037332136183977, -0.00562059273943305, -0.0005928039900027215]
  ResConv 3:  [3.881645898218267e-05, -0.00586332892999053, -0.0037334205117076635, 0.0024597416631877422]
--
--
  ResConv 1:  [0.0004699234268628061, 1.5305340639315546e-05, -0.008315494284033775, 0.0003511856193654239]
  ResConv 2:  [0.0001873065484687686, -0.002603732980787754, -0.00562059273943305, -0.0005928039317950606]
  ResConv 3:  [3.88164771720767e-05, -0.00586332892999053, -0.0037334200460463762, 0.0024597416631877422]
--
--
  ResConv 1:  [0.0004699234268628061, 1.530533700133674e-05, -0.008315494284033775, 0.0003511856193654239]
  ResConv 2:  [0.0001873065484687686, -0.002603732980787754, -0.00562059273943305, -0.0005928039317950606]
  ResConv 3:  [3.881646989611909e-05, -0.00586332892999053, -0.0037334200460463762, 0.0024597416631877422]
--
--
  ResConv 1:  [0.0004699234268628061, 1.5305335182347335e-05, -0.008315494284033775, 0.0003511856484692544]
  ResConv 2:  [0.0001873065484687686, -0.002603732980787754, -0.00562059273943305, -0.0005928039900027215]
  ResConv 3:  [3.8816473534097895e-05, -0.005863328464329243, -0.0037334200460463762, 0.0024597416631877422]
--
--
  ResConv 1:  [0.0003737609076779336, 5.6187920563388616e-05, -0.008648713119328022, 0.0005880474345758557]
  ResConv 2:  [0.00011916382936760783, -0.0027073544915765524, -0.005831859540194273, -0.0004319113795645535]
  ResConv 3:  [-2.3921147658256814e-05, -0.006130400579422712, -0.0038622692227363586, 0.0027366625145077705]
--
--
  ResConv 1:  [0.0003737609076779336, 5.618792783934623e-05, -0.008648713119328022, 0.0005880474927835166]
  ResConv 2:  [0.00011916383664356545, -0.0027073544915765524, -0.005831859540194273, -0.0004319113795645535]
  ResConv 3:  [-2.3921138563309796e-05, -0.006130400579422712, -0.0038622692227363586, 0.0027366625145077705]
--
--
  ResConv 1:  [0.0003737609076779336, 5.618792783934623e-05, -0.008648713119328022, 0.0005880474345758557]
  ResConv 2:  [0.00011916382936760783, -0.0027073544915765524, -0.005831859540194273, -0.0004319113795645535]
  ResConv 3:  [-2.3921133106341586e-05, -0.006130400579422712, -0.003862268989905715, 0.0027366625145077705]
--
--
  ResConv 1:  [0.0003737609076779336, 5.6187946029240265e-05, -0.008648713119328022, 0.0005880474345758557]
  ResConv 2:  [0.00011916385847143829, -0.0027073544915765524, -0.005831859540194273, -0.0004319113795645535]
  ResConv 3:  [-2.3921131287352182e-05, -0.006130400579422712, -0.0038622692227363586, 0.0027366625145077705]
--
--
  ResConv 1:  [0.0003737609076779336, 5.618792783934623e-05, -0.008648713119328022, 0.0005880474345758557]
  ResConv 2:  [0.00011916384391952306, -0.0027073544915765524, -0.005831859540194273, -0.0004319113795645535]
  ResConv 3:  [-2.3921127649373375e-05, -0.006130400579422712, -0.0038622692227363586, 0.0027366625145077705]
--
--
  ResConv 1:  [0.0004995044437237084, 1.528431494079996e-05, -0.007880302146077156, 0.00040372839430347085]
  ResConv 2:  [0.0002084229636238888, -0.0024562885519117117, -0.005330574233084917, -0.0005031948094256222]
  ResConv 3:  [5.0634320359677076e-05, -0.005532223265618086, -0.003542982740327716, 0.0023758397437632084]
--
--
  ResConv 1:  [0.0004995045019313693, 1.5284313121810555e-05, -0.007880302146077156, 0.00040372839430347085]
  ResConv 2:  [0.00020842293452005833, -0.0024562885519117117, -0.005330574233084917, -0.0005031948094256222]
  ResConv 3:  [5.0634320359677076e-05, -0.005532223731279373, -0.003542982740327716, 0.0023758397437632084]
--
--
  ResConv 1:  [0.0004995044437237084, 1.528430584585294e-05, -0.007880302146077156, 0.00040372839430347085]
  ResConv 2:  [0.00020842297817580402, -0.0024562885519117117, -0.005330574233084917, -0.0005031948094256222]
  ResConv 3:  [5.06343312736135e-05, -0.0055322241969406605, -0.003542982740327716, 0.0023758397437632084]
--
--
  ResConv 1:  [0.0004995045019313693, 1.5284316759789363e-05, -0.007880302146077156, 0.00040372839430347085]
  ResConv 2:  [0.0002084229636238888, -0.0024562885519117117, -0.005330574233084917, -0.0005031948094256222]
  ResConv 3:  [5.0634320359677076e-05, -0.005532223731279373, -0.003542982740327716, 0.0023758397437632084]
--
--
  ResConv 1:  [0.0004995044437237084, 1.5284316759789363e-05, -0.007880302146077156, 0.00040372839430347085]
  ResConv 2:  [0.00020842293452005833, -0.0024562885519117117, -0.005330574233084917, -0.0005031948094256222]
  ResConv 3:  [5.0634320359677076e-05, -0.005532223731279373, -0.003542982740327716, 0.0023758397437632084]
--
--
  ResConv 1:  [0.00046639121137559414, -4.541790985967964e-05, -0.0077108219265937805, 0.0004032573488075286]
  ResConv 2:  [0.00018944813928101212, -0.002450020285323262, -0.005224337801337242, -0.00047623421414755285]
  ResConv 3:  [4.9928999942494556e-05, -0.005432207137346268, -0.00348115642555058, 0.0023151300847530365]
--
--
  ResConv 1:  [0.0004663911531679332, -4.5417902583722025e-05, -0.0077108219265937805, 0.0004032573488075286]
  ResConv 2:  [0.00018944811017718166, -0.002450020285323262, -0.005224337801337242, -0.00047623421414755285]
  ResConv 3:  [4.9928978114621714e-05, -0.005432208068668842, -0.0034811561927199364, 0.0023151300847530365]
--
--
  ResConv 1:  [0.0004663911531679332, -4.541790985967964e-05, -0.0077108219265937805, 0.0004032573488075286]
  ResConv 2:  [0.00018944811017718166, -0.002450020285323262, -0.005224337801337242, -0.00047623421414755285]
  ResConv 3:  [4.9928978114621714e-05, -0.005432208068668842, -0.00348115642555058, 0.0023151300847530365]
--
--
  ResConv 1:  [0.0004663911531679332, -4.541789894574322e-05, -0.0077108219265937805, 0.0004032573488075286]
  ResConv 2:  [0.00018944811017718166, -0.002450020285323262, -0.005224337801337242, -0.0004762342432513833]
  ResConv 3:  [4.992897447664291e-05, -0.005432207137346268, -0.00348115642555058, 0.0023151300847530365]
--
--
  ResConv 1:  [0.0004663911531679332, -4.5417913497658446e-05, -0.0077108219265937805, 0.0004032573488075286]
  ResConv 2:  [0.00018944811017718166, -0.002450020285323262, -0.005224337801337242, -0.00047623421414755285]
  ResConv 3:  [4.9928978114621714e-05, -0.005432208068668842, -0.00348115642555058, 0.0023151300847530365]
--
--
  ResConv 1:  [0.00037301648990251124, 3.5578992537921295e-05, -0.0075027793645858765, 0.0003796317323576659]
  ResConv 2:  [0.00012856340617872775, -0.0023385114036500454, -0.005052617751061916, -0.0004765784542541951]
  ResConv 3:  [-1.081484788301168e-05, -0.005271442234516144, -0.0033630821853876114, 0.002249531215056777]
--
--
  ResConv 1:  [0.00037301648990251124, 3.55789961759001e-05, -0.0075027793645858765, 0.000379631674150005]
  ResConv 2:  [0.00012856340617872775, -0.0023385114036500454, -0.005052617285400629, -0.00047657848335802555]
  ResConv 3:  [-1.0814854249474593e-05, -0.005271442234516144, -0.0033630821853876114, 0.002249531215056777]
--
--
  ResConv 1:  [0.0003730164607986808, 3.5579003451857716e-05, -0.0075027793645858765, 0.00037963170325383544]
  ResConv 2:  [0.00012856336252298206, -0.0023385114036500454, -0.005052617285400629, -0.0004765784542541951]
  ResConv 3:  [-1.0814882443810347e-05, -0.005271442234516144, -0.0033630821853876114, 0.002249531215056777]
--
--
  ResConv 1:  [0.00037301648990251124, 3.557898889994249e-05, -0.0075027793645858765, 0.00037963170325383544]
  ResConv 2:  [0.00012856340617872775, -0.002338511636480689, -0.005052617751061916, -0.0004765784542541951]
  ResConv 3:  [-1.0814848792506382e-05, -0.005271442234516144, -0.0033630821853876114, 0.002249531215056777]
--
--
  ResConv 1:  [0.00037301648990251124, 3.557899981387891e-05, -0.0075027793645858765, 0.0003796317323576659]
  ResConv 2:  [0.00012856339162681252, -0.0023385114036500454, -0.005052617285400629, -0.0004765784542541951]
  ResConv 3:  [-1.0814860615937505e-05, -0.005271442234516144, -0.0033630821853876114, 0.002249531215056777]
--
--
  ResConv 1:  [0.0005477392114698887, -3.345574441482313e-05, -0.010231449268758297, 0.0007816650322638452]
  ResConv 2:  [0.00019612970936577767, -0.0033088477794080973, -0.006887010298669338, -0.00044045483809895813]
  ResConv 3:  [-1.3156321074347943e-05, -0.007357570342719555, -0.004564960021525621, 0.003297171089798212]
--
--
  ResConv 1:  [0.0005477392114698887, -3.34557298629079e-05, -0.010231449268758297, 0.0007816650904715061]
  ResConv 2:  [0.00019612970936577767, -0.0033088477794080973, -0.006887010298669338, -0.00044045475078746676]
  ResConv 3:  [-1.3156338354747277e-05, -0.007357570342719555, -0.004564960021525621, 0.0032971713226288557]
--
--
  ResConv 1:  [0.0005477392114698887, -3.34557298629079e-05, -0.010231449268758297, 0.0007816650322638452]
  ResConv 2:  [0.00019612970936577767, -0.0033088477794080973, -0.006887010298669338, -0.00044045483809895813]
  ResConv 3:  [-1.315633016929496e-05, -0.007357570342719555, -0.004564960021525621, 0.0032971713226288557]
--
--
  ResConv 1:  [0.0005477392114698887, -3.345571894897148e-05, -0.010231449268758297, 0.0007816650322638452]
  ResConv 2:  [0.00019612969481386244, -0.0033088477794080973, -0.006887010298669338, -0.00044045483809895813]
  ResConv 3:  [-1.315633471676847e-05, -0.007357570342719555, -0.004564960021525621, 0.0032971713226288557]
--
--
  ResConv 1:  [0.0005477392114698887, -3.3455751690780744e-05, -0.010231449268758297, 0.0007816650904715061]
  ResConv 2:  [0.00019612969481386244, -0.0033088477794080973, -0.006887010298669338, -0.00044045483809895813]
  ResConv 3:  [-1.315633471676847e-05, -0.007357570342719555, -0.004564960021525621, 0.0032971713226288557]
--
--
  ResConv 1:  [0.00042459380347281694, 1.2821157042708364e-06, -0.007263893261551857, 0.0003365518059581518]
  ResConv 2:  [0.0001670644269324839, -0.0022684670984745026, -0.0049043698236346245, -0.00048627224168740213]
  ResConv 3:  [4.504553726292215e-05, -0.005091436207294464, -0.0032528953161090612, 0.002153103705495596]
--
--
  ResConv 1:  [0.00042459380347281694, 1.2821058135159547e-06, -0.007263893261551857, 0.0003365518059581518]
  ResConv 2:  [0.00016706441238056868, -0.0022684670984745026, -0.00490436889231205, -0.00048627224168740213]
  ResConv 3:  [4.504551543504931e-05, -0.005091436207294464, -0.0032528953161090612, 0.002153103705495596]
--
--
  ResConv 1:  [0.00042459380347281694, 1.2821137715945952e-06, -0.007263893261551857, 0.0003365518059581518]
  ResConv 2:  [0.00016706445603631437, -0.0022684670984745026, -0.00490436889231205, -0.00048627224168740213]
  ResConv 3:  [4.504552634898573e-05, -0.005091436207294464, -0.0032528953161090612, 0.002153103705495596]
--
--
  ResConv 1:  [0.00042459380347281694, 1.2821127484130557e-06, -0.007263893261551857, 0.0003365518059581518]
  ResConv 2:  [0.00016706441238056868, -0.0022684670984745026, -0.00490436889231205, -0.00048627224168740213]
  ResConv 3:  [4.504552634898573e-05, -0.005091436207294464, -0.0032528953161090612, 0.002153103705495596]
--
--
  ResConv 1:  [0.00042459380347281694, 1.2821108157368144e-06, -0.007263893261551857, 0.00033655177685432136]
  ResConv 2:  [0.00016706441238056868, -0.0022684673313051462, -0.00490436889231205, -0.00048627224168740213]
  ResConv 3:  [4.5045533624943346e-05, -0.005091436207294464, -0.0032528957817703485, 0.002153103705495596]
--
--
  ResConv 1:  [0.00035630250931717455, -8.505229516231338e-07, -0.006883437745273113, 0.00026439150678925216]
  ResConv 2:  [0.00011870548041770235, -0.002140617463737726, -0.0046508763916790485, -0.0005114780506119132]
  ResConv 3:  [4.660803824663162e-06, -0.00480496184900403, -0.0030946379993110895, 0.001989462412893772]
--
--
  ResConv 1:  [0.00035630250931717455, -8.505284654347633e-07, -0.006883437745273113, 0.0002643914776854217]
  ResConv 2:  [0.00011870550224557519, -0.0021406172309070826, -0.0046508763916790485, -0.0005114781088195741]
  ResConv 3:  [4.660809281631373e-06, -0.00480496184900403, -0.0030946379993110895, 0.001989462412893772]
--
--
  ResConv 1:  [0.000356302538421005, -8.505229516231338e-07, -0.006883437745273113, 0.0002643914776854217]
  ResConv 2:  [0.00011870553862536326, -0.002140617463737726, -0.0046508763916790485, -0.0005114780506119132]
  ResConv 3:  [4.660834292735672e-06, -0.00480496184900403, -0.0030946379993110895, 0.001989462412893772]
--
--
  ResConv 1:  [0.000356302538421005, -8.505278970005747e-07, -0.006883437745273113, 0.0002643914776854217]
  ResConv 2:  [0.00011870553862536326, -0.002140617463737726, -0.0046508763916790485, -0.0005114780506119132]
  ResConv 3:  [4.660837475967128e-06, -0.00480496184900403, -0.0030946379993110895, 0.001989462412893772]
--
--
  ResConv 1:  [0.000356302538421005, -8.505179494022741e-07, -0.006883437745273113, 0.00026439150678925216]
  ResConv 2:  [0.0001187055095215328, -0.002140617463737726, -0.0046508763916790485, -0.0005114780506119132]
  ResConv 3:  [4.660819740820443e-06, -0.00480496184900403, -0.0030946379993110895, 0.001989462412893772]
--
--
  ResConv 1:  [0.0003976917068939656, 2.0211246010148898e-05, -0.0076951938681304455, 0.0002738218172453344]
  ResConv 2:  [0.00015785591676831245, -0.0024041878059506416, -0.005203263834118843, -0.0005990435020066798]
  ResConv 3:  [3.617909533204511e-05, -0.005431069526821375, -0.003449428826570511, 0.00224699592217803]
--
--
  ResConv 1:  [0.00039769167779013515, 2.021123691520188e-05, -0.0076951938681304455, 0.00027382178814150393]
  ResConv 2:  [0.00015785587311256677, -0.0024041878059506416, -0.005203263368457556, -0.0005990435020066798]
  ResConv 3:  [3.617906986619346e-05, -0.005431069061160088, -0.003449428826570511, 0.00224699592217803]
--
--
  ResConv 1:  [0.0003976917068939656, 2.0211238734191284e-05, -0.0076951938681304455, 0.0002738217590376735]
  ResConv 2:  [0.00015785590221639723, -0.0024041878059506416, -0.005203263834118843, -0.0005990435020066798]
  ResConv 3:  [3.617909533204511e-05, -0.005431069526821375, -0.003449428826570511, 0.00224699592217803]
--
--
  ResConv 1:  [0.0003976917068939656, 2.021123691520188e-05, -0.0076951938681304455, 0.0002738217590376735]
  ResConv 2:  [0.00015785590221639723, -0.0024041878059506416, -0.005203263834118843, -0.0005990435020066798]
  ResConv 3:  [3.617908441810869e-05, -0.005431069526821375, -0.003449428826570511, 0.00224699592217803]
--
--
  ResConv 1:  [0.0003976917068939656, 2.021123691520188e-05, -0.0076951938681304455, 0.00027382178814150393]
  ResConv 2:  [0.00015785591676831245, -0.0024041878059506416, -0.005203263834118843, -0.0005990435020066798]
  ResConv 3:  [3.6179088056087494e-05, -0.005431069526821375, -0.003449428826570511, 0.00224699592217803]
--
--
  ResConv 1:  [0.0005178455030545592, 2.8925309379701503e-05, -0.008059386163949966, 0.0003237556084059179]
  ResConv 2:  [0.00022847807849757373, -0.002512218663468957, -0.005445227492600679, -0.000596847792621702]
  ResConv 3:  [8.738558244658634e-05, -0.005674079991877079, -0.0036070561036467552, 0.002370973816141486]
--
--
  ResConv 1:  [0.0005178454448468983, 2.8925303922733292e-05, -0.008059386163949966, 0.0003237556084059179]
  ResConv 2:  [0.00022847803484182805, -0.002512218663468957, -0.005445227492600679, -0.000596847792621702]
  ResConv 3:  [8.738555334275588e-05, -0.005674079991877079, -0.0036070561036467552, 0.002370973816141486]
--
--
  ResConv 1:  [0.0005178455030545592, 2.89253075607121e-05, -0.008059386163949966, 0.0003237556084059179]
  ResConv 2:  [0.00022847807849757373, -0.002512218663468957, -0.005445227492600679, -0.000596847792621702]
  ResConv 3:  [8.738557517062873e-05, -0.005674079991877079, -0.0036070561036467552, 0.002370973816141486]
--
--
  ResConv 1:  [0.0005178454448468983, 2.8925314836669713e-05, -0.008059386163949966, 0.0003237556084059179]
  ResConv 2:  [0.00022847807849757373, -0.002512218663468957, -0.005445227492600679, -0.000596847792621702]
  ResConv 3:  [8.73855606187135e-05, -0.005674079991877079, -0.0036070561036467552, 0.002370973816141486]
--
--
  ResConv 1:  [0.0005178454448468983, 2.8925316655659117e-05, -0.008059386163949966, 0.00032375563750974834]
  ResConv 2:  [0.00022847807849757373, -0.002512218663468957, -0.005445227492600679, -0.000596847792621702]
  ResConv 3:  [8.73855606187135e-05, -0.005674079991877079, -0.0036070561036467552, 0.002370973816141486]
--
--
  ResConv 1:  [0.0005172394448891282, 2.4187014787457883e-05, -0.008455169387161732, 0.0007405821816064417]
  ResConv 2:  [0.00023119318939279765, -0.002682402962818742, -0.005669657606631517, -0.0002552485675550997]
  ResConv 3:  [6.349875184241682e-05, -0.005987700540572405, -0.0037726666778326035, 0.002759346039965749]
--
--
  ResConv 1:  [0.0005172394448891282, 2.418701296846848e-05, -0.008455169387161732, 0.0007405821816064417]
  ResConv 2:  [0.00023119314573705196, -0.002682402962818742, -0.005669657606631517, -0.0002552485093474388]
  ResConv 3:  [6.349872273858637e-05, -0.005987700540572405, -0.0037726666778326035, 0.002759346039965749]
--
--
  ResConv 1:  [0.0005172394448891282, 2.4187025701394305e-05, -0.008455169387161732, 0.0007405822980217636]
  ResConv 2:  [0.00023119314573705196, -0.002682402962818742, -0.005669658537954092, -0.0002552485093474388]
  ResConv 3:  [6.349871546262875e-05, -0.005987700540572405, -0.0037726666778326035, 0.002759346039965749]
--
--
  ResConv 1:  [0.0005172394448891282, 2.4187016606447287e-05, -0.008455169387161732, 0.0007405823562294245]
  ResConv 2:  [0.00023119314573705196, -0.002682402962818742, -0.005669658537954092, -0.00025524848024360836]
  ResConv 3:  [6.349872273858637e-05, -0.005987700540572405, -0.0037726666778326035, 0.0027593462727963924]
--
--
  ResConv 1:  [0.0005172393866814673, 2.4187016606447287e-05, -0.008455169387161732, 0.0007405822980217636]
  ResConv 2:  [0.00023119313118513674, -0.002682402962818742, -0.005669657606631517, -0.0002552485093474388]
  ResConv 3:  [6.349871546262875e-05, -0.005987700540572405, -0.0037726666778326035, 0.0027593462727963924]
--
--
  ResConv 1:  [0.0005460689426399767, 5.331059219315648e-05, -0.008564870804548264, 0.0004341975145507604]
  ResConv 2:  [0.0001924606622196734, -0.002640163293108344, -0.005774896126240492, -0.0005540025886148214]
  ResConv 3:  [1.741041887726169e-05, -0.005992341320961714, -0.0038387507665902376, 0.002577434992417693]
--
--
  ResConv 1:  [0.0005460689426399767, 5.331059583113529e-05, -0.008564870804548264, 0.00043419748544692993]
  ResConv 2:  [0.00019246067677158862, -0.002640163293108344, -0.005774896126240492, -0.0005540025886148214]
  ResConv 3:  [1.7410420696251094e-05, -0.005992341320961714, -0.0038387509994208813, 0.002577434992417693]
--
--
  ResConv 1:  [0.0005460689426399767, 5.331059583113529e-05, -0.008564870804548264, 0.0004341975145507604]
  ResConv 2:  [0.00019246069132350385, -0.0026401628274470568, -0.005774896126240492, -0.0005540025886148214]
  ResConv 3:  [1.7410431610187516e-05, -0.005992341320961714, -0.0038387509994208813, 0.002577434992417693]
--
--
  ResConv 1:  [0.0005460689426399767, 5.331059583113529e-05, -0.008564870804548264, 0.0004341975145507604]
  ResConv 2:  [0.00019246069132350385, -0.002640163293108344, -0.005774896126240492, -0.0005540025886148214]
  ResConv 3:  [1.7410435248166323e-05, -0.005992341320961714, -0.0038387509994208813, 0.002577434992417693]
--
--
  ResConv 1:  [0.0005460689426399767, 5.331061402102932e-05, -0.008564870804548264, 0.0004341975145507604]
  ResConv 2:  [0.00019246069132350385, -0.002640163293108344, -0.0057748956605792046, -0.0005540025886148214]
  ResConv 3:  [1.7410440705134533e-05, -0.005992341320961714, -0.0038387509994208813, 0.002577434992417693]
--
--
  ResConv 1:  [0.0006019918364472687, 2.508727902750252e-06, -0.010170665569603443, 0.0014205226907506585]
  ResConv 2:  [0.000256699335295707, -0.0032610269263386726, -0.006838222034275532, 9.76346418610774e-05]
  ResConv 3:  [3.4119242627639323e-05, -0.007256107870489359, -0.004547270480543375, 0.0037044170312583447]
--
--
  ResConv 1:  [0.0006019918364472687, 2.508713578208699e-06, -0.010170665569603443, 0.0014205226907506585]
  ResConv 2:  [0.000256699335295707, -0.0032610269263386726, -0.006838222034275532, 9.76346418610774e-05]
  ResConv 3:  [3.4119228075724095e-05, -0.007256108336150646, -0.004547270480543375, 0.0037044170312583447]
--
--
  ResConv 1:  [0.0006019918364472687, 2.5087231279030675e-06, -0.010170665569603443, 0.0014205225743353367]
  ResConv 2:  [0.00025669936439953744, -0.0032610269263386726, -0.006838222034275532, 9.76346418610774e-05]
  ResConv 3:  [3.411923535168171e-05, -0.0072561088018119335, -0.004547270014882088, 0.003704417496919632]
--
--
  ResConv 1:  [0.0006019918364472687, 2.5087308586080326e-06, -0.010170665569603443, 0.0014205226907506585]
  ResConv 2:  [0.000256699335295707, -0.0032610269263386726, -0.006838222034275532, 9.763464913703501e-05]
  ResConv 3:  [3.411924990359694e-05, -0.007256108336150646, -0.004547270480543375, 0.003704417496919632]
--
--
  ResConv 1:  [0.0006019918364472687, 2.5087308586080326e-06, -0.010170665569603443, 0.0014205225743353367]
  ResConv 2:  [0.000256699335295707, -0.0032610269263386726, -0.006838222034275532, 9.763467824086547e-05]
  ResConv 3:  [3.4119238989660516e-05, -0.007256107870489359, -0.004547270014882088, 0.003704417496919632]
--
--
  ResConv 1:  [0.0004400484904181212, 4.7320547309936956e-05, -0.0075415195897221565, 0.00038183218566700816]
  ResConv 2:  [0.00017464430129621178, -0.002299850806593895, -0.005101589486002922, -0.00047500510117970407]
  ResConv 3:  [5.948600664851256e-05, -0.005211041308939457, -0.003393659135326743, 0.0022331096697598696]
--
--
  ResConv 1:  [0.00044004846131429076, 4.732055822387338e-05, -0.0075415195897221565, 0.0003818322147708386]
  ResConv 2:  [0.00017464428674429655, -0.002299850806593895, -0.005101589486002922, -0.00047500510117970407]
  ResConv 3:  [5.948601756244898e-05, -0.005211041308939457, -0.003393659135326743, 0.0022331096697598696]
--
--
  ResConv 1:  [0.0004400484322104603, 4.732055458589457e-05, -0.0075415195897221565, 0.0003818322438746691]
  ResConv 2:  [0.00017464427219238132, -0.002299850806593895, -0.005101589486002922, -0.00047500510117970407]
  ResConv 3:  [5.9485984820639715e-05, -0.005211041308939457, -0.003393659135326743, 0.0022331096697598696]
--
--
  ResConv 1:  [0.0004400484322104603, 4.7320547309936956e-05, -0.0075415195897221565, 0.00038183218566700816]
  ResConv 2:  [0.0001746442576404661, -0.002299850806593895, -0.005101589486002922, -0.00047500510117970407]
  ResConv 3:  [5.94859775446821e-05, -0.005211041308939457, -0.003393659135326743, 0.0022331096697598696]
--
--
  ResConv 1:  [0.00044004846131429076, 4.7320547309936956e-05, -0.0075415195897221565, 0.0003818322438746691]
  ResConv 2:  [0.00017464428674429655, -0.002299850806593895, -0.005101589486002922, -0.00047500510117970407]
  ResConv 3:  [5.948599937255494e-05, -0.005211041308939457, -0.003393659135326743, 0.0022331096697598696]
--
--
  ResConv 1:  [0.000367528002243489, 2.7478385163703933e-05, -0.010142712853848934, 0.0006052909302525222]
  ResConv 2:  [9.560440230416134e-05, -0.0032009785063564777, -0.006850945297628641, -0.0005890870233997703]
  ResConv 3:  [-6.70385270495899e-05, -0.007205881644040346, -0.004549895878881216, 0.0031334059312939644]
--
--
  ResConv 1:  [0.000367528002243489, 2.747839425865095e-05, -0.010142712853848934, 0.0006052909302525222]
  ResConv 2:  [9.560437320033088e-05, -0.0032009787391871214, -0.006850945297628641, -0.0005890870233997703]
  ResConv 3:  [-6.703854887746274e-05, -0.007205881644040346, -0.004549895413219929, 0.0031334059312939644]
--
--
  ResConv 1:  [0.000367528002243489, 2.747839425865095e-05, -0.010142712853848934, 0.0006052908720448613]
  ResConv 2:  [9.560438775224611e-05, -0.0032009785063564777, -0.006850945297628641, -0.0005890870816074312]
  ResConv 3:  [-6.703851977363229e-05, -0.007205881644040346, -0.004549895413219929, 0.0031334059312939644]
--
--
  ResConv 1:  [0.0003675280313473195, 2.747840335359797e-05, -0.010142712853848934, 0.0006052908720448613]
  ResConv 2:  [9.560440230416134e-05, -0.0032009785063564777, -0.006850945297628641, -0.0005890870233997703]
  ResConv 3:  [-6.703853432554752e-05, -0.007205881644040346, -0.004549895413219929, 0.0031334059312939644]
--
--
  ResConv 1:  [0.00036752806045114994, 2.747839425865095e-05, -0.010142712853848934, 0.0006052909302525222]
  ResConv 2:  [9.560441685607657e-05, -0.0032009787391871214, -0.006850945297628641, -0.0005890870233997703]
  ResConv 3:  [-6.703850522171706e-05, -0.007205881644040346, -0.004549895878881216, 0.0031334059312939644]
--
--
  ResConv 1:  [0.00029725718195550144, 1.8047081539407372e-05, -0.006991180125623941, 0.0002961900318041444]
  ResConv 2:  [9.560899343341589e-05, -0.0021726114209741354, -0.004715687595307827, -0.000498901354148984]
  ResConv 3:  [3.6677827210951364e-06, -0.004896468948572874, -0.0031217881478369236, 0.002048283815383911]
--
--
  ResConv 1:  [0.00029725718195550144, 1.804709063435439e-05, -0.006991180125623941, 0.0002961900027003139]
  ResConv 2:  [9.560897160554305e-05, -0.0021726114209741354, -0.004715687595307827, -0.0004989014123566449]
  ResConv 3:  [3.667779992611031e-06, -0.004896468948572874, -0.0031217881478369236, 0.002048283815383911]
--
--
  ResConv 1:  [0.0002972572110593319, 1.8047081539407372e-05, -0.006991180125623941, 0.0002961900027003139]
  ResConv 2:  [9.560898615745828e-05, -0.0021726114209741354, -0.004715687595307827, -0.0004989014123566449]
  ResConv 3:  [3.6677811294794083e-06, -0.004896468948572874, -0.0031217881478369236, 0.002048283815383911]
--
--
  ResConv 1:  [0.00029725718195550144, 1.8047081539407372e-05, -0.006991180125623941, 0.0002961900318041444]
  ResConv 2:  [9.560897160554305e-05, -0.0021726114209741354, -0.004715687595307827, -0.000498901354148984]
  ResConv 3:  [3.667773853521794e-06, -0.004896469414234161, -0.0031217881478369236, 0.002048283815383911]
--
--
  ResConv 1:  [0.00029725718195550144, 1.8047081539407372e-05, -0.006991180125623941, 0.0002961900027003139]
  ResConv 2:  [9.560897160554305e-05, -0.0021726114209741354, -0.004715687595307827, -0.000498901354148984]
  ResConv 3:  [3.6677695334219607e-06, -0.004896469414234161, -0.0031217881478369236, 0.002048283815383911]
--
--
  ResConv 1:  [0.0005934174987487495, -1.416981831425801e-05, -0.010012575425207615, 0.0006508117076009512]
  ResConv 2:  [0.0002234295679954812, -0.0031969372648745775, -0.006766375154256821, -0.0005397956119850278]
  ResConv 3:  [1.426715334673645e-05, -0.007158840540796518, -0.004484754521399736, 0.0031499003525823355]
--
--
  ResConv 1:  [0.0005934175569564104, -1.4169801033858676e-05, -0.010012575425207615, 0.0006508117076009512]
  ResConv 2:  [0.0002234295679954812, -0.0031969372648745775, -0.006766375154256821, -0.0005397956119850278]
  ResConv 3:  [1.4267141523305327e-05, -0.007158840540796518, -0.004484754521399736, 0.0031499003525823355]
--
--
  ResConv 1:  [0.0005934175569564104, -1.4169811947795097e-05, -0.010012575425207615, 0.0006508116493932903]
  ResConv 2:  [0.0002234295679954812, -0.0031969372648745775, -0.006766375154256821, -0.0005397956119850278]
  ResConv 3:  [1.426716880814638e-05, -0.007158840540796518, -0.004484754521399736, 0.0031499003525823355]
--
--
  ResConv 1:  [0.0005934175569564104, -1.41698137667845e-05, -0.010012575425207615, 0.0006508116493932903]
  ResConv 2:  [0.0002234295679954812, -0.0031969372648745775, -0.006766375154256821, -0.0005397956701926887]
  ResConv 3:  [1.4267159713199362e-05, -0.007158840540796518, -0.004484754521399736, 0.0031499003525823355]
--
--
  ResConv 1:  [0.0005934174987487495, -1.4169819223752711e-05, -0.010012575425207615, 0.0006508117076009512]
  ResConv 2:  [0.00022342958254739642, -0.0031969372648745775, -0.006766375154256821, -0.0005397956119850278]
  ResConv 3:  [1.4267166079662275e-05, -0.007158840540796518, -0.004484754521399736, 0.0031499003525823355]
--
--
  ResConv 1:  [0.000570687057916075, 3.668307181214914e-05, -0.008157276548445225, 0.0002913561766035855]
  ResConv 2:  [0.0002579045540187508, -0.002523701870813966, -0.005513973068445921, -0.0006364484434016049]
  ResConv 3:  [0.00011195215483894572, -0.005708796437829733, -0.0036639433819800615, 0.0023580025881528854]
--
--
  ResConv 1:  [0.0005706869415007532, 3.668306817417033e-05, -0.008157276548445225, 0.000291356147499755]
  ResConv 2:  [0.00025790452491492033, -0.002523701870813966, -0.005513973534107208, -0.0006364484434016049]
  ResConv 3:  [0.00011195213301107287, -0.005708796437829733, -0.003663943847641349, 0.0023580025881528854]
--
--
  ResConv 1:  [0.0005706869415007532, 3.668306817417033e-05, -0.008157276548445225, 0.000291356147499755]
  ResConv 2:  [0.0002579044958110899, -0.002523701870813966, -0.005513973534107208, -0.0006364484434016049]
  ResConv 3:  [0.00011195212573511526, -0.005708796437829733, -0.0036639433819800615, 0.0023580025881528854]
--
--
  ResConv 1:  [0.0005706869415007532, 3.668308272608556e-05, -0.008157276548445225, 0.0002913561766035855]
  ResConv 2:  [0.0002579044958110899, -0.002523701870813966, -0.005513973068445921, -0.0006364484434016049]
  ResConv 3:  [0.00011195211118320003, -0.005708796437829733, -0.0036639433819800615, 0.0023580025881528854]
--
--
  ResConv 1:  [0.0005706869415007532, 3.668306817417033e-05, -0.008157276548445225, 0.000291356147499755]
  ResConv 2:  [0.00025790452491492033, -0.002523701870813966, -0.005513973534107208, -0.0006364484434016049]
  ResConv 3:  [0.00011195212573511526, -0.005708796437829733, -0.0036639433819800615, 0.0023580025881528854]
--
--
  ResConv 1:  [0.000398629461415112, 5.336206959327683e-05, -0.007924335077404976, 0.0005315937451086938]
  ResConv 2:  [0.0001556573697598651, -0.002458371454849839, -0.005324386991560459, -0.00038248146302066743]
  ResConv 3:  [3.1854899134486914e-05, -0.005543255712836981, -0.003543959464877844, 0.0024672243744134903]
--
--
  ResConv 1:  [0.000398629461415112, 5.336208414519206e-05, -0.007924335077404976, 0.0005315936869010329]
  ResConv 2:  [0.0001556573697598651, -0.002458371454849839, -0.005324386991560459, -0.00038248146302066743]
  ResConv 3:  [3.1854899134486914e-05, -0.005543255712836981, -0.003543959464877844, 0.0024672243744134903]
--
--
  ResConv 1:  [0.000398629461415112, 5.3362073231255636e-05, -0.007924335077404976, 0.0005315937451086938]
  ResConv 2:  [0.00015565734065603465, -0.002458371454849839, -0.005324386991560459, -0.00038248146302066743]
  ResConv 3:  [3.185486639267765e-05, -0.005543255712836981, -0.003543959464877844, 0.0024672243744134903]
--
--
  ResConv 1:  [0.000398629461415112, 5.336207686923444e-05, -0.007924335077404976, 0.0005315936869010329]
  ResConv 2:  [0.0001556573697598651, -0.002458371454849839, -0.005324386991560459, -0.00038248152122832835]
  ResConv 3:  [3.1854899134486914e-05, -0.005543255712836981, -0.003543959464877844, 0.0024672243744134903]
--
--
  ResConv 1:  [0.00039862943231128156, 5.336207686923444e-05, -0.007924335077404976, 0.0005315937451086938]
  ResConv 2:  [0.00015565735520794988, -0.002458371454849839, -0.005324386991560459, -0.0003824814921244979]
  ResConv 3:  [3.1854895496508107e-05, -0.005543255712836981, -0.003543959464877844, 0.0024672243744134903]
--
--
  ResConv 1:  [0.0005340777570381761, -1.060631257132627e-05, -0.00772853335365653, 0.0005013043410144746]
  ResConv 2:  [0.00024216932069975883, -0.002461885567754507, -0.005208118353039026, -0.00040928504313342273]
  ResConv 3:  [8.154223178280517e-05, -0.005490429233759642, -0.0034604601096361876, 0.0024048681370913982]
--
--
  ResConv 1:  [0.0005340776406228542, -1.0606316209305078e-05, -0.00772853335365653, 0.0005013043410144746]
  ResConv 2:  [0.00024216933525167406, -0.002461885567754507, -0.005208118353039026, -0.0004092850140295923]
  ResConv 3:  [8.154225361067802e-05, -0.005490429699420929, -0.003460460342466831, 0.0024048681370913982]
--
--
  ResConv 1:  [0.0005340776988305151, -1.0606327123241499e-05, -0.00772853335365653, 0.0005013043410144746]
  ResConv 2:  [0.0002421693061478436, -0.0024618858005851507, -0.005208118353039026, -0.00040928504313342273]
  ResConv 3:  [8.154223178280517e-05, -0.005490429233759642, -0.003460460342466831, 0.0024048681370913982]
--
--
  ResConv 1:  [0.0005340776988305151, -1.0606329851725604e-05, -0.00772853335365653, 0.0005013043410144746]
  ResConv 2:  [0.00024216932069975883, -0.0024618858005851507, -0.005208118353039026, -0.00040928504313342273]
  ResConv 3:  [8.15422463347204e-05, -0.005490429233759642, -0.0034604601096361876, 0.0024048681370913982]
--
--
  ResConv 1:  [0.0005340776988305151, -1.060631711879978e-05, -0.00772853335365653, 0.0005013043410144746]
  ResConv 2:  [0.00024216932069975883, -0.002461885567754507, -0.005208117887377739, -0.00040928504313342273]
  ResConv 3:  [8.15422463347204e-05, -0.005490429699420929, -0.003460460342466831, 0.0024048681370913982]
--
--
  ResConv 1:  [0.000517068023327738, 2.941599268524442e-05, -0.007289617322385311, 0.0006046658381819725]
  ResConv 2:  [0.0002588261850178242, -0.002274175640195608, -0.004895034711807966, -0.00026387040270492435]
  ResConv 3:  [0.00012072536628693342, -0.005098178517073393, -0.0032660984434187412, 0.002336204517632723]
--
--
  ResConv 1:  [0.000517068081535399, 2.941597813332919e-05, -0.007289617322385311, 0.0006046658381819725]
  ResConv 2:  [0.00025882621412165463, -0.002274175640195608, -0.004895034711807966, -0.0002638703736010939]
  ResConv 3:  [0.00012072540266672149, -0.005098178517073393, -0.0032660984434187412, 0.0023362047504633665]
--
--
  ResConv 1:  [0.000517068023327738, 2.9415990866255015e-05, -0.007289617322385311, 0.0006046658381819725]
  ResConv 2:  [0.00025882621412165463, -0.002274175640195608, -0.004895034711807966, -0.0002638703736010939]
  ResConv 3:  [0.00012072540266672149, -0.005098178517073393, -0.0032660984434187412, 0.0023362047504633665]
--
--
  ResConv 1:  [0.000517068023327738, 2.941597813332919e-05, -0.007289617322385311, 0.0006046658381819725]
  ResConv 2:  [0.0002588262432254851, -0.002274175640195608, -0.004895034711807966, -0.0002638703736010939]
  ResConv 3:  [0.00012072540266672149, -0.005098178517073393, -0.0032660984434187412, 0.002336204517632723]
--
--
  ResConv 1:  [0.000517068081535399, 2.9415987228276208e-05, -0.007289617322385311, 0.0006046658381819725]
  ResConv 2:  [0.0002588262432254851, -0.002274175640195608, -0.004895034711807966, -0.0002638703736010939]
  ResConv 3:  [0.00012072541721863672, -0.005098178517073393, -0.0032660984434187412, 0.002336204517632723]
--
--
  ResConv 1:  [0.0006136467563919723, 3.556292358553037e-05, -0.010150493122637272, 0.00083543750224635]
  ResConv 2:  [0.0002452578046359122, -0.003218740923330188, -0.006830862257629633, -0.0003902764292433858]
  ResConv 3:  [1.7448681319365278e-05, -0.0072232321836054325, -0.004546084441244602, 0.0032926120329648256]
--
--
  ResConv 1:  [0.0006136467563919723, 3.556292358553037e-05, -0.010150493122637272, 0.00083543750224635]
  ResConv 2:  [0.0002452578046359122, -0.003218740923330188, -0.006830862257629633, -0.0003902764292433858]
  ResConv 3:  [1.7448701328248717e-05, -0.0072232321836054325, -0.004546084441244602, 0.0032926120329648256]
--
--
  ResConv 1:  [0.0006136467563919723, 3.556291267159395e-05, -0.010150493122637272, 0.00083543750224635]
  ResConv 2:  [0.00024525783373974264, -0.003218740923330188, -0.006830862257629633, -0.0003902764292433858]
  ResConv 3:  [1.7448726794100367e-05, -0.0072232321836054325, -0.004546084441244602, 0.0032926120329648256]
--
--
  ResConv 1:  [0.0006136467563919723, 3.556292358553037e-05, -0.010150494053959846, 0.00083543750224635]
  ResConv 2:  [0.0002452578046359122, -0.003218740923330188, -0.006830862257629633, -0.00039027640013955534]
  ResConv 3:  [1.7448710423195735e-05, -0.0072232321836054325, -0.004546084441244602, 0.0032926120329648256]
--
--
  ResConv 1:  [0.0006136467563919723, 3.556290903361514e-05, -0.010150493122637272, 0.0008354373858310282]
  ResConv 2:  [0.0002452578046359122, -0.003218740923330188, -0.006830862257629633, -0.0003902764292433858]
  ResConv 3:  [1.7448704966227524e-05, -0.0072232321836054325, -0.004546084441244602, 0.0032926120329648256]
--
--
  ResConv 1:  [0.00048822854296304286, 5.704712384613231e-05, -0.008607654832303524, 0.0007630636100657284]
  ResConv 2:  [0.0001870715495897457, -0.002703786129131913, -0.005773287732154131, -0.0002910862094722688]
  ResConv 3:  [2.8249908154975856e-06, -0.006105079781264067, -0.00382824894040823, 0.002842667978256941]
--
--
  ResConv 1:  [0.0004882285720668733, 5.704713476006873e-05, -0.008607655763626099, 0.0007630636100657284]
  ResConv 2:  [0.00018707156414166093, -0.002703786129131913, -0.005773287266492844, -0.0002910862094722688]
  ResConv 3:  [2.8249908154975856e-06, -0.006105079781264067, -0.00382824894040823, 0.002842667745426297]
--
--
  ResConv 1:  [0.0004882285138592124, 5.7047127484111115e-05, -0.008607655763626099, 0.0007630636100657284]
  ResConv 2:  [0.00018707152048591524, -0.002703786129131913, -0.005773287732154131, -0.0002910862094722688]
  ResConv 3:  [2.8249862680240767e-06, -0.006105079781264067, -0.00382824894040823, 0.002842667978256941]
--
--
  ResConv 1:  [0.00048822854296304286, 5.704711293219589e-05, -0.008607655763626099, 0.0007630636100657284]
  ResConv 2:  [0.00018707152048591524, -0.002703786129131913, -0.005773287266492844, -0.0002910862385760993]
  ResConv 3:  [2.8249642127775587e-06, -0.006105079781264067, -0.00382824894040823, 0.002842667978256941]
--
--
  ResConv 1:  [0.0004882284556515515, 5.7047102018259466e-05, -0.008607655763626099, 0.0007630636100657284]
  ResConv 2:  [0.00018707152048591524, -0.002703786129131913, -0.005773287732154131, -0.0002910862094722688]
  ResConv 3:  [2.8249708066141466e-06, -0.006105079781264067, -0.00382824894040823, 0.002842667978256941]
--
--
  ResConv 1:  [0.0003625849785748869, 5.9125210100319237e-05, -0.006855066400021315, 0.0001817562588257715]
  ResConv 2:  [0.00012647605035454035, -0.002087051747366786, -0.004620714578777552, -0.000577641767449677]
  ResConv 3:  [2.0617506379494444e-05, -0.004747956991195679, -0.0030727386474609375, 0.0019212613115087152]
--
--
  ResConv 1:  [0.00036258494947105646, 5.912519554840401e-05, -0.006855066400021315, 0.00018175627337768674]
  ResConv 2:  [0.00012647603580262512, -0.002087051747366786, -0.004620714578777552, -0.000577641767449677]
  ResConv 3:  [2.0617500922526233e-05, -0.004747956991195679, -0.0030727386474609375, 0.0019212615443393588]
--
--
  ResConv 1:  [0.00036258494947105646, 5.912520282436162e-05, -0.006855066400021315, 0.0001817562588257715]
  ResConv 2:  [0.00012647605035454035, -0.0020870515145361423, -0.004620714578777552, -0.0005776418256573379]
  ResConv 3:  [2.0617513655452058e-05, -0.004747956991195679, -0.0030727386474609375, 0.0019212613115087152]
--
--
  ResConv 1:  [0.0003625849785748869, 5.912519554840401e-05, -0.006855066400021315, 0.0001817562588257715]
  ResConv 2:  [0.00012647605035454035, -0.002087051747366786, -0.004620714113116264, -0.000577641767449677]
  ResConv 3:  [2.061751547444146e-05, -0.004747957456856966, -0.0030727386474609375, 0.0019212615443393588]
--
--
  ResConv 1:  [0.00036258494947105646, 5.9125188272446394e-05, -0.006855066400021315, 0.0001817562588257715]
  ResConv 2:  [0.00012647603580262512, -0.0020870515145361423, -0.004620714578777552, -0.000577641767449677]
  ResConv 3:  [2.061749364656862e-05, -0.004747957456856966, -0.0030727386474609375, 0.0019212615443393588]
--
--
  ResConv 1:  [0.0005720548215322196, 1.6756644981796853e-05, -0.009954264387488365, 0.0007766794296912849]
  ResConv 2:  [0.00021822380949743092, -0.0031482656486332417, -0.006712025031447411, -0.0004275175742805004]
  ResConv 3:  [2.0309467799961567e-05, -0.007078469730913639, -0.004451771732419729, 0.0032154133077710867]
--
--
  ResConv 1:  [0.0005720548797398806, 1.675663770583924e-05, -0.009954264387488365, 0.0007766794296912849]
  ResConv 2:  [0.00021822388225700706, -0.0031482656486332417, -0.006712025031447411, -0.0004275175160728395]
  ResConv 3:  [2.0309516912675463e-05, -0.007078469730913639, -0.004451771732419729, 0.0032154133077710867]
--
--
  ResConv 1:  [0.0005720548797398806, 1.675663770583924e-05, -0.009954264387488365, 0.0007766794296912849]
  ResConv 2:  [0.0002182238531531766, -0.0031482656486332417, -0.006712025031447411, -0.0004275175160728395]
  ResConv 3:  [2.0309496903792024e-05, -0.007078469730913639, -0.004451771732419729, 0.0032154133077710867]
--
--
  ResConv 1:  [0.0005720548797398806, 1.6756624972913414e-05, -0.009954264387488365, 0.0007766794296912849]
  ResConv 2:  [0.00021822388225700706, -0.0031482656486332417, -0.006712025031447411, -0.0004275175160728395]
  ResConv 3:  [2.0309518731664866e-05, -0.007078469730913639, -0.004451771732419729, 0.0032154133077710867]
--
--
  ResConv 1:  [0.0005720548797398806, 1.675663224887103e-05, -0.009954264387488365, 0.0007766794296912849]
  ResConv 2:  [0.0002182238531531766, -0.0031482656486332417, -0.006712025031447411, -0.0004275175160728395]
  ResConv 3:  [2.030950963671785e-05, -0.007078469730913639, -0.004451771732419729, 0.0032154133077710867]
--
--
  ResConv 1:  [0.0005088970065116882, -2.125167884514667e-05, -0.009257707744836807, 0.0006087379297241569]
  ResConv 2:  [0.00018637215544003993, -0.0029638095293194056, -0.006241025403141975, -0.0004908215487375855]
  ResConv 3:  [1.6085060678960872e-06, -0.006649532821029425, -0.004126903135329485, 0.002947137225419283]
--
--
  ResConv 1:  [0.0005088970065116882, -2.1251689759083092e-05, -0.009257706813514233, 0.0006087379297241569]
  ResConv 2:  [0.0001863721408881247, -0.0029638095293194056, -0.006241025403141975, -0.0004908215487375855]
  ResConv 3:  [1.608493107596587e-06, -0.006649532821029425, -0.004126903135329485, 0.002947137225419283]
--
--
  ResConv 1:  [0.0005088969483040273, -2.1251689759083092e-05, -0.009257706813514233, 0.0006087378715164959]
  ResConv 2:  [0.00018637215544003993, -0.0029638095293194056, -0.006241025403141975, -0.0004908215487375855]
  ResConv 3:  [1.6084909475466702e-06, -0.006649532821029425, -0.004126903135329485, 0.002947137225419283]
--
--
  ResConv 1:  [0.0005088969483040273, -2.125167884514667e-05, -0.009257706813514233, 0.0006087378715164959]
  ResConv 2:  [0.00018637215544003993, -0.0029638095293194056, -0.006241025403141975, -0.0004908216069452465]
  ResConv 3:  [1.6085019751699292e-06, -0.006649532821029425, -0.004126903135329485, 0.002947137225419283]
--
--
  ResConv 1:  [0.0005088969483040273, -2.1251700673019513e-05, -0.009257706813514233, 0.000608737813308835]
  ResConv 2:  [0.00018637215544003993, -0.0029638095293194056, -0.006241025403141975, -0.0004908216069452465]
  ResConv 3:  [1.6084942444649641e-06, -0.006649532821029425, -0.004126903135329485, 0.002947137225419283]
--
--
  ResConv 1:  [0.00044391676783561707, 3.338931855978444e-05, -0.008082748390734196, 0.00017719302559271455]
  ResConv 2:  [0.00014415230543818325, -0.0024940886069089174, -0.00547797279432416, -0.0007159576052799821]
  ResConv 3:  [9.632388355385046e-06, -0.0056387148797512054, -0.0036493500228971243, 0.002243418712168932]
--
--
  ResConv 1:  [0.0004439167387317866, 3.338930764584802e-05, -0.008082748390734196, 0.00017719298193696886]
  ResConv 2:  [0.00014415230543818325, -0.0024940886069089174, -0.005477973725646734, -0.0007159576052799821]
  ResConv 3:  [9.632370165491011e-06, -0.0056387148797512054, -0.0036493500228971243, 0.002243418712168932]
--
--
  ResConv 1:  [0.0004439167387317866, 3.338931855978444e-05, -0.008082748390734196, 0.00017719296738505363]
  ResConv 2:  [0.00014415230543818325, -0.0024940886069089174, -0.00547797279432416, -0.0007159577216953039]
  ResConv 3:  [9.632365618017502e-06, -0.0056387148797512054, -0.0036493500228971243, 0.002243418712168932]
--
--
  ResConv 1:  [0.0004439167387317866, 3.3389325835742056e-05, -0.008082748390734196, 0.00017719296738505363]
  ResConv 2:  [0.00014415229088626802, -0.0024940886069089174, -0.005477973725646734, -0.0007159577216953039]
  ResConv 3:  [9.632370165491011e-06, -0.0056387148797512054, -0.0036493500228971243, 0.002243418712168932]
--
--
  ResConv 1:  [0.0004439167387317866, 3.338931128382683e-05, -0.008082748390734196, 0.00017719296738505363]
  ResConv 2:  [0.00014415230543818325, -0.0024940886069089174, -0.00547797279432416, -0.0007159577216953039]
  ResConv 3:  [9.632372893975116e-06, -0.0056387148797512054, -0.0036493500228971243, 0.0022434189449995756]
--
--
  ResConv 1:  [0.0005310603301040828, 7.97951642539374e-08, -0.00862728338688612, 0.0004874661681242287]
  ResConv 2:  [0.00021313541219569743, -0.0027104816399514675, -0.0058319238014519215, -0.0005096840905025601]
  ResConv 3:  [5.168896313989535e-05, -0.006072762422263622, -0.003873585956171155, 0.0026203207671642303]
--
--
  ResConv 1:  [0.000531060213688761, 7.980068517099426e-08, -0.00862728338688612, 0.0004874661681242287]
  ResConv 2:  [0.0002131353976437822, -0.002710481872782111, -0.0058319238014519215, -0.0005096840905025601]
  ResConv 3:  [5.1688944950001314e-05, -0.006072762422263622, -0.003873585956171155, 0.0026203207671642303]
--
--
  ResConv 1:  [0.000531060213688761, 7.979461003060351e-08, -0.00862728338688612, 0.0004874661681242287]
  ResConv 2:  [0.0002131353976437822, -0.0027104816399514675, -0.0058319238014519215, -0.0005096840905025601]
  ResConv 3:  [5.1688944950001314e-05, -0.00607276288792491, -0.003873585956171155, 0.0026203207671642303]
--
--
  ResConv 1:  [0.000531060213688761, 7.978881910730706e-08, -0.00862728338688612, 0.0004874661681242287]
  ResConv 2:  [0.0002131353976437822, -0.002710481872782111, -0.0058319238014519215, -0.0005096840905025601]
  ResConv 3:  [5.1688944950001314e-05, -0.006072762422263622, -0.003873585956171155, 0.0026203207671642303]
--
--
  ResConv 1:  [0.000531060213688761, 7.980316496514206e-08, -0.00862728338688612, 0.0004874661681242287]
  ResConv 2:  [0.0002131353976437822, -0.002710481872782111, -0.0058319238014519215, -0.0005096840322948992]
  ResConv 3:  [5.168895222595893e-05, -0.006072762422263622, -0.003873585956171155, 0.0026203207671642303]
--
--
  ResConv 1:  [0.0005083077703602612, 7.918702067399863e-06, -0.007924403063952923, 0.00037887791404500604]
  ResConv 2:  [0.00021528151410166174, -0.0024749459698796272, -0.005356150679290295, -0.00052622240036726]
  ResConv 3:  [7.130808808142319e-05, -0.005557977128773928, -0.003554972354322672, 0.0023560025729238987]
--
--
  ResConv 1:  [0.0005083077703602612, 7.918702976894565e-06, -0.007924403063952923, 0.0003788779431488365]
  ResConv 2:  [0.00021528151410166174, -0.00247494550421834, -0.005356150679290295, -0.00052622240036726]
  ResConv 3:  [7.130810263333842e-05, -0.005557977128773928, -0.003554972354322672, 0.0023560025729238987]
--
--
  ResConv 1:  [0.0005083077703602612, 7.918709343357477e-06, -0.007924403063952923, 0.0003788779431488365]
  ResConv 2:  [0.00021528151410166174, -0.00247494550421834, -0.005356150679290295, -0.0005262224585749209]
  ResConv 3:  [7.130810263333842e-05, -0.005557977128773928, -0.003554972354322672, 0.0023560025729238987]
--
--
  ResConv 1:  [0.0005083077703602612, 7.918702976894565e-06, -0.007924403063952923, 0.0003788779431488365]
  ResConv 2:  [0.00021528151410166174, -0.00247494550421834, -0.005356150679290295, -0.0005262224585749209]
  ResConv 3:  [7.130810263333842e-05, -0.005557977128773928, -0.003554972354322672, 0.0023560025729238987]
--
--
  ResConv 1:  [0.0005083077703602612, 7.918707524368074e-06, -0.007924403063952923, 0.00037887791404500604]
  ResConv 2:  [0.0002152814995497465, -0.00247494550421834, -0.005356150679290295, -0.0005262224585749209]
  ResConv 3:  [7.130808080546558e-05, -0.005557977128773928, -0.003554972354322672, 0.0023560025729238987]
--
--
  ResConv 1:  [0.00046090647811070085, 1.7473159459768794e-05, -0.00770534249022603, 0.0006621313514187932]
  ResConv 2:  [0.00020841545483563095, -0.0024342616088688374, -0.005187155678868294, -0.00027258461341261864]
  ResConv 3:  [6.70161607558839e-05, -0.005451645236462355, -0.00345589779317379, 0.002502902178093791]
--
--
  ResConv 1:  [0.00046090653631836176, 1.7473154002800584e-05, -0.00770534249022603, 0.0006621313514187932]
  ResConv 2:  [0.00020841545483563095, -0.0024342616088688374, -0.005187155678868294, -0.00027258461341261864]
  ResConv 3:  [6.701615347992629e-05, -0.005451645236462355, -0.0034558980260044336, 0.0025029024109244347]
--
--
  ResConv 1:  [0.00046090647811070085, 1.7473144907853566e-05, -0.00770534249022603, 0.0006621313514187932]
  ResConv 2:  [0.00020841545483563095, -0.0024342620745301247, -0.005187156144529581, -0.00027258467162027955]
  ResConv 3:  [6.701614620396867e-05, -0.005451645236462355, -0.0034558980260044336, 0.002502902178093791]
--
--
  ResConv 1:  [0.0004609064490068704, 1.747315764077939e-05, -0.00770534249022603, 0.0006621313514187932]
  ResConv 2:  [0.00020841544028371572, -0.0024342616088688374, -0.005187155678868294, -0.00027258461341261864]
  ResConv 3:  [6.701613165205345e-05, -0.005451645236462355, -0.0034558980260044336, 0.002502902178093791]
--
--
  ResConv 1:  [0.0004609065072145313, 1.7473159459768794e-05, -0.00770534249022603, 0.0006621313514187932]
  ResConv 2:  [0.00020841546938754618, -0.0024342616088688374, -0.005187155678868294, -0.00027258461341261864]
  ResConv 3:  [6.70161607558839e-05, -0.005451645236462355, -0.0034558980260044336, 0.002502902178093791]
--
--
  ResConv 1:  [0.0005687265656888485, 2.2234564312384464e-05, -0.008039964362978935, 0.0006547741359099746]
  ResConv 2:  [0.00024113555264193565, -0.0025170203298330307, -0.00542251905426383, -0.0003154709411319345]
  ResConv 3:  [8.215868729166687e-05, -0.005636265035718679, -0.0036276380997151136, 0.0025602332316339016]
--
--
  ResConv 1:  [0.0005687265656888485, 2.2234571588342078e-05, -0.008039964362978935, 0.0006547741941176355]
  ResConv 2:  [0.00024113555264193565, -0.0025170203298330307, -0.00542251905426383, -0.0003154709411319345]
  ResConv 3:  [8.215868729166687e-05, -0.005636265035718679, -0.0036276380997151136, 0.0025602332316339016]
--
--
  ResConv 1:  [0.0005687266238965094, 2.223456795036327e-05, -0.008039964362978935, 0.0006547741359099746]
  ResConv 2:  [0.00024113555264193565, -0.0025170203298330307, -0.00542251905426383, -0.0003154709411319345]
  ResConv 3:  [8.215868729166687e-05, -0.005636265035718679, -0.0036276380997151136, 0.0025602332316339016]
--
--
  ResConv 1:  [0.0005687266238965094, 2.2234549760469235e-05, -0.008039964362978935, 0.0006547741359099746]
  ResConv 2:  [0.00024113555264193565, -0.0025170203298330307, -0.00542251905426383, -0.0003154709411319345]
  ResConv 3:  [8.215868729166687e-05, -0.005636265035718679, -0.0036276380997151136, 0.0025602332316339016]
--
--
  ResConv 1:  [0.0005687266238965094, 2.2234547941479832e-05, -0.008039964362978935, 0.0006547741359099746]
  ResConv 2:  [0.00024113555264193565, -0.0025170203298330307, -0.00542251905426383, -0.0003154709411319345]
  ResConv 3:  [8.215868729166687e-05, -0.005636265035718679, -0.0036276380997151136, 0.0025602332316339016]
--
--
  ResConv 1:  [0.0003697417851071805, 8.585406249039806e-06, -0.006795620080083609, 0.0002506005694158375]
  ResConv 2:  [0.00012603159120772034, -0.0021228028926998377, -0.0045905462466180325, -0.0005129431956447661]
  ResConv 3:  [6.671217761322623e-06, -0.0047761197201907635, -0.00305381091311574, 0.001981484005227685]
--
--
  ResConv 1:  [0.00036974175600335, 8.585408977523912e-06, -0.006795620080083609, 0.0002506005694158375]
  ResConv 2:  [0.0001260315766558051, -0.0021228028926998377, -0.0045905462466180325, -0.000512943253852427]
  ResConv 3:  [6.671207756880904e-06, -0.0047761197201907635, -0.00305381091311574, 0.001981484005227685]
--
--
  ResConv 1:  [0.0003697417851071805, 8.585411706008017e-06, -0.006795619614422321, 0.0002506005694158375]
  ResConv 2:  [0.0001260315766558051, -0.0021228028926998377, -0.0045905462466180325, -0.000512943253852427]
  ResConv 3:  [6.671223673038185e-06, -0.0047761197201907635, -0.003053810680285096, 0.001981484005227685]
--
--
  ResConv 1:  [0.00036974175600335, 8.585402611061e-06, -0.006795620080083609, 0.0002506005694158375]
  ResConv 2:  [0.00012603156210388988, -0.0021228028926998377, -0.0045905462466180325, -0.0005129431956447661]
  ResConv 3:  [6.671203209407395e-06, -0.004776120185852051, -0.003053810680285096, 0.001981484005227685]
--
--
  ResConv 1:  [0.00036974172689951956, 8.585412615502719e-06, -0.006795619614422321, 0.0002506005694158375]
  ResConv 2:  [0.00012603156210388988, -0.0021228028926998377, -0.0045905462466180325, -0.0005129431956447661]
  ResConv 3:  [6.671195023955079e-06, -0.0047761197201907635, -0.00305381091311574, 0.001981484005227685]
--
--
  ResConv 1:  [0.0004751426458824426, 6.627852144447388e-06, -0.008907466195523739, 0.0004308566858526319]
  ResConv 2:  [0.00018097432621289045, -0.0028048648964613676, -0.006008285563439131, -0.0006075685960240662]
  ResConv 3:  [2.7091307856608182e-05, -0.006305449176579714, -0.00397892203181982, 0.002668953500688076]
--
--
  ResConv 1:  [0.0004751426458824426, 6.627848506468581e-06, -0.008907466195523739, 0.00043085665674880147]
  ResConv 2:  [0.00018097429710906, -0.0028048648964613676, -0.006008285563439131, -0.0006075685960240662]
  ResConv 3:  [2.7091307856608182e-05, -0.006305449176579714, -0.00397892203181982, 0.0026689532678574324]
--
--
  ResConv 1:  [0.0004751426458824426, 6.627847596973879e-06, -0.008907466195523739, 0.0004308566858526319]
  ResConv 2:  [0.00018097432621289045, -0.0028048648964613676, -0.006008285563439131, -0.0006075686542317271]
  ResConv 3:  [2.7091326046502218e-05, -0.006305449176579714, -0.00397892203181982, 0.002668953500688076]
--
--
  ResConv 1:  [0.00047514261677861214, 6.6278544181841426e-06, -0.008907466195523739, 0.0004308566858526319]
  ResConv 2:  [0.00018097428255714476, -0.0028048648964613676, -0.006008285563439131, -0.0006075686542317271]
  ResConv 3:  [2.7091295123682357e-05, -0.006305449176579714, -0.00397892203181982, 0.0026689532678574324]
--
--
  ResConv 1:  [0.0004751426458824426, 6.627855327678844e-06, -0.008907466195523739, 0.0004308566858526319]
  ResConv 2:  [0.00018097428255714476, -0.0028048648964613676, -0.006008285563439131, -0.0006075686542317271]
  ResConv 3:  [2.7091304218629375e-05, -0.006305449176579714, -0.00397892203181982, 0.002668953500688076]
--
--
  ResConv 1:  [0.0004541809612419456, 4.014371006633155e-05, -0.0072997999377548695, 0.00026125353178940713]
  ResConv 2:  [0.0002002540131798014, -0.002239867812022567, -0.004936898127198219, -0.0005536518874578178]
  ResConv 3:  [6.972903793212026e-05, -0.005068114027380943, -0.0032885533291846514, 0.002101607620716095]
--
--
  ResConv 1:  [0.0004541809903457761, 4.014371370431036e-05, -0.0072997999377548695, 0.00026125353178940713]
  ResConv 2:  [0.00020025404228363186, -0.002239867812022567, -0.004936898127198219, -0.0005536518874578178]
  ResConv 3:  [6.972905248403549e-05, -0.005068114027380943, -0.0032885533291846514, 0.002101607620716095]
--
--
  ResConv 1:  [0.0004541809612419456, 4.014371370431036e-05, -0.0072997999377548695, 0.0002612535026855767]
  ResConv 2:  [0.00020025404228363186, -0.002239867812022567, -0.004936897661536932, -0.0005536519456654787]
  ResConv 3:  [6.972905248403549e-05, -0.005068114027380943, -0.0032885533291846514, 0.002101607620716095]
--
--
  ResConv 1:  [0.0004541809903457761, 4.014370642835274e-05, -0.0072997999377548695, 0.0002612535026855767]
  ResConv 2:  [0.00020025404228363186, -0.002239867812022567, -0.004936898127198219, -0.0005536519456654787]
  ResConv 3:  [6.97290597599931e-05, -0.005068114027380943, -0.0032885533291846514, 0.002101607620716095]
--
--
  ResConv 1:  [0.0004541809612419456, 4.014371370431036e-05, -0.0072997999377548695, 0.00026125353178940713]
  ResConv 2:  [0.00020025402773171663, -0.0022398680448532104, -0.004936898127198219, -0.0005536518874578178]
  ResConv 3:  [6.972903065616265e-05, -0.005068114027380943, -0.0032885533291846514, 0.002101607620716095]
--
--
  ResConv 1:  [0.0004469012492336333, 1.953846549440641e-05, -0.008222470991313457, 0.0003308424784336239]
  ResConv 2:  [0.00016537388728465885, -0.0025711904745548964, -0.005558236502110958, -0.0006194413872435689]
  ResConv 3:  [1.7696296708891168e-05, -0.005805578548461199, -0.003684957278892398, 0.0024143699556589127]
--
--
  ResConv 1:  [0.0004469012492336333, 1.9538463675417006e-05, -0.008222470991313457, 0.0003308424784336239]
  ResConv 2:  [0.00016537388728465885, -0.0025711904745548964, -0.005558236502110958, -0.0006194413872435689]
  ResConv 3:  [1.7696311260806397e-05, -0.005805578548461199, -0.003684957278892398, 0.0024143699556589127]
--
--
  ResConv 1:  [0.0004469012492336333, 1.9538463675417006e-05, -0.008222470991313457, 0.0003308424784336239]
  ResConv 2:  [0.00016537387273274362, -0.0025711904745548964, -0.005558236502110958, -0.0006194413872435689]
  ResConv 3:  [1.7696291251922958e-05, -0.005805578548461199, -0.003684957278892398, 0.0024143699556589127]
--
--
  ResConv 1:  [0.0004469012492336333, 1.953847640834283e-05, -0.008222470991313457, 0.0003308424784336239]
  ResConv 2:  [0.00016537387273274362, -0.0025711904745548964, -0.005558236967772245, -0.0006194413872435689]
  ResConv 3:  [1.7696294889901765e-05, -0.005805578548461199, -0.003684957278892398, 0.0024143699556589127]
--
--
  ResConv 1:  [0.0004469012492336333, 1.9538472770364024e-05, -0.008222470991313457, 0.0003308424784336239]
  ResConv 2:  [0.00016537390183657408, -0.0025711904745548964, -0.005558236502110958, -0.0006194413872435689]
  ResConv 3:  [1.7696320355753414e-05, -0.005805578548461199, -0.003684957278892398, 0.0024143699556589127]
--
--
  ResConv 1:  [0.0004773619584739208, 9.472798410570249e-06, -0.007818087004125118, 0.00031943374779075384]
  ResConv 2:  [0.00022019595780875534, -0.00243797292932868, -0.005296327639371157, -0.0005728668766096234]
  ResConv 3:  [9.258400677936152e-05, -0.005488964729011059, -0.0035222279839217663, 0.0022956575267016888]
--
--
  ResConv 1:  [0.0004773619584739208, 9.47280386753846e-06, -0.007818087004125118, 0.00031943374779075384]
  ResConv 2:  [0.00022019597236067057, -0.00243797292932868, -0.005296327639371157, -0.0005728669348172843]
  ResConv 3:  [9.258402860723436e-05, -0.005488964729011059, -0.0035222279839217663, 0.002295657293871045]
--
--
  ResConv 1:  [0.0004773619584739208, 9.472801139054354e-06, -0.007818087004125118, 0.0003194337768945843]
  ResConv 2:  [0.00022019595780875534, -0.00243797292932868, -0.005296327639371157, -0.0005728668766096234]
  ResConv 3:  [9.258401405531913e-05, -0.005488964729011059, -0.0035222279839217663, 0.0022956575267016888]
--
--
  ResConv 1:  [0.0004773619584739208, 9.472797501075547e-06, -0.007818087004125118, 0.0003194337768945843]
  ResConv 2:  [0.00022019597236067057, -0.00243797292932868, -0.005296327639371157, -0.0005728668766096234]
  ResConv 3:  [9.258402860723436e-05, -0.005488965660333633, -0.0035222279839217663, 0.0022956575267016888]
--
--
  ResConv 1:  [0.0004773619875777513, 9.472795682086144e-06, -0.007818087004125118, 0.0003194337768945843]
  ResConv 2:  [0.00022019597236067057, -0.00243797292932868, -0.005296327639371157, -0.0005728668766096234]
  ResConv 3:  [9.258402860723436e-05, -0.005488965660333633, -0.00352222821675241, 0.0022956575267016888]
--
--
  ResConv 1:  [0.0005927322199568152, -3.550161181919975e-06, -0.011198120191693306, 0.0007406416698358953]
  ResConv 2:  [0.00020946199947502464, -0.0035549604799598455, -0.007574040908366442, -0.000590857642237097]
  ResConv 3:  [5.124379185872385e-06, -0.00798017531633377, -0.005034773610532284, 0.0035218549892306328]
--
--
  ResConv 1:  [0.0005927323363721371, -3.55015845343587e-06, -0.011198120191693306, 0.0007406416698358953]
  ResConv 2:  [0.00020946199947502464, -0.003554960712790489, -0.007574040908366442, -0.0005908575840294361]
  ResConv 3:  [5.124392373545561e-06, -0.00798017531633377, -0.005034773610532284, 0.0035218549892306328]
--
--
  ResConv 1:  [0.0005927323363721371, -3.550164592525107e-06, -0.011198120191693306, 0.0007406416698358953]
  ResConv 2:  [0.00020946201402693987, -0.0035549604799598455, -0.007574040908366442, -0.000590857642237097]
  ResConv 3:  [5.124403287481982e-06, -0.007980176247656345, -0.005034773610532284, 0.0035218549892306328]
--
--
  ResConv 1:  [0.0005927323363721371, -3.550157998688519e-06, -0.011198120191693306, 0.0007406416698358953]
  ResConv 2:  [0.00020946201402693987, -0.003554960712790489, -0.007574040908366442, -0.0005908575840294361]
  ResConv 3:  [5.1244023779872805e-06, -0.00798017531633377, -0.005034773610532284, 0.0035218549892306328]
--
--
  ResConv 1:  [0.0005927323363721371, -3.5501618640410015e-06, -0.011198120191693306, 0.0007406416698358953]
  ResConv 2:  [0.00020946199947502464, -0.0035549604799598455, -0.007574040908366442, -0.0005908575840294361]
  ResConv 3:  [5.124385552335298e-06, -0.00798017531633377, -0.005034773610532284, 0.0035218549892306328]
--
--
  ResConv 1:  [0.0006472459062933922, 3.0241587865020847e-06, -0.008580836467444897, 0.0006768939783796668]
  ResConv 2:  [0.0002893251075875014, -0.0027184057980775833, -0.005773917771875858, -0.00036371982423588634]
  ResConv 3:  [0.00010697650577640161, -0.006105926353484392, -0.003820679383352399, 0.002776071662083268]
--
--
  ResConv 1:  [0.0006472459062933922, 3.0241462809499353e-06, -0.008580836467444897, 0.0006768939783796668]
  ResConv 2:  [0.0002893251075875014, -0.0027184057980775833, -0.005773917771875858, -0.0003637198533397168]
  ResConv 3:  [0.00010697650577640161, -0.006105926353484392, -0.0038206791505217552, 0.002776071662083268]
--
--
  ResConv 1:  [0.0006472459062933922, 3.0241546937759267e-06, -0.008580836467444897, 0.0006768939783796668]
  ResConv 2:  [0.00028932513669133186, -0.0027184057980775833, -0.005773917771875858, -0.00036371982423588634]
  ResConv 3:  [0.00010697650577640161, -0.006105926353484392, -0.0038206791505217552, 0.002776071662083268]
--
--
  ResConv 1:  [0.0006472459062933922, 3.0241519652918214e-06, -0.008580836467444897, 0.0006768939783796668]
  ResConv 2:  [0.0002893251075875014, -0.0027184057980775833, -0.005773917771875858, -0.00036371982423588634]
  ResConv 3:  [0.000106976498500444, -0.006105926353484392, -0.003820679383352399, 0.002776071662083268]
--
--
  ResConv 1:  [0.0006472459062933922, 3.024161060238839e-06, -0.008580836467444897, 0.0006768939783796668]
  ResConv 2:  [0.0002893251075875014, -0.0027184057980775833, -0.005773917771875858, -0.00036371982423588634]
  ResConv 3:  [0.00010697650577640161, -0.006105926353484392, -0.003820679383352399, 0.002776071662083268]
--
--
  ResConv 1:  [0.0003407149051781744, -1.1393975000828505e-05, -0.00927586480975151, 0.0011803300585597754]
  ResConv 2:  [5.197556674829684e-05, -0.0030020044650882483, -0.0062154075130820274, 1.8822907804860733e-05]
  ResConv 3:  [-0.0001412552664987743, -0.006655251607298851, -0.0041308025829494, 0.0032940583769232035]
--
--
  ResConv 1:  [0.0003407150215934962, -1.1393970453354996e-05, -0.00927586480975151, 0.0011803301749750972]
  ResConv 2:  [5.197562131797895e-05, -0.0030020044650882483, -0.0062154075130820274, 1.8822929632733576e-05]
  ResConv 3:  [-0.0001412552664987743, -0.006655251607298851, -0.004130803048610687, 0.0032940583769232035]
--
--
  ResConv 1:  [0.0003407149633858353, -1.1393954991945066e-05, -0.00927586480975151, 0.0011803300585597754]
  ResConv 2:  [5.197561040404253e-05, -0.0030020044650882483, -0.0062154075130820274, 1.882288597698789e-05]
  ResConv 3:  [-0.00014125525194685906, -0.006655251607298851, -0.004130803048610687, 0.0032940583769232035]
--
--
  ResConv 1:  [0.00034071493428200483, -1.1393979548302013e-05, -0.00927586480975151, 0.0011803300585597754]
  ResConv 2:  [5.197558493819088e-05, -0.0030020044650882483, -0.0062154075130820274, 1.8822904166881926e-05]
  ResConv 3:  [-0.0001412552664987743, -0.006655251607298851, -0.004130803048610687, 0.0032940583769232035]
--
--
  ResConv 1:  [0.0003407149633858353, -1.139399319072254e-05, -0.00927586480975151, 0.0011803301749750972]
  ResConv 2:  [5.1975574024254456e-05, -0.0030020044650882483, -0.0062154075130820274, 1.882295146060642e-05]
  ResConv 3:  [-0.0001412552664987743, -0.006655251607298851, -0.004130803048610687, 0.0032940583769232035]
--
--
  ResConv 1:  [0.00040217553032562137, -1.724677531456109e-05, -0.009507084265351295, 0.0006212997250258923]
  ResConv 2:  [0.00010652157652657479, -0.003029541578143835, -0.006408205255866051, -0.00048510931083001196]
  ResConv 3:  [-6.566272350028157e-05, -0.006776960100978613, -0.00425812229514122, 0.002981916069984436]
--
--
  ResConv 1:  [0.0004021755012217909, -1.724677531456109e-05, -0.009507084265351295, 0.0006212997250258923]
  ResConv 2:  [0.00010652156925061718, -0.003029541578143835, -0.006408205255866051, -0.00048510931083001196]
  ResConv 3:  [-6.566273077623919e-05, -0.006776959169656038, -0.00425812229514122, 0.002981916069984436]
--
--
  ResConv 1:  [0.00040217547211796045, -1.724677531456109e-05, -0.00950708333402872, 0.0006212997250258923]
  ResConv 2:  [0.00010652155469870195, -0.003029541578143835, -0.006408205255866051, -0.00048510931083001196]
  ResConv 3:  [-6.56627380521968e-05, -0.006776960100978613, -0.004258122760802507, 0.0029819163028150797]
--
--
  ResConv 1:  [0.00040217553032562137, -1.724676985759288e-05, -0.00950708333402872, 0.0006212997250258923]
  ResConv 2:  [0.00010652155469870195, -0.003029541578143835, -0.006408205255866051, -0.0004851092817261815]
  ResConv 3:  [-6.56627380521968e-05, -0.006776960100978613, -0.00425812229514122, 0.002981916069984436]
--
--
  ResConv 1:  [0.00040217553032562137, -1.7246780771529302e-05, -0.00950708333402872, 0.0006212997250258923]
  ResConv 2:  [0.00010652156925061718, -0.003029541578143835, -0.006408205255866051, -0.00048510931083001196]
  ResConv 3:  [-6.566272350028157e-05, -0.006776960100978613, -0.004258122760802507, 0.0029819163028150797]
--
--
  ResConv 1:  [0.0005387223209254444, 5.391112790675834e-05, -0.007884674705564976, 0.000381173740606755]
  ResConv 2:  [0.00022525020176544785, -0.002408473752439022, -0.005319687537848949, -0.0005056948866695166]
  ResConv 3:  [7.486581307603046e-05, -0.005459496285766363, -0.003533423412591219, 0.0023346960078924894]
--
--
  ResConv 1:  [0.0005387223209254444, 5.391113882069476e-05, -0.007884674705564976, 0.000381173740606755]
  ResConv 2:  [0.00022525020176544785, -0.002408473752439022, -0.005319688003510237, -0.0005056948866695166]
  ResConv 3:  [7.486580580007285e-05, -0.005459496285766363, -0.003533423412591219, 0.0023346960078924894]
--
--
  ResConv 1:  [0.0005387223209254444, 5.391113882069476e-05, -0.007884674705564976, 0.000381173740606755]
  ResConv 2:  [0.00022525024542119354, -0.002408473752439022, -0.005319687537848949, -0.0005056948866695166]
  ResConv 3:  [7.486581307603046e-05, -0.005459496285766363, -0.003533423412591219, 0.0023346957750618458]
--
--
  ResConv 1:  [0.0005387223209254444, 5.391113882069476e-05, -0.007884674705564976, 0.0003811737697105855]
  ResConv 2:  [0.00022525021631736308, -0.002408473752439022, -0.005319688003510237, -0.0005056948284618556]
  ResConv 3:  [7.486580580007285e-05, -0.005459496285766363, -0.003533423412591219, 0.0023346960078924894]
--
--
  ResConv 1:  [0.0005387222627177835, 5.3911146096652374e-05, -0.007884674705564976, 0.000381173740606755]
  ResConv 2:  [0.00022525020176544785, -0.002408473752439022, -0.005319687537848949, -0.0005056948866695166]
  ResConv 3:  [7.486581307603046e-05, -0.005459496285766363, -0.003533423412591219, 0.0023346960078924894]
--
--
  ResConv 1:  [0.00039251268026418984, 1.1210472621314693e-05, -0.008333370089530945, 0.00046214406029321253]
  ResConv 2:  [0.00014436343917623162, -0.0026224832981824875, -0.005626699887216091, -0.0005117877735756338]
  ResConv 3:  [-4.971772796125151e-06, -0.005914142820984125, -0.003731947159394622, 0.0025695490185171366]
--
--
  ResConv 1:  [0.0003925126220565289, 1.1210479897272307e-05, -0.00833337102085352, 0.00046214406029321253]
  ResConv 2:  [0.0001443634246243164, -0.0026224832981824875, -0.005626699887216091, -0.0005117877153679729]
  ResConv 3:  [-4.971788712282432e-06, -0.005914142820984125, -0.003731947159394622, 0.0025695490185171366]
--
--
  ResConv 1:  [0.0003925126220565289, 1.121048080676701e-05, -0.008333370089530945, 0.00046214406029321253]
  ResConv 2:  [0.00014436343917623162, -0.0026224832981824875, -0.005626699887216091, -0.0005117877735756338]
  ResConv 3:  [-4.971775069861906e-06, -0.005914142820984125, -0.003731947159394622, 0.0025695490185171366]
--
--
  ResConv 1:  [0.0003925126220565289, 1.1210482625756413e-05, -0.008333370089530945, 0.000462144089397043]
  ResConv 2:  [0.0001443634246243164, -0.0026224832981824875, -0.005626699887216091, -0.0005117877153679729]
  ResConv 3:  [-4.971786893293029e-06, -0.005914142820984125, -0.003731947159394622, 0.0025695490185171366]
--
--
  ResConv 1:  [0.0003925127093680203, 1.1210479897272307e-05, -0.00833337102085352, 0.00046214406029321253]
  ResConv 2:  [0.00014436343917623162, -0.0026224832981824875, -0.005626699887216091, -0.0005117877735756338]
  ResConv 3:  [-4.971778253093362e-06, -0.005914142820984125, -0.003731947159394622, 0.0025695490185171366]
--
--
  ResConv 1:  [0.00031667781877331436, -8.158904165611602e-06, -0.00869604293256998, 0.0004741219454444945]
  ResConv 2:  [5.197576683713123e-05, -0.002773741027340293, -0.005853678099811077, -0.0005248922971077263]
  ResConv 3:  [-0.00010671463678590953, -0.006194446701556444, -0.0038864503148943186, 0.0026479694060981274]
--
--
  ResConv 1:  [0.00031667787698097527, -8.158900527632795e-06, -0.00869604293256998, 0.00047412197454832494]
  ResConv 2:  [5.1975774113088846e-05, -0.002773741027340293, -0.00585367763414979, -0.0005248923553153872]
  ResConv 3:  [-0.00010671462950995192, -0.006194446701556444, -0.0038864498492330313, 0.0026479694060981274]
--
--
  ResConv 1:  [0.00031667787698097527, -8.158886885212269e-06, -0.00869604293256998, 0.0004741219454444945]
  ResConv 2:  [5.197579230298288e-05, -0.002773741027340293, -0.00585367763414979, -0.0005248923553153872]
  ResConv 3:  [-0.00010671461495803669, -0.006194446701556444, -0.0038864503148943186, 0.0026479694060981274]
--
--
  ResConv 1:  [0.0003166777896694839, -8.158896889653988e-06, -0.00869604293256998, 0.0004741219454444945]
  ResConv 2:  [5.1975752285216004e-05, -0.002773741027340293, -0.005853678099811077, -0.0005248923553153872]
  ResConv 3:  [-0.00010671464406186715, -0.006194447632879019, -0.0038864503148943186, 0.0026479694060981274]
--
--
  ResConv 1:  [0.0003166777896694839, -8.158904165611602e-06, -0.00869604293256998, 0.0004741219454444945]
  ResConv 2:  [5.197576683713123e-05, -0.002773741027340293, -0.00585367763414979, -0.0005248923553153872]
  ResConv 3:  [-0.00010671463678590953, -0.0061944471672177315, -0.0038864503148943186, 0.0026479694060981274]
--
--
  ResConv 1:  [0.00047134459600783885, 2.6827237888937816e-05, -0.008459377102553844, 0.0004838144523091614]
  ResConv 2:  [0.0002141165459761396, -0.0026583068538457155, -0.005719202104955912, -0.0005143128801137209]
  ResConv 3:  [6.78119613439776e-05, -0.005993599537760019, -0.0038010866846889257, 0.0026027397252619267]
--
--
  ResConv 1:  [0.0004713446251116693, 2.6827232431969605e-05, -0.008459377102553844, 0.0004838144523091614]
  ResConv 2:  [0.0002141165896318853, -0.0026583068538457155, -0.005719202104955912, -0.0005143128801137209]
  ResConv 3:  [6.781198317185044e-05, -0.005993599537760019, -0.0038010866846889257, 0.0026027397252619267]
--
--
  ResConv 1:  [0.00047134453780017793, 2.6827228793990798e-05, -0.008459377102553844, 0.0004838144814129919]
  ResConv 2:  [0.0002141165459761396, -0.0026583068538457155, -0.005719202570617199, -0.0005143128801137209]
  ResConv 3:  [6.781195406801999e-05, -0.005993600003421307, -0.003801086451858282, 0.0026027397252619267]
--
--
  ResConv 1:  [0.00047134459600783885, 2.682723970792722e-05, -0.008459377102553844, 0.0004838144814129919]
  ResConv 2:  [0.00021411657507997006, -0.0026583068538457155, -0.005719202104955912, -0.00051431282190606]
  ResConv 3:  [6.781196861993521e-05, -0.005993600003421307, -0.0038010866846889257, 0.0026027397252619267]
--
--
  ResConv 1:  [0.00047134453780017793, 2.682724516489543e-05, -0.008459377102553844, 0.0004838144523091614]
  ResConv 2:  [0.0002141165459761396, -0.0026583068538457155, -0.005719202104955912, -0.0005143128801137209]
  ResConv 3:  [6.78119613439776e-05, -0.005993599537760019, -0.0038010866846889257, 0.0026027397252619267]
--
--
  ResConv 1:  [0.0003702222602441907, 1.330958548351191e-05, -0.009114354848861694, 0.0005408947472460568]
  ResConv 2:  [0.00011708286183420569, -0.0028946963138878345, -0.0061411201022565365, -0.000536256586201489]
  ResConv 3:  [-3.150471093249507e-05, -0.006514587439596653, -0.004065362736582756, 0.0028321044519543648]
--
--
  ResConv 1:  [0.0003702222602441907, 1.3309570931596681e-05, -0.009114354848861694, 0.0005408948054537177]
  ResConv 2:  [0.0001170828691101633, -0.0028946963138878345, -0.0061411201022565365, -0.0005362566444091499]
  ResConv 3:  [-3.150470365653746e-05, -0.006514587439596653, -0.004065362736582756, 0.0028321044519543648]
--
--
  ResConv 1:  [0.0003702222602441907, 1.3309586393006612e-05, -0.009114354848861694, 0.0005408947472460568]
  ResConv 2:  [0.00011708286183420569, -0.0028946963138878345, -0.0061411201022565365, -0.000536256586201489]
  ResConv 3:  [-3.1504721846431494e-05, -0.006514587439596653, -0.004065362736582756, 0.0028321044519543648]
--
--
  ResConv 1:  [0.0003702222602441907, 1.3309568203112576e-05, -0.009114354848861694, 0.0005408948054537177]
  ResConv 2:  [0.00011708286183420569, -0.0028946963138878345, -0.0061411201022565365, -0.000536256586201489]
  ResConv 3:  [-3.150471457047388e-05, -0.006514587439596653, -0.004065362736582756, 0.0028321044519543648]
--
--
  ResConv 1:  [0.0003702222602441907, 1.3309581845533103e-05, -0.009114354848861694, 0.0005408947472460568]
  ResConv 2:  [0.00011708284728229046, -0.0028946963138878345, -0.0061411201022565365, -0.000536256586201489]
  ResConv 3:  [-3.150471820845269e-05, -0.006514587439596653, -0.004065362736582756, 0.0028321044519543648]
--
--
  ResConv 1:  [0.0003646451514214277, 2.9050574084976688e-05, -0.009029584936797619, 0.00039506430039182305]
  ResConv 2:  [7.64874930609949e-05, -0.00281979120336473, -0.0060958839021623135, -0.0006105860811658204]
  ResConv 3:  [-8.096300007309765e-05, -0.00633876072242856, -0.004057869780808687, 0.002656585071235895]
--
--
  ResConv 1:  [0.0003646450932137668, 2.9050568628008477e-05, -0.009029584936797619, 0.00039506430039182305]
  ResConv 2:  [7.648748578503728e-05, -0.0028197907377034426, -0.0060958839021623135, -0.0006105860229581594]
  ResConv 3:  [-8.096300007309765e-05, -0.00633876072242856, -0.004057869780808687, 0.002656585071235895]
--
--
  ResConv 1:  [0.0003646451514214277, 2.9050563171040267e-05, -0.009029584936797619, 0.00039506430039182305]
  ResConv 2:  [7.648752216482535e-05, -0.0028197907377034426, -0.0060958839021623135, -0.0006105860811658204]
  ResConv 3:  [-8.096298552118242e-05, -0.00633876072242856, -0.0040578693151474, 0.002656585071235895]
--
--
  ResConv 1:  [0.0003646451514214277, 2.9050577722955495e-05, -0.009029584936797619, 0.00039506430039182305]
  ResConv 2:  [7.648748578503728e-05, -0.00281979120336473, -0.0060958839021623135, -0.0006105860811658204]
  ResConv 3:  [-8.096300007309765e-05, -0.00633876072242856, -0.004057869780808687, 0.002656585071235895]
--
--
  ResConv 1:  [0.0003646451514214277, 2.905057044699788e-05, -0.009029584936797619, 0.00039506435859948397]
  ResConv 2:  [7.648751488886774e-05, -0.0028197907377034426, -0.0060958839021623135, -0.0006105860229581594]
  ResConv 3:  [-8.096298552118242e-05, -0.00633876072242856, -0.0040578693151474, 0.002656585071235895]
--
--
  ResConv 1:  [0.00042197134462185204, 3.190505594830029e-05, -0.008072261698544025, 0.000245625211391598]
  ResConv 2:  [0.00016772368689998984, -0.0024829015601426363, -0.005454393569380045, -0.000646070227958262]
  ResConv 3:  [3.8383037463063374e-05, -0.00559872854501009, -0.0036367555148899555, 0.0022669474128633738]
--
--
  ResConv 1:  [0.00042197134462185204, 3.190504867234267e-05, -0.008072261698544025, 0.000245625211391598]
  ResConv 2:  [0.00016772368689998984, -0.0024829015601426363, -0.005454393103718758, -0.000646070227958262]
  ResConv 3:  [3.838304110104218e-05, -0.00559872854501009, -0.0036367555148899555, 0.0022669474128633738]
--
--
  ResConv 1:  [0.00042197134462185204, 3.1905059586279094e-05, -0.008072261698544025, 0.000245625211391598]
  ResConv 2:  [0.00016772368689998984, -0.0024829015601426363, -0.005454393103718758, -0.000646070169750601]
  ResConv 3:  [3.838305565295741e-05, -0.00559872854501009, -0.0036367555148899555, 0.0022669474128633738]
--
--
  ResConv 1:  [0.0004219713737256825, 3.1905059586279094e-05, -0.008072261698544025, 0.00024562524049542844]
  ResConv 2:  [0.00016772370145190507, -0.0024829013273119926, -0.005454393103718758, -0.000646070169750601]
  ResConv 3:  [3.838304473902099e-05, -0.0055987294763326645, -0.0036367555148899555, 0.0022669474128633738]
--
--
  ResConv 1:  [0.00042197134462185204, 3.190505231032148e-05, -0.008072261698544025, 0.000245625211391598]
  ResConv 2:  [0.00016772368689998984, -0.0024829013273119926, -0.005454393103718758, -0.000646070227958262]
  ResConv 3:  [3.838304473902099e-05, -0.00559872854501009, -0.0036367555148899555, 0.0022669474128633738]
--
--
  ResConv 1:  [0.0004453595611266792, 8.280884685518686e-06, -0.009281995706260204, 0.0004174000059720129]
  ResConv 2:  [0.0001783053739927709, -0.0029363136272877455, -0.006267686374485493, -0.0006633115699514747]
  ResConv 3:  [2.527001197449863e-05, -0.006620676722377539, -0.0041486467234790325, 0.0027943220920860767]
--
--
  ResConv 1:  [0.0004453595320228487, 8.280891051981598e-06, -0.009281995706260204, 0.0004174000059720129]
  ResConv 2:  [0.0001783053739927709, -0.002936313394457102, -0.006267686374485493, -0.0006633115699514747]
  ResConv 3:  [2.5270013793488033e-05, -0.006620676722377539, -0.0041486467234790325, 0.0027943220920860767]
--
--
  ResConv 1:  [0.0004453595611266792, 8.280891051981598e-06, -0.009281995706260204, 0.0004174000059720129]
  ResConv 2:  [0.00017830538854468614, -0.0029363136272877455, -0.006267686374485493, -0.0006633115699514747]
  ResConv 3:  [2.5270019250456244e-05, -0.006620676722377539, -0.0041486467234790325, 0.0027943220920860767]
--
--
  ResConv 1:  [0.0004453595320228487, 8.280872862087563e-06, -0.009281995706260204, 0.0004174000059720129]
  ResConv 2:  [0.00017830538854468614, -0.0029363136272877455, -0.006267686374485493, -0.0006633115699514747]
  ResConv 3:  [2.5270026526413858e-05, -0.006620676722377539, -0.0041486467234790325, 0.0027943220920860767]
--
--
  ResConv 1:  [0.0004453595320228487, 8.280892870971002e-06, -0.009281995706260204, 0.0004174000059720129]
  ResConv 2:  [0.00017830538854468614, -0.0029363136272877455, -0.006267686374485493, -0.0006633115699514747]
  ResConv 3:  [2.5270026526413858e-05, -0.006620676722377539, -0.0041486467234790325, 0.0027943220920860767]
--
--
  ResConv 1:  [0.0005134883103892207, 2.5712191927595995e-05, -0.007654605899006128, 0.00043006089981645346]
  ResConv 2:  [0.00022942089708521962, -0.0023925958666950464, -0.00516061345115304, -0.00045716590830124915]
  ResConv 3:  [8.138074190355837e-05, -0.005390525329858065, -0.0034273869823664427, 0.0023349900729954243]
--
--
  ResConv 1:  [0.0005134883103892207, 2.571218465163838e-05, -0.007654605433344841, 0.00043006089981645346]
  ResConv 2:  [0.0002294208825333044, -0.0023925958666950464, -0.005160613916814327, -0.00045716590830124915]
  ResConv 3:  [8.138073462760076e-05, -0.005390525329858065, -0.0034273872151970863, 0.0023349900729954243]
--
--
  ResConv 1:  [0.0005134883103892207, 2.571218465163838e-05, -0.007654605899006128, 0.00043006089981645346]
  ResConv 2:  [0.0002294208825333044, -0.0023925958666950464, -0.005160613916814327, -0.00045716590830124915]
  ResConv 3:  [8.138073462760076e-05, -0.005390525795519352, -0.0034273872151970863, 0.0023349900729954243]
--
--
  ResConv 1:  [0.0005134883103892207, 2.5712197384564206e-05, -0.007654605433344841, 0.00043006089981645346]
  ResConv 2:  [0.00022942085342947394, -0.0023925958666950464, -0.00516061345115304, -0.00045716590830124915]
  ResConv 3:  [8.138072007568553e-05, -0.005390526726841927, -0.0034273872151970863, 0.0023349898401647806]
--
--
  ResConv 1:  [0.0005134883103892207, 2.5712202841532417e-05, -0.007654605433344841, 0.00043006089981645346]
  ResConv 2:  [0.00022942086798138916, -0.0023925958666950464, -0.00516061345115304, -0.0004571658791974187]
  ResConv 3:  [8.138073462760076e-05, -0.005390526726841927, -0.0034273872151970863, 0.0023349900729954243]
--
--
  ResConv 1:  [0.0004811771505046636, 5.60582302568946e-05, -0.00722165685147047, 0.00022752201766707003]
  ResConv 2:  [0.00021407328313216567, -0.002184145385399461, -0.004890770651400089, -0.0005735848098993301]
  ResConv 3:  [8.840650843922049e-05, -0.004971642512828112, -0.003252016380429268, 0.002053236123174429]
--
--
  ResConv 1:  [0.0004811771505046636, 5.60582302568946e-05, -0.00722165685147047, 0.0002275220031151548]
  ResConv 2:  [0.00021407328313216567, -0.002184145152568817, -0.004890770651400089, -0.0005735848098993301]
  ResConv 3:  [8.840650843922049e-05, -0.004971642512828112, -0.003252016380429268, 0.002053236123174429]
--
--
  ResConv 1:  [0.00048117712140083313, 5.605821934295818e-05, -0.00722165685147047, 0.00022752197401132435]
  ResConv 2:  [0.00021407326858025044, -0.002184145385399461, -0.004890770651400089, -0.0005735848098993301]
  ResConv 3:  [8.840649388730526e-05, -0.004971642512828112, -0.003252016380429268, 0.002053236123174429]
--
--
  ResConv 1:  [0.0004811771505046636, 5.605821934295818e-05, -0.00722165685147047, 0.0002275220031151548]
  ResConv 2:  [0.00021407331223599613, -0.002184145152568817, -0.004890770651400089, -0.0005735848098993301]
  ResConv 3:  [8.84065157151781e-05, -0.004971642512828112, -0.003252016380429268, 0.002053236123174429]
--
--
  ResConv 1:  [0.0004811771505046636, 5.605823753285222e-05, -0.00722165685147047, 0.0002275220031151548]
  ResConv 2:  [0.00021407328313216567, -0.002184145152568817, -0.004890770651400089, -0.0005735848098993301]
  ResConv 3:  [8.840650843922049e-05, -0.004971642512828112, -0.003252016380429268, 0.002053236123174429]
--
--
  ResConv 1:  [0.0004572213510982692, 1.3958789168100338e-05, -0.010058966465294361, 0.000689557520672679]
  ResConv 2:  [0.0001294089888688177, -0.0031834642868489027, -0.006785394623875618, -0.0004942925879731774]
  ResConv 3:  [-6.271009624470025e-05, -0.007172368932515383, -0.004493663087487221, 0.0032097799703478813]
--
--
  ResConv 1:  [0.0004572213510982692, 1.3958803720015567e-05, -0.010058965533971786, 0.000689557520672679]
  ResConv 2:  [0.0001294089888688177, -0.0031834642868489027, -0.006785394623875618, -0.0004942925879731774]
  ResConv 3:  [-6.271009624470025e-05, -0.00717236939817667, -0.004493663087487221, 0.0032097799703478813]
--
--
  ResConv 1:  [0.0004572213510982692, 1.3958793715573847e-05, -0.010058965533971786, 0.000689557520672679]
  ResConv 2:  [0.0001294089888688177, -0.0031834642868489027, -0.006785394623875618, -0.0004942925297655165]
  ResConv 3:  [-6.271009624470025e-05, -0.007172368932515383, -0.004493663087487221, 0.0032097799703478813]
--
--
  ResConv 1:  [0.0004572213510982692, 1.3958798263047356e-05, -0.010058965533971786, 0.000689557520672679]
  ResConv 2:  [0.0001294089888688177, -0.0031834642868489027, -0.006785394158214331, -0.0004942924715578556]
  ResConv 3:  [-6.271008896874264e-05, -0.00717236939817667, -0.004493663087487221, 0.0032097799703478813]
--
--
  ResConv 1:  [0.0004572213510982692, 1.3958813724457286e-05, -0.010058965533971786, 0.000689557520672679]
  ResConv 2:  [0.00012940900342073292, -0.0031834642868489027, -0.006785394623875618, -0.0004942925879731774]
  ResConv 3:  [-6.271008896874264e-05, -0.00717236939817667, -0.004493663087487221, 0.0032097799703478813]
--
--
  ResConv 1:  [0.0005680415197275579, 3.08691305690445e-05, -0.007852365262806416, 0.0003437438572291285]
  ResConv 2:  [0.0002667606167960912, -0.002430671127513051, -0.005288740620017052, -0.0005460588727146387]
  ResConv 3:  [0.00012295875058043748, -0.00546900974586606, -0.0035193164367228746, 0.0022837824653834105]
--
--
  ResConv 1:  [0.0005680415197275579, 3.086913420702331e-05, -0.007852365262806416, 0.0003437438572291285]
  ResConv 2:  [0.00026676058769226074, -0.002430671127513051, -0.005288740620017052, -0.0005460588727146387]
  ResConv 3:  [0.00012295875058043748, -0.00546900974586606, -0.0035193164367228746, 0.0022837824653834105]
--
--
  ResConv 1:  [0.0005680415197275579, 3.08691305690445e-05, -0.007852365262806416, 0.0003437438572291285]
  ResConv 2:  [0.0002667606167960912, -0.0024306713603436947, -0.005288740620017052, -0.0005460588727146387]
  ResConv 3:  [0.00012295875058043748, -0.00546900974586606, -0.0035193164367228746, 0.0022837824653834105]
--
--
  ResConv 1:  [0.0005680415197275579, 3.086911965510808e-05, -0.007852365262806416, 0.0003437438572291285]
  ResConv 2:  [0.00026676058769226074, -0.0024306713603436947, -0.005288740620017052, -0.0005460589309222996]
  ResConv 3:  [0.00012295873602852225, -0.00546900974586606, -0.0035193164367228746, 0.0022837824653834105]
--
--
  ResConv 1:  [0.0005680415779352188, 3.086914512095973e-05, -0.007852365262806416, 0.0003437438572291285]
  ResConv 2:  [0.0002667606167960912, -0.002430671127513051, -0.005288740620017052, -0.0005460588727146387]
  ResConv 3:  [0.0001229587651323527, -0.00546900974586606, -0.0035193164367228746, 0.0022837824653834105]
--
--
  ResConv 1:  [0.00045566048356704414, -2.3061229512677528e-05, -0.007907711900770664, 0.0006006446783430874]
  ResConv 2:  [0.00019428518135100603, -0.0025138098280876875, -0.005346543155610561, -0.0003379040281288326]
  ResConv 3:  [4.441527562448755e-05, -0.0055987942032516, -0.0035570813342928886, 0.0025194184854626656]
--
--
  ResConv 1:  [0.0004556604253593832, -2.306123133166693e-05, -0.007907711900770664, 0.0006006446783430874]
  ResConv 2:  [0.00019428518135100603, -0.0025138098280876875, -0.005346543155610561, -0.0003379040863364935]
  ResConv 3:  [4.4415279262466356e-05, -0.005598793737590313, -0.0035570813342928886, 0.002519418718293309]
--
--
  ResConv 1:  [0.00045566048356704414, -2.3061229512677528e-05, -0.007907711900770664, 0.0006006446783430874]
  ResConv 2:  [0.00019428519590292126, -0.0025138098280876875, -0.005346543155610561, -0.0003379040863364935]
  ResConv 3:  [4.441528653842397e-05, -0.0055987942032516, -0.0035570813342928886, 0.0025194184854626656]
--
--
  ResConv 1:  [0.00045566048356704414, -2.306122041773051e-05, -0.007907711900770664, 0.0006006446201354265]
  ResConv 2:  [0.00019428519590292126, -0.0025138098280876875, -0.005346544086933136, -0.0003379040863364935]
  ResConv 3:  [4.441526471055113e-05, -0.0055987942032516, -0.0035570813342928886, 0.002519418252632022]
--
--
  ResConv 1:  [0.00045566048356704414, -2.3061229512677528e-05, -0.007907712832093239, 0.0006006446783430874]
  ResConv 2:  [0.0001942852104548365, -0.0025138098280876875, -0.005346543155610561, -0.0003379040281288326]
  ResConv 3:  [4.441528653842397e-05, -0.0055987942032516, -0.0035570813342928886, 0.002519418718293309]
--
--
  ResConv 1:  [0.0005350638530217111, -1.1641232958936598e-05, -0.007967236451804638, 0.0004359522135928273]
  ResConv 2:  [0.000253681413596496, -0.0025219216477125883, -0.005367794539779425, -0.0004971945891156793]
  ResConv 3:  [0.00011202608584426343, -0.005644976627081633, -0.0035519578959792852, 0.002418358577415347]
--
--
  ResConv 1:  [0.0005350638530217111, -1.1641247510851827e-05, -0.007967236451804638, 0.00043595227180048823]
  ResConv 2:  [0.0002536814718041569, -0.0025219214148819447, -0.005367794539779425, -0.0004971945891156793]
  ResConv 3:  [0.00011202608584426343, -0.005644976627081633, -0.0035519578959792852, 0.002418358577415347]
--
--
  ResConv 1:  [0.0005350638530217111, -1.1641222954494879e-05, -0.007967236451804638, 0.00043595227180048823]
  ResConv 2:  [0.000253681413596496, -0.0025219214148819447, -0.005367794539779425, -0.0004971945891156793]
  ResConv 3:  [0.0001120260712923482, -0.005644976627081633, -0.0035519578959792852, 0.002418358577415347]
--
--
  ResConv 1:  [0.0005350638530217111, -1.1641240234894212e-05, -0.007967236451804638, 0.0004359522426966578]
  ResConv 2:  [0.000253681413596496, -0.0025219216477125883, -0.005367794539779425, -0.0004971945891156793]
  ResConv 3:  [0.00011202608584426343, -0.005644976627081633, -0.0035519578959792852, 0.002418358577415347]
--
--
  ResConv 1:  [0.0005350638530217111, -1.1641230230452493e-05, -0.007967236451804638, 0.00043595227180048823]
  ResConv 2:  [0.0002536814718041569, -0.0025219216477125883, -0.005367794539779425, -0.0004971945309080184]
  ResConv 3:  [0.00011202610767213628, -0.005644976627081633, -0.0035519578959792852, 0.002418358577415347]
--
--
  ResConv 1:  [0.0004079411446582526, 1.5778039596625604e-05, -0.008459871634840965, 0.0008421889506280422]
  ResConv 2:  [0.00012355815852060914, -0.00267792702652514, -0.005694227293133736, -0.00017950696928892285]
  ResConv 3:  [-5.7644996559247375e-05, -0.005980790592730045, -0.003791402094066143, 0.0028307924512773752]
--
--
  ResConv 1:  [0.00040794117376208305, 1.577802686369978e-05, -0.008459871634840965, 0.0008421889506280422]
  ResConv 2:  [0.0001235581439686939, -0.00267792702652514, -0.005694227293133736, -0.00017950698384083807]
  ResConv 3:  [-5.764499292126857e-05, -0.005980790592730045, -0.003791402094066143, 0.0028307924512773752]
--
--
  ResConv 1:  [0.0004079411446582526, 1.5778039596625604e-05, -0.008459871634840965, 0.0008421889506280422]
  ResConv 2:  [0.00012355815852060914, -0.00267792702652514, -0.005694227293133736, -0.00017950696928892285]
  ResConv 3:  [-5.764499292126857e-05, -0.005980790592730045, -0.003791402094066143, 0.0028307924512773752]
--
--
  ResConv 1:  [0.0004079411446582526, 1.5778025044710375e-05, -0.008459871634840965, 0.0008421889506280422]
  ResConv 2:  [0.00012355815852060914, -0.00267792702652514, -0.005694227293133736, -0.00017950696928892285]
  ResConv 3:  [-5.764499292126857e-05, -0.005980790592730045, -0.003791402094066143, 0.0028307922184467316]
--
--
  ResConv 1:  [0.00040794117376208305, 1.5778035958646797e-05, -0.008459871634840965, 0.0008421889506280422]
  ResConv 2:  [0.00012355815852060914, -0.00267792702652514, -0.005694227293133736, -0.00017950695473700762]
  ResConv 3:  [-5.764499292126857e-05, -0.005980790592730045, -0.003791402094066143, 0.0028307924512773752]
--
--
  ResConv 1:  [0.00048238542512990534, 4.9758415116230026e-05, -0.007462956011295319, 0.0003649202990345657]
  ResConv 2:  [0.00020158002735115588, -0.0022905562072992325, -0.005039748270064592, -0.0004929485730826855]
  ResConv 3:  [6.739015952916816e-05, -0.005193944554775953, -0.003344250377267599, 0.002223141025751829]
--
--
  ResConv 1:  [0.00048238536692224443, 4.975842603016645e-05, -0.007462956011295319, 0.0003649203572422266]
  ResConv 2:  [0.0002015800419030711, -0.0022905562072992325, -0.005039748270064592, -0.0004929485730826855]
  ResConv 3:  [6.7390181357041e-05, -0.005193944554775953, -0.003344250377267599, 0.002223141025751829]
--
--
  ResConv 1:  [0.00048238542512990534, 4.975842603016645e-05, -0.007462956011295319, 0.00036492032813839614]
  ResConv 2:  [0.0002015800419030711, -0.0022905562072992325, -0.005039748270064592, -0.0004929485730826855]
  ResConv 3:  [6.739019590895623e-05, -0.005193944554775953, -0.003344250377267599, 0.002223141025751829]
--
--
  ResConv 1:  [0.00048238542512990534, 4.9758429668145254e-05, -0.007462956011295319, 0.0003649202990345657]
  ResConv 2:  [0.00020158002735115588, -0.0022905562072992325, -0.005039748270064592, -0.0004929485730826855]
  ResConv 3:  [6.739017408108339e-05, -0.005193944554775953, -0.003344250377267599, 0.0022231407929211855]
--
--
  ResConv 1:  [0.00048238536692224443, 4.975842603016645e-05, -0.007462956011295319, 0.0003649202990345657]
  ResConv 2:  [0.00020158001279924065, -0.0022905562072992325, -0.005039748270064592, -0.0004929485730826855]
  ResConv 3:  [6.739015952916816e-05, -0.005193944554775953, -0.003344250377267599, 0.0022231407929211855]
--
--
  ResConv 1:  [0.00028701958945021033, 7.319631095015211e-06, -0.006991328205913305, 0.00019451207481324673]
  ResConv 2:  [8.055088255787268e-05, -0.002191605744883418, -0.004723649006336927, -0.0005888666491955519]
  ResConv 3:  [-1.7827123883762397e-05, -0.004935325123369694, -0.0031341612339019775, 0.001988580683246255]
--
--
  ResConv 1:  [0.00028701958945021033, 7.31965110389865e-06, -0.006991328205913305, 0.00019451210391707718]
  ResConv 2:  [8.055088255787268e-05, -0.0021916055120527744, -0.004723649006336927, -0.000588866590987891]
  ResConv 3:  [-1.7827123883762397e-05, -0.004935325123369694, -0.0031341612339019775, 0.001988580683246255]
--
--
  ResConv 1:  [0.00028701958945021033, 7.319642463698983e-06, -0.006991327740252018, 0.00019451207481324673]
  ResConv 2:  [8.05508898338303e-05, -0.002191605744883418, -0.004723649006336927, -0.000588866590987891]
  ResConv 3:  [-1.78271257027518e-05, -0.004935325123369694, -0.003134161466732621, 0.001988580683246255]
--
--
  ResConv 1:  [0.00028701958945021033, 7.319636097236071e-06, -0.006991328205913305, 0.00019451207481324673]
  ResConv 2:  [8.055089710978791e-05, -0.002191605744883418, -0.004723649471998215, -0.000588866590987891]
  ResConv 3:  [-1.7827129340730608e-05, -0.004935325123369694, -0.0031341612339019775, 0.001988580683246255]
--
--
  ResConv 1:  [0.00028701958945021033, 7.319636551983422e-06, -0.006991328205913305, 0.00019451207481324673]
  ResConv 2:  [8.05508898338303e-05, -0.002191605744883418, -0.004723649006336927, -0.0005888666491955519]
  ResConv 3:  [-1.782712024578359e-05, -0.004935325123369694, -0.003134161466732621, 0.001988580683246255]
--
--
  ResConv 1:  [0.00045629715896211565, 2.298114850418642e-05, -0.010581515729427338, 0.0006622885121032596]
  ResConv 2:  [0.00012538244482129812, -0.003349147504195571, -0.007137481588870287, -0.0005865328130312264]
  ResConv 3:  [-6.765308353351429e-05, -0.007557508535683155, -0.004734332207590342, 0.0033302984666079283]
--
--
  ResConv 1:  [0.0004562971880659461, 2.2981150323175825e-05, -0.010581515729427338, 0.0006622885121032596]
  ResConv 2:  [0.00012538244482129812, -0.003349147504195571, -0.007137481588870287, -0.0005865328130312264]
  ResConv 3:  [-6.765305442968383e-05, -0.007557508535683155, -0.004734331741929054, 0.0033302984666079283]
--
--
  ResConv 1:  [0.00045629715896211565, 2.2981128495302983e-05, -0.010581515729427338, 0.0006622885121032596]
  ResConv 2:  [0.00012538241571746767, -0.003349147504195571, -0.007137481588870287, -0.0005865328130312264]
  ResConv 3:  [-6.765308353351429e-05, -0.007557508535683155, -0.004734331741929054, 0.0033302984666079283]
--
--
  ResConv 1:  [0.0004562971880659461, 2.2981135771260597e-05, -0.010581515729427338, 0.0006622885121032596]
  ResConv 2:  [0.00012538241571746767, -0.003349147504195571, -0.007137481588870287, -0.0005865328130312264]
  ResConv 3:  [-6.765306898159906e-05, -0.007557508535683155, -0.004734332207590342, 0.003330298699438572]
--
--
  ResConv 1:  [0.00045629715896211565, 2.298114850418642e-05, -0.010581515729427338, 0.0006622885121032596]
  ResConv 2:  [0.00012538241571746767, -0.003349147504195571, -0.007137481588870287, -0.0005865328130312264]
  ResConv 3:  [-6.765307625755668e-05, -0.007557508535683155, -0.004734332207590342, 0.003330298699438572]
--
--
  ResConv 1:  [0.00017590478819329292, 4.3630279833450913e-05, -0.007031884044408798, 0.0002285730151925236]
  ResConv 2:  [-1.7256506907870062e-05, -0.002187714446336031, -0.004731826018542051, -0.000537065090611577]
  ResConv 3:  [-0.00012981568579562008, -0.004942391533404589, -0.0031478069722652435, 0.0020238307770341635]
--
--
  ResConv 1:  [0.00017590475908946246, 4.3630290747387335e-05, -0.007031884044408798, 0.00022857298608869314]
  ResConv 2:  [-1.7256519640795887e-05, -0.0021877142135053873, -0.004731826018542051, -0.000537065148819238]
  ResConv 3:  [-0.00012981571489945054, -0.004942391533404589, -0.0031478067394346, 0.0020238307770341635]
--
--
  ResConv 1:  [0.00017590475908946246, 4.36302725574933e-05, -0.007031884044408798, 0.00022857295698486269]
  ResConv 2:  [-1.725651054584887e-05, -0.0021877142135053873, -0.004731826018542051, -0.000537065148819238]
  ResConv 3:  [-0.00012981571489945054, -0.004942391533404589, -0.0031478067394346, 0.0020238307770341635]
--
--
  ResConv 1:  [0.00017590478819329292, 4.363028710940853e-05, -0.007031884044408798, 0.00022857298608869314]
  ResConv 2:  [-1.7256499631912448e-05, -0.002187714446336031, -0.004731826018542051, -0.000537065148819238]
  ResConv 3:  [-0.00012981568579562008, -0.004942391533404589, -0.0031478067394346, 0.0020238307770341635]
--
--
  ResConv 1:  [0.00017590475908946246, 4.3630279833450913e-05, -0.007031884044408798, 0.00022857300064060837]
  ResConv 2:  [-1.7256517821806483e-05, -0.002187714446336031, -0.004731826018542051, -0.000537065090611577]
  ResConv 3:  [-0.00012981571489945054, -0.004942391533404589, -0.0031478067394346, 0.0020238307770341635]
--
--
  ResConv 1:  [0.00040763572906143963, -8.552279723517131e-06, -0.007252898998558521, 0.00019552918092813343]
  ResConv 2:  [0.00013758428394794464, -0.0022675744257867336, -0.004903199151158333, -0.0006060864543542266]
  ResConv 3:  [1.388267719448777e-05, -0.005090357270091772, -0.003261174075305462, 0.00205368478782475]
--
--
  ResConv 1:  [0.00040763572906143963, -8.552281542506535e-06, -0.007252898998558521, 0.00019552915182430297]
  ResConv 2:  [0.0001375843130517751, -0.0022675744257867336, -0.004903199151158333, -0.0006060864543542266]
  ResConv 3:  [1.3882689927413594e-05, -0.005090357270091772, -0.0032611738424748182, 0.00205368478782475]
--
--
  ResConv 1:  [0.00040763572906143963, -8.55228427099064e-06, -0.007252899464219809, 0.00019552918092813343]
  ResConv 2:  [0.00013758429849985987, -0.00226757419295609, -0.004903199151158333, -0.0006060863379389048]
  ResConv 3:  [1.3882687198929489e-05, -0.005090357270091772, -0.0032611738424748182, 0.00205368478782475]
--
--
  ResConv 1:  [0.00040763572906143963, -8.552291546948254e-06, -0.007252899464219809, 0.00019552915182430297]
  ResConv 2:  [0.00013758429849985987, -0.00226757419295609, -0.004903199151158333, -0.0006060864543542266]
  ResConv 3:  [1.388268265145598e-05, -0.005090357270091772, -0.003261174075305462, 0.00205368478782475]
--
--
  ResConv 1:  [0.00040763572906143963, -8.552297913411167e-06, -0.007252898998558521, 0.00019552915182430297]
  ResConv 2:  [0.00013758429849985987, -0.0022675744257867336, -0.004903199151158333, -0.0006060864543542266]
  ResConv 3:  [1.3882684470445383e-05, -0.005090357270091772, -0.003261174075305462, 0.00205368478782475]
--
--
  ResConv 1:  [0.00048357012565247715, 6.942523032194003e-05, -0.0080240024253726, 0.0002759586786851287]
  ResConv 2:  [0.00020705269707832485, -0.0024403762072324753, -0.005427385214716196, -0.0006342983688227832]
  ResConv 3:  [7.51003171899356e-05, -0.0055506108328700066, -0.0036202766932547092, 0.0022814024705439806]
--
--
  ResConv 1:  [0.0004835700965486467, 6.942523032194003e-05, -0.0080240024253726, 0.0002759587368927896]
  ResConv 2:  [0.0002070527261821553, -0.0024403762072324753, -0.005427385214716196, -0.0006342983688227832]
  ResConv 3:  [7.510033174185082e-05, -0.0055506108328700066, -0.0036202771589159966, 0.0022814024705439806]
--
--
  ResConv 1:  [0.00048357012565247715, 6.942523032194003e-05, -0.0080240024253726, 0.0002759586786851287]
  ResConv 2:  [0.0002070527261821553, -0.0024403762072324753, -0.005427385680377483, -0.0006342983688227832]
  ResConv 3:  [7.510033174185082e-05, -0.0055506108328700066, -0.0036202766932547092, 0.0022814024705439806]
--
--
  ResConv 1:  [0.00048357012565247715, 6.942523032194003e-05, -0.008024001494050026, 0.0002759586786851287]
  ResConv 2:  [0.00020705274073407054, -0.002440376440063119, -0.005427385214716196, -0.0006342983688227832]
  ResConv 3:  [7.510033174185082e-05, -0.0055506108328700066, -0.0036202764604240656, 0.002281402237713337]
--
--
  ResConv 1:  [0.0004835700965486467, 6.942523759789765e-05, -0.0080240024253726, 0.0002759586786851287]
  ResConv 2:  [0.00020705268252640963, -0.0024403762072324753, -0.005427385214716196, -0.0006342983688227832]
  ResConv 3:  [7.51003171899356e-05, -0.0055506108328700066, -0.0036202766932547092, 0.0022814024705439806]
--
--
  ResConv 1:  [0.0005047949962317944, 1.8912902305601165e-05, -0.00774769950658083, 0.0003304569108877331]
  ResConv 2:  [0.0002486658049747348, -0.002412092173472047, -0.005236105993390083, -0.0005552162183448672]
  ResConv 3:  [0.00012508487270679325, -0.00543494988232851, -0.003476184094324708, 0.0022787186317145824]
--
--
  ResConv 1:  [0.0005047949380241334, 1.891291503852699e-05, -0.00774769950658083, 0.0003304569108877331]
  ResConv 2:  [0.0002486657758709043, -0.0024120917078107595, -0.005236105993390083, -0.0005552162183448672]
  ResConv 3:  [0.00012508485815487802, -0.00543494988232851, -0.0034761843271553516, 0.002278718864545226]
--
--
  ResConv 1:  [0.0005047949962317944, 1.891291503852699e-05, -0.00774769950658083, 0.0003304569108877331]
  ResConv 2:  [0.00024866583407856524, -0.002412092173472047, -0.005236105993390083, -0.0005552162183448672]
  ResConv 3:  [0.00012508488725870848, -0.00543494988232851, -0.003476184094324708, 0.0022787186317145824]
--
--
  ResConv 1:  [0.0005047949962317944, 1.891291503852699e-05, -0.00774769950658083, 0.00033045682357624173]
  ResConv 2:  [0.00024866583407856524, -0.002412092173472047, -0.005236105993390083, -0.0005552162183448672]
  ResConv 3:  [0.00012508488725870848, -0.00543494988232851, -0.003476184094324708, 0.0022787186317145824]
--
--
  ResConv 1:  [0.0005047949962317944, 1.8912902305601165e-05, -0.00774769950658083, 0.0003304569108877331]
  ResConv 2:  [0.0002486658049747348, -0.0024120917078107595, -0.005236105993390083, -0.0005552162183448672]
  ResConv 3:  [0.00012508487270679325, -0.00543494988232851, -0.003476184094324708, 0.0022787186317145824]
--
--
  ResConv 1:  [0.00041319202864542603, 2.7678950573317707e-05, -0.008221802301704884, 0.0006207687547430396]
  ResConv 2:  [0.00011544569133548066, -0.002593992743641138, -0.005522876046597958, -0.0003595263697206974]
  ResConv 3:  [-4.77549183415249e-05, -0.005815490614622831, -0.0036717108450829983, 0.00259387050755322]
--
--
  ResConv 1:  [0.00041319202864542603, 2.7678954211296514e-05, -0.008221802301704884, 0.0006207687547430396]
  ResConv 2:  [0.00011544568405952305, -0.002593992743641138, -0.00552287558093667, -0.0003595263697206974]
  ResConv 3:  [-4.775492561748251e-05, -0.005815490614622831, -0.0036717108450829983, 0.00259387050755322]
--
--
  ResConv 1:  [0.00041319202864542603, 2.7678968763211742e-05, -0.008221802301704884, 0.0006207687547430396]
  ResConv 2:  [0.00011544568405952305, -0.002593992743641138, -0.005522876046597958, -0.0003595263697206974]
  ResConv 3:  [-4.7754921979503706e-05, -0.005815490614622831, -0.0036717108450829983, 0.002593870973214507]
--
--
  ResConv 1:  [0.00041319202864542603, 2.76789469353389e-05, -0.008221802301704884, 0.0006207687547430396]
  ResConv 2:  [0.00011544568405952305, -0.002593992743641138, -0.005522876046597958, -0.0003595264279283583]
  ResConv 3:  [-4.77549183415249e-05, -0.005815490614622831, -0.0036717108450829983, 0.00259387050755322]
--
--
  ResConv 1:  [0.00041319202864542603, 2.7678968763211742e-05, -0.008221802301704884, 0.0006207687547430396]
  ResConv 2:  [0.00011544568405952305, -0.002593992743641138, -0.005522876046597958, -0.0003595264279283583]
  ResConv 3:  [-4.775493289344013e-05, -0.005815490614622831, -0.0036717108450829983, 0.00259387050755322]
--
--
  ResConv 1:  [0.0004326381313148886, 6.413064511434641e-06, -0.007464192342013121, 0.0002927407331299037]
  ResConv 2:  [0.0001828446111176163, -0.002323390683159232, -0.0050594499334692955, -0.0005534875090233982]
  ResConv 3:  [6.426945037674159e-05, -0.005235389806330204, -0.0033615066204220057, 0.0021897447295486927]
--
--
  ResConv 1:  [0.00043263816041871905, 6.4130654209293425e-06, -0.007464192342013121, 0.0002927407331299037]
  ResConv 2:  [0.00018284464022144675, -0.002323390683159232, -0.0050594499334692955, -0.0005534874508157372]
  ResConv 3:  [6.42694576526992e-05, -0.005235390271991491, -0.0033615066204220057, 0.0021897447295486927]
--
--
  ResConv 1:  [0.00043263816041871905, 6.413069968402851e-06, -0.007464192342013121, 0.0002927407331299037]
  ResConv 2:  [0.00018284465477336198, -0.002323390683159232, -0.0050594499334692955, -0.0005534875090233982]
  ResConv 3:  [6.426946492865682e-05, -0.005235389806330204, -0.0033615066204220057, 0.0021897447295486927]
--
--
  ResConv 1:  [0.0004326381313148886, 6.413063601939939e-06, -0.007464192342013121, 0.0002927407331299037]
  ResConv 2:  [0.0001828446111176163, -0.002323390683159232, -0.005059450399130583, -0.0005534874508157372]
  ResConv 3:  [6.426944310078397e-05, -0.005235390271991491, -0.0033615066204220057, 0.0021897447295486927]
--
--
  ResConv 1:  [0.00043263816041871905, 6.413064511434641e-06, -0.007464192342013121, 0.00029274076223373413]
  ResConv 2:  [0.00018284465477336198, -0.002323390683159232, -0.0050594499334692955, -0.0005534875090233982]
  ResConv 3:  [6.426946492865682e-05, -0.005235390271991491, -0.0033615066204220057, 0.0021897447295486927]
--
--
  ResConv 1:  [0.0006543757626786828, 2.323677108506672e-05, -0.0087471017614007, 0.00045621651224792004]
  ResConv 2:  [0.0003152857534587383, -0.0027353877667337656, -0.0059066456742584705, -0.0005642944015562534]
  ResConv 3:  [0.00013405224308371544, -0.006165206898003817, -0.003919213078916073, 0.0026493389159440994]
--
--
  ResConv 1:  [0.0006543757626786828, 2.3236751076183282e-05, -0.008747100830078125, 0.00045621651224792004]
  ResConv 2:  [0.00031528572435490787, -0.0027353877667337656, -0.0059066456742584705, -0.0005642944015562534]
  ResConv 3:  [0.00013405221397988498, -0.006165207363665104, -0.003919213078916073, 0.0026493389159440994]
--
--
  ResConv 1:  [0.0006543757044710219, 2.3236761990119703e-05, -0.0087471017614007, 0.00045621651224792004]
  ResConv 2:  [0.00031528572435490787, -0.0027353877667337656, -0.0059066456742584705, -0.0005642943433485925]
  ResConv 3:  [0.00013405219942796975, -0.006165206898003817, -0.003919213078916073, 0.002649339148774743]
--
--
  ResConv 1:  [0.0006543757044710219, 2.3236761990119703e-05, -0.008747100830078125, 0.00045621651224792004]
  ResConv 2:  [0.00031528572435490787, -0.0027353877667337656, -0.0059066456742584705, -0.0005642943433485925]
  ResConv 3:  [0.00013405224308371544, -0.006165207363665104, -0.003919213078916073, 0.0026493389159440994]
--
--
  ResConv 1:  [0.0006543757044710219, 2.323677108506672e-05, -0.008747100830078125, 0.00045621651224792004]
  ResConv 2:  [0.00031528572435490787, -0.0027353877667337656, -0.0059066456742584705, -0.0005642944015562534]
  ResConv 3:  [0.00013405221397988498, -0.006165207363665104, -0.003919213078916073, 0.0026493389159440994]
--
--
  ResConv 1:  [0.0005293627036735415, 4.999212615075521e-05, -0.008127945475280285, 0.0004141409299336374]
  ResConv 2:  [0.00023420658544637263, -0.0025292495265603065, -0.005485956557095051, -0.0005258083110675216]
  ResConv 3:  [7.365387864410877e-05, -0.0057271975092589855, -0.0036420372780412436, 0.002454900648444891]
--
--
  ResConv 1:  [0.0005293626454658806, 4.999213706469163e-05, -0.008127945475280285, 0.0004141409008298069]
  ResConv 2:  [0.0002342065708944574, -0.002529249992221594, -0.005485956557095051, -0.0005258083110675216]
  ResConv 3:  [7.365387136815116e-05, -0.0057271975092589855, -0.0036420372780412436, 0.002454900648444891]
--
--
  ResConv 1:  [0.0005293627036735415, 4.999214434064925e-05, -0.008127945475280285, 0.0004141409881412983]
  ResConv 2:  [0.00023420658544637263, -0.002529249992221594, -0.005485957488417625, -0.0005258082528598607]
  ResConv 3:  [7.365387864410877e-05, -0.0057271975092589855, -0.0036420372780412436, 0.002454900648444891]
--
--
  ResConv 1:  [0.0005293626454658806, 4.999213706469163e-05, -0.008127945475280285, 0.0004141409881412983]
  ResConv 2:  [0.00023420654179062694, -0.002529249992221594, -0.005485957488417625, -0.0005258082528598607]
  ResConv 3:  [7.365387136815116e-05, -0.0057271975092589855, -0.0036420372780412436, 0.002454900648444891]
--
--
  ResConv 1:  [0.0005293627036735415, 4.99921188747976e-05, -0.008127945475280285, 0.0004141409299336374]
  ResConv 2:  [0.0002342065708944574, -0.0025292495265603065, -0.005485957488417625, -0.0005258082528598607]
  ResConv 3:  [7.365387136815116e-05, -0.0057271975092589855, -0.0036420372780412436, 0.002454900648444891]
--
--
  ResConv 1:  [0.0005458862287923694, 2.7930422220379114e-05, -0.00794888287782669, 0.0003075406129937619]
  ResConv 2:  [0.0002362077502766624, -0.002448897808790207, -0.005377006251364946, -0.0005900262040086091]
  ResConv 3:  [9.305221465183422e-05, -0.005519796162843704, -0.00358881545253098, 0.0022808220237493515]
--
--
  ResConv 1:  [0.0005458862287923694, 2.7930424039368518e-05, -0.00794888287782669, 0.0003075406129937619]
  ResConv 2:  [0.0002362077502766624, -0.002448897808790207, -0.005377006717026234, -0.0005900262040086091]
  ResConv 3:  [9.30522073758766e-05, -0.005519796162843704, -0.00358881545253098, 0.0022808220237493515]
--
--
  ResConv 1:  [0.0005458862287923694, 2.7930424039368518e-05, -0.00794888287782669, 0.00030754064209759235]
  ResConv 2:  [0.0002362077502766624, -0.002448897808790207, -0.005377006717026234, -0.0005900262040086091]
  ResConv 3:  [9.305223647970706e-05, -0.005519796162843704, -0.0035888156853616238, 0.0022808220237493515]
--
--
  ResConv 1:  [0.0005458862287923694, 2.793042040138971e-05, -0.00794888287782669, 0.00030754064209759235]
  ResConv 2:  [0.0002362077502766624, -0.002448897808790207, -0.005377006717026234, -0.0005900262040086091]
  ResConv 3:  [9.305222920374945e-05, -0.005519796162843704, -0.00358881545253098, 0.0022808220237493515]
--
--
  ResConv 1:  [0.0005458862870000303, 2.793040948745329e-05, -0.00794888287782669, 0.00030754064209759235]
  ResConv 2:  [0.00023620777938049287, -0.002448897808790207, -0.005377006251364946, -0.0005900262040086091]
  ResConv 3:  [9.305225103162229e-05, -0.005519796162843704, -0.0035888156853616238, 0.0022808220237493515]
--
--
  ResConv 1:  [0.00020709223463200033, 3.63323742931243e-05, -0.006552145350724459, 0.00012921204324811697]
  ResConv 2:  [2.762002441158984e-05, -0.0019933644216507673, -0.004437013529241085, -0.0005732685676775873]
  ResConv 3:  [-6.34177922620438e-05, -0.004515515640377998, -0.0029574844520539045, 0.0017975751543417573]
--
--
  ResConv 1:  [0.00020709220552816987, 3.6332370655145496e-05, -0.006552145350724459, 0.00012921204324811697]
  ResConv 2:  [2.7620028049568646e-05, -0.0019933644216507673, -0.004437013529241085, -0.0005732685094699264]
  ResConv 3:  [-6.34177922620438e-05, -0.004515515640377998, -0.0029574844520539045, 0.0017975751543417573]
--
--
  ResConv 1:  [0.00020709220552816987, 3.633236701716669e-05, -0.006552144885063171, 0.00012921207235194743]
  ResConv 2:  [2.7620018954621628e-05, -0.0019933644216507673, -0.004437013529241085, -0.0005732685094699264]
  ResConv 3:  [-6.341780681395903e-05, -0.004515515640377998, -0.0029574844520539045, 0.0017975751543417573]
--
--
  ResConv 1:  [0.00020709224918391556, 3.633237793110311e-05, -0.006552144885063171, 0.00012921207235194743]
  ResConv 2:  [2.7620049877441488e-05, -0.0019933644216507673, -0.004437013529241085, -0.0005732685094699264]
  ResConv 3:  [-6.341778498608619e-05, -0.004515515640377998, -0.002957484219223261, 0.0017975751543417573]
--
--
  ResConv 1:  [0.00020709224918391556, 3.6332370655145496e-05, -0.006552145350724459, 0.0001292120578000322]
  ResConv 2:  [2.762004078249447e-05, -0.0019933644216507673, -0.004437013529241085, -0.0005732685094699264]
  ResConv 3:  [-6.341778498608619e-05, -0.004515515640377998, -0.0029574844520539045, 0.0017975751543417573]
--
--
  ResConv 1:  [0.0003405161260161549, -2.6868334316532128e-05, -0.008419039659202099, 0.0007107328856363893]
  ResConv 2:  [8.453737973468378e-05, -0.0027034080121666193, -0.00568103464320302, -0.000304337649140507]
  ResConv 3:  [-6.537709123222157e-05, -0.006024171132594347, -0.003767693415284157, 0.002758137881755829]
--
--
  ResConv 1:  [0.0003405161260161549, -2.6868328859563917e-05, -0.008419039659202099, 0.0007107328856363893]
  ResConv 2:  [8.453736518276855e-05, -0.0027034080121666193, -0.00568103464320302, -0.000304337649140507]
  ResConv 3:  [-6.537709850817919e-05, -0.006024171132594347, -0.003767693415284157, 0.002758137881755829]
--
--
  ResConv 1:  [0.0003405161260161549, -2.6868321583606303e-05, -0.008419039659202099, 0.0007107330020517111]
  ResConv 2:  [8.453737245872617e-05, -0.0027034080121666193, -0.00568103464320302, -0.00030433759093284607]
  ResConv 3:  [-6.537709850817919e-05, -0.006024171132594347, -0.003767693415284157, 0.002758137881755829]
--
--
  ResConv 1:  [0.0003405161260161549, -2.6868328859563917e-05, -0.008419039659202099, 0.0007107328856363893]
  ResConv 2:  [8.453737245872617e-05, -0.0027034080121666193, -0.00568103464320302, -0.00030433759093284607]
  ResConv 3:  [-6.537709123222157e-05, -0.006024171132594347, -0.003767693415284157, 0.002758137881755829]
--
--
  ResConv 1:  [0.0003405161260161549, -2.6868339773500338e-05, -0.008419039659202099, 0.0007107328856363893]
  ResConv 2:  [8.453737973468378e-05, -0.0027034080121666193, -0.00568103464320302, -0.000304337649140507]
  ResConv 3:  [-6.537709123222157e-05, -0.006024171132594347, -0.003767693415284157, 0.002758137881755829]
--
--
  ResConv 1:  [0.00045396832865662873, 4.320429070503451e-05, -0.008451862260699272, 0.0006660701474174857]
  ResConv 2:  [0.00015836443344596773, -0.002640949795022607, -0.005685756448656321, -0.0003389605553820729]
  ResConv 3:  [-1.1622184501902666e-05, -0.005928919184952974, -0.0037773442454636097, 0.0026790404226630926]
--
--
  ResConv 1:  [0.00045396829955279827, 4.320430161897093e-05, -0.008451862260699272, 0.0006660701474174857]
  ResConv 2:  [0.0001583644188940525, -0.002640949795022607, -0.005685756448656321, -0.00033896052627824247]
  ResConv 3:  [-1.1622203601291403e-05, -0.005928919184952974, -0.0037773442454636097, 0.0026790404226630926]
--
--
  ResConv 1:  [0.00045396832865662873, 4.3204294343013316e-05, -0.008451862260699272, 0.0006660701474174857]
  ResConv 2:  [0.00015836443344596773, -0.002640949795022607, -0.005685756448656321, -0.00033896052627824247]
  ResConv 3:  [-1.162219723482849e-05, -0.005928919184952974, -0.0037773442454636097, 0.0026790404226630926]
--
--
  ResConv 1:  [0.00045396829955279827, 4.320430161897093e-05, -0.008451862260699272, 0.0006660701474174857]
  ResConv 2:  [0.00015836440434213728, -0.002640949795022607, -0.005685756448656321, -0.00033896052627824247]
  ResConv 3:  [-1.1622218153206632e-05, -0.005928919184952974, -0.0037773442454636097, 0.0026790404226630926]
--
--
  ResConv 1:  [0.00045396829955279827, 4.320430525694974e-05, -0.008451862260699272, 0.0006660701474174857]
  ResConv 2:  [0.00015836440434213728, -0.002640949795022607, -0.005685756448656321, -0.00033896052627824247]
  ResConv 3:  [-1.1622215424722526e-05, -0.005928918719291687, -0.0037773442454636097, 0.0026790404226630926]
--
--
  ResConv 1:  [0.0004316333797760308, 4.107266431674361e-05, -0.006397167686372995, 0.0001941811351571232]
  ResConv 2:  [0.0002062602579826489, -0.001958001870661974, -0.004315410275012255, -0.0005196990678086877]
  ResConv 3:  [9.462714660912752e-05, -0.004440615884959698, -0.002856787759810686, 0.001818705815821886]
--
--
  ResConv 1:  [0.0004316333506722003, 4.1072660678764805e-05, -0.006397167686372995, 0.0001941811351571232]
  ResConv 2:  [0.0002062602579826489, -0.001958001870661974, -0.004315410275012255, -0.0005196990678086877]
  ResConv 3:  [9.462714660912752e-05, -0.004440615884959698, -0.002856787759810686, 0.001818705815821886]
--
--
  ResConv 1:  [0.0004316333797760308, 4.107265340280719e-05, -0.006397167686372995, 0.00019418114970903844]
  ResConv 2:  [0.00020626022887881845, -0.001958001870661974, -0.004315410275012255, -0.0005196990678086877]
  ResConv 3:  [9.462713205721229e-05, -0.004440615884959698, -0.002856787759810686, 0.001818705815821886]
--
--
  ResConv 1:  [0.0004316333797760308, 4.1072660678764805e-05, -0.006397167686372995, 0.00019418112060520798]
  ResConv 2:  [0.00020626022887881845, -0.001958001870661974, -0.004315410275012255, -0.0005196990678086877]
  ResConv 3:  [9.462714660912752e-05, -0.004440615884959698, -0.002856787759810686, 0.001818705815821886]
--
--
  ResConv 1:  [0.0004316333797760308, 4.107266795472242e-05, -0.006397166755050421, 0.00019418114970903844]
  ResConv 2:  [0.0002062602579826489, -0.001958001870661974, -0.004315410275012255, -0.0005196990678086877]
  ResConv 3:  [9.462713933316991e-05, -0.004440615884959698, -0.002856787759810686, 0.001818705815821886]
--
--
  ResConv 1:  [0.0004967023269273341, 4.9320777179673314e-05, -0.007092506159096956, 0.0002666501677595079]
  ResConv 2:  [0.0002449898165650666, -0.0021654425654560328, -0.0048005832359194756, -0.0005346082616597414]
  ResConv 3:  [0.00012015925312880427, -0.004918831400573254, -0.0031927258241921663, 0.0020572778303176165]
--
--
  ResConv 1:  [0.0004967023269273341, 4.932076626573689e-05, -0.007092506159096956, 0.0002666501677595079]
  ResConv 2:  [0.00024498984566889703, -0.0021654425654560328, -0.0048005832359194756, -0.0005346082616597414]
  ResConv 3:  [0.0001201592676807195, -0.004918832331895828, -0.0031927258241921663, 0.0020572778303176165]
--
