Initializing models...
Initializing Neural Network Models...
Models initialized successfully. Starting evaluation...

Processing Dataset: Spherical Pores
Considering 128 samples from ../NN_Datasets_Grad_Dist_40_5_55/Test_Silveira_SphPore_SAug_DNorm.h5.
  Processing Batch 1 (Size: 50)...
    Evaluating Ko et al (D3)
Bias Error: using velocity magnitude
Mean: 8.2942, Std: 6.6818
------------------------------------------------------------------
Magnitude Error: 
 -- Sample 0: mean=28.7883%; std=19.2267
 -- Sample 1: mean=29.8817%; std=18.8885
 -- Sample 2: mean=30.1067%; std=19.4826
 -- Sample 3: mean=28.3220%; std=19.3715
 -- Sample 4: mean=28.7806%; std=19.6914
 -- Sample 5: mean=30.3634%; std=19.9706
 -- Sample 6: mean=30.4895%; std=19.0552
 -- Sample 7: mean=29.2881%; std=19.3300
 -- Sample 8: mean=34.4033%; std=39.2644
 -- Sample 9: mean=36.5528%; std=38.0066
 -- Sample 10: mean=33.7898%; std=39.8076
 -- Sample 11: mean=30.6596%; std=35.2408
 -- Sample 12: mean=27.1444%; std=19.2259
 -- Sample 13: mean=27.3960%; std=19.0545
 -- Sample 14: mean=26.8863%; std=20.0139
 -- Sample 15: mean=25.6538%; std=20.1486
 -- Sample 16: mean=34.1941%; std=32.9963
 -- Sample 17: mean=34.4891%; std=29.8318
 -- Sample 18: mean=35.6572%; std=30.4828
 -- Sample 19: mean=35.4653%; std=34.3704
 -- Sample 20: mean=28.0626%; std=24.1106
 -- Sample 21: mean=26.8596%; std=24.3052
 -- Sample 22: mean=24.3970%; std=22.4003
 -- Sample 23: mean=27.2930%; std=23.1446
 -- Sample 24: mean=40.7572%; std=48.8984
 -- Sample 25: mean=39.4498%; std=44.5500
 -- Sample 26: mean=39.6801%; std=47.0978
 -- Sample 27: mean=41.8231%; std=43.7297
 -- Sample 28: mean=56.3625%; std=56.3917
 -- Sample 29: mean=53.1560%; std=55.5861
 -- Sample 30: mean=51.6524%; std=53.7579
 -- Sample 31: mean=55.8036%; std=54.6989
 -- Sample 32: mean=19.2114%; std=15.2028
 -- Sample 33: mean=19.5810%; std=15.8424
 -- Sample 34: mean=19.5829%; std=15.2867
 -- Sample 35: mean=18.8412%; std=15.2374
 -- Sample 36: mean=20.6828%; std=14.1885
 -- Sample 37: mean=22.2607%; std=14.6185
 -- Sample 38: mean=21.4659%; std=14.9309
 -- Sample 39: mean=20.6958%; std=14.6562
 -- Sample 40: mean=16.6515%; std=14.4623
 -- Sample 41: mean=17.0923%; std=13.6317
 -- Sample 42: mean=16.8900%; std=14.0022
 -- Sample 43: mean=16.9655%; std=14.2218
 -- Sample 44: mean=23.8114%; std=17.6016
 -- Sample 45: mean=23.2490%; std=17.6452
 -- Sample 46: mean=22.8551%; std=17.5587
 -- Sample 47: mean=23.6900%; std=17.8225
 -- Sample 48: mean=27.3790%; std=20.4281
 -- Sample 49: mean=27.3044%; std=21.9576
Mean: 29.6364%, Std: 9.7124%
------------------------------------------------------------------
Angular error:
 -- Sample 0: mean=34.7303º; std=36.5982
 -- Sample 1: mean=34.5850º; std=36.8645
 -- Sample 2: mean=34.8652º; std=37.1867
 -- Sample 3: mean=34.4358º; std=36.9352
 -- Sample 4: mean=37.1302º; std=39.3982
 -- Sample 5: mean=37.0407º; std=39.2715
 -- Sample 6: mean=36.2612º; std=38.4929
 -- Sample 7: mean=36.4900º; std=38.5517
 -- Sample 8: mean=33.7126º; std=38.2097
 -- Sample 9: mean=33.0403º; std=37.5675
 -- Sample 10: mean=33.1183º; std=37.7238
 -- Sample 11: mean=33.5657º; std=38.7604
 -- Sample 12: mean=36.8414º; std=41.3452
 -- Sample 13: mean=35.6635º; std=39.9856
 -- Sample 14: mean=35.5526º; std=39.6492
 -- Sample 15: mean=36.0779º; std=40.5604
 -- Sample 16: mean=34.5337º; std=39.3668
 -- Sample 17: mean=34.0089º; std=38.8572
 -- Sample 18: mean=34.0441º; std=38.5014
 -- Sample 19: mean=34.3177º; std=39.1835
 -- Sample 20: mean=38.4693º; std=42.9014
 -- Sample 21: mean=39.6165º; std=42.9668
 -- Sample 22: mean=39.0849º; std=42.4277
 -- Sample 23: mean=38.5364º; std=42.7155
 -- Sample 24: mean=45.9048º; std=43.7407
 -- Sample 25: mean=45.8311º; std=43.2821
 -- Sample 26: mean=47.0664º; std=44.9954
 -- Sample 27: mean=47.2167º; std=44.7618
 -- Sample 28: mean=38.0435º; std=39.7717
 -- Sample 29: mean=39.5438º; std=40.6879
 -- Sample 30: mean=38.0464º; std=39.4262
 -- Sample 31: mean=37.1154º; std=38.8743
 -- Sample 32: mean=26.1862º; std=32.6273
 -- Sample 33: mean=26.6862º; std=32.6250
 -- Sample 34: mean=26.6243º; std=32.7079
 -- Sample 35: mean=26.0861º; std=32.8464
 -- Sample 36: mean=28.2768º; std=34.1462
 -- Sample 37: mean=28.5578º; std=34.2038
 -- Sample 38: mean=28.3296º; std=34.3597
 -- Sample 39: mean=28.3836º; std=34.5816
 -- Sample 40: mean=23.4025º; std=31.2155
 -- Sample 41: mean=24.0452º; std=31.7960
 -- Sample 42: mean=24.4898º; std=32.4786
 -- Sample 43: mean=23.8864º; std=31.8340
 -- Sample 44: mean=23.9788º; std=30.9177
 -- Sample 45: mean=23.8062º; std=30.9645
 -- Sample 46: mean=23.7683º; std=31.0104
 -- Sample 47: mean=24.0697º; std=31.2364
 -- Sample 48: mean=25.4996º; std=32.8377
 -- Sample 49: mean=24.5542º; std=32.3336
Mean: 33.1024º, Std: 6.5436º
------------------------------------------------------------------
Correlation comparison:
 -- Sample 0: 0.9097
 -- Sample 1: 0.9074
 -- Sample 2: 0.9018
 -- Sample 3: 0.9090
 -- Sample 4: 0.9462
 -- Sample 5: 0.9430
 -- Sample 6: 0.9434
 -- Sample 7: 0.9454
 -- Sample 8: 0.9029
 -- Sample 9: 0.8866
 -- Sample 10: 0.9037
 -- Sample 11: 0.9197
 -- Sample 12: 0.9386
 -- Sample 13: 0.9401
 -- Sample 14: 0.9381
 -- Sample 15: 0.9416
 -- Sample 16: 0.8691
 -- Sample 17: 0.8677
 -- Sample 18: 0.8606
 -- Sample 19: 0.8580
 -- Sample 20: 0.8991
 -- Sample 21: 0.9015
 -- Sample 22: 0.9182
 -- Sample 23: 0.8990
 -- Sample 24: 0.8736
 -- Sample 25: 0.8796
 -- Sample 26: 0.8744
 -- Sample 27: 0.8634
 -- Sample 28: 0.8076
 -- Sample 29: 0.8238
 -- Sample 30: 0.8343
 -- Sample 31: 0.8328
 -- Sample 32: 0.9582
 -- Sample 33: 0.9571
 -- Sample 34: 0.9566
 -- Sample 35: 0.9588
 -- Sample 36: 0.9536
 -- Sample 37: 0.9466
 -- Sample 38: 0.9517
 -- Sample 39: 0.9546
 -- Sample 40: 0.9603
 -- Sample 41: 0.9622
 -- Sample 42: 0.9620
 -- Sample 43: 0.9592
 -- Sample 44: 0.9437
 -- Sample 45: 0.9454
 -- Sample 46: 0.9487
 -- Sample 47: 0.9438
 -- Sample 48: 0.9227
 -- Sample 49: 0.9176
Mean=0.9149, Std=0.0410
------------------------------------------------------------------
Flux Error:
 -- Sample 0: 0.3215
 -- Sample 1: 0.4340
 -- Sample 2: 0.3466
 -- Sample 3: 0.4392
 -- Sample 4: 0.4916
 -- Sample 5: 0.4646
 -- Sample 6: 0.4934
 -- Sample 7: 0.4350
 -- Sample 8: 0.8209
 -- Sample 9: 0.4549
 -- Sample 10: 0.8621
 -- Sample 11: 0.4882
 -- Sample 12: 0.4386
 -- Sample 13: 0.4251
 -- Sample 14: 0.4366
 -- Sample 15: 0.4648
 -- Sample 16: 0.4701
 -- Sample 17: 0.4312
 -- Sample 18: 0.4890
 -- Sample 19: 0.4289
 -- Sample 20: 0.6677
 -- Sample 21: 0.7449
 -- Sample 22: 0.6521
 -- Sample 23: 0.7257
 -- Sample 24: 0.6911
 -- Sample 25: 0.8741
 -- Sample 26: 0.7321
 -- Sample 27: 0.7316
 -- Sample 28: 0.6276
 -- Sample 29: 0.6898
 -- Sample 30: 0.6126
 -- Sample 31: 0.7201
 -- Sample 32: 0.2703
 -- Sample 33: 0.2588
 -- Sample 34: 0.2675
 -- Sample 35: 0.2548
 -- Sample 36: 0.3366
 -- Sample 37: 0.2797
 -- Sample 38: 0.3562
 -- Sample 39: 0.2663
 -- Sample 40: 0.4578
 -- Sample 41: 0.3571
 -- Sample 42: 0.4314
 -- Sample 43: 0.3384
 -- Sample 44: 0.3160
 -- Sample 45: 0.5241
 -- Sample 46: 0.3326
 -- Sample 47: 0.5269
 -- Sample 48: 0.6579
 -- Sample 49: 0.3851
Mean: 0.4945, Std: 0.1685
------------------------------------------------------------------
Tortuosity Comparison:
 -- Sample 0: 12.1170%
 -- Sample 1: 10.6311%
 -- Sample 2: 9.5207%
 -- Sample 3: 9.0810%
 -- Sample 4: 2.6987%
 -- Sample 5: 2.9639%
 -- Sample 6: 3.3082%
 -- Sample 7: 3.8677%
 -- Sample 8: 1.7097%
 -- Sample 9: 1.5154%
 -- Sample 10: 2.5776%
 -- Sample 11: 2.1809%
 -- Sample 12: 1.0443%
 -- Sample 13: 0.8713%
 -- Sample 14: 0.9160%
 -- Sample 15: 0.3203%
 -- Sample 16: 0.3527%
 -- Sample 17: 0.2660%
 -- Sample 18: 0.3784%
 -- Sample 19: 0.3286%
 -- Sample 20: 3.3887%
 -- Sample 21: 4.2888%
 -- Sample 22: 4.5265%
 -- Sample 23: 2.8145%
 -- Sample 24: 0.7402%
 -- Sample 25: 3.1394%
 -- Sample 26: 2.5303%
 -- Sample 27: 2.4309%
 -- Sample 28: 3.5517%
 -- Sample 29: 3.2169%
 -- Sample 30: 5.8902%
 -- Sample 31: 5.0602%
 -- Sample 32: 2.7767%
 -- Sample 33: 2.7837%
 -- Sample 34: 1.7857%
 -- Sample 35: 2.1782%
 -- Sample 36: 4.5176%
 -- Sample 37: 5.2904%
 -- Sample 38: 5.3787%
 -- Sample 39: 4.9377%
 -- Sample 40: 0.1769%
 -- Sample 41: 0.6762%
 -- Sample 42: 0.0858%
 -- Sample 43: 0.0797%
 -- Sample 44: 0.9526%
 -- Sample 45: 0.1778%
 -- Sample 46: 1.4309%
 -- Sample 47: 0.3846%
 -- Sample 48: 1.4031%
 -- Sample 49: 1.3396%
Mean: 2.8917%, Std: 2.7330%
------------------------------------------------------------------
Evaluating Divergent:
 -- Sample 0: 40.7249%
 -- Sample 1: 40.2520%
 -- Sample 2: 40.1431%
 -- Sample 3: 40.0751%
 -- Sample 4: 39.3722%
 -- Sample 5: 39.7716%
 -- Sample 6: 40.1604%
 -- Sample 7: 40.1082%
 -- Sample 8: 40.1495%
 -- Sample 9: 40.1534%
 -- Sample 10: 39.5141%
 -- Sample 11: 39.5033%
 -- Sample 12: 40.8060%
 -- Sample 13: 40.7215%
 -- Sample 14: 40.9116%
 -- Sample 15: 40.5084%
 -- Sample 16: 40.1758%
 -- Sample 17: 40.4428%
 -- Sample 18: 40.9058%
 -- Sample 19: 40.8457%
 -- Sample 20: 42.6716%
 -- Sample 21: 42.6769%
 -- Sample 22: 42.0955%
 -- Sample 23: 42.1804%
 -- Sample 24: 50.2789%
 -- Sample 25: 50.5768%
 -- Sample 26: 50.5068%
 -- Sample 27: 50.9572%
 -- Sample 28: 49.1141%
 -- Sample 29: 49.3901%
 -- Sample 30: 48.5885%
 -- Sample 31: 47.9171%
 -- Sample 32: 33.4985%
 -- Sample 33: 33.4979%
 -- Sample 34: 33.4620%
 -- Sample 35: 33.4757%
 -- Sample 36: 35.0791%
 -- Sample 37: 35.2992%
 -- Sample 38: 35.1296%
 -- Sample 39: 35.2133%
 -- Sample 40: 32.9895%
 -- Sample 41: 32.9699%
 -- Sample 42: 33.1471%
 -- Sample 43: 33.1323%
 -- Sample 44: 35.0239%
 -- Sample 45: 34.9683%
 -- Sample 46: 35.4154%
 -- Sample 47: 35.3159%
 -- Sample 48: 38.1294%
 -- Sample 49: 37.8312%
Mean: 39.9155%, Std: 5.1791%
------------------------------------------------------------------
  Processing Batch 2 (Size: 50)...
    Evaluating Ko et al (D3)
Bias Error: using velocity magnitude
Mean: 10.1632, Std: 8.1706
------------------------------------------------------------------
Magnitude Error: 
 -- Sample 0: mean=27.7152%; std=23.0566
 -- Sample 1: mean=29.3188%; std=21.5069
 -- Sample 2: mean=20.3290%; std=16.7401
 -- Sample 3: mean=19.6421%; std=15.9380
 -- Sample 4: mean=21.7067%; std=18.2951
 -- Sample 5: mean=21.1276%; std=16.8304
 -- Sample 6: mean=30.8401%; std=22.5338
 -- Sample 7: mean=32.4604%; std=24.7243
 -- Sample 8: mean=31.9639%; std=22.0366
 -- Sample 9: mean=29.9336%; std=20.8021
 -- Sample 10: mean=40.8665%; std=42.9491
 -- Sample 11: mean=43.7387%; std=44.3321
 -- Sample 12: mean=43.6438%; std=43.4017
 -- Sample 13: mean=44.2452%; std=43.8903
 -- Sample 14: mean=15.6444%; std=10.6702
 -- Sample 15: mean=15.5969%; std=10.6078
 -- Sample 16: mean=15.3308%; std=10.5068
 -- Sample 17: mean=15.6647%; std=10.4960
 -- Sample 18: mean=14.5725%; std=11.5294
 -- Sample 19: mean=14.1542%; std=11.1412
 -- Sample 20: mean=13.7767%; std=10.8321
 -- Sample 21: mean=14.5722%; std=11.3816
 -- Sample 22: mean=23.3337%; std=15.9634
 -- Sample 23: mean=23.2923%; std=15.2241
 -- Sample 24: mean=23.6472%; std=15.9662
 -- Sample 25: mean=23.3721%; std=15.8624
 -- Sample 26: mean=11.9214%; std=9.9005
 -- Sample 27: mean=11.9417%; std=10.0365
 -- Sample 28: mean=12.0749%; std=10.3468
 -- Sample 29: mean=11.1280%; std=9.5231
 -- Sample 30: mean=10.7752%; std=9.1814
 -- Sample 31: mean=11.2703%; std=9.5708
 -- Sample 32: mean=10.7234%; std=9.5042
 -- Sample 33: mean=10.7876%; std=9.3907
 -- Sample 34: mean=12.5835%; std=9.7929
 -- Sample 35: mean=14.0933%; std=11.5448
 -- Sample 36: mean=13.1654%; std=10.4564
 -- Sample 37: mean=13.0865%; std=10.2041
 -- Sample 38: mean=11.9744%; std=9.2301
 -- Sample 39: mean=11.2034%; std=8.8182
 -- Sample 40: mean=11.7376%; std=8.4932
 -- Sample 41: mean=10.6588%; std=7.9717
 -- Sample 42: mean=21.3955%; std=16.8014
 -- Sample 43: mean=20.7998%; std=16.9055
 -- Sample 44: mean=19.7808%; std=15.5902
 -- Sample 45: mean=21.3271%; std=17.1763
 -- Sample 46: mean=10.5930%; std=8.4280
 -- Sample 47: mean=10.6251%; std=8.4424
 -- Sample 48: mean=10.7861%; std=8.4773
 -- Sample 49: mean=10.8571%; std=8.4214
Mean: 19.3156%, Std: 9.4658%
------------------------------------------------------------------
Angular error:
 -- Sample 0: mean=24.8200º; std=32.9091
 -- Sample 1: mean=25.7942º; std=33.3210
 -- Sample 2: mean=25.5384º; std=33.0400
 -- Sample 3: mean=25.3984º; std=33.7570
 -- Sample 4: mean=24.3205º; std=33.0474
 -- Sample 5: mean=25.0400º; std=33.1567
 -- Sample 6: mean=21.8599º; std=31.3521
 -- Sample 7: mean=22.4224º; std=32.5907
 -- Sample 8: mean=22.1060º; std=33.4767
 -- Sample 9: mean=21.7801º; std=32.5356
 -- Sample 10: mean=38.2156º; std=41.9420
 -- Sample 11: mean=36.5981º; std=40.3005
 -- Sample 12: mean=37.8035º; std=41.9914
 -- Sample 13: mean=38.8195º; std=42.2378
 -- Sample 14: mean=17.9718º; std=24.0962
 -- Sample 15: mean=18.0806º; std=24.1118
 -- Sample 16: mean=17.9555º; std=24.1337
 -- Sample 17: mean=17.9700º; std=23.9833
 -- Sample 18: mean=18.6713º; std=25.3940
 -- Sample 19: mean=18.7840º; std=25.4101
 -- Sample 20: mean=18.7051º; std=25.3342
 -- Sample 21: mean=18.6854º; std=25.5258
 -- Sample 22: mean=17.3660º; std=24.7488
 -- Sample 23: mean=17.2126º; std=24.7852
 -- Sample 24: mean=17.2761º; std=24.9642
 -- Sample 25: mean=17.4045º; std=24.8528
 -- Sample 26: mean=16.3433º; std=24.0078
 -- Sample 27: mean=16.3366º; std=24.0756
 -- Sample 28: mean=16.1936º; std=23.9150
 -- Sample 29: mean=16.1362º; std=23.8671
 -- Sample 30: mean=17.2586º; std=24.5523
 -- Sample 31: mean=17.1268º; std=24.3209
 -- Sample 32: mean=17.0519º; std=24.6320
 -- Sample 33: mean=17.3846º; std=24.7315
 -- Sample 34: mean=16.6156º; std=25.2867
 -- Sample 35: mean=16.4847º; std=24.8724
 -- Sample 36: mean=16.5430º; std=24.9416
 -- Sample 37: mean=16.5994º; std=25.0910
 -- Sample 38: mean=19.3034º; std=27.8760
 -- Sample 39: mean=19.7419º; std=28.0092
 -- Sample 40: mean=20.2089º; std=28.4435
 -- Sample 41: mean=19.6344º; std=28.3576
 -- Sample 42: mean=15.9102º; std=25.5441
 -- Sample 43: mean=15.8182º; std=25.3598
 -- Sample 44: mean=15.4522º; std=24.7337
 -- Sample 45: mean=15.6260º; std=25.0612
 -- Sample 46: mean=12.4945º; std=18.7930
 -- Sample 47: mean=12.5100º; std=18.8899
 -- Sample 48: mean=12.5116º; std=18.9226
 -- Sample 49: mean=12.4725º; std=18.7991
Mean: 19.9672º, Std: 6.2328º
------------------------------------------------------------------
Correlation comparison:
 -- Sample 0: 0.9237
 -- Sample 1: 0.9194
 -- Sample 2: 0.9464
 -- Sample 3: 0.9518
 -- Sample 4: 0.9271
 -- Sample 5: 0.9401
 -- Sample 6: 0.9206
 -- Sample 7: 0.9287
 -- Sample 8: 0.9361
 -- Sample 9: 0.9377
 -- Sample 10: 0.9225
 -- Sample 11: 0.9147
 -- Sample 12: 0.9028
 -- Sample 13: 0.9122
 -- Sample 14: 0.9776
 -- Sample 15: 0.9783
 -- Sample 16: 0.9795
 -- Sample 17: 0.9796
 -- Sample 18: 0.9665
 -- Sample 19: 0.9673
 -- Sample 20: 0.9695
 -- Sample 21: 0.9661
 -- Sample 22: 0.9794
 -- Sample 23: 0.9818
 -- Sample 24: 0.9790
 -- Sample 25: 0.9782
 -- Sample 26: 0.9787
 -- Sample 27: 0.9781
 -- Sample 28: 0.9773
 -- Sample 29: 0.9810
 -- Sample 30: 0.9859
 -- Sample 31: 0.9837
 -- Sample 32: 0.9844
 -- Sample 33: 0.9851
 -- Sample 34: 0.9771
 -- Sample 35: 0.9723
 -- Sample 36: 0.9752
 -- Sample 37: 0.9760
 -- Sample 38: 0.9814
 -- Sample 39: 0.9847
 -- Sample 40: 0.9843
 -- Sample 41: 0.9851
 -- Sample 42: 0.9753
 -- Sample 43: 0.9756
 -- Sample 44: 0.9780
 -- Sample 45: 0.9782
 -- Sample 46: 0.9834
 -- Sample 47: 0.9844
 -- Sample 48: 0.9834
 -- Sample 49: 0.9834
Mean=0.9644, Std=0.0245
------------------------------------------------------------------
Flux Error:
 -- Sample 0: 0.6867
 -- Sample 1: 0.3964
 -- Sample 2: 0.3745
 -- Sample 3: 0.5193
 -- Sample 4: 0.4049
 -- Sample 5: 0.5117
 -- Sample 6: 0.5307
 -- Sample 7: 0.4953
 -- Sample 8: 0.5389
 -- Sample 9: 0.4900
 -- Sample 10: 0.5754
 -- Sample 11: 0.7896
 -- Sample 12: 0.5277
 -- Sample 13: 0.7890
 -- Sample 14: 0.2166
 -- Sample 15: 0.2442
 -- Sample 16: 0.2175
 -- Sample 17: 0.2465
 -- Sample 18: 0.2298
 -- Sample 19: 0.2342
 -- Sample 20: 0.2307
 -- Sample 21: 0.2291
 -- Sample 22: 0.3694
 -- Sample 23: 0.3671
 -- Sample 24: 0.3567
 -- Sample 25: 0.3617
 -- Sample 26: 0.2935
 -- Sample 27: 0.3031
 -- Sample 28: 0.2953
 -- Sample 29: 0.3230
 -- Sample 30: 0.3476
 -- Sample 31: 0.2371
 -- Sample 32: 0.3415
 -- Sample 33: 0.2383
 -- Sample 34: 0.3523
 -- Sample 35: 0.4575
 -- Sample 36: 0.3528
 -- Sample 37: 0.4671
 -- Sample 38: 0.2842
 -- Sample 39: 0.2708
 -- Sample 40: 0.2800
 -- Sample 41: 0.2709
 -- Sample 42: 0.4095
 -- Sample 43: 0.5235
 -- Sample 44: 0.3972
 -- Sample 45: 0.5386
 -- Sample 46: 0.2244
 -- Sample 47: 0.2109
 -- Sample 48: 0.2295
 -- Sample 49: 0.2117
Mean: 0.3759, Std: 0.1452
------------------------------------------------------------------
Tortuosity Comparison:
 -- Sample 0: 0.4445%
 -- Sample 1: 2.2991%
 -- Sample 2: 3.2557%
 -- Sample 3: 3.3134%
 -- Sample 4: 4.3706%
 -- Sample 5: 2.4725%
 -- Sample 6: 0.9004%
 -- Sample 7: 1.7364%
 -- Sample 8: 0.8046%
 -- Sample 9: 0.3902%
 -- Sample 10: 0.0296%
 -- Sample 11: 0.4536%
 -- Sample 12: 0.8805%
 -- Sample 13: 0.6611%
 -- Sample 14: 4.5066%
 -- Sample 15: 4.7066%
 -- Sample 16: 4.2273%
 -- Sample 17: 4.6771%
 -- Sample 18: 4.0695%
 -- Sample 19: 4.2614%
 -- Sample 20: 4.2270%
 -- Sample 21: 3.9252%
 -- Sample 22: 2.0966%
 -- Sample 23: 1.8288%
 -- Sample 24: 2.0354%
 -- Sample 25: 2.3122%
 -- Sample 26: 0.3746%
 -- Sample 27: 0.0723%
 -- Sample 28: 0.4131%
 -- Sample 29: 0.7061%
 -- Sample 30: 2.4647%
 -- Sample 31: 2.4119%
 -- Sample 32: 2.0420%
 -- Sample 33: 1.5660%
 -- Sample 34: 1.8660%
 -- Sample 35: 2.0128%
 -- Sample 36: 1.5192%
 -- Sample 37: 1.9918%
 -- Sample 38: 1.3031%
 -- Sample 39: 1.9216%
 -- Sample 40: 1.4388%
 -- Sample 41: 1.3496%
 -- Sample 42: 2.3006%
 -- Sample 43: 2.1642%
 -- Sample 44: 1.8391%
 -- Sample 45: 2.3334%
 -- Sample 46: 2.0463%
 -- Sample 47: 1.6820%
 -- Sample 48: 1.8336%
 -- Sample 49: 2.0288%
Mean: 2.0914%, Std: 1.2867%
------------------------------------------------------------------
Evaluating Divergent:
 -- Sample 0: 37.3302%
 -- Sample 1: 37.9055%
 -- Sample 2: 38.3559%
 -- Sample 3: 37.9307%
 -- Sample 4: 38.1359%
 -- Sample 5: 38.2968%
 -- Sample 6: 35.7154%
 -- Sample 7: 36.1748%
 -- Sample 8: 35.9577%
 -- Sample 9: 35.6639%
 -- Sample 10: 43.2963%
 -- Sample 11: 43.6572%
 -- Sample 12: 43.7416%
 -- Sample 13: 43.7345%
 -- Sample 14: 27.8554%
 -- Sample 15: 27.9455%
 -- Sample 16: 27.7757%
 -- Sample 17: 27.9552%
 -- Sample 18: 27.8645%
 -- Sample 19: 27.9042%
 -- Sample 20: 27.8953%
 -- Sample 21: 27.8971%
 -- Sample 22: 27.0890%
 -- Sample 23: 26.8134%
 -- Sample 24: 27.0696%
 -- Sample 25: 27.1096%
 -- Sample 26: 27.6706%
 -- Sample 27: 27.3539%
 -- Sample 28: 27.1948%
 -- Sample 29: 27.3316%
 -- Sample 30: 28.7467%
 -- Sample 31: 29.0850%
 -- Sample 32: 28.3537%
 -- Sample 33: 28.1813%
 -- Sample 34: 28.1550%
 -- Sample 35: 28.3863%
 -- Sample 36: 28.3782%
 -- Sample 37: 28.2276%
 -- Sample 38: 32.3428%
 -- Sample 39: 32.4164%
 -- Sample 40: 32.6155%
 -- Sample 41: 32.2288%
 -- Sample 42: 30.2949%
 -- Sample 43: 30.4332%
 -- Sample 44: 30.1148%
 -- Sample 45: 30.0835%
 -- Sample 46: 23.6047%
 -- Sample 47: 23.4466%
 -- Sample 48: 23.4714%
 -- Sample 49: 23.6804%
Mean: 31.1774%, Std: 5.4820%
------------------------------------------------------------------
  Processing Batch 3 (Size: 28)...
    Evaluating Ko et al (D3)
Bias Error: using velocity magnitude
Mean: 6.7357, Std: 3.1828
------------------------------------------------------------------
Magnitude Error: 
 -- Sample 0: mean=10.2020%; std=7.9196
 -- Sample 1: mean=10.4876%; std=7.9402
 -- Sample 2: mean=10.6333%; std=8.0443
 -- Sample 3: mean=10.0702%; std=7.8427
 -- Sample 4: mean=15.8635%; std=14.7274
 -- Sample 5: mean=14.7245%; std=14.3472
 -- Sample 6: mean=14.9132%; std=13.8102
 -- Sample 7: mean=15.6751%; std=14.9017
 -- Sample 8: mean=9.3682%; std=7.2963
 -- Sample 9: mean=9.7097%; std=7.4669
 -- Sample 10: mean=9.7125%; std=7.3826
 -- Sample 11: mean=9.3026%; std=7.2623
 -- Sample 12: mean=15.5549%; std=13.7013
 -- Sample 13: mean=14.4967%; std=13.3312
 -- Sample 14: mean=13.5007%; std=11.1031
 -- Sample 15: mean=15.1335%; std=13.2698
 -- Sample 16: mean=11.4836%; std=7.7382
 -- Sample 17: mean=11.9085%; std=7.5386
 -- Sample 18: mean=11.3389%; std=7.8713
 -- Sample 19: mean=10.8058%; std=7.2573
 -- Sample 20: mean=8.9049%; std=7.4699
 -- Sample 21: mean=8.4406%; std=6.3795
 -- Sample 22: mean=8.5644%; std=6.7867
 -- Sample 23: mean=9.3255%; std=7.2625
 -- Sample 24: mean=13.4857%; std=9.3962
 -- Sample 25: mean=12.8926%; std=9.3859
 -- Sample 26: mean=13.0597%; std=9.1299
 -- Sample 27: mean=13.2462%; std=9.3208
Mean: 11.8859%, Std: 2.3885%
------------------------------------------------------------------
Angular error:
 -- Sample 0: mean=12.7836º; std=19.2538
 -- Sample 1: mean=12.7245º; std=19.2493
 -- Sample 2: mean=12.8408º; std=19.3288
 -- Sample 3: mean=12.9091º; std=19.3348
 -- Sample 4: mean=11.6744º; std=18.9609
 -- Sample 5: mean=10.9930º; std=17.7600
 -- Sample 6: mean=10.8601º; std=17.9213
 -- Sample 7: mean=11.5257º; std=18.7895
 -- Sample 8: mean=11.5601º; std=19.1748
 -- Sample 9: mean=11.7440º; std=18.9996
 -- Sample 10: mean=11.7372º; std=18.9995
 -- Sample 11: mean=11.6081º; std=19.0389
 -- Sample 12: mean=11.5857º; std=18.9582
 -- Sample 13: mean=11.2615º; std=18.9052
 -- Sample 14: mean=11.4920º; std=19.0147
 -- Sample 15: mean=11.6912º; std=18.7598
 -- Sample 16: mean=10.8334º; std=20.0174
 -- Sample 17: mean=11.0165º; std=19.7916
 -- Sample 18: mean=11.2196º; std=20.0182
 -- Sample 19: mean=11.0020º; std=20.0737
 -- Sample 20: mean=11.0089º; std=19.4278
 -- Sample 21: mean=10.9321º; std=19.0676
 -- Sample 22: mean=11.1193º; std=19.1078
 -- Sample 23: mean=11.0602º; std=19.4180
 -- Sample 24: mean=10.6523º; std=18.8503
 -- Sample 25: mean=10.6568º; std=19.0677
 -- Sample 26: mean=10.9344º; std=19.5311
 -- Sample 27: mean=10.9086º; std=19.1401
Mean: 11.4405º, Std: 0.6483º
------------------------------------------------------------------
Correlation comparison:
 -- Sample 0: 0.9827
 -- Sample 1: 0.9825
 -- Sample 2: 0.9819
 -- Sample 3: 0.9831
 -- Sample 4: 0.9807
 -- Sample 5: 0.9818
 -- Sample 6: 0.9818
 -- Sample 7: 0.9797
 -- Sample 8: 0.9836
 -- Sample 9: 0.9827
 -- Sample 10: 0.9831
 -- Sample 11: 0.9840
 -- Sample 12: 0.9630
 -- Sample 13: 0.9674
 -- Sample 14: 0.9725
 -- Sample 15: 0.9658
 -- Sample 16: 0.9815
 -- Sample 17: 0.9815
 -- Sample 18: 0.9812
 -- Sample 19: 0.9841
 -- Sample 20: 0.9851
 -- Sample 21: 0.9881
 -- Sample 22: 0.9866
 -- Sample 23: 0.9852
 -- Sample 24: 0.9793
 -- Sample 25: 0.9798
 -- Sample 26: 0.9810
 -- Sample 27: 0.9802
Mean=0.9804, Std=0.0059
------------------------------------------------------------------
Flux Error:
 -- Sample 0: 0.2251
 -- Sample 1: 0.1653
 -- Sample 2: 0.2220
 -- Sample 3: 0.1685
 -- Sample 4: 0.3966
 -- Sample 5: 0.3766
 -- Sample 6: 0.3911
 -- Sample 7: 0.3768
 -- Sample 8: 0.2833
 -- Sample 9: 0.2288
 -- Sample 10: 0.2829
 -- Sample 11: 0.2240
 -- Sample 12: 0.2533
 -- Sample 13: 0.2949
 -- Sample 14: 0.2405
 -- Sample 15: 0.2955
 -- Sample 16: 0.3506
 -- Sample 17: 0.2626
 -- Sample 18: 0.3458
 -- Sample 19: 0.2639
 -- Sample 20: 0.3273
 -- Sample 21: 0.3248
 -- Sample 22: 0.3239
 -- Sample 23: 0.3241
 -- Sample 24: 0.3549
 -- Sample 25: 0.2156
 -- Sample 26: 0.3589
 -- Sample 27: 0.1962
Mean: 0.2884, Std: 0.0666
------------------------------------------------------------------
Tortuosity Comparison:
 -- Sample 0: 1.3685%
 -- Sample 1: 1.5395%
 -- Sample 2: 1.7138%
 -- Sample 3: 1.4250%
 -- Sample 4: 0.3591%
 -- Sample 5: 0.1279%
 -- Sample 6: 0.2039%
 -- Sample 7: 0.2865%
 -- Sample 8: 0.8023%
 -- Sample 9: 0.8727%
 -- Sample 10: 1.0396%
 -- Sample 11: 0.6860%
 -- Sample 12: 2.5776%
 -- Sample 13: 2.6441%
 -- Sample 14: 2.2232%
 -- Sample 15: 2.5787%
 -- Sample 16: 1.0969%
 -- Sample 17: 1.1901%
 -- Sample 18: 1.5577%
 -- Sample 19: 1.3404%
 -- Sample 20: 1.1308%
 -- Sample 21: 1.3273%
 -- Sample 22: 1.2656%
 -- Sample 23: 0.8907%
 -- Sample 24: 1.5665%
 -- Sample 25: 1.3256%
 -- Sample 26: 0.9878%
 -- Sample 27: 1.3314%
Mean: 1.2664%, Std: 0.6545%
------------------------------------------------------------------
Evaluating Divergent:
 -- Sample 0: 23.7526%
 -- Sample 1: 23.3662%
 -- Sample 2: 23.5942%
 -- Sample 3: 23.8395%
 -- Sample 4: 23.0126%
 -- Sample 5: 22.7011%
 -- Sample 6: 22.7908%
 -- Sample 7: 23.1952%
 -- Sample 8: 23.6045%
 -- Sample 9: 23.4748%
 -- Sample 10: 23.5884%
 -- Sample 11: 23.6834%
 -- Sample 12: 25.6154%
 -- Sample 13: 25.5138%
 -- Sample 14: 26.1466%
 -- Sample 15: 26.1929%
 -- Sample 16: 23.4191%
 -- Sample 17: 23.5386%
 -- Sample 18: 23.7619%
 -- Sample 19: 23.3898%
 -- Sample 20: 26.1046%
 -- Sample 21: 26.0693%
 -- Sample 22: 26.1467%
 -- Sample 23: 25.9816%
 -- Sample 24: 25.6113%
 -- Sample 25: 25.6213%
 -- Sample 26: 25.1131%
 -- Sample 27: 25.5139%
Mean: 24.4408%, Std: 1.2245%
------------------------------------------------------------------

Processing Dataset: Spherical Grains
Considering 128 samples from ../NN_Datasets_Grad_Dist_40_5_55/Test_Silveira_SphGrain_SAug_DNorm.h5.
  Processing Batch 1 (Size: 50)...
    Evaluating Ko et al (D3)
Bias Error: using velocity magnitude
Mean: 116.7761, Std: 289.9978
------------------------------------------------------------------
Magnitude Error: 
 -- Sample 0: mean=30.3802%; std=21.6209
 -- Sample 1: mean=31.0002%; std=26.4245
 -- Sample 2: mean=27.9918%; std=21.1032
 -- Sample 3: mean=26.9040%; std=19.8710
 -- Sample 4: mean=27.8533%; std=17.6447
 -- Sample 5: mean=23.7389%; std=18.2636
 -- Sample 6: mean=22.1874%; std=16.0045
 -- Sample 7: mean=23.8651%; std=18.1875
 -- Sample 8: mean=29.4681%; std=19.8569
 -- Sample 9: mean=32.8410%; std=19.7081
 -- Sample 10: mean=28.8202%; std=22.1067
 -- Sample 11: mean=28.7440%; std=19.5283
 -- Sample 12: mean=45.3639%; std=38.9691
 -- Sample 13: mean=48.5479%; std=39.5185
 -- Sample 14: mean=49.2905%; std=46.5824
 -- Sample 15: mean=48.8239%; std=41.8686
 -- Sample 16: mean=77.1268%; std=93.2343
 -- Sample 17: mean=69.8620%; std=86.2907
 -- Sample 18: mean=88.3651%; std=101.7652
 -- Sample 19: mean=92.5355%; std=98.6697
 -- Sample 20: mean=30.6781%; std=17.1771
 -- Sample 21: mean=30.1182%; std=18.3836
 -- Sample 22: mean=30.9811%; std=16.5356
 -- Sample 23: mean=30.9455%; std=16.1668
 -- Sample 24: mean=1123.3245%; std=2224.6990
 -- Sample 25: mean=1350.5316%; std=2374.7451
 -- Sample 26: mean=1283.7256%; std=2075.5579
 -- Sample 27: mean=1094.9176%; std=2099.4763
 -- Sample 28: mean=28.1029%; std=22.5132
 -- Sample 29: mean=33.6324%; std=23.1671
 -- Sample 30: mean=31.5917%; std=24.8118
 -- Sample 31: mean=33.9772%; std=25.8556
 -- Sample 32: mean=65.7421%; std=53.6132
 -- Sample 33: mean=81.3823%; std=66.7168
 -- Sample 34: mean=90.5268%; std=73.7875
 -- Sample 35: mean=82.2979%; std=69.5666
 -- Sample 36: mean=38.6634%; std=34.4506
 -- Sample 37: mean=38.2097%; std=33.0788
 -- Sample 38: mean=40.1908%; std=35.6003
 -- Sample 39: mean=44.8363%; std=41.0023
 -- Sample 40: mean=24.5734%; std=12.9704
 -- Sample 41: mean=20.7657%; std=14.0933
 -- Sample 42: mean=20.1794%; std=13.5055
 -- Sample 43: mean=22.6832%; std=13.0766
 -- Sample 44: mean=60.6997%; std=44.2013
 -- Sample 45: mean=61.2265%; std=37.5706
 -- Sample 46: mean=50.2438%; std=37.4362
 -- Sample 47: mean=54.2523%; std=42.7634
 -- Sample 48: mean=17.2140%; std=15.0502
 -- Sample 49: mean=18.4207%; std=16.6334
Mean: 135.7669%, Std: 319.7689%
------------------------------------------------------------------
Angular error:
 -- Sample 0: mean=22.4249º; std=29.7063
 -- Sample 1: mean=22.3698º; std=30.1532
 -- Sample 2: mean=24.9781º; std=34.6216
 -- Sample 3: mean=24.7144º; std=33.4781
 -- Sample 4: mean=26.4452º; std=35.8195
 -- Sample 5: mean=25.4307º; std=35.6013
 -- Sample 6: mean=25.3632º; std=35.1205
 -- Sample 7: mean=25.5809º; std=34.7324
 -- Sample 8: mean=22.0904º; std=30.4375
 -- Sample 9: mean=22.2352º; std=30.4374
 -- Sample 10: mean=22.5424º; std=30.0232
 -- Sample 11: mean=23.0340º; std=30.8508
 -- Sample 12: mean=34.5662º; std=41.1214
 -- Sample 13: mean=34.1185º; std=40.7567
 -- Sample 14: mean=32.5914º; std=39.9020
 -- Sample 15: mean=33.1354º; std=39.6270
 -- Sample 16: mean=26.0229º; std=30.5074
 -- Sample 17: mean=26.7516º; std=31.0590
 -- Sample 18: mean=27.0051º; std=31.9479
 -- Sample 19: mean=27.9147º; std=33.3626
 -- Sample 20: mean=15.3696º; std=27.5251
 -- Sample 21: mean=14.3004º; std=26.2850
 -- Sample 22: mean=13.7792º; std=25.8020
 -- Sample 23: mean=14.9345º; std=27.3942
 -- Sample 24: mean=33.6311º; std=35.5950
 -- Sample 25: mean=35.5982º; std=37.5427
 -- Sample 26: mean=38.5489º; std=38.7169
 -- Sample 27: mean=35.7817º; std=35.7993
 -- Sample 28: mean=35.9684º; std=37.6835
 -- Sample 29: mean=36.4980º; std=38.5720
 -- Sample 30: mean=36.3175º; std=40.3545
 -- Sample 31: mean=35.2958º; std=39.2555
 -- Sample 32: mean=30.9826º; std=35.7761
 -- Sample 33: mean=30.2626º; std=34.8150
 -- Sample 34: mean=30.7756º; std=36.2934
 -- Sample 35: mean=30.9083º; std=36.2722
 -- Sample 36: mean=30.9839º; std=36.2714
 -- Sample 37: mean=32.9587º; std=37.2517
 -- Sample 38: mean=31.1530º; std=35.9564
 -- Sample 39: mean=30.4826º; std=35.9730
 -- Sample 40: mean=17.9135º; std=27.1691
 -- Sample 41: mean=19.9258º; std=28.8917
 -- Sample 42: mean=19.4219º; std=29.2692
 -- Sample 43: mean=18.5891º; std=28.3657
 -- Sample 44: mean=20.0224º; std=25.8916
 -- Sample 45: mean=19.9809º; std=25.5007
 -- Sample 46: mean=18.8021º; std=25.6614
 -- Sample 47: mean=18.9830º; std=25.7063
 -- Sample 48: mean=21.9937º; std=31.1893
 -- Sample 49: mean=21.2766º; std=30.5788
Mean: 26.4151º, Std: 6.7224º
------------------------------------------------------------------
Correlation comparison:
 -- Sample 0: 0.9154
 -- Sample 1: 0.9060
 -- Sample 2: 0.9286
 -- Sample 3: 0.9422
 -- Sample 4: 0.9852
 -- Sample 5: 0.9800
 -- Sample 6: 0.9794
 -- Sample 7: 0.9796
 -- Sample 8: 0.9489
 -- Sample 9: 0.9463
 -- Sample 10: 0.9398
 -- Sample 11: 0.9541
 -- Sample 12: 0.9106
 -- Sample 13: 0.9160
 -- Sample 14: 0.9117
 -- Sample 15: 0.9078
 -- Sample 16: 0.8018
 -- Sample 17: 0.8074
 -- Sample 18: 0.7962
 -- Sample 19: 0.8147
 -- Sample 20: 0.9241
 -- Sample 21: 0.9177
 -- Sample 22: 0.9366
 -- Sample 23: 0.9396
 -- Sample 24: 0.0966
 -- Sample 25: 0.1318
 -- Sample 26: 0.1621
 -- Sample 27: 0.1106
 -- Sample 28: 0.7899
 -- Sample 29: 0.7697
 -- Sample 30: 0.7919
 -- Sample 31: 0.8241
 -- Sample 32: 0.8407
 -- Sample 33: 0.7946
 -- Sample 34: 0.7860
 -- Sample 35: 0.8218
 -- Sample 36: 0.9109
 -- Sample 37: 0.9148
 -- Sample 38: 0.9168
 -- Sample 39: 0.8891
 -- Sample 40: 0.9539
 -- Sample 41: 0.9602
 -- Sample 42: 0.9627
 -- Sample 43: 0.9565
 -- Sample 44: 0.9388
 -- Sample 45: 0.9571
 -- Sample 46: 0.9488
 -- Sample 47: 0.9290
 -- Sample 48: 0.9636
 -- Sample 49: 0.9589
Mean=0.8414, Std=0.2200
------------------------------------------------------------------
Flux Error:
 -- Sample 0: 0.5720
 -- Sample 1: 0.9082
 -- Sample 2: 0.5711
 -- Sample 3: 0.8459
 -- Sample 4: 1.0131
 -- Sample 5: 0.9051
 -- Sample 6: 0.9114
 -- Sample 7: 0.9153
 -- Sample 8: 0.9083
 -- Sample 9: 0.4542
 -- Sample 10: 0.9295
 -- Sample 11: 0.4592
 -- Sample 12: 0.7068
 -- Sample 13: 0.9803
 -- Sample 14: 0.7739
 -- Sample 15: 0.8656
 -- Sample 16: 0.8972
 -- Sample 17: 0.8726
 -- Sample 18: 1.0690
 -- Sample 19: 1.0439
 -- Sample 20: 0.3984
 -- Sample 21: 0.4215
 -- Sample 22: 0.3801
 -- Sample 23: 0.4653
 -- Sample 24: 10.9051
 -- Sample 25: 11.7333
 -- Sample 26: 11.0754
 -- Sample 27: 10.2938
 -- Sample 28: 1.2114
 -- Sample 29: 0.7266
 -- Sample 30: 1.2587
 -- Sample 31: 1.0015
 -- Sample 32: 0.9506
 -- Sample 33: 1.4079
 -- Sample 34: 1.1444
 -- Sample 35: 1.4526
 -- Sample 36: 0.3444
 -- Sample 37: 0.5426
 -- Sample 38: 0.4183
 -- Sample 39: 0.5411
 -- Sample 40: 0.5162
 -- Sample 41: 0.7789
 -- Sample 42: 0.5507
 -- Sample 43: 0.7240
 -- Sample 44: 0.7503
 -- Sample 45: 0.7723
 -- Sample 46: 0.7006
 -- Sample 47: 0.7485
 -- Sample 48: 1.0612
 -- Sample 49: 0.5449
Mean: 1.6085, Std: 2.7860
------------------------------------------------------------------
Tortuosity Comparison:
 -- Sample 0: 0.0514%
 -- Sample 1: 2.0365%
 -- Sample 2: 3.9552%
 -- Sample 3: 0.9036%
 -- Sample 4: 3.2802%
 -- Sample 5: 1.5940%
 -- Sample 6: 1.9840%
 -- Sample 7: 3.4644%
 -- Sample 8: 1.7093%
 -- Sample 9: 4.2450%
 -- Sample 10: 0.7995%
 -- Sample 11: 0.7569%
 -- Sample 12: 5.6791%
 -- Sample 13: 4.5694%
 -- Sample 14: 5.8869%
 -- Sample 15: 7.3767%
 -- Sample 16: 13.3926%
 -- Sample 17: 9.7300%
 -- Sample 18: 10.1432%
 -- Sample 19: 12.2252%
 -- Sample 20: 0.0757%
 -- Sample 21: 0.6237%
 -- Sample 22: 0.3455%
 -- Sample 23: 0.0651%
 -- Sample 24: 0.9679%
 -- Sample 25: 0.0768%
 -- Sample 26: 0.9403%
 -- Sample 27: 1.7179%
 -- Sample 28: 5.0636%
 -- Sample 29: 4.2108%
 -- Sample 30: 7.0555%
 -- Sample 31: 9.7866%
 -- Sample 32: 7.5537%
 -- Sample 33: 6.3615%
 -- Sample 34: 3.9154%
 -- Sample 35: 2.8038%
 -- Sample 36: 6.6988%
 -- Sample 37: 6.8347%
 -- Sample 38: 1.4202%
 -- Sample 39: 1.3912%
 -- Sample 40: 0.0346%
 -- Sample 41: 2.9817%
 -- Sample 42: 2.8282%
 -- Sample 43: 0.2916%
 -- Sample 44: 2.8685%
 -- Sample 45: 2.8218%
 -- Sample 46: 1.3395%
 -- Sample 47: 0.4295%
 -- Sample 48: 0.9138%
 -- Sample 49: 1.4700%
Mean: 3.5534%, Std: 3.3403%
------------------------------------------------------------------
Evaluating Divergent:
 -- Sample 0: 41.9446%
 -- Sample 1: 41.6473%
 -- Sample 2: 39.8418%
 -- Sample 3: 39.7443%
 -- Sample 4: 38.8873%
 -- Sample 5: 37.7915%
 -- Sample 6: 38.8346%
 -- Sample 7: 39.3235%
 -- Sample 8: 43.3346%
 -- Sample 9: 44.0479%
 -- Sample 10: 44.5305%
 -- Sample 11: 44.0253%
 -- Sample 12: 50.5517%
 -- Sample 13: 50.6610%
 -- Sample 14: 48.5787%
 -- Sample 15: 49.7705%
 -- Sample 16: 47.6131%
 -- Sample 17: 47.2407%
 -- Sample 18: 46.8059%
 -- Sample 19: 46.5396%
 -- Sample 20: 37.3502%
 -- Sample 21: 37.2064%
 -- Sample 22: 36.9507%
 -- Sample 23: 37.4062%
 -- Sample 24: 48.4104%
 -- Sample 25: 48.4638%
 -- Sample 26: 48.8077%
 -- Sample 27: 49.5698%
 -- Sample 28: 56.7752%
 -- Sample 29: 56.2070%
 -- Sample 30: 56.7576%
 -- Sample 31: 56.0861%
 -- Sample 32: 49.0402%
 -- Sample 33: 48.6103%
 -- Sample 34: 48.3441%
 -- Sample 35: 49.0105%
 -- Sample 36: 48.7272%
 -- Sample 37: 49.2555%
 -- Sample 38: 49.1629%
 -- Sample 39: 49.0510%
 -- Sample 40: 40.6787%
 -- Sample 41: 40.8340%
 -- Sample 42: 41.3859%
 -- Sample 43: 41.0652%
 -- Sample 44: 38.7572%
 -- Sample 45: 38.8646%
 -- Sample 46: 38.0272%
 -- Sample 47: 38.3194%
 -- Sample 48: 42.1772%
 -- Sample 49: 41.7580%
Mean: 44.8955%, Std: 5.5785%
------------------------------------------------------------------
  Processing Batch 2 (Size: 50)...
    Evaluating Ko et al (D3)
Bias Error: using velocity magnitude
Mean: 36.1910, Std: 61.5432
------------------------------------------------------------------
Magnitude Error: 
 -- Sample 0: mean=14.9843%; std=14.6051
 -- Sample 1: mean=17.9954%; std=14.1496
 -- Sample 2: mean=19.5720%; std=15.2884
 -- Sample 3: mean=17.7795%; std=13.5276
 -- Sample 4: mean=17.4265%; std=13.9668
 -- Sample 5: mean=19.2092%; std=15.2538
 -- Sample 6: mean=19.0212%; std=13.3041
 -- Sample 7: mean=20.0796%; std=16.4306
 -- Sample 8: mean=22.2922%; std=19.8100
 -- Sample 9: mean=19.8452%; std=15.8486
 -- Sample 10: mean=54.7588%; std=47.7310
 -- Sample 11: mean=46.7644%; std=41.7377
 -- Sample 12: mean=51.0909%; std=51.1398
 -- Sample 13: mean=56.1275%; std=71.4637
 -- Sample 14: mean=37.0654%; std=30.6981
 -- Sample 15: mean=45.4517%; std=39.6141
 -- Sample 16: mean=47.7345%; std=43.0288
 -- Sample 17: mean=42.9514%; std=37.1921
 -- Sample 18: mean=25.0060%; std=16.3635
 -- Sample 19: mean=26.3328%; std=14.9319
 -- Sample 20: mean=26.1182%; std=15.0455
 -- Sample 21: mean=27.3815%; std=15.8002
 -- Sample 22: mean=32.6063%; std=19.6031
 -- Sample 23: mean=34.5992%; std=19.9179
 -- Sample 24: mean=30.7187%; std=19.7937
 -- Sample 25: mean=31.7844%; std=18.7978
 -- Sample 26: mean=24.5044%; std=12.2573
 -- Sample 27: mean=23.9763%; std=13.3369
 -- Sample 28: mean=23.7716%; std=12.4124
 -- Sample 29: mean=23.2212%; std=11.2328
 -- Sample 30: mean=35.4752%; std=21.6406
 -- Sample 31: mean=31.6991%; std=21.5070
 -- Sample 32: mean=37.0741%; std=20.2393
 -- Sample 33: mean=38.8698%; std=20.6918
 -- Sample 34: mean=31.4481%; std=21.4646
 -- Sample 35: mean=35.4576%; std=20.8566
 -- Sample 36: mean=33.2614%; std=20.6934
 -- Sample 37: mean=30.3556%; std=21.2033
 -- Sample 38: mean=26.7647%; std=19.3787
 -- Sample 39: mean=28.8693%; std=21.2475
 -- Sample 40: mean=27.5343%; std=19.3831
 -- Sample 41: mean=27.6536%; std=19.3732
 -- Sample 42: mean=27.7618%; std=31.1253
 -- Sample 43: mean=25.8901%; std=28.0871
 -- Sample 44: mean=25.8546%; std=28.2560
 -- Sample 45: mean=25.6022%; std=31.5911
 -- Sample 46: mean=22.7570%; std=17.1333
 -- Sample 47: mean=23.3971%; std=17.9376
 -- Sample 48: mean=23.6859%; std=18.6772
 -- Sample 49: mean=22.6675%; std=17.8101
Mean: 29.6450%, Std: 9.7864%
------------------------------------------------------------------
Angular error:
 -- Sample 0: mean=21.8859º; std=31.1998
 -- Sample 1: mean=21.7208º; std=31.0580
 -- Sample 2: mean=21.0659º; std=30.6879
 -- Sample 3: mean=20.2655º; std=29.2408
 -- Sample 4: mean=18.5994º; std=27.6288
 -- Sample 5: mean=19.0251º; std=27.7898
 -- Sample 6: mean=18.5807º; std=25.7749
 -- Sample 7: mean=19.2162º; std=25.7896
 -- Sample 8: mean=19.1870º; std=25.8402
 -- Sample 9: mean=19.0140º; std=26.5589
 -- Sample 10: mean=37.5009º; std=41.7688
 -- Sample 11: mean=40.8613º; std=42.3393
 -- Sample 12: mean=40.0588º; std=41.5541
 -- Sample 13: mean=37.3740º; std=41.6529
 -- Sample 14: mean=15.6352º; std=22.9175
 -- Sample 15: mean=15.7352º; std=22.4693
 -- Sample 16: mean=16.3085º; std=23.1885
 -- Sample 17: mean=16.0573º; std=22.8862
 -- Sample 18: mean=17.2987º; std=25.8113
 -- Sample 19: mean=17.6539º; std=26.4566
 -- Sample 20: mean=17.0822º; std=25.6949
 -- Sample 21: mean=16.7032º; std=24.5873
 -- Sample 22: mean=20.3881º; std=26.9446
 -- Sample 23: mean=20.0988º; std=26.9546
 -- Sample 24: mean=20.7116º; std=27.2821
 -- Sample 25: mean=20.2844º; std=26.7083
 -- Sample 26: mean=16.7668º; std=25.3142
 -- Sample 27: mean=16.0432º; std=24.5821
 -- Sample 28: mean=16.7616º; std=24.4418
 -- Sample 29: mean=16.4587º; std=24.4061
 -- Sample 30: mean=18.4762º; std=26.0961
 -- Sample 31: mean=19.0731º; std=26.6437
 -- Sample 32: mean=20.0855º; std=28.5717
 -- Sample 33: mean=18.7805º; std=26.9081
 -- Sample 34: mean=27.0718º; std=34.4537
 -- Sample 35: mean=27.3520º; std=33.5470
 -- Sample 36: mean=26.9732º; std=33.4304
 -- Sample 37: mean=26.5800º; std=33.0949
 -- Sample 38: mean=23.8524º; std=33.6339
 -- Sample 39: mean=22.7868º; std=32.5472
 -- Sample 40: mean=23.6214º; std=34.1807
 -- Sample 41: mean=23.8426º; std=34.1218
 -- Sample 42: mean=17.5263º; std=23.2065
 -- Sample 43: mean=17.2808º; std=22.8272
 -- Sample 44: mean=17.5929º; std=24.4283
 -- Sample 45: mean=18.2322º; std=24.1309
 -- Sample 46: mean=14.7857º; std=23.5933
 -- Sample 47: mean=14.5525º; std=22.8227
 -- Sample 48: mean=14.6614º; std=23.1902
 -- Sample 49: mean=14.5464º; std=23.4450
Mean: 20.8403º, Std: 6.2649º
------------------------------------------------------------------
Correlation comparison:
 -- Sample 0: 0.9650
 -- Sample 1: 0.9585
 -- Sample 2: 0.9579
 -- Sample 3: 0.9676
 -- Sample 4: 0.9665
 -- Sample 5: 0.9591
 -- Sample 6: 0.9596
 -- Sample 7: 0.9473
 -- Sample 8: 0.9363
 -- Sample 9: 0.9489
 -- Sample 10: 0.2970
 -- Sample 11: 0.3128
 -- Sample 12: 0.2780
 -- Sample 13: 0.3270
 -- Sample 14: 0.9609
 -- Sample 15: 0.9457
 -- Sample 16: 0.9384
 -- Sample 17: 0.9480
 -- Sample 18: 0.9569
 -- Sample 19: 0.9625
 -- Sample 20: 0.9630
 -- Sample 21: 0.9617
 -- Sample 22: 0.9301
 -- Sample 23: 0.9173
 -- Sample 24: 0.9405
 -- Sample 25: 0.9360
 -- Sample 26: 0.9817
 -- Sample 27: 0.9745
 -- Sample 28: 0.9770
 -- Sample 29: 0.9825
 -- Sample 30: 0.9069
 -- Sample 31: 0.9183
 -- Sample 32: 0.9128
 -- Sample 33: 0.9169
 -- Sample 34: 0.9321
 -- Sample 35: 0.9079
 -- Sample 36: 0.9274
 -- Sample 37: 0.9365
 -- Sample 38: 0.9584
 -- Sample 39: 0.9524
 -- Sample 40: 0.9645
 -- Sample 41: 0.9567
 -- Sample 42: 0.9529
 -- Sample 43: 0.9428
 -- Sample 44: 0.9470
 -- Sample 45: 0.9491
 -- Sample 46: 0.9780
 -- Sample 47: 0.9742
 -- Sample 48: 0.9767
 -- Sample 49: 0.9783
Mean=0.8990, Std=0.1767
------------------------------------------------------------------
Flux Error:
 -- Sample 0: 1.0950
 -- Sample 1: 0.6587
 -- Sample 2: 0.4848
 -- Sample 3: 0.6313
 -- Sample 4: 0.4952
 -- Sample 5: 0.6038
 -- Sample 6: 0.4072
 -- Sample 7: 0.7190
 -- Sample 8: 0.4268
 -- Sample 9: 0.7091
 -- Sample 10: 2.6621
 -- Sample 11: 2.7342
 -- Sample 12: 2.6132
 -- Sample 13: 2.9888
 -- Sample 14: 0.6221
 -- Sample 15: 0.7540
 -- Sample 16: 0.7976
 -- Sample 17: 0.6639
 -- Sample 18: 0.5090
 -- Sample 19: 0.4093
 -- Sample 20: 0.4983
 -- Sample 21: 0.4222
 -- Sample 22: 0.4928
 -- Sample 23: 0.6474
 -- Sample 24: 0.4699
 -- Sample 25: 0.6622
 -- Sample 26: 0.3734
 -- Sample 27: 0.6229
 -- Sample 28: 0.3613
 -- Sample 29: 0.6234
 -- Sample 30: 0.6906
 -- Sample 31: 0.6218
 -- Sample 32: 0.6814
 -- Sample 33: 0.6001
 -- Sample 34: 0.5555
 -- Sample 35: 0.9327
 -- Sample 36: 0.6323
 -- Sample 37: 0.9546
 -- Sample 38: 0.7420
 -- Sample 39: 0.8785
 -- Sample 40: 0.7522
 -- Sample 41: 0.9040
 -- Sample 42: 0.4522
 -- Sample 43: 0.8125
 -- Sample 44: 0.3792
 -- Sample 45: 0.8696
 -- Sample 46: 0.6728
 -- Sample 47: 0.4406
 -- Sample 48: 0.6573
 -- Sample 49: 0.4669
Mean: 0.7971, Std: 0.5999
------------------------------------------------------------------
Tortuosity Comparison:
 -- Sample 0: 1.7235%
 -- Sample 1: 2.4077%
 -- Sample 2: 0.2662%
 -- Sample 3: 0.7544%
 -- Sample 4: 0.2476%
 -- Sample 5: 1.8220%
 -- Sample 6: 0.2032%
 -- Sample 7: 0.2331%
 -- Sample 8: 1.1112%
 -- Sample 9: 1.6530%
 -- Sample 10: 1.3060%
 -- Sample 11: 4.8013%
 -- Sample 12: 0.1316%
 -- Sample 13: 0.8205%
 -- Sample 14: 0.3051%
 -- Sample 15: 4.7665%
 -- Sample 16: 4.5810%
 -- Sample 17: 1.4592%
 -- Sample 18: 1.2999%
 -- Sample 19: 2.8798%
 -- Sample 20: 2.4975%
 -- Sample 21: 2.2022%
 -- Sample 22: 0.2274%
 -- Sample 23: 2.2813%
 -- Sample 24: 2.8288%
 -- Sample 25: 1.4120%
 -- Sample 26: 1.5143%
 -- Sample 27: 1.7154%
 -- Sample 28: 2.8042%
 -- Sample 29: 1.4430%
 -- Sample 30: 4.1100%
 -- Sample 31: 3.3411%
 -- Sample 32: 3.6396%
 -- Sample 33: 3.3069%
 -- Sample 34: 3.7192%
 -- Sample 35: 3.1472%
 -- Sample 36: 0.8983%
 -- Sample 37: 1.6379%
 -- Sample 38: 3.2314%
 -- Sample 39: 4.4315%
 -- Sample 40: 0.9365%
 -- Sample 41: 0.1485%
 -- Sample 42: 3.6103%
 -- Sample 43: 3.9255%
 -- Sample 44: 5.3378%
 -- Sample 45: 5.8682%
 -- Sample 46: 0.4374%
 -- Sample 47: 0.2747%
 -- Sample 48: 0.3393%
 -- Sample 49: 0.5464%
Mean: 2.0917%, Std: 1.5714%
------------------------------------------------------------------
Evaluating Divergent:
 -- Sample 0: 42.6375%
 -- Sample 1: 42.3501%
 -- Sample 2: 40.5430%
 -- Sample 3: 40.4976%
 -- Sample 4: 39.9230%
 -- Sample 5: 39.9134%
 -- Sample 6: 39.0328%
 -- Sample 7: 40.9832%
 -- Sample 8: 41.0266%
 -- Sample 9: 39.1673%
 -- Sample 10: 52.0098%
 -- Sample 11: 52.6306%
 -- Sample 12: 53.6115%
 -- Sample 13: 53.4629%
 -- Sample 14: 35.4545%
 -- Sample 15: 36.0567%
 -- Sample 16: 36.9799%
 -- Sample 17: 36.2752%
 -- Sample 18: 33.7851%
 -- Sample 19: 34.1715%
 -- Sample 20: 33.9667%
 -- Sample 21: 33.4023%
 -- Sample 22: 39.9331%
 -- Sample 23: 39.3349%
 -- Sample 24: 39.6525%
 -- Sample 25: 39.8473%
 -- Sample 26: 34.4033%
 -- Sample 27: 33.7087%
 -- Sample 28: 34.5633%
 -- Sample 29: 34.2790%
 -- Sample 30: 40.3899%
 -- Sample 31: 39.9146%
 -- Sample 32: 40.6493%
 -- Sample 33: 40.5387%
 -- Sample 34: 50.6712%
 -- Sample 35: 51.0600%
 -- Sample 36: 50.6194%
 -- Sample 37: 50.7829%
 -- Sample 38: 44.2292%
 -- Sample 39: 44.8196%
 -- Sample 40: 44.2270%
 -- Sample 41: 44.0697%
 -- Sample 42: 40.5768%
 -- Sample 43: 41.0871%
 -- Sample 44: 40.0599%
 -- Sample 45: 40.3932%
 -- Sample 46: 31.8953%
 -- Sample 47: 32.0217%
 -- Sample 48: 32.0222%
 -- Sample 49: 31.5201%
Mean: 40.5030%, Std: 6.0466%
------------------------------------------------------------------
  Processing Batch 3 (Size: 28)...
    Evaluating Ko et al (D3)
Bias Error: using velocity magnitude
Mean: 13.1529, Std: 9.4659
------------------------------------------------------------------
Magnitude Error: 
 -- Sample 0: mean=19.3222%; std=11.1383
 -- Sample 1: mean=18.7558%; std=11.9800
 -- Sample 2: mean=17.1326%; std=11.4779
 -- Sample 3: mean=15.9033%; std=11.1015
 -- Sample 4: mean=22.4169%; std=17.1625
 -- Sample 5: mean=20.1789%; std=14.7817
 -- Sample 6: mean=20.8201%; std=15.5312
 -- Sample 7: mean=23.4358%; std=17.9826
 -- Sample 8: mean=31.7310%; std=27.0929
 -- Sample 9: mean=33.1356%; std=30.5639
 -- Sample 10: mean=33.3820%; std=31.3691
 -- Sample 11: mean=31.8066%; std=25.0869
 -- Sample 12: mean=15.9109%; std=11.0293
 -- Sample 13: mean=15.0138%; std=11.6825
 -- Sample 14: mean=15.2404%; std=10.6472
 -- Sample 15: mean=15.7870%; std=10.6168
 -- Sample 16: mean=17.2574%; std=15.8546
 -- Sample 17: mean=17.7135%; std=16.8602
 -- Sample 18: mean=18.4031%; std=17.5602
 -- Sample 19: mean=19.5176%; std=15.5163
 -- Sample 20: mean=35.1476%; std=23.3971
 -- Sample 21: mean=33.3821%; std=21.6352
 -- Sample 22: mean=30.2053%; std=20.5680
 -- Sample 23: mean=30.9805%; std=20.0616
 -- Sample 24: mean=20.8346%; std=16.1504
 -- Sample 25: mean=19.6323%; std=13.9542
 -- Sample 26: mean=18.3426%; std=15.7856
 -- Sample 27: mean=20.7791%; std=15.9222
Mean: 22.5774%, Std: 6.6088%
------------------------------------------------------------------
Angular error:
 -- Sample 0: mean=16.5278º; std=21.8093
 -- Sample 1: mean=16.3982º; std=21.7449
 -- Sample 2: mean=16.0256º; std=21.9075
 -- Sample 3: mean=15.8245º; std=21.7343
 -- Sample 4: mean=13.6989º; std=22.9529
 -- Sample 5: mean=13.5628º; std=22.2646
 -- Sample 6: mean=14.1269º; std=23.0393
 -- Sample 7: mean=13.9785º; std=22.9204
 -- Sample 8: mean=13.0633º; std=19.1058
 -- Sample 9: mean=12.8554º; std=19.0028
 -- Sample 10: mean=12.8928º; std=18.9349
 -- Sample 11: mean=13.5209º; std=19.5776
 -- Sample 12: mean=13.8857º; std=23.3983
 -- Sample 13: mean=13.9015º; std=24.2865
 -- Sample 14: mean=13.9515º; std=24.0344
 -- Sample 15: mean=14.2633º; std=23.5517
 -- Sample 16: mean=15.1069º; std=25.9225
 -- Sample 17: mean=15.6044º; std=26.7559
 -- Sample 18: mean=14.7233º; std=25.3487
 -- Sample 19: mean=14.4451º; std=25.1740
 -- Sample 20: mean=15.1332º; std=22.0279
 -- Sample 21: mean=15.7404º; std=23.0498
 -- Sample 22: mean=15.4102º; std=23.8890
 -- Sample 23: mean=15.1154º; std=22.8362
 -- Sample 24: mean=14.6725º; std=20.2363
 -- Sample 25: mean=14.4529º; std=20.1896
 -- Sample 26: mean=14.7828º; std=20.4173
 -- Sample 27: mean=14.7285º; std=20.2328
Mean: 14.5855º, Std: 0.9978º
------------------------------------------------------------------
Correlation comparison:
 -- Sample 0: 0.9849
 -- Sample 1: 0.9816
 -- Sample 2: 0.9836
 -- Sample 3: 0.9862
 -- Sample 4: 0.9547
 -- Sample 5: 0.9665
 -- Sample 6: 0.9693
 -- Sample 7: 0.9566
 -- Sample 8: 0.9469
 -- Sample 9: 0.9345
 -- Sample 10: 0.9323
 -- Sample 11: 0.9446
 -- Sample 12: 0.9604
 -- Sample 13: 0.9588
 -- Sample 14: 0.9649
 -- Sample 15: 0.9633
 -- Sample 16: 0.9629
 -- Sample 17: 0.9655
 -- Sample 18: 0.9581
 -- Sample 19: 0.9520
 -- Sample 20: 0.9413
 -- Sample 21: 0.9493
 -- Sample 22: 0.9418
 -- Sample 23: 0.9513
 -- Sample 24: 0.9412
 -- Sample 25: 0.9564
 -- Sample 26: 0.9542
 -- Sample 27: 0.9425
Mean=0.9573, Std=0.0144
------------------------------------------------------------------
Flux Error:
 -- Sample 0: 0.5424
 -- Sample 1: 0.4225
 -- Sample 2: 0.5868
 -- Sample 3: 0.4269
 -- Sample 4: 0.5156
 -- Sample 5: 0.6182
 -- Sample 6: 0.5329
 -- Sample 7: 0.6414
 -- Sample 8: 0.5603
 -- Sample 9: 0.3743
 -- Sample 10: 0.5802
 -- Sample 11: 0.3542
 -- Sample 12: 0.5369
 -- Sample 13: 0.5965
 -- Sample 14: 0.5518
 -- Sample 15: 0.6129
 -- Sample 16: 0.6157
 -- Sample 17: 0.6551
 -- Sample 18: 0.6139
 -- Sample 19: 0.6004
 -- Sample 20: 0.6696
 -- Sample 21: 0.4939
 -- Sample 22: 0.6098
 -- Sample 23: 0.4936
 -- Sample 24: 0.4328
 -- Sample 25: 0.5802
 -- Sample 26: 0.4566
 -- Sample 27: 0.5622
Mean: 0.5442, Std: 0.0829
------------------------------------------------------------------
Tortuosity Comparison:
 -- Sample 0: 4.2148%
 -- Sample 1: 1.8535%
 -- Sample 2: 0.2707%
 -- Sample 3: 1.3557%
 -- Sample 4: 2.0217%
 -- Sample 5: 1.9324%
 -- Sample 6: 1.4528%
 -- Sample 7: 1.2660%
 -- Sample 8: 0.7918%
 -- Sample 9: 0.0968%
 -- Sample 10: 0.7901%
 -- Sample 11: 1.8428%
 -- Sample 12: 0.2119%
 -- Sample 13: 1.2622%
 -- Sample 14: 1.2606%
 -- Sample 15: 0.2670%
 -- Sample 16: 1.5932%
 -- Sample 17: 1.8667%
 -- Sample 18: 0.6142%
 -- Sample 19: 0.6504%
 -- Sample 20: 0.4046%
 -- Sample 21: 0.7445%
 -- Sample 22: 1.5643%
 -- Sample 23: 2.3709%
 -- Sample 24: 1.9235%
 -- Sample 25: 3.3730%
 -- Sample 26: 3.6224%
 -- Sample 27: 2.6821%
Mean: 1.5107%, Std: 1.0299%
------------------------------------------------------------------
Evaluating Divergent:
 -- Sample 0: 34.2748%
 -- Sample 1: 33.9541%
 -- Sample 2: 33.4848%
 -- Sample 3: 33.7980%
 -- Sample 4: 31.7326%
 -- Sample 5: 32.6519%
 -- Sample 6: 32.4399%
 -- Sample 7: 31.8844%
 -- Sample 8: 32.9689%
 -- Sample 9: 32.9877%
 -- Sample 10: 33.0500%
 -- Sample 11: 33.6065%
 -- Sample 12: 33.3572%
 -- Sample 13: 33.7428%
 -- Sample 14: 33.4563%
 -- Sample 15: 33.8773%
 -- Sample 16: 35.9469%
 -- Sample 17: 35.4273%
 -- Sample 18: 35.0329%
 -- Sample 19: 35.6812%
 -- Sample 20: 39.4359%
 -- Sample 21: 38.4035%
 -- Sample 22: 38.4989%
 -- Sample 23: 38.6342%
 -- Sample 24: 37.2753%
 -- Sample 25: 37.5760%
 -- Sample 26: 37.6107%
 -- Sample 27: 37.5366%
Mean: 34.9402%, Std: 2.2589%
------------------------------------------------------------------

Processing Dataset: Cylindrical Pores
Considering 120 samples from ../NN_Datasets_Grad_Dist_40_5_55/Test_Silveira_CylinPore_SAug_DNorm.h5.
  Processing Batch 1 (Size: 50)...
    Evaluating Ko et al (D3)
Bias Error: using velocity magnitude
Mean: 44.1893, Std: 45.0897
------------------------------------------------------------------
Magnitude Error: 
 -- Sample 0: mean=50.9135%; std=13.1846
 -- Sample 1: mean=48.8625%; std=16.7923
 -- Sample 2: mean=50.8368%; std=15.1008
 -- Sample 3: mean=50.3903%; std=12.6155
 -- Sample 4: mean=43.6597%; std=13.7640
 -- Sample 5: mean=44.3458%; std=13.5759
 -- Sample 6: mean=44.1190%; std=13.7135
 -- Sample 7: mean=47.9084%; std=12.9825
 -- Sample 8: mean=33.5590%; std=19.2049
 -- Sample 9: mean=36.4753%; std=20.6880
 -- Sample 10: mean=36.8816%; std=19.0143
 -- Sample 11: mean=39.7569%; std=20.0368
 -- Sample 12: mean=38.3764%; std=21.9872
 -- Sample 13: mean=35.0193%; std=22.7987
 -- Sample 14: mean=38.5785%; std=22.6814
 -- Sample 15: mean=39.1704%; std=21.5184
 -- Sample 16: mean=55.9217%; std=21.6623
 -- Sample 17: mean=61.0691%; std=19.2616
 -- Sample 18: mean=57.3354%; std=19.2659
 -- Sample 19: mean=52.8698%; std=22.3049
 -- Sample 20: mean=36.1919%; std=20.9848
 -- Sample 21: mean=40.7986%; std=20.4867
 -- Sample 22: mean=40.2193%; std=23.7212
 -- Sample 23: mean=38.8440%; std=20.7128
 -- Sample 24: mean=57.7643%; std=15.1020
 -- Sample 25: mean=56.2866%; std=13.3641
 -- Sample 26: mean=58.0715%; std=12.8921
 -- Sample 27: mean=59.6888%; std=13.5327
 -- Sample 28: mean=34.6112%; std=42.6723
 -- Sample 29: mean=35.0883%; std=34.8577
 -- Sample 30: mean=41.0938%; std=54.6742
 -- Sample 31: mean=31.0578%; std=38.8775
 -- Sample 32: mean=51.9158%; std=13.4547
 -- Sample 33: mean=53.0100%; std=13.6493
 -- Sample 34: mean=54.1564%; std=11.9405
 -- Sample 35: mean=54.2325%; std=12.8202
 -- Sample 36: mean=39.7471%; std=21.1926
 -- Sample 37: mean=39.5928%; std=20.2495
 -- Sample 38: mean=42.3596%; std=18.2768
 -- Sample 39: mean=41.4053%; std=18.6423
 -- Sample 40: mean=28.6569%; std=15.1594
 -- Sample 41: mean=21.7191%; std=15.0042
 -- Sample 42: mean=28.9515%; std=16.2690
 -- Sample 43: mean=28.3711%; std=17.6586
 -- Sample 44: mean=50.1824%; std=25.0576
 -- Sample 45: mean=49.4862%; std=23.8800
 -- Sample 46: mean=49.8351%; std=23.2103
 -- Sample 47: mean=52.2778%; std=30.0911
 -- Sample 48: mean=43.6260%; std=27.8873
 -- Sample 49: mean=41.9493%; std=27.1435
Mean: 44.1448%, Std: 9.2514%
------------------------------------------------------------------
Angular error:
 -- Sample 0: mean=34.9909º; std=42.6906
 -- Sample 1: mean=34.0540º; std=39.7514
 -- Sample 2: mean=33.4829º; std=39.8915
 -- Sample 3: mean=34.3448º; std=42.6048
 -- Sample 4: mean=41.7034º; std=40.9599
 -- Sample 5: mean=42.8559º; std=41.9491
 -- Sample 6: mean=45.9213º; std=44.9599
 -- Sample 7: mean=44.7906º; std=44.1458
 -- Sample 8: mean=53.4523º; std=49.8403
 -- Sample 9: mean=53.1540º; std=49.8330
 -- Sample 10: mean=54.3310º; std=49.4261
 -- Sample 11: mean=54.4190º; std=48.7642
 -- Sample 12: mean=49.1126º; std=46.6748
 -- Sample 13: mean=50.2681º; std=46.7296
 -- Sample 14: mean=49.4687º; std=46.7390
 -- Sample 15: mean=49.1424º; std=47.1986
 -- Sample 16: mean=73.3651º; std=54.4506
 -- Sample 17: mean=71.6863º; std=54.7405
 -- Sample 18: mean=71.1130º; std=55.3727
 -- Sample 19: mean=73.0595º; std=54.7849
 -- Sample 20: mean=56.8806º; std=51.0549
 -- Sample 21: mean=54.4712º; std=49.6289
 -- Sample 22: mean=51.4491º; std=48.3384
 -- Sample 23: mean=55.2628º; std=51.8649
 -- Sample 24: mean=39.7822º; std=47.2091
 -- Sample 25: mean=39.0760º; std=46.1874
 -- Sample 26: mean=41.3982º; std=49.9654
 -- Sample 27: mean=42.4755º; std=49.8574
 -- Sample 28: mean=40.0562º; std=40.9433
 -- Sample 29: mean=41.9215º; std=41.6131
 -- Sample 30: mean=46.0956º; std=44.5735
 -- Sample 31: mean=43.8716º; std=43.6319
 -- Sample 32: mean=47.6528º; std=50.4735
 -- Sample 33: mean=47.7537º; std=50.3882
 -- Sample 34: mean=43.2053º; std=48.3107
 -- Sample 35: mean=43.1408º; std=48.4559
 -- Sample 36: mean=37.7186º; std=43.3327
 -- Sample 37: mean=38.0107º; std=43.4500
 -- Sample 38: mean=36.5834º; std=43.6629
 -- Sample 39: mean=36.9216º; std=43.7148
 -- Sample 40: mean=35.4189º; std=38.9429
 -- Sample 41: mean=34.6806º; std=37.9386
 -- Sample 42: mean=33.0533º; std=36.6856
 -- Sample 43: mean=33.4159º; std=37.2170
 -- Sample 44: mean=65.5550º; std=49.7960
 -- Sample 45: mean=65.5101º; std=49.4661
 -- Sample 46: mean=66.8498º; std=49.3435
 -- Sample 47: mean=67.3635º; std=50.5941
 -- Sample 48: mean=37.8494º; std=42.0036
 -- Sample 49: mean=40.3660º; std=42.6329
Mean: 47.5701º, Std: 11.5389º
------------------------------------------------------------------
Correlation comparison:
 -- Sample 0: 0.9455
 -- Sample 1: 0.9213
 -- Sample 2: 0.9321
 -- Sample 3: 0.9499
 -- Sample 4: 0.8628
 -- Sample 5: 0.8500
 -- Sample 6: 0.8550
 -- Sample 7: 0.8158
 -- Sample 8: 0.9139
 -- Sample 9: 0.9065
 -- Sample 10: 0.8982
 -- Sample 11: 0.8651
 -- Sample 12: 0.9027
 -- Sample 13: 0.9122
 -- Sample 14: 0.8963
 -- Sample 15: 0.9084
 -- Sample 16: 0.8335
 -- Sample 17: 0.7956
 -- Sample 18: 0.8168
 -- Sample 19: 0.8200
 -- Sample 20: 0.9299
 -- Sample 21: 0.9257
 -- Sample 22: 0.9093
 -- Sample 23: 0.9179
 -- Sample 24: 0.9180
 -- Sample 25: 0.9386
 -- Sample 26: 0.9341
 -- Sample 27: 0.9210
 -- Sample 28: 0.8658
 -- Sample 29: 0.8455
 -- Sample 30: 0.8386
 -- Sample 31: 0.9010
 -- Sample 32: 0.9188
 -- Sample 33: 0.9090
 -- Sample 34: 0.9103
 -- Sample 35: 0.8958
 -- Sample 36: 0.8986
 -- Sample 37: 0.8914
 -- Sample 38: 0.9107
 -- Sample 39: 0.9189
 -- Sample 40: 0.5098
 -- Sample 41: 0.5317
 -- Sample 42: 0.5141
 -- Sample 43: 0.4561
 -- Sample 44: 0.8475
 -- Sample 45: 0.8745
 -- Sample 46: 0.8765
 -- Sample 47: 0.8266
 -- Sample 48: 0.8059
 -- Sample 49: 0.8100
Mean=0.8551, Std=0.1116
------------------------------------------------------------------
Flux Error:
 -- Sample 0: 0.6714
 -- Sample 1: 0.4523
 -- Sample 2: 0.6918
 -- Sample 3: 0.4604
 -- Sample 4: 0.4912
 -- Sample 5: 0.4825
 -- Sample 6: 0.4433
 -- Sample 7: 0.5215
 -- Sample 8: 0.9084
 -- Sample 9: 0.8206
 -- Sample 10: 0.9018
 -- Sample 11: 0.9008
 -- Sample 12: 0.8876
 -- Sample 13: 0.6150
 -- Sample 14: 0.8721
 -- Sample 15: 0.5636
 -- Sample 16: 0.5234
 -- Sample 17: 0.5435
 -- Sample 18: 0.5429
 -- Sample 19: 0.5380
 -- Sample 20: 0.5924
 -- Sample 21: 0.4973
 -- Sample 22: 0.5447
 -- Sample 23: 0.5829
 -- Sample 24: 0.5824
 -- Sample 25: 0.5635
 -- Sample 26: 0.5791
 -- Sample 27: 0.5764
 -- Sample 28: 0.9135
 -- Sample 29: 0.5738
 -- Sample 30: 0.9790
 -- Sample 31: 0.5813
 -- Sample 32: 0.7600
 -- Sample 33: 0.7112
 -- Sample 34: 0.7116
 -- Sample 35: 0.7021
 -- Sample 36: 0.4866
 -- Sample 37: 0.4857
 -- Sample 38: 0.4338
 -- Sample 39: 0.5029
 -- Sample 40: 1.7831
 -- Sample 41: 2.0109
 -- Sample 42: 1.8250
 -- Sample 43: 1.8012
 -- Sample 44: 0.5580
 -- Sample 45: 0.4901
 -- Sample 46: 0.5592
 -- Sample 47: 0.5568
 -- Sample 48: 0.5050
 -- Sample 49: 0.4208
Mean: 0.7141, Std: 0.3671
------------------------------------------------------------------
Tortuosity Comparison:
 -- Sample 0: 4.1624%
 -- Sample 1: 4.2526%
 -- Sample 2: 2.8273%
 -- Sample 3: 5.5800%
 -- Sample 4: 12.4895%
 -- Sample 5: 7.2713%
 -- Sample 6: 9.2569%
 -- Sample 7: 11.6781%
 -- Sample 8: 7.9075%
 -- Sample 9: 7.4245%
 -- Sample 10: 9.0946%
 -- Sample 11: 9.4451%
 -- Sample 12: 7.4829%
 -- Sample 13: 8.8018%
 -- Sample 14: 6.6004%
 -- Sample 15: 5.4034%
 -- Sample 16: 14.0253%
 -- Sample 17: 15.5851%
 -- Sample 18: 6.6625%
 -- Sample 19: 5.2432%
 -- Sample 20: 12.5234%
 -- Sample 21: 11.0133%
 -- Sample 22: 11.6788%
 -- Sample 23: 12.9575%
 -- Sample 24: 7.8874%
 -- Sample 25: 8.0809%
 -- Sample 26: 6.5985%
 -- Sample 27: 6.0230%
 -- Sample 28: 4.8296%
 -- Sample 29: 5.0228%
 -- Sample 30: 5.1271%
 -- Sample 31: 4.0506%
 -- Sample 32: 9.4584%
 -- Sample 33: 5.8977%
 -- Sample 34: 6.4294%
 -- Sample 35: 8.8723%
 -- Sample 36: 5.4339%
 -- Sample 37: 4.1742%
 -- Sample 38: 4.0259%
 -- Sample 39: 5.0566%
 -- Sample 40: 9.8291%
 -- Sample 41: 5.0558%
 -- Sample 42: 8.2116%
 -- Sample 43: 8.6844%
 -- Sample 44: 9.5989%
 -- Sample 45: 0.9291%
 -- Sample 46: 2.5699%
 -- Sample 47: 7.1428%
 -- Sample 48: 17.8685%
 -- Sample 49: 19.1084%
Mean: 7.9067%, Std: 3.7445%
------------------------------------------------------------------
Evaluating Divergent:
 -- Sample 0: 40.0019%
 -- Sample 1: 40.4340%
 -- Sample 2: 40.1976%
 -- Sample 3: 39.7959%
 -- Sample 4: 39.8225%
 -- Sample 5: 41.3575%
 -- Sample 6: 40.3583%
 -- Sample 7: 40.7638%
 -- Sample 8: 50.8029%
 -- Sample 9: 51.6191%
 -- Sample 10: 52.5923%
 -- Sample 11: 52.9350%
 -- Sample 12: 53.2298%
 -- Sample 13: 53.4139%
 -- Sample 14: 53.9181%
 -- Sample 15: 53.4904%
 -- Sample 16: 54.7787%
 -- Sample 17: 54.7060%
 -- Sample 18: 54.0169%
 -- Sample 19: 53.9749%
 -- Sample 20: 51.4409%
 -- Sample 21: 51.6960%
 -- Sample 22: 52.4406%
 -- Sample 23: 51.3414%
 -- Sample 24: 45.1998%
 -- Sample 25: 44.7643%
 -- Sample 26: 44.4520%
 -- Sample 27: 45.9130%
 -- Sample 28: 46.2207%
 -- Sample 29: 47.0256%
 -- Sample 30: 47.1831%
 -- Sample 31: 46.1279%
 -- Sample 32: 49.4264%
 -- Sample 33: 49.9255%
 -- Sample 34: 49.1751%
 -- Sample 35: 49.8728%
 -- Sample 36: 47.6336%
 -- Sample 37: 46.2696%
 -- Sample 38: 45.6428%
 -- Sample 39: 46.3726%
 -- Sample 40: 52.9195%
 -- Sample 41: 52.7257%
 -- Sample 42: 53.2451%
 -- Sample 43: 53.5382%
 -- Sample 44: 54.7694%
 -- Sample 45: 54.2287%
 -- Sample 46: 54.6135%
 -- Sample 47: 55.4380%
 -- Sample 48: 43.4004%
 -- Sample 49: 44.3464%
Mean: 48.7912%, Std: 4.9713%
------------------------------------------------------------------
  Processing Batch 2 (Size: 50)...
    Evaluating Ko et al (D3)
Bias Error: using velocity magnitude
Mean: 27.2516, Std: 15.3342
------------------------------------------------------------------
Magnitude Error: 
 -- Sample 0: mean=43.7162%; std=27.1864
 -- Sample 1: mean=45.6724%; std=29.1226
 -- Sample 2: mean=44.6808%; std=38.4110
 -- Sample 3: mean=45.2783%; std=36.0204
 -- Sample 4: mean=41.9713%; std=32.4105
 -- Sample 5: mean=42.5697%; std=32.5390
 -- Sample 6: mean=26.5354%; std=19.8254
 -- Sample 7: mean=25.9397%; std=20.1196
 -- Sample 8: mean=25.7476%; std=20.5220
 -- Sample 9: mean=26.9596%; std=20.4327
 -- Sample 10: mean=47.6819%; std=12.5303
 -- Sample 11: mean=50.8305%; std=12.3685
 -- Sample 12: mean=51.1283%; std=12.2977
 -- Sample 13: mean=46.3842%; std=13.0508
 -- Sample 14: mean=33.3203%; std=31.1909
 -- Sample 15: mean=39.2706%; std=60.2123
 -- Sample 16: mean=38.3027%; std=49.1355
 -- Sample 17: mean=34.9414%; std=47.8806
 -- Sample 18: mean=42.0648%; std=36.0373
 -- Sample 19: mean=48.1758%; std=42.3376
 -- Sample 20: mean=46.5817%; std=32.1285
 -- Sample 21: mean=43.8801%; std=25.4108
 -- Sample 22: mean=28.3411%; std=14.6888
 -- Sample 23: mean=28.8104%; std=13.9238
 -- Sample 24: mean=30.1488%; std=15.2606
 -- Sample 25: mean=32.2199%; std=14.9891
 -- Sample 26: mean=39.1043%; std=14.5957
 -- Sample 27: mean=37.3720%; std=13.5091
 -- Sample 28: mean=38.1661%; std=13.9450
 -- Sample 29: mean=38.0969%; std=15.1415
 -- Sample 30: mean=30.8057%; std=17.7346
 -- Sample 31: mean=30.4403%; std=15.7740
 -- Sample 32: mean=30.5229%; std=16.6224
 -- Sample 33: mean=29.8389%; std=16.2399
 -- Sample 34: mean=48.2615%; std=14.5441
 -- Sample 35: mean=50.5791%; std=15.3349
 -- Sample 36: mean=49.9128%; std=15.1374
 -- Sample 37: mean=49.8439%; std=14.4976
 -- Sample 38: mean=29.3223%; std=22.8028
 -- Sample 39: mean=31.7997%; std=24.5576
 -- Sample 40: mean=33.3321%; std=28.2517
 -- Sample 41: mean=32.1063%; std=24.8447
 -- Sample 42: mean=46.7751%; std=17.3826
 -- Sample 43: mean=44.4903%; std=17.8513
 -- Sample 44: mean=44.9429%; std=15.6484
 -- Sample 45: mean=45.1295%; std=17.4459
 -- Sample 46: mean=31.9378%; std=16.9592
 -- Sample 47: mean=33.4847%; std=17.2851
 -- Sample 48: mean=32.9154%; std=18.0627
 -- Sample 49: mean=33.2189%; std=15.6469
Mean: 38.4711%, Std: 7.8380%
------------------------------------------------------------------
Angular error:
 -- Sample 0: mean=41.6542º; std=44.0888
 -- Sample 1: mean=39.0122º; std=42.9938
 -- Sample 2: mean=36.4763º; std=43.4585
 -- Sample 3: mean=39.2768º; std=45.9721
 -- Sample 4: mean=39.2133º; std=45.8831
 -- Sample 5: mean=38.1639º; std=45.4451
 -- Sample 6: mean=27.9305º; std=39.7271
 -- Sample 7: mean=29.1161º; std=39.9976
 -- Sample 8: mean=29.6375º; std=41.2316
 -- Sample 9: mean=28.7137º; std=41.1864
 -- Sample 10: mean=22.0880º; std=29.8884
 -- Sample 11: mean=22.5701º; std=32.0769
 -- Sample 12: mean=23.2020º; std=32.7015
 -- Sample 13: mean=21.9781º; std=30.9985
 -- Sample 14: mean=34.3134º; std=38.1215
 -- Sample 15: mean=33.8607º; std=38.9417
 -- Sample 16: mean=36.3038º; std=40.0522
 -- Sample 17: mean=35.6620º; std=37.9899
 -- Sample 18: mean=45.1302º; std=48.8824
 -- Sample 19: mean=45.3690º; std=49.5008
 -- Sample 20: mean=46.8225º; std=49.7800
 -- Sample 21: mean=47.1288º; std=49.5662
 -- Sample 22: mean=20.7108º; std=32.0092
 -- Sample 23: mean=20.4393º; std=31.1820
 -- Sample 24: mean=21.0920º; std=31.2280
 -- Sample 25: mean=21.0792º; std=32.0063
 -- Sample 26: mean=19.4187º; std=28.9920
 -- Sample 27: mean=19.1891º; std=28.0518
 -- Sample 28: mean=19.2404º; std=28.8452
 -- Sample 29: mean=18.9440º; std=29.6171
 -- Sample 30: mean=17.2387º; std=24.8446
 -- Sample 31: mean=16.4259º; std=24.5609
 -- Sample 32: mean=16.0714º; std=23.1620
 -- Sample 33: mean=16.8541º; std=24.6755
 -- Sample 34: mean=21.3639º; std=30.3306
 -- Sample 35: mean=21.7833º; std=31.1161
 -- Sample 36: mean=21.2550º; std=30.1155
 -- Sample 37: mean=21.9028º; std=30.8769
 -- Sample 38: mean=32.7180º; std=40.0329
 -- Sample 39: mean=30.6149º; std=38.1359
 -- Sample 40: mean=30.9921º; std=37.9918
 -- Sample 41: mean=32.5674º; std=39.9423
 -- Sample 42: mean=17.1294º; std=27.8255
 -- Sample 43: mean=19.0887º; std=30.5656
 -- Sample 44: mean=19.0915º; std=31.0021
 -- Sample 45: mean=17.1353º; std=28.1876
 -- Sample 46: mean=13.1312º; std=22.4517
 -- Sample 47: mean=12.3725º; std=21.3143
 -- Sample 48: mean=11.9923º; std=21.7306
 -- Sample 49: mean=12.8710º; std=22.8004
Mean: 26.5267º, Std: 9.8737º
------------------------------------------------------------------
Correlation comparison:
 -- Sample 0: 0.7959
 -- Sample 1: 0.7731
 -- Sample 2: 0.8067
 -- Sample 3: 0.8008
 -- Sample 4: 0.8300
 -- Sample 5: 0.8373
 -- Sample 6: 0.9243
 -- Sample 7: 0.9209
 -- Sample 8: 0.9134
 -- Sample 9: 0.9094
 -- Sample 10: 0.9485
 -- Sample 11: 0.9471
 -- Sample 12: 0.9472
 -- Sample 13: 0.9489
 -- Sample 14: 0.9055
 -- Sample 15: 0.8455
 -- Sample 16: 0.8521
 -- Sample 17: 0.8805
 -- Sample 18: 0.8757
 -- Sample 19: 0.8354
 -- Sample 20: 0.8564
 -- Sample 21: 0.8901
 -- Sample 22: 0.9576
 -- Sample 23: 0.9607
 -- Sample 24: 0.9519
 -- Sample 25: 0.9493
 -- Sample 26: 0.9458
 -- Sample 27: 0.9526
 -- Sample 28: 0.9552
 -- Sample 29: 0.9475
 -- Sample 30: 0.9299
 -- Sample 31: 0.9461
 -- Sample 32: 0.9450
 -- Sample 33: 0.9376
 -- Sample 34: 0.9344
 -- Sample 35: 0.9247
 -- Sample 36: 0.9245
 -- Sample 37: 0.9289
 -- Sample 38: 0.8520
 -- Sample 39: 0.8198
 -- Sample 40: 0.8272
 -- Sample 41: 0.8382
 -- Sample 42: 0.8754
 -- Sample 43: 0.8792
 -- Sample 44: 0.9068
 -- Sample 45: 0.8797
 -- Sample 46: 0.9229
 -- Sample 47: 0.9144
 -- Sample 48: 0.9095
 -- Sample 49: 0.9272
Mean=0.8978, Std=0.0510
------------------------------------------------------------------
Flux Error:
 -- Sample 0: 0.4981
 -- Sample 1: 0.4305
 -- Sample 2: 0.6119
 -- Sample 3: 0.4027
 -- Sample 4: 0.5827
 -- Sample 5: 0.3698
 -- Sample 6: 0.5950
 -- Sample 7: 0.2682
 -- Sample 8: 0.6281
 -- Sample 9: 0.2965
 -- Sample 10: 0.5140
 -- Sample 11: 0.5091
 -- Sample 12: 0.5508
 -- Sample 13: 0.4879
 -- Sample 14: 0.7640
 -- Sample 15: 1.0048
 -- Sample 16: 0.8632
 -- Sample 17: 0.9876
 -- Sample 18: 0.6535
 -- Sample 19: 0.5725
 -- Sample 20: 0.6320
 -- Sample 21: 0.5857
 -- Sample 22: 0.5671
 -- Sample 23: 0.4348
 -- Sample 24: 0.5916
 -- Sample 25: 0.4240
 -- Sample 26: 0.4086
 -- Sample 27: 0.3559
 -- Sample 28: 0.3929
 -- Sample 29: 0.3669
 -- Sample 30: 0.4425
 -- Sample 31: 0.5491
 -- Sample 32: 0.4587
 -- Sample 33: 0.5657
 -- Sample 34: 0.4810
 -- Sample 35: 0.5042
 -- Sample 36: 0.4933
 -- Sample 37: 0.4999
 -- Sample 38: 0.6130
 -- Sample 39: 0.3767
 -- Sample 40: 0.5498
 -- Sample 41: 0.3351
 -- Sample 42: 0.4745
 -- Sample 43: 0.4452
 -- Sample 44: 0.4506
 -- Sample 45: 0.4612
 -- Sample 46: 0.3156
 -- Sample 47: 0.3185
 -- Sample 48: 0.3173
 -- Sample 49: 0.3107
Mean: 0.5063, Std: 0.1559
------------------------------------------------------------------
Tortuosity Comparison:
 -- Sample 0: 21.5845%
 -- Sample 1: 18.1835%
 -- Sample 2: 4.7074%
 -- Sample 3: 3.9054%
 -- Sample 4: 4.0423%
 -- Sample 5: 3.1406%
 -- Sample 6: 2.4800%
 -- Sample 7: 2.0946%
 -- Sample 8: 1.1140%
 -- Sample 9: 1.8169%
 -- Sample 10: 4.0503%
 -- Sample 11: 2.4734%
 -- Sample 12: 1.8144%
 -- Sample 13: 4.3629%
 -- Sample 14: 0.2723%
 -- Sample 15: 1.2180%
 -- Sample 16: 2.5330%
 -- Sample 17: 0.2834%
 -- Sample 18: 7.8602%
 -- Sample 19: 5.1535%
 -- Sample 20: 5.8007%
 -- Sample 21: 7.8545%
 -- Sample 22: 2.8201%
 -- Sample 23: 2.9312%
 -- Sample 24: 3.3782%
 -- Sample 25: 2.6877%
 -- Sample 26: 0.6278%
 -- Sample 27: 1.1723%
 -- Sample 28: 1.9975%
 -- Sample 29: 1.2743%
 -- Sample 30: 5.1700%
 -- Sample 31: 4.2817%
 -- Sample 32: 3.1978%
 -- Sample 33: 4.4333%
 -- Sample 34: 0.6667%
 -- Sample 35: 0.2186%
 -- Sample 36: 0.2045%
 -- Sample 37: 0.3558%
 -- Sample 38: 10.1768%
 -- Sample 39: 10.2758%
 -- Sample 40: 8.9136%
 -- Sample 41: 9.7326%
 -- Sample 42: 0.3879%
 -- Sample 43: 1.3894%
 -- Sample 44: 0.8795%
 -- Sample 45: 0.4003%
 -- Sample 46: 1.4091%
 -- Sample 47: 0.9112%
 -- Sample 48: 1.6085%
 -- Sample 49: 1.3247%
Mean: 3.7914%, Std: 4.2538%
------------------------------------------------------------------
Evaluating Divergent:
 -- Sample 0: 44.2586%
 -- Sample 1: 43.6300%
 -- Sample 2: 42.1292%
 -- Sample 3: 42.4494%
 -- Sample 4: 42.8997%
 -- Sample 5: 42.6156%
 -- Sample 6: 41.2145%
 -- Sample 7: 41.9426%
 -- Sample 8: 41.0762%
 -- Sample 9: 40.5288%
 -- Sample 10: 37.6543%
 -- Sample 11: 38.4801%
 -- Sample 12: 39.5814%
 -- Sample 13: 37.8929%
 -- Sample 14: 56.4471%
 -- Sample 15: 56.2741%
 -- Sample 16: 57.1261%
 -- Sample 17: 57.6736%
 -- Sample 18: 54.5374%
 -- Sample 19: 54.3423%
 -- Sample 20: 55.7048%
 -- Sample 21: 55.7923%
 -- Sample 22: 39.5886%
 -- Sample 23: 39.9180%
 -- Sample 24: 40.9773%
 -- Sample 25: 40.0261%
 -- Sample 26: 36.0842%
 -- Sample 27: 36.9151%
 -- Sample 28: 36.3704%
 -- Sample 29: 35.5939%
 -- Sample 30: 38.9750%
 -- Sample 31: 38.1888%
 -- Sample 32: 37.9925%
 -- Sample 33: 38.8089%
 -- Sample 34: 42.5263%
 -- Sample 35: 42.1365%
 -- Sample 36: 41.9392%
 -- Sample 37: 42.3769%
 -- Sample 38: 43.0873%
 -- Sample 39: 43.3143%
 -- Sample 40: 43.1944%
 -- Sample 41: 43.4464%
 -- Sample 42: 38.3464%
 -- Sample 43: 38.4650%
 -- Sample 44: 38.5317%
 -- Sample 45: 38.9261%
 -- Sample 46: 29.9339%
 -- Sample 47: 30.0064%
 -- Sample 48: 30.0100%
 -- Sample 49: 29.5205%
Mean: 41.9890%, Std: 7.0470%
------------------------------------------------------------------
  Processing Batch 3 (Size: 20)...
    Evaluating Ko et al (D3)
Bias Error: using velocity magnitude
Mean: 34.6353, Std: 2.7100
------------------------------------------------------------------
Magnitude Error: 
 -- Sample 0: mean=37.2806%; std=15.7911
 -- Sample 1: mean=37.0835%; std=15.6139
 -- Sample 2: mean=36.2170%; std=15.1169
 -- Sample 3: mean=36.8985%; std=14.5901
 -- Sample 4: mean=39.1663%; std=14.0414
 -- Sample 5: mean=38.3088%; std=16.5658
 -- Sample 6: mean=37.3516%; std=15.9181
 -- Sample 7: mean=39.0125%; std=15.8239
 -- Sample 8: mean=31.4069%; std=12.4183
 -- Sample 9: mean=30.6010%; std=13.0027
 -- Sample 10: mean=29.7690%; std=12.3717
 -- Sample 11: mean=29.8512%; std=13.8573
 -- Sample 12: mean=37.9208%; std=15.4964
 -- Sample 13: mean=39.2837%; std=16.4139
 -- Sample 14: mean=36.2660%; std=16.0540
 -- Sample 15: mean=33.4956%; std=16.3072
 -- Sample 16: mean=34.0239%; std=15.4696
 -- Sample 17: mean=33.2754%; std=15.5266
 -- Sample 18: mean=33.6364%; std=14.2319
 -- Sample 19: mean=35.0725%; std=14.6582
Mean: 35.2961%, Std: 3.0454%
------------------------------------------------------------------
Angular error:
 -- Sample 0: mean=16.9955º; std=24.7685
 -- Sample 1: mean=16.4362º; std=23.9663
 -- Sample 2: mean=16.1311º; std=23.6034
 -- Sample 3: mean=16.6609º; std=24.2442
 -- Sample 4: mean=12.8277º; std=21.1109
 -- Sample 5: mean=13.2434º; std=21.8850
 -- Sample 6: mean=13.3892º; std=21.5455
 -- Sample 7: mean=12.8247º; std=21.0175
 -- Sample 8: mean=11.7066º; std=18.3283
 -- Sample 9: mean=11.4523º; std=17.0299
 -- Sample 10: mean=11.4375º; std=17.2693
 -- Sample 11: mean=11.9826º; std=18.2651
 -- Sample 12: mean=16.1182º; std=20.8740
 -- Sample 13: mean=15.9409º; std=21.0492
 -- Sample 14: mean=16.5276º; std=21.9023
 -- Sample 15: mean=16.5680º; std=20.8387
 -- Sample 16: mean=13.3165º; std=19.1165
 -- Sample 17: mean=13.8052º; std=20.2603
 -- Sample 18: mean=13.2794º; std=19.9728
 -- Sample 19: mean=12.6560º; std=18.6908
Mean: 14.1650º, Std: 1.9512º
------------------------------------------------------------------
Correlation comparison:
 -- Sample 0: 0.9373
 -- Sample 1: 0.9425
 -- Sample 2: 0.9451
 -- Sample 3: 0.9461
 -- Sample 4: 0.9457
 -- Sample 5: 0.9241
 -- Sample 6: 0.9350
 -- Sample 7: 0.9338
 -- Sample 8: 0.9727
 -- Sample 9: 0.9742
 -- Sample 10: 0.9760
 -- Sample 11: 0.9703
 -- Sample 12: 0.9396
 -- Sample 13: 0.9330
 -- Sample 14: 0.9377
 -- Sample 15: 0.9361
 -- Sample 16: 0.9454
 -- Sample 17: 0.9449
 -- Sample 18: 0.9552
 -- Sample 19: 0.9488
Mean=0.9472, Std=0.0146
------------------------------------------------------------------
Flux Error:
 -- Sample 0: 0.4407
 -- Sample 1: 0.3971
 -- Sample 2: 0.4381
 -- Sample 3: 0.4122
 -- Sample 4: 0.4088
 -- Sample 5: 0.3895
 -- Sample 6: 0.3892
 -- Sample 7: 0.3838
 -- Sample 8: 0.4035
 -- Sample 9: 0.3550
 -- Sample 10: 0.4100
 -- Sample 11: 0.3559
 -- Sample 12: 0.3056
 -- Sample 13: 0.3922
 -- Sample 14: 0.2921
 -- Sample 15: 0.3715
 -- Sample 16: 0.4392
 -- Sample 17: 0.4147
 -- Sample 18: 0.4477
 -- Sample 19: 0.4377
Mean: 0.3942, Std: 0.0413
------------------------------------------------------------------
Tortuosity Comparison:
 -- Sample 0: 1.9277%
 -- Sample 1: 2.0616%
 -- Sample 2: 2.0663%
 -- Sample 3: 1.5325%
 -- Sample 4: 0.0962%
 -- Sample 5: 0.9878%
 -- Sample 6: 1.0909%
 -- Sample 7: 0.2000%
 -- Sample 8: 0.7739%
 -- Sample 9: 1.7620%
 -- Sample 10: 0.4905%
 -- Sample 11: 1.6705%
 -- Sample 12: 8.5788%
 -- Sample 13: 8.1263%
 -- Sample 14: 8.7875%
 -- Sample 15: 9.6854%
 -- Sample 16: 2.4929%
 -- Sample 17: 2.7097%
 -- Sample 18: 2.4061%
 -- Sample 19: 2.0802%
Mean: 2.9763%, Std: 3.0058%
------------------------------------------------------------------
Evaluating Divergent:
 -- Sample 0: 32.4639%
 -- Sample 1: 32.1735%
 -- Sample 2: 32.5065%
 -- Sample 3: 33.1821%
 -- Sample 4: 32.1075%
 -- Sample 5: 32.7710%
 -- Sample 6: 32.1737%
 -- Sample 7: 31.4883%
 -- Sample 8: 31.3696%
 -- Sample 9: 31.4725%
 -- Sample 10: 32.4253%
 -- Sample 11: 32.7230%
 -- Sample 12: 38.3785%
 -- Sample 13: 38.5964%
 -- Sample 14: 39.7094%
 -- Sample 15: 38.9672%
 -- Sample 16: 39.8559%
 -- Sample 17: 39.7215%
 -- Sample 18: 38.6517%
 -- Sample 19: 38.9644%
Mean: 34.9851%, Std: 3.4075%
------------------------------------------------------------------

Processing Dataset: Cylindrical Grains
Considering 96 samples from ../NN_Datasets_Grad_Dist_40_5_55/Test_Silveira_CylinGrain_SAug_DNorm.h5.
  Processing Batch 1 (Size: 50)...
    Evaluating Ko et al (D3)
Bias Error: using velocity magnitude
Mean: 19.7244, Std: 16.0461
------------------------------------------------------------------
Magnitude Error: 
 -- Sample 0: mean=17.7088%; std=12.9032
 -- Sample 1: mean=17.1237%; std=12.1778
 -- Sample 2: mean=18.0918%; std=14.0127
 -- Sample 3: mean=19.2545%; std=14.9365
 -- Sample 4: mean=24.3417%; std=15.4428
 -- Sample 5: mean=27.1892%; std=15.9148
 -- Sample 6: mean=26.1508%; std=15.8039
 -- Sample 7: mean=24.3077%; std=14.1024
 -- Sample 8: mean=45.5881%; std=34.3305
 -- Sample 9: mean=42.0077%; std=29.1567
 -- Sample 10: mean=42.7841%; std=30.1693
 -- Sample 11: mean=44.1204%; std=29.7137
 -- Sample 12: mean=16.7601%; std=12.6786
 -- Sample 13: mean=16.3212%; std=12.4507
 -- Sample 14: mean=14.6267%; std=10.9962
 -- Sample 15: mean=16.1515%; std=12.0932
 -- Sample 16: mean=32.2418%; std=28.5084
 -- Sample 17: mean=30.4398%; std=22.0693
 -- Sample 18: mean=33.3157%; std=28.6341
 -- Sample 19: mean=33.5532%; std=29.3067
 -- Sample 20: mean=20.8491%; std=16.0196
 -- Sample 21: mean=22.0760%; std=15.5955
 -- Sample 22: mean=19.9621%; std=14.7650
 -- Sample 23: mean=22.0283%; std=13.7584
 -- Sample 24: mean=36.3750%; std=37.4330
 -- Sample 25: mean=30.2493%; std=27.9305
 -- Sample 26: mean=28.5977%; std=27.9559
 -- Sample 27: mean=32.0462%; std=33.1645
 -- Sample 28: mean=20.3948%; std=15.1600
 -- Sample 29: mean=21.1218%; std=14.0029
 -- Sample 30: mean=18.5609%; std=12.8909
 -- Sample 31: mean=18.8765%; std=13.6035
 -- Sample 32: mean=28.4434%; std=14.6163
 -- Sample 33: mean=27.0204%; std=14.3121
 -- Sample 34: mean=27.9826%; std=12.2477
 -- Sample 35: mean=26.3994%; std=13.4062
 -- Sample 36: mean=24.0653%; std=16.4068
 -- Sample 37: mean=20.3082%; std=16.0926
 -- Sample 38: mean=24.5623%; std=17.8097
 -- Sample 39: mean=24.7470%; std=18.4255
 -- Sample 40: mean=51.8608%; std=30.2577
 -- Sample 41: mean=50.1368%; std=31.3723
 -- Sample 42: mean=53.1642%; std=33.4695
 -- Sample 43: mean=51.6184%; std=29.9735
 -- Sample 44: mean=46.7315%; std=33.6881
 -- Sample 45: mean=50.6193%; std=34.1603
 -- Sample 46: mean=49.6325%; std=35.1246
 -- Sample 47: mean=47.0472%; std=34.0159
 -- Sample 48: mean=22.0772%; std=14.8884
 -- Sample 49: mean=18.5449%; std=14.6707
Mean: 29.5636%, Std: 11.5599%
------------------------------------------------------------------
Angular error:
 -- Sample 0: mean=9.2177º; std=14.1236
 -- Sample 1: mean=9.2652º; std=13.8830
 -- Sample 2: mean=9.2715º; std=14.1537
 -- Sample 3: mean=9.3343º; std=14.2058
 -- Sample 4: mean=9.8787º; std=14.6557
 -- Sample 5: mean=9.9816º; std=14.5515
 -- Sample 6: mean=9.7554º; std=14.3587
 -- Sample 7: mean=9.8970º; std=14.7336
 -- Sample 8: mean=11.6010º; std=17.3973
 -- Sample 9: mean=11.8127º; std=17.9663
 -- Sample 10: mean=12.0842º; std=18.2755
 -- Sample 11: mean=12.0805º; std=17.5758
 -- Sample 12: mean=11.4051º; std=16.4898
 -- Sample 13: mean=11.2704º; std=16.2463
 -- Sample 14: mean=10.6863º; std=16.0104
 -- Sample 15: mean=11.2007º; std=16.1417
 -- Sample 16: mean=13.6188º; std=18.0114
 -- Sample 17: mean=12.7967º; std=16.9042
 -- Sample 18: mean=13.2618º; std=17.7178
 -- Sample 19: mean=13.8976º; std=18.5136
 -- Sample 20: mean=11.7551º; std=20.5986
 -- Sample 21: mean=11.3841º; std=19.6225
 -- Sample 22: mean=11.6332º; std=19.7989
 -- Sample 23: mean=11.9679º; std=20.5792
 -- Sample 24: mean=19.6061º; std=26.0518
 -- Sample 25: mean=19.9429º; std=26.3481
 -- Sample 26: mean=18.0260º; std=24.4474
 -- Sample 27: mean=18.0423º; std=24.4826
 -- Sample 28: mean=18.8155º; std=25.6588
 -- Sample 29: mean=18.9296º; std=26.3752
 -- Sample 30: mean=18.6253º; std=25.8163
 -- Sample 31: mean=18.0890º; std=24.6763
 -- Sample 32: mean=13.2693º; std=19.9669
 -- Sample 33: mean=13.5433º; std=20.9492
 -- Sample 34: mean=14.0447º; std=20.7014
 -- Sample 35: mean=13.9138º; std=19.9990
 -- Sample 36: mean=17.4724º; std=28.9648
 -- Sample 37: mean=17.0024º; std=28.2462
 -- Sample 38: mean=16.7078º; std=27.9403
 -- Sample 39: mean=16.9324º; std=28.3531
 -- Sample 40: mean=14.3180º; std=20.9856
 -- Sample 41: mean=14.1156º; std=20.6383
 -- Sample 42: mean=15.3237º; std=22.9309
 -- Sample 43: mean=14.1365º; std=21.7513
 -- Sample 44: mean=11.3084º; std=18.0982
 -- Sample 45: mean=11.4313º; std=18.5420
 -- Sample 46: mean=11.5600º; std=17.8646
 -- Sample 47: mean=11.5801º; std=17.9303
 -- Sample 48: mean=19.6186º; std=29.2025
 -- Sample 49: mean=19.4072º; std=29.1113
Mean: 13.6964º, Std: 3.2816º
------------------------------------------------------------------
Correlation comparison:
 -- Sample 0: 0.9821
 -- Sample 1: 0.9796
 -- Sample 2: 0.9775
 -- Sample 3: 0.9802
 -- Sample 4: 0.9801
 -- Sample 5: 0.9806
 -- Sample 6: 0.9826
 -- Sample 7: 0.9838
 -- Sample 8: 0.9376
 -- Sample 9: 0.9489
 -- Sample 10: 0.9498
 -- Sample 11: 0.9473
 -- Sample 12: 0.9569
 -- Sample 13: 0.9596
 -- Sample 14: 0.9656
 -- Sample 15: 0.9554
 -- Sample 16: 0.8323
 -- Sample 17: 0.8702
 -- Sample 18: 0.8459
 -- Sample 19: 0.8391
 -- Sample 20: 0.9438
 -- Sample 21: 0.9411
 -- Sample 22: 0.9493
 -- Sample 23: 0.9542
 -- Sample 24: 0.8687
 -- Sample 25: 0.9050
 -- Sample 26: 0.9133
 -- Sample 27: 0.8940
 -- Sample 28: 0.9476
 -- Sample 29: 0.9436
 -- Sample 30: 0.9588
 -- Sample 31: 0.9521
 -- Sample 32: 0.9641
 -- Sample 33: 0.9736
 -- Sample 34: 0.9764
 -- Sample 35: 0.9739
 -- Sample 36: 0.9493
 -- Sample 37: 0.9656
 -- Sample 38: 0.9492
 -- Sample 39: 0.9507
 -- Sample 40: 0.9372
 -- Sample 41: 0.9294
 -- Sample 42: 0.9185
 -- Sample 43: 0.9380
 -- Sample 44: 0.9343
 -- Sample 45: 0.9368
 -- Sample 46: 0.9372
 -- Sample 47: 0.9189
 -- Sample 48: 0.9394
 -- Sample 49: 0.9541
Mean=0.9415, Std=0.0366
------------------------------------------------------------------
Flux Error:
 -- Sample 0: 0.3472
 -- Sample 1: 0.3454
 -- Sample 2: 0.3392
 -- Sample 3: 0.3579
 -- Sample 4: 0.3366
 -- Sample 5: 0.4761
 -- Sample 6: 0.3644
 -- Sample 7: 0.4660
 -- Sample 8: 0.6283
 -- Sample 9: 0.4640
 -- Sample 10: 0.6204
 -- Sample 11: 0.4918
 -- Sample 12: 0.3254
 -- Sample 13: 0.2838
 -- Sample 14: 0.3353
 -- Sample 15: 0.2840
 -- Sample 16: 0.3118
 -- Sample 17: 0.3787
 -- Sample 18: 0.3404
 -- Sample 19: 0.4282
 -- Sample 20: 0.3616
 -- Sample 21: 0.2601
 -- Sample 22: 0.3550
 -- Sample 23: 0.2702
 -- Sample 24: 0.7034
 -- Sample 25: 0.3697
 -- Sample 26: 0.6808
 -- Sample 27: 0.3552
 -- Sample 28: 0.4367
 -- Sample 29: 0.5528
 -- Sample 30: 0.4043
 -- Sample 31: 0.6000
 -- Sample 32: 0.4625
 -- Sample 33: 0.6069
 -- Sample 34: 0.4509
 -- Sample 35: 0.6024
 -- Sample 36: 0.7853
 -- Sample 37: 0.7224
 -- Sample 38: 0.8345
 -- Sample 39: 0.7219
 -- Sample 40: 0.8130
 -- Sample 41: 1.0347
 -- Sample 42: 0.7967
 -- Sample 43: 1.0741
 -- Sample 44: 0.6975
 -- Sample 45: 0.6903
 -- Sample 46: 0.7142
 -- Sample 47: 0.6904
 -- Sample 48: 0.3260
 -- Sample 49: 0.6597
Mean: 0.5192, Std: 0.2003
------------------------------------------------------------------
Tortuosity Comparison:
 -- Sample 0: 0.4500%
 -- Sample 1: 1.3760%
 -- Sample 2: 0.9974%
 -- Sample 3: 0.0567%
 -- Sample 4: 0.6591%
 -- Sample 5: 1.3155%
 -- Sample 6: 0.9977%
 -- Sample 7: 0.4616%
 -- Sample 8: 0.4460%
 -- Sample 9: 0.2660%
 -- Sample 10: 0.4354%
 -- Sample 11: 0.1819%
 -- Sample 12: 1.9373%
 -- Sample 13: 0.7573%
 -- Sample 14: 0.2105%
 -- Sample 15: 1.3778%
 -- Sample 16: 2.9092%
 -- Sample 17: 3.0392%
 -- Sample 18: 3.0541%
 -- Sample 19: 3.1192%
 -- Sample 20: 0.4387%
 -- Sample 21: 1.1100%
 -- Sample 22: 0.0260%
 -- Sample 23: 0.4848%
 -- Sample 24: 11.7620%
 -- Sample 25: 11.1209%
 -- Sample 26: 10.2549%
 -- Sample 27: 9.8458%
 -- Sample 28: 6.0723%
 -- Sample 29: 5.7529%
 -- Sample 30: 5.4458%
 -- Sample 31: 5.2757%
 -- Sample 32: 0.5566%
 -- Sample 33: 0.2717%
 -- Sample 34: 0.1484%
 -- Sample 35: 1.2558%
 -- Sample 36: 1.5013%
 -- Sample 37: 2.5792%
 -- Sample 38: 2.2479%
 -- Sample 39: 1.7407%
 -- Sample 40: 1.0273%
 -- Sample 41: 0.4791%
 -- Sample 42: 0.1025%
 -- Sample 43: 0.9293%
 -- Sample 44: 2.0137%
 -- Sample 45: 0.2492%
 -- Sample 46: 0.6559%
 -- Sample 47: 2.7601%
 -- Sample 48: 0.7386%
 -- Sample 49: 2.3391%
Mean: 2.2647%, Std: 2.9192%
------------------------------------------------------------------
Evaluating Divergent:
 -- Sample 0: 28.8218%
 -- Sample 1: 29.1090%
 -- Sample 2: 29.7561%
 -- Sample 3: 29.5549%
 -- Sample 4: 30.5377%
 -- Sample 5: 30.2062%
 -- Sample 6: 29.7516%
 -- Sample 7: 30.0381%
 -- Sample 8: 31.8200%
 -- Sample 9: 31.9031%
 -- Sample 10: 31.9678%
 -- Sample 11: 31.6040%
 -- Sample 12: 31.9793%
 -- Sample 13: 31.3594%
 -- Sample 14: 30.4877%
 -- Sample 15: 31.2279%
 -- Sample 16: 40.8600%
 -- Sample 17: 40.3591%
 -- Sample 18: 40.9400%
 -- Sample 19: 40.8597%
 -- Sample 20: 32.9153%
 -- Sample 21: 32.3689%
 -- Sample 22: 33.1034%
 -- Sample 23: 33.4182%
 -- Sample 24: 39.8611%
 -- Sample 25: 39.1753%
 -- Sample 26: 37.6459%
 -- Sample 27: 38.1865%
 -- Sample 28: 39.7144%
 -- Sample 29: 39.5093%
 -- Sample 30: 38.9810%
 -- Sample 31: 39.3834%
 -- Sample 32: 37.4973%
 -- Sample 33: 36.9558%
 -- Sample 34: 37.9154%
 -- Sample 35: 38.1258%
 -- Sample 36: 42.4897%
 -- Sample 37: 43.2657%
 -- Sample 38: 41.9246%
 -- Sample 39: 42.2827%
 -- Sample 40: 42.5165%
 -- Sample 41: 42.0790%
 -- Sample 42: 42.8689%
 -- Sample 43: 41.8400%
 -- Sample 44: 39.6167%
 -- Sample 45: 41.0934%
 -- Sample 46: 41.1097%
 -- Sample 47: 40.3608%
 -- Sample 48: 38.0862%
 -- Sample 49: 37.8763%
Mean: 36.5062%, Std: 4.7038%
------------------------------------------------------------------
  Processing Batch 2 (Size: 46)...
    Evaluating Ko et al (D3)
Bias Error: using velocity magnitude
Mean: 32.4707, Std: 31.3779
------------------------------------------------------------------
Magnitude Error: 
 -- Sample 0: mean=18.2182%; std=15.7489
 -- Sample 1: mean=18.1663%; std=13.1430
 -- Sample 2: mean=29.1119%; std=24.5426
 -- Sample 3: mean=29.1016%; std=23.5503
 -- Sample 4: mean=28.3635%; std=25.9494
 -- Sample 5: mean=27.6977%; std=25.8853
 -- Sample 6: mean=28.0133%; std=33.2094
 -- Sample 7: mean=26.9866%; std=32.8724
 -- Sample 8: mean=26.6481%; std=34.3697
 -- Sample 9: mean=29.0675%; std=32.8717
 -- Sample 10: mean=23.7007%; std=16.1723
 -- Sample 11: mean=21.4719%; std=15.3787
 -- Sample 12: mean=19.8901%; std=15.0794
 -- Sample 13: mean=22.6729%; std=15.6406
 -- Sample 14: mean=27.4184%; std=16.7400
 -- Sample 15: mean=29.3270%; std=14.3237
 -- Sample 16: mean=29.9178%; std=16.3767
 -- Sample 17: mean=29.0111%; std=15.0143
 -- Sample 18: mean=39.3398%; std=32.4287
 -- Sample 19: mean=36.9825%; std=28.5142
 -- Sample 20: mean=35.6611%; std=31.4411
 -- Sample 21: mean=41.1722%; std=35.1514
 -- Sample 22: mean=53.5654%; std=47.1415
 -- Sample 23: mean=54.8074%; std=51.7295
 -- Sample 24: mean=54.5187%; std=46.4055
 -- Sample 25: mean=55.9854%; std=53.9277
 -- Sample 26: mean=42.3955%; std=32.4800
 -- Sample 27: mean=58.3580%; std=43.2752
 -- Sample 28: mean=57.3497%; std=45.2480
 -- Sample 29: mean=39.2042%; std=31.1123
 -- Sample 30: mean=29.6548%; std=19.4496
 -- Sample 31: mean=30.9256%; std=20.1258
 -- Sample 32: mean=35.4882%; std=19.3857
 -- Sample 33: mean=31.2157%; std=20.0660
 -- Sample 34: mean=121.0912%; std=211.8020
 -- Sample 35: mean=143.4150%; std=242.8252
 -- Sample 36: mean=140.5727%; std=260.0547
 -- Sample 37: mean=136.9482%; std=250.3924
 -- Sample 38: mean=46.0788%; std=44.5319
 -- Sample 39: mean=38.7178%; std=40.2758
 -- Sample 40: mean=45.9062%; std=51.5822
 -- Sample 41: mean=44.5093%; std=43.7425
 -- Sample 42: mean=32.0681%; std=39.1886
 -- Sample 43: mean=41.5751%; std=51.2738
 -- Sample 44: mean=40.6831%; std=41.5279
 -- Sample 45: mean=34.2034%; std=34.1107
Mean: 44.0691%, Std: 30.1953%
------------------------------------------------------------------
Angular error:
 -- Sample 0: mean=18.5592º; std=28.4231
 -- Sample 1: mean=19.2255º; std=28.9532
 -- Sample 2: mean=24.8307º; std=32.0505
 -- Sample 3: mean=23.1019º; std=31.3469
 -- Sample 4: mean=23.2167º; std=30.1182
 -- Sample 5: mean=24.9714º; std=30.6324
 -- Sample 6: mean=19.4194º; std=27.5869
 -- Sample 7: mean=20.0108º; std=29.0424
 -- Sample 8: mean=20.1644º; std=28.6017
 -- Sample 9: mean=19.5708º; std=27.7223
 -- Sample 10: mean=15.9891º; std=23.3650
 -- Sample 11: mean=16.4968º; std=23.9223
 -- Sample 12: mean=16.4529º; std=24.0548
 -- Sample 13: mean=16.5459º; std=23.9890
 -- Sample 14: mean=26.4477º; std=39.8615
 -- Sample 15: mean=28.0001º; std=40.8421
 -- Sample 16: mean=27.7831º; std=41.1745
 -- Sample 17: mean=26.6609º; std=40.6153
 -- Sample 18: mean=27.1069º; std=32.9380
 -- Sample 19: mean=24.7672º; std=30.9980
 -- Sample 20: mean=22.1573º; std=27.9600
 -- Sample 21: mean=24.7876º; std=30.5571
 -- Sample 22: mean=27.6819º; std=35.0255
 -- Sample 23: mean=28.2070º; std=35.2500
 -- Sample 24: mean=26.8872º; std=34.0642
 -- Sample 25: mean=27.6401º; std=34.8634
 -- Sample 26: mean=25.4588º; std=34.9557
 -- Sample 27: mean=24.4982º; std=34.2877
 -- Sample 28: mean=25.8765º; std=34.3448
 -- Sample 29: mean=26.1018º; std=34.0541
 -- Sample 30: mean=28.7847º; std=38.3665
 -- Sample 31: mean=25.9023º; std=36.2576
 -- Sample 32: mean=26.4168º; std=35.8594
 -- Sample 33: mean=29.2516º; std=37.8163
 -- Sample 34: mean=36.4052º; std=36.0614
 -- Sample 35: mean=38.2640º; std=36.6757
 -- Sample 36: mean=35.3786º; std=34.9857
 -- Sample 37: mean=31.6456º; std=33.6779
 -- Sample 38: mean=33.5968º; std=37.7482
 -- Sample 39: mean=31.4914º; std=36.3453
 -- Sample 40: mean=31.2803º; std=36.6677
 -- Sample 41: mean=32.8549º; std=37.4171
 -- Sample 42: mean=38.2717º; std=45.6720
 -- Sample 43: mean=37.9977º; std=45.4803
 -- Sample 44: mean=43.3642º; std=49.7442
 -- Sample 45: mean=43.0916º; std=50.1325
Mean: 27.0134º, Std: 6.7352º
------------------------------------------------------------------
Correlation comparison:
 -- Sample 0: 0.9416
 -- Sample 1: 0.9618
 -- Sample 2: 0.9312
 -- Sample 3: 0.9345
 -- Sample 4: 0.9256
 -- Sample 5: 0.9283
 -- Sample 6: 0.9243
 -- Sample 7: 0.9344
 -- Sample 8: 0.9366
 -- Sample 9: 0.9145
 -- Sample 10: 0.9323
 -- Sample 11: 0.9516
 -- Sample 12: 0.9614
 -- Sample 13: 0.9435
 -- Sample 14: 0.9071
 -- Sample 15: 0.9397
 -- Sample 16: 0.9112
 -- Sample 17: 0.9087
 -- Sample 18: 0.9049
 -- Sample 19: 0.9177
 -- Sample 20: 0.9059
 -- Sample 21: 0.8890
 -- Sample 22: 0.8701
 -- Sample 23: 0.8537
 -- Sample 24: 0.8720
 -- Sample 25: 0.8456
 -- Sample 26: 0.8695
 -- Sample 27: 0.8536
 -- Sample 28: 0.8325
 -- Sample 29: 0.8668
 -- Sample 30: 0.9324
 -- Sample 31: 0.9241
 -- Sample 32: 0.9303
 -- Sample 33: 0.9239
 -- Sample 34: 0.6326
 -- Sample 35: 0.5922
 -- Sample 36: 0.5430
 -- Sample 37: 0.5858
 -- Sample 38: 0.8883
 -- Sample 39: 0.9025
 -- Sample 40: 0.8816
 -- Sample 41: 0.9035
 -- Sample 42: 0.9326
 -- Sample 43: 0.9052
 -- Sample 44: 0.9185
 -- Sample 45: 0.9302
Mean=0.8825, Std=0.0960
------------------------------------------------------------------
Flux Error:
 -- Sample 0: 0.3381
 -- Sample 1: 0.6447
 -- Sample 2: 0.6874
 -- Sample 3: 0.6878
 -- Sample 4: 0.6025
 -- Sample 5: 0.6672
 -- Sample 6: 0.6090
 -- Sample 7: 0.5475
 -- Sample 8: 0.6450
 -- Sample 9: 0.5441
 -- Sample 10: 0.5917
 -- Sample 11: 0.4392
 -- Sample 12: 0.6203
 -- Sample 13: 0.4427
 -- Sample 14: 0.2312
 -- Sample 15: 0.6591
 -- Sample 16: 0.2874
 -- Sample 17: 0.6569
 -- Sample 18: 0.9414
 -- Sample 19: 0.7922
 -- Sample 20: 0.9121
 -- Sample 21: 0.7446
 -- Sample 22: 1.1343
 -- Sample 23: 0.9879
 -- Sample 24: 1.1146
 -- Sample 25: 0.9617
 -- Sample 26: 1.0305
 -- Sample 27: 0.8989
 -- Sample 28: 1.0988
 -- Sample 29: 0.7126
 -- Sample 30: 0.6211
 -- Sample 31: 0.8813
 -- Sample 32: 0.5671
 -- Sample 33: 0.8786
 -- Sample 34: 1.3973
 -- Sample 35: 1.8045
 -- Sample 36: 1.6510
 -- Sample 37: 1.7303
 -- Sample 38: 1.0407
 -- Sample 39: 0.8989
 -- Sample 40: 1.1346
 -- Sample 41: 1.0269
 -- Sample 42: 0.7651
 -- Sample 43: 1.1110
 -- Sample 44: 0.8595
 -- Sample 45: 1.0677
Mean: 0.8406, Std: 0.3401
------------------------------------------------------------------
Tortuosity Comparison:
 -- Sample 0: 0.4078%
 -- Sample 1: 1.5974%
 -- Sample 2: 1.8650%
 -- Sample 3: 0.2059%
 -- Sample 4: 3.5906%
 -- Sample 5: 4.9812%
 -- Sample 6: 1.6442%
 -- Sample 7: 2.4718%
 -- Sample 8: 3.8465%
 -- Sample 9: 2.2341%
 -- Sample 10: 5.2975%
 -- Sample 11: 4.6991%
 -- Sample 12: 2.9690%
 -- Sample 13: 4.5015%
 -- Sample 14: 7.1780%
 -- Sample 15: 5.8015%
 -- Sample 16: 5.1924%
 -- Sample 17: 7.0121%
 -- Sample 18: 7.5868%
 -- Sample 19: 7.9582%
 -- Sample 20: 6.8974%
 -- Sample 21: 7.0591%
 -- Sample 22: 1.9594%
 -- Sample 23: 0.3142%
 -- Sample 24: 0.6993%
 -- Sample 25: 1.2020%
 -- Sample 26: 0.4880%
 -- Sample 27: 2.4841%
 -- Sample 28: 2.6407%
 -- Sample 29: 0.8087%
 -- Sample 30: 4.1219%
 -- Sample 31: 3.7323%
 -- Sample 32: 0.5715%
 -- Sample 33: 3.2350%
 -- Sample 34: 5.1769%
 -- Sample 35: 9.8337%
 -- Sample 36: 9.1060%
 -- Sample 37: 9.9937%
 -- Sample 38: 1.2319%
 -- Sample 39: 0.9987%
 -- Sample 40: 4.0284%
 -- Sample 41: 1.4455%
 -- Sample 42: 3.1774%
 -- Sample 43: 6.6006%
 -- Sample 44: 5.2376%
 -- Sample 45: 2.3542%
Mean: 3.8356%, Std: 2.6785%
------------------------------------------------------------------
Evaluating Divergent:
 -- Sample 0: 37.7061%
 -- Sample 1: 37.2961%
 -- Sample 2: 43.4465%
 -- Sample 3: 43.3888%
 -- Sample 4: 44.5780%
 -- Sample 5: 44.7278%
 -- Sample 6: 39.1881%
 -- Sample 7: 40.2586%
 -- Sample 8: 39.7826%
 -- Sample 9: 38.9920%
 -- Sample 10: 39.3229%
 -- Sample 11: 38.8377%
 -- Sample 12: 38.6042%
 -- Sample 13: 40.1748%
 -- Sample 14: 40.8907%
 -- Sample 15: 41.8631%
 -- Sample 16: 41.2464%
 -- Sample 17: 40.5649%
 -- Sample 18: 48.7441%
 -- Sample 19: 49.3379%
 -- Sample 20: 48.5332%
 -- Sample 21: 47.7926%
 -- Sample 22: 41.3841%
 -- Sample 23: 41.4487%
 -- Sample 24: 41.5645%
 -- Sample 25: 42.1183%
 -- Sample 26: 45.2746%
 -- Sample 27: 44.5021%
 -- Sample 28: 45.5317%
 -- Sample 29: 45.2844%
 -- Sample 30: 44.6229%
 -- Sample 31: 44.3465%
 -- Sample 32: 43.7111%
 -- Sample 33: 45.1702%
 -- Sample 34: 57.6775%
 -- Sample 35: 58.6616%
 -- Sample 36: 58.0084%
 -- Sample 37: 56.3430%
 -- Sample 38: 51.8276%
 -- Sample 39: 52.7534%
 -- Sample 40: 52.5647%
 -- Sample 41: 52.2137%
 -- Sample 42: 44.7203%
 -- Sample 43: 46.0344%
 -- Sample 44: 46.2799%
 -- Sample 45: 45.4727%
Mean: 45.0607%, Std: 5.5132%
------------------------------------------------------------------

Processing Dataset: Bentheimer
Considering 424 samples from ../NN_Datasets_Grad_Dist_40_5_55/Test_Oliveira_Bentheimer_SAug_DNorm.h5.
  Processing Batch 1 (Size: 50)...
    Evaluating Ko et al (D3)
Bias Error: using velocity magnitude
Mean: 64.0776, Std: 128.5198
------------------------------------------------------------------
Magnitude Error: 
 -- Sample 0: mean=39.6527%; std=27.5527
 -- Sample 1: mean=36.4479%; std=22.3578
 -- Sample 2: mean=35.4673%; std=23.2787
 -- Sample 3: mean=38.6583%; std=27.3118
 -- Sample 4: mean=57.6919%; std=45.0134
 -- Sample 5: mean=57.4929%; std=42.6167
 -- Sample 6: mean=56.8394%; std=40.9116
 -- Sample 7: mean=55.5898%; std=39.7518
 -- Sample 8: mean=89.5919%; std=67.7265
 -- Sample 9: mean=97.4200%; std=82.4410
 -- Sample 10: mean=87.4586%; std=75.0233
 -- Sample 11: mean=91.0572%; std=71.7982
 -- Sample 12: mean=77.1288%; std=85.6951
 -- Sample 13: mean=64.1488%; std=64.8316
 -- Sample 14: mean=64.8758%; std=72.2754
 -- Sample 15: mean=74.9977%; std=79.9084
 -- Sample 16: mean=43.8795%; std=50.1927
 -- Sample 17: mean=45.7862%; std=47.7831
 -- Sample 18: mean=41.6476%; std=41.1895
 -- Sample 19: mean=41.2252%; std=41.6913
 -- Sample 20: mean=37.2830%; std=42.9851
 -- Sample 21: mean=37.0734%; std=47.5615
 -- Sample 22: mean=31.2369%; std=36.5776
 -- Sample 23: mean=34.4410%; std=40.7477
 -- Sample 24: mean=33.8974%; std=17.8076
 -- Sample 25: mean=31.5029%; std=19.2977
 -- Sample 26: mean=36.0644%; std=20.1544
 -- Sample 27: mean=40.2239%; std=19.7906
 -- Sample 28: mean=27.9527%; std=16.4778
 -- Sample 29: mean=28.2866%; std=16.8227
 -- Sample 30: mean=29.5640%; std=17.1940
 -- Sample 31: mean=24.2706%; std=18.1777
 -- Sample 32: mean=603.5248%; std=646.9218
 -- Sample 33: mean=598.8998%; std=661.3472
 -- Sample 34: mean=563.2253%; std=604.6526
 -- Sample 35: mean=592.0648%; std=645.1603
 -- Sample 36: mean=40.2369%; std=19.7112
 -- Sample 37: mean=39.7575%; std=19.8764
 -- Sample 38: mean=38.3183%; std=20.3184
 -- Sample 39: mean=36.8841%; std=20.0603
 -- Sample 40: mean=38.7402%; std=17.1866
 -- Sample 41: mean=39.6331%; std=17.9922
 -- Sample 42: mean=41.7166%; std=17.4165
 -- Sample 43: mean=40.2270%; std=16.8468
 -- Sample 44: mean=31.4895%; std=22.8536
 -- Sample 45: mean=31.5788%; std=22.2497
 -- Sample 46: mean=33.5841%; std=20.9585
 -- Sample 47: mean=29.3433%; std=21.9215
 -- Sample 48: mean=46.0167%; std=21.2312
 -- Sample 49: mean=43.6123%; std=22.4745
Mean: 89.5541%, Std: 148.4988%
------------------------------------------------------------------
Angular error:
 -- Sample 0: mean=29.8809º; std=34.4268
 -- Sample 1: mean=30.4527º; std=34.6606
 -- Sample 2: mean=30.2307º; std=34.7683
 -- Sample 3: mean=30.8953º; std=35.5087
 -- Sample 4: mean=29.5265º; std=35.3688
 -- Sample 5: mean=31.1330º; std=37.6456
 -- Sample 6: mean=29.7979º; std=36.3880
 -- Sample 7: mean=28.6297º; std=34.2862
 -- Sample 8: mean=32.2045º; std=33.1893
 -- Sample 9: mean=31.1134º; std=31.7913
 -- Sample 10: mean=32.7823º; std=32.7560
 -- Sample 11: mean=32.0942º; std=33.6796
 -- Sample 12: mean=29.6996º; std=34.8739
 -- Sample 13: mean=28.7425º; std=34.5325
 -- Sample 14: mean=26.9254º; std=33.5611
 -- Sample 15: mean=28.9034º; std=34.1103
 -- Sample 16: mean=25.9901º; std=32.6051
 -- Sample 17: mean=27.9256º; std=35.3144
 -- Sample 18: mean=28.6077º; std=36.1584
 -- Sample 19: mean=27.0906º; std=34.4135
 -- Sample 20: mean=26.5058º; std=30.0659
 -- Sample 21: mean=26.5709º; std=29.8767
 -- Sample 22: mean=25.9373º; std=30.0796
 -- Sample 23: mean=26.2183º; std=30.5305
 -- Sample 24: mean=25.7039º; std=32.9553
 -- Sample 25: mean=25.5811º; std=32.6144
 -- Sample 26: mean=24.0698º; std=30.3818
 -- Sample 27: mean=24.5250º; std=31.3705
 -- Sample 28: mean=20.1146º; std=29.7156
 -- Sample 29: mean=19.4671º; std=28.3145
 -- Sample 30: mean=19.5807º; std=28.5366
 -- Sample 31: mean=19.8605º; std=29.9645
 -- Sample 32: mean=35.7180º; std=35.3869
 -- Sample 33: mean=36.6647º; std=36.1079
 -- Sample 34: mean=38.9790º; std=38.3736
 -- Sample 35: mean=37.1666º; std=38.1052
 -- Sample 36: mean=30.8741º; std=40.7757
 -- Sample 37: mean=30.0578º; std=40.5065
 -- Sample 38: mean=29.7500º; std=39.8113
 -- Sample 39: mean=30.8656º; std=40.9373
 -- Sample 40: mean=32.7107º; std=37.5244
 -- Sample 41: mean=33.7310º; std=36.7667
 -- Sample 42: mean=33.0619º; std=36.5679
 -- Sample 43: mean=32.7949º; std=37.4695
 -- Sample 44: mean=28.2776º; std=30.8321
 -- Sample 45: mean=27.8091º; std=29.6206
 -- Sample 46: mean=29.2489º; std=30.8725
 -- Sample 47: mean=28.1741º; std=31.0173
 -- Sample 48: mean=45.3837º; std=45.1442
 -- Sample 49: mean=44.0057º; std=43.7078
Mean: 29.6407º, Std: 5.1593º
------------------------------------------------------------------
Correlation comparison:
 -- Sample 0: 0.8404
 -- Sample 1: 0.8671
 -- Sample 2: 0.8612
 -- Sample 3: 0.8393
 -- Sample 4: 0.8073
 -- Sample 5: 0.8063
 -- Sample 6: 0.8025
 -- Sample 7: 0.8176
 -- Sample 8: 0.8211
 -- Sample 9: 0.7907
 -- Sample 10: 0.8049
 -- Sample 11: 0.8193
 -- Sample 12: 0.6947
 -- Sample 13: 0.7344
 -- Sample 14: 0.7239
 -- Sample 15: 0.7004
 -- Sample 16: 0.9154
 -- Sample 17: 0.8998
 -- Sample 18: 0.9245
 -- Sample 19: 0.9283
 -- Sample 20: 0.8843
 -- Sample 21: 0.8649
 -- Sample 22: 0.9070
 -- Sample 23: 0.8803
 -- Sample 24: 0.9354
 -- Sample 25: 0.9415
 -- Sample 26: 0.9216
 -- Sample 27: 0.9184
 -- Sample 28: 0.9516
 -- Sample 29: 0.9447
 -- Sample 30: 0.9408
 -- Sample 31: 0.9428
 -- Sample 32: 0.2230
 -- Sample 33: 0.2162
 -- Sample 34: 0.2310
 -- Sample 35: 0.2229
 -- Sample 36: 0.9409
 -- Sample 37: 0.9427
 -- Sample 38: 0.9395
 -- Sample 39: 0.9417
 -- Sample 40: 0.9213
 -- Sample 41: 0.9367
 -- Sample 42: 0.9403
 -- Sample 43: 0.9353
 -- Sample 44: 0.9452
 -- Sample 45: 0.9499
 -- Sample 46: 0.9465
 -- Sample 47: 0.9563
 -- Sample 48: 0.6209
 -- Sample 49: 0.6181
Mean=0.8172, Std=0.1950
------------------------------------------------------------------
Flux Error:
 -- Sample 0: 0.5491
 -- Sample 1: 0.7503
 -- Sample 2: 0.5217
 -- Sample 3: 0.8002
 -- Sample 4: 0.8660
 -- Sample 5: 0.7398
 -- Sample 6: 0.8281
 -- Sample 7: 0.7099
 -- Sample 8: 1.0698
 -- Sample 9: 1.3013
 -- Sample 10: 1.0224
 -- Sample 11: 1.3200
 -- Sample 12: 0.9033
 -- Sample 13: 0.9434
 -- Sample 14: 0.8217
 -- Sample 15: 1.0447
 -- Sample 16: 0.6429
 -- Sample 17: 0.9578
 -- Sample 18: 0.5138
 -- Sample 19: 0.8540
 -- Sample 20: 0.3471
 -- Sample 21: 0.6636
 -- Sample 22: 0.3905
 -- Sample 23: 0.6618
 -- Sample 24: 0.5658
 -- Sample 25: 0.3560
 -- Sample 26: 0.5259
 -- Sample 27: 0.3750
 -- Sample 28: 0.7178
 -- Sample 29: 0.8229
 -- Sample 30: 0.7143
 -- Sample 31: 0.8397
 -- Sample 32: 5.1723
 -- Sample 33: 5.5642
 -- Sample 34: 5.3173
 -- Sample 35: 5.2108
 -- Sample 36: 0.8398
 -- Sample 37: 0.6270
 -- Sample 38: 0.8523
 -- Sample 39: 0.6345
 -- Sample 40: 0.4486
 -- Sample 41: 0.5078
 -- Sample 42: 0.5060
 -- Sample 43: 0.5102
 -- Sample 44: 0.6653
 -- Sample 45: 0.6785
 -- Sample 46: 0.6038
 -- Sample 47: 0.6462
 -- Sample 48: 0.4920
 -- Sample 49: 0.4062
Mean: 1.0765, Std: 1.2697
------------------------------------------------------------------
Tortuosity Comparison:
 -- Sample 0: 1.7782%
 -- Sample 1: 1.5581%
 -- Sample 2: 2.8981%
 -- Sample 3: 3.1714%
 -- Sample 4: 1.9613%
 -- Sample 5: 1.7669%
 -- Sample 6: 0.7435%
 -- Sample 7: 0.3023%
 -- Sample 8: 1.0682%
 -- Sample 9: 0.6686%
 -- Sample 10: 1.1862%
 -- Sample 11: 2.7183%
 -- Sample 12: 4.0795%
 -- Sample 13: 2.6524%
 -- Sample 14: 4.4592%
 -- Sample 15: 4.3029%
 -- Sample 16: 10.6208%
 -- Sample 17: 7.9445%
 -- Sample 18: 3.5354%
 -- Sample 19: 4.1431%
 -- Sample 20: 3.2761%
 -- Sample 21: 1.4899%
 -- Sample 22: 0.1950%
 -- Sample 23: 4.7955%
 -- Sample 24: 2.4713%
 -- Sample 25: 4.0530%
 -- Sample 26: 7.0519%
 -- Sample 27: 6.3239%
 -- Sample 28: 1.1095%
 -- Sample 29: 0.3163%
 -- Sample 30: 0.6000%
 -- Sample 31: 0.2791%
 -- Sample 32: 1.7900%
 -- Sample 33: 7.4961%
 -- Sample 34: 7.2127%
 -- Sample 35: 2.8845%
 -- Sample 36: 3.0559%
 -- Sample 37: 1.5816%
 -- Sample 38: 1.9911%
 -- Sample 39: 3.2411%
 -- Sample 40: 8.3552%
 -- Sample 41: 11.1873%
 -- Sample 42: 14.0256%
 -- Sample 43: 12.4855%
 -- Sample 44: 10.2717%
 -- Sample 45: 9.3706%
 -- Sample 46: 14.9465%
 -- Sample 47: 10.0504%
 -- Sample 48: 4.2430%
 -- Sample 49: 6.8007%
Mean: 4.4902%, Std: 3.8137%
------------------------------------------------------------------
Evaluating Divergent:
 -- Sample 0: 43.0239%
 -- Sample 1: 42.1071%
 -- Sample 2: 42.7597%
 -- Sample 3: 43.2579%
 -- Sample 4: 39.4979%
 -- Sample 5: 40.0474%
 -- Sample 6: 39.7030%
 -- Sample 7: 39.0551%
 -- Sample 8: 42.4116%
 -- Sample 9: 42.7266%
 -- Sample 10: 44.0755%
 -- Sample 11: 43.0387%
 -- Sample 12: 46.3130%
 -- Sample 13: 46.6312%
 -- Sample 14: 46.4154%
 -- Sample 15: 47.5866%
 -- Sample 16: 47.0028%
 -- Sample 17: 46.9226%
 -- Sample 18: 46.2214%
 -- Sample 19: 47.1071%
 -- Sample 20: 42.8506%
 -- Sample 21: 43.3219%
 -- Sample 22: 43.2986%
 -- Sample 23: 42.5371%
 -- Sample 24: 42.8104%
 -- Sample 25: 42.8924%
 -- Sample 26: 42.6387%
 -- Sample 27: 42.4631%
 -- Sample 28: 35.7666%
 -- Sample 29: 36.1467%
 -- Sample 30: 36.3149%
 -- Sample 31: 36.2947%
 -- Sample 32: 44.8085%
 -- Sample 33: 46.3874%
 -- Sample 34: 46.3529%
 -- Sample 35: 45.2345%
 -- Sample 36: 41.3514%
 -- Sample 37: 40.3962%
 -- Sample 38: 40.4023%
 -- Sample 39: 40.3528%
 -- Sample 40: 37.4295%
 -- Sample 41: 39.3473%
 -- Sample 42: 38.7172%
 -- Sample 43: 38.1551%
 -- Sample 44: 43.0760%
 -- Sample 45: 43.5277%
 -- Sample 46: 43.9383%
 -- Sample 47: 42.6720%
 -- Sample 48: 52.1952%
 -- Sample 49: 53.0514%
Mean: 42.8127%, Std: 3.6900%
------------------------------------------------------------------
  Processing Batch 2 (Size: 50)...
    Evaluating Ko et al (D3)
Bias Error: using velocity magnitude
Mean: 35.1524, Std: 45.5878
------------------------------------------------------------------
Magnitude Error: 
 -- Sample 0: mean=39.9567%; std=24.5879
 -- Sample 1: mean=41.6667%; std=23.4870
 -- Sample 2: mean=42.5938%; std=48.2162
 -- Sample 3: mean=39.6194%; std=46.2216
 -- Sample 4: mean=39.6281%; std=47.9807
 -- Sample 5: mean=47.6532%; std=59.7635
 -- Sample 6: mean=34.9968%; std=33.1334
 -- Sample 7: mean=37.9505%; std=43.1699
 -- Sample 8: mean=39.3574%; std=34.4128
 -- Sample 9: mean=35.7778%; std=28.3234
 -- Sample 10: mean=44.5388%; std=56.4049
 -- Sample 11: mean=36.8641%; std=57.0925
 -- Sample 12: mean=36.6524%; std=51.7928
 -- Sample 13: mean=36.0314%; std=52.2827
 -- Sample 14: mean=29.9069%; std=23.8624
 -- Sample 15: mean=28.9528%; std=22.4528
 -- Sample 16: mean=29.6977%; std=21.3402
 -- Sample 17: mean=29.7082%; std=19.5369
 -- Sample 18: mean=35.1724%; std=25.8438
 -- Sample 19: mean=36.4074%; std=31.2758
 -- Sample 20: mean=38.7352%; std=33.6272
 -- Sample 21: mean=40.3792%; std=33.9069
 -- Sample 22: mean=87.6662%; std=106.1807
 -- Sample 23: mean=83.4093%; std=100.6046
 -- Sample 24: mean=86.6605%; std=97.7063
 -- Sample 25: mean=88.4343%; std=102.0042
 -- Sample 26: mean=38.6669%; std=23.5513
 -- Sample 27: mean=41.1228%; std=22.2555
 -- Sample 28: mean=42.3046%; std=21.3694
 -- Sample 29: mean=40.9897%; std=21.7744
 -- Sample 30: mean=51.4625%; std=38.2389
 -- Sample 31: mean=44.1245%; std=32.0691
 -- Sample 32: mean=43.8553%; std=32.3289
 -- Sample 33: mean=49.8081%; std=36.6799
 -- Sample 34: mean=211.7478%; std=196.1674
 -- Sample 35: mean=204.7168%; std=189.2120
 -- Sample 36: mean=229.0306%; std=247.1023
 -- Sample 37: mean=247.8464%; std=271.1930
 -- Sample 38: mean=40.5339%; std=28.7718
 -- Sample 39: mean=44.7703%; std=30.5623
 -- Sample 40: mean=49.5688%; std=34.1126
 -- Sample 41: mean=41.8345%; std=26.1939
 -- Sample 42: mean=21.2718%; std=18.7976
 -- Sample 43: mean=21.7223%; std=16.3059
 -- Sample 44: mean=23.8146%; std=17.3778
 -- Sample 45: mean=23.5383%; std=16.1569
 -- Sample 46: mean=41.3530%; std=20.5387
 -- Sample 47: mean=42.9254%; std=21.6848
 -- Sample 48: mean=38.7476%; std=21.0364
 -- Sample 49: mean=35.1642%; std=22.8950
Mean: 56.7868%, Std: 51.4662%
------------------------------------------------------------------
Angular error:
 -- Sample 0: mean=44.5784º; std=44.3429
 -- Sample 1: mean=45.4585º; std=44.4410
 -- Sample 2: mean=25.2307º; std=35.2702
 -- Sample 3: mean=23.9466º; std=34.5864
 -- Sample 4: mean=23.6320º; std=34.1482
 -- Sample 5: mean=24.2878º; std=33.5848
 -- Sample 6: mean=39.8793º; std=40.9792
 -- Sample 7: mean=38.6892º; std=39.8855
 -- Sample 8: mean=38.2437º; std=37.9992
 -- Sample 9: mean=40.0877º; std=39.2733
 -- Sample 10: mean=32.8104º; std=41.1229
 -- Sample 11: mean=33.9759º; std=41.6917
 -- Sample 12: mean=30.9522º; std=40.0291
 -- Sample 13: mean=30.3351º; std=39.3123
 -- Sample 14: mean=24.1954º; std=31.3278
 -- Sample 15: mean=24.2141º; std=31.1628
 -- Sample 16: mean=24.3899º; std=30.7392
 -- Sample 17: mean=24.1001º; std=30.9285
 -- Sample 18: mean=29.7690º; std=32.8537
 -- Sample 19: mean=28.6822º; std=32.4881
 -- Sample 20: mean=27.8945º; std=32.5520
 -- Sample 21: mean=28.4985º; std=32.4499
 -- Sample 22: mean=33.7917º; std=39.0280
 -- Sample 23: mean=34.5056º; std=38.6437
 -- Sample 24: mean=33.7850º; std=37.3205
 -- Sample 25: mean=33.6395º; std=38.0280
 -- Sample 26: mean=30.3947º; std=34.6533
 -- Sample 27: mean=28.4824º; std=34.2647
 -- Sample 28: mean=30.4151º; std=36.4517
 -- Sample 29: mean=31.1921º; std=36.2044
 -- Sample 30: mean=20.5711º; std=28.8514
 -- Sample 31: mean=20.0731º; std=28.1005
 -- Sample 32: mean=20.2731º; std=28.6021
 -- Sample 33: mean=20.8308º; std=28.4081
 -- Sample 34: mean=47.0836º; std=43.3565
 -- Sample 35: mean=41.5367º; std=41.1584
 -- Sample 36: mean=42.4033º; std=42.6049
 -- Sample 37: mean=47.7152º; std=44.4328
 -- Sample 38: mean=28.4712º; std=32.2920
 -- Sample 39: mean=28.6479º; std=31.7839
 -- Sample 40: mean=27.1418º; std=31.5012
 -- Sample 41: mean=27.3179º; std=32.7344
 -- Sample 42: mean=29.9943º; std=36.2539
 -- Sample 43: mean=31.4058º; std=36.4347
 -- Sample 44: mean=31.7883º; std=36.3034
 -- Sample 45: mean=30.0700º; std=35.7103
 -- Sample 46: mean=33.0334º; std=37.5374
 -- Sample 47: mean=33.8812º; std=36.7353
 -- Sample 48: mean=32.6952º; std=35.2421
 -- Sample 49: mean=31.6797º; std=35.4949
Mean: 31.3334º, Std: 6.9119º
------------------------------------------------------------------
Correlation comparison:
 -- Sample 0: 0.6549
 -- Sample 1: 0.6236
 -- Sample 2: 0.9080
 -- Sample 3: 0.9026
 -- Sample 4: 0.9120
 -- Sample 5: 0.8810
 -- Sample 6: 0.8843
 -- Sample 7: 0.8483
 -- Sample 8: 0.8647
 -- Sample 9: 0.8847
 -- Sample 10: 0.8850
 -- Sample 11: 0.8849
 -- Sample 12: 0.8616
 -- Sample 13: 0.8787
 -- Sample 14: 0.9216
 -- Sample 15: 0.9330
 -- Sample 16: 0.9306
 -- Sample 17: 0.9336
 -- Sample 18: 0.8748
 -- Sample 19: 0.8754
 -- Sample 20: 0.8622
 -- Sample 21: 0.8549
 -- Sample 22: 0.7145
 -- Sample 23: 0.7371
 -- Sample 24: 0.7208
 -- Sample 25: 0.7043
 -- Sample 26: 0.8914
 -- Sample 27: 0.8705
 -- Sample 28: 0.8825
 -- Sample 29: 0.8757
 -- Sample 30: 0.7097
 -- Sample 31: 0.7386
 -- Sample 32: 0.7407
 -- Sample 33: 0.7164
 -- Sample 34: 0.5061
 -- Sample 35: 0.5095
 -- Sample 36: 0.4740
 -- Sample 37: 0.4622
 -- Sample 38: 0.9466
 -- Sample 39: 0.9435
 -- Sample 40: 0.9320
 -- Sample 41: 0.9446
 -- Sample 42: 0.9334
 -- Sample 43: 0.9442
 -- Sample 44: 0.9406
 -- Sample 45: 0.9380
 -- Sample 46: 0.9352
 -- Sample 47: 0.9304
 -- Sample 48: 0.9402
 -- Sample 49: 0.9519
Mean=0.8319, Std=0.1323
------------------------------------------------------------------
Flux Error:
 -- Sample 0: 0.4761
 -- Sample 1: 0.4156
 -- Sample 2: 0.8291
 -- Sample 3: 0.7553
 -- Sample 4: 0.8062
 -- Sample 5: 0.8290
 -- Sample 6: 0.3777
 -- Sample 7: 0.5786
 -- Sample 8: 0.3993
 -- Sample 9: 0.6104
 -- Sample 10: 0.9456
 -- Sample 11: 0.9186
 -- Sample 12: 0.7921
 -- Sample 13: 0.9156
 -- Sample 14: 0.5679
 -- Sample 15: 0.5672
 -- Sample 16: 0.5503
 -- Sample 17: 0.5555
 -- Sample 18: 0.5209
 -- Sample 19: 0.5628
 -- Sample 20: 0.5616
 -- Sample 21: 0.5324
 -- Sample 22: 1.0091
 -- Sample 23: 0.9818
 -- Sample 24: 1.0056
 -- Sample 25: 0.9352
 -- Sample 26: 0.4595
 -- Sample 27: 0.3645
 -- Sample 28: 0.4137
 -- Sample 29: 0.3661
 -- Sample 30: 0.5187
 -- Sample 31: 0.7808
 -- Sample 32: 0.5046
 -- Sample 33: 0.8455
 -- Sample 34: 2.0280
 -- Sample 35: 2.1326
 -- Sample 36: 2.3108
 -- Sample 37: 2.6864
 -- Sample 38: 0.6066
 -- Sample 39: 0.4960
 -- Sample 40: 0.6777
 -- Sample 41: 0.5221
 -- Sample 42: 0.6475
 -- Sample 43: 0.6258
 -- Sample 44: 0.6045
 -- Sample 45: 0.5817
 -- Sample 46: 0.5162
 -- Sample 47: 0.5385
 -- Sample 48: 0.5557
 -- Sample 49: 0.5990
Mean: 0.7676, Std: 0.4869
------------------------------------------------------------------
Tortuosity Comparison:
 -- Sample 0: 7.0134%
 -- Sample 1: 0.2529%
 -- Sample 2: 4.4217%
 -- Sample 3: 3.1741%
 -- Sample 4: 2.8511%
 -- Sample 5: 4.9664%
 -- Sample 6: 8.2301%
 -- Sample 7: 3.7716%
 -- Sample 8: 9.4415%
 -- Sample 9: 12.3042%
 -- Sample 10: 0.9098%
 -- Sample 11: 6.2819%
 -- Sample 12: 5.7673%
 -- Sample 13: 4.0616%
 -- Sample 14: 2.9920%
 -- Sample 15: 1.0155%
 -- Sample 16: 0.1473%
 -- Sample 17: 0.5833%
 -- Sample 18: 6.3617%
 -- Sample 19: 2.8838%
 -- Sample 20: 3.0766%
 -- Sample 21: 3.8547%
 -- Sample 22: 2.3307%
 -- Sample 23: 2.8424%
 -- Sample 24: 0.1178%
 -- Sample 25: 0.5760%
 -- Sample 26: 9.9509%
 -- Sample 27: 0.1995%
 -- Sample 28: 0.1951%
 -- Sample 29: 5.5037%
 -- Sample 30: 8.2011%
 -- Sample 31: 7.6156%
 -- Sample 32: 7.3632%
 -- Sample 33: 7.2331%
 -- Sample 34: 10.4106%
 -- Sample 35: 9.1531%
 -- Sample 36: 12.2923%
 -- Sample 37: 14.9989%
 -- Sample 38: 4.6121%
 -- Sample 39: 6.6981%
 -- Sample 40: 3.6332%
 -- Sample 41: 4.1714%
 -- Sample 42: 2.7712%
 -- Sample 43: 9.6075%
 -- Sample 44: 11.8802%
 -- Sample 45: 6.6657%
 -- Sample 46: 1.1158%
 -- Sample 47: 2.3243%
 -- Sample 48: 3.0109%
 -- Sample 49: 2.8299%
Mean: 5.0533%, Std: 3.6882%
------------------------------------------------------------------
Evaluating Divergent:
 -- Sample 0: 51.3502%
 -- Sample 1: 50.5820%
 -- Sample 2: 37.5967%
 -- Sample 3: 36.7762%
 -- Sample 4: 36.3972%
 -- Sample 5: 37.1990%
 -- Sample 6: 46.1159%
 -- Sample 7: 47.2553%
 -- Sample 8: 48.4465%
 -- Sample 9: 47.7397%
 -- Sample 10: 38.7969%
 -- Sample 11: 39.2240%
 -- Sample 12: 39.5476%
 -- Sample 13: 40.1636%
 -- Sample 14: 37.2383%
 -- Sample 15: 37.7516%
 -- Sample 16: 37.2312%
 -- Sample 17: 36.9771%
 -- Sample 18: 42.0028%
 -- Sample 19: 41.8616%
 -- Sample 20: 41.8349%
 -- Sample 21: 42.5887%
 -- Sample 22: 39.9706%
 -- Sample 23: 40.5254%
 -- Sample 24: 40.1599%
 -- Sample 25: 39.9297%
 -- Sample 26: 42.9629%
 -- Sample 27: 42.8865%
 -- Sample 28: 42.7499%
 -- Sample 29: 42.2980%
 -- Sample 30: 37.5667%
 -- Sample 31: 37.6561%
 -- Sample 32: 37.8103%
 -- Sample 33: 38.3567%
 -- Sample 34: 50.0746%
 -- Sample 35: 49.4401%
 -- Sample 36: 50.2887%
 -- Sample 37: 50.8291%
 -- Sample 38: 42.0671%
 -- Sample 39: 42.0663%
 -- Sample 40: 41.8215%
 -- Sample 41: 41.6033%
 -- Sample 42: 42.2862%
 -- Sample 43: 42.0624%
 -- Sample 44: 41.8460%
 -- Sample 45: 42.7888%
 -- Sample 46: 42.8198%
 -- Sample 47: 43.6711%
 -- Sample 48: 43.1925%
 -- Sample 49: 42.0232%
Mean: 42.1286%, Std: 4.1366%
------------------------------------------------------------------
  Processing Batch 3 (Size: 50)...
    Evaluating Ko et al (D3)
Bias Error: using velocity magnitude
Mean: 40.4400, Std: 64.2009
------------------------------------------------------------------
Magnitude Error: 
 -- Sample 0: mean=29.4163%; std=21.4205
 -- Sample 1: mean=26.1615%; std=19.8375
 -- Sample 2: mean=24.2492%; std=18.7853
 -- Sample 3: mean=29.2523%; std=21.1073
 -- Sample 4: mean=35.6303%; std=22.7689
 -- Sample 5: mean=32.4150%; std=19.0853
 -- Sample 6: mean=30.1007%; std=19.7226
 -- Sample 7: mean=29.8432%; std=19.8597
 -- Sample 8: mean=34.9935%; std=28.1667
 -- Sample 9: mean=34.1138%; std=23.1405
 -- Sample 10: mean=30.2451%; std=24.1751
 -- Sample 11: mean=36.8018%; std=27.9319
 -- Sample 12: mean=78.5758%; std=82.8850
 -- Sample 13: mean=83.3784%; std=93.1355
 -- Sample 14: mean=93.2354%; std=114.9685
 -- Sample 15: mean=67.4068%; std=66.9816
 -- Sample 16: mean=32.0397%; std=21.8511
 -- Sample 17: mean=31.1983%; std=20.7738
 -- Sample 18: mean=33.8398%; std=22.3067
 -- Sample 19: mean=36.8907%; std=21.9477
 -- Sample 20: mean=41.9881%; std=13.9154
 -- Sample 21: mean=32.6646%; std=14.1897
 -- Sample 22: mean=37.1816%; std=11.4588
 -- Sample 23: mean=41.4929%; std=14.7564
 -- Sample 24: mean=34.0647%; std=21.3278
 -- Sample 25: mean=31.4344%; std=19.4766
 -- Sample 26: mean=32.3031%; std=20.8654
 -- Sample 27: mean=33.0978%; std=21.6681
 -- Sample 28: mean=327.1210%; std=288.3162
 -- Sample 29: mean=339.0185%; std=300.5649
 -- Sample 30: mean=332.5771%; std=296.0529
 -- Sample 31: mean=325.9156%; std=292.6244
 -- Sample 32: mean=27.7350%; std=21.1127
 -- Sample 33: mean=26.9681%; std=20.7292
 -- Sample 34: mean=25.5219%; std=18.0471
 -- Sample 35: mean=28.0529%; std=18.5706
 -- Sample 36: mean=27.4881%; std=13.9462
 -- Sample 37: mean=28.9533%; std=15.9513
 -- Sample 38: mean=27.5089%; std=13.2482
 -- Sample 39: mean=27.7606%; std=14.0686
 -- Sample 40: mean=29.5319%; std=43.1946
 -- Sample 41: mean=28.5725%; std=34.7405
 -- Sample 42: mean=27.8780%; std=38.5937
 -- Sample 43: mean=35.2574%; std=45.1815
 -- Sample 44: mean=21.2783%; std=19.3566
 -- Sample 45: mean=20.7879%; std=18.4717
 -- Sample 46: mean=22.8935%; std=20.0310
 -- Sample 47: mean=20.5470%; std=18.2022
 -- Sample 48: mean=27.1230%; std=21.8973
 -- Sample 49: mean=29.8998%; std=21.4405
Mean: 58.4481%, Std: 81.7368%
------------------------------------------------------------------
Angular error:
 -- Sample 0: mean=26.4170º; std=31.7325
 -- Sample 1: mean=27.1644º; std=31.2398
 -- Sample 2: mean=26.7018º; std=32.5834
 -- Sample 3: mean=26.0602º; std=32.3893
 -- Sample 4: mean=29.3547º; std=35.7444
 -- Sample 5: mean=31.6164º; std=37.9563
 -- Sample 6: mean=30.5456º; std=36.3044
 -- Sample 7: mean=29.2068º; std=34.6134
 -- Sample 8: mean=34.1497º; std=40.7603
 -- Sample 9: mean=34.2199º; std=40.3327
 -- Sample 10: mean=33.8005º; std=39.9345
 -- Sample 11: mean=32.7140º; std=39.0677
 -- Sample 12: mean=30.1060º; std=35.9549
 -- Sample 13: mean=28.6360º; std=34.9708
 -- Sample 14: mean=29.7128º; std=35.1524
 -- Sample 15: mean=29.6143º; std=35.5578
 -- Sample 16: mean=28.8829º; std=33.6123
 -- Sample 17: mean=29.6689º; std=32.6208
 -- Sample 18: mean=29.0991º; std=32.6417
 -- Sample 19: mean=29.1543º; std=32.7118
 -- Sample 20: mean=25.9075º; std=35.8319
 -- Sample 21: mean=25.8215º; std=35.0344
 -- Sample 22: mean=25.6405º; std=35.9321
 -- Sample 23: mean=26.6292º; std=36.9940
 -- Sample 24: mean=28.0279º; std=36.6204
 -- Sample 25: mean=28.2226º; std=36.0423
 -- Sample 26: mean=29.1674º; std=37.4449
 -- Sample 27: mean=28.2290º; std=37.1420
 -- Sample 28: mean=31.7233º; std=36.5711
 -- Sample 29: mean=32.0309º; std=34.8476
 -- Sample 30: mean=30.6299º; std=34.2968
 -- Sample 31: mean=31.6982º; std=35.9634
 -- Sample 32: mean=30.1145º; std=31.8778
 -- Sample 33: mean=30.5894º; std=32.6870
 -- Sample 34: mean=30.2800º; std=32.7858
 -- Sample 35: mean=30.0770º; std=32.8683
 -- Sample 36: mean=23.7968º; std=33.7664
 -- Sample 37: mean=23.0385º; std=31.8439
 -- Sample 38: mean=22.9679º; std=31.6162
 -- Sample 39: mean=24.3712º; std=33.7628
 -- Sample 40: mean=33.1446º; std=40.3131
 -- Sample 41: mean=35.2765º; std=42.3023
 -- Sample 42: mean=34.8282º; std=41.9685
 -- Sample 43: mean=33.3007º; std=40.3511
 -- Sample 44: mean=27.9146º; std=32.4807
 -- Sample 45: mean=29.4068º; std=33.9497
 -- Sample 46: mean=30.5441º; std=35.6209
 -- Sample 47: mean=28.5767º; std=33.6298
 -- Sample 48: mean=27.1642º; std=35.8351
 -- Sample 49: mean=29.4094º; std=37.7133
Mean: 29.3071º, Std: 2.9351º
------------------------------------------------------------------
Correlation comparison:
 -- Sample 0: 0.9312
 -- Sample 1: 0.9487
 -- Sample 2: 0.9561
 -- Sample 3: 0.9355
 -- Sample 4: 0.8775
 -- Sample 5: 0.9044
 -- Sample 6: 0.9010
 -- Sample 7: 0.9203
 -- Sample 8: 0.9325
 -- Sample 9: 0.9367
 -- Sample 10: 0.9550
 -- Sample 11: 0.9308
 -- Sample 12: 0.8266
 -- Sample 13: 0.8131
 -- Sample 14: 0.7826
 -- Sample 15: 0.8737
 -- Sample 16: 0.8917
 -- Sample 17: 0.9053
 -- Sample 18: 0.8974
 -- Sample 19: 0.8764
 -- Sample 20: 0.9428
 -- Sample 21: 0.9592
 -- Sample 22: 0.9730
 -- Sample 23: 0.9346
 -- Sample 24: 0.9057
 -- Sample 25: 0.9209
 -- Sample 26: 0.9086
 -- Sample 27: 0.8973
 -- Sample 28: 0.4484
 -- Sample 29: 0.4448
 -- Sample 30: 0.4517
 -- Sample 31: 0.4357
 -- Sample 32: 0.9566
 -- Sample 33: 0.9587
 -- Sample 34: 0.9660
 -- Sample 35: 0.9651
 -- Sample 36: 0.9699
 -- Sample 37: 0.9694
 -- Sample 38: 0.9666
 -- Sample 39: 0.9684
 -- Sample 40: 0.8877
 -- Sample 41: 0.9264
 -- Sample 42: 0.9135
 -- Sample 43: 0.8724
 -- Sample 44: 0.9635
 -- Sample 45: 0.9668
 -- Sample 46: 0.9613
 -- Sample 47: 0.9646
 -- Sample 48: 0.9364
 -- Sample 49: 0.9238
Mean=0.8851, Std=0.1361
------------------------------------------------------------------
Flux Error:
 -- Sample 0: 0.5365
 -- Sample 1: 0.6830
 -- Sample 2: 0.5661
 -- Sample 3: 0.6772
 -- Sample 4: 0.9308
 -- Sample 5: 1.0393
 -- Sample 6: 0.8614
 -- Sample 7: 1.0013
 -- Sample 8: 0.8945
 -- Sample 9: 0.8344
 -- Sample 10: 0.9581
 -- Sample 11: 0.7874
 -- Sample 12: 1.4325
 -- Sample 13: 1.5793
 -- Sample 14: 1.6205
 -- Sample 15: 1.4283
 -- Sample 16: 0.3249
 -- Sample 17: 0.5530
 -- Sample 18: 0.3951
 -- Sample 19: 0.5303
 -- Sample 20: 0.7226
 -- Sample 21: 0.9214
 -- Sample 22: 0.7748
 -- Sample 23: 0.8533
 -- Sample 24: 0.6744
 -- Sample 25: 0.7194
 -- Sample 26: 0.6937
 -- Sample 27: 0.6991
 -- Sample 28: 3.0327
 -- Sample 29: 3.0390
 -- Sample 30: 3.1437
 -- Sample 31: 2.7576
 -- Sample 32: 0.7731
 -- Sample 33: 0.5707
 -- Sample 34: 0.7541
 -- Sample 35: 0.5656
 -- Sample 36: 0.5057
 -- Sample 37: 0.5030
 -- Sample 38: 0.5229
 -- Sample 39: 0.4940
 -- Sample 40: 0.8804
 -- Sample 41: 0.6000
 -- Sample 42: 0.9209
 -- Sample 43: 0.5359
 -- Sample 44: 0.8102
 -- Sample 45: 0.7454
 -- Sample 46: 0.8617
 -- Sample 47: 0.7363
 -- Sample 48: 1.2127
 -- Sample 49: 0.6093
Mean: 0.9653, Std: 0.6593
------------------------------------------------------------------
Tortuosity Comparison:
 -- Sample 0: 8.6522%
 -- Sample 1: 7.5976%
 -- Sample 2: 2.0625%
 -- Sample 3: 6.0208%
 -- Sample 4: 5.5096%
 -- Sample 5: 4.5603%
 -- Sample 6: 4.3014%
 -- Sample 7: 2.8148%
 -- Sample 8: 0.8606%
 -- Sample 9: 0.8612%
 -- Sample 10: 0.9166%
 -- Sample 11: 2.9890%
 -- Sample 12: 8.3175%
 -- Sample 13: 7.6167%
 -- Sample 14: 9.5394%
 -- Sample 15: 7.3917%
 -- Sample 16: 12.5341%
 -- Sample 17: 16.5990%
 -- Sample 18: 20.8359%
 -- Sample 19: 21.8088%
 -- Sample 20: 2.2303%
 -- Sample 21: 0.3774%
 -- Sample 22: 2.2476%
 -- Sample 23: 2.6312%
 -- Sample 24: 1.7055%
 -- Sample 25: 2.8095%
 -- Sample 26: 2.9285%
 -- Sample 27: 2.9312%
 -- Sample 28: 7.2072%
 -- Sample 29: 9.2137%
 -- Sample 30: 9.2068%
 -- Sample 31: 6.1105%
 -- Sample 32: 1.0960%
 -- Sample 33: 4.6766%
 -- Sample 34: 3.6698%
 -- Sample 35: 1.1275%
 -- Sample 36: 1.2804%
 -- Sample 37: 0.7884%
 -- Sample 38: 3.0868%
 -- Sample 39: 2.3496%
 -- Sample 40: 8.1645%
 -- Sample 41: 5.8673%
 -- Sample 42: 5.3459%
 -- Sample 43: 7.0228%
 -- Sample 44: 4.1929%
 -- Sample 45: 3.5059%
 -- Sample 46: 4.3274%
 -- Sample 47: 4.0051%
 -- Sample 48: 1.3793%
 -- Sample 49: 1.5006%
Mean: 5.2955%, Std: 4.6517%
------------------------------------------------------------------
Evaluating Divergent:
 -- Sample 0: 41.3747%
 -- Sample 1: 42.6263%
 -- Sample 2: 42.2723%
 -- Sample 3: 42.0930%
 -- Sample 4: 42.1034%
 -- Sample 5: 42.2133%
 -- Sample 6: 42.6780%
 -- Sample 7: 43.2973%
 -- Sample 8: 45.6208%
 -- Sample 9: 44.8967%
 -- Sample 10: 44.6696%
 -- Sample 11: 44.3172%
 -- Sample 12: 41.5608%
 -- Sample 13: 42.5884%
 -- Sample 14: 44.6782%
 -- Sample 15: 41.9801%
 -- Sample 16: 41.8950%
 -- Sample 17: 43.2078%
 -- Sample 18: 42.1691%
 -- Sample 19: 42.1699%
 -- Sample 20: 45.9686%
 -- Sample 21: 46.2571%
 -- Sample 22: 44.1675%
 -- Sample 23: 46.6219%
 -- Sample 24: 41.9418%
 -- Sample 25: 42.9493%
 -- Sample 26: 42.1914%
 -- Sample 27: 41.7933%
 -- Sample 28: 42.2066%
 -- Sample 29: 42.9580%
 -- Sample 30: 42.7489%
 -- Sample 31: 42.7272%
 -- Sample 32: 43.5875%
 -- Sample 33: 43.2478%
 -- Sample 34: 42.2330%
 -- Sample 35: 43.0170%
 -- Sample 36: 37.4928%
 -- Sample 37: 37.5933%
 -- Sample 38: 37.2815%
 -- Sample 39: 37.6688%
 -- Sample 40: 45.7053%
 -- Sample 41: 45.8735%
 -- Sample 42: 46.2553%
 -- Sample 43: 46.5405%
 -- Sample 44: 38.9042%
 -- Sample 45: 39.2565%
 -- Sample 46: 38.6972%
 -- Sample 47: 37.9538%
 -- Sample 48: 39.8936%
 -- Sample 49: 40.0224%
Mean: 42.4434%, Std: 2.4721%
------------------------------------------------------------------
  Processing Batch 4 (Size: 50)...
    Evaluating Ko et al (D3)
Bias Error: using velocity magnitude
Mean: 14.8933, Std: 20.4974
------------------------------------------------------------------
Magnitude Error: 
 -- Sample 0: mean=31.4180%; std=22.0749
 -- Sample 1: mean=27.5656%; std=22.6971
 -- Sample 2: mean=19.3464%; std=15.0113
 -- Sample 3: mean=17.7708%; std=13.8535
 -- Sample 4: mean=19.7896%; std=15.1000
 -- Sample 5: mean=22.0701%; std=16.6732
 -- Sample 6: mean=32.1299%; std=24.3799
 -- Sample 7: mean=29.0255%; std=22.5691
 -- Sample 8: mean=29.4939%; std=24.5791
 -- Sample 9: mean=31.3163%; std=24.9311
 -- Sample 10: mean=17.9081%; std=14.7318
 -- Sample 11: mean=16.4393%; std=15.0425
 -- Sample 12: mean=17.4322%; std=16.7918
 -- Sample 13: mean=17.3024%; std=13.6198
 -- Sample 14: mean=27.1301%; std=16.9847
 -- Sample 15: mean=24.7149%; std=15.7358
 -- Sample 16: mean=25.2168%; std=15.1344
 -- Sample 17: mean=26.7862%; std=16.5315
 -- Sample 18: mean=39.9392%; std=42.4063
 -- Sample 19: mean=43.1660%; std=52.4944
 -- Sample 20: mean=40.8475%; std=43.9026
 -- Sample 21: mean=43.1377%; std=43.0259
 -- Sample 22: mean=26.7462%; std=18.5787
 -- Sample 23: mean=25.5984%; std=17.2675
 -- Sample 24: mean=25.1094%; std=18.5308
 -- Sample 25: mean=25.4607%; std=17.7939
 -- Sample 26: mean=23.7611%; std=17.2014
 -- Sample 27: mean=24.1187%; std=18.0442
 -- Sample 28: mean=26.1675%; std=22.2621
 -- Sample 29: mean=24.4350%; std=19.4450
 -- Sample 30: mean=116.7425%; std=110.7571
 -- Sample 31: mean=111.4248%; std=115.3866
 -- Sample 32: mean=116.6076%; std=113.9225
 -- Sample 33: mean=126.8631%; std=118.2974
 -- Sample 34: mean=61.0874%; std=34.1946
 -- Sample 35: mean=63.6789%; std=36.9905
 -- Sample 36: mean=55.2754%; std=33.0514
 -- Sample 37: mean=56.2434%; std=33.1963
 -- Sample 38: mean=21.2766%; std=16.0558
 -- Sample 39: mean=23.4547%; std=15.6040
 -- Sample 40: mean=20.6382%; std=13.9353
 -- Sample 41: mean=20.8680%; std=13.3068
 -- Sample 42: mean=34.9611%; std=25.0500
 -- Sample 43: mean=33.1107%; std=26.0447
 -- Sample 44: mean=29.4966%; std=21.1159
 -- Sample 45: mean=30.5349%; std=25.3920
 -- Sample 46: mean=17.3818%; std=15.5194
 -- Sample 47: mean=16.7708%; std=15.5572
 -- Sample 48: mean=18.9471%; std=17.8998
 -- Sample 49: mean=20.1448%; std=17.7605
Mean: 35.9370%, Std: 26.6466%
------------------------------------------------------------------
Angular error:
 -- Sample 0: mean=29.9127º; std=38.5536
 -- Sample 1: mean=28.2299º; std=37.6302
 -- Sample 2: mean=18.8736º; std=27.0297
 -- Sample 3: mean=18.9689º; std=27.2703
 -- Sample 4: mean=19.6613º; std=27.7198
 -- Sample 5: mean=19.2616º; std=26.9553
 -- Sample 6: mean=24.6279º; std=29.6870
 -- Sample 7: mean=24.7016º; std=28.8558
 -- Sample 8: mean=23.9831º; std=27.6350
 -- Sample 9: mean=24.2940º; std=29.0751
 -- Sample 10: mean=25.2522º; std=33.8419
 -- Sample 11: mean=26.2625º; std=35.2960
 -- Sample 12: mean=26.0892º; std=35.5353
 -- Sample 13: mean=24.5652º; std=32.9246
 -- Sample 14: mean=26.4365º; std=36.4454
 -- Sample 15: mean=26.1691º; std=35.7395
 -- Sample 16: mean=26.7183º; std=35.7670
 -- Sample 17: mean=26.9628º; std=36.5589
 -- Sample 18: mean=34.2051º; std=38.1499
 -- Sample 19: mean=35.3235º; std=38.6540
 -- Sample 20: mean=36.0407º; std=39.7973
 -- Sample 21: mean=35.1128º; std=38.9209
 -- Sample 22: mean=24.2656º; std=31.2804
 -- Sample 23: mean=24.8000º; std=31.6859
 -- Sample 24: mean=24.6238º; std=32.0285
 -- Sample 25: mean=24.0393º; std=31.8301
 -- Sample 26: mean=26.2717º; std=31.7187
 -- Sample 27: mean=27.3982º; std=32.8667
 -- Sample 28: mean=27.3844º; std=34.2561
 -- Sample 29: mean=27.0651º; std=32.5441
 -- Sample 30: mean=30.0037º; std=34.0803
 -- Sample 31: mean=29.8154º; std=33.8420
 -- Sample 32: mean=29.6889º; std=34.7816
 -- Sample 33: mean=30.0665º; std=33.8076
 -- Sample 34: mean=33.9002º; std=36.7831
 -- Sample 35: mean=33.7070º; std=35.8994
 -- Sample 36: mean=33.5591º; std=36.6550
 -- Sample 37: mean=34.3972º; std=37.4430
 -- Sample 38: mean=25.8668º; std=29.7099
 -- Sample 39: mean=25.1477º; std=30.0737
 -- Sample 40: mean=24.3797º; std=30.0076
 -- Sample 41: mean=25.1442º; std=30.0116
 -- Sample 42: mean=36.6600º; std=36.2920
 -- Sample 43: mean=37.4050º; std=37.1545
 -- Sample 44: mean=36.7409º; std=37.4932
 -- Sample 45: mean=36.1445º; std=35.7422
 -- Sample 46: mean=21.6357º; std=28.5051
 -- Sample 47: mean=21.7697º; std=28.3378
 -- Sample 48: mean=24.1421º; std=30.4989
 -- Sample 49: mean=23.5200º; std=30.4379
Mean: 27.6239º, Std: 5.0306º
------------------------------------------------------------------
Correlation comparison:
 -- Sample 0: 0.9042
 -- Sample 1: 0.9309
 -- Sample 2: 0.9597
 -- Sample 3: 0.9615
 -- Sample 4: 0.9638
 -- Sample 5: 0.9578
 -- Sample 6: 0.9450
 -- Sample 7: 0.9485
 -- Sample 8: 0.9502
 -- Sample 9: 0.9437
 -- Sample 10: 0.9770
 -- Sample 11: 0.9756
 -- Sample 12: 0.9705
 -- Sample 13: 0.9762
 -- Sample 14: 0.9399
 -- Sample 15: 0.9455
 -- Sample 16: 0.9524
 -- Sample 17: 0.9378
 -- Sample 18: 0.8636
 -- Sample 19: 0.8296
 -- Sample 20: 0.8549
 -- Sample 21: 0.8458
 -- Sample 22: 0.9297
 -- Sample 23: 0.9391
 -- Sample 24: 0.9317
 -- Sample 25: 0.9275
 -- Sample 26: 0.9345
 -- Sample 27: 0.9459
 -- Sample 28: 0.9352
 -- Sample 29: 0.9360
 -- Sample 30: 0.6502
 -- Sample 31: 0.6622
 -- Sample 32: 0.6550
 -- Sample 33: 0.6262
 -- Sample 34: 0.7580
 -- Sample 35: 0.7619
 -- Sample 36: 0.7807
 -- Sample 37: 0.7726
 -- Sample 38: 0.9505
 -- Sample 39: 0.9428
 -- Sample 40: 0.9575
 -- Sample 41: 0.9551
 -- Sample 42: 0.9144
 -- Sample 43: 0.9041
 -- Sample 44: 0.9243
 -- Sample 45: 0.9279
 -- Sample 46: 0.9682
 -- Sample 47: 0.9734
 -- Sample 48: 0.9661
 -- Sample 49: 0.9626
Mean=0.9005, Std=0.0928
------------------------------------------------------------------
Flux Error:
 -- Sample 0: 1.2859
 -- Sample 1: 0.6419
 -- Sample 2: 0.5783
 -- Sample 3: 0.6334
 -- Sample 4: 0.6204
 -- Sample 5: 0.7111
 -- Sample 6: 0.8413
 -- Sample 7: 0.8319
 -- Sample 8: 0.7887
 -- Sample 9: 0.9295
 -- Sample 10: 0.6158
 -- Sample 11: 0.9060
 -- Sample 12: 0.5351
 -- Sample 13: 0.8870
 -- Sample 14: 0.6542
 -- Sample 15: 0.5500
 -- Sample 16: 0.6693
 -- Sample 17: 0.5536
 -- Sample 18: 0.8096
 -- Sample 19: 0.6867
 -- Sample 20: 0.7680
 -- Sample 21: 0.7644
 -- Sample 22: 0.3130
 -- Sample 23: 0.4576
 -- Sample 24: 0.3720
 -- Sample 25: 0.4743
 -- Sample 26: 0.6015
 -- Sample 27: 1.0452
 -- Sample 28: 0.6387
 -- Sample 29: 0.9489
 -- Sample 30: 1.4039
 -- Sample 31: 0.9973
 -- Sample 32: 1.4586
 -- Sample 33: 1.0938
 -- Sample 34: 0.7645
 -- Sample 35: 0.6004
 -- Sample 36: 0.7940
 -- Sample 37: 0.6070
 -- Sample 38: 0.5992
 -- Sample 39: 0.4932
 -- Sample 40: 0.5475
 -- Sample 41: 0.5598
 -- Sample 42: 0.5989
 -- Sample 43: 0.5571
 -- Sample 44: 0.6414
 -- Sample 45: 0.6357
 -- Sample 46: 0.7874
 -- Sample 47: 0.6811
 -- Sample 48: 0.8338
 -- Sample 49: 0.6982
Mean: 0.7293, Std: 0.2313
------------------------------------------------------------------
Tortuosity Comparison:
 -- Sample 0: 0.9969%
 -- Sample 1: 1.4597%
 -- Sample 2: 0.2540%
 -- Sample 3: 1.3343%
 -- Sample 4: 1.3848%
 -- Sample 5: 2.3847%
 -- Sample 6: 2.1996%
 -- Sample 7: 4.0447%
 -- Sample 8: 0.8752%
 -- Sample 9: 1.5467%
 -- Sample 10: 3.7229%
 -- Sample 11: 6.7162%
 -- Sample 12: 7.1572%
 -- Sample 13: 7.0229%
 -- Sample 14: 0.7570%
 -- Sample 15: 0.3155%
 -- Sample 16: 0.5927%
 -- Sample 17: 1.4220%
 -- Sample 18: 5.9529%
 -- Sample 19: 6.2151%
 -- Sample 20: 0.4085%
 -- Sample 21: 3.6764%
 -- Sample 22: 8.3063%
 -- Sample 23: 9.2836%
 -- Sample 24: 4.6846%
 -- Sample 25: 1.2379%
 -- Sample 26: 2.0098%
 -- Sample 27: 0.7876%
 -- Sample 28: 3.2951%
 -- Sample 29: 5.1954%
 -- Sample 30: 3.6633%
 -- Sample 31: 2.2213%
 -- Sample 32: 4.7983%
 -- Sample 33: 6.8791%
 -- Sample 34: 8.6837%
 -- Sample 35: 6.1522%
 -- Sample 36: 5.0195%
 -- Sample 37: 2.6803%
 -- Sample 38: 3.0156%
 -- Sample 39: 6.5724%
 -- Sample 40: 6.0310%
 -- Sample 41: 2.7282%
 -- Sample 42: 25.3763%
 -- Sample 43: 25.9453%
 -- Sample 44: 13.7792%
 -- Sample 45: 14.1953%
 -- Sample 46: 1.7231%
 -- Sample 47: 4.7971%
 -- Sample 48: 6.7073%
 -- Sample 49: 3.6978%
Mean: 4.9981%, Std: 5.2591%
------------------------------------------------------------------
Evaluating Divergent:
 -- Sample 0: 40.3342%
 -- Sample 1: 40.6203%
 -- Sample 2: 32.7297%
 -- Sample 3: 32.5280%
 -- Sample 4: 33.3296%
 -- Sample 5: 33.3360%
 -- Sample 6: 43.8320%
 -- Sample 7: 44.0702%
 -- Sample 8: 44.0409%
 -- Sample 9: 44.2054%
 -- Sample 10: 36.8580%
 -- Sample 11: 37.2919%
 -- Sample 12: 37.3736%
 -- Sample 13: 36.9185%
 -- Sample 14: 37.2458%
 -- Sample 15: 37.0168%
 -- Sample 16: 37.7048%
 -- Sample 17: 37.9544%
 -- Sample 18: 43.6540%
 -- Sample 19: 43.1319%
 -- Sample 20: 43.2586%
 -- Sample 21: 44.4674%
 -- Sample 22: 36.7995%
 -- Sample 23: 37.6840%
 -- Sample 24: 38.2504%
 -- Sample 25: 36.4590%
 -- Sample 26: 38.9881%
 -- Sample 27: 39.5194%
 -- Sample 28: 39.2364%
 -- Sample 29: 40.3005%
 -- Sample 30: 40.9426%
 -- Sample 31: 41.3515%
 -- Sample 32: 40.7141%
 -- Sample 33: 40.2386%
 -- Sample 34: 49.4582%
 -- Sample 35: 48.4553%
 -- Sample 36: 46.8253%
 -- Sample 37: 47.7622%
 -- Sample 38: 37.7991%
 -- Sample 39: 36.4428%
 -- Sample 40: 35.8428%
 -- Sample 41: 36.7889%
 -- Sample 42: 47.9869%
 -- Sample 43: 48.6108%
 -- Sample 44: 47.2065%
 -- Sample 45: 47.1124%
 -- Sample 46: 36.8877%
 -- Sample 47: 36.2267%
 -- Sample 48: 37.1174%
 -- Sample 49: 36.4612%
Mean: 40.1874%, Std: 4.4931%
------------------------------------------------------------------
  Processing Batch 5 (Size: 50)...
    Evaluating Ko et al (D3)
Bias Error: using velocity magnitude
Mean: 38.3883, Std: 58.7084
------------------------------------------------------------------
Magnitude Error: 
 -- Sample 0: mean=32.6982%; std=16.3431
 -- Sample 1: mean=31.3045%; std=17.0299
 -- Sample 2: mean=30.7281%; std=16.8333
 -- Sample 3: mean=33.3594%; std=17.2639
 -- Sample 4: mean=309.3876%; std=489.2018
 -- Sample 5: mean=341.4568%; std=549.0939
 -- Sample 6: mean=313.9538%; std=500.9725
 -- Sample 7: mean=319.9507%; std=516.0192
 -- Sample 8: mean=34.6624%; std=24.1502
 -- Sample 9: mean=38.0026%; std=24.9644
 -- Sample 10: mean=35.7192%; std=23.6039
 -- Sample 11: mean=32.2996%; std=23.1925
 -- Sample 12: mean=23.9081%; std=15.8830
 -- Sample 13: mean=22.9700%; std=15.3800
 -- Sample 14: mean=24.9724%; std=16.2975
 -- Sample 15: mean=25.4377%; std=15.8502
 -- Sample 16: mean=45.4812%; std=21.6420
 -- Sample 17: mean=45.4852%; std=20.2864
 -- Sample 18: mean=47.9686%; std=19.9537
 -- Sample 19: mean=48.4438%; std=19.1726
 -- Sample 20: mean=48.7042%; std=19.0191
 -- Sample 21: mean=48.6853%; std=18.4536
 -- Sample 22: mean=49.2406%; std=18.7944
 -- Sample 23: mean=50.7527%; std=18.9993
 -- Sample 24: mean=48.9413%; std=43.5342
 -- Sample 25: mean=54.6057%; std=47.0938
 -- Sample 26: mean=49.8609%; std=45.8008
 -- Sample 27: mean=49.0603%; std=53.0613
 -- Sample 28: mean=23.8407%; std=15.7044
 -- Sample 29: mean=20.6404%; std=14.0174
 -- Sample 30: mean=20.3486%; std=13.1854
 -- Sample 31: mean=23.8409%; std=15.7767
 -- Sample 32: mean=30.0325%; std=23.4147
 -- Sample 33: mean=35.2618%; std=25.5937
 -- Sample 34: mean=34.2010%; std=25.9446
 -- Sample 35: mean=32.2094%; std=26.0320
 -- Sample 36: mean=25.8451%; std=19.9682
 -- Sample 37: mean=25.6872%; std=19.1693
 -- Sample 38: mean=26.5213%; std=20.9855
 -- Sample 39: mean=27.0705%; std=20.6250
 -- Sample 40: mean=56.6697%; std=26.6796
 -- Sample 41: mean=58.8354%; std=31.8978
 -- Sample 42: mean=53.4648%; std=31.5280
 -- Sample 43: mean=52.8903%; std=28.5963
 -- Sample 44: mean=26.7007%; std=24.6417
 -- Sample 45: mean=27.2556%; std=24.9045
 -- Sample 46: mean=27.4092%; std=24.1829
 -- Sample 47: mean=26.2677%; std=23.8060
 -- Sample 48: mean=27.3606%; std=25.2867
 -- Sample 49: mean=29.7165%; std=25.8664
Mean: 59.0022%, Std: 78.1506%
------------------------------------------------------------------
Angular error:
 -- Sample 0: mean=24.1534º; std=32.6962
 -- Sample 1: mean=24.6800º; std=33.7293
 -- Sample 2: mean=25.6226º; std=34.2062
 -- Sample 3: mean=25.8264º; std=32.9030
 -- Sample 4: mean=30.8584º; std=36.3543
 -- Sample 5: mean=29.8608º; std=35.9555
 -- Sample 6: mean=31.6890º; std=35.7037
 -- Sample 7: mean=31.9814º; std=36.0651
 -- Sample 8: mean=28.9641º; std=32.4336
 -- Sample 9: mean=30.2572º; std=33.8641
 -- Sample 10: mean=31.3084º; std=35.7937
 -- Sample 11: mean=30.2583º; std=33.6065
 -- Sample 12: mean=19.5159º; std=26.8375
 -- Sample 13: mean=19.6516º; std=28.0190
 -- Sample 14: mean=19.2817º; std=26.9586
 -- Sample 15: mean=19.0656º; std=26.5216
 -- Sample 16: mean=27.2033º; std=31.5277
 -- Sample 17: mean=27.8123º; std=31.8921
 -- Sample 18: mean=28.1449º; std=31.8066
 -- Sample 19: mean=28.5061º; std=31.7908
 -- Sample 20: mean=32.9306º; std=37.9576
 -- Sample 21: mean=32.6759º; std=38.5457
 -- Sample 22: mean=32.5422º; std=38.3371
 -- Sample 23: mean=32.6350º; std=37.6210
 -- Sample 24: mean=28.5948º; std=36.2222
 -- Sample 25: mean=28.6665º; std=36.7596
 -- Sample 26: mean=27.4084º; std=35.5572
 -- Sample 27: mean=26.6929º; std=35.0350
 -- Sample 28: mean=20.1434º; std=28.8927
 -- Sample 29: mean=19.3459º; std=28.2876
 -- Sample 30: mean=20.0646º; std=29.0724
 -- Sample 31: mean=21.0516º; std=29.9828
 -- Sample 32: mean=34.9676º; std=37.5662
 -- Sample 33: mean=34.6395º; std=37.1712
 -- Sample 34: mean=35.7954º; std=38.9035
 -- Sample 35: mean=35.1883º; std=38.7325
 -- Sample 36: mean=25.2710º; std=32.8617
 -- Sample 37: mean=25.4092º; std=32.4461
 -- Sample 38: mean=24.1701º; std=30.5399
 -- Sample 39: mean=25.0062º; std=31.6309
 -- Sample 40: mean=35.0057º; std=38.7176
 -- Sample 41: mean=35.4373º; std=38.6877
 -- Sample 42: mean=35.7056º; std=39.3808
 -- Sample 43: mean=35.6631º; std=39.3460
 -- Sample 44: mean=30.6914º; std=34.3788
 -- Sample 45: mean=30.0285º; std=32.7004
 -- Sample 46: mean=30.1337º; std=31.8599
 -- Sample 47: mean=30.2193º; std=33.2901
 -- Sample 48: mean=25.5854º; std=32.8944
 -- Sample 49: mean=26.1019º; std=33.0396
Mean: 28.2483º, Std: 4.9586º
------------------------------------------------------------------
Correlation comparison:
 -- Sample 0: 0.9100
 -- Sample 1: 0.9033
 -- Sample 2: 0.9169
 -- Sample 3: 0.9262
 -- Sample 4: 0.3299
 -- Sample 5: 0.3279
 -- Sample 6: 0.3655
 -- Sample 7: 0.3452
 -- Sample 8: 0.9431
 -- Sample 9: 0.9386
 -- Sample 10: 0.9465
 -- Sample 11: 0.9507
 -- Sample 12: 0.9447
 -- Sample 13: 0.9480
 -- Sample 14: 0.9379
 -- Sample 15: 0.9436
 -- Sample 16: 0.9216
 -- Sample 17: 0.9325
 -- Sample 18: 0.9256
 -- Sample 19: 0.9238
 -- Sample 20: 0.9299
 -- Sample 21: 0.9285
 -- Sample 22: 0.9150
 -- Sample 23: 0.9205
 -- Sample 24: 0.7874
 -- Sample 25: 0.7723
 -- Sample 26: 0.7806
 -- Sample 27: 0.7839
 -- Sample 28: 0.9495
 -- Sample 29: 0.9542
 -- Sample 30: 0.9641
 -- Sample 31: 0.9599
 -- Sample 32: 0.9524
 -- Sample 33: 0.9373
 -- Sample 34: 0.9492
 -- Sample 35: 0.9472
 -- Sample 36: 0.9524
 -- Sample 37: 0.9464
 -- Sample 38: 0.9384
 -- Sample 39: 0.9406
 -- Sample 40: 0.7120
 -- Sample 41: 0.6833
 -- Sample 42: 0.7090
 -- Sample 43: 0.7310
 -- Sample 44: 0.9466
 -- Sample 45: 0.9439
 -- Sample 46: 0.9425
 -- Sample 47: 0.9443
 -- Sample 48: 0.9496
 -- Sample 49: 0.9414
Mean=0.8599, Std=0.1693
------------------------------------------------------------------
Flux Error:
 -- Sample 0: 0.5806
 -- Sample 1: 0.8256
 -- Sample 2: 0.5585
 -- Sample 3: 0.7666
 -- Sample 4: 1.7872
 -- Sample 5: 2.4663
 -- Sample 6: 2.1870
 -- Sample 7: 2.0198
 -- Sample 8: 0.7355
 -- Sample 9: 0.7256
 -- Sample 10: 0.7555
 -- Sample 11: 0.7750
 -- Sample 12: 0.7117
 -- Sample 13: 0.2998
 -- Sample 14: 0.7096
 -- Sample 15: 0.3246
 -- Sample 16: 0.6204
 -- Sample 17: 0.6017
 -- Sample 18: 0.6202
 -- Sample 19: 0.6155
 -- Sample 20: 0.5224
 -- Sample 21: 0.7238
 -- Sample 22: 0.5129
 -- Sample 23: 0.7234
 -- Sample 24: 0.3388
 -- Sample 25: 0.6459
 -- Sample 26: 0.4195
 -- Sample 27: 0.6176
 -- Sample 28: 0.8849
 -- Sample 29: 0.6115
 -- Sample 30: 0.8870
 -- Sample 31: 0.6302
 -- Sample 32: 0.9297
 -- Sample 33: 0.6836
 -- Sample 34: 1.0260
 -- Sample 35: 0.8260
 -- Sample 36: 0.7490
 -- Sample 37: 0.6957
 -- Sample 38: 0.7377
 -- Sample 39: 0.6620
 -- Sample 40: 0.6936
 -- Sample 41: 0.5610
 -- Sample 42: 0.6912
 -- Sample 43: 0.5447
 -- Sample 44: 0.6822
 -- Sample 45: 0.5693
 -- Sample 46: 0.6471
 -- Sample 47: 0.5276
 -- Sample 48: 0.6788
 -- Sample 49: 0.6877
Mean: 0.7759, Std: 0.4244
------------------------------------------------------------------
Tortuosity Comparison:
 -- Sample 0: 3.6097%
 -- Sample 1: 2.9975%
 -- Sample 2: 2.2093%
 -- Sample 3: 6.6908%
 -- Sample 4: 22.7328%
 -- Sample 5: 4.5134%
 -- Sample 6: 8.1598%
 -- Sample 7: 19.0565%
 -- Sample 8: 6.8448%
 -- Sample 9: 10.8723%
 -- Sample 10: 5.8881%
 -- Sample 11: 3.5549%
 -- Sample 12: 0.3241%
 -- Sample 13: 0.9751%
 -- Sample 14: 2.9440%
 -- Sample 15: 1.2425%
 -- Sample 16: 8.8284%
 -- Sample 17: 9.6898%
 -- Sample 18: 13.8537%
 -- Sample 19: 15.7238%
 -- Sample 20: 1.4698%
 -- Sample 21: 2.6207%
 -- Sample 22: 1.9487%
 -- Sample 23: 3.1706%
 -- Sample 24: 0.9360%
 -- Sample 25: 1.6441%
 -- Sample 26: 4.5449%
 -- Sample 27: 1.3925%
 -- Sample 28: 1.1391%
 -- Sample 29: 1.4882%
 -- Sample 30: 2.5479%
 -- Sample 31: 1.9057%
 -- Sample 32: 9.6600%
 -- Sample 33: 13.4094%
 -- Sample 34: 7.7740%
 -- Sample 35: 5.9231%
 -- Sample 36: 0.5406%
 -- Sample 37: 3.0499%
 -- Sample 38: 5.6017%
 -- Sample 39: 4.7996%
 -- Sample 40: 10.3373%
 -- Sample 41: 9.1783%
 -- Sample 42: 5.3411%
 -- Sample 43: 7.4260%
 -- Sample 44: 5.0558%
 -- Sample 45: 3.3793%
 -- Sample 46: 3.5399%
 -- Sample 47: 4.1437%
 -- Sample 48: 0.7691%
 -- Sample 49: 2.5485%
Mean: 5.5599%, Std: 4.8403%
------------------------------------------------------------------
Evaluating Divergent:
 -- Sample 0: 37.6767%
 -- Sample 1: 38.2416%
 -- Sample 2: 38.5338%
 -- Sample 3: 39.1896%
 -- Sample 4: 44.0745%
 -- Sample 5: 43.0250%
 -- Sample 6: 43.8909%
 -- Sample 7: 44.1203%
 -- Sample 8: 43.7802%
 -- Sample 9: 44.5319%
 -- Sample 10: 44.1288%
 -- Sample 11: 43.3982%
 -- Sample 12: 34.6495%
 -- Sample 13: 33.5552%
 -- Sample 14: 34.6436%
 -- Sample 15: 34.3992%
 -- Sample 16: 39.4528%
 -- Sample 17: 39.8063%
 -- Sample 18: 40.0074%
 -- Sample 19: 40.3752%
 -- Sample 20: 45.7082%
 -- Sample 21: 44.6619%
 -- Sample 22: 45.3733%
 -- Sample 23: 46.6557%
 -- Sample 24: 40.1499%
 -- Sample 25: 39.9768%
 -- Sample 26: 40.9083%
 -- Sample 27: 39.8439%
 -- Sample 28: 34.1380%
 -- Sample 29: 33.6366%
 -- Sample 30: 34.3152%
 -- Sample 31: 34.9337%
 -- Sample 32: 50.6467%
 -- Sample 33: 50.9479%
 -- Sample 34: 50.3950%
 -- Sample 35: 50.0300%
 -- Sample 36: 36.7434%
 -- Sample 37: 37.2032%
 -- Sample 38: 37.6303%
 -- Sample 39: 37.7280%
 -- Sample 40: 44.4411%
 -- Sample 41: 44.3722%
 -- Sample 42: 44.3026%
 -- Sample 43: 44.0561%
 -- Sample 44: 43.8076%
 -- Sample 45: 44.3779%
 -- Sample 46: 44.5265%
 -- Sample 47: 43.9593%
 -- Sample 48: 39.1703%
 -- Sample 49: 39.1189%
Mean: 41.3048%, Std: 4.5946%
------------------------------------------------------------------
  Processing Batch 6 (Size: 50)...
    Evaluating Ko et al (D3)
Bias Error: using velocity magnitude
Mean: 29.3236, Std: 34.1547
------------------------------------------------------------------
Magnitude Error: 
 -- Sample 0: mean=27.8405%; std=24.0364
 -- Sample 1: mean=25.2321%; std=23.8156
 -- Sample 2: mean=47.2199%; std=55.3541
 -- Sample 3: mean=41.3158%; std=40.2773
 -- Sample 4: mean=44.9654%; std=51.7055
 -- Sample 5: mean=50.2032%; std=57.4522
 -- Sample 6: mean=38.8533%; std=19.1965
 -- Sample 7: mean=37.8242%; std=21.4942
 -- Sample 8: mean=39.3259%; std=19.6823
 -- Sample 9: mean=38.2769%; std=20.2852
 -- Sample 10: mean=25.0052%; std=18.1399
 -- Sample 11: mean=25.6950%; std=17.6331
 -- Sample 12: mean=26.4923%; std=17.2053
 -- Sample 13: mean=24.1278%; std=17.5705
 -- Sample 14: mean=30.8288%; std=18.5935
 -- Sample 15: mean=27.1222%; std=17.7302
 -- Sample 16: mean=32.1963%; std=17.1662
 -- Sample 17: mean=31.6988%; std=17.5978
 -- Sample 18: mean=31.7532%; std=24.1575
 -- Sample 19: mean=29.8322%; std=21.8606
 -- Sample 20: mean=30.3570%; std=22.8070
 -- Sample 21: mean=31.9706%; std=25.3804
 -- Sample 22: mean=168.6209%; std=130.3270
 -- Sample 23: mean=177.6695%; std=142.6954
 -- Sample 24: mean=171.6770%; std=116.9215
 -- Sample 25: mean=184.4840%; std=123.1717
 -- Sample 26: mean=39.7887%; std=25.6449
 -- Sample 27: mean=39.6128%; std=26.5272
 -- Sample 28: mean=38.0936%; std=22.7237
 -- Sample 29: mean=39.4101%; std=25.2323
 -- Sample 30: mean=32.9720%; std=31.8587
 -- Sample 31: mean=29.5628%; std=27.9381
 -- Sample 32: mean=28.5098%; std=26.4667
 -- Sample 33: mean=33.2689%; std=31.0391
 -- Sample 34: mean=34.7350%; std=24.8133
 -- Sample 35: mean=29.1541%; std=23.0180
 -- Sample 36: mean=29.6025%; std=24.0894
 -- Sample 37: mean=29.7715%; std=26.2363
 -- Sample 38: mean=28.7510%; std=18.8487
 -- Sample 39: mean=30.7625%; std=19.7620
 -- Sample 40: mean=27.8234%; std=15.8487
 -- Sample 41: mean=25.5949%; std=15.3987
 -- Sample 42: mean=52.3214%; std=67.6187
 -- Sample 43: mean=55.4619%; std=65.7834
 -- Sample 44: mean=54.2322%; std=65.2283
 -- Sample 45: mean=53.3711%; std=61.9495
 -- Sample 46: mean=30.3798%; std=17.5097
 -- Sample 47: mean=32.5323%; std=15.7582
 -- Sample 48: mean=34.6248%; std=18.6057
 -- Sample 49: mean=37.5808%; std=16.2164
Mean: 46.1701%, Std: 39.0278%
------------------------------------------------------------------
Angular error:
 -- Sample 0: mean=25.5622º; std=33.6336
 -- Sample 1: mean=24.9651º; std=33.1090
 -- Sample 2: mean=27.7933º; std=31.7442
 -- Sample 3: mean=27.2313º; std=30.8585
 -- Sample 4: mean=28.1140º; std=31.8472
 -- Sample 5: mean=29.3664º; std=32.5688
 -- Sample 6: mean=26.8684º; std=30.5435
 -- Sample 7: mean=26.0431º; std=30.1014
 -- Sample 8: mean=24.8716º; std=29.5674
 -- Sample 9: mean=25.4219º; std=29.1714
 -- Sample 10: mean=30.0150º; std=36.3088
 -- Sample 11: mean=31.3558º; std=37.1275
 -- Sample 12: mean=30.2891º; std=35.8930
 -- Sample 13: mean=28.3687º; std=35.2838
 -- Sample 14: mean=26.2560º; std=35.3778
 -- Sample 15: mean=25.3118º; std=34.0311
 -- Sample 16: mean=24.8597º; std=32.5493
 -- Sample 17: mean=25.4538º; std=33.3551
 -- Sample 18: mean=22.6246º; std=29.3420
 -- Sample 19: mean=22.7499º; std=28.5945
 -- Sample 20: mean=21.3889º; std=28.8405
 -- Sample 21: mean=21.9185º; std=29.1986
 -- Sample 22: mean=43.3139º; std=43.3016
 -- Sample 23: mean=40.9442º; std=42.4610
 -- Sample 24: mean=41.7074º; std=43.2348
 -- Sample 25: mean=42.8094º; std=42.9681
 -- Sample 26: mean=29.9063º; std=32.2739
 -- Sample 27: mean=28.9231º; std=32.7238
 -- Sample 28: mean=26.9986º; std=30.9836
 -- Sample 29: mean=28.1248º; std=31.4127
 -- Sample 30: mean=33.6323º; std=38.9605
 -- Sample 31: mean=34.2178º; std=38.5794
 -- Sample 32: mean=34.8564º; std=38.3900
 -- Sample 33: mean=33.9731º; std=38.2833
 -- Sample 34: mean=34.9189º; std=38.1048
 -- Sample 35: mean=38.1339º; std=41.1409
 -- Sample 36: mean=38.3103º; std=41.1583
 -- Sample 37: mean=35.7331º; std=38.6862
 -- Sample 38: mean=23.5306º; std=29.3239
 -- Sample 39: mean=24.6092º; std=30.2412
 -- Sample 40: mean=22.9322º; std=27.8073
 -- Sample 41: mean=22.1854º; std=28.4605
 -- Sample 42: mean=32.9963º; std=39.9879
 -- Sample 43: mean=33.0691º; std=39.4417
 -- Sample 44: mean=33.4341º; std=38.7704
 -- Sample 45: mean=33.5561º; std=39.7414
 -- Sample 46: mean=23.3327º; std=33.0776
 -- Sample 47: mean=23.2065º; std=32.6836
 -- Sample 48: mean=22.5676º; std=31.5678
 -- Sample 49: mean=22.7298º; std=31.9664
Mean: 29.2296º, Std: 5.8935º
------------------------------------------------------------------
Correlation comparison:
 -- Sample 0: 0.9465
 -- Sample 1: 0.9528
 -- Sample 2: 0.8964
 -- Sample 3: 0.9198
 -- Sample 4: 0.9099
 -- Sample 5: 0.9003
 -- Sample 6: 0.9430
 -- Sample 7: 0.9303
 -- Sample 8: 0.9334
 -- Sample 9: 0.9342
 -- Sample 10: 0.9283
 -- Sample 11: 0.9292
 -- Sample 12: 0.9291
 -- Sample 13: 0.9249
 -- Sample 14: 0.9442
 -- Sample 15: 0.9540
 -- Sample 16: 0.9559
 -- Sample 17: 0.9539
 -- Sample 18: 0.8190
 -- Sample 19: 0.8661
 -- Sample 20: 0.8477
 -- Sample 21: 0.8303
 -- Sample 22: 0.5999
 -- Sample 23: 0.5790
 -- Sample 24: 0.6059
 -- Sample 25: 0.6084
 -- Sample 26: 0.8314
 -- Sample 27: 0.8280
 -- Sample 28: 0.8648
 -- Sample 29: 0.8401
 -- Sample 30: 0.9125
 -- Sample 31: 0.9108
 -- Sample 32: 0.9240
 -- Sample 33: 0.9216
 -- Sample 34: 0.9007
 -- Sample 35: 0.9196
 -- Sample 36: 0.9246
 -- Sample 37: 0.9189
 -- Sample 38: 0.9424
 -- Sample 39: 0.9151
 -- Sample 40: 0.9341
 -- Sample 41: 0.9542
 -- Sample 42: 0.8360
 -- Sample 43: 0.7838
 -- Sample 44: 0.8100
 -- Sample 45: 0.8483
 -- Sample 46: 0.9382
 -- Sample 47: 0.9454
 -- Sample 48: 0.9116
 -- Sample 49: 0.9319
Mean=0.8798, Std=0.0939
------------------------------------------------------------------
Flux Error:
 -- Sample 0: 0.6834
 -- Sample 1: 0.6999
 -- Sample 2: 0.7281
 -- Sample 3: 1.0505
 -- Sample 4: 0.7245
 -- Sample 5: 1.1314
 -- Sample 6: 0.5883
 -- Sample 7: 0.4864
 -- Sample 8: 0.5323
 -- Sample 9: 0.5011
 -- Sample 10: 0.7105
 -- Sample 11: 0.4709
 -- Sample 12: 0.6313
 -- Sample 13: 0.4228
 -- Sample 14: 0.6980
 -- Sample 15: 0.6361
 -- Sample 16: 0.6642
 -- Sample 17: 0.5960
 -- Sample 18: 0.6432
 -- Sample 19: 0.6044
 -- Sample 20: 0.6740
 -- Sample 21: 0.6029
 -- Sample 22: 2.1419
 -- Sample 23: 2.0568
 -- Sample 24: 2.0164
 -- Sample 25: 2.1930
 -- Sample 26: 0.3711
 -- Sample 27: 0.4044
 -- Sample 28: 0.3640
 -- Sample 29: 0.3372
 -- Sample 30: 0.6384
 -- Sample 31: 0.7113
 -- Sample 32: 0.6292
 -- Sample 33: 0.7047
 -- Sample 34: 0.6744
 -- Sample 35: 0.6143
 -- Sample 36: 0.5489
 -- Sample 37: 0.6609
 -- Sample 38: 0.5631
 -- Sample 39: 0.3560
 -- Sample 40: 0.5933
 -- Sample 41: 0.3225
 -- Sample 42: 0.8832
 -- Sample 43: 0.6789
 -- Sample 44: 0.8046
 -- Sample 45: 0.7340
 -- Sample 46: 0.6623
 -- Sample 47: 0.7600
 -- Sample 48: 0.6598
 -- Sample 49: 0.7417
Mean: 0.7461, Std: 0.4292
------------------------------------------------------------------
Tortuosity Comparison:
 -- Sample 0: 0.7753%
 -- Sample 1: 0.9185%
 -- Sample 2: 2.1699%
 -- Sample 3: 0.5334%
 -- Sample 4: 1.3949%
 -- Sample 5: 1.6509%
 -- Sample 6: 7.8284%
 -- Sample 7: 3.8467%
 -- Sample 8: 2.8122%
 -- Sample 9: 3.5430%
 -- Sample 10: 0.4030%
 -- Sample 11: 0.4257%
 -- Sample 12: 1.5366%
 -- Sample 13: 0.9413%
 -- Sample 14: 0.7230%
 -- Sample 15: 1.8245%
 -- Sample 16: 2.5936%
 -- Sample 17: 2.2159%
 -- Sample 18: 2.4922%
 -- Sample 19: 2.9543%
 -- Sample 20: 2.4001%
 -- Sample 21: 3.3902%
 -- Sample 22: 10.4050%
 -- Sample 23: 9.9669%
 -- Sample 24: 7.1756%
 -- Sample 25: 11.4492%
 -- Sample 26: 10.5659%
 -- Sample 27: 1.9144%
 -- Sample 28: 5.9075%
 -- Sample 29: 8.9402%
 -- Sample 30: 7.5929%
 -- Sample 31: 1.2942%
 -- Sample 32: 5.2254%
 -- Sample 33: 12.4541%
 -- Sample 34: 2.7161%
 -- Sample 35: 4.5436%
 -- Sample 36: 8.3594%
 -- Sample 37: 7.8338%
 -- Sample 38: 2.1045%
 -- Sample 39: 1.3229%
 -- Sample 40: 2.0847%
 -- Sample 41: 1.6512%
 -- Sample 42: 9.5430%
 -- Sample 43: 8.5605%
 -- Sample 44: 8.5891%
 -- Sample 45: 8.5758%
 -- Sample 46: 0.3636%
 -- Sample 47: 1.1124%
 -- Sample 48: 1.5217%
 -- Sample 49: 2.7706%
Mean: 4.2383%, Std: 3.5166%
------------------------------------------------------------------
Evaluating Divergent:
 -- Sample 0: 40.1251%
 -- Sample 1: 39.3962%
 -- Sample 2: 39.7345%
 -- Sample 3: 38.6685%
 -- Sample 4: 39.1405%
 -- Sample 5: 40.3371%
 -- Sample 6: 40.5069%
 -- Sample 7: 40.3843%
 -- Sample 8: 39.7246%
 -- Sample 9: 40.3193%
 -- Sample 10: 39.7399%
 -- Sample 11: 40.5049%
 -- Sample 12: 39.7502%
 -- Sample 13: 39.4632%
 -- Sample 14: 36.9166%
 -- Sample 15: 36.9720%
 -- Sample 16: 37.0078%
 -- Sample 17: 36.8716%
 -- Sample 18: 41.5001%
 -- Sample 19: 41.2262%
 -- Sample 20: 40.6438%
 -- Sample 21: 41.4933%
 -- Sample 22: 44.7865%
 -- Sample 23: 45.5000%
 -- Sample 24: 45.3231%
 -- Sample 25: 45.1249%
 -- Sample 26: 40.9725%
 -- Sample 27: 41.6687%
 -- Sample 28: 41.0118%
 -- Sample 29: 41.6045%
 -- Sample 30: 42.2971%
 -- Sample 31: 42.6043%
 -- Sample 32: 43.5182%
 -- Sample 33: 43.9308%
 -- Sample 34: 48.7827%
 -- Sample 35: 49.6117%
 -- Sample 36: 48.7728%
 -- Sample 37: 47.6693%
 -- Sample 38: 36.9147%
 -- Sample 39: 36.9887%
 -- Sample 40: 37.2735%
 -- Sample 41: 36.7527%
 -- Sample 42: 37.4727%
 -- Sample 43: 37.0338%
 -- Sample 44: 37.5129%
 -- Sample 45: 38.7383%
 -- Sample 46: 36.8822%
 -- Sample 47: 36.4756%
 -- Sample 48: 37.2058%
 -- Sample 49: 37.1883%
Mean: 40.6009%, Std: 3.4286%
------------------------------------------------------------------
  Processing Batch 7 (Size: 50)...
    Evaluating Ko et al (D3)
Bias Error: using velocity magnitude
Mean: 18.2398, Std: 12.3682
------------------------------------------------------------------
Magnitude Error: 
 -- Sample 0: mean=58.1946%; std=71.2530
 -- Sample 1: mean=63.9469%; std=77.5812
 -- Sample 2: mean=63.9566%; std=82.0957
 -- Sample 3: mean=55.3706%; std=70.7141
 -- Sample 4: mean=23.4357%; std=13.7197
 -- Sample 5: mean=26.1041%; std=14.9320
 -- Sample 6: mean=29.1381%; std=16.4737
 -- Sample 7: mean=26.3491%; std=15.4063
 -- Sample 8: mean=30.8828%; std=33.5938
 -- Sample 9: mean=38.2514%; std=48.4816
 -- Sample 10: mean=34.5313%; std=43.5246
 -- Sample 11: mean=33.9431%; std=37.4822
 -- Sample 12: mean=34.2887%; std=23.7608
 -- Sample 13: mean=38.8229%; std=26.4885
 -- Sample 14: mean=35.5306%; std=28.6423
 -- Sample 15: mean=32.8082%; std=21.7910
 -- Sample 16: mean=47.4443%; std=46.6359
 -- Sample 17: mean=52.1634%; std=48.2601
 -- Sample 18: mean=52.3044%; std=49.6227
 -- Sample 19: mean=54.2665%; std=52.0840
 -- Sample 20: mean=27.9955%; std=16.4003
 -- Sample 21: mean=24.2457%; std=13.8807
 -- Sample 22: mean=24.5641%; std=14.6420
 -- Sample 23: mean=24.2513%; std=14.9817
 -- Sample 24: mean=35.2877%; std=20.0868
 -- Sample 25: mean=37.4320%; std=22.9817
 -- Sample 26: mean=38.6241%; std=27.4801
 -- Sample 27: mean=36.7765%; std=25.2709
 -- Sample 28: mean=61.0090%; std=49.6081
 -- Sample 29: mean=52.3054%; std=41.0439
 -- Sample 30: mean=62.4877%; std=49.2559
 -- Sample 31: mean=67.3265%; std=54.1103
 -- Sample 32: mean=53.2824%; std=41.0700
 -- Sample 33: mean=59.6355%; std=42.6579
 -- Sample 34: mean=57.9512%; std=38.6340
 -- Sample 35: mean=60.8298%; std=45.7122
 -- Sample 36: mean=34.3417%; std=17.0781
 -- Sample 37: mean=33.1591%; std=15.8405
 -- Sample 38: mean=30.3159%; std=15.0934
 -- Sample 39: mean=35.8857%; std=17.6240
 -- Sample 40: mean=27.1442%; std=17.9390
 -- Sample 41: mean=24.5585%; std=18.1539
 -- Sample 42: mean=30.2275%; std=18.5369
 -- Sample 43: mean=25.9680%; std=16.4233
 -- Sample 44: mean=23.6135%; std=18.5791
 -- Sample 45: mean=25.4669%; std=19.3464
 -- Sample 46: mean=25.0191%; std=20.1013
 -- Sample 47: mean=24.0787%; std=20.6986
 -- Sample 48: mean=26.0523%; std=18.9175
 -- Sample 49: mean=27.7710%; std=19.1599
Mean: 38.9868%, Std: 13.8002%
------------------------------------------------------------------
Angular error:
 -- Sample 0: mean=28.0536º; std=32.8413
 -- Sample 1: mean=28.6587º; std=34.7478
 -- Sample 2: mean=28.5091º; std=35.2363
 -- Sample 3: mean=28.3017º; std=34.2768
 -- Sample 4: mean=24.9865º; std=33.7412
 -- Sample 5: mean=25.1293º; std=33.2826
 -- Sample 6: mean=25.5292º; std=32.8978
 -- Sample 7: mean=25.2943º; std=32.9238
 -- Sample 8: mean=34.1759º; std=34.8984
 -- Sample 9: mean=34.9452º; std=37.5870
 -- Sample 10: mean=34.2369º; std=36.2793
 -- Sample 11: mean=33.6796º; std=35.0252
 -- Sample 12: mean=25.2178º; std=29.8425
 -- Sample 13: mean=25.8384º; std=29.4445
 -- Sample 14: mean=27.1266º; std=31.2311
 -- Sample 15: mean=27.3886º; std=31.6104
 -- Sample 16: mean=30.1884º; std=32.8558
 -- Sample 17: mean=31.0243º; std=32.8102
 -- Sample 18: mean=30.5087º; std=32.5837
 -- Sample 19: mean=30.0925º; std=32.4337
 -- Sample 20: mean=21.7613º; std=28.3837
 -- Sample 21: mean=21.6857º; std=27.4076
 -- Sample 22: mean=20.3371º; std=27.8559
 -- Sample 23: mean=21.1252º; std=28.6962
 -- Sample 24: mean=29.2497º; std=32.1615
 -- Sample 25: mean=29.2878º; std=31.7816
 -- Sample 26: mean=30.1240º; std=31.6829
 -- Sample 27: mean=29.4808º; std=31.6314
 -- Sample 28: mean=23.9241º; std=27.0934
 -- Sample 29: mean=24.3342º; std=26.5728
 -- Sample 30: mean=23.8335º; std=27.2230
 -- Sample 31: mean=23.3579º; std=27.2205
 -- Sample 32: mean=27.7165º; std=31.4473
 -- Sample 33: mean=27.2378º; std=30.1949
 -- Sample 34: mean=26.0816º; std=29.5030
 -- Sample 35: mean=27.4918º; std=30.4114
 -- Sample 36: mean=22.0639º; std=29.4211
 -- Sample 37: mean=21.7413º; std=29.6319
 -- Sample 38: mean=22.0171º; std=29.3972
 -- Sample 39: mean=22.8657º; std=29.4793
 -- Sample 40: mean=23.6897º; std=31.3966
 -- Sample 41: mean=23.4439º; std=31.4121
 -- Sample 42: mean=23.3591º; std=31.3252
 -- Sample 43: mean=23.1840º; std=31.9722
 -- Sample 44: mean=21.6902º; std=27.3484
 -- Sample 45: mean=21.4748º; std=27.2446
 -- Sample 46: mean=21.2875º; std=26.8137
 -- Sample 47: mean=21.4171º; std=27.4434
 -- Sample 48: mean=23.7200º; std=28.3092
 -- Sample 49: mean=23.8894º; std=28.5476
Mean: 26.0352º, Std: 3.8186º
------------------------------------------------------------------
Correlation comparison:
 -- Sample 0: 0.8046
 -- Sample 1: 0.8091
 -- Sample 2: 0.8092
 -- Sample 3: 0.8184
 -- Sample 4: 0.9637
 -- Sample 5: 0.9556
 -- Sample 6: 0.9358
 -- Sample 7: 0.9464
 -- Sample 8: 0.9175
 -- Sample 9: 0.9023
 -- Sample 10: 0.9079
 -- Sample 11: 0.9083
 -- Sample 12: 0.9044
 -- Sample 13: 0.8885
 -- Sample 14: 0.8958
 -- Sample 15: 0.9156
 -- Sample 16: 0.7916
 -- Sample 17: 0.7415
 -- Sample 18: 0.7545
 -- Sample 19: 0.7507
 -- Sample 20: 0.9260
 -- Sample 21: 0.9496
 -- Sample 22: 0.9420
 -- Sample 23: 0.9451
 -- Sample 24: 0.9322
 -- Sample 25: 0.9094
 -- Sample 26: 0.8880
 -- Sample 27: 0.9072
 -- Sample 28: 0.7719
 -- Sample 29: 0.7944
 -- Sample 30: 0.7524
 -- Sample 31: 0.7499
 -- Sample 32: 0.7327
 -- Sample 33: 0.6999
 -- Sample 34: 0.7079
 -- Sample 35: 0.6822
 -- Sample 36: 0.9512
 -- Sample 37: 0.9550
 -- Sample 38: 0.9649
 -- Sample 39: 0.9394
 -- Sample 40: 0.9492
 -- Sample 41: 0.9548
 -- Sample 42: 0.9309
 -- Sample 43: 0.9542
 -- Sample 44: 0.9168
 -- Sample 45: 0.9157
 -- Sample 46: 0.9100
 -- Sample 47: 0.9044
 -- Sample 48: 0.9236
 -- Sample 49: 0.9111
Mean=0.8739, Std=0.0830
------------------------------------------------------------------
Flux Error:
 -- Sample 0: 0.5254
 -- Sample 1: 1.0202
 -- Sample 2: 0.6132
 -- Sample 3: 0.9494
 -- Sample 4: 0.6577
 -- Sample 5: 0.4339
 -- Sample 6: 0.6482
 -- Sample 7: 0.4343
 -- Sample 8: 0.4950
 -- Sample 9: 0.5586
 -- Sample 10: 0.5200
 -- Sample 11: 0.4714
 -- Sample 12: 0.2993
 -- Sample 13: 0.5828
 -- Sample 14: 0.3027
 -- Sample 15: 0.5548
 -- Sample 16: 0.8262
 -- Sample 17: 0.6238
 -- Sample 18: 0.8366
 -- Sample 19: 0.7016
 -- Sample 20: 0.4185
 -- Sample 21: 0.2968
 -- Sample 22: 0.4456
 -- Sample 23: 0.2535
 -- Sample 24: 0.5934
 -- Sample 25: 0.5411
 -- Sample 26: 0.5456
 -- Sample 27: 0.5822
 -- Sample 28: 0.9273
 -- Sample 29: 0.4559
 -- Sample 30: 0.9298
 -- Sample 31: 0.6623
 -- Sample 32: 0.5177
 -- Sample 33: 0.8024
 -- Sample 34: 0.5153
 -- Sample 35: 0.8000
 -- Sample 36: 0.4417
 -- Sample 37: 0.3779
 -- Sample 38: 0.4359
 -- Sample 39: 0.3771
 -- Sample 40: 0.6921
 -- Sample 41: 0.6402
 -- Sample 42: 0.7397
 -- Sample 43: 0.6504
 -- Sample 44: 0.4730
 -- Sample 45: 0.4669
 -- Sample 46: 0.4464
 -- Sample 47: 0.4569
 -- Sample 48: 0.4483
 -- Sample 49: 0.3887
Mean: 0.5676, Std: 0.1782
------------------------------------------------------------------
Tortuosity Comparison:
 -- Sample 0: 0.2440%
 -- Sample 1: 2.2911%
 -- Sample 2: 3.1819%
 -- Sample 3: 0.5350%
 -- Sample 4: 0.3087%
 -- Sample 5: 0.4087%
 -- Sample 6: 1.4088%
 -- Sample 7: 1.5058%
 -- Sample 8: 12.4501%
 -- Sample 9: 9.3756%
 -- Sample 10: 13.5167%
 -- Sample 11: 9.7635%
 -- Sample 12: 4.8445%
 -- Sample 13: 4.7024%
 -- Sample 14: 3.5798%
 -- Sample 15: 0.4663%
 -- Sample 16: 1.6828%
 -- Sample 17: 1.1939%
 -- Sample 18: 3.7726%
 -- Sample 19: 3.4434%
 -- Sample 20: 2.2735%
 -- Sample 21: 3.2923%
 -- Sample 22: 0.9088%
 -- Sample 23: 2.4343%
 -- Sample 24: 3.2088%
 -- Sample 25: 3.4878%
 -- Sample 26: 9.8405%
 -- Sample 27: 10.9528%
 -- Sample 28: 4.0117%
 -- Sample 29: 9.1651%
 -- Sample 30: 2.7892%
 -- Sample 31: 0.0192%
 -- Sample 32: 8.8556%
 -- Sample 33: 12.4119%
 -- Sample 34: 14.1782%
 -- Sample 35: 9.2985%
 -- Sample 36: 5.1144%
 -- Sample 37: 3.6192%
 -- Sample 38: 2.5527%
 -- Sample 39: 5.7312%
 -- Sample 40: 0.8557%
 -- Sample 41: 1.1366%
 -- Sample 42: 1.1216%
 -- Sample 43: 1.4594%
 -- Sample 44: 4.9340%
 -- Sample 45: 3.2332%
 -- Sample 46: 3.1267%
 -- Sample 47: 4.4540%
 -- Sample 48: 2.3769%
 -- Sample 49: 7.9018%
Mean: 4.4684%, Std: 3.8423%
------------------------------------------------------------------
Evaluating Divergent:
 -- Sample 0: 39.5370%
 -- Sample 1: 38.9841%
 -- Sample 2: 39.7410%
 -- Sample 3: 39.5925%
 -- Sample 4: 35.2387%
 -- Sample 5: 35.9206%
 -- Sample 6: 36.4912%
 -- Sample 7: 35.7321%
 -- Sample 8: 47.0448%
 -- Sample 9: 45.9860%
 -- Sample 10: 45.4221%
 -- Sample 11: 46.0615%
 -- Sample 12: 35.2783%
 -- Sample 13: 35.2661%
 -- Sample 14: 35.8368%
 -- Sample 15: 35.6375%
 -- Sample 16: 42.1456%
 -- Sample 17: 42.5259%
 -- Sample 18: 42.2033%
 -- Sample 19: 43.0224%
 -- Sample 20: 35.3574%
 -- Sample 21: 35.8784%
 -- Sample 22: 34.2799%
 -- Sample 23: 33.9719%
 -- Sample 24: 46.8373%
 -- Sample 25: 46.5701%
 -- Sample 26: 47.1816%
 -- Sample 27: 46.4360%
 -- Sample 28: 36.9944%
 -- Sample 29: 37.8773%
 -- Sample 30: 36.8776%
 -- Sample 31: 36.6878%
 -- Sample 32: 43.0509%
 -- Sample 33: 44.5578%
 -- Sample 34: 42.5718%
 -- Sample 35: 42.9816%
 -- Sample 36: 36.2628%
 -- Sample 37: 36.2912%
 -- Sample 38: 36.7235%
 -- Sample 39: 36.4268%
 -- Sample 40: 36.6290%
 -- Sample 41: 36.4577%
 -- Sample 42: 36.8582%
 -- Sample 43: 36.1183%
 -- Sample 44: 35.0295%
 -- Sample 45: 34.8302%
 -- Sample 46: 35.0026%
 -- Sample 47: 34.2041%
 -- Sample 48: 35.8006%
 -- Sample 49: 35.6446%
Mean: 38.9612%, Std: 4.2238%
------------------------------------------------------------------
  Processing Batch 8 (Size: 50)...
    Evaluating Ko et al (D3)
Bias Error: using velocity magnitude
Mean: 23.3863, Std: 16.7361
------------------------------------------------------------------
Magnitude Error: 
 -- Sample 0: mean=29.9228%; std=20.1222
 -- Sample 1: mean=27.1333%; std=19.0082
 -- Sample 2: mean=34.9933%; std=22.2314
 -- Sample 3: mean=34.2786%; std=22.6664
 -- Sample 4: mean=29.5746%; std=19.4760
 -- Sample 5: mean=33.3795%; std=22.2169
 -- Sample 6: mean=33.5926%; std=24.3663
 -- Sample 7: mean=33.3064%; std=22.1399
 -- Sample 8: mean=34.7156%; std=23.2165
 -- Sample 9: mean=32.7457%; std=22.3438
 -- Sample 10: mean=34.7426%; std=20.5795
 -- Sample 11: mean=33.9548%; std=18.4481
 -- Sample 12: mean=34.1062%; std=19.3878
 -- Sample 13: mean=32.6331%; std=21.3241
 -- Sample 14: mean=35.4231%; std=25.0503
 -- Sample 15: mean=36.1828%; std=23.9883
 -- Sample 16: mean=38.1761%; std=26.3888
 -- Sample 17: mean=39.3902%; std=25.6785
 -- Sample 18: mean=37.3244%; std=34.7538
 -- Sample 19: mean=41.2111%; std=39.7620
 -- Sample 20: mean=44.8556%; std=46.0035
 -- Sample 21: mean=38.5285%; std=37.4303
 -- Sample 22: mean=85.6305%; std=94.3119
 -- Sample 23: mean=81.3650%; std=87.2342
 -- Sample 24: mean=89.0396%; std=100.1554
 -- Sample 25: mean=88.7226%; std=101.3332
 -- Sample 26: mean=41.1495%; std=22.0434
 -- Sample 27: mean=41.3499%; std=21.1111
 -- Sample 28: mean=41.0523%; std=20.8440
 -- Sample 29: mean=39.7760%; std=21.7738
 -- Sample 30: mean=19.0194%; std=15.1834
 -- Sample 31: mean=18.6272%; std=14.9738
 -- Sample 32: mean=20.7736%; std=17.3959
 -- Sample 33: mean=20.8117%; std=15.8258
 -- Sample 34: mean=38.4601%; std=52.0994
 -- Sample 35: mean=37.6297%; std=54.4964
 -- Sample 36: mean=44.3526%; std=68.5213
 -- Sample 37: mean=40.1625%; std=58.9351
 -- Sample 38: mean=34.4379%; std=26.2201
 -- Sample 39: mean=33.5594%; std=27.4591
 -- Sample 40: mean=34.0013%; std=27.8626
 -- Sample 41: mean=29.0834%; std=24.5672
 -- Sample 42: mean=34.9808%; std=27.5116
 -- Sample 43: mean=30.6656%; std=25.6439
 -- Sample 44: mean=29.0050%; std=22.3694
 -- Sample 45: mean=31.0976%; std=21.2186
 -- Sample 46: mean=27.6662%; std=12.4637
 -- Sample 47: mean=32.9133%; std=11.5541
 -- Sample 48: mean=34.3295%; std=11.3956
 -- Sample 49: mean=31.8694%; std=13.7462
Mean: 38.0340%, Std: 15.3337%
------------------------------------------------------------------
Angular error:
 -- Sample 0: mean=24.9624º; std=29.4539
 -- Sample 1: mean=23.9869º; std=28.8516
 -- Sample 2: mean=34.9883º; std=37.1578
 -- Sample 3: mean=36.0122º; std=38.7904
 -- Sample 4: mean=35.3231º; std=37.5701
 -- Sample 5: mean=35.2621º; std=37.1654
 -- Sample 6: mean=31.2980º; std=36.0789
 -- Sample 7: mean=32.4147º; std=37.7665
 -- Sample 8: mean=30.8873º; std=35.2024
 -- Sample 9: mean=29.9071º; std=33.0178
 -- Sample 10: mean=23.0757º; std=28.8410
 -- Sample 11: mean=22.8842º; std=29.2174
 -- Sample 12: mean=22.1025º; std=28.4445
 -- Sample 13: mean=22.3301º; std=27.7304
 -- Sample 14: mean=28.9123º; std=34.6918
 -- Sample 15: mean=28.2421º; std=33.7823
 -- Sample 16: mean=27.6761º; std=33.2395
 -- Sample 17: mean=28.0333º; std=32.9740
 -- Sample 18: mean=34.3398º; std=36.3605
 -- Sample 19: mean=34.3892º; std=36.8891
 -- Sample 20: mean=33.1600º; std=35.7023
 -- Sample 21: mean=33.3948º; std=35.5312
 -- Sample 22: mean=26.2770º; std=29.6610
 -- Sample 23: mean=25.8220º; std=30.3477
 -- Sample 24: mean=26.4623º; std=31.2154
 -- Sample 25: mean=27.0032º; std=31.2900
 -- Sample 26: mean=31.8309º; std=35.9340
 -- Sample 27: mean=31.3157º; std=35.5953
 -- Sample 28: mean=33.6985º; std=38.1782
 -- Sample 29: mean=34.5805º; std=38.2048
 -- Sample 30: mean=21.1549º; std=31.4472
 -- Sample 31: mean=22.5075º; std=33.4862
 -- Sample 32: mean=22.5853º; std=34.2120
 -- Sample 33: mean=21.9491º; std=32.9872
 -- Sample 34: mean=32.6008º; std=34.7705
 -- Sample 35: mean=31.7987º; std=34.8102
 -- Sample 36: mean=33.8676º; std=35.6478
 -- Sample 37: mean=32.3646º; std=34.7538
 -- Sample 38: mean=23.1056º; std=29.4205
 -- Sample 39: mean=23.3686º; std=29.5667
 -- Sample 40: mean=23.6003º; std=30.0390
 -- Sample 41: mean=22.8167º; std=29.6126
 -- Sample 42: mean=26.5770º; std=33.4294
 -- Sample 43: mean=28.3391º; std=34.1026
 -- Sample 44: mean=28.7357º; std=34.1856
 -- Sample 45: mean=26.8642º; std=33.0882
 -- Sample 46: mean=24.7923º; std=31.3866
 -- Sample 47: mean=24.9945º; std=31.6493
 -- Sample 48: mean=24.4965º; std=31.6863
 -- Sample 49: mean=24.0952º; std=31.1617
Mean: 28.2237º, Std: 4.5313º
------------------------------------------------------------------
Correlation comparison:
 -- Sample 0: 0.9051
 -- Sample 1: 0.9247
 -- Sample 2: 0.8720
 -- Sample 3: 0.8651
 -- Sample 4: 0.9036
 -- Sample 5: 0.8920
 -- Sample 6: 0.9065
 -- Sample 7: 0.9083
 -- Sample 8: 0.9110
 -- Sample 9: 0.9316
 -- Sample 10: 0.9203
 -- Sample 11: 0.9332
 -- Sample 12: 0.9161
 -- Sample 13: 0.9178
 -- Sample 14: 0.8381
 -- Sample 15: 0.8301
 -- Sample 16: 0.8182
 -- Sample 17: 0.8146
 -- Sample 18: 0.9173
 -- Sample 19: 0.8786
 -- Sample 20: 0.8366
 -- Sample 21: 0.8880
 -- Sample 22: 0.7759
 -- Sample 23: 0.7739
 -- Sample 24: 0.7739
 -- Sample 25: 0.7785
 -- Sample 26: 0.7946
 -- Sample 27: 0.7864
 -- Sample 28: 0.7962
 -- Sample 29: 0.7985
 -- Sample 30: 0.9554
 -- Sample 31: 0.9569
 -- Sample 32: 0.9442
 -- Sample 33: 0.9473
 -- Sample 34: 0.9304
 -- Sample 35: 0.9255
 -- Sample 36: 0.9101
 -- Sample 37: 0.9276
 -- Sample 38: 0.9395
 -- Sample 39: 0.9356
 -- Sample 40: 0.9126
 -- Sample 41: 0.9390
 -- Sample 42: 0.8990
 -- Sample 43: 0.9147
 -- Sample 44: 0.9208
 -- Sample 45: 0.9110
 -- Sample 46: 0.9789
 -- Sample 47: 0.9782
 -- Sample 48: 0.9770
 -- Sample 49: 0.9709
Mean=0.8916, Std=0.0598
------------------------------------------------------------------
Flux Error:
 -- Sample 0: 0.4345
 -- Sample 1: 0.4182
 -- Sample 2: 0.5571
 -- Sample 3: 0.4099
 -- Sample 4: 0.6019
 -- Sample 5: 0.3860
 -- Sample 6: 0.8629
 -- Sample 7: 0.7755
 -- Sample 8: 0.9136
 -- Sample 9: 0.8201
 -- Sample 10: 0.5060
 -- Sample 11: 0.5155
 -- Sample 12: 0.4699
 -- Sample 13: 0.5298
 -- Sample 14: 0.3499
 -- Sample 15: 0.7095
 -- Sample 16: 0.3149
 -- Sample 17: 0.7504
 -- Sample 18: 0.5659
 -- Sample 19: 0.4108
 -- Sample 20: 0.5106
 -- Sample 21: 0.4685
 -- Sample 22: 1.0214
 -- Sample 23: 1.0693
 -- Sample 24: 1.0962
 -- Sample 25: 1.0944
 -- Sample 26: 0.5588
 -- Sample 27: 0.5010
 -- Sample 28: 0.6002
 -- Sample 29: 0.5235
 -- Sample 30: 0.6728
 -- Sample 31: 0.6453
 -- Sample 32: 0.6935
 -- Sample 33: 0.6777
 -- Sample 34: 0.7297
 -- Sample 35: 0.8137
 -- Sample 36: 0.6978
 -- Sample 37: 0.8153
 -- Sample 38: 0.6373
 -- Sample 39: 0.6820
 -- Sample 40: 0.4930
 -- Sample 41: 0.6230
 -- Sample 42: 0.6853
 -- Sample 43: 0.5874
 -- Sample 44: 0.6670
 -- Sample 45: 0.6422
 -- Sample 46: 0.6603
 -- Sample 47: 0.4834
 -- Sample 48: 0.5716
 -- Sample 49: 0.4797
Mean: 0.6341, Std: 0.1857
------------------------------------------------------------------
Tortuosity Comparison:
 -- Sample 0: 10.0575%
 -- Sample 1: 0.2925%
 -- Sample 2: 12.4122%
 -- Sample 3: 11.4308%
 -- Sample 4: 8.7897%
 -- Sample 5: 11.1143%
 -- Sample 6: 7.3010%
 -- Sample 7: 8.0076%
 -- Sample 8: 3.9310%
 -- Sample 9: 5.2956%
 -- Sample 10: 3.6790%
 -- Sample 11: 1.0773%
 -- Sample 12: 4.0631%
 -- Sample 13: 4.1201%
 -- Sample 14: 0.5100%
 -- Sample 15: 1.5018%
 -- Sample 16: 5.3540%
 -- Sample 17: 4.4306%
 -- Sample 18: 12.0253%
 -- Sample 19: 15.6465%
 -- Sample 20: 20.0378%
 -- Sample 21: 16.1146%
 -- Sample 22: 6.7687%
 -- Sample 23: 4.6028%
 -- Sample 24: 3.9559%
 -- Sample 25: 8.0334%
 -- Sample 26: 6.5842%
 -- Sample 27: 8.6606%
 -- Sample 28: 9.1661%
 -- Sample 29: 9.2233%
 -- Sample 30: 0.9594%
 -- Sample 31: 2.2213%
 -- Sample 32: 1.1554%
 -- Sample 33: 0.2925%
 -- Sample 34: 7.1108%
 -- Sample 35: 3.1165%
 -- Sample 36: 2.2997%
 -- Sample 37: 3.9041%
 -- Sample 38: 5.5976%
 -- Sample 39: 5.8052%
 -- Sample 40: 6.1818%
 -- Sample 41: 6.0488%
 -- Sample 42: 1.2375%
 -- Sample 43: 0.0456%
 -- Sample 44: 0.0649%
 -- Sample 45: 1.0447%
 -- Sample 46: 0.1493%
 -- Sample 47: 1.8089%
 -- Sample 48: 2.0440%
 -- Sample 49: 3.7527%
Mean: 5.5806%, Std: 4.5318%
------------------------------------------------------------------
Evaluating Divergent:
 -- Sample 0: 35.5827%
 -- Sample 1: 35.4495%
 -- Sample 2: 46.2703%
 -- Sample 3: 46.7339%
 -- Sample 4: 46.4742%
 -- Sample 5: 46.3513%
 -- Sample 6: 38.7118%
 -- Sample 7: 38.9946%
 -- Sample 8: 38.5566%
 -- Sample 9: 38.6981%
 -- Sample 10: 35.8016%
 -- Sample 11: 36.2554%
 -- Sample 12: 35.6840%
 -- Sample 13: 36.4343%
 -- Sample 14: 39.4861%
 -- Sample 15: 39.3828%
 -- Sample 16: 40.0860%
 -- Sample 17: 40.1034%
 -- Sample 18: 44.2336%
 -- Sample 19: 44.5222%
 -- Sample 20: 43.7776%
 -- Sample 21: 43.7495%
 -- Sample 22: 39.6211%
 -- Sample 23: 40.3572%
 -- Sample 24: 40.1015%
 -- Sample 25: 39.5774%
 -- Sample 26: 39.9084%
 -- Sample 27: 39.3296%
 -- Sample 28: 39.2506%
 -- Sample 29: 40.0098%
 -- Sample 30: 33.2442%
 -- Sample 31: 34.0725%
 -- Sample 32: 33.0773%
 -- Sample 33: 33.2330%
 -- Sample 34: 46.5826%
 -- Sample 35: 47.0229%
 -- Sample 36: 47.2938%
 -- Sample 37: 46.1980%
 -- Sample 38: 38.5111%
 -- Sample 39: 38.2919%
 -- Sample 40: 37.9220%
 -- Sample 41: 38.0035%
 -- Sample 42: 41.6823%
 -- Sample 43: 42.5429%
 -- Sample 44: 43.2033%
 -- Sample 45: 42.1402%
 -- Sample 46: 34.9316%
 -- Sample 47: 34.5373%
 -- Sample 48: 33.8803%
 -- Sample 49: 34.3185%
Mean: 39.8037%, Std: 4.1595%
------------------------------------------------------------------
  Processing Batch 9 (Size: 24)...
    Evaluating Ko et al (D3)
Bias Error: using velocity magnitude
Mean: 17.2739, Std: 16.8525
------------------------------------------------------------------
Magnitude Error: 
 -- Sample 0: mean=29.7417%; std=22.4765
 -- Sample 1: mean=28.7652%; std=23.2404
 -- Sample 2: mean=24.8058%; std=22.2875
 -- Sample 3: mean=24.0819%; std=24.3405
 -- Sample 4: mean=20.4325%; std=15.0318
 -- Sample 5: mean=17.8687%; std=12.7382
 -- Sample 6: mean=16.9047%; std=12.2821
 -- Sample 7: mean=20.2633%; std=13.8669
 -- Sample 8: mean=44.5771%; std=17.2130
 -- Sample 9: mean=45.8970%; std=18.4606
 -- Sample 10: mean=45.1426%; std=18.4612
 -- Sample 11: mean=43.1247%; std=19.2018
 -- Sample 12: mean=58.8465%; std=58.0800
 -- Sample 13: mean=59.4677%; std=57.2050
 -- Sample 14: mean=54.6772%; std=49.2015
 -- Sample 15: mean=57.1041%; std=51.5959
 -- Sample 16: mean=31.3414%; std=31.4888
 -- Sample 17: mean=28.6154%; std=30.8266
 -- Sample 18: mean=26.0030%; std=25.4516
 -- Sample 19: mean=31.0724%; std=32.2699
 -- Sample 20: mean=35.5139%; std=19.4365
 -- Sample 21: mean=32.6229%; std=19.0455
 -- Sample 22: mean=37.8444%; std=22.2910
 -- Sample 23: mean=38.2048%; std=21.9892
Mean: 35.5383%, Std: 12.7969%
------------------------------------------------------------------
Angular error:
 -- Sample 0: mean=40.7037º; std=41.3541
 -- Sample 1: mean=41.0556º; std=41.7055
 -- Sample 2: mean=41.3238º; std=41.6612
 -- Sample 3: mean=38.7779º; std=40.2172
 -- Sample 4: mean=19.8474º; std=27.4607
 -- Sample 5: mean=20.7195º; std=28.8897
 -- Sample 6: mean=20.5140º; std=27.8967
 -- Sample 7: mean=20.0001º; std=26.2693
 -- Sample 8: mean=28.1698º; std=34.5621
 -- Sample 9: mean=28.4743º; std=32.8430
 -- Sample 10: mean=29.0567º; std=33.1524
 -- Sample 11: mean=28.1147º; std=32.2898
 -- Sample 12: mean=29.3734º; std=33.4431
 -- Sample 13: mean=28.2880º; std=32.2212
 -- Sample 14: mean=28.5570º; std=31.8883
 -- Sample 15: mean=29.3765º; std=33.0043
 -- Sample 16: mean=28.2276º; std=32.7448
 -- Sample 17: mean=25.9795º; std=30.5264
 -- Sample 18: mean=25.8291º; std=30.9820
 -- Sample 19: mean=28.2683º; std=32.9470
 -- Sample 20: mean=40.9984º; std=42.4301
 -- Sample 21: mean=41.0339º; std=42.8576
 -- Sample 22: mean=41.5781º; std=42.8042
 -- Sample 23: mean=41.0009º; std=42.2865
Mean: 31.0528º, Std: 7.4946º
------------------------------------------------------------------
Correlation comparison:
 -- Sample 0: 0.9260
 -- Sample 1: 0.9465
 -- Sample 2: 0.9553
 -- Sample 3: 0.9483
 -- Sample 4: 0.9567
 -- Sample 5: 0.9638
 -- Sample 6: 0.9649
 -- Sample 7: 0.9569
 -- Sample 8: 0.9144
 -- Sample 9: 0.9153
 -- Sample 10: 0.8988
 -- Sample 11: 0.9131
 -- Sample 12: 0.8750
 -- Sample 13: 0.8703
 -- Sample 14: 0.9106
 -- Sample 15: 0.8907
 -- Sample 16: 0.9224
 -- Sample 17: 0.9367
 -- Sample 18: 0.9479
 -- Sample 19: 0.9092
 -- Sample 20: 0.8935
 -- Sample 21: 0.9076
 -- Sample 22: 0.8627
 -- Sample 23: 0.8504
Mean=0.9182, Std=0.0326
------------------------------------------------------------------
Flux Error:
 -- Sample 0: 0.9227
 -- Sample 1: 0.8355
 -- Sample 2: 0.9930
 -- Sample 3: 0.9594
 -- Sample 4: 0.6310
 -- Sample 5: 0.5649
 -- Sample 6: 0.5681
 -- Sample 7: 0.5651
 -- Sample 8: 0.4696
 -- Sample 9: 0.4337
 -- Sample 10: 0.4529
 -- Sample 11: 0.4487
 -- Sample 12: 0.6264
 -- Sample 13: 0.9121
 -- Sample 14: 0.6833
 -- Sample 15: 0.9134
 -- Sample 16: 0.7826
 -- Sample 17: 0.7569
 -- Sample 18: 0.8438
 -- Sample 19: 0.6660
 -- Sample 20: 0.9427
 -- Sample 21: 1.0713
 -- Sample 22: 0.8795
 -- Sample 23: 1.0692
Mean: 0.7496, Std: 0.2002
------------------------------------------------------------------
Tortuosity Comparison:
 -- Sample 0: 1.5013%
 -- Sample 1: 1.1406%
 -- Sample 2: 0.0795%
 -- Sample 3: 2.5259%
 -- Sample 4: 5.4222%
 -- Sample 5: 2.8259%
 -- Sample 6: 3.9019%
 -- Sample 7: 8.2377%
 -- Sample 8: 5.3000%
 -- Sample 9: 1.0593%
 -- Sample 10: 6.0574%
 -- Sample 11: 9.1095%
 -- Sample 12: 5.3479%
 -- Sample 13: 5.1986%
 -- Sample 14: 5.0187%
 -- Sample 15: 5.3786%
 -- Sample 16: 4.7905%
 -- Sample 17: 6.1507%
 -- Sample 18: 4.4607%
 -- Sample 19: 1.0241%
 -- Sample 20: 1.1477%
 -- Sample 21: 0.6572%
 -- Sample 22: 6.2547%
 -- Sample 23: 3.3138%
Mean: 3.9960%, Std: 2.4099%
------------------------------------------------------------------
Evaluating Divergent:
 -- Sample 0: 45.7225%
 -- Sample 1: 46.4767%
 -- Sample 2: 46.0532%
 -- Sample 3: 44.7782%
 -- Sample 4: 36.3295%
 -- Sample 5: 36.1994%
 -- Sample 6: 35.7405%
 -- Sample 7: 36.5450%
 -- Sample 8: 41.9229%
 -- Sample 9: 42.8164%
 -- Sample 10: 42.2156%
 -- Sample 11: 41.8563%
 -- Sample 12: 41.6765%
 -- Sample 13: 40.2417%
 -- Sample 14: 39.4320%
 -- Sample 15: 40.7895%
 -- Sample 16: 40.9178%
 -- Sample 17: 40.7389%
 -- Sample 18: 40.1415%
 -- Sample 19: 40.9480%
 -- Sample 20: 46.3007%
 -- Sample 21: 45.8801%
 -- Sample 22: 46.8062%
 -- Sample 23: 45.8067%
Mean: 41.9307%, Std: 3.4347%
------------------------------------------------------------------

Processing Dataset: Berea Buff
Considering 208 samples from ../NN_Datasets_Grad_Dist_40_5_55/Test_Oliveira_BereaBuff_SAug_DNorm.h5.
  Processing Batch 1 (Size: 50)...
    Evaluating Ko et al (D3)
Bias Error: using velocity magnitude
Mean: 22.2481, Std: 23.1481
------------------------------------------------------------------
Magnitude Error: 
 -- Sample 0: mean=63.7389%; std=45.9228
 -- Sample 1: mean=60.9759%; std=48.0055
 -- Sample 2: mean=63.3590%; std=47.4582
 -- Sample 3: mean=74.1648%; std=52.7514
 -- Sample 4: mean=31.1212%; std=22.5513
 -- Sample 5: mean=33.5319%; std=22.1365
 -- Sample 6: mean=32.4571%; std=22.6929
 -- Sample 7: mean=37.1801%; std=23.2846
 -- Sample 8: mean=20.3333%; std=14.8058
 -- Sample 9: mean=22.8174%; std=15.5266
 -- Sample 10: mean=24.7629%; std=16.2342
 -- Sample 11: mean=24.5919%; std=16.2169
 -- Sample 12: mean=21.4385%; std=13.9811
 -- Sample 13: mean=24.3586%; std=18.5040
 -- Sample 14: mean=21.6907%; std=16.9167
 -- Sample 15: mean=21.2554%; std=15.3718
 -- Sample 16: mean=25.3605%; std=17.8576
 -- Sample 17: mean=26.3370%; std=17.7525
 -- Sample 18: mean=25.1511%; std=17.5299
 -- Sample 19: mean=24.2732%; std=16.6497
 -- Sample 20: mean=53.0807%; std=29.4626
 -- Sample 21: mean=49.9110%; std=31.0609
 -- Sample 22: mean=53.4447%; std=34.4923
 -- Sample 23: mean=51.8979%; std=29.7336
 -- Sample 24: mean=24.0320%; std=17.9728
 -- Sample 25: mean=26.6440%; std=19.0478
 -- Sample 26: mean=24.1866%; std=17.8869
 -- Sample 27: mean=22.0384%; std=15.3228
 -- Sample 28: mean=54.7447%; std=31.8545
 -- Sample 29: mean=50.3034%; std=33.1377
 -- Sample 30: mean=55.8396%; std=35.0037
 -- Sample 31: mean=57.6107%; std=36.3843
 -- Sample 32: mean=149.5509%; std=159.7505
 -- Sample 33: mean=149.6800%; std=150.7832
 -- Sample 34: mean=132.0693%; std=156.2953
 -- Sample 35: mean=145.3655%; std=171.2096
 -- Sample 36: mean=48.4475%; std=28.6750
 -- Sample 37: mean=52.9423%; std=29.1000
 -- Sample 38: mean=49.7257%; std=29.7650
 -- Sample 39: mean=46.6790%; std=27.8220
 -- Sample 40: mean=38.1286%; std=21.4219
 -- Sample 41: mean=36.7452%; std=20.7194
 -- Sample 42: mean=39.6853%; std=18.7595
 -- Sample 43: mean=40.6005%; std=18.8580
 -- Sample 44: mean=38.9450%; std=14.7628
 -- Sample 45: mean=37.8836%; std=16.6414
 -- Sample 46: mean=36.1536%; std=19.2232
 -- Sample 47: mean=34.5524%; std=16.6830
 -- Sample 48: mean=50.0759%; std=56.2834
 -- Sample 49: mean=44.4842%; std=54.8976
Mean: 47.4870%, Std: 31.6391%
------------------------------------------------------------------
Angular error:
 -- Sample 0: mean=19.5702º; std=28.3713
 -- Sample 1: mean=17.9407º; std=25.6452
 -- Sample 2: mean=18.1694º; std=24.9634
 -- Sample 3: mean=19.3441º; std=27.3893
 -- Sample 4: mean=30.1738º; std=32.8040
 -- Sample 5: mean=28.8516º; std=31.8264
 -- Sample 6: mean=28.8616º; std=31.4642
 -- Sample 7: mean=29.8308º; std=32.3665
 -- Sample 8: mean=33.0216º; std=38.3378
 -- Sample 9: mean=32.1526º; std=37.0352
 -- Sample 10: mean=32.3166º; std=37.6377
 -- Sample 11: mean=33.5382º; std=38.9311
 -- Sample 12: mean=23.1453º; std=29.3082
 -- Sample 13: mean=23.1236º; std=29.5205
 -- Sample 14: mean=23.5525º; std=30.2013
 -- Sample 15: mean=23.5331º; std=30.0085
 -- Sample 16: mean=30.2020º; std=36.6149
 -- Sample 17: mean=31.0252º; std=37.3434
 -- Sample 18: mean=29.7476º; std=35.1999
 -- Sample 19: mean=29.4323º; std=34.7068
 -- Sample 20: mean=34.0019º; std=38.4951
 -- Sample 21: mean=32.9892º; std=37.7469
 -- Sample 22: mean=34.2420º; std=39.3369
 -- Sample 23: mean=35.6212º; std=40.7021
 -- Sample 24: mean=21.6857º; std=28.1684
 -- Sample 25: mean=22.0756º; std=27.7271
 -- Sample 26: mean=22.4488º; std=27.6724
 -- Sample 27: mean=21.8569º; std=27.5957
 -- Sample 28: mean=38.3772º; std=43.3349
 -- Sample 29: mean=36.7353º; std=42.2469
 -- Sample 30: mean=37.2148º; std=42.7048
 -- Sample 31: mean=38.0218º; std=43.4459
 -- Sample 32: mean=39.5153º; std=40.3672
 -- Sample 33: mean=38.4001º; std=38.7149
 -- Sample 34: mean=39.6852º; std=39.3568
 -- Sample 35: mean=40.4462º; std=40.9098
 -- Sample 36: mean=24.7172º; std=31.0486
 -- Sample 37: mean=23.0900º; std=29.2227
 -- Sample 38: mean=23.0089º; std=28.9244
 -- Sample 39: mean=24.5180º; std=30.5636
 -- Sample 40: mean=32.8569º; std=35.7660
 -- Sample 41: mean=32.0011º; std=34.5939
 -- Sample 42: mean=32.5799º; std=35.6010
 -- Sample 43: mean=34.2251º; std=37.0485
 -- Sample 44: mean=35.6813º; std=37.7014
 -- Sample 45: mean=37.6276º; std=40.3530
 -- Sample 46: mean=38.0164º; std=39.8761
 -- Sample 47: mean=35.1207º; std=37.7573
 -- Sample 48: mean=28.7811º; std=32.9841
 -- Sample 49: mean=31.5533º; std=35.5050
Mean: 30.0925º, Std: 6.3602º
------------------------------------------------------------------
Correlation comparison:
 -- Sample 0: 0.8851
 -- Sample 1: 0.8867
 -- Sample 2: 0.8937
 -- Sample 3: 0.8703
 -- Sample 4: 0.9109
 -- Sample 5: 0.9120
 -- Sample 6: 0.8977
 -- Sample 7: 0.8740
 -- Sample 8: 0.9783
 -- Sample 9: 0.9707
 -- Sample 10: 0.9604
 -- Sample 11: 0.9669
 -- Sample 12: 0.9471
 -- Sample 13: 0.9142
 -- Sample 14: 0.9352
 -- Sample 15: 0.9454
 -- Sample 16: 0.9046
 -- Sample 17: 0.9004
 -- Sample 18: 0.9095
 -- Sample 19: 0.9198
 -- Sample 20: 0.8177
 -- Sample 21: 0.8135
 -- Sample 22: 0.8200
 -- Sample 23: 0.8173
 -- Sample 24: 0.9398
 -- Sample 25: 0.9322
 -- Sample 26: 0.9430
 -- Sample 27: 0.9456
 -- Sample 28: 0.7721
 -- Sample 29: 0.8139
 -- Sample 30: 0.7683
 -- Sample 31: 0.7554
 -- Sample 32: 0.4227
 -- Sample 33: 0.4364
 -- Sample 34: 0.4671
 -- Sample 35: 0.4135
 -- Sample 36: 0.7993
 -- Sample 37: 0.7766
 -- Sample 38: 0.7913
 -- Sample 39: 0.8169
 -- Sample 40: 0.9168
 -- Sample 41: 0.9200
 -- Sample 42: 0.9153
 -- Sample 43: 0.9098
 -- Sample 44: 0.9372
 -- Sample 45: 0.9266
 -- Sample 46: 0.9154
 -- Sample 47: 0.9359
 -- Sample 48: 0.8722
 -- Sample 49: 0.8747
Mean=0.8514, Std=0.1358
------------------------------------------------------------------
Flux Error:
 -- Sample 0: 1.4633
 -- Sample 1: 1.2095
 -- Sample 2: 1.5155
 -- Sample 3: 1.2580
 -- Sample 4: 0.2675
 -- Sample 5: 0.6437
 -- Sample 6: 0.2728
 -- Sample 7: 0.6267
 -- Sample 8: 0.7623
 -- Sample 9: 0.3538
 -- Sample 10: 0.7430
 -- Sample 11: 0.3602
 -- Sample 12: 0.5294
 -- Sample 13: 0.5355
 -- Sample 14: 0.5140
 -- Sample 15: 0.4873
 -- Sample 16: 0.4711
 -- Sample 17: 0.3852
 -- Sample 18: 0.4444
 -- Sample 19: 0.3864
 -- Sample 20: 0.5982
 -- Sample 21: 0.6750
 -- Sample 22: 0.6510
 -- Sample 23: 0.7118
 -- Sample 24: 0.4569
 -- Sample 25: 0.5183
 -- Sample 26: 0.4201
 -- Sample 27: 0.4962
 -- Sample 28: 0.5159
 -- Sample 29: 0.7217
 -- Sample 30: 0.4700
 -- Sample 31: 0.6708
 -- Sample 32: 1.4442
 -- Sample 33: 1.2859
 -- Sample 34: 1.3345
 -- Sample 35: 1.3220
 -- Sample 36: 0.8501
 -- Sample 37: 0.8068
 -- Sample 38: 0.9069
 -- Sample 39: 0.7974
 -- Sample 40: 0.5128
 -- Sample 41: 0.6642
 -- Sample 42: 0.5381
 -- Sample 43: 0.6504
 -- Sample 44: 0.9288
 -- Sample 45: 0.6313
 -- Sample 46: 0.9321
 -- Sample 47: 0.6820
 -- Sample 48: 1.3186
 -- Sample 49: 0.8860
Mean: 0.7326, Std: 0.3321
------------------------------------------------------------------
Tortuosity Comparison:
 -- Sample 0: 2.0642%
 -- Sample 1: 3.7460%
 -- Sample 2: 5.1586%
 -- Sample 3: 4.2749%
 -- Sample 4: 2.0250%
 -- Sample 5: 1.8471%
 -- Sample 6: 0.8477%
 -- Sample 7: 2.5216%
 -- Sample 8: 4.4624%
 -- Sample 9: 3.9982%
 -- Sample 10: 2.6467%
 -- Sample 11: 5.5849%
 -- Sample 12: 1.0756%
 -- Sample 13: 0.3274%
 -- Sample 14: 0.0929%
 -- Sample 15: 1.9328%
 -- Sample 16: 15.3518%
 -- Sample 17: 16.4249%
 -- Sample 18: 13.7079%
 -- Sample 19: 13.5435%
 -- Sample 20: 6.4227%
 -- Sample 21: 1.2255%
 -- Sample 22: 5.2403%
 -- Sample 23: 6.0220%
 -- Sample 24: 1.9351%
 -- Sample 25: 0.2425%
 -- Sample 26: 2.1638%
 -- Sample 27: 2.4516%
 -- Sample 28: 2.5655%
 -- Sample 29: 5.4929%
 -- Sample 30: 4.4657%
 -- Sample 31: 3.4893%
 -- Sample 32: 5.6334%
 -- Sample 33: 3.1237%
 -- Sample 34: 3.9303%
 -- Sample 35: 7.2949%
 -- Sample 36: 3.9523%
 -- Sample 37: 5.6598%
 -- Sample 38: 6.0994%
 -- Sample 39: 4.1329%
 -- Sample 40: 15.3463%
 -- Sample 41: 10.8558%
 -- Sample 42: 13.3046%
 -- Sample 43: 18.8488%
 -- Sample 44: 1.6415%
 -- Sample 45: 2.6860%
 -- Sample 46: 5.8279%
 -- Sample 47: 3.5184%
 -- Sample 48: 2.5780%
 -- Sample 49: 2.1122%
Mean: 5.1979%, Std: 4.5556%
------------------------------------------------------------------
Evaluating Divergent:
 -- Sample 0: 37.9664%
 -- Sample 1: 38.2873%
 -- Sample 2: 39.6267%
 -- Sample 3: 38.7135%
 -- Sample 4: 40.7371%
 -- Sample 5: 40.9419%
 -- Sample 6: 40.7523%
 -- Sample 7: 40.8997%
 -- Sample 8: 41.1462%
 -- Sample 9: 41.3701%
 -- Sample 10: 41.3971%
 -- Sample 11: 41.4048%
 -- Sample 12: 38.8643%
 -- Sample 13: 38.4375%
 -- Sample 14: 38.2094%
 -- Sample 15: 38.0708%
 -- Sample 16: 41.2483%
 -- Sample 17: 41.6381%
 -- Sample 18: 40.6869%
 -- Sample 19: 40.3713%
 -- Sample 20: 39.3321%
 -- Sample 21: 39.9945%
 -- Sample 22: 40.4412%
 -- Sample 23: 39.5048%
 -- Sample 24: 39.4485%
 -- Sample 25: 39.9086%
 -- Sample 26: 39.6702%
 -- Sample 27: 39.8277%
 -- Sample 28: 40.1846%
 -- Sample 29: 40.4678%
 -- Sample 30: 40.3611%
 -- Sample 31: 40.4871%
 -- Sample 32: 45.3349%
 -- Sample 33: 45.0531%
 -- Sample 34: 45.4957%
 -- Sample 35: 45.5392%
 -- Sample 36: 37.8708%
 -- Sample 37: 37.3385%
 -- Sample 38: 36.7099%
 -- Sample 39: 37.7313%
 -- Sample 40: 43.0555%
 -- Sample 41: 42.8667%
 -- Sample 42: 43.9733%
 -- Sample 43: 43.7738%
 -- Sample 44: 46.3852%
 -- Sample 45: 47.3798%
 -- Sample 46: 48.2721%
 -- Sample 47: 46.9349%
 -- Sample 48: 40.3997%
 -- Sample 49: 41.6101%
Mean: 41.1224%, Std: 2.7489%
------------------------------------------------------------------
  Processing Batch 2 (Size: 50)...
    Evaluating Ko et al (D3)
Bias Error: using velocity magnitude
Mean: 19.2971, Std: 14.7766
------------------------------------------------------------------
Magnitude Error: 
 -- Sample 0: mean=51.9268%; std=68.4953
 -- Sample 1: mean=51.0591%; std=62.6198
 -- Sample 2: mean=23.0453%; std=15.6667
 -- Sample 3: mean=22.7573%; std=15.5253
 -- Sample 4: mean=23.3111%; std=16.1633
 -- Sample 5: mean=23.6801%; std=16.0576
 -- Sample 6: mean=68.7728%; std=83.3608
 -- Sample 7: mean=70.2890%; std=95.7372
 -- Sample 8: mean=71.0610%; std=89.0657
 -- Sample 9: mean=79.7939%; std=86.8186
 -- Sample 10: mean=40.0246%; std=24.2633
 -- Sample 11: mean=43.3644%; std=24.4052
 -- Sample 12: mean=38.0254%; std=25.3016
 -- Sample 13: mean=40.2616%; std=29.9872
 -- Sample 14: mean=31.6503%; std=15.2849
 -- Sample 15: mean=31.9125%; std=18.5042
 -- Sample 16: mean=25.8888%; std=17.1827
 -- Sample 17: mean=27.8695%; std=18.0037
 -- Sample 18: mean=16.9178%; std=12.2198
 -- Sample 19: mean=18.2337%; std=12.0528
 -- Sample 20: mean=18.1551%; std=12.8620
 -- Sample 21: mean=19.1584%; std=12.4736
 -- Sample 22: mean=40.5823%; std=14.2698
 -- Sample 23: mean=40.1786%; std=14.6141
 -- Sample 24: mean=39.9302%; std=13.5357
 -- Sample 25: mean=38.3228%; std=14.5355
 -- Sample 26: mean=31.4327%; std=19.9827
 -- Sample 27: mean=30.7711%; std=18.6088
 -- Sample 28: mean=30.3468%; std=18.6961
 -- Sample 29: mean=33.0691%; std=22.1816
 -- Sample 30: mean=40.5357%; std=28.4470
 -- Sample 31: mean=39.9305%; std=27.6306
 -- Sample 32: mean=37.0721%; std=23.6535
 -- Sample 33: mean=39.6719%; std=27.4691
 -- Sample 34: mean=58.9828%; std=58.8973
 -- Sample 35: mean=60.9803%; std=55.7245
 -- Sample 36: mean=72.0027%; std=48.9825
 -- Sample 37: mean=66.8942%; std=52.0080
 -- Sample 38: mean=28.5389%; std=18.6394
 -- Sample 39: mean=30.6121%; std=20.9790
 -- Sample 40: mean=30.5448%; std=23.5434
 -- Sample 41: mean=28.3287%; std=22.0775
 -- Sample 42: mean=55.8368%; std=58.7331
 -- Sample 43: mean=67.5982%; std=69.1650
 -- Sample 44: mean=61.4848%; std=59.2757
 -- Sample 45: mean=67.0046%; std=72.8107
 -- Sample 46: mean=23.5964%; std=19.1427
 -- Sample 47: mean=26.3862%; std=21.9539
 -- Sample 48: mean=26.7010%; std=22.5680
 -- Sample 49: mean=23.7989%; std=18.8711
Mean: 40.1659%, Std: 17.0314%
------------------------------------------------------------------
Angular error:
 -- Sample 0: mean=31.6036º; std=36.8831
 -- Sample 1: mean=28.9957º; std=33.8982
 -- Sample 2: mean=30.3331º; std=36.1988
 -- Sample 3: mean=30.8110º; std=36.8321
 -- Sample 4: mean=32.1061º; std=38.6214
 -- Sample 5: mean=31.6613º; std=37.3438
 -- Sample 6: mean=41.5336º; std=38.5803
 -- Sample 7: mean=39.6662º; std=37.3101
 -- Sample 8: mean=39.6158º; std=39.9917
 -- Sample 9: mean=41.3411º; std=41.3721
 -- Sample 10: mean=35.1874º; std=35.9789
 -- Sample 11: mean=34.3280º; std=33.8840
 -- Sample 12: mean=35.5628º; std=34.0162
 -- Sample 13: mean=35.5500º; std=35.6620
 -- Sample 14: mean=29.0636º; std=36.3318
 -- Sample 15: mean=29.5178º; std=36.4370
 -- Sample 16: mean=30.0679º; std=37.3610
 -- Sample 17: mean=29.1233º; std=36.9789
 -- Sample 18: mean=22.2755º; std=30.0624
 -- Sample 19: mean=23.5528º; std=31.3055
 -- Sample 20: mean=23.6636º; std=30.4843
 -- Sample 21: mean=22.2243º; std=28.8437
 -- Sample 22: mean=31.4786º; std=37.6670
 -- Sample 23: mean=31.8740º; std=36.8971
 -- Sample 24: mean=32.4098º; std=37.0577
 -- Sample 25: mean=30.9754º; std=37.1377
 -- Sample 26: mean=26.3837º; std=31.1450
 -- Sample 27: mean=25.1225º; std=31.2101
 -- Sample 28: mean=24.2135º; std=30.0114
 -- Sample 29: mean=25.2514º; std=30.2579
 -- Sample 30: mean=30.6443º; std=35.6020
 -- Sample 31: mean=29.3755º; std=34.4724
 -- Sample 32: mean=28.0414º; std=34.0698
 -- Sample 33: mean=29.1763º; std=34.4582
 -- Sample 34: mean=34.6983º; std=37.9758
 -- Sample 35: mean=31.2087º; std=34.8911
 -- Sample 36: mean=33.1626º; std=37.2508
 -- Sample 37: mean=36.0228º; std=39.7124
 -- Sample 38: mean=30.8774º; std=36.8560
 -- Sample 39: mean=30.4470º; std=35.4445
 -- Sample 40: mean=31.9051º; std=37.6227
 -- Sample 41: mean=31.8806º; std=37.8251
 -- Sample 42: mean=33.5809º; std=38.7535
 -- Sample 43: mean=35.6982º; std=38.2778
 -- Sample 44: mean=35.6492º; std=37.1281
 -- Sample 45: mean=33.6445º; std=37.1129
 -- Sample 46: mean=22.0288º; std=29.0783
 -- Sample 47: mean=22.6785º; std=29.0219
 -- Sample 48: mean=22.1846º; std=27.9849
 -- Sample 49: mean=21.5226º; std=27.2065
Mean: 30.5984º, Std: 5.0626º
------------------------------------------------------------------
Correlation comparison:
 -- Sample 0: 0.8557
 -- Sample 1: 0.8619
 -- Sample 2: 0.9533
 -- Sample 3: 0.9606
 -- Sample 4: 0.9547
 -- Sample 5: 0.9532
 -- Sample 6: 0.7321
 -- Sample 7: 0.7247
 -- Sample 8: 0.7458
 -- Sample 9: 0.7347
 -- Sample 10: 0.8459
 -- Sample 11: 0.8042
 -- Sample 12: 0.8235
 -- Sample 13: 0.8305
 -- Sample 14: 0.9560
 -- Sample 15: 0.8956
 -- Sample 16: 0.9477
 -- Sample 17: 0.9452
 -- Sample 18: 0.9553
 -- Sample 19: 0.9651
 -- Sample 20: 0.9590
 -- Sample 21: 0.9535
 -- Sample 22: 0.9425
 -- Sample 23: 0.9484
 -- Sample 24: 0.9668
 -- Sample 25: 0.9494
 -- Sample 26: 0.9006
 -- Sample 27: 0.9029
 -- Sample 28: 0.8920
 -- Sample 29: 0.8797
 -- Sample 30: 0.8494
 -- Sample 31: 0.8693
 -- Sample 32: 0.8637
 -- Sample 33: 0.8503
 -- Sample 34: 0.8590
 -- Sample 35: 0.8384
 -- Sample 36: 0.8471
 -- Sample 37: 0.8617
 -- Sample 38: 0.9120
 -- Sample 39: 0.9026
 -- Sample 40: 0.9024
 -- Sample 41: 0.9176
 -- Sample 42: 0.8186
 -- Sample 43: 0.8145
 -- Sample 44: 0.8206
 -- Sample 45: 0.7563
 -- Sample 46: 0.9444
 -- Sample 47: 0.9346
 -- Sample 48: 0.9332
 -- Sample 49: 0.9423
Mean=0.8836, Std=0.0681
------------------------------------------------------------------
Flux Error:
 -- Sample 0: 1.2943
 -- Sample 1: 0.9662
 -- Sample 2: 0.7053
 -- Sample 3: 0.7827
 -- Sample 4: 0.7555
 -- Sample 5: 0.8393
 -- Sample 6: 0.7940
 -- Sample 7: 0.7018
 -- Sample 8: 0.8490
 -- Sample 9: 0.8197
 -- Sample 10: 0.6699
 -- Sample 11: 0.5471
 -- Sample 12: 0.6845
 -- Sample 13: 0.5954
 -- Sample 14: 0.6118
 -- Sample 15: 0.9684
 -- Sample 16: 0.6949
 -- Sample 17: 0.8487
 -- Sample 18: 0.6188
 -- Sample 19: 0.5818
 -- Sample 20: 0.6236
 -- Sample 21: 0.6122
 -- Sample 22: 0.6067
 -- Sample 23: 0.7524
 -- Sample 24: 0.5778
 -- Sample 25: 0.7135
 -- Sample 26: 0.7184
 -- Sample 27: 0.9697
 -- Sample 28: 0.7319
 -- Sample 29: 1.0163
 -- Sample 30: 0.4814
 -- Sample 31: 0.8463
 -- Sample 32: 0.4137
 -- Sample 33: 0.8081
 -- Sample 34: 0.7343
 -- Sample 35: 1.1086
 -- Sample 36: 0.8714
 -- Sample 37: 1.2289
 -- Sample 38: 0.8738
 -- Sample 39: 1.0109
 -- Sample 40: 0.8410
 -- Sample 41: 1.0891
 -- Sample 42: 1.2674
 -- Sample 43: 1.1463
 -- Sample 44: 1.2939
 -- Sample 45: 1.1244
 -- Sample 46: 0.5506
 -- Sample 47: 0.7624
 -- Sample 48: 0.5442
 -- Sample 49: 0.7689
Mean: 0.8083, Std: 0.2159
------------------------------------------------------------------
Tortuosity Comparison:
 -- Sample 0: 3.6988%
 -- Sample 1: 2.4553%
 -- Sample 2: 4.7707%
 -- Sample 3: 4.6171%
 -- Sample 4: 4.7595%
 -- Sample 5: 5.3931%
 -- Sample 6: 23.1930%
 -- Sample 7: 21.1092%
 -- Sample 8: 20.0885%
 -- Sample 9: 12.0629%
 -- Sample 10: 0.0174%
 -- Sample 11: 2.7972%
 -- Sample 12: 0.8994%
 -- Sample 13: 3.5399%
 -- Sample 14: 1.9573%
 -- Sample 15: 7.5355%
 -- Sample 16: 4.4429%
 -- Sample 17: 2.8909%
 -- Sample 18: 0.4432%
 -- Sample 19: 1.2166%
 -- Sample 20: 0.1841%
 -- Sample 21: 3.4282%
 -- Sample 22: 6.8872%
 -- Sample 23: 4.1026%
 -- Sample 24: 5.2429%
 -- Sample 25: 4.9681%
 -- Sample 26: 2.8047%
 -- Sample 27: 1.3837%
 -- Sample 28: 4.4779%
 -- Sample 29: 6.5254%
 -- Sample 30: 1.7895%
 -- Sample 31: 0.5836%
 -- Sample 32: 2.6756%
 -- Sample 33: 2.3602%
 -- Sample 34: 1.2204%
 -- Sample 35: 0.6409%
 -- Sample 36: 2.8851%
 -- Sample 37: 1.8849%
 -- Sample 38: 6.2313%
 -- Sample 39: 8.3116%
 -- Sample 40: 7.8359%
 -- Sample 41: 5.3503%
 -- Sample 42: 2.2076%
 -- Sample 43: 3.1571%
 -- Sample 44: 2.6654%
 -- Sample 45: 2.9738%
 -- Sample 46: 2.2265%
 -- Sample 47: 2.6005%
 -- Sample 48: 2.7708%
 -- Sample 49: 1.4023%
Mean: 4.5933%, Std: 4.8693%
------------------------------------------------------------------
Evaluating Divergent:
 -- Sample 0: 41.4652%
 -- Sample 1: 40.6663%
 -- Sample 2: 40.4152%
 -- Sample 3: 40.3174%
 -- Sample 4: 40.5897%
 -- Sample 5: 40.4497%
 -- Sample 6: 50.3278%
 -- Sample 7: 50.1920%
 -- Sample 8: 50.0036%
 -- Sample 9: 50.4383%
 -- Sample 10: 43.8143%
 -- Sample 11: 44.4970%
 -- Sample 12: 45.0878%
 -- Sample 13: 44.1941%
 -- Sample 14: 39.5897%
 -- Sample 15: 40.2119%
 -- Sample 16: 39.5837%
 -- Sample 17: 39.2256%
 -- Sample 18: 36.4938%
 -- Sample 19: 36.0946%
 -- Sample 20: 37.0065%
 -- Sample 21: 37.2409%
 -- Sample 22: 41.7927%
 -- Sample 23: 41.9964%
 -- Sample 24: 41.7026%
 -- Sample 25: 41.4696%
 -- Sample 26: 38.1092%
 -- Sample 27: 37.7153%
 -- Sample 28: 37.1011%
 -- Sample 29: 37.2336%
 -- Sample 30: 40.2330%
 -- Sample 31: 40.0229%
 -- Sample 32: 39.1899%
 -- Sample 33: 39.9117%
 -- Sample 34: 44.8239%
 -- Sample 35: 44.0835%
 -- Sample 36: 44.4310%
 -- Sample 37: 45.7057%
 -- Sample 38: 44.8819%
 -- Sample 39: 45.9370%
 -- Sample 40: 45.4553%
 -- Sample 41: 45.3526%
 -- Sample 42: 48.9474%
 -- Sample 43: 50.0071%
 -- Sample 44: 50.4510%
 -- Sample 45: 49.4692%
 -- Sample 46: 38.4100%
 -- Sample 47: 39.6896%
 -- Sample 48: 38.5958%
 -- Sample 49: 38.8501%
Mean: 42.3895%, Std: 4.2269%
------------------------------------------------------------------
  Processing Batch 3 (Size: 50)...
    Evaluating Ko et al (D3)
Bias Error: using velocity magnitude
Mean: 30.1623, Std: 23.2505
------------------------------------------------------------------
Magnitude Error: 
 -- Sample 0: mean=43.8286%; std=14.6924
 -- Sample 1: mean=40.6138%; std=14.4516
 -- Sample 2: mean=41.2729%; std=14.7424
 -- Sample 3: mean=44.2143%; std=14.0811
 -- Sample 4: mean=32.2056%; std=32.4441
 -- Sample 5: mean=31.6903%; std=31.2849
 -- Sample 6: mean=34.7624%; std=32.9286
 -- Sample 7: mean=30.3903%; std=33.2188
 -- Sample 8: mean=38.2384%; std=26.6032
 -- Sample 9: mean=39.4704%; std=27.1661
 -- Sample 10: mean=35.4515%; std=26.2554
 -- Sample 11: mean=37.1510%; std=25.8701
 -- Sample 12: mean=50.3000%; std=19.6347
 -- Sample 13: mean=49.4550%; std=18.1060
 -- Sample 14: mean=50.1775%; std=18.6857
 -- Sample 15: mean=51.2528%; std=18.6110
 -- Sample 16: mean=38.3357%; std=30.0767
 -- Sample 17: mean=35.6962%; std=24.8389
 -- Sample 18: mean=34.2920%; std=24.6026
 -- Sample 19: mean=34.4644%; std=24.8438
 -- Sample 20: mean=62.9032%; std=81.4130
 -- Sample 21: mean=70.7039%; std=87.4731
 -- Sample 22: mean=70.4855%; std=77.8905
 -- Sample 23: mean=67.4425%; std=87.5226
 -- Sample 24: mean=26.3395%; std=14.8014
 -- Sample 25: mean=26.0360%; std=14.8705
 -- Sample 26: mean=23.0171%; std=15.3842
 -- Sample 27: mean=22.7827%; std=12.8423
 -- Sample 28: mean=123.4823%; std=117.6166
 -- Sample 29: mean=104.9681%; std=117.7994
 -- Sample 30: mean=115.4369%; std=119.7731
 -- Sample 31: mean=116.8873%; std=119.2619
 -- Sample 32: mean=39.0558%; std=33.5845
 -- Sample 33: mean=39.7974%; std=36.0946
 -- Sample 34: mean=44.0693%; std=37.2159
 -- Sample 35: mean=33.1050%; std=31.6212
 -- Sample 36: mean=29.8802%; std=12.7899
 -- Sample 37: mean=31.6498%; std=12.4780
 -- Sample 38: mean=30.2252%; std=14.7177
 -- Sample 39: mean=32.6027%; std=14.2944
 -- Sample 40: mean=30.8094%; std=27.4600
 -- Sample 41: mean=27.6811%; std=27.1945
 -- Sample 42: mean=37.3510%; std=35.8684
 -- Sample 43: mean=31.8264%; std=28.4678
 -- Sample 44: mean=25.6955%; std=20.1699
 -- Sample 45: mean=26.3511%; std=19.1833
 -- Sample 46: mean=27.9176%; std=19.7180
 -- Sample 47: mean=31.3086%; std=24.6216
 -- Sample 48: mean=51.8723%; std=43.2549
 -- Sample 49: mean=49.5263%; std=41.7356
Mean: 44.8895%, Std: 23.6987%
------------------------------------------------------------------
Angular error:
 -- Sample 0: mean=23.9727º; std=30.9980
 -- Sample 1: mean=24.1478º; std=30.7176
 -- Sample 2: mean=23.2957º; std=31.4575
 -- Sample 3: mean=23.4887º; std=32.0535
 -- Sample 4: mean=26.6956º; std=33.6078
 -- Sample 5: mean=26.1444º; std=32.4849
 -- Sample 6: mean=26.4166º; std=32.8721
 -- Sample 7: mean=25.9681º; std=32.6577
 -- Sample 8: mean=23.1043º; std=30.4962
 -- Sample 9: mean=25.1241º; std=30.4515
 -- Sample 10: mean=25.1908º; std=31.4273
 -- Sample 11: mean=23.8600º; std=31.3309
 -- Sample 12: mean=28.2325º; std=35.1454
 -- Sample 13: mean=27.1248º; std=34.1213
 -- Sample 14: mean=28.6141º; std=34.6280
 -- Sample 15: mean=29.3182º; std=35.7666
 -- Sample 16: mean=30.8488º; std=31.5125
 -- Sample 17: mean=31.1285º; std=32.0747
 -- Sample 18: mean=32.4393º; std=33.8380
 -- Sample 19: mean=31.7225º; std=32.8601
 -- Sample 20: mean=40.1766º; std=36.6920
 -- Sample 21: mean=43.4134º; std=38.3187
 -- Sample 22: mean=46.5387º; std=40.7426
 -- Sample 23: mean=43.4200º; std=38.5638
 -- Sample 24: mean=26.6535º; std=35.8212
 -- Sample 25: mean=27.6888º; std=37.4994
 -- Sample 26: mean=28.9747º; std=39.0016
 -- Sample 27: mean=27.5222º; std=37.4179
 -- Sample 28: mean=41.3923º; std=39.5211
 -- Sample 29: mean=42.1702º; std=40.5725
 -- Sample 30: mean=40.4180º; std=39.2152
 -- Sample 31: mean=40.2782º; std=38.2367
 -- Sample 32: mean=36.7181º; std=39.2913
 -- Sample 33: mean=35.1696º; std=39.4332
 -- Sample 34: mean=35.6760º; std=40.2630
 -- Sample 35: mean=37.0017º; std=40.2002
 -- Sample 36: mean=25.3957º; std=33.1117
 -- Sample 37: mean=25.0698º; std=33.6679
 -- Sample 38: mean=25.0195º; std=33.1490
 -- Sample 39: mean=25.5141º; std=32.5576
 -- Sample 40: mean=34.1358º; std=41.7909
 -- Sample 41: mean=31.9168º; std=39.9886
 -- Sample 42: mean=31.8536º; std=39.0696
 -- Sample 43: mean=33.1576º; std=40.2794
 -- Sample 44: mean=25.6523º; std=30.7085
 -- Sample 45: mean=25.9921º; std=31.9284
 -- Sample 46: mean=25.9243º; std=31.9737
 -- Sample 47: mean=25.8715º; std=30.3786
 -- Sample 48: mean=23.9484º; std=32.2591
 -- Sample 49: mean=22.3677º; std=30.2571
Mean: 30.2374º, Std: 6.4202º
------------------------------------------------------------------
Correlation comparison:
 -- Sample 0: 0.9237
 -- Sample 1: 0.9339
 -- Sample 2: 0.9232
 -- Sample 3: 0.9161
 -- Sample 4: 0.8910
 -- Sample 5: 0.8898
 -- Sample 6: 0.8946
 -- Sample 7: 0.9159
 -- Sample 8: 0.8471
 -- Sample 9: 0.8476
 -- Sample 10: 0.8863
 -- Sample 11: 0.8741
 -- Sample 12: 0.9377
 -- Sample 13: 0.9486
 -- Sample 14: 0.9450
 -- Sample 15: 0.9429
 -- Sample 16: 0.8327
 -- Sample 17: 0.8583
 -- Sample 18: 0.8741
 -- Sample 19: 0.8766
 -- Sample 20: 0.5704
 -- Sample 21: 0.5154
 -- Sample 22: 0.4830
 -- Sample 23: 0.4975
 -- Sample 24: 0.9705
 -- Sample 25: 0.9714
 -- Sample 26: 0.9693
 -- Sample 27: 0.9761
 -- Sample 28: 0.7686
 -- Sample 29: 0.7409
 -- Sample 30: 0.6783
 -- Sample 31: 0.7203
 -- Sample 32: 0.9474
 -- Sample 33: 0.9526
 -- Sample 34: 0.9583
 -- Sample 35: 0.9457
 -- Sample 36: 0.9726
 -- Sample 37: 0.9754
 -- Sample 38: 0.9621
 -- Sample 39: 0.9719
 -- Sample 40: 0.9230
 -- Sample 41: 0.9181
 -- Sample 42: 0.8781
 -- Sample 43: 0.9099
 -- Sample 44: 0.9043
 -- Sample 45: 0.8877
 -- Sample 46: 0.8906
 -- Sample 47: 0.8810
 -- Sample 48: 0.8013
 -- Sample 49: 0.8196
Mean=0.8664, Std=0.1228
------------------------------------------------------------------
Flux Error:
 -- Sample 0: 0.5435
 -- Sample 1: 0.7027
 -- Sample 2: 0.5057
 -- Sample 3: 0.6265
 -- Sample 4: 0.8013
 -- Sample 5: 0.7097
 -- Sample 6: 0.8399
 -- Sample 7: 0.8006
 -- Sample 8: 0.8162
 -- Sample 9: 0.6847
 -- Sample 10: 0.8745
 -- Sample 11: 0.6822
 -- Sample 12: 0.6557
 -- Sample 13: 0.8045
 -- Sample 14: 0.6742
 -- Sample 15: 0.7842
 -- Sample 16: 0.5657
 -- Sample 17: 0.4502
 -- Sample 18: 0.4892
 -- Sample 19: 0.4430
 -- Sample 20: 0.8575
 -- Sample 21: 1.1722
 -- Sample 22: 0.7574
 -- Sample 23: 1.1550
 -- Sample 24: 0.9011
 -- Sample 25: 0.7197
 -- Sample 26: 0.9392
 -- Sample 27: 0.7284
 -- Sample 28: 1.7205
 -- Sample 29: 1.5445
 -- Sample 30: 1.5917
 -- Sample 31: 1.9437
 -- Sample 32: 0.9835
 -- Sample 33: 0.8094
 -- Sample 34: 1.1669
 -- Sample 35: 0.7392
 -- Sample 36: 0.7418
 -- Sample 37: 0.6153
 -- Sample 38: 0.7401
 -- Sample 39: 0.6192
 -- Sample 40: 1.0597
 -- Sample 41: 0.8079
 -- Sample 42: 1.0808
 -- Sample 43: 0.8553
 -- Sample 44: 0.5742
 -- Sample 45: 1.0468
 -- Sample 46: 0.6152
 -- Sample 47: 1.1311
 -- Sample 48: 1.0251
 -- Sample 49: 0.6550
Mean: 0.8550, Std: 0.3128
------------------------------------------------------------------
Tortuosity Comparison:
 -- Sample 0: 11.5999%
 -- Sample 1: 9.4920%
 -- Sample 2: 8.3226%
 -- Sample 3: 10.5336%
 -- Sample 4: 4.1592%
 -- Sample 5: 6.1288%
 -- Sample 6: 8.1236%
 -- Sample 7: 4.8286%
 -- Sample 8: 0.2853%
 -- Sample 9: 1.1830%
 -- Sample 10: 1.8078%
 -- Sample 11: 1.0316%
 -- Sample 12: 4.1927%
 -- Sample 13: 3.8904%
 -- Sample 14: 2.5211%
 -- Sample 15: 2.5961%
 -- Sample 16: 2.1660%
 -- Sample 17: 0.2473%
 -- Sample 18: 5.0002%
 -- Sample 19: 2.4498%
 -- Sample 20: 14.6673%
 -- Sample 21: 15.8849%
 -- Sample 22: 29.6741%
 -- Sample 23: 17.6261%
 -- Sample 24: 1.9658%
 -- Sample 25: 1.1063%
 -- Sample 26: 0.7381%
 -- Sample 27: 1.3947%
 -- Sample 28: 7.6351%
 -- Sample 29: 1.4547%
 -- Sample 30: 6.3156%
 -- Sample 31: 11.3283%
 -- Sample 32: 12.3143%
 -- Sample 33: 8.7977%
 -- Sample 34: 0.5497%
 -- Sample 35: 8.5295%
 -- Sample 36: 2.3403%
 -- Sample 37: 4.8556%
 -- Sample 38: 2.2647%
 -- Sample 39: 3.3404%
 -- Sample 40: 5.2785%
 -- Sample 41: 2.2667%
 -- Sample 42: 2.9083%
 -- Sample 43: 6.5760%
 -- Sample 44: 4.8963%
 -- Sample 45: 2.0013%
 -- Sample 46: 2.9238%
 -- Sample 47: 6.1273%
 -- Sample 48: 3.7220%
 -- Sample 49: 2.9978%
Mean: 5.6608%, Std: 5.4002%
------------------------------------------------------------------
Evaluating Divergent:
 -- Sample 0: 38.9430%
 -- Sample 1: 39.7833%
 -- Sample 2: 37.7101%
 -- Sample 3: 37.7727%
 -- Sample 4: 40.3186%
 -- Sample 5: 40.2350%
 -- Sample 6: 39.8818%
 -- Sample 7: 39.0312%
 -- Sample 8: 38.1210%
 -- Sample 9: 39.6717%
 -- Sample 10: 39.5182%
 -- Sample 11: 38.7581%
 -- Sample 12: 42.0458%
 -- Sample 13: 40.5628%
 -- Sample 14: 40.4920%
 -- Sample 15: 41.4575%
 -- Sample 16: 44.9141%
 -- Sample 17: 45.7115%
 -- Sample 18: 45.3161%
 -- Sample 19: 44.0044%
 -- Sample 20: 52.1037%
 -- Sample 21: 53.3248%
 -- Sample 22: 52.2624%
 -- Sample 23: 52.3982%
 -- Sample 24: 39.5059%
 -- Sample 25: 40.0021%
 -- Sample 26: 40.2290%
 -- Sample 27: 39.2965%
 -- Sample 28: 51.8818%
 -- Sample 29: 51.0229%
 -- Sample 30: 50.7952%
 -- Sample 31: 51.7887%
 -- Sample 32: 44.2654%
 -- Sample 33: 45.1783%
 -- Sample 34: 44.6299%
 -- Sample 35: 44.1461%
 -- Sample 36: 41.2389%
 -- Sample 37: 40.1471%
 -- Sample 38: 40.9757%
 -- Sample 39: 42.1803%
 -- Sample 40: 43.2130%
 -- Sample 41: 42.0682%
 -- Sample 42: 43.6647%
 -- Sample 43: 44.2726%
 -- Sample 44: 42.5461%
 -- Sample 45: 43.4132%
 -- Sample 46: 44.2422%
 -- Sample 47: 44.4029%
 -- Sample 48: 37.9499%
 -- Sample 49: 38.0145%
Mean: 43.1082%, Std: 4.4514%
------------------------------------------------------------------
  Processing Batch 4 (Size: 50)...
    Evaluating Ko et al (D3)
Bias Error: using velocity magnitude
Mean: 25.3845, Std: 17.5785
------------------------------------------------------------------
Magnitude Error: 
 -- Sample 0: mean=50.4283%; std=44.1108
 -- Sample 1: mean=53.0622%; std=46.2876
 -- Sample 2: mean=37.7421%; std=26.5067
 -- Sample 3: mean=36.9805%; std=24.5693
 -- Sample 4: mean=37.7067%; std=26.3747
 -- Sample 5: mean=37.8026%; std=27.4654
 -- Sample 6: mean=21.6649%; std=16.0458
 -- Sample 7: mean=20.2725%; std=15.7608
 -- Sample 8: mean=23.4202%; std=17.7792
 -- Sample 9: mean=20.0655%; std=15.3069
 -- Sample 10: mean=36.5900%; std=37.2186
 -- Sample 11: mean=37.6779%; std=39.7861
 -- Sample 12: mean=39.3450%; std=39.4718
 -- Sample 13: mean=34.1482%; std=33.0284
 -- Sample 14: mean=32.4764%; std=21.6261
 -- Sample 15: mean=34.1967%; std=21.1433
 -- Sample 16: mean=32.7986%; std=21.0809
 -- Sample 17: mean=33.9555%; std=21.8866
 -- Sample 18: mean=87.5681%; std=120.7429
 -- Sample 19: mean=87.5448%; std=121.3539
 -- Sample 20: mean=85.5486%; std=108.2786
 -- Sample 21: mean=74.1809%; std=98.2725
 -- Sample 22: mean=21.1706%; std=14.6047
 -- Sample 23: mean=23.5634%; std=13.8727
 -- Sample 24: mean=27.6029%; std=14.9654
 -- Sample 25: mean=24.7989%; std=17.1498
 -- Sample 26: mean=65.5858%; std=52.2575
 -- Sample 27: mean=77.9638%; std=65.6019
 -- Sample 28: mean=66.4330%; std=53.2339
 -- Sample 29: mean=66.2635%; std=51.1133
 -- Sample 30: mean=29.3403%; std=17.7343
 -- Sample 31: mean=31.1441%; std=17.5845
 -- Sample 32: mean=33.5393%; std=18.1159
 -- Sample 33: mean=34.6237%; std=18.3797
 -- Sample 34: mean=31.0609%; std=18.6261
 -- Sample 35: mean=34.7974%; std=26.1065
 -- Sample 36: mean=26.3898%; std=21.3751
 -- Sample 37: mean=29.7478%; std=24.9235
 -- Sample 38: mean=24.5888%; std=15.8885
 -- Sample 39: mean=26.3095%; std=16.5696
 -- Sample 40: mean=27.3780%; std=16.9222
 -- Sample 41: mean=27.8735%; std=17.1506
 -- Sample 42: mean=28.2523%; std=15.9636
 -- Sample 43: mean=28.8743%; std=15.0261
 -- Sample 44: mean=27.7483%; std=15.1935
 -- Sample 45: mean=27.9656%; std=15.5140
 -- Sample 46: mean=23.3609%; std=27.9622
 -- Sample 47: mean=27.5036%; std=27.5218
 -- Sample 48: mean=24.0125%; std=22.8751
 -- Sample 49: mean=22.7374%; std=24.6034
Mean: 37.9161%, Std: 18.3898%
------------------------------------------------------------------
Angular error:
 -- Sample 0: mean=23.3746º; std=30.3737
 -- Sample 1: mean=24.7430º; std=32.3893
 -- Sample 2: mean=42.9867º; std=44.4733
 -- Sample 3: mean=44.3021º; std=45.5029
 -- Sample 4: mean=44.3201º; std=46.2912
 -- Sample 5: mean=42.6398º; std=44.7390
 -- Sample 6: mean=28.0323º; std=34.8502
 -- Sample 7: mean=29.8074º; std=36.3702
 -- Sample 8: mean=30.8315º; std=36.9138
 -- Sample 9: mean=29.8419º; std=36.7986
 -- Sample 10: mean=33.5320º; std=35.6459
 -- Sample 11: mean=37.2585º; std=36.8914
 -- Sample 12: mean=38.0789º; std=37.7156
 -- Sample 13: mean=35.5003º; std=36.9882
 -- Sample 14: mean=24.8009º; std=31.2702
 -- Sample 15: mean=26.2776º; std=31.7962
 -- Sample 16: mean=26.8427º; std=31.9018
 -- Sample 17: mean=25.0875º; std=30.7778
 -- Sample 18: mean=33.6296º; std=36.5153
 -- Sample 19: mean=34.6804º; std=36.8574
 -- Sample 20: mean=33.9861º; std=36.9876
 -- Sample 21: mean=33.4806º; std=36.4549
 -- Sample 22: mean=16.7930º; std=25.9297
 -- Sample 23: mean=16.1781º; std=24.9460
 -- Sample 24: mean=17.0771º; std=25.4313
 -- Sample 25: mean=17.8178º; std=25.9602
 -- Sample 26: mean=26.6654º; std=32.9911
 -- Sample 27: mean=26.5637º; std=33.4959
 -- Sample 28: mean=26.9745º; std=34.1592
 -- Sample 29: mean=27.2714º; std=34.2230
 -- Sample 30: mean=26.1154º; std=33.6151
 -- Sample 31: mean=24.7125º; std=31.8674
 -- Sample 32: mean=25.5772º; std=32.7323
 -- Sample 33: mean=26.6116º; std=33.4819
 -- Sample 34: mean=32.6403º; std=36.7182
 -- Sample 35: mean=32.4975º; std=36.5150
 -- Sample 36: mean=33.5003º; std=37.4029
 -- Sample 37: mean=33.6566º; std=37.1886
 -- Sample 38: mean=20.9521º; std=27.7301
 -- Sample 39: mean=21.6383º; std=27.6178
 -- Sample 40: mean=20.6290º; std=26.9070
 -- Sample 41: mean=20.8264º; std=26.8191
 -- Sample 42: mean=26.2954º; std=29.7305
 -- Sample 43: mean=25.1682º; std=28.0444
 -- Sample 44: mean=25.8287º; std=29.1359
 -- Sample 45: mean=26.4739º; std=30.4343
 -- Sample 46: mean=31.9146º; std=38.1767
 -- Sample 47: mean=30.8365º; std=37.0313
 -- Sample 48: mean=29.7999º; std=37.7275
 -- Sample 49: mean=31.2504º; std=38.9498
Mean: 28.9260º, Std: 6.7605º
------------------------------------------------------------------
Correlation comparison:
 -- Sample 0: 0.8287
 -- Sample 1: 0.8053
 -- Sample 2: 0.9142
 -- Sample 3: 0.9260
 -- Sample 4: 0.9304
 -- Sample 5: 0.9202
 -- Sample 6: 0.9453
 -- Sample 7: 0.9526
 -- Sample 8: 0.9384
 -- Sample 9: 0.9503
 -- Sample 10: 0.9130
 -- Sample 11: 0.9076
 -- Sample 12: 0.8934
 -- Sample 13: 0.9100
 -- Sample 14: 0.8898
 -- Sample 15: 0.8777
 -- Sample 16: 0.8900
 -- Sample 17: 0.8783
 -- Sample 18: 0.7049
 -- Sample 19: 0.6933
 -- Sample 20: 0.7040
 -- Sample 21: 0.7203
 -- Sample 22: 0.9750
 -- Sample 23: 0.9811
 -- Sample 24: 0.9708
 -- Sample 25: 0.9654
 -- Sample 26: 0.8561
 -- Sample 27: 0.8256
 -- Sample 28: 0.8445
 -- Sample 29: 0.8301
 -- Sample 30: 0.9581
 -- Sample 31: 0.9596
 -- Sample 32: 0.9491
 -- Sample 33: 0.9484
 -- Sample 34: 0.9311
 -- Sample 35: 0.8882
 -- Sample 36: 0.9360
 -- Sample 37: 0.9077
 -- Sample 38: 0.9403
 -- Sample 39: 0.9309
 -- Sample 40: 0.9350
 -- Sample 41: 0.9375
 -- Sample 42: 0.9224
 -- Sample 43: 0.9337
 -- Sample 44: 0.9358
 -- Sample 45: 0.9182
 -- Sample 46: 0.9279
 -- Sample 47: 0.9151
 -- Sample 48: 0.9390
 -- Sample 49: 0.9434
Mean=0.9000, Std=0.0696
------------------------------------------------------------------
Flux Error:
 -- Sample 0: 1.0839
 -- Sample 1: 0.7156
 -- Sample 2: 1.3365
 -- Sample 3: 0.8464
 -- Sample 4: 1.3328
 -- Sample 5: 0.8938
 -- Sample 6: 0.4669
 -- Sample 7: 0.8576
 -- Sample 8: 0.4749
 -- Sample 9: 0.8181
 -- Sample 10: 0.7056
 -- Sample 11: 0.9511
 -- Sample 12: 0.6356
 -- Sample 13: 0.7421
 -- Sample 14: 0.5576
 -- Sample 15: 0.6416
 -- Sample 16: 0.5440
 -- Sample 17: 0.6135
 -- Sample 18: 0.9300
 -- Sample 19: 0.9517
 -- Sample 20: 0.8430
 -- Sample 21: 0.7963
 -- Sample 22: 0.7319
 -- Sample 23: 1.0087
 -- Sample 24: 0.6766
 -- Sample 25: 0.9727
 -- Sample 26: 1.4445
 -- Sample 27: 1.0366
 -- Sample 28: 1.4248
 -- Sample 29: 0.8987
 -- Sample 30: 0.6512
 -- Sample 31: 0.9366
 -- Sample 32: 0.6250
 -- Sample 33: 0.9089
 -- Sample 34: 0.6363
 -- Sample 35: 0.5961
 -- Sample 36: 0.6723
 -- Sample 37: 0.6859
 -- Sample 38: 0.5712
 -- Sample 39: 0.7682
 -- Sample 40: 0.5551
 -- Sample 41: 0.7278
 -- Sample 42: 0.4877
 -- Sample 43: 0.3499
 -- Sample 44: 0.5199
 -- Sample 45: 0.4030
 -- Sample 46: 0.4463
 -- Sample 47: 0.7508
 -- Sample 48: 0.4563
 -- Sample 49: 0.7490
Mean: 0.7686, Std: 0.2521
------------------------------------------------------------------
Tortuosity Comparison:
 -- Sample 0: 3.8769%
 -- Sample 1: 4.3751%
 -- Sample 2: 3.7498%
 -- Sample 3: 1.2587%
 -- Sample 4: 2.1310%
 -- Sample 5: 3.2084%
 -- Sample 6: 4.2634%
 -- Sample 7: 5.1835%
 -- Sample 8: 5.7969%
 -- Sample 9: 5.7763%
 -- Sample 10: 0.4692%
 -- Sample 11: 0.2861%
 -- Sample 12: 3.5699%
 -- Sample 13: 6.7271%
 -- Sample 14: 14.6697%
 -- Sample 15: 16.3171%
 -- Sample 16: 18.5711%
 -- Sample 17: 15.1649%
 -- Sample 18: 5.7230%
 -- Sample 19: 7.2064%
 -- Sample 20: 4.3186%
 -- Sample 21: 9.5520%
 -- Sample 22: 0.5727%
 -- Sample 23: 0.2560%
 -- Sample 24: 0.5830%
 -- Sample 25: 0.4840%
 -- Sample 26: 2.4021%
 -- Sample 27: 4.0486%
 -- Sample 28: 3.5603%
 -- Sample 29: 2.4757%
 -- Sample 30: 1.3754%
 -- Sample 31: 0.5923%
 -- Sample 32: 1.6323%
 -- Sample 33: 1.5352%
 -- Sample 34: 2.7304%
 -- Sample 35: 4.7525%
 -- Sample 36: 5.8440%
 -- Sample 37: 0.6737%
 -- Sample 38: 2.0860%
 -- Sample 39: 1.8149%
 -- Sample 40: 1.3698%
 -- Sample 41: 3.2558%
 -- Sample 42: 0.8789%
 -- Sample 43: 1.3650%
 -- Sample 44: 2.4004%
 -- Sample 45: 2.6152%
 -- Sample 46: 0.9971%
 -- Sample 47: 5.0251%
 -- Sample 48: 0.5225%
 -- Sample 49: 1.1426%
Mean: 3.9837%, Std: 4.1698%
------------------------------------------------------------------
Evaluating Divergent:
 -- Sample 0: 39.6199%
 -- Sample 1: 39.8041%
 -- Sample 2: 45.9155%
 -- Sample 3: 45.2829%
 -- Sample 4: 44.3705%
 -- Sample 5: 45.1863%
 -- Sample 6: 39.8786%
 -- Sample 7: 38.7679%
 -- Sample 8: 39.1904%
 -- Sample 9: 38.7561%
 -- Sample 10: 49.0844%
 -- Sample 11: 48.7990%
 -- Sample 12: 48.8447%
 -- Sample 13: 48.7844%
 -- Sample 14: 38.6063%
 -- Sample 15: 40.4062%
 -- Sample 16: 41.2393%
 -- Sample 17: 40.1414%
 -- Sample 18: 43.9085%
 -- Sample 19: 44.3401%
 -- Sample 20: 44.6732%
 -- Sample 21: 44.4794%
 -- Sample 22: 37.1024%
 -- Sample 23: 37.4335%
 -- Sample 24: 37.5053%
 -- Sample 25: 37.7681%
 -- Sample 26: 44.1176%
 -- Sample 27: 44.7500%
 -- Sample 28: 44.9379%
 -- Sample 29: 45.5068%
 -- Sample 30: 39.5752%
 -- Sample 31: 39.6107%
 -- Sample 32: 40.7449%
 -- Sample 33: 40.7385%
 -- Sample 34: 46.5791%
 -- Sample 35: 47.3894%
 -- Sample 36: 48.0135%
 -- Sample 37: 47.1895%
 -- Sample 38: 34.2830%
 -- Sample 39: 35.4641%
 -- Sample 40: 34.7425%
 -- Sample 41: 35.4353%
 -- Sample 42: 39.8841%
 -- Sample 43: 40.3137%
 -- Sample 44: 40.0322%
 -- Sample 45: 39.6499%
 -- Sample 46: 39.5761%
 -- Sample 47: 39.9669%
 -- Sample 48: 38.9085%
 -- Sample 49: 38.7529%
Mean: 41.7210%, Std: 4.0007%
------------------------------------------------------------------
  Processing Batch 5 (Size: 8)...
    Evaluating Ko et al (D3)
Bias Error: using velocity magnitude
Mean: 10.1503, Std: 3.2689
------------------------------------------------------------------
Magnitude Error: 
 -- Sample 0: mean=36.4084%; std=31.8141
 -- Sample 1: mean=40.4938%; std=33.2032
 -- Sample 2: mean=34.9223%; std=30.4595
 -- Sample 3: mean=34.1274%; std=28.9325
 -- Sample 4: mean=21.1641%; std=18.7083
 -- Sample 5: mean=23.2026%; std=15.9611
 -- Sample 6: mean=29.1052%; std=19.9621
 -- Sample 7: mean=24.4998%; std=20.0222
Mean: 30.4904%, Std: 6.5751%
------------------------------------------------------------------
Angular error:
 -- Sample 0: mean=30.6195º; std=32.5935
 -- Sample 1: mean=30.9650º; std=33.3768
 -- Sample 2: mean=33.7669º; std=34.5540
 -- Sample 3: mean=32.2808º; std=33.5117
 -- Sample 4: mean=24.8303º; std=32.2300
 -- Sample 5: mean=25.1667º; std=32.4620
 -- Sample 6: mean=24.9320º; std=31.4799
 -- Sample 7: mean=25.9476º; std=32.2208
Mean: 28.5636º, Std: 3.4712º
------------------------------------------------------------------
Correlation comparison:
 -- Sample 0: 0.9152
 -- Sample 1: 0.8987
 -- Sample 2: 0.9103
 -- Sample 3: 0.9191
 -- Sample 4: 0.9502
 -- Sample 5: 0.9583
 -- Sample 6: 0.9150
 -- Sample 7: 0.9449
Mean=0.9265, Std=0.0202
------------------------------------------------------------------
Flux Error:
 -- Sample 0: 0.6466
 -- Sample 1: 0.8777
 -- Sample 2: 0.6171
 -- Sample 3: 0.8532
 -- Sample 4: 0.7670
 -- Sample 5: 0.8480
 -- Sample 6: 0.7491
 -- Sample 7: 0.9054
Mean: 0.7830, Std: 0.1004
------------------------------------------------------------------
Tortuosity Comparison:
 -- Sample 0: 14.6375%
 -- Sample 1: 11.0180%
 -- Sample 2: 12.5688%
 -- Sample 3: 12.9919%
 -- Sample 4: 2.5149%
 -- Sample 5: 6.7302%
 -- Sample 6: 4.6594%
 -- Sample 7: 5.2067%
Mean: 8.7909%, Std: 4.2517%
------------------------------------------------------------------
Evaluating Divergent:
 -- Sample 0: 42.8679%
 -- Sample 1: 43.4265%
 -- Sample 2: 43.6109%
 -- Sample 3: 42.9661%
 -- Sample 4: 38.1748%
 -- Sample 5: 39.6142%
 -- Sample 6: 39.6975%
 -- Sample 7: 39.1887%
Mean: 41.1933%, Std: 2.0809%
------------------------------------------------------------------

Processing Dataset: Leopard
Considering 276 samples from ../NN_Datasets_Grad_Dist_40_5_55/Test_Oliveira_Leopard_SAug_DNorm.h5.
  Processing Batch 1 (Size: 50)...
    Evaluating Ko et al (D3)
Bias Error: using velocity magnitude
Mean: 104.3915, Std: 201.4425
------------------------------------------------------------------
Magnitude Error: 
 -- Sample 0: mean=24.9601%; std=18.3314
 -- Sample 1: mean=20.9306%; std=16.1823
 -- Sample 2: mean=26.3089%; std=18.3463
 -- Sample 3: mean=31.8534%; std=18.3188
 -- Sample 4: mean=26.9412%; std=21.4220
 -- Sample 5: mean=27.3457%; std=20.5092
 -- Sample 6: mean=26.7468%; std=20.0159
 -- Sample 7: mean=28.5066%; std=19.8809
 -- Sample 8: mean=623.1207%; std=562.5620
 -- Sample 9: mean=656.5616%; std=600.0781
 -- Sample 10: mean=565.9045%; std=533.0681
 -- Sample 11: mean=512.6251%; std=472.6770
 -- Sample 12: mean=140.6286%; std=139.9399
 -- Sample 13: mean=124.7710%; std=119.4270
 -- Sample 14: mean=136.0767%; std=125.4763
 -- Sample 15: mean=161.9648%; std=161.9419
 -- Sample 16: mean=51.9239%; std=44.1232
 -- Sample 17: mean=58.1288%; std=49.8672
 -- Sample 18: mean=62.2008%; std=49.8443
 -- Sample 19: mean=58.4922%; std=46.9873
 -- Sample 20: mean=75.6191%; std=79.8293
 -- Sample 21: mean=71.6650%; std=77.0442
 -- Sample 22: mean=78.0951%; std=92.7109
 -- Sample 23: mean=81.1859%; std=90.5839
 -- Sample 24: mean=32.0792%; std=19.9177
 -- Sample 25: mean=31.3045%; std=20.1134
 -- Sample 26: mean=27.1788%; std=20.5008
 -- Sample 27: mean=30.7263%; std=19.1375
 -- Sample 28: mean=19.6906%; std=16.8171
 -- Sample 29: mean=22.3757%; std=15.9067
 -- Sample 30: mean=24.2065%; std=17.0061
 -- Sample 31: mean=22.6930%; std=16.8802
 -- Sample 32: mean=42.2239%; std=22.7443
 -- Sample 33: mean=39.9893%; std=23.2205
 -- Sample 34: mean=40.1859%; std=23.6831
 -- Sample 35: mean=42.9747%; std=22.1200
 -- Sample 36: mean=32.7245%; std=22.2363
 -- Sample 37: mean=27.9865%; std=18.4817
 -- Sample 38: mean=29.6880%; std=21.1477
 -- Sample 39: mean=33.0240%; std=22.0456
 -- Sample 40: mean=46.1160%; std=45.2936
 -- Sample 41: mean=44.9159%; std=45.2973
 -- Sample 42: mean=43.4735%; std=47.5163
 -- Sample 43: mean=44.6448%; std=49.0488
 -- Sample 44: mean=107.3721%; std=113.6707
 -- Sample 45: mean=89.8649%; std=92.4522
 -- Sample 46: mean=94.8555%; std=97.3471
 -- Sample 47: mean=108.6166%; std=113.4111
 -- Sample 48: mean=674.4100%; std=1011.8102
 -- Sample 49: mean=584.5057%; std=812.8160
Mean: 120.2077%, Std: 182.4235%
------------------------------------------------------------------
Angular error:
 -- Sample 0: mean=34.7389º; std=39.9010
 -- Sample 1: mean=33.7771º; std=38.8935
 -- Sample 2: mean=34.7743º; std=38.8610
 -- Sample 3: mean=34.9216º; std=38.6792
 -- Sample 4: mean=24.8059º; std=30.9979
 -- Sample 5: mean=23.7651º; std=30.7994
 -- Sample 6: mean=23.2361º; std=30.5441
 -- Sample 7: mean=24.0344º; std=30.2068
 -- Sample 8: mean=43.1430º; std=37.1969
 -- Sample 9: mean=47.7146º; std=41.3785
 -- Sample 10: mean=46.7439º; std=40.9613
 -- Sample 11: mean=45.6557º; std=40.0446
 -- Sample 12: mean=33.7078º; std=36.4698
 -- Sample 13: mean=33.1078º; std=34.3109
 -- Sample 14: mean=32.6272º; std=34.0742
 -- Sample 15: mean=32.8441º; std=36.2658
 -- Sample 16: mean=38.9231º; std=34.6138
 -- Sample 17: mean=41.0642º; std=35.4046
 -- Sample 18: mean=42.6405º; std=37.1493
 -- Sample 19: mean=38.9972º; std=36.6551
 -- Sample 20: mean=38.2449º; std=41.5523
 -- Sample 21: mean=37.8045º; std=40.6306
 -- Sample 22: mean=37.3311º; std=40.0509
 -- Sample 23: mean=37.8817º; std=40.7184
 -- Sample 24: mean=36.7665º; std=38.7318
 -- Sample 25: mean=37.6231º; std=38.5702
 -- Sample 26: mean=39.4191º; std=39.2455
 -- Sample 27: mean=39.0155º; std=39.5649
 -- Sample 28: mean=35.8189º; std=40.4992
 -- Sample 29: mean=35.8449º; std=39.5212
 -- Sample 30: mean=35.0543º; std=38.3297
 -- Sample 31: mean=35.0772º; std=39.8387
 -- Sample 32: mean=34.1630º; std=36.1653
 -- Sample 33: mean=34.4802º; std=37.1899
 -- Sample 34: mean=35.3633º; std=38.7375
 -- Sample 35: mean=35.7940º; std=37.5255
 -- Sample 36: mean=41.3929º; std=43.2280
 -- Sample 37: mean=41.2154º; std=43.3236
 -- Sample 38: mean=37.9261º; std=41.2248
 -- Sample 39: mean=37.5918º; std=40.7664
 -- Sample 40: mean=33.5451º; std=34.4714
 -- Sample 41: mean=33.8028º; std=33.7946
 -- Sample 42: mean=34.8623º; std=35.3643
 -- Sample 43: mean=35.9355º; std=36.1796
 -- Sample 44: mean=45.2537º; std=46.6050
 -- Sample 45: mean=45.6913º; std=42.7657
 -- Sample 46: mean=48.4828º; std=44.4084
 -- Sample 47: mean=49.0401º; std=47.9278
 -- Sample 48: mean=59.3797º; std=45.8267
 -- Sample 49: mean=58.6778º; std=44.1813
Mean: 37.9940º, Std: 7.2072º
------------------------------------------------------------------
Correlation comparison:
 -- Sample 0: 0.9004
 -- Sample 1: 0.9052
 -- Sample 2: 0.8666
 -- Sample 3: 0.8416
 -- Sample 4: 0.9349
 -- Sample 5: 0.9374
 -- Sample 6: 0.9279
 -- Sample 7: 0.9249
 -- Sample 8: 0.3161
 -- Sample 9: 0.3056
 -- Sample 10: 0.3084
 -- Sample 11: 0.3306
 -- Sample 12: 0.5468
 -- Sample 13: 0.5547
 -- Sample 14: 0.5509
 -- Sample 15: 0.5284
 -- Sample 16: 0.8248
 -- Sample 17: 0.8142
 -- Sample 18: 0.8349
 -- Sample 19: 0.8156
 -- Sample 20: 0.7628
 -- Sample 21: 0.8123
 -- Sample 22: 0.7658
 -- Sample 23: 0.7409
 -- Sample 24: 0.8677
 -- Sample 25: 0.8855
 -- Sample 26: 0.9034
 -- Sample 27: 0.8870
 -- Sample 28: 0.9794
 -- Sample 29: 0.9821
 -- Sample 30: 0.9799
 -- Sample 31: 0.9782
 -- Sample 32: 0.8831
 -- Sample 33: 0.8720
 -- Sample 34: 0.8885
 -- Sample 35: 0.8549
 -- Sample 36: 0.9735
 -- Sample 37: 0.9706
 -- Sample 38: 0.9744
 -- Sample 39: 0.9718
 -- Sample 40: 0.8405
 -- Sample 41: 0.8580
 -- Sample 42: 0.8465
 -- Sample 43: 0.8281
 -- Sample 44: 0.5891
 -- Sample 45: 0.6100
 -- Sample 46: 0.6011
 -- Sample 47: 0.5987
 -- Sample 48: 0.0705
 -- Sample 49: 0.0568
Mean=0.7561, Std=0.2351
------------------------------------------------------------------
Flux Error:
 -- Sample 0: 0.6502
 -- Sample 1: 1.0605
 -- Sample 2: 0.7048
 -- Sample 3: 0.9052
 -- Sample 4: 0.7792
 -- Sample 5: 0.7450
 -- Sample 6: 0.8103
 -- Sample 7: 0.7784
 -- Sample 8: 4.3689
 -- Sample 9: 4.6788
 -- Sample 10: 4.5999
 -- Sample 11: 3.5809
 -- Sample 12: 1.5036
 -- Sample 13: 1.1588
 -- Sample 14: 1.4859
 -- Sample 15: 1.6522
 -- Sample 16: 1.1892
 -- Sample 17: 1.1506
 -- Sample 18: 1.2090
 -- Sample 19: 1.2022
 -- Sample 20: 1.0135
 -- Sample 21: 0.8279
 -- Sample 22: 1.0440
 -- Sample 23: 0.8719
 -- Sample 24: 0.8954
 -- Sample 25: 0.5881
 -- Sample 26: 0.8915
 -- Sample 27: 0.5598
 -- Sample 28: 0.7927
 -- Sample 29: 1.0398
 -- Sample 30: 0.7172
 -- Sample 31: 1.0699
 -- Sample 32: 0.5226
 -- Sample 33: 0.6067
 -- Sample 34: 0.5080
 -- Sample 35: 0.5845
 -- Sample 36: 1.5041
 -- Sample 37: 1.0361
 -- Sample 38: 1.4599
 -- Sample 39: 1.1010
 -- Sample 40: 0.7472
 -- Sample 41: 0.5598
 -- Sample 42: 0.8099
 -- Sample 43: 0.5522
 -- Sample 44: 1.0654
 -- Sample 45: 0.6482
 -- Sample 46: 0.9710
 -- Sample 47: 0.7775
 -- Sample 48: 9.4348
 -- Sample 49: 8.7114
Mean: 1.5225, Std: 1.8192
------------------------------------------------------------------
Tortuosity Comparison:
 -- Sample 0: 8.2411%
 -- Sample 1: 6.0341%
 -- Sample 2: 5.7405%
 -- Sample 3: 8.9321%
 -- Sample 4: 2.4629%
 -- Sample 5: 1.9963%
 -- Sample 6: 1.8465%
 -- Sample 7: 1.3619%
 -- Sample 8: 19.0928%
 -- Sample 9: 16.3181%
 -- Sample 10: 7.6813%
 -- Sample 11: 20.9948%
 -- Sample 12: 8.1412%
 -- Sample 13: 5.8925%
 -- Sample 14: 8.3704%
 -- Sample 15: 11.9266%
 -- Sample 16: 6.9226%
 -- Sample 17: 3.6571%
 -- Sample 18: 0.6848%
 -- Sample 19: 3.1327%
 -- Sample 20: 1.1861%
 -- Sample 21: 4.1914%
 -- Sample 22: 3.9987%
 -- Sample 23: 0.2768%
 -- Sample 24: 3.0200%
 -- Sample 25: 2.8852%
 -- Sample 26: 3.6197%
 -- Sample 27: 3.7144%
 -- Sample 28: 4.7570%
 -- Sample 29: 9.8749%
 -- Sample 30: 5.8015%
 -- Sample 31: 3.5294%
 -- Sample 32: 1.1829%
 -- Sample 33: 5.2034%
 -- Sample 34: 5.2354%
 -- Sample 35: 5.2560%
 -- Sample 36: 2.4144%
 -- Sample 37: 3.1251%
 -- Sample 38: 2.4147%
 -- Sample 39: 3.1539%
 -- Sample 40: 8.0445%
 -- Sample 41: 8.4139%
 -- Sample 42: 4.0022%
 -- Sample 43: 7.1082%
 -- Sample 44: 14.8556%
 -- Sample 45: 12.2738%
 -- Sample 46: 15.3947%
 -- Sample 47: 21.9394%
 -- Sample 48: 5.0251%
 -- Sample 49: 3.2397%
Mean: 6.4914%, Std: 5.1555%
------------------------------------------------------------------
Evaluating Divergent:
 -- Sample 0: 46.9777%
 -- Sample 1: 45.4090%
 -- Sample 2: 44.9909%
 -- Sample 3: 46.4993%
 -- Sample 4: 39.1955%
 -- Sample 5: 38.7102%
 -- Sample 6: 38.3853%
 -- Sample 7: 38.7877%
 -- Sample 8: 50.5828%
 -- Sample 9: 50.6538%
 -- Sample 10: 49.9892%
 -- Sample 11: 50.7278%
 -- Sample 12: 42.3673%
 -- Sample 13: 43.4247%
 -- Sample 14: 42.3657%
 -- Sample 15: 41.7603%
 -- Sample 16: 52.5257%
 -- Sample 17: 52.5118%
 -- Sample 18: 51.2561%
 -- Sample 19: 51.6847%
 -- Sample 20: 44.2293%
 -- Sample 21: 44.3897%
 -- Sample 22: 43.8091%
 -- Sample 23: 44.1876%
 -- Sample 24: 41.6656%
 -- Sample 25: 42.2380%
 -- Sample 26: 42.5864%
 -- Sample 27: 42.4316%
 -- Sample 28: 40.9054%
 -- Sample 29: 42.1630%
 -- Sample 30: 41.5390%
 -- Sample 31: 41.5252%
 -- Sample 32: 39.4685%
 -- Sample 33: 39.5633%
 -- Sample 34: 39.9296%
 -- Sample 35: 40.7927%
 -- Sample 36: 43.5526%
 -- Sample 37: 43.5848%
 -- Sample 38: 42.1863%
 -- Sample 39: 41.8522%
 -- Sample 40: 50.2872%
 -- Sample 41: 51.8657%
 -- Sample 42: 52.2374%
 -- Sample 43: 51.4508%
 -- Sample 44: 48.4552%
 -- Sample 45: 48.7563%
 -- Sample 46: 49.7535%
 -- Sample 47: 49.1435%
 -- Sample 48: 58.3468%
 -- Sample 49: 57.5241%
Mean: 45.5845%, Std: 5.0356%
------------------------------------------------------------------
  Processing Batch 2 (Size: 50)...
    Evaluating Ko et al (D3)
Bias Error: using velocity magnitude
Mean: 80.0931, Std: 165.0281
------------------------------------------------------------------
Magnitude Error: 
 -- Sample 0: mean=563.0885%; std=830.4492
 -- Sample 1: mean=535.2410%; std=766.4505
 -- Sample 2: mean=25.0395%; std=14.5056
 -- Sample 3: mean=25.5275%; std=13.7281
 -- Sample 4: mean=25.8585%; std=12.9381
 -- Sample 5: mean=26.5451%; std=12.7208
 -- Sample 6: mean=21.7271%; std=11.2544
 -- Sample 7: mean=22.0394%; std=12.5206
 -- Sample 8: mean=21.1189%; std=11.7919
 -- Sample 9: mean=19.6003%; std=9.8310
 -- Sample 10: mean=162.7887%; std=175.1726
 -- Sample 11: mean=167.9018%; std=214.8370
 -- Sample 12: mean=203.1268%; std=262.0808
 -- Sample 13: mean=175.8405%; std=235.3186
 -- Sample 14: mean=24.8430%; std=23.4009
 -- Sample 15: mean=25.7967%; std=18.6556
 -- Sample 16: mean=24.0954%; std=17.1104
 -- Sample 17: mean=24.8277%; std=24.0916
 -- Sample 18: mean=52.2646%; std=61.5845
 -- Sample 19: mean=45.3439%; std=50.8819
 -- Sample 20: mean=42.6409%; std=58.3670
 -- Sample 21: mean=40.4906%; std=47.0274
 -- Sample 22: mean=32.2271%; std=20.0492
 -- Sample 23: mean=26.9482%; std=19.6191
 -- Sample 24: mean=29.1314%; std=19.3197
 -- Sample 25: mean=31.5832%; std=18.9856
 -- Sample 26: mean=132.7912%; std=216.7478
 -- Sample 27: mean=133.7905%; std=218.7834
 -- Sample 28: mean=120.0121%; std=220.2801
 -- Sample 29: mean=135.3620%; std=235.9551
 -- Sample 30: mean=54.0196%; std=17.6511
 -- Sample 31: mean=52.3217%; std=17.3266
 -- Sample 32: mean=54.0556%; std=18.4702
 -- Sample 33: mean=52.9695%; std=19.9790
 -- Sample 34: mean=37.3624%; std=21.3788
 -- Sample 35: mean=37.1022%; std=19.2581
 -- Sample 36: mean=37.2881%; std=20.3516
 -- Sample 37: mean=36.0840%; std=22.7810
 -- Sample 38: mean=54.8612%; std=39.0118
 -- Sample 39: mean=57.6127%; std=35.9594
 -- Sample 40: mean=51.6463%; std=30.6028
 -- Sample 41: mean=44.8608%; std=25.1405
 -- Sample 42: mean=55.8865%; std=46.3858
 -- Sample 43: mean=57.1562%; std=47.0593
 -- Sample 44: mean=51.0031%; std=38.5429
 -- Sample 45: mean=50.0146%; std=42.3775
 -- Sample 46: mean=52.3749%; std=47.0426
 -- Sample 47: mean=59.9087%; std=49.5663
 -- Sample 48: mean=57.1247%; std=44.8570
 -- Sample 49: mean=62.0217%; std=51.9118
Mean: 78.6653%, Std: 105.9093%
------------------------------------------------------------------
Angular error:
 -- Sample 0: mean=52.1012º; std=41.9309
 -- Sample 1: mean=53.8741º; std=42.5570
 -- Sample 2: mean=24.8743º; std=32.2810
 -- Sample 3: mean=24.4520º; std=30.8361
 -- Sample 4: mean=25.7719º; std=31.3423
 -- Sample 5: mean=26.5609º; std=32.5209
 -- Sample 6: mean=31.2274º; std=37.1862
 -- Sample 7: mean=32.5020º; std=37.2565
 -- Sample 8: mean=31.4199º; std=37.1805
 -- Sample 9: mean=30.6997º; std=36.8863
 -- Sample 10: mean=44.2354º; std=42.6676
 -- Sample 11: mean=45.1433º; std=43.7007
 -- Sample 12: mean=42.5534º; std=40.7325
 -- Sample 13: mean=42.1995º; std=40.4067
 -- Sample 14: mean=33.5330º; std=38.0807
 -- Sample 15: mean=33.4666º; std=38.0610
 -- Sample 16: mean=33.5970º; std=37.9951
 -- Sample 17: mean=33.2802º; std=38.7029
 -- Sample 18: mean=52.5811º; std=45.9357
 -- Sample 19: mean=52.4480º; std=45.2204
 -- Sample 20: mean=51.3677º; std=45.2350
 -- Sample 21: mean=52.9524º; std=46.1274
 -- Sample 22: mean=42.8860º; std=44.1544
 -- Sample 23: mean=40.3524º; std=43.1191
 -- Sample 24: mean=39.3575º; std=42.3353
 -- Sample 25: mean=41.6873º; std=42.8511
 -- Sample 26: mean=42.5541º; std=40.8511
 -- Sample 27: mean=41.0037º; std=40.3901
 -- Sample 28: mean=41.3584º; std=40.7924
 -- Sample 29: mean=41.2124º; std=40.3819
 -- Sample 30: mean=22.5127º; std=30.8653
 -- Sample 31: mean=23.1145º; std=31.3777
 -- Sample 32: mean=22.4355º; std=30.8692
 -- Sample 33: mean=22.1078º; std=30.5811
 -- Sample 34: mean=24.0980º; std=35.9569
 -- Sample 35: mean=24.2083º; std=33.6419
 -- Sample 36: mean=22.3342º; std=31.6760
 -- Sample 37: mean=22.9302º; std=34.2256
 -- Sample 38: mean=47.8567º; std=40.6466
 -- Sample 39: mean=48.3507º; std=40.7446
 -- Sample 40: mean=43.1541º; std=37.7578
 -- Sample 41: mean=45.0973º; std=38.7385
 -- Sample 42: mean=36.7362º; std=39.5094
 -- Sample 43: mean=37.5653º; std=39.7074
 -- Sample 44: mean=34.2575º; std=37.2519
 -- Sample 45: mean=33.2262º; std=36.3901
 -- Sample 46: mean=37.8023º; std=38.9282
 -- Sample 47: mean=39.7116º; std=40.5507
 -- Sample 48: mean=38.5187º; std=40.0283
 -- Sample 49: mean=36.5337º; std=39.1269
Mean: 36.8761º, Std: 9.4491º
------------------------------------------------------------------
Correlation comparison:
 -- Sample 0: 0.0564
 -- Sample 1: 0.0575
 -- Sample 2: 0.9714
 -- Sample 3: 0.9774
 -- Sample 4: 0.9788
 -- Sample 5: 0.9772
 -- Sample 6: 0.9796
 -- Sample 7: 0.9759
 -- Sample 8: 0.9795
 -- Sample 9: 0.9872
 -- Sample 10: 0.4206
 -- Sample 11: 0.3711
 -- Sample 12: 0.3399
 -- Sample 13: 0.4107
 -- Sample 14: 0.9570
 -- Sample 15: 0.9584
 -- Sample 16: 0.9611
 -- Sample 17: 0.9511
 -- Sample 18: 0.7916
 -- Sample 19: 0.8239
 -- Sample 20: 0.8078
 -- Sample 21: 0.8216
 -- Sample 22: 0.9262
 -- Sample 23: 0.9308
 -- Sample 24: 0.9346
 -- Sample 25: 0.9373
 -- Sample 26: 0.6547
 -- Sample 27: 0.6211
 -- Sample 28: 0.6333
 -- Sample 29: 0.6192
 -- Sample 30: 0.9235
 -- Sample 31: 0.9324
 -- Sample 32: 0.9118
 -- Sample 33: 0.9013
 -- Sample 34: 0.8635
 -- Sample 35: 0.8807
 -- Sample 36: 0.8807
 -- Sample 37: 0.8756
 -- Sample 38: 0.8383
 -- Sample 39: 0.8271
 -- Sample 40: 0.8437
 -- Sample 41: 0.8739
 -- Sample 42: 0.7329
 -- Sample 43: 0.7235
 -- Sample 44: 0.7680
 -- Sample 45: 0.7633
 -- Sample 46: 0.8110
 -- Sample 47: 0.7694
 -- Sample 48: 0.7860
 -- Sample 49: 0.7583
Mean=0.7896, Std=0.2205
------------------------------------------------------------------
Flux Error:
 -- Sample 0: 9.2450
 -- Sample 1: 8.3698
 -- Sample 2: 0.7959
 -- Sample 3: 0.6710
 -- Sample 4: 0.7376
 -- Sample 5: 0.6557
 -- Sample 6: 0.9804
 -- Sample 7: 0.6859
 -- Sample 8: 0.9858
 -- Sample 9: 0.7132
 -- Sample 10: 3.0484
 -- Sample 11: 3.2789
 -- Sample 12: 3.7649
 -- Sample 13: 3.3347
 -- Sample 14: 0.8985
 -- Sample 15: 1.0137
 -- Sample 16: 0.8790
 -- Sample 17: 0.9802
 -- Sample 18: 0.9940
 -- Sample 19: 0.6537
 -- Sample 20: 0.8460
 -- Sample 21: 0.6062
 -- Sample 22: 1.0410
 -- Sample 23: 1.1017
 -- Sample 24: 1.0369
 -- Sample 25: 1.0135
 -- Sample 26: 1.6397
 -- Sample 27: 1.4489
 -- Sample 28: 1.4656
 -- Sample 29: 1.5773
 -- Sample 30: 0.5861
 -- Sample 31: 0.5982
 -- Sample 32: 0.5838
 -- Sample 33: 0.5723
 -- Sample 34: 0.6190
 -- Sample 35: 0.9483
 -- Sample 36: 0.7350
 -- Sample 37: 0.9295
 -- Sample 38: 0.9046
 -- Sample 39: 0.7273
 -- Sample 40: 0.8202
 -- Sample 41: 0.6650
 -- Sample 42: 0.7839
 -- Sample 43: 0.7929
 -- Sample 44: 0.7396
 -- Sample 45: 0.7744
 -- Sample 46: 1.2412
 -- Sample 47: 0.9303
 -- Sample 48: 1.0644
 -- Sample 49: 0.8983
Mean: 1.4076, Std: 1.6728
------------------------------------------------------------------
Tortuosity Comparison:
 -- Sample 0: 8.8852%
 -- Sample 1: 5.7604%
 -- Sample 2: 2.0046%
 -- Sample 3: 0.6791%
 -- Sample 4: 6.1473%
 -- Sample 5: 3.5115%
 -- Sample 6: 1.9929%
 -- Sample 7: 4.8891%
 -- Sample 8: 3.6187%
 -- Sample 9: 1.5231%
 -- Sample 10: 5.6574%
 -- Sample 11: 7.4165%
 -- Sample 12: 13.8380%
 -- Sample 13: 9.2818%
 -- Sample 14: 4.8528%
 -- Sample 15: 1.5680%
 -- Sample 16: 2.9395%
 -- Sample 17: 7.3839%
 -- Sample 18: 6.3530%
 -- Sample 19: 13.9062%
 -- Sample 20: 14.3807%
 -- Sample 21: 14.1893%
 -- Sample 22: 3.7054%
 -- Sample 23: 3.5956%
 -- Sample 24: 5.3541%
 -- Sample 25: 3.0219%
 -- Sample 26: 0.3668%
 -- Sample 27: 1.2398%
 -- Sample 28: 3.2076%
 -- Sample 29: 0.6233%
 -- Sample 30: 10.5207%
 -- Sample 31: 9.0898%
 -- Sample 32: 10.8926%
 -- Sample 33: 10.0858%
 -- Sample 34: 2.6804%
 -- Sample 35: 0.1017%
 -- Sample 36: 1.8341%
 -- Sample 37: 0.0012%
 -- Sample 38: 9.3393%
 -- Sample 39: 7.6719%
 -- Sample 40: 6.3642%
 -- Sample 41: 17.9208%
 -- Sample 42: 5.8398%
 -- Sample 43: 7.2449%
 -- Sample 44: 7.9078%
 -- Sample 45: 5.8376%
 -- Sample 46: 4.2486%
 -- Sample 47: 4.4762%
 -- Sample 48: 13.2972%
 -- Sample 49: 7.7525%
Mean: 6.1000%, Std: 4.2713%
------------------------------------------------------------------
Evaluating Divergent:
 -- Sample 0: 58.2120%
 -- Sample 1: 58.8457%
 -- Sample 2: 36.4423%
 -- Sample 3: 36.9649%
 -- Sample 4: 37.8844%
 -- Sample 5: 37.9720%
 -- Sample 6: 38.0563%
 -- Sample 7: 39.1530%
 -- Sample 8: 38.3920%
 -- Sample 9: 37.9703%
 -- Sample 10: 54.9852%
 -- Sample 11: 55.2646%
 -- Sample 12: 54.7223%
 -- Sample 13: 55.2760%
 -- Sample 14: 45.5746%
 -- Sample 15: 44.6170%
 -- Sample 16: 44.3127%
 -- Sample 17: 44.4877%
 -- Sample 18: 51.4090%
 -- Sample 19: 51.1426%
 -- Sample 20: 51.7309%
 -- Sample 21: 52.7521%
 -- Sample 22: 44.9310%
 -- Sample 23: 44.6733%
 -- Sample 24: 43.5228%
 -- Sample 25: 45.0560%
 -- Sample 26: 43.0783%
 -- Sample 27: 42.8182%
 -- Sample 28: 41.6323%
 -- Sample 29: 42.2468%
 -- Sample 30: 38.3666%
 -- Sample 31: 38.9870%
 -- Sample 32: 38.1963%
 -- Sample 33: 37.9576%
 -- Sample 34: 47.2642%
 -- Sample 35: 48.8758%
 -- Sample 36: 47.9950%
 -- Sample 37: 47.4306%
 -- Sample 38: 50.8114%
 -- Sample 39: 50.1087%
 -- Sample 40: 50.2850%
 -- Sample 41: 51.0099%
 -- Sample 42: 44.1027%
 -- Sample 43: 44.3660%
 -- Sample 44: 43.4694%
 -- Sample 45: 43.6699%
 -- Sample 46: 46.3053%
 -- Sample 47: 46.5014%
 -- Sample 48: 46.3360%
 -- Sample 49: 45.8468%
Mean: 45.6402%, Std: 5.8756%
------------------------------------------------------------------
  Processing Batch 3 (Size: 50)...
    Evaluating Ko et al (D3)
Bias Error: using velocity magnitude
Mean: 35.3225, Std: 31.3819
------------------------------------------------------------------
Magnitude Error: 
 -- Sample 0: mean=28.7436%; std=21.8048
 -- Sample 1: mean=31.1807%; std=23.1676
 -- Sample 2: mean=38.9653%; std=27.4753
 -- Sample 3: mean=36.1004%; std=24.2297
 -- Sample 4: mean=146.2660%; std=150.6945
 -- Sample 5: mean=129.1956%; std=137.6035
 -- Sample 6: mean=113.8769%; std=113.3168
 -- Sample 7: mean=109.6122%; std=112.9281
 -- Sample 8: mean=96.3065%; std=116.4312
 -- Sample 9: mean=81.7095%; std=92.3068
 -- Sample 10: mean=85.9126%; std=92.1259
 -- Sample 11: mean=79.3483%; std=86.4749
 -- Sample 12: mean=93.7887%; std=74.4673
 -- Sample 13: mean=97.9946%; std=77.8610
 -- Sample 14: mean=100.4012%; std=84.1991
 -- Sample 15: mean=111.8121%; std=88.0277
 -- Sample 16: mean=28.9193%; std=21.2829
 -- Sample 17: mean=24.0734%; std=17.5781
 -- Sample 18: mean=25.7442%; std=18.9660
 -- Sample 19: mean=26.1937%; std=18.9891
 -- Sample 20: mean=22.8125%; std=17.3048
 -- Sample 21: mean=21.1350%; std=17.6329
 -- Sample 22: mean=25.0004%; std=18.3632
 -- Sample 23: mean=26.0316%; std=18.3657
 -- Sample 24: mean=140.7943%; std=106.6723
 -- Sample 25: mean=155.4569%; std=125.6030
 -- Sample 26: mean=155.7443%; std=125.4136
 -- Sample 27: mean=121.7491%; std=96.8388
 -- Sample 28: mean=40.7690%; std=35.2106
 -- Sample 29: mean=43.6717%; std=39.8431
 -- Sample 30: mean=41.9237%; std=30.7327
 -- Sample 31: mean=40.2468%; std=25.9830
 -- Sample 32: mean=30.2818%; std=18.9675
 -- Sample 33: mean=31.4486%; std=16.1893
 -- Sample 34: mean=28.0382%; std=15.1361
 -- Sample 35: mean=33.7510%; std=17.6832
 -- Sample 36: mean=69.4855%; std=81.9448
 -- Sample 37: mean=61.8749%; std=80.0524
 -- Sample 38: mean=67.0005%; std=83.5639
 -- Sample 39: mean=72.2593%; std=87.4565
 -- Sample 40: mean=37.2216%; std=20.5148
 -- Sample 41: mean=39.0872%; std=23.2188
 -- Sample 42: mean=38.4234%; std=21.5677
 -- Sample 43: mean=36.7169%; std=19.9745
 -- Sample 44: mean=36.0035%; std=27.3611
 -- Sample 45: mean=33.6670%; std=24.8414
 -- Sample 46: mean=25.2352%; std=26.3372
 -- Sample 47: mean=37.7420%; std=31.6745
 -- Sample 48: mean=38.0815%; std=46.3741
 -- Sample 49: mean=36.2855%; std=37.0806
Mean: 61.4817%, Std: 39.8855%
------------------------------------------------------------------
Angular error:
 -- Sample 0: mean=32.8850º; std=38.8491
 -- Sample 1: mean=33.3314º; std=39.1821
 -- Sample 2: mean=34.5590º; std=41.0957
 -- Sample 3: mean=33.0565º; std=39.3956
 -- Sample 4: mean=28.9963º; std=38.0399
 -- Sample 5: mean=26.7096º; std=36.3876
 -- Sample 6: mean=27.8650º; std=35.5564
 -- Sample 7: mean=29.0823º; std=36.3840
 -- Sample 8: mean=36.1740º; std=34.7702
 -- Sample 9: mean=39.8979º; std=36.6323
 -- Sample 10: mean=38.5551º; std=37.0918
 -- Sample 11: mean=36.7836º; std=35.4756
 -- Sample 12: mean=37.5594º; std=41.6232
 -- Sample 13: mean=38.6999º; std=41.3574
 -- Sample 14: mean=38.9211º; std=41.8500
 -- Sample 15: mean=39.3935º; std=42.1543
 -- Sample 16: mean=27.7691º; std=34.6881
 -- Sample 17: mean=28.3582º; std=36.7017
 -- Sample 18: mean=30.3027º; std=37.9181
 -- Sample 19: mean=28.2164º; std=35.7916
 -- Sample 20: mean=32.7811º; std=38.7321
 -- Sample 21: mean=34.3355º; std=39.3213
 -- Sample 22: mean=32.8743º; std=37.4522
 -- Sample 23: mean=31.1264º; std=36.8662
 -- Sample 24: mean=35.5053º; std=37.8523
 -- Sample 25: mean=32.1450º; std=35.3196
 -- Sample 26: mean=31.7958º; std=34.8738
 -- Sample 27: mean=32.5347º; std=35.9035
 -- Sample 28: mean=43.6107º; std=42.1831
 -- Sample 29: mean=43.3979º; std=41.3729
 -- Sample 30: mean=41.4089º; std=40.2169
 -- Sample 31: mean=44.1880º; std=41.7023
 -- Sample 32: mean=24.2573º; std=29.0781
 -- Sample 33: mean=24.7894º; std=29.8860
 -- Sample 34: mean=24.0183º; std=28.8056
 -- Sample 35: mean=23.7655º; std=28.0260
 -- Sample 36: mean=31.3273º; std=36.2192
 -- Sample 37: mean=31.2123º; std=36.9013
 -- Sample 38: mean=29.9223º; std=35.4198
 -- Sample 39: mean=29.4346º; std=34.8329
 -- Sample 40: mean=39.5227º; std=40.3409
 -- Sample 41: mean=40.8192º; std=40.2002
 -- Sample 42: mean=40.9513º; std=39.2502
 -- Sample 43: mean=39.4306º; std=39.2354
 -- Sample 44: mean=38.2898º; std=42.7313
 -- Sample 45: mean=36.7004º; std=42.2982
 -- Sample 46: mean=36.7971º; std=42.8174
 -- Sample 47: mean=37.3723º; std=42.4338
 -- Sample 48: mean=35.6728º; std=39.5969
 -- Sample 49: mean=35.2897º; std=40.4075
Mean: 34.0479º, Std: 5.3302º
------------------------------------------------------------------
Correlation comparison:
 -- Sample 0: 0.9617
 -- Sample 1: 0.9598
 -- Sample 2: 0.9481
 -- Sample 3: 0.9592
 -- Sample 4: 0.6361
 -- Sample 5: 0.6989
 -- Sample 6: 0.7109
 -- Sample 7: 0.6809
 -- Sample 8: 0.7557
 -- Sample 9: 0.8061
 -- Sample 10: 0.8047
 -- Sample 11: 0.8162
 -- Sample 12: 0.6435
 -- Sample 13: 0.5942
 -- Sample 14: 0.6358
 -- Sample 15: 0.5989
 -- Sample 16: 0.9271
 -- Sample 17: 0.9377
 -- Sample 18: 0.9359
 -- Sample 19: 0.9352
 -- Sample 20: 0.9639
 -- Sample 21: 0.9679
 -- Sample 22: 0.9591
 -- Sample 23: 0.9600
 -- Sample 24: 0.6303
 -- Sample 25: 0.6339
 -- Sample 26: 0.6069
 -- Sample 27: 0.6649
 -- Sample 28: 0.8596
 -- Sample 29: 0.7768
 -- Sample 30: 0.8070
 -- Sample 31: 0.8749
 -- Sample 32: 0.9100
 -- Sample 33: 0.9120
 -- Sample 34: 0.9256
 -- Sample 35: 0.9019
 -- Sample 36: 0.6283
 -- Sample 37: 0.6730
 -- Sample 38: 0.6401
 -- Sample 39: 0.6014
 -- Sample 40: 0.8736
 -- Sample 41: 0.8465
 -- Sample 42: 0.8750
 -- Sample 43: 0.8814
 -- Sample 44: 0.9405
 -- Sample 45: 0.9552
 -- Sample 46: 0.9611
 -- Sample 47: 0.9445
 -- Sample 48: 0.8857
 -- Sample 49: 0.9166
Mean=0.8185, Std=0.1319
------------------------------------------------------------------
Flux Error:
 -- Sample 0: 1.1367
 -- Sample 1: 0.9266
 -- Sample 2: 1.2227
 -- Sample 3: 0.9870
 -- Sample 4: 1.4756
 -- Sample 5: 2.0671
 -- Sample 6: 1.2263
 -- Sample 7: 1.8695
 -- Sample 8: 1.3768
 -- Sample 9: 1.4177
 -- Sample 10: 1.2970
 -- Sample 11: 1.3753
 -- Sample 12: 1.4067
 -- Sample 13: 1.2625
 -- Sample 14: 1.4988
 -- Sample 15: 1.4060
 -- Sample 16: 1.1914
 -- Sample 17: 1.0795
 -- Sample 18: 1.1205
 -- Sample 19: 1.1303
 -- Sample 20: 1.1038
 -- Sample 21: 0.6086
 -- Sample 22: 1.0130
 -- Sample 23: 0.5136
 -- Sample 24: 1.5145
 -- Sample 25: 1.8515
 -- Sample 26: 1.7478
 -- Sample 27: 1.4483
 -- Sample 28: 0.5087
 -- Sample 29: 0.6070
 -- Sample 30: 0.5347
 -- Sample 31: 0.6004
 -- Sample 32: 0.5375
 -- Sample 33: 0.4105
 -- Sample 34: 0.5383
 -- Sample 35: 0.4424
 -- Sample 36: 0.9522
 -- Sample 37: 1.0908
 -- Sample 38: 0.9361
 -- Sample 39: 1.1768
 -- Sample 40: 0.5595
 -- Sample 41: 0.9425
 -- Sample 42: 0.5395
 -- Sample 43: 0.9238
 -- Sample 44: 1.2501
 -- Sample 45: 1.4896
 -- Sample 46: 1.2381
 -- Sample 47: 1.5349
 -- Sample 48: 1.0164
 -- Sample 49: 0.6012
Mean: 1.0941, Std: 0.4085
------------------------------------------------------------------
Tortuosity Comparison:
 -- Sample 0: 4.9859%
 -- Sample 1: 6.1111%
 -- Sample 2: 5.4176%
 -- Sample 3: 3.7992%
 -- Sample 4: 6.0186%
 -- Sample 5: 4.9939%
 -- Sample 6: 3.9825%
 -- Sample 7: 4.0875%
 -- Sample 8: 14.9650%
 -- Sample 9: 11.2065%
 -- Sample 10: 11.9508%
 -- Sample 11: 11.1036%
 -- Sample 12: 5.9011%
 -- Sample 13: 6.8492%
 -- Sample 14: 5.5626%
 -- Sample 15: 2.8404%
 -- Sample 16: 2.2467%
 -- Sample 17: 1.0499%
 -- Sample 18: 1.3038%
 -- Sample 19: 1.6774%
 -- Sample 20: 3.7498%
 -- Sample 21: 6.5614%
 -- Sample 22: 9.7924%
 -- Sample 23: 7.6390%
 -- Sample 24: 11.9830%
 -- Sample 25: 7.0581%
 -- Sample 26: 5.2754%
 -- Sample 27: 12.4037%
 -- Sample 28: 24.0678%
 -- Sample 29: 27.8796%
 -- Sample 30: 21.7159%
 -- Sample 31: 27.0944%
 -- Sample 32: 3.5048%
 -- Sample 33: 0.7510%
 -- Sample 34: 6.1505%
 -- Sample 35: 6.2240%
 -- Sample 36: 4.0975%
 -- Sample 37: 1.4829%
 -- Sample 38: 3.5909%
 -- Sample 39: 5.4922%
 -- Sample 40: 10.6468%
 -- Sample 41: 13.5293%
 -- Sample 42: 14.9153%
 -- Sample 43: 15.7083%
 -- Sample 44: 7.9658%
 -- Sample 45: 3.7327%
 -- Sample 46: 2.8582%
 -- Sample 47: 3.1038%
 -- Sample 48: 3.4115%
 -- Sample 49: 3.3713%
Mean: 7.8362%, Std: 6.4194%
------------------------------------------------------------------
Evaluating Divergent:
 -- Sample 0: 44.3529%
 -- Sample 1: 44.3970%
 -- Sample 2: 44.8346%
 -- Sample 3: 44.0266%
 -- Sample 4: 46.6469%
 -- Sample 5: 43.5493%
 -- Sample 6: 44.3531%
 -- Sample 7: 46.5465%
 -- Sample 8: 49.2112%
 -- Sample 9: 50.0664%
 -- Sample 10: 49.8345%
 -- Sample 11: 48.9403%
 -- Sample 12: 43.0012%
 -- Sample 13: 43.8296%
 -- Sample 14: 43.8751%
 -- Sample 15: 44.3901%
 -- Sample 16: 39.6054%
 -- Sample 17: 39.1086%
 -- Sample 18: 39.3316%
 -- Sample 19: 40.0426%
 -- Sample 20: 48.0993%
 -- Sample 21: 49.0250%
 -- Sample 22: 48.5333%
 -- Sample 23: 48.0252%
 -- Sample 24: 47.0974%
 -- Sample 25: 46.9210%
 -- Sample 26: 48.2026%
 -- Sample 27: 46.2682%
 -- Sample 28: 50.3587%
 -- Sample 29: 51.9650%
 -- Sample 30: 50.7756%
 -- Sample 31: 50.7239%
 -- Sample 32: 36.5003%
 -- Sample 33: 37.4151%
 -- Sample 34: 37.6831%
 -- Sample 35: 36.7590%
 -- Sample 36: 43.3467%
 -- Sample 37: 43.5801%
 -- Sample 38: 45.7297%
 -- Sample 39: 45.7747%
 -- Sample 40: 46.2033%
 -- Sample 41: 45.6600%
 -- Sample 42: 46.3309%
 -- Sample 43: 47.1871%
 -- Sample 44: 42.3588%
 -- Sample 45: 42.8935%
 -- Sample 46: 41.3347%
 -- Sample 47: 41.6176%
 -- Sample 48: 46.1686%
 -- Sample 49: 46.0778%
Mean: 44.9712%, Std: 3.8322%
------------------------------------------------------------------
  Processing Batch 4 (Size: 50)...
    Evaluating Ko et al (D3)
Bias Error: using velocity magnitude
Mean: 1272.8279, Std: 4081.1538
------------------------------------------------------------------
Magnitude Error: 
 -- Sample 0: mean=32.6838%; std=33.2138
 -- Sample 1: mean=38.5635%; std=43.6581
 -- Sample 2: mean=27.6457%; std=18.4905
 -- Sample 3: mean=28.2005%; std=19.3020
 -- Sample 4: mean=26.4944%; std=19.7469
 -- Sample 5: mean=27.9342%; std=19.1988
 -- Sample 6: mean=33.3374%; std=16.4971
 -- Sample 7: mean=36.0787%; std=18.9012
 -- Sample 8: mean=35.0372%; std=18.6801
 -- Sample 9: mean=32.8421%; std=16.8021
 -- Sample 10: mean=169.8859%; std=332.0079
 -- Sample 11: mean=176.1167%; std=333.2980
 -- Sample 12: mean=157.5586%; std=297.6402
 -- Sample 13: mean=169.8444%; std=340.1460
 -- Sample 14: mean=141.2519%; std=132.3648
 -- Sample 15: mean=156.8571%; std=149.3660
 -- Sample 16: mean=155.4461%; std=158.5445
 -- Sample 17: mean=129.5640%; std=120.8638
 -- Sample 18: mean=15523.8564%; std=22202.3496
 -- Sample 19: mean=15546.3428%; std=21886.8438
 -- Sample 20: mean=17416.9980%; std=23753.9082
 -- Sample 21: mean=17138.6602%; std=24264.2324
 -- Sample 22: mean=251.5351%; std=356.1521
 -- Sample 23: mean=242.8578%; std=331.3571
 -- Sample 24: mean=249.6341%; std=413.7547
 -- Sample 25: mean=229.4666%; std=341.2449
 -- Sample 26: mean=40.3977%; std=50.0342
 -- Sample 27: mean=44.8208%; std=44.2742
 -- Sample 28: mean=42.3090%; std=45.3990
 -- Sample 29: mean=38.1956%; std=41.9145
 -- Sample 30: mean=51.0659%; std=48.5538
 -- Sample 31: mean=69.9164%; std=60.7975
 -- Sample 32: mean=64.6292%; std=54.0744
 -- Sample 33: mean=62.2710%; std=49.9547
 -- Sample 34: mean=44.6586%; std=20.6780
 -- Sample 35: mean=45.6452%; std=23.1321
 -- Sample 36: mean=47.8451%; std=22.0917
 -- Sample 37: mean=45.2402%; std=22.6366
 -- Sample 38: mean=51.0342%; std=52.9472
 -- Sample 39: mean=49.2135%; std=47.1932
 -- Sample 40: mean=47.3022%; std=37.5006
 -- Sample 41: mean=57.7888%; std=70.5871
 -- Sample 42: mean=40.6348%; std=18.3975
 -- Sample 43: mean=38.8027%; std=18.7511
 -- Sample 44: mean=39.2167%; std=19.6692
 -- Sample 45: mean=39.7161%; std=19.9843
 -- Sample 46: mean=88.3516%; std=69.9509
 -- Sample 47: mean=83.4070%; std=51.4935
 -- Sample 48: mean=86.4632%; std=62.5456
 -- Sample 49: mean=82.0690%; std=72.7029
Mean: 1389.5138%, Std: 4435.6516%
------------------------------------------------------------------
Angular error:
 -- Sample 0: mean=36.5095º; std=39.9460
 -- Sample 1: mean=36.7208º; std=39.0524
 -- Sample 2: mean=28.7827º; std=34.9175
 -- Sample 3: mean=27.3247º; std=33.9503
 -- Sample 4: mean=26.8342º; std=32.8767
 -- Sample 5: mean=28.1297º; std=34.0723
 -- Sample 6: mean=33.5708º; std=39.2267
 -- Sample 7: mean=32.7198º; std=38.0350
 -- Sample 8: mean=31.3547º; std=37.2224
 -- Sample 9: mean=33.2150º; std=39.1144
 -- Sample 10: mean=41.9146º; std=41.0255
 -- Sample 11: mean=44.2071º; std=42.6870
 -- Sample 12: mean=43.2036º; std=41.5770
 -- Sample 13: mean=42.0122º; std=40.3821
 -- Sample 14: mean=47.2251º; std=43.5184
 -- Sample 15: mean=45.9411º; std=43.9866
 -- Sample 16: mean=44.5329º; std=42.3065
 -- Sample 17: mean=45.8300º; std=43.1548
 -- Sample 18: mean=55.7620º; std=47.1349
 -- Sample 19: mean=52.9564º; std=46.3835
 -- Sample 20: mean=54.3471º; std=49.3024
 -- Sample 21: mean=56.4366º; std=49.4171
 -- Sample 22: mean=53.2876º; std=41.7931
 -- Sample 23: mean=51.5156º; std=41.2305
 -- Sample 24: mean=49.1126º; std=39.1985
 -- Sample 25: mean=51.0087º; std=40.3922
 -- Sample 26: mean=29.1291º; std=35.7356
 -- Sample 27: mean=28.3035º; std=34.4205
 -- Sample 28: mean=29.3463º; std=34.4210
 -- Sample 29: mean=29.5230º; std=35.6586
 -- Sample 30: mean=33.3737º; std=38.6880
 -- Sample 31: mean=32.1691º; std=37.4031
 -- Sample 32: mean=33.0619º; std=38.4735
 -- Sample 33: mean=32.7961º; std=38.3322
 -- Sample 34: mean=32.5356º; std=35.6108
 -- Sample 35: mean=31.6815º; std=35.1717
 -- Sample 36: mean=31.8281º; std=35.0907
 -- Sample 37: mean=32.2009º; std=34.7401
 -- Sample 38: mean=41.6179º; std=47.6768
 -- Sample 39: mean=42.2346º; std=47.5882
 -- Sample 40: mean=40.3101º; std=44.8415
 -- Sample 41: mean=40.0644º; std=44.8445
 -- Sample 42: mean=31.6362º; std=34.7373
 -- Sample 43: mean=31.0344º; std=33.5909
 -- Sample 44: mean=30.8853º; std=34.2973
 -- Sample 45: mean=31.8631º; std=34.3085
 -- Sample 46: mean=39.6930º; std=42.8914
 -- Sample 47: mean=37.4278º; std=39.9265
 -- Sample 48: mean=33.7135º; std=37.4450
 -- Sample 49: mean=33.9394º; std=37.7638
Mean: 38.0965º, Std: 8.4467º
------------------------------------------------------------------
Correlation comparison:
 -- Sample 0: 0.9076
 -- Sample 1: 0.8653
 -- Sample 2: 0.9311
 -- Sample 3: 0.9192
 -- Sample 4: 0.9312
 -- Sample 5: 0.9387
 -- Sample 6: 0.9472
 -- Sample 7: 0.9347
 -- Sample 8: 0.9366
 -- Sample 9: 0.9485
 -- Sample 10: 0.5214
 -- Sample 11: 0.5155
 -- Sample 12: 0.5037
 -- Sample 13: 0.4836
 -- Sample 14: 0.6949
 -- Sample 15: 0.6706
 -- Sample 16: 0.6545
 -- Sample 17: 0.7027
 -- Sample 18: 0.0539
 -- Sample 19: 0.0525
 -- Sample 20: 0.0555
 -- Sample 21: 0.0577
 -- Sample 22: 0.2524
 -- Sample 23: 0.2900
 -- Sample 24: 0.3397
 -- Sample 25: 0.3987
 -- Sample 26: 0.8220
 -- Sample 27: 0.8005
 -- Sample 28: 0.8346
 -- Sample 29: 0.8652
 -- Sample 30: 0.8775
 -- Sample 31: 0.8683
 -- Sample 32: 0.8726
 -- Sample 33: 0.8661
 -- Sample 34: 0.7721
 -- Sample 35: 0.7511
 -- Sample 36: 0.7569
 -- Sample 37: 0.7766
 -- Sample 38: 0.8085
 -- Sample 39: 0.8312
 -- Sample 40: 0.8583
 -- Sample 41: 0.7250
 -- Sample 42: 0.9212
 -- Sample 43: 0.9003
 -- Sample 44: 0.9114
 -- Sample 45: 0.9285
 -- Sample 46: 0.8994
 -- Sample 47: 0.9462
 -- Sample 48: 0.9170
 -- Sample 49: 0.8836
Mean=0.7180, Std=0.2659
------------------------------------------------------------------
Flux Error:
 -- Sample 0: 0.8843
 -- Sample 1: 0.5314
 -- Sample 2: 0.5188
 -- Sample 3: 0.7211
 -- Sample 4: 0.5138
 -- Sample 5: 0.6508
 -- Sample 6: 0.6680
 -- Sample 7: 0.6374
 -- Sample 8: 0.6834
 -- Sample 9: 0.6186
 -- Sample 10: 1.2710
 -- Sample 11: 1.4553
 -- Sample 12: 1.0179
 -- Sample 13: 1.3103
 -- Sample 14: 2.0083
 -- Sample 15: 1.8247
 -- Sample 16: 2.1435
 -- Sample 17: 1.5634
 -- Sample 18: 264.9830
 -- Sample 19: 271.4934
 -- Sample 20: 299.8076
 -- Sample 21: 284.6740
 -- Sample 22: 2.6953
 -- Sample 23: 2.6346
 -- Sample 24: 3.2861
 -- Sample 25: 2.6394
 -- Sample 26: 0.9440
 -- Sample 27: 0.9649
 -- Sample 28: 0.8279
 -- Sample 29: 1.0192
 -- Sample 30: 1.0222
 -- Sample 31: 1.3863
 -- Sample 32: 1.0506
 -- Sample 33: 1.2748
 -- Sample 34: 0.7246
 -- Sample 35: 0.9651
 -- Sample 36: 0.7956
 -- Sample 37: 0.9162
 -- Sample 38: 0.5081
 -- Sample 39: 0.7418
 -- Sample 40: 0.4817
 -- Sample 41: 0.7730
 -- Sample 42: 0.4335
 -- Sample 43: 0.7983
 -- Sample 44: 0.3844
 -- Sample 45: 0.7614
 -- Sample 46: 1.7148
 -- Sample 47: 1.6629
 -- Sample 48: 1.7111
 -- Sample 49: 1.7147
Mean: 23.4963, Std: 75.8062
------------------------------------------------------------------
Tortuosity Comparison:
 -- Sample 0: 6.6992%
 -- Sample 1: 4.4182%
 -- Sample 2: 7.1924%
 -- Sample 3: 8.9964%
 -- Sample 4: 8.3987%
 -- Sample 5: 6.8295%
 -- Sample 6: 10.6296%
 -- Sample 7: 7.0048%
 -- Sample 8: 4.2968%
 -- Sample 9: 9.6740%
 -- Sample 10: 0.9064%
 -- Sample 11: 0.2099%
 -- Sample 12: 6.3692%
 -- Sample 13: 2.4345%
 -- Sample 14: 0.7464%
 -- Sample 15: 2.4971%
 -- Sample 16: 0.2490%
 -- Sample 17: 2.4523%
 -- Sample 18: 45.1534%
 -- Sample 19: 45.6772%
 -- Sample 20: 46.8854%
 -- Sample 21: 45.8866%
 -- Sample 22: 9.0828%
 -- Sample 23: 11.5697%
 -- Sample 24: 2.7696%
 -- Sample 25: 8.1262%
 -- Sample 26: 1.5812%
 -- Sample 27: 2.6570%
 -- Sample 28: 3.7155%
 -- Sample 29: 1.9501%
 -- Sample 30: 1.9004%
 -- Sample 31: 4.7971%
 -- Sample 32: 1.7013%
 -- Sample 33: 3.7528%
 -- Sample 34: 12.1470%
 -- Sample 35: 12.9033%
 -- Sample 36: 9.8192%
 -- Sample 37: 11.7260%
 -- Sample 38: 6.2349%
 -- Sample 39: 1.9854%
 -- Sample 40: 2.0700%
 -- Sample 41: 5.0466%
 -- Sample 42: 7.8475%
 -- Sample 43: 2.3200%
 -- Sample 44: 1.9503%
 -- Sample 45: 4.9632%
 -- Sample 46: 4.8307%
 -- Sample 47: 0.6617%
 -- Sample 48: 3.2498%
 -- Sample 49: 5.8122%
Mean: 8.4156%, Std: 11.5598%
------------------------------------------------------------------
Evaluating Divergent:
 -- Sample 0: 46.4279%
 -- Sample 1: 46.4620%
 -- Sample 2: 38.1671%
 -- Sample 3: 38.6094%
 -- Sample 4: 38.7072%
 -- Sample 5: 39.4555%
 -- Sample 6: 38.3859%
 -- Sample 7: 39.0601%
 -- Sample 8: 38.1811%
 -- Sample 9: 37.9949%
 -- Sample 10: 49.2124%
 -- Sample 11: 49.6264%
 -- Sample 12: 48.3999%
 -- Sample 13: 48.6644%
 -- Sample 14: 49.0513%
 -- Sample 15: 47.8090%
 -- Sample 16: 48.4660%
 -- Sample 17: 48.5956%
 -- Sample 18: 51.3053%
 -- Sample 19: 51.0386%
 -- Sample 20: 50.9663%
 -- Sample 21: 50.6197%
 -- Sample 22: 52.8068%
 -- Sample 23: 53.6872%
 -- Sample 24: 54.7063%
 -- Sample 25: 53.7910%
 -- Sample 26: 38.8481%
 -- Sample 27: 39.1876%
 -- Sample 28: 39.6983%
 -- Sample 29: 39.5549%
 -- Sample 30: 46.9536%
 -- Sample 31: 47.3377%
 -- Sample 32: 46.0713%
 -- Sample 33: 45.2880%
 -- Sample 34: 42.1366%
 -- Sample 35: 42.1416%
 -- Sample 36: 41.5760%
 -- Sample 37: 41.9826%
 -- Sample 38: 40.1456%
 -- Sample 39: 39.8358%
 -- Sample 40: 40.2146%
 -- Sample 41: 41.0516%
 -- Sample 42: 42.9088%
 -- Sample 43: 43.1529%
 -- Sample 44: 41.9094%
 -- Sample 45: 42.7546%
 -- Sample 46: 49.5342%
 -- Sample 47: 48.9695%
 -- Sample 48: 47.7947%
 -- Sample 49: 48.8243%
Mean: 44.9614%, Std: 4.9964%
------------------------------------------------------------------
  Processing Batch 5 (Size: 50)...
    Evaluating Ko et al (D3)
Bias Error: using velocity magnitude
Mean: 746.8302, Std: 1581.9892
------------------------------------------------------------------
Magnitude Error: 
 -- Sample 0: mean=21.7212%; std=14.6343
 -- Sample 1: mean=20.7424%; std=14.8099
 -- Sample 2: mean=20.0444%; std=13.5754
 -- Sample 3: mean=20.5590%; std=13.4251
 -- Sample 4: mean=1109.7384%; std=1062.0956
 -- Sample 5: mean=1049.6323%; std=1043.9691
 -- Sample 6: mean=1131.2753%; std=1176.8478
 -- Sample 7: mean=1027.8038%; std=1092.9647
 -- Sample 8: mean=5678.3950%; std=5888.2808
 -- Sample 9: mean=4924.4800%; std=5375.9277
 -- Sample 10: mean=4603.5361%; std=5430.8594
 -- Sample 11: mean=5590.0942%; std=5462.9468
 -- Sample 12: mean=33.3099%; std=20.4896
 -- Sample 13: mean=32.1710%; std=21.3894
 -- Sample 14: mean=32.5049%; std=22.3749
 -- Sample 15: mean=30.2117%; std=21.6961
 -- Sample 16: mean=30.1153%; std=24.4219
 -- Sample 17: mean=27.0751%; std=23.6640
 -- Sample 18: mean=34.9450%; std=29.6831
 -- Sample 19: mean=37.0752%; std=28.1276
 -- Sample 20: mean=1720.8528%; std=1769.1936
 -- Sample 21: mean=1785.3359%; std=1813.5217
 -- Sample 22: mean=1559.2217%; std=1661.1024
 -- Sample 23: mean=1551.7827%; std=1830.6256
 -- Sample 24: mean=298.3153%; std=339.8758
 -- Sample 25: mean=286.4612%; std=340.7874
 -- Sample 26: mean=255.0399%; std=282.4518
 -- Sample 27: mean=248.7916%; std=284.2086
 -- Sample 28: mean=23.2568%; std=25.2524
 -- Sample 29: mean=24.1087%; std=20.1098
 -- Sample 30: mean=20.5221%; std=18.7798
 -- Sample 31: mean=24.7261%; std=24.7794
 -- Sample 32: mean=33.2004%; std=19.7065
 -- Sample 33: mean=39.6838%; std=21.7044
 -- Sample 34: mean=39.8265%; std=24.1736
 -- Sample 35: mean=33.4732%; std=22.8396
 -- Sample 36: mean=42.0043%; std=21.9357
 -- Sample 37: mean=41.5534%; std=22.4280
 -- Sample 38: mean=45.7107%; std=20.5916
 -- Sample 39: mean=38.5717%; std=21.3522
 -- Sample 40: mean=41.2791%; std=12.3657
 -- Sample 41: mean=44.9978%; std=16.6220
 -- Sample 42: mean=46.0473%; std=13.7801
 -- Sample 43: mean=48.9758%; std=16.0947
 -- Sample 44: mean=32.5393%; std=21.5113
 -- Sample 45: mean=36.7557%; std=21.8696
 -- Sample 46: mean=35.4500%; std=22.0984
 -- Sample 47: mean=33.2840%; std=22.0900
 -- Sample 48: mean=51.2589%; std=40.0449
 -- Sample 49: mean=44.2761%; std=34.8469
Mean: 679.6547%, Std: 1427.1476%
------------------------------------------------------------------
Angular error:
 -- Sample 0: mean=28.5241º; std=32.6194
 -- Sample 1: mean=29.2030º; std=32.8866
 -- Sample 2: mean=27.5513º; std=32.3313
 -- Sample 3: mean=26.9775º; std=30.9513
 -- Sample 4: mean=44.5813º; std=41.0992
 -- Sample 5: mean=44.7343º; std=41.6301
 -- Sample 6: mean=45.7030º; std=40.7743
 -- Sample 7: mean=44.0623º; std=39.9237
 -- Sample 8: mean=57.0235º; std=46.0761
 -- Sample 9: mean=62.6719º; std=48.7834
 -- Sample 10: mean=63.1787º; std=47.7848
 -- Sample 11: mean=59.0065º; std=46.1831
 -- Sample 12: mean=33.1973º; std=35.9093
 -- Sample 13: mean=32.2691º; std=35.4025
 -- Sample 14: mean=30.6566º; std=33.7955
 -- Sample 15: mean=32.0954º; std=35.2923
 -- Sample 16: mean=29.4581º; std=34.6839
 -- Sample 17: mean=30.0361º; std=33.8664
 -- Sample 18: mean=30.1060º; std=34.6306
 -- Sample 19: mean=29.8486º; std=35.5508
 -- Sample 20: mean=65.2722º; std=44.3476
 -- Sample 21: mean=56.1125º; std=44.7239
 -- Sample 22: mean=60.5143º; std=47.8093
 -- Sample 23: mean=66.3431º; std=45.6374
 -- Sample 24: mean=34.9739º; std=36.4795
 -- Sample 25: mean=38.2885º; std=38.4875
 -- Sample 26: mean=39.0902º; std=38.9149
 -- Sample 27: mean=35.5340º; std=37.0853
 -- Sample 28: mean=38.3893º; std=41.5252
 -- Sample 29: mean=38.0121º; std=40.6537
 -- Sample 30: mean=38.9488º; std=42.5455
 -- Sample 31: mean=40.6396º; std=43.6434
 -- Sample 32: mean=36.0408º; std=39.5029
 -- Sample 33: mean=38.4455º; std=40.4951
 -- Sample 34: mean=37.9831º; std=40.4362
 -- Sample 35: mean=36.6167º; std=39.1087
 -- Sample 36: mean=39.9364º; std=37.3026
 -- Sample 37: mean=41.0254º; std=37.9244
 -- Sample 38: mean=39.4370º; std=37.2279
 -- Sample 39: mean=37.6768º; std=37.0641
 -- Sample 40: mean=33.0793º; std=41.3592
 -- Sample 41: mean=32.0559º; std=40.2633
 -- Sample 42: mean=31.6249º; std=40.4897
 -- Sample 43: mean=32.5592º; std=41.4472
 -- Sample 44: mean=33.7319º; std=36.8701
 -- Sample 45: mean=34.8362º; std=38.5042
 -- Sample 46: mean=33.8394º; std=37.5714
 -- Sample 47: mean=32.7116º; std=34.7795
 -- Sample 48: mean=38.5081º; std=39.2146
 -- Sample 49: mean=39.5620º; std=40.0161
Mean: 39.6535º, Std: 10.5216º
------------------------------------------------------------------
Correlation comparison:
 -- Sample 0: 0.9744
 -- Sample 1: 0.9783
 -- Sample 2: 0.9684
 -- Sample 3: 0.9721
 -- Sample 4: 0.2057
 -- Sample 5: 0.1975
 -- Sample 6: 0.1856
 -- Sample 7: 0.1828
 -- Sample 8: 0.2915
 -- Sample 9: 0.2896
 -- Sample 10: 0.2793
 -- Sample 11: 0.2806
 -- Sample 12: 0.9143
 -- Sample 13: 0.9137
 -- Sample 14: 0.9139
 -- Sample 15: 0.9216
 -- Sample 16: 0.9181
 -- Sample 17: 0.9008
 -- Sample 18: 0.9085
 -- Sample 19: 0.9089
 -- Sample 20: 0.1182
 -- Sample 21: 0.0665
 -- Sample 22: 0.0559
 -- Sample 23: 0.1059
 -- Sample 24: 0.4390
 -- Sample 25: 0.4503
 -- Sample 26: 0.4837
 -- Sample 27: 0.4657
 -- Sample 28: 0.9670
 -- Sample 29: 0.9674
 -- Sample 30: 0.9796
 -- Sample 31: 0.9748
 -- Sample 32: 0.9410
 -- Sample 33: 0.9161
 -- Sample 34: 0.9004
 -- Sample 35: 0.9256
 -- Sample 36: 0.8682
 -- Sample 37: 0.8982
 -- Sample 38: 0.9006
 -- Sample 39: 0.9165
 -- Sample 40: 0.9720
 -- Sample 41: 0.9364
 -- Sample 42: 0.9542
 -- Sample 43: 0.9309
 -- Sample 44: 0.9004
 -- Sample 45: 0.8967
 -- Sample 46: 0.8923
 -- Sample 47: 0.9141
 -- Sample 48: 0.6379
 -- Sample 49: 0.7452
Mean=0.7045, Std=0.3218
------------------------------------------------------------------
Flux Error:
 -- Sample 0: 0.8366
 -- Sample 1: 0.7538
 -- Sample 2: 0.8544
 -- Sample 3: 0.7568
 -- Sample 4: 9.3611
 -- Sample 5: 9.3540
 -- Sample 6: 10.3532
 -- Sample 7: 8.7935
 -- Sample 8: 75.6969
 -- Sample 9: 65.2580
 -- Sample 10: 58.1927
 -- Sample 11: 69.6555
 -- Sample 12: 0.7371
 -- Sample 13: 0.5096
 -- Sample 14: 0.7614
 -- Sample 15: 0.4956
 -- Sample 16: 0.7543
 -- Sample 17: 0.5607
 -- Sample 18: 0.8753
 -- Sample 19: 0.7263
 -- Sample 20: 17.2481
 -- Sample 21: 20.0348
 -- Sample 22: 20.5543
 -- Sample 23: 20.1121
 -- Sample 24: 3.7150
 -- Sample 25: 3.8676
 -- Sample 26: 3.1347
 -- Sample 27: 3.4419
 -- Sample 28: 0.5428
 -- Sample 29: 0.9361
 -- Sample 30: 0.5661
 -- Sample 31: 1.0097
 -- Sample 32: 0.6986
 -- Sample 33: 0.5174
 -- Sample 34: 0.7325
 -- Sample 35: 0.6048
 -- Sample 36: 0.3584
 -- Sample 37: 0.5336
 -- Sample 38: 0.4158
 -- Sample 39: 0.5630
 -- Sample 40: 0.4934
 -- Sample 41: 0.9730
 -- Sample 42: 0.5137
 -- Sample 43: 0.9236
 -- Sample 44: 0.6890
 -- Sample 45: 0.5852
 -- Sample 46: 0.6214
 -- Sample 47: 0.5931
 -- Sample 48: 0.9066
 -- Sample 49: 0.8311
Mean: 8.4401, Std: 18.2307
------------------------------------------------------------------
Tortuosity Comparison:
 -- Sample 0: 5.1180%
 -- Sample 1: 5.3046%
 -- Sample 2: 2.7874%
 -- Sample 3: 3.6985%
 -- Sample 4: 7.0572%
 -- Sample 5: 8.5487%
 -- Sample 6: 12.9757%
 -- Sample 7: 5.7383%
 -- Sample 8: 18.7817%
 -- Sample 9: 14.6307%
 -- Sample 10: 10.0541%
 -- Sample 11: 18.2862%
 -- Sample 12: 7.3346%
 -- Sample 13: 5.8515%
 -- Sample 14: 5.2557%
 -- Sample 15: 6.3305%
 -- Sample 16: 2.6811%
 -- Sample 17: 6.1398%
 -- Sample 18: 2.4072%
 -- Sample 19: 0.3568%
 -- Sample 20: 48.7787%
 -- Sample 21: 31.8029%
 -- Sample 22: 20.8479%
 -- Sample 23: 19.4244%
 -- Sample 24: 22.4275%
 -- Sample 25: 21.1922%
 -- Sample 26: 18.5025%
 -- Sample 27: 19.3622%
 -- Sample 28: 17.9298%
 -- Sample 29: 17.0702%
 -- Sample 30: 10.2068%
 -- Sample 31: 12.3078%
 -- Sample 32: 14.7574%
 -- Sample 33: 16.4884%
 -- Sample 34: 13.6100%
 -- Sample 35: 10.9644%
 -- Sample 36: 18.9303%
 -- Sample 37: 17.5184%
 -- Sample 38: 12.2958%
 -- Sample 39: 9.5929%
 -- Sample 40: 0.1460%
 -- Sample 41: 1.6823%
 -- Sample 42: 4.6254%
 -- Sample 43: 6.8726%
 -- Sample 44: 0.6330%
 -- Sample 45: 0.3669%
 -- Sample 46: 1.9338%
 -- Sample 47: 3.0285%
 -- Sample 48: 10.3368%
 -- Sample 49: 7.0149%
Mean: 11.1998%, Std: 8.9690%
------------------------------------------------------------------
Evaluating Divergent:
 -- Sample 0: 40.6760%
 -- Sample 1: 40.4879%
 -- Sample 2: 41.2873%
 -- Sample 3: 42.0343%
 -- Sample 4: 46.9039%
 -- Sample 5: 46.8844%
 -- Sample 6: 47.7165%
 -- Sample 7: 47.4518%
 -- Sample 8: 56.0131%
 -- Sample 9: 55.6355%
 -- Sample 10: 56.2756%
 -- Sample 11: 55.7475%
 -- Sample 12: 45.8711%
 -- Sample 13: 45.2206%
 -- Sample 14: 45.1033%
 -- Sample 15: 45.5664%
 -- Sample 16: 43.9220%
 -- Sample 17: 44.9732%
 -- Sample 18: 44.4120%
 -- Sample 19: 45.0787%
 -- Sample 20: 58.0486%
 -- Sample 21: 58.7753%
 -- Sample 22: 59.3899%
 -- Sample 23: 59.2138%
 -- Sample 24: 47.2879%
 -- Sample 25: 48.2865%
 -- Sample 26: 48.6664%
 -- Sample 27: 48.8612%
 -- Sample 28: 43.7987%
 -- Sample 29: 43.9085%
 -- Sample 30: 43.4127%
 -- Sample 31: 44.5229%
 -- Sample 32: 44.7757%
 -- Sample 33: 45.8317%
 -- Sample 34: 46.1401%
 -- Sample 35: 45.5602%
 -- Sample 36: 51.1968%
 -- Sample 37: 50.9203%
 -- Sample 38: 50.0071%
 -- Sample 39: 49.9301%
 -- Sample 40: 44.5508%
 -- Sample 41: 44.3307%
 -- Sample 42: 44.4685%
 -- Sample 43: 44.6116%
 -- Sample 44: 41.9377%
 -- Sample 45: 42.1355%
 -- Sample 46: 42.6594%
 -- Sample 47: 43.1379%
 -- Sample 48: 47.7712%
 -- Sample 49: 47.2024%
Mean: 47.3720%, Std: 5.0295%
------------------------------------------------------------------
  Processing Batch 6 (Size: 26)...
    Evaluating Ko et al (D3)
Bias Error: using velocity magnitude
Mean: 125.7664, Std: 131.1806
------------------------------------------------------------------
Magnitude Error: 
 -- Sample 0: mean=44.5047%; std=32.9802
 -- Sample 1: mean=48.2110%; std=32.3189
 -- Sample 2: mean=37.0459%; std=14.0677
 -- Sample 3: mean=32.1871%; std=13.8920
 -- Sample 4: mean=31.1861%; std=13.6600
 -- Sample 5: mean=34.7118%; std=14.7902
 -- Sample 6: mean=43.7571%; std=20.8588
 -- Sample 7: mean=43.6165%; std=23.2622
 -- Sample 8: mean=39.9224%; std=19.8370
 -- Sample 9: mean=38.3578%; std=18.5098
 -- Sample 10: mean=239.1724%; std=306.2523
 -- Sample 11: mean=247.0368%; std=330.8646
 -- Sample 12: mean=220.7104%; std=270.6977
 -- Sample 13: mean=217.6955%; std=265.1487
 -- Sample 14: mean=23.2492%; std=14.7610
 -- Sample 15: mean=24.7355%; std=15.0816
 -- Sample 16: mean=25.1478%; std=13.8092
 -- Sample 17: mean=22.9877%; std=12.7534
 -- Sample 18: mean=438.8643%; std=337.3022
 -- Sample 19: mean=474.0118%; std=345.9045
 -- Sample 20: mean=433.6259%; std=345.0820
 -- Sample 21: mean=444.0751%; std=343.6300
 -- Sample 22: mean=259.5871%; std=233.4583
 -- Sample 23: mean=239.5452%; std=216.7274
 -- Sample 24: mean=265.8439%; std=219.1820
 -- Sample 25: mean=274.3116%; std=239.4446
Mean: 163.2346%, Std: 153.5287%
------------------------------------------------------------------
Angular error:
 -- Sample 0: mean=39.0876º; std=39.9800
 -- Sample 1: mean=37.8652º; std=38.4253
 -- Sample 2: mean=23.2057º; std=29.5995
 -- Sample 3: mean=22.6780º; std=29.9523
 -- Sample 4: mean=23.3727º; std=30.3069
 -- Sample 5: mean=23.1778º; std=30.3214
 -- Sample 6: mean=36.6358º; std=42.1491
 -- Sample 7: mean=35.9329º; std=41.6684
 -- Sample 8: mean=35.5217º; std=41.5718
 -- Sample 9: mean=35.1070º; std=41.3547
 -- Sample 10: mean=37.3775º; std=37.8641
 -- Sample 11: mean=38.7634º; std=37.9071
 -- Sample 12: mean=36.6773º; std=36.9976
 -- Sample 13: mean=36.5769º; std=36.8691
 -- Sample 14: mean=40.5537º; std=45.0665
 -- Sample 15: mean=40.7544º; std=44.6479
 -- Sample 16: mean=41.5995º; std=43.9203
 -- Sample 17: mean=40.3869º; std=43.7457
 -- Sample 18: mean=41.7089º; std=40.2279
 -- Sample 19: mean=42.2364º; std=41.7169
 -- Sample 20: mean=41.7087º; std=40.9241
 -- Sample 21: mean=43.2931º; std=41.5414
 -- Sample 22: mean=33.1293º; std=38.1185
 -- Sample 23: mean=33.6071º; std=37.7027
 -- Sample 24: mean=34.2264º; std=36.8490
 -- Sample 25: mean=33.5652º; std=37.3858
Mean: 35.7211º, Std: 6.0828º
------------------------------------------------------------------
Correlation comparison:
 -- Sample 0: 0.6764
 -- Sample 1: 0.6731
 -- Sample 2: 0.9580
 -- Sample 3: 0.9633
 -- Sample 4: 0.9695
 -- Sample 5: 0.9600
 -- Sample 6: 0.9112
 -- Sample 7: 0.9412
 -- Sample 8: 0.9421
 -- Sample 9: 0.9368
 -- Sample 10: 0.4715
 -- Sample 11: 0.4447
 -- Sample 12: 0.4719
 -- Sample 13: 0.4787
 -- Sample 14: 0.9642
 -- Sample 15: 0.9591
 -- Sample 16: 0.9666
 -- Sample 17: 0.9710
 -- Sample 18: 0.5200
 -- Sample 19: 0.5177
 -- Sample 20: 0.5249
 -- Sample 21: 0.5280
 -- Sample 22: 0.4379
 -- Sample 23: 0.4374
 -- Sample 24: 0.3968
 -- Sample 25: 0.4290
Mean=0.7096, Std=0.2338
------------------------------------------------------------------
Flux Error:
 -- Sample 0: 0.9688
 -- Sample 1: 0.9096
 -- Sample 2: 0.4799
 -- Sample 3: 0.6571
 -- Sample 4: 0.4586
 -- Sample 5: 0.6678
 -- Sample 6: 1.4629
 -- Sample 7: 1.2960
 -- Sample 8: 1.4710
 -- Sample 9: 1.2106
 -- Sample 10: 2.4664
 -- Sample 11: 2.2823
 -- Sample 12: 2.1942
 -- Sample 13: 1.8581
 -- Sample 14: 1.0088
 -- Sample 15: 1.1756
 -- Sample 16: 1.0018
 -- Sample 17: 1.1703
 -- Sample 18: 4.9308
 -- Sample 19: 5.3306
 -- Sample 20: 4.9308
 -- Sample 21: 5.0123
 -- Sample 22: 2.1800
 -- Sample 23: 1.9645
 -- Sample 24: 2.4341
 -- Sample 25: 2.1640
Mean: 1.9880, Std: 1.4344
------------------------------------------------------------------
Tortuosity Comparison:
 -- Sample 0: 6.8576%
 -- Sample 1: 8.4986%
 -- Sample 2: 3.3164%
 -- Sample 3: 0.4707%
 -- Sample 4: 0.8703%
 -- Sample 5: 1.1013%
 -- Sample 6: 2.4718%
 -- Sample 7: 2.1822%
 -- Sample 8: 0.0412%
 -- Sample 9: 3.4038%
 -- Sample 10: 4.8711%
 -- Sample 11: 5.2380%
 -- Sample 12: 1.2241%
 -- Sample 13: 4.6708%
 -- Sample 14: 2.9859%
 -- Sample 15: 3.3429%
 -- Sample 16: 2.4135%
 -- Sample 17: 1.6499%
 -- Sample 18: 10.8801%
 -- Sample 19: 11.5929%
 -- Sample 20: 11.4614%
 -- Sample 21: 10.8221%
 -- Sample 22: 6.0034%
 -- Sample 23: 11.4031%
 -- Sample 24: 13.8321%
 -- Sample 25: 9.0945%
Mean: 5.4115%, Std: 4.1043%
------------------------------------------------------------------
Evaluating Divergent:
 -- Sample 0: 46.7056%
 -- Sample 1: 46.7701%
 -- Sample 2: 36.4776%
 -- Sample 3: 36.2284%
 -- Sample 4: 36.7174%
 -- Sample 5: 35.9257%
 -- Sample 6: 42.8670%
 -- Sample 7: 42.7216%
 -- Sample 8: 41.7144%
 -- Sample 9: 42.7549%
 -- Sample 10: 46.2713%
 -- Sample 11: 47.6235%
 -- Sample 12: 45.7302%
 -- Sample 13: 45.7337%
 -- Sample 14: 45.1825%
 -- Sample 15: 45.3777%
 -- Sample 16: 44.9744%
 -- Sample 17: 46.1900%
 -- Sample 18: 51.3686%
 -- Sample 19: 50.1213%
 -- Sample 20: 49.8255%
 -- Sample 21: 51.2691%
 -- Sample 22: 41.7151%
 -- Sample 23: 42.3018%
 -- Sample 24: 42.9464%
 -- Sample 25: 42.2253%
Mean: 44.1438%, Std: 4.3128%
------------------------------------------------------------------

Processing Dataset: Castle Gate
Considering 284 samples from ../NN_Datasets_Grad_Dist_40_5_55/Test_Oliveira_CastleGate_SAug_DNorm.h5.
  Processing Batch 1 (Size: 50)...
    Evaluating Ko et al (D3)
Bias Error: using velocity magnitude
Mean: 45.0541, Std: 58.1892
------------------------------------------------------------------
Magnitude Error: 
 -- Sample 0: mean=48.5938%; std=53.1202
 -- Sample 1: mean=47.9186%; std=53.7091
 -- Sample 2: mean=45.3648%; std=48.6418
 -- Sample 3: mean=43.8016%; std=49.6695
 -- Sample 4: mean=45.9281%; std=32.2366
 -- Sample 5: mean=41.0587%; std=25.6891
 -- Sample 6: mean=36.8601%; std=27.8931
 -- Sample 7: mean=41.8768%; std=31.9779
 -- Sample 8: mean=37.6610%; std=29.7465
 -- Sample 9: mean=42.9216%; std=32.7794
 -- Sample 10: mean=43.6945%; std=36.8062
 -- Sample 11: mean=38.1562%; std=29.9269
 -- Sample 12: mean=62.6403%; std=60.0983
 -- Sample 13: mean=67.9213%; std=70.1679
 -- Sample 14: mean=67.5784%; std=65.0271
 -- Sample 15: mean=64.3202%; std=55.8752
 -- Sample 16: mean=42.2614%; std=27.3135
 -- Sample 17: mean=36.9015%; std=27.1503
 -- Sample 18: mean=38.5692%; std=25.7443
 -- Sample 19: mean=40.2962%; std=25.5792
 -- Sample 20: mean=269.9915%; std=276.9205
 -- Sample 21: mean=241.2688%; std=225.9706
 -- Sample 22: mean=226.2509%; std=212.1953
 -- Sample 23: mean=227.8310%; std=231.6989
 -- Sample 24: mean=26.5449%; std=16.8163
 -- Sample 25: mean=27.2574%; std=16.7177
 -- Sample 26: mean=23.5379%; std=14.6860
 -- Sample 27: mean=27.4601%; std=14.4928
 -- Sample 28: mean=22.7583%; std=17.1059
 -- Sample 29: mean=25.3419%; std=18.0211
 -- Sample 30: mean=23.3410%; std=16.1608
 -- Sample 31: mean=23.6636%; std=15.7947
 -- Sample 32: mean=35.6816%; std=30.4814
 -- Sample 33: mean=40.4687%; std=30.3511
 -- Sample 34: mean=39.6927%; std=33.3498
 -- Sample 35: mean=36.9233%; std=31.5846
 -- Sample 36: mean=100.7701%; std=129.2932
 -- Sample 37: mean=97.1735%; std=123.6809
 -- Sample 38: mean=105.0153%; std=133.6264
 -- Sample 39: mean=97.0163%; std=120.2069
 -- Sample 40: mean=33.5660%; std=17.2421
 -- Sample 41: mean=39.3626%; std=18.3946
 -- Sample 42: mean=40.3520%; std=17.2682
 -- Sample 43: mean=36.1020%; std=17.1204
 -- Sample 44: mean=53.0696%; std=16.1414
 -- Sample 45: mean=53.7323%; std=13.7597
 -- Sample 46: mean=54.5463%; std=13.2321
 -- Sample 47: mean=52.0621%; std=15.9835
 -- Sample 48: mean=76.4902%; std=94.4332
 -- Sample 49: mean=81.7666%; std=101.9858
Mean: 63.4673%, Std: 56.3750%
------------------------------------------------------------------
Angular error:
 -- Sample 0: mean=37.5564º; std=40.6163
 -- Sample 1: mean=35.4984º; std=39.1782
 -- Sample 2: mean=35.2258º; std=38.5848
 -- Sample 3: mean=37.2655º; std=40.3936
 -- Sample 4: mean=33.9447º; std=35.8507
 -- Sample 5: mean=34.8965º; std=37.3104
 -- Sample 6: mean=33.9045º; std=36.5709
 -- Sample 7: mean=32.9866º; std=35.5634
 -- Sample 8: mean=25.9147º; std=33.5605
 -- Sample 9: mean=26.7208º; std=33.3860
 -- Sample 10: mean=24.5639º; std=32.4441
 -- Sample 11: mean=24.9870º; std=32.2567
 -- Sample 12: mean=35.8221º; std=34.8364
 -- Sample 13: mean=36.2495º; std=36.0225
 -- Sample 14: mean=36.6908º; std=35.1728
 -- Sample 15: mean=36.3924º; std=34.0724
 -- Sample 16: mean=38.7162º; std=38.0222
 -- Sample 17: mean=37.4642º; std=37.1783
 -- Sample 18: mean=36.7835º; std=36.8784
 -- Sample 19: mean=38.1090º; std=37.6199
 -- Sample 20: mean=45.5388º; std=43.0118
 -- Sample 21: mean=46.9828º; std=43.4047
 -- Sample 22: mean=45.8030º; std=42.6172
 -- Sample 23: mean=43.7458º; std=40.9836
 -- Sample 24: mean=34.5763º; std=42.9266
 -- Sample 25: mean=33.8311º; std=42.1221
 -- Sample 26: mean=34.1043º; std=42.2695
 -- Sample 27: mean=35.0654º; std=43.2162
 -- Sample 28: mean=25.5370º; std=30.9878
 -- Sample 29: mean=26.6522º; std=31.1344
 -- Sample 30: mean=26.9180º; std=31.4069
 -- Sample 31: mean=25.5087º; std=30.4018
 -- Sample 32: mean=29.7928º; std=32.3162
 -- Sample 33: mean=30.2948º; std=32.7024
 -- Sample 34: mean=28.8791º; std=31.6717
 -- Sample 35: mean=29.2776º; std=32.1331
 -- Sample 36: mean=36.7477º; std=35.4495
 -- Sample 37: mean=37.6335º; std=35.0797
 -- Sample 38: mean=38.2754º; std=34.8456
 -- Sample 39: mean=38.5029º; std=35.5991
 -- Sample 40: mean=33.3466º; std=37.6768
 -- Sample 41: mean=32.7993º; std=37.0300
 -- Sample 42: mean=30.3799º; std=34.9715
 -- Sample 43: mean=31.6376º; std=35.3685
 -- Sample 44: mean=26.2227º; std=29.6362
 -- Sample 45: mean=26.3439º; std=30.9966
 -- Sample 46: mean=27.1654º; std=32.1788
 -- Sample 47: mean=27.1411º; std=31.3409
 -- Sample 48: mean=28.4725º; std=32.4029
 -- Sample 49: mean=29.5601º; std=32.3430
Mean: 33.3286º, Std: 5.6276º
------------------------------------------------------------------
Correlation comparison:
 -- Sample 0: 0.8633
 -- Sample 1: 0.8694
 -- Sample 2: 0.8698
 -- Sample 3: 0.8789
 -- Sample 4: 0.8467
 -- Sample 5: 0.8695
 -- Sample 6: 0.8674
 -- Sample 7: 0.8625
 -- Sample 8: 0.8695
 -- Sample 9: 0.8610
 -- Sample 10: 0.8716
 -- Sample 11: 0.8937
 -- Sample 12: 0.7124
 -- Sample 13: 0.7064
 -- Sample 14: 0.7134
 -- Sample 15: 0.7204
 -- Sample 16: 0.7971
 -- Sample 17: 0.8069
 -- Sample 18: 0.7874
 -- Sample 19: 0.7839
 -- Sample 20: 0.5582
 -- Sample 21: 0.6099
 -- Sample 22: 0.6291
 -- Sample 23: 0.5939
 -- Sample 24: 0.9434
 -- Sample 25: 0.9510
 -- Sample 26: 0.9602
 -- Sample 27: 0.9494
 -- Sample 28: 0.9406
 -- Sample 29: 0.9336
 -- Sample 30: 0.9454
 -- Sample 31: 0.9409
 -- Sample 32: 0.8232
 -- Sample 33: 0.8002
 -- Sample 34: 0.8060
 -- Sample 35: 0.8174
 -- Sample 36: 0.8174
 -- Sample 37: 0.8020
 -- Sample 38: 0.7767
 -- Sample 39: 0.8287
 -- Sample 40: 0.9600
 -- Sample 41: 0.9413
 -- Sample 42: 0.9482
 -- Sample 43: 0.9596
 -- Sample 44: 0.9343
 -- Sample 45: 0.9427
 -- Sample 46: 0.9462
 -- Sample 47: 0.9378
 -- Sample 48: 0.8513
 -- Sample 49: 0.8275
Mean=0.8425, Std=0.1012
------------------------------------------------------------------
Flux Error:
 -- Sample 0: 0.9021
 -- Sample 1: 0.9973
 -- Sample 2: 0.8792
 -- Sample 3: 0.9663
 -- Sample 4: 0.9847
 -- Sample 5: 1.0586
 -- Sample 6: 0.9781
 -- Sample 7: 1.0961
 -- Sample 8: 0.6794
 -- Sample 9: 0.8329
 -- Sample 10: 0.7437
 -- Sample 11: 0.7731
 -- Sample 12: 0.9455
 -- Sample 13: 0.9590
 -- Sample 14: 0.9888
 -- Sample 15: 0.9020
 -- Sample 16: 0.3728
 -- Sample 17: 0.4609
 -- Sample 18: 0.3898
 -- Sample 19: 0.4907
 -- Sample 20: 2.5831
 -- Sample 21: 2.0797
 -- Sample 22: 2.0116
 -- Sample 23: 2.3606
 -- Sample 24: 0.6325
 -- Sample 25: 0.3848
 -- Sample 26: 0.6316
 -- Sample 27: 0.3923
 -- Sample 28: 0.4729
 -- Sample 29: 0.3952
 -- Sample 30: 0.4670
 -- Sample 31: 0.3252
 -- Sample 32: 0.3214
 -- Sample 33: 0.5476
 -- Sample 34: 0.3632
 -- Sample 35: 0.5138
 -- Sample 36: 1.0444
 -- Sample 37: 0.9786
 -- Sample 38: 0.9873
 -- Sample 39: 0.9711
 -- Sample 40: 0.4795
 -- Sample 41: 0.5410
 -- Sample 42: 0.4604
 -- Sample 43: 0.5143
 -- Sample 44: 0.6000
 -- Sample 45: 0.6186
 -- Sample 46: 0.6016
 -- Sample 47: 0.6103
 -- Sample 48: 0.9583
 -- Sample 49: 0.7534
Mean: 0.8201, Std: 0.4887
------------------------------------------------------------------
Tortuosity Comparison:
 -- Sample 0: 0.4315%
 -- Sample 1: 2.4001%
 -- Sample 2: 5.9202%
 -- Sample 3: 2.0450%
 -- Sample 4: 3.0540%
 -- Sample 5: 2.0924%
 -- Sample 6: 3.2145%
 -- Sample 7: 1.8234%
 -- Sample 8: 2.7875%
 -- Sample 9: 4.1405%
 -- Sample 10: 3.3848%
 -- Sample 11: 2.2701%
 -- Sample 12: 4.9251%
 -- Sample 13: 6.3906%
 -- Sample 14: 4.2391%
 -- Sample 15: 3.8528%
 -- Sample 16: 4.6088%
 -- Sample 17: 3.3602%
 -- Sample 18: 1.7729%
 -- Sample 19: 9.5732%
 -- Sample 20: 1.8599%
 -- Sample 21: 8.5936%
 -- Sample 22: 5.0617%
 -- Sample 23: 0.6195%
 -- Sample 24: 2.9963%
 -- Sample 25: 5.6480%
 -- Sample 26: 0.5346%
 -- Sample 27: 1.2914%
 -- Sample 28: 4.5576%
 -- Sample 29: 2.4189%
 -- Sample 30: 2.2421%
 -- Sample 31: 3.2280%
 -- Sample 32: 12.8136%
 -- Sample 33: 15.8626%
 -- Sample 34: 14.1383%
 -- Sample 35: 14.8829%
 -- Sample 36: 1.8604%
 -- Sample 37: 9.6204%
 -- Sample 38: 11.3095%
 -- Sample 39: 7.3745%
 -- Sample 40: 15.4352%
 -- Sample 41: 15.0408%
 -- Sample 42: 13.7443%
 -- Sample 43: 19.0377%
 -- Sample 44: 19.1586%
 -- Sample 45: 15.8764%
 -- Sample 46: 14.5321%
 -- Sample 47: 15.8195%
 -- Sample 48: 6.7876%
 -- Sample 49: 4.4521%
Mean: 6.7817%, Std: 5.4876%
------------------------------------------------------------------
Evaluating Divergent:
 -- Sample 0: 39.0600%
 -- Sample 1: 39.3700%
 -- Sample 2: 38.9163%
 -- Sample 3: 38.4903%
 -- Sample 4: 43.9615%
 -- Sample 5: 43.1488%
 -- Sample 6: 43.5491%
 -- Sample 7: 43.4198%
 -- Sample 8: 37.7883%
 -- Sample 9: 38.3072%
 -- Sample 10: 37.8244%
 -- Sample 11: 38.0375%
 -- Sample 12: 46.1844%
 -- Sample 13: 45.5341%
 -- Sample 14: 47.2683%
 -- Sample 15: 48.5857%
 -- Sample 16: 47.9269%
 -- Sample 17: 48.1305%
 -- Sample 18: 48.0272%
 -- Sample 19: 49.1507%
 -- Sample 20: 46.9657%
 -- Sample 21: 46.8588%
 -- Sample 22: 46.9222%
 -- Sample 23: 47.5276%
 -- Sample 24: 40.2711%
 -- Sample 25: 40.2511%
 -- Sample 26: 40.5659%
 -- Sample 27: 40.1474%
 -- Sample 28: 37.7370%
 -- Sample 29: 38.5590%
 -- Sample 30: 38.7996%
 -- Sample 31: 38.8869%
 -- Sample 32: 41.8438%
 -- Sample 33: 42.5431%
 -- Sample 34: 42.2087%
 -- Sample 35: 42.1462%
 -- Sample 36: 48.5104%
 -- Sample 37: 48.2582%
 -- Sample 38: 47.9767%
 -- Sample 39: 48.8807%
 -- Sample 40: 40.0938%
 -- Sample 41: 40.8118%
 -- Sample 42: 39.5370%
 -- Sample 43: 40.2199%
 -- Sample 44: 39.9293%
 -- Sample 45: 38.9272%
 -- Sample 46: 39.0966%
 -- Sample 47: 39.6218%
 -- Sample 48: 44.6756%
 -- Sample 49: 45.1649%
Mean: 42.7324%, Std: 3.8334%
------------------------------------------------------------------
  Processing Batch 2 (Size: 50)...
    Evaluating Ko et al (D3)
Bias Error: using velocity magnitude
Mean: 61.6162, Std: 86.7056
------------------------------------------------------------------
Magnitude Error: 
 -- Sample 0: mean=77.0701%; std=94.7299
 -- Sample 1: mean=77.2541%; std=87.4590
 -- Sample 2: mean=43.5080%; std=46.8373
 -- Sample 3: mean=49.1922%; std=49.2037
 -- Sample 4: mean=49.7992%; std=53.4408
 -- Sample 5: mean=46.5400%; std=53.7675
 -- Sample 6: mean=56.1088%; std=31.5189
 -- Sample 7: mean=52.5755%; std=26.3022
 -- Sample 8: mean=55.1527%; std=22.7889
 -- Sample 9: mean=61.1423%; std=28.5893
 -- Sample 10: mean=34.4625%; std=18.9881
 -- Sample 11: mean=35.5546%; std=22.9545
 -- Sample 12: mean=35.2675%; std=20.6684
 -- Sample 13: mean=36.9992%; std=23.2827
 -- Sample 14: mean=36.1984%; std=19.7887
 -- Sample 15: mean=32.2902%; std=18.8197
 -- Sample 16: mean=36.1260%; std=18.7006
 -- Sample 17: mean=34.0868%; std=17.8927
 -- Sample 18: mean=331.1255%; std=354.7009
 -- Sample 19: mean=355.6624%; std=334.6364
 -- Sample 20: mean=350.6423%; std=338.3952
 -- Sample 21: mean=310.1600%; std=322.8355
 -- Sample 22: mean=34.3015%; std=25.0746
 -- Sample 23: mean=32.9123%; std=24.0352
 -- Sample 24: mean=32.0409%; std=24.0153
 -- Sample 25: mean=31.8222%; std=22.0966
 -- Sample 26: mean=47.9034%; std=36.2252
 -- Sample 27: mean=47.6319%; std=31.0303
 -- Sample 28: mean=50.7764%; std=34.8923
 -- Sample 29: mean=49.1095%; std=34.2419
 -- Sample 30: mean=239.6392%; std=335.1067
 -- Sample 31: mean=227.3810%; std=332.6220
 -- Sample 32: mean=255.5905%; std=342.1689
 -- Sample 33: mean=259.0036%; std=347.5056
 -- Sample 34: mean=27.9342%; std=14.8879
 -- Sample 35: mean=27.9693%; std=13.9997
 -- Sample 36: mean=27.5834%; std=13.7245
 -- Sample 37: mean=30.5832%; std=12.9574
 -- Sample 38: mean=32.0919%; std=19.1430
 -- Sample 39: mean=33.0417%; std=16.9984
 -- Sample 40: mean=32.2971%; std=17.5306
 -- Sample 41: mean=32.3650%; std=18.2253
 -- Sample 42: mean=126.9188%; std=149.9053
 -- Sample 43: mean=113.6844%; std=143.6610
 -- Sample 44: mean=106.9605%; std=128.3038
 -- Sample 45: mean=113.7359%; std=131.5737
 -- Sample 46: mean=34.7504%; std=30.0058
 -- Sample 47: mean=33.2207%; std=26.3598
 -- Sample 48: mean=31.3781%; std=26.3519
 -- Sample 49: mean=35.5620%; std=31.3529
Mean: 86.9021%, Std: 94.0176%
------------------------------------------------------------------
Angular error:
 -- Sample 0: mean=28.7890º; std=32.1621
 -- Sample 1: mean=27.9917º; std=32.8746
 -- Sample 2: mean=32.5110º; std=35.3854
 -- Sample 3: mean=32.1941º; std=34.5349
 -- Sample 4: mean=30.0515º; std=34.0844
 -- Sample 5: mean=31.2811º; std=34.8715
 -- Sample 6: mean=42.9300º; std=41.8348
 -- Sample 7: mean=42.8409º; std=41.9286
 -- Sample 8: mean=43.0042º; std=41.6553
 -- Sample 9: mean=43.3412º; std=41.8118
 -- Sample 10: mean=23.6196º; std=30.0614
 -- Sample 11: mean=23.6230º; std=28.6408
 -- Sample 12: mean=25.1512º; std=29.0097
 -- Sample 13: mean=25.2838º; std=30.4803
 -- Sample 14: mean=33.2925º; std=38.7005
 -- Sample 15: mean=32.2160º; std=40.5621
 -- Sample 16: mean=32.9476º; std=41.3247
 -- Sample 17: mean=32.6537º; std=38.5295
 -- Sample 18: mean=40.9523º; std=37.9225
 -- Sample 19: mean=40.4570º; std=38.5036
 -- Sample 20: mean=39.3830º; std=37.9761
 -- Sample 21: mean=40.1006º; std=37.6102
 -- Sample 22: mean=29.5643º; std=34.4054
 -- Sample 23: mean=29.4259º; std=34.1318
 -- Sample 24: mean=30.0970º; std=35.0658
 -- Sample 25: mean=30.2572º; std=35.3613
 -- Sample 26: mean=31.2129º; std=34.0790
 -- Sample 27: mean=33.7373º; std=35.9816
 -- Sample 28: mean=33.7190º; std=36.7638
 -- Sample 29: mean=31.8898º; std=35.1010
 -- Sample 30: mean=37.7285º; std=37.7203
 -- Sample 31: mean=35.9270º; std=36.9020
 -- Sample 32: mean=35.3908º; std=37.0654
 -- Sample 33: mean=37.3104º; std=37.3503
 -- Sample 34: mean=30.5209º; std=37.9328
 -- Sample 35: mean=30.1005º; std=37.0821
 -- Sample 36: mean=29.7164º; std=36.3437
 -- Sample 37: mean=29.8199º; std=37.2967
 -- Sample 38: mean=26.2701º; std=30.9927
 -- Sample 39: mean=25.9515º; std=30.3713
 -- Sample 40: mean=25.1362º; std=30.5905
 -- Sample 41: mean=26.6251º; std=31.2129
 -- Sample 42: mean=35.6069º; std=39.6251
 -- Sample 43: mean=35.7447º; std=39.3996
 -- Sample 44: mean=35.9371º; std=39.4309
 -- Sample 45: mean=36.3110º; std=39.8732
 -- Sample 46: mean=33.0849º; std=35.9877
 -- Sample 47: mean=33.7368º; std=36.3756
 -- Sample 48: mean=33.1880º; std=36.5121
 -- Sample 49: mean=33.0800º; std=36.5074
Mean: 32.8341º, Std: 5.1633º
------------------------------------------------------------------
Correlation comparison:
 -- Sample 0: 0.8676
 -- Sample 1: 0.8729
 -- Sample 2: 0.8153
 -- Sample 3: 0.8077
 -- Sample 4: 0.7864
 -- Sample 5: 0.7805
 -- Sample 6: 0.7763
 -- Sample 7: 0.7644
 -- Sample 8: 0.7364
 -- Sample 9: 0.7277
 -- Sample 10: 0.8689
 -- Sample 11: 0.8591
 -- Sample 12: 0.8641
 -- Sample 13: 0.8417
 -- Sample 14: 0.8943
 -- Sample 15: 0.9217
 -- Sample 16: 0.8994
 -- Sample 17: 0.9112
 -- Sample 18: 0.3969
 -- Sample 19: 0.4021
 -- Sample 20: 0.4089
 -- Sample 21: 0.4245
 -- Sample 22: 0.8706
 -- Sample 23: 0.8802
 -- Sample 24: 0.8764
 -- Sample 25: 0.8869
 -- Sample 26: 0.7086
 -- Sample 27: 0.7223
 -- Sample 28: 0.7068
 -- Sample 29: 0.7209
 -- Sample 30: 0.4878
 -- Sample 31: 0.4586
 -- Sample 32: 0.5123
 -- Sample 33: 0.5053
 -- Sample 34: 0.9623
 -- Sample 35: 0.9685
 -- Sample 36: 0.9662
 -- Sample 37: 0.9652
 -- Sample 38: 0.9439
 -- Sample 39: 0.9611
 -- Sample 40: 0.9480
 -- Sample 41: 0.9467
 -- Sample 42: 0.6180
 -- Sample 43: 0.6187
 -- Sample 44: 0.6714
 -- Sample 45: 0.6454
 -- Sample 46: 0.9384
 -- Sample 47: 0.9363
 -- Sample 48: 0.9436
 -- Sample 49: 0.9415
Mean=0.7788, Std=0.1730
------------------------------------------------------------------
Flux Error:
 -- Sample 0: 1.0317
 -- Sample 1: 0.7387
 -- Sample 2: 0.7308
 -- Sample 3: 0.9026
 -- Sample 4: 0.7901
 -- Sample 5: 0.7530
 -- Sample 6: 0.8936
 -- Sample 7: 0.3198
 -- Sample 8: 0.8224
 -- Sample 9: 0.2873
 -- Sample 10: 0.4843
 -- Sample 11: 0.5546
 -- Sample 12: 0.4779
 -- Sample 13: 0.5877
 -- Sample 14: 0.3929
 -- Sample 15: 0.9301
 -- Sample 16: 0.4071
 -- Sample 17: 0.9115
 -- Sample 18: 3.2457
 -- Sample 19: 3.4320
 -- Sample 20: 3.3331
 -- Sample 21: 3.0656
 -- Sample 22: 0.3891
 -- Sample 23: 0.6249
 -- Sample 24: 0.3976
 -- Sample 25: 0.6291
 -- Sample 26: 0.4700
 -- Sample 27: 0.8544
 -- Sample 28: 0.4986
 -- Sample 29: 0.8699
 -- Sample 30: 3.1275
 -- Sample 31: 2.9276
 -- Sample 32: 3.1287
 -- Sample 33: 3.1516
 -- Sample 34: 0.8772
 -- Sample 35: 0.7611
 -- Sample 36: 0.8542
 -- Sample 37: 0.7433
 -- Sample 38: 0.5174
 -- Sample 39: 0.4927
 -- Sample 40: 0.5004
 -- Sample 41: 0.4927
 -- Sample 42: 1.2912
 -- Sample 43: 1.0019
 -- Sample 44: 1.1851
 -- Sample 45: 1.0687
 -- Sample 46: 0.8050
 -- Sample 47: 0.9755
 -- Sample 48: 0.8149
 -- Sample 49: 1.0202
Mean: 1.1113, Std: 0.9306
------------------------------------------------------------------
Tortuosity Comparison:
 -- Sample 0: 3.0914%
 -- Sample 1: 5.7489%
 -- Sample 2: 4.4470%
 -- Sample 3: 1.6159%
 -- Sample 4: 3.8960%
 -- Sample 5: 8.8496%
 -- Sample 6: 0.8625%
 -- Sample 7: 2.5590%
 -- Sample 8: 4.0864%
 -- Sample 9: 1.3436%
 -- Sample 10: 5.7278%
 -- Sample 11: 7.4673%
 -- Sample 12: 13.9146%
 -- Sample 13: 8.1997%
 -- Sample 14: 2.9128%
 -- Sample 15: 4.1549%
 -- Sample 16: 11.8924%
 -- Sample 17: 7.0197%
 -- Sample 18: 12.9820%
 -- Sample 19: 10.8702%
 -- Sample 20: 10.1756%
 -- Sample 21: 11.9558%
 -- Sample 22: 9.6652%
 -- Sample 23: 11.2386%
 -- Sample 24: 10.9321%
 -- Sample 25: 8.7838%
 -- Sample 26: 3.1435%
 -- Sample 27: 3.9132%
 -- Sample 28: 2.1731%
 -- Sample 29: 2.4546%
 -- Sample 30: 12.7658%
 -- Sample 31: 10.5544%
 -- Sample 32: 10.6591%
 -- Sample 33: 13.3748%
 -- Sample 34: 0.9251%
 -- Sample 35: 1.5349%
 -- Sample 36: 1.9492%
 -- Sample 37: 0.2394%
 -- Sample 38: 1.4465%
 -- Sample 39: 4.1366%
 -- Sample 40: 0.7762%
 -- Sample 41: 0.6678%
 -- Sample 42: 1.9855%
 -- Sample 43: 1.2967%
 -- Sample 44: 3.8625%
 -- Sample 45: 3.1903%
 -- Sample 46: 3.4660%
 -- Sample 47: 3.6955%
 -- Sample 48: 1.7030%
 -- Sample 49: 2.6356%
Mean: 5.5388%, Std: 4.1525%
------------------------------------------------------------------
Evaluating Divergent:
 -- Sample 0: 44.7335%
 -- Sample 1: 44.2936%
 -- Sample 2: 44.9042%
 -- Sample 3: 44.7156%
 -- Sample 4: 45.0459%
 -- Sample 5: 45.1203%
 -- Sample 6: 45.1302%
 -- Sample 7: 44.4757%
 -- Sample 8: 45.3471%
 -- Sample 9: 45.3321%
 -- Sample 10: 34.3244%
 -- Sample 11: 35.1818%
 -- Sample 12: 36.4581%
 -- Sample 13: 35.4340%
 -- Sample 14: 42.4002%
 -- Sample 15: 41.0799%
 -- Sample 16: 41.1940%
 -- Sample 17: 42.5549%
 -- Sample 18: 50.9464%
 -- Sample 19: 49.8362%
 -- Sample 20: 49.5940%
 -- Sample 21: 50.5286%
 -- Sample 22: 40.5112%
 -- Sample 23: 39.8265%
 -- Sample 24: 40.6968%
 -- Sample 25: 41.4131%
 -- Sample 26: 44.5288%
 -- Sample 27: 44.9302%
 -- Sample 28: 45.0012%
 -- Sample 29: 44.6140%
 -- Sample 30: 49.0375%
 -- Sample 31: 49.8171%
 -- Sample 32: 48.6779%
 -- Sample 33: 49.0912%
 -- Sample 34: 39.8530%
 -- Sample 35: 39.5615%
 -- Sample 36: 39.8957%
 -- Sample 37: 39.8418%
 -- Sample 38: 36.1366%
 -- Sample 39: 36.2266%
 -- Sample 40: 35.7924%
 -- Sample 41: 36.6954%
 -- Sample 42: 43.3515%
 -- Sample 43: 43.1381%
 -- Sample 44: 43.6588%
 -- Sample 45: 43.6806%
 -- Sample 46: 43.4517%
 -- Sample 47: 43.5346%
 -- Sample 48: 43.1266%
 -- Sample 49: 43.3017%
Mean: 42.9605%, Std: 4.2619%
------------------------------------------------------------------
  Processing Batch 3 (Size: 50)...
    Evaluating Ko et al (D3)
Bias Error: using velocity magnitude
Mean: 39.9405, Std: 40.5465
------------------------------------------------------------------
Magnitude Error: 
 -- Sample 0: mean=36.5111%; std=19.7343
 -- Sample 1: mean=37.0856%; std=19.7944
 -- Sample 2: mean=37.7346%; std=21.0752
 -- Sample 3: mean=37.0974%; std=20.5688
 -- Sample 4: mean=30.9922%; std=24.6219
 -- Sample 5: mean=32.9805%; std=27.8338
 -- Sample 6: mean=34.0251%; std=30.4840
 -- Sample 7: mean=35.0677%; std=27.7633
 -- Sample 8: mean=40.8185%; std=42.1803
 -- Sample 9: mean=44.0351%; std=35.0127
 -- Sample 10: mean=43.7504%; std=34.5589
 -- Sample 11: mean=41.8238%; std=32.9817
 -- Sample 12: mean=133.0512%; std=265.5384
 -- Sample 13: mean=113.9115%; std=207.8230
 -- Sample 14: mean=134.0140%; std=254.6037
 -- Sample 15: mean=133.3174%; std=267.4790
 -- Sample 16: mean=40.9116%; std=26.7825
 -- Sample 17: mean=39.5480%; std=27.2541
 -- Sample 18: mean=41.9029%; std=27.0049
 -- Sample 19: mean=41.5839%; std=27.4273
 -- Sample 20: mean=49.9657%; std=22.7847
 -- Sample 21: mean=55.3626%; std=25.6049
 -- Sample 22: mean=54.3957%; std=26.5551
 -- Sample 23: mean=48.4471%; std=25.1052
 -- Sample 24: mean=63.3935%; std=52.4943
 -- Sample 25: mean=67.1209%; std=59.8343
 -- Sample 26: mean=64.8686%; std=58.1608
 -- Sample 27: mean=68.3529%; std=57.3113
 -- Sample 28: mean=79.2526%; std=72.8692
 -- Sample 29: mean=69.5352%; std=60.1482
 -- Sample 30: mean=59.1116%; std=51.4772
 -- Sample 31: mean=68.5725%; std=65.6909
 -- Sample 32: mean=170.1540%; std=161.6089
 -- Sample 33: mean=195.0434%; std=178.3622
 -- Sample 34: mean=166.7066%; std=164.7984
 -- Sample 35: mean=164.5936%; std=166.6947
 -- Sample 36: mean=24.0420%; std=17.1562
 -- Sample 37: mean=21.3504%; std=16.3967
 -- Sample 38: mean=21.9795%; std=18.1829
 -- Sample 39: mean=24.8105%; std=18.0751
 -- Sample 40: mean=39.9377%; std=36.6816
 -- Sample 41: mean=58.4202%; std=51.5189
 -- Sample 42: mean=36.4996%; std=30.9778
 -- Sample 43: mean=33.2182%; std=29.0069
 -- Sample 44: mean=34.7598%; std=22.3819
 -- Sample 45: mean=33.3697%; std=22.3790
 -- Sample 46: mean=32.1022%; std=21.8318
 -- Sample 47: mean=33.8946%; std=21.4198
 -- Sample 48: mean=124.7618%; std=174.2055
 -- Sample 49: mean=120.2006%; std=180.4137
Mean: 64.2877%, Std: 44.1029%
------------------------------------------------------------------
Angular error:
 -- Sample 0: mean=31.1905º; std=35.3644
 -- Sample 1: mean=30.4622º; std=34.2495
 -- Sample 2: mean=31.5858º; std=34.2511
 -- Sample 3: mean=32.2351º; std=35.1039
 -- Sample 4: mean=25.0417º; std=30.3793
 -- Sample 5: mean=25.8325º; std=30.7902
 -- Sample 6: mean=25.9997º; std=30.3110
 -- Sample 7: mean=25.6530º; std=30.5609
 -- Sample 8: mean=26.2202º; std=30.0526
 -- Sample 9: mean=26.8738º; std=29.4603
 -- Sample 10: mean=27.0063º; std=29.2198
 -- Sample 11: mean=27.0661º; std=29.0744
 -- Sample 12: mean=43.1196º; std=41.2133
 -- Sample 13: mean=41.7748º; std=38.8883
 -- Sample 14: mean=42.5672º; std=39.3941
 -- Sample 15: mean=44.0266º; std=41.2891
 -- Sample 16: mean=29.8763º; std=34.8173
 -- Sample 17: mean=30.1068º; std=34.8315
 -- Sample 18: mean=30.1972º; std=34.8334
 -- Sample 19: mean=29.7994º; std=34.6887
 -- Sample 20: mean=37.1336º; std=38.3459
 -- Sample 21: mean=37.5188º; std=38.5591
 -- Sample 22: mean=37.6199º; std=37.2032
 -- Sample 23: mean=36.8564º; std=37.9513
 -- Sample 24: mean=26.7169º; std=30.3819
 -- Sample 25: mean=25.6096º; std=29.4900
 -- Sample 26: mean=26.9743º; std=30.5984
 -- Sample 27: mean=26.8342º; std=30.4574
 -- Sample 28: mean=41.1036º; std=38.7445
 -- Sample 29: mean=41.4692º; std=37.2887
 -- Sample 30: mean=39.8106º; std=36.3882
 -- Sample 31: mean=41.1674º; std=38.1973
 -- Sample 32: mean=31.0653º; std=35.6653
 -- Sample 33: mean=31.3505º; std=36.0921
 -- Sample 34: mean=32.3311º; std=35.4392
 -- Sample 35: mean=30.6772º; std=35.0877
 -- Sample 36: mean=30.3766º; std=36.2684
 -- Sample 37: mean=29.4595º; std=36.2938
 -- Sample 38: mean=30.7729º; std=37.2183
 -- Sample 39: mean=31.6889º; std=37.9201
 -- Sample 40: mean=36.6872º; std=38.2653
 -- Sample 41: mean=38.2355º; std=40.6775
 -- Sample 42: mean=38.3310º; std=39.8403
 -- Sample 43: mean=37.5993º; std=39.4636
 -- Sample 44: mean=30.6622º; std=36.2737
 -- Sample 45: mean=28.7247º; std=34.4916
 -- Sample 46: mean=28.2475º; std=33.4700
 -- Sample 47: mean=29.8416º; std=34.7385
 -- Sample 48: mean=32.9638º; std=38.5670
 -- Sample 49: mean=32.0680º; std=37.6338
Mean: 32.5306º, Std: 5.4427º
------------------------------------------------------------------
Correlation comparison:
 -- Sample 0: 0.9219
 -- Sample 1: 0.9103
 -- Sample 2: 0.9062
 -- Sample 3: 0.9143
 -- Sample 4: 0.9240
 -- Sample 5: 0.9128
 -- Sample 6: 0.9106
 -- Sample 7: 0.9241
 -- Sample 8: 0.8625
 -- Sample 9: 0.8530
 -- Sample 10: 0.8696
 -- Sample 11: 0.8685
 -- Sample 12: 0.4684
 -- Sample 13: 0.5734
 -- Sample 14: 0.5149
 -- Sample 15: 0.4579
 -- Sample 16: 0.8629
 -- Sample 17: 0.8572
 -- Sample 18: 0.8432
 -- Sample 19: 0.8518
 -- Sample 20: 0.7638
 -- Sample 21: 0.7204
 -- Sample 22: 0.7119
 -- Sample 23: 0.7654
 -- Sample 24: 0.7825
 -- Sample 25: 0.7934
 -- Sample 26: 0.7777
 -- Sample 27: 0.7556
 -- Sample 28: 0.6695
 -- Sample 29: 0.6798
 -- Sample 30: 0.7219
 -- Sample 31: 0.6984
 -- Sample 32: 0.5512
 -- Sample 33: 0.5369
 -- Sample 34: 0.5375
 -- Sample 35: 0.5432
 -- Sample 36: 0.9512
 -- Sample 37: 0.9629
 -- Sample 38: 0.9600
 -- Sample 39: 0.9475
 -- Sample 40: 0.9611
 -- Sample 41: 0.9409
 -- Sample 42: 0.9637
 -- Sample 43: 0.9634
 -- Sample 44: 0.8934
 -- Sample 45: 0.9000
 -- Sample 46: 0.9225
 -- Sample 47: 0.9127
 -- Sample 48: 0.6907
 -- Sample 49: 0.7163
Mean=0.7981, Std=0.1476
------------------------------------------------------------------
Flux Error:
 -- Sample 0: 0.4684
 -- Sample 1: 0.8091
 -- Sample 2: 0.5161
 -- Sample 3: 0.7893
 -- Sample 4: 0.7406
 -- Sample 5: 0.5415
 -- Sample 6: 0.7594
 -- Sample 7: 0.5492
 -- Sample 8: 0.5218
 -- Sample 9: 0.6110
 -- Sample 10: 0.5120
 -- Sample 11: 0.5457
 -- Sample 12: 1.3220
 -- Sample 13: 1.3834
 -- Sample 14: 1.3554
 -- Sample 15: 1.4027
 -- Sample 16: 0.5398
 -- Sample 17: 0.6745
 -- Sample 18: 0.5420
 -- Sample 19: 0.6010
 -- Sample 20: 0.7628
 -- Sample 21: 0.6712
 -- Sample 22: 0.8303
 -- Sample 23: 0.6259
 -- Sample 24: 0.5869
 -- Sample 25: 0.8680
 -- Sample 26: 0.5680
 -- Sample 27: 0.8564
 -- Sample 28: 0.8804
 -- Sample 29: 0.6989
 -- Sample 30: 0.6955
 -- Sample 31: 0.6696
 -- Sample 32: 1.6430
 -- Sample 33: 2.0256
 -- Sample 34: 1.5924
 -- Sample 35: 1.7688
 -- Sample 36: 0.7858
 -- Sample 37: 0.7371
 -- Sample 38: 0.7171
 -- Sample 39: 0.7056
 -- Sample 40: 1.0643
 -- Sample 41: 1.1481
 -- Sample 42: 0.9559
 -- Sample 43: 0.8280
 -- Sample 44: 0.3991
 -- Sample 45: 0.4461
 -- Sample 46: 0.3996
 -- Sample 47: 0.4595
 -- Sample 48: 1.9167
 -- Sample 49: 1.6450
Mean: 0.8627, Std: 0.4148
------------------------------------------------------------------
Tortuosity Comparison:
 -- Sample 0: 7.0973%
 -- Sample 1: 7.9794%
 -- Sample 2: 9.2566%
 -- Sample 3: 7.3681%
 -- Sample 4: 1.6242%
 -- Sample 5: 2.2423%
 -- Sample 6: 1.7792%
 -- Sample 7: 0.5849%
 -- Sample 8: 5.0180%
 -- Sample 9: 6.5399%
 -- Sample 10: 5.2209%
 -- Sample 11: 9.5015%
 -- Sample 12: 9.2859%
 -- Sample 13: 4.3794%
 -- Sample 14: 8.2070%
 -- Sample 15: 7.4517%
 -- Sample 16: 1.1749%
 -- Sample 17: 0.7563%
 -- Sample 18: 4.6085%
 -- Sample 19: 4.2202%
 -- Sample 20: 6.1457%
 -- Sample 21: 9.7002%
 -- Sample 22: 8.7429%
 -- Sample 23: 7.1866%
 -- Sample 24: 4.4265%
 -- Sample 25: 2.4549%
 -- Sample 26: 2.8252%
 -- Sample 27: 5.2047%
 -- Sample 28: 3.3259%
 -- Sample 29: 4.5918%
 -- Sample 30: 5.9804%
 -- Sample 31: 6.1085%
 -- Sample 32: 6.4113%
 -- Sample 33: 8.9401%
 -- Sample 34: 7.3149%
 -- Sample 35: 9.0354%
 -- Sample 36: 3.7433%
 -- Sample 37: 4.1472%
 -- Sample 38: 6.6462%
 -- Sample 39: 6.9159%
 -- Sample 40: 2.7089%
 -- Sample 41: 1.5306%
 -- Sample 42: 8.6171%
 -- Sample 43: 7.4099%
 -- Sample 44: 6.9322%
 -- Sample 45: 4.8682%
 -- Sample 46: 3.7717%
 -- Sample 47: 6.6173%
 -- Sample 48: 8.5498%
 -- Sample 49: 8.7486%
Mean: 5.6780%, Std: 2.5749%
------------------------------------------------------------------
Evaluating Divergent:
 -- Sample 0: 44.0871%
 -- Sample 1: 43.7057%
 -- Sample 2: 44.6013%
 -- Sample 3: 45.5898%
 -- Sample 4: 37.4186%
 -- Sample 5: 37.5230%
 -- Sample 6: 38.2680%
 -- Sample 7: 37.9729%
 -- Sample 8: 40.7045%
 -- Sample 9: 41.5887%
 -- Sample 10: 41.6393%
 -- Sample 11: 41.3798%
 -- Sample 12: 45.2983%
 -- Sample 13: 45.4942%
 -- Sample 14: 46.4639%
 -- Sample 15: 46.3624%
 -- Sample 16: 40.7649%
 -- Sample 17: 41.5486%
 -- Sample 18: 41.2335%
 -- Sample 19: 41.6965%
 -- Sample 20: 43.6817%
 -- Sample 21: 43.2704%
 -- Sample 22: 43.2604%
 -- Sample 23: 42.9831%
 -- Sample 24: 39.1539%
 -- Sample 25: 38.3177%
 -- Sample 26: 39.3456%
 -- Sample 27: 39.3696%
 -- Sample 28: 45.1524%
 -- Sample 29: 45.3698%
 -- Sample 30: 45.7115%
 -- Sample 31: 45.0834%
 -- Sample 32: 42.2285%
 -- Sample 33: 42.0299%
 -- Sample 34: 43.2240%
 -- Sample 35: 42.6254%
 -- Sample 36: 42.0831%
 -- Sample 37: 41.0125%
 -- Sample 38: 41.7984%
 -- Sample 39: 42.9256%
 -- Sample 40: 44.1040%
 -- Sample 41: 44.5465%
 -- Sample 42: 43.8009%
 -- Sample 43: 44.0721%
 -- Sample 44: 40.4016%
 -- Sample 45: 40.2895%
 -- Sample 46: 40.1081%
 -- Sample 47: 40.6111%
 -- Sample 48: 42.5998%
 -- Sample 49: 42.4122%
Mean: 42.2983%, Std: 2.3726%
------------------------------------------------------------------
  Processing Batch 4 (Size: 50)...
    Evaluating Ko et al (D3)
Bias Error: using velocity magnitude
Mean: 31.9832, Std: 30.9099
------------------------------------------------------------------
Magnitude Error: 
 -- Sample 0: mean=139.2562%; std=196.7862
 -- Sample 1: mean=117.5152%; std=153.5062
 -- Sample 2: mean=36.6457%; std=28.4087
 -- Sample 3: mean=37.7774%; std=30.0056
 -- Sample 4: mean=32.8635%; std=25.2825
 -- Sample 5: mean=37.5263%; std=28.3928
 -- Sample 6: mean=37.9620%; std=30.6187
 -- Sample 7: mean=42.9744%; std=36.9605
 -- Sample 8: mean=43.6565%; std=32.2939
 -- Sample 9: mean=41.7036%; std=34.9187
 -- Sample 10: mean=46.4170%; std=13.6118
 -- Sample 11: mean=45.3916%; std=13.9288
 -- Sample 12: mean=45.3009%; std=14.7604
 -- Sample 13: mean=44.3295%; std=15.5911
 -- Sample 14: mean=32.6188%; std=16.3154
 -- Sample 15: mean=32.9748%; std=18.8394
 -- Sample 16: mean=35.1002%; std=15.7130
 -- Sample 17: mean=29.0106%; std=14.3207
 -- Sample 18: mean=114.2776%; std=95.1844
 -- Sample 19: mean=110.5225%; std=96.8508
 -- Sample 20: mean=132.2570%; std=110.0957
 -- Sample 21: mean=127.0008%; std=104.5991
 -- Sample 22: mean=35.0566%; std=16.3940
 -- Sample 23: mean=35.4791%; std=18.5597
 -- Sample 24: mean=33.7254%; std=17.1500
 -- Sample 25: mean=33.8841%; std=16.0927
 -- Sample 26: mean=39.9530%; std=19.3548
 -- Sample 27: mean=39.1165%; std=20.7740
 -- Sample 28: mean=38.0692%; std=20.1651
 -- Sample 29: mean=39.5945%; std=18.6728
 -- Sample 30: mean=30.3132%; std=16.6700
 -- Sample 31: mean=28.2923%; std=16.3025
 -- Sample 32: mean=28.9235%; std=17.3251
 -- Sample 33: mean=31.9534%; std=19.0929
 -- Sample 34: mean=30.8451%; std=25.7053
 -- Sample 35: mean=29.1346%; std=25.4094
 -- Sample 36: mean=27.0453%; std=24.9327
 -- Sample 37: mean=30.7629%; std=26.1937
 -- Sample 38: mean=21.9527%; std=15.5913
 -- Sample 39: mean=21.2377%; std=15.1478
 -- Sample 40: mean=21.5105%; std=16.4075
 -- Sample 41: mean=19.2232%; std=15.4907
 -- Sample 42: mean=31.5277%; std=23.6501
 -- Sample 43: mean=32.1796%; std=22.8752
 -- Sample 44: mean=29.2191%; std=22.1991
 -- Sample 45: mean=30.0645%; std=22.6601
 -- Sample 46: mean=25.9614%; std=19.2617
 -- Sample 47: mean=25.6326%; std=18.9148
 -- Sample 48: mean=24.2879%; std=18.2559
 -- Sample 49: mean=26.3493%; std=20.4178
Mean: 44.0875%, Std: 30.2324%
------------------------------------------------------------------
Angular error:
 -- Sample 0: mean=30.8408º; std=37.6472
 -- Sample 1: mean=31.4223º; std=37.7506
 -- Sample 2: mean=31.7911º; std=37.7892
 -- Sample 3: mean=32.1638º; std=37.4274
 -- Sample 4: mean=31.2092º; std=36.6606
 -- Sample 5: mean=31.9421º; std=38.2063
 -- Sample 6: mean=35.2202º; std=39.7921
 -- Sample 7: mean=35.0679º; std=40.2135
 -- Sample 8: mean=33.8886º; std=39.3370
 -- Sample 9: mean=34.7221º; std=39.4932
 -- Sample 10: mean=26.8797º; std=35.2586
 -- Sample 11: mean=26.8293º; std=35.6449
 -- Sample 12: mean=26.6817º; std=35.1726
 -- Sample 13: mean=26.9745º; std=35.2183
 -- Sample 14: mean=30.8678º; std=37.5231
 -- Sample 15: mean=31.1681º; std=37.2997
 -- Sample 16: mean=32.1480º; std=37.6302
 -- Sample 17: mean=31.5173º; std=38.1444
 -- Sample 18: mean=34.2295º; std=36.9601
 -- Sample 19: mean=35.6061º; std=37.6994
 -- Sample 20: mean=38.2960º; std=41.4535
 -- Sample 21: mean=37.1570º; std=40.8673
 -- Sample 22: mean=25.4776º; std=32.1190
 -- Sample 23: mean=29.6506º; std=37.3803
 -- Sample 24: mean=29.1813º; std=36.8094
 -- Sample 25: mean=25.0975º; std=32.0481
 -- Sample 26: mean=31.6114º; std=37.5046
 -- Sample 27: mean=30.8333º; std=37.2347
 -- Sample 28: mean=30.5280º; std=36.9661
 -- Sample 29: mean=31.4301º; std=37.2675
 -- Sample 30: mean=22.1393º; std=30.0806
 -- Sample 31: mean=22.2295º; std=30.5511
 -- Sample 32: mean=21.9717º; std=30.1347
 -- Sample 33: mean=22.1031º; std=29.7394
 -- Sample 34: mean=30.9730º; std=36.3916
 -- Sample 35: mean=29.9902º; std=34.6158
 -- Sample 36: mean=28.3305º; std=34.2895
 -- Sample 37: mean=29.7840º; std=35.8257
 -- Sample 38: mean=26.9515º; std=32.0209
 -- Sample 39: mean=25.7166º; std=31.2499
 -- Sample 40: mean=24.5659º; std=30.5590
 -- Sample 41: mean=25.7544º; std=31.2222
 -- Sample 42: mean=31.5904º; std=35.3863
 -- Sample 43: mean=30.7901º; std=34.9243
 -- Sample 44: mean=32.5065º; std=35.7840
 -- Sample 45: mean=32.6505º; std=35.8335
 -- Sample 46: mean=22.8891º; std=29.5746
 -- Sample 47: mean=23.4298º; std=29.9299
 -- Sample 48: mean=22.7768º; std=29.2002
 -- Sample 49: mean=22.5828º; std=28.6921
Mean: 29.4032º, Std: 4.2497º
------------------------------------------------------------------
Correlation comparison:
 -- Sample 0: 0.6849
 -- Sample 1: 0.7095
 -- Sample 2: 0.9057
 -- Sample 3: 0.9034
 -- Sample 4: 0.9159
 -- Sample 5: 0.9104
 -- Sample 6: 0.8984
 -- Sample 7: 0.8816
 -- Sample 8: 0.8945
 -- Sample 9: 0.8820
 -- Sample 10: 0.9574
 -- Sample 11: 0.9550
 -- Sample 12: 0.9509
 -- Sample 13: 0.9485
 -- Sample 14: 0.9601
 -- Sample 15: 0.9528
 -- Sample 16: 0.9637
 -- Sample 17: 0.9772
 -- Sample 18: 0.6267
 -- Sample 19: 0.6378
 -- Sample 20: 0.6375
 -- Sample 21: 0.6262
 -- Sample 22: 0.9588
 -- Sample 23: 0.9528
 -- Sample 24: 0.9550
 -- Sample 25: 0.9611
 -- Sample 26: 0.9336
 -- Sample 27: 0.9201
 -- Sample 28: 0.9395
 -- Sample 29: 0.9432
 -- Sample 30: 0.9368
 -- Sample 31: 0.9435
 -- Sample 32: 0.9348
 -- Sample 33: 0.9234
 -- Sample 34: 0.9047
 -- Sample 35: 0.9093
 -- Sample 36: 0.9153
 -- Sample 37: 0.8939
 -- Sample 38: 0.9474
 -- Sample 39: 0.9526
 -- Sample 40: 0.9454
 -- Sample 41: 0.9566
 -- Sample 42: 0.9406
 -- Sample 43: 0.9489
 -- Sample 44: 0.9370
 -- Sample 45: 0.9418
 -- Sample 46: 0.9200
 -- Sample 47: 0.9203
 -- Sample 48: 0.9300
 -- Sample 49: 0.9135
Mean=0.8992, Std=0.0939
------------------------------------------------------------------
Flux Error:
 -- Sample 0: 2.0939
 -- Sample 1: 1.5902
 -- Sample 2: 0.9497
 -- Sample 3: 0.6032
 -- Sample 4: 0.9339
 -- Sample 5: 0.5797
 -- Sample 6: 0.6389
 -- Sample 7: 0.9025
 -- Sample 8: 0.7551
 -- Sample 9: 0.9323
 -- Sample 10: 0.4573
 -- Sample 11: 0.8254
 -- Sample 12: 0.4579
 -- Sample 13: 0.8316
 -- Sample 14: 0.7104
 -- Sample 15: 0.7728
 -- Sample 16: 0.6447
 -- Sample 17: 0.8260
 -- Sample 18: 1.1005
 -- Sample 19: 1.2001
 -- Sample 20: 1.2658
 -- Sample 21: 1.3280
 -- Sample 22: 0.8471
 -- Sample 23: 0.6997
 -- Sample 24: 0.8587
 -- Sample 25: 0.6562
 -- Sample 26: 0.7129
 -- Sample 27: 0.4651
 -- Sample 28: 0.7455
 -- Sample 29: 0.4340
 -- Sample 30: 0.4458
 -- Sample 31: 0.7341
 -- Sample 32: 0.4993
 -- Sample 33: 0.7482
 -- Sample 34: 0.7075
 -- Sample 35: 0.3997
 -- Sample 36: 0.7487
 -- Sample 37: 0.3933
 -- Sample 38: 0.4347
 -- Sample 39: 0.6381
 -- Sample 40: 0.4536
 -- Sample 41: 0.6563
 -- Sample 42: 0.7379
 -- Sample 43: 0.6224
 -- Sample 44: 0.6929
 -- Sample 45: 0.5589
 -- Sample 46: 0.4213
 -- Sample 47: 0.3816
 -- Sample 48: 0.4435
 -- Sample 49: 0.3977
Mean: 0.7387, Std: 0.3217
------------------------------------------------------------------
Tortuosity Comparison:
 -- Sample 0: 11.3604%
 -- Sample 1: 6.4644%
 -- Sample 2: 9.2820%
 -- Sample 3: 5.8776%
 -- Sample 4: 6.8062%
 -- Sample 5: 3.6894%
 -- Sample 6: 5.2874%
 -- Sample 7: 5.4665%
 -- Sample 8: 4.9777%
 -- Sample 9: 3.0082%
 -- Sample 10: 4.9896%
 -- Sample 11: 5.0503%
 -- Sample 12: 4.0757%
 -- Sample 13: 5.3055%
 -- Sample 14: 3.5896%
 -- Sample 15: 3.9072%
 -- Sample 16: 5.1709%
 -- Sample 17: 0.7508%
 -- Sample 18: 1.1028%
 -- Sample 19: 3.0035%
 -- Sample 20: 3.2796%
 -- Sample 21: 3.8981%
 -- Sample 22: 2.7045%
 -- Sample 23: 2.1316%
 -- Sample 24: 4.0872%
 -- Sample 25: 4.7599%
 -- Sample 26: 3.2701%
 -- Sample 27: 0.0460%
 -- Sample 28: 0.7759%
 -- Sample 29: 3.7317%
 -- Sample 30: 4.4174%
 -- Sample 31: 5.3125%
 -- Sample 32: 5.7064%
 -- Sample 33: 5.0701%
 -- Sample 34: 24.3387%
 -- Sample 35: 21.1680%
 -- Sample 36: 13.5599%
 -- Sample 37: 19.3427%
 -- Sample 38: 0.5258%
 -- Sample 39: 3.7821%
 -- Sample 40: 4.2406%
 -- Sample 41: 3.8186%
 -- Sample 42: 4.6526%
 -- Sample 43: 3.7322%
 -- Sample 44: 6.6519%
 -- Sample 45: 6.9927%
 -- Sample 46: 5.1917%
 -- Sample 47: 5.4129%
 -- Sample 48: 7.4306%
 -- Sample 49: 6.7000%
Mean: 5.7180%, Std: 4.7082%
------------------------------------------------------------------
Evaluating Divergent:
 -- Sample 0: 41.8887%
 -- Sample 1: 42.5521%
 -- Sample 2: 39.5770%
 -- Sample 3: 40.4215%
 -- Sample 4: 40.1748%
 -- Sample 5: 39.3259%
 -- Sample 6: 40.9819%
 -- Sample 7: 41.2425%
 -- Sample 8: 39.5697%
 -- Sample 9: 40.4769%
 -- Sample 10: 37.2350%
 -- Sample 11: 37.7865%
 -- Sample 12: 38.6403%
 -- Sample 13: 38.5799%
 -- Sample 14: 37.8099%
 -- Sample 15: 38.3028%
 -- Sample 16: 38.7132%
 -- Sample 17: 37.9629%
 -- Sample 18: 42.5800%
 -- Sample 19: 43.1633%
 -- Sample 20: 42.5743%
 -- Sample 21: 42.3395%
 -- Sample 22: 36.9263%
 -- Sample 23: 37.0399%
 -- Sample 24: 36.6297%
 -- Sample 25: 35.7345%
 -- Sample 26: 40.9348%
 -- Sample 27: 41.3957%
 -- Sample 28: 40.5858%
 -- Sample 29: 41.6057%
 -- Sample 30: 42.4492%
 -- Sample 31: 41.9222%
 -- Sample 32: 42.2918%
 -- Sample 33: 42.3184%
 -- Sample 34: 42.0193%
 -- Sample 35: 42.7836%
 -- Sample 36: 41.2015%
 -- Sample 37: 41.6347%
 -- Sample 38: 37.5625%
 -- Sample 39: 38.4528%
 -- Sample 40: 38.5323%
 -- Sample 41: 38.0784%
 -- Sample 42: 40.8702%
 -- Sample 43: 40.6889%
 -- Sample 44: 40.7922%
 -- Sample 45: 40.5419%
 -- Sample 46: 35.8221%
 -- Sample 47: 35.7059%
 -- Sample 48: 35.2660%
 -- Sample 49: 35.8627%
Mean: 39.7510%, Std: 2.2402%
------------------------------------------------------------------
  Processing Batch 5 (Size: 50)...
    Evaluating Ko et al (D3)
Bias Error: using velocity magnitude
Mean: 21.7606, Std: 24.2944
------------------------------------------------------------------
Magnitude Error: 
 -- Sample 0: mean=34.1484%; std=28.0122
 -- Sample 1: mean=37.4041%; std=28.4392
 -- Sample 2: mean=36.6148%; std=30.0475
 -- Sample 3: mean=37.0524%; std=28.6579
 -- Sample 4: mean=32.9603%; std=26.2291
 -- Sample 5: mean=31.3867%; std=23.9653
 -- Sample 6: mean=32.9429%; std=27.1132
 -- Sample 7: mean=34.0124%; std=25.6141
 -- Sample 8: mean=94.5517%; std=57.9178
 -- Sample 9: mean=99.4638%; std=50.0599
 -- Sample 10: mean=94.5222%; std=51.1925
 -- Sample 11: mean=93.8484%; std=60.1005
 -- Sample 12: mean=45.9248%; std=48.3206
 -- Sample 13: mean=43.9432%; std=41.9875
 -- Sample 14: mean=41.6099%; std=40.9414
 -- Sample 15: mean=42.6991%; std=42.6686
 -- Sample 16: mean=16.1870%; std=13.3460
 -- Sample 17: mean=16.5231%; std=14.0639
 -- Sample 18: mean=17.8002%; std=14.4540
 -- Sample 19: mean=16.5649%; std=13.2161
 -- Sample 20: mean=33.7143%; std=14.5638
 -- Sample 21: mean=33.0021%; std=14.6270
 -- Sample 22: mean=28.9498%; std=16.0716
 -- Sample 23: mean=33.1964%; std=14.9529
 -- Sample 24: mean=33.3556%; std=20.1447
 -- Sample 25: mean=36.8981%; std=24.0499
 -- Sample 26: mean=35.9423%; std=22.3668
 -- Sample 27: mean=35.3397%; std=23.7343
 -- Sample 28: mean=31.9502%; std=12.0393
 -- Sample 29: mean=29.3244%; std=12.3769
 -- Sample 30: mean=30.0228%; std=13.3557
 -- Sample 31: mean=32.0252%; std=12.4076
 -- Sample 32: mean=32.1637%; std=22.4518
 -- Sample 33: mean=34.8276%; std=22.2884
 -- Sample 34: mean=30.1726%; std=18.2447
 -- Sample 35: mean=29.6575%; std=20.0691
 -- Sample 36: mean=18.3285%; std=13.9809
 -- Sample 37: mean=19.4344%; std=14.0650
 -- Sample 38: mean=21.5656%; std=15.0050
 -- Sample 39: mean=21.7179%; std=13.9501
 -- Sample 40: mean=19.6823%; std=14.0682
 -- Sample 41: mean=18.1093%; std=13.2356
 -- Sample 42: mean=20.0935%; std=14.0554
 -- Sample 43: mean=18.9113%; std=14.7391
 -- Sample 44: mean=45.5844%; std=20.5007
 -- Sample 45: mean=46.4185%; std=19.2933
 -- Sample 46: mean=46.7323%; std=19.9803
 -- Sample 47: mean=45.5609%; std=19.9972
 -- Sample 48: mean=36.1114%; std=17.5929
 -- Sample 49: mean=35.7337%; std=16.7790
Mean: 36.6937%, Std: 19.3871%
------------------------------------------------------------------
Angular error:
 -- Sample 0: mean=34.4823º; std=38.6368
 -- Sample 1: mean=34.2442º; std=36.6937
 -- Sample 2: mean=34.4523º; std=36.0117
 -- Sample 3: mean=34.4492º; std=37.3641
 -- Sample 4: mean=30.8728º; std=33.1379
 -- Sample 5: mean=31.6641º; std=33.9347
 -- Sample 6: mean=30.4959º; std=34.1535
 -- Sample 7: mean=30.1930º; std=33.2218
 -- Sample 8: mean=23.9748º; std=29.8479
 -- Sample 9: mean=24.0874º; std=30.2145
 -- Sample 10: mean=24.2847º; std=30.3841
 -- Sample 11: mean=24.3226º; std=30.6743
 -- Sample 12: mean=38.2019º; std=37.9000
 -- Sample 13: mean=37.1179º; std=36.4353
 -- Sample 14: mean=38.5633º; std=36.9413
 -- Sample 15: mean=38.7724º; std=38.7552
 -- Sample 16: mean=30.8807º; std=34.1843
 -- Sample 17: mean=29.3758º; std=33.8932
 -- Sample 18: mean=30.0078º; std=32.8299
 -- Sample 19: mean=31.1520º; std=34.6956
 -- Sample 20: mean=34.7300º; std=39.5154
 -- Sample 21: mean=35.6353º; std=40.3074
 -- Sample 22: mean=36.5913º; std=42.4936
 -- Sample 23: mean=34.2169º; std=40.0272
 -- Sample 24: mean=25.4890º; std=29.7966
 -- Sample 25: mean=24.9045º; std=30.1841
 -- Sample 26: mean=24.9757º; std=30.4652
 -- Sample 27: mean=25.3066º; std=29.6937
 -- Sample 28: mean=16.6199º; std=23.3721
 -- Sample 29: mean=16.5363º; std=23.7668
 -- Sample 30: mean=17.1476º; std=23.8376
 -- Sample 31: mean=17.0544º; std=23.6330
 -- Sample 32: mean=29.1521º; std=32.6247
 -- Sample 33: mean=29.8890º; std=32.3474
 -- Sample 34: mean=29.8921º; std=32.8512
 -- Sample 35: mean=28.4430º; std=31.7674
 -- Sample 36: mean=27.4900º; std=34.9901
 -- Sample 37: mean=27.4687º; std=34.7607
 -- Sample 38: mean=27.8504º; std=35.6518
 -- Sample 39: mean=27.0258º; std=34.8519
 -- Sample 40: mean=40.7704º; std=41.1684
 -- Sample 41: mean=39.3466º; std=40.6392
 -- Sample 42: mean=41.1739º; std=42.1889
 -- Sample 43: mean=42.2457º; std=42.5478
 -- Sample 44: mean=30.8449º; std=32.8041
 -- Sample 45: mean=31.1300º; std=33.1374
 -- Sample 46: mean=32.1193º; std=33.7303
 -- Sample 47: mean=30.9664º; std=32.4153
 -- Sample 48: mean=26.6655º; std=32.9233
 -- Sample 49: mean=27.1718º; std=33.1489
Mean: 30.2090º, Std: 6.2005º
------------------------------------------------------------------
Correlation comparison:
 -- Sample 0: 0.8188
 -- Sample 1: 0.8146
 -- Sample 2: 0.8251
 -- Sample 3: 0.8252
 -- Sample 4: 0.9063
 -- Sample 5: 0.9083
 -- Sample 6: 0.9008
 -- Sample 7: 0.8973
 -- Sample 8: 0.9557
 -- Sample 9: 0.9657
 -- Sample 10: 0.9641
 -- Sample 11: 0.9527
 -- Sample 12: 0.8358
 -- Sample 13: 0.8478
 -- Sample 14: 0.8545
 -- Sample 15: 0.8664
 -- Sample 16: 0.9794
 -- Sample 17: 0.9783
 -- Sample 18: 0.9770
 -- Sample 19: 0.9791
 -- Sample 20: 0.9238
 -- Sample 21: 0.9507
 -- Sample 22: 0.9560
 -- Sample 23: 0.9296
 -- Sample 24: 0.8888
 -- Sample 25: 0.8470
 -- Sample 26: 0.8597
 -- Sample 27: 0.8567
 -- Sample 28: 0.9743
 -- Sample 29: 0.9744
 -- Sample 30: 0.9681
 -- Sample 31: 0.9667
 -- Sample 32: 0.8896
 -- Sample 33: 0.8910
 -- Sample 34: 0.9036
 -- Sample 35: 0.8974
 -- Sample 36: 0.9653
 -- Sample 37: 0.9613
 -- Sample 38: 0.9542
 -- Sample 39: 0.9669
 -- Sample 40: 0.9661
 -- Sample 41: 0.9685
 -- Sample 42: 0.9592
 -- Sample 43: 0.9623
 -- Sample 44: 0.8167
 -- Sample 45: 0.8201
 -- Sample 46: 0.8809
 -- Sample 47: 0.8707
 -- Sample 48: 0.9474
 -- Sample 49: 0.9527
Mean=0.9144, Std=0.0546
------------------------------------------------------------------
Flux Error:
 -- Sample 0: 0.6979
 -- Sample 1: 0.7304
 -- Sample 2: 0.7487
 -- Sample 3: 0.8449
 -- Sample 4: 0.8361
 -- Sample 5: 0.5450
 -- Sample 6: 0.7569
 -- Sample 7: 0.5192
 -- Sample 8: 1.0587
 -- Sample 9: 1.4647
 -- Sample 10: 1.1136
 -- Sample 11: 1.3503
 -- Sample 12: 0.3736
 -- Sample 13: 0.5949
 -- Sample 14: 0.3981
 -- Sample 15: 0.7014
 -- Sample 16: 0.6308
 -- Sample 17: 1.0063
 -- Sample 18: 0.6545
 -- Sample 19: 1.0059
 -- Sample 20: 0.6245
 -- Sample 21: 0.9402
 -- Sample 22: 0.6473
 -- Sample 23: 0.9521
 -- Sample 24: 0.6126
 -- Sample 25: 0.3719
 -- Sample 26: 0.6181
 -- Sample 27: 0.4024
 -- Sample 28: 0.4601
 -- Sample 29: 0.4374
 -- Sample 30: 0.4374
 -- Sample 31: 0.4156
 -- Sample 32: 0.7618
 -- Sample 33: 0.5253
 -- Sample 34: 0.7373
 -- Sample 35: 0.4606
 -- Sample 36: 0.7786
 -- Sample 37: 0.3018
 -- Sample 38: 0.7559
 -- Sample 39: 0.3094
 -- Sample 40: 0.7453
 -- Sample 41: 0.9248
 -- Sample 42: 0.8424
 -- Sample 43: 0.8787
 -- Sample 44: 0.4930
 -- Sample 45: 0.4187
 -- Sample 46: 0.4859
 -- Sample 47: 0.4380
 -- Sample 48: 0.3304
 -- Sample 49: 0.5992
Mean: 0.6748, Std: 0.2569
------------------------------------------------------------------
Tortuosity Comparison:
 -- Sample 0: 9.8177%
 -- Sample 1: 7.3419%
 -- Sample 2: 8.0132%
 -- Sample 3: 11.5743%
 -- Sample 4: 1.3828%
 -- Sample 5: 4.0909%
 -- Sample 6: 6.1475%
 -- Sample 7: 2.5717%
 -- Sample 8: 1.5455%
 -- Sample 9: 2.8523%
 -- Sample 10: 1.2565%
 -- Sample 11: 2.5522%
 -- Sample 12: 5.8056%
 -- Sample 13: 0.8247%
 -- Sample 14: 0.1305%
 -- Sample 15: 2.9297%
 -- Sample 16: 4.5364%
 -- Sample 17: 2.5094%
 -- Sample 18: 5.0030%
 -- Sample 19: 3.2937%
 -- Sample 20: 1.8897%
 -- Sample 21: 0.3753%
 -- Sample 22: 0.2183%
 -- Sample 23: 0.2336%
 -- Sample 24: 8.9962%
 -- Sample 25: 7.6493%
 -- Sample 26: 7.0939%
 -- Sample 27: 8.9938%
 -- Sample 28: 2.4807%
 -- Sample 29: 1.4134%
 -- Sample 30: 2.3191%
 -- Sample 31: 2.7187%
 -- Sample 32: 5.6238%
 -- Sample 33: 4.8107%
 -- Sample 34: 4.5560%
 -- Sample 35: 6.7075%
 -- Sample 36: 2.3504%
 -- Sample 37: 1.5960%
 -- Sample 38: 2.5366%
 -- Sample 39: 6.4776%
 -- Sample 40: 9.3872%
 -- Sample 41: 7.3841%
 -- Sample 42: 6.4359%
 -- Sample 43: 9.3320%
 -- Sample 44: 3.2828%
 -- Sample 45: 7.4412%
 -- Sample 46: 13.8391%
 -- Sample 47: 7.5808%
 -- Sample 48: 0.1074%
 -- Sample 49: 3.5087%
Mean: 4.6304%, Std: 3.2706%
------------------------------------------------------------------
Evaluating Divergent:
 -- Sample 0: 39.5069%
 -- Sample 1: 40.4809%
 -- Sample 2: 41.9769%
 -- Sample 3: 41.3120%
 -- Sample 4: 41.3947%
 -- Sample 5: 40.9469%
 -- Sample 6: 40.3095%
 -- Sample 7: 40.7992%
 -- Sample 8: 39.9262%
 -- Sample 9: 39.9650%
 -- Sample 10: 40.4435%
 -- Sample 11: 40.7106%
 -- Sample 12: 46.3023%
 -- Sample 13: 46.9037%
 -- Sample 14: 47.7133%
 -- Sample 15: 46.5370%
 -- Sample 16: 40.5076%
 -- Sample 17: 39.3907%
 -- Sample 18: 40.8040%
 -- Sample 19: 40.3188%
 -- Sample 20: 40.9136%
 -- Sample 21: 40.5005%
 -- Sample 22: 39.5207%
 -- Sample 23: 40.1094%
 -- Sample 24: 39.3730%
 -- Sample 25: 39.3003%
 -- Sample 26: 39.5717%
 -- Sample 27: 39.8054%
 -- Sample 28: 30.5170%
 -- Sample 29: 30.4503%
 -- Sample 30: 30.9292%
 -- Sample 31: 30.8003%
 -- Sample 32: 40.4116%
 -- Sample 33: 42.2253%
 -- Sample 34: 41.1890%
 -- Sample 35: 40.1254%
 -- Sample 36: 36.3424%
 -- Sample 37: 37.3230%
 -- Sample 38: 36.9492%
 -- Sample 39: 35.8499%
 -- Sample 40: 42.8096%
 -- Sample 41: 42.6477%
 -- Sample 42: 42.2059%
 -- Sample 43: 42.0848%
 -- Sample 44: 45.5571%
 -- Sample 45: 45.5244%
 -- Sample 46: 45.7550%
 -- Sample 47: 45.8390%
 -- Sample 48: 38.9586%
 -- Sample 49: 38.9821%
Mean: 40.3764%, Std: 3.8813%
------------------------------------------------------------------
  Processing Batch 6 (Size: 34)...
    Evaluating Ko et al (D3)
Bias Error: using velocity magnitude
Mean: 18.1983, Std: 11.5554
------------------------------------------------------------------
Magnitude Error: 
 -- Sample 0: mean=37.2107%; std=17.5544
 -- Sample 1: mean=36.3248%; std=17.6344
 -- Sample 2: mean=22.7328%; std=18.4489
 -- Sample 3: mean=20.5858%; std=16.8039
 -- Sample 4: mean=19.4856%; std=16.8790
 -- Sample 5: mean=22.5456%; std=18.1032
 -- Sample 6: mean=46.9623%; std=61.2557
 -- Sample 7: mean=46.0589%; std=47.5506
 -- Sample 8: mean=46.0696%; std=59.5189
 -- Sample 9: mean=43.6168%; std=46.6271
 -- Sample 10: mean=29.3625%; std=15.0767
 -- Sample 11: mean=31.3847%; std=14.2381
 -- Sample 12: mean=31.5826%; std=13.6618
 -- Sample 13: mean=31.9648%; std=14.9652
 -- Sample 14: mean=27.5711%; std=17.9590
 -- Sample 15: mean=28.1778%; std=17.8942
 -- Sample 16: mean=30.8778%; std=18.8424
 -- Sample 17: mean=30.2293%; std=18.8796
 -- Sample 18: mean=33.4850%; std=21.8563
 -- Sample 19: mean=34.9298%; std=21.1996
 -- Sample 20: mean=32.0344%; std=19.9477
 -- Sample 21: mean=32.1518%; std=22.2843
 -- Sample 22: mean=46.4985%; std=12.8778
 -- Sample 23: mean=47.5707%; std=13.3981
 -- Sample 24: mean=47.5884%; std=14.6996
 -- Sample 25: mean=46.8902%; std=14.8344
 -- Sample 26: mean=31.2231%; std=29.9050
 -- Sample 27: mean=31.9407%; std=31.0068
 -- Sample 28: mean=30.3288%; std=21.7187
 -- Sample 29: mean=28.5731%; std=25.7188
 -- Sample 30: mean=35.3913%; std=20.6523
 -- Sample 31: mean=35.8541%; std=19.2248
 -- Sample 32: mean=31.8509%; std=18.7550
 -- Sample 33: mean=30.6786%; std=22.6913
Mean: 34.1098%, Std: 7.9125%
------------------------------------------------------------------
Angular error:
 -- Sample 0: mean=27.7880º; std=33.6440
 -- Sample 1: mean=27.2672º; std=33.3589
 -- Sample 2: mean=23.7406º; std=31.5446
 -- Sample 3: mean=23.0424º; std=31.1296
 -- Sample 4: mean=24.3502º; std=32.8614
 -- Sample 5: mean=24.3265º; std=32.5664
 -- Sample 6: mean=42.0501º; std=41.8573
 -- Sample 7: mean=44.2824º; std=41.9308
 -- Sample 8: mean=42.7987º; std=41.7864
 -- Sample 9: mean=43.7502º; std=42.1453
 -- Sample 10: mean=20.5959º; std=29.3111
 -- Sample 11: mean=20.8952º; std=28.7584
 -- Sample 12: mean=21.5583º; std=29.1151
 -- Sample 13: mean=21.4290º; std=29.1827
 -- Sample 14: mean=29.3363º; std=33.6691
 -- Sample 15: mean=29.0559º; std=32.4689
 -- Sample 16: mean=29.6143º; std=32.4127
 -- Sample 17: mean=30.0975º; std=34.1583
 -- Sample 18: mean=41.9329º; std=41.4766
 -- Sample 19: mean=44.1218º; std=42.3739
 -- Sample 20: mean=46.1652º; std=43.1380
 -- Sample 21: mean=43.7629º; std=42.6279
 -- Sample 22: mean=27.9420º; std=34.0650
 -- Sample 23: mean=28.2452º; std=33.2002
 -- Sample 24: mean=26.5581º; std=32.9271
 -- Sample 25: mean=26.1586º; std=32.7379
 -- Sample 26: mean=27.8561º; std=35.2304
 -- Sample 27: mean=29.0582º; std=36.9138
 -- Sample 28: mean=28.0280º; std=37.3213
 -- Sample 29: mean=27.3848º; std=36.0166
 -- Sample 30: mean=36.9135º; std=42.6779
 -- Sample 31: mean=36.9222º; std=42.7393
 -- Sample 32: mean=37.2899º; std=43.4178
 -- Sample 33: mean=37.7856º; std=44.4221
Mean: 31.5325º, Std: 7.9631º
------------------------------------------------------------------
Correlation comparison:
 -- Sample 0: 0.9411
 -- Sample 1: 0.9499
 -- Sample 2: 0.9557
 -- Sample 3: 0.9644
 -- Sample 4: 0.9609
 -- Sample 5: 0.9541
 -- Sample 6: 0.7560
 -- Sample 7: 0.7832
 -- Sample 8: 0.7923
 -- Sample 9: 0.7973
 -- Sample 10: 0.9620
 -- Sample 11: 0.9598
 -- Sample 12: 0.9637
 -- Sample 13: 0.9693
 -- Sample 14: 0.9164
 -- Sample 15: 0.9099
 -- Sample 16: 0.9056
 -- Sample 17: 0.9064
 -- Sample 18: 0.9223
 -- Sample 19: 0.9350
 -- Sample 20: 0.9387
 -- Sample 21: 0.9250
 -- Sample 22: 0.9545
 -- Sample 23: 0.9573
 -- Sample 24: 0.9459
 -- Sample 25: 0.9492
 -- Sample 26: 0.9198
 -- Sample 27: 0.9184
 -- Sample 28: 0.9328
 -- Sample 29: 0.9361
 -- Sample 30: 0.8632
 -- Sample 31: 0.8727
 -- Sample 32: 0.8987
 -- Sample 33: 0.8791
Mean=0.9146, Std=0.0554
------------------------------------------------------------------
Flux Error:
 -- Sample 0: 0.3650
 -- Sample 1: 0.6017
 -- Sample 2: 0.4997
 -- Sample 3: 0.7415
 -- Sample 4: 0.5128
 -- Sample 5: 0.6735
 -- Sample 6: 0.4908
 -- Sample 7: 0.6330
 -- Sample 8: 0.5411
 -- Sample 9: 0.6055
 -- Sample 10: 0.7744
 -- Sample 11: 0.3248
 -- Sample 12: 0.7539
 -- Sample 13: 0.3380
 -- Sample 14: 0.8704
 -- Sample 15: 0.5307
 -- Sample 16: 1.0278
 -- Sample 17: 0.5865
 -- Sample 18: 0.6120
 -- Sample 19: 0.6657
 -- Sample 20: 0.5615
 -- Sample 21: 0.6355
 -- Sample 22: 0.6083
 -- Sample 23: 0.6283
 -- Sample 24: 0.6294
 -- Sample 25: 0.6181
 -- Sample 26: 0.9012
 -- Sample 27: 0.4657
 -- Sample 28: 0.9052
 -- Sample 29: 0.4989
 -- Sample 30: 0.9678
 -- Sample 31: 0.6879
 -- Sample 32: 0.9555
 -- Sample 33: 0.7955
Mean: 0.6473, Std: 0.1738
------------------------------------------------------------------
Tortuosity Comparison:
 -- Sample 0: 5.2569%
 -- Sample 1: 2.3903%
 -- Sample 2: 4.6263%
 -- Sample 3: 3.3806%
 -- Sample 4: 2.7989%
 -- Sample 5: 3.7404%
 -- Sample 6: 0.3984%
 -- Sample 7: 0.6966%
 -- Sample 8: 3.7905%
 -- Sample 9: 3.5214%
 -- Sample 10: 2.2516%
 -- Sample 11: 1.4357%
 -- Sample 12: 2.0085%
 -- Sample 13: 2.0014%
 -- Sample 14: 5.6299%
 -- Sample 15: 5.6744%
 -- Sample 16: 2.0146%
 -- Sample 17: 2.7854%
 -- Sample 18: 9.2744%
 -- Sample 19: 13.1630%
 -- Sample 20: 16.6174%
 -- Sample 21: 14.3557%
 -- Sample 22: 3.2479%
 -- Sample 23: 3.7659%
 -- Sample 24: 3.8575%
 -- Sample 25: 3.7809%
 -- Sample 26: 6.3206%
 -- Sample 27: 5.5921%
 -- Sample 28: 3.7460%
 -- Sample 29: 4.5563%
 -- Sample 30: 1.4273%
 -- Sample 31: 1.1033%
 -- Sample 32: 1.5191%
 -- Sample 33: 0.1248%
Mean: 4.3192%, Std: 3.7534%
------------------------------------------------------------------
Evaluating Divergent:
 -- Sample 0: 39.5208%
 -- Sample 1: 39.6765%
 -- Sample 2: 44.3875%
 -- Sample 3: 44.3101%
 -- Sample 4: 44.4876%
 -- Sample 5: 44.2430%
 -- Sample 6: 44.2766%
 -- Sample 7: 45.2662%
 -- Sample 8: 45.5917%
 -- Sample 9: 45.6454%
 -- Sample 10: 35.3462%
 -- Sample 11: 35.0205%
 -- Sample 12: 35.5270%
 -- Sample 13: 35.0998%
 -- Sample 14: 39.5272%
 -- Sample 15: 41.4458%
 -- Sample 16: 42.0658%
 -- Sample 17: 40.3637%
 -- Sample 18: 46.7342%
 -- Sample 19: 46.7618%
 -- Sample 20: 46.6636%
 -- Sample 21: 47.1368%
 -- Sample 22: 37.5979%
 -- Sample 23: 37.8247%
 -- Sample 24: 37.3631%
 -- Sample 25: 37.8572%
 -- Sample 26: 38.1881%
 -- Sample 27: 37.9917%
 -- Sample 28: 36.9338%
 -- Sample 29: 37.2210%
 -- Sample 30: 41.7802%
 -- Sample 31: 41.4405%
 -- Sample 32: 40.9877%
 -- Sample 33: 41.3421%
Mean: 41.0478%, Std: 3.7817%
------------------------------------------------------------------

Processing Dataset: Berea Upper Gray
Considering 224 samples from ../NN_Datasets_Grad_Dist_40_5_55/Test_Oliveira_BereaUpperGray_SAug_DNorm.h5.
  Processing Batch 1 (Size: 50)...
    Evaluating Ko et al (D3)
Bias Error: using velocity magnitude
Mean: 18.5979, Std: 15.1937
------------------------------------------------------------------
Magnitude Error: 
 -- Sample 0: mean=55.4587%; std=22.5824
 -- Sample 1: mean=53.4971%; std=23.0401
 -- Sample 2: mean=49.8927%; std=23.8958
 -- Sample 3: mean=53.2440%; std=23.4412
 -- Sample 4: mean=22.2554%; std=16.1952
 -- Sample 5: mean=20.5491%; std=14.9550
 -- Sample 6: mean=20.6857%; std=15.1720
 -- Sample 7: mean=21.9734%; std=16.0495
 -- Sample 8: mean=43.1025%; std=23.6138
 -- Sample 9: mean=44.6003%; std=26.6402
 -- Sample 10: mean=44.1500%; std=29.4582
 -- Sample 11: mean=41.6258%; std=25.2015
 -- Sample 12: mean=68.6929%; std=49.9993
 -- Sample 13: mean=66.7281%; std=49.2741
 -- Sample 14: mean=72.2084%; std=54.8457
 -- Sample 15: mean=64.5887%; std=43.0758
 -- Sample 16: mean=58.6323%; std=28.9765
 -- Sample 17: mean=49.9354%; std=26.4120
 -- Sample 18: mean=53.6878%; std=31.5313
 -- Sample 19: mean=53.4317%; std=30.9739
 -- Sample 20: mean=51.2467%; std=35.1995
 -- Sample 21: mean=52.8603%; std=43.6379
 -- Sample 22: mean=45.7687%; std=29.1259
 -- Sample 23: mean=48.6510%; std=37.0431
 -- Sample 24: mean=50.5474%; std=16.7436
 -- Sample 25: mean=50.1038%; std=17.1044
 -- Sample 26: mean=51.1263%; std=16.1929
 -- Sample 27: mean=50.1276%; std=16.9232
 -- Sample 28: mean=26.3839%; std=19.8087
 -- Sample 29: mean=29.9686%; std=19.8983
 -- Sample 30: mean=28.5485%; std=19.6801
 -- Sample 31: mean=27.4428%; std=19.4956
 -- Sample 32: mean=54.2023%; std=44.7754
 -- Sample 33: mean=60.9609%; std=50.7550
 -- Sample 34: mean=57.6499%; std=46.1943
 -- Sample 35: mean=60.4061%; std=45.9513
 -- Sample 36: mean=93.6060%; std=111.3876
 -- Sample 37: mean=87.0564%; std=96.8920
 -- Sample 38: mean=84.9378%; std=91.1957
 -- Sample 39: mean=86.0509%; std=91.6728
 -- Sample 40: mean=53.6434%; std=23.7565
 -- Sample 41: mean=52.5387%; std=23.7335
 -- Sample 42: mean=52.6299%; std=23.0291
 -- Sample 43: mean=53.2837%; std=22.4630
 -- Sample 44: mean=50.7455%; std=53.2873
 -- Sample 45: mean=57.1514%; std=52.0474
 -- Sample 46: mean=57.2931%; std=48.7223
 -- Sample 47: mean=51.0550%; std=49.2278
 -- Sample 48: mean=36.3386%; std=24.9980
 -- Sample 49: mean=37.0752%; std=24.1426
Mean: 51.1668%, Std: 16.3942%
------------------------------------------------------------------
Angular error:
 -- Sample 0: mean=44.7981º; std=40.5672
 -- Sample 1: mean=44.8562º; std=41.8850
 -- Sample 2: mean=44.4281º; std=40.5572
 -- Sample 3: mean=44.7134º; std=40.2903
 -- Sample 4: mean=35.2386º; std=39.7429
 -- Sample 5: mean=35.9791º; std=40.4054
 -- Sample 6: mean=37.1968º; std=41.2853
 -- Sample 7: mean=35.6704º; std=40.0546
 -- Sample 8: mean=36.0487º; std=37.0857
 -- Sample 9: mean=35.7933º; std=36.6321
 -- Sample 10: mean=37.4158º; std=37.9148
 -- Sample 11: mean=37.6361º; std=38.1801
 -- Sample 12: mean=34.5597º; std=36.4167
 -- Sample 13: mean=35.7521º; std=37.3954
 -- Sample 14: mean=36.0447º; std=36.7799
 -- Sample 15: mean=34.4190º; std=35.8447
 -- Sample 16: mean=47.6857º; std=42.9105
 -- Sample 17: mean=48.2027º; std=42.6467
 -- Sample 18: mean=48.0475º; std=43.4820
 -- Sample 19: mean=47.5801º; std=42.2529
 -- Sample 20: mean=47.1053º; std=41.2774
 -- Sample 21: mean=45.2267º; std=39.6459
 -- Sample 22: mean=45.5372º; std=40.5539
 -- Sample 23: mean=45.9615º; std=41.5345
 -- Sample 24: mean=37.3887º; std=38.7832
 -- Sample 25: mean=38.2815º; std=39.6910
 -- Sample 26: mean=39.4373º; std=40.1518
 -- Sample 27: mean=38.3264º; std=39.4078
 -- Sample 28: mean=27.7604º; std=35.7931
 -- Sample 29: mean=26.7606º; std=33.6227
 -- Sample 30: mean=27.8757º; std=34.9778
 -- Sample 31: mean=27.5698º; std=35.4938
 -- Sample 32: mean=37.4961º; std=39.6609
 -- Sample 33: mean=37.3857º; std=39.8050
 -- Sample 34: mean=36.2826º; std=38.4041
 -- Sample 35: mean=36.6815º; std=39.3207
 -- Sample 36: mean=46.5883º; std=43.2180
 -- Sample 37: mean=46.2986º; std=42.6685
 -- Sample 38: mean=45.9047º; std=42.1549
 -- Sample 39: mean=46.9999º; std=42.6409
 -- Sample 40: mean=40.7319º; std=38.7586
 -- Sample 41: mean=40.7035º; std=39.0375
 -- Sample 42: mean=40.1391º; std=38.2658
 -- Sample 43: mean=40.7099º; std=37.8721
 -- Sample 44: mean=49.2699º; std=40.3746
 -- Sample 45: mean=47.2785º; std=40.1583
 -- Sample 46: mean=44.8009º; std=39.0968
 -- Sample 47: mean=45.1053º; std=38.0123
 -- Sample 48: mean=33.6415º; std=34.4779
 -- Sample 49: mean=33.8893º; std=35.7669
Mean: 39.9841º, Std: 5.9969º
------------------------------------------------------------------
Correlation comparison:
 -- Sample 0: 0.7965
 -- Sample 1: 0.8112
 -- Sample 2: 0.8371
 -- Sample 3: 0.7935
 -- Sample 4: 0.9612
 -- Sample 5: 0.9683
 -- Sample 6: 0.9666
 -- Sample 7: 0.9625
 -- Sample 8: 0.8263
 -- Sample 9: 0.8233
 -- Sample 10: 0.8218
 -- Sample 11: 0.8302
 -- Sample 12: 0.6626
 -- Sample 13: 0.6813
 -- Sample 14: 0.6732
 -- Sample 15: 0.6964
 -- Sample 16: 0.8269
 -- Sample 17: 0.8641
 -- Sample 18: 0.8434
 -- Sample 19: 0.8267
 -- Sample 20: 0.8019
 -- Sample 21: 0.7454
 -- Sample 22: 0.8232
 -- Sample 23: 0.7854
 -- Sample 24: 0.9390
 -- Sample 25: 0.9403
 -- Sample 26: 0.9379
 -- Sample 27: 0.9440
 -- Sample 28: 0.9083
 -- Sample 29: 0.9007
 -- Sample 30: 0.8998
 -- Sample 31: 0.8944
 -- Sample 32: 0.7038
 -- Sample 33: 0.6724
 -- Sample 34: 0.6829
 -- Sample 35: 0.6790
 -- Sample 36: 0.3820
 -- Sample 37: 0.4084
 -- Sample 38: 0.4622
 -- Sample 39: 0.4563
 -- Sample 40: 0.7592
 -- Sample 41: 0.7718
 -- Sample 42: 0.7803
 -- Sample 43: 0.7977
 -- Sample 44: 0.6303
 -- Sample 45: 0.6166
 -- Sample 46: 0.6391
 -- Sample 47: 0.6417
 -- Sample 48: 0.8785
 -- Sample 49: 0.8939
Mean=0.7770, Std=0.1430
------------------------------------------------------------------
Flux Error:
 -- Sample 0: 0.5672
 -- Sample 1: 0.6478
 -- Sample 2: 0.5671
 -- Sample 3: 0.6593
 -- Sample 4: 0.9401
 -- Sample 5: 0.7665
 -- Sample 6: 0.9323
 -- Sample 7: 0.7979
 -- Sample 8: 0.8836
 -- Sample 9: 0.7840
 -- Sample 10: 0.9006
 -- Sample 11: 0.7984
 -- Sample 12: 0.6406
 -- Sample 13: 0.9018
 -- Sample 14: 0.7070
 -- Sample 15: 0.8795
 -- Sample 16: 1.0869
 -- Sample 17: 0.7183
 -- Sample 18: 0.9118
 -- Sample 19: 0.8463
 -- Sample 20: 0.4865
 -- Sample 21: 0.4614
 -- Sample 22: 0.5018
 -- Sample 23: 0.4731
 -- Sample 24: 0.5230
 -- Sample 25: 0.5948
 -- Sample 26: 0.5372
 -- Sample 27: 0.6008
 -- Sample 28: 0.8956
 -- Sample 29: 0.6594
 -- Sample 30: 0.8688
 -- Sample 31: 0.6787
 -- Sample 32: 1.0202
 -- Sample 33: 0.6207
 -- Sample 34: 1.0716
 -- Sample 35: 0.6302
 -- Sample 36: 0.9132
 -- Sample 37: 0.8470
 -- Sample 38: 0.7961
 -- Sample 39: 0.7869
 -- Sample 40: 0.5447
 -- Sample 41: 0.4695
 -- Sample 42: 0.5101
 -- Sample 43: 0.4914
 -- Sample 44: 0.5042
 -- Sample 45: 0.6295
 -- Sample 46: 0.5719
 -- Sample 47: 0.5383
 -- Sample 48: 0.6304
 -- Sample 49: 0.6609
Mean: 0.7091, Std: 0.1715
------------------------------------------------------------------
Tortuosity Comparison:
 -- Sample 0: 23.0508%
 -- Sample 1: 20.8566%
 -- Sample 2: 26.5601%
 -- Sample 3: 19.1221%
 -- Sample 4: 7.9678%
 -- Sample 5: 9.0649%
 -- Sample 6: 8.0694%
 -- Sample 7: 5.6997%
 -- Sample 8: 1.1508%
 -- Sample 9: 0.4628%
 -- Sample 10: 0.9461%
 -- Sample 11: 1.1311%
 -- Sample 12: 6.6215%
 -- Sample 13: 3.7499%
 -- Sample 14: 4.0637%
 -- Sample 15: 4.2142%
 -- Sample 16: 0.1538%
 -- Sample 17: 10.9920%
 -- Sample 18: 6.9418%
 -- Sample 19: 8.8901%
 -- Sample 20: 9.5500%
 -- Sample 21: 6.6634%
 -- Sample 22: 16.5304%
 -- Sample 23: 7.6045%
 -- Sample 24: 0.7444%
 -- Sample 25: 0.6888%
 -- Sample 26: 2.6414%
 -- Sample 27: 4.0904%
 -- Sample 28: 2.1173%
 -- Sample 29: 3.5243%
 -- Sample 30: 3.2790%
 -- Sample 31: 1.5159%
 -- Sample 32: 0.1918%
 -- Sample 33: 1.2263%
 -- Sample 34: 0.8806%
 -- Sample 35: 0.8902%
 -- Sample 36: 8.2613%
 -- Sample 37: 3.7274%
 -- Sample 38: 2.1580%
 -- Sample 39: 4.1642%
 -- Sample 40: 4.0629%
 -- Sample 41: 1.9848%
 -- Sample 42: 8.5918%
 -- Sample 43: 11.1340%
 -- Sample 44: 9.7301%
 -- Sample 45: 2.1332%
 -- Sample 46: 3.0915%
 -- Sample 47: 13.1400%
 -- Sample 48: 12.7644%
 -- Sample 49: 16.3385%
Mean: 6.6626%, Std: 6.2663%
------------------------------------------------------------------
Evaluating Divergent:
 -- Sample 0: 48.0349%
 -- Sample 1: 47.4304%
 -- Sample 2: 47.8859%
 -- Sample 3: 48.2201%
 -- Sample 4: 41.5476%
 -- Sample 5: 42.1394%
 -- Sample 6: 42.3330%
 -- Sample 7: 42.1122%
 -- Sample 8: 43.4626%
 -- Sample 9: 43.5337%
 -- Sample 10: 44.1988%
 -- Sample 11: 44.1562%
 -- Sample 12: 41.4024%
 -- Sample 13: 42.5632%
 -- Sample 14: 42.8172%
 -- Sample 15: 41.4112%
 -- Sample 16: 47.4837%
 -- Sample 17: 48.2485%
 -- Sample 18: 48.2806%
 -- Sample 19: 48.3493%
 -- Sample 20: 51.2939%
 -- Sample 21: 51.1955%
 -- Sample 22: 51.4684%
 -- Sample 23: 51.3369%
 -- Sample 24: 40.0351%
 -- Sample 25: 40.4044%
 -- Sample 26: 40.3593%
 -- Sample 27: 40.4638%
 -- Sample 28: 37.9904%
 -- Sample 29: 38.8063%
 -- Sample 30: 38.4844%
 -- Sample 31: 38.0345%
 -- Sample 32: 42.6705%
 -- Sample 33: 42.6495%
 -- Sample 34: 43.2469%
 -- Sample 35: 43.0923%
 -- Sample 36: 48.8576%
 -- Sample 37: 48.2495%
 -- Sample 38: 48.2712%
 -- Sample 39: 49.0666%
 -- Sample 40: 45.7539%
 -- Sample 41: 45.8485%
 -- Sample 42: 45.5234%
 -- Sample 43: 45.6617%
 -- Sample 44: 51.5175%
 -- Sample 45: 52.1991%
 -- Sample 46: 51.6828%
 -- Sample 47: 51.4342%
 -- Sample 48: 45.9543%
 -- Sample 49: 45.0028%
Mean: 45.2433%, Std: 4.0681%
------------------------------------------------------------------
  Processing Batch 2 (Size: 50)...
    Evaluating Ko et al (D3)
Bias Error: using velocity magnitude
Mean: 31.6230, Std: 31.6961
------------------------------------------------------------------
Magnitude Error: 
 -- Sample 0: mean=45.4483%; std=29.3364
 -- Sample 1: mean=42.5541%; std=28.8187
 -- Sample 2: mean=25.0727%; std=16.5611
 -- Sample 3: mean=28.9663%; std=19.9298
 -- Sample 4: mean=30.2442%; std=19.3819
 -- Sample 5: mean=27.7554%; std=18.9740
 -- Sample 6: mean=36.0406%; std=22.1528
 -- Sample 7: mean=36.7759%; std=22.1696
 -- Sample 8: mean=34.5235%; std=23.2479
 -- Sample 9: mean=33.4416%; std=23.9480
 -- Sample 10: mean=41.5175%; std=31.8487
 -- Sample 11: mean=41.0759%; std=28.7858
 -- Sample 12: mean=42.2981%; std=25.7842
 -- Sample 13: mean=47.0321%; std=37.7488
 -- Sample 14: mean=29.4347%; std=23.6798
 -- Sample 15: mean=31.7078%; std=26.7187
 -- Sample 16: mean=31.3009%; std=22.8385
 -- Sample 17: mean=29.9573%; std=24.4675
 -- Sample 18: mean=121.2663%; std=106.1719
 -- Sample 19: mean=124.7495%; std=110.3391
 -- Sample 20: mean=134.2468%; std=116.6492
 -- Sample 21: mean=130.4996%; std=120.4884
 -- Sample 22: mean=43.5405%; std=26.0753
 -- Sample 23: mean=40.0941%; std=25.7316
 -- Sample 24: mean=40.5723%; std=26.7168
 -- Sample 25: mean=40.4915%; std=26.5175
 -- Sample 26: mean=118.1567%; std=178.0556
 -- Sample 27: mean=108.3941%; std=145.3094
 -- Sample 28: mean=119.4155%; std=177.6091
 -- Sample 29: mean=122.2321%; std=186.5322
 -- Sample 30: mean=37.2267%; std=29.1195
 -- Sample 31: mean=40.7118%; std=30.8485
 -- Sample 32: mean=41.7627%; std=30.3761
 -- Sample 33: mean=39.6999%; std=33.0163
 -- Sample 34: mean=29.4478%; std=24.7477
 -- Sample 35: mean=31.1381%; std=21.4321
 -- Sample 36: mean=31.0124%; std=21.7681
 -- Sample 37: mean=33.5036%; std=25.0782
 -- Sample 38: mean=37.1565%; std=19.5447
 -- Sample 39: mean=34.9612%; std=20.2041
 -- Sample 40: mean=37.5670%; std=20.4256
 -- Sample 41: mean=39.0352%; std=18.9477
 -- Sample 42: mean=39.0081%; std=20.1146
 -- Sample 43: mean=39.6386%; std=20.6730
 -- Sample 44: mean=41.8488%; std=19.9967
 -- Sample 45: mean=41.7378%; std=20.9869
 -- Sample 46: mean=41.9132%; std=19.3599
 -- Sample 47: mean=40.9216%; std=18.4104
 -- Sample 48: mean=39.3528%; std=19.1993
 -- Sample 49: mean=40.2326%; std=20.6524
Mean: 50.7336%, Std: 31.7755%
------------------------------------------------------------------
Angular error:
 -- Sample 0: mean=34.3885º; std=35.8055
 -- Sample 1: mean=34.2616º; std=34.9346
 -- Sample 2: mean=32.0994º; std=34.0882
 -- Sample 3: mean=33.8193º; std=35.6084
 -- Sample 4: mean=35.2498º; std=35.2044
 -- Sample 5: mean=33.7210º; std=34.1152
 -- Sample 6: mean=42.0789º; std=41.1291
 -- Sample 7: mean=42.4568º; std=40.9477
 -- Sample 8: mean=41.4083º; std=40.0069
 -- Sample 9: mean=42.6899º; std=41.5884
 -- Sample 10: mean=37.9570º; std=40.7918
 -- Sample 11: mean=37.8918º; std=41.0493
 -- Sample 12: mean=37.9749º; std=40.7844
 -- Sample 13: mean=36.5834º; std=39.5956
 -- Sample 14: mean=40.4131º; std=43.1586
 -- Sample 15: mean=41.1294º; std=43.7770
 -- Sample 16: mean=40.8016º; std=43.4561
 -- Sample 17: mean=39.9199º; std=42.9283
 -- Sample 18: mean=66.1036º; std=52.2914
 -- Sample 19: mean=59.6359º; std=48.3014
 -- Sample 20: mean=59.8323º; std=47.9353
 -- Sample 21: mean=66.2906º; std=53.2754
 -- Sample 22: mean=43.1774º; std=39.3209
 -- Sample 23: mean=43.2275º; std=39.2014
 -- Sample 24: mean=41.8891º; std=38.2389
 -- Sample 25: mean=42.6095º; std=39.1127
 -- Sample 26: mean=48.8218º; std=44.3353
 -- Sample 27: mean=50.6593º; std=44.9171
 -- Sample 28: mean=50.5231º; std=45.6792
 -- Sample 29: mean=49.5210º; std=44.6680
 -- Sample 30: mean=54.8177º; std=44.9784
 -- Sample 31: mean=56.9628º; std=44.2138
 -- Sample 32: mean=53.7990º; std=43.1629
 -- Sample 33: mean=52.2973º; std=44.1162
 -- Sample 34: mean=34.4612º; std=38.4636
 -- Sample 35: mean=34.7125º; std=38.4139
 -- Sample 36: mean=34.1325º; std=37.8062
 -- Sample 37: mean=32.9510º; std=37.1163
 -- Sample 38: mean=32.1622º; std=35.8426
 -- Sample 39: mean=31.9469º; std=35.6328
 -- Sample 40: mean=32.5162º; std=35.2902
 -- Sample 41: mean=32.0757º; std=34.9504
 -- Sample 42: mean=37.2592º; std=38.7356
 -- Sample 43: mean=34.7949º; std=35.4370
 -- Sample 44: mean=35.7254º; std=36.0312
 -- Sample 45: mean=39.1834º; std=39.9606
 -- Sample 46: mean=43.4675º; std=42.8434
 -- Sample 47: mean=41.3659º; std=41.7493
 -- Sample 48: mean=43.1388º; std=41.9410
 -- Sample 49: mean=45.7335º; std=44.6453
Mean: 42.2128º, Std: 8.8887º
------------------------------------------------------------------
Correlation comparison:
 -- Sample 0: 0.8307
 -- Sample 1: 0.8365
 -- Sample 2: 0.9592
 -- Sample 3: 0.9426
 -- Sample 4: 0.9464
 -- Sample 5: 0.9562
 -- Sample 6: 0.9516
 -- Sample 7: 0.9428
 -- Sample 8: 0.9442
 -- Sample 9: 0.9492
 -- Sample 10: 0.8445
 -- Sample 11: 0.8630
 -- Sample 12: 0.8368
 -- Sample 13: 0.8018
 -- Sample 14: 0.9507
 -- Sample 15: 0.9435
 -- Sample 16: 0.9452
 -- Sample 17: 0.9498
 -- Sample 18: 0.5257
 -- Sample 19: 0.5472
 -- Sample 20: 0.5342
 -- Sample 21: 0.4972
 -- Sample 22: 0.7990
 -- Sample 23: 0.8112
 -- Sample 24: 0.8045
 -- Sample 25: 0.8087
 -- Sample 26: 0.3327
 -- Sample 27: 0.3706
 -- Sample 28: 0.3122
 -- Sample 29: 0.2870
 -- Sample 30: 0.8418
 -- Sample 31: 0.8090
 -- Sample 32: 0.8016
 -- Sample 33: 0.8321
 -- Sample 34: 0.9445
 -- Sample 35: 0.9395
 -- Sample 36: 0.9379
 -- Sample 37: 0.9323
 -- Sample 38: 0.8719
 -- Sample 39: 0.8835
 -- Sample 40: 0.8718
 -- Sample 41: 0.8810
 -- Sample 42: 0.9028
 -- Sample 43: 0.8949
 -- Sample 44: 0.9050
 -- Sample 45: 0.9063
 -- Sample 46: 0.8844
 -- Sample 47: 0.9049
 -- Sample 48: 0.9195
 -- Sample 49: 0.9011
Mean=0.8158, Std=0.1820
------------------------------------------------------------------
Flux Error:
 -- Sample 0: 0.6397
 -- Sample 1: 0.6834
 -- Sample 2: 0.8610
 -- Sample 3: 0.5605
 -- Sample 4: 0.9750
 -- Sample 5: 0.5779
 -- Sample 6: 0.7367
 -- Sample 7: 0.5287
 -- Sample 8: 0.8213
 -- Sample 9: 0.5777
 -- Sample 10: 0.5595
 -- Sample 11: 0.8161
 -- Sample 12: 0.5376
 -- Sample 13: 0.8421
 -- Sample 14: 0.9358
 -- Sample 15: 1.0288
 -- Sample 16: 0.9974
 -- Sample 17: 0.9320
 -- Sample 18: 1.8534
 -- Sample 19: 1.9192
 -- Sample 20: 2.2433
 -- Sample 21: 1.7201
 -- Sample 22: 0.5470
 -- Sample 23: 0.6135
 -- Sample 24: 0.5388
 -- Sample 25: 0.6087
 -- Sample 26: 1.9668
 -- Sample 27: 1.4279
 -- Sample 28: 1.8247
 -- Sample 29: 1.6710
 -- Sample 30: 0.4341
 -- Sample 31: 0.4590
 -- Sample 32: 0.4494
 -- Sample 33: 0.5872
 -- Sample 34: 0.7342
 -- Sample 35: 0.7683
 -- Sample 36: 0.7025
 -- Sample 37: 0.8267
 -- Sample 38: 0.4960
 -- Sample 39: 0.4682
 -- Sample 40: 0.5442
 -- Sample 41: 0.4649
 -- Sample 42: 0.4977
 -- Sample 43: 0.4422
 -- Sample 44: 0.4823
 -- Sample 45: 0.4538
 -- Sample 46: 0.5580
 -- Sample 47: 0.6123
 -- Sample 48: 0.5661
 -- Sample 49: 0.6044
Mean: 0.8339, Std: 0.4692
------------------------------------------------------------------
Tortuosity Comparison:
 -- Sample 0: 11.2417%
 -- Sample 1: 8.7335%
 -- Sample 2: 3.5801%
 -- Sample 3: 3.5043%
 -- Sample 4: 1.9551%
 -- Sample 5: 5.3061%
 -- Sample 6: 22.4393%
 -- Sample 7: 25.8365%
 -- Sample 8: 17.1409%
 -- Sample 9: 14.3723%
 -- Sample 10: 2.0880%
 -- Sample 11: 1.5877%
 -- Sample 12: 1.6314%
 -- Sample 13: 5.1447%
 -- Sample 14: 4.1196%
 -- Sample 15: 0.4519%
 -- Sample 16: 1.8272%
 -- Sample 17: 3.0769%
 -- Sample 18: 9.6753%
 -- Sample 19: 16.7978%
 -- Sample 20: 19.1702%
 -- Sample 21: 11.6514%
 -- Sample 22: 14.6001%
 -- Sample 23: 16.2731%
 -- Sample 24: 8.7086%
 -- Sample 25: 7.3822%
 -- Sample 26: 23.6209%
 -- Sample 27: 15.3790%
 -- Sample 28: 19.6491%
 -- Sample 29: 22.6847%
 -- Sample 30: 16.4752%
 -- Sample 31: 25.3441%
 -- Sample 32: 20.9252%
 -- Sample 33: 14.8551%
 -- Sample 34: 2.3405%
 -- Sample 35: 5.1043%
 -- Sample 36: 6.5093%
 -- Sample 37: 2.5423%
 -- Sample 38: 11.9890%
 -- Sample 39: 11.6550%
 -- Sample 40: 13.7690%
 -- Sample 41: 15.2497%
 -- Sample 42: 1.7834%
 -- Sample 43: 3.9956%
 -- Sample 44: 9.0379%
 -- Sample 45: 7.6003%
 -- Sample 46: 23.2519%
 -- Sample 47: 23.8432%
 -- Sample 48: 19.6580%
 -- Sample 49: 18.4413%
Mean: 11.4800%, Std: 7.6665%
------------------------------------------------------------------
Evaluating Divergent:
 -- Sample 0: 45.3913%
 -- Sample 1: 46.2202%
 -- Sample 2: 43.0754%
 -- Sample 3: 44.4074%
 -- Sample 4: 44.4837%
 -- Sample 5: 43.6354%
 -- Sample 6: 47.4139%
 -- Sample 7: 48.4171%
 -- Sample 8: 48.0024%
 -- Sample 9: 46.9119%
 -- Sample 10: 40.5512%
 -- Sample 11: 40.4507%
 -- Sample 12: 40.6013%
 -- Sample 13: 40.5208%
 -- Sample 14: 44.3465%
 -- Sample 15: 43.9069%
 -- Sample 16: 43.5892%
 -- Sample 17: 43.8061%
 -- Sample 18: 49.4520%
 -- Sample 19: 49.4515%
 -- Sample 20: 49.2490%
 -- Sample 21: 49.2191%
 -- Sample 22: 48.4236%
 -- Sample 23: 48.0378%
 -- Sample 24: 47.4747%
 -- Sample 25: 47.8806%
 -- Sample 26: 48.9108%
 -- Sample 27: 49.4251%
 -- Sample 28: 48.0667%
 -- Sample 29: 48.3944%
 -- Sample 30: 52.1892%
 -- Sample 31: 52.8249%
 -- Sample 32: 52.4229%
 -- Sample 33: 52.4363%
 -- Sample 34: 42.1529%
 -- Sample 35: 42.7710%
 -- Sample 36: 42.6506%
 -- Sample 37: 42.0024%
 -- Sample 38: 42.1878%
 -- Sample 39: 42.1462%
 -- Sample 40: 43.0118%
 -- Sample 41: 42.6664%
 -- Sample 42: 39.5598%
 -- Sample 43: 40.5017%
 -- Sample 44: 40.7158%
 -- Sample 45: 40.2475%
 -- Sample 46: 47.4674%
 -- Sample 47: 46.6980%
 -- Sample 48: 47.1241%
 -- Sample 49: 47.2068%
Mean: 45.5740%, Std: 3.6293%
------------------------------------------------------------------
  Processing Batch 3 (Size: 50)...
    Evaluating Ko et al (D3)
Bias Error: using velocity magnitude
Mean: 57.7621, Std: 118.9947
------------------------------------------------------------------
Magnitude Error: 
 -- Sample 0: mean=382.8113%; std=356.2711
 -- Sample 1: mean=341.2440%; std=344.2649
 -- Sample 2: mean=364.7218%; std=364.5178
 -- Sample 3: mean=373.6436%; std=334.1756
 -- Sample 4: mean=37.1915%; std=38.5348
 -- Sample 5: mean=39.0877%; std=42.1522
 -- Sample 6: mean=37.5482%; std=42.9361
 -- Sample 7: mean=36.3204%; std=38.6532
 -- Sample 8: mean=136.0430%; std=223.6068
 -- Sample 9: mean=149.7105%; std=255.0208
 -- Sample 10: mean=157.9048%; std=251.9146
 -- Sample 11: mean=138.0752%; std=211.8322
 -- Sample 12: mean=44.3952%; std=30.0088
 -- Sample 13: mean=50.3109%; std=40.3967
 -- Sample 14: mean=56.4754%; std=49.6326
 -- Sample 15: mean=52.9527%; std=43.5149
 -- Sample 16: mean=18.5215%; std=14.3174
 -- Sample 17: mean=16.0181%; std=13.0339
 -- Sample 18: mean=20.0971%; std=15.1283
 -- Sample 19: mean=20.5653%; std=15.7922
 -- Sample 20: mean=38.7540%; std=19.9660
 -- Sample 21: mean=37.5310%; std=18.9699
 -- Sample 22: mean=37.7177%; std=20.1042
 -- Sample 23: mean=38.1238%; std=19.0176
 -- Sample 24: mean=46.6630%; std=23.7767
 -- Sample 25: mean=46.9432%; std=23.1759
 -- Sample 26: mean=48.9371%; std=23.7167
 -- Sample 27: mean=43.2753%; std=21.7858
 -- Sample 28: mean=33.7730%; std=25.9443
 -- Sample 29: mean=33.9390%; std=33.6322
 -- Sample 30: mean=31.9833%; std=32.6401
 -- Sample 31: mean=34.6798%; std=29.1927
 -- Sample 32: mean=25.5797%; std=18.2010
 -- Sample 33: mean=26.5341%; std=18.5138
 -- Sample 34: mean=28.1417%; std=17.6431
 -- Sample 35: mean=26.3108%; std=17.4239
 -- Sample 36: mean=41.3951%; std=22.4628
 -- Sample 37: mean=43.5144%; std=23.1246
 -- Sample 38: mean=46.4692%; std=20.4391
 -- Sample 39: mean=45.8557%; std=20.7560
 -- Sample 40: mean=37.0313%; std=20.7380
 -- Sample 41: mean=38.4954%; std=19.8126
 -- Sample 42: mean=34.6777%; std=21.9119
 -- Sample 43: mean=35.5917%; std=19.8960
 -- Sample 44: mean=30.3017%; std=14.8816
 -- Sample 45: mean=32.4697%; std=14.3121
 -- Sample 46: mean=30.3613%; std=15.0039
 -- Sample 47: mean=30.9941%; std=14.8534
 -- Sample 48: mean=27.4145%; std=19.6271
 -- Sample 49: mean=27.8549%; std=23.2976
Mean: 71.0990%, Std: 92.2737%
------------------------------------------------------------------
Angular error:
 -- Sample 0: mean=55.8134º; std=45.5890
 -- Sample 1: mean=57.2270º; std=44.6233
 -- Sample 2: mean=58.3357º; std=44.3609
 -- Sample 3: mean=56.4533º; std=45.2066
 -- Sample 4: mean=36.9865º; std=38.8037
 -- Sample 5: mean=37.5908º; std=38.9746
 -- Sample 6: mean=37.7782º; std=39.3877
 -- Sample 7: mean=36.5977º; std=38.8474
 -- Sample 8: mean=48.5739º; std=41.0983
 -- Sample 9: mean=48.9479º; std=41.1020
 -- Sample 10: mean=49.9544º; std=42.2913
 -- Sample 11: mean=49.4150º; std=40.5817
 -- Sample 12: mean=61.2714º; std=45.0026
 -- Sample 13: mean=64.9691º; std=46.0111
 -- Sample 14: mean=67.7015º; std=46.4890
 -- Sample 15: mean=63.6536º; std=44.7242
 -- Sample 16: mean=32.9654º; std=36.8208
 -- Sample 17: mean=31.9678º; std=37.8374
 -- Sample 18: mean=31.7605º; std=37.3050
 -- Sample 19: mean=32.1736º; std=36.5516
 -- Sample 20: mean=33.0764º; std=35.6132
 -- Sample 21: mean=32.6780º; std=35.5634
 -- Sample 22: mean=33.1712º; std=34.5576
 -- Sample 23: mean=32.7339º; std=35.5081
 -- Sample 24: mean=32.8515º; std=36.6170
 -- Sample 25: mean=33.1914º; std=36.6089
 -- Sample 26: mean=33.1606º; std=36.5986
 -- Sample 27: mean=32.7792º; std=36.8966
 -- Sample 28: mean=35.4895º; std=36.6024
 -- Sample 29: mean=36.7280º; std=36.5848
 -- Sample 30: mean=36.2740º; std=36.9497
 -- Sample 31: mean=35.7914º; std=36.3060
 -- Sample 32: mean=27.5197º; std=34.6231
 -- Sample 33: mean=27.9695º; std=34.8867
 -- Sample 34: mean=28.0323º; std=35.2750
 -- Sample 35: mean=27.7318º; std=35.0353
 -- Sample 36: mean=33.8618º; std=40.0399
 -- Sample 37: mean=33.7804º; std=38.8212
 -- Sample 38: mean=33.4598º; std=39.1030
 -- Sample 39: mean=33.6505º; std=39.8591
 -- Sample 40: mean=43.3713º; std=42.7735
 -- Sample 41: mean=42.0739º; std=42.6080
 -- Sample 42: mean=42.7118º; std=42.3748
 -- Sample 43: mean=44.2374º; std=42.9926
 -- Sample 44: mean=33.8992º; std=38.7935
 -- Sample 45: mean=34.5265º; std=38.7738
 -- Sample 46: mean=34.8151º; std=38.7826
 -- Sample 47: mean=32.9555º; std=38.4820
 -- Sample 48: mean=40.2159º; std=44.5229
 -- Sample 49: mean=40.7590º; std=44.6334
Mean: 40.0727º, Std: 10.5556º
------------------------------------------------------------------
Correlation comparison:
 -- Sample 0: 0.6052
 -- Sample 1: 0.5543
 -- Sample 2: 0.5738
 -- Sample 3: 0.6048
 -- Sample 4: 0.9001
 -- Sample 5: 0.8884
 -- Sample 6: 0.9023
 -- Sample 7: 0.9153
 -- Sample 8: 0.5006
 -- Sample 9: 0.4353
 -- Sample 10: 0.4366
 -- Sample 11: 0.5178
 -- Sample 12: 0.8495
 -- Sample 13: 0.8104
 -- Sample 14: 0.7814
 -- Sample 15: 0.8243
 -- Sample 16: 0.9750
 -- Sample 17: 0.9751
 -- Sample 18: 0.9742
 -- Sample 19: 0.9749
 -- Sample 20: 0.8941
 -- Sample 21: 0.9104
 -- Sample 22: 0.9048
 -- Sample 23: 0.9080
 -- Sample 24: 0.8382
 -- Sample 25: 0.8266
 -- Sample 26: 0.8159
 -- Sample 27: 0.8520
 -- Sample 28: 0.8966
 -- Sample 29: 0.8947
 -- Sample 30: 0.9124
 -- Sample 31: 0.8901
 -- Sample 32: 0.9481
 -- Sample 33: 0.9482
 -- Sample 34: 0.9525
 -- Sample 35: 0.9534
 -- Sample 36: 0.8683
 -- Sample 37: 0.8264
 -- Sample 38: 0.8151
 -- Sample 39: 0.8059
 -- Sample 40: 0.9178
 -- Sample 41: 0.9052
 -- Sample 42: 0.9016
 -- Sample 43: 0.9238
 -- Sample 44: 0.9718
 -- Sample 45: 0.9664
 -- Sample 46: 0.9722
 -- Sample 47: 0.9709
 -- Sample 48: 0.8948
 -- Sample 49: 0.8975
Mean=0.8397, Std=0.1470
------------------------------------------------------------------
Flux Error:
 -- Sample 0: 4.5197
 -- Sample 1: 4.1387
 -- Sample 2: 4.4191
 -- Sample 3: 4.4570
 -- Sample 4: 0.7941
 -- Sample 5: 0.8377
 -- Sample 6: 0.8030
 -- Sample 7: 0.8051
 -- Sample 8: 1.6312
 -- Sample 9: 1.5710
 -- Sample 10: 1.7492
 -- Sample 11: 1.5228
 -- Sample 12: 0.5364
 -- Sample 13: 0.8393
 -- Sample 14: 0.5783
 -- Sample 15: 0.8564
 -- Sample 16: 0.6813
 -- Sample 17: 0.7158
 -- Sample 18: 0.7729
 -- Sample 19: 0.7724
 -- Sample 20: 0.5510
 -- Sample 21: 0.5631
 -- Sample 22: 0.5331
 -- Sample 23: 0.6021
 -- Sample 24: 0.7441
 -- Sample 25: 0.7292
 -- Sample 26: 0.6683
 -- Sample 27: 0.7135
 -- Sample 28: 0.6386
 -- Sample 29: 0.5404
 -- Sample 30: 0.6928
 -- Sample 31: 0.5574
 -- Sample 32: 0.5218
 -- Sample 33: 0.6851
 -- Sample 34: 0.5362
 -- Sample 35: 0.6284
 -- Sample 36: 0.6275
 -- Sample 37: 0.9273
 -- Sample 38: 0.7042
 -- Sample 39: 0.9076
 -- Sample 40: 0.6157
 -- Sample 41: 0.7356
 -- Sample 42: 0.6304
 -- Sample 43: 0.7806
 -- Sample 44: 0.8022
 -- Sample 45: 0.6496
 -- Sample 46: 0.8336
 -- Sample 47: 0.6654
 -- Sample 48: 0.6110
 -- Sample 49: 0.6549
Mean: 1.0610, Std: 1.0174
------------------------------------------------------------------
Tortuosity Comparison:
 -- Sample 0: 2.9094%
 -- Sample 1: 3.9324%
 -- Sample 2: 2.8940%
 -- Sample 3: 6.1612%
 -- Sample 4: 10.4278%
 -- Sample 5: 12.7428%
 -- Sample 6: 10.8393%
 -- Sample 7: 11.4217%
 -- Sample 8: 11.0106%
 -- Sample 9: 11.2616%
 -- Sample 10: 10.8190%
 -- Sample 11: 7.9704%
 -- Sample 12: 40.9582%
 -- Sample 13: 43.4195%
 -- Sample 14: 43.3148%
 -- Sample 15: 41.9813%
 -- Sample 16: 6.3230%
 -- Sample 17: 2.8293%
 -- Sample 18: 1.8350%
 -- Sample 19: 3.5413%
 -- Sample 20: 12.7865%
 -- Sample 21: 10.8555%
 -- Sample 22: 13.8644%
 -- Sample 23: 13.0819%
 -- Sample 24: 2.4936%
 -- Sample 25: 0.5549%
 -- Sample 26: 2.8390%
 -- Sample 27: 3.6041%
 -- Sample 28: 5.7682%
 -- Sample 29: 9.3468%
 -- Sample 30: 4.5462%
 -- Sample 31: 6.3282%
 -- Sample 32: 4.3632%
 -- Sample 33: 3.1024%
 -- Sample 34: 1.6830%
 -- Sample 35: 3.2146%
 -- Sample 36: 5.8554%
 -- Sample 37: 8.2715%
 -- Sample 38: 9.2882%
 -- Sample 39: 7.3421%
 -- Sample 40: 9.7400%
 -- Sample 41: 7.8177%
 -- Sample 42: 6.2802%
 -- Sample 43: 9.2112%
 -- Sample 44: 0.0898%
 -- Sample 45: 0.0801%
 -- Sample 46: 3.2328%
 -- Sample 47: 0.5343%
 -- Sample 48: 3.2464%
 -- Sample 49: 0.7544%
Mean: 9.1354%, Std: 10.5366%
------------------------------------------------------------------
Evaluating Divergent:
 -- Sample 0: 52.2524%
 -- Sample 1: 52.5425%
 -- Sample 2: 51.4117%
 -- Sample 3: 51.5503%
 -- Sample 4: 41.9356%
 -- Sample 5: 42.2321%
 -- Sample 6: 41.7343%
 -- Sample 7: 41.0353%
 -- Sample 8: 51.7279%
 -- Sample 9: 51.2785%
 -- Sample 10: 49.6491%
 -- Sample 11: 51.3364%
 -- Sample 12: 50.2008%
 -- Sample 13: 50.6221%
 -- Sample 14: 51.0022%
 -- Sample 15: 50.5216%
 -- Sample 16: 41.4604%
 -- Sample 17: 40.9380%
 -- Sample 18: 40.2157%
 -- Sample 19: 40.8310%
 -- Sample 20: 41.9744%
 -- Sample 21: 41.3108%
 -- Sample 22: 42.1948%
 -- Sample 23: 42.0197%
 -- Sample 24: 41.2519%
 -- Sample 25: 41.4358%
 -- Sample 26: 41.5257%
 -- Sample 27: 41.5587%
 -- Sample 28: 43.6058%
 -- Sample 29: 44.4933%
 -- Sample 30: 44.0715%
 -- Sample 31: 44.9267%
 -- Sample 32: 36.3279%
 -- Sample 33: 36.4659%
 -- Sample 34: 36.6884%
 -- Sample 35: 36.6562%
 -- Sample 36: 43.0494%
 -- Sample 37: 44.2249%
 -- Sample 38: 43.5791%
 -- Sample 39: 42.7079%
 -- Sample 40: 45.6544%
 -- Sample 41: 44.6878%
 -- Sample 42: 45.8928%
 -- Sample 43: 46.1103%
 -- Sample 44: 38.8099%
 -- Sample 45: 38.8113%
 -- Sample 46: 37.8228%
 -- Sample 47: 37.4611%
 -- Sample 48: 40.0870%
 -- Sample 49: 41.2457%
Mean: 43.8226%, Std: 4.7454%
------------------------------------------------------------------
  Processing Batch 4 (Size: 50)...
    Evaluating Ko et al (D3)
Bias Error: using velocity magnitude
Mean: 87.4459, Std: 144.2998
------------------------------------------------------------------
Magnitude Error: 
 -- Sample 0: mean=26.1969%; std=19.5831
 -- Sample 1: mean=24.8312%; std=18.5170
 -- Sample 2: mean=166.0885%; std=933.7819
 -- Sample 3: mean=174.2587%; std=981.7273
 -- Sample 4: mean=158.5368%; std=863.7900
 -- Sample 5: mean=153.0036%; std=810.0859
 -- Sample 6: mean=174.7334%; std=163.0932
 -- Sample 7: mean=164.4790%; std=154.8936
 -- Sample 8: mean=179.8038%; std=183.0960
 -- Sample 9: mean=175.6375%; std=182.0612
 -- Sample 10: mean=21.3757%; std=18.1326
 -- Sample 11: mean=21.0374%; std=17.4929
 -- Sample 12: mean=22.3031%; std=17.4899
 -- Sample 13: mean=23.4890%; std=18.7761
 -- Sample 14: mean=25.7308%; std=20.8874
 -- Sample 15: mean=26.7446%; std=19.7004
 -- Sample 16: mean=28.4996%; std=22.0107
 -- Sample 17: mean=25.6817%; std=21.6746
 -- Sample 18: mean=91.7005%; std=107.4864
 -- Sample 19: mean=91.7545%; std=111.4379
 -- Sample 20: mean=94.4862%; std=120.6318
 -- Sample 21: mean=81.4725%; std=90.3417
 -- Sample 22: mean=33.7676%; std=35.6752
 -- Sample 23: mean=32.9575%; std=34.7012
 -- Sample 24: mean=29.3819%; std=28.5265
 -- Sample 25: mean=28.6473%; std=26.9110
 -- Sample 26: mean=213.8167%; std=275.7228
 -- Sample 27: mean=195.9671%; std=252.9091
 -- Sample 28: mean=183.0329%; std=231.3284
 -- Sample 29: mean=183.1515%; std=218.9327
 -- Sample 30: mean=33.5989%; std=29.4779
 -- Sample 31: mean=31.8689%; std=28.6855
 -- Sample 32: mean=31.0314%; std=27.6633
 -- Sample 33: mean=29.6289%; std=24.9293
 -- Sample 34: mean=52.0857%; std=44.4185
 -- Sample 35: mean=49.5302%; std=49.6437
 -- Sample 36: mean=47.6963%; std=54.0047
 -- Sample 37: mean=58.6443%; std=57.4146
 -- Sample 38: mean=48.8998%; std=34.8969
 -- Sample 39: mean=43.3140%; std=34.1638
 -- Sample 40: mean=47.1120%; std=44.3753
 -- Sample 41: mean=50.0834%; std=37.4440
 -- Sample 42: mean=34.7565%; std=32.9929
 -- Sample 43: mean=35.5766%; std=29.9483
 -- Sample 44: mean=37.7269%; std=30.5249
 -- Sample 45: mean=37.2350%; std=33.0228
 -- Sample 46: mean=33.8615%; std=23.5351
 -- Sample 47: mean=35.8088%; std=27.0086
 -- Sample 48: mean=31.9953%; std=26.6628
 -- Sample 49: mean=35.1570%; std=28.0675
Mean: 73.1636%, Std: 61.1582%
------------------------------------------------------------------
Angular error:
 -- Sample 0: mean=40.8855º; std=44.0232
 -- Sample 1: mean=40.6940º; std=44.1880
 -- Sample 2: mean=67.6832º; std=46.3116
 -- Sample 3: mean=67.4617º; std=45.2734
 -- Sample 4: mean=67.5191º; std=46.9365
 -- Sample 5: mean=66.2657º; std=47.2452
 -- Sample 6: mean=55.6467º; std=45.2181
 -- Sample 7: mean=54.8989º; std=43.2782
 -- Sample 8: mean=55.0289º; std=42.3664
 -- Sample 9: mean=53.4919º; std=43.5012
 -- Sample 10: mean=23.8119º; std=31.2917
 -- Sample 11: mean=24.2686º; std=32.3718
 -- Sample 12: mean=24.3829º; std=32.4819
 -- Sample 13: mean=24.1611º; std=31.7424
 -- Sample 14: mean=33.1079º; std=35.6571
 -- Sample 15: mean=33.6258º; std=35.4306
 -- Sample 16: mean=34.8820º; std=36.8152
 -- Sample 17: mean=34.6758º; std=36.7911
 -- Sample 18: mean=50.9000º; std=41.5028
 -- Sample 19: mean=54.0704º; std=42.5249
 -- Sample 20: mean=54.5984º; std=42.6459
 -- Sample 21: mean=50.4750º; std=41.8574
 -- Sample 22: mean=40.6314º; std=39.2832
 -- Sample 23: mean=39.5144º; std=38.5960
 -- Sample 24: mean=38.1008º; std=38.7968
 -- Sample 25: mean=40.1664º; std=38.9902
 -- Sample 26: mean=56.4521º; std=43.6461
 -- Sample 27: mean=53.7954º; std=42.5188
 -- Sample 28: mean=53.1454º; std=42.5662
 -- Sample 29: mean=54.7971º; std=43.5293
 -- Sample 30: mean=38.9207º; std=42.0188
 -- Sample 31: mean=40.3150º; std=43.6524
 -- Sample 32: mean=37.6303º; std=41.7396
 -- Sample 33: mean=36.8280º; std=40.3462
 -- Sample 34: mean=47.9788º; std=45.4521
 -- Sample 35: mean=48.1633º; std=47.6181
 -- Sample 36: mean=47.5660º; std=46.3550
 -- Sample 37: mean=46.4420º; std=44.2118
 -- Sample 38: mean=38.0000º; std=41.0217
 -- Sample 39: mean=38.3200º; std=41.2800
 -- Sample 40: mean=37.8411º; std=41.3123
 -- Sample 41: mean=38.8027º; std=41.0289
 -- Sample 42: mean=43.8478º; std=40.0146
 -- Sample 43: mean=42.9630º; std=39.9580
 -- Sample 44: mean=41.5783º; std=38.6132
 -- Sample 45: mean=42.3247º; std=39.4443
 -- Sample 46: mean=32.0609º; std=34.0403
 -- Sample 47: mean=32.1768º; std=33.5164
 -- Sample 48: mean=31.8172º; std=32.9120
 -- Sample 49: mean=31.9410º; std=33.5113
Mean: 43.6931º, Std: 11.2710º
------------------------------------------------------------------
Correlation comparison:
 -- Sample 0: 0.9176
 -- Sample 1: 0.9249
 -- Sample 2: -0.0149
 -- Sample 3: -0.0173
 -- Sample 4: 0.0121
 -- Sample 5: 0.0070
 -- Sample 6: 0.5123
 -- Sample 7: 0.4972
 -- Sample 8: 0.5590
 -- Sample 9: 0.5320
 -- Sample 10: 0.9297
 -- Sample 11: 0.9397
 -- Sample 12: 0.9395
 -- Sample 13: 0.9184
 -- Sample 14: 0.9478
 -- Sample 15: 0.9402
 -- Sample 16: 0.9356
 -- Sample 17: 0.9509
 -- Sample 18: 0.7083
 -- Sample 19: 0.7052
 -- Sample 20: 0.6860
 -- Sample 21: 0.7377
 -- Sample 22: 0.9135
 -- Sample 23: 0.9138
 -- Sample 24: 0.9436
 -- Sample 25: 0.9340
 -- Sample 26: 0.3076
 -- Sample 27: 0.2897
 -- Sample 28: 0.3141
 -- Sample 29: 0.3448
 -- Sample 30: 0.9287
 -- Sample 31: 0.9333
 -- Sample 32: 0.9342
 -- Sample 33: 0.9420
 -- Sample 34: 0.9368
 -- Sample 35: 0.9274
 -- Sample 36: 0.9273
 -- Sample 37: 0.9210
 -- Sample 38: 0.7944
 -- Sample 39: 0.8317
 -- Sample 40: 0.8154
 -- Sample 41: 0.7880
 -- Sample 42: 0.9091
 -- Sample 43: 0.9037
 -- Sample 44: 0.9067
 -- Sample 45: 0.9030
 -- Sample 46: 0.9184
 -- Sample 47: 0.9068
 -- Sample 48: 0.9250
 -- Sample 49: 0.9218
Mean=0.7441, Std=0.2897
------------------------------------------------------------------
Flux Error:
 -- Sample 0: 0.6318
 -- Sample 1: 0.6406
 -- Sample 2: 7.0229
 -- Sample 3: 7.1053
 -- Sample 4: 6.1041
 -- Sample 5: 5.6990
 -- Sample 6: 3.1279
 -- Sample 7: 3.4380
 -- Sample 8: 3.3784
 -- Sample 9: 3.7086
 -- Sample 10: 1.0251
 -- Sample 11: 0.8361
 -- Sample 12: 1.0247
 -- Sample 13: 0.8242
 -- Sample 14: 0.4949
 -- Sample 15: 0.7107
 -- Sample 16: 0.5188
 -- Sample 17: 0.7621
 -- Sample 18: 1.2031
 -- Sample 19: 0.9845
 -- Sample 20: 1.1856
 -- Sample 21: 0.8528
 -- Sample 22: 0.6231
 -- Sample 23: 0.6374
 -- Sample 24: 0.6355
 -- Sample 25: 0.5938
 -- Sample 26: 1.8100
 -- Sample 27: 1.8288
 -- Sample 28: 1.8024
 -- Sample 29: 1.7814
 -- Sample 30: 1.0362
 -- Sample 31: 0.6691
 -- Sample 32: 0.9691
 -- Sample 33: 0.6481
 -- Sample 34: 0.8017
 -- Sample 35: 1.2163
 -- Sample 36: 0.7678
 -- Sample 37: 1.3268
 -- Sample 38: 0.7211
 -- Sample 39: 0.7108
 -- Sample 40: 0.7048
 -- Sample 41: 0.7263
 -- Sample 42: 0.6522
 -- Sample 43: 0.8287
 -- Sample 44: 0.6470
 -- Sample 45: 0.8086
 -- Sample 46: 0.3645
 -- Sample 47: 0.3577
 -- Sample 48: 0.3907
 -- Sample 49: 0.3719
Mean: 1.5142, Std: 1.6664
------------------------------------------------------------------
Tortuosity Comparison:
 -- Sample 0: 4.4604%
 -- Sample 1: 4.2617%
 -- Sample 2: 12.6687%
 -- Sample 3: 13.3280%
 -- Sample 4: 8.4000%
 -- Sample 5: 1.9442%
 -- Sample 6: 15.2545%
 -- Sample 7: 17.7043%
 -- Sample 8: 17.8266%
 -- Sample 9: 17.5488%
 -- Sample 10: 2.9958%
 -- Sample 11: 2.1822%
 -- Sample 12: 2.9405%
 -- Sample 13: 2.6532%
 -- Sample 14: 16.3216%
 -- Sample 15: 17.6365%
 -- Sample 16: 15.5434%
 -- Sample 17: 13.6457%
 -- Sample 18: 14.9425%
 -- Sample 19: 13.8872%
 -- Sample 20: 14.3464%
 -- Sample 21: 12.1372%
 -- Sample 22: 5.0676%
 -- Sample 23: 9.4029%
 -- Sample 24: 7.2634%
 -- Sample 25: 6.7291%
 -- Sample 26: 3.7980%
 -- Sample 27: 6.7354%
 -- Sample 28: 11.3131%
 -- Sample 29: 6.6007%
 -- Sample 30: 2.6554%
 -- Sample 31: 4.6475%
 -- Sample 32: 3.9479%
 -- Sample 33: 3.5417%
 -- Sample 34: 20.9446%
 -- Sample 35: 16.3698%
 -- Sample 36: 18.2112%
 -- Sample 37: 15.2556%
 -- Sample 38: 3.6710%
 -- Sample 39: 6.4794%
 -- Sample 40: 5.1088%
 -- Sample 41: 5.8870%
 -- Sample 42: 2.7154%
 -- Sample 43: 3.4259%
 -- Sample 44: 4.9588%
 -- Sample 45: 5.9641%
 -- Sample 46: 18.4141%
 -- Sample 47: 13.8557%
 -- Sample 48: 15.8258%
 -- Sample 49: 18.2752%
Mean: 9.7939%, Std: 5.8525%
------------------------------------------------------------------
Evaluating Divergent:
 -- Sample 0: 41.1232%
 -- Sample 1: 40.6672%
 -- Sample 2: 56.7339%
 -- Sample 3: 56.2623%
 -- Sample 4: 56.2210%
 -- Sample 5: 56.7381%
 -- Sample 6: 55.9477%
 -- Sample 7: 56.3166%
 -- Sample 8: 55.6100%
 -- Sample 9: 55.2625%
 -- Sample 10: 41.1203%
 -- Sample 11: 40.5452%
 -- Sample 12: 40.5077%
 -- Sample 13: 41.4299%
 -- Sample 14: 43.6561%
 -- Sample 15: 44.4953%
 -- Sample 16: 45.0081%
 -- Sample 17: 44.6040%
 -- Sample 18: 50.2241%
 -- Sample 19: 50.4003%
 -- Sample 20: 50.4056%
 -- Sample 21: 49.5154%
 -- Sample 22: 45.1651%
 -- Sample 23: 44.5960%
 -- Sample 24: 44.6695%
 -- Sample 25: 46.1232%
 -- Sample 26: 51.2038%
 -- Sample 27: 50.9489%
 -- Sample 28: 51.0919%
 -- Sample 29: 51.0024%
 -- Sample 30: 40.3099%
 -- Sample 31: 41.0166%
 -- Sample 32: 40.8183%
 -- Sample 33: 40.6120%
 -- Sample 34: 47.2928%
 -- Sample 35: 46.9104%
 -- Sample 36: 46.2746%
 -- Sample 37: 46.4005%
 -- Sample 38: 44.9394%
 -- Sample 39: 44.8181%
 -- Sample 40: 42.4734%
 -- Sample 41: 43.2006%
 -- Sample 42: 48.6476%
 -- Sample 43: 49.1688%
 -- Sample 44: 49.3199%
 -- Sample 45: 48.6955%
 -- Sample 46: 44.6443%
 -- Sample 47: 44.1823%
 -- Sample 48: 44.0813%
 -- Sample 49: 45.1468%
Mean: 47.1310%, Std: 5.0732%
------------------------------------------------------------------
  Processing Batch 5 (Size: 24)...
    Evaluating Ko et al (D3)
Bias Error: using velocity magnitude
Mean: 81.3352, Std: 67.4080
------------------------------------------------------------------
Magnitude Error: 
 -- Sample 0: mean=71.0765%; std=73.0968
 -- Sample 1: mean=70.8349%; std=68.4865
 -- Sample 2: mean=69.7325%; std=70.4716
 -- Sample 3: mean=67.5028%; std=65.3045
 -- Sample 4: mean=45.4131%; std=25.2931
 -- Sample 5: mean=46.9483%; std=29.6839
 -- Sample 6: mean=53.9027%; std=26.3263
 -- Sample 7: mean=49.6338%; std=23.5453
 -- Sample 8: mean=126.1788%; std=178.0006
 -- Sample 9: mean=97.2867%; std=136.9279
 -- Sample 10: mean=94.6661%; std=128.6690
 -- Sample 11: mean=94.9226%; std=133.0733
 -- Sample 12: mean=249.7363%; std=255.0110
 -- Sample 13: mean=211.6804%; std=201.4860
 -- Sample 14: mean=234.5606%; std=218.7332
 -- Sample 15: mean=224.2485%; std=213.6993
 -- Sample 16: mean=120.3644%; std=175.7946
 -- Sample 17: mean=103.5596%; std=140.0887
 -- Sample 18: mean=115.0677%; std=151.1608
 -- Sample 19: mean=140.2446%; std=188.9136
 -- Sample 20: mean=37.2248%; std=22.7195
 -- Sample 21: mean=36.8987%; std=21.7002
 -- Sample 22: mean=34.0164%; std=18.5089
 -- Sample 23: mean=36.1130%; std=19.4578
Mean: 101.3256%, Std: 65.1568%
------------------------------------------------------------------
Angular error:
 -- Sample 0: mean=40.5862º; std=37.0986
 -- Sample 1: mean=39.5203º; std=34.6608
 -- Sample 2: mean=38.9803º; std=34.8883
 -- Sample 3: mean=40.6625º; std=36.7223
 -- Sample 4: mean=56.0285º; std=49.7850
 -- Sample 5: mean=55.9946º; std=49.8569
 -- Sample 6: mean=56.5847º; std=49.3283
 -- Sample 7: mean=55.8940º; std=49.3187
 -- Sample 8: mean=44.3291º; std=41.3711
 -- Sample 9: mean=44.0644º; std=41.4370
 -- Sample 10: mean=46.0014º; std=41.8809
 -- Sample 11: mean=45.7377º; std=41.9926
 -- Sample 12: mean=48.6132º; std=42.2401
 -- Sample 13: mean=45.9716º; std=42.5529
 -- Sample 14: mean=47.4460º; std=43.0230
 -- Sample 15: mean=48.8162º; std=42.7312
 -- Sample 16: mean=58.1607º; std=44.4241
 -- Sample 17: mean=60.5524º; std=46.2793
 -- Sample 18: mean=57.7485º; std=44.5549
 -- Sample 19: mean=56.5760º; std=44.3319
 -- Sample 20: mean=39.1219º; std=38.8635
 -- Sample 21: mean=36.9832º; std=37.7474
 -- Sample 22: mean=40.5555º; std=41.2191
 -- Sample 23: mean=41.1446º; std=41.1430
Mean: 47.7531º, Std: 7.3612º
------------------------------------------------------------------
Correlation comparison:
 -- Sample 0: 0.8039
 -- Sample 1: 0.8158
 -- Sample 2: 0.8319
 -- Sample 3: 0.8301
 -- Sample 4: 0.8600
 -- Sample 5: 0.8620
 -- Sample 6: 0.7698
 -- Sample 7: 0.7946
 -- Sample 8: 0.6112
 -- Sample 9: 0.6917
 -- Sample 10: 0.7056
 -- Sample 11: 0.7006
 -- Sample 12: 0.5013
 -- Sample 13: 0.5303
 -- Sample 14: 0.5220
 -- Sample 15: 0.5530
 -- Sample 16: 0.5326
 -- Sample 17: 0.6087
 -- Sample 18: 0.5698
 -- Sample 19: 0.5139
 -- Sample 20: 0.9379
 -- Sample 21: 0.9393
 -- Sample 22: 0.9478
 -- Sample 23: 0.9418
Mean=0.7240, Std=0.1530
------------------------------------------------------------------
Flux Error:
 -- Sample 0: 0.4745
 -- Sample 1: 0.6806
 -- Sample 2: 0.5481
 -- Sample 3: 0.7212
 -- Sample 4: 0.5804
 -- Sample 5: 0.5155
 -- Sample 6: 0.4641
 -- Sample 7: 0.5785
 -- Sample 8: 1.5075
 -- Sample 9: 1.2733
 -- Sample 10: 1.2189
 -- Sample 11: 1.2805
 -- Sample 12: 2.5880
 -- Sample 13: 2.1024
 -- Sample 14: 2.2866
 -- Sample 15: 2.0750
 -- Sample 16: 1.2746
 -- Sample 17: 0.6264
 -- Sample 18: 1.1886
 -- Sample 19: 1.0382
 -- Sample 20: 0.7497
 -- Sample 21: 0.6251
 -- Sample 22: 0.7812
 -- Sample 23: 0.6294
Mean: 1.0753, Std: 0.6140
------------------------------------------------------------------
Tortuosity Comparison:
 -- Sample 0: 18.8624%
 -- Sample 1: 27.7166%
 -- Sample 2: 24.1362%
 -- Sample 3: 21.9594%
 -- Sample 4: 4.2801%
 -- Sample 5: 7.9473%
 -- Sample 6: 14.0913%
 -- Sample 7: 4.8969%
 -- Sample 8: 3.6183%
 -- Sample 9: 3.5091%
 -- Sample 10: 0.3013%
 -- Sample 11: 0.9407%
 -- Sample 12: 0.7988%
 -- Sample 13: 5.9540%
 -- Sample 14: 8.5712%
 -- Sample 15: 12.0304%
 -- Sample 16: 26.2006%
 -- Sample 17: 31.2806%
 -- Sample 18: 29.8391%
 -- Sample 19: 17.9861%
 -- Sample 20: 14.7617%
 -- Sample 21: 14.0844%
 -- Sample 22: 10.2950%
 -- Sample 23: 14.1614%
Mean: 13.2593%, Std: 9.4774%
------------------------------------------------------------------
Evaluating Divergent:
 -- Sample 0: 47.4977%
 -- Sample 1: 48.4430%
 -- Sample 2: 47.9838%
 -- Sample 3: 47.8266%
 -- Sample 4: 47.6974%
 -- Sample 5: 47.2818%
 -- Sample 6: 47.4495%
 -- Sample 7: 47.9081%
 -- Sample 8: 51.2785%
 -- Sample 9: 51.3730%
 -- Sample 10: 51.7180%
 -- Sample 11: 51.3081%
 -- Sample 12: 51.8622%
 -- Sample 13: 51.3049%
 -- Sample 14: 51.3282%
 -- Sample 15: 51.8791%
 -- Sample 16: 51.0185%
 -- Sample 17: 50.3275%
 -- Sample 18: 50.6169%
 -- Sample 19: 50.9848%
 -- Sample 20: 45.6530%
 -- Sample 21: 44.8446%
 -- Sample 22: 44.7301%
 -- Sample 23: 44.8241%
Mean: 49.0475%, Std: 2.4191%
------------------------------------------------------------------

Processing Dataset: Berea Sinter Gray
Considering 192 samples from ../NN_Datasets_Grad_Dist_40_5_55/Test_Oliveira_BereaSinterGray_SAug_DNorm.h5.
  Processing Batch 1 (Size: 50)...
    Evaluating Ko et al (D3)
Bias Error: using velocity magnitude
Mean: 47.1093, Std: 60.3909
------------------------------------------------------------------
Magnitude Error: 
 -- Sample 0: mean=53.4621%; std=53.5626
 -- Sample 1: mean=46.7914%; std=40.3318
 -- Sample 2: mean=37.3883%; std=37.7743
 -- Sample 3: mean=38.8672%; std=38.4145
 -- Sample 4: mean=56.6500%; std=60.8659
 -- Sample 5: mean=57.0606%; std=66.2623
 -- Sample 6: mean=58.5132%; std=73.6910
 -- Sample 7: mean=61.7630%; std=75.3847
 -- Sample 8: mean=38.7631%; std=27.5509
 -- Sample 9: mean=41.2812%; std=33.6140
 -- Sample 10: mean=38.6278%; std=26.4192
 -- Sample 11: mean=36.2145%; std=24.8470
 -- Sample 12: mean=46.6103%; std=36.9418
 -- Sample 13: mean=39.6665%; std=30.2152
 -- Sample 14: mean=37.6333%; std=29.6016
 -- Sample 15: mean=42.0466%; std=35.1624
 -- Sample 16: mean=55.0856%; std=61.1177
 -- Sample 17: mean=46.3358%; std=50.6330
 -- Sample 18: mean=41.5294%; std=48.1342
 -- Sample 19: mean=47.3265%; std=56.3409
 -- Sample 20: mean=116.3618%; std=113.2886
 -- Sample 21: mean=158.4604%; std=148.5686
 -- Sample 22: mean=139.7420%; std=133.1338
 -- Sample 23: mean=99.1897%; std=89.8849
 -- Sample 24: mean=35.6492%; std=22.3436
 -- Sample 25: mean=34.4550%; std=20.8946
 -- Sample 26: mean=34.6264%; std=19.6236
 -- Sample 27: mean=33.5565%; std=20.4825
 -- Sample 28: mean=83.9231%; std=143.0814
 -- Sample 29: mean=83.4774%; std=141.6184
 -- Sample 30: mean=87.0742%; std=147.7286
 -- Sample 31: mean=86.7326%; std=145.8720
 -- Sample 32: mean=80.9292%; std=92.6902
 -- Sample 33: mean=89.3075%; std=111.5305
 -- Sample 34: mean=102.0053%; std=136.9575
 -- Sample 35: mean=96.8099%; std=121.7822
 -- Sample 36: mean=289.3255%; std=402.0134
 -- Sample 37: mean=234.4346%; std=347.9389
 -- Sample 38: mean=270.7885%; std=375.9700
 -- Sample 39: mean=310.9039%; std=427.3987
 -- Sample 40: mean=52.2427%; std=33.7240
 -- Sample 41: mean=48.7056%; std=37.4825
 -- Sample 42: mean=51.8550%; std=33.9287
 -- Sample 43: mean=51.9076%; std=34.7589
 -- Sample 44: mean=25.4135%; std=20.4395
 -- Sample 45: mean=26.9665%; std=19.4150
 -- Sample 46: mean=25.6431%; std=19.3887
 -- Sample 47: mean=26.7420%; std=22.0969
 -- Sample 48: mean=34.4123%; std=23.0185
 -- Sample 49: mean=32.0542%; std=22.9222
Mean: 75.3062%, Std: 66.4095%
------------------------------------------------------------------
Angular error:
 -- Sample 0: mean=32.1251º; std=34.6861
 -- Sample 1: mean=30.0604º; std=33.5513
 -- Sample 2: mean=30.7924º; std=33.4283
 -- Sample 3: mean=31.9240º; std=34.6317
 -- Sample 4: mean=46.3642º; std=41.1410
 -- Sample 5: mean=48.1238º; std=41.8457
 -- Sample 6: mean=47.5651º; std=40.7601
 -- Sample 7: mean=47.3113º; std=40.2805
 -- Sample 8: mean=40.1938º; std=39.5337
 -- Sample 9: mean=40.7355º; std=40.9919
 -- Sample 10: mean=40.2615º; std=39.7271
 -- Sample 11: mean=38.8206º; std=38.7067
 -- Sample 12: mean=34.6605º; std=36.9748
 -- Sample 13: mean=32.9645º; std=36.4341
 -- Sample 14: mean=34.8381º; std=37.0441
 -- Sample 15: mean=35.9224º; std=37.7884
 -- Sample 16: mean=34.2722º; std=37.8212
 -- Sample 17: mean=33.7770º; std=35.6986
 -- Sample 18: mean=34.6452º; std=35.6757
 -- Sample 19: mean=35.1575º; std=37.7973
 -- Sample 20: mean=42.5258º; std=44.0450
 -- Sample 21: mean=43.5919º; std=43.0676
 -- Sample 22: mean=45.1136º; std=42.9359
 -- Sample 23: mean=41.7303º; std=44.6717
 -- Sample 24: mean=38.0646º; std=38.6474
 -- Sample 25: mean=37.9955º; std=39.3323
 -- Sample 26: mean=38.5000º; std=38.3344
 -- Sample 27: mean=38.8388º; std=38.3382
 -- Sample 28: mean=36.4617º; std=39.6782
 -- Sample 29: mean=35.6338º; std=39.6257
 -- Sample 30: mean=35.9131º; std=39.6231
 -- Sample 31: mean=36.4678º; std=39.5224
 -- Sample 32: mean=36.8385º; std=36.4273
 -- Sample 33: mean=37.8337º; std=37.0173
 -- Sample 34: mean=38.1035º; std=38.0477
 -- Sample 35: mean=36.6333º; std=36.4685
 -- Sample 36: mean=49.8981º; std=45.4200
 -- Sample 37: mean=51.8667º; std=46.2050
 -- Sample 38: mean=50.3769º; std=44.8895
 -- Sample 39: mean=49.0039º; std=45.2356
 -- Sample 40: mean=31.1079º; std=34.9404
 -- Sample 41: mean=30.8471º; std=33.2840
 -- Sample 42: mean=32.1671º; std=34.5865
 -- Sample 43: mean=33.7193º; std=37.0947
 -- Sample 44: mean=40.5324º; std=39.2092
 -- Sample 45: mean=42.8446º; std=40.3059
 -- Sample 46: mean=41.0483º; std=40.2187
 -- Sample 47: mean=39.4951º; std=39.4828
 -- Sample 48: mean=41.1105º; std=39.5970
 -- Sample 49: mean=41.3990º; std=40.4596
Mean: 38.9236º, Std: 5.6059º
------------------------------------------------------------------
Correlation comparison:
 -- Sample 0: 0.8100
 -- Sample 1: 0.8266
 -- Sample 2: 0.8642
 -- Sample 3: 0.8470
 -- Sample 4: 0.7031
 -- Sample 5: 0.7098
 -- Sample 6: 0.6761
 -- Sample 7: 0.6591
 -- Sample 8: 0.8914
 -- Sample 9: 0.8846
 -- Sample 10: 0.8998
 -- Sample 11: 0.9055
 -- Sample 12: 0.9513
 -- Sample 13: 0.9512
 -- Sample 14: 0.9522
 -- Sample 15: 0.9359
 -- Sample 16: 0.8435
 -- Sample 17: 0.8542
 -- Sample 18: 0.8695
 -- Sample 19: 0.8548
 -- Sample 20: 0.6427
 -- Sample 21: 0.6241
 -- Sample 22: 0.6331
 -- Sample 23: 0.6745
 -- Sample 24: 0.9136
 -- Sample 25: 0.9119
 -- Sample 26: 0.9244
 -- Sample 27: 0.9301
 -- Sample 28: 0.5915
 -- Sample 29: 0.6282
 -- Sample 30: 0.6213
 -- Sample 31: 0.6374
 -- Sample 32: 0.7374
 -- Sample 33: 0.6974
 -- Sample 34: 0.6777
 -- Sample 35: 0.7211
 -- Sample 36: 0.4100
 -- Sample 37: 0.4438
 -- Sample 38: 0.4291
 -- Sample 39: 0.3943
 -- Sample 40: 0.7367
 -- Sample 41: 0.7525
 -- Sample 42: 0.7270
 -- Sample 43: 0.7148
 -- Sample 44: 0.9605
 -- Sample 45: 0.9550
 -- Sample 46: 0.9631
 -- Sample 47: 0.9661
 -- Sample 48: 0.9486
 -- Sample 49: 0.9491
Mean=0.7761, Std=0.1575
------------------------------------------------------------------
Flux Error:
 -- Sample 0: 0.5589
 -- Sample 1: 0.5752
 -- Sample 2: 0.4904
 -- Sample 3: 0.5538
 -- Sample 4: 0.5821
 -- Sample 5: 0.8153
 -- Sample 6: 0.5763
 -- Sample 7: 0.8311
 -- Sample 8: 0.6372
 -- Sample 9: 1.0602
 -- Sample 10: 0.6582
 -- Sample 11: 0.9245
 -- Sample 12: 1.2879
 -- Sample 13: 0.8107
 -- Sample 14: 1.2315
 -- Sample 15: 0.8518
 -- Sample 16: 1.0813
 -- Sample 17: 0.7386
 -- Sample 18: 0.8955
 -- Sample 19: 0.8144
 -- Sample 20: 2.1271
 -- Sample 21: 1.6999
 -- Sample 22: 1.9589
 -- Sample 23: 1.3357
 -- Sample 24: 0.8285
 -- Sample 25: 0.6279
 -- Sample 26: 0.7887
 -- Sample 27: 0.6342
 -- Sample 28: 1.0742
 -- Sample 29: 0.8598
 -- Sample 30: 1.1829
 -- Sample 31: 0.8197
 -- Sample 32: 1.0648
 -- Sample 33: 1.1926
 -- Sample 34: 1.3234
 -- Sample 35: 1.2360
 -- Sample 36: 3.1219
 -- Sample 37: 2.3211
 -- Sample 38: 3.0885
 -- Sample 39: 3.0354
 -- Sample 40: 0.5606
 -- Sample 41: 0.4909
 -- Sample 42: 0.6114
 -- Sample 43: 0.5269
 -- Sample 44: 0.9016
 -- Sample 45: 0.8060
 -- Sample 46: 1.0822
 -- Sample 47: 0.8987
 -- Sample 48: 0.8586
 -- Sample 49: 0.6695
Mean: 1.0740, Std: 0.6443
------------------------------------------------------------------
Tortuosity Comparison:
 -- Sample 0: 1.5891%
 -- Sample 1: 5.0524%
 -- Sample 2: 4.3683%
 -- Sample 3: 0.8370%
 -- Sample 4: 16.1036%
 -- Sample 5: 13.1415%
 -- Sample 6: 16.6099%
 -- Sample 7: 22.8796%
 -- Sample 8: 4.3053%
 -- Sample 9: 1.9525%
 -- Sample 10: 0.9576%
 -- Sample 11: 4.3920%
 -- Sample 12: 3.3653%
 -- Sample 13: 5.6842%
 -- Sample 14: 7.1710%
 -- Sample 15: 6.5311%
 -- Sample 16: 2.5755%
 -- Sample 17: 5.0721%
 -- Sample 18: 2.2047%
 -- Sample 19: 1.1154%
 -- Sample 20: 6.5236%
 -- Sample 21: 2.0330%
 -- Sample 22: 8.9835%
 -- Sample 23: 2.6618%
 -- Sample 24: 4.8768%
 -- Sample 25: 7.5707%
 -- Sample 26: 14.3638%
 -- Sample 27: 9.2589%
 -- Sample 28: 4.2259%
 -- Sample 29: 0.1448%
 -- Sample 30: 1.1606%
 -- Sample 31: 2.2019%
 -- Sample 32: 9.3655%
 -- Sample 33: 2.9009%
 -- Sample 34: 2.4993%
 -- Sample 35: 2.6947%
 -- Sample 36: 0.8717%
 -- Sample 37: 0.2194%
 -- Sample 38: 3.0414%
 -- Sample 39: 2.3503%
 -- Sample 40: 5.9074%
 -- Sample 41: 10.8417%
 -- Sample 42: 10.1710%
 -- Sample 43: 10.1783%
 -- Sample 44: 23.0318%
 -- Sample 45: 18.3509%
 -- Sample 46: 7.0225%
 -- Sample 47: 11.0874%
 -- Sample 48: 6.0852%
 -- Sample 49: 3.9199%
Mean: 6.4091%, Std: 5.5721%
------------------------------------------------------------------
Evaluating Divergent:
 -- Sample 0: 49.1594%
 -- Sample 1: 47.8144%
 -- Sample 2: 48.0109%
 -- Sample 3: 48.4010%
 -- Sample 4: 49.4304%
 -- Sample 5: 50.0933%
 -- Sample 6: 50.1763%
 -- Sample 7: 51.0263%
 -- Sample 8: 45.0235%
 -- Sample 9: 44.4598%
 -- Sample 10: 43.9477%
 -- Sample 11: 43.8528%
 -- Sample 12: 42.3498%
 -- Sample 13: 42.2388%
 -- Sample 14: 42.2687%
 -- Sample 15: 42.7470%
 -- Sample 16: 42.7716%
 -- Sample 17: 42.5787%
 -- Sample 18: 43.4765%
 -- Sample 19: 43.7504%
 -- Sample 20: 48.8912%
 -- Sample 21: 49.3580%
 -- Sample 22: 49.5039%
 -- Sample 23: 48.3338%
 -- Sample 24: 44.4573%
 -- Sample 25: 44.4030%
 -- Sample 26: 45.0845%
 -- Sample 27: 44.4521%
 -- Sample 28: 42.9365%
 -- Sample 29: 42.3254%
 -- Sample 30: 42.8268%
 -- Sample 31: 43.1844%
 -- Sample 32: 47.6298%
 -- Sample 33: 47.9105%
 -- Sample 34: 47.6872%
 -- Sample 35: 47.9521%
 -- Sample 36: 52.4343%
 -- Sample 37: 52.7036%
 -- Sample 38: 53.3204%
 -- Sample 39: 52.8683%
 -- Sample 40: 39.0510%
 -- Sample 41: 39.2600%
 -- Sample 42: 39.6993%
 -- Sample 43: 40.0234%
 -- Sample 44: 45.9614%
 -- Sample 45: 47.2099%
 -- Sample 46: 46.3097%
 -- Sample 47: 45.8289%
 -- Sample 48: 49.4303%
 -- Sample 49: 48.8793%
Mean: 46.0699%, Std: 3.6579%
------------------------------------------------------------------
  Processing Batch 2 (Size: 50)...
    Evaluating Ko et al (D3)
Bias Error: using velocity magnitude
Mean: 39.7744, Std: 56.2991
------------------------------------------------------------------
Magnitude Error: 
 -- Sample 0: mean=35.0560%; std=22.5148
 -- Sample 1: mean=38.0312%; std=22.5501
 -- Sample 2: mean=34.8362%; std=23.5691
 -- Sample 3: mean=36.7833%; std=24.1777
 -- Sample 4: mean=31.4452%; std=22.6913
 -- Sample 5: mean=35.9764%; std=25.8871
 -- Sample 6: mean=39.4777%; std=19.6957
 -- Sample 7: mean=41.0201%; std=22.7090
 -- Sample 8: mean=37.2839%; std=21.4130
 -- Sample 9: mean=38.0889%; std=19.7525
 -- Sample 10: mean=28.0444%; std=20.1218
 -- Sample 11: mean=25.5799%; std=17.6112
 -- Sample 12: mean=23.9741%; std=17.3722
 -- Sample 13: mean=26.9836%; std=20.5733
 -- Sample 14: mean=58.3243%; std=43.7519
 -- Sample 15: mean=54.9788%; std=43.9585
 -- Sample 16: mean=66.3937%; std=52.6857
 -- Sample 17: mean=61.7116%; std=40.0976
 -- Sample 18: mean=55.2511%; std=45.6882
 -- Sample 19: mean=49.8390%; std=45.3873
 -- Sample 20: mean=55.3786%; std=42.3847
 -- Sample 21: mean=56.7506%; std=48.6156
 -- Sample 22: mean=36.9632%; std=19.9469
 -- Sample 23: mean=38.8326%; std=20.1224
 -- Sample 24: mean=39.3796%; std=22.0074
 -- Sample 25: mean=39.0637%; std=22.0159
 -- Sample 26: mean=27.4294%; std=19.1307
 -- Sample 27: mean=25.1026%; std=18.9074
 -- Sample 28: mean=24.0633%; std=19.9428
 -- Sample 29: mean=25.6030%; std=19.3481
 -- Sample 30: mean=60.8239%; std=56.9124
 -- Sample 31: mean=61.5224%; std=60.0667
 -- Sample 32: mean=55.9643%; std=52.2163
 -- Sample 33: mean=68.4678%; std=70.6179
 -- Sample 34: mean=42.1752%; std=43.0697
 -- Sample 35: mean=38.4889%; std=37.9769
 -- Sample 36: mean=39.4750%; std=34.2493
 -- Sample 37: mean=38.5435%; std=35.5824
 -- Sample 38: mean=27.6514%; std=18.9774
 -- Sample 39: mean=29.5343%; std=22.0667
 -- Sample 40: mean=27.7270%; std=18.7333
 -- Sample 41: mean=26.8810%; std=17.9093
 -- Sample 42: mean=64.1460%; std=79.7050
 -- Sample 43: mean=70.0578%; std=81.3846
 -- Sample 44: mean=68.9574%; std=76.4529
 -- Sample 45: mean=65.9121%; std=76.6270
 -- Sample 46: mean=205.1006%; std=163.2905
 -- Sample 47: mean=204.3212%; std=150.3389
 -- Sample 48: mean=209.2826%; std=165.8857
 -- Sample 49: mean=209.7878%; std=178.5690
Mean: 56.0493%, Std: 46.6454%
------------------------------------------------------------------
Angular error:
 -- Sample 0: mean=42.3685º; std=40.1843
 -- Sample 1: mean=41.3636º; std=39.8405
 -- Sample 2: mean=33.5710º; std=39.7234
 -- Sample 3: mean=33.6936º; std=38.6626
 -- Sample 4: mean=34.3774º; std=39.6755
 -- Sample 5: mean=34.5734º; std=39.9509
 -- Sample 6: mean=39.6994º; std=38.2966
 -- Sample 7: mean=42.9981º; std=38.1797
 -- Sample 8: mean=43.6047º; std=38.3297
 -- Sample 9: mean=40.7372º; std=37.8166
 -- Sample 10: mean=39.8978º; std=40.2284
 -- Sample 11: mean=38.3002º; std=40.3494
 -- Sample 12: mean=40.6321º; std=42.3616
 -- Sample 13: mean=42.2042º; std=41.8508
 -- Sample 14: mean=32.3659º; std=36.2160
 -- Sample 15: mean=31.4451º; std=34.4535
 -- Sample 16: mean=31.7586º; std=35.8104
 -- Sample 17: mean=32.8733º; std=37.3316
 -- Sample 18: mean=34.8974º; std=36.3910
 -- Sample 19: mean=35.0525º; std=36.6001
 -- Sample 20: mean=35.6818º; std=36.2138
 -- Sample 21: mean=35.1145º; std=36.4808
 -- Sample 22: mean=36.2427º; std=40.5976
 -- Sample 23: mean=35.1186º; std=39.0371
 -- Sample 24: mean=33.6141º; std=38.4286
 -- Sample 25: mean=35.1990º; std=38.7831
 -- Sample 26: mean=40.7297º; std=39.9145
 -- Sample 27: mean=40.0478º; std=39.6775
 -- Sample 28: mean=39.7534º; std=40.3076
 -- Sample 29: mean=39.0841º; std=39.4250
 -- Sample 30: mean=30.8810º; std=36.1773
 -- Sample 31: mean=30.8104º; std=36.1336
 -- Sample 32: mean=30.2662º; std=34.9841
 -- Sample 33: mean=29.9308º; std=34.1558
 -- Sample 34: mean=37.3545º; std=36.2022
 -- Sample 35: mean=38.8089º; std=37.9895
 -- Sample 36: mean=36.8100º; std=36.3024
 -- Sample 37: mean=36.0939º; std=35.4524
 -- Sample 38: mean=25.7618º; std=29.9295
 -- Sample 39: mean=25.5125º; std=29.8061
 -- Sample 40: mean=25.4214º; std=29.2507
 -- Sample 41: mean=25.1723º; std=29.4905
 -- Sample 42: mean=44.0327º; std=44.2066
 -- Sample 43: mean=43.2657º; std=43.9676
 -- Sample 44: mean=43.4534º; std=45.7382
 -- Sample 45: mean=45.0348º; std=46.1635
 -- Sample 46: mean=53.6500º; std=44.0477
 -- Sample 47: mean=52.1347º; std=44.3013
 -- Sample 48: mean=54.8475º; std=46.1358
 -- Sample 49: mean=56.5327º; std=45.2917
Mean: 37.6555º, Std: 7.0514º
------------------------------------------------------------------
Correlation comparison:
 -- Sample 0: 0.9552
 -- Sample 1: 0.9471
 -- Sample 2: 0.8948
 -- Sample 3: 0.8935
 -- Sample 4: 0.9067
 -- Sample 5: 0.8901
 -- Sample 6: 0.9380
 -- Sample 7: 0.9211
 -- Sample 8: 0.9260
 -- Sample 9: 0.9361
 -- Sample 10: 0.9185
 -- Sample 11: 0.9371
 -- Sample 12: 0.9508
 -- Sample 13: 0.9315
 -- Sample 14: 0.8532
 -- Sample 15: 0.8485
 -- Sample 16: 0.8384
 -- Sample 17: 0.8639
 -- Sample 18: 0.7410
 -- Sample 19: 0.7541
 -- Sample 20: 0.7345
 -- Sample 21: 0.7120
 -- Sample 22: 0.9480
 -- Sample 23: 0.9371
 -- Sample 24: 0.9264
 -- Sample 25: 0.9374
 -- Sample 26: 0.9489
 -- Sample 27: 0.9540
 -- Sample 28: 0.9634
 -- Sample 29: 0.9557
 -- Sample 30: 0.7917
 -- Sample 31: 0.7781
 -- Sample 32: 0.8199
 -- Sample 33: 0.7682
 -- Sample 34: 0.8247
 -- Sample 35: 0.8497
 -- Sample 36: 0.8512
 -- Sample 37: 0.8498
 -- Sample 38: 0.9214
 -- Sample 39: 0.9142
 -- Sample 40: 0.9236
 -- Sample 41: 0.9259
 -- Sample 42: 0.8061
 -- Sample 43: 0.7836
 -- Sample 44: 0.8031
 -- Sample 45: 0.8143
 -- Sample 46: 0.6580
 -- Sample 47: 0.6725
 -- Sample 48: 0.6574
 -- Sample 49: 0.6410
Mean=0.8583, Std=0.0901
------------------------------------------------------------------
Flux Error:
 -- Sample 0: 0.8203
 -- Sample 1: 0.6100
 -- Sample 2: 1.0932
 -- Sample 3: 0.7871
 -- Sample 4: 1.0229
 -- Sample 5: 0.8079
 -- Sample 6: 0.4872
 -- Sample 7: 0.4324
 -- Sample 8: 0.5233
 -- Sample 9: 0.4392
 -- Sample 10: 0.5572
 -- Sample 11: 0.6246
 -- Sample 12: 0.5203
 -- Sample 13: 0.5954
 -- Sample 14: 1.0212
 -- Sample 15: 0.5034
 -- Sample 16: 1.1011
 -- Sample 17: 0.6586
 -- Sample 18: 0.4890
 -- Sample 19: 0.5871
 -- Sample 20: 0.4858
 -- Sample 21: 0.5750
 -- Sample 22: 0.4968
 -- Sample 23: 0.6121
 -- Sample 24: 0.5083
 -- Sample 25: 0.6296
 -- Sample 26: 0.7320
 -- Sample 27: 0.8066
 -- Sample 28: 0.7659
 -- Sample 29: 0.7733
 -- Sample 30: 0.8674
 -- Sample 31: 0.7968
 -- Sample 32: 0.8123
 -- Sample 33: 0.8983
 -- Sample 34: 0.7967
 -- Sample 35: 0.5143
 -- Sample 36: 0.6603
 -- Sample 37: 0.4646
 -- Sample 38: 0.4338
 -- Sample 39: 0.3790
 -- Sample 40: 0.4534
 -- Sample 41: 0.3584
 -- Sample 42: 1.1893
 -- Sample 43: 0.7881
 -- Sample 44: 1.3077
 -- Sample 45: 0.7933
 -- Sample 46: 1.5819
 -- Sample 47: 1.7552
 -- Sample 48: 1.5172
 -- Sample 49: 1.4744
Mean: 0.7582, Std: 0.3249
------------------------------------------------------------------
Tortuosity Comparison:
 -- Sample 0: 7.7095%
 -- Sample 1: 8.5828%
 -- Sample 2: 4.9706%
 -- Sample 3: 3.4025%
 -- Sample 4: 3.1612%
 -- Sample 5: 4.2034%
 -- Sample 6: 12.7500%
 -- Sample 7: 22.8503%
 -- Sample 8: 27.0888%
 -- Sample 9: 21.3804%
 -- Sample 10: 3.5199%
 -- Sample 11: 7.4982%
 -- Sample 12: 9.3651%
 -- Sample 13: 7.3761%
 -- Sample 14: 8.7182%
 -- Sample 15: 11.3743%
 -- Sample 16: 3.8747%
 -- Sample 17: 2.5311%
 -- Sample 18: 0.2704%
 -- Sample 19: 1.0830%
 -- Sample 20: 1.6790%
 -- Sample 21: 2.6253%
 -- Sample 22: 12.8181%
 -- Sample 23: 12.1942%
 -- Sample 24: 6.9407%
 -- Sample 25: 11.3165%
 -- Sample 26: 12.9886%
 -- Sample 27: 9.5846%
 -- Sample 28: 9.2198%
 -- Sample 29: 11.4584%
 -- Sample 30: 7.3499%
 -- Sample 31: 8.8429%
 -- Sample 32: 11.1030%
 -- Sample 33: 3.7427%
 -- Sample 34: 6.1337%
 -- Sample 35: 4.8845%
 -- Sample 36: 12.2288%
 -- Sample 37: 14.9301%
 -- Sample 38: 3.7512%
 -- Sample 39: 1.5856%
 -- Sample 40: 4.1589%
 -- Sample 41: 3.6578%
 -- Sample 42: 12.3862%
 -- Sample 43: 11.4344%
 -- Sample 44: 10.5724%
 -- Sample 45: 12.6541%
 -- Sample 46: 45.8219%
 -- Sample 47: 40.7837%
 -- Sample 48: 54.1657%
 -- Sample 49: 61.5455%
Mean: 11.8854%, Std: 12.8185%
------------------------------------------------------------------
Evaluating Divergent:
 -- Sample 0: 49.0299%
 -- Sample 1: 49.2449%
 -- Sample 2: 43.1459%
 -- Sample 3: 43.8335%
 -- Sample 4: 43.3138%
 -- Sample 5: 44.3451%
 -- Sample 6: 47.0460%
 -- Sample 7: 48.5371%
 -- Sample 8: 48.7507%
 -- Sample 9: 48.1006%
 -- Sample 10: 42.7190%
 -- Sample 11: 42.3525%
 -- Sample 12: 42.6692%
 -- Sample 13: 44.0540%
 -- Sample 14: 45.0437%
 -- Sample 15: 46.0818%
 -- Sample 16: 45.5886%
 -- Sample 17: 43.9848%
 -- Sample 18: 46.5079%
 -- Sample 19: 47.0611%
 -- Sample 20: 47.1764%
 -- Sample 21: 46.6741%
 -- Sample 22: 41.3095%
 -- Sample 23: 42.0725%
 -- Sample 24: 41.6432%
 -- Sample 25: 42.0492%
 -- Sample 26: 45.3164%
 -- Sample 27: 45.2687%
 -- Sample 28: 44.7808%
 -- Sample 29: 44.8054%
 -- Sample 30: 41.3704%
 -- Sample 31: 42.5058%
 -- Sample 32: 41.9395%
 -- Sample 33: 41.8445%
 -- Sample 34: 49.0562%
 -- Sample 35: 48.3786%
 -- Sample 36: 47.0750%
 -- Sample 37: 47.6167%
 -- Sample 38: 36.2590%
 -- Sample 39: 36.1893%
 -- Sample 40: 36.6097%
 -- Sample 41: 36.2200%
 -- Sample 42: 43.7634%
 -- Sample 43: 44.2998%
 -- Sample 44: 43.6483%
 -- Sample 45: 43.5394%
 -- Sample 46: 50.4667%
 -- Sample 47: 50.5463%
 -- Sample 48: 50.9855%
 -- Sample 49: 51.1949%
Mean: 44.7203%, Std: 3.6782%
------------------------------------------------------------------
  Processing Batch 3 (Size: 50)...
    Evaluating Ko et al (D3)
Bias Error: using velocity magnitude
Mean: 78.7139, Std: 113.2458
------------------------------------------------------------------
Magnitude Error: 
 -- Sample 0: mean=37.5369%; std=30.9608
 -- Sample 1: mean=35.8057%; std=28.9310
 -- Sample 2: mean=36.0902%; std=26.7971
 -- Sample 3: mean=34.5553%; std=26.5450
 -- Sample 4: mean=51.1763%; std=20.4897
 -- Sample 5: mean=49.4110%; std=18.3223
 -- Sample 6: mean=48.8884%; std=16.7385
 -- Sample 7: mean=51.3549%; std=19.6235
 -- Sample 8: mean=46.6708%; std=38.1715
 -- Sample 9: mean=45.6746%; std=39.5599
 -- Sample 10: mean=43.5989%; std=35.6456
 -- Sample 11: mean=43.7065%; std=35.7752
 -- Sample 12: mean=46.2915%; std=14.4691
 -- Sample 13: mean=47.5626%; std=16.0877
 -- Sample 14: mean=46.1807%; std=16.4459
 -- Sample 15: mean=46.2827%; std=15.2494
 -- Sample 16: mean=56.7222%; std=68.8458
 -- Sample 17: mean=66.7775%; std=76.9448
 -- Sample 18: mean=57.7064%; std=68.2762
 -- Sample 19: mean=62.8113%; std=67.5017
 -- Sample 20: mean=291.3575%; std=287.4509
 -- Sample 21: mean=333.5197%; std=308.6412
 -- Sample 22: mean=324.3792%; std=311.9000
 -- Sample 23: mean=322.4044%; std=309.1946
 -- Sample 24: mean=311.8947%; std=305.8651
 -- Sample 25: mean=296.5514%; std=337.3411
 -- Sample 26: mean=356.4511%; std=393.1299
 -- Sample 27: mean=350.4127%; std=326.0522
 -- Sample 28: mean=23.9926%; std=20.8551
 -- Sample 29: mean=26.9016%; std=18.1362
 -- Sample 30: mean=25.3460%; std=17.4951
 -- Sample 31: mean=22.2197%; std=19.0518
 -- Sample 32: mean=36.5907%; std=29.2730
 -- Sample 33: mean=36.9549%; std=28.8424
 -- Sample 34: mean=42.0855%; std=25.8319
 -- Sample 35: mean=38.9902%; std=30.4256
 -- Sample 36: mean=58.4379%; std=55.1851
 -- Sample 37: mean=51.5351%; std=50.8605
 -- Sample 38: mean=55.0696%; std=58.1724
 -- Sample 39: mean=57.4276%; std=55.4740
 -- Sample 40: mean=42.1417%; std=34.8614
 -- Sample 41: mean=34.1507%; std=27.7811
 -- Sample 42: mean=35.7873%; std=27.1060
 -- Sample 43: mean=38.9262%; std=32.6285
 -- Sample 44: mean=64.9035%; std=86.6305
 -- Sample 45: mean=66.7303%; std=97.8526
 -- Sample 46: mean=63.0914%; std=84.4407
 -- Sample 47: mean=63.7240%; std=77.7113
 -- Sample 48: mean=51.1672%; std=31.7014
 -- Sample 49: mean=48.6250%; std=29.1539
Mean: 90.5315%, Std: 102.5479%
------------------------------------------------------------------
Angular error:
 -- Sample 0: mean=37.0070º; std=37.7833
 -- Sample 1: mean=38.4312º; std=38.2855
 -- Sample 2: mean=37.9972º; std=37.5987
 -- Sample 3: mean=36.6056º; std=36.3630
 -- Sample 4: mean=31.9420º; std=35.8462
 -- Sample 5: mean=33.1473º; std=36.8236
 -- Sample 6: mean=33.4250º; std=37.0016
 -- Sample 7: mean=31.9866º; std=35.8979
 -- Sample 8: mean=39.7771º; std=38.1329
 -- Sample 9: mean=39.1021º; std=37.7293
 -- Sample 10: mean=41.6767º; std=40.2745
 -- Sample 11: mean=42.0109º; std=39.5713
 -- Sample 12: mean=32.2453º; std=36.1717
 -- Sample 13: mean=32.6383º; std=36.5442
 -- Sample 14: mean=33.4300º; std=35.8850
 -- Sample 15: mean=33.1262º; std=35.4573
 -- Sample 16: mean=32.0761º; std=34.4367
 -- Sample 17: mean=32.7267º; std=34.1192
 -- Sample 18: mean=31.1740º; std=33.4373
 -- Sample 19: mean=30.2183º; std=33.1439
 -- Sample 20: mean=35.3139º; std=39.9929
 -- Sample 21: mean=36.2063º; std=39.9510
 -- Sample 22: mean=36.0179º; std=38.7102
 -- Sample 23: mean=34.5006º; std=38.3630
 -- Sample 24: mean=49.7419º; std=42.6657
 -- Sample 25: mean=49.9119º; std=41.6490
 -- Sample 26: mean=47.2888º; std=41.6492
 -- Sample 27: mean=47.9168º; std=42.7480
 -- Sample 28: mean=31.9151º; std=36.7759
 -- Sample 29: mean=32.5659º; std=36.5109
 -- Sample 30: mean=31.2693º; std=36.0447
 -- Sample 31: mean=31.8316º; std=36.3771
 -- Sample 32: mean=25.0713º; std=31.4144
 -- Sample 33: mean=25.9344º; std=32.6658
 -- Sample 34: mean=27.3591º; std=34.4231
 -- Sample 35: mean=25.6885º; std=31.6898
 -- Sample 36: mean=37.7756º; std=39.2682
 -- Sample 37: mean=34.8024º; std=37.1339
 -- Sample 38: mean=35.7468º; std=37.4622
 -- Sample 39: mean=37.8629º; std=39.4509
 -- Sample 40: mean=38.9540º; std=38.8747
 -- Sample 41: mean=41.1099º; std=39.5882
 -- Sample 42: mean=42.6591º; std=39.5141
 -- Sample 43: mean=41.0585º; std=39.5942
 -- Sample 44: mean=44.5998º; std=40.1073
 -- Sample 45: mean=44.6134º; std=39.2993
 -- Sample 46: mean=45.9059º; std=40.9314
 -- Sample 47: mean=47.5438º; std=42.0554
 -- Sample 48: mean=38.5024º; std=36.6838
 -- Sample 49: mean=38.4842º; std=36.9707
Mean: 36.7779º, Std: 6.1207º
------------------------------------------------------------------
Correlation comparison:
 -- Sample 0: 0.7817
 -- Sample 1: 0.8155
 -- Sample 2: 0.8389
 -- Sample 3: 0.8182
 -- Sample 4: 0.8655
 -- Sample 5: 0.9124
 -- Sample 6: 0.9257
 -- Sample 7: 0.8701
 -- Sample 8: 0.7984
 -- Sample 9: 0.8020
 -- Sample 10: 0.8241
 -- Sample 11: 0.8129
 -- Sample 12: 0.9615
 -- Sample 13: 0.9517
 -- Sample 14: 0.9495
 -- Sample 15: 0.9589
 -- Sample 16: 0.7205
 -- Sample 17: 0.7244
 -- Sample 18: 0.6916
 -- Sample 19: 0.6809
 -- Sample 20: 0.5920
 -- Sample 21: 0.5924
 -- Sample 22: 0.5802
 -- Sample 23: 0.5967
 -- Sample 24: 0.2553
 -- Sample 25: 0.2522
 -- Sample 26: 0.2524
 -- Sample 27: 0.2866
 -- Sample 28: 0.9415
 -- Sample 29: 0.9349
 -- Sample 30: 0.9425
 -- Sample 31: 0.9474
 -- Sample 32: 0.9440
 -- Sample 33: 0.9541
 -- Sample 34: 0.9645
 -- Sample 35: 0.9536
 -- Sample 36: 0.9250
 -- Sample 37: 0.9055
 -- Sample 38: 0.8992
 -- Sample 39: 0.9171
 -- Sample 40: 0.8550
 -- Sample 41: 0.8775
 -- Sample 42: 0.8725
 -- Sample 43: 0.8698
 -- Sample 44: 0.8057
 -- Sample 45: 0.7713
 -- Sample 46: 0.7966
 -- Sample 47: 0.7996
 -- Sample 48: 0.7672
 -- Sample 49: 0.8047
Mean=0.7912, Std=0.1873
------------------------------------------------------------------
Flux Error:
 -- Sample 0: 0.5698
 -- Sample 1: 0.5841
 -- Sample 2: 0.5846
 -- Sample 3: 0.6476
 -- Sample 4: 0.5713
 -- Sample 5: 0.5644
 -- Sample 6: 0.5851
 -- Sample 7: 0.5705
 -- Sample 8: 0.8310
 -- Sample 9: 1.2336
 -- Sample 10: 0.8091
 -- Sample 11: 1.0872
 -- Sample 12: 0.6835
 -- Sample 13: 0.5276
 -- Sample 14: 0.6943
 -- Sample 15: 0.5950
 -- Sample 16: 0.9484
 -- Sample 17: 1.1245
 -- Sample 18: 1.1901
 -- Sample 19: 0.9949
 -- Sample 20: 3.5384
 -- Sample 21: 4.4834
 -- Sample 22: 3.8573
 -- Sample 23: 4.2954
 -- Sample 24: 3.4678
 -- Sample 25: 3.2217
 -- Sample 26: 4.2741
 -- Sample 27: 3.8739
 -- Sample 28: 0.8072
 -- Sample 29: 0.8451
 -- Sample 30: 0.8035
 -- Sample 31: 0.8765
 -- Sample 32: 1.0177
 -- Sample 33: 1.1264
 -- Sample 34: 1.1518
 -- Sample 35: 1.1227
 -- Sample 36: 1.4252
 -- Sample 37: 0.8002
 -- Sample 38: 1.3657
 -- Sample 39: 0.8822
 -- Sample 40: 0.6087
 -- Sample 41: 0.7114
 -- Sample 42: 0.5002
 -- Sample 43: 0.7223
 -- Sample 44: 0.9185
 -- Sample 45: 0.5692
 -- Sample 46: 0.8745
 -- Sample 47: 0.4861
 -- Sample 48: 0.6573
 -- Sample 49: 0.8029
Mean: 1.3097, Std: 1.1549
------------------------------------------------------------------
Tortuosity Comparison:
 -- Sample 0: 16.7449%
 -- Sample 1: 20.4914%
 -- Sample 2: 15.9776%
 -- Sample 3: 20.3001%
 -- Sample 4: 3.6786%
 -- Sample 5: 11.9973%
 -- Sample 6: 11.0272%
 -- Sample 7: 2.7699%
 -- Sample 8: 6.0976%
 -- Sample 9: 3.1615%
 -- Sample 10: 6.1112%
 -- Sample 11: 12.6420%
 -- Sample 12: 12.1627%
 -- Sample 13: 6.4074%
 -- Sample 14: 6.3092%
 -- Sample 15: 13.5811%
 -- Sample 16: 10.1078%
 -- Sample 17: 16.0309%
 -- Sample 18: 13.4422%
 -- Sample 19: 10.0659%
 -- Sample 20: 5.1446%
 -- Sample 21: 1.2614%
 -- Sample 22: 0.6080%
 -- Sample 23: 0.2918%
 -- Sample 24: 7.9941%
 -- Sample 25: 9.6121%
 -- Sample 26: 16.9326%
 -- Sample 27: 14.0123%
 -- Sample 28: 4.3268%
 -- Sample 29: 3.6474%
 -- Sample 30: 2.5456%
 -- Sample 31: 4.6387%
 -- Sample 32: 0.6744%
 -- Sample 33: 1.1756%
 -- Sample 34: 1.4701%
 -- Sample 35: 0.7972%
 -- Sample 36: 2.5109%
 -- Sample 37: 2.3152%
 -- Sample 38: 2.6771%
 -- Sample 39: 1.7818%
 -- Sample 40: 3.9760%
 -- Sample 41: 6.0918%
 -- Sample 42: 10.6697%
 -- Sample 43: 9.8983%
 -- Sample 44: 5.9821%
 -- Sample 45: 2.6553%
 -- Sample 46: 0.8165%
 -- Sample 47: 9.2087%
 -- Sample 48: 26.8282%
 -- Sample 49: 20.7301%
Mean: 8.0076%, Std: 6.3939%
------------------------------------------------------------------
Evaluating Divergent:
 -- Sample 0: 44.8519%
 -- Sample 1: 44.1688%
 -- Sample 2: 43.2783%
 -- Sample 3: 43.8664%
 -- Sample 4: 40.3215%
 -- Sample 5: 41.1109%
 -- Sample 6: 41.3479%
 -- Sample 7: 40.4840%
 -- Sample 8: 44.8892%
 -- Sample 9: 45.8919%
 -- Sample 10: 45.6627%
 -- Sample 11: 45.7520%
 -- Sample 12: 40.9569%
 -- Sample 13: 40.1299%
 -- Sample 14: 40.5199%
 -- Sample 15: 40.6665%
 -- Sample 16: 44.7416%
 -- Sample 17: 46.0771%
 -- Sample 18: 45.7030%
 -- Sample 19: 44.2870%
 -- Sample 20: 46.6012%
 -- Sample 21: 47.3498%
 -- Sample 22: 48.1305%
 -- Sample 23: 47.0155%
 -- Sample 24: 50.9039%
 -- Sample 25: 50.4883%
 -- Sample 26: 49.6450%
 -- Sample 27: 49.8384%
 -- Sample 28: 41.0205%
 -- Sample 29: 42.1029%
 -- Sample 30: 40.5972%
 -- Sample 31: 41.3279%
 -- Sample 32: 40.0196%
 -- Sample 33: 40.6679%
 -- Sample 34: 41.2637%
 -- Sample 35: 39.9410%
 -- Sample 36: 42.9882%
 -- Sample 37: 42.5197%
 -- Sample 38: 42.8778%
 -- Sample 39: 42.7766%
 -- Sample 40: 50.6106%
 -- Sample 41: 50.8901%
 -- Sample 42: 51.0396%
 -- Sample 43: 51.3542%
 -- Sample 44: 51.1197%
 -- Sample 45: 51.6045%
 -- Sample 46: 51.8514%
 -- Sample 47: 51.6040%
 -- Sample 48: 45.1208%
 -- Sample 49: 44.6303%
Mean: 45.0522%, Std: 3.9118%
------------------------------------------------------------------
  Processing Batch 4 (Size: 42)...
    Evaluating Ko et al (D3)
Bias Error: using velocity magnitude
Mean: 31.9468, Std: 27.0034
------------------------------------------------------------------
Magnitude Error: 
 -- Sample 0: mean=50.7205%; std=32.6873
 -- Sample 1: mean=49.9195%; std=34.3337
 -- Sample 2: mean=27.6828%; std=18.3892
 -- Sample 3: mean=32.9761%; std=18.5221
 -- Sample 4: mean=29.5424%; std=18.7395
 -- Sample 5: mean=27.0401%; std=19.3152
 -- Sample 6: mean=107.4268%; std=111.9333
 -- Sample 7: mean=95.6501%; std=92.3551
 -- Sample 8: mean=99.0656%; std=104.9105
 -- Sample 9: mean=119.3001%; std=137.3749
 -- Sample 10: mean=30.8730%; std=22.6523
 -- Sample 11: mean=27.6768%; std=23.4827
 -- Sample 12: mean=20.7675%; std=19.5256
 -- Sample 13: mean=35.2183%; std=28.7084
 -- Sample 14: mean=43.9092%; std=19.6906
 -- Sample 15: mean=42.3486%; std=18.8561
 -- Sample 16: mean=38.5734%; std=20.1609
 -- Sample 17: mean=40.6448%; std=19.8401
 -- Sample 18: mean=34.9620%; std=34.9901
 -- Sample 19: mean=38.4519%; std=34.8069
 -- Sample 20: mean=42.6858%; std=31.4181
 -- Sample 21: mean=33.5579%; std=26.0614
 -- Sample 22: mean=45.7191%; std=37.2365
 -- Sample 23: mean=42.8284%; std=32.6463
 -- Sample 24: mean=48.7149%; std=34.7424
 -- Sample 25: mean=48.5138%; std=40.2723
 -- Sample 26: mean=86.8808%; std=76.5255
 -- Sample 27: mean=83.1624%; std=75.3303
 -- Sample 28: mean=84.7009%; std=74.5839
 -- Sample 29: mean=90.4769%; std=85.3148
 -- Sample 30: mean=50.5137%; std=33.5003
 -- Sample 31: mean=49.1413%; std=30.9270
 -- Sample 32: mean=48.2727%; std=28.7913
 -- Sample 33: mean=48.1283%; std=30.4267
 -- Sample 34: mean=28.0709%; std=19.5248
 -- Sample 35: mean=29.2461%; std=20.4423
 -- Sample 36: mean=32.8304%; std=19.8104
 -- Sample 37: mean=29.0596%; std=19.7551
 -- Sample 38: mean=39.7128%; std=25.0273
 -- Sample 39: mean=39.9980%; std=25.0356
 -- Sample 40: mean=42.5955%; std=28.7790
 -- Sample 41: mean=41.0361%; std=29.6247
Mean: 49.4904%, Std: 24.2107%
------------------------------------------------------------------
Angular error:
 -- Sample 0: mean=40.3088º; std=37.8580
 -- Sample 1: mean=40.7116º; std=37.9445
 -- Sample 2: mean=35.7638º; std=39.9213
 -- Sample 3: mean=34.9423º; std=38.0787
 -- Sample 4: mean=33.7211º; std=37.5260
 -- Sample 5: mean=35.3711º; std=39.7520
 -- Sample 6: mean=38.1552º; std=36.3077
 -- Sample 7: mean=37.4057º; std=35.8945
 -- Sample 8: mean=38.9665º; std=37.1586
 -- Sample 9: mean=38.6950º; std=36.8545
 -- Sample 10: mean=29.1168º; std=35.0410
 -- Sample 11: mean=28.3057º; std=34.2305
 -- Sample 12: mean=28.7486º; std=34.9217
 -- Sample 13: mean=29.6198º; std=35.3035
 -- Sample 14: mean=46.0889º; std=41.9112
 -- Sample 15: mean=45.9653º; std=41.8900
 -- Sample 16: mean=46.3309º; std=42.5781
 -- Sample 17: mean=45.7074º; std=41.6978
 -- Sample 18: mean=38.3725º; std=35.3928
 -- Sample 19: mean=37.6093º; std=34.6782
 -- Sample 20: mean=37.5900º; std=35.7537
 -- Sample 21: mean=38.9762º; std=36.5030
 -- Sample 22: mean=47.9284º; std=42.2872
 -- Sample 23: mean=48.5408º; std=42.7435
 -- Sample 24: mean=50.7198º; std=42.4216
 -- Sample 25: mean=49.8990º; std=41.9113
 -- Sample 26: mean=27.3992º; std=33.3648
 -- Sample 27: mean=26.9944º; std=32.8457
 -- Sample 28: mean=27.2601º; std=33.3122
 -- Sample 29: mean=27.7871º; std=33.5475
 -- Sample 30: mean=26.2181º; std=35.5609
 -- Sample 31: mean=25.8171º; std=35.1601
 -- Sample 32: mean=26.4903º; std=35.1730
 -- Sample 33: mean=27.0297º; std=35.1236
 -- Sample 34: mean=35.3823º; std=37.9932
 -- Sample 35: mean=34.7730º; std=37.2841
 -- Sample 36: mean=35.3985º; std=37.8992
 -- Sample 37: mean=35.8039º; std=38.0352
 -- Sample 38: mean=49.0184º; std=43.5114
 -- Sample 39: mean=48.2444º; std=43.4579
 -- Sample 40: mean=50.4904º; std=43.3344
 -- Sample 41: mean=50.7496º; std=43.8525
Mean: 37.5813º, Std: 8.0394º
------------------------------------------------------------------
Correlation comparison:
 -- Sample 0: 0.7961
 -- Sample 1: 0.7921
 -- Sample 2: 0.9369
 -- Sample 3: 0.8993
 -- Sample 4: 0.9231
 -- Sample 5: 0.9311
 -- Sample 6: 0.7900
 -- Sample 7: 0.8383
 -- Sample 8: 0.8210
 -- Sample 9: 0.7558
 -- Sample 10: 0.9579
 -- Sample 11: 0.9270
 -- Sample 12: 0.9482
 -- Sample 13: 0.9510
 -- Sample 14: 0.9477
 -- Sample 15: 0.9420
 -- Sample 16: 0.9495
 -- Sample 17: 0.9502
 -- Sample 18: 0.8415
 -- Sample 19: 0.8263
 -- Sample 20: 0.8208
 -- Sample 21: 0.8646
 -- Sample 22: 0.7942
 -- Sample 23: 0.8072
 -- Sample 24: 0.7619
 -- Sample 25: 0.7476
 -- Sample 26: 0.7863
 -- Sample 27: 0.7975
 -- Sample 28: 0.8029
 -- Sample 29: 0.7759
 -- Sample 30: 0.8577
 -- Sample 31: 0.8441
 -- Sample 32: 0.8372
 -- Sample 33: 0.8417
 -- Sample 34: 0.9444
 -- Sample 35: 0.9353
 -- Sample 36: 0.9270
 -- Sample 37: 0.9431
 -- Sample 38: 0.8557
 -- Sample 39: 0.8363
 -- Sample 40: 0.8342
 -- Sample 41: 0.8669
Mean=0.8621, Std=0.0659
------------------------------------------------------------------
Flux Error:
 -- Sample 0: 0.6716
 -- Sample 1: 0.7582
 -- Sample 2: 0.9514
 -- Sample 3: 1.1290
 -- Sample 4: 1.0145
 -- Sample 5: 1.0985
 -- Sample 6: 1.5630
 -- Sample 7: 1.1346
 -- Sample 8: 1.5732
 -- Sample 9: 1.2678
 -- Sample 10: 1.0976
 -- Sample 11: 1.1415
 -- Sample 12: 0.9346
 -- Sample 13: 1.2361
 -- Sample 14: 0.7945
 -- Sample 15: 0.6951
 -- Sample 16: 0.8028
 -- Sample 17: 0.7177
 -- Sample 18: 0.5614
 -- Sample 19: 0.4428
 -- Sample 20: 0.6186
 -- Sample 21: 0.3959
 -- Sample 22: 0.7634
 -- Sample 23: 0.5439
 -- Sample 24: 0.7749
 -- Sample 25: 0.5433
 -- Sample 26: 0.7099
 -- Sample 27: 0.6801
 -- Sample 28: 0.7953
 -- Sample 29: 0.6776
 -- Sample 30: 1.0305
 -- Sample 31: 1.0764
 -- Sample 32: 0.9308
 -- Sample 33: 1.0809
 -- Sample 34: 0.6569
 -- Sample 35: 0.8939
 -- Sample 36: 0.6319
 -- Sample 37: 0.8597
 -- Sample 38: 0.4990
 -- Sample 39: 0.8009
 -- Sample 40: 0.4721
 -- Sample 41: 0.8156
Mean: 0.8533, Std: 0.2736
------------------------------------------------------------------
Tortuosity Comparison:
 -- Sample 0: 25.3905%
 -- Sample 1: 29.0033%
 -- Sample 2: 1.2657%
 -- Sample 3: 0.9198%
 -- Sample 4: 1.4459%
 -- Sample 5: 1.2386%
 -- Sample 6: 5.5889%
 -- Sample 7: 1.6811%
 -- Sample 8: 1.9166%
 -- Sample 9: 2.7140%
 -- Sample 10: 1.2111%
 -- Sample 11: 0.2239%
 -- Sample 12: 2.0868%
 -- Sample 13: 2.4831%
 -- Sample 14: 13.2764%
 -- Sample 15: 9.7482%
 -- Sample 16: 9.6395%
 -- Sample 17: 11.2565%
 -- Sample 18: 5.9330%
 -- Sample 19: 7.3745%
 -- Sample 20: 3.1704%
 -- Sample 21: 5.8820%
 -- Sample 22: 43.1902%
 -- Sample 23: 43.2485%
 -- Sample 24: 44.1086%
 -- Sample 25: 47.7357%
 -- Sample 26: 13.3610%
 -- Sample 27: 9.2237%
 -- Sample 28: 13.6265%
 -- Sample 29: 13.2494%
 -- Sample 30: 5.3018%
 -- Sample 31: 1.1629%
 -- Sample 32: 3.1183%
 -- Sample 33: 6.6884%
 -- Sample 34: 5.9778%
 -- Sample 35: 2.3129%
 -- Sample 36: 2.6357%
 -- Sample 37: 3.3967%
 -- Sample 38: 27.7215%
 -- Sample 39: 23.5952%
 -- Sample 40: 41.7635%
 -- Sample 41: 35.4811%
Mean: 12.6274%, Std: 14.2545%
------------------------------------------------------------------
Evaluating Divergent:
 -- Sample 0: 45.2469%
 -- Sample 1: 45.1366%
 -- Sample 2: 41.3171%
 -- Sample 3: 41.2613%
 -- Sample 4: 41.4479%
 -- Sample 5: 41.1693%
 -- Sample 6: 50.2105%
 -- Sample 7: 48.1834%
 -- Sample 8: 48.5064%
 -- Sample 9: 50.1042%
 -- Sample 10: 43.7395%
 -- Sample 11: 43.9166%
 -- Sample 12: 43.3996%
 -- Sample 13: 43.6853%
 -- Sample 14: 46.6835%
 -- Sample 15: 46.7805%
 -- Sample 16: 46.7910%
 -- Sample 17: 46.7352%
 -- Sample 18: 47.2788%
 -- Sample 19: 46.4467%
 -- Sample 20: 46.2272%
 -- Sample 21: 46.8870%
 -- Sample 22: 47.8934%
 -- Sample 23: 47.1028%
 -- Sample 24: 48.1555%
 -- Sample 25: 48.7169%
 -- Sample 26: 41.0306%
 -- Sample 27: 40.8793%
 -- Sample 28: 40.7221%
 -- Sample 29: 41.3095%
 -- Sample 30: 39.4502%
 -- Sample 31: 39.5803%
 -- Sample 32: 39.5174%
 -- Sample 33: 39.8164%
 -- Sample 34: 41.8001%
 -- Sample 35: 42.5379%
 -- Sample 36: 43.2133%
 -- Sample 37: 43.0151%
 -- Sample 38: 50.0816%
 -- Sample 39: 49.1546%
 -- Sample 40: 49.9023%
 -- Sample 41: 50.3254%
Mean: 44.8895%, Std: 3.4465%
------------------------------------------------------------------

Processing Dataset: Berea
Considering 224 samples from ../NN_Datasets_Grad_Dist_40_5_55/Test_Oliveira_Berea_SAug_DNorm.h5.
  Processing Batch 1 (Size: 50)...
    Evaluating Ko et al (D3)
Bias Error: using velocity magnitude
Mean: 31.0284, Std: 23.5713
------------------------------------------------------------------
Magnitude Error: 
 -- Sample 0: mean=93.1431%; std=83.3832
 -- Sample 1: mean=105.8924%; std=97.1705
 -- Sample 2: mean=115.4951%; std=107.8980
 -- Sample 3: mean=112.8542%; std=112.7814
 -- Sample 4: mean=58.2188%; std=41.5542
 -- Sample 5: mean=53.5293%; std=39.8099
 -- Sample 6: mean=47.8340%; std=38.9042
 -- Sample 7: mean=46.7747%; std=40.3333
 -- Sample 8: mean=85.0227%; std=85.6572
 -- Sample 9: mean=92.4582%; std=87.0981
 -- Sample 10: mean=103.7558%; std=106.1209
 -- Sample 11: mean=78.6421%; std=83.0073
 -- Sample 12: mean=28.3618%; std=21.1681
 -- Sample 13: mean=32.1262%; std=24.2735
 -- Sample 14: mean=32.8230%; std=25.1434
 -- Sample 15: mean=28.7846%; std=23.1979
 -- Sample 16: mean=34.9384%; std=18.1131
 -- Sample 17: mean=34.5466%; std=16.2835
 -- Sample 18: mean=33.4097%; std=15.0458
 -- Sample 19: mean=34.8333%; std=16.7421
 -- Sample 20: mean=36.4484%; std=28.9224
 -- Sample 21: mean=40.5337%; std=42.3425
 -- Sample 22: mean=36.8381%; std=25.7906
 -- Sample 23: mean=38.3071%; std=28.2608
 -- Sample 24: mean=27.7637%; std=19.7713
 -- Sample 25: mean=28.0964%; std=19.8394
 -- Sample 26: mean=27.0598%; std=20.0890
 -- Sample 27: mean=27.3343%; std=18.2884
 -- Sample 28: mean=31.8139%; std=18.3371
 -- Sample 29: mean=31.8092%; std=18.0354
 -- Sample 30: mean=33.1154%; std=18.9712
 -- Sample 31: mean=31.8023%; std=19.6943
 -- Sample 32: mean=67.4407%; std=48.5733
 -- Sample 33: mean=68.9474%; std=49.5741
 -- Sample 34: mean=63.8914%; std=41.1661
 -- Sample 35: mean=62.8419%; std=40.1799
 -- Sample 36: mean=62.3145%; std=73.7378
 -- Sample 37: mean=70.7692%; std=77.5632
 -- Sample 38: mean=70.7487%; std=71.5525
 -- Sample 39: mean=68.7987%; std=75.6751
 -- Sample 40: mean=49.9972%; std=15.7953
 -- Sample 41: mean=48.1251%; std=16.5313
 -- Sample 42: mean=49.7572%; std=15.0914
 -- Sample 43: mean=47.7541%; std=17.1592
 -- Sample 44: mean=22.3575%; std=16.5928
 -- Sample 45: mean=25.6490%; std=18.4761
 -- Sample 46: mean=24.9804%; std=17.5661
 -- Sample 47: mean=22.6374%; std=18.1632
 -- Sample 48: mean=37.3299%; std=19.2985
 -- Sample 49: mean=39.4811%; std=20.7535
Mean: 50.9638%, Std: 25.2159%
------------------------------------------------------------------
Angular error:
 -- Sample 0: mean=36.0852º; std=37.8918
 -- Sample 1: mean=38.4788º; std=40.4157
 -- Sample 2: mean=38.5080º; std=39.9028
 -- Sample 3: mean=37.3365º; std=37.4774
 -- Sample 4: mean=37.0184º; std=36.8097
 -- Sample 5: mean=37.1584º; std=36.6070
 -- Sample 6: mean=37.4108º; std=36.8001
 -- Sample 7: mean=36.9544º; std=37.2667
 -- Sample 8: mean=37.5357º; std=40.9363
 -- Sample 9: mean=37.6665º; std=40.7769
 -- Sample 10: mean=37.3214º; std=40.8575
 -- Sample 11: mean=37.1445º; std=40.4121
 -- Sample 12: mean=42.3246º; std=39.7289
 -- Sample 13: mean=43.7431º; std=39.5392
 -- Sample 14: mean=42.3572º; std=39.0068
 -- Sample 15: mean=40.2972º; std=38.6599
 -- Sample 16: mean=25.9140º; std=32.8766
 -- Sample 17: mean=26.3461º; std=33.4519
 -- Sample 18: mean=25.5119º; std=32.2126
 -- Sample 19: mean=25.7072º; std=32.2572
 -- Sample 20: mean=46.3788º; std=43.6596
 -- Sample 21: mean=43.9992º; std=42.8108
 -- Sample 22: mean=46.0488º; std=42.8220
 -- Sample 23: mean=49.0255º; std=44.7703
 -- Sample 24: mean=29.1911º; std=34.9324
 -- Sample 25: mean=29.8070º; std=34.5210
 -- Sample 26: mean=29.4608º; std=34.2687
 -- Sample 27: mean=28.4793º; std=32.9328
 -- Sample 28: mean=26.5355º; std=31.9564
 -- Sample 29: mean=27.2979º; std=32.5047
 -- Sample 30: mean=29.0531º; std=33.2588
 -- Sample 31: mean=27.1150º; std=32.0556
 -- Sample 32: mean=48.9708º; std=40.8575
 -- Sample 33: mean=50.6320º; std=41.2682
 -- Sample 34: mean=48.2800º; std=39.6074
 -- Sample 35: mean=46.8742º; std=39.6788
 -- Sample 36: mean=37.3431º; std=39.6491
 -- Sample 37: mean=36.4549º; std=38.5817
 -- Sample 38: mean=36.7011º; std=39.7514
 -- Sample 39: mean=37.9371º; std=39.9948
 -- Sample 40: mean=37.0361º; std=37.7671
 -- Sample 41: mean=35.8112º; std=37.3788
 -- Sample 42: mean=35.7190º; std=38.1264
 -- Sample 43: mean=36.4512º; std=38.3080
 -- Sample 44: mean=30.6420º; std=34.4716
 -- Sample 45: mean=32.7481º; std=36.3650
 -- Sample 46: mean=33.6528º; std=37.4031
 -- Sample 47: mean=31.7633º; std=35.8085
 -- Sample 48: mean=36.6815º; std=39.4739
 -- Sample 49: mean=36.4657º; std=39.0095
Mean: 36.4675º, Std: 6.6751º
------------------------------------------------------------------
Correlation comparison:
 -- Sample 0: 0.7281
 -- Sample 1: 0.6644
 -- Sample 2: 0.6244
 -- Sample 3: 0.6462
 -- Sample 4: 0.8093
 -- Sample 5: 0.8195
 -- Sample 6: 0.8577
 -- Sample 7: 0.8588
 -- Sample 8: 0.7924
 -- Sample 9: 0.7833
 -- Sample 10: 0.7525
 -- Sample 11: 0.8189
 -- Sample 12: 0.9332
 -- Sample 13: 0.9161
 -- Sample 14: 0.9121
 -- Sample 15: 0.9329
 -- Sample 16: 0.9200
 -- Sample 17: 0.9427
 -- Sample 18: 0.9539
 -- Sample 19: 0.9380
 -- Sample 20: 0.8311
 -- Sample 21: 0.7983
 -- Sample 22: 0.8674
 -- Sample 23: 0.8443
 -- Sample 24: 0.9138
 -- Sample 25: 0.9339
 -- Sample 26: 0.9350
 -- Sample 27: 0.9339
 -- Sample 28: 0.9076
 -- Sample 29: 0.9135
 -- Sample 30: 0.9107
 -- Sample 31: 0.9107
 -- Sample 32: 0.7385
 -- Sample 33: 0.7476
 -- Sample 34: 0.7702
 -- Sample 35: 0.7641
 -- Sample 36: 0.7912
 -- Sample 37: 0.7642
 -- Sample 38: 0.7905
 -- Sample 39: 0.7840
 -- Sample 40: 0.9546
 -- Sample 41: 0.9510
 -- Sample 42: 0.9589
 -- Sample 43: 0.9506
 -- Sample 44: 0.9628
 -- Sample 45: 0.9499
 -- Sample 46: 0.9618
 -- Sample 47: 0.9617
 -- Sample 48: 0.9454
 -- Sample 49: 0.9288
Mean=0.8596, Std=0.0913
------------------------------------------------------------------
Flux Error:
 -- Sample 0: 1.1819
 -- Sample 1: 1.1039
 -- Sample 2: 1.2229
 -- Sample 3: 1.0326
 -- Sample 4: 0.6384
 -- Sample 5: 0.7588
 -- Sample 6: 0.6840
 -- Sample 7: 0.7623
 -- Sample 8: 1.3855
 -- Sample 9: 1.0943
 -- Sample 10: 1.4161
 -- Sample 11: 1.0531
 -- Sample 12: 0.5815
 -- Sample 13: 0.6878
 -- Sample 14: 0.6171
 -- Sample 15: 0.6443
 -- Sample 16: 0.5795
 -- Sample 17: 0.5815
 -- Sample 18: 0.5946
 -- Sample 19: 0.5750
 -- Sample 20: 0.5189
 -- Sample 21: 0.4995
 -- Sample 22: 0.4778
 -- Sample 23: 0.4772
 -- Sample 24: 0.7569
 -- Sample 25: 0.5852
 -- Sample 26: 0.7895
 -- Sample 27: 0.5514
 -- Sample 28: 0.4736
 -- Sample 29: 0.6791
 -- Sample 30: 0.4731
 -- Sample 31: 0.6383
 -- Sample 32: 0.7812
 -- Sample 33: 0.7786
 -- Sample 34: 0.7660
 -- Sample 35: 0.8522
 -- Sample 36: 1.1115
 -- Sample 37: 1.2239
 -- Sample 38: 1.1431
 -- Sample 39: 1.1825
 -- Sample 40: 0.5363
 -- Sample 41: 0.6695
 -- Sample 42: 0.5287
 -- Sample 43: 0.6341
 -- Sample 44: 0.4613
 -- Sample 45: 0.5884
 -- Sample 46: 0.4596
 -- Sample 47: 0.6304
 -- Sample 48: 0.6086
 -- Sample 49: 0.8163
Mean: 0.7578, Std: 0.2615
------------------------------------------------------------------
Tortuosity Comparison:
 -- Sample 0: 2.4066%
 -- Sample 1: 2.5611%
 -- Sample 2: 1.8210%
 -- Sample 3: 6.4702%
 -- Sample 4: 2.6908%
 -- Sample 5: 4.3326%
 -- Sample 6: 2.8908%
 -- Sample 7: 4.2289%
 -- Sample 8: 2.1850%
 -- Sample 9: 3.2973%
 -- Sample 10: 2.6408%
 -- Sample 11: 0.5291%
 -- Sample 12: 13.6433%
 -- Sample 13: 12.3582%
 -- Sample 14: 16.7561%
 -- Sample 15: 12.1998%
 -- Sample 16: 6.9063%
 -- Sample 17: 6.7321%
 -- Sample 18: 4.7567%
 -- Sample 19: 6.1645%
 -- Sample 20: 3.1419%
 -- Sample 21: 5.8329%
 -- Sample 22: 10.2499%
 -- Sample 23: 5.1437%
 -- Sample 24: 2.6189%
 -- Sample 25: 1.7647%
 -- Sample 26: 0.0280%
 -- Sample 27: 0.2857%
 -- Sample 28: 7.0822%
 -- Sample 29: 4.3488%
 -- Sample 30: 6.1326%
 -- Sample 31: 7.5484%
 -- Sample 32: 18.7245%
 -- Sample 33: 24.4052%
 -- Sample 34: 14.4910%
 -- Sample 35: 11.0580%
 -- Sample 36: 4.4923%
 -- Sample 37: 3.9930%
 -- Sample 38: 2.9367%
 -- Sample 39: 3.6477%
 -- Sample 40: 5.9852%
 -- Sample 41: 0.5227%
 -- Sample 42: 2.4610%
 -- Sample 43: 2.7930%
 -- Sample 44: 6.2104%
 -- Sample 45: 9.7999%
 -- Sample 46: 5.2335%
 -- Sample 47: 7.0145%
 -- Sample 48: 4.8853%
 -- Sample 49: 3.7351%
Mean: 6.0428%, Std: 4.9268%
------------------------------------------------------------------
Evaluating Divergent:
 -- Sample 0: 43.1726%
 -- Sample 1: 43.7054%
 -- Sample 2: 44.1526%
 -- Sample 3: 44.5522%
 -- Sample 4: 47.5387%
 -- Sample 5: 47.9924%
 -- Sample 6: 47.7280%
 -- Sample 7: 46.6650%
 -- Sample 8: 47.3418%
 -- Sample 9: 47.9100%
 -- Sample 10: 48.0411%
 -- Sample 11: 46.8597%
 -- Sample 12: 46.9329%
 -- Sample 13: 48.0697%
 -- Sample 14: 48.2482%
 -- Sample 15: 47.2089%
 -- Sample 16: 37.0004%
 -- Sample 17: 37.1338%
 -- Sample 18: 36.6977%
 -- Sample 19: 37.2440%
 -- Sample 20: 47.1302%
 -- Sample 21: 47.9937%
 -- Sample 22: 48.7447%
 -- Sample 23: 47.4990%
 -- Sample 24: 40.4278%
 -- Sample 25: 40.6055%
 -- Sample 26: 40.5485%
 -- Sample 27: 40.7420%
 -- Sample 28: 39.0258%
 -- Sample 29: 38.3050%
 -- Sample 30: 38.9191%
 -- Sample 31: 38.1522%
 -- Sample 32: 49.8070%
 -- Sample 33: 49.3944%
 -- Sample 34: 49.7085%
 -- Sample 35: 50.2765%
 -- Sample 36: 46.0823%
 -- Sample 37: 45.3219%
 -- Sample 38: 45.2640%
 -- Sample 39: 46.5036%
 -- Sample 40: 42.2299%
 -- Sample 41: 42.4207%
 -- Sample 42: 42.4994%
 -- Sample 43: 42.4884%
 -- Sample 44: 42.0219%
 -- Sample 45: 42.9569%
 -- Sample 46: 42.7393%
 -- Sample 47: 42.1134%
 -- Sample 48: 43.1249%
 -- Sample 49: 43.9626%
Mean: 44.2241%, Std: 3.8522%
------------------------------------------------------------------
  Processing Batch 2 (Size: 50)...
    Evaluating Ko et al (D3)
Bias Error: using velocity magnitude
Mean: 30.6850, Std: 27.6042
------------------------------------------------------------------
Magnitude Error: 
 -- Sample 0: mean=38.0814%; std=19.3849
 -- Sample 1: mean=39.7637%; std=20.0326
 -- Sample 2: mean=87.9507%; std=89.3679
 -- Sample 3: mean=85.5620%; std=87.6684
 -- Sample 4: mean=83.2264%; std=83.5392
 -- Sample 5: mean=87.4345%; std=89.5782
 -- Sample 6: mean=44.1792%; std=28.5042
 -- Sample 7: mean=45.2484%; std=29.7324
 -- Sample 8: mean=46.5198%; std=27.3378
 -- Sample 9: mean=46.2418%; std=28.1578
 -- Sample 10: mean=36.5508%; std=15.5999
 -- Sample 11: mean=37.3063%; std=14.9893
 -- Sample 12: mean=38.6560%; std=13.9304
 -- Sample 13: mean=37.0360%; std=15.6737
 -- Sample 14: mean=31.1446%; std=21.1592
 -- Sample 15: mean=29.4449%; std=21.9672
 -- Sample 16: mean=26.8269%; std=19.7834
 -- Sample 17: mean=28.4851%; std=18.8601
 -- Sample 18: mean=47.8775%; std=34.2508
 -- Sample 19: mean=42.8194%; std=27.4131
 -- Sample 20: mean=45.2160%; std=31.4259
 -- Sample 21: mean=46.3209%; std=28.0556
 -- Sample 22: mean=35.7042%; std=25.8183
 -- Sample 23: mean=35.1648%; std=26.5578
 -- Sample 24: mean=29.4649%; std=21.6035
 -- Sample 25: mean=33.4508%; std=24.1189
 -- Sample 26: mean=30.7266%; std=17.5506
 -- Sample 27: mean=29.6048%; std=18.1896
 -- Sample 28: mean=30.9585%; std=17.3351
 -- Sample 29: mean=31.4951%; std=18.7396
 -- Sample 30: mean=29.2477%; std=20.6474
 -- Sample 31: mean=23.6382%; std=18.2110
 -- Sample 32: mean=28.4524%; std=21.3313
 -- Sample 33: mean=26.0570%; std=19.4735
 -- Sample 34: mean=37.0077%; std=17.8236
 -- Sample 35: mean=34.2711%; std=18.5875
 -- Sample 36: mean=34.3138%; std=19.6513
 -- Sample 37: mean=37.8748%; std=20.5510
 -- Sample 38: mean=103.4590%; std=99.0128
 -- Sample 39: mean=88.2559%; std=102.7019
 -- Sample 40: mean=102.4628%; std=117.9740
 -- Sample 41: mean=111.3003%; std=116.7381
 -- Sample 42: mean=104.1021%; std=158.8576
 -- Sample 43: mean=99.0516%; std=115.4108
 -- Sample 44: mean=95.7576%; std=121.6309
 -- Sample 45: mean=104.5357%; std=167.7693
 -- Sample 46: mean=32.3093%; std=17.0867
 -- Sample 47: mean=32.7609%; std=18.0474
 -- Sample 48: mean=36.6596%; std=15.8228
 -- Sample 49: mean=37.4099%; std=18.0668
Mean: 50.1478%, Std: 26.7626%
------------------------------------------------------------------
Angular error:
 -- Sample 0: mean=35.1927º; std=38.9509
 -- Sample 1: mean=35.9744º; std=39.3552
 -- Sample 2: mean=39.5089º; std=40.6241
 -- Sample 3: mean=37.8312º; std=38.2991
 -- Sample 4: mean=38.2312º; std=37.9919
 -- Sample 5: mean=39.5935º; std=40.3178
 -- Sample 6: mean=47.3884º; std=40.7233
 -- Sample 7: mean=46.3022º; std=39.4153
 -- Sample 8: mean=46.3873º; std=40.1308
 -- Sample 9: mean=47.7016º; std=42.0996
 -- Sample 10: mean=30.7731º; std=35.3123
 -- Sample 11: mean=31.8935º; std=35.6703
 -- Sample 12: mean=31.2024º; std=34.9141
 -- Sample 13: mean=30.4960º; std=34.4378
 -- Sample 14: mean=34.3167º; std=35.0855
 -- Sample 15: mean=32.8502º; std=34.7876
 -- Sample 16: mean=33.4664º; std=35.7253
 -- Sample 17: mean=34.7076º; std=35.7457
 -- Sample 18: mean=40.8575º; std=38.8841
 -- Sample 19: mean=40.5137º; std=39.1511
 -- Sample 20: mean=42.0583º; std=40.8323
 -- Sample 21: mean=42.7148º; std=39.7519
 -- Sample 22: mean=50.6323º; std=44.3076
 -- Sample 23: mean=50.7862º; std=44.0102
 -- Sample 24: mean=50.5449º; std=45.4264
 -- Sample 25: mean=50.8379º; std=44.7671
 -- Sample 26: mean=26.9323º; std=32.4176
 -- Sample 27: mean=26.3765º; std=32.1533
 -- Sample 28: mean=27.0973º; std=33.2709
 -- Sample 29: mean=27.5537º; std=32.9978
 -- Sample 30: mean=31.7883º; std=36.5905
 -- Sample 31: mean=33.1774º; std=37.7579
 -- Sample 32: mean=33.6526º; std=36.8128
 -- Sample 33: mean=32.1383º; std=36.3198
 -- Sample 34: mean=26.4666º; std=32.0836
 -- Sample 35: mean=25.0172º; std=31.6998
 -- Sample 36: mean=25.9468º; std=32.4526
 -- Sample 37: mean=27.6759º; std=32.9647
 -- Sample 38: mean=35.9244º; std=36.6592
 -- Sample 39: mean=36.7694º; std=36.1964
 -- Sample 40: mean=36.9290º; std=35.4084
 -- Sample 41: mean=35.5911º; std=35.5174
 -- Sample 42: mean=45.4753º; std=40.9324
 -- Sample 43: mean=44.3387º; std=41.5506
 -- Sample 44: mean=44.1896º; std=41.3610
 -- Sample 45: mean=44.2102º; std=41.4544
 -- Sample 46: mean=44.0377º; std=43.0986
 -- Sample 47: mean=42.7011º; std=42.5529
 -- Sample 48: mean=44.2373º; std=43.2811
 -- Sample 49: mean=45.1787º; std=44.0465
Mean: 37.7234º, Std: 7.4638º
------------------------------------------------------------------
Correlation comparison:
 -- Sample 0: 0.9377
 -- Sample 1: 0.9379
 -- Sample 2: 0.7645
 -- Sample 3: 0.7643
 -- Sample 4: 0.7732
 -- Sample 5: 0.7681
 -- Sample 6: 0.7451
 -- Sample 7: 0.7339
 -- Sample 8: 0.7319
 -- Sample 9: 0.7427
 -- Sample 10: 0.9562
 -- Sample 11: 0.9656
 -- Sample 12: 0.9630
 -- Sample 13: 0.9584
 -- Sample 14: 0.9064
 -- Sample 15: 0.9182
 -- Sample 16: 0.9350
 -- Sample 17: 0.9355
 -- Sample 18: 0.8243
 -- Sample 19: 0.8467
 -- Sample 20: 0.8353
 -- Sample 21: 0.8432
 -- Sample 22: 0.8632
 -- Sample 23: 0.8689
 -- Sample 24: 0.8959
 -- Sample 25: 0.8860
 -- Sample 26: 0.9507
 -- Sample 27: 0.9460
 -- Sample 28: 0.9522
 -- Sample 29: 0.9448
 -- Sample 30: 0.9291
 -- Sample 31: 0.9503
 -- Sample 32: 0.9372
 -- Sample 33: 0.9411
 -- Sample 34: 0.8407
 -- Sample 35: 0.8479
 -- Sample 36: 0.8561
 -- Sample 37: 0.8436
 -- Sample 38: 0.6393
 -- Sample 39: 0.6598
 -- Sample 40: 0.6194
 -- Sample 41: 0.6043
 -- Sample 42: 0.5136
 -- Sample 43: 0.6045
 -- Sample 44: 0.6256
 -- Sample 45: 0.5602
 -- Sample 46: 0.9427
 -- Sample 47: 0.9341
 -- Sample 48: 0.9349
 -- Sample 49: 0.9190
Mean=0.8360, Std=0.1233
------------------------------------------------------------------
Flux Error:
 -- Sample 0: 0.6093
 -- Sample 1: 0.7472
 -- Sample 2: 1.4137
 -- Sample 3: 1.3814
 -- Sample 4: 1.3986
 -- Sample 5: 1.4484
 -- Sample 6: 0.6872
 -- Sample 7: 0.7395
 -- Sample 8: 0.7864
 -- Sample 9: 0.7360
 -- Sample 10: 0.4486
 -- Sample 11: 0.7178
 -- Sample 12: 0.4593
 -- Sample 13: 0.6821
 -- Sample 14: 0.4153
 -- Sample 15: 0.7318
 -- Sample 16: 0.3720
 -- Sample 17: 0.6993
 -- Sample 18: 0.5054
 -- Sample 19: 0.3768
 -- Sample 20: 0.4856
 -- Sample 21: 0.3851
 -- Sample 22: 0.4146
 -- Sample 23: 0.6697
 -- Sample 24: 0.4468
 -- Sample 25: 0.5787
 -- Sample 26: 0.7142
 -- Sample 27: 0.5169
 -- Sample 28: 0.7292
 -- Sample 29: 0.5369
 -- Sample 30: 0.7810
 -- Sample 31: 0.6022
 -- Sample 32: 0.7252
 -- Sample 33: 0.5595
 -- Sample 34: 0.6746
 -- Sample 35: 0.5597
 -- Sample 36: 0.6850
 -- Sample 37: 0.5007
 -- Sample 38: 0.7999
 -- Sample 39: 0.7485
 -- Sample 40: 0.8514
 -- Sample 41: 0.9103
 -- Sample 42: 1.0887
 -- Sample 43: 0.8757
 -- Sample 44: 0.9452
 -- Sample 45: 0.9446
 -- Sample 46: 1.1193
 -- Sample 47: 0.8416
 -- Sample 48: 1.0638
 -- Sample 49: 0.8451
Mean: 0.7391, Std: 0.2689
------------------------------------------------------------------
Tortuosity Comparison:
 -- Sample 0: 1.6549%
 -- Sample 1: 6.1959%
 -- Sample 2: 4.1883%
 -- Sample 3: 6.1675%
 -- Sample 4: 5.2577%
 -- Sample 5: 5.2892%
 -- Sample 6: 9.9942%
 -- Sample 7: 15.9119%
 -- Sample 8: 10.8606%
 -- Sample 9: 3.6493%
 -- Sample 10: 10.3281%
 -- Sample 11: 8.0594%
 -- Sample 12: 8.0617%
 -- Sample 13: 12.0275%
 -- Sample 14: 14.4838%
 -- Sample 15: 12.9484%
 -- Sample 16: 12.4859%
 -- Sample 17: 8.3874%
 -- Sample 18: 0.0273%
 -- Sample 19: 0.3468%
 -- Sample 20: 3.3682%
 -- Sample 21: 2.4051%
 -- Sample 22: 35.9335%
 -- Sample 23: 25.2934%
 -- Sample 24: 12.9924%
 -- Sample 25: 29.3813%
 -- Sample 26: 3.4305%
 -- Sample 27: 4.5760%
 -- Sample 28: 1.5907%
 -- Sample 29: 1.2414%
 -- Sample 30: 1.4987%
 -- Sample 31: 7.3062%
 -- Sample 32: 13.2133%
 -- Sample 33: 9.6051%
 -- Sample 34: 0.3582%
 -- Sample 35: 0.8825%
 -- Sample 36: 0.0822%
 -- Sample 37: 0.7727%
 -- Sample 38: 8.1745%
 -- Sample 39: 10.1989%
 -- Sample 40: 9.6104%
 -- Sample 41: 9.9415%
 -- Sample 42: 11.5952%
 -- Sample 43: 12.6533%
 -- Sample 44: 11.7481%
 -- Sample 45: 9.9252%
 -- Sample 46: 8.6664%
 -- Sample 47: 7.7785%
 -- Sample 48: 8.5229%
 -- Sample 49: 5.9855%
Mean: 8.5012%, Std: 7.0518%
------------------------------------------------------------------
Evaluating Divergent:
 -- Sample 0: 42.5410%
 -- Sample 1: 42.6591%
 -- Sample 2: 44.8568%
 -- Sample 3: 43.4760%
 -- Sample 4: 43.7574%
 -- Sample 5: 44.7693%
 -- Sample 6: 48.6967%
 -- Sample 7: 48.9080%
 -- Sample 8: 48.9774%
 -- Sample 9: 48.1600%
 -- Sample 10: 39.8205%
 -- Sample 11: 40.3254%
 -- Sample 12: 40.2513%
 -- Sample 13: 40.2121%
 -- Sample 14: 41.9375%
 -- Sample 15: 41.8502%
 -- Sample 16: 40.7763%
 -- Sample 17: 41.2972%
 -- Sample 18: 46.0334%
 -- Sample 19: 45.3108%
 -- Sample 20: 45.3590%
 -- Sample 21: 45.4503%
 -- Sample 22: 50.8643%
 -- Sample 23: 50.6800%
 -- Sample 24: 49.3352%
 -- Sample 25: 50.2017%
 -- Sample 26: 36.0737%
 -- Sample 27: 35.4172%
 -- Sample 28: 35.5405%
 -- Sample 29: 36.4764%
 -- Sample 30: 41.0169%
 -- Sample 31: 41.6198%
 -- Sample 32: 41.7274%
 -- Sample 33: 41.5899%
 -- Sample 34: 36.7465%
 -- Sample 35: 36.3659%
 -- Sample 36: 37.3191%
 -- Sample 37: 38.0211%
 -- Sample 38: 45.6862%
 -- Sample 39: 46.6970%
 -- Sample 40: 46.6599%
 -- Sample 41: 45.7868%
 -- Sample 42: 51.7980%
 -- Sample 43: 51.1234%
 -- Sample 44: 51.2748%
 -- Sample 45: 51.4380%
 -- Sample 46: 48.4806%
 -- Sample 47: 48.8027%
 -- Sample 48: 49.0803%
 -- Sample 49: 48.8472%
Mean: 44.2019%, Std: 4.8172%
------------------------------------------------------------------
  Processing Batch 3 (Size: 50)...
    Evaluating Ko et al (D3)
Bias Error: using velocity magnitude
Mean: 32.0570, Std: 22.3120
------------------------------------------------------------------
Magnitude Error: 
 -- Sample 0: mean=39.9843%; std=17.6099
 -- Sample 1: mean=37.2937%; std=19.8040
 -- Sample 2: mean=34.6875%; std=21.4981
 -- Sample 3: mean=35.5039%; std=19.2316
 -- Sample 4: mean=98.7976%; std=69.4656
 -- Sample 5: mean=93.8019%; std=69.4091
 -- Sample 6: mean=83.3469%; std=64.3006
 -- Sample 7: mean=82.6992%; std=63.8046
 -- Sample 8: mean=34.4783%; std=22.0986
 -- Sample 9: mean=38.2636%; std=21.2419
 -- Sample 10: mean=35.9992%; std=19.2984
 -- Sample 11: mean=34.2736%; std=20.5624
 -- Sample 12: mean=31.7931%; std=16.0351
 -- Sample 13: mean=27.7166%; std=17.9849
 -- Sample 14: mean=28.8798%; std=18.8958
 -- Sample 15: mean=32.4359%; std=16.5698
 -- Sample 16: mean=49.8770%; std=34.8406
 -- Sample 17: mean=44.4232%; std=33.3511
 -- Sample 18: mean=41.8002%; std=28.0072
 -- Sample 19: mean=47.2308%; std=34.3696
 -- Sample 20: mean=35.4397%; std=18.5310
 -- Sample 21: mean=35.2258%; std=20.3018
 -- Sample 22: mean=37.3520%; std=18.8644
 -- Sample 23: mean=34.8853%; std=18.8172
 -- Sample 24: mean=33.4094%; std=27.9405
 -- Sample 25: mean=33.5394%; std=25.8191
 -- Sample 26: mean=31.0067%; std=24.8301
 -- Sample 27: mean=35.0226%; std=29.1503
 -- Sample 28: mean=21.3987%; std=14.8119
 -- Sample 29: mean=20.4358%; std=15.0530
 -- Sample 30: mean=25.2634%; std=15.5037
 -- Sample 31: mean=24.7419%; std=15.5672
 -- Sample 32: mean=28.1729%; std=20.3348
 -- Sample 33: mean=26.7017%; std=20.4412
 -- Sample 34: mean=26.3984%; std=18.2455
 -- Sample 35: mean=25.5822%; std=17.6020
 -- Sample 36: mean=27.0286%; std=22.7875
 -- Sample 37: mean=24.8839%; std=22.7602
 -- Sample 38: mean=26.2092%; std=22.0584
 -- Sample 39: mean=29.8211%; std=22.6227
 -- Sample 40: mean=133.9609%; std=145.8985
 -- Sample 41: mean=132.6635%; std=145.9828
 -- Sample 42: mean=124.2667%; std=135.4804
 -- Sample 43: mean=125.5669%; std=136.6720
 -- Sample 44: mean=56.7084%; std=16.5377
 -- Sample 45: mean=56.0080%; std=15.5423
 -- Sample 46: mean=59.3741%; std=17.7544
 -- Sample 47: mean=60.9014%; std=15.2334
 -- Sample 48: mean=38.7741%; std=18.7313
 -- Sample 49: mean=42.0181%; std=16.8120
Mean: 47.3209%, Std: 29.7057%
------------------------------------------------------------------
Angular error:
 -- Sample 0: mean=30.9381º; std=34.3499
 -- Sample 1: mean=31.6536º; std=34.3080
 -- Sample 2: mean=31.9496º; std=34.4540
 -- Sample 3: mean=30.8390º; std=33.7437
 -- Sample 4: mean=47.0979º; std=43.5763
 -- Sample 5: mean=45.6208º; std=43.9200
 -- Sample 6: mean=46.8403º; std=44.3627
 -- Sample 7: mean=48.1246º; std=43.2641
 -- Sample 8: mean=34.6874º; std=39.2962
 -- Sample 9: mean=34.9650º; std=38.6417
 -- Sample 10: mean=35.1178º; std=38.9660
 -- Sample 11: mean=35.0266º; std=39.9582
 -- Sample 12: mean=27.1277º; std=34.2637
 -- Sample 13: mean=27.5709º; std=34.5197
 -- Sample 14: mean=27.2287º; std=33.5232
 -- Sample 15: mean=27.1122º; std=34.0011
 -- Sample 16: mean=37.0669º; std=40.7979
 -- Sample 17: mean=38.8538º; std=41.0110
 -- Sample 18: mean=36.8916º; std=39.7321
 -- Sample 19: mean=35.3889º; std=39.3432
 -- Sample 20: mean=32.2264º; std=35.1632
 -- Sample 21: mean=31.5322º; std=34.8285
 -- Sample 22: mean=31.5003º; std=33.9133
 -- Sample 23: mean=31.4570º; std=34.0260
 -- Sample 24: mean=31.1310º; std=34.4430
 -- Sample 25: mean=30.5191º; std=34.0540
 -- Sample 26: mean=30.2648º; std=32.7356
 -- Sample 27: mean=30.6959º; std=33.4894
 -- Sample 28: mean=35.0396º; std=42.0720
 -- Sample 29: mean=34.6097º; std=41.9708
 -- Sample 30: mean=34.1539º; std=40.8737
 -- Sample 31: mean=34.7321º; std=40.6248
 -- Sample 32: mean=32.5854º; std=36.5968
 -- Sample 33: mean=32.9122º; std=37.0517
 -- Sample 34: mean=32.6190º; std=36.9701
 -- Sample 35: mean=32.2619º; std=36.9954
 -- Sample 36: mean=32.6941º; std=36.5674
 -- Sample 37: mean=33.1132º; std=36.9441
 -- Sample 38: mean=31.4567º; std=35.9651
 -- Sample 39: mean=31.6341º; std=36.0738
 -- Sample 40: mean=45.8864º; std=44.9358
 -- Sample 41: mean=44.4762º; std=45.1035
 -- Sample 42: mean=44.1986º; std=44.8899
 -- Sample 43: mean=45.2116º; std=44.9255
 -- Sample 44: mean=36.1364º; std=37.8652
 -- Sample 45: mean=34.4792º; std=36.7606
 -- Sample 46: mean=36.8108º; std=37.2650
 -- Sample 47: mean=37.2667º; std=38.2754
 -- Sample 48: mean=39.3397º; std=40.9080
 -- Sample 49: mean=39.7630º; std=40.9654
Mean: 35.2162º, Std: 5.5002º
------------------------------------------------------------------
Correlation comparison:
 -- Sample 0: 0.9337
 -- Sample 1: 0.9226
 -- Sample 2: 0.9260
 -- Sample 3: 0.9322
 -- Sample 4: 0.7210
 -- Sample 5: 0.7121
 -- Sample 6: 0.7264
 -- Sample 7: 0.7151
 -- Sample 8: 0.9020
 -- Sample 9: 0.8988
 -- Sample 10: 0.9161
 -- Sample 11: 0.9073
 -- Sample 12: 0.9599
 -- Sample 13: 0.9607
 -- Sample 14: 0.9545
 -- Sample 15: 0.9525
 -- Sample 16: 0.8570
 -- Sample 17: 0.8531
 -- Sample 18: 0.8824
 -- Sample 19: 0.8727
 -- Sample 20: 0.9143
 -- Sample 21: 0.8926
 -- Sample 22: 0.8936
 -- Sample 23: 0.9099
 -- Sample 24: 0.9466
 -- Sample 25: 0.9556
 -- Sample 26: 0.9585
 -- Sample 27: 0.9479
 -- Sample 28: 0.9662
 -- Sample 29: 0.9635
 -- Sample 30: 0.9525
 -- Sample 31: 0.9587
 -- Sample 32: 0.9648
 -- Sample 33: 0.9666
 -- Sample 34: 0.9650
 -- Sample 35: 0.9715
 -- Sample 36: 0.9530
 -- Sample 37: 0.9384
 -- Sample 38: 0.9482
 -- Sample 39: 0.9524
 -- Sample 40: 0.5571
 -- Sample 41: 0.5579
 -- Sample 42: 0.5656
 -- Sample 43: 0.5555
 -- Sample 44: 0.9240
 -- Sample 45: 0.9271
 -- Sample 46: 0.8945
 -- Sample 47: 0.9180
 -- Sample 48: 0.9395
 -- Sample 49: 0.9431
Mean=0.8842, Std=0.1153
------------------------------------------------------------------
Flux Error:
 -- Sample 0: 0.6859
 -- Sample 1: 0.5970
 -- Sample 2: 0.7411
 -- Sample 3: 0.6138
 -- Sample 4: 1.5306
 -- Sample 5: 1.0748
 -- Sample 6: 1.2538
 -- Sample 7: 0.9110
 -- Sample 8: 0.5371
 -- Sample 9: 0.6904
 -- Sample 10: 0.5301
 -- Sample 11: 0.7640
 -- Sample 12: 0.6344
 -- Sample 13: 0.6357
 -- Sample 14: 0.6657
 -- Sample 15: 0.6163
 -- Sample 16: 0.9856
 -- Sample 17: 0.8138
 -- Sample 18: 0.8078
 -- Sample 19: 1.0738
 -- Sample 20: 0.5935
 -- Sample 21: 0.6007
 -- Sample 22: 0.5716
 -- Sample 23: 0.6581
 -- Sample 24: 0.7340
 -- Sample 25: 0.4997
 -- Sample 26: 0.7080
 -- Sample 27: 0.5225
 -- Sample 28: 0.9602
 -- Sample 29: 0.5899
 -- Sample 30: 0.9308
 -- Sample 31: 0.5937
 -- Sample 32: 0.6247
 -- Sample 33: 0.7605
 -- Sample 34: 0.5967
 -- Sample 35: 0.7659
 -- Sample 36: 0.8767
 -- Sample 37: 0.5339
 -- Sample 38: 0.8246
 -- Sample 39: 0.5625
 -- Sample 40: 1.3545
 -- Sample 41: 1.4859
 -- Sample 42: 1.2996
 -- Sample 43: 1.3527
 -- Sample 44: 0.7093
 -- Sample 45: 0.5961
 -- Sample 46: 0.7071
 -- Sample 47: 0.6477
 -- Sample 48: 0.4601
 -- Sample 49: 0.6881
Mean: 0.7794, Std: 0.2640
------------------------------------------------------------------
Tortuosity Comparison:
 -- Sample 0: 14.4087%
 -- Sample 1: 11.3936%
 -- Sample 2: 12.8977%
 -- Sample 3: 12.3588%
 -- Sample 4: 6.3451%
 -- Sample 5: 8.5960%
 -- Sample 6: 12.6779%
 -- Sample 7: 16.0324%
 -- Sample 8: 12.5230%
 -- Sample 9: 12.2087%
 -- Sample 10: 10.2212%
 -- Sample 11: 10.2523%
 -- Sample 12: 0.2528%
 -- Sample 13: 1.3037%
 -- Sample 14: 0.3113%
 -- Sample 15: 0.8417%
 -- Sample 16: 6.3435%
 -- Sample 17: 2.9762%
 -- Sample 18: 0.9982%
 -- Sample 19: 7.5983%
 -- Sample 20: 1.5409%
 -- Sample 21: 4.6623%
 -- Sample 22: 13.8096%
 -- Sample 23: 0.5001%
 -- Sample 24: 0.7288%
 -- Sample 25: 0.2215%
 -- Sample 26: 2.9618%
 -- Sample 27: 1.3810%
 -- Sample 28: 5.2877%
 -- Sample 29: 2.4873%
 -- Sample 30: 1.8604%
 -- Sample 31: 5.0842%
 -- Sample 32: 1.3014%
 -- Sample 33: 5.2807%
 -- Sample 34: 9.2179%
 -- Sample 35: 3.5224%
 -- Sample 36: 7.6750%
 -- Sample 37: 9.7151%
 -- Sample 38: 10.9288%
 -- Sample 39: 9.9856%
 -- Sample 40: 2.6039%
 -- Sample 41: 4.3422%
 -- Sample 42: 1.7129%
 -- Sample 43: 2.0454%
 -- Sample 44: 15.0695%
 -- Sample 45: 14.0267%
 -- Sample 46: 23.0071%
 -- Sample 47: 20.9863%
 -- Sample 48: 10.1206%
 -- Sample 49: 14.4144%
Mean: 7.3404%, Std: 5.7374%
------------------------------------------------------------------
Evaluating Divergent:
 -- Sample 0: 39.6164%
 -- Sample 1: 40.5537%
 -- Sample 2: 39.8394%
 -- Sample 3: 39.1137%
 -- Sample 4: 48.6195%
 -- Sample 5: 47.9824%
 -- Sample 6: 48.4597%
 -- Sample 7: 49.9669%
 -- Sample 8: 43.7451%
 -- Sample 9: 44.9957%
 -- Sample 10: 44.7480%
 -- Sample 11: 43.9022%
 -- Sample 12: 39.7123%
 -- Sample 13: 39.1744%
 -- Sample 14: 39.8379%
 -- Sample 15: 40.0041%
 -- Sample 16: 40.8622%
 -- Sample 17: 42.3465%
 -- Sample 18: 41.9605%
 -- Sample 19: 41.6143%
 -- Sample 20: 42.9090%
 -- Sample 21: 42.5832%
 -- Sample 22: 42.6695%
 -- Sample 23: 42.3082%
 -- Sample 24: 42.4344%
 -- Sample 25: 42.8366%
 -- Sample 26: 42.3540%
 -- Sample 27: 42.2538%
 -- Sample 28: 39.1060%
 -- Sample 29: 38.4316%
 -- Sample 30: 39.5080%
 -- Sample 31: 39.7262%
 -- Sample 32: 43.0774%
 -- Sample 33: 42.7850%
 -- Sample 34: 43.2225%
 -- Sample 35: 43.1757%
 -- Sample 36: 41.8018%
 -- Sample 37: 42.6891%
 -- Sample 38: 41.9246%
 -- Sample 39: 42.3385%
 -- Sample 40: 48.7422%
 -- Sample 41: 47.9499%
 -- Sample 42: 48.4846%
 -- Sample 43: 48.8748%
 -- Sample 44: 43.6920%
 -- Sample 45: 42.9217%
 -- Sample 46: 44.7937%
 -- Sample 47: 44.5013%
 -- Sample 48: 42.5478%
 -- Sample 49: 43.1804%
Mean: 43.0176%, Std: 2.9348%
------------------------------------------------------------------
  Processing Batch 4 (Size: 50)...
    Evaluating Ko et al (D3)
Bias Error: using velocity magnitude
Mean: 35.4361, Std: 23.2407
------------------------------------------------------------------
Magnitude Error: 
 -- Sample 0: mean=42.2569%; std=18.6614
 -- Sample 1: mean=39.0587%; std=19.8954
 -- Sample 2: mean=36.2063%; std=18.7644
 -- Sample 3: mean=36.9839%; std=17.1438
 -- Sample 4: mean=38.0749%; std=18.2036
 -- Sample 5: mean=38.4060%; std=17.5636
 -- Sample 6: mean=101.6209%; std=114.7852
 -- Sample 7: mean=89.4255%; std=101.8439
 -- Sample 8: mean=87.3556%; std=104.2676
 -- Sample 9: mean=105.8204%; std=118.3903
 -- Sample 10: mean=86.1472%; std=71.2488
 -- Sample 11: mean=76.4705%; std=69.9916
 -- Sample 12: mean=81.7295%; std=69.0499
 -- Sample 13: mean=91.7306%; std=68.6130
 -- Sample 14: mean=108.0171%; std=97.3192
 -- Sample 15: mean=103.0726%; std=95.1862
 -- Sample 16: mean=87.0047%; std=78.8914
 -- Sample 17: mean=92.1897%; std=86.9585
 -- Sample 18: mean=33.6425%; std=21.9783
 -- Sample 19: mean=36.0773%; std=23.7248
 -- Sample 20: mean=38.9904%; std=22.5582
 -- Sample 21: mean=37.5009%; std=23.8172
 -- Sample 22: mean=36.6322%; std=18.6599
 -- Sample 23: mean=35.7688%; std=18.8688
 -- Sample 24: mean=37.9268%; std=17.7763
 -- Sample 25: mean=36.8835%; std=18.0008
 -- Sample 26: mean=30.6884%; std=14.1382
 -- Sample 27: mean=31.7897%; std=12.5979
 -- Sample 28: mean=28.4548%; std=14.0472
 -- Sample 29: mean=28.8995%; std=15.3030
 -- Sample 30: mean=23.4443%; std=16.2338
 -- Sample 31: mean=27.1308%; std=17.1615
 -- Sample 32: mean=24.6952%; std=19.0514
 -- Sample 33: mean=23.8421%; std=17.1182
 -- Sample 34: mean=29.9331%; std=25.4852
 -- Sample 35: mean=31.2683%; std=21.2607
 -- Sample 36: mean=28.1445%; std=19.6391
 -- Sample 37: mean=27.6566%; std=20.5608
 -- Sample 38: mean=27.7481%; std=20.3549
 -- Sample 39: mean=27.0890%; std=19.4090
 -- Sample 40: mean=22.7619%; std=18.3592
 -- Sample 41: mean=26.9969%; std=19.1050
 -- Sample 42: mean=73.1346%; std=84.7983
 -- Sample 43: mean=73.6835%; std=85.0443
 -- Sample 44: mean=76.6398%; std=79.9770
 -- Sample 45: mean=72.6466%; std=75.6329
 -- Sample 46: mean=39.7853%; std=20.7893
 -- Sample 47: mean=36.8460%; std=20.4812
 -- Sample 48: mean=37.1704%; std=19.4628
 -- Sample 49: mean=37.2916%; std=19.7784
Mean: 50.4547%, Std: 26.8968%
------------------------------------------------------------------
Angular error:
 -- Sample 0: mean=39.9086º; std=40.1655
 -- Sample 1: mean=39.9468º; std=40.8403
 -- Sample 2: mean=29.9907º; std=36.7464
 -- Sample 3: mean=29.6982º; std=36.3540
 -- Sample 4: mean=30.0758º; std=37.1120
 -- Sample 5: mean=30.4182º; std=36.8501
 -- Sample 6: mean=34.7238º; std=36.9331
 -- Sample 7: mean=37.4330º; std=38.6577
 -- Sample 8: mean=34.1601º; std=35.8135
 -- Sample 9: mean=31.9876º; std=34.7914
 -- Sample 10: mean=36.7761º; std=38.4778
 -- Sample 11: mean=34.6219º; std=37.0571
 -- Sample 12: mean=33.8024º; std=35.8572
 -- Sample 13: mean=36.5084º; std=38.1775
 -- Sample 14: mean=42.5958º; std=38.3013
 -- Sample 15: mean=45.0991º; std=40.0859
 -- Sample 16: mean=46.0571º; std=41.4882
 -- Sample 17: mean=44.0416º; std=39.9517
 -- Sample 18: mean=31.5655º; std=34.5832
 -- Sample 19: mean=32.0617º; std=34.7464
 -- Sample 20: mean=33.5934º; std=35.8253
 -- Sample 21: mean=32.9991º; std=35.9237
 -- Sample 22: mean=30.7857º; std=33.3574
 -- Sample 23: mean=29.7520º; std=32.3151
 -- Sample 24: mean=29.3998º; std=32.4534
 -- Sample 25: mean=30.7519º; std=33.9876
 -- Sample 26: mean=34.2354º; std=38.5349
 -- Sample 27: mean=34.9250º; std=39.2794
 -- Sample 28: mean=33.8672º; std=38.7988
 -- Sample 29: mean=33.4567º; std=38.1653
 -- Sample 30: mean=22.7983º; std=29.3812
 -- Sample 31: mean=24.1502º; std=30.6875
 -- Sample 32: mean=23.7812º; std=31.1982
 -- Sample 33: mean=22.8622º; std=30.2665
 -- Sample 34: mean=34.1496º; std=36.3043
 -- Sample 35: mean=34.7576º; std=36.6216
 -- Sample 36: mean=34.7759º; std=36.2914
 -- Sample 37: mean=34.5137º; std=36.2201
 -- Sample 38: mean=38.2758º; std=38.8628
 -- Sample 39: mean=38.0094º; std=38.5531
 -- Sample 40: mean=36.4311º; std=37.4017
 -- Sample 41: mean=37.1981º; std=37.8228
 -- Sample 42: mean=40.5992º; std=43.8091
 -- Sample 43: mean=40.2217º; std=43.3407
 -- Sample 44: mean=38.7191º; std=40.3009
 -- Sample 45: mean=38.9511º; std=40.6325
 -- Sample 46: mean=34.1910º; std=37.5477
 -- Sample 47: mean=34.8309º; std=37.6817
 -- Sample 48: mean=34.1693º; std=37.7789
 -- Sample 49: mean=34.8214º; std=38.3340
Mean: 34.4689º, Std: 5.1024º
------------------------------------------------------------------
Correlation comparison:
 -- Sample 0: 0.9370
 -- Sample 1: 0.9380
 -- Sample 2: 0.9451
 -- Sample 3: 0.9491
 -- Sample 4: 0.9421
 -- Sample 5: 0.9375
 -- Sample 6: 0.6007
 -- Sample 7: 0.6442
 -- Sample 8: 0.6331
 -- Sample 9: 0.5717
 -- Sample 10: 0.7967
 -- Sample 11: 0.8361
 -- Sample 12: 0.8425
 -- Sample 13: 0.8155
 -- Sample 14: 0.7394
 -- Sample 15: 0.7232
 -- Sample 16: 0.7421
 -- Sample 17: 0.7334
 -- Sample 18: 0.8912
 -- Sample 19: 0.8642
 -- Sample 20: 0.8592
 -- Sample 21: 0.8643
 -- Sample 22: 0.9353
 -- Sample 23: 0.9319
 -- Sample 24: 0.9351
 -- Sample 25: 0.9372
 -- Sample 26: 0.9652
 -- Sample 27: 0.9603
 -- Sample 28: 0.9653
 -- Sample 29: 0.9592
 -- Sample 30: 0.9346
 -- Sample 31: 0.9207
 -- Sample 32: 0.9202
 -- Sample 33: 0.9394
 -- Sample 34: 0.9020
 -- Sample 35: 0.9102
 -- Sample 36: 0.9374
 -- Sample 37: 0.9347
 -- Sample 38: 0.9432
 -- Sample 39: 0.9444
 -- Sample 40: 0.9557
 -- Sample 41: 0.9557
 -- Sample 42: 0.6975
 -- Sample 43: 0.7206
 -- Sample 44: 0.7182
 -- Sample 45: 0.7267
 -- Sample 46: 0.9399
 -- Sample 47: 0.9339
 -- Sample 48: 0.9432
 -- Sample 49: 0.9412
Mean=0.8643, Std=0.1095
------------------------------------------------------------------
Flux Error:
 -- Sample 0: 0.5309
 -- Sample 1: 0.7186
 -- Sample 2: 0.4074
 -- Sample 3: 0.4053
 -- Sample 4: 0.3968
 -- Sample 5: 0.4313
 -- Sample 6: 0.7888
 -- Sample 7: 0.8847
 -- Sample 8: 0.7622
 -- Sample 9: 1.0112
 -- Sample 10: 1.2317
 -- Sample 11: 0.9037
 -- Sample 12: 1.2839
 -- Sample 13: 1.0047
 -- Sample 14: 1.1657
 -- Sample 15: 0.8657
 -- Sample 16: 0.9746
 -- Sample 17: 0.7937
 -- Sample 18: 0.4885
 -- Sample 19: 0.3309
 -- Sample 20: 0.5150
 -- Sample 21: 0.3513
 -- Sample 22: 0.4593
 -- Sample 23: 0.4759
 -- Sample 24: 0.4568
 -- Sample 25: 0.4527
 -- Sample 26: 0.5475
 -- Sample 27: 0.7784
 -- Sample 28: 0.5717
 -- Sample 29: 0.7775
 -- Sample 30: 0.3912
 -- Sample 31: 0.6477
 -- Sample 32: 0.4203
 -- Sample 33: 0.6461
 -- Sample 34: 0.6601
 -- Sample 35: 0.8038
 -- Sample 36: 0.7099
 -- Sample 37: 0.8534
 -- Sample 38: 0.5851
 -- Sample 39: 0.8389
 -- Sample 40: 0.6132
 -- Sample 41: 0.7953
 -- Sample 42: 1.1429
 -- Sample 43: 0.9560
 -- Sample 44: 1.1373
 -- Sample 45: 0.9033
 -- Sample 46: 0.4935
 -- Sample 47: 0.7246
 -- Sample 48: 0.4773
 -- Sample 49: 0.7385
Mean: 0.7061, Std: 0.2475
------------------------------------------------------------------
Tortuosity Comparison:
 -- Sample 0: 16.5562%
 -- Sample 1: 11.7296%
 -- Sample 2: 4.4009%
 -- Sample 3: 5.0673%
 -- Sample 4: 5.2065%
 -- Sample 5: 5.4982%
 -- Sample 6: 5.4407%
 -- Sample 7: 7.2498%
 -- Sample 8: 5.1606%
 -- Sample 9: 1.6823%
 -- Sample 10: 3.6986%
 -- Sample 11: 1.8075%
 -- Sample 12: 2.6389%
 -- Sample 13: 4.2687%
 -- Sample 14: 4.9089%
 -- Sample 15: 8.2750%
 -- Sample 16: 8.4734%
 -- Sample 17: 7.6184%
 -- Sample 18: 9.5167%
 -- Sample 19: 8.7603%
 -- Sample 20: 9.0815%
 -- Sample 21: 7.3208%
 -- Sample 22: 10.3186%
 -- Sample 23: 8.6263%
 -- Sample 24: 10.1148%
 -- Sample 25: 10.5144%
 -- Sample 26: 7.0917%
 -- Sample 27: 8.1732%
 -- Sample 28: 9.0917%
 -- Sample 29: 8.1895%
 -- Sample 30: 3.0829%
 -- Sample 31: 6.0880%
 -- Sample 32: 1.5360%
 -- Sample 33: 0.7794%
 -- Sample 34: 6.2679%
 -- Sample 35: 9.3659%
 -- Sample 36: 10.9132%
 -- Sample 37: 11.3016%
 -- Sample 38: 4.0698%
 -- Sample 39: 5.9636%
 -- Sample 40: 7.2781%
 -- Sample 41: 9.7857%
 -- Sample 42: 2.7107%
 -- Sample 43: 2.6165%
 -- Sample 44: 2.7899%
 -- Sample 45: 3.5313%
 -- Sample 46: 6.8728%
 -- Sample 47: 4.7480%
 -- Sample 48: 8.9550%
 -- Sample 49: 7.3407%
Mean: 6.6496%, Std: 3.1808%
------------------------------------------------------------------
Evaluating Divergent:
 -- Sample 0: 43.6844%
 -- Sample 1: 42.9509%
 -- Sample 2: 40.4869%
 -- Sample 3: 39.9279%
 -- Sample 4: 39.3069%
 -- Sample 5: 39.9993%
 -- Sample 6: 41.9749%
 -- Sample 7: 42.3347%
 -- Sample 8: 42.1183%
 -- Sample 9: 41.5515%
 -- Sample 10: 47.4908%
 -- Sample 11: 46.6654%
 -- Sample 12: 46.8184%
 -- Sample 13: 47.1295%
 -- Sample 14: 48.4125%
 -- Sample 15: 49.2084%
 -- Sample 16: 48.2960%
 -- Sample 17: 48.3864%
 -- Sample 18: 44.2791%
 -- Sample 19: 44.3771%
 -- Sample 20: 45.1637%
 -- Sample 21: 44.3425%
 -- Sample 22: 39.3655%
 -- Sample 23: 39.6539%
 -- Sample 24: 39.7308%
 -- Sample 25: 39.0833%
 -- Sample 26: 40.3322%
 -- Sample 27: 40.4732%
 -- Sample 28: 39.8450%
 -- Sample 29: 39.5601%
 -- Sample 30: 35.8288%
 -- Sample 31: 36.7739%
 -- Sample 32: 36.4794%
 -- Sample 33: 35.3134%
 -- Sample 34: 42.2218%
 -- Sample 35: 42.9775%
 -- Sample 36: 43.2382%
 -- Sample 37: 41.8374%
 -- Sample 38: 43.8988%
 -- Sample 39: 44.4942%
 -- Sample 40: 42.6107%
 -- Sample 41: 43.1619%
 -- Sample 42: 48.0930%
 -- Sample 43: 48.6064%
 -- Sample 44: 49.3388%
 -- Sample 45: 48.2119%
 -- Sample 46: 40.6321%
 -- Sample 47: 41.1366%
 -- Sample 48: 41.4498%
 -- Sample 49: 41.1300%
Mean: 42.8077%, Std: 3.6441%
------------------------------------------------------------------
  Processing Batch 5 (Size: 24)...
    Evaluating Ko et al (D3)
Bias Error: using velocity magnitude
Mean: 17.0387, Std: 10.7191
------------------------------------------------------------------
Magnitude Error: 
 -- Sample 0: mean=36.9573%; std=25.3014
 -- Sample 1: mean=37.5501%; std=24.6380
 -- Sample 2: mean=38.1027%; std=26.4845
 -- Sample 3: mean=36.9358%; std=26.4248
 -- Sample 4: mean=28.5695%; std=20.3034
 -- Sample 5: mean=30.7498%; std=22.7661
 -- Sample 6: mean=29.4346%; std=20.7650
 -- Sample 7: mean=30.3727%; std=21.7345
 -- Sample 8: mean=51.1583%; std=35.6664
 -- Sample 9: mean=57.1816%; std=35.8459
 -- Sample 10: mean=61.6724%; std=36.8407
 -- Sample 11: mean=62.5279%; std=44.7352
 -- Sample 12: mean=45.1711%; std=55.4871
 -- Sample 13: mean=58.7838%; std=68.7894
 -- Sample 14: mean=46.4093%; std=58.1694
 -- Sample 15: mean=42.8352%; std=48.1577
 -- Sample 16: mean=50.9095%; std=28.7339
 -- Sample 17: mean=49.8839%; std=31.5258
 -- Sample 18: mean=49.8008%; std=32.7531
 -- Sample 19: mean=49.2228%; std=28.3426
 -- Sample 20: mean=38.0983%; std=21.6936
 -- Sample 21: mean=36.3894%; std=21.9640
 -- Sample 22: mean=35.7058%; std=22.2569
 -- Sample 23: mean=37.0226%; std=21.9225
Mean: 43.3935%, Std: 10.0825%
------------------------------------------------------------------
Angular error:
 -- Sample 0: mean=42.7366º; std=38.7275
 -- Sample 1: mean=41.8359º; std=39.2783
 -- Sample 2: mean=40.7768º; std=38.3244
 -- Sample 3: mean=41.4326º; std=38.9733
 -- Sample 4: mean=29.4194º; std=32.5468
 -- Sample 5: mean=30.1179º; std=32.8148
 -- Sample 6: mean=31.7211º; std=33.4917
 -- Sample 7: mean=29.8618º; std=33.0364
 -- Sample 8: mean=34.1949º; std=37.1441
 -- Sample 9: mean=35.5207º; std=37.7394
 -- Sample 10: mean=35.7717º; std=38.1264
 -- Sample 11: mean=33.8874º; std=37.4975
 -- Sample 12: mean=26.7623º; std=30.8282
 -- Sample 13: mean=26.4798º; std=30.6446
 -- Sample 14: mean=25.5985º; std=30.9936
 -- Sample 15: mean=25.6329º; std=31.1048
 -- Sample 16: mean=43.4300º; std=39.4201
 -- Sample 17: mean=44.2859º; std=40.5880
 -- Sample 18: mean=43.6860º; std=40.0808
 -- Sample 19: mean=44.0285º; std=39.7178
 -- Sample 20: mean=41.7545º; std=41.7218
 -- Sample 21: mean=41.1976º; std=41.6303
 -- Sample 22: mean=41.7060º; std=41.7231
 -- Sample 23: mean=41.5333º; std=42.2056
Mean: 36.3905º, Std: 6.5585º
------------------------------------------------------------------
Correlation comparison:
 -- Sample 0: 0.9024
 -- Sample 1: 0.9016
 -- Sample 2: 0.9027
 -- Sample 3: 0.9049
 -- Sample 4: 0.9326
 -- Sample 5: 0.9145
 -- Sample 6: 0.9290
 -- Sample 7: 0.9200
 -- Sample 8: 0.7135
 -- Sample 9: 0.6964
 -- Sample 10: 0.6792
 -- Sample 11: 0.6640
 -- Sample 12: 0.8539
 -- Sample 13: 0.8136
 -- Sample 14: 0.8567
 -- Sample 15: 0.8716
 -- Sample 16: 0.7765
 -- Sample 17: 0.7773
 -- Sample 18: 0.8085
 -- Sample 19: 0.7729
 -- Sample 20: 0.8713
 -- Sample 21: 0.8641
 -- Sample 22: 0.8703
 -- Sample 23: 0.8733
Mean=0.8363, Std=0.0808
------------------------------------------------------------------
Flux Error:
 -- Sample 0: 0.4992
 -- Sample 1: 0.6519
 -- Sample 2: 0.5290
 -- Sample 3: 0.6646
 -- Sample 4: 0.5845
 -- Sample 5: 0.4144
 -- Sample 6: 0.5629
 -- Sample 7: 0.4303
 -- Sample 8: 1.0922
 -- Sample 9: 0.6381
 -- Sample 10: 1.0818
 -- Sample 11: 0.6989
 -- Sample 12: 0.8138
 -- Sample 13: 0.7627
 -- Sample 14: 0.8581
 -- Sample 15: 0.6431
 -- Sample 16: 0.5061
 -- Sample 17: 0.6902
 -- Sample 18: 0.5381
 -- Sample 19: 0.6953
 -- Sample 20: 0.4377
 -- Sample 21: 0.5711
 -- Sample 22: 0.3996
 -- Sample 23: 0.5863
Mean: 0.6396, Std: 0.1795
------------------------------------------------------------------
Tortuosity Comparison:
 -- Sample 0: 38.2430%
 -- Sample 1: 25.5517%
 -- Sample 2: 23.0498%
 -- Sample 3: 32.1379%
 -- Sample 4: 8.5461%
 -- Sample 5: 9.6608%
 -- Sample 6: 15.9915%
 -- Sample 7: 10.3864%
 -- Sample 8: 10.2685%
 -- Sample 9: 15.3797%
 -- Sample 10: 14.3748%
 -- Sample 11: 6.3229%
 -- Sample 12: 1.1376%
 -- Sample 13: 1.9373%
 -- Sample 14: 2.6348%
 -- Sample 15: 3.4831%
 -- Sample 16: 5.7601%
 -- Sample 17: 5.4918%
 -- Sample 18: 6.9571%
 -- Sample 19: 9.5196%
 -- Sample 20: 9.0189%
 -- Sample 21: 6.1742%
 -- Sample 22: 9.1863%
 -- Sample 23: 9.3185%
Mean: 11.6888%, Std: 9.2109%
------------------------------------------------------------------
Evaluating Divergent:
 -- Sample 0: 47.1656%
 -- Sample 1: 45.7772%
 -- Sample 2: 45.8347%
 -- Sample 3: 46.3150%
 -- Sample 4: 39.7023%
 -- Sample 5: 39.8725%
 -- Sample 6: 41.0381%
 -- Sample 7: 40.1479%
 -- Sample 8: 40.7235%
 -- Sample 9: 42.1074%
 -- Sample 10: 41.5364%
 -- Sample 11: 40.4421%
 -- Sample 12: 43.3176%
 -- Sample 13: 42.4022%
 -- Sample 14: 42.2746%
 -- Sample 15: 42.6123%
 -- Sample 16: 48.4318%
 -- Sample 17: 47.7310%
 -- Sample 18: 47.9880%
 -- Sample 19: 48.0604%
 -- Sample 20: 43.3543%
 -- Sample 21: 41.7268%
 -- Sample 22: 42.2733%
 -- Sample 23: 42.5475%
Mean: 43.4743%, Std: 2.8283%
------------------------------------------------------------------
Saved metrics for 'Ko et al (D3)' to ./Tables/ErrorMetrics_Comp5_Ko_et_al_D3.csv

Extraction complete! Generated files:
- Ko et al (D3): ./Tables/ErrorMetrics_Comp5_Ko_et_al_D3.csv
