 Model's trainable parameters
 Model {model_name}: {mh.get_n_trainable_params(model)}
Starting test routine...
========================================================================================================================



  Spherical Pores  results:


Loading data...
Testing model:   Ko et. al (Etapa 3)
Processing Batch 1 (Size: 50)...
input shape:  torch.Size([50, 1, 120, 120, 120])
output shape:  torch.Size([50, 1, 120, 120, 120])
target shape:  torch.Size([50, 1, 120, 120, 120])
torch.Size([50, 1, 120, 120, 120])
Bias Error: using Single Component
Mean: 0.5883, Std: 0.4940
------------------------------------------------------------------
Magnitude Error: 
 -- Sample 0: mean=1.6517%; std=1.2350
 -- Sample 1: mean=1.7069%; std=1.2704
 -- Sample 2: mean=1.6146%; std=1.2199
 -- Sample 3: mean=1.8027%; std=1.2844
 -- Sample 4: mean=1.3928%; std=1.2542
 -- Sample 5: mean=1.5663%; std=1.4192
 -- Sample 6: mean=1.4140%; std=1.3423
 -- Sample 7: mean=1.3517%; std=1.2474
 -- Sample 8: mean=1.6257%; std=1.5555
 -- Sample 9: mean=1.6635%; std=1.6661
 -- Sample 10: mean=1.6347%; std=1.5753
 -- Sample 11: mean=1.9182%; std=1.8586
 -- Sample 12: mean=1.2139%; std=1.2019
 -- Sample 13: mean=1.2396%; std=1.1424
 -- Sample 14: mean=1.0227%; std=1.1118
 -- Sample 15: mean=1.1486%; std=1.1795
 -- Sample 16: mean=1.9345%; std=1.9645
 -- Sample 17: mean=2.2470%; std=2.0717
 -- Sample 18: mean=1.8253%; std=1.8357
 -- Sample 19: mean=1.8907%; std=1.8842
 -- Sample 20: mean=1.3617%; std=1.6674
 -- Sample 21: mean=1.3937%; std=1.6850
 -- Sample 22: mean=1.4380%; std=1.5205
 -- Sample 23: mean=1.3847%; std=1.5936
 -- Sample 24: mean=2.3283%; std=3.1309
 -- Sample 25: mean=2.2516%; std=2.7514
 -- Sample 26: mean=2.2953%; std=2.7656
 -- Sample 27: mean=2.1408%; std=2.9220
 -- Sample 28: mean=1.1755%; std=1.2790
 -- Sample 29: mean=1.1276%; std=1.2502
 -- Sample 30: mean=0.9856%; std=1.1824
 -- Sample 31: mean=1.0737%; std=1.3206
 -- Sample 32: mean=1.1803%; std=1.1240
 -- Sample 33: mean=1.2043%; std=1.1160
 -- Sample 34: mean=1.1008%; std=1.0866
 -- Sample 35: mean=1.2232%; std=1.1156
 -- Sample 36: mean=1.0432%; std=1.0854
 -- Sample 37: mean=0.9785%; std=1.0562
 -- Sample 38: mean=0.9540%; std=1.0491
 -- Sample 39: mean=1.0078%; std=1.0789
 -- Sample 40: mean=1.0444%; std=1.0471
 -- Sample 41: mean=1.0070%; std=1.0477
 -- Sample 42: mean=0.9099%; std=1.0086
 -- Sample 43: mean=0.9358%; std=1.0364
 -- Sample 44: mean=0.8168%; std=1.0201
 -- Sample 45: mean=0.8127%; std=1.0004
 -- Sample 46: mean=0.8357%; std=1.0137
 -- Sample 47: mean=0.8440%; std=1.0264
 -- Sample 48: mean=1.0930%; std=1.0682
 -- Sample 49: mean=1.0943%; std=1.0717
Mean: 1.3781%, Std: 0.4231%
------------------------------------------------------------------
Correlation comparison:
 -- Sample 0: 0.9453
 -- Sample 1: 0.9406
 -- Sample 2: 0.9462
 -- Sample 3: 0.9396
 -- Sample 4: 0.9598
 -- Sample 5: 0.9549
 -- Sample 6: 0.9603
 -- Sample 7: 0.9594
 -- Sample 8: 0.9275
 -- Sample 9: 0.9279
 -- Sample 10: 0.9170
 -- Sample 11: 0.9249
 -- Sample 12: 0.9453
 -- Sample 13: 0.9371
 -- Sample 14: 0.9489
 -- Sample 15: 0.9435
 -- Sample 16: 0.9150
 -- Sample 17: 0.9079
 -- Sample 18: 0.9386
 -- Sample 19: 0.9156
 -- Sample 20: 0.9621
 -- Sample 21: 0.9612
 -- Sample 22: 0.9641
 -- Sample 23: 0.9580
 -- Sample 24: 0.9263
 -- Sample 25: 0.9388
 -- Sample 26: 0.9376
 -- Sample 27: 0.9372
 -- Sample 28: 0.9563
 -- Sample 29: 0.9612
 -- Sample 30: 0.9686
 -- Sample 31: 0.9595
 -- Sample 32: 0.9697
 -- Sample 33: 0.9705
 -- Sample 34: 0.9720
 -- Sample 35: 0.9702
 -- Sample 36: 0.9734
 -- Sample 37: 0.9739
 -- Sample 38: 0.9740
 -- Sample 39: 0.9734
 -- Sample 40: 0.9757
 -- Sample 41: 0.9747
 -- Sample 42: 0.9761
 -- Sample 43: 0.9749
 -- Sample 44: 0.9701
 -- Sample 45: 0.9698
 -- Sample 46: 0.9683
 -- Sample 47: 0.9697
 -- Sample 48: 0.9715
 -- Sample 49: 0.9740
Mean=0.9538, Std=0.0191
------------------------------------------------------------------
Processing Batch 2 (Size: 50)...
input shape:  torch.Size([50, 1, 120, 120, 120])
output shape:  torch.Size([50, 1, 120, 120, 120])
target shape:  torch.Size([50, 1, 120, 120, 120])
torch.Size([50, 1, 120, 120, 120])
Bias Error: using Single Component
Mean: 0.3809, Std: 0.3070
------------------------------------------------------------------
Magnitude Error: 
 -- Sample 0: mean=1.1526%; std=1.0314
 -- Sample 1: mean=1.1546%; std=1.0643
 -- Sample 2: mean=0.8065%; std=1.0436
 -- Sample 3: mean=0.9389%; std=1.0820
 -- Sample 4: mean=0.8828%; std=1.0570
 -- Sample 5: mean=0.9082%; std=1.0986
 -- Sample 6: mean=1.0529%; std=1.0254
 -- Sample 7: mean=1.0799%; std=1.1188
 -- Sample 8: mean=1.3236%; std=1.2728
 -- Sample 9: mean=1.1629%; std=1.0867
 -- Sample 10: mean=0.9404%; std=1.1240
 -- Sample 11: mean=1.0552%; std=1.1773
 -- Sample 12: mean=0.9329%; std=1.0858
 -- Sample 13: mean=0.9598%; std=1.1480
 -- Sample 14: mean=1.0021%; std=1.2599
 -- Sample 15: mean=0.9892%; std=1.2542
 -- Sample 16: mean=0.9553%; std=1.2455
 -- Sample 17: mean=0.9779%; std=1.2533
 -- Sample 18: mean=1.0092%; std=1.2084
 -- Sample 19: mean=1.0437%; std=1.2037
 -- Sample 20: mean=1.0056%; std=1.2006
 -- Sample 21: mean=1.0227%; std=1.2112
 -- Sample 22: mean=0.8925%; std=0.9465
 -- Sample 23: mean=0.8398%; std=0.9461
 -- Sample 24: mean=0.8601%; std=0.9435
 -- Sample 25: mean=0.9660%; std=0.9610
 -- Sample 26: mean=0.8642%; std=1.0191
 -- Sample 27: mean=0.8611%; std=1.0196
 -- Sample 28: mean=0.8465%; std=1.0091
 -- Sample 29: mean=0.8643%; std=1.0127
 -- Sample 30: mean=0.9627%; std=0.9833
 -- Sample 31: mean=0.9520%; std=1.0020
 -- Sample 32: mean=0.8900%; std=0.9246
 -- Sample 33: mean=0.9471%; std=0.9625
 -- Sample 34: mean=0.9773%; std=1.0120
 -- Sample 35: mean=0.9724%; std=0.9821
 -- Sample 36: mean=1.0161%; std=0.9907
 -- Sample 37: mean=0.9111%; std=0.9826
 -- Sample 38: mean=0.7950%; std=1.0058
 -- Sample 39: mean=0.8284%; std=1.0058
 -- Sample 40: mean=0.8425%; std=1.0084
 -- Sample 41: mean=0.8088%; std=0.9878
 -- Sample 42: mean=0.9367%; std=1.0230
 -- Sample 43: mean=0.9893%; std=1.1089
 -- Sample 44: mean=0.9492%; std=1.0461
 -- Sample 45: mean=0.9173%; std=1.0591
 -- Sample 46: mean=0.8804%; std=1.1503
 -- Sample 47: mean=0.8661%; std=1.1599
 -- Sample 48: mean=0.8861%; std=1.1595
 -- Sample 49: mean=0.8993%; std=1.1617
Mean: 0.9516%, Std: 0.1019%
------------------------------------------------------------------
Correlation comparison:
 -- Sample 0: 0.9709
 -- Sample 1: 0.9714
 -- Sample 2: 0.9779
 -- Sample 3: 0.9789
 -- Sample 4: 0.9776
 -- Sample 5: 0.9775
 -- Sample 6: 0.9634
 -- Sample 7: 0.9674
 -- Sample 8: 0.9661
 -- Sample 9: 0.9656
 -- Sample 10: 0.9782
 -- Sample 11: 0.9754
 -- Sample 12: 0.9791
 -- Sample 13: 0.9777
 -- Sample 14: 0.9693
 -- Sample 15: 0.9687
 -- Sample 16: 0.9695
 -- Sample 17: 0.9690
 -- Sample 18: 0.9688
 -- Sample 19: 0.9692
 -- Sample 20: 0.9686
 -- Sample 21: 0.9680
 -- Sample 22: 0.9768
 -- Sample 23: 0.9784
 -- Sample 24: 0.9777
 -- Sample 25: 0.9763
 -- Sample 26: 0.9792
 -- Sample 27: 0.9786
 -- Sample 28: 0.9793
 -- Sample 29: 0.9785
 -- Sample 30: 0.9767
 -- Sample 31: 0.9765
 -- Sample 32: 0.9799
 -- Sample 33: 0.9782
 -- Sample 34: 0.9778
 -- Sample 35: 0.9775
 -- Sample 36: 0.9778
 -- Sample 37: 0.9776
 -- Sample 38: 0.9731
 -- Sample 39: 0.9730
 -- Sample 40: 0.9731
 -- Sample 41: 0.9712
 -- Sample 42: 0.9806
 -- Sample 43: 0.9783
 -- Sample 44: 0.9788
 -- Sample 45: 0.9802
 -- Sample 46: 0.9760
 -- Sample 47: 0.9760
 -- Sample 48: 0.9756
 -- Sample 49: 0.9754
Mean=0.9747, Std=0.0045
------------------------------------------------------------------
Processing Batch 3 (Size: 28)...
input shape:  torch.Size([28, 1, 120, 120, 120])
output shape:  torch.Size([28, 1, 120, 120, 120])
target shape:  torch.Size([28, 1, 120, 120, 120])
torch.Size([28, 1, 120, 120, 120])
Bias Error: using Single Component
Mean: 0.2145, Std: 0.1636
------------------------------------------------------------------
Magnitude Error: 
 -- Sample 0: mean=0.8487%; std=1.1196
 -- Sample 1: mean=0.8601%; std=1.1230
 -- Sample 2: mean=0.8544%; std=1.1131
 -- Sample 3: mean=0.8593%; std=1.1160
 -- Sample 4: mean=0.8807%; std=0.9363
 -- Sample 5: mean=0.8622%; std=0.9332
 -- Sample 6: mean=0.8247%; std=0.9127
 -- Sample 7: mean=0.8671%; std=0.9310
 -- Sample 8: mean=0.7184%; std=0.8782
 -- Sample 9: mean=0.7679%; std=0.8865
 -- Sample 10: mean=0.7411%; std=0.8849
 -- Sample 11: mean=0.7804%; std=0.9000
 -- Sample 12: mean=0.8418%; std=0.9346
 -- Sample 13: mean=0.8028%; std=0.9288
 -- Sample 14: mean=0.8282%; std=0.9254
 -- Sample 15: mean=0.8764%; std=0.9496
 -- Sample 16: mean=0.7359%; std=0.8032
 -- Sample 17: mean=0.7496%; std=0.8097
 -- Sample 18: mean=0.7319%; std=0.8001
 -- Sample 19: mean=0.7631%; std=0.8155
 -- Sample 20: mean=0.8723%; std=0.9686
 -- Sample 21: mean=0.9152%; std=0.9548
 -- Sample 22: mean=0.7934%; std=0.9928
 -- Sample 23: mean=0.7524%; std=0.9173
 -- Sample 24: mean=0.7893%; std=0.8585
 -- Sample 25: mean=0.7162%; std=0.8190
 -- Sample 26: mean=0.7300%; std=0.8467
 -- Sample 27: mean=0.7534%; std=0.8452
Mean: 0.8042%, Std: 0.0583%
------------------------------------------------------------------
Correlation comparison:
 -- Sample 0: 0.9721
 -- Sample 1: 0.9718
 -- Sample 2: 0.9711
 -- Sample 3: 0.9718
 -- Sample 4: 0.9755
 -- Sample 5: 0.9766
 -- Sample 6: 0.9770
 -- Sample 7: 0.9762
 -- Sample 8: 0.9841
 -- Sample 9: 0.9832
 -- Sample 10: 0.9840
 -- Sample 11: 0.9833
 -- Sample 12: 0.9846
 -- Sample 13: 0.9853
 -- Sample 14: 0.9853
 -- Sample 15: 0.9842
 -- Sample 16: 0.9807
 -- Sample 17: 0.9805
 -- Sample 18: 0.9804
 -- Sample 19: 0.9797
 -- Sample 20: 0.9817
 -- Sample 21: 0.9820
 -- Sample 22: 0.9830
 -- Sample 23: 0.9837
 -- Sample 24: 0.9807
 -- Sample 25: 0.9826
 -- Sample 26: 0.9820
 -- Sample 27: 0.9813
Mean=0.9802, Std=0.0043
------------------------------------------------------------------

-----------------------------------------------------


========================================================================================================================



  Spherical Grains  results:


Loading data...
Testing model:   Ko et. al (Etapa 3)
Processing Batch 1 (Size: 50)...
input shape:  torch.Size([50, 1, 120, 120, 120])
output shape:  torch.Size([50, 1, 120, 120, 120])
target shape:  torch.Size([50, 1, 120, 120, 120])
torch.Size([50, 1, 120, 120, 120])
Bias Error: using Single Component
Mean: 0.4827, Std: 0.4728
------------------------------------------------------------------
Magnitude Error: 
 -- Sample 0: mean=1.3435%; std=1.5828
 -- Sample 1: mean=1.2896%; std=1.6268
 -- Sample 2: mean=1.2968%; std=1.6417
 -- Sample 3: mean=1.3530%; std=1.5242
 -- Sample 4: mean=1.3857%; std=1.5023
 -- Sample 5: mean=1.1483%; std=1.3039
 -- Sample 6: mean=1.0521%; std=1.3076
 -- Sample 7: mean=1.2527%; std=1.4308
 -- Sample 8: mean=0.7253%; std=1.1514
 -- Sample 9: mean=0.6989%; std=1.1235
 -- Sample 10: mean=0.7277%; std=1.1448
 -- Sample 11: mean=0.7043%; std=1.1442
 -- Sample 12: mean=1.6477%; std=1.7916
 -- Sample 13: mean=1.8329%; std=1.9236
 -- Sample 14: mean=1.8962%; std=2.0011
 -- Sample 15: mean=1.7676%; std=1.8307
 -- Sample 16: mean=1.7418%; std=1.7707
 -- Sample 17: mean=1.6896%; std=1.6560
 -- Sample 18: mean=1.6216%; std=1.8106
 -- Sample 19: mean=1.6898%; std=1.6785
 -- Sample 20: mean=1.2972%; std=1.2326
 -- Sample 21: mean=0.9942%; std=1.0219
 -- Sample 22: mean=1.0314%; std=1.0373
 -- Sample 23: mean=1.0193%; std=1.0783
 -- Sample 24: mean=1.5465%; std=1.4995
 -- Sample 25: mean=1.7826%; std=1.5284
 -- Sample 26: mean=1.8934%; std=1.5979
 -- Sample 27: mean=1.7602%; std=1.5673
 -- Sample 28: mean=1.0204%; std=1.2358
 -- Sample 29: mean=1.0786%; std=1.2411
 -- Sample 30: mean=0.9268%; std=1.2444
 -- Sample 31: mean=0.9673%; std=1.2093
 -- Sample 32: mean=1.9522%; std=2.6367
 -- Sample 33: mean=1.8935%; std=2.6145
 -- Sample 34: mean=1.8601%; std=2.6541
 -- Sample 35: mean=1.7232%; std=2.2670
 -- Sample 36: mean=0.9861%; std=1.3918
 -- Sample 37: mean=1.1524%; std=1.4735
 -- Sample 38: mean=1.1974%; std=1.4582
 -- Sample 39: mean=0.9442%; std=1.3922
 -- Sample 40: mean=0.8557%; std=1.1896
 -- Sample 41: mean=0.8592%; std=1.1797
 -- Sample 42: mean=0.8502%; std=1.1860
 -- Sample 43: mean=0.8691%; std=1.1984
 -- Sample 44: mean=1.2511%; std=1.2090
 -- Sample 45: mean=1.3900%; std=1.2701
 -- Sample 46: mean=1.6802%; std=1.4584
 -- Sample 47: mean=1.3545%; std=1.2878
 -- Sample 48: mean=0.9674%; std=1.2439
 -- Sample 49: mean=1.0266%; std=1.2987
Mean: 1.2999%, Std: 0.3791%
------------------------------------------------------------------
Correlation comparison:
 -- Sample 0: 0.9591
 -- Sample 1: 0.9590
 -- Sample 2: 0.9595
 -- Sample 3: 0.9582
 -- Sample 4: 0.9668
 -- Sample 5: 0.9734
 -- Sample 6: 0.9761
 -- Sample 7: 0.9716
 -- Sample 8: 0.9588
 -- Sample 9: 0.9678
 -- Sample 10: 0.9674
 -- Sample 11: 0.9659
 -- Sample 12: 0.9773
 -- Sample 13: 0.9751
 -- Sample 14: 0.9727
 -- Sample 15: 0.9758
 -- Sample 16: 0.9516
 -- Sample 17: 0.9399
 -- Sample 18: 0.9519
 -- Sample 19: 0.9576
 -- Sample 20: 0.9714
 -- Sample 21: 0.9789
 -- Sample 22: 0.9797
 -- Sample 23: 0.9786
 -- Sample 24: 0.8697
 -- Sample 25: 0.8671
 -- Sample 26: 0.8596
 -- Sample 27: 0.8612
 -- Sample 28: 0.9841
 -- Sample 29: 0.9835
 -- Sample 30: 0.9844
 -- Sample 31: 0.9840
 -- Sample 32: 0.9502
 -- Sample 33: 0.9494
 -- Sample 34: 0.9473
 -- Sample 35: 0.9594
 -- Sample 36: 0.9843
 -- Sample 37: 0.9829
 -- Sample 38: 0.9824
 -- Sample 39: 0.9842
 -- Sample 40: 0.9841
 -- Sample 41: 0.9842
 -- Sample 42: 0.9850
 -- Sample 43: 0.9846
 -- Sample 44: 0.9718
 -- Sample 45: 0.9660
 -- Sample 46: 0.9598
 -- Sample 47: 0.9671
 -- Sample 48: 0.9730
 -- Sample 49: 0.9786
Mean=0.9616, Std=0.0310
------------------------------------------------------------------
Processing Batch 2 (Size: 50)...
input shape:  torch.Size([50, 1, 120, 120, 120])
output shape:  torch.Size([50, 1, 120, 120, 120])
target shape:  torch.Size([50, 1, 120, 120, 120])
torch.Size([50, 1, 120, 120, 120])
Bias Error: using Single Component
Mean: 0.2886, Std: 0.1752
------------------------------------------------------------------
Magnitude Error: 
 -- Sample 0: mean=0.9448%; std=1.2513
 -- Sample 1: mean=0.9791%; std=1.2924
 -- Sample 2: mean=0.8339%; std=1.1498
 -- Sample 3: mean=0.7556%; std=1.1022
 -- Sample 4: mean=0.8181%; std=1.1439
 -- Sample 5: mean=0.7755%; std=1.1026
 -- Sample 6: mean=1.2605%; std=1.2405
 -- Sample 7: mean=1.1689%; std=1.0934
 -- Sample 8: mean=1.3430%; std=1.2654
 -- Sample 9: mean=1.3159%; std=1.1943
 -- Sample 10: mean=2.1960%; std=2.6658
 -- Sample 11: mean=2.1897%; std=2.7352
 -- Sample 12: mean=2.4308%; std=2.9661
 -- Sample 13: mean=2.2152%; std=2.3531
 -- Sample 14: mean=1.1882%; std=1.4255
 -- Sample 15: mean=1.1343%; std=1.3077
 -- Sample 16: mean=1.1155%; std=1.2783
 -- Sample 17: mean=1.1810%; std=1.4016
 -- Sample 18: mean=0.9603%; std=1.2237
 -- Sample 19: mean=0.9055%; std=1.1721
 -- Sample 20: mean=1.0382%; std=1.2440
 -- Sample 21: mean=0.9702%; std=1.1986
 -- Sample 22: mean=1.0427%; std=1.1713
 -- Sample 23: mean=0.9042%; std=1.1363
 -- Sample 24: mean=0.9057%; std=1.1330
 -- Sample 25: mean=0.9306%; std=1.1350
 -- Sample 26: mean=1.2143%; std=1.2179
 -- Sample 27: mean=1.1968%; std=1.2081
 -- Sample 28: mean=1.2027%; std=1.2793
 -- Sample 29: mean=1.3366%; std=1.2759
 -- Sample 30: mean=0.9948%; std=1.2007
 -- Sample 31: mean=0.9595%; std=1.1888
 -- Sample 32: mean=0.9327%; std=1.2087
 -- Sample 33: mean=1.0986%; std=1.2408
 -- Sample 34: mean=0.7926%; std=1.1503
 -- Sample 35: mean=0.8010%; std=1.1469
 -- Sample 36: mean=0.8273%; std=1.1790
 -- Sample 37: mean=0.7433%; std=1.1448
 -- Sample 38: mean=1.1972%; std=1.3308
 -- Sample 39: mean=1.2057%; std=1.2547
 -- Sample 40: mean=0.9930%; std=1.0874
 -- Sample 41: mean=1.1341%; std=1.3881
 -- Sample 42: mean=0.8508%; std=0.9897
 -- Sample 43: mean=0.6834%; std=0.9510
 -- Sample 44: mean=0.7097%; std=0.9490
 -- Sample 45: mean=0.8488%; std=1.0656
 -- Sample 46: mean=0.8338%; std=1.0956
 -- Sample 47: mean=0.8617%; std=1.1371
 -- Sample 48: mean=0.8913%; std=1.1243
 -- Sample 49: mean=0.8468%; std=1.0940
Mean: 1.0932%, Std: 0.3848%
------------------------------------------------------------------
Correlation comparison:
 -- Sample 0: 0.9824
 -- Sample 1: 0.9758
 -- Sample 2: 0.9825
 -- Sample 3: 0.9794
 -- Sample 4: 0.9811
 -- Sample 5: 0.9825
 -- Sample 6: 0.9709
 -- Sample 7: 0.9752
 -- Sample 8: 0.9728
 -- Sample 9: 0.9701
 -- Sample 10: 0.9336
 -- Sample 11: 0.9374
 -- Sample 12: 0.9232
 -- Sample 13: 0.9370
 -- Sample 14: 0.9759
 -- Sample 15: 0.9778
 -- Sample 16: 0.9782
 -- Sample 17: 0.9771
 -- Sample 18: 0.9787
 -- Sample 19: 0.9801
 -- Sample 20: 0.9786
 -- Sample 21: 0.9786
 -- Sample 22: 0.9646
 -- Sample 23: 0.9697
 -- Sample 24: 0.9727
 -- Sample 25: 0.9740
 -- Sample 26: 0.9693
 -- Sample 27: 0.9638
 -- Sample 28: 0.9611
 -- Sample 29: 0.9682
 -- Sample 30: 0.9806
 -- Sample 31: 0.9814
 -- Sample 32: 0.9818
 -- Sample 33: 0.9802
 -- Sample 34: 0.9891
 -- Sample 35: 0.9893
 -- Sample 36: 0.9885
 -- Sample 37: 0.9893
 -- Sample 38: 0.9784
 -- Sample 39: 0.9798
 -- Sample 40: 0.9828
 -- Sample 41: 0.9771
 -- Sample 42: 0.9871
 -- Sample 43: 0.9886
 -- Sample 44: 0.9886
 -- Sample 45: 0.9864
 -- Sample 46: 0.9852
 -- Sample 47: 0.9845
 -- Sample 48: 0.9845
 -- Sample 49: 0.9853
Mean=0.9752, Std=0.0143
------------------------------------------------------------------
Processing Batch 3 (Size: 28)...
input shape:  torch.Size([28, 1, 120, 120, 120])
output shape:  torch.Size([28, 1, 120, 120, 120])
target shape:  torch.Size([28, 1, 120, 120, 120])
torch.Size([28, 1, 120, 120, 120])
Bias Error: using Single Component
Mean: 0.2722, Std: 0.2413
------------------------------------------------------------------
Magnitude Error: 
 -- Sample 0: mean=0.7184%; std=1.0503
 -- Sample 1: mean=0.7995%; std=1.0707
 -- Sample 2: mean=0.7638%; std=1.0597
 -- Sample 3: mean=0.7336%; std=1.0658
 -- Sample 4: mean=0.6788%; std=0.9389
 -- Sample 5: mean=0.7492%; std=0.9673
 -- Sample 6: mean=0.7566%; std=0.9908
 -- Sample 7: mean=0.7130%; std=0.9652
 -- Sample 8: mean=0.7718%; std=0.9832
 -- Sample 9: mean=0.8532%; std=1.0640
 -- Sample 10: mean=0.8747%; std=1.0626
 -- Sample 11: mean=0.8340%; std=1.0157
 -- Sample 12: mean=0.9455%; std=1.1377
 -- Sample 13: mean=0.9944%; std=1.1199
 -- Sample 14: mean=0.8600%; std=1.0555
 -- Sample 15: mean=0.7905%; std=0.9774
 -- Sample 16: mean=0.9862%; std=1.1168
 -- Sample 17: mean=0.9815%; std=1.0863
 -- Sample 18: mean=0.9463%; std=1.1331
 -- Sample 19: mean=1.0296%; std=1.0730
 -- Sample 20: mean=1.1004%; std=1.2029
 -- Sample 21: mean=0.9405%; std=1.0419
 -- Sample 22: mean=1.0081%; std=1.0583
 -- Sample 23: mean=0.9941%; std=1.0608
 -- Sample 24: mean=0.7605%; std=0.9833
 -- Sample 25: mean=0.7477%; std=0.9642
 -- Sample 26: mean=0.7627%; std=1.0057
 -- Sample 27: mean=0.7240%; std=0.9699
Mean: 0.8507%, Std: 0.1172%
------------------------------------------------------------------
Correlation comparison:
 -- Sample 0: 0.9857
 -- Sample 1: 0.9848
 -- Sample 2: 0.9852
 -- Sample 3: 0.9855
 -- Sample 4: 0.9854
 -- Sample 5: 0.9845
 -- Sample 6: 0.9832
 -- Sample 7: 0.9831
 -- Sample 8: 0.9818
 -- Sample 9: 0.9797
 -- Sample 10: 0.9799
 -- Sample 11: 0.9805
 -- Sample 12: 0.9738
 -- Sample 13: 0.9766
 -- Sample 14: 0.9791
 -- Sample 15: 0.9812
 -- Sample 16: 0.9828
 -- Sample 17: 0.9828
 -- Sample 18: 0.9828
 -- Sample 19: 0.9833
 -- Sample 20: 0.9801
 -- Sample 21: 0.9826
 -- Sample 22: 0.9827
 -- Sample 23: 0.9829
 -- Sample 24: 0.9855
 -- Sample 25: 0.9841
 -- Sample 26: 0.9858
 -- Sample 27: 0.9856
Mean=0.9825, Std=0.0028
------------------------------------------------------------------

-----------------------------------------------------


========================================================================================================================



  Cylindrical Pores  results:


Loading data...
Testing model:   Ko et. al (Etapa 3)
Processing Batch 1 (Size: 50)...
input shape:  torch.Size([50, 1, 120, 120, 120])
output shape:  torch.Size([50, 1, 120, 120, 120])
target shape:  torch.Size([50, 1, 120, 120, 120])
torch.Size([50, 1, 120, 120, 120])
Bias Error: using Single Component
Mean: 0.8216, Std: 0.5717
------------------------------------------------------------------
Magnitude Error: 
 -- Sample 0: mean=2.3194%; std=2.4523
 -- Sample 1: mean=1.9980%; std=2.0146
 -- Sample 2: mean=2.3629%; std=2.2916
 -- Sample 3: mean=2.4061%; std=2.4910
 -- Sample 4: mean=0.9004%; std=1.0349
 -- Sample 5: mean=1.0645%; std=1.1406
 -- Sample 6: mean=0.7698%; std=0.8898
 -- Sample 7: mean=0.7399%; std=0.8533
 -- Sample 8: mean=0.7930%; std=1.0419
 -- Sample 9: mean=0.9069%; std=1.2553
 -- Sample 10: mean=0.8927%; std=1.2865
 -- Sample 11: mean=0.8331%; std=1.0497
 -- Sample 12: mean=1.7164%; std=1.6798
 -- Sample 13: mean=1.4677%; std=1.3939
 -- Sample 14: mean=1.6231%; std=1.5835
 -- Sample 15: mean=1.7796%; std=1.6094
 -- Sample 16: mean=1.0596%; std=1.7737
 -- Sample 17: mean=1.3288%; std=2.2349
 -- Sample 18: mean=1.1870%; std=1.9631
 -- Sample 19: mean=1.0486%; std=1.6890
 -- Sample 20: mean=1.5490%; std=1.2994
 -- Sample 21: mean=1.3538%; std=1.2098
 -- Sample 22: mean=1.9135%; std=1.6642
 -- Sample 23: mean=2.2196%; std=1.7515
 -- Sample 24: mean=1.1150%; std=0.9190
 -- Sample 25: mean=1.3711%; std=1.0949
 -- Sample 26: mean=1.1720%; std=0.9159
 -- Sample 27: mean=1.1332%; std=0.9338
 -- Sample 28: mean=2.3102%; std=1.9622
 -- Sample 29: mean=2.0809%; std=1.8718
 -- Sample 30: mean=2.5042%; std=2.0740
 -- Sample 31: mean=2.1636%; std=1.7360
 -- Sample 32: mean=1.2659%; std=1.6681
 -- Sample 33: mean=1.2581%; std=1.6722
 -- Sample 34: mean=1.2130%; std=1.6089
 -- Sample 35: mean=1.1921%; std=1.5243
 -- Sample 36: mean=1.3946%; std=1.6484
 -- Sample 37: mean=1.4826%; std=1.8645
 -- Sample 38: mean=1.3029%; std=1.6861
 -- Sample 39: mean=1.3621%; std=1.6526
 -- Sample 40: mean=2.6072%; std=3.0269
 -- Sample 41: mean=2.9920%; std=3.7523
 -- Sample 42: mean=2.8701%; std=3.7054
 -- Sample 43: mean=2.6670%; std=3.4696
 -- Sample 44: mean=1.6265%; std=1.7628
 -- Sample 45: mean=0.9953%; std=1.0700
 -- Sample 46: mean=1.3377%; std=1.4462
 -- Sample 47: mean=1.4641%; std=1.6051
 -- Sample 48: mean=1.3387%; std=1.2674
 -- Sample 49: mean=1.4394%; std=1.4477
Mean: 1.5579%, Std: 0.5874%
------------------------------------------------------------------
Correlation comparison:
 -- Sample 0: 0.9421
 -- Sample 1: 0.9598
 -- Sample 2: 0.9495
 -- Sample 3: 0.9445
 -- Sample 4: 0.9356
 -- Sample 5: 0.9419
 -- Sample 6: 0.9458
 -- Sample 7: 0.9303
 -- Sample 8: 0.9653
 -- Sample 9: 0.9589
 -- Sample 10: 0.9563
 -- Sample 11: 0.9483
 -- Sample 12: 0.9548
 -- Sample 13: 0.9605
 -- Sample 14: 0.9580
 -- Sample 15: 0.9598
 -- Sample 16: 0.9485
 -- Sample 17: 0.9360
 -- Sample 18: 0.9440
 -- Sample 19: 0.9465
 -- Sample 20: 0.9310
 -- Sample 21: 0.9477
 -- Sample 22: 0.9051
 -- Sample 23: 0.8892
 -- Sample 24: 0.9828
 -- Sample 25: 0.9818
 -- Sample 26: 0.9834
 -- Sample 27: 0.9853
 -- Sample 28: 0.9650
 -- Sample 29: 0.9655
 -- Sample 30: 0.9583
 -- Sample 31: 0.9691
 -- Sample 32: 0.9774
 -- Sample 33: 0.9774
 -- Sample 34: 0.9780
 -- Sample 35: 0.9808
 -- Sample 36: 0.9683
 -- Sample 37: 0.9537
 -- Sample 38: 0.9632
 -- Sample 39: 0.9665
 -- Sample 40: 0.9277
 -- Sample 41: 0.8933
 -- Sample 42: 0.8943
 -- Sample 43: 0.9098
 -- Sample 44: 0.9335
 -- Sample 45: 0.9394
 -- Sample 46: 0.9479
 -- Sample 47: 0.9360
 -- Sample 48: 0.9291
 -- Sample 49: 0.9133
Mean=0.9488, Std=0.0236
------------------------------------------------------------------
Processing Batch 2 (Size: 50)...
input shape:  torch.Size([50, 1, 120, 120, 120])
output shape:  torch.Size([50, 1, 120, 120, 120])
target shape:  torch.Size([50, 1, 120, 120, 120])
torch.Size([50, 1, 120, 120, 120])
Bias Error: using Single Component
Mean: 0.5027, Std: 0.5305
------------------------------------------------------------------
Magnitude Error: 
 -- Sample 0: mean=1.5279%; std=1.3657
 -- Sample 1: mean=1.3129%; std=1.2992
 -- Sample 2: mean=1.7589%; std=1.8756
 -- Sample 3: mean=1.4979%; std=1.3510
 -- Sample 4: mean=1.5179%; std=1.6988
 -- Sample 5: mean=1.3928%; std=1.4328
 -- Sample 6: mean=0.8940%; std=1.0032
 -- Sample 7: mean=0.9602%; std=1.0398
 -- Sample 8: mean=1.0082%; std=1.0805
 -- Sample 9: mean=0.9458%; std=1.0183
 -- Sample 10: mean=1.2599%; std=1.0006
 -- Sample 11: mean=1.2508%; std=0.9854
 -- Sample 12: mean=1.0652%; std=0.9789
 -- Sample 13: mean=1.0029%; std=0.9047
 -- Sample 14: mean=0.6004%; std=0.8479
 -- Sample 15: mean=0.6215%; std=0.8805
 -- Sample 16: mean=0.6241%; std=0.8616
 -- Sample 17: mean=0.5460%; std=0.8243
 -- Sample 18: mean=0.8850%; std=0.9181
 -- Sample 19: mean=0.9981%; std=0.8857
 -- Sample 20: mean=0.9634%; std=0.9082
 -- Sample 21: mean=1.0429%; std=1.0427
 -- Sample 22: mean=0.7457%; std=0.8283
 -- Sample 23: mean=0.8399%; std=0.8680
 -- Sample 24: mean=0.7481%; std=0.8481
 -- Sample 25: mean=0.7392%; std=0.8177
 -- Sample 26: mean=0.8430%; std=0.8390
 -- Sample 27: mean=0.8596%; std=0.8880
 -- Sample 28: mean=0.8216%; std=0.8157
 -- Sample 29: mean=0.7574%; std=0.7850
 -- Sample 30: mean=1.0371%; std=0.9461
 -- Sample 31: mean=1.0056%; std=0.8836
 -- Sample 32: mean=1.1544%; std=0.9797
 -- Sample 33: mean=1.1896%; std=1.0348
 -- Sample 34: mean=0.8860%; std=0.9280
 -- Sample 35: mean=0.8303%; std=0.8665
 -- Sample 36: mean=0.7508%; std=0.8574
 -- Sample 37: mean=0.9083%; std=0.9347
 -- Sample 38: mean=0.9602%; std=1.0963
 -- Sample 39: mean=0.9822%; std=1.1393
 -- Sample 40: mean=1.0366%; std=1.1306
 -- Sample 41: mean=1.0517%; std=1.0890
 -- Sample 42: mean=0.7480%; std=0.8559
 -- Sample 43: mean=0.7953%; std=0.9174
 -- Sample 44: mean=0.7732%; std=0.8708
 -- Sample 45: mean=0.8114%; std=0.9691
 -- Sample 46: mean=0.8648%; std=1.3626
 -- Sample 47: mean=0.8835%; std=1.0981
 -- Sample 48: mean=0.8901%; std=1.1923
 -- Sample 49: mean=0.8902%; std=1.3062
Mean: 0.9696%, Std: 0.2521%
------------------------------------------------------------------
Correlation comparison:
 -- Sample 0: 0.9168
 -- Sample 1: 0.9284
 -- Sample 2: 0.9484
 -- Sample 3: 0.9626
 -- Sample 4: 0.9554
 -- Sample 5: 0.9663
 -- Sample 6: 0.9794
 -- Sample 7: 0.9756
 -- Sample 8: 0.9785
 -- Sample 9: 0.9789
 -- Sample 10: 0.9774
 -- Sample 11: 0.9700
 -- Sample 12: 0.9753
 -- Sample 13: 0.9779
 -- Sample 14: 0.9912
 -- Sample 15: 0.9915
 -- Sample 16: 0.9914
 -- Sample 17: 0.9905
 -- Sample 18: 0.9892
 -- Sample 19: 0.9884
 -- Sample 20: 0.9884
 -- Sample 21: 0.9857
 -- Sample 22: 0.9871
 -- Sample 23: 0.9862
 -- Sample 24: 0.9867
 -- Sample 25: 0.9871
 -- Sample 26: 0.9845
 -- Sample 27: 0.9848
 -- Sample 28: 0.9844
 -- Sample 29: 0.9869
 -- Sample 30: 0.9823
 -- Sample 31: 0.9840
 -- Sample 32: 0.9819
 -- Sample 33: 0.9799
 -- Sample 34: 0.9615
 -- Sample 35: 0.9717
 -- Sample 36: 0.9650
 -- Sample 37: 0.9632
 -- Sample 38: 0.9739
 -- Sample 39: 0.9728
 -- Sample 40: 0.9724
 -- Sample 41: 0.9731
 -- Sample 42: 0.9688
 -- Sample 43: 0.9736
 -- Sample 44: 0.9741
 -- Sample 45: 0.9753
 -- Sample 46: 0.9705
 -- Sample 47: 0.9737
 -- Sample 48: 0.9720
 -- Sample 49: 0.9703
Mean=0.9751, Std=0.0144
------------------------------------------------------------------
Processing Batch 3 (Size: 20)...
input shape:  torch.Size([20, 1, 120, 120, 120])
output shape:  torch.Size([20, 1, 120, 120, 120])
target shape:  torch.Size([20, 1, 120, 120, 120])
torch.Size([20, 1, 120, 120, 120])
Bias Error: using Single Component
Mean: 0.5235, Std: 0.1742
------------------------------------------------------------------
Magnitude Error: 
 -- Sample 0: mean=0.9294%; std=0.8612
 -- Sample 1: mean=0.9583%; std=0.8773
 -- Sample 2: mean=0.9938%; std=0.8432
 -- Sample 3: mean=0.9280%; std=0.8161
 -- Sample 4: mean=0.7756%; std=0.8500
 -- Sample 5: mean=0.7776%; std=0.8470
 -- Sample 6: mean=0.9679%; std=1.1104
 -- Sample 7: mean=0.7842%; std=0.8898
 -- Sample 8: mean=1.2257%; std=1.1954
 -- Sample 9: mean=1.4697%; std=1.4687
 -- Sample 10: mean=1.4122%; std=1.3894
 -- Sample 11: mean=1.2475%; std=1.2424
 -- Sample 12: mean=1.7580%; std=1.1710
 -- Sample 13: mean=1.4568%; std=1.0777
 -- Sample 14: mean=1.6204%; std=1.0754
 -- Sample 15: mean=1.4972%; std=1.1894
 -- Sample 16: mean=1.5578%; std=1.1936
 -- Sample 17: mean=1.3468%; std=1.0026
 -- Sample 18: mean=1.7889%; std=1.3749
 -- Sample 19: mean=1.4718%; std=1.1568
Mean: 1.2484%, Std: 0.3256%
------------------------------------------------------------------
Correlation comparison:
 -- Sample 0: 0.9772
 -- Sample 1: 0.9770
 -- Sample 2: 0.9774
 -- Sample 3: 0.9788
 -- Sample 4: 0.9848
 -- Sample 5: 0.9861
 -- Sample 6: 0.9811
 -- Sample 7: 0.9857
 -- Sample 8: 0.9742
 -- Sample 9: 0.9653
 -- Sample 10: 0.9662
 -- Sample 11: 0.9725
 -- Sample 12: 0.9650
 -- Sample 13: 0.9701
 -- Sample 14: 0.9701
 -- Sample 15: 0.9639
 -- Sample 16: 0.9683
 -- Sample 17: 0.9728
 -- Sample 18: 0.9619
 -- Sample 19: 0.9695
Mean=0.9734, Std=0.0072
------------------------------------------------------------------

-----------------------------------------------------


========================================================================================================================



  Cylindrical Grains  results:


Loading data...
Testing model:   Ko et. al (Etapa 3)
Processing Batch 1 (Size: 50)...
input shape:  torch.Size([50, 1, 120, 120, 120])
output shape:  torch.Size([50, 1, 120, 120, 120])
target shape:  torch.Size([50, 1, 120, 120, 120])
torch.Size([50, 1, 120, 120, 120])
Bias Error: using Single Component
Mean: 0.4037, Std: 0.2216
------------------------------------------------------------------
Magnitude Error: 
 -- Sample 0: mean=0.6333%; std=0.8652
 -- Sample 1: mean=0.5727%; std=0.8140
 -- Sample 2: mean=0.5854%; std=0.8345
 -- Sample 3: mean=0.6143%; std=0.8446
 -- Sample 4: mean=0.6331%; std=0.8675
 -- Sample 5: mean=0.6516%; std=0.8830
 -- Sample 6: mean=0.6817%; std=0.9295
 -- Sample 7: mean=0.6140%; std=0.8658
 -- Sample 8: mean=0.8540%; std=1.0641
 -- Sample 9: mean=0.8243%; std=1.0404
 -- Sample 10: mean=0.7730%; std=1.0381
 -- Sample 11: mean=0.8896%; std=1.0958
 -- Sample 12: mean=0.9196%; std=1.0878
 -- Sample 13: mean=0.8577%; std=1.0409
 -- Sample 14: mean=0.8902%; std=1.0821
 -- Sample 15: mean=0.8748%; std=1.0714
 -- Sample 16: mean=0.7344%; std=1.0407
 -- Sample 17: mean=0.6896%; std=0.9829
 -- Sample 18: mean=0.7760%; std=1.0653
 -- Sample 19: mean=0.6829%; std=0.9933
 -- Sample 20: mean=0.6043%; std=0.7971
 -- Sample 21: mean=0.6397%; std=0.8052
 -- Sample 22: mean=0.5884%; std=0.7980
 -- Sample 23: mean=0.5789%; std=0.8010
 -- Sample 24: mean=1.0402%; std=1.1150
 -- Sample 25: mean=1.1665%; std=1.1861
 -- Sample 26: mean=1.1736%; std=1.1591
 -- Sample 27: mean=1.0979%; std=1.1326
 -- Sample 28: mean=1.1502%; std=1.4096
 -- Sample 29: mean=1.1976%; std=1.3669
 -- Sample 30: mean=1.0438%; std=1.2145
 -- Sample 31: mean=1.0240%; std=1.2062
 -- Sample 32: mean=1.3130%; std=1.4603
 -- Sample 33: mean=1.2444%; std=1.3389
 -- Sample 34: mean=1.3310%; std=1.6622
 -- Sample 35: mean=1.2711%; std=1.4566
 -- Sample 36: mean=0.7529%; std=1.0615
 -- Sample 37: mean=0.6975%; std=0.9945
 -- Sample 38: mean=0.6954%; std=0.9817
 -- Sample 39: mean=0.7912%; std=1.0292
 -- Sample 40: mean=0.5557%; std=0.8027
 -- Sample 41: mean=0.5641%; std=0.7987
 -- Sample 42: mean=0.5964%; std=0.8371
 -- Sample 43: mean=0.5737%; std=0.8067
 -- Sample 44: mean=0.9886%; std=1.0605
 -- Sample 45: mean=1.0786%; std=1.0884
 -- Sample 46: mean=1.0514%; std=1.0719
 -- Sample 47: mean=1.0510%; std=1.0522
 -- Sample 48: mean=1.0534%; std=1.1343
 -- Sample 49: mean=1.1245%; std=1.1820
Mean: 0.8558%, Std: 0.2345%
------------------------------------------------------------------
Correlation comparison:
 -- Sample 0: 0.9889
 -- Sample 1: 0.9897
 -- Sample 2: 0.9896
 -- Sample 3: 0.9890
 -- Sample 4: 0.9888
 -- Sample 5: 0.9879
 -- Sample 6: 0.9875
 -- Sample 7: 0.9884
 -- Sample 8: 0.9849
 -- Sample 9: 0.9846
 -- Sample 10: 0.9845
 -- Sample 11: 0.9839
 -- Sample 12: 0.9828
 -- Sample 13: 0.9835
 -- Sample 14: 0.9832
 -- Sample 15: 0.9823
 -- Sample 16: 0.9872
 -- Sample 17: 0.9868
 -- Sample 18: 0.9868
 -- Sample 19: 0.9874
 -- Sample 20: 0.9841
 -- Sample 21: 0.9843
 -- Sample 22: 0.9859
 -- Sample 23: 0.9839
 -- Sample 24: 0.9842
 -- Sample 25: 0.9827
 -- Sample 26: 0.9834
 -- Sample 27: 0.9831
 -- Sample 28: 0.9526
 -- Sample 29: 0.9524
 -- Sample 30: 0.9563
 -- Sample 31: 0.9616
 -- Sample 32: 0.9788
 -- Sample 33: 0.9785
 -- Sample 34: 0.9736
 -- Sample 35: 0.9782
 -- Sample 36: 0.9879
 -- Sample 37: 0.9874
 -- Sample 38: 0.9883
 -- Sample 39: 0.9867
 -- Sample 40: 0.9870
 -- Sample 41: 0.9884
 -- Sample 42: 0.9885
 -- Sample 43: 0.9876
 -- Sample 44: 0.9872
 -- Sample 45: 0.9865
 -- Sample 46: 0.9873
 -- Sample 47: 0.9879
 -- Sample 48: 0.9834
 -- Sample 49: 0.9828
Mean=0.9830, Std=0.0087
------------------------------------------------------------------
Processing Batch 2 (Size: 46)...
input shape:  torch.Size([46, 1, 120, 120, 120])
output shape:  torch.Size([46, 1, 120, 120, 120])
target shape:  torch.Size([46, 1, 120, 120, 120])
torch.Size([46, 1, 120, 120, 120])
Bias Error: using Single Component
Mean: 0.6509, Std: 0.5824
------------------------------------------------------------------
Magnitude Error: 
 -- Sample 0: mean=1.0801%; std=1.1726
 -- Sample 1: mean=1.0836%; std=1.1288
 -- Sample 2: mean=1.0415%; std=1.3159
 -- Sample 3: mean=0.9107%; std=1.3119
 -- Sample 4: mean=0.7932%; std=1.1614
 -- Sample 5: mean=0.8281%; std=1.2066
 -- Sample 6: mean=0.9273%; std=1.1283
 -- Sample 7: mean=0.9218%; std=1.0071
 -- Sample 8: mean=1.0133%; std=1.2602
 -- Sample 9: mean=0.9846%; std=1.2114
 -- Sample 10: mean=0.6417%; std=0.9289
 -- Sample 11: mean=0.6694%; std=0.9244
 -- Sample 12: mean=0.6886%; std=0.9569
 -- Sample 13: mean=0.6359%; std=0.9288
 -- Sample 14: mean=0.6758%; std=0.9182
 -- Sample 15: mean=0.7447%; std=0.9688
 -- Sample 16: mean=0.6472%; std=0.9230
 -- Sample 17: mean=0.7965%; std=1.0062
 -- Sample 18: mean=1.0317%; std=1.3556
 -- Sample 19: mean=0.9297%; std=1.1871
 -- Sample 20: mean=0.9493%; std=1.2015
 -- Sample 21: mean=0.9204%; std=1.2787
 -- Sample 22: mean=2.3794%; std=1.9587
 -- Sample 23: mean=2.2132%; std=1.9215
 -- Sample 24: mean=2.3844%; std=1.8630
 -- Sample 25: mean=2.5223%; std=1.9941
 -- Sample 26: mean=2.0121%; std=2.2012
 -- Sample 27: mean=2.3005%; std=2.5972
 -- Sample 28: mean=2.3353%; std=2.6601
 -- Sample 29: mean=1.6440%; std=1.9498
 -- Sample 30: mean=0.9913%; std=1.2759
 -- Sample 31: mean=0.9812%; std=1.2816
 -- Sample 32: mean=1.0633%; std=1.3392
 -- Sample 33: mean=0.9853%; std=1.2611
 -- Sample 34: mean=0.7652%; std=1.3198
 -- Sample 35: mean=0.7456%; std=1.2451
 -- Sample 36: mean=0.7527%; std=1.2658
 -- Sample 37: mean=0.7574%; std=1.3135
 -- Sample 38: mean=0.7717%; std=1.0607
 -- Sample 39: mean=0.7937%; std=1.0414
 -- Sample 40: mean=0.7395%; std=1.0420
 -- Sample 41: mean=0.7164%; std=1.0189
 -- Sample 42: mean=2.2105%; std=2.7564
 -- Sample 43: mean=2.0055%; std=2.3777
 -- Sample 44: mean=2.5194%; std=3.2092
 -- Sample 45: mean=2.3653%; std=3.1663
Mean: 1.2146%, Std: 0.6336%
------------------------------------------------------------------
Correlation comparison:
 -- Sample 0: 0.9837
 -- Sample 1: 0.9833
 -- Sample 2: 0.9553
 -- Sample 3: 0.9573
 -- Sample 4: 0.9667
 -- Sample 5: 0.9578
 -- Sample 6: 0.9772
 -- Sample 7: 0.9812
 -- Sample 8: 0.9737
 -- Sample 9: 0.9735
 -- Sample 10: 0.9854
 -- Sample 11: 0.9852
 -- Sample 12: 0.9859
 -- Sample 13: 0.9862
 -- Sample 14: 0.9863
 -- Sample 15: 0.9831
 -- Sample 16: 0.9857
 -- Sample 17: 0.9830
 -- Sample 18: 0.9797
 -- Sample 19: 0.9837
 -- Sample 20: 0.9830
 -- Sample 21: 0.9821
 -- Sample 22: 0.9422
 -- Sample 23: 0.9471
 -- Sample 24: 0.9434
 -- Sample 25: 0.9443
 -- Sample 26: 0.9575
 -- Sample 27: 0.9408
 -- Sample 28: 0.9395
 -- Sample 29: 0.9635
 -- Sample 30: 0.9738
 -- Sample 31: 0.9767
 -- Sample 32: 0.9759
 -- Sample 33: 0.9733
 -- Sample 34: 0.9658
 -- Sample 35: 0.9670
 -- Sample 36: 0.9489
 -- Sample 37: 0.9651
 -- Sample 38: 0.9788
 -- Sample 39: 0.9820
 -- Sample 40: 0.9836
 -- Sample 41: 0.9839
 -- Sample 42: 0.9230
 -- Sample 43: 0.9418
 -- Sample 44: 0.9005
 -- Sample 45: 0.9026
Mean=0.9661, Std=0.0214
------------------------------------------------------------------

-----------------------------------------------------


========================================================================================================================



  Bentheimer  results:


Loading data...
Testing model:   Ko et. al (Etapa 3)
Processing Batch 1 (Size: 50)...
input shape:  torch.Size([50, 1, 120, 120, 120])
output shape:  torch.Size([50, 1, 120, 120, 120])
target shape:  torch.Size([50, 1, 120, 120, 120])
torch.Size([50, 1, 120, 120, 120])
Bias Error: using Single Component
Mean: 1.0535, Std: 0.9852
------------------------------------------------------------------
Magnitude Error: 
 -- Sample 0: mean=2.5249%; std=1.5007
 -- Sample 1: mean=2.7878%; std=1.6827
 -- Sample 2: mean=2.7022%; std=1.5424
 -- Sample 3: mean=3.0224%; std=1.5545
 -- Sample 4: mean=2.1838%; std=2.5085
 -- Sample 5: mean=2.4442%; std=2.7425
 -- Sample 6: mean=2.3179%; std=2.5530
 -- Sample 7: mean=2.1998%; std=2.3225
 -- Sample 8: mean=1.3126%; std=1.3741
 -- Sample 9: mean=1.2830%; std=1.4226
 -- Sample 10: mean=1.4665%; std=1.4783
 -- Sample 11: mean=1.2912%; std=1.4645
 -- Sample 12: mean=2.4969%; std=2.7108
 -- Sample 13: mean=2.7188%; std=2.8552
 -- Sample 14: mean=2.7492%; std=2.9437
 -- Sample 15: mean=2.8747%; std=2.9607
 -- Sample 16: mean=0.8989%; std=1.1976
 -- Sample 17: mean=0.9198%; std=1.1611
 -- Sample 18: mean=0.8893%; std=1.1458
 -- Sample 19: mean=0.8954%; std=1.1870
 -- Sample 20: mean=2.2395%; std=1.8237
 -- Sample 21: mean=1.6707%; std=1.5740
 -- Sample 22: mean=2.1204%; std=1.8167
 -- Sample 23: mean=2.9449%; std=2.6596
 -- Sample 24: mean=1.1539%; std=1.3387
 -- Sample 25: mean=1.5537%; std=1.8798
 -- Sample 26: mean=1.4977%; std=1.6524
 -- Sample 27: mean=1.5606%; std=1.7240
 -- Sample 28: mean=1.5318%; std=1.9084
 -- Sample 29: mean=1.4632%; std=1.7896
 -- Sample 30: mean=1.2182%; std=1.3304
 -- Sample 31: mean=1.3679%; std=1.6102
 -- Sample 32: mean=3.6193%; std=2.3902
 -- Sample 33: mean=3.7926%; std=2.6486
 -- Sample 34: mean=3.7540%; std=2.6103
 -- Sample 35: mean=3.9029%; std=2.7713
 -- Sample 36: mean=1.1565%; std=1.2721
 -- Sample 37: mean=1.1560%; std=1.1907
 -- Sample 38: mean=1.2547%; std=1.2944
 -- Sample 39: mean=1.0099%; std=1.1092
 -- Sample 40: mean=2.4501%; std=3.5586
 -- Sample 41: mean=2.1276%; std=2.8198
 -- Sample 42: mean=2.0790%; std=3.0171
 -- Sample 43: mean=2.1279%; std=2.6958
 -- Sample 44: mean=1.2929%; std=1.4083
 -- Sample 45: mean=1.4836%; std=1.4514
 -- Sample 46: mean=1.5802%; std=1.5600
 -- Sample 47: mean=1.5873%; std=1.5693
 -- Sample 48: mean=1.6127%; std=1.7393
 -- Sample 49: mean=1.6625%; std=1.7277
Mean: 1.9590%, Std: 0.8060%
------------------------------------------------------------------
Correlation comparison:
 -- Sample 0: 0.9531
 -- Sample 1: 0.9458
 -- Sample 2: 0.9527
 -- Sample 3: 0.9447
 -- Sample 4: 0.9345
 -- Sample 5: 0.9260
 -- Sample 6: 0.9315
 -- Sample 7: 0.9389
 -- Sample 8: 0.9462
 -- Sample 9: 0.9578
 -- Sample 10: 0.9532
 -- Sample 11: 0.9568
 -- Sample 12: 0.8751
 -- Sample 13: 0.8637
 -- Sample 14: 0.8506
 -- Sample 15: 0.8541
 -- Sample 16: 0.9844
 -- Sample 17: 0.9829
 -- Sample 18: 0.9835
 -- Sample 19: 0.9839
 -- Sample 20: 0.9404
 -- Sample 21: 0.9435
 -- Sample 22: 0.9415
 -- Sample 23: 0.9122
 -- Sample 24: 0.9784
 -- Sample 25: 0.9675
 -- Sample 26: 0.9703
 -- Sample 27: 0.9684
 -- Sample 28: 0.9385
 -- Sample 29: 0.9423
 -- Sample 30: 0.9589
 -- Sample 31: 0.9517
 -- Sample 32: 0.7821
 -- Sample 33: 0.7417
 -- Sample 34: 0.7532
 -- Sample 35: 0.7329
 -- Sample 36: 0.9733
 -- Sample 37: 0.9749
 -- Sample 38: 0.9735
 -- Sample 39: 0.9767
 -- Sample 40: 0.8798
 -- Sample 41: 0.9103
 -- Sample 42: 0.9145
 -- Sample 43: 0.9225
 -- Sample 44: 0.9741
 -- Sample 45: 0.9692
 -- Sample 46: 0.9697
 -- Sample 47: 0.9689
 -- Sample 48: 0.9688
 -- Sample 49: 0.9643
Mean=0.9297, Std=0.0620
------------------------------------------------------------------
Processing Batch 2 (Size: 50)...
input shape:  torch.Size([50, 1, 120, 120, 120])
output shape:  torch.Size([50, 1, 120, 120, 120])
target shape:  torch.Size([50, 1, 120, 120, 120])
torch.Size([50, 1, 120, 120, 120])
Bias Error: using Single Component
Mean: 0.8151, Std: 0.5979
------------------------------------------------------------------
Magnitude Error: 
 -- Sample 0: mean=1.5783%; std=1.6253
 -- Sample 1: mean=1.6085%; std=1.8214
 -- Sample 2: mean=2.0199%; std=2.4841
 -- Sample 3: mean=2.0998%; std=2.5854
 -- Sample 4: mean=1.8581%; std=2.1835
 -- Sample 5: mean=2.0979%; std=2.4639
 -- Sample 6: mean=0.9098%; std=1.2079
 -- Sample 7: mean=0.9290%; std=1.2141
 -- Sample 8: mean=0.9214%; std=1.2169
 -- Sample 9: mean=0.9011%; std=1.2005
 -- Sample 10: mean=1.6960%; std=1.5915
 -- Sample 11: mean=2.1700%; std=1.6405
 -- Sample 12: mean=1.9318%; std=1.6076
 -- Sample 13: mean=1.8754%; std=1.5019
 -- Sample 14: mean=1.3242%; std=1.4104
 -- Sample 15: mean=1.1410%; std=1.3027
 -- Sample 16: mean=1.0501%; std=1.2670
 -- Sample 17: mean=0.9640%; std=1.2059
 -- Sample 18: mean=1.0464%; std=1.2091
 -- Sample 19: mean=1.0511%; std=1.2989
 -- Sample 20: mean=1.0471%; std=1.2707
 -- Sample 21: mean=0.9432%; std=1.2464
 -- Sample 22: mean=1.9499%; std=1.5706
 -- Sample 23: mean=2.1001%; std=1.5147
 -- Sample 24: mean=1.9298%; std=1.4897
 -- Sample 25: mean=2.1727%; std=1.6302
 -- Sample 26: mean=1.5924%; std=1.5311
 -- Sample 27: mean=1.6821%; std=1.5189
 -- Sample 28: mean=1.4724%; std=1.4106
 -- Sample 29: mean=1.2526%; std=1.3219
 -- Sample 30: mean=2.3870%; std=1.7036
 -- Sample 31: mean=2.2150%; std=1.6849
 -- Sample 32: mean=2.0589%; std=1.5704
 -- Sample 33: mean=2.3015%; std=1.6973
 -- Sample 34: mean=3.0803%; std=2.6661
 -- Sample 35: mean=3.2004%; std=2.8306
 -- Sample 36: mean=2.8043%; std=2.5033
 -- Sample 37: mean=3.4461%; std=3.0444
 -- Sample 38: mean=0.9240%; std=1.2687
 -- Sample 39: mean=0.9119%; std=1.2264
 -- Sample 40: mean=0.9647%; std=1.2819
 -- Sample 41: mean=0.9022%; std=1.2213
 -- Sample 42: mean=1.5022%; std=1.4616
 -- Sample 43: mean=1.5202%; std=1.4423
 -- Sample 44: mean=1.7779%; std=1.4294
 -- Sample 45: mean=1.3027%; std=1.2944
 -- Sample 46: mean=1.0808%; std=1.1473
 -- Sample 47: mean=1.1384%; std=1.2112
 -- Sample 48: mean=1.2665%; std=1.3190
 -- Sample 49: mean=1.1927%; std=1.2632
Mean: 1.6259%, Std: 0.6391%
------------------------------------------------------------------
Correlation comparison:
 -- Sample 0: 0.9672
 -- Sample 1: 0.9687
 -- Sample 2: 0.9208
 -- Sample 3: 0.9143
 -- Sample 4: 0.9369
 -- Sample 5: 0.9257
 -- Sample 6: 0.9787
 -- Sample 7: 0.9778
 -- Sample 8: 0.9774
 -- Sample 9: 0.9794
 -- Sample 10: 0.9576
 -- Sample 11: 0.9528
 -- Sample 12: 0.9569
 -- Sample 13: 0.9585
 -- Sample 14: 0.9736
 -- Sample 15: 0.9761
 -- Sample 16: 0.9750
 -- Sample 17: 0.9786
 -- Sample 18: 0.9694
 -- Sample 19: 0.9734
 -- Sample 20: 0.9696
 -- Sample 21: 0.9660
 -- Sample 22: 0.9382
 -- Sample 23: 0.9398
 -- Sample 24: 0.9494
 -- Sample 25: 0.9325
 -- Sample 26: 0.9717
 -- Sample 27: 0.9700
 -- Sample 28: 0.9754
 -- Sample 29: 0.9767
 -- Sample 30: 0.8822
 -- Sample 31: 0.9049
 -- Sample 32: 0.9175
 -- Sample 33: 0.9134
 -- Sample 34: 0.8855
 -- Sample 35: 0.8753
 -- Sample 36: 0.9054
 -- Sample 37: 0.8844
 -- Sample 38: 0.9645
 -- Sample 39: 0.9714
 -- Sample 40: 0.9671
 -- Sample 41: 0.9609
 -- Sample 42: 0.9644
 -- Sample 43: 0.9639
 -- Sample 44: 0.9599
 -- Sample 45: 0.9712
 -- Sample 46: 0.9862
 -- Sample 47: 0.9847
 -- Sample 48: 0.9836
 -- Sample 49: 0.9847
Mean=0.9528, Std=0.0302
------------------------------------------------------------------
Processing Batch 3 (Size: 50)...
input shape:  torch.Size([50, 1, 120, 120, 120])
output shape:  torch.Size([50, 1, 120, 120, 120])
target shape:  torch.Size([50, 1, 120, 120, 120])
torch.Size([50, 1, 120, 120, 120])
Bias Error: using Single Component
Mean: 1.1534, Std: 1.1707
------------------------------------------------------------------
Magnitude Error: 
 -- Sample 0: mean=1.3215%; std=1.4203
 -- Sample 1: mean=1.2008%; std=1.2932
 -- Sample 2: mean=1.2537%; std=1.4392
 -- Sample 3: mean=1.2949%; std=1.5233
 -- Sample 4: mean=1.0654%; std=1.2710
 -- Sample 5: mean=1.1595%; std=1.2826
 -- Sample 6: mean=1.2136%; std=1.3345
 -- Sample 7: mean=1.0652%; std=1.3010
 -- Sample 8: mean=1.8022%; std=1.6346
 -- Sample 9: mean=2.2104%; std=1.8833
 -- Sample 10: mean=2.0077%; std=1.6298
 -- Sample 11: mean=1.7369%; std=1.5297
 -- Sample 12: mean=2.7048%; std=3.0777
 -- Sample 13: mean=2.5684%; std=2.8596
 -- Sample 14: mean=2.2859%; std=2.6072
 -- Sample 15: mean=2.2659%; std=2.6447
 -- Sample 16: mean=1.4166%; std=1.3757
 -- Sample 17: mean=1.4661%; std=1.4855
 -- Sample 18: mean=1.4980%; std=1.4861
 -- Sample 19: mean=1.3969%; std=1.4309
 -- Sample 20: mean=0.8381%; std=1.0784
 -- Sample 21: mean=1.0164%; std=1.1560
 -- Sample 22: mean=0.8360%; std=1.0467
 -- Sample 23: mean=0.9227%; std=1.1444
 -- Sample 24: mean=1.0222%; std=1.2796
 -- Sample 25: mean=1.0606%; std=1.3481
 -- Sample 26: mean=1.0863%; std=1.3339
 -- Sample 27: mean=1.0166%; std=1.2824
 -- Sample 28: mean=1.5269%; std=1.4677
 -- Sample 29: mean=1.4398%; std=1.5252
 -- Sample 30: mean=1.4673%; std=1.5855
 -- Sample 31: mean=1.2438%; std=1.2943
 -- Sample 32: mean=0.8927%; std=1.1556
 -- Sample 33: mean=0.9295%; std=1.1989
 -- Sample 34: mean=0.9001%; std=1.1397
 -- Sample 35: mean=0.9258%; std=1.1592
 -- Sample 36: mean=2.4111%; std=1.7164
 -- Sample 37: mean=2.8060%; std=1.9228
 -- Sample 38: mean=2.6969%; std=1.8757
 -- Sample 39: mean=2.2866%; std=1.7420
 -- Sample 40: mean=0.9406%; std=1.1487
 -- Sample 41: mean=0.9783%; std=1.1665
 -- Sample 42: mean=0.9443%; std=1.1750
 -- Sample 43: mean=0.8938%; std=1.1416
 -- Sample 44: mean=2.6727%; std=2.8537
 -- Sample 45: mean=2.5404%; std=2.6574
 -- Sample 46: mean=2.4896%; std=2.5505
 -- Sample 47: mean=2.4164%; std=2.4469
 -- Sample 48: mean=2.0796%; std=1.6688
 -- Sample 49: mean=2.2548%; std=1.6315
Mean: 1.5694%, Std: 0.6331%
------------------------------------------------------------------
Correlation comparison:
 -- Sample 0: 0.9681
 -- Sample 1: 0.9745
 -- Sample 2: 0.9685
 -- Sample 3: 0.9659
 -- Sample 4: 0.9843
 -- Sample 5: 0.9834
 -- Sample 6: 0.9829
 -- Sample 7: 0.9836
 -- Sample 8: 0.9566
 -- Sample 9: 0.9517
 -- Sample 10: 0.9525
 -- Sample 11: 0.9578
 -- Sample 12: 0.8109
 -- Sample 13: 0.8324
 -- Sample 14: 0.8412
 -- Sample 15: 0.8444
 -- Sample 16: 0.9628
 -- Sample 17: 0.9591
 -- Sample 18: 0.9596
 -- Sample 19: 0.9618
 -- Sample 20: 0.9525
 -- Sample 21: 0.9532
 -- Sample 22: 0.9537
 -- Sample 23: 0.9516
 -- Sample 24: 0.9767
 -- Sample 25: 0.9752
 -- Sample 26: 0.9752
 -- Sample 27: 0.9764
 -- Sample 28: 0.9444
 -- Sample 29: 0.9355
 -- Sample 30: 0.9382
 -- Sample 31: 0.9621
 -- Sample 32: 0.9802
 -- Sample 33: 0.9805
 -- Sample 34: 0.9803
 -- Sample 35: 0.9806
 -- Sample 36: 0.9444
 -- Sample 37: 0.9296
 -- Sample 38: 0.9355
 -- Sample 39: 0.9436
 -- Sample 40: 0.9791
 -- Sample 41: 0.9799
 -- Sample 42: 0.9796
 -- Sample 43: 0.9809
 -- Sample 44: 0.8896
 -- Sample 45: 0.8847
 -- Sample 46: 0.8860
 -- Sample 47: 0.8889
 -- Sample 48: 0.9354
 -- Sample 49: 0.9394
Mean=0.9463, Std=0.0423
------------------------------------------------------------------
Processing Batch 4 (Size: 50)...
input shape:  torch.Size([50, 1, 120, 120, 120])
output shape:  torch.Size([50, 1, 120, 120, 120])
target shape:  torch.Size([50, 1, 120, 120, 120])
torch.Size([50, 1, 120, 120, 120])
Bias Error: using Single Component
Mean: 0.7009, Std: 0.5594
------------------------------------------------------------------
Magnitude Error: 
 -- Sample 0: mean=2.0567%; std=1.6980
 -- Sample 1: mean=2.0889%; std=1.6153
 -- Sample 2: mean=0.9750%; std=1.0754
 -- Sample 3: mean=0.8603%; std=1.0220
 -- Sample 4: mean=0.9377%; std=1.0797
 -- Sample 5: mean=1.0334%; std=1.1060
 -- Sample 6: mean=0.9147%; std=1.1933
 -- Sample 7: mean=0.9048%; std=1.2079
 -- Sample 8: mean=1.0620%; std=1.4433
 -- Sample 9: mean=0.9447%; std=1.2247
 -- Sample 10: mean=1.8514%; std=1.6218
 -- Sample 11: mean=1.2236%; std=1.3302
 -- Sample 12: mean=1.4630%; std=1.5645
 -- Sample 13: mean=1.2176%; std=1.2761
 -- Sample 14: mean=1.4478%; std=1.4222
 -- Sample 15: mean=1.8602%; std=1.7294
 -- Sample 16: mean=1.5560%; std=1.5140
 -- Sample 17: mean=1.5809%; std=1.4261
 -- Sample 18: mean=0.9053%; std=1.0406
 -- Sample 19: mean=0.8486%; std=0.9666
 -- Sample 20: mean=1.0069%; std=1.0846
 -- Sample 21: mean=0.9011%; std=0.9987
 -- Sample 22: mean=0.9657%; std=1.2519
 -- Sample 23: mean=1.0729%; std=1.2561
 -- Sample 24: mean=1.0264%; std=1.3108
 -- Sample 25: mean=1.0450%; std=1.4129
 -- Sample 26: mean=1.3235%; std=1.2590
 -- Sample 27: mean=1.2294%; std=1.3061
 -- Sample 28: mean=1.2510%; std=1.2716
 -- Sample 29: mean=1.5792%; std=1.4967
 -- Sample 30: mean=0.7998%; std=1.0194
 -- Sample 31: mean=0.7367%; std=1.0259
 -- Sample 32: mean=0.7588%; std=1.0351
 -- Sample 33: mean=0.7309%; std=1.0285
 -- Sample 34: mean=2.7479%; std=1.7478
 -- Sample 35: mean=2.7275%; std=1.9225
 -- Sample 36: mean=2.6508%; std=1.5738
 -- Sample 37: mean=2.8262%; std=1.8088
 -- Sample 38: mean=1.2048%; std=1.2021
 -- Sample 39: mean=1.3012%; std=1.2504
 -- Sample 40: mean=1.0396%; std=1.2028
 -- Sample 41: mean=1.2032%; std=1.1968
 -- Sample 42: mean=2.5525%; std=2.0381
 -- Sample 43: mean=2.8991%; std=2.1853
 -- Sample 44: mean=2.5979%; std=2.0192
 -- Sample 45: mean=2.9333%; std=2.2947
 -- Sample 46: mean=1.5541%; std=1.4043
 -- Sample 47: mean=1.9558%; std=1.3910
 -- Sample 48: mean=1.9715%; std=1.4111
 -- Sample 49: mean=1.3411%; std=1.4109
Mean: 1.4733%, Std: 0.6555%
------------------------------------------------------------------
Correlation comparison:
 -- Sample 0: 0.9395
 -- Sample 1: 0.9345
 -- Sample 2: 0.9756
 -- Sample 3: 0.9796
 -- Sample 4: 0.9759
 -- Sample 5: 0.9774
 -- Sample 6: 0.9767
 -- Sample 7: 0.9754
 -- Sample 8: 0.9692
 -- Sample 9: 0.9752
 -- Sample 10: 0.9456
 -- Sample 11: 0.9587
 -- Sample 12: 0.9492
 -- Sample 13: 0.9580
 -- Sample 14: 0.9739
 -- Sample 15: 0.9614
 -- Sample 16: 0.9701
 -- Sample 17: 0.9697
 -- Sample 18: 0.9660
 -- Sample 19: 0.9710
 -- Sample 20: 0.9685
 -- Sample 21: 0.9712
 -- Sample 22: 0.9821
 -- Sample 23: 0.9822
 -- Sample 24: 0.9829
 -- Sample 25: 0.9788
 -- Sample 26: 0.9633
 -- Sample 27: 0.9648
 -- Sample 28: 0.9667
 -- Sample 29: 0.9539
 -- Sample 30: 0.9822
 -- Sample 31: 0.9832
 -- Sample 32: 0.9827
 -- Sample 33: 0.9821
 -- Sample 34: 0.9526
 -- Sample 35: 0.9272
 -- Sample 36: 0.9498
 -- Sample 37: 0.9501
 -- Sample 38: 0.9762
 -- Sample 39: 0.9721
 -- Sample 40: 0.9722
 -- Sample 41: 0.9757
 -- Sample 42: 0.7501
 -- Sample 43: 0.6916
 -- Sample 44: 0.7319
 -- Sample 45: 0.6623
 -- Sample 46: 0.9604
 -- Sample 47: 0.9654
 -- Sample 48: 0.9637
 -- Sample 49: 0.9641
Mean=0.9463, Std=0.0718
------------------------------------------------------------------
Processing Batch 5 (Size: 50)...
input shape:  torch.Size([50, 1, 120, 120, 120])
output shape:  torch.Size([50, 1, 120, 120, 120])
target shape:  torch.Size([50, 1, 120, 120, 120])
torch.Size([50, 1, 120, 120, 120])
Bias Error: using Single Component
Mean: 0.7434, Std: 0.6212
------------------------------------------------------------------
Magnitude Error: 
 -- Sample 0: mean=2.0930%; std=1.9528
 -- Sample 1: mean=1.8321%; std=1.7244
 -- Sample 2: mean=2.1401%; std=2.0997
 -- Sample 3: mean=2.2525%; std=2.2252
 -- Sample 4: mean=1.2405%; std=1.2916
 -- Sample 5: mean=1.5087%; std=1.4011
 -- Sample 6: mean=1.2718%; std=1.3027
 -- Sample 7: mean=1.5340%; std=1.4765
 -- Sample 8: mean=2.6959%; std=2.2605
 -- Sample 9: mean=3.0226%; std=2.4503
 -- Sample 10: mean=2.9534%; std=2.3548
 -- Sample 11: mean=2.8400%; std=2.2937
 -- Sample 12: mean=1.3447%; std=1.1452
 -- Sample 13: mean=1.4036%; std=1.1030
 -- Sample 14: mean=1.1849%; std=1.0673
 -- Sample 15: mean=1.3874%; std=1.1834
 -- Sample 16: mean=1.2837%; std=1.3855
 -- Sample 17: mean=1.2860%; std=1.4100
 -- Sample 18: mean=1.2719%; std=1.3616
 -- Sample 19: mean=1.2054%; std=1.3442
 -- Sample 20: mean=2.7002%; std=2.3485
 -- Sample 21: mean=2.7193%; std=2.3815
 -- Sample 22: mean=2.5617%; std=2.1107
 -- Sample 23: mean=2.3899%; std=2.0011
 -- Sample 24: mean=0.9927%; std=1.2703
 -- Sample 25: mean=0.9198%; std=1.2316
 -- Sample 26: mean=1.0936%; std=1.3531
 -- Sample 27: mean=1.0189%; std=1.3051
 -- Sample 28: mean=1.7506%; std=1.1164
 -- Sample 29: mean=1.4983%; std=1.0243
 -- Sample 30: mean=1.5002%; std=1.0367
 -- Sample 31: mean=1.1444%; std=0.9842
 -- Sample 32: mean=1.8654%; std=1.8501
 -- Sample 33: mean=1.7908%; std=1.7095
 -- Sample 34: mean=1.9237%; std=1.9789
 -- Sample 35: mean=2.0070%; std=1.9606
 -- Sample 36: mean=1.0543%; std=1.3783
 -- Sample 37: mean=1.1322%; std=1.5475
 -- Sample 38: mean=1.1128%; std=1.5495
 -- Sample 39: mean=1.0605%; std=1.4776
 -- Sample 40: mean=1.0727%; std=1.2290
 -- Sample 41: mean=1.0831%; std=1.2805
 -- Sample 42: mean=1.0409%; std=1.2346
 -- Sample 43: mean=1.0230%; std=1.2086
 -- Sample 44: mean=0.8842%; std=1.0745
 -- Sample 45: mean=0.9920%; std=1.0641
 -- Sample 46: mean=0.9138%; std=1.0111
 -- Sample 47: mean=0.8957%; std=1.0030
 -- Sample 48: mean=1.2026%; std=1.4464
 -- Sample 49: mean=1.3970%; std=1.5465
Mean: 1.5699%, Std: 0.6156%
------------------------------------------------------------------
Correlation comparison:
 -- Sample 0: 0.9564
 -- Sample 1: 0.9614
 -- Sample 2: 0.9566
 -- Sample 3: 0.9491
 -- Sample 4: 0.9235
 -- Sample 5: 0.9171
 -- Sample 6: 0.9108
 -- Sample 7: 0.9096
 -- Sample 8: 0.9545
 -- Sample 9: 0.9505
 -- Sample 10: 0.9517
 -- Sample 11: 0.9548
 -- Sample 12: 0.9243
 -- Sample 13: 0.9220
 -- Sample 14: 0.9152
 -- Sample 15: 0.9183
 -- Sample 16: 0.9328
 -- Sample 17: 0.9323
 -- Sample 18: 0.9363
 -- Sample 19: 0.9292
 -- Sample 20: 0.9067
 -- Sample 21: 0.9061
 -- Sample 22: 0.9175
 -- Sample 23: 0.9220
 -- Sample 24: 0.9734
 -- Sample 25: 0.9734
 -- Sample 26: 0.9683
 -- Sample 27: 0.9701
 -- Sample 28: 0.9772
 -- Sample 29: 0.9799
 -- Sample 30: 0.9790
 -- Sample 31: 0.9791
 -- Sample 32: 0.9559
 -- Sample 33: 0.9603
 -- Sample 34: 0.9518
 -- Sample 35: 0.9532
 -- Sample 36: 0.9803
 -- Sample 37: 0.9798
 -- Sample 38: 0.9801
 -- Sample 39: 0.9809
 -- Sample 40: 0.9567
 -- Sample 41: 0.9538
 -- Sample 42: 0.9555
 -- Sample 43: 0.9592
 -- Sample 44: 0.9580
 -- Sample 45: 0.9468
 -- Sample 46: 0.9655
 -- Sample 47: 0.9631
 -- Sample 48: 0.9791
 -- Sample 49: 0.9777
Mean=0.9503, Std=0.0232
------------------------------------------------------------------
Processing Batch 6 (Size: 50)...
input shape:  torch.Size([50, 1, 120, 120, 120])
output shape:  torch.Size([50, 1, 120, 120, 120])
target shape:  torch.Size([50, 1, 120, 120, 120])
torch.Size([50, 1, 120, 120, 120])
Bias Error: using Single Component
Mean: 0.6311, Std: 0.5467
------------------------------------------------------------------
Magnitude Error: 
 -- Sample 0: mean=1.0486%; std=1.2986
 -- Sample 1: mean=1.1091%; std=1.4771
 -- Sample 2: mean=1.2650%; std=1.3430
 -- Sample 3: mean=1.1415%; std=1.2326
 -- Sample 4: mean=1.3120%; std=1.4303
 -- Sample 5: mean=1.0533%; std=1.1831
 -- Sample 6: mean=1.1019%; std=1.4896
 -- Sample 7: mean=1.0782%; std=1.4879
 -- Sample 8: mean=1.0113%; std=1.4111
 -- Sample 9: mean=1.1246%; std=1.5394
 -- Sample 10: mean=1.0010%; std=1.2352
 -- Sample 11: mean=1.1000%; std=1.3080
 -- Sample 12: mean=1.0858%; std=1.2684
 -- Sample 13: mean=1.0167%; std=1.2065
 -- Sample 14: mean=1.3480%; std=1.3542
 -- Sample 15: mean=1.3987%; std=1.4761
 -- Sample 16: mean=1.2290%; std=1.3144
 -- Sample 17: mean=1.2138%; std=1.2797
 -- Sample 18: mean=1.0384%; std=1.3315
 -- Sample 19: mean=1.0404%; std=1.3266
 -- Sample 20: mean=0.9868%; std=1.3131
 -- Sample 21: mean=0.9901%; std=1.3166
 -- Sample 22: mean=1.0547%; std=1.0968
 -- Sample 23: mean=1.0468%; std=1.1437
 -- Sample 24: mean=1.1004%; std=1.0918
 -- Sample 25: mean=0.9955%; std=1.0789
 -- Sample 26: mean=1.0628%; std=1.2943
 -- Sample 27: mean=1.0458%; std=1.4107
 -- Sample 28: mean=0.9920%; std=1.2329
 -- Sample 29: mean=1.0388%; std=1.3282
 -- Sample 30: mean=0.8804%; std=1.1778
 -- Sample 31: mean=0.8157%; std=1.1484
 -- Sample 32: mean=0.8075%; std=1.1588
 -- Sample 33: mean=0.8663%; std=1.1378
 -- Sample 34: mean=1.1768%; std=1.4555
 -- Sample 35: mean=1.2351%; std=1.2945
 -- Sample 36: mean=1.3850%; std=1.2948
 -- Sample 37: mean=1.2433%; std=1.4145
 -- Sample 38: mean=1.5879%; std=1.6918
 -- Sample 39: mean=1.4718%; std=1.4842
 -- Sample 40: mean=1.5673%; std=1.6238
 -- Sample 41: mean=1.4863%; std=1.5447
 -- Sample 42: mean=1.2644%; std=1.4194
 -- Sample 43: mean=1.3773%; std=1.3859
 -- Sample 44: mean=1.1718%; std=1.3435
 -- Sample 45: mean=1.2151%; std=1.3490
 -- Sample 46: mean=2.1925%; std=2.0752
 -- Sample 47: mean=2.0722%; std=1.9337
 -- Sample 48: mean=2.3623%; std=2.0998
 -- Sample 49: mean=2.1966%; std=1.9283
Mean: 1.2281%, Std: 0.3385%
------------------------------------------------------------------
Correlation comparison:
 -- Sample 0: 0.9832
 -- Sample 1: 0.9804
 -- Sample 2: 0.9673
 -- Sample 3: 0.9694
 -- Sample 4: 0.9615
 -- Sample 5: 0.9721
 -- Sample 6: 0.9734
 -- Sample 7: 0.9706
 -- Sample 8: 0.9735
 -- Sample 9: 0.9684
 -- Sample 10: 0.9822
 -- Sample 11: 0.9800
 -- Sample 12: 0.9799
 -- Sample 13: 0.9825
 -- Sample 14: 0.9648
 -- Sample 15: 0.9605
 -- Sample 16: 0.9647
 -- Sample 17: 0.9700
 -- Sample 18: 0.9711
 -- Sample 19: 0.9739
 -- Sample 20: 0.9678
 -- Sample 21: 0.9684
 -- Sample 22: 0.9825
 -- Sample 23: 0.9833
 -- Sample 24: 0.9840
 -- Sample 25: 0.9843
 -- Sample 26: 0.9828
 -- Sample 27: 0.9811
 -- Sample 28: 0.9835
 -- Sample 29: 0.9820
 -- Sample 30: 0.9668
 -- Sample 31: 0.9679
 -- Sample 32: 0.9718
 -- Sample 33: 0.9719
 -- Sample 34: 0.9158
 -- Sample 35: 0.9058
 -- Sample 36: 0.9102
 -- Sample 37: 0.9092
 -- Sample 38: 0.9657
 -- Sample 39: 0.9704
 -- Sample 40: 0.9720
 -- Sample 41: 0.9669
 -- Sample 42: 0.9678
 -- Sample 43: 0.9721
 -- Sample 44: 0.9739
 -- Sample 45: 0.9668
 -- Sample 46: 0.9433
 -- Sample 47: 0.9478
 -- Sample 48: 0.9372
 -- Sample 49: 0.9447
Mean=0.9660, Std=0.0195
------------------------------------------------------------------
Processing Batch 7 (Size: 50)...
input shape:  torch.Size([50, 1, 120, 120, 120])
output shape:  torch.Size([50, 1, 120, 120, 120])
target shape:  torch.Size([50, 1, 120, 120, 120])
torch.Size([50, 1, 120, 120, 120])
Bias Error: using Single Component
Mean: 0.6465, Std: 0.7920
------------------------------------------------------------------
Magnitude Error: 
 -- Sample 0: mean=1.4808%; std=1.3044
 -- Sample 1: mean=1.3916%; std=1.3251
 -- Sample 2: mean=1.2333%; std=1.2100
 -- Sample 3: mean=1.6653%; std=1.3780
 -- Sample 4: mean=0.8133%; std=1.1265
 -- Sample 5: mean=0.8054%; std=1.1438
 -- Sample 6: mean=0.7546%; std=1.1277
 -- Sample 7: mean=0.7851%; std=1.1306
 -- Sample 8: mean=1.1551%; std=1.3959
 -- Sample 9: mean=0.9767%; std=1.3062
 -- Sample 10: mean=1.0898%; std=1.4767
 -- Sample 11: mean=1.0971%; std=1.3835
 -- Sample 12: mean=0.9383%; std=1.1639
 -- Sample 13: mean=0.9229%; std=1.1556
 -- Sample 14: mean=1.1305%; std=1.2790
 -- Sample 15: mean=0.8232%; std=1.1136
 -- Sample 16: mean=1.9153%; std=1.4819
 -- Sample 17: mean=2.1127%; std=1.6601
 -- Sample 18: mean=2.0190%; std=1.4857
 -- Sample 19: mean=1.8835%; std=1.4259
 -- Sample 20: mean=1.3146%; std=1.1787
 -- Sample 21: mean=1.0808%; std=1.1112
 -- Sample 22: mean=1.2007%; std=1.1295
 -- Sample 23: mean=1.2165%; std=1.1431
 -- Sample 24: mean=0.8291%; std=1.2769
 -- Sample 25: mean=0.8682%; std=1.2795
 -- Sample 26: mean=0.9337%; std=1.3779
 -- Sample 27: mean=0.8898%; std=1.2744
 -- Sample 28: mean=1.9365%; std=1.6784
 -- Sample 29: mean=2.0851%; std=1.7806
 -- Sample 30: mean=2.0862%; std=1.8412
 -- Sample 31: mean=1.9973%; std=1.7290
 -- Sample 32: mean=4.2891%; std=3.4592
 -- Sample 33: mean=3.9840%; std=3.4831
 -- Sample 34: mean=3.9203%; std=3.6076
 -- Sample 35: mean=3.6972%; std=3.3642
 -- Sample 36: mean=1.0923%; std=1.1920
 -- Sample 37: mean=1.2472%; std=1.3154
 -- Sample 38: mean=1.1120%; std=1.2526
 -- Sample 39: mean=1.0270%; std=1.2174
 -- Sample 40: mean=1.7182%; std=1.5225
 -- Sample 41: mean=1.5741%; std=1.3861
 -- Sample 42: mean=1.8173%; std=1.5092
 -- Sample 43: mean=1.8984%; std=1.6064
 -- Sample 44: mean=0.9344%; std=1.3424
 -- Sample 45: mean=0.9791%; std=1.3252
 -- Sample 46: mean=0.9513%; std=1.3047
 -- Sample 47: mean=1.0149%; std=1.2977
 -- Sample 48: mean=1.1378%; std=1.2702
 -- Sample 49: mean=1.1215%; std=1.2941
Mean: 1.4990%, Std: 0.8374%
------------------------------------------------------------------
Correlation comparison:
 -- Sample 0: 0.9712
 -- Sample 1: 0.9717
 -- Sample 2: 0.9748
 -- Sample 3: 0.9671
 -- Sample 4: 0.9866
 -- Sample 5: 0.9862
 -- Sample 6: 0.9865
 -- Sample 7: 0.9855
 -- Sample 8: 0.9678
 -- Sample 9: 0.9732
 -- Sample 10: 0.9714
 -- Sample 11: 0.9726
 -- Sample 12: 0.9680
 -- Sample 13: 0.9650
 -- Sample 14: 0.9584
 -- Sample 15: 0.9601
 -- Sample 16: 0.9472
 -- Sample 17: 0.9398
 -- Sample 18: 0.9453
 -- Sample 19: 0.9531
 -- Sample 20: 0.9603
 -- Sample 21: 0.9649
 -- Sample 22: 0.9665
 -- Sample 23: 0.9660
 -- Sample 24: 0.9863
 -- Sample 25: 0.9859
 -- Sample 26: 0.9845
 -- Sample 27: 0.9859
 -- Sample 28: 0.9704
 -- Sample 29: 0.9666
 -- Sample 30: 0.9639
 -- Sample 31: 0.9677
 -- Sample 32: 0.8611
 -- Sample 33: 0.8681
 -- Sample 34: 0.8626
 -- Sample 35: 0.8780
 -- Sample 36: 0.9558
 -- Sample 37: 0.9627
 -- Sample 38: 0.9550
 -- Sample 39: 0.9612
 -- Sample 40: 0.9588
 -- Sample 41: 0.9527
 -- Sample 42: 0.9503
 -- Sample 43: 0.9548
 -- Sample 44: 0.9636
 -- Sample 45: 0.9668
 -- Sample 46: 0.9506
 -- Sample 47: 0.9573
 -- Sample 48: 0.9606
 -- Sample 49: 0.9604
Mean=0.9580, Std=0.0291
------------------------------------------------------------------
Processing Batch 8 (Size: 50)...
input shape:  torch.Size([50, 1, 120, 120, 120])
output shape:  torch.Size([50, 1, 120, 120, 120])
target shape:  torch.Size([50, 1, 120, 120, 120])
torch.Size([50, 1, 120, 120, 120])
Bias Error: using Single Component
Mean: 0.8727, Std: 0.6689
------------------------------------------------------------------
Magnitude Error: 
 -- Sample 0: mean=1.1329%; std=1.3325
 -- Sample 1: mean=1.2407%; std=1.3402
 -- Sample 2: mean=1.5863%; std=1.4910
 -- Sample 3: mean=1.9403%; std=1.8213
 -- Sample 4: mean=1.6337%; std=1.6597
 -- Sample 5: mean=1.7085%; std=1.7888
 -- Sample 6: mean=1.6365%; std=1.9935
 -- Sample 7: mean=1.3186%; std=1.6485
 -- Sample 8: mean=1.2976%; std=1.5523
 -- Sample 9: mean=1.4041%; std=1.6237
 -- Sample 10: mean=1.1870%; std=1.1787
 -- Sample 11: mean=1.0201%; std=1.1551
 -- Sample 12: mean=1.0823%; std=1.1857
 -- Sample 13: mean=1.0723%; std=1.1453
 -- Sample 14: mean=1.2407%; std=1.0548
 -- Sample 15: mean=1.3420%; std=1.1185
 -- Sample 16: mean=1.2058%; std=1.0854
 -- Sample 17: mean=1.1764%; std=1.0968
 -- Sample 18: mean=2.5732%; std=2.2183
 -- Sample 19: mean=2.9189%; std=2.4060
 -- Sample 20: mean=2.4709%; std=2.1489
 -- Sample 21: mean=2.3377%; std=2.1238
 -- Sample 22: mean=1.6202%; std=1.4408
 -- Sample 23: mean=1.5765%; std=1.5331
 -- Sample 24: mean=1.7355%; std=1.5489
 -- Sample 25: mean=1.6228%; std=1.4626
 -- Sample 26: mean=1.6879%; std=1.3462
 -- Sample 27: mean=1.5593%; std=1.2808
 -- Sample 28: mean=1.5616%; std=1.3353
 -- Sample 29: mean=1.3224%; std=1.2442
 -- Sample 30: mean=2.2313%; std=1.8059
 -- Sample 31: mean=2.2392%; std=1.7130
 -- Sample 32: mean=1.8559%; std=1.6079
 -- Sample 33: mean=1.9091%; std=1.4956
 -- Sample 34: mean=1.0917%; std=1.1331
 -- Sample 35: mean=0.9558%; std=1.0350
 -- Sample 36: mean=1.1730%; std=1.1808
 -- Sample 37: mean=1.1978%; std=1.1401
 -- Sample 38: mean=2.4912%; std=1.7825
 -- Sample 39: mean=2.5698%; std=1.9246
 -- Sample 40: mean=2.6932%; std=1.9726
 -- Sample 41: mean=2.6612%; std=1.9864
 -- Sample 42: mean=4.2346%; std=2.2289
 -- Sample 43: mean=4.7610%; std=2.2674
 -- Sample 44: mean=4.5092%; std=2.0705
 -- Sample 45: mean=3.9580%; std=2.3060
 -- Sample 46: mean=1.1301%; std=1.2662
 -- Sample 47: mean=1.2798%; std=1.3605
 -- Sample 48: mean=1.2471%; std=1.3647
 -- Sample 49: mean=1.0371%; std=1.2308
Mean: 1.8488%, Std: 0.9059%
------------------------------------------------------------------
Correlation comparison:
 -- Sample 0: 0.9621
 -- Sample 1: 0.9554
 -- Sample 2: 0.9497
 -- Sample 3: 0.9365
 -- Sample 4: 0.9420
 -- Sample 5: 0.9367
 -- Sample 6: 0.9394
 -- Sample 7: 0.9476
 -- Sample 8: 0.9539
 -- Sample 9: 0.9497
 -- Sample 10: 0.9654
 -- Sample 11: 0.9674
 -- Sample 12: 0.9674
 -- Sample 13: 0.9679
 -- Sample 14: 0.9558
 -- Sample 15: 0.9574
 -- Sample 16: 0.9588
 -- Sample 17: 0.9563
 -- Sample 18: 0.9546
 -- Sample 19: 0.9463
 -- Sample 20: 0.9572
 -- Sample 21: 0.9584
 -- Sample 22: 0.9510
 -- Sample 23: 0.9518
 -- Sample 24: 0.9472
 -- Sample 25: 0.9556
 -- Sample 26: 0.9500
 -- Sample 27: 0.9564
 -- Sample 28: 0.9540
 -- Sample 29: 0.9579
 -- Sample 30: 0.9330
 -- Sample 31: 0.9384
 -- Sample 32: 0.9430
 -- Sample 33: 0.9485
 -- Sample 34: 0.9620
 -- Sample 35: 0.9600
 -- Sample 36: 0.9581
 -- Sample 37: 0.9551
 -- Sample 38: 0.9469
 -- Sample 39: 0.9427
 -- Sample 40: 0.9351
 -- Sample 41: 0.9386
 -- Sample 42: 0.9462
 -- Sample 43: 0.9432
 -- Sample 44: 0.9490
 -- Sample 45: 0.9410
 -- Sample 46: 0.9807
 -- Sample 47: 0.9784
 -- Sample 48: 0.9796
 -- Sample 49: 0.9809
Mean=0.9534, Std=0.0117
------------------------------------------------------------------
Processing Batch 9 (Size: 50)...
input shape:  torch.Size([50, 1, 120, 120, 120])
output shape:  torch.Size([50, 1, 120, 120, 120])
target shape:  torch.Size([50, 1, 120, 120, 120])
torch.Size([50, 1, 120, 120, 120])
Bias Error: using Single Component
Mean: 0.6442, Std: 0.4766
------------------------------------------------------------------
Magnitude Error: 
 -- Sample 0: mean=2.1961%; std=1.7307
 -- Sample 1: mean=2.2888%; std=1.6535
 -- Sample 2: mean=2.1936%; std=1.5690
 -- Sample 3: mean=2.2009%; std=1.5821
 -- Sample 4: mean=0.9502%; std=1.2008
 -- Sample 5: mean=0.9740%; std=1.2200
 -- Sample 6: mean=0.8781%; std=1.1755
 -- Sample 7: mean=0.9403%; std=1.1886
 -- Sample 8: mean=0.9504%; std=1.1991
 -- Sample 9: mean=0.9705%; std=1.2473
 -- Sample 10: mean=0.9593%; std=1.2862
 -- Sample 11: mean=0.9846%; std=1.2641
 -- Sample 12: mean=1.8555%; std=1.2765
 -- Sample 13: mean=1.5849%; std=1.3022
 -- Sample 14: mean=1.4246%; std=1.3200
 -- Sample 15: mean=1.6814%; std=1.4766
 -- Sample 16: mean=1.4775%; std=1.1874
 -- Sample 17: mean=1.5724%; std=1.3464
 -- Sample 18: mean=1.4981%; std=1.2147
 -- Sample 19: mean=1.6734%; std=1.4131
 -- Sample 20: mean=0.8512%; std=1.1231
 -- Sample 21: mean=0.8389%; std=1.1691
 -- Sample 22: mean=0.8486%; std=1.1147
 -- Sample 23: mean=0.8494%; std=1.1504
 -- Sample 24: mean=1.1633%; std=1.1607
 -- Sample 25: mean=1.2112%; std=1.1654
 -- Sample 26: mean=1.6191%; std=1.3381
 -- Sample 27: mean=1.1830%; std=1.0833
 -- Sample 28: mean=1.8077%; std=1.6077
 -- Sample 29: mean=1.4444%; std=1.3790
 -- Sample 30: mean=1.6950%; std=1.4020
 -- Sample 31: mean=1.8830%; std=1.5852
 -- Sample 32: mean=0.8887%; std=1.2081
 -- Sample 33: mean=0.9493%; std=1.2291
 -- Sample 34: mean=0.9074%; std=1.2440
 -- Sample 35: mean=0.9161%; std=1.2167
 -- Sample 36: mean=1.6952%; std=1.6628
 -- Sample 37: mean=1.5079%; std=1.5222
 -- Sample 38: mean=1.9250%; std=1.8451
 -- Sample 39: mean=1.4654%; std=1.4262
 -- Sample 40: mean=1.4945%; std=1.1778
 -- Sample 41: mean=1.2789%; std=1.0937
 -- Sample 42: mean=1.5224%; std=1.2538
 -- Sample 43: mean=1.2437%; std=1.1800
 -- Sample 44: mean=1.3523%; std=1.2346
 -- Sample 45: mean=1.3723%; std=1.2424
 -- Sample 46: mean=1.1545%; std=1.1795
 -- Sample 47: mean=1.3215%; std=1.1979
 -- Sample 48: mean=1.4640%; std=1.3189
 -- Sample 49: mean=1.6347%; std=1.4199
Mean: 1.3749%, Std: 0.4034%
------------------------------------------------------------------
Correlation comparison:
 -- Sample 0: 0.9239
 -- Sample 1: 0.9258
 -- Sample 2: 0.9294
 -- Sample 3: 0.9292
 -- Sample 4: 0.9805
 -- Sample 5: 0.9797
 -- Sample 6: 0.9811
 -- Sample 7: 0.9806
 -- Sample 8: 0.9790
 -- Sample 9: 0.9773
 -- Sample 10: 0.9785
 -- Sample 11: 0.9756
 -- Sample 12: 0.9337
 -- Sample 13: 0.9426
 -- Sample 14: 0.9537
 -- Sample 15: 0.9359
 -- Sample 16: 0.9615
 -- Sample 17: 0.9619
 -- Sample 18: 0.9547
 -- Sample 19: 0.9534
 -- Sample 20: 0.9745
 -- Sample 21: 0.9738
 -- Sample 22: 0.9738
 -- Sample 23: 0.9727
 -- Sample 24: 0.9656
 -- Sample 25: 0.9630
 -- Sample 26: 0.9553
 -- Sample 27: 0.9660
 -- Sample 28: 0.9409
 -- Sample 29: 0.9560
 -- Sample 30: 0.9522
 -- Sample 31: 0.9415
 -- Sample 32: 0.9618
 -- Sample 33: 0.9601
 -- Sample 34: 0.9689
 -- Sample 35: 0.9639
 -- Sample 36: 0.9541
 -- Sample 37: 0.9610
 -- Sample 38: 0.9498
 -- Sample 39: 0.9654
 -- Sample 40: 0.9609
 -- Sample 41: 0.9664
 -- Sample 42: 0.9600
 -- Sample 43: 0.9611
 -- Sample 44: 0.9674
 -- Sample 45: 0.9665
 -- Sample 46: 0.9687
 -- Sample 47: 0.9684
 -- Sample 48: 0.9725
 -- Sample 49: 0.9682
Mean=0.9604, Std=0.0151
------------------------------------------------------------------
Processing Batch 10 (Size: 50)...
input shape:  torch.Size([50, 1, 120, 120, 120])
output shape:  torch.Size([50, 1, 120, 120, 120])
target shape:  torch.Size([50, 1, 120, 120, 120])
torch.Size([50, 1, 120, 120, 120])
Bias Error: using Single Component
Mean: 0.6867, Std: 0.6800
------------------------------------------------------------------
Magnitude Error: 
 -- Sample 0: mean=1.8272%; std=1.4645
 -- Sample 1: mean=1.7179%; std=1.4211
 -- Sample 2: mean=2.5554%; std=1.6115
 -- Sample 3: mean=2.6896%; std=1.6725
 -- Sample 4: mean=2.1082%; std=1.4186
 -- Sample 5: mean=2.2688%; std=1.4661
 -- Sample 6: mean=1.9860%; std=1.3909
 -- Sample 7: mean=1.6956%; std=1.3797
 -- Sample 8: mean=1.9594%; std=1.5383
 -- Sample 9: mean=1.5264%; std=1.4281
 -- Sample 10: mean=1.1457%; std=1.2050
 -- Sample 11: mean=1.2336%; std=1.0682
 -- Sample 12: mean=1.0629%; std=1.1022
 -- Sample 13: mean=1.0958%; std=0.9832
 -- Sample 14: mean=1.0727%; std=1.3227
 -- Sample 15: mean=1.1079%; std=1.3896
 -- Sample 16: mean=1.0241%; std=1.3231
 -- Sample 17: mean=1.0732%; std=1.2730
 -- Sample 18: mean=0.8615%; std=1.0590
 -- Sample 19: mean=0.8945%; std=1.0680
 -- Sample 20: mean=0.8505%; std=1.0663
 -- Sample 21: mean=0.8583%; std=1.0876
 -- Sample 22: mean=1.2947%; std=1.5915
 -- Sample 23: mean=1.2975%; std=1.6391
 -- Sample 24: mean=1.2665%; std=1.7131
 -- Sample 25: mean=1.4195%; std=1.8042
 -- Sample 26: mean=1.0873%; std=1.1666
 -- Sample 27: mean=0.9813%; std=1.1023
 -- Sample 28: mean=1.0789%; std=1.1940
 -- Sample 29: mean=0.9857%; std=1.0925
 -- Sample 30: mean=1.2185%; std=1.2857
 -- Sample 31: mean=1.0921%; std=1.2071
 -- Sample 32: mean=0.9850%; std=1.1799
 -- Sample 33: mean=1.1795%; std=1.2389
 -- Sample 34: mean=1.1826%; std=1.3258
 -- Sample 35: mean=1.1330%; std=1.2264
 -- Sample 36: mean=1.2099%; std=1.2625
 -- Sample 37: mean=1.3071%; std=1.3524
 -- Sample 38: mean=1.0388%; std=1.4666
 -- Sample 39: mean=1.0282%; std=1.4776
 -- Sample 40: mean=1.1760%; std=1.7739
 -- Sample 41: mean=1.3903%; std=2.1287
 -- Sample 42: mean=1.5421%; std=1.2830
 -- Sample 43: mean=1.9762%; std=1.6441
 -- Sample 44: mean=1.9588%; std=1.5786
 -- Sample 45: mean=2.0984%; std=1.5863
 -- Sample 46: mean=1.0970%; std=1.3336
 -- Sample 47: mean=1.2166%; std=1.3979
 -- Sample 48: mean=1.2506%; std=1.4586
 -- Sample 49: mean=1.2315%; std=1.4126
Mean: 1.3668%, Std: 0.4443%
------------------------------------------------------------------
Correlation comparison:
 -- Sample 0: 0.9645
 -- Sample 1: 0.9680
 -- Sample 2: 0.9266
 -- Sample 3: 0.9222
 -- Sample 4: 0.9459
 -- Sample 5: 0.9443
 -- Sample 6: 0.9425
 -- Sample 7: 0.9344
 -- Sample 8: 0.9302
 -- Sample 9: 0.9381
 -- Sample 10: 0.9602
 -- Sample 11: 0.9593
 -- Sample 12: 0.9652
 -- Sample 13: 0.9651
 -- Sample 14: 0.9794
 -- Sample 15: 0.9762
 -- Sample 16: 0.9748
 -- Sample 17: 0.9762
 -- Sample 18: 0.9796
 -- Sample 19: 0.9762
 -- Sample 20: 0.9762
 -- Sample 21: 0.9781
 -- Sample 22: 0.9723
 -- Sample 23: 0.9721
 -- Sample 24: 0.9730
 -- Sample 25: 0.9689
 -- Sample 26: 0.9759
 -- Sample 27: 0.9763
 -- Sample 28: 0.9719
 -- Sample 29: 0.9759
 -- Sample 30: 0.9785
 -- Sample 31: 0.9805
 -- Sample 32: 0.9826
 -- Sample 33: 0.9803
 -- Sample 34: 0.9820
 -- Sample 35: 0.9830
 -- Sample 36: 0.9832
 -- Sample 37: 0.9813
 -- Sample 38: 0.9787
 -- Sample 39: 0.9801
 -- Sample 40: 0.9754
 -- Sample 41: 0.9652
 -- Sample 42: 0.9293
 -- Sample 43: 0.9097
 -- Sample 44: 0.9101
 -- Sample 45: 0.9194
 -- Sample 46: 0.9824
 -- Sample 47: 0.9800
 -- Sample 48: 0.9788
 -- Sample 49: 0.9800
Mean=0.9642, Std=0.0212
------------------------------------------------------------------
Processing Batch 11 (Size: 36)...
input shape:  torch.Size([36, 1, 120, 120, 120])
output shape:  torch.Size([36, 1, 120, 120, 120])
target shape:  torch.Size([36, 1, 120, 120, 120])
torch.Size([36, 1, 120, 120, 120])
Bias Error: using Single Component
Mean: 0.8187, Std: 0.6360
------------------------------------------------------------------
Magnitude Error: 
 -- Sample 0: mean=1.0974%; std=1.3682
 -- Sample 1: mean=1.1047%; std=1.3813
 -- Sample 2: mean=1.1766%; std=1.4266
 -- Sample 3: mean=1.1179%; std=1.3663
 -- Sample 4: mean=0.9055%; std=0.9997
 -- Sample 5: mean=0.6790%; std=0.9280
 -- Sample 6: mean=0.8104%; std=0.9698
 -- Sample 7: mean=0.8326%; std=0.9839
 -- Sample 8: mean=0.9211%; std=1.2234
 -- Sample 9: mean=0.8922%; std=1.1357
 -- Sample 10: mean=0.9641%; std=1.2244
 -- Sample 11: mean=0.9702%; std=1.1823
 -- Sample 12: mean=1.6178%; std=1.9125
 -- Sample 13: mean=1.6321%; std=2.1145
 -- Sample 14: mean=1.7794%; std=2.1120
 -- Sample 15: mean=1.5492%; std=1.7339
 -- Sample 16: mean=2.0859%; std=2.1836
 -- Sample 17: mean=2.0738%; std=2.3304
 -- Sample 18: mean=2.0124%; std=2.1724
 -- Sample 19: mean=1.6603%; std=1.8004
 -- Sample 20: mean=2.1172%; std=1.8173
 -- Sample 21: mean=2.1697%; std=1.6218
 -- Sample 22: mean=2.3079%; std=1.9055
 -- Sample 23: mean=1.9605%; std=1.6486
 -- Sample 24: mean=0.8780%; std=0.9676
 -- Sample 25: mean=0.9730%; std=0.9882
 -- Sample 26: mean=1.1332%; std=1.1438
 -- Sample 27: mean=1.1242%; std=1.0911
 -- Sample 28: mean=0.9940%; std=1.3937
 -- Sample 29: mean=1.0859%; std=1.3211
 -- Sample 30: mean=1.0174%; std=1.3329
 -- Sample 31: mean=1.0023%; std=1.3885
 -- Sample 32: mean=0.8751%; std=1.1380
 -- Sample 33: mean=0.9357%; std=1.0829
 -- Sample 34: mean=0.8348%; std=1.0887
 -- Sample 35: mean=0.9350%; std=1.1872
Mean: 1.2841%, Std: 0.4772%
------------------------------------------------------------------
Correlation comparison:
 -- Sample 0: 0.9790
 -- Sample 1: 0.9785
 -- Sample 2: 0.9781
 -- Sample 3: 0.9767
 -- Sample 4: 0.9646
 -- Sample 5: 0.9530
 -- Sample 6: 0.9650
 -- Sample 7: 0.9653
 -- Sample 8: 0.9505
 -- Sample 9: 0.9476
 -- Sample 10: 0.9500
 -- Sample 11: 0.9545
 -- Sample 12: 0.9591
 -- Sample 13: 0.9555
 -- Sample 14: 0.9611
 -- Sample 15: 0.9649
 -- Sample 16: 0.9613
 -- Sample 17: 0.9575
 -- Sample 18: 0.9613
 -- Sample 19: 0.9713
 -- Sample 20: 0.8569
 -- Sample 21: 0.8909
 -- Sample 22: 0.8691
 -- Sample 23: 0.8804
 -- Sample 24: 0.9766
 -- Sample 25: 0.9761
 -- Sample 26: 0.9709
 -- Sample 27: 0.9725
 -- Sample 28: 0.9634
 -- Sample 29: 0.9723
 -- Sample 30: 0.9715
 -- Sample 31: 0.9693
 -- Sample 32: 0.9800
 -- Sample 33: 0.9794
 -- Sample 34: 0.9785
 -- Sample 35: 0.9763
Mean=0.9566, Std=0.0308
------------------------------------------------------------------

-----------------------------------------------------


========================================================================================================================



  Berea Buff  results:


Loading data...
Testing model:   Ko et. al (Etapa 3)
Processing Batch 1 (Size: 50)...
input shape:  torch.Size([50, 1, 120, 120, 120])
output shape:  torch.Size([50, 1, 120, 120, 120])
target shape:  torch.Size([50, 1, 120, 120, 120])
torch.Size([50, 1, 120, 120, 120])
Bias Error: using Single Component
Mean: 1.1780, Std: 0.8560
------------------------------------------------------------------
Magnitude Error: 
 -- Sample 0: mean=2.2080%; std=1.4350
 -- Sample 1: mean=2.7321%; std=1.3159
 -- Sample 2: mean=2.7852%; std=1.3928
 -- Sample 3: mean=2.6894%; std=1.2100
 -- Sample 4: mean=2.8301%; std=2.0278
 -- Sample 5: mean=1.8868%; std=1.6053
 -- Sample 6: mean=1.9416%; std=1.5820
 -- Sample 7: mean=2.1683%; std=1.7451
 -- Sample 8: mean=1.2182%; std=1.1540
 -- Sample 9: mean=1.0747%; std=1.1163
 -- Sample 10: mean=1.0846%; std=1.1245
 -- Sample 11: mean=0.9550%; std=1.1214
 -- Sample 12: mean=0.9833%; std=1.0542
 -- Sample 13: mean=0.9843%; std=1.0428
 -- Sample 14: mean=0.9589%; std=1.0857
 -- Sample 15: mean=0.9825%; std=1.0885
 -- Sample 16: mean=1.8943%; std=1.6473
 -- Sample 17: mean=1.7846%; std=1.5333
 -- Sample 18: mean=1.7714%; std=1.4722
 -- Sample 19: mean=2.0361%; std=1.6144
 -- Sample 20: mean=2.8730%; std=2.2744
 -- Sample 21: mean=3.0519%; std=2.3528
 -- Sample 22: mean=3.1314%; std=2.3904
 -- Sample 23: mean=3.1335%; std=2.6972
 -- Sample 24: mean=1.3389%; std=1.4806
 -- Sample 25: mean=1.3551%; std=1.5461
 -- Sample 26: mean=1.4574%; std=1.4681
 -- Sample 27: mean=1.2783%; std=1.4221
 -- Sample 28: mean=1.1523%; std=1.5042
 -- Sample 29: mean=1.0707%; std=1.4131
 -- Sample 30: mean=1.1343%; std=1.4476
 -- Sample 31: mean=1.1629%; std=1.4122
 -- Sample 32: mean=2.2041%; std=1.6882
 -- Sample 33: mean=2.1324%; std=1.7363
 -- Sample 34: mean=2.1436%; std=1.5877
 -- Sample 35: mean=2.6089%; std=1.8756
 -- Sample 36: mean=4.7426%; std=2.7378
 -- Sample 37: mean=5.3924%; std=3.1482
 -- Sample 38: mean=4.4846%; std=2.7588
 -- Sample 39: mean=4.3385%; std=2.5198
 -- Sample 40: mean=2.7421%; std=1.9323
 -- Sample 41: mean=2.0688%; std=2.0480
 -- Sample 42: mean=1.9320%; std=2.0302
 -- Sample 43: mean=2.4651%; std=1.8887
 -- Sample 44: mean=1.8211%; std=1.9865
 -- Sample 45: mean=2.3083%; std=2.7029
 -- Sample 46: mean=2.4843%; std=3.0905
 -- Sample 47: mean=2.2593%; std=2.5163
 -- Sample 48: mean=1.5404%; std=1.4035
 -- Sample 49: mean=1.5636%; std=1.4444
Mean: 2.1268%, Std: 1.0115%
------------------------------------------------------------------
Correlation comparison:
 -- Sample 0: 0.8937
 -- Sample 1: 0.9271
 -- Sample 2: 0.9029
 -- Sample 3: 0.9202
 -- Sample 4: 0.9373
 -- Sample 5: 0.9627
 -- Sample 6: 0.9638
 -- Sample 7: 0.9579
 -- Sample 8: 0.9732
 -- Sample 9: 0.9747
 -- Sample 10: 0.9756
 -- Sample 11: 0.9765
 -- Sample 12: 0.9834
 -- Sample 13: 0.9841
 -- Sample 14: 0.9837
 -- Sample 15: 0.9823
 -- Sample 16: 0.9311
 -- Sample 17: 0.9338
 -- Sample 18: 0.9398
 -- Sample 19: 0.9371
 -- Sample 20: 0.8538
 -- Sample 21: 0.8630
 -- Sample 22: 0.8652
 -- Sample 23: 0.8255
 -- Sample 24: 0.9743
 -- Sample 25: 0.9737
 -- Sample 26: 0.9742
 -- Sample 27: 0.9764
 -- Sample 28: 0.9636
 -- Sample 29: 0.9673
 -- Sample 30: 0.9517
 -- Sample 31: 0.9603
 -- Sample 32: 0.9446
 -- Sample 33: 0.9412
 -- Sample 34: 0.9489
 -- Sample 35: 0.9331
 -- Sample 36: 0.8264
 -- Sample 37: 0.8019
 -- Sample 38: 0.8350
 -- Sample 39: 0.8448
 -- Sample 40: 0.9370
 -- Sample 41: 0.9432
 -- Sample 42: 0.9421
 -- Sample 43: 0.9393
 -- Sample 44: 0.9409
 -- Sample 45: 0.8985
 -- Sample 46: 0.8809
 -- Sample 47: 0.9139
 -- Sample 48: 0.9327
 -- Sample 49: 0.9345
Mean=0.9306, Std=0.0470
------------------------------------------------------------------
Processing Batch 2 (Size: 50)...
input shape:  torch.Size([50, 1, 120, 120, 120])
output shape:  torch.Size([50, 1, 120, 120, 120])
target shape:  torch.Size([50, 1, 120, 120, 120])
torch.Size([50, 1, 120, 120, 120])
Bias Error: using Single Component
Mean: 1.5647, Std: 0.8163
------------------------------------------------------------------
Magnitude Error: 
 -- Sample 0: mean=1.5918%; std=1.5095
 -- Sample 1: mean=1.8946%; std=1.6078
 -- Sample 2: mean=2.2481%; std=2.6383
 -- Sample 3: mean=2.5881%; std=2.9706
 -- Sample 4: mean=2.6418%; std=3.1146
 -- Sample 5: mean=2.6090%; std=2.9399
 -- Sample 6: mean=0.9310%; std=1.2202
 -- Sample 7: mean=0.9923%; std=1.3559
 -- Sample 8: mean=0.9674%; std=1.3842
 -- Sample 9: mean=0.8807%; std=1.2252
 -- Sample 10: mean=1.4151%; std=1.3610
 -- Sample 11: mean=1.1272%; std=1.2655
 -- Sample 12: mean=1.1490%; std=1.1881
 -- Sample 13: mean=1.2411%; std=1.1735
 -- Sample 14: mean=2.0983%; std=1.4794
 -- Sample 15: mean=2.1389%; std=1.5548
 -- Sample 16: mean=1.9779%; std=1.4134
 -- Sample 17: mean=2.4827%; std=1.4642
 -- Sample 18: mean=1.3512%; std=1.3571
 -- Sample 19: mean=1.3961%; std=1.5463
 -- Sample 20: mean=1.7436%; std=1.4873
 -- Sample 21: mean=1.3843%; std=1.3766
 -- Sample 22: mean=0.9559%; std=1.2664
 -- Sample 23: mean=0.9193%; std=1.2740
 -- Sample 24: mean=0.9201%; std=1.2742
 -- Sample 25: mean=1.0762%; std=1.2332
 -- Sample 26: mean=3.6382%; std=2.2957
 -- Sample 27: mean=3.1926%; std=2.1083
 -- Sample 28: mean=3.1915%; std=1.8273
 -- Sample 29: mean=3.2639%; std=2.0647
 -- Sample 30: mean=1.7225%; std=1.9705
 -- Sample 31: mean=1.4188%; std=1.6810
 -- Sample 32: mean=1.4990%; std=1.8544
 -- Sample 33: mean=1.4311%; std=1.9207
 -- Sample 34: mean=1.9423%; std=1.6748
 -- Sample 35: mean=2.6705%; std=1.7459
 -- Sample 36: mean=2.2131%; std=1.5307
 -- Sample 37: mean=1.9789%; std=1.6241
 -- Sample 38: mean=1.4279%; std=1.7086
 -- Sample 39: mean=1.4776%; std=1.6189
 -- Sample 40: mean=1.9291%; std=2.0773
 -- Sample 41: mean=1.4723%; std=1.7159
 -- Sample 42: mean=1.1551%; std=1.3008
 -- Sample 43: mean=0.9258%; std=1.1236
 -- Sample 44: mean=0.9998%; std=1.1722
 -- Sample 45: mean=1.0924%; std=1.3263
 -- Sample 46: mean=2.5842%; std=2.1400
 -- Sample 47: mean=2.6695%; std=2.4139
 -- Sample 48: mean=2.4831%; std=2.1436
 -- Sample 49: mean=2.7319%; std=2.2958
Mean: 1.7967%, Std: 0.7307%
------------------------------------------------------------------
Correlation comparison:
 -- Sample 0: 0.9171
 -- Sample 1: 0.9152
 -- Sample 2: 0.9060
 -- Sample 3: 0.8776
 -- Sample 4: 0.8749
 -- Sample 5: 0.8939
 -- Sample 6: 0.9752
 -- Sample 7: 0.9794
 -- Sample 8: 0.9731
 -- Sample 9: 0.9785
 -- Sample 10: 0.9521
 -- Sample 11: 0.9587
 -- Sample 12: 0.9592
 -- Sample 13: 0.9635
 -- Sample 14: 0.8253
 -- Sample 15: 0.7887
 -- Sample 16: 0.7641
 -- Sample 17: 0.8032
 -- Sample 18: 0.9583
 -- Sample 19: 0.9535
 -- Sample 20: 0.9541
 -- Sample 21: 0.9623
 -- Sample 22: 0.9791
 -- Sample 23: 0.9774
 -- Sample 24: 0.9774
 -- Sample 25: 0.9782
 -- Sample 26: 0.9060
 -- Sample 27: 0.9209
 -- Sample 28: 0.9373
 -- Sample 29: 0.9236
 -- Sample 30: 0.9271
 -- Sample 31: 0.9451
 -- Sample 32: 0.9333
 -- Sample 33: 0.9319
 -- Sample 34: 0.8722
 -- Sample 35: 0.8634
 -- Sample 36: 0.8793
 -- Sample 37: 0.8573
 -- Sample 38: 0.9659
 -- Sample 39: 0.9669
 -- Sample 40: 0.9542
 -- Sample 41: 0.9628
 -- Sample 42: 0.9639
 -- Sample 43: 0.9670
 -- Sample 44: 0.9661
 -- Sample 45: 0.9637
 -- Sample 46: 0.8793
 -- Sample 47: 0.8720
 -- Sample 48: 0.8932
 -- Sample 49: 0.8837
Mean=0.9236, Std=0.0529
------------------------------------------------------------------
Processing Batch 3 (Size: 50)...
input shape:  torch.Size([50, 1, 120, 120, 120])
output shape:  torch.Size([50, 1, 120, 120, 120])
target shape:  torch.Size([50, 1, 120, 120, 120])
torch.Size([50, 1, 120, 120, 120])
Bias Error: using Single Component
Mean: 1.2629, Std: 0.9032
------------------------------------------------------------------
Magnitude Error: 
 -- Sample 0: mean=2.5522%; std=1.9482
 -- Sample 1: mean=2.9556%; std=2.1252
 -- Sample 2: mean=2.6201%; std=2.0521
 -- Sample 3: mean=2.9203%; std=2.2028
 -- Sample 4: mean=0.9138%; std=1.1582
 -- Sample 5: mean=0.9340%; std=1.2202
 -- Sample 6: mean=0.9606%; std=1.2088
 -- Sample 7: mean=1.0035%; std=1.1618
 -- Sample 8: mean=1.3499%; std=1.4919
 -- Sample 9: mean=1.3339%; std=1.5123
 -- Sample 10: mean=1.2323%; std=1.4161
 -- Sample 11: mean=1.2877%; std=1.5022
 -- Sample 12: mean=1.5131%; std=1.7488
 -- Sample 13: mean=1.4500%; std=1.8196
 -- Sample 14: mean=1.7093%; std=2.2112
 -- Sample 15: mean=1.7648%; std=2.2529
 -- Sample 16: mean=1.8560%; std=1.8471
 -- Sample 17: mean=2.0416%; std=2.2392
 -- Sample 18: mean=2.3549%; std=2.7275
 -- Sample 19: mean=1.8401%; std=2.1342
 -- Sample 20: mean=1.4870%; std=1.4307
 -- Sample 21: mean=1.6596%; std=1.6008
 -- Sample 22: mean=1.4392%; std=1.3582
 -- Sample 23: mean=1.5652%; std=1.5291
 -- Sample 24: mean=2.7475%; std=1.5669
 -- Sample 25: mean=3.0734%; std=1.5980
 -- Sample 26: mean=3.1407%; std=1.6790
 -- Sample 27: mean=3.2070%; std=1.7962
 -- Sample 28: mean=1.5913%; std=1.6840
 -- Sample 29: mean=1.5174%; std=1.8360
 -- Sample 30: mean=1.8449%; std=1.9200
 -- Sample 31: mean=1.9253%; std=1.8769
 -- Sample 32: mean=1.5240%; std=1.4478
 -- Sample 33: mean=1.4117%; std=1.2690
 -- Sample 34: mean=1.5459%; std=1.3622
 -- Sample 35: mean=1.5574%; std=1.5040
 -- Sample 36: mean=1.8780%; std=1.9667
 -- Sample 37: mean=1.6021%; std=1.8527
 -- Sample 38: mean=1.8970%; std=1.8882
 -- Sample 39: mean=1.7907%; std=1.9001
 -- Sample 40: mean=0.8448%; std=1.0633
 -- Sample 41: mean=0.8277%; std=1.0261
 -- Sample 42: mean=0.8854%; std=1.0457
 -- Sample 43: mean=0.8445%; std=1.0519
 -- Sample 44: mean=1.7634%; std=2.6393
 -- Sample 45: mean=1.8229%; std=2.6075
 -- Sample 46: mean=1.9746%; std=2.9813
 -- Sample 47: mean=1.7978%; std=2.7428
 -- Sample 48: mean=1.9529%; std=1.5902
 -- Sample 49: mean=1.7809%; std=1.4193
Mean: 1.7499%, Std: 0.6161%
------------------------------------------------------------------
Correlation comparison:
 -- Sample 0: 0.9325
 -- Sample 1: 0.9206
 -- Sample 2: 0.9276
 -- Sample 3: 0.9212
 -- Sample 4: 0.9206
 -- Sample 5: 0.9167
 -- Sample 6: 0.9107
 -- Sample 7: 0.9139
 -- Sample 8: 0.9533
 -- Sample 9: 0.9437
 -- Sample 10: 0.9407
 -- Sample 11: 0.9509
 -- Sample 12: 0.9332
 -- Sample 13: 0.9246
 -- Sample 14: 0.9400
 -- Sample 15: 0.9136
 -- Sample 16: 0.9324
 -- Sample 17: 0.9219
 -- Sample 18: 0.9096
 -- Sample 19: 0.9325
 -- Sample 20: 0.9710
 -- Sample 21: 0.9669
 -- Sample 22: 0.9713
 -- Sample 23: 0.9691
 -- Sample 24: 0.8456
 -- Sample 25: 0.8499
 -- Sample 26: 0.8633
 -- Sample 27: 0.8518
 -- Sample 28: 0.9591
 -- Sample 29: 0.9603
 -- Sample 30: 0.9515
 -- Sample 31: 0.9466
 -- Sample 32: 0.9661
 -- Sample 33: 0.9683
 -- Sample 34: 0.9658
 -- Sample 35: 0.9668
 -- Sample 36: 0.9491
 -- Sample 37: 0.9498
 -- Sample 38: 0.9485
 -- Sample 39: 0.9512
 -- Sample 40: 0.9720
 -- Sample 41: 0.9722
 -- Sample 42: 0.9741
 -- Sample 43: 0.9724
 -- Sample 44: 0.9428
 -- Sample 45: 0.9464
 -- Sample 46: 0.9344
 -- Sample 47: 0.9442
 -- Sample 48: 0.9306
 -- Sample 49: 0.9471
Mean=0.9374, Std=0.0312
------------------------------------------------------------------
Processing Batch 4 (Size: 50)...
input shape:  torch.Size([50, 1, 120, 120, 120])
output shape:  torch.Size([50, 1, 120, 120, 120])
target shape:  torch.Size([50, 1, 120, 120, 120])
torch.Size([50, 1, 120, 120, 120])
Bias Error: using Single Component
Mean: 1.1574, Std: 1.0537
------------------------------------------------------------------
Magnitude Error: 
 -- Sample 0: mean=2.0182%; std=1.8215
 -- Sample 1: mean=1.9532%; std=1.7867
 -- Sample 2: mean=2.6773%; std=1.8759
 -- Sample 3: mean=2.1499%; std=1.7478
 -- Sample 4: mean=2.3922%; std=1.7573
 -- Sample 5: mean=2.9158%; std=2.0377
 -- Sample 6: mean=1.2398%; std=1.2350
 -- Sample 7: mean=1.1822%; std=1.2537
 -- Sample 8: mean=1.1614%; std=1.1650
 -- Sample 9: mean=1.0265%; std=1.0544
 -- Sample 10: mean=1.0336%; std=1.5259
 -- Sample 11: mean=1.0013%; std=1.3944
 -- Sample 12: mean=1.0122%; std=1.4637
 -- Sample 13: mean=0.9656%; std=1.4595
 -- Sample 14: mean=1.6846%; std=2.2444
 -- Sample 15: mean=1.3731%; std=1.2539
 -- Sample 16: mean=1.4628%; std=1.8435
 -- Sample 17: mean=1.3298%; std=1.2275
 -- Sample 18: mean=0.9586%; std=1.2017
 -- Sample 19: mean=0.9073%; std=1.2426
 -- Sample 20: mean=0.9201%; std=1.2640
 -- Sample 21: mean=0.8717%; std=1.1329
 -- Sample 22: mean=1.7060%; std=1.5844
 -- Sample 23: mean=1.5314%; std=1.4842
 -- Sample 24: mean=1.7338%; std=1.5376
 -- Sample 25: mean=1.5729%; std=1.6112
 -- Sample 26: mean=1.7671%; std=1.1211
 -- Sample 27: mean=1.9878%; std=1.1452
 -- Sample 28: mean=1.4475%; std=1.0723
 -- Sample 29: mean=1.6790%; std=1.0478
 -- Sample 30: mean=2.7747%; std=1.9986
 -- Sample 31: mean=2.9200%; std=2.2228
 -- Sample 32: mean=2.8962%; std=2.3332
 -- Sample 33: mean=2.9451%; std=2.6522
 -- Sample 34: mean=4.2784%; std=2.2960
 -- Sample 35: mean=3.9654%; std=1.8546
 -- Sample 36: mean=3.9154%; std=2.0779
 -- Sample 37: mean=4.1723%; std=2.3278
 -- Sample 38: mean=2.2912%; std=2.0943
 -- Sample 39: mean=2.8118%; std=2.5939
 -- Sample 40: mean=2.4878%; std=2.1847
 -- Sample 41: mean=2.4426%; std=1.9711
 -- Sample 42: mean=0.7544%; std=1.1590
 -- Sample 43: mean=0.7606%; std=1.1550
 -- Sample 44: mean=0.7657%; std=1.1534
 -- Sample 45: mean=0.7338%; std=1.1588
 -- Sample 46: mean=1.9494%; std=1.3170
 -- Sample 47: mean=2.3995%; std=1.3741
 -- Sample 48: mean=2.2009%; std=1.5176
 -- Sample 49: mean=1.4139%; std=1.1058
Mean: 1.8908%, Std: 0.9300%
------------------------------------------------------------------
Correlation comparison:
 -- Sample 0: 0.9246
 -- Sample 1: 0.9199
 -- Sample 2: 0.9491
 -- Sample 3: 0.9543
 -- Sample 4: 0.9461
 -- Sample 5: 0.9384
 -- Sample 6: 0.9758
 -- Sample 7: 0.9759
 -- Sample 8: 0.9778
 -- Sample 9: 0.9800
 -- Sample 10: 0.9319
 -- Sample 11: 0.9355
 -- Sample 12: 0.9421
 -- Sample 13: 0.9406
 -- Sample 14: 0.9612
 -- Sample 15: 0.9775
 -- Sample 16: 0.9700
 -- Sample 17: 0.9790
 -- Sample 18: 0.9735
 -- Sample 19: 0.9742
 -- Sample 20: 0.9753
 -- Sample 21: 0.9779
 -- Sample 22: 0.9514
 -- Sample 23: 0.9589
 -- Sample 24: 0.9544
 -- Sample 25: 0.9524
 -- Sample 26: 0.9793
 -- Sample 27: 0.9799
 -- Sample 28: 0.9784
 -- Sample 29: 0.9790
 -- Sample 30: 0.9027
 -- Sample 31: 0.8878
 -- Sample 32: 0.8752
 -- Sample 33: 0.8598
 -- Sample 34: 0.8129
 -- Sample 35: 0.8353
 -- Sample 36: 0.8193
 -- Sample 37: 0.8233
 -- Sample 38: 0.9130
 -- Sample 39: 0.8928
 -- Sample 40: 0.9119
 -- Sample 41: 0.9132
 -- Sample 42: 0.9836
 -- Sample 43: 0.9834
 -- Sample 44: 0.9837
 -- Sample 45: 0.9838
 -- Sample 46: 0.9487
 -- Sample 47: 0.9460
 -- Sample 48: 0.9412
 -- Sample 49: 0.9584
Mean=0.9398, Std=0.0459
------------------------------------------------------------------
Processing Batch 5 (Size: 50)...
input shape:  torch.Size([50, 1, 120, 120, 120])
output shape:  torch.Size([50, 1, 120, 120, 120])
target shape:  torch.Size([50, 1, 120, 120, 120])
torch.Size([50, 1, 120, 120, 120])
Bias Error: using Single Component
Mean: 1.0675, Std: 0.5861
------------------------------------------------------------------
Magnitude Error: 
 -- Sample 0: mean=1.7190%; std=1.5793
 -- Sample 1: mean=1.5682%; std=1.4343
 -- Sample 2: mean=2.3511%; std=2.0915
 -- Sample 3: mean=1.6903%; std=1.5934
 -- Sample 4: mean=1.7649%; std=1.4350
 -- Sample 5: mean=1.5705%; std=1.3265
 -- Sample 6: mean=1.6846%; std=1.3769
 -- Sample 7: mean=1.4464%; std=1.3075
 -- Sample 8: mean=1.1399%; std=1.4647
 -- Sample 9: mean=1.2494%; std=1.6340
 -- Sample 10: mean=1.2016%; std=1.4986
 -- Sample 11: mean=1.1288%; std=1.4539
 -- Sample 12: mean=2.0874%; std=1.5028
 -- Sample 13: mean=2.2103%; std=1.6088
 -- Sample 14: mean=1.8113%; std=1.2358
 -- Sample 15: mean=1.7750%; std=1.5453
 -- Sample 16: mean=1.9722%; std=1.4888
 -- Sample 17: mean=1.6722%; std=1.2603
 -- Sample 18: mean=1.9967%; std=1.4290
 -- Sample 19: mean=1.8769%; std=1.3634
 -- Sample 20: mean=1.2178%; std=1.2618
 -- Sample 21: mean=1.3213%; std=1.2962
 -- Sample 22: mean=1.2745%; std=1.3403
 -- Sample 23: mean=1.3715%; std=1.3947
 -- Sample 24: mean=1.5802%; std=1.6464
 -- Sample 25: mean=1.8061%; std=1.7678
 -- Sample 26: mean=1.6378%; std=1.6966
 -- Sample 27: mean=1.4531%; std=1.5375
 -- Sample 28: mean=2.5279%; std=2.8187
 -- Sample 29: mean=2.5381%; std=2.8747
 -- Sample 30: mean=2.3642%; std=2.6626
 -- Sample 31: mean=2.6627%; std=3.0345
 -- Sample 32: mean=1.1333%; std=1.1371
 -- Sample 33: mean=1.0001%; std=1.1065
 -- Sample 34: mean=1.0842%; std=1.1668
 -- Sample 35: mean=1.2025%; std=1.1764
 -- Sample 36: mean=1.2303%; std=1.4406
 -- Sample 37: mean=1.1866%; std=1.2724
 -- Sample 38: mean=1.3987%; std=1.6032
 -- Sample 39: mean=1.1178%; std=1.2777
 -- Sample 40: mean=0.9761%; std=1.3130
 -- Sample 41: mean=0.9186%; std=1.2780
 -- Sample 42: mean=0.9788%; std=1.3253
 -- Sample 43: mean=0.9088%; std=1.2824
 -- Sample 44: mean=1.3732%; std=1.5769
 -- Sample 45: mean=1.1617%; std=1.2236
 -- Sample 46: mean=1.4002%; std=1.6139
 -- Sample 47: mean=1.3972%; std=1.5470
 -- Sample 48: mean=0.8499%; std=1.1204
 -- Sample 49: mean=0.8289%; std=1.1086
Mean: 1.5164%, Std: 0.4639%
------------------------------------------------------------------
Correlation comparison:
 -- Sample 0: 0.9695
 -- Sample 1: 0.9655
 -- Sample 2: 0.9499
 -- Sample 3: 0.9662
 -- Sample 4: 0.9633
 -- Sample 5: 0.9669
 -- Sample 6: 0.9665
 -- Sample 7: 0.9691
 -- Sample 8: 0.9683
 -- Sample 9: 0.9643
 -- Sample 10: 0.9582
 -- Sample 11: 0.9588
 -- Sample 12: 0.8864
 -- Sample 13: 0.8769
 -- Sample 14: 0.9006
 -- Sample 15: 0.8913
 -- Sample 16: 0.9252
 -- Sample 17: 0.9359
 -- Sample 18: 0.9220
 -- Sample 19: 0.9256
 -- Sample 20: 0.9528
 -- Sample 21: 0.9387
 -- Sample 22: 0.9305
 -- Sample 23: 0.9563
 -- Sample 24: 0.9238
 -- Sample 25: 0.9436
 -- Sample 26: 0.9392
 -- Sample 27: 0.9281
 -- Sample 28: 0.8282
 -- Sample 29: 0.8299
 -- Sample 30: 0.8477
 -- Sample 31: 0.8127
 -- Sample 32: 0.9640
 -- Sample 33: 0.9650
 -- Sample 34: 0.9624
 -- Sample 35: 0.9650
 -- Sample 36: 0.9595
 -- Sample 37: 0.9634
 -- Sample 38: 0.9570
 -- Sample 39: 0.9628
 -- Sample 40: 0.9785
 -- Sample 41: 0.9792
 -- Sample 42: 0.9786
 -- Sample 43: 0.9799
 -- Sample 44: 0.9545
 -- Sample 45: 0.9543
 -- Sample 46: 0.9488
 -- Sample 47: 0.9489
 -- Sample 48: 0.9728
 -- Sample 49: 0.9794
Mean=0.9407, Std=0.0406
------------------------------------------------------------------
Processing Batch 6 (Size: 14)...
input shape:  torch.Size([14, 1, 120, 120, 120])
output shape:  torch.Size([14, 1, 120, 120, 120])
target shape:  torch.Size([14, 1, 120, 120, 120])
torch.Size([14, 1, 120, 120, 120])
Bias Error: using Single Component
Mean: 0.7786, Std: 0.5906
------------------------------------------------------------------
Magnitude Error: 
 -- Sample 0: mean=0.8550%; std=1.1069
 -- Sample 1: mean=0.8923%; std=1.1188
 -- Sample 2: mean=1.4645%; std=1.4070
 -- Sample 3: mean=1.2502%; std=1.3525
 -- Sample 4: mean=1.1526%; std=1.2326
 -- Sample 5: mean=1.5760%; std=1.5662
 -- Sample 6: mean=1.5778%; std=1.8074
 -- Sample 7: mean=1.7302%; std=1.8612
 -- Sample 8: mean=1.5645%; std=1.6483
 -- Sample 9: mean=1.3403%; std=1.4539
 -- Sample 10: mean=3.1911%; std=2.0453
 -- Sample 11: mean=2.8717%; std=1.7186
 -- Sample 12: mean=2.7237%; std=1.7437
 -- Sample 13: mean=3.4779%; std=1.8518
Mean: 1.8334%, Std: 0.8306%
------------------------------------------------------------------
Correlation comparison:
 -- Sample 0: 0.9760
 -- Sample 1: 0.9774
 -- Sample 2: 0.9344
 -- Sample 3: 0.9449
 -- Sample 4: 0.9573
 -- Sample 5: 0.9233
 -- Sample 6: 0.9516
 -- Sample 7: 0.9392
 -- Sample 8: 0.9491
 -- Sample 9: 0.9549
 -- Sample 10: 0.8969
 -- Sample 11: 0.9137
 -- Sample 12: 0.9171
 -- Sample 13: 0.8986
Mean=0.9382, Std=0.0247
------------------------------------------------------------------

-----------------------------------------------------


========================================================================================================================



  Leopard  results:


Loading data...
Testing model:   Ko et. al (Etapa 3)
Processing Batch 1 (Size: 50)...
input shape:  torch.Size([50, 1, 120, 120, 120])
output shape:  torch.Size([50, 1, 120, 120, 120])
target shape:  torch.Size([50, 1, 120, 120, 120])
torch.Size([50, 1, 120, 120, 120])
Bias Error: using Single Component
Mean: 1.0286, Std: 0.9059
------------------------------------------------------------------
Magnitude Error: 
 -- Sample 0: mean=1.7300%; std=2.2149
 -- Sample 1: mean=1.6569%; std=2.1572
 -- Sample 2: mean=1.6587%; std=2.1484
 -- Sample 3: mean=1.7024%; std=2.1677
 -- Sample 4: mean=1.6292%; std=1.3962
 -- Sample 5: mean=1.8406%; std=1.6018
 -- Sample 6: mean=1.6260%; std=1.3746
 -- Sample 7: mean=1.3758%; std=1.2815
 -- Sample 8: mean=1.3886%; std=1.3933
 -- Sample 9: mean=0.9633%; std=1.2604
 -- Sample 10: mean=1.2630%; std=1.3638
 -- Sample 11: mean=1.4043%; std=1.4402
 -- Sample 12: mean=0.8869%; std=1.1391
 -- Sample 13: mean=0.8428%; std=1.0412
 -- Sample 14: mean=0.8344%; std=1.0772
 -- Sample 15: mean=0.9593%; std=1.1301
 -- Sample 16: mean=1.3133%; std=1.3592
 -- Sample 17: mean=1.4049%; std=1.3710
 -- Sample 18: mean=1.1925%; std=1.2734
 -- Sample 19: mean=1.3595%; std=1.3640
 -- Sample 20: mean=1.4673%; std=1.7179
 -- Sample 21: mean=1.3989%; std=1.7995
 -- Sample 22: mean=1.7580%; std=2.0193
 -- Sample 23: mean=1.2881%; std=1.7416
 -- Sample 24: mean=2.2384%; std=1.5344
 -- Sample 25: mean=2.1150%; std=1.5087
 -- Sample 26: mean=1.2249%; std=1.2480
 -- Sample 27: mean=3.1611%; std=2.2747
 -- Sample 28: mean=2.4894%; std=2.1525
 -- Sample 29: mean=2.0732%; std=2.1009
 -- Sample 30: mean=2.2301%; std=2.2708
 -- Sample 31: mean=2.3640%; std=2.2706
 -- Sample 32: mean=3.0124%; std=1.9431
 -- Sample 33: mean=3.3091%; std=1.8491
 -- Sample 34: mean=2.7502%; std=1.8397
 -- Sample 35: mean=2.6711%; std=1.8820
 -- Sample 36: mean=1.3264%; std=1.5490
 -- Sample 37: mean=1.2174%; std=1.4603
 -- Sample 38: mean=1.2230%; std=1.4952
 -- Sample 39: mean=1.2960%; std=1.4803
 -- Sample 40: mean=1.5730%; std=1.2165
 -- Sample 41: mean=1.4898%; std=1.2385
 -- Sample 42: mean=1.5670%; std=1.2436
 -- Sample 43: mean=1.5459%; std=1.2706
 -- Sample 44: mean=1.6674%; std=1.3262
 -- Sample 45: mean=1.5877%; std=1.2256
 -- Sample 46: mean=1.7164%; std=1.3473
 -- Sample 47: mean=1.8362%; std=1.2805
 -- Sample 48: mean=1.3050%; std=1.4485
 -- Sample 49: mean=1.5184%; std=1.5705
Mean: 1.6691%, Std: 0.5724%
------------------------------------------------------------------
Correlation comparison:
 -- Sample 0: 0.9603
 -- Sample 1: 0.9571
 -- Sample 2: 0.9593
 -- Sample 3: 0.9598
 -- Sample 4: 0.9545
 -- Sample 5: 0.9486
 -- Sample 6: 0.9537
 -- Sample 7: 0.9619
 -- Sample 8: 0.9757
 -- Sample 9: 0.9793
 -- Sample 10: 0.9736
 -- Sample 11: 0.9727
 -- Sample 12: 0.9777
 -- Sample 13: 0.9779
 -- Sample 14: 0.9746
 -- Sample 15: 0.9771
 -- Sample 16: 0.9609
 -- Sample 17: 0.9461
 -- Sample 18: 0.9495
 -- Sample 19: 0.9586
 -- Sample 20: 0.9287
 -- Sample 21: 0.9352
 -- Sample 22: 0.9011
 -- Sample 23: 0.9371
 -- Sample 24: 0.8332
 -- Sample 25: 0.8027
 -- Sample 26: 0.7999
 -- Sample 27: 0.8479
 -- Sample 28: 0.9389
 -- Sample 29: 0.9457
 -- Sample 30: 0.9378
 -- Sample 31: 0.9366
 -- Sample 32: 0.9020
 -- Sample 33: 0.8951
 -- Sample 34: 0.9086
 -- Sample 35: 0.9038
 -- Sample 36: 0.9650
 -- Sample 37: 0.9641
 -- Sample 38: 0.9658
 -- Sample 39: 0.9654
 -- Sample 40: 0.9681
 -- Sample 41: 0.9639
 -- Sample 42: 0.9662
 -- Sample 43: 0.9663
 -- Sample 44: 0.9281
 -- Sample 45: 0.9371
 -- Sample 46: 0.9284
 -- Sample 47: 0.9269
 -- Sample 48: 0.9683
 -- Sample 49: 0.9657
Mean=0.9403, Std=0.0417
------------------------------------------------------------------
Processing Batch 2 (Size: 50)...
input shape:  torch.Size([50, 1, 120, 120, 120])
output shape:  torch.Size([50, 1, 120, 120, 120])
target shape:  torch.Size([50, 1, 120, 120, 120])
torch.Size([50, 1, 120, 120, 120])
Bias Error: using Single Component
Mean: 0.8096, Std: 0.8477
------------------------------------------------------------------
Magnitude Error: 
 -- Sample 0: mean=1.3351%; std=1.4873
 -- Sample 1: mean=1.1630%; std=1.3663
 -- Sample 2: mean=2.6927%; std=2.3282
 -- Sample 3: mean=2.3871%; std=2.1949
 -- Sample 4: mean=2.5987%; std=2.5644
 -- Sample 5: mean=2.6738%; std=2.3107
 -- Sample 6: mean=0.7754%; std=1.2328
 -- Sample 7: mean=0.7890%; std=1.2380
 -- Sample 8: mean=0.7796%; std=1.2315
 -- Sample 9: mean=0.7931%; std=1.2520
 -- Sample 10: mean=0.8532%; std=1.1360
 -- Sample 11: mean=0.9317%; std=1.1438
 -- Sample 12: mean=0.9772%; std=1.2259
 -- Sample 13: mean=0.9504%; std=1.1748
 -- Sample 14: mean=1.2375%; std=1.1126
 -- Sample 15: mean=1.5801%; std=1.3204
 -- Sample 16: mean=1.7029%; std=1.3390
 -- Sample 17: mean=1.4896%; std=1.2710
 -- Sample 18: mean=1.0133%; std=1.4314
 -- Sample 19: mean=1.0322%; std=1.3986
 -- Sample 20: mean=1.1010%; std=1.4742
 -- Sample 21: mean=0.9961%; std=1.4207
 -- Sample 22: mean=1.1340%; std=1.3691
 -- Sample 23: mean=1.0956%; std=1.3592
 -- Sample 24: mean=1.1577%; std=1.3810
 -- Sample 25: mean=1.0956%; std=1.3679
 -- Sample 26: mean=1.2351%; std=1.4986
 -- Sample 27: mean=1.0667%; std=1.3856
 -- Sample 28: mean=1.1657%; std=1.4425
 -- Sample 29: mean=1.2051%; std=1.4659
 -- Sample 30: mean=3.4206%; std=2.9907
 -- Sample 31: mean=1.8202%; std=1.7238
 -- Sample 32: mean=2.0800%; std=1.8228
 -- Sample 33: mean=3.3019%; std=2.8428
 -- Sample 34: mean=5.2977%; std=3.3021
 -- Sample 35: mean=5.4486%; std=3.2779
 -- Sample 36: mean=4.5453%; std=2.8377
 -- Sample 37: mean=4.6486%; std=3.0802
 -- Sample 38: mean=1.4922%; std=1.8666
 -- Sample 39: mean=1.4402%; std=1.6975
 -- Sample 40: mean=1.4178%; std=1.7656
 -- Sample 41: mean=1.4505%; std=1.6651
 -- Sample 42: mean=2.1619%; std=1.8647
 -- Sample 43: mean=2.3317%; std=1.9557
 -- Sample 44: mean=2.1238%; std=1.9989
 -- Sample 45: mean=2.2169%; std=1.7842
 -- Sample 46: mean=1.6378%; std=1.4769
 -- Sample 47: mean=2.0164%; std=1.5769
 -- Sample 48: mean=2.1202%; std=1.6341
 -- Sample 49: mean=1.5009%; std=1.4307
Mean: 1.8296%, Std: 1.1330%
------------------------------------------------------------------
Correlation comparison:
 -- Sample 0: 0.9728
 -- Sample 1: 0.9718
 -- Sample 2: 0.9304
 -- Sample 3: 0.9389
 -- Sample 4: 0.9273
 -- Sample 5: 0.9285
 -- Sample 6: 0.9648
 -- Sample 7: 0.9615
 -- Sample 8: 0.9550
 -- Sample 9: 0.9625
 -- Sample 10: 0.9793
 -- Sample 11: 0.9774
 -- Sample 12: 0.9752
 -- Sample 13: 0.9739
 -- Sample 14: 0.9296
 -- Sample 15: 0.9069
 -- Sample 16: 0.9087
 -- Sample 17: 0.9172
 -- Sample 18: 0.9779
 -- Sample 19: 0.9784
 -- Sample 20: 0.9764
 -- Sample 21: 0.9780
 -- Sample 22: 0.9710
 -- Sample 23: 0.9691
 -- Sample 24: 0.9668
 -- Sample 25: 0.9696
 -- Sample 26: 0.9835
 -- Sample 27: 0.9855
 -- Sample 28: 0.9845
 -- Sample 29: 0.9835
 -- Sample 30: 0.9034
 -- Sample 31: 0.9511
 -- Sample 32: 0.9497
 -- Sample 33: 0.9068
 -- Sample 34: 0.8060
 -- Sample 35: 0.8093
 -- Sample 36: 0.8596
 -- Sample 37: 0.8464
 -- Sample 38: 0.9746
 -- Sample 39: 0.9752
 -- Sample 40: 0.9736
 -- Sample 41: 0.9752
 -- Sample 42: 0.9527
 -- Sample 43: 0.9483
 -- Sample 44: 0.9486
 -- Sample 45: 0.9537
 -- Sample 46: 0.9698
 -- Sample 47: 0.9628
 -- Sample 48: 0.9600
 -- Sample 49: 0.9626
Mean=0.9479, Std=0.0416
------------------------------------------------------------------
Processing Batch 3 (Size: 50)...
input shape:  torch.Size([50, 1, 120, 120, 120])
output shape:  torch.Size([50, 1, 120, 120, 120])
target shape:  torch.Size([50, 1, 120, 120, 120])
torch.Size([50, 1, 120, 120, 120])
Bias Error: using Single Component
Mean: 1.1838, Std: 1.0216
------------------------------------------------------------------
Magnitude Error: 
 -- Sample 0: mean=1.4424%; std=1.3285
 -- Sample 1: mean=1.2394%; std=1.2980
 -- Sample 2: mean=1.4929%; std=1.4507
 -- Sample 3: mean=1.6226%; std=1.3745
 -- Sample 4: mean=4.2335%; std=2.1138
 -- Sample 5: mean=4.2566%; std=2.0405
 -- Sample 6: mean=4.3678%; std=2.4718
 -- Sample 7: mean=4.6227%; std=2.2101
 -- Sample 8: mean=1.3412%; std=1.0951
 -- Sample 9: mean=1.5749%; std=1.3204
 -- Sample 10: mean=1.5194%; std=1.3065
 -- Sample 11: mean=1.4487%; std=1.2508
 -- Sample 12: mean=1.5796%; std=1.1653
 -- Sample 13: mean=1.4524%; std=1.2363
 -- Sample 14: mean=1.3181%; std=1.1520
 -- Sample 15: mean=1.4559%; std=1.2320
 -- Sample 16: mean=1.7412%; std=1.6912
 -- Sample 17: mean=1.4592%; std=1.3654
 -- Sample 18: mean=1.4177%; std=1.3686
 -- Sample 19: mean=1.6833%; std=1.6307
 -- Sample 20: mean=1.0789%; std=1.5256
 -- Sample 21: mean=1.0283%; std=1.4334
 -- Sample 22: mean=0.9853%; std=1.4561
 -- Sample 23: mean=1.0998%; std=1.6193
 -- Sample 24: mean=1.1269%; std=1.4470
 -- Sample 25: mean=1.1302%; std=1.4476
 -- Sample 26: mean=1.1269%; std=1.4368
 -- Sample 27: mean=1.1748%; std=1.4612
 -- Sample 28: mean=4.0585%; std=1.7591
 -- Sample 29: mean=4.3416%; std=1.7772
 -- Sample 30: mean=4.1703%; std=1.9010
 -- Sample 31: mean=3.8220%; std=1.8714
 -- Sample 32: mean=3.1021%; std=2.6392
 -- Sample 33: mean=3.2646%; std=2.4932
 -- Sample 34: mean=3.0244%; std=2.4461
 -- Sample 35: mean=3.0528%; std=2.4184
 -- Sample 36: mean=1.2702%; std=1.4339
 -- Sample 37: mean=1.1582%; std=1.3814
 -- Sample 38: mean=1.1127%; std=1.3475
 -- Sample 39: mean=1.1036%; std=1.4007
 -- Sample 40: mean=1.3205%; std=1.6781
 -- Sample 41: mean=1.3324%; std=1.7307
 -- Sample 42: mean=1.4045%; std=1.7640
 -- Sample 43: mean=1.3781%; std=1.6847
 -- Sample 44: mean=1.1542%; std=1.2481
 -- Sample 45: mean=1.1418%; std=1.2499
 -- Sample 46: mean=1.1538%; std=1.3072
 -- Sample 47: mean=1.3169%; std=1.3482
 -- Sample 48: mean=1.0700%; std=1.4235
 -- Sample 49: mean=0.8958%; std=1.2387
Mean: 1.9134%, Std: 1.1418%
------------------------------------------------------------------
Correlation comparison:
 -- Sample 0: 0.9260
 -- Sample 1: 0.9378
 -- Sample 2: 0.9268
 -- Sample 3: 0.9270
 -- Sample 4: 0.8180
 -- Sample 5: 0.8227
 -- Sample 6: 0.7779
 -- Sample 7: 0.7978
 -- Sample 8: 0.9755
 -- Sample 9: 0.9674
 -- Sample 10: 0.9695
 -- Sample 11: 0.9744
 -- Sample 12: 0.9628
 -- Sample 13: 0.9631
 -- Sample 14: 0.9685
 -- Sample 15: 0.9694
 -- Sample 16: 0.9616
 -- Sample 17: 0.9697
 -- Sample 18: 0.9626
 -- Sample 19: 0.9609
 -- Sample 20: 0.9676
 -- Sample 21: 0.9694
 -- Sample 22: 0.9648
 -- Sample 23: 0.9628
 -- Sample 24: 0.9790
 -- Sample 25: 0.9796
 -- Sample 26: 0.9798
 -- Sample 27: 0.9798
 -- Sample 28: 0.9424
 -- Sample 29: 0.9391
 -- Sample 30: 0.9323
 -- Sample 31: 0.9364
 -- Sample 32: 0.8643
 -- Sample 33: 0.8656
 -- Sample 34: 0.8748
 -- Sample 35: 0.8733
 -- Sample 36: 0.9229
 -- Sample 37: 0.9373
 -- Sample 38: 0.9498
 -- Sample 39: 0.9379
 -- Sample 40: 0.9441
 -- Sample 41: 0.9436
 -- Sample 42: 0.9496
 -- Sample 43: 0.9475
 -- Sample 44: 0.9605
 -- Sample 45: 0.9645
 -- Sample 46: 0.9636
 -- Sample 47: 0.9521
 -- Sample 48: 0.9787
 -- Sample 49: 0.9804
Mean=0.9377, Std=0.0488
------------------------------------------------------------------
Processing Batch 4 (Size: 50)...
input shape:  torch.Size([50, 1, 120, 120, 120])
output shape:  torch.Size([50, 1, 120, 120, 120])
target shape:  torch.Size([50, 1, 120, 120, 120])
torch.Size([50, 1, 120, 120, 120])
Bias Error: using Single Component
Mean: 1.7425, Std: 1.8929
------------------------------------------------------------------
Magnitude Error: 
 -- Sample 0: mean=0.9500%; std=1.2773
 -- Sample 1: mean=1.0849%; std=1.4309
 -- Sample 2: mean=2.3718%; std=1.9170
 -- Sample 3: mean=2.7690%; std=2.4506
 -- Sample 4: mean=2.0440%; std=1.8472
 -- Sample 5: mean=1.9713%; std=1.8383
 -- Sample 6: mean=1.2486%; std=1.4743
 -- Sample 7: mean=1.2563%; std=1.4435
 -- Sample 8: mean=1.2220%; std=1.4514
 -- Sample 9: mean=1.3307%; std=1.5061
 -- Sample 10: mean=2.5800%; std=1.9144
 -- Sample 11: mean=2.4313%; std=2.2547
 -- Sample 12: mean=2.8000%; std=2.3856
 -- Sample 13: mean=2.4344%; std=1.9551
 -- Sample 14: mean=1.2148%; std=1.4333
 -- Sample 15: mean=1.1662%; std=1.4028
 -- Sample 16: mean=1.2340%; std=1.5563
 -- Sample 17: mean=1.2315%; std=1.4888
 -- Sample 18: mean=2.6736%; std=1.8835
 -- Sample 19: mean=3.4324%; std=2.1233
 -- Sample 20: mean=3.5737%; std=1.9856
 -- Sample 21: mean=2.3549%; std=1.9094
 -- Sample 22: mean=2.8552%; std=3.2785
 -- Sample 23: mean=2.7467%; std=3.0025
 -- Sample 24: mean=2.8580%; std=3.2766
 -- Sample 25: mean=2.9631%; std=3.3861
 -- Sample 26: mean=0.7850%; std=1.2085
 -- Sample 27: mean=0.8119%; std=1.2196
 -- Sample 28: mean=0.8114%; std=1.2146
 -- Sample 29: mean=0.8457%; std=1.2438
 -- Sample 30: mean=1.0798%; std=1.4108
 -- Sample 31: mean=1.0450%; std=1.3538
 -- Sample 32: mean=0.9677%; std=1.3096
 -- Sample 33: mean=1.0214%; std=1.3210
 -- Sample 34: mean=1.1513%; std=1.2609
 -- Sample 35: mean=1.3601%; std=1.3864
 -- Sample 36: mean=1.2135%; std=1.3069
 -- Sample 37: mean=1.2417%; std=1.3743
 -- Sample 38: mean=0.8603%; std=1.2157
 -- Sample 39: mean=0.8478%; std=1.2228
 -- Sample 40: mean=0.8321%; std=1.2240
 -- Sample 41: mean=0.8661%; std=1.2298
 -- Sample 42: mean=2.9657%; std=2.7924
 -- Sample 43: mean=3.4335%; std=3.5721
 -- Sample 44: mean=3.4973%; std=3.4683
 -- Sample 45: mean=3.0017%; std=2.8591
 -- Sample 46: mean=6.5003%; std=3.6227
 -- Sample 47: mean=6.6228%; std=3.7613
 -- Sample 48: mean=6.1927%; std=3.4121
 -- Sample 49: mean=6.4827%; std=3.6444
Mean: 2.1847%, Std: 1.5335%
------------------------------------------------------------------
Correlation comparison:
 -- Sample 0: 0.9797
 -- Sample 1: 0.9776
 -- Sample 2: 0.5253
 -- Sample 3: 0.4895
 -- Sample 4: 0.5367
 -- Sample 5: 0.5373
 -- Sample 6: 0.9443
 -- Sample 7: 0.9414
 -- Sample 8: 0.9560
 -- Sample 9: 0.9507
 -- Sample 10: 0.9367
 -- Sample 11: 0.9274
 -- Sample 12: 0.9251
 -- Sample 13: 0.9350
 -- Sample 14: 0.9619
 -- Sample 15: 0.9666
 -- Sample 16: 0.9633
 -- Sample 17: 0.9651
 -- Sample 18: 0.9193
 -- Sample 19: 0.9152
 -- Sample 20: 0.9286
 -- Sample 21: 0.9310
 -- Sample 22: 0.8389
 -- Sample 23: 0.8525
 -- Sample 24: 0.8411
 -- Sample 25: 0.8088
 -- Sample 26: 0.9626
 -- Sample 27: 0.9663
 -- Sample 28: 0.9600
 -- Sample 29: 0.9555
 -- Sample 30: 0.9617
 -- Sample 31: 0.9616
 -- Sample 32: 0.9606
 -- Sample 33: 0.9608
 -- Sample 34: 0.9744
 -- Sample 35: 0.9724
 -- Sample 36: 0.9755
 -- Sample 37: 0.9735
 -- Sample 38: 0.9797
 -- Sample 39: 0.9777
 -- Sample 40: 0.9727
 -- Sample 41: 0.9742
 -- Sample 42: 0.8637
 -- Sample 43: 0.8002
 -- Sample 44: 0.8065
 -- Sample 45: 0.8569
 -- Sample 46: 0.1443
 -- Sample 47: 0.1382
 -- Sample 48: 0.1487
 -- Sample 49: 0.1422
Mean=0.8369, Std=0.2376
------------------------------------------------------------------
Processing Batch 5 (Size: 50)...
input shape:  torch.Size([50, 1, 120, 120, 120])
output shape:  torch.Size([50, 1, 120, 120, 120])
target shape:  torch.Size([50, 1, 120, 120, 120])
torch.Size([50, 1, 120, 120, 120])
Bias Error: using Single Component
Mean: 1.0022, Std: 0.6945
------------------------------------------------------------------
Magnitude Error: 
 -- Sample 0: mean=0.9049%; std=1.1460
 -- Sample 1: mean=0.9043%; std=1.1630
 -- Sample 2: mean=0.8950%; std=1.1918
 -- Sample 3: mean=0.8634%; std=1.1520
 -- Sample 4: mean=3.0416%; std=2.9912
 -- Sample 5: mean=2.5210%; std=2.4754
 -- Sample 6: mean=2.8233%; std=2.5702
 -- Sample 7: mean=2.9318%; std=2.8030
 -- Sample 8: mean=1.6824%; std=1.6199
 -- Sample 9: mean=1.8127%; std=1.6984
 -- Sample 10: mean=1.5007%; std=1.4634
 -- Sample 11: mean=1.4348%; std=1.4399
 -- Sample 12: mean=1.3075%; std=1.5672
 -- Sample 13: mean=1.1861%; std=1.7595
 -- Sample 14: mean=1.1637%; std=1.6243
 -- Sample 15: mean=1.3248%; std=1.6034
 -- Sample 16: mean=2.7218%; std=1.9660
 -- Sample 17: mean=2.3817%; std=2.1217
 -- Sample 18: mean=2.3722%; std=1.8757
 -- Sample 19: mean=2.6568%; std=1.8074
 -- Sample 20: mean=2.7658%; std=2.2155
 -- Sample 21: mean=3.0887%; std=2.6752
 -- Sample 22: mean=2.8600%; std=2.4609
 -- Sample 23: mean=2.5715%; std=2.3860
 -- Sample 24: mean=1.7933%; std=1.9863
 -- Sample 25: mean=1.6937%; std=2.0378
 -- Sample 26: mean=1.9595%; std=2.2587
 -- Sample 27: mean=1.9785%; std=2.0225
 -- Sample 28: mean=1.7368%; std=1.6875
 -- Sample 29: mean=1.8082%; std=1.7480
 -- Sample 30: mean=1.8424%; std=1.7766
 -- Sample 31: mean=1.8304%; std=1.7455
 -- Sample 32: mean=2.8717%; std=2.3832
 -- Sample 33: mean=2.3532%; std=2.0514
 -- Sample 34: mean=2.8937%; std=2.4548
 -- Sample 35: mean=3.1665%; std=2.5671
 -- Sample 36: mean=1.6486%; std=1.3403
 -- Sample 37: mean=1.8127%; std=1.3868
 -- Sample 38: mean=1.4268%; std=1.1553
 -- Sample 39: mean=1.5913%; std=1.3264
 -- Sample 40: mean=1.2134%; std=1.6974
 -- Sample 41: mean=1.1652%; std=1.6501
 -- Sample 42: mean=1.2284%; std=1.7330
 -- Sample 43: mean=1.2303%; std=1.7253
 -- Sample 44: mean=1.6030%; std=1.7911
 -- Sample 45: mean=1.5547%; std=1.7819
 -- Sample 46: mean=1.5474%; std=1.7760
 -- Sample 47: mean=1.5956%; std=1.7386
 -- Sample 48: mean=1.8752%; std=2.0320
 -- Sample 49: mean=1.8235%; std=1.9964
Mean: 1.8992%, Std: 0.6581%
------------------------------------------------------------------
Correlation comparison:
 -- Sample 0: 0.9797
 -- Sample 1: 0.9777
 -- Sample 2: 0.9788
 -- Sample 3: 0.9797
 -- Sample 4: 0.8935
 -- Sample 5: 0.9180
 -- Sample 6: 0.9092
 -- Sample 7: 0.9116
 -- Sample 8: 0.9545
 -- Sample 9: 0.9466
 -- Sample 10: 0.9602
 -- Sample 11: 0.9638
 -- Sample 12: 0.9471
 -- Sample 13: 0.9254
 -- Sample 14: 0.9373
 -- Sample 15: 0.9424
 -- Sample 16: 0.9318
 -- Sample 17: 0.9420
 -- Sample 18: 0.9507
 -- Sample 19: 0.9431
 -- Sample 20: 0.8196
 -- Sample 21: 0.7977
 -- Sample 22: 0.8236
 -- Sample 23: 0.8322
 -- Sample 24: 0.9442
 -- Sample 25: 0.9429
 -- Sample 26: 0.9345
 -- Sample 27: 0.9424
 -- Sample 28: 0.9780
 -- Sample 29: 0.9764
 -- Sample 30: 0.9778
 -- Sample 31: 0.9770
 -- Sample 32: 0.8757
 -- Sample 33: 0.9098
 -- Sample 34: 0.8694
 -- Sample 35: 0.8622
 -- Sample 36: 0.9445
 -- Sample 37: 0.9359
 -- Sample 38: 0.9560
 -- Sample 39: 0.9466
 -- Sample 40: 0.9823
 -- Sample 41: 0.9832
 -- Sample 42: 0.9811
 -- Sample 43: 0.9826
 -- Sample 44: 0.9617
 -- Sample 45: 0.9633
 -- Sample 46: 0.9607
 -- Sample 47: 0.9586
 -- Sample 48: 0.9311
 -- Sample 49: 0.9343
Mean=0.9356, Std=0.0452
------------------------------------------------------------------
Processing Batch 6 (Size: 50)...
input shape:  torch.Size([50, 1, 120, 120, 120])
output shape:  torch.Size([50, 1, 120, 120, 120])
target shape:  torch.Size([50, 1, 120, 120, 120])
torch.Size([50, 1, 120, 120, 120])
Bias Error: using Single Component
Mean: 1.5461, Std: 0.9128
------------------------------------------------------------------
Magnitude Error: 
 -- Sample 0: mean=1.7136%; std=1.9739
 -- Sample 1: mean=1.4811%; std=1.7702
 -- Sample 2: mean=2.1689%; std=1.5609
 -- Sample 3: mean=2.3191%; std=1.5488
 -- Sample 4: mean=2.0671%; std=1.4843
 -- Sample 5: mean=2.3362%; std=1.6043
 -- Sample 6: mean=3.9962%; std=3.8186
 -- Sample 7: mean=4.2840%; std=3.8072
 -- Sample 8: mean=3.8222%; std=3.7974
 -- Sample 9: mean=4.2517%; std=3.6580
 -- Sample 10: mean=1.4311%; std=1.4143
 -- Sample 11: mean=1.1038%; std=1.2246
 -- Sample 12: mean=1.1895%; std=1.2394
 -- Sample 13: mean=1.5469%; std=1.4341
 -- Sample 14: mean=0.9965%; std=1.4656
 -- Sample 15: mean=0.9464%; std=1.3293
 -- Sample 16: mean=1.0489%; std=1.4906
 -- Sample 17: mean=0.9438%; std=1.3654
 -- Sample 18: mean=0.9210%; std=1.6309
 -- Sample 19: mean=0.8444%; std=1.4331
 -- Sample 20: mean=0.8872%; std=1.5650
 -- Sample 21: mean=0.9756%; std=1.7372
 -- Sample 22: mean=2.9322%; std=2.7747
 -- Sample 23: mean=3.3823%; std=3.1047
 -- Sample 24: mean=3.0344%; std=2.8996
 -- Sample 25: mean=3.0831%; std=2.9340
 -- Sample 26: mean=1.7900%; std=1.4923
 -- Sample 27: mean=1.9662%; std=1.5539
 -- Sample 28: mean=1.6358%; std=1.3977
 -- Sample 29: mean=1.7640%; std=1.5428
 -- Sample 30: mean=2.7425%; std=1.6745
 -- Sample 31: mean=2.0803%; std=1.5476
 -- Sample 32: mean=2.0687%; std=1.6962
 -- Sample 33: mean=2.0778%; std=1.4438
 -- Sample 34: mean=2.3685%; std=1.7142
 -- Sample 35: mean=4.3049%; std=2.7732
 -- Sample 36: mean=4.3148%; std=3.0514
 -- Sample 37: mean=2.3617%; std=1.7906
 -- Sample 38: mean=4.9188%; std=2.7058
 -- Sample 39: mean=4.2973%; std=2.4504
 -- Sample 40: mean=4.2964%; std=2.4125
 -- Sample 41: mean=4.3517%; std=2.5120
 -- Sample 42: mean=2.9129%; std=2.0416
 -- Sample 43: mean=3.5412%; std=2.4049
 -- Sample 44: mean=3.0468%; std=2.1985
 -- Sample 45: mean=3.2951%; std=2.4819
 -- Sample 46: mean=1.5566%; std=1.6311
 -- Sample 47: mean=1.9243%; std=1.8289
 -- Sample 48: mean=1.9561%; std=1.9500
 -- Sample 49: mean=2.1234%; std=2.0086
Mean: 2.4281%, Std: 1.1620%
------------------------------------------------------------------
Correlation comparison:
 -- Sample 0: 0.9361
 -- Sample 1: 0.9475
 -- Sample 2: 0.9055
 -- Sample 3: 0.9028
 -- Sample 4: 0.9146
 -- Sample 5: 0.8994
 -- Sample 6: 0.4867
 -- Sample 7: 0.4891
 -- Sample 8: 0.5010
 -- Sample 9: 0.4583
 -- Sample 10: 0.9712
 -- Sample 11: 0.9755
 -- Sample 12: 0.9749
 -- Sample 13: 0.9704
 -- Sample 14: 0.9664
 -- Sample 15: 0.9664
 -- Sample 16: 0.9680
 -- Sample 17: 0.9685
 -- Sample 18: 0.9312
 -- Sample 19: 0.9324
 -- Sample 20: 0.9138
 -- Sample 21: 0.9232
 -- Sample 22: 0.9204
 -- Sample 23: 0.8981
 -- Sample 24: 0.9135
 -- Sample 25: 0.9130
 -- Sample 26: 0.9394
 -- Sample 27: 0.9277
 -- Sample 28: 0.9386
 -- Sample 29: 0.9365
 -- Sample 30: 0.9148
 -- Sample 31: 0.9175
 -- Sample 32: 0.9082
 -- Sample 33: 0.9360
 -- Sample 34: 0.9537
 -- Sample 35: 0.9073
 -- Sample 36: 0.8989
 -- Sample 37: 0.9509
 -- Sample 38: 0.8617
 -- Sample 39: 0.8917
 -- Sample 40: 0.8925
 -- Sample 41: 0.8858
 -- Sample 42: 0.8910
 -- Sample 43: 0.8674
 -- Sample 44: 0.8831
 -- Sample 45: 0.8559
 -- Sample 46: 0.9458
 -- Sample 47: 0.9588
 -- Sample 48: 0.9472
 -- Sample 49: 0.9419
Mean=0.8900, Std=0.1235
------------------------------------------------------------------
Processing Batch 7 (Size: 50)...
input shape:  torch.Size([50, 1, 120, 120, 120])
output shape:  torch.Size([50, 1, 120, 120, 120])
target shape:  torch.Size([50, 1, 120, 120, 120])
torch.Size([50, 1, 120, 120, 120])
Bias Error: using Single Component
Mean: 0.7437, Std: 0.7522
------------------------------------------------------------------
Magnitude Error: 
 -- Sample 0: mean=1.8885%; std=1.6642
 -- Sample 1: mean=1.8990%; std=1.6815
 -- Sample 2: mean=1.9390%; std=1.7584
 -- Sample 3: mean=1.8575%; std=1.6009
 -- Sample 4: mean=1.0666%; std=1.4141
 -- Sample 5: mean=1.1233%; std=1.4344
 -- Sample 6: mean=1.0897%; std=1.4126
 -- Sample 7: mean=1.0443%; std=1.3856
 -- Sample 8: mean=2.3159%; std=1.7512
 -- Sample 9: mean=2.1963%; std=1.6046
 -- Sample 10: mean=2.3352%; std=1.6540
 -- Sample 11: mean=2.3213%; std=1.6706
 -- Sample 12: mean=1.1029%; std=1.3105
 -- Sample 13: mean=0.9700%; std=1.2389
 -- Sample 14: mean=1.0215%; std=1.2865
 -- Sample 15: mean=1.0199%; std=1.3213
 -- Sample 16: mean=1.9595%; std=2.4120
 -- Sample 17: mean=2.1967%; std=2.4350
 -- Sample 18: mean=1.9902%; std=2.5000
 -- Sample 19: mean=2.0219%; std=2.5023
 -- Sample 20: mean=1.7111%; std=1.5271
 -- Sample 21: mean=1.4511%; std=1.4190
 -- Sample 22: mean=1.4886%; std=1.4761
 -- Sample 23: mean=1.7014%; std=1.5489
 -- Sample 24: mean=0.9641%; std=1.3768
 -- Sample 25: mean=0.9475%; std=1.3700
 -- Sample 26: mean=0.9797%; std=1.3609
 -- Sample 27: mean=0.9660%; std=1.3685
 -- Sample 28: mean=3.0245%; std=1.9961
 -- Sample 29: mean=3.7923%; std=2.4104
 -- Sample 30: mean=3.6236%; std=2.3584
 -- Sample 31: mean=3.8597%; std=2.4223
 -- Sample 32: mean=1.9207%; std=2.2086
 -- Sample 33: mean=1.8188%; std=2.0842
 -- Sample 34: mean=1.9617%; std=2.1857
 -- Sample 35: mean=2.0483%; std=2.2825
 -- Sample 36: mean=1.5880%; std=2.3149
 -- Sample 37: mean=1.4756%; std=2.1681
 -- Sample 38: mean=1.5461%; std=2.4988
 -- Sample 39: mean=1.5891%; std=2.4006
 -- Sample 40: mean=2.5572%; std=1.9253
 -- Sample 41: mean=2.6339%; std=1.6706
 -- Sample 42: mean=2.6075%; std=1.6535
 -- Sample 43: mean=1.9588%; std=1.4263
 -- Sample 44: mean=1.6861%; std=1.4541
 -- Sample 45: mean=1.7582%; std=1.5520
 -- Sample 46: mean=1.7155%; std=1.6506
 -- Sample 47: mean=1.7748%; std=1.4306
 -- Sample 48: mean=1.6480%; std=1.7188
 -- Sample 49: mean=2.1462%; std=1.8103
Mean: 1.8461%, Std: 0.6955%
------------------------------------------------------------------
Correlation comparison:
 -- Sample 0: 0.9511
 -- Sample 1: 0.9447
 -- Sample 2: 0.9513
 -- Sample 3: 0.9542
 -- Sample 4: 0.9809
 -- Sample 5: 0.9794
 -- Sample 6: 0.9806
 -- Sample 7: 0.9800
 -- Sample 8: 0.9133
 -- Sample 9: 0.9113
 -- Sample 10: 0.9069
 -- Sample 11: 0.8954
 -- Sample 12: 0.9574
 -- Sample 13: 0.9625
 -- Sample 14: 0.9617
 -- Sample 15: 0.9626
 -- Sample 16: 0.8910
 -- Sample 17: 0.8583
 -- Sample 18: 0.8984
 -- Sample 19: 0.8641
 -- Sample 20: 0.9640
 -- Sample 21: 0.9683
 -- Sample 22: 0.9678
 -- Sample 23: 0.9628
 -- Sample 24: 0.9292
 -- Sample 25: 0.9432
 -- Sample 26: 0.9422
 -- Sample 27: 0.9423
 -- Sample 28: 0.9035
 -- Sample 29: 0.8896
 -- Sample 30: 0.8858
 -- Sample 31: 0.8980
 -- Sample 32: 0.9278
 -- Sample 33: 0.9276
 -- Sample 34: 0.9224
 -- Sample 35: 0.9168
 -- Sample 36: 0.9572
 -- Sample 37: 0.9628
 -- Sample 38: 0.9568
 -- Sample 39: 0.9535
 -- Sample 40: 0.9113
 -- Sample 41: 0.9162
 -- Sample 42: 0.9129
 -- Sample 43: 0.9233
 -- Sample 44: 0.9632
 -- Sample 45: 0.9605
 -- Sample 46: 0.9581
 -- Sample 47: 0.9610
 -- Sample 48: 0.9715
 -- Sample 49: 0.9661
Mean=0.9374, Std=0.0314
------------------------------------------------------------------
Processing Batch 8 (Size: 2)...
input shape:  torch.Size([2, 1, 120, 120, 120])
output shape:  torch.Size([2, 1, 120, 120, 120])
target shape:  torch.Size([2, 1, 120, 120, 120])
torch.Size([2, 1, 120, 120, 120])
Bias Error: using Single Component
Mean: 0.2187, Std: 0.1617
------------------------------------------------------------------
Magnitude Error: 
 -- Sample 0: mean=2.6991%; std=2.0058
 -- Sample 1: mean=2.1215%; std=2.1932
Mean: 2.4103%, Std: 0.2888%
------------------------------------------------------------------
Correlation comparison:
 -- Sample 0: 0.9589
 -- Sample 1: 0.9592
Mean=0.9591, Std=0.0001
------------------------------------------------------------------

-----------------------------------------------------


========================================================================================================================



  Castle Gate  results:


Loading data...
Testing model:   Ko et. al (Etapa 3)
Processing Batch 1 (Size: 50)...
input shape:  torch.Size([50, 1, 120, 120, 120])
output shape:  torch.Size([50, 1, 120, 120, 120])
target shape:  torch.Size([50, 1, 120, 120, 120])
torch.Size([50, 1, 120, 120, 120])
Bias Error: using Single Component
Mean: 0.5859, Std: 0.3793
------------------------------------------------------------------
Magnitude Error: 
 -- Sample 0: mean=1.5175%; std=1.7318
 -- Sample 1: mean=1.4081%; std=1.5411
 -- Sample 2: mean=1.3772%; std=1.5149
 -- Sample 3: mean=1.3247%; std=1.4846
 -- Sample 4: mean=1.2354%; std=1.2302
 -- Sample 5: mean=1.4019%; std=1.2790
 -- Sample 6: mean=1.6701%; std=1.5368
 -- Sample 7: mean=1.2504%; std=1.2185
 -- Sample 8: mean=1.2339%; std=1.4830
 -- Sample 9: mean=1.3426%; std=1.5300
 -- Sample 10: mean=1.3086%; std=1.4759
 -- Sample 11: mean=1.4532%; std=1.6287
 -- Sample 12: mean=1.1106%; std=1.5457
 -- Sample 13: mean=1.1345%; std=1.6944
 -- Sample 14: mean=1.2259%; std=1.8067
 -- Sample 15: mean=1.1409%; std=1.4733
 -- Sample 16: mean=1.7725%; std=1.6714
 -- Sample 17: mean=1.7820%; std=1.5612
 -- Sample 18: mean=1.5865%; std=1.4707
 -- Sample 19: mean=1.8725%; std=1.6901
 -- Sample 20: mean=1.1417%; std=1.2679
 -- Sample 21: mean=1.1020%; std=1.1944
 -- Sample 22: mean=1.1266%; std=1.1997
 -- Sample 23: mean=1.1495%; std=1.2183
 -- Sample 24: mean=1.5601%; std=1.3804
 -- Sample 25: mean=1.5231%; std=1.4077
 -- Sample 26: mean=1.3358%; std=1.3461
 -- Sample 27: mean=1.3977%; std=1.3637
 -- Sample 28: mean=2.0957%; std=1.9097
 -- Sample 29: mean=1.9518%; std=1.8372
 -- Sample 30: mean=1.9893%; std=1.9124
 -- Sample 31: mean=1.8220%; std=1.7844
 -- Sample 32: mean=2.2666%; std=2.0208
 -- Sample 33: mean=2.1642%; std=1.8839
 -- Sample 34: mean=2.1663%; std=1.9661
 -- Sample 35: mean=2.2181%; std=1.8815
 -- Sample 36: mean=1.3762%; std=1.1132
 -- Sample 37: mean=1.5461%; std=1.1676
 -- Sample 38: mean=1.1290%; std=1.0574
 -- Sample 39: mean=1.1967%; std=1.0941
 -- Sample 40: mean=0.9705%; std=1.2113
 -- Sample 41: mean=1.0431%; std=1.2196
 -- Sample 42: mean=1.0359%; std=1.2249
 -- Sample 43: mean=0.9864%; std=1.2122
 -- Sample 44: mean=1.0459%; std=1.3293
 -- Sample 45: mean=1.1753%; std=1.3527
 -- Sample 46: mean=1.0556%; std=1.3535
 -- Sample 47: mean=0.9963%; std=1.2943
 -- Sample 48: mean=1.6375%; std=1.6575
 -- Sample 49: mean=1.6587%; std=1.5851
Mean: 1.4403%, Std: 0.3598%
------------------------------------------------------------------
Correlation comparison:
 -- Sample 0: 0.9600
 -- Sample 1: 0.9657
 -- Sample 2: 0.9653
 -- Sample 3: 0.9612
 -- Sample 4: 0.9680
 -- Sample 5: 0.9695
 -- Sample 6: 0.9650
 -- Sample 7: 0.9722
 -- Sample 8: 0.9731
 -- Sample 9: 0.9689
 -- Sample 10: 0.9704
 -- Sample 11: 0.9587
 -- Sample 12: 0.9687
 -- Sample 13: 0.9628
 -- Sample 14: 0.9546
 -- Sample 15: 0.9646
 -- Sample 16: 0.9514
 -- Sample 17: 0.9495
 -- Sample 18: 0.9559
 -- Sample 19: 0.9529
 -- Sample 20: 0.9655
 -- Sample 21: 0.9674
 -- Sample 22: 0.9663
 -- Sample 23: 0.9616
 -- Sample 24: 0.9526
 -- Sample 25: 0.9535
 -- Sample 26: 0.9520
 -- Sample 27: 0.9543
 -- Sample 28: 0.9366
 -- Sample 29: 0.9234
 -- Sample 30: 0.9240
 -- Sample 31: 0.9350
 -- Sample 32: 0.9588
 -- Sample 33: 0.9614
 -- Sample 34: 0.9627
 -- Sample 35: 0.9640
 -- Sample 36: 0.9664
 -- Sample 37: 0.9612
 -- Sample 38: 0.9722
 -- Sample 39: 0.9700
 -- Sample 40: 0.9738
 -- Sample 41: 0.9639
 -- Sample 42: 0.9671
 -- Sample 43: 0.9698
 -- Sample 44: 0.9760
 -- Sample 45: 0.9770
 -- Sample 46: 0.9650
 -- Sample 47: 0.9748
 -- Sample 48: 0.9618
 -- Sample 49: 0.9645
Mean=0.9612, Std=0.0116
------------------------------------------------------------------
Processing Batch 2 (Size: 50)...
input shape:  torch.Size([50, 1, 120, 120, 120])
output shape:  torch.Size([50, 1, 120, 120, 120])
target shape:  torch.Size([50, 1, 120, 120, 120])
torch.Size([50, 1, 120, 120, 120])
Bias Error: using Single Component
Mean: 0.7766, Std: 0.9610
------------------------------------------------------------------
Magnitude Error: 
 -- Sample 0: mean=1.6595%; std=1.6025
 -- Sample 1: mean=1.4895%; std=1.5581
 -- Sample 2: mean=1.0605%; std=1.1200
 -- Sample 3: mean=1.0935%; std=1.1467
 -- Sample 4: mean=1.1806%; std=1.2051
 -- Sample 5: mean=1.0149%; std=1.1044
 -- Sample 6: mean=1.2649%; std=1.5202
 -- Sample 7: mean=1.4374%; std=1.7143
 -- Sample 8: mean=1.4872%; std=1.7832
 -- Sample 9: mean=1.2316%; std=1.4629
 -- Sample 10: mean=3.2531%; std=2.3362
 -- Sample 11: mean=3.2076%; std=2.3646
 -- Sample 12: mean=3.1922%; std=2.2678
 -- Sample 13: mean=3.1482%; std=2.2747
 -- Sample 14: mean=1.2553%; std=1.3943
 -- Sample 15: mean=1.1460%; std=1.3132
 -- Sample 16: mean=1.1412%; std=1.3247
 -- Sample 17: mean=1.1520%; std=1.3050
 -- Sample 18: mean=1.2599%; std=1.5436
 -- Sample 19: mean=1.4210%; std=1.7442
 -- Sample 20: mean=1.4865%; std=1.7987
 -- Sample 21: mean=1.2465%; std=1.4394
 -- Sample 22: mean=1.1634%; std=1.2872
 -- Sample 23: mean=1.1461%; std=1.2553
 -- Sample 24: mean=1.1731%; std=1.2829
 -- Sample 25: mean=1.1494%; std=1.2489
 -- Sample 26: mean=1.0622%; std=1.2670
 -- Sample 27: mean=1.0755%; std=1.2068
 -- Sample 28: mean=1.2649%; std=1.3159
 -- Sample 29: mean=1.0402%; std=1.2443
 -- Sample 30: mean=3.3490%; std=2.5667
 -- Sample 31: mean=3.5449%; std=2.7673
 -- Sample 32: mean=3.8394%; std=2.9897
 -- Sample 33: mean=3.4587%; std=2.7806
 -- Sample 34: mean=1.2394%; std=1.5452
 -- Sample 35: mean=1.1584%; std=1.5080
 -- Sample 36: mean=1.2230%; std=1.5696
 -- Sample 37: mean=1.2363%; std=1.5789
 -- Sample 38: mean=1.2450%; std=1.1909
 -- Sample 39: mean=1.4186%; std=1.3067
 -- Sample 40: mean=1.3027%; std=1.2293
 -- Sample 41: mean=1.2262%; std=1.1564
 -- Sample 42: mean=0.9269%; std=1.1828
 -- Sample 43: mean=1.2731%; std=1.3507
 -- Sample 44: mean=1.0218%; std=1.2376
 -- Sample 45: mean=0.8173%; std=1.1302
 -- Sample 46: mean=1.2007%; std=1.5474
 -- Sample 47: mean=1.2042%; std=1.6218
 -- Sample 48: mean=1.1370%; std=1.5327
 -- Sample 49: mean=1.1309%; std=1.4367
Mean: 1.5571%, Std: 0.8109%
------------------------------------------------------------------
Correlation comparison:
 -- Sample 0: 0.9637
 -- Sample 1: 0.9678
 -- Sample 2: 0.9568
 -- Sample 3: 0.9426
 -- Sample 4: 0.9496
 -- Sample 5: 0.9518
 -- Sample 6: 0.9710
 -- Sample 7: 0.9680
 -- Sample 8: 0.9639
 -- Sample 9: 0.9711
 -- Sample 10: 0.8711
 -- Sample 11: 0.8660
 -- Sample 12: 0.8762
 -- Sample 13: 0.8800
 -- Sample 14: 0.9737
 -- Sample 15: 0.9739
 -- Sample 16: 0.9757
 -- Sample 17: 0.9772
 -- Sample 18: 0.9500
 -- Sample 19: 0.9452
 -- Sample 20: 0.9477
 -- Sample 21: 0.9488
 -- Sample 22: 0.9782
 -- Sample 23: 0.9759
 -- Sample 24: 0.9783
 -- Sample 25: 0.9756
 -- Sample 26: 0.9818
 -- Sample 27: 0.9834
 -- Sample 28: 0.9806
 -- Sample 29: 0.9813
 -- Sample 30: 0.8767
 -- Sample 31: 0.8606
 -- Sample 32: 0.8463
 -- Sample 33: 0.8666
 -- Sample 34: 0.9753
 -- Sample 35: 0.9756
 -- Sample 36: 0.9751
 -- Sample 37: 0.9740
 -- Sample 38: 0.9581
 -- Sample 39: 0.9603
 -- Sample 40: 0.9589
 -- Sample 41: 0.9628
 -- Sample 42: 0.9750
 -- Sample 43: 0.9692
 -- Sample 44: 0.9743
 -- Sample 45: 0.9806
 -- Sample 46: 0.9790
 -- Sample 47: 0.9779
 -- Sample 48: 0.9786
 -- Sample 49: 0.9794
Mean=0.9526, Std=0.0386
------------------------------------------------------------------
Processing Batch 3 (Size: 50)...
input shape:  torch.Size([50, 1, 120, 120, 120])
output shape:  torch.Size([50, 1, 120, 120, 120])
target shape:  torch.Size([50, 1, 120, 120, 120])
torch.Size([50, 1, 120, 120, 120])
Bias Error: using Single Component
Mean: 0.9634, Std: 0.6641
------------------------------------------------------------------
Magnitude Error: 
 -- Sample 0: mean=1.8818%; std=2.1329
 -- Sample 1: mean=1.6743%; std=2.0151
 -- Sample 2: mean=1.8394%; std=2.0555
 -- Sample 3: mean=2.0585%; std=2.3707
 -- Sample 4: mean=1.1867%; std=1.4086
 -- Sample 5: mean=1.1077%; std=1.2911
 -- Sample 6: mean=1.2594%; std=1.4408
 -- Sample 7: mean=1.2077%; std=1.3463
 -- Sample 8: mean=1.1163%; std=1.2577
 -- Sample 9: mean=1.1661%; std=1.2945
 -- Sample 10: mean=1.1450%; std=1.3470
 -- Sample 11: mean=1.1337%; std=1.2828
 -- Sample 12: mean=2.3229%; std=1.8863
 -- Sample 13: mean=2.8813%; std=1.8953
 -- Sample 14: mean=2.2982%; std=1.6452
 -- Sample 15: mean=2.0193%; std=1.4946
 -- Sample 16: mean=1.5857%; std=1.6405
 -- Sample 17: mean=1.9270%; std=1.8105
 -- Sample 18: mean=1.7098%; std=1.5558
 -- Sample 19: mean=1.9969%; std=1.6593
 -- Sample 20: mean=1.8489%; std=1.4402
 -- Sample 21: mean=1.4810%; std=1.2381
 -- Sample 22: mean=1.5874%; std=1.3576
 -- Sample 23: mean=1.5392%; std=1.2447
 -- Sample 24: mean=1.7822%; std=1.2154
 -- Sample 25: mean=1.6615%; std=1.2044
 -- Sample 26: mean=1.8106%; std=1.2321
 -- Sample 27: mean=2.1717%; std=1.2961
 -- Sample 28: mean=1.7572%; std=1.5313
 -- Sample 29: mean=1.7691%; std=1.5690
 -- Sample 30: mean=1.8668%; std=1.6712
 -- Sample 31: mean=1.9244%; std=1.6633
 -- Sample 32: mean=1.5289%; std=1.4145
 -- Sample 33: mean=1.4084%; std=1.3928
 -- Sample 34: mean=1.5146%; std=1.3991
 -- Sample 35: mean=1.3587%; std=1.3351
 -- Sample 36: mean=1.5812%; std=1.5300
 -- Sample 37: mean=1.6452%; std=1.5730
 -- Sample 38: mean=1.6830%; std=1.3587
 -- Sample 39: mean=1.7491%; std=1.4453
 -- Sample 40: mean=1.9840%; std=1.6631
 -- Sample 41: mean=1.6049%; std=1.3461
 -- Sample 42: mean=1.5917%; std=1.4320
 -- Sample 43: mean=1.6577%; std=1.4615
 -- Sample 44: mean=1.4121%; std=1.4760
 -- Sample 45: mean=1.5452%; std=1.6657
 -- Sample 46: mean=1.2708%; std=1.4632
 -- Sample 47: mean=1.3070%; std=1.4952
 -- Sample 48: mean=1.4888%; std=1.6364
 -- Sample 49: mean=1.5677%; std=1.7155
Mean: 1.6523%, Std: 0.3494%
------------------------------------------------------------------
Correlation comparison:
 -- Sample 0: 0.9381
 -- Sample 1: 0.9456
 -- Sample 2: 0.9425
 -- Sample 3: 0.9271
 -- Sample 4: 0.9729
 -- Sample 5: 0.9714
 -- Sample 6: 0.9698
 -- Sample 7: 0.9744
 -- Sample 8: 0.9759
 -- Sample 9: 0.9762
 -- Sample 10: 0.9736
 -- Sample 11: 0.9764
 -- Sample 12: 0.9298
 -- Sample 13: 0.9250
 -- Sample 14: 0.9458
 -- Sample 15: 0.9473
 -- Sample 16: 0.9586
 -- Sample 17: 0.9529
 -- Sample 18: 0.9584
 -- Sample 19: 0.9516
 -- Sample 20: 0.9324
 -- Sample 21: 0.9490
 -- Sample 22: 0.9429
 -- Sample 23: 0.9462
 -- Sample 24: 0.9606
 -- Sample 25: 0.9568
 -- Sample 26: 0.9563
 -- Sample 27: 0.9523
 -- Sample 28: 0.9280
 -- Sample 29: 0.9240
 -- Sample 30: 0.9227
 -- Sample 31: 0.9248
 -- Sample 32: 0.9309
 -- Sample 33: 0.9334
 -- Sample 34: 0.9416
 -- Sample 35: 0.9410
 -- Sample 36: 0.9597
 -- Sample 37: 0.9567
 -- Sample 38: 0.9611
 -- Sample 39: 0.9577
 -- Sample 40: 0.9470
 -- Sample 41: 0.9612
 -- Sample 42: 0.9552
 -- Sample 43: 0.9586
 -- Sample 44: 0.9650
 -- Sample 45: 0.9594
 -- Sample 46: 0.9686
 -- Sample 47: 0.9643
 -- Sample 48: 0.9245
 -- Sample 49: 0.9088
Mean=0.9501, Std=0.0169
------------------------------------------------------------------
Processing Batch 4 (Size: 50)...
input shape:  torch.Size([50, 1, 120, 120, 120])
output shape:  torch.Size([50, 1, 120, 120, 120])
target shape:  torch.Size([50, 1, 120, 120, 120])
torch.Size([50, 1, 120, 120, 120])
Bias Error: using Single Component
Mean: 1.4033, Std: 0.8542
------------------------------------------------------------------
Magnitude Error: 
 -- Sample 0: mean=1.6664%; std=1.7126
 -- Sample 1: mean=1.2973%; std=1.5455
 -- Sample 2: mean=1.6629%; std=1.6352
 -- Sample 3: mean=1.4990%; std=1.5607
 -- Sample 4: mean=1.5759%; std=1.6470
 -- Sample 5: mean=1.3871%; std=1.5415
 -- Sample 6: mean=1.9551%; std=1.6939
 -- Sample 7: mean=1.9393%; std=1.5603
 -- Sample 8: mean=1.7150%; std=1.6121
 -- Sample 9: mean=1.7620%; std=1.7178
 -- Sample 10: mean=4.3450%; std=2.1321
 -- Sample 11: mean=4.3101%; std=2.2728
 -- Sample 12: mean=3.3760%; std=1.8266
 -- Sample 13: mean=3.8609%; std=1.6720
 -- Sample 14: mean=1.2009%; std=1.6031
 -- Sample 15: mean=1.0832%; std=1.5819
 -- Sample 16: mean=1.2537%; std=1.6716
 -- Sample 17: mean=1.2061%; std=1.7541
 -- Sample 18: mean=3.6222%; std=2.3890
 -- Sample 19: mean=3.3272%; std=2.3640
 -- Sample 20: mean=3.3224%; std=2.4745
 -- Sample 21: mean=3.2208%; std=2.4559
 -- Sample 22: mean=1.4631%; std=1.3723
 -- Sample 23: mean=1.5224%; std=1.3880
 -- Sample 24: mean=1.5800%; std=1.4757
 -- Sample 25: mean=1.9889%; std=1.6306
 -- Sample 26: mean=1.6160%; std=1.7754
 -- Sample 27: mean=1.4873%; std=1.6913
 -- Sample 28: mean=1.5666%; std=1.7765
 -- Sample 29: mean=1.8292%; std=1.8782
 -- Sample 30: mean=0.9951%; std=1.2467
 -- Sample 31: mean=1.0307%; std=1.2467
 -- Sample 32: mean=1.0336%; std=1.2379
 -- Sample 33: mean=0.9526%; std=1.2234
 -- Sample 34: mean=1.8970%; std=1.7738
 -- Sample 35: mean=1.9408%; std=1.7139
 -- Sample 36: mean=2.1605%; std=1.9132
 -- Sample 37: mean=1.6145%; std=1.6956
 -- Sample 38: mean=1.2471%; std=1.3245
 -- Sample 39: mean=1.4601%; std=1.4022
 -- Sample 40: mean=1.3194%; std=1.5581
 -- Sample 41: mean=1.3575%; std=1.4264
 -- Sample 42: mean=2.9760%; std=1.8389
 -- Sample 43: mean=3.1002%; std=1.7306
 -- Sample 44: mean=2.9632%; std=1.6618
 -- Sample 45: mean=2.9204%; std=1.8379
 -- Sample 46: mean=1.6879%; std=1.6615
 -- Sample 47: mean=1.5425%; std=1.4938
 -- Sample 48: mean=1.3322%; std=1.3141
 -- Sample 49: mean=1.5177%; std=1.5419
Mean: 1.9738%, Std: 0.8975%
------------------------------------------------------------------
Correlation comparison:
 -- Sample 0: 0.9270
 -- Sample 1: 0.9331
 -- Sample 2: 0.9651
 -- Sample 3: 0.9645
 -- Sample 4: 0.9620
 -- Sample 5: 0.9692
 -- Sample 6: 0.9325
 -- Sample 7: 0.9351
 -- Sample 8: 0.9330
 -- Sample 9: 0.9299
 -- Sample 10: 0.8708
 -- Sample 11: 0.8685
 -- Sample 12: 0.8872
 -- Sample 13: 0.8933
 -- Sample 14: 0.9543
 -- Sample 15: 0.9586
 -- Sample 16: 0.9558
 -- Sample 17: 0.9502
 -- Sample 18: 0.8677
 -- Sample 19: 0.8845
 -- Sample 20: 0.8833
 -- Sample 21: 0.8775
 -- Sample 22: 0.9674
 -- Sample 23: 0.9670
 -- Sample 24: 0.9664
 -- Sample 25: 0.9554
 -- Sample 26: 0.9578
 -- Sample 27: 0.9645
 -- Sample 28: 0.9621
 -- Sample 29: 0.9531
 -- Sample 30: 0.9637
 -- Sample 31: 0.9639
 -- Sample 32: 0.9599
 -- Sample 33: 0.9631
 -- Sample 34: 0.9386
 -- Sample 35: 0.9457
 -- Sample 36: 0.9443
 -- Sample 37: 0.9411
 -- Sample 38: 0.9667
 -- Sample 39: 0.9600
 -- Sample 40: 0.9594
 -- Sample 41: 0.9637
 -- Sample 42: 0.9332
 -- Sample 43: 0.9386
 -- Sample 44: 0.9339
 -- Sample 45: 0.9271
 -- Sample 46: 0.9605
 -- Sample 47: 0.9651
 -- Sample 48: 0.9696
 -- Sample 49: 0.9667
Mean=0.9412, Std=0.0301
------------------------------------------------------------------
Processing Batch 5 (Size: 50)...
input shape:  torch.Size([50, 1, 120, 120, 120])
output shape:  torch.Size([50, 1, 120, 120, 120])
target shape:  torch.Size([50, 1, 120, 120, 120])
torch.Size([50, 1, 120, 120, 120])
Bias Error: using Single Component
Mean: 1.1067, Std: 0.8387
------------------------------------------------------------------
Magnitude Error: 
 -- Sample 0: mean=1.8822%; std=2.1401
 -- Sample 1: mean=1.7971%; std=2.2520
 -- Sample 2: mean=1.9521%; std=2.3054
 -- Sample 3: mean=1.9148%; std=2.0838
 -- Sample 4: mean=0.9291%; std=1.2366
 -- Sample 5: mean=1.0436%; std=1.3453
 -- Sample 6: mean=0.9215%; std=1.2139
 -- Sample 7: mean=0.9589%; std=1.2823
 -- Sample 8: mean=2.1399%; std=1.7637
 -- Sample 9: mean=2.0551%; std=1.5603
 -- Sample 10: mean=2.3649%; std=2.0653
 -- Sample 11: mean=2.3395%; std=1.8663
 -- Sample 12: mean=1.8944%; std=1.5277
 -- Sample 13: mean=1.9721%; std=1.6261
 -- Sample 14: mean=1.9655%; std=1.5915
 -- Sample 15: mean=2.0095%; std=1.4772
 -- Sample 16: mean=1.4988%; std=1.3244
 -- Sample 17: mean=1.6034%; std=1.5033
 -- Sample 18: mean=1.8430%; std=1.8373
 -- Sample 19: mean=1.7872%; std=1.7465
 -- Sample 20: mean=2.0352%; std=1.7127
 -- Sample 21: mean=1.8538%; std=1.6569
 -- Sample 22: mean=1.7955%; std=1.6272
 -- Sample 23: mean=1.9485%; std=1.5607
 -- Sample 24: mean=4.0880%; std=2.7675
 -- Sample 25: mean=3.7627%; std=2.5671
 -- Sample 26: mean=4.6021%; std=3.1036
 -- Sample 27: mean=4.3600%; std=2.7898
 -- Sample 28: mean=1.2574%; std=1.2504
 -- Sample 29: mean=1.0681%; std=1.1410
 -- Sample 30: mean=1.0920%; std=1.0570
 -- Sample 31: mean=1.2174%; std=1.1124
 -- Sample 32: mean=1.3416%; std=1.4778
 -- Sample 33: mean=1.3893%; std=1.4503
 -- Sample 34: mean=1.4081%; std=1.3935
 -- Sample 35: mean=1.6682%; std=1.3822
 -- Sample 36: mean=0.8468%; std=1.1234
 -- Sample 37: mean=0.9056%; std=1.1233
 -- Sample 38: mean=0.8728%; std=1.1968
 -- Sample 39: mean=0.8644%; std=1.2005
 -- Sample 40: mean=2.3951%; std=2.0574
 -- Sample 41: mean=2.4631%; std=2.0053
 -- Sample 42: mean=2.2179%; std=1.9044
 -- Sample 43: mean=2.6402%; std=2.5006
 -- Sample 44: mean=1.4694%; std=1.3575
 -- Sample 45: mean=1.3810%; std=1.3001
 -- Sample 46: mean=1.1304%; std=1.2483
 -- Sample 47: mean=1.4823%; std=1.3320
 -- Sample 48: mean=2.0734%; std=1.4821
 -- Sample 49: mean=2.0591%; std=1.7031
Mean: 1.8512%, Std: 0.8443%
------------------------------------------------------------------
Correlation comparison:
 -- Sample 0: 0.9057
 -- Sample 1: 0.9109
 -- Sample 2: 0.8988
 -- Sample 3: 0.8989
 -- Sample 4: 0.9442
 -- Sample 5: 0.9278
 -- Sample 6: 0.9441
 -- Sample 7: 0.9373
 -- Sample 8: 0.9358
 -- Sample 9: 0.9467
 -- Sample 10: 0.9188
 -- Sample 11: 0.9294
 -- Sample 12: 0.9262
 -- Sample 13: 0.9160
 -- Sample 14: 0.9137
 -- Sample 15: 0.9253
 -- Sample 16: 0.9667
 -- Sample 17: 0.9612
 -- Sample 18: 0.9521
 -- Sample 19: 0.9537
 -- Sample 20: 0.9479
 -- Sample 21: 0.9502
 -- Sample 22: 0.9536
 -- Sample 23: 0.9513
 -- Sample 24: 0.8594
 -- Sample 25: 0.8760
 -- Sample 26: 0.8212
 -- Sample 27: 0.8512
 -- Sample 28: 0.9618
 -- Sample 29: 0.9679
 -- Sample 30: 0.9694
 -- Sample 31: 0.9707
 -- Sample 32: 0.9471
 -- Sample 33: 0.9510
 -- Sample 34: 0.9633
 -- Sample 35: 0.9577
 -- Sample 36: 0.9728
 -- Sample 37: 0.9723
 -- Sample 38: 0.9676
 -- Sample 39: 0.9615
 -- Sample 40: 0.9433
 -- Sample 41: 0.9436
 -- Sample 42: 0.9447
 -- Sample 43: 0.9339
 -- Sample 44: 0.9543
 -- Sample 45: 0.9600
 -- Sample 46: 0.9634
 -- Sample 47: 0.9577
 -- Sample 48: 0.9132
 -- Sample 49: 0.9097
Mean=0.9362, Std=0.0324
------------------------------------------------------------------
Processing Batch 6 (Size: 50)...
input shape:  torch.Size([50, 1, 120, 120, 120])
output shape:  torch.Size([50, 1, 120, 120, 120])
target shape:  torch.Size([50, 1, 120, 120, 120])
torch.Size([50, 1, 120, 120, 120])
Bias Error: using Single Component
Mean: 0.6288, Std: 0.5054
------------------------------------------------------------------
Magnitude Error: 
 -- Sample 0: mean=1.9832%; std=1.7933
 -- Sample 1: mean=2.1582%; std=1.4701
 -- Sample 2: mean=1.2683%; std=1.1622
 -- Sample 3: mean=1.3804%; std=1.3020
 -- Sample 4: mean=1.1622%; std=1.1759
 -- Sample 5: mean=1.0725%; std=1.0947
 -- Sample 6: mean=1.8493%; std=1.4675
 -- Sample 7: mean=2.1537%; std=1.5778
 -- Sample 8: mean=2.2861%; std=1.8924
 -- Sample 9: mean=2.0311%; std=1.6796
 -- Sample 10: mean=1.0252%; std=1.1145
 -- Sample 11: mean=0.9205%; std=1.1498
 -- Sample 12: mean=0.9193%; std=1.1344
 -- Sample 13: mean=1.0050%; std=1.1745
 -- Sample 14: mean=1.9340%; std=1.9413
 -- Sample 15: mean=1.7202%; std=1.6498
 -- Sample 16: mean=2.1004%; std=1.9153
 -- Sample 17: mean=2.0621%; std=1.9994
 -- Sample 18: mean=1.2581%; std=1.1527
 -- Sample 19: mean=1.2114%; std=1.2135
 -- Sample 20: mean=1.1587%; std=1.1319
 -- Sample 21: mean=1.2784%; std=1.1712
 -- Sample 22: mean=2.1556%; std=1.8379
 -- Sample 23: mean=2.2725%; std=1.9281
 -- Sample 24: mean=2.5807%; std=2.1516
 -- Sample 25: mean=2.4480%; std=1.9108
 -- Sample 26: mean=2.2669%; std=1.6596
 -- Sample 27: mean=1.6455%; std=1.2773
 -- Sample 28: mean=2.3831%; std=1.5892
 -- Sample 29: mean=1.8094%; std=1.3402
 -- Sample 30: mean=1.2111%; std=1.1058
 -- Sample 31: mean=1.3214%; std=1.1265
 -- Sample 32: mean=1.4081%; std=1.2185
 -- Sample 33: mean=1.3352%; std=1.1742
 -- Sample 34: mean=1.0169%; std=1.0259
 -- Sample 35: mean=1.0214%; std=1.0670
 -- Sample 36: mean=1.2538%; std=1.1980
 -- Sample 37: mean=1.0511%; std=1.1001
 -- Sample 38: mean=1.2276%; std=1.2573
 -- Sample 39: mean=1.0834%; std=1.1514
 -- Sample 40: mean=1.1652%; std=1.1332
 -- Sample 41: mean=1.5715%; std=1.3286
 -- Sample 42: mean=1.2438%; std=1.4933
 -- Sample 43: mean=1.2137%; std=1.5428
 -- Sample 44: mean=1.2886%; std=1.4236
 -- Sample 45: mean=1.5511%; std=1.7623
 -- Sample 46: mean=1.5763%; std=1.7893
 -- Sample 47: mean=1.0594%; std=1.4467
 -- Sample 48: mean=1.1720%; std=1.5055
 -- Sample 49: mean=1.2750%; std=1.4877
Mean: 1.5309%, Std: 0.4726%
------------------------------------------------------------------
Correlation comparison:
 -- Sample 0: 0.9048
 -- Sample 1: 0.9173
 -- Sample 2: 0.9674
 -- Sample 3: 0.9649
 -- Sample 4: 0.9666
 -- Sample 5: 0.9689
 -- Sample 6: 0.9436
 -- Sample 7: 0.9430
 -- Sample 8: 0.9352
 -- Sample 9: 0.9451
 -- Sample 10: 0.9738
 -- Sample 11: 0.9721
 -- Sample 12: 0.9770
 -- Sample 13: 0.9693
 -- Sample 14: 0.9480
 -- Sample 15: 0.9509
 -- Sample 16: 0.9475
 -- Sample 17: 0.9441
 -- Sample 18: 0.9510
 -- Sample 19: 0.9513
 -- Sample 20: 0.9535
 -- Sample 21: 0.9403
 -- Sample 22: 0.9128
 -- Sample 23: 0.8957
 -- Sample 24: 0.8697
 -- Sample 25: 0.9068
 -- Sample 26: 0.9361
 -- Sample 27: 0.9557
 -- Sample 28: 0.9369
 -- Sample 29: 0.9495
 -- Sample 30: 0.9655
 -- Sample 31: 0.9589
 -- Sample 32: 0.9505
 -- Sample 33: 0.9563
 -- Sample 34: 0.9612
 -- Sample 35: 0.9603
 -- Sample 36: 0.9590
 -- Sample 37: 0.9529
 -- Sample 38: 0.9748
 -- Sample 39: 0.9783
 -- Sample 40: 0.9777
 -- Sample 41: 0.9740
 -- Sample 42: 0.9520
 -- Sample 43: 0.9502
 -- Sample 44: 0.9548
 -- Sample 45: 0.9393
 -- Sample 46: 0.9652
 -- Sample 47: 0.9730
 -- Sample 48: 0.9725
 -- Sample 49: 0.9709
Mean=0.9509, Std=0.0224
------------------------------------------------------------------
Processing Batch 7 (Size: 50)...
input shape:  torch.Size([50, 1, 120, 120, 120])
output shape:  torch.Size([50, 1, 120, 120, 120])
target shape:  torch.Size([50, 1, 120, 120, 120])
torch.Size([50, 1, 120, 120, 120])
Bias Error: using Single Component
Mean: 0.6132, Std: 0.4868
------------------------------------------------------------------
Magnitude Error: 
 -- Sample 0: mean=1.3955%; std=1.3888
 -- Sample 1: mean=1.6713%; std=1.6463
 -- Sample 2: mean=1.5356%; std=1.4674
 -- Sample 3: mean=1.7307%; std=1.6810
 -- Sample 4: mean=1.0805%; std=1.4115
 -- Sample 5: mean=0.9912%; std=1.3014
 -- Sample 6: mean=1.0495%; std=1.4170
 -- Sample 7: mean=0.9488%; std=1.2815
 -- Sample 8: mean=1.2925%; std=1.3935
 -- Sample 9: mean=1.4712%; std=1.4135
 -- Sample 10: mean=1.3294%; std=1.3659
 -- Sample 11: mean=1.3070%; std=1.3970
 -- Sample 12: mean=0.9688%; std=1.2821
 -- Sample 13: mean=1.0263%; std=1.4012
 -- Sample 14: mean=0.9050%; std=1.2161
 -- Sample 15: mean=0.9808%; std=1.2734
 -- Sample 16: mean=1.1402%; std=1.4448
 -- Sample 17: mean=1.1032%; std=1.4122
 -- Sample 18: mean=1.1392%; std=1.4379
 -- Sample 19: mean=1.1543%; std=1.5071
 -- Sample 20: mean=1.5965%; std=1.5196
 -- Sample 21: mean=1.3699%; std=1.3984
 -- Sample 22: mean=1.5336%; std=1.5184
 -- Sample 23: mean=1.4199%; std=1.4080
 -- Sample 24: mean=1.0675%; std=1.2618
 -- Sample 25: mean=1.0540%; std=1.3032
 -- Sample 26: mean=1.0841%; std=1.3042
 -- Sample 27: mean=1.0247%; std=1.2121
 -- Sample 28: mean=1.1700%; std=1.3399
 -- Sample 29: mean=1.1605%; std=1.3402
 -- Sample 30: mean=1.0210%; std=1.2290
 -- Sample 31: mean=1.0627%; std=1.2733
 -- Sample 32: mean=0.9339%; std=1.2448
 -- Sample 33: mean=0.9052%; std=1.1977
 -- Sample 34: mean=0.8933%; std=1.1876
 -- Sample 35: mean=0.9203%; std=1.2063
 -- Sample 36: mean=2.3987%; std=2.6706
 -- Sample 37: mean=2.3537%; std=2.4310
 -- Sample 38: mean=2.4080%; std=2.5288
 -- Sample 39: mean=2.3661%; std=2.3463
 -- Sample 40: mean=2.0145%; std=3.1792
 -- Sample 41: mean=2.0615%; std=3.1420
 -- Sample 42: mean=1.9129%; std=3.0538
 -- Sample 43: mean=1.9960%; std=3.0778
 -- Sample 44: mean=0.9810%; std=1.2157
 -- Sample 45: mean=0.9614%; std=1.1810
 -- Sample 46: mean=0.9216%; std=1.1842
 -- Sample 47: mean=0.9987%; std=1.1998
 -- Sample 48: mean=1.4286%; std=1.5282
 -- Sample 49: mean=1.5758%; std=1.5690
Mean: 1.3363%, Std: 0.4377%
------------------------------------------------------------------
Correlation comparison:
 -- Sample 0: 0.9560
 -- Sample 1: 0.9590
 -- Sample 2: 0.9562
 -- Sample 3: 0.9431
 -- Sample 4: 0.9820
 -- Sample 5: 0.9837
 -- Sample 6: 0.9819
 -- Sample 7: 0.9824
 -- Sample 8: 0.9673
 -- Sample 9: 0.9692
 -- Sample 10: 0.9711
 -- Sample 11: 0.9645
 -- Sample 12: 0.9717
 -- Sample 13: 0.9694
 -- Sample 14: 0.9735
 -- Sample 15: 0.9733
 -- Sample 16: 0.9741
 -- Sample 17: 0.9750
 -- Sample 18: 0.9697
 -- Sample 19: 0.9712
 -- Sample 20: 0.9454
 -- Sample 21: 0.9450
 -- Sample 22: 0.9392
 -- Sample 23: 0.9481
 -- Sample 24: 0.9592
 -- Sample 25: 0.9676
 -- Sample 26: 0.9625
 -- Sample 27: 0.9663
 -- Sample 28: 0.9730
 -- Sample 29: 0.9750
 -- Sample 30: 0.9787
 -- Sample 31: 0.9752
 -- Sample 32: 0.9762
 -- Sample 33: 0.9760
 -- Sample 34: 0.9782
 -- Sample 35: 0.9751
 -- Sample 36: 0.9068
 -- Sample 37: 0.9216
 -- Sample 38: 0.9151
 -- Sample 39: 0.9222
 -- Sample 40: 0.9203
 -- Sample 41: 0.9130
 -- Sample 42: 0.9162
 -- Sample 43: 0.9227
 -- Sample 44: 0.9638
 -- Sample 45: 0.9696
 -- Sample 46: 0.9707
 -- Sample 47: 0.9642
 -- Sample 48: 0.9406
 -- Sample 49: 0.9465
Mean=0.9586, Std=0.0212
------------------------------------------------------------------
Processing Batch 8 (Size: 6)...
input shape:  torch.Size([6, 1, 120, 120, 120])
output shape:  torch.Size([6, 1, 120, 120, 120])
target shape:  torch.Size([6, 1, 120, 120, 120])
torch.Size([6, 1, 120, 120, 120])
Bias Error: using Single Component
Mean: 0.9385, Std: 0.1056
------------------------------------------------------------------
Magnitude Error: 
 -- Sample 0: mean=1.9293%; std=1.6322
 -- Sample 1: mean=1.6864%; std=1.6519
 -- Sample 2: mean=2.6854%; std=2.4509
 -- Sample 3: mean=2.3993%; std=2.3096
 -- Sample 4: mean=2.6620%; std=2.1202
 -- Sample 5: mean=2.3084%; std=2.0629
Mean: 2.2785%, Std: 0.3653%
------------------------------------------------------------------
Correlation comparison:
 -- Sample 0: 0.9395
 -- Sample 1: 0.9395
 -- Sample 2: 0.9366
 -- Sample 3: 0.9393
 -- Sample 4: 0.9414
 -- Sample 5: 0.9478
Mean=0.9407, Std=0.0035
------------------------------------------------------------------

-----------------------------------------------------


========================================================================================================================



  Berea Upper Gray  results:


Loading data...
Testing model:   Ko et. al (Etapa 3)
Processing Batch 1 (Size: 50)...
input shape:  torch.Size([50, 1, 120, 120, 120])
output shape:  torch.Size([50, 1, 120, 120, 120])
target shape:  torch.Size([50, 1, 120, 120, 120])
torch.Size([50, 1, 120, 120, 120])
Bias Error: using Single Component
Mean: 1.5131, Std: 1.1942
------------------------------------------------------------------
Magnitude Error: 
 -- Sample 0: mean=1.7170%; std=1.6927
 -- Sample 1: mean=1.6040%; std=1.5595
 -- Sample 2: mean=1.4994%; std=1.4546
 -- Sample 3: mean=1.6023%; std=1.5741
 -- Sample 4: mean=2.7975%; std=1.8864
 -- Sample 5: mean=2.4499%; std=1.7320
 -- Sample 6: mean=2.5643%; std=1.6588
 -- Sample 7: mean=2.5104%; std=1.6057
 -- Sample 8: mean=3.4888%; std=2.2875
 -- Sample 9: mean=3.5740%; std=2.4331
 -- Sample 10: mean=3.7088%; std=2.5346
 -- Sample 11: mean=3.7529%; std=2.3420
 -- Sample 12: mean=1.9048%; std=2.0636
 -- Sample 13: mean=1.8733%; std=1.9852
 -- Sample 14: mean=1.8822%; std=1.9601
 -- Sample 15: mean=1.8885%; std=2.0978
 -- Sample 16: mean=1.8057%; std=1.6138
 -- Sample 17: mean=1.7630%; std=1.5532
 -- Sample 18: mean=1.8726%; std=1.6710
 -- Sample 19: mean=1.7110%; std=1.6585
 -- Sample 20: mean=1.8324%; std=1.4466
 -- Sample 21: mean=2.4716%; std=1.7682
 -- Sample 22: mean=2.2043%; std=1.6170
 -- Sample 23: mean=1.9725%; std=1.5001
 -- Sample 24: mean=2.8569%; std=2.1475
 -- Sample 25: mean=2.5133%; std=1.9911
 -- Sample 26: mean=2.9460%; std=1.8866
 -- Sample 27: mean=2.1195%; std=1.9221
 -- Sample 28: mean=1.3977%; std=1.1841
 -- Sample 29: mean=1.1188%; std=1.1258
 -- Sample 30: mean=1.3277%; std=1.2161
 -- Sample 31: mean=1.2372%; std=1.1441
 -- Sample 32: mean=1.3469%; std=1.4785
 -- Sample 33: mean=1.4250%; std=1.5442
 -- Sample 34: mean=1.4377%; std=1.5228
 -- Sample 35: mean=1.4836%; std=1.5535
 -- Sample 36: mean=4.8399%; std=2.6851
 -- Sample 37: mean=4.7041%; std=2.6309
 -- Sample 38: mean=4.3966%; std=2.7762
 -- Sample 39: mean=4.9148%; std=2.6357
 -- Sample 40: mean=1.2220%; std=1.2935
 -- Sample 41: mean=1.4348%; std=1.4341
 -- Sample 42: mean=1.4135%; std=1.3246
 -- Sample 43: mean=1.1755%; std=1.2738
 -- Sample 44: mean=2.1528%; std=1.6584
 -- Sample 45: mean=1.9391%; std=1.5939
 -- Sample 46: mean=2.0102%; std=1.6688
 -- Sample 47: mean=1.9856%; std=1.5241
 -- Sample 48: mean=2.7293%; std=2.4559
 -- Sample 49: mean=2.6243%; std=2.4313
Mean: 2.2641%, Std: 0.9771%
------------------------------------------------------------------
Correlation comparison:
 -- Sample 0: 0.9456
 -- Sample 1: 0.9514
 -- Sample 2: 0.9532
 -- Sample 3: 0.9456
 -- Sample 4: 0.9209
 -- Sample 5: 0.9353
 -- Sample 6: 0.9367
 -- Sample 7: 0.9396
 -- Sample 8: 0.8927
 -- Sample 9: 0.8858
 -- Sample 10: 0.8785
 -- Sample 11: 0.8889
 -- Sample 12: 0.9466
 -- Sample 13: 0.9442
 -- Sample 14: 0.9503
 -- Sample 15: 0.9459
 -- Sample 16: 0.9663
 -- Sample 17: 0.9698
 -- Sample 18: 0.9676
 -- Sample 19: 0.9665
 -- Sample 20: 0.9470
 -- Sample 21: 0.9328
 -- Sample 22: 0.9453
 -- Sample 23: 0.9523
 -- Sample 24: 0.8783
 -- Sample 25: 0.8924
 -- Sample 26: 0.9032
 -- Sample 27: 0.8907
 -- Sample 28: 0.9617
 -- Sample 29: 0.9656
 -- Sample 30: 0.9652
 -- Sample 31: 0.9639
 -- Sample 32: 0.9488
 -- Sample 33: 0.9463
 -- Sample 34: 0.9532
 -- Sample 35: 0.9474
 -- Sample 36: 0.7265
 -- Sample 37: 0.7368
 -- Sample 38: 0.7171
 -- Sample 39: 0.7191
 -- Sample 40: 0.9702
 -- Sample 41: 0.9652
 -- Sample 42: 0.9663
 -- Sample 43: 0.9714
 -- Sample 44: 0.9512
 -- Sample 45: 0.9522
 -- Sample 46: 0.9499
 -- Sample 47: 0.9570
 -- Sample 48: 0.9378
 -- Sample 49: 0.9435
Mean=0.9238, Std=0.0640
------------------------------------------------------------------
Processing Batch 2 (Size: 50)...
input shape:  torch.Size([50, 1, 120, 120, 120])
output shape:  torch.Size([50, 1, 120, 120, 120])
target shape:  torch.Size([50, 1, 120, 120, 120])
torch.Size([50, 1, 120, 120, 120])
Bias Error: using Single Component
Mean: 0.8646, Std: 0.5692
------------------------------------------------------------------
Magnitude Error: 
 -- Sample 0: mean=2.8686%; std=2.7211
 -- Sample 1: mean=2.7483%; std=2.5529
 -- Sample 2: mean=1.3397%; std=1.4342
 -- Sample 3: mean=1.2689%; std=1.4054
 -- Sample 4: mean=1.3149%; std=1.6423
 -- Sample 5: mean=1.2913%; std=1.4869
 -- Sample 6: mean=2.4999%; std=2.0176
 -- Sample 7: mean=2.8867%; std=2.4029
 -- Sample 8: mean=2.6826%; std=2.2048
 -- Sample 9: mean=2.3171%; std=1.9107
 -- Sample 10: mean=1.9646%; std=1.7646
 -- Sample 11: mean=2.3484%; std=1.8672
 -- Sample 12: mean=2.2925%; std=1.9061
 -- Sample 13: mean=2.2185%; std=1.7570
 -- Sample 14: mean=1.1178%; std=1.3673
 -- Sample 15: mean=1.3653%; std=1.4307
 -- Sample 16: mean=1.1342%; std=1.3010
 -- Sample 17: mean=1.0585%; std=1.2726
 -- Sample 18: mean=1.6327%; std=1.7590
 -- Sample 19: mean=1.3740%; std=1.5939
 -- Sample 20: mean=1.5114%; std=1.6428
 -- Sample 21: mean=1.5790%; std=1.7065
 -- Sample 22: mean=1.2155%; std=1.4674
 -- Sample 23: mean=1.1972%; std=1.4537
 -- Sample 24: mean=1.2578%; std=1.4377
 -- Sample 25: mean=1.2075%; std=1.4535
 -- Sample 26: mean=1.6302%; std=1.9033
 -- Sample 27: mean=1.9027%; std=2.0412
 -- Sample 28: mean=1.8714%; std=1.9484
 -- Sample 29: mean=1.4969%; std=1.7177
 -- Sample 30: mean=2.0490%; std=2.3800
 -- Sample 31: mean=1.9897%; std=2.4630
 -- Sample 32: mean=2.0055%; std=2.5187
 -- Sample 33: mean=1.8910%; std=2.3220
 -- Sample 34: mean=1.2399%; std=1.5267
 -- Sample 35: mean=1.3081%; std=1.6810
 -- Sample 36: mean=1.4711%; std=1.7767
 -- Sample 37: mean=1.2893%; std=1.6292
 -- Sample 38: mean=1.0782%; std=1.5451
 -- Sample 39: mean=1.0682%; std=1.4669
 -- Sample 40: mean=0.9986%; std=1.4521
 -- Sample 41: mean=1.0323%; std=1.3793
 -- Sample 42: mean=1.9827%; std=1.5932
 -- Sample 43: mean=2.3150%; std=1.8054
 -- Sample 44: mean=1.8892%; std=1.6314
 -- Sample 45: mean=1.5088%; std=1.5054
 -- Sample 46: mean=1.2380%; std=1.2205
 -- Sample 47: mean=1.5218%; std=1.2709
 -- Sample 48: mean=1.5317%; std=1.2888
 -- Sample 49: mean=1.4090%; std=1.2474
Mean: 1.6682%, Std: 0.5190%
------------------------------------------------------------------
Correlation comparison:
 -- Sample 0: 0.9309
 -- Sample 1: 0.9374
 -- Sample 2: 0.9520
 -- Sample 3: 0.9618
 -- Sample 4: 0.9536
 -- Sample 5: 0.9534
 -- Sample 6: 0.9565
 -- Sample 7: 0.9418
 -- Sample 8: 0.9497
 -- Sample 9: 0.9591
 -- Sample 10: 0.9593
 -- Sample 11: 0.9523
 -- Sample 12: 0.9541
 -- Sample 13: 0.9563
 -- Sample 14: 0.8933
 -- Sample 15: 0.8884
 -- Sample 16: 0.8966
 -- Sample 17: 0.9015
 -- Sample 18: 0.9560
 -- Sample 19: 0.9638
 -- Sample 20: 0.9658
 -- Sample 21: 0.9625
 -- Sample 22: 0.9511
 -- Sample 23: 0.9445
 -- Sample 24: 0.9430
 -- Sample 25: 0.9383
 -- Sample 26: 0.9400
 -- Sample 27: 0.9223
 -- Sample 28: 0.9311
 -- Sample 29: 0.9482
 -- Sample 30: 0.8733
 -- Sample 31: 0.8765
 -- Sample 32: 0.8716
 -- Sample 33: 0.8742
 -- Sample 34: 0.9673
 -- Sample 35: 0.9647
 -- Sample 36: 0.9629
 -- Sample 37: 0.9638
 -- Sample 38: 0.9580
 -- Sample 39: 0.9661
 -- Sample 40: 0.9639
 -- Sample 41: 0.9616
 -- Sample 42: 0.9495
 -- Sample 43: 0.9466
 -- Sample 44: 0.9496
 -- Sample 45: 0.9580
 -- Sample 46: 0.9631
 -- Sample 47: 0.9577
 -- Sample 48: 0.9582
 -- Sample 49: 0.9555
Mean=0.9421, Std=0.0273
------------------------------------------------------------------
Processing Batch 3 (Size: 50)...
input shape:  torch.Size([50, 1, 120, 120, 120])
output shape:  torch.Size([50, 1, 120, 120, 120])
target shape:  torch.Size([50, 1, 120, 120, 120])
torch.Size([50, 1, 120, 120, 120])
Bias Error: using Single Component
Mean: 1.3569, Std: 0.9881
------------------------------------------------------------------
Magnitude Error: 
 -- Sample 0: mean=1.0034%; std=1.3283
 -- Sample 1: mean=1.0601%; std=1.3262
 -- Sample 2: mean=1.1052%; std=1.3419
 -- Sample 3: mean=1.1064%; std=1.3216
 -- Sample 4: mean=2.3853%; std=1.6308
 -- Sample 5: mean=2.1011%; std=1.8491
 -- Sample 6: mean=2.0603%; std=1.6624
 -- Sample 7: mean=2.2083%; std=1.6262
 -- Sample 8: mean=1.4695%; std=1.3412
 -- Sample 9: mean=1.3728%; std=1.3559
 -- Sample 10: mean=2.0147%; std=1.7385
 -- Sample 11: mean=1.5931%; std=1.4723
 -- Sample 12: mean=2.6571%; std=1.8405
 -- Sample 13: mean=2.6685%; std=1.7436
 -- Sample 14: mean=2.5672%; std=1.6615
 -- Sample 15: mean=2.7262%; std=1.8621
 -- Sample 16: mean=1.5078%; std=1.1407
 -- Sample 17: mean=1.4855%; std=1.1468
 -- Sample 18: mean=1.3745%; std=1.1499
 -- Sample 19: mean=1.5712%; std=1.2283
 -- Sample 20: mean=1.5975%; std=1.7753
 -- Sample 21: mean=1.7240%; std=1.8617
 -- Sample 22: mean=1.7149%; std=1.7966
 -- Sample 23: mean=1.6963%; std=1.8105
 -- Sample 24: mean=3.2062%; std=2.0873
 -- Sample 25: mean=2.2918%; std=2.2333
 -- Sample 26: mean=2.9672%; std=1.8520
 -- Sample 27: mean=3.4086%; std=1.8343
 -- Sample 28: mean=3.9343%; std=2.4195
 -- Sample 29: mean=4.4283%; std=2.8393
 -- Sample 30: mean=3.8011%; std=2.3786
 -- Sample 31: mean=3.7534%; std=2.4165
 -- Sample 32: mean=1.7205%; std=2.0188
 -- Sample 33: mean=1.5741%; std=1.7129
 -- Sample 34: mean=1.4843%; std=1.6577
 -- Sample 35: mean=1.4911%; std=1.7179
 -- Sample 36: mean=2.5064%; std=1.9777
 -- Sample 37: mean=2.6868%; std=1.9667
 -- Sample 38: mean=2.4379%; std=2.0065
 -- Sample 39: mean=2.2995%; std=1.8226
 -- Sample 40: mean=2.1765%; std=1.8553
 -- Sample 41: mean=2.1306%; std=1.9438
 -- Sample 42: mean=1.9417%; std=1.9164
 -- Sample 43: mean=2.1994%; std=1.9126
 -- Sample 44: mean=1.8914%; std=1.8206
 -- Sample 45: mean=1.7698%; std=1.6336
 -- Sample 46: mean=1.7318%; std=1.6266
 -- Sample 47: mean=1.4568%; std=1.5303
 -- Sample 48: mean=1.8233%; std=1.7410
 -- Sample 49: mean=1.7596%; std=1.8204
Mean: 2.1129%, Std: 0.7737%
------------------------------------------------------------------
Correlation comparison:
 -- Sample 0: 0.9628
 -- Sample 1: 0.9619
 -- Sample 2: 0.9644
 -- Sample 3: 0.9644
 -- Sample 4: 0.9410
 -- Sample 5: 0.9334
 -- Sample 6: 0.9396
 -- Sample 7: 0.9406
 -- Sample 8: 0.9246
 -- Sample 9: 0.9110
 -- Sample 10: 0.8911
 -- Sample 11: 0.8885
 -- Sample 12: 0.7250
 -- Sample 13: 0.7397
 -- Sample 14: 0.7513
 -- Sample 15: 0.7394
 -- Sample 16: 0.9558
 -- Sample 17: 0.9627
 -- Sample 18: 0.9639
 -- Sample 19: 0.9560
 -- Sample 20: 0.9024
 -- Sample 21: 0.8939
 -- Sample 22: 0.8822
 -- Sample 23: 0.8993
 -- Sample 24: 0.9021
 -- Sample 25: 0.9029
 -- Sample 26: 0.9206
 -- Sample 27: 0.9080
 -- Sample 28: 0.8867
 -- Sample 29: 0.8511
 -- Sample 30: 0.8916
 -- Sample 31: 0.8858
 -- Sample 32: 0.9468
 -- Sample 33: 0.9576
 -- Sample 34: 0.9545
 -- Sample 35: 0.9571
 -- Sample 36: 0.9354
 -- Sample 37: 0.9338
 -- Sample 38: 0.9278
 -- Sample 39: 0.9435
 -- Sample 40: 0.9479
 -- Sample 41: 0.9406
 -- Sample 42: 0.9565
 -- Sample 43: 0.9493
 -- Sample 44: 0.9455
 -- Sample 45: 0.9539
 -- Sample 46: 0.9556
 -- Sample 47: 0.9638
 -- Sample 48: 0.9673
 -- Sample 49: 0.9638
Mean=0.9169, Std=0.0597
------------------------------------------------------------------
Processing Batch 4 (Size: 50)...
input shape:  torch.Size([50, 1, 120, 120, 120])
output shape:  torch.Size([50, 1, 120, 120, 120])
target shape:  torch.Size([50, 1, 120, 120, 120])
torch.Size([50, 1, 120, 120, 120])
Bias Error: using Single Component
Mean: 0.9428, Std: 0.7794
------------------------------------------------------------------
Magnitude Error: 
 -- Sample 0: mean=1.9917%; std=1.9766
 -- Sample 1: mean=1.8270%; std=1.6969
 -- Sample 2: mean=1.2962%; std=1.5721
 -- Sample 3: mean=1.2137%; std=1.5490
 -- Sample 4: mean=1.1649%; std=1.5321
 -- Sample 5: mean=1.2264%; std=1.5022
 -- Sample 6: mean=3.0335%; std=2.1171
 -- Sample 7: mean=2.8144%; std=2.2155
 -- Sample 8: mean=2.9010%; std=2.1355
 -- Sample 9: mean=2.9427%; std=2.3260
 -- Sample 10: mean=2.3735%; std=1.5210
 -- Sample 11: mean=1.6918%; std=1.4556
 -- Sample 12: mean=2.5814%; std=1.7520
 -- Sample 13: mean=1.9281%; std=1.4637
 -- Sample 14: mean=1.5124%; std=1.5842
 -- Sample 15: mean=1.6080%; std=1.5805
 -- Sample 16: mean=1.3641%; std=1.4140
 -- Sample 17: mean=1.3955%; std=1.5170
 -- Sample 18: mean=2.4829%; std=2.0761
 -- Sample 19: mean=2.4082%; std=1.9119
 -- Sample 20: mean=2.4561%; std=1.8682
 -- Sample 21: mean=2.3712%; std=1.9319
 -- Sample 22: mean=1.9729%; std=1.9281
 -- Sample 23: mean=1.9087%; std=1.8557
 -- Sample 24: mean=1.5854%; std=1.7292
 -- Sample 25: mean=2.0915%; std=2.3053
 -- Sample 26: mean=1.1469%; std=1.1980
 -- Sample 27: mean=1.3812%; std=1.2341
 -- Sample 28: mean=1.3909%; std=1.2572
 -- Sample 29: mean=1.2826%; std=1.1998
 -- Sample 30: mean=1.6944%; std=1.7296
 -- Sample 31: mean=1.5646%; std=1.7402
 -- Sample 32: mean=1.7556%; std=1.7084
 -- Sample 33: mean=1.5988%; std=1.7367
 -- Sample 34: mean=4.9178%; std=2.4270
 -- Sample 35: mean=4.4391%; std=2.7629
 -- Sample 36: mean=4.5610%; std=2.5552
 -- Sample 37: mean=5.1413%; std=2.6102
 -- Sample 38: mean=1.4393%; std=2.1190
 -- Sample 39: mean=1.2382%; std=1.7705
 -- Sample 40: mean=1.5771%; std=2.3887
 -- Sample 41: mean=1.6136%; std=2.4345
 -- Sample 42: mean=1.2191%; std=1.2427
 -- Sample 43: mean=1.4108%; std=1.2462
 -- Sample 44: mean=1.0248%; std=1.1319
 -- Sample 45: mean=1.1872%; std=1.1928
 -- Sample 46: mean=1.3005%; std=1.6518
 -- Sample 47: mean=1.5540%; std=1.9503
 -- Sample 48: mean=1.3155%; std=1.6774
 -- Sample 49: mean=1.4792%; std=1.9313
Mean: 1.9875%, Std: 0.9710%
------------------------------------------------------------------
Correlation comparison:
 -- Sample 0: 0.9599
 -- Sample 1: 0.9661
 -- Sample 2: 0.9641
 -- Sample 3: 0.9607
 -- Sample 4: 0.9623
 -- Sample 5: 0.9629
 -- Sample 6: 0.8745
 -- Sample 7: 0.8683
 -- Sample 8: 0.8677
 -- Sample 9: 0.8957
 -- Sample 10: 0.9546
 -- Sample 11: 0.9600
 -- Sample 12: 0.9433
 -- Sample 13: 0.9599
 -- Sample 14: 0.9540
 -- Sample 15: 0.9513
 -- Sample 16: 0.9623
 -- Sample 17: 0.9581
 -- Sample 18: 0.9330
 -- Sample 19: 0.9403
 -- Sample 20: 0.9443
 -- Sample 21: 0.9352
 -- Sample 22: 0.9514
 -- Sample 23: 0.9542
 -- Sample 24: 0.9516
 -- Sample 25: 0.9407
 -- Sample 26: 0.9581
 -- Sample 27: 0.9525
 -- Sample 28: 0.9547
 -- Sample 29: 0.9551
 -- Sample 30: 0.9551
 -- Sample 31: 0.9574
 -- Sample 32: 0.9522
 -- Sample 33: 0.9611
 -- Sample 34: 0.9302
 -- Sample 35: 0.9238
 -- Sample 36: 0.9277
 -- Sample 37: 0.9175
 -- Sample 38: 0.9445
 -- Sample 39: 0.9524
 -- Sample 40: 0.9367
 -- Sample 41: 0.9367
 -- Sample 42: 0.9549
 -- Sample 43: 0.9619
 -- Sample 44: 0.9643
 -- Sample 45: 0.9580
 -- Sample 46: 0.9577
 -- Sample 47: 0.9494
 -- Sample 48: 0.9516
 -- Sample 49: 0.9462
Mean=0.9447, Std=0.0231
------------------------------------------------------------------
Processing Batch 5 (Size: 50)...
input shape:  torch.Size([50, 1, 120, 120, 120])
output shape:  torch.Size([50, 1, 120, 120, 120])
target shape:  torch.Size([50, 1, 120, 120, 120])
torch.Size([50, 1, 120, 120, 120])
Bias Error: using Single Component
Mean: 1.2473, Std: 0.8859
------------------------------------------------------------------
Magnitude Error: 
 -- Sample 0: mean=2.1366%; std=1.9871
 -- Sample 1: mean=2.1068%; std=2.0430
 -- Sample 2: mean=1.9453%; std=1.8216
 -- Sample 3: mean=1.7884%; std=1.6857
 -- Sample 4: mean=1.7548%; std=1.5289
 -- Sample 5: mean=1.7796%; std=1.5244
 -- Sample 6: mean=1.6559%; std=1.4394
 -- Sample 7: mean=1.7879%; std=1.6225
 -- Sample 8: mean=2.2504%; std=2.0331
 -- Sample 9: mean=2.1953%; std=2.0297
 -- Sample 10: mean=2.5013%; std=2.0150
 -- Sample 11: mean=2.1746%; std=2.0294
 -- Sample 12: mean=1.4554%; std=1.4713
 -- Sample 13: mean=1.5469%; std=1.4717
 -- Sample 14: mean=1.6257%; std=1.5828
 -- Sample 15: mean=1.5637%; std=1.4162
 -- Sample 16: mean=1.6169%; std=1.5221
 -- Sample 17: mean=1.8071%; std=1.7010
 -- Sample 18: mean=1.9860%; std=1.5766
 -- Sample 19: mean=1.5493%; std=1.4930
 -- Sample 20: mean=1.4562%; std=1.6147
 -- Sample 21: mean=1.4334%; std=1.6299
 -- Sample 22: mean=1.5289%; std=1.6249
 -- Sample 23: mean=1.5028%; std=1.7006
 -- Sample 24: mean=1.0031%; std=1.2883
 -- Sample 25: mean=0.9743%; std=1.2761
 -- Sample 26: mean=0.9964%; std=1.2691
 -- Sample 27: mean=1.0077%; std=1.2831
 -- Sample 28: mean=2.6829%; std=2.1879
 -- Sample 29: mean=2.9585%; std=2.5155
 -- Sample 30: mean=3.1222%; std=2.6449
 -- Sample 31: mean=3.1128%; std=2.7493
 -- Sample 32: mean=3.2289%; std=2.2271
 -- Sample 33: mean=3.0457%; std=2.0986
 -- Sample 34: mean=2.6664%; std=1.8403
 -- Sample 35: mean=3.4507%; std=2.4741
 -- Sample 36: mean=2.1201%; std=1.7319
 -- Sample 37: mean=2.3216%; std=1.8065
 -- Sample 38: mean=1.8679%; std=1.5928
 -- Sample 39: mean=1.6751%; std=1.4330
 -- Sample 40: mean=1.6309%; std=1.6374
 -- Sample 41: mean=1.8167%; std=1.6434
 -- Sample 42: mean=2.1790%; std=1.9142
 -- Sample 43: mean=1.5820%; std=1.5316
 -- Sample 44: mean=2.1175%; std=1.7573
 -- Sample 45: mean=2.1566%; std=1.8317
 -- Sample 46: mean=2.3752%; std=2.0691
 -- Sample 47: mean=2.0853%; std=1.9296
 -- Sample 48: mean=1.4056%; std=1.4672
 -- Sample 49: mean=1.4549%; std=1.3716
Mean: 1.9637%, Std: 0.5916%
------------------------------------------------------------------
Correlation comparison:
 -- Sample 0: 0.9216
 -- Sample 1: 0.9332
 -- Sample 2: 0.9268
 -- Sample 3: 0.9238
 -- Sample 4: 0.9570
 -- Sample 5: 0.9533
 -- Sample 6: 0.9595
 -- Sample 7: 0.9529
 -- Sample 8: 0.9633
 -- Sample 9: 0.9635
 -- Sample 10: 0.9621
 -- Sample 11: 0.9659
 -- Sample 12: 0.9556
 -- Sample 13: 0.9545
 -- Sample 14: 0.9481
 -- Sample 15: 0.9576
 -- Sample 16: 0.9533
 -- Sample 17: 0.9425
 -- Sample 18: 0.9456
 -- Sample 19: 0.9514
 -- Sample 20: 0.9625
 -- Sample 21: 0.9638
 -- Sample 22: 0.9664
 -- Sample 23: 0.9646
 -- Sample 24: 0.9774
 -- Sample 25: 0.9749
 -- Sample 26: 0.9770
 -- Sample 27: 0.9760
 -- Sample 28: 0.8369
 -- Sample 29: 0.8325
 -- Sample 30: 0.7996
 -- Sample 31: 0.7930
 -- Sample 32: 0.9061
 -- Sample 33: 0.9105
 -- Sample 34: 0.9193
 -- Sample 35: 0.8931
 -- Sample 36: 0.8824
 -- Sample 37: 0.8690
 -- Sample 38: 0.8742
 -- Sample 39: 0.8802
 -- Sample 40: 0.9377
 -- Sample 41: 0.9341
 -- Sample 42: 0.9210
 -- Sample 43: 0.9484
 -- Sample 44: 0.9255
 -- Sample 45: 0.9227
 -- Sample 46: 0.9194
 -- Sample 47: 0.9165
 -- Sample 48: 0.8640
 -- Sample 49: 0.8950
Mean=0.9267, Std=0.0443
------------------------------------------------------------------
Processing Batch 6 (Size: 34)...
input shape:  torch.Size([34, 1, 120, 120, 120])
output shape:  torch.Size([34, 1, 120, 120, 120])
target shape:  torch.Size([34, 1, 120, 120, 120])
torch.Size([34, 1, 120, 120, 120])
Bias Error: using Single Component
Mean: 1.3875, Std: 0.7360
------------------------------------------------------------------
Magnitude Error: 
 -- Sample 0: mean=1.5927%; std=1.4855
 -- Sample 1: mean=1.6853%; std=1.5508
 -- Sample 2: mean=1.8704%; std=1.4595
 -- Sample 3: mean=2.2627%; std=1.5924
 -- Sample 4: mean=1.7215%; std=1.4200
 -- Sample 5: mean=1.6939%; std=1.4473
 -- Sample 6: mean=2.4231%; std=2.1906
 -- Sample 7: mean=2.9550%; std=2.5607
 -- Sample 8: mean=2.7193%; std=2.2416
 -- Sample 9: mean=2.0023%; std=1.9069
 -- Sample 10: mean=1.0451%; std=1.3150
 -- Sample 11: mean=1.0260%; std=1.2903
 -- Sample 12: mean=1.0836%; std=1.3230
 -- Sample 13: mean=1.0198%; std=1.3262
 -- Sample 14: mean=1.5878%; std=1.6260
 -- Sample 15: mean=1.6187%; std=1.7023
 -- Sample 16: mean=1.6164%; std=1.7412
 -- Sample 17: mean=1.6746%; std=1.8078
 -- Sample 18: mean=3.4480%; std=2.8741
 -- Sample 19: mean=2.8792%; std=2.7439
 -- Sample 20: mean=3.6866%; std=3.2614
 -- Sample 21: mean=3.5412%; std=2.9968
 -- Sample 22: mean=1.7864%; std=2.0098
 -- Sample 23: mean=1.8295%; std=2.2075
 -- Sample 24: mean=1.8161%; std=2.1413
 -- Sample 25: mean=1.7755%; std=2.0868
 -- Sample 26: mean=4.1485%; std=2.6420
 -- Sample 27: mean=4.3486%; std=2.6515
 -- Sample 28: mean=4.5940%; std=2.6506
 -- Sample 29: mean=4.9938%; std=2.7450
 -- Sample 30: mean=0.8643%; std=1.2339
 -- Sample 31: mean=0.8972%; std=1.2413
 -- Sample 32: mean=0.8655%; std=1.2266
 -- Sample 33: mean=0.8952%; std=1.2175
Mean: 2.1755%, Std: 1.1427%
------------------------------------------------------------------
Correlation comparison:
 -- Sample 0: 0.8982
 -- Sample 1: 0.8775
 -- Sample 2: 0.9629
 -- Sample 3: 0.9537
 -- Sample 4: 0.9631
 -- Sample 5: 0.9647
 -- Sample 6: 0.9235
 -- Sample 7: 0.8964
 -- Sample 8: 0.9130
 -- Sample 9: 0.9282
 -- Sample 10: 0.9121
 -- Sample 11: 0.9191
 -- Sample 12: 0.9076
 -- Sample 13: 0.9016
 -- Sample 14: 0.9608
 -- Sample 15: 0.9624
 -- Sample 16: 0.9639
 -- Sample 17: 0.9617
 -- Sample 18: 0.9060
 -- Sample 19: 0.9220
 -- Sample 20: 0.8886
 -- Sample 21: 0.9050
 -- Sample 22: 0.9222
 -- Sample 23: 0.9160
 -- Sample 24: 0.9163
 -- Sample 25: 0.9187
 -- Sample 26: 0.8363
 -- Sample 27: 0.8316
 -- Sample 28: 0.8163
 -- Sample 29: 0.7804
 -- Sample 30: 0.9741
 -- Sample 31: 0.9702
 -- Sample 32: 0.9728
 -- Sample 33: 0.9681
Mean=0.9181, Std=0.0468
------------------------------------------------------------------

-----------------------------------------------------


========================================================================================================================



  Berea Sinter Gray  results:


Loading data...
Testing model:   Ko et. al (Etapa 3)
Processing Batch 1 (Size: 50)...
input shape:  torch.Size([50, 1, 120, 120, 120])
output shape:  torch.Size([50, 1, 120, 120, 120])
target shape:  torch.Size([50, 1, 120, 120, 120])
torch.Size([50, 1, 120, 120, 120])
Bias Error: using Single Component
Mean: 1.0412, Std: 0.9484
------------------------------------------------------------------
Magnitude Error: 
 -- Sample 0: mean=1.3262%; std=1.6304
 -- Sample 1: mean=1.5054%; std=1.7329
 -- Sample 2: mean=1.3779%; std=1.5224
 -- Sample 3: mean=1.3663%; std=1.4851
 -- Sample 4: mean=2.9398%; std=2.5591
 -- Sample 5: mean=2.4782%; std=2.4515
 -- Sample 6: mean=2.9387%; std=2.4091
 -- Sample 7: mean=2.6020%; std=2.2403
 -- Sample 8: mean=1.2632%; std=1.4756
 -- Sample 9: mean=1.3333%; std=1.5475
 -- Sample 10: mean=1.4179%; std=1.7233
 -- Sample 11: mean=1.3722%; std=1.6582
 -- Sample 12: mean=2.1279%; std=2.8170
 -- Sample 13: mean=2.0126%; std=2.5589
 -- Sample 14: mean=1.9307%; std=2.6225
 -- Sample 15: mean=1.9702%; std=2.4748
 -- Sample 16: mean=1.6113%; std=2.2504
 -- Sample 17: mean=1.7848%; std=2.6598
 -- Sample 18: mean=1.7605%; std=2.5417
 -- Sample 19: mean=1.7831%; std=2.5935
 -- Sample 20: mean=1.7995%; std=1.7111
 -- Sample 21: mean=2.3615%; std=2.1441
 -- Sample 22: mean=2.0801%; std=1.6928
 -- Sample 23: mean=2.1300%; std=1.7951
 -- Sample 24: mean=1.2978%; std=1.2263
 -- Sample 25: mean=1.2296%; std=1.2178
 -- Sample 26: mean=1.3642%; std=1.2977
 -- Sample 27: mean=1.5210%; std=1.3335
 -- Sample 28: mean=1.7923%; std=1.9017
 -- Sample 29: mean=1.5818%; std=1.6271
 -- Sample 30: mean=2.0637%; std=1.8341
 -- Sample 31: mean=2.0713%; std=1.9283
 -- Sample 32: mean=2.7004%; std=2.4606
 -- Sample 33: mean=2.9955%; std=2.4753
 -- Sample 34: mean=3.2118%; std=2.7130
 -- Sample 35: mean=2.6826%; std=2.5592
 -- Sample 36: mean=1.4145%; std=1.3328
 -- Sample 37: mean=1.7439%; std=1.7744
 -- Sample 38: mean=1.5119%; std=1.4345
 -- Sample 39: mean=1.8435%; std=1.4111
 -- Sample 40: mean=2.2467%; std=1.7072
 -- Sample 41: mean=2.5815%; std=1.8750
 -- Sample 42: mean=3.0695%; std=2.0758
 -- Sample 43: mean=2.2688%; std=1.6796
 -- Sample 44: mean=1.3122%; std=1.3324
 -- Sample 45: mean=1.2446%; std=1.2621
 -- Sample 46: mean=1.1364%; std=1.2521
 -- Sample 47: mean=1.1007%; std=1.2728
 -- Sample 48: mean=2.1566%; std=2.1082
 -- Sample 49: mean=2.1213%; std=2.0880
Mean: 1.9107%, Std: 0.5652%
------------------------------------------------------------------
Correlation comparison:
 -- Sample 0: 0.9567
 -- Sample 1: 0.9522
 -- Sample 2: 0.9600
 -- Sample 3: 0.9623
 -- Sample 4: 0.8503
 -- Sample 5: 0.8431
 -- Sample 6: 0.8483
 -- Sample 7: 0.8502
 -- Sample 8: 0.9707
 -- Sample 9: 0.9651
 -- Sample 10: 0.9642
 -- Sample 11: 0.9646
 -- Sample 12: 0.9284
 -- Sample 13: 0.9405
 -- Sample 14: 0.9332
 -- Sample 15: 0.9399
 -- Sample 16: 0.9532
 -- Sample 17: 0.9503
 -- Sample 18: 0.9447
 -- Sample 19: 0.9435
 -- Sample 20: 0.9317
 -- Sample 21: 0.9082
 -- Sample 22: 0.9184
 -- Sample 23: 0.9363
 -- Sample 24: 0.9157
 -- Sample 25: 0.9216
 -- Sample 26: 0.9148
 -- Sample 27: 0.9134
 -- Sample 28: 0.9496
 -- Sample 29: 0.9580
 -- Sample 30: 0.9530
 -- Sample 31: 0.9502
 -- Sample 32: 0.9305
 -- Sample 33: 0.9353
 -- Sample 34: 0.9302
 -- Sample 35: 0.9331
 -- Sample 36: 0.9377
 -- Sample 37: 0.9271
 -- Sample 38: 0.9374
 -- Sample 39: 0.9289
 -- Sample 40: 0.9544
 -- Sample 41: 0.9489
 -- Sample 42: 0.9366
 -- Sample 43: 0.9579
 -- Sample 44: 0.9537
 -- Sample 45: 0.9544
 -- Sample 46: 0.9617
 -- Sample 47: 0.9541
 -- Sample 48: 0.9608
 -- Sample 49: 0.9652
Mean=0.9360, Std=0.0302
------------------------------------------------------------------
Processing Batch 2 (Size: 50)...
input shape:  torch.Size([50, 1, 120, 120, 120])
output shape:  torch.Size([50, 1, 120, 120, 120])
target shape:  torch.Size([50, 1, 120, 120, 120])
torch.Size([50, 1, 120, 120, 120])
Bias Error: using Single Component
Mean: 1.3053, Std: 1.8685
------------------------------------------------------------------
Magnitude Error: 
 -- Sample 0: mean=2.0798%; std=2.0479
 -- Sample 1: mean=2.3521%; std=2.2966
 -- Sample 2: mean=2.2132%; std=1.8546
 -- Sample 3: mean=2.2464%; std=1.9802
 -- Sample 4: mean=2.1029%; std=1.8248
 -- Sample 5: mean=2.2100%; std=1.9132
 -- Sample 6: mean=1.2272%; std=1.5411
 -- Sample 7: mean=1.2601%; std=1.5165
 -- Sample 8: mean=0.9860%; std=1.3526
 -- Sample 9: mean=1.1768%; std=1.4639
 -- Sample 10: mean=6.2303%; std=3.6424
 -- Sample 11: mean=5.3216%; std=3.1856
 -- Sample 12: mean=6.8348%; std=4.0146
 -- Sample 13: mean=6.3113%; std=3.6433
 -- Sample 14: mean=1.9618%; std=1.6134
 -- Sample 15: mean=1.5606%; std=1.4986
 -- Sample 16: mean=1.4052%; std=1.3208
 -- Sample 17: mean=1.9856%; std=1.5358
 -- Sample 18: mean=2.0692%; std=1.4638
 -- Sample 19: mean=2.0253%; std=1.4536
 -- Sample 20: mean=2.3418%; std=1.4888
 -- Sample 21: mean=2.4523%; std=1.3975
 -- Sample 22: mean=1.1026%; std=1.1037
 -- Sample 23: mean=1.0831%; std=1.1043
 -- Sample 24: mean=1.3859%; std=1.1023
 -- Sample 25: mean=1.2137%; std=1.0489
 -- Sample 26: mean=1.4608%; std=1.3160
 -- Sample 27: mean=1.3436%; std=1.2244
 -- Sample 28: mean=1.2539%; std=1.3192
 -- Sample 29: mean=1.3606%; std=1.2178
 -- Sample 30: mean=1.3802%; std=1.4310
 -- Sample 31: mean=1.4527%; std=1.5069
 -- Sample 32: mean=1.3526%; std=1.4730
 -- Sample 33: mean=1.6208%; std=1.7098
 -- Sample 34: mean=0.9909%; std=1.4082
 -- Sample 35: mean=1.0392%; std=1.3852
 -- Sample 36: mean=0.9994%; std=1.4207
 -- Sample 37: mean=1.0314%; std=1.4611
 -- Sample 38: mean=2.4901%; std=2.0336
 -- Sample 39: mean=3.1194%; std=2.0612
 -- Sample 40: mean=2.7486%; std=1.7101
 -- Sample 41: mean=2.7173%; std=1.8002
 -- Sample 42: mean=2.5603%; std=2.2663
 -- Sample 43: mean=2.1484%; std=1.9628
 -- Sample 44: mean=2.3855%; std=2.0101
 -- Sample 45: mean=2.2359%; std=1.9050
 -- Sample 46: mean=1.5140%; std=1.5723
 -- Sample 47: mean=1.6372%; std=1.5699
 -- Sample 48: mean=1.6036%; std=1.6113
 -- Sample 49: mean=1.6681%; std=1.6548
Mean: 2.1051%, Std: 1.3233%
------------------------------------------------------------------
Correlation comparison:
 -- Sample 0: 0.9649
 -- Sample 1: 0.9588
 -- Sample 2: 0.9390
 -- Sample 3: 0.9342
 -- Sample 4: 0.9420
 -- Sample 5: 0.9368
 -- Sample 6: 0.9719
 -- Sample 7: 0.9742
 -- Sample 8: 0.9767
 -- Sample 9: 0.9744
 -- Sample 10: 0.3443
 -- Sample 11: 0.3341
 -- Sample 12: 0.3502
 -- Sample 13: 0.3533
 -- Sample 14: 0.8987
 -- Sample 15: 0.8831
 -- Sample 16: 0.8878
 -- Sample 17: 0.8971
 -- Sample 18: 0.9260
 -- Sample 19: 0.9291
 -- Sample 20: 0.9379
 -- Sample 21: 0.9166
 -- Sample 22: 0.9761
 -- Sample 23: 0.9763
 -- Sample 24: 0.9743
 -- Sample 25: 0.9758
 -- Sample 26: 0.9571
 -- Sample 27: 0.9631
 -- Sample 28: 0.9579
 -- Sample 29: 0.9574
 -- Sample 30: 0.9699
 -- Sample 31: 0.9656
 -- Sample 32: 0.9634
 -- Sample 33: 0.9616
 -- Sample 34: 0.9738
 -- Sample 35: 0.9772
 -- Sample 36: 0.9733
 -- Sample 37: 0.9692
 -- Sample 38: 0.8825
 -- Sample 39: 0.8729
 -- Sample 40: 0.9029
 -- Sample 41: 0.8972
 -- Sample 42: 0.9368
 -- Sample 43: 0.9512
 -- Sample 44: 0.9462
 -- Sample 45: 0.9501
 -- Sample 46: 0.9613
 -- Sample 47: 0.9627
 -- Sample 48: 0.9597
 -- Sample 49: 0.9584
Mean=0.8981, Std=0.1655
------------------------------------------------------------------
Processing Batch 3 (Size: 50)...
input shape:  torch.Size([50, 1, 120, 120, 120])
output shape:  torch.Size([50, 1, 120, 120, 120])
target shape:  torch.Size([50, 1, 120, 120, 120])
torch.Size([50, 1, 120, 120, 120])
Bias Error: using Single Component
Mean: 1.8102, Std: 1.4220
------------------------------------------------------------------
Magnitude Error: 
 -- Sample 0: mean=1.0534%; std=1.2305
 -- Sample 1: mean=1.0166%; std=1.2372
 -- Sample 2: mean=1.1835%; std=1.4218
 -- Sample 3: mean=1.1534%; std=1.2922
 -- Sample 4: mean=1.7222%; std=1.3782
 -- Sample 5: mean=1.8168%; std=1.3974
 -- Sample 6: mean=1.8973%; std=1.4269
 -- Sample 7: mean=1.6020%; std=1.2968
 -- Sample 8: mean=1.7097%; std=1.7711
 -- Sample 9: mean=1.8048%; std=1.8746
 -- Sample 10: mean=1.7963%; std=1.9179
 -- Sample 11: mean=1.7858%; std=1.9484
 -- Sample 12: mean=5.1842%; std=3.2654
 -- Sample 13: mean=4.9681%; std=2.9269
 -- Sample 14: mean=4.5168%; std=2.6333
 -- Sample 15: mean=4.3655%; std=2.5754
 -- Sample 16: mean=1.7050%; std=1.3483
 -- Sample 17: mean=1.6197%; std=1.2797
 -- Sample 18: mean=1.7805%; std=1.4495
 -- Sample 19: mean=1.6213%; std=1.4621
 -- Sample 20: mean=2.9259%; std=2.0005
 -- Sample 21: mean=3.1028%; std=2.1507
 -- Sample 22: mean=3.1503%; std=2.0671
 -- Sample 23: mean=2.6960%; std=2.0217
 -- Sample 24: mean=1.8935%; std=2.4856
 -- Sample 25: mean=1.8844%; std=2.5345
 -- Sample 26: mean=1.9225%; std=2.5547
 -- Sample 27: mean=1.9979%; std=2.6366
 -- Sample 28: mean=3.8128%; std=2.0698
 -- Sample 29: mean=3.0168%; std=2.3218
 -- Sample 30: mean=3.1028%; std=2.3519
 -- Sample 31: mean=4.2556%; std=2.2565
 -- Sample 32: mean=1.3605%; std=1.2203
 -- Sample 33: mean=1.3458%; std=1.2966
 -- Sample 34: mean=1.4469%; std=1.2411
 -- Sample 35: mean=1.3388%; std=1.2344
 -- Sample 36: mean=3.8827%; std=2.3518
 -- Sample 37: mean=3.4997%; std=2.0843
 -- Sample 38: mean=3.7181%; std=2.2901
 -- Sample 39: mean=4.1722%; std=2.5136
 -- Sample 40: mean=1.2208%; std=1.5689
 -- Sample 41: mean=1.2763%; std=1.6490
 -- Sample 42: mean=1.2347%; std=1.4812
 -- Sample 43: mean=1.1822%; std=1.5548
 -- Sample 44: mean=1.1942%; std=1.4507
 -- Sample 45: mean=1.2147%; std=1.4108
 -- Sample 46: mean=1.2553%; std=1.4235
 -- Sample 47: mean=1.2009%; std=1.4217
 -- Sample 48: mean=3.1513%; std=3.0816
 -- Sample 49: mean=3.0616%; std=2.9890
Mean: 2.2964%, Std: 1.1621%
------------------------------------------------------------------
Correlation comparison:
 -- Sample 0: 0.9658
 -- Sample 1: 0.9627
 -- Sample 2: 0.9593
 -- Sample 3: 0.9605
 -- Sample 4: 0.9363
 -- Sample 5: 0.9367
 -- Sample 6: 0.9317
 -- Sample 7: 0.9447
 -- Sample 8: 0.8818
 -- Sample 9: 0.8813
 -- Sample 10: 0.8829
 -- Sample 11: 0.8761
 -- Sample 12: 0.8559
 -- Sample 13: 0.8730
 -- Sample 14: 0.8895
 -- Sample 15: 0.8916
 -- Sample 16: 0.9584
 -- Sample 17: 0.9616
 -- Sample 18: 0.9568
 -- Sample 19: 0.9569
 -- Sample 20: 0.8801
 -- Sample 21: 0.8607
 -- Sample 22: 0.8658
 -- Sample 23: 0.8776
 -- Sample 24: 0.8308
 -- Sample 25: 0.8416
 -- Sample 26: 0.8056
 -- Sample 27: 0.7710
 -- Sample 28: 0.8691
 -- Sample 29: 0.8535
 -- Sample 30: 0.8408
 -- Sample 31: 0.8549
 -- Sample 32: 0.9625
 -- Sample 33: 0.9617
 -- Sample 34: 0.9633
 -- Sample 35: 0.9603
 -- Sample 36: 0.8762
 -- Sample 37: 0.8975
 -- Sample 38: 0.8779
 -- Sample 39: 0.8623
 -- Sample 40: 0.9720
 -- Sample 41: 0.9684
 -- Sample 42: 0.9721
 -- Sample 43: 0.9714
 -- Sample 44: 0.9741
 -- Sample 45: 0.9692
 -- Sample 46: 0.9676
 -- Sample 47: 0.9725
 -- Sample 48: 0.6359
 -- Sample 49: 0.6564
Mean=0.9007, Std=0.0738
------------------------------------------------------------------
Processing Batch 4 (Size: 50)...
input shape:  torch.Size([50, 1, 120, 120, 120])
output shape:  torch.Size([50, 1, 120, 120, 120])
target shape:  torch.Size([50, 1, 120, 120, 120])
torch.Size([50, 1, 120, 120, 120])
Bias Error: using Single Component
Mean: 1.3146, Std: 1.1671
------------------------------------------------------------------
Magnitude Error: 
 -- Sample 0: mean=3.0281%; std=2.8853
 -- Sample 1: mean=3.4307%; std=3.3604
 -- Sample 2: mean=1.8100%; std=1.5736
 -- Sample 3: mean=1.9672%; std=1.6260
 -- Sample 4: mean=1.8042%; std=1.5863
 -- Sample 5: mean=1.9481%; std=1.6428
 -- Sample 6: mean=2.0613%; std=1.6341
 -- Sample 7: mean=2.0286%; std=1.7259
 -- Sample 8: mean=2.2715%; std=1.7111
 -- Sample 9: mean=2.3073%; std=1.8586
 -- Sample 10: mean=1.1047%; std=1.3818
 -- Sample 11: mean=1.0450%; std=1.3697
 -- Sample 12: mean=1.0503%; std=1.3378
 -- Sample 13: mean=1.1516%; std=1.3533
 -- Sample 14: mean=1.2583%; std=1.3456
 -- Sample 15: mean=1.3551%; std=1.4225
 -- Sample 16: mean=1.2197%; std=1.3553
 -- Sample 17: mean=1.2359%; std=1.3358
 -- Sample 18: mean=2.1930%; std=2.1835
 -- Sample 19: mean=1.8676%; std=1.9317
 -- Sample 20: mean=1.7487%; std=1.8774
 -- Sample 21: mean=1.8935%; std=1.9380
 -- Sample 22: mean=1.6694%; std=1.3438
 -- Sample 23: mean=2.1458%; std=1.5560
 -- Sample 24: mean=1.8996%; std=1.5089
 -- Sample 25: mean=1.9566%; std=1.4301
 -- Sample 26: mean=1.4981%; std=1.7979
 -- Sample 27: mean=1.4436%; std=1.7325
 -- Sample 28: mean=1.5524%; std=1.8278
 -- Sample 29: mean=1.4653%; std=1.7733
 -- Sample 30: mean=1.9179%; std=1.4851
 -- Sample 31: mean=1.8861%; std=1.5977
 -- Sample 32: mean=2.0589%; std=1.6149
 -- Sample 33: mean=1.6810%; std=1.4342
 -- Sample 34: mean=2.6534%; std=1.8809
 -- Sample 35: mean=2.2536%; std=1.6796
 -- Sample 36: mean=2.2600%; std=1.7135
 -- Sample 37: mean=2.2961%; std=1.7921
 -- Sample 38: mean=4.3082%; std=3.5072
 -- Sample 39: mean=3.9609%; std=3.0491
 -- Sample 40: mean=3.6295%; std=3.1616
 -- Sample 41: mean=3.7404%; std=3.1263
 -- Sample 42: mean=1.4475%; std=1.7579
 -- Sample 43: mean=1.3701%; std=1.7134
 -- Sample 44: mean=1.3989%; std=1.7280
 -- Sample 45: mean=1.3559%; std=1.6618
 -- Sample 46: mean=2.1619%; std=2.0605
 -- Sample 47: mean=2.2032%; std=2.1112
 -- Sample 48: mean=2.2916%; std=2.2861
 -- Sample 49: mean=1.8956%; std=1.9047
Mean: 2.0036%, Std: 0.7408%
------------------------------------------------------------------
Correlation comparison:
 -- Sample 0: 0.6097
 -- Sample 1: 0.6428
 -- Sample 2: 0.8218
 -- Sample 3: 0.8286
 -- Sample 4: 0.8415
 -- Sample 5: 0.8337
 -- Sample 6: 0.8973
 -- Sample 7: 0.8742
 -- Sample 8: 0.8985
 -- Sample 9: 0.8794
 -- Sample 10: 0.9839
 -- Sample 11: 0.9839
 -- Sample 12: 0.9842
 -- Sample 13: 0.9839
 -- Sample 14: 0.9683
 -- Sample 15: 0.9624
 -- Sample 16: 0.9697
 -- Sample 17: 0.9701
 -- Sample 18: 0.8601
 -- Sample 19: 0.8627
 -- Sample 20: 0.8471
 -- Sample 21: 0.8604
 -- Sample 22: 0.9673
 -- Sample 23: 0.9606
 -- Sample 24: 0.9616
 -- Sample 25: 0.9646
 -- Sample 26: 0.9704
 -- Sample 27: 0.9735
 -- Sample 28: 0.9683
 -- Sample 29: 0.9668
 -- Sample 30: 0.9289
 -- Sample 31: 0.9284
 -- Sample 32: 0.9288
 -- Sample 33: 0.9331
 -- Sample 34: 0.9138
 -- Sample 35: 0.9274
 -- Sample 36: 0.9257
 -- Sample 37: 0.9180
 -- Sample 38: 0.8220
 -- Sample 39: 0.8624
 -- Sample 40: 0.8648
 -- Sample 41: 0.8642
 -- Sample 42: 0.9612
 -- Sample 43: 0.9673
 -- Sample 44: 0.9621
 -- Sample 45: 0.9624
 -- Sample 46: 0.8993
 -- Sample 47: 0.8907
 -- Sample 48: 0.8774
 -- Sample 49: 0.9086
Mean=0.9069, Std=0.0762
------------------------------------------------------------------
Processing Batch 5 (Size: 48)...
input shape:  torch.Size([48, 1, 120, 120, 120])
output shape:  torch.Size([48, 1, 120, 120, 120])
target shape:  torch.Size([48, 1, 120, 120, 120])
torch.Size([48, 1, 120, 120, 120])
Bias Error: using Single Component
Mean: 1.2578, Std: 0.8790
------------------------------------------------------------------
Magnitude Error: 
 -- Sample 0: mean=1.2717%; std=1.4374
 -- Sample 1: mean=1.1579%; std=1.2639
 -- Sample 2: mean=1.1375%; std=1.2817
 -- Sample 3: mean=1.2103%; std=1.3566
 -- Sample 4: mean=1.1295%; std=1.2362
 -- Sample 5: mean=1.0367%; std=1.2045
 -- Sample 6: mean=1.0513%; std=1.2780
 -- Sample 7: mean=1.1104%; std=1.2073
 -- Sample 8: mean=1.5999%; std=1.7946
 -- Sample 9: mean=1.6036%; std=1.7574
 -- Sample 10: mean=1.5062%; std=1.6833
 -- Sample 11: mean=1.4597%; std=1.7147
 -- Sample 12: mean=2.0744%; std=1.7583
 -- Sample 13: mean=2.2979%; std=1.9290
 -- Sample 14: mean=1.8006%; std=1.8496
 -- Sample 15: mean=2.4655%; std=1.9708
 -- Sample 16: mean=1.3765%; std=1.2349
 -- Sample 17: mean=1.5047%; std=1.3046
 -- Sample 18: mean=1.5868%; std=1.3341
 -- Sample 19: mean=1.4052%; std=1.2224
 -- Sample 20: mean=2.0433%; std=2.9701
 -- Sample 21: mean=1.8725%; std=2.5265
 -- Sample 22: mean=2.0708%; std=2.8828
 -- Sample 23: mean=2.1052%; std=3.1289
 -- Sample 24: mean=1.2622%; std=1.6067
 -- Sample 25: mean=1.2416%; std=1.5641
 -- Sample 26: mean=1.1236%; std=1.4532
 -- Sample 27: mean=1.1747%; std=1.5218
 -- Sample 28: mean=1.3563%; std=1.4845
 -- Sample 29: mean=1.3470%; std=1.5106
 -- Sample 30: mean=1.2875%; std=1.4450
 -- Sample 31: mean=1.4108%; std=1.6094
 -- Sample 32: mean=2.0649%; std=1.7246
 -- Sample 33: mean=1.5589%; std=1.4625
 -- Sample 34: mean=1.4939%; std=1.5254
 -- Sample 35: mean=1.7912%; std=1.8200
 -- Sample 36: mean=3.3391%; std=2.6781
 -- Sample 37: mean=2.8873%; std=2.2957
 -- Sample 38: mean=2.7798%; std=1.9412
 -- Sample 39: mean=2.9040%; std=2.2637
 -- Sample 40: mean=1.1804%; std=1.4059
 -- Sample 41: mean=1.2236%; std=1.3906
 -- Sample 42: mean=1.1696%; std=1.3745
 -- Sample 43: mean=1.1621%; std=1.4002
 -- Sample 44: mean=3.1399%; std=2.1192
 -- Sample 45: mean=3.3095%; std=2.3925
 -- Sample 46: mean=3.2241%; std=2.4365
 -- Sample 47: mean=3.3336%; std=2.3347
Mean: 1.7634%, Std: 0.6985%
------------------------------------------------------------------
Correlation comparison:
 -- Sample 0: 0.9427
 -- Sample 1: 0.9238
 -- Sample 2: 0.9313
 -- Sample 3: 0.9311
 -- Sample 4: 0.9554
 -- Sample 5: 0.9457
 -- Sample 6: 0.9438
 -- Sample 7: 0.9535
 -- Sample 8: 0.9105
 -- Sample 9: 0.8968
 -- Sample 10: 0.9100
 -- Sample 11: 0.9083
 -- Sample 12: 0.9103
 -- Sample 13: 0.9081
 -- Sample 14: 0.9062
 -- Sample 15: 0.9010
 -- Sample 16: 0.9595
 -- Sample 17: 0.9517
 -- Sample 18: 0.9544
 -- Sample 19: 0.9580
 -- Sample 20: 0.9140
 -- Sample 21: 0.9329
 -- Sample 22: 0.9145
 -- Sample 23: 0.9046
 -- Sample 24: 0.9607
 -- Sample 25: 0.9654
 -- Sample 26: 0.9676
 -- Sample 27: 0.9637
 -- Sample 28: 0.9194
 -- Sample 29: 0.9318
 -- Sample 30: 0.9317
 -- Sample 31: 0.9288
 -- Sample 32: 0.8941
 -- Sample 33: 0.9155
 -- Sample 34: 0.9350
 -- Sample 35: 0.9069
 -- Sample 36: 0.9018
 -- Sample 37: 0.9227
 -- Sample 38: 0.9361
 -- Sample 39: 0.9243
 -- Sample 40: 0.9746
 -- Sample 41: 0.9735
 -- Sample 42: 0.9759
 -- Sample 43: 0.9740
 -- Sample 44: 0.8766
 -- Sample 45: 0.8455
 -- Sample 46: 0.8433
 -- Sample 47: 0.8469
Mean=0.9267, Std=0.0323
------------------------------------------------------------------

-----------------------------------------------------


========================================================================================================================



  Berea  results:


Loading data...
Testing model:   Ko et. al (Etapa 3)
Processing Batch 1 (Size: 50)...
input shape:  torch.Size([50, 1, 120, 120, 120])
output shape:  torch.Size([50, 1, 120, 120, 120])
target shape:  torch.Size([50, 1, 120, 120, 120])
torch.Size([50, 1, 120, 120, 120])
Bias Error: using Single Component
Mean: 1.0985, Std: 1.0103
------------------------------------------------------------------
Magnitude Error: 
 -- Sample 0: mean=2.6757%; std=2.2284
 -- Sample 1: mean=2.8114%; std=1.9179
 -- Sample 2: mean=2.7422%; std=1.9056
 -- Sample 3: mean=2.3627%; std=2.0860
 -- Sample 4: mean=1.0654%; std=1.2948
 -- Sample 5: mean=1.1823%; std=1.3149
 -- Sample 6: mean=1.1027%; std=1.3090
 -- Sample 7: mean=1.0795%; std=1.3226
 -- Sample 8: mean=1.8862%; std=1.8975
 -- Sample 9: mean=1.7549%; std=1.7764
 -- Sample 10: mean=1.8677%; std=1.9447
 -- Sample 11: mean=1.9391%; std=2.0391
 -- Sample 12: mean=1.3522%; std=1.3494
 -- Sample 13: mean=1.6188%; std=1.4728
 -- Sample 14: mean=1.6843%; std=1.5177
 -- Sample 15: mean=1.7186%; std=1.4309
 -- Sample 16: mean=1.3300%; std=1.3796
 -- Sample 17: mean=1.3397%; std=1.3754
 -- Sample 18: mean=1.2712%; std=1.3072
 -- Sample 19: mean=1.4262%; std=1.3599
 -- Sample 20: mean=1.2126%; std=1.4581
 -- Sample 21: mean=1.2623%; std=1.5605
 -- Sample 22: mean=1.3627%; std=1.5306
 -- Sample 23: mean=1.3369%; std=1.5754
 -- Sample 24: mean=1.6973%; std=2.3116
 -- Sample 25: mean=1.8944%; std=2.7197
 -- Sample 26: mean=1.9538%; std=2.5644
 -- Sample 27: mean=1.9203%; std=2.3907
 -- Sample 28: mean=1.3130%; std=1.5112
 -- Sample 29: mean=1.0978%; std=1.3817
 -- Sample 30: mean=1.1104%; std=1.5172
 -- Sample 31: mean=1.1438%; std=1.5090
 -- Sample 32: mean=3.9595%; std=2.5366
 -- Sample 33: mean=3.7664%; std=2.2536
 -- Sample 34: mean=3.8958%; std=2.2605
 -- Sample 35: mean=4.0525%; std=2.3055
 -- Sample 36: mean=1.4671%; std=1.6456
 -- Sample 37: mean=1.5843%; std=1.7680
 -- Sample 38: mean=1.5377%; std=1.8166
 -- Sample 39: mean=1.5380%; std=1.7940
 -- Sample 40: mean=1.7363%; std=1.5423
 -- Sample 41: mean=1.6521%; std=1.4368
 -- Sample 42: mean=1.7151%; std=1.4939
 -- Sample 43: mean=1.6571%; std=1.4869
 -- Sample 44: mean=1.2461%; std=1.3297
 -- Sample 45: mean=1.5488%; std=1.4949
 -- Sample 46: mean=1.1262%; std=1.2746
 -- Sample 47: mean=1.1406%; std=1.2558
 -- Sample 48: mean=1.9045%; std=1.7721
 -- Sample 49: mean=2.1010%; std=1.9502
Mean: 1.7829%, Std: 0.7548%
------------------------------------------------------------------
Correlation comparison:
 -- Sample 0: 0.9297
 -- Sample 1: 0.9388
 -- Sample 2: 0.9368
 -- Sample 3: 0.9352
 -- Sample 4: 0.9690
 -- Sample 5: 0.9670
 -- Sample 6: 0.9706
 -- Sample 7: 0.9685
 -- Sample 8: 0.9562
 -- Sample 9: 0.9596
 -- Sample 10: 0.9548
 -- Sample 11: 0.9483
 -- Sample 12: 0.9366
 -- Sample 13: 0.9207
 -- Sample 14: 0.9171
 -- Sample 15: 0.9276
 -- Sample 16: 0.9656
 -- Sample 17: 0.9652
 -- Sample 18: 0.9658
 -- Sample 19: 0.9664
 -- Sample 20: 0.9747
 -- Sample 21: 0.9734
 -- Sample 22: 0.9722
 -- Sample 23: 0.9732
 -- Sample 24: 0.9399
 -- Sample 25: 0.9277
 -- Sample 26: 0.9385
 -- Sample 27: 0.9354
 -- Sample 28: 0.9557
 -- Sample 29: 0.9576
 -- Sample 30: 0.9606
 -- Sample 31: 0.9565
 -- Sample 32: 0.7846
 -- Sample 33: 0.8063
 -- Sample 34: 0.8002
 -- Sample 35: 0.7725
 -- Sample 36: 0.9303
 -- Sample 37: 0.9295
 -- Sample 38: 0.9193
 -- Sample 39: 0.9239
 -- Sample 40: 0.9528
 -- Sample 41: 0.9515
 -- Sample 42: 0.9447
 -- Sample 43: 0.9487
 -- Sample 44: 0.9621
 -- Sample 45: 0.9579
 -- Sample 46: 0.9619
 -- Sample 47: 0.9670
 -- Sample 48: 0.9497
 -- Sample 49: 0.9434
Mean=0.9374, Std=0.0462
------------------------------------------------------------------
Processing Batch 2 (Size: 50)...
input shape:  torch.Size([50, 1, 120, 120, 120])
output shape:  torch.Size([50, 1, 120, 120, 120])
target shape:  torch.Size([50, 1, 120, 120, 120])
torch.Size([50, 1, 120, 120, 120])
Bias Error: using Single Component
Mean: 1.2218, Std: 1.0543
------------------------------------------------------------------
Magnitude Error: 
 -- Sample 0: mean=2.4917%; std=2.1433
 -- Sample 1: mean=1.8761%; std=1.8168
 -- Sample 2: mean=1.4608%; std=1.5150
 -- Sample 3: mean=1.4121%; std=1.5085
 -- Sample 4: mean=1.6161%; std=1.5310
 -- Sample 5: mean=1.4043%; std=1.4302
 -- Sample 6: mean=1.2540%; std=1.3902
 -- Sample 7: mean=1.1365%; std=1.3028
 -- Sample 8: mean=1.2636%; std=1.3555
 -- Sample 9: mean=1.2678%; std=1.4182
 -- Sample 10: mean=1.2460%; std=1.3129
 -- Sample 11: mean=1.1385%; std=1.2951
 -- Sample 12: mean=1.2696%; std=1.3066
 -- Sample 13: mean=1.2263%; std=1.3247
 -- Sample 14: mean=1.2929%; std=1.3842
 -- Sample 15: mean=1.3050%; std=1.3352
 -- Sample 16: mean=1.4122%; std=1.4669
 -- Sample 17: mean=1.2493%; std=1.2971
 -- Sample 18: mean=1.2751%; std=1.2562
 -- Sample 19: mean=1.3142%; std=1.2752
 -- Sample 20: mean=1.1099%; std=1.1845
 -- Sample 21: mean=1.2730%; std=1.2472
 -- Sample 22: mean=4.3952%; std=2.0955
 -- Sample 23: mean=4.7154%; std=2.4771
 -- Sample 24: mean=5.0551%; std=2.3911
 -- Sample 25: mean=4.4979%; std=2.4887
 -- Sample 26: mean=1.5386%; std=1.5500
 -- Sample 27: mean=1.7012%; std=1.7168
 -- Sample 28: mean=1.8047%; std=1.8099
 -- Sample 29: mean=1.5999%; std=1.7576
 -- Sample 30: mean=1.7164%; std=1.4593
 -- Sample 31: mean=1.8522%; std=1.4750
 -- Sample 32: mean=1.6394%; std=1.4084
 -- Sample 33: mean=1.5418%; std=1.3594
 -- Sample 34: mean=1.3697%; std=1.4251
 -- Sample 35: mean=1.5443%; std=1.4212
 -- Sample 36: mean=1.4294%; std=1.3785
 -- Sample 37: mean=1.3865%; std=1.4038
 -- Sample 38: mean=1.7574%; std=1.8892
 -- Sample 39: mean=1.8677%; std=1.9408
 -- Sample 40: mean=1.7317%; std=1.9387
 -- Sample 41: mean=1.7784%; std=2.0519
 -- Sample 42: mean=1.9558%; std=1.5546
 -- Sample 43: mean=1.5996%; std=1.3358
 -- Sample 44: mean=1.9125%; std=1.4487
 -- Sample 45: mean=1.6635%; std=1.3549
 -- Sample 46: mean=2.3568%; std=1.7215
 -- Sample 47: mean=2.3635%; std=1.7436
 -- Sample 48: mean=2.1291%; std=1.8287
 -- Sample 49: mean=2.0264%; std=1.7330
Mean: 1.8245%, Std: 0.9009%
------------------------------------------------------------------
Correlation comparison:
 -- Sample 0: 0.9288
 -- Sample 1: 0.9468
 -- Sample 2: 0.9325
 -- Sample 3: 0.9410
 -- Sample 4: 0.9446
 -- Sample 5: 0.9365
 -- Sample 6: 0.9619
 -- Sample 7: 0.9713
 -- Sample 8: 0.9677
 -- Sample 9: 0.9597
 -- Sample 10: 0.9496
 -- Sample 11: 0.9522
 -- Sample 12: 0.9431
 -- Sample 13: 0.9549
 -- Sample 14: 0.9660
 -- Sample 15: 0.9675
 -- Sample 16: 0.9623
 -- Sample 17: 0.9681
 -- Sample 18: 0.9620
 -- Sample 19: 0.9579
 -- Sample 20: 0.9645
 -- Sample 21: 0.9625
 -- Sample 22: 0.8471
 -- Sample 23: 0.8253
 -- Sample 24: 0.8461
 -- Sample 25: 0.8373
 -- Sample 26: 0.9599
 -- Sample 27: 0.9540
 -- Sample 28: 0.9480
 -- Sample 29: 0.9465
 -- Sample 30: 0.9508
 -- Sample 31: 0.9494
 -- Sample 32: 0.9533
 -- Sample 33: 0.9546
 -- Sample 34: 0.9643
 -- Sample 35: 0.9644
 -- Sample 36: 0.9636
 -- Sample 37: 0.9587
 -- Sample 38: 0.9295
 -- Sample 39: 0.9260
 -- Sample 40: 0.9233
 -- Sample 41: 0.9255
 -- Sample 42: 0.9491
 -- Sample 43: 0.9568
 -- Sample 44: 0.9484
 -- Sample 45: 0.9541
 -- Sample 46: 0.9058
 -- Sample 47: 0.9032
 -- Sample 48: 0.8847
 -- Sample 49: 0.8987
Mean=0.9386, Std=0.0350
------------------------------------------------------------------
Processing Batch 3 (Size: 50)...
input shape:  torch.Size([50, 1, 120, 120, 120])
output shape:  torch.Size([50, 1, 120, 120, 120])
target shape:  torch.Size([50, 1, 120, 120, 120])
torch.Size([50, 1, 120, 120, 120])
Bias Error: using Single Component
Mean: 1.0164, Std: 0.9116
------------------------------------------------------------------
Magnitude Error: 
 -- Sample 0: mean=2.1231%; std=2.0231
 -- Sample 1: mean=2.2835%; std=2.1143
 -- Sample 2: mean=2.2281%; std=2.2375
 -- Sample 3: mean=2.2444%; std=2.1876
 -- Sample 4: mean=1.0766%; std=1.3243
 -- Sample 5: mean=0.9667%; std=1.2976
 -- Sample 6: mean=0.9438%; std=1.2978
 -- Sample 7: mean=1.0078%; std=1.3098
 -- Sample 8: mean=1.1664%; std=1.3785
 -- Sample 9: mean=1.0760%; std=1.4583
 -- Sample 10: mean=1.2459%; std=1.3194
 -- Sample 11: mean=1.1867%; std=1.3858
 -- Sample 12: mean=1.1243%; std=1.3835
 -- Sample 13: mean=1.2101%; std=1.4151
 -- Sample 14: mean=1.1966%; std=1.4269
 -- Sample 15: mean=1.1738%; std=1.4101
 -- Sample 16: mean=4.1861%; std=3.6069
 -- Sample 17: mean=4.1024%; std=3.6933
 -- Sample 18: mean=3.7543%; std=3.3130
 -- Sample 19: mean=3.6818%; std=3.1290
 -- Sample 20: mean=1.1150%; std=1.1554
 -- Sample 21: mean=1.0168%; std=1.1435
 -- Sample 22: mean=1.0676%; std=1.1767
 -- Sample 23: mean=1.0126%; std=1.1354
 -- Sample 24: mean=2.4794%; std=2.1313
 -- Sample 25: mean=2.6572%; std=2.1313
 -- Sample 26: mean=2.0373%; std=1.9195
 -- Sample 27: mean=2.3970%; std=1.9680
 -- Sample 28: mean=1.6520%; std=1.5764
 -- Sample 29: mean=1.7092%; std=1.6227
 -- Sample 30: mean=1.5573%; std=1.5144
 -- Sample 31: mean=1.5878%; std=1.7076
 -- Sample 32: mean=1.5099%; std=1.5350
 -- Sample 33: mean=1.5052%; std=1.5210
 -- Sample 34: mean=1.3862%; std=1.4753
 -- Sample 35: mean=1.4647%; std=1.4761
 -- Sample 36: mean=1.0844%; std=1.3177
 -- Sample 37: mean=1.3184%; std=1.3703
 -- Sample 38: mean=1.0936%; std=1.3237
 -- Sample 39: mean=1.2099%; std=1.3552
 -- Sample 40: mean=1.6460%; std=1.5744
 -- Sample 41: mean=1.4793%; std=1.5566
 -- Sample 42: mean=1.5751%; std=1.5411
 -- Sample 43: mean=1.4896%; std=1.5018
 -- Sample 44: mean=1.1718%; std=1.4299
 -- Sample 45: mean=1.3371%; std=1.4195
 -- Sample 46: mean=1.3445%; std=1.4545
 -- Sample 47: mean=1.2684%; std=1.5168
 -- Sample 48: mean=2.8261%; std=2.1327
 -- Sample 49: mean=2.2686%; std=1.7421
Mean: 1.7049%, Std: 0.8129%
------------------------------------------------------------------
Correlation comparison:
 -- Sample 0: 0.9179
 -- Sample 1: 0.9099
 -- Sample 2: 0.9101
 -- Sample 3: 0.9078
 -- Sample 4: 0.9726
 -- Sample 5: 0.9702
 -- Sample 6: 0.9745
 -- Sample 7: 0.9740
 -- Sample 8: 0.9147
 -- Sample 9: 0.9039
 -- Sample 10: 0.9182
 -- Sample 11: 0.9152
 -- Sample 12: 0.9741
 -- Sample 13: 0.9725
 -- Sample 14: 0.9719
 -- Sample 15: 0.9711
 -- Sample 16: 0.8427
 -- Sample 17: 0.8402
 -- Sample 18: 0.8647
 -- Sample 19: 0.8741
 -- Sample 20: 0.9703
 -- Sample 21: 0.9726
 -- Sample 22: 0.9689
 -- Sample 23: 0.9689
 -- Sample 24: 0.9062
 -- Sample 25: 0.9019
 -- Sample 26: 0.9167
 -- Sample 27: 0.9169
 -- Sample 28: 0.9512
 -- Sample 29: 0.9494
 -- Sample 30: 0.9550
 -- Sample 31: 0.9510
 -- Sample 32: 0.9447
 -- Sample 33: 0.9408
 -- Sample 34: 0.9495
 -- Sample 35: 0.9513
 -- Sample 36: 0.9752
 -- Sample 37: 0.9720
 -- Sample 38: 0.9749
 -- Sample 39: 0.9717
 -- Sample 40: 0.9274
 -- Sample 41: 0.9268
 -- Sample 42: 0.9247
 -- Sample 43: 0.9284
 -- Sample 44: 0.9547
 -- Sample 45: 0.9683
 -- Sample 46: 0.9634
 -- Sample 47: 0.9607
 -- Sample 48: 0.8557
 -- Sample 49: 0.8815
Mean=0.9360, Std=0.0372
------------------------------------------------------------------
Processing Batch 4 (Size: 50)...
input shape:  torch.Size([50, 1, 120, 120, 120])
output shape:  torch.Size([50, 1, 120, 120, 120])
target shape:  torch.Size([50, 1, 120, 120, 120])
torch.Size([50, 1, 120, 120, 120])
Bias Error: using Single Component
Mean: 1.3511, Std: 0.9106
------------------------------------------------------------------
Magnitude Error: 
 -- Sample 0: mean=2.4005%; std=1.8821
 -- Sample 1: mean=2.9988%; std=2.2145
 -- Sample 2: mean=3.3426%; std=2.6070
 -- Sample 3: mean=3.6038%; std=2.8383
 -- Sample 4: mean=3.1342%; std=2.3821
 -- Sample 5: mean=3.3107%; std=2.6463
 -- Sample 6: mean=1.4899%; std=1.5350
 -- Sample 7: mean=1.6043%; std=1.6008
 -- Sample 8: mean=1.4331%; std=1.5128
 -- Sample 9: mean=1.5998%; std=1.7313
 -- Sample 10: mean=1.8478%; std=1.6680
 -- Sample 11: mean=1.5493%; std=1.5752
 -- Sample 12: mean=1.5484%; std=1.5995
 -- Sample 13: mean=1.6480%; std=1.5832
 -- Sample 14: mean=1.4125%; std=1.7291
 -- Sample 15: mean=1.3026%; std=1.5379
 -- Sample 16: mean=1.2021%; std=1.4235
 -- Sample 17: mean=1.2803%; std=1.5366
 -- Sample 18: mean=2.3182%; std=2.3021
 -- Sample 19: mean=2.3074%; std=2.3215
 -- Sample 20: mean=2.6719%; std=2.7828
 -- Sample 21: mean=2.6031%; std=2.7979
 -- Sample 22: mean=1.5203%; std=1.5737
 -- Sample 23: mean=1.4756%; std=1.4924
 -- Sample 24: mean=1.4774%; std=1.5107
 -- Sample 25: mean=1.3840%; std=1.3594
 -- Sample 26: mean=2.0769%; std=2.0947
 -- Sample 27: mean=2.1168%; std=2.1505
 -- Sample 28: mean=2.2690%; std=2.2006
 -- Sample 29: mean=2.4239%; std=2.0926
 -- Sample 30: mean=1.4391%; std=1.4765
 -- Sample 31: mean=1.6297%; std=1.6171
 -- Sample 32: mean=1.4846%; std=1.5696
 -- Sample 33: mean=1.4820%; std=1.5572
 -- Sample 34: mean=4.5393%; std=2.4165
 -- Sample 35: mean=4.0961%; std=2.3248
 -- Sample 36: mean=3.8969%; std=2.2158
 -- Sample 37: mean=4.3608%; std=2.4243
 -- Sample 38: mean=2.5855%; std=1.8041
 -- Sample 39: mean=2.2547%; std=1.6913
 -- Sample 40: mean=2.2459%; std=1.7886
 -- Sample 41: mean=2.7247%; std=2.0129
 -- Sample 42: mean=1.3969%; std=1.4942
 -- Sample 43: mean=1.3364%; std=1.8704
 -- Sample 44: mean=1.4439%; std=1.7148
 -- Sample 45: mean=1.6693%; std=1.6969
 -- Sample 46: mean=3.1424%; std=2.4238
 -- Sample 47: mean=2.9431%; std=2.3357
 -- Sample 48: mean=2.8017%; std=2.1603
 -- Sample 49: mean=2.8867%; std=2.2532
Mean: 2.2343%, Std: 0.8776%
------------------------------------------------------------------
Correlation comparison:
 -- Sample 0: 0.8770
 -- Sample 1: 0.8449
 -- Sample 2: 0.8534
 -- Sample 3: 0.8196
 -- Sample 4: 0.8562
 -- Sample 5: 0.8411
 -- Sample 6: 0.9585
 -- Sample 7: 0.9551
 -- Sample 8: 0.9563
 -- Sample 9: 0.9494
 -- Sample 10: 0.9606
 -- Sample 11: 0.9645
 -- Sample 12: 0.9622
 -- Sample 13: 0.9628
 -- Sample 14: 0.9205
 -- Sample 15: 0.9178
 -- Sample 16: 0.9202
 -- Sample 17: 0.9180
 -- Sample 18: 0.9346
 -- Sample 19: 0.9168
 -- Sample 20: 0.9091
 -- Sample 21: 0.9126
 -- Sample 22: 0.9576
 -- Sample 23: 0.9622
 -- Sample 24: 0.9624
 -- Sample 25: 0.9654
 -- Sample 26: 0.9100
 -- Sample 27: 0.9057
 -- Sample 28: 0.9051
 -- Sample 29: 0.9030
 -- Sample 30: 0.9633
 -- Sample 31: 0.9553
 -- Sample 32: 0.9589
 -- Sample 33: 0.9621
 -- Sample 34: 0.8468
 -- Sample 35: 0.8588
 -- Sample 36: 0.8772
 -- Sample 37: 0.8473
 -- Sample 38: 0.9376
 -- Sample 39: 0.9429
 -- Sample 40: 0.9392
 -- Sample 41: 0.9236
 -- Sample 42: 0.9569
 -- Sample 43: 0.9389
 -- Sample 44: 0.9418
 -- Sample 45: 0.9499
 -- Sample 46: 0.8972
 -- Sample 47: 0.9133
 -- Sample 48: 0.9238
 -- Sample 49: 0.9053
Mean=0.9204, Std=0.0401
------------------------------------------------------------------
Processing Batch 5 (Size: 50)...
input shape:  torch.Size([50, 1, 120, 120, 120])
output shape:  torch.Size([50, 1, 120, 120, 120])
target shape:  torch.Size([50, 1, 120, 120, 120])
torch.Size([50, 1, 120, 120, 120])
Bias Error: using Single Component
Mean: 0.3742, Std: 0.2697
------------------------------------------------------------------
Magnitude Error: 
 -- Sample 0: mean=1.0613%; std=1.2644
 -- Sample 1: mean=0.9846%; std=1.2751
 -- Sample 2: mean=1.0366%; std=1.2609
 -- Sample 3: mean=1.0551%; std=1.2609
 -- Sample 4: mean=1.5536%; std=1.5745
 -- Sample 5: mean=1.5337%; std=1.5845
 -- Sample 6: mean=1.3569%; std=1.4881
 -- Sample 7: mean=1.4527%; std=1.5075
 -- Sample 8: mean=1.7341%; std=1.7897
 -- Sample 9: mean=2.1350%; std=2.5601
 -- Sample 10: mean=2.2493%; std=2.3278
 -- Sample 11: mean=2.2685%; std=2.5850
 -- Sample 12: mean=1.6570%; std=1.6024
 -- Sample 13: mean=1.7496%; std=1.5794
 -- Sample 14: mean=2.0498%; std=1.8482
 -- Sample 15: mean=1.9583%; std=1.7581
 -- Sample 16: mean=1.3747%; std=1.2383
 -- Sample 17: mean=1.3320%; std=1.2563
 -- Sample 18: mean=1.5330%; std=1.2803
 -- Sample 19: mean=1.4045%; std=1.3525
 -- Sample 20: mean=1.0748%; std=1.1794
 -- Sample 21: mean=1.0932%; std=1.1635
 -- Sample 22: mean=1.1671%; std=1.1741
 -- Sample 23: mean=0.9785%; std=1.1996
 -- Sample 24: mean=0.9800%; std=1.1496
 -- Sample 25: mean=1.0615%; std=1.2245
 -- Sample 26: mean=0.9489%; std=1.1594
 -- Sample 27: mean=1.1337%; std=1.2436
 -- Sample 28: mean=1.3012%; std=1.7612
 -- Sample 29: mean=1.2991%; std=1.7146
 -- Sample 30: mean=1.2453%; std=1.7395
 -- Sample 31: mean=1.3062%; std=1.8502
 -- Sample 32: mean=1.0114%; std=1.2228
 -- Sample 33: mean=1.0539%; std=1.2113
 -- Sample 34: mean=1.1014%; std=1.3073
 -- Sample 35: mean=1.0112%; std=1.2114
 -- Sample 36: mean=2.5904%; std=2.0482
 -- Sample 37: mean=2.7383%; std=2.1362
 -- Sample 38: mean=2.7961%; std=2.0846
 -- Sample 39: mean=2.6028%; std=2.1488
 -- Sample 40: mean=1.5278%; std=1.6705
 -- Sample 41: mean=1.4710%; std=1.6292
 -- Sample 42: mean=1.3920%; std=1.5556
 -- Sample 43: mean=1.3751%; std=1.4877
 -- Sample 44: mean=2.5286%; std=1.8965
 -- Sample 45: mean=2.2787%; std=1.8206
 -- Sample 46: mean=2.1587%; std=1.7205
 -- Sample 47: mean=2.1138%; std=1.5490
 -- Sample 48: mean=1.8848%; std=1.8465
 -- Sample 49: mean=1.8784%; std=2.1154
Mean: 1.5717%, Std: 0.5285%
------------------------------------------------------------------
Correlation comparison:
 -- Sample 0: 0.9743
 -- Sample 1: 0.9767
 -- Sample 2: 0.9748
 -- Sample 3: 0.9752
 -- Sample 4: 0.9642
 -- Sample 5: 0.9662
 -- Sample 6: 0.9709
 -- Sample 7: 0.9652
 -- Sample 8: 0.9186
 -- Sample 9: 0.9026
 -- Sample 10: 0.9016
 -- Sample 11: 0.8888
 -- Sample 12: 0.9719
 -- Sample 13: 0.9724
 -- Sample 14: 0.9669
 -- Sample 15: 0.9684
 -- Sample 16: 0.9559
 -- Sample 17: 0.9583
 -- Sample 18: 0.9542
 -- Sample 19: 0.9503
 -- Sample 20: 0.9582
 -- Sample 21: 0.9570
 -- Sample 22: 0.9558
 -- Sample 23: 0.9657
 -- Sample 24: 0.9602
 -- Sample 25: 0.9608
 -- Sample 26: 0.9644
 -- Sample 27: 0.9608
 -- Sample 28: 0.9460
 -- Sample 29: 0.9484
 -- Sample 30: 0.9523
 -- Sample 31: 0.9473
 -- Sample 32: 0.9639
 -- Sample 33: 0.9666
 -- Sample 34: 0.9649
 -- Sample 35: 0.9702
 -- Sample 36: 0.9488
 -- Sample 37: 0.9436
 -- Sample 38: 0.9460
 -- Sample 39: 0.9381
 -- Sample 40: 0.9649
 -- Sample 41: 0.9636
 -- Sample 42: 0.9678
 -- Sample 43: 0.9689
 -- Sample 44: 0.9326
 -- Sample 45: 0.9406
 -- Sample 46: 0.9454
 -- Sample 47: 0.9511
 -- Sample 48: 0.9247
 -- Sample 49: 0.9175
Mean=0.9535, Std=0.0198
------------------------------------------------------------------
Processing Batch 6 (Size: 34)...
input shape:  torch.Size([34, 1, 120, 120, 120])
output shape:  torch.Size([34, 1, 120, 120, 120])
target shape:  torch.Size([34, 1, 120, 120, 120])
torch.Size([34, 1, 120, 120, 120])
Bias Error: using Single Component
Mean: 1.1794, Std: 0.7621
------------------------------------------------------------------
Magnitude Error: 
 -- Sample 0: mean=1.7556%; std=1.8132
 -- Sample 1: mean=1.9029%; std=2.1672
 -- Sample 2: mean=2.3826%; std=2.6807
 -- Sample 3: mean=2.3856%; std=2.7387
 -- Sample 4: mean=2.2145%; std=2.4062
 -- Sample 5: mean=2.3856%; std=2.7142
 -- Sample 6: mean=1.3206%; std=1.4598
 -- Sample 7: mean=1.3999%; std=1.4534
 -- Sample 8: mean=1.4216%; std=1.4725
 -- Sample 9: mean=1.3873%; std=1.4108
 -- Sample 10: mean=1.5930%; std=1.5007
 -- Sample 11: mean=1.9097%; std=1.6915
 -- Sample 12: mean=1.5990%; std=1.5871
 -- Sample 13: mean=1.6131%; std=1.5834
 -- Sample 14: mean=1.2699%; std=1.2289
 -- Sample 15: mean=1.3410%; std=1.2462
 -- Sample 16: mean=1.3821%; std=1.3464
 -- Sample 17: mean=1.4236%; std=1.3341
 -- Sample 18: mean=2.6376%; std=2.0404
 -- Sample 19: mean=2.4763%; std=1.8068
 -- Sample 20: mean=2.5314%; std=2.0034
 -- Sample 21: mean=2.4569%; std=1.8743
 -- Sample 22: mean=1.4066%; std=1.2615
 -- Sample 23: mean=1.4440%; std=1.2956
 -- Sample 24: mean=1.4702%; std=1.3026
 -- Sample 25: mean=1.2424%; std=1.2853
 -- Sample 26: mean=1.7147%; std=2.8455
 -- Sample 27: mean=1.7084%; std=2.6916
 -- Sample 28: mean=1.7377%; std=2.7011
 -- Sample 29: mean=1.7010%; std=2.8395
 -- Sample 30: mean=2.4449%; std=1.9656
 -- Sample 31: mean=1.8396%; std=1.7695
 -- Sample 32: mean=2.2650%; std=1.9857
 -- Sample 33: mean=2.4375%; std=1.8854
Mean: 1.8295%, Std: 0.4445%
------------------------------------------------------------------
Correlation comparison:
 -- Sample 0: 0.9331
 -- Sample 1: 0.9159
 -- Sample 2: 0.9218
 -- Sample 3: 0.9200
 -- Sample 4: 0.9250
 -- Sample 5: 0.9196
 -- Sample 6: 0.9429
 -- Sample 7: 0.9375
 -- Sample 8: 0.9428
 -- Sample 9: 0.9499
 -- Sample 10: 0.9652
 -- Sample 11: 0.9603
 -- Sample 12: 0.9653
 -- Sample 13: 0.9643
 -- Sample 14: 0.9697
 -- Sample 15: 0.9684
 -- Sample 16: 0.9642
 -- Sample 17: 0.9674
 -- Sample 18: 0.8634
 -- Sample 19: 0.8743
 -- Sample 20: 0.8515
 -- Sample 21: 0.8741
 -- Sample 22: 0.9689
 -- Sample 23: 0.9693
 -- Sample 24: 0.9692
 -- Sample 25: 0.9705
 -- Sample 26: 0.9548
 -- Sample 27: 0.9577
 -- Sample 28: 0.9570
 -- Sample 29: 0.9543
 -- Sample 30: 0.8714
 -- Sample 31: 0.9068
 -- Sample 32: 0.8973
 -- Sample 33: 0.8901
Mean=0.9342, Std=0.0357
------------------------------------------------------------------

-----------------------------------------------------



Mean Bias Error      [%]
                    Ko et. al (Etapa 3)   Mediana
Spherical Pores                0.425499  0.425499
Spherical Grains               0.360863  0.360863
Cylindrical Pores              0.639060  0.639060
Cylindrical Grains             0.522148  0.522148
Bentheimer                     0.796357  0.796357
Berea Buff                     1.221316  1.221316
Leopard                        1.145621  1.145621
Castle Gate                    0.869452  0.869452
Berea Upper Gray               1.209193  1.209193
Berea Sinter Gray              1.346537  1.346537
Berea                          1.032390  1.032390
Mediana                        0.869452  0.869452


Mean Magnitude Error [%]
                    Ko et. al (Etapa 3)   Mediana
Spherical Pores                1.085960  1.085960
Spherical Grains               1.120897  1.120897
Cylindrical Pores              1.261175  1.261175
Cylindrical Grains             1.027724  1.027724
Bentheimer                     1.533543  1.533543
Berea Buff                     1.817032  1.817032
Leopard                        1.969681  1.969681
Castle Gate                    1.631388  1.631388
Berea Upper Gray               2.020388  2.020388
Berea Sinter Gray              2.017898  2.017898
Berea                          1.824349  1.824349
Mediana                        1.631388  1.631388


Mean Correlation        
                    Ko et. al (Etapa 3)   Mediana
Spherical Pores                0.967724  0.967724
Spherical Grains               0.971515  0.971515
Cylindrical Pores              0.963857  0.963857
Cylindrical Grains             0.974877  0.974877
Bentheimer                     0.952989  0.952989
Berea Buff                     0.934620  0.934620
Leopard                        0.918193  0.918193
Castle Gate                    0.949965  0.949965
Berea Upper Gray               0.929323  0.929323
Berea Sinter Gray              0.913590  0.913590
Berea                          0.936840  0.936840
Mediana                        0.949965  0.949965

Saving dataframe in:  ../NN_Results/P_Mean_Bias_Error______[%].tex
Saving dataframe in:  ../NN_Results/P_Mean_Magnitude_Error_[%].tex
Saving dataframe in:  ../NN_Results/P_Mean_Correlation________.tex
