Dataset,Sample_Index,Bias_Error_,Magnitude_Error_,Correlation
Spherical Pores,0,3.954479455947876,35.48876953125,0.9267277712245272
Spherical Pores,1,4.468498229980469,34.5771598815918,0.9315683552210599
Spherical Pores,2,4.707997798919678,36.033592224121094,0.9299856238382217
Spherical Pores,3,4.6821160316467285,35.54643249511719,0.9268057097845963
Spherical Pores,4,9.311454772949219,35.25638198852539,0.9191459007736128
Spherical Pores,5,11.39062786102295,34.41802978515625,0.9395343273032682
Spherical Pores,6,14.541848182678223,37.147483825683594,0.9220130405511001
Spherical Pores,7,11.132760047912598,31.066015243530273,0.9516708575782651
Spherical Pores,8,0.8803990483283997,45.127296447753906,0.8939322556606301
Spherical Pores,9,2.6285767555236816,45.154422760009766,0.9053977155638961
Spherical Pores,10,4.742246150970459,43.694881439208984,0.8968169108405315
Spherical Pores,11,3.393308401107788,45.978023529052734,0.9051173786195811
Spherical Pores,12,10.940232276916504,36.133609771728516,0.9242892410005256
Spherical Pores,13,13.199629783630371,29.832975387573242,0.957839618181116
Spherical Pores,14,10.21395206451416,31.750593185424805,0.9518783151408624
Spherical Pores,15,8.90360164642334,30.03057289123535,0.9509580840243517
Spherical Pores,16,11.193992614746094,44.43206024169922,0.8910735478799398
Spherical Pores,17,11.18381118774414,46.35865783691406,0.8817558957075531
Spherical Pores,18,10.636487007141113,44.67390060424805,0.8849305045757194
Spherical Pores,19,2.9184963703155518,49.81884002685547,0.8556248529837425
Spherical Pores,20,4.418755531311035,32.39479446411133,0.9439691132995633
Spherical Pores,21,14.472189903259277,33.862876892089844,0.9342938136129455
Spherical Pores,22,4.361485004425049,30.354896545410156,0.9507487347077458
Spherical Pores,23,11.348856925964355,29.638999938964844,0.9535526647749254
Spherical Pores,24,19.794218063354492,51.289920806884766,0.9050397825842809
Spherical Pores,25,8.498846054077148,41.14645004272461,0.9447228045050978
Spherical Pores,26,15.079231262207031,43.28976821899414,0.9276761974602339
Spherical Pores,27,24.208391189575195,57.11469650268555,0.9107995867012864
Spherical Pores,28,8.820318222045898,57.57854080200195,0.8730341727403537
Spherical Pores,29,13.481881141662598,57.0162467956543,0.8438520962679975
Spherical Pores,30,26.583356857299805,59.527923583984375,0.9125040675766815
Spherical Pores,31,20.647464752197266,59.95541763305664,0.8511760730033171
Spherical Pores,32,1.8628977537155151,26.48337173461914,0.9599451385993846
Spherical Pores,33,4.942838668823242,28.300495147705078,0.9513708376241716
Spherical Pores,34,1.670819878578186,23.620420455932617,0.966764298133804
Spherical Pores,35,3.1346285343170166,25.795747756958008,0.9591578759716416
Spherical Pores,36,0.3852164149284363,27.23066520690918,0.9586354861396398
Spherical Pores,37,0.5854554772377014,27.960369110107422,0.9594607359998238
Spherical Pores,38,0.19805659353733063,28.490400314331055,0.9526917548512188
Spherical Pores,39,1.581904411315918,26.649147033691406,0.9611254414670559
Spherical Pores,40,1.841900110244751,25.556846618652344,0.9569736168823538
Spherical Pores,41,0.4506947100162506,22.200014114379883,0.9722763671554369
Spherical Pores,42,2.581657648086548,26.467071533203125,0.9508958270290846
Spherical Pores,43,0.23867706954479218,21.717300415039062,0.9714143171845171
Spherical Pores,44,9.830806732177734,34.02505111694336,0.9417851157517597
Spherical Pores,45,0.9891113638877869,29.545717239379883,0.9544899874253815
Spherical Pores,46,5.437542915344238,32.11844253540039,0.9430496638019098
Spherical Pores,47,2.232074022293091,28.29843521118164,0.9563873231333294
Spherical Pores,48,1.0145207643508911,31.911605834960938,0.9531817596667663
Spherical Pores,49,8.123026847839355,29.846174240112305,0.955220072697455
Spherical Pores,50,1.3084784746170044,32.9516487121582,0.946177114084618
Spherical Pores,51,1.3709471225738525,31.990028381347656,0.9470636341710956
Spherical Pores,52,23.043453216552734,34.25052261352539,0.9384437871000472
Spherical Pores,53,20.712533950805664,30.21416664123535,0.9551315337389787
Spherical Pores,54,23.535499572753906,31.245494842529297,0.9551495349529621
Spherical Pores,55,15.045217514038086,29.866579055786133,0.9416603947570981
Spherical Pores,56,12.211344718933105,34.33897018432617,0.9449145909940031
Spherical Pores,57,13.176481246948242,32.50083541870117,0.9410070246101755
Spherical Pores,58,18.476665496826172,35.665374755859375,0.9456196398510183
Spherical Pores,59,16.997373580932617,36.95958709716797,0.943103516608229
Spherical Pores,60,24.260133743286133,56.67951965332031,0.9051338694514063
Spherical Pores,61,17.158918380737305,43.108768463134766,0.9378491538406368
Spherical Pores,62,28.407148361206055,57.33241653442383,0.9089928287836535
Spherical Pores,63,20.405616760253906,39.219112396240234,0.9497720995438839
Spherical Pores,64,7.120408058166504,20.684391021728516,0.9700312539852666
Spherical Pores,65,6.700503826141357,21.838796615600586,0.9685014939812869
Spherical Pores,66,7.990047931671143,20.350820541381836,0.9716197064231853
Spherical Pores,67,6.4565019607543945,20.789325714111328,0.9703644401715135
Spherical Pores,68,2.7408106327056885,23.84958267211914,0.9640902630021447
Spherical Pores,69,3.1843130588531494,21.421106338500977,0.9708256993790402
Spherical Pores,70,2.1792166233062744,23.65614128112793,0.9648098161905645
Spherical Pores,71,2.2942163944244385,21.849390029907227,0.9699675892389455
Spherical Pores,72,25.289823532104492,30.56282615661621,0.9815005137827012
Spherical Pores,73,23.04294204711914,30.839801788330078,0.9739056731527957
Spherical Pores,74,25.525299072265625,31.69101333618164,0.9806535168149509
Spherical Pores,75,23.28807258605957,31.832265853881836,0.9710201648660628
Spherical Pores,76,3.123330593109131,19.773820877075195,0.9755545478765325
Spherical Pores,77,4.800053596496582,21.10739517211914,0.9701215242869103
Spherical Pores,78,2.8481650352478027,18.540252685546875,0.9760421404060989
Spherical Pores,79,6.418963432312012,19.69707489013672,0.9744595226192343
Spherical Pores,80,12.368412017822266,18.7226505279541,0.9791297431126752
Spherical Pores,81,5.276234149932861,18.05742835998535,0.9799406436035059
Spherical Pores,82,7.524502277374268,18.33907127380371,0.9787954131552222
Spherical Pores,83,6.895218849182129,18.994373321533203,0.9755329360191839
Spherical Pores,84,6.201083660125732,20.82620620727539,0.9717314680251142
Spherical Pores,85,5.817533493041992,20.99070930480957,0.9721865575548683
Spherical Pores,86,5.818501949310303,21.55354881286621,0.9698190355625526
Spherical Pores,87,7.251951217651367,21.40024185180664,0.9721734087219898
Spherical Pores,88,10.80225658416748,22.215024948120117,0.9782523714745214
Spherical Pores,89,9.811213493347168,21.26651382446289,0.9780226535143273
Spherical Pores,90,8.168319702148438,21.361984252929688,0.9789513103593763
Spherical Pores,91,5.034424781799316,18.547225952148438,0.9770014106844419
Spherical Pores,92,5.323063373565674,25.457305908203125,0.9624497122157833
Spherical Pores,93,11.201774597167969,22.399860382080078,0.980573582265365
Spherical Pores,94,7.4934163093566895,26.173477172851562,0.968838787096224
Spherical Pores,95,10.550060272216797,20.799619674682617,0.9836228381945983
Spherical Pores,96,10.56913948059082,20.15079116821289,0.9811043433457999
Spherical Pores,97,7.373404026031494,19.691099166870117,0.9777345293627304
Spherical Pores,98,10.974535942077637,19.851181030273438,0.9813334927483481
Spherical Pores,99,8.31755542755127,19.286855697631836,0.9795869629821756
Spherical Pores,100,3.0185351371765137,17.253738403320312,0.9777065759306662
Spherical Pores,101,0.761131227016449,18.18729591369629,0.975753514863873
Spherical Pores,102,3.0170674324035645,17.76445960998535,0.9780466905537735
Spherical Pores,103,1.0188462734222412,18.715688705444336,0.9747166102385808
Spherical Pores,104,12.91393756866455,21.568710327148438,0.980035659793805
Spherical Pores,105,9.724278450012207,21.614763259887695,0.9750893553224725
Spherical Pores,106,12.401281356811523,20.371570587158203,0.9819054408344667
Spherical Pores,107,10.287699699401855,22.483888626098633,0.972355802863206
Spherical Pores,108,7.484790802001953,15.813963890075684,0.9829872452991478
Spherical Pores,109,6.5749192237854,17.63421630859375,0.9798923610967325
Spherical Pores,110,8.346583366394043,16.669536590576172,0.9804590151217825
Spherical Pores,111,5.720805644989014,15.494608879089355,0.9835195195791738
Spherical Pores,112,3.7175440788269043,16.13382339477539,0.9830767383124365
Spherical Pores,113,5.490448474884033,18.39130973815918,0.9787546548571242
Spherical Pores,114,4.308339595794678,16.65265464782715,0.9831069963812558
Spherical Pores,115,3.7461097240448,21.569936752319336,0.9691298302421572
Spherical Pores,116,10.739582061767578,18.35755157470703,0.9798680238018279
Spherical Pores,117,15.170899391174316,19.449687957763672,0.9835219692152349
Spherical Pores,118,12.359576225280762,19.017377853393555,0.9782441216356903
Spherical Pores,119,13.006494522094727,17.56540870666504,0.9849718622001028
Spherical Pores,120,10.498395919799805,19.786413192749023,0.9782075853018236
Spherical Pores,121,8.277137756347656,16.501493453979492,0.9843972059854291
Spherical Pores,122,6.423505783081055,18.820907592773438,0.9775740849689182
Spherical Pores,123,6.608654022216797,15.744416236877441,0.9847342427272502
Spherical Pores,124,15.957606315612793,21.42816162109375,0.9791787616016054
Spherical Pores,125,15.168317794799805,21.28767967224121,0.9747867640703987
Spherical Pores,126,13.032720565795898,20.29015350341797,0.9772658814472143
Spherical Pores,127,18.020462036132812,24.563230514526367,0.9655251163651294
Spherical Grains,0,20.742727279663086,32.34809494018555,0.964701795881078
Spherical Grains,1,30.698766708374023,37.211124420166016,0.943442174728832
Spherical Grains,2,23.734920501708984,37.566593170166016,0.9413878566213603
Spherical Grains,3,26.341360092163086,33.42753219604492,0.9444327855224325
Spherical Grains,4,22.604360580444336,26.147476196289062,0.9900345768953267
Spherical Grains,5,9.84961223602295,24.836471557617188,0.9724160484746518
Spherical Grains,6,14.490225791931152,24.59467887878418,0.9826371857476507
Spherical Grains,7,11.150704383850098,27.308979034423828,0.9713684465008716
Spherical Grains,8,24.559404373168945,35.79035186767578,0.9522793914513622
Spherical Grains,9,12.164215087890625,34.0695915222168,0.9640536967116194
Spherical Grains,10,27.58707046508789,41.23727035522461,0.9419807001697817
Spherical Grains,11,12.698534965515137,34.62574005126953,0.9650417145894429
Spherical Grains,12,0.8977164626121521,37.89761734008789,0.9335848029084286
Spherical Grains,13,21.561445236206055,49.021724700927734,0.8998378587624855
Spherical Grains,14,30.020925521850586,45.161746978759766,0.9673630037822398
Spherical Grains,15,15.591782569885254,50.4898567199707,0.8877060748637476
Spherical Grains,16,65.09062957763672,82.00019836425781,0.8784040181543682
Spherical Grains,17,53.719512939453125,68.6235122680664,0.9065234250660497
Spherical Grains,18,89.21672058105469,98.9273910522461,0.9235777059647187
Spherical Grains,19,70.36092376708984,72.16893005371094,0.9591627191756036
Spherical Grains,20,26.327844619750977,32.36594772338867,0.9620222781910062
Spherical Grains,21,25.774534225463867,29.873144149780273,0.9745627410779603
Spherical Grains,22,31.560073852539062,35.859291076660156,0.9725075741437653
Spherical Grains,23,27.597383499145508,33.079856872558594,0.9594720886966623
Spherical Grains,24,935.9922485351562,700.813720703125,0.27165505178411914
Spherical Grains,25,1266.7354736328125,1442.340576171875,0.34489333332856015
Spherical Grains,26,965.4794921875,576.1522216796875,0.17525262725359955
Spherical Grains,27,1231.095458984375,1361.7679443359375,0.3588606841122064
Spherical Grains,28,34.79883575439453,50.967376708984375,0.8548115055353358
Spherical Grains,29,16.438833236694336,47.895782470703125,0.9488836591089025
Spherical Grains,30,21.617984771728516,45.198204040527344,0.833754770720856
Spherical Grains,31,14.387971878051758,35.57066345214844,0.9594192006598067
Spherical Grains,32,89.30862426757812,121.2292709350586,0.729806328804422
Spherical Grains,33,44.98765182495117,76.49810028076172,0.8480744914554081
Spherical Grains,34,78.45791625976562,116.17498016357422,0.7482535524679884
Spherical Grains,35,21.828411102294922,59.43911361694336,0.8604988710790601
Spherical Grains,36,7.285061836242676,36.8333740234375,0.9548077205474631
Spherical Grains,37,7.450899600982666,36.536705017089844,0.9669590438807256
Spherical Grains,38,14.918362617492676,40.51820373535156,0.94685860976228
Spherical Grains,39,7.530601978302002,36.95095443725586,0.9630281188340342
Spherical Grains,40,24.300182342529297,33.337337493896484,0.9645854946247666
Spherical Grains,41,24.05194091796875,34.57806396484375,0.9421152426457365
Spherical Grains,42,24.156179428100586,31.982301712036133,0.971499099181081
Spherical Grains,43,14.022467613220215,29.9520263671875,0.9473729850880778
Spherical Grains,44,66.96757507324219,73.21458435058594,0.9387295369745742
Spherical Grains,45,57.59060287475586,60.0557861328125,0.9568710297286309
Spherical Grains,46,47.12793731689453,52.33322525024414,0.947854306235443
Spherical Grains,47,59.040157318115234,61.783512115478516,0.9548796604564488
Spherical Grains,48,9.780412673950195,27.64885139465332,0.9819809748333856
Spherical Grains,49,12.284048080444336,35.879127502441406,0.9369806452000383
Spherical Grains,50,1.9823497533798218,29.495689392089844,0.9803765197847581
Spherical Grains,51,7.418167591094971,32.851661682128906,0.9506875359495801
Spherical Grains,52,9.932998657226562,29.381750106811523,0.9593563300319174
Spherical Grains,53,2.931499719619751,24.517662048339844,0.9744390637466802
Spherical Grains,54,2.571727752685547,25.575559616088867,0.9673962314763135
Spherical Grains,55,5.254054546356201,23.335025787353516,0.981721554678767
Spherical Grains,56,10.634602546691895,37.268898010253906,0.9140735493528676
Spherical Grains,57,12.351574897766113,25.28660774230957,0.9708064600068818
Spherical Grains,58,7.0948944091796875,35.91169357299805,0.8585877361276048
Spherical Grains,59,12.789851188659668,23.13710594177246,0.9820089668835221
Spherical Grains,60,201.83041381835938,54.9403190612793,0.5116282110340445
Spherical Grains,61,237.2932891845703,181.35182189941406,0.5787374218017051
Spherical Grains,62,178.9707489013672,46.29032897949219,0.4305831236723897
Spherical Grains,63,284.1878967285156,257.45855712890625,0.3646980920598703
Spherical Grains,64,31.656700134277344,39.259300231933594,0.9728671190412502
Spherical Grains,65,13.188292503356934,30.586002349853516,0.9708599573021384
Spherical Grains,66,30.121557235717773,37.997161865234375,0.9727687291774766
Spherical Grains,67,27.62164878845215,39.351585388183594,0.9726674444090541
Spherical Grains,68,19.89571762084961,28.615562438964844,0.9691936933701077
Spherical Grains,69,20.785602569580078,29.742082595825195,0.9533122683133249
Spherical Grains,70,24.084081649780273,29.464149475097656,0.9717381600655773
Spherical Grains,71,23.55176544189453,30.60934829711914,0.9637039783749188
Spherical Grains,72,29.628314971923828,35.58232879638672,0.9544699940033521
Spherical Grains,73,37.49778366088867,40.80134201049805,0.9420887761576114
Spherical Grains,74,26.327774047851562,36.10243606567383,0.9439518705714931
Spherical Grains,75,30.18245506286621,34.11256408691406,0.9422599452644843
Spherical Grains,76,22.160724639892578,24.280519485473633,0.9870648954924243
Spherical Grains,77,22.018775939941406,26.683446884155273,0.9814157838135686
Spherical Grains,78,20.325977325439453,22.96514892578125,0.9855001660204887
Spherical Grains,79,26.444934844970703,30.169513702392578,0.9786007567878735
Spherical Grains,80,30.96466827392578,34.872318267822266,0.9613282542832425
Spherical Grains,81,28.1922550201416,38.799964904785156,0.9093776016011683
Spherical Grains,82,37.20527648925781,40.111698150634766,0.9585461663866842
Spherical Grains,83,32.843563079833984,37.47493362426758,0.9188027275833788
Spherical Grains,84,2.528059959411621,34.885093688964844,0.9485937757165059
Spherical Grains,85,7.570381164550781,32.456398010253906,0.9176874672393572
Spherical Grains,86,7.844676971435547,40.61134338378906,0.9117852298069734
Spherical Grains,87,10.750112533569336,35.42168426513672,0.9204858788851084
Spherical Grains,88,9.609224319458008,33.602935791015625,0.9552721940087381
Spherical Grains,89,22.10101318359375,33.074398040771484,0.9653918830335906
Spherical Grains,90,21.790117263793945,37.96384811401367,0.9578442725315416
Spherical Grains,91,18.01468849182129,27.369585037231445,0.9759969148521231
Spherical Grains,92,21.332674026489258,53.091514587402344,0.9098442042624624
Spherical Grains,93,25.987960815429688,42.78139877319336,0.9319255286645008
Spherical Grains,94,25.30567741394043,52.32242965698242,0.9255400772171363
Spherical Grains,95,32.5833740234375,60.421234130859375,0.8963107871752868
Spherical Grains,96,12.050463676452637,25.386140823364258,0.9755669159851059
Spherical Grains,97,15.949469566345215,28.882694244384766,0.9709969238634514
Spherical Grains,98,14.84511947631836,25.093788146972656,0.981635437525867
Spherical Grains,99,17.768699645996094,27.83271026611328,0.9802929915895666
Spherical Grains,100,14.21617317199707,26.102903366088867,0.9791432664553582
Spherical Grains,101,17.05740737915039,24.39356231689453,0.9784695852724425
Spherical Grains,102,14.159615516662598,22.484840393066406,0.9867670990053589
Spherical Grains,103,12.688658714294434,22.915529251098633,0.9792474601979387
Spherical Grains,104,15.673331260681152,26.28960609436035,0.9718769432569991
Spherical Grains,105,16.77387237548828,33.47651672363281,0.9597987631911535
Spherical Grains,106,16.054780960083008,28.574508666992188,0.9680066538870047
Spherical Grains,107,19.81569480895996,32.303627014160156,0.9543896346056192
Spherical Grains,108,34.08323669433594,41.75020980834961,0.9684505260443017
Spherical Grains,109,24.162931442260742,33.301055908203125,0.9647863741678594
Spherical Grains,110,34.81974792480469,43.590545654296875,0.9615570220783004
Spherical Grains,111,25.889780044555664,34.4476318359375,0.9598311112679813
Spherical Grains,112,6.072958469390869,19.47498321533203,0.9749570342950538
Spherical Grains,113,3.502136468887329,21.25874137878418,0.974013141951112
Spherical Grains,114,5.1885223388671875,25.475135803222656,0.9581673117320539
Spherical Grains,115,8.30968189239502,21.294921875,0.9742525203444746
Spherical Grains,116,0.8434647917747498,22.888328552246094,0.9747272988690505
Spherical Grains,117,7.643869400024414,27.591716766357422,0.9502873213688261
Spherical Grains,118,3.4094133377075195,26.836803436279297,0.9716809192359307
Spherical Grains,119,10.040225982666016,22.621910095214844,0.9669570341940849
Spherical Grains,120,24.975208282470703,39.96806335449219,0.959825666245203
Spherical Grains,121,20.999784469604492,28.94927406311035,0.978711618227153
Spherical Grains,122,21.9250545501709,36.68600082397461,0.9587869516541968
Spherical Grains,123,24.123802185058594,31.576526641845703,0.9834534472277175
Spherical Grains,124,17.333480834960938,31.16988182067871,0.9556409488171801
Spherical Grains,125,18.478958129882812,28.569034576416016,0.9696782172409661
Spherical Grains,126,14.403250694274902,28.743118286132812,0.9671133283531285
Spherical Grains,127,8.754199028015137,28.24899673461914,0.9546370187613866
Cylindrical Pores,0,51.46613693237305,52.511322021484375,0.9338195287477145
Cylindrical Pores,1,52.4780387878418,52.72541427612305,0.9365041451304099
Cylindrical Pores,2,52.310386657714844,53.91940689086914,0.9447175204296033
Cylindrical Pores,3,56.22857666015625,57.78380584716797,0.9559849335121402
Cylindrical Pores,4,30.248323440551758,53.7823486328125,0.689398117549755
Cylindrical Pores,5,35.48670196533203,48.53147888183594,0.944413172834489
Cylindrical Pores,6,35.567684173583984,62.19070816040039,0.6100530040729666
Cylindrical Pores,7,38.380859375,51.09981918334961,0.9275688350751701
Cylindrical Pores,8,44.14388656616211,50.43500518798828,0.8950569344748623
Cylindrical Pores,9,39.837730407714844,50.05290985107422,0.9532406886368695
Cylindrical Pores,10,56.476837158203125,61.104183197021484,0.9217943432257575
Cylindrical Pores,11,39.62950134277344,50.72043228149414,0.9600079956570611
Cylindrical Pores,12,54.56809997558594,63.1019401550293,0.8645034696169002
Cylindrical Pores,13,41.90269088745117,46.74991989135742,0.9293915512874414
Cylindrical Pores,14,51.44446563720703,60.26725387573242,0.8683485888934087
Cylindrical Pores,15,43.285274505615234,47.49420166015625,0.9196478142372474
Cylindrical Pores,16,49.838321685791016,68.46177673339844,0.8828237028885357
Cylindrical Pores,17,37.387550354003906,53.20043182373047,0.9163460001304821
Cylindrical Pores,18,44.23146438598633,62.54147720336914,0.9354588522555901
Cylindrical Pores,19,29.4831485748291,50.3151969909668,0.9368973405878215
Cylindrical Pores,20,52.70833206176758,54.37749099731445,0.9583798302920027
Cylindrical Pores,21,52.066925048828125,58.72528839111328,0.9005945774970117
Cylindrical Pores,22,55.76676940917969,56.79449462890625,0.9332760821705028
Cylindrical Pores,23,50.56551742553711,59.668556213378906,0.9075599024031883
Cylindrical Pores,24,68.07945251464844,69.33976745605469,0.8955198982259546
Cylindrical Pores,25,65.58572387695312,66.7285385131836,0.9006476587674918
Cylindrical Pores,26,65.61438751220703,66.5467758178711,0.8835928038588527
Cylindrical Pores,27,67.24586486816406,68.0682601928711,0.8817206694555222
Cylindrical Pores,28,2.447505474090576,39.83694076538086,0.8633039022952196
Cylindrical Pores,29,0.8274458646774292,54.8935661315918,0.8460097284965422
Cylindrical Pores,30,10.822460174560547,41.03724670410156,0.8060617185271294
Cylindrical Pores,31,3.6060266494750977,58.828147888183594,0.8438273328180275
Cylindrical Pores,32,12.659048080444336,53.863494873046875,0.7986911937075502
Cylindrical Pores,33,24.23495864868164,64.31343078613281,0.8234096840912035
Cylindrical Pores,34,12.064327239990234,52.791053771972656,0.780086046039023
Cylindrical Pores,35,12.373876571655273,62.747310638427734,0.8142211687275588
Cylindrical Pores,36,57.77979278564453,61.16864013671875,0.9397948085491103
Cylindrical Pores,37,48.112586975097656,53.044673919677734,0.9237561962362879
Cylindrical Pores,38,55.53639221191406,57.22304153442383,0.9128479415248106
Cylindrical Pores,39,52.27050018310547,56.067909240722656,0.9359946691692635
Cylindrical Pores,40,199.8588104248047,37.85118103027344,0.5353847047650944
Cylindrical Pores,41,332.63043212890625,48.77973175048828,0.45017125943658115
Cylindrical Pores,42,199.27365112304688,56.73728561401367,0.5560370941340619
Cylindrical Pores,43,342.59613037109375,43.17570495605469,0.4459154701514597
Cylindrical Pores,44,37.850196838378906,65.65503692626953,0.8247248393193545
Cylindrical Pores,45,29.329980850219727,52.21707534790039,0.9388223154631831
Cylindrical Pores,46,43.27281951904297,66.40785217285156,0.8532055011750714
Cylindrical Pores,47,16.86417007446289,43.47357940673828,0.9480474261170997
Cylindrical Pores,48,39.11130142211914,54.81588363647461,0.7917122469509031
Cylindrical Pores,49,43.612796783447266,51.31578063964844,0.8896736315838631
Cylindrical Pores,50,41.937191009521484,54.796653747558594,0.7699555998488993
Cylindrical Pores,51,33.28802490234375,47.245086669921875,0.9006657909113654
Cylindrical Pores,52,26.54515266418457,52.64828872680664,0.8415989509498994
Cylindrical Pores,53,3.4923388957977295,58.598995208740234,0.8243687869164121
Cylindrical Pores,54,26.1816349029541,54.47777557373047,0.8286738030468984
Cylindrical Pores,55,3.114912509918213,53.901710510253906,0.8539255514065877
Cylindrical Pores,56,31.685379028320312,34.62135696411133,0.9760892985281017
Cylindrical Pores,57,23.514371871948242,32.13255310058594,0.9697510775602313
Cylindrical Pores,58,26.586322784423828,32.10063934326172,0.9655276018703637
Cylindrical Pores,59,24.89460563659668,29.239185333251953,0.9598555930997436
Cylindrical Pores,60,57.42759704589844,59.691497802734375,0.9532433392535143
Cylindrical Pores,61,57.54056167602539,59.11186981201172,0.9178794384079595
Cylindrical Pores,62,57.11305236816406,59.61421203613281,0.9560634429402414
Cylindrical Pores,63,56.01862335205078,57.59825897216797,0.9089427919524671
Cylindrical Pores,64,14.22996997833252,46.9129753112793,0.9382845744158584
Cylindrical Pores,65,11.650694847106934,48.67654037475586,0.9055846883380757
Cylindrical Pores,66,17.164104461669922,45.389259338378906,0.9503079243497506
Cylindrical Pores,67,3.1240897178649902,62.296974182128906,0.8199101350081178
Cylindrical Pores,68,45.64554214477539,57.059059143066406,0.9230801899407003
Cylindrical Pores,69,28.853588104248047,47.2458381652832,0.9084118972625131
Cylindrical Pores,70,50.40070343017578,62.32767105102539,0.921368661749527
Cylindrical Pores,71,39.117706298828125,51.35601806640625,0.9066016277907076
Cylindrical Pores,72,35.622554779052734,37.87543869018555,0.9711936476644831
Cylindrical Pores,73,39.9022331237793,44.48822021484375,0.9455451594399659
Cylindrical Pores,74,38.45652389526367,40.46391296386719,0.9684481696275064
Cylindrical Pores,75,38.39620590209961,42.02223205566406,0.9476050453828061
Cylindrical Pores,76,33.1143798828125,37.7100830078125,0.9661863794188529
Cylindrical Pores,77,41.188072204589844,45.73188781738281,0.9694277634381973
Cylindrical Pores,78,37.95048522949219,41.59739303588867,0.9635555308308631
Cylindrical Pores,79,37.96571731567383,43.00021743774414,0.957024530603451
Cylindrical Pores,80,47.87548065185547,48.428367614746094,0.97112105644112
Cylindrical Pores,81,35.024478912353516,37.07024002075195,0.9540394448642682
Cylindrical Pores,82,43.060115814208984,43.69051742553711,0.9682224110681112
Cylindrical Pores,83,39.64030075073242,40.54780578613281,0.9620232220705227
Cylindrical Pores,84,54.88982391357422,55.99329376220703,0.9233838343092426
Cylindrical Pores,85,49.08188247680664,51.70034408569336,0.9253126090654724
Cylindrical Pores,86,53.42161560058594,53.436363220214844,0.8994839015809146
Cylindrical Pores,87,49.52339553833008,51.77956771850586,0.9303905931833011
Cylindrical Pores,88,22.5211124420166,38.67825698852539,0.9294321836170709
Cylindrical Pores,89,8.526397705078125,37.074012756347656,0.9144327858448851
Cylindrical Pores,90,20.40353775024414,38.755592346191406,0.8943190057498809
Cylindrical Pores,91,6.8381266593933105,40.6500129699707,0.8950801493461585
Cylindrical Pores,92,51.53556823730469,53.348724365234375,0.8912112266556752
Cylindrical Pores,93,46.4045295715332,48.20236587524414,0.9299178309712768
Cylindrical Pores,94,50.136653900146484,51.67076873779297,0.9399996191554757
Cylindrical Pores,95,44.09553909301758,46.07993698120117,0.9188906775152653
Cylindrical Pores,96,33.857887268066406,39.07908630371094,0.951532112361315
Cylindrical Pores,97,36.249881744384766,37.62471389770508,0.9644882440721839
Cylindrical Pores,98,35.6316032409668,38.03529357910156,0.9617559233427617
Cylindrical Pores,99,36.186344146728516,37.90153503417969,0.9562087527101932
Cylindrical Pores,100,41.84682846069336,42.878173828125,0.9371685652318877
Cylindrical Pores,101,41.262516021728516,45.69889831542969,0.9320403281441422
Cylindrical Pores,102,39.77674865722656,40.73920822143555,0.9522503364777222
Cylindrical Pores,103,40.200836181640625,44.2780876159668,0.9203229968086586
Cylindrical Pores,104,37.699867248535156,39.79528045654297,0.9433072832908722
Cylindrical Pores,105,40.72019958496094,43.463165283203125,0.9603851641735637
Cylindrical Pores,106,36.042972564697266,39.6042594909668,0.9308468066669882
Cylindrical Pores,107,41.01663589477539,42.95137023925781,0.9572046604534642
Cylindrical Pores,108,27.715038299560547,29.851470947265625,0.9767594473613096
Cylindrical Pores,109,29.10823631286621,31.25823974609375,0.9654270565844898
Cylindrical Pores,110,36.78010940551758,37.781890869140625,0.975594662665739
Cylindrical Pores,111,34.75669479370117,36.235591888427734,0.9625612347898771
Cylindrical Pores,112,54.32510757446289,55.505760192871094,0.9394088166771807
Cylindrical Pores,113,51.049110412597656,52.51939010620117,0.8960143586480047
Cylindrical Pores,114,56.56473159790039,57.878753662109375,0.9576787647703717
Cylindrical Pores,115,53.52378463745117,55.201385498046875,0.8895420678139647
Cylindrical Pores,116,43.5059814453125,44.438011169433594,0.9369714884996376
Cylindrical Pores,117,49.378379821777344,50.18339538574219,0.9348627350604637
Cylindrical Pores,118,40.53799057006836,42.80337142944336,0.9495615607841555
Cylindrical Pores,119,48.52202606201172,49.87925338745117,0.9225548007779568
Cylindrical Grains,0,16.87933349609375,23.77585792541504,0.9806969174806679
Cylindrical Grains,1,18.137372970581055,26.153736114501953,0.9812816100288289
Cylindrical Grains,2,14.534281730651855,23.970428466796875,0.9768341238432106
Cylindrical Grains,3,12.47575569152832,24.426406860351562,0.9745583338101835
Cylindrical Grains,4,19.59649658203125,28.200885772705078,0.9729373884510463
Cylindrical Grains,5,16.322906494140625,27.497108459472656,0.9656368256102614
Cylindrical Grains,6,21.433067321777344,27.05504035949707,0.9800294436758656
Cylindrical Grains,7,19.357454299926758,30.249053955078125,0.97119664275237
Cylindrical Grains,8,35.46405792236328,42.53887939453125,0.964966681008817
Cylindrical Grains,9,27.952903747558594,38.72395324707031,0.9630598140432074
Cylindrical Grains,10,36.6749382019043,42.22195816040039,0.9642301447987537
Cylindrical Grains,11,32.52507400512695,41.81523132324219,0.9463111943007125
Cylindrical Grains,12,21.990633010864258,27.083438873291016,0.9612870198313679
Cylindrical Grains,13,7.283034801483154,22.727951049804688,0.9717143872795793
Cylindrical Grains,14,15.162552833557129,22.582483291625977,0.9710766934234487
Cylindrical Grains,15,15.157356262207031,23.157062530517578,0.9736459022940576
Cylindrical Grains,16,21.503948211669922,34.180625915527344,0.9523191836105604
Cylindrical Grains,17,15.867271423339844,32.80046463012695,0.9605996919710365
Cylindrical Grains,18,21.756752014160156,38.40611267089844,0.9316074134061313
Cylindrical Grains,19,16.477767944335938,34.13697814941406,0.9576988626238445
Cylindrical Grains,20,19.729515075683594,25.06475257873535,0.9630667507179616
Cylindrical Grains,21,18.73586654663086,25.843917846679688,0.9624687008738161
Cylindrical Grains,22,21.544721603393555,28.101802825927734,0.9574930092416681
Cylindrical Grains,23,19.77365493774414,26.07360076904297,0.9605181182294884
Cylindrical Grains,24,27.716094970703125,36.082176208496094,0.8729467778270764
Cylindrical Grains,25,9.149941444396973,42.38629150390625,0.8928141812405737
Cylindrical Grains,26,18.375839233398438,34.18033981323242,0.8772959312119801
Cylindrical Grains,27,12.226560592651367,39.68830490112305,0.8960186277170951
Cylindrical Grains,28,26.552173614501953,31.552738189697266,0.9562295203808265
Cylindrical Grains,29,21.917802810668945,34.16310119628906,0.8892190990124148
Cylindrical Grains,30,19.753915786743164,25.84148406982422,0.970668491450494
Cylindrical Grains,31,22.160846710205078,34.84186553955078,0.9298189227745679
Cylindrical Grains,32,30.23868179321289,35.355716705322266,0.9442995576470846
Cylindrical Grains,33,28.339750289916992,30.62770652770996,0.9769822468445031
Cylindrical Grains,34,33.61750030517578,37.350746154785156,0.951941501763745
Cylindrical Grains,35,30.87035369873047,32.6170539855957,0.9779181921381239
Cylindrical Grains,36,13.557951927185059,26.086042404174805,0.963509769693721
Cylindrical Grains,37,5.1169939041137695,20.308639526367188,0.9821473676050403
Cylindrical Grains,38,11.751474380493164,25.880680084228516,0.9597178497686438
Cylindrical Grains,39,5.630115985870361,23.776636123657227,0.9716596052617983
Cylindrical Grains,40,58.508968353271484,58.297481536865234,0.9649063340825036
Cylindrical Grains,41,27.141128540039062,45.121341705322266,0.9597531460886477
Cylindrical Grains,42,51.72228240966797,58.52578353881836,0.9639760478156567
Cylindrical Grains,43,34.14835739135742,50.37494659423828,0.9543860374014901
Cylindrical Grains,44,40.371421813964844,48.51681900024414,0.9546787548988601
Cylindrical Grains,45,52.85286331176758,59.9072380065918,0.9732580194506891
Cylindrical Grains,46,47.30463409423828,65.1520004272461,0.9311446144621387
Cylindrical Grains,47,69.33332061767578,73.2579116821289,0.9733301488071877
Cylindrical Grains,48,22.250877380371094,29.94742202758789,0.9796129009828799
Cylindrical Grains,49,19.05881690979004,31.27652359008789,0.9468238226761435
Cylindrical Grains,50,11.802993774414062,24.992998123168945,0.9772940497633477
Cylindrical Grains,51,18.066783905029297,35.256717681884766,0.9314507692920004
Cylindrical Grains,52,15.741034507751465,30.325599670410156,0.9785131273286054
Cylindrical Grains,53,3.491456985473633,48.646331787109375,0.8463517048911791
Cylindrical Grains,54,12.800986289978027,30.03263282775879,0.9779146355088226
Cylindrical Grains,55,1.1840258836746216,55.17854690551758,0.8494656580846909
Cylindrical Grains,56,3.812772750854492,33.84556579589844,0.9422276833144974
Cylindrical Grains,57,9.805887222290039,26.59766960144043,0.9650082248441637
Cylindrical Grains,58,1.1140886545181274,33.02239990234375,0.9441218596773903
Cylindrical Grains,59,11.434386253356934,30.356916427612305,0.9472005878260297
Cylindrical Grains,60,4.789535999298096,28.62943458557129,0.9604857399007125
Cylindrical Grains,61,1.3316633701324463,26.433635711669922,0.9793671195980388
Cylindrical Grains,62,1.241824746131897,30.715656280517578,0.9481912121059647
Cylindrical Grains,63,0.6159027814865112,25.882343292236328,0.98081638969646
Cylindrical Grains,64,36.036338806152344,38.532020568847656,0.9437425327941622
Cylindrical Grains,65,36.48368453979492,43.80973434448242,0.9529500658362839
Cylindrical Grains,66,34.074283599853516,36.11008071899414,0.9429100945308735
Cylindrical Grains,67,36.16335678100586,43.04250717163086,0.9436591946195306
Cylindrical Grains,68,4.849734306335449,48.806739807128906,0.930824007562078
Cylindrical Grains,69,3.3930671215057373,65.31201934814453,0.8077874950031807
Cylindrical Grains,70,1.283562183380127,40.852779388427734,0.94675612993068
Cylindrical Grains,71,22.937440872192383,69.8096694946289,0.8010462772472381
Cylindrical Grains,72,32.73438262939453,52.03487777709961,0.9296625218684644
Cylindrical Grains,73,33.58489990234375,63.144954681396484,0.807302995464264
Cylindrical Grains,74,33.93061447143555,54.32927322387695,0.926215748493462
Cylindrical Grains,75,17.45665740966797,49.98431396484375,0.8613125016639588
Cylindrical Grains,76,25.225540161132812,53.16468811035156,0.9288925569239889
Cylindrical Grains,77,20.144243240356445,57.0035400390625,0.8859193179547113
Cylindrical Grains,78,13.058072090148926,43.52170944213867,0.9290289925404764
Cylindrical Grains,79,6.770639896392822,38.421714782714844,0.9375947971452269
Cylindrical Grains,80,37.17251968383789,38.709007263183594,0.9732750448116697
Cylindrical Grains,81,34.84053421020508,39.34598922729492,0.991469366942301
Cylindrical Grains,82,37.490997314453125,44.38184356689453,0.9615441697002989
Cylindrical Grains,83,39.244110107421875,43.99510192871094,0.9778020383510574
Cylindrical Grains,84,34.019126892089844,57.17607116699219,0.906277103184042
Cylindrical Grains,85,44.611759185791016,61.87267303466797,0.8511798496900579
Cylindrical Grains,86,40.969600677490234,45.47209930419922,0.9291687617280856
Cylindrical Grains,87,69.46707916259766,80.97254943847656,0.9137564351148726
Cylindrical Grains,88,61.004638671875,63.601173400878906,0.9030310282200977
Cylindrical Grains,89,68.24141693115234,54.68256759643555,0.9193675594262238
Cylindrical Grains,90,62.73091506958008,55.82535934448242,0.9525645646356143
Cylindrical Grains,91,72.03840637207031,56.46611785888672,0.9359396726576513
Cylindrical Grains,92,14.953404426574707,31.560808181762695,0.9790681873853648
Cylindrical Grains,93,10.937345504760742,37.16395950317383,0.9030098642229317
Cylindrical Grains,94,11.32557201385498,35.218727111816406,0.9746663937381923
Cylindrical Grains,95,2.5738847255706787,36.50538635253906,0.8750750831796639
Bentheimer,0,5.974246501922607,36.069480895996094,0.9348182344792421
Bentheimer,1,19.615394592285156,41.36299514770508,0.8849931451711468
Bentheimer,2,10.097838401794434,33.086647033691406,0.9429832702450729
Bentheimer,3,13.373096466064453,38.43680953979492,0.8937649586439882
Bentheimer,4,34.55924606323242,67.8932876586914,0.8066714122594717
Bentheimer,5,22.504989624023438,51.10086441040039,0.9100564082523119
Bentheimer,6,41.87836456298828,72.66093444824219,0.8411018705183768
Bentheimer,7,24.364913940429688,50.37337875366211,0.9226142890265813
Bentheimer,8,62.508846282958984,98.13267517089844,0.8565288876241022
Bentheimer,9,63.707027435302734,117.08098602294922,0.8118952313279092
Bentheimer,10,49.81576919555664,82.43213653564453,0.8638229594518413
Bentheimer,11,59.92689895629883,98.02094268798828,0.8570382134174077
Bentheimer,12,1.6004589796066284,48.70360565185547,0.9078278163285675
Bentheimer,13,10.640576362609863,36.53158950805664,0.9628790332867201
Bentheimer,14,3.5190699100494385,44.98088455200195,0.9007415529721767
Bentheimer,15,4.7323527336120605,41.055938720703125,0.9457330681955993
Bentheimer,16,29.535673141479492,34.73476791381836,0.9750141063329373
Bentheimer,17,14.294157981872559,30.542652130126953,0.9596855752577444
Bentheimer,18,20.893484115600586,31.39643096923828,0.9819940193314453
Bentheimer,19,20.266231536865234,28.952089309692383,0.9786955910835647
Bentheimer,20,0.10854681581258774,49.7301025390625,0.9144923997173513
Bentheimer,21,9.320544242858887,38.18558883666992,0.9363988967109059
Bentheimer,22,1.7699224948883057,41.75617599487305,0.9206490896399872
Bentheimer,23,19.06186294555664,45.017730712890625,0.9222916553816984
Bentheimer,24,23.948604583740234,42.3093147277832,0.9752624261198726
Bentheimer,25,15.677640914916992,42.89540481567383,0.9201995763674973
Bentheimer,26,21.510696411132812,40.07624435424805,0.9779887187846981
Bentheimer,27,24.782655715942383,45.02163314819336,0.9136687534339946
Bentheimer,28,27.813474655151367,32.883419036865234,0.9169263744020613
Bentheimer,29,30.849811553955078,36.43402862548828,0.8765384172466748
Bentheimer,30,30.317596435546875,36.86177062988281,0.9128325632674297
Bentheimer,31,25.095829010009766,29.85735321044922,0.9097878637161954
Bentheimer,32,441.7544250488281,544.9252319335938,0.37601989136702046
Bentheimer,33,389.9988708496094,454.193359375,0.3058660306422649
Bentheimer,34,431.56304931640625,527.2195434570312,0.39162974575944354
Bentheimer,35,525.0366821289062,638.3853759765625,0.33649234720215704
Bentheimer,36,40.11063003540039,44.21731185913086,0.9318946879402912
Bentheimer,37,32.17839050292969,39.86832809448242,0.9548982025954663
Bentheimer,38,37.359413146972656,40.46040344238281,0.9574081226881871
Bentheimer,39,24.915395736694336,33.2889404296875,0.9623324267922446
Bentheimer,40,36.833370208740234,47.95255661010742,0.9271292854240835
Bentheimer,41,27.77882194519043,36.141170501708984,0.9467303965286517
Bentheimer,42,37.13578796386719,44.96040344238281,0.9319733383700537
Bentheimer,43,26.987348556518555,36.05478286743164,0.9577742746470627
Bentheimer,44,20.428993225097656,31.404712677001953,0.9762956516145448
Bentheimer,45,22.87526512145996,34.575965881347656,0.9521128160549815
Bentheimer,46,19.505285263061523,32.886714935302734,0.9699623302455345
Bentheimer,47,13.866336822509766,37.48908615112305,0.929008662997651
Bentheimer,48,20.512353897094727,46.64409637451172,0.8984676385801875
Bentheimer,49,9.193060874938965,46.97904586791992,0.6259210551640162
Bentheimer,50,18.800785064697266,39.7626838684082,0.9121267342087809
Bentheimer,51,19.902219772338867,55.03340148925781,0.6465431276122408
Bentheimer,52,6.168186187744141,35.7887077331543,0.9380765840679407
Bentheimer,53,24.151744842529297,47.607086181640625,0.9197261535658768
Bentheimer,54,9.504268646240234,30.162742614746094,0.9543574276078765
Bentheimer,55,20.65338897705078,44.318809509277344,0.9330857229423757
Bentheimer,56,0.9082036018371582,37.532283782958984,0.9335061276257004
Bentheimer,57,3.393907070159912,36.865867614746094,0.8982236209437159
Bentheimer,58,5.515376567840576,45.41797637939453,0.930266088038285
Bentheimer,59,8.369304656982422,38.84632110595703,0.9082497031580196
Bentheimer,60,72.7296142578125,91.55044555664062,0.7881758327910098
Bentheimer,61,43.11384582519531,58.774658203125,0.8715278168667184
Bentheimer,62,62.71186065673828,86.33623504638672,0.8175945055783762
Bentheimer,63,36.511383056640625,57.965492248535156,0.8660093253187656
Bentheimer,64,20.84563446044922,39.74760055541992,0.9315379886648519
Bentheimer,65,19.605632781982422,32.919803619384766,0.9495916562728335
Bentheimer,66,15.638561248779297,36.35143280029297,0.9437413482446252
Bentheimer,67,19.493515014648438,38.39834976196289,0.9290357296087598
Bentheimer,68,2.3298254013061523,39.91435623168945,0.9280980983379863
Bentheimer,69,11.926222801208496,40.14484786987305,0.913388079796838
Bentheimer,70,4.5182037353515625,40.62664031982422,0.9178006803594522
Bentheimer,71,9.568646430969238,45.294342041015625,0.8864929598256469
Bentheimer,72,23.621389389038086,65.14765930175781,0.6041192495100535
Bentheimer,73,69.55372619628906,95.28520202636719,0.8231493607257491
Bentheimer,74,45.62624740600586,77.7856674194336,0.5801037192244122
Bentheimer,75,73.33747863769531,103.43189239501953,0.7636686126850177
Bentheimer,76,26.921354293823242,43.320491790771484,0.9143020401300797
Bentheimer,77,23.884056091308594,52.19279098510742,0.9122826510110489
Bentheimer,78,32.59733581542969,47.2059211730957,0.8935761719573233
Bentheimer,79,6.5482072830200195,52.12053298950195,0.9225243509295569
Bentheimer,80,1.5851112604141235,51.19478988647461,0.818872476931711
Bentheimer,81,23.630657196044922,45.58071517944336,0.8577383139609968
Bentheimer,82,2.586578130722046,52.01306915283203,0.825275835773793
Bentheimer,83,22.15130615234375,47.012901306152344,0.8442352685141297
Bentheimer,84,181.5261993408203,202.00494384765625,0.6203378983862935
Bentheimer,85,77.08052062988281,131.44467163085938,0.6529392045533325
Bentheimer,86,198.31643676757812,233.8408660888672,0.578900680518003
Bentheimer,87,72.18851470947266,144.51719665527344,0.6446802079946713
Bentheimer,88,24.919143676757812,44.79127883911133,0.9360699040674814
Bentheimer,89,49.469154357910156,60.463287353515625,0.9674106988429666
Bentheimer,90,25.569684982299805,42.66511917114258,0.9216735388504574
Bentheimer,91,41.27434158325195,60.11568832397461,0.9544478656271869
Bentheimer,92,1.0324084758758545,26.874380111694336,0.9659558035840042
Bentheimer,93,9.97618293762207,34.78072738647461,0.9470679524094053
Bentheimer,94,1.9143427610397339,27.4947509765625,0.9633901816690011
Bentheimer,95,0.16024254262447357,23.98991584777832,0.9646643773956449
Bentheimer,96,34.12828063964844,45.59306716918945,0.9457678337084879
Bentheimer,97,35.18807601928711,47.596336364746094,0.9062003224659075
Bentheimer,98,26.181215286254883,43.070621490478516,0.947651991243383
Bentheimer,99,40.298072814941406,48.083133697509766,0.9200573634759268
Bentheimer,100,7.7477545738220215,36.357337951660156,0.9219388798177832
Bentheimer,101,12.948698997497559,29.816730499267578,0.9771897385129895
Bentheimer,102,13.248510360717773,30.363969802856445,0.9484666251795789
Bentheimer,103,15.03679084777832,33.62575912475586,0.9675009593872761
Bentheimer,104,29.29369354248047,48.30516052246094,0.9414898896000679
Bentheimer,105,19.62808609008789,46.21761703491211,0.8883455808152352
Bentheimer,106,31.280160903930664,42.94465255737305,0.9593595036723334
Bentheimer,107,13.399304389953613,36.12724304199219,0.9110913467364641
Bentheimer,108,22.703880310058594,44.04027557373047,0.897026436934367
Bentheimer,109,7.191186904907227,38.22669982910156,0.9536998402029592
Bentheimer,110,21.671987533569336,39.66391372680664,0.9083369425112846
Bentheimer,111,10.890727996826172,38.64101791381836,0.9466619174986757
Bentheimer,112,26.496599197387695,49.88592529296875,0.9337671242626974
Bentheimer,113,30.505760192871094,44.66201400756836,0.9416971473041577
Bentheimer,114,24.310197830200195,42.70258712768555,0.9506747359097798
Bentheimer,115,24.529434204101562,34.127288818359375,0.9571782280182469
Bentheimer,116,0.44502708315849304,42.08174514770508,0.9322366165678756
Bentheimer,117,9.219833374023438,47.42509078979492,0.9243115705029221
Bentheimer,118,21.72661590576172,49.89278030395508,0.9409012994710485
Bentheimer,119,3.8639965057373047,42.53504180908203,0.9232230201296333
Bentheimer,120,39.44854736328125,52.68973159790039,0.9244129112687529
Bentheimer,121,38.72060012817383,47.688819885253906,0.8953801426682833
Bentheimer,122,34.324729919433594,44.92229461669922,0.9459124510604747
Bentheimer,123,39.1647834777832,47.47426986694336,0.8773758819372752
Bentheimer,124,32.704429626464844,44.262901306152344,0.8759407477458634
Bentheimer,125,38.91099166870117,43.276634216308594,0.9122952426950737
Bentheimer,126,30.049758911132812,42.35173034667969,0.8670261854063455
Bentheimer,127,38.02933120727539,43.43813705444336,0.8745812997062772
Bentheimer,128,197.69622802734375,256.0410461425781,0.6058287492069874
Bentheimer,129,189.75363159179688,275.3893127441406,0.6013762746480523
Bentheimer,130,198.44989013671875,258.7480163574219,0.5671125759908724
Bentheimer,131,200.76136779785156,290.81048583984375,0.5286075570922465
Bentheimer,132,30.88981819152832,42.58747100830078,0.9136407692498951
Bentheimer,133,14.092090606689453,30.321821212768555,0.9684596338074589
Bentheimer,134,24.791357040405273,38.71333312988281,0.9494295124235681
Bentheimer,135,21.115034103393555,33.16657638549805,0.9771208653625031
Bentheimer,136,26.02503204345703,30.646183013916016,0.97812862741496
Bentheimer,137,28.153873443603516,30.241378784179688,0.9886076778229105
Bentheimer,138,31.17367935180664,34.60751724243164,0.9831913449772784
Bentheimer,139,28.379175186157227,30.557994842529297,0.9784785279057158
Bentheimer,140,26.059932708740234,37.660160064697266,0.9585294509760932
Bentheimer,141,32.19913864135742,38.76692581176758,0.7371401281787013
Bentheimer,142,22.781057357788086,34.56818389892578,0.9461982416740039
Bentheimer,143,43.82941818237305,41.67723846435547,0.7081552695219768
Bentheimer,144,1.7046964168548584,27.026491165161133,0.9777258672506796
Bentheimer,145,7.848837852478027,37.209449768066406,0.9539839316336017
Bentheimer,146,2.0856525897979736,28.827346801757812,0.9754470338868266
Bentheimer,147,11.646913528442383,34.21706771850586,0.9566404261079294
Bentheimer,148,33.922454833984375,43.66750717163086,0.931866862671521
Bentheimer,149,9.236845016479492,31.977489471435547,0.9399596743150923
Bentheimer,150,33.788421630859375,46.55266189575195,0.9269608882766892
Bentheimer,151,10.80253791809082,30.651330947875977,0.9500984493426262
Bentheimer,152,1.6990854740142822,23.138504028320312,0.969878890651995
Bentheimer,153,7.287484169006348,23.654470443725586,0.9661583871104596
Bentheimer,154,0.06787198781967163,25.08657455444336,0.9618811456182447
Bentheimer,155,6.819501876831055,25.82268714904785,0.9558250560255417
Bentheimer,156,16.48072052001953,36.50648880004883,0.9638244461941934
Bentheimer,157,4.594546794891357,38.66458511352539,0.9621850460612765
Bentheimer,158,7.700558662414551,32.287593841552734,0.9686530960896571
Bentheimer,159,8.395079612731934,35.93914794921875,0.9591933451329799
Bentheimer,160,8.99117660522461,27.65410804748535,0.9777563536636409
Bentheimer,161,2.774110794067383,22.73691749572754,0.9704776347370975
Bentheimer,162,4.109564304351807,26.55213737487793,0.9796069334967669
Bentheimer,163,3.1795105934143066,24.60578727722168,0.9627188269596608
Bentheimer,164,23.959571838378906,29.5869083404541,0.9719284509649517
Bentheimer,165,22.905170440673828,32.260990142822266,0.9576704212333211
Bentheimer,166,25.85822296142578,30.770252227783203,0.9823042639035501
Bentheimer,167,25.887556076049805,34.531864166259766,0.9580194436416389
Bentheimer,168,16.87282371520996,36.91657257080078,0.9006047433300708
Bentheimer,169,5.037875175476074,54.656192779541016,0.8595444966732544
Bentheimer,170,12.218923568725586,42.11988067626953,0.8907770626476691
Bentheimer,171,3.8701138496398926,50.793277740478516,0.858370990057222
Bentheimer,172,8.052633285522461,29.46921157836914,0.9527190186430206
Bentheimer,173,16.22841453552246,30.01132583618164,0.9395577318432232
Bentheimer,174,16.5561580657959,30.126739501953125,0.9505346715831695
Bentheimer,175,15.54328441619873,29.924306869506836,0.9120296487406834
Bentheimer,176,16.131315231323242,36.87733459472656,0.9403662982649594
Bentheimer,177,13.343640327453613,24.66010093688965,0.955536530328688
Bentheimer,178,28.153602600097656,41.51422119140625,0.9461512024300902
Bentheimer,179,9.116094589233398,22.342113494873047,0.9551470108954929
Bentheimer,180,67.07318115234375,111.82027435302734,0.7095295579826908
Bentheimer,181,55.28361129760742,84.15579223632812,0.7544398669706252
Bentheimer,182,63.02421188354492,96.23937225341797,0.7729122698449097
Bentheimer,183,55.92682647705078,95.4096908569336,0.6822728427828242
Bentheimer,184,15.681777954101562,61.5078010559082,0.8433501229791451
Bentheimer,185,8.668166160583496,59.126914978027344,0.8678537440664051
Bentheimer,186,12.377325057983398,66.1175308227539,0.8680952764600909
Bentheimer,187,1.0434422492980957,54.91495895385742,0.8611509256112038
Bentheimer,188,1.5735814571380615,44.5407829284668,0.890231073426831
Bentheimer,189,9.473155975341797,28.020898818969727,0.96323222235247
Bentheimer,190,6.028187274932861,33.34806823730469,0.9268973660781515
Bentheimer,191,0.7769222259521484,32.547969818115234,0.9352821958052152
Bentheimer,192,29.309871673583984,52.31023406982422,0.9301173127481617
Bentheimer,193,6.59309720993042,38.40505599975586,0.9475260337170304
Bentheimer,194,11.076367378234863,37.748046875,0.9466129549452256
Bentheimer,195,2.345918655395508,35.68126678466797,0.9634225321190342
Bentheimer,196,13.598591804504395,28.703636169433594,0.9474946279661209
Bentheimer,197,20.6168212890625,29.822795867919922,0.966741507321779
Bentheimer,198,19.43000030517578,36.57164001464844,0.9172093174850928
Bentheimer,199,2.7692220211029053,26.294315338134766,0.9644472550857215
Bentheimer,200,28.417993545532227,29.523942947387695,0.9573086518984849
Bentheimer,201,24.876468658447266,34.920135498046875,0.9502707719455534
Bentheimer,202,27.992462158203125,29.413393020629883,0.9507213485080447
Bentheimer,203,25.966947555541992,34.18852996826172,0.9510100211555034
Bentheimer,204,99.59847259521484,87.54129791259766,0.7463154082402647
Bentheimer,205,391.4607238769531,488.0927734375,0.61351573154638
Bentheimer,206,127.37985229492188,99.23530578613281,0.7053056754357343
Bentheimer,207,454.21881103515625,562.76220703125,0.6091316500663763
Bentheimer,208,16.598758697509766,29.34040069580078,0.9559059674078696
Bentheimer,209,17.36071014404297,32.110008239746094,0.9673251195440888
Bentheimer,210,21.793813705444336,37.432762145996094,0.9577626478136293
Bentheimer,211,18.403810501098633,35.18497848510742,0.9640406577263613
Bentheimer,212,25.04034423828125,32.727020263671875,0.9423463308095484
Bentheimer,213,16.753978729248047,30.8721981048584,0.9674142483193585
Bentheimer,214,25.410322189331055,34.95146179199219,0.9287689204910164
Bentheimer,215,21.540870666503906,35.731563568115234,0.9634460185207095
Bentheimer,216,30.282190322875977,43.620094299316406,0.9341908155473441
Bentheimer,217,33.432491302490234,43.87406921386719,0.9405318643115002
Bentheimer,218,28.58395004272461,40.879356384277344,0.9319286143480244
Bentheimer,219,32.08932113647461,48.164695739746094,0.9009565662559933
Bentheimer,220,44.79436492919922,54.488441467285156,0.9631592624235544
Bentheimer,221,44.17146301269531,50.82088851928711,0.9648574621240602
Bentheimer,222,48.39345169067383,57.99385070800781,0.963260024995323
Bentheimer,223,46.768348693847656,54.347652435302734,0.9353120945922088
Bentheimer,224,3.799037456512451,54.40114212036133,0.8909873671005261
Bentheimer,225,6.918498516082764,48.538082122802734,0.9055108261466565
Bentheimer,226,9.44199275970459,49.79386520385742,0.892621851001471
Bentheimer,227,3.048969030380249,45.10580825805664,0.9083357680815607
Bentheimer,228,5.336883544921875,30.071212768554688,0.9482859168242821
Bentheimer,229,1.6594469547271729,26.604482650756836,0.9691569917323278
Bentheimer,230,8.843396186828613,27.39314079284668,0.9451549371861437
Bentheimer,231,1.4085999727249146,32.842350006103516,0.9562592665781062
Bentheimer,232,40.138492584228516,53.24836349487305,0.9429547812346984
Bentheimer,233,25.265117645263672,42.5720100402832,0.9623438377949353
Bentheimer,234,27.099294662475586,42.473358154296875,0.9434558495310944
Bentheimer,235,31.250228881835938,34.207244873046875,0.9790389291961499
Bentheimer,236,21.788036346435547,29.262178421020508,0.9690805015572568
Bentheimer,237,13.8003511428833,24.610736846923828,0.9656337983755259
Bentheimer,238,12.895597457885742,25.969844818115234,0.9618426219271926
Bentheimer,239,17.857606887817383,26.641523361206055,0.9578719167450613
Bentheimer,240,45.032230377197266,57.53080749511719,0.9018920892322823
Bentheimer,241,41.07052230834961,50.126739501953125,0.845966575080427
Bentheimer,242,35.92667770385742,46.80927658081055,0.9005258040427601
Bentheimer,243,42.23037338256836,48.429256439208984,0.8953446096162405
Bentheimer,244,14.578903198242188,38.90656661987305,0.9532811598160389
Bentheimer,245,11.429754257202148,31.786331176757812,0.9454778210140423
Bentheimer,246,6.91505765914917,34.013465881347656,0.9565075200415822
Bentheimer,247,2.2664849758148193,33.65937423706055,0.9419602743339558
Bentheimer,248,5.260303497314453,30.58302116394043,0.9515578740695516
Bentheimer,249,4.9076337814331055,30.06862449645996,0.9722627105495267
Bentheimer,250,4.11746883392334,24.295164108276367,0.9623496222406406
Bentheimer,251,2.7753307819366455,29.823062896728516,0.9753326991502915
Bentheimer,252,36.06536102294922,44.072750091552734,0.9491682297823754
Bentheimer,253,24.828292846679688,43.820228576660156,0.9248540312903284
Bentheimer,254,35.49373245239258,41.97049331665039,0.9690563445336755
Bentheimer,255,45.198387145996094,53.35426330566406,0.9493676853574761
Bentheimer,256,34.279293060302734,43.62715148925781,0.9023639233135775
Bentheimer,257,28.772981643676758,39.91032409667969,0.9462852250260798
Bentheimer,258,37.29701614379883,41.60261154174805,0.9374378510485735
Bentheimer,259,27.337818145751953,37.42741012573242,0.9523423552140278
Bentheimer,260,12.107758522033691,38.05405807495117,0.9472262391557416
Bentheimer,261,15.57832145690918,33.520835876464844,0.9392560498530781
Bentheimer,262,12.4337739944458,39.82974624633789,0.9437204972986297
Bentheimer,263,7.241757392883301,31.702960968017578,0.9235074863105618
Bentheimer,264,35.92300796508789,40.64627456665039,0.9512035275786949
Bentheimer,265,26.361927032470703,36.13653564453125,0.9476025293709952
Bentheimer,266,41.71383285522461,45.10505294799805,0.9486449275456637
Bentheimer,267,21.98378562927246,32.70906448364258,0.9483811753990126
Bentheimer,268,31.471759796142578,44.93361282348633,0.824190346083675
Bentheimer,269,15.592774391174316,35.71987533569336,0.8569235617130863
Bentheimer,270,28.492902755737305,41.392845153808594,0.8479365844138328
Bentheimer,271,20.34865951538086,41.88447570800781,0.8117596681342956
Bentheimer,272,119.32435607910156,143.78042602539062,0.8453432226536132
Bentheimer,273,81.55036926269531,161.22691345214844,0.6175286422767694
Bentheimer,274,119.04264831542969,136.24786376953125,0.8942035600131222
Bentheimer,275,76.5062255859375,152.81405639648438,0.6211490356204236
Bentheimer,276,20.401594161987305,41.19207763671875,0.8888074497662977
Bentheimer,277,14.056842803955078,41.662353515625,0.9133945814794353
Bentheimer,278,22.952077865600586,42.631629943847656,0.9136392570902431
Bentheimer,279,6.254082202911377,52.17533874511719,0.8410189193475193
Bentheimer,280,7.934274196624756,36.00619125366211,0.9297085771564864
Bentheimer,281,12.410503387451172,46.022483825683594,0.9014822071811837
Bentheimer,282,15.473180770874023,40.5416259765625,0.9501644517060347
Bentheimer,283,36.02016830444336,51.92103576660156,0.9318962121192151
Bentheimer,284,13.246772766113281,38.421348571777344,0.8883860273835658
Bentheimer,285,15.156196594238281,46.01671600341797,0.9432237374740206
Bentheimer,286,1.8308557271957397,39.22735595703125,0.8587257644770011
Bentheimer,287,9.424015045166016,45.315494537353516,0.9219038152901241
Bentheimer,288,32.17044448852539,38.53400802612305,0.9205302907448022
Bentheimer,289,14.01126766204834,35.41657638549805,0.9211932720197672
Bentheimer,290,27.90863800048828,34.43630599975586,0.9615909693343118
Bentheimer,291,23.237178802490234,34.958892822265625,0.9437480985991101
Bentheimer,292,4.696930408477783,61.96883010864258,0.7592256307171675
Bentheimer,293,5.022176265716553,50.33582305908203,0.8463854991917826
Bentheimer,294,9.624343872070312,62.47312927246094,0.7777287088175266
Bentheimer,295,3.5772862434387207,47.014705657958984,0.900610616299283
Bentheimer,296,35.45745086669922,41.826873779296875,0.9177552679580293
Bentheimer,297,32.0822639465332,42.57643127441406,0.8976814877005707
Bentheimer,298,36.11784744262695,42.832496643066406,0.8421994918698462
Bentheimer,299,30.813697814941406,38.66102600097656,0.9298448755828852
Bentheimer,300,41.52229690551758,73.49066925048828,0.8402708605687024
Bentheimer,301,27.96621322631836,65.22472381591797,0.8608656556103326
Bentheimer,302,39.164363861083984,61.72752380371094,0.8981627797046817
Bentheimer,303,35.79655838012695,64.3726806640625,0.8424426846177918
Bentheimer,304,30.044755935668945,29.64922523498535,0.9563867756860381
Bentheimer,305,23.9217586517334,31.201215744018555,0.9615129988811522
Bentheimer,306,36.25975799560547,38.13773727416992,0.9394614196748604
Bentheimer,307,19.717388153076172,26.65700912475586,0.9667764329887906
Bentheimer,308,30.5909481048584,45.593719482421875,0.89513198474474
Bentheimer,309,29.58473014831543,42.18486022949219,0.9428913572197997
Bentheimer,310,40.68791198730469,57.29179000854492,0.9024279890963592
Bentheimer,311,14.889568328857422,31.049806594848633,0.961614240983172
Bentheimer,312,14.100323677062988,30.172527313232422,0.9432786623359121
Bentheimer,313,18.126619338989258,61.301753997802734,0.8561390770190267
Bentheimer,314,1.2959644794464111,39.90452194213867,0.9302003057174099
Bentheimer,315,12.84621810913086,49.72337341308594,0.8869048016092985
Bentheimer,316,7.820282936096191,42.688148498535156,0.9089623209765703
Bentheimer,317,12.761679649353027,36.2055549621582,0.9115743467940844
Bentheimer,318,10.693794250488281,47.84003448486328,0.8606231924328559
Bentheimer,319,6.750412940979004,43.522647857666016,0.8795223398910944
Bentheimer,320,21.283296585083008,35.077754974365234,0.9381289232396535
Bentheimer,321,17.041868209838867,32.895076751708984,0.9376577598052923
Bentheimer,322,15.909111022949219,29.956573486328125,0.9586446787282081
Bentheimer,323,19.755685806274414,33.72626876831055,0.9464311316662721
Bentheimer,324,13.651224136352539,37.47734451293945,0.9309285625187702
Bentheimer,325,25.54999542236328,54.284969329833984,0.8529910115450985
Bentheimer,326,8.563776969909668,44.527984619140625,0.8939520541507201
Bentheimer,327,28.855493545532227,55.25563049316406,0.8071027919576818
Bentheimer,328,50.07318878173828,89.80467224121094,0.8041521160300412
Bentheimer,329,13.675196647644043,45.3792610168457,0.9037686141227864
Bentheimer,330,47.287567138671875,89.99884796142578,0.7841839302959352
Bentheimer,331,21.57424545288086,55.66780471801758,0.8701299589487129
Bentheimer,332,27.2127628326416,43.246009826660156,0.8633224042358478
Bentheimer,333,24.193817138671875,44.902427673339844,0.9327538661438
Bentheimer,334,27.58152198791504,50.05968475341797,0.7716166718732613
Bentheimer,335,13.732702255249023,41.53099060058594,0.9353339163302861
Bentheimer,336,34.29095458984375,38.20580291748047,0.9609239060244543
Bentheimer,337,25.61974334716797,30.13239860534668,0.964715776436167
Bentheimer,338,34.99472427368164,42.728370666503906,0.9252338721921265
Bentheimer,339,22.929767608642578,30.42351722717285,0.9634212088384522
Bentheimer,340,20.75531578063965,29.305227279663086,0.9643576292223767
Bentheimer,341,20.604185104370117,31.526933670043945,0.9593397689901723
Bentheimer,342,17.72365951538086,26.170907974243164,0.9709862403860472
Bentheimer,343,28.81760025024414,36.93575668334961,0.9586840703260014
Bentheimer,344,2.324462890625,32.259300231933594,0.9492163936062485
Bentheimer,345,9.842058181762695,25.329586029052734,0.9576619918633187
Bentheimer,346,1.4400337934494019,36.34810256958008,0.9289292296370766
Bentheimer,347,7.138000011444092,26.518993377685547,0.9532398872558824
Bentheimer,348,17.274932861328125,30.483301162719727,0.9411719584516666
Bentheimer,349,5.793492794036865,30.458633422851562,0.9336465010086255
Bentheimer,350,22.324216842651367,35.20387268066406,0.9155756469834356
Bentheimer,351,18.35469627380371,29.54749298095703,0.955754114465565
Bentheimer,352,12.60983943939209,43.882606506347656,0.8642046738942304
Bentheimer,353,18.4493408203125,41.313743591308594,0.88810573390791
Bentheimer,354,14.744698524475098,37.73979187011719,0.9202742326606744
Bentheimer,355,20.390695571899414,40.558937072753906,0.9194132075216975
Bentheimer,356,21.1777400970459,38.32135009765625,0.9430979745866831
Bentheimer,357,22.809194564819336,46.29884338378906,0.9008294986504277
Bentheimer,358,19.82518196105957,40.92128372192383,0.9390666013420322
Bentheimer,359,26.894105911254883,44.62710189819336,0.8983864402257279
Bentheimer,360,32.31298828125,42.8768310546875,0.9232125855098606
Bentheimer,361,28.579326629638672,31.6573486328125,0.9546468243360368
Bentheimer,362,28.12763023376465,36.893043518066406,0.9395884484373327
Bentheimer,363,27.621355056762695,32.45228958129883,0.9382862690270681
Bentheimer,364,18.25923728942871,38.31740188598633,0.9038390026441417
Bentheimer,365,36.76628112792969,45.11842346191406,0.8798636593501523
Bentheimer,366,29.61086654663086,35.548866271972656,0.9206985150177175
Bentheimer,367,29.74610710144043,40.37028884887695,0.9193214794762798
Bentheimer,368,26.94725227355957,51.72770690917969,0.8775938274979014
Bentheimer,369,37.105064392089844,57.950138092041016,0.8941406538185551
Bentheimer,370,43.91552734375,67.79071044921875,0.7965071784798511
Bentheimer,371,31.17994499206543,44.79226303100586,0.9423662455598604
Bentheimer,372,50.16255569458008,88.60443878173828,0.7962852096012611
Bentheimer,373,79.42405700683594,103.22467041015625,0.8641323985021498
Bentheimer,374,68.39935302734375,100.97900390625,0.835179591235332
Bentheimer,375,104.20326232910156,124.39533233642578,0.8570283304466857
Bentheimer,376,27.76561164855957,46.81230545043945,0.8540328496171574
Bentheimer,377,25.523208618164062,47.49219512939453,0.8822575571833963
Bentheimer,378,29.168155670166016,45.58323669433594,0.854979233706306
Bentheimer,379,22.500146865844727,46.407752990722656,0.884849000866503
Bentheimer,380,0.7379838824272156,24.304149627685547,0.9704963636757181
Bentheimer,381,6.714595794677734,28.01296043395996,0.9505117774930121
Bentheimer,382,0.8851991295814514,20.35276222229004,0.9792240969297905
Bentheimer,383,3.537750482559204,28.62868881225586,0.9606096519587454
Bentheimer,384,10.616470336914062,41.13923263549805,0.9272725373340045
Bentheimer,385,26.857553482055664,42.226829528808594,0.9526012840030187
Bentheimer,386,18.850902557373047,41.59959030151367,0.9378549530594584
Bentheimer,387,36.74149703979492,55.10870361328125,0.9317818960247561
Bentheimer,388,23.19570541381836,38.75724411010742,0.9415924495749758
Bentheimer,389,32.1033935546875,47.168235778808594,0.9336590605098557
Bentheimer,390,18.550460815429688,37.044036865234375,0.9333582335731864
Bentheimer,391,30.578744888305664,43.54425048828125,0.9499735058550436
Bentheimer,392,8.727151870727539,33.676612854003906,0.9446503291162299
Bentheimer,393,9.808612823486328,27.957670211791992,0.9604616129264094
Bentheimer,394,14.719256401062012,38.50431823730469,0.9281186959221892
Bentheimer,395,8.559270858764648,31.185388565063477,0.9539825338441668
Bentheimer,396,35.97658920288086,37.42162322998047,0.9707631271021192
Bentheimer,397,28.302518844604492,34.463436126708984,0.9628075707170919
Bentheimer,398,36.775146484375,40.311500549316406,0.9657996868617742
Bentheimer,399,23.585533142089844,33.40564727783203,0.9509061154822236
Bentheimer,400,8.826461791992188,40.045719146728516,0.9258968797614293
Bentheimer,401,11.488930702209473,34.82048416137695,0.93193478543974
Bentheimer,402,5.756093978881836,28.970731735229492,0.9686263708092019
Bentheimer,403,6.91233491897583,32.795013427734375,0.9327986395387897
Bentheimer,404,8.271988868713379,28.354379653930664,0.9587810123845578
Bentheimer,405,0.034281790256500244,29.681982040405273,0.9498735765006335
Bentheimer,406,6.30094575881958,23.643756866455078,0.974582700460765
Bentheimer,407,7.553875923156738,35.80653381347656,0.9341196100554726
Bentheimer,408,50.25434494018555,56.3040885925293,0.9008330216795968
Bentheimer,409,45.51122283935547,49.80418395996094,0.9511775926675948
Bentheimer,410,50.44234848022461,57.26996612548828,0.8556018087636111
Bentheimer,411,45.15779495239258,48.742347717285156,0.9551710890064334
Bentheimer,412,26.600208282470703,65.5760269165039,0.8160747721990811
Bentheimer,413,9.34957218170166,39.601863861083984,0.9261815608244311
Bentheimer,414,31.092849731445312,59.0561408996582,0.8760835104327619
Bentheimer,415,0.10386360436677933,28.3659610748291,0.9520929726383622
Bentheimer,416,6.249250411987305,34.78804397583008,0.9391500659130366
Bentheimer,417,5.131420612335205,23.398984909057617,0.9743709084419552
Bentheimer,418,0.3116535246372223,31.59663963317871,0.9574990336724795
Bentheimer,419,4.404671669006348,34.12287521362305,0.9193440168715272
Bentheimer,420,10.290022850036621,38.928062438964844,0.9074962661816913
Bentheimer,421,2.795553684234619,36.44157409667969,0.9555997363373733
Bentheimer,422,25.41083335876465,35.47141647338867,0.906852182591088
Bentheimer,423,6.6036272048950195,34.994022369384766,0.9608100847958719
Berea Buff,0,34.62508773803711,44.2176399230957,0.9502181685495263
Berea Buff,1,30.320415496826172,46.79739761352539,0.9369651343472403
Berea Buff,2,26.344863891601562,41.12896728515625,0.9479456335105316
Berea Buff,3,47.40619659423828,64.5049057006836,0.9256334441326587
Berea Buff,4,20.428564071655273,45.592437744140625,0.9206082905657351
Berea Buff,5,16.63064956665039,43.089412689208984,0.8876170633686178
Berea Buff,6,18.350778579711914,49.05847930908203,0.887616067277504
Berea Buff,7,12.72093391418457,41.33782958984375,0.877085649724104
Berea Buff,8,13.896890640258789,31.713993072509766,0.9361886431005649
Berea Buff,9,19.271060943603516,32.0606803894043,0.9649374330898058
Berea Buff,10,15.163797378540039,34.73722457885742,0.9267128401023205
Berea Buff,11,17.41832733154297,29.55912971496582,0.9711316548586457
Berea Buff,12,10.918708801269531,31.038915634155273,0.9252056935094463
Berea Buff,13,7.794161796569824,38.01201248168945,0.9239670233571807
Berea Buff,14,8.927528381347656,29.39387321472168,0.9366276747857043
Berea Buff,15,6.304443359375,36.34782409667969,0.9432036307731392
Berea Buff,16,2.4050915241241455,38.62422180175781,0.9229219455527597
Berea Buff,17,0.39031022787094116,33.78349304199219,0.940215857135332
Berea Buff,18,5.2907304763793945,36.50019454956055,0.9320315735948993
Berea Buff,19,4.523620128631592,30.452056884765625,0.9588209119376541
Berea Buff,20,14.337362289428711,57.5350456237793,0.8427274046720629
Berea Buff,21,7.034867763519287,52.551666259765625,0.8472562842191205
Berea Buff,22,9.575247764587402,50.155574798583984,0.8727708045306006
Berea Buff,23,6.0237507820129395,55.14192581176758,0.786835958393653
Berea Buff,24,11.043818473815918,29.859952926635742,0.9563028615684435
Berea Buff,25,0.9050661325454712,29.266592025756836,0.9609949238220873
Berea Buff,26,8.035811424255371,29.50176429748535,0.953655000583855
Berea Buff,27,3.478776216506958,23.53902244567871,0.9690900884362693
Berea Buff,28,11.368894577026367,65.07897186279297,0.777181381945009
Berea Buff,29,22.433719635009766,58.01074981689453,0.7251535970699149
Berea Buff,30,9.041089057922363,60.68185043334961,0.8281197180317539
Berea Buff,31,22.46738052368164,60.56712341308594,0.719357952348956
Berea Buff,32,85.92890930175781,145.12844848632812,0.4974271921207853
Berea Buff,33,52.699867248535156,145.57115173339844,0.6484801660937898
Berea Buff,34,76.09563446044922,122.87447357177734,0.6199544791849014
Berea Buff,35,34.686710357666016,124.53604125976562,0.6510602297335195
Berea Buff,36,1.0496580600738525,56.07636642456055,0.8254871291347086
Berea Buff,37,12.92304801940918,60.400943756103516,0.7841909531568722
Berea Buff,38,1.3351795673370361,48.94015121459961,0.8469004848124454
Berea Buff,39,11.826582908630371,46.11624526977539,0.884146699590703
Berea Buff,40,25.138347625732422,43.5410270690918,0.8578679264711819
Berea Buff,41,20.05087661743164,40.257930755615234,0.9416864167964982
Berea Buff,42,24.289493560791016,48.78165817260742,0.8345874010496978
Berea Buff,43,14.824725151062012,40.036659240722656,0.9287916330995176
Berea Buff,44,28.21643829345703,43.05928421020508,0.9417355456350212
Berea Buff,45,35.21522521972656,45.491825103759766,0.9501446229482214
Berea Buff,46,37.54928970336914,53.290138244628906,0.9306781015219232
Berea Buff,47,26.841388702392578,39.77969741821289,0.9555883428260534
Berea Buff,48,20.371620178222656,56.74516677856445,0.8115352429396374
Berea Buff,49,18.54443359375,41.865150451660156,0.8857282715723204
Berea Buff,50,19.450069427490234,54.17420959472656,0.829791468629899
Berea Buff,51,3.7324938774108887,38.894020080566406,0.8961168968506613
Berea Buff,52,11.08755111694336,35.147220611572266,0.9325736402335477
Berea Buff,53,4.20446252822876,34.400794982910156,0.9210981175118667
Berea Buff,54,6.78912353515625,36.787994384765625,0.9151905109529027
Berea Buff,55,3.955223798751831,26.820518493652344,0.9419000923971133
Berea Buff,56,26.6302490234375,89.03053283691406,0.6938718688566207
Berea Buff,57,77.61450958251953,93.38890075683594,0.7842677784907709
Berea Buff,58,32.22807693481445,76.23611450195312,0.8356360706236282
Berea Buff,59,65.53742980957031,89.73552703857422,0.8110700616417958
Berea Buff,60,3.005863904953003,46.705299377441406,0.887598764202189
Berea Buff,61,4.47185754776001,48.32743835449219,0.8499131959012785
Berea Buff,62,0.6936337947845459,36.00397491455078,0.913008566959711
Berea Buff,63,9.139424324035645,48.31270217895508,0.8536136234479449
Berea Buff,64,33.89614486694336,38.15470504760742,0.9710157624962762
Berea Buff,65,22.112333297729492,39.64505386352539,0.9066635034457174
Berea Buff,66,31.15019416809082,36.93399429321289,0.9662563286840742
Berea Buff,67,22.300884246826172,41.32535934448242,0.8691623811887941
Berea Buff,68,19.46766471862793,30.85991668701172,0.9649054151311489
Berea Buff,69,16.516769409179688,40.92681121826172,0.9102649432513437
Berea Buff,70,16.617319107055664,33.132774353027344,0.9297562485794679
Berea Buff,71,10.672362327575684,37.18576431274414,0.9149169052740995
Berea Buff,72,39.76762771606445,41.45891189575195,0.981161152761239
Berea Buff,73,40.93391418457031,42.67985153198242,0.9282679142309539
Berea Buff,74,37.87635040283203,41.19330596923828,0.9720469683571328
Berea Buff,75,35.13549041748047,40.583274841308594,0.9380159577073214
Berea Buff,76,7.149016380310059,35.81904983520508,0.9332905820467957
Berea Buff,77,0.16803249716758728,32.040672302246094,0.9447876124703095
Berea Buff,78,19.58381462097168,33.687889099121094,0.9264337801923522
Berea Buff,79,4.382508754730225,37.24581527709961,0.9231468865785185
Berea Buff,80,1.8008157014846802,41.970054626464844,0.9085621066994028
Berea Buff,81,3.1589176654815674,46.3665657043457,0.8614317248900746
Berea Buff,82,10.739224433898926,46.04545593261719,0.9001463333340536
Berea Buff,83,3.5296638011932373,43.498775482177734,0.8888018796127156
Berea Buff,84,42.605159759521484,63.23383712768555,0.9167809031117629
Berea Buff,85,20.105178833007812,63.905296325683594,0.8196294787498547
Berea Buff,86,32.34391784667969,70.99036407470703,0.8780408067206006
Berea Buff,87,16.398941040039062,53.90971374511719,0.9252023854898614
Berea Buff,88,5.499598979949951,38.697654724121094,0.8893291179449662
Berea Buff,89,10.340470314025879,40.24773406982422,0.8832583286899295
Berea Buff,90,3.652096748352051,47.252140045166016,0.8477709892753217
Berea Buff,91,10.326471328735352,39.44366455078125,0.8907010529303986
Berea Buff,92,21.553499221801758,71.51638793945312,0.7904707158577818
Berea Buff,93,0.5449591875076294,46.41729736328125,0.9562802016605328
Berea Buff,94,20.200103759765625,57.41850662231445,0.8762601440805489
Berea Buff,95,4.521193981170654,43.169883728027344,0.9411849881184289
Berea Buff,96,14.5176420211792,36.736080169677734,0.9408856749114237
Berea Buff,97,4.442077159881592,47.32767105102539,0.8756400869868932
Berea Buff,98,13.576143264770508,45.10901641845703,0.9282762948233677
Berea Buff,99,20.445966720581055,35.03407669067383,0.9232425825927892
Berea Buff,100,32.811649322509766,43.55078125,0.9226399278537415
Berea Buff,101,36.036415100097656,41.97687911987305,0.9487425959142979
Berea Buff,102,33.081321716308594,43.53704071044922,0.9283060503874834
Berea Buff,103,34.17896270751953,45.358890533447266,0.9324092488094544
Berea Buff,104,6.847393989562988,27.878660202026367,0.9671234984290755
Berea Buff,105,13.737614631652832,37.29720687866211,0.9460369311833416
Berea Buff,106,20.476449966430664,41.313751220703125,0.9501001120236447
Berea Buff,107,11.33582592010498,43.435813903808594,0.9444495440323009
Berea Buff,108,10.199703216552734,37.36856460571289,0.9545545191039022
Berea Buff,109,1.46495521068573,39.09302520751953,0.9102191222444147
Berea Buff,110,4.858208179473877,34.094852447509766,0.9657456244982866
Berea Buff,111,4.853621006011963,34.02671813964844,0.9480753799647478
Berea Buff,112,41.723880767822266,46.35600280761719,0.9757047010435962
Berea Buff,113,40.313629150390625,49.301490783691406,0.9327221680155333
Berea Buff,114,44.34776306152344,48.106510162353516,0.9775146521749567
Berea Buff,115,46.9448127746582,55.733802795410156,0.9168320310588082
Berea Buff,116,12.169394493103027,35.17851257324219,0.9257808953790154
Berea Buff,117,29.411720275878906,49.08174514770508,0.8923780010199762
Berea Buff,118,11.989358901977539,30.30614471435547,0.9491015285091884
Berea Buff,119,26.993789672851562,48.242279052734375,0.8766401421031801
Berea Buff,120,44.274784088134766,84.44503784179688,0.6326006913450107
Berea Buff,121,74.49827575683594,81.6336898803711,0.8000870581081632
Berea Buff,122,56.65604782104492,87.38866424560547,0.6231556478767001
Berea Buff,123,55.354434967041016,67.0669174194336,0.8392776683362421
Berea Buff,124,29.277067184448242,32.16327667236328,0.9739542462713888
Berea Buff,125,24.934587478637695,36.09553146362305,0.9304727536356622
Berea Buff,126,22.918333053588867,27.89582633972168,0.969671216155091
Berea Buff,127,27.452083587646484,34.99908447265625,0.9428397559664602
Berea Buff,128,57.033958435058594,99.16395568847656,0.9140589604846171
Berea Buff,129,75.19906616210938,92.98924255371094,0.8263231015062301
Berea Buff,130,43.35698318481445,81.50525665283203,0.9076451802845746
Berea Buff,131,35.71284484863281,55.79818344116211,0.9004273689740752
Berea Buff,132,64.20983123779297,57.15106201171875,0.9820277970326913
Berea Buff,133,36.25934982299805,40.1312370300293,0.9676689793997834
Berea Buff,134,39.556922912597656,40.00231170654297,0.9846624107398435
Berea Buff,135,44.64143371582031,48.777225494384766,0.961920451885392
Berea Buff,136,14.680135726928711,34.150142669677734,0.9291768138558835
Berea Buff,137,28.894128799438477,30.82053565979004,0.9632739121381166
Berea Buff,138,20.70033836364746,38.18679428100586,0.9200400623863421
Berea Buff,139,33.22198486328125,33.91007995605469,0.9520240377093435
Berea Buff,140,16.87353515625,32.131919860839844,0.9543273019912921
Berea Buff,141,1.4054113626480103,29.483779907226562,0.9514783525645396
Berea Buff,142,22.781476974487305,34.26443862915039,0.9476180972823749
Berea Buff,143,19.402828216552734,30.962804794311523,0.9561878071031379
Berea Buff,144,8.126760482788086,34.54452133178711,0.9497212939162467
Berea Buff,145,3.4999098777770996,42.112979888916016,0.8770775294193158
Berea Buff,146,8.242648124694824,34.47895812988281,0.9417731164252771
Berea Buff,147,6.070345401763916,37.50569152832031,0.8909516677694352
Berea Buff,148,21.954341888427734,50.7620849609375,0.8618009905432202
Berea Buff,149,0.1399727463722229,54.525821685791016,0.8464251802388295
Berea Buff,150,15.990838050842285,51.625152587890625,0.8382686951899578
Berea Buff,151,2.0837626457214355,55.57530212402344,0.8138832135048162
Berea Buff,152,14.340750694274902,43.77604675292969,0.8840453993294008
Berea Buff,153,21.3980770111084,43.071815490722656,0.9558260543649378
Berea Buff,154,13.330663681030273,46.05095672607422,0.8705469944780301
Berea Buff,155,9.718832969665527,37.332191467285156,0.9510013561791225
Berea Buff,156,2.249986410140991,27.12355613708496,0.9583154711591074
Berea Buff,157,12.186352729797363,42.367584228515625,0.9229311991682855
Berea Buff,158,3.605504274368286,24.666746139526367,0.9674191851208813
Berea Buff,159,1.5120205879211426,37.35137176513672,0.9283814582410002
Berea Buff,160,23.631685256958008,46.7523078918457,0.9181075601465105
Berea Buff,161,12.388501167297363,44.913761138916016,0.9234317995956174
Berea Buff,162,40.656578063964844,50.42589569091797,0.9299985404116816
Berea Buff,163,22.518735885620117,42.08158874511719,0.9098088091700539
Berea Buff,164,38.8328857421875,42.00361633300781,0.9096157579824832
Berea Buff,165,45.59024429321289,49.959022521972656,0.8890413124532349
Berea Buff,166,45.785526275634766,47.23280334472656,0.8935601272001408
Berea Buff,167,31.27374267578125,42.66636276245117,0.9016542212504414
Berea Buff,168,139.49072265625,156.37960815429688,0.6255382445032873
Berea Buff,169,31.836929321289062,63.19773483276367,0.8719830797147723
Berea Buff,170,114.84941864013672,134.32521057128906,0.6973874853707905
Berea Buff,171,36.081451416015625,58.26001739501953,0.8891684276630148
Berea Buff,172,23.141611099243164,28.365283966064453,0.9741063979996589
Berea Buff,173,30.494205474853516,34.421817779541016,0.9438168322311831
Berea Buff,174,21.467601776123047,25.477067947387695,0.9839374920863195
Berea Buff,175,24.833995819091797,29.82273292541504,0.9665749331102713
Berea Buff,176,20.888010025024414,77.10939025878906,0.8738217485787434
Berea Buff,177,9.509110450744629,58.40652847290039,0.9335857831090246
Berea Buff,178,11.594669342041016,62.32072448730469,0.904408961910539
Berea Buff,179,16.125200271606445,58.59172058105469,0.9244443630646677
Berea Buff,180,28.437389373779297,33.714012145996094,0.9510225749250376
Berea Buff,181,37.31398391723633,42.668941497802734,0.9392260655994896
Berea Buff,182,28.374950408935547,34.90620040893555,0.9474294355279653
Berea Buff,183,37.9966926574707,42.73579788208008,0.9503443142839751
Berea Buff,184,11.53577709197998,32.209407806396484,0.9640710110944786
Berea Buff,185,16.717893600463867,43.26240921020508,0.9246244403769522
Berea Buff,186,10.455009460449219,29.461034774780273,0.9717284816039976
Berea Buff,187,31.041118621826172,50.48455810546875,0.8896225250066674
Berea Buff,188,16.588722229003906,28.33771324157715,0.9533324671974904
Berea Buff,189,25.175148010253906,34.82088088989258,0.9545495044662015
Berea Buff,190,25.464614868164062,36.9290885925293,0.9223933228043542
Berea Buff,191,12.771971702575684,26.861711502075195,0.9683833581075164
Berea Buff,192,26.084331512451172,34.520965576171875,0.9558937122436112
Berea Buff,193,24.323328018188477,29.59629249572754,0.9724063708490549
Berea Buff,194,19.839614868164062,36.45372772216797,0.9372266523214886
Berea Buff,195,20.703033447265625,33.532081604003906,0.9430430007418981
Berea Buff,196,3.4809300899505615,30.569705963134766,0.9557368658039576
Berea Buff,197,10.52811050415039,39.050209045410156,0.9243599050095579
Berea Buff,198,8.137950897216797,27.19517707824707,0.9595685951981455
Berea Buff,199,2.035001277923584,37.32453155517578,0.9251736253029236
Berea Buff,200,17.80527687072754,52.94931411743164,0.93156943311751
Berea Buff,201,21.32302474975586,65.93987274169922,0.8378386520652479
Berea Buff,202,11.26036262512207,44.44456100463867,0.9466103532850033
Berea Buff,203,28.135684967041016,59.30493927001953,0.8940008109820441
Berea Buff,204,8.250219345092773,32.6590576171875,0.943851289966856
Berea Buff,205,16.42826271057129,35.475101470947266,0.9203868370482572
Berea Buff,206,6.845757484436035,38.47129821777344,0.9195655948308301
Berea Buff,207,14.951937675476074,42.15420150756836,0.8960656420413678
Leopard,0,35.696571350097656,36.16380310058594,0.9610716813068978
Leopard,1,40.02873992919922,41.08827209472656,0.8418701185443151
Leopard,2,32.33338165283203,34.62110900878906,0.9595825105100524
Leopard,3,29.130680084228516,38.958438873291016,0.8899877252447669
Leopard,4,17.90939712524414,30.497560501098633,0.9373811147056268
Leopard,5,15.718634605407715,33.1557502746582,0.961817066093943
Leopard,6,14.19965648651123,23.983203887939453,0.9525286602530609
Leopard,7,13.39783000946045,33.5560302734375,0.9535944019901208
Leopard,8,748.4617309570312,709.773193359375,0.6440725032136383
Leopard,9,378.6707763671875,433.0521240234375,0.2621147099827685
Leopard,10,576.7957153320312,542.409912109375,0.6420096477759287
Leopard,11,388.6548767089844,467.88836669921875,0.33488673575440836
Leopard,12,73.6722183227539,148.6089630126953,0.6510279067231156
Leopard,13,44.04365158081055,120.73320007324219,0.6562372626558296
Leopard,14,78.1808853149414,147.01153564453125,0.6676216025616818
Leopard,15,62.22256088256836,129.78636169433594,0.70748874558046
Leopard,16,15.190339088439941,64.14159393310547,0.8058441832862935
Leopard,17,56.12446975708008,96.16143035888672,0.6883643512914819
Leopard,18,37.194435119628906,54.55714416503906,0.7916118745847102
Leopard,19,21.03268814086914,58.51078796386719,0.7682912140269385
Leopard,20,24.71791648864746,77.85693359375,0.7730780380289624
Leopard,21,24.49858856201172,92.9066390991211,0.7700685433277191
Leopard,22,26.787490844726562,89.4036636352539,0.7540532383602894
Leopard,23,0.7615662813186646,89.72701263427734,0.7328427019802656
Leopard,24,19.68968963623047,43.082096099853516,0.8498365751231871
Leopard,25,18.00537872314453,34.25136947631836,0.904862937747709
Leopard,26,19.93465805053711,44.22760772705078,0.8051817025830925
Leopard,27,16.908973693847656,33.35175323486328,0.9021536057796976
Leopard,28,11.98997974395752,23.761878967285156,0.9793432751129328
Leopard,29,9.32804012298584,30.880962371826172,0.9448059677204161
Leopard,30,20.34848976135254,31.058448791503906,0.9685757242071523
Leopard,31,12.59366226196289,29.755765914916992,0.9547629626340891
Leopard,32,41.20746994018555,45.872596740722656,0.8925695160170911
Leopard,33,41.03578186035156,47.34699630737305,0.8431483718546889
Leopard,34,45.3712272644043,49.85696029663086,0.9066247537686413
Leopard,35,42.90802764892578,45.3429069519043,0.8388321703599985
Leopard,36,12.820687294006348,33.60051727294922,0.9641846782871374
Leopard,37,29.513084411621094,39.1251335144043,0.9689480812674742
Leopard,38,20.370296478271484,37.10362243652344,0.9673141863516465
Leopard,39,36.63821029663086,43.95576858520508,0.9748423938880522
Leopard,40,36.532562255859375,57.85281753540039,0.8592936697842622
Leopard,41,11.976574897766113,44.315284729003906,0.8856523209528562
Leopard,42,15.919814109802246,51.595088958740234,0.879751715611597
Leopard,43,20.561153411865234,43.975189208984375,0.9110919158718324
Leopard,44,41.284873962402344,83.1584243774414,0.8100368097356427
Leopard,45,79.81851959228516,94.90841674804688,0.7482015992510953
Leopard,46,61.937957763671875,102.06483459472656,0.8088209164984153
Leopard,47,122.65096282958984,136.0362548828125,0.7180090869511244
Leopard,48,802.0449829101562,454.4603271484375,0.1343658342542891
Leopard,49,584.8624267578125,170.8848114013672,0.296051052623913
Leopard,50,497.7787780761719,315.8837585449219,0.2271320480206838
Leopard,51,436.9240417480469,217.71388244628906,0.2843269704549525
Leopard,52,32.088096618652344,34.040470123291016,0.9718446403625922
Leopard,53,19.97661590576172,28.873796463012695,0.9632369170866607
Leopard,54,23.170289993286133,30.43872833251953,0.9549126164747238
Leopard,55,25.101818084716797,29.562480926513672,0.97764858275124
Leopard,56,31.95983123779297,34.83272933959961,0.9490841286685671
Leopard,57,10.340179443359375,27.46564292907715,0.9416713968549311
Leopard,58,25.907333374023438,34.86806869506836,0.9506729950025962
Leopard,59,16.750324249267578,25.38100242614746,0.9653341190463209
Leopard,60,219.9609832763672,115.75257873535156,0.44685041254955926
Leopard,61,183.2398681640625,121.72018432617188,0.6039367677768753
Leopard,62,194.78515625,103.2643814086914,0.5383372307362325
Leopard,63,212.46287536621094,155.4210968017578,0.6509717665048935
Leopard,64,17.707826614379883,37.11827087402344,0.9202001917578548
Leopard,65,14.110834121704102,34.89141845703125,0.934938919273465
Leopard,66,4.47159481048584,30.002939224243164,0.9466142769571897
Leopard,67,4.5871686935424805,34.97080993652344,0.9253284723162746
Leopard,68,53.0086784362793,66.02379608154297,0.8741007299481195
Leopard,69,67.15353393554688,55.301334381103516,0.8368791266821797
Leopard,70,53.94610595703125,58.19272994995117,0.8943571582620229
Leopard,71,48.82666778564453,60.29987716674805,0.696741550244058
Leopard,72,8.635961532592773,40.81622314453125,0.9022252648659307
Leopard,73,7.799975872039795,34.64380645751953,0.9153569594784557
Leopard,74,9.722699165344238,36.89179992675781,0.9349590106795705
Leopard,75,19.762033462524414,45.15512466430664,0.8705986226403968
Leopard,76,106.37044525146484,181.16519165039062,0.6455912916259299
Leopard,77,85.45948791503906,119.34855651855469,0.743514846711954
Leopard,78,107.40998077392578,191.55931091308594,0.5647936490549461
Leopard,79,83.18473052978516,122.4209976196289,0.6973955631974228
Leopard,80,42.91227340698242,46.294586181640625,0.9625850573597071
Leopard,81,46.70944595336914,48.477867126464844,0.9657729378995928
Leopard,82,41.00788116455078,44.77228927612305,0.9652434807727719
Leopard,83,46.412353515625,47.4918098449707,0.9709203322948877
Leopard,84,24.25018882751465,35.48107147216797,0.949987356521133
Leopard,85,20.47336769104004,33.530250549316406,0.9697519578403998
Leopard,86,25.313716888427734,34.62543487548828,0.9587267793458627
Leopard,87,13.16774845123291,34.977142333984375,0.9544275932322496
Leopard,88,1.1232973337173462,77.32833862304688,0.6764718136981277
Leopard,89,17.48471450805664,44.87789535522461,0.9302638306374151
Leopard,90,4.398748874664307,58.12744140625,0.8910459910122273
Leopard,91,0.28951263427734375,36.52561569213867,0.95501765841896
Leopard,92,12.140091896057129,46.0958251953125,0.9095720506035544
Leopard,93,9.71328067779541,34.7369499206543,0.9123298092357426
Leopard,94,10.719686508178711,48.607147216796875,0.8916058709427921
Leopard,95,0.44134387373924255,35.25426483154297,0.9023266407571267
Leopard,96,7.050475597381592,46.54220199584961,0.903538953374791
Leopard,97,11.385838508605957,60.18204879760742,0.8640827124517726
Leopard,98,24.324459075927734,65.61907958984375,0.8495743652180561
Leopard,99,14.69983196258545,53.7191162109375,0.8859368796926147
Leopard,100,19.17299461364746,34.63636016845703,0.9593933441888951
Leopard,101,50.56195068359375,60.22218704223633,0.9444326917912373
Leopard,102,34.52457046508789,44.090213775634766,0.9487677063536459
Leopard,103,42.04946517944336,52.28679656982422,0.9697378130754475
Leopard,104,48.46464920043945,75.02090454101562,0.8782363824042718
Leopard,105,30.591262817382812,77.52046203613281,0.7985919082349366
Leopard,106,39.53361511230469,66.58736419677734,0.8633893279862912
Leopard,107,6.986019134521484,54.11268615722656,0.8777708882687155
Leopard,108,77.84410858154297,139.8867950439453,0.7305171973320461
Leopard,109,10.833518981933594,48.42792510986328,0.8619975790270754
Leopard,110,68.06591796875,120.53335571289062,0.7566875158630083
Leopard,111,14.765178680419922,44.28797149658203,0.9086240778479103
Leopard,112,63.68879318237305,107.55216217041016,0.7175406957574402
Leopard,113,58.733768463134766,80.41438293457031,0.7463330258585457
Leopard,114,63.81863784790039,98.97738647460938,0.7630788838342695
Leopard,115,56.27201843261719,78.49114227294922,0.751624724958844
Leopard,116,7.988673686981201,32.689430236816406,0.9674410722215049
Leopard,117,5.292729377746582,24.934093475341797,0.9656382681123159
Leopard,118,1.748398780822754,29.3004150390625,0.9673143903353567
Leopard,119,5.796041965484619,21.684064865112305,0.9742192213553362
Leopard,120,6.4632649421691895,38.70412063598633,0.923738095273112
Leopard,121,1.1269725561141968,35.01744079589844,0.9719772134385708
Leopard,122,10.538207054138184,38.4912109375,0.9263840107175693
Leopard,123,9.943987846374512,31.761783599853516,0.9667537894460579
Leopard,124,130.63003540039062,174.06790161132812,0.6417645083628439
Leopard,125,124.14730072021484,136.2418212890625,0.7931577621737118
Leopard,126,112.18305206298828,146.19509887695312,0.7075638916700043
Leopard,127,116.57766723632812,143.51878356933594,0.7930834203384515
Leopard,128,13.226179122924805,57.108558654785156,0.791360551433561
Leopard,129,27.348968505859375,50.948570251464844,0.8115080162824106
Leopard,130,16.90055274963379,48.23873519897461,0.8501219704027065
Leopard,131,21.598669052124023,48.2834358215332,0.9279119072338523
Leopard,132,20.080322265625,36.04911804199219,0.9357056397010467
Leopard,133,29.831443786621094,43.46944046020508,0.9163687070125935
Leopard,134,25.427772521972656,37.00175094604492,0.9386733068934546
Leopard,135,31.63848114013672,47.82477569580078,0.8683476214018908
Leopard,136,3.474963426589966,38.38837814331055,0.9284171399605573
Leopard,137,7.555870532989502,49.322383880615234,0.9488079203693909
Leopard,138,18.575756072998047,40.083656311035156,0.9108769287717196
Leopard,139,12.076534271240234,52.89508819580078,0.912849122866347
Leopard,140,9.911409378051758,40.51099395751953,0.8885259246343259
Leopard,141,17.52639389038086,40.956417083740234,0.8616078311807555
Leopard,142,2.3217391967773438,35.19670867919922,0.9247776322301313
Leopard,143,20.852882385253906,42.579795837402344,0.8373503819871989
Leopard,144,37.184059143066406,48.233184814453125,0.9345354516450183
Leopard,145,4.303905487060547,27.17337989807129,0.9613275475130305
Leopard,146,21.63127899169922,26.721975326538086,0.9667441242467374
Leopard,147,35.929107666015625,48.815757751464844,0.9056538908424389
Leopard,148,18.484373092651367,59.19328689575195,0.8218431278165926
Leopard,149,20.46575164794922,63.74803161621094,0.8451646901185761
Leopard,150,8.583171844482422,49.768028259277344,0.872176670544719
Leopard,151,21.002620697021484,72.49713134765625,0.8140164566094269
Leopard,152,3.901726245880127,28.494306564331055,0.9546406195242164
Leopard,153,12.172102928161621,26.563352584838867,0.9615440869165436
Leopard,154,14.981277465820312,29.404800415039062,0.9611791984562685
Leopard,155,20.21162986755371,28.23383903503418,0.9540170341220245
Leopard,156,22.883705139160156,34.29631805419922,0.9434716600238348
Leopard,157,32.94700241088867,38.649986267089844,0.971832354462409
Leopard,158,23.845272064208984,34.28874206542969,0.9575738510459075
Leopard,159,21.915740966796875,32.515037536621094,0.9675434764174357
Leopard,160,87.74925231933594,149.67999267578125,0.7506392247985225
Leopard,161,110.68859100341797,165.53236389160156,0.5775177363011007
Leopard,162,98.1769027709961,175.61277770996094,0.6776883234424677
Leopard,163,104.57317352294922,179.5946807861328,0.5208044494865887
Leopard,164,105.52916717529297,140.1001739501953,0.7528302572298051
Leopard,165,120.5334243774414,160.02291870117188,0.7534560091999298
Leopard,166,94.55682373046875,133.34750366210938,0.7413793104970101
Leopard,167,100.83663940429688,149.0115509033203,0.7339243412786466
Leopard,168,12463.2236328125,15346.5205078125,0.1809999535568447
Leopard,169,6808.00390625,6690.6142578125,0.23885055040232317
Leopard,170,13305.5791015625,14939.0478515625,0.1556642120537082
Leopard,171,7245.31591796875,7129.6845703125,0.21552109279244472
Leopard,172,255.4920654296875,197.27261352539062,0.4508278201591108
Leopard,173,317.0386657714844,356.01190185546875,0.34683662422063133
Leopard,174,200.18043518066406,137.45936584472656,0.7513494508222855
Leopard,175,328.0998840332031,330.40472412109375,0.3480852943208457
Leopard,176,10.210529327392578,39.1311149597168,0.9443820115080438
Leopard,177,7.62209415435791,51.93381881713867,0.8274850631933184
Leopard,178,11.297407150268555,43.54645538330078,0.9551799480667331
Leopard,179,7.1052961349487305,46.22589874267578,0.8439867876637984
Leopard,180,42.046043395996094,67.93085479736328,0.8851284206984537
Leopard,181,28.821414947509766,62.30598449707031,0.8978692078542426
Leopard,182,53.98723602294922,74.14350128173828,0.8618146025582768
Leopard,183,14.584061622619629,55.72792053222656,0.9122976505492031
Leopard,184,41.26422119140625,46.05484390258789,0.8659051812925389
Leopard,185,38.34183120727539,47.893917083740234,0.7711275947463708
Leopard,186,38.87525939941406,45.98287582397461,0.8848079065964545
Leopard,187,42.82564926147461,46.67256546020508,0.841535733863185
Leopard,188,27.224273681640625,41.11366653442383,0.9444027384223213
Leopard,189,27.052967071533203,37.538482666015625,0.9506580432823662
Leopard,190,21.973888397216797,36.40461730957031,0.9586298306319715
Leopard,191,38.400291442871094,47.0688591003418,0.9373808028641314
Leopard,192,26.863534927368164,39.72763442993164,0.9265979406165336
Leopard,193,36.84032440185547,47.965023040771484,0.9478110540916869
Leopard,194,31.322967529296875,42.01721954345703,0.9314173402612151
Leopard,195,37.55156707763672,48.403079986572266,0.9667549837617956
Leopard,196,58.49367141723633,50.50765609741211,0.9403490709562728
Leopard,197,91.64079284667969,83.16545104980469,0.9640022521520246
Leopard,198,55.61949157714844,55.761043548583984,0.9307398727736421
Leopard,199,63.921775817871094,68.16653442382812,0.9064315844400771
Leopard,200,25.461009979248047,35.64915466308594,0.9358082349606752
Leopard,201,19.358760833740234,34.32599639892578,0.9244618627266085
Leopard,202,18.556598663330078,31.797353744506836,0.935044986656539
Leopard,203,27.909500122070312,37.08272171020508,0.8338830362263707
Leopard,204,627.0118408203125,651.7694091796875,0.4084176502735019
Leopard,205,772.9022216796875,775.4840087890625,0.4222088821090274
Leopard,206,542.407470703125,558.7224731445312,0.35773435628859956
Leopard,207,917.58056640625,1029.9388427734375,0.36521461797647314
Leopard,208,4144.8291015625,3763.198486328125,0.49511463546049844
Leopard,209,3427.64453125,3026.1591796875,0.35013666977879576
Leopard,210,3189.50048828125,2478.102294921875,0.49097585255582565
Leopard,211,3626.978271484375,3615.057861328125,0.41951729093195594
Leopard,212,24.402555465698242,42.69203186035156,0.9143094953841521
Leopard,213,7.530129909515381,43.0931510925293,0.938171941166038
Leopard,214,20.66357421875,47.74820327758789,0.878165717743202
Leopard,215,18.937978744506836,45.800437927246094,0.9091599675128156
Leopard,216,21.301210403442383,38.53330993652344,0.9300684270484759
Leopard,217,29.14893913269043,41.88432312011719,0.9374498491471385
Leopard,218,22.551292419433594,39.9019775390625,0.9228043021863124
Leopard,219,29.21993064880371,41.61886215209961,0.9497781398377265
Leopard,220,2428.06640625,2001.190185546875,0.21652956734414433
Leopard,221,2148.600341796875,1769.2945556640625,0.11527759101349834
Leopard,222,1383.849853515625,881.0662841796875,0.21099610012563766
Leopard,223,2432.88916015625,971.39404296875,0.1398523618660277
Leopard,224,180.7934112548828,265.86248779296875,0.5505774460330458
Leopard,225,54.58116149902344,140.21449279785156,0.7788356156065368
Leopard,226,174.25006103515625,267.4504699707031,0.5646690072936482
Leopard,227,46.727943420410156,125.24362182617188,0.7916821541934124
Leopard,228,40.018856048583984,38.90810012817383,0.9751618049663365
Leopard,229,26.40048599243164,36.5755729675293,0.9671813002976711
Leopard,230,21.704008102416992,31.946439743041992,0.9736739774154035
Leopard,231,42.653564453125,45.77615737915039,0.9459663155968788
Leopard,232,24.294660568237305,37.457618713378906,0.9389088529069316
Leopard,233,25.337745666503906,35.69046401977539,0.9345422127745256
Leopard,234,28.672094345092773,44.90668487548828,0.903095608075466
Leopard,235,18.452241897583008,30.70320701599121,0.9614351847641479
Leopard,236,10.376506805419922,43.170562744140625,0.9270741539003903
Leopard,237,20.706541061401367,44.87638854980469,0.8911635318485358
Leopard,238,25.560115814208984,45.21392822265625,0.9501403292223188
Leopard,239,14.912425994873047,41.01779556274414,0.9003300450099947
Leopard,240,44.1895751953125,46.063629150390625,0.955483812758157
Leopard,241,60.73429489135742,60.76144790649414,0.9008728280066717
Leopard,242,41.650753021240234,42.74558639526367,0.9572031465660523
Leopard,243,58.882503509521484,58.86431121826172,0.9326892489224323
Leopard,244,19.837886810302734,31.665851593017578,0.953349407886591
Leopard,245,34.88404083251953,40.390777587890625,0.918554356229897
Leopard,246,25.08774185180664,35.28110122680664,0.9388967702702111
Leopard,247,27.143062591552734,39.51384353637695,0.8981896113480585
Leopard,248,31.367168426513672,64.9444351196289,0.7151712593606812
Leopard,249,21.949779510498047,40.69143295288086,0.9621751900886841
Leopard,250,30.533185958862305,54.2349853515625,0.7167205591222131
Leopard,251,24.802902221679688,46.419471740722656,0.9450972303970476
Leopard,252,32.76553726196289,35.50472640991211,0.9751815073020478
Leopard,253,29.49058723449707,34.18317413330078,0.9454439223566277
Leopard,254,33.02508544921875,37.02444839477539,0.975272506551257
Leopard,255,32.28208541870117,37.2321662902832,0.9419343176250223
Leopard,256,6.97961950302124,38.001800537109375,0.8715663419980036
Leopard,257,20.870609283447266,36.5706787109375,0.9706179456581387
Leopard,258,2.58781099319458,47.28121566772461,0.8308013487821853
Leopard,259,5.588432312011719,22.71746253967285,0.9764576054615987
Leopard,260,90.58121490478516,136.251220703125,0.7094737228623648
Leopard,261,186.6507110595703,252.02476501464844,0.6536688114152492
Leopard,262,130.51806640625,176.84939575195312,0.671503698724636
Leopard,263,200.85693359375,268.2937316894531,0.68478243577276
Leopard,264,8.043140411376953,22.146116256713867,0.9734783950453565
Leopard,265,8.590591430664062,34.06576919555664,0.9455618878118043
Leopard,266,22.148447036743164,32.27341079711914,0.9594212245760845
Leopard,267,10.610236167907715,25.498464584350586,0.9668212955991946
Leopard,268,223.20411682128906,280.0205383300781,0.4834540808162691
Leopard,269,318.98931884765625,320.6235046386719,0.6720557818120805
Leopard,270,217.50238037109375,274.8445739746094,0.5004758490586073
Leopard,271,292.12139892578125,271.2209167480469,0.6778928410371405
Leopard,272,106.84321594238281,179.83206176757812,0.6804586144665346
Leopard,273,87.08686828613281,151.4656982421875,0.7319720399964914
Leopard,274,105.47870635986328,181.3541717529297,0.6221079760308408
Leopard,275,147.22601318359375,212.78811645507812,0.638914237940001
Castle Gate,0,19.24922752380371,54.264556884765625,0.8872057567161841
Castle Gate,1,6.654348373413086,27.471435546875,0.9685988269683844
Castle Gate,2,10.310501098632812,44.05287170410156,0.9168842362473266
Castle Gate,3,16.78709602355957,29.530302047729492,0.9734878657028178
Castle Gate,4,13.16700267791748,42.98096466064453,0.8993027516246545
Castle Gate,5,1.7907894849777222,56.6219596862793,0.8485280523740489
Castle Gate,6,16.92632484436035,43.5091438293457,0.8884241091954858
Castle Gate,7,2.9817821979522705,58.68642807006836,0.7574538159186953
Castle Gate,8,8.857366561889648,29.461009979248047,0.9506411089450127
Castle Gate,9,20.922374725341797,56.92894744873047,0.8476163050053482
Castle Gate,10,0.8066207766532898,35.505550384521484,0.9240433198348537
Castle Gate,11,21.09493637084961,55.946102142333984,0.8518862333912781
Castle Gate,12,3.1961443424224854,42.96479797363281,0.8893594962489269
Castle Gate,13,6.662530422210693,57.66659927368164,0.9105450944953598
Castle Gate,14,2.7754452228546143,48.369136810302734,0.8879661863747671
Castle Gate,15,1.5063180923461914,47.77683639526367,0.9172287469933332
Castle Gate,16,8.271503448486328,54.825138092041016,0.8467357089290583
Castle Gate,17,12.610115051269531,45.050537109375,0.8256639436994032
Castle Gate,18,20.22041130065918,51.5909423828125,0.863529124887375
Castle Gate,19,2.161735773086548,52.50242614746094,0.8312799537912504
Castle Gate,20,216.45140075683594,224.88978576660156,0.6292810630612283
Castle Gate,21,251.07923889160156,297.1080017089844,0.6994472899855093
Castle Gate,22,166.73915100097656,174.07347106933594,0.7484654433678983
Castle Gate,23,223.92938232421875,266.8415832519531,0.6674684344446237
Castle Gate,24,15.657369613647461,33.224395751953125,0.9385161340261523
Castle Gate,25,16.98912811279297,30.785486221313477,0.9422527087383757
Castle Gate,26,22.793113708496094,32.53805923461914,0.9568759316312084
Castle Gate,27,17.1356143951416,35.56006622314453,0.9138045899674991
Castle Gate,28,7.433226108551025,39.46605682373047,0.928272457631015
Castle Gate,29,9.621105194091797,30.790281295776367,0.9361896610737171
Castle Gate,30,12.606247901916504,35.03297805786133,0.9471284412342418
Castle Gate,31,0.6285809278488159,25.42562484741211,0.9637506965320384
Castle Gate,32,5.475133419036865,40.40641403198242,0.8949035337992062
Castle Gate,33,4.297340393066406,45.2884635925293,0.8605057408039205
Castle Gate,34,3.1581201553344727,39.13851547241211,0.9226148571232438
Castle Gate,35,1.252990961074829,42.68513488769531,0.8566872731536772
Castle Gate,36,99.27635955810547,106.62702178955078,0.8470085997101172
Castle Gate,37,99.51593017578125,106.06951904296875,0.8528507913753196
Castle Gate,38,111.41800689697266,119.25444793701172,0.8222381359409175
Castle Gate,39,76.28384399414062,94.06163024902344,0.9102379147213095
Castle Gate,40,30.745519638061523,37.185523986816406,0.9709639902421427
Castle Gate,41,33.14641189575195,36.586402893066406,0.9547990404450115
Castle Gate,42,32.17985153198242,37.017452239990234,0.9765025501099142
Castle Gate,43,24.58609390258789,30.778453826904297,0.9666406613892097
Castle Gate,44,43.80573654174805,47.156646728515625,0.9552706003417117
Castle Gate,45,45.0641975402832,50.67305374145508,0.9509342368986345
Castle Gate,46,46.19840621948242,49.25895309448242,0.9664633011830153
Castle Gate,47,38.475242614746094,44.52821731567383,0.9566246318265563
Castle Gate,48,64.32861328125,87.98849487304688,0.9186867021392024
Castle Gate,49,51.79628372192383,62.03601837158203,0.9506806537504708
Castle Gate,50,64.13191223144531,66.2697525024414,0.9568369301466493
Castle Gate,51,75.6035385131836,77.78599548339844,0.9517726299597116
Castle Gate,52,4.000852584838867,47.44550704956055,0.9118091292205939
Castle Gate,53,24.147010803222656,62.98173904418945,0.8534950848220418
Castle Gate,54,23.695554733276367,54.559627532958984,0.8966150911259161
Castle Gate,55,27.781452178955078,62.28694534301758,0.8708634352706314
Castle Gate,56,24.2681827545166,54.69557571411133,0.9120121859160485
Castle Gate,57,16.23009490966797,53.381591796875,0.737718079522788
Castle Gate,58,31.46991539001465,59.51900863647461,0.918942783890524
Castle Gate,59,31.142728805541992,61.20397186279297,0.7467316940048246
Castle Gate,60,2.5338776111602783,36.82017135620117,0.9247109816267965
Castle Gate,61,2.033461093902588,35.139644622802734,0.9296423147010499
Castle Gate,62,8.778270721435547,46.42449951171875,0.8929712446590952
Castle Gate,63,4.770290851593018,38.28325653076172,0.9136449822688592
Castle Gate,64,7.774709224700928,31.624032974243164,0.9628574430037711
Castle Gate,65,20.23386001586914,44.10948181152344,0.8630511843543748
Castle Gate,66,4.247444152832031,28.45029067993164,0.9661507445165721
Castle Gate,67,26.897607803344727,50.05229187011719,0.8344148352362272
Castle Gate,68,110.35240173339844,151.63519287109375,0.7729147375752998
Castle Gate,69,242.20411682128906,293.24017333984375,0.5052604929367265
Castle Gate,70,118.79116821289062,161.3922119140625,0.7758825577572773
Castle Gate,71,155.5118865966797,185.9546661376953,0.5641420991575437
Castle Gate,72,18.262887954711914,57.79772186279297,0.8801372714529414
Castle Gate,73,9.121923446655273,31.284011840820312,0.9404243659331623
Castle Gate,74,7.210968494415283,45.73194885253906,0.9092800701372539
Castle Gate,75,3.3143529891967773,32.64106369018555,0.9354813758762272
Castle Gate,76,18.985801696777344,42.47237777709961,0.8685271178557088
Castle Gate,77,17.816131591796875,46.46184539794922,0.8918875021462113
Castle Gate,78,19.619365692138672,39.15260696411133,0.898956300660165
Castle Gate,79,13.102363586425781,55.823978424072266,0.8359695610123542
Castle Gate,80,54.41006851196289,89.05821228027344,0.3055842117649924
Castle Gate,81,229.4868621826172,318.22186279296875,0.566368105475344
Castle Gate,82,56.92109298706055,96.0599136352539,0.17915386233259492
Castle Gate,83,201.35906982421875,270.9737548828125,0.6542273440131543
Castle Gate,84,29.0789794921875,36.288578033447266,0.9825161224524217
Castle Gate,85,39.457218170166016,48.001678466796875,0.9686295690402543
Castle Gate,86,29.251583099365234,36.72541809082031,0.9817341966746266
Castle Gate,87,35.757415771484375,46.849300384521484,0.9526907119131879
Castle Gate,88,25.16815948486328,38.490509033203125,0.9207148022246676
Castle Gate,89,32.136863708496094,35.863731384277344,0.9736162386938491
Castle Gate,90,25.170406341552734,38.745574951171875,0.9286872844923937
Castle Gate,91,38.63459014892578,41.556392669677734,0.9642202515292457
Castle Gate,92,60.72181701660156,95.84209442138672,0.7683152318254213
Castle Gate,93,43.0583381652832,82.99597930908203,0.771208282085735
Castle Gate,94,33.691463470458984,72.96240234375,0.8065651940167164
Castle Gate,95,51.689483642578125,96.85879516601562,0.7733136542746061
Castle Gate,96,0.06566747277975082,42.69501495361328,0.9243815569845387
Castle Gate,97,8.483357429504395,34.2994270324707,0.9470790333769864
Castle Gate,98,10.16523265838623,43.10167694091797,0.9341886576172859
Castle Gate,99,9.085919380187988,32.7589111328125,0.9538937414219602
Castle Gate,100,35.25815200805664,46.69828414916992,0.9130017802022026
Castle Gate,101,29.53525733947754,44.849884033203125,0.9169367622828213
Castle Gate,102,38.02779006958008,52.53832244873047,0.9088803930983871
Castle Gate,103,31.970365524291992,47.296051025390625,0.91622072968177
Castle Gate,104,9.287528038024902,34.99142837524414,0.9355284346664415
Castle Gate,105,14.926918029785156,40.706295013427734,0.9264237321093051
Castle Gate,106,7.232229709625244,42.403785705566406,0.90715410798288
Castle Gate,107,9.158867835998535,36.231075286865234,0.9371802062849365
Castle Gate,108,9.154889106750488,39.15757751464844,0.9139950345918265
Castle Gate,109,6.945572376251221,37.28142166137695,0.9114785358277647
Castle Gate,110,9.066020965576172,44.263065338134766,0.9065734175950485
Castle Gate,111,12.147188186645508,38.774864196777344,0.8941000704197017
Castle Gate,112,70.35325622558594,101.32246398925781,0.685743741453676
Castle Gate,113,60.50918197631836,67.68680572509766,0.8145516603793586
Castle Gate,114,59.14494323730469,104.63240051269531,0.7490470543608274
Castle Gate,115,48.95287322998047,66.84396362304688,0.7447755376374846
Castle Gate,116,28.527610778808594,41.76261901855469,0.9299257456427629
Castle Gate,117,35.19607925415039,49.75078201293945,0.8478370297455351
Castle Gate,118,14.904485702514648,41.8866081237793,0.893156245199419
Castle Gate,119,35.90909194946289,45.89363098144531,0.8848070256751986
Castle Gate,120,27.508556365966797,49.770774841308594,0.8114331439759379
Castle Gate,121,24.864606857299805,62.49052429199219,0.8325370786599958
Castle Gate,122,23.036205291748047,49.61979293823242,0.8073164936091518
Castle Gate,123,23.196308135986328,51.28280258178711,0.8734183787845141
Castle Gate,124,26.870094299316406,71.66197967529297,0.8040578481980422
Castle Gate,125,20.743793487548828,46.05275344848633,0.8931038836338291
Castle Gate,126,21.644872665405273,61.0384521484375,0.8598924341265499
Castle Gate,127,9.823237419128418,57.154029846191406,0.8497869900054937
Castle Gate,128,41.12236404418945,101.1984634399414,0.7623763515556379
Castle Gate,129,10.764423370361328,62.854854583740234,0.8358309425148999
Castle Gate,130,43.656368255615234,86.46536254882812,0.8113677678417528
Castle Gate,131,31.821189880371094,75.82247161865234,0.8175413944575449
Castle Gate,132,82.51332092285156,128.8935089111328,0.7290302098219301
Castle Gate,133,92.00995635986328,191.73150634765625,0.6254759237374524
Castle Gate,134,59.634735107421875,111.85293579101562,0.7164651047114076
Castle Gate,135,77.02689361572266,170.15704345703125,0.6594547800789983
Castle Gate,136,2.9313857555389404,25.45208740234375,0.9731350805629893
Castle Gate,137,6.9201459884643555,27.82609748840332,0.9693704767443753
Castle Gate,138,7.766477108001709,28.1146183013916,0.9657118253826807
Castle Gate,139,0.16328750550746918,30.433488845825195,0.9719463922198439
Castle Gate,140,35.06782531738281,43.36625671386719,0.9462432868786665
Castle Gate,141,34.22722244262695,31.869693756103516,0.9624030526729803
Castle Gate,142,35.12932205200195,52.06914138793945,0.9448469445321641
Castle Gate,143,28.25222396850586,30.858261108398438,0.9758426809814765
Castle Gate,144,14.915923118591309,42.71992492675781,0.8695801691371302
Castle Gate,145,12.736274719238281,39.34160232543945,0.9252564655344399
Castle Gate,146,16.21229362487793,42.59347915649414,0.8862146083330599
Castle Gate,147,10.467966079711914,41.50712203979492,0.9172536132752716
Castle Gate,148,91.8160629272461,93.23847198486328,0.8690190729305846
Castle Gate,149,117.54469299316406,142.4326629638672,0.7521931647267085
Castle Gate,150,99.46038818359375,114.82145690917969,0.8057049622512849
Castle Gate,151,129.6606903076172,152.2351531982422,0.7975130233218279
Castle Gate,152,28.370107650756836,41.66948699951172,0.943301261255461
Castle Gate,153,16.997156143188477,35.36531066894531,0.9333836512986876
Castle Gate,154,16.04813575744629,35.429847717285156,0.9476214777495324
Castle Gate,155,25.844436645507812,41.20602798461914,0.932118572384971
Castle Gate,156,27.422950744628906,41.427547454833984,0.9490476811409467
Castle Gate,157,25.837820053100586,42.22711944580078,0.9476754225950469
Castle Gate,158,28.86196517944336,44.27293395996094,0.9491629981656075
Castle Gate,159,12.045939445495605,38.01997756958008,0.9173740378878447
Castle Gate,160,50.827537536621094,51.554908752441406,0.9765636513145093
Castle Gate,161,48.634334564208984,50.27117919921875,0.9330140029002875
Castle Gate,162,49.40293884277344,50.44083023071289,0.9551561227463499
Castle Gate,163,49.546077728271484,51.46814727783203,0.9345771371859998
Castle Gate,164,28.010021209716797,34.31580352783203,0.9627418819593532
Castle Gate,165,28.12249755859375,39.199859619140625,0.9425880977264934
Castle Gate,166,33.02942657470703,36.40513610839844,0.9801422849020925
Castle Gate,167,28.022974014282227,32.587032318115234,0.9707709111304423
Castle Gate,168,82.31893920898438,124.92724609375,0.7173202934586618
Castle Gate,169,70.33404541015625,115.08999633789062,0.6987001373409207
Castle Gate,170,114.1158676147461,145.6546173095703,0.6564252171222836
Castle Gate,171,65.30035400390625,106.81788635253906,0.6763501849142559
Castle Gate,172,32.139808654785156,37.49855422973633,0.9529135558230035
Castle Gate,173,36.42861557006836,41.077144622802734,0.9268280723287472
Castle Gate,174,25.04464340209961,32.10595703125,0.9639801388406006
Castle Gate,175,32.90403747558594,37.7072639465332,0.9629505233965178
Castle Gate,176,32.145172119140625,47.74948501586914,0.8667358187972026
Castle Gate,177,40.344722747802734,45.22504806518555,0.965755367666591
Castle Gate,178,35.153377532958984,46.86063003540039,0.9015761385442461
Castle Gate,179,37.99654769897461,40.95329284667969,0.9665610170407041
Castle Gate,180,13.142915725708008,28.60416030883789,0.9772213325003585
Castle Gate,181,15.870089530944824,32.96224594116211,0.967938869552077
Castle Gate,182,12.603387832641602,31.03618812561035,0.9747317807834177
Castle Gate,183,21.63404083251953,33.68345260620117,0.9685639732950094
Castle Gate,184,8.602100372314453,36.227779388427734,0.9488068417630324
Castle Gate,185,31.07172966003418,45.78200149536133,0.9233346865050959
Castle Gate,186,1.4891575574874878,31.792865753173828,0.9522356369095705
Castle Gate,187,37.980037689208984,52.29073715209961,0.9299908872935296
Castle Gate,188,2.5712625980377197,36.6026496887207,0.927231796674314
Castle Gate,189,4.455103397369385,28.274412155151367,0.9611296026471812
Castle Gate,190,4.147902011871338,30.603883743286133,0.9434018439267124
Castle Gate,191,3.2623472213745117,29.70393943786621,0.9533597301635038
Castle Gate,192,7.503678321838379,32.69911575317383,0.9510335995729523
Castle Gate,193,27.821035385131836,44.68588638305664,0.927204646909788
Castle Gate,194,4.95493745803833,32.07241439819336,0.9437511101407751
Castle Gate,195,26.506263732910156,45.3973388671875,0.918570649171703
Castle Gate,196,17.896739959716797,31.544557571411133,0.9387978177004227
Castle Gate,197,4.461053371429443,32.22515869140625,0.9434461855189505
Castle Gate,198,14.684926986694336,28.896465301513672,0.95074836232147
Castle Gate,199,11.363980293273926,30.783723831176758,0.9516319775553553
Castle Gate,200,3.516327142715454,41.23031997680664,0.8373514109322792
Castle Gate,201,13.361544609069824,49.0941276550293,0.8102679833514564
Castle Gate,202,0.5154944658279419,43.166656494140625,0.82383885031135
Castle Gate,203,0.4269789755344391,44.505706787109375,0.8186649960602009
Castle Gate,204,7.357144355773926,38.85117721557617,0.9265112270616547
Castle Gate,205,11.10232925415039,27.5909481048584,0.9663683465080013
Castle Gate,206,3.9499411582946777,45.91135787963867,0.874434949898573
Castle Gate,207,19.495237350463867,34.66542053222656,0.9533139052859043
Castle Gate,208,84.91581726074219,83.1568374633789,0.955546895170306
Castle Gate,209,93.47248077392578,96.6025161743164,0.9681097057919
Castle Gate,210,87.89673614501953,92.14061737060547,0.9416355480808628
Castle Gate,211,106.19078826904297,113.33306121826172,0.9562046793269146
Castle Gate,212,2.9955689907073975,44.54983901977539,0.9011544451877769
Castle Gate,213,6.5250678062438965,44.25547409057617,0.9291883193721577
Castle Gate,214,9.78381061553955,42.15911102294922,0.9150043031418545
Castle Gate,215,8.526426315307617,47.7607307434082,0.9202854662352633
Castle Gate,216,2.772366523742676,19.060178756713867,0.9812806301842726
Castle Gate,217,3.633861541748047,27.484045028686523,0.9654198973195297
Castle Gate,218,0.5133601427078247,20.91750144958496,0.9758407801457725
Castle Gate,219,2.474855899810791,28.07781982421875,0.9546336535628707
Castle Gate,220,32.96104431152344,39.12066650390625,0.9654857169319979
Castle Gate,221,20.268814086914062,36.60418701171875,0.9252950141824282
Castle Gate,222,20.113285064697266,30.45464324951172,0.9669877122389453
Castle Gate,223,27.597421646118164,39.802669525146484,0.9290453949538374
Castle Gate,224,31.990074157714844,42.027503967285156,0.9001104474423167
Castle Gate,225,39.85851287841797,46.5654182434082,0.8791116459230299
Castle Gate,226,34.38832092285156,42.62761688232422,0.9052870660419133
Castle Gate,227,45.01473617553711,51.86001968383789,0.8721824629675211
Castle Gate,228,30.343326568603516,32.694332122802734,0.9784187492476326
Castle Gate,229,28.801311492919922,33.81740188598633,0.9511851550088771
Castle Gate,230,29.98860740661621,33.353702545166016,0.9706456901793387
Castle Gate,231,33.870994567871094,37.96147918701172,0.9541385508713068
Castle Gate,232,2.797487735748291,37.16205978393555,0.9311719461778684
Castle Gate,233,12.479814529418945,39.84286880493164,0.9224505084061494
Castle Gate,234,5.986759185791016,38.71095275878906,0.9155793890351775
Castle Gate,235,15.00601863861084,34.42814636230469,0.9394596279128858
Castle Gate,236,16.038373947143555,22.322725296020508,0.9795480351793538
Castle Gate,237,11.586233139038086,26.645620346069336,0.965935198528025
Castle Gate,238,15.031312942504883,20.685932159423828,0.9807717245848943
Castle Gate,239,6.902520179748535,23.429887771606445,0.971071914865473
Castle Gate,240,3.747074604034424,22.323312759399414,0.9756028020795348
Castle Gate,241,6.698243141174316,33.230342864990234,0.958922841492683
Castle Gate,242,0.8314757943153381,19.649255752563477,0.9796029785701516
Castle Gate,243,4.341825485229492,29.4138126373291,0.9517501781671904
Castle Gate,244,35.04398727416992,46.14531326293945,0.911200420795386
Castle Gate,245,39.26110076904297,49.56649398803711,0.9180100727904477
Castle Gate,246,29.14436149597168,43.32815170288086,0.9179579452237738
Castle Gate,247,42.826194763183594,49.298221588134766,0.9258883785384112
Castle Gate,248,38.03534698486328,42.348453521728516,0.954916946946085
Castle Gate,249,30.396059036254883,36.34331130981445,0.961924816543662
Castle Gate,250,35.9644660949707,41.39971160888672,0.9369011530369102
Castle Gate,251,35.6436767578125,40.23594284057617,0.9492554096087157
Castle Gate,252,2.98045015335083,30.757518768310547,0.9767627768466965
Castle Gate,253,10.849003791809082,30.16197967529297,0.9734557482963497
Castle Gate,254,5.0726318359375,31.823728561401367,0.9776143503518112
Castle Gate,255,9.064275741577148,29.172975540161133,0.9774900886845413
Castle Gate,256,29.832605361938477,45.40068054199219,0.6132110402374177
Castle Gate,257,13.081621170043945,44.36280822753906,0.8709144852229302
Castle Gate,258,22.64136505126953,46.2896842956543,0.6868012722671595
Castle Gate,259,4.23067045211792,42.090885162353516,0.8927297203061617
Castle Gate,260,35.45503234863281,38.741756439208984,0.9451255170595355
Castle Gate,261,31.8745059967041,33.12025451660156,0.9509928898539337
Castle Gate,262,42.520294189453125,47.68278884887695,0.9326395660556956
Castle Gate,263,31.436120986938477,33.28319549560547,0.9592596156363039
Castle Gate,264,10.567573547363281,35.78956985473633,0.9223032356232856
Castle Gate,265,8.40230655670166,38.07413864135742,0.9217317536680643
Castle Gate,266,10.80630111694336,31.448604583740234,0.9508293393087681
Castle Gate,267,5.068115711212158,36.65132141113281,0.9158656639799821
Castle Gate,268,9.08792495727539,36.637596130371094,0.9215276079093115
Castle Gate,269,4.659448146820068,37.411964416503906,0.9296406132216577
Castle Gate,270,4.275883674621582,41.76863479614258,0.8870716847116611
Castle Gate,271,2.9080772399902344,39.29234313964844,0.9141817895090317
Castle Gate,272,38.31540298461914,49.29163360595703,0.9411530662194634
Castle Gate,273,46.207855224609375,50.535125732421875,0.9323430156627432
Castle Gate,274,36.695743560791016,52.350067138671875,0.9166493553053641
Castle Gate,275,45.5777587890625,49.88299560546875,0.9168386666297224
Castle Gate,276,11.281417846679688,37.85999298095703,0.9351599221550912
Castle Gate,277,3.3613572120666504,27.92268943786621,0.9607109106667947
Castle Gate,278,5.801657676696777,30.212909698486328,0.9611523053516081
Castle Gate,279,1.35353684425354,25.042377471923828,0.9646866052748333
Castle Gate,280,24.864160537719727,39.009822845458984,0.9448098107808324
Castle Gate,281,19.31502342224121,34.99312210083008,0.9325376112506835
Castle Gate,282,15.575429916381836,35.814544677734375,0.9429434893157597
Castle Gate,283,17.19793128967285,33.44003677368164,0.927293600097532
Berea Upper Gray,0,42.619781494140625,51.40883255004883,0.9036494702134048
Berea Upper Gray,1,41.083740234375,52.14734649658203,0.8692473020959895
Berea Upper Gray,2,38.178218841552734,46.85186004638672,0.9115922207759549
Berea Upper Gray,3,46.967594146728516,54.90006637573242,0.8934430891052783
Berea Upper Gray,4,9.31135368347168,31.0440731048584,0.9611644003769351
Berea Upper Gray,5,8.44133472442627,27.197664260864258,0.9637668039870013
Berea Upper Gray,6,6.994777202606201,29.857221603393555,0.9609074995157459
Berea Upper Gray,7,6.412553310394287,29.379175186157227,0.9587164258601262
Berea Upper Gray,8,10.022157669067383,44.81045150756836,0.8910311759864495
Berea Upper Gray,9,5.797545433044434,50.51259231567383,0.8309025892878339
Berea Upper Gray,10,11.60363483428955,44.84148406982422,0.8867813291032144
Berea Upper Gray,11,12.267704963684082,47.22096633911133,0.8479785527267425
Berea Upper Gray,12,14.116448402404785,62.91960144042969,0.8165153759545395
Berea Upper Gray,13,24.372697830200195,78.44599151611328,0.7610953445931418
Berea Upper Gray,14,5.952607154846191,65.78254699707031,0.7972268035964293
Berea Upper Gray,15,15.546545028686523,69.23294067382812,0.7708294426264736
Berea Upper Gray,16,9.642558097839355,67.82341766357422,0.8451224078703338
Berea Upper Gray,17,22.02820587158203,54.68951416015625,0.9504900415554641
Berea Upper Gray,18,5.577724933624268,70.06018829345703,0.8298967510953238
Berea Upper Gray,19,17.68194007873535,55.2799072265625,0.9378373144487235
Berea Upper Gray,20,31.904809951782227,50.225364685058594,0.9188394816022617
Berea Upper Gray,21,3.2309093475341797,55.92698669433594,0.8179535011634589
Berea Upper Gray,22,28.396244049072266,50.058387756347656,0.8614340105219043
Berea Upper Gray,23,5.6704511642456055,62.28468704223633,0.8208503189442371
Berea Upper Gray,24,44.609130859375,49.98183822631836,0.9516496270392055
Berea Upper Gray,25,47.54951477050781,55.553070068359375,0.8917631818291559
Berea Upper Gray,26,50.0811653137207,54.86152267456055,0.9352582960286835
Berea Upper Gray,27,49.030086517333984,55.516780853271484,0.9113269163474869
Berea Upper Gray,28,21.441516876220703,35.79182815551758,0.9063832716314626
Berea Upper Gray,29,21.30220603942871,38.31501007080078,0.8973075295513842
Berea Upper Gray,30,18.043916702270508,37.3709716796875,0.9068223354113676
Berea Upper Gray,31,18.474472045898438,39.779380798339844,0.8940298300948831
Berea Upper Gray,32,6.874856948852539,57.356956481933594,0.8302164513419528
Berea Upper Gray,33,8.662367820739746,60.59354019165039,0.8131364054897847
Berea Upper Gray,34,7.963481426239014,51.77363586425781,0.8450877981759758
Berea Upper Gray,35,17.217832565307617,51.26212692260742,0.8605125642142056
Berea Upper Gray,36,21.41805076599121,66.68742370605469,0.6822695207025035
Berea Upper Gray,37,26.70185661315918,98.31410217285156,0.5337079666250553
Berea Upper Gray,38,17.838594436645508,67.4161605834961,0.7578454638118918
Berea Upper Gray,39,15.665778160095215,107.52034759521484,0.4349731419255046
Berea Upper Gray,40,45.49570846557617,57.056495666503906,0.8138025732089919
Berea Upper Gray,41,34.782554626464844,57.27138137817383,0.8706828834524781
Berea Upper Gray,42,39.16755294799805,53.0810661315918,0.8599333266220842
Berea Upper Gray,43,33.385799407958984,54.2904167175293,0.869185646895152
Berea Upper Gray,44,2.242560863494873,78.27848052978516,0.6325916054587545
Berea Upper Gray,45,2.4997732639312744,76.64042663574219,0.7345668997175013
Berea Upper Gray,46,18.08974838256836,65.51863861083984,0.755504303881226
Berea Upper Gray,47,16.996458053588867,76.6136703491211,0.6978466801399954
Berea Upper Gray,48,11.959187507629395,34.45874786376953,0.938501598600662
Berea Upper Gray,49,3.8596510887145996,35.39289093017578,0.9368073312264606
Berea Upper Gray,50,29.1765079498291,46.616764068603516,0.9234052667816993
Berea Upper Gray,51,3.806811809539795,35.93925476074219,0.9292433672863263
Berea Upper Gray,52,7.946732044219971,32.692413330078125,0.9598739010181482
Berea Upper Gray,53,24.8670654296875,37.75334548950195,0.9328896957015459
Berea Upper Gray,54,5.500424861907959,38.931549072265625,0.9524479101198954
Berea Upper Gray,55,19.507884979248047,31.187509536743164,0.9565003606311154
Berea Upper Gray,56,17.280784606933594,35.745323181152344,0.9702517790684995
Berea Upper Gray,57,25.712886810302734,40.00065612792969,0.9406508450782061
Berea Upper Gray,58,19.47586441040039,36.33369827270508,0.9659581844409153
Berea Upper Gray,59,23.950132369995117,38.98833465576172,0.9458732509565027
Berea Upper Gray,60,21.562440872192383,38.94804000854492,0.9493284084337157
Berea Upper Gray,61,19.061199188232422,51.15379333496094,0.8464348967729866
Berea Upper Gray,62,28.771024703979492,43.50529861450195,0.9486526563764586
Berea Upper Gray,63,20.9863338470459,43.08224105834961,0.886625910322375
Berea Upper Gray,64,14.235666275024414,32.25087356567383,0.9592995344488446
Berea Upper Gray,65,5.157641410827637,40.967811584472656,0.931346616438768
Berea Upper Gray,66,18.73089599609375,39.053131103515625,0.9448248309503522
Berea Upper Gray,67,10.926033020019531,36.069908142089844,0.9543295086870867
Berea Upper Gray,68,153.30128479003906,174.14588928222656,0.5418705624709146
Berea Upper Gray,69,66.45996856689453,110.29327392578125,-0.044469230159763645
Berea Upper Gray,70,156.37887573242188,192.71583557128906,0.531145228677457
Berea Upper Gray,71,69.67083740234375,130.1175079345703,0.25654792003601823
Berea Upper Gray,72,10.220338821411133,48.58619689941406,0.8741522745670628
Berea Upper Gray,73,2.1210484504699707,45.539024353027344,0.8007161415982681
Berea Upper Gray,74,5.775375843048096,49.370235443115234,0.8397585811773569
Berea Upper Gray,75,5.736912727355957,51.01789855957031,0.8182967881014334
Berea Upper Gray,76,37.51498794555664,93.68753051757812,0.5742603111814228
Berea Upper Gray,77,91.48085021972656,134.0128631591797,0.22658160871467553
Berea Upper Gray,78,34.579307556152344,94.06124114990234,0.47136978278338776
Berea Upper Gray,79,70.99018096923828,121.39867401123047,0.4994323566289616
Berea Upper Gray,80,1.4383832216262817,47.479759216308594,0.8214592635137323
Berea Upper Gray,81,0.6118088364601135,53.38215255737305,0.7760493184970276
Berea Upper Gray,82,0.5529651045799255,48.36699676513672,0.7683339165400506
Berea Upper Gray,83,7.156211853027344,47.11568069458008,0.8753385201830044
Berea Upper Gray,84,7.002355098724365,34.61490249633789,0.953181280104521
Berea Upper Gray,85,11.840644836425781,40.98098373413086,0.9203285995773133
Berea Upper Gray,86,4.017539024353027,37.961116790771484,0.9443150421631169
Berea Upper Gray,87,11.629979133605957,34.311614990234375,0.9598551635017376
Berea Upper Gray,88,18.2775936126709,41.46063995361328,0.8914670546164501
Berea Upper Gray,89,19.7117919921875,36.08518600463867,0.9097456679177229
Berea Upper Gray,90,24.649641036987305,40.24150466918945,0.9096448404837315
Berea Upper Gray,91,17.302433013916016,37.98487091064453,0.9128107976859285
Berea Upper Gray,92,34.689300537109375,42.58356857299805,0.9205973191996928
Berea Upper Gray,93,37.99217987060547,48.014102935791016,0.8777565666999527
Berea Upper Gray,94,36.132774353027344,47.085060119628906,0.8947955363392299
Berea Upper Gray,95,36.236454010009766,46.29819107055664,0.8609021308480017
Berea Upper Gray,96,20.29201889038086,40.293521881103516,0.9239102439211385
Berea Upper Gray,97,24.365942001342773,39.13913345336914,0.9428961244318245
Berea Upper Gray,98,26.217975616455078,44.472984313964844,0.9375419051532843
Berea Upper Gray,99,22.47612953186035,47.908050537109375,0.8715490770649944
Berea Upper Gray,100,350.2989196777344,312.34930419921875,0.6019243312421765
Berea Upper Gray,101,345.80535888671875,288.0232849121094,0.6325999311518345
Berea Upper Gray,102,415.9708251953125,299.0285949707031,0.5595727608329356
Berea Upper Gray,103,410.1228332519531,378.6540832519531,0.7569464015951284
Berea Upper Gray,104,21.974077224731445,68.24410247802734,0.8051036129215204
Berea Upper Gray,105,16.928951263427734,51.57259750366211,0.8771118423849806
Berea Upper Gray,106,34.526493072509766,73.52247619628906,0.8515983077128919
Berea Upper Gray,107,20.211381912231445,40.7495002746582,0.9464440662281765
Berea Upper Gray,108,41.346717834472656,104.4031982421875,0.6589402887172344
Berea Upper Gray,109,86.61811828613281,148.45431518554688,0.6299270990196939
Berea Upper Gray,110,60.79298782348633,130.15257263183594,0.5968656030672495
Berea Upper Gray,111,67.83991241455078,102.1333999633789,0.8165703516784178
Berea Upper Gray,112,1.5535476207733154,49.885379791259766,0.8664247281714638
Berea Upper Gray,113,6.032876014709473,73.1358413696289,0.7580984338435521
Berea Upper Gray,114,19.43951416015625,68.80757141113281,0.6412358306571397
Berea Upper Gray,115,13.538373947143555,57.422340393066406,0.85693839397317
Berea Upper Gray,116,2.101088762283325,23.417743682861328,0.9723764530317439
Berea Upper Gray,117,0.6864976286888123,28.03352928161621,0.9560994127212843
Berea Upper Gray,118,7.250536918640137,25.97564697265625,0.970020034966911
Berea Upper Gray,119,1.5311472415924072,34.58049392700195,0.9514103794313833
Berea Upper Gray,120,32.88123321533203,40.29988479614258,0.9359247555704951
Berea Upper Gray,121,26.284175872802734,42.759864807128906,0.8987800513881562
Berea Upper Gray,122,30.985382080078125,40.6583251953125,0.9307312546680432
Berea Upper Gray,123,30.739580154418945,41.71013641357422,0.9155447671109672
Berea Upper Gray,124,1.648762822151184,48.502567291259766,0.8589693927294577
Berea Upper Gray,125,21.110469818115234,38.069522857666016,0.9212391746679758
Berea Upper Gray,126,8.031160354614258,46.128814697265625,0.8841782470351363
Berea Upper Gray,127,1.3620336055755615,46.981353759765625,0.9111922847041435
Berea Upper Gray,128,2.62786602973938,42.75338363647461,0.8973570385577285
Berea Upper Gray,129,8.338970184326172,36.69967269897461,0.9443871381041679
Berea Upper Gray,130,6.075120449066162,46.059661865234375,0.8907690461203869
Berea Upper Gray,131,12.627426147460938,38.83882522583008,0.9180240509133097
Berea Upper Gray,132,30.25480079650879,35.1314697265625,0.9613252399440508
Berea Upper Gray,133,31.68504524230957,37.81835174560547,0.9579575556817999
Berea Upper Gray,134,32.696929931640625,39.07229232788086,0.9494447572922778
Berea Upper Gray,135,31.276317596435547,37.614227294921875,0.9509336505578608
Berea Upper Gray,136,51.00800323486328,54.02045822143555,0.9392405250156858
Berea Upper Gray,137,44.12131118774414,46.1345100402832,0.9284365470121051
Berea Upper Gray,138,48.136722564697266,51.212772369384766,0.9026898436916905
Berea Upper Gray,139,40.515472412109375,43.388545989990234,0.928522366104147
Berea Upper Gray,140,23.179920196533203,37.50971603393555,0.9556485853676836
Berea Upper Gray,141,23.91305923461914,45.578399658203125,0.9360908792387734
Berea Upper Gray,142,22.468652725219727,38.88144302368164,0.9597717433057734
Berea Upper Gray,143,20.812591552734375,44.441078186035156,0.936201351274269
Berea Upper Gray,144,24.411142349243164,33.30384826660156,0.9644874916710886
Berea Upper Gray,145,31.042524337768555,35.872615814208984,0.9695859190359819
Berea Upper Gray,146,27.295574188232422,37.46068572998047,0.9625176067255803
Berea Upper Gray,147,24.997434616088867,32.76054000854492,0.9702989537594107
Berea Upper Gray,148,12.420304298400879,33.78017807006836,0.9170859344394457
Berea Upper Gray,149,3.5769848823547363,30.678359985351562,0.94021796776769
Berea Upper Gray,150,0.06274688243865967,41.75288772583008,0.8757446553999539
Berea Upper Gray,151,1.3095173835754395,27.486927032470703,0.9425944313172557
Berea Upper Gray,152,265.059326171875,108.57373046875,0.12676908277386095
Berea Upper Gray,153,255.18316650390625,106.48949432373047,0.1055597192594271
Berea Upper Gray,154,221.44912719726562,92.74584197998047,0.24818084084157677
Berea Upper Gray,155,253.3112335205078,104.65049743652344,0.10063455387412043
Berea Upper Gray,156,114.66635131835938,141.76309204101562,0.5927672220947988
Berea Upper Gray,157,127.254150390625,104.73987579345703,0.6625146546386993
Berea Upper Gray,158,119.8574447631836,112.45337677001953,0.6401360997672271
Berea Upper Gray,159,177.7250518798828,118.69459533691406,0.6824242843088917
Berea Upper Gray,160,6.657535076141357,36.839599609375,0.9134498732726051
Berea Upper Gray,161,0.7787604928016663,29.5030517578125,0.9577959695974759
Berea Upper Gray,162,5.247385025024414,35.77550506591797,0.930023562241648
Berea Upper Gray,163,5.704776763916016,37.769622802734375,0.9284415661970994
Berea Upper Gray,164,8.389396667480469,26.63934326171875,0.9651169707497023
Berea Upper Gray,165,0.9226111769676208,37.38407897949219,0.9093500024603829
Berea Upper Gray,166,14.275459289550781,32.88898849487305,0.9434134210024034
Berea Upper Gray,167,1.8408417701721191,36.595970153808594,0.9142699211773325
Berea Upper Gray,168,26.985509872436523,71.30677032470703,0.831376267453145
Berea Upper Gray,169,13.017373085021973,61.09071350097656,0.8733306597908734
Berea Upper Gray,170,20.205392837524414,83.66244506835938,0.7543778462279783
Berea Upper Gray,171,14.337627410888672,57.85378646850586,0.8433018162781856
Berea Upper Gray,172,31.879087448120117,53.338375091552734,0.8457143911545602
Berea Upper Gray,173,12.452164649963379,38.079978942871094,0.9597073547926461
Berea Upper Gray,174,18.832725524902344,44.727622985839844,0.9094336472693535
Berea Upper Gray,175,1.6674344539642334,35.946475982666016,0.9479762506112112
Berea Upper Gray,176,138.18661499023438,219.419921875,0.37877978646950455
Berea Upper Gray,177,70.77356719970703,120.38959503173828,0.3711473431830904
Berea Upper Gray,178,101.13323974609375,161.8982391357422,0.484826385475602
Berea Upper Gray,179,106.13475036621094,152.50669860839844,0.40785610325007887
Berea Upper Gray,180,26.298410415649414,53.56661605834961,0.7593228418465564
Berea Upper Gray,181,10.99399185180664,35.1058464050293,0.9186419076254103
Berea Upper Gray,182,19.252565383911133,51.893516540527344,0.8125146448089107
Berea Upper Gray,183,7.061439037322998,36.99083709716797,0.9113247505862605
Berea Upper Gray,184,67.80066680908203,71.46817016601562,0.9435688720578536
Berea Upper Gray,185,51.1674919128418,56.88720703125,0.9564002231480773
Berea Upper Gray,186,60.914772033691406,68.40789031982422,0.9093670487178388
Berea Upper Gray,187,70.3778076171875,69.15986633300781,0.9617547937455881
Berea Upper Gray,188,20.459333419799805,62.06719207763672,0.8401916999136616
Berea Upper Gray,189,9.240574836730957,47.56772232055664,0.8896159372384715
Berea Upper Gray,190,38.43146896362305,69.40010070800781,0.8166963838101708
Berea Upper Gray,191,1.8763161897659302,52.3989372253418,0.8457233823797125
Berea Upper Gray,192,10.382438659667969,44.80217742919922,0.9111699531410012
Berea Upper Gray,193,4.671032905578613,47.79555892944336,0.8829435503442329
Berea Upper Gray,194,17.616796493530273,46.96365737915039,0.8998029563111981
Berea Upper Gray,195,4.218480587005615,45.271018981933594,0.9128132869177034
Berea Upper Gray,196,9.379931449890137,36.02964782714844,0.9438465701274698
Berea Upper Gray,197,1.460355281829834,37.82685470581055,0.9532278279515342
Berea Upper Gray,198,1.8592627048492432,36.515480041503906,0.9522728306217705
Berea Upper Gray,199,8.275254249572754,38.959869384765625,0.9617829588288044
Berea Upper Gray,200,46.0970573425293,77.81803131103516,0.8462960100575366
Berea Upper Gray,201,88.46713256835938,101.26171112060547,0.8953151391456686
Berea Upper Gray,202,47.0202522277832,70.42420196533203,0.8946961528699193
Berea Upper Gray,203,71.92274475097656,95.27776336669922,0.8893294873645241
Berea Upper Gray,204,22.66986846923828,53.66398239135742,0.8854341766428715
Berea Upper Gray,205,10.143539428710938,58.27138137817383,0.7883610346276894
Berea Upper Gray,206,29.843793869018555,61.57625198364258,0.7766153972321737
Berea Upper Gray,207,21.4908390045166,55.51173400878906,0.8159733140253111
Berea Upper Gray,208,49.052001953125,68.60770416259766,0.9258406849876422
Berea Upper Gray,209,31.00506591796875,41.25676727294922,0.9492629159517952
Berea Upper Gray,210,22.63188362121582,42.06564712524414,0.9355237874156759
Berea Upper Gray,211,31.407928466796875,49.84893798828125,0.9308275277609172
Berea Upper Gray,212,160.28785705566406,175.35394287109375,0.7112737552113318
Berea Upper Gray,213,152.6288604736328,182.08697509765625,0.6632825863702276
Berea Upper Gray,214,199.1764678955078,198.4317169189453,0.6908673205418971
Berea Upper Gray,215,162.85162353515625,186.48193359375,0.7226196266759413
Berea Upper Gray,216,78.14824676513672,93.3724594116211,0.7636460897298717
Berea Upper Gray,217,152.25701904296875,162.68272399902344,0.48753526318459883
Berea Upper Gray,218,88.84932708740234,114.29853057861328,0.6414594240962391
Berea Upper Gray,219,157.3102264404297,195.87379455566406,0.3574351951409224
Berea Upper Gray,220,16.13144302368164,36.72840118408203,0.9520191215508331
Berea Upper Gray,221,15.247994422912598,31.57212257385254,0.9707356970627287
Berea Upper Gray,222,20.822704315185547,38.935874938964844,0.950277792758652
Berea Upper Gray,223,10.062376022338867,31.357011795043945,0.9695003370020342
Berea Sinter Gray,0,11.795475959777832,54.417179107666016,0.9009058219347494
Berea Sinter Gray,1,25.68221092224121,47.17429733276367,0.8774869356723684
Berea Sinter Gray,2,5.122178077697754,44.968990325927734,0.9152318536998318
Berea Sinter Gray,3,11.064546585083008,44.38227462768555,0.8757913665818547
Berea Sinter Gray,4,45.82579040527344,82.45623779296875,0.7487999788908815
Berea Sinter Gray,5,1.881465196609497,54.36883544921875,0.8585411765027017
Berea Sinter Gray,6,54.086666107177734,94.26815795898438,0.7234869841111878
Berea Sinter Gray,7,20.75926399230957,71.32844543457031,0.7709356578222749
Berea Sinter Gray,8,6.131588459014893,55.7408332824707,0.8904640858185214
Berea Sinter Gray,9,16.05962371826172,41.04240798950195,0.9083403609474713
Berea Sinter Gray,10,4.956079006195068,45.18447494506836,0.9372405440195175
Berea Sinter Gray,11,18.211502075195312,40.712120056152344,0.8967643622483935
Berea Sinter Gray,12,41.11296844482422,48.4232063293457,0.9649820962137267
Berea Sinter Gray,13,42.54725646972656,48.073883056640625,0.958001847583673
Berea Sinter Gray,14,41.8412971496582,49.38044738769531,0.9547526089883632
Berea Sinter Gray,15,41.009944915771484,50.68955612182617,0.9375500993879118
Berea Sinter Gray,16,30.888595581054688,52.056373596191406,0.9206200127662604
Berea Sinter Gray,17,24.597412109375,60.099891662597656,0.8945710546976775
Berea Sinter Gray,18,12.187429428100586,37.02836608886719,0.9336908290013236
Berea Sinter Gray,19,35.05554962158203,57.778831481933594,0.9072368342508109
Berea Sinter Gray,20,39.80917739868164,90.64971160888672,0.7575886071322078
Berea Sinter Gray,21,154.44290161132812,208.02239990234375,0.6423620665809995
Berea Sinter Gray,22,38.39308166503906,71.07174682617188,0.8086369957394586
Berea Sinter Gray,23,62.063385009765625,90.53253936767578,0.7382244098292426
Berea Sinter Gray,24,17.059778213500977,39.96332550048828,0.9137166360702836
Berea Sinter Gray,25,15.498156547546387,36.14076232910156,0.925118385568951
Berea Sinter Gray,26,15.45062255859375,38.240394592285156,0.9090940944268314
Berea Sinter Gray,27,22.760080337524414,41.91363525390625,0.8801270855762494
Berea Sinter Gray,28,7.41687536239624,63.837032318115234,0.8144043128402683
Berea Sinter Gray,29,40.280189514160156,85.64142608642578,0.7124222755798073
Berea Sinter Gray,30,14.72928237915039,60.313499450683594,0.8390299213601091
Berea Sinter Gray,31,36.92587661743164,86.78205108642578,0.7170523973990955
Berea Sinter Gray,32,42.06547164916992,75.08759307861328,0.8485937048245504
Berea Sinter Gray,33,40.024147033691406,66.0985336303711,0.8658140156158165
Berea Sinter Gray,34,34.314395904541016,57.89238739013672,0.9183390566065325
Berea Sinter Gray,35,59.768184661865234,74.89605712890625,0.868680612721764
Berea Sinter Gray,36,136.01358032226562,134.98085021972656,0.7769321775887797
Berea Sinter Gray,37,95.95760345458984,126.60680389404297,0.664290846294361
Berea Sinter Gray,38,117.13422393798828,109.14588928222656,0.7655696563890674
Berea Sinter Gray,39,131.4258270263672,153.72206115722656,0.6927905060450394
Berea Sinter Gray,40,5.448624134063721,60.79172134399414,0.7874950931469737
Berea Sinter Gray,41,13.012176513671875,63.69375991821289,0.8101058377445383
Berea Sinter Gray,42,8.353629112243652,61.32126235961914,0.7826556943200472
Berea Sinter Gray,43,8.736506462097168,70.32667541503906,0.7318878910800821
Berea Sinter Gray,44,14.385699272155762,34.23001480102539,0.9641120124213652
Berea Sinter Gray,45,0.9270726442337036,36.569549560546875,0.9369997101662795
Berea Sinter Gray,46,7.584635257720947,33.86408615112305,0.9545727208691931
Berea Sinter Gray,47,17.12122917175293,37.36858367919922,0.9463637844186327
Berea Sinter Gray,48,18.720638275146484,43.208648681640625,0.9233875773654723
Berea Sinter Gray,49,9.246505737304688,35.440799713134766,0.956969397951094
Berea Sinter Gray,50,9.901829719543457,41.118194580078125,0.9123694912286314
Berea Sinter Gray,51,10.856572151184082,42.36686325073242,0.9572340294234084
Berea Sinter Gray,52,3.4292125701904297,32.273902893066406,0.9252854338350626
Berea Sinter Gray,53,5.653189659118652,44.198673248291016,0.9043853428431388
Berea Sinter Gray,54,3.0082321166992188,37.29320526123047,0.9105205224189712
Berea Sinter Gray,55,2.507842540740967,41.17028045654297,0.9187929005617795
Berea Sinter Gray,56,21.963659286499023,41.12706756591797,0.9329006716184174
Berea Sinter Gray,57,19.85059356689453,39.963706970214844,0.9347125577832975
Berea Sinter Gray,58,14.240906715393066,36.07783126831055,0.9360084033832332
Berea Sinter Gray,59,23.996824264526367,40.52821350097656,0.9479566985329976
Berea Sinter Gray,60,7.424170017242432,23.772478103637695,0.9671304848141296
Berea Sinter Gray,61,13.418766975402832,28.08965492248535,0.9636757273365412
Berea Sinter Gray,62,4.037353515625,28.115022659301758,0.9590731289919557
Berea Sinter Gray,63,19.02566146850586,32.429664611816406,0.9389088305751009
Berea Sinter Gray,64,45.92104721069336,71.83931732177734,0.880149676904818
Berea Sinter Gray,65,29.751752853393555,63.37409210205078,0.8297030007828767
Berea Sinter Gray,66,38.14985656738281,66.78829193115234,0.8752007773919874
Berea Sinter Gray,67,31.80682373046875,54.40703582763672,0.9043849464507228
Berea Sinter Gray,68,7.063385486602783,51.609642028808594,0.8501705070460638
Berea Sinter Gray,69,16.096776962280273,49.153324127197266,0.8849449597994546
Berea Sinter Gray,70,12.470841407775879,56.801979064941406,0.8135156028935449
Berea Sinter Gray,71,8.768299102783203,56.0378532409668,0.8767503577832836
Berea Sinter Gray,72,22.72374153137207,35.4476203918457,0.9559302395675515
Berea Sinter Gray,73,24.240070343017578,42.069427490234375,0.9599002148592155
Berea Sinter Gray,74,27.74679946899414,44.785797119140625,0.909592418802746
Berea Sinter Gray,75,15.12895393371582,45.36021423339844,0.9343722328575133
Berea Sinter Gray,76,17.830171585083008,41.597286224365234,0.8976829317041238
Berea Sinter Gray,77,6.874197483062744,28.69304656982422,0.9666952367540861
Berea Sinter Gray,78,12.568925857543945,39.08742141723633,0.9237653604845402
Berea Sinter Gray,79,6.210471153259277,29.71731948852539,0.9596341217165848
Berea Sinter Gray,80,40.15609359741211,60.68569564819336,0.906966477128122
Berea Sinter Gray,81,34.83554458618164,58.92940139770508,0.9035848955453916
Berea Sinter Gray,82,42.28035354614258,60.31618118286133,0.9319371305331658
Berea Sinter Gray,83,35.82209014892578,56.542755126953125,0.9112698849456164
Berea Sinter Gray,84,8.617166519165039,49.573333740234375,0.8853077022154366
Berea Sinter Gray,85,19.235475540161133,50.806793212890625,0.8739614062944597
Berea Sinter Gray,86,39.265506744384766,62.73314666748047,0.8657991078671674
Berea Sinter Gray,87,24.970592498779297,57.44915771484375,0.8917133845671281
Berea Sinter Gray,88,6.496539115905762,33.00281524658203,0.9390361094626061
Berea Sinter Gray,89,3.0714340209960938,30.222383499145508,0.9405151474848729
Berea Sinter Gray,90,3.455498695373535,36.62677764892578,0.9291787612251151
Berea Sinter Gray,91,3.094259262084961,28.919742584228516,0.9438938147873279
Berea Sinter Gray,92,74.97814178466797,92.22142028808594,0.8621099239265565
Berea Sinter Gray,93,85.1646499633789,97.06492614746094,0.7946888994834402
Berea Sinter Gray,94,81.82733917236328,95.09141540527344,0.8590517237081452
Berea Sinter Gray,95,84.3324966430664,105.94317626953125,0.8005181716143219
Berea Sinter Gray,96,269.58984375,289.9438781738281,0.6617509897282
Berea Sinter Gray,97,244.12965393066406,234.5447540283203,0.6016540021486642
Berea Sinter Gray,98,316.22454833984375,340.46502685546875,0.6672063620295169
Berea Sinter Gray,99,277.46075439453125,270.77032470703125,0.5738990524591779
Berea Sinter Gray,100,18.42378044128418,48.58262252807617,0.8694462716030112
Berea Sinter Gray,101,5.30676794052124,49.699703216552734,0.8096146274962908
Berea Sinter Gray,102,19.49679946899414,45.37158203125,0.8883426547830664
Berea Sinter Gray,103,3.2211971282958984,48.10271453857422,0.8490637282254154
Berea Sinter Gray,104,42.893489837646484,47.85380172729492,0.9346557873081934
Berea Sinter Gray,105,40.9478759765625,44.81832504272461,0.9531116913879717
Berea Sinter Gray,106,47.67164611816406,51.26103591918945,0.9351508335135889
Berea Sinter Gray,107,47.73859405517578,49.588958740234375,0.9079874020009572
Berea Sinter Gray,108,20.604448318481445,48.788002014160156,0.8334225618120092
Berea Sinter Gray,109,1.0507444143295288,53.44374465942383,0.8258021267179051
Berea Sinter Gray,110,30.698577880859375,57.61684036254883,0.8335383942335893
Berea Sinter Gray,111,9.647492408752441,54.895599365234375,0.807553972217259
Berea Sinter Gray,112,37.38315200805664,42.294715881347656,0.9575439073080009
Berea Sinter Gray,113,46.29270553588867,48.080875396728516,0.9539340980410522
Berea Sinter Gray,114,36.914146423339844,44.730350494384766,0.9476311428041899
Berea Sinter Gray,115,39.47382354736328,41.79084777832031,0.9729571609758689
Berea Sinter Gray,116,1.2938880920410156,40.13046646118164,0.8795194199350485
Berea Sinter Gray,117,15.805562973022461,58.17245101928711,0.8515183147675046
Berea Sinter Gray,118,17.77591896057129,39.041770935058594,0.8547778262166242
Berea Sinter Gray,119,40.168460845947266,57.00153732299805,0.8499470441049749
Berea Sinter Gray,120,327.5177917480469,355.16552734375,0.6321430557994611
Berea Sinter Gray,121,301.6502685546875,234.7034454345703,0.6273094241248093
Berea Sinter Gray,122,272.6888427734375,315.9237060546875,0.6097469990075728
Berea Sinter Gray,123,313.3471374511719,266.7600402832031,0.658702932698436
Berea Sinter Gray,124,166.29879760742188,198.46946716308594,0.48865446523415146
Berea Sinter Gray,125,212.12948608398438,258.74249267578125,0.3235071148462114
Berea Sinter Gray,126,186.48129272460938,264.92694091796875,0.5068047929393817
Berea Sinter Gray,127,220.39053344726562,269.2825927734375,0.3479498258243354
Berea Sinter Gray,128,1.0833896398544312,37.39176559448242,0.9219278347273744
Berea Sinter Gray,129,10.837325096130371,31.229394912719727,0.9569746168298722
Berea Sinter Gray,130,3.5644476413726807,31.533613204956055,0.9406150689278272
Berea Sinter Gray,131,4.749986171722412,23.98500633239746,0.9750831840984242
Berea Sinter Gray,132,24.054073333740234,40.645206451416016,0.9423892922605946
Berea Sinter Gray,133,15.330397605895996,35.01124954223633,0.9530180727369859
Berea Sinter Gray,134,34.04096984863281,45.86453628540039,0.9660292383278086
Berea Sinter Gray,135,19.159330368041992,38.067928314208984,0.9381600931298592
Berea Sinter Gray,136,34.27009201049805,65.76799011230469,0.8638825663323176
Berea Sinter Gray,137,14.261661529541016,52.35405731201172,0.879877094490562
Berea Sinter Gray,138,35.15474319458008,70.77610778808594,0.8428888133341079
Berea Sinter Gray,139,21.62055778503418,60.050575256347656,0.8741064334383509
Berea Sinter Gray,140,27.64940071105957,52.71257781982422,0.8999563600406857
Berea Sinter Gray,141,34.345176696777344,54.56294250488281,0.8659299451682575
Berea Sinter Gray,142,35.54787063598633,53.56253433227539,0.9254624870577173
Berea Sinter Gray,143,43.60927963256836,59.88789749145508,0.8370388767425159
Berea Sinter Gray,144,13.78503131866455,61.37051010131836,0.7975766371357759
Berea Sinter Gray,145,11.551121711730957,58.35539245605469,0.9277683219308047
Berea Sinter Gray,146,3.6752562522888184,53.8228645324707,0.849789455323371
Berea Sinter Gray,147,30.140899658203125,68.60690307617188,0.9063169298404142
Berea Sinter Gray,148,15.643413543701172,58.0667724609375,0.8487455900140182
Berea Sinter Gray,149,31.493682861328125,59.74160385131836,0.8469105461031112
Berea Sinter Gray,150,23.273115158081055,56.36150360107422,0.8869321122978644
Berea Sinter Gray,151,37.70922088623047,67.58049011230469,0.7922388085355716
Berea Sinter Gray,152,22.73926544189453,37.938411712646484,0.9402975863321036
Berea Sinter Gray,153,14.367180824279785,33.7359733581543,0.9413437257661046
Berea Sinter Gray,154,22.014341354370117,37.50482177734375,0.9108375624820989
Berea Sinter Gray,155,14.726439476013184,38.83908462524414,0.9223806478764778
Berea Sinter Gray,156,79.11895751953125,95.64122009277344,0.90011290789279
Berea Sinter Gray,157,74.5044174194336,74.03970336914062,0.8660449159754126
Berea Sinter Gray,158,82.6507797241211,98.49819946289062,0.8774058287085434
Berea Sinter Gray,159,81.22249603271484,83.20159149169922,0.8627217464852052
Berea Sinter Gray,160,21.301013946533203,30.412521362304688,0.9467547231236294
Berea Sinter Gray,161,54.405948638916016,46.06187438964844,0.9221252869632295
Berea Sinter Gray,162,18.067665100097656,29.540180206298828,0.9530908685655292
Berea Sinter Gray,163,35.89067459106445,44.08161926269531,0.9172692734155615
Berea Sinter Gray,164,28.464641571044922,45.441314697265625,0.9394570951122618
Berea Sinter Gray,165,22.124414443969727,44.566139221191406,0.8872125778049127
Berea Sinter Gray,166,27.940921783447266,47.29359436035156,0.9172595631323276
Berea Sinter Gray,167,26.06760597229004,42.38194274902344,0.9116052770518193
Berea Sinter Gray,168,6.093937873840332,42.631309509277344,0.9029696106056546
Berea Sinter Gray,169,15.464960098266602,47.95424270629883,0.9055890824130463
Berea Sinter Gray,170,0.3271786868572235,46.64968490600586,0.8672537102754883
Berea Sinter Gray,171,7.785065174102783,40.194091796875,0.9293538104743791
Berea Sinter Gray,172,9.167855262756348,60.101402282714844,0.83693028522655
Berea Sinter Gray,173,6.125519752502441,61.13172149658203,0.8919971761670095
Berea Sinter Gray,174,5.6615800857543945,69.95632934570312,0.699697185080113
Berea Sinter Gray,175,3.985172748565674,60.673561096191406,0.842054104927641
Berea Sinter Gray,176,77.57049560546875,106.79732513427734,0.8109343845848965
Berea Sinter Gray,177,74.65203857421875,99.27955627441406,0.8444224108524844
Berea Sinter Gray,178,88.8748550415039,120.11893463134766,0.8076726664153591
Berea Sinter Gray,179,81.6837158203125,109.17182159423828,0.8519646186793081
Berea Sinter Gray,180,2.2681474685668945,47.82133865356445,0.8948185013564147
Berea Sinter Gray,181,20.448381423950195,65.18424987792969,0.8379061887747525
Berea Sinter Gray,182,12.324484825134277,44.88573455810547,0.8714671711497431
Berea Sinter Gray,183,11.133628845214844,49.08915710449219,0.8788492046266378
Berea Sinter Gray,184,23.961280822753906,34.59161376953125,0.9693073172113436
Berea Sinter Gray,185,20.999004364013672,29.814056396484375,0.9634162559108429
Berea Sinter Gray,186,35.82587432861328,43.587074279785156,0.9576164152388505
Berea Sinter Gray,187,6.937786102294922,31.4078426361084,0.9503822581743864
Berea Sinter Gray,188,43.934635162353516,53.66053009033203,0.8884572975868057
Berea Sinter Gray,189,9.456716537475586,44.63383865356445,0.8595352253063541
Berea Sinter Gray,190,50.789424896240234,64.52029418945312,0.8840342194903379
Berea Sinter Gray,191,15.527436256408691,41.41255569458008,0.9258279103506224
Berea,0,84.90399169921875,116.6234359741211,0.7915154067505205
Berea,1,43.596702575683594,89.16947174072266,0.8479966719476263
Berea,2,114.6507797241211,180.6629180908203,0.6193572198712944
Berea,3,51.117828369140625,87.33514404296875,0.8784228612541506
Berea,4,2.759061098098755,50.865882873535156,0.8650807504467504
Berea,5,7.405570983886719,47.17645263671875,0.9404196548787891
Berea,6,2.2421464920043945,53.076393127441406,0.8399653513914721
Berea,7,6.297625541687012,45.85999298095703,0.9327209630685218
Berea,8,37.38566207885742,64.03694152832031,0.8771473335724792
Berea,9,77.56232452392578,98.89733123779297,0.8436612448610272
Berea,10,42.803958892822266,61.21745300292969,0.8671710826384343
Berea,11,40.86418533325195,55.20476531982422,0.9074948735373737
Berea,12,7.703142166137695,41.7418327331543,0.9225972934660842
Berea,13,17.751026153564453,45.32091522216797,0.9254676756491582
Berea,14,19.17326545715332,41.34220886230469,0.9049514618655176
Berea,15,9.313815116882324,35.407264709472656,0.959276571899644
Berea,16,31.74779510498047,37.80365753173828,0.9532230459972818
Berea,17,29.95229148864746,38.24677658081055,0.9516850375744416
Berea,18,30.234821319580078,37.072669982910156,0.9589229254253058
Berea,19,30.78771209716797,36.53203201293945,0.9540649506523069
Berea,20,8.818482398986816,43.61043167114258,0.8847431199010672
Berea,21,8.30767822265625,39.65082550048828,0.8631041809592334
Berea,22,7.619764804840088,52.176734924316406,0.9014068649239183
Berea,23,3.235750913619995,57.25838088989258,0.6582603507979554
Berea,24,17.014135360717773,33.78300857543945,0.9222884581660964
Berea,25,26.245241165161133,40.22520446777344,0.8944239293594924
Berea,26,24.558502197265625,38.163753509521484,0.9160251777850048
Berea,27,19.67340660095215,40.28959274291992,0.8895938223371064
Berea,28,10.243819236755371,36.74130630493164,0.927478388366547
Berea,29,18.225072860717773,43.3677864074707,0.8814973770793317
Berea,30,9.904275894165039,40.94627380371094,0.9085795636524475
Berea,31,13.1514310836792,38.22827911376953,0.927590756032864
Berea,32,32.350830078125,86.27230834960938,0.7422081199132439
Berea,33,28.2174015045166,78.82759857177734,0.8339113307986058
Berea,34,18.42292022705078,70.89141082763672,0.764686785889966
Berea,35,11.025456428527832,70.74340057373047,0.8173487496529487
Berea,36,44.52432632446289,53.11796188354492,0.9416227331530184
Berea,37,45.27176284790039,70.80814361572266,0.902882591388881
Berea,38,34.69816207885742,44.35546875,0.9607213399981023
Berea,39,27.82023048400879,45.78083419799805,0.9294334452063293
Berea,40,48.83361053466797,53.91006088256836,0.9061412954910689
Berea,41,49.90313720703125,55.030277252197266,0.9589555738791543
Berea,42,49.007694244384766,52.37699508666992,0.9252655787841327
Berea,43,42.8936653137207,50.44877243041992,0.9329935584793101
Berea,44,14.554389953613281,31.918092727661133,0.953170027795413
Berea,45,12.076278686523438,29.789562225341797,0.9656510356556923
Berea,46,20.307621002197266,30.880020141601562,0.9660104572368211
Berea,47,4.969799518585205,26.928829193115234,0.9719636210422985
Berea,48,32.550777435302734,39.786712646484375,0.9585036182529049
Berea,49,37.222904205322266,50.85797119140625,0.8846449989056254
Berea,50,34.1004638671875,39.65150451660156,0.9621227751288288
Berea,51,30.30581283569336,42.87361526489258,0.9213141010543573
Berea,52,83.51575469970703,106.58617401123047,0.7686216184704897
Berea,53,15.041701316833496,52.109588623046875,0.8718767556284843
Berea,54,80.68872833251953,99.77252197265625,0.7896018674942724
Berea,55,24.370162963867188,44.46870803833008,0.9037188565387095
Berea,56,2.1723079681396484,64.6552734375,0.7353114440240254
Berea,57,5.4931254386901855,54.761619567871094,0.8235206281315436
Berea,58,4.569621562957764,55.64694595336914,0.7812857577160669
Berea,59,5.598964691162109,47.8887825012207,0.8314251953039126
Berea,60,28.296131134033203,36.357791900634766,0.9677124308159318
Berea,61,32.050201416015625,40.65846252441406,0.9526454571887064
Berea,62,28.151784896850586,37.49395751953125,0.9680167554157928
Berea,63,23.061460494995117,36.006874084472656,0.9518576341606063
Berea,64,5.292048454284668,44.03971481323242,0.9277921804561257
Berea,65,7.722593307495117,31.054222106933594,0.9483803483470262
Berea,66,1.989985466003418,34.76536560058594,0.9497224432555169
Berea,67,15.099735260009766,33.887351989746094,0.9293898241633087
Berea,68,30.4997615814209,61.97420883178711,0.8402219198365569
Berea,69,21.461946487426758,41.50539779663086,0.8922645919279978
Berea,70,26.4798583984375,57.314361572265625,0.8388913906679742
Berea,71,27.17816162109375,52.34823989868164,0.852416383738652
Berea,72,14.446449279785156,42.57974624633789,0.899299014229127
Berea,73,7.384302139282227,43.64525604248047,0.9099821390423878
Berea,74,2.19087815284729,38.596492767333984,0.924486233008236
Berea,75,4.329037189483643,48.56875228881836,0.8968347203406195
Berea,76,42.33930969238281,44.42042541503906,0.9509948633016732
Berea,77,30.144441604614258,32.515838623046875,0.9736155623241592
Berea,78,37.57878875732422,40.538429260253906,0.951631539482841
Berea,79,32.18547821044922,35.239383697509766,0.9688142840426907
Berea,80,4.1906208992004395,34.964508056640625,0.94225889205124
Berea,81,11.945409774780273,27.222028732299805,0.9722768507161961
Berea,82,19.552486419677734,35.79818344116211,0.9577972206305694
Berea,83,6.909729957580566,27.4427547454834,0.9704586114244391
Berea,84,17.64027976989746,36.99824523925781,0.9181380197282237
Berea,85,21.76459503173828,40.798763275146484,0.8843802067425693
Berea,86,21.415870666503906,39.741703033447266,0.9019227866708218
Berea,87,22.817638397216797,44.2038459777832,0.8914222046150658
Berea,88,82.30353546142578,107.66862487792969,0.7929549729462325
Berea,89,97.08454895019531,123.41997528076172,0.7576881772759537
Berea,90,112.49178314208984,126.14395904541016,0.7502446945129118
Berea,91,102.922607421875,140.88047790527344,0.7042378157697291
Berea,92,52.5498046875,89.07891845703125,0.7929342495201134
Berea,93,80.23465728759766,117.57080841064453,0.7328486362972886
Berea,94,47.44402313232422,79.18799591064453,0.8497821888077846
Berea,95,67.77220153808594,90.8899917602539,0.7477828710662923
Berea,96,5.772341251373291,46.76809310913086,0.9068697495377481
Berea,97,22.636945724487305,41.860206604003906,0.9492500837405927
Berea,98,22.32161521911621,49.258033752441406,0.9052435043316376
Berea,99,26.036569595336914,44.20692825317383,0.9569112079193782
Berea,100,25.23982048034668,42.298301696777344,0.9097049885757647
Berea,101,24.480419158935547,31.677568435668945,0.9593537275981705
Berea,102,14.00478744506836,33.347320556640625,0.9425390424892258
Berea,103,27.12213706970215,34.925350189208984,0.9592517425877864
Berea,104,46.746131896972656,95.28516387939453,0.7166105143581504
Berea,105,85.1606674194336,116.8090591430664,0.7715865846356169
Berea,106,46.608917236328125,92.34782409667969,0.7413660057755609
Berea,107,83.7962646484375,105.12088012695312,0.7961851658378095
Berea,108,17.908235549926758,43.46210479736328,0.8961382283834982
Berea,109,25.1918888092041,41.70181655883789,0.9386853607489022
Berea,110,22.96463394165039,41.47152328491211,0.9164867529440555
Berea,111,16.553436279296875,42.712799072265625,0.9088689043274687
Berea,112,28.719797134399414,35.38372039794922,0.9439286823291075
Berea,113,29.956546783447266,32.680213928222656,0.9662672508648406
Berea,114,26.999671936035156,36.49916076660156,0.9309585281197897
Berea,115,33.50634002685547,36.8914680480957,0.9628272831453594
Berea,116,6.65804386138916,37.60107421875,0.9415650559995361
Berea,117,0.2139246165752411,51.85197448730469,0.8819160078768538
Berea,118,1.595571756362915,38.49003219604492,0.9427673173771499
Berea,119,2.7716782093048096,44.07594299316406,0.8980058341235142
Berea,120,28.375368118286133,37.49164962768555,0.9447408051156992
Berea,121,19.85296058654785,36.354881286621094,0.9262959907615472
Berea,122,26.408140182495117,39.17685317993164,0.9390061454930126
Berea,123,30.914419174194336,39.94401168823242,0.9256871347201329
Berea,124,2.873122215270996,40.627403259277344,0.9195269052789665
Berea,125,0.7793644666671753,35.75798797607422,0.9316073398794656
Berea,126,10.004385948181152,42.0763053894043,0.9101310227148649
Berea,127,0.6228005886077881,40.072330474853516,0.9184687144487366
Berea,128,10.49356746673584,28.09674644470215,0.9561636390745707
Berea,129,14.707328796386719,29.915477752685547,0.9465739789510533
Berea,130,19.53776741027832,32.82579803466797,0.9393432735348003
Berea,131,8.160004615783691,23.429353713989258,0.96951528833359
Berea,132,17.4547119140625,38.82236099243164,0.9541979682206561
Berea,133,10.936753273010254,32.05518341064453,0.954109375870642
Berea,134,15.914729118347168,27.21401596069336,0.9820204539715949
Berea,135,23.44167137145996,38.152259826660156,0.9486399691481969
Berea,136,2.6699159145355225,48.826011657714844,0.8779512740763741
Berea,137,3.3376083374023438,31.057968139648438,0.968048626045859
Berea,138,0.684926450252533,43.59036636352539,0.8746731142327332
Berea,139,10.414982795715332,34.092369079589844,0.9593684113437919
Berea,140,73.34366607666016,97.84342956542969,0.7718036652592634
Berea,141,56.410675048828125,97.3743896484375,0.7108811919685801
Berea,142,61.12803268432617,89.4510498046875,0.8112980471084577
Berea,143,60.10505676269531,93.6017837524414,0.7767007773403283
Berea,144,50.637699127197266,54.58820724487305,0.948275269527529
Berea,145,47.88267517089844,51.695411682128906,0.9516569943242654
Berea,146,50.46909713745117,55.830650329589844,0.9236714141664272
Berea,147,49.51633834838867,53.8600959777832,0.9547629353019866
Berea,148,37.155853271484375,41.47331619262695,0.9666954755868046
Berea,149,35.90311050415039,40.449501037597656,0.9328684601669744
Berea,150,33.9976921081543,40.000244140625,0.9471712775685541
Berea,151,31.92770004272461,39.20786666870117,0.9376218338708466
Berea,152,30.039690017700195,38.0616340637207,0.965507326421936
Berea,153,28.50463104248047,38.054420471191406,0.9573072404970538
Berea,154,33.171993255615234,40.057376861572266,0.9619931996311102
Berea,155,26.35999298095703,37.11323928833008,0.9369529582372769
Berea,156,74.6856918334961,137.0560302734375,0.7043419593167466
Berea,157,29.104490280151367,73.25910949707031,0.7588217594538005
Berea,158,68.45880126953125,118.95832824707031,0.747563599546553
Berea,159,39.326271057128906,91.27545166015625,0.6906535806105091
Berea,160,48.34404754638672,71.59851837158203,0.8615186841396174
Berea,161,80.49089813232422,101.88265991210938,0.8931606398461375
Berea,162,67.04220581054688,87.96861267089844,0.864838897806382
Berea,163,89.24787902832031,101.9666976928711,0.8814975524098303
Berea,164,107.7962875366211,144.0886688232422,0.759465962719389
Berea,165,42.75769805908203,72.9677505493164,0.7035292992626081
Berea,166,87.58885192871094,119.59630584716797,0.742811019971701
Berea,167,53.77658462524414,82.5776138305664,0.6962225166772998
Berea,168,19.933862686157227,36.391422271728516,0.9350706187543794
Berea,169,8.577563285827637,38.72149658203125,0.919357217395247
Berea,170,22.21903419494629,41.86662673950195,0.9220246899324294
Berea,171,12.320202827453613,35.55791473388672,0.9278858352044146
Berea,172,27.479549407958984,36.415550231933594,0.9435258635341179
Berea,173,32.672489166259766,38.57570266723633,0.9431036204524954
Berea,174,28.918947219848633,38.21514892578125,0.9434866271805029
Berea,175,34.14133071899414,39.36573028564453,0.9361550672523051
Berea,176,28.48737907409668,33.34866714477539,0.9790214935578837
Berea,177,15.637701034545898,28.866104125976562,0.9655469430771891
Berea,178,19.738590240478516,27.76698112487793,0.9722477216877475
Berea,179,17.847681045532227,32.448490142822266,0.9525139561459427
Berea,180,2.004631280899048,29.804216384887695,0.9477394086208614
Berea,181,14.588460922241211,35.77231216430664,0.9228126821229419
Berea,182,13.479406356811523,30.198747634887695,0.9506728037802401
Berea,183,14.708925247192383,34.396114349365234,0.9414753088262549
Berea,184,1.7135893106460571,29.167953491210938,0.9485746445096657
Berea,185,14.08105182647705,43.297630310058594,0.905918481271986
Berea,186,15.345572471618652,34.48100280761719,0.9463447548615167
Berea,187,3.073624610900879,47.42927551269531,0.8905452650432915
Berea,188,13.793997764587402,33.09382247924805,0.9548134243834118
Berea,189,2.7717385292053223,30.9638729095459,0.9613710963871674
Berea,190,6.377005577087402,27.990922927856445,0.9727161560131753
Berea,191,12.302170753479004,34.69219207763672,0.9480351212907674
Berea,192,23.330049514770508,62.287166595458984,0.7964266388372445
Berea,193,17.276206970214844,61.38648986816406,0.8723887105556918
Berea,194,50.30051803588867,79.72259521484375,0.7909318822329557
Berea,195,21.424402236938477,56.18281936645508,0.8623467265435607
Berea,196,34.23805236816406,42.77518844604492,0.9156622800384451
Berea,197,30.031606674194336,42.62065124511719,0.9190599185046346
Berea,198,29.190629959106445,40.641544342041016,0.9342216366715119
Berea,199,34.019615173339844,41.50226974487305,0.9210072726821014
Berea,200,0.3530089855194092,38.61786651611328,0.9332747776214289
Berea,201,4.689180850982666,45.061012268066406,0.9169764054242344
Berea,202,7.625396251678467,43.576438903808594,0.9164051048271437
Berea,203,11.783516883850098,45.04044723510742,0.9215038249364778
Berea,204,9.72935962677002,32.17150115966797,0.9545206386437887
Berea,205,0.8843472599983215,44.174034118652344,0.9030082969382826
Berea,206,5.85280179977417,37.24850845336914,0.9423417338049153
Berea,207,11.521158218383789,41.63897705078125,0.924273247533244
Berea,208,12.434392929077148,71.83184814453125,0.7421832438728792
Berea,209,38.84233856201172,84.79791259765625,0.7733598477968324
Berea,210,10.846702575683594,72.10065460205078,0.7347820955699108
Berea,211,18.887287139892578,68.46141815185547,0.783965388040216
Berea,212,13.43254280090332,48.0499153137207,0.9239537291768437
Berea,213,22.624034881591797,39.83944320678711,0.9336565125175915
Berea,214,29.309612274169922,49.32078170776367,0.9394809990090707
Berea,215,17.749483108520508,42.782291412353516,0.9211217680014786
Berea,216,3.8008360862731934,59.85859298706055,0.8917714078827581
Berea,217,16.010875701904297,49.697296142578125,0.859680352048413
Berea,218,5.37929630279541,53.58980178833008,0.9096286062968537
Berea,219,22.977632522583008,48.754390716552734,0.8773906818842062
Berea,220,21.840423583984375,43.97372055053711,0.8878571828616518
Berea,221,19.037023544311523,47.90768814086914,0.8744158440927308
Berea,222,17.802490234375,45.428287506103516,0.8747951760675822
Berea,223,24.031503677368164,43.807437896728516,0.8914926930700746
