Dataset,Sample_Index,Bias_Error_,Magnitude_Error_,Correlation
Spherical Pores,0,440.19549560546875,257.5790100097656,0.6218864439826849
Spherical Pores,1,443.6437072753906,261.72125244140625,0.6349151183171469
Spherical Pores,2,444.4671630859375,260.74078369140625,0.6250524582605206
Spherical Pores,3,438.1263122558594,253.71719360351562,0.619988498240013
Spherical Pores,4,362.1048889160156,201.75881958007812,0.7576371698196176
Spherical Pores,5,365.713134765625,207.01821899414062,0.7612039003269624
Spherical Pores,6,362.590576171875,201.7335968017578,0.7614503437024358
Spherical Pores,7,366.5026550292969,207.51565551757812,0.7604634039008346
Spherical Pores,8,324.532958984375,236.6751251220703,0.794811182111793
Spherical Pores,9,321.3905029296875,234.4989776611328,0.7937247729307186
Spherical Pores,10,324.984130859375,240.44552612304688,0.7845212337891999
Spherical Pores,11,320.7449035644531,227.4865264892578,0.794299987110704
Spherical Pores,12,375.37603759765625,240.49510192871094,0.8005318957671054
Spherical Pores,13,378.7763977050781,242.68984985351562,0.8051169180314534
Spherical Pores,14,375.52996826171875,238.0599822998047,0.7914505664686422
Spherical Pores,15,375.0924987792969,235.96392822265625,0.797083322931883
Spherical Pores,16,347.3836669921875,256.8389587402344,0.8343963382768759
Spherical Pores,17,348.1943054199219,256.40618896484375,0.8026705742890414
Spherical Pores,18,346.1761474609375,258.0002746582031,0.8200906270596737
Spherical Pores,19,336.1805725097656,244.6728057861328,0.8098944632390013
Spherical Pores,20,442.2815856933594,308.8160095214844,0.7669035345363278
Spherical Pores,21,454.2718200683594,320.8478088378906,0.7302034723227104
Spherical Pores,22,445.4214172363281,307.40045166015625,0.7554686462325898
Spherical Pores,23,442.91015625,307.3509521484375,0.7527193018994851
Spherical Pores,24,922.102783203125,533.3729858398438,0.7093433767382733
Spherical Pores,25,901.33349609375,505.30902099609375,0.6836155711990545
Spherical Pores,26,912.5222778320312,523.6353149414062,0.6962477457437961
Spherical Pores,27,908.9913330078125,509.29290771484375,0.6918288840065218
Spherical Pores,28,771.663818359375,561.8485717773438,0.6809674570381309
Spherical Pores,29,779.8541870117188,573.7659912109375,0.7048670990246788
Spherical Pores,30,778.7055053710938,580.4063720703125,0.6897314489263348
Spherical Pores,31,785.7855224609375,571.6834716796875,0.6945611270045353
Spherical Pores,32,206.3169403076172,129.38238525390625,0.7622570732464585
Spherical Pores,33,202.62899780273438,123.50711059570312,0.7542671513196127
Spherical Pores,34,205.29747009277344,127.58284759521484,0.7607319539232082
Spherical Pores,35,202.20375061035156,123.84862518310547,0.7558885970351403
Spherical Pores,36,242.51023864746094,148.0456085205078,0.7077548834397966
Spherical Pores,37,242.22361755371094,148.62228393554688,0.7036181992654097
Spherical Pores,38,243.00360107421875,149.7555389404297,0.7197722252599572
Spherical Pores,39,243.13140869140625,148.64137268066406,0.7143037927948412
Spherical Pores,40,172.11476135253906,115.99716186523438,0.8617083703147411
Spherical Pores,41,164.73443603515625,105.4777603149414,0.8399633668271705
Spherical Pores,42,165.85394287109375,109.32771301269531,0.8449006901112971
Spherical Pores,43,170.93165588378906,115.72163391113281,0.8523436589434863
Spherical Pores,44,150.66604614257812,97.24452209472656,0.8902057580707323
Spherical Pores,45,148.9647216796875,94.29116821289062,0.9008018025765683
Spherical Pores,46,147.33941650390625,90.48114776611328,0.8977327153612588
Spherical Pores,47,144.8880157470703,88.62985229492188,0.8897396774317758
Spherical Pores,48,211.20033264160156,146.7520294189453,0.8253004174838448
Spherical Pores,49,206.77725219726562,142.74644470214844,0.8156323676503742
Spherical Pores,50,204.83956909179688,140.15396118164062,0.827980897486883
Spherical Pores,51,206.6894989013672,144.23867797851562,0.8199427184401085
Spherical Pores,52,115.18155670166016,79.467529296875,0.8584569036064778
Spherical Pores,53,112.42544555664062,80.03180694580078,0.8461533477819195
Spherical Pores,54,116.1898193359375,82.37181091308594,0.8453965241804828
Spherical Pores,55,113.06708526611328,79.93404388427734,0.8524269509188591
Spherical Pores,56,143.19708251953125,124.13417053222656,0.8347425607072624
Spherical Pores,57,140.54151916503906,122.14990234375,0.8136326691789729
Spherical Pores,58,142.0872039794922,121.22647094726562,0.8386959474957021
Spherical Pores,59,138.32150268554688,119.82818603515625,0.8094756610189762
Spherical Pores,60,319.78863525390625,191.65151977539062,0.760150255255977
Spherical Pores,61,320.34588623046875,201.60830688476562,0.7684560622385013
Spherical Pores,62,317.8190612792969,187.0718536376953,0.7575182437118395
Spherical Pores,63,322.325439453125,199.21949768066406,0.7626996659937805
Spherical Pores,64,48.112037658691406,24.050701141357422,0.8548643938572748
Spherical Pores,65,48.17099380493164,25.13418197631836,0.8466324433936518
Spherical Pores,66,48.33230972290039,25.579853057861328,0.8452587325575722
Spherical Pores,67,47.71735763549805,24.30536651611328,0.8460345242049824
Spherical Pores,68,73.28578186035156,38.22500228881836,0.8359920648696824
Spherical Pores,69,74.0551528930664,39.532318115234375,0.8452898361549299
Spherical Pores,70,73.59883880615234,38.93387985229492,0.8394948286379751
Spherical Pores,71,73.38246154785156,38.30635452270508,0.8391330507535277
Spherical Pores,72,107.3349609375,70.5924301147461,0.8965545405307941
Spherical Pores,73,103.5348892211914,63.408592224121094,0.8931118065891371
Spherical Pores,74,105.56858825683594,67.71861267089844,0.8885045350733478
Spherical Pores,75,105.3590087890625,67.66648864746094,0.8968604107390887
Spherical Pores,76,53.22867202758789,33.49787521362305,0.9201299807467715
Spherical Pores,77,52.055267333984375,32.3953857421875,0.9073639713405025
Spherical Pores,78,52.74705123901367,32.71243667602539,0.9149355185696824
Spherical Pores,79,52.445213317871094,33.63492202758789,0.9068616637992347
Spherical Pores,80,64.75823211669922,39.03194046020508,0.9056835487567625
Spherical Pores,81,65.67207336425781,39.988319396972656,0.9065674262611084
Spherical Pores,82,64.7027359008789,38.197025299072266,0.9158762274446312
Spherical Pores,83,66.52340698242188,40.01245880126953,0.9168532844094835
Spherical Pores,84,44.63046646118164,35.425941467285156,0.8580617241477236
Spherical Pores,85,44.81398391723633,35.443077087402344,0.8692853941698482
Spherical Pores,86,43.40736770629883,32.67185592651367,0.8672156418224067
Spherical Pores,87,44.577392578125,34.30054473876953,0.8699180849441829
Spherical Pores,88,111.04390716552734,79.88075256347656,0.9166600314033614
Spherical Pores,89,114.05945587158203,84.55508422851562,0.9104106721017996
Spherical Pores,90,112.81659698486328,82.36483001708984,0.9220147879274423
Spherical Pores,91,118.42139434814453,89.41938781738281,0.9095788412950923
Spherical Pores,92,70.33148956298828,61.088382720947266,0.912134373925668
Spherical Pores,93,72.4649887084961,63.06289291381836,0.9243592088688084
Spherical Pores,94,71.35208892822266,63.225894927978516,0.9012714146278458
Spherical Pores,95,71.52266693115234,62.592288970947266,0.9203971480538717
Spherical Pores,96,18.538650512695312,15.802220344543457,0.9103418529075732
Spherical Pores,97,18.721324920654297,15.831705093383789,0.9123772559076481
Spherical Pores,98,19.01303482055664,15.6549654006958,0.9169465650676677
Spherical Pores,99,18.434125900268555,16.210798263549805,0.906534841694748
Spherical Pores,100,0.025724705308675766,18.940818786621094,0.9319423013207494
Spherical Pores,101,0.6069082617759705,20.171571731567383,0.9300399878877779
Spherical Pores,102,0.13248558342456818,19.19809341430664,0.933379565191576
Spherical Pores,103,0.39273497462272644,19.434785842895508,0.9350105724733121
Spherical Pores,104,3.5085248947143555,16.657459259033203,0.9570984102763174
Spherical Pores,105,3.453892946243286,17.320022583007812,0.9511064598700719
Spherical Pores,106,3.0822768211364746,16.18352699279785,0.9594110324760063
Spherical Pores,107,3.780531167984009,16.85650062561035,0.9540014010121828
Spherical Pores,108,6.179442405700684,15.194982528686523,0.9443928531965662
Spherical Pores,109,8.037863731384277,15.916028022766113,0.9444601202187387
Spherical Pores,110,6.477829456329346,15.046293258666992,0.9437724846476239
Spherical Pores,111,7.789290904998779,15.556208610534668,0.9447368449560682
Spherical Pores,112,10.398466110229492,27.62640953063965,0.8872841688044772
Spherical Pores,113,9.734371185302734,25.970191955566406,0.9034181974847482
Spherical Pores,114,10.55810832977295,28.062911987304688,0.8904562017755112
Spherical Pores,115,9.783479690551758,25.974651336669922,0.9022931635862566
Spherical Pores,116,15.160377502441406,22.327167510986328,0.9551691106295167
Spherical Pores,117,15.128759384155273,21.524059295654297,0.9602123544682639
Spherical Pores,118,15.665543556213379,22.264677047729492,0.9539490403952595
Spherical Pores,119,15.128043174743652,22.298065185546875,0.9571372174749414
Spherical Pores,120,2.3699395656585693,17.36927604675293,0.9506113472743247
Spherical Pores,121,2.2153444290161133,16.287841796875,0.9568294492237762
Spherical Pores,122,2.96244215965271,17.86269187927246,0.9508267271551627
Spherical Pores,123,2.8710291385650635,16.9353084564209,0.9557158757961327
Spherical Pores,124,20.03832244873047,24.336620330810547,0.9557654807022479
Spherical Pores,125,20.840662002563477,25.143760681152344,0.9576901354407449
Spherical Pores,126,20.204574584960938,23.703758239746094,0.9602336469023235
Spherical Pores,127,20.542457580566406,24.471860885620117,0.9586827755025056
Spherical Grains,0,324.5345153808594,225.04171752929688,0.7499710731941589
Spherical Grains,1,311.9875793457031,220.39422607421875,0.7414738160573437
Spherical Grains,2,319.9547119140625,221.92828369140625,0.75220105632522
Spherical Grains,3,316.791015625,220.66542053222656,0.738730612656759
Spherical Grains,4,389.6157531738281,270.149169921875,0.752320214129463
Spherical Grains,5,389.52947998046875,266.65631103515625,0.7563540445545222
Spherical Grains,6,388.266357421875,267.7247314453125,0.7380351624937043
Spherical Grains,7,390.95501708984375,264.329833984375,0.7383878043251116
Spherical Grains,8,476.5395812988281,331.8388977050781,0.6393166003454565
Spherical Grains,9,489.6307678222656,332.33099365234375,0.6582861557655063
Spherical Grains,10,467.0481872558594,316.67926025390625,0.5996332704884624
Spherical Grains,11,494.6137390136719,337.4371032714844,0.6210126750653701
Spherical Grains,12,1049.84765625,793.6506958007812,0.5586155170237742
Spherical Grains,13,1061.9541015625,766.9412231445312,0.48736436745866546
Spherical Grains,14,1060.4114990234375,773.6932983398438,0.5227334271877461
Spherical Grains,15,1040.9603271484375,772.2915649414062,0.4929425796932376
Spherical Grains,16,1536.5748291015625,923.3637084960938,0.2876788329930271
Spherical Grains,17,1466.156494140625,858.7503662109375,0.2744497468773066
Spherical Grains,18,1479.3277587890625,825.43798828125,0.23330082838027835
Spherical Grains,19,1478.28759765625,864.65380859375,0.26260922001434
Spherical Grains,20,73.29194641113281,42.35236358642578,0.8295008946450219
Spherical Grains,21,72.89759826660156,44.75930404663086,0.7986943726543522
Spherical Grains,22,72.08699798583984,41.87150955200195,0.8300439761091005
Spherical Grains,23,72.79512023925781,43.17637634277344,0.8134257183785916
Spherical Grains,24,14471.49609375,9633.3056640625,0.12916507622251358
Spherical Grains,25,14369.3388671875,9689.0185546875,0.12862302138392825
Spherical Grains,26,14364.84375,10469.8837890625,0.18428221060092848
Spherical Grains,27,14051.6865234375,10097.4970703125,0.1551817655240889
Spherical Grains,28,1964.6041259765625,975.0578002929688,0.2510809916022774
Spherical Grains,29,1913.7264404296875,940.7802734375,0.28147224058104664
Spherical Grains,30,1924.6651611328125,913.3508911132812,0.2137081764569505
Spherical Grains,31,1959.0335693359375,903.6299438476562,0.23696859029792194
Spherical Grains,32,1116.0718994140625,806.0282592773438,0.50319211611161
Spherical Grains,33,1070.2572021484375,740.0958862304688,0.4886756469695217
Spherical Grains,34,1107.9931640625,801.5003662109375,0.48756301292791604
Spherical Grains,35,1119.9052734375,801.6836547851562,0.49293063785068114
Spherical Grains,36,1067.3355712890625,817.1503295898438,0.4272296532919944
Spherical Grains,37,991.9918823242188,757.3336791992188,0.4539775356959529
Spherical Grains,38,1065.876708984375,816.2420654296875,0.42904480831056346
Spherical Grains,39,1029.259521484375,798.666015625,0.4423647739160704
Spherical Grains,40,303.68206787109375,230.76068115234375,0.6990801441914172
Spherical Grains,41,296.25738525390625,216.71437072753906,0.6717200174153377
Spherical Grains,42,303.40472412109375,232.88064575195312,0.6843057764806681
Spherical Grains,43,322.2900695800781,246.8928985595703,0.6956590812863178
Spherical Grains,44,827.1282348632812,623.1366577148438,0.46362568660037995
Spherical Grains,45,850.0588989257812,652.4124145507812,0.42849394383165684
Spherical Grains,46,849.046875,641.7303466796875,0.4799959749035385
Spherical Grains,47,836.6920776367188,636.6486206054688,0.48967013316278835
Spherical Grains,48,320.1029968261719,189.91859436035156,0.6353752203627349
Spherical Grains,49,322.32513427734375,197.29757690429688,0.7075651399774072
Spherical Grains,50,313.74334716796875,182.1122589111328,0.6609170404202142
Spherical Grains,51,327.25732421875,197.84097290039062,0.7161135055725506
Spherical Grains,52,349.5459289550781,286.5595703125,0.7219115347950423
Spherical Grains,53,340.0259704589844,279.8599548339844,0.7502468897210259
Spherical Grains,54,345.0563659667969,284.3868103027344,0.7147771290018703
Spherical Grains,55,349.2257385253906,288.13818359375,0.7425242818639036
Spherical Grains,56,334.44989013671875,257.9942321777344,0.6588857074344106
Spherical Grains,57,327.99072265625,249.98008728027344,0.5728476266995576
Spherical Grains,58,330.9128112792969,254.43699645996094,0.6232041538968296
Spherical Grains,59,339.763916015625,261.5703125,0.6314133711112939
Spherical Grains,60,5226.2841796875,2451.831787109375,0.14046169860949279
Spherical Grains,61,5256.677734375,2422.126220703125,0.07289919348420845
Spherical Grains,62,5264.2744140625,2246.824462890625,0.07673788036278523
Spherical Grains,63,5046.82421875,2120.4267578125,0.047770004206637406
Spherical Grains,64,433.7005310058594,362.30426025390625,0.734079732974281
Spherical Grains,65,457.20782470703125,381.7442626953125,0.7062630754133591
Spherical Grains,66,438.4466247558594,364.4408874511719,0.7111316047819879
Spherical Grains,67,450.3360595703125,373.0333557128906,0.7149314540782796
Spherical Grains,68,168.66265869140625,108.27517700195312,0.7773149076261001
Spherical Grains,69,170.2587890625,112.97021484375,0.7640254462986018
Spherical Grains,70,170.31199645996094,113.39495086669922,0.772430083201804
Spherical Grains,71,174.0341033935547,113.31369018554688,0.7477698505047353
Spherical Grains,72,261.8232421875,200.52261352539062,0.7145782038234171
Spherical Grains,73,257.46759033203125,194.7417755126953,0.6723136748005563
Spherical Grains,74,263.8565979003906,203.44766235351562,0.7242398558716381
Spherical Grains,75,251.3426513671875,187.67041015625,0.7017657437301357
Spherical Grains,76,123.92828369140625,83.90409851074219,0.8008251699119312
Spherical Grains,77,124.04010009765625,84.28255462646484,0.7779766481414785
Spherical Grains,78,130.55442810058594,89.646728515625,0.813557047370849
Spherical Grains,79,128.56112670898438,88.05125427246094,0.7727173262424777
Spherical Grains,80,175.5240478515625,114.0483627319336,0.8389919046196219
Spherical Grains,81,184.23361206054688,122.77271270751953,0.7971980359202739
Spherical Grains,82,178.53125,120.43394470214844,0.8082121986777252
Spherical Grains,83,188.62562561035156,130.2850799560547,0.8435941732060958
Spherical Grains,84,673.787841796875,498.9439697265625,0.7392491990342411
Spherical Grains,85,640.32470703125,463.8670959472656,0.6089020615337861
Spherical Grains,86,680.3434448242188,504.62530517578125,0.7041307897767227
Spherical Grains,87,645.02197265625,464.8640441894531,0.6827359474390547
Spherical Grains,88,178.72744750976562,115.52461242675781,0.916323508443093
Spherical Grains,89,162.29739379882812,104.68096160888672,0.8728424427088306
Spherical Grains,90,171.4608154296875,106.95111083984375,0.908771391155613
Spherical Grains,91,157.6078643798828,96.65560150146484,0.8569492664621172
Spherical Grains,92,368.7467346191406,243.9391632080078,0.7011920635478095
Spherical Grains,93,364.83294677734375,249.2394561767578,0.6717169423369297
Spherical Grains,94,363.5487060546875,242.41326904296875,0.6853573053458185
Spherical Grains,95,364.4747314453125,254.2967987060547,0.682024788391523
Spherical Grains,96,150.31532287597656,113.93820190429688,0.8999476945258355
Spherical Grains,97,153.43186950683594,113.03495025634766,0.9045034171427093
Spherical Grains,98,149.42237854003906,113.13359069824219,0.905207018063716
Spherical Grains,99,150.95616149902344,112.91778564453125,0.9042756305836224
Spherical Grains,100,221.23106384277344,154.3201446533203,0.7606345299752703
Spherical Grains,101,227.7816619873047,161.40538024902344,0.7688133191147773
Spherical Grains,102,222.10565185546875,153.83895874023438,0.7482338989413815
Spherical Grains,103,229.58413696289062,164.02426147460938,0.7555516997758179
Spherical Grains,104,207.828369140625,160.24888610839844,0.8837165874173777
Spherical Grains,105,204.0290069580078,156.28903198242188,0.8563070683662609
Spherical Grains,106,210.99639892578125,165.59840393066406,0.886199215927194
Spherical Grains,107,205.0954132080078,160.1139373779297,0.8913153956290901
Spherical Grains,108,230.37525939941406,190.165771484375,0.8174986479865104
Spherical Grains,109,229.08445739746094,189.29989624023438,0.8130093439359081
Spherical Grains,110,232.33074951171875,193.3402557373047,0.8100947772458378
Spherical Grains,111,233.90623474121094,193.2392578125,0.8022126319583923
Spherical Grains,112,84.34539031982422,67.78459930419922,0.8770036802470691
Spherical Grains,113,91.9312744140625,75.60525512695312,0.8607953277294467
Spherical Grains,114,87.17803955078125,70.74462127685547,0.8534752445586308
Spherical Grains,115,92.50772857666016,76.29924011230469,0.8545177593773815
Spherical Grains,116,112.6265869140625,84.81241607666016,0.9332116442552195
Spherical Grains,117,109.0320816040039,83.18575286865234,0.9414948473173274
Spherical Grains,118,111.55020141601562,83.82357788085938,0.9277022443312616
Spherical Grains,119,107.8887939453125,82.9770736694336,0.9378587492036341
Spherical Grains,120,437.6303405761719,213.03750610351562,0.3372383434545605
Spherical Grains,121,451.1607971191406,227.51417541503906,0.40038747323237184
Spherical Grains,122,443.1343078613281,226.70126342773438,0.41277434622080217
Spherical Grains,123,445.5151062011719,222.4486541748047,0.39969726327110483
Spherical Grains,124,161.6071014404297,120.47235107421875,0.7923239542832071
Spherical Grains,125,162.617919921875,125.81676483154297,0.7623377920432642
Spherical Grains,126,161.89962768554688,121.161376953125,0.8058590503403323
Spherical Grains,127,162.23170471191406,125.49398040771484,0.7812682037800043
Cylindrical Pores,0,123.22882843017578,84.05046081542969,0.7357167385818563
Cylindrical Pores,1,128.70640563964844,86.3512954711914,0.7710455744077682
Cylindrical Pores,2,127.04419708251953,86.15521240234375,0.7378237255301626
Cylindrical Pores,3,132.54498291015625,89.13516998291016,0.7588148821167674
Cylindrical Pores,4,253.0979766845703,92.29426574707031,0.5299341445169398
Cylindrical Pores,5,262.6165466308594,98.21881866455078,0.5205036107826687
Cylindrical Pores,6,241.96620178222656,97.66289520263672,0.6026202803904805
Cylindrical Pores,7,273.57781982421875,100.89402770996094,0.5248307389395712
Cylindrical Pores,8,288.981201171875,174.61380004882812,0.6598490836732238
Cylindrical Pores,9,308.86639404296875,181.96981811523438,0.6426328851479169
Cylindrical Pores,10,272.8717956542969,155.5720977783203,0.66961025417437
Cylindrical Pores,11,291.52191162109375,174.6410675048828,0.6731835675772901
Cylindrical Pores,12,273.3597106933594,170.736328125,0.5714540782256384
Cylindrical Pores,13,266.39617919921875,158.0497589111328,0.5523408424831492
Cylindrical Pores,14,270.8645935058594,160.1429901123047,0.5420375215378891
Cylindrical Pores,15,271.30084228515625,154.77743530273438,0.5343382919827749
Cylindrical Pores,16,638.2979736328125,214.627197265625,0.40674660502690213
Cylindrical Pores,17,671.0490112304688,215.95201110839844,0.3662620094810101
Cylindrical Pores,18,635.3142700195312,186.65609741210938,0.30786123762117806
Cylindrical Pores,19,671.0,219.24908447265625,0.32181945626865033
Cylindrical Pores,20,176.3916778564453,127.85971069335938,0.7900285480863835
Cylindrical Pores,21,168.73838806152344,116.2627944946289,0.7858612225881005
Cylindrical Pores,22,183.0387725830078,126.0653076171875,0.7644184353199495
Cylindrical Pores,23,170.3053741455078,122.62218475341797,0.7715881615950929
Cylindrical Pores,24,18.769441604614258,24.825740814208984,0.8733491969571924
Cylindrical Pores,25,18.97114372253418,28.23916244506836,0.8424887675342202
Cylindrical Pores,26,20.533912658691406,26.081459045410156,0.8629952816082992
Cylindrical Pores,27,19.736427307128906,27.644771575927734,0.8386398488028649
Cylindrical Pores,28,411.8243713378906,205.68289184570312,0.513908214761549
Cylindrical Pores,29,426.283203125,222.92938232421875,0.6015284589395195
Cylindrical Pores,30,406.5433349609375,197.04440307617188,0.45739327273180325
Cylindrical Pores,31,405.30035400390625,202.58694458007812,0.5624994082674494
Cylindrical Pores,32,425.1665954589844,159.08848571777344,0.5787682888106386
Cylindrical Pores,33,470.792236328125,221.5199432373047,0.6275415315017253
Cylindrical Pores,34,425.9324951171875,179.7467498779297,0.6328276386793057
Cylindrical Pores,35,454.1438903808594,202.41879272460938,0.5732633231802357
Cylindrical Pores,36,141.46749877929688,121.77758026123047,0.6743868415501647
Cylindrical Pores,37,154.75889587402344,125.85057067871094,0.6933193179087319
Cylindrical Pores,38,144.4680633544922,125.64472961425781,0.6617484644194143
Cylindrical Pores,39,151.08897399902344,127.01231384277344,0.6806092000977131
Cylindrical Pores,40,1293.0223388671875,249.13905334472656,0.37380162682275536
Cylindrical Pores,41,1272.49365234375,262.9996032714844,0.3685185264683973
Cylindrical Pores,42,1272.7398681640625,258.6128845214844,0.39910509717345943
Cylindrical Pores,43,1285.6864013671875,241.03700256347656,0.31436740581103984
Cylindrical Pores,44,573.4480590820312,151.1822509765625,0.36735182625618723
Cylindrical Pores,45,573.2252197265625,181.7358856201172,0.5314959161045144
Cylindrical Pores,46,580.9943237304688,163.29379272460938,0.40406821326074177
Cylindrical Pores,47,582.9660034179688,195.19630432128906,0.5295371573656856
Cylindrical Pores,48,268.732421875,195.00399780273438,0.5340318294216991
Cylindrical Pores,49,280.4052429199219,212.3170623779297,0.49590543127315284
Cylindrical Pores,50,271.6429138183594,191.2423553466797,0.524887307592554
Cylindrical Pores,51,284.2684020996094,216.35772705078125,0.5249621880345124
Cylindrical Pores,52,229.01425170898438,207.77943420410156,0.5771608318151241
Cylindrical Pores,53,241.66409301757812,203.96652221679688,0.585299959556444
Cylindrical Pores,54,227.81890869140625,208.6797637939453,0.5729331132001537
Cylindrical Pores,55,234.8175506591797,202.13983154296875,0.5724187508765459
Cylindrical Pores,56,73.84514617919922,51.12696075439453,0.8696794554114169
Cylindrical Pores,57,75.88593292236328,51.76289367675781,0.8554606993998957
Cylindrical Pores,58,74.29291534423828,53.16513442993164,0.8773080424992397
Cylindrical Pores,59,78.30691528320312,52.53244400024414,0.8568423264340941
Cylindrical Pores,60,3.431857109069824,23.91014289855957,0.8653307053756206
Cylindrical Pores,61,1.7377291917800903,25.120820999145508,0.8572459181716489
Cylindrical Pores,62,3.463092565536499,23.858985900878906,0.8712680629552367
Cylindrical Pores,63,1.8308522701263428,24.14572525024414,0.8663774596896522
Cylindrical Pores,64,705.7681274414062,549.0770263671875,0.5641656442054521
Cylindrical Pores,65,745.044189453125,557.4920654296875,0.551955478855812
Cylindrical Pores,66,699.5364990234375,535.1017456054688,0.5602532730843459
Cylindrical Pores,67,739.5681762695312,544.5223388671875,0.5735089929891725
Cylindrical Pores,68,374.3480224609375,258.3370056152344,0.5720039301044485
Cylindrical Pores,69,381.1182556152344,270.5176086425781,0.5693643909250898
Cylindrical Pores,70,365.6117858886719,249.0218505859375,0.5576066396648099
Cylindrical Pores,71,381.4256896972656,271.0946044921875,0.5546167075900648
Cylindrical Pores,72,36.31191635131836,26.901578903198242,0.8901928957988081
Cylindrical Pores,73,37.46409225463867,25.781030654907227,0.893868848062797
Cylindrical Pores,74,34.435855865478516,25.236417770385742,0.9057687523706147
Cylindrical Pores,75,36.35890197753906,25.97676658630371,0.9078241170070344
Cylindrical Pores,76,46.12504577636719,34.51070022583008,0.8754671174343449
Cylindrical Pores,77,51.39107894897461,39.02117156982422,0.8727167075992799
Cylindrical Pores,78,45.77346420288086,35.102020263671875,0.8465373119787375
Cylindrical Pores,79,47.19792938232422,35.498680114746094,0.8708374149685608
Cylindrical Pores,80,23.668012619018555,34.432395935058594,0.8173926004900783
Cylindrical Pores,81,29.78699493408203,35.47392272949219,0.8296478476446124
Cylindrical Pores,82,22.880434036254883,34.56296920776367,0.835231042570025
Cylindrical Pores,83,30.410842895507812,35.801116943359375,0.8401655322527285
Cylindrical Pores,84,0.8941004872322083,21.750825881958008,0.9124983046087947
Cylindrical Pores,85,5.3488688468933105,21.543210983276367,0.8975513914260785
Cylindrical Pores,86,1.393517017364502,22.152179718017578,0.9084597464631197
Cylindrical Pores,87,5.603325843811035,21.458887100219727,0.8968370916995011
Cylindrical Pores,88,188.46316528320312,100.73922729492188,0.4777101111858327
Cylindrical Pores,89,191.29261779785156,90.93255615234375,0.43279747027632764
Cylindrical Pores,90,193.9368896484375,99.2463150024414,0.4499084325652524
Cylindrical Pores,91,195.52516174316406,92.52474212646484,0.46070351183391456
Cylindrical Pores,92,12.649300575256348,25.05105209350586,0.9209420615667208
Cylindrical Pores,93,9.210599899291992,25.555631637573242,0.8965926346783877
Cylindrical Pores,94,12.527989387512207,24.920442581176758,0.9188441754145117
Cylindrical Pores,95,10.626612663269043,24.406986236572266,0.9074810819578454
Cylindrical Pores,96,16.92971420288086,26.998489379882812,0.9048879209411618
Cylindrical Pores,97,15.66046142578125,25.295536041259766,0.9157155751851809
Cylindrical Pores,98,17.328575134277344,27.301389694213867,0.9031502580945866
Cylindrical Pores,99,15.550825119018555,25.763689041137695,0.907529100295935
Cylindrical Pores,100,9.375669479370117,28.9086971282959,0.881399309401925
Cylindrical Pores,101,6.823874473571777,26.843008041381836,0.8856736865696553
Cylindrical Pores,102,10.74943733215332,29.130569458007812,0.8906354192930319
Cylindrical Pores,103,4.76568078994751,26.456079483032227,0.8869001560107762
Cylindrical Pores,104,11.912501335144043,26.606611251831055,0.9126358535565916
Cylindrical Pores,105,10.896718978881836,26.65776824951172,0.9054121399159221
Cylindrical Pores,106,13.102921485900879,26.61240005493164,0.9179339453767147
Cylindrical Pores,107,10.231340408325195,28.162446975708008,0.8910114060026845
Cylindrical Pores,108,7.72132682800293,21.800601959228516,0.9391186233246985
Cylindrical Pores,109,5.839453220367432,21.373458862304688,0.9319194752139006
Cylindrical Pores,110,8.592660903930664,22.291160583496094,0.9334817628595716
Cylindrical Pores,111,7.4354023933410645,20.964693069458008,0.9287658735265364
Cylindrical Pores,112,7.641427040100098,26.504396438598633,0.8669686021681168
Cylindrical Pores,113,9.097614288330078,26.28834342956543,0.878677066917887
Cylindrical Pores,114,7.5293288230896,26.970272064208984,0.8649469088630763
Cylindrical Pores,115,10.119129180908203,28.109121322631836,0.8582415251305108
Cylindrical Pores,116,9.185001373291016,25.746295928955078,0.9132671317691621
Cylindrical Pores,117,8.359272956848145,27.5507869720459,0.9004893048705241
Cylindrical Pores,118,9.184067726135254,25.546085357666016,0.9102482762592765
Cylindrical Pores,119,6.994273662567139,30.089797973632812,0.8824356701303774
Cylindrical Grains,0,101.06366729736328,86.28555297851562,0.8484557420322542
Cylindrical Grains,1,106.8533935546875,92.33394622802734,0.8871360108758649
Cylindrical Grains,2,99.26689147949219,85.46090698242188,0.8623263391775666
Cylindrical Grains,3,105.19001770019531,91.63365173339844,0.8755274282283595
Cylindrical Grains,4,103.87306213378906,91.45832061767578,0.8777064736137732
Cylindrical Grains,5,119.47650146484375,111.3850326538086,0.88767397488205
Cylindrical Grains,6,103.47565460205078,91.75149536132812,0.8802647059007181
Cylindrical Grains,7,119.90419006347656,110.89242553710938,0.9005407877438677
Cylindrical Grains,8,230.77418518066406,183.816162109375,0.7730780900201187
Cylindrical Grains,9,254.22853088378906,207.719482421875,0.7777741200478385
Cylindrical Grains,10,234.53782653808594,190.6636505126953,0.7725454637338881
Cylindrical Grains,11,249.72052001953125,203.44729614257812,0.7869771502026018
Cylindrical Grains,12,132.11843872070312,109.16389465332031,0.8298242526075591
Cylindrical Grains,13,123.76046752929688,99.5339126586914,0.8268908989003881
Cylindrical Grains,14,132.23094177246094,111.10391235351562,0.8487852446705119
Cylindrical Grains,15,128.02198791503906,105.50857543945312,0.8313385699181971
Cylindrical Grains,16,175.31346130371094,142.97396850585938,0.691235874639174
Cylindrical Grains,17,173.46580505371094,139.72640991210938,0.6423927510054742
Cylindrical Grains,18,174.20494079589844,143.20948791503906,0.6837743220045136
Cylindrical Grains,19,174.1304931640625,141.23678588867188,0.6440837824260656
Cylindrical Grains,20,65.73782348632812,51.07044982910156,0.9179663561226877
Cylindrical Grains,21,65.32561492919922,51.45377731323242,0.9017767357847614
Cylindrical Grains,22,65.33769226074219,52.165374755859375,0.9229161719043023
Cylindrical Grains,23,67.34667205810547,54.04826736450195,0.9055088208539146
Cylindrical Grains,24,180.5265350341797,137.71473693847656,0.6401056536858895
Cylindrical Grains,25,196.810791015625,147.06134033203125,0.6855173087090768
Cylindrical Grains,26,188.7725830078125,139.9741973876953,0.6360628383389865
Cylindrical Grains,27,197.83729553222656,148.88563537597656,0.7025449578889689
Cylindrical Grains,28,142.78192138671875,102.73645782470703,0.8011549168702854
Cylindrical Grains,29,147.6619415283203,105.89253997802734,0.7855930303586969
Cylindrical Grains,30,146.2417755126953,102.71915435791016,0.7843682275736538
Cylindrical Grains,31,152.94142150878906,108.9507064819336,0.7909386477981393
Cylindrical Grains,32,64.2430648803711,54.26393127441406,0.876921766591037
Cylindrical Grains,33,60.56895446777344,48.55827713012695,0.8602756213970157
Cylindrical Grains,34,65.57211303710938,51.09968566894531,0.8921837544581942
Cylindrical Grains,35,59.53987503051758,46.208065032958984,0.8642005011874423
Cylindrical Grains,36,167.67901611328125,124.35220336914062,0.7983941750440474
Cylindrical Grains,37,176.3105926513672,125.88715362548828,0.8406482459485816
Cylindrical Grains,38,168.8512420654297,123.64434051513672,0.8071879146524864
Cylindrical Grains,39,172.64373779296875,125.17546844482422,0.8103799081039157
Cylindrical Grains,40,306.3522644042969,203.73118591308594,0.6875297921344506
Cylindrical Grains,41,360.137451171875,230.4370574951172,0.6725855355853156
Cylindrical Grains,42,309.374267578125,196.71844482421875,0.6467254994955672
Cylindrical Grains,43,362.04217529296875,243.95632934570312,0.7276345242657541
Cylindrical Grains,44,315.4464416503906,224.15916442871094,0.739942671989904
Cylindrical Grains,45,325.4598388671875,238.53419494628906,0.7584596081947751
Cylindrical Grains,46,310.8613586425781,222.06585693359375,0.7405375319696862
Cylindrical Grains,47,325.3539123535156,241.5681915283203,0.7933654041203326
Cylindrical Grains,48,219.17137145996094,167.50454711914062,0.8079460404793092
Cylindrical Grains,49,225.05648803710938,176.62071228027344,0.7987984536953788
Cylindrical Grains,50,222.29994201660156,172.34046936035156,0.8209617623566644
Cylindrical Grains,51,232.72300720214844,179.2281951904297,0.8428978919169001
Cylindrical Grains,52,526.6511840820312,419.33306884765625,0.7489405919149431
Cylindrical Grains,53,520.0551147460938,409.94683837890625,0.7652631765133762
Cylindrical Grains,54,533.6701049804688,424.45037841796875,0.7529239114837198
Cylindrical Grains,55,506.511474609375,397.90936279296875,0.6860725657736648
Cylindrical Grains,56,306.6315002441406,244.5124053955078,0.6681349016286876
Cylindrical Grains,57,327.1947326660156,258.0194396972656,0.6864635702016688
Cylindrical Grains,58,321.486083984375,255.2498779296875,0.6870064664051445
Cylindrical Grains,59,335.68731689453125,265.4353942871094,0.6885635836130077
Cylindrical Grains,60,298.63800048828125,234.07369995117188,0.7727436072383403
Cylindrical Grains,61,298.7774353027344,227.10330200195312,0.7807205949560412
Cylindrical Grains,62,299.0252685546875,232.39561462402344,0.7816170323888609
Cylindrical Grains,63,293.7856140136719,228.52066040039062,0.7867420110008749
Cylindrical Grains,64,148.38235473632812,86.57237243652344,0.7881010429871387
Cylindrical Grains,65,156.1905517578125,94.22843170166016,0.8178559534979211
Cylindrical Grains,66,146.576904296875,88.38140106201172,0.8281384145308124
Cylindrical Grains,67,157.37049865722656,95.98665618896484,0.8260298128000323
Cylindrical Grains,68,370.0369567871094,293.5967712402344,0.7258482146011481
Cylindrical Grains,69,407.4728698730469,324.9266357421875,0.7606661517162889
Cylindrical Grains,70,365.2176818847656,285.4589538574219,0.7649785027748163
Cylindrical Grains,71,392.9725646972656,311.8410949707031,0.7664558882320637
Cylindrical Grains,72,579.7006225585938,421.65057373046875,0.6659601274521799
Cylindrical Grains,73,610.3012084960938,440.8254699707031,0.6997213878962014
Cylindrical Grains,74,588.6235961914062,413.93963623046875,0.673846306859321
Cylindrical Grains,75,610.0899047851562,442.8578796386719,0.6930477299424584
Cylindrical Grains,76,613.6557006835938,545.2037353515625,0.5206603878983991
Cylindrical Grains,77,663.9279174804688,584.2778930664062,0.5742470690694212
Cylindrical Grains,78,624.3185424804688,554.228515625,0.5358336300036534
Cylindrical Grains,79,668.3226928710938,588.1615600585938,0.5909584268674544
Cylindrical Grains,80,171.48451232910156,95.18179321289062,0.7378859109697415
Cylindrical Grains,81,172.91358947753906,99.13427734375,0.7182034610418113
Cylindrical Grains,82,164.5781707763672,93.43031311035156,0.7175213872122075
Cylindrical Grains,83,165.9400177001953,84.33374786376953,0.6894000877576422
Cylindrical Grains,84,4018.3583984375,3523.982177734375,0.16263778539619744
Cylindrical Grains,85,4260.52001953125,3554.396728515625,0.1612204628386379
Cylindrical Grains,86,4100.0771484375,3522.644775390625,0.1575798902497768
Cylindrical Grains,87,4244.23291015625,3669.1240234375,0.13683965949951638
Cylindrical Grains,88,2195.093505859375,1462.1319580078125,0.4194292543329967
Cylindrical Grains,89,2191.96923828125,1401.49267578125,0.3523024265610153
Cylindrical Grains,90,2167.5634765625,1377.3709716796875,0.3345202072851013
Cylindrical Grains,91,2223.536865234375,1399.2420654296875,0.3483855690524144
Cylindrical Grains,92,413.73223876953125,315.9325256347656,0.5420540088892456
Cylindrical Grains,93,453.51593017578125,348.78564453125,0.5123863952614851
Cylindrical Grains,94,424.114990234375,328.4563903808594,0.47990919689436906
Cylindrical Grains,95,465.7341613769531,369.5589904785156,0.5142178702337511
Bentheimer,0,567.9329223632812,347.98785400390625,0.46705076746882224
Bentheimer,1,541.6369018554688,352.3066101074219,0.5259023485581161
Bentheimer,2,580.7039184570312,353.6658630371094,0.47423487430767347
Bentheimer,3,553.4306640625,345.6286926269531,0.48907542262508447
Bentheimer,4,658.4418334960938,492.8533630371094,0.47520991551751335
Bentheimer,5,655.4561767578125,476.73187255859375,0.46762673658019943
Bentheimer,6,660.1102905273438,494.4420471191406,0.49171485027977047
Bentheimer,7,667.7044677734375,484.7300720214844,0.4834070204290557
Bentheimer,8,1217.1219482421875,707.4156494140625,0.41476812821311176
Bentheimer,9,1143.1038818359375,663.2315673828125,0.4152234315177173
Bentheimer,10,1164.9110107421875,695.4581909179688,0.45922027230372536
Bentheimer,11,1169.72509765625,671.7111206054688,0.3885539060834695
Bentheimer,12,844.2251586914062,639.2008056640625,0.49392781576389566
Bentheimer,13,798.8810424804688,593.6316528320312,0.48264824568457276
Bentheimer,14,818.384765625,613.6991577148438,0.4873887153685818
Bentheimer,15,806.4869995117188,587.6690063476562,0.46639267238309606
Bentheimer,16,470.2225036621094,370.29229736328125,0.33365667772333396
Bentheimer,17,481.6304626464844,379.1671142578125,0.3706808651565237
Bentheimer,18,466.8863220214844,373.20654296875,0.3576885178263857
Bentheimer,19,481.1729736328125,389.8915710449219,0.36476994040139066
Bentheimer,20,655.0232543945312,492.01861572265625,0.5552578898472663
Bentheimer,21,677.7958374023438,524.765625,0.576747876451062
Bentheimer,22,671.6931762695312,501.7127380371094,0.544250112364471
Bentheimer,23,681.8572387695312,519.8538818359375,0.578162445738783
Bentheimer,24,330.95098876953125,243.98023986816406,0.7532416052566002
Bentheimer,25,344.64544677734375,256.6441345214844,0.7461152158258822
Bentheimer,26,324.0164489746094,246.21803283691406,0.7516395454120338
Bentheimer,27,339.40020751953125,253.41830444335938,0.7418089396210685
Bentheimer,28,75.03732299804688,48.53693771362305,0.8875137379534866
Bentheimer,29,74.66622161865234,44.307655334472656,0.9023666701351474
Bentheimer,30,71.750244140625,44.58230209350586,0.8989427673705392
Bentheimer,31,75.02125549316406,49.628177642822266,0.8919708969259565
Bentheimer,32,5370.5400390625,4294.251953125,0.24017618027974877
Bentheimer,33,5482.0126953125,4334.08544921875,0.244904956034599
Bentheimer,34,5330.458984375,4278.05859375,0.2463130460087313
Bentheimer,35,5343.8388671875,4408.71484375,0.25296479961225654
Bentheimer,36,161.72500610351562,102.43962860107422,0.8414131658014612
Bentheimer,37,167.33775329589844,110.14212799072266,0.8343934044491896
Bentheimer,38,155.15333557128906,98.85096740722656,0.8273630359886869
Bentheimer,39,166.4456329345703,105.08257293701172,0.8565685701474552
Bentheimer,40,299.8875427246094,196.5786590576172,0.6803038932906218
Bentheimer,41,289.5750427246094,188.0779266357422,0.6839304532481063
Bentheimer,42,300.6418762207031,195.65499877929688,0.6819879609898156
Bentheimer,43,294.9623718261719,191.2850799560547,0.6613641453008845
Bentheimer,44,519.7193603515625,352.0811767578125,0.45753659230032034
Bentheimer,45,512.5709838867188,345.75030517578125,0.506499580357655
Bentheimer,46,508.5852966308594,335.6986083984375,0.47291561980009517
Bentheimer,47,514.5635986328125,356.452392578125,0.5253738050298377
Bentheimer,48,2171.26318359375,1626.5855712890625,0.26774470420738145
Bentheimer,49,2145.302978515625,1580.271728515625,0.21921295170515762
Bentheimer,50,2181.29052734375,1587.5653076171875,0.19688065053784948
Bentheimer,51,2271.73388671875,1615.004638671875,0.25986559710480606
Bentheimer,52,400.77728271484375,317.3755798339844,0.6260876110078906
Bentheimer,53,404.3685607910156,319.3999328613281,0.6182999099498785
Bentheimer,54,384.3542175292969,302.00738525390625,0.6634254728529704
Bentheimer,55,399.0358581542969,318.5293273925781,0.629432343660813
Bentheimer,56,1439.0400390625,1012.9979858398438,0.31229172735006716
Bentheimer,57,1439.370849609375,1086.140380859375,0.3440699591826923
Bentheimer,58,1496.547607421875,1075.6087646484375,0.3247112414657906
Bentheimer,59,1454.3319091796875,1074.427001953125,0.3430996583681589
Bentheimer,60,759.1541748046875,414.1075744628906,0.46041259516905847
Bentheimer,61,753.8744506835938,429.3656005859375,0.4715201232718421
Bentheimer,62,750.2679443359375,427.9922790527344,0.4673148250436408
Bentheimer,63,754.1001586914062,416.8774719238281,0.47872205345835933
Bentheimer,64,323.35272216796875,238.50946044921875,0.6911336813933859
Bentheimer,65,323.0016174316406,239.8354034423828,0.7243103593745228
Bentheimer,66,324.447998046875,240.3434295654297,0.7117349954513295
Bentheimer,67,309.8717041015625,228.53634643554688,0.7194116264379331
Bentheimer,68,624.8649291992188,404.6966552734375,0.45872465286408587
Bentheimer,69,614.6008911132812,421.1495056152344,0.4783385450881394
Bentheimer,70,633.5576171875,413.2541198730469,0.4240356705373746
Bentheimer,71,589.5980834960938,380.7257385253906,0.4338685791924397
Bentheimer,72,787.0631103515625,573.3095092773438,0.40482467463701216
Bentheimer,73,776.0523071289062,576.89892578125,0.4538643301444203
Bentheimer,74,756.9263916015625,573.968505859375,0.4351500384448978
Bentheimer,75,770.62939453125,562.610595703125,0.4225655279859367
Bentheimer,76,499.83770751953125,391.8847351074219,0.4616214904267658
Bentheimer,77,502.6973876953125,396.9881591796875,0.4783616157736617
Bentheimer,78,478.67138671875,364.55084228515625,0.45245262316772594
Bentheimer,79,505.4427795410156,393.2940673828125,0.47007000293827805
Bentheimer,80,367.4959411621094,299.6292419433594,0.5432372469293244
Bentheimer,81,369.93389892578125,300.0423583984375,0.5458453736915646
Bentheimer,82,356.8526306152344,289.0735778808594,0.5401775356111697
Bentheimer,83,362.3761901855469,290.72540283203125,0.5644625192358607
Bentheimer,84,3101.659423828125,2070.293701171875,0.3768194708717929
Bentheimer,85,3002.720458984375,2007.325927734375,0.36692054281346353
Bentheimer,86,3014.21630859375,2028.9854736328125,0.38875636327121227
Bentheimer,87,3041.0390625,2124.214111328125,0.39892970139820444
Bentheimer,88,936.8165893554688,623.3231201171875,0.4443383377104354
Bentheimer,89,949.4589233398438,649.4190673828125,0.45333107470661177
Bentheimer,90,979.4359741210938,664.0316162109375,0.4675396112947173
Bentheimer,91,962.7266235351562,647.0595703125,0.4339329460603164
Bentheimer,92,753.9512939453125,563.9274291992188,0.34319383989413654
Bentheimer,93,761.972412109375,583.8284912109375,0.3039365569588446
Bentheimer,94,789.7222900390625,598.2136840820312,0.3289114624520756
Bentheimer,95,742.9517822265625,585.7523803710938,0.3247247422455794
Bentheimer,96,397.834716796875,284.2751770019531,0.6447859326229063
Bentheimer,97,414.1866760253906,301.2658996582031,0.6505705641701565
Bentheimer,98,415.85791015625,297.6107482910156,0.6461756253873586
Bentheimer,99,416.3112487792969,287.6380920410156,0.6176687539463567
Bentheimer,100,227.6893768310547,135.34471130371094,0.7787235853273301
Bentheimer,101,241.31976318359375,139.959716796875,0.7840822782931813
Bentheimer,102,236.40509033203125,141.8223419189453,0.7938157611905329
Bentheimer,103,241.39669799804688,141.15150451660156,0.7531484899742589
Bentheimer,104,307.85675048828125,209.8028106689453,0.6694467784062099
Bentheimer,105,294.1682434082031,202.78575134277344,0.69994825850136
Bentheimer,106,294.17584228515625,199.72108459472656,0.6919111728791715
Bentheimer,107,289.65264892578125,188.3116912841797,0.7052660421667103
Bentheimer,108,442.2398681640625,379.6218566894531,0.6321833510149273
Bentheimer,109,457.62744140625,380.3053894042969,0.6326576458537687
Bentheimer,110,445.2665710449219,363.5458679199219,0.6400537423800151
Bentheimer,111,461.6429138183594,374.04022216796875,0.6209477867994615
Bentheimer,112,783.06787109375,613.3905029296875,0.5472166811142725
Bentheimer,113,794.35986328125,615.8101196289062,0.5585482065824642
Bentheimer,114,823.8963012695312,637.55712890625,0.559198028089364
Bentheimer,115,756.3128051757812,599.367431640625,0.5377853298818628
Bentheimer,116,671.42529296875,471.8138732910156,0.658646752907502
Bentheimer,117,635.5233764648438,441.3702697753906,0.6472835610638024
Bentheimer,118,649.0642700195312,462.03839111328125,0.7118925892455338
Bentheimer,119,672.8933715820312,481.1312561035156,0.6807521791859765
Bentheimer,120,56.20841979980469,41.13079071044922,0.8821725838878464
Bentheimer,121,61.9422492980957,41.280029296875,0.9159961067432252
Bentheimer,122,58.5833854675293,44.136024475097656,0.8804337021640085
Bentheimer,123,62.1966667175293,37.53641891479492,0.9084024199101085
Bentheimer,124,150.78118896484375,109.31724548339844,0.8431758904483825
Bentheimer,125,149.84017944335938,105.9646987915039,0.8267820305127739
Bentheimer,126,142.58815002441406,100.47998046875,0.8561088732474658
Bentheimer,127,148.24879455566406,106.43983459472656,0.8102263135384703
Bentheimer,128,2222.954833984375,1856.3704833984375,0.3427611091712873
Bentheimer,129,2205.1455078125,1871.1953125,0.35159921406223105
Bentheimer,130,2305.7607421875,1979.759521484375,0.3731888394453084
Bentheimer,131,2251.08642578125,1916.0872802734375,0.336889305063682
Bentheimer,132,400.8948059082031,228.38345336914062,0.5146594555307594
Bentheimer,133,395.3542785644531,236.4159393310547,0.5616962464033719
Bentheimer,134,417.6231994628906,236.54238891601562,0.5469527592189362
Bentheimer,135,404.712158203125,235.02870178222656,0.5517589729333798
Bentheimer,136,184.6581573486328,127.6739730834961,0.6900225164995085
Bentheimer,137,202.2313690185547,142.9518280029297,0.697221039740044
Bentheimer,138,186.25608825683594,130.4674072265625,0.6676927279011721
Bentheimer,139,205.7055206298828,140.49642944335938,0.6787995678985207
Bentheimer,140,674.703369140625,609.4954223632812,0.40936094838100506
Bentheimer,141,704.3981323242188,644.6719360351562,0.43957195343216715
Bentheimer,142,670.1639404296875,614.3724365234375,0.4420509507844205
Bentheimer,143,709.3178100585938,638.466064453125,0.43633867131926496
Bentheimer,144,394.0315246582031,247.00238037109375,0.7150760293762518
Bentheimer,145,383.5322265625,241.84625244140625,0.7064883906180683
Bentheimer,146,400.8890686035156,249.87403869628906,0.7211699333912325
Bentheimer,147,399.72393798828125,246.1372528076172,0.694841520173228
Bentheimer,148,230.17088317871094,138.83514404296875,0.7297542333514281
Bentheimer,149,228.0287322998047,132.2645263671875,0.7743810294995991
Bentheimer,150,223.95591735839844,122.33940124511719,0.7558290544532557
Bentheimer,151,234.49603271484375,138.6034698486328,0.7967422604444634
Bentheimer,152,211.36585998535156,156.21014404296875,0.7807357772431374
Bentheimer,153,216.36180114746094,160.50059509277344,0.7894532312566838
Bentheimer,154,209.25579833984375,152.55343627929688,0.7842233050977322
Bentheimer,155,218.2919921875,162.27459716796875,0.7905147096198678
Bentheimer,156,669.5018310546875,585.7384643554688,0.650303256738235
Bentheimer,157,661.39697265625,595.4501953125,0.5495080155484989
Bentheimer,158,680.0392456054688,590.5703735351562,0.5990272288346
Bentheimer,159,672.18408203125,606.1214599609375,0.5791112667623818
Bentheimer,160,349.23785400390625,249.61468505859375,0.6852673850873939
Bentheimer,161,362.270263671875,270.7889709472656,0.7571781401011539
Bentheimer,162,347.7840270996094,255.83480834960938,0.7073916582294679
Bentheimer,163,347.23284912109375,256.713623046875,0.7330367144204634
Bentheimer,164,349.4991149902344,256.687744140625,0.6606584273098636
Bentheimer,165,340.6446533203125,248.22848510742188,0.6772550146920291
Bentheimer,166,352.4958801269531,255.7838592529297,0.6639077418765266
Bentheimer,167,345.1862487792969,250.50088500976562,0.6703105589804427
Bentheimer,168,624.481689453125,461.94293212890625,0.5862301022681135
Bentheimer,169,620.9910278320312,464.117431640625,0.5711161138616889
Bentheimer,170,597.28759765625,446.4178771972656,0.5886599269818564
Bentheimer,171,614.333740234375,463.697509765625,0.5944516826755364
Bentheimer,172,350.119873046875,210.28631591796875,0.47385243395909504
Bentheimer,173,354.97021484375,223.40740966796875,0.5080607555969254
Bentheimer,174,366.00555419921875,224.7225799560547,0.4762869838216277
Bentheimer,175,372.57110595703125,217.22232055664062,0.42920388026655387
Bentheimer,176,521.3391723632812,421.5299072265625,0.45161285155637865
Bentheimer,177,509.95880126953125,415.5622253417969,0.5338229231302926
Bentheimer,178,500.45758056640625,406.1068115234375,0.468894478971022
Bentheimer,179,510.8420104980469,418.3817138671875,0.44289819083480153
Bentheimer,180,991.28173828125,809.6677856445312,0.38892654675031196
Bentheimer,181,950.78662109375,808.0830078125,0.4017795596152067
Bentheimer,182,1005.5078125,831.9406127929688,0.40292221065333206
Bentheimer,183,996.258544921875,809.8878173828125,0.36008402275482826
Bentheimer,184,1264.019287109375,694.8857421875,0.40882631581569595
Bentheimer,185,1202.429443359375,631.604736328125,0.3076425303059551
Bentheimer,186,1238.908447265625,695.9312744140625,0.3938733771939651
Bentheimer,187,1269.1011962890625,709.4080200195312,0.4165321571507104
Bentheimer,188,382.16131591796875,246.93161010742188,0.5487529441252453
Bentheimer,189,421.6205139160156,291.6935119628906,0.6067345264385616
Bentheimer,190,390.1291198730469,270.27459716796875,0.5982344833382977
Bentheimer,191,392.3184509277344,263.957275390625,0.6166543522315141
Bentheimer,192,1180.79931640625,784.7239990234375,0.32217301446658675
Bentheimer,193,1084.1221923828125,740.8244018554688,0.3210814903727768
Bentheimer,194,1179.5704345703125,777.0869750976562,0.336250425476976
Bentheimer,195,1127.65869140625,760.1010131835938,0.30904583692912596
Bentheimer,196,147.90330505371094,100.72135162353516,0.8094654655036843
Bentheimer,197,151.12451171875,95.84074401855469,0.8015675603119844
Bentheimer,198,160.12107849121094,107.36634063720703,0.7804212646191672
Bentheimer,199,156.24415588378906,104.62816619873047,0.8170279076850646
Bentheimer,200,125.03201293945312,84.64358520507812,0.7504875828493603
Bentheimer,201,137.00953674316406,98.41336059570312,0.8251562383043991
Bentheimer,202,129.83876037597656,95.0522232055664,0.7975062214970053
Bentheimer,203,143.37091064453125,100.18063354492188,0.8298105034298877
Bentheimer,204,2012.265380859375,1661.87109375,0.27485788128887434
Bentheimer,205,1958.1912841796875,1619.9730224609375,0.22192014550134373
Bentheimer,206,2057.31884765625,1749.5386962890625,0.2620957693286286
Bentheimer,207,1982.4837646484375,1613.30908203125,0.26177327578602866
Bentheimer,208,427.1962890625,289.7640380859375,0.5416121070644384
Bentheimer,209,448.0760803222656,312.4254150390625,0.6587718403748133
Bentheimer,210,427.366455078125,286.81903076171875,0.5389459023785805
Bentheimer,211,437.7975158691406,314.9918518066406,0.6802236791920908
Bentheimer,212,202.33226013183594,147.0421600341797,0.7260730543384631
Bentheimer,213,216.1322479248047,156.81985473632812,0.7346851031393594
Bentheimer,214,214.2674560546875,154.23638916015625,0.7088860203332066
Bentheimer,215,222.32275390625,159.04795837402344,0.7226751174294482
Bentheimer,216,329.42071533203125,231.41635131835938,0.578454235837092
Bentheimer,217,325.3240051269531,234.47984313964844,0.597443775537265
Bentheimer,218,333.77545166015625,227.2602996826172,0.5629146826949042
Bentheimer,219,340.3864440917969,238.65707397460938,0.5897160072440801
Bentheimer,220,506.0328369140625,354.74444580078125,0.47353563777332747
Bentheimer,221,535.89453125,380.9909973144531,0.4990185933591604
Bentheimer,222,497.11297607421875,350.5356750488281,0.4852871036961333
Bentheimer,223,509.6597595214844,358.3700866699219,0.44776256782111545
Bentheimer,224,585.0877685546875,513.8448486328125,0.3592714214718579
Bentheimer,225,585.2608032226562,507.3638610839844,0.3840410691930774
Bentheimer,226,586.7984619140625,509.1396789550781,0.3623588340524115
Bentheimer,227,579.716064453125,503.61651611328125,0.388189574426
Bentheimer,228,281.99639892578125,181.11566162109375,0.7381013691431595
Bentheimer,229,284.6485900878906,186.26341247558594,0.7627663355147741
Bentheimer,230,268.5640869140625,172.00057983398438,0.7453441205506474
Bentheimer,231,286.58984375,188.19264221191406,0.7506211409572414
Bentheimer,232,1228.589111328125,1002.099853515625,0.32271980637290176
Bentheimer,233,1235.8394775390625,1005.7459106445312,0.3600867923925649
Bentheimer,234,1229.621337890625,990.4472045898438,0.33854343930920744
Bentheimer,235,1228.0439453125,1005.1573486328125,0.34261895978258805
Bentheimer,236,301.4610900878906,160.45408630371094,0.616557488522331
Bentheimer,237,290.7003173828125,158.581298828125,0.5901024633986947
Bentheimer,238,304.4805603027344,157.95242309570312,0.6063061628684703
Bentheimer,239,291.9211120605469,158.98890686035156,0.638842844730079
Bentheimer,240,546.2598876953125,381.9447326660156,0.5210607457503257
Bentheimer,241,526.2555541992188,371.2651672363281,0.5389115672448491
Bentheimer,242,541.6992797851562,383.6288146972656,0.5408038095551436
Bentheimer,243,532.7416381835938,371.1889343261719,0.5242896582302293
Bentheimer,244,780.7404174804688,530.8016357421875,0.46987784216798023
Bentheimer,245,773.7194213867188,541.5651245117188,0.4963172588063901
Bentheimer,246,763.0208740234375,509.3411865234375,0.4546244890037397
Bentheimer,247,780.5503540039062,524.56689453125,0.4643795162718929
Bentheimer,248,410.77276611328125,332.2573547363281,0.562557070260825
Bentheimer,249,406.3459167480469,340.5583801269531,0.5953886857456754
Bentheimer,250,425.6518249511719,354.64337158203125,0.6038169154566779
Bentheimer,251,413.3811950683594,349.8318786621094,0.5925040969925391
Bentheimer,252,842.423583984375,561.1852416992188,0.4951913069103034
Bentheimer,253,819.5848999023438,564.430419921875,0.5079740107100997
Bentheimer,254,852.789794921875,590.9852905273438,0.5111812787587194
Bentheimer,255,800.807861328125,557.785400390625,0.5344914461187721
Bentheimer,256,330.8773193359375,252.45709228515625,0.5697082588707099
Bentheimer,257,337.06341552734375,260.4581604003906,0.534178651467896
Bentheimer,258,345.70928955078125,266.1533203125,0.5704472379628385
Bentheimer,259,326.9530029296875,252.14102172851562,0.5833433513698117
Bentheimer,260,437.88189697265625,313.2043762207031,0.5366702820795973
Bentheimer,261,427.2208557128906,313.99951171875,0.5320704006941225
Bentheimer,262,464.3211975097656,342.60772705078125,0.5548183964510085
Bentheimer,263,430.9525146484375,316.7593078613281,0.5583915836620639
Bentheimer,264,145.2781982421875,94.74038696289062,0.8282272350254166
Bentheimer,265,155.7944793701172,111.79600524902344,0.8610949897772714
Bentheimer,266,149.16029357910156,102.02953338623047,0.8566530699598193
Bentheimer,267,161.8526611328125,113.06463623046875,0.8554482536980114
Bentheimer,268,319.1153259277344,256.357421875,0.5995907231676324
Bentheimer,269,327.49957275390625,264.1680603027344,0.6319188939690146
Bentheimer,270,338.145751953125,268.09246826171875,0.5725070819408861
Bentheimer,271,333.1444396972656,265.4403991699219,0.600284498092226
Bentheimer,272,1795.5810546875,1081.20556640625,0.31250844164990454
Bentheimer,273,1856.4244384765625,1138.777587890625,0.38946675426787003
Bentheimer,274,1860.9755859375,1147.9864501953125,0.33641516777167696
Bentheimer,275,1837.662109375,1072.815673828125,0.37556213614769746
Bentheimer,276,776.3121337890625,503.554443359375,0.3114578440251729
Bentheimer,277,803.5072631835938,528.7284545898438,0.31236054227293475
Bentheimer,278,768.6558227539062,517.7508544921875,0.31956486275181617
Bentheimer,279,797.4584350585938,531.8170166015625,0.32756531567323993
Bentheimer,280,725.71142578125,488.5830383300781,0.5159584823796034
Bentheimer,281,746.60888671875,494.6116638183594,0.4625508917523769
Bentheimer,282,729.8326416015625,490.4289245605469,0.5405132313625447
Bentheimer,283,717.4413452148438,478.635009765625,0.5260740465099972
Bentheimer,284,1137.4171142578125,881.55615234375,0.43140134761208565
Bentheimer,285,1162.1275634765625,900.068115234375,0.46608304944502627
Bentheimer,286,1130.7259521484375,883.0745849609375,0.4820406988317895
Bentheimer,287,1143.1705322265625,819.975830078125,0.4246206203924217
Bentheimer,288,377.55084228515625,271.9112548828125,0.5135909307051724
Bentheimer,289,380.1496887207031,278.3882141113281,0.5497382397827856
Bentheimer,290,383.0447998046875,275.6070556640625,0.5403013901300118
Bentheimer,291,390.5746154785156,285.8802490234375,0.5735492172529004
Bentheimer,292,483.67950439453125,331.4176940917969,0.5543527506641127
Bentheimer,293,492.3132019042969,325.8469543457031,0.51699375837415
Bentheimer,294,486.49151611328125,318.9996032714844,0.556141858422884
Bentheimer,295,498.4517822265625,313.4811706542969,0.49434881018069377
Bentheimer,296,138.60939025878906,85.20172882080078,0.8780438792553658
Bentheimer,297,134.83590698242188,83.57388305664062,0.8549873824222602
Bentheimer,298,140.4320526123047,87.63528442382812,0.8664784875940703
Bentheimer,299,132.9881134033203,84.41224670410156,0.8277884700371554
Bentheimer,300,802.2935791015625,688.2603149414062,0.44784503691948063
Bentheimer,301,786.0966796875,659.7747802734375,0.48098280096875057
Bentheimer,302,793.5538940429688,684.573974609375,0.454742759539374
Bentheimer,303,827.3809814453125,693.9705810546875,0.45294554433637985
Bentheimer,304,224.6270294189453,149.0724639892578,0.7568709480285326
Bentheimer,305,218.8368682861328,139.4523468017578,0.7526219721391015
Bentheimer,306,225.19061279296875,148.65921020507812,0.7692912982084075
Bentheimer,307,210.60072326660156,129.93919372558594,0.7495725062028015
Bentheimer,308,1159.4317626953125,909.7559204101562,0.4245588115217718
Bentheimer,309,1170.9578857421875,873.123291015625,0.3660798609180041
Bentheimer,310,1147.6201171875,892.7743530273438,0.4070400568318451
Bentheimer,311,1138.531005859375,880.2302856445312,0.4030338697173379
Bentheimer,312,503.7432861328125,380.9427795410156,0.5418521167261089
Bentheimer,313,504.93780517578125,368.4776611328125,0.597603363636019
Bentheimer,314,504.6590270996094,382.70928955078125,0.6185919053955341
Bentheimer,315,490.7232360839844,367.4140319824219,0.577604681534936
Bentheimer,316,647.4744873046875,466.3170166015625,0.5011343812136286
Bentheimer,317,606.7305297851562,425.7928771972656,0.5507193751491726
Bentheimer,318,620.3128051757812,438.4847412109375,0.5086301614640125
Bentheimer,319,601.7086181640625,422.3191833496094,0.4695936377176795
Bentheimer,320,229.25091552734375,162.6955108642578,0.778453466739317
Bentheimer,321,228.65887451171875,165.62290954589844,0.7197186866638895
Bentheimer,322,236.10816955566406,165.0706787109375,0.7757209406783067
Bentheimer,323,221.5079345703125,155.7029571533203,0.6977179885094225
Bentheimer,324,822.98876953125,634.5816040039062,0.3553695826828787
Bentheimer,325,825.43359375,640.3483276367188,0.362108158305773
Bentheimer,326,820.5440673828125,665.2627563476562,0.37393989486492685
Bentheimer,327,845.586669921875,642.3533325195312,0.3536263036537244
Bentheimer,328,487.5743408203125,391.1144714355469,0.5173264884536214
Bentheimer,329,485.2542724609375,388.7433776855469,0.5146977773330985
Bentheimer,330,468.84063720703125,380.3452453613281,0.5328358338270708
Bentheimer,331,475.1542663574219,386.9979553222656,0.5345629588308923
Bentheimer,332,432.9093017578125,322.34881591796875,0.6103177988563833
Bentheimer,333,429.0668029785156,332.30096435546875,0.5886039200905653
Bentheimer,334,433.5878601074219,325.1956787109375,0.5797022516064221
Bentheimer,335,442.2059631347656,335.1857604980469,0.5628421095822078
Bentheimer,336,240.00010681152344,166.9101104736328,0.586788358913457
Bentheimer,337,251.56040954589844,174.21495056152344,0.6382664464059347
Bentheimer,338,247.82095336914062,174.31114196777344,0.6059207004732705
Bentheimer,339,253.46165466308594,181.39329528808594,0.619396428461967
Bentheimer,340,222.11160278320312,162.05015563964844,0.752687015058974
Bentheimer,341,211.41720581054688,148.43115234375,0.7634567841738552
Bentheimer,342,227.93112182617188,162.9395294189453,0.7586651168489638
Bentheimer,343,207.6531982421875,145.9080810546875,0.7739504263073476
Bentheimer,344,335.64105224609375,231.50186157226562,0.6209132352266449
Bentheimer,345,350.29815673828125,244.5596923828125,0.6928888617322733
Bentheimer,346,328.76019287109375,229.3606414794922,0.7009383768524159
Bentheimer,347,343.3297424316406,237.41238403320312,0.7014568340764104
Bentheimer,348,346.6089782714844,223.1962890625,0.6017156540237417
Bentheimer,349,333.6050720214844,212.05172729492188,0.6237364803971617
Bentheimer,350,350.4606018066406,225.77540588378906,0.5842194875396302
Bentheimer,351,339.7877502441406,218.01956176757812,0.6049212722423055
Bentheimer,352,919.04052734375,653.5357055664062,0.4360126367449086
Bentheimer,353,876.49609375,602.9141845703125,0.3663158447369257
Bentheimer,354,935.1754150390625,644.8341674804688,0.4001307515185035
Bentheimer,355,942.7677001953125,639.34033203125,0.3968689258434624
Bentheimer,356,629.4550170898438,405.1590270996094,0.5838874412205362
Bentheimer,357,661.8494262695312,439.38763427734375,0.5842419298794015
Bentheimer,358,637.9702758789062,422.91607666015625,0.5516393137921153
Bentheimer,359,666.5274047851562,458.633544921875,0.569554872207546
Bentheimer,360,228.228759765625,169.5190887451172,0.7316556890771821
Bentheimer,361,233.12498474121094,172.6079864501953,0.7086189849999954
Bentheimer,362,241.0853729248047,179.937744140625,0.7231167232946336
Bentheimer,363,229.5773162841797,170.392333984375,0.6987111265302978
Bentheimer,364,374.2662353515625,226.41778564453125,0.49533799936313083
Bentheimer,365,383.7395935058594,240.67214965820312,0.5229813039617348
Bentheimer,366,380.1899719238281,234.57713317871094,0.48408974053166487
Bentheimer,367,382.05694580078125,232.4705352783203,0.5020516303249052
Bentheimer,368,1223.2386474609375,861.1543579101562,0.29904449232877317
Bentheimer,369,1129.9666748046875,821.7129516601562,0.3529431535227456
Bentheimer,370,1186.0330810546875,836.7617797851562,0.3796695190355553
Bentheimer,371,1193.5548095703125,834.6971435546875,0.3088363770258675
Bentheimer,372,884.5013427734375,671.8173828125,0.47433262742912186
Bentheimer,373,841.0450439453125,637.8744506835938,0.5033465221272828
Bentheimer,374,873.5059204101562,665.7791748046875,0.5150970177939231
Bentheimer,375,868.048828125,655.823974609375,0.4933711280767335
Bentheimer,376,495.26300048828125,323.1318664550781,0.5650964301912211
Bentheimer,377,499.8555603027344,325.2068786621094,0.5469348325014061
Bentheimer,378,512.06982421875,329.3938903808594,0.5588487050459323
Bentheimer,379,499.3419189453125,320.390380859375,0.5299266933095946
Bentheimer,380,202.25469970703125,157.81163024902344,0.7842341407021104
Bentheimer,381,205.5554656982422,160.07568359375,0.7765945837596886
Bentheimer,382,201.47787475585938,151.74929809570312,0.7812809884940556
Bentheimer,383,213.8494110107422,165.52186584472656,0.8095548695589195
Bentheimer,384,1130.4178466796875,805.35498046875,0.3819967169986757
Bentheimer,385,1132.3251953125,833.7266845703125,0.36729491223293437
Bentheimer,386,1110.1575927734375,837.1325073242188,0.3594750183548923
Bentheimer,387,1145.27099609375,872.660400390625,0.41343882525800907
Bentheimer,388,523.756103515625,421.9375,0.5609753839667184
Bentheimer,389,532.5090942382812,426.15777587890625,0.5390620763096409
Bentheimer,390,545.237548828125,426.15435791015625,0.541780237270304
Bentheimer,391,538.438232421875,428.5596618652344,0.5679993125685394
Bentheimer,392,602.36279296875,456.3078308105469,0.6064994583805462
Bentheimer,393,617.2664794921875,465.4424133300781,0.5877456774743762
Bentheimer,394,602.83935546875,457.1218566894531,0.6013257241355117
Bentheimer,395,609.2384033203125,460.2518005371094,0.5895470575423001
Bentheimer,396,172.04014587402344,102.08084106445312,0.7725589664616691
Bentheimer,397,183.7998046875,111.58724975585938,0.7978416381829982
Bentheimer,398,174.82330322265625,102.26878356933594,0.7778713353948783
Bentheimer,399,183.83096313476562,113.4446029663086,0.8100531538965453
Bentheimer,400,698.0778198242188,274.0179443359375,0.4251145684243387
Bentheimer,401,709.7451171875,265.97406005859375,0.3931188977401442
Bentheimer,402,677.1979370117188,248.8223876953125,0.4112003133423261
Bentheimer,403,712.2526245117188,259.4826354980469,0.35437544557658657
Bentheimer,404,244.86289978027344,175.0738525390625,0.6796897032357301
Bentheimer,405,253.91268920898438,192.30316162109375,0.6936587204499869
Bentheimer,406,256.3815612792969,187.05848693847656,0.6463613098730884
Bentheimer,407,268.3045349121094,201.5099334716797,0.6818552293673295
Bentheimer,408,316.8482666015625,198.85765075683594,0.7086794238343479
Bentheimer,409,319.583251953125,197.08364868164062,0.7062651592309628
Bentheimer,410,316.4975280761719,190.7388458251953,0.6859864973627554
Bentheimer,411,316.8955383300781,198.4630889892578,0.7166727512467967
Bentheimer,412,663.3189086914062,566.7874145507812,0.3168100564958656
Bentheimer,413,716.5879516601562,611.0386352539062,0.3359205424345821
Bentheimer,414,705.30712890625,597.872802734375,0.3402040721376653
Bentheimer,415,697.6570434570312,585.17529296875,0.3335160192803873
Bentheimer,416,598.0615234375,466.73919677734375,0.5712710028711001
Bentheimer,417,597.64208984375,444.8019714355469,0.5411435910818485
Bentheimer,418,594.3233642578125,446.96783447265625,0.5716731195085747
Bentheimer,419,595.2029418945312,437.4461364746094,0.6031636441371068
Bentheimer,420,699.3706665039062,426.5135192871094,0.5263370811540942
Bentheimer,421,735.697509765625,432.33404541015625,0.5481722764756445
Bentheimer,422,676.8809814453125,396.3814392089844,0.5060646496981526
Bentheimer,423,715.171875,395.4858093261719,0.5438066063575079
Berea Buff,0,358.6372375488281,274.4911193847656,0.5720703625146047
Berea Buff,1,384.0741271972656,291.8116455078125,0.5818283467598822
Berea Buff,2,343.6780090332031,256.7196350097656,0.5776935308020127
Berea Buff,3,384.5670166015625,286.593017578125,0.5856096626447183
Berea Buff,4,472.3466491699219,257.8738098144531,0.46207440332786315
Berea Buff,5,503.3377380371094,270.37530517578125,0.4421773469364443
Berea Buff,6,442.6708679199219,250.9279327392578,0.48579140005913407
Berea Buff,7,482.9946594238281,258.8631591796875,0.45931107038822944
Berea Buff,8,480.6664733886719,350.62689208984375,0.5080796182606082
Berea Buff,9,487.2079772949219,344.082275390625,0.523700812914998
Berea Buff,10,476.5807189941406,351.1642150878906,0.5208267803194284
Berea Buff,11,476.961669921875,334.26934814453125,0.5664826800505387
Berea Buff,12,328.1712341308594,256.82379150390625,0.8174573349125046
Berea Buff,13,345.1226806640625,264.423095703125,0.8162048791199638
Berea Buff,14,337.8727722167969,256.17498779296875,0.7928751018413489
Berea Buff,15,349.5718688964844,267.87420654296875,0.8258001247015238
Berea Buff,16,496.5279541015625,326.0451354980469,0.6242483349873417
Berea Buff,17,516.3945922851562,347.1923522949219,0.6029634508675011
Berea Buff,18,512.6035766601562,347.6449890136719,0.6314990759393775
Berea Buff,19,521.18408203125,347.3885803222656,0.5722080286689174
Berea Buff,20,586.0394897460938,418.3703308105469,0.5420224819748877
Berea Buff,21,648.3059692382812,469.3622131347656,0.5570512069727626
Berea Buff,22,564.3453979492188,390.2381286621094,0.5648186762682885
Berea Buff,23,581.5869140625,426.9772033691406,0.5918690595081474
Berea Buff,24,556.5487060546875,425.1748962402344,0.34657709411792453
Berea Buff,25,583.714111328125,447.3907165527344,0.3830842767756124
Berea Buff,26,538.003662109375,428.8907775878906,0.3545289487418173
Berea Buff,27,578.2716064453125,458.2046203613281,0.3991312708671142
Berea Buff,28,457.02642822265625,346.0986022949219,0.40883408940285537
Berea Buff,29,469.6453857421875,354.9362487792969,0.38953561822561766
Berea Buff,30,489.2688293457031,369.92071533203125,0.4380345791748352
Berea Buff,31,471.34954833984375,350.7765197753906,0.4458548879133421
Berea Buff,32,1521.7569580078125,1203.2728271484375,0.3612079691103029
Berea Buff,33,1519.901611328125,1169.7432861328125,0.35527294558039163
Berea Buff,34,1483.7091064453125,1162.9676513671875,0.3619434062796234
Berea Buff,35,1529.9827880859375,1209.6053466796875,0.3696175194134025
Berea Buff,36,307.8460998535156,229.7733917236328,0.5945123098731798
Berea Buff,37,330.10943603515625,245.59361267089844,0.6064172834914504
Berea Buff,38,335.046630859375,246.5838165283203,0.5922803697796699
Berea Buff,39,314.0585021972656,224.38348388671875,0.6166255697554154
Berea Buff,40,578.6403198242188,386.7825927734375,0.41460791028286337
Berea Buff,41,594.8154907226562,400.8725280761719,0.42411115322547205
Berea Buff,42,615.36572265625,430.9564208984375,0.4181212871762745
Berea Buff,43,577.0174560546875,404.9742126464844,0.48405938206179827
Berea Buff,44,509.1540222167969,157.5434112548828,0.3649588531717075
Berea Buff,45,491.2796936035156,163.9236297607422,0.45121960627685254
Berea Buff,46,498.3255615234375,135.8166046142578,0.33004677575107816
Berea Buff,47,517.6911010742188,153.2706756591797,0.41330902069618597
Berea Buff,48,338.1736755371094,262.2532043457031,0.7265645073307839
Berea Buff,49,319.7948913574219,249.87042236328125,0.7496300548174037
Berea Buff,50,332.0460510253906,259.210693359375,0.7214198189455644
Berea Buff,51,328.8040466308594,255.15115356445312,0.7467403477390095
Berea Buff,52,354.73284912109375,284.2344055175781,0.6720093614497917
Berea Buff,53,355.1380615234375,281.7789306640625,0.6655304968610158
Berea Buff,54,343.9372253417969,280.1090393066406,0.6748760635374429
Berea Buff,55,350.5563659667969,280.29931640625,0.6771709488005432
Berea Buff,56,2024.10986328125,1740.18310546875,0.35173390449094544
Berea Buff,57,2062.032470703125,1765.2633056640625,0.39101173738483735
Berea Buff,58,1935.2410888671875,1583.1636962890625,0.35955639600823597
Berea Buff,59,2008.5135498046875,1770.4495849609375,0.3922920144537063
Berea Buff,60,852.2386474609375,592.995849609375,0.4346756439777324
Berea Buff,61,854.1624755859375,593.1895751953125,0.497784827065961
Berea Buff,62,871.4567260742188,616.9056396484375,0.4576491600919695
Berea Buff,63,863.0262451171875,587.4408569335938,0.4160052002138027
Berea Buff,64,304.7481384277344,230.7149658203125,0.6382512466083974
Berea Buff,65,320.31304931640625,235.37144470214844,0.6363892143169535
Berea Buff,66,317.78717041015625,235.2753448486328,0.6214761544895487
Berea Buff,67,314.833740234375,223.75083923339844,0.6433941721707518
Berea Buff,68,171.87461853027344,130.45770263671875,0.8322676692338723
Berea Buff,69,170.30819702148438,119.15237426757812,0.8297144355265137
Berea Buff,70,161.8985137939453,123.191650390625,0.8186582284123594
Berea Buff,71,168.12673950195312,125.54931640625,0.8060314168624553
Berea Buff,72,349.5110778808594,241.9150848388672,0.5024075859212335
Berea Buff,73,350.60931396484375,235.8325958251953,0.5471815214422916
Berea Buff,74,354.66259765625,251.7137908935547,0.6015503605424328
Berea Buff,75,355.21063232421875,244.42758178710938,0.4861225833170462
Berea Buff,76,280.0007629394531,181.67050170898438,0.8052359100129888
Berea Buff,77,301.6822204589844,200.30760192871094,0.8377769412240795
Berea Buff,78,290.3988952636719,191.46044921875,0.7964502965855239
Berea Buff,79,313.6570739746094,207.20079040527344,0.8200990681834468
Berea Buff,80,495.22711181640625,400.275146484375,0.5955705940540844
Berea Buff,81,510.82098388671875,411.02484130859375,0.6118087990909724
Berea Buff,82,495.103515625,381.13848876953125,0.5896803384120578
Berea Buff,83,503.0719299316406,399.2793273925781,0.6306159139289196
Berea Buff,84,938.8471069335938,675.5243530273438,0.5934128619306198
Berea Buff,85,958.983154296875,657.58544921875,0.5227884368718181
Berea Buff,86,942.039306640625,665.2548217773438,0.5803166704261559
Berea Buff,87,978.9927978515625,704.5729370117188,0.576187368416808
Berea Buff,88,412.8681945800781,270.85888671875,0.7716472265030656
Berea Buff,89,404.64471435546875,256.0748596191406,0.7892121254168877
Berea Buff,90,394.0956726074219,252.47023010253906,0.7730255075375215
Berea Buff,91,400.1788635253906,244.39810180664062,0.7515759788277568
Berea Buff,92,975.1674194335938,868.2615966796875,0.48222620374311903
Berea Buff,93,1052.073974609375,890.2498168945312,0.5004773461321251
Berea Buff,94,997.0914306640625,884.3021850585938,0.5073363220631375
Berea Buff,95,1025.7374267578125,885.8165283203125,0.5263792500352722
Berea Buff,96,286.3632507324219,204.2090606689453,0.6742815356848564
Berea Buff,97,273.7031555175781,184.49569702148438,0.6934620558077341
Berea Buff,98,298.4911804199219,201.37918090820312,0.6572304953697883
Berea Buff,99,286.090087890625,197.194580078125,0.7146668933489975
Berea Buff,100,205.61785888671875,144.6995391845703,0.6922392432277249
Berea Buff,101,209.10433959960938,143.66091918945312,0.7224416767734875
Berea Buff,102,204.320556640625,142.90045166015625,0.6831176187675818
Berea Buff,103,203.2991943359375,142.2581329345703,0.6947583093083814
Berea Buff,104,481.2796630859375,359.0662536621094,0.7064974635832305
Berea Buff,105,475.1676940917969,356.77606201171875,0.7109263266167075
Berea Buff,106,480.8606872558594,368.2881774902344,0.7161451954203468
Berea Buff,107,483.3717956542969,361.43670654296875,0.7376462408469856
Berea Buff,108,325.9197998046875,236.85971069335938,0.8361377781555438
Berea Buff,109,304.1700744628906,220.41407775878906,0.7995997900845496
Berea Buff,110,323.0936584472656,242.93115234375,0.8447460748022129
Berea Buff,111,310.7684326171875,228.5108642578125,0.8202534465253042
Berea Buff,112,184.06182861328125,128.05650329589844,0.8021272732880717
Berea Buff,113,178.8174591064453,119.25114440917969,0.8114350988738216
Berea Buff,114,182.61648559570312,124.84093475341797,0.7709091566711672
Berea Buff,115,174.31173706054688,113.88323974609375,0.7919775691410665
Berea Buff,116,825.0360717773438,657.9760131835938,0.48844671301527043
Berea Buff,117,802.5219116210938,646.65625,0.47428257762422515
Berea Buff,118,852.4412841796875,682.4287719726562,0.4801655105206009
Berea Buff,119,828.0553588867188,664.7526245117188,0.4892419430073896
Berea Buff,120,3468.457275390625,2577.37744140625,0.0965059213046992
Berea Buff,121,3652.49560546875,2719.951416015625,0.15273504053984469
Berea Buff,122,3302.205810546875,2574.071533203125,0.109445112187342
Berea Buff,123,3504.426513671875,2724.494873046875,0.11997515402184912
Berea Buff,124,203.9643096923828,142.8689727783203,0.8634117287900469
Berea Buff,125,224.63006591796875,160.0448760986328,0.8698503446581448
Berea Buff,126,214.74871826171875,150.72645568847656,0.8659719349721987
Berea Buff,127,220.44032287597656,154.71322631835938,0.8365522362839436
Berea Buff,128,2593.053955078125,2195.3125,0.4408557371292412
Berea Buff,129,2613.88427734375,2186.916748046875,0.4313403783030845
Berea Buff,130,2546.3916015625,2117.4482421875,0.4372454933203142
Berea Buff,131,2592.725830078125,2168.5712890625,0.42727470692746405
Berea Buff,132,956.3786010742188,476.8101806640625,0.34221689153648316
Berea Buff,133,984.0443115234375,481.5892028808594,0.3983273680388608
Berea Buff,134,922.3318481445312,474.84051513671875,0.35455960784187024
Berea Buff,135,980.0609130859375,470.8079833984375,0.2914569003103378
Berea Buff,136,230.50807189941406,161.3168182373047,0.7469182316719395
Berea Buff,137,230.9364013671875,167.54425048828125,0.723157988518213
Berea Buff,138,234.7358856201172,169.12181091308594,0.7190653458394297
Berea Buff,139,221.5303192138672,163.74578857421875,0.7112847812505041
Berea Buff,140,394.2750549316406,321.18017578125,0.5925560826352668
Berea Buff,141,429.7597961425781,345.15948486328125,0.5915338533611441
Berea Buff,142,393.0250244140625,321.58892822265625,0.6108341119810148
Berea Buff,143,400.747314453125,318.646484375,0.5899929939214877
Berea Buff,144,492.696533203125,378.9653625488281,0.6049971696222975
Berea Buff,145,491.7098693847656,387.29852294921875,0.5559370899777889
Berea Buff,146,498.30401611328125,392.2567138671875,0.5833295978021671
Berea Buff,147,482.4324951171875,362.29852294921875,0.5487565562436332
Berea Buff,148,325.69451904296875,251.84617614746094,0.746943760423784
Berea Buff,149,334.3487854003906,251.8134002685547,0.7459793823677228
Berea Buff,150,329.7813415527344,247.70445251464844,0.7449330806043406
Berea Buff,151,327.4093322753906,244.92559814453125,0.760036519770611
Berea Buff,152,898.19580078125,657.8923950195312,0.5220333990286743
Berea Buff,153,926.0134887695312,642.41943359375,0.5453308379087395
Berea Buff,154,915.3687744140625,647.0618896484375,0.5194235751346173
Berea Buff,155,918.6004638671875,653.286376953125,0.5128787476970392
Berea Buff,156,501.71734619140625,346.787109375,0.5812393471008191
Berea Buff,157,471.6767272949219,331.988037109375,0.5670228231160498
Berea Buff,158,501.7635803222656,353.683349609375,0.5461546966444799
Berea Buff,159,490.4950256347656,340.35693359375,0.5614386717114862
Berea Buff,160,1563.9327392578125,1149.9886474609375,0.31701518190645145
Berea Buff,161,1540.16015625,1148.55419921875,0.34402949441627334
Berea Buff,162,1536.82080078125,1131.632568359375,0.3246554768262819
Berea Buff,163,1591.1683349609375,1177.251953125,0.35248933277241
Berea Buff,164,315.04156494140625,207.4202423095703,0.6969427388345457
Berea Buff,165,336.4681091308594,216.1880645751953,0.6718289290955236
Berea Buff,166,334.9093017578125,218.88558959960938,0.6693452276188459
Berea Buff,167,333.5129089355469,215.94229125976562,0.6781249915882736
Berea Buff,168,1096.9044189453125,775.939453125,0.3996640250481446
Berea Buff,169,1173.1595458984375,834.5645141601562,0.4324415369922791
Berea Buff,170,1164.628662109375,817.2984619140625,0.39915981786678384
Berea Buff,171,1155.2110595703125,817.67041015625,0.4524309935762266
Berea Buff,172,57.04437255859375,31.68425941467285,0.9333148260445387
Berea Buff,173,52.085838317871094,31.971742630004883,0.9161007584738807
Berea Buff,174,57.67544937133789,30.042810440063477,0.9336117128305977
Berea Buff,175,50.78626251220703,31.0299015045166,0.9194943794498047
Berea Buff,176,648.6494750976562,598.0238037109375,0.5404009932165312
Berea Buff,177,660.4603271484375,581.8717041015625,0.5671756883772113
Berea Buff,178,641.8707275390625,603.3389282226562,0.5373812275142358
Berea Buff,179,672.6888427734375,610.2493896484375,0.5347430905731311
Berea Buff,180,186.87289428710938,132.97474670410156,0.7873591180015189
Berea Buff,181,196.1348114013672,137.00634765625,0.7634359540686552
Berea Buff,182,193.23745727539062,136.1024932861328,0.7775440130599718
Berea Buff,183,195.18292236328125,136.52642822265625,0.7943658947251101
Berea Buff,184,667.4078979492188,473.3332214355469,0.573480586489987
Berea Buff,185,648.3202514648438,464.6781005859375,0.5984186140894756
Berea Buff,186,680.736083984375,497.29730224609375,0.6344081354190074
Berea Buff,187,699.6784057617188,499.46258544921875,0.5773052095987321
Berea Buff,188,146.57894897460938,91.5796890258789,0.861110045144733
Berea Buff,189,165.53582763671875,106.88326263427734,0.8883185883221416
Berea Buff,190,151.4512481689453,95.74170684814453,0.8590262322415021
Berea Buff,191,158.14454650878906,97.60848999023438,0.8623221377797863
Berea Buff,192,410.166015625,283.2990417480469,0.7494896623297052
Berea Buff,193,437.024169921875,305.1937255859375,0.7257041839773509
Berea Buff,194,412.47442626953125,293.4454345703125,0.7525390622504015
Berea Buff,195,400.17596435546875,280.13037109375,0.7228734597925417
Berea Buff,196,401.7716979980469,299.3647766113281,0.5969407904676052
Berea Buff,197,414.50665283203125,307.1713562011719,0.5974795127557605
Berea Buff,198,401.96954345703125,302.2557067871094,0.5976365076949245
Berea Buff,199,392.3580017089844,293.9349060058594,0.5823028075314397
Berea Buff,200,600.0951538085938,393.7567138671875,0.5487058898653088
Berea Buff,201,547.4872436523438,355.2803649902344,0.4929637860243746
Berea Buff,202,624.2936401367188,414.32135009765625,0.49398158812899734
Berea Buff,203,582.3814086914062,375.4020080566406,0.41637711868539623
Berea Buff,204,277.0419921875,206.2561492919922,0.783336359818013
Berea Buff,205,288.2369689941406,195.980224609375,0.7833720941998072
Berea Buff,206,277.3821716308594,203.3062744140625,0.8064846306493343
Berea Buff,207,284.1441345214844,193.05169677734375,0.7874450456153533
Leopard,0,731.501220703125,372.815185546875,0.518005736395042
Leopard,1,775.8538818359375,398.84283447265625,0.5364091595666411
Leopard,2,742.1980590820312,391.4921875,0.5526262395901693
Leopard,3,798.778564453125,408.75286865234375,0.5476629539941001
Leopard,4,301.96038818359375,206.72276306152344,0.6996076900703271
Leopard,5,322.6553039550781,220.36294555664062,0.7266474837897495
Leopard,6,312.557861328125,208.52749633789062,0.6464988403379509
Leopard,7,316.5260925292969,214.76052856445312,0.6951586668147753
Leopard,8,8943.5654296875,5673.82080078125,0.12609832977512092
Leopard,9,8569.8671875,4813.09130859375,0.08638962828811099
Leopard,10,9199.2841796875,5604.068359375,0.09779556742499176
Leopard,11,8740.7275390625,5007.037109375,0.09314683951060039
Leopard,12,1457.6273193359375,1121.2791748046875,0.47805666610173864
Leopard,13,1468.5975341796875,1153.960693359375,0.4818142994311051
Leopard,14,1470.3302001953125,1140.06884765625,0.4843989435634706
Leopard,15,1511.47705078125,1168.418212890625,0.48404772595734774
Leopard,16,1955.6329345703125,1392.5213623046875,0.41744581896551863
Leopard,17,2020.9981689453125,1445.6165771484375,0.41389237653897254
Leopard,18,2001.6337890625,1357.8883056640625,0.34869155968168397
Leopard,19,2068.9287109375,1438.0921630859375,0.35691114716887384
Leopard,20,904.636474609375,710.578125,0.43332900089070775
Leopard,21,868.0810546875,712.7052612304688,0.4021667683136997
Leopard,22,879.7412719726562,720.1122436523438,0.4646632405529916
Leopard,23,842.999755859375,692.8262329101562,0.40958240883325997
Leopard,24,468.14117431640625,338.0848388671875,0.5888296847247538
Leopard,25,543.6738891601562,382.0459899902344,0.5605279348645931
Leopard,26,476.923828125,353.80267333984375,0.5855662831581363
Leopard,27,502.45391845703125,352.7320556640625,0.5781792797915436
Leopard,28,485.2813720703125,342.39202880859375,0.5472857676971069
Leopard,29,488.92388916015625,344.2868957519531,0.5104689448897956
Leopard,30,479.832275390625,340.4637145996094,0.5364510551942299
Leopard,31,506.47357177734375,379.6355895996094,0.5676285032548452
Leopard,32,321.6244812011719,222.68136596679688,0.6012416070811011
Leopard,33,313.7278137207031,219.87818908691406,0.5893523698368295
Leopard,34,292.2281494140625,204.78025817871094,0.6294003980921612
Leopard,35,320.72381591796875,219.38250732421875,0.6267460722066238
Leopard,36,587.133544921875,392.0454406738281,0.5776537585400909
Leopard,37,555.2584838867188,342.780029296875,0.4990639154709288
Leopard,38,603.9738159179688,373.10028076171875,0.5064319869761208
Leopard,39,574.0927124023438,372.05255126953125,0.5725694328218465
Leopard,40,2449.846435546875,1962.4847412109375,0.1594289034180612
Leopard,41,2415.901123046875,1956.5687255859375,0.1655769061621533
Leopard,42,2371.5166015625,1954.53662109375,0.15875249387735038
Leopard,43,2471.365478515625,2042.2447509765625,0.18560183285193388
Leopard,44,2051.707763671875,1203.4031982421875,0.20511649473284288
Leopard,45,2149.05908203125,1224.804443359375,0.16927962547795777
Leopard,46,2154.680419921875,1284.8359375,0.198203309173529
Leopard,47,1976.4058837890625,1166.681640625,0.19420221388843417
Leopard,48,28198.564453125,29824.10546875,0.045856328330752254
Leopard,49,28528.4375,29301.134765625,0.01785187597291165
Leopard,50,29337.1640625,29413.365234375,0.02034554259937752
Leopard,51,29305.015625,30834.599609375,0.0032502724903478043
Leopard,52,279.25701904296875,203.14683532714844,0.7339877589646087
Leopard,53,281.69366455078125,200.9550018310547,0.7222657776320115
Leopard,54,296.5863342285156,208.5490264892578,0.7097357302757417
Leopard,55,287.26934814453125,206.6992645263672,0.7105200337151243
Leopard,56,153.77175903320312,109.61016082763672,0.8526451095487382
Leopard,57,135.80267333984375,99.0960693359375,0.863774723466862
Leopard,58,149.6708221435547,102.71977233886719,0.8460432836054917
Leopard,59,149.35450744628906,106.22439575195312,0.83676458416661
Leopard,60,12216.5908203125,10065.845703125,0.11274998017965898
Leopard,61,11915.904296875,9793.111328125,0.12675998576673378
Leopard,62,11929.1640625,10069.9912109375,0.09118780494697935
Leopard,63,12279.970703125,9779.91796875,0.13834276544914742
Leopard,64,654.2360229492188,514.6730346679688,0.5494462810489079
Leopard,65,653.1004638671875,514.2322387695312,0.5339437530746506
Leopard,66,677.1632690429688,506.3322448730469,0.5547864866437254
Leopard,67,624.761962890625,467.1656494140625,0.5720734279920948
Leopard,68,3415.069091796875,2149.879638671875,0.18884342735560525
Leopard,69,3443.859619140625,2147.74560546875,0.21862046722362016
Leopard,70,3333.223388671875,2084.730712890625,0.19402698362538562
Leopard,71,3243.3525390625,1979.412109375,0.18562308519235957
Leopard,72,683.7786865234375,523.1256103515625,0.5067593297157448
Leopard,73,632.2180786132812,459.7938537597656,0.48335626873338383
Leopard,74,666.7224731445312,486.0057067871094,0.5079208070893266
Leopard,75,629.5768432617188,450.5498962402344,0.4968336010806149
Leopard,76,1327.81591796875,804.9485473632812,0.3871470612241557
Leopard,77,1385.9443359375,840.915283203125,0.36725737195484603
Leopard,78,1253.9324951171875,758.3731689453125,0.4065100624884517
Leopard,79,1413.4202880859375,793.41015625,0.28251982811384296
Leopard,80,77.92861938476562,42.899803161621094,0.7710503565861089
Leopard,81,75.60083770751953,42.7549934387207,0.8172061246673265
Leopard,82,77.20138549804688,42.2558479309082,0.818529838075517
Leopard,83,78.95311737060547,43.32649230957031,0.8147761110572851
Leopard,84,257.48785400390625,196.8931884765625,0.6564796573815028
Leopard,85,251.84173583984375,198.45950317382812,0.7501644400432373
Leopard,86,244.98324584960938,189.46463012695312,0.7205668597594781
Leopard,87,253.8819580078125,193.66880798339844,0.7637109073020274
Leopard,88,1182.3214111328125,959.4291381835938,0.3666814988068118
Leopard,89,1274.8092041015625,1068.6650390625,0.35480633652278026
Leopard,90,1255.4248046875,1042.766845703125,0.3734433652105186
Leopard,91,1334.2232666015625,1054.2752685546875,0.29731593209628676
Leopard,92,559.4171142578125,421.528076171875,0.5747976395689174
Leopard,93,558.0841674804688,399.1260681152344,0.5677803437525141
Leopard,94,553.33447265625,399.2212829589844,0.5529847465424143
Leopard,95,530.2611694335938,387.0214538574219,0.5861466757303966
Leopard,96,1415.46826171875,1069.4842529296875,0.417049453692904
Leopard,97,1380.8302001953125,1058.051513671875,0.3775714166988891
Leopard,98,1378.8641357421875,1078.94873046875,0.3876062130786132
Leopard,99,1317.82421875,1059.179931640625,0.4079801767977031
Leopard,100,626.4326782226562,497.5215759277344,0.5884015601392824
Leopard,101,640.177001953125,486.0956726074219,0.5940428179488398
Leopard,102,646.8740844726562,493.428955078125,0.5664317135920146
Leopard,103,664.5746459960938,496.0008544921875,0.57489086548264
Leopard,104,804.47802734375,817.6018676757812,0.29190437559118715
Leopard,105,821.7254638671875,809.1903686523438,0.2740030293613957
Leopard,106,794.320556640625,788.7431640625,0.2992073627754628
Leopard,107,764.4210205078125,760.8438110351562,0.2984221741076401
Leopard,108,1526.6475830078125,1046.825439453125,0.4266356542897152
Leopard,109,1445.359375,948.01904296875,0.3712919025672893
Leopard,110,1456.9163818359375,974.9852905273438,0.37948275401415005
Leopard,111,1409.740478515625,895.7578125,0.40810905707664324
Leopard,112,1177.2161865234375,866.0750122070312,0.39928470319808496
Leopard,113,1189.077880859375,836.6251220703125,0.3799846197214164
Leopard,114,1256.4970703125,903.1650390625,0.4021486485053916
Leopard,115,1194.3236083984375,846.7221069335938,0.34197670525458035
Leopard,116,345.4505615234375,239.9207000732422,0.7248433146768465
Leopard,117,356.8218994140625,243.38076782226562,0.7138016477440406
Leopard,118,335.6200256347656,231.0128936767578,0.7375567240154713
Leopard,119,358.1573791503906,253.3369140625,0.7171516036339276
Leopard,120,754.6378784179688,513.566650390625,0.5975155330243123
Leopard,121,769.6111450195312,553.7649536132812,0.5961347734953133
Leopard,122,768.2570190429688,559.2711181640625,0.5700292451867285
Leopard,123,744.3641967773438,532.0881958007812,0.6194948827270319
Leopard,124,1554.7821044921875,1469.435302734375,0.3972117115680937
Leopard,125,1596.694580078125,1469.1702880859375,0.39542283581276383
Leopard,126,1692.0517578125,1515.9761962890625,0.41501358630572727
Leopard,127,1565.8359375,1457.7235107421875,0.38155664666600475
Leopard,128,1650.8790283203125,1116.6295166015625,0.25904763846341583
Leopard,129,1774.9586181640625,1172.1304931640625,0.24335530962412122
Leopard,130,1727.7269287109375,1188.3212890625,0.26636269980429844
Leopard,131,1715.828857421875,1120.126953125,0.3065441435618172
Leopard,132,299.1072692871094,204.98281860351562,0.7097901307177688
Leopard,133,307.13897705078125,216.3446502685547,0.6573340793826522
Leopard,134,315.8707580566406,225.36920166015625,0.7073572261186726
Leopard,135,304.1197814941406,208.66619873046875,0.6739427383245905
Leopard,136,718.026611328125,597.0772094726562,0.36872097430034356
Leopard,137,693.7118530273438,585.6629028320312,0.4082025099634316
Leopard,138,679.44287109375,559.860595703125,0.4128165796301917
Leopard,139,707.3732299804688,609.85791015625,0.385689377345661
Leopard,140,696.7274169921875,512.2958984375,0.47533850668774086
Leopard,141,742.531494140625,532.7647094726562,0.4042701944369442
Leopard,142,709.8689575195312,504.0415954589844,0.47811721305508864
Leopard,143,775.7686767578125,538.3757934570312,0.43088918136936066
Leopard,144,384.9265441894531,362.747314453125,0.6150406975005759
Leopard,145,338.11993408203125,333.8894348144531,0.6270126330835532
Leopard,146,326.3047180175781,317.4308166503906,0.6133322016744684
Leopard,147,354.5168151855469,349.3937683105469,0.6138795540114318
Leopard,148,1077.052734375,871.7389526367188,0.39349451124937485
Leopard,149,1087.831787109375,912.25439453125,0.41513299118575414
Leopard,150,1069.5797119140625,900.1648559570312,0.40244836994807315
Leopard,151,1129.7557373046875,973.687255859375,0.4063072969238367
Leopard,152,370.2746887207031,251.51870727539062,0.5145095042172754
Leopard,153,397.1409912109375,260.79998779296875,0.45273766130547544
Leopard,154,381.4998474121094,254.7348175048828,0.45812862732432585
Leopard,155,360.6969909667969,250.71575927734375,0.4595974523267121
Leopard,156,351.66302490234375,232.6577606201172,0.4748947200624245
Leopard,157,333.06488037109375,212.32521057128906,0.5490993206614362
Leopard,158,323.0443420410156,201.27737426757812,0.4778162714838546
Leopard,159,344.50152587890625,220.603271484375,0.5489423112129318
Leopard,160,2723.740234375,2079.89892578125,0.2946349715153679
Leopard,161,2768.9208984375,2052.083251953125,0.23818422896640581
Leopard,162,2561.519775390625,1951.869140625,0.2682184107167445
Leopard,163,2624.498291015625,1964.38134765625,0.2018786630700534
Leopard,164,2006.0257568359375,1790.0260009765625,0.4194170580748987
Leopard,165,2108.53515625,1890.4119873046875,0.43753352291043096
Leopard,166,2141.337890625,1860.9033203125,0.391913859752945
Leopard,167,2000.32373046875,1839.800048828125,0.43898800532749727
Leopard,168,270839.3125,198566.15625,0.06456899764562768
Leopard,169,274342.5625,203646.65625,0.06026638864305772
Leopard,170,288982.625,205613.6875,0.06256950279684526
Leopard,171,283130.28125,208769.921875,0.0728025175443815
Leopard,172,8800.3017578125,8073.185546875,0.18897711390845004
Leopard,173,9308.109375,8590.2734375,0.24082351615305278
Leopard,174,9721.4150390625,8709.591796875,0.1836038461504408
Leopard,175,9435.5234375,9171.4638671875,0.22086660515355327
Leopard,176,482.5174255371094,320.7675476074219,0.531781271962005
Leopard,177,468.7509765625,302.726806640625,0.5349254053364525
Leopard,178,464.88726806640625,308.372314453125,0.6028811036126717
Leopard,179,434.4768981933594,274.1617736816406,0.6268436618603481
Leopard,180,768.2210083007812,588.9774780273438,0.7325529955799072
Leopard,181,802.1224365234375,568.5418701171875,0.6664751784961145
Leopard,182,781.5696411132812,607.9284057617188,0.7221301839091293
Leopard,183,799.263671875,566.7704467773438,0.6768226102544159
Leopard,184,403.8094482421875,267.9342346191406,0.7193898863023872
Leopard,185,433.95050048828125,295.4078369140625,0.7285045365156673
Leopard,186,436.56927490234375,288.8404541015625,0.7221134684365724
Leopard,187,416.6422424316406,272.8753967285156,0.7111530135813194
Leopard,188,352.0723876953125,175.8579559326172,0.30140073234008813
Leopard,189,433.26739501953125,222.2230987548828,0.28391070623373765
Leopard,190,358.04681396484375,186.21726989746094,0.29442948095854243
Leopard,191,378.122314453125,198.6175537109375,0.3529875586246997
Leopard,192,273.17376708984375,188.83584594726562,0.5337576989547654
Leopard,193,275.2443542480469,186.2346954345703,0.5595110132786023
Leopard,194,285.1941223144531,193.33633422851562,0.5352669758393194
Leopard,195,285.6974182128906,195.5193328857422,0.5207880474894959
Leopard,196,1704.9368896484375,928.2587890625,0.4221718128282836
Leopard,197,1757.2998046875,945.5875244140625,0.39708148746705185
Leopard,198,1703.622314453125,937.5745239257812,0.4206409661483161
Leopard,199,1692.9263916015625,947.1119995117188,0.4464237459576823
Leopard,200,494.9455261230469,328.9910583496094,0.5509808913983676
Leopard,201,497.0977783203125,336.1761474609375,0.5517231443590139
Leopard,202,509.2347717285156,327.43060302734375,0.44063556408944776
Leopard,203,507.5589599609375,304.27923583984375,0.4650346239471079
Leopard,204,11967.5546875,10783.76171875,0.1762251371366143
Leopard,205,11244.87890625,10417.916015625,0.18708722738524075
Leopard,206,11548.6240234375,9610.00390625,0.16503252398207843
Leopard,207,12221.55078125,10618.66015625,0.183884863227367
Leopard,208,259912.140625,205114.296875,0.10160894394248124
Leopard,209,243638.75,181965.640625,0.10095468950073187
Leopard,210,239128.578125,182486.078125,0.10211684893730878
Leopard,211,256451.53125,185066.65625,0.07744248337351839
Leopard,212,515.5188598632812,318.4213562011719,0.5746389360388431
Leopard,213,515.1137084960938,330.9616394042969,0.6040880818325446
Leopard,214,502.8262634277344,309.9578552246094,0.5958694251294478
Leopard,215,520.6213989257812,348.0970764160156,0.6360202940357126
Leopard,216,983.2842407226562,769.1810302734375,0.5346707473106509
Leopard,217,968.5177612304688,764.6599731445312,0.5218880022217107
Leopard,218,957.1163940429688,747.684814453125,0.5088441583574385
Leopard,219,967.231689453125,766.6072387695312,0.5515769210050797
Leopard,220,131311.609375,128800.0546875,0.023197117414334893
Leopard,221,124939.90625,122948.5390625,-0.003721793553431097
Leopard,222,129383.1953125,128576.5,0.01508927192401374
Leopard,223,125598.4453125,129785.390625,5.6810086789709235e-05
Leopard,224,2132.250244140625,1565.451416015625,0.6023312405276415
Leopard,225,2036.671630859375,1485.310302734375,0.5584794142882815
Leopard,226,2129.120361328125,1582.5059814453125,0.6395164236014151
Leopard,227,2089.9755859375,1559.680908203125,0.5999392091949252
Leopard,228,713.1030883789062,493.7409973144531,0.6086982398517818
Leopard,229,660.7651977539062,452.3558044433594,0.5703631676963323
Leopard,230,708.5888061523438,489.78692626953125,0.6321445550198491
Leopard,231,680.6557006835938,454.0838928222656,0.5680160038807339
Leopard,232,825.7164916992188,530.1234130859375,0.47956205120336826
Leopard,233,792.6605224609375,508.3019104003906,0.4358944925484304
Leopard,234,780.9946899414062,495.02545166015625,0.43862489845917474
Leopard,235,770.01806640625,495.3804016113281,0.4887214085738381
Leopard,236,1300.9892578125,777.7364501953125,0.28449496937775376
Leopard,237,1285.7008056640625,757.985107421875,0.29954496540935055
Leopard,238,1280.6392822265625,755.28857421875,0.2635241299228309
Leopard,239,1290.510498046875,761.5543823242188,0.28218371599036646
Leopard,240,63.91728210449219,44.888580322265625,0.8599053995712422
Leopard,241,82.53305053710938,57.432579040527344,0.8318839341909626
Leopard,242,74.72422790527344,50.435157775878906,0.8267252364925836
Leopard,243,70.37430572509766,44.55705261230469,0.8720054056019515
Leopard,244,548.8052978515625,312.49591064453125,0.5421287361506901
Leopard,245,505.2068176269531,280.110107421875,0.5392711322172125
Leopard,246,545.780517578125,296.6024475097656,0.5061668980672519
Leopard,247,523.82958984375,292.096435546875,0.5053253686807185
Leopard,248,950.9954833984375,497.32952880859375,0.26476185377705275
Leopard,249,966.4603881835938,540.910888671875,0.36682268223056613
Leopard,250,918.437744140625,496.5779724121094,0.3592778558355461
Leopard,251,967.2193603515625,587.6708374023438,0.42168129725101766
Leopard,252,227.9032745361328,141.2556610107422,0.6981798868961643
Leopard,253,239.7888946533203,145.22842407226562,0.6669237965848454
Leopard,254,243.77862548828125,151.64456176757812,0.6922462723278301
Leopard,255,257.2337341308594,156.95823669433594,0.6936089267518433
Leopard,256,687.3298950195312,441.9865417480469,0.5209964867696988
Leopard,257,699.9955444335938,482.5694274902344,0.6360392421909011
Leopard,258,762.5860595703125,483.46441650390625,0.5589404463462986
Leopard,259,660.053466796875,456.91180419921875,0.5959987418560376
Leopard,260,3392.1181640625,2630.442138671875,0.2652329281472686
Leopard,261,3262.73046875,2412.52392578125,0.26807102878339445
Leopard,262,3293.575927734375,2614.54150390625,0.2880486683375979
Leopard,263,3180.659912109375,2401.206787109375,0.2622843654257638
Leopard,264,305.5260314941406,200.4631805419922,0.7233653929372738
Leopard,265,313.5098571777344,205.65557861328125,0.738474441012341
Leopard,266,317.8048095703125,191.63482666015625,0.7212697052804545
Leopard,267,301.4474792480469,184.02569580078125,0.6971913100088806
Leopard,268,3844.7568359375,3337.750732421875,0.3071764046446822
Leopard,269,3733.527099609375,3187.212890625,0.317865373115065
Leopard,270,3917.630126953125,3270.626953125,0.3222009467098016
Leopard,271,3752.718505859375,3334.20166015625,0.3463388618212785
Leopard,272,2296.171142578125,2035.177001953125,0.1701583742040779
Leopard,273,2429.361083984375,2141.60986328125,0.16897583160836988
Leopard,274,2375.897705078125,1999.849365234375,0.15359461208387712
Leopard,275,2389.951171875,2126.17236328125,0.1734891539329761
Castle Gate,0,649.5938110351562,495.79443359375,0.5343973249113243
Castle Gate,1,635.2802124023438,464.6145324707031,0.5703974081065596
Castle Gate,2,661.6995849609375,485.0791015625,0.5105086259768031
Castle Gate,3,635.9810791015625,481.5729675292969,0.5540443488640162
Castle Gate,4,534.8540649414062,365.1044006347656,0.664305101371532
Castle Gate,5,523.1854858398438,363.36279296875,0.6887221564417692
Castle Gate,6,549.2595825195312,382.9125061035156,0.7208459168437411
Castle Gate,7,519.9303588867188,355.3179016113281,0.6941586506712705
Castle Gate,8,413.97125244140625,308.9517517089844,0.5529833565814171
Castle Gate,9,415.4158630371094,321.11456298828125,0.5870839326624909
Castle Gate,10,444.3114013671875,336.2333984375,0.5827652937575465
Castle Gate,11,406.3596496582031,305.5913391113281,0.5825220467898522
Castle Gate,12,854.3445434570312,586.88916015625,0.5478473483234915
Castle Gate,13,847.2385864257812,581.4585571289062,0.5948028966098805
Castle Gate,14,900.3936157226562,617.2927856445312,0.5556716262645958
Castle Gate,15,821.68017578125,583.6290283203125,0.5733399749526855
Castle Gate,16,1238.1072998046875,962.0804443359375,0.37650210176828236
Castle Gate,17,1249.9525146484375,949.7080688476562,0.37902009121279934
Castle Gate,18,1263.558349609375,956.8157348632812,0.36145795545855525
Castle Gate,19,1259.63818359375,948.6975708007812,0.3578918715900679
Castle Gate,20,3513.81005859375,2079.38916015625,0.25181447049786954
Castle Gate,21,3588.29150390625,2152.701416015625,0.2767681673428901
Castle Gate,22,3540.324951171875,2140.361328125,0.2730189793689408
Castle Gate,23,3651.959716796875,2174.689208984375,0.3186013254975469
Castle Gate,24,480.00299072265625,293.2329406738281,0.5821616515349254
Castle Gate,25,476.486572265625,299.74041748046875,0.6160588889858787
Castle Gate,26,466.3698425292969,306.1264953613281,0.5960156284807201
Castle Gate,27,492.1572570800781,313.5172119140625,0.6178024523264458
Castle Gate,28,418.7099304199219,302.3425598144531,0.5913382226805105
Castle Gate,29,409.3963623046875,287.8902893066406,0.5578307038570502
Castle Gate,30,413.3752746582031,300.2459716796875,0.6061783554603826
Castle Gate,31,428.3923645019531,304.3772888183594,0.5899862484386378
Castle Gate,32,686.0070190429688,504.2671203613281,0.44508051777817026
Castle Gate,33,685.0892944335938,511.6012878417969,0.4728541013504521
Castle Gate,34,702.7643432617188,510.5454406738281,0.42949961594846797
Castle Gate,35,678.753173828125,485.4107666015625,0.4344816307424159
Castle Gate,36,2897.2607421875,2249.805419921875,0.23316363223410608
Castle Gate,37,2947.22607421875,2334.133056640625,0.2649070389705315
Castle Gate,38,2856.256103515625,2250.680908203125,0.24597358763974686
Castle Gate,39,2867.25341796875,2231.21630859375,0.257043131299784
Castle Gate,40,323.3193054199219,195.27203369140625,0.6060092540168095
Castle Gate,41,330.35748291015625,206.1491241455078,0.6097420667432738
Castle Gate,42,329.57977294921875,201.1211395263672,0.6518909485305092
Castle Gate,43,320.5158386230469,196.54617309570312,0.613033790211267
Castle Gate,44,301.6466979980469,214.7290496826172,0.5902372639160355
Castle Gate,45,297.26458740234375,209.31822204589844,0.5796341442052504
Castle Gate,46,301.6952819824219,208.43621826171875,0.6035052588173545
Castle Gate,47,304.20928955078125,213.11581420898438,0.5587824815001365
Castle Gate,48,1571.9945068359375,1377.7215576171875,0.3886570467636532
Castle Gate,49,1589.38427734375,1402.015625,0.35152303978525035
Castle Gate,50,1542.640380859375,1386.913818359375,0.3942902811545558
Castle Gate,51,1569.477783203125,1385.2412109375,0.3642523366264319
Castle Gate,52,684.0646362304688,498.50836181640625,0.49958600128526853
Castle Gate,53,751.6267700195312,558.4122924804688,0.5568777788552444
Castle Gate,54,660.0364379882812,476.82879638671875,0.5323518399953138
Castle Gate,55,698.2200927734375,524.1915283203125,0.530826906574848
Castle Gate,56,966.3600463867188,556.433837890625,0.3133608730813135
Castle Gate,57,1013.5177612304688,590.521484375,0.3409071682391575
Castle Gate,58,981.3745727539062,581.6032104492188,0.34677218232987383
Castle Gate,59,965.0865478515625,559.9248046875,0.3237433315436366
Castle Gate,60,438.9997253417969,319.45501708984375,0.49597730447137445
Castle Gate,61,460.0186462402344,330.0036315917969,0.5305813290441241
Castle Gate,62,450.7325744628906,327.2462158203125,0.5295277352371637
Castle Gate,63,444.0181884765625,326.149169921875,0.5117323269273271
Castle Gate,64,405.60894775390625,288.45159912109375,0.6908336952796552
Castle Gate,65,391.3982849121094,278.36798095703125,0.6314429787138729
Castle Gate,66,381.78369140625,263.0113830566406,0.6953780929246148
Castle Gate,67,370.1044921875,264.36517333984375,0.6946557769638994
Castle Gate,68,5735.44580078125,4872.65869140625,0.3158881797408827
Castle Gate,69,5723.8818359375,4865.98681640625,0.32020021692185924
Castle Gate,70,5763.86376953125,4809.2587890625,0.33215654241581627
Castle Gate,71,5623.2265625,4725.46728515625,0.31724791655153095
Castle Gate,72,844.7953491210938,648.9183349609375,0.47925176708493766
Castle Gate,73,820.9069213867188,637.274169921875,0.486557084143864
Castle Gate,74,821.8988647460938,632.943603515625,0.4290997149327696
Castle Gate,75,804.89599609375,629.146484375,0.49065857378467936
Castle Gate,76,627.0559692382812,460.33160400390625,0.6528279556159099
Castle Gate,77,650.9869995117188,478.320068359375,0.6356139936417844
Castle Gate,78,608.9990844726562,445.9891662597656,0.6481306540022324
Castle Gate,79,630.452880859375,467.063720703125,0.6163987032234611
Castle Gate,80,1397.7755126953125,965.6503295898438,0.25063316038726574
Castle Gate,81,1501.6571044921875,997.4354248046875,0.1899576348128525
Castle Gate,82,1441.7740478515625,987.0723876953125,0.21548205167742043
Castle Gate,83,1484.7408447265625,951.9547729492188,0.15997784513279745
Castle Gate,84,116.94025421142578,58.25408172607422,0.8637385023249466
Castle Gate,85,129.48048400878906,66.62602996826172,0.8781378866587869
Castle Gate,86,124.28215789794922,66.11590576171875,0.8685486090264901
Castle Gate,87,128.5382080078125,63.660484313964844,0.8264677044228662
Castle Gate,88,293.7769775390625,208.56126403808594,0.5643941324447316
Castle Gate,89,298.6536560058594,218.2332763671875,0.5337377194214692
Castle Gate,90,291.6949157714844,212.9041290283203,0.5834384099576149
Castle Gate,91,288.99395751953125,204.59681701660156,0.531764518459905
Castle Gate,92,1167.043212890625,870.9674072265625,0.3567890066816736
Castle Gate,93,1144.374755859375,898.2992553710938,0.39627557274531305
Castle Gate,94,1116.21826171875,835.12255859375,0.37930758644181545
Castle Gate,95,1119.7861328125,862.4803466796875,0.3790332132927908
Castle Gate,96,912.0635375976562,691.3308715820312,0.44148549236913937
Castle Gate,97,917.1903076171875,714.3447265625,0.4394497297026314
Castle Gate,98,896.167236328125,680.1277465820312,0.3813555139282128
Castle Gate,99,899.1492919921875,707.8030395507812,0.45430921871191843
Castle Gate,100,633.9053955078125,356.5281677246094,0.4565997518311297
Castle Gate,101,636.4547119140625,360.83868408203125,0.44753533295635256
Castle Gate,102,625.041748046875,348.96484375,0.4454958754853222
Castle Gate,103,632.7064208984375,351.90557861328125,0.44609994750752524
Castle Gate,104,612.1134643554688,435.6980285644531,0.5922100895546469
Castle Gate,105,612.9547119140625,435.3540954589844,0.6092921754638428
Castle Gate,106,599.4561157226562,427.4701843261719,0.5989995137770413
Castle Gate,107,619.3284912109375,439.7012939453125,0.6093183973916148
Castle Gate,108,783.6441040039062,603.34375,0.38463966454842646
Castle Gate,109,777.875,588.2439575195312,0.3862987688933314
Castle Gate,110,764.067138671875,598.1190185546875,0.3910206278524325
Castle Gate,111,820.9489135742188,618.7258911132812,0.39075196976145904
Castle Gate,112,2278.271484375,1210.1927490234375,0.20057733370648295
Castle Gate,113,2296.0146484375,1215.2247314453125,0.1770857237980898
Castle Gate,114,2219.685546875,1218.4002685546875,0.19357000117167852
Castle Gate,115,2300.3212890625,1268.1961669921875,0.17061248437185902
Castle Gate,116,544.611328125,376.98095703125,0.4979785521447073
Castle Gate,117,547.161376953125,372.5345764160156,0.4924458659492579
Castle Gate,118,526.729248046875,360.6550598144531,0.4794586684828085
Castle Gate,119,549.0868530273438,369.68292236328125,0.49113884179623357
Castle Gate,120,651.6112670898438,382.11993408203125,0.5468396632499479
Castle Gate,121,633.1763305664062,364.7196960449219,0.523331717079078
Castle Gate,122,630.3993530273438,350.5767822265625,0.4803575410944601
Castle Gate,123,644.87060546875,358.5866394042969,0.4928422068438301
Castle Gate,124,812.3224487304688,601.8336181640625,0.43977841152499086
Castle Gate,125,799.5787353515625,595.708740234375,0.436187473275109
Castle Gate,126,806.8658447265625,590.310302734375,0.4225747886215281
Castle Gate,127,782.0462036132812,570.5467529296875,0.4321724256388022
Castle Gate,128,1732.38232421875,1215.3546142578125,0.35045325956987744
Castle Gate,129,1609.4632568359375,1172.873046875,0.40860779173736445
Castle Gate,130,1684.1983642578125,1192.26416015625,0.35385238351802906
Castle Gate,131,1641.07763671875,1216.6717529296875,0.4112339333854908
Castle Gate,132,1153.1583251953125,913.6622314453125,0.5387731082413716
Castle Gate,133,1159.197021484375,894.8429565429688,0.5259780459086205
Castle Gate,134,1165.95458984375,897.507080078125,0.521957289758001
Castle Gate,135,1178.7449951171875,914.2853393554688,0.5303736755433868
Castle Gate,136,365.5469970703125,251.2283935546875,0.7644384907433366
Castle Gate,137,383.059814453125,248.27288818359375,0.7645385540183932
Castle Gate,138,358.8843994140625,242.45626831054688,0.7464924428747015
Castle Gate,139,376.7646484375,252.4136505126953,0.7289943522616055
Castle Gate,140,956.929443359375,847.2572021484375,0.44399782417265327
Castle Gate,141,987.24462890625,860.4339599609375,0.3693458931489547
Castle Gate,142,947.929931640625,803.7759399414062,0.48580835964154134
Castle Gate,143,957.1132202148438,850.2969970703125,0.46083560934946083
Castle Gate,144,463.9133605957031,325.08746337890625,0.6438213347829741
Castle Gate,145,471.41632080078125,324.3026428222656,0.6255476236708511
Castle Gate,146,455.9700012207031,314.12042236328125,0.637184399366937
Castle Gate,147,450.96502685546875,312.7520446777344,0.6234892955903295
Castle Gate,148,1649.506591796875,1314.6956787109375,0.31349778586086496
Castle Gate,149,1674.7547607421875,1320.3912353515625,0.31751921307406816
Castle Gate,150,1625.0181884765625,1294.19287109375,0.27557592547992216
Castle Gate,151,1696.8304443359375,1366.6722412109375,0.3182133532102543
Castle Gate,152,659.5223999023438,439.2159423828125,0.5605171036100218
Castle Gate,153,638.6691284179688,427.7170715332031,0.5813772542358907
Castle Gate,154,632.6264038085938,414.1355895996094,0.5646903016894979
Castle Gate,155,613.0762939453125,410.9305114746094,0.5650881863152671
Castle Gate,156,803.8268432617188,600.773681640625,0.5386899330464765
Castle Gate,157,825.3190307617188,620.6641235351562,0.4693512002248027
Castle Gate,158,819.9755859375,617.218505859375,0.5358795669896076
Castle Gate,159,777.1177978515625,600.3292846679688,0.5499466366600606
Castle Gate,160,90.67789459228516,46.631656646728516,0.8723496356425148
Castle Gate,161,90.54827117919922,50.666221618652344,0.8606208906916439
Castle Gate,162,88.51776885986328,46.72411346435547,0.8605647267299117
Castle Gate,163,89.9221420288086,46.58449172973633,0.834856820261516
Castle Gate,164,206.8656768798828,131.44248962402344,0.7956967049466226
Castle Gate,165,205.41995239257812,126.99726867675781,0.807351287071652
Castle Gate,166,208.39334106445312,128.86598205566406,0.7745817257117588
Castle Gate,167,198.8216094970703,122.2802734375,0.8009206689021299
Castle Gate,168,1395.7236328125,1105.0523681640625,0.4065720099811029
Castle Gate,169,1442.3994140625,1103.45751953125,0.41312267001065994
Castle Gate,170,1387.8857421875,1073.3480224609375,0.42577831040381503
Castle Gate,171,1471.345458984375,1141.9879150390625,0.4195176761137053
Castle Gate,172,231.1398162841797,146.73548889160156,0.7588654795985608
Castle Gate,173,217.1829376220703,137.9558563232422,0.7734462849173787
Castle Gate,174,233.31089782714844,148.6352081298828,0.7779008227469136
Castle Gate,175,212.31312561035156,136.01023864746094,0.7509712026158306
Castle Gate,176,284.4482727050781,181.2584686279297,0.5894420950538894
Castle Gate,177,307.035400390625,190.76165771484375,0.6117168907008826
Castle Gate,178,292.01031494140625,182.62957763671875,0.5847125696714133
Castle Gate,179,287.29388427734375,184.8749542236328,0.6153801263867948
Castle Gate,180,287.1218566894531,193.06858825683594,0.80394871702644
Castle Gate,181,295.7524719238281,204.6432342529297,0.8179623358152937
Castle Gate,182,296.640625,200.86924743652344,0.8364458662278222
Castle Gate,183,292.910888671875,205.23219299316406,0.8171708461986595
Castle Gate,184,637.7210083007812,476.9004821777344,0.541584066649941
Castle Gate,185,642.4620361328125,471.3799743652344,0.5293145657268035
Castle Gate,186,646.8280029296875,484.9827575683594,0.5473255626505815
Castle Gate,187,653.3191528320312,476.27813720703125,0.5336661051782896
Castle Gate,188,610.2216186523438,414.9100036621094,0.4769570325016376
Castle Gate,189,632.8250732421875,434.9915771484375,0.47681215777477737
Castle Gate,190,616.7667236328125,418.3923645019531,0.46862538220829764
Castle Gate,191,635.6507568359375,430.6042785644531,0.4571128726126597
Castle Gate,192,735.466796875,499.0858154296875,0.4874551754301573
Castle Gate,193,713.0030517578125,461.32647705078125,0.4244152411484341
Castle Gate,194,685.4093627929688,455.9449462890625,0.49005051967722374
Castle Gate,195,678.5054931640625,453.735595703125,0.5160675500519398
Castle Gate,196,320.6543884277344,215.1318359375,0.6954948191192807
Castle Gate,197,313.46343994140625,206.14208984375,0.6869985676215944
Castle Gate,198,319.3954162597656,210.41465759277344,0.6731619219512862
Castle Gate,199,314.36651611328125,207.5153350830078,0.683095999552388
Castle Gate,200,934.2876586914062,537.1614379882812,0.4317693155063045
Castle Gate,201,920.0035400390625,510.7689208984375,0.4014320453489529
Castle Gate,202,979.483642578125,558.1522827148438,0.4150055858920097
Castle Gate,203,964.2937622070312,536.4850463867188,0.37939804352109663
Castle Gate,204,457.74169921875,308.7491760253906,0.6158964563990921
Castle Gate,205,495.5278625488281,331.901123046875,0.5552095088781284
Castle Gate,206,460.64874267578125,310.5065002441406,0.5979499558323493
Castle Gate,207,462.4787292480469,315.0171813964844,0.5684555300704458
Castle Gate,208,816.4281616210938,520.4638061523438,0.5605649295509035
Castle Gate,209,857.3352661132812,558.4028930664062,0.5225820040143581
Castle Gate,210,818.1323852539062,517.9993286132812,0.5344567992595745
Castle Gate,211,817.694091796875,528.7562866210938,0.5348718497169952
Castle Gate,212,1434.6444091796875,1007.5886840820312,0.3044022619342501
Castle Gate,213,1398.8441162109375,962.0281372070312,0.27164286525447534
Castle Gate,214,1549.8978271484375,1044.3154296875,0.27278283027876443
Castle Gate,215,1469.6759033203125,1007.2477416992188,0.2762759596039711
Castle Gate,216,400.4176940917969,286.4169006347656,0.6415964518382007
Castle Gate,217,403.2055358886719,281.11181640625,0.6103312566850573
Castle Gate,218,400.5257568359375,296.3082580566406,0.6510052847495764
Castle Gate,219,421.2636413574219,294.212646484375,0.6782091187746504
Castle Gate,220,254.99888610839844,157.2265167236328,0.7579361688479539
Castle Gate,221,270.28857421875,161.25123596191406,0.7598049478525216
Castle Gate,222,265.66021728515625,164.74253845214844,0.7798591839099595
Castle Gate,223,255.54310607910156,156.21768188476562,0.7773791607559536
Castle Gate,224,334.8813171386719,233.18991088867188,0.6387942631340606
Castle Gate,225,356.67034912109375,251.7559051513672,0.671538288463182
Castle Gate,226,315.4539794921875,220.9576873779297,0.6708450325685793
Castle Gate,227,339.7462463378906,240.56256103515625,0.6671329756542097
Castle Gate,228,100.8687515258789,69.871826171875,0.8368273651835837
Castle Gate,229,105.09149932861328,72.38301849365234,0.8333515030665112
Castle Gate,230,103.48422241210938,72.1026611328125,0.8307193372584415
Castle Gate,231,105.23930358886719,72.62156677246094,0.8381476732226152
Castle Gate,232,658.1593627929688,452.6722106933594,0.49153900340014384
Castle Gate,233,653.3223876953125,452.798583984375,0.5156858457173568
Castle Gate,234,656.9052124023438,454.9205017089844,0.5121333860007651
Castle Gate,235,655.2669067382812,453.7189025878906,0.517145624754596
Castle Gate,236,296.0198669433594,190.54315185546875,0.7147960503954496
Castle Gate,237,283.1277160644531,183.75254821777344,0.7367809438802531
Castle Gate,238,291.7499084472656,187.40029907226562,0.7284527713595924
Castle Gate,239,284.8564453125,183.3523406982422,0.7439825762352068
Castle Gate,240,690.5480346679688,366.8625183105469,0.3649722298521299
Castle Gate,241,726.0623779296875,382.8623352050781,0.404603521258339
Castle Gate,242,677.9837036132812,380.75677490234375,0.4288810276480059
Castle Gate,243,752.6458740234375,425.00067138671875,0.42917222103968755
Castle Gate,244,670.8452758789062,478.3945617675781,0.37677279745463704
Castle Gate,245,665.248291015625,448.6491394042969,0.3553932970612569
Castle Gate,246,658.1411743164062,460.85235595703125,0.3725793172422398
Castle Gate,247,626.805908203125,437.5750732421875,0.37449410473107014
Castle Gate,248,399.66949462890625,280.67236328125,0.5727826457162879
Castle Gate,249,413.3525390625,277.1114807128906,0.5301446509499503
Castle Gate,250,398.40185546875,276.3059387207031,0.5835709171504414
Castle Gate,251,420.5792541503906,287.1372985839844,0.5783658771313873
Castle Gate,252,429.1295471191406,304.52484130859375,0.713350454343154
Castle Gate,253,417.15203857421875,280.8946533203125,0.6995633172413757
Castle Gate,254,431.0567932128906,315.3703918457031,0.7088421058608045
Castle Gate,255,423.97857666015625,290.6455383300781,0.728422583875724
Castle Gate,256,1117.5634765625,663.0988159179688,0.2007655704734573
Castle Gate,257,1167.566650390625,667.2388916015625,0.14723898456942397
Castle Gate,258,1130.735107421875,702.593505859375,0.21683220408820278
Castle Gate,259,1126.737548828125,673.5225219726562,0.21131030680834456
Castle Gate,260,151.54383850097656,111.46659851074219,0.7929448873292443
Castle Gate,261,155.68124389648438,111.13064575195312,0.7954160648695451
Castle Gate,262,156.6914825439453,114.13898468017578,0.7959383056767213
Castle Gate,263,153.57150268554688,110.62255096435547,0.7990518294878666
Castle Gate,264,614.5352172851562,374.00152587890625,0.5704335453974891
Castle Gate,265,620.2709350585938,387.96307373046875,0.6158794210107107
Castle Gate,266,615.7235107421875,373.654296875,0.5583333706054389
Castle Gate,267,610.7446899414062,369.624755859375,0.5647219341625654
Castle Gate,268,907.4088134765625,647.7648315429688,0.468307579308732
Castle Gate,269,908.2045288085938,653.126953125,0.4594350978833212
Castle Gate,270,944.79638671875,680.6340942382812,0.48471854417509935
Castle Gate,271,881.8005981445312,639.1155395507812,0.4474665466312779
Castle Gate,272,232.76953125,135.92897033691406,0.6269959274329102
Castle Gate,273,249.2764434814453,150.4344024658203,0.5576670831659291
Castle Gate,274,241.16270446777344,143.16188049316406,0.6629455952994274
Castle Gate,275,221.385009765625,131.47195434570312,0.5568544626014295
Castle Gate,276,402.39404296875,293.83099365234375,0.6985361752131368
Castle Gate,277,415.1329345703125,308.41558837890625,0.7100850557636027
Castle Gate,278,415.0962219238281,302.1858825683594,0.7136268128897786
Castle Gate,279,392.3050537109375,283.6499328613281,0.711472907363665
Castle Gate,280,296.8449401855469,210.18161010742188,0.6821589335429601
Castle Gate,281,310.4692077636719,206.98358154296875,0.6951322194304105
Castle Gate,282,295.8605651855469,194.97496032714844,0.6916746806778298
Castle Gate,283,292.7633972167969,189.3193359375,0.7033883751389233
Berea Upper Gray,0,991.9005737304688,591.7750854492188,0.2718419573511198
Berea Upper Gray,1,942.4708251953125,572.3605346679688,0.25502742895707703
Berea Upper Gray,2,975.41259765625,582.35107421875,0.25653398803895233
Berea Upper Gray,3,935.7137451171875,591.478271484375,0.27556316671395364
Berea Upper Gray,4,640.715576171875,448.51312255859375,0.6276794186321518
Berea Upper Gray,5,618.902099609375,438.2528991699219,0.6247761045935983
Berea Upper Gray,6,630.0531616210938,456.3205871582031,0.6521131666586546
Berea Upper Gray,7,625.4037475585938,453.96826171875,0.626044377915509
Berea Upper Gray,8,773.3546142578125,541.186279296875,0.5673325430363602
Berea Upper Gray,9,804.711181640625,566.6289672851562,0.5673701171896809
Berea Upper Gray,10,822.146240234375,578.2870483398438,0.6048692413375198
Berea Upper Gray,11,829.7592163085938,581.8041381835938,0.568897356776204
Berea Upper Gray,12,739.1099243164062,516.4192504882812,0.5365527370537447
Berea Upper Gray,13,736.6737060546875,507.3345031738281,0.47408205960493144
Berea Upper Gray,14,740.6497192382812,508.28253173828125,0.534654763135499
Berea Upper Gray,15,726.8828735351562,499.6353759765625,0.5051253173790227
Berea Upper Gray,16,1380.740966796875,985.3557739257812,0.37345011841399856
Berea Upper Gray,17,1354.1314697265625,958.8856811523438,0.3695043045334356
Berea Upper Gray,18,1325.0050048828125,975.4186401367188,0.3271136440959609
Berea Upper Gray,19,1291.4241943359375,971.0087280273438,0.3754864040521499
Berea Upper Gray,20,1877.5794677734375,1158.1123046875,0.19279181603284565
Berea Upper Gray,21,1849.16357421875,1168.659912109375,0.19769370418946092
Berea Upper Gray,22,1911.3782958984375,1228.4149169921875,0.2107908220966564
Berea Upper Gray,23,1867.87744140625,1175.5496826171875,0.2260401111890347
Berea Upper Gray,24,309.1051940917969,153.27040100097656,0.5914222655573041
Berea Upper Gray,25,318.64300537109375,160.39987182617188,0.5842785686652804
Berea Upper Gray,26,296.2691650390625,149.28439331054688,0.6126199153075604
Berea Upper Gray,27,305.8016357421875,145.72450256347656,0.5526694856661398
Berea Upper Gray,28,338.2754211425781,250.576416015625,0.6121098713281855
Berea Upper Gray,29,325.6596984863281,240.4919891357422,0.6146954266031786
Berea Upper Gray,30,332.172119140625,243.2983856201172,0.6364999093440885
Berea Upper Gray,31,333.5397644042969,240.6521759033203,0.6358717898622293
Berea Upper Gray,32,659.5477294921875,470.37799072265625,0.5195074705954864
Berea Upper Gray,33,700.2737426757812,514.9254760742188,0.5347740067572437
Berea Upper Gray,34,670.2044677734375,483.2141418457031,0.5219585678796453
Berea Upper Gray,35,696.97314453125,513.1674194335938,0.54073682223151
Berea Upper Gray,36,2011.8887939453125,1357.580078125,0.37398311260227934
Berea Upper Gray,37,2013.7362060546875,1326.4957275390625,0.36684589011647545
Berea Upper Gray,38,2001.680419921875,1320.2899169921875,0.3530492608621974
Berea Upper Gray,39,1984.156982421875,1284.443359375,0.31514049376404774
Berea Upper Gray,40,809.2606201171875,474.3874816894531,0.303640841850192
Berea Upper Gray,41,761.7045288085938,456.12603759765625,0.3170566319193979
Berea Upper Gray,42,808.45947265625,486.1438293457031,0.33376234284163153
Berea Upper Gray,43,778.041015625,466.77801513671875,0.32440013468413187
Berea Upper Gray,44,3882.132568359375,2535.440673828125,0.18184112408259984
Berea Upper Gray,45,3738.518798828125,2563.994140625,0.19424698607673624
Berea Upper Gray,46,3874.44580078125,2554.12158203125,0.19424767303564788
Berea Upper Gray,47,3794.534423828125,2494.44189453125,0.20147020732077844
Berea Upper Gray,48,773.2037353515625,566.8218994140625,0.5395805126448592
Berea Upper Gray,49,760.2467041015625,557.70556640625,0.5420650555646502
Berea Upper Gray,50,752.4186401367188,563.6923828125,0.5419023381003322
Berea Upper Gray,51,769.6392822265625,561.9285888671875,0.544492483417444
Berea Upper Gray,52,593.1074829101562,341.29229736328125,0.4709144071343425
Berea Upper Gray,53,565.4492797851562,352.697509765625,0.590115850618394
Berea Upper Gray,54,588.8077392578125,346.2836608886719,0.5193872157469376
Berea Upper Gray,55,565.718994140625,342.1259460449219,0.5300964908061044
Berea Upper Gray,56,946.1063232421875,586.3860473632812,0.46946412465299886
Berea Upper Gray,57,939.5162353515625,582.6974487304688,0.4853973286025535
Berea Upper Gray,58,945.6290283203125,578.0629272460938,0.4547462979460951
Berea Upper Gray,59,957.8807983398438,601.4353637695312,0.5078664748674189
Berea Upper Gray,60,659.09326171875,452.32171630859375,0.38607244630710635
Berea Upper Gray,61,659.9967041015625,454.66937255859375,0.402518171997375
Berea Upper Gray,62,644.986328125,446.1800537109375,0.3981701056430612
Berea Upper Gray,63,656.8296508789062,443.0933532714844,0.37919316634100914
Berea Upper Gray,64,897.1514282226562,635.1015625,0.6637320611069819
Berea Upper Gray,65,919.0435791015625,650.7689208984375,0.6749814865501842
Berea Upper Gray,66,940.7811279296875,663.4939575195312,0.6673815196366311
Berea Upper Gray,67,893.4038696289062,626.14697265625,0.6704911892400649
Berea Upper Gray,68,6909.51220703125,3681.87060546875,0.19112269334419332
Berea Upper Gray,69,6358.4921875,3477.026611328125,0.1613208006178218
Berea Upper Gray,70,6728.048828125,3580.63037109375,0.1560829400441915
Berea Upper Gray,71,6642.45947265625,3589.7705078125,0.17648900099311682
Berea Upper Gray,72,1600.504150390625,1004.4193115234375,0.32362646397676936
Berea Upper Gray,73,1626.4952392578125,997.0031127929688,0.32147321775712356
Berea Upper Gray,74,1670.8592529296875,1055.0726318359375,0.3487476752677651
Berea Upper Gray,75,1645.5447998046875,1036.148681640625,0.3567990380150687
Berea Upper Gray,76,5132.609375,3295.81982421875,0.14549642256817222
Berea Upper Gray,77,4968.28271484375,3141.535888671875,0.126635223922323
Berea Upper Gray,78,4932.29052734375,3166.2607421875,0.15124242992074644
Berea Upper Gray,79,5065.271484375,3220.655029296875,0.13121838991957713
Berea Upper Gray,80,3357.155029296875,2098.93359375,0.219821966400581
Berea Upper Gray,81,3341.997314453125,2086.9150390625,0.22353962900183963
Berea Upper Gray,82,3283.6083984375,2044.8245849609375,0.2169331947173669
Berea Upper Gray,83,3303.101318359375,2041.3345947265625,0.19231533243571824
Berea Upper Gray,84,596.68017578125,414.2599792480469,0.6623654270651905
Berea Upper Gray,85,572.2536010742188,391.6556396484375,0.6623610576492548
Berea Upper Gray,86,583.8169555664062,396.8950500488281,0.6551809629080002
Berea Upper Gray,87,587.9348754882812,402.0841064453125,0.6817451811493085
Berea Upper Gray,88,542.6123046875,371.10498046875,0.5520313529495783
Berea Upper Gray,89,554.4716186523438,381.76116943359375,0.5516705871847323
Berea Upper Gray,90,555.1236572265625,371.9587097167969,0.5155886754802509
Berea Upper Gray,91,548.5665283203125,380.5737609863281,0.5502296612282264
Berea Upper Gray,92,329.939697265625,201.41058349609375,0.5594281541066346
Berea Upper Gray,93,333.9200439453125,194.73036193847656,0.5372513186211174
Berea Upper Gray,94,345.5189514160156,206.2439727783203,0.5146833967983793
Berea Upper Gray,95,322.320556640625,188.32981872558594,0.5454502886920883
Berea Upper Gray,96,595.4430541992188,390.78070068359375,0.5855983858161118
Berea Upper Gray,97,600.1248168945312,395.2523193359375,0.554082768759087
Berea Upper Gray,98,602.8903198242188,390.6787109375,0.5761252840904612
Berea Upper Gray,99,581.8678588867188,399.45050048828125,0.5730203231524555
Berea Upper Gray,100,14236.916015625,10714.529296875,0.15961640669597554
Berea Upper Gray,101,14006.1484375,10358.494140625,0.1474584651169943
Berea Upper Gray,102,14273.9990234375,10517.6767578125,0.16160205539063163
Berea Upper Gray,103,14373.0888671875,10715.5234375,0.1335421072246151
Berea Upper Gray,104,703.62646484375,494.4867858886719,0.5296320182684621
Berea Upper Gray,105,701.3411865234375,484.5159606933594,0.5648597973019434
Berea Upper Gray,106,679.8563232421875,466.2804260253906,0.5152311947998148
Berea Upper Gray,107,713.6804809570312,480.3236999511719,0.5058337864699354
Berea Upper Gray,108,3548.3837890625,2050.314208984375,0.11929275747365381
Berea Upper Gray,109,3500.04296875,2012.350341796875,0.11765672616984729
Berea Upper Gray,110,3369.543212890625,1946.483642578125,0.12172778193281705
Berea Upper Gray,111,3451.04150390625,2031.75927734375,0.14150184461106968
Berea Upper Gray,112,2478.092529296875,1677.308837890625,0.23399608539304215
Berea Upper Gray,113,2473.178466796875,1751.1590576171875,0.26546478516843847
Berea Upper Gray,114,2548.2509765625,1728.8023681640625,0.2519727399813042
Berea Upper Gray,115,2490.0419921875,1630.2169189453125,0.21479867104384184
Berea Upper Gray,116,600.3401489257812,415.404052734375,0.5780777753148678
Berea Upper Gray,117,604.783447265625,421.3526916503906,0.598668670636985
Berea Upper Gray,118,628.13232421875,421.4260559082031,0.5314945556661955
Berea Upper Gray,119,618.6429443359375,424.9061279296875,0.5613543494702
Berea Upper Gray,120,441.10552978515625,328.4084167480469,0.4368270837422694
Berea Upper Gray,121,459.9570617675781,346.7865905761719,0.4155611476809705
Berea Upper Gray,122,462.3850402832031,345.98077392578125,0.4470393038846016
Berea Upper Gray,123,454.29132080078125,356.1049499511719,0.44397044218103093
Berea Upper Gray,124,473.16656494140625,295.883544921875,0.6296386581142251
Berea Upper Gray,125,438.8555603027344,271.738525390625,0.6155336397347593
Berea Upper Gray,126,457.4742736816406,293.1356201171875,0.6570513465615672
Berea Upper Gray,127,442.4931335449219,285.0759582519531,0.6388274516345718
Berea Upper Gray,128,950.82958984375,617.4478759765625,0.3758927370561218
Berea Upper Gray,129,911.8128051757812,596.9277954101562,0.3576744828443011
Berea Upper Gray,130,974.5383911132812,645.6824340820312,0.40624514982789955
Berea Upper Gray,131,923.6825561523438,609.277099609375,0.3813409861621221
Berea Upper Gray,132,293.32867431640625,190.92210388183594,0.6890611743712222
Berea Upper Gray,133,302.63885498046875,200.95513916015625,0.6890419952247957
Berea Upper Gray,134,290.49237060546875,185.81219482421875,0.6910409021894184
Berea Upper Gray,135,305.1651916503906,202.43438720703125,0.6788618388850932
Berea Upper Gray,136,319.2341003417969,215.50228881835938,0.7397596828872958
Berea Upper Gray,137,309.7676696777344,212.0987091064453,0.7332349418128158
Berea Upper Gray,138,327.0815124511719,217.5763702392578,0.7280272463912794
Berea Upper Gray,139,315.8448486328125,215.77291870117188,0.7200927873753157
Berea Upper Gray,140,634.3298950195312,337.85369873046875,0.49269021159710713
Berea Upper Gray,141,654.4246215820312,361.2687072753906,0.5054125657583016
Berea Upper Gray,142,643.30224609375,327.5137939453125,0.4680863146434543
Berea Upper Gray,143,663.3250122070312,346.3069763183594,0.4687464888896988
Berea Upper Gray,144,283.0462951660156,154.08309936523438,0.7485005276203963
Berea Upper Gray,145,284.2853088378906,159.2057647705078,0.7410987527353248
Berea Upper Gray,146,299.7893981933594,166.03038024902344,0.7299620010099683
Berea Upper Gray,147,288.76226806640625,156.47909545898438,0.7356050398894585
Berea Upper Gray,148,845.6327514648438,605.0764770507812,0.47114616117737745
Berea Upper Gray,149,787.6300659179688,586.4473266601562,0.4873298981794452
Berea Upper Gray,150,803.5476684570312,577.521728515625,0.4671703529447429
Berea Upper Gray,151,816.5260620117188,589.8887329101562,0.4583119056457077
Berea Upper Gray,152,26515.775390625,6295.89501953125,-0.005479257196105983
Berea Upper Gray,153,25859.859375,5584.61181640625,-0.01864656877200495
Berea Upper Gray,154,27734.22265625,5831.87646484375,-0.030451880744305344
Berea Upper Gray,155,25974.068359375,4972.05908203125,-0.035023794524479304
Berea Upper Gray,156,13456.29296875,10139.5869140625,0.19888077023050404
Berea Upper Gray,157,13432.4169921875,10250.4248046875,0.2205096216496757
Berea Upper Gray,158,13327.095703125,10295.4208984375,0.21856445253275913
Berea Upper Gray,159,13319.380859375,10504.6513671875,0.19763370074438483
Berea Upper Gray,160,267.84930419921875,201.701416015625,0.7891995228932255
Berea Upper Gray,161,267.37481689453125,193.92129516601562,0.7798914572859785
Berea Upper Gray,162,265.4255676269531,201.60792541503906,0.7688043319072912
Berea Upper Gray,163,266.180419921875,192.948974609375,0.759781453859488
Berea Upper Gray,164,656.0676879882812,368.0045166015625,0.4914301567526075
Berea Upper Gray,165,672.1170043945312,388.6497497558594,0.4951328984376243
Berea Upper Gray,166,673.3825073242188,377.0238952636719,0.483620104639749
Berea Upper Gray,167,705.952392578125,403.1276550292969,0.4969337824896576
Berea Upper Gray,168,2458.22509765625,1562.8583984375,0.2174387834503495
Berea Upper Gray,169,2425.04736328125,1489.98779296875,0.23377773102620578
Berea Upper Gray,170,2435.64892578125,1506.1719970703125,0.21278163136487832
Berea Upper Gray,171,2439.3974609375,1528.238037109375,0.22997468520145556
Berea Upper Gray,172,1304.6275634765625,799.4463500976562,0.3161796418554546
Berea Upper Gray,173,1322.3682861328125,811.1937866210938,0.31034791086900976
Berea Upper Gray,174,1317.5045166015625,810.8350830078125,0.34255824853508804
Berea Upper Gray,175,1300.588134765625,812.427978515625,0.3357090594517007
Berea Upper Gray,176,6248.7294921875,3858.203125,0.15385457474658606
Berea Upper Gray,177,6704.2216796875,4247.66064453125,0.15750484300443726
Berea Upper Gray,178,6345.359375,3964.87353515625,0.16894195935531137
Berea Upper Gray,179,6604.35595703125,4181.38818359375,0.16247051966618392
Berea Upper Gray,180,549.7924194335938,343.8326416015625,0.6490883599446438
Berea Upper Gray,181,537.5853881835938,337.6104431152344,0.6371574630787439
Berea Upper Gray,182,547.7622680664062,334.96722412109375,0.6343859145476924
Berea Upper Gray,183,542.8539428710938,339.09808349609375,0.6347889150996535
Berea Upper Gray,184,1955.2730712890625,1092.8031005859375,0.3265459498480017
Berea Upper Gray,185,1863.1929931640625,1043.9046630859375,0.30735961176774884
Berea Upper Gray,186,1915.9080810546875,1028.909423828125,0.34196184010567826
Berea Upper Gray,187,1986.5867919921875,1042.72216796875,0.2596542441417736
Berea Upper Gray,188,1013.8246459960938,672.5075073242188,0.5533469832282759
Berea Upper Gray,189,1081.58544921875,710.2550048828125,0.5406332149676851
Berea Upper Gray,190,1034.046142578125,684.5582885742188,0.5529811052733148
Berea Upper Gray,191,1081.3314208984375,705.675537109375,0.5425572853415758
Berea Upper Gray,192,1606.1153564453125,876.9141845703125,0.3279799228732796
Berea Upper Gray,193,1572.114501953125,882.4346923828125,0.3306846223709599
Berea Upper Gray,194,1568.8077392578125,833.8848876953125,0.31822640796210416
Berea Upper Gray,195,1573.012451171875,793.1659545898438,0.28142244782430675
Berea Upper Gray,196,907.7890014648438,656.2979736328125,0.4841988412896145
Berea Upper Gray,197,898.6259765625,633.4404296875,0.4296823856113372
Berea Upper Gray,198,895.7882690429688,633.282470703125,0.47232554520198927
Berea Upper Gray,199,909.7579956054688,650.3252563476562,0.4535759896465184
Berea Upper Gray,200,1586.070556640625,1145.9654541015625,0.37175237917763043
Berea Upper Gray,201,1606.5086669921875,1157.07861328125,0.3672257107894363
Berea Upper Gray,202,1596.89794921875,1171.044921875,0.38419330484914327
Berea Upper Gray,203,1579.95751953125,1163.3939208984375,0.42295976160058235
Berea Upper Gray,204,1288.301513671875,680.7029418945312,0.3196471439244921
Berea Upper Gray,205,1280.682861328125,716.3889770507812,0.33104048408305625
Berea Upper Gray,206,1256.67041015625,707.5740966796875,0.3435955282863089
Berea Upper Gray,207,1219.3265380859375,692.0722045898438,0.36592947773269213
Berea Upper Gray,208,2294.24072265625,1925.2684326171875,0.2778569009410506
Berea Upper Gray,209,2289.7998046875,1859.858154296875,0.2625579678775486
Berea Upper Gray,210,2305.370849609375,1750.623291015625,0.18474522430563015
Berea Upper Gray,211,2193.171142578125,1859.0570068359375,0.2705176619910122
Berea Upper Gray,212,8453.794921875,6308.03125,0.18080976427002612
Berea Upper Gray,213,8819.6484375,6817.91748046875,0.19028744172495055
Berea Upper Gray,214,8590.16015625,6641.4130859375,0.19569971248761178
Berea Upper Gray,215,8717.3828125,6823.3857421875,0.17910435956976245
Berea Upper Gray,216,4181.82421875,2041.7421875,0.046493496560023405
Berea Upper Gray,217,4459.31591796875,2184.544921875,0.05672356609986074
Berea Upper Gray,218,3948.384521484375,1893.4638671875,0.056123260605777096
Berea Upper Gray,219,4315.630859375,2243.978271484375,0.08373630162068471
Berea Upper Gray,220,632.0170288085938,469.9707336425781,0.5765417899706289
Berea Upper Gray,221,644.072265625,473.1518859863281,0.5881284756485649
Berea Upper Gray,222,621.4973754882812,452.9307556152344,0.6236756660662102
Berea Upper Gray,223,615.7904663085938,472.04937744140625,0.6089095759042356
Berea Sinter Gray,0,1181.9453125,1024.4552001953125,0.2970217355705504
Berea Sinter Gray,1,1193.3275146484375,1033.7833251953125,0.2784721314827077
Berea Sinter Gray,2,1179.3834228515625,986.0576782226562,0.2569428091694659
Berea Sinter Gray,3,1207.2373046875,1037.2642822265625,0.272745296326679
Berea Sinter Gray,4,3013.274169921875,1986.2982177734375,0.20724592876380046
Berea Sinter Gray,5,2995.027099609375,2043.04150390625,0.24151212433014912
Berea Sinter Gray,6,2945.429931640625,2049.240234375,0.2208530530049682
Berea Sinter Gray,7,3032.565673828125,2052.567626953125,0.23634550554857095
Berea Sinter Gray,8,910.3207397460938,616.9487915039062,0.39206027979927754
Berea Sinter Gray,9,933.587890625,639.6026611328125,0.4365606797242063
Berea Sinter Gray,10,917.3600463867188,610.3919677734375,0.41402309507308627
Berea Sinter Gray,11,946.8842163085938,649.7671508789062,0.4098766378832797
Berea Sinter Gray,12,939.8490600585938,728.6685791015625,0.605217576616809
Berea Sinter Gray,13,957.0069580078125,720.621826171875,0.5808772089475917
Berea Sinter Gray,14,942.209228515625,719.5001220703125,0.5917374571129798
Berea Sinter Gray,15,933.015380859375,686.1586303710938,0.5553670111932686
Berea Sinter Gray,16,1098.8406982421875,850.9060668945312,0.49425648515527165
Berea Sinter Gray,17,1086.2821044921875,841.9566650390625,0.4989322664188876
Berea Sinter Gray,18,1076.4302978515625,825.079833984375,0.504415494812742
Berea Sinter Gray,19,1071.198486328125,845.9613037109375,0.5039099415905871
Berea Sinter Gray,20,1604.0302734375,1318.2978515625,0.5331471090191905
Berea Sinter Gray,21,1594.8643798828125,1320.1651611328125,0.5480702284437785
Berea Sinter Gray,22,1610.681884765625,1382.008544921875,0.4795463333906643
Berea Sinter Gray,23,1694.054931640625,1379.8519287109375,0.4917661438827499
Berea Sinter Gray,24,596.382080078125,397.494873046875,0.6808170070761048
Berea Sinter Gray,25,572.089599609375,385.82086181640625,0.6341926891592267
Berea Sinter Gray,26,583.6343994140625,388.657958984375,0.6297200418769959
Berea Sinter Gray,27,577.2442016601562,392.50213623046875,0.6655398508410898
Berea Sinter Gray,28,853.004150390625,618.7513427734375,0.4070301741883755
Berea Sinter Gray,29,871.0176391601562,651.6978149414062,0.3981150844317669
Berea Sinter Gray,30,875.8472290039062,644.6353149414062,0.3604553498509304
Berea Sinter Gray,31,875.6616821289062,663.8972778320312,0.3759903548034117
Berea Sinter Gray,32,1751.322998046875,1277.77783203125,0.3691581285146465
Berea Sinter Gray,33,1806.1170654296875,1323.8447265625,0.33559073975717196
Berea Sinter Gray,34,1808.6761474609375,1298.0126953125,0.31692270520539445
Berea Sinter Gray,35,1827.8848876953125,1343.2783203125,0.3350698526181733
Berea Sinter Gray,36,4470.09521484375,3843.368896484375,0.3326599391664876
Berea Sinter Gray,37,4263.60888671875,3734.727783203125,0.30422105815438405
Berea Sinter Gray,38,4482.43310546875,3734.24169921875,0.31518763895599716
Berea Sinter Gray,39,4447.68212890625,3840.67041015625,0.3165020863951564
Berea Sinter Gray,40,603.5735473632812,451.65582275390625,0.4524861590015005
Berea Sinter Gray,41,607.9622802734375,451.0267333984375,0.4852285964134561
Berea Sinter Gray,42,616.4246826171875,455.4235534667969,0.46260783178413734
Berea Sinter Gray,43,577.477783203125,431.0090026855469,0.47193803665716116
Berea Sinter Gray,44,1237.0472412109375,890.227783203125,0.4586523565201285
Berea Sinter Gray,45,1235.537841796875,869.646240234375,0.4487403365945477
Berea Sinter Gray,46,1217.739501953125,883.2463989257812,0.477163123585639
Berea Sinter Gray,47,1225.2515869140625,884.0205688476562,0.44707623809349345
Berea Sinter Gray,48,680.736572265625,283.7372741699219,0.42094546276034855
Berea Sinter Gray,49,672.1898193359375,297.3997802734375,0.4407225136508001
Berea Sinter Gray,50,684.2645263671875,300.4202575683594,0.4565138959472047
Berea Sinter Gray,51,670.4260864257812,295.76654052734375,0.4675951074592474
Berea Sinter Gray,52,669.1984252929688,469.12823486328125,0.7346984479705952
Berea Sinter Gray,53,679.1643676757812,473.7602233886719,0.6934368875130992
Berea Sinter Gray,54,661.9794921875,475.3824462890625,0.7107546870790502
Berea Sinter Gray,55,700.5892944335938,496.719970703125,0.6945805784636033
Berea Sinter Gray,56,1082.414794921875,780.1522216796875,0.3460275761925232
Berea Sinter Gray,57,1055.510009765625,745.0639038085938,0.300350357168022
Berea Sinter Gray,58,1096.8875732421875,781.2425537109375,0.3308241701504359
Berea Sinter Gray,59,1057.464599609375,753.0357055664062,0.3349843159450147
Berea Sinter Gray,60,960.1210327148438,575.4703979492188,0.2946164223735216
Berea Sinter Gray,61,942.371337890625,575.8118896484375,0.3104623576649754
Berea Sinter Gray,62,871.64208984375,565.7305908203125,0.34355980827533117
Berea Sinter Gray,63,851.1296997070312,546.7460327148438,0.4043236837527985
Berea Sinter Gray,64,1287.38818359375,1165.9361572265625,0.36119925191091445
Berea Sinter Gray,65,1300.8922119140625,1141.328369140625,0.34440153126341344
Berea Sinter Gray,66,1268.281005859375,1165.1473388671875,0.35613948480763125
Berea Sinter Gray,67,1331.3050537109375,1211.2615966796875,0.3501018420549809
Berea Sinter Gray,68,1307.9346923828125,956.4588012695312,0.47534894383215437
Berea Sinter Gray,69,1266.2647705078125,905.4185180664062,0.4613576294312219
Berea Sinter Gray,70,1259.9801025390625,922.657470703125,0.46422168053515894
Berea Sinter Gray,71,1271.2362060546875,920.4258422851562,0.4754602097337173
Berea Sinter Gray,72,308.0239562988281,157.02769470214844,0.658989593891143
Berea Sinter Gray,73,296.3888244628906,153.70411682128906,0.6435257413165353
Berea Sinter Gray,74,302.20819091796875,167.75088500976562,0.7142805067499173
Berea Sinter Gray,75,302.8869323730469,152.16896057128906,0.6517503805284899
Berea Sinter Gray,76,696.1244506835938,425.64129638671875,0.4965457726566407
Berea Sinter Gray,77,713.1571044921875,447.9484558105469,0.45526791702163993
Berea Sinter Gray,78,692.6774291992188,432.7588195800781,0.4333211376549726
Berea Sinter Gray,79,712.1513671875,451.7381286621094,0.5263067171163611
Berea Sinter Gray,80,944.7979736328125,770.1328735351562,0.5166580146613741
Berea Sinter Gray,81,944.57958984375,767.6185302734375,0.5210885131494982
Berea Sinter Gray,82,986.9013061523438,803.2872314453125,0.5299965097851357
Berea Sinter Gray,83,952.5235595703125,786.7321166992188,0.5280380414135355
Berea Sinter Gray,84,1995.9136962890625,1435.814208984375,0.3178521361390868
Berea Sinter Gray,85,2048.4921875,1395.8990478515625,0.31727211709178815
Berea Sinter Gray,86,2096.502685546875,1486.2308349609375,0.3127388117116799
Berea Sinter Gray,87,2034.99853515625,1418.1756591796875,0.3480325452007588
Berea Sinter Gray,88,415.98785400390625,291.6824951171875,0.7367058364920254
Berea Sinter Gray,89,440.6617431640625,308.4616394042969,0.7393244464136864
Berea Sinter Gray,90,429.2171630859375,298.54437255859375,0.722981235035761
Berea Sinter Gray,91,409.8524475097656,280.2723693847656,0.7422400633918571
Berea Sinter Gray,92,1352.66015625,1024.0252685546875,0.47085409115389587
Berea Sinter Gray,93,1365.126953125,1025.3759765625,0.45466122734834336
Berea Sinter Gray,94,1382.854248046875,1047.5506591796875,0.536514958717955
Berea Sinter Gray,95,1326.73095703125,999.8386840820312,0.4947349172160405
Berea Sinter Gray,96,4939.5517578125,2777.691650390625,0.37034294114303795
Berea Sinter Gray,97,4831.47021484375,2904.74462890625,0.3971926213249262
Berea Sinter Gray,98,4966.97021484375,2764.6689453125,0.34059037544910054
Berea Sinter Gray,99,4703.0400390625,2822.00439453125,0.366444877715943
Berea Sinter Gray,100,1113.951904296875,780.1841430664062,0.3123470114834831
Berea Sinter Gray,101,1094.34521484375,746.4174194335938,0.3053239798430017
Berea Sinter Gray,102,1084.2027587890625,756.2044677734375,0.301943144026963
Berea Sinter Gray,103,1165.421630859375,806.5049438476562,0.31534922406444615
Berea Sinter Gray,104,272.3865051269531,157.1417999267578,0.6798547181740566
Berea Sinter Gray,105,271.21063232421875,154.77197265625,0.6748582601060739
Berea Sinter Gray,106,251.02317810058594,145.86172485351562,0.7111378814070595
Berea Sinter Gray,107,260.09283447265625,150.2540740966797,0.692021029948806
Berea Sinter Gray,108,1186.037841796875,810.5213012695312,0.4060120031893475
Berea Sinter Gray,109,1092.419921875,756.2553100585938,0.45603837773523187
Berea Sinter Gray,110,1168.2808837890625,836.7731323242188,0.46604889475011246
Berea Sinter Gray,111,1167.1922607421875,803.3557739257812,0.44657403357275854
Berea Sinter Gray,112,340.4891662597656,229.97718811035156,0.527050857753363
Berea Sinter Gray,113,345.645263671875,224.0141143798828,0.546710297660028
Berea Sinter Gray,114,341.88031005859375,228.75596618652344,0.5554819404769933
Berea Sinter Gray,115,347.39501953125,224.0642547607422,0.5384559061785655
Berea Sinter Gray,116,1342.4930419921875,846.2195434570312,0.29897340390461336
Berea Sinter Gray,117,1236.7010498046875,781.5186157226562,0.2902585286203554
Berea Sinter Gray,118,1328.87109375,846.7149047851562,0.2861010565550433
Berea Sinter Gray,119,1319.49609375,812.257568359375,0.2866842045624279
Berea Sinter Gray,120,4089.245361328125,3233.7314453125,0.41848513114846597
Berea Sinter Gray,121,3845.011962890625,3048.303955078125,0.4165666257442437
Berea Sinter Gray,122,4032.36767578125,3198.249755859375,0.4314706723542908
Berea Sinter Gray,123,4108.76025390625,3225.544677734375,0.42908050267331005
Berea Sinter Gray,124,10684.6201171875,7661.5732421875,0.1490382974609374
Berea Sinter Gray,125,10543.1708984375,7514.91552734375,0.1446468774242877
Berea Sinter Gray,126,10504.8447265625,7439.24853515625,0.17480815701692415
Berea Sinter Gray,127,10432.8583984375,7478.86181640625,0.13099035176149076
Berea Sinter Gray,128,433.3546447753906,333.0731201171875,0.7509770282203657
Berea Sinter Gray,129,413.518310546875,303.8372802734375,0.7449415245560862
Berea Sinter Gray,130,432.1492919921875,332.7317810058594,0.7359870678342192
Berea Sinter Gray,131,415.4170837402344,308.8011474609375,0.749238431097548
Berea Sinter Gray,132,592.7369995117188,456.5249328613281,0.6621911676229285
Berea Sinter Gray,133,578.8323974609375,437.3929748535156,0.6771269931488817
Berea Sinter Gray,134,584.8966674804688,458.3172302246094,0.6785625949181793
Berea Sinter Gray,135,571.973388671875,440.60626220703125,0.6791050885432237
Berea Sinter Gray,136,932.7669067382812,636.0023803710938,0.5994134073908416
Berea Sinter Gray,137,971.1724243164062,658.765869140625,0.5504269022235134
Berea Sinter Gray,138,950.2576293945312,622.9680786132812,0.5411739268466996
Berea Sinter Gray,139,920.817138671875,588.3770141601562,0.5153295829273207
Berea Sinter Gray,140,2069.688720703125,1505.389404296875,0.3868477052767597
Berea Sinter Gray,141,2116.72265625,1547.01708984375,0.40873055533921826
Berea Sinter Gray,142,2081.610107421875,1488.5462646484375,0.40251853280636857
Berea Sinter Gray,143,2032.7772216796875,1428.2381591796875,0.3808511537477732
Berea Sinter Gray,144,2610.239501953125,2058.320556640625,0.327496809413293
Berea Sinter Gray,145,2653.9013671875,2203.00341796875,0.36480964320227627
Berea Sinter Gray,146,2705.17919921875,2164.98876953125,0.3167983319256759
Berea Sinter Gray,147,2567.65283203125,2093.350341796875,0.3388051820834338
Berea Sinter Gray,148,937.993896484375,563.49755859375,0.4072080429983468
Berea Sinter Gray,149,921.0491333007812,524.3242797851562,0.44697340260765106
Berea Sinter Gray,150,926.6222534179688,536.0825805664062,0.35417308085582705
Berea Sinter Gray,151,933.6483764648438,548.6630859375,0.40168973016478304
Berea Sinter Gray,152,423.6438293457031,281.0475769042969,0.7380166132532683
Berea Sinter Gray,153,429.0854187011719,278.5155944824219,0.7231975226724503
Berea Sinter Gray,154,401.2259216308594,260.2648010253906,0.7156001490061971
Berea Sinter Gray,155,422.3764343261719,281.9856872558594,0.6969910735825641
Berea Sinter Gray,156,3072.71142578125,2638.871337890625,0.19195604815484915
Berea Sinter Gray,157,2950.939453125,2555.54296875,0.1775290846990953
Berea Sinter Gray,158,3153.61181640625,2661.812744140625,0.18380013237888249
Berea Sinter Gray,159,3138.089599609375,2725.466552734375,0.18959387236972863
Berea Sinter Gray,160,864.5867919921875,641.4722900390625,0.5934936493247431
Berea Sinter Gray,161,888.9736328125,652.1395263671875,0.5572188789419952
Berea Sinter Gray,162,850.7046508789062,628.140380859375,0.5115325694987586
Berea Sinter Gray,163,804.91259765625,584.3431396484375,0.5951853835483352
Berea Sinter Gray,164,740.1417236328125,487.6402282714844,0.43083945875208407
Berea Sinter Gray,165,739.6409912109375,478.24407958984375,0.42985771984998006
Berea Sinter Gray,166,720.2621459960938,461.5180969238281,0.42128665909390023
Berea Sinter Gray,167,707.221435546875,458.0185241699219,0.44229104320403095
Berea Sinter Gray,168,1471.7825927734375,1052.9100341796875,0.28722137934655506
Berea Sinter Gray,169,1495.0079345703125,1041.3594970703125,0.27972030094422645
Berea Sinter Gray,170,1477.8841552734375,1049.270263671875,0.27852339608975735
Berea Sinter Gray,171,1521.7347412109375,1052.4158935546875,0.28026949757506225
Berea Sinter Gray,172,1057.972900390625,584.0958862304688,0.38933398446403145
Berea Sinter Gray,173,1028.2303466796875,597.8225708007812,0.40970664913201077
Berea Sinter Gray,174,1083.783935546875,630.1798095703125,0.4019086967130763
Berea Sinter Gray,175,1010.3485107421875,589.8568725585938,0.3994925613984338
Berea Sinter Gray,176,1082.9749755859375,954.2958374023438,0.36578893926152756
Berea Sinter Gray,177,1057.3388671875,899.5817260742188,0.40079462515031283
Berea Sinter Gray,178,1047.6715087890625,905.4793090820312,0.3934813940751575
Berea Sinter Gray,179,1043.1658935546875,891.6433715820312,0.4080711935628538
Berea Sinter Gray,180,313.3647155761719,243.4253692626953,0.7516865266397432
Berea Sinter Gray,181,296.2844543457031,223.80686950683594,0.7428238797827155
Berea Sinter Gray,182,308.44561767578125,242.92510986328125,0.7304135597848671
Berea Sinter Gray,183,286.2314147949219,221.22996520996094,0.7235905998143985
Berea Sinter Gray,184,510.00390625,310.6325988769531,0.561781632352286
Berea Sinter Gray,185,492.1308898925781,300.76019287109375,0.6050884176516828
Berea Sinter Gray,186,475.3042297363281,290.8485107421875,0.6081601502170491
Berea Sinter Gray,187,488.4458923339844,300.8080139160156,0.6182501432962971
Berea Sinter Gray,188,1558.2955322265625,1014.9415893554688,0.39629848969449327
Berea Sinter Gray,189,1588.882568359375,1112.832275390625,0.44794663518753564
Berea Sinter Gray,190,1561.9339599609375,1047.880859375,0.4212106790054609
Berea Sinter Gray,191,1634.5858154296875,1092.6875,0.3957281579048449
Berea,0,1676.464111328125,1247.845947265625,0.4379858338030657
Berea,1,1710.130615234375,1249.240966796875,0.44306435910275555
Berea,2,1702.0250244140625,1264.637451171875,0.4217573091148086
Berea,3,1761.9918212890625,1247.758056640625,0.38543165769234095
Berea,4,1358.607421875,959.4174194335938,0.3251665285558133
Berea,5,1376.1473388671875,999.6116943359375,0.31508259616092765
Berea,6,1392.6724853515625,983.5255126953125,0.3143333381898229
Berea,7,1394.8564453125,939.2213134765625,0.3107717422966956
Berea,8,1708.44287109375,1246.435302734375,0.36819726247209716
Berea,9,1694.9906005859375,1157.3636474609375,0.33938909248568233
Berea,10,1715.4200439453125,1196.683837890625,0.34829525604204936
Berea,11,1697.746337890625,1153.8724365234375,0.3656992913103567
Berea,12,1711.9300537109375,958.9913330078125,0.21718747666166516
Berea,13,1715.3822021484375,1026.9248046875,0.27448383958666334
Berea,14,1695.295166015625,965.9181518554688,0.23653101909399404
Berea,15,1694.6295166015625,977.1815795898438,0.22729426966665767
Berea,16,215.35955810546875,130.04164123535156,0.7423169959314334
Berea,17,223.44651794433594,133.94839477539062,0.7202205602265588
Berea,18,228.10769653320312,141.7277069091797,0.6687607459558591
Berea,19,228.53721618652344,138.21522521972656,0.6842824159004631
Berea,20,1565.222900390625,1106.255126953125,0.3553417874898393
Berea,21,1518.3553466796875,1087.16357421875,0.3821327603141812
Berea,22,1527.4892578125,1096.67138671875,0.36155534232898495
Berea,23,1511.838134765625,1106.095458984375,0.34661042719051977
Berea,24,370.3050537109375,290.8238220214844,0.6029539809177725
Berea,25,397.7201843261719,313.29107666015625,0.6263129835421822
Berea,26,380.43817138671875,299.61669921875,0.6206374737137572
Berea,27,394.5505676269531,301.1856994628906,0.6151580936334564
Berea,28,473.91925048828125,331.16168212890625,0.6017452812984877
Berea,29,470.7982482910156,331.4764099121094,0.6211526830761358
Berea,30,481.0654602050781,342.99053955078125,0.615706893712986
Berea,31,486.5595703125,338.852783203125,0.5914534405868048
Berea,32,2101.75439453125,1100.5211181640625,0.29244825803782115
Berea,33,1964.48681640625,994.4567260742188,0.30742012287333087
Berea,34,1973.6253662109375,994.7820434570312,0.2573537014844921
Berea,35,1955.600341796875,1009.8012084960938,0.28018239454089705
Berea,36,1155.219482421875,845.2254638671875,0.47819825382337156
Berea,37,1149.2049560546875,815.7274169921875,0.49255640913184984
Berea,38,1123.1224365234375,809.0887451171875,0.4689571205996355
Berea,39,1161.27490234375,852.9492797851562,0.48497393442486464
Berea,40,415.8036804199219,253.54637145996094,0.5229260286675927
Berea,41,426.5351867675781,253.66751098632812,0.5065220274235515
Berea,42,427.611328125,260.43798828125,0.5414146703238156
Berea,43,453.056396484375,272.7865905761719,0.4818227081895072
Berea,44,627.719970703125,410.5412292480469,0.5803213915824703
Berea,45,601.1878662109375,391.9029846191406,0.5723807395770277
Berea,46,624.1101684570312,417.8116455078125,0.5926247930812187
Berea,47,646.0465698242188,420.3255615234375,0.5640577416819906
Berea,48,430.18780517578125,274.4494934082031,0.5902901152855
Berea,49,438.502685546875,273.3860168457031,0.6144746026761757
Berea,50,418.2940673828125,256.9612121582031,0.6389991116181067
Berea,51,432.7686462402344,275.1622619628906,0.6491784758878409
Berea,52,1131.312744140625,756.2713623046875,0.5462405914039918
Berea,53,1107.575439453125,743.509521484375,0.5576819716693977
Berea,54,1149.426025390625,737.0953369140625,0.5191098378907045
Berea,55,1162.619873046875,766.2760620117188,0.4751997052174418
Berea,56,1308.842529296875,723.5580444335938,0.34641106492710677
Berea,57,1354.7760009765625,755.0272827148438,0.3388955347790735
Berea,58,1253.019287109375,692.3355712890625,0.3679963096316806
Berea,59,1299.489013671875,739.9029541015625,0.343760844961505
Berea,60,386.36517333984375,235.5298309326172,0.6208116357602207
Berea,61,408.9848937988281,250.64222717285156,0.585487547935812
Berea,62,391.0382385253906,239.90574645996094,0.58481914050949
Berea,63,403.2549133300781,245.6054229736328,0.619076969004167
Berea,64,644.7446899414062,402.07537841796875,0.4922090336869248
Berea,65,680.9466552734375,427.2833557128906,0.5246399256580301
Berea,66,646.0032958984375,408.23992919921875,0.4720697504014276
Berea,67,670.2470703125,435.1208190917969,0.5261235476471041
Berea,68,1164.70458984375,690.327880859375,0.2856705184661103
Berea,69,1111.5284423828125,694.1683349609375,0.32140787700424794
Berea,70,1112.255615234375,680.2706298828125,0.3876759882845946
Berea,71,1138.2236328125,698.1234130859375,0.3337279494855156
Berea,72,2012.9146728515625,1236.59765625,0.2008959751439738
Berea,73,1943.1357421875,1207.764404296875,0.214301629844669
Berea,74,1988.8226318359375,1260.7901611328125,0.24594327024593118
Berea,75,1934.3887939453125,1203.0489501953125,0.26827563752135775
Berea,76,252.3270263671875,151.10594177246094,0.70393348116982
Berea,77,257.1796875,153.35159301757812,0.7010925029857242
Berea,78,247.09339904785156,147.26113891601562,0.6588277397567965
Berea,79,247.3217010498047,150.27169799804688,0.6940493844697145
Berea,80,671.515380859375,431.0237731933594,0.5278875376270096
Berea,81,682.8746948242188,425.47802734375,0.49005777931247585
Berea,82,657.9880981445312,413.2669982910156,0.4952371371652182
Berea,83,660.4807739257812,415.2539367675781,0.509207496128511
Berea,84,369.4936828613281,250.90145874023438,0.5643509287956562
Berea,85,363.6146545410156,253.41146850585938,0.6007154146282837
Berea,86,359.0020751953125,247.90928649902344,0.575829319697211
Berea,87,369.6642761230469,255.91189575195312,0.6241518095390239
Berea,88,2447.87744140625,1839.4732666015625,0.31027222879002236
Berea,89,2483.052978515625,1874.0123291015625,0.3125495580495309
Berea,90,2553.142578125,1957.4747314453125,0.31388855971126106
Berea,91,2483.221923828125,1847.8934326171875,0.3083366146653996
Berea,92,2932.008544921875,2554.794921875,0.18989025131292944
Berea,93,2961.7041015625,2510.5078125,0.20625365211664845
Berea,94,2988.072998046875,2553.52978515625,0.2303864928230387
Berea,95,2945.99951171875,2468.423828125,0.23063947399893567
Berea,96,693.414306640625,393.08819580078125,0.4976889239605466
Berea,97,710.8360595703125,445.06878662109375,0.5228417685013094
Berea,98,698.5681762695312,422.5447082519531,0.5046066353216337
Berea,99,682.5108642578125,414.6477355957031,0.5366017797970903
Berea,100,465.9917297363281,316.0244140625,0.5460844627547525
Berea,101,479.010498046875,320.01226806640625,0.5098807252028021
Berea,102,470.4426574707031,316.0233459472656,0.5541567449788156
Berea,103,490.399169921875,326.5038757324219,0.5320341734911465
Berea,104,2547.575927734375,1594.366455078125,0.3741618046463522
Berea,105,2469.1669921875,1650.11328125,0.4248337286954982
Berea,106,2649.913330078125,1711.6849365234375,0.4050439855126662
Berea,107,2359.28662109375,1588.36669921875,0.43160354468326456
Berea,108,608.3052368164062,446.3200988769531,0.6055712397640972
Berea,109,617.9057006835938,447.8558044433594,0.5841013430485522
Berea,110,607.25634765625,438.00567626953125,0.5853619147321009
Berea,111,629.1034545898438,455.3400573730469,0.5939227861918076
Berea,112,344.4365539550781,228.89515686035156,0.6790262275937118
Berea,113,359.4703063964844,229.34349060058594,0.6670281472478092
Berea,114,351.7266540527344,228.0698699951172,0.676374984194985
Berea,115,354.1559753417969,225.57032775878906,0.6367111120431195
Berea,116,941.1168823242188,612.6116333007812,0.4562867479325942
Berea,117,974.7598876953125,672.6533203125,0.5057792742474607
Berea,118,966.19970703125,644.8513793945312,0.47731644205594503
Berea,119,974.2219848632812,638.8590698242188,0.4837645630481358
Berea,120,633.3494262695312,409.6831359863281,0.5821183589175583
Berea,121,619.64208984375,401.3937683105469,0.5789926048769346
Berea,122,654.4318237304688,424.0790100097656,0.5786589356560229
Berea,123,664.0250244140625,429.17987060546875,0.5837746490552104
Berea,124,851.2515258789062,650.1665649414062,0.392238207763998
Berea,125,867.6546630859375,682.2164306640625,0.372901043886351
Berea,126,882.2763671875,657.9664916992188,0.3808208267082463
Berea,127,876.605712890625,668.0787963867188,0.3547849532053517
Berea,128,356.2250061035156,226.32513427734375,0.6552685153461543
Berea,129,350.5079040527344,229.79640197753906,0.6677048224840548
Berea,130,344.8642578125,220.0316925048828,0.6724232398529035
Berea,131,343.3289794921875,225.21990966796875,0.6999926027200994
Berea,132,579.4876708984375,437.1125183105469,0.548529772555362
Berea,133,569.9067993164062,435.65728759765625,0.5266163627572527
Berea,134,585.3042602539062,439.2915344238281,0.5635120111984158
Berea,135,568.4317016601562,448.8602294921875,0.46181031137394696
Berea,136,481.2793884277344,348.3248596191406,0.5113524793523156
Berea,137,469.9883728027344,338.8995361328125,0.5021101202238282
Berea,138,491.07122802734375,353.2093811035156,0.48112766487914077
Berea,139,469.01983642578125,335.6576843261719,0.5202845298796331
Berea,140,2558.09375,2181.80712890625,0.24295606807555414
Berea,141,2392.857421875,2066.851318359375,0.2358399838719509
Berea,142,2435.064697265625,2127.892578125,0.2532695408059166
Berea,143,2472.0419921875,2107.541259765625,0.24339982418632158
Berea,144,365.3318786621094,218.0338592529297,0.498148538784545
Berea,145,385.6745300292969,240.55496215820312,0.5012156872519691
Berea,146,364.4137878417969,221.52247619628906,0.5030474298483832
Berea,147,374.3246765136719,232.6898193359375,0.49136598404890064
Berea,148,504.23211669921875,310.9866943359375,0.4897841912431207
Berea,149,494.1624755859375,302.7303771972656,0.49724163998707516
Berea,150,478.1206359863281,299.99224853515625,0.5038181721130782
Berea,151,487.34326171875,301.0967102050781,0.5002321149708687
Berea,152,372.3308410644531,244.98146057128906,0.5213716749228738
Berea,153,371.9371643066406,240.51332092285156,0.48992161729022965
Berea,154,361.96380615234375,243.37928771972656,0.5358166108403161
Berea,155,371.5094299316406,251.28514099121094,0.5122864559512593
Berea,156,899.6941528320312,677.3417358398438,0.3914552320042463
Berea,157,874.9920043945312,650.197509765625,0.3842857187356124
Berea,158,907.8370971679688,676.7631225585938,0.37752213672625595
Berea,159,885.2092895507812,666.8991088867188,0.40750931156461645
Berea,160,2094.826171875,1183.110107421875,0.37667687279641543
Berea,161,2107.9580078125,1121.423095703125,0.28194004735272293
Berea,162,2069.80908203125,1078.54296875,0.2775756463158296
Berea,163,2120.271240234375,1156.1143798828125,0.3103676696003805
Berea,164,2709.73876953125,1879.904541015625,0.2952536069599015
Berea,165,2739.402587890625,1926.2672119140625,0.2992477063715992
Berea,166,2735.457763671875,1873.102294921875,0.3077733686543205
Berea,167,2645.28125,1865.531982421875,0.3626794359464519
Berea,168,906.23681640625,697.3710327148438,0.35607037312352
Berea,169,879.1099243164062,668.8384399414062,0.3446001998591002
Berea,170,896.814697265625,692.3707275390625,0.3458290309545966
Berea,171,857.6796875,657.7274780273438,0.349395537749029
Berea,172,398.36328125,266.80682373046875,0.629064331206195
Berea,173,407.1716003417969,267.4836120605469,0.6054055379413692
Berea,174,402.1103210449219,268.63751220703125,0.6139087073387735
Berea,175,408.92596435546875,272.2365417480469,0.6122867331444963
Berea,176,394.5579833984375,211.62342834472656,0.5330922805278768
Berea,177,400.040771484375,225.89170837402344,0.6073071084250508
Berea,178,414.02008056640625,226.6736602783203,0.5650474519844223
Berea,179,397.0932312011719,223.99314880371094,0.6004078429605568
Berea,180,305.5580139160156,206.96920776367188,0.6459720612355607
Berea,181,322.4214782714844,217.7305908203125,0.6043337469492686
Berea,182,310.4674072265625,207.87091064453125,0.6159890180409922
Berea,183,320.95684814453125,217.93304443359375,0.6443598420011852
Berea,184,859.5784912109375,590.005615234375,0.4916317343922364
Berea,185,870.849609375,604.3632202148438,0.4928502748192704
Berea,186,891.8162841796875,601.4816284179688,0.4377696187348891
Berea,187,916.3091430664062,612.9356689453125,0.389091595875366
Berea,188,529.6273803710938,229.3186492919922,0.48816273304156654
Berea,189,565.1558227539062,235.84811401367188,0.4612184988452464
Berea,190,541.9957885742188,229.23324584960938,0.4549001817539636
Berea,191,548.0945434570312,244.88760375976562,0.5132801446702756
Berea,192,1450.9918212890625,1144.990478515625,0.49556487692813045
Berea,193,1480.2138671875,1155.108642578125,0.5135820266993294
Berea,194,1459.2967529296875,1137.6148681640625,0.4879837039353026
Berea,195,1528.1572265625,1185.248046875,0.47385903158805986
Berea,196,461.7136535644531,261.630859375,0.5707309051173062
Berea,197,480.0086669921875,277.19146728515625,0.5722553078393045
Berea,198,458.30255126953125,251.85098266601562,0.5531915221109267
Berea,199,483.929931640625,276.9350891113281,0.5781046676857978
Berea,200,1048.4923095703125,553.8477783203125,0.2868626852915896
Berea,201,1082.618408203125,555.932373046875,0.2801006091547499
Berea,202,1068.96533203125,531.5547485351562,0.2515604401374069
Berea,203,1125.657470703125,614.130859375,0.34485463361043167
Berea,204,603.528564453125,393.4495544433594,0.5286234760004908
Berea,205,602.5661010742188,386.396484375,0.5149930988058302
Berea,206,600.8959350585938,393.6658935546875,0.5414599373628434
Berea,207,615.3006591796875,387.1021423339844,0.5205267848785183
Berea,208,584.1461181640625,419.4743347167969,0.4457628858925115
Berea,209,590.8711547851562,419.0395812988281,0.4747326286808234
Berea,210,567.748046875,384.1034851074219,0.4694061638467739
Berea,211,581.5824584960938,417.2743225097656,0.474078642467046
Berea,212,836.51171875,664.03759765625,0.5106489899872305
Berea,213,823.4381103515625,644.3936157226562,0.4712664530873038
Berea,214,835.3970336914062,670.2593383789062,0.49617446020127204
Berea,215,812.9461059570312,650.9525756835938,0.5116942562471977
Berea,216,1503.1707763671875,1150.4981689453125,0.36689389679852685
Berea,217,1565.8101806640625,1195.260498046875,0.36992320749658064
Berea,218,1516.8204345703125,1145.6248779296875,0.379096189022567
Berea,219,1537.8682861328125,1144.042236328125,0.36497158735683655
Berea,220,536.142822265625,343.4582214355469,0.4604080398769756
Berea,221,583.2474975585938,387.1923828125,0.45155706895513154
Berea,222,565.1473999023438,349.1676025390625,0.4090174014037096
Berea,223,596.7943115234375,401.8392028808594,0.4428674033096925
