Dataset,Sample_Index,Bias_Error_,Magnitude_Error_,Correlation
Spherical Pores,0,98.61772918701172,92.73074340820312,-0.08250557652521785
Spherical Pores,1,98.69808959960938,92.7715072631836,-0.08440245720914351
Spherical Pores,2,98.68830871582031,92.7027816772461,-0.08752361139763226
Spherical Pores,3,98.85163116455078,92.41551971435547,-0.09165902985002536
Spherical Pores,4,98.7327651977539,94.50210571289062,0.0002816319363162349
Spherical Pores,5,98.48912811279297,94.7329330444336,-0.021935999423194484
Spherical Pores,6,98.66410827636719,94.67009735107422,-0.005585750819598286
Spherical Pores,7,98.31571197509766,94.3262939453125,-0.004659573275650313
Spherical Pores,8,99.1766586303711,95.77408599853516,0.12032076839493183
Spherical Pores,9,99.07893371582031,95.91609954833984,0.12667509024202614
Spherical Pores,10,99.3084716796875,95.740234375,0.12942538153232028
Spherical Pores,11,99.09127044677734,95.849853515625,0.10736042738683783
Spherical Pores,12,98.16480255126953,94.88617706298828,0.01930281633470536
Spherical Pores,13,98.09268951416016,95.17240142822266,0.03316069790623654
Spherical Pores,14,98.37313079833984,95.0895767211914,0.03494323392781363
Spherical Pores,15,97.82073974609375,94.81732940673828,0.01875674615552977
Spherical Pores,16,99.31819915771484,95.99114227294922,0.15458062252163454
Spherical Pores,17,99.19105529785156,96.00138854980469,0.18794311659928675
Spherical Pores,18,99.14543151855469,95.89403533935547,0.1805909439091393
Spherical Pores,19,99.01294708251953,95.83670806884766,0.15732116830143947
Spherical Pores,20,99.19473266601562,95.38001251220703,0.1661889399348093
Spherical Pores,21,99.32836151123047,95.41338348388672,0.17532452223071307
Spherical Pores,22,98.75650024414062,95.3575210571289,0.16373442159953944
Spherical Pores,23,99.13670349121094,95.25928497314453,0.1617074925520364
Spherical Pores,24,98.49407196044922,92.64718627929688,0.22465590546347028
Spherical Pores,25,98.84364318847656,92.6187744140625,0.21451683939029104
Spherical Pores,26,99.14712524414062,92.39875030517578,0.1846724027457252
Spherical Pores,27,98.57908630371094,92.21224212646484,0.1921719617200346
Spherical Pores,28,98.60480499267578,91.2096939086914,0.1297651772391305
Spherical Pores,29,98.53536224365234,91.41999053955078,0.14986435226620065
Spherical Pores,30,98.50601196289062,91.60253143310547,0.15008249070697302
Spherical Pores,31,98.9599380493164,90.97412109375,0.16145080707204945
Spherical Pores,32,99.4077377319336,95.69205474853516,-0.09449059709736733
Spherical Pores,33,99.46829986572266,95.72366333007812,-0.0829760667489999
Spherical Pores,34,99.55338287353516,95.66239929199219,-0.08439125151032958
Spherical Pores,35,99.61284637451172,95.60804748535156,-0.07114567819925467
Spherical Pores,36,99.64575958251953,95.12428283691406,-0.07628626408431169
Spherical Pores,37,99.6536865234375,95.13902282714844,-0.061582152180719524
Spherical Pores,38,99.8256607055664,95.0772933959961,-0.05470152765869256
Spherical Pores,39,99.76210021972656,95.11138916015625,-0.08361593968716159
Spherical Pores,40,99.31106567382812,96.7427749633789,-0.012676737342929125
Spherical Pores,41,99.28775024414062,96.87042999267578,-0.007670150863089948
Spherical Pores,42,99.3736343383789,96.63969421386719,-0.011247868733340619
Spherical Pores,43,99.47557830810547,96.76399993896484,-0.01857292875592344
Spherical Pores,44,99.56684875488281,97.10848236083984,0.04865915905331308
Spherical Pores,45,99.40237426757812,97.10453796386719,0.05319412794469107
Spherical Pores,46,99.42064666748047,97.09458923339844,0.06751786918044189
Spherical Pores,47,99.50049591064453,97.08308410644531,0.07869908846881392
Spherical Pores,48,99.62041473388672,96.87016296386719,0.07878708214454021
Spherical Pores,49,99.56849670410156,96.9228286743164,0.06836209308824624
Spherical Pores,50,99.57671356201172,96.91154479980469,0.05974274060342798
Spherical Pores,51,99.5927963256836,96.94425201416016,0.06662979512276944
Spherical Pores,52,99.70301818847656,97.58934783935547,0.1065615747676435
Spherical Pores,53,99.85088348388672,97.7005615234375,0.13809333621352357
Spherical Pores,54,99.92852020263672,97.46387481689453,0.12439124497035778
Spherical Pores,55,99.67803955078125,97.56477355957031,0.12541693080846464
Spherical Pores,56,99.79458618164062,97.40975189208984,0.14977593533283826
Spherical Pores,57,99.87452697753906,97.24429321289062,0.17665881031024133
Spherical Pores,58,99.75685119628906,97.2454605102539,0.16336432883361074
Spherical Pores,59,99.8438720703125,97.36309051513672,0.17155998341009115
Spherical Pores,60,99.12884521484375,95.69593811035156,0.10797865188042154
Spherical Pores,61,99.33300018310547,95.5689926147461,0.13075649143232096
Spherical Pores,62,99.36408996582031,95.90762329101562,0.13363213347974792
Spherical Pores,63,99.31023406982422,95.83914184570312,0.1345185528028792
Spherical Pores,64,99.51835632324219,97.24671173095703,-0.14051724145940736
Spherical Pores,65,99.53219604492188,97.17752075195312,-0.1458098677383414
Spherical Pores,66,99.53294372558594,97.15287780761719,-0.15481107948276132
Spherical Pores,67,99.51895141601562,97.19197082519531,-0.15292308602428206
Spherical Pores,68,99.39028930664062,96.83170318603516,-0.14514145626299532
Spherical Pores,69,99.39094543457031,96.82118225097656,-0.1508850737185174
Spherical Pores,70,99.42817687988281,96.83820343017578,-0.14521538249599336
Spherical Pores,71,99.42518615722656,96.77365112304688,-0.1585756191761989
Spherical Pores,72,99.99058532714844,96.56696319580078,-0.10670303005006612
Spherical Pores,73,99.96198272705078,96.65597534179688,-0.0953177160976936
Spherical Pores,74,99.99126434326172,96.56807708740234,-0.10418191752749163
Spherical Pores,75,99.98394775390625,96.62482452392578,-0.10327651779050226
Spherical Pores,76,99.97569274902344,97.65855407714844,-0.07031008198559265
Spherical Pores,77,99.98883056640625,97.74472045898438,-0.08463515590724907
Spherical Pores,78,99.95993041992188,97.77042388916016,-0.08060971998894734
Spherical Pores,79,99.95751190185547,97.61919403076172,-0.07498040403344886
Spherical Pores,80,99.87937927246094,97.84814453125,-0.0047233722865071374
Spherical Pores,81,99.86012268066406,97.8152847290039,0.0011444393347132139
Spherical Pores,82,99.89928436279297,97.92794799804688,-0.007107543356325433
Spherical Pores,83,99.84757995605469,97.91542053222656,0.0042088337448440314
Spherical Pores,84,99.9975814819336,98.13910675048828,-0.0718710201311423
Spherical Pores,85,99.98343658447266,98.0194320678711,-0.06724722713970338
Spherical Pores,86,99.98129272460938,98.10144805908203,-0.06613411963964187
Spherical Pores,87,99.99403381347656,98.08064270019531,-0.04526202995115972
Spherical Pores,88,99.54688262939453,97.58618927001953,0.05657035001234575
Spherical Pores,89,99.57184600830078,97.77796936035156,0.04073627561273898
Spherical Pores,90,99.63658905029297,97.6412353515625,0.07417874505744378
Spherical Pores,91,99.55306243896484,97.63175964355469,0.07106457903953783
Spherical Pores,92,99.9625473022461,98.1652603149414,0.0705863958156895
Spherical Pores,93,99.93952941894531,98.05884552001953,0.06388344328961429
Spherical Pores,94,99.97632598876953,98.13567352294922,0.1015550819112729
Spherical Pores,95,99.97010040283203,98.19798278808594,0.0806499775658372
Spherical Pores,96,99.53984069824219,97.65028381347656,-0.18834964529747186
Spherical Pores,97,99.55835723876953,97.68126678466797,-0.17189282537838477
Spherical Pores,98,99.54872131347656,97.65062713623047,-0.16945526368936423
Spherical Pores,99,99.54922485351562,97.57086181640625,-0.17299839665247413
Spherical Pores,100,99.60071563720703,98.12914276123047,-0.12712818252171734
Spherical Pores,101,99.60376739501953,98.11121368408203,-0.12375921533624507
Spherical Pores,102,99.59907531738281,98.05907440185547,-0.11771711706987871
Spherical Pores,103,99.60093688964844,98.09004211425781,-0.12994512865253924
Spherical Pores,104,99.76020050048828,98.29744720458984,-0.04325418267999466
Spherical Pores,105,99.77688598632812,98.37954711914062,-0.06712759095609493
Spherical Pores,106,99.78685760498047,98.3487319946289,-0.06403418400202028
Spherical Pores,107,99.78433227539062,98.41925048828125,-0.055337154817185596
Spherical Pores,108,99.83733367919922,98.30450439453125,-0.12825686355422666
Spherical Pores,109,99.82425689697266,98.3379135131836,-0.12657759929027523
Spherical Pores,110,99.81354522705078,98.34912872314453,-0.11007940476038015
Spherical Pores,111,99.82023620605469,98.29716491699219,-0.12154560185261248
Spherical Pores,112,99.82002258300781,98.30620574951172,-0.045122545291201153
Spherical Pores,113,99.82078552246094,98.28771209716797,-0.026044070263093758
Spherical Pores,114,99.86149597167969,98.33586883544922,-0.0625346973421845
Spherical Pores,115,99.84491729736328,98.31340789794922,-0.054304219684874935
Spherical Pores,116,99.91577911376953,98.7851333618164,-0.059013283774941395
Spherical Pores,117,99.92936706542969,98.7799301147461,-0.06009509839411524
Spherical Pores,118,99.91470336914062,98.7609634399414,-0.057350854837802126
Spherical Pores,119,99.91321563720703,98.80868530273438,-0.05685641342653247
Spherical Pores,120,99.98934173583984,98.70325469970703,0.011767981337158118
Spherical Pores,121,99.99848175048828,98.6824722290039,-0.01252407190132128
Spherical Pores,122,99.95649719238281,98.71821594238281,0.0027623079343531125
Spherical Pores,123,99.99417114257812,98.660400390625,-0.004011807373404871
Spherical Pores,124,99.90116119384766,98.98302459716797,0.03431217502503646
Spherical Pores,125,99.87628936767578,98.95340728759766,0.03924338475305749
Spherical Pores,126,99.89458465576172,99.01514434814453,0.04384938465375354
Spherical Pores,127,99.91828155517578,98.98043060302734,0.049492669959603254
Spherical Grains,0,98.9124755859375,96.49513244628906,0.20348459266367483
Spherical Grains,1,98.97953796386719,96.46592712402344,0.16723684918564688
Spherical Grains,2,99.24315643310547,96.5434799194336,0.2239947726218607
Spherical Grains,3,98.20967864990234,96.31855773925781,0.2041175015359276
Spherical Grains,4,96.73711395263672,95.53556060791016,0.2591825557859758
Spherical Grains,5,96.79133605957031,95.331298828125,0.20858208448157348
Spherical Grains,6,96.90483856201172,95.39122009277344,0.2180722414457136
Spherical Grains,7,96.4228744506836,95.2042236328125,0.2367253073633335
Spherical Grains,8,95.03031921386719,93.90409851074219,0.2330466177704575
Spherical Grains,9,96.24711608886719,94.23651885986328,0.25391895270790094
Spherical Grains,10,95.53068542480469,94.04174041748047,0.20338306909432383
Spherical Grains,11,95.80355834960938,94.37572479248047,0.24566083603203967
Spherical Grains,12,94.77641296386719,89.92241668701172,0.012132657074349339
Spherical Grains,13,90.79548645019531,89.89077758789062,0.04157880733040223
Spherical Grains,14,92.83246612548828,89.99530792236328,0.05868738621218649
Spherical Grains,15,92.06144714355469,89.16958618164062,0.003972979138707207
Spherical Grains,16,85.91648864746094,84.86314392089844,0.04058741211415102
Spherical Grains,17,86.28084564208984,84.5662841796875,0.05789415000558042
Spherical Grains,18,85.77806091308594,84.63568878173828,0.0989323693354819
Spherical Grains,19,82.5769271850586,84.2606201171875,0.0884593330866933
Spherical Grains,20,98.33975982666016,97.97706604003906,0.4555643783290721
Spherical Grains,21,98.41820526123047,98.09772491455078,0.47126232533166207
Spherical Grains,22,98.34877014160156,98.08053588867188,0.48255521127687384
Spherical Grains,23,98.32926177978516,98.08033752441406,0.42318423113832976
Spherical Grains,24,67.10594940185547,100.38973999023438,0.02582378832796105
Spherical Grains,25,79.2215805053711,86.2686996459961,0.014102682796919072
Spherical Grains,26,29.680498123168945,79.73870086669922,0.014808574362534513
Spherical Grains,27,23.71392822265625,86.44466400146484,-0.0047737451971011065
Spherical Grains,28,74.08586120605469,84.73165130615234,0.05951428053666494
Spherical Grains,29,77.63394927978516,85.77304077148438,0.015085614878401973
Spherical Grains,30,77.32877349853516,86.29705047607422,0.06438467666034858
Spherical Grains,31,75.54563903808594,85.48217010498047,0.09087125623191425
Spherical Grains,32,95.79202270507812,88.8895034790039,0.06084527486305416
Spherical Grains,33,93.1130599975586,88.94890594482422,0.09038015066850172
Spherical Grains,34,94.69963073730469,89.92790222167969,0.11025290435387608
Spherical Grains,35,92.74038696289062,89.16520690917969,0.09793250791020812
Spherical Grains,36,95.56771087646484,88.27729034423828,0.05068199806667061
Spherical Grains,37,93.80687713623047,88.82417297363281,0.0842759787898221
Spherical Grains,38,94.12326049804688,88.86811065673828,0.11769472158332699
Spherical Grains,39,93.92266082763672,88.17028045654297,0.07506575285276886
Spherical Grains,40,96.64220428466797,95.5272445678711,0.20190603567739618
Spherical Grains,41,96.37167358398438,95.85391235351562,0.22285966846748714
Spherical Grains,42,96.27334594726562,95.80887603759766,0.2471438758797072
Spherical Grains,43,96.05435180664062,95.44835662841797,0.27401095313091745
Spherical Grains,44,96.18138885498047,91.14629364013672,0.08334660340861723
Spherical Grains,45,94.92213439941406,90.63529205322266,0.10277466519711544
Spherical Grains,46,95.02085876464844,89.98502349853516,0.08637798915045164
Spherical Grains,47,95.72967529296875,89.75936889648438,0.09769843802033527
Spherical Grains,48,95.9803695678711,96.52432250976562,0.17442824611940438
Spherical Grains,49,96.88519287109375,96.61264038085938,0.18352615236346592
Spherical Grains,50,95.7446060180664,96.64804077148438,0.18606659920123267
Spherical Grains,51,96.21312713623047,96.75071716308594,0.2533355646395272
Spherical Grains,52,97.96385955810547,95.72225189208984,0.28486165800841895
Spherical Grains,53,97.49968719482422,95.6761474609375,0.35028973189167195
Spherical Grains,54,97.4950942993164,95.76959991455078,0.2968734756976157
Spherical Grains,55,97.60992431640625,95.61719512939453,0.30240511579202123
Spherical Grains,56,97.21670532226562,95.52165222167969,0.22052413243189933
Spherical Grains,57,96.66210174560547,95.54299926757812,0.2591323831176373
Spherical Grains,58,96.90049743652344,95.56414794921875,0.25173164800033704
Spherical Grains,59,96.81613159179688,95.25015258789062,0.202669678220129
Spherical Grains,60,53.78005599975586,71.13692474365234,-0.02075944752452688
Spherical Grains,61,57.15138244628906,71.82755279541016,-0.04676401437502286
Spherical Grains,62,67.31456756591797,69.36608123779297,0.020035576125193865
Spherical Grains,63,60.35102462768555,70.05311584472656,0.005053854538442669
Spherical Grains,64,98.44584655761719,94.30136108398438,0.19471764868926023
Spherical Grains,65,98.39582824707031,94.1175765991211,0.2045329763526146
Spherical Grains,66,98.30349731445312,94.37117767333984,0.20845022427845095
Spherical Grains,67,98.61839294433594,94.52870178222656,0.20466231035234153
Spherical Grains,68,99.88325500488281,97.45475006103516,0.23657879866084922
Spherical Grains,69,99.78662872314453,97.36946868896484,0.22965491161280646
Spherical Grains,70,99.58456420898438,97.3797378540039,0.2410203549626954
Spherical Grains,71,99.55303955078125,97.43866729736328,0.21352489958510926
Spherical Grains,72,99.45101928710938,96.58766174316406,0.09089392270109975
Spherical Grains,73,98.83580017089844,96.4610595703125,0.12010358233337351
Spherical Grains,74,99.30010986328125,96.2755355834961,0.1190044840652887
Spherical Grains,75,99.24527740478516,96.31688690185547,0.09112482504709774
Spherical Grains,76,99.0695571899414,97.91696166992188,0.3169272165241293
Spherical Grains,77,98.83799743652344,97.93769836425781,0.2652858210306372
Spherical Grains,78,98.8329086303711,97.80595397949219,0.24993402579739227
Spherical Grains,79,98.9760971069336,97.8709487915039,0.2777580063773085
Spherical Grains,80,98.83980560302734,97.62828063964844,0.21594882992380005
Spherical Grains,81,98.5642318725586,97.51940155029297,0.2520002634251905
Spherical Grains,82,98.5933609008789,97.35780334472656,0.2283286847370068
Spherical Grains,83,98.9903335571289,97.51897430419922,0.18591308779057258
Spherical Grains,84,95.03622436523438,91.41048431396484,0.11849788081791411
Spherical Grains,85,94.86302947998047,91.93048858642578,0.18432094618183903
Spherical Grains,86,94.87512969970703,91.78681945800781,0.16183957379401603
Spherical Grains,87,94.30491638183594,91.19796752929688,0.11803480818591361
Spherical Grains,88,97.75300598144531,97.26741027832031,0.388554831755165
Spherical Grains,89,97.82559204101562,97.13436126708984,0.3944379314374821
Spherical Grains,90,98.22063446044922,97.33930206298828,0.35190044022003175
Spherical Grains,91,97.70972442626953,97.26073455810547,0.38439010478101937
Spherical Grains,92,97.43406677246094,95.59397888183594,0.1415573069782903
Spherical Grains,93,97.35122680664062,95.279541015625,0.22507434521880407
Spherical Grains,94,97.29243469238281,95.53575134277344,0.19795061067019418
Spherical Grains,95,96.8026123046875,95.50507354736328,0.20115998118728676
Spherical Grains,96,99.7300033569336,97.5752944946289,0.27880875105144765
Spherical Grains,97,99.81442260742188,97.66588592529297,0.2473497212127621
Spherical Grains,98,99.79924011230469,97.55121612548828,0.2897210661284528
Spherical Grains,99,99.93511962890625,97.69085693359375,0.29270891697888224
Spherical Grains,100,99.72329711914062,96.53656005859375,0.12864758330920303
Spherical Grains,101,99.53385162353516,96.68663787841797,0.13165836562508196
Spherical Grains,102,99.65967559814453,96.74738311767578,0.12573236426176412
Spherical Grains,103,99.59648132324219,96.713623046875,0.12150359298227907
Spherical Grains,104,99.67214965820312,96.88137817382812,0.24718663255373963
Spherical Grains,105,99.55770111083984,96.87626647949219,0.2547821132050472
Spherical Grains,106,99.35063171386719,96.71578979492188,0.20766144118516694
Spherical Grains,107,99.27442169189453,96.71994018554688,0.2337142038439163
Spherical Grains,108,99.60359191894531,96.42027282714844,0.21936544565260768
Spherical Grains,109,99.40348815917969,96.43844604492188,0.20702290917314112
Spherical Grains,110,99.49565887451172,96.44210815429688,0.20654614858726722
Spherical Grains,111,99.7391586303711,96.52644348144531,0.21516184297216373
Spherical Grains,112,99.224365234375,97.93490600585938,0.3545125297598124
Spherical Grains,113,99.34339904785156,97.96874237060547,0.3663965589767756
Spherical Grains,114,99.3696517944336,98.0016098022461,0.36694411905742413
Spherical Grains,115,99.42379760742188,98.03070831298828,0.308393097118892
Spherical Grains,116,99.61812591552734,98.2132568359375,0.3641477220850046
Spherical Grains,117,99.51652526855469,98.0450668334961,0.38543934027188875
Spherical Grains,118,99.67034912109375,98.1075668334961,0.3588041404571256
Spherical Grains,119,99.52447509765625,98.093017578125,0.36684287095238677
Spherical Grains,120,96.87651062011719,95.70154571533203,0.23645804948347865
Spherical Grains,121,97.55353546142578,95.77972412109375,0.22671970775375
Spherical Grains,122,96.61591339111328,95.74776458740234,0.1553052618604765
Spherical Grains,123,97.4364242553711,95.9842529296875,0.214884028089267
Spherical Grains,124,99.00990295410156,97.21570587158203,0.2967648364322287
Spherical Grains,125,99.10037231445312,97.36011505126953,0.31824447433176606
Spherical Grains,126,98.94862365722656,97.20096588134766,0.2726165524180129
Spherical Grains,127,98.85781860351562,97.14573669433594,0.28246096298037365
Cylindrical Pores,0,98.87606048583984,97.8062515258789,0.37658014833843917
Cylindrical Pores,1,98.80870819091797,97.72230529785156,0.3267036068000145
Cylindrical Pores,2,98.63062286376953,97.65506744384766,0.3498647946382253
Cylindrical Pores,3,99.00362396240234,97.77027893066406,0.3952387572105925
Cylindrical Pores,4,96.78135681152344,96.17454528808594,0.27977141790695004
Cylindrical Pores,5,97.97530364990234,97.06707000732422,0.24605800775582223
Cylindrical Pores,6,96.83799743652344,97.20736694335938,0.13554457687428284
Cylindrical Pores,7,96.73640441894531,97.09766387939453,0.1679402139634279
Cylindrical Pores,8,95.93270874023438,96.13634490966797,0.3582189141046235
Cylindrical Pores,9,97.00756072998047,96.56389617919922,0.37263486226373044
Cylindrical Pores,10,96.26641845703125,96.35738372802734,0.31077289249485207
Cylindrical Pores,11,96.3110122680664,96.43000030517578,0.3066331167205595
Cylindrical Pores,12,96.81592559814453,96.65885925292969,0.23976239998134713
Cylindrical Pores,13,97.09420013427734,96.88565826416016,0.2750953443503199
Cylindrical Pores,14,97.12214660644531,96.87538146972656,0.32894298764191204
Cylindrical Pores,15,97.23011016845703,97.006103515625,0.2538484693694474
Cylindrical Pores,16,93.10939025878906,94.86780548095703,0.2167038306028835
Cylindrical Pores,17,93.84473419189453,94.8403091430664,0.25525277686812664
Cylindrical Pores,18,92.8177261352539,94.92185974121094,0.23578046991453214
Cylindrical Pores,19,93.8055419921875,95.21016693115234,0.2282985612375907
Cylindrical Pores,20,97.63247680664062,97.5286636352539,0.24394866614810318
Cylindrical Pores,21,97.445556640625,97.22867584228516,0.38344098745554267
Cylindrical Pores,22,97.4075698852539,97.16386413574219,0.3504832356090646
Cylindrical Pores,23,97.39447021484375,97.35249328613281,0.2583799314320209
Cylindrical Pores,24,99.41874694824219,99.00896453857422,0.3928365575767744
Cylindrical Pores,25,99.46778106689453,98.9631576538086,0.45173198882057236
Cylindrical Pores,26,99.50520324707031,98.98245239257812,0.46494963290638874
Cylindrical Pores,27,99.45755004882812,98.97545623779297,0.3727732315538004
Cylindrical Pores,28,97.91120147705078,96.13079071044922,0.11433864979930827
Cylindrical Pores,29,98.63855743408203,96.26935577392578,0.15111572456842046
Cylindrical Pores,30,98.86726379394531,96.5284423828125,0.15228758341286716
Cylindrical Pores,31,98.31876373291016,96.0859146118164,0.13768455991905862
Cylindrical Pores,32,97.71672821044922,95.78314208984375,0.14681686155681314
Cylindrical Pores,33,97.30802917480469,95.55257415771484,0.1200406697464276
Cylindrical Pores,34,97.40804290771484,95.32083129882812,0.10313300638691823
Cylindrical Pores,35,97.7105712890625,95.18905639648438,0.13221289946865442
Cylindrical Pores,36,98.62261962890625,97.40580749511719,0.290478178489986
Cylindrical Pores,37,98.97988891601562,97.60395050048828,0.27149037927102815
Cylindrical Pores,38,98.6784439086914,97.24571990966797,0.3265484958622811
Cylindrical Pores,39,98.87159729003906,97.5078125,0.3414728759923658
Cylindrical Pores,40,93.39512634277344,94.3666763305664,0.0003619319657061196
Cylindrical Pores,41,92.90347290039062,94.62417602539062,0.017024055154896092
Cylindrical Pores,42,92.34346008300781,94.74053955078125,0.0228186612689091
Cylindrical Pores,43,91.45525360107422,94.75657653808594,0.019874251992910884
Cylindrical Pores,44,96.93367767333984,96.10368347167969,0.09075323739960492
Cylindrical Pores,45,96.61969757080078,96.08699798583984,0.13112544671801804
Cylindrical Pores,46,96.86930084228516,95.86296081542969,0.1535666887577842
Cylindrical Pores,47,97.47042846679688,95.73889923095703,0.16698627394477653
Cylindrical Pores,48,99.37089538574219,96.5186996459961,0.1246289742948231
Cylindrical Pores,49,99.07923889160156,96.4718246459961,0.14350662643919584
Cylindrical Pores,50,99.48443603515625,96.39358520507812,0.0949496171218093
Cylindrical Pores,51,99.29834747314453,96.473388671875,0.13161229728766527
Cylindrical Pores,52,99.8051528930664,96.07005310058594,0.23691328682515966
Cylindrical Pores,53,99.57740783691406,96.24337005615234,0.24952444273760999
Cylindrical Pores,54,99.71684265136719,96.27301025390625,0.23321651874041638
Cylindrical Pores,55,99.51392364501953,96.34888458251953,0.2369916746807562
Cylindrical Pores,56,99.84085083007812,98.4207992553711,0.40729507344564475
Cylindrical Pores,57,99.77804565429688,98.30704498291016,0.40508401183785336
Cylindrical Pores,58,99.79654693603516,98.31805419921875,0.4358120936088123
Cylindrical Pores,59,99.88864135742188,98.41764831542969,0.4414265887878359
Cylindrical Pores,60,99.70213317871094,98.95122528076172,0.43546625443834375
Cylindrical Pores,61,99.7656021118164,98.91210174560547,0.43459929125049007
Cylindrical Pores,62,99.77079772949219,98.92082977294922,0.4544336348798773
Cylindrical Pores,63,99.76913452148438,98.96916961669922,0.41009571299838987
Cylindrical Pores,64,97.63168334960938,91.34937286376953,0.2721413086247373
Cylindrical Pores,65,98.38712310791016,91.3358383178711,0.26039686556752334
Cylindrical Pores,66,97.49424743652344,91.5193099975586,0.23564145931737573
Cylindrical Pores,67,99.14051818847656,92.36698150634766,0.18270221588517668
Cylindrical Pores,68,98.63250732421875,95.24541473388672,0.18886190274835188
Cylindrical Pores,69,99.18683624267578,95.76223754882812,0.15884894755063547
Cylindrical Pores,70,99.29348754882812,95.78727722167969,0.1872589173076404
Cylindrical Pores,71,99.16787719726562,95.62699890136719,0.19334510582299275
Cylindrical Pores,72,99.7317886352539,98.76383972167969,0.34007845086935007
Cylindrical Pores,73,99.60808563232422,98.7191390991211,0.2958023781038315
Cylindrical Pores,74,99.71961975097656,98.79753875732422,0.343930983743965
Cylindrical Pores,75,99.6449203491211,98.81989288330078,0.34445286050833435
Cylindrical Pores,76,99.72340393066406,98.45618438720703,0.3258439364762547
Cylindrical Pores,77,99.68763732910156,98.44876861572266,0.3189063223137875
Cylindrical Pores,78,99.62554168701172,98.43246459960938,0.30787247147989694
Cylindrical Pores,79,99.70358276367188,98.40552520751953,0.3144566378880877
Cylindrical Pores,80,99.81621551513672,98.7394027709961,0.3488930209971422
Cylindrical Pores,81,99.86922454833984,98.73635864257812,0.35155862100038643
Cylindrical Pores,82,99.93614959716797,98.7293930053711,0.31289578760275594
Cylindrical Pores,83,99.82591247558594,98.68899536132812,0.31917678086168394
Cylindrical Pores,84,99.99976348876953,98.96613311767578,0.37249344379820887
Cylindrical Pores,85,99.97947692871094,98.96528625488281,0.4077446071682215
Cylindrical Pores,86,99.94685363769531,98.97462463378906,0.4112697148880716
Cylindrical Pores,87,99.90348052978516,98.92892456054688,0.4422036336114016
Cylindrical Pores,88,99.59678649902344,97.44320678710938,0.11972431161491179
Cylindrical Pores,89,99.62959289550781,97.62128448486328,0.11125747415743717
Cylindrical Pores,90,99.75423431396484,97.59175872802734,0.0890819516488797
Cylindrical Pores,91,99.95142364501953,97.55476379394531,0.05201753991667662
Cylindrical Pores,92,99.92768096923828,99.10740661621094,0.3600939557793943
Cylindrical Pores,93,99.81329345703125,99.08108520507812,0.35113355062949403
Cylindrical Pores,94,99.92375946044922,99.07896423339844,0.3756541996018495
Cylindrical Pores,95,99.95299530029297,99.07998657226562,0.3257313553849801
Cylindrical Pores,96,99.79153442382812,98.97283935546875,0.12339640179538323
Cylindrical Pores,97,99.74845123291016,98.9815444946289,0.12523212463007832
Cylindrical Pores,98,99.7799301147461,98.97128295898438,0.13650776585700042
Cylindrical Pores,99,99.77542877197266,98.96922302246094,0.13216135339679336
Cylindrical Pores,100,99.70697784423828,98.88053894042969,0.16221527338382294
Cylindrical Pores,101,99.6229476928711,98.94422912597656,0.1681555589045211
Cylindrical Pores,102,99.67680358886719,98.86660766601562,0.15887182218998686
Cylindrical Pores,103,99.6395034790039,98.95682525634766,0.15406142741122267
Cylindrical Pores,104,99.71063995361328,98.99337768554688,0.2105921632510713
Cylindrical Pores,105,99.71839904785156,99.05664825439453,0.22329016378687652
Cylindrical Pores,106,99.71358489990234,99.01396942138672,0.20883694807166678
Cylindrical Pores,107,99.7622299194336,99.01390075683594,0.22998587548033836
Cylindrical Pores,108,99.807373046875,98.99827575683594,0.293610306825023
Cylindrical Pores,109,99.83368682861328,99.01602172851562,0.30485373716250086
Cylindrical Pores,110,99.77806091308594,98.95614624023438,0.26937505020803904
Cylindrical Pores,111,99.79374694824219,98.95021057128906,0.27541652757018065
Cylindrical Pores,112,99.94632720947266,98.97447204589844,0.2876555122985286
Cylindrical Pores,113,99.88817596435547,99.00148010253906,0.23343545911675984
Cylindrical Pores,114,99.86743927001953,99.03130340576172,0.24230535463959588
Cylindrical Pores,115,99.89315032958984,98.9744873046875,0.19513003010697738
Cylindrical Pores,116,99.82746887207031,99.061279296875,0.2763352380459382
Cylindrical Pores,117,99.80398559570312,99.11741638183594,0.2751293576003446
Cylindrical Pores,118,99.85702514648438,99.04991149902344,0.28950123545983814
Cylindrical Pores,119,99.83745574951172,99.03624725341797,0.23322205241948502
Cylindrical Grains,0,99.92433166503906,97.82384490966797,0.08376855629527472
Cylindrical Grains,1,99.97284698486328,97.76924896240234,0.061882944300696366
Cylindrical Grains,2,99.95336151123047,97.84288787841797,0.05790901483325218
Cylindrical Grains,3,99.92102813720703,97.84823608398438,0.07438278449652751
Cylindrical Grains,4,99.87345123291016,97.52030944824219,0.042333586121217445
Cylindrical Grains,5,99.97489166259766,97.61945343017578,0.03769669574020454
Cylindrical Grains,6,99.85726165771484,97.57074737548828,0.06254222503416092
Cylindrical Grains,7,99.99024963378906,97.55641174316406,0.029992028908792545
Cylindrical Grains,8,99.32307434082031,96.27668762207031,0.10471077962131105
Cylindrical Grains,9,99.36746978759766,96.47911834716797,0.07780232732573325
Cylindrical Grains,10,99.45283508300781,96.39186096191406,0.11051264076612308
Cylindrical Grains,11,99.22100067138672,96.5016860961914,0.10575179333571776
Cylindrical Grains,12,99.52438354492188,97.73202514648438,0.11072849026426769
Cylindrical Grains,13,99.45376586914062,97.6451644897461,0.08115886682031176
Cylindrical Grains,14,99.50812530517578,97.69335174560547,0.11189877899582076
Cylindrical Grains,15,99.52416229248047,97.69425964355469,0.09716521558828241
Cylindrical Grains,16,99.93617248535156,97.17965698242188,0.2154087895225155
Cylindrical Grains,17,99.9623031616211,97.08296203613281,0.19013744831904109
Cylindrical Grains,18,99.94029235839844,97.01019287109375,0.20939657166336284
Cylindrical Grains,19,99.99398040771484,97.11164093017578,0.19894101934728536
Cylindrical Grains,20,99.92852783203125,98.15731811523438,0.2390416867219916
Cylindrical Grains,21,99.99617004394531,98.21570587158203,0.24604196821961516
Cylindrical Grains,22,99.97064971923828,98.26776885986328,0.24994235266032894
Cylindrical Grains,23,99.91896057128906,98.2690658569336,0.23265810374626722
Cylindrical Grains,24,98.90936279296875,96.9673843383789,0.26598160225539613
Cylindrical Grains,25,99.01141357421875,96.8038101196289,0.2750991490133189
Cylindrical Grains,26,99.02973175048828,96.6254653930664,0.2697588892707913
Cylindrical Grains,27,99.20305633544922,96.75212097167969,0.2788004589766469
Cylindrical Grains,28,99.14179992675781,97.82958221435547,0.11965301081376821
Cylindrical Grains,29,99.15443420410156,97.77655792236328,0.10759946076129029
Cylindrical Grains,30,99.01541137695312,97.7522201538086,0.15150726093820163
Cylindrical Grains,31,99.15670013427734,97.84229278564453,0.16487496351903008
Cylindrical Grains,32,99.46794128417969,98.2518081665039,0.4085996785369587
Cylindrical Grains,33,99.29144287109375,98.14714813232422,0.3950168832218888
Cylindrical Grains,34,99.53050994873047,98.1948471069336,0.4059087573916218
Cylindrical Grains,35,99.441162109375,98.29501342773438,0.4126698682787499
Cylindrical Grains,36,98.98924255371094,97.24940490722656,0.38203952415946246
Cylindrical Grains,37,99.17694854736328,97.21793365478516,0.361111528136744
Cylindrical Grains,38,99.05257415771484,97.27079010009766,0.3596202806863801
Cylindrical Grains,39,99.23435974121094,97.22122955322266,0.3678220942042125
Cylindrical Grains,40,98.48775482177734,95.51629638671875,0.2647976092116637
Cylindrical Grains,41,98.92574310302734,96.09636688232422,0.26200352214483336
Cylindrical Grains,42,97.98957061767578,95.67020416259766,0.21967454392680585
Cylindrical Grains,43,98.84947967529297,95.95417785644531,0.19225937202832527
Cylindrical Grains,44,98.86386108398438,96.41816711425781,0.27044973726236715
Cylindrical Grains,45,98.96267700195312,96.20504760742188,0.261372613866285
Cylindrical Grains,46,99.17008972167969,96.31155395507812,0.26461881627407136
Cylindrical Grains,47,99.1866683959961,96.630615234375,0.24053000846584185
Cylindrical Grains,48,98.61600494384766,97.02530670166016,0.2929700209429396
Cylindrical Grains,49,98.66743469238281,96.90565490722656,0.2793759829222394
Cylindrical Grains,50,98.53494262695312,96.91141510009766,0.2658103016570601
Cylindrical Grains,51,98.77241516113281,97.10704040527344,0.3072674419718005
Cylindrical Grains,52,96.81578826904297,93.61247253417969,0.2385076624741999
Cylindrical Grains,53,96.75845336914062,93.32937622070312,0.21651725195096905
Cylindrical Grains,54,97.09552001953125,93.3497314453125,0.24026617345035645
Cylindrical Grains,55,96.60943603515625,93.78578186035156,0.26513613315435774
Cylindrical Grains,56,98.40795135498047,95.58934783935547,0.22857067821153593
Cylindrical Grains,57,97.9596939086914,95.5489273071289,0.21050853936097336
Cylindrical Grains,58,97.73139953613281,94.9715805053711,0.2044636750989081
Cylindrical Grains,59,98.32659149169922,95.0732192993164,0.2534502302261807
Cylindrical Grains,60,98.0102310180664,95.75926208496094,0.31869402961826343
Cylindrical Grains,61,97.88232421875,95.87007141113281,0.3173320289144911
Cylindrical Grains,62,98.22005462646484,95.64161682128906,0.3153223057740257
Cylindrical Grains,63,98.23515319824219,95.80314636230469,0.32171691397925084
Cylindrical Grains,64,98.1070327758789,97.26701354980469,0.37473895856946543
Cylindrical Grains,65,98.51153564453125,97.5443115234375,0.3636613821382601
Cylindrical Grains,66,98.35387420654297,97.45843505859375,0.28360599991350144
Cylindrical Grains,67,98.33049774169922,97.41989135742188,0.33287302323977114
Cylindrical Grains,68,95.44068908691406,94.45169830322266,0.2787108363737909
Cylindrical Grains,69,95.98347473144531,94.76931762695312,0.28369799127423495
Cylindrical Grains,70,96.06829071044922,94.84024047851562,0.2442598878075729
Cylindrical Grains,71,96.20246124267578,94.55549621582031,0.31480760681473746
Cylindrical Grains,72,97.12230682373047,93.3000717163086,0.1948737720263372
Cylindrical Grains,73,96.98115539550781,93.64326477050781,0.18181550471798316
Cylindrical Grains,74,96.1433334350586,93.47016143798828,0.16952570916299406
Cylindrical Grains,75,97.12135314941406,93.34724426269531,0.2071882251344629
Cylindrical Grains,76,92.69483184814453,91.96712493896484,0.21809021383307578
Cylindrical Grains,77,93.82752990722656,92.30171966552734,0.20958332515355046
Cylindrical Grains,78,92.5871810913086,91.572265625,0.19499022362678634
Cylindrical Grains,79,94.29573059082031,92.26940155029297,0.21069704771225325
Cylindrical Grains,80,96.74130249023438,97.3905029296875,0.3481588185666128
Cylindrical Grains,81,96.71154022216797,97.32396697998047,0.33139586639618507
Cylindrical Grains,82,97.09434509277344,97.31897735595703,0.40881788558546556
Cylindrical Grains,83,96.88972473144531,97.43843841552734,0.39532961841654973
Cylindrical Grains,84,55.0765266418457,60.655517578125,0.11888814977939012
Cylindrical Grains,85,54.6107177734375,58.7269172668457,0.10326505175215683
Cylindrical Grains,86,50.98323059082031,58.133785247802734,0.1328434354497644
Cylindrical Grains,87,58.499725341796875,60.34746170043945,0.1209725305027633
Cylindrical Grains,88,78.82996368408203,78.74394989013672,0.10444477899854972
Cylindrical Grains,89,81.92071533203125,79.58763122558594,0.09988416206661466
Cylindrical Grains,90,79.3185043334961,78.29493713378906,0.11876312093059298
Cylindrical Grains,91,80.24626922607422,80.30106353759766,0.10152053122695977
Cylindrical Grains,92,93.1490707397461,93.80425262451172,0.2535158516062309
Cylindrical Grains,93,93.59909057617188,93.72665405273438,0.2714743754689311
Cylindrical Grains,94,93.14049530029297,93.7098617553711,0.2275294943190261
Cylindrical Grains,95,94.12744140625,94.38826751708984,0.18320005942172088
Bentheimer,0,96.28247833251953,94.11558532714844,0.09610765401682461
Bentheimer,1,96.4490966796875,94.51380157470703,0.10693935220274346
Bentheimer,2,96.07249450683594,94.2720947265625,0.06484490795421131
Bentheimer,3,95.74164581298828,94.0679702758789,0.06352093023726706
Bentheimer,4,92.1472396850586,92.0525131225586,0.1902482724681783
Bentheimer,5,93.18386840820312,92.52892303466797,0.2259031989652361
Bentheimer,6,92.09980773925781,91.94647216796875,0.2211021734218652
Bentheimer,7,92.76282501220703,92.79497528076172,0.14840529146737622
Bentheimer,8,82.65142822265625,88.49116516113281,0.11458146503437458
Bentheimer,9,82.94132995605469,88.17256164550781,0.18217452203755533
Bentheimer,10,83.48758697509766,87.4361343383789,0.21603077208995614
Bentheimer,11,82.67388916015625,88.34761810302734,0.18399739872926593
Bentheimer,12,92.85171508789062,92.54777526855469,0.20576407459603155
Bentheimer,13,91.70708465576172,92.40203094482422,0.17471480579595136
Bentheimer,14,92.17932891845703,92.31832122802734,0.1479325009984532
Bentheimer,15,91.18460083007812,92.28710174560547,0.1945404846089916
Bentheimer,16,94.94674682617188,94.03952026367188,0.1818318618246145
Bentheimer,17,95.33973693847656,93.7945327758789,0.17650415409368778
Bentheimer,18,95.00102996826172,94.30027770996094,0.14549136063355023
Bentheimer,19,94.79549407958984,93.9780502319336,0.2038378253966323
Bentheimer,20,94.49414825439453,92.92386627197266,0.15781406222572006
Bentheimer,21,94.19401550292969,92.80795288085938,0.1556469310279764
Bentheimer,22,93.5217514038086,92.64669036865234,0.14602736645035436
Bentheimer,23,94.67163848876953,92.75614929199219,0.17641774584604053
Bentheimer,24,96.13786315917969,95.68921661376953,0.24032311847148194
Bentheimer,25,96.2618637084961,95.9673843383789,0.26813074440470525
Bentheimer,26,96.445556640625,95.98035430908203,0.2452519024364442
Bentheimer,27,96.78099822998047,95.97892761230469,0.2305249790803721
Bentheimer,28,98.58869171142578,98.31490325927734,0.35578969149273076
Bentheimer,29,98.64222717285156,98.29463195800781,0.37968925226256334
Bentheimer,30,98.69618225097656,98.38871765136719,0.3575243559638543
Bentheimer,31,98.511962890625,98.29257202148438,0.3553518214699131
Bentheimer,32,63.70014953613281,61.4981575012207,0.09205555086123639
Bentheimer,33,56.82887649536133,61.89030075073242,0.08552216940985236
Bentheimer,34,55.56296157836914,64.48536682128906,0.06401083184248979
Bentheimer,35,60.73858642578125,62.617210388183594,0.06255976265050914
Bentheimer,36,97.2650146484375,97.29613494873047,0.25622031456542355
Bentheimer,37,97.7258071899414,97.4314193725586,0.15337968456839668
Bentheimer,38,97.72483825683594,97.48086547851562,0.20827902458893657
Bentheimer,39,97.48472595214844,97.57281494140625,0.2679878235224397
Bentheimer,40,97.18431854248047,96.2893295288086,0.22275317106152112
Bentheimer,41,97.26384735107422,96.31912994384766,0.15538410863638366
Bentheimer,42,96.94792938232422,96.09183502197266,0.1615311554551709
Bentheimer,43,97.06793212890625,96.47893524169922,0.2005917234271323
Bentheimer,44,94.87328338623047,94.2018051147461,0.08026504660129183
Bentheimer,45,94.9360580444336,93.99736022949219,0.11527566427221073
Bentheimer,46,94.83828735351562,94.23886108398438,0.13219128612588849
Bentheimer,47,94.25435638427734,93.99383544921875,0.08909408938345464
Bentheimer,48,88.78793334960938,81.87609100341797,0.025622487054967093
Bentheimer,49,85.21321105957031,80.25352478027344,0.06137547772861393
Bentheimer,50,82.97966003417969,79.62987518310547,0.08733828233857922
Bentheimer,51,90.29977416992188,79.87793731689453,0.053299620628082606
Bentheimer,52,95.21310424804688,95.01885986328125,0.21267853424571448
Bentheimer,53,95.9498519897461,95.24148559570312,0.27985317006715515
Bentheimer,54,96.17945098876953,95.28498840332031,0.25940255354389097
Bentheimer,55,94.89269256591797,94.7818374633789,0.2586473429611582
Bentheimer,56,84.90009307861328,85.46875,0.0941177350057999
Bentheimer,57,83.9839859008789,84.80638122558594,0.10047920497202971
Bentheimer,58,84.58639526367188,85.5030288696289,0.0602040546989859
Bentheimer,59,86.08206939697266,84.0103530883789,0.09783699564463946
Bentheimer,60,93.98336029052734,93.33684539794922,0.10999139506095551
Bentheimer,61,93.90351104736328,93.91698455810547,0.08999285873869832
Bentheimer,62,94.3095474243164,93.6049575805664,0.04839598940015043
Bentheimer,63,94.32616424560547,92.44927215576172,0.09813099807475789
Bentheimer,64,97.02127075195312,95.94556427001953,0.15772916153759758
Bentheimer,65,96.40365600585938,95.62775421142578,0.17873363458064484
Bentheimer,66,96.63563537597656,95.8104248046875,0.16903610190772217
Bentheimer,67,96.88843536376953,96.04605865478516,0.16835874775566723
Bentheimer,68,94.82081604003906,93.93323516845703,0.1428982225007996
Bentheimer,69,94.79020690917969,94.10498046875,0.15635507594529544
Bentheimer,70,95.022705078125,94.30528259277344,0.1796032447554322
Bentheimer,71,94.63590240478516,94.14656066894531,0.17244265753976837
Bentheimer,72,92.85186767578125,91.27716064453125,0.10445451453565184
Bentheimer,73,92.95099639892578,92.2665786743164,0.025836368734637127
Bentheimer,74,93.27944946289062,91.99929809570312,0.022197533276001078
Bentheimer,75,92.93006896972656,91.76040649414062,0.09012091566435021
Bentheimer,76,95.68370056152344,93.04078674316406,0.11391694406788537
Bentheimer,77,96.15506744384766,93.21463012695312,0.15281903102838487
Bentheimer,78,95.40410614013672,93.28739929199219,0.14340728872248587
Bentheimer,79,95.87301635742188,93.367919921875,0.1495480882015156
Bentheimer,80,96.69182586669922,95.60499572753906,0.1835593402473146
Bentheimer,81,96.55311584472656,95.45340728759766,0.17477971285823335
Bentheimer,82,97.3094711303711,95.5514907836914,0.17245339672413015
Bentheimer,83,96.64620208740234,95.67401885986328,0.15411215472998308
Bentheimer,84,68.5654296875,71.59488677978516,0.11043939174795855
Bentheimer,85,71.91902923583984,71.53247833251953,0.11748444358595331
Bentheimer,86,69.16313934326172,71.58283996582031,0.12582736553226004
Bentheimer,87,68.7347640991211,71.53160095214844,0.07849851056382162
Bentheimer,88,89.83500671386719,89.1438980102539,0.14884116266758302
Bentheimer,89,91.2994384765625,89.9300308227539,0.13339739115304092
Bentheimer,90,89.31221771240234,88.62252807617188,0.1000118277329727
Bentheimer,91,90.25049591064453,88.76038360595703,0.15402510538772038
Bentheimer,92,94.37041473388672,92.40956115722656,0.16379713553827438
Bentheimer,93,92.01978302001953,92.15072631835938,0.1281406953112821
Bentheimer,94,93.49734497070312,91.7311019897461,0.13446844786680504
Bentheimer,95,93.88055419921875,92.64871215820312,0.15498389499259907
Bentheimer,96,96.0904312133789,95.59201049804688,0.11229149316546394
Bentheimer,97,95.93931579589844,95.58719635009766,0.12666562263295855
Bentheimer,98,96.10417938232422,95.78241729736328,0.18637320792315082
Bentheimer,99,96.08467864990234,95.41570281982422,0.183413678340892
Bentheimer,100,98.52251434326172,96.98917388916016,0.3000321201043289
Bentheimer,101,98.41126251220703,97.05776977539062,0.2639934805432589
Bentheimer,102,97.79273223876953,96.62736511230469,0.3296218404110644
Bentheimer,103,98.74068450927734,96.89622497558594,0.38689197115854645
Bentheimer,104,96.20526123046875,96.87422943115234,0.2543547931729014
Bentheimer,105,95.64707946777344,96.67826843261719,0.1791826481402411
Bentheimer,106,96.47578430175781,96.6383285522461,0.15974569860745386
Bentheimer,107,96.08563995361328,96.82366943359375,0.18537124538838376
Bentheimer,108,94.73692321777344,94.75064849853516,0.16878857750679138
Bentheimer,109,94.55642700195312,94.96886444091797,0.18258472041700516
Bentheimer,110,94.12622833251953,94.63794708251953,0.15576696761168574
Bentheimer,111,95.21723937988281,94.02452087402344,0.15440323598567576
Bentheimer,112,93.2357406616211,92.97802734375,0.17521626553190162
Bentheimer,113,90.71025848388672,92.02073669433594,0.13485989642825047
Bentheimer,114,91.61054992675781,92.01734924316406,0.18529167408830452
Bentheimer,115,91.8367919921875,92.3141860961914,0.13927932988712952
Bentheimer,116,93.53873443603516,92.95873260498047,0.19216590863766103
Bentheimer,117,93.20125579833984,92.89140319824219,0.21693716204031996
Bentheimer,118,92.52264404296875,93.013916015625,0.202421991718793
Bentheimer,119,92.52883911132812,92.5321273803711,0.17011067348955858
Bentheimer,120,98.24761962890625,98.27558898925781,0.40416989756996197
Bentheimer,121,98.05403137207031,98.24337005615234,0.3753497868275143
Bentheimer,122,97.99665832519531,98.25370788574219,0.3567689748363024
Bentheimer,123,98.15924072265625,98.17465209960938,0.37259502060277555
Bentheimer,124,97.57743835449219,97.40629577636719,0.3007243340796417
Bentheimer,125,97.7357177734375,97.54586791992188,0.2925645744025097
Bentheimer,126,97.42404174804688,97.43131256103516,0.30643576630976893
Bentheimer,127,97.22162628173828,97.32946014404297,0.3024062309443408
Bentheimer,128,77.90177917480469,75.77941131591797,0.14129713539193342
Bentheimer,129,76.801025390625,74.96257019042969,0.09075235679278615
Bentheimer,130,73.43827819824219,75.0522689819336,0.10900623762524822
Bentheimer,131,79.42390441894531,76.19126892089844,0.1504664501628975
Bentheimer,132,95.03629302978516,95.3625259399414,0.11869748269275032
Bentheimer,133,93.68827056884766,95.35409545898438,0.17283725101485167
Bentheimer,134,93.96011352539062,95.09253692626953,0.12045997655912359
Bentheimer,135,94.05225372314453,94.77921295166016,0.15592688787504747
Bentheimer,136,97.5366439819336,97.30772399902344,0.2289905851977066
Bentheimer,137,97.90177154541016,97.47391510009766,0.2134709695756882
Bentheimer,138,97.10067749023438,97.15480041503906,0.21516629376161972
Bentheimer,139,97.75365447998047,97.59186553955078,0.24892997343291343
Bentheimer,140,92.2728042602539,89.85550689697266,0.09257494563855598
Bentheimer,141,93.46387481689453,90.91590881347656,0.09121464796872472
Bentheimer,142,92.46951293945312,90.44770812988281,0.09352312190852421
Bentheimer,143,93.20486450195312,90.21625518798828,0.0780530287329808
Bentheimer,144,96.41337585449219,95.943359375,0.19375318481062795
Bentheimer,145,96.84410095214844,96.22411346435547,0.11185849483395266
Bentheimer,146,95.9287338256836,95.74401092529297,0.14880369003965319
Bentheimer,147,96.66023254394531,95.9523696899414,0.18961098922938904
Bentheimer,148,96.20296478271484,97.06019592285156,0.18192831947071564
Bentheimer,149,97.12432861328125,97.16773223876953,0.1745378070410831
Bentheimer,150,95.70369720458984,96.90098571777344,0.3192253936875616
Bentheimer,151,96.41572570800781,97.3998031616211,0.2676423964763852
Bentheimer,152,98.24436950683594,96.75279998779297,0.21427619962484495
Bentheimer,153,98.39463806152344,96.93506622314453,0.22571486708484323
Bentheimer,154,98.16527557373047,96.6117172241211,0.23934012705172186
Bentheimer,155,98.36957550048828,96.7759017944336,0.2308836823543714
Bentheimer,156,93.2416763305664,91.18595886230469,0.21598842579467828
Bentheimer,157,92.9095687866211,91.54639434814453,0.2292069538615954
Bentheimer,158,93.1126937866211,91.62422943115234,0.26906041985053053
Bentheimer,159,91.59697723388672,90.54779815673828,0.23970119846328505
Bentheimer,160,97.38194274902344,96.194091796875,0.18218152898214524
Bentheimer,161,97.66464233398438,96.26318359375,0.15498538678924823
Bentheimer,162,97.68299102783203,96.20967102050781,0.18449585429826781
Bentheimer,163,97.36979675292969,96.3115234375,0.12216890235199847
Bentheimer,164,95.77913665771484,95.85576629638672,0.16628459636321624
Bentheimer,165,95.9666976928711,95.92945861816406,0.17611064932705073
Bentheimer,166,96.11048889160156,95.82981872558594,0.2031086503775212
Bentheimer,167,96.64739990234375,96.15477752685547,0.20047650125955516
Bentheimer,168,91.99494171142578,93.49581146240234,0.13216159339142902
Bentheimer,169,92.52034759521484,93.26544952392578,0.14975616246749712
Bentheimer,170,92.2697982788086,93.20962524414062,0.11679636618194818
Bentheimer,171,91.31848907470703,93.12300872802734,0.16104990175525924
Bentheimer,172,97.65286254882812,96.06471252441406,0.17130475801461867
Bentheimer,173,96.86654663085938,95.9893569946289,0.14323175453271142
Bentheimer,174,96.38990783691406,96.06802368164062,0.10194879272847328
Bentheimer,175,96.30490112304688,95.91763305664062,0.11841451028494103
Bentheimer,176,92.67933654785156,92.51871490478516,0.23659921228326236
Bentheimer,177,91.12857055664062,91.91651916503906,0.2526861413502643
Bentheimer,178,92.70594787597656,92.751953125,0.2540805187101333
Bentheimer,179,91.61934661865234,92.60749053955078,0.22055925505078766
Bentheimer,180,87.30838012695312,86.39634704589844,0.10393058056240638
Bentheimer,181,85.98048400878906,86.7979507446289,0.10358803417393307
Bentheimer,182,85.72213745117188,87.19097900390625,0.057549748831039804
Bentheimer,183,84.23820495605469,84.99604034423828,0.09613867765657728
Bentheimer,184,89.57788848876953,88.74295806884766,0.07018197784772534
Bentheimer,185,89.22409057617188,88.64883422851562,0.0667974730632358
Bentheimer,186,90.38932800292969,88.7671890258789,0.07707586419832016
Bentheimer,187,88.22940826416016,88.81177520751953,0.06752588249635044
Bentheimer,188,94.88080596923828,95.26858520507812,0.1753032774574078
Bentheimer,189,95.00666809082031,95.39779663085938,0.12783131503449877
Bentheimer,190,95.06201934814453,95.24779510498047,0.10798986399153437
Bentheimer,191,96.0107192993164,95.87039184570312,0.16560379456569432
Bentheimer,192,90.66683197021484,89.66925811767578,0.0541621003130284
Bentheimer,193,92.58818054199219,90.339111328125,0.023531506740975778
Bentheimer,194,92.4024887084961,89.72575378417969,0.06642908586666707
Bentheimer,195,89.78802490234375,89.27583312988281,0.06664770365066362
Bentheimer,196,97.71576690673828,97.67760467529297,0.19694842963305134
Bentheimer,197,97.54737854003906,97.3752670288086,0.26741899460699986
Bentheimer,198,97.45808410644531,97.47423553466797,0.22312248197476547
Bentheimer,199,97.7470703125,97.64772033691406,0.19560591115253273
Bentheimer,200,96.8837661743164,96.94281005859375,0.3370550552291335
Bentheimer,201,96.59024810791016,96.86162567138672,0.3394056275333488
Bentheimer,202,96.32019805908203,96.75298309326172,0.324728695981617
Bentheimer,203,96.54600524902344,96.62899780273438,0.3570248771109248
Bentheimer,204,80.79792022705078,77.8672103881836,0.10728456007900469
Bentheimer,205,77.30303955078125,77.33187103271484,0.12284561884725191
Bentheimer,206,78.31241607666016,78.88714599609375,0.10802455304672987
Bentheimer,207,79.36734771728516,76.22075653076172,0.11808322323315856
Bentheimer,208,95.08827209472656,94.61274719238281,0.12365301277396545
Bentheimer,209,95.75634765625,94.6880874633789,0.14125016964033787
Bentheimer,210,95.66461181640625,94.94731140136719,0.165608301761892
Bentheimer,211,95.34623718261719,94.7546615600586,0.13606335793781063
Bentheimer,212,98.51394653320312,97.03234100341797,0.26936292138354007
Bentheimer,213,98.59524536132812,97.14434814453125,0.2752270941722664
Bentheimer,214,98.32854461669922,96.89730072021484,0.26045028473216153
Bentheimer,215,98.58688354492188,97.03955078125,0.29925822599372776
Bentheimer,216,98.22310638427734,96.39014434814453,0.12270187237839826
Bentheimer,217,97.66384887695312,96.22726440429688,0.16061312530843802
Bentheimer,218,97.11062622070312,96.45108795166016,0.15829270667160864
Bentheimer,219,97.97935485839844,96.42172241210938,0.09802038328311756
Bentheimer,220,94.3211441040039,94.49996948242188,0.11540904251333667
Bentheimer,221,94.88119506835938,94.60485076904297,0.15070156973734164
Bentheimer,222,95.39917755126953,94.65494537353516,0.03574382594880524
Bentheimer,223,94.8609848022461,94.52011108398438,0.10259729445305343
Bentheimer,224,94.26409149169922,92.82774353027344,0.12265012748998501
Bentheimer,225,93.77818298339844,92.93072509765625,0.07461866973433415
Bentheimer,226,94.65437316894531,93.23963928222656,0.08352115524939376
Bentheimer,227,94.28585815429688,92.977294921875,0.08957395181537813
Bentheimer,228,97.90937042236328,96.86840057373047,0.24249366838565695
Bentheimer,229,98.18106079101562,96.90546417236328,0.2455274647437985
Bentheimer,230,97.68568420410156,97.06373596191406,0.21700936280305072
Bentheimer,231,98.03643798828125,97.0689468383789,0.2308521292623092
Bentheimer,232,85.04174041748047,86.0053939819336,0.1792697802627196
Bentheimer,233,85.039306640625,86.19071197509766,0.13378618425890823
Bentheimer,234,83.66925048828125,85.75694274902344,0.16160235935055486
Bentheimer,235,84.07530975341797,85.48981475830078,0.17487003401314632
Bentheimer,236,97.4452896118164,96.93093872070312,0.17069713717560503
Bentheimer,237,97.80783081054688,96.9595718383789,0.1602672047629958
Bentheimer,238,97.4998550415039,96.74546813964844,0.16960616157368255
Bentheimer,239,98.02302551269531,96.99201965332031,0.1155970781970268
Bentheimer,240,95.25354766845703,94.16436767578125,0.17615667154200368
Bentheimer,241,94.95304107666016,94.06768798828125,0.09776665601600498
Bentheimer,242,96.23043060302734,94.03225708007812,0.09417700995140608
Bentheimer,243,95.48612213134766,94.3548355102539,0.11670302920454186
Bentheimer,244,90.36493682861328,91.34049224853516,0.17521834652594614
Bentheimer,245,90.42071533203125,91.14130401611328,0.1620483811860814
Bentheimer,246,89.20916748046875,90.91927337646484,0.13306825897613594
Bentheimer,247,90.5943603515625,91.25643920898438,0.16722000039005216
Bentheimer,248,94.97586059570312,94.33229064941406,0.1875065030185796
Bentheimer,249,94.2969741821289,94.35176086425781,0.16021528039617558
Bentheimer,250,94.90001678466797,94.51349639892578,0.1655104991066853
Bentheimer,251,95.00445556640625,94.49193572998047,0.20963066320251234
Bentheimer,252,92.66383361816406,91.24246978759766,0.11033106767353118
Bentheimer,253,91.61949920654297,90.89765930175781,0.1063801592067094
Bentheimer,254,92.39340209960938,91.03548431396484,0.16769843307284402
Bentheimer,255,92.60188293457031,91.28234100341797,0.11111545509952428
Bentheimer,256,95.81775665283203,95.47561645507812,0.13856807452062186
Bentheimer,257,95.0870590209961,95.12849426269531,0.1663312547560662
Bentheimer,258,95.35205841064453,95.08802795410156,0.20578156525776184
Bentheimer,259,96.5350570678711,95.45503234863281,0.11889514750409776
Bentheimer,260,96.21041870117188,95.12109375,0.247554798860504
Bentheimer,261,95.4065170288086,95.06163787841797,0.2008874983915171
Bentheimer,262,95.93791961669922,94.98355102539062,0.14122976117594363
Bentheimer,263,96.48880767822266,95.23236846923828,0.16485508235765187
Bentheimer,264,97.1783447265625,97.35507202148438,0.3155377495988787
Bentheimer,265,97.15019226074219,97.36729431152344,0.32103984307987754
Bentheimer,266,96.9668197631836,97.46157836914062,0.23235379113189938
Bentheimer,267,97.1786117553711,97.23741912841797,0.2442089252412057
Bentheimer,268,95.79285430908203,94.58507537841797,0.24381517953263362
Bentheimer,269,95.94327545166016,94.74479675292969,0.2782446451057508
Bentheimer,270,95.11014556884766,94.22946166992188,0.28039049206144145
Bentheimer,271,96.39714813232422,94.83537292480469,0.25085250940166925
Bentheimer,272,82.66596221923828,83.01728057861328,0.14019799131815688
Bentheimer,273,84.9229736328125,84.72346496582031,0.13223661007402038
Bentheimer,274,77.97984313964844,82.5263442993164,0.12496931555380521
Bentheimer,275,81.36907958984375,82.4800796508789,0.1448394269871899
Bentheimer,276,92.05416870117188,92.26849365234375,0.06262026327665055
Bentheimer,277,91.14079284667969,91.15272521972656,0.12907491396395507
Bentheimer,278,91.88690185546875,91.5367660522461,0.08494110315661871
Bentheimer,279,92.8760757446289,92.62245178222656,0.1053154757134463
Bentheimer,280,93.00443267822266,93.19830322265625,0.08560416071914295
Bentheimer,281,93.34539794921875,93.07393646240234,0.06756209046558347
Bentheimer,282,94.26359558105469,92.71894073486328,0.056047042226324624
Bentheimer,283,92.02385711669922,92.56980895996094,0.05859531588494548
Bentheimer,284,85.87770080566406,86.40853881835938,0.11783992606251834
Bentheimer,285,85.87834930419922,87.58892059326172,0.056526376792305745
Bentheimer,286,84.8526382446289,86.46835327148438,0.07327421840475913
Bentheimer,287,82.98077392578125,86.34107208251953,0.10287736891179416
Bentheimer,288,97.5688705444336,95.6795654296875,0.10438352037757304
Bentheimer,289,98.07199096679688,95.90904998779297,0.09673649225035838
Bentheimer,290,97.44336700439453,95.73114776611328,0.09218854519640977
Bentheimer,291,97.61405944824219,95.7839126586914,0.10141336880944346
Bentheimer,292,95.35133361816406,94.7603759765625,0.10828595461424034
Bentheimer,293,95.7819595336914,95.15230560302734,0.03155701778699569
Bentheimer,294,95.88130950927734,94.41146850585938,0.08741423129583349
Bentheimer,295,95.908203125,95.10929107666016,0.10213603291331123
Bentheimer,296,98.680908203125,98.06041717529297,0.20843777804098543
Bentheimer,297,98.46884155273438,97.90559387207031,0.18224159996394335
Bentheimer,298,98.69339752197266,97.93067169189453,0.20083405326178355
Bentheimer,299,98.82633972167969,98.21476745605469,0.24423951493830356
Bentheimer,300,96.55037689208984,92.11930084228516,0.11258390026478408
Bentheimer,301,95.23577880859375,91.92823791503906,0.15342333362462723
Bentheimer,302,94.53846740722656,91.65472412109375,0.12296986300667563
Bentheimer,303,94.95707702636719,91.7257080078125,0.15087406493938435
Bentheimer,304,96.9636001586914,96.94332122802734,0.22365284900260185
Bentheimer,305,97.32715606689453,97.05477142333984,0.2347970118979043
Bentheimer,306,97.3192367553711,97.12603759765625,0.22114998309191267
Bentheimer,307,97.3064193725586,96.96986389160156,0.18798700822443937
Bentheimer,308,92.06497192382812,89.42008972167969,0.10584545451860886
Bentheimer,309,91.979736328125,88.9155044555664,0.1619804192963311
Bentheimer,310,93.9888687133789,89.90326690673828,0.1681915826919323
Bentheimer,311,92.88394927978516,89.82699584960938,0.1313002352407546
Bentheimer,312,93.50331115722656,92.86141204833984,0.22627182083020875
Bentheimer,313,94.77008056640625,92.67115020751953,0.1833715304288663
Bentheimer,314,95.07715606689453,93.2113037109375,0.15044181473555232
Bentheimer,315,95.33667755126953,93.87566375732422,0.20360795947302338
Bentheimer,316,95.20547485351562,93.59832000732422,0.0688458708644774
Bentheimer,317,95.53667449951172,93.12149047851562,0.03723700072957479
Bentheimer,318,95.88243865966797,93.44934844970703,0.10055233809009123
Bentheimer,319,95.29493713378906,93.85657501220703,0.13271742069533454
Bentheimer,320,97.48631286621094,96.40300750732422,0.20664140431599945
Bentheimer,321,97.39220428466797,96.46243286132812,0.24290470785607327
Bentheimer,322,97.07058715820312,95.82046508789062,0.2823597430539997
Bentheimer,323,97.4961929321289,96.18700408935547,0.24202981930607764
Bentheimer,324,89.8360595703125,89.98379516601562,0.06142110335020133
Bentheimer,325,91.51620483398438,90.8245620727539,0.10192844837330475
Bentheimer,326,89.96796417236328,90.93948364257812,0.035498109435614024
Bentheimer,327,89.25243377685547,90.41918182373047,0.09078980708145475
Bentheimer,328,94.11243438720703,92.92298889160156,0.22453001619244334
Bentheimer,329,95.04429626464844,93.50457000732422,0.17431574686121135
Bentheimer,330,94.30390930175781,93.18147277832031,0.14064368099897878
Bentheimer,331,94.8675765991211,93.91999816894531,0.14038196804042627
Bentheimer,332,95.1113510131836,93.6600112915039,0.25304749434826507
Bentheimer,333,94.05662536621094,93.70247650146484,0.2717054871431468
Bentheimer,334,94.23703002929688,93.61115264892578,0.3212044375822868
Bentheimer,335,94.4267578125,93.30435180664062,0.29822370238586265
Bentheimer,336,98.08702850341797,96.61393737792969,0.18334310578574178
Bentheimer,337,98.17282104492188,96.83145141601562,0.1961997401773091
Bentheimer,338,97.61172485351562,96.84492492675781,0.15152072006717446
Bentheimer,339,98.13150787353516,96.85798645019531,0.12669229314914132
Bentheimer,340,98.03778076171875,97.34420776367188,0.2584675257852412
Bentheimer,341,97.75663757324219,97.21038055419922,0.23273662294552516
Bentheimer,342,98.06890869140625,97.19190216064453,0.26627551381345044
Bentheimer,343,97.83497619628906,97.33253479003906,0.23961273760241186
Bentheimer,344,96.49105072021484,95.41126251220703,0.1899962497204238
Bentheimer,345,96.29158020019531,95.67391967773438,0.22229972050488234
Bentheimer,346,96.73155975341797,95.79545593261719,0.249901499707108
Bentheimer,347,96.90067291259766,95.76781463623047,0.18871956763981737
Bentheimer,348,98.16975402832031,96.58602142333984,0.13396239520411873
Bentheimer,349,98.35295104980469,96.59053802490234,0.12335544914183447
Bentheimer,350,97.4512939453125,96.26240539550781,0.12137056465301206
Bentheimer,351,98.28129577636719,96.50701904296875,0.10200189917005206
Bentheimer,352,98.27685546875,90.68202209472656,0.03619242557035594
Bentheimer,353,99.42878723144531,91.36426544189453,0.047543725307217004
Bentheimer,354,95.4226303100586,90.79889678955078,0.02869869291324272
Bentheimer,355,97.4552001953125,90.77281951904297,0.027025014143567113
Bentheimer,356,96.2571029663086,94.0307846069336,0.1136042292541715
Bentheimer,357,96.49105834960938,93.37030029296875,0.18232048534285178
Bentheimer,358,95.76986694335938,94.13735961914062,0.15366879113172552
Bentheimer,359,96.56455993652344,94.7113037109375,0.1563258380581673
Bentheimer,360,98.30525970458984,96.96844482421875,0.1763885411303633
Bentheimer,361,98.01216125488281,97.00749206542969,0.15372162912590584
Bentheimer,362,97.99150085449219,97.00269317626953,0.17968932631769524
Bentheimer,363,97.95633697509766,96.88499450683594,0.16246291418964828
Bentheimer,364,96.93948364257812,95.74874114990234,0.13164655664287178
Bentheimer,365,96.41893768310547,95.67637634277344,0.12242444417228664
Bentheimer,366,96.4090576171875,95.64061737060547,0.11366238473878733
Bentheimer,367,96.81034088134766,95.74252319335938,0.15606933737266496
Bentheimer,368,92.29228973388672,88.8064956665039,0.08653725594002308
Bentheimer,369,90.94914245605469,88.61597442626953,0.0270907068019337
Bentheimer,370,91.78111267089844,88.37370300292969,0.0610793057146902
Bentheimer,371,90.31790161132812,87.7986068725586,0.06568778622671596
Bentheimer,372,94.44200134277344,90.6122817993164,0.12940678186303575
Bentheimer,373,93.83306121826172,91.14883422851562,0.07983587606232867
Bentheimer,374,93.37488555908203,90.8893051147461,0.07056219235746344
Bentheimer,375,93.01454162597656,90.16488647460938,0.10443268681425566
Bentheimer,376,97.33262634277344,95.30701446533203,0.13258382170763716
Bentheimer,377,96.51956939697266,94.87555694580078,0.12609626917789782
Bentheimer,378,96.85894775390625,94.60523223876953,0.15268700942810343
Bentheimer,379,96.09370422363281,94.6153335571289,0.1532732455524045
Bentheimer,380,97.10261535644531,96.70853424072266,0.2516944342973103
Bentheimer,381,97.0759048461914,96.6988754272461,0.36435941320375403
Bentheimer,382,96.81439971923828,96.56053924560547,0.3040956452560987
Bentheimer,383,97.11675262451172,96.72013854980469,0.25195437802747894
Bentheimer,384,82.91158294677734,84.88639068603516,0.11228850282387438
Bentheimer,385,81.9404525756836,84.75929260253906,0.1251888939660678
Bentheimer,386,83.66495513916016,86.85491180419922,0.09868776176579368
Bentheimer,387,82.38692474365234,86.29341125488281,0.09064446175939779
Bentheimer,388,96.02413940429688,93.9718017578125,0.1880801097843617
Bentheimer,389,95.6148910522461,93.75286865234375,0.16698743880248323
Bentheimer,390,95.5605697631836,93.55818939208984,0.1637583199693985
Bentheimer,391,96.32435607910156,94.06539154052734,0.15900765704697037
Bentheimer,392,95.4163589477539,93.63313293457031,0.17800270212795408
Bentheimer,393,95.47393798828125,93.57061004638672,0.17148177766276154
Bentheimer,394,95.91571807861328,93.40304565429688,0.23429622908291803
Bentheimer,395,95.77204132080078,93.40856170654297,0.15809901914723393
Bentheimer,396,98.15975189208984,97.58621215820312,0.2259439888406022
Bentheimer,397,98.26680755615234,97.60334014892578,0.2212367064089078
Bentheimer,398,98.02861785888672,97.55699920654297,0.18640452579366656
Bentheimer,399,98.24156188964844,97.68021392822266,0.1893459506427141
Bentheimer,400,94.33708190917969,95.14866638183594,0.0659227268774285
Bentheimer,401,94.82260131835938,94.65933227539062,0.12702207770009966
Bentheimer,402,94.59439849853516,94.38047790527344,0.16891034833359803
Bentheimer,403,94.75027465820312,94.59539031982422,0.17099720197837917
Bentheimer,404,96.77259826660156,96.27875518798828,0.24594139945942722
Bentheimer,405,97.09246826171875,96.54851531982422,0.289693397707022
Bentheimer,406,96.4641342163086,96.27174377441406,0.27211171062397993
Bentheimer,407,97.43341827392578,96.53336334228516,0.2909659335756463
Bentheimer,408,95.2254409790039,95.8784408569336,0.21209717569540792
Bentheimer,409,95.47274017333984,95.95165252685547,0.22655268499699877
Bentheimer,410,94.79644012451172,95.7905502319336,0.15408958475807494
Bentheimer,411,95.34178161621094,95.96392822265625,0.22196778980673135
Bentheimer,412,91.4291000366211,90.95550537109375,0.13083330642365637
Bentheimer,413,89.90432739257812,90.60297393798828,0.20800826287094076
Bentheimer,414,90.16883850097656,90.9329833984375,0.18864117183399018
Bentheimer,415,90.50926971435547,90.34812927246094,0.174607101700537
Bentheimer,416,91.77780151367188,93.29216003417969,0.14205604014921183
Bentheimer,417,91.48793029785156,93.13533782958984,0.2028910706908886
Bentheimer,418,92.2475814819336,93.26130676269531,0.21345598911657038
Bentheimer,419,92.06454467773438,93.11046600341797,0.18271338216588884
Bentheimer,420,92.86275482177734,92.95814514160156,0.10529576291552617
Bentheimer,421,92.35700988769531,93.01365661621094,0.09307892719650813
Bentheimer,422,90.99414825439453,92.19063568115234,0.08229677772842096
Bentheimer,423,92.89776611328125,92.83551025390625,0.09951510679647303
Berea Buff,0,93.8149642944336,94.48817443847656,0.2919246940329925
Berea Buff,1,94.91669464111328,94.85712432861328,0.3059620058097846
Berea Buff,2,94.39308166503906,94.60298919677734,0.32048126164842206
Berea Buff,3,94.55088806152344,94.63661193847656,0.33697369876493344
Berea Buff,4,93.013671875,94.7459716796875,0.17361900969600252
Berea Buff,5,94.92122650146484,95.41175842285156,0.1655043138051037
Berea Buff,6,94.6656723022461,95.48680114746094,0.02879685028866677
Berea Buff,7,94.30326080322266,95.1501693725586,0.11202986197611534
Berea Buff,8,95.87934112548828,94.70146942138672,0.08747007672757287
Berea Buff,9,95.82950592041016,94.72332763671875,0.10693122527000616
Berea Buff,10,95.8387222290039,94.46503448486328,0.10739727838752346
Berea Buff,11,96.4662094116211,95.1349105834961,0.08975400156269388
Berea Buff,12,97.12040710449219,95.73004150390625,0.1769311654379712
Berea Buff,13,97.30574035644531,95.80073547363281,0.1914626288734556
Berea Buff,14,96.87171173095703,95.73826599121094,0.23593215678325358
Berea Buff,15,97.2216796875,95.95895385742188,0.21414488451556987
Berea Buff,16,94.83435821533203,94.59362030029297,0.1502821853820974
Berea Buff,17,94.84093475341797,94.71137237548828,0.1397478243515723
Berea Buff,18,95.54080963134766,94.80699157714844,0.11324214491162306
Berea Buff,19,95.18360137939453,94.5360107421875,0.15191961611639468
Berea Buff,20,94.24183654785156,92.93785095214844,0.1677756435165126
Berea Buff,21,95.13028717041016,93.0234146118164,0.17648730494893616
Berea Buff,22,95.60356903076172,92.90264892578125,0.12120457686421873
Berea Buff,23,96.16134643554688,93.64517211914062,0.17419954027097168
Berea Buff,24,94.13338470458984,92.96908569335938,0.21326483624172046
Berea Buff,25,94.81646728515625,93.05333709716797,0.20495497028026124
Berea Buff,26,94.37907409667969,93.78482818603516,0.16660131089498792
Berea Buff,27,94.71098327636719,93.87128448486328,0.17431648946130288
Berea Buff,28,95.08570861816406,94.71385192871094,0.05890286795485602
Berea Buff,29,94.58814239501953,94.78231811523438,0.02994044923705165
Berea Buff,30,93.93169403076172,94.18253326416016,0.031383208358117275
Berea Buff,31,94.74380493164062,94.43631744384766,-0.027770537187103594
Berea Buff,32,83.05589294433594,85.20948791503906,0.05502273661730765
Berea Buff,33,82.9613037109375,84.99494934082031,0.05766085483836667
Berea Buff,34,82.4725112915039,84.11180877685547,0.10398564023304516
Berea Buff,35,81.67672729492188,83.57962799072266,0.10992806235872532
Berea Buff,36,95.80664825439453,95.6248779296875,0.13602485034939998
Berea Buff,37,95.34782409667969,95.36724853515625,0.17344194572808774
Berea Buff,38,96.26310729980469,95.49655151367188,0.1831503860821863
Berea Buff,39,96.39624786376953,95.65446472167969,0.1480621243223663
Berea Buff,40,92.39319610595703,92.54886627197266,0.11534873661208452
Berea Buff,41,92.48096466064453,92.57889556884766,0.08882562564116349
Berea Buff,42,93.43572235107422,92.49641418457031,0.07671729436966726
Berea Buff,43,93.19912719726562,92.64839935302734,0.0872449028471732
Berea Buff,44,95.24720001220703,95.69638061523438,0.1366305272835565
Berea Buff,45,95.84392547607422,96.23717498779297,0.13532757012808955
Berea Buff,46,94.85212707519531,95.94495391845703,0.17193176525387638
Berea Buff,47,94.42915344238281,95.6673355102539,0.17545883567309237
Berea Buff,48,96.00069427490234,95.63424682617188,0.30436853877198516
Berea Buff,49,95.88331604003906,95.732421875,0.25466853144552903
Berea Buff,50,95.62149047851562,95.7614517211914,0.22633912779055115
Berea Buff,51,95.87454986572266,95.90384674072266,0.27331557077809243
Berea Buff,52,95.48231506347656,95.43924713134766,0.19491408579734965
Berea Buff,53,95.32785034179688,95.4245834350586,0.23702762963524876
Berea Buff,54,95.77970886230469,95.53504943847656,0.18094188374376988
Berea Buff,55,95.38040924072266,95.48851776123047,0.178657813977362
Berea Buff,56,72.86682891845703,78.035888671875,0.023899738341677884
Berea Buff,57,81.68453216552734,78.08247375488281,0.056264262495938584
Berea Buff,58,75.2700424194336,78.82969665527344,0.06377608617398324
Berea Buff,59,76.95457458496094,78.85279846191406,0.05415718801743985
Berea Buff,60,89.19204711914062,90.70587921142578,0.1433832087630196
Berea Buff,61,91.21255493164062,91.50089263916016,0.1710614018115582
Berea Buff,62,89.58566284179688,91.05448150634766,0.1354803410410524
Berea Buff,63,90.78262329101562,91.20500183105469,0.10075798792054538
Berea Buff,64,95.14630126953125,96.00626373291016,0.2256951927041792
Berea Buff,65,94.70404052734375,95.81551361083984,0.20054008337287207
Berea Buff,66,94.481689453125,95.6678466796875,0.16976562540638748
Berea Buff,67,95.44050598144531,95.9112319946289,0.19967172099664476
Berea Buff,68,97.34027099609375,97.0072250366211,0.29376125942857634
Berea Buff,69,97.8781967163086,97.35993957519531,0.23366335485763592
Berea Buff,70,97.9232406616211,97.30585479736328,0.27517051093670775
Berea Buff,71,97.56260681152344,97.25386810302734,0.3282601654785289
Berea Buff,72,96.156494140625,95.96073913574219,0.10419427841138798
Berea Buff,73,94.68452453613281,95.72090911865234,0.11073330509551385
Berea Buff,74,94.98149871826172,95.72598266601562,0.1866640792916528
Berea Buff,75,95.29285430908203,95.86163330078125,0.14043944438558556
Berea Buff,76,97.03892517089844,96.3917465209961,0.25564367416313766
Berea Buff,77,96.7451171875,96.31183624267578,0.2679106910865107
Berea Buff,78,96.21312713623047,96.17831420898438,0.2708979395485238
Berea Buff,79,96.82172393798828,96.31041717529297,0.28630986308624373
Berea Buff,80,94.23331451416016,94.5687484741211,0.13516684979803575
Berea Buff,81,94.62471771240234,94.41571807861328,0.1590847509960592
Berea Buff,82,93.94412994384766,93.45396423339844,0.1752314658845548
Berea Buff,83,94.79761505126953,94.31513977050781,0.16872361348263085
Berea Buff,84,89.0149917602539,90.35502624511719,0.11633525992525337
Berea Buff,85,90.35779571533203,89.88888549804688,0.1898518222572808
Berea Buff,86,88.02608489990234,90.05740356445312,0.1719230499437051
Berea Buff,87,89.29498291015625,90.56290435791016,0.13130575323241933
Berea Buff,88,94.90133666992188,96.2784652709961,0.08849090825179265
Berea Buff,89,95.88507080078125,96.00064086914062,0.036014348389980196
Berea Buff,90,96.20059204101562,96.25009155273438,0.07525201696704388
Berea Buff,91,95.36396789550781,96.49124145507812,0.12233680658620813
Berea Buff,92,82.27937316894531,86.29371643066406,0.18157685973068305
Berea Buff,93,84.42598724365234,87.15771484375,0.23009679866899482
Berea Buff,94,82.63914489746094,86.92558288574219,0.16215588399742492
Berea Buff,95,83.77088928222656,88.03455352783203,0.1401392597328285
Berea Buff,96,96.5230941772461,96.40409088134766,0.17460467004988284
Berea Buff,97,96.8099594116211,96.424560546875,0.1754015344365838
Berea Buff,98,96.38048553466797,96.37825012207031,0.2151119865009921
Berea Buff,99,97.42137908935547,96.79264068603516,0.23694627934669749
Berea Buff,100,97.88091278076172,97.29586791992188,0.204541504088595
Berea Buff,101,97.90626525878906,97.34162139892578,0.24630336548536763
Berea Buff,102,97.77836608886719,97.45125579833984,0.1923043447794672
Berea Buff,103,97.8997802734375,97.32501983642578,0.19202130979527846
Berea Buff,104,94.61920928955078,93.7649917602539,0.10583116601555849
Berea Buff,105,94.39299774169922,93.52790069580078,0.11173677919136925
Berea Buff,106,93.77493286132812,93.32200622558594,0.17137880182306572
Berea Buff,107,93.50840759277344,93.74919891357422,0.1337809789167247
Berea Buff,108,99.12902069091797,96.39608764648438,0.2363916562363936
Berea Buff,109,98.59151458740234,96.39533233642578,0.25237627673980767
Berea Buff,110,98.74677276611328,96.5546646118164,0.20899548719107763
Berea Buff,111,98.26338958740234,96.22681427001953,0.21016866294964642
Berea Buff,112,97.61042785644531,97.42051696777344,0.2905813167822415
Berea Buff,113,97.11949157714844,97.29194641113281,0.2791265191206584
Berea Buff,114,97.55001068115234,97.40563201904297,0.22908858866870302
Berea Buff,115,97.44680786132812,97.40962219238281,0.2725295767600925
Berea Buff,116,94.16438293457031,91.43568420410156,0.13907738282161716
Berea Buff,117,92.32691192626953,91.55303955078125,0.10259834731658375
Berea Buff,118,92.24947357177734,90.7493667602539,0.13571258303544476
Berea Buff,119,93.02569580078125,90.93389892578125,0.11577764901196659
Berea Buff,120,49.95457077026367,67.845458984375,0.0018353659560814127
Berea Buff,121,50.80632781982422,67.88592529296875,0.016438553992900236
Berea Buff,122,56.709293365478516,68.1952896118164,-0.002083248651578667
Berea Buff,123,56.408931732177734,68.58975982666016,0.015327719914012928
Berea Buff,124,96.68455505371094,96.93462371826172,0.24276452488891143
Berea Buff,125,96.92398071289062,96.9673843383789,0.27983810509557755
Berea Buff,126,96.50003051757812,96.74191284179688,0.2882464974403011
Berea Buff,127,97.05289459228516,96.84280395507812,0.2902270545386754
Berea Buff,128,61.6090202331543,70.05697631835938,0.1364273746317286
Berea Buff,129,58.35822296142578,69.9671630859375,0.15144525952196872
Berea Buff,130,63.59561538696289,71.34847259521484,0.16809033139994167
Berea Buff,131,59.60318374633789,71.61402130126953,0.16030066638607138
Berea Buff,132,87.2148666381836,89.22066497802734,0.28922081207270467
Berea Buff,133,86.52295684814453,90.09820556640625,0.1630493193102353
Berea Buff,134,87.560546875,90.92235565185547,0.14007983778702252
Berea Buff,135,88.39897155761719,89.91900634765625,0.22708928562129582
Berea Buff,136,97.65829467773438,96.56805419921875,0.20777701960084508
Berea Buff,137,97.3470230102539,96.4560546875,0.2746211080579948
Berea Buff,138,97.88678741455078,96.73967742919922,0.22516105646432327
Berea Buff,139,98.05216217041016,96.67009735107422,0.19862672765761463
Berea Buff,140,93.51892852783203,94.11705017089844,0.25192809584981757
Berea Buff,141,93.77915954589844,93.91085815429688,0.23902531169087854
Berea Buff,142,94.0362548828125,93.9737548828125,0.26418791378832845
Berea Buff,143,94.54129791259766,93.9840316772461,0.2881828847403745
Berea Buff,144,92.36470031738281,92.4520263671875,0.22353312690136892
Berea Buff,145,92.04170227050781,93.01901245117188,0.2182211151477069
Berea Buff,146,93.18543243408203,93.48677825927734,0.2610668402344942
Berea Buff,147,92.65154266357422,92.65973663330078,0.270000336070265
Berea Buff,148,96.61146545410156,95.88700103759766,0.2822181350780545
Berea Buff,149,97.00556945800781,96.02330017089844,0.28256593527408835
Berea Buff,150,96.89271545410156,95.94540405273438,0.2901827480349096
Berea Buff,151,97.41586303710938,96.13919067382812,0.2954854959909043
Berea Buff,152,90.30482482910156,90.38951110839844,0.13169908103208577
Berea Buff,153,90.46766662597656,90.29454040527344,0.1541325934643067
Berea Buff,154,90.66584777832031,90.3262939453125,0.13330992892556304
Berea Buff,155,91.39554595947266,90.07231903076172,0.17303671703577697
Berea Buff,156,95.57738494873047,95.00592041015625,0.07335635003122994
Berea Buff,157,94.80918884277344,94.8736572265625,0.11691802202770074
Berea Buff,158,95.04966735839844,94.87589263916016,0.10668442945161
Berea Buff,159,94.86821746826172,94.21662139892578,0.09797410749938121
Berea Buff,160,77.60223388671875,79.84893035888672,0.06880153496089518
Berea Buff,161,76.67636108398438,80.9832534790039,0.029704923965319024
Berea Buff,162,75.49626159667969,78.98833465576172,0.04558702057543623
Berea Buff,163,75.7968978881836,79.46002960205078,0.045074316154031166
Berea Buff,164,96.56549835205078,96.18772888183594,0.17882055768355068
Berea Buff,165,96.35481262207031,96.31339263916016,0.22334960642931118
Berea Buff,166,95.96649932861328,96.05146789550781,0.1556929875948109
Berea Buff,167,96.86920166015625,96.14710998535156,0.18218187855279505
Berea Buff,168,84.32133483886719,84.79792022705078,0.16053071258325197
Berea Buff,169,84.6322021484375,84.71642303466797,0.16965098035786405
Berea Buff,170,86.11156463623047,86.09394836425781,0.14551833434247757
Berea Buff,171,87.73884582519531,86.59083557128906,0.15234233407212605
Berea Buff,172,98.23419189453125,98.27925872802734,0.4857255721344494
Berea Buff,173,98.24021911621094,98.24918365478516,0.4227859942326873
Berea Buff,174,98.31404876708984,98.28270721435547,0.4320779559084182
Berea Buff,175,98.08271789550781,98.21430206298828,0.5130401712720084
Berea Buff,176,90.451416015625,91.19306945800781,0.20828103603294876
Berea Buff,177,92.97348022460938,92.19184875488281,0.23339884681261364
Berea Buff,178,90.64370727539062,91.02052307128906,0.23987292268424706
Berea Buff,179,92.03015899658203,92.2532958984375,0.23243358744582202
Berea Buff,180,96.5531997680664,96.99039459228516,0.29021493871420767
Berea Buff,181,96.42644500732422,96.87083435058594,0.2379343036038147
Berea Buff,182,96.78815460205078,97.17256927490234,0.22392602563724423
Berea Buff,183,96.59176635742188,97.17970275878906,0.3029233805656329
Berea Buff,184,90.30611419677734,91.86795043945312,0.1882093805824339
Berea Buff,185,91.26227569580078,92.383056640625,0.17791582505035547
Berea Buff,186,87.49063110351562,91.87850952148438,0.22449953129890182
Berea Buff,187,88.6785659790039,91.93763732910156,0.19497308047820452
Berea Buff,188,97.74256896972656,97.40400695800781,0.32687998290796744
Berea Buff,189,97.64395141601562,97.35759735107422,0.3113434755607697
Berea Buff,190,97.59927368164062,97.2731704711914,0.3950967151747107
Berea Buff,191,98.12709045410156,97.56681823730469,0.3461979392621276
Berea Buff,192,95.36241149902344,94.68461608886719,0.12968212201154591
Berea Buff,193,96.07911682128906,94.8039321899414,0.14522847753077725
Berea Buff,194,95.89515686035156,94.99031829833984,0.12938894031668527
Berea Buff,195,95.82251739501953,95.19109344482422,0.1250917489092848
Berea Buff,196,94.34070587158203,94.77888488769531,0.17250525195112557
Berea Buff,197,93.89677429199219,94.8427734375,0.1335475325878054
Berea Buff,198,95.02039337158203,95.12078094482422,0.10201088879442091
Berea Buff,199,93.4654769897461,94.49766540527344,0.16819257417869107
Berea Buff,200,93.5253677368164,94.04238891601562,0.09988186271817073
Berea Buff,201,91.30949401855469,92.96343994140625,0.08133105937794581
Berea Buff,202,92.6522216796875,92.87857055664062,0.12919397711765476
Berea Buff,203,91.16942596435547,93.25497436523438,0.1260498766945989
Berea Buff,204,94.004150390625,95.43997955322266,0.29790145903928894
Berea Buff,205,94.83899688720703,96.01150512695312,0.2603876554774395
Berea Buff,206,94.1812973022461,95.37321472167969,0.2642491254162113
Berea Buff,207,94.56748962402344,95.44719696044922,0.31308311737543304
Leopard,0,92.73213195800781,94.3441162109375,0.1135370938955733
Leopard,1,93.41197204589844,94.27886199951172,0.17065029461878295
Leopard,2,92.0509033203125,94.0434799194336,0.13153538269480053
Leopard,3,93.26051330566406,94.42916107177734,0.10233070910392676
Leopard,4,95.5033187866211,95.65904235839844,0.28069463474147727
Leopard,5,95.1792984008789,95.6781997680664,0.23261057053945097
Leopard,6,94.81536865234375,95.35236358642578,0.25570045071676
Leopard,7,95.57847595214844,95.61419677734375,0.3378008812010982
Leopard,8,42.763118743896484,70.44943237304688,0.049583534771863697
Leopard,9,42.688682556152344,69.79773712158203,0.04696843083716981
Leopard,10,43.98860549926758,65.86663818359375,0.05113001088740525
Leopard,11,48.2911262512207,72.579833984375,0.06081542285579451
Leopard,12,87.18020629882812,85.5844497680664,0.11248859843689682
Leopard,13,86.6612319946289,86.38457489013672,0.04717442947852463
Leopard,14,85.39356994628906,86.21118927001953,0.07095855156594111
Leopard,15,87.73145294189453,86.53019714355469,0.12589282604168414
Leopard,16,65.4505386352539,78.2309799194336,0.08345346352991674
Leopard,17,66.78044128417969,78.0853271484375,0.0823082414178418
Leopard,18,63.62868881225586,75.01502990722656,0.11824992901424078
Leopard,19,68.4882583618164,78.24065399169922,0.11902597754974122
Leopard,20,89.12793731689453,90.05486297607422,0.06067263967029425
Leopard,21,90.29810333251953,90.50862121582031,0.03305646155462531
Leopard,22,90.29668426513672,90.91110229492188,0.07099978029518354
Leopard,23,89.09642028808594,90.53462219238281,-4.2400054475502384e-05
Leopard,24,93.08050537109375,93.95421600341797,0.16480862216761735
Leopard,25,93.66159057617188,94.73606872558594,0.17384955376204092
Leopard,26,93.35267639160156,94.44065856933594,0.1416563189736476
Leopard,27,93.27770233154297,94.53047943115234,0.13735324908660293
Leopard,28,95.4738998413086,94.53816223144531,0.04541979396472425
Leopard,29,95.86454772949219,94.65483856201172,0.08850160971142983
Leopard,30,96.17882537841797,94.78236389160156,0.07102675968667956
Leopard,31,95.37809753417969,94.56073760986328,0.09781298025659128
Leopard,32,96.13165283203125,95.79476165771484,0.13545720113563725
Leopard,33,95.80775451660156,95.6611099243164,0.08270945945829022
Leopard,34,96.71305084228516,96.26912689208984,0.12100626921967433
Leopard,35,95.33592224121094,95.79952239990234,0.13716172364223705
Leopard,36,90.93115234375,93.98973846435547,0.14179972714423744
Leopard,37,91.95916748046875,93.8062515258789,0.21667854881026657
Leopard,38,92.10143280029297,93.98760986328125,0.21979166082955068
Leopard,39,91.77642059326172,93.7435302734375,0.16047627834966682
Leopard,40,63.2038688659668,71.1280517578125,0.04600565220737157
Leopard,41,65.63087463378906,71.89584350585938,0.05251907784615661
Leopard,42,62.91868209838867,70.59436798095703,0.08020344796611611
Leopard,43,65.2544937133789,73.9996566772461,0.015190545023780144
Leopard,44,81.85890197753906,81.91928100585938,0.04353194606389345
Leopard,45,79.04302978515625,79.89119720458984,0.07110062725209965
Leopard,46,84.51869201660156,82.80087280273438,0.05087427106039069
Leopard,47,87.55778503417969,83.92060089111328,0.02232422941872349
Leopard,48,395.31378173828125,308.3709716796875,-0.019468871014957156
Leopard,49,427.2636413574219,326.8786315917969,-0.04376863369639093
Leopard,50,383.2883605957031,330.1644592285156,-0.020380824002260794
Leopard,51,403.2478942871094,296.0619201660156,-0.03608820218940758
Leopard,52,94.9503173828125,95.86792755126953,0.15238945670300436
Leopard,53,95.62918853759766,96.08759307861328,0.22459627772092217
Leopard,54,95.85974884033203,96.16437530517578,0.18526380059871295
Leopard,55,96.32620239257812,96.2453384399414,0.15329814515642484
Leopard,56,96.97962951660156,97.50466918945312,0.28246548423697876
Leopard,57,96.9569320678711,97.50670623779297,0.22753950775542775
Leopard,58,96.75691223144531,97.31147766113281,0.2813621699978467
Leopard,59,96.82221984863281,97.4504623413086,0.30450564273640324
Leopard,60,32.20085525512695,92.6859359741211,-0.004555845029906902
Leopard,61,11.345553398132324,89.19576263427734,0.010443457561145003
Leopard,62,34.90660858154297,85.53807830810547,0.02219468012866293
Leopard,63,27.55536651611328,92.22550201416016,0.0025860385021954377
Leopard,64,90.37646484375,91.978515625,0.15866564711345424
Leopard,65,89.17951202392578,91.78501892089844,0.1408656883776494
Leopard,66,90.89086151123047,91.9263687133789,0.24047081169391168
Leopard,67,91.23693084716797,92.25070190429688,0.17753161592539743
Leopard,68,51.88340377807617,72.08489990234375,0.05272511332149956
Leopard,69,62.24059295654297,73.9471435546875,0.029881385008255826
Leopard,70,64.59477996826172,75.05776977539062,0.029927216509930972
Leopard,71,66.17510986328125,74.68189239501953,0.061079097711170205
Leopard,72,93.51934814453125,94.0661392211914,0.07284333527828098
Leopard,73,93.11539459228516,94.15332794189453,-0.004673410226757553
Leopard,74,93.74440002441406,93.9444580078125,0.09421417614211322
Leopard,75,93.69758605957031,93.90176391601562,0.09236422211176583
Leopard,76,84.74221801757812,88.31864929199219,0.10520161318092665
Leopard,77,81.95438385009766,88.60875701904297,0.04421770484775922
Leopard,78,85.96039581298828,89.63158416748047,0.05578078273914792
Leopard,79,80.9980697631836,88.52610778808594,0.07437390960398062
Leopard,80,98.30055236816406,98.37908935546875,0.27113592150484406
Leopard,81,98.5229263305664,98.52992248535156,0.2867559831909195
Leopard,82,98.27861785888672,98.3431167602539,0.25010544427624465
Leopard,83,98.45687866210938,98.38835906982422,0.23388040589497866
Leopard,84,93.96875762939453,95.04747009277344,0.4141939672271651
Leopard,85,94.50196838378906,95.33690643310547,0.44303117745071846
Leopard,86,93.49500274658203,95.30349731445312,0.4090692734701741
Leopard,87,93.92215728759766,95.07261657714844,0.4090030631190896
Leopard,88,87.42074584960938,88.44895935058594,0.04276721488151503
Leopard,89,86.98930358886719,87.58826446533203,0.04774477315154117
Leopard,90,85.4765396118164,88.1252670288086,0.02031839383177483
Leopard,91,90.15887451171875,87.5186538696289,0.020839885526585823
Leopard,92,90.6568374633789,93.42073822021484,0.10870712622611162
Leopard,93,91.00237274169922,93.10734558105469,0.11423855960604196
Leopard,94,90.74938201904297,91.96749877929688,0.22024030767264924
Leopard,95,90.25390625,92.3938217163086,0.19589053036265192
Leopard,96,89.92218017578125,86.10369873046875,0.05434696525535981
Leopard,97,89.09549713134766,85.0462417602539,0.0684124472318297
Leopard,98,90.52812957763672,85.58448028564453,0.05545196162284467
Leopard,99,91.02909088134766,86.68473052978516,0.03140548759967705
Leopard,100,89.75335693359375,92.38782501220703,0.2272406230359499
Leopard,101,89.95050048828125,92.68523406982422,0.20885816668519105
Leopard,102,87.9420394897461,90.85223388671875,0.2595017950385896
Leopard,103,89.19054412841797,91.06363677978516,0.28732588295816014
Leopard,104,85.68714141845703,86.7462387084961,0.2122966796673486
Leopard,105,85.35369110107422,86.97947692871094,0.19639161806960806
Leopard,106,88.63739013671875,87.12102508544922,0.19442741790942902
Leopard,107,85.62678527832031,86.87828826904297,0.17707085241313913
Leopard,108,73.20825958251953,81.36054229736328,0.1623662043820774
Leopard,109,75.56370544433594,82.87500762939453,0.12550840899456173
Leopard,110,77.52583312988281,83.37275695800781,0.10306184171393971
Leopard,111,72.52359771728516,81.43516540527344,0.16118222987762235
Leopard,112,91.74700164794922,89.17632293701172,0.1378621012694936
Leopard,113,91.76150512695312,89.8529281616211,0.06260743184387756
Leopard,114,91.95552825927734,90.20946502685547,0.05166660907336805
Leopard,115,91.7809066772461,88.71212005615234,0.08451534604132467
Leopard,116,95.12077331542969,95.78754425048828,0.12262363294714666
Leopard,117,95.24237060546875,95.70407104492188,0.12598018484701284
Leopard,118,95.345458984375,95.57096862792969,0.10976487613210555
Leopard,119,95.38648223876953,95.80594635009766,0.09960978323426305
Leopard,120,91.97657775878906,93.17526245117188,0.17618156218174452
Leopard,121,89.86378479003906,92.23456573486328,0.1833044487308107
Leopard,122,90.27003479003906,92.0844955444336,0.1148296504802297
Leopard,123,92.5655517578125,91.93753051757812,0.14269419253880786
Leopard,124,68.14078521728516,74.43537139892578,0.19852422989050356
Leopard,125,62.20368957519531,69.62468719482422,0.2014548361622795
Leopard,126,66.80484771728516,71.86854553222656,0.20707245262176976
Leopard,127,69.33916473388672,71.79822540283203,0.20783721835969515
Leopard,128,94.72549438476562,84.48674774169922,0.030245714981104992
Leopard,129,93.2232666015625,85.07068634033203,0.0709924831165187
Leopard,130,93.68338775634766,83.4776611328125,0.026562604588525624
Leopard,131,93.5531997680664,83.24849700927734,0.012431368032638312
Leopard,132,95.54781341552734,95.53175354003906,0.3013630451318064
Leopard,133,95.3521728515625,95.88298034667969,0.17545074113097878
Leopard,134,95.38068389892578,95.50982666015625,0.17926729812501016
Leopard,135,95.76445770263672,95.49977111816406,0.21759876097725558
Leopard,136,92.5801010131836,93.16582489013672,0.10225640394011877
Leopard,137,94.19220733642578,92.78404998779297,0.09080017298125172
Leopard,138,96.27392578125,93.4202651977539,0.0591749215914304
Leopard,139,93.90442657470703,93.1484603881836,0.10775696500325954
Leopard,140,93.9900894165039,93.74391174316406,0.08266448199382011
Leopard,141,92.025390625,93.6563949584961,0.0784088042972855
Leopard,142,90.70890045166016,92.984130859375,0.08575921839484783
Leopard,143,91.74166870117188,93.52564239501953,0.08906807884469732
Leopard,144,92.57527160644531,94.83466339111328,0.1895556968015723
Leopard,145,92.7068862915039,94.80105590820312,0.12456964867729134
Leopard,146,93.08472442626953,95.1819076538086,0.16630866246078108
Leopard,147,92.09028625488281,94.72541809082031,0.16075197618543297
Leopard,148,87.67601013183594,87.54618072509766,0.10529047411727308
Leopard,149,86.84699249267578,85.82862854003906,0.17241765775342507
Leopard,150,87.23534393310547,86.25004577636719,0.12700385942896578
Leopard,151,87.5619888305664,86.30912780761719,0.12030652501331879
Leopard,152,94.6414794921875,95.1434097290039,0.14479217328348643
Leopard,153,94.50068664550781,94.60554504394531,0.17017868832679164
Leopard,154,95.00640106201172,94.66979217529297,0.21454216287078123
Leopard,155,95.8724136352539,95.3816909790039,0.16344044354918774
Leopard,156,95.61292266845703,96.25735473632812,0.16947690130011486
Leopard,157,96.26470184326172,96.07337951660156,0.13915273247701346
Leopard,158,96.01717376708984,96.13809204101562,0.1780617529676804
Leopard,159,96.12979888916016,96.23429870605469,0.22519325764664036
Leopard,160,67.04996490478516,74.62977600097656,0.025583599379463865
Leopard,161,66.9982681274414,75.23780822753906,0.025664470444562222
Leopard,162,70.00230407714844,74.7027816772461,0.04309973105609082
Leopard,163,69.43204498291016,75.36214447021484,0.08451173695207229
Leopard,164,72.10140228271484,82.39636993408203,-0.00677601120040706
Leopard,165,66.7983169555664,81.42214965820312,0.006412004746635501
Leopard,166,72.9501724243164,79.81521606445312,-0.004057037375733051
Leopard,167,79.5848159790039,77.98469543457031,-0.0020963025136663442
Leopard,168,3397.602294921875,2611.15478515625,0.021674985964947133
Leopard,169,4161.52880859375,2829.214599609375,0.019343148840857232
Leopard,170,4089.916748046875,2853.5966796875,0.01657951415903948
Leopard,171,3718.568603515625,2651.974853515625,0.0013330486545841418
Leopard,172,56.323570251464844,84.55016326904297,0.03807244857470538
Leopard,173,80.24812316894531,93.0250015258789,0.05165172821902653
Leopard,174,65.48236846923828,94.69435119628906,0.018925929746665713
Leopard,175,46.22864532470703,97.81734466552734,0.018347175176014727
Leopard,176,93.2492446899414,94.89380645751953,0.19839996877330368
Leopard,177,93.5957260131836,95.08057403564453,0.21106439531089338
Leopard,178,93.9332046508789,94.87289428710938,0.16977873666664936
Leopard,179,94.7460708618164,95.63165283203125,0.1661412585494261
Leopard,180,92.2196044921875,91.01879119873047,0.22713458221395952
Leopard,181,90.64810180664062,90.30391693115234,0.2751700301951283
Leopard,182,90.26116943359375,90.61829376220703,0.26570743229149013
Leopard,183,91.30795288085938,90.81697845458984,0.2404424987044237
Leopard,184,95.83308410644531,95.89710998535156,0.10993828760691098
Leopard,185,95.28227233886719,95.74722290039062,0.15734173683523503
Leopard,186,95.9939193725586,95.80377960205078,0.15010972324891905
Leopard,187,96.14207458496094,95.65423583984375,0.15500184288589464
Leopard,188,93.53841400146484,95.54519653320312,0.14026282643580612
Leopard,189,94.9849624633789,95.74239349365234,0.1948065654952801
Leopard,190,94.70960998535156,95.96076202392578,0.14508069309473037
Leopard,191,95.7613754272461,95.95016479492188,0.12940843928208484
Leopard,192,96.25318145751953,95.75541687011719,0.17181534960952874
Leopard,193,95.16559600830078,95.80826568603516,0.2551370696815506
Leopard,194,94.58007049560547,95.47601318359375,0.24837626418691375
Leopard,195,95.44888305664062,95.79747772216797,0.1836352116464224
Leopard,196,75.81085968017578,82.56732177734375,0.23202636198555235
Leopard,197,79.06302642822266,82.80094909667969,0.2100915033326218
Leopard,198,77.68350982666016,81.947021484375,0.25293473902934127
Leopard,199,75.01980590820312,83.70063018798828,0.17943416447231378
Leopard,200,90.75505065917969,93.00361633300781,0.15259003311626954
Leopard,201,90.58346557617188,93.4862289428711,0.12649068044861694
Leopard,202,90.06695556640625,93.13838958740234,0.17745838399501151
Leopard,203,90.80939483642578,92.44100189208984,0.23429925786486855
Leopard,204,71.94538116455078,91.0226821899414,0.05609339512087879
Leopard,205,89.92605590820312,93.23657989501953,0.05045012075223515
Leopard,206,74.04138946533203,94.05675506591797,0.06119615158638837
Leopard,207,96.62400817871094,107.45906829833984,0.045033900378110385
Leopard,208,3332.51904296875,2427.63037109375,0.026419348744289268
Leopard,209,3428.28271484375,2220.97412109375,0.024368020138801044
Leopard,210,3146.06787109375,2390.908447265625,0.044926499007295284
Leopard,211,2889.27685546875,2037.21337890625,0.034367721490407045
Leopard,212,92.54859924316406,93.62759399414062,0.18023548284044974
Leopard,213,93.12236022949219,93.32428741455078,0.20887735833605506
Leopard,214,92.85858154296875,94.19586944580078,0.18640563667844542
Leopard,215,92.35332489013672,93.91891479492188,0.22279843768755997
Leopard,216,89.651123046875,88.37638854980469,0.18968498681817658
Leopard,217,90.52523040771484,88.08380889892578,0.16479389594816657
Leopard,218,89.37100982666016,88.27033996582031,0.19432374892855303
Leopard,219,89.88076782226562,88.7259292602539,0.20455669190313375
Leopard,220,2109.521484375,2070.933837890625,0.01047581564921154
Leopard,221,2407.393310546875,2082.273193359375,-0.008368938924882635
Leopard,222,1815.68994140625,2049.66064453125,0.010424105733111456
Leopard,223,1954.6649169921875,1832.345703125,-0.003921275340373493
Leopard,224,67.13706970214844,75.89591217041016,0.3245969528202125
Leopard,225,60.24250030517578,74.00543975830078,0.25957106189853735
Leopard,226,68.68514251708984,77.8586196899414,0.22622598665018756
Leopard,227,62.300228118896484,73.83822631835938,0.30126064812427206
Leopard,228,94.28865814208984,93.97822570800781,0.032957937835449314
Leopard,229,93.73461151123047,93.51334381103516,0.01689058348689406
Leopard,230,94.75131225585938,93.28927612304688,0.012673556317380878
Leopard,231,93.46669006347656,94.12777709960938,0.027960905413449894
Leopard,232,88.54319763183594,91.45174407958984,0.17608879232868405
Leopard,233,88.29747772216797,91.38510131835938,0.15073673674000904
Leopard,234,89.45744323730469,91.13609313964844,0.12990404095866157
Leopard,235,87.64524841308594,91.63381958007812,0.1386428455648875
Leopard,236,90.6707763671875,89.07376861572266,0.08072218165117831
Leopard,237,91.18498992919922,88.96530151367188,0.051744833807085985
Leopard,238,91.7295150756836,89.67365264892578,0.07184616415094817
Leopard,239,90.5835189819336,89.31278991699219,0.0795619302730712
Leopard,240,96.80859375,97.8163070678711,0.3610118024084703
Leopard,241,96.3619384765625,97.4502182006836,0.34309376048668366
Leopard,242,97.14869689941406,97.60880279541016,0.30377654227187506
Leopard,243,96.73297119140625,97.61336517333984,0.37787946969058767
Leopard,244,95.25635528564453,95.09423065185547,0.11864085581892538
Leopard,245,95.25667572021484,95.0848388671875,0.11242213756506851
Leopard,246,95.11708068847656,95.22561645507812,0.10270470920550355
Leopard,247,95.05339050292969,95.30010223388672,0.13099094420101706
Leopard,248,87.04853820800781,91.38495635986328,0.142666769674583
Leopard,249,86.07500457763672,91.42671966552734,0.16392768127913637
Leopard,250,89.16996765136719,91.74568939208984,0.0846512336587997
Leopard,251,87.31595611572266,90.36576080322266,0.08575660150904561
Leopard,252,97.3576889038086,97.06468963623047,0.11998116261688099
Leopard,253,97.55096435546875,97.23961639404297,0.13287797575612903
Leopard,254,96.90048217773438,97.03304290771484,0.13852238012027682
Leopard,255,97.42955780029297,97.06513214111328,0.13588986000977452
Leopard,256,96.22415161132812,93.39842224121094,0.1015739720817995
Leopard,257,93.28045654296875,93.40930938720703,0.09378494571765097
Leopard,258,93.64593505859375,92.9880142211914,0.02855301519001029
Leopard,259,94.02986145019531,93.10122680664062,0.06706115430048279
Leopard,260,51.89112091064453,68.75450134277344,0.06283189278377323
Leopard,261,44.84151840209961,64.98670196533203,0.07652563998691903
Leopard,262,55.13270568847656,67.56402587890625,0.10511722506885482
Leopard,263,56.03849792480469,67.40817260742188,0.09544247370875278
Leopard,264,94.59382629394531,96.28590393066406,0.15646026714287767
Leopard,265,94.7338638305664,96.7418441772461,0.07065262391865121
Leopard,266,94.29420471191406,96.46688079833984,0.1475632014076657
Leopard,267,95.18421936035156,96.53923034667969,0.20811960533064938
Leopard,268,29.467531204223633,56.27340316772461,0.1596747953723814
Leopard,269,34.82475280761719,56.82728576660156,0.14176367696328643
Leopard,270,32.27735137939453,58.854888916015625,0.0984634578567635
Leopard,271,34.900428771972656,61.61064147949219,0.09481730521883983
Leopard,272,77.54469299316406,75.52779388427734,0.04416612134818638
Leopard,273,76.1956787109375,76.53663635253906,0.024037943044726867
Leopard,274,73.42941284179688,75.11067962646484,0.08511870837449952
Leopard,275,74.84973907470703,75.51828002929688,-0.00622481677233939
Castle Gate,0,92.5174560546875,93.65863037109375,0.144205594555449
Castle Gate,1,93.06053924560547,92.99121856689453,0.11674205196217415
Castle Gate,2,93.91117858886719,93.33576202392578,0.1833522047769118
Castle Gate,3,93.73391723632812,93.96212005615234,0.11626860567108319
Castle Gate,4,95.54010772705078,95.61975860595703,0.1524997115053119
Castle Gate,5,94.6861801147461,95.32192993164062,0.1068058347010811
Castle Gate,6,94.81340789794922,95.8803482055664,0.12524445357036434
Castle Gate,7,94.36602020263672,95.12836456298828,0.14930186668444279
Castle Gate,8,95.9637222290039,95.39158630371094,0.2157204033269163
Castle Gate,9,94.96035766601562,94.9786605834961,0.13444987127377372
Castle Gate,10,95.47938537597656,95.07401275634766,0.18706516082764935
Castle Gate,11,96.20426177978516,95.2992172241211,0.22603829890318755
Castle Gate,12,92.12609100341797,92.76477813720703,0.13893636270133988
Castle Gate,13,90.76630401611328,92.21326446533203,0.11612750940165502
Castle Gate,14,92.76174926757812,93.11441802978516,0.002446891552277585
Castle Gate,15,93.54293060302734,93.30371856689453,0.056574879556947864
Castle Gate,16,91.24140930175781,86.61946868896484,0.15444230507595447
Castle Gate,17,90.89375305175781,87.37734985351562,0.13332258159065777
Castle Gate,18,90.97269439697266,86.82806396484375,0.13278964550756092
Castle Gate,19,90.34522247314453,86.73834228515625,0.10835212371071468
Castle Gate,20,75.1894760131836,68.43136596679688,0.12140127958678729
Castle Gate,21,82.4827880859375,70.55043029785156,0.10830076374968986
Castle Gate,22,72.63184356689453,69.60880279541016,0.09408012881748917
Castle Gate,23,74.9564208984375,67.4857406616211,0.11417638047986824
Castle Gate,24,97.22480010986328,95.33384704589844,0.16566805209664495
Castle Gate,25,97.24223327636719,95.30814361572266,0.1386589868026887
Castle Gate,26,96.90675354003906,95.54719543457031,0.07647027100075525
Castle Gate,27,96.78638458251953,95.44744110107422,0.10803501396705327
Castle Gate,28,96.8004150390625,95.28224182128906,0.09784970821768595
Castle Gate,29,96.89087677001953,95.74890899658203,0.12979999742545498
Castle Gate,30,95.94251251220703,95.3398666381836,0.11507027434060281
Castle Gate,31,96.96329498291016,95.6038589477539,0.0649637713514443
Castle Gate,32,97.50865936279297,92.77422332763672,0.1368002251626735
Castle Gate,33,97.06336212158203,92.5174789428711,0.08686817467897046
Castle Gate,34,97.41915893554688,92.80142974853516,0.10012416073070132
Castle Gate,35,97.31122589111328,92.75300598144531,0.10840714179029359
Castle Gate,36,86.10088348388672,74.86588287353516,0.038227203635866396
Castle Gate,37,88.11593627929688,74.918212890625,0.015091155738172891
Castle Gate,38,85.70006561279297,75.71033477783203,0.047180537270632525
Castle Gate,39,87.73757934570312,74.98992156982422,0.014474339424024023
Castle Gate,40,97.68470001220703,96.15950012207031,0.14808780080720882
Castle Gate,41,98.24858093261719,96.03785705566406,0.14801535486106498
Castle Gate,42,98.28987884521484,96.11698913574219,0.1581899193321291
Castle Gate,43,97.86324310302734,96.2336196899414,0.17810221115962688
Castle Gate,44,98.0033187866211,96.54585266113281,0.1148297043202987
Castle Gate,45,97.90430450439453,96.5204849243164,0.1398468366147428
Castle Gate,46,98.14461517333984,96.60223388671875,0.15493468699292356
Castle Gate,47,97.77951049804688,96.46691131591797,0.17767240103821227
Castle Gate,48,89.13423156738281,83.83097076416016,0.14799944164093945
Castle Gate,49,89.11177825927734,82.49237823486328,0.08121880755579075
Castle Gate,50,90.14192962646484,82.97952270507812,0.08511992479831498
Castle Gate,51,91.64878845214844,84.96475219726562,0.12333553870040226
Castle Gate,52,89.36079406738281,91.336181640625,0.1664102517500189
Castle Gate,53,89.35956573486328,90.5225601196289,0.14897604688508798
Castle Gate,54,89.88874816894531,91.96961975097656,0.1519258562267289
Castle Gate,55,90.83414459228516,92.34965515136719,0.17079631220876276
Castle Gate,56,95.25064849853516,91.16255950927734,0.07444690868801364
Castle Gate,57,95.3750228881836,90.77249908447266,0.07607766202494223
Castle Gate,58,95.1628189086914,90.46636199951172,0.06982336594057471
Castle Gate,59,96.596923828125,90.84424591064453,0.07501266257845297
Castle Gate,60,98.75611114501953,94.22866821289062,0.03203481894764779
Castle Gate,61,97.98583984375,94.1181869506836,0.05056249025769261
Castle Gate,62,98.4565658569336,94.09066772460938,0.04961751264864994
Castle Gate,63,98.67366790771484,94.32626342773438,0.03638976470735654
Castle Gate,64,92.52397918701172,94.43750762939453,0.28030528618993017
Castle Gate,65,93.69737243652344,94.38837432861328,0.2701709936298186
Castle Gate,66,93.09874725341797,94.58172607421875,0.29334136954871937
Castle Gate,67,93.09212493896484,94.66728210449219,0.2911530860894375
Castle Gate,68,54.216407775878906,61.864078521728516,0.0940084786643952
Castle Gate,69,52.800437927246094,63.36002731323242,0.07926238428733454
Castle Gate,70,51.1861686706543,62.516929626464844,0.06020591267515088
Castle Gate,71,54.92974090576172,62.87778091430664,0.08361338624669765
Castle Gate,72,91.49899291992188,90.60078430175781,0.07460913727126964
Castle Gate,73,93.26388549804688,91.2321548461914,0.07356984396031047
Castle Gate,74,93.7230453491211,90.961181640625,0.11585888736665338
Castle Gate,75,92.21087646484375,90.7474594116211,0.12004064387033586
Castle Gate,76,97.8630599975586,93.70292663574219,0.058125114037492556
Castle Gate,77,96.40747833251953,93.15608215332031,0.06915179062271676
Castle Gate,78,97.69642639160156,93.91472625732422,0.08998660400140783
Castle Gate,79,98.51632690429688,93.80897521972656,0.08322362640637003
Castle Gate,80,82.4540786743164,82.5479736328125,0.09243737162809018
Castle Gate,81,82.16845703125,81.7995376586914,0.11594419729645074
Castle Gate,82,82.88462829589844,82.979736328125,0.10509173018602289
Castle Gate,83,81.17435455322266,81.41604614257812,0.09172845963233375
Castle Gate,84,97.56249237060547,97.86475372314453,0.2821321908500334
Castle Gate,85,97.79061126708984,98.13531494140625,0.3113278315142443
Castle Gate,86,97.57474517822266,98.01264190673828,0.3891909042466721
Castle Gate,87,97.81848907470703,98.05569458007812,0.32080223879716757
Castle Gate,88,98.67384338378906,95.8801498413086,0.17146459683369847
Castle Gate,89,98.8704833984375,95.92032623291016,0.16564811935919616
Castle Gate,90,99.46763610839844,96.24612426757812,0.1396655204770221
Castle Gate,91,99.41056060791016,96.31761169433594,0.0813412359850062
Castle Gate,92,91.04411315917969,88.32843017578125,0.011369997265558178
Castle Gate,93,91.07504272460938,87.73665618896484,0.05023321314454481
Castle Gate,94,92.39849090576172,89.11531066894531,0.011109104806727279
Castle Gate,95,90.74807739257812,88.40521240234375,0.031162581442529605
Castle Gate,96,88.266845703125,89.31208038330078,0.10062094569875903
Castle Gate,97,89.15830993652344,88.83553314208984,0.15195828799313588
Castle Gate,98,89.88701629638672,89.41558074951172,0.18671324207944975
Castle Gate,99,89.32025146484375,89.831298828125,0.13261175308279247
Castle Gate,100,95.8709945678711,94.39143371582031,0.0665607322962312
Castle Gate,101,96.7978744506836,94.58551025390625,0.05585294767821223
Castle Gate,102,96.65277862548828,94.57013702392578,0.08111798508977079
Castle Gate,103,96.04499816894531,94.61260986328125,0.053758954117256307
Castle Gate,104,96.93985748291016,93.02870178222656,0.13795864768352167
Castle Gate,105,97.03529357910156,93.07431030273438,0.12855558504878226
Castle Gate,106,96.70465850830078,92.94544982910156,0.10720195387906471
Castle Gate,107,96.661865234375,93.50749206542969,0.10815033394708008
Castle Gate,108,92.6271743774414,90.62286376953125,0.14203209189455826
Castle Gate,109,93.28237915039062,91.38451385498047,0.11155272262437599
Castle Gate,110,93.48270416259766,91.87952423095703,0.09900287034639228
Castle Gate,111,92.41816711425781,90.746337890625,0.12392123358051899
Castle Gate,112,87.09690856933594,83.61338806152344,0.0042177947603507125
Castle Gate,113,86.4755859375,82.85086822509766,-0.00558649779017328
Castle Gate,114,89.0875015258789,83.96179962158203,0.021620219780809722
Castle Gate,115,86.4053726196289,84.58429718017578,0.029448567441156426
Castle Gate,116,95.3681869506836,94.57750701904297,0.10523394513732102
Castle Gate,117,95.10289764404297,94.8839111328125,0.13725488304124428
Castle Gate,118,96.0230484008789,94.88341522216797,0.09899810259676614
Castle Gate,119,94.68193817138672,94.52806854248047,0.10332712912022197
Castle Gate,120,95.28924560546875,93.53229522705078,0.08009101482584
Castle Gate,121,97.01840209960938,93.60167694091797,0.02948308894255526
Castle Gate,122,96.79934692382812,93.3650894165039,0.0277413451676349
Castle Gate,123,97.24976348876953,93.69762420654297,0.11206421523893956
Castle Gate,124,93.7061996459961,92.70564270019531,0.06304150339516784
Castle Gate,125,93.90425109863281,93.01895141601562,0.07323687895733696
Castle Gate,126,95.03337097167969,93.12053680419922,0.08518119630736982
Castle Gate,127,93.69306945800781,92.6475601196289,0.06809394439231567
Castle Gate,128,82.10749816894531,84.21149444580078,0.13154174882305433
Castle Gate,129,81.4200439453125,82.93915557861328,0.09432448105382844
Castle Gate,130,83.66706085205078,84.12307739257812,0.10975652001219677
Castle Gate,131,81.09890747070312,83.165283203125,0.1480904201145371
Castle Gate,132,86.72867584228516,88.13463592529297,0.15058257932841057
Castle Gate,133,85.663818359375,87.24402618408203,0.09087765347484927
Castle Gate,134,87.12644958496094,87.65483093261719,0.07652064499707448
Castle Gate,135,87.06148529052734,88.04081726074219,0.09905320179452977
Castle Gate,136,95.14395141601562,95.69364929199219,0.18229898001169814
Castle Gate,137,95.91392517089844,95.91410064697266,0.17333784022217605
Castle Gate,138,95.32817840576172,95.72541809082031,0.16975383790149123
Castle Gate,139,95.47325897216797,95.6333999633789,0.1504231272834997
Castle Gate,140,88.19111633300781,91.05587768554688,0.0600356478128691
Castle Gate,141,87.2327880859375,90.30167388916016,0.09742013502502733
Castle Gate,142,86.84715270996094,89.73628997802734,0.08945436285573723
Castle Gate,143,88.54582214355469,90.92774963378906,0.02206777699612861
Castle Gate,144,97.93379974365234,95.04519653320312,0.07721796209033006
Castle Gate,145,97.997802734375,95.22415924072266,0.11609742817461206
Castle Gate,146,98.16712951660156,95.23706817626953,0.09825122711525179
Castle Gate,147,97.85692596435547,95.07958984375,0.07842912570467224
Castle Gate,148,85.1279525756836,83.74935150146484,0.08417601724631502
Castle Gate,149,88.35311126708984,84.5975112915039,0.06147819591661262
Castle Gate,150,86.51481628417969,85.07762908935547,0.07655796850982562
Castle Gate,151,87.9682388305664,85.03351593017578,0.08977552292263066
Castle Gate,152,95.11863708496094,93.7419204711914,0.13445744124718362
Castle Gate,153,94.37481689453125,93.53568267822266,0.15945632378536956
Castle Gate,154,94.97613525390625,93.61459350585938,0.15189329149510875
Castle Gate,155,95.19694519042969,93.94339752197266,0.09703673973540788
Castle Gate,156,89.58243560791016,90.05662536621094,0.1243786164376344
Castle Gate,157,88.4842758178711,89.67041778564453,0.10432016774463512
Castle Gate,158,89.18305206298828,89.89759063720703,0.11913437110958415
Castle Gate,159,89.21558380126953,90.37740325927734,0.1266745005755018
Castle Gate,160,98.38246154785156,98.42500305175781,0.2814523150740385
Castle Gate,161,98.01375579833984,98.3456802368164,0.21971736814278803
Castle Gate,162,98.403564453125,98.43154907226562,0.29637225369249676
Castle Gate,163,98.36458587646484,98.40189361572266,0.285336688971576
Castle Gate,164,98.45001220703125,97.71959686279297,0.10345144963453876
Castle Gate,165,98.36145782470703,97.58907318115234,0.11644518544426499
Castle Gate,166,98.5255355834961,97.67723846435547,0.14765712844855713
Castle Gate,167,98.37203216552734,97.60697937011719,0.16288401371707228
Castle Gate,168,91.6828842163086,86.61091613769531,0.06638995094360706
Castle Gate,169,90.64016723632812,85.01847839355469,0.08194227984553384
Castle Gate,170,92.01589965820312,86.88155364990234,0.08339149038138352
Castle Gate,171,90.25704956054688,86.17510986328125,0.0984685812475466
Castle Gate,172,98.39456176757812,97.21711730957031,0.10793909839775219
Castle Gate,173,98.23929595947266,97.2181396484375,0.1149341409790597
Castle Gate,174,98.52083587646484,97.28428649902344,0.12093278135413285
Castle Gate,175,98.6570053100586,97.26632690429688,0.11718751775945267
Castle Gate,176,97.70072937011719,96.95829772949219,-0.05596128296751558
Castle Gate,177,97.89701843261719,96.80123901367188,-0.005850263527533592
Castle Gate,178,97.70721435546875,96.89308166503906,0.08554311896630258
Castle Gate,179,97.6885986328125,96.85420989990234,0.006540758995271851
Castle Gate,180,95.57557678222656,95.91575622558594,0.34296378225022445
Castle Gate,181,95.4320068359375,95.9415283203125,0.36830826571147557
Castle Gate,182,95.95465087890625,96.32460021972656,0.3309860516177512
Castle Gate,183,95.49471282958984,95.8798828125,0.30637305903275386
Castle Gate,184,94.99103546142578,93.4080581665039,0.10242577310863171
Castle Gate,185,95.33737182617188,93.89097595214844,0.10234154016686635
Castle Gate,186,94.48281860351562,93.5750961303711,0.14407400150857994
Castle Gate,187,95.63676452636719,94.19747161865234,0.1075641473623951
Castle Gate,188,95.83951568603516,93.98579406738281,0.13155709306848679
Castle Gate,189,95.76407623291016,93.96499633789062,0.10975631369967367
Castle Gate,190,95.21761322021484,93.89159393310547,0.15170597990082338
Castle Gate,191,95.35250854492188,93.65235900878906,0.1117590143800338
Castle Gate,192,91.33683776855469,92.94171905517578,0.11624685025126816
Castle Gate,193,92.54852294921875,92.87334442138672,0.12030408859164277
Castle Gate,194,93.34202575683594,93.28968048095703,0.11779734168253639
Castle Gate,195,93.73933410644531,93.93742370605469,0.0646804561925322
Castle Gate,196,99.5066146850586,96.5648193359375,0.09878597604597843
Castle Gate,197,99.4603500366211,96.73584747314453,0.09728549081001717
Castle Gate,198,99.12007904052734,96.5865478515625,0.1483811750168845
Castle Gate,199,99.57401275634766,96.53640747070312,0.12283985099073622
Castle Gate,200,93.36906433105469,91.99738311767578,0.10468721787848656
Castle Gate,201,92.87249755859375,92.04708099365234,0.04481597866481579
Castle Gate,202,93.96525573730469,92.4109115600586,0.08634985314517162
Castle Gate,203,93.47937774658203,92.35110473632812,0.10299232560059382
Castle Gate,204,98.25210571289062,95.0677719116211,0.04912934630299268
Castle Gate,205,98.02700805664062,94.71208953857422,0.08957353453238315
Castle Gate,206,98.43816375732422,94.9830093383789,0.04959213112085303
Castle Gate,207,99.02131652832031,94.81718444824219,0.0741027612385206
Castle Gate,208,94.9598159790039,91.83882904052734,0.14455159967339493
Castle Gate,209,94.18871307373047,91.5727767944336,0.1376649805981483
Castle Gate,210,96.27604675292969,92.2003173828125,0.17266564839028845
Castle Gate,211,96.24866485595703,91.84680938720703,0.14031598764940578
Castle Gate,212,96.91513061523438,86.93128967285156,0.10074217575982165
Castle Gate,213,92.41570281982422,87.03181457519531,0.05547570084439523
Castle Gate,214,91.6717758178711,86.19168090820312,0.07075629736391618
Castle Gate,215,92.8758773803711,85.80997467041016,0.06685781001335109
Castle Gate,216,95.07183074951172,95.17054748535156,0.1740450676796308
Castle Gate,217,95.27938842773438,95.18722534179688,0.2139189561231775
Castle Gate,218,95.73514556884766,95.87474822998047,0.15376910963610285
Castle Gate,219,94.35791778564453,95.0609130859375,0.15142521429436168
Castle Gate,220,97.29240417480469,97.19420623779297,0.1551534956120554
Castle Gate,221,96.68782806396484,97.09825897216797,0.12306352447622886
Castle Gate,222,97.12238311767578,97.19695281982422,0.17843260078960957
Castle Gate,223,97.26805877685547,97.1976547241211,0.19649494168108486
Castle Gate,224,97.7645492553711,95.9969482421875,0.08449163198229816
Castle Gate,225,99.24513244628906,96.2655029296875,0.08577704965344474
Castle Gate,226,98.19334411621094,96.28451538085938,0.1059453809046488
Castle Gate,227,99.07928466796875,96.46435546875,0.1376551735425652
Castle Gate,228,99.6496810913086,97.95542907714844,0.1372013976742417
Castle Gate,229,99.59722137451172,97.97102355957031,0.1461911143447887
Castle Gate,230,99.71910858154297,98.0483169555664,0.1890091680043546
Castle Gate,231,99.82015228271484,97.99739074707031,0.20191297933555014
Castle Gate,232,94.37134552001953,92.16680908203125,0.07202563622493412
Castle Gate,233,93.61302947998047,91.84707641601562,0.15257279052032932
Castle Gate,234,93.15204620361328,91.59083557128906,0.14399723033886694
Castle Gate,235,93.64677429199219,92.46056365966797,0.09618412958196812
Castle Gate,236,98.25401306152344,96.53865051269531,0.23302038095839434
Castle Gate,237,98.2767333984375,96.4342269897461,0.27159113168688315
Castle Gate,238,98.0530776977539,96.52599334716797,0.2004297774310728
Castle Gate,239,98.61699676513672,96.60958862304688,0.2326870183998953
Castle Gate,240,93.79350280761719,93.3285903930664,0.07913473300999058
Castle Gate,241,92.36217498779297,93.71331024169922,0.10157558921823868
Castle Gate,242,94.48026275634766,94.02007293701172,0.0791818013666741
Castle Gate,243,93.83899688720703,93.78842163085938,0.052525222575332514
Castle Gate,244,97.05093383789062,92.3749771118164,0.06165076696687194
Castle Gate,245,96.84388732910156,92.66102600097656,0.07080886968077756
Castle Gate,246,97.50253295898438,92.5105972290039,0.08696732729143515
Castle Gate,247,97.92510986328125,92.82730102539062,0.04824742955950215
Castle Gate,248,97.8419418334961,95.67969512939453,0.15667081224914417
Castle Gate,249,97.75170135498047,95.76130676269531,0.15679465229279171
Castle Gate,250,97.9114990234375,95.7088623046875,0.1650153184706017
Castle Gate,251,97.74874114990234,95.50407409667969,0.12614834856535534
Castle Gate,252,96.20616912841797,94.8541488647461,0.2761831731411055
Castle Gate,253,96.11486053466797,95.18294525146484,0.3518231129444351
Castle Gate,254,96.0165786743164,95.30711364746094,0.3281746287613963
Castle Gate,255,96.05270385742188,95.10759735107422,0.28064488234130286
Castle Gate,256,89.97908782958984,89.79424285888672,0.023433168687772375
Castle Gate,257,89.99991607666016,89.07581329345703,0.09921549492807435
Castle Gate,258,92.2528076171875,90.13407897949219,0.029818462780430294
Castle Gate,259,91.40501403808594,90.27701568603516,0.004771645719554224
Castle Gate,260,98.1399154663086,97.49120330810547,0.22994962042891576
Castle Gate,261,98.28308868408203,97.55078125,0.2521626179134563
Castle Gate,262,98.10772705078125,97.4135971069336,0.25466640071325913
Castle Gate,263,98.37301635742188,97.60567474365234,0.24042475209225023
Castle Gate,264,94.77486419677734,93.57967376708984,0.1546362707543732
Castle Gate,265,95.8751449584961,94.00105285644531,0.11560676325603647
Castle Gate,266,94.95003509521484,93.3718032836914,0.11404970344240604
Castle Gate,267,94.96026611328125,94.15560913085938,0.11245409133092259
Castle Gate,268,93.1183090209961,90.78456115722656,0.09162538036318607
Castle Gate,269,92.91766357421875,90.77801513671875,0.04389185466076863
Castle Gate,270,93.15127563476562,90.9493179321289,0.06104304127528014
Castle Gate,271,94.48916625976562,91.1579360961914,0.06850090963216629
Castle Gate,272,97.68391418457031,97.12135314941406,0.11024064647884455
Castle Gate,273,97.6492919921875,97.08343505859375,0.14448439388371817
Castle Gate,274,97.9271011352539,97.17706298828125,0.1150749151641216
Castle Gate,275,97.8572006225586,97.01976013183594,0.13590915470780915
Castle Gate,276,95.45320892333984,95.2171630859375,0.21168372958927748
Castle Gate,277,95.9951171875,95.64313507080078,0.19233338922217338
Castle Gate,278,95.75680541992188,95.45093536376953,0.22001044227681799
Castle Gate,279,95.92062377929688,95.5089111328125,0.18114624873392215
Castle Gate,280,95.65522003173828,96.56649017333984,0.15524738937583643
Castle Gate,281,95.6536865234375,96.62232208251953,0.1379921575252932
Castle Gate,282,95.30343627929688,96.53981018066406,0.1579125492003044
Castle Gate,283,95.56898498535156,96.33470916748047,0.17819630073659648
Berea Upper Gray,0,99.36034393310547,90.55480194091797,0.03433203087010846
Berea Upper Gray,1,98.8829574584961,90.43824768066406,0.0634282296262414
Berea Upper Gray,2,99.68222045898438,90.96568298339844,0.09288285387936952
Berea Upper Gray,3,99.4199447631836,90.36737060546875,0.06534265687277625
Berea Upper Gray,4,95.50760650634766,93.673583984375,0.09953936656871495
Berea Upper Gray,5,94.46499633789062,93.38075256347656,0.0867378539230967
Berea Upper Gray,6,93.51595306396484,93.442626953125,0.042701776558505114
Berea Upper Gray,7,93.95902252197266,93.09278106689453,0.06952586917105318
Berea Upper Gray,8,95.6550064086914,92.09134674072266,0.06826922868756524
Berea Upper Gray,9,95.47386932373047,92.19219207763672,0.09562661704687003
Berea Upper Gray,10,94.51834106445312,92.02627563476562,0.06225883541042807
Berea Upper Gray,11,95.23675537109375,92.19092559814453,0.030551208577719535
Berea Upper Gray,12,96.34234619140625,91.24787902832031,0.09486167490005204
Berea Upper Gray,13,95.78977966308594,91.6063003540039,0.07642998619004894
Berea Upper Gray,14,96.83732604980469,91.80982971191406,0.092430885121647
Berea Upper Gray,15,96.243896484375,91.64341735839844,0.0557739993589095
Berea Upper Gray,16,88.58206939697266,85.87986755371094,0.003097160430904001
Berea Upper Gray,17,88.72559356689453,86.3769302368164,-0.023458774407970593
Berea Upper Gray,18,88.89451599121094,86.25347137451172,0.0027482154134000985
Berea Upper Gray,19,92.3318099975586,86.12346649169922,0.022054540626762972
Berea Upper Gray,20,86.18724060058594,82.26290893554688,0.029320554266333156
Berea Upper Gray,21,84.72428894042969,82.92581176757812,0.05078021923305551
Berea Upper Gray,22,87.66780090332031,83.36481475830078,0.02519544759294543
Berea Upper Gray,23,86.58386993408203,81.67337799072266,0.037446517264547195
Berea Upper Gray,24,98.98535919189453,96.72515869140625,0.11541895401619318
Berea Upper Gray,25,99.12622833251953,96.8152084350586,0.10306344690697478
Berea Upper Gray,26,99.12744140625,96.64751434326172,0.07726685388003658
Berea Upper Gray,27,99.24427032470703,96.66573333740234,0.13302364431765254
Berea Upper Gray,28,97.77960205078125,95.99555206298828,0.20858551737451952
Berea Upper Gray,29,98.35452270507812,96.06929779052734,0.14245946407202734
Berea Upper Gray,30,98.2733154296875,96.09504699707031,0.1789750061475577
Berea Upper Gray,31,97.86455535888672,96.01760864257812,0.17610737207434526
Berea Upper Gray,32,96.38478088378906,93.30487060546875,0.067099202618333
Berea Upper Gray,33,96.96218872070312,93.48753356933594,0.09077057953218806
Berea Upper Gray,34,96.36410522460938,93.37916564941406,0.05221810848653995
Berea Upper Gray,35,97.42208099365234,92.92652130126953,0.08069209791702484
Berea Upper Gray,36,93.04766845703125,82.14480590820312,0.024202824348630834
Berea Upper Gray,37,96.87727355957031,81.6603012084961,-0.028723741019861276
Berea Upper Gray,38,98.6415023803711,80.84490966796875,-0.014580170115811565
Berea Upper Gray,39,95.67742156982422,82.42384338378906,0.0005722585158761549
Berea Upper Gray,40,96.98307800292969,92.59497833251953,0.035091884698596955
Berea Upper Gray,41,97.83190155029297,92.43429565429688,0.012214649202260553
Berea Upper Gray,42,97.4167251586914,92.61044311523438,-0.002827489376201067
Berea Upper Gray,43,98.15478515625,92.45223236083984,-0.008168507516489364
Berea Upper Gray,44,85.80695343017578,70.50421905517578,0.015148310232669073
Berea Upper Gray,45,86.90416717529297,70.84081268310547,0.013556530600645088
Berea Upper Gray,46,81.31893920898438,69.33631896972656,0.034556917092779
Berea Upper Gray,47,86.74613952636719,71.84172821044922,0.007203292434659628
Berea Upper Gray,48,92.97895812988281,92.47901916503906,0.11002031686258636
Berea Upper Gray,49,94.36930847167969,92.7312240600586,0.06712385654457598
Berea Upper Gray,50,95.0518569946289,92.12898254394531,0.07913724114704389
Berea Upper Gray,51,93.59007263183594,92.8958740234375,0.07138468534335037
Berea Upper Gray,52,93.0601806640625,93.89886474609375,0.22464952929007195
Berea Upper Gray,53,93.55827331542969,94.0810775756836,0.20596358763539546
Berea Upper Gray,54,92.18617248535156,93.41368865966797,0.15401940178941428
Berea Upper Gray,55,92.7411880493164,93.85833740234375,0.17998417648186993
Berea Upper Gray,56,96.73460388183594,89.90885162353516,0.030349767804794602
Berea Upper Gray,57,97.8877944946289,89.9535903930664,0.08862331869261016
Berea Upper Gray,58,95.18109130859375,89.80635833740234,0.07301175307688874
Berea Upper Gray,59,96.1299057006836,89.94435119628906,0.06356245539251949
Berea Upper Gray,60,94.1004867553711,92.47832489013672,0.04509834479676154
Berea Upper Gray,61,95.0882568359375,92.82215118408203,0.04660275484883041
Berea Upper Gray,62,93.78530883789062,92.68818664550781,0.03780839774601192
Berea Upper Gray,63,93.9013900756836,92.57281494140625,0.04286100391791295
Berea Upper Gray,64,93.62706756591797,90.19010162353516,0.05304780193927141
Berea Upper Gray,65,94.26738739013672,90.2587890625,0.0403235344516033
Berea Upper Gray,66,95.33952331542969,90.15968322753906,0.051484529330261146
Berea Upper Gray,67,93.51348876953125,89.72880554199219,0.03893210193607036
Berea Upper Gray,68,69.36035919189453,67.93632507324219,-0.02074620187945756
Berea Upper Gray,69,66.97547912597656,68.26644897460938,-0.00814942808846835
Berea Upper Gray,70,58.57573318481445,67.36058044433594,0.003172661654714736
Berea Upper Gray,71,58.04004669189453,67.49442291259766,-0.028423641527798853
Berea Upper Gray,72,87.47171783447266,85.00103759765625,0.04257110647124809
Berea Upper Gray,73,87.61467742919922,84.743408203125,0.08072365594803754
Berea Upper Gray,74,87.22825622558594,84.72986602783203,0.07611025225689616
Berea Upper Gray,75,86.0518569946289,84.51117706298828,0.049232216276944504
Berea Upper Gray,76,81.17102813720703,66.86920166015625,0.02636201618488404
Berea Upper Gray,77,82.15735626220703,67.78943634033203,0.0021469165031124137
Berea Upper Gray,78,79.87174224853516,67.19847869873047,-0.0024195301573371976
Berea Upper Gray,79,75.97523498535156,66.64295959472656,0.010437314936779442
Berea Upper Gray,80,99.03873443603516,73.5940170288086,0.035428284707762714
Berea Upper Gray,81,96.2718505859375,73.62107849121094,0.045997840991018994
Berea Upper Gray,82,97.03559875488281,73.8529052734375,0.02135682530817399
Berea Upper Gray,83,95.57464599609375,72.92398071289062,0.03707683684911158
Berea Upper Gray,84,96.81372833251953,93.8460464477539,0.12126576093787451
Berea Upper Gray,85,96.80131530761719,93.79163360595703,0.12732157781612674
Berea Upper Gray,86,96.73576354980469,93.65478515625,0.11481567616329535
Berea Upper Gray,87,96.79144287109375,93.67655181884766,0.14496396691944363
Berea Upper Gray,88,97.60992431640625,94.28638458251953,0.014439806173490199
Berea Upper Gray,89,98.27760314941406,94.23771667480469,0.039472270201179355
Berea Upper Gray,90,97.20567321777344,94.15709686279297,0.007336688864409049
Berea Upper Gray,91,98.42807006835938,93.72062683105469,0.03088342890666485
Berea Upper Gray,92,98.02401733398438,96.30265045166016,0.057990677573486575
Berea Upper Gray,93,98.25004577636719,96.0792236328125,0.06096718446005103
Berea Upper Gray,94,98.23899841308594,95.99779510498047,0.044319482978396975
Berea Upper Gray,95,99.46942138671875,96.3495864868164,0.03816243979723027
Berea Upper Gray,96,96.18855285644531,93.71958923339844,0.04186463688441563
Berea Upper Gray,97,96.21595764160156,93.76631164550781,0.03756878274130855
Berea Upper Gray,98,96.30966186523438,94.08805084228516,0.06356397151827393
Berea Upper Gray,99,96.02713775634766,93.51416778564453,0.006365497266830563
Berea Upper Gray,100,140.64608764648438,118.02592468261719,0.039396582440007
Berea Upper Gray,101,102.88789367675781,103.88643646240234,0.06671225353027796
Berea Upper Gray,102,123.31334686279297,105.25699615478516,0.030689171775508277
Berea Upper Gray,103,121.5610122680664,97.8461685180664,0.03214235999976315
Berea Upper Gray,104,96.31858825683594,93.21321868896484,0.06059657414157392
Berea Upper Gray,105,97.48141479492188,93.19490051269531,0.05929297165540847
Berea Upper Gray,106,97.67833709716797,93.55633544921875,0.1170244702499459
Berea Upper Gray,107,96.51731872558594,92.95841979980469,0.11656512161258704
Berea Upper Gray,108,59.10239791870117,70.021240234375,0.09383288190145862
Berea Upper Gray,109,64.70819091796875,72.2445068359375,0.06961226411940787
Berea Upper Gray,110,70.00313568115234,72.4692153930664,0.07518468240457483
Berea Upper Gray,111,65.917236328125,73.17123413085938,0.06875132790234675
Berea Upper Gray,112,89.3140640258789,73.6247329711914,0.03038978646702682
Berea Upper Gray,113,87.384033203125,74.7210464477539,-0.0014596303675603153
Berea Upper Gray,114,90.27963256835938,73.4340591430664,-0.006682596714888373
Berea Upper Gray,115,85.19947052001953,72.43008422851562,0.026850502785585994
Berea Upper Gray,116,93.16153717041016,93.90263366699219,0.06277874398777601
Berea Upper Gray,117,92.95088958740234,93.68875885009766,0.15376798384857288
Berea Upper Gray,118,91.4831314086914,92.90308380126953,0.11150596371461478
Berea Upper Gray,119,93.69306182861328,93.33810424804688,0.1287797393369864
Berea Upper Gray,120,97.13005828857422,94.95854949951172,0.08645695088951134
Berea Upper Gray,121,96.89997863769531,94.98392486572266,0.10000610125698355
Berea Upper Gray,122,97.11631774902344,95.32404327392578,0.03665898041794547
Berea Upper Gray,123,97.77220153808594,95.28182220458984,0.032824693479133325
Berea Upper Gray,124,97.46110534667969,95.35906219482422,0.0017685397453993316
Berea Upper Gray,125,98.77393341064453,95.66999816894531,-0.026025962659040728
Berea Upper Gray,126,98.22467803955078,95.38204956054688,-0.06351896994230315
Berea Upper Gray,127,98.47167205810547,95.29107666015625,-0.04465279697478647
Berea Upper Gray,128,97.49211883544922,91.57535552978516,0.0476466183221859
Berea Upper Gray,129,96.38385772705078,91.84911346435547,0.03363115867254735
Berea Upper Gray,130,96.23411560058594,91.73099517822266,0.05901833744160378
Berea Upper Gray,131,96.7997055053711,91.31512451171875,0.01727404987377639
Berea Upper Gray,132,99.24603271484375,96.73721313476562,0.17203611917439593
Berea Upper Gray,133,99.47296905517578,96.70086669921875,0.1847645639199485
Berea Upper Gray,134,99.31305694580078,96.732421875,0.1715603580164693
Berea Upper Gray,135,99.3792495727539,96.59514617919922,0.18069674872027044
Berea Upper Gray,136,99.0458755493164,96.99465942382812,0.13955108031725286
Berea Upper Gray,137,98.02286529541016,96.75556182861328,0.13548666555014527
Berea Upper Gray,138,98.6478271484375,96.81322479248047,0.18228316763654306
Berea Upper Gray,139,98.10497283935547,96.7965316772461,0.12221634007864554
Berea Upper Gray,140,97.25370788574219,94.37860107421875,0.10570179724051214
Berea Upper Gray,141,97.30384063720703,94.12242126464844,0.045520006175480236
Berea Upper Gray,142,97.2104721069336,94.10556030273438,0.06924815399503204
Berea Upper Gray,143,97.36189270019531,94.48175048828125,0.12588909149663932
Berea Upper Gray,144,97.38280487060547,96.70498657226562,0.18925793262057947
Berea Upper Gray,145,97.4859390258789,96.87672424316406,0.1304646145940777
Berea Upper Gray,146,96.99256896972656,96.80850219726562,0.12581548985798655
Berea Upper Gray,147,97.84088897705078,97.10707092285156,0.12953865030127215
Berea Upper Gray,148,95.86595153808594,91.844970703125,0.06648236331872787
Berea Upper Gray,149,96.28081512451172,91.27133178710938,0.035128192897985494
Berea Upper Gray,150,94.78872680664062,91.77047729492188,0.08616127094213363
Berea Upper Gray,151,95.47608184814453,91.70848846435547,0.06832565099243719
Berea Upper Gray,152,55.34373474121094,138.03004455566406,0.03325007370731544
Berea Upper Gray,153,108.23541259765625,136.50857543945312,0.04274543846115815
Berea Upper Gray,154,107.6919937133789,137.7191162109375,0.02373401626915894
Berea Upper Gray,155,11.214773178100586,128.63436889648438,0.031781019205120074
Berea Upper Gray,156,73.05535125732422,114.12036895751953,0.04810222682382041
Berea Upper Gray,157,83.20146942138672,122.2080307006836,0.05499089168296607
Berea Upper Gray,158,58.68917465209961,112.93177032470703,0.06591086177601745
Berea Upper Gray,159,61.06538772583008,108.17549896240234,0.043808185319752994
Berea Upper Gray,160,96.21063232421875,96.46784210205078,0.3062722473503322
Berea Upper Gray,161,96.3119888305664,96.70720672607422,0.2781985754981051
Berea Upper Gray,162,95.8852310180664,96.34334564208984,0.3173118991804828
Berea Upper Gray,163,96.26288604736328,96.62612915039062,0.32008582482228953
Berea Upper Gray,164,97.57865905761719,93.23990631103516,0.13827975134091267
Berea Upper Gray,165,96.72415161132812,93.48275756835938,0.10845500957853899
Berea Upper Gray,166,96.24165344238281,93.25405883789062,0.1134996732028163
Berea Upper Gray,167,97.56458282470703,93.42144012451172,0.13753409849193537
Berea Upper Gray,168,82.55963134765625,80.4207534790039,0.015243942863853157
Berea Upper Gray,169,82.59124755859375,79.8776626586914,0.0023098997095807117
Berea Upper Gray,170,82.5403823852539,79.75882720947266,0.01570098427466955
Berea Upper Gray,171,83.3131103515625,79.949462890625,0.03465880542152236
Berea Upper Gray,172,95.79936981201172,88.9898681640625,0.03354016136922428
Berea Upper Gray,173,94.9511947631836,89.26676940917969,0.05910498449557672
Berea Upper Gray,174,93.55181884765625,88.82414245605469,0.031908126369964845
Berea Upper Gray,175,96.21014404296875,89.03640747070312,0.004655425054600378
Berea Upper Gray,176,95.52396392822266,64.08457946777344,0.017367558177852224
Berea Upper Gray,177,90.54812622070312,64.89755249023438,0.02526816302475445
Berea Upper Gray,178,95.83909606933594,65.67646026611328,0.028833301616008056
Berea Upper Gray,179,95.3238754272461,63.45051193237305,0.03390222139885449
Berea Upper Gray,180,95.11402893066406,94.83673858642578,0.08665158277592717
Berea Upper Gray,181,95.25874328613281,94.73570251464844,0.04610060446462758
Berea Upper Gray,182,95.304443359375,94.85850524902344,0.04704916300298359
Berea Upper Gray,183,96.39529418945312,95.19330596923828,0.11334754972085723
Berea Upper Gray,184,92.24597930908203,84.56080627441406,0.09565177013004508
Berea Upper Gray,185,94.27825927734375,84.25943756103516,0.07466158009032779
Berea Upper Gray,186,90.86394500732422,83.89967346191406,0.016512475288643053
Berea Upper Gray,187,88.82489013671875,83.8162612915039,0.06602211456171812
Berea Upper Gray,188,96.37091827392578,88.12905883789062,0.019575870202409057
Berea Upper Gray,189,96.91600799560547,89.56877899169922,0.07637365376961419
Berea Upper Gray,190,96.4848861694336,89.2979736328125,0.03272785530818431
Berea Upper Gray,191,98.56342315673828,89.76338195800781,0.034395876085878956
Berea Upper Gray,192,89.54193878173828,88.09182739257812,0.06197093484422698
Berea Upper Gray,193,89.54366302490234,88.54751586914062,0.011278971106306662
Berea Upper Gray,194,89.42961120605469,87.22915649414062,0.05184060231769288
Berea Upper Gray,195,88.38973999023438,87.29247283935547,0.10363761676198141
Berea Upper Gray,196,96.08138275146484,90.31072998046875,0.05111649370486826
Berea Upper Gray,197,97.0540771484375,90.83929443359375,0.09497093370627058
Berea Upper Gray,198,96.0997543334961,90.14892578125,0.08906352463982449
Berea Upper Gray,199,96.1677474975586,89.53868103027344,0.06591387362090786
Berea Upper Gray,200,82.248291015625,84.88998413085938,0.10111134466605955
Berea Upper Gray,201,82.6645736694336,84.10167694091797,0.15181768079842087
Berea Upper Gray,202,82.85478973388672,84.50499725341797,0.12289758073906683
Berea Upper Gray,203,82.17640686035156,84.21046447753906,0.10215366943116251
Berea Upper Gray,204,95.3953857421875,89.84756469726562,0.03560057801858829
Berea Upper Gray,205,95.94711303710938,89.8116683959961,0.04020703514564509
Berea Upper Gray,206,95.2251205444336,89.97032165527344,0.022037364869680977
Berea Upper Gray,207,95.46916198730469,90.33277130126953,0.0232934181927455
Berea Upper Gray,208,65.22476959228516,77.29754638671875,0.026806061126998824
Berea Upper Gray,209,65.69573974609375,75.3304214477539,0.10251538062729161
Berea Upper Gray,210,68.71233367919922,76.09074401855469,0.09163405638863466
Berea Upper Gray,211,67.0868148803711,77.22130584716797,0.07412814526317762
Berea Upper Gray,212,14.926778793334961,81.48632049560547,0.008675344026253206
Berea Upper Gray,213,5.598512172698975,80.1823501586914,0.02666875404387374
Berea Upper Gray,214,25.141923904418945,79.68889617919922,0.023829661130626883
Berea Upper Gray,215,12.03885269165039,81.1385269165039,0.016097589373731933
Berea Upper Gray,216,69.76751708984375,69.96896362304688,-0.007057191733629895
Berea Upper Gray,217,80.21826171875,70.34910583496094,0.04383021429993351
Berea Upper Gray,218,82.66007232666016,69.93087768554688,0.021958346253269784
Berea Upper Gray,219,82.06246185302734,70.81806945800781,0.020870597035878898
Berea Upper Gray,220,94.15828704833984,93.85099029541016,0.0971567328540188
Berea Upper Gray,221,94.22480773925781,93.30783081054688,0.0877965177918135
Berea Upper Gray,222,94.04019165039062,93.76176452636719,0.09873665066075535
Berea Upper Gray,223,94.06995391845703,93.78226470947266,0.05763093798824926
Berea Sinter Gray,0,84.09329223632812,85.26612854003906,0.07333002176213937
Berea Sinter Gray,1,84.66954040527344,85.04994201660156,0.09420865125231401
Berea Sinter Gray,2,84.16771697998047,84.67704772949219,0.11234469231021807
Berea Sinter Gray,3,85.8803939819336,86.10195922851562,0.0633240286517151
Berea Sinter Gray,4,69.85292053222656,72.12390899658203,0.0892760050103332
Berea Sinter Gray,5,71.8629150390625,74.08116149902344,0.024027098979397803
Berea Sinter Gray,6,68.77306365966797,73.38941955566406,0.021705161378414533
Berea Sinter Gray,7,67.57047271728516,71.57756042480469,0.09549033239450953
Berea Sinter Gray,8,94.87969970703125,91.6144027709961,0.041322272603258
Berea Sinter Gray,9,94.39038848876953,91.38607025146484,0.07283403615473516
Berea Sinter Gray,10,92.85726165771484,91.22464752197266,0.024692611084675874
Berea Sinter Gray,11,93.3201675415039,91.12234497070312,0.010554014933759227
Berea Sinter Gray,12,90.13324737548828,90.46602630615234,0.05812501850447344
Berea Sinter Gray,13,90.53021240234375,90.52767944335938,0.06964567993672834
Berea Sinter Gray,14,90.53508758544922,90.49919891357422,0.10969282986687466
Berea Sinter Gray,15,91.0289306640625,90.62373352050781,0.09399828248480117
Berea Sinter Gray,16,88.88214874267578,89.00144958496094,0.050491747942868
Berea Sinter Gray,17,88.80056762695312,89.21210479736328,0.07706230689925567
Berea Sinter Gray,18,89.16284942626953,89.68375396728516,0.06152052335773533
Berea Sinter Gray,19,87.91133117675781,89.14116668701172,0.06923306106688769
Berea Sinter Gray,20,76.16380310058594,84.08242797851562,0.1520817452638374
Berea Sinter Gray,21,78.50643157958984,83.5725326538086,0.12572168004286544
Berea Sinter Gray,22,77.769287109375,82.78924560546875,0.11225373919063567
Berea Sinter Gray,23,84.01053619384766,81.81077575683594,0.11395292909199486
Berea Sinter Gray,24,98.0870590209961,94.87281036376953,0.021789358930400855
Berea Sinter Gray,25,98.2187728881836,94.25774383544922,0.00570599562629353
Berea Sinter Gray,26,98.04936981201172,94.67205810546875,0.026549109302839248
Berea Sinter Gray,27,97.93428039550781,94.68023681640625,0.027247083242814923
Berea Sinter Gray,28,92.93693542480469,92.88885498046875,0.11737566889835173
Berea Sinter Gray,29,91.844482421875,92.05094146728516,0.05640636920960432
Berea Sinter Gray,30,92.42292022705078,92.98233032226562,0.08203452392867899
Berea Sinter Gray,31,92.58384704589844,92.53167724609375,0.0878899335991457
Berea Sinter Gray,32,76.4658432006836,81.59610748291016,0.12709598589987958
Berea Sinter Gray,33,75.5749282836914,81.80693054199219,0.08188068190353229
Berea Sinter Gray,34,74.8816146850586,80.62448120117188,0.0688633757420197
Berea Sinter Gray,35,78.51632690429688,80.20333862304688,0.07265350524114485
Berea Sinter Gray,36,52.922908782958984,66.51073455810547,0.03090691653813327
Berea Sinter Gray,37,53.91965866088867,67.14530944824219,0.016806624229978296
Berea Sinter Gray,38,55.02671813964844,67.15641784667969,0.04189405171133756
Berea Sinter Gray,39,44.8890495300293,66.15880584716797,0.05517817108985545
Berea Sinter Gray,40,96.28157043457031,92.8149185180664,0.09787372946871452
Berea Sinter Gray,41,96.18879699707031,92.43658447265625,0.08823218659693596
Berea Sinter Gray,42,97.13029479980469,92.49524688720703,0.07122505473937313
Berea Sinter Gray,43,97.11263275146484,92.5965576171875,0.08771405884169253
Berea Sinter Gray,44,88.96537017822266,85.41616821289062,0.062237620385884096
Berea Sinter Gray,45,90.67354583740234,84.9181137084961,0.05675854202767922
Berea Sinter Gray,46,92.31560516357422,85.24641418457031,0.08172334826857727
Berea Sinter Gray,47,89.3155517578125,85.82591247558594,0.08213315570743239
Berea Sinter Gray,48,93.015625,94.49962615966797,0.008658243884944449
Berea Sinter Gray,49,92.02118682861328,93.9014663696289,0.024195924178433872
Berea Sinter Gray,50,92.8428955078125,94.37258911132812,0.0732018154564253
Berea Sinter Gray,51,92.64008331298828,94.06072998046875,-0.018397158735160953
Berea Sinter Gray,52,91.62251281738281,92.33500671386719,0.20832439313855955
Berea Sinter Gray,53,91.69430541992188,92.89559936523438,0.2464085471506934
Berea Sinter Gray,54,90.51223754882812,91.97637176513672,0.2291463415035867
Berea Sinter Gray,55,92.15648651123047,92.28844451904297,0.19439984983489408
Berea Sinter Gray,56,95.06072998046875,88.84241485595703,0.10505203873751992
Berea Sinter Gray,57,92.92207336425781,88.28096008300781,0.1302216833235489
Berea Sinter Gray,58,95.14999389648438,88.81690979003906,0.06435221675086303
Berea Sinter Gray,59,95.01466369628906,88.60094451904297,0.0892497166172158
Berea Sinter Gray,60,88.33316040039062,91.09046936035156,0.0702399393102753
Berea Sinter Gray,61,88.2359848022461,90.99869537353516,0.07085689111330107
Berea Sinter Gray,62,88.71471405029297,91.05841064453125,0.06774184639594433
Berea Sinter Gray,63,88.51651000976562,91.56632232666016,0.06917854970440698
Berea Sinter Gray,64,89.4927978515625,86.68226623535156,0.024422559859003767
Berea Sinter Gray,65,91.20893859863281,84.7945785522461,0.06082783657725042
Berea Sinter Gray,66,92.1361083984375,86.91612243652344,0.06858373301856788
Berea Sinter Gray,67,88.03495788574219,86.95417022705078,0.055528340557877635
Berea Sinter Gray,68,94.56570434570312,89.42229461669922,0.0817491480976223
Berea Sinter Gray,69,94.4808578491211,89.73450469970703,0.07044275546029878
Berea Sinter Gray,70,95.84282684326172,89.42974090576172,0.0663344723444914
Berea Sinter Gray,71,94.56244659423828,89.65826416015625,0.057081568405712414
Berea Sinter Gray,72,97.97148132324219,96.84876251220703,0.20269325654548656
Berea Sinter Gray,73,98.35978698730469,97.0768051147461,0.22679202370348853
Berea Sinter Gray,74,97.82124328613281,96.99658966064453,0.1858851053339726
Berea Sinter Gray,75,97.6922607421875,96.85296630859375,0.15525112292580626
Berea Sinter Gray,76,94.28217315673828,93.01795196533203,0.11669841339380542
Berea Sinter Gray,77,93.84358978271484,93.14490509033203,0.10524950096490118
Berea Sinter Gray,78,94.82864379882812,93.46994018554688,0.0736264452340778
Berea Sinter Gray,79,93.64334869384766,93.46448516845703,0.08330645321110873
Berea Sinter Gray,80,90.03866577148438,89.47811126708984,0.12325828442691518
Berea Sinter Gray,81,90.0152816772461,89.09109497070312,0.1579208190622664
Berea Sinter Gray,82,90.27273559570312,89.55887603759766,0.173207894905061
Berea Sinter Gray,83,90.89478302001953,89.68526458740234,0.14597088843469289
Berea Sinter Gray,84,81.35218048095703,81.40666961669922,0.06665498211266466
Berea Sinter Gray,85,79.14488983154297,79.8625259399414,0.07029640703341303
Berea Sinter Gray,86,81.48377990722656,79.32058715820312,0.05850126935985802
Berea Sinter Gray,87,85.4153823852539,79.27559661865234,0.062283565701596724
Berea Sinter Gray,88,97.02700805664062,95.04210662841797,0.07622308196686291
Berea Sinter Gray,89,97.15631866455078,94.63350677490234,0.10735545949417358
Berea Sinter Gray,90,97.9586181640625,94.68242645263672,0.12125443917664822
Berea Sinter Gray,91,98.43490600585938,95.15415954589844,0.1124206150126473
Berea Sinter Gray,92,87.51589965820312,87.59819030761719,0.09162735381537337
Berea Sinter Gray,93,89.66046905517578,87.64532470703125,0.08502871575210998
Berea Sinter Gray,94,85.28491973876953,87.86776733398438,0.11442666571549599
Berea Sinter Gray,95,87.4461898803711,88.04703521728516,0.0843688119158624
Berea Sinter Gray,96,84.48681640625,68.45045471191406,0.03857893009765591
Berea Sinter Gray,97,84.30968475341797,67.44563293457031,0.005995705758095464
Berea Sinter Gray,98,83.73436737060547,69.32711791992188,0.010704560965005138
Berea Sinter Gray,99,76.99243927001953,69.26262664794922,0.04087734386978467
Berea Sinter Gray,100,92.9107666015625,89.34564208984375,0.09176808125805617
Berea Sinter Gray,101,93.96046447753906,89.53472900390625,0.06701069995474075
Berea Sinter Gray,102,93.52970123291016,89.2094955444336,0.062009423086181154
Berea Sinter Gray,103,92.36366271972656,88.34799194335938,0.08133997975874406
Berea Sinter Gray,104,97.368408203125,96.81185150146484,0.10122851549687814
Berea Sinter Gray,105,97.96553802490234,96.91551971435547,0.14590670910979742
Berea Sinter Gray,106,97.81273651123047,97.22843170166016,0.07285048955214966
Berea Sinter Gray,107,98.0001449584961,97.19678497314453,0.060217007272936704
Berea Sinter Gray,108,87.53546905517578,89.26969146728516,0.06698727482330874
Berea Sinter Gray,109,87.11681365966797,88.34341430664062,0.021060407273163377
Berea Sinter Gray,110,86.96550750732422,88.91029357910156,0.0948589683599655
Berea Sinter Gray,111,87.6044921875,88.14262390136719,0.04518763250573835
Berea Sinter Gray,112,97.97341918945312,95.72097778320312,0.140302082955305
Berea Sinter Gray,113,97.80741882324219,95.75224304199219,0.16854817638767605
Berea Sinter Gray,114,97.35176086425781,95.6227798461914,0.1447367545072961
Berea Sinter Gray,115,97.76441192626953,95.68299865722656,0.13176574530296217
Berea Sinter Gray,116,85.55976104736328,86.8535385131836,0.09724554346146766
Berea Sinter Gray,117,84.02305603027344,86.48497009277344,0.10934555487514894
Berea Sinter Gray,118,83.4078598022461,87.13447570800781,0.08282562299981386
Berea Sinter Gray,119,80.69893646240234,85.25260162353516,0.09212925342429786
Berea Sinter Gray,120,64.86314392089844,66.63916015625,0.12366131155994961
Berea Sinter Gray,121,68.7845458984375,68.60403442382812,0.11173041418847086
Berea Sinter Gray,122,62.54531478881836,69.90177154541016,0.10062802496648043
Berea Sinter Gray,123,62.634037017822266,67.38481903076172,0.12933787767618457
Berea Sinter Gray,124,31.727754592895508,81.19808959960938,0.05816668234952541
Berea Sinter Gray,125,45.606075286865234,81.79561614990234,0.03828547889958265
Berea Sinter Gray,126,32.22194290161133,84.6230239868164,0.04101441595946717
Berea Sinter Gray,127,45.05009841918945,77.92237091064453,0.06322074346690933
Berea Sinter Gray,128,94.06684875488281,94.50297546386719,0.21408688471565493
Berea Sinter Gray,129,94.54655456542969,94.74433135986328,0.22572050061488247
Berea Sinter Gray,130,94.1762466430664,94.46759796142578,0.20014386046153138
Berea Sinter Gray,131,94.4408187866211,94.62000274658203,0.20803870100405591
Berea Sinter Gray,132,92.62860107421875,93.18103790283203,0.269112636063704
Berea Sinter Gray,133,92.20529174804688,92.45892333984375,0.27293070047867957
Berea Sinter Gray,134,92.96267700195312,93.20816040039062,0.25525690106697296
Berea Sinter Gray,135,91.58124542236328,92.91435241699219,0.24677564025307935
Berea Sinter Gray,136,92.58145904541016,92.40494537353516,0.0508456655195666
Berea Sinter Gray,137,91.94164276123047,91.66079711914062,0.09429300157795448
Berea Sinter Gray,138,92.77021026611328,92.31182861328125,0.0695095365398119
Berea Sinter Gray,139,92.72488403320312,92.23365783691406,0.03795383282919618
Berea Sinter Gray,140,77.1272964477539,79.35213470458984,0.09746858515059656
Berea Sinter Gray,141,78.9316177368164,79.73847961425781,0.058859025608655836
Berea Sinter Gray,142,81.34549713134766,80.96467590332031,0.07488583149633207
Berea Sinter Gray,143,79.61732482910156,81.21664428710938,0.07980467853094371
Berea Sinter Gray,144,79.51126098632812,77.84534454345703,0.04353162189772133
Berea Sinter Gray,145,73.04344177246094,75.38460540771484,0.051050102347017914
Berea Sinter Gray,146,74.97444915771484,75.82488250732422,-0.004572194889906231
Berea Sinter Gray,147,81.22406768798828,75.33882904052734,0.009269899486288688
Berea Sinter Gray,148,93.94145202636719,91.3238525390625,0.04215382457995256
Berea Sinter Gray,149,93.05038452148438,90.310546875,0.051862663237674515
Berea Sinter Gray,150,93.78998565673828,90.34357452392578,0.03732876313100629
Berea Sinter Gray,151,95.753173828125,90.77398681640625,0.030648005789482607
Berea Sinter Gray,152,95.13017272949219,95.7154769897461,0.12196320305857838
Berea Sinter Gray,153,95.57339477539062,95.83635711669922,0.08132940172998229
Berea Sinter Gray,154,95.4463882446289,95.80462646484375,0.05302865154076716
Berea Sinter Gray,155,95.52848052978516,95.91885375976562,0.12994504862537265
Berea Sinter Gray,156,56.36384582519531,66.09984588623047,0.06700715632365155
Berea Sinter Gray,157,51.67143249511719,65.74482727050781,0.07150015631612076
Berea Sinter Gray,158,51.49427795410156,64.93833923339844,0.06806134354678017
Berea Sinter Gray,159,51.539154052734375,65.41133880615234,0.0666941454676277
Berea Sinter Gray,160,87.53567504882812,90.6861801147461,0.23872194666249527
Berea Sinter Gray,161,87.78128814697266,90.87356567382812,0.24571434331813194
Berea Sinter Gray,162,89.92692565917969,91.28670501708984,0.1914883421668124
Berea Sinter Gray,163,87.71743774414062,90.90237426757812,0.1896287492650018
Berea Sinter Gray,164,97.01079559326172,93.2954330444336,0.023978923604046784
Berea Sinter Gray,165,96.3193359375,93.19046783447266,0.027695893464410568
Berea Sinter Gray,166,96.41342163085938,92.89668273925781,0.07696486208489835
Berea Sinter Gray,167,97.31224060058594,93.3856201171875,0.07528287138607331
Berea Sinter Gray,168,84.8102035522461,86.22278594970703,0.04498730342605985
Berea Sinter Gray,169,84.43189239501953,85.7862777709961,0.08256472037171524
Berea Sinter Gray,170,85.43145751953125,86.55782318115234,0.06120818922941115
Berea Sinter Gray,171,85.45319366455078,86.03582000732422,0.04099086154831947
Berea Sinter Gray,172,94.31977844238281,89.44681549072266,0.02600683897046158
Berea Sinter Gray,173,93.82389068603516,89.65441131591797,0.0031797972498588717
Berea Sinter Gray,174,97.06046295166016,91.01400756835938,-0.02844834458848507
Berea Sinter Gray,175,93.66564178466797,89.94029235839844,-0.004766887134086295
Berea Sinter Gray,176,81.94184875488281,85.10939025878906,0.15124115625111745
Berea Sinter Gray,177,84.82715606689453,85.82989501953125,0.15023566758246135
Berea Sinter Gray,178,84.96204376220703,85.5716323852539,0.10317347557457172
Berea Sinter Gray,179,84.58234405517578,86.29042053222656,0.16381414372528627
Berea Sinter Gray,180,95.10077667236328,95.55448913574219,0.32280794075391556
Berea Sinter Gray,181,94.48104858398438,94.97467041015625,0.3301214230301097
Berea Sinter Gray,182,95.24070739746094,95.55027770996094,0.3208781587420066
Berea Sinter Gray,183,94.95972442626953,95.06024932861328,0.3261102824494337
Berea Sinter Gray,184,98.30705261230469,95.34323120117188,0.08986186290073447
Berea Sinter Gray,185,98.0620346069336,95.11378479003906,0.14113814883258913
Berea Sinter Gray,186,97.95765686035156,95.15599822998047,0.13251255554403504
Berea Sinter Gray,187,97.7256088256836,95.13568878173828,0.14287807371114714
Berea Sinter Gray,188,91.86946105957031,85.40583038330078,0.07527223546295955
Berea Sinter Gray,189,88.88212585449219,84.57323455810547,0.02957780915595971
Berea Sinter Gray,190,88.18795776367188,83.91566467285156,0.06036634353883778
Berea Sinter Gray,191,88.35022735595703,83.15375518798828,0.08006055710392031
Berea,0,84.81605529785156,82.90081787109375,0.09698273069409148
Berea,1,86.52080535888672,84.83694458007812,0.08456880205396197
Berea,2,84.67591094970703,83.463623046875,0.11033801558392352
Berea,3,86.0075454711914,83.39324188232422,0.11374085022129013
Berea,4,94.74495697021484,87.37744140625,0.025092365112965403
Berea,5,93.67591857910156,87.08785247802734,0.02565136068976473
Berea,6,94.33042907714844,86.88278198242188,0.037890894956802666
Berea,7,92.94339752197266,86.97669982910156,0.010763878707784799
Berea,8,80.62834167480469,86.09980773925781,0.07806635975748474
Berea,9,83.20099639892578,86.77989196777344,0.09683479099268859
Berea,10,79.55440521240234,84.68408203125,0.13222611254331773
Berea,11,82.50467681884766,85.57013702392578,0.06828372066738442
Berea,12,86.59740447998047,86.14676666259766,0.07084211634314783
Berea,13,84.5645751953125,86.47808074951172,0.00014897398374007288
Berea,14,85.32307434082031,86.1693344116211,0.041716745206302884
Berea,15,84.67457580566406,85.8854751586914,0.06510672892268217
Berea,16,98.28829193115234,97.11991119384766,0.13621063666367436
Berea,17,98.44137573242188,97.40006256103516,0.1534299054358918
Berea,18,98.01851654052734,97.0613784790039,0.112885096857362
Berea,19,98.76205444335938,97.28779602050781,0.12835158919002415
Berea,20,88.2076187133789,85.9347152709961,0.04341974563121982
Berea,21,89.75672912597656,87.18222045898438,0.00488042916954441
Berea,22,88.60382080078125,86.02718353271484,-0.008917050320750491
Berea,23,90.82869720458984,87.06442260742188,0.007499947970553056
Berea,24,96.00032043457031,95.57213592529297,0.12578467554984418
Berea,25,97.17424774169922,95.91889190673828,0.10150945038367852
Berea,26,96.21121978759766,95.5784912109375,0.20479518109224787
Berea,27,96.69891357421875,95.98810577392578,0.20303635462996877
Berea,28,98.68547821044922,95.17469024658203,0.16043504469674924
Berea,29,98.61986541748047,95.40887451171875,0.15675732866888512
Berea,30,97.89618682861328,95.31822967529297,0.17742049503567764
Berea,31,98.39171600341797,95.52860260009766,0.15351772561267832
Berea,32,84.5894546508789,82.0635757446289,0.008658993685908379
Berea,33,86.8777847290039,82.42254638671875,0.03384636297829769
Berea,34,84.14083099365234,82.55046081542969,0.03670371625363508
Berea,35,85.44759368896484,82.71369171142578,0.01594830029712927
Berea,36,86.443603515625,89.16838836669922,0.08766823421757036
Berea,37,87.19503021240234,88.68374633789062,0.11324606694301279
Berea,38,84.16766357421875,88.15206146240234,0.09296258232595357
Berea,39,85.7625732421875,89.40699768066406,0.0713190300066684
Berea,40,99.26984405517578,96.04104614257812,0.11102408414623964
Berea,41,98.34313201904297,95.79283142089844,0.08943580586703488
Berea,42,98.15430450439453,95.8408432006836,0.09156577142426582
Berea,43,98.55866241455078,95.82608795166016,0.08567035152368947
Berea,44,97.28987121582031,93.49821472167969,0.12166911278007075
Berea,45,97.96302795410156,93.80194854736328,0.10853134718295199
Berea,46,97.14649200439453,93.82860565185547,0.1019990285607408
Berea,47,97.27531433105469,93.61884307861328,0.11408285979878714
Berea,48,97.86102294921875,95.64472198486328,0.08942058521503843
Berea,49,97.2984848022461,95.86602020263672,0.09038741505355893
Berea,50,97.63660430908203,95.7677993774414,0.11935862713034714
Berea,51,97.29776763916016,95.95343017578125,0.1281136514748531
Berea,52,89.51203918457031,89.51277923583984,0.11332398792795877
Berea,53,89.82289123535156,89.50220489501953,0.1149509524077242
Berea,54,88.56031036376953,88.42231750488281,0.13038480944981862
Berea,55,91.9721450805664,88.71040344238281,0.14665608222036747
Berea,56,96.19097137451172,88.6773681640625,0.03421502175452844
Berea,57,97.3521957397461,88.3367691040039,0.024438968818422644
Berea,58,98.67313385009766,89.01509094238281,0.045438612650392375
Berea,59,99.82367706298828,88.81622314453125,0.06368648236912677
Berea,60,97.26846313476562,95.82734680175781,0.033732159521476596
Berea,61,97.22867584228516,95.98435974121094,0.08433349693313817
Berea,62,97.12613677978516,95.92854309082031,0.13213729397750834
Berea,63,97.42127227783203,95.66087341308594,0.12174130427103198
Berea,64,99.0523910522461,93.03246307373047,0.01668805310881829
Berea,65,98.69523620605469,93.01292419433594,0.05423580615393273
Berea,66,99.54485321044922,93.38397216796875,0.046569750921934515
Berea,67,99.49378967285156,93.33635711669922,0.008513384846773183
Berea,68,91.11605834960938,90.76532745361328,0.09313668610723129
Berea,69,91.95533752441406,91.35991668701172,0.10678465012839948
Berea,70,90.90724182128906,90.50006103515625,0.10934245378863593
Berea,71,91.0563735961914,90.43356323242188,0.06564308339807515
Berea,72,83.84231567382812,81.97589111328125,0.06898433453347906
Berea,73,83.42451477050781,82.02721405029297,0.09201545412176808
Berea,74,80.7711410522461,81.55437469482422,0.06413564120282823
Berea,75,81.3274154663086,81.3716812133789,0.04210154588884854
Berea,76,98.05318450927734,97.30643463134766,0.1401403814561477
Berea,77,97.61082458496094,97.13014221191406,0.14222533387214192
Berea,78,98.12665557861328,97.00927734375,0.23883236440862995
Berea,79,98.05502319335938,97.19647216796875,0.18412885035632895
Berea,80,93.8328628540039,93.51378631591797,0.03894288069864301
Berea,81,94.05084991455078,93.38906860351562,0.09710830227292638
Berea,82,94.15851593017578,93.35185241699219,0.06933145065249686
Berea,83,94.36727905273438,93.51932525634766,0.04814222915358325
Berea,84,96.81360626220703,95.79275512695312,0.07454924648907746
Berea,85,97.73448181152344,95.73200225830078,0.09164043303381418
Berea,86,97.13494873046875,95.81532287597656,0.04729122315353549
Berea,87,97.59014892578125,95.90776824951172,0.04082836042233156
Berea,88,88.30801391601562,76.74475860595703,0.0037956106557742574
Berea,89,84.92896270751953,75.97254943847656,-0.03235418629486547
Berea,90,84.72148895263672,76.13228607177734,0.00024031961708502234
Berea,91,85.9058837890625,75.71854400634766,-0.001932593813476112
Berea,92,69.26432800292969,72.41554260253906,0.05724019957468717
Berea,93,69.88198852539062,71.43158721923828,0.05682290493686381
Berea,94,67.52857208251953,72.2856674194336,0.04241240668109994
Berea,95,66.49972534179688,71.90699005126953,0.04777742141267684
Berea,96,94.40625762939453,94.40594482421875,0.16089834616067042
Berea,97,93.94558715820312,94.43132781982422,0.15576450028223834
Berea,98,94.81448364257812,94.5486068725586,0.08358238443286631
Berea,99,95.35005187988281,94.2734146118164,0.08413774487518239
Berea,100,98.426025390625,94.98294067382812,0.08237435602455251
Berea,101,98.72869873046875,94.92170715332031,0.09323861916968186
Berea,102,98.2112045288086,94.9578857421875,0.11417380397316214
Berea,103,98.69843292236328,95.03394317626953,0.10141924187352122
Berea,104,88.04840850830078,79.96882629394531,0.052719600567162954
Berea,105,86.20381164550781,80.06820678710938,0.08024227778560127
Berea,106,88.11749267578125,79.46190643310547,0.01946305440386198
Berea,107,92.97428894042969,78.49960327148438,0.02100280658466322
Berea,108,96.62200164794922,93.40371704101562,0.06307729186392119
Berea,109,96.96111297607422,93.25624084472656,0.013205380860894915
Berea,110,97.37830352783203,93.47596740722656,0.06168793434657778
Berea,111,95.94356536865234,93.47203063964844,0.08608582406000752
Berea,112,97.48826599121094,96.2096939086914,0.16370721434445343
Berea,113,97.2345199584961,96.03157043457031,0.12785348978095737
Berea,114,97.06331634521484,95.749755859375,0.1708026214167823
Berea,115,97.71855926513672,96.25527954101562,0.18706142093672734
Berea,116,92.61343383789062,91.08717346191406,0.12062023922020511
Berea,117,91.06964111328125,91.36017608642578,0.01424427830864711
Berea,118,92.78845977783203,91.22601318359375,0.05573859386088089
Berea,119,90.79353332519531,90.80559539794922,0.10142419939104837
Berea,120,97.11323547363281,93.1080093383789,0.05092058969836193
Berea,121,96.22869873046875,93.01641082763672,0.08745027940935604
Berea,122,95.90691375732422,93.16116333007812,0.04710844898071387
Berea,123,95.77191162109375,92.7696762084961,0.014971236590338392
Berea,124,92.30628967285156,91.26881408691406,0.058887995805414435
Berea,125,91.34188842773438,91.213623046875,0.019764595426274654
Berea,126,91.89702606201172,91.52596282958984,0.07341096158307721
Berea,127,91.97593688964844,91.63594818115234,0.06278643153992185
Berea,128,97.00326538085938,96.24496459960938,0.13521777813842703
Berea,129,96.9043960571289,96.0313720703125,0.09858447655096281
Berea,130,97.57136535644531,96.07505798339844,0.11256946850792976
Berea,131,97.24044036865234,96.46312713623047,0.17482945935192476
Berea,132,97.04963684082031,94.46504974365234,0.16080021720631976
Berea,133,95.42566680908203,94.18014526367188,0.10645809013360172
Berea,134,96.239501953125,94.18876647949219,0.11396268570296876
Berea,135,96.04988861083984,94.2437744140625,0.12070255222505408
Berea,136,96.60741424560547,95.54302978515625,0.053488571848730695
Berea,137,96.08740997314453,95.07648468017578,0.04621900732753786
Berea,138,96.11045837402344,95.39378356933594,0.07166002616874645
Berea,139,96.90530395507812,95.0994644165039,0.024696499541369252
Berea,140,81.73207092285156,75.47384643554688,0.04078603703223365
Berea,141,81.7623519897461,78.00975799560547,0.008493613580749742
Berea,142,83.77069091796875,76.37738800048828,0.02440516490825878
Berea,143,80.04264831542969,75.12284088134766,-0.012992744323724865
Berea,144,98.85585021972656,96.06778717041016,0.06601933853514254
Berea,145,98.77630615234375,96.03636932373047,0.07464729211305651
Berea,146,99.58779907226562,96.09483337402344,0.015287705588204031
Berea,147,99.62344360351562,95.90650177001953,0.012836606045524276
Berea,148,95.36665344238281,93.74225616455078,0.05505340280949366
Berea,149,97.23582458496094,94.08614349365234,-0.0030655182730023223
Berea,150,97.1334228515625,94.0743408203125,-0.00397197177802549
Berea,151,96.86772155761719,93.93608093261719,0.0067761697570988605
Berea,152,97.0406265258789,95.99036407470703,0.12164999748022777
Berea,153,96.8237533569336,95.81752014160156,0.11573348746876605
Berea,154,96.97989654541016,95.89382934570312,0.078445681468329
Berea,155,96.61883544921875,95.66850280761719,0.13971643882613533
Berea,156,90.67448425292969,90.18521118164062,0.049994722807007855
Berea,157,92.06890106201172,90.01640319824219,0.08114463909038147
Berea,158,90.34595489501953,89.94647979736328,0.0622909049618191
Berea,159,90.95822143554688,90.0261001586914,0.05524830526994486
Berea,160,82.23470306396484,82.09123229980469,0.12905425416733432
Berea,161,81.15852355957031,81.77592468261719,0.13455110429916425
Berea,162,80.43173217773438,80.72774505615234,0.13919585176113947
Berea,163,83.39431762695312,82.51998138427734,0.11297352646392252
Berea,164,73.62735748291016,74.50187683105469,0.07524954160093386
Berea,165,71.52442932128906,75.4873275756836,0.04193599560117273
Berea,166,72.32997131347656,74.8524169921875,0.0371145737834667
Berea,167,73.79180908203125,75.47564697265625,0.047199068215061334
Berea,168,96.27664184570312,91.00691223144531,0.036424674455421545
Berea,169,95.66130828857422,90.7799301147461,0.009125634404032574
Berea,170,95.71733856201172,90.78348541259766,0.028597915615668695
Berea,171,95.59441375732422,91.02986907958984,0.014608428234616099
Berea,172,99.93517303466797,95.12494659423828,0.07450218556946107
Berea,173,99.76636505126953,95.38188934326172,0.11417138879343633
Berea,174,99.92292785644531,95.28852844238281,0.09016520961296942
Berea,175,99.9366683959961,95.25553131103516,0.06815263828074639
Berea,176,97.57537841796875,96.6058578491211,0.12942524497917965
Berea,177,97.1688461303711,96.23992919921875,0.09493632924531754
Berea,178,97.12942504882812,96.39265441894531,0.09744017684847103
Berea,179,97.39384460449219,96.38612365722656,0.11719603069414834
Berea,180,97.58736419677734,96.38252258300781,0.15712690497260093
Berea,181,97.5807876586914,96.42334747314453,0.16237848794872659
Berea,182,97.90076446533203,96.58109283447266,0.11275880972524203
Berea,183,97.61750793457031,96.44091033935547,0.10984307042615184
Berea,184,95.28327941894531,91.4402847290039,0.06562329169400564
Berea,185,95.66276550292969,91.94981384277344,0.061336291356104765
Berea,186,95.12245178222656,91.71153259277344,0.06663560127014892
Berea,187,94.86412811279297,91.59843444824219,0.0832809523190354
Berea,188,96.7088394165039,95.42400360107422,0.07419725027481651
Berea,189,95.65666961669922,95.05680084228516,0.10816953542441543
Berea,190,96.24720001220703,95.10010528564453,0.08534802101558929
Berea,191,97.41024017333984,95.69820404052734,-0.016801988934822546
Berea,192,89.30535888671875,86.56560516357422,0.00014707794983353806
Berea,193,91.53507995605469,86.80720520019531,0.028603323204499535
Berea,194,91.1396484375,87.46873474121094,0.030642097838296325
Berea,195,89.14511108398438,85.7261962890625,0.04043652201276976
Berea,196,99.71748352050781,94.89605712890625,0.06760449116363719
Berea,197,99.35295867919922,94.78477478027344,0.09966012198522597
Berea,198,99.87113189697266,94.97279357910156,0.06892949554556085
Berea,199,99.17400360107422,94.87516021728516,0.08860417869541554
Berea,200,96.4449691772461,90.63665771484375,0.0068996468693799835
Berea,201,94.78820037841797,90.16053009033203,0.07523894514643574
Berea,202,96.00821685791016,90.66453552246094,0.03611630394285061
Berea,203,95.94468688964844,89.83769989013672,0.033379086299440676
Berea,204,97.06265258789062,94.26277160644531,0.02463884235558016
Berea,205,97.80067443847656,94.1841049194336,0.049909517618851144
Berea,206,98.06651306152344,93.89227294921875,0.04554464311896814
Berea,207,97.97151947021484,93.89855194091797,0.056521954991623186
Berea,208,96.81922149658203,94.10226440429688,0.03918469409373262
Berea,209,97.19081115722656,93.60184478759766,0.03623784323693664
Berea,210,96.66027069091797,94.56399536132812,0.08572060632964636
Berea,211,95.88639831542969,94.19395446777344,0.12279181430114197
Berea,212,92.7148666381836,91.9225845336914,0.09860224074568909
Berea,213,92.32149505615234,91.84325408935547,0.07383664533928555
Berea,214,93.00595092773438,92.10736846923828,0.09830622304767744
Berea,215,92.58108520507812,91.95925903320312,0.04996961755143096
Berea,216,90.77197265625,86.17302703857422,0.07140603704177588
Berea,217,89.44427490234375,86.60186004638672,0.051563846411428756
Berea,218,90.89600372314453,86.42181396484375,0.05842026947385723
Berea,219,90.82040405273438,86.11444854736328,0.052659502913408304
Berea,220,97.25114440917969,94.759033203125,0.05377224558207771
Berea,221,96.87313079833984,94.75463104248047,-0.03174847649983179
Berea,222,97.30123138427734,94.79720306396484,-0.017400306777346834
Berea,223,96.57328796386719,94.62376403808594,-0.0364511173092216
