Dataset,Sample_Index,Bias_Error_,Magnitude_Error_,Correlation
Spherical Pores,0,18.784273147583008,35.94892501831055,0.8988091953542657
Spherical Pores,1,16.76279640197754,37.136756896972656,0.8932832363964827
Spherical Pores,2,14.754061698913574,37.889278411865234,0.8800963331257843
Spherical Pores,3,13.935440063476562,34.64834213256836,0.8946004542708959
Spherical Pores,4,16.02245330810547,34.52833557128906,0.9393038217799458
Spherical Pores,5,16.637012481689453,35.72348403930664,0.939314798533426
Spherical Pores,6,18.83755874633789,35.451873779296875,0.9376960273270453
Spherical Pores,7,19.918153762817383,34.7672004699707,0.9383315360438211
Spherical Pores,8,9.572125434875488,36.8253059387207,0.9060111667769281
Spherical Pores,9,9.065051078796387,39.705406188964844,0.8840668700663178
Spherical Pores,10,11.219847679138184,36.26769256591797,0.906715593126834
Spherical Pores,11,8.814777374267578,31.796863555908203,0.9267688956545967
Spherical Pores,12,9.993144989013672,31.23052978515625,0.9293911980036933
Spherical Pores,13,12.087295532226562,31.116762161254883,0.9337869256479021
Spherical Pores,14,6.308496952056885,32.68235778808594,0.9216482010722387
Spherical Pores,15,7.553463935852051,30.6995849609375,0.9279839582669344
Spherical Pores,16,6.200759410858154,36.638187408447266,0.8803892303874975
Spherical Pores,17,9.628433227539062,37.273704528808594,0.8715553939310441
Spherical Pores,18,8.415146827697754,39.7617301940918,0.8516535493624494
Spherical Pores,19,5.8110880851745605,39.786354064941406,0.8546904535042831
Spherical Pores,20,7.869818210601807,31.950416564941406,0.8828359030007218
Spherical Pores,21,8.73501205444336,30.448957443237305,0.8899113278983191
Spherical Pores,22,8.390542984008789,26.736988067626953,0.9105879430568983
Spherical Pores,23,4.752325057983398,30.873065948486328,0.877969715766903
Spherical Pores,24,21.229475021362305,47.38936996459961,0.8433745629743563
Spherical Pores,25,29.020837783813477,49.03436279296875,0.8487964281117797
Spherical Pores,26,25.320384979248047,51.71173858642578,0.8404110244427415
Spherical Pores,27,15.662618637084961,50.245399475097656,0.8208686341726991
Spherical Pores,28,13.134520530700684,61.97161865234375,0.7863799661849393
Spherical Pores,29,11.053960800170898,57.388221740722656,0.8102365227658981
Spherical Pores,30,14.151140213012695,55.86170959472656,0.806783062145107
Spherical Pores,31,17.712478637695312,62.12934494018555,0.8046083201091878
Spherical Pores,32,4.7557549476623535,23.443584442138672,0.9478519930221156
Spherical Pores,33,5.7479119300842285,23.79000473022461,0.9476790719028179
Spherical Pores,34,5.462724208831787,24.799489974975586,0.9429622070483932
Spherical Pores,35,5.503890514373779,24.105430603027344,0.9451984869872752
Spherical Pores,36,9.171295166015625,25.88185691833496,0.935883556218733
Spherical Pores,37,10.623196601867676,27.583267211914062,0.9263479616497577
Spherical Pores,38,10.749859809875488,25.381336212158203,0.9401575440567832
Spherical Pores,39,9.68734359741211,25.129127502441406,0.9401942568534085
Spherical Pores,40,1.1956952810287476,19.164243698120117,0.9538942577310017
Spherical Pores,41,0.7058796882629395,19.91193389892578,0.9554816818547923
Spherical Pores,42,0.5488958358764648,19.290889739990234,0.9567982913027666
Spherical Pores,43,0.7580031752586365,19.421585083007812,0.9538524830205433
Spherical Pores,44,0.024606766179203987,26.52566909790039,0.9428407250438856
Spherical Pores,45,1.1961995363235474,25.18646812438965,0.9459569145866091
Spherical Pores,46,1.6918832063674927,25.332630157470703,0.9485206877792661
Spherical Pores,47,0.9098814725875854,26.47292137145996,0.9426233269354546
Spherical Pores,48,6.885573863983154,30.79552459716797,0.9136210093617615
Spherical Pores,49,4.140267848968506,31.815229415893555,0.901757012557463
Spherical Pores,50,9.645722389221191,31.177968978881836,0.9150223621373489
Spherical Pores,51,10.562225341796875,32.95130920410156,0.9108076195920779
Spherical Pores,52,5.154798984527588,20.041284561157227,0.947833126017605
Spherical Pores,53,9.327670097351074,19.12495231628418,0.9515928428685305
Spherical Pores,54,4.562349319458008,22.924583435058594,0.9214304951975265
Spherical Pores,55,8.173980712890625,20.711101531982422,0.9387863816087609
Spherical Pores,56,19.586559295654297,33.42490005493164,0.9146399746452047
Spherical Pores,57,23.481237411499023,36.16886901855469,0.923742750078489
Spherical Pores,58,23.471742630004883,33.59104919433594,0.9365719248163827
Spherical Pores,59,18.643795013427734,30.158008575439453,0.938383941896295
Spherical Pores,60,25.2803955078125,40.982601165771484,0.915368549060686
Spherical Pores,61,24.29466438293457,45.424774169921875,0.9074722789713556
Spherical Pores,62,21.136932373046875,44.26140594482422,0.8907579735165415
Spherical Pores,63,24.59256935119629,44.69977951049805,0.9012912076828471
Spherical Pores,64,16.895055770874023,19.387943267822266,0.9735419575763619
Spherical Pores,65,17.324262619018555,19.34893226623535,0.9748090854764857
Spherical Pores,66,16.590898513793945,18.915071487426758,0.9755468392969423
Spherical Pores,67,17.55545425415039,19.553768157958984,0.9751937752438492
Spherical Pores,68,8.71595287322998,16.66910743713379,0.9636265981656481
Spherical Pores,69,8.522440910339355,16.477861404418945,0.9637439922281802
Spherical Pores,70,8.875300407409668,16.07634162902832,0.9666807489321119
Spherical Pores,71,8.433201789855957,16.859731674194336,0.962669683839198
Spherical Pores,72,18.725555419921875,23.314672470092773,0.9750603856219925
Spherical Pores,73,19.113401412963867,22.78335189819336,0.9788563836221226
Spherical Pores,74,18.87788963317871,23.1306209564209,0.9754919028102146
Spherical Pores,75,18.197410583496094,22.9892578125,0.9738734282929999
Spherical Pores,76,0.9933285713195801,13.52969741821289,0.9753247699209093
Spherical Pores,77,1.6814852952957153,13.300960540771484,0.9752379443913859
Spherical Pores,78,0.09864695370197296,13.586816787719727,0.9743903340991247
Spherical Pores,79,0.24960710108280182,12.361659049987793,0.9787418944871438
Spherical Pores,80,1.445976972579956,12.276419639587402,0.9834356235201541
Spherical Pores,81,0.5636980533599854,13.394318580627441,0.9803132065362327
Spherical Pores,82,0.4499424695968628,12.427560806274414,0.9812293930585564
Spherical Pores,83,2.1398699283599854,12.382458686828613,0.9826106893723144
Spherical Pores,84,1.38148832321167,13.390223503112793,0.9763913835452457
Spherical Pores,85,2.815581798553467,15.418819427490234,0.9709063593548279
Spherical Pores,86,1.1260141134262085,13.997695922851562,0.9741808556080577
Spherical Pores,87,2.1770687103271484,13.917730331420898,0.9754240194312866
Spherical Pores,88,0.8416681289672852,13.112360954284668,0.9780198121541414
Spherical Pores,89,0.5404729843139648,12.114025115966797,0.9817057752822381
Spherical Pores,90,0.9899028539657593,12.78724479675293,0.9810272314410097
Spherical Pores,91,0.43960219621658325,11.737922668457031,0.9820269244581956
Spherical Pores,92,19.793935775756836,23.39861488342285,0.9752365472329387
Spherical Pores,93,19.10503387451172,22.80953598022461,0.9757718602211104
Spherical Pores,94,18.52838706970215,21.72683334350586,0.9777264288496209
Spherical Pores,95,21.13670539855957,23.984479904174805,0.9772512484046532
Spherical Pores,96,2.6267764568328857,11.122090339660645,0.9813979512148586
Spherical Pores,97,3.5077760219573975,11.137200355529785,0.9826741014709918
Spherical Pores,98,3.397831439971924,11.390344619750977,0.9812290953287862
Spherical Pores,99,3.2429864406585693,11.512560844421387,0.980867892549497
Spherical Pores,100,6.932780742645264,11.300291061401367,0.982137769411872
Spherical Pores,101,7.638457298278809,11.776420593261719,0.9817999649492286
Spherical Pores,102,8.1179780960083,12.002623558044434,0.9810342084193501
Spherical Pores,103,6.930792808532715,11.28918743133545,0.9822160288705725
Spherical Pores,104,13.282136917114258,16.68425178527832,0.9807238123274395
Spherical Pores,105,12.009886741638184,15.3281888961792,0.9821009289514558
Spherical Pores,106,12.050204277038574,15.512466430664062,0.9819940194921336
Spherical Pores,107,12.650035858154297,16.621828079223633,0.9793025449853331
Spherical Pores,108,1.81926691532135,10.089200973510742,0.9825286627742303
Spherical Pores,109,2.2630820274353027,10.375757217407227,0.9812301385601818
Spherical Pores,110,2.50864315032959,10.109770774841309,0.9825601174352007
Spherical Pores,111,3.183504581451416,9.795968055725098,0.9833115051465925
Spherical Pores,112,8.74601936340332,17.37395477294922,0.9608689705868597
Spherical Pores,113,8.653149604797363,16.371423721313477,0.9654004092958103
Spherical Pores,114,6.734582901000977,15.278639793395996,0.9701482920294509
Spherical Pores,115,8.988327980041504,16.947345733642578,0.9637656204295143
Spherical Pores,116,5.699826717376709,11.392789840698242,0.981170426172139
Spherical Pores,117,6.282752513885498,11.81163215637207,0.9808133227765876
Spherical Pores,118,5.245316028594971,11.140876770019531,0.9807289201221195
Spherical Pores,119,5.501023292541504,10.492445945739746,0.9839259603713124
Spherical Pores,120,2.1619906425476074,9.295133590698242,0.984170280842003
Spherical Pores,121,2.3233072757720947,8.63727855682373,0.9874844619851155
Spherical Pores,122,1.1351830959320068,9.277750968933105,0.9854546985591124
Spherical Pores,123,1.9358558654785156,10.095148086547852,0.9840217773817177
Spherical Pores,124,9.01790714263916,12.511784553527832,0.9811559315565622
Spherical Pores,125,8.99367904663086,12.15880298614502,0.9806277827885614
Spherical Pores,126,9.086492538452148,12.47091007232666,0.9822168909442786
Spherical Pores,127,8.781010627746582,12.43761920928955,0.981936195224021
Spherical Grains,0,17.589252471923828,32.91656494140625,0.9047616405287434
Spherical Grains,1,13.13580322265625,33.052181243896484,0.8999009370924265
Spherical Grains,2,11.985038757324219,27.897018432617188,0.9330880075653901
Spherical Grains,3,19.234743118286133,27.777999877929688,0.9385038068795729
Spherical Grains,4,32.042720794677734,32.655033111572266,0.9818867928902002
Spherical Grains,5,24.486988067626953,25.922290802001953,0.9749430446958838
Spherical Grains,6,19.09516716003418,25.800392150878906,0.9726420725018498
Spherical Grains,7,27.350738525390625,28.748144149780273,0.9757664883118671
Spherical Grains,8,17.2763729095459,30.96491813659668,0.9436992727629245
Spherical Grains,9,23.030290603637695,35.27538299560547,0.9414587245292011
Spherical Grains,10,15.922547340393066,29.14401626586914,0.9312629708539714
Spherical Grains,11,16.15313148498535,28.214916229248047,0.953348137702732
Spherical Grains,12,0.38636261224746704,46.93117141723633,0.9070395674701286
Spherical Grains,13,9.327190399169922,52.15424346923828,0.9133674310450095
Spherical Grains,14,11.309804916381836,54.171756744384766,0.9026807518652686
Spherical Grains,15,3.1623804569244385,52.59633255004883,0.8967269867319
Spherical Grains,16,47.09723663330078,83.82274627685547,0.7152118948728446
Spherical Grains,17,45.55445098876953,75.28266906738281,0.7682828451601365
Spherical Grains,18,61.55941390991211,87.08938598632812,0.7330768167267419
Spherical Grains,19,63.35157775878906,94.51350402832031,0.7205794335833069
Spherical Grains,20,26.904081344604492,30.91758155822754,0.9207405526421247
Spherical Grains,21,27.994260787963867,30.63532066345215,0.911331157285467
Spherical Grains,22,28.348779678344727,31.235761642456055,0.9341568321142208
Spherical Grains,23,27.940378189086914,31.059722900390625,0.9395030714898062
Spherical Grains,24,1066.0694580078125,1230.03173828125,0.10320269634065167
Spherical Grains,25,1163.028564453125,1513.7542724609375,0.14258993146626756
Spherical Grains,26,1091.8990478515625,1417.3760986328125,0.17871443567408268
Spherical Grains,27,1020.9130859375,1179.9237060546875,0.12323419608103486
Spherical Grains,28,70.12211608886719,36.9859504699707,0.6573970442960511
Spherical Grains,29,64.27721405029297,37.2884521484375,0.6279836464446973
Spherical Grains,30,76.9419174194336,33.860626220703125,0.6819939351608612
Spherical Grains,31,92.64862060546875,42.05642318725586,0.74897950833169
Spherical Grains,32,33.404109954833984,61.64695739746094,0.8508921864243914
Spherical Grains,33,44.78040313720703,80.23210144042969,0.7958293295325263
Spherical Grains,34,55.74592590332031,92.21753692626953,0.7876114251542157
Spherical Grains,35,54.75839614868164,82.8177490234375,0.8271220878383793
Spherical Grains,36,8.503884315490723,47.094852447509766,0.8079640083149621
Spherical Grains,37,8.769513130187988,47.12793731689453,0.821134244640462
Spherical Grains,38,3.4059245586395264,47.687171936035156,0.8504619383902697
Spherical Grains,39,2.268094301223755,54.71636962890625,0.7773365736652089
Spherical Grains,40,15.201272010803223,25.879413604736328,0.9504848466415792
Spherical Grains,41,9.126119613647461,21.446578979492188,0.9591943950448322
Spherical Grains,42,10.334598541259766,19.848125457763672,0.9608645951320386
Spherical Grains,43,15.205220222473145,24.034282684326172,0.9514708612145577
Spherical Grains,44,57.47856521606445,57.026527404785156,0.9307865383431637
Spherical Grains,45,58.53533935546875,57.24262237548828,0.9537018173939954
Spherical Grains,46,50.25611114501953,46.37358474731445,0.9436097143745643
Spherical Grains,47,54.45697021484375,53.390621185302734,0.9171890483963386
Spherical Grains,48,3.853322982788086,19.12697982788086,0.9590455849340561
Spherical Grains,49,10.56265926361084,19.347579956054688,0.9557160685317397
Spherical Grains,50,5.660870552062988,15.8518705368042,0.9613015306484782
Spherical Grains,51,5.966662406921387,19.756954193115234,0.9514747287281509
Spherical Grains,52,0.9003416895866394,22.042560577392578,0.9454504772890286
Spherical Grains,53,2.8224802017211914,20.55248260498047,0.9578711997503907
Spherical Grains,54,2.348543643951416,19.981952667236328,0.9567392085774057
Spherical Grains,55,2.505066394805908,22.142505645751953,0.9434354300977584
Spherical Grains,56,8.13923168182373,20.71263885498047,0.9529339419586632
Spherical Grains,57,4.101217269897461,22.740278244018555,0.9370016094556756
Spherical Grains,58,0.167412668466568,26.39754867553711,0.9218167917538127
Spherical Grains,59,2.806580066680908,22.85074806213379,0.9393419891067007
Spherical Grains,60,247.82235717773438,58.65321731567383,0.306173452226371
Spherical Grains,61,207.03514099121094,58.70573043823242,0.29461049557341096
Spherical Grains,62,241.79486083984375,63.07362365722656,0.27400631543831266
Spherical Grains,63,243.34933471679688,69.83061981201172,0.3513819041051334
Spherical Grains,64,36.65379333496094,39.8380241394043,0.9476028025688725
Spherical Grains,65,51.08749771118164,53.273826599121094,0.9386441126207332
Spherical Grains,66,51.689064025878906,55.489524841308594,0.9296424958019692
Spherical Grains,67,43.56977081298828,47.25576400756836,0.9317867758651559
Spherical Grains,68,22.593265533447266,26.475984573364258,0.9534050471769057
Spherical Grains,69,25.114091873168945,29.055408477783203,0.9618317065636366
Spherical Grains,70,25.734891891479492,28.15437889099121,0.9622359301438288
Spherical Grains,71,25.970481872558594,29.35448455810547,0.9584912476553067
Spherical Grains,72,26.63669204711914,35.159912109375,0.9256237694826595
Spherical Grains,73,27.243396759033203,35.38042449951172,0.912689734543217
Spherical Grains,74,22.528364181518555,31.3767147064209,0.9403777943199157
Spherical Grains,75,28.029796600341797,34.641517639160156,0.9347954107077231
Spherical Grains,76,24.982624053955078,25.719200134277344,0.9747619960200811
Spherical Grains,77,24.062204360961914,25.381912231445312,0.9670853084065083
Spherical Grains,78,24.731647491455078,26.546449661254883,0.9689296397005248
Spherical Grains,79,23.337862014770508,24.68732452392578,0.9762096412603314
Spherical Grains,80,37.587642669677734,37.799774169921875,0.9022464417860263
Spherical Grains,81,33.23538589477539,32.68843460083008,0.9190044531289371
Spherical Grains,82,37.69874954223633,37.87457275390625,0.9109240240936118
Spherical Grains,83,40.030311584472656,39.99844741821289,0.9135743908021705
Spherical Grains,84,10.91966438293457,34.648929595947266,0.9319607055178395
Spherical Grains,85,6.730381488800049,39.44930648803711,0.90294285950664
Spherical Grains,86,1.158821940422058,36.2567024230957,0.930350796906615
Spherical Grains,87,4.932581901550293,32.55279541015625,0.9403594159976657
Spherical Grains,88,20.163766860961914,28.936847686767578,0.9500133184301601
Spherical Grains,89,22.911869049072266,31.386266708374023,0.9476598861525602
Spherical Grains,90,19.145875930786133,28.07061004638672,0.9641425639174428
Spherical Grains,91,16.8726863861084,29.904834747314453,0.9488835387402439
Spherical Grains,92,14.316088676452637,23.92133903503418,0.9639808759445466
Spherical Grains,93,8.463932037353516,23.370582580566406,0.9489108336063492
Spherical Grains,94,5.738265514373779,22.38958168029785,0.9567679051278281
Spherical Grains,95,8.512319564819336,20.610071182250977,0.9620804959916714
Spherical Grains,96,18.82880401611328,24.391319274902344,0.9738986452356782
Spherical Grains,97,16.64691925048828,24.020706176757812,0.9722972302936548
Spherical Grains,98,19.5451717376709,24.796974182128906,0.9739261385395852
Spherical Grains,99,18.9376277923584,24.166034698486328,0.9746352967714981
Spherical Grains,100,19.19870376586914,23.356534957885742,0.9754062554607413
Spherical Grains,101,16.232481002807617,21.483470916748047,0.9726928730247175
Spherical Grains,102,13.109980583190918,19.33292007446289,0.9757257199574625
Spherical Grains,103,13.606987953186035,18.338014602661133,0.9790602717880805
Spherical Grains,104,12.213556289672852,21.32687759399414,0.9558207521923848
Spherical Grains,105,11.721595764160156,18.88510513305664,0.9681645089343995
Spherical Grains,106,13.949678421020508,19.52164077758789,0.9714206021256447
Spherical Grains,107,15.02619743347168,22.581008911132812,0.9580928858298158
Spherical Grains,108,26.26177215576172,32.35078811645508,0.9428429501237711
Spherical Grains,109,27.8305721282959,35.32050704956055,0.9229240427919738
Spherical Grains,110,26.349523544311523,34.20259094238281,0.9236169531649461
Spherical Grains,111,23.546710968017578,31.06269073486328,0.94104767850246
Spherical Grains,112,6.254015922546387,17.302173614501953,0.9579138029430094
Spherical Grains,113,7.314326286315918,15.588562965393066,0.9570804852740106
Spherical Grains,114,7.6171746253967285,15.52014446258545,0.9652213553426533
Spherical Grains,115,5.757997035980225,16.65598487854004,0.9623839636763677
Spherical Grains,116,4.353799819946289,18.991008758544922,0.9610435054404357
Spherical Grains,117,7.285590648651123,18.819976806640625,0.9656756932122901
Spherical Grains,118,2.6278183460235596,19.37026596069336,0.9581979765740163
Spherical Grains,119,0.6128143072128296,20.795528411865234,0.9499633108654955
Spherical Grains,120,28.470502853393555,37.13566970825195,0.9249955219488478
Spherical Grains,121,24.31120491027832,35.794742584228516,0.9371269553886545
Spherical Grains,122,20.750349044799805,30.629230499267578,0.9301028785384916
Spherical Grains,123,19.710912704467773,32.21915054321289,0.9412783285775922
Spherical Grains,124,1.1549389362335205,21.778640747070312,0.9367102205866551
Spherical Grains,125,1.9774755239486694,19.66620635986328,0.95331878500769
Spherical Grains,126,1.891907811164856,19.608375549316406,0.9508252635368056
Spherical Grains,127,2.9445297718048096,22.743135452270508,0.937220155944362
Cylindrical Pores,0,47.19947814941406,48.58144760131836,0.9418501467069984
Cylindrical Pores,1,45.112709045410156,46.2546272277832,0.9180233720876079
Cylindrical Pores,2,47.87588119506836,48.623958587646484,0.930196196389955
Cylindrical Pores,3,45.75480651855469,47.089656829833984,0.9465141901659285
Cylindrical Pores,4,11.509573936462402,38.64049530029297,0.8640773381222785
Cylindrical Pores,5,16.198331832885742,46.61859130859375,0.8080487933892948
Cylindrical Pores,6,14.493003845214844,44.661170959472656,0.8303252626741905
Cylindrical Pores,7,14.47509479522705,45.83478546142578,0.7919227457942487
Cylindrical Pores,8,13.0017671585083,32.24705505371094,0.9073541643283592
Cylindrical Pores,9,14.556828498840332,36.71891784667969,0.9048973046247574
Cylindrical Pores,10,11.543387413024902,37.06526565551758,0.8973492778435127
Cylindrical Pores,11,4.953904151916504,41.73757553100586,0.8558495270320293
Cylindrical Pores,12,19.66463851928711,37.963951110839844,0.9027711720674773
Cylindrical Pores,13,12.086149215698242,34.40217971801758,0.909453399388568
Cylindrical Pores,14,19.361343383789062,39.107723236083984,0.890518211914208
Cylindrical Pores,15,25.3560848236084,39.05766677856445,0.9042555740885967
Cylindrical Pores,16,41.8000373840332,65.12918090820312,0.7439932017932196
Cylindrical Pores,17,48.2480583190918,69.1528091430664,0.6748831802499139
Cylindrical Pores,18,39.948455810546875,61.15987014770508,0.7174132589818938
Cylindrical Pores,19,32.2474365234375,57.81319808959961,0.7172237064959606
Cylindrical Pores,20,19.33260726928711,32.28074264526367,0.9414729603541548
Cylindrical Pores,21,27.67240333557129,37.93083572387695,0.9293164240240656
Cylindrical Pores,22,27.377901077270508,35.70182418823242,0.9243161059468378
Cylindrical Pores,23,22.04940414428711,32.6182746887207,0.9371525171095384
Cylindrical Pores,24,54.99015426635742,55.936492919921875,0.9095862013554414
Cylindrical Pores,25,52.925743103027344,54.30801773071289,0.9327345223849842
Cylindrical Pores,26,55.76755905151367,56.80160140991211,0.9321786071322894
Cylindrical Pores,27,57.61684036254883,58.933963775634766,0.9067799859175434
Cylindrical Pores,28,26.74147605895996,36.7055778503418,0.8594317457025821
Cylindrical Pores,29,21.89398193359375,37.97538375854492,0.827574614423032
Cylindrical Pores,30,28.352638244628906,48.06852340698242,0.8257187525736503
Cylindrical Pores,31,28.84198760986328,32.17055892944336,0.9072926462173946
Cylindrical Pores,32,28.56952667236328,52.03460693359375,0.9312845343112817
Cylindrical Pores,33,26.972583770751953,52.27812957763672,0.9232481328259743
Cylindrical Pores,34,29.737775802612305,54.52554702758789,0.9287605809125234
Cylindrical Pores,35,28.91438865661621,55.915157318115234,0.9084698335213693
Cylindrical Pores,36,31.959075927734375,38.94438552856445,0.890662928825567
Cylindrical Pores,37,33.24448013305664,38.601627349853516,0.8840942377041056
Cylindrical Pores,38,35.06993103027344,40.70620346069336,0.9080446475252679
Cylindrical Pores,39,33.133995056152344,39.619232177734375,0.9162541103883021
Cylindrical Pores,40,158.03359985351562,27.38936996459961,0.5487174853297301
Cylindrical Pores,41,191.9043426513672,20.231735229492188,0.5669530134875375
Cylindrical Pores,42,165.0264434814453,29.548025131225586,0.5423738585816932
Cylindrical Pores,43,166.95135498046875,28.12306022644043,0.4789470844431332
Cylindrical Pores,44,34.823333740234375,57.8553581237793,0.7940690344850527
Cylindrical Pores,45,27.87714385986328,50.72774124145508,0.8409757854900147
Cylindrical Pores,46,27.418745040893555,50.116554260253906,0.8281378161699381
Cylindrical Pores,47,32.43104934692383,62.464202880859375,0.7224143416966198
Cylindrical Pores,48,0.17508471012115479,45.33382797241211,0.8051674306609914
Cylindrical Pores,49,6.344675540924072,44.38433074951172,0.8035945524533104
Cylindrical Pores,50,0.3221331536769867,45.975547790527344,0.8003425258016146
Cylindrical Pores,51,1.3964170217514038,49.368900299072266,0.7606610325215335
Cylindrical Pores,52,10.40114688873291,46.569522857666016,0.8113477955938824
Cylindrical Pores,53,6.130476951599121,47.15338897705078,0.8087355368870651
Cylindrical Pores,54,6.733288288116455,42.78712844848633,0.8414563467347986
Cylindrical Pores,55,6.301297187805176,43.63356399536133,0.8467730324218958
Cylindrical Pores,56,17.29498291015625,26.55082893371582,0.9126855675938219
Cylindrical Pores,57,15.402867317199707,26.732738494873047,0.9048754183652791
Cylindrical Pores,58,16.03441619873047,27.259521484375,0.8965203564989708
Cylindrical Pores,59,17.732175827026367,27.42325782775879,0.8966155494913395
Cylindrical Pores,60,45.26414489746094,45.301700592041016,0.9556455673130687
Cylindrical Pores,61,49.29253387451172,49.4136962890625,0.9527274619511832
Cylindrical Pores,62,50.41376876831055,50.213104248046875,0.9470142982329612
Cylindrical Pores,63,44.229217529296875,43.71812438964844,0.9596380958472702
Cylindrical Pores,64,4.761597633361816,35.09475326538086,0.9034517040480456
Cylindrical Pores,65,23.081165313720703,44.57101058959961,0.8377538725560716
Cylindrical Pores,66,7.733369827270508,46.69928741455078,0.8370980954435001
Cylindrical Pores,67,14.38487720489502,38.527496337890625,0.8781508371375826
Cylindrical Pores,68,10.708490371704102,40.380897521972656,0.8782555200502379
Cylindrical Pores,69,14.295454978942871,50.43580627441406,0.8232326921048754
Cylindrical Pores,70,15.293424606323242,48.24537658691406,0.8414388666793757
Cylindrical Pores,71,17.74951171875,42.300384521484375,0.8871034246097278
Cylindrical Pores,72,25.07178497314453,26.99858856201172,0.957135846878558
Cylindrical Pores,73,25.191225051879883,27.389549255371094,0.9598352349835482
Cylindrical Pores,74,26.15342140197754,28.345640182495117,0.9501358967766669
Cylindrical Pores,75,28.674570083618164,31.003170013427734,0.9481297734003875
Cylindrical Pores,76,36.665016174316406,39.70906066894531,0.9303669014239904
Cylindrical Pores,77,34.2581787109375,36.956329345703125,0.9359972515463817
Cylindrical Pores,78,35.14346694946289,36.79253005981445,0.9442608997446504
Cylindrical Pores,79,34.89763641357422,37.18337631225586,0.9383991281097733
Cylindrical Pores,80,26.9913330078125,28.70614242553711,0.9291982779918803
Cylindrical Pores,81,27.661745071411133,28.289655685424805,0.9484669305181074
Cylindrical Pores,82,29.178590774536133,28.861711502075195,0.9447588424962251
Cylindrical Pores,83,26.501544952392578,28.477066040039062,0.9356615260236613
Cylindrical Pores,84,48.099605560302734,47.631385803222656,0.93336320584976
Cylindrical Pores,85,50.42378616333008,50.514156341552734,0.9268450209365694
Cylindrical Pores,86,49.32902526855469,49.81168746948242,0.92731052320715
Cylindrical Pores,87,49.9924430847168,49.7601318359375,0.9277890974859401
Cylindrical Pores,88,17.399011611938477,35.51690673828125,0.8320561839439321
Cylindrical Pores,89,19.317462921142578,40.160789489746094,0.7819168433032285
Cylindrical Pores,90,12.926776885986328,39.503108978271484,0.7962589405282604
Cylindrical Pores,91,14.424297332763672,37.8890266418457,0.8175832912343238
Cylindrical Pores,92,47.45412826538086,46.87376403808594,0.8832487023530956
Cylindrical Pores,93,44.5224723815918,43.787017822265625,0.879388334561395
Cylindrical Pores,94,45.06496047973633,44.65380859375,0.906730022103117
Cylindrical Pores,95,46.122703552246094,45.216407775878906,0.8817061696267188
Cylindrical Pores,96,30.165748596191406,30.782358169555664,0.9233711566338023
Cylindrical Pores,97,31.845529556274414,32.7578125,0.911851541507543
Cylindrical Pores,98,30.74175453186035,31.780134201049805,0.9058841529276949
Cylindrical Pores,99,31.070579528808594,32.278812408447266,0.927470128085333
Cylindrical Pores,100,36.041561126708984,36.741554260253906,0.9434817572919189
Cylindrical Pores,101,35.91358947753906,36.444496154785156,0.9476405646497837
Cylindrical Pores,102,34.54533386230469,35.549537658691406,0.9470319603356735
Cylindrical Pores,103,35.373043060302734,36.700199127197266,0.9500224148870594
Cylindrical Pores,104,38.023773193359375,38.98082733154297,0.9472600878265721
Cylindrical Pores,105,36.06214904785156,37.72736740112305,0.9227542611480933
Cylindrical Pores,106,35.12158203125,36.674354553222656,0.9365166490386302
Cylindrical Pores,107,37.579620361328125,38.837406158447266,0.9357808043636924
Cylindrical Pores,108,31.65944480895996,32.0130615234375,0.9731742626816855
Cylindrical Pores,109,31.6113338470459,31.76999282836914,0.9739831269907885
Cylindrical Pores,110,29.35771369934082,29.05411148071289,0.9753876994582903
Cylindrical Pores,111,28.646251678466797,28.593013763427734,0.9678622606553342
Cylindrical Pores,112,30.559965133666992,32.72747802734375,0.9490958927691104
Cylindrical Pores,113,32.00419235229492,34.60139846801758,0.9398325791126427
Cylindrical Pores,114,28.79254150390625,30.99562644958496,0.9445197984384333
Cylindrical Pores,115,24.297313690185547,27.634315490722656,0.9488485131169214
Cylindrical Pores,116,32.39446258544922,32.44091796875,0.9452782217844267
Cylindrical Pores,117,31.573993682861328,31.852304458618164,0.9449294682655652
Cylindrical Pores,118,31.899866104125977,31.98518943786621,0.9563251120920999
Cylindrical Pores,119,33.38690948486328,33.64320373535156,0.9500924329858297
Cylindrical Grains,0,15.838231086730957,18.234596252441406,0.9809580019125694
Cylindrical Grains,1,13.234696388244629,17.14577293395996,0.9774469474200221
Cylindrical Grains,2,14.62852668762207,18.304222106933594,0.9753437828176912
Cylindrical Grains,3,17.665939331054688,20.059587478637695,0.9788298191802928
Cylindrical Grains,4,24.348804473876953,25.384458541870117,0.9798556464610587
Cylindrical Grains,5,28.003585815429688,28.811120986938477,0.9799483463368014
Cylindrical Grains,6,27.424999237060547,27.97386360168457,0.9803838317826624
Cylindrical Grains,7,24.99234962463379,25.573720932006836,0.9817610924658906
Cylindrical Grains,8,42.20905685424805,48.067745208740234,0.9381147553144527
Cylindrical Grains,9,38.2413215637207,44.12097930908203,0.9476704403072239
Cylindrical Grains,10,39.800628662109375,44.28584671020508,0.9479932365292008
Cylindrical Grains,11,41.443565368652344,45.51492691040039,0.946675493905514
Cylindrical Grains,12,8.439013481140137,17.42142677307129,0.953810405048478
Cylindrical Grains,13,8.899373054504395,16.92926788330078,0.9581897413218105
Cylindrical Grains,14,7.805499076843262,15.770111083984375,0.9631489956511012
Cylindrical Grains,15,6.732598781585693,17.665294647216797,0.9494675036574415
Cylindrical Grains,16,2.038127899169922,35.391746520996094,0.79880415599101
Cylindrical Grains,17,1.961037516593933,32.73521423339844,0.8456619060400209
Cylindrical Grains,18,4.200783729553223,36.57471466064453,0.8197499379763418
Cylindrical Grains,19,4.631356239318848,37.59557342529297,0.8102619166806333
Cylindrical Grains,20,19.33071517944336,21.68360710144043,0.9426207052971657
Cylindrical Grains,21,20.85384178161621,23.644548416137695,0.9411031559641791
Cylindrical Grains,22,18.02964210510254,20.38614845275879,0.9504981653403995
Cylindrical Grains,23,20.65632438659668,22.69170570373535,0.9555787364392162
Cylindrical Grains,24,20.01026725769043,39.93634796142578,0.8765176836480422
Cylindrical Grains,25,17.354162216186523,32.208980560302734,0.9209557531037692
Cylindrical Grains,26,18.772916793823242,29.448122024536133,0.928243126980638
Cylindrical Grains,27,15.246530532836914,33.66961669921875,0.9042231305857829
Cylindrical Grains,28,2.577024221420288,21.94100570678711,0.9495513593924
Cylindrical Grains,29,1.0680755376815796,21.289644241333008,0.9463530572630112
Cylindrical Grains,30,1.4028629064559937,18.647586822509766,0.9621673382426235
Cylindrical Grains,31,2.43257474899292,20.177228927612305,0.9558585071142092
Cylindrical Grains,32,25.0008602142334,28.350008010864258,0.962557646452609
Cylindrical Grains,33,24.83555030822754,26.78370475769043,0.9747223504736825
Cylindrical Grains,34,25.63006591796875,28.172826766967773,0.9743961645336174
Cylindrical Grains,35,23.573740005493164,25.62626075744629,0.9720569643829767
Cylindrical Grains,36,1.2929649353027344,26.21341896057129,0.9439993448256989
Cylindrical Grains,37,7.165111541748047,22.83365249633789,0.9632453265707811
Cylindrical Grains,38,3.777735471725464,27.438528060913086,0.943330052069712
Cylindrical Grains,39,0.7965089678764343,27.233993530273438,0.9459211992373449
Cylindrical Grains,40,43.299400329589844,51.27751541137695,0.9346108579515147
Cylindrical Grains,41,43.56856155395508,50.068572998046875,0.9259763235346496
Cylindrical Grains,42,43.65439224243164,54.42650604248047,0.9128982009593778
Cylindrical Grains,43,42.501914978027344,50.90571975708008,0.9365749147633101
Cylindrical Grains,44,45.73027420043945,43.92124557495117,0.9312467475901027
Cylindrical Grains,45,49.057708740234375,51.09684371948242,0.9289452325339499
Cylindrical Grains,46,50.40929412841797,49.151145935058594,0.9297591868858164
Cylindrical Grains,47,43.92051696777344,43.79935073852539,0.9146241241265531
Cylindrical Grains,48,12.375484466552734,23.095443725585938,0.9256839668551246
Cylindrical Grains,49,6.310349941253662,19.0031681060791,0.947123731444452
Cylindrical Grains,50,9.141705513000488,20.080446243286133,0.927290856549188
Cylindrical Grains,51,11.955272674560547,19.660259246826172,0.9550594942062797
Cylindrical Grains,52,9.272183418273926,35.96222686767578,0.9227532922124756
Cylindrical Grains,53,12.214923858642578,35.21927261352539,0.9310239414115351
Cylindrical Grains,54,2.1510441303253174,35.77888870239258,0.9149677403212992
Cylindrical Grains,55,0.9837391376495361,36.13121795654297,0.913951084175834
Cylindrical Grains,56,13.31823444366455,33.527313232421875,0.9158913022386008
Cylindrical Grains,57,16.420673370361328,32.90232467651367,0.9264372331229226
Cylindrical Grains,58,19.162364959716797,33.691078186035156,0.9294877339951442
Cylindrical Grains,59,14.815731048583984,34.93000411987305,0.9042855068083525
Cylindrical Grains,60,10.41122817993164,25.55467987060547,0.9116977339752704
Cylindrical Grains,61,7.556098461151123,22.95711898803711,0.942979747833266
Cylindrical Grains,62,4.99359130859375,22.099042892456055,0.9523408529945631
Cylindrical Grains,63,9.70397663116455,24.08950424194336,0.9315544534212312
Cylindrical Grains,64,16.222759246826172,24.073755264282227,0.8979212874533081
Cylindrical Grains,65,20.33687973022461,27.018314361572266,0.9338305692398823
Cylindrical Grains,66,20.416522979736328,28.48890495300293,0.8979301587997492
Cylindrical Grains,67,16.214223861694336,25.668025970458984,0.9002600221201132
Cylindrical Grains,68,28.194665908813477,39.12846374511719,0.9022700894924243
Cylindrical Grains,69,25.23723793029785,35.96700668334961,0.9192366918829148
Cylindrical Grains,70,24.746179580688477,37.24927520751953,0.8975298450094403
Cylindrical Grains,71,29.98077964782715,44.66939926147461,0.8774184058945783
Cylindrical Grains,72,38.34368133544922,58.72077560424805,0.87651496456412
Cylindrical Grains,73,37.729393005371094,57.92526626586914,0.8602147922615867
Cylindrical Grains,74,39.045257568359375,56.254722595214844,0.8838136437046855
Cylindrical Grains,75,39.45344161987305,59.938392639160156,0.8495046795202718
Cylindrical Grains,76,30.440353393554688,44.57912826538086,0.8643909059093764
Cylindrical Grains,77,44.68865966796875,60.38465881347656,0.856431016217296
Cylindrical Grains,78,40.82261657714844,61.90534210205078,0.8316391080687026
Cylindrical Grains,79,24.903470993041992,43.2760124206543,0.8563704339551234
Cylindrical Grains,80,25.65120506286621,28.277786254882812,0.9127206538112526
Cylindrical Grains,81,25.323339462280273,29.59455680847168,0.8971395878864548
Cylindrical Grains,82,33.26020431518555,35.43159866333008,0.8984185128298516
Cylindrical Grains,83,26.477657318115234,30.71180534362793,0.8988346523923444
Cylindrical Grains,84,114.9223403930664,149.4944610595703,0.5029119254579284
Cylindrical Grains,85,146.81846618652344,187.86866760253906,0.5075777201892345
Cylindrical Grains,86,139.9047088623047,182.9390106201172,0.4569151514689479
Cylindrical Grains,87,145.1288299560547,173.0531005859375,0.49286236193708804
Cylindrical Grains,88,71.44355773925781,52.46877670288086,0.8466543361220396
Cylindrical Grains,89,61.65568161010742,42.9614372253418,0.8695193380862419
Cylindrical Grains,90,86.16291809082031,52.36836624145508,0.8387926132362864
Cylindrical Grains,91,73.93291473388672,49.977909088134766,0.8607701967325908
Cylindrical Grains,92,14.696781158447266,36.396820068359375,0.9261341495024349
Cylindrical Grains,93,24.39302635192871,48.93636703491211,0.893189549450535
Cylindrical Grains,94,21.783735275268555,45.66135787963867,0.9098515843094738
Cylindrical Grains,95,15.72435188293457,38.546173095703125,0.9217921080676592
Bentheimer,0,7.249823093414307,46.86528396606445,0.8193446006816558
Bentheimer,1,11.551409721374512,40.73215866088867,0.855176735876074
Bentheimer,2,15.155655860900879,40.0859375,0.8468983179080326
Bentheimer,3,10.434130668640137,46.9117431640625,0.8199281450575735
Bentheimer,4,39.61327362060547,66.11021423339844,0.778772357319215
Bentheimer,5,37.85710144042969,63.8468017578125,0.7853447091019173
Bentheimer,6,32.151702880859375,62.49006271362305,0.7657554999064835
Bentheimer,7,35.66178512573242,61.766544342041016,0.7806397307373181
Bentheimer,8,66.6796646118164,88.53121185302734,0.8175706672667784
Bentheimer,9,71.46798706054688,92.77922821044922,0.799340600749477
Bentheimer,10,63.95471954345703,81.50316619873047,0.8111079591332641
Bentheimer,11,74.57418060302734,93.42594146728516,0.8160843533010025
Bentheimer,12,37.118892669677734,86.71965789794922,0.6509434526123619
Bentheimer,13,21.915128707885742,72.08618927001953,0.6787565999584269
Bentheimer,14,29.269004821777344,71.28973388671875,0.687626369021531
Bentheimer,15,37.15360641479492,85.8961181640625,0.6573987317092191
Bentheimer,16,19.31916618347168,50.365055084228516,0.8935794688854224
Bentheimer,17,11.124004364013672,52.97328186035156,0.8707271001116231
Bentheimer,18,0.0035079915542155504,48.170448303222656,0.8900040529088442
Bentheimer,19,1.1775593757629395,47.46461486816406,0.8918476711213125
Bentheimer,20,8.471221923828125,38.48166275024414,0.8697390265074699
Bentheimer,21,9.962113380432129,40.874839782714844,0.8349172296054067
Bentheimer,22,11.333916664123535,35.70142364501953,0.8888067256405345
Bentheimer,23,2.6698153018951416,37.02967834472656,0.8622651124021119
Bentheimer,24,25.49493980407715,32.44807815551758,0.9254070169288519
Bentheimer,25,23.78486442565918,30.60614585876465,0.937472128008666
Bentheimer,26,28.519712448120117,37.54060363769531,0.9078994110801898
Bentheimer,27,33.04700469970703,41.3210334777832,0.9063709990856974
Bentheimer,28,27.294742584228516,28.25037384033203,0.9590243993231293
Bentheimer,29,26.83997917175293,27.973766326904297,0.9525866812389433
Bentheimer,30,28.07271385192871,29.113571166992188,0.9476477955929845
Bentheimer,31,22.85618019104004,23.384395599365234,0.9487825530371058
Bentheimer,32,512.7974243164062,647.3104858398438,0.27062881001796235
Bentheimer,33,551.7130126953125,705.3565673828125,0.2765807640429504
Bentheimer,34,526.8876953125,660.78125,0.28584291762419023
Bentheimer,35,516.42626953125,642.0900268554688,0.26290836435515735
Bentheimer,36,39.507911682128906,40.828636169433594,0.9458030196514836
Bentheimer,37,37.65732955932617,39.97500228881836,0.9484068739582076
Bentheimer,38,37.19126510620117,39.26786422729492,0.9386082216899282
Bentheimer,39,37.53520202636719,38.125282287597656,0.9414963528054076
Bentheimer,40,38.60470962524414,43.36499786376953,0.9088033998445205
Bentheimer,41,42.557167053222656,45.57679748535156,0.9304086285738248
Bentheimer,42,46.10696029663086,48.70449447631836,0.93782677338185
Bentheimer,43,43.74817657470703,46.82811737060547,0.9313684853132509
Bentheimer,44,27.870515823364258,41.899600982666016,0.8969574741318387
Bentheimer,45,29.992565155029297,42.597412109375,0.8955203873250166
Bentheimer,46,36.162811279296875,45.183448791503906,0.9031082586396394
Bentheimer,47,27.031070709228516,38.84767150878906,0.9169521813569346
Bentheimer,48,14.318549156188965,54.11606979370117,0.4002219057640116
Bentheimer,49,14.107945442199707,56.68300247192383,0.4006222494274068
Bentheimer,50,13.975358963012695,55.01799392700195,0.5096797390781996
Bentheimer,51,8.08168888092041,52.22969055175781,0.4359219753837087
Bentheimer,52,37.040409088134766,51.059349060058594,0.9093922122199137
Bentheimer,53,29.83153533935547,45.33672332763672,0.9053728108212973
Bentheimer,54,31.863107681274414,46.483463287353516,0.9120047445432439
Bentheimer,55,41.617835998535156,58.5244026184082,0.8693672252609169
Bentheimer,56,0.5298929810523987,44.77467346191406,0.8148322340913564
Bentheimer,57,3.7790439128875732,50.92716598510742,0.7502936332559734
Bentheimer,58,4.25877046585083,51.800540924072266,0.75422248760183
Bentheimer,59,2.825904607772827,48.235721588134766,0.7768873280315106
Bentheimer,60,47.206390380859375,48.577701568603516,0.895412013498973
Bentheimer,61,30.028186798095703,38.99421310424805,0.8948837441283916
Bentheimer,62,29.770198822021484,41.15813446044922,0.8678661864739916
Bentheimer,63,29.753334045410156,39.369842529296875,0.8903917808738665
Bentheimer,64,8.677399635314941,32.572998046875,0.9283187034225888
Bentheimer,65,18.21795082092285,30.06562042236328,0.9354043333437748
Bentheimer,66,14.941784858703613,34.38907241821289,0.9214818193414245
Bentheimer,67,13.543278694152832,33.022682189941406,0.9302229304785028
Bentheimer,68,1.130283236503601,37.24243927001953,0.8644266859869972
Bentheimer,69,6.70749044418335,40.65876388549805,0.8522829685827443
Bentheimer,70,7.856688499450684,43.7244987487793,0.8334650552233999
Bentheimer,71,5.492219924926758,44.79143524169922,0.838054519419084
Bentheimer,72,66.44991302490234,84.40066528320312,0.7322788593050914
Bentheimer,73,65.51239013671875,85.55950927734375,0.7347321079244284
Bentheimer,74,60.27303695678711,86.58236694335938,0.7015999366726998
Bentheimer,75,62.11863708496094,85.05081176757812,0.7104018606610013
Bentheimer,76,27.73158073425293,45.05299377441406,0.8756848926779996
Bentheimer,77,23.27958869934082,44.401432037353516,0.8407173077885541
Bentheimer,78,27.28534698486328,41.514339447021484,0.8767546591603338
Bentheimer,79,27.582725524902344,42.375118255615234,0.8673913975212896
Bentheimer,80,11.699647903442383,53.857303619384766,0.7313341976549879
Bentheimer,81,5.582468509674072,45.31761932373047,0.7641008155178522
Bentheimer,82,6.038414478302002,44.11955642700195,0.7669100875716215
Bentheimer,83,9.881195068359375,53.073822021484375,0.7346710693348362
Bentheimer,84,196.9493408203125,223.1996307373047,0.518238816576885
Bentheimer,85,189.91131591796875,217.92030334472656,0.5162206918761306
Bentheimer,86,225.18301391601562,246.7651824951172,0.4962058682478512
Bentheimer,87,250.1071319580078,272.2392272949219,0.4839383892078668
Bentheimer,88,26.982410430908203,40.208805084228516,0.933352353229129
Bentheimer,89,26.513011932373047,45.349212646484375,0.9239493082751383
Bentheimer,90,34.239784240722656,51.078556060791016,0.9144512108696253
Bentheimer,91,27.19287872314453,41.8935432434082,0.9405296403432134
Bentheimer,92,0.3748214840888977,27.43160629272461,0.8958409230917542
Bentheimer,93,8.78303050994873,28.11707878112793,0.9159127376259876
Bentheimer,94,14.960663795471191,30.062103271484375,0.913301481612123
Bentheimer,95,10.480780601501465,30.870500564575195,0.9003720084396282
Bentheimer,96,33.48030090332031,41.56013107299805,0.9182758682582872
Bentheimer,97,35.54917907714844,45.83911895751953,0.9161894729336685
Bentheimer,98,33.184547424316406,41.50723648071289,0.9353568791347472
Bentheimer,99,25.081113815307617,35.391014099121094,0.9509765320056498
Bentheimer,100,22.782596588134766,32.654754638671875,0.928778333834968
Bentheimer,101,19.777008056640625,29.737485885620117,0.9485124039696967
Bentheimer,102,14.222551345825195,26.43846893310547,0.9499085490178558
Bentheimer,103,22.030466079711914,34.12160873413086,0.9174113578999085
Bentheimer,104,3.1865570545196533,34.77912139892578,0.8912264018177809
Bentheimer,105,6.483739376068115,29.239233016967773,0.9225510408256539
Bentheimer,106,6.356540203094482,26.894737243652344,0.9152966109308938
Bentheimer,107,10.775643348693848,28.174726486206055,0.9266830906206593
Bentheimer,108,13.281927108764648,36.78091812133789,0.9363014397342901
Bentheimer,109,11.099233627319336,35.659767150878906,0.936572863576032
Bentheimer,110,9.850150108337402,32.29483413696289,0.9629272113373185
Bentheimer,111,18.832353591918945,40.09992980957031,0.9357728713102555
Bentheimer,112,80.20623016357422,105.0182876586914,0.7999997937824307
Bentheimer,113,87.19163513183594,112.7513656616211,0.7856807741997904
Bentheimer,114,104.38678741455078,132.04122924804688,0.748398306203207
Bentheimer,115,71.00801086425781,90.89058685302734,0.8460106223912218
Bentheimer,116,15.327482223510742,33.41547393798828,0.884529994726496
Bentheimer,117,18.708473205566406,32.07583236694336,0.9080490477952473
Bentheimer,118,11.147438049316406,31.1979923248291,0.8988609230700564
Bentheimer,119,14.887184143066406,34.56997299194336,0.8741911296558339
Bentheimer,120,40.311981201171875,41.87871170043945,0.9460822045570922
Bentheimer,121,30.921995162963867,31.571025848388672,0.9595254998396765
Bentheimer,122,36.489253997802734,36.9920539855957,0.9761547782161922
Bentheimer,123,39.15314865112305,41.78857421875,0.9357850101316291
Bentheimer,124,28.793025970458984,32.47676086425781,0.9182257741301328
Bentheimer,125,24.14655303955078,29.58694839477539,0.931278388684663
Bentheimer,126,25.313095092773438,30.289854049682617,0.9180383615759706
Bentheimer,127,26.069477081298828,30.785730361938477,0.9089666026817417
Bentheimer,128,277.0296630859375,376.5873107910156,0.4738136086506774
Bentheimer,129,291.0628967285156,411.17742919921875,0.4428819807453546
Bentheimer,130,288.20013427734375,396.0992431640625,0.4615148564023337
Bentheimer,131,265.7370910644531,372.4432678222656,0.4604035898539658
Bentheimer,132,20.595348358154297,33.67157745361328,0.9403958720162329
Bentheimer,133,23.228715896606445,33.67731857299805,0.9420140219018046
Bentheimer,134,20.987655639648438,31.215320587158203,0.9519331194289874
Bentheimer,135,20.952125549316406,32.47808837890625,0.9497696107126677
Bentheimer,136,23.598182678222656,27.492725372314453,0.9641405117006974
Bentheimer,137,24.842798233032227,29.688711166381836,0.9578725246846583
Bentheimer,138,20.551443099975586,27.246292114257812,0.9552976911436108
Bentheimer,139,22.66424560546875,27.71038818359375,0.9606181111426777
Bentheimer,140,13.305572509765625,36.822288513183594,0.9095787284513391
Bentheimer,141,19.728097915649414,34.62339782714844,0.9457178810146395
Bentheimer,142,17.920156478881836,32.05378723144531,0.933239007269253
Bentheimer,143,16.184446334838867,41.99695587158203,0.8908887712254069
Bentheimer,144,5.934969425201416,27.290748596191406,0.9477220900522277
Bentheimer,145,5.219649791717529,24.29990005493164,0.9574693005063638
Bentheimer,146,10.880277633666992,27.79286766052246,0.9515099659624259
Bentheimer,147,7.297850131988525,25.54429054260254,0.9543542973558782
Bentheimer,148,18.209659576416016,26.828393936157227,0.9416861810830587
Bentheimer,149,18.956968307495117,30.262725830078125,0.928456560281959
Bentheimer,150,9.554849624633789,32.25696563720703,0.9089812717537443
Bentheimer,151,17.078767776489258,27.866783142089844,0.9342963393273012
Bentheimer,152,0.20073239505290985,21.37276840209961,0.9571263491979286
Bentheimer,153,3.218864679336548,20.333847045898438,0.9569621413414167
Bentheimer,154,5.675837516784668,23.021976470947266,0.9593079653163282
Bentheimer,155,7.952086925506592,25.03009796142578,0.9572330700723357
Bentheimer,156,12.780366897583008,36.27558135986328,0.9278833940886199
Bentheimer,157,3.8282463550567627,32.778621673583984,0.9357171773382992
Bentheimer,158,10.480316162109375,34.571075439453125,0.9356465916670068
Bentheimer,159,9.6365327835083,36.89140701293945,0.9287072648741397
Bentheimer,160,4.678658962249756,21.01978874206543,0.9730560395564054
Bentheimer,161,10.554486274719238,19.353914260864258,0.9725007544360486
Bentheimer,162,13.158385276794434,20.96665382385254,0.964909860285279
Bentheimer,163,15.464492797851562,21.158720016479492,0.969680626674742
Bentheimer,164,16.928546905517578,29.453792572021484,0.9219045634268458
Bentheimer,165,16.18086051940918,26.817230224609375,0.9324585331471333
Bentheimer,166,17.141782760620117,27.925331115722656,0.9337869596123511
Bentheimer,167,16.09942054748535,29.83393096923828,0.9169318938497821
Bentheimer,168,9.965157508850098,39.5078239440918,0.8747939948722362
Bentheimer,169,12.935648918151855,45.527767181396484,0.8320320245769637
Bentheimer,170,2.9638264179229736,43.707786560058594,0.8583393736335141
Bentheimer,171,10.300960540771484,45.04692077636719,0.8538113612166625
Bentheimer,172,24.53797149658203,31.96804428100586,0.9227994889627354
Bentheimer,173,24.08638572692871,31.235492706298828,0.9221239158574874
Bentheimer,174,18.801315307617188,30.142175674438477,0.9098398716685524
Bentheimer,175,13.64897346496582,28.624160766601562,0.9227450797797208
Bentheimer,176,10.343175888061523,25.897462844848633,0.9286003052893589
Bentheimer,177,16.512556076049805,26.604629516601562,0.9424800007118793
Bentheimer,178,14.531771659851074,26.08648681640625,0.9295451084447258
Bentheimer,179,7.200526714324951,25.21711540222168,0.9287025626909257
Bentheimer,180,86.46469116210938,125.53926849365234,0.6797528449980142
Bentheimer,181,79.89744567871094,119.57084655761719,0.6768578518717904
Bentheimer,182,90.82211303710938,130.96942138671875,0.6575517078082921
Bentheimer,183,101.49127197265625,144.62728881835938,0.6375842722499774
Bentheimer,184,5.0829854011535645,72.98384857177734,0.7161154850738249
Bentheimer,185,12.88929557800293,76.64441680908203,0.7151589323802627
Bentheimer,186,10.350865364074707,66.00054168701172,0.7531463660175647
Bentheimer,187,13.13631534576416,66.5233154296875,0.7596432681829834
Bentheimer,188,3.1778271198272705,19.72475242614746,0.9594580045222131
Bentheimer,189,8.51106071472168,23.655515670776367,0.9475646021799639
Bentheimer,190,10.424920082092285,22.195341110229492,0.9629458882045121
Bentheimer,191,6.7778239250183105,20.965877532958984,0.9620196459452791
Bentheimer,192,14.595528602600098,45.90977096557617,0.8419290956318388
Bentheimer,193,18.48272705078125,41.30691909790039,0.8604482873550604
Bentheimer,194,11.334750175476074,37.857845306396484,0.8729055383997082
Bentheimer,195,7.911324977874756,42.01729202270508,0.8499821549467246
Bentheimer,196,0.9363783597946167,19.400066375732422,0.9672985038356025
Bentheimer,197,1.66109299659729,17.76129913330078,0.9754230890012914
Bentheimer,198,3.868813991546631,20.19594955444336,0.9722822251343509
Bentheimer,199,2.926710605621338,22.366840362548828,0.9654114304519398
Bentheimer,200,30.15233039855957,37.06219482421875,0.8994574508399705
Bentheimer,201,27.698585510253906,36.162498474121094,0.8924373976757121
Bentheimer,202,26.17247772216797,34.89207077026367,0.9095538855284299
Bentheimer,203,34.22891616821289,39.232566833496094,0.9145022974110519
Bentheimer,204,162.89627075195312,244.84376525878906,0.3690930168979121
Bentheimer,205,227.22537231445312,332.5411376953125,0.3236323018895353
Bentheimer,206,205.9803466796875,288.3177490234375,0.3778809636126874
Bentheimer,207,183.86160278320312,261.5768737792969,0.3773055800026249
Bentheimer,208,27.99211883544922,41.743797302246094,0.9277654918538131
Bentheimer,209,34.14384460449219,46.299560546875,0.9208092360088026
Bentheimer,210,28.14208221435547,41.209388732910156,0.9367555880023879
Bentheimer,211,23.058061599731445,38.42686080932617,0.9401908660092563
Bentheimer,212,18.117006301879883,24.062654495239258,0.9408525615583346
Bentheimer,213,16.887554168701172,23.93313980102539,0.944082569924718
Bentheimer,214,20.46055793762207,26.050004959106445,0.933164934927306
Bentheimer,215,20.70750617980957,24.636795043945312,0.9448217484242597
Bentheimer,216,42.185848236083984,48.03606033325195,0.9210517362771117
Bentheimer,217,43.460693359375,49.865413665771484,0.9259777867474185
Bentheimer,218,47.37113571166992,54.134124755859375,0.9195960363121097
Bentheimer,219,48.127933502197266,54.307559967041016,0.926571080926067
Bentheimer,220,40.30215072631836,51.932777404785156,0.9036249606804898
Bentheimer,221,40.172576904296875,53.01198196411133,0.8953568615381466
Bentheimer,222,40.26729965209961,53.325443267822266,0.8733965336486723
Bentheimer,223,43.52745819091797,55.34994125366211,0.8817174880879617
Bentheimer,224,3.001159429550171,56.30791473388672,0.7434310783167212
Bentheimer,225,10.73585033416748,63.03971481323242,0.7267919730493159
Bentheimer,226,2.849992275238037,58.447940826416016,0.7288905407834704
Bentheimer,227,11.768683433532715,57.64950180053711,0.744257746875477
Bentheimer,228,8.467199325561523,24.676498413085938,0.9472591695772817
Bentheimer,229,6.117382049560547,21.8917236328125,0.9519605585156313
Bentheimer,230,9.308271408081055,22.255413055419922,0.9630128158998067
Bentheimer,231,10.308073997497559,25.125654220581055,0.9591468221626555
Bentheimer,232,17.67763328552246,36.272132873535156,0.9243363249925123
Bentheimer,233,4.862130641937256,40.60022735595703,0.917842777931419
Bentheimer,234,16.48542022705078,38.656158447265625,0.9315442864643143
Bentheimer,235,25.179689407348633,39.370643615722656,0.9155444676904316
Bentheimer,236,17.85536766052246,28.128490447998047,0.9508612098446347
Bentheimer,237,20.939205169677734,29.125905990600586,0.9418139981047129
Bentheimer,238,23.37366485595703,31.5272216796875,0.9276909921340748
Bentheimer,239,22.646713256835938,31.967283248901367,0.9318994892166098
Bentheimer,240,25.6368408203125,62.854942321777344,0.6577883571253589
Bentheimer,241,26.697378158569336,65.29818725585938,0.6439518567747942
Bentheimer,242,27.97673797607422,61.62632751464844,0.6524163899003126
Bentheimer,243,25.130769729614258,61.6701774597168,0.6585802423021742
Bentheimer,244,2.1752126216888428,31.26108741760254,0.9371501763507536
Bentheimer,245,0.07187488675117493,35.10357666015625,0.922673082452742
Bentheimer,246,2.679219961166382,38.793643951416016,0.9119839369625056
Bentheimer,247,1.689177393913269,34.925994873046875,0.9286839512362878
Bentheimer,248,8.716728210449219,32.47233963012695,0.9436422848836921
Bentheimer,249,4.256124496459961,36.06174850463867,0.9324315070543376
Bentheimer,250,1.7199064493179321,34.151859283447266,0.9387474158312239
Bentheimer,251,6.864692687988281,31.040605545043945,0.9469275584154103
Bentheimer,252,42.92432403564453,58.547996520996094,0.8586660402957274
Bentheimer,253,36.873817443847656,50.562889099121094,0.9060591156135733
Bentheimer,254,42.194766998291016,55.09860610961914,0.8797964849384848
Bentheimer,255,47.83614730834961,63.59891891479492,0.8495584239307459
Bentheimer,256,39.39711380004883,43.61172103881836,0.9382831991571727
Bentheimer,257,35.11399459838867,39.87643814086914,0.9309110350853276
Bentheimer,258,35.16117858886719,41.238956451416016,0.9297217795322954
Bentheimer,259,35.02073669433594,42.000343322753906,0.9199760673256929
Bentheimer,260,6.45141077041626,27.479719161987305,0.9122134596210482
Bentheimer,261,6.171173095703125,28.81157112121582,0.9094676816351664
Bentheimer,262,13.900785446166992,28.97414779663086,0.9131070659345388
Bentheimer,263,8.973034858703613,25.637386322021484,0.9128917820781024
Bentheimer,264,25.496095657348633,31.310733795166016,0.9443574486395689
Bentheimer,265,21.708467483520508,27.24058723449707,0.9550940547722521
Bentheimer,266,27.099885940551758,31.198074340820312,0.9576045844804415
Bentheimer,267,26.651912689208984,30.8210506439209,0.9568018424044218
Bentheimer,268,16.479909896850586,29.72805404663086,0.8482855862901214
Bentheimer,269,10.248011589050293,29.7890625,0.8890635238404054
Bentheimer,270,10.964094161987305,30.809885025024414,0.8673328398638551
Bentheimer,271,10.168471336364746,31.512615203857422,0.8585525159380185
Bentheimer,272,161.5042724609375,189.84719848632812,0.6046755694113025
Bentheimer,273,166.47146606445312,197.21392822265625,0.5821563049275106
Bentheimer,274,151.04396057128906,185.79136657714844,0.5963174650394946
Bentheimer,275,179.28945922851562,212.80723571777344,0.6032073597947504
Bentheimer,276,25.380390167236328,39.74856185913086,0.8491056879705797
Bentheimer,277,16.935014724731445,45.35761642456055,0.7748231982373106
Bentheimer,278,23.063570022583008,42.130897521972656,0.8298082112329892
Bentheimer,279,23.11375617980957,38.250972747802734,0.8536018457652962
Bentheimer,280,11.608120918273926,32.38685989379883,0.9026604666983828
Bentheimer,281,10.047782897949219,34.14154815673828,0.9003823356828556
Bentheimer,282,6.875336170196533,33.01786422729492,0.8829247708961561
Bentheimer,283,8.126399993896484,35.75480270385742,0.8716512773334751
Bentheimer,284,1.1505651473999023,43.352684020996094,0.8688139650957925
Bentheimer,285,11.595813751220703,34.64417266845703,0.8828110578645586
Bentheimer,286,13.853351593017578,35.43637466430664,0.9014830556466952
Bentheimer,287,8.431262969970703,37.4044189453125,0.891866190407947
Bentheimer,288,20.726119995117188,29.229717254638672,0.9390665401073474
Bentheimer,289,21.666858673095703,33.84352493286133,0.9080215335462448
Bentheimer,290,20.70030403137207,31.346324920654297,0.9257472048694714
Bentheimer,291,18.083173751831055,26.130537033081055,0.950657296933587
Bentheimer,292,27.874649047851562,63.08772659301758,0.8415223739105859
Bentheimer,293,18.318105697631836,64.08380126953125,0.7883735643580655
Bentheimer,294,21.612564086914062,61.98031997680664,0.8175017613087335
Bentheimer,295,25.71068000793457,63.31317901611328,0.8559418195080372
Bentheimer,296,27.325321197509766,29.3492431640625,0.9442637600119954
Bentheimer,297,29.147127151489258,31.734737396240234,0.9535182808489586
Bentheimer,298,30.429424285888672,34.160301208496094,0.9253820514307102
Bentheimer,299,35.01443099975586,37.89423370361328,0.9430748973520915
Bentheimer,300,41.65919876098633,60.61024475097656,0.8046921573285066
Bentheimer,301,49.6306037902832,69.40113067626953,0.8016232799508396
Bentheimer,302,51.85681915283203,73.1593017578125,0.7785325647828969
Bentheimer,303,38.38043212890625,61.14985275268555,0.797519567896002
Bentheimer,304,21.211837768554688,23.891103744506836,0.9604528405287471
Bentheimer,305,24.630430221557617,27.026262283325195,0.9462513636574694
Bentheimer,306,24.881040573120117,28.553544998168945,0.9406174523258974
Bentheimer,307,22.287582397460938,25.765884399414062,0.9547069302225615
Bentheimer,308,4.314055919647217,39.620941162109375,0.8796327506663563
Bentheimer,309,16.919404983520508,42.955223083496094,0.8730264060671716
Bentheimer,310,11.15477466583252,38.606689453125,0.8797654165909512
Bentheimer,311,13.28509521484375,42.599632263183594,0.8641147655252297
Bentheimer,312,13.968189239501953,35.02588653564453,0.9311554319816592
Bentheimer,313,19.242372512817383,38.35449981689453,0.9229493581825168
Bentheimer,314,7.301395893096924,31.655784606933594,0.9123579922960858
Bentheimer,315,9.485342025756836,31.54054069519043,0.9281667124564936
Bentheimer,316,4.948812484741211,63.971580505371094,0.746185710387462
Bentheimer,317,1.1835975646972656,72.6436538696289,0.6679188120471883
Bentheimer,318,2.9818437099456787,69.29314422607422,0.7102925096090028
Bentheimer,319,7.368866443634033,70.02462768554688,0.715141149185056
Bentheimer,320,13.774284362792969,27.675207138061523,0.9219759091877126
Bentheimer,321,9.473978996276855,22.22332191467285,0.9558714602252614
Bentheimer,322,11.420680046081543,23.560134887695312,0.9453617658771639
Bentheimer,323,10.132257461547852,24.583770751953125,0.9457764492701964
Bentheimer,324,20.740013122558594,39.83082580566406,0.9285794677923268
Bentheimer,325,20.06959342956543,44.277408599853516,0.8923148476058415
Bentheimer,326,17.768898010253906,44.871395111083984,0.8779565751232674
Bentheimer,327,20.972684860229492,40.956241607666016,0.9116540771008135
Bentheimer,328,27.414030075073242,60.35011672973633,0.776309674324251
Bentheimer,329,12.743961334228516,46.878143310546875,0.8003444408965297
Bentheimer,330,27.791851043701172,63.80931854248047,0.7468920750177852
Bentheimer,331,37.78814697265625,69.32572174072266,0.7555532489415172
Bentheimer,332,9.063222885131836,63.3975830078125,0.6684883923800505
Bentheimer,333,14.622328758239746,72.03704071044922,0.6512193666043938
Bentheimer,334,14.125589370727539,63.8149528503418,0.6919264342207244
Bentheimer,335,9.587767601013184,71.5693588256836,0.616937046523629
Bentheimer,336,35.880008697509766,37.81282424926758,0.9435915889907405
Bentheimer,337,32.856719970703125,36.5074462890625,0.9450662778956073
Bentheimer,338,29.834083557128906,32.55925750732422,0.9581367104071343
Bentheimer,339,36.16140365600586,39.777122497558594,0.9297642987241013
Bentheimer,340,17.938404083251953,29.064401626586914,0.9432786094583322
Bentheimer,341,19.298131942749023,26.221050262451172,0.950984071852133
Bentheimer,342,18.162887573242188,33.73360824584961,0.9179843661060392
Bentheimer,343,16.889875411987305,26.6516056060791,0.9498477026394504
Bentheimer,344,8.531387329101562,28.199573516845703,0.896802004901413
Bentheimer,345,8.47721004486084,28.95117950439453,0.8974572058442372
Bentheimer,346,10.783448219299316,28.860368728637695,0.8898253419820652
Bentheimer,347,9.954116821289062,27.88018035888672,0.8863394899595136
Bentheimer,348,19.925594329833984,31.339527130126953,0.8998348894022417
Bentheimer,349,23.401071548461914,33.83253860473633,0.8996055618694856
Bentheimer,350,28.40006446838379,36.60089111328125,0.9031467325342756
Bentheimer,351,19.608779907226562,30.583425521850586,0.9151331612882824
Bentheimer,352,26.770797729492188,41.7221565246582,0.8508484158369222
Bentheimer,353,24.194900512695312,41.62342071533203,0.8343181011100383
Bentheimer,354,21.934814453125,36.745765686035156,0.8621949840681877
Bentheimer,355,26.634071350097656,41.971309661865234,0.835958864883986
Bentheimer,356,9.116775512695312,35.49509811401367,0.899803766987848
Bentheimer,357,4.8878254890441895,32.047271728515625,0.9047922574620201
Bentheimer,358,14.519608497619629,33.002708435058594,0.911347674219485
Bentheimer,359,13.99547004699707,32.23967742919922,0.9369017069276014
Bentheimer,360,33.73862838745117,38.38322067260742,0.9191670227025959
Bentheimer,361,30.832901000976562,35.85359573364258,0.9319805142773401
Bentheimer,362,33.00300979614258,37.67404556274414,0.9055720480290946
Bentheimer,363,31.865001678466797,36.67207717895508,0.9104217022754596
Bentheimer,364,20.347745895385742,38.97066879272461,0.8111222741806926
Bentheimer,365,20.600751876831055,38.50393295288086,0.8102213998208235
Bentheimer,366,19.388656616210938,40.4594841003418,0.8006749226312448
Bentheimer,367,16.786991119384766,43.31693649291992,0.7869601759719469
Bentheimer,368,8.881804466247559,40.37395477294922,0.8958612884353496
Bentheimer,369,5.164551734924316,38.35694885253906,0.8814098334121234
Bentheimer,370,4.7407426834106445,45.57400131225586,0.8351574676506991
Bentheimer,371,8.067508697509766,42.45964050292969,0.8712387800816687
Bentheimer,372,59.07632827758789,80.6717529296875,0.7841231934080511
Bentheimer,373,58.49699401855469,78.46823120117188,0.7790580416936655
Bentheimer,374,69.0705337524414,88.8253173828125,0.7637566055906698
Bentheimer,375,61.50635528564453,84.17620849609375,0.7750654661558662
Bentheimer,376,10.987733840942383,43.67911911010742,0.7868026775528214
Bentheimer,377,8.998285293579102,42.70731735229492,0.7813647436440807
Bentheimer,378,7.909427642822266,42.230106353759766,0.7909659687631224
Bentheimer,379,5.168132305145264,41.74343490600586,0.7856610157031915
Bentheimer,380,2.2917165756225586,22.000207901000977,0.9530449628413877
Bentheimer,381,0.4482647478580475,22.227685928344727,0.9533841316952034
Bentheimer,382,2.971202850341797,25.675251007080078,0.9337827002786452
Bentheimer,383,4.169459819793701,25.250720977783203,0.9377030220482039
Bentheimer,384,18.838092803955078,50.53225326538086,0.9178778270926123
Bentheimer,385,20.74043846130371,49.66330337524414,0.9065998923027208
Bentheimer,386,27.91529655456543,59.497276306152344,0.8800954004429827
Bentheimer,387,27.85113525390625,52.512901306152344,0.9108360844362905
Bentheimer,388,17.98833465576172,36.1091423034668,0.9316749878992743
Bentheimer,389,16.83423614501953,34.37643051147461,0.9326864972014717
Bentheimer,390,9.802604675292969,35.649505615234375,0.9115701707885784
Bentheimer,391,11.023921966552734,28.907758712768555,0.9401367867111172
Bentheimer,392,5.217937469482422,40.186458587646484,0.8739279451883077
Bentheimer,393,1.2558859586715698,37.32097244262695,0.8749951210623963
Bentheimer,394,2.012554883956909,36.65960693359375,0.884958935911032
Bentheimer,395,2.3495779037475586,36.544715881347656,0.8859127971340781
Bentheimer,396,26.68138885498047,28.1026668548584,0.9800816030503783
Bentheimer,397,32.96546173095703,33.852108001708984,0.9763325075998399
Bentheimer,398,33.48380661010742,35.35691833496094,0.9774605697681169
Bentheimer,399,33.14960479736328,34.536865234375,0.9748741546239261
Bentheimer,400,0.12025085091590881,32.649574279785156,0.922824269395264
Bentheimer,401,7.839095592498779,32.25859451293945,0.9443998624281191
Bentheimer,402,1.0054254531860352,28.256458282470703,0.9493611124717577
Bentheimer,403,6.247495651245117,27.11725616455078,0.9459371382254246
Bentheimer,404,9.24323844909668,17.342788696289062,0.9685806827800651
Bentheimer,405,6.458386421203613,17.699182510375977,0.963470536936824
Bentheimer,406,9.47850227355957,17.804039001464844,0.9626978528524918
Bentheimer,407,14.70054817199707,19.591094970703125,0.9648346703089363
Bentheimer,408,36.03284454345703,41.91088104248047,0.9092957768772383
Bentheimer,409,41.71208190917969,45.185794830322266,0.887015521428885
Bentheimer,410,35.248992919921875,43.02381896972656,0.8877147462616942
Bentheimer,411,31.611412048339844,37.465354919433594,0.921521722938614
Bentheimer,412,47.322513580322266,69.90430450439453,0.8671355666385939
Bentheimer,413,50.2474250793457,68.38008117675781,0.8629533177063983
Bentheimer,414,51.676414489746094,63.77391052246094,0.9027250487696918
Bentheimer,415,50.0309944152832,68.02335357666016,0.8704314270311412
Bentheimer,416,15.197707176208496,37.81867599487305,0.916021223491393
Bentheimer,417,16.89492416381836,38.61431121826172,0.9213401562106748
Bentheimer,418,14.346516609191895,35.16111373901367,0.9321228386242875
Bentheimer,419,5.931548595428467,38.136173248291016,0.8906828965877334
Bentheimer,420,2.2548563480377197,42.85676956176758,0.8919106263193519
Bentheimer,421,4.7096734046936035,37.80561065673828,0.9088711076753233
Bentheimer,422,0.4300103485584259,43.61526107788086,0.8557969576189915
Bentheimer,423,3.580009698867798,44.417991638183594,0.8402216591666649
Berea Buff,0,60.129878997802734,66.22079467773438,0.8840337292213589
Berea Buff,1,61.39031982421875,66.46759796142578,0.8850487162685063
Berea Buff,2,67.21002197265625,71.612060546875,0.8944551868039787
Berea Buff,3,73.62662506103516,81.02848052978516,0.8698761221306963
Berea Buff,4,7.738978385925293,31.73256492614746,0.9098504332905076
Berea Buff,5,15.87212085723877,35.17596435546875,0.905016877477575
Berea Buff,6,9.141368865966797,33.634033203125,0.9058925718486105
Berea Buff,7,15.125298500061035,38.779666900634766,0.8752639883690831
Berea Buff,8,17.322900772094727,24.36758041381836,0.9737914331938753
Berea Buff,9,17.91521453857422,27.282806396484375,0.9637370526752754
Berea Buff,10,15.962950706481934,28.1315975189209,0.9572326422581111
Berea Buff,11,20.067615509033203,28.686166763305664,0.9650910556306104
Berea Buff,12,9.608624458312988,22.353530883789062,0.9479815007630817
Berea Buff,13,11.628382682800293,26.19630241394043,0.9031928736319368
Berea Buff,14,9.038666725158691,23.086950302124023,0.9293650219394527
Berea Buff,15,10.03941822052002,23.26532554626465,0.9444389165868
Berea Buff,16,17.803878784179688,29.73162269592285,0.9113990539411156
Berea Buff,17,19.346208572387695,31.15296173095703,0.9166511789001612
Berea Buff,18,14.259517669677734,29.892099380493164,0.9094563768518975
Berea Buff,19,14.337573051452637,28.978300094604492,0.9251852634116452
Berea Buff,20,20.58988380432129,55.503780364990234,0.8240184485970982
Berea Buff,21,13.297662734985352,52.01203155517578,0.8157815698799841
Berea Buff,22,23.854042053222656,60.555335998535156,0.8099063389916052
Berea Buff,23,16.905187606811523,54.65094757080078,0.8126083034843334
Berea Buff,24,3.9104857444763184,31.694564819335938,0.9124221390506919
Berea Buff,25,0.4492655098438263,34.592491149902344,0.904914576602892
Berea Buff,26,3.2769877910614014,31.163082122802734,0.9196041224199227
Berea Buff,27,4.769441604614258,28.947404861450195,0.9200944990602531
Berea Buff,28,15.394289016723633,60.5604133605957,0.7740977792335969
Berea Buff,29,8.927583694458008,55.03416442871094,0.8175253773802627
Berea Buff,30,10.54256534576416,63.23499298095703,0.7583443385400257
Berea Buff,31,12.056008338928223,64.91521453857422,0.7411678198792749
Berea Buff,32,96.85214233398438,175.12225341796875,0.437115653026538
Berea Buff,33,89.79623413085938,171.5549774169922,0.44217893178605194
Berea Buff,34,87.75553894042969,155.15286254882812,0.44984769203139097
Berea Buff,35,98.78189849853516,176.97918701171875,0.4025668864998992
Berea Buff,36,8.575601577758789,51.15542984008789,0.8099587085837358
Berea Buff,37,10.765052795410156,52.37282180786133,0.8010971453450455
Berea Buff,38,15.24052619934082,49.12303161621094,0.815400313766451
Berea Buff,39,12.750431060791016,50.296512603759766,0.827494255243285
Berea Buff,40,35.14714050292969,42.32949447631836,0.9500606114942902
Berea Buff,41,32.46674346923828,39.3618049621582,0.941516803721721
Berea Buff,42,33.51165008544922,40.82419967651367,0.9465252233125493
Berea Buff,43,37.05943298339844,43.26795196533203,0.9515681091368812
Berea Buff,44,28.149484634399414,39.33642578125,0.9313113046419731
Berea Buff,45,22.365577697753906,36.21700668334961,0.9222549130827682
Berea Buff,46,13.67693042755127,33.079315185546875,0.9124596269753863
Berea Buff,47,14.459756851196289,31.9252872467041,0.9344612013544377
Berea Buff,48,33.574729919433594,52.419151306152344,0.881731301370652
Berea Buff,49,23.221403121948242,44.90192794799805,0.8867196942194798
Berea Buff,50,32.34336853027344,55.03080368041992,0.865518028587277
Berea Buff,51,31.767465591430664,54.076171875,0.8699292898191544
Berea Buff,52,18.395421981811523,26.34856605529785,0.956908610714604
Berea Buff,53,17.881357192993164,24.636438369750977,0.9699703125249589
Berea Buff,54,14.746500015258789,24.873558044433594,0.9620950305702661
Berea Buff,55,16.29791259765625,26.777109146118164,0.9563739929653866
Berea Buff,56,6.319505214691162,61.68374252319336,0.7725648082538319
Berea Buff,57,14.596969604492188,61.5111198425293,0.7704859158186232
Berea Buff,58,17.200576782226562,66.8793716430664,0.7496449061233368
Berea Buff,59,29.399269104003906,82.48785400390625,0.7070412926715405
Berea Buff,60,0.5513084530830383,41.42403793334961,0.8373315352547828
Berea Buff,61,2.1528055667877197,47.68352508544922,0.7644526441933411
Berea Buff,62,0.22558553516864777,51.12919616699219,0.7620044941451126
Berea Buff,63,5.028220176696777,53.737369537353516,0.7915524869783862
Berea Buff,64,22.435205459594727,31.503761291503906,0.9524963438645306
Berea Buff,65,1.8930821418762207,32.28620147705078,0.8953030847755743
Berea Buff,66,12.540437698364258,25.033180236816406,0.9518321125961877
Berea Buff,67,17.63094711303711,26.433788299560547,0.9466250639294993
Berea Buff,68,9.856461524963379,17.834362030029297,0.9605917440173404
Berea Buff,69,11.550500869750977,17.766971588134766,0.9707940821794754
Berea Buff,70,12.597529411315918,17.969341278076172,0.9647680018065918
Berea Buff,71,17.150493621826172,21.061973571777344,0.9565036250555761
Berea Buff,72,42.310791015625,45.767704010009766,0.902415492312219
Berea Buff,73,41.502410888671875,43.98931121826172,0.9127154462307041
Berea Buff,74,41.56791687011719,43.88311004638672,0.9396755360998148
Berea Buff,75,38.450714111328125,41.58134841918945,0.919177327378268
Berea Buff,76,3.769094467163086,36.45789337158203,0.9078159161623672
Berea Buff,77,0.7330446839332581,35.21931457519531,0.909083146583778
Berea Buff,78,1.0855919122695923,33.36887741088867,0.9129492890369321
Berea Buff,79,6.852626800537109,36.032936096191406,0.910842021021981
Berea Buff,80,3.368757963180542,45.992347717285156,0.8466673901854957
Berea Buff,81,11.719654083251953,43.99569320678711,0.8762466387187985
Berea Buff,82,2.4896373748779297,37.757293701171875,0.8761464067333474
Berea Buff,83,4.044103622436523,42.611732482910156,0.8517552518679709
Berea Buff,84,38.17157745361328,63.425384521484375,0.8487381713460728
Berea Buff,85,42.31195831298828,62.60145568847656,0.8572467270949385
Berea Buff,86,53.142486572265625,74.51078033447266,0.8845095399691348
Berea Buff,87,48.910438537597656,71.63509368896484,0.8680251635800519
Berea Buff,88,18.015708923339844,28.128334045410156,0.9220907869880639
Berea Buff,89,22.65313720703125,31.16852569580078,0.9133622328587713
Berea Buff,90,20.552005767822266,28.534940719604492,0.9186971549262327
Berea Buff,91,11.486475944519043,26.235986709594727,0.9308844514450356
Berea Buff,92,32.01560974121094,59.1133918762207,0.8057599612507526
Berea Buff,93,43.28690719604492,73.55721282958984,0.7972210838145736
Berea Buff,94,37.105316162109375,68.77027893066406,0.7919223279668048
Berea Buff,95,34.5527458190918,73.96052551269531,0.73462231606132
Berea Buff,96,7.794994354248047,22.666976928710938,0.9519542782797811
Berea Buff,97,12.093936920166016,22.822988510131836,0.9593375313157408
Berea Buff,98,11.339098930358887,21.872953414916992,0.958180350216768
Berea Buff,99,7.452919006347656,21.993255615234375,0.9518205435732041
Berea Buff,100,45.493839263916016,48.461666107177734,0.9316692439070583
Berea Buff,101,42.21107482910156,45.19598388671875,0.9326389146772098
Berea Buff,102,42.52002716064453,44.57261276245117,0.9271121394994011
Berea Buff,103,45.767147064208984,47.398033142089844,0.9297694373659056
Berea Buff,104,0.6317672729492188,39.02299118041992,0.8621354865237422
Berea Buff,105,1.1606611013412476,39.04753112792969,0.857845380717857
Berea Buff,106,1.7357507944107056,37.50556945800781,0.878017085401956
Berea Buff,107,7.620344161987305,32.02294921875,0.9047791336409096
Berea Buff,108,9.370537757873535,44.47724914550781,0.8153169261668733
Berea Buff,109,6.239608287811279,47.47966766357422,0.8142574704619182
Berea Buff,110,12.208529472351074,41.95218276977539,0.8667085249465728
Berea Buff,111,9.634724617004395,44.390708923339844,0.8454756407572108
Berea Buff,112,47.72739791870117,52.06693649291992,0.9300919481635413
Berea Buff,113,46.47966003417969,50.996795654296875,0.9433513790216524
Berea Buff,114,46.3934326171875,50.612823486328125,0.9395387926406004
Berea Buff,115,47.86077117919922,52.121612548828125,0.9371398337813748
Berea Buff,116,8.241311073303223,49.49740219116211,0.7489851333858298
Berea Buff,117,11.337462425231934,46.20089340209961,0.7880071749409678
Berea Buff,118,20.1491641998291,46.084930419921875,0.7918942413122617
Berea Buff,119,18.03388023376465,44.08230209350586,0.8083719427279155
Berea Buff,120,30.585918426513672,64.79150390625,0.5445374111989236
Berea Buff,121,40.31059265136719,65.01907348632812,0.5011478309706815
Berea Buff,122,19.33745574951172,57.714271545410156,0.46224305927812315
Berea Buff,123,28.565563201904297,74.04979705810547,0.4483808997740985
Berea Buff,124,20.114213943481445,26.10017204284668,0.9668100319761234
Berea Buff,125,20.54615020751953,25.45033836364746,0.9699586184961267
Berea Buff,126,17.264612197875977,23.013540267944336,0.9684789628796456
Berea Buff,127,18.3118839263916,21.890710830688477,0.9747758925024593
Berea Buff,128,110.09339904785156,152.0470428466797,0.6180405592747594
Berea Buff,129,78.2424545288086,119.61024475097656,0.5405978194106573
Berea Buff,130,99.0780029296875,143.1781463623047,0.5458454682185093
Berea Buff,131,117.21016693115234,151.96075439453125,0.6188154392953537
Berea Buff,132,25.493173599243164,33.490360260009766,0.9242385277878157
Berea Buff,133,32.10255813598633,35.491790771484375,0.9299725568535296
Berea Buff,134,45.88979721069336,48.93095779418945,0.9308851959467732
Berea Buff,135,22.55348014831543,32.11171340942383,0.9096463565739553
Berea Buff,136,26.5710506439209,31.662019729614258,0.9745053888918801
Berea Buff,137,30.08352279663086,35.16994857788086,0.9773180794620839
Berea Buff,138,25.120412826538086,33.14793014526367,0.9622862966409138
Berea Buff,139,30.828737258911133,36.01237487792969,0.9736521700736802
Berea Buff,140,16.58881187438965,35.134883880615234,0.9183556049092796
Berea Buff,141,11.91987419128418,31.55333137512207,0.9052854835945773
Berea Buff,142,16.55341911315918,43.82611846923828,0.8628621940453408
Berea Buff,143,19.22920799255371,35.42526626586914,0.9081491446582748
Berea Buff,144,12.954813957214355,29.224788665771484,0.8996536702079967
Berea Buff,145,6.933623790740967,30.585670471191406,0.8762264898452177
Berea Buff,146,8.127440452575684,30.707847595214844,0.879611659594731
Berea Buff,147,18.193029403686523,37.773643493652344,0.8677092523182409
Berea Buff,148,34.994300842285156,53.80921173095703,0.820557118057443
Berea Buff,149,33.7423095703125,52.04987716674805,0.8382115930858962
Berea Buff,150,40.466670989990234,53.94990539550781,0.8503973063702804
Berea Buff,151,41.12370681762695,55.8055305480957,0.8285065849441968
Berea Buff,152,34.056182861328125,43.93662643432617,0.907141996905961
Berea Buff,153,31.923315048217773,41.80894088745117,0.9165798294124158
Berea Buff,154,32.7762565612793,40.16084671020508,0.9264571757055934
Berea Buff,155,30.880754470825195,42.04365158081055,0.9185144589264033
Berea Buff,156,4.3054375648498535,25.367198944091797,0.938980998329642
Berea Buff,157,0.5859103798866272,22.17363166809082,0.9518495376757371
Berea Buff,158,0.7682634592056274,27.458255767822266,0.923558353222702
Berea Buff,159,6.022294521331787,23.395355224609375,0.9454034790296706
Berea Buff,160,35.738014221191406,43.52806091308594,0.8904898816200081
Berea Buff,161,33.50588607788086,47.13121795654297,0.8805074390655612
Berea Buff,162,28.272066116333008,48.55763626098633,0.854997819683872
Berea Buff,163,19.618595123291016,40.087120056152344,0.8811058387663735
Berea Buff,164,0.13396456837654114,30.086605072021484,0.9138073523202267
Berea Buff,165,0.6649293303489685,31.024953842163086,0.9089386671994506
Berea Buff,166,2.8532402515411377,26.890174865722656,0.9245282915455589
Berea Buff,167,3.418774127960205,30.77849769592285,0.9015858699405463
Berea Buff,168,70.37236785888672,85.53738403320312,0.7430073860907347
Berea Buff,169,64.26094818115234,82.75862884521484,0.7373640610488196
Berea Buff,170,61.13187789916992,83.57424926757812,0.7161577108218673
Berea Buff,171,44.7906494140625,68.02554321289062,0.7407128616873048
Berea Buff,172,17.435680389404297,21.01749610900879,0.9742220093871601
Berea Buff,173,21.011878967285156,22.854507446289062,0.9810081228640694
Berea Buff,174,24.83871841430664,28.08287811279297,0.9668722642113242
Berea Buff,175,21.952972412109375,25.582408905029297,0.9601496937262601
Berea Buff,176,43.11701202392578,69.76818084716797,0.8591305368784186
Berea Buff,177,54.11445999145508,85.29290008544922,0.8263824702895373
Berea Buff,178,43.98001480102539,72.79141998291016,0.8389761297977502
Berea Buff,179,39.675785064697266,71.76119232177734,0.8157788693655114
Berea Buff,180,28.041263580322266,29.116382598876953,0.9620793921655855
Berea Buff,181,30.843795776367188,31.937896728515625,0.9644655864389899
Berea Buff,182,34.252105712890625,34.58326721191406,0.9551419341647992
Berea Buff,183,35.08818054199219,36.17441177368164,0.9547273932412386
Berea Buff,184,19.102989196777344,32.86349868774414,0.9042315137114416
Berea Buff,185,14.729511260986328,41.2523193359375,0.8115172747612871
Berea Buff,186,14.368629455566406,32.19917678833008,0.8666143770832151
Berea Buff,187,5.336411476135254,33.49904251098633,0.8546619236448005
Berea Buff,188,18.311607360839844,26.9538631439209,0.929572441966181
Berea Buff,189,21.49643898010254,28.898120880126953,0.9107140689619344
Berea Buff,190,19.25482749938965,27.349842071533203,0.9293725613238879
Berea Buff,191,24.211196899414062,29.789464950561523,0.9353511444393875
Berea Buff,192,18.661924362182617,34.904022216796875,0.9153296625093953
Berea Buff,193,22.225669860839844,37.453182220458984,0.9115542358213591
Berea Buff,194,21.916343688964844,34.48810577392578,0.9252580579789252
Berea Buff,195,19.23423194885254,33.35633850097656,0.9162253300304523
Berea Buff,196,3.8954341411590576,27.463428497314453,0.9107024248095997
Berea Buff,197,13.382120132446289,33.268409729003906,0.8961804793376282
Berea Buff,198,5.853120803833008,27.543352127075195,0.9367031571684296
Berea Buff,199,3.4730753898620605,26.102060317993164,0.9375127541444168
Berea Buff,200,0.30813291668891907,29.15323257446289,0.9375257403633387
Berea Buff,201,3.827051877975464,33.28775405883789,0.9243804462925649
Berea Buff,202,4.5209760665893555,31.942066192626953,0.9158937821470541
Berea Buff,203,2.826326847076416,32.76812744140625,0.9127119607603411
Berea Buff,204,7.75831413269043,19.670225143432617,0.956881500060423
Berea Buff,205,17.934144973754883,25.007001876831055,0.9637346401531076
Berea Buff,206,12.83415699005127,32.044097900390625,0.9114256689726918
Berea Buff,207,12.316675186157227,24.282798767089844,0.9552790209316265
Leopard,0,8.212210655212402,27.508764266967773,0.882679458858031
Leopard,1,20.832563400268555,21.094219207763672,0.8919885001122467
Leopard,2,16.489912033081055,27.297523498535156,0.8479988997315887
Leopard,3,2.562521457672119,35.94601821899414,0.8093088101259038
Leopard,4,5.655193328857422,30.03410530090332,0.9314173000632654
Leopard,5,8.730178833007812,30.275218963623047,0.933741000965826
Leopard,6,5.627416610717773,31.37701416015625,0.9151502992337175
Leopard,7,5.6555495262146,34.043758392333984,0.9122228580252638
Leopard,8,430.681640625,492.0824279785156,0.2918176151606325
Leopard,9,460.26312255859375,527.9617309570312,0.28377118843091476
Leopard,10,454.4091491699219,527.7894897460938,0.2927910004534944
Leopard,11,351.1756896972656,432.7577209472656,0.3167226447272894
Leopard,12,97.42195892333984,153.18162536621094,0.5804588439172615
Leopard,13,76.55863189697266,128.94000244140625,0.6028046404939833
Leopard,14,94.1141586303711,149.3524932861328,0.5946501697183171
Leopard,15,129.3278045654297,185.99127197265625,0.5665718284820728
Leopard,16,59.49694061279297,58.91099548339844,0.845122185365478
Leopard,17,66.44171905517578,58.287139892578125,0.8381303611714584
Leopard,18,66.99600219726562,66.6712646484375,0.859199480754586
Leopard,19,59.401241302490234,65.4178237915039,0.847787385401763
Leopard,20,13.696345329284668,75.0253677368164,0.7826006950015151
Leopard,21,15.886431694030762,69.1607437133789,0.8311465180594975
Leopard,22,19.315107345581055,77.17032623291016,0.7786185882824325
Leopard,23,19.31475067138672,82.33113098144531,0.7572178577258265
Leopard,24,16.93765640258789,36.355525970458984,0.8704980608811169
Leopard,25,17.60287094116211,35.1884765625,0.8914676789604473
Leopard,26,16.98924446105957,30.464468002319336,0.9161506116762312
Leopard,27,16.993568420410156,34.79117202758789,0.8982210037817226
Leopard,28,13.940683364868164,25.96034049987793,0.9742081947392816
Leopard,29,22.819499969482422,32.26905059814453,0.975703594777491
Leopard,30,21.092361450195312,29.773778915405273,0.9760320083608907
Leopard,31,17.11760139465332,26.442398071289062,0.9758674076536166
Leopard,32,39.314369201660156,44.21767807006836,0.906161286155763
Leopard,33,31.945486068725586,40.549835205078125,0.8953430567064226
Leopard,34,34.59963607788086,40.181640625,0.9058177959997776
Leopard,35,34.14299774169922,44.98078536987305,0.8643533433158725
Leopard,36,28.08989906311035,33.63874435424805,0.9713034638956378
Leopard,37,21.197734832763672,30.46600341796875,0.966270399715812
Leopard,38,24.088624954223633,30.405576705932617,0.9733209447191798
Leopard,39,25.531490325927734,32.141632080078125,0.9703983205085421
Leopard,40,15.622272491455078,63.98377990722656,0.7807878317667667
Leopard,41,13.367471694946289,59.815181732177734,0.8185288523601378
Leopard,42,20.45176124572754,59.60921859741211,0.7874379276166065
Leopard,43,13.922104835510254,61.16755294799805,0.7569925262260785
Leopard,44,50.373199462890625,104.6863021850586,0.5836016896068825
Leopard,45,36.3641357421875,90.81954193115234,0.6058677216433379
Leopard,46,38.97879409790039,96.01891326904297,0.5747131696233351
Leopard,47,42.76829147338867,102.55615997314453,0.5915697784022451
Leopard,48,936.0474853515625,882.1174926757812,0.1074616608904089
Leopard,49,858.5315551757812,727.8568725585938,0.07689472684252623
Leopard,50,920.3959350585938,754.6417236328125,0.06535654598913415
Leopard,51,821.6435546875,731.3082885742188,0.07122150700493136
Leopard,52,20.603809356689453,25.857891082763672,0.9652598957504499
Leopard,53,23.93535804748535,26.774187088012695,0.9657957746100487
Leopard,54,28.116050720214844,29.914682388305664,0.973020870405876
Leopard,55,27.03564453125,29.246572494506836,0.9672497003584372
Leopard,56,20.211681365966797,23.244686126708984,0.978951528665959
Leopard,57,22.542287826538086,25.155439376831055,0.9761935632059935
Leopard,58,19.86678695678711,22.587413787841797,0.9830353927583604
Leopard,59,17.91381072998047,19.9739990234375,0.9885182123052867
Leopard,60,300.3440246582031,242.4010772705078,0.3671577749175204
Leopard,61,315.30810546875,245.66558837890625,0.31740157143346204
Leopard,62,373.17327880859375,312.2583923339844,0.2806106061450868
Leopard,63,323.2394714355469,266.9801025390625,0.3699791161086934
Leopard,64,6.275521278381348,31.20028305053711,0.9587926930449294
Leopard,65,7.499589443206787,30.23402976989746,0.9590348614667324
Leopard,66,5.865210056304932,32.25218200683594,0.9580589643671086
Leopard,67,9.91859245300293,31.19480323791504,0.9523650742004419
Leopard,68,51.785499572753906,69.09660339355469,0.7510781094593922
Leopard,69,32.623260498046875,61.8636474609375,0.7582740562595809
Leopard,70,32.875797271728516,60.13560485839844,0.7213239714064257
Leopard,71,28.031105041503906,54.827518463134766,0.7810988374152849
Leopard,72,16.266569137573242,32.018924713134766,0.9360214608698202
Leopard,73,7.884748458862305,28.832279205322266,0.9331133455573264
Leopard,74,17.084867477416992,31.25889015197754,0.9392962677738163
Leopard,75,15.925108909606934,32.26511764526367,0.9455102730879367
Leopard,76,106.62039947509766,148.40997314453125,0.6845100343195726
Leopard,77,96.70079040527344,149.4706268310547,0.6336770243285748
Leopard,78,84.06608581542969,125.76948547363281,0.6870975441131488
Leopard,79,106.43675994873047,149.6168975830078,0.6662736013969214
Leopard,80,57.573036193847656,57.34001541137695,0.9182446224683123
Leopard,81,55.62192916870117,55.18314743041992,0.9278660088510381
Leopard,82,57.41135787963867,57.292205810546875,0.9087197888821857
Leopard,83,56.349334716796875,55.98100280761719,0.8884225551332261
Leopard,84,25.95195770263672,39.38835906982422,0.8330958004679987
Leopard,85,17.503549575805664,40.08399963378906,0.849075788695171
Leopard,86,12.714767456054688,40.685699462890625,0.8472370022405794
Leopard,87,18.946435928344727,37.94036102294922,0.845369908574328
Leopard,88,1.7880665063858032,69.58769989013672,0.8069469457441018
Leopard,89,9.144872665405273,65.85749816894531,0.8176915296744842
Leopard,90,11.58310317993164,64.14350128173828,0.8022281302042974
Leopard,91,20.20882797241211,61.09286117553711,0.8103355748305461
Leopard,92,18.314420700073242,75.09290313720703,0.6732859922195124
Leopard,93,14.160821914672852,72.02617645263672,0.6679868407962758
Leopard,94,14.50832748413086,61.31096649169922,0.728971160793227
Leopard,95,17.189729690551758,64.461669921875,0.7227678065911001
Leopard,96,16.49197769165039,65.42493438720703,0.753929229580449
Leopard,97,15.889906883239746,75.45945739746094,0.7013752377246176
Leopard,98,0.9775221347808838,62.12482452392578,0.745975611054842
Leopard,99,14.465235710144043,71.27352142333984,0.6965716915423741
Leopard,100,19.956789016723633,30.784008026123047,0.9508147199485864
Leopard,101,21.173742294311523,28.174253463745117,0.9617006042364397
Leopard,102,30.505496978759766,35.702430725097656,0.9479562455921747
Leopard,103,30.99998664855957,35.356590270996094,0.9491704404544383
Leopard,104,104.89663696289062,164.4605712890625,0.627251957224981
Leopard,105,95.09001159667969,142.3985595703125,0.6953586637823777
Leopard,106,79.2258071899414,127.4866943359375,0.7061294888512678
Leopard,107,72.12631225585938,122.83232879638672,0.6691278355352854
Leopard,108,77.3376693725586,109.23416900634766,0.7918665213807685
Leopard,109,61.454002380371094,84.62356567382812,0.8586476012209542
Leopard,110,60.94221878051758,96.54061889648438,0.846981250329863
Leopard,111,53.07040023803711,85.63404846191406,0.8496933566991671
Leopard,112,46.302955627441406,94.87666320800781,0.6145082319216161
Leopard,113,47.91175842285156,101.07061004638672,0.5374992747884397
Leopard,114,53.351173400878906,108.75113677978516,0.5995164310545579
Leopard,115,60.179840087890625,127.27931213378906,0.5495583779809102
Leopard,116,8.537508010864258,35.43314743041992,0.9156421459586176
Leopard,117,1.6379894018173218,26.571578979492188,0.9293115052237202
Leopard,118,3.8458094596862793,32.44896697998047,0.9214488773745647
Leopard,119,2.1697707176208496,32.19361114501953,0.9251435620035398
Leopard,120,7.787259101867676,24.619279861450195,0.9559517749744877
Leopard,121,6.209029197692871,25.303775787353516,0.9500748496581513
Leopard,122,15.123758316040039,29.656335830688477,0.9354745764281179
Leopard,123,17.428604125976562,28.990488052368164,0.9540348304145086
Leopard,124,82.83963012695312,117.4590835571289,0.6527038394378051
Leopard,125,111.98387908935547,137.66639709472656,0.64820156251605
Leopard,126,112.42579650878906,147.04559326171875,0.5979755440757006
Leopard,127,73.4339370727539,98.60800170898438,0.6860369814272333
Leopard,128,34.713233947753906,45.97651672363281,0.7710643094914391
Leopard,129,38.530582427978516,51.45387268066406,0.7093077432940871
Leopard,130,36.907203674316406,50.99325942993164,0.7106182555626348
Leopard,131,38.101680755615234,51.8512077331543,0.7165831877998525
Leopard,132,13.323962211608887,29.913236618041992,0.9253274121018635
Leopard,133,20.101173400878906,33.81671905517578,0.9152773984529616
Leopard,134,8.558411598205566,28.53950309753418,0.9313306243512008
Leopard,135,11.149169921875,33.265933990478516,0.9124790441371982
Leopard,136,22.410823822021484,85.7725830078125,0.5627972451380058
Leopard,137,18.291444778442383,78.02412414550781,0.5638390003287479
Leopard,138,19.97905921936035,83.12699127197266,0.542403882177634
Leopard,139,25.000646591186523,88.4362564086914,0.5455665155993004
Leopard,140,26.991355895996094,44.087860107421875,0.8700661032048881
Leopard,141,29.08922004699707,48.67013931274414,0.8250500716057785
Leopard,142,25.754989624023438,50.202857971191406,0.8309179640053868
Leopard,143,28.95895767211914,45.63646697998047,0.8586841036574749
Leopard,144,13.602418899536133,32.2894401550293,0.9421562945568559
Leopard,145,19.943687438964844,32.3536376953125,0.9562897615049276
Leopard,146,13.86475658416748,27.208663940429688,0.9571868558422129
Leopard,147,23.194719314575195,39.854488372802734,0.9398138683634137
Leopard,148,18.765613555908203,40.75262451171875,0.9015616090244823
Leopard,149,19.255809783935547,36.82277297973633,0.9310258569223046
Leopard,150,6.401443958282471,34.21940612792969,0.9152325769875864
Leopard,151,13.222671508789062,42.25392150878906,0.8730555025357313
Leopard,152,21.84661102294922,33.1510009765625,0.9113581994073566
Leopard,153,19.429698944091797,34.62185287475586,0.8878890772153357
Leopard,154,23.335481643676758,33.673988342285156,0.9043764863397242
Leopard,155,25.30411720275879,34.62299728393555,0.921674963846623
Leopard,156,34.92841720581055,38.947105407714844,0.9249282463466838
Leopard,157,36.00237274169922,40.0386962890625,0.9068478458723386
Leopard,158,32.654747009277344,38.260074615478516,0.9075499445609151
Leopard,159,33.839500427246094,38.69524383544922,0.9253635684582016
Leopard,160,119.78507232666016,193.07981872558594,0.4759212867765579
Leopard,161,114.94745635986328,204.73037719726562,0.4539460126396184
Leopard,162,89.9464340209961,169.3682861328125,0.4589907176824134
Leopard,163,107.26753234863281,182.96421813964844,0.45092671152788505
Leopard,164,115.66557312011719,147.5042266845703,0.6750721235573026
Leopard,165,121.0079574584961,163.37240600585938,0.6410183162414658
Leopard,166,129.783935546875,163.40896606445312,0.6259482141471258
Leopard,167,100.46292877197266,130.13436889648438,0.6906428955475591
Leopard,168,26490.01953125,23578.64453125,0.09267100298150044
Leopard,169,27146.05859375,24302.01171875,0.09519572572079622
Leopard,170,29977.46875,27759.68359375,0.09980534631517954
Leopard,171,28435.294921875,26547.47265625,0.09819557876438216
Leopard,172,264.4841003417969,325.3869323730469,0.19666470493048163
Leopard,173,244.43438720703125,302.7264404296875,0.24754379066489582
Leopard,174,320.19775390625,334.360595703125,0.18237899745351163
Leopard,175,248.4552459716797,305.70831298828125,0.23816602949202595
Leopard,176,0.43673405051231384,45.32999038696289,0.8057918222502194
Leopard,177,14.582547187805176,48.08959197998047,0.7815631856199432
Leopard,178,14.867193222045898,45.47906494140625,0.8185741379652371
Leopard,179,9.453533172607422,40.427982330322266,0.8535499971758407
Leopard,180,42.49685287475586,49.46061706542969,0.8843143774763196
Leopard,181,66.68296813964844,74.87548065185547,0.877166152051384
Leopard,182,56.821495056152344,64.41205596923828,0.8807385817053792
Leopard,183,57.69163131713867,62.855770111083984,0.8828570739742011
Leopard,184,18.438417434692383,45.008235931396484,0.8037530736221943
Leopard,185,14.08862018585205,45.522705078125,0.8014624656569054
Leopard,186,20.73126220703125,49.367713928222656,0.7899857357678082
Leopard,187,17.88448715209961,46.26338195800781,0.800660071573496
Leopard,188,10.911404609680176,60.07746505737305,0.7644363706937677
Leopard,189,14.2183256149292,60.36915969848633,0.7787455970404458
Leopard,190,21.523927688598633,58.76325988769531,0.7945345158082129
Leopard,191,8.550069808959961,72.20763397216797,0.6425581612447633
Leopard,192,37.07026290893555,46.55210494995117,0.8975569578981005
Leopard,193,31.289962768554688,46.322479248046875,0.861950097459436
Leopard,194,33.45842361450195,46.24254608154297,0.881358009735815
Leopard,195,36.079017639160156,46.3341178894043,0.894663111867554
Leopard,196,108.93180084228516,101.44386291503906,0.9059262922189419
Leopard,197,96.93894958496094,91.95669555664062,0.9395814944335315
Leopard,198,108.78153228759766,96.14903259277344,0.9053642490351714
Leopard,199,108.10845947265625,93.11907958984375,0.8841198151651791
Leopard,200,5.384845733642578,19.021480560302734,0.9831614517136535
Leopard,201,2.596362590789795,20.53449058532715,0.9807931645893614
Leopard,202,3.266535520553589,21.60433578491211,0.9741158210459234
Leopard,203,3.5923080444335938,21.35918426513672,0.9771751287171763
Leopard,204,930.5601196289062,1345.7310791015625,0.20161033144045595
Leopard,205,904.6190185546875,1325.10888671875,0.18937928251986996
Leopard,206,1029.5985107421875,1484.4703369140625,0.1800924771543724
Leopard,207,848.76220703125,1276.2205810546875,0.1826841505074145
Leopard,208,7416.66015625,7889.7822265625,0.21702953542579406
Leopard,209,6522.7333984375,7044.708984375,0.24972770659698285
Leopard,210,5604.80224609375,6397.45654296875,0.24119504088174265
Leopard,211,6951.55126953125,7674.81005859375,0.226527635309281
Leopard,212,3.2855517864227295,32.98533248901367,0.9058766799906673
Leopard,213,0.5788330435752869,31.6074161529541,0.9068999084363236
Leopard,214,1.121573805809021,30.37640380859375,0.9123440429936422
Leopard,215,4.8584980964660645,25.901140213012695,0.9265917608648161
Leopard,216,28.34229850769043,36.522422790527344,0.881214710500735
Leopard,217,20.5127010345459,31.96021842956543,0.8528094213590471
Leopard,218,29.435070037841797,40.18891143798828,0.8779328937308235
Leopard,219,37.53412628173828,44.34851837158203,0.8777304606555307
Leopard,220,1702.748291015625,1836.66259765625,0.1161142725684929
Leopard,221,1988.4295654296875,1958.052734375,0.04911575564772643
Leopard,222,2040.9622802734375,1972.3271484375,0.06417086360004666
Leopard,223,2007.9581298828125,2087.4365234375,0.12084961312859145
Leopard,224,324.6131286621094,351.800537109375,0.5959150281644097
Leopard,225,302.3714294433594,335.2030944824219,0.5839980382264203
Leopard,226,259.46466064453125,293.4794006347656,0.5986644625891845
Leopard,227,260.9486083984375,289.13433837890625,0.5922253586847525
Leopard,228,1.0890370607376099,19.38785171508789,0.9747547369678703
Leopard,229,2.086984395980835,27.407169342041016,0.9528526552694937
Leopard,230,4.101011753082275,23.201770782470703,0.9663149213020612
Leopard,231,8.146130561828613,22.33846092224121,0.9729319073808304
Leopard,232,32.19503402709961,44.315338134765625,0.8886781782766396
Leopard,233,37.90530014038086,51.33528137207031,0.8443599528862422
Leopard,234,35.93532180786133,49.83068084716797,0.8409922220952912
Leopard,235,29.543609619140625,42.18684768676758,0.8739335250652818
Leopard,236,34.77565002441406,53.14406204223633,0.8105317723007794
Leopard,237,35.38840866088867,50.45427703857422,0.8719091912638663
Leopard,238,35.46531677246094,53.14278030395508,0.8598001968125092
Leopard,239,30.15625762939453,44.57838439941406,0.8822313284247906
Leopard,240,39.98822784423828,40.00260543823242,0.969603336449616
Leopard,241,45.01605987548828,44.533119201660156,0.9313809571043737
Leopard,242,47.71470260620117,47.12065887451172,0.9557647077306058
Leopard,243,51.4288444519043,51.2841796875,0.9289518670674951
Leopard,244,19.605396270751953,38.69883346557617,0.8846565686149969
Leopard,245,26.729496002197266,43.634437561035156,0.871805890224273
Leopard,246,23.727352142333984,40.738441467285156,0.8729438130573292
Leopard,247,28.405506134033203,40.514522552490234,0.8999453149910273
Leopard,248,29.404470443725586,54.61301040649414,0.5548362858600118
Leopard,249,20.768709182739258,45.046165466308594,0.6821398807991812
Leopard,250,21.916147232055664,48.82137680053711,0.5872453798968635
Leopard,251,21.64659881591797,52.54709243774414,0.6047040283128272
Leopard,252,36.68635940551758,39.559181213378906,0.9537461062381105
Leopard,253,30.176490783691406,33.66156005859375,0.9605190267112662
Leopard,254,29.70169448852539,32.632877349853516,0.9664739429719942
Leopard,255,32.86335754394531,35.2845573425293,0.9567746281492284
Leopard,256,16.06859016418457,48.38433074951172,0.918872272487144
Leopard,257,27.727081298828125,45.46500015258789,0.9500117536155502
Leopard,258,18.188634872436523,40.57797622680664,0.9509044464625186
Leopard,259,19.92891502380371,40.17184066772461,0.9493668653436064
Leopard,260,213.10992431640625,267.054931640625,0.4835462994209969
Leopard,261,214.48861694335938,280.8367919921875,0.45866925103633593
Leopard,262,183.69744873046875,239.8358154296875,0.4788461496550895
Leopard,263,172.84730529785156,225.25013732910156,0.4703342922804493
Leopard,264,19.766983032226562,24.202770233154297,0.9622704845055658
Leopard,265,19.91230010986328,25.25127601623535,0.9573889949489617
Leopard,266,19.475549697875977,25.56960678100586,0.964999706698184
Leopard,267,19.75232696533203,23.67408561706543,0.9696528995462124
Leopard,268,436.4679870605469,509.1001281738281,0.532373457595643
Leopard,269,466.06488037109375,550.2713623046875,0.531491341489552
Leopard,270,443.78131103515625,497.3111267089844,0.5380138923875492
Leopard,271,435.2071228027344,516.9563598632812,0.5404111220261044
Leopard,272,185.3513641357422,305.7644348144531,0.38939995627845625
Leopard,273,187.060791015625,301.6375732421875,0.3697775482491379
Leopard,274,213.0138397216797,349.2526550292969,0.3333842429194215
Leopard,275,206.2964630126953,336.8971862792969,0.39449090882897864
Castle Gate,0,24.60361671447754,60.94340133666992,0.8038213751525833
Castle Gate,1,25.339651107788086,58.52111053466797,0.83343663239648
Castle Gate,2,28.647886276245117,61.73586654663086,0.8135643369636396
Castle Gate,3,23.133487701416016,60.258365631103516,0.811089468371824
Castle Gate,4,11.294416427612305,46.606231689453125,0.8512548618155049
Castle Gate,5,12.392680168151855,42.631385803222656,0.8687768768498669
Castle Gate,6,9.652873992919922,36.677589416503906,0.8750834626084915
Castle Gate,7,17.143781661987305,41.191932678222656,0.8759992575595225
Castle Gate,8,17.97123908996582,41.6310920715332,0.8691716609585649
Castle Gate,9,24.750852584838867,49.14291763305664,0.8602748519728919
Castle Gate,10,25.22311019897461,47.10035705566406,0.8861161797166206
Castle Gate,11,21.373626708984375,39.939998626708984,0.9091780226941732
Castle Gate,12,33.40876007080078,77.07804107666016,0.6247556289530201
Castle Gate,13,43.2822265625,83.97700500488281,0.6447376458559279
Castle Gate,14,35.3403205871582,83.84904479980469,0.6167756370352945
Castle Gate,15,30.613691329956055,80.15939331054688,0.6064083560584643
Castle Gate,16,3.5097365379333496,41.78644561767578,0.7756390616234018
Castle Gate,17,10.312800407409668,39.96225357055664,0.7841251276645381
Castle Gate,18,12.375761032104492,43.733394622802734,0.7278749739095217
Castle Gate,19,15.565167427062988,40.53672790527344,0.7543438509770324
Castle Gate,20,251.48805236816406,303.2518005371094,0.5443000974514886
Castle Gate,21,195.5803680419922,226.9604949951172,0.6096388815781021
Castle Gate,22,194.69227600097656,224.56723022460938,0.5747763729365903
Castle Gate,23,218.8723602294922,251.15438842773438,0.5421698261523137
Castle Gate,24,18.608152389526367,28.707319259643555,0.9461829378124944
Castle Gate,25,23.68276596069336,32.642250061035156,0.9473538402415648
Castle Gate,26,17.089229583740234,26.167537689208984,0.9535467406494081
Castle Gate,27,16.908021926879883,30.420719146728516,0.9490174285465746
Castle Gate,28,12.031600952148438,27.371177673339844,0.9171807817602597
Castle Gate,29,11.897344589233398,29.18305015563965,0.919023341159703
Castle Gate,30,13.764504432678223,27.339839935302734,0.9269124089682389
Castle Gate,31,9.928934097290039,30.079572677612305,0.9073348109814231
Castle Gate,32,16.814289093017578,43.45258712768555,0.7878381726866961
Castle Gate,33,19.842243194580078,48.68252944946289,0.7367673934649833
Castle Gate,34,17.513731002807617,50.30186080932617,0.7287783753221132
Castle Gate,35,19.922101974487305,47.229984283447266,0.7572177196467531
Castle Gate,36,92.46387481689453,118.41460418701172,0.7067441826492128
Castle Gate,37,78.4955062866211,109.18804931640625,0.7207529482208513
Castle Gate,38,78.0363540649414,113.60775756835938,0.6726016429644167
Castle Gate,39,80.51056671142578,108.10905456542969,0.7260663043978652
Castle Gate,40,40.66427993774414,43.5224494934082,0.9273180097572586
Castle Gate,41,44.273887634277344,47.74551773071289,0.89648345045942
Castle Gate,42,44.620460510253906,48.08605194091797,0.9124917656692842
Castle Gate,43,44.20454788208008,47.84957504272461,0.9260085965460604
Castle Gate,44,58.317657470703125,60.68308639526367,0.919646185264515
Castle Gate,45,57.57296371459961,59.67332077026367,0.9414941092858613
Castle Gate,46,57.865318298339844,59.76161193847656,0.9382831799354471
Castle Gate,47,56.81557846069336,57.86859130859375,0.9132588897547508
Castle Gate,48,57.28894805908203,76.7891616821289,0.7809330129329631
Castle Gate,49,62.19013214111328,90.96156311035156,0.7389106462228943
Castle Gate,50,65.05647277832031,87.22856903076172,0.7798165159514683
Castle Gate,51,61.320289611816406,78.45502471923828,0.796212581218426
Castle Gate,52,11.500794410705566,48.57670974731445,0.7893040156886559
Castle Gate,53,21.5340518951416,54.9202766418457,0.7899830835165754
Castle Gate,54,20.67508888244629,56.279022216796875,0.7672989301311778
Castle Gate,55,8.272625923156738,55.226402282714844,0.7437256679327946
Castle Gate,56,19.3432559967041,61.89981460571289,0.6832053068266833
Castle Gate,57,17.294137954711914,59.94407653808594,0.6865812216984837
Castle Gate,58,21.77829933166504,62.258724212646484,0.6314051182147846
Castle Gate,59,25.3022403717041,69.16941833496094,0.5925256177898858
Castle Gate,60,8.529544830322266,36.679603576660156,0.8517465825561404
Castle Gate,61,7.767822742462158,42.21528625488281,0.8293464382402128
Castle Gate,62,15.463163375854492,39.7820930480957,0.8534107208640525
Castle Gate,63,9.247688293457031,41.12318801879883,0.8256196987974517
Castle Gate,64,21.037580490112305,36.75593566894531,0.8803206607218937
Castle Gate,65,21.30782699584961,33.870052337646484,0.9228376299150375
Castle Gate,66,29.75739288330078,40.58294677734375,0.8880667598955392
Castle Gate,67,24.599342346191406,35.15773391723633,0.9132999544723748
Castle Gate,68,319.29803466796875,417.7867736816406,0.3103105874872005
Castle Gate,69,337.6065368652344,416.460693359375,0.3499097387962994
Castle Gate,70,327.6529846191406,415.3683776855469,0.3495050803297904
Castle Gate,71,301.3184814453125,391.2151184082031,0.33410996530096704
Castle Gate,72,6.073188781738281,35.92250061035156,0.8575255342029742
Castle Gate,73,7.773504734039307,35.476810455322266,0.8707795065031633
Castle Gate,74,10.616888046264648,38.944488525390625,0.8471172820965357
Castle Gate,75,8.435444831848145,37.01058578491211,0.8673030602839719
Castle Gate,76,16.9021053314209,56.074790954589844,0.672021586187915
Castle Gate,77,19.485502243041992,58.085784912109375,0.6607395259203921
Castle Gate,78,16.649980545043945,61.65793991088867,0.6394538622273073
Castle Gate,79,15.252809524536133,58.18770980834961,0.6804474549170737
Castle Gate,80,278.6942443847656,292.7804260253906,0.5161733496055266
Castle Gate,81,267.31756591796875,261.17388916015625,0.5080512993490819
Castle Gate,82,279.1284484863281,299.3796081542969,0.5825976912496716
Castle Gate,83,291.9488525390625,321.6844787597656,0.5380109126530747
Castle Gate,84,24.138559341430664,25.73579216003418,0.9562545549385069
Castle Gate,85,23.72579574584961,26.015663146972656,0.9627226228591993
Castle Gate,86,21.818788528442383,25.416669845581055,0.96007544304533
Castle Gate,87,25.999195098876953,29.371845245361328,0.9604992204427502
Castle Gate,88,27.326879501342773,32.25227737426758,0.9408588593541147
Castle Gate,89,32.193817138671875,37.394256591796875,0.9574519792776376
Castle Gate,90,27.180662155151367,33.985443115234375,0.9397046947903369
Castle Gate,91,28.062448501586914,33.98837661743164,0.943760123719529
Castle Gate,92,90.77179718017578,150.73800659179688,0.6021358853438643
Castle Gate,93,78.63098907470703,135.90354919433594,0.5991824949990373
Castle Gate,94,78.27091979980469,127.84676361083984,0.6598295651812571
Castle Gate,95,80.87616729736328,134.23475646972656,0.6289912764475554
Castle Gate,96,22.86968994140625,47.44029998779297,0.9184143872993739
Castle Gate,97,20.14092254638672,43.62189865112305,0.9259908808382383
Castle Gate,98,20.09457778930664,41.22642135620117,0.9311464203120873
Castle Gate,99,25.594709396362305,48.29601287841797,0.9252251363816102
Castle Gate,100,15.567022323608398,38.665802001953125,0.9194152339459205
Castle Gate,101,14.24898910522461,38.47797775268555,0.9048397611786876
Castle Gate,102,9.835395812988281,39.21860122680664,0.9010149599591253
Castle Gate,103,14.978940963745117,38.97834777832031,0.908866836522439
Castle Gate,104,11.79775619506836,35.75035858154297,0.9177845482867211
Castle Gate,105,12.283233642578125,39.0198974609375,0.9050176271921934
Castle Gate,106,13.005794525146484,37.768524169921875,0.9094578956016192
Castle Gate,107,16.26963996887207,39.86858367919922,0.9249860543669814
Castle Gate,108,4.757077217102051,50.5081672668457,0.8293895776720825
Castle Gate,109,2.692568063735962,53.89912796020508,0.8019606489700954
Castle Gate,110,2.440019130706787,52.15162658691406,0.8384599430583197
Castle Gate,111,4.121303558349609,49.3665885925293,0.8379776247672444
Castle Gate,112,115.88359832763672,191.8461151123047,0.367661329130616
Castle Gate,113,101.49759674072266,158.1931915283203,0.46144246872318573
Castle Gate,114,116.26366424560547,195.1457977294922,0.34475500317207086
Castle Gate,115,102.47673034667969,189.0208740234375,0.3058942365149059
Castle Gate,116,27.725507736206055,43.75121307373047,0.8460163219279221
Castle Gate,117,22.852975845336914,42.05910873413086,0.8456343467082101
Castle Gate,118,27.00742530822754,45.620487213134766,0.8361334531756291
Castle Gate,119,26.545551300048828,45.363739013671875,0.8401966000205527
Castle Gate,120,12.221755981445312,54.96358108520508,0.7524518999977202
Castle Gate,121,7.153560161590576,59.607303619384766,0.7120877211084301
Castle Gate,122,9.830255508422852,58.634544372558594,0.7047150688362077
Castle Gate,123,10.393068313598633,53.34356689453125,0.7640260535192283
Castle Gate,124,40.82025909423828,67.16388702392578,0.7956393339202019
Castle Gate,125,43.66172790527344,74.0201644897461,0.7998329948279018
Castle Gate,126,42.079490661621094,74.38731384277344,0.7663729630184617
Castle Gate,127,43.73804473876953,76.58392333984375,0.7540861731976921
Castle Gate,128,32.03584289550781,87.17169189453125,0.6355015725336386
Castle Gate,129,18.70980453491211,73.69630432128906,0.639741132814381
Castle Gate,130,16.73779296875,63.93375015258789,0.6544535041741893
Castle Gate,131,26.92399787902832,75.64759063720703,0.6331700622098371
Castle Gate,132,143.6964569091797,177.07676696777344,0.6082789002517995
Castle Gate,133,171.45242309570312,209.8081512451172,0.6062980882843987
Castle Gate,134,138.30459594726562,176.57664489746094,0.5984460604245601
Castle Gate,135,145.0791015625,177.43309020996094,0.605090323103239
Castle Gate,136,3.8016700744628906,27.9030818939209,0.9406815740772247
Castle Gate,137,4.278433799743652,23.440813064575195,0.9588964500520708
Castle Gate,138,13.809318542480469,24.20775604248047,0.9587197843313255
Castle Gate,139,14.609112739562988,28.706079483032227,0.9400911566802399
Castle Gate,140,32.59805679321289,47.952274322509766,0.9451171088717125
Castle Gate,141,46.3448486328125,69.9172592163086,0.9208183895535161
Castle Gate,142,18.495132446289062,39.82307434082031,0.948613445530921
Castle Gate,143,15.323342323303223,35.20674133300781,0.948709256147506
Castle Gate,144,24.393871307373047,40.5777587890625,0.88491225285826
Castle Gate,145,22.083839416503906,38.997798919677734,0.8918192242334264
Castle Gate,146,20.7677059173584,37.26945495605469,0.9128456421533591
Castle Gate,147,24.63924789428711,39.83184814453125,0.8988836817151404
Castle Gate,148,161.89979553222656,182.44737243652344,0.6480695406930113
Castle Gate,149,154.079833984375,175.3616180419922,0.695250478895458
Castle Gate,150,184.38795471191406,203.87391662597656,0.6915541119235503
Castle Gate,151,150.4689178466797,163.19664001464844,0.6964968513630453
Castle Gate,152,7.593015670776367,35.04841232299805,0.8962982119961445
Castle Gate,153,12.702083587646484,40.37865447998047,0.8788979702439014
Castle Gate,154,4.8735575675964355,36.32896423339844,0.9020027002039168
Castle Gate,155,15.546910285949707,41.06483459472656,0.8942365513213851
Castle Gate,156,14.16220760345459,44.254913330078125,0.8523484849978952
Castle Gate,157,18.26192855834961,52.68381118774414,0.8097294792058211
Castle Gate,158,20.62067413330078,51.22724533081055,0.8363693167570893
Castle Gate,159,19.623395919799805,49.14833068847656,0.8256779484951182
Castle Gate,160,43.542476654052734,44.557151794433594,0.9442037567604351
Castle Gate,161,42.36066436767578,43.12312698364258,0.9438484073740484
Castle Gate,162,43.2692756652832,43.802921295166016,0.9440663787446814
Castle Gate,163,41.433902740478516,42.87230682373047,0.9344238496479446
Castle Gate,164,33.082862854003906,35.12584686279297,0.9559212277627671
Castle Gate,165,33.39720153808594,35.23922348022461,0.9565854991852497
Castle Gate,166,37.218284606933594,37.87199783325195,0.9638217191896487
Castle Gate,167,26.024431228637695,29.214876174926758,0.9743876880217757
Castle Gate,168,73.42952728271484,117.81796264648438,0.6117941451876353
Castle Gate,169,69.95111083984375,111.7838134765625,0.6163612141733509
Castle Gate,170,91.4743881225586,139.2097625732422,0.6117429314259745
Castle Gate,171,86.11688232421875,130.7701416015625,0.6039311075216127
Castle Gate,172,34.83159255981445,36.90917205810547,0.9570915824457767
Castle Gate,173,34.66225814819336,37.0931282043457,0.9556358040057148
Castle Gate,174,34.00632858276367,36.5479736328125,0.9550459197803424
Castle Gate,175,35.10646438598633,36.77493667602539,0.9582693230738165
Castle Gate,176,36.962825775146484,42.97388458251953,0.9162859931779525
Castle Gate,177,32.84352493286133,39.55056381225586,0.9051570480857619
Castle Gate,178,34.27505874633789,39.086978912353516,0.9261296747038456
Castle Gate,179,37.50550079345703,43.112972259521484,0.9247943009893773
Castle Gate,180,23.3731746673584,34.741336822509766,0.8952400336430456
Castle Gate,181,22.880014419555664,31.751102447509766,0.917846420952742
Castle Gate,182,21.523378372192383,33.559425354003906,0.9050700402164717
Castle Gate,183,24.064680099487305,37.095741271972656,0.8807896163296497
Castle Gate,184,14.447216033935547,30.94916343688965,0.910240704826993
Castle Gate,185,14.175573348999023,31.52698516845703,0.9004261325026528
Castle Gate,186,5.177407264709473,27.709644317626953,0.9174988767128893
Castle Gate,187,10.375548362731934,29.859222412109375,0.9002552764567088
Castle Gate,188,1.8451961278915405,24.181140899658203,0.94276494567296
Castle Gate,189,4.240603923797607,23.344499588012695,0.9459723871519873
Castle Gate,190,1.5156466960906982,26.591278076171875,0.9282979027687794
Castle Gate,191,4.964474678039551,23.041839599609375,0.9491186061735796
Castle Gate,192,11.972071647644043,32.11408996582031,0.9389020843111741
Castle Gate,193,15.974153518676758,32.93756103515625,0.9483845269549326
Castle Gate,194,6.761997699737549,29.25444984436035,0.9360979481608517
Castle Gate,195,6.186848163604736,30.265226364135742,0.9450660235937086
Castle Gate,196,21.860700607299805,29.087398529052734,0.9126969456600902
Castle Gate,197,19.497982025146484,27.751232147216797,0.9215509858342513
Castle Gate,198,21.19402313232422,27.612234115600586,0.9281360552834985
Castle Gate,199,22.57890510559082,31.027341842651367,0.9011210844366859
Castle Gate,200,27.688953399658203,36.967803955078125,0.8076486445191945
Castle Gate,201,27.626384735107422,40.22504425048828,0.812479027158665
Castle Gate,202,30.90288734436035,41.036415100097656,0.8170437569983343
Castle Gate,203,36.29213333129883,42.963443756103516,0.8137545328658738
Castle Gate,204,10.813096046447754,44.515281677246094,0.8609282929287049
Castle Gate,205,9.76975154876709,44.101173400878906,0.8586678047463578
Castle Gate,206,14.095659255981445,40.98878479003906,0.8707918899905852
Castle Gate,207,13.159955024719238,42.56138229370117,0.8619310392822019
Castle Gate,208,91.35453796386719,90.81865692138672,0.9523559517181176
Castle Gate,209,106.56990814208984,104.3041763305664,0.9594435689197319
Castle Gate,210,97.51887512207031,93.3762435913086,0.9592040120155979
Castle Gate,211,87.2506103515625,87.7403335571289,0.9509143054802345
Castle Gate,212,1.9192932844161987,62.58536911010742,0.7411889390007966
Castle Gate,213,4.509620666503906,56.41946029663086,0.771608221452407
Castle Gate,214,4.685759544372559,56.813507080078125,0.7765915712115042
Castle Gate,215,5.329654693603516,57.482513427734375,0.7992521756818952
Castle Gate,216,6.117095947265625,23.59000587463379,0.9680172090181154
Castle Gate,217,1.6767678260803223,21.964492797851562,0.9675540002170656
Castle Gate,218,7.294370174407959,25.97758674621582,0.9622142772846476
Castle Gate,219,5.685803413391113,24.07184600830078,0.9650114800847339
Castle Gate,220,19.759441375732422,33.30554962158203,0.9175713987405897
Castle Gate,221,23.484350204467773,32.33078384399414,0.949746335254651
Castle Gate,222,18.78209686279297,28.265966415405273,0.9524394552569752
Castle Gate,223,18.678688049316406,34.493587493896484,0.9228530804365848
Castle Gate,224,7.355848789215088,32.13995361328125,0.904691924178022
Castle Gate,225,6.87808084487915,38.25101852416992,0.8593403056620418
Castle Gate,226,10.474030494689941,36.626861572265625,0.8692297440574966
Castle Gate,227,8.319402694702148,35.35477066040039,0.8694606375547917
Castle Gate,228,33.374000549316406,33.17606735229492,0.9712305832454136
Castle Gate,229,29.783231735229492,29.767831802368164,0.9728440550453988
Castle Gate,230,31.437572479248047,30.684545516967773,0.9675032773183672
Castle Gate,231,33.97108840942383,33.073612213134766,0.9624837571075312
Castle Gate,232,0.33727988600730896,38.69733810424805,0.8610581964857075
Castle Gate,233,3.813722848892212,42.39558792114258,0.8631101923220519
Castle Gate,234,2.0971720218658447,34.45582580566406,0.8901916244783528
Castle Gate,235,6.42097282409668,34.13011932373047,0.8861471776738006
Castle Gate,236,13.863368034362793,23.573810577392578,0.9445851574047927
Castle Gate,237,13.722514152526855,25.050071716308594,0.9398929701463978
Castle Gate,238,15.838988304138184,27.42400360107422,0.9290167096452978
Castle Gate,239,22.50704574584961,27.897785186767578,0.9471330896838347
Castle Gate,240,13.88139820098877,28.59909439086914,0.9432232523360862
Castle Gate,241,7.487634658813477,24.644298553466797,0.9556578585696173
Castle Gate,242,6.617837429046631,27.556697845458984,0.9367405978278991
Castle Gate,243,13.519661903381348,28.013078689575195,0.9344422871279207
Castle Gate,244,36.98463821411133,50.58366775512695,0.7470713276345332
Castle Gate,245,39.568450927734375,54.878990173339844,0.7563459207975538
Castle Gate,246,45.16072463989258,56.71396255493164,0.8308424997743182
Castle Gate,247,40.4853630065918,53.25736618041992,0.8148408860612532
Castle Gate,248,32.303741455078125,38.08230209350586,0.9192990203206657
Castle Gate,249,34.878902435302734,39.7000617980957,0.9129597478988432
Castle Gate,250,36.20508575439453,42.42429733276367,0.8941004008012571
Castle Gate,251,35.04487228393555,39.246315002441406,0.9217730626859519
Castle Gate,252,14.04192066192627,26.085365295410156,0.9339012130785844
Castle Gate,253,9.758578300476074,23.068580627441406,0.9468358649616587
Castle Gate,254,9.954692840576172,21.3266544342041,0.9422244112036442
Castle Gate,255,14.57868480682373,25.059858322143555,0.9353388821915258
Castle Gate,256,21.599016189575195,59.33607482910156,0.7528208714026564
Castle Gate,257,10.422370910644531,56.89918518066406,0.7837513639524081
Castle Gate,258,24.53597068786621,58.59925842285156,0.7887715489427486
Castle Gate,259,8.244709014892578,56.957149505615234,0.7858058466541694
Castle Gate,260,23.312896728515625,28.794981002807617,0.9611616184677286
Castle Gate,261,26.444839477539062,31.866418838500977,0.9559769512820642
Castle Gate,262,27.194814682006836,30.84258460998535,0.96365468483816
Castle Gate,263,27.822969436645508,31.33479118347168,0.9678918043896519
Castle Gate,264,13.268753051757812,31.97452735900879,0.9053342740190216
Castle Gate,265,13.093159675598145,33.183895111083984,0.8934539579190477
Castle Gate,266,2.14579439163208,40.422245025634766,0.8796613789735748
Castle Gate,267,4.974135398864746,36.66232681274414,0.8874582726459924
Castle Gate,268,14.580321311950684,38.01214599609375,0.9123928174685866
Castle Gate,269,21.775609970092773,41.82988357543945,0.9201224138864846
Castle Gate,270,22.31989097595215,39.017974853515625,0.9322758032726066
Castle Gate,271,19.624420166015625,36.73681640625,0.9236057771573352
Castle Gate,272,42.77031326293945,46.25239562988281,0.9550536262348195
Castle Gate,273,43.3092155456543,48.119285583496094,0.9516874343619092
Castle Gate,274,42.974090576171875,47.51847839355469,0.9446784770937553
Castle Gate,275,42.390625,46.606624603271484,0.9561907774818991
Castle Gate,276,21.21417808532715,41.500038146972656,0.9043027745084296
Castle Gate,277,21.720237731933594,40.31119918823242,0.9083456471045684
Castle Gate,278,20.648897171020508,36.45713424682617,0.9224346564728098
Castle Gate,279,21.391172409057617,36.549285888671875,0.9256962044910705
Castle Gate,280,17.464265823364258,38.108619689941406,0.8462447378090839
Castle Gate,281,19.561763763427734,37.176353454589844,0.8601996865026846
Castle Gate,282,19.225950241088867,32.483428955078125,0.8904763984466998
Castle Gate,283,11.103071212768555,32.3466682434082,0.8655758698681932
Berea Upper Gray,0,56.67477798461914,66.09844207763672,0.6730580532272596
Berea Upper Gray,1,53.811851501464844,64.07131958007812,0.6989425922650758
Berea Upper Gray,2,55.793766021728516,61.363807678222656,0.7145070558569446
Berea Upper Gray,3,51.658599853515625,64.6878433227539,0.6564471983964578
Berea Upper Gray,4,5.680471897125244,27.425552368164062,0.9524087873191435
Berea Upper Gray,5,6.623924732208252,26.742555618286133,0.9565942993925158
Berea Upper Gray,6,6.454249382019043,27.097942352294922,0.954650216554531
Berea Upper Gray,7,2.0900447368621826,27.46561050415039,0.9529279697055891
Berea Upper Gray,8,7.528238773345947,48.9057502746582,0.8196668537017285
Berea Upper Gray,9,5.124744415283203,50.79298400878906,0.8130975468777448
Berea Upper Gray,10,2.3354015350341797,51.59572219848633,0.8156024936432742
Berea Upper Gray,11,3.326199531555176,47.876625061035156,0.8243292092007567
Berea Upper Gray,12,20.033550262451172,77.76693725585938,0.6450544187757477
Berea Upper Gray,13,18.225549697875977,71.21478271484375,0.6809034042620433
Berea Upper Gray,14,23.587648391723633,79.26718139648438,0.6650999338021581
Berea Upper Gray,15,17.21628761291504,71.01227569580078,0.68734126956719
Berea Upper Gray,16,8.153579711914062,56.43288803100586,0.7798829096170554
Berea Upper Gray,17,14.755800247192383,46.25672912597656,0.8101110635326411
Berea Upper Gray,18,9.028730392456055,49.344181060791016,0.7906919265923157
Berea Upper Gray,19,8.821234703063965,50.18020248413086,0.7486467777417191
Berea Upper Gray,20,24.011703491210938,58.91865539550781,0.7400799293960248
Berea Upper Gray,21,19.082477569580078,64.39907836914062,0.6630842369297886
Berea Upper Gray,22,29.182931900024414,54.210514068603516,0.7827044715481828
Berea Upper Gray,23,18.425886154174805,56.88753128051758,0.7314397623924801
Berea Upper Gray,24,46.917659759521484,51.35152816772461,0.9238017302219058
Berea Upper Gray,25,46.07310485839844,49.99406814575195,0.9394078665182722
Berea Upper Gray,26,44.74319076538086,49.8258171081543,0.9425297401426829
Berea Upper Gray,27,43.69330978393555,48.28718185424805,0.9445590257270886
Berea Upper Gray,28,20.813241958618164,25.16557502746582,0.9175513229274832
Berea Upper Gray,29,25.535581588745117,30.608366012573242,0.9074270159791292
Berea Upper Gray,30,23.86258316040039,29.232397079467773,0.9050068351144946
Berea Upper Gray,31,18.196550369262695,26.723976135253906,0.8999179822119195
Berea Upper Gray,32,3.75225830078125,59.298065185546875,0.6945330406081011
Berea Upper Gray,33,3.209280490875244,66.77583312988281,0.6687591420116521
Berea Upper Gray,34,2.523088216781616,63.519691467285156,0.6688943673871136
Berea Upper Gray,35,1.0261715650558472,68.5928726196289,0.6670317195472042
Berea Upper Gray,36,26.254165649414062,103.57502746582031,0.37717289725168357
Berea Upper Gray,37,15.925809860229492,96.13153839111328,0.38125632547155497
Berea Upper Gray,38,14.334245681762695,93.61322021484375,0.39943110266275034
Berea Upper Gray,39,17.401376724243164,93.4574203491211,0.4122047805802818
Berea Upper Gray,40,41.0229606628418,59.61931610107422,0.6952214776330959
Berea Upper Gray,41,38.72342300415039,55.51902389526367,0.7184299719955886
Berea Upper Gray,42,42.90753936767578,59.32259750366211,0.7050190547989883
Berea Upper Gray,43,45.65674591064453,60.512550354003906,0.725855432697944
Berea Upper Gray,44,7.407896041870117,56.94623565673828,0.5881714327739427
Berea Upper Gray,45,23.198850631713867,65.42347717285156,0.5642460820582371
Berea Upper Gray,46,19.824687957763672,70.75056457519531,0.5076376254534819
Berea Upper Gray,47,8.812888145446777,61.87613296508789,0.5364599321409225
Berea Upper Gray,48,22.800539016723633,51.938228607177734,0.7938600667648441
Berea Upper Gray,49,27.315393447875977,51.39394760131836,0.8308932556808297
Berea Upper Gray,50,25.861438751220703,59.21675491333008,0.7555032919554315
Berea Upper Gray,51,22.8688907623291,55.79205322265625,0.7576964735944797
Berea Upper Gray,52,16.430192947387695,30.025419235229492,0.9488599467552363
Berea Upper Gray,53,19.505264282226562,34.3624267578125,0.9294704649144971
Berea Upper Gray,54,5.467320919036865,33.946022033691406,0.9406814281369941
Berea Upper Gray,55,17.90721321105957,31.88158416748047,0.9501858793416392
Berea Upper Gray,56,40.01076126098633,48.72121810913086,0.9026817224541608
Berea Upper Gray,57,42.1645622253418,50.20291519165039,0.8901054504729771
Berea Upper Gray,58,35.44013214111328,45.751651763916016,0.9042409182525244
Berea Upper Gray,59,33.04035949707031,43.77047348022461,0.906651995733234
Berea Upper Gray,60,16.5767822265625,48.13007354736328,0.7862538811168531
Berea Upper Gray,61,16.53803253173828,46.09722137451172,0.8269992801788398
Berea Upper Gray,62,20.25957489013672,46.09331512451172,0.7889313239779561
Berea Upper Gray,63,14.082958221435547,53.54548263549805,0.7357875275454675
Berea Upper Gray,64,11.280783653259277,38.978233337402344,0.9300230663352304
Berea Upper Gray,65,20.5301570892334,38.61631393432617,0.9350825130794977
Berea Upper Gray,66,15.986522674560547,36.568599700927734,0.9395953630341977
Berea Upper Gray,67,15.26868724822998,37.497459411621094,0.9372708541278179
Berea Upper Gray,68,118.82267761230469,115.23701477050781,0.5281922744664324
Berea Upper Gray,69,151.86244201660156,133.05226135253906,0.45045847162410096
Berea Upper Gray,70,164.62303161621094,143.11080932617188,0.4235435908950526
Berea Upper Gray,71,127.29556274414062,129.16024780273438,0.5160305840446394
Berea Upper Gray,72,6.724279880523682,52.186744689941406,0.7580586397812624
Berea Upper Gray,73,10.074716567993164,47.73630142211914,0.7912587210126928
Berea Upper Gray,74,9.65429973602295,47.213844299316406,0.7938583943144617
Berea Upper Gray,75,5.549824237823486,46.520294189453125,0.797290135426492
Berea Upper Gray,76,162.70225524902344,217.31204223632812,0.29307649701361715
Berea Upper Gray,77,123.79725646972656,184.60292053222656,0.33252563263155654
Berea Upper Gray,78,142.506591796875,210.1943817138672,0.3187221992939286
Berea Upper Gray,79,153.42538452148438,226.25086975097656,0.2766909779140239
Berea Upper Gray,80,6.654482841491699,53.53684616088867,0.7605612368682625
Berea Upper Gray,81,19.662612915039062,53.35213088989258,0.7246771300649988
Berea Upper Gray,82,16.26658058166504,53.19981384277344,0.7309160836278081
Berea Upper Gray,83,3.3589224815368652,56.81972122192383,0.7399595510758535
Berea Upper Gray,84,8.3904447555542,33.69032287597656,0.9305761580836462
Berea Upper Gray,85,13.739087104797363,33.59036636352539,0.9327278098253713
Berea Upper Gray,86,14.473981857299805,33.51990509033203,0.9329290315372225
Berea Upper Gray,87,6.245447158813477,37.813385009765625,0.9176248784898339
Berea Upper Gray,88,33.068363189697266,42.80431365966797,0.8746697940555318
Berea Upper Gray,89,32.94903564453125,40.46001052856445,0.893669175779167
Berea Upper Gray,90,37.063602447509766,46.384010314941406,0.8564303816736746
Berea Upper Gray,91,38.56159591674805,47.20947265625,0.8753452661837479
Berea Upper Gray,92,34.90626907348633,42.24697494506836,0.8989456482319155
Berea Upper Gray,93,36.621299743652344,44.80728530883789,0.8876416051619604
Berea Upper Gray,94,42.77445602416992,47.82036590576172,0.913647292978918
Berea Upper Gray,95,42.01466369628906,46.95045852661133,0.9118473289936935
Berea Upper Gray,96,44.208866119384766,49.48094940185547,0.8787820371968337
Berea Upper Gray,97,45.32557678222656,50.298187255859375,0.881478538374059
Berea Upper Gray,98,43.29212188720703,47.95286560058594,0.8993904078784577
Berea Upper Gray,99,41.68202590942383,46.90996170043945,0.901662669561081
Berea Upper Gray,100,444.23187255859375,392.8184814453125,0.4200140440037352
Berea Upper Gray,101,409.0340576171875,367.8409729003906,0.3870013276143234
Berea Upper Gray,102,432.46209716796875,440.4720764160156,0.44695217927791725
Berea Upper Gray,103,437.2615051269531,399.5495300292969,0.4422685316125418
Berea Upper Gray,104,3.305436372756958,38.498374938964844,0.8989596195788404
Berea Upper Gray,105,2.838609218597412,36.02614212036133,0.9090050281012041
Berea Upper Gray,106,4.96098518371582,34.32768630981445,0.9151177568644189
Berea Upper Gray,107,5.722035884857178,37.58330154418945,0.9066278396538562
Berea Upper Gray,108,118.70003509521484,192.64328002929688,0.43374577274567
Berea Upper Gray,109,126.27230834960938,196.47161865234375,0.4278997105635376
Berea Upper Gray,110,133.3060760498047,204.3418731689453,0.4312239503329568
Berea Upper Gray,111,115.93059539794922,186.5943145751953,0.45258274654112046
Berea Upper Gray,112,28.218591690063477,48.70127868652344,0.7690914566904435
Berea Upper Gray,113,32.36404037475586,49.015594482421875,0.7706324410036526
Berea Upper Gray,114,27.914730072021484,49.81236267089844,0.7911028820654558
Berea Upper Gray,115,25.31209373474121,52.754390716552734,0.8070177133380229
Berea Upper Gray,116,5.170809268951416,25.34604263305664,0.964980293259929
Berea Upper Gray,117,1.2326241731643677,22.18145179748535,0.964289133154568
Berea Upper Gray,118,7.391267776489258,26.865478515625,0.9656128185460833
Berea Upper Gray,119,3.0916781425476074,26.202194213867188,0.9656491071933798
Berea Upper Gray,120,43.80018997192383,44.96897888183594,0.8786328870421009
Berea Upper Gray,121,40.327335357666016,43.328651428222656,0.9047623678177772
Berea Upper Gray,122,42.03053665161133,44.51557159423828,0.8986013575911389
Berea Upper Gray,123,43.01482009887695,44.18272399902344,0.902113706498524
Berea Upper Gray,124,4.812678813934326,55.028770446777344,0.8246910609289411
Berea Upper Gray,125,9.253324508666992,55.165611267089844,0.8135400521801593
Berea Upper Gray,126,5.244489669799805,60.477840423583984,0.7864164617135481
Berea Upper Gray,127,9.83742904663086,51.8265380859375,0.8298710717777932
Berea Upper Gray,128,11.716105461120605,41.407257080078125,0.8838205322084691
Berea Upper Gray,129,12.966375350952148,48.174468994140625,0.853983188884738
Berea Upper Gray,130,4.232241630554199,40.97941970825195,0.8961240092730106
Berea Upper Gray,131,10.266267776489258,42.195220947265625,0.8757692279904724
Berea Upper Gray,132,15.28723430633545,24.45034408569336,0.9445059840754467
Berea Upper Gray,133,18.428176879882812,26.791316986083984,0.9415241009607346
Berea Upper Gray,134,23.86719512939453,27.711347579956055,0.9485087285864721
Berea Upper Gray,135,19.90816879272461,24.603734970092773,0.9513755814737739
Berea Upper Gray,136,31.891250610351562,43.37595748901367,0.8587881162881804
Berea Upper Gray,137,26.667383193969727,47.212100982666016,0.8173943100849311
Berea Upper Gray,138,24.203285217285156,49.53450393676758,0.818561622763506
Berea Upper Gray,139,27.28849983215332,49.276206970214844,0.801386860151805
Berea Upper Gray,140,29.99851417541504,42.59897994995117,0.8799655552360491
Berea Upper Gray,141,28.644990921020508,43.15005874633789,0.867888285677632
Berea Upper Gray,142,24.031587600708008,39.22524642944336,0.8595729557128929
Berea Upper Gray,143,28.423683166503906,42.2910270690918,0.8852708315747335
Berea Upper Gray,144,22.995651245117188,31.45756721496582,0.9661598585434132
Berea Upper Gray,145,24.79136085510254,34.8448371887207,0.9595677382239904
Berea Upper Gray,146,19.748672485351562,29.538373947143555,0.9693300126932834
Berea Upper Gray,147,22.581851959228516,32.071903228759766,0.9682111280332893
Berea Upper Gray,148,5.512452125549316,36.054908752441406,0.8578814112198878
Berea Upper Gray,149,2.117802619934082,37.31058120727539,0.8711190993370053
Berea Upper Gray,150,3.7619855403900146,31.880346298217773,0.9049693094163275
Berea Upper Gray,151,1.047890305519104,31.763687133789062,0.9116719607882015
Berea Upper Gray,152,655.1093139648438,332.54644775390625,0.0015321493881789985
Berea Upper Gray,153,646.2883911132812,349.0310363769531,-0.007810366596089007
Berea Upper Gray,154,552.4412231445312,311.9859619140625,0.02123117789444979
Berea Upper Gray,155,464.8949279785156,298.191650390625,0.007242691581455909
Berea Upper Gray,156,303.4214172363281,227.14157104492188,0.5742046151245566
Berea Upper Gray,157,310.1241455078125,216.55043029785156,0.5312311695502285
Berea Upper Gray,158,320.51580810546875,264.2327880859375,0.5739151635951404
Berea Upper Gray,159,328.8338928222656,251.19459533691406,0.5741361655842209
Berea Upper Gray,160,3.2253036499023438,20.28782844543457,0.935464535377063
Berea Upper Gray,161,1.540816307067871,20.720064163208008,0.9383315917447062
Berea Upper Gray,162,0.5200088024139404,22.012300491333008,0.9380960744745807
Berea Upper Gray,163,0.07873141020536423,23.286605834960938,0.9181346421245076
Berea Upper Gray,164,25.392635345458984,39.32538986206055,0.9299373209447364
Berea Upper Gray,165,26.29486656188965,40.21510696411133,0.9248330945751743
Berea Upper Gray,166,24.941259384155273,40.68162155151367,0.9276398749781481
Berea Upper Gray,167,22.622106552124023,38.429439544677734,0.9383533553871378
Berea Upper Gray,168,82.89431762695312,136.919189453125,0.6634245920995129
Berea Upper Gray,169,79.16258239746094,139.89801025390625,0.6429073884836731
Berea Upper Gray,170,80.14403533935547,139.3732452392578,0.6411334743214442
Berea Upper Gray,171,63.74041748046875,112.24024200439453,0.7105603222734316
Berea Upper Gray,172,12.440155982971191,48.30992889404297,0.874490092038681
Berea Upper Gray,173,5.803651809692383,48.100059509277344,0.8751202726478476
Berea Upper Gray,174,5.381099224090576,42.090396881103516,0.911907042427068
Berea Upper Gray,175,3.0326709747314453,41.19508361816406,0.8976895102053393
Berea Upper Gray,176,176.20858764648438,237.62649536132812,0.2816642862135456
Berea Upper Gray,177,170.89230346679688,218.9534912109375,0.278741054881299
Berea Upper Gray,178,173.42196655273438,231.22991943359375,0.2912861761239631
Berea Upper Gray,179,163.9114227294922,216.2033233642578,0.32106073271977015
Berea Upper Gray,180,15.857951164245605,34.0713005065918,0.9438012136126662
Berea Upper Gray,181,12.398627281188965,31.075910568237305,0.9490343429636017
Berea Upper Gray,182,9.29378890991211,30.089513778686523,0.9458674190355938
Berea Upper Gray,183,8.256892204284668,28.547164916992188,0.9541114301240639
Berea Upper Gray,184,27.000415802001953,41.41914749145508,0.919446391698305
Berea Upper Gray,185,28.2155818939209,44.61121368408203,0.9048846550102317
Berea Upper Gray,186,22.499542236328125,42.51483154296875,0.9157191414011893
Berea Upper Gray,187,36.611732482910156,54.827552795410156,0.8920256588581156
Berea Upper Gray,188,4.562255382537842,51.82280731201172,0.7865898873012092
Berea Upper Gray,189,3.4762823581695557,47.34074783325195,0.8154523624046143
Berea Upper Gray,190,12.202157020568848,50.596378326416016,0.8148291805284245
Berea Upper Gray,191,3.9973244667053223,48.86371612548828,0.7967216513588048
Berea Upper Gray,192,12.619791984558105,42.06868362426758,0.8877569452068069
Berea Upper Gray,193,9.466115951538086,41.20731735229492,0.8861022132922637
Berea Upper Gray,194,10.939913749694824,40.01850509643555,0.8957679183327996
Berea Upper Gray,195,8.075151443481445,38.784271240234375,0.8860266427189535
Berea Upper Gray,196,21.658435821533203,44.24871063232422,0.829437608047623
Berea Upper Gray,197,19.79517936706543,45.81433868408203,0.8136288592280435
Berea Upper Gray,198,18.867738723754883,41.987972259521484,0.8436006251227862
Berea Upper Gray,199,18.13043975830078,47.17472457885742,0.823802761584197
Berea Upper Gray,200,24.783220291137695,70.95209503173828,0.7449133891409306
Berea Upper Gray,201,16.282732009887695,66.83920288085938,0.7713953717115806
Berea Upper Gray,202,22.867097854614258,68.04163360595703,0.7518008687600722
Berea Upper Gray,203,20.200098037719727,70.00921630859375,0.7539996516509395
Berea Upper Gray,204,19.078229904174805,49.431663513183594,0.7565556515387175
Berea Upper Gray,205,18.660049438476562,50.9444465637207,0.7895904143507773
Berea Upper Gray,206,29.88127899169922,60.242713928222656,0.6864094327798013
Berea Upper Gray,207,24.60538101196289,52.58411407470703,0.7437484035371017
Berea Upper Gray,208,89.28073120117188,175.95526123046875,0.42780988170237955
Berea Upper Gray,209,61.316062927246094,138.85655212402344,0.48256762777130696
Berea Upper Gray,210,64.34930419921875,137.41749572753906,0.5081767113712108
Berea Upper Gray,211,63.64543533325195,136.73582458496094,0.5098304062183697
Berea Upper Gray,212,219.88897705078125,302.2059631347656,0.41683846111611034
Berea Upper Gray,213,184.91880798339844,246.20587158203125,0.46285551644803996
Berea Upper Gray,214,194.995849609375,262.1687316894531,0.46479094242103347
Berea Upper Gray,215,177.18734741210938,237.77037048339844,0.47554123231392165
Berea Upper Gray,216,70.13236236572266,108.3647689819336,0.4489412869646853
Berea Upper Gray,217,52.76483917236328,92.8916015625,0.5516905794527805
Berea Upper Gray,218,60.63861846923828,101.83154296875,0.5535941036348462
Berea Upper Gray,219,95.18276977539062,127.66206359863281,0.5049536193226136
Berea Upper Gray,220,34.64990997314453,45.15382766723633,0.9199892110349045
Berea Upper Gray,221,35.60881042480469,44.82708740234375,0.9201961648587885
Berea Upper Gray,222,31.893882751464844,40.12607192993164,0.9300943347121995
Berea Upper Gray,223,35.45589828491211,43.125,0.9309156828709246
Berea Sinter Gray,0,19.81328582763672,60.922996520996094,0.7792493272345169
Berea Sinter Gray,1,13.594863891601562,52.75654602050781,0.7962466773885735
Berea Sinter Gray,2,11.562007904052734,43.57430648803711,0.8393918407587837
Berea Sinter Gray,3,15.22778034210205,44.58241271972656,0.8248306616201234
Berea Sinter Gray,4,16.17891502380371,50.7335205078125,0.6831531866494037
Berea Sinter Gray,5,15.08215045928955,58.549957275390625,0.6473059344583549
Berea Sinter Gray,6,13.700502395629883,49.70382308959961,0.6664265302805985
Berea Sinter Gray,7,13.16356086730957,54.1693000793457,0.6484717376830411
Berea Sinter Gray,8,13.22333812713623,41.22721862792969,0.8885114878308755
Berea Sinter Gray,9,0.1844748705625534,47.672454833984375,0.8834071522703848
Berea Sinter Gray,10,2.0406813621520996,49.524131774902344,0.8800392158018384
Berea Sinter Gray,11,13.863874435424805,42.90419006347656,0.8855255552315707
Berea Sinter Gray,12,39.50617218017578,49.693504333496094,0.9310982725734028
Berea Sinter Gray,13,30.429271697998047,40.63267135620117,0.9308789793814368
Berea Sinter Gray,14,27.26810073852539,37.91565704345703,0.9337742419295209
Berea Sinter Gray,15,31.436185836791992,41.8713264465332,0.92136294669097
Berea Sinter Gray,16,37.33647918701172,61.684940338134766,0.8177692200919437
Berea Sinter Gray,17,23.14754295349121,50.48801040649414,0.8210398693280978
Berea Sinter Gray,18,22.46878433227539,49.83207702636719,0.8369198928008454
Berea Sinter Gray,19,32.64081954956055,57.023311614990234,0.8287096533723931
Berea Sinter Gray,20,109.52304077148438,133.63294982910156,0.6678144842592
Berea Sinter Gray,21,125.23970031738281,147.9953155517578,0.6540857621776712
Berea Sinter Gray,22,94.40023040771484,122.11089324951172,0.6561222290221322
Berea Sinter Gray,23,85.51676940917969,109.07811737060547,0.695388242062347
Berea Sinter Gray,24,23.738632202148438,38.78415298461914,0.9134497090065116
Berea Sinter Gray,25,25.477384567260742,40.179908752441406,0.9013705366277663
Berea Sinter Gray,26,32.25647735595703,43.60813903808594,0.9122738205493722
Berea Sinter Gray,27,28.0435733795166,38.892417907714844,0.9278972259728744
Berea Sinter Gray,28,16.737743377685547,96.95979309082031,0.5729822198664292
Berea Sinter Gray,29,33.724674224853516,99.42493438720703,0.624172426416858
Berea Sinter Gray,30,31.4064998626709,104.87759399414062,0.608055573856699
Berea Sinter Gray,31,26.986997604370117,102.15461730957031,0.6267291895164899
Berea Sinter Gray,32,40.759037017822266,90.9859619140625,0.6539205129392109
Berea Sinter Gray,33,51.473876953125,105.23890686035156,0.6437991360750798
Berea Sinter Gray,34,72.29286193847656,121.55077362060547,0.6333646863371248
Berea Sinter Gray,35,64.48283386230469,114.69572448730469,0.6583313324864455
Berea Sinter Gray,36,238.35789489746094,325.0452575683594,0.39657851370307456
Berea Sinter Gray,37,196.20436096191406,262.824951171875,0.4321143630308777
Berea Sinter Gray,38,237.92079162597656,310.64434814453125,0.4226932428447433
Berea Sinter Gray,39,262.4583435058594,355.31109619140625,0.38629862432873296
Berea Sinter Gray,40,3.331063747406006,45.61280822753906,0.7899209674395622
Berea Sinter Gray,41,9.088982582092285,47.09434509277344,0.7703258161647546
Berea Sinter Gray,42,7.596436023712158,50.32174301147461,0.7290785433993222
Berea Sinter Gray,43,10.828450202941895,46.06873321533203,0.7603010236343283
Berea Sinter Gray,44,18.098543167114258,35.720516204833984,0.9416216533322205
Berea Sinter Gray,45,16.589078903198242,37.55903625488281,0.9355486599764511
Berea Sinter Gray,46,1.4735156297683716,33.097206115722656,0.9542999788209635
Berea Sinter Gray,47,3.7411792278289795,35.478450775146484,0.9550514438357508
Berea Sinter Gray,48,22.806726455688477,35.55448532104492,0.9475372215952402
Berea Sinter Gray,49,16.938430786132812,33.12085723876953,0.9475648806818465
Berea Sinter Gray,50,22.929214477539062,37.80244827270508,0.9520466546674666
Berea Sinter Gray,51,27.119054794311523,40.2470817565918,0.9427183772099841
Berea Sinter Gray,52,19.523406982421875,36.627357482910156,0.8922308905658812
Berea Sinter Gray,53,17.37038803100586,38.83043670654297,0.8864124722968695
Berea Sinter Gray,54,14.284551620483398,29.97378921508789,0.9069130143554983
Berea Sinter Gray,55,18.35048484802246,37.86344528198242,0.8880700283157427
Berea Sinter Gray,56,33.30984878540039,49.508365631103516,0.8901795867649419
Berea Sinter Gray,57,39.342979431152344,55.9186897277832,0.8429427179557234
Berea Sinter Gray,58,41.01983642578125,52.4754638671875,0.8496047776120048
Berea Sinter Gray,59,39.090087890625,50.91543960571289,0.8787469277049561
Berea Sinter Gray,60,10.010576248168945,41.21855545043945,0.8729328924727066
Berea Sinter Gray,61,13.760878562927246,39.97068786621094,0.8960477209655346
Berea Sinter Gray,62,15.615828514099121,36.21013641357422,0.915065508999629
Berea Sinter Gray,63,13.966933250427246,40.06525802612305,0.8871806089406197
Berea Sinter Gray,64,20.88494873046875,60.011966705322266,0.8497085555032732
Berea Sinter Gray,65,17.924068450927734,49.00448989868164,0.8770125846287035
Berea Sinter Gray,66,35.21662902832031,67.9940414428711,0.851041702271602
Berea Sinter Gray,67,34.967044830322266,68.13519287109375,0.8606377369499655
Berea Sinter Gray,68,0.9546323418617249,61.4172248840332,0.681325100936122
Berea Sinter Gray,69,0.5913652181625366,54.395111083984375,0.6857500167949169
Berea Sinter Gray,70,5.2006516456604,60.47218322753906,0.6690880001715064
Berea Sinter Gray,71,0.18284457921981812,61.45014953613281,0.6629656247606415
Berea Sinter Gray,72,37.179161071777344,41.0092887878418,0.9482302992030754
Berea Sinter Gray,73,40.64427185058594,43.311798095703125,0.9139518223526889
Berea Sinter Gray,74,36.14827346801758,41.18941879272461,0.9122458909633143
Berea Sinter Gray,75,36.594085693359375,41.86809539794922,0.9484261652939392
Berea Sinter Gray,76,26.388282775878906,38.921810150146484,0.9442201677557311
Berea Sinter Gray,77,21.747961044311523,34.24369430541992,0.9452112376876507
Berea Sinter Gray,78,19.334016799926758,33.34275436401367,0.9527173365388739
Berea Sinter Gray,79,22.504730224609375,36.01140594482422,0.947023961629639
Berea Sinter Gray,80,28.71575927734375,66.45223999023438,0.7289770829866559
Berea Sinter Gray,81,27.613027572631836,70.6364517211914,0.7044670905714812
Berea Sinter Gray,82,22.132144927978516,64.4079818725586,0.732956220656561
Berea Sinter Gray,83,41.1740608215332,80.98920440673828,0.6713026796892726
Berea Sinter Gray,84,21.13397216796875,53.22819137573242,0.7604120032714279
Berea Sinter Gray,85,23.31022071838379,48.266136169433594,0.7992235324396243
Berea Sinter Gray,86,16.493967056274414,40.026676177978516,0.8159377136531172
Berea Sinter Gray,87,13.058281898498535,38.421836853027344,0.8056786278373009
Berea Sinter Gray,88,9.960020065307617,34.58842468261719,0.8960869012291459
Berea Sinter Gray,89,2.1855807304382324,36.89890670776367,0.8928880562928962
Berea Sinter Gray,90,3.446247100830078,32.788883209228516,0.9104575558563849
Berea Sinter Gray,91,5.2270050048828125,32.36854934692383,0.9129338174321808
Berea Sinter Gray,92,43.74679183959961,53.35204315185547,0.7989843722876618
Berea Sinter Gray,93,48.01137161254883,63.118751525878906,0.7676599201845016
Berea Sinter Gray,94,53.71691131591797,62.17035675048828,0.7976407908622213
Berea Sinter Gray,95,45.62052536010742,55.06006622314453,0.8133177798911883
Berea Sinter Gray,96,118.48917388916016,96.2305908203125,0.8116307745456859
Berea Sinter Gray,97,125.56066131591797,106.91227722167969,0.8040065057119467
Berea Sinter Gray,98,111.38243103027344,100.57704162597656,0.7845184389255089
Berea Sinter Gray,99,101.03036499023438,84.50081634521484,0.7761533027341514
Berea Sinter Gray,100,11.548337936401367,47.47941970825195,0.7820179531321573
Berea Sinter Gray,101,18.534608840942383,38.38435363769531,0.8617880734920604
Berea Sinter Gray,102,12.802300453186035,37.47688674926758,0.8691004024086407
Berea Sinter Gray,103,16.624820709228516,41.809356689453125,0.8302420038339487
Berea Sinter Gray,104,50.072566986083984,54.6290168762207,0.8356690902660244
Berea Sinter Gray,105,51.55284118652344,56.99104690551758,0.8690612972998868
Berea Sinter Gray,106,51.26698684692383,55.09640884399414,0.893845890895346
Berea Sinter Gray,107,49.7834358215332,54.477783203125,0.850255572333737
Berea Sinter Gray,108,10.75558090209961,55.22944641113281,0.8007769030062595
Berea Sinter Gray,109,13.930642127990723,55.175907135009766,0.8083895407288867
Berea Sinter Gray,110,10.18031120300293,49.22636032104492,0.8353915090405014
Berea Sinter Gray,111,0.6130310893058777,50.56393814086914,0.8120026441108988
Berea Sinter Gray,112,49.17555236816406,53.533626556396484,0.934406001180291
Berea Sinter Gray,113,47.89167022705078,51.44443893432617,0.9293227296235561
Berea Sinter Gray,114,46.55052185058594,50.083282470703125,0.9351558318809228
Berea Sinter Gray,115,49.7562370300293,54.10567855834961,0.9337153371634389
Berea Sinter Gray,116,62.698062896728516,85.83524322509766,0.6940196714928994
Berea Sinter Gray,117,89.39723205566406,105.968505859375,0.6994841665082571
Berea Sinter Gray,118,89.74595642089844,101.33863830566406,0.651874143601369
Berea Sinter Gray,119,76.36935424804688,98.45645141601562,0.6311631433783699
Berea Sinter Gray,120,327.5885314941406,313.9989318847656,0.6135228909531351
Berea Sinter Gray,121,376.751953125,383.0553894042969,0.6237026792220833
Berea Sinter Gray,122,364.09893798828125,374.32562255859375,0.6146459862005553
Berea Sinter Gray,123,365.54888916015625,367.0287780761719,0.6244894605998116
Berea Sinter Gray,124,321.3319091796875,364.0177917480469,0.1817319003063804
Berea Sinter Gray,125,316.0621643066406,361.9698181152344,0.2044562994391037
Berea Sinter Gray,126,407.4306335449219,465.58245849609375,0.2296283105955257
Berea Sinter Gray,127,382.0666809082031,428.63531494140625,0.25912018430646183
Berea Sinter Gray,128,0.12020199745893478,28.80963706970215,0.9374009515277794
Berea Sinter Gray,129,5.473377227783203,31.63057518005371,0.9383829890297216
Berea Sinter Gray,130,7.04894495010376,28.899843215942383,0.9495056569501449
Berea Sinter Gray,131,2.3724071979522705,29.147254943847656,0.9393438860572657
Berea Sinter Gray,132,26.810651779174805,36.30522537231445,0.9468076636779784
Berea Sinter Gray,133,31.97102165222168,38.40530014038086,0.9556796693671991
Berea Sinter Gray,134,38.99410629272461,44.855995178222656,0.9635564022235416
Berea Sinter Gray,135,31.457149505615234,38.90927505493164,0.9518928266297639
Berea Sinter Gray,136,51.20938491821289,54.0221061706543,0.9435657567060888
Berea Sinter Gray,137,42.23405456542969,47.850311279296875,0.9240748890397343
Berea Sinter Gray,138,46.23051071166992,53.92723846435547,0.9168387897909163
Berea Sinter Gray,139,47.336299896240234,51.988346099853516,0.9376947667330148
Berea Sinter Gray,140,36.14626693725586,46.62290573120117,0.8052079276277399
Berea Sinter Gray,141,25.543575286865234,38.74335479736328,0.8232624501542709
Berea Sinter Gray,142,18.584989547729492,39.30070495605469,0.8065159310895567
Berea Sinter Gray,143,23.77469253540039,40.62699508666992,0.8109848728845618
Berea Sinter Gray,144,28.76569938659668,82.22835540771484,0.6734325084752201
Berea Sinter Gray,145,28.0345516204834,87.09565734863281,0.6335052752601443
Berea Sinter Gray,146,26.961742401123047,81.19109344482422,0.6601753272781571
Berea Sinter Gray,147,17.791156768798828,82.04200744628906,0.6454851538606278
Berea Sinter Gray,148,11.096111297607422,54.50596618652344,0.7636275380587291
Berea Sinter Gray,149,5.0012407302856445,50.956932067871094,0.7763742731459967
Berea Sinter Gray,150,9.303302764892578,56.04412841796875,0.747831639298982
Berea Sinter Gray,151,11.39150333404541,52.53117752075195,0.7838047933460193
Berea Sinter Gray,152,10.703607559204102,30.07428741455078,0.9394632275023461
Berea Sinter Gray,153,5.581019878387451,39.07784652709961,0.89332173280791
Berea Sinter Gray,154,6.146550178527832,32.869354248046875,0.9318762925714188
Berea Sinter Gray,155,10.393659591674805,28.63146209716797,0.9395596136038287
Berea Sinter Gray,156,82.18144226074219,124.67943572998047,0.6620696408530345
Berea Sinter Gray,157,83.62138366699219,109.53856658935547,0.749134483857424
Berea Sinter Gray,158,85.38131713867188,115.04556274414062,0.7424273906323737
Berea Sinter Gray,159,95.60284423828125,145.11090087890625,0.6337142567748203
Berea Sinter Gray,160,49.0045280456543,33.69886016845703,0.9570998987881844
Berea Sinter Gray,161,47.12332534790039,30.319116592407227,0.9210844088467842
Berea Sinter Gray,162,33.46855545043945,21.86334991455078,0.9446176745329249
Berea Sinter Gray,163,54.84185028076172,40.26749801635742,0.9465157615656205
Berea Sinter Gray,164,42.07896423339844,50.76227569580078,0.939215798698494
Berea Sinter Gray,165,35.85013198852539,48.282081604003906,0.9335088584277613
Berea Sinter Gray,166,33.98514938354492,43.94715118408203,0.9449003082056153
Berea Sinter Gray,167,38.71334457397461,46.63550567626953,0.9478962697452078
Berea Sinter Gray,168,1.801519751548767,50.26270294189453,0.6850388645529832
Berea Sinter Gray,169,4.499053001403809,50.89688491821289,0.691870346014879
Berea Sinter Gray,170,6.539779186248779,48.62486267089844,0.7211710342300607
Berea Sinter Gray,171,3.3514244556427,41.27014923095703,0.7712587061183852
Berea Sinter Gray,172,40.907867431640625,59.036643981933594,0.6920385011457657
Berea Sinter Gray,173,37.83991241455078,51.17301559448242,0.7618786285814751
Berea Sinter Gray,174,36.73225784301758,52.76955032348633,0.7321140448153096
Berea Sinter Gray,175,43.298973083496094,55.353248596191406,0.7017321673906212
Berea Sinter Gray,176,50.249515533447266,77.39148712158203,0.7889934296645541
Berea Sinter Gray,177,56.50443649291992,77.89310455322266,0.8089110432012123
Berea Sinter Gray,178,50.65877914428711,75.278564453125,0.8213731578431618
Berea Sinter Gray,179,55.891990661621094,84.32025146484375,0.767085552248207
Berea Sinter Gray,180,30.212692260742188,54.067230224609375,0.8690408075728896
Berea Sinter Gray,181,20.90026092529297,47.273868560791016,0.865065137046659
Berea Sinter Gray,182,19.912553787231445,44.299808502197266,0.867638891970213
Berea Sinter Gray,183,26.82395362854004,49.62723159790039,0.8577045705246654
Berea Sinter Gray,184,21.860614776611328,33.55529022216797,0.9364049332275818
Berea Sinter Gray,185,18.79072380065918,35.039642333984375,0.9231985644659978
Berea Sinter Gray,186,25.85992431640625,37.08023452758789,0.9148034269272562
Berea Sinter Gray,187,20.766525268554688,33.19872283935547,0.9379403995834728
Berea Sinter Gray,188,6.755200386047363,45.40004348754883,0.8580323682777744
Berea Sinter Gray,189,3.9476284980773926,42.0921745300293,0.8718414247141736
Berea Sinter Gray,190,18.33990478515625,45.301448822021484,0.8985195411735345
Berea Sinter Gray,191,9.075254440307617,47.09962463378906,0.879251590639994
Berea,0,63.95870590209961,96.27798461914062,0.6379748504385915
Berea,1,77.97753143310547,120.01287841796875,0.566799405847081
Berea,2,74.5681381225586,112.16546630859375,0.5851663292313632
Berea,3,65.36624145507812,108.88469696044922,0.5721273240551462
Berea,4,6.66335391998291,71.42279052734375,0.7340547756001244
Berea,5,3.5369958877563477,64.80364227294922,0.7396804194372175
Berea,6,9.331280708312988,57.10456466674805,0.8091172945906472
Berea,7,4.995324611663818,55.33380126953125,0.8194553793184529
Berea,8,79.46775817871094,102.06037902832031,0.7551589827582403
Berea,9,76.19093322753906,91.96604919433594,0.7672914537135604
Berea,10,80.51190948486328,109.64289855957031,0.7304639354340889
Berea,11,70.26380157470703,92.61115264892578,0.7933915921117574
Berea,12,8.041908264160156,37.267578125,0.8926780771687477
Berea,13,0.7267496585845947,41.07234191894531,0.8755181164198672
Berea,14,3.1233532428741455,39.98491668701172,0.8813855343207487
Berea,15,0.1283974051475525,36.36211013793945,0.9031344222574762
Berea,16,36.460906982421875,42.05305862426758,0.896277698962916
Berea,17,35.82138442993164,40.453125,0.929978024655028
Berea,18,33.07111740112305,37.98344421386719,0.9466305948884243
Berea,19,35.4600944519043,41.41087341308594,0.9195799364412635
Berea,20,3.5813326835632324,38.85972595214844,0.8163363081293413
Berea,21,9.472087860107422,49.55119705200195,0.7511494817636617
Berea,22,17.96695899963379,44.872886657714844,0.8204287589419634
Berea,23,7.551129341125488,40.1584587097168,0.8149652759102091
Berea,24,18.91455078125,27.98383903503418,0.9268161561954591
Berea,25,21.410280227661133,29.560285568237305,0.9421843797569769
Berea,26,21.56295394897461,27.212770462036133,0.944536118455947
Berea,27,17.32849884033203,27.277515411376953,0.9468658847280623
Berea,28,23.866819381713867,35.45116424560547,0.9040864875065304
Berea,29,22.448253631591797,32.18559646606445,0.9267117141576869
Berea,30,25.652509689331055,33.396724700927734,0.9239404712842062
Berea,31,26.002532958984375,33.059818267822266,0.914067232431069
Berea,32,3.414396286010742,65.52659606933594,0.7332729458897783
Berea,33,2.151771068572998,61.69721603393555,0.7604301045706036
Berea,34,5.758519172668457,57.68732833862305,0.7625983551270362
Berea,35,1.5735630989074707,61.96182632446289,0.74950039343703
Berea,36,38.61598205566406,76.35113525390625,0.7005049005451336
Berea,37,45.23381805419922,85.49146270751953,0.6776840795282515
Berea,38,43.76695251464844,83.60614013671875,0.6988696373500997
Berea,39,39.18191909790039,83.9283676147461,0.6718963851544721
Berea,40,50.1306037902832,53.236934661865234,0.9548257812090487
Berea,41,45.16178512573242,48.9300537109375,0.9459083978069597
Berea,42,48.08014678955078,51.10640335083008,0.9547830876786804
Berea,43,46.310768127441406,49.44163131713867,0.9503195858910372
Berea,44,15.710413932800293,28.802104949951172,0.9548450393751932
Berea,45,24.067262649536133,34.631103515625,0.9393200712800222
Berea,46,19.853593826293945,32.72065734863281,0.9500383155134013
Berea,47,19.839996337890625,30.28282928466797,0.9492613887630104
Berea,48,35.71895217895508,42.77097702026367,0.9181980994441189
Berea,49,35.96135711669922,43.968231201171875,0.9044654793114041
Berea,50,33.96934509277344,40.797943115234375,0.9272615921893925
Berea,51,38.76354217529297,46.63129806518555,0.912943691152582
Berea,52,78.58515167236328,110.60914611816406,0.7665477493606688
Berea,53,77.72254943847656,101.34061431884766,0.7789979674963604
Berea,54,71.90473937988281,100.71172332763672,0.7768510318228942
Berea,55,82.8170166015625,112.63909149169922,0.7630842073672406
Berea,56,14.956888198852539,49.73417282104492,0.7262185675258896
Berea,57,16.735698699951172,49.055686950683594,0.7212915685723834
Berea,58,12.118762969970703,53.82166290283203,0.7110599226831692
Berea,59,6.90479850769043,55.565128326416016,0.7179473461159129
Berea,60,37.26765823364258,43.1557731628418,0.9468385437782577
Berea,61,37.67934799194336,42.00380325317383,0.9519676220268707
Berea,62,37.65163040161133,43.77877426147461,0.945975317575879
Berea,63,38.48687744140625,43.87436294555664,0.9432035107375509
Berea,64,20.244937896728516,39.52338409423828,0.864250737482791
Berea,65,14.60456371307373,39.24383544921875,0.8829676164042939
Berea,66,19.309999465942383,37.11809539794922,0.897590554791976
Berea,67,16.805335998535156,37.909461975097656,0.89708288971106
Berea,68,20.551050186157227,51.36329650878906,0.812553219451157
Berea,69,18.149906158447266,46.78224182128906,0.8250700402037043
Berea,70,21.530900955200195,52.42915725708008,0.805864513426583
Berea,71,22.967084884643555,50.97480773925781,0.832756796166061
Berea,72,28.555320739746094,53.4410514831543,0.7617567541602963
Berea,73,20.124252319335938,54.69466018676758,0.7583050328251474
Berea,74,12.428840637207031,45.81854248046875,0.7933625504875822
Berea,75,27.53775405883789,51.1245231628418,0.7960548311928451
Berea,76,26.068540573120117,31.1867733001709,0.9389515234783019
Berea,77,23.391115188598633,29.00629425048828,0.9379708266827201
Berea,78,27.495853424072266,31.9434871673584,0.9382748992583375
Berea,79,27.969921112060547,33.58295440673828,0.9264301137070342
Berea,80,9.788783073425293,40.18729782104492,0.9042130641019339
Berea,81,0.4871327877044678,32.693851470947266,0.9256328753652278
Berea,82,4.620943546295166,43.00934982299805,0.8883480977759934
Berea,83,1.1086792945861816,36.54948043823242,0.9067060804546195
Berea,84,19.044736862182617,38.469573974609375,0.8354618566377013
Berea,85,14.287408828735352,36.96402359008789,0.8567579143537899
Berea,86,18.74123191833496,36.437599182128906,0.8641808803056806
Berea,87,22.337425231933594,40.31275939941406,0.8393325063266329
Berea,88,74.137939453125,102.8809585571289,0.5755998443430044
Berea,89,61.96521759033203,87.64728546142578,0.5691666936608588
Berea,90,76.17396545410156,103.31858825683594,0.5026639642133276
Berea,91,78.96456909179688,111.63397216796875,0.5218049667009124
Berea,92,55.68452835083008,135.00624084472656,0.40212030073422755
Berea,93,50.39291000366211,111.64085388183594,0.510901797064606
Berea,94,50.46152877807617,109.67720031738281,0.5252762729807933
Berea,95,55.8272705078125,132.2029571533203,0.4587161482440182
Berea,96,22.271495819091797,33.60026931762695,0.9309534104609913
Berea,97,18.257890701293945,35.236488342285156,0.9225395591724121
Berea,98,27.056743621826172,39.82204055786133,0.9213381002740479
Berea,99,23.38509178161621,39.39200973510742,0.9025593332624205
Berea,100,42.17646026611328,46.82884216308594,0.9207129786597966
Berea,101,37.36774826049805,44.839141845703125,0.9035600453194835
Berea,102,35.876319885253906,42.909385681152344,0.9034274291058465
Berea,103,36.81086349487305,42.66474914550781,0.9113487595124572
Berea,104,62.42105484008789,113.62882995605469,0.7053793102785507
Berea,105,55.560081481933594,101.21916961669922,0.7076789818357649
Berea,106,42.86170959472656,82.70262145996094,0.7247413947710066
Berea,107,34.7662467956543,87.8105697631836,0.6782851607756087
Berea,108,31.06995391845703,39.28669738769531,0.9012053341581573
Berea,109,34.2015495300293,45.22126770019531,0.8710089929220051
Berea,110,33.24091339111328,41.89314270019531,0.8902666584982968
Berea,111,29.773040771484375,38.655155181884766,0.9019066855470474
Berea,112,26.130605697631836,33.844390869140625,0.9519606446380562
Berea,113,22.053890228271484,30.970043182373047,0.9477992405395343
Berea,114,22.80961036682129,33.28449630737305,0.9414652033289289
Berea,115,26.243309020996094,35.356571197509766,0.941128993766657
Berea,116,32.07025909423828,57.662452697753906,0.8245982911502334
Berea,117,5.56165885925293,48.55508041381836,0.7982577104382551
Berea,118,10.37352180480957,44.969051361083984,0.8532772404470046
Berea,119,32.58269500732422,56.37504577636719,0.8453184875039549
Berea,120,27.373414993286133,43.390499114990234,0.857591202727537
Berea,121,25.238391876220703,46.153167724609375,0.8301010821268249
Berea,122,36.5239143371582,49.187652587890625,0.837383185423602
Berea,123,23.118934631347656,41.649173736572266,0.8666282251517149
Berea,124,12.286237716674805,37.01410675048828,0.9487189906638643
Berea,125,17.437820434570312,38.263824462890625,0.9579895633204852
Berea,126,9.760068893432617,35.47012710571289,0.9603550881615857
Berea,127,13.940683364868164,38.36891555786133,0.9519436756691945
Berea,128,17.09842872619629,26.240570068359375,0.9572232045040243
Berea,129,13.996674537658691,23.411842346191406,0.9591180186225632
Berea,130,16.89295196533203,27.41298484802246,0.950764636633775
Berea,131,20.544797897338867,29.809646606445312,0.9493195871192868
Berea,132,16.956628799438477,29.677669525146484,0.9631616559780682
Berea,133,19.465171813964844,29.817432403564453,0.9634056054337343
Berea,134,24.928468704223633,34.72716522216797,0.9491680498393312
Berea,135,20.162883758544922,31.17999839782715,0.9616807204213136
Berea,136,17.38235092163086,27.499658584594727,0.9607222252422165
Berea,137,16.827392578125,27.72087287902832,0.9379129790600437
Berea,138,20.51378631591797,27.525367736816406,0.9578969866669874
Berea,139,21.893964767456055,32.01176834106445,0.9595096372440517
Berea,140,91.63713073730469,169.27499389648438,0.5005200794633033
Berea,141,97.75466918945312,166.0818328857422,0.5190240380225637
Berea,142,83.26224517822266,156.6986083984375,0.5233016839364417
Berea,143,85.22565460205078,157.3259735107422,0.49392070776044883
Berea,144,60.2398796081543,62.28781509399414,0.8829418207370677
Berea,145,59.21389389038086,61.6886100769043,0.8964083158579977
Berea,146,64.55811309814453,67.21939086914062,0.8479273168196808
Berea,147,64.767822265625,67.99539947509766,0.8975937541025144
Berea,148,42.91847229003906,45.05406951904297,0.9149076622806257
Berea,149,48.1136589050293,50.34263610839844,0.9286642161371624
Berea,150,48.436134338378906,52.54938888549805,0.930386535921465
Berea,151,43.59466552734375,46.51774978637695,0.9309611582401947
Berea,152,33.156166076660156,40.168121337890625,0.9285897628142142
Berea,153,35.34709548950195,40.87682342529297,0.9256468001680787
Berea,154,37.34963607788086,41.45941925048828,0.916684189915295
Berea,155,36.92185974121094,42.19998550415039,0.918728494190567
Berea,156,42.279701232910156,98.3530502319336,0.6071332951931403
Berea,157,34.74187469482422,82.45452117919922,0.657655541869151
Berea,158,37.430545806884766,88.05195617675781,0.6282730518410987
Berea,159,51.103553771972656,111.42265319824219,0.5628885476016425
Berea,160,74.25346374511719,94.0030288696289,0.7210780818407256
Berea,161,68.93718719482422,87.36228942871094,0.7725814485306801
Berea,162,73.54428100585938,87.86902618408203,0.7874789169102339
Berea,163,76.09281921386719,96.26573181152344,0.7437199913138632
Berea,164,82.64366912841797,96.92952728271484,0.7643286465763718
Berea,165,71.21305084228516,90.65730285644531,0.7490852145399445
Berea,166,57.466514587402344,75.70604705810547,0.7845734376463903
Berea,167,63.59928894042969,85.09910583496094,0.7632188103894036
Berea,168,26.375,41.88582992553711,0.8425982463021877
Berea,169,24.223186492919922,45.99174880981445,0.8066225271064912
Berea,170,25.621116638183594,48.47517395019531,0.8036711615038248
Berea,171,24.81727409362793,46.279579162597656,0.8145529193988055
Berea,172,40.12762451171875,44.955135345458984,0.9119908317560214
Berea,173,37.91567611694336,43.3447380065918,0.9070495612455335
Berea,174,41.04742431640625,45.01639938354492,0.9141387378688917
Berea,175,41.214969635009766,44.25802993774414,0.9140394176546581
Berea,176,30.72588348388672,36.36183547973633,0.9488901761320531
Berea,177,31.592788696289062,38.40536117553711,0.9376327018761358
Berea,178,29.252391815185547,35.36568069458008,0.9461674235002797
Berea,179,28.768098831176758,35.38935852050781,0.9423641826609945
Berea,180,14.50372314453125,24.56056022644043,0.9359902073897826
Berea,181,19.722618103027344,29.64253807067871,0.9233598841178313
Berea,182,14.493939399719238,25.930742263793945,0.918927518224069
Berea,183,15.06684398651123,25.015995025634766,0.9379323138695145
Berea,184,7.112286567687988,36.6008186340332,0.884410024492267
Berea,185,18.680612564086914,38.67445373535156,0.8892087539309892
Berea,186,14.163771629333496,33.737464904785156,0.9261233327342447
Berea,187,10.386785507202148,32.4717903137207,0.9299756125893586
Berea,188,16.73908805847168,33.81631851196289,0.9305703775081127
Berea,189,14.001960754394531,33.805599212646484,0.9298063968025457
Berea,190,14.25395393371582,28.818660736083984,0.939893983744904
Berea,191,23.9381046295166,34.18450927734375,0.9446423523209215
Berea,192,44.77205276489258,80.36109924316406,0.679217672056747
Berea,193,47.757747650146484,78.68241119384766,0.7059823190369534
Berea,194,43.402565002441406,79.40376281738281,0.6914579617237376
Berea,195,39.32125473022461,73.45877075195312,0.6993214876414848
Berea,196,40.19682693481445,45.89986801147461,0.9398254683010925
Berea,197,33.88092041015625,41.706573486328125,0.9304111868929877
Berea,198,36.88811111450195,42.949554443359375,0.9405489408976797
Berea,199,36.56420135498047,43.712257385253906,0.9384567080975483
Berea,200,37.559749603271484,52.871002197265625,0.8886178233637934
Berea,201,30.548452377319336,47.99167251586914,0.8951101802921658
Berea,202,30.225627899169922,47.161293029785156,0.8942520621887668
Berea,203,35.13175964355469,50.07334518432617,0.8958874671467985
Berea,204,22.016714096069336,35.85527420043945,0.9069052911881597
Berea,205,21.266836166381836,37.32932662963867,0.887742569813484
Berea,206,27.747312545776367,37.42716598510742,0.9098776373754263
Berea,207,22.916738510131836,37.40381622314453,0.8939340616036182
Berea,208,3.836893320083618,46.382972717285156,0.7211033806276075
Berea,209,4.904040336608887,47.6654052734375,0.7106647483299531
Berea,210,5.0429816246032715,54.10737991333008,0.6919338561084322
Berea,211,4.138871669769287,61.034202575683594,0.6618343625183123
Berea,212,28.835649490356445,51.02213668823242,0.8396088939126019
Berea,213,47.98366165161133,67.68902587890625,0.7993146029175042
Berea,214,29.936084747314453,51.3908805847168,0.8376954839733242
Berea,215,26.630094528198242,47.016197204589844,0.8558135267830008
Berea,216,13.039039611816406,54.91147232055664,0.6448616062560751
Berea,217,7.317799091339111,53.38071060180664,0.6555969907274791
Berea,218,4.901874542236328,56.33596420288086,0.6939621069037394
Berea,219,13.143206596374512,55.48994827270508,0.6258783784158529
Berea,220,33.75606918334961,41.009613037109375,0.866647358741307
Berea,221,28.73436164855957,37.25001525878906,0.869946682668147
Berea,222,30.549091339111328,37.032474517822266,0.8844877486049811
Berea,223,32.18174362182617,38.013641357421875,0.8779729447892518
