Dataset,Sample_Index,Bias_Error_,Magnitude_Error_,Correlation
Spherical Pores,0,13.048691749572754,31.091272354125977,0.8963850177067088
Spherical Pores,1,11.959501266479492,29.88250160217285,0.9102690381539135
Spherical Pores,2,8.687020301818848,33.701908111572266,0.8928158841925327
Spherical Pores,3,11.101879119873047,31.55088996887207,0.9112461380707413
Spherical Pores,4,15.035161018371582,35.021339416503906,0.921328456663122
Spherical Pores,5,9.384305000305176,32.87299728393555,0.9309440502847885
Spherical Pores,6,17.145177841186523,34.401634216308594,0.9252022175923741
Spherical Pores,7,14.689992904663086,34.158206939697266,0.9357202766152845
Spherical Pores,8,2.858635902404785,46.305545806884766,0.8461181607240081
Spherical Pores,9,7.534969806671143,41.50021743774414,0.8813721119122773
Spherical Pores,10,10.85415267944336,49.30189514160156,0.8374847075121407
Spherical Pores,11,4.56467342376709,41.27244186401367,0.8823241779964883
Spherical Pores,12,11.55103874206543,27.008317947387695,0.9399343330829734
Spherical Pores,13,14.691545486450195,32.15192794799805,0.9101463617385651
Spherical Pores,14,12.884124755859375,35.30801773071289,0.9020486706330936
Spherical Pores,15,13.770613670349121,28.46179962158203,0.9448709611984385
Spherical Pores,16,11.141035079956055,47.388004302978516,0.7926154671693009
Spherical Pores,17,14.54262924194336,44.298397064208984,0.8282538196843332
Spherical Pores,18,5.580018043518066,39.67402267456055,0.8672278766666829
Spherical Pores,19,13.336645126342773,46.263084411621094,0.8045100454341844
Spherical Pores,20,0.276925265789032,33.07737731933594,0.8893571617924861
Spherical Pores,21,6.861224174499512,29.52346420288086,0.9013349544099526
Spherical Pores,22,0.10695275664329529,39.99177932739258,0.8327957988903012
Spherical Pores,23,3.3094894886016846,34.5460319519043,0.8754363081339298
Spherical Pores,24,35.22867965698242,65.04610443115234,0.855417825580347
Spherical Pores,25,41.94424057006836,61.36861801147461,0.8569148654590748
Spherical Pores,26,37.753929138183594,66.32037353515625,0.8448509068283879
Spherical Pores,27,23.611513137817383,53.1967887878418,0.8409120435436249
Spherical Pores,28,36.819549560546875,89.9034423828125,0.7169653211501581
Spherical Pores,29,15.707548141479492,68.6332778930664,0.7418335522544895
Spherical Pores,30,24.58112144470215,82.27912139892578,0.7048889703190478
Spherical Pores,31,12.041289329528809,65.40937042236328,0.7428709620405347
Spherical Pores,32,7.401937961578369,21.809892654418945,0.9495454313247952
Spherical Pores,33,7.379984378814697,21.859683990478516,0.9483733569351501
Spherical Pores,34,2.4421730041503906,22.54511260986328,0.9481919184377201
Spherical Pores,35,5.22869348526001,22.10997200012207,0.951495666307707
Spherical Pores,36,4.20502233505249,25.633970260620117,0.9337607125053383
Spherical Pores,37,8.050544738769531,23.559818267822266,0.9395479720849197
Spherical Pores,38,8.566609382629395,22.327661514282227,0.9476976940428833
Spherical Pores,39,5.015725612640381,25.682886123657227,0.929946294712839
Spherical Pores,40,5.350374221801758,19.915834426879883,0.9593949895963106
Spherical Pores,41,6.996378421783447,20.497766494750977,0.9582943130633959
Spherical Pores,42,6.769598484039307,18.169132232666016,0.9632333083356285
Spherical Pores,43,12.752481460571289,21.2855281829834,0.9628722040007438
Spherical Pores,44,4.661500453948975,21.340938568115234,0.9603170668846831
Spherical Pores,45,4.20973539352417,23.254032135009766,0.9507083748762074
Spherical Pores,46,6.14335298538208,25.37040138244629,0.9437260651575902
Spherical Pores,47,7.586436748504639,24.168174743652344,0.9527005131336517
Spherical Pores,48,2.3732216358184814,29.516279220581055,0.9227499863593241
Spherical Pores,49,3.0471274852752686,31.40857696533203,0.9082968251171808
Spherical Pores,50,3.175572156906128,31.444766998291016,0.9071149780657838
Spherical Pores,51,1.412819266319275,29.88199806213379,0.9240355919078386
Spherical Pores,52,7.729719638824463,21.252958297729492,0.9332735481876753
Spherical Pores,53,9.15000057220459,25.147306442260742,0.9104382744930666
Spherical Pores,54,13.124488830566406,21.1295108795166,0.9421715958351508
Spherical Pores,55,7.053078651428223,26.093259811401367,0.9226991161804131
Spherical Pores,56,7.996650218963623,25.361459732055664,0.9496187580572543
Spherical Pores,57,15.05559253692627,29.84590721130371,0.9323330164401784
Spherical Pores,58,17.548175811767578,30.450353622436523,0.939718820260427
Spherical Pores,59,14.32363224029541,30.945144653320312,0.9269347523829015
Spherical Pores,60,18.653949737548828,45.11761474609375,0.8921774806978503
Spherical Pores,61,22.605327606201172,52.78893280029297,0.8625390372787064
Spherical Pores,62,21.720672607421875,59.529293060302734,0.8424743045870531
Spherical Pores,63,19.577070236206055,43.431297302246094,0.9001225766400986
Spherical Pores,64,9.18416976928711,14.142580032348633,0.9774730811118116
Spherical Pores,65,7.213738441467285,13.390446662902832,0.9764312741572492
Spherical Pores,66,7.417110919952393,14.134370803833008,0.9756742723972316
Spherical Pores,67,10.143074035644531,15.135519981384277,0.9766197684760738
Spherical Pores,68,1.7926273345947266,16.776220321655273,0.9653303154647439
Spherical Pores,69,3.7902379035949707,16.67548370361328,0.9669068207232506
Spherical Pores,70,1.4108906984329224,18.561647415161133,0.9566334734478738
Spherical Pores,71,1.3200782537460327,17.11199951171875,0.9625085015183344
Spherical Pores,72,17.584312438964844,22.05908966064453,0.9745312960097106
Spherical Pores,73,18.3275089263916,22.81429672241211,0.9776205920886499
Spherical Pores,74,17.639373779296875,22.6917667388916,0.9747869686934313
Spherical Pores,75,17.255321502685547,22.012937545776367,0.9767560763953502
Spherical Pores,76,3.662172555923462,14.566702842712402,0.9737214729069686
Spherical Pores,77,1.1693236827850342,13.142684936523438,0.9765895261772752
Spherical Pores,78,2.516451120376587,13.501694679260254,0.9779010083425317
Spherical Pores,79,4.745203495025635,14.617670059204102,0.9699212807488934
Spherical Pores,80,6.817955493927002,15.154810905456543,0.9788464975076875
Spherical Pores,81,9.028658866882324,14.700770378112793,0.9819935462582986
Spherical Pores,82,8.291111946105957,14.800168991088867,0.9774852669665322
Spherical Pores,83,11.229940414428711,17.08272361755371,0.9733323807447057
Spherical Pores,84,4.153951168060303,17.015615463256836,0.9626413806605418
Spherical Pores,85,4.285032749176025,15.671433448791504,0.9674897664091788
Spherical Pores,86,6.1023077964782715,16.117746353149414,0.9690595726464257
Spherical Pores,87,6.347903251647949,14.950321197509766,0.9722867005713925
Spherical Pores,88,9.443704605102539,13.974366188049316,0.9825598584675594
Spherical Pores,89,10.059504508972168,15.985271453857422,0.9725701330708425
Spherical Pores,90,11.770501136779785,16.98917007446289,0.9785209315809038
Spherical Pores,91,2.7232677936553955,10.71033763885498,0.986822648542009
Spherical Pores,92,15.620494842529297,20.034530639648438,0.9766957345923353
Spherical Pores,93,9.247905731201172,17.2579345703125,0.9777833362964033
Spherical Pores,94,12.607423782348633,20.431623458862305,0.9755722869129273
Spherical Pores,95,9.724727630615234,18.470462799072266,0.9739089348877321
Spherical Pores,96,5.145980358123779,11.671326637268066,0.9824830791190031
Spherical Pores,97,7.090429306030273,13.35922908782959,0.9804387815468514
Spherical Pores,98,7.880086898803711,13.127864837646484,0.9831516191325294
Spherical Pores,99,7.466922283172607,13.651729583740234,0.9803976226893982
Spherical Pores,100,4.731344223022461,13.02101993560791,0.9733447067324863
Spherical Pores,101,4.618504524230957,11.434305191040039,0.979669801479658
Spherical Pores,102,2.852325677871704,12.020023345947266,0.9764168917588346
Spherical Pores,103,3.371528148651123,11.377559661865234,0.9770321647822492
Spherical Pores,104,8.97751235961914,17.525949478149414,0.971329926137454
Spherical Pores,105,8.569501876831055,17.303861618041992,0.9701004436131027
Spherical Pores,106,9.026830673217773,16.522371292114258,0.9757571851090575
Spherical Pores,107,11.13836669921875,17.642375946044922,0.9735618381617587
Spherical Pores,108,9.412169456481934,11.553022384643555,0.9841282235809212
Spherical Pores,109,2.207726001739502,9.72148609161377,0.9851333768064837
Spherical Pores,110,4.933166980743408,10.65163516998291,0.9830782496198557
Spherical Pores,111,6.20866584777832,10.789643287658691,0.9833728776733083
Spherical Pores,112,2.275334119796753,17.440296173095703,0.9565029883757972
Spherical Pores,113,5.028192043304443,20.986434936523438,0.9391535614054156
Spherical Pores,114,4.386270046234131,20.007022857666016,0.9425629211890176
Spherical Pores,115,3.0360991954803467,20.753843307495117,0.9429384699201317
Spherical Pores,116,11.508828163146973,13.32304573059082,0.9820446629869164
Spherical Pores,117,11.471413612365723,12.1410493850708,0.9856368847430375
Spherical Pores,118,13.460444450378418,14.377018928527832,0.9812707555270759
Spherical Pores,119,11.49912166595459,14.073800086975098,0.9745436637837346
Spherical Pores,120,13.183945655822754,14.395880699157715,0.981449726978881
Spherical Pores,121,10.563000679016113,13.810601234436035,0.9709020889190962
Spherical Pores,122,7.682328224182129,11.582682609558105,0.981779970870629
Spherical Pores,123,9.585634231567383,13.061590194702148,0.9800283662011193
Spherical Pores,124,16.666685104370117,17.815921783447266,0.9826270122602686
Spherical Pores,125,15.230263710021973,16.133161544799805,0.9828841041714366
Spherical Pores,126,12.67293930053711,14.085153579711914,0.9849572290619572
Spherical Pores,127,15.234807968139648,16.005977630615234,0.9852232921178847
Spherical Grains,0,31.432886123657227,31.726533889770508,0.922876992983067
Spherical Grains,1,20.3507022857666,33.13587188720703,0.8933123423849197
Spherical Grains,2,29.229528427124023,37.14322280883789,0.9029729654498709
Spherical Grains,3,13.798051834106445,37.20640182495117,0.8913170113851298
Spherical Grains,4,5.95715856552124,16.913501739501953,0.9791210725495388
Spherical Grains,5,9.72844123840332,18.603883743286133,0.9806366163271231
Spherical Grains,6,6.262269496917725,17.409400939941406,0.9808503043869737
Spherical Grains,7,2.879321813583374,20.002452850341797,0.9724680777575144
Spherical Grains,8,21.646562576293945,30.65894889831543,0.9438630880930727
Spherical Grains,9,13.607916831970215,23.737197875976562,0.9519553849536139
Spherical Grains,10,16.629396438598633,29.175016403198242,0.9501187185203528
Spherical Grains,11,16.35641860961914,30.43511199951172,0.9401556507519528
Spherical Grains,12,4.486356258392334,52.48611831665039,0.8810361288297305
Spherical Grains,13,13.363550186157227,69.21404266357422,0.8597552509306863
Spherical Grains,14,14.986526489257812,46.520145416259766,0.9065311959169
Spherical Grains,15,4.216070175170898,45.130977630615234,0.9082391326320909
Spherical Grains,16,41.210906982421875,64.38291931152344,0.8437643858774918
Spherical Grains,17,28.091562271118164,62.48575210571289,0.8648133143318135
Spherical Grains,18,16.515350341796875,70.9826889038086,0.7444496436672787
Spherical Grains,19,36.13414764404297,69.29613494873047,0.7672706379666854
Spherical Grains,20,41.98256301879883,43.26409149169922,0.9402871995229337
Spherical Grains,21,37.0581169128418,40.14080810546875,0.9163993934196482
Spherical Grains,22,40.779502868652344,43.72162628173828,0.9087361073329456
Spherical Grains,23,37.11157989501953,40.3459587097168,0.9067807368474791
Spherical Grains,24,848.7666015625,1011.9635620117188,0.09492957281497069
Spherical Grains,25,873.777099609375,1107.656005859375,0.1285357942607367
Spherical Grains,26,1270.6951904296875,1699.28466796875,0.15613348538197377
Spherical Grains,27,1304.9100341796875,1729.9547119140625,0.12626053280463606
Spherical Grains,28,60.31315612792969,40.85396957397461,0.6873831501343363
Spherical Grains,29,55.01786804199219,39.43911361694336,0.5984878017336819
Spherical Grains,30,45.35361862182617,52.878353118896484,0.7936836025735338
Spherical Grains,31,55.07301712036133,60.656917572021484,0.6652792257145773
Spherical Grains,32,45.95797348022461,104.3910903930664,0.7169890455535375
Spherical Grains,33,24.0921688079834,91.15589904785156,0.6241160315576467
Spherical Grains,34,33.07709884643555,78.63599395751953,0.7769494799966173
Spherical Grains,35,42.51150131225586,108.0169906616211,0.6890716660388795
Spherical Grains,36,6.779880046844482,50.97761917114258,0.8225421779914044
Spherical Grains,37,9.831680297851562,59.13381576538086,0.8422058983279931
Spherical Grains,38,23.409423828125,49.35084915161133,0.8429392923681369
Spherical Grains,39,3.9506428241729736,60.93383026123047,0.7752487229508361
Spherical Grains,40,32.59418487548828,33.92368698120117,0.9411764072903621
Spherical Grains,41,13.514890670776367,23.949886322021484,0.9506804995097158
Spherical Grains,42,18.886075973510742,25.644384384155273,0.9652217969396306
Spherical Grains,43,30.880741119384766,34.15983581542969,0.9490474671415704
Spherical Grains,44,54.25791549682617,60.95751190185547,0.9425370948049859
Spherical Grains,45,59.0447998046875,65.88300323486328,0.9577484757243357
Spherical Grains,46,55.546329498291016,69.13298034667969,0.935038024765251
Spherical Grains,47,41.43658447265625,50.46883773803711,0.9524839311599769
Spherical Grains,48,17.66200065612793,22.909006118774414,0.9335549459854131
Spherical Grains,49,26.957406997680664,29.377490997314453,0.9362977541169556
Spherical Grains,50,19.35201072692871,28.685869216918945,0.9030447806688847
Spherical Grains,51,12.652609825134277,24.276473999023438,0.9175740122815627
Spherical Grains,52,1.3652464151382446,18.81021499633789,0.9515380020653151
Spherical Grains,53,8.159679412841797,25.217041015625,0.9368015878499834
Spherical Grains,54,3.9179255962371826,25.604507446289062,0.9370974673741372
Spherical Grains,55,4.749852180480957,16.46872329711914,0.9650622682233229
Spherical Grains,56,21.52399253845215,27.951683044433594,0.919298779256154
Spherical Grains,57,20.18218994140625,24.854846954345703,0.9300685477786608
Spherical Grains,58,27.422521591186523,29.073780059814453,0.9209096857387284
Spherical Grains,59,7.661009788513184,20.31502342224121,0.9575259071106669
Spherical Grains,60,192.84414672851562,43.189476013183594,0.3071951017446955
Spherical Grains,61,125.39186096191406,45.57859802246094,0.5005226581754169
Spherical Grains,62,118.49591827392578,59.71934509277344,0.4160197072362835
Spherical Grains,63,157.72418212890625,52.08369064331055,0.169825337645761
Spherical Grains,64,26.239459991455078,39.39419174194336,0.9091172500107246
Spherical Grains,65,32.95973205566406,39.29624557495117,0.9327197801054182
Spherical Grains,66,29.879257202148438,35.651100158691406,0.9539903503201632
Spherical Grains,67,22.282445907592773,34.0882453918457,0.925708813026967
Spherical Grains,68,28.92559814453125,32.19088363647461,0.9491807795918241
Spherical Grains,69,28.09493064880371,30.128742218017578,0.9570752175375217
Spherical Grains,70,27.03969383239746,29.251056671142578,0.9646973444510286
Spherical Grains,71,31.739212036132812,31.605287551879883,0.9511778092881346
Spherical Grains,72,31.41829490661621,34.19635772705078,0.9056977265566316
Spherical Grains,73,23.601829528808594,34.72015380859375,0.9355919397239719
Spherical Grains,74,28.776695251464844,38.395870208740234,0.8952331257381851
Spherical Grains,75,29.51495361328125,30.409772872924805,0.9520486786159278
Spherical Grains,76,43.639244079589844,42.25593185424805,0.9374885957525797
Spherical Grains,77,40.323768615722656,39.24129104614258,0.9681841188388042
Spherical Grains,78,36.09975814819336,35.28371810913086,0.9517780558251774
Spherical Grains,79,32.62339782714844,31.848093032836914,0.9675192496074992
Spherical Grains,80,41.41568374633789,41.689910888671875,0.9092349767405274
Spherical Grains,81,35.00022888183594,35.32048034667969,0.8979025356586544
Spherical Grains,82,41.24845886230469,42.436241149902344,0.9373076004145633
Spherical Grains,83,41.011966705322266,40.4412956237793,0.9372538289812397
Spherical Grains,84,12.868379592895508,33.60552978515625,0.9332517513291592
Spherical Grains,85,5.803047180175781,37.41423797607422,0.8955536546544705
Spherical Grains,86,12.740010261535645,36.891014099121094,0.9208469453565495
Spherical Grains,87,20.508716583251953,38.74970626831055,0.9237596745980224
Spherical Grains,88,24.760358810424805,33.83026123046875,0.9516532066127344
Spherical Grains,89,36.78400421142578,41.169464111328125,0.9362503701391803
Spherical Grains,90,29.453283309936523,32.27485656738281,0.9308883291743365
Spherical Grains,91,29.28722381591797,34.13777542114258,0.9592383925965025
Spherical Grains,92,2.943091630935669,30.289531707763672,0.8961168804769082
Spherical Grains,93,0.3254271149635315,33.5438117980957,0.9151212607600275
Spherical Grains,94,2.2916274070739746,26.007938385009766,0.9345835133664109
Spherical Grains,95,9.3214693069458,27.6393985748291,0.9050059124512041
Spherical Grains,96,8.551962852478027,25.551176071166992,0.9454319642904673
Spherical Grains,97,5.307765483856201,23.543210983276367,0.9505485150510882
Spherical Grains,98,8.590063095092773,19.465049743652344,0.9729731075794096
Spherical Grains,99,9.895188331604004,21.323345184326172,0.9626245095364119
Spherical Grains,100,23.989534378051758,25.63009262084961,0.9698575419106061
Spherical Grains,101,25.81101417541504,27.453157424926758,0.9532939844392925
Spherical Grains,102,25.567943572998047,28.704790115356445,0.9478329437999943
Spherical Grains,103,22.81693458557129,27.11874008178711,0.9361706463643249
Spherical Grains,104,4.748010635375977,19.203279495239258,0.962859541844261
Spherical Grains,105,1.9426318407058716,20.424352645874023,0.95348121840901
Spherical Grains,106,3.3983116149902344,17.285552978515625,0.965709871439744
Spherical Grains,107,0.16295896470546722,19.037784576416016,0.9534940674435194
Spherical Grains,108,4.686226844787598,23.01469612121582,0.942907202144842
Spherical Grains,109,19.58221435546875,29.579517364501953,0.9325542740197214
Spherical Grains,110,17.016664505004883,31.054319381713867,0.9176699286298268
Spherical Grains,111,14.908402442932129,28.958906173706055,0.9279853221464285
Spherical Grains,112,26.54039192199707,26.44015884399414,0.893101957602528
Spherical Grains,113,21.913362503051758,21.828998565673828,0.9375822571976802
Spherical Grains,114,20.546977996826172,22.769824981689453,0.9361753400132276
Spherical Grains,115,22.139270782470703,23.76120376586914,0.9185380860711575
Spherical Grains,116,15.666425704956055,20.478700637817383,0.9476651649072952
Spherical Grains,117,5.359825134277344,19.91187858581543,0.9488266397746542
Spherical Grains,118,8.080365180969238,20.86311912536621,0.943985937321855
Spherical Grains,119,12.983428955078125,24.183500289916992,0.9439347288743026
Spherical Grains,120,18.12184715270996,30.841514587402344,0.9334323834884871
Spherical Grains,121,11.743762016296387,30.9060001373291,0.9263768483092955
Spherical Grains,122,19.95954132080078,25.580795288085938,0.9653385670567419
Spherical Grains,123,11.071418762207031,27.711990356445312,0.9421635926147186
Spherical Grains,124,11.711798667907715,21.66813087463379,0.94504794791701
Spherical Grains,125,14.901902198791504,28.056053161621094,0.9201345934610302
Spherical Grains,126,12.96544075012207,23.263954162597656,0.943662767375823
Spherical Grains,127,4.475637435913086,30.65274429321289,0.9154249842044666
Cylindrical Pores,0,54.494876861572266,53.88597869873047,0.9053605387416095
Cylindrical Pores,1,59.38685989379883,59.23461151123047,0.9023369795958128
Cylindrical Pores,2,55.28794479370117,56.594764709472656,0.9126574855002676
Cylindrical Pores,3,54.811153411865234,54.85984420776367,0.9120711917626247
Cylindrical Pores,4,30.246145248413086,53.0463752746582,0.7203762143465955
Cylindrical Pores,5,44.73438262939453,66.87838745117188,0.5822720976111964
Cylindrical Pores,6,23.72733497619629,54.44798278808594,0.7203737947986171
Cylindrical Pores,7,39.50132751464844,54.249412536621094,0.8779288067104761
Cylindrical Pores,8,5.266695499420166,58.61198425292969,0.7751126020370026
Cylindrical Pores,9,22.346031188964844,41.20552444458008,0.8584719857361677
Cylindrical Pores,10,13.361970901489258,53.73191452026367,0.7491130454272774
Cylindrical Pores,11,20.776142120361328,43.381996154785156,0.8537879074308724
Cylindrical Pores,12,23.784835815429688,40.76338195800781,0.9142269374236531
Cylindrical Pores,13,26.214996337890625,43.51041030883789,0.8860967631665044
Cylindrical Pores,14,11.989959716796875,49.88072204589844,0.8425086730345711
Cylindrical Pores,15,23.923437118530273,48.566871643066406,0.8396284244409773
Cylindrical Pores,16,27.5891170501709,54.43899154663086,0.5973365823425179
Cylindrical Pores,17,46.58147430419922,69.15312194824219,0.6827963914971253
Cylindrical Pores,18,35.951148986816406,67.96829986572266,0.5415452152127359
Cylindrical Pores,19,36.5809326171875,71.19782257080078,0.5401655163002219
Cylindrical Pores,20,56.79179000854492,58.72437286376953,0.8481612768382281
Cylindrical Pores,21,47.379669189453125,53.61809539794922,0.899832870209268
Cylindrical Pores,22,55.0084342956543,56.05371856689453,0.9315336711772404
Cylindrical Pores,23,44.15912628173828,58.127899169921875,0.8388870142306022
Cylindrical Pores,24,63.13734817504883,64.19065856933594,0.9379275987814262
Cylindrical Pores,25,60.39372634887695,61.10490417480469,0.9688462955479124
Cylindrical Pores,26,61.600704193115234,62.41815185546875,0.9563472511379382
Cylindrical Pores,27,57.9408073425293,58.13029479980469,0.9256487109702475
Cylindrical Pores,28,32.367576599121094,52.7259407043457,0.7008529935488357
Cylindrical Pores,29,26.952198028564453,42.738189697265625,0.8330138429689483
Cylindrical Pores,30,16.13409996032715,57.856483459472656,0.6975869976318915
Cylindrical Pores,31,28.490732192993164,50.49447250366211,0.7427804073422676
Cylindrical Pores,32,28.94194984436035,52.53410720825195,0.8545474875709452
Cylindrical Pores,33,27.085351943969727,52.481563568115234,0.8079947328304984
Cylindrical Pores,34,27.123558044433594,54.332767486572266,0.8770342236998931
Cylindrical Pores,35,25.379913330078125,57.075828552246094,0.8239458989535101
Cylindrical Pores,36,31.306562423706055,45.53118133544922,0.756617074730711
Cylindrical Pores,37,36.10921096801758,43.892948150634766,0.8012976692428707
Cylindrical Pores,38,31.004817962646484,39.6820182800293,0.8666111203597462
Cylindrical Pores,39,38.580631256103516,46.762088775634766,0.7973122020434904
Cylindrical Pores,40,149.8085174560547,28.081687927246094,0.5931766538108902
Cylindrical Pores,41,190.62838745117188,37.58162307739258,0.3274404286435647
Cylindrical Pores,42,219.12818908691406,32.664119720458984,0.5327066655189963
Cylindrical Pores,43,222.36514282226562,34.28426742553711,0.418500961427749
Cylindrical Pores,44,25.72793197631836,66.20539093017578,0.6807984370905141
Cylindrical Pores,45,36.94272232055664,64.4361572265625,0.6771979581923252
Cylindrical Pores,46,31.511625289916992,61.15104675292969,0.674217202632477
Cylindrical Pores,47,36.598148345947266,67.96070861816406,0.6993256299671702
Cylindrical Pores,48,14.801629066467285,47.10003662109375,0.8027961159766156
Cylindrical Pores,49,4.620054721832275,47.75634765625,0.79092642738354
Cylindrical Pores,50,0.5479645133018494,51.046730041503906,0.7598503462031895
Cylindrical Pores,51,3.1525282859802246,52.70903778076172,0.772034256069606
Cylindrical Pores,52,1.398874282836914,51.08389663696289,0.7701275359900939
Cylindrical Pores,53,6.721663475036621,52.38433837890625,0.7508550094629597
Cylindrical Pores,54,5.035099506378174,45.665340423583984,0.7432756198344881
Cylindrical Pores,55,13.983598709106445,63.95153045654297,0.7107490100006126
Cylindrical Pores,56,32.73710632324219,37.357112884521484,0.8986881403487222
Cylindrical Pores,57,26.2344913482666,30.079320907592773,0.9275547382238307
Cylindrical Pores,58,29.933767318725586,31.537553787231445,0.9039694232699187
Cylindrical Pores,59,23.44166374206543,29.07018280029297,0.9298061404382253
Cylindrical Pores,60,44.513221740722656,43.71012878417969,0.9646321797505
Cylindrical Pores,61,56.150169372558594,55.33997344970703,0.9624847042619333
Cylindrical Pores,62,52.7149543762207,51.83721160888672,0.9552011430387689
Cylindrical Pores,63,59.595542907714844,59.24372482299805,0.9574675382021669
Cylindrical Pores,64,0.2925111949443817,52.74247741699219,0.815128401061637
Cylindrical Pores,65,12.114686965942383,88.87861633300781,0.6067500906664821
Cylindrical Pores,66,5.986955165863037,57.49913024902344,0.7533966906465687
Cylindrical Pores,67,2.394289970397949,76.55633544921875,0.6471437033574302
Cylindrical Pores,68,7.8199872970581055,55.85628128051758,0.810971107832542
Cylindrical Pores,69,16.109210968017578,41.65340042114258,0.8689773656949786
Cylindrical Pores,70,19.160728454589844,54.171844482421875,0.7799009870441288
Cylindrical Pores,71,5.444536209106445,50.56222152709961,0.8303106893240368
Cylindrical Pores,72,29.27379608154297,30.909210205078125,0.9679417706470416
Cylindrical Pores,73,29.098825454711914,31.42250633239746,0.9702026244036813
Cylindrical Pores,74,32.869354248046875,34.22837448120117,0.944022876859123
Cylindrical Pores,75,35.03090286254883,39.0308952331543,0.9506716310306849
Cylindrical Pores,76,35.2786865234375,38.04447937011719,0.9163546831913074
Cylindrical Pores,77,37.10969161987305,39.24465560913086,0.915887311707643
Cylindrical Pores,78,34.652503967285156,37.47261428833008,0.8749899363001332
Cylindrical Pores,79,33.909873962402344,39.32777404785156,0.882322748122669
Cylindrical Pores,80,23.614521026611328,28.760112762451172,0.9359654804907475
Cylindrical Pores,81,31.46217155456543,30.429443359375,0.9155875315952349
Cylindrical Pores,82,31.793500900268555,34.36982727050781,0.9227645967313706
Cylindrical Pores,83,33.69023132324219,33.17022705078125,0.9029817486569223
Cylindrical Pores,84,47.254005432128906,47.23291778564453,0.9546338695590444
Cylindrical Pores,85,51.45188522338867,51.80856704711914,0.9712529572104148
Cylindrical Pores,86,48.790836334228516,48.35002136230469,0.9482389051682073
Cylindrical Pores,87,47.356773376464844,47.1789665222168,0.9579864605437352
Cylindrical Pores,88,15.352934837341309,46.62486267089844,0.7164824054322788
Cylindrical Pores,89,23.775171279907227,42.559364318847656,0.6876892313569134
Cylindrical Pores,90,25.443422317504883,52.34735870361328,0.6459488315265216
Cylindrical Pores,91,27.679372787475586,46.06983184814453,0.6136169805201517
Cylindrical Pores,92,44.98577880859375,43.34712219238281,0.9373658823578369
Cylindrical Pores,93,50.55948257446289,49.6235466003418,0.9342827554961795
Cylindrical Pores,94,47.172645568847656,46.094112396240234,0.9419217650482388
Cylindrical Pores,95,43.829002380371094,43.01484298706055,0.9504717210132883
Cylindrical Pores,96,34.404052734375,34.99524688720703,0.9468453949580512
Cylindrical Pores,97,36.14572525024414,36.128849029541016,0.9426173053845998
Cylindrical Pores,98,35.04130172729492,34.96846389770508,0.9420726920215299
Cylindrical Pores,99,33.26236343383789,33.93991470336914,0.9552524210421757
Cylindrical Pores,100,38.014068603515625,37.99715805053711,0.9583983879438108
Cylindrical Pores,101,38.058311462402344,38.484371185302734,0.9610154781092247
Cylindrical Pores,102,43.17755889892578,42.861297607421875,0.9554749588692082
Cylindrical Pores,103,40.50819778442383,40.060768127441406,0.964869261753134
Cylindrical Pores,104,39.543521881103516,40.26527404785156,0.9526687537258386
Cylindrical Pores,105,40.31769943237305,40.65721893310547,0.9581466844383693
Cylindrical Pores,106,38.589324951171875,40.85503387451172,0.9323671224791722
Cylindrical Pores,107,40.858726501464844,41.24318313598633,0.947786370995196
Cylindrical Pores,108,40.01277542114258,39.0864143371582,0.9498492869817817
Cylindrical Pores,109,35.15371322631836,34.90681076049805,0.9623454441751411
Cylindrical Pores,110,40.23896789550781,39.22568893432617,0.9668813757474194
Cylindrical Pores,111,37.14025115966797,36.0096435546875,0.9475112680376535
Cylindrical Pores,112,36.91143798828125,39.3067741394043,0.943435740421323
Cylindrical Pores,113,33.58454132080078,33.998008728027344,0.9005432476851221
Cylindrical Pores,114,36.81511688232422,38.419921875,0.9451458550868764
Cylindrical Pores,115,34.169437408447266,36.00777816772461,0.8850223755195765
Cylindrical Pores,116,40.853755950927734,41.503692626953125,0.8982455304411527
Cylindrical Pores,117,40.643394470214844,40.55152130126953,0.9241301322469577
Cylindrical Pores,118,43.21820831298828,42.34989547729492,0.9075475234545587
Cylindrical Pores,119,45.59235382080078,44.798892974853516,0.8889254143631133
Cylindrical Grains,0,12.761911392211914,18.022371292114258,0.9704953358592134
Cylindrical Grains,1,4.725488185882568,17.03216552734375,0.9679804946856838
Cylindrical Grains,2,8.548540115356445,17.094087600708008,0.9728673214547787
Cylindrical Grains,3,11.814108848571777,19.696409225463867,0.9657668735703151
Cylindrical Grains,4,18.113073348999023,21.98501205444336,0.9748015317466721
Cylindrical Grains,5,17.03495216369629,22.962539672851562,0.9735710809848613
Cylindrical Grains,6,16.28953742980957,24.47576141357422,0.9639800855309673
Cylindrical Grains,7,21.997543334960938,26.16852378845215,0.9641388838770777
Cylindrical Grains,8,32.28458786010742,42.20036697387695,0.9485550837702588
Cylindrical Grains,9,29.020172119140625,38.086456298828125,0.940520036486389
Cylindrical Grains,10,28.600860595703125,40.887657165527344,0.9196377053476175
Cylindrical Grains,11,22.36241912841797,33.71778106689453,0.9410581241892608
Cylindrical Grains,12,2.456521511077881,16.48241424560547,0.9540265956876246
Cylindrical Grains,13,10.782967567443848,19.399499893188477,0.9455800433284131
Cylindrical Grains,14,5.540001392364502,18.300434112548828,0.9545471354090977
Cylindrical Grains,15,10.72158145904541,19.628511428833008,0.9419694521150586
Cylindrical Grains,16,4.374500751495361,40.47079849243164,0.7746800285682153
Cylindrical Grains,17,12.844514846801758,28.491214752197266,0.8836733628859085
Cylindrical Grains,18,3.4662914276123047,37.609500885009766,0.8356480548373749
Cylindrical Grains,19,7.631708145141602,42.213050842285156,0.8128717466886722
Cylindrical Grains,20,24.231250762939453,24.576061248779297,0.9687596969933301
Cylindrical Grains,21,22.224201202392578,24.49654197692871,0.9630886727378813
Cylindrical Grains,22,21.88686180114746,22.98744773864746,0.9642962735145573
Cylindrical Grains,23,26.128442764282227,25.908960342407227,0.9622846535660333
Cylindrical Grains,24,24.81346893310547,52.64537811279297,0.8300344049743176
Cylindrical Grains,25,13.241634368896484,44.8802490234375,0.8343094011228631
Cylindrical Grains,26,7.250999450683594,41.2084846496582,0.8467944058950517
Cylindrical Grains,27,5.733312606811523,37.48670196533203,0.8649194089654221
Cylindrical Grains,28,22.37254524230957,26.58561134338379,0.9584778682123755
Cylindrical Grains,29,17.260372161865234,22.706880569458008,0.9614291921026418
Cylindrical Grains,30,18.67500877380371,23.754703521728516,0.9485232665488046
Cylindrical Grains,31,19.784273147583008,24.829172134399414,0.9333311281741419
Cylindrical Grains,32,34.01295852661133,35.35017776489258,0.9470056383860912
Cylindrical Grains,33,29.17572593688965,30.922405242919922,0.9503786745233265
Cylindrical Grains,34,29.156742095947266,31.01500701904297,0.9635707523677279
Cylindrical Grains,35,35.084571838378906,37.63024139404297,0.9190014894955645
Cylindrical Grains,36,8.544952392578125,26.200550079345703,0.9477552142052957
Cylindrical Grains,37,10.31815242767334,22.813549041748047,0.9600182953071769
Cylindrical Grains,38,10.393333435058594,22.7323055267334,0.9644259316685162
Cylindrical Grains,39,12.122517585754395,22.404470443725586,0.9612543039718616
Cylindrical Grains,40,26.713890075683594,38.91630554199219,0.9405051616314787
Cylindrical Grains,41,33.399532318115234,41.074790954589844,0.94071420994341
Cylindrical Grains,42,12.661556243896484,32.8986701965332,0.9306915536060867
Cylindrical Grains,43,42.482421875,49.80903625488281,0.9403056269609552
Cylindrical Grains,44,44.611663818359375,43.25126647949219,0.9049565551771628
Cylindrical Grains,45,57.202430725097656,58.75652313232422,0.9236268064429359
Cylindrical Grains,46,27.6446533203125,35.78147506713867,0.8814196019181826
Cylindrical Grains,47,36.684242248535156,39.817508697509766,0.9187434113758199
Cylindrical Grains,48,21.595060348510742,22.414331436157227,0.967661692921349
Cylindrical Grains,49,26.34439468383789,29.08218002319336,0.9298761171545586
Cylindrical Grains,50,18.77616310119629,21.796295166015625,0.9628430557290444
Cylindrical Grains,51,14.54515266418457,29.1972599029541,0.8822838306836096
Cylindrical Grains,52,3.518558979034424,40.14899826049805,0.8909481451780636
Cylindrical Grains,53,13.144791603088379,43.406349182128906,0.9043710094052364
Cylindrical Grains,54,5.116123676300049,42.388389587402344,0.8871360309846071
Cylindrical Grains,55,2.0141561031341553,49.132720947265625,0.8147142780492691
Cylindrical Grains,56,12.87565803527832,37.79643249511719,0.8201407403802383
Cylindrical Grains,57,10.569066047668457,32.05569076538086,0.8474121199277308
Cylindrical Grains,58,3.4075188636779785,33.22490310668945,0.8840392046055492
Cylindrical Grains,59,4.21231746673584,35.405181884765625,0.8289376693094361
Cylindrical Grains,60,4.376450538635254,26.545072555541992,0.9364736141315013
Cylindrical Grains,61,11.299762725830078,30.34808349609375,0.8790886804731631
Cylindrical Grains,62,10.637892723083496,23.443748474121094,0.9370627598379824
Cylindrical Grains,63,7.302549839019775,19.18498420715332,0.9365053242564904
Cylindrical Grains,64,38.27431106567383,43.11393356323242,0.7847339293276421
Cylindrical Grains,65,32.589717864990234,38.466548919677734,0.8208460965939641
Cylindrical Grains,66,39.012699127197266,46.46079635620117,0.6709919543213699
Cylindrical Grains,67,35.843017578125,38.36439514160156,0.9183299909786693
Cylindrical Grains,68,18.52713394165039,47.243385314941406,0.8667767854045985
Cylindrical Grains,69,30.51222801208496,75.81463623046875,0.7213616783461047
Cylindrical Grains,70,2.7710533142089844,32.95919418334961,0.8780546471747659
Cylindrical Grains,71,9.328279495239258,45.03960037231445,0.8463112822032668
Cylindrical Grains,72,22.624744415283203,37.665069580078125,0.9460643933120919
Cylindrical Grains,73,22.81890869140625,47.59903335571289,0.8737073535299196
Cylindrical Grains,74,33.303165435791016,59.88697814941406,0.9076772407571158
Cylindrical Grains,75,24.4534854888916,44.00130844116211,0.9469655632616042
Cylindrical Grains,76,11.440664291381836,30.323162078857422,0.908933501019199
Cylindrical Grains,77,34.320804595947266,52.870426177978516,0.8901325884820697
Cylindrical Grains,78,17.110837936401367,38.05192565917969,0.90867960457727
Cylindrical Grains,79,22.145492553710938,50.45706558227539,0.8418817776293785
Cylindrical Grains,80,36.77891540527344,39.26500701904297,0.8494216979722119
Cylindrical Grains,81,43.65330123901367,42.84535217285156,0.9187761788654562
Cylindrical Grains,82,46.75749206542969,47.034454345703125,0.8588528422575198
Cylindrical Grains,83,44.17250061035156,45.33531188964844,0.8947900254738169
Cylindrical Grains,84,274.77545166015625,438.8173828125,0.2953075493502119
Cylindrical Grains,85,160.9338836669922,258.2918395996094,0.40940583089375043
Cylindrical Grains,86,147.87603759765625,266.0372009277344,0.2941097884060445
Cylindrical Grains,87,102.13011932373047,179.58241271972656,0.45048518725155384
Cylindrical Grains,88,65.0018081665039,58.23244857788086,0.9002772556450092
Cylindrical Grains,89,75.72533416748047,76.11073303222656,0.8272539842062884
Cylindrical Grains,90,58.250667572021484,51.76058578491211,0.9218675980219423
Cylindrical Grains,91,36.845542907714844,48.20015335083008,0.8909476703879716
Cylindrical Grains,92,3.2635207176208496,36.04024124145508,0.8958381616137226
Cylindrical Grains,93,2.7925446033477783,56.76154327392578,0.7775303832339454
Cylindrical Grains,94,1.5338983535766602,57.533302307128906,0.7576260207967336
Cylindrical Grains,95,0.8223877549171448,57.248268127441406,0.7994402325901339
Bentheimer,0,25.14216423034668,46.38058090209961,0.7848347490762084
Bentheimer,1,12.297362327575684,45.51643753051758,0.8318349497413513
Bentheimer,2,1.1981171369552612,54.49889373779297,0.8240425635634191
Bentheimer,3,21.16742515563965,50.11650085449219,0.7400253420249013
Bentheimer,4,29.707077026367188,64.9620590209961,0.7508984070863236
Bentheimer,5,24.78434181213379,68.22640228271484,0.7433541922945217
Bentheimer,6,18.5266056060791,51.89311218261719,0.788449319583906
Bentheimer,7,18.417213439941406,56.25274658203125,0.7487571422074006
Bentheimer,8,33.39909744262695,78.39744567871094,0.7846264943931835
Bentheimer,9,64.06212615966797,96.15351867675781,0.7761391641558967
Bentheimer,10,77.16553497314453,100.03792572021484,0.803207925719819
Bentheimer,11,35.39984893798828,66.8359603881836,0.8290711239040381
Bentheimer,12,27.336185455322266,82.85697174072266,0.6675489514732198
Bentheimer,13,38.17853927612305,84.51957702636719,0.6989042019895078
Bentheimer,14,35.1667594909668,77.07910919189453,0.7680180648623325
Bentheimer,15,9.323655128479004,66.37925720214844,0.7036125907751773
Bentheimer,16,0.8369260430335999,46.14706802368164,0.9008268089230435
Bentheimer,17,8.448369979858398,60.486209869384766,0.843666075214693
Bentheimer,18,9.218526840209961,49.152992248535156,0.8821134334351703
Bentheimer,19,1.4488006830215454,52.068634033203125,0.8481392651712762
Bentheimer,20,22.956958770751953,62.793678283691406,0.7905405416875371
Bentheimer,21,2.2591288089752197,34.56336212158203,0.9002844941476293
Bentheimer,22,4.553382396697998,41.16029739379883,0.8533550485593449
Bentheimer,23,1.9659456014633179,38.723270416259766,0.890087603356046
Bentheimer,24,31.584779739379883,36.30524444580078,0.9292055095097445
Bentheimer,25,35.47536849975586,40.61483383178711,0.9173882875273366
Bentheimer,26,33.470096588134766,39.357460021972656,0.8894040033234321
Bentheimer,27,37.056392669677734,43.234012603759766,0.9036132304881568
Bentheimer,28,38.40888214111328,37.9447021484375,0.9360881647463704
Bentheimer,29,40.86933898925781,40.0327262878418,0.9726709124658114
Bentheimer,30,31.988351821899414,31.744386672973633,0.9338104094897838
Bentheimer,31,25.936447143554688,26.66187286376953,0.9510761214868642
Bentheimer,32,383.1449279785156,519.9938354492188,0.3016825292039874
Bentheimer,33,605.6477661132812,785.8075561523438,0.2663589352682556
Bentheimer,34,446.35296630859375,594.7667846679688,0.28422261078047406
Bentheimer,35,558.0234985351562,759.4129638671875,0.28875532207146865
Bentheimer,36,55.222869873046875,55.809146881103516,0.8725619386986163
Bentheimer,37,41.3216667175293,42.60264587402344,0.9326596348435575
Bentheimer,38,46.13669204711914,46.531585693359375,0.9338702957763452
Bentheimer,39,49.1270751953125,51.2347412109375,0.9561466910436459
Bentheimer,40,49.49314498901367,49.170936584472656,0.9536468044219186
Bentheimer,41,46.61000442504883,47.61091232299805,0.9270958522321929
Bentheimer,42,54.99505615234375,55.79291534423828,0.9155704049193663
Bentheimer,43,48.93739318847656,48.920406341552734,0.9435291511835623
Bentheimer,44,41.81837844848633,46.45092010498047,0.9178188961982543
Bentheimer,45,34.0307502746582,42.08845901489258,0.9271904735174346
Bentheimer,46,43.760833740234375,46.85512924194336,0.9197725288258721
Bentheimer,47,44.680145263671875,51.79936599731445,0.8972946607938628
Bentheimer,48,7.710881233215332,53.80668258666992,0.651768647901303
Bentheimer,49,16.214824676513672,57.759613037109375,0.35969332330647874
Bentheimer,50,2.115715980529785,58.88574981689453,0.42536388006612347
Bentheimer,51,26.80632781982422,55.63615798950195,0.5091588625039867
Bentheimer,52,3.3913321495056152,25.97974967956543,0.9273434351075475
Bentheimer,53,10.75387191772461,35.09042739868164,0.8964525587773128
Bentheimer,54,9.701171875,37.24382781982422,0.8913690111162753
Bentheimer,55,23.536767959594727,44.538421630859375,0.8681398965351091
Bentheimer,56,19.999902725219727,41.80778884887695,0.8629355668984804
Bentheimer,57,3.996854782104492,66.23762512207031,0.7666477335143689
Bentheimer,58,25.061630249023438,73.72145080566406,0.8046858061239381
Bentheimer,59,8.211501121520996,62.383155822753906,0.7533325764888881
Bentheimer,60,17.76774787902832,38.24615478515625,0.8599260824660261
Bentheimer,61,25.635128021240234,48.557315826416016,0.8114847401676345
Bentheimer,62,36.11308288574219,53.017181396484375,0.8488137631099947
Bentheimer,63,31.62647819519043,48.64674377441406,0.8393019359899099
Bentheimer,64,17.639612197875977,36.03387451171875,0.9021847407798615
Bentheimer,65,23.641517639160156,39.95105743408203,0.9161526963971067
Bentheimer,66,27.587238311767578,31.748638153076172,0.9260840121452002
Bentheimer,67,18.979839324951172,30.666440963745117,0.940849874546586
Bentheimer,68,1.529351830482483,40.70566177368164,0.8608019950751218
Bentheimer,69,2.317744493484497,62.51091003417969,0.7004331136536026
Bentheimer,70,8.437394142150879,47.196266174316406,0.8271297658777326
Bentheimer,71,5.95447301864624,50.058143615722656,0.8063097567329832
Bentheimer,72,73.56329345703125,89.12378692626953,0.740597885816419
Bentheimer,73,51.07445526123047,76.51663208007812,0.7272133009338984
Bentheimer,74,72.56755065917969,84.77054595947266,0.7676212431172186
Bentheimer,75,81.059814453125,107.22356414794922,0.6700997049510913
Bentheimer,76,18.038972854614258,45.13180923461914,0.820116946893083
Bentheimer,77,26.797393798828125,41.158294677734375,0.852163066414838
Bentheimer,78,32.0421257019043,48.608848571777344,0.8629348419593004
Bentheimer,79,16.658594131469727,40.55232238769531,0.8546509717395898
Bentheimer,80,7.348562240600586,55.21669387817383,0.7265489253308577
Bentheimer,81,1.1507444381713867,50.833126068115234,0.6986428861081047
Bentheimer,82,2.839158773422241,52.852882385253906,0.7334844518405326
Bentheimer,83,0.6717845797538757,46.467918395996094,0.7273190351123529
Bentheimer,84,202.0240478515625,246.24533081054688,0.5526328755893616
Bentheimer,85,179.1861572265625,233.8762664794922,0.5284407343929998
Bentheimer,86,140.6864471435547,191.15245056152344,0.5226402184474129
Bentheimer,87,160.79481506347656,204.75494384765625,0.5458252578620744
Bentheimer,88,30.35760498046875,54.21753692626953,0.9182983483862615
Bentheimer,89,24.789073944091797,53.775413513183594,0.8930010768914165
Bentheimer,90,23.346757888793945,56.120723724365234,0.9162133845193489
Bentheimer,91,7.994807243347168,53.046932220458984,0.8709559373602518
Bentheimer,92,20.246126174926758,29.41962242126465,0.927088740265112
Bentheimer,93,9.525065422058105,31.082626342773438,0.9251615704064488
Bentheimer,94,32.300724029541016,41.60403823852539,0.8444793890001817
Bentheimer,95,26.260643005371094,35.36318588256836,0.9448672808955048
Bentheimer,96,36.940120697021484,47.876495361328125,0.9017144547687157
Bentheimer,97,27.533456802368164,42.66162872314453,0.9064583112830471
Bentheimer,98,36.962257385253906,55.02492904663086,0.8179199300345918
Bentheimer,99,38.70606231689453,49.59669876098633,0.8587579595653619
Bentheimer,100,39.79500961303711,44.26789093017578,0.9145991764273149
Bentheimer,101,35.438636779785156,40.666446685791016,0.9515290620989861
Bentheimer,102,26.523191452026367,35.991172790527344,0.9401609534719843
Bentheimer,103,36.747798919677734,41.313201904296875,0.9173374627285286
Bentheimer,104,21.831811904907227,49.10002899169922,0.7826348964444877
Bentheimer,105,30.408000946044922,35.5353889465332,0.8856104254287042
Bentheimer,106,30.48005485534668,32.1770133972168,0.9206599652689235
Bentheimer,107,9.501594543457031,45.769996643066406,0.8298684362026126
Bentheimer,108,15.590593338012695,25.930227279663086,0.9608304101485691
Bentheimer,109,25.566898345947266,44.11275863647461,0.889814236717653
Bentheimer,110,27.384456634521484,36.53455352783203,0.9626292808270361
Bentheimer,111,20.0049991607666,31.373647689819336,0.9125113416217817
Bentheimer,112,101.06621551513672,131.10708618164062,0.7304268235152159
Bentheimer,113,78.68540954589844,115.2406005859375,0.6822662711450538
Bentheimer,114,85.89348602294922,117.65550994873047,0.7781571373348912
Bentheimer,115,69.18954467773438,102.4981918334961,0.7951497282288129
Bentheimer,116,11.931313514709473,39.395599365234375,0.8391047827538879
Bentheimer,117,5.753163814544678,43.13625717163086,0.82086022190172
Bentheimer,118,9.896103858947754,37.31196594238281,0.8643838713401357
Bentheimer,119,9.817008018493652,35.01454544067383,0.889689641888525
Bentheimer,120,50.19294738769531,49.86989974975586,0.9451569302200656
Bentheimer,121,30.218978881835938,32.67879867553711,0.9635897351141741
Bentheimer,122,48.77703857421875,49.240875244140625,0.951789613243214
Bentheimer,123,47.155250549316406,47.32536697387695,0.9602844685220651
Bentheimer,124,34.26881790161133,33.41807174682617,0.9382048409500117
Bentheimer,125,38.045753479003906,38.448326110839844,0.9749839232565549
Bentheimer,126,40.54817199707031,41.991111755371094,0.9431806303708223
Bentheimer,127,37.43866729736328,37.83507537841797,0.9590185137673334
Bentheimer,128,288.2627258300781,404.8753356933594,0.48275373529846455
Bentheimer,129,318.45245361328125,437.6216735839844,0.4553823100671911
Bentheimer,130,263.60931396484375,364.5305480957031,0.520043567641727
Bentheimer,131,322.7946472167969,443.1710510253906,0.5033240158469364
Bentheimer,132,27.359207153320312,32.640106201171875,0.9590379118847191
Bentheimer,133,31.189912796020508,38.80995178222656,0.9424041139587341
Bentheimer,134,35.39824676513672,43.14306640625,0.9279879153683165
Bentheimer,135,28.994043350219727,39.71072006225586,0.90920798534831
Bentheimer,136,37.42409896850586,37.392822265625,0.9651280194049108
Bentheimer,137,30.17957305908203,31.29523277282715,0.9291653809838748
Bentheimer,138,39.22254180908203,40.305843353271484,0.9406567780415815
Bentheimer,139,36.37112045288086,35.67822265625,0.954472711671994
Bentheimer,140,19.16176986694336,44.256683349609375,0.8720710673605129
Bentheimer,141,36.64994430541992,60.35906982421875,0.9066061554796299
Bentheimer,142,39.8832893371582,69.16587829589844,0.8728280804385905
Bentheimer,143,62.7271614074707,94.58621215820312,0.8043995262881619
Bentheimer,144,9.613849639892578,29.936363220214844,0.9395055844202247
Bentheimer,145,2.135606527328491,30.755149841308594,0.9377536104845422
Bentheimer,146,6.536763668060303,26.0214900970459,0.9611801587988794
Bentheimer,147,19.278905868530273,32.082794189453125,0.9176421277213822
Bentheimer,148,25.88261604309082,39.17607879638672,0.8823869398223149
Bentheimer,149,33.43606948852539,41.937137603759766,0.9104225199325993
Bentheimer,150,40.687740325927734,45.389888763427734,0.9300515197276161
Bentheimer,151,35.585018157958984,45.282135009765625,0.8976701635828441
Bentheimer,152,19.53961181640625,22.50018882751465,0.9424576160485657
Bentheimer,153,10.696714401245117,25.831336975097656,0.9258796896573631
Bentheimer,154,19.726455688476562,24.020706176757812,0.9509657376921282
Bentheimer,155,13.879996299743652,24.41788101196289,0.924985718854379
Bentheimer,156,17.868310928344727,32.92841720581055,0.9612170674926037
Bentheimer,157,5.578779697418213,44.12832260131836,0.9170330710842237
Bentheimer,158,2.1694071292877197,37.64790344238281,0.9318780044394481
Bentheimer,159,1.2515699863433838,31.18323516845703,0.9532523511536246
Bentheimer,160,17.624969482421875,22.466676712036133,0.966661799828944
Bentheimer,161,20.679622650146484,25.278564453125,0.970291894679595
Bentheimer,162,12.007530212402344,21.094778060913086,0.9696462346336268
Bentheimer,163,19.99481964111328,25.34082794189453,0.9523147504369237
Bentheimer,164,11.69504165649414,28.401018142700195,0.9108235217363206
Bentheimer,165,22.474132537841797,32.32493209838867,0.9103604345965179
Bentheimer,166,36.67119216918945,40.34609603881836,0.9203152519425273
Bentheimer,167,16.607521057128906,30.116575241088867,0.8667033995334574
Bentheimer,168,0.0006691746530123055,56.26543426513672,0.7742356386591103
Bentheimer,169,7.196442604064941,60.30105209350586,0.7859600790435117
Bentheimer,170,13.841277122497559,57.29469680786133,0.7994794211059058
Bentheimer,171,41.37051773071289,67.13166046142578,0.793899903068148
Bentheimer,172,16.3848934173584,21.879133224487305,0.9548635401820436
Bentheimer,173,22.217601776123047,33.39003372192383,0.8966179975191757
Bentheimer,174,36.958404541015625,36.34479522705078,0.9372026536774195
Bentheimer,175,35.053428649902344,34.51609420776367,0.9353733293135696
Bentheimer,176,14.199446678161621,34.48416519165039,0.870473523356199
Bentheimer,177,17.211841583251953,30.874162673950195,0.8910582812591671
Bentheimer,178,7.672844886779785,21.746868133544922,0.9431139303907404
Bentheimer,179,1.7985402345657349,19.932039260864258,0.9351453049264968
Bentheimer,180,92.93146514892578,140.07626342773438,0.6730153214225599
Bentheimer,181,76.39434051513672,116.10899353027344,0.7254676070989091
Bentheimer,182,68.55909729003906,111.5345458984375,0.676640726057395
Bentheimer,183,73.11912536621094,119.03495788574219,0.6583912379391815
Bentheimer,184,19.204181671142578,83.17264556884766,0.7523225850840841
Bentheimer,185,6.776357650756836,77.78788757324219,0.7091444906648038
Bentheimer,186,22.797576904296875,82.04890441894531,0.7463148477810243
Bentheimer,187,10.217266082763672,81.5579605102539,0.6958429360048219
Bentheimer,188,5.43948221206665,26.303647994995117,0.9272281009531012
Bentheimer,189,9.235625267028809,21.947450637817383,0.9444872553809013
Bentheimer,190,3.133474826812744,17.89490509033203,0.9607772164758324
Bentheimer,191,9.484691619873047,25.857601165771484,0.9495346584874418
Bentheimer,192,22.68143653869629,44.14460372924805,0.8492045282231983
Bentheimer,193,1.9958345890045166,40.88161849975586,0.8917565078596323
Bentheimer,194,28.882539749145508,50.06375503540039,0.8134162284328642
Bentheimer,195,8.034235954284668,52.21308517456055,0.8092613402276663
Bentheimer,196,18.188426971435547,25.441770553588867,0.9217983010344081
Bentheimer,197,12.916497230529785,18.980268478393555,0.9713734548059438
Bentheimer,198,3.306246042251587,19.770418167114258,0.9678624738290598
Bentheimer,199,23.411863327026367,30.94489097595215,0.9327827552973911
Bentheimer,200,48.75493240356445,51.44095993041992,0.8611922710144372
Bentheimer,201,52.02722930908203,54.75691604614258,0.9367681422350976
Bentheimer,202,53.68056869506836,57.678184509277344,0.879812020270811
Bentheimer,203,33.031517028808594,34.37334442138672,0.9567769293580348
Bentheimer,204,174.1373748779297,245.77401733398438,0.47210072092315775
Bentheimer,205,151.74859619140625,236.4829559326172,0.43682958311043923
Bentheimer,206,182.9454803466797,268.3464050292969,0.4697924164157836
Bentheimer,207,239.89923095703125,317.62933349609375,0.4747098647336451
Bentheimer,208,39.496116638183594,48.305641174316406,0.90894316642792
Bentheimer,209,35.546409606933594,48.227882385253906,0.9106244416621515
Bentheimer,210,33.181034088134766,48.91025161743164,0.9095668580268016
Bentheimer,211,21.79176139831543,43.3112907409668,0.9134409254658757
Bentheimer,212,22.08326530456543,25.696434020996094,0.9485449168064416
Bentheimer,213,22.492708206176758,26.865406036376953,0.9635574942596886
Bentheimer,214,20.970417022705078,27.598724365234375,0.93073217278865
Bentheimer,215,32.418800354003906,39.106971740722656,0.8937069962523773
Bentheimer,216,39.44542694091797,45.310062408447266,0.9321155728839305
Bentheimer,217,52.680850982666016,56.139854431152344,0.9124495920813163
Bentheimer,218,44.824771881103516,48.49192428588867,0.9217865296794098
Bentheimer,219,52.44011306762695,54.175994873046875,0.9242375656468894
Bentheimer,220,42.30879592895508,55.787296295166016,0.8218793966611762
Bentheimer,221,40.389869689941406,57.854129791259766,0.7659677622208815
Bentheimer,222,44.156455993652344,53.700172424316406,0.8218923982395948
Bentheimer,223,33.363243103027344,46.142879486083984,0.9083722640748298
Bentheimer,224,8.429325103759766,66.40108489990234,0.6852025854147653
Bentheimer,225,4.239140033721924,53.959197998046875,0.7984740703269322
Bentheimer,226,8.410813331604004,55.60480880737305,0.7842020225794025
Bentheimer,227,8.862863540649414,57.28298568725586,0.7641701330657086
Bentheimer,228,6.588088035583496,25.021581649780273,0.9331370232504305
Bentheimer,229,6.829202175140381,19.297256469726562,0.9552514468971459
Bentheimer,230,1.9585883617401123,17.436809539794922,0.9682239017179788
Bentheimer,231,6.412586212158203,20.597698211669922,0.9468857253676695
Bentheimer,232,12.090429306030273,42.931396484375,0.8946115327254345
Bentheimer,233,12.1677827835083,37.35761260986328,0.9483996165614911
Bentheimer,234,1.2817689180374146,40.62546157836914,0.9093196359366142
Bentheimer,235,7.681865692138672,36.904510498046875,0.9338470881970475
Bentheimer,236,25.98287010192871,32.84138488769531,0.931853250268127
Bentheimer,237,24.568958282470703,29.448190689086914,0.9594198521787893
Bentheimer,238,23.445341110229492,28.747892379760742,0.9596660416917221
Bentheimer,239,23.63155746459961,26.860923767089844,0.9585639308793414
Bentheimer,240,19.7683048248291,61.659934997558594,0.7144655069481043
Bentheimer,241,19.844247817993164,51.92660140991211,0.7475201510711922
Bentheimer,242,19.771652221679688,64.90837097167969,0.6466903006513918
Bentheimer,243,23.478227615356445,52.31267547607422,0.6742196807082963
Bentheimer,244,15.852238655090332,32.301795959472656,0.938298209696236
Bentheimer,245,10.59843921661377,40.8253288269043,0.8941306180579386
Bentheimer,246,6.656049728393555,35.25740051269531,0.8982881270718024
Bentheimer,247,21.30478858947754,34.80290985107422,0.9260699257532359
Bentheimer,248,7.309430122375488,35.70137405395508,0.8685380366727457
Bentheimer,249,3.5174834728240967,25.418357849121094,0.953636619001531
Bentheimer,250,3.665158271789551,24.431232452392578,0.9456957608560334
Bentheimer,251,4.169947147369385,34.13484191894531,0.91012353072915
Bentheimer,252,40.04569625854492,57.97802734375,0.8648445363450734
Bentheimer,253,43.93606185913086,54.55604553222656,0.8409520780103088
Bentheimer,254,19.677204132080078,52.009769439697266,0.8543279313364465
Bentheimer,255,38.896995544433594,56.721900939941406,0.827052181214939
Bentheimer,256,40.80971145629883,44.471519470214844,0.9014407741112482
Bentheimer,257,43.155513763427734,45.95734405517578,0.8985762151737509
Bentheimer,258,44.169246673583984,46.7905387878418,0.8872715632814309
Bentheimer,259,50.71240234375,52.60962677001953,0.8741592324594921
Bentheimer,260,21.556716918945312,35.61317825317383,0.8617669725749045
Bentheimer,261,19.4879093170166,30.46981430053711,0.9127214836150974
Bentheimer,262,10.655362129211426,30.88892364501953,0.9008563283430906
Bentheimer,263,4.807074069976807,22.699926376342773,0.9314719803944069
Bentheimer,264,39.048282623291016,42.38833999633789,0.9339178855821121
Bentheimer,265,33.12683868408203,33.939334869384766,0.9785607164631146
Bentheimer,266,28.115520477294922,30.827611923217773,0.9714725770029131
Bentheimer,267,35.9890022277832,38.12702941894531,0.9584973098776438
Bentheimer,268,0.3313846290111542,34.673553466796875,0.8856814565790607
Bentheimer,269,13.11992359161377,37.43427276611328,0.8892729174387211
Bentheimer,270,4.206981658935547,28.276933670043945,0.8972152568753595
Bentheimer,271,4.863090515136719,29.300994873046875,0.8906812217283021
Bentheimer,272,89.39021301269531,128.458740234375,0.6097730704243949
Bentheimer,273,84.52005767822266,137.11473083496094,0.5640843484399405
Bentheimer,274,159.5904083251953,217.94454956054688,0.6027240276346122
Bentheimer,275,98.89031982421875,153.44337463378906,0.5815267879071272
Bentheimer,276,26.250741958618164,49.51863098144531,0.8129289272936507
Bentheimer,277,19.50782012939453,49.66351318359375,0.7412555306995217
Bentheimer,278,37.67201232910156,45.201541900634766,0.8663314235309948
Bentheimer,279,27.743793487548828,40.84428787231445,0.8517221433800737
Bentheimer,280,7.834932327270508,44.32889938354492,0.8543389555490456
Bentheimer,281,2.345383882522583,30.964967727661133,0.936174835578236
Bentheimer,282,14.615174293518066,44.56455612182617,0.8745810323230111
Bentheimer,283,4.692124843597412,40.729862213134766,0.8734365177794996
Bentheimer,284,2.19671630859375,41.41555404663086,0.904303461398184
Bentheimer,285,0.41246524453163147,59.80677032470703,0.6788481515942261
Bentheimer,286,19.480676651000977,39.70036697387695,0.8613988480634986
Bentheimer,287,25.295101165771484,44.46961212158203,0.8804059094499866
Bentheimer,288,22.874223709106445,29.199533462524414,0.9332849920023593
Bentheimer,289,18.8592472076416,31.173233032226562,0.918994661352822
Bentheimer,290,12.003519058227539,24.23721694946289,0.9533217092597536
Bentheimer,291,23.634431838989258,37.071022033691406,0.9022258420896248
Bentheimer,292,28.73545265197754,67.11099243164062,0.7920666990411206
Bentheimer,293,20.260963439941406,69.4410629272461,0.8045784164187993
Bentheimer,294,17.181041717529297,61.6287956237793,0.828626314550076
Bentheimer,295,20.406808853149414,69.14518737792969,0.8187182093379844
Bentheimer,296,31.961990356445312,35.881591796875,0.9347572741364397
Bentheimer,297,37.14008331298828,40.18838882446289,0.9400660551038765
Bentheimer,298,33.16617202758789,34.717628479003906,0.9646128765261587
Bentheimer,299,41.46234130859375,45.22066879272461,0.9324709307973165
Bentheimer,300,49.59455108642578,91.14801788330078,0.7200740699717086
Bentheimer,301,19.571203231811523,58.66195297241211,0.812086699469115
Bentheimer,302,48.65055465698242,77.58850860595703,0.8068295498898748
Bentheimer,303,43.580074310302734,72.03890991210938,0.793807631371564
Bentheimer,304,34.48250198364258,34.574554443359375,0.9485540345292728
Bentheimer,305,39.35541534423828,39.853816986083984,0.9248363997841218
Bentheimer,306,35.76540756225586,37.52415084838867,0.9262304758382682
Bentheimer,307,35.26753616333008,36.39753723144531,0.9388784873035556
Bentheimer,308,12.518573760986328,41.91216278076172,0.8752314706598521
Bentheimer,309,1.9919283390045166,46.341453552246094,0.885749148723939
Bentheimer,310,1.6031546592712402,43.732120513916016,0.8626314331729396
Bentheimer,311,9.905464172363281,49.16284942626953,0.8347942274524508
Bentheimer,312,9.354150772094727,48.508323669433594,0.8709956395289505
Bentheimer,313,1.8197554349899292,33.45718765258789,0.9212072166760001
Bentheimer,314,11.949688911437988,39.79137420654297,0.9114337538298322
Bentheimer,315,4.3324055671691895,31.333847045898438,0.9214220508651566
Bentheimer,316,11.074289321899414,61.3297004699707,0.7607848734573875
Bentheimer,317,11.088129043579102,56.85374450683594,0.7675991596293467
Bentheimer,318,18.274755477905273,46.1031608581543,0.825071632975271
Bentheimer,319,10.37549114227295,59.91423034667969,0.7463343848852312
Bentheimer,320,28.459007263183594,40.353790283203125,0.8609222254615422
Bentheimer,321,14.155021667480469,34.932220458984375,0.8848617611867918
Bentheimer,322,17.15143585205078,33.02047348022461,0.9235638015934757
Bentheimer,323,25.66362190246582,38.081871032714844,0.8806475311717977
Bentheimer,324,6.848873615264893,57.0296630859375,0.8355744693110835
Bentheimer,325,21.28778076171875,45.8055305480957,0.8964892542515221
Bentheimer,326,0.8821293711662292,50.552772521972656,0.8645386171271605
Bentheimer,327,6.584847450256348,40.2628288269043,0.8862476476005353
Bentheimer,328,7.380416393280029,42.42686462402344,0.796663684230863
Bentheimer,329,18.656230926513672,55.630897521972656,0.7812986255224377
Bentheimer,330,12.144285202026367,46.80630874633789,0.8058306846071936
Bentheimer,331,25.41497802734375,65.14480590820312,0.7253811324062054
Bentheimer,332,13.728260040283203,70.22199249267578,0.5863348050451744
Bentheimer,333,13.600698471069336,63.622840881347656,0.7227251584742478
Bentheimer,334,1.3336765766143799,68.23309326171875,0.6597610643529352
Bentheimer,335,4.9701642990112305,74.76727294921875,0.6350213994463602
Bentheimer,336,39.705055236816406,43.66606140136719,0.8999924284146578
Bentheimer,337,39.26105880737305,40.078521728515625,0.9358523330178677
Bentheimer,338,38.88652420043945,38.318912506103516,0.9613776061304448
Bentheimer,339,31.51938819885254,33.35165786743164,0.9454412480194292
Bentheimer,340,32.98725128173828,33.538543701171875,0.9671556175942548
Bentheimer,341,32.10719299316406,36.714359283447266,0.9293869065493413
Bentheimer,342,35.211448669433594,35.46208953857422,0.9638687293622173
Bentheimer,343,17.9367733001709,30.76966667175293,0.9431355712875226
Bentheimer,344,17.63943099975586,25.497713088989258,0.9228191826053337
Bentheimer,345,18.792098999023438,36.565391540527344,0.8397387487485845
Bentheimer,346,30.979736328125,35.3901252746582,0.8796772620886381
Bentheimer,347,16.1596736907959,36.2359733581543,0.8566013808590701
Bentheimer,348,26.385923385620117,30.273128509521484,0.9057868571750833
Bentheimer,349,23.01650619506836,33.25859069824219,0.8913973211602896
Bentheimer,350,36.16469192504883,36.452659606933594,0.9255521162839755
Bentheimer,351,32.503238677978516,38.496341705322266,0.8665006488975743
Bentheimer,352,41.58445358276367,45.123863220214844,0.8894500217412967
Bentheimer,353,36.97561264038086,43.66505432128906,0.9046585265316954
Bentheimer,354,36.090789794921875,46.693214416503906,0.8189101872410979
Bentheimer,355,23.86471176147461,40.64752960205078,0.8612803195495804
Bentheimer,356,5.448991298675537,29.422048568725586,0.934640694984455
Bentheimer,357,16.795434951782227,37.65055847167969,0.9170168032443777
Bentheimer,358,11.414154052734375,39.22632598876953,0.9140932022754276
Bentheimer,359,3.214888095855713,37.45866012573242,0.9038046384138305
Bentheimer,360,50.55944061279297,51.04756546020508,0.8280962770229335
Bentheimer,361,43.943359375,44.61113357543945,0.8783780312636951
Bentheimer,362,42.46805953979492,43.33497619628906,0.9070256106227431
Bentheimer,363,43.972591400146484,45.099491119384766,0.9173899844797273
Bentheimer,364,19.88923454284668,44.8814811706543,0.7852986730681913
Bentheimer,365,14.94068717956543,47.33209228515625,0.761139886798739
Bentheimer,366,23.713571548461914,46.71147537231445,0.7352526555909378
Bentheimer,367,24.901479721069336,53.41788864135742,0.6851140824509773
Bentheimer,368,2.5527050495147705,50.76291275024414,0.8480179085850544
Bentheimer,369,9.369094848632812,60.09770202636719,0.8147612118489389
Bentheimer,370,14.97636890411377,53.83236312866211,0.803192778263276
Bentheimer,371,5.804246425628662,46.17870330810547,0.8360781142644889
Bentheimer,372,57.575599670410156,82.56578063964844,0.7709195320789335
Bentheimer,373,55.99106979370117,83.0501937866211,0.8071633313328261
Bentheimer,374,61.85710906982422,81.585205078125,0.8020224668254359
Bentheimer,375,47.57453155517578,79.3871078491211,0.8298987528361034
Bentheimer,376,24.354717254638672,40.241485595703125,0.8634220816780174
Bentheimer,377,14.775240898132324,41.727291107177734,0.836868557934202
Bentheimer,378,16.734111785888672,45.862796783447266,0.8259163838805855
Bentheimer,379,8.6602144241333,39.046932220458984,0.8427701448253357
Bentheimer,380,21.417709350585938,26.878082275390625,0.9446330819149142
Bentheimer,381,27.236190795898438,31.646093368530273,0.940222716744119
Bentheimer,382,21.39881706237793,32.6021728515625,0.9160167198650144
Bentheimer,383,5.953880310058594,17.820133209228516,0.9564335964484474
Bentheimer,384,28.42369270324707,60.403282165527344,0.8415605461089051
Bentheimer,385,6.062078952789307,60.62272262573242,0.8779715648434544
Bentheimer,386,2.9962258338928223,64.69831085205078,0.8516934713014032
Bentheimer,387,7.874920845031738,52.300148010253906,0.8940893667160039
Bentheimer,388,24.19683265686035,38.781890869140625,0.922270181719975
Bentheimer,389,17.49313735961914,44.14730453491211,0.9003482728010733
Bentheimer,390,14.235512733459473,35.6362190246582,0.9193001411791566
Bentheimer,391,27.988840103149414,46.68521499633789,0.8597419658034764
Bentheimer,392,0.6499878168106079,35.725929260253906,0.8779655881572567
Bentheimer,393,3.85711407661438,39.81647491455078,0.8392114044839325
Bentheimer,394,11.7415132522583,34.030311584472656,0.8713236005195946
Bentheimer,395,5.611194133758545,47.90549087524414,0.8432155475397465
Bentheimer,396,44.51422119140625,43.56545639038086,0.9549915769839914
Bentheimer,397,44.83717346191406,44.50770950317383,0.9709981951991763
Bentheimer,398,41.465614318847656,42.659610748291016,0.9601193772739454
Bentheimer,399,37.824951171875,37.76663589477539,0.9758587240090172
Bentheimer,400,5.975046157836914,31.068988800048828,0.9247779041431968
Bentheimer,401,24.18210220336914,40.4594612121582,0.9245070087464972
Bentheimer,402,33.28016662597656,49.791683197021484,0.9074755675863305
Bentheimer,403,31.67291259765625,47.95582962036133,0.9032177718548604
Bentheimer,404,20.69573402404785,23.9295711517334,0.9437068213131669
Bentheimer,405,12.580963134765625,20.36715316772461,0.951480324181471
Bentheimer,406,18.246936798095703,21.07785987854004,0.9500294618938744
Bentheimer,407,13.050105094909668,19.97629165649414,0.9494988644604504
Bentheimer,408,57.544002532958984,56.7677116394043,0.9276715469507262
Bentheimer,409,44.94731140136719,44.6762809753418,0.9152939775160169
Bentheimer,410,49.182884216308594,49.130149841308594,0.8615353564717244
Bentheimer,411,42.049903869628906,46.74171447753906,0.8538578541502224
Bentheimer,412,26.70307731628418,67.63917541503906,0.7939976734396931
Bentheimer,413,6.788949966430664,29.829532623291016,0.9528192420221696
Bentheimer,414,19.517173767089844,61.230690002441406,0.824016528447465
Bentheimer,415,30.47869110107422,63.08306884765625,0.8514663454401588
Bentheimer,416,16.59821891784668,35.78776931762695,0.9281035356313684
Bentheimer,417,0.8352062106132507,47.43248748779297,0.8822172542263478
Bentheimer,418,2.304439067840576,29.550167083740234,0.9344192961085306
Bentheimer,419,15.157873153686523,36.180702209472656,0.906472015306796
Bentheimer,420,0.282113254070282,45.70024490356445,0.8806377663554222
Bentheimer,421,3.256272077560425,44.20357894897461,0.8785448859521008
Bentheimer,422,14.025360107421875,39.90029525756836,0.8845529747002746
Bentheimer,423,14.960363388061523,28.018451690673828,0.967860817386561
Berea Buff,0,48.30128860473633,62.439117431640625,0.8465210587210608
Berea Buff,1,41.23294448852539,63.768821716308594,0.8413340238664693
Berea Buff,2,43.87400436401367,61.89083480834961,0.8517427757855974
Berea Buff,3,39.522796630859375,56.2370719909668,0.8724736795028073
Berea Buff,4,32.1062126159668,47.44291305541992,0.886687468264444
Berea Buff,5,18.792076110839844,34.59432601928711,0.9249762712238526
Berea Buff,6,22.432178497314453,37.53424835205078,0.9184381060346554
Berea Buff,7,17.15365219116211,30.81034278869629,0.9442017797124267
Berea Buff,8,15.261313438415527,26.03317642211914,0.9637531937937179
Berea Buff,9,15.990790367126465,27.745363235473633,0.9592871625910201
Berea Buff,10,13.118074417114258,22.911279678344727,0.959942621900546
Berea Buff,11,28.35956573486328,36.90340805053711,0.949228528734646
Berea Buff,12,16.314157485961914,22.581512451171875,0.952106185697591
Berea Buff,13,3.55500864982605,25.479368209838867,0.9324988685295456
Berea Buff,14,17.632774353027344,28.174156188964844,0.9377187658635965
Berea Buff,15,13.274436950683594,25.5150203704834,0.9441004218524355
Berea Buff,16,23.57332420349121,36.21790313720703,0.8975032486774833
Berea Buff,17,25.41982650756836,37.15875244140625,0.9086417578845891
Berea Buff,18,24.022428512573242,30.143905639648438,0.9249808606315465
Berea Buff,19,21.85663604736328,31.885372161865234,0.9286780573058087
Berea Buff,20,13.209181785583496,48.28072738647461,0.8551367285284206
Berea Buff,21,8.518627166748047,51.9912109375,0.8145358722950543
Berea Buff,22,3.9481091499328613,46.853553771972656,0.8431693446865681
Berea Buff,23,0.84932941198349,43.99237823486328,0.8757552067392513
Berea Buff,24,7.752187252044678,35.77710723876953,0.8944147427617541
Berea Buff,25,18.73107147216797,34.258548736572266,0.8884869955532206
Berea Buff,26,7.971725940704346,27.880353927612305,0.917482948014556
Berea Buff,27,16.44120979309082,31.15660285949707,0.9190508268114357
Berea Buff,28,23.1409969329834,58.31322479248047,0.7341351190563793
Berea Buff,29,16.031692504882812,73.04976654052734,0.6681413566877908
Berea Buff,30,7.455060005187988,65.43356323242188,0.7043530470205079
Berea Buff,31,12.995455741882324,61.16755676269531,0.7215650179902836
Berea Buff,32,128.8367919921875,238.42848205566406,0.3998786328711627
Berea Buff,33,139.62637329101562,259.4499816894531,0.3940962769955957
Berea Buff,34,111.13716888427734,210.883544921875,0.4449436420729687
Berea Buff,35,88.19755554199219,184.36753845214844,0.4800330431801499
Berea Buff,36,0.9126401543617249,49.668216705322266,0.820026600042458
Berea Buff,37,3.951655864715576,48.01508712768555,0.823767138006082
Berea Buff,38,3.4542596340179443,58.225196838378906,0.7915754278606045
Berea Buff,39,21.241867065429688,63.90095901489258,0.7675066725399167
Berea Buff,40,40.07997131347656,45.28226089477539,0.9317183916791898
Berea Buff,41,45.59468078613281,48.35493087768555,0.9537208429893171
Berea Buff,42,40.146488189697266,48.55298614501953,0.9156431825862054
Berea Buff,43,48.82255554199219,51.50382995605469,0.9388594080832694
Berea Buff,44,32.365535736083984,51.548763275146484,0.7687657521090427
Berea Buff,45,23.231239318847656,43.14324951171875,0.9067158353521401
Berea Buff,46,25.848730087280273,42.602840423583984,0.8796553937083047
Berea Buff,47,33.13925552368164,46.36990737915039,0.8887342324241594
Berea Buff,48,26.599714279174805,62.97074890136719,0.8175171412480714
Berea Buff,49,10.785841941833496,53.859798431396484,0.821838881999452
Berea Buff,50,20.802499771118164,61.19731903076172,0.7974644094309479
Berea Buff,51,20.400259017944336,50.831687927246094,0.8665831636364143
Berea Buff,52,3.129633903503418,42.22064971923828,0.8708197144490217
Berea Buff,53,10.757312774658203,33.37800216674805,0.9085752101732785
Berea Buff,54,9.862444877624512,37.2973518371582,0.879931376253295
Berea Buff,55,8.413390159606934,41.61090087890625,0.8266772311367789
Berea Buff,56,10.071264266967773,84.20484161376953,0.6627753434928715
Berea Buff,57,15.473785400390625,76.27986907958984,0.7470168160471138
Berea Buff,58,2.0456013679504395,57.51911163330078,0.8746434574450856
Berea Buff,59,29.980701446533203,106.69356536865234,0.7244297201440558
Berea Buff,60,2.1035573482513428,54.546058654785156,0.8065686680015545
Berea Buff,61,15.278206825256348,35.435115814208984,0.9161117581868887
Berea Buff,62,1.668781042098999,30.743789672851562,0.8994114990778384
Berea Buff,63,23.734357833862305,45.986026763916016,0.8454448714679768
Berea Buff,64,22.780841827392578,35.103702545166016,0.8827981393113467
Berea Buff,65,10.689329147338867,34.08213424682617,0.9037105639552501
Berea Buff,66,23.93775177001953,33.39557647705078,0.9128813350643209
Berea Buff,67,29.02829933166504,39.02228927612305,0.8906777658756618
Berea Buff,68,21.02980613708496,26.463054656982422,0.9699687717364321
Berea Buff,69,16.66400718688965,21.565940856933594,0.9657888429436826
Berea Buff,70,20.59680938720703,22.160558700561523,0.9750479620132355
Berea Buff,71,26.080768585205078,28.59303855895996,0.9812376286586028
Berea Buff,72,36.64685821533203,37.711273193359375,0.9299806376980639
Berea Buff,73,36.6849479675293,39.785892486572266,0.9271891490380157
Berea Buff,74,47.55369567871094,50.37460708618164,0.9151320319703478
Berea Buff,75,36.30257797241211,40.30768585205078,0.8884963419593916
Berea Buff,76,6.4178853034973145,34.18434143066406,0.9081526732403693
Berea Buff,77,20.464866638183594,36.41852951049805,0.885851756637795
Berea Buff,78,3.2601816654205322,31.304561614990234,0.930150082695198
Berea Buff,79,5.955966472625732,33.26051712036133,0.9101082674933301
Berea Buff,80,13.169689178466797,43.5108642578125,0.8710949332918748
Berea Buff,81,9.619823455810547,47.871726989746094,0.8525533050992783
Berea Buff,82,1.4412084817886353,27.589187622070312,0.9204470519395006
Berea Buff,83,0.06026498228311539,43.92007827758789,0.8176627682624353
Berea Buff,84,20.390254974365234,59.054325103759766,0.8228957823870099
Berea Buff,85,32.32978820800781,60.8762321472168,0.8808157232999534
Berea Buff,86,47.86634063720703,74.72698974609375,0.832116193110989
Berea Buff,87,47.84825134277344,80.79679107666016,0.8223136013754206
Berea Buff,88,27.28917121887207,32.87113952636719,0.9027011170456649
Berea Buff,89,33.22726821899414,35.98754119873047,0.9439835383520759
Berea Buff,90,29.72627830505371,35.99303436279297,0.9603570738258626
Berea Buff,91,30.252283096313477,31.734207153320312,0.9520676746187772
Berea Buff,92,56.46080780029297,109.2490005493164,0.7359393354329568
Berea Buff,93,126.8304443359375,176.2274627685547,0.6583501066273333
Berea Buff,94,62.82075119018555,116.15624237060547,0.7226056634017806
Berea Buff,95,101.05997467041016,167.53762817382812,0.6035914303467819
Berea Buff,96,12.962343215942383,29.076616287231445,0.9298707953693638
Berea Buff,97,22.02560043334961,27.027587890625,0.9548631865853795
Berea Buff,98,19.76393699645996,23.771135330200195,0.9578209092118495
Berea Buff,99,13.760027885437012,32.012474060058594,0.8968606270715662
Berea Buff,100,46.95484924316406,48.41041946411133,0.9334911327825617
Berea Buff,101,48.41289138793945,49.705284118652344,0.9014932929579561
Berea Buff,102,50.60244369506836,50.91632843017578,0.9159699049342551
Berea Buff,103,49.38478469848633,50.76022720336914,0.9429479367047793
Berea Buff,104,4.014037609100342,45.352046966552734,0.8603688039476834
Berea Buff,105,10.393397331237793,46.19081115722656,0.8235357357856403
Berea Buff,106,12.256158828735352,43.30753707885742,0.852986384709898
Berea Buff,107,3.3719120025634766,34.77093505859375,0.8837879659121877
Berea Buff,108,4.0364556312561035,32.079219818115234,0.9354924039133471
Berea Buff,109,4.9722371101379395,38.09488296508789,0.910471692373313
Berea Buff,110,0.3288434147834778,32.80305099487305,0.9148517488875914
Berea Buff,111,1.784037709236145,34.152217864990234,0.9165648790830406
Berea Buff,112,51.48935317993164,53.18756866455078,0.9618651541003442
Berea Buff,113,50.3023796081543,52.76826095581055,0.965495416790998
Berea Buff,114,55.08070755004883,57.71722412109375,0.9498998275446787
Berea Buff,115,57.77287292480469,60.33854293823242,0.9583952760282664
Berea Buff,116,24.064899444580078,57.528648376464844,0.702419602888138
Berea Buff,117,4.33891487121582,52.47764587402344,0.8025157747138133
Berea Buff,118,15.082213401794434,47.2921257019043,0.8233826160168689
Berea Buff,119,10.433856010437012,59.25478744506836,0.6756219440284816
Berea Buff,120,22.553485870361328,71.7868881225586,0.36170924626169265
Berea Buff,121,7.9025349617004395,67.37006378173828,0.5956154540355081
Berea Buff,122,3.9284543991088867,72.75982666015625,0.559917266761269
Berea Buff,123,29.995243072509766,70.38359832763672,0.2523527408343856
Berea Buff,124,26.504093170166016,30.011619567871094,0.9735014496992656
Berea Buff,125,33.79176330566406,37.14909744262695,0.9110728570579794
Berea Buff,126,36.14730453491211,39.0164909362793,0.9222765724010651
Berea Buff,127,35.15311050415039,36.585289001464844,0.9386964896573743
Berea Buff,128,108.77560424804688,189.30125427246094,0.48140308423294326
Berea Buff,129,112.03258514404297,163.0216827392578,0.5820475037931117
Berea Buff,130,78.13526153564453,146.8958282470703,0.5110359804250337
Berea Buff,131,166.37725830078125,223.31834411621094,0.5972259035703963
Berea Buff,132,20.416471481323242,69.7907943725586,0.7724258350128025
Berea Buff,133,29.98224639892578,38.12482833862305,0.9608860019713155
Berea Buff,134,25.97041893005371,45.9741325378418,0.904458593376749
Berea Buff,135,29.41058921813965,44.138545989990234,0.9443444993518052
Berea Buff,136,30.40093994140625,36.0628776550293,0.8937742071407189
Berea Buff,137,22.48802375793457,33.12727355957031,0.9089027058794358
Berea Buff,138,24.682186126708984,32.27892303466797,0.9057258972442187
Berea Buff,139,30.532726287841797,36.06312561035156,0.8757149366271928
Berea Buff,140,31.674577713012695,56.38578414916992,0.8409817480027922
Berea Buff,141,13.76335334777832,46.018836975097656,0.8653221270422947
Berea Buff,142,15.835057258605957,46.191017150878906,0.86587761841819
Berea Buff,143,1.091584324836731,45.77510452270508,0.8500877788185253
Berea Buff,144,14.286323547363281,46.000911712646484,0.8671356158258614
Berea Buff,145,2.170177459716797,38.677001953125,0.8444955314815316
Berea Buff,146,0.8051854968070984,44.75929641723633,0.8534002853923217
Berea Buff,147,22.60226058959961,40.80640411376953,0.9199102567389669
Berea Buff,148,31.853271484375,53.60041809082031,0.8160808496752395
Berea Buff,149,24.797164916992188,53.94328689575195,0.8195190828522878
Berea Buff,150,29.720012664794922,63.80147933959961,0.7581512119820605
Berea Buff,151,21.12877655029297,47.89806365966797,0.8265992430121084
Berea Buff,152,2.0767951011657715,29.273347854614258,0.9493353327488837
Berea Buff,153,39.91244125366211,61.49515151977539,0.9403024962551223
Berea Buff,154,13.269896507263184,39.047027587890625,0.9486450394747495
Berea Buff,155,6.879184246063232,39.01966094970703,0.9350453632890809
Berea Buff,156,9.021180152893066,27.60371208190918,0.9202077416396413
Berea Buff,157,15.699389457702637,27.55729103088379,0.9115935531430539
Berea Buff,158,13.722668647766113,23.236724853515625,0.9575153468954092
Berea Buff,159,1.4185560941696167,28.642152786254883,0.9139152152496235
Berea Buff,160,40.399192810058594,69.16675567626953,0.8343994836089309
Berea Buff,161,52.414215087890625,76.53441619873047,0.8459190703681659
Berea Buff,162,73.58889770507812,95.08834838867188,0.770366549083901
Berea Buff,163,45.91753387451172,71.73302459716797,0.8442243453826046
Berea Buff,164,10.704410552978516,31.47553825378418,0.9072126214123679
Berea Buff,165,13.355463027954102,28.601016998291016,0.9370102272000351
Berea Buff,166,19.766443252563477,35.70475387573242,0.8895431514941771
Berea Buff,167,14.510976791381836,27.836030960083008,0.9347168423876095
Berea Buff,168,38.27687072753906,76.88587188720703,0.75499578221643
Berea Buff,169,23.0864315032959,71.1806640625,0.746908188324517
Berea Buff,170,57.037864685058594,83.16101837158203,0.7654115514572155
Berea Buff,171,51.39015197753906,87.10286712646484,0.7555072563561362
Berea Buff,172,21.780010223388672,24.29902458190918,0.9673933394883659
Berea Buff,173,32.25533676147461,34.13994216918945,0.9486156582559042
Berea Buff,174,26.1817626953125,28.45047950744629,0.9579890825089004
Berea Buff,175,28.31210708618164,31.2197208404541,0.8973177810239925
Berea Buff,176,37.318214416503906,86.92288970947266,0.7624404268850336
Berea Buff,177,29.761415481567383,77.75804901123047,0.7678638673444484
Berea Buff,178,38.44365692138672,78.45436096191406,0.7869884907186289
Berea Buff,179,27.501792907714844,71.7472152709961,0.7959105951805184
Berea Buff,180,48.3438720703125,46.35612487792969,0.9399352222545235
Berea Buff,181,36.26209259033203,37.15026092529297,0.9606190682755622
Berea Buff,182,44.99191665649414,44.87129592895508,0.9644228656164064
Berea Buff,183,42.2647705078125,42.19017028808594,0.9637678862822899
Berea Buff,184,2.5283679962158203,57.19278335571289,0.7393700961470906
Berea Buff,185,23.273395538330078,38.11967849731445,0.8817513869432306
Berea Buff,186,20.724050521850586,37.723663330078125,0.8384245093970648
Berea Buff,187,14.694649696350098,49.065486907958984,0.8106737651769931
Berea Buff,188,38.61842346191406,40.80616760253906,0.88205502870285
Berea Buff,189,29.645294189453125,33.2833137512207,0.91752833024267
Berea Buff,190,34.17488098144531,34.662254333496094,0.9272121782350563
Berea Buff,191,39.66877746582031,39.29030227661133,0.9559233215621031
Berea Buff,192,42.10364532470703,47.75929641723633,0.8856512788357013
Berea Buff,193,29.7655029296875,39.1461296081543,0.9082934529292066
Berea Buff,194,20.552181243896484,38.811981201171875,0.8954536381553626
Berea Buff,195,24.44123649597168,31.83578872680664,0.9442495882693687
Berea Buff,196,18.68480682373047,34.28071212768555,0.8948906022164227
Berea Buff,197,5.9618940353393555,35.44919967651367,0.8989745571068305
Berea Buff,198,17.32965087890625,33.81260299682617,0.907194347501174
Berea Buff,199,1.4957616329193115,28.323650360107422,0.9335616237518838
Berea Buff,200,1.8951607942581177,34.905799865722656,0.8607323094300887
Berea Buff,201,2.9822094440460205,29.617490768432617,0.9171873602274478
Berea Buff,202,1.78575599193573,30.932863235473633,0.9132670512822949
Berea Buff,203,13.408350944519043,39.07780838012695,0.8925134156326204
Berea Buff,204,20.6522159576416,24.439340591430664,0.9771743446949532
Berea Buff,205,27.601089477539062,36.12395095825195,0.9331721860455001
Berea Buff,206,26.576435089111328,30.05730438232422,0.9734298227417928
Berea Buff,207,16.364036560058594,26.967430114746094,0.9582722181639526
Leopard,0,28.543113708496094,28.661113739013672,0.8151639662058786
Leopard,1,14.029173851013184,33.12042999267578,0.8419853121506583
Leopard,2,28.38943099975586,26.02181625366211,0.8523065939715551
Leopard,3,14.446710586547852,28.850360870361328,0.8899415945901811
Leopard,4,5.311342716217041,29.060083389282227,0.9174593083515097
Leopard,5,13.826022148132324,30.383373260498047,0.9342896538597121
Leopard,6,10.065999984741211,26.984411239624023,0.922162657796675
Leopard,7,15.359625816345215,27.3411865234375,0.9494758570399172
Leopard,8,369.0270080566406,430.1549072265625,0.3385686168783356
Leopard,9,371.647705078125,434.45782470703125,0.32920550418265043
Leopard,10,575.6255493164062,709.694091796875,0.31889980452839806
Leopard,11,537.2045288085938,606.2342529296875,0.3148364126048586
Leopard,12,86.14259338378906,147.65818786621094,0.6060093190035565
Leopard,13,77.18742370605469,128.48226928710938,0.6638140608373905
Leopard,14,81.09207916259766,136.95077514648438,0.6248706877169125
Leopard,15,107.47406768798828,171.925537109375,0.6054318212446643
Leopard,16,55.10839080810547,63.836387634277344,0.8661069935573552
Leopard,17,85.30720520019531,97.59761047363281,0.8359989791408301
Leopard,18,53.65785598754883,70.30313873291016,0.7929257134721389
Leopard,19,54.11537170410156,63.33338928222656,0.8322465064930415
Leopard,20,13.719361305236816,77.65476989746094,0.7460223632175685
Leopard,21,15.335442543029785,87.87506866455078,0.7627687057157426
Leopard,22,3.5147809982299805,80.47237396240234,0.7794357495214298
Leopard,23,8.207616806030273,83.32258605957031,0.754450261779215
Leopard,24,8.31913948059082,35.04124450683594,0.9150595201469875
Leopard,25,22.629667282104492,33.19847106933594,0.9175942894825552
Leopard,26,17.184789657592773,35.181121826171875,0.8945818424010995
Leopard,27,15.351585388183594,34.49429702758789,0.896816166528127
Leopard,28,15.8980131149292,30.822559356689453,0.9628587430594396
Leopard,29,22.68978500366211,31.313316345214844,0.9543269926623983
Leopard,30,28.420148849487305,34.157920837402344,0.9604133246371687
Leopard,31,20.427291870117188,31.490150451660156,0.9682662511448857
Leopard,32,52.14360046386719,53.28336715698242,0.9006663329953944
Leopard,33,35.929710388183594,40.91080093383789,0.8939130190269533
Leopard,34,40.51390075683594,40.389713287353516,0.9328799362619582
Leopard,35,39.26427459716797,44.159610748291016,0.8798368481205021
Leopard,36,25.735187530517578,35.02836608886719,0.9506010393109185
Leopard,37,22.69081687927246,33.16154098510742,0.9620246170044116
Leopard,38,22.060543060302734,35.008766174316406,0.9564787442245789
Leopard,39,20.87969207763672,29.600868225097656,0.9777249999510834
Leopard,40,61.61013412475586,108.09773254394531,0.721142783139241
Leopard,41,51.62538528442383,87.6375961303711,0.8120577111320412
Leopard,42,32.875709533691406,72.99588012695312,0.8022432690054053
Leopard,43,33.022308349609375,104.86012268066406,0.6695008170631126
Leopard,44,49.10813903808594,106.26538848876953,0.6105360011485924
Leopard,45,19.092885971069336,85.88471984863281,0.6881464936079312
Leopard,46,16.837682723999023,81.72367858886719,0.6845970574280402
Leopard,47,17.778703689575195,64.6144027709961,0.8052809930427977
Leopard,48,1643.2127685546875,2449.682861328125,0.3733488721682642
Leopard,49,871.2134399414062,1241.274169921875,0.3002818624953423
Leopard,50,1016.5623168945312,1480.227783203125,0.38655629030032734
Leopard,51,1177.84521484375,1629.1741943359375,0.4153433513227491
Leopard,52,22.643596649169922,28.28385353088379,0.9512291129572226
Leopard,53,31.709707260131836,33.299129486083984,0.9510825981010265
Leopard,54,37.59223937988281,39.595794677734375,0.9461158341555315
Leopard,55,30.46527099609375,33.240447998046875,0.9499005259883502
Leopard,56,41.59213638305664,40.74953842163086,0.9484831078522058
Leopard,57,39.93269348144531,40.75386428833008,0.9369307972939956
Leopard,58,26.359243392944336,26.93130874633789,0.9869057613905139
Leopard,59,34.829349517822266,34.59528732299805,0.9787556993067456
Leopard,60,380.6954650878906,356.0938720703125,0.37276892336758105
Leopard,61,318.4660339355469,178.06640625,0.3465678232315086
Leopard,62,331.9894714355469,299.5439147949219,0.34203348991665194
Leopard,63,333.6734313964844,228.3363800048828,0.26405454648892207
Leopard,64,19.269784927368164,32.94609069824219,0.9488002861657753
Leopard,65,10.569129943847656,24.427785873413086,0.9767564891573656
Leopard,66,7.819944381713867,29.796585083007812,0.9678724207487169
Leopard,67,1.4432976245880127,31.414579391479492,0.972646021337014
Leopard,68,21.718839645385742,54.24433898925781,0.808516088159978
Leopard,69,1.2782113552093506,40.786014556884766,0.8904471168720901
Leopard,70,2.276401996612549,59.93367385864258,0.72987266287252
Leopard,71,0.8797848224639893,49.67890548706055,0.8258789073343669
Leopard,72,15.439959526062012,26.73666000366211,0.9413369351510424
Leopard,73,15.744094848632812,36.58784866333008,0.8979542183651337
Leopard,74,17.954423904418945,32.21305465698242,0.9277303333298954
Leopard,75,9.166064262390137,31.750335693359375,0.9250401313079847
Leopard,76,72.00882720947266,136.40786743164062,0.6654788990007063
Leopard,77,92.0045394897461,145.1549072265625,0.7207298455866833
Leopard,78,68.87545013427734,126.33680725097656,0.6866878090429351
Leopard,79,91.53582763671875,151.43797302246094,0.6412196002320996
Leopard,80,62.928035736083984,61.7719612121582,0.9224789758586346
Leopard,81,58.426918029785156,57.90153503417969,0.8945230874098091
Leopard,82,66.98214721679688,65.3035888671875,0.8703797029932988
Leopard,83,60.4282341003418,59.27214050292969,0.871166418525109
Leopard,84,24.527559280395508,38.69520568847656,0.8901463050152063
Leopard,85,31.45066261291504,39.63966369628906,0.9156492459736632
Leopard,86,24.88928985595703,34.92195129394531,0.9137230918576046
Leopard,87,41.33332443237305,44.114009857177734,0.9416213476089776
Leopard,88,14.97216510772705,91.41279602050781,0.6742069307983231
Leopard,89,18.217178344726562,76.13965606689453,0.6487573376436592
Leopard,90,10.901076316833496,73.99617767333984,0.7263145957709066
Leopard,91,10.193748474121094,83.327880859375,0.6459364499870386
Leopard,92,5.560492515563965,59.76163101196289,0.7592410586061805
Leopard,93,8.405360221862793,55.25782012939453,0.7790636373784929
Leopard,94,12.323657035827637,56.960914611816406,0.7790647940361914
Leopard,95,5.576231956481934,73.2978515625,0.693003311770847
Leopard,96,2.798006057739258,75.00788879394531,0.7126667369063348
Leopard,97,33.730831146240234,94.25641632080078,0.7671778781761608
Leopard,98,21.95182991027832,79.60406494140625,0.7595621518192007
Leopard,99,26.729129791259766,80.66603088378906,0.7342568962720449
Leopard,100,5.37721061706543,28.80651092529297,0.9406310315066031
Leopard,101,20.998136520385742,31.59949493408203,0.9442956316498345
Leopard,102,22.980440139770508,43.50202941894531,0.8936218002695796
Leopard,103,5.568088054656982,27.18902015686035,0.9162862262078948
Leopard,104,104.21495056152344,169.55282592773438,0.6084751733365695
Leopard,105,66.32161712646484,106.2391128540039,0.8088568586003425
Leopard,106,141.08001708984375,217.8866424560547,0.568789787377355
Leopard,107,34.25227355957031,74.33515930175781,0.8270991355862821
Leopard,108,53.84082794189453,77.02445220947266,0.9063923654810495
Leopard,109,161.47982788085938,199.35975646972656,0.6705521948337549
Leopard,110,46.502201080322266,84.27317810058594,0.859935405421892
Leopard,111,82.5850601196289,129.23202514648438,0.7473357628843884
Leopard,112,80.1791763305664,136.13824462890625,0.651321272534805
Leopard,113,48.09077072143555,86.14701080322266,0.713494646944399
Leopard,114,72.65299224853516,129.3308868408203,0.6003738271430562
Leopard,115,57.23919677734375,111.37738037109375,0.6668972994437598
Leopard,116,13.914713859558105,29.090396881103516,0.9117703948084162
Leopard,117,8.298627853393555,35.94725799560547,0.9032696683470459
Leopard,118,18.165145874023438,28.012737274169922,0.9332715004936416
Leopard,119,19.078853607177734,25.530529022216797,0.9331115440785286
Leopard,120,20.971921920776367,30.610963821411133,0.9434118530389941
Leopard,121,3.1451079845428467,49.41393280029297,0.7892480369946463
Leopard,122,5.895020961761475,33.55357360839844,0.9083881832508429
Leopard,123,3.6841061115264893,31.62028694152832,0.9368452957097457
Leopard,124,66.78770446777344,93.6390151977539,0.7594662118794524
Leopard,125,64.24768829345703,89.50482940673828,0.837614110560756
Leopard,126,74.05489349365234,104.2363052368164,0.717374361313033
Leopard,127,79.83788299560547,105.9603500366211,0.8029822597851451
Leopard,128,49.68631362915039,56.13729476928711,0.7465174625576846
Leopard,129,54.58953857421875,58.29877471923828,0.7378293386755259
Leopard,130,42.4964599609375,51.71436309814453,0.8150402805388087
Leopard,131,39.107200622558594,66.96165466308594,0.6112209716317315
Leopard,132,20.683380126953125,31.770734786987305,0.9107418531875017
Leopard,133,27.756969451904297,41.46742248535156,0.8783957026889931
Leopard,134,17.90247917175293,33.10037612915039,0.861790401263078
Leopard,135,34.08326721191406,41.41151428222656,0.9041609044449965
Leopard,136,17.396377563476562,64.12007904052734,0.6702549258847993
Leopard,137,33.987586975097656,84.01691436767578,0.6810769079803142
Leopard,138,46.69623947143555,103.29356384277344,0.6338097387821217
Leopard,139,38.009803771972656,80.29947662353516,0.7310029054496551
Leopard,140,5.521363735198975,54.35026168823242,0.7752378984032645
Leopard,141,9.023516654968262,47.15081024169922,0.8215472624928328
Leopard,142,33.84678268432617,50.93704605102539,0.8084447334069342
Leopard,143,2.5100483894348145,45.32078552246094,0.8423144999288208
Leopard,144,0.34734997153282166,26.292743682861328,0.9565362034705565
Leopard,145,7.096523761749268,19.250465393066406,0.9737502824857095
Leopard,146,12.706574440002441,22.900157928466797,0.9775870012021951
Leopard,147,2.321739673614502,20.60373306274414,0.9700090176484809
Leopard,148,20.819561004638672,39.16300582885742,0.9503859545909008
Leopard,149,11.977330207824707,42.522579193115234,0.9427260084600614
Leopard,150,11.05975341796875,42.257633209228516,0.9166210165291457
Leopard,151,23.58424186706543,41.789161682128906,0.9357170961880187
Leopard,152,29.14632797241211,37.580562591552734,0.915760837790194
Leopard,153,32.99174880981445,47.55696487426758,0.8605316837053322
Leopard,154,39.568138122558594,39.60176086425781,0.9320533867552866
Leopard,155,38.091796875,40.884925842285156,0.919767797402898
Leopard,156,21.338539123535156,41.6308708190918,0.8659133380583609
Leopard,157,38.34465026855469,41.08021545410156,0.8810455784725075
Leopard,158,44.757198333740234,47.42947769165039,0.8396412130643385
Leopard,159,39.10025405883789,44.46860885620117,0.8613660350581659
Leopard,160,123.91485595703125,211.6516876220703,0.652065986577913
Leopard,161,92.83224487304688,169.48008728027344,0.6729525445019117
Leopard,162,50.15091323852539,144.0204620361328,0.622688447846395
Leopard,163,41.39908981323242,98.43321228027344,0.8188695941003071
Leopard,164,126.10276794433594,177.7811737060547,0.6074762711228395
Leopard,165,137.93370056152344,180.59449768066406,0.7014006420114066
Leopard,166,114.69155883789062,152.8367156982422,0.7597024287271419
Leopard,167,82.28482055664062,117.2799301147461,0.6656891768748461
Leopard,168,27932.43359375,27628.419921875,0.0991831187737889
Leopard,169,24679.5703125,24266.19140625,0.1000305429535601
Leopard,170,23034.0,23303.53125,0.08903718582221896
Leopard,171,26285.15625,26018.55859375,0.08315803988078103
Leopard,172,100.23397827148438,186.39808654785156,0.42210692327163
Leopard,173,107.61679077148438,173.9026641845703,0.4127500490653991
Leopard,174,130.01373291015625,222.76943969726562,0.27955993010110225
Leopard,175,129.9851531982422,226.36407470703125,0.31585386803206966
Leopard,176,35.46251678466797,49.41670608520508,0.7535812046182823
Leopard,177,27.742168426513672,53.47406768798828,0.723058401637306
Leopard,178,27.230846405029297,50.32062911987305,0.8086040789727219
Leopard,179,24.170795440673828,46.24151611328125,0.8054393070481486
Leopard,180,20.244226455688477,44.51946258544922,0.913092902724298
Leopard,181,54.6475830078125,74.00234985351562,0.869528480495061
Leopard,182,53.69533157348633,71.97801208496094,0.8651763381650306
Leopard,183,47.49741744995117,68.39129638671875,0.8779747494639281
Leopard,184,43.21467590332031,46.4014778137207,0.8479095539712901
Leopard,185,27.019620895385742,46.367759704589844,0.8083618490494567
Leopard,186,30.293169021606445,45.66987609863281,0.8279601745199603
Leopard,187,29.40235137939453,40.356201171875,0.8682789759189056
Leopard,188,17.22859764099121,61.04784393310547,0.7419995393519776
Leopard,189,43.170806884765625,69.48078155517578,0.7813823873310008
Leopard,190,31.704076766967773,78.72106170654297,0.605662371415373
Leopard,191,24.422340393066406,69.44249725341797,0.6820933815522817
Leopard,192,48.85442352294922,55.202308654785156,0.8988819631340166
Leopard,193,37.9242057800293,42.919212341308594,0.8909950420813234
Leopard,194,48.43052673339844,50.27969741821289,0.9507338099414394
Leopard,195,35.31837463378906,43.181663513183594,0.8655478292163961
Leopard,196,135.6530303955078,134.7606658935547,0.8944208708471126
Leopard,197,72.53744506835938,67.83321380615234,0.9422146308246409
Leopard,198,111.72772979736328,108.93525695800781,0.9044628132562109
Leopard,199,72.2137451171875,66.93183135986328,0.9104766393510062
Leopard,200,16.11811637878418,27.503507614135742,0.968294399530639
Leopard,201,21.31772232055664,30.475284576416016,0.9524075626450487
Leopard,202,2.1589434146881104,24.933446884155273,0.9738611685042301
Leopard,203,3.6084156036376953,19.778823852539062,0.9652539837278177
Leopard,204,937.1643676757812,1457.4989013671875,0.22410898067808388
Leopard,205,726.5845947265625,1122.3677978515625,0.2902436343692587
Leopard,206,867.94677734375,1391.5543212890625,0.2571001965749116
Leopard,207,937.0385131835938,1403.3192138671875,0.2998764142630632
Leopard,208,9539.72265625,12220.1328125,0.2703452240677347
Leopard,209,8850.625,9607.439453125,0.2931625035832209
Leopard,210,6934.87744140625,6961.70654296875,0.3057392478044467
Leopard,211,6921.1796875,7507.17138671875,0.2903943206216731
Leopard,212,3.0102789402008057,35.80029296875,0.9092902166842671
Leopard,213,4.426277160644531,27.24372100830078,0.9458448291442675
Leopard,214,13.849266052246094,34.25461196899414,0.9034249934292714
Leopard,215,14.959168434143066,35.651954650878906,0.9105005922476258
Leopard,216,54.02981948852539,59.533504486083984,0.8782869051112181
Leopard,217,43.511966705322266,63.825828552246094,0.8712163786095235
Leopard,218,8.168524742126465,38.54841232299805,0.875012177677622
Leopard,219,40.41884231567383,49.534420013427734,0.8879674608057011
Leopard,220,942.2772216796875,1311.216064453125,0.171205885695278
Leopard,221,1793.96533203125,2327.812255859375,0.12619433322675724
Leopard,222,1337.1407470703125,1560.998291015625,0.10044966285033204
Leopard,223,1224.7105712890625,1851.5926513671875,0.12591315444834064
Leopard,224,241.49041748046875,278.8406982421875,0.6070909019769074
Leopard,225,161.31785583496094,223.54600524902344,0.5838561578764306
Leopard,226,203.83456420898438,269.7181701660156,0.5650546427877926
Leopard,227,176.39007568359375,232.13560485839844,0.5885968047962129
Leopard,228,16.227392196655273,31.894514083862305,0.9372801269410254
Leopard,229,10.267718315124512,28.153413772583008,0.9348866706156976
Leopard,230,10.630388259887695,20.172035217285156,0.9679098481861241
Leopard,231,13.395820617675781,25.805402755737305,0.9552219618611856
Leopard,232,43.232032775878906,49.42519760131836,0.8654179379253308
Leopard,233,40.23874282836914,48.50360870361328,0.8792388413938846
Leopard,234,39.45903778076172,50.610260009765625,0.8592512989072754
Leopard,235,32.31190490722656,44.00464630126953,0.8479268166123176
Leopard,236,28.4962100982666,52.41361999511719,0.858694550335562
Leopard,237,26.835054397583008,43.57575988769531,0.919589985226397
Leopard,238,39.1677131652832,51.809608459472656,0.903056038615315
Leopard,239,25.833982467651367,57.52183151245117,0.7235093394779197
Leopard,240,62.48500061035156,62.52018356323242,0.8959717673189117
Leopard,241,68.03923797607422,68.37886047363281,0.966136323594232
Leopard,242,58.13506317138672,56.423919677734375,0.9321506550309868
Leopard,243,63.93192672729492,64.02191925048828,0.9632463517335174
Leopard,244,20.47718620300293,45.44377899169922,0.8168210018532006
Leopard,245,9.543907165527344,43.85258102416992,0.8687451987225878
Leopard,246,28.90943145751953,40.95161437988281,0.8889180527498377
Leopard,247,11.871156692504883,41.906803131103516,0.8640853223253303
Leopard,248,16.612735748291016,42.45555877685547,0.5940790755978556
Leopard,249,32.21548843383789,33.80511474609375,0.593950522216666
Leopard,250,16.173328399658203,46.099212646484375,0.5965084750558163
Leopard,251,28.215707778930664,57.032470703125,0.5487598862082498
Leopard,252,39.934410095214844,39.80438232421875,0.9183441530630597
Leopard,253,38.315269470214844,38.154422760009766,0.9275146192376441
Leopard,254,42.87752151489258,40.373783111572266,0.9030111323524614
Leopard,255,43.838958740234375,44.137489318847656,0.9599126271639055
Leopard,256,4.118933200836182,27.15418815612793,0.9581792245135686
Leopard,257,0.7952626943588257,41.674896240234375,0.9249451017444098
Leopard,258,0.5670151710510254,23.758363723754883,0.9708272494913504
Leopard,259,12.650300025939941,35.82347869873047,0.9538484001864809
Leopard,260,252.49058532714844,333.1622314453125,0.4919745267852671
Leopard,261,209.69525146484375,294.04547119140625,0.48435094722248523
Leopard,262,268.8466491699219,341.6211242675781,0.5108059586738067
Leopard,263,206.44271850585938,275.21380615234375,0.5190881563487932
Leopard,264,27.671205520629883,33.47373580932617,0.9541854177604121
Leopard,265,17.247203826904297,26.762557983398438,0.9414981439670731
Leopard,266,46.467742919921875,47.2520637512207,0.9551768028222893
Leopard,267,34.1994743347168,33.954322814941406,0.970719874592742
Leopard,268,399.9644775390625,475.7478942871094,0.5584109536342331
Leopard,269,312.3024597167969,385.33038330078125,0.5515042964967951
Leopard,270,493.7323303222656,610.948486328125,0.5459761046674779
Leopard,271,384.938232421875,468.7364501953125,0.5318383982618325
Leopard,272,228.9658203125,375.1270751953125,0.44223843830043613
Leopard,273,185.8675079345703,313.6933288574219,0.43921902152966824
Leopard,274,158.38168334960938,295.379150390625,0.38529245399102935
Leopard,275,147.60910034179688,274.9077453613281,0.42974715553861714
Castle Gate,0,22.889497756958008,75.09988403320312,0.7233108274147406
Castle Gate,1,14.835474014282227,79.25663757324219,0.7009134419347992
Castle Gate,2,5.817594051361084,61.82510757446289,0.7492542526210467
Castle Gate,3,12.60641098022461,64.04729461669922,0.7803893893345741
Castle Gate,4,16.08220863342285,28.754610061645508,0.957171911017696
Castle Gate,5,11.714837074279785,37.73887252807617,0.9023763105360141
Castle Gate,6,0.735298752784729,35.25304412841797,0.9114544101835109
Castle Gate,7,16.28160285949707,41.73377227783203,0.8633059208201761
Castle Gate,8,5.247325897216797,35.719058990478516,0.9172268514891612
Castle Gate,9,1.4787540435791016,35.399837493896484,0.8984833108568685
Castle Gate,10,19.314937591552734,38.822391510009766,0.8462089810285223
Castle Gate,11,6.853139877319336,42.532344818115234,0.8576647374442445
Castle Gate,12,32.80594253540039,89.60661315917969,0.6091384286273241
Castle Gate,13,50.957977294921875,95.92670440673828,0.63077644688315
Castle Gate,14,38.09873580932617,92.19841766357422,0.6301237118738963
Castle Gate,15,40.83560562133789,82.61674499511719,0.7124116333186767
Castle Gate,16,18.23926544189453,51.48881149291992,0.7510841105629841
Castle Gate,17,9.403164863586426,60.25248336791992,0.6789112213217644
Castle Gate,18,4.507604598999023,58.33123779296875,0.6823922797152576
Castle Gate,19,40.21437454223633,50.02102279663086,0.7546574799339816
Castle Gate,20,131.35501098632812,202.1791534423828,0.5788256031389803
Castle Gate,21,174.32449340820312,244.67686462402344,0.6041602925723454
Castle Gate,22,144.746826171875,235.8440704345703,0.5339415565985284
Castle Gate,23,206.84503173828125,303.5972595214844,0.5415608376475743
Castle Gate,24,34.573150634765625,43.734825134277344,0.9203840535927645
Castle Gate,25,5.743434906005859,25.919322967529297,0.9347106922978161
Castle Gate,26,4.661276340484619,31.891878128051758,0.9189578088972491
Castle Gate,27,24.526582717895508,30.478641510009766,0.9526974532397402
Castle Gate,28,6.983456611633301,38.43959045410156,0.8322357046732242
Castle Gate,29,9.74498462677002,34.59770202636719,0.8829291942859052
Castle Gate,30,10.410999298095703,40.51374053955078,0.8298873273101621
Castle Gate,31,7.248556613922119,34.272247314453125,0.8724008193218152
Castle Gate,32,32.764835357666016,50.21771240234375,0.7724720387379009
Castle Gate,33,13.228761672973633,50.21120834350586,0.7650080850406117
Castle Gate,34,31.179658889770508,41.66196823120117,0.8078377021302647
Castle Gate,35,14.401779174804688,48.43122100830078,0.7060462438335284
Castle Gate,36,102.64496612548828,150.30567932128906,0.7785285117640034
Castle Gate,37,96.98516082763672,151.41880798339844,0.745372583724406
Castle Gate,38,92.15135955810547,141.1640167236328,0.7595735874288635
Castle Gate,39,50.24595260620117,97.31562042236328,0.7865958909860761
Castle Gate,40,46.293670654296875,46.61802291870117,0.8722647788343145
Castle Gate,41,48.022560119628906,51.41612243652344,0.8754510301370116
Castle Gate,42,36.99724197387695,46.32524490356445,0.8616567832536225
Castle Gate,43,43.12165069580078,45.48148727416992,0.8967242760732104
Castle Gate,44,53.637123107910156,52.80287551879883,0.9223270070970881
Castle Gate,45,59.76566696166992,59.75224685668945,0.947663513592944
Castle Gate,46,58.19719696044922,56.723899841308594,0.9192452061591582
Castle Gate,47,52.17420959472656,50.875423431396484,0.9438217905607964
Castle Gate,48,70.22974395751953,105.51387786865234,0.8076812138536492
Castle Gate,49,66.32847595214844,101.91497039794922,0.7082219454044352
Castle Gate,50,39.46835708618164,88.57286834716797,0.7702750143795113
Castle Gate,51,54.495689392089844,90.51970672607422,0.7179194802844687
Castle Gate,52,7.718550205230713,49.0866813659668,0.838699631666211
Castle Gate,53,32.87504196166992,76.62700653076172,0.7586419322927067
Castle Gate,54,2.484584331512451,46.63702392578125,0.8342367661380186
Castle Gate,55,19.003103256225586,47.645633697509766,0.8599289334430443
Castle Gate,56,27.7510986328125,65.29298400878906,0.6883236786321065
Castle Gate,57,27.009653091430664,62.31562423706055,0.6519089831432466
Castle Gate,58,17.33954429626465,71.55013275146484,0.6242189641245013
Castle Gate,59,18.530820846557617,70.31238555908203,0.7342166916156756
Castle Gate,60,4.86406946182251,48.662532806396484,0.8068338478482253
Castle Gate,61,4.22845983505249,44.35334777832031,0.8149443287327648
Castle Gate,62,23.761653900146484,33.5927619934082,0.8953756388814889
Castle Gate,63,5.671464920043945,40.09562683105469,0.858727679573083
Castle Gate,64,31.065155029296875,35.401611328125,0.9069814141980622
Castle Gate,65,37.32400894165039,40.35922622680664,0.8446813460868441
Castle Gate,66,45.43689727783203,50.02405548095703,0.8368866397815974
Castle Gate,67,46.64440155029297,48.75187301635742,0.8750459249685261
Castle Gate,68,228.33241271972656,348.88275146484375,0.4044777306392565
Castle Gate,69,196.94830322265625,279.7613830566406,0.464177688937972
Castle Gate,70,354.6767578125,540.8284912109375,0.370222084155003
Castle Gate,71,352.2745361328125,504.2063293457031,0.37253037310206627
Castle Gate,72,2.8928380012512207,36.642730712890625,0.8724116041648631
Castle Gate,73,6.005150318145752,35.88510513305664,0.8708261586317105
Castle Gate,74,1.8759044408798218,32.65178680419922,0.9036479759146526
Castle Gate,75,12.351448059082031,44.21283721923828,0.8674037288600802
Castle Gate,76,4.986017227172852,73.39473724365234,0.6474534263415653
Castle Gate,77,14.049337387084961,60.70103073120117,0.6787683878681804
Castle Gate,78,19.297908782958984,58.97502517700195,0.694160101112992
Castle Gate,79,16.255239486694336,50.66227340698242,0.7496717259393254
Castle Gate,80,217.57289123535156,272.9096984863281,0.44947413703848793
Castle Gate,81,279.5813293457031,295.53643798828125,0.4854266043620372
Castle Gate,82,269.0030517578125,280.9132995605469,0.48823604735269466
Castle Gate,83,269.2843017578125,302.0487365722656,0.4453574389788576
Castle Gate,84,34.16941833496094,39.200618743896484,0.9711732221754625
Castle Gate,85,35.622886657714844,37.43102264404297,0.9822792435138631
Castle Gate,86,33.9698600769043,37.56381607055664,0.9685478619362224
Castle Gate,87,36.75914764404297,40.6422119140625,0.9453681271488475
Castle Gate,88,30.249074935913086,39.44068145751953,0.9239932034834463
Castle Gate,89,36.44509506225586,40.89499282836914,0.893798467219378
Castle Gate,90,40.35258483886719,40.24396514892578,0.9345951680088573
Castle Gate,91,32.29365158081055,37.803409576416016,0.9079587075474956
Castle Gate,92,77.44578552246094,137.5264892578125,0.6596624885685081
Castle Gate,93,78.80976104736328,138.04368591308594,0.6340552406878351
Castle Gate,94,62.13335037231445,114.09402465820312,0.6607054414530034
Castle Gate,95,88.19764709472656,149.25045776367188,0.6167681553233276
Castle Gate,96,18.550159454345703,48.33882522583008,0.9140066903306515
Castle Gate,97,2.2230358123779297,45.73391342163086,0.8999421382086915
Castle Gate,98,18.374614715576172,54.50838088989258,0.916736358229473
Castle Gate,99,34.28473663330078,67.39867401123047,0.892790725945465
Castle Gate,100,24.49460220336914,43.210357666015625,0.8651426788494413
Castle Gate,101,11.39022445678711,37.251583099365234,0.8794132676675925
Castle Gate,102,14.858672142028809,41.32517623901367,0.8568406824251421
Castle Gate,103,12.09119701385498,47.738067626953125,0.8191467910631168
Castle Gate,104,5.586928367614746,37.830997467041016,0.92136453051303
Castle Gate,105,4.081955432891846,39.46583557128906,0.9044869394282304
Castle Gate,106,30.435224533081055,49.83636474609375,0.9198578197527091
Castle Gate,107,9.761999130249023,29.809757232666016,0.9511925165289438
Castle Gate,108,7.58489465713501,41.00722122192383,0.892018464184984
Castle Gate,109,13.423057556152344,57.7369384765625,0.7653380990287066
Castle Gate,110,17.040416717529297,47.52255630493164,0.8421290450260001
Castle Gate,111,14.478418350219727,49.47181701660156,0.8084851140894717
Castle Gate,112,131.5543670654297,191.95506286621094,0.4028257957051375
Castle Gate,113,149.44888305664062,228.53695678710938,0.4608778588819112
Castle Gate,114,127.01339721679688,188.8115234375,0.44940740553806985
Castle Gate,115,165.19528198242188,239.28866577148438,0.39509322411071696
Castle Gate,116,26.821842193603516,45.321285247802734,0.7981192823349504
Castle Gate,117,33.546871185302734,46.41572570800781,0.8207265171194784
Castle Gate,118,21.897062301635742,43.269535064697266,0.8392541287863267
Castle Gate,119,19.933862686157227,45.58984375,0.852941378461187
Castle Gate,120,10.809160232543945,51.65482711791992,0.7861629313547069
Castle Gate,121,16.59067726135254,52.982234954833984,0.783962088410148
Castle Gate,122,14.865788459777832,49.665409088134766,0.771616428183067
Castle Gate,123,7.268329620361328,53.25250244140625,0.818935695090457
Castle Gate,124,36.88771438598633,70.86949157714844,0.770637967252645
Castle Gate,125,34.93602752685547,72.6579360961914,0.7890395434603561
Castle Gate,126,37.92499923706055,70.55624389648438,0.831334653266702
Castle Gate,127,32.54835891723633,62.47544860839844,0.8058084857175816
Castle Gate,128,30.297279357910156,94.63887023925781,0.6301402149230382
Castle Gate,129,27.63986587524414,106.85116577148438,0.5523453684840474
Castle Gate,130,17.045621871948242,91.63970947265625,0.5806670208344321
Castle Gate,131,35.66572952270508,102.8128890991211,0.5519384985481988
Castle Gate,132,130.14102172851562,169.36277770996094,0.6420994870835858
Castle Gate,133,127.12081146240234,172.882080078125,0.6718834771346016
Castle Gate,134,126.13810729980469,177.01492309570312,0.6262900480853794
Castle Gate,135,114.13052368164062,161.5101776123047,0.6540001756644169
Castle Gate,136,15.751496315002441,34.56159591674805,0.9238309135083287
Castle Gate,137,24.980005264282227,31.05840492248535,0.9463548176435064
Castle Gate,138,13.207751274108887,27.39810562133789,0.9493168922389544
Castle Gate,139,23.899282455444336,33.698848724365234,0.9228903829433998
Castle Gate,140,47.470645904541016,76.81735229492188,0.7953197024509718
Castle Gate,141,7.603854179382324,32.791114807128906,0.9401449064078973
Castle Gate,142,7.126924514770508,25.36646270751953,0.9328448384657336
Castle Gate,143,8.230916976928711,40.381805419921875,0.9218974483585092
Castle Gate,144,16.01859474182129,41.61020278930664,0.8607191848605708
Castle Gate,145,16.984878540039062,34.67277145385742,0.8716405947117207
Castle Gate,146,22.162220001220703,41.07670211791992,0.8559562372043851
Castle Gate,147,20.8775691986084,37.44129180908203,0.8615492604631316
Castle Gate,148,187.34930419921875,231.3172607421875,0.6419106040401377
Castle Gate,149,161.57296752929688,201.91099548339844,0.6016403588541465
Castle Gate,150,170.40444946289062,217.98992919921875,0.6311910080211871
Castle Gate,151,211.81996154785156,261.3106384277344,0.5590673730212564
Castle Gate,152,1.1877796649932861,38.69230651855469,0.8771652780997964
Castle Gate,153,5.820643901824951,34.08811950683594,0.9192461724009047
Castle Gate,154,25.660587310791016,31.965803146362305,0.9660024465195777
Castle Gate,155,5.565494060516357,31.55120086669922,0.9295987299443758
Castle Gate,156,11.110177993774414,30.393199920654297,0.8947968096106623
Castle Gate,157,5.674497127532959,41.85610580444336,0.8514846007363304
Castle Gate,158,1.4650219678878784,37.497947692871094,0.8720884379545304
Castle Gate,159,9.078611373901367,51.56544494628906,0.7578557909060303
Castle Gate,160,55.9405517578125,56.12725067138672,0.926752634860513
Castle Gate,161,53.76062774658203,53.92747497558594,0.9421649945082466
Castle Gate,162,52.080162048339844,52.197715759277344,0.9426404836004554
Castle Gate,163,56.87443542480469,57.005760192871094,0.9354843037234228
Castle Gate,164,43.91899871826172,44.07992172241211,0.9778941796205783
Castle Gate,165,46.19953918457031,44.940818786621094,0.9797412506065448
Castle Gate,166,43.481536865234375,43.59114456176758,0.9844188779668566
Castle Gate,167,45.76154708862305,44.32478713989258,0.9724179278129175
Castle Gate,168,47.589420318603516,92.00946807861328,0.7399837899489108
Castle Gate,169,64.19388580322266,114.7326431274414,0.6453001437819278
Castle Gate,170,53.47699737548828,101.23666381835938,0.6888172425128289
Castle Gate,171,71.99195861816406,120.82695770263672,0.6498364336382814
Castle Gate,172,41.99900817871094,43.23515319824219,0.930334456229999
Castle Gate,173,44.05712127685547,44.59638214111328,0.9331303319988178
Castle Gate,174,42.129905700683594,41.72899627685547,0.9519002985984495
Castle Gate,175,36.993568420410156,36.24641036987305,0.9688560536652673
Castle Gate,176,34.589683532714844,38.98702621459961,0.8733541554006626
Castle Gate,177,37.621978759765625,38.98426055908203,0.9434605991506949
Castle Gate,178,36.94377136230469,40.235816955566406,0.825161215673796
Castle Gate,179,33.030086517333984,37.442832946777344,0.9189559318134332
Castle Gate,180,29.062366485595703,36.60867691040039,0.9156041380304725
Castle Gate,181,30.410762786865234,43.00403594970703,0.8640562418792705
Castle Gate,182,15.356440544128418,26.43416976928711,0.9405239324125013
Castle Gate,183,26.644880294799805,38.284610748291016,0.9012053719516632
Castle Gate,184,25.949853897094727,36.07011032104492,0.9054700991255263
Castle Gate,185,10.222905158996582,31.97580909729004,0.9102559273930351
Castle Gate,186,17.352968215942383,34.1614875793457,0.8804109529946773
Castle Gate,187,1.1752619743347168,36.9871940612793,0.849730836742262
Castle Gate,188,5.012020587921143,29.872547149658203,0.9214990629632122
Castle Gate,189,5.5387749671936035,28.199600219726562,0.9361082732736279
Castle Gate,190,13.666010856628418,29.662410736083984,0.9283859573594797
Castle Gate,191,7.041311740875244,22.959218978881836,0.949103399880279
Castle Gate,192,13.597749710083008,27.32823944091797,0.9631970700483289
Castle Gate,193,0.6726078987121582,31.788169860839844,0.933953205235345
Castle Gate,194,3.5716552734375,25.733261108398438,0.9475575154380019
Castle Gate,195,16.72141456604004,33.486839294433594,0.9331033019583734
Castle Gate,196,37.44518280029297,37.65839385986328,0.9579245749275853
Castle Gate,197,26.478687286376953,27.214950561523438,0.9617448863061672
Castle Gate,198,28.852006912231445,30.016990661621094,0.9574204085527862
Castle Gate,199,25.096336364746094,27.690319061279297,0.9355615736904499
Castle Gate,200,41.09990310668945,49.21141815185547,0.831148227518754
Castle Gate,201,45.10508346557617,45.49673080444336,0.8122307638006777
Castle Gate,202,57.60870361328125,67.71028137207031,0.7088349636015271
Castle Gate,203,39.209712982177734,46.7149772644043,0.7917594380143297
Castle Gate,204,22.950237274169922,41.44588851928711,0.8675538136951114
Castle Gate,205,14.880831718444824,37.8537712097168,0.8666363408229819
Castle Gate,206,18.70382308959961,42.4390869140625,0.8554658037045995
Castle Gate,207,20.794151306152344,44.31930923461914,0.8294211740223741
Castle Gate,208,72.26264953613281,76.14968872070312,0.9647638173226972
Castle Gate,209,72.2133560180664,73.99644470214844,0.9630847437163922
Castle Gate,210,58.672645568847656,65.8576431274414,0.9594620207041936
Castle Gate,211,69.21826934814453,77.04075622558594,0.9368270599098509
Castle Gate,212,6.623995304107666,63.25371551513672,0.7339488461021453
Castle Gate,213,8.215283393859863,58.17292022705078,0.7226714161755193
Castle Gate,214,13.086280822753906,70.3067855834961,0.5848638920740387
Castle Gate,215,5.907467365264893,52.791725158691406,0.7681143670875916
Castle Gate,216,10.221000671386719,20.01490020751953,0.9778711431581132
Castle Gate,217,10.235456466674805,25.31571388244629,0.9682420003063877
Castle Gate,218,13.417268753051758,29.367834091186523,0.9558217391034474
Castle Gate,219,11.557571411132812,23.949697494506836,0.9675566213334633
Castle Gate,220,24.867551803588867,33.91291046142578,0.9535517117547676
Castle Gate,221,33.48496627807617,41.38738250732422,0.9322157396398473
Castle Gate,222,31.9498291015625,39.991973876953125,0.902074197089519
Castle Gate,223,29.564159393310547,32.05192184448242,0.9537916751088135
Castle Gate,224,22.478986740112305,33.79478454589844,0.8795016980962105
Castle Gate,225,8.048151969909668,43.42400360107422,0.8458699490828048
Castle Gate,226,18.572643280029297,35.02021026611328,0.8900271984172191
Castle Gate,227,7.956419467926025,30.399688720703125,0.8791094891605176
Castle Gate,228,40.02936935424805,39.352142333984375,0.9540686854662794
Castle Gate,229,37.42131042480469,36.552764892578125,0.959411047001708
Castle Gate,230,40.41465377807617,39.34095001220703,0.9549894577826348
Castle Gate,231,41.89580535888672,41.4049186706543,0.9635217678550818
Castle Gate,232,2.820307493209839,42.636329650878906,0.8708785447896186
Castle Gate,233,5.508654594421387,42.608646392822266,0.8814147832889486
Castle Gate,234,10.210386276245117,45.04201126098633,0.8204867315628604
Castle Gate,235,3.6507866382598877,41.58755874633789,0.8819837654929966
Castle Gate,236,21.53506851196289,28.48304557800293,0.9351019679726934
Castle Gate,237,24.396451950073242,25.605539321899414,0.970978416531724
Castle Gate,238,24.94962501525879,29.10788345336914,0.9368545606798095
Castle Gate,239,19.686508178710938,28.34793472290039,0.9323735003721187
Castle Gate,240,22.233325958251953,32.15909194946289,0.9168816204040984
Castle Gate,241,29.172496795654297,32.03098678588867,0.9445022384640145
Castle Gate,242,25.52667999267578,34.15742111206055,0.877787552240678
Castle Gate,243,14.296968460083008,22.776941299438477,0.9527091268173613
Castle Gate,244,39.531620025634766,51.3801155090332,0.8479030650449569
Castle Gate,245,35.37260818481445,46.4622917175293,0.8402458567958715
Castle Gate,246,42.61255645751953,50.365726470947266,0.8328025723849276
Castle Gate,247,42.08720016479492,53.1939697265625,0.7886321410679272
Castle Gate,248,27.837860107421875,34.10239028930664,0.8895196876939995
Castle Gate,249,34.693233489990234,48.61824035644531,0.7887499115556348
Castle Gate,250,42.84731674194336,46.22788619995117,0.8337742352833243
Castle Gate,251,29.345104217529297,38.49296569824219,0.8760470954669789
Castle Gate,252,0.153320774435997,27.613840103149414,0.9218219019344583
Castle Gate,253,5.912954807281494,28.473337173461914,0.9108170632952352
Castle Gate,254,2.6552300453186035,34.29091262817383,0.8512542744180511
Castle Gate,255,5.452237129211426,28.131513595581055,0.8965851113224994
Castle Gate,256,42.07136154174805,63.45838165283203,0.7594734755670708
Castle Gate,257,26.72585105895996,62.54007339477539,0.8191641774682309
Castle Gate,258,54.747772216796875,82.83293151855469,0.6860466922682601
Castle Gate,259,12.593887329101562,59.02871322631836,0.803770256547658
Castle Gate,260,26.00495719909668,32.62284851074219,0.9375986303288106
Castle Gate,261,35.27940368652344,38.382484436035156,0.9182186644145979
Castle Gate,262,32.51352310180664,35.884788513183594,0.9136982584740281
Castle Gate,263,28.922452926635742,34.850067138671875,0.9268962274282055
Castle Gate,264,21.110111236572266,32.20255661010742,0.8978378720274751
Castle Gate,265,3.1047959327697754,44.098304748535156,0.8685475696085706
Castle Gate,266,7.209574222564697,31.325481414794922,0.9055130526937932
Castle Gate,267,13.19931411743164,34.193763732910156,0.8737481940472285
Castle Gate,268,17.310665130615234,39.53225326538086,0.907370927325094
Castle Gate,269,19.786375045776367,43.9249153137207,0.9133172050576988
Castle Gate,270,18.095762252807617,41.6512336730957,0.9091946835465065
Castle Gate,271,19.31348419189453,40.777549743652344,0.8917621819286118
Castle Gate,272,45.206687927246094,48.32505416870117,0.9482570991630503
Castle Gate,273,42.29975128173828,53.7513313293457,0.8829753210641191
Castle Gate,274,44.64876174926758,52.90642166137695,0.9154304680648677
Castle Gate,275,55.5638427734375,62.01241683959961,0.8346854282058166
Castle Gate,276,9.841056823730469,33.46210479736328,0.8875489906765943
Castle Gate,277,6.751428127288818,33.245601654052734,0.8878329925358304
Castle Gate,278,8.414139747619629,34.92428207397461,0.8940752337299319
Castle Gate,279,6.1561198234558105,27.514074325561523,0.9076617403526935
Castle Gate,280,17.20472526550293,40.74274826049805,0.8072117981590288
Castle Gate,281,22.368223190307617,32.35453414916992,0.9082509208129543
Castle Gate,282,18.52910804748535,33.40619659423828,0.8671224453387794
Castle Gate,283,29.101594924926758,40.06464385986328,0.8849355032052016
Berea Upper Gray,0,45.89002990722656,53.542724609375,0.8307221590672308
Berea Upper Gray,1,64.62418365478516,67.3726577758789,0.8124047616645395
Berea Upper Gray,2,51.34877014160156,62.17403030395508,0.8053460012752375
Berea Upper Gray,3,45.15851593017578,54.637474060058594,0.7638330642558794
Berea Upper Gray,4,5.7926859855651855,23.742570877075195,0.9698441141331405
Berea Upper Gray,5,5.531239986419678,20.886850357055664,0.9723095019116208
Berea Upper Gray,6,6.854384899139404,26.864431381225586,0.9485963571775572
Berea Upper Gray,7,17.04683494567871,31.077917098999023,0.9210913189619245
Berea Upper Gray,8,17.753360748291016,48.8192024230957,0.8421767664184965
Berea Upper Gray,9,4.380506992340088,53.40709686279297,0.8539516763710359
Berea Upper Gray,10,10.670622825622559,51.820743560791016,0.8362561847838056
Berea Upper Gray,11,0.6561405658721924,45.136104583740234,0.8869891109217839
Berea Upper Gray,12,22.99323081970215,88.5574722290039,0.6270545706316549
Berea Upper Gray,13,30.87728500366211,101.33196258544922,0.639725129800796
Berea Upper Gray,14,13.711296081542969,81.42684936523438,0.6704980723411423
Berea Upper Gray,15,29.2122745513916,90.17213439941406,0.6750300374839798
Berea Upper Gray,16,9.753314018249512,67.18853759765625,0.7755409782254504
Berea Upper Gray,17,32.32827377319336,97.42327880859375,0.6844770284345761
Berea Upper Gray,18,38.1426887512207,96.80194854736328,0.7410360492630564
Berea Upper Gray,19,9.645986557006836,75.71904754638672,0.7347705218736107
Berea Upper Gray,20,27.308320999145508,53.85374069213867,0.8628293918870272
Berea Upper Gray,21,31.7399845123291,52.945621490478516,0.8506914244580406
Berea Upper Gray,22,26.77719497680664,53.31710433959961,0.8357018824617344
Berea Upper Gray,23,17.85159683227539,48.44747543334961,0.8645405237549662
Berea Upper Gray,24,48.960269927978516,54.55781936645508,0.8574108435111191
Berea Upper Gray,25,43.38895797729492,45.60353469848633,0.9131559321656594
Berea Upper Gray,26,43.35285186767578,47.954750061035156,0.935863711667244
Berea Upper Gray,27,41.58198165893555,47.145999908447266,0.8994883555136064
Berea Upper Gray,28,23.36699867248535,31.58954620361328,0.8652416587863585
Berea Upper Gray,29,23.05579376220703,26.230010986328125,0.9043029018210144
Berea Upper Gray,30,14.342632293701172,32.24227523803711,0.8564446448868505
Berea Upper Gray,31,27.07281494140625,33.318641662597656,0.861138709746945
Berea Upper Gray,32,2.5891857147216797,55.6727294921875,0.7683077906093032
Berea Upper Gray,33,1.696092963218689,64.7171630859375,0.6770448958837985
Berea Upper Gray,34,2.640223503112793,76.16243743896484,0.6628640305136624
Berea Upper Gray,35,14.078851699829102,75.06295776367188,0.658312405920175
Berea Upper Gray,36,22.508377075195312,103.10367584228516,0.44295486721398913
Berea Upper Gray,37,5.199504852294922,80.82742309570312,0.5378880062136234
Berea Upper Gray,38,7.841352462768555,96.6723403930664,0.4846027561459262
Berea Upper Gray,39,9.256943702697754,99.11262512207031,0.44869664007489346
Berea Upper Gray,40,28.19412612915039,65.5007553100586,0.6304229305343849
Berea Upper Gray,41,33.50308609008789,55.58171081542969,0.7404837071161308
Berea Upper Gray,42,33.68086242675781,53.60675811767578,0.7658879884891796
Berea Upper Gray,43,39.946746826171875,63.86544418334961,0.6738276520722598
Berea Upper Gray,44,4.6068501472473145,59.076133728027344,0.620610709119716
Berea Upper Gray,45,22.178165435791016,82.34577178955078,0.5116728408748764
Berea Upper Gray,46,36.421783447265625,86.63297271728516,0.436060833839318
Berea Upper Gray,47,20.216556549072266,73.9981689453125,0.524884479813967
Berea Upper Gray,48,11.07777214050293,50.31178283691406,0.798524456480795
Berea Upper Gray,49,27.31369972229004,48.7458610534668,0.8300893262839619
Berea Upper Gray,50,18.773149490356445,47.52198791503906,0.8444595491278802
Berea Upper Gray,51,25.425350189208984,49.292694091796875,0.8326711945689983
Berea Upper Gray,52,15.719008445739746,29.61773109436035,0.9516634493835637
Berea Upper Gray,53,21.521480560302734,27.829713821411133,0.9557336478761689
Berea Upper Gray,54,22.04297637939453,29.35359001159668,0.9692328439247326
Berea Upper Gray,55,29.800277709960938,33.408233642578125,0.95332568495935
Berea Upper Gray,56,46.13764572143555,49.32780456542969,0.9090978974436454
Berea Upper Gray,57,32.64900207519531,40.954063415527344,0.9280631049109207
Berea Upper Gray,58,29.824520111083984,48.1666259765625,0.8277050941952653
Berea Upper Gray,59,39.31972885131836,43.265708923339844,0.9329798051137952
Berea Upper Gray,60,6.7975335121154785,50.24341583251953,0.8022194145651569
Berea Upper Gray,61,13.613815307617188,46.58586502075195,0.8450223158874772
Berea Upper Gray,62,22.38231658935547,35.237648010253906,0.8686995020321044
Berea Upper Gray,63,12.79666805267334,52.92563247680664,0.7250543162973061
Berea Upper Gray,64,3.5216939449310303,26.89838409423828,0.9624701326961689
Berea Upper Gray,65,18.44516372680664,34.103416442871094,0.9695060065139754
Berea Upper Gray,66,20.98562240600586,36.28703308105469,0.967257214726919
Berea Upper Gray,67,0.034497715532779694,33.478084564208984,0.9468270954827831
Berea Upper Gray,68,206.5046844482422,215.55259704589844,0.5123636173090856
Berea Upper Gray,69,174.08935546875,217.33346557617188,0.5131377454393015
Berea Upper Gray,70,138.94692993164062,154.29367065429688,0.4718123755586745
Berea Upper Gray,71,164.23236083984375,204.80677795410156,0.49032960596323705
Berea Upper Gray,72,12.449148178100586,59.07151412963867,0.7711543094275988
Berea Upper Gray,73,32.48127746582031,54.2832145690918,0.7549628992244127
Berea Upper Gray,74,31.387014389038086,50.30309295654297,0.8318047167441311
Berea Upper Gray,75,26.41757583618164,59.5239372253418,0.741512814980418
Berea Upper Gray,76,192.36453247070312,305.45159912109375,0.3236220162749256
Berea Upper Gray,77,104.26502227783203,165.15579223632812,0.376800095183583
Berea Upper Gray,78,68.0010757446289,177.91909790039062,0.30880787155460804
Berea Upper Gray,79,132.72586059570312,213.49168395996094,0.4476883970815329
Berea Upper Gray,80,21.843191146850586,55.17108154296875,0.8121453932893437
Berea Upper Gray,81,2.6911892890930176,54.97631072998047,0.7956897887112786
Berea Upper Gray,82,2.9223363399505615,64.12625885009766,0.8285928864075158
Berea Upper Gray,83,33.17552947998047,62.05235290527344,0.7758368576146297
Berea Upper Gray,84,18.281360626220703,40.74308776855469,0.8946709301965942
Berea Upper Gray,85,17.71912956237793,39.30677032470703,0.9075886083070588
Berea Upper Gray,86,11.3477144241333,37.06759262084961,0.9105907331355493
Berea Upper Gray,87,17.184097290039062,41.56236267089844,0.8947376117460699
Berea Upper Gray,88,34.35331726074219,42.321258544921875,0.8796486250388182
Berea Upper Gray,89,30.991168975830078,37.81562423706055,0.9003579401582483
Berea Upper Gray,90,35.47084426879883,40.20793914794922,0.9098579949693065
Berea Upper Gray,91,35.87043380737305,42.25973129272461,0.8823064166968516
Berea Upper Gray,92,36.785362243652344,41.08101272583008,0.89580715744054
Berea Upper Gray,93,35.497337341308594,39.005279541015625,0.9006788688261059
Berea Upper Gray,94,42.224754333496094,45.217323303222656,0.8733274558067406
Berea Upper Gray,95,36.91521072387695,39.3479118347168,0.9167089678237992
Berea Upper Gray,96,48.56381607055664,53.60587692260742,0.9338826818939057
Berea Upper Gray,97,45.44209289550781,49.305965423583984,0.9473130762552578
Berea Upper Gray,98,32.92891311645508,43.99161148071289,0.934060985796808
Berea Upper Gray,99,50.585445404052734,58.0676155090332,0.901067207494908
Berea Upper Gray,100,501.5242004394531,596.4749755859375,0.5574961474146847
Berea Upper Gray,101,360.7303771972656,428.5663146972656,0.49190668884393474
Berea Upper Gray,102,597.48291015625,829.281982421875,0.40698605204948174
Berea Upper Gray,103,534.3798217773438,775.7932739257812,0.426833763669375
Berea Upper Gray,104,5.804568767547607,38.767547607421875,0.8991801946040243
Berea Upper Gray,105,7.157622814178467,42.59379959106445,0.8792678568686968
Berea Upper Gray,106,11.111276626586914,39.925716400146484,0.8765593480175994
Berea Upper Gray,107,4.220390319824219,34.840641021728516,0.934383698996999
Berea Upper Gray,108,211.25079345703125,290.4114685058594,0.4704454131196129
Berea Upper Gray,109,195.571533203125,281.64892578125,0.44543247719756524
Berea Upper Gray,110,193.92320251464844,265.6519470214844,0.47284632609215604
Berea Upper Gray,111,229.0713653564453,293.91497802734375,0.43068338516482557
Berea Upper Gray,112,11.152227401733398,53.02139663696289,0.835241342906031
Berea Upper Gray,113,26.765398025512695,53.123470306396484,0.7784729884444426
Berea Upper Gray,114,24.704418182373047,54.32905197143555,0.7535178699634506
Berea Upper Gray,115,9.272184371948242,89.5516586303711,0.6310276849823472
Berea Upper Gray,116,20.847393035888672,33.755882263183594,0.9154306457390947
Berea Upper Gray,117,16.441137313842773,29.61927032470703,0.9395847897415567
Berea Upper Gray,118,9.112756729125977,25.05205535888672,0.9559808482382929
Berea Upper Gray,119,23.49547004699707,29.643939971923828,0.9526288489909195
Berea Upper Gray,120,40.0198860168457,40.1901741027832,0.8769703045344803
Berea Upper Gray,121,42.43848419189453,42.59317398071289,0.9344185518981963
Berea Upper Gray,122,44.78608703613281,46.01020812988281,0.8954877299296431
Berea Upper Gray,123,40.458030700683594,41.46284103393555,0.9069246729907248
Berea Upper Gray,124,25.724714279174805,36.6732063293457,0.8859333917347212
Berea Upper Gray,125,17.727807998657227,48.899803161621094,0.8101411958691341
Berea Upper Gray,126,26.638456344604492,39.98396682739258,0.8711456174937383
Berea Upper Gray,127,24.006935119628906,45.99557876586914,0.8255069138269571
Berea Upper Gray,128,4.213535308837891,43.122318267822266,0.8625115298033599
Berea Upper Gray,129,5.163734436035156,56.57427978515625,0.8213486383337927
Berea Upper Gray,130,4.319905757904053,50.8497200012207,0.8281345966190042
Berea Upper Gray,131,9.064866065979004,48.807281494140625,0.8647077465022093
Berea Upper Gray,132,30.245956420898438,31.503238677978516,0.9552776449831492
Berea Upper Gray,133,16.880495071411133,23.184810638427734,0.955271781849424
Berea Upper Gray,134,28.891368865966797,28.269933700561523,0.9657904680286158
Berea Upper Gray,135,26.184154510498047,27.193315505981445,0.9660123701411528
Berea Upper Gray,136,27.1462345123291,35.326385498046875,0.9037314479025546
Berea Upper Gray,137,30.800701141357422,36.49287414550781,0.898769568961257
Berea Upper Gray,138,22.97193717956543,34.39826583862305,0.8948249821052937
Berea Upper Gray,139,39.97184753417969,44.353050231933594,0.8932877551928813
Berea Upper Gray,140,16.227005004882812,41.42542266845703,0.727276943724937
Berea Upper Gray,141,24.580106735229492,44.57046127319336,0.8221529625560805
Berea Upper Gray,142,23.4692440032959,40.21148681640625,0.8055387145911551
Berea Upper Gray,143,24.718528747558594,40.4676628112793,0.8599882845190445
Berea Upper Gray,144,34.0840950012207,40.408836364746094,0.9585959942084056
Berea Upper Gray,145,25.06945037841797,34.41315460205078,0.9609874351298134
Berea Upper Gray,146,27.74695587158203,36.86214828491211,0.9451215735006607
Berea Upper Gray,147,30.5523681640625,37.17058563232422,0.9630803887259668
Berea Upper Gray,148,6.7880964279174805,40.31298065185547,0.9045548679386792
Berea Upper Gray,149,6.355538368225098,43.95838928222656,0.8635083569413669
Berea Upper Gray,150,12.948110580444336,39.138519287109375,0.8716945312579222
Berea Upper Gray,151,22.43897247314453,42.852684020996094,0.8428973789824733
Berea Upper Gray,152,330.370361328125,293.38519287109375,-0.0003974980462744408
Berea Upper Gray,153,488.9320373535156,326.97698974609375,0.010479039727744489
Berea Upper Gray,154,343.7006530761719,344.1230163574219,-8.616388947401435e-05
Berea Upper Gray,155,259.89007568359375,277.5427551269531,0.0507343424690205
Berea Upper Gray,156,103.55065155029297,111.00609588623047,0.5847860440773285
Berea Upper Gray,157,118.4155502319336,130.9635772705078,0.6199020057249638
Berea Upper Gray,158,252.15713500976562,259.6197204589844,0.5156596151589233
Berea Upper Gray,159,214.333251953125,184.8226776123047,0.6626010099999889
Berea Upper Gray,160,18.328346252441406,23.977893829345703,0.9537933931801169
Berea Upper Gray,161,25.007673263549805,29.8702392578125,0.9499761080605602
Berea Upper Gray,162,13.198736190795898,17.242650985717773,0.9764688819940485
Berea Upper Gray,163,10.340156555175781,17.392913818359375,0.9798419705995406
Berea Upper Gray,164,28.58708953857422,38.078311920166016,0.9392041696569042
Berea Upper Gray,165,31.930994033813477,41.75992202758789,0.9330335797347363
Berea Upper Gray,166,24.00257682800293,38.70012664794922,0.9182310916868397
Berea Upper Gray,167,18.89947509765625,31.54694938659668,0.9433389826916349
Berea Upper Gray,168,84.09673309326172,147.56922912597656,0.6953651037428036
Berea Upper Gray,169,84.64799499511719,166.5185089111328,0.6279891921709251
Berea Upper Gray,170,77.09718322753906,147.5865936279297,0.6776727557113258
Berea Upper Gray,171,85.99620056152344,153.88612365722656,0.6485742553644671
Berea Upper Gray,172,2.745403528213501,55.08250427246094,0.7730704315028675
Berea Upper Gray,173,2.6276755332946777,51.87771987915039,0.8636026551730804
Berea Upper Gray,174,6.946814060211182,40.455299377441406,0.8516727291624074
Berea Upper Gray,175,7.366448402404785,48.903690338134766,0.8813220746014474
Berea Upper Gray,176,86.35484313964844,185.47842407226562,0.3173411038864105
Berea Upper Gray,177,112.1734848022461,211.41043090820312,0.34656495117597846
Berea Upper Gray,178,118.81095123291016,221.29452514648438,0.35165367713195084
Berea Upper Gray,179,69.49634552001953,172.70034790039062,0.3148652494165175
Berea Upper Gray,180,4.50716495513916,29.61948585510254,0.945827888434575
Berea Upper Gray,181,2.900064706802368,22.87381362915039,0.9701291358028495
Berea Upper Gray,182,7.878149032592773,31.985427856445312,0.9334293016570526
Berea Upper Gray,183,10.010794639587402,36.576515197753906,0.9228273825047252
Berea Upper Gray,184,34.50931167602539,62.16658401489258,0.9058408877758367
Berea Upper Gray,185,26.859346389770508,51.34144592285156,0.920103542306482
Berea Upper Gray,186,40.148277282714844,57.0540885925293,0.9049837200802688
Berea Upper Gray,187,16.612937927246094,48.05805587768555,0.9055983704218011
Berea Upper Gray,188,13.603708267211914,46.92980194091797,0.8528149565703478
Berea Upper Gray,189,10.442083358764648,49.637367248535156,0.870545267184281
Berea Upper Gray,190,3.5054476261138916,54.936161041259766,0.8214060353231166
Berea Upper Gray,191,11.276955604553223,53.883548736572266,0.85102668474418
Berea Upper Gray,192,7.866807460784912,47.35280990600586,0.8787842435756498
Berea Upper Gray,193,17.73301124572754,40.803260803222656,0.9298736536777863
Berea Upper Gray,194,2.301527738571167,33.907936096191406,0.9160097862298058
Berea Upper Gray,195,6.4438958168029785,37.62092971801758,0.905755920790315
Berea Upper Gray,196,20.93758201599121,45.29122543334961,0.8621293472821308
Berea Upper Gray,197,15.617839813232422,41.09287643432617,0.8505526159918763
Berea Upper Gray,198,0.5191455483436584,50.52024459838867,0.796196386937533
Berea Upper Gray,199,7.765779495239258,44.931358337402344,0.8376959865045266
Berea Upper Gray,200,20.868480682373047,54.04048156738281,0.8418077169085997
Berea Upper Gray,201,36.29349899291992,59.0600700378418,0.8578558969938318
Berea Upper Gray,202,15.170702934265137,53.55868148803711,0.8650486378752507
Berea Upper Gray,203,31.23977279663086,55.20820999145508,0.8990052800732222
Berea Upper Gray,204,31.598392486572266,59.33351516723633,0.7275172045034252
Berea Upper Gray,205,43.85488510131836,62.58774948120117,0.7138296734547717
Berea Upper Gray,206,41.748741149902344,51.94938278198242,0.8439319756253287
Berea Upper Gray,207,38.00400161743164,58.76939010620117,0.7616539352417744
Berea Upper Gray,208,74.41305541992188,144.36679077148438,0.6044892034892989
Berea Upper Gray,209,74.90026092529297,158.802734375,0.5566390818480615
Berea Upper Gray,210,47.523094177246094,128.32806396484375,0.5816344206617718
Berea Upper Gray,211,62.3404655456543,135.4483642578125,0.5773184606935037
Berea Upper Gray,212,89.12232971191406,159.19216918945312,0.6317465642014325
Berea Upper Gray,213,133.54190063476562,212.43719482421875,0.5764505397007873
Berea Upper Gray,214,285.3273010253906,431.1900329589844,0.501146469627363
Berea Upper Gray,215,199.5057830810547,324.5349426269531,0.41858640298042804
Berea Upper Gray,216,74.34669494628906,120.60199737548828,0.5279815396793373
Berea Upper Gray,217,63.07408142089844,131.96531677246094,0.5907971272921403
Berea Upper Gray,218,54.592220306396484,121.58930969238281,0.5806380666826904
Berea Upper Gray,219,54.56703567504883,102.61266326904297,0.6581691810179446
Berea Upper Gray,220,21.965089797973633,37.72395324707031,0.9415184910179396
Berea Upper Gray,221,14.73932933807373,25.14520835876465,0.9614610870517718
Berea Upper Gray,222,19.08854103088379,25.670480728149414,0.9773275046881709
Berea Upper Gray,223,36.74531936645508,46.446998596191406,0.9163190319955223
Berea Sinter Gray,0,56.419410705566406,90.7420654296875,0.8000185505901182
Berea Sinter Gray,1,35.49563217163086,55.6186408996582,0.8213789960177574
Berea Sinter Gray,2,30.873668670654297,63.71426773071289,0.7795934469683519
Berea Sinter Gray,3,51.75623321533203,85.24522399902344,0.7752902841007658
Berea Sinter Gray,4,12.266402244567871,69.46251678466797,0.647897138875811
Berea Sinter Gray,5,33.50857162475586,61.22614669799805,0.6844425880589776
Berea Sinter Gray,6,12.927023887634277,65.01203918457031,0.6370590059178488
Berea Sinter Gray,7,2.4250009059906006,63.699134826660156,0.6464298091532228
Berea Sinter Gray,8,6.520503044128418,50.90046310424805,0.8737921857250318
Berea Sinter Gray,9,3.7025957107543945,59.265342712402344,0.8534654091450904
Berea Sinter Gray,10,2.023805618286133,40.75764083862305,0.9034969941935008
Berea Sinter Gray,11,11.393648147583008,37.9255485534668,0.9375574016157275
Berea Sinter Gray,12,17.883323669433594,32.43677520751953,0.9715969165845296
Berea Sinter Gray,13,26.017629623413086,37.914222717285156,0.9565942963247349
Berea Sinter Gray,14,38.74688720703125,50.46961212158203,0.9597618497359647
Berea Sinter Gray,15,28.749225616455078,42.097129821777344,0.9710518495427177
Berea Sinter Gray,16,45.01667785644531,75.5562973022461,0.8002390132138404
Berea Sinter Gray,17,49.25218963623047,81.11363220214844,0.7779305464902095
Berea Sinter Gray,18,64.6789779663086,94.6993408203125,0.7815483724242557
Berea Sinter Gray,19,59.15410614013672,87.76345825195312,0.8203118624590059
Berea Sinter Gray,20,85.0667495727539,113.79045104980469,0.6524955146175888
Berea Sinter Gray,21,71.05487060546875,107.05227661132812,0.6574046323707763
Berea Sinter Gray,22,93.76976776123047,129.33204650878906,0.6902635716650112
Berea Sinter Gray,23,58.921199798583984,98.6865463256836,0.7082934332769137
Berea Sinter Gray,24,16.368654251098633,29.394092559814453,0.9309867145929193
Berea Sinter Gray,25,25.55208969116211,34.37957000732422,0.920428135763559
Berea Sinter Gray,26,30.038013458251953,39.4766731262207,0.8857079224823501
Berea Sinter Gray,27,26.01934814453125,39.33576583862305,0.8730847520600009
Berea Sinter Gray,28,16.613622665405273,102.69261932373047,0.5564486799983712
Berea Sinter Gray,29,29.88046646118164,99.5939712524414,0.6323041654051381
Berea Sinter Gray,30,36.83085250854492,104.83153533935547,0.6129319868713866
Berea Sinter Gray,31,29.001506805419922,113.41947174072266,0.5363035373293001
Berea Sinter Gray,32,2.8140475749969482,53.44141387939453,0.8258024356422502
Berea Sinter Gray,33,25.099760055541992,75.293212890625,0.8119542966666318
Berea Sinter Gray,34,37.82305145263672,99.6545181274414,0.7194407285720132
Berea Sinter Gray,35,105.57966613769531,170.12335205078125,0.6043081468184586
Berea Sinter Gray,36,310.1735534667969,470.3531494140625,0.36571288791113915
Berea Sinter Gray,37,232.83602905273438,299.7156982421875,0.6208215379796828
Berea Sinter Gray,38,312.0079345703125,417.3299560546875,0.4701247934183913
Berea Sinter Gray,39,285.3697509765625,408.8938903808594,0.38019720862665246
Berea Sinter Gray,40,4.534503936767578,58.79092025756836,0.7329883110774542
Berea Sinter Gray,41,2.212879180908203,57.68727493286133,0.7273426655607915
Berea Sinter Gray,42,1.9522876739501953,56.566864013671875,0.7044091100533971
Berea Sinter Gray,43,7.801079273223877,65.24793243408203,0.7065914423745845
Berea Sinter Gray,44,4.141674041748047,43.17648696899414,0.9334830176505364
Berea Sinter Gray,45,0.8605086207389832,28.58116340637207,0.9649329692801665
Berea Sinter Gray,46,17.7244873046875,38.15283203125,0.9395185063561647
Berea Sinter Gray,47,16.67253303527832,42.591678619384766,0.9105229881053477
Berea Sinter Gray,48,17.16635513305664,32.31846237182617,0.929463060778833
Berea Sinter Gray,49,24.49379539489746,44.66017532348633,0.919475342891212
Berea Sinter Gray,50,27.81863021850586,42.92919158935547,0.9365012655785041
Berea Sinter Gray,51,28.789592742919922,38.71320724487305,0.9525315195310691
Berea Sinter Gray,52,2.0334036350250244,29.332345962524414,0.8937609797027316
Berea Sinter Gray,53,18.754709243774414,30.82160758972168,0.887465047950475
Berea Sinter Gray,54,6.498958110809326,34.44117736816406,0.8677823425565777
Berea Sinter Gray,55,10.428906440734863,29.41547393798828,0.8880409167919936
Berea Sinter Gray,56,25.83299446105957,42.203922271728516,0.8991136069510429
Berea Sinter Gray,57,21.601646423339844,41.72412872314453,0.869413013686986
Berea Sinter Gray,58,17.15981674194336,46.22715377807617,0.844977909436886
Berea Sinter Gray,59,8.048495292663574,44.371726989746094,0.8603305960435764
Berea Sinter Gray,60,3.0177440643310547,33.161888122558594,0.9083122753930051
Berea Sinter Gray,61,9.350442886352539,43.95931625366211,0.8558195433527056
Berea Sinter Gray,62,1.6255440711975098,27.95389747619629,0.9469512510307789
Berea Sinter Gray,63,3.8642215728759766,44.35490036010742,0.8605589623470729
Berea Sinter Gray,64,4.96855354309082,38.985023498535156,0.900330047071531
Berea Sinter Gray,65,13.27827262878418,60.98382568359375,0.8379655174689403
Berea Sinter Gray,66,18.212055206298828,58.63139724731445,0.8152744282139186
Berea Sinter Gray,67,69.36018371582031,115.75123596191406,0.7329840154221492
Berea Sinter Gray,68,24.891889572143555,77.49954986572266,0.6855053756283206
Berea Sinter Gray,69,19.647287368774414,88.89360809326172,0.6297247622418581
Berea Sinter Gray,70,40.33864974975586,81.6592025756836,0.7198877253003387
Berea Sinter Gray,71,31.676952362060547,84.59761810302734,0.696231764964108
Berea Sinter Gray,72,46.305335998535156,46.913509368896484,0.906696193936355
Berea Sinter Gray,73,49.11702346801758,49.760765075683594,0.9677008802009494
Berea Sinter Gray,74,44.297462463378906,45.536277770996094,0.941242479771224
Berea Sinter Gray,75,42.34828186035156,44.64116668701172,0.9585527639066632
Berea Sinter Gray,76,24.08938217163086,36.98331832885742,0.958038299544663
Berea Sinter Gray,77,22.436275482177734,33.52915573120117,0.9342701845476129
Berea Sinter Gray,78,9.833867073059082,32.99696350097656,0.9175023148388023
Berea Sinter Gray,79,24.628803253173828,35.49108123779297,0.9602907983344228
Berea Sinter Gray,80,63.46140670776367,98.90442657470703,0.7370546959828795
Berea Sinter Gray,81,37.03230667114258,72.56808471679688,0.7884874392601547
Berea Sinter Gray,82,34.1979866027832,67.72167205810547,0.8049661548250543
Berea Sinter Gray,83,74.71332550048828,111.2915267944336,0.6356167690693608
Berea Sinter Gray,84,39.86959457397461,83.02134704589844,0.7632000423484868
Berea Sinter Gray,85,0.7310405969619751,48.29880142211914,0.8045979148658741
Berea Sinter Gray,86,13.995491027832031,46.313350677490234,0.8523044135986549
Berea Sinter Gray,87,24.0311279296875,64.44855499267578,0.7826454390365369
Berea Sinter Gray,88,10.439605712890625,25.304100036621094,0.9440375383956879
Berea Sinter Gray,89,5.012268543243408,28.728687286376953,0.915505507000319
Berea Sinter Gray,90,6.120415210723877,31.23128318786621,0.9224680309477689
Berea Sinter Gray,91,0.037892431020736694,29.75372314453125,0.9226430525068888
Berea Sinter Gray,92,52.885162353515625,62.9141845703125,0.8629965933127883
Berea Sinter Gray,93,37.714900970458984,53.97096633911133,0.8089764828600267
Berea Sinter Gray,94,46.7466926574707,64.79010009765625,0.7634622797693221
Berea Sinter Gray,95,42.200897216796875,51.953224182128906,0.8833729468614525
Berea Sinter Gray,96,68.53372955322266,92.67422485351562,0.7274843539576823
Berea Sinter Gray,97,120.15612030029297,123.54154968261719,0.7756226792997324
Berea Sinter Gray,98,134.5644073486328,133.28836059570312,0.8013256368522448
Berea Sinter Gray,99,129.54539489746094,139.13848876953125,0.7969921002132088
Berea Sinter Gray,100,13.454997062683105,50.024715423583984,0.8093664952147072
Berea Sinter Gray,101,10.928558349609375,56.04302215576172,0.7731175157909548
Berea Sinter Gray,102,8.888477325439453,37.473628997802734,0.8781913657123845
Berea Sinter Gray,103,1.043858528137207,49.467140197753906,0.7788092642292678
Berea Sinter Gray,104,50.10356903076172,53.8646240234375,0.9230371290785843
Berea Sinter Gray,105,53.23881912231445,57.03176498413086,0.888535856286308
Berea Sinter Gray,106,56.936805725097656,58.92721939086914,0.9287809059598041
Berea Sinter Gray,107,55.66260528564453,60.1887321472168,0.9170909792461324
Berea Sinter Gray,108,2.002027750015259,63.145137786865234,0.7834363081962245
Berea Sinter Gray,109,5.8697733879089355,57.70878601074219,0.7986926792368264
Berea Sinter Gray,110,7.990941524505615,53.195281982421875,0.8552572415078113
Berea Sinter Gray,111,4.459958553314209,55.05747604370117,0.8486602359479444
Berea Sinter Gray,112,50.07229232788086,50.432098388671875,0.9129520755522216
Berea Sinter Gray,113,47.04447937011719,52.80038070678711,0.8928427060138459
Berea Sinter Gray,114,51.49100875854492,51.765350341796875,0.8988693414716059
Berea Sinter Gray,115,53.487464904785156,52.55729675292969,0.9047117654575084
Berea Sinter Gray,116,96.23856353759766,134.47305297851562,0.5036637060711939
Berea Sinter Gray,117,134.7609405517578,123.41931915283203,0.5256958873747184
Berea Sinter Gray,118,118.81705474853516,118.76014709472656,0.5954564288910194
Berea Sinter Gray,119,125.02830505371094,112.23616790771484,0.4997329207311767
Berea Sinter Gray,120,325.13165283203125,355.40277099609375,0.6474090413029974
Berea Sinter Gray,121,319.7842712402344,361.8305969238281,0.6360982069962757
Berea Sinter Gray,122,355.59320068359375,370.00067138671875,0.6914017999927042
Berea Sinter Gray,123,246.5828857421875,275.4749450683594,0.6495567543539925
Berea Sinter Gray,124,262.6011962890625,407.0748596191406,0.22594422427535038
Berea Sinter Gray,125,225.48304748535156,359.10980224609375,0.24484214487249423
Berea Sinter Gray,126,378.7210388183594,527.7767944335938,0.19326432531730958
Berea Sinter Gray,127,287.8711853027344,389.9642028808594,0.19576487924789657
Berea Sinter Gray,128,12.687630653381348,35.609134674072266,0.9426961733125169
Berea Sinter Gray,129,3.0883736610412598,27.195178985595703,0.9610937453397941
Berea Sinter Gray,130,12.259498596191406,27.79184341430664,0.9597389430861798
Berea Sinter Gray,131,8.733733177185059,28.487716674804688,0.9383801096843047
Berea Sinter Gray,132,17.223499298095703,33.193031311035156,0.944319875207673
Berea Sinter Gray,133,24.38214111328125,38.825416564941406,0.9499229297157189
Berea Sinter Gray,134,27.339998245239258,34.956539154052734,0.9755166919998259
Berea Sinter Gray,135,21.9132080078125,29.056201934814453,0.9792233738245312
Berea Sinter Gray,136,44.30570983886719,54.45622634887695,0.9221662773835677
Berea Sinter Gray,137,40.517967224121094,52.20289993286133,0.9234207669395383
Berea Sinter Gray,138,56.190650939941406,64.91450500488281,0.917922359356305
Berea Sinter Gray,139,48.24660873413086,57.438194274902344,0.9384722558574584
Berea Sinter Gray,140,68.03813171386719,87.22320556640625,0.7268760710567547
Berea Sinter Gray,141,42.65546798706055,50.176692962646484,0.8564638381474875
Berea Sinter Gray,142,70.65217590332031,83.7199935913086,0.8229152592174594
Berea Sinter Gray,143,41.24406051635742,52.72568130493164,0.8886416628106911
Berea Sinter Gray,144,7.09122371673584,81.8209228515625,0.6913729958449347
Berea Sinter Gray,145,18.138280868530273,92.81205749511719,0.7090564036880156
Berea Sinter Gray,146,60.15315628051758,159.13836669921875,0.5815099563577953
Berea Sinter Gray,147,42.368125915527344,138.68124389648438,0.543011792959056
Berea Sinter Gray,148,12.289772033691406,47.10459899902344,0.7931867471645109
Berea Sinter Gray,149,4.181715488433838,50.51975631713867,0.8115753125666615
Berea Sinter Gray,150,8.747647285461426,57.53383255004883,0.728241588811065
Berea Sinter Gray,151,11.72850227355957,55.32469940185547,0.7217077726466252
Berea Sinter Gray,152,23.409645080566406,34.59501266479492,0.9391026352409104
Berea Sinter Gray,153,21.85953712463379,29.002283096313477,0.9567832878523764
Berea Sinter Gray,154,28.86958122253418,35.19108200073242,0.9547276319594113
Berea Sinter Gray,155,19.397706985473633,29.569839477539062,0.9390346566822521
Berea Sinter Gray,156,77.37936401367188,115.26848602294922,0.7779917784572552
Berea Sinter Gray,157,82.73754119873047,165.0019989013672,0.6254320757717794
Berea Sinter Gray,158,89.33757019042969,144.6461181640625,0.6881727618571339
Berea Sinter Gray,159,90.25384521484375,166.74554443359375,0.6638115211017721
Berea Sinter Gray,160,80.30899047851562,52.75083541870117,0.9426748300092855
Berea Sinter Gray,161,51.472259521484375,26.760021209716797,0.8668243817269071
Berea Sinter Gray,162,56.41259765625,40.02720260620117,0.9344403309978893
Berea Sinter Gray,163,55.339012145996094,31.19550132751465,0.9343166852612009
Berea Sinter Gray,164,31.103853225708008,35.936500549316406,0.9664778513094845
Berea Sinter Gray,165,42.04003143310547,44.92142868041992,0.9671046221738574
Berea Sinter Gray,166,37.52898025512695,42.541255950927734,0.9484069701533892
Berea Sinter Gray,167,40.40736770629883,45.62839126586914,0.9488276335205353
Berea Sinter Gray,168,9.419408798217773,56.029083251953125,0.7974462931890857
Berea Sinter Gray,169,2.9429287910461426,45.124229431152344,0.7944188540784739
Berea Sinter Gray,170,15.565123558044434,58.26789855957031,0.8054222890132755
Berea Sinter Gray,171,9.7485990524292,46.97585678100586,0.8255944623580426
Berea Sinter Gray,172,23.949935913085938,51.714839935302734,0.6818860624418593
Berea Sinter Gray,173,33.69414520263672,54.69813919067383,0.7276839288465423
Berea Sinter Gray,174,41.835506439208984,59.57138442993164,0.7119304846253065
Berea Sinter Gray,175,40.63457107543945,53.03077697753906,0.8137437944321682
Berea Sinter Gray,176,36.56684875488281,62.93657302856445,0.814396983301098
Berea Sinter Gray,177,31.457767486572266,68.7127685546875,0.7754385096087157
Berea Sinter Gray,178,22.663177490234375,72.41966247558594,0.714861665745015
Berea Sinter Gray,179,37.988460540771484,77.73274230957031,0.7963607990139399
Berea Sinter Gray,180,16.050331115722656,47.62646484375,0.8382999398126435
Berea Sinter Gray,181,2.494802713394165,28.611480712890625,0.8860253255607609
Berea Sinter Gray,182,7.727889060974121,32.28009033203125,0.8618921803918029
Berea Sinter Gray,183,19.192079544067383,35.21745300292969,0.8642743896261038
Berea Sinter Gray,184,18.914377212524414,37.09290313720703,0.905373139649609
Berea Sinter Gray,185,27.196807861328125,34.52796936035156,0.92490527573976
Berea Sinter Gray,186,34.950260162353516,36.927242279052734,0.9348795267608465
Berea Sinter Gray,187,29.489110946655273,32.75006103515625,0.9170943435940614
Berea Sinter Gray,188,13.530721664428711,44.87089920043945,0.9205759185133519
Berea Sinter Gray,189,4.230161666870117,29.19887351989746,0.9584437963919409
Berea Sinter Gray,190,21.46910858154297,42.020973205566406,0.8540516016808797
Berea Sinter Gray,191,9.004717826843262,45.03199005126953,0.8914105868573525
Berea,0,39.01740646362305,102.04395294189453,0.5694248592386014
Berea,1,88.37445831298828,136.48464965820312,0.5620655154425319
Berea,2,114.62967681884766,154.15225219726562,0.5319769573653781
Berea,3,76.92528533935547,118.47130584716797,0.6618900091048641
Berea,4,16.17946434020996,61.38066482543945,0.8323781362518086
Berea,5,33.256046295166016,92.86529541015625,0.6841287890744027
Berea,6,22.340450286865234,91.55653381347656,0.6529419893155469
Berea,7,8.870767593383789,71.58041381835938,0.7424724143890885
Berea,8,103.70313262939453,148.22653198242188,0.7296451554879342
Berea,9,96.15312194824219,139.07843017578125,0.7356283255333413
Berea,10,107.24964141845703,147.0895233154297,0.7547185335493041
Berea,11,106.10707092285156,149.78781127929688,0.6721330581282384
Berea,12,5.343931674957275,43.16184616088867,0.9212612367169456
Berea,13,0.7892735600471497,44.861083984375,0.8900614293494843
Berea,14,1.1733232736587524,40.95115661621094,0.9266337418954445
Berea,15,8.623538970947266,42.68809127807617,0.910913915754905
Berea,16,37.28825759887695,40.629425048828125,0.9434360011193252
Berea,17,36.681461334228516,46.052066802978516,0.9233323077580362
Berea,18,36.61133575439453,39.5133171081543,0.9467164195274325
Berea,19,40.38818359375,42.0412712097168,0.9466894202237842
Berea,20,9.072059631347656,57.1920280456543,0.7584594733174886
Berea,21,11.648041725158691,74.01741790771484,0.6990093413500998
Berea,22,5.2857794761657715,46.338531494140625,0.7929094028932311
Berea,23,3.4286701679229736,59.492576599121094,0.7524801882095897
Berea,24,32.39284133911133,35.13483810424805,0.9146678180006196
Berea,25,18.13347053527832,24.45858383178711,0.9226234660711251
Berea,26,28.512189865112305,38.98635482788086,0.8709541536619847
Berea,27,14.49309253692627,39.16133499145508,0.8230647473652848
Berea,28,32.29887390136719,33.21604537963867,0.9475339754217401
Berea,29,28.350521087646484,35.25513458251953,0.9041296041994129
Berea,30,26.696529388427734,33.784610748291016,0.8953244425540705
Berea,31,27.077739715576172,35.395896911621094,0.9036554677626175
Berea,32,8.670676231384277,63.67809295654297,0.809729119553467
Berea,33,20.454618453979492,53.58597183227539,0.826414087347268
Berea,34,14.15915584564209,61.03778839111328,0.8073396143302122
Berea,35,20.979820251464844,62.725711822509766,0.7939272709363416
Berea,36,52.47654342651367,101.41773223876953,0.6970293085636716
Berea,37,98.57135772705078,158.09515380859375,0.5797955862244109
Berea,38,63.804325103759766,119.84757232666016,0.6288210227720927
Berea,39,66.15978240966797,106.6646957397461,0.7362824315919023
Berea,40,50.620418548583984,50.633602142333984,0.9488314536411322
Berea,41,52.513572692871094,52.368587493896484,0.9284878365644861
Berea,42,54.03887176513672,54.54898452758789,0.9249070362808858
Berea,43,53.82311248779297,54.32793045043945,0.9456105121759691
Berea,44,21.41542625427246,28.950151443481445,0.9398137938108236
Berea,45,8.273551940917969,32.53724670410156,0.9227521992800912
Berea,46,12.741674423217773,31.46023941040039,0.922781374645038
Berea,47,23.85638427734375,34.64857864379883,0.9287527318279889
Berea,48,36.990943908691406,47.44046401977539,0.9013650969423933
Berea,49,36.807491302490234,45.567176818847656,0.8781603785038
Berea,50,45.3328742980957,52.44741439819336,0.8747413954691069
Berea,51,41.62699508666992,51.01186752319336,0.8780549466366594
Berea,52,74.28958129882812,93.04346466064453,0.8257260508478486
Berea,53,75.14370727539062,98.12617492675781,0.8399949186833392
Berea,54,80.03395080566406,104.61726379394531,0.8365370478710654
Berea,55,71.41327667236328,99.60503387451172,0.8159074437645449
Berea,56,11.268289566040039,54.28522872924805,0.7196199918153907
Berea,57,17.92554473876953,48.99396514892578,0.7387732618192142
Berea,58,17.786182403564453,50.129581451416016,0.7617540278065388
Berea,59,0.5960180759429932,62.57643508911133,0.7274999603106784
Berea,60,30.578805923461914,37.01688766479492,0.929989169655269
Berea,61,31.509422302246094,36.12291717529297,0.9473791291973713
Berea,62,30.66495132446289,39.36362838745117,0.9032934246540085
Berea,63,34.731468200683594,37.4709587097168,0.9514311801685665
Berea,64,31.447105407714844,42.80210494995117,0.8587417579425374
Berea,65,16.561532974243164,32.20524978637695,0.9336804491764115
Berea,66,29.488096237182617,48.87213134765625,0.7366187692701737
Berea,67,25.378013610839844,41.996826171875,0.8382328198857625
Berea,68,19.218610763549805,53.1975212097168,0.7776761217316154
Berea,69,13.258797645568848,50.13716125488281,0.8014839981472036
Berea,70,10.878141403198242,56.21124267578125,0.8075110721083901
Berea,71,12.081062316894531,55.876441955566406,0.7450523248419549
Berea,72,31.55805778503418,49.71306610107422,0.8607833268951478
Berea,73,15.154828071594238,40.26737976074219,0.8552922121509925
Berea,74,16.644678115844727,53.20576477050781,0.8023178584662063
Berea,75,37.56977462768555,46.792152404785156,0.8367061235996075
Berea,76,32.20800018310547,34.39505386352539,0.9406389204390243
Berea,77,31.947860717773438,35.778656005859375,0.935464022250396
Berea,78,36.530025482177734,38.23393249511719,0.9211100567854715
Berea,79,35.274452209472656,39.05168151855469,0.9250541185291469
Berea,80,6.284684181213379,33.95576095581055,0.9260505448948527
Berea,81,7.629518032073975,37.406105041503906,0.8917401158733135
Berea,82,5.893796443939209,31.175504684448242,0.9366525059970198
Berea,83,0.8293934464454651,31.894697189331055,0.9169059008261475
Berea,84,21.003328323364258,30.666168212890625,0.8760558861692054
Berea,85,19.499832153320312,33.1848258972168,0.9047428164472248
Berea,86,5.184821605682373,35.66799545288086,0.8566950156385881
Berea,87,16.24222755432129,33.303916931152344,0.886213763931423
Berea,88,106.05389404296875,145.5725860595703,0.6959243503889136
Berea,89,74.09161376953125,106.4526138305664,0.6986872070806599
Berea,90,78.27409362792969,131.0224151611328,0.5896687753630437
Berea,91,117.30579376220703,162.7886505126953,0.629471924761517
Berea,92,110.26716613769531,198.78237915039062,0.48543443923625335
Berea,93,110.3567123413086,218.17803955078125,0.48458567589746393
Berea,94,75.42243194580078,148.40367126464844,0.49954320045610934
Berea,95,82.08702850341797,152.5357666015625,0.6110407882667599
Berea,96,17.29442596435547,39.93486022949219,0.8185567533412083
Berea,97,32.190956115722656,52.06590270996094,0.7878601303545196
Berea,98,33.31260681152344,44.11343002319336,0.8396491234817992
Berea,99,2.625598669052124,44.592811584472656,0.8748623617273339
Berea,100,35.90159225463867,36.423614501953125,0.9351328354074769
Berea,101,42.63148498535156,43.8928337097168,0.9383021980059105
Berea,102,34.02543640136719,38.487125396728516,0.9088981763307828
Berea,103,30.04361343383789,32.77018356323242,0.9414337688387937
Berea,104,26.726999282836914,76.47320556640625,0.7172703865508526
Berea,105,15.815744400024414,65.85566711425781,0.7317929876654493
Berea,106,86.2458267211914,146.4854278564453,0.6852644661449374
Berea,107,51.299659729003906,96.74512481689453,0.7533411804567501
Berea,108,44.378074645996094,49.397430419921875,0.8961919248403992
Berea,109,36.6102180480957,44.1442985534668,0.8565395368157188
Berea,110,42.830833435058594,47.067169189453125,0.8719733997986787
Berea,111,41.090187072753906,47.18971252441406,0.859224360149296
Berea,112,30.425846099853516,35.12662124633789,0.9469275902043807
Berea,113,31.268970489501953,38.09438705444336,0.9400536005999319
Berea,114,30.59709358215332,37.063785552978516,0.9371260253034868
Berea,115,36.57650375366211,39.93122100830078,0.9533754588773536
Berea,116,13.306591033935547,49.61117172241211,0.8150396268895593
Berea,117,15.635759353637695,65.26383972167969,0.7482815607217742
Berea,118,31.680675506591797,61.73598861694336,0.8041337979695967
Berea,119,24.938899993896484,68.67106628417969,0.7644606898491765
Berea,120,26.508716583251953,38.70378494262695,0.9014007821222338
Berea,121,13.925150871276855,40.783599853515625,0.8600864634829788
Berea,122,37.73017120361328,47.601661682128906,0.8604642470792274
Berea,123,14.967329025268555,35.50267028808594,0.8960093908602748
Berea,124,12.520673751831055,43.63750457763672,0.8891949965537135
Berea,125,17.187049865722656,40.197959899902344,0.942011148022383
Berea,126,16.874235153198242,41.790122985839844,0.9270721840770423
Berea,127,10.503748893737793,44.97547149658203,0.9163179143075822
Berea,128,33.51666259765625,36.20543670654297,0.9645087528664191
Berea,129,32.30244064331055,35.176177978515625,0.9650542687257013
Berea,130,31.97795867919922,34.47331619262695,0.9703821706810702
Berea,131,32.1310920715332,34.91862869262695,0.9565843502263268
Berea,132,17.79136848449707,27.92369270324707,0.9597727681072056
Berea,133,30.40107536315918,43.40951156616211,0.9390246163867813
Berea,134,27.127395629882812,40.3546028137207,0.949149182353386
Berea,135,29.38707160949707,37.064205169677734,0.9638957181882453
Berea,136,21.1092586517334,33.79782485961914,0.9226414219891585
Berea,137,21.502595901489258,42.54780197143555,0.8805610647960286
Berea,138,13.442461013793945,33.35725784301758,0.9246603261296019
Berea,139,29.041152954101562,32.39161682128906,0.9277416679644647
Berea,140,113.42764282226562,211.63723754882812,0.4700845575653178
Berea,141,181.8593292236328,297.8226318359375,0.45397842791774684
Berea,142,146.46136474609375,250.1373748779297,0.5092387944417736
Berea,143,140.59266662597656,233.4543914794922,0.5317114127853474
Berea,144,62.52972412109375,64.84599304199219,0.9089025874053019
Berea,145,57.62299728393555,59.722476959228516,0.879013825035751
Berea,146,59.9638671875,60.855743408203125,0.882644019215138
Berea,147,54.050682067871094,55.74812698364258,0.9206339738745639
Berea,148,44.01335906982422,50.26008987426758,0.9078640603603396
Berea,149,35.804988861083984,42.081703186035156,0.9287405036236108
Berea,150,44.640377044677734,48.160213470458984,0.9077735930442681
Berea,151,47.601104736328125,51.97016143798828,0.8810093790509388
Berea,152,41.90616989135742,44.631072998046875,0.9226967651095876
Berea,153,27.73072052001953,34.06253433227539,0.9292552020002377
Berea,154,44.39491653442383,49.1535758972168,0.8471951012003656
Berea,155,33.699440002441406,36.534210205078125,0.9306409113482914
Berea,156,29.61102867126465,94.69960021972656,0.6428469129266634
Berea,157,42.13407897949219,95.5525894165039,0.6638677159384109
Berea,158,37.14359664916992,93.909423828125,0.6246471177850239
Berea,159,43.43778610229492,104.93373107910156,0.6307733705556087
Berea,160,95.72504425048828,105.043212890625,0.8088049939829012
Berea,161,59.156375885009766,86.46105194091797,0.7654660375943898
Berea,162,86.81784057617188,99.68077087402344,0.7942680473998777
Berea,163,91.52531433105469,114.35183715820312,0.743513025100494
Berea,164,43.17796325683594,95.4803695678711,0.7219771612250722
Berea,165,133.4174346923828,170.04612731933594,0.7330769160419704
Berea,166,114.11078643798828,134.7283935546875,0.7758752804091382
Berea,167,115.0290756225586,144.17034912109375,0.7184366792342822
Berea,168,20.142004013061523,50.31239700317383,0.794869871812747
Berea,169,0.35205915570259094,49.02070617675781,0.847199582144705
Berea,170,8.961684226989746,45.22813415527344,0.808203987585266
Berea,171,12.128676414489746,42.28873825073242,0.8356000459613143
Berea,172,32.600765228271484,38.65333938598633,0.8903325492949254
Berea,173,29.05536460876465,33.0612678527832,0.9200915395523078
Berea,174,30.14240837097168,37.12015914916992,0.9073573222708414
Berea,175,38.23089599609375,40.549983978271484,0.9190081058218939
Berea,176,18.74775505065918,30.737104415893555,0.9180819638928246
Berea,177,29.846704483032227,36.7601318359375,0.9040192494785524
Berea,178,38.37166213989258,40.332942962646484,0.939330715274843
Berea,179,27.841054916381836,35.18913269042969,0.9071524674453213
Berea,180,27.730913162231445,32.089107513427734,0.9409537754677478
Berea,181,23.405725479125977,28.033878326416016,0.9221464205297851
Berea,182,26.208293914794922,28.61562156677246,0.9440118688312674
Berea,183,18.657245635986328,32.71131134033203,0.9099276318023207
Berea,184,13.62162971496582,33.76112365722656,0.899332872334961
Berea,185,16.988731384277344,31.474367141723633,0.936068059735232
Berea,186,20.93196678161621,34.2629508972168,0.926271199368161
Berea,187,21.410497665405273,32.432655334472656,0.9031346373204833
Berea,188,14.436522483825684,30.05215072631836,0.9360842759751314
Berea,189,21.804954528808594,29.756000518798828,0.9474296542226749
Berea,190,18.295372009277344,33.04060745239258,0.9323900236745114
Berea,191,19.16890525817871,35.13776397705078,0.9402970237816366
Berea,192,54.7149543762207,88.12516021728516,0.7818345233352787
Berea,193,56.648712158203125,88.10509490966797,0.7658928833445149
Berea,194,54.298583984375,86.10696411132812,0.7476258982746351
Berea,195,46.61125183105469,60.685394287109375,0.8473481260220145
Berea,196,35.56906509399414,38.763145446777344,0.9101475708814046
Berea,197,34.48515319824219,41.73887634277344,0.9302884771459933
Berea,198,18.79327964782715,29.236244201660156,0.9412436933823075
Berea,199,32.44691848754883,38.62718200683594,0.9416842556289199
Berea,200,34.167667388916016,44.687294006347656,0.9148177053303201
Berea,201,19.852684020996094,44.886375427246094,0.8796348789458699
Berea,202,28.002849578857422,52.46257400512695,0.8368243417106775
Berea,203,24.217466354370117,48.89738845825195,0.856343302045189
Berea,204,26.259939193725586,39.284671783447266,0.8789540104269398
Berea,205,25.516355514526367,39.447418212890625,0.8921511065116478
Berea,206,29.257022857666016,40.45649719238281,0.8719847269086649
Berea,207,28.406545639038086,38.02993392944336,0.9215853566404195
Berea,208,2.7951395511627197,61.408382415771484,0.6686937108366817
Berea,209,21.708934783935547,81.33770751953125,0.6232820255585224
Berea,210,15.755743026733398,51.380279541015625,0.7560565404512326
Berea,211,3.4420690536499023,48.734683990478516,0.7738609572539701
Berea,212,70.41722869873047,93.94200897216797,0.7902715462040939
Berea,213,24.17877960205078,45.92915344238281,0.8872286550794896
Berea,214,76.2995834350586,96.5485610961914,0.7450380904089158
Berea,215,46.00763702392578,65.43436431884766,0.8428538061406908
Berea,216,37.01451110839844,56.06840133666992,0.6794335476436174
Berea,217,21.505149841308594,48.11882400512695,0.6483647307286068
Berea,218,31.426952362060547,53.6676139831543,0.7190988695877701
Berea,219,21.629531860351562,67.64202880859375,0.6397407958420067
Berea,220,26.392656326293945,44.61953353881836,0.7855340231597825
Berea,221,10.146258354187012,44.53352355957031,0.8216226852623838
Berea,222,24.99997901916504,37.62925720214844,0.8322117761501194
Berea,223,27.265811920166016,40.0756721496582,0.8640279101749176
