Dataset,Sample_Index,Bias_Error_,Magnitude_Error_,Correlation
Spherical Pores,0,1.254123568534851,1.3734791278839111,0.9511831908344974
Spherical Pores,1,1.3565189838409424,1.532193899154663,0.948713440735326
Spherical Pores,2,1.2798422574996948,1.620418906211853,0.9559373753850684
Spherical Pores,3,1.3838156461715698,1.5897527933120728,0.9512894905717477
Spherical Pores,4,0.5636135339736938,1.3540842533111572,0.9634334444736026
Spherical Pores,5,0.5337180495262146,1.2503117322921753,0.9684065663061517
Spherical Pores,6,0.4483128488063812,1.2321151494979858,0.9660324041256132
Spherical Pores,7,0.5419740676879883,1.2473126649856567,0.966566120348777
Spherical Pores,8,1.2039794921875,1.6357920169830322,0.9160299773846918
Spherical Pores,9,1.3463813066482544,1.3939188718795776,0.9230848252778535
Spherical Pores,10,1.5774706602096558,1.285626769065857,0.9193677697787411
Spherical Pores,11,1.312434196472168,1.5937769412994385,0.9200764903584735
Spherical Pores,12,0.04900001361966133,1.1709450483322144,0.9500998258359804
Spherical Pores,13,0.21977964043617249,1.1434736251831055,0.9598131841128752
Spherical Pores,14,0.09875021129846573,1.0163182020187378,0.9541587787137095
Spherical Pores,15,0.008180560544133186,1.0763847827911377,0.9517779498419907
Spherical Pores,16,0.16153620183467865,1.873184323310852,0.9333432913896516
Spherical Pores,17,0.022410128265619278,1.5857131481170654,0.9464661862368285
Spherical Pores,18,0.16839729249477386,1.630420207977295,0.943812876656639
Spherical Pores,19,0.16006043553352356,1.5098026990890503,0.9341464699257477
Spherical Pores,20,0.268454372882843,1.2285369634628296,0.96618058843192
Spherical Pores,21,0.16154329478740692,1.2590265274047852,0.9610336974045649
Spherical Pores,22,0.4423748552799225,1.2103495597839355,0.9661101309370095
Spherical Pores,23,0.30968353152275085,1.2435277700424194,0.9637522471290646
Spherical Pores,24,0.889518141746521,2.412177085876465,0.9261384083683287
Spherical Pores,25,0.7390012145042419,2.0095043182373047,0.9522591930441424
Spherical Pores,26,0.9204003810882568,2.0469021797180176,0.9509878020206073
Spherical Pores,27,0.7602782249450684,2.0266432762145996,0.9434737811934439
Spherical Pores,28,1.7485243082046509,1.075177550315857,0.9441012625852948
Spherical Pores,29,1.9503012895584106,1.0978291034698486,0.9413057009845903
Spherical Pores,30,1.7774947881698608,1.0075002908706665,0.9448507448092488
Spherical Pores,31,1.7863895893096924,1.1071680784225464,0.9507122245547788
Spherical Pores,32,0.5528959035873413,0.9673464298248291,0.978236792102107
Spherical Pores,33,0.5853326916694641,0.963901698589325,0.9790012569946582
Spherical Pores,34,0.6442603468894958,0.9895740151405334,0.9780928508630616
Spherical Pores,35,0.6696092486381531,1.0264360904693604,0.9764597863809796
Spherical Pores,36,0.4255978465080261,0.9867328405380249,0.9770682973217589
Spherical Pores,37,0.39980655908584595,0.9582571983337402,0.9777740606654356
Spherical Pores,38,0.47508132457733154,1.0427016019821167,0.9771559397072874
Spherical Pores,39,0.4635595381259918,1.0011495351791382,0.9776713734105015
Spherical Pores,40,0.004203274846076965,0.7175140380859375,0.9828285226740658
Spherical Pores,41,0.06555549800395966,0.7109431028366089,0.983197758862943
Spherical Pores,42,0.20479123294353485,0.700468122959137,0.9822194134447654
Spherical Pores,43,0.04738727957010269,0.8316293954849243,0.9802477076598703
Spherical Pores,44,0.38965439796447754,0.8743878602981567,0.973029627905066
Spherical Pores,45,0.333842009305954,0.8689417839050293,0.9743584803357159
Spherical Pores,46,0.4210369884967804,0.9766098260879517,0.9714842289301722
Spherical Pores,47,0.24448761343955994,0.8220812082290649,0.9700197589904481
Spherical Pores,48,0.3644084334373474,0.9314753413200378,0.9751107221080888
Spherical Pores,49,0.4623834192752838,1.0781904458999634,0.9737168769711331
Spherical Pores,50,0.4328393042087555,0.9765902757644653,0.9791604595400554
Spherical Pores,51,0.6644481420516968,1.0478413105010986,0.9758194164275364
Spherical Pores,52,0.43944862484931946,0.7805255055427551,0.9840133597395864
Spherical Pores,53,0.37273356318473816,0.7841257452964783,0.9824633263291
Spherical Pores,54,0.4388417601585388,0.9001240134239197,0.9811043698799103
Spherical Pores,55,0.41633883118629456,0.8349556922912598,0.9827487544532927
Spherical Pores,56,1.5160411596298218,1.5677706003189087,0.9646866512088789
Spherical Pores,57,1.6297557353973389,1.5023852586746216,0.963467530577745
Spherical Pores,58,1.3422762155532837,1.4417147636413574,0.9735785100234535
Spherical Pores,59,1.1898239850997925,1.2948096990585327,0.9734554548809116
Spherical Pores,60,0.6420510411262512,1.0230640172958374,0.9823586977266553
Spherical Pores,61,0.7418184876441956,1.0680735111236572,0.9817863367473663
Spherical Pores,62,0.6797499656677246,0.9745998978614807,0.9809844533489562
Spherical Pores,63,0.6250181794166565,0.9877464771270752,0.9833389345994134
Spherical Pores,64,0.059306081384420395,0.8441551327705383,0.9744378045004586
Spherical Pores,65,0.21275447309017181,0.9150381684303284,0.9736549401277814
Spherical Pores,66,0.2404581904411316,0.8851678967475891,0.9742604969349159
Spherical Pores,67,0.18046343326568604,0.8545441031455994,0.9746816177464505
Spherical Pores,68,0.1714203655719757,0.8270032405853271,0.9746824607924544
Spherical Pores,69,0.30435895919799805,0.930715024471283,0.9736575298296781
Spherical Pores,70,0.2562914788722992,0.8925073742866516,0.9731594620966026
Spherical Pores,71,0.19488365948200226,0.8446412086486816,0.9737497337802141
Spherical Pores,72,0.15887796878814697,0.6592921614646912,0.9831413913680935
Spherical Pores,73,0.35958629846572876,0.6880754232406616,0.9831393121286826
Spherical Pores,74,0.29882940649986267,0.6882916688919067,0.9823783457264605
Spherical Pores,75,0.2142622321844101,0.7244938015937805,0.9817898957319284
Spherical Pores,76,0.2787327766418457,0.7589106559753418,0.9841956991272995
Spherical Pores,77,0.17041343450546265,0.7303944826126099,0.9845692887491566
Spherical Pores,78,0.19225794076919556,0.7316941618919373,0.9837280410536592
Spherical Pores,79,0.21073484420776367,0.6976930499076843,0.9841569559031664
Spherical Pores,80,0.3519430160522461,0.8779869079589844,0.9826510435756527
Spherical Pores,81,0.3033656179904938,0.8004166483879089,0.9842579349548475
Spherical Pores,82,0.4692138731479645,0.8348775506019592,0.9843614971209897
Spherical Pores,83,0.3404684066772461,0.7703246474266052,0.984831086269422
Spherical Pores,84,1.0837960243225098,1.1556097269058228,0.9825530407985233
Spherical Pores,85,1.1889703273773193,1.1472660303115845,0.9815846268051125
Spherical Pores,86,1.1927342414855957,1.2034534215927124,0.9817352571448693
Spherical Pores,87,1.0449737310409546,1.1011735200881958,0.9823839789666599
Spherical Pores,88,0.3494086265563965,0.6811739802360535,0.9845692954855384
Spherical Pores,89,0.47460079193115234,0.7438313364982605,0.9823791436746089
Spherical Pores,90,0.5203724503517151,0.7737690210342407,0.981793942592078
Spherical Pores,91,0.310980886220932,0.7922179102897644,0.980795691899203
Spherical Pores,92,0.670145571231842,0.8735896348953247,0.9842724047860817
Spherical Pores,93,0.600491464138031,0.8539321422576904,0.9844071324649465
Spherical Pores,94,0.504560649394989,0.7944130301475525,0.9849423059023974
Spherical Pores,95,0.5994533896446228,0.9240962266921997,0.982842287948572
Spherical Pores,96,0.27505695819854736,0.7581506967544556,0.9807637116489446
Spherical Pores,97,0.3594388961791992,0.776118814945221,0.981118941274242
Spherical Pores,98,0.25745993852615356,0.758013904094696,0.9810528430149851
Spherical Pores,99,0.2730552554130554,0.736259937286377,0.9811921222490676
Spherical Pores,100,0.3345099687576294,0.7263153195381165,0.9778722625870699
Spherical Pores,101,0.38779300451278687,0.7839459180831909,0.9774715510768178
Spherical Pores,102,0.3304227292537689,0.7561951875686646,0.9777334168034799
Spherical Pores,103,0.30205634236335754,0.74135822057724,0.9777451758091498
Spherical Pores,104,0.7621527910232544,0.8788938522338867,0.9829466977487831
Spherical Pores,105,0.6992762088775635,0.8377244472503662,0.9827368792755933
Spherical Pores,106,0.7001745700836182,0.8115283846855164,0.9832855806560346
Spherical Pores,107,0.758855402469635,0.8148854374885559,0.9835530872609066
Spherical Pores,108,0.4065499007701874,0.6584819555282593,0.9878775796122048
Spherical Pores,109,0.32758212089538574,0.6120074391365051,0.988083480001778
Spherical Pores,110,0.3525981605052948,0.6388429999351501,0.9874144650431423
Spherical Pores,111,0.34126192331314087,0.6309510469436646,0.9873811685878247
Spherical Pores,112,0.04178481549024582,0.7001850008964539,0.9885633866170571
Spherical Pores,113,0.18180511891841888,0.6398002505302429,0.9896038789896386
Spherical Pores,114,0.19081272184848785,0.6785580515861511,0.9893123389797313
Spherical Pores,115,0.14858892560005188,0.6958893537521362,0.9890939066855349
Spherical Pores,116,0.41596144437789917,0.7381832003593445,0.9845313522232229
Spherical Pores,117,0.4180963337421417,0.7156718373298645,0.9845894858181463
Spherical Pores,118,0.35160425305366516,0.718749463558197,0.9850598128817425
Spherical Pores,119,0.47627413272857666,0.7401196956634521,0.9853510937062209
Spherical Pores,120,0.08028532564640045,0.6797652840614319,0.9862901106978968
Spherical Pores,121,0.113227479159832,0.6377856731414795,0.9873697823191446
Spherical Pores,122,0.1430615484714508,0.6347078680992126,0.9878444734002596
Spherical Pores,123,0.07570969313383102,0.7077826261520386,0.9865105484235637
Spherical Pores,124,0.6280418634414673,0.6316352486610413,0.9877286414887306
Spherical Pores,125,0.5411422252655029,0.5936281085014343,0.9876715893785454
Spherical Pores,126,0.5333676934242249,0.6344780325889587,0.986708144582045
Spherical Pores,127,0.6444025635719299,0.6601693630218506,0.9861650509587356
Spherical Grains,0,0.16968029737472534,0.8623896837234497,0.9720152513786812
Spherical Grains,1,0.3602428734302521,0.853417158126831,0.9773281507323432
Spherical Grains,2,0.30480650067329407,0.8838819265365601,0.9706805577770766
Spherical Grains,3,0.3048767149448395,1.0722304582595825,0.9696966005933287
Spherical Grains,4,0.018352175131440163,0.9446256756782532,0.977874836847291
Spherical Grains,5,0.12425590306520462,0.9414607882499695,0.9763428088572408
Spherical Grains,6,0.13950645923614502,1.1115303039550781,0.9726301293268413
Spherical Grains,7,0.21152004599571228,1.1571178436279297,0.9735603754619742
Spherical Grains,8,0.06993933022022247,0.5815523862838745,0.9659348904264548
Spherical Grains,9,0.03137991949915886,0.6045750379562378,0.9702371486529165
Spherical Grains,10,0.028160065412521362,0.6115981936454773,0.9612763649087896
Spherical Grains,11,0.02378203719854355,0.5997689962387085,0.9683641338981198
Spherical Grains,12,0.7588636875152588,1.6787643432617188,0.9794945769446363
Spherical Grains,13,0.6356639862060547,1.437784194946289,0.9825295357746141
Spherical Grains,14,0.5035238862037659,1.5465847253799438,0.9814018769378582
Spherical Grains,15,0.46367114782333374,1.5248925685882568,0.9804533888328214
Spherical Grains,16,1.5069761276245117,2.0127158164978027,0.9365968698448057
Spherical Grains,17,1.4060542583465576,2.229038715362549,0.9447885564361832
Spherical Grains,18,1.0837666988372803,1.5879262685775757,0.954855400113211
Spherical Grains,19,1.2650707960128784,1.934412956237793,0.9475177354984273
Spherical Grains,20,0.3314968943595886,0.8757152557373047,0.9833887227556586
Spherical Grains,21,0.35812613368034363,0.9317688345909119,0.9838415066399494
Spherical Grains,22,0.1945180743932724,0.8316411972045898,0.9849827710048741
Spherical Grains,23,0.2558838129043579,0.8604539632797241,0.9854742023126021
Spherical Grains,24,1.9911890029907227,2.135694742202759,0.8662134720510737
Spherical Grains,25,1.7795852422714233,1.9287463426589966,0.8750987448181029
Spherical Grains,26,1.6970375776290894,1.8220783472061157,0.8893610792453943
Spherical Grains,27,1.808631181716919,1.9555282592773438,0.8710248075255276
Spherical Grains,28,0.09931222349405289,0.8025369048118591,0.9861542546914238
Spherical Grains,29,0.21981896460056305,0.9727347493171692,0.9843983410184486
Spherical Grains,30,0.24548116326332092,0.9592199325561523,0.9857810396887764
Spherical Grains,31,0.1993827372789383,0.770264208316803,0.9868228643515007
Spherical Grains,32,1.1365375518798828,1.6992430686950684,0.9618489057873137
Spherical Grains,33,1.1934618949890137,1.9592174291610718,0.9601147429728814
Spherical Grains,34,1.0208399295806885,1.6272319555282593,0.9669262486904648
Spherical Grains,35,0.9510586857795715,1.54422926902771,0.9723814861852292
Spherical Grains,36,0.0047072782181203365,0.8637534976005554,0.9867826713758231
Spherical Grains,37,0.030335117131471634,0.8233054280281067,0.9868816182810117
Spherical Grains,38,0.009573090821504593,0.7822247743606567,0.9867871194018455
Spherical Grains,39,0.016542546451091766,0.7531142830848694,0.9871979130925334
Spherical Grains,40,0.6936002969741821,0.9590724110603333,0.9867693846948066
Spherical Grains,41,0.5324450135231018,0.8381227850914001,0.987205911501232
Spherical Grains,42,0.6052103638648987,0.8745192885398865,0.9873672518309926
Spherical Grains,43,0.5493234992027283,0.7878310680389404,0.9874955694212099
Spherical Grains,44,0.10475580394268036,1.4874581098556519,0.962424208786272
Spherical Grains,45,0.09855274856090546,1.3729798793792725,0.96903901924953
Spherical Grains,46,0.22021107375621796,1.1891810894012451,0.9722275329075343
Spherical Grains,47,0.1551305651664734,1.3970471620559692,0.9636254373550717
Spherical Grains,48,0.18031466007232666,0.7656821012496948,0.9861357312013107
Spherical Grains,49,0.1723141074180603,1.0540142059326172,0.9797991076775717
Spherical Grains,50,0.06904292851686478,0.8339821696281433,0.9812457128104836
Spherical Grains,51,0.20815804600715637,0.8522712588310242,0.9832542412219262
Spherical Grains,52,0.024719836190342903,0.8030270934104919,0.9861116565955582
Spherical Grains,53,0.0024911926593631506,0.9775435328483582,0.9828028211227173
Spherical Grains,54,0.01492314413189888,0.8814072608947754,0.9829399783066938
Spherical Grains,55,0.08055857568979263,0.9058560132980347,0.9820292144037233
Spherical Grains,56,0.0613689161837101,1.0944567918777466,0.9799614950219174
Spherical Grains,57,0.1434626579284668,0.9286060929298401,0.9814559319111894
Spherical Grains,58,0.15707729756832123,0.9324941635131836,0.981570673570423
Spherical Grains,59,0.07393583655357361,1.1915987730026245,0.9770561074268468
Spherical Grains,60,0.22713762521743774,2.153394937515259,0.9382193630319441
Spherical Grains,61,0.06426776945590973,2.292311429977417,0.9476207052892274
Spherical Grains,62,0.21643799543380737,2.3706398010253906,0.9401343522553509
Spherical Grains,63,0.20975708961486816,2.5023910999298096,0.9242458612946021
Spherical Grains,64,0.5477834343910217,0.9228193163871765,0.9810526550590608
Spherical Grains,65,0.30537745356559753,0.9264516234397888,0.9814120284630419
Spherical Grains,66,0.5629611015319824,1.0006341934204102,0.9783710693170437
Spherical Grains,67,0.3590106964111328,0.9274414777755737,0.9820503090085771
Spherical Grains,68,0.5814082622528076,0.9804620742797852,0.9832305057050317
Spherical Grains,69,0.4107294976711273,0.7600619792938232,0.9858647965846636
Spherical Grains,70,0.5000650882720947,0.9239263534545898,0.9831082917876524
Spherical Grains,71,0.6174263954162598,0.8645899295806885,0.9842371810627604
Spherical Grains,72,0.4068622887134552,1.035063624382019,0.9712533298516172
Spherical Grains,73,0.20816856622695923,1.016517996788025,0.9740596260390174
Spherical Grains,74,0.17391781508922577,0.983495831489563,0.9737281504520727
Spherical Grains,75,0.32778558135032654,0.9055017828941345,0.974267282971395
Spherical Grains,76,0.42200830578804016,1.0530147552490234,0.9743740313697516
Spherical Grains,77,0.4963028132915497,0.8641448616981506,0.9682065819906909
Spherical Grains,78,0.17423193156719208,0.8281487226486206,0.971774477685513
Spherical Grains,79,0.11445728689432144,0.9775725603103638,0.9743373962638574
Spherical Grains,80,0.1055096685886383,0.8331466913223267,0.9841948241542073
Spherical Grains,81,0.11184181272983551,0.8616644144058228,0.9828745778872164
Spherical Grains,82,0.20835287868976593,0.8563019633293152,0.9830432256120083
Spherical Grains,83,0.03137782961130142,0.9820035099983215,0.9818749798693518
Spherical Grains,84,0.2657744884490967,0.6916486024856567,0.9910605756322498
Spherical Grains,85,0.21856689453125,0.6447517275810242,0.9913264486196789
Spherical Grains,86,0.26903560757637024,0.6222760081291199,0.9917030542024171
Spherical Grains,87,0.24579112231731415,0.6885697841644287,0.9912084191102428
Spherical Grains,88,0.07415714859962463,0.7535597681999207,0.9882900750600745
Spherical Grains,89,0.15624333918094635,0.6705934405326843,0.9883630395450816
Spherical Grains,90,0.16017849743366241,0.6829518675804138,0.9875518002903501
Spherical Grains,91,0.07765766978263855,0.8313157558441162,0.9875015992061569
Spherical Grains,92,0.7688505053520203,1.0148097276687622,0.9882737475452615
Spherical Grains,93,0.5612263679504395,0.7921478748321533,0.9906318295216963
Spherical Grains,94,0.6117043495178223,0.7908440828323364,0.9901720980419746
Spherical Grains,95,0.5167387127876282,0.6669341921806335,0.9906987500959236
Spherical Grains,96,0.6645666360855103,0.8946920037269592,0.9876288550695793
Spherical Grains,97,0.6606937646865845,0.8511614203453064,0.9889384495062441
Spherical Grains,98,0.7463423013687134,0.9532792568206787,0.9885568463039734
Spherical Grains,99,0.7175285816192627,0.9864339232444763,0.9868692927999028
Spherical Grains,100,0.2540018558502197,0.7295986413955688,0.9879963360380274
Spherical Grains,101,0.1996663212776184,0.6818557381629944,0.988270567791571
Spherical Grains,102,0.3472360372543335,0.7662168145179749,0.9878644673924033
Spherical Grains,103,0.27960824966430664,0.781557559967041,0.9871425188129147
Spherical Grains,104,0.38773274421691895,0.7658360600471497,0.9846032982282426
Spherical Grains,105,0.2446073591709137,0.7253909707069397,0.9853062551937067
Spherical Grains,106,0.21547721326351166,0.8030259013175964,0.9852398594126623
Spherical Grains,107,0.3672981560230255,0.734580397605896,0.9862909914475982
Spherical Grains,108,0.6192525625228882,0.9569940567016602,0.9837377249672945
Spherical Grains,109,0.4955179691314697,0.759660542011261,0.9858825322315015
Spherical Grains,110,0.6036882400512695,0.8504195213317871,0.9850310762265607
Spherical Grains,111,0.6482406854629517,0.9628893733024597,0.9821560564782605
Spherical Grains,112,0.8103811740875244,1.065589427947998,0.9826795388810986
Spherical Grains,113,0.6932907104492188,0.8509132266044617,0.9831249457329558
Spherical Grains,114,0.6312220096588135,0.8517875671386719,0.9819428628920845
Spherical Grains,115,0.7329702377319336,1.0090315341949463,0.9835827506829596
Spherical Grains,116,0.16137732565402985,0.8462739586830139,0.9842995915030329
Spherical Grains,117,0.1423952877521515,0.7278324365615845,0.9864477157897933
Spherical Grains,118,0.11294018477201462,0.8136594891548157,0.9863182341497972
Spherical Grains,119,0.0492754690349102,0.8664518594741821,0.9848829798751341
Spherical Grains,120,0.15918505191802979,0.8186653852462769,0.9867699482629326
Spherical Grains,121,0.29484379291534424,1.1136860847473145,0.982410620741718
Spherical Grains,122,0.04970194399356842,0.8531148433685303,0.9850015803129822
Spherical Grains,123,0.018550682812929153,0.7128247618675232,0.9871336864300237
Spherical Grains,124,0.18018092215061188,0.6978917121887207,0.9834313754777999
Spherical Grains,125,0.13927900791168213,0.6102651357650757,0.9870038539605248
Spherical Grains,126,0.2797793745994568,0.6269342303276062,0.9844612008404577
Spherical Grains,127,0.2514325678348541,0.572698175907135,0.9848075283749302
Cylindrical Pores,0,0.20442625880241394,1.4613666534423828,0.9742366881277729
Cylindrical Pores,1,0.21791493892669678,1.8359429836273193,0.9654997812487929
Cylindrical Pores,2,0.3087683916091919,1.6191890239715576,0.9732272079094189
Cylindrical Pores,3,0.13583575189113617,1.2500848770141602,0.9806827152628974
Cylindrical Pores,4,1.7579352855682373,0.8269509673118591,0.8523396943401176
Cylindrical Pores,5,1.0420914888381958,0.7584003806114197,0.9304031903706105
Cylindrical Pores,6,1.6971361637115479,0.8739019632339478,0.8858988613883686
Cylindrical Pores,7,1.394200325012207,0.8773013353347778,0.8739623599721417
Cylindrical Pores,8,0.987917423248291,1.3453140258789062,0.9398843872841647
Cylindrical Pores,9,1.2418582439422607,1.397281289100647,0.9415469064143129
Cylindrical Pores,10,1.3410793542861938,1.4527429342269897,0.9335851108916648
Cylindrical Pores,11,1.0727747678756714,1.238674521446228,0.9457041836529042
Cylindrical Pores,12,0.507453203201294,1.4714069366455078,0.9529794511322556
Cylindrical Pores,13,0.012216510251164436,1.5191386938095093,0.9690800216479828
Cylindrical Pores,14,0.25189223885536194,1.507224202156067,0.9641761573810887
Cylindrical Pores,15,0.3964501619338989,1.427789330482483,0.9568975967423471
Cylindrical Pores,16,0.26553866267204285,0.9404141902923584,0.9492831836752247
Cylindrical Pores,17,0.40202873945236206,0.9246262907981873,0.9564234988670565
Cylindrical Pores,18,0.34816038608551025,0.9338881969451904,0.9587380284571231
Cylindrical Pores,19,0.18489506840705872,0.8803219795227051,0.9489736873812704
Cylindrical Pores,20,0.07277412712574005,1.2986844778060913,0.9544680395777129
Cylindrical Pores,21,0.20039476454257965,1.4641735553741455,0.9420239654927973
Cylindrical Pores,22,1.022674322128296,1.744070053100586,0.9305709347410086
Cylindrical Pores,23,0.030351435765624046,1.4675153493881226,0.9332063573973486
Cylindrical Pores,24,0.025453219190239906,0.8318762183189392,0.9859117619159383
Cylindrical Pores,25,0.2099131941795349,0.944739580154419,0.9740052179487074
Cylindrical Pores,26,0.33930954337120056,0.8408628106117249,0.9797920460140964
Cylindrical Pores,27,0.029149219393730164,0.9347538352012634,0.9860901301776089
Cylindrical Pores,28,1.2443572282791138,1.684644341468811,0.9794944740448521
Cylindrical Pores,29,1.3933002948760986,1.8827285766601562,0.9795244926202323
Cylindrical Pores,30,1.3569087982177734,1.7209922075271606,0.9801569622236098
Cylindrical Pores,31,1.3417418003082275,1.80592942237854,0.9789853166174756
Cylindrical Pores,32,0.8841667771339417,1.2786269187927246,0.9776384559116564
Cylindrical Pores,33,0.8596081733703613,1.266836166381836,0.9780536707311687
Cylindrical Pores,34,0.6072165369987488,0.902407169342041,0.9903981965021662
Cylindrical Pores,35,0.7758621573448181,1.1422953605651855,0.9853251747193923
Cylindrical Pores,36,0.541560709476471,1.286367416381836,0.9635843822283071
Cylindrical Pores,37,0.47466200590133667,1.1186710596084595,0.9638228026581138
Cylindrical Pores,38,0.7438817620277405,1.240330696105957,0.9603005472029342
Cylindrical Pores,39,0.6089175939559937,1.3535480499267578,0.9596894117934284
Cylindrical Pores,40,1.2243527173995972,2.6501095294952393,0.9006384221311239
Cylindrical Pores,41,1.2639758586883545,2.710674285888672,0.8939261718908285
Cylindrical Pores,42,1.3570560216903687,2.7566747665405273,0.9119759160985487
Cylindrical Pores,43,1.8369613885879517,2.989264488220215,0.9122770869400071
Cylindrical Pores,44,0.19636815786361694,1.0934752225875854,0.9508785088650288
Cylindrical Pores,45,0.011080849915742874,1.2197633981704712,0.9483533487295595
Cylindrical Pores,46,0.3533077538013458,0.9453946948051453,0.9498401049967151
Cylindrical Pores,47,0.2815757095813751,1.0396620035171509,0.9431061806202128
Cylindrical Pores,48,2.116075277328491,1.105505108833313,0.9139215627091335
Cylindrical Pores,49,2.027613639831543,1.2638839483261108,0.9338338065470692
Cylindrical Pores,50,2.0145254135131836,1.4159687757492065,0.9371559204183794
Cylindrical Pores,51,1.8608028888702393,1.0921733379364014,0.9380452194259772
Cylindrical Pores,52,1.2158540487289429,1.6646571159362793,0.9677986853198709
Cylindrical Pores,53,1.4118685722351074,1.7453340291976929,0.9671303486020993
Cylindrical Pores,54,1.268229365348816,1.6942086219787598,0.9611548192523209
Cylindrical Pores,55,1.2064026594161987,1.7613145112991333,0.9604199443871495
Cylindrical Pores,56,0.046223610639572144,0.8305243849754333,0.9792796185023143
Cylindrical Pores,57,0.3090673089027405,0.9025710821151733,0.9770228961763886
Cylindrical Pores,58,0.28057751059532166,0.741461455821991,0.979173736547042
Cylindrical Pores,59,0.21654775738716125,0.8845537304878235,0.9738111779298978
Cylindrical Pores,60,0.20644044876098633,1.0151984691619873,0.9765672009364934
Cylindrical Pores,61,0.32023265957832336,0.9054413437843323,0.9801484372230977
Cylindrical Pores,62,0.043406691402196884,0.9222673177719116,0.978058539025024
Cylindrical Pores,63,0.206909641623497,0.9925551414489746,0.96631828767459
Cylindrical Pores,64,0.02252720482647419,0.6374900341033936,0.9909840035245687
Cylindrical Pores,65,0.08732616901397705,0.690525233745575,0.9904249498482115
Cylindrical Pores,66,0.06638815999031067,0.6115046143531799,0.9923415636838566
Cylindrical Pores,67,0.11926494538784027,0.6361584067344666,0.9927640773549934
Cylindrical Pores,68,0.16265258193016052,0.7281612157821655,0.9919960244435986
Cylindrical Pores,69,0.2159050852060318,0.9032703638076782,0.9907001532190748
Cylindrical Pores,70,0.29824098944664,0.9775115847587585,0.9896802044212035
Cylindrical Pores,71,0.17315590381622314,0.7589535117149353,0.9914450080806981
Cylindrical Pores,72,0.4346402585506439,0.5773246884346008,0.9895978903139854
Cylindrical Pores,73,0.33059069514274597,0.732740581035614,0.9879970989910364
Cylindrical Pores,74,0.32262250781059265,0.7403644323348999,0.9873487776832606
Cylindrical Pores,75,0.40545129776000977,0.6913436055183411,0.987364757947115
Cylindrical Pores,76,0.20963060855865479,0.5533472895622253,0.9877869829652922
Cylindrical Pores,77,0.2198925018310547,0.5269814133644104,0.9887969457489132
Cylindrical Pores,78,0.20928815007209778,0.569496214389801,0.9888317727342099
Cylindrical Pores,79,0.18680411577224731,0.5934362411499023,0.9877861874019337
Cylindrical Pores,80,0.22368447482585907,0.8607102036476135,0.9852253991897201
Cylindrical Pores,81,0.24254350364208221,0.8920615315437317,0.9851963672754107
Cylindrical Pores,82,0.20952941477298737,1.0180119276046753,0.983633453763557
Cylindrical Pores,83,0.1633973866701126,1.1166073083877563,0.9819436979506754
Cylindrical Pores,84,1.3650466203689575,0.5084838271141052,0.9716887732071047
Cylindrical Pores,85,0.9237349033355713,0.6763882040977478,0.9737242645771614
Cylindrical Pores,86,1.0889934301376343,0.5635724067687988,0.974063969566348
Cylindrical Pores,87,1.2287309169769287,0.548267662525177,0.9710893649773188
Cylindrical Pores,88,0.8894909620285034,1.0158612728118896,0.9800956346693959
Cylindrical Pores,89,0.8484342694282532,0.9414175152778625,0.9809460656284883
Cylindrical Pores,90,0.9728490710258484,0.8923593759536743,0.9818145467244851
Cylindrical Pores,91,1.010937213897705,0.9413085579872131,0.9814803655094916
Cylindrical Pores,92,1.2188023328781128,0.7397168278694153,0.9803814540472846
Cylindrical Pores,93,1.1830617189407349,0.8426172733306885,0.981717384940432
Cylindrical Pores,94,1.1674294471740723,0.6735088229179382,0.9813836111954919
Cylindrical Pores,95,1.3258250951766968,0.8117845058441162,0.9837753033060612
Cylindrical Pores,96,1.0223371982574463,0.939574658870697,0.9753960788160176
Cylindrical Pores,97,1.1808853149414062,0.9615074396133423,0.9784664053337708
Cylindrical Pores,98,1.1320033073425293,1.0229277610778809,0.9794645712363302
Cylindrical Pores,99,1.1659668684005737,1.0593602657318115,0.9801806020144416
Cylindrical Pores,100,0.822214663028717,1.0225855112075806,0.9803093912711202
Cylindrical Pores,101,0.5018723607063293,0.7804056406021118,0.9839945471655893
Cylindrical Pores,102,0.8177409768104553,0.99775630235672,0.9802082500553478
Cylindrical Pores,103,0.8400618433952332,1.0999557971954346,0.9784208970492574
Cylindrical Pores,104,0.8710816502571106,0.7629398703575134,0.9891427147608861
Cylindrical Pores,105,0.8564394116401672,0.8043144345283508,0.9882373778131638
Cylindrical Pores,106,0.8503944277763367,0.8396199941635132,0.9866563034040668
Cylindrical Pores,107,0.9825496673583984,0.8877601027488708,0.988173129124497
Cylindrical Pores,108,0.21960237622261047,1.14547860622406,0.9760796469636338
Cylindrical Pores,109,0.05523553118109703,0.9661643505096436,0.9789546846863542
Cylindrical Pores,110,0.15116053819656372,0.9660784006118774,0.977075421406425
Cylindrical Pores,111,0.032573115080595016,0.9394914507865906,0.9781235035237457
Cylindrical Pores,112,0.16058558225631714,1.2471894025802612,0.9697270269928362
Cylindrical Pores,113,0.06698187440633774,1.048569917678833,0.9713087875298416
Cylindrical Pores,114,0.29248282313346863,1.2853929996490479,0.9757616554149485
Cylindrical Pores,115,0.014738069847226143,1.0108020305633545,0.9743431040883795
Cylindrical Pores,116,0.11235471069812775,0.9992353916168213,0.9773267939277629
Cylindrical Pores,117,0.23804078996181488,0.7867252230644226,0.9754925799797024
Cylindrical Pores,118,0.21842968463897705,0.7942363619804382,0.9811902194148417
Cylindrical Pores,119,0.18829934298992157,0.7496382594108582,0.9818039772835381
Cylindrical Grains,0,0.36400705575942993,0.5589032173156738,0.9917743565693804
Cylindrical Grains,1,0.42548927664756775,0.6532015204429626,0.9914596399665173
Cylindrical Grains,2,0.3555957078933716,0.6141120195388794,0.9917664839650262
Cylindrical Grains,3,0.3644448220729828,0.5982861518859863,0.9916790456912801
Cylindrical Grains,4,0.5890676975250244,0.7446848154067993,0.9908604301071711
Cylindrical Grains,5,0.41980358958244324,0.7040737271308899,0.9903042439936762
Cylindrical Grains,6,0.3635879456996918,0.6731461882591248,0.9898601559332165
Cylindrical Grains,7,0.5182285904884338,0.7327856421470642,0.9901761889582781
Cylindrical Grains,8,0.5296315550804138,1.0119597911834717,0.9837584445062824
Cylindrical Grains,9,0.3168282210826874,0.8667887449264526,0.9855671205342947
Cylindrical Grains,10,0.3631747364997864,0.7617150545120239,0.9866189573408115
Cylindrical Grains,11,0.4472513794898987,0.9255961775779724,0.9849862782640822
Cylindrical Grains,12,0.2099248766899109,0.8159058094024658,0.9859761403293547
Cylindrical Grains,13,0.07258925586938858,0.7338073253631592,0.9872212914706752
Cylindrical Grains,14,0.08059045672416687,0.7478698492050171,0.9870285597912568
Cylindrical Grains,15,0.009188590571284294,0.7295552492141724,0.9866088023010209
Cylindrical Grains,16,0.33193302154541016,0.7349914312362671,0.9887053407716703
Cylindrical Grains,17,0.3571864366531372,0.7813705801963806,0.9884398478848007
Cylindrical Grains,18,0.2502630949020386,0.798112154006958,0.9880016540691202
Cylindrical Grains,19,0.5340889096260071,0.7869604229927063,0.9869769295549236
Cylindrical Grains,20,0.7290481925010681,0.6103371381759644,0.9875940410661228
Cylindrical Grains,21,0.7461589574813843,0.5810762643814087,0.9865799608557435
Cylindrical Grains,22,0.6718432307243347,0.5871568918228149,0.9887405630095045
Cylindrical Grains,23,0.6929125189781189,0.6477945446968079,0.9881711968319464
Cylindrical Grains,24,0.8043275475502014,1.358832597732544,0.983341577782165
Cylindrical Grains,25,0.836362361907959,1.261575698852539,0.9852315854647088
Cylindrical Grains,26,0.9390504360198975,1.5017184019088745,0.9829182902961798
Cylindrical Grains,27,0.8389144539833069,1.364001750946045,0.9836523471913277
Cylindrical Grains,28,0.6261772513389587,1.029381275177002,0.9617633771337312
Cylindrical Grains,29,1.0092109441757202,1.1022655963897705,0.9484511408521152
Cylindrical Grains,30,0.836101233959198,1.0531094074249268,0.9559061937698554
Cylindrical Grains,31,0.41236403584480286,0.9918463230133057,0.9633857150634656
Cylindrical Grains,32,0.1858212649822235,0.9117031097412109,0.9845970643234189
Cylindrical Grains,33,0.08406184613704681,1.122057318687439,0.9821726332614712
Cylindrical Grains,34,0.22266754508018494,1.2390666007995605,0.978781635025776
Cylindrical Grains,35,0.06419651210308075,1.0349457263946533,0.9815445805676885
Cylindrical Grains,36,0.5727344751358032,0.6000544428825378,0.9897974298086919
Cylindrical Grains,37,0.633278489112854,0.6258801817893982,0.9891321794661491
Cylindrical Grains,38,0.6561898589134216,0.6188114881515503,0.9904299497204873
Cylindrical Grains,39,0.4619359076023102,0.5746338367462158,0.9911675963521822
Cylindrical Grains,40,0.6879332065582275,0.5410445332527161,0.9896249705181898
Cylindrical Grains,41,0.7979434132575989,0.5838075280189514,0.9900503062142476
Cylindrical Grains,42,0.713057279586792,0.5443710088729858,0.9907776580424862
Cylindrical Grains,43,0.6839613914489746,0.49782246351242065,0.990105673962096
Cylindrical Grains,44,0.045143306255340576,0.5930245518684387,0.991043427584272
Cylindrical Grains,45,0.09556318819522858,0.6182615160942078,0.9918341708353684
Cylindrical Grains,46,0.1653406322002411,0.6064817905426025,0.9912765693665855
Cylindrical Grains,47,0.2394685000181198,0.7302090525627136,0.9901554790663833
Cylindrical Grains,48,0.46307966113090515,0.937432050704956,0.9845510672032142
Cylindrical Grains,49,0.5289525985717773,0.9650237560272217,0.986092359910991
Cylindrical Grains,50,0.5784174799919128,0.9547561407089233,0.9866721546111056
Cylindrical Grains,51,0.46321168541908264,0.9851300120353699,0.9824415656483558
Cylindrical Grains,52,0.022278333082795143,0.7266676425933838,0.9669365485969273
Cylindrical Grains,53,0.08086040616035461,0.7783001065254211,0.9652398736842436
Cylindrical Grains,54,0.20371699333190918,0.8143540024757385,0.9694009675231419
Cylindrical Grains,55,0.12332528084516525,0.8519302010536194,0.961327955916648
Cylindrical Grains,56,0.6898329257965088,0.951874852180481,0.9823707920742263
Cylindrical Grains,57,0.7150130271911621,0.8095865845680237,0.9858664359897976
Cylindrical Grains,58,0.9691148996353149,1.091516137123108,0.9812266809191891
Cylindrical Grains,59,0.9635838866233826,1.1065700054168701,0.9792203185607756
Cylindrical Grains,60,0.584134578704834,0.6355080604553223,0.9886345854766784
Cylindrical Grains,61,0.6035458445549011,0.6212320923805237,0.9889702742471191
Cylindrical Grains,62,0.34937983751296997,0.6003756523132324,0.9897275109539676
Cylindrical Grains,63,0.5742724537849426,0.598298966884613,0.9889396452787201
Cylindrical Grains,64,0.12447474151849747,0.7871734499931335,0.9807534362868363
Cylindrical Grains,65,0.11175373941659927,0.6909952163696289,0.9856838821739404
Cylindrical Grains,66,0.00107285485137254,0.7706612348556519,0.9845113921697793
Cylindrical Grains,67,0.1328689604997635,0.7838963270187378,0.9831741918390012
Cylindrical Grains,68,0.11131057143211365,0.8282328248023987,0.9865364069024185
Cylindrical Grains,69,0.05752023681998253,0.7205784320831299,0.9890065530705392
Cylindrical Grains,70,0.03782683238387108,0.796299397945404,0.9878995486200035
Cylindrical Grains,71,0.05726219341158867,0.7674883008003235,0.9874117451942532
Cylindrical Grains,72,1.8910248279571533,2.4207911491394043,0.946707181218223
Cylindrical Grains,73,2.04018497467041,2.6165034770965576,0.9399843063138292
Cylindrical Grains,74,1.876656174659729,2.429522752761841,0.9473997769727864
Cylindrical Grains,75,1.658578872680664,2.096297264099121,0.9551692988299776
Cylindrical Grains,76,0.7434976100921631,1.9393410682678223,0.9597750343002575
Cylindrical Grains,77,0.8670952320098877,2.120006799697876,0.9576652461763743
Cylindrical Grains,78,0.6837616562843323,1.7835689783096313,0.9672784807110569
Cylindrical Grains,79,0.4379892349243164,1.5445609092712402,0.9705833233800316
Cylindrical Grains,80,0.3632144033908844,0.8477805852890015,0.9774016517623308
Cylindrical Grains,81,0.3737439215183258,0.839824378490448,0.9760360263088302
Cylindrical Grains,82,0.5976119041442871,0.8276175260543823,0.9694833996184213
Cylindrical Grains,83,0.3675808906555176,0.8276622295379639,0.9784670933367932
Cylindrical Grains,84,0.4070342481136322,0.6213696002960205,0.9767438084422486
Cylindrical Grains,85,0.29594746232032776,0.6125101447105408,0.9772657438772168
Cylindrical Grains,86,0.2849005162715912,0.6214102506637573,0.979199787121167
Cylindrical Grains,87,0.4458405375480652,0.653532862663269,0.9734877533260826
Cylindrical Grains,88,0.33693379163742065,0.7423156499862671,0.9872273078143273
Cylindrical Grains,89,0.15853559970855713,0.7300776243209839,0.9849890765572876
Cylindrical Grains,90,0.29865679144859314,0.6826369762420654,0.9873723770437991
Cylindrical Grains,91,0.13426043093204498,0.7001092433929443,0.9847010314402882
Cylindrical Grains,92,1.5297930240631104,1.6966620683670044,0.9617299963703685
Cylindrical Grains,93,1.2330641746520996,1.381131887435913,0.9694782996398439
Cylindrical Grains,94,1.4215117692947388,1.6571447849273682,0.9616306269354474
Cylindrical Grains,95,1.4487158060073853,1.6997438669204712,0.965257205562242
Bentheimer,0,0.3815632462501526,0.8371030688285828,0.9651877779010415
Bentheimer,1,0.13082493841648102,0.8302491307258606,0.9601908921524773
Bentheimer,2,0.6002059578895569,1.0960237979888916,0.9607743231937099
Bentheimer,3,0.49309882521629333,0.9610708355903625,0.962879590609899
Bentheimer,4,3.567448377609253,5.228884696960449,0.8583305770609503
Bentheimer,5,3.0274240970611572,5.152948379516602,0.8613044182625559
Bentheimer,6,3.482012987136841,5.276869773864746,0.8506600386954623
Bentheimer,7,3.1847493648529053,4.680215358734131,0.8642257367282292
Bentheimer,8,4.627620220184326,1.7733025550842285,0.7956344105617947
Bentheimer,9,4.296517848968506,2.0115902423858643,0.8164344361565135
Bentheimer,10,4.736678600311279,1.6961028575897217,0.7940485740829603
Bentheimer,11,4.254481315612793,1.8295594453811646,0.8271093314491972
Bentheimer,12,0.9147360324859619,1.571106195449829,0.96848217981791
Bentheimer,13,0.9327035546302795,1.6809290647506714,0.9647563409050629
Bentheimer,14,0.5934868454933167,1.3859212398529053,0.973156415092092
Bentheimer,15,0.5887209177017212,1.6813654899597168,0.9673268049692835
Bentheimer,16,0.4699166417121887,2.081411123275757,0.9692604232842337
Bentheimer,17,0.43226614594459534,1.6486213207244873,0.975660475935992
Bentheimer,18,0.4487263858318329,2.0090887546539307,0.9695294348958505
Bentheimer,19,0.5745652914047241,2.4789059162139893,0.9613592540889765
Bentheimer,20,1.4054383039474487,2.879032611846924,0.9198042851188373
Bentheimer,21,1.2436116933822632,2.472181797027588,0.9403139927433897
Bentheimer,22,1.4572257995605469,2.5100178718566895,0.9377851084993388
Bentheimer,23,1.4851515293121338,2.8870601654052734,0.9269269300272066
Bentheimer,24,0.9889287352561951,1.573204755783081,0.9629764092097463
Bentheimer,25,0.9187415838241577,1.470023512840271,0.9706903301489653
Bentheimer,26,0.8815975189208984,1.3324214220046997,0.9743171454694957
Bentheimer,27,0.8297886252403259,1.2683219909667969,0.9762066493999837
Bentheimer,28,0.9596956968307495,1.0700238943099976,0.9630735077705829
Bentheimer,29,0.8209074139595032,1.038493037223816,0.9699215011806854
Bentheimer,30,1.096697449684143,1.1751682758331299,0.9601655371668587
Bentheimer,31,0.8857650756835938,0.9542028903961182,0.9681181764963573
Bentheimer,32,2.6499507427215576,2.7733612060546875,0.8637383555890056
Bentheimer,33,2.4519400596618652,2.6283295154571533,0.8580003437006958
Bentheimer,34,2.758725166320801,2.9410979747772217,0.8490074423122262
Bentheimer,35,2.6017777919769287,2.749727487564087,0.855862522773143
Bentheimer,36,0.049959808588027954,1.1769723892211914,0.9733103740430907
Bentheimer,37,0.03702389821410179,1.229580044746399,0.9758752425216319
Bentheimer,38,0.11597434431314468,1.2150861024856567,0.9766017798025028
Bentheimer,39,0.07602067291736603,1.020607829093933,0.9804077450521425
Bentheimer,40,0.9345659613609314,2.081463098526001,0.9194338248794562
Bentheimer,41,0.9068536162376404,2.270914077758789,0.9064529226360014
Bentheimer,42,0.8646805882453918,1.9021517038345337,0.9352994665133101
Bentheimer,43,0.9148234128952026,1.9765106439590454,0.9272540722610929
Bentheimer,44,0.3406805098056793,0.916822075843811,0.9804633027708191
Bentheimer,45,0.7983694076538086,1.627920389175415,0.9690709173077949
Bentheimer,46,0.8376928567886353,1.4961352348327637,0.9699035229325899
Bentheimer,47,0.692667543888092,1.4069445133209229,0.9711666354991237
Bentheimer,48,0.015154306776821613,1.2945044040679932,0.9747608989761887
Bentheimer,49,0.05598640441894531,1.2016584873199463,0.9772989766294613
Bentheimer,50,0.13674496114253998,1.3644057512283325,0.9743496838251432
Bentheimer,51,0.2841402292251587,1.4700226783752441,0.9723737201587275
Bentheimer,52,1.429030418395996,1.6970235109329224,0.9364113822209988
Bentheimer,53,1.304477334022522,1.7488024234771729,0.946647315265465
Bentheimer,54,1.6148078441619873,1.6966629028320312,0.9382896462047611
Bentheimer,55,1.5861456394195557,2.0768191814422607,0.9108584563198765
Bentheimer,56,0.05694067105650902,0.7074234485626221,0.9804799939899957
Bentheimer,57,0.18273301422595978,0.7081766128540039,0.9792056274966238
Bentheimer,58,0.07390446960926056,0.7609158754348755,0.978721152429083
Bentheimer,59,0.17097441852092743,0.6775467991828918,0.9751730268418032
Bentheimer,60,1.1833163499832153,1.4640783071517944,0.9716037947680782
Bentheimer,61,0.9330368638038635,1.1736551523208618,0.9723745806731136
Bentheimer,62,0.9429956674575806,1.1687086820602417,0.9736671482154851
Bentheimer,63,1.0910855531692505,1.3356010913848877,0.9737663612068813
Bentheimer,64,0.5629816055297852,0.7303344011306763,0.9801327963252001
Bentheimer,65,0.5867234468460083,0.806824266910553,0.980721900226006
Bentheimer,66,0.46807268261909485,0.8574144244194031,0.9798298318425863
Bentheimer,67,0.33657196164131165,0.7880601286888123,0.9805968093164689
Bentheimer,68,0.038956496864557266,0.8573541045188904,0.9817012175834819
Bentheimer,69,0.2565668225288391,0.8130347728729248,0.981015370563921
Bentheimer,70,0.06550681591033936,0.7384983897209167,0.9806375944669153
Bentheimer,71,0.3371017873287201,0.8068445920944214,0.9799048575095495
Bentheimer,72,0.5549639463424683,1.290899395942688,0.9615497414141745
Bentheimer,73,0.6037850975990295,1.4411468505859375,0.9570871485293626
Bentheimer,74,0.657991349697113,1.4750018119812012,0.9583529472146572
Bentheimer,75,0.6270442605018616,1.3436720371246338,0.9610753953037476
Bentheimer,76,0.6555629372596741,1.261610507965088,0.9767578816834722
Bentheimer,77,0.7147988677024841,1.3779282569885254,0.9719240877753439
Bentheimer,78,0.8374698758125305,1.411524772644043,0.9735396035197812
Bentheimer,79,1.0506889820098877,1.5377613306045532,0.9719552099380983
Bentheimer,80,2.57407546043396,2.2224082946777344,0.8822836567152152
Bentheimer,81,2.4955880641937256,2.2351653575897217,0.8938681619912494
Bentheimer,82,2.4464635848999023,2.352907419204712,0.895166411195045
Bentheimer,83,2.611320734024048,2.2015843391418457,0.8763313805258017
Bentheimer,84,1.4608491659164429,2.433591365814209,0.8560834484813529
Bentheimer,85,1.284730076789856,2.2920494079589844,0.8617476931643191
Bentheimer,86,1.243462324142456,2.2572555541992188,0.877769752252371
Bentheimer,87,1.7002592086791992,1.9151628017425537,0.8592088336746317
Bentheimer,88,1.0332618951797485,0.8644257187843323,0.965103243840722
Bentheimer,89,0.7375622987747192,0.811679482460022,0.9756732030222338
Bentheimer,90,0.9807046055793762,0.8258686065673828,0.9683770083971395
Bentheimer,91,1.3180303573608398,0.8150783777236938,0.9627368152591234
Bentheimer,92,0.23996689915657043,0.8318922519683838,0.9860583561988614
Bentheimer,93,0.2772884666919708,0.93922358751297,0.9829575806853502
Bentheimer,94,0.16307517886161804,0.913214385509491,0.9841939147745452
Bentheimer,95,0.4561394155025482,0.9957787990570068,0.983787557160213
Bentheimer,96,0.8147333860397339,1.3405170440673828,0.9761351661519799
Bentheimer,97,0.5455294847488403,1.2332340478897095,0.9736731439933183
Bentheimer,98,0.970350980758667,1.4144004583358765,0.970310411719739
Bentheimer,99,0.9452090263366699,1.370508074760437,0.9738724216043266
Bentheimer,100,0.06978382170200348,0.8099283576011658,0.9897558887414668
Bentheimer,101,0.07016587257385254,0.867875874042511,0.988928956220908
Bentheimer,102,0.19307851791381836,0.8578453063964844,0.9897816548362496
Bentheimer,103,0.139931783080101,0.815818190574646,0.9901163786825178
Bentheimer,104,0.6527706980705261,1.2489585876464844,0.9702978578806484
Bentheimer,105,0.7053145170211792,1.2240482568740845,0.972485069311022
Bentheimer,106,0.5392910242080688,1.0353553295135498,0.9757064882163137
Bentheimer,107,0.9495769739151001,1.3485972881317139,0.9706930582576333
Bentheimer,108,0.26855653524398804,0.8025975823402405,0.9868779404302961
Bentheimer,109,0.28864413499832153,0.8259353637695312,0.9869324703568961
Bentheimer,110,0.12596896290779114,0.8242150545120239,0.9871063411159595
Bentheimer,111,0.25004735589027405,0.8122102618217468,0.9870006595489019
Bentheimer,112,1.1784131526947021,1.3272631168365479,0.9627392539444913
Bentheimer,113,1.4767502546310425,1.5955537557601929,0.9627109466662178
Bentheimer,114,1.0604169368743896,1.1097668409347534,0.9657975314389707
Bentheimer,115,1.053262710571289,1.4409985542297363,0.9645545023986298
Bentheimer,116,1.4432986974716187,2.0160140991210938,0.8185656034228261
Bentheimer,117,1.7371019124984741,2.047276258468628,0.8168064736464052
Bentheimer,118,0.9819241166114807,1.6132962703704834,0.8582365893649564
Bentheimer,119,1.4395278692245483,1.9167454242706299,0.8304837517219893
Bentheimer,120,0.566276490688324,1.5428566932678223,0.9587246859062211
Bentheimer,121,0.45642879605293274,1.4582267999649048,0.9645056050953204
Bentheimer,122,0.5255510210990906,1.3676445484161377,0.9644437583230476
Bentheimer,123,0.4631248414516449,1.5508161783218384,0.955059825505153
Bentheimer,124,1.2161556482315063,0.7534866333007812,0.9530598840002137
Bentheimer,125,1.444812536239624,0.6877375841140747,0.9525363878322315
Bentheimer,126,1.5366010665893555,0.772148072719574,0.9492552845209791
Bentheimer,127,1.6766672134399414,0.8043477535247803,0.954591587038696
Bentheimer,128,4.732651233673096,2.17165207862854,0.8514735265372972
Bentheimer,129,4.82959508895874,1.8994240760803223,0.8685581039564095
Bentheimer,130,5.070098876953125,2.050224781036377,0.8258851191323157
Bentheimer,131,4.613760471343994,1.9754688739776611,0.8535370308634341
Bentheimer,132,0.42877110838890076,1.6908982992172241,0.9370185445691436
Bentheimer,133,0.972723126411438,1.8198355436325073,0.9369424588750285
Bentheimer,134,0.08627884835004807,1.3259791135787964,0.9545770633072042
Bentheimer,135,1.0580881834030151,1.8638118505477905,0.9401012844986216
Bentheimer,136,0.09119638055562973,0.7505439519882202,0.9854925802139686
Bentheimer,137,0.011693966574966908,0.9237898588180542,0.9823131124881334
Bentheimer,138,0.20330697298049927,0.8808344006538391,0.9812032841643048
Bentheimer,139,0.18194299936294556,1.0330876111984253,0.9819752722934951
Bentheimer,140,0.6397973895072937,0.7563395500183105,0.9809932540126047
Bentheimer,141,0.5246094465255737,0.6577630043029785,0.9833021447950294
Bentheimer,142,0.6205146312713623,0.7606099247932434,0.9802370726885262
Bentheimer,143,0.6495347023010254,0.7855260372161865,0.9808079156352539
Bentheimer,144,0.0702550858259201,0.9422409534454346,0.9697841072849097
Bentheimer,145,0.001024092547595501,0.8302244544029236,0.9715252873649503
Bentheimer,146,0.22509092092514038,0.8301779627799988,0.9714620627124069
Bentheimer,147,0.3396845757961273,0.9799976348876953,0.9683912762471374
Bentheimer,148,1.4713581800460815,1.6279270648956299,0.9708388387389251
Bentheimer,149,1.4362612962722778,1.4081155061721802,0.9717315484501287
Bentheimer,150,1.2915253639221191,1.3710665702819824,0.9804229610087103
Bentheimer,151,1.224452018737793,1.395146369934082,0.974468620921602
Bentheimer,152,0.45688343048095703,0.7218764424324036,0.9791575712848541
Bentheimer,153,0.49991533160209656,0.9943824410438538,0.9744527460267062
Bentheimer,154,0.42867693305015564,0.874887228012085,0.9763819649810704
Bentheimer,155,0.30088552832603455,0.8488277196884155,0.9741395699238593
Bentheimer,156,0.14711466431617737,0.8214120268821716,0.9864900591059406
Bentheimer,157,0.20010459423065186,0.8114491105079651,0.9871038991308304
Bentheimer,158,0.09922024607658386,0.859982967376709,0.9852687888275803
Bentheimer,159,0.07592897117137909,0.8808435797691345,0.9851659523160168
Bentheimer,160,0.13131926953792572,1.4105435609817505,0.9653385260864353
Bentheimer,161,0.21974658966064453,1.3177908658981323,0.9663226985266702
Bentheimer,162,0.5062788724899292,1.5730369091033936,0.9549949475287843
Bentheimer,163,0.43368232250213623,1.3622941970825195,0.9617088424227577
Bentheimer,164,0.46617409586906433,0.7006006240844727,0.9853297776006972
Bentheimer,165,0.3213302791118622,0.6710329651832581,0.9842157677372687
Bentheimer,166,0.37969931960105896,0.6616743206977844,0.983963734342151
Bentheimer,167,0.3844150900840759,0.6474438309669495,0.9856908176146374
Bentheimer,168,3.059678792953491,2.134901762008667,0.8765353082132284
Bentheimer,169,2.7572169303894043,2.6669301986694336,0.9214933496375091
Bentheimer,170,2.2805898189544678,2.153965711593628,0.9459982327882162
Bentheimer,171,2.5001237392425537,2.4578051567077637,0.9243681048049631
Bentheimer,172,0.5246592164039612,1.1463650465011597,0.9805581101703458
Bentheimer,173,0.5116114020347595,0.8772810697555542,0.9826568768755907
Bentheimer,174,0.6565446853637695,1.0109888315200806,0.9796682485197057
Bentheimer,175,0.3339168429374695,0.8660519123077393,0.982563874343287
Bentheimer,176,0.26811379194259644,2.236341714859009,0.800178766947083
Bentheimer,177,0.7508115172386169,2.5396416187286377,0.784618380564749
Bentheimer,178,0.3723880350589752,2.524671792984009,0.7464486472617783
Bentheimer,179,0.6646203994750977,2.5196125507354736,0.7516216576524191
Bentheimer,180,0.780241847038269,1.2831177711486816,0.9677413045578117
Bentheimer,181,0.6643675565719604,1.1892921924591064,0.973977365520994
Bentheimer,182,0.8901978135108948,1.322838306427002,0.9654015220105489
Bentheimer,183,0.7361542582511902,1.2844042778015137,0.9681941959340579
Bentheimer,184,1.1304322481155396,1.896726131439209,0.9606285116045227
Bentheimer,185,1.0829051733016968,1.8695034980773926,0.9581211566494852
Bentheimer,186,1.215482473373413,2.0507330894470215,0.9598690610475608
Bentheimer,187,0.6761647462844849,1.2817175388336182,0.9749444511094366
Bentheimer,188,0.006830489728599787,1.1595818996429443,0.9335084835138228
Bentheimer,189,0.039928849786520004,1.1857634782791138,0.9309333994108135
Bentheimer,190,0.034110285341739655,1.1213603019714355,0.938462803464908
Bentheimer,191,0.09124788641929626,1.1118557453155518,0.9288625824346086
Bentheimer,192,1.1844912767410278,3.038675308227539,0.9473472466514432
Bentheimer,193,0.6840546131134033,2.2165541648864746,0.9568935570021188
Bentheimer,194,0.9786175489425659,2.7173922061920166,0.9502601522985465
Bentheimer,195,0.8090184926986694,2.425912380218506,0.9560465676888046
Bentheimer,196,0.22818852961063385,0.9845715761184692,0.9502911740547253
Bentheimer,197,0.2765204906463623,0.9448094367980957,0.9494677661596773
Bentheimer,198,0.6340856552124023,1.1231839656829834,0.9515337157057713
Bentheimer,199,0.39167964458465576,0.9983440637588501,0.9508831412215446
Bentheimer,200,0.35609424114227295,1.1349983215332031,0.9015375683224628
Bentheimer,201,0.24014997482299805,1.2800307273864746,0.9229453356618874
Bentheimer,202,0.18697136640548706,1.3943690061569214,0.9327472915056543
Bentheimer,203,0.31623104214668274,0.9784197807312012,0.9454496365542611
Bentheimer,204,2.0996479988098145,2.342353343963623,0.9258946387182871
Bentheimer,205,2.168703079223633,2.4397449493408203,0.9199000064054239
Bentheimer,206,2.2721567153930664,2.5550477504730225,0.9254695341092674
Bentheimer,207,2.1708834171295166,2.520690679550171,0.9313307798001714
Bentheimer,208,0.03512188419699669,0.868745744228363,0.9766357039983868
Bentheimer,209,0.30737191438674927,0.8876752257347107,0.9782387899723706
Bentheimer,210,0.20385174453258514,1.0072627067565918,0.9768830241715855
Bentheimer,211,0.1983971744775772,0.892825186252594,0.9718360937020607
Bentheimer,212,0.9435088634490967,1.4938730001449585,0.9812405601163432
Bentheimer,213,0.9028454422950745,1.4735326766967773,0.9829280670264071
Bentheimer,214,0.8461225628852844,1.4667763710021973,0.9824468521135286
Bentheimer,215,0.8518737554550171,1.6079871654510498,0.9824501613745663
Bentheimer,216,0.7088497281074524,1.5385023355484009,0.9704600989628696
Bentheimer,217,0.5067022442817688,1.3752906322479248,0.9745732416044727
Bentheimer,218,0.6526595950126648,1.570217490196228,0.9689387100000185
Bentheimer,219,0.8238381743431091,1.5866371393203735,0.9727573070615775
Bentheimer,220,0.1063462421298027,0.9716920852661133,0.9828762713954461
Bentheimer,221,0.03796692192554474,1.0310879945755005,0.9824327999875114
Bentheimer,222,0.08992548286914825,0.9181284308433533,0.9838572936995088
Bentheimer,223,0.003412893507629633,0.9325718283653259,0.9840946970700597
Bentheimer,224,1.035143494606018,0.9187577962875366,0.9654250475615357
Bentheimer,225,1.0585980415344238,0.9173407554626465,0.9651808140480915
Bentheimer,226,0.7856000065803528,0.7988476157188416,0.9595407545751731
Bentheimer,227,0.804309606552124,0.8080434203147888,0.9670431249882881
Bentheimer,228,0.6161707639694214,0.8780461549758911,0.961565240907377
Bentheimer,229,0.19937092065811157,0.7456840872764587,0.9733145367774384
Bentheimer,230,0.40185004472732544,0.6755740642547607,0.9740880191925343
Bentheimer,231,0.6301871538162231,0.8233333230018616,0.9678811607939185
Bentheimer,232,0.11929722130298615,1.099992036819458,0.9821559688998793
Bentheimer,233,0.2222144454717636,1.2908833026885986,0.9789818436377818
Bentheimer,234,0.0962943434715271,1.2384753227233887,0.9768757850527392
Bentheimer,235,0.034360725432634354,1.2232671976089478,0.9793185730931859
Bentheimer,236,0.7515896558761597,0.8187107443809509,0.9780666269993943
Bentheimer,237,0.5506976246833801,0.7665971517562866,0.9793121059952017
Bentheimer,238,0.6644700169563293,0.8515055775642395,0.979568842217532
Bentheimer,239,0.6875133514404297,0.8662310838699341,0.9779762897955612
Bentheimer,240,0.7289896607398987,1.054733395576477,0.9702603499522343
Bentheimer,241,0.8529372811317444,0.9368869662284851,0.9708131946446168
Bentheimer,242,0.8521007299423218,0.9395039677619934,0.9695121435049266
Bentheimer,243,0.9046324491500854,0.9957194328308105,0.9678921011887709
Bentheimer,244,0.8101149201393127,0.9020196795463562,0.9712938122767609
Bentheimer,245,0.3996657729148865,0.9309337139129639,0.9776972815786241
Bentheimer,246,0.2755477726459503,0.9195528626441956,0.9799671244084706
Bentheimer,247,0.5749066472053528,0.9264756441116333,0.976273745059694
Bentheimer,248,0.9105983376502991,1.008242130279541,0.9805516194824778
Bentheimer,249,0.861107587814331,0.9999061226844788,0.9809218084367235
Bentheimer,250,0.7360169887542725,0.948574960231781,0.9782417865634168
Bentheimer,251,0.7742332816123962,0.9704710245132446,0.9785610338595295
Bentheimer,252,0.8636336326599121,0.7846315503120422,0.958769189746373
Bentheimer,253,0.8178786039352417,0.77867591381073,0.9458842956403741
Bentheimer,254,0.8363763689994812,0.7973296046257019,0.9470668900174806
Bentheimer,255,0.8933529853820801,0.7655575275421143,0.9507402288238948
Bentheimer,256,0.253317266702652,1.0003162622451782,0.986969951848504
Bentheimer,257,0.40268370509147644,1.2383776903152466,0.9856789238960955
Bentheimer,258,0.3773724436759949,1.2556517124176025,0.9847183734428967
Bentheimer,259,0.15846040844917297,0.9175419807434082,0.9880079659715606
Bentheimer,260,0.3254219889640808,0.9428476691246033,0.9843109106051674
Bentheimer,261,0.3208954632282257,1.1036803722381592,0.9834538538536978
Bentheimer,262,0.40981805324554443,1.1095186471939087,0.9833357691802036
Bentheimer,263,0.2437836080789566,1.02877938747406,0.9830762237002006
Bentheimer,264,0.792084813117981,0.8567302823066711,0.9706492622829456
Bentheimer,265,0.6304535269737244,0.7554897665977478,0.9682558882997153
Bentheimer,266,0.5748554468154907,0.7224117517471313,0.9748133580060586
Bentheimer,267,0.7096573114395142,0.7505415081977844,0.9729464930295753
Bentheimer,268,2.31139874458313,0.9902878999710083,0.9171996519399929
Bentheimer,269,2.3179023265838623,0.9445295333862305,0.9027158529571013
Bentheimer,270,2.059180736541748,0.9773416519165039,0.9290498407512638
Bentheimer,271,2.0463125705718994,0.8125163912773132,0.9194779910631731
Bentheimer,272,2.1275923252105713,2.779113292694092,0.928114425663221
Bentheimer,273,2.043126344680786,2.6265456676483154,0.9389299212058047
Bentheimer,274,2.54164719581604,3.274519681930542,0.907568265440908
Bentheimer,275,2.252631664276123,2.8695240020751953,0.918606461685524
Bentheimer,276,1.4462862014770508,1.0202562808990479,0.9563083827142989
Bentheimer,277,1.3453139066696167,0.9927954077720642,0.9465451170813635
Bentheimer,278,1.4256585836410522,0.9871425032615662,0.9543266314873274
Bentheimer,279,1.2605037689208984,1.1316237449645996,0.9581563511991497
Bentheimer,280,1.8024332523345947,1.5200189352035522,0.9405345370199472
Bentheimer,281,1.6001644134521484,1.342440128326416,0.9403940515264112
Bentheimer,282,1.7304706573486328,1.4446368217468262,0.9371047884295156
Bentheimer,283,1.47505784034729,1.599205732345581,0.9469693904544213
Bentheimer,284,0.2279556840658188,0.7142104506492615,0.9786721363635178
Bentheimer,285,0.3361329138278961,0.6917077302932739,0.978891840197795
Bentheimer,286,0.15426653623580933,0.7736055254936218,0.9714029985524059
Bentheimer,287,0.10190878063440323,0.8672066926956177,0.9670089360373451
Bentheimer,288,0.035608623176813126,0.94810950756073,0.9654816083970614
Bentheimer,289,0.152557834982872,0.8185128569602966,0.9645705845011134
Bentheimer,290,0.038581911474466324,0.8788625001907349,0.9636811505597245
Bentheimer,291,0.38978347182273865,0.7877614498138428,0.9653283056786288
Bentheimer,292,1.2001633644104004,1.5035405158996582,0.9596997499295683
Bentheimer,293,0.7827982306480408,1.2800825834274292,0.9628377333155423
Bentheimer,294,1.3529366254806519,1.6017812490463257,0.9623920997216731
Bentheimer,295,1.0448445081710815,1.4709140062332153,0.9539182991616182
Bentheimer,296,1.3121575117111206,1.2806360721588135,0.9601534277556247
Bentheimer,297,1.1053825616836548,1.2123780250549316,0.9656564821046709
Bentheimer,298,1.0414235591888428,1.1159294843673706,0.9682153309056692
Bentheimer,299,0.9946037530899048,0.9651350975036621,0.9621509676577448
Bentheimer,300,0.2642555832862854,1.027168869972229,0.9625940855174702
Bentheimer,301,0.13055790960788727,0.9892077445983887,0.9700632721503711
Bentheimer,302,0.23782533407211304,1.0525492429733276,0.9654982143721652
Bentheimer,303,0.3275546431541443,1.1907811164855957,0.9607480283691212
Bentheimer,304,0.18449048697948456,1.1678295135498047,0.9640522213406942
Bentheimer,305,0.20828884840011597,1.1508852243423462,0.9628110305182346
Bentheimer,306,0.3847713768482208,1.2143744230270386,0.9671338324760418
Bentheimer,307,0.6451887488365173,1.4515284299850464,0.9661213324582315
Bentheimer,308,0.21184934675693512,1.8871029615402222,0.9652018062160724
Bentheimer,309,0.6102482080459595,2.1636288166046143,0.9614899935987774
Bentheimer,310,0.7306072115898132,2.217790126800537,0.962722474922783
Bentheimer,311,0.4678697884082794,2.1913044452667236,0.9582285626538346
Bentheimer,312,0.9121206402778625,1.2753942012786865,0.9521823477897018
Bentheimer,313,0.7439237236976624,1.3276443481445312,0.9547411162795143
Bentheimer,314,1.132633090019226,1.385231614112854,0.953837000541963
Bentheimer,315,1.1098005771636963,1.7748956680297852,0.9512272903792729
Bentheimer,316,1.5906392335891724,2.6404097080230713,0.9491263986596276
Bentheimer,317,1.7615867853164673,2.7841434478759766,0.9445804319133309
Bentheimer,318,1.7961877584457397,2.7732093334198,0.9404800282285433
Bentheimer,319,1.6959383487701416,2.5547983646392822,0.947971507537643
Bentheimer,320,0.011635814793407917,1.3765374422073364,0.934164810879649
Bentheimer,321,0.3866177201271057,1.8001782894134521,0.9270654664540672
Bentheimer,322,0.06479249149560928,1.6065280437469482,0.9303009809533421
Bentheimer,323,0.21585626900196075,1.627131700515747,0.9297323182092637
Bentheimer,324,0.3123208284378052,0.9198327660560608,0.970648027123715
Bentheimer,325,0.19666054844856262,1.016125202178955,0.9723912374195912
Bentheimer,326,0.18642960488796234,0.9530789852142334,0.9703198934744753
Bentheimer,327,0.16096270084381104,0.9500996470451355,0.9776449626215128
Bentheimer,328,2.1607775688171387,2.439915657043457,0.9414748727289771
Bentheimer,329,2.1891510486602783,2.428194999694824,0.9384552233972804
Bentheimer,330,2.167428493499756,2.4946422576904297,0.9395430001924168
Bentheimer,331,2.5405123233795166,2.8505544662475586,0.9374263006477168
Bentheimer,332,2.387798309326172,4.841014862060547,0.9538899755937739
Bentheimer,333,2.3164830207824707,4.310683727264404,0.956417360550954
Bentheimer,334,2.033752918243408,4.188324451446533,0.9583797606381885
Bentheimer,335,2.272944688796997,4.753042697906494,0.9579117867324195
Bentheimer,336,0.5246890783309937,1.2626519203186035,0.9634407099371641
Bentheimer,337,0.6911637187004089,1.2206617593765259,0.9687100234055503
Bentheimer,338,0.5960016250610352,1.183944821357727,0.9696058585677246
Bentheimer,339,0.5245947241783142,1.4195557832717896,0.9680152670759148
Bentheimer,340,0.8013460636138916,0.7651122212409973,0.9752310341812077
Bentheimer,341,0.7425254583358765,0.7238131165504456,0.9794824807075436
Bentheimer,342,0.8448948264122009,0.7973852157592773,0.9759729138960315
Bentheimer,343,0.8523613214492798,0.7761223316192627,0.9762288092912347
Bentheimer,344,0.8559213876724243,1.5437031984329224,0.9633232577330126
Bentheimer,345,0.574617862701416,1.2276629209518433,0.9642177953915416
Bentheimer,346,1.2660099267959595,1.8692201375961304,0.9472835236821198
Bentheimer,347,0.9416269659996033,1.5271121263504028,0.9658255000226871
Bentheimer,348,0.3721329867839813,1.2679553031921387,0.9607458751744384
Bentheimer,349,0.4340072274208069,1.371511697769165,0.9576048581676153
Bentheimer,350,0.5682999491691589,1.1722488403320312,0.9613426541692697
Bentheimer,351,0.375641793012619,1.1937395334243774,0.9643085597375388
Bentheimer,352,0.8271937966346741,0.7220362424850464,0.9529219545867395
Bentheimer,353,0.7807137966156006,0.7588950395584106,0.9520265248196325
Bentheimer,354,0.404695987701416,0.8200283050537109,0.9597955587960465
Bentheimer,355,0.7753708362579346,0.7537705302238464,0.9514723305668575
Bentheimer,356,0.6693200469017029,0.861757218837738,0.9783021443850441
Bentheimer,357,0.5574455261230469,1.105270266532898,0.973245314693076
Bentheimer,358,0.49266868829727173,1.0392801761627197,0.9750001763283869
Bentheimer,359,0.5527628660202026,0.85224449634552,0.976705723784327
Bentheimer,360,0.1378544569015503,0.7418490648269653,0.9792874532824931
Bentheimer,361,0.0959201529622078,0.8547482490539551,0.9674233051661029
Bentheimer,362,0.009092669002711773,1.0686191320419312,0.9650994347682504
Bentheimer,363,0.1807490438222885,1.0978502035140991,0.9621386665682785
Bentheimer,364,0.7331156134605408,0.8713976740837097,0.9755880743912537
Bentheimer,365,0.9254072904586792,0.941238522529602,0.9754346215217203
Bentheimer,366,0.758250892162323,0.9420663118362427,0.9721442277074781
Bentheimer,367,1.058245301246643,1.1078767776489258,0.9727982959136161
Bentheimer,368,0.3511554002761841,1.0261945724487305,0.9802591867444079
Bentheimer,369,0.5011228919029236,1.234020709991455,0.9741499449906068
Bentheimer,370,0.5817415714263916,1.1269303560256958,0.9801961256575379
Bentheimer,371,0.3937881290912628,1.02288818359375,0.9809749806446905
Bentheimer,372,1.8092215061187744,2.330688953399658,0.9337105549993413
Bentheimer,373,1.7156869173049927,2.1374852657318115,0.9399698547496317
Bentheimer,374,1.7984752655029297,2.331747531890869,0.9278852688211989
Bentheimer,375,1.9046612977981567,2.448525905609131,0.9204912659491516
Bentheimer,376,2.6482043266296387,2.683298110961914,0.924461177502468
Bentheimer,377,2.7580392360687256,2.9507546424865723,0.9187098601000654
Bentheimer,378,2.479177236557007,2.7071313858032227,0.9315340580429072
Bentheimer,379,2.1602413654327393,2.714374303817749,0.9414356280855735
Bentheimer,380,0.43904757499694824,0.9489780068397522,0.9739800196601215
Bentheimer,381,0.3727254271507263,0.9807278513908386,0.9714999259425796
Bentheimer,382,0.5041895508766174,0.8988289833068848,0.9702244978759094
Bentheimer,383,0.4784277379512787,1.0176951885223389,0.9707877968539319
Bentheimer,384,0.3722597658634186,0.9905974864959717,0.9840607670136248
Bentheimer,385,0.2710103988647461,0.9474928379058838,0.9803662161721753
Bentheimer,386,0.41356995701789856,0.8967424631118774,0.9866087353808163
Bentheimer,387,0.14688098430633545,0.8331615924835205,0.9825580776830494
Bentheimer,388,0.28860634565353394,0.7087687253952026,0.983267768169127
Bentheimer,389,0.45294541120529175,0.761911153793335,0.9839660170083072
Bentheimer,390,0.3030789792537689,0.7032595872879028,0.9814335865845676
Bentheimer,391,0.283847838640213,0.6450361013412476,0.98249717743613
Bentheimer,392,0.17349588871002197,1.1689746379852295,0.9767187322666342
Bentheimer,393,0.3673199713230133,1.2862231731414795,0.9745743053942721
Bentheimer,394,0.3677399456501007,1.169209361076355,0.9763217376418649
Bentheimer,395,0.3367607295513153,1.2464826107025146,0.9784704444425765
Bentheimer,396,0.29084300994873047,1.0456430912017822,0.9782135048429056
Bentheimer,397,0.24292798340320587,0.8334218263626099,0.9816977336554958
Bentheimer,398,0.055001210421323776,0.7953133583068848,0.982648541179377
Bentheimer,399,0.15775100886821747,1.0048749446868896,0.97919639138128
Bentheimer,400,0.5357333421707153,1.1257988214492798,0.9855795663750784
Bentheimer,401,0.479380339384079,1.0311065912246704,0.9850548438651509
Bentheimer,402,0.5521464943885803,1.1254386901855469,0.9838411802736332
Bentheimer,403,0.6214126944541931,1.161493182182312,0.982319745062473
Bentheimer,404,0.4638805389404297,0.8961495757102966,0.9702106189883246
Bentheimer,405,0.2764827311038971,0.7086504101753235,0.9714680182484082
Bentheimer,406,0.446586549282074,0.7785336971282959,0.9802626883750206
Bentheimer,407,0.3784102499485016,0.7622919678688049,0.9739428427716996
Bentheimer,408,1.171352505683899,0.8010421395301819,0.9752184179818951
Bentheimer,409,1.287765383720398,0.8233495950698853,0.9669816087944123
Bentheimer,410,1.5274091958999634,0.7522161602973938,0.9680052202830077
Bentheimer,411,1.662368893623352,0.7402796745300293,0.9630545503365565
Bentheimer,412,1.255492091178894,1.7352781295776367,0.9683747826978671
Bentheimer,413,1.359744668006897,1.7556837797164917,0.9658560287476036
Bentheimer,414,1.2340887784957886,1.3220219612121582,0.9685716689718986
Bentheimer,415,1.037065863609314,1.4303197860717773,0.9766233315686808
Bentheimer,416,1.3313028812408447,1.4403681755065918,0.9648908217265212
Bentheimer,417,1.170404314994812,1.365800142288208,0.9635177988648757
Bentheimer,418,1.3215335607528687,1.8469184637069702,0.9558190488274048
Bentheimer,419,1.5493818521499634,1.609370470046997,0.9603768745473458
Bentheimer,420,0.9280088543891907,1.3690258264541626,0.9562153273577016
Bentheimer,421,1.3323758840560913,1.6259766817092896,0.9413042587992139
Bentheimer,422,1.1799795627593994,1.3391095399856567,0.9553498264247642
Bentheimer,423,1.073169231414795,1.5088300704956055,0.9545818241130426
Berea Buff,0,2.1620566844940186,3.7937581539154053,0.8978453315448565
Berea Buff,1,2.099109649658203,3.6053481101989746,0.9137439597154068
Berea Buff,2,2.2820820808410645,3.7739689350128174,0.8904901303071289
Berea Buff,3,2.0492165088653564,3.4206202030181885,0.9061940223330067
Berea Buff,4,0.9658247828483582,1.8234844207763672,0.9677140400356685
Berea Buff,5,1.2373136281967163,2.1386733055114746,0.9620652877141334
Berea Buff,6,1.4593946933746338,2.205162763595581,0.9644122251925697
Berea Buff,7,1.3385382890701294,2.235564708709717,0.9614358251758146
Berea Buff,8,0.28870606422424316,1.1406413316726685,0.975154592304629
Berea Buff,9,0.30445045232772827,1.2443369626998901,0.9751834722595883
Berea Buff,10,0.5909003615379333,1.5759563446044922,0.9681284635390212
Berea Buff,11,0.28120991587638855,1.1924026012420654,0.9734423879724875
Berea Buff,12,0.38067570328712463,0.7232000827789307,0.9865724373418989
Berea Buff,13,0.39439892768859863,0.7015513181686401,0.9874605294580046
Berea Buff,14,0.1549994796514511,0.8015532493591309,0.9869314103155089
Berea Buff,15,0.29740995168685913,0.784702479839325,0.9856934806618992
Berea Buff,16,0.32969921827316284,1.6162923574447632,0.927018346434539
Berea Buff,17,0.16124176979064941,1.6201106309890747,0.9429873938377336
Berea Buff,18,0.2214643359184265,1.544299840927124,0.9443653655839536
Berea Buff,19,0.0028154281899333,1.6467870473861694,0.9335618098187636
Berea Buff,20,1.6276735067367554,2.2236533164978027,0.8651061798125722
Berea Buff,21,1.6394529342651367,2.1284687519073486,0.899255484405983
Berea Buff,22,1.480449914932251,2.05926251411438,0.8910637114112148
Berea Buff,23,2.114530324935913,2.5178308486938477,0.8824418889182613
Berea Buff,24,0.32224684953689575,1.292901873588562,0.976960341930622
Berea Buff,25,0.27543139457702637,1.1610027551651,0.9805311443142669
Berea Buff,26,0.23871736228466034,1.2910479307174683,0.9768919980314487
Berea Buff,27,0.600603461265564,1.7464087009429932,0.9708388845344958
Berea Buff,28,0.9317334890365601,0.9113109111785889,0.9752288425682828
Berea Buff,29,1.1494895219802856,0.8842379450798035,0.9752157358016763
Berea Buff,30,1.0252351760864258,0.8803422451019287,0.9698725075510268
Berea Buff,31,1.1017405986785889,0.8322049975395203,0.9667695739696236
Berea Buff,32,1.2809144258499146,1.4655181169509888,0.9699401191780335
Berea Buff,33,1.6270946264266968,1.8282338380813599,0.9627370883241556
Berea Buff,34,1.6279994249343872,1.9588474035263062,0.951936258000719
Berea Buff,35,1.5999171733856201,1.8094525337219238,0.9626536821190856
Berea Buff,36,3.1124343872070312,5.679450035095215,0.801144268195129
Berea Buff,37,2.821408987045288,5.55548620223999,0.7924399692678626
Berea Buff,38,2.6752524375915527,5.218628406524658,0.8011846517429583
Berea Buff,39,2.5872204303741455,5.100018501281738,0.8006672854660104
Berea Buff,40,0.08152253925800323,0.9027774930000305,0.9634064046719675
Berea Buff,41,0.12812362611293793,0.9121564626693726,0.9610748274232706
Berea Buff,42,0.1801062971353531,0.8537584543228149,0.9678777200149258
Berea Buff,43,0.34281066060066223,0.945041298866272,0.9527398585667042
Berea Buff,44,1.1924880743026733,1.1510850191116333,0.9601953336937976
Berea Buff,45,0.8997374176979065,1.163072109222412,0.9684024020439329
Berea Buff,46,0.9960271716117859,1.142627477645874,0.9589629219805877
Berea Buff,47,1.0336978435516357,0.9734559059143066,0.9592170216279351
Berea Buff,48,3.346864938735962,2.825086832046509,0.8203420023865801
Berea Buff,49,3.704333782196045,3.4568231105804443,0.806202336029329
Berea Buff,50,3.2344818115234375,2.891096353530884,0.8337683057800854
Berea Buff,51,2.8204782009124756,2.6379706859588623,0.8595927186103126
Berea Buff,52,1.200219750404358,1.0570582151412964,0.9699939731315682
Berea Buff,53,1.1895238161087036,1.1639982461929321,0.9741835418094735
Berea Buff,54,1.2411972284317017,1.1487252712249756,0.9702864367024193
Berea Buff,55,1.5250155925750732,1.397530198097229,0.9657307367669898
Berea Buff,56,0.6238782405853271,0.8106265664100647,0.977850467623015
Berea Buff,57,0.5161738395690918,0.8464827537536621,0.9809494987351424
Berea Buff,58,0.7841363549232483,0.726309061050415,0.9792176843652284
Berea Buff,59,0.8075375556945801,0.7354230284690857,0.9778722401567423
Berea Buff,60,1.647412896156311,2.112809181213379,0.9583985904977299
Berea Buff,61,1.4570989608764648,1.969113826751709,0.9435281088496843
Berea Buff,62,1.7507743835449219,2.1290786266326904,0.9431949223378748
Berea Buff,63,2.132230281829834,2.596757173538208,0.9432026706162221
Berea Buff,64,1.0900496244430542,1.2297582626342773,0.9364081433194464
Berea Buff,65,1.2442487478256226,1.257136583328247,0.9483334165880142
Berea Buff,66,1.393217921257019,1.45023775100708,0.9460421923187609
Berea Buff,67,1.1617306470870972,1.183003306388855,0.9502513460518437
Berea Buff,68,1.8036489486694336,1.9929176568984985,0.8789044195761339
Berea Buff,69,1.9104468822479248,2.306621551513672,0.8999210608404757
Berea Buff,70,2.1010208129882812,2.22678804397583,0.8540270147307172
Berea Buff,71,1.8545721769332886,2.1648993492126465,0.8626854316088254
Berea Buff,72,0.6857558488845825,1.7695719003677368,0.9582349285591091
Berea Buff,73,0.8193873763084412,2.075946807861328,0.953769698718288
Berea Buff,74,0.6587181091308594,1.7653800249099731,0.9633276361629313
Berea Buff,75,0.5441818833351135,2.0438263416290283,0.955488788733574
Berea Buff,76,1.2057266235351562,0.9842466711997986,0.9651529341947738
Berea Buff,77,1.2130461931228638,0.9783370494842529,0.9685572927719981
Berea Buff,78,1.140492558479309,1.0067561864852905,0.969683413168664
Berea Buff,79,1.0997066497802734,0.830405056476593,0.968695415741954
Berea Buff,80,2.767425060272217,3.9957685470581055,0.8637990142106863
Berea Buff,81,2.7452168464660645,3.6652302742004395,0.8739776952319149
Berea Buff,82,2.803452968597412,3.8829598426818848,0.8598898104056685
Berea Buff,83,2.701103687286377,3.972203016281128,0.8594307655563441
Berea Buff,84,1.4762747287750244,1.9151668548583984,0.9489678789081585
Berea Buff,85,2.2746427059173584,2.670171022415161,0.9310347212845599
Berea Buff,86,1.9793695211410522,2.413727045059204,0.9367582141332703
Berea Buff,87,1.6020914316177368,2.0365397930145264,0.9498027026226321
Berea Buff,88,2.4618782997131348,1.0612258911132812,0.9304597027084844
Berea Buff,89,2.1376793384552,0.8883266448974609,0.9316755838289013
Berea Buff,90,2.361206293106079,1.0533719062805176,0.935429669911086
Berea Buff,91,2.262754440307617,0.8500440120697021,0.9308401762362286
Berea Buff,92,2.2017414569854736,1.12078857421875,0.9489024614808907
Berea Buff,93,2.420846939086914,1.2569012641906738,0.9359909429747484
Berea Buff,94,2.1567399501800537,1.1614859104156494,0.95565115232703
Berea Buff,95,2.1873674392700195,1.0758531093597412,0.9437374640566931
Berea Buff,96,0.46356481313705444,1.2689534425735474,0.9348826227203779
Berea Buff,97,0.4160632789134979,1.5350579023361206,0.9047510810247261
Berea Buff,98,0.4929954707622528,1.6359846591949463,0.9015426573490202
Berea Buff,99,0.13342110812664032,1.590797781944275,0.9216845692690137
Berea Buff,100,0.10540429502725601,2.195828437805176,0.9133823337086933
Berea Buff,101,0.05164288729429245,2.2739663124084473,0.9226640593264698
Berea Buff,102,0.06325577944517136,2.1615490913391113,0.9287818329259769
Berea Buff,103,0.0573263019323349,2.3188223838806152,0.9134027649035177
Berea Buff,104,0.8760775923728943,1.2730194330215454,0.9690331533997073
Berea Buff,105,1.009171485900879,1.2806028127670288,0.9692443422198973
Berea Buff,106,0.9479519724845886,1.2435811758041382,0.9751441421969186
Berea Buff,107,0.9192646741867065,1.291886568069458,0.9716470607380442
Berea Buff,108,0.9016241431236267,0.8265300989151001,0.9805652942881518
Berea Buff,109,0.9786720275878906,0.7145354747772217,0.9813751332016982
Berea Buff,110,0.7587258815765381,0.7092248797416687,0.9779271822540464
Berea Buff,111,0.9391922950744629,0.9023348093032837,0.9784723524235776
Berea Buff,112,1.2412066459655762,1.566706895828247,0.9572703533065335
Berea Buff,113,1.3104249238967896,1.498092770576477,0.9648476021046116
Berea Buff,114,1.0336802005767822,1.2026121616363525,0.9734839375603465
Berea Buff,115,1.1237459182739258,1.298834204673767,0.9690486887982683
Berea Buff,116,0.39068734645843506,1.403262972831726,0.9535320340894434
Berea Buff,117,0.2875825762748718,1.3772599697113037,0.9538756196870646
Berea Buff,118,0.6973947286605835,1.3342010974884033,0.9495576690763284
Berea Buff,119,0.5718901753425598,1.4359536170959473,0.9540665158687579
Berea Buff,120,0.07664844393730164,2.8650999069213867,0.9570228859561427
Berea Buff,121,0.17005100846290588,2.1773533821105957,0.9717518313281166
Berea Buff,122,0.017724210396409035,2.2603774070739746,0.9645537158080756
Berea Buff,123,0.19579868018627167,2.440979242324829,0.9656956091611199
Berea Buff,124,0.857952892780304,1.5175492763519287,0.9732767785318337
Berea Buff,125,0.824723482131958,1.5902727842330933,0.9698479998823334
Berea Buff,126,0.9496654868125916,1.5453583002090454,0.9760663315305184
Berea Buff,127,0.6064892411231995,1.1452162265777588,0.9801124978551798
Berea Buff,128,1.2216992378234863,0.7389525771141052,0.924794434124012
Berea Buff,129,0.879890501499176,0.7628496885299683,0.9546441854092867
Berea Buff,130,1.156218409538269,0.8280913233757019,0.9475488592725476
Berea Buff,131,0.9736791253089905,0.7842267751693726,0.9596855888635869
Berea Buff,132,0.1987658441066742,1.4098093509674072,0.9730003300756654
Berea Buff,133,0.06940123438835144,1.3396821022033691,0.9785333651266208
Berea Buff,134,0.016588347032666206,1.4096640348434448,0.9768425471152445
Berea Buff,135,0.19842852652072906,1.2341810464859009,0.9786670018255947
Berea Buff,136,0.4234662652015686,0.7998561859130859,0.9814085061788836
Berea Buff,137,0.26295503973960876,0.7292367219924927,0.9837101540094417
Berea Buff,138,0.31521695852279663,0.6851792335510254,0.9844531025312284
Berea Buff,139,0.29081737995147705,0.7316310405731201,0.9838013808672839
Berea Buff,140,1.5788837671279907,1.5816057920455933,0.9517967917666503
Berea Buff,141,1.573778510093689,1.5093584060668945,0.9512640598267253
Berea Buff,142,1.669079303741455,1.6619621515274048,0.9574766474311568
Berea Buff,143,1.7570055723190308,1.6362825632095337,0.9468773849388088
Berea Buff,144,0.5457085371017456,1.6380261182785034,0.9830312858155972
Berea Buff,145,0.5291765332221985,1.6068756580352783,0.9820933849493849
Berea Buff,146,0.7254846096038818,1.5507614612579346,0.9811760695609507
Berea Buff,147,0.5447145104408264,1.5255295038223267,0.9830541863550755
Berea Buff,148,3.1990630626678467,3.223442554473877,0.826825372125611
Berea Buff,149,2.5752370357513428,2.7246005535125732,0.8601222882734112
Berea Buff,150,3.109684944152832,3.3102807998657227,0.8263469118607246
Berea Buff,151,3.2197117805480957,2.9658010005950928,0.8236700126379913
Berea Buff,152,4.385568618774414,5.392679691314697,0.7917439745352224
Berea Buff,153,4.399776458740234,5.460081577301025,0.7968721287249645
Berea Buff,154,4.157644748687744,4.704071521759033,0.8365293086802559
Berea Buff,155,4.271334648132324,4.9051833152771,0.7981732912186347
Berea Buff,156,2.0186688899993896,1.9516403675079346,0.9030680736051963
Berea Buff,157,2.689859628677368,2.3118398189544678,0.8788027503658945
Berea Buff,158,2.7239580154418945,2.3560919761657715,0.8559992020269276
Berea Buff,159,2.1849381923675537,2.3334579467773438,0.8805264908596013
Berea Buff,160,0.23481284081935883,0.6189549565315247,0.9878270882882477
Berea Buff,161,0.29748615622520447,0.6532360315322876,0.987003866651728
Berea Buff,162,0.12942853569984436,0.6122292876243591,0.9874512021968489
Berea Buff,163,0.238252654671669,0.6609881520271301,0.9871153776488556
Berea Buff,164,1.4335899353027344,2.595407485961914,0.933915964293375
Berea Buff,165,1.0960758924484253,2.0125842094421387,0.9470994653359598
Berea Buff,166,1.314616084098816,2.4968931674957275,0.9303777294965011
Berea Buff,167,1.7728312015533447,2.8971095085144043,0.9294522284476018
Berea Buff,168,0.40064603090286255,1.3020590543746948,0.9757726999620112
Berea Buff,169,0.2966180741786957,1.2465828657150269,0.9766529125483044
Berea Buff,170,0.21492815017700195,1.2079203128814697,0.9741313901922943
Berea Buff,171,0.2593330442905426,1.1128194332122803,0.977603944853664
Berea Buff,172,0.31729307770729065,1.339881181716919,0.9710330952827873
Berea Buff,173,0.21843375265598297,1.480108618736267,0.9685854059561315
Berea Buff,174,0.25503888726234436,1.49947988986969,0.96373400800492
Berea Buff,175,0.1221260204911232,1.2949575185775757,0.9704211802712412
Berea Buff,176,1.2028170824050903,1.2871633768081665,0.9729193900781583
Berea Buff,177,1.012737512588501,1.0800442695617676,0.9737001866371745
Berea Buff,178,1.2293657064437866,1.3092845678329468,0.9702231820221215
Berea Buff,179,1.0826363563537598,1.2394516468048096,0.9734065840236563
Berea Buff,180,1.45011568069458,0.940127432346344,0.9652923556814528
Berea Buff,181,1.533820629119873,1.0063222646713257,0.9719092789096027
Berea Buff,182,1.331652045249939,0.941399097442627,0.9623095370110316
Berea Buff,183,1.4839202165603638,1.1205629110336304,0.9657612894260338
Berea Buff,184,0.28523164987564087,0.7939255237579346,0.9841493564460391
Berea Buff,185,0.11916287988424301,0.81103515625,0.9839454370593091
Berea Buff,186,0.2984137535095215,0.7743204236030579,0.985158910743971
Berea Buff,187,0.11080179363489151,0.8584105968475342,0.9830220988776501
Berea Buff,188,1.3747490644454956,1.1112622022628784,0.963380050524393
Berea Buff,189,1.1447985172271729,0.9721064567565918,0.9647663116975186
Berea Buff,190,1.6909221410751343,1.2518305778503418,0.9571734442495717
Berea Buff,191,1.5475473403930664,1.170512318611145,0.965683101796045
Berea Buff,192,0.78055340051651,0.7243351936340332,0.967115324804125
Berea Buff,193,0.601422905921936,0.80672287940979,0.9713651144910173
Berea Buff,194,0.940536379814148,0.7838480472564697,0.9623710747661287
Berea Buff,195,0.917554497718811,0.7388151288032532,0.9516994026592804
Berea Buff,196,1.0700130462646484,1.943171739578247,0.9115586045446658
Berea Buff,197,0.8848653435707092,1.5464820861816406,0.9185240471666927
Berea Buff,198,0.9299056529998779,1.6504695415496826,0.9240394072609305
Berea Buff,199,0.8340306282043457,1.7434645891189575,0.9100793243949905
Berea Buff,200,0.14287447929382324,1.16109037399292,0.9687069416658063
Berea Buff,201,0.2912916839122772,1.207262635231018,0.9707786971124055
Berea Buff,202,0.17834773659706116,1.2555735111236572,0.965463821396446
Berea Buff,203,0.3155871331691742,1.2084746360778809,0.9681020577443025
Berea Buff,204,1.1480025053024292,1.988993763923645,0.932702968468842
Berea Buff,205,1.2550674676895142,2.119121551513672,0.9347941386665871
Berea Buff,206,1.5463066101074219,2.57413649559021,0.9297109714960404
Berea Buff,207,1.2094038724899292,2.362501621246338,0.9276088672217185
Leopard,0,0.5438306927680969,0.992616593837738,0.9798034836006582
Leopard,1,0.6716371178627014,1.0811398029327393,0.9730086616562997
Leopard,2,0.2516540586948395,1.1864736080169678,0.9774407595290513
Leopard,3,0.3711341619491577,1.3241050243377686,0.975263934250026
Leopard,4,0.23039180040359497,1.1125410795211792,0.9844377990123001
Leopard,5,0.35342496633529663,1.4113086462020874,0.9790059655418777
Leopard,6,0.3444819450378418,1.2517931461334229,0.9829829812068913
Leopard,7,0.374504029750824,1.4477643966674805,0.98040119709086
Leopard,8,2.2368569374084473,2.4072725772857666,0.9017122188170827
Leopard,9,2.211300849914551,2.3774826526641846,0.9202479286847376
Leopard,10,2.3823673725128174,2.5585954189300537,0.8784976043762349
Leopard,11,2.330683708190918,2.4891867637634277,0.8966475773482078
Leopard,12,1.9602042436599731,1.3501286506652832,0.9444761197800524
Leopard,13,1.9364718198776245,1.3718845844268799,0.9463598673245269
Leopard,14,1.6737110614776611,1.300958275794983,0.9511032872911578
Leopard,15,2.200129270553589,1.4699571132659912,0.9289533272851419
Leopard,16,3.994199752807617,3.197462558746338,0.804201141418971
Leopard,17,4.9200119972229,2.5148565769195557,0.7302430188549538
Leopard,18,4.585217475891113,2.458174467086792,0.7203057273806257
Leopard,19,4.307340621948242,2.643622398376465,0.7520671695086776
Leopard,20,1.7020283937454224,2.2635529041290283,0.9574790070366775
Leopard,21,1.6004403829574585,2.0842854976654053,0.9584231821113474
Leopard,22,1.8466885089874268,2.299424648284912,0.9544782881369793
Leopard,23,1.6405982971191406,2.252093553543091,0.9448035951850107
Leopard,24,2.110948085784912,2.419229507446289,0.8998413604832107
Leopard,25,2.700063467025757,3.2833971977233887,0.8908133903826511
Leopard,26,2.2733712196350098,2.5968594551086426,0.8962449937469716
Leopard,27,2.3856348991394043,2.9678001403808594,0.9024263582160793
Leopard,28,0.22791436314582825,0.9054673314094543,0.9699049158249112
Leopard,29,0.05239717662334442,0.9186263680458069,0.9726007744487696
Leopard,30,0.2984672784805298,0.8874674439430237,0.9743398277456498
Leopard,31,0.1702422797679901,0.9030697345733643,0.9693694377958947
Leopard,32,0.820492684841156,1.8259975910186768,0.959198558346869
Leopard,33,1.1333061456680298,1.6005682945251465,0.9588287436505472
Leopard,34,1.2360708713531494,1.6670669317245483,0.9541976125184704
Leopard,35,1.1532440185546875,1.5063445568084717,0.9511938829348293
Leopard,36,0.5365480780601501,1.5413368940353394,0.9337668356998291
Leopard,37,0.9175199270248413,2.028575897216797,0.9238491691065225
Leopard,38,0.9820061326026917,1.919577956199646,0.9291998644107314
Leopard,39,0.5054806470870972,1.4012856483459473,0.9432055841272836
Leopard,40,0.03573570027947426,0.9597892761230469,0.9744634213526499
Leopard,41,0.02682228945195675,0.9936890602111816,0.9775861573977088
Leopard,42,0.04661864414811134,1.131279468536377,0.9705562645725417
Leopard,43,0.059969816356897354,0.9321051836013794,0.9737500926564718
Leopard,44,1.4411877393722534,2.293668746948242,0.9606838995009302
Leopard,45,1.188940167427063,2.086883544921875,0.9574848675386151
Leopard,46,1.3330332040786743,2.2823877334594727,0.9546634386565939
Leopard,47,1.37278151512146,2.109103202819824,0.9656920998178478
Leopard,48,0.14338718354701996,0.6385836005210876,0.9492952427848009
Leopard,49,0.015125749632716179,0.6772889494895935,0.9585413711089994
Leopard,50,0.04992726817727089,0.7052423357963562,0.949865090697092
Leopard,51,0.041732754558324814,0.6792728304862976,0.9498689480229694
Leopard,52,0.28207457065582275,0.7805215120315552,0.9833339615815163
Leopard,53,0.056990399956703186,0.8216131329536438,0.9845870824493317
Leopard,54,0.003902654629200697,0.8910773992538452,0.984037391411535
Leopard,55,0.1257120668888092,0.889339804649353,0.9811051388265293
Leopard,56,0.193501278758049,1.3052817583084106,0.9306097322318475
Leopard,57,0.0781017616391182,1.2675715684890747,0.9473894706743018
Leopard,58,0.11252263188362122,1.041088342666626,0.9551299761400063
Leopard,59,0.36628293991088867,1.3892545700073242,0.9263872476475687
Leopard,60,0.6327281594276428,0.9434900879859924,0.9819104536793789
Leopard,61,0.6659358143806458,0.9321593046188354,0.9812860439388762
Leopard,62,0.6600653529167175,0.9557620882987976,0.981604893168279
Leopard,63,0.6649168729782104,0.916753351688385,0.981595838078967
Leopard,64,0.011391771025955677,0.8790414333343506,0.965025229934916
Leopard,65,0.04009038954973221,1.124435544013977,0.9558741972583864
Leopard,66,0.06657911837100983,0.9494665861129761,0.9626657863350683
Leopard,67,0.35277259349823,0.9828846454620361,0.9632678257821837
Leopard,68,0.47720804810523987,0.8801531791687012,0.9890082334417836
Leopard,69,0.403010755777359,0.8411871790885925,0.9892006736189076
Leopard,70,0.48214036226272583,0.8465606570243835,0.9890036118972143
Leopard,71,0.5063509941101074,0.9516851902008057,0.9884328008054947
Leopard,72,1.0503675937652588,1.419904351234436,0.9389711368129868
Leopard,73,1.303378939628601,1.5960614681243896,0.9414760724750135
Leopard,74,1.1403928995132446,1.3092900514602661,0.9403704961742342
Leopard,75,1.4891319274902344,1.5391974449157715,0.9385825838405163
Leopard,76,1.97624933719635,3.5418951511383057,0.9095323180386223
Leopard,77,2.030478000640869,3.5941061973571777,0.9044903312811179
Leopard,78,1.8381414413452148,3.5717685222625732,0.8872908459682124
Leopard,79,2.0021848678588867,3.6094436645507812,0.9076600575407238
Leopard,80,0.145854189991951,1.090333342552185,0.9744406096676949
Leopard,81,0.1116989478468895,1.2651290893554688,0.971327312834779
Leopard,82,0.2576497793197632,1.349182367324829,0.9700587596935674
Leopard,83,0.24280647933483124,1.3706235885620117,0.969639980477747
Leopard,84,0.233103945851326,1.376744270324707,0.9677892405221901
Leopard,85,0.1537173092365265,1.3617162704467773,0.9608280670899194
Leopard,86,0.1943773776292801,1.1745915412902832,0.9724019961163027
Leopard,87,0.31695830821990967,1.7886215448379517,0.9593233035275829
Leopard,88,1.4315837621688843,1.5657896995544434,0.962341193040878
Leopard,89,1.226417899131775,1.6521278619766235,0.9644752356474743
Leopard,90,0.9501625895500183,1.3926056623458862,0.9665682489715425
Leopard,91,1.5123201608657837,1.3964213132858276,0.9584373019156057
Leopard,92,1.6159590482711792,0.9431900978088379,0.942124941520147
Leopard,93,1.713339924812317,0.9324601888656616,0.9281627016729337
Leopard,94,2.070358991622925,0.9057217240333557,0.9220483770428315
Leopard,95,1.7577990293502808,0.9140808582305908,0.9410620624880113
Leopard,96,0.23166514933109283,0.9196978807449341,0.9835659402301232
Leopard,97,0.2453581839799881,0.8224971294403076,0.9836756539275954
Leopard,98,0.15309955179691315,0.8487273454666138,0.9851758855671946
Leopard,99,0.24674272537231445,0.8486127853393555,0.9836075738886711
Leopard,100,2.0631794929504395,4.929647445678711,0.9422928181899944
Leopard,101,1.835452675819397,4.320361614227295,0.9427843555016876
Leopard,102,2.132282018661499,4.898863315582275,0.9461849847793771
Leopard,103,1.7711728811264038,3.9142394065856934,0.9496252238686664
Leopard,104,1.0020631551742554,2.984773635864258,0.8886236072068868
Leopard,105,1.3848828077316284,3.048753499984741,0.8874668777526523
Leopard,106,1.4180532693862915,3.3071534633636475,0.9019266903855387
Leopard,107,1.1703319549560547,3.1343154907226562,0.9000790227061543
Leopard,108,0.7768530249595642,1.055734395980835,0.9558034545058212
Leopard,109,0.37344890832901,0.9768580198287964,0.9623353509617213
Leopard,110,0.560608983039856,0.9867579936981201,0.9556476345068148
Leopard,111,0.8947709202766418,1.1577928066253662,0.9492799789260051
Leopard,112,1.4114959239959717,1.257283329963684,0.9613237971011002
Leopard,113,1.366783618927002,1.2658599615097046,0.9600438129296971
Leopard,114,1.7350504398345947,1.0944409370422363,0.94703377411178
Leopard,115,1.2985224723815918,0.9881414771080017,0.9625685900105796
Leopard,116,0.5119035243988037,1.2656846046447754,0.9641850080396124
Leopard,117,0.7616115808486938,1.302086591720581,0.9664540845248296
Leopard,118,0.5255311727523804,1.3504395484924316,0.9589936293708667
Leopard,119,0.6280975937843323,1.2546035051345825,0.9653356204553072
Leopard,120,0.5921308398246765,1.0635792016983032,0.9788301371087491
Leopard,121,0.689357340335846,1.2368977069854736,0.9741457326490662
Leopard,122,0.6775194406509399,1.289841651916504,0.9738067574677256
Leopard,123,0.5245581865310669,1.03567373752594,0.9793060582840175
Leopard,124,2.017106056213379,1.843070387840271,0.6241285780366437
Leopard,125,2.4203989505767822,1.889724850654602,0.590646270998609
Leopard,126,3.410115957260132,3.100170612335205,0.5334151103387232
Leopard,127,2.5602235794067383,2.556736946105957,0.5376196778757272
Leopard,128,0.6838278770446777,0.9552828073501587,0.9564483346825378
Leopard,129,0.8854982256889343,1.1792336702346802,0.9553070662040827
Leopard,130,0.7099512219429016,1.0611376762390137,0.9583071152721327
Leopard,131,0.5935925245285034,1.0397461652755737,0.9564707604711438
Leopard,132,1.062758445739746,2.525197982788086,0.9323958195900716
Leopard,133,1.5184048414230347,3.031977891921997,0.9319208980269579
Leopard,134,1.3027607202529907,2.8936545848846436,0.9370896340519117
Leopard,135,1.2771650552749634,2.57989764213562,0.9343760122530143
Leopard,136,0.19171902537345886,1.0030643939971924,0.9708242725479577
Leopard,137,0.10590754449367523,0.8913406133651733,0.9756036093054951
Leopard,138,0.05927572771906853,1.0430119037628174,0.9682270854197496
Leopard,139,0.334804892539978,1.112648844718933,0.969769932154893
Leopard,140,1.8238991498947144,2.6009645462036133,0.9406517712637479
Leopard,141,2.0093374252319336,2.8060781955718994,0.9395537817533615
Leopard,142,2.1505699157714844,3.307274341583252,0.9334988427156813
Leopard,143,1.9771255254745483,3.3039839267730713,0.9326771203405118
Leopard,144,2.193082809448242,2.2353675365448,0.8783280040497493
Leopard,145,2.344569206237793,2.337007761001587,0.8576807943620316
Leopard,146,2.1577506065368652,2.0055813789367676,0.864074226603424
Leopard,147,2.002272367477417,1.9531245231628418,0.8675014060235019
Leopard,148,0.01708739809691906,0.6515088677406311,0.9648741577836639
Leopard,149,0.09588645398616791,0.6825342774391174,0.9658734444400897
Leopard,150,0.39197808504104614,0.6784408688545227,0.9633133709169015
Leopard,151,0.039088740944862366,0.6467186808586121,0.963781401940652
Leopard,152,1.1200553178787231,1.0137642621994019,0.9715171433471328
Leopard,153,0.8904893398284912,0.8866531848907471,0.9724131767413473
Leopard,154,1.0309268236160278,0.9657667875289917,0.9734502748609996
Leopard,155,0.995573103427887,0.9187968373298645,0.9693814348088596
Leopard,156,0.32476186752319336,1.1673167943954468,0.9740873551938461
Leopard,157,0.10131188482046127,1.0804105997085571,0.9776397049561948
Leopard,158,0.03142642229795456,1.044453501701355,0.9763206762060445
Leopard,159,0.010105231776833534,1.1122949123382568,0.9694380702159888
Leopard,160,0.10295633226633072,0.676665186882019,0.9868103064123317
Leopard,161,0.37833839654922485,0.716309666633606,0.9815417314146739
Leopard,162,0.24103951454162598,0.6987390518188477,0.9834917940405065
Leopard,163,0.2421446144580841,0.6604220867156982,0.9806686774442092
Leopard,164,1.9847208261489868,2.390974998474121,0.9019930971129372
Leopard,165,2.1311655044555664,2.5361106395721436,0.9107264485488178
Leopard,166,2.0041534900665283,2.4228243827819824,0.8908400515584404
Leopard,167,2.0148470401763916,2.3950672149658203,0.892494297066104
Leopard,168,6.310786724090576,5.596424102783203,0.16689357157894977
Leopard,169,6.680742263793945,5.97389030456543,0.1447483652403976
Leopard,170,7.155173301696777,6.385228157043457,0.1354386766244016
Leopard,171,6.695422172546387,6.099681377410889,0.16390411723925022
Leopard,172,0.12344199419021606,0.6337683200836182,0.9868483251181138
Leopard,173,0.18007294833660126,0.6911954283714294,0.9861519997041731
Leopard,174,0.15989582240581512,0.6652389168739319,0.9859802485446857
Leopard,175,0.1414801925420761,0.6565853953361511,0.9863886586735969
Leopard,176,1.4184038639068604,2.5502102375030518,0.9239573293133946
Leopard,177,1.2420053482055664,2.154735565185547,0.94247619321938
Leopard,178,1.6813455820083618,2.5619614124298096,0.9263556337349621
Leopard,179,1.1442692279815674,1.9033704996109009,0.9509940118959067
Leopard,180,1.1404709815979004,1.2694281339645386,0.9667160755942175
Leopard,181,1.2545112371444702,1.3712377548217773,0.9678441696501048
Leopard,182,1.333855152130127,1.4853909015655518,0.9586517170489828
Leopard,183,1.3536654710769653,1.5292876958847046,0.9578589143172078
Leopard,184,1.099181890487671,0.9187287092208862,0.9648099719495918
Leopard,185,1.0408719778060913,0.8833616971969604,0.9641246110776879
Leopard,186,1.190588355064392,0.9408063292503357,0.957150633543436
Leopard,187,1.1623430252075195,0.9119294285774231,0.9585877555964019
Leopard,188,1.4401826858520508,2.5694491863250732,0.9416507076073306
Leopard,189,1.4324322938919067,2.6898598670959473,0.9362525566402639
Leopard,190,1.3301007747650146,2.5647716522216797,0.9386621370822791
Leopard,191,1.6768789291381836,2.861178159713745,0.9291097391773403
Leopard,192,0.996432900428772,2.6001386642456055,0.8256844473894035
Leopard,193,0.8004558086395264,2.1238481998443604,0.8714899642705991
Leopard,194,0.9036130905151367,2.170980453491211,0.887101567670017
Leopard,195,0.7071389555931091,2.093674898147583,0.8787085247523114
Leopard,196,1.4858663082122803,1.3871750831604004,0.9393602151308127
Leopard,197,1.411487340927124,1.1832059621810913,0.9448147767936665
Leopard,198,1.7338199615478516,1.3151408433914185,0.9281556711775236
Leopard,199,1.9134399890899658,1.2486169338226318,0.9153320066929627
Leopard,200,0.543329119682312,1.5661431550979614,0.9405339014983818
Leopard,201,0.3801223933696747,1.7349998950958252,0.9451957697361584
Leopard,202,0.19771277904510498,1.6046078205108643,0.9444833120358735
Leopard,203,0.557904064655304,1.5020902156829834,0.9472217380358282
Leopard,204,1.654365062713623,1.8701244592666626,0.9322932919461128
Leopard,205,1.8773605823516846,2.100182294845581,0.9203147419144577
Leopard,206,1.6901278495788574,1.9158573150634766,0.9277926288400148
Leopard,207,1.8866585493087769,2.1074001789093018,0.9277241482567906
Leopard,208,3.092369556427002,3.1569859981536865,0.45670095610030875
Leopard,209,3.1946489810943604,3.616422414779663,0.44916896108162013
Leopard,210,3.3825364112854004,3.6019911766052246,0.46441328115609737
Leopard,211,3.152275562286377,3.2148654460906982,0.4758794440055937
Leopard,212,0.28887391090393066,1.0644360780715942,0.9794930891838323
Leopard,213,0.6675741672515869,1.3916229009628296,0.9780555509163582
Leopard,214,0.47920432686805725,1.109989047050476,0.9787009036496906
Leopard,215,0.5266451835632324,1.4325838088989258,0.973719373766453
Leopard,216,1.0241247415542603,0.911182701587677,0.9714253384669571
Leopard,217,1.0322957038879395,0.9701434373855591,0.9707679603269217
Leopard,218,1.0948965549468994,0.9847741723060608,0.968964699925357
Leopard,219,1.1050927639007568,0.9359095096588135,0.9736256171596127
Leopard,220,0.24125318229198456,0.6849365234375,0.9455871643562958
Leopard,221,0.005767984315752983,0.6498804092407227,0.9281797265630215
Leopard,222,0.09374646097421646,0.6345689296722412,0.9436774961588612
Leopard,223,0.23308001458644867,0.7430205345153809,0.9389231879381622
Leopard,224,2.3879761695861816,2.9292049407958984,0.9278332544346275
Leopard,225,2.316800594329834,2.886216878890991,0.9236769341861346
Leopard,226,2.5308268070220947,3.0992040634155273,0.917741695767259
Leopard,227,2.4268131256103516,3.0703749656677246,0.9161031331454645
Leopard,228,1.465806484222412,1.2433152198791504,0.941047812467949
Leopard,229,1.565700888633728,1.8258885145187378,0.9453592554792324
Leopard,230,0.8939447402954102,1.2372854948043823,0.9501666877716252
Leopard,231,1.6836285591125488,1.5813038349151611,0.9349514053927365
Leopard,232,0.16218990087509155,1.4207440614700317,0.9629703185408571
Leopard,233,0.2810257077217102,1.1935906410217285,0.9710532727106115
Leopard,234,0.33760663866996765,1.3674219846725464,0.9581587250943219
Leopard,235,0.5182304978370667,1.539995551109314,0.964807595237561
Leopard,236,0.27922356128692627,0.9855255484580994,0.9862989658121761
Leopard,237,0.29124200344085693,1.0382708311080933,0.9858634011132035
Leopard,238,0.30929699540138245,1.101874589920044,0.984370197513918
Leopard,239,0.22831985354423523,0.9810580015182495,0.9857876622493923
Leopard,240,0.7555214762687683,2.341428279876709,0.9136683192726532
Leopard,241,0.5835506916046143,2.325432777404785,0.9147360663608842
Leopard,242,0.4883694052696228,2.441481590270996,0.9010305253543349
Leopard,243,0.8983323574066162,2.406224250793457,0.9104810288499442
Leopard,244,0.5111739635467529,1.1594129800796509,0.9628835982142063
Leopard,245,0.511067807674408,1.0161248445510864,0.9609390211608362
Leopard,246,0.6170930862426758,0.9917229413986206,0.9660494349547705
Leopard,247,0.20173105597496033,0.9618735313415527,0.9703484676281376
Leopard,248,0.4196503162384033,2.056631326675415,0.8616078876792646
Leopard,249,0.7970724105834961,1.909311294555664,0.9064246639660759
Leopard,250,0.35127365589141846,1.807715892791748,0.8811409708030108
Leopard,251,0.5834255218505859,1.9300508499145508,0.8949670958796937
Leopard,252,0.0856124684214592,1.3080692291259766,0.9732083167433537
Leopard,253,0.020853707566857338,0.9612963795661926,0.9772466250827939
Leopard,254,0.011507757939398289,0.7849939465522766,0.9819259287242449
Leopard,255,0.007679800968617201,1.1037992238998413,0.977746573468111
Leopard,256,0.6520194411277771,0.775489091873169,0.9568821039482228
Leopard,257,0.7943782210350037,0.7603424787521362,0.9471742050882507
Leopard,258,0.7712799310684204,0.7935647368431091,0.9393747882570704
Leopard,259,0.9191481471061707,0.765476644039154,0.9444473340252758
Leopard,260,2.941053628921509,3.1114118099212646,0.8881807607227691
Leopard,261,2.8037664890289307,3.4629080295562744,0.8862756073318965
Leopard,262,2.6157634258270264,2.86867094039917,0.9026161879189684
Leopard,263,2.8259799480438232,2.8888463973999023,0.9026087831992939
Leopard,264,0.6884685754776001,0.9077373743057251,0.9521892542459757
Leopard,265,0.3932720422744751,0.8382787704467773,0.9531898898410376
Leopard,266,0.6359511017799377,1.024166464805603,0.9479911098475224
Leopard,267,0.5612693428993225,0.8361600637435913,0.9597664908781683
Leopard,268,5.352304458618164,2.0174217224121094,0.6753853019198764
Leopard,269,4.902076721191406,2.0468738079071045,0.7053543405625237
Leopard,270,5.372262477874756,2.279099225997925,0.6736029191223217
Leopard,271,5.0593976974487305,2.0246713161468506,0.7056769760785744
Leopard,272,2.5526676177978516,2.7639214992523193,0.8075628142103949
Leopard,273,2.449516534805298,2.6086792945861816,0.8208838459579956
Leopard,274,2.6231589317321777,2.8187179565429688,0.7990242591861793
Leopard,275,2.6275694370269775,2.822005033493042,0.7921686758335195
Castle Gate,0,0.6738417148590088,1.0936851501464844,0.9650532570214356
Castle Gate,1,0.8677411079406738,0.9101203083992004,0.9571715564295956
Castle Gate,2,0.8152017593383789,1.0493006706237793,0.961315598647036
Castle Gate,3,0.8017746806144714,0.9701752662658691,0.96253864369617
Castle Gate,4,1.5991753339767456,1.3195979595184326,0.9397043570917439
Castle Gate,5,1.752236008644104,1.1237589120864868,0.9233005759959693
Castle Gate,6,1.8064895868301392,1.3586918115615845,0.9347533707812996
Castle Gate,7,1.8260184526443481,1.0617210865020752,0.9327157615362534
Castle Gate,8,0.8683906197547913,1.6325669288635254,0.9668520739286544
Castle Gate,9,1.0357427597045898,1.6422710418701172,0.9646051853244911
Castle Gate,10,0.8898146748542786,1.4620237350463867,0.9639046399003325
Castle Gate,11,0.8529053926467896,1.7175450325012207,0.9594242773020524
Castle Gate,12,0.6851715445518494,1.0970652103424072,0.9664244908420391
Castle Gate,13,1.0053136348724365,1.3076838254928589,0.9622424599081416
Castle Gate,14,1.0634580850601196,1.0786182880401611,0.9649826149900864
Castle Gate,15,1.0751937627792358,0.9683859348297119,0.959757038144918
Castle Gate,16,0.04674025997519493,1.4787116050720215,0.9432650195982187
Castle Gate,17,0.13031503558158875,1.4253931045532227,0.9554034189426213
Castle Gate,18,0.18788652122020721,1.7017701864242554,0.9442189384497836
Castle Gate,19,0.10827643424272537,1.602609395980835,0.9465984875830664
Castle Gate,20,1.0655477046966553,2.073270559310913,0.9599932289630199
Castle Gate,21,1.189407467842102,2.182255506515503,0.9546954835415447
Castle Gate,22,1.011372685432434,1.848407506942749,0.969852137493191
Castle Gate,23,1.3713513612747192,2.3258042335510254,0.9598342475335546
Castle Gate,24,0.11956539750099182,1.1150068044662476,0.9738573890591788
Castle Gate,25,0.3658673167228699,1.3898134231567383,0.9709674879838521
Castle Gate,26,0.1565294712781906,1.1600066423416138,0.9728886923895336
Castle Gate,27,0.013494336977601051,1.0423386096954346,0.9760633125103602
Castle Gate,28,0.3656158745288849,0.7679355144500732,0.9779526075147185
Castle Gate,29,0.4781273305416107,0.7933481931686401,0.9795663031971276
Castle Gate,30,0.3483840525150299,0.8115119934082031,0.9791988315146686
Castle Gate,31,0.24296258389949799,0.7518982887268066,0.9749027500865206
Castle Gate,32,0.8981336951255798,0.8323214650154114,0.9745599567566945
Castle Gate,33,0.6414000391960144,0.8336717486381531,0.9821337257540227
Castle Gate,34,0.7261906862258911,0.875639021396637,0.9787339359175652
Castle Gate,35,0.6106231212615967,0.8294312953948975,0.9820371292251062
Castle Gate,36,0.17608806490898132,1.1134142875671387,0.9794881107462534
Castle Gate,37,0.03959832713007927,1.0433655977249146,0.975785873880497
Castle Gate,38,0.19744239747524261,1.1425702571868896,0.9789200457947481
Castle Gate,39,0.00904439389705658,1.0060278177261353,0.9776205387030695
Castle Gate,40,0.20492024719715118,1.2735705375671387,0.9550605114535197
Castle Gate,41,0.37022319436073303,1.177754521369934,0.9554635474217439
Castle Gate,42,0.291920006275177,1.2425816059112549,0.9590021114375112
Castle Gate,43,0.05765056237578392,1.1685749292373657,0.9554419307544947
Castle Gate,44,0.24761293828487396,0.966621458530426,0.9830614728804524
Castle Gate,45,0.05764326825737953,0.9265562295913696,0.981833451531438
Castle Gate,46,0.3203960359096527,1.0243945121765137,0.981453769554541
Castle Gate,47,0.2919742465019226,0.9765831232070923,0.982834452651089
Castle Gate,48,0.4691079556941986,0.9913765788078308,0.9865442730222553
Castle Gate,49,0.4431172311306,1.0908743143081665,0.9840982707126757
Castle Gate,50,0.3678833842277527,0.9069077968597412,0.987169745821214
Castle Gate,51,0.3110862076282501,0.841334879398346,0.9881180619291092
Castle Gate,52,1.9532357454299927,2.282710552215576,0.933741406097685
Castle Gate,53,1.9328681230545044,2.3270018100738525,0.9166006315807678
Castle Gate,54,2.383293628692627,2.763721466064453,0.8944519638316578
Castle Gate,55,1.8392305374145508,2.2603724002838135,0.9219629374036188
Castle Gate,56,0.7024577856063843,1.1364227533340454,0.9799786822831488
Castle Gate,57,0.7487654685974121,1.1991100311279297,0.9795261277190681
Castle Gate,58,0.6967229247093201,1.189911961555481,0.9774784147418738
Castle Gate,59,0.626386821269989,1.0748851299285889,0.9786064695780559
Castle Gate,60,1.6220598220825195,1.148390531539917,0.9499289492518924
Castle Gate,61,1.294656753540039,1.196485161781311,0.9553681660758261
Castle Gate,62,1.5945789813995361,1.1811058521270752,0.9512971136235179
Castle Gate,63,1.8119723796844482,1.115071415901184,0.9417194184521799
Castle Gate,64,0.38518857955932617,0.7749573588371277,0.9842090193777717
Castle Gate,65,0.6071774959564209,0.9910787343978882,0.98271286516297
Castle Gate,66,0.28750184178352356,0.8215562701225281,0.983325497144971
Castle Gate,67,0.09900355339050293,0.7605652809143066,0.9802142534476858
Castle Gate,68,0.4753679931163788,1.1504091024398804,0.981428032208915
Castle Gate,69,0.3398880362510681,1.0118480920791626,0.9842654995634982
Castle Gate,70,0.3462553024291992,1.047913670539856,0.9824213177370574
Castle Gate,71,0.2681508958339691,0.9520387053489685,0.9848787478952677
Castle Gate,72,1.7342311143875122,2.0034067630767822,0.9404281104588612
Castle Gate,73,1.7690914869308472,1.9629729986190796,0.938482983653835
Castle Gate,74,1.3076692819595337,1.5186083316802979,0.9588778091582645
Castle Gate,75,1.814111351966858,1.992772102355957,0.9344502863765186
Castle Gate,76,0.8281778693199158,0.9569812417030334,0.9659279527754091
Castle Gate,77,0.8654864430427551,1.07822585105896,0.9611124282996977
Castle Gate,78,0.7397273182868958,0.9948527812957764,0.9680647816997269
Castle Gate,79,0.9888134002685547,0.9233977794647217,0.9652549100070906
Castle Gate,80,1.4546480178833008,2.0458247661590576,0.9214147205598265
Castle Gate,81,1.528623342514038,1.6383743286132812,0.9228699033049413
Castle Gate,82,1.4431862831115723,2.3296706676483154,0.9110237096430595
Castle Gate,83,1.3504568338394165,2.063708782196045,0.8916766369602364
Castle Gate,84,0.2129439264535904,1.2266842126846313,0.9498181951671554
Castle Gate,85,0.11947616934776306,1.2856836318969727,0.9464365212555103
Castle Gate,86,0.2809769809246063,1.3145766258239746,0.925549830695999
Castle Gate,87,0.14176738262176514,1.2650632858276367,0.9509969817640549
Castle Gate,88,1.3093446493148804,1.823038101196289,0.9657911766473685
Castle Gate,89,1.2223366498947144,1.9528014659881592,0.9555043779339997
Castle Gate,90,0.8810957670211792,1.6357234716415405,0.9564041547349958
Castle Gate,91,1.4071842432022095,2.236537218093872,0.9489384259262722
Castle Gate,92,2.573389768600464,2.369889974594116,0.9017766617713558
Castle Gate,93,2.8485312461853027,2.6049015522003174,0.8936321413180492
Castle Gate,94,2.670222282409668,2.873798131942749,0.8932277566969716
Castle Gate,95,2.8143961429595947,3.118936777114868,0.8779902263126922
Castle Gate,96,0.895109236240387,2.3605568408966064,0.9256827682246559
Castle Gate,97,1.0916380882263184,2.3910443782806396,0.9263401492531688
Castle Gate,98,1.1913906335830688,1.9857587814331055,0.9355360815376925
Castle Gate,99,0.8436756730079651,1.8702038526535034,0.9156264065089459
Castle Gate,100,0.002124699531123042,1.361727237701416,0.9679571607109971
Castle Gate,101,0.10183905810117722,1.5095759630203247,0.9645657920197712
Castle Gate,102,0.10566718876361847,1.3686246871948242,0.967864489027135
Castle Gate,103,0.07647086679935455,1.6355260610580444,0.9615934821378964
Castle Gate,104,1.3017390966415405,1.560665249824524,0.9640050175493422
Castle Gate,105,1.3850690126419067,1.5253775119781494,0.968324900891394
Castle Gate,106,1.2268146276474,1.3740577697753906,0.9679154565902209
Castle Gate,107,1.5642445087432861,1.895903468132019,0.9576801117011435
Castle Gate,108,0.6207829117774963,1.080762505531311,0.9804772062536026
Castle Gate,109,0.6048934459686279,1.0409542322158813,0.9800644187585951
Castle Gate,110,0.5964245796203613,1.1636792421340942,0.9742758958278472
Castle Gate,111,0.7383577823638916,1.2017848491668701,0.9793746205728607
Castle Gate,112,1.2033342123031616,1.6669154167175293,0.9187908377999661
Castle Gate,113,1.3532453775405884,1.3523859977722168,0.9318401793108291
Castle Gate,114,1.3517930507659912,1.365834355354309,0.931048365357738
Castle Gate,115,1.305774450302124,1.349212884902954,0.9275584590600953
Castle Gate,116,0.2398436814546585,1.295457363128662,0.9710091894863904
Castle Gate,117,0.3385881185531616,1.2926950454711914,0.9698714805162922
Castle Gate,118,0.43915972113609314,1.4537321329116821,0.9693620691141291
Castle Gate,119,0.44652724266052246,1.4193804264068604,0.9716025060787934
Castle Gate,120,1.6551393270492554,2.3041772842407227,0.9280663751026236
Castle Gate,121,1.4891124963760376,1.6836764812469482,0.9474820791016932
Castle Gate,122,1.8720887899398804,1.9528603553771973,0.9341184966064529
Castle Gate,123,1.6111284494400024,2.0488810539245605,0.9224860866234087
Castle Gate,124,4.035998344421387,5.9044413566589355,0.835516743486182
Castle Gate,125,3.5469613075256348,5.232606410980225,0.8584293400693003
Castle Gate,126,3.546374559402466,5.171351909637451,0.8579573079504681
Castle Gate,127,3.9763450622558594,5.9794816970825195,0.8418262576935235
Castle Gate,128,1.5474730730056763,0.9129676818847656,0.9599611650402528
Castle Gate,129,1.5134992599487305,0.9056822061538696,0.9586166904994109
Castle Gate,130,1.2681612968444824,1.0306892395019531,0.9576418446498453
Castle Gate,131,1.1106247901916504,0.9324598908424377,0.9667679664780725
Castle Gate,132,3.6636860370635986,3.1471638679504395,0.8621091777560995
Castle Gate,133,3.531752586364746,3.127347946166992,0.8755394140596755
Castle Gate,134,3.4698548316955566,2.9582197666168213,0.8799234462249205
Castle Gate,135,3.5047576427459717,2.5709025859832764,0.850320229425849
Castle Gate,136,0.04994196817278862,1.131483793258667,0.976445389594577
Castle Gate,137,0.288211464881897,1.0576903820037842,0.9795662907123281
Castle Gate,138,0.26493996381759644,1.1397923231124878,0.9773767993569998
Castle Gate,139,0.2956370413303375,1.1231447458267212,0.9784963894072446
Castle Gate,140,0.6744645237922668,1.4142625331878662,0.9623169756476403
Castle Gate,141,0.5347266793251038,1.3485032320022583,0.9645542754144514
Castle Gate,142,0.7385976314544678,1.4620718955993652,0.9632613821144609
Castle Gate,143,0.6810117959976196,1.3105359077453613,0.960512883339846
Castle Gate,144,0.9105984568595886,0.9578618407249451,0.9642514304106118
Castle Gate,145,1.1339540481567383,0.9825865626335144,0.9687644905278824
Castle Gate,146,1.0334988832473755,0.9223425984382629,0.9730324877995158
Castle Gate,147,0.9144761562347412,0.8929872512817383,0.9676923007934677
Castle Gate,148,1.4602069854736328,1.5474978685379028,0.9557976092911373
Castle Gate,149,1.526764154434204,1.4215909242630005,0.9537548720427149
Castle Gate,150,1.6250371932983398,1.3459429740905762,0.9496147790689217
Castle Gate,151,1.6551367044448853,1.5102072954177856,0.9476345553467118
Castle Gate,152,0.8516725301742554,1.5000630617141724,0.9561865910732192
Castle Gate,153,0.8666235208511353,1.625396490097046,0.9571867060097883
Castle Gate,154,1.1169278621673584,1.580380916595459,0.9558720527030269
Castle Gate,155,0.9876927733421326,1.3939900398254395,0.9691243122664744
Castle Gate,156,1.2146457433700562,1.5180169343948364,0.9285488395875637
Castle Gate,157,1.2013952732086182,1.693494200706482,0.9214784399828381
Castle Gate,158,1.1470829248428345,1.4654688835144043,0.9393697608016932
Castle Gate,159,1.0452055931091309,1.554369568824768,0.9462173937292957
Castle Gate,160,0.23281851410865784,1.5175615549087524,0.9654034631946428
Castle Gate,161,0.331908255815506,1.0374810695648193,0.9759721143428518
Castle Gate,162,0.26819783449172974,0.8509828448295593,0.977683194713917
Castle Gate,163,0.2746742069721222,1.0098742246627808,0.9775718258118529
Castle Gate,164,1.1714248657226562,1.4605648517608643,0.9670718181928808
Castle Gate,165,0.6985705494880676,1.2039917707443237,0.9686154734417979
Castle Gate,166,0.6754552721977234,1.1955618858337402,0.966768902362376
Castle Gate,167,0.8676380515098572,1.3658943176269531,0.9641744861938876
Castle Gate,168,3.032663583755493,3.699741840362549,0.8751868628355948
Castle Gate,169,3.0320281982421875,3.6017630100250244,0.8785550284853082
Castle Gate,170,2.6027474403381348,3.0974628925323486,0.9121597753006628
Castle Gate,171,3.0661725997924805,3.6279382705688477,0.8888518413619164
Castle Gate,172,0.08965153992176056,1.0621886253356934,0.9742647484117137
Castle Gate,173,0.035510189831256866,0.9278601408004761,0.9742419547111129
Castle Gate,174,0.03730430081486702,0.8922289609909058,0.9762904149866727
Castle Gate,175,0.04887901246547699,1.1117159128189087,0.9728630896858151
Castle Gate,176,0.377594918012619,1.411268711090088,0.960539768501013
Castle Gate,177,0.5124559998512268,1.4798122644424438,0.9588381802449589
Castle Gate,178,0.25313571095466614,1.1721692085266113,0.9684784527171844
Castle Gate,179,0.4392944574356079,1.2993677854537964,0.9626868615449291
Castle Gate,180,0.2700521647930145,0.707989513874054,0.9774559529003901
Castle Gate,181,0.2625589072704315,0.7564472556114197,0.9757197966867177
Castle Gate,182,0.30360692739486694,0.6498614549636841,0.982305269789057
Castle Gate,183,0.2188599407672882,0.7907983064651489,0.977673250289424
Castle Gate,184,0.8722938895225525,2.2040083408355713,0.9492860385224209
Castle Gate,185,1.1360350847244263,2.3307628631591797,0.9475151119236461
Castle Gate,186,1.0909863710403442,2.38362979888916,0.9454599529938243
Castle Gate,187,0.9162254929542542,2.133646249771118,0.9528291736272098
Castle Gate,188,0.3905428349971771,1.3593026399612427,0.9618970485241032
Castle Gate,189,0.4892162084579468,1.1521062850952148,0.9678641858035145
Castle Gate,190,0.2828133702278137,1.104686975479126,0.9684229883447034
Castle Gate,191,0.5887503623962402,1.3114557266235352,0.9631806317342044
Castle Gate,192,0.41899028420448303,1.2327373027801514,0.9438735486233695
Castle Gate,193,0.635090708732605,1.4894717931747437,0.9311337777456945
Castle Gate,194,0.28843653202056885,1.2924504280090332,0.9403534252047911
Castle Gate,195,0.5071110725402832,1.4212578535079956,0.9379713834853531
Castle Gate,196,1.2349058389663696,1.248827338218689,0.9748209109535495
Castle Gate,197,1.2642455101013184,1.146928310394287,0.9700028688005796
Castle Gate,198,1.2698862552642822,1.295560359954834,0.9708622904619807
Castle Gate,199,0.9561625719070435,1.242043375968933,0.9727168269991747
Castle Gate,200,1.1139822006225586,1.4417177438735962,0.9464670432054307
Castle Gate,201,1.0455371141433716,1.0603152513504028,0.9663079166900816
Castle Gate,202,0.8363370895385742,1.3032419681549072,0.9588607053217002
Castle Gate,203,0.8003588318824768,1.4497787952423096,0.954914253103815
Castle Gate,204,1.4326642751693726,1.6686561107635498,0.9558707623231962
Castle Gate,205,1.4070719480514526,1.849695086479187,0.9442722380744991
Castle Gate,206,1.3067742586135864,1.495476245880127,0.9545297846846603
Castle Gate,207,1.2942163944244385,1.3383265733718872,0.9507630436520177
Castle Gate,208,0.04466427490115166,0.9189981818199158,0.9713807660603927
Castle Gate,209,0.05844799801707268,0.7421391606330872,0.9829750703735026
Castle Gate,210,0.21116134524345398,0.7505562901496887,0.9723759332667592
Castle Gate,211,0.22893871366977692,0.605375349521637,0.9779863657149982
Castle Gate,212,0.5644733905792236,0.9625125527381897,0.973273705716116
Castle Gate,213,0.4437301754951477,0.9038115739822388,0.9745727915537686
Castle Gate,214,0.5110624432563782,1.0861177444458008,0.9685702030953984
Castle Gate,215,0.4022546112537384,1.1260839700698853,0.9734177044572354
Castle Gate,216,0.11441589146852493,0.8968206644058228,0.965294219471635
Castle Gate,217,0.01862500049173832,0.7999215126037598,0.9685881250047745
Castle Gate,218,0.05396474152803421,0.858517050743103,0.9690733898814312
Castle Gate,219,0.07333933562040329,0.8535563349723816,0.9658553042892761
Castle Gate,220,1.0078877210617065,1.7848374843597412,0.9246050295631577
Castle Gate,221,0.8564785718917847,1.6830757856369019,0.9297147019035513
Castle Gate,222,1.1405646800994873,1.9862838983535767,0.9065931469935912
Castle Gate,223,0.8277679085731506,1.7842737436294556,0.9073926130628851
Castle Gate,224,0.3144541382789612,1.5678976774215698,0.9510255822750263
Castle Gate,225,0.1967112421989441,0.965800404548645,0.9648501892789731
Castle Gate,226,0.19171956181526184,1.4166988134384155,0.9557504616630098
Castle Gate,227,0.17537227272987366,1.0819061994552612,0.952433532243352
Castle Gate,228,0.3129662573337555,0.9148980379104614,0.9743821719667772
Castle Gate,229,0.6943639516830444,1.2554612159729004,0.9653526215546533
Castle Gate,230,0.11810728907585144,1.0696381330490112,0.9655126506224928
Castle Gate,231,0.06453848630189896,0.9763804078102112,0.9709285144464461
Castle Gate,232,1.0188370943069458,1.171862006187439,0.9426096490107116
Castle Gate,233,0.7820074558258057,0.916153609752655,0.9467502229345884
Castle Gate,234,1.1907991170883179,1.156264305114746,0.9327380135802005
Castle Gate,235,0.7232190370559692,0.9877952933311462,0.9409070658300847
Castle Gate,236,0.05600515753030777,0.9003431797027588,0.9808766642489446
Castle Gate,237,0.12557408213615417,0.8653469681739807,0.9816597509911523
Castle Gate,238,0.08769038319587708,1.249882698059082,0.9775416125413385
Castle Gate,239,0.2023988664150238,1.0611966848373413,0.9803466262916484
Castle Gate,240,0.2749190628528595,1.403212547302246,0.9493966576008634
Castle Gate,241,0.18537814915180206,1.0434421300888062,0.9605637509491884
Castle Gate,242,0.30295807123184204,1.0580596923828125,0.9526908906455216
Castle Gate,243,0.017085162922739983,1.3774648904800415,0.9452798419714897
Castle Gate,244,0.13884034752845764,1.0813758373260498,0.9722712590268391
Castle Gate,245,0.008436376228928566,0.9458984136581421,0.9771671871844678
Castle Gate,246,0.2759343981742859,1.0745919942855835,0.9729332597631498
Castle Gate,247,0.09605669975280762,0.9467889666557312,0.9760376885199591
Castle Gate,248,0.5651679635047913,0.9491311311721802,0.9668334717244227
Castle Gate,249,0.31558722257614136,0.9888714551925659,0.9669140278491424
Castle Gate,250,0.3713921010494232,0.9818586707115173,0.9691537638095599
Castle Gate,251,0.4323281943798065,1.139514446258545,0.9636621727706214
Castle Gate,252,0.44506895542144775,0.9337064027786255,0.9859151552108236
Castle Gate,253,0.6269823908805847,1.0426992177963257,0.9864245983582636
Castle Gate,254,0.5646414160728455,1.0076360702514648,0.9864190669453432
Castle Gate,255,0.5076591968536377,0.9158982038497925,0.9872589303233013
Castle Gate,256,0.20719800889492035,0.9973287582397461,0.9697115092177135
Castle Gate,257,0.06985257565975189,1.3342663049697876,0.965794832849956
Castle Gate,258,0.20057673752307892,1.0438727140426636,0.9699104439522017
Castle Gate,259,0.1790691614151001,1.1419950723648071,0.9723644252181857
Castle Gate,260,0.7275374531745911,1.028459072113037,0.9728527014094874
Castle Gate,261,0.8483180999755859,1.1493990421295166,0.9701093247799876
Castle Gate,262,0.5416133403778076,0.9811182618141174,0.9718914088045563
Castle Gate,263,0.750199019908905,0.9384351968765259,0.9756472353093656
Castle Gate,264,0.6329368948936462,0.9799153804779053,0.9745809621040055
Castle Gate,265,0.5973196625709534,0.9128822684288025,0.9684389187510967
Castle Gate,266,0.7200509309768677,0.9298200011253357,0.972574137951374
Castle Gate,267,0.7493129372596741,0.9356210231781006,0.9706491193235322
Castle Gate,268,0.5213058590888977,1.5836751461029053,0.9276348465145843
Castle Gate,269,0.46565568447113037,1.6704869270324707,0.9344997186821351
Castle Gate,270,0.619329571723938,1.6935901641845703,0.9346950823225187
Castle Gate,271,0.41603925824165344,1.5988678932189941,0.9257415984627907
Castle Gate,272,0.18393151462078094,0.8501880168914795,0.9791102399676349
Castle Gate,273,0.3589524030685425,0.893638014793396,0.9791167449693988
Castle Gate,274,0.12186466157436371,0.7938180565834045,0.9821529885508874
Castle Gate,275,0.44818824529647827,0.8623607754707336,0.9754551112037196
Castle Gate,276,1.0048080682754517,1.422886610031128,0.9602638658784192
Castle Gate,277,0.74705570936203,1.1215295791625977,0.9683443590316371
Castle Gate,278,0.7750470638275146,1.477773904800415,0.9580919231438616
Castle Gate,279,0.8994204998016357,1.2912870645523071,0.9611943541611693
Castle Gate,280,1.1438910961151123,2.4573774337768555,0.9533859150989573
Castle Gate,281,0.963499128818512,2.2950665950775146,0.9553207019226753
Castle Gate,282,1.0704562664031982,2.2380950450897217,0.9648470815517304
Castle Gate,283,0.9580579996109009,2.2188689708709717,0.9590934928264553
Berea Upper Gray,0,1.250915765762329,2.284052848815918,0.9575658513667556
Berea Upper Gray,1,0.7714354991912842,1.7204532623291016,0.9712093359744632
Berea Upper Gray,2,0.5699260830879211,1.5502270460128784,0.9690574888612559
Berea Upper Gray,3,0.707547128200531,1.5566422939300537,0.972992835138622
Berea Upper Gray,4,0.5214611887931824,1.350365400314331,0.9557306939678606
Berea Upper Gray,5,0.5285491347312927,1.2668172121047974,0.9525396960045623
Berea Upper Gray,6,0.6064913868904114,1.363383173942566,0.961890853052455
Berea Upper Gray,7,0.3348149061203003,1.5837154388427734,0.9493775998181833
Berea Upper Gray,8,1.152083158493042,1.8502484560012817,0.9502825540811214
Berea Upper Gray,9,1.1716299057006836,1.9516980648040771,0.9439026334697481
Berea Upper Gray,10,1.6484838724136353,2.3743321895599365,0.9414716987881221
Berea Upper Gray,11,1.7472667694091797,2.3699004650115967,0.950663736082382
Berea Upper Gray,12,2.5198633670806885,2.8760366439819336,0.9017893809291869
Berea Upper Gray,13,2.336725950241089,2.720865249633789,0.9119844677467854
Berea Upper Gray,14,2.6752331256866455,3.0536305904388428,0.9114583954695866
Berea Upper Gray,15,2.173910617828369,2.4734413623809814,0.9210163900517553
Berea Upper Gray,16,1.0085335969924927,1.5002856254577637,0.9570697469625545
Berea Upper Gray,17,0.9328995943069458,1.4653624296188354,0.9657302149614414
Berea Upper Gray,18,0.8053202629089355,1.283642292022705,0.967947957116248
Berea Upper Gray,19,0.94468092918396,1.4413342475891113,0.9665012294857195
Berea Upper Gray,20,0.052340660244226456,1.650632381439209,0.9689264352741935
Berea Upper Gray,21,0.27344322204589844,1.3064144849777222,0.9747642258900011
Berea Upper Gray,22,0.4001864492893219,1.281879186630249,0.9759846069906355
Berea Upper Gray,23,0.44067874550819397,1.1711113452911377,0.977790250854286
Berea Upper Gray,24,0.1729177087545395,1.339411973953247,0.9658003907140503
Berea Upper Gray,25,0.1134849488735199,1.6750178337097168,0.9616248515519923
Berea Upper Gray,26,0.08051016926765442,1.2050164937973022,0.9665542480187602
Berea Upper Gray,27,0.17724619805812836,1.213258981704712,0.9677457237198224
Berea Upper Gray,28,2.484264612197876,2.863884449005127,0.9062968717581331
Berea Upper Gray,29,2.470695734024048,2.56339430809021,0.9032824016568913
Berea Upper Gray,30,2.2621028423309326,2.030184268951416,0.8905498956680118
Berea Upper Gray,31,2.3545162677764893,2.573490619659424,0.9036306253017402
Berea Upper Gray,32,1.7263360023498535,1.7900776863098145,0.9515401407927494
Berea Upper Gray,33,1.594545841217041,1.664047122001648,0.9590730004243258
Berea Upper Gray,34,1.8758304119110107,2.2953877449035645,0.9389695228841238
Berea Upper Gray,35,1.9913161993026733,2.1290206909179688,0.9543934878855568
Berea Upper Gray,36,1.3500010967254639,2.559401035308838,0.9492138772697923
Berea Upper Gray,37,1.3369799852371216,2.5449657440185547,0.9503754205207443
Berea Upper Gray,38,1.383015751838684,2.505438804626465,0.9542522443288036
Berea Upper Gray,39,1.1746437549591064,2.1673333644866943,0.9642827562012647
Berea Upper Gray,40,1.0417143106460571,1.6082632541656494,0.960254583058214
Berea Upper Gray,41,0.9860606789588928,1.4841946363449097,0.9631978754957135
Berea Upper Gray,42,1.0037562847137451,1.4613454341888428,0.9631929958548436
Berea Upper Gray,43,0.69627845287323,1.2325557470321655,0.9669939959761036
Berea Upper Gray,44,0.8333191275596619,1.7770754098892212,0.9697397347479615
Berea Upper Gray,45,0.752839207649231,1.6482470035552979,0.9718923534150448
Berea Upper Gray,46,0.6716066598892212,1.5778141021728516,0.972917548003137
Berea Upper Gray,47,0.8639445304870605,1.8760169744491577,0.9677730885260136
Berea Upper Gray,48,0.34981322288513184,2.0041844844818115,0.9627252878166181
Berea Upper Gray,49,0.3009241223335266,1.7234585285186768,0.9697183943073411
Berea Upper Gray,50,0.5101407170295715,2.1338815689086914,0.9535185789970468
Berea Upper Gray,51,0.3194604516029358,2.0481414794921875,0.9617607233206581
Berea Upper Gray,52,1.095461130142212,1.3960908651351929,0.8652929311883587
Berea Upper Gray,53,0.9402808547019958,1.5650314092636108,0.8527918397636286
Berea Upper Gray,54,0.9340240359306335,1.3352612257003784,0.8652725659973891
Berea Upper Gray,55,1.2724353075027466,1.4375333786010742,0.8596991034464939
Berea Upper Gray,56,0.5625213980674744,1.3448829650878906,0.9700987159716836
Berea Upper Gray,57,0.6515762209892273,1.4778169393539429,0.9652587151901463
Berea Upper Gray,58,0.6487870812416077,1.3529858589172363,0.9644515816787773
Berea Upper Gray,59,0.24976839125156403,1.169227123260498,0.9713231882916751
Berea Upper Gray,60,1.1415568590164185,0.9084929823875427,0.9490368210262128
Berea Upper Gray,61,1.1826597452163696,1.041618824005127,0.9504194893367948
Berea Upper Gray,62,1.252623200416565,1.0196880102157593,0.9438122417179541
Berea Upper Gray,63,1.2941280603408813,1.0255259275436401,0.941499778763758
Berea Upper Gray,64,1.3037115335464478,1.6768810749053955,0.9494991757705228
Berea Upper Gray,65,1.1715776920318604,1.6602225303649902,0.9510577365186785
Berea Upper Gray,66,1.516048550605774,1.8018523454666138,0.9483654934718617
Berea Upper Gray,67,1.2316604852676392,1.5438671112060547,0.9501654241753507
Berea Upper Gray,68,2.6941983699798584,3.8245038986206055,0.5996094722898924
Berea Upper Gray,69,2.807065486907959,4.13263463973999,0.5089782558496628
Berea Upper Gray,70,3.2654473781585693,4.425391674041748,0.5463332350970067
Berea Upper Gray,71,2.5211129188537598,3.5947515964508057,0.6064648293253835
Berea Upper Gray,72,0.9343511462211609,1.4608056545257568,0.9544861112036269
Berea Upper Gray,73,0.6562641859054565,1.6680103540420532,0.946789737483456
Berea Upper Gray,74,0.9433217644691467,1.8465157747268677,0.933478079545954
Berea Upper Gray,75,0.8686646223068237,1.2889423370361328,0.9576481789197709
Berea Upper Gray,76,2.1152126789093018,1.8809173107147217,0.8773914968588232
Berea Upper Gray,77,2.282975912094116,1.9452276229858398,0.8616786679320374
Berea Upper Gray,78,1.998152256011963,1.9175032377243042,0.8947933961880647
Berea Upper Gray,79,2.1605663299560547,1.8903932571411133,0.8792402050414113
Berea Upper Gray,80,0.14589041471481323,1.0245065689086914,0.9668334333726042
Berea Upper Gray,81,0.397382527589798,0.9883489012718201,0.9677452407533003
Berea Upper Gray,82,0.4950413107872009,1.0067201852798462,0.9602594007847708
Berea Upper Gray,83,0.11821246892213821,1.085330605506897,0.9615044542577179
Berea Upper Gray,84,0.012105372734367847,0.9367573857307434,0.9744227869720151
Berea Upper Gray,85,0.11855653673410416,0.9123890399932861,0.974387185567012
Berea Upper Gray,86,0.1357276290655136,0.8786512017250061,0.9677363177111508
Berea Upper Gray,87,0.1293419897556305,0.9308322072029114,0.9736873306890735
Berea Upper Gray,88,1.460706114768982,2.378377676010132,0.9342666343390463
Berea Upper Gray,89,1.3799068927764893,2.13710880279541,0.9449015248096079
Berea Upper Gray,90,1.2941272258758545,2.49065899848938,0.9449091237220693
Berea Upper Gray,91,1.5798630714416504,2.5534188747406006,0.933558133124704
Berea Upper Gray,92,1.096221685409546,1.3556612730026245,0.9653717606025821
Berea Upper Gray,93,1.130935788154602,1.4105830192565918,0.9621079138457717
Berea Upper Gray,94,0.9247180819511414,1.3850176334381104,0.9653085967996158
Berea Upper Gray,95,0.9118048548698425,1.487918734550476,0.9581881538257958
Berea Upper Gray,96,0.3607172966003418,1.4908976554870605,0.9383429619574991
Berea Upper Gray,97,0.3892589509487152,1.4909851551055908,0.9396717075665725
Berea Upper Gray,98,0.5687090754508972,1.4301060438156128,0.9514745468237251
Berea Upper Gray,99,0.5404270887374878,1.4372714757919312,0.9426817005487004
Berea Upper Gray,100,0.3134915828704834,0.7757735848426819,0.9688195093126241
Berea Upper Gray,101,0.4032887816429138,0.7475786209106445,0.9662654386031716
Berea Upper Gray,102,0.23159615695476532,0.7586616277694702,0.9720839114254001
Berea Upper Gray,103,0.2780505418777466,0.7260032296180725,0.9711772106355508
Berea Upper Gray,104,0.39793819189071655,1.4125672578811646,0.9559832162799214
Berea Upper Gray,105,0.6197332739830017,1.8991812467575073,0.9347710806933553
Berea Upper Gray,106,0.6063702702522278,1.8149168491363525,0.94570053581682
Berea Upper Gray,107,0.5487256050109863,1.4959442615509033,0.951030365689455
Berea Upper Gray,108,1.4292970895767212,1.8542832136154175,0.9208133262228746
Berea Upper Gray,109,1.2587605714797974,1.7267450094223022,0.9115300984638189
Berea Upper Gray,110,1.3366191387176514,1.2163631916046143,0.9149585555244841
Berea Upper Gray,111,1.2322064638137817,1.8147459030151367,0.9133696201967347
Berea Upper Gray,112,1.2222726345062256,2.2172088623046875,0.7579801421824269
Berea Upper Gray,113,1.350730299949646,1.9075318574905396,0.7957447197347135
Berea Upper Gray,114,1.163713812828064,2.2813806533813477,0.746968813408883
Berea Upper Gray,115,1.4401230812072754,2.1290476322174072,0.7924181214905996
Berea Upper Gray,116,1.0623390674591064,1.9165369272232056,0.9645891937479054
Berea Upper Gray,117,0.706672728061676,1.7931562662124634,0.962381104346658
Berea Upper Gray,118,0.43369680643081665,1.51304292678833,0.9684951841784132
Berea Upper Gray,119,1.0492031574249268,1.775113582611084,0.9618217174079358
Berea Upper Gray,120,1.6020158529281616,2.800149917602539,0.8933374192741527
Berea Upper Gray,121,1.8766101598739624,2.972447633743286,0.8862227384915018
Berea Upper Gray,122,1.7792131900787354,2.632802724838257,0.9160849850335864
Berea Upper Gray,123,1.6248310804367065,2.672403335571289,0.909486083625134
Berea Upper Gray,124,2.0652809143066406,2.5001609325408936,0.9245965706936499
Berea Upper Gray,125,1.9519224166870117,2.187941074371338,0.9430798036404451
Berea Upper Gray,126,1.9996826648712158,2.304568290710449,0.9492155480638478
Berea Upper Gray,127,1.912902593612671,2.3105344772338867,0.9406379161639636
Berea Upper Gray,128,1.0108689069747925,1.7285804748535156,0.9632395494564726
Berea Upper Gray,129,0.9452401995658875,1.6097140312194824,0.970253613591648
Berea Upper Gray,130,0.5325373411178589,1.2346020936965942,0.9668237393205009
Berea Upper Gray,131,1.1217352151870728,1.7985297441482544,0.9657299226394761
Berea Upper Gray,132,0.1906043291091919,1.0070040225982666,0.9733536099676502
Berea Upper Gray,133,0.5237815976142883,1.0717203617095947,0.9687428280673681
Berea Upper Gray,134,0.36055582761764526,1.0316417217254639,0.9741622703974582
Berea Upper Gray,135,0.1919708549976349,0.9921560287475586,0.9741397620643724
Berea Upper Gray,136,1.0741223096847534,2.0962347984313965,0.944059354526828
Berea Upper Gray,137,1.360225796699524,2.5575356483459473,0.9447609864865704
Berea Upper Gray,138,1.39325749874115,2.394132375717163,0.9432793799356953
Berea Upper Gray,139,0.9439265131950378,1.7938858270645142,0.9605654101322804
Berea Upper Gray,140,0.8635568022727966,1.7974356412887573,0.9451620321014352
Berea Upper Gray,141,0.7342055439949036,1.789520025253296,0.9400215184939933
Berea Upper Gray,142,0.7575075626373291,1.7628906965255737,0.9458899734438596
Berea Upper Gray,143,0.7009650468826294,1.6292537450790405,0.9553067549411869
Berea Upper Gray,144,0.5290138721466064,1.8128528594970703,0.9424872242778688
Berea Upper Gray,145,0.32788193225860596,1.523831844329834,0.9374882191620195
Berea Upper Gray,146,0.23849056661128998,1.2231947183609009,0.9435745031387692
Berea Upper Gray,147,0.08546385914087296,1.441848874092102,0.9494977702862503
Berea Upper Gray,148,0.25148576498031616,1.1594668626785278,0.9689226593638937
Berea Upper Gray,149,0.22020605206489563,1.1709579229354858,0.971237322622578
Berea Upper Gray,150,0.2934058904647827,1.225762128829956,0.9666569839825206
Berea Upper Gray,151,0.21450084447860718,1.2374545335769653,0.9643513996692125
Berea Upper Gray,152,2.4699602127075195,4.487222194671631,0.933389361359925
Berea Upper Gray,153,2.6365699768066406,4.888835906982422,0.9092212752815968
Berea Upper Gray,154,2.551933765411377,4.650172233581543,0.9108377293766181
Berea Upper Gray,155,2.2182483673095703,4.177419185638428,0.9147500271881501
Berea Upper Gray,156,0.17774662375450134,1.0245426893234253,0.9606937809553283
Berea Upper Gray,157,0.05504276975989342,0.9623698592185974,0.965752510815339
Berea Upper Gray,158,0.12083662301301956,1.057549238204956,0.9648492852947936
Berea Upper Gray,159,0.24220673739910126,1.1222524642944336,0.9583244892426881
Berea Upper Gray,160,0.48482492566108704,0.8380455374717712,0.9639445260214109
Berea Upper Gray,161,0.03554898872971535,0.8290820717811584,0.9710718829236862
Berea Upper Gray,162,0.06232970580458641,0.8254446387290955,0.9667022573416142
Berea Upper Gray,163,0.5140684247016907,1.1400253772735596,0.963415482456582
Berea Upper Gray,164,1.387022614479065,1.7234477996826172,0.9534806465279676
Berea Upper Gray,165,0.8403210639953613,1.0772987604141235,0.9567445773639182
Berea Upper Gray,166,1.1079872846603394,1.486230731010437,0.9427779604922975
Berea Upper Gray,167,1.0973615646362305,1.4135470390319824,0.9568721589648801
Berea Upper Gray,168,1.404264211654663,1.3511462211608887,0.9436099151859626
Berea Upper Gray,169,1.5082958936691284,1.2932801246643066,0.9444400244368292
Berea Upper Gray,170,1.3621296882629395,1.1343759298324585,0.9535442925633201
Berea Upper Gray,171,1.3758172988891602,1.2357032299041748,0.945837840144737
Berea Upper Gray,172,1.0672568082809448,1.5726467370986938,0.9624050140325903
Berea Upper Gray,173,0.868165910243988,1.5538976192474365,0.9573549701683882
Berea Upper Gray,174,0.841423749923706,1.4333356618881226,0.9667265516616326
Berea Upper Gray,175,0.9156330227851868,1.5808351039886475,0.9640202458488362
Berea Upper Gray,176,0.7608413100242615,2.2660186290740967,0.9724528354568972
Berea Upper Gray,177,0.6775417327880859,2.5027642250061035,0.9661407618201743
Berea Upper Gray,178,0.5485321879386902,2.159092664718628,0.9720563253346757
Berea Upper Gray,179,0.7397148013114929,2.574298858642578,0.9640604125966878
Berea Upper Gray,180,1.0032299757003784,2.3201491832733154,0.8443930564010267
Berea Upper Gray,181,1.4102038145065308,2.2642898559570312,0.8622785662693345
Berea Upper Gray,182,1.296865701675415,1.940697193145752,0.8802452510412062
Berea Upper Gray,183,0.9925103187561035,1.6091294288635254,0.9140456681520286
Berea Upper Gray,184,0.5714189410209656,0.9094063639640808,0.9389116711598153
Berea Upper Gray,185,0.4674455225467682,0.8548212051391602,0.954673180945878
Berea Upper Gray,186,0.16829824447631836,1.0596556663513184,0.9446137977718727
Berea Upper Gray,187,0.7440337538719177,0.9421815872192383,0.9334090131405812
Berea Upper Gray,188,1.1724364757537842,1.5265692472457886,0.9581892206477917
Berea Upper Gray,189,1.5258890390396118,1.9818106889724731,0.9372882598613029
Berea Upper Gray,190,1.1330369710922241,1.5108307600021362,0.9582915740593735
Berea Upper Gray,191,1.0895010232925415,1.5046859979629517,0.9588191744629644
Berea Upper Gray,192,0.8140298128128052,1.7381596565246582,0.9670129137209303
Berea Upper Gray,193,0.30424705147743225,1.269365906715393,0.9685020909923229
Berea Upper Gray,194,0.40760743618011475,1.4456603527069092,0.9673869120411887
Berea Upper Gray,195,0.2703060805797577,1.6616408824920654,0.9566656036804573
Berea Upper Gray,196,0.3572806119918823,0.799394428730011,0.9818056737026818
Berea Upper Gray,197,0.20757931470870972,0.8043612241744995,0.9834064621234573
Berea Upper Gray,198,0.33437561988830566,0.836142361164093,0.980626365210912
Berea Upper Gray,199,0.4199618697166443,0.8131246566772461,0.9805339375479983
Berea Upper Gray,200,2.687901258468628,3.0586652755737305,0.8197523760210079
Berea Upper Gray,201,2.563305616378784,2.794853448867798,0.8546780670190394
Berea Upper Gray,202,2.854142427444458,3.2432138919830322,0.8305369808940823
Berea Upper Gray,203,2.9806346893310547,3.3676772117614746,0.829512103972913
Berea Upper Gray,204,0.08773592859506607,1.148654580116272,0.9703399545949518
Berea Upper Gray,205,0.3212359845638275,1.1924374103546143,0.9737149801250545
Berea Upper Gray,206,0.240843266248703,1.2842367887496948,0.9718061166583745
Berea Upper Gray,207,0.2968263328075409,1.195164680480957,0.9748460977659454
Berea Upper Gray,208,1.53362238407135,1.8446143865585327,0.8862905504226675
Berea Upper Gray,209,1.725281000137329,2.3159799575805664,0.8817478788841963
Berea Upper Gray,210,1.8051279783248901,1.6869734525680542,0.8745276703554452
Berea Upper Gray,211,1.6933104991912842,1.5979036092758179,0.8791518894829993
Berea Upper Gray,212,1.2703319787979126,1.519974708557129,0.9323883068685417
Berea Upper Gray,213,1.1819392442703247,1.423096776008606,0.9369915755723774
Berea Upper Gray,214,1.154663324356079,1.4430540800094604,0.9323146808450975
Berea Upper Gray,215,1.2304913997650146,1.4376447200775146,0.9255356824269368
Berea Upper Gray,216,2.7224509716033936,4.062345027923584,0.8316884131246234
Berea Upper Gray,217,2.752871513366699,4.101004123687744,0.8437429599718952
Berea Upper Gray,218,2.4106602668762207,3.7520751953125,0.8320892335785509
Berea Upper Gray,219,2.8306949138641357,4.146524906158447,0.8329770412963041
Berea Upper Gray,220,0.21844565868377686,0.7079840898513794,0.97556405736445
Berea Upper Gray,221,0.3620032072067261,0.6931698322296143,0.9777121670929165
Berea Upper Gray,222,0.2796229124069214,0.7000802755355835,0.9784761460000718
Berea Upper Gray,223,0.3512337803840637,0.6843345165252686,0.9812920040872295
Berea Sinter Gray,0,0.4583582580089569,0.880657434463501,0.9771479916983467
Berea Sinter Gray,1,0.7217238545417786,0.9328870177268982,0.972205804101431
Berea Sinter Gray,2,0.625948965549469,0.9047180414199829,0.9755340038131743
Berea Sinter Gray,3,0.6611326932907104,0.973865270614624,0.9741547145173858
Berea Sinter Gray,4,3.675208330154419,2.630828857421875,0.8134420254140803
Berea Sinter Gray,5,3.046011209487915,2.9501543045043945,0.8577564283065969
Berea Sinter Gray,6,2.9312074184417725,3.2648234367370605,0.8463672228037816
Berea Sinter Gray,7,2.8880152702331543,2.435883045196533,0.877294159335396
Berea Sinter Gray,8,1.6494351625442505,1.589699625968933,0.9187425827472587
Berea Sinter Gray,9,1.427889347076416,1.3710726499557495,0.9232370942037685
Berea Sinter Gray,10,1.338255763053894,1.2203773260116577,0.9429358976772676
Berea Sinter Gray,11,1.510298728942871,1.8963392972946167,0.9411052103077513
Berea Sinter Gray,12,1.302898645401001,1.6567976474761963,0.9191706006710773
Berea Sinter Gray,13,0.9224995970726013,1.3793388605117798,0.9314779746475488
Berea Sinter Gray,14,0.704581618309021,1.2410213947296143,0.927773862206402
Berea Sinter Gray,15,0.9725819826126099,1.5319448709487915,0.9148537087227738
Berea Sinter Gray,16,1.045249581336975,1.7589571475982666,0.9578060901963342
Berea Sinter Gray,17,0.9067204594612122,1.3213164806365967,0.9633639166955984
Berea Sinter Gray,18,1.244977593421936,1.8300800323486328,0.9599449425449031
Berea Sinter Gray,19,0.959659993648529,1.6985641717910767,0.9601147105398361
Berea Sinter Gray,20,2.9321799278259277,3.246239423751831,0.9230058885855044
Berea Sinter Gray,21,2.7247724533081055,3.41670560836792,0.9243411071188743
Berea Sinter Gray,22,2.8424198627471924,3.6426546573638916,0.9101288237941486
Berea Sinter Gray,23,2.8671529293060303,3.790642023086548,0.9155094840122947
Berea Sinter Gray,24,0.23894503712654114,1.1338623762130737,0.9563486957664104
Berea Sinter Gray,25,0.1595735251903534,1.0464805364608765,0.9601570205598563
Berea Sinter Gray,26,0.03493564948439598,1.130637764930725,0.958478602545693
Berea Sinter Gray,27,0.06025758013129234,1.0366002321243286,0.9575543989913055
Berea Sinter Gray,28,1.5635888576507568,2.3949339389801025,0.9492286010474263
Berea Sinter Gray,29,1.612342357635498,2.6045632362365723,0.9414205759591268
Berea Sinter Gray,30,1.5066196918487549,2.3525314331054688,0.9525896911447196
Berea Sinter Gray,31,1.2713680267333984,2.160975933074951,0.9569764917024762
Berea Sinter Gray,32,0.8869608044624329,1.2399100065231323,0.9680570443096728
Berea Sinter Gray,33,0.8836156725883484,1.2848141193389893,0.968542600628989
Berea Sinter Gray,34,0.9462337493896484,1.1413582563400269,0.9649782637840185
Berea Sinter Gray,35,0.821984052658081,1.2829636335372925,0.9665949112398389
Berea Sinter Gray,36,0.16907966136932373,2.0073187351226807,0.97001312575686
Berea Sinter Gray,37,0.18791517615318298,1.9901416301727295,0.9716289380967007
Berea Sinter Gray,38,0.07571379095315933,1.9343924522399902,0.9691967928602638
Berea Sinter Gray,39,0.16033107042312622,1.794670820236206,0.974492960598887
Berea Sinter Gray,40,1.571876049041748,2.024564504623413,0.951837335342048
Berea Sinter Gray,41,1.6772099733352661,2.1590142250061035,0.9581356789201453
Berea Sinter Gray,42,1.6977125406265259,2.133439064025879,0.9554121956595837
Berea Sinter Gray,43,1.709214448928833,2.148716449737549,0.9517076312245603
Berea Sinter Gray,44,0.5462408661842346,0.9995120763778687,0.9764639164134671
Berea Sinter Gray,45,0.3790965974330902,0.9974320530891418,0.9739903361008418
Berea Sinter Gray,46,0.3451647460460663,0.9880542755126953,0.9783566448636393
Berea Sinter Gray,47,0.2109510600566864,1.091094970703125,0.9755916733927598
Berea Sinter Gray,48,1.428879737854004,0.6845600605010986,0.9473018782874425
Berea Sinter Gray,49,1.4225035905838013,0.7158821821212769,0.9383973312067545
Berea Sinter Gray,50,1.3523308038711548,0.76321941614151,0.9426507601247621
Berea Sinter Gray,51,1.4887312650680542,0.7152984142303467,0.9391241316437768
Berea Sinter Gray,52,0.3608187437057495,1.0763027667999268,0.9672080688749858
Berea Sinter Gray,53,0.33260613679885864,1.036506175994873,0.9726647593979422
Berea Sinter Gray,54,0.5391479134559631,1.1599400043487549,0.9732905151758424
Berea Sinter Gray,55,0.3119933307170868,0.9788489937782288,0.9738352731106706
Berea Sinter Gray,56,0.0805261880159378,0.912491500377655,0.9728960416353705
Berea Sinter Gray,57,0.1052844300866127,0.8695656061172485,0.9784405300381716
Berea Sinter Gray,58,0.2779315412044525,0.8765620589256287,0.9737032403972005
Berea Sinter Gray,59,0.20476558804512024,0.847831130027771,0.9752127945451735
Berea Sinter Gray,60,1.3424139022827148,1.9497355222702026,0.9001630565080886
Berea Sinter Gray,61,1.1829031705856323,1.9005047082901,0.8919226654566882
Berea Sinter Gray,62,1.0183113813400269,1.9533398151397705,0.890340941632098
Berea Sinter Gray,63,0.9531629681587219,2.13519549369812,0.8729357250641385
Berea Sinter Gray,64,0.579825758934021,1.861549973487854,0.9603248624468103
Berea Sinter Gray,65,0.38479378819465637,2.001434087753296,0.9517605102925089
Berea Sinter Gray,66,0.37393423914909363,1.997689962387085,0.9533013251245552
Berea Sinter Gray,67,0.6062487959861755,1.9563127756118774,0.9576536384936155
Berea Sinter Gray,68,0.22348611056804657,1.6075034141540527,0.9662072198508703
Berea Sinter Gray,69,0.2428903877735138,1.8756790161132812,0.9553614031061807
Berea Sinter Gray,70,0.3985387980937958,1.5209271907806396,0.9665660161343114
Berea Sinter Gray,71,0.3990271985530853,1.5659712553024292,0.9627789628226414
Berea Sinter Gray,72,0.24468836188316345,0.9729645848274231,0.9667751526777898
Berea Sinter Gray,73,0.351641446352005,0.9457235932350159,0.9618124283676136
Berea Sinter Gray,74,0.31782862544059753,0.8951020240783691,0.9653361816478029
Berea Sinter Gray,75,0.3040420711040497,1.1240421533584595,0.9520197889065308
Berea Sinter Gray,76,0.10188590735197067,1.5989099740982056,0.9041299470021142
Berea Sinter Gray,77,0.19589795172214508,1.1664718389511108,0.9239742507248971
Berea Sinter Gray,78,0.0041622379794716835,1.1397536993026733,0.9373238837500836
Berea Sinter Gray,79,0.03378409147262573,1.4347045421600342,0.9139361677621705
Berea Sinter Gray,80,2.2945330142974854,1.612210750579834,0.8987264415800144
Berea Sinter Gray,81,1.8767504692077637,1.4173948764801025,0.9262582819417723
Berea Sinter Gray,82,2.386209487915039,1.5970209836959839,0.8919502888359625
Berea Sinter Gray,83,2.290159225463867,1.461740493774414,0.9091518506525379
Berea Sinter Gray,84,3.0210843086242676,5.315038681030273,0.8526154557583718
Berea Sinter Gray,85,2.707174777984619,4.699575901031494,0.8591804427639229
Berea Sinter Gray,86,2.541156053543091,4.359185218811035,0.8865384705189053
Berea Sinter Gray,87,2.6951475143432617,4.717974662780762,0.8553144710216734
Berea Sinter Gray,88,1.333146095275879,1.7435579299926758,0.9513570495531719
Berea Sinter Gray,89,1.453086495399475,1.964328408241272,0.9517471169082568
Berea Sinter Gray,90,1.4241740703582764,1.7961488962173462,0.9569985408584336
Berea Sinter Gray,91,1.4639532566070557,1.8747056722640991,0.9477517942167465
Berea Sinter Gray,92,1.799674391746521,2.0895273685455322,0.9061360927052028
Berea Sinter Gray,93,2.1604197025299072,2.511970043182373,0.8968678682781406
Berea Sinter Gray,94,1.9220190048217773,2.2549850940704346,0.9017245818280346
Berea Sinter Gray,95,1.988073706626892,2.3700101375579834,0.8903196419027868
Berea Sinter Gray,96,3.7327463626861572,1.7179347276687622,0.820577968763428
Berea Sinter Gray,97,3.516540288925171,1.5771257877349854,0.8470047484539251
Berea Sinter Gray,98,3.4408702850341797,1.678739309310913,0.8472859434222045
Berea Sinter Gray,99,4.219187259674072,1.646811842918396,0.7811107370181433
Berea Sinter Gray,100,2.210479736328125,2.698867082595825,0.8791304080168957
Berea Sinter Gray,101,2.594614028930664,3.7809064388275146,0.8700593906888525
Berea Sinter Gray,102,2.687093734741211,3.6919896602630615,0.8696837931319132
Berea Sinter Gray,103,2.5556135177612305,3.6489791870117188,0.8779974869306157
Berea Sinter Gray,104,0.2768500745296478,1.1808035373687744,0.9634850600247121
Berea Sinter Gray,105,0.0849253460764885,1.4062047004699707,0.9624823598528411
Berea Sinter Gray,106,0.4003154933452606,1.6335197687149048,0.9558351482823294
Berea Sinter Gray,107,0.11551278084516525,1.329849123954773,0.9620878934774825
Berea Sinter Gray,108,1.6489015817642212,2.231093406677246,0.9496027784061046
Berea Sinter Gray,109,1.3974971771240234,1.9366159439086914,0.9568842947856849
Berea Sinter Gray,110,1.732683539390564,2.391951084136963,0.9411584016206991
Berea Sinter Gray,111,1.040518879890442,1.5775678157806396,0.9522992295249262
Berea Sinter Gray,112,0.2586527168750763,0.8739594221115112,0.9785825987337776
Berea Sinter Gray,113,0.3502519726753235,0.9596624970436096,0.9765291647839325
Berea Sinter Gray,114,0.6857386827468872,1.0620485544204712,0.97429161598153
Berea Sinter Gray,115,0.32938945293426514,0.9413254261016846,0.979018928253261
Berea Sinter Gray,116,0.06426440179347992,0.9377328753471375,0.9825572261176253
Berea Sinter Gray,117,0.07371678203344345,1.0293951034545898,0.9736416802664454
Berea Sinter Gray,118,0.1647314429283142,1.1712188720703125,0.9794100244663404
Berea Sinter Gray,119,0.040562547743320465,1.0284174680709839,0.9785924116446737
Berea Sinter Gray,120,4.164536476135254,2.648250102996826,0.7261342974399931
Berea Sinter Gray,121,4.3987812995910645,2.407536506652832,0.7033537708430113
Berea Sinter Gray,122,4.422104835510254,2.6682095527648926,0.6897477499239748
Berea Sinter Gray,123,4.413855075836182,2.636687755584717,0.6977176707086505
Berea Sinter Gray,124,1.2621105909347534,1.810654640197754,0.8577715389098319
Berea Sinter Gray,125,1.2361475229263306,1.9818332195281982,0.8528993070626453
Berea Sinter Gray,126,1.0596922636032104,1.7109428644180298,0.9014067073167333
Berea Sinter Gray,127,1.415907859802246,1.669793963432312,0.850098943597092
Berea Sinter Gray,128,1.6487582921981812,1.6043256521224976,0.9101565280728693
Berea Sinter Gray,129,1.574113368988037,1.5709234476089478,0.9191564001923049
Berea Sinter Gray,130,1.430688500404358,1.3211407661437988,0.9136395972405343
Berea Sinter Gray,131,1.5635510683059692,1.402406930923462,0.9101109870340829
Berea Sinter Gray,132,0.3111324608325958,1.2122948169708252,0.9776924503146662
Berea Sinter Gray,133,0.11744007468223572,1.0922260284423828,0.9785341935310556
Berea Sinter Gray,134,0.038693565875291824,0.9587801694869995,0.9800058256618686
Berea Sinter Gray,135,0.026956843212246895,1.1980340480804443,0.9748893898803882
Berea Sinter Gray,136,0.3873443901538849,2.1784160137176514,0.902241567214122
Berea Sinter Gray,137,0.5251302123069763,2.042896270751953,0.8968330957812731
Berea Sinter Gray,138,0.39184537529945374,1.8249573707580566,0.9230091997432166
Berea Sinter Gray,139,0.313330739736557,1.9972937107086182,0.9166817428602219
Berea Sinter Gray,140,0.24394088983535767,0.8732840418815613,0.986873651216761
Berea Sinter Gray,141,0.19396385550498962,0.8444206714630127,0.986716394204668
Berea Sinter Gray,142,0.29326489567756653,0.8587619662284851,0.9878917215324919
Berea Sinter Gray,143,0.30051520466804504,0.9741936922073364,0.9865964976670795
Berea Sinter Gray,144,0.05674351006746292,1.053878903388977,0.9769949976756627
Berea Sinter Gray,145,0.25846704840660095,1.1661653518676758,0.9734916020165693
Berea Sinter Gray,146,0.1436239778995514,1.0802720785140991,0.9732637969092652
Berea Sinter Gray,147,0.16675858199596405,1.1667629480361938,0.9676822990466418
Berea Sinter Gray,148,2.67927622795105,1.792428970336914,0.8805247454803633
Berea Sinter Gray,149,2.679070234298706,1.9220038652420044,0.8342592710290941
Berea Sinter Gray,150,2.954338312149048,1.9419519901275635,0.859802364647958
Berea Sinter Gray,151,2.822021961212158,1.7583633661270142,0.8670753831765459
Berea Sinter Gray,152,1.2297221422195435,2.1515583992004395,0.9710842559875372
Berea Sinter Gray,153,0.9143555760383606,1.6236578226089478,0.9733616064501214
Berea Sinter Gray,154,0.9803193211555481,1.9387246370315552,0.9699772791586626
Berea Sinter Gray,155,1.1737140417099,1.8342219591140747,0.9723866432316367
Berea Sinter Gray,156,0.2063395082950592,1.217302680015564,0.9712576731425153
Berea Sinter Gray,157,0.2639158070087433,1.3903597593307495,0.9624635228311081
Berea Sinter Gray,158,0.5504953861236572,1.2932093143463135,0.9561087974356753
Berea Sinter Gray,159,0.2506585717201233,1.3011125326156616,0.9658676812452194
Berea Sinter Gray,160,0.6111816167831421,1.675931453704834,0.9411282063318157
Berea Sinter Gray,161,0.7987925410270691,1.6754645109176636,0.9457299234518707
Berea Sinter Gray,162,0.6493263244628906,1.6179966926574707,0.9501396627624185
Berea Sinter Gray,163,0.5055946707725525,1.4275798797607422,0.9516201773163654
Berea Sinter Gray,164,0.2826046049594879,1.3288604021072388,0.935198949201597
Berea Sinter Gray,165,0.42210015654563904,1.4426355361938477,0.9347578455803757
Berea Sinter Gray,166,0.2710750699043274,1.7617640495300293,0.9161728110133017
Berea Sinter Gray,167,0.12626634538173676,1.5139001607894897,0.9229122803732267
Berea Sinter Gray,168,2.0702884197235107,2.673048496246338,0.9227831382338846
Berea Sinter Gray,169,2.5647659301757812,3.4198498725891113,0.9231122808762822
Berea Sinter Gray,170,2.091078281402588,2.8048784732818604,0.9323341888278468
Berea Sinter Gray,171,2.3880815505981445,3.0720760822296143,0.9224975012292876
Berea Sinter Gray,172,1.9262747764587402,3.218507766723633,0.9276709510084247
Berea Sinter Gray,173,2.2203004360198975,3.670055866241455,0.9062173992283556
Berea Sinter Gray,174,1.4151805639266968,2.6751327514648438,0.9283530701400329
Berea Sinter Gray,175,1.8066890239715576,3.310981512069702,0.899841838354749
Berea Sinter Gray,176,1.0328781604766846,1.185681700706482,0.9653880787535916
Berea Sinter Gray,177,0.8992931842803955,1.195542335510254,0.970941415033638
Berea Sinter Gray,178,0.7810875773429871,1.0253934860229492,0.9751108040485904
Berea Sinter Gray,179,0.779383659362793,1.0922092199325562,0.9732636634511024
Berea Sinter Gray,180,3.015713691711426,2.6473228931427,0.8904047718735536
Berea Sinter Gray,181,2.8132946491241455,2.583601951599121,0.9102128829295667
Berea Sinter Gray,182,2.7516427040100098,2.6001219749450684,0.8984639456644382
Berea Sinter Gray,183,2.944729804992676,2.7333738803863525,0.9064096579193343
Berea Sinter Gray,184,0.3158874213695526,1.0263450145721436,0.9678174014671418
Berea Sinter Gray,185,0.6740814447402954,1.2113583087921143,0.9663093376224755
Berea Sinter Gray,186,0.8385285139083862,1.2134333848953247,0.9704476065428982
Berea Sinter Gray,187,0.13442978262901306,1.0011658668518066,0.9673028985790417
Berea Sinter Gray,188,1.3678858280181885,1.7870160341262817,0.9277205385658555
Berea Sinter Gray,189,1.6948376893997192,1.8131084442138672,0.9281031949976372
Berea Sinter Gray,190,1.5945631265640259,1.7964084148406982,0.936754069140944
Berea Sinter Gray,191,1.4437569379806519,1.779019832611084,0.9299496633096421
Berea,0,1.547163724899292,2.141335964202881,0.9563124586567994
Berea,1,1.5418654680252075,2.205673933029175,0.9506073159664687
Berea,2,1.3833415508270264,2.005513906478882,0.9635711617176692
Berea,3,1.1499170064926147,1.7126191854476929,0.9687383181337706
Berea,4,0.12824328243732452,0.9264230728149414,0.9741375635116833
Berea,5,0.2520277500152588,0.8984301686286926,0.9758707094519296
Berea,6,0.24929136037826538,0.9031994938850403,0.9743707146399141
Berea,7,0.13323961198329926,1.0206791162490845,0.974213472360294
Berea,8,0.8554362654685974,1.6151518821716309,0.9628556025053034
Berea,9,0.8978773951530457,1.5857727527618408,0.9620184433475488
Berea,10,1.0697811841964722,1.6015819311141968,0.95330025165458
Berea,11,1.069661259651184,1.6351039409637451,0.9540169731636637
Berea,12,1.632422924041748,2.5747358798980713,0.9167719393169255
Berea,13,0.8443847894668579,1.7460236549377441,0.9269429200055113
Berea,14,1.1122779846191406,1.7351311445236206,0.9307852068130529
Berea,15,1.6804091930389404,2.303748369216919,0.9310122166053005
Berea,16,0.019377708435058594,1.171112060546875,0.966984262524926
Berea,17,0.286344975233078,1.0635688304901123,0.9738256883748296
Berea,18,0.2925284504890442,1.2040494680404663,0.9686211487572665
Berea,19,0.20561441779136658,0.977017879486084,0.974010282218958
Berea,20,0.16176675260066986,1.1861248016357422,0.9784622479654728
Berea,21,0.23113062977790833,1.1279542446136475,0.9781623722820445
Berea,22,0.1330806314945221,1.2635060548782349,0.9778889951978242
Berea,23,0.3147388696670532,1.1907072067260742,0.9758043695386074
Berea,24,0.8030875325202942,1.7450460195541382,0.9435777758410802
Berea,25,1.4777261018753052,2.1082143783569336,0.9107327443405695
Berea,26,0.49758628010749817,1.7088909149169922,0.940779247876756
Berea,27,0.7821527123451233,1.6271390914916992,0.9421706296035376
Berea,28,1.2971209287643433,1.1217913627624512,0.9673115124261574
Berea,29,1.245452880859375,1.2441465854644775,0.9660673339664612
Berea,30,1.2990477085113525,1.0993497371673584,0.9634999166704867
Berea,31,1.1651076078414917,1.119566559791565,0.9691497416469227
Berea,32,3.5352606773376465,2.815972328186035,0.7978684044627713
Berea,33,3.987457752227783,2.724454164505005,0.786796533291023
Berea,34,3.420107364654541,2.789903402328491,0.8118763032753439
Berea,35,3.8599464893341064,3.2764549255371094,0.8029103293017827
Berea,36,0.684648334980011,1.13865065574646,0.9548812945360732
Berea,37,0.7340309619903564,1.2014516592025757,0.9507505812978511
Berea,38,0.6490172743797302,1.2764465808868408,0.9384043723176958
Berea,39,0.684956967830658,1.2359282970428467,0.9404118179099127
Berea,40,0.5864967107772827,1.0978150367736816,0.9701234864632151
Berea,41,0.7678734660148621,0.9960722327232361,0.968786857000043
Berea,42,0.7619592547416687,1.1732099056243896,0.9707696489561567
Berea,43,0.6780453324317932,1.0103446245193481,0.96809829078267
Berea,44,0.034766584634780884,1.0327284336090088,0.9722949944206088
Berea,45,0.2363920658826828,0.971652090549469,0.9753465630754972
Berea,46,0.4047858417034149,1.2988957166671753,0.9687054673918378
Berea,47,0.1249355599284172,1.215368628501892,0.9707841075210801
Berea,48,0.8004255890846252,1.508739948272705,0.9641345905031771
Berea,49,0.8424829840660095,1.481030821800232,0.9598528058135785
Berea,50,0.8638771176338196,1.4238005876541138,0.96417627973254
Berea,51,1.067604660987854,1.6651901006698608,0.9604327982852078
Berea,52,2.3667612075805664,1.3883345127105713,0.9354160336769256
Berea,53,2.762417793273926,1.6579221487045288,0.9386639223437175
Berea,54,2.5365982055664062,1.492300271987915,0.9282804081893568
Berea,55,2.9012928009033203,1.502360463142395,0.9120868762077526
Berea,56,4.771804332733154,5.981605529785156,0.8762315075961475
Berea,57,4.563129901885986,5.6580400466918945,0.8795331937901448
Berea,58,5.189055919647217,6.701834201812744,0.856185541019406
Berea,59,4.509942054748535,5.628673553466797,0.877053658130665
Berea,60,0.3101311922073364,1.1088751554489136,0.9685011985179047
Berea,61,0.20425772666931152,1.1335166692733765,0.9652822850397516
Berea,62,0.44380658864974976,1.1963809728622437,0.9671218859467902
Berea,63,0.1951029896736145,1.126439094543457,0.9642789180455251
Berea,64,0.7685434818267822,1.3608932495117188,0.9637634348348756
Berea,65,0.6053735613822937,1.119079351425171,0.9657190508431996
Berea,66,0.8555077910423279,1.2312531471252441,0.9682983864923899
Berea,67,0.9675424695014954,1.4448713064193726,0.9638026910800332
Berea,68,0.4426659047603607,1.3513637781143188,0.9726703627271706
Berea,69,0.3123670518398285,1.42564857006073,0.9669830340963854
Berea,70,0.16158153116703033,1.3241702318191528,0.968898972624058
Berea,71,0.1535816341638565,1.0557905435562134,0.9711485416289819
Berea,72,0.2291259467601776,1.6792032718658447,0.8954309290301973
Berea,73,0.44229358434677124,1.7945829629898071,0.8926132746867241
Berea,74,0.718364953994751,1.7368314266204834,0.8860679590693866
Berea,75,0.616803765296936,1.663100004196167,0.900310263823436
Berea,76,0.5605157613754272,1.5417239665985107,0.9548199800111953
Berea,77,0.6724228858947754,1.66461181640625,0.954292880499516
Berea,78,0.24105019867420197,1.3528496026992798,0.9579370266250021
Berea,79,0.2814107835292816,1.3198295831680298,0.955099033244617
Berea,80,0.7230618000030518,1.4158257246017456,0.9611914584660727
Berea,81,0.3721686899662018,1.3001619577407837,0.9661014671812549
Berea,82,0.37382546067237854,1.1521599292755127,0.9657883340130323
Berea,83,0.6489414572715759,1.460277795791626,0.9605987899374308
Berea,84,2.5216922760009766,2.4583933353424072,0.8975258211797634
Berea,85,2.797309637069702,2.7172789573669434,0.8782336662146175
Berea,86,2.2595529556274414,2.3138906955718994,0.9009929958947306
Berea,87,2.191899061203003,2.0845649242401123,0.9227538587935583
Berea,88,1.88640558719635,2.1706581115722656,0.925362157664644
Berea,89,1.824539303779602,2.0601165294647217,0.9273208570638602
Berea,90,1.7693426609039307,2.0327236652374268,0.9206173358178427
Berea,91,1.8008596897125244,2.1220810413360596,0.9242448163191505
Berea,92,0.1731671690940857,0.8311657309532166,0.978822462036067
Berea,93,0.07740592211484909,0.7379529476165771,0.9787249258587946
Berea,94,0.2074272781610489,0.8041026592254639,0.9797488002048751
Berea,95,0.18556812405586243,0.7986667156219482,0.9803836262671333
Berea,96,2.2043120861053467,1.0915452241897583,0.8804494056448863
Berea,97,2.0104482173919678,1.0479109287261963,0.8968359088736275
Berea,98,2.3657867908477783,1.020263433456421,0.8597895327074555
Berea,99,2.2365758419036865,1.0539530515670776,0.8577571568098615
Berea,100,0.27167513966560364,1.0824840068817139,0.9752845378351117
Berea,101,0.15306060016155243,1.1411556005477905,0.9701865967895307
Berea,102,0.3119729459285736,1.0989629030227661,0.9770206347852386
Berea,103,0.08902323246002197,0.9675877094268799,0.9758350415777514
Berea,104,3.1433677673339844,4.048638820648193,0.8489718580502713
Berea,105,3.0265369415283203,3.864889621734619,0.8569656845708271
Berea,106,3.101318597793579,3.8620457649230957,0.8673710536661573
Berea,107,3.006714105606079,3.841829299926758,0.8566603446693668
Berea,108,0.3665494918823242,0.897042453289032,0.959425811905924
Berea,109,0.1052858978509903,0.9121218323707581,0.9720577334085825
Berea,110,0.1975329965353012,0.9595147371292114,0.9673108029672152
Berea,111,0.33060958981513977,0.9071995615959167,0.966871500122536
Berea,112,0.6084858179092407,1.2868928909301758,0.9740595770644315
Berea,113,0.37627238035202026,1.3105990886688232,0.9718664334108075
Berea,114,0.2633828818798065,1.0520918369293213,0.9752503427541551
Berea,115,0.2880159318447113,1.0902572870254517,0.9747897792747274
Berea,116,1.3380646705627441,1.7845683097839355,0.9300087003055797
Berea,117,1.230738639831543,1.6934523582458496,0.9218082101503046
Berea,118,1.4035392999649048,2.276148557662964,0.9187175979843014
Berea,119,1.3215405941009521,1.9670673608779907,0.9209227110873526
Berea,120,0.8255355358123779,1.099756121635437,0.9687143459720714
Berea,121,0.8423963785171509,1.0964442491531372,0.9665122934127677
Berea,122,0.8678735494613647,1.0527290105819702,0.9699862187889607
Berea,123,0.8318060636520386,1.0650979280471802,0.9677404350249563
Berea,124,0.06218039244413376,1.3931761980056763,0.952916033938832
Berea,125,0.5690253973007202,1.2405718564987183,0.9528183107874363
Berea,126,0.038473039865493774,1.2886199951171875,0.9523910779837964
Berea,127,0.2401174008846283,1.1025590896606445,0.9653877562893587
Berea,128,0.44436219334602356,1.4123578071594238,0.9608541814793188
Berea,129,0.44157660007476807,1.225922703742981,0.9664012894168876
Berea,130,0.5447618365287781,1.4888051748275757,0.9532894533408739
Berea,131,0.35273250937461853,1.3932183980941772,0.9609027998884752
Berea,132,0.0344739630818367,1.524054765701294,0.961994422751677
Berea,133,0.05002797767519951,1.384694218635559,0.9655522433403777
Berea,134,0.25476953387260437,1.3282666206359863,0.9700279410243178
Berea,135,0.1298523247241974,1.3431713581085205,0.9726264874151316
Berea,136,1.4733195304870605,1.4068090915679932,0.9117621082974986
Berea,137,1.5007991790771484,1.380899429321289,0.918534767272399
Berea,138,1.2550313472747803,1.3855209350585938,0.9231708798677187
Berea,139,1.327581763267517,1.2742904424667358,0.919823643405799
Berea,140,1.525596261024475,1.602002739906311,0.9375900495232949
Berea,141,1.5186485052108765,1.827488660812378,0.9392294382855843
Berea,142,1.4978430271148682,1.789964199066162,0.9299923452306845
Berea,143,1.4489308595657349,1.994227647781372,0.9356977814191941
Berea,144,0.19956979155540466,1.354649305343628,0.9628922684184925
Berea,145,0.10305564850568771,1.1520359516143799,0.9674035388657604
Berea,146,0.21588221192359924,1.280911922454834,0.9697190059074562
Berea,147,0.16546630859375,1.3885923624038696,0.9616495624455748
Berea,148,2.4865550994873047,2.3738605976104736,0.8948494865703844
Berea,149,2.549264907836914,2.149951696395874,0.9105324194226228
Berea,150,2.375790596008301,2.23966383934021,0.9094026656509718
Berea,151,2.6787800788879395,2.310641288757324,0.9038335071425951
Berea,152,0.48057636618614197,1.1458810567855835,0.973749562754197
Berea,153,0.5384781956672668,1.1739064455032349,0.9722212860196132
Berea,154,0.45348745584487915,1.1299567222595215,0.9726460671796497
Berea,155,0.5552414059638977,1.1556464433670044,0.9738500598696544
Berea,156,1.2089874744415283,1.734723687171936,0.9697529413472646
Berea,157,1.059903860092163,1.5791213512420654,0.9641802479112389
Berea,158,1.1168328523635864,1.6506673097610474,0.9623106015379257
Berea,159,1.0797816514968872,1.6408673524856567,0.9658245145942308
Berea,160,0.11521021276712418,1.5124348402023315,0.9650903289929984
Berea,161,0.02350074239075184,1.2324731349945068,0.972507926091101
Berea,162,0.19955162703990936,1.4111406803131104,0.957389269811687
Berea,163,0.16455334424972534,1.4680010080337524,0.9506288300265279
Berea,164,0.12733647227287292,1.7851248979568481,0.92267911436154
Berea,165,0.17877131700515747,1.5138099193572998,0.9352269082610137
Berea,166,0.18943998217582703,1.4035273790359497,0.9386980693519003
Berea,167,0.12471672892570496,1.7902781963348389,0.9253364737115504
Berea,168,0.5152329206466675,1.5281105041503906,0.9743237411019596
Berea,169,0.558874249458313,1.5478519201278687,0.9746259883005692
Berea,170,0.7189603447914124,1.7176663875579834,0.9709790184210358
Berea,171,0.7914549112319946,1.894473910331726,0.9684768675240827
Berea,172,0.5995908975601196,1.410941243171692,0.9565659046982543
Berea,173,0.18027332425117493,1.1072536706924438,0.9563053361472483
Berea,174,0.529030442237854,1.4662373065948486,0.955703250578846
Berea,175,0.4329656660556793,1.2922359704971313,0.9596385102985241
Berea,176,0.5181381702423096,0.907660961151123,0.9617384918639252
Berea,177,0.2667824625968933,0.9268649816513062,0.9649799501970823
Berea,178,0.16320593655109406,0.9020552039146423,0.9688919043936444
Berea,179,0.4017001688480377,0.7484089732170105,0.9705855344586038
Berea,180,0.6182006597518921,0.9135510921478271,0.9674072605934527
Berea,181,0.8426244258880615,1.0672435760498047,0.9703432564347795
Berea,182,0.7990670800209045,0.8987460136413574,0.9719330682544582
Berea,183,1.0128757953643799,1.05442214012146,0.9680862498424703
Berea,184,0.57330322265625,1.1322076320648193,0.9566511966186991
Berea,185,0.22874143719673157,1.0765101909637451,0.9537396517785366
Berea,186,0.6324204802513123,1.0838617086410522,0.9564263447197404
Berea,187,0.07292050123214722,1.0858750343322754,0.9561271185726221
Berea,188,0.012339086271822453,0.9213789701461792,0.9765082661156126
Berea,189,0.30100539326667786,0.9264620542526245,0.9737851439653209
Berea,190,0.2399698942899704,1.0732884407043457,0.9706307251351314
Berea,191,0.2381432205438614,0.8252713680267334,0.9742086876968856
Berea,192,0.5836227536201477,1.928411602973938,0.9665555617698666
Berea,193,0.6674594283103943,2.0763344764709473,0.9617972655765819
Berea,194,0.9347356557846069,2.26332950592041,0.9637884214828012
Berea,195,0.6797179579734802,1.9542311429977417,0.965437522871838
Berea,196,0.09235499054193497,1.8543351888656616,0.956417200478263
Berea,197,0.2023385614156723,1.9660918712615967,0.9544201928918133
Berea,198,0.19783611595630646,1.8177754878997803,0.9573905858252095
Berea,199,0.14494426548480988,1.9930896759033203,0.9488999892539619
Berea,200,0.20994453132152557,1.224045991897583,0.9687996167825409
Berea,201,0.6851288080215454,1.5076014995574951,0.9683812470932018
Berea,202,0.6007344126701355,1.215996265411377,0.9739302591079126
Berea,203,0.32112056016921997,1.2742087841033936,0.9701123555852728
Berea,204,0.8351216912269592,1.2540488243103027,0.9736459271498764
Berea,205,0.6493375897407532,0.9796145558357239,0.9773479647710342
Berea,206,0.6654337048530579,0.9890271425247192,0.9762939914587707
Berea,207,0.5938441157341003,1.0461243391036987,0.9746647582148014
Berea,208,2.391735315322876,2.365908145904541,0.88884150920294
Berea,209,2.381362199783325,2.245094060897827,0.8941027105586129
Berea,210,2.6519370079040527,2.5538883209228516,0.882163548945332
Berea,211,2.2557828426361084,2.2651264667510986,0.899722782465005
Berea,212,0.6010226011276245,1.3328195810317993,0.9702452612040633
Berea,213,0.514151930809021,1.255347728729248,0.9730088384559211
Berea,214,0.4798477590084076,1.1565232276916504,0.9737551688668491
Berea,215,0.6295855641365051,1.3506736755371094,0.9692574376838075
Berea,216,0.2855524718761444,1.5058659315109253,0.9635918004333607
Berea,217,0.3256344497203827,1.5301843881607056,0.9633812743467403
Berea,218,0.40223604440689087,1.5211979150772095,0.9656815221479385
Berea,219,0.3871082067489624,1.5820070505142212,0.9598647404817224
Berea,220,1.3403410911560059,1.652073860168457,0.9114647912485804
Berea,221,1.304329752922058,2.036135673522949,0.9154476124618145
Berea,222,0.9898481369018555,2.0105531215667725,0.9142563567652001
Berea,223,1.0595091581344604,1.6202788352966309,0.9287841425654291
