Dataset,Sample_Index,Bias_Error_,Magnitude_Error_,Correlation
Spherical Pores,0,17.08460807800293,31.723196029663086,0.8671438609513794
Spherical Pores,1,17.366178512573242,33.48737716674805,0.8547646193262446
Spherical Pores,2,15.053105354309082,33.33061981201172,0.8505481475021777
Spherical Pores,3,16.784666061401367,32.12459945678711,0.8588330578162837
Spherical Pores,4,7.725635528564453,31.42445945739746,0.9057563255015689
Spherical Pores,5,8.845072746276855,32.05065155029297,0.9039609618142128
Spherical Pores,6,9.255370140075684,32.384727478027344,0.8942188347585074
Spherical Pores,7,9.02785873413086,30.59995460510254,0.9035220753432952
Spherical Pores,8,16.247121810913086,38.2747688293457,0.9057534220090456
Spherical Pores,9,17.816970825195312,40.73442459106445,0.9005856044780188
Spherical Pores,10,18.607345581054688,39.62205123901367,0.9068051162229517
Spherical Pores,11,19.86158561706543,40.601898193359375,0.9059928984981951
Spherical Pores,12,16.280879974365234,39.6451301574707,0.8549452892767126
Spherical Pores,13,14.67326831817627,38.34659194946289,0.8800962763568496
Spherical Pores,14,16.984371185302734,40.71552658081055,0.8624300637098621
Spherical Pores,15,16.57707977294922,39.119022369384766,0.8698162842927406
Spherical Pores,16,6.823616981506348,35.51382064819336,0.8780647996698839
Spherical Pores,17,2.1820452213287354,36.805335998535156,0.8688388132155656
Spherical Pores,18,6.050537586212158,36.576141357421875,0.8617833087470868
Spherical Pores,19,4.493566513061523,34.5368537902832,0.8776013056433427
Spherical Pores,20,4.366917133331299,31.802404403686523,0.9186581698516749
Spherical Pores,21,4.1926984786987305,31.381441116333008,0.9130724833729221
Spherical Pores,22,7.9065680503845215,33.43215560913086,0.9222240594765437
Spherical Pores,23,7.324836254119873,32.962562561035156,0.9198087067517656
Spherical Pores,24,19.47802734375,41.04496765136719,0.8142859785263888
Spherical Pores,25,22.062471389770508,44.80803298950195,0.793153919225944
Spherical Pores,26,26.043701171875,41.47374725341797,0.8213654260118065
Spherical Pores,27,22.249711990356445,44.58891677856445,0.8035602024250094
Spherical Pores,28,43.129913330078125,36.18471908569336,0.8971536073420241
Spherical Pores,29,42.482666015625,37.61679458618164,0.895391940030147
Spherical Pores,30,41.538814544677734,35.42674255371094,0.89460624820643
Spherical Pores,31,40.51104736328125,31.53257942199707,0.9130561105759462
Spherical Pores,32,1.6245073080062866,23.823808670043945,0.9418969348451453
Spherical Pores,33,0.9837095141410828,24.122190475463867,0.941687059477978
Spherical Pores,34,0.8801239728927612,24.08449935913086,0.9401957955861904
Spherical Pores,35,1.7208272218704224,25.873821258544922,0.9337454615637522
Spherical Pores,36,2.03720760345459,24.365942001342773,0.9393791496984543
Spherical Pores,37,3.286433458328247,22.6568546295166,0.9440546046722244
Spherical Pores,38,3.9042863845825195,24.151315689086914,0.9412423691598196
Spherical Pores,39,3.771393060684204,23.885513305664062,0.9433341906633859
Spherical Pores,40,3.0743231773376465,26.07547950744629,0.9339813253143509
Spherical Pores,41,3.522634506225586,24.021286010742188,0.9418934812154658
Spherical Pores,42,0.40179523825645447,25.122825622558594,0.9373310513954681
Spherical Pores,43,1.825952410697937,25.37114715576172,0.9363106061543661
Spherical Pores,44,18.09626579284668,27.284923553466797,0.9543996609174912
Spherical Pores,45,19.803600311279297,29.29305648803711,0.9488855901962836
Spherical Pores,46,20.283647537231445,29.633270263671875,0.9501843151630366
Spherical Pores,47,20.737205505371094,28.554550170898438,0.9552057250612811
Spherical Pores,48,18.071279525756836,29.46764373779297,0.9271330324731357
Spherical Pores,49,16.789052963256836,28.252084732055664,0.9248469846216341
Spherical Pores,50,15.903056144714355,28.862592697143555,0.9166394865832629
Spherical Pores,51,17.108858108520508,31.012226104736328,0.906081956472993
Spherical Pores,52,10.386058807373047,19.32622718811035,0.9690185711529555
Spherical Pores,53,8.85411548614502,22.205015182495117,0.962940529230387
Spherical Pores,54,12.460152626037598,19.634803771972656,0.9693087661364257
Spherical Pores,55,9.687292098999023,19.527978897094727,0.9680455966205288
Spherical Pores,56,20.77923011779785,27.60654640197754,0.943808877369941
Spherical Pores,57,23.559518814086914,29.77141761779785,0.9383287871607248
Spherical Pores,58,24.21971893310547,29.50467300415039,0.9383518835453581
Spherical Pores,59,21.154983520507812,28.91701889038086,0.9324671437528527
Spherical Pores,60,12.627553939819336,28.892316818237305,0.9330348194521407
Spherical Pores,61,12.296292304992676,30.498884201049805,0.9291370385608002
Spherical Pores,62,14.772977828979492,28.911317825317383,0.9295893025549173
Spherical Pores,63,19.136018753051758,32.17736053466797,0.9210551903662713
Spherical Pores,64,36.201602935791016,30.256824493408203,0.9568186005038786
Spherical Pores,65,36.66567611694336,30.68706703186035,0.9566695781900507
Spherical Pores,66,36.54368591308594,30.304824829101562,0.9583645514592962
Spherical Pores,67,36.432228088378906,30.396780014038086,0.9564840161958078
Spherical Pores,68,23.247337341308594,20.826698303222656,0.9629287918246123
Spherical Pores,69,23.832622528076172,21.26200294494629,0.961938692394551
Spherical Pores,70,23.94608497619629,21.097572326660156,0.9636400620108426
Spherical Pores,71,23.432363510131836,20.89109992980957,0.962361279421221
Spherical Pores,72,18.657716751098633,20.369033813476562,0.9603169681482863
Spherical Pores,73,18.072214126586914,20.167734146118164,0.9605299406836757
Spherical Pores,74,18.51339340209961,20.62099266052246,0.9590315614867021
Spherical Pores,75,17.799362182617188,20.01552963256836,0.9626546357738234
Spherical Pores,76,27.73240089416504,22.758848190307617,0.9644199350821103
Spherical Pores,77,27.999460220336914,22.862756729125977,0.9658280041107088
Spherical Pores,78,25.438268661499023,20.58826446533203,0.9645745288064237
Spherical Pores,79,27.33730697631836,22.971416473388672,0.9624433039438159
Spherical Pores,80,24.946226119995117,23.48328399658203,0.9720542343134141
Spherical Pores,81,24.511987686157227,22.624378204345703,0.9708708672191207
Spherical Pores,82,25.31438636779785,23.408143997192383,0.9707091592121081
Spherical Pores,83,25.11563491821289,23.910444259643555,0.968842139006062
Spherical Pores,84,33.09322738647461,26.441926956176758,0.9760608444010473
Spherical Pores,85,32.338802337646484,25.400074005126953,0.9754562577233381
Spherical Pores,86,34.1184196472168,27.510889053344727,0.9751152210423123
Spherical Pores,87,32.42931365966797,25.188125610351562,0.975776308361497
Spherical Pores,88,23.930028915405273,24.93336296081543,0.9678580302586473
Spherical Pores,89,20.268632888793945,20.82550811767578,0.974086137955088
Spherical Pores,90,23.107921600341797,23.540241241455078,0.9674541645896902
Spherical Pores,91,24.697586059570312,25.271032333374023,0.9638513315889814
Spherical Pores,92,11.568120956420898,20.703092575073242,0.9616046946430306
Spherical Pores,93,13.275561332702637,21.698780059814453,0.9585467527613545
Spherical Pores,94,11.886396408081055,19.304468154907227,0.9673155511947281
Spherical Pores,95,11.928205490112305,20.008121490478516,0.9647624835748497
Spherical Pores,96,45.085182189941406,28.25879669189453,0.9725745657885919
Spherical Pores,97,45.37830352783203,28.66617774963379,0.9730947200860757
Spherical Pores,98,45.22721481323242,28.40031623840332,0.9720972057999091
Spherical Pores,99,44.79304504394531,27.857030868530273,0.9726573316056353
Spherical Pores,100,52.78889846801758,37.104209899902344,0.9781340078016335
Spherical Pores,101,53.17624282836914,37.6739616394043,0.9785735528918439
Spherical Pores,102,53.02887725830078,37.396732330322266,0.9790113957216248
Spherical Pores,103,52.98817825317383,37.24069595336914,0.9784656389396271
Spherical Pores,104,47.35944747924805,28.856081008911133,0.9826180164708598
Spherical Pores,105,46.97071075439453,28.116069793701172,0.9825092096166543
Spherical Pores,106,47.05402755737305,28.69182014465332,0.9808567945418368
Spherical Pores,107,47.16924285888672,28.69356346130371,0.9809831855572981
Spherical Pores,108,44.05005645751953,27.880727767944336,0.9771346894732399
Spherical Pores,109,43.73870086669922,27.670940399169922,0.978980647597042
Spherical Pores,110,44.2939338684082,28.594018936157227,0.9778104786054105
Spherical Pores,111,43.3013801574707,27.462339401245117,0.9780254776467355
Spherical Pores,112,42.91353988647461,26.616077423095703,0.9555415560576039
Spherical Pores,113,42.99532699584961,26.78020668029785,0.9588530232574867
Spherical Pores,114,42.503990173339844,27.475208282470703,0.9520916218016522
Spherical Pores,115,43.623748779296875,28.08446502685547,0.9537988400978081
Spherical Pores,116,49.40496063232422,33.85493087768555,0.9794802610703571
Spherical Pores,117,49.67552947998047,34.58584976196289,0.9763293668859563
Spherical Pores,118,49.327919006347656,33.83442306518555,0.9818997207468746
Spherical Pores,119,48.78274917602539,33.01042556762695,0.9807790220778966
Spherical Pores,120,40.994014739990234,27.306224822998047,0.9749005203426163
Spherical Pores,121,40.728668212890625,27.217166900634766,0.9676133786238778
Spherical Pores,122,41.75728988647461,28.259157180786133,0.971766773010453
Spherical Pores,123,41.87456512451172,28.589052200317383,0.9715204201258263
Spherical Pores,124,52.77172088623047,37.409141540527344,0.9843404459016987
Spherical Pores,125,53.32086181640625,38.23336410522461,0.9824413432736512
Spherical Pores,126,52.99297332763672,37.531455993652344,0.9838174324778052
Spherical Pores,127,52.995567321777344,37.739845275878906,0.9847669928899672
Spherical Grains,0,49.812355041503906,56.3065185546875,0.807923116830475
Spherical Grains,1,47.81975173950195,55.512611389160156,0.8020870633919531
Spherical Grains,2,49.9754753112793,58.0843391418457,0.7851575174632768
Spherical Grains,3,47.84357833862305,55.207313537597656,0.8133743719046221
Spherical Grains,4,14.501927375793457,40.51462936401367,0.8385074300884613
Spherical Grains,5,14.401480674743652,40.26984405517578,0.8490836072776589
Spherical Grains,6,19.724515914916992,41.516475677490234,0.8412400531178061
Spherical Grains,7,16.73509407043457,39.74203109741211,0.852152469519428
Spherical Grains,8,37.16762924194336,53.63008117675781,0.799781554180412
Spherical Grains,9,36.504722595214844,52.93623352050781,0.8030297241189224
Spherical Grains,10,30.37244987487793,50.24294662475586,0.8135148626270295
Spherical Grains,11,33.24847412109375,52.04546356201172,0.7813846377057251
Spherical Grains,12,82.85133361816406,97.54572296142578,0.7095796918135729
Spherical Grains,13,83.26490020751953,105.40067291259766,0.6568460412952458
Spherical Grains,14,75.97882843017578,97.99559020996094,0.6798238792726752
Spherical Grains,15,77.95435333251953,98.34171295166016,0.6477247206550409
Spherical Grains,16,97.12113189697266,95.7029037475586,0.6088910952755526
Spherical Grains,17,110.4885482788086,102.45112609863281,0.6378787748066373
Spherical Grains,18,123.33959197998047,112.98649597167969,0.6853904973627399
Spherical Grains,19,107.26034545898438,103.16886138916016,0.6614298657574322
Spherical Grains,20,51.458797454833984,56.29854965209961,0.8916965994367275
Spherical Grains,21,52.05690002441406,57.05701446533203,0.8880512149013525
Spherical Grains,22,52.97330093383789,57.638614654541016,0.9048296095240953
Spherical Grains,23,50.95124053955078,55.794105529785156,0.8770941131370587
Spherical Grains,24,2187.28125,1408.798095703125,0.16642738565701906
Spherical Grains,25,2063.3515625,1371.8905029296875,0.14231602773907703
Spherical Grains,26,2264.31591796875,1433.898681640625,0.1464330632998911
Spherical Grains,27,2280.161865234375,1536.270263671875,0.18669418732833312
Spherical Grains,28,97.63616943359375,66.54285430908203,0.507356243168637
Spherical Grains,29,99.71276092529297,71.86277770996094,0.5536167914489346
Spherical Grains,30,115.39682006835938,74.78929901123047,0.47944765313426163
Spherical Grains,31,101.9679946899414,67.83338928222656,0.5261244963293956
Spherical Grains,32,37.15909957885742,73.95545196533203,0.5927233247116795
Spherical Grains,33,29.93889045715332,78.59516143798828,0.5673445394849008
Spherical Grains,34,34.100181579589844,78.29180145263672,0.5925517651536529
Spherical Grains,35,30.27273941040039,72.30252838134766,0.5950652744775904
Spherical Grains,36,11.766927719116211,57.37575149536133,0.7533037999421974
Spherical Grains,37,11.345098495483398,56.49364471435547,0.7384148173739938
Spherical Grains,38,10.726852416992188,57.03013229370117,0.7668990742932156
Spherical Grains,39,6.866971969604492,57.230194091796875,0.7751574127140132
Spherical Grains,40,51.68544387817383,57.94895935058594,0.6392151160569094
Spherical Grains,41,51.658607482910156,60.37485885620117,0.5767864425207004
Spherical Grains,42,51.761653900146484,60.94301986694336,0.5855475156507776
Spherical Grains,43,50.057350158691406,58.53738784790039,0.6190906618683253
Spherical Grains,44,49.98261642456055,64.3032455444336,0.7833194093516304
Spherical Grains,45,46.63911819458008,66.18212890625,0.7715231628935084
Spherical Grains,46,35.985008239746094,60.25128936767578,0.7742091093020682
Spherical Grains,47,41.746219635009766,62.95820617675781,0.7690593182446593
Spherical Grains,48,36.89492416381836,55.431068420410156,0.7203054881736355
Spherical Grains,49,41.439674377441406,61.02489471435547,0.6685263293444415
Spherical Grains,50,36.897796630859375,58.093421936035156,0.6909025528308549
Spherical Grains,51,42.55906295776367,60.91068649291992,0.6503122393521623
Spherical Grains,52,44.848487854003906,53.9287223815918,0.7558239629431451
Spherical Grains,53,45.153953552246094,53.26706314086914,0.7695054807611614
Spherical Grains,54,41.903907775878906,51.90842819213867,0.7625856127975389
Spherical Grains,55,44.091495513916016,54.47642517089844,0.747068375890854
Spherical Grains,56,48.80289077758789,52.947391510009766,0.8430296712689724
Spherical Grains,57,50.90415573120117,54.698062896728516,0.8436596696236843
Spherical Grains,58,49.7574577331543,53.84990692138672,0.850652390573895
Spherical Grains,59,50.43074417114258,53.90711212158203,0.8523180271442065
Spherical Grains,60,1205.572998046875,492.6867370605469,0.3326573908906527
Spherical Grains,61,1261.529541015625,541.802490234375,0.3797182240450061
Spherical Grains,62,1293.0206298828125,496.9867858886719,0.3153459190722674
Spherical Grains,63,1326.2884521484375,533.7374267578125,0.40350175998272786
Spherical Grains,64,12.132647514343262,43.21540069580078,0.8369992720494477
Spherical Grains,65,10.87718391418457,39.966793060302734,0.8600023898796287
Spherical Grains,66,12.47347640991211,42.347164154052734,0.8413618101449937
Spherical Grains,67,14.783636093139648,41.94873046875,0.8578608093721758
Spherical Grains,68,43.6136474609375,49.8646354675293,0.8869595239325073
Spherical Grains,69,45.4719352722168,50.91390609741211,0.895649215908832
Spherical Grains,70,44.361488342285156,50.329559326171875,0.8930051410175015
Spherical Grains,71,43.51449203491211,48.88959503173828,0.9073588265934426
Spherical Grains,72,55.94581985473633,60.422115325927734,0.7419418876638016
Spherical Grains,73,55.01922607421875,59.72903823852539,0.7333492500450524
Spherical Grains,74,55.850582122802734,60.62193298339844,0.7213123617535743
Spherical Grains,75,55.28907775878906,60.48982620239258,0.7518048617435487
Spherical Grains,76,57.31184387207031,59.89598083496094,0.8047126518259867
Spherical Grains,77,59.434879302978516,61.8310546875,0.8505897332852074
Spherical Grains,78,57.32988357543945,60.81680679321289,0.8003652792800882
Spherical Grains,79,57.225318908691406,59.53447723388672,0.8524485383129995
Spherical Grains,80,43.8221549987793,48.875579833984375,0.9070417155014642
Spherical Grains,81,42.763790130615234,47.838829040527344,0.9269468840126891
Spherical Grains,82,48.004425048828125,52.96635437011719,0.9183097280653122
Spherical Grains,83,46.17696762084961,52.06845474243164,0.9128827291155798
Spherical Grains,84,20.947860717773438,57.790035247802734,0.7137782851627339
Spherical Grains,85,23.430437088012695,60.36362075805664,0.7181402675620142
Spherical Grains,86,23.910259246826172,58.02930450439453,0.7181623881988047
Spherical Grains,87,26.600282669067383,55.17619323730469,0.7511230257408115
Spherical Grains,88,49.875732421875,57.83782196044922,0.8986524624992221
Spherical Grains,89,49.12701416015625,57.01766586303711,0.9076182369668276
Spherical Grains,90,48.64142990112305,56.464473724365234,0.919915065662306
Spherical Grains,91,50.842018127441406,57.29976272583008,0.9155908634867604
Spherical Grains,92,30.817100524902344,43.466209411621094,0.8658895161073416
Spherical Grains,93,31.305936813354492,44.62379837036133,0.8446615173953693
Spherical Grains,94,30.265199661254883,45.14237594604492,0.8186560311323339
Spherical Grains,95,35.69835662841797,47.59902572631836,0.8389214925972568
Spherical Grains,96,32.300846099853516,35.16434097290039,0.9324487493996751
Spherical Grains,97,31.764022827148438,34.61976623535156,0.9348767373198279
Spherical Grains,98,33.3177490234375,36.096866607666016,0.9204572188314769
Spherical Grains,99,32.80427551269531,35.38334655761719,0.9266284282951741
Spherical Grains,100,45.33318328857422,50.495540618896484,0.8828864758275133
Spherical Grains,101,44.32068634033203,50.53416061401367,0.8642741472948223
Spherical Grains,102,42.17445373535156,47.835662841796875,0.8738583729277427
Spherical Grains,103,43.853790283203125,49.767093658447266,0.8584137973053901
Spherical Grains,104,20.37862777709961,29.948928833007812,0.916072158070953
Spherical Grains,105,23.106868743896484,30.65169334411621,0.9263192983848292
Spherical Grains,106,24.833227157592773,32.66573715209961,0.9178267437536181
Spherical Grains,107,22.0260066986084,31.53937530517578,0.9136958254762596
Spherical Grains,108,34.91141128540039,42.81562042236328,0.8469627693562025
Spherical Grains,109,34.24469757080078,41.1206169128418,0.8524766515006099
Spherical Grains,110,36.250545501708984,43.04671096801758,0.8453796638830213
Spherical Grains,111,34.617332458496094,41.918636322021484,0.8467325365990969
Spherical Grains,112,45.03525161743164,47.12820053100586,0.9557933927488549
Spherical Grains,113,43.01750183105469,45.36588668823242,0.9453140420919756
Spherical Grains,114,44.76511764526367,47.38845443725586,0.9516127849459078
Spherical Grains,115,45.55514144897461,48.51259231567383,0.9494591912095393
Spherical Grains,116,39.12973403930664,41.6046028137207,0.8993243234385386
Spherical Grains,117,38.9219856262207,41.04316329956055,0.9045102688647706
Spherical Grains,118,39.371864318847656,41.484405517578125,0.9037365052131604
Spherical Grains,119,37.521759033203125,39.625732421875,0.9008799159854004
Spherical Grains,120,24.915428161621094,44.43608093261719,0.7924139826899944
Spherical Grains,121,23.792160034179688,40.3711051940918,0.818344541100672
Spherical Grains,122,25.714431762695312,42.70423126220703,0.8243134019140107
Spherical Grains,123,21.09758186340332,37.20570755004883,0.8531736338448419
Spherical Grains,124,49.76100540161133,54.88054656982422,0.8755000578128487
Spherical Grains,125,49.525203704833984,53.68301010131836,0.900591737062389
Spherical Grains,126,51.34485626220703,55.360557556152344,0.8683820720206233
Spherical Grains,127,50.80605697631836,54.88467788696289,0.8957985177554355
Cylindrical Pores,0,52.080814361572266,53.099769592285156,0.9101296444267131
Cylindrical Pores,1,54.75179672241211,56.70001983642578,0.9032996892074239
Cylindrical Pores,2,55.86228561401367,56.907344818115234,0.893900672967928
Cylindrical Pores,3,53.97108459472656,56.03112030029297,0.9041452971511792
Cylindrical Pores,4,60.69401550292969,78.7855453491211,0.6311756539006025
Cylindrical Pores,5,55.94306945800781,73.51737213134766,0.6698023047527144
Cylindrical Pores,6,59.67576599121094,75.3658447265625,0.6795935893395624
Cylindrical Pores,7,64.16070556640625,79.86058807373047,0.6509551410335138
Cylindrical Pores,8,59.09221267700195,62.89698791503906,0.8856217705715831
Cylindrical Pores,9,56.65134811401367,58.79066848754883,0.9201668987811309
Cylindrical Pores,10,58.02482986450195,61.37218475341797,0.9194217600263019
Cylindrical Pores,11,58.852508544921875,60.1923942565918,0.8903717382564331
Cylindrical Pores,12,38.608489990234375,46.446128845214844,0.8638911211660533
Cylindrical Pores,13,41.3237190246582,49.762611389160156,0.8433724278216124
Cylindrical Pores,14,35.13209915161133,48.60029220581055,0.8125704253352342
Cylindrical Pores,15,34.59695053100586,45.5959587097168,0.8571240773122825
Cylindrical Pores,16,59.56024932861328,71.24065399169922,0.7340590140561001
Cylindrical Pores,17,58.09379577636719,70.4177474975586,0.728840645982484
Cylindrical Pores,18,55.31678771972656,68.08892059326172,0.7540852440383997
Cylindrical Pores,19,53.7299919128418,66.92540740966797,0.7648366654793143
Cylindrical Pores,20,58.273460388183594,55.270118713378906,0.8970213361829603
Cylindrical Pores,21,60.38017654418945,59.20220947265625,0.8312198054565298
Cylindrical Pores,22,57.53904342651367,56.04259490966797,0.8842878884531046
Cylindrical Pores,23,56.62771987915039,53.9732551574707,0.9017958036360051
Cylindrical Pores,24,60.35966110229492,63.197818756103516,0.960133446668265
Cylindrical Pores,25,59.64021682739258,62.87923049926758,0.9512613926051907
Cylindrical Pores,26,60.453697204589844,63.70817947387695,0.9525801372058118
Cylindrical Pores,27,59.53844451904297,62.8696403503418,0.9571645717899094
Cylindrical Pores,28,42.939979553222656,42.526309967041016,0.6875214364630889
Cylindrical Pores,29,41.66173553466797,42.20597839355469,0.7123227210173432
Cylindrical Pores,30,40.80342483520508,44.1619873046875,0.6992524325800813
Cylindrical Pores,31,50.362918853759766,44.84658432006836,0.6868052244192312
Cylindrical Pores,32,20.88053321838379,65.09722137451172,0.6091293753431628
Cylindrical Pores,33,22.446664810180664,61.492530822753906,0.7013699308757926
Cylindrical Pores,34,19.910200119018555,62.01701354980469,0.7047988889828093
Cylindrical Pores,35,20.69841766357422,60.59921646118164,0.665743216812968
Cylindrical Pores,36,33.45316696166992,49.96590042114258,0.7951398752243042
Cylindrical Pores,37,36.58448028564453,50.87875747680664,0.7992849673581482
Cylindrical Pores,38,37.7051887512207,52.62608337402344,0.7983716508645677
Cylindrical Pores,39,34.18745803833008,51.15199661254883,0.784576799898794
Cylindrical Pores,40,149.680419921875,35.03489303588867,0.47578183156899057
Cylindrical Pores,41,142.04933166503906,36.670982360839844,0.4190160846070594
Cylindrical Pores,42,142.9887237548828,33.28690719604492,0.48387517156395604
Cylindrical Pores,43,143.5386505126953,34.627471923828125,0.44272362228320605
Cylindrical Pores,44,39.05232620239258,75.11534118652344,0.5177795816111419
Cylindrical Pores,45,36.374114990234375,72.0794906616211,0.5732420153629655
Cylindrical Pores,46,41.86114501953125,76.10558319091797,0.539686953713637
Cylindrical Pores,47,37.35685729980469,73.08323669433594,0.5800728031615972
Cylindrical Pores,48,8.656930923461914,39.076900482177734,0.8353017379958236
Cylindrical Pores,49,8.297423362731934,38.16997528076172,0.8443532172227434
Cylindrical Pores,50,0.9112679362297058,36.49627685546875,0.8389717647934816
Cylindrical Pores,51,6.60237979888916,34.67730712890625,0.843671834391037
Cylindrical Pores,52,4.082370281219482,32.335533142089844,0.8426835911535628
Cylindrical Pores,53,8.266561508178711,34.12073516845703,0.8295838556738702
Cylindrical Pores,54,6.148405075073242,31.17540740966797,0.8296042029853732
Cylindrical Pores,55,14.290715217590332,36.07735061645508,0.8273915173249743
Cylindrical Pores,56,44.77408218383789,49.51521682739258,0.9152559897441728
Cylindrical Pores,57,46.36763000488281,50.21391296386719,0.9227410887491688
Cylindrical Pores,58,45.651676177978516,50.38045883178711,0.9251664471201455
Cylindrical Pores,59,44.12694549560547,48.67030715942383,0.9340695760912551
Cylindrical Pores,60,48.91314697265625,51.676170349121094,0.9553064666672683
Cylindrical Pores,61,50.43880844116211,53.18506622314453,0.9555745149588071
Cylindrical Pores,62,47.91005325317383,50.866981506347656,0.949267644842195
Cylindrical Pores,63,47.5557861328125,50.205570220947266,0.95140710284485
Cylindrical Pores,64,65.11711883544922,61.72861099243164,0.8602518154092772
Cylindrical Pores,65,66.21038818359375,59.07154846191406,0.8496513572195697
Cylindrical Pores,66,61.9655647277832,52.86844253540039,0.8478809446373174
Cylindrical Pores,67,74.83309173583984,69.41627502441406,0.8149939208636124
Cylindrical Pores,68,19.128623962402344,44.46025848388672,0.7423021361459599
Cylindrical Pores,69,21.254892349243164,46.501399993896484,0.7546499251588265
Cylindrical Pores,70,19.918743133544922,44.397491455078125,0.7633212400454378
Cylindrical Pores,71,18.665958404541016,49.754032135009766,0.7003071365500574
Cylindrical Pores,72,22.821619033813477,27.333974838256836,0.9661073469912842
Cylindrical Pores,73,23.084487915039062,27.140628814697266,0.969317359589121
Cylindrical Pores,74,22.096256256103516,27.00754165649414,0.9671610993170024
Cylindrical Pores,75,21.57817840576172,26.903772354125977,0.9656782626795289
Cylindrical Pores,76,28.364355087280273,33.28250503540039,0.916119115655811
Cylindrical Pores,77,27.285037994384766,32.81681823730469,0.9094310555281674
Cylindrical Pores,78,29.21633529663086,33.57734298706055,0.9297533791542364
Cylindrical Pores,79,27.8303165435791,32.70553207397461,0.9288526165665
Cylindrical Pores,80,36.74081802368164,39.99187088012695,0.9619400792274094
Cylindrical Pores,81,37.0097770690918,39.81472396850586,0.9722774624638117
Cylindrical Pores,82,36.236785888671875,39.540340423583984,0.9630970817794668
Cylindrical Pores,83,33.941551208496094,37.01655578613281,0.9654901984309198
Cylindrical Pores,84,47.86283493041992,47.96541976928711,0.9759963778985155
Cylindrical Pores,85,49.02885437011719,49.792415618896484,0.9661858918570393
Cylindrical Pores,86,49.750701904296875,50.659053802490234,0.9674550410730334
Cylindrical Pores,87,47.95151901245117,48.86038589477539,0.9671830866149399
Cylindrical Pores,88,3.807302236557007,40.39820861816406,0.7383107779434855
Cylindrical Pores,89,0.26124757528305054,36.169334411621094,0.7688886704481535
Cylindrical Pores,90,2.1300148963928223,37.863487243652344,0.7816861209198888
Cylindrical Pores,91,3.059248685836792,36.499629974365234,0.7532094469548707
Cylindrical Pores,92,46.873870849609375,46.140411376953125,0.9748674339905378
Cylindrical Pores,93,46.72868728637695,45.970130920410156,0.9783404347424466
Cylindrical Pores,94,47.32828903198242,46.514984130859375,0.984641592392117
Cylindrical Pores,95,46.71479034423828,45.77175521850586,0.976859257561377
Cylindrical Pores,96,43.164634704589844,38.3623046875,0.9751136713513415
Cylindrical Pores,97,42.469913482666016,37.384910583496094,0.9743683431927114
Cylindrical Pores,98,44.13719940185547,39.88322067260742,0.9708247959899257
Cylindrical Pores,99,43.17597961425781,38.333045959472656,0.9727405185593999
Cylindrical Pores,100,39.72418212890625,35.08115005493164,0.9733766452232951
Cylindrical Pores,101,40.07886505126953,35.561161041259766,0.9732773052605164
Cylindrical Pores,102,40.5932731628418,36.81797409057617,0.9731584303823378
Cylindrical Pores,103,39.007728576660156,34.837581634521484,0.9698232281161263
Cylindrical Pores,104,46.02081298828125,42.564361572265625,0.9713322683873096
Cylindrical Pores,105,46.007362365722656,42.841094970703125,0.9677551645679935
Cylindrical Pores,106,46.1103515625,42.457393646240234,0.9675364798009604
Cylindrical Pores,107,46.264827728271484,43.016639709472656,0.967102325098017
Cylindrical Pores,108,46.712486267089844,42.56774139404297,0.9672627617237893
Cylindrical Pores,109,46.858394622802734,42.71043395996094,0.9699515031539072
Cylindrical Pores,110,46.18973922729492,41.83543395996094,0.9685926596274953
Cylindrical Pores,111,45.521942138671875,40.73786544799805,0.9709802799245358
Cylindrical Pores,112,48.282264709472656,47.37785720825195,0.9516299958147809
Cylindrical Pores,113,47.657630920410156,46.866859436035156,0.9548649784626496
Cylindrical Pores,114,47.154335021972656,45.94340896606445,0.9684951425651264
Cylindrical Pores,115,47.73392868041992,46.07582092285156,0.962626733098534
Cylindrical Pores,116,52.416507720947266,48.71778106689453,0.9592322531371352
Cylindrical Pores,117,52.70893478393555,48.955326080322266,0.9617662472573563
Cylindrical Pores,118,52.15761947631836,48.4460334777832,0.9588852609970003
Cylindrical Pores,119,52.84791564941406,48.70508575439453,0.9538933131876101
Cylindrical Grains,0,41.92197036743164,40.925819396972656,0.9341665111545909
Cylindrical Grains,1,43.30371856689453,42.45842361450195,0.9254177632746428
Cylindrical Grains,2,41.70545196533203,40.35432815551758,0.9378126823485484
Cylindrical Grains,3,41.29057312011719,39.830589294433594,0.9369874756418745
Cylindrical Grains,4,41.09541702270508,40.19411849975586,0.924484150686451
Cylindrical Grains,5,39.34877014160156,37.85529708862305,0.9388036940978521
Cylindrical Grains,6,40.527889251708984,39.821956634521484,0.9313775916678922
Cylindrical Grains,7,40.93988037109375,40.65557861328125,0.9275075045150325
Cylindrical Grains,8,22.547386169433594,35.7701416015625,0.8920282128981647
Cylindrical Grains,9,20.63127326965332,32.00828552246094,0.920951550194684
Cylindrical Grains,10,20.713924407958984,32.97465133666992,0.9061927909399776
Cylindrical Grains,11,19.655439376831055,33.42171859741211,0.898464155505879
Cylindrical Grains,12,43.14113998413086,45.66110610961914,0.9057399055028034
Cylindrical Grains,13,43.04759979248047,44.96168518066406,0.9121055390457766
Cylindrical Grains,14,44.12187194824219,46.134517669677734,0.9065100558866516
Cylindrical Grains,15,41.623313903808594,43.778350830078125,0.9191367555804926
Cylindrical Grains,16,41.57654571533203,47.509986877441406,0.8073568786185524
Cylindrical Grains,17,39.12723159790039,44.42681121826172,0.8205054917683926
Cylindrical Grains,18,39.2706184387207,43.87974548339844,0.8373313435362212
Cylindrical Grains,19,40.94636154174805,45.98558807373047,0.8423262624660223
Cylindrical Grains,20,54.44535446166992,54.53186798095703,0.9395298590102905
Cylindrical Grains,21,53.7495231628418,53.79703903198242,0.9249808552913192
Cylindrical Grains,22,54.93466567993164,55.11808776855469,0.9320318314605455
Cylindrical Grains,23,53.822757720947266,54.256771087646484,0.9374499757504671
Cylindrical Grains,24,43.27568817138672,53.78866195678711,0.8543530725037383
Cylindrical Grains,25,43.910369873046875,55.64089584350586,0.8405216719000831
Cylindrical Grains,26,45.415748596191406,57.80189514160156,0.8265919288009098
Cylindrical Grains,27,44.265384674072266,55.885658264160156,0.853987749302945
Cylindrical Grains,28,37.43946838378906,40.738651275634766,0.9579109506294256
Cylindrical Grains,29,39.626956939697266,42.9909782409668,0.9555547886024909
Cylindrical Grains,30,39.24555969238281,42.825767517089844,0.9529645600083069
Cylindrical Grains,31,38.80809783935547,41.995609283447266,0.9523861560730026
Cylindrical Grains,32,52.26049041748047,54.536834716796875,0.9103361900520942
Cylindrical Grains,33,54.99710464477539,56.96514892578125,0.9184110769871612
Cylindrical Grains,34,52.93098831176758,56.632911682128906,0.8991223172317414
Cylindrical Grains,35,50.77363586425781,53.921199798583984,0.8942021082348934
Cylindrical Grains,36,42.89158248901367,48.49558639526367,0.9339412067347487
Cylindrical Grains,37,42.32620620727539,47.10606002807617,0.9523269220629208
Cylindrical Grains,38,41.99584197998047,47.510746002197266,0.9447697744692967
Cylindrical Grains,39,42.317588806152344,47.60777282714844,0.9446778111644052
Cylindrical Grains,40,34.96961212158203,47.87953567504883,0.8001851559715718
Cylindrical Grains,41,37.6707763671875,47.12887191772461,0.8488826557311134
Cylindrical Grains,42,37.88223648071289,45.595458984375,0.8592263940668543
Cylindrical Grains,43,38.56473922729492,49.91488265991211,0.8189789509082855
Cylindrical Grains,44,4.966549396514893,24.8756103515625,0.8963492132432649
Cylindrical Grains,45,8.917346954345703,29.625242233276367,0.8658723662095742
Cylindrical Grains,46,6.258994102478027,23.660337448120117,0.8999686953700236
Cylindrical Grains,47,1.7292293310165405,26.447481155395508,0.8858856543740635
Cylindrical Grains,48,50.33647918701172,54.49030685424805,0.8557385535013202
Cylindrical Grains,49,49.01845169067383,53.58211135864258,0.8450280542341702
Cylindrical Grains,50,51.4648551940918,54.26909255981445,0.8616217277104691
Cylindrical Grains,51,49.9999885559082,53.09404754638672,0.8497807569556995
Cylindrical Grains,52,31.94942283630371,64.07730865478516,0.4492331507291242
Cylindrical Grains,53,32.95916748046875,64.35572814941406,0.4807309922813955
Cylindrical Grains,54,33.37352752685547,66.39884185791016,0.4573645296796562
Cylindrical Grains,55,33.48011016845703,67.4879150390625,0.4228646390992415
Cylindrical Grains,56,42.250308990478516,52.8668098449707,0.7865948162628407
Cylindrical Grains,57,40.81296157836914,53.62364959716797,0.7552373612568811
Cylindrical Grains,58,43.780120849609375,57.436553955078125,0.7388122569795801
Cylindrical Grains,59,46.45768356323242,56.62990188598633,0.761807988899903
Cylindrical Grains,60,53.07237243652344,58.88021469116211,0.6707257460383099
Cylindrical Grains,61,56.05259704589844,60.00072479248047,0.6613023705723685
Cylindrical Grains,62,54.4543571472168,60.1652946472168,0.6875386460207279
Cylindrical Grains,63,53.90068435668945,59.644447326660156,0.6651837668809133
Cylindrical Grains,64,56.33132553100586,57.6136360168457,0.8343431139769325
Cylindrical Grains,65,53.83304214477539,56.38358688354492,0.8432433374832272
Cylindrical Grains,66,53.92353439331055,56.48014450073242,0.8636950393561998
Cylindrical Grains,67,55.037818908691406,58.202274322509766,0.8215819807889997
Cylindrical Grains,68,12.623786926269531,36.06789779663086,0.8364264115700952
Cylindrical Grains,69,11.396419525146484,37.231788635253906,0.845685204937261
Cylindrical Grains,70,13.380559921264648,33.82549285888672,0.8525706933197748
Cylindrical Grains,71,10.231346130371094,35.752662658691406,0.8493389640601327
Cylindrical Grains,72,23.284133911132812,37.890071868896484,0.8536991901339142
Cylindrical Grains,73,23.283117294311523,39.551204681396484,0.8409142552457571
Cylindrical Grains,74,24.423124313354492,38.753021240234375,0.8315427711018669
Cylindrical Grains,75,24.442432403564453,37.40480041503906,0.8366457351172982
Cylindrical Grains,76,25.008325576782227,47.12129592895508,0.7088440033632152
Cylindrical Grains,77,23.960954666137695,44.66759490966797,0.6930148128095013
Cylindrical Grains,78,26.306982040405273,44.7540283203125,0.7377239791297581
Cylindrical Grains,79,24.076839447021484,42.5500602722168,0.7100489322341663
Cylindrical Grains,80,69.8436050415039,74.52426147460938,0.823702530922919
Cylindrical Grains,81,70.56214904785156,73.62776947021484,0.8344556626735645
Cylindrical Grains,82,69.86502838134766,73.03666687011719,0.8340741872846051
Cylindrical Grains,83,67.25194549560547,71.8646240234375,0.851492068954839
Cylindrical Grains,84,71.25887298583984,176.76138305664062,0.5725609470706167
Cylindrical Grains,85,86.29350280761719,166.61068725585938,0.47839264418944216
Cylindrical Grains,86,73.89373016357422,173.95578002929688,0.5214038667344328
Cylindrical Grains,87,73.14998626708984,163.64739990234375,0.5246445920123988
Cylindrical Grains,88,104.03347778320312,148.77230834960938,0.643185806445429
Cylindrical Grains,89,105.48763275146484,149.02462768554688,0.6582088513483554
Cylindrical Grains,90,114.8580093383789,140.8982696533203,0.6119443277408884
Cylindrical Grains,91,111.22672271728516,146.56982421875,0.6733804889714641
Cylindrical Grains,92,44.684226989746094,43.88595962524414,0.8567937215459703
Cylindrical Grains,93,44.19560241699219,42.4421272277832,0.8380945739069778
Cylindrical Grains,94,38.525169372558594,38.96830749511719,0.8593719099336693
Cylindrical Grains,95,40.69087219238281,40.523983001708984,0.8537466704554584
Bentheimer,0,37.88848876953125,50.2033576965332,0.7017023229440001
Bentheimer,1,38.68428039550781,50.76365661621094,0.7028135116268565
Bentheimer,2,32.41814422607422,50.65418243408203,0.7074283486490269
Bentheimer,3,35.498233795166016,50.4701042175293,0.7068171151568063
Bentheimer,4,1.5211477279663086,50.24054718017578,0.7706174791949446
Bentheimer,5,3.9724905490875244,49.61110305786133,0.7629490280102447
Bentheimer,6,4.266727924346924,50.02051544189453,0.758647528900687
Bentheimer,7,3.6334447860717773,48.7196159362793,0.7691984030287117
Bentheimer,8,26.305072784423828,51.41363525390625,0.5841812882028686
Bentheimer,9,20.497718811035156,52.08778762817383,0.5529694193531413
Bentheimer,10,19.40565299987793,50.18033981323242,0.5428026643430545
Bentheimer,11,21.758188247680664,49.62789535522461,0.5952223866000732
Bentheimer,12,15.55720329284668,46.23988342285156,0.6617931790745117
Bentheimer,13,16.92057991027832,44.1065788269043,0.7009585001621659
Bentheimer,14,15.317964553833008,46.18309020996094,0.6832318108534824
Bentheimer,15,13.909049034118652,45.89357376098633,0.6824653094656894
Bentheimer,16,39.286556243896484,45.8250846862793,0.887561984437298
Bentheimer,17,36.51152420043945,46.12482833862305,0.8849622358120266
Bentheimer,18,35.530548095703125,40.880672454833984,0.9007809408963801
Bentheimer,19,39.52659606933594,43.80596923828125,0.8755143994325804
Bentheimer,20,28.597084045410156,40.305110931396484,0.8466258382363879
Bentheimer,21,22.95542335510254,40.750728607177734,0.8306005027346205
Bentheimer,22,22.547168731689453,40.68056869506836,0.824953064526774
Bentheimer,23,24.274215698242188,46.15638732910156,0.7998192953400188
Bentheimer,24,55.91633224487305,62.52848434448242,0.7224606753444609
Bentheimer,25,55.45145797729492,61.65678405761719,0.7151380776698697
Bentheimer,26,52.870731353759766,62.26089096069336,0.7080353896587824
Bentheimer,27,55.5108757019043,62.18879699707031,0.7136873434822325
Bentheimer,28,71.94208526611328,77.06625366210938,0.8671630781185089
Bentheimer,29,70.71760559082031,76.69153594970703,0.8699163095223036
Bentheimer,30,71.1441421508789,76.04817199707031,0.8638884194551372
Bentheimer,31,69.87662506103516,74.98802185058594,0.8517371538332358
Bentheimer,32,657.5995483398438,701.6461791992188,0.2827250874949655
Bentheimer,33,671.8320922851562,717.9736938476562,0.28162353387393974
Bentheimer,34,612.7146606445312,683.4195556640625,0.2942417731125266
Bentheimer,35,614.701171875,649.861328125,0.27479449979524156
Bentheimer,36,61.08806228637695,62.81485366821289,0.8360837351109757
Bentheimer,37,60.70895767211914,63.12891387939453,0.8271052487815495
Bentheimer,38,59.55354309082031,61.954345703125,0.829860330205543
Bentheimer,39,58.082767486572266,61.69511795043945,0.8243231989818102
Bentheimer,40,64.74468994140625,66.0210189819336,0.7225905040418473
Bentheimer,41,62.27085876464844,63.676361083984375,0.7322694112036824
Bentheimer,42,65.67569732666016,66.058349609375,0.7166314752047455
Bentheimer,43,63.29827880859375,64.92411804199219,0.7261835514430623
Bentheimer,44,47.51315689086914,56.33304214477539,0.6092798087183346
Bentheimer,45,51.089576721191406,57.071380615234375,0.6067636710044564
Bentheimer,46,50.557071685791016,61.173038482666016,0.5451053656224732
Bentheimer,47,48.250770568847656,58.57801818847656,0.5537760238233076
Bentheimer,48,132.29518127441406,116.41529846191406,0.450220489800897
Bentheimer,49,116.9072036743164,113.37458801269531,0.4084633110428662
Bentheimer,50,125.5013427734375,117.9104232788086,0.43302363280162876
Bentheimer,51,117.76282501220703,111.85856628417969,0.46970462432011706
Bentheimer,52,48.54854202270508,53.82002258300781,0.7623308063974106
Bentheimer,53,48.315860748291016,53.93890380859375,0.7554671116106955
Bentheimer,54,40.785465240478516,49.887046813964844,0.7884196041004531
Bentheimer,55,44.48693084716797,52.85977554321289,0.7636174447503494
Bentheimer,56,18.330894470214844,66.38484191894531,0.6349794426965568
Bentheimer,57,16.134822845458984,64.94934844970703,0.6654366093488553
Bentheimer,58,17.912418365478516,66.16810607910156,0.6590544638132633
Bentheimer,59,14.995279312133789,67.44119262695312,0.6710422856643309
Bentheimer,60,3.320009469985962,64.96009826660156,0.564044777594249
Bentheimer,61,9.03856086730957,61.2553596496582,0.5479027522074712
Bentheimer,62,15.707524299621582,60.70273971557617,0.5900547334195332
Bentheimer,63,6.965235710144043,63.67940902709961,0.546760197215879
Bentheimer,64,48.09657669067383,56.93992233276367,0.7122855629843637
Bentheimer,65,51.03513717651367,58.80950164794922,0.7116134019753388
Bentheimer,66,53.639705657958984,57.56391143798828,0.7513307534682359
Bentheimer,67,50.11583709716797,58.66169357299805,0.6671202638424202
Bentheimer,68,27.862314224243164,49.29301452636719,0.635076092836252
Bentheimer,69,27.45295524597168,49.90892028808594,0.6405051143815513
Bentheimer,70,25.670164108276367,50.50193786621094,0.6317135392223615
Bentheimer,71,21.8787899017334,47.27491760253906,0.6542002200212446
Bentheimer,72,7.033164024353027,58.711219787597656,0.5654420998046554
Bentheimer,73,5.132535934448242,69.34000396728516,0.5140411567481201
Bentheimer,74,9.315374374389648,60.456111907958984,0.5815907915694835
Bentheimer,75,7.072913646697998,58.404998779296875,0.4795267328050753
Bentheimer,76,51.82607650756836,58.180564880371094,0.6023425496067447
Bentheimer,77,46.69648742675781,58.24692153930664,0.6160499996992517
Bentheimer,78,50.36373519897461,57.322486877441406,0.6390037683499405
Bentheimer,79,51.99446487426758,60.40233612060547,0.6077140261543742
Bentheimer,80,28.54425811767578,41.195621490478516,0.7729088945105896
Bentheimer,81,30.671194076538086,40.87881851196289,0.7817492863458025
Bentheimer,82,26.469886779785156,38.817474365234375,0.7910458373351159
Bentheimer,83,25.519607543945312,39.72914123535156,0.773131503957546
Bentheimer,84,90.11479949951172,150.900390625,0.46124763559253584
Bentheimer,85,97.01392364501953,146.5181427001953,0.49021329573654215
Bentheimer,86,100.183837890625,153.5502166748047,0.4525865555920691
Bentheimer,87,102.63140106201172,147.2052459716797,0.45813747513747927
Bentheimer,88,10.960322380065918,48.063053131103516,0.7186408592769881
Bentheimer,89,6.367207050323486,45.907100677490234,0.7300422835053003
Bentheimer,90,14.402697563171387,50.6072883605957,0.7103156289280274
Bentheimer,91,11.554668426513672,43.09877014160156,0.7491526152262722
Bentheimer,92,6.094790935516357,45.13755416870117,0.734798204440201
Bentheimer,93,7.838622093200684,44.83565902709961,0.7181367189498296
Bentheimer,94,9.861312866210938,45.84927749633789,0.7332283726795779
Bentheimer,95,10.392876625061035,44.780372619628906,0.7264499780728949
Bentheimer,96,42.227813720703125,50.91561508178711,0.8040081427244843
Bentheimer,97,42.04874801635742,52.930641174316406,0.7737902546194706
Bentheimer,98,40.50227355957031,51.194305419921875,0.7629209020993134
Bentheimer,99,46.058712005615234,53.858154296875,0.7874640357344633
Bentheimer,100,52.52462387084961,59.23668670654297,0.8796561936443622
Bentheimer,101,50.119937896728516,57.40483474731445,0.8868429456287885
Bentheimer,102,52.93555450439453,59.67208480834961,0.8738514212914943
Bentheimer,103,53.560943603515625,60.32038116455078,0.8841532077106531
Bentheimer,104,54.368717193603516,65.21231842041016,0.7779560865952196
Bentheimer,105,54.54936218261719,62.126468658447266,0.8106151197742313
Bentheimer,106,55.04817581176758,64.06561279296875,0.8048798792454789
Bentheimer,107,55.247623443603516,64.14974975585938,0.7913805351500415
Bentheimer,108,4.833444118499756,52.72417449951172,0.7084177605483307
Bentheimer,109,10.783064842224121,52.860557556152344,0.7131785202812272
Bentheimer,110,16.70313262939453,65.28355407714844,0.5793530578625667
Bentheimer,111,10.954376220703125,56.12380599975586,0.6537997168487749
Bentheimer,112,33.150047302246094,52.71281814575195,0.7442928821434706
Bentheimer,113,44.56686782836914,54.70499801635742,0.7542565564788218
Bentheimer,114,38.35928726196289,52.87172317504883,0.7469435970646142
Bentheimer,115,33.56145095825195,50.077919006347656,0.7566866612529689
Bentheimer,116,28.66935920715332,59.02485275268555,0.5878880813410825
Bentheimer,117,32.26511001586914,59.73072814941406,0.5735945500063667
Bentheimer,118,30.618785858154297,61.169559478759766,0.5517171157366667
Bentheimer,119,29.76414680480957,56.03952407836914,0.6280200852055579
Bentheimer,120,72.97319030761719,76.26026153564453,0.8852648694256046
Bentheimer,121,73.35955047607422,76.16511535644531,0.8908845667694701
Bentheimer,122,72.17727661132812,75.72921752929688,0.8499054133739921
Bentheimer,123,71.15274810791016,74.69121551513672,0.8915980857638497
Bentheimer,124,63.91732406616211,64.00777435302734,0.9395056857782679
Bentheimer,125,61.71638488769531,61.7994384765625,0.9402413455172681
Bentheimer,126,64.59750366210938,63.852298736572266,0.9307129487812341
Bentheimer,127,65.2773666381836,65.27599334716797,0.9236833544843439
Bentheimer,128,154.5384521484375,190.59341430664062,0.5922196185304884
Bentheimer,129,139.66650390625,172.59608459472656,0.6275374410262733
Bentheimer,130,139.91717529296875,172.62818908691406,0.5716162393401689
Bentheimer,131,142.5408477783203,173.2168731689453,0.5497135483500767
Bentheimer,132,44.439117431640625,54.014888763427734,0.8343064336095521
Bentheimer,133,51.207801818847656,58.691436767578125,0.8038105455875146
Bentheimer,134,49.235679626464844,55.377803802490234,0.824338717428124
Bentheimer,135,49.68796920776367,53.77262496948242,0.8392975007569534
Bentheimer,136,69.18896484375,69.10759735107422,0.8169846629439578
Bentheimer,137,70.95984649658203,70.91886901855469,0.7843388055173404
Bentheimer,138,70.54061889648438,69.47714233398438,0.7992347643485216
Bentheimer,139,72.72150421142578,71.46453094482422,0.8069581632961031
Bentheimer,140,15.90807819366455,39.19648361206055,0.8370631632072693
Bentheimer,141,11.594944953918457,38.694698333740234,0.8326871980195861
Bentheimer,142,10.541254997253418,38.48188400268555,0.8375371709736228
Bentheimer,143,10.046541213989258,39.66704177856445,0.8253551705631529
Bentheimer,144,33.67799758911133,51.584049224853516,0.6336286217803846
Bentheimer,145,32.320465087890625,49.49496078491211,0.706327200335705
Bentheimer,146,31.93043327331543,49.603336334228516,0.6911649795357947
Bentheimer,147,35.90290069580078,54.322792053222656,0.6616837825709407
Bentheimer,148,57.35598373413086,69.12329864501953,0.7261623374957333
Bentheimer,149,62.03760528564453,71.5623550415039,0.7329654447627542
Bentheimer,150,59.540008544921875,69.06855010986328,0.7112895085428005
Bentheimer,151,62.19233322143555,71.96976470947266,0.7014546547756939
Bentheimer,152,22.295732498168945,34.32618713378906,0.8961173634334465
Bentheimer,153,22.0948543548584,34.752159118652344,0.88806772342497
Bentheimer,154,22.669527053833008,34.826072692871094,0.8908711415514212
Bentheimer,155,20.797805786132812,33.20502853393555,0.9007731433839189
Bentheimer,156,18.45569610595703,42.33872985839844,0.8495952364914673
Bentheimer,157,12.264567375183105,39.712154388427734,0.8678377227139803
Bentheimer,158,9.72008991241455,41.597900390625,0.8598170439824807
Bentheimer,159,17.176895141601562,39.10590744018555,0.8674894347755016
Bentheimer,160,22.13652992248535,43.908329010009766,0.7164098812917481
Bentheimer,161,17.122713088989258,43.95349884033203,0.7162917504775892
Bentheimer,162,19.146652221679688,46.129112243652344,0.6807825238954396
Bentheimer,163,20.37510871887207,44.56447219848633,0.6932238256433468
Bentheimer,164,54.172428131103516,59.94396209716797,0.7311893255570406
Bentheimer,165,53.3918571472168,59.07929611206055,0.7077794141975057
Bentheimer,166,53.31736755371094,57.715641021728516,0.7329778013798502
Bentheimer,167,54.516292572021484,59.50834274291992,0.7195931521997478
Bentheimer,168,38.22011184692383,52.472267150878906,0.6686812717296593
Bentheimer,169,33.65192413330078,50.03293991088867,0.7206254054266464
Bentheimer,170,36.812705993652344,49.59092330932617,0.7075012217602012
Bentheimer,171,29.359193801879883,50.24380111694336,0.6694760668488033
Bentheimer,172,26.71723175048828,44.88116455078125,0.5662064635084479
Bentheimer,173,29.80527687072754,48.034400939941406,0.5331334116816145
Bentheimer,174,33.9897346496582,49.95242691040039,0.5101037802800635
Bentheimer,175,28.646217346191406,46.79648971557617,0.5488342795138957
Bentheimer,176,49.84014129638672,62.37689208984375,0.6539096199031991
Bentheimer,177,52.05191421508789,63.368751525878906,0.6726371167709048
Bentheimer,178,48.91020202636719,62.27525329589844,0.6393362531118851
Bentheimer,179,43.35587692260742,57.309173583984375,0.6812149910163647
Bentheimer,180,17.168594360351562,110.21405792236328,0.5237122775826578
Bentheimer,181,26.790512084960938,110.434814453125,0.5330387683330889
Bentheimer,182,3.3194682598114014,96.74729919433594,0.5478812046220779
Bentheimer,183,3.7382853031158447,93.57342529296875,0.5565705408240517
Bentheimer,184,70.19412994384766,95.40298461914062,0.34617510995313455
Bentheimer,185,70.09388732910156,107.70917510986328,0.24781274675772436
Bentheimer,186,75.09745788574219,95.52023315429688,0.2937760364223952
Bentheimer,187,72.30013275146484,96.12215423583984,0.28705426617213475
Bentheimer,188,33.517982482910156,50.713951110839844,0.7492264460455665
Bentheimer,189,37.72731018066406,53.127349853515625,0.7389397914058482
Bentheimer,190,36.03662109375,51.38479232788086,0.7675784358695177
Bentheimer,191,35.18819046020508,50.86136245727539,0.7617793118543794
Bentheimer,192,40.25868225097656,62.807655334472656,0.4737802336429784
Bentheimer,193,40.23220443725586,63.71985626220703,0.5053939669331009
Bentheimer,194,44.239559173583984,58.329776763916016,0.4893374337635202
Bentheimer,195,38.23249816894531,59.57960510253906,0.49571435563005267
Bentheimer,196,59.83279800415039,61.07480239868164,0.898766300304119
Bentheimer,197,62.27675247192383,62.65839767456055,0.9015508561857157
Bentheimer,198,61.7674560546875,63.13203430175781,0.8904753802059626
Bentheimer,199,60.49097442626953,60.51310729980469,0.9015272651842811
Bentheimer,200,71.62926483154297,73.79219818115234,0.8814499886377045
Bentheimer,201,71.15677642822266,72.81227111816406,0.841422000527987
Bentheimer,202,68.93939971923828,71.47440338134766,0.8313127966185992
Bentheimer,203,70.3363037109375,73.64936065673828,0.8418838364728733
Bentheimer,204,132.40419006347656,157.60470581054688,0.44234994904937963
Bentheimer,205,141.64341735839844,152.60409545898438,0.43744829165654264
Bentheimer,206,132.06207275390625,130.1058349609375,0.42909945046196263
Bentheimer,207,113.22996520996094,129.93429565429688,0.4646988196930983
Bentheimer,208,58.36640930175781,62.53956604003906,0.6387916171100771
Bentheimer,209,58.79771423339844,62.86701965332031,0.6124376596085606
Bentheimer,210,60.24522018432617,63.45354080200195,0.6599043691155376
Bentheimer,211,59.295223236083984,65.61940002441406,0.5954388226229665
Bentheimer,212,45.85654830932617,48.78411102294922,0.879152354203932
Bentheimer,213,45.93726348876953,49.404632568359375,0.883243098956916
Bentheimer,214,44.6174201965332,48.302974700927734,0.8848967639390942
Bentheimer,215,47.93474578857422,50.89738845825195,0.8757559225365384
Bentheimer,216,48.04119110107422,58.423465728759766,0.7496980108406469
Bentheimer,217,51.70627212524414,61.755516052246094,0.7366674930926639
Bentheimer,218,54.4013786315918,63.41157913208008,0.6980358025713258
Bentheimer,219,49.8372917175293,61.00791931152344,0.720619883098827
Bentheimer,220,40.2879753112793,55.960140228271484,0.5146732763210674
Bentheimer,221,44.254459381103516,57.44277572631836,0.5513266709309871
Bentheimer,222,40.56273651123047,54.6431999206543,0.5854267183860051
Bentheimer,223,36.70274353027344,54.48312759399414,0.5634464706854865
Bentheimer,224,18.56365203857422,49.29353713989258,0.662230529704852
Bentheimer,225,12.369275093078613,52.90223693847656,0.6516417413233275
Bentheimer,226,21.93634605407715,52.10848617553711,0.6595117247002944
Bentheimer,227,15.970766067504883,51.57008743286133,0.6488658056164329
Bentheimer,228,49.9880485534668,55.81896209716797,0.8375001763138353
Bentheimer,229,50.122188568115234,55.95568084716797,0.8224871908523527
Bentheimer,230,50.24606704711914,57.130306243896484,0.7941764798536217
Bentheimer,231,49.10211181640625,56.26815414428711,0.7948255374011972
Bentheimer,232,11.858181953430176,61.804351806640625,0.677723067816117
Bentheimer,233,17.790813446044922,64.91152954101562,0.6921985559232074
Bentheimer,234,12.159147262573242,61.888710021972656,0.7126278425353363
Bentheimer,235,6.245002269744873,58.20341491699219,0.6858115160075474
Bentheimer,236,46.32196807861328,51.92240905761719,0.8269272748433342
Bentheimer,237,47.24407196044922,52.54378890991211,0.8135126686039942
Bentheimer,238,45.73109436035156,50.27862548828125,0.8502267296995579
Bentheimer,239,46.86172103881836,51.39545440673828,0.8391776960708239
Bentheimer,240,50.15755844116211,56.341678619384766,0.5997019759158849
Bentheimer,241,52.57355499267578,58.896663665771484,0.6204176503540239
Bentheimer,242,51.03138732910156,57.34807205200195,0.6305392288628919
Bentheimer,243,50.153411865234375,58.30052185058594,0.6298804195737312
Bentheimer,244,9.622309684753418,59.616519927978516,0.581130336462401
Bentheimer,245,13.741571426391602,56.66206741333008,0.6260658811872961
Bentheimer,246,11.605123519897461,59.65966796875,0.6199655245050487
Bentheimer,247,6.237066745758057,56.38213348388672,0.589199036226431
Bentheimer,248,46.76576614379883,52.49533462524414,0.8373774212865961
Bentheimer,249,49.406494140625,54.7438850402832,0.8477436266709912
Bentheimer,250,48.225318908691406,52.469871520996094,0.8541971223199134
Bentheimer,251,48.5383415222168,53.53779220581055,0.8557319636022935
Bentheimer,252,27.47509002685547,64.79077911376953,0.6369755121777
Bentheimer,253,27.217952728271484,64.30077362060547,0.6322203280270499
Bentheimer,254,27.118818283081055,60.74573516845703,0.6544286763034306
Bentheimer,255,29.154996871948242,60.17152786254883,0.6308420679051837
Bentheimer,256,67.35650634765625,67.22586822509766,0.7052330506972877
Bentheimer,257,72.16793060302734,69.42859649658203,0.7042531246727798
Bentheimer,258,73.76618957519531,71.22683715820312,0.709511137144136
Bentheimer,259,67.37085723876953,65.8768310546875,0.7444010241185508
Bentheimer,260,43.32135772705078,55.431175231933594,0.7330827233985919
Bentheimer,261,44.09025573730469,55.55110549926758,0.7482382031651358
Bentheimer,262,42.48545455932617,54.56278610229492,0.7543118250855338
Bentheimer,263,44.460994720458984,55.484188079833984,0.7531016691660932
Bentheimer,264,64.42631530761719,65.05886840820312,0.8688066584587315
Bentheimer,265,66.15898132324219,66.64602661132812,0.8572248040820549
Bentheimer,266,66.05054473876953,66.81448364257812,0.870959937572036
Bentheimer,267,66.77347564697266,67.4510726928711,0.8399060273472181
Bentheimer,268,52.843074798583984,57.54723358154297,0.7824494478276615
Bentheimer,269,55.13014602661133,60.17933654785156,0.7595095497238683
Bentheimer,270,53.00165939331055,57.77568817138672,0.7780610739058571
Bentheimer,271,51.04228973388672,55.32296371459961,0.7676316085756977
Bentheimer,272,106.8296127319336,135.5867156982422,0.41699722663065303
Bentheimer,273,120.9127197265625,146.94921875,0.4452724357681819
Bentheimer,274,101.20287322998047,122.89421081542969,0.44373417011996996
Bentheimer,275,105.54985046386719,134.94454956054688,0.4163422702090439
Bentheimer,276,25.482362747192383,49.889278411865234,0.6620202660678799
Bentheimer,277,29.0203914642334,51.49089813232422,0.6449354585402385
Bentheimer,278,27.862720489501953,47.951927185058594,0.6608373460896654
Bentheimer,279,29.9918155670166,52.44309997558594,0.6017040192151455
Bentheimer,280,10.143400192260742,49.395023345947266,0.6526484931193886
Bentheimer,281,7.632780075073242,52.57042694091797,0.6661017780181913
Bentheimer,282,7.441545486450195,49.405006408691406,0.6611280483995275
Bentheimer,283,10.075407028198242,46.860198974609375,0.6732487739443972
Bentheimer,284,57.92314910888672,85.24373626708984,0.5966290592783152
Bentheimer,285,53.6394157409668,78.5947265625,0.5791909181139152
Bentheimer,286,48.99577713012695,77.86243438720703,0.5798124103331577
Bentheimer,287,54.944454193115234,81.13445281982422,0.5803024522403489
Bentheimer,288,57.083274841308594,60.74348068237305,0.7027549511423498
Bentheimer,289,57.85186004638672,63.0504035949707,0.6650674141998871
Bentheimer,290,54.043983459472656,59.27185821533203,0.712475913218236
Bentheimer,291,54.63654327392578,59.926334381103516,0.6912345704743756
Bentheimer,292,22.101566314697266,56.99277114868164,0.5341771929716491
Bentheimer,293,21.574369430541992,56.66218566894531,0.5899715331440364
Bentheimer,294,21.7025203704834,58.0030403137207,0.5302181902851155
Bentheimer,295,20.225191116333008,55.33198547363281,0.5607338003769418
Bentheimer,296,58.58251190185547,66.21353912353516,0.8330327386661587
Bentheimer,297,57.320091247558594,65.647216796875,0.8467415325906552
Bentheimer,298,58.6486930847168,64.69203186035156,0.872534581964436
Bentheimer,299,57.7874870300293,64.66706085205078,0.8450405816867284
Bentheimer,300,7.564476490020752,46.05872344970703,0.7511932120148058
Bentheimer,301,6.638339042663574,51.8173713684082,0.7277568999321917
Bentheimer,302,5.481348037719727,47.52775573730469,0.7558114883672178
Bentheimer,303,6.610119342803955,51.61137771606445,0.7090089771934152
Bentheimer,304,58.631439208984375,61.01106262207031,0.8592151242071577
Bentheimer,305,58.545143127441406,61.044307708740234,0.8556619080186971
Bentheimer,306,59.05636215209961,61.341331481933594,0.8547993400594533
Bentheimer,307,57.601402282714844,59.86476516723633,0.8697570597450172
Bentheimer,308,14.240285873413086,46.15786361694336,0.7347083808652548
Bentheimer,309,12.142778396606445,45.38846206665039,0.7492580515307427
Bentheimer,310,4.627005100250244,43.84550857543945,0.7649505312658446
Bentheimer,311,11.985513687133789,43.534793853759766,0.7675202218881323
Bentheimer,312,28.88196563720703,45.2319221496582,0.775039521765732
Bentheimer,313,32.01203918457031,43.337066650390625,0.8012440160560524
Bentheimer,314,29.39864730834961,44.38741683959961,0.7887163252808601
Bentheimer,315,26.05754280090332,44.73143768310547,0.7405360251839085
Bentheimer,316,25.76992416381836,52.96239471435547,0.5844590832629268
Bentheimer,317,26.39080238342285,48.80404281616211,0.6236876881164645
Bentheimer,318,24.008289337158203,51.13724899291992,0.6189227350460913
Bentheimer,319,24.295345306396484,53.161285400390625,0.5361697193906816
Bentheimer,320,46.854042053222656,52.123409271240234,0.860015265858014
Bentheimer,321,48.70317459106445,55.59033966064453,0.8265255425597079
Bentheimer,322,49.94723129272461,56.24753952026367,0.847033402272882
Bentheimer,323,46.98942947387695,51.671260833740234,0.9002546128549043
Bentheimer,324,32.30415344238281,48.67447280883789,0.7343921910140423
Bentheimer,325,32.40764617919922,52.35383987426758,0.7252414135676475
Bentheimer,326,27.34627342224121,53.77702331542969,0.7172528999672223
Bentheimer,327,30.47169303894043,45.47591018676758,0.7585423334930896
Bentheimer,328,30.857458114624023,50.639915466308594,0.6314750456374222
Bentheimer,329,25.92588233947754,45.86701965332031,0.6967859856898039
Bentheimer,330,21.167903900146484,47.67555618286133,0.6840492341599551
Bentheimer,331,26.569307327270508,50.48713302612305,0.6357216129359301
Bentheimer,332,44.711177825927734,49.311866760253906,0.8736763605904969
Bentheimer,333,44.08976745605469,49.70656204223633,0.8741236421946634
Bentheimer,334,49.09689712524414,53.09893035888672,0.8753313641616222
Bentheimer,335,44.43009567260742,49.53400802612305,0.8677052810847223
Bentheimer,336,43.421051025390625,51.83910369873047,0.767414010137218
Bentheimer,337,42.964378356933594,51.71834182739258,0.7560395243886153
Bentheimer,338,41.606178283691406,49.355045318603516,0.7859691018235129
Bentheimer,339,41.72227096557617,51.12015914916992,0.7651532903864775
Bentheimer,340,50.05424118041992,54.6586799621582,0.9117244536619543
Bentheimer,341,49.70774459838867,53.53813552856445,0.9162653664552508
Bentheimer,342,52.24991226196289,55.25058364868164,0.9012077094481575
Bentheimer,343,51.96330261230469,55.34210205078125,0.9062076433047229
Bentheimer,344,46.34645462036133,54.632789611816406,0.7264786237671779
Bentheimer,345,47.695228576660156,56.42219924926758,0.7029674840313623
Bentheimer,346,49.22114562988281,54.45735549926758,0.6973365626026358
Bentheimer,347,46.97106170654297,54.60371398925781,0.7054447282800301
Bentheimer,348,49.1307487487793,55.18899154663086,0.7546750255723992
Bentheimer,349,50.125091552734375,57.980560302734375,0.6951594637196957
Bentheimer,350,52.502689361572266,56.685646057128906,0.7351780773856036
Bentheimer,351,52.414878845214844,55.474063873291016,0.7574791629669364
Bentheimer,352,13.146485328674316,51.369564056396484,0.68677814474347
Bentheimer,353,11.118741989135742,56.88780212402344,0.6653745695976944
Bentheimer,354,13.511387825012207,56.239322662353516,0.6759515041958024
Bentheimer,355,18.774574279785156,55.32701110839844,0.6822315161345809
Bentheimer,356,16.65515899658203,54.871543884277344,0.687581595937084
Bentheimer,357,15.229931831359863,49.17038345336914,0.7192467593265789
Bentheimer,358,16.290117263793945,49.748870849609375,0.7095817995596222
Bentheimer,359,20.41692352294922,55.820709228515625,0.6694042984503701
Bentheimer,360,61.4740104675293,63.19968795776367,0.7759817670595431
Bentheimer,361,63.264198303222656,63.92531967163086,0.7790740130933856
Bentheimer,362,65.7418441772461,65.85240936279297,0.7507342571893088
Bentheimer,363,62.14311218261719,63.50086975097656,0.7917933373553457
Bentheimer,364,17.510488510131836,40.5881462097168,0.7522653130596785
Bentheimer,365,20.168092727661133,44.81699752807617,0.6980017793996507
Bentheimer,366,21.543893814086914,42.334259033203125,0.7078814959859627
Bentheimer,367,18.550697326660156,44.30142593383789,0.7087779610705537
Bentheimer,368,27.102426528930664,66.67129516601562,0.548827731138853
Bentheimer,369,25.894071578979492,73.24632263183594,0.46837752841769675
Bentheimer,370,21.638587951660156,72.81327056884766,0.47970270054711817
Bentheimer,371,19.99918556213379,66.16719055175781,0.5179824227651956
Bentheimer,372,12.86915397644043,51.35637283325195,0.7361674048524999
Bentheimer,373,9.725676536560059,50.40291213989258,0.7511746934872444
Bentheimer,374,18.0078182220459,58.559871673583984,0.6919166554770682
Bentheimer,375,14.514578819274902,51.44629669189453,0.7446894307396599
Bentheimer,376,34.5660285949707,50.00411605834961,0.7578682811918025
Bentheimer,377,31.375,49.926795959472656,0.756355861722155
Bentheimer,378,36.00004196166992,49.38750076293945,0.7579645015678307
Bentheimer,379,40.053558349609375,49.2441291809082,0.7828634190092887
Bentheimer,380,54.87144088745117,56.08012008666992,0.8499563423806183
Bentheimer,381,56.302494049072266,58.670692443847656,0.8375440944480361
Bentheimer,382,55.69968795776367,57.236576080322266,0.8572422373431771
Bentheimer,383,56.222900390625,57.94906997680664,0.8546993026664401
Bentheimer,384,2.0177323818206787,75.96968078613281,0.6598169132159427
Bentheimer,385,14.898987770080566,84.65933227539062,0.6272396548920189
Bentheimer,386,6.103323936462402,79.49093627929688,0.6659024934971561
Bentheimer,387,2.7087655067443848,79.40576171875,0.6120950253929821
Bentheimer,388,21.679763793945312,44.32320022583008,0.7268161576663399
Bentheimer,389,19.62438201904297,40.58576583862305,0.7470886400997588
Bentheimer,390,25.133995056152344,40.833580017089844,0.778842216780112
Bentheimer,391,22.65517807006836,39.41374969482422,0.7771010939716032
Bentheimer,392,30.78057098388672,48.288272857666016,0.7383700363925968
Bentheimer,393,33.219993591308594,50.253273010253906,0.7196167807399222
Bentheimer,394,31.91725730895996,48.45669174194336,0.739769816176874
Bentheimer,395,30.479440689086914,48.29891586303711,0.7441544997557236
Bentheimer,396,64.98400115966797,66.14702606201172,0.7513831969073551
Bentheimer,397,64.63740539550781,65.47925567626953,0.7818624802427295
Bentheimer,398,64.64993286132812,65.42731475830078,0.7510326711935518
Bentheimer,399,66.78054809570312,67.66748809814453,0.7498398208350946
Bentheimer,400,10.578716278076172,46.938865661621094,0.7832026977827198
Bentheimer,401,14.434894561767578,47.48418045043945,0.7150894119710899
Bentheimer,402,12.304408073425293,50.61895751953125,0.7065782793957576
Bentheimer,403,14.271878242492676,48.89881134033203,0.7119222518395739
Bentheimer,404,53.32555389404297,56.39466094970703,0.870274330798126
Bentheimer,405,56.81109619140625,59.75102233886719,0.8822395733162981
Bentheimer,406,57.23671340942383,59.152687072753906,0.8814075728309346
Bentheimer,407,54.1107177734375,55.34563064575195,0.8832355063889659
Bentheimer,408,66.51715087890625,63.41843032836914,0.7506829395904614
Bentheimer,409,68.47322082519531,67.1766586303711,0.7431578309185151
Bentheimer,410,70.41885375976562,67.04443359375,0.7389518682190545
Bentheimer,411,71.1740493774414,66.13308715820312,0.755783651199851
Bentheimer,412,21.534164428710938,62.760459899902344,0.650454483658324
Bentheimer,413,20.739784240722656,67.41820526123047,0.6299870165267931
Bentheimer,414,29.320350646972656,60.327877044677734,0.6753319478078742
Bentheimer,415,26.359540939331055,63.264461517333984,0.6590155616910719
Bentheimer,416,32.80555725097656,51.81206130981445,0.7419181502514002
Bentheimer,417,37.07093811035156,52.04048538208008,0.7280256663015421
Bentheimer,418,37.082523345947266,53.46562194824219,0.7261032770152497
Bentheimer,419,38.68068313598633,50.67755126953125,0.763567593730889
Bentheimer,420,25.77301025390625,52.069053649902344,0.5034814586835816
Bentheimer,421,19.743284225463867,50.012962341308594,0.5275634429803443
Bentheimer,422,25.107669830322266,46.27320861816406,0.5523865610961215
Bentheimer,423,16.740829467773438,54.40531539916992,0.4858887996708509
Berea Buff,0,30.116392135620117,43.10105895996094,0.8764042842688359
Berea Buff,1,27.38683319091797,42.35131072998047,0.8590009474211672
Berea Buff,2,29.835277557373047,43.567840576171875,0.8495369939992136
Berea Buff,3,29.519775390625,41.83599853515625,0.8834890387153953
Berea Buff,4,65.22659301757812,69.54165649414062,0.5622433115178114
Berea Buff,5,65.34122467041016,67.88202667236328,0.6233167651973376
Berea Buff,6,61.89503860473633,68.67642211914062,0.608284274658213
Berea Buff,7,62.92905807495117,68.79747772216797,0.5840081523929955
Berea Buff,8,41.511905670166016,49.88663864135742,0.83312918824952
Berea Buff,9,42.12881851196289,52.95585250854492,0.7897864792012618
Berea Buff,10,41.209564208984375,51.385108947753906,0.8091717377478403
Berea Buff,11,41.41082763671875,50.015201568603516,0.8295096031686764
Berea Buff,12,50.69770431518555,54.2353630065918,0.7919437862555883
Berea Buff,13,48.28836441040039,53.942176818847656,0.7846125685121432
Berea Buff,14,47.26566696166992,52.282291412353516,0.8084011614209705
Berea Buff,15,48.19596481323242,52.69740295410156,0.8069306197376576
Berea Buff,16,31.923782348632812,48.38302230834961,0.7267456676946012
Berea Buff,17,32.37778091430664,48.950748443603516,0.7472974789311371
Berea Buff,18,29.977935791015625,48.92774200439453,0.7490780300827886
Berea Buff,19,30.953989028930664,48.113929748535156,0.7344635758500667
Berea Buff,20,37.64129638671875,50.658546447753906,0.7500912052461312
Berea Buff,21,39.35080337524414,54.70589065551758,0.746476362171782
Berea Buff,22,35.999603271484375,52.247100830078125,0.7581788931294481
Berea Buff,23,39.300315856933594,52.76066589355469,0.7405373590920807
Berea Buff,24,42.37622833251953,55.594390869140625,0.7209898668548429
Berea Buff,25,41.66196823120117,54.53995895385742,0.749665803092437
Berea Buff,26,33.14496612548828,50.50967025756836,0.7553354652296725
Berea Buff,27,39.99671173095703,53.02348327636719,0.7522795564855983
Berea Buff,28,27.910186767578125,57.75660705566406,0.5375798221253704
Berea Buff,29,30.83555793762207,53.28612518310547,0.5516821570702436
Berea Buff,30,34.08716583251953,55.43000793457031,0.5639511575498376
Berea Buff,31,30.235082626342773,53.40839767456055,0.6564335739637126
Berea Buff,32,38.755855560302734,101.51861572265625,0.5782031430071235
Berea Buff,33,52.501617431640625,102.29571533203125,0.5557681208772733
Berea Buff,34,27.488006591796875,88.41731262207031,0.5218256409436123
Berea Buff,35,41.80010223388672,101.4482650756836,0.5276232124220164
Berea Buff,36,26.754440307617188,38.82737731933594,0.89754824761266
Berea Buff,37,20.928823471069336,38.96492385864258,0.8796521323715462
Berea Buff,38,24.233034133911133,36.26111602783203,0.8919936185690668
Berea Buff,39,27.549556732177734,38.57546615600586,0.8954534431526722
Berea Buff,40,76.23023986816406,66.61868286132812,0.7005092020939978
Berea Buff,41,69.58255767822266,60.202789306640625,0.7530234230985721
Berea Buff,42,70.33287811279297,62.56754684448242,0.7719919662124215
Berea Buff,43,70.80348205566406,63.60280227661133,0.7412150307873485
Berea Buff,44,43.85802459716797,66.82389831542969,0.6711362588914316
Berea Buff,45,37.48438262939453,65.01010131835938,0.6498931348757654
Berea Buff,46,42.36249542236328,66.20011901855469,0.6452067492695664
Berea Buff,47,46.01385498046875,69.09016418457031,0.5710813984477304
Berea Buff,48,24.346942901611328,37.039424896240234,0.9158602524701757
Berea Buff,49,26.192962646484375,38.93498992919922,0.8926566108942966
Berea Buff,50,24.96109962463379,35.74616622924805,0.9207912216833407
Berea Buff,51,24.868650436401367,39.44613265991211,0.8954221905417226
Berea Buff,52,49.657840728759766,53.00581359863281,0.7942781546523957
Berea Buff,53,52.240821838378906,56.382259368896484,0.7508072147261189
Berea Buff,54,52.406639099121094,55.868896484375,0.7810728218377422
Berea Buff,55,50.996055603027344,54.29112243652344,0.7918259529811779
Berea Buff,56,7.281968593597412,79.69071960449219,0.6174288731376986
Berea Buff,57,13.520977973937988,78.967529296875,0.6143479436533628
Berea Buff,58,19.88133430480957,95.27732849121094,0.6010680339503741
Berea Buff,59,20.772186279296875,82.99065399169922,0.6327676512921134
Berea Buff,60,17.563095092773438,49.180328369140625,0.7209637485222541
Berea Buff,61,18.44443130493164,52.66219711303711,0.7179073799690662
Berea Buff,62,26.11881446838379,51.37934494018555,0.7329346427759489
Berea Buff,63,21.226428985595703,51.59450912475586,0.763007203935641
Berea Buff,64,34.652435302734375,52.01609420776367,0.7085715651464268
Berea Buff,65,34.779632568359375,53.25437545776367,0.7096579141007868
Berea Buff,66,33.54141616821289,51.592567443847656,0.712935728128323
Berea Buff,67,37.8181266784668,54.278812408447266,0.7159370103712156
Berea Buff,68,62.835411071777344,67.35037231445312,0.8024367225002225
Berea Buff,69,62.214595794677734,65.42198944091797,0.8285393855008366
Berea Buff,70,60.864349365234375,64.87307739257812,0.7793531735514824
Berea Buff,71,60.72017288208008,65.9286117553711,0.8245817944736459
Berea Buff,72,42.965736389160156,64.18736267089844,0.46208093233652814
Berea Buff,73,41.59066390991211,62.71113967895508,0.48449309435258736
Berea Buff,74,47.75680923461914,64.9929428100586,0.4435903363773353
Berea Buff,75,43.11700439453125,62.441314697265625,0.48430042584493327
Berea Buff,76,35.95381546020508,41.66110610961914,0.8825599229956319
Berea Buff,77,39.85373306274414,43.1199951171875,0.8751788452125377
Berea Buff,78,33.27521514892578,39.7778434753418,0.8636260745096127
Berea Buff,79,36.795475006103516,41.85700607299805,0.875572063725685
Berea Buff,80,36.61856460571289,47.405941009521484,0.7544685175875439
Berea Buff,81,37.512428283691406,50.0439567565918,0.7366475814253116
Berea Buff,82,36.369781494140625,50.59463119506836,0.7223328305980777
Berea Buff,83,41.42083740234375,52.33986282348633,0.7682611572509644
Berea Buff,84,4.142876148223877,61.23299789428711,0.6796043666394647
Berea Buff,85,5.8203911781311035,58.73607635498047,0.693971765198614
Berea Buff,86,4.987907886505127,55.632205963134766,0.7140424342250367
Berea Buff,87,5.913426876068115,58.64604187011719,0.697825079158329
Berea Buff,88,38.67180252075195,55.52716827392578,0.7311118872788582
Berea Buff,89,40.857421875,51.42985534667969,0.7744321008101092
Berea Buff,90,44.933799743652344,55.417091369628906,0.7249048790168209
Berea Buff,91,35.62045669555664,52.55601119995117,0.7493492210952266
Berea Buff,92,2.7048141956329346,50.44776916503906,0.6617694926956467
Berea Buff,93,6.066225528717041,49.88776779174805,0.6819662835955965
Berea Buff,94,1.0713392496109009,49.92265319824219,0.6887911785807336
Berea Buff,95,18.47905921936035,55.510929107666016,0.6875325513413608
Berea Buff,96,34.31171417236328,44.17212677001953,0.7930542414651697
Berea Buff,97,41.58699417114258,49.64183807373047,0.7798824656647336
Berea Buff,98,38.94922637939453,48.33567428588867,0.7737777763771202
Berea Buff,99,39.872535705566406,47.62448501586914,0.7912684678581513
Berea Buff,100,68.21634674072266,71.53242492675781,0.6897164615776379
Berea Buff,101,68.69170379638672,71.83073425292969,0.7024062232928124
Berea Buff,102,69.12857055664062,73.80049133300781,0.6772566388045113
Berea Buff,103,66.06315612792969,70.40290069580078,0.7119783993220444
Berea Buff,104,25.473552703857422,48.056880950927734,0.7409378907958232
Berea Buff,105,31.947254180908203,51.97078323364258,0.6890023379796093
Berea Buff,106,32.264793395996094,49.72608947753906,0.7334728750272005
Berea Buff,107,30.241920471191406,50.60512161254883,0.7216484267880798
Berea Buff,108,52.22859573364258,60.37192153930664,0.8542099998812078
Berea Buff,109,52.03096389770508,60.92445755004883,0.8499702800243815
Berea Buff,110,49.32146072387695,56.927276611328125,0.862329313159621
Berea Buff,111,50.727439880371094,59.90542984008789,0.8685163309633329
Berea Buff,112,67.23436737060547,71.03778839111328,0.8484943485517968
Berea Buff,113,69.36717987060547,72.21310424804688,0.8665986410162289
Berea Buff,114,70.23925018310547,73.25557708740234,0.852393608192292
Berea Buff,115,69.1453628540039,72.4971694946289,0.8538239810401306
Berea Buff,116,0.9456217885017395,59.55289077758789,0.6162537801926127
Berea Buff,117,1.419657826423645,57.89015579223633,0.5790556891376658
Berea Buff,118,0.8140098452568054,57.34679412841797,0.597969870183604
Berea Buff,119,5.796860218048096,53.881431579589844,0.6496691245182512
Berea Buff,120,598.2906494140625,363.0330505371094,0.38277775332991093
Berea Buff,121,641.336669921875,407.5435791015625,0.37074900295005364
Berea Buff,122,641.3912353515625,411.5849609375,0.39928490314690024
Berea Buff,123,598.2132568359375,356.81488037109375,0.3972028875906907
Berea Buff,124,57.958885192871094,60.18461227416992,0.8473510046386946
Berea Buff,125,58.56228256225586,59.95705795288086,0.8569109956074282
Berea Buff,126,59.74485778808594,61.155799865722656,0.8512755695970216
Berea Buff,127,61.27577590942383,62.53496170043945,0.8470986750864787
Berea Buff,128,101.98124694824219,131.67874145507812,0.5517574371950156
Berea Buff,129,97.55960845947266,133.34239196777344,0.5261128495595598
Berea Buff,130,97.2237319946289,143.7064971923828,0.5768580005335991
Berea Buff,131,99.82408142089844,138.9401397705078,0.6066053965730158
Berea Buff,132,68.8460464477539,47.76767349243164,0.6753096100310166
Berea Buff,133,80.52000427246094,50.84669494628906,0.7067470932833668
Berea Buff,134,83.51024627685547,49.70880889892578,0.6735448153396992
Berea Buff,135,86.37506866455078,53.82339859008789,0.6561751869289625
Berea Buff,136,51.503726959228516,60.0986442565918,0.876487375525257
Berea Buff,137,52.587120056152344,60.047607421875,0.904832301670226
Berea Buff,138,51.47928237915039,57.9527473449707,0.902495090003141
Berea Buff,139,51.37057876586914,60.0043830871582,0.873657721051915
Berea Buff,140,41.4715690612793,49.15732192993164,0.7944296738666571
Berea Buff,141,48.05739974975586,51.448062896728516,0.8384015394608547
Berea Buff,142,47.66526794433594,54.75545883178711,0.8007311840914738
Berea Buff,143,47.54684829711914,52.894622802734375,0.8073954153115667
Berea Buff,144,36.08020782470703,45.2651252746582,0.8838624841443758
Berea Buff,145,34.86325454711914,44.067176818847656,0.8647296700814195
Berea Buff,146,34.7816047668457,44.893455505371094,0.8745671103293077
Berea Buff,147,36.10366439819336,45.28181076049805,0.8793417312463401
Berea Buff,148,8.831914901733398,27.2648983001709,0.9283530726900933
Berea Buff,149,12.80069637298584,28.269878387451172,0.9264995942750095
Berea Buff,150,14.966270446777344,27.72077178955078,0.9294361480261326
Berea Buff,151,14.850560188293457,28.318241119384766,0.9328714652238714
Berea Buff,152,10.412285804748535,55.21009063720703,0.7604920034450976
Berea Buff,153,8.584407806396484,51.086368560791016,0.8054288131505544
Berea Buff,154,8.447576522827148,55.267452239990234,0.7986887327363712
Berea Buff,155,0.7493747472763062,53.14616394042969,0.7763469234905204
Berea Buff,156,41.16130065917969,48.75171661376953,0.7707632774440013
Berea Buff,157,46.61474609375,53.690608978271484,0.7038888106914091
Berea Buff,158,43.589996337890625,52.93951416015625,0.7241701830200893
Berea Buff,159,41.26578140258789,47.034889221191406,0.7551802437439002
Berea Buff,160,44.924339294433594,108.0167007446289,0.5762362512817139
Berea Buff,161,28.72247886657715,93.97338104248047,0.6025399880506461
Berea Buff,162,40.79449462890625,109.55928039550781,0.5933383662311356
Berea Buff,163,35.97264099121094,97.03451538085938,0.5777430441585046
Berea Buff,164,38.22914505004883,49.437950134277344,0.7689922600022756
Berea Buff,165,39.33428192138672,50.202945709228516,0.7683284573758323
Berea Buff,166,41.711151123046875,51.9602165222168,0.7617812503043326
Berea Buff,167,41.694091796875,50.35022735595703,0.7990062670928466
Berea Buff,168,0.04864886775612831,69.88664245605469,0.5881516513072677
Berea Buff,169,0.9300867915153503,68.86346435546875,0.6036203719117598
Berea Buff,170,6.918867588043213,71.22673797607422,0.6312491912501125
Berea Buff,171,4.188781261444092,77.42874908447266,0.6048984047320171
Berea Buff,172,71.40355682373047,73.66958618164062,0.9253284100755645
Berea Buff,173,69.13272857666016,72.78042602539062,0.9079691315437051
Berea Buff,174,68.8617935180664,72.50944519042969,0.9035857012702536
Berea Buff,175,72.92227935791016,75.95874786376953,0.9120195194287188
Berea Buff,176,1.549383282661438,47.406002044677734,0.7465661101662574
Berea Buff,177,5.920764923095703,44.80525207519531,0.7425632222009508
Berea Buff,178,4.912100315093994,45.84700393676758,0.7412982882591831
Berea Buff,179,2.5259182453155518,45.234500885009766,0.7003943683987772
Berea Buff,180,72.37364959716797,73.75450134277344,0.8056652389687707
Berea Buff,181,70.50497436523438,69.98982238769531,0.8381894091568886
Berea Buff,182,71.24536895751953,72.0361099243164,0.8175295612365888
Berea Buff,183,72.63020324707031,73.35318756103516,0.8162885300916366
Berea Buff,184,2.594043493270874,47.447933197021484,0.5654156154064012
Berea Buff,185,5.0693535804748535,51.589725494384766,0.552022096023192
Berea Buff,186,5.065358638763428,53.56064224243164,0.5142552074503755
Berea Buff,187,13.130782127380371,53.17481994628906,0.5025407491715232
Berea Buff,188,63.30235290527344,64.26567840576172,0.8968762810396917
Berea Buff,189,64.87620544433594,66.88774871826172,0.876818917441241
Berea Buff,190,64.57164001464844,65.948486328125,0.8747595864468456
Berea Buff,191,63.1331901550293,65.87366485595703,0.8740232711673755
Berea Buff,192,62.92289352416992,61.03511047363281,0.8274729517018897
Berea Buff,193,59.21379089355469,57.69756317138672,0.8378141631216544
Berea Buff,194,59.266563415527344,57.39340591430664,0.8287682321839835
Berea Buff,195,62.74523162841797,59.5321044921875,0.8445949634704845
Berea Buff,196,46.913448333740234,58.068206787109375,0.7014353832154997
Berea Buff,197,45.14729690551758,56.17903518676758,0.7398358568740737
Berea Buff,198,45.233917236328125,56.417144775390625,0.7188183210936202
Berea Buff,199,43.82316589355469,56.56650161743164,0.7173331694296561
Berea Buff,200,19.09250831604004,63.01961898803711,0.6266789300061524
Berea Buff,201,12.24767780303955,59.808963775634766,0.6729847679542529
Berea Buff,202,19.960163116455078,62.58788299560547,0.5989546628622355
Berea Buff,203,15.674006462097168,60.06930160522461,0.6678155851312448
Berea Buff,204,63.20172119140625,60.183441162109375,0.8468163959359686
Berea Buff,205,62.44987869262695,59.21256637573242,0.8485831517481155
Berea Buff,206,63.12226867675781,60.22511291503906,0.8485088791178023
Berea Buff,207,66.47103881835938,60.597721099853516,0.8423410009461104
Leopard,0,23.18671417236328,42.6042594909668,0.6531228719029034
Leopard,1,26.052425384521484,43.78053283691406,0.668448128473412
Leopard,2,28.975385665893555,42.524478912353516,0.7061878174207787
Leopard,3,18.124004364013672,46.327056884765625,0.6544428709451995
Leopard,4,53.39499282836914,55.694114685058594,0.8604312209325795
Leopard,5,53.377716064453125,56.86964416503906,0.8298063549523291
Leopard,6,53.95871353149414,57.32783508300781,0.8163024901557416
Leopard,7,51.23533248901367,57.153812408447266,0.8095282753749127
Leopard,8,543.280029296875,478.57293701171875,0.18678351427581824
Leopard,9,620.0233154296875,491.561279296875,0.19302959070068837
Leopard,10,626.4080200195312,461.5488586425781,0.17773004651426327
Leopard,11,557.35107421875,458.34600830078125,0.1770704283294235
Leopard,12,124.36519622802734,128.6947021484375,0.6043796361535918
Leopard,13,107.42264556884766,122.26062774658203,0.5844818583068124
Leopard,14,118.84835815429688,128.48910522460938,0.6038114393243533
Leopard,15,108.10935974121094,120.14932250976562,0.5944068093622069
Leopard,16,26.603221893310547,87.66106414794922,0.5833014059004638
Leopard,17,21.103857040405273,73.21671295166016,0.57299089058316
Leopard,18,10.30813217163086,79.70409393310547,0.5392034984386586
Leopard,19,16.433746337890625,75.34101867675781,0.5938662398471382
Leopard,20,58.16316223144531,79.5072250366211,0.44386059437236136
Leopard,21,51.76994705200195,79.664794921875,0.43071978042169345
Leopard,22,57.96043395996094,82.07820892333984,0.4842597621203919
Leopard,23,58.84495162963867,70.88404083251953,0.4969540862838588
Leopard,24,19.650741577148438,51.223575592041016,0.6383481111966575
Leopard,25,20.887941360473633,51.75006866455078,0.6239697370191142
Leopard,26,17.807056427001953,53.127784729003906,0.6199757710858055
Leopard,27,28.18497657775879,54.808223724365234,0.5948049053930233
Leopard,28,41.102569580078125,63.399539947509766,0.5365099843963578
Leopard,29,34.81053924560547,61.409297943115234,0.5210118225603281
Leopard,30,36.59808349609375,64.70185852050781,0.5411401540901507
Leopard,31,42.843013763427734,67.81092834472656,0.4944834070506918
Leopard,32,50.68948745727539,62.418575286865234,0.5379883664458951
Leopard,33,49.60498809814453,62.078758239746094,0.5692130714041879
Leopard,34,50.71424102783203,62.46928405761719,0.5642129980872689
Leopard,35,52.06139373779297,65.26085662841797,0.5075414889546772
Leopard,36,43.03080749511719,51.21513748168945,0.6292554341874061
Leopard,37,30.870864868164062,49.79405212402344,0.5859176431675257
Leopard,38,41.081817626953125,52.460479736328125,0.6139640554814488
Leopard,39,38.76654052734375,50.560665130615234,0.6503977864186736
Leopard,40,145.40480041503906,199.46038818359375,0.5158934103868119
Leopard,41,144.67970275878906,174.52671813964844,0.5709808540101055
Leopard,42,162.852294921875,210.58103942871094,0.5669630314236654
Leopard,43,137.9624481201172,183.5845947265625,0.5807120289011128
Leopard,44,124.8994140625,98.84217834472656,0.4692400896807113
Leopard,45,118.7945327758789,98.81478118896484,0.47084556804772487
Leopard,46,130.2699432373047,107.40435791015625,0.44903631572868324
Leopard,47,146.63206481933594,117.97532653808594,0.4824158942573477
Leopard,48,4460.828125,3518.24755859375,0.3363321833341531
Leopard,49,4390.99853515625,3633.641357421875,0.289556401804442
Leopard,50,4471.7060546875,3658.946044921875,0.369453258830386
Leopard,51,4850.337890625,3750.936279296875,0.2856272680357165
Leopard,52,38.4710807800293,56.00012969970703,0.6079515652626541
Leopard,53,41.85771942138672,60.521114349365234,0.5410307164717547
Leopard,54,37.62138748168945,56.649452209472656,0.5977859364949109
Leopard,55,33.423526763916016,53.054256439208984,0.6477173628015497
Leopard,56,59.001731872558594,54.37466049194336,0.8800655844135129
Leopard,57,60.907432556152344,57.362525939941406,0.8789148806355741
Leopard,58,60.957000732421875,56.736846923828125,0.889508308253242
Leopard,59,59.9578742980957,56.48377227783203,0.8878730465623654
Leopard,60,1266.3541259765625,898.4725952148438,0.31209872166357694
Leopard,61,1292.496337890625,1011.5588989257812,0.28051984495757576
Leopard,62,1316.5439453125,1072.676513671875,0.280361079542416
Leopard,63,1327.218994140625,1060.5703125,0.2719459302840532
Leopard,64,5.689136505126953,53.81331253051758,0.6555955939866814
Leopard,65,6.730249881744385,51.72491455078125,0.6799263452456877
Leopard,66,5.794454097747803,53.02483367919922,0.6684114716056777
Leopard,67,9.953418731689453,53.53968811035156,0.6734643810648953
Leopard,68,244.75759887695312,167.60491943359375,0.5073305292036387
Leopard,69,209.45916748046875,176.8033447265625,0.5396942843436516
Leopard,70,269.9167175292969,181.94970703125,0.484327163402006
Leopard,71,266.4616394042969,185.177978515625,0.4629076615747096
Leopard,72,47.21387481689453,63.824405670166016,0.5540361940328468
Leopard,73,47.80350875854492,61.11482238769531,0.5793267513758712
Leopard,74,51.857364654541016,62.8048095703125,0.5634163102418828
Leopard,75,61.533382415771484,64.03707885742188,0.5403964530776851
Leopard,76,191.35426330566406,111.79424285888672,0.3071451757933139
Leopard,77,199.4222412109375,116.10848236083984,0.31468415461079025
Leopard,78,198.2730255126953,125.88300323486328,0.31199839964488174
Leopard,79,201.06285095214844,131.3866424560547,0.35752802995750566
Leopard,80,73.94061279296875,76.03622436523438,0.718935988519483
Leopard,81,72.84733581542969,75.99614715576172,0.7114342901309509
Leopard,82,72.83488464355469,76.16219329833984,0.7169352019658682
Leopard,83,72.05672454833984,75.22647094726562,0.7124661157185501
Leopard,84,24.19896697998047,39.2133903503418,0.8067702507311564
Leopard,85,26.082950592041016,41.05008316040039,0.7886951470482852
Leopard,86,26.24837875366211,44.084259033203125,0.7602573731473018
Leopard,87,25.110816955566406,42.557979583740234,0.7932984174922161
Leopard,88,137.32907104492188,111.8298110961914,0.4100271165179618
Leopard,89,118.10173034667969,111.28372955322266,0.3878377350071171
Leopard,90,115.91862487792969,110.99279022216797,0.40990164818748354
Leopard,91,117.5967025756836,115.00357818603516,0.36257093436818916
Leopard,92,45.1801643371582,55.83869171142578,0.65358535487845
Leopard,93,42.71839141845703,58.07939910888672,0.6318806177953677
Leopard,94,46.02003479003906,59.155731201171875,0.5767812198390704
Leopard,95,41.81614303588867,52.34352493286133,0.6174471280971384
Leopard,96,124.64207458496094,113.12190246582031,0.5182969858160731
Leopard,97,116.0949478149414,105.42424774169922,0.5147347787326476
Leopard,98,102.822265625,101.76704406738281,0.5512211156786126
Leopard,99,126.9423599243164,107.3247299194336,0.5914896655674687
Leopard,100,40.15810012817383,47.31363296508789,0.8733587414050937
Leopard,101,41.11256790161133,52.263916015625,0.8402089669693569
Leopard,102,40.66695022583008,51.3519172668457,0.8701660307029652
Leopard,103,38.34315872192383,52.71798324584961,0.8567594174198764
Leopard,104,23.833860397338867,50.55824279785156,0.6417696475327733
Leopard,105,19.375469207763672,50.08600997924805,0.6775168306321794
Leopard,106,24.63762092590332,53.896793365478516,0.6020144103511083
Leopard,107,32.462493896484375,53.057456970214844,0.6519123041368053
Leopard,108,90.94152069091797,70.68582916259766,0.5237500739845332
Leopard,109,56.13019943237305,64.26638793945312,0.394934836574517
Leopard,110,72.98706817626953,74.34078216552734,0.46067789750819144
Leopard,111,77.08806610107422,68.58252716064453,0.4540633479626978
Leopard,112,207.5520782470703,113.8750991821289,0.49174965716685937
Leopard,113,225.29452514648438,117.01327514648438,0.5070005092107996
Leopard,114,250.73822021484375,133.75247192382812,0.47397064701757236
Leopard,115,216.07516479492188,123.45823669433594,0.4781241430486803
Leopard,116,5.378479480743408,54.49905014038086,0.49659001400843267
Leopard,117,2.9618723392486572,52.52968978881836,0.5180439398154822
Leopard,118,4.560351848602295,50.82862091064453,0.5810892237702437
Leopard,119,3.675542116165161,50.550636291503906,0.5717968254574318
Leopard,120,22.42429542541504,49.64034652709961,0.6487707717055586
Leopard,121,7.226791858673096,54.01804733276367,0.5886453288401097
Leopard,122,11.682406425476074,50.45696258544922,0.6445792946632213
Leopard,123,14.150491714477539,48.82990264892578,0.634946148402119
Leopard,124,44.97549057006836,116.95677947998047,0.4745973884420216
Leopard,125,44.0495491027832,99.5193862915039,0.5189885287269365
Leopard,126,16.26409912109375,89.07180786132812,0.44385320394076894
Leopard,127,24.781015396118164,94.83782196044922,0.517379321613627
Leopard,128,290.9750061035156,151.79234313964844,0.3476774226910955
Leopard,129,303.3688049316406,160.0579833984375,0.3891489591067703
Leopard,130,297.5112609863281,150.06651306152344,0.3751644224308631
Leopard,131,290.14324951171875,150.59774780273438,0.37212439363017985
Leopard,132,56.7657356262207,59.116817474365234,0.6819527592617229
Leopard,133,57.07454299926758,60.198890686035156,0.7127229718250919
Leopard,134,59.356441497802734,61.64884948730469,0.6346180419495813
Leopard,135,59.97616958618164,62.18745803833008,0.6923172438190563
Leopard,136,90.3828125,70.8636474609375,0.41670002355679425
Leopard,137,91.2981185913086,72.15141296386719,0.4250111042981928
Leopard,138,92.62113189697266,69.96826934814453,0.4150468000523539
Leopard,139,97.81859588623047,73.04817962646484,0.3878034925292377
Leopard,140,118.59817504882812,59.45610046386719,0.38498370064393606
Leopard,141,124.48448181152344,63.03261947631836,0.4125011287301336
Leopard,142,116.42840576171875,58.21532440185547,0.39174990832416734
Leopard,143,122.86553192138672,60.81394577026367,0.38085514861880504
Leopard,144,0.03183485567569733,48.09852981567383,0.5920498194971501
Leopard,145,2.4684877395629883,44.76063537597656,0.6005349096983396
Leopard,146,7.3274126052856445,45.276763916015625,0.6385037879804932
Leopard,147,9.245569229125977,50.36350631713867,0.618429936408157
Leopard,148,43.65768814086914,70.95954895019531,0.6339290861854241
Leopard,149,50.20957946777344,74.63658142089844,0.5916949030799267
Leopard,150,38.57299041748047,70.53669738769531,0.6340331826412234
Leopard,151,41.60920333862305,70.72191619873047,0.6441539025896205
Leopard,152,37.43670654296875,49.45071029663086,0.8082504798605403
Leopard,153,39.36627960205078,51.82595443725586,0.8033861859769277
Leopard,154,37.70402908325195,48.651702880859375,0.8076054746504244
Leopard,155,28.27525520324707,45.9665641784668,0.804044375410437
Leopard,156,27.7396183013916,48.81116485595703,0.6379252325258898
Leopard,157,26.46514892578125,49.72532272338867,0.6184510619555598
Leopard,158,30.29665756225586,52.42005920410156,0.5693082154228848
Leopard,159,25.507875442504883,49.8699836730957,0.615050403986853
Leopard,160,142.79685974121094,166.3885040283203,0.591994807968215
Leopard,161,132.6732635498047,182.08950805664062,0.5649650847873536
Leopard,162,102.33553314208984,160.69407653808594,0.5042525520575891
Leopard,163,117.59515380859375,155.98475646972656,0.5008836099433781
Leopard,164,252.66329956054688,142.97384643554688,0.4557272777839722
Leopard,165,245.58070373535156,159.74913024902344,0.4564373070818891
Leopard,166,249.37144470214844,177.1963348388672,0.48422423499453265
Leopard,167,244.08436584472656,176.75596618652344,0.48227839271720363
Leopard,168,24808.556640625,23433.63671875,0.07038025843292525
Leopard,169,23338.994140625,23185.115234375,0.060848413664378126
Leopard,170,23164.8515625,23047.29296875,0.08749555190323234
Leopard,171,23133.119140625,22630.716796875,0.06837188417755526
Leopard,172,568.1156005859375,762.3513793945312,0.27737162904956303
Leopard,173,605.8130493164062,784.818603515625,0.26909649393489793
Leopard,174,550.9617919921875,809.9722290039062,0.29694663477840555
Leopard,175,636.7842407226562,837.8551025390625,0.22600635316731635
Leopard,176,30.126323699951172,61.851715087890625,0.4048307312164691
Leopard,177,14.720231056213379,59.836177825927734,0.385915358232463
Leopard,178,23.898012161254883,60.455020904541016,0.4193021949691994
Leopard,179,23.470272064208984,58.67790222167969,0.4391573477390059
Leopard,180,0.28313326835632324,39.03402328491211,0.7982587737859195
Leopard,181,0.20427754521369934,42.10820007324219,0.8078996143544175
Leopard,182,3.202059268951416,35.93400192260742,0.8077283742069836
Leopard,183,3.5959861278533936,35.882137298583984,0.8234888926425279
Leopard,184,40.9171028137207,51.81215286254883,0.7290723126500369
Leopard,185,37.64813232421875,52.56998062133789,0.7088617704946654
Leopard,186,38.116844177246094,51.09416580200195,0.7525334627427015
Leopard,187,39.78994369506836,52.293983459472656,0.7300245342281113
Leopard,188,8.313364028930664,57.799625396728516,0.46506779216397376
Leopard,189,12.600932121276855,62.040138244628906,0.40515940923214394
Leopard,190,5.454905033111572,56.19953155517578,0.5588698943412552
Leopard,191,19.705371856689453,61.191287994384766,0.45863700872030394
Leopard,192,62.14238739013672,68.20723724365234,0.7318895527273128
Leopard,193,62.71647644042969,68.95671844482422,0.7432814046365559
Leopard,194,62.89166259765625,68.29597473144531,0.7415939940502395
Leopard,195,63.58132553100586,67.70408630371094,0.7862344253414366
Leopard,196,216.296630859375,128.57952880859375,0.6947097793150399
Leopard,197,220.92410278320312,140.5945281982422,0.7026462124232595
Leopard,198,185.46832275390625,128.90834045410156,0.6781817589785197
Leopard,199,188.00619506835938,119.35076904296875,0.6530086434201696
Leopard,200,31.763633728027344,53.418548583984375,0.7519054837473829
Leopard,201,32.24260330200195,51.65216827392578,0.7462183833292292
Leopard,202,37.31162643432617,57.43037796020508,0.7010330669993455
Leopard,203,36.411712646484375,53.598297119140625,0.7274039834013586
Leopard,204,2700.23291015625,2445.622802734375,0.1982473267942552
Leopard,205,2565.296875,2173.646240234375,0.1988756175584856
Leopard,206,2565.816650390625,2242.082763671875,0.19409083796866733
Leopard,207,2665.406494140625,2424.808837890625,0.2028410857634904
Leopard,208,61847.40625,37393.453125,0.1498480608487659
Leopard,209,61984.9453125,37690.08203125,0.13392753363639723
Leopard,210,58364.625,38128.01953125,0.16137954211468059
Leopard,211,59913.25390625,38152.921875,0.17178094590937731
Leopard,212,40.87411880493164,52.51911544799805,0.8004338181111563
Leopard,213,41.38187026977539,50.387046813964844,0.7662401796769412
Leopard,214,36.995025634765625,51.676536560058594,0.7629451479244386
Leopard,215,37.67176055908203,54.618385314941406,0.7286416223513414
Leopard,216,18.263507843017578,52.836971282958984,0.6834853811611691
Leopard,217,14.04807186126709,59.572601318359375,0.6089176395971572
Leopard,218,23.044208526611328,59.46259307861328,0.6301728775886588
Leopard,219,14.63287353515625,56.718353271484375,0.6566318106545339
Leopard,220,14355.5615234375,16768.978515625,0.12225436199690712
Leopard,221,14057.205078125,16846.1171875,0.11737161115079034
Leopard,222,15176.91796875,18980.5546875,0.10905460654023283
Leopard,223,15340.05859375,16259.3212890625,0.09777221558154657
Leopard,224,102.88831329345703,116.49420928955078,0.6342966458704223
Leopard,225,136.440673828125,143.28317260742188,0.6806929014095587
Leopard,226,98.50437927246094,112.50991821289062,0.5991260033923677
Leopard,227,122.78411102294922,127.4165267944336,0.6182688145719791
Leopard,228,41.56108093261719,50.847450256347656,0.595905055559939
Leopard,229,45.1228141784668,48.45914077758789,0.6045122943939161
Leopard,230,38.911170959472656,48.52245330810547,0.5770751978820566
Leopard,231,43.90436553955078,45.226722717285156,0.6686031688854842
Leopard,232,10.07439136505127,57.82313919067383,0.4218394075291672
Leopard,233,12.029335021972656,56.19379425048828,0.4593269875073104
Leopard,234,4.78639030456543,53.266815185546875,0.4764171914918698
Leopard,235,5.009463787078857,57.58411407470703,0.4726119645146513
Leopard,236,10.13428783416748,46.8298454284668,0.7429484122136674
Leopard,237,6.056884765625,53.61331558227539,0.7394936836809946
Leopard,238,14.133298873901367,50.36558151245117,0.7489515202268647
Leopard,239,17.32533073425293,47.35104751586914,0.7335856121619674
Leopard,240,69.70402526855469,75.3441390991211,0.6742920987447804
Leopard,241,68.69856262207031,75.2339859008789,0.639491241742675
Leopard,242,68.8310546875,75.02867126464844,0.7100359614510853
Leopard,243,68.05894470214844,74.4662094116211,0.6882537550477198
Leopard,244,35.726497650146484,50.68385314941406,0.678743553979373
Leopard,245,38.68290328979492,51.38328170776367,0.7061357443628021
Leopard,246,38.7036018371582,54.02609634399414,0.6878275490099135
Leopard,247,35.29826354980469,51.209232330322266,0.7070615536377607
Leopard,248,18.998767852783203,61.48016357421875,0.5068541161638336
Leopard,249,25.946346282958984,61.67487716674805,0.4275616278094176
Leopard,250,36.504154205322266,54.641658782958984,0.5517348178328666
Leopard,251,33.619232177734375,56.41628646850586,0.47415741279641205
Leopard,252,44.20785140991211,56.758358001708984,0.7005736967928461
Leopard,253,46.92808151245117,58.935733795166016,0.655864202520602
Leopard,254,46.44746017456055,59.49814224243164,0.6669430042776832
Leopard,255,47.58848571777344,58.810768127441406,0.6718688743718775
Leopard,256,106.95282745361328,76.06491088867188,0.17767284118132143
Leopard,257,121.0575942993164,82.55924224853516,0.16303445524201102
Leopard,258,109.5816879272461,81.61177825927734,0.19030592174502892
Leopard,259,100.80859375,73.94883728027344,0.19922423818462637
Leopard,260,470.2825012207031,286.5682678222656,0.33659283881299884
Leopard,261,448.51885986328125,272.78863525390625,0.35859491127012305
Leopard,262,421.6019592285156,267.1054992675781,0.3405652645009238
Leopard,263,429.15631103515625,260.10565185546875,0.3387264915950694
Leopard,264,24.02280616760254,53.700016021728516,0.521306947352973
Leopard,265,16.678157806396484,52.633480072021484,0.5206649057349211
Leopard,266,15.279240608215332,54.61257553100586,0.5288426590214073
Leopard,267,14.812433242797852,53.99919891357422,0.5360170690983712
Leopard,268,294.5336608886719,344.4720458984375,0.40392919957032286
Leopard,269,267.6787109375,324.9346923828125,0.4937733288903651
Leopard,270,265.30999755859375,317.51043701171875,0.42570238283447837
Leopard,271,273.8622131347656,298.5088806152344,0.4127358041179691
Leopard,272,231.45266723632812,252.41683959960938,0.3176347962839704
Leopard,273,238.07611083984375,258.75958251953125,0.3041656291786332
Leopard,274,234.26695251464844,247.8837890625,0.30616067295264054
Leopard,275,233.242431640625,255.5002899169922,0.31815808152847663
Castle Gate,0,3.5153186321258545,52.75056457519531,0.6026707152294588
Castle Gate,1,4.970135688781738,52.75129318237305,0.5929992095918588
Castle Gate,2,3.7240772247314453,52.29559326171875,0.6234738263456331
Castle Gate,3,7.4809489250183105,54.90592575073242,0.6365658288464053
Castle Gate,4,18.6802978515625,51.71814727783203,0.7131006149914051
Castle Gate,5,17.829755783081055,49.43242263793945,0.7217858451599667
Castle Gate,6,16.61844825744629,50.31517028808594,0.7019359213640218
Castle Gate,7,14.13236141204834,51.7147331237793,0.694360622524775
Castle Gate,8,44.88554763793945,53.46967697143555,0.826675362044253
Castle Gate,9,45.56550979614258,55.277713775634766,0.8001253150458945
Castle Gate,10,46.161441802978516,55.057830810546875,0.8201299685233766
Castle Gate,11,46.27614212036133,56.19393539428711,0.8019334526980104
Castle Gate,12,21.631738662719727,51.11906433105469,0.6126032210036371
Castle Gate,13,14.24279499053955,55.08186340332031,0.5568316132192787
Castle Gate,14,15.9146728515625,53.33837890625,0.589023612871827
Castle Gate,15,14.878960609436035,55.81232833862305,0.569821886679361
Castle Gate,16,10.020112991333008,69.75071716308594,0.5498656309689334
Castle Gate,17,16.9346981048584,68.52024841308594,0.553105384981516
Castle Gate,18,14.012673377990723,72.95365142822266,0.5516015035469787
Castle Gate,19,17.033781051635742,68.69160461425781,0.5335893721516868
Castle Gate,20,277.7050476074219,303.584716796875,0.40850283971371726
Castle Gate,21,312.7944030761719,310.7244567871094,0.40772484384919155
Castle Gate,22,249.3031768798828,268.9657287597656,0.3731895820525184
Castle Gate,23,267.48626708984375,278.6719055175781,0.4175219611307461
Castle Gate,24,36.66090393066406,53.95355987548828,0.6965525383497547
Castle Gate,25,40.28412628173828,54.389095306396484,0.7124063016537058
Castle Gate,26,34.23696517944336,51.20330047607422,0.757092546470342
Castle Gate,27,32.42233657836914,52.38931655883789,0.725793031566897
Castle Gate,28,25.41269302368164,41.50119400024414,0.8328530941282096
Castle Gate,29,22.807098388671875,40.3321533203125,0.8198859879620954
Castle Gate,30,23.933364868164062,39.22654724121094,0.8371821913808762
Castle Gate,31,25.816946029663086,39.19025802612305,0.8515876597453576
Castle Gate,32,26.73561668395996,53.63985061645508,0.6024963889710029
Castle Gate,33,26.326255798339844,51.844703674316406,0.6567731464474291
Castle Gate,34,27.252119064331055,50.183067321777344,0.6330455139941197
Castle Gate,35,30.155227661132812,52.27198028564453,0.6175142622274066
Castle Gate,36,214.38917541503906,250.9080810546875,0.5891799196646442
Castle Gate,37,186.67811584472656,236.7692413330078,0.5800371785490334
Castle Gate,38,213.9634246826172,258.6126403808594,0.5683761030150128
Castle Gate,39,210.3546600341797,257.77984619140625,0.5561701564383279
Castle Gate,40,43.492183685302734,53.90275192260742,0.7744216210580972
Castle Gate,41,43.9725227355957,54.46455001831055,0.7829004273897727
Castle Gate,42,46.83155822753906,56.500972747802734,0.7516803239155355
Castle Gate,43,45.09134292602539,55.16777420043945,0.7707127863837828
Castle Gate,44,56.752716064453125,63.440635681152344,0.7500808800615647
Castle Gate,45,56.037559509277344,63.035743713378906,0.7536771027406035
Castle Gate,46,57.55532455444336,64.22744750976562,0.7462978965219725
Castle Gate,47,57.015380859375,63.99772262573242,0.7582725810666076
Castle Gate,48,124.82427978515625,119.19003295898438,0.6638095995514188
Castle Gate,49,123.20997619628906,111.74845886230469,0.6668458044748281
Castle Gate,50,126.54563903808594,120.59598541259766,0.6637806595619571
Castle Gate,51,121.09041595458984,120.38909912109375,0.6512241202487632
Castle Gate,52,41.640296936035156,55.2275276184082,0.6851850394842165
Castle Gate,53,46.623374938964844,56.13322830200195,0.6359084502493272
Castle Gate,54,42.85072326660156,56.43742752075195,0.7143848092892053
Castle Gate,55,38.19651794433594,57.7766227722168,0.687426872029228
Castle Gate,56,41.12704086303711,49.59247970581055,0.6258166920266375
Castle Gate,57,32.653099060058594,53.62302780151367,0.6070897279358262
Castle Gate,58,35.08757400512695,46.62983322143555,0.6166860995178238
Castle Gate,59,25.6175537109375,45.82882308959961,0.6387536021374546
Castle Gate,60,18.304147720336914,40.56019973754883,0.7885282375168433
Castle Gate,61,26.351993560791016,44.78064727783203,0.7621281155525638
Castle Gate,62,27.392515182495117,44.01316833496094,0.7733400298356158
Castle Gate,63,21.511106491088867,39.50633239746094,0.8069823763775501
Castle Gate,64,49.70724868774414,63.965240478515625,0.5569324721220192
Castle Gate,65,50.95549774169922,61.90671157836914,0.6598134671244045
Castle Gate,66,54.83088302612305,62.896575927734375,0.6786447096697668
Castle Gate,67,53.982147216796875,62.317039489746094,0.6566109440523326
Castle Gate,68,389.236572265625,398.625732421875,0.3573027732957079
Castle Gate,69,390.93572998046875,382.8551025390625,0.3831276522721773
Castle Gate,70,410.0476379394531,412.33544921875,0.38342708904052164
Castle Gate,71,407.44342041015625,410.7409362792969,0.372541073213803
Castle Gate,72,7.15347146987915,45.97313690185547,0.6886857369598874
Castle Gate,73,3.2233259677886963,47.820892333984375,0.68756713238273
Castle Gate,74,4.934581279754639,50.55458450317383,0.661533520231846
Castle Gate,75,1.87885320186615,48.17292785644531,0.6764045106816235
Castle Gate,76,5.584105968475342,39.605369567871094,0.8010866195833644
Castle Gate,77,9.400139808654785,40.43277359008789,0.796962084058882
Castle Gate,78,13.573968887329102,42.96406555175781,0.7780651302081301
Castle Gate,79,5.574790000915527,43.160369873046875,0.781508354168552
Castle Gate,80,79.7325439453125,89.84013366699219,0.6079910822808874
Castle Gate,81,79.67069244384766,89.84561920166016,0.6518233233925848
Castle Gate,82,67.46387481689453,84.33191680908203,0.6108705570056067
Castle Gate,83,77.64556884765625,91.47830200195312,0.5735984525617651
Castle Gate,84,61.668235778808594,68.37229919433594,0.8951822793091146
Castle Gate,85,62.66208267211914,70.29306030273438,0.8661971000998521
Castle Gate,86,61.98766326904297,70.2135009765625,0.850323458837195
Castle Gate,87,62.114288330078125,68.80472564697266,0.899706432652467
Castle Gate,88,42.60905456542969,51.256927490234375,0.826218500493521
Castle Gate,89,44.119407653808594,52.16019058227539,0.8545667725623135
Castle Gate,90,39.20165252685547,46.622108459472656,0.8723720324094099
Castle Gate,91,39.493385314941406,47.827880859375,0.8529437196364553
Castle Gate,92,52.93675231933594,72.06241607666016,0.7692708654492146
Castle Gate,93,56.888938903808594,80.78733825683594,0.6884076226882183
Castle Gate,94,64.09295654296875,87.44331359863281,0.7063148547645058
Castle Gate,95,66.77998352050781,87.85792541503906,0.6875773268807469
Castle Gate,96,2.8820221424102783,45.11724853515625,0.7759632044096407
Castle Gate,97,0.8821991086006165,44.70027542114258,0.7797096111207235
Castle Gate,98,0.6479645371437073,45.445064544677734,0.7993288407369757
Castle Gate,99,5.353172779083252,45.75423049926758,0.7804733480340651
Castle Gate,100,24.67981719970703,47.671142578125,0.7369399547063917
Castle Gate,101,23.01312255859375,45.291439056396484,0.7719192330966721
Castle Gate,102,26.69435691833496,47.809059143066406,0.7543489815763638
Castle Gate,103,25.49506378173828,46.162254333496094,0.7473502849222539
Castle Gate,104,2.0812950134277344,43.0735969543457,0.796152150615244
Castle Gate,105,7.424524307250977,43.28206253051758,0.7888383440438632
Castle Gate,106,3.0185439586639404,45.026329040527344,0.7740656532323142
Castle Gate,107,0.6883578300476074,42.01042556762695,0.8103688582509364
Castle Gate,108,27.154726028442383,58.29266357421875,0.5982347622434485
Castle Gate,109,20.288555145263672,55.111568450927734,0.6838378735665477
Castle Gate,110,11.456497192382812,59.60856246948242,0.6675839953888212
Castle Gate,111,15.655914306640625,58.43709182739258,0.634855513001445
Castle Gate,112,151.5575714111328,135.58924865722656,0.41255224159237386
Castle Gate,113,159.95872497558594,146.81434631347656,0.41366712918847365
Castle Gate,114,159.70828247070312,150.07640075683594,0.444111965704662
Castle Gate,115,170.7821807861328,147.04351806640625,0.4007409301762295
Castle Gate,116,27.503108978271484,51.77890396118164,0.623808938943109
Castle Gate,117,30.553834915161133,57.036216735839844,0.5527345709265374
Castle Gate,118,29.29779815673828,54.551841735839844,0.5872876614462706
Castle Gate,119,29.895423889160156,51.59526062011719,0.5916246093135971
Castle Gate,120,11.170167922973633,49.70579528808594,0.6255752223863265
Castle Gate,121,19.734302520751953,47.988609313964844,0.690224549284497
Castle Gate,122,14.034271240234375,52.75542449951172,0.6169305038622657
Castle Gate,123,6.516453266143799,48.49885177612305,0.6757618944303433
Castle Gate,124,21.32952308654785,33.72494125366211,0.7061753301933907
Castle Gate,125,28.459388732910156,38.728214263916016,0.7367950186805019
Castle Gate,126,27.156354904174805,37.4221076965332,0.7122193887196461
Castle Gate,127,23.196449279785156,36.81159973144531,0.7110230211126032
Castle Gate,128,7.396305561065674,59.23876953125,0.6088643745062273
Castle Gate,129,2.2876338958740234,62.68746566772461,0.5604526426752
Castle Gate,130,16.46959686279297,66.3978042602539,0.5945786289843609
Castle Gate,131,12.407215118408203,66.68794250488281,0.6224965751798281
Castle Gate,132,80.06132507324219,99.38285827636719,0.6884231499643547
Castle Gate,133,71.96945190429688,94.01653289794922,0.6920504581411525
Castle Gate,134,87.48460388183594,111.75923156738281,0.6594878937952351
Castle Gate,135,83.66874694824219,109.40789794921875,0.6581013173136556
Castle Gate,136,28.036977767944336,50.37192916870117,0.7588747608913993
Castle Gate,137,30.823007583618164,49.616920471191406,0.7756686315073519
Castle Gate,138,25.75482749938965,47.461769104003906,0.7805317321979527
Castle Gate,139,29.69561767578125,49.86529541015625,0.7867466088646119
Castle Gate,140,102.50868225097656,88.03772735595703,0.5470862735386461
Castle Gate,141,91.33363342285156,87.04354095458984,0.4780095108460121
Castle Gate,142,88.16674041748047,86.0673828125,0.4741882180640161
Castle Gate,143,87.77217102050781,80.47044372558594,0.5079094222815005
Castle Gate,144,32.04235076904297,49.192466735839844,0.746498147045378
Castle Gate,145,35.8303337097168,51.04038619995117,0.7442404479752225
Castle Gate,146,33.41632080078125,50.039276123046875,0.7271770475166365
Castle Gate,147,33.63547897338867,49.55504608154297,0.7377549614498194
Castle Gate,148,165.4761199951172,183.96701049804688,0.4965293116438772
Castle Gate,149,151.59410095214844,168.962890625,0.5654286223419994
Castle Gate,150,166.33291625976562,182.02127075195312,0.5304387027147942
Castle Gate,151,163.79852294921875,180.0589599609375,0.5503899150660739
Castle Gate,152,17.10615348815918,47.91346740722656,0.6730797579885711
Castle Gate,153,24.308849334716797,51.112945556640625,0.655413947963835
Castle Gate,154,25.31079864501953,49.936771392822266,0.6681474983852435
Castle Gate,155,21.12639808654785,52.214202880859375,0.6431755639070446
Castle Gate,156,19.333438873291016,60.201934814453125,0.5674730426122973
Castle Gate,157,27.63494110107422,69.1643295288086,0.5644982181153095
Castle Gate,158,25.151302337646484,68.8358154296875,0.547515317917467
Castle Gate,159,25.192472457885742,61.72480392456055,0.5645481004220159
Castle Gate,160,68.29960632324219,70.50975036621094,0.8739196830952102
Castle Gate,161,70.8220443725586,72.44401550292969,0.8445737279519939
Castle Gate,162,69.7900161743164,71.36708068847656,0.8675236737447914
Castle Gate,163,66.96813201904297,68.3990249633789,0.9115446053204118
Castle Gate,164,62.45738220214844,66.7003402709961,0.8246714723099753
Castle Gate,165,61.887264251708984,65.54808807373047,0.8290966379380984
Castle Gate,166,62.95998001098633,66.3172378540039,0.8266049001591382
Castle Gate,167,60.0911865234375,63.18265914916992,0.8421592620003744
Castle Gate,168,62.92231750488281,89.23385620117188,0.5186936617329023
Castle Gate,169,59.459835052490234,88.19535064697266,0.5344564195766729
Castle Gate,170,68.92346954345703,93.06741333007812,0.46758599336638623
Castle Gate,171,65.21099090576172,90.46098327636719,0.48062083694617713
Castle Gate,172,38.48344421386719,45.14627456665039,0.8342435641382144
Castle Gate,173,39.945892333984375,46.62206268310547,0.8141284246410126
Castle Gate,174,39.55636978149414,45.6692008972168,0.8296359406605596
Castle Gate,175,37.1484375,44.20744323730469,0.8387293581604067
Castle Gate,176,17.36196517944336,41.652835845947266,0.7480921639098166
Castle Gate,177,16.973201751708984,43.53110122680664,0.6840522657475336
Castle Gate,178,21.583219528198242,44.390602111816406,0.7346534457945109
Castle Gate,179,18.285593032836914,42.159156799316406,0.7121410806291151
Castle Gate,180,54.9168701171875,63.097381591796875,0.6794293105133855
Castle Gate,181,51.35261154174805,61.061710357666016,0.6764641386209469
Castle Gate,182,51.04445266723633,61.11705780029297,0.6947030261118442
Castle Gate,183,54.9772834777832,63.296791076660156,0.6463951868952423
Castle Gate,184,1.3070558309555054,43.50730514526367,0.6569317570044567
Castle Gate,185,3.8422000408172607,43.2572021484375,0.6639345366693927
Castle Gate,186,3.0512962341308594,41.20314407348633,0.6978168870012346
Castle Gate,187,0.41354912519454956,43.430843353271484,0.6756616854171223
Castle Gate,188,31.1728572845459,44.29290771484375,0.7626085272976779
Castle Gate,189,28.211938858032227,42.576480865478516,0.7771810585622
Castle Gate,190,36.392269134521484,46.56584548950195,0.7723678337213177
Castle Gate,191,29.340322494506836,42.88471984863281,0.7838928533129644
Castle Gate,192,0.6298146843910217,47.7389030456543,0.6189944710081672
Castle Gate,193,9.113990783691406,50.23880386352539,0.614573266228305
Castle Gate,194,1.7766411304473877,51.199462890625,0.6066006365437879
Castle Gate,195,0.8040161728858948,49.97443771362305,0.6236061108743735
Castle Gate,196,46.55752944946289,54.03310012817383,0.7077069865517108
Castle Gate,197,47.88145065307617,56.156890869140625,0.7136421996926916
Castle Gate,198,46.006927490234375,52.62089157104492,0.7315229941560397
Castle Gate,199,44.6790657043457,51.866817474365234,0.7554931286516088
Castle Gate,200,46.26449203491211,47.06645965576172,0.642194761345671
Castle Gate,201,43.56148147583008,45.83965301513672,0.6396588355141624
Castle Gate,202,36.2667350769043,46.284156799316406,0.6137088395497445
Castle Gate,203,42.49570846557617,48.339168548583984,0.633943544356433
Castle Gate,204,18.283077239990234,41.26080322265625,0.8001138966401087
Castle Gate,205,23.350366592407227,44.73939514160156,0.7905947937034298
Castle Gate,206,23.393157958984375,42.81257629394531,0.8086716126161213
Castle Gate,207,19.195894241333008,41.8870849609375,0.7980475358798956
Castle Gate,208,29.1238956451416,49.67393493652344,0.7335514672464222
Castle Gate,209,25.130123138427734,48.663818359375,0.7230046689249355
Castle Gate,210,29.502643585205078,53.295318603515625,0.7227747480914367
Castle Gate,211,40.123294830322266,58.5951042175293,0.7312340690812523
Castle Gate,212,94.37078094482422,117.17269134521484,0.5268793400885405
Castle Gate,213,95.74683380126953,117.89885711669922,0.5028379040055201
Castle Gate,214,82.40693664550781,108.81692504882812,0.5259936769768574
Castle Gate,215,86.71883392333984,111.25816345214844,0.5324010467687297
Castle Gate,216,32.866355895996094,46.85130310058594,0.8549660449462523
Castle Gate,217,35.160484313964844,48.00536346435547,0.8387687128787724
Castle Gate,218,29.942163467407227,47.621978759765625,0.8256708513983199
Castle Gate,219,36.158626556396484,51.15008544921875,0.8169745171461067
Castle Gate,220,46.98008346557617,58.568016052246094,0.7342084885279726
Castle Gate,221,47.755348205566406,58.77413558959961,0.745564830892289
Castle Gate,222,49.76100540161133,61.46969985961914,0.7396410416061308
Castle Gate,223,47.497047424316406,57.63034439086914,0.7658289887211825
Castle Gate,224,36.35087203979492,43.89883041381836,0.8120536492430879
Castle Gate,225,38.702980041503906,46.92168045043945,0.8177298371573274
Castle Gate,226,32.1185302734375,44.45024108886719,0.8130631942411024
Castle Gate,227,35.71066665649414,45.75943374633789,0.798568661713804
Castle Gate,228,37.5407829284668,43.52233123779297,0.9463620381634334
Castle Gate,229,39.54895782470703,45.50344467163086,0.9347564520340711
Castle Gate,230,40.76338195800781,46.127864837646484,0.9451595724014168
Castle Gate,231,35.92619323730469,42.48158645629883,0.9422536257731461
Castle Gate,232,7.5295305252075195,61.9759521484375,0.4568672314668731
Castle Gate,233,7.397570610046387,62.003719329833984,0.44411449223991334
Castle Gate,234,9.001893997192383,60.427032470703125,0.4463510379695146
Castle Gate,235,10.775151252746582,61.45182800292969,0.4845403809906218
Castle Gate,236,29.985946655273438,40.277809143066406,0.8601029661503226
Castle Gate,237,30.763015747070312,40.76406478881836,0.8654442558791875
Castle Gate,238,27.589542388916016,38.48595428466797,0.8621167637585024
Castle Gate,239,28.416963577270508,41.48815155029297,0.8335808183704513
Castle Gate,240,51.89248275756836,60.618534088134766,0.4060783584964497
Castle Gate,241,56.14295959472656,58.80363082885742,0.4127503504730182
Castle Gate,242,67.54647064208984,60.26251220703125,0.4250555280018448
Castle Gate,243,70.05718994140625,60.42210006713867,0.4386554201489753
Castle Gate,244,22.379337310791016,55.206363677978516,0.6129562957849377
Castle Gate,245,28.739805221557617,57.00212860107422,0.6092507465623744
Castle Gate,246,29.917417526245117,56.262699127197266,0.6607042672489492
Castle Gate,247,28.499887466430664,56.28872299194336,0.6623611453670756
Castle Gate,248,52.638282775878906,60.60011672973633,0.5468771232718384
Castle Gate,249,51.129432678222656,58.958030700683594,0.5949024050728411
Castle Gate,250,50.721038818359375,59.49775695800781,0.6226093781214249
Castle Gate,251,51.03569793701172,59.613014221191406,0.5818629570156361
Castle Gate,252,32.824493408203125,54.2770881652832,0.7540102805624286
Castle Gate,253,31.99956703186035,54.591304779052734,0.7828614312237
Castle Gate,254,30.790916442871094,52.77490234375,0.791853576774561
Castle Gate,255,32.17565155029297,52.855953216552734,0.7821809992852594
Castle Gate,256,66.36388397216797,85.58535766601562,0.5469440429414677
Castle Gate,257,66.46269989013672,85.58599853515625,0.5919600128387117
Castle Gate,258,75.88556671142578,91.00418853759766,0.5337256917264881
Castle Gate,259,67.95130920410156,82.00199890136719,0.588880551612319
Castle Gate,260,34.615482330322266,42.505775451660156,0.9215437667681236
Castle Gate,261,40.779544830322266,47.36692428588867,0.9091378415151574
Castle Gate,262,36.623451232910156,43.4779167175293,0.9070833929746379
Castle Gate,263,38.33924865722656,44.42013931274414,0.9198439674905379
Castle Gate,264,8.847307205200195,41.922119140625,0.7288016431466995
Castle Gate,265,10.865386009216309,40.66388702392578,0.7368477433414083
Castle Gate,266,8.600812911987305,39.26984405517578,0.748124429343539
Castle Gate,267,12.481189727783203,44.797080993652344,0.6853743951202852
Castle Gate,268,3.171901226043701,51.202301025390625,0.695745736927504
Castle Gate,269,4.578546524047852,53.71889114379883,0.6730450542145988
Castle Gate,270,10.205495834350586,58.78456115722656,0.7000828621569617
Castle Gate,271,0.33245977759361267,57.574310302734375,0.6700521541286019
Castle Gate,272,44.88802719116211,59.34999084472656,0.6191873089364831
Castle Gate,273,45.512760162353516,60.327476501464844,0.61791616027835
Castle Gate,274,48.80767059326172,60.00697326660156,0.6150963208451633
Castle Gate,275,46.48760223388672,58.70930862426758,0.6555512923275739
Castle Gate,276,33.80005645751953,45.66643142700195,0.8304124416161014
Castle Gate,277,34.06833267211914,46.46308898925781,0.8104812644344255
Castle Gate,278,33.90019989013672,45.286495208740234,0.8332742723697529
Castle Gate,279,32.42506408691406,47.32817077636719,0.8014897611493077
Castle Gate,280,35.15060806274414,56.07881546020508,0.6649358639273374
Castle Gate,281,38.54380416870117,60.85280227661133,0.636297138964611
Castle Gate,282,37.89449691772461,59.31513214111328,0.64559965461583
Castle Gate,283,39.39249801635742,56.76499938964844,0.6563424572826448
Berea Upper Gray,0,126.80107879638672,76.32186126708984,0.47323624576188533
Berea Upper Gray,1,115.03836822509766,75.59657287597656,0.4735428800744983
Berea Upper Gray,2,117.00173950195312,73.19633483886719,0.4753669345747378
Berea Upper Gray,3,118.2759780883789,72.47763061523438,0.507440403682146
Berea Upper Gray,4,24.554040908813477,41.02679443359375,0.7253482713518723
Berea Upper Gray,5,22.156450271606445,41.10639953613281,0.7247765839363792
Berea Upper Gray,6,25.446300506591797,43.40408706665039,0.6882530885683088
Berea Upper Gray,7,27.107929229736328,42.32783889770508,0.7155898449605944
Berea Upper Gray,8,26.237947463989258,52.50230407714844,0.7083341471640501
Berea Upper Gray,9,24.149826049804688,52.48367691040039,0.67964297996269
Berea Upper Gray,10,21.66615104675293,55.83864212036133,0.692033530808333
Berea Upper Gray,11,28.14634895324707,55.00204849243164,0.7198266851471363
Berea Upper Gray,12,50.267311096191406,72.00947570800781,0.7303505125611368
Berea Upper Gray,13,46.817222595214844,74.3622817993164,0.708046227968139
Berea Upper Gray,14,51.96257019042969,78.7378158569336,0.6934101675581997
Berea Upper Gray,15,53.21607971191406,79.66456604003906,0.7085251068692775
Berea Upper Gray,16,91.80717468261719,77.74991607666016,0.49596624888252294
Berea Upper Gray,17,89.8857650756836,77.8109130859375,0.47201216087858733
Berea Upper Gray,18,83.92872619628906,77.45726013183594,0.48968479370153567
Berea Upper Gray,19,98.68827056884766,79.04956817626953,0.5195619955499051
Berea Upper Gray,20,54.71352767944336,72.09282684326172,0.5464203819632361
Berea Upper Gray,21,44.203067779541016,69.09840393066406,0.5730443931818889
Berea Upper Gray,22,59.017852783203125,76.9136734008789,0.5734822395992468
Berea Upper Gray,23,53.92570877075195,72.80178833007812,0.563791112727294
Berea Upper Gray,24,31.34093475341797,48.590057373046875,0.7744614393884739
Berea Upper Gray,25,31.805330276489258,50.094398498535156,0.769581754452695
Berea Upper Gray,26,28.981035232543945,48.99948501586914,0.7675001150994019
Berea Upper Gray,27,30.560577392578125,48.98316955566406,0.7718127708218658
Berea Upper Gray,28,21.147655487060547,34.32265090942383,0.9015813164379328
Berea Upper Gray,29,21.096622467041016,34.389766693115234,0.9095317775459346
Berea Upper Gray,30,19.611221313476562,33.859893798828125,0.902460175687056
Berea Upper Gray,31,22.467784881591797,36.319244384765625,0.8998134473743679
Berea Upper Gray,32,1.3877828121185303,45.50043487548828,0.7573150543609063
Berea Upper Gray,33,5.005373954772949,47.14754104614258,0.7466290938676879
Berea Upper Gray,34,5.842336654663086,45.362449645996094,0.7408672131702297
Berea Upper Gray,35,2.426304340362549,43.65938186645508,0.7441767711221945
Berea Upper Gray,36,135.6088104248047,128.57235717773438,0.3763201593688443
Berea Upper Gray,37,128.9818115234375,110.5458984375,0.38174844392460033
Berea Upper Gray,38,120.50233459472656,121.5793685913086,0.3065730244811921
Berea Upper Gray,39,132.46548461914062,126.4340591430664,0.3533594920006107
Berea Upper Gray,40,3.152719020843506,51.62057113647461,0.608641846703472
Berea Upper Gray,41,5.670916557312012,49.90066909790039,0.6430514583974976
Berea Upper Gray,42,5.8536200523376465,50.99305725097656,0.6544611081606717
Berea Upper Gray,43,3.0834176540374756,49.37957763671875,0.5984567606414319
Berea Upper Gray,44,302.6272277832031,270.9228820800781,0.3689599325206591
Berea Upper Gray,45,322.3934326171875,258.45623779296875,0.35758636346559014
Berea Upper Gray,46,296.85028076171875,239.4282989501953,0.35938439110961184
Berea Upper Gray,47,274.923828125,240.06832885742188,0.33033990645948447
Berea Upper Gray,48,14.176270484924316,41.72185134887695,0.7635500331469716
Berea Upper Gray,49,8.669343948364258,40.43659210205078,0.7692452357068482
Berea Upper Gray,50,13.53543758392334,42.732696533203125,0.7758716047482944
Berea Upper Gray,51,10.35692310333252,41.76949691772461,0.7594021442298421
Berea Upper Gray,52,16.31352996826172,41.66813278198242,0.7846968006880696
Berea Upper Gray,53,24.09256362915039,46.00657272338867,0.7598607866252447
Berea Upper Gray,54,23.159225463867188,44.72556686401367,0.7848779573464907
Berea Upper Gray,55,21.180646896362305,43.879573822021484,0.7636579749958315
Berea Upper Gray,56,95.59859466552734,81.08299255371094,0.5154224755716494
Berea Upper Gray,57,108.02009582519531,83.78852081298828,0.4983216517148955
Berea Upper Gray,58,99.2885971069336,80.18433380126953,0.5050072514076299
Berea Upper Gray,59,96.15164947509766,77.39945983886719,0.4857069399866458
Berea Upper Gray,60,45.21598815917969,54.831485748291016,0.5866265676085527
Berea Upper Gray,61,51.06204605102539,58.32746887207031,0.5286948082475404
Berea Upper Gray,62,51.77296829223633,57.354095458984375,0.5562230755964267
Berea Upper Gray,63,40.05781936645508,54.391868591308594,0.5411924108196843
Berea Upper Gray,64,105.05672454833984,84.720947265625,0.6340330026368258
Berea Upper Gray,65,105.00759887695312,87.6492691040039,0.6301992828087261
Berea Upper Gray,66,115.2052230834961,91.61666870117188,0.646369728994825
Berea Upper Gray,67,109.72411346435547,87.3908920288086,0.631830294371336
Berea Upper Gray,68,1203.0767822265625,524.7279663085938,0.23481084946096117
Berea Upper Gray,69,1221.0299072265625,529.9361572265625,0.2377896225139938
Berea Upper Gray,70,1191.1260986328125,514.2662963867188,0.2038121284826388
Berea Upper Gray,71,1219.0811767578125,527.4722900390625,0.23919713732850212
Berea Upper Gray,72,236.79283142089844,145.7421112060547,0.4678509607846517
Berea Upper Gray,73,225.1000213623047,145.4203643798828,0.4408288342405942
Berea Upper Gray,74,225.79124450683594,146.86183166503906,0.4585923184143878
Berea Upper Gray,75,213.15838623046875,142.87710571289062,0.461723815840601
Berea Upper Gray,76,505.9140319824219,380.1717529296875,0.4487024778197933
Berea Upper Gray,77,517.0996704101562,418.884521484375,0.4200749463807478
Berea Upper Gray,78,499.1310119628906,405.5926513671875,0.3948690169120599
Berea Upper Gray,79,503.49481201171875,404.8057556152344,0.4523732358734552
Berea Upper Gray,80,314.5229797363281,211.98822021484375,0.4346246835232324
Berea Upper Gray,81,321.43011474609375,208.17196655273438,0.4551203780924312
Berea Upper Gray,82,290.4817199707031,194.77012634277344,0.4186487709301265
Berea Upper Gray,83,314.87713623046875,200.9227294921875,0.42955183168851996
Berea Upper Gray,84,18.771432876586914,52.77180862426758,0.7519390114182222
Berea Upper Gray,85,22.09514045715332,52.86276626586914,0.7725476459111869
Berea Upper Gray,86,17.124401092529297,50.973697662353516,0.7737467720478962
Berea Upper Gray,87,17.869314193725586,52.81895065307617,0.7446863256410153
Berea Upper Gray,88,24.211084365844727,43.827484130859375,0.8235024996235039
Berea Upper Gray,89,26.113718032836914,43.25056457519531,0.8119604917498168
Berea Upper Gray,90,30.461069107055664,46.96208953857422,0.8014183217828715
Berea Upper Gray,91,30.204673767089844,45.27418899536133,0.8139078868333438
Berea Upper Gray,92,46.912357330322266,53.88711929321289,0.7666610479713641
Berea Upper Gray,93,49.29073715209961,56.060699462890625,0.7653830053666176
Berea Upper Gray,94,49.46940612792969,58.120094299316406,0.7087195157843675
Berea Upper Gray,95,44.77557373046875,53.90449142456055,0.722973218227992
Berea Upper Gray,96,19.204166412353516,53.57408142089844,0.5178813034776745
Berea Upper Gray,97,13.366584777832031,54.706886291503906,0.49686449956179146
Berea Upper Gray,98,11.01980972290039,54.979827880859375,0.5136114633357761
Berea Upper Gray,99,11.968069076538086,59.25514602661133,0.5029045948497092
Berea Upper Gray,100,1711.8330078125,1483.6077880859375,0.3010254067751959
Berea Upper Gray,101,1796.9573974609375,1554.878662109375,0.3550270260645983
Berea Upper Gray,102,1802.760009765625,1492.9891357421875,0.378125078175537
Berea Upper Gray,103,1691.8048095703125,1482.6236572265625,0.36834040922613226
Berea Upper Gray,104,10.598319053649902,50.43722915649414,0.6600570809858463
Berea Upper Gray,105,11.78451919555664,50.55733108520508,0.683375646760364
Berea Upper Gray,106,21.66189193725586,54.73737335205078,0.6644983929055186
Berea Upper Gray,107,17.52980613708496,51.33653259277344,0.6828845926757379
Berea Upper Gray,108,548.6088256835938,297.18841552734375,0.3510700409839857
Berea Upper Gray,109,539.3019409179688,308.1402587890625,0.364553442269199
Berea Upper Gray,110,561.9466552734375,329.20526123046875,0.3733561055260975
Berea Upper Gray,111,547.876708984375,318.41522216796875,0.36726861548076273
Berea Upper Gray,112,676.042724609375,430.9408264160156,0.30196469567769707
Berea Upper Gray,113,690.4962768554688,445.6030578613281,0.2998259607230917
Berea Upper Gray,114,690.1848754882812,440.31182861328125,0.3113757631903
Berea Upper Gray,115,657.5238037109375,435.009765625,0.32278013862641974
Berea Upper Gray,116,20.613725662231445,59.96079635620117,0.5124701766401233
Berea Upper Gray,117,19.783203125,61.99858856201172,0.4642090752878198
Berea Upper Gray,118,22.411922454833984,59.229122161865234,0.5215759582117356
Berea Upper Gray,119,21.61248207092285,60.96624755859375,0.5218038803755007
Berea Upper Gray,120,7.4856109619140625,41.626853942871094,0.6527382861531233
Berea Upper Gray,121,1.8318109512329102,38.221439361572266,0.6964479734898502
Berea Upper Gray,122,3.9206676483154297,37.37712478637695,0.7125154217923918
Berea Upper Gray,123,0.5839099884033203,39.82011032104492,0.6733031786716925
Berea Upper Gray,124,15.847637176513672,48.726261138916016,0.6121441184585109
Berea Upper Gray,125,15.558349609375,46.12937927246094,0.6771934546203153
Berea Upper Gray,126,7.476136207580566,45.33086013793945,0.6697828236406508
Berea Upper Gray,127,15.35694694519043,51.203487396240234,0.6047295862196047
Berea Upper Gray,128,3.777179002761841,59.377159118652344,0.6490231494441637
Berea Upper Gray,129,5.842519760131836,66.39550018310547,0.634745497053991
Berea Upper Gray,130,4.829530239105225,61.356475830078125,0.6372162528009034
Berea Upper Gray,131,1.7115191221237183,57.38407516479492,0.6601852747168627
Berea Upper Gray,132,31.029035568237305,38.57425308227539,0.8695685479544689
Berea Upper Gray,133,31.63668441772461,40.196502685546875,0.8636404043595214
Berea Upper Gray,134,30.1325740814209,38.222557067871094,0.8590427564201222
Berea Upper Gray,135,34.30637741088867,42.229408264160156,0.8480563801086852
Berea Upper Gray,136,37.553340911865234,48.115814208984375,0.8727510768489314
Berea Upper Gray,137,37.725433349609375,48.46823501586914,0.8663954112244716
Berea Upper Gray,138,39.310115814208984,51.40753936767578,0.8416630551599975
Berea Upper Gray,139,41.3677864074707,51.36070251464844,0.8675693378325112
Berea Upper Gray,140,24.790189743041992,43.243221282958984,0.6524404748665789
Berea Upper Gray,141,24.276689529418945,40.449466705322266,0.66051474872438
Berea Upper Gray,142,17.55210304260254,42.74372482299805,0.6379360494548759
Berea Upper Gray,143,17.314550399780273,45.94717788696289,0.6448461355512806
Berea Upper Gray,144,44.36775207519531,57.94892883300781,0.781251053455795
Berea Upper Gray,145,39.103939056396484,55.609642028808594,0.7613998352395749
Berea Upper Gray,146,39.17845916748047,56.68663024902344,0.7802252876139073
Berea Upper Gray,147,43.455047607421875,56.86981201171875,0.7899874413419732
Berea Upper Gray,148,44.135772705078125,61.76901626586914,0.5570053084664591
Berea Upper Gray,149,53.06936264038086,60.78103256225586,0.5556606731562901
Berea Upper Gray,150,53.368431091308594,65.89413452148438,0.5310068029836055
Berea Upper Gray,151,48.64871597290039,64.79055786132812,0.5316167961246023
Berea Upper Gray,152,9836.8994140625,2878.743408203125,0.12551519415364104
Berea Upper Gray,153,10049.955078125,2838.828857421875,0.11777412357251167
Berea Upper Gray,154,9953.9287109375,3059.668212890625,0.12374785354595215
Berea Upper Gray,155,9795.2685546875,2932.681396484375,0.11557785774027148
Berea Upper Gray,156,2111.686767578125,1614.191162109375,0.32495641162395533
Berea Upper Gray,157,2089.499267578125,1581.0423583984375,0.32591324524990417
Berea Upper Gray,158,2204.8662109375,1554.749755859375,0.3394559836702265
Berea Upper Gray,159,2138.465087890625,1668.0772705078125,0.3413533888683593
Berea Upper Gray,160,47.33186340332031,61.8228759765625,0.814901875419653
Berea Upper Gray,161,48.36577224731445,62.51033020019531,0.8151663423374776
Berea Upper Gray,162,49.7540168762207,63.45954895019531,0.8087712455545197
Berea Upper Gray,163,46.31552505493164,60.88406753540039,0.8139408855157543
Berea Upper Gray,164,10.973921775817871,48.277793884277344,0.6545010014916068
Berea Upper Gray,165,16.497682571411133,44.236106872558594,0.6869587503664247
Berea Upper Gray,166,11.479846000671387,49.412315368652344,0.635845737240048
Berea Upper Gray,167,5.662932395935059,49.29754638671875,0.6368226455394211
Berea Upper Gray,168,156.50680541992188,121.62378692626953,0.5492121037291663
Berea Upper Gray,169,159.676513671875,128.00445556640625,0.5466122514738414
Berea Upper Gray,170,134.00473022460938,116.98414611816406,0.5223815596325747
Berea Upper Gray,171,140.86241149902344,124.95684814453125,0.4931933706375091
Berea Upper Gray,172,89.1546859741211,74.30371856689453,0.5092837329618964
Berea Upper Gray,173,81.28355407714844,69.9042739868164,0.4881119292352379
Berea Upper Gray,174,84.21322631835938,66.46137237548828,0.5285728790895474
Berea Upper Gray,175,69.50464630126953,65.62319946289062,0.4224021467425167
Berea Upper Gray,176,492.7161560058594,476.1525573730469,0.37486062871423376
Berea Upper Gray,177,524.3016967773438,505.6916198730469,0.383723643185958
Berea Upper Gray,178,501.681640625,483.4729919433594,0.35929029235968046
Berea Upper Gray,179,489.40496826171875,469.3345031738281,0.30069429749552923
Berea Upper Gray,180,7.499397277832031,48.067420959472656,0.7338298303116946
Berea Upper Gray,181,8.608963012695312,49.39105987548828,0.7239146789664852
Berea Upper Gray,182,12.151670455932617,53.60234069824219,0.7074767925661899
Berea Upper Gray,183,10.75173568725586,51.34204864501953,0.6999692274621415
Berea Upper Gray,184,385.1534423828125,210.7096405029297,0.4179557419907091
Berea Upper Gray,185,385.4350891113281,210.58596801757812,0.38722695689456904
Berea Upper Gray,186,383.9156494140625,213.83126831054688,0.3752368136776451
Berea Upper Gray,187,398.1419982910156,218.46400451660156,0.42008723579917717
Berea Upper Gray,188,91.77664184570312,88.59147644042969,0.7324830071789207
Berea Upper Gray,189,72.85709381103516,78.14615631103516,0.7192215155195686
Berea Upper Gray,190,88.78739166259766,85.46023559570312,0.725625038676967
Berea Upper Gray,191,75.27517700195312,74.02462768554688,0.7260235605329478
Berea Upper Gray,192,99.51709747314453,82.59706115722656,0.6045306949320494
Berea Upper Gray,193,110.33531188964844,78.51338195800781,0.6361055722616592
Berea Upper Gray,194,98.17670440673828,78.67906951904297,0.6511964085902006
Berea Upper Gray,195,99.1301498413086,81.49382781982422,0.6058487720589728
Berea Upper Gray,196,2.587338924407959,45.64527893066406,0.7409312559417981
Berea Upper Gray,197,0.4542541205883026,45.531959533691406,0.7509500273677161
Berea Upper Gray,198,1.3442493677139282,47.69356155395508,0.7535976318328023
Berea Upper Gray,199,3.3973376750946045,43.02842330932617,0.7857383752949082
Berea Upper Gray,200,71.44048309326172,76.97183990478516,0.6627252512605518
Berea Upper Gray,201,74.4286117553711,74.12882995605469,0.6577130530580128
Berea Upper Gray,202,76.35440826416016,85.10076904296875,0.6457978518542151
Berea Upper Gray,203,76.9730453491211,84.38025665283203,0.633866785548538
Berea Upper Gray,204,54.164894104003906,52.18069076538086,0.5448284235875653
Berea Upper Gray,205,56.357093811035156,53.71590805053711,0.5593234666242067
Berea Upper Gray,206,65.40290832519531,55.85171127319336,0.6038970617990105
Berea Upper Gray,207,60.15727996826172,52.243011474609375,0.5756324052849813
Berea Upper Gray,208,268.9574890136719,193.05506896972656,0.47672224424863013
Berea Upper Gray,209,256.0152893066406,198.93504333496094,0.4619081306396408
Berea Upper Gray,210,258.63031005859375,205.4329833984375,0.4807847097088112
Berea Upper Gray,211,273.7812194824219,211.19969177246094,0.4837408220437765
Berea Upper Gray,212,1156.0147705078125,1061.101318359375,0.2812058918597209
Berea Upper Gray,213,1131.8948974609375,1028.8216552734375,0.3281042675190185
Berea Upper Gray,214,1114.94287109375,1060.6146240234375,0.31031747742442606
Berea Upper Gray,215,1246.498291015625,1181.6419677734375,0.3291640736141613
Berea Upper Gray,216,525.5240478515625,357.951904296875,0.3559837433702254
Berea Upper Gray,217,516.9688720703125,325.1685791015625,0.33577979578778555
Berea Upper Gray,218,507.8593444824219,328.62701416015625,0.35686805806080546
Berea Upper Gray,219,507.109375,333.1753845214844,0.33060818477142145
Berea Upper Gray,220,18.234853744506836,54.297115325927734,0.6334967869978007
Berea Upper Gray,221,12.308565139770508,52.46725082397461,0.6240834359972726
Berea Upper Gray,222,16.605037689208984,50.37675094604492,0.6607716901845794
Berea Upper Gray,223,16.95992088317871,53.47959518432617,0.6282809323238023
Berea Sinter Gray,0,3.9110870361328125,45.90128707885742,0.7623256300184907
Berea Sinter Gray,1,9.994565963745117,57.03095245361328,0.6884090864565883
Berea Sinter Gray,2,2.6999285221099854,48.60929489135742,0.7438263122529913
Berea Sinter Gray,3,0.7123070359230042,55.4168815612793,0.7173504236281409
Berea Sinter Gray,4,451.61737060546875,287.41632080078125,0.2525581007269543
Berea Sinter Gray,5,471.6777038574219,303.0387878417969,0.31184761441766834
Berea Sinter Gray,6,444.9844665527344,283.3465881347656,0.26509767597247913
Berea Sinter Gray,7,444.9509582519531,285.0211486816406,0.2852388972815002
Berea Sinter Gray,8,41.241085052490234,66.32581329345703,0.5836411208557526
Berea Sinter Gray,9,47.670265197753906,66.55792236328125,0.5616632343076807
Berea Sinter Gray,10,38.820228576660156,59.47119903564453,0.5586159020637461
Berea Sinter Gray,11,38.94881057739258,63.64120864868164,0.5512588812571126
Berea Sinter Gray,12,85.723388671875,72.99850463867188,0.7408854147281217
Berea Sinter Gray,13,83.14599609375,75.57125854492188,0.6599558984141437
Berea Sinter Gray,14,79.73089599609375,74.41138458251953,0.6768671415633273
Berea Sinter Gray,15,86.21768188476562,74.23757934570312,0.7161025431560208
Berea Sinter Gray,16,84.51020812988281,69.66642761230469,0.6757620130366846
Berea Sinter Gray,17,90.90768432617188,74.03667449951172,0.719369853965825
Berea Sinter Gray,18,92.5381851196289,74.4772720336914,0.7010701148172712
Berea Sinter Gray,19,83.1484375,73.00407409667969,0.6505388519494034
Berea Sinter Gray,20,98.25704956054688,109.99592590332031,0.4957396374204754
Berea Sinter Gray,21,75.06484985351562,93.81179809570312,0.44678943315155684
Berea Sinter Gray,22,104.81378173828125,108.7591781616211,0.4606227557457892
Berea Sinter Gray,23,101.31743621826172,103.49508666992188,0.5454704598463247
Berea Sinter Gray,24,7.502435684204102,39.14011001586914,0.705756312691085
Berea Sinter Gray,25,9.32454776763916,41.723670959472656,0.6771719526280907
Berea Sinter Gray,26,6.536262512207031,40.603065490722656,0.6526842626575485
Berea Sinter Gray,27,6.0177483558654785,41.66093826293945,0.6644134581653812
Berea Sinter Gray,28,50.339691162109375,78.0641860961914,0.6155865152682033
Berea Sinter Gray,29,51.42591857910156,71.50618743896484,0.6784499421232734
Berea Sinter Gray,30,43.3685188293457,78.5479507446289,0.6350702469828697
Berea Sinter Gray,31,46.136905670166016,85.19512939453125,0.6122120295458281
Berea Sinter Gray,32,138.95330810546875,130.08750915527344,0.6532612017861907
Berea Sinter Gray,33,146.802490234375,135.15005493164062,0.6706630043582951
Berea Sinter Gray,34,162.2346954345703,142.78509521484375,0.6921806133038995
Berea Sinter Gray,35,145.87294006347656,128.92721557617188,0.6267987670360062
Berea Sinter Gray,36,631.4730834960938,397.2136535644531,0.4740284723893824
Berea Sinter Gray,37,605.5050048828125,400.6248779296875,0.44764404070874125
Berea Sinter Gray,38,616.3634033203125,395.2452392578125,0.4820688641787087
Berea Sinter Gray,39,645.106201171875,388.6725769042969,0.4322778129086208
Berea Sinter Gray,40,17.968975067138672,59.78056716918945,0.5978546619154026
Berea Sinter Gray,41,15.962896347045898,55.450931549072266,0.6393769918604805
Berea Sinter Gray,42,14.166563034057617,56.44412612915039,0.609654430083471
Berea Sinter Gray,43,14.104061126708984,58.690059661865234,0.6059484958459475
Berea Sinter Gray,44,164.3384246826172,121.1949234008789,0.6633384944139414
Berea Sinter Gray,45,170.69581604003906,124.20467376708984,0.6078329572847273
Berea Sinter Gray,46,160.71922302246094,124.21465301513672,0.6059060275852876
Berea Sinter Gray,47,159.49339294433594,121.6895980834961,0.6385029201552055
Berea Sinter Gray,48,11.302512168884277,51.07233810424805,0.8079724720220558
Berea Sinter Gray,49,2.9827492237091064,53.661346435546875,0.784391429088495
Berea Sinter Gray,50,9.251076698303223,50.668701171875,0.7969720866665528
Berea Sinter Gray,51,12.703622817993164,52.93047332763672,0.8083150866387219
Berea Sinter Gray,52,16.02187728881836,39.009525299072266,0.7683249191152585
Berea Sinter Gray,53,22.030271530151367,43.46533966064453,0.7327529263197761
Berea Sinter Gray,54,17.356788635253906,44.804500579833984,0.7182519036592218
Berea Sinter Gray,55,18.172231674194336,42.81782150268555,0.7388630310286832
Berea Sinter Gray,56,36.434242248535156,56.830963134765625,0.7425416664114208
Berea Sinter Gray,57,33.443016052246094,57.30712890625,0.7799040610456756
Berea Sinter Gray,58,34.33699417114258,54.44978713989258,0.7516527900420766
Berea Sinter Gray,59,34.1152458190918,55.4595832824707,0.7900929669947695
Berea Sinter Gray,60,113.3078384399414,88.54718017578125,0.44897698407547004
Berea Sinter Gray,61,109.0696029663086,79.1191635131836,0.46800519139420593
Berea Sinter Gray,62,115.92057800292969,87.19735717773438,0.47960274371485645
Berea Sinter Gray,63,101.54956817626953,82.06449127197266,0.41467596741687035
Berea Sinter Gray,64,48.46749496459961,88.12769317626953,0.6326107066036292
Berea Sinter Gray,65,43.53409194946289,83.84420776367188,0.6536429859177388
Berea Sinter Gray,66,59.76149368286133,95.26921844482422,0.6694359538959028
Berea Sinter Gray,67,57.65370178222656,90.8918685913086,0.6739962991725481
Berea Sinter Gray,68,55.357181549072266,67.2961196899414,0.5765657472796728
Berea Sinter Gray,69,60.11066436767578,69.58402252197266,0.5866150943130761
Berea Sinter Gray,70,54.035037994384766,61.325679779052734,0.6070478255249973
Berea Sinter Gray,71,58.42860794067383,61.118797302246094,0.6413092804486836
Berea Sinter Gray,72,57.488372802734375,64.57186889648438,0.7842997114812633
Berea Sinter Gray,73,54.783023834228516,60.71240234375,0.8473504510989621
Berea Sinter Gray,74,55.89945602416992,60.89918518066406,0.816700476990119
Berea Sinter Gray,75,55.18802261352539,62.20948791503906,0.8296989323208709
Berea Sinter Gray,76,11.538102149963379,55.00602722167969,0.5866717178192845
Berea Sinter Gray,77,20.696928024291992,54.13539505004883,0.6371296097393415
Berea Sinter Gray,78,15.852958679199219,53.507415771484375,0.6453666078504497
Berea Sinter Gray,79,18.33892822265625,54.928260803222656,0.627325267269922
Berea Sinter Gray,80,5.2967610359191895,53.1793327331543,0.5500167002028077
Berea Sinter Gray,81,9.864648818969727,55.88090896606445,0.505514326443945
Berea Sinter Gray,82,8.202404975891113,55.43405532836914,0.5054289963069577
Berea Sinter Gray,83,1.7030730247497559,54.42902755737305,0.5193684625495856
Berea Sinter Gray,84,117.08125305175781,113.16380310058594,0.6426911335342251
Berea Sinter Gray,85,128.72158813476562,114.82942199707031,0.6308217834995733
Berea Sinter Gray,86,103.44194793701172,111.99748229980469,0.6299125796304426
Berea Sinter Gray,87,115.98092651367188,114.4821548461914,0.6472397641654754
Berea Sinter Gray,88,13.264603614807129,42.462257385253906,0.752233370398728
Berea Sinter Gray,89,15.274145126342773,42.436248779296875,0.768898449557826
Berea Sinter Gray,90,13.58831787109375,40.87998962402344,0.775602177263726
Berea Sinter Gray,91,16.442272186279297,44.42856979370117,0.7537189191609008
Berea Sinter Gray,92,68.53592681884766,63.27468490600586,0.629923450719459
Berea Sinter Gray,93,56.06383514404297,64.97937774658203,0.5819030426643217
Berea Sinter Gray,94,52.91050338745117,58.96807861328125,0.6258390102053797
Berea Sinter Gray,95,52.943939208984375,60.56875228881836,0.6077544784308695
Berea Sinter Gray,96,1336.5311279296875,654.22998046875,0.2809699566961735
Berea Sinter Gray,97,1356.04638671875,621.7098388671875,0.2431908005508125
Berea Sinter Gray,98,1278.384033203125,610.5074462890625,0.2516959333570817
Berea Sinter Gray,99,1271.587646484375,652.2374267578125,0.3083161949333799
Berea Sinter Gray,100,64.06461334228516,88.03810119628906,0.5652137914673352
Berea Sinter Gray,101,57.88391876220703,76.91737365722656,0.5668227652048592
Berea Sinter Gray,102,62.68734359741211,80.62823486328125,0.630596658978645
Berea Sinter Gray,103,65.62881469726562,83.6104965209961,0.5473381608471541
Berea Sinter Gray,104,58.94431686401367,64.17352294921875,0.712511665291634
Berea Sinter Gray,105,62.52437210083008,65.55136108398438,0.6798721178728265
Berea Sinter Gray,106,60.6976318359375,64.76997375488281,0.7331173427495459
Berea Sinter Gray,107,59.83525466918945,64.89037322998047,0.7304222400864832
Berea Sinter Gray,108,197.60768127441406,130.17942810058594,0.3341938013728568
Berea Sinter Gray,109,204.79193115234375,142.92953491210938,0.3664882829253941
Berea Sinter Gray,110,212.86392211914062,146.52279663085938,0.3645011457500225
Berea Sinter Gray,111,193.57350158691406,130.24600219726562,0.3049497578104805
Berea Sinter Gray,112,44.34929656982422,58.1240348815918,0.6382764732217119
Berea Sinter Gray,113,43.96538162231445,58.082496643066406,0.6289914836651382
Berea Sinter Gray,114,44.25941848754883,57.86604690551758,0.6274630076007496
Berea Sinter Gray,115,44.99263000488281,57.432533264160156,0.6402307746627476
Berea Sinter Gray,116,19.877521514892578,73.69530487060547,0.6368210426290918
Berea Sinter Gray,117,28.257299423217773,88.1076431274414,0.5901149500798577
Berea Sinter Gray,118,21.22193717956543,80.04932403564453,0.5680752527463394
Berea Sinter Gray,119,22.756488800048828,77.47047424316406,0.6185041418819779
Berea Sinter Gray,120,448.5392150878906,402.54180908203125,0.4439505647346147
Berea Sinter Gray,121,478.7061767578125,423.8585510253906,0.4401342192532042
Berea Sinter Gray,122,521.0888671875,452.93994140625,0.4236571878868042
Berea Sinter Gray,123,505.27154541015625,463.5845947265625,0.4199045017905991
Berea Sinter Gray,124,1121.3931884765625,925.5852661132812,0.27591211712250235
Berea Sinter Gray,125,1174.9473876953125,934.4794921875,0.2674744986514304
Berea Sinter Gray,126,1092.551025390625,892.76708984375,0.2956985056783858
Berea Sinter Gray,127,1055.9678955078125,806.7456665039062,0.26821490862484115
Berea Sinter Gray,128,41.24962615966797,49.932716369628906,0.8692373949770177
Berea Sinter Gray,129,44.223934173583984,51.60459899902344,0.885785629183351
Berea Sinter Gray,130,38.19065856933594,50.241485595703125,0.8707037830376704
Berea Sinter Gray,131,40.692195892333984,50.85499572753906,0.8537586779939255
Berea Sinter Gray,132,35.51774978637695,47.54079055786133,0.8509928327240363
Berea Sinter Gray,133,35.73063278198242,46.56283187866211,0.8522923391301986
Berea Sinter Gray,134,37.348876953125,48.71577072143555,0.8542926762457649
Berea Sinter Gray,135,35.67145538330078,44.49483108520508,0.8651167003277109
Berea Sinter Gray,136,34.751651763916016,59.3093376159668,0.6263114793018306
Berea Sinter Gray,137,33.6743049621582,56.4067497253418,0.6414482515029286
Berea Sinter Gray,138,33.11005783081055,55.969268798828125,0.6418377027644965
Berea Sinter Gray,139,36.75355911254883,60.85761260986328,0.6452389675639146
Berea Sinter Gray,140,101.91549682617188,102.82089233398438,0.7486823145213307
Berea Sinter Gray,141,129.33560180664062,124.80217742919922,0.7749195191145071
Berea Sinter Gray,142,114.52213287353516,111.93075561523438,0.7730739671912148
Berea Sinter Gray,143,96.71139526367188,96.89089965820312,0.7409746250804683
Berea Sinter Gray,144,216.8628387451172,202.69358825683594,0.47826481204222204
Berea Sinter Gray,145,233.8441619873047,202.58592224121094,0.42889294720365795
Berea Sinter Gray,146,208.11607360839844,207.39096069335938,0.46581117748578954
Berea Sinter Gray,147,213.3345489501953,200.29039001464844,0.4497343782795125
Berea Sinter Gray,148,68.8837661743164,64.80248260498047,0.37674277677459556
Berea Sinter Gray,149,60.364158630371094,64.82301330566406,0.3291128642289918
Berea Sinter Gray,150,71.82181549072266,66.35607147216797,0.4152615052898594
Berea Sinter Gray,151,58.63557052612305,63.555702209472656,0.3744405641069204
Berea Sinter Gray,152,17.62053680419922,48.06122589111328,0.6869432752554397
Berea Sinter Gray,153,14.124541282653809,44.90493392944336,0.7049983660208495
Berea Sinter Gray,154,17.53553009033203,46.879058837890625,0.6918409378026354
Berea Sinter Gray,155,16.534954071044922,48.360538482666016,0.6678491061071972
Berea Sinter Gray,156,273.5152893066406,256.6624450683594,0.34303627834293515
Berea Sinter Gray,157,246.90701293945312,233.7040252685547,0.37019646501730563
Berea Sinter Gray,158,246.0946502685547,240.9453887939453,0.3751731121268685
Berea Sinter Gray,159,267.1909484863281,250.5178985595703,0.39505669253779147
Berea Sinter Gray,160,30.044342041015625,51.369781494140625,0.5358155562534579
Berea Sinter Gray,161,30.637474060058594,52.67280960083008,0.5797038063480101
Berea Sinter Gray,162,30.98488998413086,52.99536895751953,0.5877988234069728
Berea Sinter Gray,163,33.841575622558594,51.84628677368164,0.587734975235726
Berea Sinter Gray,164,115.33194732666016,70.23970794677734,0.5522299745348523
Berea Sinter Gray,165,115.30182647705078,66.48800659179688,0.5318827919021405
Berea Sinter Gray,166,100.15242767333984,63.39851379394531,0.5153627902146536
Berea Sinter Gray,167,116.52422332763672,68.28922271728516,0.4962393410345561
Berea Sinter Gray,168,67.47799682617188,90.06591796875,0.375988337826987
Berea Sinter Gray,169,68.83785247802734,91.07840728759766,0.41438106423790466
Berea Sinter Gray,170,78.3369369506836,96.8364028930664,0.4438034305365149
Berea Sinter Gray,171,67.87084197998047,91.7406005859375,0.4179893376541149
Berea Sinter Gray,172,104.80824279785156,83.56929779052734,0.2130507182797355
Berea Sinter Gray,173,110.13101959228516,84.37095642089844,0.2485120347996057
Berea Sinter Gray,174,111.62487030029297,85.77168273925781,0.2294208506863116
Berea Sinter Gray,175,128.01280212402344,83.83617401123047,0.23487119585726357
Berea Sinter Gray,176,6.778396129608154,66.56459045410156,0.6379611644607998
Berea Sinter Gray,177,7.469090938568115,67.24925994873047,0.6958634027297032
Berea Sinter Gray,178,1.6725331544876099,60.53816604614258,0.7310456466033891
Berea Sinter Gray,179,7.475787162780762,64.0235824584961,0.6623403776682828
Berea Sinter Gray,180,63.613346099853516,63.534690856933594,0.7306883210812524
Berea Sinter Gray,181,66.4905014038086,65.2789535522461,0.7681932914207377
Berea Sinter Gray,182,64.03765869140625,66.48770904541016,0.7123999664158851
Berea Sinter Gray,183,61.96725845336914,63.38430404663086,0.7111520225381222
Berea Sinter Gray,184,1.5822031497955322,46.94606399536133,0.70460415577813
Berea Sinter Gray,185,0.4468547999858856,47.785728454589844,0.6872661126038607
Berea Sinter Gray,186,3.6029491424560547,49.46747970581055,0.6657044515714782
Berea Sinter Gray,187,0.17061111330986023,43.023067474365234,0.7368271901470609
Berea Sinter Gray,188,131.21585083007812,117.60279846191406,0.572359951759262
Berea Sinter Gray,189,134.52171325683594,114.12911224365234,0.5892110216663252
Berea Sinter Gray,190,132.9507293701172,113.78014373779297,0.5563780085853781
Berea Sinter Gray,191,118.37908172607422,111.37316131591797,0.6028636950120138
Berea,0,164.1455078125,124.64474487304688,0.4461676552044581
Berea,1,168.48667907714844,134.44235229492188,0.3887276980984771
Berea,2,167.78701782226562,124.06697845458984,0.4016910972221701
Berea,3,145.4986572265625,119.91687774658203,0.37623924988330065
Berea,4,92.34954833984375,114.44239807128906,0.4862197789118699
Berea,5,98.11710357666016,124.25759887695312,0.47348943494083523
Berea,6,99.81101989746094,123.30720520019531,0.49285307288211927
Berea,7,95.51882934570312,121.86798858642578,0.48093226762397023
Berea,8,113.50245666503906,104.97269439697266,0.6265890523447454
Berea,9,126.02790069580078,114.56781005859375,0.6335381101935201
Berea,10,115.11451721191406,104.36544036865234,0.5793161155716238
Berea,11,112.72395324707031,101.78466033935547,0.5969634660967108
Berea,12,123.92987060546875,91.15422821044922,0.5419227619809114
Berea,13,121.14761352539062,93.32317352294922,0.5673915866709047
Berea,14,124.47985076904297,91.2842788696289,0.5262674887238449
Berea,15,128.02801513671875,96.34013366699219,0.47201036840806593
Berea,16,48.728546142578125,56.138885498046875,0.8206589063110543
Berea,17,47.527870178222656,55.91841125488281,0.7974703715743933
Berea,18,49.98698043823242,58.138587951660156,0.8052112704567785
Berea,19,50.300846099853516,58.605369567871094,0.7951985731800248
Berea,20,179.2381134033203,133.9404296875,0.44579772291197034
Berea,21,178.42990112304688,126.47869873046875,0.49407444926419863
Berea,22,178.8166961669922,134.22943115234375,0.4694910223964974
Berea,23,188.97518920898438,144.19595336914062,0.47605583157976267
Berea,24,35.42488098144531,45.92221450805664,0.8484386972775193
Berea,25,33.00624084472656,44.85917282104492,0.8602493429923793
Berea,26,31.029008865356445,43.04619598388672,0.8266859935288612
Berea,27,33.26614761352539,45.432579040527344,0.8087365605107616
Berea,28,30.31546401977539,42.81670379638672,0.8411539691955783
Berea,29,28.31527328491211,44.18306350708008,0.8092691545812206
Berea,30,26.903234481811523,43.14052200317383,0.816427424208593
Berea,31,27.68403434753418,42.856407165527344,0.8276594637214906
Berea,32,134.87466430664062,102.96632385253906,0.4210297919255694
Berea,33,145.38906860351562,108.69833374023438,0.45044077269991173
Berea,34,181.4609375,117.37020874023438,0.4323613009959865
Berea,35,144.44956970214844,107.86430358886719,0.44028775523665076
Berea,36,88.72030639648438,78.20518493652344,0.6367268137936776
Berea,37,73.40721893310547,78.6930923461914,0.616009248415545
Berea,38,75.71003723144531,79.44169616699219,0.631378294459823
Berea,39,91.1600570678711,76.42736053466797,0.6526355050297867
Berea,40,20.142351150512695,42.730037689208984,0.7742540296111373
Berea,41,20.907817840576172,43.60275650024414,0.7620701483435306
Berea,42,19.77516746520996,43.24879837036133,0.7696844587696335
Berea,43,23.52311897277832,45.338565826416016,0.7521900474944199
Berea,44,27.237869262695312,46.829254150390625,0.7581415465067964
Berea,45,38.85824203491211,46.539371490478516,0.7965452719988593
Berea,46,34.88517761230469,48.91000747680664,0.7622286297032331
Berea,47,27.836135864257812,47.18148422241211,0.7483887084188428
Berea,48,27.96319007873535,54.20351791381836,0.6912288421151721
Berea,49,24.216197967529297,51.59965133666992,0.7058481502503291
Berea,50,29.938316345214844,54.32558822631836,0.6854895535448943
Berea,51,23.76696014404297,52.07472610473633,0.6887136113970969
Berea,52,33.28106689453125,61.72207260131836,0.6895568251569779
Berea,53,21.507659912109375,55.58930206298828,0.6964839355480419
Berea,54,35.629886627197266,51.918190002441406,0.6963372051074336
Berea,55,42.2053337097168,62.15748596191406,0.7114786526776424
Berea,56,65.09309387207031,75.13567352294922,0.6676964777529335
Berea,57,56.470062255859375,66.16536712646484,0.7068398801305297
Berea,58,59.79281234741211,65.6185302734375,0.6669604923028386
Berea,59,72.49249267578125,70.04467010498047,0.669811231686195
Berea,60,41.09894561767578,58.31349182128906,0.7292051271022865
Berea,61,38.83815002441406,55.603878021240234,0.7341203239133997
Berea,62,39.628204345703125,55.5959587097168,0.7370758041151872
Berea,63,37.25626754760742,56.25787353515625,0.7160472342154907
Berea,64,3.8464441299438477,49.98331069946289,0.6378570989755482
Berea,65,0.09759454429149628,47.878780364990234,0.6420380866000618
Berea,66,0.49469637870788574,48.607582092285156,0.6779888016500834
Berea,67,5.655224323272705,49.508148193359375,0.6505022498823775
Berea,68,40.38856887817383,62.06932830810547,0.594292656573843
Berea,69,48.14539337158203,65.54911041259766,0.5182367111485017
Berea,70,43.092437744140625,65.36062622070312,0.5610092838520945
Berea,71,48.71590805053711,64.75273895263672,0.5889087566865975
Berea,72,176.01832580566406,103.96563720703125,0.3010701413184118
Berea,73,186.16781616210938,107.62631225585938,0.35019495541870077
Berea,74,186.53013610839844,115.18694305419922,0.390050348046263
Berea,75,194.50787353515625,112.61858367919922,0.373857613004547
Berea,76,46.08922576904297,51.90483093261719,0.8330931306415816
Berea,77,47.53919982910156,52.51211166381836,0.8295122367556012
Berea,78,48.111331939697266,52.78348159790039,0.816577100256041
Berea,79,45.42724609375,51.45198059082031,0.834751080996616
Berea,80,26.0325870513916,51.482940673828125,0.506251268171461
Berea,81,24.410490036010742,54.93575668334961,0.4510327046848015
Berea,82,23.162479400634766,52.112483978271484,0.4873551400644711
Berea,83,33.003787994384766,48.87971878051758,0.547972824117081
Berea,84,29.885746002197266,43.20676040649414,0.7728629240476628
Berea,85,30.18563461303711,44.168209075927734,0.7874403371029699
Berea,86,25.133617401123047,39.2460823059082,0.8116377705770872
Berea,87,29.743581771850586,44.835575103759766,0.7540712994536009
Berea,88,310.0797424316406,247.42408752441406,0.5662966265648213
Berea,89,306.7099304199219,242.63693237304688,0.5538059223751021
Berea,90,298.797607421875,225.16131591796875,0.5095975606259666
Berea,91,296.134765625,228.1507110595703,0.5097331914906769
Berea,92,265.9280700683594,219.06556701660156,0.45454533577313405
Berea,93,266.9752502441406,209.2547149658203,0.47860340433017895
Berea,94,274.25518798828125,224.04808044433594,0.4769473217407149
Berea,95,262.8992004394531,220.4871826171875,0.47956902680723346
Berea,96,9.980399131774902,51.826194763183594,0.6822804867029
Berea,97,11.125578880310059,53.58575439453125,0.6500123460480065
Berea,98,8.941682815551758,55.18756866455078,0.6303912490777024
Berea,99,14.398578643798828,55.905303955078125,0.62792980132965
Berea,100,10.60850715637207,41.31167984008789,0.6900108414819925
Berea,101,7.812972545623779,42.783226013183594,0.6428071189421803
Berea,102,12.213024139404297,42.87044906616211,0.6736121378003905
Berea,103,5.293845176696777,42.38754653930664,0.6528255342023509
Berea,104,223.60687255859375,164.4638671875,0.5120280382467659
Berea,105,233.73532104492188,164.47792053222656,0.48168450351520503
Berea,106,222.8730926513672,156.30929565429688,0.5205417561931478
Berea,107,229.81698608398438,163.9505157470703,0.5057258979521635
Berea,108,11.996814727783203,46.17184066772461,0.6753780329618836
Berea,109,10.098530769348145,44.0847282409668,0.678455070607152
Berea,110,10.11410140991211,44.782291412353516,0.6612876912708915
Berea,111,13.801637649536133,47.810218811035156,0.6494362648243439
Berea,112,31.770565032958984,44.14339828491211,0.833158102337341
Berea,113,31.394174575805664,44.923606872558594,0.8317139807083144
Berea,114,29.573352813720703,43.654693603515625,0.8448991641311412
Berea,115,32.67371368408203,44.9836540222168,0.8438001776921891
Berea,116,100.85456085205078,81.94012451171875,0.5645591782938123
Berea,117,113.6020736694336,90.18852233886719,0.5525193628518926
Berea,118,102.34529113769531,84.47459411621094,0.5229998728486317
Berea,119,101.6122055053711,82.694091796875,0.5370562493585302
Berea,120,10.351929664611816,47.7285270690918,0.6302022335836029
Berea,121,10.709425926208496,46.53816223144531,0.6450840491317761
Berea,122,8.688495635986328,47.66682434082031,0.639678634450202
Berea,123,11.2892484664917,46.99235916137695,0.6702836283753397
Berea,124,2.9062092304229736,45.79615783691406,0.7184353702828162
Berea,125,2.056380033493042,47.06077575683594,0.6921978154650971
Berea,126,3.100486993789673,46.833961486816406,0.6527355102307142
Berea,127,3.9485390186309814,46.507843017578125,0.6751598006803378
Berea,128,41.821170806884766,56.69338607788086,0.7894078793791701
Berea,129,40.37166976928711,54.8393440246582,0.7772046069176299
Berea,130,41.50431442260742,53.85393524169922,0.8029012508275073
Berea,131,41.78005599975586,57.88747024536133,0.7569304971623909
Berea,132,5.9469404220581055,46.633819580078125,0.740509602634319
Berea,133,7.326974391937256,46.942447662353516,0.742232605632864
Berea,134,4.86492919921875,48.187984466552734,0.7316425629905338
Berea,135,1.6010481119155884,46.5917854309082,0.7356233576932079
Berea,136,17.687105178833008,51.337890625,0.6438540475495587
Berea,137,16.270505905151367,50.492828369140625,0.6770828376200541
Berea,138,10.563568115234375,49.16807174682617,0.6843605200640566
Berea,139,14.807241439819336,49.47246551513672,0.6653640127770306
Berea,140,454.5390930175781,349.85125732421875,0.4516103146155394
Berea,141,468.7850646972656,340.6027526855469,0.43701037064813225
Berea,142,468.8146667480469,331.27978515625,0.455291493109202
Berea,143,462.3368225097656,318.6083984375,0.4371329777227404
Berea,144,30.036720275878906,51.291709899902344,0.6432251802776732
Berea,145,30.44007110595703,52.75419616699219,0.6217483806724057
Berea,146,30.711706161499023,50.96544647216797,0.6582069640482009
Berea,147,30.799226760864258,50.977046966552734,0.6671864234533331
Berea,148,14.91242504119873,45.03699493408203,0.6046286169333243
Berea,149,14.024964332580566,45.68801498413086,0.6384663110089733
Berea,150,10.936903953552246,46.9482421875,0.556444434021618
Berea,151,7.575608730316162,46.1512336730957,0.5681617328853206
Berea,152,36.644588470458984,54.458919525146484,0.6615659722741934
Berea,153,34.2237548828125,55.36326217651367,0.6227273619927889
Berea,154,34.0487060546875,56.23689651489258,0.6215904113114725
Berea,155,35.80855178833008,55.092803955078125,0.6319366541844534
Berea,156,13.299835205078125,61.39405822753906,0.6397761628462545
Berea,157,13.446041107177734,59.19328308105469,0.6448915474660368
Berea,158,9.292092323303223,64.5901870727539,0.6162704286193714
Berea,159,9.833606719970703,60.76923751831055,0.6149145891306977
Berea,160,198.46630859375,125.0771484375,0.4334660860574026
Berea,161,207.42025756835938,126.28304290771484,0.4410681717425739
Berea,162,200.84402465820312,127.03726959228516,0.4663662377679292
Berea,163,222.4684600830078,133.0460662841797,0.4611018674801117
Berea,164,229.6931915283203,242.00259399414062,0.4536567587463624
Berea,165,221.05799865722656,229.40362548828125,0.4373642909263358
Berea,166,229.72914123535156,238.1748046875,0.4877546811037953
Berea,167,219.44808959960938,231.9665985107422,0.47998800807022907
Berea,168,28.72276496887207,62.89344787597656,0.7076409027033788
Berea,169,33.90259552001953,61.517112731933594,0.7502317821544189
Berea,170,31.929372787475586,59.31757354736328,0.7147098913826917
Berea,171,30.582075119018555,58.96757507324219,0.7400151189108297
Berea,172,30.50128746032715,50.792381286621094,0.7328371758675778
Berea,173,30.25362205505371,50.04459762573242,0.7192224315421623
Berea,174,32.378761291503906,50.87164306640625,0.700151809633091
Berea,175,35.60283660888672,53.07461166381836,0.684506039777088
Berea,176,28.011432647705078,47.084312438964844,0.7115018254540838
Berea,177,26.18717384338379,47.3634147644043,0.6805431371171495
Berea,178,28.488605499267578,46.38603591918945,0.7219392388054097
Berea,179,27.954044342041016,46.48874282836914,0.7421367257632638
Berea,180,33.35248947143555,46.600120544433594,0.7951291280759524
Berea,181,33.416099548339844,47.333412170410156,0.7684987372179702
Berea,182,34.45863342285156,47.031280517578125,0.7940916061643686
Berea,183,32.959617614746094,46.54347610473633,0.8039152029863624
Berea,184,76.91573333740234,69.77127075195312,0.47301115963618284
Berea,185,76.91659545898438,70.33903503417969,0.45348349634994745
Berea,186,75.319091796875,74.89334869384766,0.42656940181837644
Berea,187,83.71141052246094,73.58688354492188,0.46368328694578276
Berea,188,26.865459442138672,56.1453857421875,0.7129067287544983
Berea,189,28.04277801513672,57.13496780395508,0.6623988023175674
Berea,190,30.45734405517578,53.931732177734375,0.735094492421287
Berea,191,27.21394920349121,54.04507064819336,0.7585795272385942
Berea,192,152.2139434814453,108.43155670166016,0.6035282772134831
Berea,193,165.10830688476562,114.48136138916016,0.5855877409956017
Berea,194,175.0032501220703,121.6152572631836,0.6472832871532017
Berea,195,162.5555419921875,113.86002349853516,0.6203932629241786
Berea,196,6.422119140625,42.07205581665039,0.7963011386927259
Berea,197,6.767462730407715,41.49528884887695,0.7911601890830029
Berea,198,4.411240100860596,41.516258239746094,0.7995705503093788
Berea,199,6.381462574005127,41.36140060424805,0.8065765203103586
Berea,200,104.66914367675781,80.5419692993164,0.5850143496294149
Berea,201,101.62977600097656,78.14772033691406,0.5690984691040377
Berea,202,106.36319732666016,78.79289245605469,0.5821887958682372
Berea,203,97.5455322265625,80.84201049804688,0.5884453623057082
Berea,204,22.615034103393555,51.78639602661133,0.6893909834242417
Berea,205,22.745349884033203,50.48161697387695,0.6712082351109432
Berea,206,19.087858200073242,50.01685333251953,0.6636667226875501
Berea,207,18.950923919677734,50.601558685302734,0.6730235656849998
Berea,208,2.0493366718292236,44.87214279174805,0.6214115571220812
Berea,209,9.970163345336914,46.83200454711914,0.6066525154852378
Berea,210,6.662679672241211,48.451534271240234,0.5900699648699522
Berea,211,4.747666835784912,46.450714111328125,0.5623785867223904
Berea,212,17.644304275512695,38.50341033935547,0.7768088702703705
Berea,213,14.864360809326172,38.763145446777344,0.7765426737316949
Berea,214,17.837053298950195,39.57889938354492,0.7786151447545231
Berea,215,17.2963924407959,40.76893997192383,0.7757058938821073
Berea,216,56.85490798950195,100.99607849121094,0.3843320713898585
Berea,217,52.87742233276367,97.69523620605469,0.3245948244261477
Berea,218,45.90584182739258,96.7136459350586,0.35533449230173947
Berea,219,48.42402267456055,100.62384033203125,0.35573648637890903
Berea,220,9.99827766418457,45.77092361450195,0.6897824756420013
Berea,221,6.207088470458984,46.29133987426758,0.6500153937187395
Berea,222,6.781599521636963,46.00328063964844,0.6996172155593304
Berea,223,12.643101692199707,48.81770324707031,0.6442543593115595
