Dataset,Sample_Index,Bias_Error_,Magnitude_Error_,Correlation
Spherical Pores,0,14.082289695739746,87.52804565429688,0.04392560181111686
Spherical Pores,1,12.949451446533203,73.92478942871094,-0.026362531281711864
Spherical Pores,2,14.9092378616333,87.35000610351562,0.027882458240775926
Spherical Pores,3,13.144104957580566,75.59481048583984,-0.02245891132580429
Spherical Pores,4,21.92820167541504,69.20153045654297,-0.1107490560638385
Spherical Pores,5,2.929022789001465,77.9473876953125,0.12206451700498262
Spherical Pores,6,26.430940628051758,69.60087585449219,-0.1394272522173505
Spherical Pores,7,3.22857928276062,77.32027435302734,0.1559865691184648
Spherical Pores,8,5.630590438842773,82.3780517578125,0.015945254605757613
Spherical Pores,9,2.272732973098755,86.01203155517578,-0.04399011838932011
Spherical Pores,10,9.307378768920898,79.73548126220703,0.052565976100910405
Spherical Pores,11,1.4694905281066895,85.13287353515625,-0.028692242104382405
Spherical Pores,12,23.417051315307617,76.50984191894531,-0.015315688079673893
Spherical Pores,13,0.9418278932571411,80.70452880859375,0.02591843886824489
Spherical Pores,14,22.792531967163086,76.54631042480469,0.024128752289523086
Spherical Pores,15,5.937716007232666,82.80626678466797,0.025856578916656908
Spherical Pores,16,4.360341548919678,72.61754608154297,0.18750921369821277
Spherical Pores,17,24.4213924407959,72.47767639160156,-0.08766051128091158
Spherical Pores,18,5.015510082244873,75.1467056274414,0.20900300287590529
Spherical Pores,19,17.387985229492188,74.65890502929688,-0.12068298567513679
Spherical Pores,20,3.219759941101074,85.95298767089844,-0.06878459200579981
Spherical Pores,21,20.801437377929688,72.30194091796875,0.14807443024570788
Spherical Pores,22,3.28159761428833,82.89495086669922,-0.01642945820832823
Spherical Pores,23,17.909252166748047,72.46940612792969,0.08616574475911865
Spherical Pores,24,10.848841667175293,98.58818054199219,-0.22138111066501026
Spherical Pores,25,17.254520416259766,90.05364990234375,0.19278425285955977
Spherical Pores,26,6.4859724044799805,95.759521484375,-0.227275248388006
Spherical Pores,27,34.2318115234375,104.32670593261719,0.20927151135132324
Spherical Pores,28,30.745119094848633,108.52322387695312,-0.05841471873385828
Spherical Pores,29,5.548040390014648,87.08575439453125,0.036526188437776184
Spherical Pores,30,52.087005615234375,122.58369445800781,-0.055377043262153765
Spherical Pores,31,0.4159213602542877,87.9495620727539,0.04903660642925963
Spherical Pores,32,18.109600067138672,79.34618377685547,-0.07228054859980788
Spherical Pores,33,18.01853370666504,67.87202453613281,0.0721351113617122
Spherical Pores,34,14.012256622314453,75.94731903076172,-0.0658012566769583
Spherical Pores,35,16.459064483642578,67.84527587890625,0.07378884317644614
Spherical Pores,36,5.249879360198975,72.5416030883789,0.03832894880860716
Spherical Pores,37,5.908143520355225,69.1789321899414,-0.06268756237959242
Spherical Pores,38,5.447633266448975,73.9633560180664,0.03463494906739088
Spherical Pores,39,6.851253032684326,70.28607940673828,-0.04488832092554495
Spherical Pores,40,9.59000015258789,69.17759704589844,-0.07538738281828268
Spherical Pores,41,8.080642700195312,77.49188232421875,0.10195315109537674
Spherical Pores,42,10.271385192871094,67.47798919677734,-0.08771709312475182
Spherical Pores,43,8.310808181762695,77.91947174072266,0.1046567644337186
Spherical Pores,44,21.646907806396484,70.57447052001953,-0.16970776688281536
Spherical Pores,45,16.21883773803711,78.3417739868164,0.1776809689342158
Spherical Pores,46,17.829357147216797,71.66873168945312,-0.17345703090661807
Spherical Pores,47,12.511900901794434,77.34435272216797,0.18582533390851086
Spherical Pores,48,12.720072746276855,68.04512786865234,0.3121208112160894
Spherical Pores,49,22.623952865600586,85.70945739746094,-0.2555637212608824
Spherical Pores,50,12.979281425476074,68.67316436767578,0.28902039401119783
Spherical Pores,51,11.856661796569824,81.7223129272461,-0.2780566364122396
Spherical Pores,52,22.09532356262207,66.28321838378906,0.032275387273026764
Spherical Pores,53,21.677501678466797,64.26283264160156,-0.08960869319723389
Spherical Pores,54,22.593435287475586,66.36846923828125,0.05228964096330179
Spherical Pores,55,16.07915687561035,68.44546508789062,-0.08020592259403708
Spherical Pores,56,40.06319808959961,83.67566680908203,0.17572613564963907
Spherical Pores,57,9.328922271728516,66.97692108154297,-0.17529784836694065
Spherical Pores,58,47.8836669921875,90.84518432617188,0.15888228628287243
Spherical Pores,59,6.267812252044678,68.85202026367188,-0.1649722927757806
Spherical Pores,60,9.535308837890625,85.53498077392578,0.03422702924606657
Spherical Pores,61,60.926666259765625,119.59563446044922,-0.06373023126501157
Spherical Pores,62,6.516177654266357,88.23589324951172,0.03335736020262556
Spherical Pores,63,65.38627624511719,120.6654052734375,-0.04698863030640359
Spherical Pores,64,10.867321968078613,65.74913024902344,0.03605848961392691
Spherical Pores,65,2.778454065322876,67.0127944946289,-0.03664673631189938
Spherical Pores,66,11.70187759399414,65.26518249511719,0.021849050379425746
Spherical Pores,67,2.5241692066192627,66.85005187988281,-0.02802822426160059
Spherical Pores,68,2.850822925567627,66.71994018554688,0.0521069371991757
Spherical Pores,69,9.123303413391113,70.77950286865234,-0.03933980535394347
Spherical Pores,70,3.381845474243164,66.52326965332031,0.056152077375723884
Spherical Pores,71,8.181960105895996,70.57994842529297,-0.04184958158881619
Spherical Pores,72,27.960987091064453,77.10755157470703,-0.036322207119073
Spherical Pores,73,20.47441291809082,74.77688598632812,0.04452013672978798
Spherical Pores,74,28.201492309570312,76.89732360839844,-0.03851356343961666
Spherical Pores,75,20.714420318603516,74.68618774414062,0.05407922384869457
Spherical Pores,76,5.568053722381592,69.67699432373047,-0.07353416517313836
Spherical Pores,77,12.637822151184082,65.9778823852539,0.09141553690211657
Spherical Pores,78,5.867875576019287,70.38099670410156,-0.07234961146741059
Spherical Pores,79,14.123467445373535,64.42193603515625,0.08283076054075673
Spherical Pores,80,5.296100616455078,68.2485122680664,0.054237689879386854
Spherical Pores,81,12.350015640258789,67.1639633178711,-0.04317561308810573
Spherical Pores,82,0.06128477305173874,67.9554672241211,0.046948278761989946
Spherical Pores,83,13.848112106323242,67.47447204589844,-0.024320924913611104
Spherical Pores,84,12.651082992553711,64.68226623535156,0.05479388965371057
Spherical Pores,85,1.1370539665222168,65.51219177246094,-0.046942444796048546
Spherical Pores,86,12.2947998046875,64.47445678710938,0.05890691051640997
Spherical Pores,87,0.4032765328884125,65.70730590820312,-0.020968175492646134
Spherical Pores,88,24.117765426635742,62.83022689819336,-0.3605740790323714
Spherical Pores,89,6.01470947265625,65.65896606445312,0.37194003523567226
Spherical Pores,90,21.877017974853516,63.814056396484375,-0.3667745061239699
Spherical Pores,91,11.629707336425781,67.42259979248047,0.3286704361903054
Spherical Pores,92,1.8891222476959229,69.2897720336914,0.009887655931827923
Spherical Pores,93,14.949549674987793,80.48059844970703,-0.041696918033226386
Spherical Pores,94,3.9887309074401855,70.87553405761719,0.03399284808488724
Spherical Pores,95,14.27588939666748,80.28660583496094,-0.030378845744699786
Spherical Pores,96,14.394512176513672,70.96976470947266,-0.001241385762668836
Spherical Pores,97,3.782773971557617,66.68621826171875,0.007459002539846029
Spherical Pores,98,14.813944816589355,71.4751205444336,-0.014274409899539734
Spherical Pores,99,4.695384979248047,67.167724609375,0.013192193751943988
Spherical Pores,100,7.864623069763184,67.53580474853516,-0.042940847949766305
Spherical Pores,101,10.773996353149414,64.88127136230469,0.04461763790759746
Spherical Pores,102,7.866231918334961,67.86485290527344,-0.033359205679028385
Spherical Pores,103,11.005721092224121,65.00181579589844,0.04701661551211377
Spherical Pores,104,31.574377059936523,72.7786636352539,0.10567982404537424
Spherical Pores,105,5.837284564971924,62.704715728759766,-0.11751150134436748
Spherical Pores,106,30.976964950561523,72.52268981933594,0.09648975389236376
Spherical Pores,107,5.353759288787842,62.52220153808594,-0.09293366172145993
Spherical Pores,108,10.957906723022461,63.54161071777344,-0.08009364295564822
Spherical Pores,109,2.9308552742004395,66.71247863769531,0.05658969833218401
Spherical Pores,110,11.787336349487305,62.84940719604492,-0.07210837421806271
Spherical Pores,111,2.0434205532073975,66.75401306152344,0.06818560072097868
Spherical Pores,112,4.466675758361816,68.4537582397461,0.11910508170905897
Spherical Pores,113,12.894619941711426,62.68986511230469,-0.11123784639183744
Spherical Pores,114,3.8256607055664062,69.6268081665039,0.14018700776392545
Spherical Pores,115,11.286931991577148,62.951805114746094,-0.07405846376063552
Spherical Pores,116,23.91209602355957,62.26976776123047,-0.0021096699648898145
Spherical Pores,117,0.4850785434246063,64.2254409790039,0.006924374368095232
Spherical Pores,118,25.29302215576172,61.647064208984375,0.00015379883233413835
Spherical Pores,119,2.0540106296539307,63.82197952270508,0.001839937737175531
Spherical Pores,120,26.61981201171875,63.560272216796875,0.17334689847906345
Spherical Pores,121,11.874100685119629,72.19857788085938,-0.15347868380329913
Spherical Pores,122,23.278913497924805,63.20293426513672,0.1866556473934488
Spherical Pores,123,13.909133911132812,72.7840347290039,-0.1546947093943153
Spherical Pores,124,22.503494262695312,64.31575775146484,0.1299029640462958
Spherical Pores,125,8.00285816192627,61.575618743896484,-0.13938573510939364
Spherical Pores,126,19.806425094604492,65.1258544921875,0.11788529938330014
Spherical Pores,127,11.095904350280762,61.363948822021484,-0.12516396831240256
Spherical Grains,0,4.232387542724609,76.59059143066406,-0.052646598794560205
Spherical Grains,1,42.64630889892578,67.4584732055664,0.09381179939279383
Spherical Grains,2,7.847892761230469,76.31836700439453,-0.11440713390588701
Spherical Grains,3,39.040122985839844,66.23097229003906,0.044964076902705784
Spherical Grains,4,59.021732330322266,106.65406799316406,-0.17114673502751926
Spherical Grains,5,15.306926727294922,73.15821075439453,0.20267926019763494
Spherical Grains,6,48.497440338134766,101.37232971191406,-0.20145342379955264
Spherical Grains,7,14.303801536560059,73.64105224609375,0.22077704736520912
Spherical Grains,8,39.20438766479492,68.44049072265625,0.11023422173222037
Spherical Grains,9,8.994424819946289,93.98458862304688,-0.09669274128812899
Spherical Grains,10,41.64430618286133,68.243896484375,0.1405697502729718
Spherical Grains,11,8.331395149230957,90.43196868896484,-0.09554608194011763
Spherical Grains,12,4.510896682739258,93.8813247680664,0.04072012434626685
Spherical Grains,13,17.358762741088867,98.69758605957031,0.01817981140492295
Spherical Grains,14,34.67702102661133,103.94129180908203,0.0007662063981089413
Spherical Grains,15,11.595483779907227,93.98616790771484,0.06276166039851494
Spherical Grains,16,134.71865844726562,185.2246551513672,-0.19772771565167555
Spherical Grains,17,8.119400978088379,82.21737670898438,0.23717186621803887
Spherical Grains,18,169.02015686035156,217.5825653076172,-0.27075051682795975
Spherical Grains,19,19.824209213256836,92.51740264892578,0.26194657799244786
Spherical Grains,20,36.226463317871094,67.90715789794922,0.2274237321580244
Spherical Grains,21,14.253645896911621,78.24959564208984,-0.2150222600213659
Spherical Grains,22,40.75569534301758,68.89396667480469,0.252867383450819
Spherical Grains,23,16.35940933227539,79.30593872070312,-0.2030910557591309
Spherical Grains,24,987.4142456054688,660.7356567382812,0.0805281733241088
Spherical Grains,25,1202.104736328125,786.7335815429688,0.05143663300625053
Spherical Grains,26,1018.3652954101562,739.8554077148438,0.05639803638953268
Spherical Grains,27,1168.1497802734375,736.5676879882812,0.041483143799302256
Spherical Grains,28,37.80289840698242,73.41338348388672,-0.18242588782542185
Spherical Grains,29,152.35598754882812,181.5191192626953,0.06557333457015292
Spherical Grains,30,43.884605407714844,76.85311126708984,-0.044934151585548705
Spherical Grains,31,147.91122436523438,169.09628295898438,0.11814021520419593
Spherical Grains,32,97.16710662841797,162.97842407226562,0.024282017929843497
Spherical Grains,33,39.208919525146484,105.93939971923828,-0.03191106533803066
Spherical Grains,34,85.86595916748047,159.3065948486328,0.06979280902219735
Spherical Grains,35,16.97271728515625,92.20598602294922,-0.022149110003215736
Spherical Grains,36,32.27322769165039,117.138916015625,0.07263884041978909
Spherical Grains,37,35.129112243652344,84.1842041015625,0.020409264372225903
Spherical Grains,38,21.383079528808594,111.8409194946289,0.05829369583283493
Spherical Grains,39,35.184974670410156,81.2524642944336,-0.05118261138413181
Spherical Grains,40,16.57666015625,71.68821716308594,-0.17690895815554725
Spherical Grains,41,31.083391189575195,72.3816146850586,0.1642179284980171
Spherical Grains,42,16.417980194091797,69.86529541015625,-0.17211933437578955
Spherical Grains,43,21.982471466064453,75.48600769042969,0.18323133972043806
Spherical Grains,44,74.07716369628906,101.37895202636719,0.017435769257575586
Spherical Grains,45,51.154361724853516,105.21452331542969,-0.0070266190432951145
Spherical Grains,46,53.39272689819336,88.322998046875,0.057375595728541416
Spherical Grains,47,52.54471969604492,109.8661117553711,-0.00692611688690208
Spherical Grains,48,4.918057441711426,95.19820404052734,-0.03232074588643714
Spherical Grains,49,16.769725799560547,72.32080841064453,0.02071699014776865
Spherical Grains,50,3.300309419631958,101.16608428955078,-0.061447595565721824
Spherical Grains,51,12.152688980102539,74.13475036621094,0.048255787151300765
Spherical Grains,52,11.987129211425781,68.90843963623047,-0.028482266072449913
Spherical Grains,53,5.333799839019775,83.3931655883789,0.05875683157529844
Spherical Grains,54,4.793744087219238,69.91419219970703,-0.051154743804459626
Spherical Grains,55,7.710575103759766,81.49456024169922,0.007012087062785291
Spherical Grains,56,39.897972106933594,74.96209716796875,-0.10938913815194115
Spherical Grains,57,30.3239688873291,101.76705169677734,0.12891915598426976
Spherical Grains,58,37.51736831665039,72.691650390625,-0.06989007311969214
Spherical Grains,59,29.67229461669922,98.19681549072266,0.0996332566901375
Spherical Grains,60,507.13543701171875,212.86717224121094,-0.12605924111377168
Spherical Grains,61,67.68145751953125,81.81575775146484,0.07774030189353404
Spherical Grains,62,461.1529541015625,163.11410522460938,-0.0944910582695074
Spherical Grains,63,90.99458312988281,84.19471740722656,0.0578805807135176
Spherical Grains,64,26.238712310791016,80.93267822265625,0.40356598094980833
Spherical Grains,65,18.046167373657227,68.23868560791016,-0.3769686468848753
Spherical Grains,66,24.766754150390625,81.3152084350586,0.4225177784755504
Spherical Grains,67,33.09896469116211,73.78215026855469,-0.4263864311868842
Spherical Grains,68,14.145660400390625,72.28897857666016,0.15640867793958016
Spherical Grains,69,26.090959548950195,70.93036651611328,-0.21520649424584898
Spherical Grains,70,18.634666442871094,72.5793228149414,0.1890405947795961
Spherical Grains,71,28.671859741210938,70.35157012939453,-0.23001440844416038
Spherical Grains,72,34.90876388549805,75.39768981933594,-0.28470410976758254
Spherical Grains,73,32.427364349365234,68.6368179321289,0.28523563347856307
Spherical Grains,74,31.85588264465332,78.94176483154297,-0.24944946194758222
Spherical Grains,75,24.51860237121582,69.55392456054688,0.31764957496036283
Spherical Grains,76,20.300203323364258,75.49214172363281,-0.45496582503081034
Spherical Grains,77,49.542877197265625,67.00062561035156,0.47029216260765094
Spherical Grains,78,23.135774612426758,77.32984161376953,-0.45193205673241005
Spherical Grains,79,52.406795501708984,66.50228118896484,0.4554807375714081
Spherical Grains,80,22.774824142456055,76.98442840576172,-0.009451190642822394
Spherical Grains,81,35.80757141113281,70.1536636352539,0.0314027958724575
Spherical Grains,82,29.755783081054688,76.82780456542969,-0.041646348896711344
Spherical Grains,83,39.965599060058594,69.8998794555664,0.007654777277499886
Spherical Grains,84,8.536271095275879,91.11624908447266,0.35201639469496093
Spherical Grains,85,12.687003135681152,79.01335144042969,-0.3317302772469058
Spherical Grains,86,2.444316864013672,81.2667465209961,0.31964789079655126
Spherical Grains,87,15.690690994262695,82.08383178710938,-0.3633347306980922
Spherical Grains,88,12.064562797546387,81.2656021118164,0.11301347731340883
Spherical Grains,89,19.925947189331055,94.8960952758789,-0.029181715626111007
Spherical Grains,90,23.91456413269043,77.74560546875,0.13402519206956143
Spherical Grains,91,15.725491523742676,89.55517578125,-0.13332209756056485
Spherical Grains,92,56.68507766723633,116.09280395507812,-0.036104031107600194
Spherical Grains,93,2.4383692741394043,78.92185974121094,0.03247234397733501
Spherical Grains,94,61.81571960449219,124.92140197753906,-0.041774572866149426
Spherical Grains,95,2.6689271926879883,86.18119049072266,-0.01070876989856202
Spherical Grains,96,0.9780443906784058,65.83724212646484,-0.04119499267571881
Spherical Grains,97,31.205175399780273,85.69145202636719,0.09051198871656968
Spherical Grains,98,1.491676926612854,67.01876831054688,-0.033816234335924865
Spherical Grains,99,33.263736724853516,82.23424530029297,0.07821623172172311
Spherical Grains,100,14.192048072814941,69.08863830566406,0.3058428311032295
Spherical Grains,101,17.08072853088379,67.85165405273438,-0.3250530456202405
Spherical Grains,102,14.135479927062988,68.7393798828125,0.3477577717167347
Spherical Grains,103,12.713202476501465,68.56257629394531,-0.32667909730045186
Spherical Grains,104,36.00862503051758,91.88555908203125,-0.04302317470835988
Spherical Grains,105,0.6855531930923462,74.8812026977539,0.05434768114760704
Spherical Grains,106,36.45714569091797,91.16602325439453,-0.04828561103078431
Spherical Grains,107,1.90147864818573,76.33411407470703,0.030897864921692792
Spherical Grains,108,8.054330825805664,80.97285461425781,0.09849350808037076
Spherical Grains,109,54.07217025756836,105.22174835205078,-0.10820872627765064
Spherical Grains,110,8.647876739501953,81.35690307617188,0.13480467730996198
Spherical Grains,111,56.214962005615234,107.24866485595703,-0.12065791746401978
Spherical Grains,112,32.969566345214844,72.14472198486328,0.12462562897665609
Spherical Grains,113,35.21857452392578,89.72782897949219,-0.12245117246104206
Spherical Grains,114,32.33840560913086,72.14260864257812,0.13512994943430215
Spherical Grains,115,28.481952667236328,87.21798706054688,-0.1536151359556145
Spherical Grains,116,2.6479341983795166,70.21078491210938,0.03175336286514988
Spherical Grains,117,5.9320220947265625,69.75716400146484,-0.08066008780252157
Spherical Grains,118,1.5275394916534424,70.32782745361328,0.02655306954404907
Spherical Grains,119,8.372784614562988,67.04676818847656,-0.08563045651239486
Spherical Grains,120,33.561485290527344,94.82615661621094,-0.43301552678063726
Spherical Grains,121,13.221035957336426,82.83731079101562,0.45879535476324407
Spherical Grains,122,30.30179786682129,91.87592315673828,-0.44078599656095446
Spherical Grains,123,16.14422035217285,83.3947982788086,0.4509473277195543
Spherical Grains,124,16.98838996887207,81.80431365966797,-0.3050553670843547
Spherical Grains,125,18.817880630493164,77.91848754882812,0.29634364678966874
Spherical Grains,126,14.045910835266113,79.6985855102539,-0.3200072497698055
Spherical Grains,127,9.133573532104492,81.4361801147461,0.28810452629535155
Cylindrical Pores,0,61.95768356323242,69.64933013916016,0.03978093720197065
Cylindrical Pores,1,39.37214660644531,64.0913314819336,-0.032165176765047945
Cylindrical Pores,2,62.61942672729492,68.81108093261719,0.017829585117699297
Cylindrical Pores,3,44.15703582763672,65.31857299804688,-0.005245769470443728
Cylindrical Pores,4,64.42889404296875,78.7042465209961,0.20382133815233044
Cylindrical Pores,5,26.50460433959961,71.54850006103516,-0.21363786689485997
Cylindrical Pores,6,67.14158630371094,81.13961029052734,0.06717661691600708
Cylindrical Pores,7,20.829450607299805,68.64470672607422,-0.23189090013742047
Cylindrical Pores,8,53.54192352294922,66.38572692871094,0.06661734955952697
Cylindrical Pores,9,27.667495727539062,68.4405288696289,-0.10469955441895354
Cylindrical Pores,10,63.799800872802734,71.13949584960938,0.0822319049030161
Cylindrical Pores,11,27.4171199798584,71.61408996582031,-0.1338210985052105
Cylindrical Pores,12,66.57621765136719,80.12254333496094,-0.19586122753317137
Cylindrical Pores,13,21.030160903930664,81.93042755126953,0.159717752886548
Cylindrical Pores,14,64.27820587158203,78.80669403076172,-0.14973955014719564
Cylindrical Pores,15,22.909452438354492,79.0662612915039,0.139048863376545
Cylindrical Pores,16,65.6901626586914,88.68069458007812,-0.015420604725265755
Cylindrical Pores,17,8.459328651428223,104.5481948852539,0.09252288216920578
Cylindrical Pores,18,61.85514831542969,82.20124053955078,-0.023712225091104405
Cylindrical Pores,19,3.09704327583313,113.20661926269531,0.06673390771058646
Cylindrical Pores,20,34.164093017578125,59.62403869628906,0.11910605697700874
Cylindrical Pores,21,65.56841278076172,72.90010833740234,0.018061985869237112
Cylindrical Pores,22,38.421817779541016,61.76581573486328,0.16623399119287718
Cylindrical Pores,23,64.48992156982422,75.61552429199219,0.01481683767669495
Cylindrical Pores,24,74.12715148925781,82.61109161376953,-0.19993836407709442
Cylindrical Pores,25,57.541500091552734,75.82009887695312,0.2366784210405582
Cylindrical Pores,26,72.12911987304688,82.03543853759766,-0.18421910501977454
Cylindrical Pores,27,59.58967590332031,76.021728515625,0.2315755265859895
Cylindrical Pores,28,39.96835708618164,72.7521743774414,-0.11185467497301842
Cylindrical Pores,29,61.157169342041016,136.9042205810547,0.045137915604327054
Cylindrical Pores,30,31.802326202392578,71.53401947021484,-0.15238424326782118
Cylindrical Pores,31,68.36165618896484,142.4714813232422,0.09562293265860193
Cylindrical Pores,32,39.4061164855957,80.61695861816406,0.1695162643055852
Cylindrical Pores,33,9.208869934082031,99.72723388671875,-0.12948510558975795
Cylindrical Pores,34,38.99352264404297,79.88360595703125,0.11939090769464654
Cylindrical Pores,35,26.305583953857422,99.09964752197266,-0.10588189402766275
Cylindrical Pores,36,68.03697967529297,75.28971099853516,-0.2510330005016833
Cylindrical Pores,37,31.461524963378906,59.51893615722656,0.196382098233012
Cylindrical Pores,38,66.3386001586914,73.91987609863281,-0.21850900525578795
Cylindrical Pores,39,36.953731536865234,60.974830627441406,0.17813274292102618
Cylindrical Pores,40,222.09349060058594,89.98572540283203,0.4358443790632759
Cylindrical Pores,41,302.7651062011719,84.20567321777344,-0.34457026759127884
Cylindrical Pores,42,221.4649200439453,82.46511840820312,0.4783002021867609
Cylindrical Pores,43,312.0427551269531,75.68836212158203,-0.34578196236794473
Cylindrical Pores,44,44.43276596069336,89.13921356201172,0.1555248521616886
Cylindrical Pores,45,20.95832633972168,134.85914611816406,-0.02193898394963055
Cylindrical Pores,46,49.28104782104492,85.69108581542969,0.17639848318599435
Cylindrical Pores,47,7.0158209800720215,160.27113342285156,-0.013429185209683829
Cylindrical Pores,48,52.47327423095703,75.62939453125,-0.23411953921119066
Cylindrical Pores,49,27.75973892211914,76.68315124511719,0.2973522512533199
Cylindrical Pores,50,54.67903137207031,73.5798110961914,-0.2669835390043449
Cylindrical Pores,51,14.532180786132812,80.52165985107422,0.26963994070970415
Cylindrical Pores,52,30.457969665527344,70.23924255371094,-0.10544318840816107
Cylindrical Pores,53,1.9377167224884033,67.49382781982422,-0.01303026617652296
Cylindrical Pores,54,30.113811492919922,76.07279968261719,-0.060865101013740854
Cylindrical Pores,55,8.916722297668457,73.05310821533203,0.06777389649720307
Cylindrical Pores,56,20.990943908691406,73.78469848632812,-0.10883414503374185
Cylindrical Pores,57,33.867271423339844,68.91104888916016,0.0828493129526312
Cylindrical Pores,58,15.093633651733398,73.7612075805664,-0.07793147592514478
Cylindrical Pores,59,35.06067657470703,69.1156997680664,0.12251801901442234
Cylindrical Pores,60,66.43663787841797,76.48489379882812,-0.19242534342646941
Cylindrical Pores,61,46.143653869628906,68.98780822753906,0.20890555706429748
Cylindrical Pores,62,66.18865966796875,77.15861511230469,-0.20060758720569266
Cylindrical Pores,63,44.21319580078125,67.12936401367188,0.16359553363580545
Cylindrical Pores,64,4.965109348297119,61.58443069458008,-0.1101444645323696
Cylindrical Pores,65,0.7659392356872559,70.13131713867188,0.16083743236150447
Cylindrical Pores,66,8.216179847717285,73.15538024902344,-0.13032090956598757
Cylindrical Pores,67,12.568461418151855,65.40824127197266,0.11853822592876806
Cylindrical Pores,68,40.44656753540039,86.00450134277344,0.09642733827551364
Cylindrical Pores,69,35.06463623046875,76.53372192382812,-0.17669287169685807
Cylindrical Pores,70,45.65654754638672,88.28660583496094,0.09782049575788702
Cylindrical Pores,71,44.432708740234375,70.06661987304688,-0.13268805055610902
Cylindrical Pores,72,39.83418273925781,66.31095123291016,0.01589630357903264
Cylindrical Pores,73,35.69537353515625,62.48065185546875,0.032315518662248695
Cylindrical Pores,74,42.482749938964844,66.76962280273438,-0.003382759215329821
Cylindrical Pores,75,34.08391571044922,61.28630447387695,0.029259276889961456
Cylindrical Pores,76,40.247310638427734,66.77410125732422,0.12193886453998432
Cylindrical Pores,77,34.16743850708008,71.21871948242188,-0.12003828276103416
Cylindrical Pores,78,44.56768035888672,65.54867553710938,0.11159619800009682
Cylindrical Pores,79,30.560413360595703,69.06901550292969,-0.10026184487220469
Cylindrical Pores,80,44.918296813964844,63.791587829589844,-0.24047106853129763
Cylindrical Pores,81,38.51285171508789,59.492679595947266,0.2160795340728905
Cylindrical Pores,82,39.82973861694336,64.02568054199219,-0.20502496846897406
Cylindrical Pores,83,42.88086700439453,60.44644546508789,0.17847163963634846
Cylindrical Pores,84,61.77632522583008,73.81153869628906,0.0768518685384751
Cylindrical Pores,85,39.90830993652344,73.20709991455078,-0.07574814114956169
Cylindrical Pores,86,60.53225326538086,73.22723388671875,0.04812133527131272
Cylindrical Pores,87,40.42936325073242,73.36605072021484,-0.09028571472227487
Cylindrical Pores,88,29.713287353515625,71.96343231201172,-0.15334345208982905
Cylindrical Pores,89,0.8337353467941284,76.89500427246094,0.1442145975090451
Cylindrical Pores,90,27.79227638244629,72.27922821044922,-0.130090471137783
Cylindrical Pores,91,2.6947691440582275,78.24703216552734,0.1625923396738403
Cylindrical Pores,92,60.52347183227539,70.78997039794922,-0.09928454868130811
Cylindrical Pores,93,34.20206069946289,67.40126037597656,0.18785763328587105
Cylindrical Pores,94,59.38399124145508,69.2051010131836,-0.11715934585340716
Cylindrical Pores,95,31.36736297607422,66.33222198486328,0.20186211733535792
Cylindrical Pores,96,45.518592834472656,68.87115478515625,0.1776602341517162
Cylindrical Pores,97,22.605396270751953,65.16817474365234,-0.12446860501447933
Cylindrical Pores,98,46.979610443115234,68.61772155761719,0.14689130473004944
Cylindrical Pores,99,22.528268814086914,66.8367919921875,-0.11582387975071143
Cylindrical Pores,100,36.02116394042969,64.58753967285156,0.2424764428638488
Cylindrical Pores,101,46.610923767089844,68.30157470703125,-0.1442969505353386
Cylindrical Pores,102,33.743717193603516,63.15924072265625,0.21109948100636428
Cylindrical Pores,103,45.645904541015625,69.18096923828125,-0.1337362144004153
Cylindrical Pores,104,55.08689880371094,69.119384765625,0.08765841033574681
Cylindrical Pores,105,17.771455764770508,61.859840393066406,-0.07670337007080247
Cylindrical Pores,106,53.892425537109375,68.80424499511719,0.09226448752356167
Cylindrical Pores,107,18.182640075683594,61.83412170410156,-0.074510943823674
Cylindrical Pores,108,32.13808059692383,64.28897857666016,-0.2671613045325217
Cylindrical Pores,109,24.48772621154785,59.44123840332031,0.2782127353861632
Cylindrical Pores,110,40.648475646972656,65.24827575683594,-0.2619669393934292
Cylindrical Pores,111,30.504335403442383,62.150699615478516,0.3106553314898199
Cylindrical Pores,112,34.517555236816406,67.27420806884766,0.1142846233234899
Cylindrical Pores,113,65.85609436035156,77.5181884765625,-0.09945560429535345
Cylindrical Pores,114,37.72842025756836,69.19035339355469,0.09637667998349123
Cylindrical Pores,115,67.58221435546875,78.53307342529297,-0.029075009748325935
Cylindrical Pores,116,46.35713195800781,71.3076171875,-0.07333317429415773
Cylindrical Pores,117,46.687801361083984,66.84201049804688,0.08235143676383777
Cylindrical Pores,118,43.538936614990234,70.01078033447266,-0.05480507583578862
Cylindrical Pores,119,45.78593826293945,68.76000213623047,0.06952114488228286
Cylindrical Grains,0,17.520566940307617,75.56509399414062,0.03494355555514869
Cylindrical Grains,1,17.492748260498047,75.49069213867188,-0.016838024874793186
Cylindrical Grains,2,15.162663459777832,74.61705780029297,0.04581859327370462
Cylindrical Grains,3,11.862035751342773,73.69062042236328,-0.011141988392759218
Cylindrical Grains,4,52.2923698425293,89.32157135009766,-0.09737757884556957
Cylindrical Grains,5,8.650619506835938,64.10906219482422,0.17146381420313153
Cylindrical Grains,6,54.631046295166016,90.40674591064453,-0.1043228086373627
Cylindrical Grains,7,6.267590045928955,63.98200607299805,0.15595007826286386
Cylindrical Grains,8,50.980655670166016,90.69389343261719,-0.027800189174059575
Cylindrical Grains,9,14.802900314331055,73.9030532836914,0.020071620289405262
Cylindrical Grains,10,52.33021545410156,91.94293975830078,-0.060404817534659185
Cylindrical Grains,11,18.905193328857422,75.41465759277344,-0.00021066461425982513
Cylindrical Grains,12,19.485504150390625,63.73671340942383,-0.14463950498936246
Cylindrical Grains,13,10.167856216430664,70.1331558227539,0.12956960612958487
Cylindrical Grains,14,12.438146591186523,66.99742889404297,-0.1548876781138127
Cylindrical Grains,15,17.797164916992188,70.42262268066406,0.13566266177945363
Cylindrical Grains,16,28.7103328704834,64.75001525878906,0.037396108683652216
Cylindrical Grains,17,7.36262845993042,79.31763458251953,-0.003449253809450327
Cylindrical Grains,18,28.939931869506836,67.48466491699219,-0.010072865894872416
Cylindrical Grains,19,8.034820556640625,79.0057601928711,0.03280966842233936
Cylindrical Grains,20,15.880047798156738,65.6268310546875,-0.0031499304631258324
Cylindrical Grains,21,22.454666137695312,69.46742248535156,0.07433366354522977
Cylindrical Grains,22,17.78229522705078,66.02462768554688,0.006045466521682984
Cylindrical Grains,23,23.44495391845703,67.50276184082031,0.09074339845621181
Cylindrical Grains,24,23.101146697998047,72.7994613647461,-0.09520894944452371
Cylindrical Grains,25,14.602140426635742,76.33633422851562,0.09146102708337486
Cylindrical Grains,26,13.164578437805176,77.37726593017578,-0.09946718727563737
Cylindrical Grains,27,17.494144439697266,76.4074478149414,0.111102112096833
Cylindrical Grains,28,9.008625030517578,71.11222839355469,-0.07179511416639964
Cylindrical Grains,29,36.9724006652832,67.49381256103516,0.1598626109360802
Cylindrical Grains,30,0.5865731239318848,73.71161651611328,-0.020129623423616096
Cylindrical Grains,31,37.1685905456543,69.06121826171875,0.10853358959582571
Cylindrical Grains,32,53.477664947509766,69.4576416015625,0.15424653793269538
Cylindrical Grains,33,7.456165790557861,73.62091064453125,-0.2217368452033683
Cylindrical Grains,34,55.730926513671875,69.18528747558594,0.15894011279398737
Cylindrical Grains,35,3.6614720821380615,72.49290466308594,-0.25712418646760127
Cylindrical Grains,36,41.17106628417969,61.31396484375,-0.0793787980045676
Cylindrical Grains,37,39.41918182373047,95.69622802734375,0.08378934807597019
Cylindrical Grains,38,39.94165802001953,61.40242004394531,-0.03381892073928943
Cylindrical Grains,39,38.66521072387695,92.58153533935547,0.09569629286051577
Cylindrical Grains,40,70.77313232421875,128.1750946044922,-0.08122084208587936
Cylindrical Grains,41,18.01038932800293,88.62047576904297,0.12034317845664348
Cylindrical Grains,42,63.46134567260742,123.82100677490234,-0.07448989009814672
Cylindrical Grains,43,24.5143985748291,89.51778411865234,0.13086548369392237
Cylindrical Grains,44,10.246868133544922,80.81790161132812,-0.08538575979035422
Cylindrical Grains,45,94.61929321289062,129.59429931640625,-0.0019516932470464144
Cylindrical Grains,46,15.692201614379883,81.48631286621094,-0.09303388902293472
Cylindrical Grains,47,115.60302734375,141.73997497558594,0.01557109747281561
Cylindrical Grains,48,0.3207549750804901,72.1550521850586,-0.3436811995336689
Cylindrical Grains,49,36.866424560546875,67.77613067626953,0.250076412508883
Cylindrical Grains,50,13.074048042297363,78.27217102050781,-0.2959910556696152
Cylindrical Grains,51,36.092655181884766,68.42343139648438,0.2575725721173718
Cylindrical Grains,52,89.06346130371094,157.5786895751953,0.19052722199973965
Cylindrical Grains,53,40.9193115234375,70.68094635009766,-0.22158001470787486
Cylindrical Grains,54,84.2608642578125,157.8999481201172,0.20436514938956185
Cylindrical Grains,55,39.50675582885742,69.7307357788086,-0.18650559498009686
Cylindrical Grains,56,17.77862548828125,78.73881530761719,-0.40273511141443735
Cylindrical Grains,57,3.2145907878875732,64.50086212158203,0.4531302449894022
Cylindrical Grains,58,14.716852188110352,72.49613189697266,-0.3800730219796798
Cylindrical Grains,59,1.7791730165481567,61.33735656738281,0.45475323177754345
Cylindrical Grains,60,8.554574966430664,73.59039306640625,0.21754490773718832
Cylindrical Grains,61,16.11840057373047,86.97023010253906,-0.20629092589103873
Cylindrical Grains,62,13.817899703979492,75.8786849975586,0.1714908865892264
Cylindrical Grains,63,13.886638641357422,87.246826171875,-0.19130419736698442
Cylindrical Grains,64,3.9518730640411377,83.74485778808594,-0.07007000343340221
Cylindrical Grains,65,60.91713333129883,73.86254119873047,0.004770731493493712
Cylindrical Grains,66,7.140561103820801,82.31172943115234,-0.015419800036299667
Cylindrical Grains,67,60.72005081176758,72.4790267944336,0.09742220447058715
Cylindrical Grains,68,93.07085418701172,132.37744140625,0.3007919136648185
Cylindrical Grains,69,49.04525375366211,79.07168579101562,-0.38989973244055953
Cylindrical Grains,70,100.3070068359375,132.22068786621094,0.33676718818794116
Cylindrical Grains,71,39.41328811645508,74.85621643066406,-0.3952976882426355
Cylindrical Grains,72,44.180908203125,113.4906005859375,0.13659623437497662
Cylindrical Grains,73,22.979572296142578,91.89778900146484,-0.12065180542133651
Cylindrical Grains,74,45.48029708862305,113.92876434326172,0.1152980281596703
Cylindrical Grains,75,8.131762504577637,84.12537384033203,-0.14437116164967342
Cylindrical Grains,76,23.79207420349121,98.350830078125,0.1938571821150993
Cylindrical Grains,77,21.53544044494629,76.55467987060547,-0.3608181798845495
Cylindrical Grains,78,11.763895988464355,86.15946960449219,0.19096136371847652
Cylindrical Grains,79,8.00696086883545,84.27811431884766,-0.28690621159257157
Cylindrical Grains,80,28.629016876220703,70.0743408203125,0.4746708932138575
Cylindrical Grains,81,42.64047622680664,72.44196319580078,-0.546774044823875
Cylindrical Grains,82,28.99081802368164,65.66773986816406,0.6243972693385096
Cylindrical Grains,83,46.51693344116211,76.97972869873047,-0.47218474142413647
Cylindrical Grains,84,43.40864562988281,101.23111724853516,-0.03809747395531544
Cylindrical Grains,85,35.14345932006836,96.3357925415039,0.1701410079360059
Cylindrical Grains,86,50.846065521240234,94.20972442626953,-0.05550670854203059
Cylindrical Grains,87,58.371368408203125,102.98726654052734,0.1262070743040766
Cylindrical Grains,88,46.09340286254883,119.92960357666016,0.06001426741868272
Cylindrical Grains,89,85.41323852539062,137.4318084716797,-0.004780731315277046
Cylindrical Grains,90,47.65978240966797,115.81794738769531,0.09536997860377773
Cylindrical Grains,91,89.59778594970703,137.36126708984375,-0.006600015258178224
Cylindrical Grains,92,15.108524322509766,86.40091705322266,0.20206030322032736
Cylindrical Grains,93,34.19712448120117,67.115478515625,-0.21508812511256215
Cylindrical Grains,94,20.018749237060547,91.17057037353516,0.16359849511371377
Cylindrical Grains,95,24.214513778686523,69.93762969970703,-0.2306094918440576
Bentheimer,0,22.992773056030273,98.91915130615234,0.2575855485253265
Bentheimer,1,38.54740905761719,63.430076599121094,-0.22252176387411712
Bentheimer,2,17.598791122436523,87.97965240478516,0.19489389786910197
Bentheimer,3,33.775291442871094,63.84800338745117,-0.25001717288885317
Bentheimer,4,16.184459686279297,79.38059997558594,0.03606324659747075
Bentheimer,5,96.67208862304688,125.45153045654297,-0.008456019715318678
Bentheimer,6,11.625452041625977,75.69869995117188,0.021062745458909106
Bentheimer,7,99.65805053710938,121.34696197509766,-0.017792638122096017
Bentheimer,8,73.79264068603516,126.1081314086914,-0.38857454451128237
Bentheimer,9,53.07804489135742,126.25177764892578,0.38471607051692575
Bentheimer,10,60.218231201171875,122.4562759399414,-0.39176763484543664
Bentheimer,11,49.54334259033203,109.29309844970703,0.48271366687811473
Bentheimer,12,12.014596939086914,76.26976776123047,-0.22612249851091407
Bentheimer,13,0.06382128596305847,80.45285034179688,0.19644358008496052
Bentheimer,14,13.730156898498535,75.1746826171875,-0.1567826647425194
Bentheimer,15,6.543704509735107,83.85041809082031,0.17677207965062727
Bentheimer,16,15.493110656738281,71.18017578125,-0.5948587183649915
Bentheimer,17,28.535964965820312,66.55992889404297,0.590626608306716
Bentheimer,18,5.128652095794678,68.80319213867188,-0.6905295013617521
Bentheimer,19,33.515647888183594,64.17447662353516,0.5911658983405467
Bentheimer,20,1.3766429424285889,92.50243377685547,-0.019274949183497925
Bentheimer,21,10.726183891296387,79.84974670410156,0.10634353900095399
Bentheimer,22,3.016927719116211,85.01615905761719,-0.03473817643312293
Bentheimer,23,20.59273338317871,79.02059173583984,0.10328825754946785
Bentheimer,24,37.38601303100586,84.56668853759766,-0.4222215492223137
Bentheimer,25,2.4185426235198975,82.43204498291016,0.4006694969207845
Bentheimer,26,35.37887954711914,84.3785400390625,-0.41687430743011505
Bentheimer,27,8.640494346618652,77.43253326416016,0.39885246613125347
Bentheimer,28,13.08902645111084,73.59331512451172,0.038863774855885706
Bentheimer,29,42.56523513793945,61.53096008300781,-0.06159445967149009
Bentheimer,30,16.103914260864258,71.11681365966797,0.03632365214985064
Bentheimer,31,37.78609085083008,60.51817321777344,-0.009434326655485468
Bentheimer,32,511.3013000488281,491.3914794921875,0.13119357787236477
Bentheimer,33,334.25225830078125,302.79449462890625,-0.11963057292459936
Bentheimer,34,499.8017578125,502.5224609375,0.12273613548949068
Bentheimer,35,453.9271240234375,423.9116516113281,-0.12381006532519653
Bentheimer,36,6.502603054046631,97.3267822265625,0.02269318127304737
Bentheimer,37,61.862030029296875,77.01892852783203,-0.06299536825963577
Bentheimer,38,11.395166397094727,98.06249237060547,0.03421699153224707
Bentheimer,39,57.77785110473633,75.87564086914062,-0.05171495550284348
Bentheimer,40,34.94964599609375,67.52252197265625,0.0506526608301086
Bentheimer,41,29.870187759399414,66.00570678710938,-2.5221262975301675e-05
Bentheimer,42,35.26110076904297,64.23774719238281,0.10721156738836378
Bentheimer,43,29.101640701293945,69.13845825195312,-0.03292779368692274
Bentheimer,44,16.032001495361328,105.57950592041016,-0.03775455865319935
Bentheimer,45,47.1103401184082,74.6705322265625,0.09479057700486322
Bentheimer,46,17.37896156311035,107.38990020751953,-0.05119185675253474
Bentheimer,47,40.93231201171875,77.31883239746094,0.06575521745847654
Bentheimer,48,4.028946876525879,76.88374328613281,0.40373025761576925
Bentheimer,49,24.789508819580078,69.39844512939453,-0.3312038252565909
Bentheimer,50,1.9624613523483276,67.61925506591797,0.47582960994298906
Bentheimer,51,33.65932083129883,69.62796020507812,-0.34046688591088603
Bentheimer,52,45.795860290527344,83.46508026123047,-0.35279102137234525
Bentheimer,53,9.593031883239746,70.75230407714844,0.3293329732978022
Bentheimer,54,50.37718200683594,87.5478744506836,-0.3301801854386279
Bentheimer,55,12.140519142150879,70.27932739257812,0.32976465682987643
Bentheimer,56,17.08171272277832,73.29667663574219,-0.029521623738167378
Bentheimer,57,17.565683364868164,86.37065887451172,0.00014569601923297002
Bentheimer,58,13.295929908752441,77.30416870117188,0.08624183693857544
Bentheimer,59,31.881086349487305,93.62350463867188,0.023098647683849116
Bentheimer,60,13.165107727050781,95.49002075195312,-0.08772904434793226
Bentheimer,61,118.44181060791016,139.17474365234375,0.17791942295725985
Bentheimer,62,6.601933002471924,91.27726745605469,-0.10551828740272932
Bentheimer,63,108.36415100097656,134.21644592285156,0.20017079020869002
Bentheimer,64,27.527984619140625,69.93231964111328,0.1669045027251516
Bentheimer,65,12.192802429199219,68.0594482421875,-0.17868817681563795
Bentheimer,66,22.760501861572266,69.96670532226562,0.18348627441158047
Bentheimer,67,12.070344924926758,67.6156234741211,-0.1501395536165205
Bentheimer,68,8.587553977966309,70.77814483642578,0.08519800259458359
Bentheimer,69,5.476085186004639,84.5401840209961,-0.06908836960925652
Bentheimer,70,10.909756660461426,73.9963150024414,0.0123622763326981
Bentheimer,71,3.254380226135254,85.96403503417969,-0.0974811088418964
Bentheimer,72,20.4050350189209,70.98750305175781,0.17294826962812254
Bentheimer,73,163.33905029296875,169.58482360839844,-0.10327984418245627
Bentheimer,74,6.2369608879089355,72.575439453125,0.13103793023357302
Bentheimer,75,169.2157440185547,170.549560546875,-0.07130502200930185
Bentheimer,76,18.36368179321289,82.58704376220703,-0.20479681004336672
Bentheimer,77,31.863040924072266,84.66383361816406,0.1789186247352473
Bentheimer,78,24.704341888427734,77.02083587646484,-0.1903473501824324
Bentheimer,79,16.344463348388672,88.13347625732422,0.21223786413749107
Bentheimer,80,34.4233283996582,72.63220977783203,-0.06994362610371177
Bentheimer,81,18.304092407226562,83.82745361328125,0.02169579884757734
Bentheimer,82,33.776859283447266,75.15972137451172,-0.06935454768202605
Bentheimer,83,20.59575653076172,87.82486724853516,0.05177062431019096
Bentheimer,84,203.8238983154297,305.9308776855469,0.012249387202153574
Bentheimer,85,64.08451080322266,126.32585144042969,-0.013376981094037912
Bentheimer,86,221.94398498535156,344.54571533203125,0.02324789213138543
Bentheimer,87,59.55149459838867,123.14877319335938,-0.007925352683473497
Bentheimer,88,20.618772506713867,80.2789077758789,-0.27894246052653715
Bentheimer,89,54.7981071472168,104.85895538330078,0.2905419538864442
Bentheimer,90,21.24692153930664,81.69416046142578,-0.2971759372452278
Bentheimer,91,46.31113052368164,102.77320098876953,0.2878904474203719
Bentheimer,92,4.818139553070068,70.66090393066406,0.29056500978295263
Bentheimer,93,6.004157543182373,75.42803192138672,-0.19416833231148461
Bentheimer,94,1.7609931230545044,73.30353546142578,0.2540474883881099
Bentheimer,95,3.7661588191986084,75.04347229003906,-0.2353477274768629
Bentheimer,96,20.435609817504883,73.65496826171875,0.1351706084585738
Bentheimer,97,46.341915130615234,75.10379791259766,-0.0884762110326827
Bentheimer,98,10.836615562438965,74.21444702148438,0.1872199993448546
Bentheimer,99,50.572509765625,73.39791870117188,-0.10827841867690523
Bentheimer,100,7.70390510559082,79.56935119628906,-0.41871650794831616
Bentheimer,101,25.437440872192383,82.19818878173828,0.3311958842199188
Bentheimer,102,1.2817989587783813,71.49067687988281,-0.37885403016180014
Bentheimer,103,27.225980758666992,82.22291564941406,0.34209246886360273
Bentheimer,104,36.461063385009766,58.06640625,0.7242880616054808
Bentheimer,105,10.561957359313965,84.0951919555664,-0.6038561600274776
Bentheimer,106,38.24616622924805,61.05658721923828,0.7397304548386228
Bentheimer,107,3.630525827407837,78.35456848144531,-0.6375833159226106
Bentheimer,108,4.8083295822143555,84.10321807861328,-0.17295419262817446
Bentheimer,109,24.6387882232666,84.94972229003906,0.1033743205683421
Bentheimer,110,3.537522554397583,72.17967224121094,-0.15216983454757302
Bentheimer,111,27.642824172973633,84.00507354736328,0.1341659029566457
Bentheimer,112,11.359891891479492,92.5274429321289,-0.13870546119532068
Bentheimer,113,48.24485397338867,107.32817077636719,0.19318735424749167
Bentheimer,114,9.435153007507324,88.9501724243164,-0.13224500084300617
Bentheimer,115,41.45619583129883,104.64534759521484,0.17042392883826724
Bentheimer,116,44.14670944213867,119.94856262207031,0.3141602415881508
Bentheimer,117,23.89292335510254,76.02206420898438,-0.25997065730325625
Bentheimer,118,74.68748474121094,143.62258911132812,0.33438270530784486
Bentheimer,119,27.624971389770508,75.99993896484375,-0.28538556521470365
Bentheimer,120,5.074772357940674,89.5086898803711,0.01246768238008805
Bentheimer,121,60.910743713378906,73.1585464477539,-0.0009193395147581938
Bentheimer,122,2.9577131271362305,86.48246002197266,-0.010129661440703607
Bentheimer,123,61.19408416748047,74.58325958251953,0.1324064937014917
Bentheimer,124,48.999481201171875,77.93878173828125,0.04555846416998466
Bentheimer,125,19.392578125,70.27923583984375,-0.24294252250418663
Bentheimer,126,46.98761749267578,75.24541473388672,0.05708223784104318
Bentheimer,127,18.229215621948242,71.96804809570312,-0.2223851971797039
Bentheimer,128,150.2876739501953,166.46124267578125,-0.296542034428701
Bentheimer,129,244.63760375976562,253.7935791015625,0.31531436263884555
Bentheimer,130,150.92132568359375,171.67591857910156,-0.294128156199027
Bentheimer,131,257.73040771484375,268.13397216796875,0.29563004343496124
Bentheimer,132,51.331233978271484,70.23808288574219,0.4066908364194379
Bentheimer,133,21.990154266357422,94.2176284790039,-0.3558241026246503
Bentheimer,134,47.036563873291016,69.25840759277344,0.3736739570047411
Bentheimer,135,12.01747989654541,89.74252319335938,-0.3240865483242571
Bentheimer,136,42.599525451660156,68.42344665527344,-0.21126365827013258
Bentheimer,137,7.408164024353027,71.01583099365234,0.24334333779179998
Bentheimer,138,46.5946044921875,67.23945617675781,-0.19129549083018538
Bentheimer,139,7.69852352142334,69.79122161865234,0.22790371376186797
Bentheimer,140,23.526123046875,75.03504943847656,0.15860530241656448
Bentheimer,141,34.910823822021484,73.42408752441406,-0.08169090654809481
Bentheimer,142,20.31315040588379,80.66251373291016,0.17446823153574767
Bentheimer,143,46.779727935791016,77.83894348144531,-0.06780748318260241
Bentheimer,144,10.152811050415039,92.7800521850586,-0.06179188291872099
Bentheimer,145,0.8159050941467285,88.53768920898438,0.01677058789422972
Bentheimer,146,6.688244342803955,93.84529113769531,-0.0787358313912274
Bentheimer,147,3.3393030166625977,85.05480194091797,0.047520829400883424
Bentheimer,148,61.567962646484375,72.91895294189453,0.10238297677100623
Bentheimer,149,56.052207946777344,101.34654235839844,-0.09600533439228066
Bentheimer,150,61.4900016784668,73.64411926269531,0.11865058449779393
Bentheimer,151,53.36027145385742,99.84677124023438,-0.12033176606952072
Bentheimer,152,17.54157066345215,79.5855484008789,-0.02202645681592394
Bentheimer,153,19.783479690551758,63.90364074707031,0.06853868830964975
Bentheimer,154,15.656258583068848,77.13060760498047,-0.032634290717397714
Bentheimer,155,19.378568649291992,60.67646026611328,-0.033319182784883786
Bentheimer,156,3.2182202339172363,77.59656524658203,0.43413565081813477
Bentheimer,157,18.033906936645508,76.71585845947266,-0.4506028392366001
Bentheimer,158,4.562243938446045,73.67725372314453,0.41982728469882497
Bentheimer,159,22.322738647460938,75.6596908569336,-0.43302827350209405
Bentheimer,160,5.763641834259033,67.61117553710938,0.12299554752330906
Bentheimer,161,18.865705490112305,69.93692016601562,-0.055323319201965086
Bentheimer,162,9.984419822692871,70.03778839111328,0.10578603762230579
Bentheimer,163,11.979917526245117,63.265201568603516,-0.01870031078328103
Bentheimer,164,5.5326385498046875,64.7391357421875,0.4216142616929628
Bentheimer,165,37.94340515136719,63.1119384765625,-0.3196499979590831
Bentheimer,166,7.891380310058594,65.64885711669922,0.3740723847585274
Bentheimer,167,40.34404754638672,62.70154571533203,-0.3478849907976336
Bentheimer,168,13.464771270751953,69.04549407958984,-0.4639703098084729
Bentheimer,169,23.04657745361328,69.27960205078125,0.4308601694760447
Bentheimer,170,19.817102432250977,71.00499725341797,-0.4509484760495252
Bentheimer,171,29.572799682617188,72.48350524902344,0.418501420136314
Bentheimer,172,12.67219066619873,68.99664306640625,-0.32932274581582605
Bentheimer,173,11.796992301940918,73.28681945800781,0.36354074600946135
Bentheimer,174,20.748491287231445,70.253173828125,-0.33325506337630345
Bentheimer,175,11.075623512268066,68.27733612060547,0.3657112774786815
Bentheimer,176,8.48210334777832,62.51506423950195,0.5012756331300358
Bentheimer,177,21.335596084594727,71.61487579345703,-0.46631551349673184
Bentheimer,178,19.7125244140625,68.36541748046875,0.45008141127179474
Bentheimer,179,16.809980392456055,70.84870147705078,-0.4705470244979472
Bentheimer,180,77.01197052001953,145.07472229003906,0.039615312635749016
Bentheimer,181,46.56474685668945,86.62471771240234,0.019157234071499926
Bentheimer,182,72.72218322753906,131.10533142089844,0.05205543022446335
Bentheimer,183,47.17184829711914,84.22167205810547,0.017270417614388647
Bentheimer,184,4.018479347229004,90.68212127685547,0.0939579168549072
Bentheimer,185,20.852828979492188,85.2817611694336,0.12161740657161993
Bentheimer,186,1.047203779220581,79.84879302978516,0.03281206616424138
Bentheimer,187,10.052237510681152,78.21927642822266,0.026514486014784962
Bentheimer,188,4.282170295715332,76.26978302001953,-0.41133100181710086
Bentheimer,189,12.570988655090332,81.31471252441406,0.342864121663726
Bentheimer,190,8.614204406738281,65.55461883544922,-0.4279638565304203
Bentheimer,191,2.030848741531372,77.04454803466797,0.2841701440336231
Bentheimer,192,19.564802169799805,104.09990692138672,-5.18158946575871e-05
Bentheimer,193,1.0199517011642456,89.4211196899414,-0.0041376936003498545
Bentheimer,194,2.7054128646850586,93.63639068603516,0.013225901928950562
Bentheimer,195,10.687549591064453,91.69990539550781,0.033587231963788
Bentheimer,196,19.119815826416016,70.98555755615234,0.26622291113589025
Bentheimer,197,15.197772026062012,78.21125030517578,-0.21151690256016156
Bentheimer,198,24.57859230041504,69.0663833618164,0.2104656572940284
Bentheimer,199,3.8681435585021973,77.25511932373047,-0.25892667637306876
Bentheimer,200,38.2342529296875,92.79998016357422,0.17448151975655962
Bentheimer,201,61.09870147705078,82.88848114013672,-0.2194002094946673
Bentheimer,202,39.0560302734375,95.08467864990234,0.14576845404198202
Bentheimer,203,61.66339111328125,81.82545471191406,-0.16944980799723539
Bentheimer,204,75.07238006591797,99.78266906738281,-0.2385532136934964
Bentheimer,205,460.3099060058594,132.84625244140625,0.023067088772549798
Bentheimer,206,99.44003295898438,121.14568328857422,-0.2312134862204011
Bentheimer,207,531.85986328125,139.5663299560547,0.023785220512773316
Bentheimer,208,3.4454731941223145,80.89415740966797,0.17082035033363968
Bentheimer,209,33.37344741821289,81.83881378173828,-0.09529347236183144
Bentheimer,210,2.9981250762939453,83.37578582763672,0.1613017913389216
Bentheimer,211,34.21441650390625,75.81767272949219,-0.1861339560755665
Bentheimer,212,47.088871002197266,66.39745330810547,0.0646020624022142
Bentheimer,213,17.935344696044922,80.43672943115234,-0.0423618064137738
Bentheimer,214,47.35002136230469,68.30388641357422,0.12800111185160565
Bentheimer,215,11.153726577758789,77.86526489257812,-0.0024267280236293124
Bentheimer,216,26.731063842773438,64.96126556396484,-0.3646280113268857
Bentheimer,217,36.6588249206543,66.55890655517578,0.22717807489597863
Bentheimer,218,24.94634246826172,66.89893341064453,-0.275631793138168
Bentheimer,219,35.3807487487793,68.05531311035156,0.2511887998036883
Bentheimer,220,43.33104705810547,74.7154541015625,0.273849482376
Bentheimer,221,45.61307907104492,74.60982513427734,-0.3376438209938571
Bentheimer,222,47.025543212890625,78.0003662109375,0.2565224585058374
Bentheimer,223,48.142906188964844,75.34313201904297,-0.38273032192214923
Bentheimer,224,5.521878242492676,82.07937622070312,-0.034285622414491325
Bentheimer,225,2.525766372680664,79.68251037597656,0.14715191809088793
Bentheimer,226,20.04581642150879,88.72640228271484,-0.04859414487799494
Bentheimer,227,11.61279296875,75.34374237060547,0.17325288052770738
Bentheimer,228,19.449865341186523,65.41251373291016,-0.09756761036735422
Bentheimer,229,15.570517539978027,88.12547302246094,0.047023388466295335
Bentheimer,230,22.433605194091797,64.893798828125,-0.03757518450139381
Bentheimer,231,19.176101684570312,95.31324005126953,0.05081146406015135
Bentheimer,232,23.157176971435547,72.03242492675781,-0.025112298313485132
Bentheimer,233,128.44630432128906,163.6250762939453,0.03156974512956722
Bentheimer,234,30.30702781677246,71.02548217773438,-0.07931121033290467
Bentheimer,235,139.36135864257812,178.146484375,0.03416321549413482
Bentheimer,236,30.941017150878906,71.06669616699219,0.023936503954053584
Bentheimer,237,2.375610828399658,76.54814910888672,0.0070435047319866275
Bentheimer,238,23.08924102783203,71.5218734741211,-0.012785592432259383
Bentheimer,239,6.9705810546875,74.16956329345703,0.02782001960122982
Bentheimer,240,55.59189987182617,70.6177978515625,0.2905440157830253
Bentheimer,241,27.057849884033203,64.07904815673828,-0.2986233406316671
Bentheimer,242,48.23558044433594,72.12841033935547,0.22641291757229626
Bentheimer,243,28.49350929260254,64.93375396728516,-0.2906449435087205
Bentheimer,244,16.178476333618164,83.81317901611328,-0.05866654209092351
Bentheimer,245,21.070100784301758,90.30570220947266,0.12917903261592334
Bentheimer,246,21.785058975219727,77.8428726196289,-0.02522614781868973
Bentheimer,247,33.59574508666992,98.04456329345703,0.08313513560195142
Bentheimer,248,38.44947052001953,79.17486572265625,-0.10739973701705365
Bentheimer,249,20.240882873535156,68.75462341308594,0.08445414472215075
Bentheimer,250,26.11484146118164,73.57994079589844,-0.07811014256654986
Bentheimer,251,21.86203384399414,67.49720764160156,0.10434509035839168
Bentheimer,252,55.05995559692383,100.4750747680664,0.12992789970821125
Bentheimer,253,9.537043571472168,66.77057647705078,-0.262559065519301
Bentheimer,254,54.408485412597656,101.56539154052734,0.19063915717137817
Bentheimer,255,27.41181755065918,75.95169830322266,-0.14807832842836727
Bentheimer,256,46.30472946166992,69.07064819335938,0.36969021370520233
Bentheimer,257,12.821216583251953,73.68557739257812,-0.27908099613580173
Bentheimer,258,48.77027130126953,70.4576416015625,0.31193786035562365
Bentheimer,259,11.064619064331055,77.45671081542969,-0.2373396132582018
Bentheimer,260,27.550878524780273,77.63866424560547,0.18404552559943066
Bentheimer,261,2.4168543815612793,82.94294738769531,-0.115262768562027
Bentheimer,262,27.819623947143555,75.50660705566406,0.18755445700422105
Bentheimer,263,12.530418395996094,84.06015014648438,-0.1416215123121282
Bentheimer,264,24.00712776184082,72.04682922363281,0.09254894475140227
Bentheimer,265,37.90856170654297,74.79874420166016,-0.09536801254820183
Bentheimer,266,30.874826431274414,66.7964859008789,0.11657095592430705
Bentheimer,267,34.21693420410156,74.83622741699219,-0.07690784955565964
Bentheimer,268,39.834228515625,67.62985229492188,-0.006075810907251094
Bentheimer,269,3.8609778881073,72.93195343017578,-0.0007156542770048808
Bentheimer,270,37.218868255615234,69.74041748046875,-0.013486256354766683
Bentheimer,271,9.27787971496582,74.51280975341797,0.044299473272439195
Bentheimer,272,100.11028289794922,176.92733764648438,0.07134713446908669
Bentheimer,273,98.98233795166016,146.31167602539062,-0.08588927158896309
Bentheimer,274,99.85321807861328,183.19216918945312,-0.012744171147040085
Bentheimer,275,93.45391845703125,144.94921875,-0.13505212599742736
Bentheimer,276,50.9930305480957,66.02218627929688,-0.08591155607769313
Bentheimer,277,39.59113693237305,91.7498779296875,0.15957947147615353
Bentheimer,278,52.56331253051758,70.47979736328125,-0.21248405415077798
Bentheimer,279,52.2645378112793,100.52261352539062,0.11421351639822877
Bentheimer,280,4.315719127655029,72.87968444824219,0.11006514596794244
Bentheimer,281,16.309839248657227,85.8115005493164,-0.11905022171002785
Bentheimer,282,11.6018705368042,82.31980895996094,-0.017389668675823176
Bentheimer,283,40.73850631713867,108.4443359375,-0.04600056315546748
Bentheimer,284,29.544042587280273,67.09461975097656,0.6017794507001178
Bentheimer,285,4.469135284423828,77.12557983398438,-0.5839647320857736
Bentheimer,286,17.298870086669922,69.96285247802734,0.5635400604368315
Bentheimer,287,11.527226448059082,75.44155883789062,-0.5475485432949813
Bentheimer,288,34.599037170410156,67.33966064453125,0.14439542433455094
Bentheimer,289,10.818190574645996,73.04997253417969,-0.06545644532234668
Bentheimer,290,30.48983383178711,65.28843688964844,0.1633324671832171
Bentheimer,291,20.386680603027344,70.91703796386719,-0.14329552456496025
Bentheimer,292,32.57921600341797,75.74337005615234,0.1580516540937564
Bentheimer,293,47.48989486694336,113.78436279296875,-0.1584375232404406
Bentheimer,294,29.406145095825195,77.01615905761719,0.0931041537104367
Bentheimer,295,49.73365020751953,119.87239074707031,-0.15160639897764747
Bentheimer,296,38.3560791015625,63.66691589355469,0.22590092945769225
Bentheimer,297,28.888633728027344,67.31881713867188,-0.15970280254626443
Bentheimer,298,38.98681640625,64.8299331665039,0.12985945215204125
Bentheimer,299,27.5604305267334,64.47013092041016,-0.19013199431133043
Bentheimer,300,60.4890251159668,122.3989486694336,-0.028077804145418658
Bentheimer,301,12.843045234680176,88.4892807006836,-0.02599783330253862
Bentheimer,302,57.81509780883789,110.88407135009766,-0.0494488239322008
Bentheimer,303,19.74799156188965,86.50444793701172,-0.02900440762570633
Bentheimer,304,20.40845489501953,63.778995513916016,-0.30709575491355495
Bentheimer,305,33.1326904296875,65.81060791015625,0.22428749398632591
Bentheimer,306,27.479591369628906,56.83086013793945,-0.2990404314742477
Bentheimer,307,29.437358856201172,66.13420104980469,0.2017149001653948
Bentheimer,308,5.181983470916748,81.12677764892578,0.01799343900594636
Bentheimer,309,78.47442626953125,131.2585906982422,-0.07768586390739239
Bentheimer,310,2.1490979194641113,85.48512268066406,0.0571341211266666
Bentheimer,311,58.23506164550781,123.91011810302734,-0.062305284742202725
Bentheimer,312,8.812055587768555,70.15699768066406,-0.10500408210970297
Bentheimer,313,6.747148513793945,74.13609313964844,0.044477439114050894
Bentheimer,314,25.031784057617188,81.56779479980469,-0.12663973536047465
Bentheimer,315,10.91566276550293,73.64029693603516,0.06022592713696467
Bentheimer,316,17.016826629638672,67.85669708251953,0.07357201774022139
Bentheimer,317,3.0935933589935303,75.26191711425781,-0.09315808773933677
Bentheimer,318,19.603628158569336,68.42794036865234,0.03136521758481866
Bentheimer,319,3.5838565826416016,91.0777359008789,0.004255269621022264
Bentheimer,320,13.709908485412598,68.7904281616211,0.26989138629205367
Bentheimer,321,24.322811126708984,69.70848846435547,-0.21530741758524052
Bentheimer,322,7.818672180175781,71.83113098144531,0.24736896415243392
Bentheimer,323,26.798450469970703,66.62140655517578,-0.26188337425667624
Bentheimer,324,19.029052734375,74.14314270019531,0.16317622814730717
Bentheimer,325,45.99077224731445,68.85353088378906,-0.04834266712462766
Bentheimer,326,49.651710510253906,86.4537353515625,0.20225386469180295
Bentheimer,327,48.38872528076172,70.26376342773438,-0.04614825073581793
Bentheimer,328,37.14480209350586,106.86656951904297,0.39002632685475913
Bentheimer,329,24.391136169433594,80.21887969970703,-0.4889571803305765
Bentheimer,330,34.59912872314453,112.59571838378906,0.36792015685439367
Bentheimer,331,33.03483581542969,81.77595520019531,-0.5078113268982255
Bentheimer,332,29.74468421936035,56.69569396972656,0.5768297554969065
Bentheimer,333,21.46184730529785,69.74203491210938,-0.4121011660381217
Bentheimer,334,30.100618362426758,62.007381439208984,0.5762957062201395
Bentheimer,335,10.623733520507812,75.12059020996094,-0.41944297118334073
Bentheimer,336,36.07844161987305,66.55145263671875,-0.36088491455143823
Bentheimer,337,23.539793014526367,68.1189956665039,0.34147542876430675
Bentheimer,338,36.763065338134766,67.00414276123047,-0.38236491511489834
Bentheimer,339,20.774595260620117,67.8246841430664,0.3886102556490983
Bentheimer,340,10.058788299560547,73.62564086914062,0.5528893682511129
Bentheimer,341,42.83330154418945,68.71612548828125,-0.514546672332166
Bentheimer,342,14.269286155700684,72.89737701416016,0.540841693982179
Bentheimer,343,48.74715042114258,68.35792541503906,-0.5288121169560542
Bentheimer,344,39.98035430908203,70.31251525878906,0.3310920820238127
Bentheimer,345,53.705726623535156,93.40984344482422,-0.3194365936213439
Bentheimer,346,42.1884651184082,69.77912139892578,0.3007952348549907
Bentheimer,347,58.31571960449219,97.02745056152344,-0.2801887832204605
Bentheimer,348,28.40228271484375,64.50092315673828,0.14953076370887802
Bentheimer,349,8.847604751586914,69.896728515625,-0.11149466986675396
Bentheimer,350,32.77239227294922,65.78842163085938,0.20727063610485322
Bentheimer,351,5.665815353393555,64.38894653320312,-0.09984039887126014
Bentheimer,352,13.094834327697754,87.93219757080078,-0.05930687711567911
Bentheimer,353,17.994218826293945,84.77493286132812,0.008801129886717692
Bentheimer,354,15.217854499816895,81.35338592529297,-0.04346750666539568
Bentheimer,355,19.946420669555664,81.73051452636719,-0.0007082746563554222
Bentheimer,356,44.6480598449707,110.06245422363281,-0.16823718348298444
Bentheimer,357,2.8824026584625244,69.71587371826172,0.1975625957528935
Bentheimer,358,43.033504486083984,111.66358947753906,-0.13186467244667305
Bentheimer,359,6.304502487182617,73.41522216796875,0.14061127879403845
Bentheimer,360,28.48846435546875,71.0002212524414,0.028720577821210486
Bentheimer,361,32.398990631103516,68.32466888427734,-0.05868232067983838
Bentheimer,362,24.066638946533203,72.2500228881836,0.03075338803841029
Bentheimer,363,31.49226188659668,68.80569458007812,-0.03244119232796575
Bentheimer,364,12.494377136230469,74.71123504638672,0.10046566705216166
Bentheimer,365,40.9321174621582,70.27552032470703,0.01708216750375697
Bentheimer,366,24.64661407470703,71.93431854248047,0.08767095783508455
Bentheimer,367,34.374420166015625,73.54308319091797,0.045588271781803816
Bentheimer,368,12.007813453674316,87.48004150390625,0.23588815629580479
Bentheimer,369,55.39191818237305,105.53174591064453,-0.12705479392350766
Bentheimer,370,26.97922706604004,88.6131362915039,0.20193023473939872
Bentheimer,371,48.67653274536133,100.1996078491211,-0.15338701353835615
Bentheimer,372,35.12908935546875,93.34017181396484,-0.02424446097026972
Bentheimer,373,99.38548278808594,123.67606353759766,0.03725489698777861
Bentheimer,374,51.540122985839844,107.95864868164062,-0.04602305624155925
Bentheimer,375,126.92138671875,142.53338623046875,0.058719364681024525
Bentheimer,376,41.53339767456055,70.95630645751953,0.18314380885474416
Bentheimer,377,7.985344409942627,73.76165771484375,-0.15671131799021093
Bentheimer,378,42.668609619140625,70.95598602294922,0.1609649809070264
Bentheimer,379,4.250400066375732,73.9115219116211,-0.1976480795266387
Bentheimer,380,33.59275436401367,85.8143081665039,0.05316299259110303
Bentheimer,381,19.529966354370117,69.89558410644531,-0.07152322569408069
Bentheimer,382,31.440176010131836,79.79396057128906,0.09713357431754298
Bentheimer,383,21.92551040649414,71.00635528564453,-0.08186519141292661
Bentheimer,384,1.335608959197998,75.62227630615234,-0.07110309095227987
Bentheimer,385,42.22490692138672,99.7547378540039,0.16492701319437997
Bentheimer,386,6.009087562561035,83.48507690429688,-0.16213716844815407
Bentheimer,387,53.30617141723633,110.6864013671875,0.0778428281019904
Bentheimer,388,83.25408172607422,115.46653747558594,-0.011387630943754135
Bentheimer,389,11.191247940063477,83.10724639892578,0.051309796769201714
Bentheimer,390,76.34428405761719,107.68920135498047,-0.0249094224674534
Bentheimer,391,12.21621322631836,80.81166076660156,0.05297711624826931
Bentheimer,392,17.24795913696289,65.54811096191406,0.44162723742101445
Bentheimer,393,0.5217939615249634,74.95964813232422,-0.4357156811977997
Bentheimer,394,22.68065643310547,63.80729675292969,0.4284815342526543
Bentheimer,395,0.8561593890190125,82.93209838867188,-0.3857529390760494
Bentheimer,396,29.603063583374023,65.0321044921875,0.01786559564015614
Bentheimer,397,34.79378890991211,65.16327667236328,-0.04328833174104051
Bentheimer,398,30.48111343383789,65.90921783447266,0.02570345931961116
Bentheimer,399,30.50387191772461,67.33557891845703,-0.027876421338439133
Bentheimer,400,18.7332763671875,78.79590606689453,0.4745886689449453
Bentheimer,401,0.698976457118988,87.01055908203125,-0.41729963877506704
Bentheimer,402,15.996537208557129,80.97386169433594,0.4439243502386863
Bentheimer,403,4.43551778793335,88.68806457519531,-0.43179204033579827
Bentheimer,404,17.644512176513672,78.05664825439453,0.22376488235492462
Bentheimer,405,11.34238052368164,74.9410171508789,-0.2515617019649781
Bentheimer,406,15.87485122680664,77.43831634521484,0.21408862801546846
Bentheimer,407,19.794126510620117,84.68798828125,-0.2548020310939307
Bentheimer,408,71.90533447265625,76.29821014404297,0.18957298470901648
Bentheimer,409,3.5197744369506836,84.81391143798828,-0.18555937708645823
Bentheimer,410,72.01151275634766,77.94136810302734,0.23811699912442225
Bentheimer,411,2.8939900398254395,79.94339752197266,-0.20068931007822344
Bentheimer,412,40.05779266357422,94.37139129638672,0.36194022736882575
Bentheimer,413,1.1574039459228516,70.9046859741211,-0.45321339987868153
Bentheimer,414,45.02800369262695,92.59349822998047,0.43563037859845377
Bentheimer,415,9.514719009399414,70.79117584228516,-0.3756347478836249
Bentheimer,416,27.57539176940918,66.72173309326172,0.004703992877520311
Bentheimer,417,22.803569793701172,80.13227081298828,-0.0057684720671104875
Bentheimer,418,22.98847007751465,64.40205383300781,-0.0032935832461338417
Bentheimer,419,23.744306564331055,90.76528930664062,0.05339970216643792
Bentheimer,420,47.31998062133789,105.21546936035156,-0.6118643033089948
Bentheimer,421,40.807708740234375,80.78290557861328,0.38661700792168774
Bentheimer,422,22.488887786865234,88.8465805053711,-0.5771725847660879
Bentheimer,423,35.08409118652344,85.87950134277344,0.39107451170051266
Berea Buff,0,7.82867956161499,77.23848724365234,0.0058620118790065606
Berea Buff,1,90.345458984375,137.313232421875,-0.004886076867287302
Berea Buff,2,13.497745513916016,71.33060455322266,-0.014913693404684002
Berea Buff,3,115.3009262084961,158.2938690185547,0.02708032203469807
Berea Buff,4,1.2574715614318848,62.048431396484375,0.39940464657568026
Berea Buff,5,32.8170166015625,61.42283630371094,-0.42877873130916816
Berea Buff,6,1.320921778678894,60.52817153930664,0.4216096201860684
Berea Buff,7,29.66637420654297,60.26455307006836,-0.46156558927329616
Berea Buff,8,25.892810821533203,71.00040435791016,0.24631609355329068
Berea Buff,9,6.203277587890625,83.79055786132812,-0.2877847323288818
Berea Buff,10,26.98320770263672,76.89288330078125,0.19320537891274406
Berea Buff,11,4.0506463050842285,87.26847839355469,-0.22922680765498302
Berea Buff,12,0.4919010102748871,72.96455383300781,0.3599331293360266
Berea Buff,13,18.26394271850586,71.35530090332031,-0.26780416225987314
Berea Buff,14,2.738142728805542,73.78303527832031,0.3380756208484514
Berea Buff,15,16.943361282348633,77.47626495361328,-0.21231997330064667
Berea Buff,16,20.75293731689453,74.37496185302734,0.036448050704873475
Berea Buff,17,29.726903915405273,103.23749542236328,-0.042190850065989445
Berea Buff,18,18.51984214782715,74.51683044433594,0.056241137743416644
Berea Buff,19,35.06804656982422,101.58216094970703,-0.061248603502389046
Berea Buff,20,29.788278579711914,104.5922622680664,0.016286726394233262
Berea Buff,21,5.707294940948486,76.15467834472656,0.07452273910992706
Berea Buff,22,24.382627487182617,102.82760620117188,0.009344948581697191
Berea Buff,23,17.211349487304688,67.4946060180664,0.08273295736436062
Berea Buff,24,13.187376976013184,65.79755401611328,0.1495412669985982
Berea Buff,25,1.5417702198028564,74.93009948730469,-0.07004097721308337
Berea Buff,26,10.251877784729004,66.62981414794922,0.12666830456818592
Berea Buff,27,1.0954891443252563,71.44529724121094,-0.0734054202189985
Berea Buff,28,2.9631752967834473,74.261474609375,0.20409969096574843
Berea Buff,29,29.152847290039062,74.14781188964844,-0.056603513936956416
Berea Buff,30,0.41460078954696655,76.63719177246094,0.13739789946044245
Berea Buff,31,29.183597564697266,74.54196166992188,0.002685812037160627
Berea Buff,32,73.00568389892578,143.73281860351562,0.12747992575085354
Berea Buff,33,64.10623931884766,119.15158081054688,-0.23372482586223503
Berea Buff,34,63.855873107910156,130.55348205566406,0.17863125415108524
Berea Buff,35,44.747554779052734,98.16765594482422,-0.2130403634082856
Berea Buff,36,1.7539089918136597,85.26655578613281,-0.18096748327186177
Berea Buff,37,15.322230339050293,72.60901641845703,0.09081941415494872
Berea Buff,38,4.2062811851501465,87.27515411376953,-0.1580789017661376
Berea Buff,39,14.25597095489502,72.56554412841797,0.12110495390460489
Berea Buff,40,16.96578025817871,75.68853759765625,-0.3393479478965179
Berea Buff,41,27.919795989990234,71.24775695800781,0.33680048590231637
Berea Buff,42,16.02427101135254,75.42240905761719,-0.2866172664392522
Berea Buff,43,23.20802879333496,72.55342864990234,0.322541890135052
Berea Buff,44,39.88509750366211,74.47216033935547,0.26219787586806
Berea Buff,45,22.640132904052734,80.09847259521484,-0.21882590161827767
Berea Buff,46,47.70085525512695,75.86827850341797,0.23173059066084487
Berea Buff,47,12.640885353088379,83.9070816040039,-0.22536830027378205
Berea Buff,48,31.087705612182617,80.29035949707031,0.04740201166019686
Berea Buff,49,25.203229904174805,64.30841064453125,-0.11633045997715886
Berea Buff,50,30.084104537963867,79.71031951904297,0.07015043835675414
Berea Buff,51,11.602123260498047,67.03898620605469,-0.07665906060857099
Berea Buff,52,7.369691371917725,75.28744506835938,-0.13681491369772084
Berea Buff,53,8.049379348754883,76.64383697509766,0.13259905292440466
Berea Buff,54,2.8915255069732666,76.45144653320312,-0.18724520170748832
Berea Buff,55,7.810136318206787,76.98912048339844,0.03725134897549846
Berea Buff,56,25.9462947845459,106.34677124023438,-0.006077761476006951
Berea Buff,57,78.57906341552734,132.1935272216797,0.013649565879183265
Berea Buff,58,31.51388931274414,110.86964416503906,-0.028440070065381524
Berea Buff,59,66.4364013671875,131.2225341796875,-0.044509787232838785
Berea Buff,60,14.272079467773438,93.23271942138672,-0.13924351424409126
Berea Buff,61,13.890111923217773,76.56857299804688,0.13630960121457333
Berea Buff,62,10.167951583862305,89.21415710449219,-0.18732898913584858
Berea Buff,63,18.09747886657715,78.5296401977539,0.16859918420823544
Berea Buff,64,6.021266460418701,79.25361633300781,-0.21705809934788475
Berea Buff,65,51.43733215332031,75.48023223876953,0.09168461798270004
Berea Buff,66,10.425379753112793,81.73094177246094,-0.22695514954100496
Berea Buff,67,51.554901123046875,77.4396743774414,0.06845111448774455
Berea Buff,68,25.482723236083984,62.711544036865234,-0.24961766349955902
Berea Buff,69,9.77800178527832,67.48654174804688,0.22694738724196686
Berea Buff,70,22.845279693603516,65.63595581054688,-0.2624124118791219
Berea Buff,71,3.461815595626831,70.73423767089844,0.2004135071106041
Berea Buff,72,30.881914138793945,66.7008056640625,0.18873396282752716
Berea Buff,73,48.527374267578125,65.23880004882812,-0.13284066429685504
Berea Buff,74,28.71162223815918,68.01129150390625,0.10249245213704522
Berea Buff,75,43.4743766784668,67.41814422607422,-0.09686769078251985
Berea Buff,76,21.134143829345703,85.21161651611328,-0.11476293599495589
Berea Buff,77,23.4774169921875,77.01317596435547,0.08918780858846637
Berea Buff,78,4.911575794219971,76.9085922241211,-0.09204998121779896
Berea Buff,79,26.707860946655273,76.40408325195312,0.10878136825306868
Berea Buff,80,15.34239673614502,88.19591522216797,0.048820238465897454
Berea Buff,81,8.952291488647461,73.09442901611328,0.006120755119967328
Berea Buff,82,25.469764709472656,94.93694305419922,0.03747798939181222
Berea Buff,83,8.62507152557373,71.05170440673828,-0.043015081962245516
Berea Buff,84,20.14795684814453,104.00379180908203,-0.22447057297641224
Berea Buff,85,42.55437088012695,97.70736694335938,0.3003428202470608
Berea Buff,86,11.502639770507812,105.06956481933594,-0.14813235713721323
Berea Buff,87,38.15538787841797,95.8711166381836,0.3627117102581489
Berea Buff,88,19.06689453125,76.77835083007812,-0.2562918212541448
Berea Buff,89,4.689651012420654,82.85572052001953,0.31661136465836154
Berea Buff,90,17.484630584716797,80.94914245605469,-0.23305380274614962
Berea Buff,91,4.706007957458496,80.01001739501953,0.3286562922042604
Berea Buff,92,18.897855758666992,73.6509780883789,-0.08586766883569248
Berea Buff,93,50.693729400634766,90.58503723144531,0.1945652043630584
Berea Buff,94,19.80084800720215,70.23201751708984,-0.15905762002680526
Berea Buff,95,43.10078811645508,84.0719985961914,0.20030871830387798
Berea Buff,96,29.525484085083008,72.474853515625,0.21115569369278958
Berea Buff,97,15.907347679138184,101.58284759521484,-0.2692155171750858
Berea Buff,98,28.749290466308594,73.2184066772461,0.24701227854662747
Berea Buff,99,3.504620313644409,82.65528869628906,-0.27011751736634604
Berea Buff,100,30.90256690979004,71.14521026611328,-0.28188444336731394
Berea Buff,101,37.803653717041016,71.62532043457031,0.34277414833601777
Berea Buff,102,31.179914474487305,69.82231903076172,-0.2670161971036393
Berea Buff,103,35.99752426147461,70.38511657714844,0.324181165967509
Berea Buff,104,52.3862190246582,120.26924896240234,-0.025608695845587275
Berea Buff,105,20.251558303833008,74.17240905761719,0.010761605092668249
Berea Buff,106,71.82402801513672,133.50137329101562,-0.04441909681128269
Berea Buff,107,21.935592651367188,75.8025131225586,0.0652541300274047
Berea Buff,108,40.682762145996094,83.45503234863281,0.25301066981113013
Berea Buff,109,22.81549644470215,69.63739776611328,-0.17370734867032875
Berea Buff,110,33.863739013671875,82.41165924072266,0.23055259089408145
Berea Buff,111,17.86601448059082,67.6380844116211,-0.21935094657208984
Berea Buff,112,1.0615605115890503,77.8429183959961,0.4211901158101417
Berea Buff,113,64.8438949584961,75.71764373779297,-0.38789158110844874
Berea Buff,114,5.5162672996521,74.09923553466797,0.41111690579167487
Berea Buff,115,68.74976348876953,78.2593765258789,-0.33188827516767255
Berea Buff,116,17.2163028717041,89.13929748535156,0.35794039143724105
Berea Buff,117,47.107967376708984,77.51114654541016,-0.3564158762101971
Berea Buff,118,17.456602096557617,91.79635620117188,0.3113704436752057
Berea Buff,119,45.29619216918945,70.42565155029297,-0.3661239712917172
Berea Buff,120,21.95463752746582,66.64985656738281,0.16928648831222523
Berea Buff,121,106.43492889404297,205.4818878173828,0.040906142494863025
Berea Buff,122,32.420440673828125,73.7922592163086,0.09566248025887103
Berea Buff,123,83.78736114501953,157.19418334960938,-0.08681414734836063
Berea Buff,124,2.8710949420928955,76.87321472167969,0.25322743758939503
Berea Buff,125,45.342281341552734,69.9393310546875,-0.3202833351975484
Berea Buff,126,5.861845016479492,83.21775817871094,0.26526067443338397
Berea Buff,127,47.17536163330078,67.13362884521484,-0.36288610491886686
Berea Buff,128,169.62026977539062,185.31076049804688,0.051354888082011975
Berea Buff,129,2.0405120849609375,94.79373168945312,-0.03815122686245792
Berea Buff,130,146.13760375976562,156.60064697265625,-0.043295444208513396
Berea Buff,131,20.95728302001953,75.32042694091797,-0.03462611409882353
Berea Buff,132,69.43851470947266,122.53709411621094,0.4662167855289867
Berea Buff,133,32.05451583862305,88.7972183227539,-0.47407443203967686
Berea Buff,134,44.000648498535156,102.15406799316406,0.4676435099799187
Berea Buff,135,40.17793273925781,92.21613311767578,-0.5578948004448662
Berea Buff,136,47.77256774902344,71.62976837158203,-0.07263994402576315
Berea Buff,137,16.16007423400879,81.54084777832031,0.055958485690306085
Berea Buff,138,51.4577522277832,73.99943542480469,-0.08148964618730327
Berea Buff,139,9.089991569519043,77.31946563720703,0.06765710424880889
Berea Buff,140,26.812923431396484,55.7930908203125,-0.11530108791796677
Berea Buff,141,15.1770658493042,68.07605743408203,0.15066825688803315
Berea Buff,142,32.01445388793945,56.57569122314453,-0.08536766676504848
Berea Buff,143,8.457098007202148,63.09378433227539,0.16020676181650165
Berea Buff,144,44.72248458862305,94.33776092529297,0.1700156748331422
Berea Buff,145,38.73947525024414,72.84172821044922,-0.19173293063616698
Berea Buff,146,44.53992462158203,96.53546142578125,0.18154684275525662
Berea Buff,147,40.37124252319336,71.0311279296875,-0.14556829714591576
Berea Buff,148,34.52601623535156,95.43883514404297,-0.2235703327118051
Berea Buff,149,9.218316078186035,69.84708404541016,0.28895031128266
Berea Buff,150,27.947799682617188,90.71939086914062,-0.23167812894953022
Berea Buff,151,11.234230995178223,68.82791137695312,0.23561430267076094
Berea Buff,152,1.2689032554626465,83.38009643554688,-0.11834447693296872
Berea Buff,153,37.06819152832031,105.33348083496094,0.10097632457981408
Berea Buff,154,0.37429267168045044,80.23307800292969,-0.12926500015828427
Berea Buff,155,23.881370544433594,91.60472869873047,0.10408723340898757
Berea Buff,156,26.259353637695312,96.97344207763672,0.16677076652344916
Berea Buff,157,9.146912574768066,78.7548599243164,-0.18470860497415195
Berea Buff,158,27.93313217163086,102.11263275146484,0.16730818064727673
Berea Buff,159,20.240400314331055,76.47081756591797,-0.18353837553958663
Berea Buff,160,27.686016082763672,86.4161605834961,0.27041478048903855
Berea Buff,161,8.819897651672363,82.91471862792969,-0.27232568849072025
Berea Buff,162,45.26917266845703,88.435791015625,0.2829846251787113
Berea Buff,163,18.628467559814453,83.3148193359375,-0.26167530574832454
Berea Buff,164,30.960494995117188,65.21595001220703,0.2484454442010295
Berea Buff,165,51.794464111328125,72.78165435791016,-0.13949404646802024
Berea Buff,166,38.807945251464844,67.92076110839844,0.1848852570792997
Berea Buff,167,39.110435485839844,73.61759948730469,-0.20730748934649523
Berea Buff,168,61.902557373046875,97.52519989013672,0.09530928931142162
Berea Buff,169,95.0167465209961,147.51571655273438,-0.20461395424867582
Berea Buff,170,45.24436569213867,101.26084899902344,0.11045514256955248
Berea Buff,171,101.29539489746094,142.00686645507812,-0.2687882548520777
Berea Buff,172,5.258909225463867,75.29682159423828,0.16763141347798519
Berea Buff,173,43.6136474609375,67.28650665283203,-0.1885355107395511
Berea Buff,174,3.1954312324523926,75.13256072998047,0.12170219362384767
Berea Buff,175,39.02183151245117,66.45201873779297,-0.2013978482024857
Berea Buff,176,19.649856567382812,96.4504165649414,-0.32283245735392246
Berea Buff,177,10.642313957214355,80.1380844116211,0.3805137042249447
Berea Buff,178,10.45169448852539,86.12495422363281,-0.33371012902982156
Berea Buff,179,17.326868057250977,77.11834716796875,0.36126900373611476
Berea Buff,180,13.977391242980957,80.31480407714844,-0.314428822605819
Berea Buff,181,47.85121154785156,71.63813781738281,0.3925364002895472
Berea Buff,182,13.902350425720215,78.96681213378906,-0.3854952966063982
Berea Buff,183,48.419158935546875,71.7398452758789,0.3542434382197569
Berea Buff,184,3.9737563133239746,83.52554321289062,0.48871073583381003
Berea Buff,185,29.140914916992188,73.83651733398438,-0.5124036245624999
Berea Buff,186,5.244003772735596,84.81468963623047,0.5354649072534801
Berea Buff,187,41.32757568359375,67.99946594238281,-0.5138800609816971
Berea Buff,188,10.593420028686523,72.2117919921875,0.2595930223162737
Berea Buff,189,30.192657470703125,75.71659088134766,-0.1959303475326989
Berea Buff,190,20.10728645324707,71.14578247070312,0.24989905478363567
Berea Buff,191,18.62119483947754,76.27250671386719,-0.2127850094092347
Berea Buff,192,40.485389709472656,71.20691680908203,0.07693661828771861
Berea Buff,193,6.011476993560791,73.80147552490234,-0.07885163072149905
Berea Buff,194,35.45732879638672,73.80477142333984,0.11197504163718279
Berea Buff,195,1.5151411294937134,78.21297454833984,-0.05435561785227353
Berea Buff,196,25.09016227722168,95.72266387939453,0.03502507072553912
Berea Buff,197,30.963842391967773,84.07644653320312,0.08422230100430678
Berea Buff,198,19.054595947265625,94.14580535888672,0.018189571330050527
Berea Buff,199,24.410600662231445,80.31961822509766,0.06956590666684373
Berea Buff,200,75.72913360595703,141.2184295654297,-0.1468967619672845
Berea Buff,201,18.66747283935547,79.63646697998047,0.169422731366596
Berea Buff,202,65.96617126464844,131.8252410888672,-0.21566321300183725
Berea Buff,203,14.100423812866211,77.11720275878906,0.16673356426153904
Berea Buff,204,11.242359161376953,100.53365325927734,-0.05343105529721363
Berea Buff,205,31.072248458862305,73.2620620727539,-0.07240315087634804
Berea Buff,206,12.94521713256836,102.17919158935547,0.010387529970239277
Berea Buff,207,29.85460662841797,69.9014892578125,-0.08635538017711261
Leopard,0,113.49917602539062,141.57650756835938,0.5362682794371354
Leopard,1,11.000006675720215,62.97129440307617,-0.45129895069954173
Leopard,2,108.20760345458984,130.96035766601562,0.505410112000246
Leopard,3,17.926645278930664,65.54920196533203,-0.4721844178955783
Leopard,4,25.161956787109375,84.43231964111328,-0.3299782241396584
Leopard,5,44.721961975097656,75.3936767578125,0.20549671698425181
Leopard,6,30.818124771118164,91.47112274169922,-0.2907831630146814
Leopard,7,43.199806213378906,78.1614990234375,0.18816022139598074
Leopard,8,1131.5152587890625,1255.5543212890625,0.08053370212578345
Leopard,9,229.78379821777344,165.008544921875,-0.056008088285963785
Leopard,10,882.3473510742188,887.8489990234375,0.0868246996428331
Leopard,11,236.6624755859375,185.58526611328125,-0.1519200452355577
Leopard,12,92.90491485595703,169.1857147216797,-0.1675023566314565
Leopard,13,29.682401657104492,114.27840423583984,0.2083435315455987
Leopard,14,97.91289520263672,174.7503662109375,-0.17994052194359242
Leopard,15,46.04887390136719,121.40898132324219,0.21660722478150113
Leopard,16,32.44040298461914,95.48490142822266,-0.06140636923656803
Leopard,17,35.78961181640625,106.2020263671875,0.06036515089353122
Leopard,18,57.73961639404297,100.08567810058594,-0.070846192025709
Leopard,19,5.2684407234191895,80.0467529296875,0.11966999781750048
Leopard,20,26.3367862701416,76.87446594238281,0.18455948593428512
Leopard,21,110.78636169433594,142.77792358398438,-0.20623349111852585
Leopard,22,25.114408493041992,79.49008178710938,0.2003561513132982
Leopard,23,70.59765625,117.54476928710938,-0.1863594832054518
Leopard,24,31.796459197998047,64.36345672607422,-0.12604589393762902
Leopard,25,3.450558662414551,71.1003189086914,0.18300978577705446
Leopard,26,32.004512786865234,67.96944427490234,-0.07117804518777539
Leopard,27,2.159559488296509,69.01956939697266,0.17033457576053004
Leopard,28,17.762691497802734,83.411865234375,0.2692687784445844
Leopard,29,32.236263275146484,68.4200668334961,-0.21939853079389607
Leopard,30,6.578465938568115,86.97875213623047,0.32704987882767633
Leopard,31,34.67680740356445,71.41336059570312,-0.25505590650838295
Leopard,32,35.881248474121094,68.85914611816406,-0.10672368892309571
Leopard,33,45.933841705322266,74.12033081054688,0.034401045799461974
Leopard,34,40.42220687866211,71.90221405029297,-0.1390675692748987
Leopard,35,47.65056228637695,75.99628448486328,0.10697975463214508
Leopard,36,12.286946296691895,72.83653259277344,-0.4700961385009118
Leopard,37,66.58583068847656,125.24523162841797,0.37991652494736783
Leopard,38,6.417453289031982,76.3168716430664,-0.46857473227032365
Leopard,39,75.7505111694336,136.04864501953125,0.4083264853015767
Leopard,40,6.713777542114258,75.00726318359375,-0.1159537685953382
Leopard,41,43.265892028808594,100.15218353271484,0.054296646617667615
Leopard,42,9.397154808044434,78.9765625,-0.1280458810823696
Leopard,43,54.249237060546875,106.883544921875,0.11130479767621647
Leopard,44,15.043145179748535,96.94454193115234,-0.0072204321285734094
Leopard,45,120.8357162475586,208.0934295654297,-0.02613046501250911
Leopard,46,31.860198974609375,100.29521179199219,0.04229742137673091
Leopard,47,173.43836975097656,251.44068908691406,-0.01679706100005262
Leopard,48,615.0977783203125,267.3303527832031,-0.040942882580074925
Leopard,49,763.9050903320312,280.3914489746094,0.0345502919309235
Leopard,50,373.8901672363281,220.16883850097656,-0.03755577771255042
Leopard,51,577.291259765625,332.0840148925781,0.020884351139378327
Leopard,52,41.305110931396484,60.08286666870117,-0.43894049807335916
Leopard,53,7.410347938537598,64.58450317382812,0.4764146252705374
Leopard,54,33.597625732421875,65.13815307617188,-0.4020566623711468
Leopard,55,13.340380668640137,67.62724304199219,0.4330144517885227
Leopard,56,52.33098602294922,68.94528198242188,-0.2538739525441264
Leopard,57,27.975536346435547,90.00711059570312,0.21542540478999847
Leopard,58,48.09061050415039,68.67279815673828,-0.35845346339271555
Leopard,59,18.826074600219727,85.32714080810547,0.2834363206064106
Leopard,60,156.17568969726562,94.22117614746094,0.20568194809227008
Leopard,61,253.76390075683594,198.01148986816406,-0.15702700414934231
Leopard,62,136.01870727539062,95.24972534179688,0.1975532480810388
Leopard,63,290.2630920410156,158.47817993164062,-0.14506606327140134
Leopard,64,43.40664291381836,72.77635955810547,0.1953139882336068
Leopard,65,24.89104652404785,92.83648681640625,-0.1695277476938059
Leopard,66,34.30392837524414,70.46916961669922,0.20157070894911638
Leopard,67,38.739383697509766,104.62626647949219,-0.1994282110497001
Leopard,68,29.369956970214844,83.58443450927734,0.33873136794021574
Leopard,69,97.69608306884766,90.86993408203125,-0.43654983853784735
Leopard,70,30.16258430480957,84.97892761230469,0.36873574870750064
Leopard,71,76.0205307006836,83.51912689208984,-0.3448463112182342
Leopard,72,20.307910919189453,74.76473999023438,-0.1144463201260128
Leopard,73,5.703922271728516,71.36173248291016,0.02319217815531402
Leopard,74,21.25581932067871,72.96519470214844,-0.06881005520401723
Leopard,75,8.010160446166992,70.51380920410156,0.00833749602958532
Leopard,76,114.831298828125,164.99671936035156,-0.14518787555251866
Leopard,77,78.15535736083984,175.4263458251953,0.09244669167302727
Leopard,78,115.91350555419922,164.6936798095703,-0.1636443882878672
Leopard,79,75.97023010253906,173.3396759033203,0.15381995136214213
Leopard,80,41.205387115478516,80.3497314453125,0.3183751349149661
Leopard,81,48.25655746459961,63.60533142089844,-0.3454702238203654
Leopard,82,39.244049072265625,80.32528686523438,0.33874446338020253
Leopard,83,47.968082427978516,63.52229309082031,-0.3729833590003314
Leopard,84,27.500131607055664,70.3223876953125,-0.8593117275253007
Leopard,85,52.75199508666992,65.3702163696289,0.8280911662574065
Leopard,86,25.710073471069336,69.68551635742188,-0.8479864233312847
Leopard,87,48.41161346435547,61.921016693115234,0.8323094039538796
Leopard,88,25.17076301574707,87.9260025024414,-0.2908488586664348
Leopard,89,9.032760620117188,74.20347595214844,0.5430474653901233
Leopard,90,27.64959716796875,78.0878677368164,-0.48892806476875794
Leopard,91,31.75386619567871,79.5514907836914,0.6086256587837869
Leopard,92,20.884611129760742,71.10255432128906,0.5161254620834079
Leopard,93,0.26596713066101074,75.14551544189453,-0.36454797892675667
Leopard,94,19.6055908203125,70.67320251464844,0.512769516372152
Leopard,95,10.562762260437012,82.9338150024414,-0.38076034506934486
Leopard,96,6.354634761810303,89.8179931640625,0.023725135344831266
Leopard,97,12.114558219909668,82.04901123046875,-0.07763351173102176
Leopard,98,23.516357421875,112.32150268554688,0.07586585554692066
Leopard,99,15.450252532958984,81.83303833007812,-0.08774179082457034
Leopard,100,18.713109970092773,68.24429321289062,-0.16248256651415205
Leopard,101,51.14521026611328,90.42720794677734,0.2729743409885504
Leopard,102,34.00543212890625,78.23300170898438,-0.3238632191583625
Leopard,103,42.5997428894043,85.06622314453125,0.12884514552824228
Leopard,104,83.37977600097656,124.01789855957031,-0.10285469960663685
Leopard,105,5.726927757263184,86.4131088256836,0.16518750039860458
Leopard,106,72.34839630126953,112.48848724365234,-0.05249818522741578
Leopard,107,13.38391399383545,77.00460815429688,0.14279796468914482
Leopard,108,39.02657699584961,97.31170654296875,-0.05570934086104211
Leopard,109,14.062585830688477,95.74462127685547,-0.17912564067854164
Leopard,110,31.38263511657715,97.14810180664062,-0.07553088855486079
Leopard,111,9.03317928314209,89.95882415771484,-0.20551449785840392
Leopard,112,14.458645820617676,88.70335388183594,-0.09054475556106772
Leopard,113,127.00717163085938,197.48193359375,0.0836580321186138
Leopard,114,14.549418449401855,85.15564727783203,-0.08842232882567486
Leopard,115,123.48663330078125,196.5091094970703,0.08483298529547224
Leopard,116,15.603677749633789,79.27951049804688,0.2941104727957341
Leopard,117,21.181982040405273,88.72848510742188,-0.30547800075286324
Leopard,118,23.213504791259766,79.96031951904297,0.3470923200039331
Leopard,119,20.537973403930664,83.7390365600586,-0.3449465352099214
Leopard,120,50.048370361328125,67.41094970703125,0.12904262018042761
Leopard,121,85.14427185058594,140.17919921875,-0.0791939624156614
Leopard,122,52.22450637817383,71.19368743896484,0.2036858082735013
Leopard,123,68.63396453857422,128.76377868652344,-0.16876731221292235
Leopard,124,154.83885192871094,156.57749938964844,0.21720052210281018
Leopard,125,102.85409545898438,155.29537963867188,-0.08482560056663056
Leopard,126,134.45547485351562,133.89459228515625,0.1337682904859849
Leopard,127,96.0035400390625,158.49168395996094,-0.09707066523998031
Leopard,128,24.60943031311035,81.94214630126953,0.11002234030370371
Leopard,129,16.379369735717773,76.66992950439453,-0.02290012911164157
Leopard,130,27.801788330078125,74.78466033935547,0.07113429501457584
Leopard,131,9.760821342468262,76.94401550292969,-0.174704744527603
Leopard,132,31.32001304626465,73.1654052734375,-0.08611069592947838
Leopard,133,18.348167419433594,66.28235626220703,0.06781191408981821
Leopard,134,35.9154052734375,73.33464050292969,-0.0630248084888409
Leopard,135,20.450927734375,66.67680358886719,0.03813121276669812
Leopard,136,12.349201202392578,75.59127807617188,0.05968527853649005
Leopard,137,1.8036463260650635,96.88190460205078,-0.1486206530037474
Leopard,138,26.061670303344727,67.29969024658203,0.11701982961346834
Leopard,139,3.1747217178344727,88.03459167480469,-0.11311903426560299
Leopard,140,62.229915618896484,115.08863067626953,0.14802002927341062
Leopard,141,54.201229095458984,72.35592651367188,-0.13755762850827452
Leopard,142,75.89728546142578,129.68792724609375,0.1795826507576653
Leopard,143,56.0484733581543,73.9112548828125,-0.12808995547971203
Leopard,144,67.63127899169922,123.88734436035156,0.4583564924506197
Leopard,145,14.64103889465332,70.14982604980469,-0.3977667229851378
Leopard,146,48.62661361694336,93.15361022949219,0.4335439766713079
Leopard,147,11.240015983581543,63.46723937988281,-0.5751079308837868
Leopard,148,3.249922037124634,93.35663604736328,0.06988390726300435
Leopard,149,38.24034881591797,112.68915557861328,-0.1474287309769061
Leopard,150,5.378213882446289,89.20894622802734,0.038080921524751184
Leopard,151,38.85647201538086,118.9450912475586,-0.1223004707718348
Leopard,152,7.322671413421631,65.79801940917969,0.3235223404986646
Leopard,153,8.930173873901367,70.31494903564453,-0.3627139737493031
Leopard,154,18.007814407348633,69.49980926513672,0.3022938291613813
Leopard,155,17.26644515991211,68.15281677246094,-0.33978310760502306
Leopard,156,46.4288215637207,70.03032684326172,0.08879777329650235
Leopard,157,3.476494789123535,75.28164672851562,-0.09627925170576097
Leopard,158,47.096805572509766,69.59130859375,0.09099641465249243
Leopard,159,12.40310001373291,81.91764831542969,-0.09947145522456237
Leopard,160,151.24476623535156,217.51776123046875,0.044615568888550096
Leopard,161,57.44255065917969,101.5085220336914,-0.015243280558104602
Leopard,162,165.19900512695312,246.41856384277344,0.008183693365265605
Leopard,163,52.87266540527344,103.03765869140625,0.025700895761519647
Leopard,164,30.950740814208984,104.98616027832031,-0.11356798912467024
Leopard,165,246.13046264648438,302.8245544433594,0.08210333573300865
Leopard,166,23.959836959838867,100.4605484008789,-0.12520046539189061
Leopard,167,215.21612548828125,280.4266052246094,0.06491608217983322
Leopard,168,13013.5419921875,7359.6630859375,0.014511851382948061
Leopard,169,6518.1044921875,4748.640625,0.03090154862623084
Leopard,170,13892.798828125,8340.7939453125,0.017920526483161704
Leopard,171,6937.064453125,5134.1455078125,0.0043655211158816045
Leopard,172,492.99237060546875,479.0501403808594,0.06680223186531353
Leopard,173,150.0098419189453,120.4608154296875,0.02085614587708042
Leopard,174,400.7275390625,430.2642517089844,0.023321107487192492
Leopard,175,156.640869140625,107.69313049316406,-0.039616729355666805
Leopard,176,23.985332489013672,73.00818634033203,-0.2926148598217543
Leopard,177,9.117916107177734,95.76692199707031,0.22375740376719824
Leopard,178,24.90546989440918,77.01657104492188,-0.33762050068106675
Leopard,179,9.728340148925781,84.53372192382812,0.31806463944315755
Leopard,180,20.540023803710938,84.09657287597656,-0.17717656114534647
Leopard,181,51.804927825927734,100.91729736328125,0.3253835720075313
Leopard,182,30.673301696777344,82.1727294921875,-0.1166945637561346
Leopard,183,35.027442932128906,86.26036834716797,0.2642953836690004
Leopard,184,46.49074172973633,68.22824096679688,-0.011613397289980357
Leopard,185,32.319393157958984,71.32168579101562,0.018516302663262908
Leopard,186,44.31434631347656,71.90758514404297,0.02408933416057391
Leopard,187,37.24116516113281,69.38333892822266,0.060216715835598095
Leopard,188,35.78253173828125,72.8420181274414,-0.39375628097169896
Leopard,189,17.331327438354492,73.84457397460938,0.3891952085988694
Leopard,190,31.14958381652832,76.6348648071289,-0.40815355433561706
Leopard,191,30.19090461730957,67.82408142089844,0.45777572502348485
Leopard,192,4.21668004989624,93.93099975585938,-0.3865294778039219
Leopard,193,55.676231384277344,72.45681762695312,0.3926938435598323
Leopard,194,2.137857675552368,89.39518737792969,-0.37523429077714354
Leopard,195,56.17536544799805,78.64747619628906,0.46050811124036767
Leopard,196,24.759349822998047,99.9989013671875,0.11841872474694501
Leopard,197,143.4595184326172,199.48577880859375,-0.14350700261132932
Leopard,198,22.496904373168945,93.11949920654297,0.11609816840569746
Leopard,199,108.24539947509766,174.75196838378906,-0.020989677611156592
Leopard,200,5.196468830108643,81.62214660644531,-0.1020648081913962
Leopard,201,42.860107421875,74.83626556396484,0.12086126806443676
Leopard,202,14.940617561340332,82.97404479980469,-0.0962403123454663
Leopard,203,48.91889190673828,71.9039306640625,0.1344226331915734
Leopard,204,978.6270141601562,881.5662231445312,0.10028604628335565
Leopard,205,488.35003662109375,386.570068359375,-0.04511131375132932
Leopard,206,853.10400390625,747.075439453125,0.09529409271760117
Leopard,207,585.8656005859375,487.452880859375,-0.06774925273876145
Leopard,208,3316.878173828125,2018.371337890625,-0.02762133120973213
Leopard,209,4282.43359375,3829.16845703125,0.08480062352010413
Leopard,210,2547.88623046875,1510.29736328125,-0.06525429699651426
Leopard,211,4530.0673828125,4832.177734375,0.07246747322400855
Leopard,212,26.947885513305664,76.77374267578125,-0.17018807194544752
Leopard,213,4.308257102966309,92.84563446044922,0.21805588270578738
Leopard,214,23.334781646728516,78.44908905029297,-0.16983178202886015
Leopard,215,16.11357879638672,81.77690124511719,0.25802457581780497
Leopard,216,4.410281181335449,80.8238296508789,-0.07507599855646714
Leopard,217,50.041934967041016,105.18252563476562,0.05831041194430606
Leopard,218,5.486313343048096,77.33527374267578,-0.12070178623605209
Leopard,219,50.12442398071289,103.2142105102539,0.03224436949814604
Leopard,220,3014.2041015625,2425.63916015625,-0.08428311692151477
Leopard,221,1725.38134765625,1430.347900390625,0.05897095179216659
Leopard,222,1727.8834228515625,998.641845703125,-0.10700238366868953
Leopard,223,1956.16259765625,780.3654174804688,0.09520667455378638
Leopard,224,114.93072509765625,218.36172485351562,-0.016254583965346608
Leopard,225,101.95048522949219,145.15213012695312,0.39536046785606443
Leopard,226,109.92214965820312,222.49334716796875,-0.04852824409821296
Leopard,227,91.69074249267578,137.1074981689453,0.2921966786046876
Leopard,228,49.25772476196289,128.61053466796875,0.0994827022671874
Leopard,229,18.576452255249023,101.03577423095703,-0.08281886521462684
Leopard,230,29.73439598083496,118.76310729980469,0.049157716337009334
Leopard,231,33.82346725463867,111.3405532836914,-0.085510987887975
Leopard,232,44.44832229614258,66.65430450439453,-0.45328217095526924
Leopard,233,1.749049425125122,75.95506286621094,0.5985843795322917
Leopard,234,47.660423278808594,68.15721130371094,-0.5340629636940063
Leopard,235,11.13254451751709,80.82252502441406,0.5447528843820731
Leopard,236,5.829348564147949,83.93722534179688,0.07269015633176272
Leopard,237,24.53533935546875,74.9840316772461,-0.024622839104031884
Leopard,238,21.783327102661133,73.30052185058594,0.09761483595944312
Leopard,239,19.02101707458496,74.99715423583984,-0.03656218462601235
Leopard,240,95.51084899902344,148.60409545898438,0.20912049293811763
Leopard,241,88.7912368774414,90.26751708984375,-0.3269337183326386
Leopard,242,104.40464782714844,159.31906127929688,0.15756051078829367
Leopard,243,88.26261138916016,89.51932525634766,-0.28854581616652325
Leopard,244,21.510181427001953,69.94319152832031,0.09088817316129882
Leopard,245,33.49671936035156,73.83120727539062,0.0034391549765069333
Leopard,246,26.65049934387207,72.5306396484375,0.030449194790882168
Leopard,247,25.590816497802734,75.40176391601562,-0.13047997240314074
Leopard,248,30.071226119995117,84.56612396240234,0.07493184686501736
Leopard,249,46.623958587646484,136.55825805664062,-0.017598580078308595
Leopard,250,30.515169143676758,82.39540100097656,0.07943102093449471
Leopard,251,41.26416015625,122.09548950195312,-0.036288999253355825
Leopard,252,32.16072463989258,70.87351989746094,-0.2235688330534394
Leopard,253,30.119218826293945,63.623531341552734,0.3287285848754095
Leopard,254,32.42259979248047,71.0420913696289,-0.2861074757974745
Leopard,255,32.88582992553711,62.20917510986328,0.3717708515936899
Leopard,256,15.309525489807129,73.8851089477539,-0.221016067822957
Leopard,257,32.759071350097656,109.53457641601562,0.21452339267123455
Leopard,258,11.310998916625977,77.14873504638672,-0.20575989309747975
Leopard,259,3.697599411010742,91.31916046142578,0.21001364828152408
Leopard,260,94.94988250732422,123.22235870361328,0.18803057015936292
Leopard,261,180.22705078125,171.0222930908203,-0.10627312143174543
Leopard,262,135.8022003173828,147.0464324951172,0.14435938685830482
Leopard,263,194.11488342285156,172.96885681152344,-0.1183080468425623
Leopard,264,2.1137850284576416,69.7239990234375,0.17146314866343476
Leopard,265,14.127632141113281,64.39441680908203,-0.14093389447800367
Leopard,266,17.128599166870117,68.89060974121094,0.08793788935167957
Leopard,267,16.024927139282227,64.23031616210938,-0.14396342056487274
Leopard,268,245.0151824951172,246.3258819580078,0.3529042208276089
Leopard,269,292.5018615722656,379.3753967285156,-0.19641787710955844
Leopard,270,238.9286346435547,255.20834350585938,0.36118556530067986
Leopard,271,267.3323669433594,358.8900146484375,-0.1730754253825342
Leopard,272,128.0645751953125,179.3684539794922,0.4257502487046996
Leopard,273,69.6784439086914,127.35652160644531,-0.4432500901811608
Leopard,274,126.56005096435547,171.27346801757812,0.37328868548501876
Leopard,275,124.22171020507812,182.43089294433594,-0.37222205140179265
Castle Gate,0,15.210640907287598,78.38246154785156,-0.0584154271580412
Castle Gate,1,10.392987251281738,72.5305404663086,0.1564041204609746
Castle Gate,2,6.5746169090271,72.11518096923828,-0.11072211643532893
Castle Gate,3,20.880937576293945,75.49447631835938,0.1962517959084391
Castle Gate,4,52.26693344116211,112.89833068847656,-0.0875163755746123
Castle Gate,5,27.009492874145508,72.07880401611328,0.16160906389217475
Castle Gate,6,57.325111389160156,119.38963317871094,-0.1486535985202502
Castle Gate,7,23.462465286254883,70.7812271118164,0.1393270258869946
Castle Gate,8,50.04525375366211,101.42850494384766,-0.11433581731886068
Castle Gate,9,26.547618865966797,71.1310806274414,0.16168883159210862
Castle Gate,10,63.2989616394043,110.70179748535156,-0.16604189567438965
Castle Gate,11,26.442792892456055,70.97349548339844,0.14010524945924463
Castle Gate,12,21.776634216308594,85.40729522705078,0.006924462114801588
Castle Gate,13,9.611919403076172,85.556640625,0.03354015873722948
Castle Gate,14,14.729870796203613,90.28718566894531,-0.0035460124546497374
Castle Gate,15,13.981395721435547,86.77078247070312,-0.013735901060771783
Castle Gate,16,10.415816307067871,91.19458770751953,-0.10786947993595106
Castle Gate,17,10.51834774017334,81.03997802734375,0.10295357428648663
Castle Gate,18,22.085390090942383,84.01094055175781,-0.09917761957168413
Castle Gate,19,4.607084274291992,101.2865219116211,0.030454627272363272
Castle Gate,20,214.73484802246094,244.02639770507812,0.08224418244665486
Castle Gate,21,252.99395751953125,299.5009460449219,0.042968754906548015
Castle Gate,22,165.29226684570312,184.9246368408203,0.05601164505173203
Castle Gate,23,225.69601440429688,256.1188049316406,0.030991206284004983
Castle Gate,24,35.54587936401367,72.79523468017578,0.04363270095819324
Castle Gate,25,8.625409126281738,79.14393615722656,-0.09362779694637889
Castle Gate,26,40.99897384643555,73.2666015625,0.10528474719245204
Castle Gate,27,8.433704376220703,76.04943084716797,-0.10904977759727558
Castle Gate,28,18.607633590698242,73.24703216552734,-0.0424044236314337
Castle Gate,29,2.7870583534240723,80.29182434082031,0.03902945028929076
Castle Gate,30,23.156173706054688,73.14640045166016,-0.0473674164863728
Castle Gate,31,13.014154434204102,85.90379333496094,0.03974562851794723
Castle Gate,32,0.08295229822397232,73.99601745605469,0.20024339025878246
Castle Gate,33,1.3312689065933228,74.19046020507812,-0.1609116230565224
Castle Gate,34,2.366206169128418,73.00741577148438,0.2168105842075798
Castle Gate,35,4.211314678192139,76.98046875,-0.10331839447863614
Castle Gate,36,51.407413482666016,100.57701110839844,0.4023774659964598
Castle Gate,37,162.59478759765625,145.73965454101562,-0.4240982866444984
Castle Gate,38,60.632469177246094,103.7027359008789,0.4138914053771162
Castle Gate,39,132.0177001953125,144.82644653320312,-0.4713114311452699
Castle Gate,40,42.902584075927734,77.76520538330078,-0.31331763360223763
Castle Gate,41,18.912084579467773,81.939208984375,0.33872815300186826
Castle Gate,42,44.08511734008789,76.88333129882812,-0.3285252524021588
Castle Gate,43,8.52913761138916,87.37654113769531,0.353644515897932
Castle Gate,44,37.840328216552734,67.60029602050781,-0.017755568587701265
Castle Gate,45,50.336341857910156,76.14314270019531,0.07850314739825161
Castle Gate,46,40.486995697021484,66.18497467041016,-0.051213361851784836
Castle Gate,47,44.37971878051758,72.19029998779297,0.08775699058041785
Castle Gate,48,48.37493133544922,98.13211059570312,-0.058752693950369146
Castle Gate,49,68.1178207397461,109.95938873291016,0.0860454246746493
Castle Gate,50,48.19731903076172,98.38481903076172,-0.04552246805645748
Castle Gate,51,94.48489379882812,115.39981842041016,0.059235456777851
Castle Gate,52,4.447991371154785,82.37036895751953,0.015435354645016065
Castle Gate,53,35.124271392822266,91.10289001464844,-0.027369022617530173
Castle Gate,54,13.646734237670898,86.53012084960938,0.008312552753558727
Castle Gate,55,39.0800666809082,97.3530044555664,-0.03929282396760679
Castle Gate,56,41.518714904785156,78.56440734863281,-0.030568738643575878
Castle Gate,57,8.479918479919434,78.7825927734375,-0.023693987675828605
Castle Gate,58,47.08000183105469,78.8232421875,0.027403216922055298
Castle Gate,59,10.831558227539062,75.98013305664062,-0.02943940440353568
Castle Gate,60,7.529446601867676,75.875,-0.04233371017676213
Castle Gate,61,2.7067625522613525,71.1848373413086,0.0542663065675435
Castle Gate,62,14.078060150146484,82.92708587646484,-0.06946041347876272
Castle Gate,63,9.194441795349121,73.03593444824219,0.09755483930870862
Castle Gate,64,6.545163154602051,109.16482543945312,-0.17197605767006957
Castle Gate,65,30.954587936401367,75.02813720703125,0.2158278842319307
Castle Gate,66,10.620097160339355,111.828369140625,-0.18000325574459933
Castle Gate,67,36.72270584106445,77.19694519042969,0.2413220320157922
Castle Gate,68,195.71412658691406,181.40390014648438,0.0956922551628806
Castle Gate,69,143.42237854003906,125.95862579345703,-0.0707533022374839
Castle Gate,70,207.577392578125,173.86009216308594,0.10897923914510427
Castle Gate,71,81.75501251220703,104.46311950683594,-0.04277182155806054
Castle Gate,72,13.300141334533691,78.34430694580078,-0.24362651036800195
Castle Gate,73,13.901646614074707,76.4935302734375,0.3053421513018391
Castle Gate,74,2.7119991779327393,72.5839614868164,-0.29012053983204383
Castle Gate,75,7.839694976806641,75.44597625732422,0.2904521443954755
Castle Gate,76,16.0638370513916,76.39611053466797,-0.16416203981027536
Castle Gate,77,20.677122116088867,74.35337829589844,0.19750134599569974
Castle Gate,78,16.72025489807129,75.12615966796875,-0.17303993158343695
Castle Gate,79,16.127429962158203,80.17697143554688,0.19034211070620005
Castle Gate,80,42.030677795410156,80.11930084228516,-0.08149735093228386
Castle Gate,81,258.2048645019531,284.55975341796875,0.030737229929291336
Castle Gate,82,44.34038543701172,86.76749420166016,-0.09862042132092026
Castle Gate,83,227.62545776367188,234.25979614257812,0.07132549505473972
Castle Gate,84,21.412864685058594,77.02313232421875,0.027180389939526848
Castle Gate,85,45.36312484741211,71.61396789550781,0.08207454568861153
Castle Gate,86,21.60414695739746,78.2811279296875,0.02531153377866301
Castle Gate,87,42.02423095703125,71.59130859375,0.07576366589937769
Castle Gate,88,42.133602142333984,70.91118621826172,-0.07595233758454248
Castle Gate,89,12.2406005859375,70.8689956665039,0.14296405558288333
Castle Gate,90,42.135318756103516,71.1511459350586,-0.08027620316875331
Castle Gate,91,20.64332389831543,70.64421844482422,0.1648542101275544
Castle Gate,92,38.012939453125,97.08622741699219,-0.04376440974825159
Castle Gate,93,66.59737396240234,119.7786636352539,0.05269264488449349
Castle Gate,94,14.801763534545898,87.14473724365234,-0.010554990177529726
Castle Gate,95,76.648681640625,131.8542022705078,0.03912889734155092
Castle Gate,96,12.329782485961914,71.18292236328125,0.03945609643174261
Castle Gate,97,23.82150650024414,95.80546569824219,-0.0961769818745968
Castle Gate,98,3.481282949447632,76.3155288696289,0.031037980415316996
Castle Gate,99,24.509267807006836,101.18889617919922,-0.08425515983604627
Castle Gate,100,44.29269790649414,78.32293701171875,-0.17459913317429904
Castle Gate,101,18.107397079467773,80.36068725585938,0.1556302918807226
Castle Gate,102,46.67582321166992,80.13121032714844,-0.16181942556879553
Castle Gate,103,20.93741226196289,80.58870697021484,0.20250150305687317
Castle Gate,104,6.375126838684082,66.31063079833984,0.12399458898640515
Castle Gate,105,34.1532096862793,81.36434173583984,-0.0828842611077334
Castle Gate,106,8.13587760925293,68.60162353515625,0.14232853697714884
Castle Gate,107,27.420217514038086,81.21533203125,-0.1438301987296183
Castle Gate,108,18.766992568969727,91.04480743408203,-0.2298649555611109
Castle Gate,109,1.7098171710968018,74.70780944824219,0.25552260474290645
Castle Gate,110,18.670284271240234,94.98709869384766,-0.25370708838984274
Castle Gate,111,3.0708303451538086,74.5983657836914,0.23951504880647856
Castle Gate,112,92.22637939453125,110.02749633789062,0.07725124935971858
Castle Gate,113,42.245059967041016,101.93016815185547,-0.037631489255176516
Castle Gate,114,79.57894897460938,115.22425079345703,0.04664751241975041
Castle Gate,115,32.003726959228516,100.84468078613281,-0.025787062060278063
Castle Gate,116,3.231990098953247,76.8260726928711,-0.1324047657643976
Castle Gate,117,52.13614273071289,74.1163558959961,0.08584497657206137
Castle Gate,118,15.21261215209961,83.63578033447266,-0.07801988179448897
Castle Gate,119,52.662757873535156,73.37013244628906,0.04701654188324373
Castle Gate,120,35.916011810302734,77.81975555419922,0.03919133799244302
Castle Gate,121,15.007304191589355,82.69865417480469,-0.0012954547240811413
Castle Gate,122,31.962356567382812,72.55439758300781,0.11999479538473716
Castle Gate,123,13.120121955871582,79.51454162597656,-0.012554281356412438
Castle Gate,124,14.806709289550781,80.13550567626953,0.10027653835055625
Castle Gate,125,33.431007385253906,92.82131958007812,-0.06401065211591067
Castle Gate,126,10.07832145690918,78.89311981201172,0.13119458929690347
Castle Gate,127,21.362960815429688,88.58500671386719,-0.1334671128964313
Castle Gate,128,26.564855575561523,103.98170471191406,0.3144124275521389
Castle Gate,129,23.504558563232422,85.2857894897461,-0.28743730641939685
Castle Gate,130,28.83747673034668,93.67195129394531,0.3239123541751103
Castle Gate,131,46.98326873779297,103.98538970947266,-0.3212371211255978
Castle Gate,132,57.03419876098633,108.17507934570312,0.2588404479884495
Castle Gate,133,123.16398620605469,164.40188598632812,-0.2123697841071781
Castle Gate,134,37.349483489990234,96.731689453125,0.3010711482389203
Castle Gate,135,105.7498779296875,148.28070068359375,-0.23260503474536368
Castle Gate,136,3.7847206592559814,66.7760009765625,-0.06370604947903004
Castle Gate,137,14.383492469787598,64.61174774169922,0.10978748367572472
Castle Gate,138,13.78457260131836,64.53177642822266,-0.1110183361192593
Castle Gate,139,7.154975891113281,68.00972747802734,0.0907181024475102
Castle Gate,140,9.866064071655273,66.61048126220703,-0.20314443573677649
Castle Gate,141,101.14257049560547,132.59902954101562,0.20874626833900137
Castle Gate,142,9.825007438659668,64.93679809570312,-0.19278496282675037
Castle Gate,143,92.18892669677734,131.5139923095703,0.1783572309295125
Castle Gate,144,15.28238296508789,71.70828247070312,0.17845645098271182
Castle Gate,145,12.358824729919434,72.6103286743164,-0.18404717089965186
Castle Gate,146,16.57317543029785,66.75634765625,0.19336918102931097
Castle Gate,147,10.080681800842285,72.77831268310547,-0.19726411718980327
Castle Gate,148,116.37997436523438,143.3699951171875,-0.08391388312788009
Castle Gate,149,92.84854888916016,126.73307800292969,0.046769557589757906
Castle Gate,150,125.00321960449219,149.81982421875,-0.05626277163163447
Castle Gate,151,103.58908081054688,140.8890380859375,0.038510562221712154
Castle Gate,152,6.286779880523682,71.3505630493164,-0.2320319655189462
Castle Gate,153,41.30577087402344,95.22769165039062,0.14424928167447418
Castle Gate,154,3.9154629707336426,67.28643798828125,-0.19922494501527196
Castle Gate,155,51.99125289916992,105.40347290039062,0.16732315817688642
Castle Gate,156,19.338455200195312,81.60997772216797,0.33669580053578896
Castle Gate,157,34.36259841918945,76.84261322021484,-0.43232770422664485
Castle Gate,158,20.68618392944336,83.73528289794922,0.313571679293402
Castle Gate,159,19.636375427246094,78.57695770263672,-0.3706744146023541
Castle Gate,160,34.770538330078125,63.20824432373047,0.3793682967872586
Castle Gate,161,61.27861404418945,69.38534545898438,-0.4408727065752092
Castle Gate,162,32.88074493408203,65.29705810546875,0.4353794490236459
Castle Gate,163,61.96590805053711,68.97766876220703,-0.41071943154975865
Castle Gate,164,30.25850486755371,69.52315521240234,0.038197493011013106
Castle Gate,165,25.8051700592041,73.66351318359375,-0.09943077197947037
Castle Gate,166,35.12113571166992,69.55027770996094,0.013294610235726013
Castle Gate,167,25.702425003051758,68.84249114990234,-0.00272937336372742
Castle Gate,168,141.19683837890625,174.4049835205078,-0.10667993784653293
Castle Gate,169,28.754226684570312,95.215576171875,0.2003746276899852
Castle Gate,170,183.26226806640625,209.4814453125,-0.15334047224189995
Castle Gate,171,24.94930648803711,88.50254821777344,0.1302621800310023
Castle Gate,172,22.807056427001953,72.4814682006836,0.2087688708420176
Castle Gate,173,44.114501953125,69.68229675292969,-0.19475529707694297
Castle Gate,174,14.736083030700684,70.10482788085938,0.208595093550947
Castle Gate,175,41.016056060791016,68.27681732177734,-0.21507086693920097
Castle Gate,176,65.30075073242188,74.45222473144531,0.17418359225560476
Castle Gate,177,16.65667152404785,97.54984283447266,-0.167836537272081
Castle Gate,178,66.83907318115234,75.86429595947266,0.16009512534888876
Castle Gate,179,21.248558044433594,100.22203826904297,-0.1596370679449874
Castle Gate,180,6.423677921295166,91.8028793334961,0.21116230983362924
Castle Gate,181,21.91102409362793,85.94139862060547,-0.23159524686972374
Castle Gate,182,5.842432975769043,92.20176696777344,0.23099160923588524
Castle Gate,183,27.261104583740234,82.57075500488281,-0.24305715292789634
Castle Gate,184,5.738318920135498,86.99346160888672,-0.07078657088580959
Castle Gate,185,51.01218795776367,112.1020278930664,0.0865397410653422
Castle Gate,186,14.497089385986328,82.20085906982422,-0.07418072209887411
Castle Gate,187,58.97151184082031,123.1828842163086,0.10351242490010794
Castle Gate,188,21.280351638793945,73.02117919921875,-0.0062047215480155226
Castle Gate,189,29.280649185180664,91.026611328125,0.054353186560332535
Castle Gate,190,15.851459503173828,68.54328155517578,0.0050271043685660875
Castle Gate,191,19.729000091552734,84.2574462890625,0.08177794535869745
Castle Gate,192,15.953429222106934,69.40449523925781,-0.11115796164315996
Castle Gate,193,63.49539566040039,98.03585815429688,0.0856342258370634
Castle Gate,194,17.946022033691406,65.81900787353516,-0.10518600420939259
Castle Gate,195,61.81365203857422,94.17125701904297,0.12542988314683842
Castle Gate,196,13.313880920410156,72.109375,0.09472007099241923
Castle Gate,197,9.511961936950684,76.6088638305664,-0.08855413895690639
Castle Gate,198,9.922789573669434,70.04135131835938,0.06575559647671404
Castle Gate,199,16.049930572509766,73.26142883300781,-0.11737412189731558
Castle Gate,200,5.766849517822266,67.22980499267578,0.0032721082063476114
Castle Gate,201,24.52910614013672,86.16388702392578,0.05898133856961377
Castle Gate,202,9.437098503112793,71.9755859375,-0.018419832756975157
Castle Gate,203,10.320308685302734,79.48136901855469,0.0017993588899411705
Castle Gate,204,37.37792205810547,77.5254135131836,0.15181845008105274
Castle Gate,205,31.514833450317383,107.36775970458984,-0.18595497984226253
Castle Gate,206,35.07481384277344,74.5604476928711,0.21156209198830453
Castle Gate,207,19.098424911499023,96.9749526977539,-0.15746086526819425
Castle Gate,208,61.99299240112305,114.74011993408203,0.11257187494148965
Castle Gate,209,120.84981536865234,153.58946228027344,-0.08937695481477481
Castle Gate,210,64.60435485839844,120.7890625,0.13373715835186004
Castle Gate,211,135.3678436279297,161.1088409423828,-0.11002597883705686
Castle Gate,212,17.298852920532227,102.53531646728516,0.32318874967367744
Castle Gate,213,22.697608947753906,84.89349365234375,-0.35316090010432094
Castle Gate,214,9.090424537658691,95.79621124267578,0.28734229602981126
Castle Gate,215,10.250238418579102,85.3388900756836,-0.303420554028805
Castle Gate,216,28.274593353271484,96.55186462402344,-0.18557966033650955
Castle Gate,217,16.96956443786621,72.23153686523438,0.18095445115107647
Castle Gate,218,25.455018997192383,93.0721435546875,-0.16586065491570634
Castle Gate,219,21.863811492919922,72.45941162109375,0.18383694474552328
Castle Gate,220,8.10610294342041,67.48597717285156,-0.3053586933748368
Castle Gate,221,41.83405685424805,69.22179412841797,0.15459541667002832
Castle Gate,222,9.505006790161133,73.73619842529297,-0.2355240745891638
Castle Gate,223,47.18048095703125,68.70805358886719,0.20379766388463866
Castle Gate,224,52.272308349609375,71.42047119140625,0.055295376906644336
Castle Gate,225,14.300972938537598,72.7612075805664,-0.09449218927940553
Castle Gate,226,53.95533752441406,71.90373992919922,0.043381311470200024
Castle Gate,227,21.648357391357422,72.1867904663086,-0.10989412839979043
Castle Gate,228,13.833978652954102,72.90498352050781,-0.06920685034221215
Castle Gate,229,42.44294357299805,67.28925323486328,0.09575438416066158
Castle Gate,230,13.395171165466309,72.95006561279297,-0.10137251136332114
Castle Gate,231,46.54127502441406,69.4242172241211,0.0556803373236475
Castle Gate,232,33.65343475341797,94.07221221923828,-0.07165160127923145
Castle Gate,233,13.48789119720459,76.76705169677734,0.08955631269674287
Castle Gate,234,22.232484817504883,84.96331024169922,-0.07746415122397855
Castle Gate,235,11.544917106628418,77.27595520019531,0.12879264071533958
Castle Gate,236,11.651806831359863,69.26107788085938,0.32593094208282447
Castle Gate,237,33.51325988769531,62.969112396240234,-0.3167276982916955
Castle Gate,238,12.990975379943848,67.96016693115234,0.33646688889791193
Castle Gate,239,29.99114227294922,61.44334030151367,-0.28569654837013847
Castle Gate,240,41.866878509521484,107.65098571777344,0.20171573505939308
Castle Gate,241,27.608064651489258,79.24430847167969,-0.25085561004759016
Castle Gate,242,46.164154052734375,110.37816619873047,0.20881372336808385
Castle Gate,243,35.09846878051758,78.71080017089844,-0.16900137955558972
Castle Gate,244,39.99224853515625,66.9443130493164,0.2720418073658051
Castle Gate,245,34.252559661865234,68.35929107666016,-0.24462967891414655
Castle Gate,246,34.542057037353516,67.16935729980469,0.29849239726353444
Castle Gate,247,38.11163330078125,65.93955993652344,-0.24198575729974223
Castle Gate,248,34.71659851074219,67.4500503540039,-0.13352303940879884
Castle Gate,249,33.93445587158203,62.56503677368164,0.07239101000201476
Castle Gate,250,32.53480529785156,64.31199645996094,0.0017744483161573662
Castle Gate,251,38.91530990600586,62.88838577270508,0.12934658781128627
Castle Gate,252,0.8133063316345215,62.97370910644531,-0.7157691829238152
Castle Gate,253,12.796893119812012,64.37604522705078,0.704351804281323
Castle Gate,254,2.9522128105163574,64.92626953125,-0.7232131849910071
Castle Gate,255,11.051151275634766,65.07799530029297,0.7115818937695507
Castle Gate,256,15.98388957977295,84.99561309814453,-0.03416425667106802
Castle Gate,257,2.7033982276916504,79.21886444091797,0.013106632487425267
Castle Gate,258,9.559711456298828,82.02823638916016,-0.06503669398315062
Castle Gate,259,16.676027297973633,88.18437194824219,-0.08128430809540471
Castle Gate,260,49.244937896728516,67.43766784667969,-0.08338398634665509
Castle Gate,261,13.365140914916992,70.4831314086914,0.1182194498476383
Castle Gate,262,54.80072784423828,70.74150848388672,-0.027828093374244394
Castle Gate,263,12.807655334472656,70.93523406982422,0.11183158583220962
Castle Gate,264,2.319366216659546,68.82421875,0.2759380944160583
Castle Gate,265,16.13689613342285,72.10555267333984,-0.2922246116019803
Castle Gate,266,2.580110788345337,66.43241882324219,0.33465332365846856
Castle Gate,267,13.084263801574707,69.57149505615234,-0.25854773906688716
Castle Gate,268,19.012327194213867,77.44436645507812,0.13222410573562496
Castle Gate,269,17.4846134185791,82.29252624511719,-0.1701488754200515
Castle Gate,270,7.107361793518066,78.79151916503906,0.13604454382313022
Castle Gate,271,15.518633842468262,86.92057800292969,-0.18855145109694302
Castle Gate,272,38.55848693847656,68.0582504272461,0.15211558595498803
Castle Gate,273,45.99504089355469,68.10406494140625,-0.15403842047548696
Castle Gate,274,36.945186614990234,68.28265380859375,0.13502815940704832
Castle Gate,275,45.362449645996094,69.14378356933594,-0.1783431319161916
Castle Gate,276,29.809356689453125,73.9025650024414,-0.002249874857716401
Castle Gate,277,30.645259857177734,95.37149810791016,-0.0165235759052545
Castle Gate,278,16.293901443481445,80.33646392822266,0.0016061347083756276
Castle Gate,279,24.685779571533203,88.8329849243164,-0.023634632307311748
Castle Gate,280,42.972991943359375,66.7614517211914,0.3653480171750599
Castle Gate,281,6.306371688842773,81.18798828125,-0.3844557545662527
Castle Gate,282,35.922996520996094,69.09333038330078,0.33375171799235204
Castle Gate,283,9.095727920532227,81.52128601074219,-0.40668889380643164
Berea Upper Gray,0,4.297505855560303,82.42537689208984,-0.11680825981788819
Berea Upper Gray,1,64.67567443847656,79.85567474365234,0.13267905017943504
Berea Upper Gray,2,3.110459089279175,86.0727767944336,-0.09251128693803369
Berea Upper Gray,3,68.20344543457031,78.60761260986328,0.12862263027704604
Berea Upper Gray,4,4.8657989501953125,94.47785949707031,0.19979967685700678
Berea Upper Gray,5,13.038456916809082,86.05791473388672,-0.1980318832585119
Berea Upper Gray,6,2.643435001373291,90.68954467773438,0.2035397790630014
Berea Upper Gray,7,10.923656463623047,87.56861877441406,-0.19189258824273708
Berea Upper Gray,8,16.59105110168457,86.47496795654297,-0.07958350900318394
Berea Upper Gray,9,27.300317764282227,71.92809295654297,0.13041021224490235
Berea Upper Gray,10,14.541831970214844,90.9888687133789,-0.091014042070379
Berea Upper Gray,11,32.29358673095703,76.29186248779297,0.08695261948446216
Berea Upper Gray,12,14.066784858703613,72.79720306396484,0.1772178641921065
Berea Upper Gray,13,24.300792694091797,113.94329833984375,-0.16601556459349234
Berea Upper Gray,14,5.898250579833984,74.5340805053711,0.1485865464725981
Berea Upper Gray,15,15.479753494262695,102.84497833251953,-0.13911343377230645
Berea Upper Gray,16,13.027312278747559,142.21243286132812,-0.12555028882678482
Berea Upper Gray,17,24.363201141357422,69.86175537109375,0.2889735084273707
Berea Upper Gray,18,8.837011337280273,134.72372436523438,-0.14297965310993746
Berea Upper Gray,19,20.147075653076172,68.71247100830078,0.2791921339338493
Berea Upper Gray,20,13.265498161315918,76.98418426513672,-0.007900344062255947
Berea Upper Gray,21,24.02667236328125,77.80555725097656,0.09643123850294999
Berea Upper Gray,22,8.796575546264648,82.65457916259766,0.005360887749846805
Berea Upper Gray,23,25.94196319580078,82.10045623779297,-0.0010957820774891562
Berea Upper Gray,24,40.94401168823242,69.6178970336914,0.15434865010441384
Berea Upper Gray,25,50.80470275878906,68.60865783691406,-0.13387012805968224
Berea Upper Gray,26,46.77811050415039,70.77337646484375,0.1907748376691642
Berea Upper Gray,27,52.193382263183594,69.11529541015625,-0.14670404462749223
Berea Upper Gray,28,21.511425018310547,68.21598815917969,-0.08729545118219799
Berea Upper Gray,29,21.232088088989258,70.23011016845703,0.12743265451461294
Berea Upper Gray,30,18.116867065429688,69.84634399414062,-0.06965999677486456
Berea Upper Gray,31,18.401872634887695,71.43391418457031,0.11178908975946793
Berea Upper Gray,32,11.798234939575195,83.1702880859375,-0.2299406677265346
Berea Upper Gray,33,23.91803550720215,69.9112777709961,0.3238443884346136
Berea Upper Gray,34,10.491345405578613,84.63056182861328,-0.2638828522394428
Berea Upper Gray,35,31.04454231262207,68.27842712402344,0.32294181917659326
Berea Upper Gray,36,9.467569351196289,84.36751556396484,0.1348958121929435
Berea Upper Gray,37,9.046337127685547,100.14204406738281,-0.021477610262184706
Berea Upper Gray,38,14.453890800476074,88.32713317871094,0.1753138530730693
Berea Upper Gray,39,16.96864891052246,107.22017669677734,-0.0016280969910921188
Berea Upper Gray,40,43.82151412963867,70.41436767578125,0.1706726332602372
Berea Upper Gray,41,36.72614288330078,80.53457641601562,-0.14617465715027278
Berea Upper Gray,42,37.298973083496094,69.41413879394531,0.1575763660899321
Berea Upper Gray,43,35.37101745605469,78.86983489990234,-0.08669005561074998
Berea Upper Gray,44,0.7161344885826111,88.97457122802734,0.04745225761043153
Berea Upper Gray,45,4.053189754486084,76.28803253173828,0.05902653561131169
Berea Upper Gray,46,16.326705932617188,93.80767059326172,0.025832580011605495
Berea Upper Gray,47,18.769580841064453,90.41220092773438,0.1009661132421617
Berea Upper Gray,48,11.265497207641602,67.04560089111328,-0.2670051122975943
Berea Upper Gray,49,4.6112751960754395,81.41015625,0.30365371937767877
Berea Upper Gray,50,28.61847686767578,70.0673828125,-0.2376934231473347
Berea Upper Gray,51,4.558811664581299,78.49411010742188,0.309626981737364
Berea Upper Gray,52,22.161922454833984,72.98375701904297,-0.3163818346355708
Berea Upper Gray,53,11.145903587341309,63.78205108642578,0.31914012950670256
Berea Upper Gray,54,20.09339714050293,76.79840087890625,-0.309973906617035
Berea Upper Gray,55,4.807992458343506,67.97638702392578,0.3196678359300877
Berea Upper Gray,56,34.35453796386719,79.4355697631836,-0.2791666650083785
Berea Upper Gray,57,6.391528606414795,81.36953735351562,0.24693660409427043
Berea Upper Gray,58,36.09654998779297,77.36763763427734,-0.26815781949763035
Berea Upper Gray,59,4.1702985763549805,81.68103790283203,0.22120020003021398
Berea Upper Gray,60,1.4566699266433716,74.13789367675781,0.0700757210685507
Berea Upper Gray,61,37.42508316040039,77.0976333618164,0.012401243085779194
Berea Upper Gray,62,7.867442607879639,71.15060424804688,0.05373837160707763
Berea Upper Gray,63,38.91343307495117,76.67776489257812,-0.053872242423375766
Berea Upper Gray,64,35.71842575073242,94.63829040527344,-0.4017296523243797
Berea Upper Gray,65,11.487682342529297,76.44245910644531,0.42879577464771024
Berea Upper Gray,66,41.059017181396484,97.02961730957031,-0.427586180176285
Berea Upper Gray,67,6.6323957443237305,70.75735473632812,0.4380377106647181
Berea Upper Gray,68,84.52265930175781,136.9300994873047,0.2322174821581457
Berea Upper Gray,69,128.50592041015625,160.85247802734375,-0.22603655656279453
Berea Upper Gray,70,86.76455688476562,145.6603546142578,0.21084030983357432
Berea Upper Gray,71,132.9136199951172,152.75636291503906,-0.27098951729103565
Berea Upper Gray,72,65.24642944335938,116.36509704589844,0.09249453567867892
Berea Upper Gray,73,34.714168548583984,70.9591293334961,-0.02714618896502015
Berea Upper Gray,74,41.265037536621094,101.02560424804688,-0.01175071163009469
Berea Upper Gray,75,29.47286605834961,72.96895599365234,-0.017087426458743542
Berea Upper Gray,76,56.95586013793945,102.77323913574219,-0.033731117968867824
Berea Upper Gray,77,67.76362609863281,109.83455657958984,0.041630419278605446
Berea Upper Gray,78,53.60514450073242,97.94512176513672,-0.04536147025157856
Berea Upper Gray,79,49.81095504760742,106.76557159423828,0.016566673763772227
Berea Upper Gray,80,7.722530364990234,79.81109619140625,-0.23429375519774517
Berea Upper Gray,81,9.25497055053711,86.85185241699219,0.24464733787147777
Berea Upper Gray,82,8.527972221374512,82.4587173461914,-0.2723334259047994
Berea Upper Gray,83,17.794178009033203,91.8388900756836,0.23001392937471876
Berea Upper Gray,84,13.852606773376465,97.63381958007812,-0.2694792156543195
Berea Upper Gray,85,27.98927116394043,70.66901397705078,0.3959941975035183
Berea Upper Gray,86,17.506786346435547,96.33106231689453,-0.31670439361727326
Berea Upper Gray,87,27.81719207763672,72.79607391357422,0.34904664585043743
Berea Upper Gray,88,21.247512817382812,70.78963470458984,0.027003544852779192
Berea Upper Gray,89,16.683975219726562,74.23219299316406,-0.013904108025051086
Berea Upper Gray,90,27.387977600097656,69.34549713134766,0.01938696793825974
Berea Upper Gray,91,14.183753967285156,74.12672424316406,0.04239309491891318
Berea Upper Gray,92,18.95061492919922,76.8101806640625,0.090180375314631
Berea Upper Gray,93,50.033260345458984,74.2448501586914,-0.046400654642058996
Berea Upper Gray,94,20.74193572998047,79.68296813964844,0.09942095195996005
Berea Upper Gray,95,48.61846160888672,73.91060638427734,-0.058135652191165815
Berea Upper Gray,96,6.64722204208374,74.1159896850586,-0.486653379199846
Berea Upper Gray,97,35.42091369628906,61.888153076171875,0.5453381477594389
Berea Upper Gray,98,13.587602615356445,75.65647888183594,-0.4403943278844047
Berea Upper Gray,99,33.80731201171875,64.15188598632812,0.5770359666761314
Berea Upper Gray,100,169.08592224121094,143.8496551513672,-0.03346302129405819
Berea Upper Gray,101,646.02783203125,566.7123413085938,-0.022497819525685605
Berea Upper Gray,102,208.32968139648438,139.3362274169922,-0.09809106904166613
Berea Upper Gray,103,753.6591186523438,711.3972778320312,0.009645783207994557
Berea Upper Gray,104,22.67073631286621,78.6471939086914,-0.40758452612054735
Berea Upper Gray,105,16.264875411987305,94.3267593383789,0.3257345264205975
Berea Upper Gray,106,35.294837951660156,76.72671508789062,-0.44560691395758883
Berea Upper Gray,107,19.528636932373047,87.1566162109375,0.4073381077365368
Berea Upper Gray,108,43.45012664794922,118.49891662597656,-0.011923748840843523
Berea Upper Gray,109,83.88172149658203,153.7576904296875,0.02860396323954627
Berea Upper Gray,110,63.18572235107422,131.65911865234375,0.012343542635376311
Berea Upper Gray,111,65.37883758544922,139.09486389160156,0.06615564472708747
Berea Upper Gray,112,7.443966865539551,77.11636352539062,-0.06874968182505169
Berea Upper Gray,113,0.21978843212127686,88.22514343261719,0.06805524370328225
Berea Upper Gray,114,26.367380142211914,92.88909912109375,-0.007296049718463139
Berea Upper Gray,115,7.313831329345703,81.8240737915039,0.1041832551483827
Berea Upper Gray,116,15.052189826965332,83.743896484375,-0.16266122072680278
Berea Upper Gray,117,11.865988731384277,77.37061309814453,0.0962380533365516
Berea Upper Gray,118,20.854856491088867,88.06657409667969,-0.168712669595715
Berea Upper Gray,119,12.615555763244629,81.06918334960938,0.14294436043938663
Berea Upper Gray,120,18.035932540893555,64.7225570678711,-0.1532169085355341
Berea Upper Gray,121,39.63556671142578,70.03857421875,0.13409611269033708
Berea Upper Gray,122,15.720759391784668,67.845458984375,-0.1679509569934741
Berea Upper Gray,123,43.28401565551758,68.35215759277344,0.14395707467641214
Berea Upper Gray,124,5.3645734786987305,97.83145904541016,0.2602012246938511
Berea Upper Gray,125,26.361562728881836,63.94114685058594,-0.17233576130309977
Berea Upper Gray,126,1.4729188680648804,92.74044036865234,0.25180218823758144
Berea Upper Gray,127,7.92765474319458,66.77619171142578,-0.21672510247616705
Berea Upper Gray,128,10.418235778808594,76.8544921875,-0.17341182808323533
Berea Upper Gray,129,5.009954452514648,91.07215881347656,0.12013288008980984
Berea Upper Gray,130,7.409219741821289,79.29447174072266,-0.17648438895691335
Berea Upper Gray,131,0.09694807976484299,85.16960144042969,0.16382281573669796
Berea Upper Gray,132,31.035457611083984,71.24490356445312,0.08692359087265898
Berea Upper Gray,133,30.911754608154297,75.17131042480469,-0.0567192909089893
Berea Upper Gray,134,33.45026397705078,71.49583435058594,0.11038220836009004
Berea Upper Gray,135,30.498403549194336,74.0135498046875,-0.06046883306548309
Berea Upper Gray,136,45.98904037475586,68.17518615722656,0.15922115731498798
Berea Upper Gray,137,49.313838958740234,71.09324645996094,-0.18327564223827872
Berea Upper Gray,138,42.8236083984375,66.89376831054688,0.14860926906195543
Berea Upper Gray,139,46.0430793762207,70.19119262695312,-0.21148254713714004
Berea Upper Gray,140,16.563554763793945,99.25090026855469,0.1622855551818979
Berea Upper Gray,141,49.85565185546875,76.67009735107422,-0.20479030627842046
Berea Upper Gray,142,17.64279556274414,106.97345733642578,0.15989661390658383
Berea Upper Gray,143,47.812320709228516,78.3006591796875,-0.22174280757948361
Berea Upper Gray,144,25.303112030029297,64.58006286621094,-0.06683766383483868
Berea Upper Gray,145,30.219091415405273,65.93759155273438,0.0746847456004215
Berea Upper Gray,146,28.153505325317383,66.88053894042969,-0.04999318242602659
Berea Upper Gray,147,24.101804733276367,68.72235870361328,0.06998335671591939
Berea Upper Gray,148,18.12177276611328,76.42572021484375,0.06110182185208263
Berea Upper Gray,149,3.137265920639038,83.2257308959961,-0.10490639140586742
Berea Upper Gray,150,6.568687915802002,81.422607421875,0.04772685825374375
Berea Upper Gray,151,8.364012718200684,84.29769897460938,-0.10923061809017443
Berea Upper Gray,152,331.5502014160156,95.66114044189453,0.061924039826001476
Berea Upper Gray,153,200.4584503173828,84.38285827636719,-0.04214021476919757
Berea Upper Gray,154,279.99700927734375,88.53654479980469,0.12705213393186848
Berea Upper Gray,155,198.8748779296875,79.36388397216797,-0.044544658153742187
Berea Upper Gray,156,215.42518615722656,185.59071350097656,0.07952737493570299
Berea Upper Gray,157,54.660484313964844,88.55919647216797,-0.04730293683034216
Berea Upper Gray,158,223.05276489257812,168.74313354492188,0.07575030462285198
Berea Upper Gray,159,89.00902557373047,107.5982437133789,-0.06768569762110387
Berea Upper Gray,160,3.2144603729248047,81.53489685058594,-0.10121181012126136
Berea Upper Gray,161,9.341651916503906,75.66946411132812,-0.003217517631168104
Berea Upper Gray,162,4.494083881378174,83.64278411865234,-0.06005364088298198
Berea Upper Gray,163,3.913189172744751,71.44747924804688,0.008932822710728927
Berea Upper Gray,164,13.61302375793457,80.01785278320312,-0.22041007841496274
Berea Upper Gray,165,18.622207641601562,73.7213363647461,0.254312048775896
Berea Upper Gray,166,6.313284873962402,81.79023742675781,-0.18877564283283033
Berea Upper Gray,167,17.881792068481445,71.68681335449219,0.20980385852462255
Berea Upper Gray,168,5.908596038818359,71.19942474365234,-0.2596595221683185
Berea Upper Gray,169,35.50898361206055,108.20389556884766,0.2407054368686082
Berea Upper Gray,170,0.2538338899612427,75.91385650634766,-0.17823837987787744
Berea Upper Gray,171,37.09199523925781,106.65446472167969,0.31017287391651116
Berea Upper Gray,172,5.516834259033203,85.75450134277344,0.0959967381793519
Berea Upper Gray,173,40.54713439941406,102.5070571899414,-0.10574143668866157
Berea Upper Gray,174,4.921597003936768,80.12849426269531,0.10010147227609793
Berea Upper Gray,175,27.067947387695312,103.28948974609375,-0.041847806487416477
Berea Upper Gray,176,172.67098999023438,189.45985412597656,0.03455443996259356
Berea Upper Gray,177,49.1760139465332,113.6782455444336,-0.046881195094152
Berea Upper Gray,178,130.2530517578125,154.47410583496094,0.036267103698153606
Berea Upper Gray,179,80.06510162353516,157.12179565429688,-0.03630094717498485
Berea Upper Gray,180,2.928102731704712,83.21339416503906,-0.08912210462252587
Berea Upper Gray,181,44.412174224853516,100.49188995361328,0.21599092677898282
Berea Upper Gray,182,8.343514442443848,81.31499481201172,-0.14627305693976672
Berea Upper Gray,183,39.29560089111328,98.388427734375,0.17345540351850144
Berea Upper Gray,184,77.17257690429688,149.93544006347656,0.005379869764301306
Berea Upper Gray,185,43.171119689941406,112.33659362792969,-0.013428687486100953
Berea Upper Gray,186,69.90208435058594,140.89051818847656,0.03441364610635091
Berea Upper Gray,187,61.36530685424805,123.77515411376953,0.005033232254428708
Berea Upper Gray,188,3.8006653785705566,91.60923767089844,0.015076795134238787
Berea Upper Gray,189,36.78937911987305,99.20720672607422,-0.10711352031027953
Berea Upper Gray,190,10.551933288574219,91.7972183227539,0.07446536336297327
Berea Upper Gray,191,27.567977905273438,93.26939392089844,-0.08303901568936559
Berea Upper Gray,192,12.078718185424805,92.622802734375,-0.034045585539208806
Berea Upper Gray,193,3.086867094039917,90.22469329833984,-0.0330728041283319
Berea Upper Gray,194,19.424203872680664,98.71117401123047,0.0069942161213916625
Berea Upper Gray,195,2.641174554824829,92.47885131835938,-0.01589007903172268
Berea Upper Gray,196,16.49272918701172,72.75801086425781,-0.2691114798787185
Berea Upper Gray,197,10.102291107177734,86.81478118896484,0.33509597565409
Berea Upper Gray,198,9.562357902526855,73.76937866210938,-0.2846341750530738
Berea Upper Gray,199,17.4976749420166,95.40835571289062,0.33290429065833305
Berea Upper Gray,200,32.62501907348633,99.19947052001953,-0.2686653765274268
Berea Upper Gray,201,107.61161804199219,147.42236328125,0.25119799901405604
Berea Upper Gray,202,33.46306610107422,88.77520751953125,-0.3720421424704961
Berea Upper Gray,203,89.38664245605469,138.22418212890625,0.25897492365646957
Berea Upper Gray,204,25.15534019470215,79.07441711425781,-0.2816668208264552
Berea Upper Gray,205,7.159546375274658,76.28638458251953,0.2363246959671769
Berea Upper Gray,206,32.09870910644531,75.37187957763672,-0.2630526777691094
Berea Upper Gray,207,18.88368797302246,73.0876693725586,0.23131244203380666
Berea Upper Gray,208,34.46725845336914,101.7045669555664,-0.1641837652791939
Berea Upper Gray,209,45.21426773071289,83.15592956542969,0.1286064139640285
Berea Upper Gray,210,10.632345199584961,82.2316665649414,-0.12940587607956325
Berea Upper Gray,211,45.66080093383789,91.08145904541016,0.21682003084811138
Berea Upper Gray,212,253.21441650390625,300.67059326171875,-0.008127974674203446
Berea Upper Gray,213,86.16512298583984,106.9824447631836,-0.07828099585604018
Berea Upper Gray,214,305.98675537109375,372.2424011230469,0.0303058805807643
Berea Upper Gray,215,93.69837951660156,111.8266372680664,0.015595321913273745
Berea Upper Gray,216,117.1253662109375,141.37033081054688,-0.020452502201689458
Berea Upper Gray,217,106.97322082519531,131.93641662597656,0.02552699602814863
Berea Upper Gray,218,130.1677703857422,160.59823608398438,-0.02884416622124966
Berea Upper Gray,219,111.11930084228516,132.9712371826172,0.040528099779587545
Berea Upper Gray,220,26.555240631103516,74.40530395507812,-0.0644976643401513
Berea Upper Gray,221,3.2193715572357178,83.24922943115234,0.0569654553472493
Berea Upper Gray,222,30.663471221923828,74.89082336425781,-0.0036966530571806238
Berea Upper Gray,223,2.702195405960083,85.65394592285156,0.006121817470047201
Berea Sinter Gray,0,16.64365005493164,102.2104263305664,0.16169881049197812
Berea Sinter Gray,1,20.458349227905273,99.63522338867188,-0.18460522596506299
Berea Sinter Gray,2,9.680964469909668,94.88019561767578,0.16144279874465697
Berea Sinter Gray,3,6.448242664337158,94.04650115966797,-0.18532306126536519
Berea Sinter Gray,4,53.94834518432617,129.06915283203125,-0.22745911406481922
Berea Sinter Gray,5,3.493955373764038,71.22628021240234,0.2874298285440195
Berea Sinter Gray,6,62.66931915283203,145.3282470703125,-0.19383105717269783
Berea Sinter Gray,7,14.38781452178955,72.87185668945312,0.21363387099099745
Berea Sinter Gray,8,34.776451110839844,108.16845703125,0.05369481765457219
Berea Sinter Gray,9,41.53764343261719,71.42464447021484,-0.09979727077807142
Berea Sinter Gray,10,36.464271545410156,107.9354248046875,0.06397073248209531
Berea Sinter Gray,11,43.036373138427734,72.40911865234375,-0.09547582458724413
Berea Sinter Gray,12,22.715255737304688,87.15581512451172,0.2511611886885772
Berea Sinter Gray,13,63.918190002441406,108.14129638671875,-0.2432491327782154
Berea Sinter Gray,14,23.3486270904541,86.47755432128906,0.28723700552384546
Berea Sinter Gray,15,62.150428771972656,108.3605728149414,-0.22345532468376347
Berea Sinter Gray,16,30.032991409301758,91.83853149414062,-0.22391149009477135
Berea Sinter Gray,17,25.41720962524414,85.87046813964844,0.24660281698517852
Berea Sinter Gray,18,11.45407772064209,78.92876434326172,-0.21356798062330715
Berea Sinter Gray,19,35.944183349609375,93.31652069091797,0.20034868822826715
Berea Sinter Gray,20,9.239912986755371,95.18463897705078,0.0885279865727841
Berea Sinter Gray,21,225.6450653076172,247.49884033203125,-0.06765526234344296
Berea Sinter Gray,22,8.133465766906738,90.2552719116211,0.0756071535910934
Berea Sinter Gray,23,107.41454315185547,142.28025817871094,-0.12917031145503743
Berea Sinter Gray,24,10.064788818359375,78.03467559814453,-0.1789189359154322
Berea Sinter Gray,25,22.070573806762695,75.35555267333984,0.21809750043816453
Berea Sinter Gray,26,8.31991195678711,75.74942779541016,-0.17729594798893594
Berea Sinter Gray,27,28.767669677734375,71.98838806152344,0.21191099662128304
Berea Sinter Gray,28,7.023128509521484,77.45906829833984,-0.2680879437783991
Berea Sinter Gray,29,40.796321868896484,108.912841796875,0.20126431209482995
Berea Sinter Gray,30,14.308748245239258,83.61785888671875,-0.2729429206519361
Berea Sinter Gray,31,37.42961502075195,109.71359252929688,0.1960039292335103
Berea Sinter Gray,32,29.98170280456543,96.92247009277344,-0.19247696481846543
Berea Sinter Gray,33,53.04152297973633,97.73114776611328,0.16929490777390738
Berea Sinter Gray,34,22.889907836914062,93.7353744506836,-0.18217105628658292
Berea Sinter Gray,35,74.62108612060547,121.52861022949219,0.18188684138228792
Berea Sinter Gray,36,136.26361083984375,171.5705108642578,0.307014646657391
Berea Sinter Gray,37,95.75016021728516,112.79281616210938,-0.3033670459016437
Berea Sinter Gray,38,117.3642807006836,143.76904296875,0.3379094497587023
Berea Sinter Gray,39,131.18081665039062,132.00228881835938,-0.30492716662964287
Berea Sinter Gray,40,12.638618469238281,77.60031127929688,-0.09170621106534321
Berea Sinter Gray,41,36.410160064697266,98.8375473022461,0.17468268050070798
Berea Sinter Gray,42,10.231916427612305,78.65281677246094,-0.10413450770695612
Berea Sinter Gray,43,31.249242782592773,101.22627258300781,0.10320847701926772
Berea Sinter Gray,44,23.40945053100586,87.23677825927734,-0.03433411872237008
Berea Sinter Gray,45,8.171319007873535,67.1895980834961,0.0016211873934720536
Berea Sinter Gray,46,16.071849822998047,84.85172271728516,-0.003294358965192367
Berea Sinter Gray,47,8.557273864746094,72.58048248291016,0.0049671160254675505
Berea Sinter Gray,48,27.382474899291992,80.65266418457031,0.15511403562311252
Berea Sinter Gray,49,1.5785772800445557,98.93629455566406,-0.1026916661591513
Berea Sinter Gray,50,19.503469467163086,82.10152435302734,0.17143981253167678
Berea Sinter Gray,51,0.22353751957416534,97.33844757080078,-0.14083339266815806
Berea Sinter Gray,52,25.69600486755371,65.54457092285156,0.044530030650129185
Berea Sinter Gray,53,37.31440734863281,96.65814971923828,0.06246316148041941
Berea Sinter Gray,54,25.372089385986328,67.87167358398438,0.06201682964816801
Berea Sinter Gray,55,33.22650146484375,90.63102722167969,0.0707614252941411
Berea Sinter Gray,56,24.565622329711914,81.02964782714844,0.025600470056731665
Berea Sinter Gray,57,17.086008071899414,79.80130767822266,0.009991114979489056
Berea Sinter Gray,58,17.100385665893555,82.05674743652344,0.0036458819324515744
Berea Sinter Gray,59,21.375267028808594,75.56002807617188,-0.011475604397641321
Berea Sinter Gray,60,10.383024215698242,57.18218231201172,0.23050122008539167
Berea Sinter Gray,61,10.56017017364502,63.20056915283203,-0.18648369429349143
Berea Sinter Gray,62,7.104436874389648,66.48780059814453,0.17227493825409568
Berea Sinter Gray,63,16.352201461791992,63.762184143066406,-0.14972823430592452
Berea Sinter Gray,64,41.60191345214844,106.57523345947266,0.15322891819747195
Berea Sinter Gray,65,33.70938491821289,95.171142578125,-0.03130933589895052
Berea Sinter Gray,66,34.06075668334961,97.57774353027344,0.18692097084517334
Berea Sinter Gray,67,35.827178955078125,81.66992950439453,-0.12434847670663594
Berea Sinter Gray,68,2.045133113861084,77.26567840576172,-0.09640175649822436
Berea Sinter Gray,69,23.58597755432129,75.02235412597656,0.16691125727858752
Berea Sinter Gray,70,3.892273426055908,81.92479705810547,-0.08045427361129047
Berea Sinter Gray,71,16.91163444519043,76.96578979492188,0.11055461769880856
Berea Sinter Gray,72,23.128843307495117,74.49626922607422,0.4765601729705302
Berea Sinter Gray,73,23.84084129333496,76.90089416503906,-0.5186091348148865
Berea Sinter Gray,74,28.12557029724121,73.56462097167969,0.516048055225988
Berea Sinter Gray,75,14.681718826293945,80.71048736572266,-0.4842077410032492
Berea Sinter Gray,76,32.00169372558594,72.75811767578125,0.09811331755712066
Berea Sinter Gray,77,12.534139633178711,90.37842559814453,-0.008832267114436214
Berea Sinter Gray,78,27.647865295410156,72.65333557128906,0.09970599319259042
Berea Sinter Gray,79,13.336193084716797,90.13536834716797,0.028834905690986363
Berea Sinter Gray,80,61.47293472290039,108.26115417480469,-0.04590814702487301
Berea Sinter Gray,81,17.035215377807617,88.62019348144531,0.023602295910785838
Berea Sinter Gray,82,63.920265197753906,107.857666015625,-0.052205661264477794
Berea Sinter Gray,83,17.89154815673828,86.47767639160156,0.03566373677443972
Berea Sinter Gray,84,1.7378816604614258,78.96659851074219,0.08082222879064727
Berea Sinter Gray,85,27.297847747802734,91.47563171386719,-0.08655327943047507
Berea Sinter Gray,86,30.445112228393555,90.26178741455078,-0.024156066635548357
Berea Sinter Gray,87,33.42078399658203,93.8146743774414,-0.06769690159225898
Berea Sinter Gray,88,15.40866756439209,68.18009948730469,0.41086280253440144
Berea Sinter Gray,89,13.930542945861816,71.21408081054688,-0.3249732982925155
Berea Sinter Gray,90,6.405192852020264,70.14799499511719,0.39708047844795213
Berea Sinter Gray,91,7.115241050720215,72.68364715576172,-0.3478869934357185
Berea Sinter Gray,92,69.47004699707031,113.5900650024414,0.020286601951008582
Berea Sinter Gray,93,91.18276977539062,137.90823364257812,-0.025682031544001047
Berea Sinter Gray,94,76.10369110107422,112.08110809326172,-0.011625045690127267
Berea Sinter Gray,95,90.3236083984375,139.56710815429688,-0.024870606298447222
Berea Sinter Gray,96,491.5296630859375,609.7944946289062,0.16082849580866107
Berea Sinter Gray,97,115.01333618164062,176.15933227539062,-0.16019612807900127
Berea Sinter Gray,98,566.168701171875,718.6547241210938,0.16844726151457357
Berea Sinter Gray,99,135.8387908935547,212.19471740722656,-0.22044875518580695
Berea Sinter Gray,100,4.610754489898682,85.67034912109375,0.13490131355383791
Berea Sinter Gray,101,17.559696197509766,80.11878204345703,-0.18797494356230238
Berea Sinter Gray,102,3.7464568614959717,82.24913787841797,0.10726459631951775
Berea Sinter Gray,103,20.148874282836914,87.197021484375,-0.18544626305974737
Berea Sinter Gray,104,59.32628631591797,67.75254821777344,-0.05761320482327033
Berea Sinter Gray,105,17.089942932128906,80.47334289550781,0.11926260430116817
Berea Sinter Gray,106,62.729496002197266,71.29681396484375,-0.039755148105818004
Berea Sinter Gray,107,26.624202728271484,70.25113677978516,0.026174975853499798
Berea Sinter Gray,108,59.6695556640625,128.42396545410156,0.3008220249496401
Berea Sinter Gray,109,23.672582626342773,70.01566314697266,-0.3520250716824709
Berea Sinter Gray,110,73.03329467773438,134.43939208984375,0.2910796328684393
Berea Sinter Gray,111,17.179128646850586,69.61119842529297,-0.3315352525692612
Berea Sinter Gray,112,47.41845703125,71.53292846679688,-0.04577010228121649
Berea Sinter Gray,113,36.042564392089844,70.18997955322266,0.05572810017465305
Berea Sinter Gray,114,47.02460861206055,74.16065979003906,-0.039763939371421524
Berea Sinter Gray,115,27.92228126525879,72.7332763671875,0.042281897497782786
Berea Sinter Gray,116,8.317269325256348,71.83099365234375,-0.10100722200608149
Berea Sinter Gray,117,5.529902935028076,74.049560546875,0.20446367419388134
Berea Sinter Gray,118,29.243968963623047,83.24671936035156,-0.09376453986685027
Berea Sinter Gray,119,27.731063842773438,84.67781066894531,0.07638099466949166
Berea Sinter Gray,120,279.7446594238281,256.2146911621094,0.16881422196588172
Berea Sinter Gray,121,352.17919921875,314.38873291015625,-0.11776805047814483
Berea Sinter Gray,122,231.04251098632812,226.60560607910156,0.11765755564982817
Berea Sinter Gray,123,365.3475646972656,342.75048828125,-0.08724856381211903
Berea Sinter Gray,124,173.03997802734375,172.32691955566406,0.022163260340257812
Berea Sinter Gray,125,204.4231414794922,237.36917114257812,-0.00811742590938608
Berea Sinter Gray,126,193.7333984375,193.82208251953125,0.04199298400724562
Berea Sinter Gray,127,212.4801788330078,277.8704833984375,-0.022830186754408153
Berea Sinter Gray,128,1.7086257934570312,74.8439712524414,0.23860861261511476
Berea Sinter Gray,129,8.304646492004395,66.08573913574219,-0.24636580192812854
Berea Sinter Gray,130,6.228060245513916,69.21492767333984,0.29010473475963133
Berea Sinter Gray,131,7.7254252433776855,73.34439849853516,-0.30226570963709276
Berea Sinter Gray,132,35.09758377075195,100.50267791748047,0.06075399955892163
Berea Sinter Gray,133,5.902721405029297,78.49778747558594,-0.03820878585512409
Berea Sinter Gray,134,45.97354507446289,105.60883331298828,0.05796081249575863
Berea Sinter Gray,135,9.418689727783203,81.21952056884766,-0.02209242318455308
Berea Sinter Gray,136,11.470858573913574,85.11504364013672,-0.2085428737901304
Berea Sinter Gray,137,37.63170623779297,95.4241714477539,0.2184189383004165
Berea Sinter Gray,138,12.205301284790039,84.97633361816406,-0.13018988365448728
Berea Sinter Gray,139,46.495697021484375,108.94940948486328,0.206979848800971
Berea Sinter Gray,140,95.17417907714844,108.67353057861328,0.20591713209693424
Berea Sinter Gray,141,12.13449478149414,72.45513916015625,-0.270509939866253
Berea Sinter Gray,142,107.25086975097656,122.80086517333984,0.2762527684847892
Berea Sinter Gray,143,6.075525760650635,75.19149017333984,-0.24841299896998817
Berea Sinter Gray,144,3.9774961471557617,83.69210815429688,-0.023393719086164017
Berea Sinter Gray,145,32.18613052368164,98.73699188232422,0.0714152180496863
Berea Sinter Gray,146,12.5090970993042,74.78643035888672,-0.058168883849535544
Berea Sinter Gray,147,54.21471405029297,113.83956146240234,0.09043148968833944
Berea Sinter Gray,148,6.523610591888428,78.71778106689453,-0.18096253647118116
Berea Sinter Gray,149,42.751243591308594,107.67224884033203,0.22389977219472942
Berea Sinter Gray,150,13.551618576049805,81.6900863647461,-0.30712768260444434
Berea Sinter Gray,151,49.49885177612305,106.80623626708984,0.2041342540499146
Berea Sinter Gray,152,26.121932983398438,63.49672317504883,-0.13393784278581153
Berea Sinter Gray,153,10.446282386779785,75.23265075683594,0.14578091063180884
Berea Sinter Gray,154,25.428741455078125,62.29399108886719,-0.2341476606448601
Berea Sinter Gray,155,10.82199764251709,75.54319763183594,0.16094263975076473
Berea Sinter Gray,156,99.03793334960938,110.76409912109375,-0.4587042400357623
Berea Sinter Gray,157,57.04061508178711,92.62101745605469,0.5200443291996367
Berea Sinter Gray,158,102.96251678466797,106.80570220947266,-0.37247659687886675
Berea Sinter Gray,159,63.08637237548828,102.32762145996094,0.4512717107863616
Berea Sinter Gray,160,64.64811706542969,99.91987609863281,-0.16545109033210262
Berea Sinter Gray,161,13.755276679992676,71.4336929321289,0.19842859736919957
Berea Sinter Gray,162,60.259334564208984,101.63948059082031,-0.1527403868672976
Berea Sinter Gray,163,0.11457536369562149,77.35067749023438,0.10902413533559763
Berea Sinter Gray,164,16.226978302001953,68.33185577392578,-0.29453522176698743
Berea Sinter Gray,165,33.50059127807617,66.737548828125,0.18942724493234558
Berea Sinter Gray,166,15.613669395446777,68.6991195678711,-0.23180586707997078
Berea Sinter Gray,167,36.86776351928711,67.75428009033203,0.1999132264035409
Berea Sinter Gray,168,24.432634353637695,83.03778076171875,0.1177820380088625
Berea Sinter Gray,169,1.5521296262741089,90.96150970458984,-0.01853657922929438
Berea Sinter Gray,170,16.901592254638672,74.67989349365234,0.03352285231657538
Berea Sinter Gray,171,8.100146293640137,82.95291137695312,-0.04262111236162098
Berea Sinter Gray,172,1.8089758157730103,78.82041931152344,0.11445967298910872
Berea Sinter Gray,173,5.316762924194336,133.1725616455078,-0.008126885826033658
Berea Sinter Gray,174,5.739019393920898,83.6456527709961,0.1880225122948584
Berea Sinter Gray,175,14.337321281433105,104.90921783447266,0.015315184149086256
Berea Sinter Gray,176,70.15951538085938,125.75796508789062,-0.16553709252107196
Berea Sinter Gray,177,82.25867462158203,103.96158599853516,0.16540401610868316
Berea Sinter Gray,178,80.99208068847656,125.52029418945312,-0.15545415947387228
Berea Sinter Gray,179,89.59660339355469,107.48223876953125,0.17290965488016172
Berea Sinter Gray,180,6.575543403625488,71.9209976196289,-0.3691952464010802
Berea Sinter Gray,181,31.850183486938477,101.38060760498047,0.14611206231006152
Berea Sinter Gray,182,19.906282424926758,69.26043701171875,-0.2662085830412714
Berea Sinter Gray,183,21.653703689575195,88.4938735961914,0.19017614807193076
Berea Sinter Gray,184,25.84415626525879,64.96818542480469,-0.11935898929103565
Berea Sinter Gray,185,18.993139266967773,72.14651489257812,0.13394155835155014
Berea Sinter Gray,186,37.414955139160156,64.72035217285156,-0.1623742990740401
Berea Sinter Gray,187,4.574899673461914,74.46492767333984,0.1430117698606174
Berea Sinter Gray,188,65.4728012084961,124.0172119140625,-0.3354989850889748
Berea Sinter Gray,189,4.790345191955566,74.55380249023438,0.42656098403394627
Berea Sinter Gray,190,73.35334014892578,132.0076141357422,-0.3775073614803666
Berea Sinter Gray,191,0.4901790916919708,80.3236083984375,0.37467427715019724
Berea,0,26.07054901123047,107.18545532226562,-0.222642514241612
Berea,1,110.60909271240234,150.24789428710938,0.24406385042357703
Berea,2,46.35236740112305,138.0160675048828,-0.20063149486680518
Berea,3,121.64013671875,155.5481414794922,0.2697829349030518
Berea,4,0.7598986029624939,81.69012451171875,-0.3551985928941583
Berea,5,3.654494047164917,89.00981140136719,0.3492071409839889
Berea,6,1.2954967021942139,84.07207489013672,-0.3690719490646535
Berea,7,2.585242748260498,86.83672332763672,0.3494558795767568
Berea,8,1.9656951427459717,73.85212707519531,-0.04205764623566812
Berea,9,148.8365478515625,219.67770385742188,-0.036698529115926644
Berea,10,1.9006532430648804,70.71039581298828,0.0788287916100568
Berea,11,97.40753936767578,148.3285675048828,-0.10264935262815914
Berea,12,12.30390453338623,81.74571990966797,0.14504955840444228
Berea,13,12.927111625671387,95.6271743774414,-0.14719337745904146
Berea,14,24.26401138305664,84.85807037353516,0.14331214799490855
Berea,15,4.835516929626465,86.23192596435547,-0.11881164757263424
Berea,16,42.37544631958008,74.68892669677734,-0.08057522915767787
Berea,17,17.0334529876709,80.17475128173828,0.11530342186680453
Berea,18,41.09807586669922,74.0220947265625,-0.12854941630781302
Berea,19,18.0229549407959,77.98490905761719,0.05665431400539881
Berea,20,9.933649063110352,75.6582260131836,0.11478746811793786
Berea,21,7.172381401062012,71.70152282714844,-0.15026601592303807
Berea,22,8.749585151672363,79.85872650146484,0.13973604307128917
Berea,23,2.0376672744750977,79.21641540527344,-0.09931948278716135
Berea,24,28.867565155029297,71.12345123291016,-0.019675113235058238
Berea,25,13.954854965209961,76.72868347167969,0.09330157281861445
Berea,26,35.33430862426758,69.00336456298828,-0.05496889385788606
Berea,27,6.28788948059082,80.29837799072266,0.1503692515125695
Berea,28,34.02153015136719,72.21161651611328,0.052396236126620026
Berea,29,11.245454788208008,80.10686492919922,-0.05795252719179679
Berea,30,33.771942138671875,71.22726440429688,0.053199648252158935
Berea,31,18.14756965637207,82.04903411865234,-0.06509548232602584
Berea,32,4.922226428985596,91.19140625,-0.25745494452457024
Berea,33,61.73576736450195,123.87751007080078,0.19838854297521089
Berea,34,6.119226932525635,84.35765075683594,-0.2450090531955609
Berea,35,40.049503326416016,106.36756134033203,0.20792957197304787
Berea,36,72.86125183105469,114.66900634765625,-0.008973010487222047
Berea,37,21.457473754882812,80.30516052246094,-0.016496402996003013
Berea,38,61.108516693115234,115.27032470703125,-0.04473981509725265
Berea,39,6.866783618927002,76.45380401611328,0.03284100990662322
Berea,40,44.90535354614258,68.52519226074219,-0.14468238493258812
Berea,41,53.47504425048828,72.0516586303711,0.18472303261939751
Berea,42,45.09281921386719,67.07514190673828,-0.17078938889364034
Berea,43,46.965354919433594,72.85267639160156,0.2241301030734103
Berea,44,14.782988548278809,67.58830261230469,0.35298833819394604
Berea,45,11.84044361114502,71.14086151123047,-0.3302425463755776
Berea,46,20.520835876464844,69.03623962402344,0.3147665893135332
Berea,47,4.714911937713623,72.34912109375,-0.34731997240228296
Berea,48,13.280980110168457,75.98873901367188,0.19960295638890285
Berea,49,51.172584533691406,71.7607192993164,-0.16205391679861586
Berea,50,15.273409843444824,74.56143951416016,0.1881045933344118
Berea,51,45.79253387451172,68.1889877319336,-0.15810015597747198
Berea,52,68.20147705078125,133.5823974609375,0.14054890445397383
Berea,53,25.515914916992188,87.95487976074219,-0.10073009509143327
Berea,54,65.6103286743164,126.47007751464844,0.16613335549582153
Berea,55,35.69371795654297,91.96302795410156,-0.09505646450507628
Berea,56,18.50655746459961,83.21804809570312,0.15975822734772221
Berea,57,32.26182556152344,109.86426544189453,-0.06582722522986778
Berea,58,23.883953094482422,78.73321533203125,0.17066697189427044
Berea,59,18.355154037475586,98.7852783203125,-0.08498558281167307
Berea,60,6.044986248016357,69.0441665649414,-0.00817252885485073
Berea,61,48.142601013183594,68.01203155517578,0.005866692006694724
Berea,62,5.855858325958252,69.93659210205078,-0.04051318986415506
Berea,63,41.282623291015625,68.98599243164062,-0.016191175370634248
Berea,64,12.059206008911133,95.38036346435547,-0.14151856640363825
Berea,65,13.295167922973633,74.07856750488281,0.1227891856498759
Berea,66,4.3091607093811035,91.94409942626953,-0.1535448204070233
Berea,67,20.226818084716797,70.25733947753906,0.2163146068922965
Berea,68,23.843591690063477,74.43421936035156,0.011213867299204615
Berea,69,28.32628059387207,70.48245239257812,0.041213534056625804
Berea,70,19.438722610473633,69.48121643066406,-0.02985993275595545
Berea,71,33.542877197265625,73.52061462402344,-0.04260980398950446
Berea,72,2.6000382900238037,75.75659942626953,-0.18021053050900576
Berea,73,3.309253215789795,76.08683776855469,0.26483628191569236
Berea,74,8.386945724487305,69.68446350097656,-0.23877126708649554
Berea,75,6.71726131439209,78.42649841308594,0.2577444806692246
Berea,76,50.1025390625,62.16092300415039,0.16821496051813759
Berea,77,19.276060104370117,65.44358825683594,-0.13574585535018896
Berea,78,45.98295211791992,61.57585144042969,0.1978923185042659
Berea,79,21.63465690612793,68.26457977294922,-0.1396291961801206
Berea,80,19.14793586730957,67.39390563964844,-0.281756288548004
Berea,81,44.25923538208008,97.19335174560547,0.3827678757323057
Berea,82,7.227102756500244,69.23834991455078,-0.3217775252578343
Berea,83,37.7700080871582,97.36609649658203,0.37811920182679776
Berea,84,38.19807052612305,71.10083770751953,-0.2795758984492568
Berea,85,4.259637832641602,73.9023208618164,0.2741199562042152
Berea,86,41.03124237060547,71.9993667602539,-0.2466521104260688
Berea,87,2.856294631958008,73.50701904296875,0.292813365727932
Berea,88,79.9184341430664,131.66207885742188,0.14022191110945761
Berea,89,99.69717407226562,146.20449829101562,-0.11877923571764949
Berea,90,109.71173858642578,148.20455932617188,0.11682748329638863
Berea,91,105.61260986328125,152.34173583984375,-0.0928206499080199
Berea,92,29.514833450317383,86.07054138183594,-0.27201783351948955
Berea,93,112.29041290283203,123.0249252319336,0.2364649743201231
Berea,94,25.18003273010254,74.46804809570312,-0.31621308135423354
Berea,95,97.61144256591797,125.98555755615234,0.26091738112175766
Berea,96,21.384336471557617,76.72044372558594,0.05723543884765507
Berea,97,7.273731708526611,70.72279357910156,-0.013832309111571484
Berea,98,35.19166564941406,74.16309356689453,0.10530323223846305
Berea,99,11.348465919494629,68.63238525390625,-0.03423368136571662
Berea,100,43.520782470703125,70.89297485351562,-0.19766421842694898
Berea,101,0.03657215088605881,70.10969543457031,0.2003964196891691
Berea,102,35.03303909301758,70.62980651855469,-0.22839904337800887
Berea,103,3.533369779586792,68.35618591308594,0.17281253120434736
Berea,104,32.05160903930664,89.21887969970703,0.22611927121490571
Berea,105,105.76512145996094,150.64105224609375,-0.2076085900420934
Berea,106,31.928138732910156,93.19532012939453,0.22685207338089786
Berea,107,104.24880981445312,144.4271240234375,-0.3029058667967254
Berea,108,13.478727340698242,72.91490173339844,-0.3032115450058155
Berea,109,29.021770477294922,81.0046157836914,0.29801280394898866
Berea,110,18.807950973510742,75.46174621582031,-0.28576441766187494
Berea,111,20.8255558013916,80.61712646484375,0.258330113257411
Berea,112,41.565338134765625,67.86699676513672,0.1573773164638275
Berea,113,14.559075355529785,71.68336486816406,-0.10911640610694634
Berea,114,40.15519714355469,71.70989990234375,0.17442613965155077
Berea,115,18.88921546936035,70.83197021484375,-0.10254835581105527
Berea,116,31.133543014526367,94.36328125,0.21130993985377838
Berea,117,18.83856773376465,66.9878158569336,-0.234072452841903
Berea,118,24.909353256225586,89.91989135742188,0.1821942917429347
Berea,119,20.918920516967773,65.44599151611328,-0.22641436389593217
Berea,120,26.564756393432617,72.98625946044922,-0.3007550186252779
Berea,121,21.829050064086914,66.43672180175781,0.4210880933121227
Berea,122,24.54781150817871,70.98439025878906,-0.35996221668166006
Berea,123,32.61777877807617,64.98937225341797,0.33653805942356485
Berea,124,6.374077796936035,78.89620971679688,0.09606666869831142
Berea,125,2.537472724914551,77.50977325439453,-0.11402308586950222
Berea,126,13.748006820678711,80.51023864746094,0.06427995903106795
Berea,127,3.8934898376464844,76.51393127441406,-0.11291945979699608
Berea,128,15.246647834777832,68.84193420410156,0.12831763096407311
Berea,129,9.92401123046875,68.01861572265625,-0.07966356558077159
Berea,130,23.81057357788086,66.99293518066406,0.08957204532260837
Berea,131,3.0095043182373047,66.36863708496094,-0.14078825722914595
Berea,132,5.506288051605225,97.59576416015625,0.10014988789659415
Berea,133,30.319311141967773,82.0244140625,-0.08960051572178206
Berea,134,7.47463321685791,99.17137908935547,0.10301645467166341
Berea,135,40.10280990600586,76.61962127685547,-0.09019143892065358
Berea,136,37.800228118896484,73.10011291503906,0.03554792677514181
Berea,137,59.555511474609375,109.50203704833984,-0.007045286027297307
Berea,138,39.832664489746094,71.64525604248047,0.07184180763961914
Berea,139,47.87330627441406,105.9359130859375,-0.04819113977989845
Berea,140,69.96875762939453,117.96249389648438,0.16147615847100374
Berea,141,59.516357421875,113.51805114746094,-0.0843870250648439
Berea,142,57.99095916748047,116.7467041015625,0.08595119652660525
Berea,143,63.284088134765625,115.70479583740234,-0.1461662052620828
Berea,144,59.242889404296875,74.3006591796875,0.21449740356836497
Berea,145,36.87898635864258,77.77641296386719,-0.17835803758389598
Berea,146,59.103675842285156,75.32805633544922,0.17458639022701172
Berea,147,38.8575553894043,77.32476043701172,-0.13356321753370892
Berea,148,33.729522705078125,77.22115325927734,-0.22002879936121064
Berea,149,39.217041015625,73.64238739013672,0.23023212895581313
Berea,150,30.39917755126953,79.05537414550781,-0.280473991185962
Berea,151,35.44717788696289,74.25724029541016,0.2605591122469373
Berea,152,18.429506301879883,75.9754867553711,0.16744481081816842
Berea,153,38.680789947509766,68.63945007324219,-0.19383681804722477
Berea,154,22.081628799438477,72.02986145019531,0.16623207272724488
Berea,155,36.84141159057617,69.41799926757812,-0.14646304531608723
Berea,156,102.28734588623047,153.62078857421875,-0.14808275832712994
Berea,157,11.488482475280762,74.88729095458984,0.2708411049887849
Berea,158,95.07654571533203,137.6594696044922,-0.17129122737048014
Berea,159,20.31551742553711,80.6667709350586,0.2784077019611027
Berea,160,0.4542156457901001,80.28858947753906,0.04817574776541587
Berea,161,166.53675842285156,206.2865753173828,-0.11089500214083671
Berea,162,13.116066932678223,92.53255462646484,-0.014614456942805538
Berea,163,179.46847534179688,225.3359375,-0.0915828703529058
Berea,164,120.05946350097656,174.04705810546875,0.08926841996366983
Berea,165,34.802249908447266,102.48851013183594,0.023199185591734072
Berea,166,98.65951538085938,151.82984924316406,0.06089194145382481
Berea,167,45.20711135864258,109.8761215209961,-0.004960031003735872
Berea,168,15.369251251220703,69.55562591552734,0.05746153733541635
Berea,169,13.508496284484863,75.22022247314453,-0.1096739741866832
Berea,170,17.784711837768555,69.97282409667969,0.12826872763853484
Berea,171,17.049283981323242,71.93560028076172,-0.08899499267319548
Berea,172,29.909442901611328,72.26988220214844,-0.10851967638240392
Berea,173,30.338409423828125,65.7520523071289,0.11960701487485144
Berea,174,31.30060386657715,70.73251342773438,-0.11949135927844605
Berea,175,31.85816764831543,65.8178939819336,0.057144538886135604
Berea,176,12.392951011657715,71.75069427490234,-0.3199786919296678
Berea,177,31.13603973388672,69.61100769042969,0.35740167713223525
Berea,178,1.6751751899719238,75.91729736328125,-0.3579858339975046
Berea,179,32.94003677368164,70.3876724243164,0.3495405089776435
Berea,180,1.0709600448608398,78.6669692993164,-0.17015289030805653
Berea,181,15.394574165344238,79.41887664794922,0.15624265193294115
Berea,182,12.655057907104492,71.8914794921875,-0.16217192223281038
Berea,183,15.513900756835938,73.64983367919922,0.1605427017657278
Berea,184,39.62754440307617,92.8937759399414,0.3447502681243462
Berea,185,37.411190032958984,74.15155029296875,-0.2869889165834095
Berea,186,58.34088134765625,108.84002685546875,0.32602843734621667
Berea,187,24.914621353149414,74.44781494140625,-0.29445793141889925
Berea,188,20.39753532409668,78.95655822753906,-0.2881708747864769
Berea,189,5.293950080871582,94.75165557861328,0.24680050575044474
Berea,190,13.548696517944336,81.43623352050781,-0.26254346046689164
Berea,191,5.0270819664001465,89.75171661376953,0.2734618134194375
Berea,192,22.8244686126709,101.22469329833984,-0.03780506333736974
Berea,193,17.758955001831055,87.99378204345703,0.12635708953576102
Berea,194,49.68434143066406,123.39397430419922,-0.1087567149392192
Berea,195,21.924190521240234,80.35567474365234,0.07703608189120498
Berea,196,20.693796157836914,81.3290786743164,-0.07445008683127165
Berea,197,41.98112869262695,78.30989837646484,0.03324054624893759
Berea,198,14.606807708740234,82.25505828857422,-0.030690416239670767
Berea,199,45.288047790527344,74.79224395751953,0.04264735495112766
Berea,200,0.9403716325759888,82.07078552246094,-0.22696815534106082
Berea,201,6.056027889251709,78.90691375732422,0.2650495890306155
Berea,202,8.815947532653809,80.23931121826172,-0.2153781107226229
Berea,203,13.243009567260742,86.02842712402344,0.15816189122953664
Berea,204,5.758606433868408,79.29936218261719,-0.19371852107755577
Berea,205,5.060492992401123,79.40327453613281,0.2375290544842899
Berea,206,1.7115280628204346,82.86701202392578,-0.19082833613812886
Berea,207,15.24913215637207,77.19462585449219,0.25511079285865373
Berea,208,9.090353965759277,68.4854965209961,0.04039395430671224
Berea,209,71.71612548828125,146.35818481445312,-0.05657373514896422
Berea,210,10.374094009399414,68.71721649169922,0.0666977887745883
Berea,211,47.03632736206055,122.15347290039062,-0.015288253768182767
Berea,212,4.875341892242432,80.5932846069336,0.17030674395524537
Berea,213,32.62942123413086,82.64923095703125,-0.17776871581857157
Berea,214,19.554668426513672,86.21176147460938,0.19694226069776352
Berea,215,27.357152938842773,84.60352325439453,-0.1789332195205581
Berea,216,2.294997215270996,78.38272094726562,-0.08132470091190405
Berea,217,17.305320739746094,67.91857147216797,0.17828706493448124
Berea,218,7.028810024261475,77.70559692382812,-0.08843574688796384
Berea,219,24.16472625732422,67.43460083007812,0.12061763134414538
Berea,220,7.522675514221191,77.97747039794922,0.17352571081273604
Berea,221,31.57209014892578,73.6375961303711,-0.1844237059553946
Berea,222,2.7450573444366455,79.15210723876953,0.11850315574035628
Berea,223,35.79328155517578,74.198974609375,-0.16902777308976527
