Dataset,Sample_Index,Bias_Error_,Magnitude_Error_,Correlation
Spherical Pores,0,2.670717477798462,30.455476760864258,0.9131941316746327
Spherical Pores,1,1.0851598978042603,29.836442947387695,0.9150327259867229
Spherical Pores,2,4.051265716552734,28.783031463623047,0.9128553200614299
Spherical Pores,3,5.294434547424316,26.867664337158203,0.9310548172029401
Spherical Pores,4,10.343741416931152,32.30184555053711,0.9369926302953332
Spherical Pores,5,11.986141204833984,31.99654769897461,0.9370459229418048
Spherical Pores,6,10.613812446594238,30.340490341186523,0.946563087957708
Spherical Pores,7,10.84762954711914,30.973154067993164,0.9457925403181136
Spherical Pores,8,4.57656192779541,41.24199676513672,0.8579261709454693
Spherical Pores,9,4.927356719970703,39.487125396728516,0.8633206037401178
Spherical Pores,10,5.45076847076416,40.93572998046875,0.8691300249185053
Spherical Pores,11,7.196755409240723,43.06856155395508,0.8582404942965643
Spherical Pores,12,10.838889122009277,25.996553421020508,0.9424809647892698
Spherical Pores,13,14.07088851928711,28.003664016723633,0.9367518851940768
Spherical Pores,14,15.183815002441406,26.460796356201172,0.9470964987417535
Spherical Pores,15,12.879830360412598,26.300745010375977,0.9411708451116253
Spherical Pores,16,0.0005038760718889534,37.96073532104492,0.8819479442964688
Spherical Pores,17,2.611260414123535,37.08616638183594,0.8761943262432282
Spherical Pores,18,5.4125494956970215,37.167301177978516,0.8978388452178913
Spherical Pores,19,0.08593437820672989,35.78535079956055,0.8877187902316246
Spherical Pores,20,1.8670958280563354,32.93701171875,0.904063577930891
Spherical Pores,21,1.7149256467819214,30.448575973510742,0.9157396026182001
Spherical Pores,22,0.6448744535446167,29.726194381713867,0.9023244032444268
Spherical Pores,23,4.339518070220947,34.98350524902344,0.8973130341786387
Spherical Pores,24,8.84073257446289,45.789947509765625,0.8423786795780112
Spherical Pores,25,14.198833465576172,41.95962142944336,0.861325809786612
Spherical Pores,26,9.318524360656738,40.406455993652344,0.8696452699277976
Spherical Pores,27,7.555743217468262,42.771522521972656,0.862974324876742
Spherical Pores,28,26.186491012573242,68.11632537841797,0.7776132742397333
Spherical Pores,29,20.127321243286133,64.59656524658203,0.7590045975972793
Spherical Pores,30,26.39377212524414,63.788822174072266,0.7694275189893169
Spherical Pores,31,21.39581298828125,67.02196502685547,0.7789535684702047
Spherical Pores,32,3.9415807723999023,18.374774932861328,0.9661952926486208
Spherical Pores,33,1.7812190055847168,19.001903533935547,0.9616481647545503
Spherical Pores,34,2.7212111949920654,20.517072677612305,0.9601558076974633
Spherical Pores,35,1.1935677528381348,19.075441360473633,0.9612303519291213
Spherical Pores,36,1.1972769498825073,17.74982452392578,0.9670358173263036
Spherical Pores,37,0.6200178265571594,21.416948318481445,0.9542836983106037
Spherical Pores,38,1.710801124572754,19.98394012451172,0.9571288586813248
Spherical Pores,39,0.8440840244293213,18.6051082611084,0.9660868717132627
Spherical Pores,40,2.4088613986968994,16.22216796875,0.969720304966537
Spherical Pores,41,0.54931640625,15.433375358581543,0.9709741759613457
Spherical Pores,42,0.017392026260495186,14.60391902923584,0.9732721104285164
Spherical Pores,43,0.10400167852640152,16.911527633666992,0.9645469330333839
Spherical Pores,44,0.7441784739494324,22.716318130493164,0.9558865894444851
Spherical Pores,45,2.2189502716064453,24.796167373657227,0.9443604161514016
Spherical Pores,46,0.6662970185279846,22.216663360595703,0.956931529752024
Spherical Pores,47,0.5948556661605835,22.831249237060547,0.9559864027361792
Spherical Pores,48,2.798006534576416,29.276395797729492,0.9168757301518021
Spherical Pores,49,5.804182052612305,29.984905242919922,0.9156385996380899
Spherical Pores,50,2.08713698387146,31.096017837524414,0.8986154693326315
Spherical Pores,51,5.342236518859863,32.018917083740234,0.9014033310564964
Spherical Pores,52,1.6419519186019897,29.758037567138672,0.9057237759448303
Spherical Pores,53,4.657907962799072,27.825546264648438,0.908124885001498
Spherical Pores,54,5.115138053894043,27.825593948364258,0.8978069555999236
Spherical Pores,55,1.5896085500717163,26.52056312561035,0.9162404730287033
Spherical Pores,56,21.17096519470215,37.609275817871094,0.9132825013496628
Spherical Pores,57,20.915454864501953,37.53049087524414,0.912507849345671
Spherical Pores,58,18.563793182373047,34.23134994506836,0.9258828949237011
Spherical Pores,59,19.137603759765625,35.845951080322266,0.9144479304879845
Spherical Pores,60,26.076339721679688,54.590370178222656,0.8649818205758557
Spherical Pores,61,31.935949325561523,53.77793502807617,0.88484006002696
Spherical Pores,62,33.35979080200195,52.70992660522461,0.8926454609307477
Spherical Pores,63,34.73389434814453,53.797176361083984,0.8880741304149591
Spherical Pores,64,7.835279941558838,11.3578462600708,0.9865100802385165
Spherical Pores,65,7.3765435218811035,11.656436920166016,0.984459199920217
Spherical Pores,66,5.963676929473877,10.628507614135742,0.9859659307940438
Spherical Pores,67,6.946805477142334,10.257597923278809,0.9884414114856808
Spherical Pores,68,1.80942964553833,15.75545597076416,0.9679885061649229
Spherical Pores,69,1.780117392539978,15.443795204162598,0.9687198663958988
Spherical Pores,70,1.559502363204956,15.768876075744629,0.9670878763104338
Spherical Pores,71,2.2035868167877197,15.255741119384766,0.9693691315568035
Spherical Pores,72,30.558238983154297,31.22800064086914,0.9852341616985083
Spherical Pores,73,30.1960506439209,30.810327529907227,0.9845649856996058
Spherical Pores,74,28.39616584777832,29.31801986694336,0.9829977208642364
Spherical Pores,75,28.87972640991211,29.982025146484375,0.9822242720300908
Spherical Pores,76,1.174443244934082,12.065247535705566,0.9801107346955926
Spherical Pores,77,1.1644511222839355,12.845430374145508,0.9777231934947868
Spherical Pores,78,1.7904703617095947,12.168683052062988,0.9798652833350753
Spherical Pores,79,0.4435999095439911,11.465913772583008,0.9811196621123875
Spherical Pores,80,2.216484546661377,11.119547843933105,0.9865784356874238
Spherical Pores,81,0.08422385901212692,10.87893009185791,0.9873578994437489
Spherical Pores,82,0.8500548005104065,10.979470252990723,0.9863736768397302
Spherical Pores,83,0.5742287039756775,9.459280967712402,0.9896994495485638
Spherical Pores,84,2.164726972579956,15.615640640258789,0.9690171501687755
Spherical Pores,85,1.8195276260375977,14.346771240234375,0.9765386612743913
Spherical Pores,86,2.5615830421447754,13.581958770751953,0.9774165879103416
Spherical Pores,87,0.8548447489738464,13.39157772064209,0.976447782815913
Spherical Pores,88,3.659255266189575,9.708986282348633,0.9896851139877221
Spherical Pores,89,4.297934055328369,11.475887298583984,0.9859613313181331
Spherical Pores,90,3.1980602741241455,11.148670196533203,0.9845716684662316
Spherical Pores,91,5.164007663726807,10.986796379089355,0.9868803419150887
Spherical Pores,92,17.088106155395508,22.47536849975586,0.976430832908497
Spherical Pores,93,17.100055694580078,21.17228126525879,0.9796979568673571
Spherical Pores,94,16.781158447265625,21.641395568847656,0.9756124869423435
Spherical Pores,95,18.314395904541016,21.157020568847656,0.9754985897511632
Spherical Pores,96,13.560770034790039,15.239053726196289,0.9898112193296512
Spherical Pores,97,13.727545738220215,15.382832527160645,0.989252971904594
Spherical Pores,98,12.070311546325684,13.98221492767334,0.9901421135099461
Spherical Pores,99,12.231932640075684,14.196850776672363,0.9884298300277896
Spherical Pores,100,1.3228139877319336,7.430065155029297,0.9908168525604617
Spherical Pores,101,0.35827863216400146,8.117563247680664,0.98925084889268
Spherical Pores,102,0.6802337169647217,7.886081695556641,0.9898996721798483
Spherical Pores,103,0.5518251657485962,7.898674964904785,0.9892846405035232
Spherical Pores,104,13.630125045776367,15.724112510681152,0.9863386068514416
Spherical Pores,105,12.621199607849121,15.585455894470215,0.9816611681348912
Spherical Pores,106,12.70047378540039,15.544005393981934,0.9825513301756704
Spherical Pores,107,12.950997352600098,15.242706298828125,0.9844778333207455
Spherical Pores,108,4.19564151763916,7.98341703414917,0.9907288987156083
Spherical Pores,109,3.5154974460601807,7.477790832519531,0.9912202608644924
Spherical Pores,110,3.6117961406707764,7.60313081741333,0.9911021438566713
Spherical Pores,111,4.646570205688477,8.005210876464844,0.9909033560407424
Spherical Pores,112,4.300782680511475,11.601631164550781,0.9808410718112369
Spherical Pores,113,4.884308338165283,11.842057228088379,0.9797852281549655
Spherical Pores,114,3.2205452919006348,12.652276992797852,0.9769909808569581
Spherical Pores,115,2.763558864593506,12.862787246704102,0.9755001423910103
Spherical Pores,116,9.986794471740723,12.521284103393555,0.9822604446176352
Spherical Pores,117,9.137436866760254,12.546603202819824,0.9810781874923061
Spherical Pores,118,8.407122611999512,11.448732376098633,0.9844320484737878
Spherical Pores,119,10.167969703674316,11.79272174835205,0.9860732248826382
Spherical Pores,120,4.5388994216918945,9.978862762451172,0.9861559765138602
Spherical Pores,121,5.083703994750977,9.711983680725098,0.9884569517709115
Spherical Pores,122,5.662928581237793,9.360769271850586,0.9909171664269456
Spherical Pores,123,3.5820140838623047,8.878894805908203,0.9891875222266922
Spherical Pores,124,9.576384544372559,12.329935073852539,0.9856000228118571
Spherical Pores,125,9.494915008544922,12.097746849060059,0.9862514266494855
Spherical Pores,126,10.649435997009277,12.674249649047852,0.9884482427684094
Spherical Pores,127,9.688691139221191,12.245692253112793,0.9880864690445547
Spherical Grains,0,61.62617111206055,58.72551727294922,0.7874925387449122
Spherical Grains,1,66.25032043457031,64.51414489746094,0.807736838073656
Spherical Grains,2,68.82318878173828,68.71406555175781,0.8282580178953628
Spherical Grains,3,64.54737854003906,62.341529846191406,0.8139314830449609
Spherical Grains,4,38.34843063354492,39.11528778076172,0.9398417636395646
Spherical Grains,5,42.57683563232422,43.81315231323242,0.9371944700940604
Spherical Grains,6,44.50012969970703,46.09577941894531,0.9426763201140392
Spherical Grains,7,44.380313873291016,45.062564849853516,0.9183631772477878
Spherical Grains,8,56.624019622802734,60.817413330078125,0.8016270523473452
Spherical Grains,9,59.189903259277344,63.13365936279297,0.8371057645468488
Spherical Grains,10,53.98152542114258,56.076263427734375,0.8657570245828381
Spherical Grains,11,50.04568099975586,52.736812591552734,0.8314825292358862
Spherical Grains,12,76.4217758178711,72.0466079711914,0.7147594334084987
Spherical Grains,13,58.82146072387695,57.896568298339844,0.8413452132200332
Spherical Grains,14,64.14762878417969,61.383724212646484,0.6111325465998498
Spherical Grains,15,71.17681884765625,68.93936920166016,0.6683946519644187
Spherical Grains,16,62.39322280883789,69.32120513916016,0.423442040220726
Spherical Grains,17,57.23789978027344,65.52046966552734,0.584581391206874
Spherical Grains,18,53.661582946777344,60.410919189453125,0.5566195676582172
Spherical Grains,19,48.081722259521484,67.41830444335938,0.4432827925160996
Spherical Grains,20,54.929962158203125,56.16360092163086,0.8518386803098642
Spherical Grains,21,53.48009490966797,53.55794143676758,0.8623665600419619
Spherical Grains,22,54.979515075683594,56.29543685913086,0.7985744062768074
Spherical Grains,23,54.80288314819336,55.97929000854492,0.8385885488760814
Spherical Grains,24,674.9573364257812,1002.8402709960938,0.16812839024163645
Spherical Grains,25,634.5552978515625,1059.62939453125,0.20600538457225986
Spherical Grains,26,498.8501892089844,863.5693359375,0.20835093499082766
Spherical Grains,27,415.1607971191406,716.4034423828125,0.15449204556169255
Spherical Grains,28,0.18251283466815948,69.38363647460938,0.22871987358702298
Spherical Grains,29,17.758129119873047,70.56188201904297,0.15398869120360695
Spherical Grains,30,13.973100662231445,76.05591583251953,0.3118985678458463
Spherical Grains,31,24.360443115234375,64.92941284179688,0.45591294061447574
Spherical Grains,32,46.855159759521484,58.510074615478516,0.5456007159318106
Spherical Grains,33,33.057777404785156,58.79917526245117,0.6834062712709742
Spherical Grains,34,25.107650756835938,58.68489074707031,0.7112223214430545
Spherical Grains,35,28.268497467041016,52.69020080566406,0.6859534738031023
Spherical Grains,36,66.31908416748047,69.96043395996094,0.47423246612486536
Spherical Grains,37,54.96990966796875,68.3894271850586,0.4751340978384982
Spherical Grains,38,60.025638580322266,74.01058197021484,0.48408101932782127
Spherical Grains,39,47.77334976196289,64.84075164794922,0.603726751357522
Spherical Grains,40,51.625736236572266,59.3756217956543,0.852983934508534
Spherical Grains,41,46.50584411621094,52.55146026611328,0.8818765700162757
Spherical Grains,42,42.220699310302734,47.530235290527344,0.8948746499876444
Spherical Grains,43,46.69406509399414,50.883140563964844,0.9019188720175323
Spherical Grains,44,24.840131759643555,37.2208251953125,0.8693579248340522
Spherical Grains,45,28.21848487854004,39.93650436401367,0.8522387867415412
Spherical Grains,46,32.038795471191406,42.62287139892578,0.8468657746697298
Spherical Grains,47,33.55193328857422,42.59770202636719,0.8275016831879473
Spherical Grains,48,66.7181167602539,64.7325439453125,0.8920276479418993
Spherical Grains,49,70.30206298828125,70.01473236083984,0.8971337946047317
Spherical Grains,50,63.818870544433594,62.32905578613281,0.9339881620594687
Spherical Grains,51,67.19413757324219,64.96177673339844,0.9159549737710774
Spherical Grains,52,32.97603225708008,42.23713684082031,0.791012510740406
Spherical Grains,53,21.59178924560547,38.46710205078125,0.8125061850812562
Spherical Grains,54,32.11981201171875,42.96754455566406,0.7833252100152958
Spherical Grains,55,34.20429229736328,42.39277648925781,0.8159689446340144
Spherical Grains,56,67.2905502319336,65.93212890625,0.8206364850452073
Spherical Grains,57,56.289817810058594,59.18074417114258,0.7517510887801891
Spherical Grains,58,59.58659362792969,59.000186920166016,0.7342646161960742
Spherical Grains,59,63.876731872558594,62.84672164916992,0.7332017134067879
Spherical Grains,60,10.458013534545898,69.38143920898438,0.13980089355708997
Spherical Grains,61,51.650062561035156,66.30953216552734,0.0062922927390966525
Spherical Grains,62,24.183454513549805,66.2506332397461,0.05942605394897148
Spherical Grains,63,23.696462631225586,68.74776458740234,0.1686512699748982
Spherical Grains,64,24.865007400512695,47.54630661010742,0.8489367420766558
Spherical Grains,65,15.985494613647461,42.41013717651367,0.8454682093179807
Spherical Grains,66,24.031906127929688,56.19780349731445,0.7935083278065629
Spherical Grains,67,21.207996368408203,49.538612365722656,0.8454928158490048
Spherical Grains,68,43.47738265991211,44.07433319091797,0.9259140488630356
Spherical Grains,69,45.633094787597656,46.46028137207031,0.9361492056539215
Spherical Grains,70,47.10075378417969,48.26163864135742,0.9200537965013322
Spherical Grains,71,43.22643280029297,44.311771392822266,0.9066460565584182
Spherical Grains,72,52.289371490478516,57.33616256713867,0.7990113571788485
Spherical Grains,73,46.22529220581055,52.187686920166016,0.8200811985258958
Spherical Grains,74,45.988197326660156,49.298423767089844,0.85326490715949
Spherical Grains,75,51.63209533691406,57.24679946899414,0.7932312235452604
Spherical Grains,76,66.94002532958984,66.49478912353516,0.8690138416218716
Spherical Grains,77,67.27208709716797,66.5765380859375,0.8308631550840881
Spherical Grains,78,72.53099060058594,72.23092651367188,0.7821076911375818
Spherical Grains,79,69.21733856201172,69.25999450683594,0.8702816811266266
Spherical Grains,80,63.02535629272461,63.2463264465332,0.9243643226161322
Spherical Grains,81,59.17319107055664,58.253726959228516,0.9257515084955709
Spherical Grains,82,66.10185241699219,65.61212158203125,0.9089957595013077
Spherical Grains,83,69.6798324584961,70.43486785888672,0.8986459916217532
Spherical Grains,84,33.551673889160156,51.79603576660156,0.8822891373078093
Spherical Grains,85,19.413053512573242,37.51020812988281,0.926115031514244
Spherical Grains,86,19.42399787902832,32.31964874267578,0.9376265814208128
Spherical Grains,87,32.05739212036133,45.465476989746094,0.8908215597760849
Spherical Grains,88,37.480262756347656,37.140220642089844,0.975658662791969
Spherical Grains,89,35.56215286254883,35.932682037353516,0.9706423407978837
Spherical Grains,90,33.10255432128906,34.32523727416992,0.9714538889606561
Spherical Grains,91,31.943029403686523,32.894493103027344,0.9686303005332708
Spherical Grains,92,21.950239181518555,37.790218353271484,0.8877025814083774
Spherical Grains,93,28.97980308532715,42.68044662475586,0.8740429864715431
Spherical Grains,94,29.633075714111328,48.62269592285156,0.8142157281357737
Spherical Grains,95,28.216264724731445,42.163818359375,0.8755446618909085
Spherical Grains,96,15.955628395080566,21.954553604125977,0.9744033555428072
Spherical Grains,97,17.26682472229004,22.371395111083984,0.9763198163761482
Spherical Grains,98,13.65975570678711,18.922189712524414,0.9787032840325751
Spherical Grains,99,15.418978691101074,21.909542083740234,0.9745757511317984
Spherical Grains,100,30.950130462646484,36.94731140136719,0.9356241306255957
Spherical Grains,101,29.654239654541016,36.83601760864258,0.9223329094757444
Spherical Grains,102,25.889650344848633,32.7120361328125,0.941856456385719
Spherical Grains,103,27.23012351989746,33.3065071105957,0.9346462328163451
Spherical Grains,104,8.16064739227295,24.049150466918945,0.9218180237795509
Spherical Grains,105,7.207065105438232,23.249404907226562,0.9162208703236403
Spherical Grains,106,5.383795738220215,23.62434959411621,0.917490001213822
Spherical Grains,107,7.308383464813232,23.73275375366211,0.9216564720415732
Spherical Grains,108,14.209395408630371,33.61841583251953,0.8758513226199127
Spherical Grains,109,15.455448150634766,39.32318115234375,0.8392912869676284
Spherical Grains,110,13.999774932861328,30.276077270507812,0.8848964244537083
Spherical Grains,111,9.905582427978516,30.327423095703125,0.8858392008246747
Spherical Grains,112,20.24265480041504,21.972917556762695,0.920539098899116
Spherical Grains,113,27.307865142822266,27.810035705566406,0.9316538474665702
Spherical Grains,114,23.910186767578125,25.212501525878906,0.9313269245610586
Spherical Grains,115,23.40939712524414,24.350601196289062,0.9323763495735947
Spherical Grains,116,22.57077407836914,25.015201568603516,0.9775087983577437
Spherical Grains,117,19.66204261779785,23.368507385253906,0.9648694627563755
Spherical Grains,118,20.690107345581055,24.047826766967773,0.9661682135002786
Spherical Grains,119,23.213041305541992,26.382904052734375,0.9618528397521643
Spherical Grains,120,22.65465545654297,32.455238342285156,0.8986242748655695
Spherical Grains,121,21.206485748291016,27.844802856445312,0.9423038321938706
Spherical Grains,122,30.54056739807129,38.51594161987305,0.9072705276201134
Spherical Grains,123,24.930404663085938,36.92049026489258,0.8955642156689458
Spherical Grains,124,31.713266372680664,44.113677978515625,0.802394106833329
Spherical Grains,125,24.387540817260742,42.434322357177734,0.819333189424015
Spherical Grains,126,25.775577545166016,41.28246307373047,0.827625586881001
Spherical Grains,127,22.494356155395508,41.764862060546875,0.8254124109722267
Cylindrical Pores,0,79.02409362792969,79.43305206298828,0.9011991184919608
Cylindrical Pores,1,78.0360336303711,77.8261489868164,0.9117452132899129
Cylindrical Pores,2,78.08488464355469,78.88859558105469,0.9014393026277082
Cylindrical Pores,3,78.02842712402344,77.87010192871094,0.8705825791763504
Cylindrical Pores,4,49.17472457885742,68.0635757446289,0.6447337268493831
Cylindrical Pores,5,51.37854766845703,66.88069915771484,0.7817017151067863
Cylindrical Pores,6,52.548919677734375,63.79505920410156,0.8297524422196493
Cylindrical Pores,7,55.820411682128906,66.87252044677734,0.753129644525133
Cylindrical Pores,8,63.01081848144531,61.70960235595703,0.8235990304281142
Cylindrical Pores,9,59.48417663574219,59.832096099853516,0.7917600319769315
Cylindrical Pores,10,57.938133239746094,57.52559280395508,0.8051609458291877
Cylindrical Pores,11,60.06208801269531,59.328834533691406,0.7995955982440616
Cylindrical Pores,12,69.91233825683594,69.15522003173828,0.6039735064040296
Cylindrical Pores,13,61.46674346923828,60.98585510253906,0.6274625862288207
Cylindrical Pores,14,70.56224060058594,69.54121398925781,0.6608739612475557
Cylindrical Pores,15,73.27690887451172,69.67732238769531,0.7000160444716421
Cylindrical Pores,16,67.80823516845703,83.13744354248047,0.40285723651227023
Cylindrical Pores,17,61.94840621948242,83.29902648925781,0.2516203798338927
Cylindrical Pores,18,62.73883056640625,75.1220703125,0.49280195634436186
Cylindrical Pores,19,65.57445526123047,76.68766784667969,0.48961904260274636
Cylindrical Pores,20,71.83285522460938,72.17448425292969,0.7399629447063107
Cylindrical Pores,21,71.88611602783203,71.07880401611328,0.8162103352019473
Cylindrical Pores,22,70.65872192382812,70.64900207519531,0.8802925486161789
Cylindrical Pores,23,68.07644653320312,67.98881530761719,0.822802104329973
Cylindrical Pores,24,78.12935638427734,77.73072814941406,0.8556159701267533
Cylindrical Pores,25,78.81690979003906,78.6444091796875,0.8575151095081477
Cylindrical Pores,26,76.78446197509766,76.5902328491211,0.8576447717333344
Cylindrical Pores,27,79.64421081542969,79.58744812011719,0.9078514109140874
Cylindrical Pores,28,35.312294006347656,69.36243438720703,0.6420592189596057
Cylindrical Pores,29,32.60238265991211,71.3670883178711,0.5765549071190836
Cylindrical Pores,30,16.64325523376465,59.26346969604492,0.7469075692478103
Cylindrical Pores,31,25.068801879882812,56.851295471191406,0.7734586065913094
Cylindrical Pores,32,47.848960876464844,56.207481384277344,0.8432741061791288
Cylindrical Pores,33,51.19487762451172,63.35024642944336,0.7345171979987509
Cylindrical Pores,34,57.468753814697266,70.51763916015625,0.6245369249548487
Cylindrical Pores,35,54.29811096191406,64.1436996459961,0.7317341425021658
Cylindrical Pores,36,68.47911071777344,68.84545135498047,0.8012832377222384
Cylindrical Pores,37,65.63675689697266,65.21297454833984,0.7378661622327108
Cylindrical Pores,38,64.96572875976562,64.71409606933594,0.8094046160473664
Cylindrical Pores,39,64.9893798828125,64.41417694091797,0.7714236262674993
Cylindrical Pores,40,46.842281341552734,57.31293487548828,0.44465318384391217
Cylindrical Pores,41,61.03253173828125,58.63276672363281,0.4046881543175224
Cylindrical Pores,42,37.4598503112793,79.75745391845703,0.047190413940525054
Cylindrical Pores,43,44.99753952026367,65.2020492553711,0.3141368031163682
Cylindrical Pores,44,51.51462173461914,70.82623291015625,0.5911706970695406
Cylindrical Pores,45,52.90687942504883,73.63124084472656,0.5528182143243904
Cylindrical Pores,46,51.59390640258789,77.63484191894531,0.4722507767597222
Cylindrical Pores,47,46.99933624267578,76.454345703125,0.4735383281323928
Cylindrical Pores,48,23.83555030822754,51.52564239501953,0.7203171727936879
Cylindrical Pores,49,24.65114974975586,50.443397521972656,0.6932132850834388
Cylindrical Pores,50,24.34246063232422,53.34092330932617,0.6964952966808633
Cylindrical Pores,51,26.653371810913086,56.93372344970703,0.6263274525721362
Cylindrical Pores,52,13.404881477355957,36.06877517700195,0.7818479713262166
Cylindrical Pores,53,14.782551765441895,39.058937072753906,0.7217210428104931
Cylindrical Pores,54,19.983278274536133,37.955848693847656,0.7291143039499925
Cylindrical Pores,55,16.687902450561523,41.43196487426758,0.7401243073617526
Cylindrical Pores,56,36.038665771484375,36.72373962402344,0.9358770711811515
Cylindrical Pores,57,39.74128723144531,41.17402267456055,0.8991074732208633
Cylindrical Pores,58,40.96015548706055,41.576416015625,0.9317790668020592
Cylindrical Pores,59,36.24314498901367,38.03418731689453,0.9171763087680153
Cylindrical Pores,60,60.559730529785156,60.04751968383789,0.9718184964465275
Cylindrical Pores,61,61.73332595825195,61.30469512939453,0.9770680743069458
Cylindrical Pores,62,61.06676483154297,60.603309631347656,0.9771383412731796
Cylindrical Pores,63,61.92270278930664,61.67529296875,0.969747753656782
Cylindrical Pores,64,24.983585357666016,80.12136840820312,0.6875047836537637
Cylindrical Pores,65,17.656251907348633,80.79969787597656,0.63569528384478
Cylindrical Pores,66,9.016972541809082,79.68949890136719,0.7016480429806068
Cylindrical Pores,67,21.419034957885742,79.1768798828125,0.7207013754910543
Cylindrical Pores,68,41.61154556274414,56.523921966552734,0.7146109040259317
Cylindrical Pores,69,52.270118713378906,55.94571304321289,0.7331366641948741
Cylindrical Pores,70,36.78153610229492,49.90219497680664,0.8402033079662894
Cylindrical Pores,71,40.160465240478516,51.18852996826172,0.8183477027394963
Cylindrical Pores,72,37.0213737487793,38.303775787353516,0.9805153487107565
Cylindrical Pores,73,35.245845794677734,37.16193771362305,0.9754763563730927
Cylindrical Pores,74,37.689353942871094,40.2240104675293,0.9694103335528482
Cylindrical Pores,75,37.21171188354492,38.62474060058594,0.9694707424406217
Cylindrical Pores,76,42.58086395263672,42.319061279296875,0.8699290640459015
Cylindrical Pores,77,43.24625015258789,43.807533264160156,0.8651276457509585
Cylindrical Pores,78,39.543392181396484,40.094154357910156,0.876904908516611
Cylindrical Pores,79,41.497249603271484,42.26611328125,0.8752241683806871
Cylindrical Pores,80,34.51306915283203,35.29829025268555,0.9527967400020515
Cylindrical Pores,81,34.4849853515625,34.42131042480469,0.9530419396141627
Cylindrical Pores,82,36.06233215332031,35.31315231323242,0.9472463146960546
Cylindrical Pores,83,32.907508850097656,32.72062683105469,0.9431353390628201
Cylindrical Pores,84,54.84857940673828,54.73485565185547,0.9351195034204289
Cylindrical Pores,85,56.00066375732422,55.886474609375,0.9340933031864699
Cylindrical Pores,86,54.10468673706055,54.154537200927734,0.9321712051860173
Cylindrical Pores,87,57.441959381103516,57.33111572265625,0.9370084241922753
Cylindrical Pores,88,16.081403732299805,50.865753173828125,0.5962036158156468
Cylindrical Pores,89,18.07918357849121,55.062782287597656,0.5294623650853916
Cylindrical Pores,90,21.446075439453125,55.13411331176758,0.5505449692006509
Cylindrical Pores,91,19.560531616210938,45.78776550292969,0.6322286562546182
Cylindrical Pores,92,46.53312301635742,45.74422836303711,0.938617784518947
Cylindrical Pores,93,46.06731033325195,45.29570388793945,0.9589001087654425
Cylindrical Pores,94,46.29037857055664,45.7916145324707,0.9503343700625407
Cylindrical Pores,95,47.152305603027344,46.184574127197266,0.9311666059194933
Cylindrical Pores,96,37.892887115478516,38.55010986328125,0.9280362463216971
Cylindrical Pores,97,36.85100173950195,37.8099365234375,0.9355646787957902
Cylindrical Pores,98,35.97278594970703,36.94055938720703,0.9185932041790957
Cylindrical Pores,99,38.957664489746094,39.736724853515625,0.9240496739682694
Cylindrical Pores,100,43.58259963989258,44.09181213378906,0.9612407319125053
Cylindrical Pores,101,42.979122161865234,43.67134094238281,0.966440263589586
Cylindrical Pores,102,44.59757995605469,45.34714889526367,0.9662313351563215
Cylindrical Pores,103,43.96540451049805,44.620033264160156,0.9615555660868919
Cylindrical Pores,104,39.68864059448242,41.66278076171875,0.9214443216974126
Cylindrical Pores,105,39.55742263793945,40.700767517089844,0.9312341891320334
Cylindrical Pores,106,38.75369644165039,40.31721878051758,0.9341268823844316
Cylindrical Pores,107,39.54932403564453,41.431884765625,0.9264064363532084
Cylindrical Pores,108,34.19915771484375,34.33719253540039,0.9707628248752036
Cylindrical Pores,109,35.599761962890625,35.241031646728516,0.9816026710640261
Cylindrical Pores,110,34.567169189453125,34.2379150390625,0.9777177896617654
Cylindrical Pores,111,37.418853759765625,37.37806701660156,0.9722338341194926
Cylindrical Pores,112,36.304561614990234,38.245758056640625,0.9255131923077855
Cylindrical Pores,113,37.614078521728516,39.93064880371094,0.9318851407469053
Cylindrical Pores,114,36.6688232421875,39.037052154541016,0.9352101375373945
Cylindrical Pores,115,35.7347526550293,37.224754333496094,0.9410786275529226
Cylindrical Pores,116,32.108707427978516,32.13005828857422,0.9502557722121472
Cylindrical Pores,117,34.71620559692383,34.58692932128906,0.9414368837953393
Cylindrical Pores,118,34.05957794189453,33.81127166748047,0.9525298605384457
Cylindrical Pores,119,36.36109924316406,35.10934829711914,0.9568488556301403
Cylindrical Grains,0,38.21107482910156,36.436004638671875,0.9708994617241932
Cylindrical Grains,1,37.06951141357422,35.23344421386719,0.9695069735510723
Cylindrical Grains,2,42.00486755371094,40.05030822753906,0.9740793491304738
Cylindrical Grains,3,40.47647476196289,38.74664306640625,0.9626367486660384
Cylindrical Grains,4,55.16460037231445,56.19584274291992,0.9832022743040897
Cylindrical Grains,5,56.23077392578125,57.47613525390625,0.9809169919461049
Cylindrical Grains,6,56.844669342041016,57.5474739074707,0.9837603812678571
Cylindrical Grains,7,55.9272575378418,56.11214065551758,0.9845762159933777
Cylindrical Grains,8,51.560791015625,53.282554626464844,0.9410405188908242
Cylindrical Grains,9,48.59375762939453,51.290748596191406,0.9374570712430071
Cylindrical Grains,10,52.896461486816406,56.9406623840332,0.9275606586693661
Cylindrical Grains,11,50.905208587646484,54.275814056396484,0.9416226505560231
Cylindrical Grains,12,4.289608478546143,15.885570526123047,0.9617423754454745
Cylindrical Grains,13,4.769567966461182,18.101551055908203,0.9447305117362649
Cylindrical Grains,14,7.435450077056885,17.167898178100586,0.9392926582708778
Cylindrical Grains,15,8.424851417541504,15.25137996673584,0.9587156490410231
Cylindrical Grains,16,4.449260234832764,43.164703369140625,0.727705146306426
Cylindrical Grains,17,4.579477310180664,39.22163772583008,0.7651500007925636
Cylindrical Grains,18,8.722318649291992,41.827266693115234,0.7420980207820939
Cylindrical Grains,19,6.798528671264648,42.21450424194336,0.7438035367911197
Cylindrical Grains,20,25.26813316345215,26.52337646484375,0.9392546402700829
Cylindrical Grains,21,26.648000717163086,27.528533935546875,0.9399374774179484
Cylindrical Grains,22,25.75844383239746,27.54730987548828,0.9249400630402239
Cylindrical Grains,23,25.487895965576172,26.636873245239258,0.9495942133180396
Cylindrical Grains,24,13.743456840515137,57.9470100402832,0.7483205307271041
Cylindrical Grains,25,4.046832084655762,55.027488708496094,0.7767171670332227
Cylindrical Grains,26,5.772745132446289,62.303768157958984,0.7356299880098174
Cylindrical Grains,27,11.418037414550781,66.563720703125,0.7077892422171969
Cylindrical Grains,28,32.31643295288086,37.54521560668945,0.8584885934861646
Cylindrical Grains,29,32.554542541503906,35.65462875366211,0.8993220004428888
Cylindrical Grains,30,27.37778091430664,33.042293548583984,0.9038959137574235
Cylindrical Grains,31,30.74056053161621,33.20996856689453,0.880492847703479
Cylindrical Grains,32,40.21791458129883,42.45521545410156,0.9327436023654188
Cylindrical Grains,33,41.180355072021484,41.97469711303711,0.9526233619474779
Cylindrical Grains,34,42.75542068481445,43.25720977783203,0.9424447443335653
Cylindrical Grains,35,40.55533218383789,42.398841857910156,0.9232652380424561
Cylindrical Grains,36,12.810626029968262,23.532196044921875,0.9464026435133884
Cylindrical Grains,37,16.847198486328125,24.079925537109375,0.9469711573396
Cylindrical Grains,38,11.007076263427734,22.65188980102539,0.9450053876747521
Cylindrical Grains,39,7.453415393829346,21.512983322143555,0.9513825749922044
Cylindrical Grains,40,9.966800689697266,31.5650634765625,0.8723648590172345
Cylindrical Grains,41,5.871102333068848,33.59599304199219,0.8511519343077839
Cylindrical Grains,42,12.346561431884766,30.79014015197754,0.8765105032760259
Cylindrical Grains,43,15.394189834594727,26.87299346923828,0.9037618049608003
Cylindrical Grains,44,5.910898685455322,26.068029403686523,0.911111654791958
Cylindrical Grains,45,8.377148628234863,27.30950355529785,0.9148532730374282
Cylindrical Grains,46,14.13908576965332,26.15857696533203,0.9266483476496403
Cylindrical Grains,47,21.45756721496582,33.020076751708984,0.867858669541404
Cylindrical Grains,48,32.377479553222656,32.042537689208984,0.957201417167691
Cylindrical Grains,49,37.705650329589844,37.64466857910156,0.957150283509036
Cylindrical Grains,50,39.12656021118164,39.019290924072266,0.9574423516601429
Cylindrical Grains,51,40.185302734375,41.40660858154297,0.9473752417568313
Cylindrical Grains,52,0.40683990716934204,43.71773147583008,0.8682417560015999
Cylindrical Grains,53,0.9214069843292236,50.376041412353516,0.7972964457006253
Cylindrical Grains,54,6.529419422149658,53.213050842285156,0.7483763721663582
Cylindrical Grains,55,0.17966385185718536,51.07070541381836,0.7727525116907737
Cylindrical Grains,56,42.959678649902344,44.370765686035156,0.8947582257191936
Cylindrical Grains,57,39.29290771484375,40.123748779296875,0.9254423349286255
Cylindrical Grains,58,38.120452880859375,44.20897674560547,0.7779233689506626
Cylindrical Grains,59,39.1614990234375,44.17116928100586,0.8478292009043845
Cylindrical Grains,60,34.1048698425293,51.201133728027344,0.5917510215884358
Cylindrical Grains,61,28.61924934387207,47.469181060791016,0.6699918205613569
Cylindrical Grains,62,27.303159713745117,41.517120361328125,0.7757007038747957
Cylindrical Grains,63,29.44121551513672,45.15499496459961,0.6920785497064293
Cylindrical Grains,64,61.09866714477539,63.1064567565918,0.7811966493382967
Cylindrical Grains,65,55.53628921508789,55.236473083496094,0.8242378079344441
Cylindrical Grains,66,50.6594123840332,51.20127868652344,0.8820660325578144
Cylindrical Grains,67,60.17063522338867,62.07450866699219,0.8355738054153359
Cylindrical Grains,68,15.359030723571777,42.368045806884766,0.8565734302194524
Cylindrical Grains,69,28.005956649780273,39.672996520996094,0.8671291041869891
Cylindrical Grains,70,23.874174118041992,52.004024505615234,0.726420955035334
Cylindrical Grains,71,23.37601661682129,53.7092170715332,0.7585029276718916
Cylindrical Grains,72,39.933658599853516,46.985755920410156,0.7600299303123424
Cylindrical Grains,73,30.03927230834961,46.62668228149414,0.7429451717597141
Cylindrical Grains,74,34.43180847167969,47.84272003173828,0.739701746128226
Cylindrical Grains,75,46.870723724365234,51.69598388671875,0.7342454014625516
Cylindrical Grains,76,19.894332885742188,44.959842681884766,0.7764706655209915
Cylindrical Grains,77,33.388702392578125,46.599205017089844,0.7428620919227839
Cylindrical Grains,78,21.54549789428711,43.8459587097168,0.7390148663748977
Cylindrical Grains,79,37.4802360534668,46.501827239990234,0.6819593246519955
Cylindrical Grains,80,67.00818634033203,70.50765991210938,0.8123111897747909
Cylindrical Grains,81,75.18842315673828,78.13291931152344,0.7616701116092264
Cylindrical Grains,82,73.22683715820312,78.90222930908203,0.7252910069756014
Cylindrical Grains,83,68.57269287109375,72.04204559326172,0.8387185826694267
Cylindrical Grains,84,133.97296142578125,287.2108459472656,0.19046891610982414
Cylindrical Grains,85,105.15203094482422,249.42161560058594,0.20327807580101798
Cylindrical Grains,86,164.590576171875,331.8614196777344,0.17506842283235335
Cylindrical Grains,87,127.3944091796875,287.2578125,0.1705026973043308
Cylindrical Grains,88,14.771774291992188,55.645511627197266,0.4220109205909451
Cylindrical Grains,89,22.333234786987305,61.706783294677734,0.4071130589537276
Cylindrical Grains,90,15.865254402160645,65.77503204345703,0.4638938336036938
Cylindrical Grains,91,8.817537307739258,47.57761001586914,0.5891084638356986
Cylindrical Grains,92,50.43434143066406,72.79731750488281,0.4977087800033217
Cylindrical Grains,93,54.44401550292969,69.22871398925781,0.49330373662901916
Cylindrical Grains,94,58.880680084228516,81.90082550048828,0.35251912552530534
Cylindrical Grains,95,62.28513717651367,72.36112976074219,0.4285409547798468
Bentheimer,0,58.74320602416992,60.14537811279297,0.7257214682465037
Bentheimer,1,56.41171646118164,57.94778060913086,0.7264375702044417
Bentheimer,2,61.13365936279297,63.68149185180664,0.6647279005218297
Bentheimer,3,60.747928619384766,62.22927474975586,0.6931599369176987
Bentheimer,4,49.99403762817383,56.10646057128906,0.6815360456023292
Bentheimer,5,48.29829788208008,49.11582946777344,0.7758770981260883
Bentheimer,6,48.5855827331543,48.82752990722656,0.7502365476410019
Bentheimer,7,56.02155685424805,54.288299560546875,0.6784506332314094
Bentheimer,8,43.34571075439453,54.31631088256836,0.7235913159718377
Bentheimer,9,44.03937530517578,60.249210357666016,0.6152638357584317
Bentheimer,10,35.841983795166016,54.23501205444336,0.6176721600941065
Bentheimer,11,27.585094451904297,48.00453186035156,0.6896987438763315
Bentheimer,12,63.9697380065918,65.6917495727539,0.4115326905294235
Bentheimer,13,57.22644805908203,62.28435516357422,0.47770581701983056
Bentheimer,14,63.22642517089844,63.57026290893555,0.5480816000625038
Bentheimer,15,55.68539810180664,64.25206756591797,0.46280552598183106
Bentheimer,16,0.3329988420009613,112.8701400756836,0.291922001327653
Bentheimer,17,10.33285140991211,97.68023681640625,0.3308028654389048
Bentheimer,18,9.575586318969727,101.58138275146484,0.2765242176976088
Bentheimer,19,0.5577446818351746,106.29450225830078,0.3086181939648451
Bentheimer,20,30.62295913696289,46.46428298950195,0.7977536570066743
Bentheimer,21,29.532690048217773,52.13669967651367,0.7627361463983189
Bentheimer,22,30.21548843383789,53.79185485839844,0.7551800725992782
Bentheimer,23,29.798355102539062,48.66166305541992,0.7797409898373022
Bentheimer,24,70.29643249511719,71.26209259033203,0.8733491867583689
Bentheimer,25,67.4995346069336,68.76728820800781,0.909501716789402
Bentheimer,26,64.05606079101562,65.34181213378906,0.9373616483043058
Bentheimer,27,67.46163940429688,70.01028442382812,0.8791965566794501
Bentheimer,28,52.627376556396484,49.590084075927734,0.8683584963881978
Bentheimer,29,54.05011749267578,52.05829620361328,0.8628087659892636
Bentheimer,30,48.63389205932617,45.40245819091797,0.8534653505287009
Bentheimer,31,50.576568603515625,47.943031311035156,0.8705959167196942
Bentheimer,32,106.5614013671875,193.2093963623047,0.21470953738124332
Bentheimer,33,107.40980529785156,226.99459838867188,0.2629991925602392
Bentheimer,34,89.71707916259766,195.19139099121094,0.2631313823883029
Bentheimer,35,109.10193634033203,204.1764373779297,0.2149533203870427
Bentheimer,36,76.4649887084961,76.7051773071289,0.9334882537907443
Bentheimer,37,78.16273498535156,77.550537109375,0.8635316364076985
Bentheimer,38,76.35316467285156,76.49284362792969,0.9458983852894592
Bentheimer,39,76.38016510009766,76.85386657714844,0.9264778807037711
Bentheimer,40,80.02629852294922,80.48189544677734,0.896979147715411
Bentheimer,41,83.63541412353516,84.3775863647461,0.8526911723646853
Bentheimer,42,83.7885971069336,82.80229949951172,0.7943403178851339
Bentheimer,43,80.49248504638672,79.54335021972656,0.8389605598179962
Bentheimer,44,84.38147735595703,85.44216918945312,0.5981397757842709
Bentheimer,45,79.96513366699219,82.57778930664062,0.5576219877913319
Bentheimer,46,75.1186294555664,76.70890808105469,0.7555891845319309
Bentheimer,47,74.49710083007812,77.63179016113281,0.7190985701304362
Bentheimer,48,89.66853332519531,79.4738540649414,0.37069778664735054
Bentheimer,49,87.40943908691406,80.29755401611328,0.3317777143544629
Bentheimer,50,87.57840728759766,76.59137725830078,0.46191682489643054
Bentheimer,51,98.39463806152344,77.79810333251953,0.2959942030657295
Bentheimer,52,52.27805709838867,55.182430267333984,0.7907396096909128
Bentheimer,53,44.64863967895508,49.609031677246094,0.7660536334715814
Bentheimer,54,46.46638488769531,55.15992736816406,0.7180972924715793
Bentheimer,55,39.81217575073242,46.643890380859375,0.7700214207713968
Bentheimer,56,40.93062973022461,69.73649597167969,0.490589713521709
Bentheimer,57,47.3696174621582,74.79228973388672,0.41722211489727073
Bentheimer,58,44.86822509765625,79.06043243408203,0.3869447252027554
Bentheimer,59,54.05105209350586,70.07083129882812,0.46015274502493764
Bentheimer,60,23.119400024414062,56.445037841796875,0.7621827531783845
Bentheimer,61,23.590259552001953,61.65048599243164,0.7251303382771704
Bentheimer,62,28.509679794311523,58.72893142700195,0.727995642040899
Bentheimer,63,26.77825927734375,65.74656677246094,0.625217884873568
Bentheimer,64,49.59218978881836,54.15000534057617,0.8416769037656708
Bentheimer,65,49.164546966552734,58.60639190673828,0.7773541726415124
Bentheimer,66,51.87721633911133,56.57598876953125,0.7848592174090269
Bentheimer,67,52.51463317871094,61.77824401855469,0.7188126617568639
Bentheimer,68,50.95473098754883,53.29646301269531,0.8303034322139459
Bentheimer,69,38.36701965332031,55.812705993652344,0.7122068022616037
Bentheimer,70,39.53853225708008,53.342872619628906,0.7277998266102444
Bentheimer,71,38.54718780517578,58.414817810058594,0.6583921790222593
Bentheimer,72,18.517597198486328,74.92223358154297,0.5644194765463072
Bentheimer,73,13.151439666748047,92.88571166992188,0.44955183496880524
Bentheimer,74,17.24171257019043,90.48249816894531,0.4351213767962196
Bentheimer,75,13.556930541992188,95.7281494140625,0.43789054497198976
Bentheimer,76,57.44534683227539,59.778926849365234,0.47430461604599566
Bentheimer,77,60.43653106689453,63.075279235839844,0.6385657122786692
Bentheimer,78,55.74380111694336,57.08616638183594,0.6382943611462526
Bentheimer,79,63.09939193725586,62.86866760253906,0.6201983714671621
Bentheimer,80,53.05188751220703,55.92189407348633,0.5348619712310319
Bentheimer,81,48.955772399902344,51.65061950683594,0.6027567306288325
Bentheimer,82,50.859764099121094,52.48021697998047,0.6646600722420754
Bentheimer,83,44.75008010864258,51.367801666259766,0.6021443123985565
Bentheimer,84,20.48687744140625,73.7198257446289,0.4108694678373593
Bentheimer,85,12.80297565460205,68.10423278808594,0.49900666010310063
Bentheimer,86,20.06460952758789,79.03086853027344,0.47575325890448217
Bentheimer,87,8.361320495605469,66.8013687133789,0.44026367865029065
Bentheimer,88,37.40395736694336,54.30507278442383,0.7602482264918138
Bentheimer,89,40.58340072631836,51.016780853271484,0.811967718146787
Bentheimer,90,42.05669021606445,48.071083068847656,0.7765841430211572
Bentheimer,91,42.3509635925293,51.01424789428711,0.8163639286658897
Bentheimer,92,60.72575759887695,69.07560729980469,0.7295625684485526
Bentheimer,93,58.8160400390625,65.27998352050781,0.698643868450452
Bentheimer,94,65.81520080566406,67.95874786376953,0.7473362857538259
Bentheimer,95,55.469398498535156,60.3009033203125,0.6901664271393043
Bentheimer,96,70.668701171875,73.28558349609375,0.893563626628745
Bentheimer,97,75.40540313720703,78.68280029296875,0.8963420454729809
Bentheimer,98,73.59954833984375,75.66584014892578,0.8516361317858644
Bentheimer,99,69.26993560791016,72.04193115234375,0.8483665661918895
Bentheimer,100,35.43000411987305,41.37757110595703,0.8929952032586821
Bentheimer,101,26.862689971923828,35.6956672668457,0.9377674317486389
Bentheimer,102,40.44215774536133,44.57352828979492,0.918237188793935
Bentheimer,103,40.129329681396484,44.88888931274414,0.9111661451901595
Bentheimer,104,50.417518615722656,48.273250579833984,0.7813574911765598
Bentheimer,105,58.584903717041016,56.49760055541992,0.7734459334891487
Bentheimer,106,68.33252716064453,67.21583557128906,0.8248403301843474
Bentheimer,107,58.59246063232422,55.57090759277344,0.7973084962822128
Bentheimer,108,77.29057312011719,76.01264953613281,0.6776344544473668
Bentheimer,109,72.22284698486328,69.1482162475586,0.8915290421134839
Bentheimer,110,67.60786437988281,66.95170593261719,0.9283532354578777
Bentheimer,111,70.47035217285156,73.60404205322266,0.8643108554362877
Bentheimer,112,13.435864448547363,57.89125442504883,0.7505468206347485
Bentheimer,113,13.3048734664917,53.458736419677734,0.7645276958603304
Bentheimer,114,13.725237846374512,54.26694869995117,0.7140694777295605
Bentheimer,115,9.51407241821289,61.22499084472656,0.7296208726484258
Bentheimer,116,53.402076721191406,54.8544921875,0.8593081715260025
Bentheimer,117,56.033164978027344,55.73117446899414,0.8598940200725003
Bentheimer,118,57.13279342651367,55.88394546508789,0.922318409810157
Bentheimer,119,57.53081512451172,57.58836364746094,0.863301633148491
Bentheimer,120,50.48768997192383,48.00026321411133,0.920205220359417
Bentheimer,121,54.213558197021484,52.54622268676758,0.9373286769097855
Bentheimer,122,52.76343536376953,51.2249755859375,0.9273819742094161
Bentheimer,123,56.841468811035156,54.864498138427734,0.8717147231786432
Bentheimer,124,62.22400665283203,61.557861328125,0.9481158497978788
Bentheimer,125,56.57830047607422,57.209999084472656,0.9203366176627471
Bentheimer,126,57.17365646362305,55.901058197021484,0.9141778213462753
Bentheimer,127,60.430389404296875,59.98837661743164,0.9440968003942143
Bentheimer,128,193.9533233642578,304.8234558105469,0.44051532891490525
Bentheimer,129,167.9247589111328,288.51226806640625,0.4152089963272743
Bentheimer,130,174.00462341308594,284.1783447265625,0.3988700337870052
Bentheimer,131,192.12391662597656,309.40655517578125,0.41229636382565005
Bentheimer,132,60.97102355957031,62.25979232788086,0.9262795157893174
Bentheimer,133,69.24263000488281,69.94830322265625,0.8975820517388073
Bentheimer,134,62.461124420166016,64.06074523925781,0.944136123995372
Bentheimer,135,60.17755889892578,60.84145736694336,0.9185596469169958
Bentheimer,136,78.94835662841797,79.8099136352539,0.8123043684725861
Bentheimer,137,76.60145568847656,78.92597961425781,0.8303315159249518
Bentheimer,138,80.18453216552734,81.34536743164062,0.840309351467153
Bentheimer,139,78.992431640625,79.37989807128906,0.8835286655379202
Bentheimer,140,21.088876724243164,91.04199981689453,0.6748957638660283
Bentheimer,141,25.579185485839844,91.79580688476562,0.7066344200788427
Bentheimer,142,25.4119815826416,94.85431671142578,0.6457595781626229
Bentheimer,143,24.812162399291992,106.56155395507812,0.5353740812578948
Bentheimer,144,52.31150817871094,49.13917541503906,0.8134757835454137
Bentheimer,145,43.608699798583984,44.98866271972656,0.8734753896889969
Bentheimer,146,52.988895416259766,51.53684997558594,0.819165677824233
Bentheimer,147,54.73185729980469,52.26251983642578,0.7725437356094619
Bentheimer,148,72.21170043945312,74.33282470703125,0.9223034558428044
Bentheimer,149,73.21930694580078,76.94459533691406,0.8644068037694971
Bentheimer,150,69.04972839355469,71.51319122314453,0.9026102405044059
Bentheimer,151,66.71556091308594,68.39212036132812,0.9252044692103855
Bentheimer,152,24.721654891967773,29.3332576751709,0.9265383535020679
Bentheimer,153,25.227895736694336,27.31141471862793,0.9242915578373727
Bentheimer,154,30.05423927307129,32.54407501220703,0.905531205512983
Bentheimer,155,23.816715240478516,27.533802032470703,0.9269367639527573
Bentheimer,156,55.619712829589844,60.609989166259766,0.9002870069180051
Bentheimer,157,52.34846878051758,58.37171173095703,0.8488633059918059
Bentheimer,158,49.94109344482422,57.601417541503906,0.8716553445842237
Bentheimer,159,55.01288986206055,62.0406608581543,0.9250147518819961
Bentheimer,160,84.7254409790039,84.70690155029297,0.8416617863986108
Bentheimer,161,84.91006469726562,85.06378173828125,0.8641105785193236
Bentheimer,162,80.9243392944336,80.3537368774414,0.8718433088666931
Bentheimer,163,80.76531219482422,81.08854675292969,0.9053082263299869
Bentheimer,164,62.79732131958008,63.05858612060547,0.8244403657681577
Bentheimer,165,71.16249084472656,71.28782653808594,0.7804938644322683
Bentheimer,166,61.4058723449707,61.40602111816406,0.8152988522014661
Bentheimer,167,59.684967041015625,60.2161865234375,0.84729082801728
Bentheimer,168,61.25145721435547,64.54265594482422,0.6515030135514936
Bentheimer,169,63.092525482177734,64.73369598388672,0.6159502786511545
Bentheimer,170,67.47140502929688,69.16242980957031,0.5509671464395813
Bentheimer,171,66.53214263916016,68.2562026977539,0.5352844108679593
Bentheimer,172,81.86322021484375,81.62364196777344,0.6889187844810704
Bentheimer,173,79.84021759033203,80.96292877197266,0.6822374512779416
Bentheimer,174,80.11279296875,80.96484375,0.6450579950839899
Bentheimer,175,80.89376068115234,80.8637466430664,0.6874171469601388
Bentheimer,176,33.415870666503906,35.17591094970703,0.8050630103894907
Bentheimer,177,36.47945785522461,34.008460998535156,0.8917974567502613
Bentheimer,178,32.58424377441406,36.733821868896484,0.8190907109620745
Bentheimer,179,38.02085494995117,41.57440185546875,0.8239021748830386
Bentheimer,180,24.935283660888672,64.47350311279297,0.37464057938530687
Bentheimer,181,27.013885498046875,76.1839599609375,0.2921511180297911
Bentheimer,182,42.07423400878906,74.09465789794922,0.29799572915079897
Bentheimer,183,28.99018669128418,64.1678695678711,0.31635274874848485
Bentheimer,184,67.18334197998047,84.63018798828125,0.4270402971435487
Bentheimer,185,58.837562561035156,76.09089660644531,0.4894667759153149
Bentheimer,186,61.26608657836914,72.5453109741211,0.6638757124896122
Bentheimer,187,67.62973022460938,80.71952819824219,0.4268071076128698
Bentheimer,188,71.54695892333984,71.5931396484375,0.8016093301454609
Bentheimer,189,76.05673217773438,74.5119857788086,0.7230023862291657
Bentheimer,190,75.77238464355469,75.0501708984375,0.758155381713786
Bentheimer,191,74.81861877441406,75.12515258789062,0.8467599086584426
Bentheimer,192,79.99788665771484,77.35120391845703,0.3840352447973093
Bentheimer,193,73.07421112060547,74.48837280273438,0.32942925622537217
Bentheimer,194,76.5750503540039,78.79151153564453,0.34523439401658945
Bentheimer,195,73.42372131347656,74.36148834228516,0.49642086472908104
Bentheimer,196,49.1805305480957,48.75019454956055,0.8947451521622625
Bentheimer,197,51.59471130371094,50.20269012451172,0.8801238120399354
Bentheimer,198,49.612701416015625,48.3889045715332,0.8692092730375702
Bentheimer,199,47.957603454589844,48.47284698486328,0.84983685914369
Bentheimer,200,45.06157684326172,46.31681442260742,0.9269312934342763
Bentheimer,201,48.781490325927734,49.08344650268555,0.928163276463416
Bentheimer,202,48.23735809326172,47.991943359375,0.913745350332849
Bentheimer,203,49.14885330200195,49.85175323486328,0.936867978832899
Bentheimer,204,55.361976623535156,171.4918212890625,0.3377244337767845
Bentheimer,205,90.56499481201172,204.4600372314453,0.3090568893677706
Bentheimer,206,84.01456451416016,172.77667236328125,0.3851438057341044
Bentheimer,207,78.90222930908203,186.70950317382812,0.312726593764648
Bentheimer,208,79.69821166992188,81.18553161621094,0.6691778310172821
Bentheimer,209,80.45619201660156,81.42781829833984,0.7556136247084009
Bentheimer,210,77.60164642333984,78.87303161621094,0.8427613879402708
Bentheimer,211,74.38478088378906,76.99061584472656,0.8602288541349506
Bentheimer,212,55.885921478271484,56.25213623046875,0.8764343457957529
Bentheimer,213,60.89231872558594,61.67947769165039,0.8337063589161424
Bentheimer,214,69.12311553955078,69.2120361328125,0.8455548452105193
Bentheimer,215,64.94811248779297,65.18328094482422,0.9009921560156906
Bentheimer,216,77.54216003417969,78.5417251586914,0.8868299725191009
Bentheimer,217,82.28082275390625,82.88262939453125,0.8208459237909707
Bentheimer,218,78.31070709228516,78.35383605957031,0.8709058112962994
Bentheimer,219,75.90328216552734,77.60960388183594,0.8984743855480326
Bentheimer,220,69.61100006103516,74.4717788696289,0.4903609035897048
Bentheimer,221,66.37001037597656,75.2431869506836,0.4597586013316141
Bentheimer,222,60.55442810058594,70.47718048095703,0.4928632791074171
Bentheimer,223,70.35459899902344,74.05801391601562,0.469757730169759
Bentheimer,224,35.8214111328125,71.34294891357422,0.3827087644448929
Bentheimer,225,35.314964294433594,75.4825210571289,0.38020008403256444
Bentheimer,226,33.765342712402344,73.1444091796875,0.4291103855194523
Bentheimer,227,36.55154037475586,63.34978485107422,0.4590556744190421
Bentheimer,228,65.61972045898438,67.107421875,0.8156736429109156
Bentheimer,229,65.48687744140625,66.37326049804688,0.8608249272732106
Bentheimer,230,64.23554992675781,65.49411010742188,0.8827588137361672
Bentheimer,231,67.19336700439453,68.31658172607422,0.8059952204872272
Bentheimer,232,30.465675354003906,44.2847900390625,0.8372800221132102
Bentheimer,233,34.73725128173828,51.6324577331543,0.8018963552231387
Bentheimer,234,40.61903762817383,48.191123962402344,0.8135187119151631
Bentheimer,235,24.691761016845703,49.241859436035156,0.786342783306528
Bentheimer,236,75.8365478515625,78.85529327392578,0.8582315991095946
Bentheimer,237,76.67806243896484,79.08269500732422,0.8764671920123934
Bentheimer,238,77.49239349365234,79.3117904663086,0.8747481185984908
Bentheimer,239,77.3558120727539,80.01248168945312,0.8213535017296144
Bentheimer,240,68.21892547607422,64.61724090576172,0.6482984586183991
Bentheimer,241,65.33772277832031,65.8890380859375,0.7345464834540977
Bentheimer,242,67.60433197021484,67.06737518310547,0.6852599027400066
Bentheimer,243,63.74190139770508,65.3756103515625,0.588034288701187
Bentheimer,244,67.85073852539062,66.46331024169922,0.7568095401355478
Bentheimer,245,61.81803894042969,64.7228012084961,0.6681789652418556
Bentheimer,246,60.67551803588867,61.79019546508789,0.6733195011794257
Bentheimer,247,64.97041320800781,65.85795593261719,0.7380571920594067
Bentheimer,248,36.37997055053711,37.67170333862305,0.9139787704002158
Bentheimer,249,37.731204986572266,38.92149353027344,0.919007796430296
Bentheimer,250,40.29472351074219,44.37858963012695,0.8329937027880855
Bentheimer,251,26.757688522338867,38.839698791503906,0.8224185622169534
Bentheimer,252,51.664268493652344,62.097862243652344,0.7579640628313807
Bentheimer,253,59.80411911010742,65.15021514892578,0.8129120650611266
Bentheimer,254,64.53606414794922,68.38653564453125,0.7343052921438925
Bentheimer,255,52.106937408447266,62.79384994506836,0.6845465343392984
Bentheimer,256,76.67244720458984,77.47979736328125,0.8697235131846593
Bentheimer,257,78.21509552001953,79.41120147705078,0.8097508566286891
Bentheimer,258,74.30358123779297,73.84375762939453,0.7513635338423449
Bentheimer,259,77.61488342285156,78.36773681640625,0.7827653277506206
Bentheimer,260,53.97150802612305,56.68742752075195,0.7578314591333997
Bentheimer,261,51.42231369018555,54.322967529296875,0.7713630424694526
Bentheimer,262,61.2147102355957,63.63842010498047,0.7288601952724705
Bentheimer,263,57.24220275878906,60.79975509643555,0.6690868668033262
Bentheimer,264,68.07202911376953,68.59767150878906,0.863597046829732
Bentheimer,265,67.21772766113281,67.91539764404297,0.8698321351990098
Bentheimer,266,68.76835632324219,68.96625518798828,0.8552136870641011
Bentheimer,267,69.69407653808594,69.46791076660156,0.7757575072705581
Bentheimer,268,44.72213363647461,50.17379379272461,0.8582911953492962
Bentheimer,269,41.132450103759766,46.01795959472656,0.8759043952435946
Bentheimer,270,37.0858268737793,47.11015319824219,0.8232888268986666
Bentheimer,271,34.2380256652832,46.424713134765625,0.8318937259338868
Bentheimer,272,36.478172302246094,50.00486755371094,0.500610715202183
Bentheimer,273,35.38365173339844,48.48846435546875,0.5109259625187729
Bentheimer,274,30.13217544555664,68.99142456054688,0.3894877872543416
Bentheimer,275,36.95195770263672,54.73570251464844,0.45132388634063136
Bentheimer,276,72.81072235107422,74.61614990234375,0.7104768521539571
Bentheimer,277,68.83956146240234,71.00749969482422,0.7322482144776237
Bentheimer,278,68.68817901611328,70.89967346191406,0.6857307744997643
Bentheimer,279,68.78085327148438,71.71746826171875,0.6103057427419999
Bentheimer,280,66.58954620361328,65.73246765136719,0.694117431882053
Bentheimer,281,68.68685150146484,66.60195922851562,0.6825331725501129
Bentheimer,282,63.955589294433594,66.14444732666016,0.6146491620164737
Bentheimer,283,65.53800964355469,63.180416107177734,0.6050093299811679
Bentheimer,284,79.88993072509766,72.35033416748047,0.5542038489268108
Bentheimer,285,79.40059661865234,72.27364349365234,0.4772899917907627
Bentheimer,286,80.1319580078125,75.57726287841797,0.5225942336327793
Bentheimer,287,75.59220123291016,72.19776153564453,0.4590368122060046
Bentheimer,288,65.47631072998047,67.5606918334961,0.8052437022574834
Bentheimer,289,58.110618591308594,61.51087188720703,0.8086579099142801
Bentheimer,290,55.80260467529297,57.1452522277832,0.8932942503090463
Bentheimer,291,60.89847946166992,62.34547424316406,0.791555145931691
Bentheimer,292,45.09142303466797,67.12261199951172,0.5217691939008436
Bentheimer,293,49.85570526123047,67.76654052734375,0.4704885998575092
Bentheimer,294,52.36608123779297,75.85803985595703,0.36881232911836215
Bentheimer,295,51.53092956542969,63.24300765991211,0.668543661014888
Bentheimer,296,58.488033294677734,56.69734191894531,0.9591516439410018
Bentheimer,297,62.004150390625,59.281410217285156,0.9439305877658318
Bentheimer,298,65.155029296875,62.7264518737793,0.9297198916093381
Bentheimer,299,63.74079132080078,62.20844268798828,0.9509180427201779
Bentheimer,300,27.739032745361328,70.18548583984375,0.5201946147797842
Bentheimer,301,27.325098037719727,77.63890075683594,0.4737697923434957
Bentheimer,302,18.941762924194336,74.23041534423828,0.5261949521067578
Bentheimer,303,29.848888397216797,69.46055603027344,0.4977860766027472
Bentheimer,304,64.09748840332031,63.46038055419922,0.9355318328551387
Bentheimer,305,60.44334411621094,58.957298278808594,0.9455878108719861
Bentheimer,306,63.10688400268555,62.51839065551758,0.9569602667942941
Bentheimer,307,61.096290588378906,60.087520599365234,0.9587635200355963
Bentheimer,308,67.18174743652344,69.95401000976562,0.6964366438195526
Bentheimer,309,60.8458251953125,64.92347717285156,0.6986198501824172
Bentheimer,310,55.40902328491211,65.69828796386719,0.7348658343706763
Bentheimer,311,59.48748016357422,64.8160629272461,0.7731777131392217
Bentheimer,312,43.86559295654297,49.64970397949219,0.8174439485818734
Bentheimer,313,48.2549934387207,52.126609802246094,0.8133843868062719
Bentheimer,314,47.604530334472656,50.04338073730469,0.82834465427883
Bentheimer,315,40.730438232421875,45.578060150146484,0.8344149844167925
Bentheimer,316,57.40693283081055,59.3754768371582,0.5672291512179674
Bentheimer,317,63.633140563964844,67.89726257324219,0.4642657094048294
Bentheimer,318,56.191184997558594,63.52745056152344,0.5894971443484034
Bentheimer,319,55.36152267456055,67.49219512939453,0.5440244824311546
Bentheimer,320,35.591278076171875,37.75994110107422,0.8932174363494495
Bentheimer,321,37.69664001464844,38.501441955566406,0.9128309777534765
Bentheimer,322,35.721500396728516,38.71622085571289,0.9071495299176269
Bentheimer,323,38.666866302490234,42.00729751586914,0.9093956967636072
Bentheimer,324,46.737823486328125,57.08307647705078,0.6335093190001986
Bentheimer,325,49.5523796081543,64.1240005493164,0.5684060805939318
Bentheimer,326,49.131309509277344,69.4842529296875,0.4443235311136113
Bentheimer,327,58.30279541015625,63.61061477661133,0.602547763873549
Bentheimer,328,5.646844863891602,61.354583740234375,0.6092996656466269
Bentheimer,329,3.8621714115142822,53.304073333740234,0.6835702516564122
Bentheimer,330,0.8251572251319885,61.112144470214844,0.6364855567264721
Bentheimer,331,2.86320161819458,58.31367111206055,0.6590676145893007
Bentheimer,332,34.147525787353516,39.825443267822266,0.8323969732168913
Bentheimer,333,31.318666458129883,49.895877838134766,0.6925714743175987
Bentheimer,334,27.164844512939453,43.06977844238281,0.7901743243269421
Bentheimer,335,16.652114868164062,43.43265914916992,0.7854798229434977
Bentheimer,336,78.58306884765625,79.03622436523438,0.7258165116559397
Bentheimer,337,77.73404693603516,78.0002670288086,0.7232752571131326
Bentheimer,338,77.92707824707031,78.30999755859375,0.8382186432123768
Bentheimer,339,78.77081298828125,79.85027313232422,0.8541299519818161
Bentheimer,340,69.44044494628906,70.3349380493164,0.8705580941715041
Bentheimer,341,67.8045883178711,69.21556854248047,0.8583170280408672
Bentheimer,342,67.31069946289062,68.71265411376953,0.9090015907134703
Bentheimer,343,68.15705108642578,67.97846221923828,0.8539022923006102
Bentheimer,344,65.6539306640625,68.02365112304688,0.7794516359810872
Bentheimer,345,67.35017395019531,68.92835235595703,0.8131657491614173
Bentheimer,346,61.278507232666016,62.13379669189453,0.8352014700960902
Bentheimer,347,59.92204666137695,61.77858352661133,0.8056477861763842
Bentheimer,348,62.645179748535156,64.0417251586914,0.8137925532857114
Bentheimer,349,65.8413314819336,68.4207763671875,0.7362336710659072
Bentheimer,350,67.45455932617188,70.18558502197266,0.7335248812544626
Bentheimer,351,67.03350830078125,68.04217529296875,0.8060423481750658
Bentheimer,352,75.24533081054688,78.94908905029297,0.4927338429547076
Bentheimer,353,72.41413116455078,76.76136779785156,0.4939649028732813
Bentheimer,354,67.86296844482422,72.35445404052734,0.6028067852602818
Bentheimer,355,77.01615905761719,76.26652526855469,0.582490765576537
Bentheimer,356,62.301536560058594,64.55020904541016,0.7901110522344914
Bentheimer,357,75.10539245605469,74.22489166259766,0.5342316421191023
Bentheimer,358,69.56846618652344,68.78021240234375,0.7208528603882256
Bentheimer,359,61.33570861816406,59.57649230957031,0.7074716582413497
Bentheimer,360,76.60202026367188,77.18379974365234,0.8740632387197308
Bentheimer,361,78.05264282226562,78.39744567871094,0.8718833273032366
Bentheimer,362,77.89342498779297,77.34173583984375,0.8793446474169516
Bentheimer,363,74.50370025634766,74.12361145019531,0.8788895076044894
Bentheimer,364,73.63774871826172,73.40982055664062,0.7768715910331221
Bentheimer,365,69.4799575805664,72.91941833496094,0.6575892797827257
Bentheimer,366,72.10690307617188,75.97190856933594,0.5564327022625555
Bentheimer,367,72.31340789794922,74.27197265625,0.6474208634037512
Bentheimer,368,53.03505325317383,57.4180908203125,0.6417566581617675
Bentheimer,369,50.555511474609375,57.588558197021484,0.6438210214713006
Bentheimer,370,64.89688873291016,64.20365142822266,0.6057250147998192
Bentheimer,371,67.6294937133789,66.3249282836914,0.5582911181747333
Bentheimer,372,9.853063583374023,76.22451782226562,0.6224053408668415
Bentheimer,373,9.757725715637207,76.37068176269531,0.6673580639977341
Bentheimer,374,4.917756080627441,72.82423400878906,0.6147140670264398
Bentheimer,375,2.5158510208129883,67.0701675415039,0.6143347438710103
Bentheimer,376,67.1943130493164,68.17820739746094,0.7270174631550755
Bentheimer,377,61.21696853637695,65.19180297851562,0.7344629400670344
Bentheimer,378,66.990234375,68.75048065185547,0.7550495760513987
Bentheimer,379,67.78137969970703,69.44285583496094,0.7236477928756688
Bentheimer,380,48.66054916381836,49.31865310668945,0.8844722758665049
Bentheimer,381,47.50190353393555,48.53706359863281,0.8893407556166243
Bentheimer,382,39.034908294677734,39.72650146484375,0.9054313502803418
Bentheimer,383,44.9183235168457,45.99037551879883,0.8861187093070979
Bentheimer,384,36.62853240966797,85.0400390625,0.5203424822985478
Bentheimer,385,46.638607025146484,87.49826049804688,0.3817852829805567
Bentheimer,386,47.96535110473633,78.1496810913086,0.5003917067579872
Bentheimer,387,46.99656677246094,84.95401000976562,0.49799840295156717
Bentheimer,388,36.10896682739258,57.047489166259766,0.6988893020161325
Bentheimer,389,54.689815521240234,56.59012985229492,0.7042529799693822
Bentheimer,390,50.49840545654297,56.59920883178711,0.6425422537628159
Bentheimer,391,45.012210845947266,55.60935974121094,0.7174979829504182
Bentheimer,392,35.106956481933594,45.10533905029297,0.7321362827722013
Bentheimer,393,54.005008697509766,56.864383697509766,0.6912313258356176
Bentheimer,394,42.31698989868164,53.08733367919922,0.6708363936792365
Bentheimer,395,28.99827003479004,49.668663024902344,0.664258632268935
Bentheimer,396,78.0130386352539,78.42430877685547,0.9364053615034552
Bentheimer,397,76.79467010498047,77.3609848022461,0.9093230288552352
Bentheimer,398,79.0718994140625,79.91604614257812,0.9178392770163522
Bentheimer,399,78.7179946899414,79.14128875732422,0.9304476563852967
Bentheimer,400,76.50225067138672,77.78224182128906,0.8927157424142584
Bentheimer,401,79.01848602294922,82.88387298583984,0.8005690424198639
Bentheimer,402,75.8685302734375,80.45611572265625,0.8036978142226928
Bentheimer,403,72.54755401611328,73.65934753417969,0.8516010195497908
Bentheimer,404,54.37847137451172,55.800575256347656,0.9076495306528661
Bentheimer,405,58.58686447143555,60.302879333496094,0.8536170823359116
Bentheimer,406,56.641422271728516,56.665733337402344,0.9228009355365738
Bentheimer,407,61.50461959838867,62.09767532348633,0.9118561069187647
Bentheimer,408,83.39160919189453,83.06415557861328,0.8171386782779534
Bentheimer,409,84.702392578125,84.30450439453125,0.7526739280278646
Bentheimer,410,84.97901916503906,84.56658172607422,0.765964646923731
Bentheimer,411,81.70175170898438,80.444091796875,0.815723771457849
Bentheimer,412,46.60691452026367,62.371986389160156,0.671080402122925
Bentheimer,413,55.5079345703125,58.434391021728516,0.6410195004447956
Bentheimer,414,53.086177825927734,55.86980056762695,0.7620279136927458
Bentheimer,415,37.69569778442383,60.492435455322266,0.6309945052763093
Bentheimer,416,45.362892150878906,45.69438934326172,0.8886019315659243
Bentheimer,417,52.75761795043945,54.88084411621094,0.8719197259551026
Bentheimer,418,46.48276901245117,47.76753234863281,0.8364516060407392
Bentheimer,419,53.07354736328125,53.00396728515625,0.8580626577987595
Bentheimer,420,64.3073501586914,59.1619873046875,0.7943600935721641
Bentheimer,421,73.86620330810547,70.29922485351562,0.7890915212909545
Bentheimer,422,65.6822509765625,63.73139953613281,0.695937527529727
Bentheimer,423,67.66053009033203,63.10441970825195,0.6988780041122822
Berea Buff,0,16.342361450195312,42.145790100097656,0.7879205202989545
Berea Buff,1,10.95963191986084,45.67202377319336,0.7597821734320699
Berea Buff,2,27.671281814575195,50.558834075927734,0.7482767034494736
Berea Buff,3,27.02256965637207,53.68305206298828,0.742486915380957
Berea Buff,4,75.1507339477539,78.74649810791016,0.7308933042478263
Berea Buff,5,73.16532135009766,74.27078247070312,0.6652957017177502
Berea Buff,6,68.9041976928711,72.86182403564453,0.7880128184839063
Berea Buff,7,75.7122573852539,79.485107421875,0.485085639267078
Berea Buff,8,66.9366683959961,66.35649108886719,0.785081135215689
Berea Buff,9,68.96624755859375,70.09750366210938,0.7415847891784443
Berea Buff,10,68.9720458984375,69.73469543457031,0.695875684388565
Berea Buff,11,65.54268646240234,65.1744384765625,0.7727508665419469
Berea Buff,12,26.71853256225586,36.0040283203125,0.8969629916071624
Berea Buff,13,36.03361892700195,41.695106506347656,0.8307745136366159
Berea Buff,14,32.889137268066406,38.326377868652344,0.8827560415769031
Berea Buff,15,28.90041732788086,36.42167282104492,0.8829846785787561
Berea Buff,16,51.764347076416016,54.72657775878906,0.897143625510443
Berea Buff,17,56.650360107421875,60.26139831542969,0.8738541555782431
Berea Buff,18,52.917911529541016,55.31179428100586,0.8824452425123422
Berea Buff,19,51.9681510925293,54.85868835449219,0.8636170558350545
Berea Buff,20,35.32328414916992,49.0179328918457,0.7086711763318471
Berea Buff,21,38.039337158203125,54.28917694091797,0.7303827662342338
Berea Buff,22,24.501428604125977,50.473026275634766,0.7333639292461264
Berea Buff,23,29.990020751953125,51.46712112426758,0.713320705817792
Berea Buff,24,61.40114212036133,69.02023315429688,0.7172849985958372
Berea Buff,25,57.1995735168457,61.02965545654297,0.8710986645444707
Berea Buff,26,58.5954704284668,62.158775329589844,0.839888271104568
Berea Buff,27,58.35837936401367,62.37691116333008,0.7957244496143911
Berea Buff,28,70.31670379638672,71.26721954345703,0.6359366278471472
Berea Buff,29,75.63817596435547,76.26123046875,0.7155000334193922
Berea Buff,30,75.4386978149414,75.70899200439453,0.7518250053776654
Berea Buff,31,76.34513854980469,75.19844055175781,0.649258339936111
Berea Buff,32,38.647422790527344,129.0052032470703,0.3957599072099938
Berea Buff,33,15.537043571472168,110.99920654296875,0.39710931471806477
Berea Buff,34,41.87023162841797,139.20008850097656,0.34913643207136735
Berea Buff,35,33.47993850708008,134.46499633789062,0.3549246702021108
Berea Buff,36,14.398295402526855,58.55317306518555,0.6086538356237121
Berea Buff,37,24.14802360534668,58.547367095947266,0.6154374460355193
Berea Buff,38,17.186073303222656,62.185340881347656,0.5727759407173367
Berea Buff,39,19.512067794799805,60.5536994934082,0.6040601467441464
Berea Buff,40,67.9696044921875,71.89781951904297,0.7265523370795394
Berea Buff,41,66.88505554199219,70.85893249511719,0.7867342120115
Berea Buff,42,64.98823547363281,74.77056121826172,0.7545764548853442
Berea Buff,43,61.812171936035156,72.90380096435547,0.7333017889303118
Berea Buff,44,75.60598754882812,77.41970825195312,0.739805547536346
Berea Buff,45,70.48443603515625,73.42825317382812,0.7866175458638406
Berea Buff,46,62.12113952636719,70.52298736572266,0.8008088568483185
Berea Buff,47,71.28742218017578,75.53488159179688,0.7747065140936312
Berea Buff,48,15.629737854003906,51.66419982910156,0.8468214744102178
Berea Buff,49,19.41591453552246,55.718563079833984,0.8490204543192129
Berea Buff,50,32.76014709472656,71.93976593017578,0.8022405606729548
Berea Buff,51,23.245384216308594,58.44891357421875,0.8352707062145216
Berea Buff,52,62.7340087890625,62.112850189208984,0.910016767100393
Berea Buff,53,57.14826583862305,55.535884857177734,0.8733941817483343
Berea Buff,54,59.7655143737793,60.860416412353516,0.8819727662272691
Berea Buff,55,61.324493408203125,61.748470306396484,0.8810082469057356
Berea Buff,56,30.190975189208984,97.4119873046875,0.3365345416600824
Berea Buff,57,49.94465637207031,78.91508483886719,0.37244206783423184
Berea Buff,58,40.57007598876953,71.16889190673828,0.4327309597305791
Berea Buff,59,28.60715675354004,95.84065246582031,0.3835471600707122
Berea Buff,60,53.92997360229492,57.342857360839844,0.7752214892771733
Berea Buff,61,53.82672882080078,61.38935852050781,0.7556536565727385
Berea Buff,62,35.39280319213867,54.580142974853516,0.7735123120200103
Berea Buff,63,42.066837310791016,54.129783630371094,0.815906197853254
Berea Buff,64,53.95545196533203,51.20950698852539,0.7868120429538805
Berea Buff,65,58.438926696777344,57.8499641418457,0.9082216016700534
Berea Buff,66,50.89203643798828,49.579612731933594,0.8243990144437309
Berea Buff,67,60.56569290161133,59.32123947143555,0.801448723244158
Berea Buff,68,38.5161018371582,37.00676345825195,0.9566631650074944
Berea Buff,69,32.73699188232422,31.80662727355957,0.9617017261413854
Berea Buff,70,32.44324493408203,30.67994499206543,0.9419243181717085
Berea Buff,71,30.343217849731445,30.527095794677734,0.9523142514351596
Berea Buff,72,84.767578125,85.40994262695312,0.8986895052114636
Berea Buff,73,82.78898620605469,82.79920196533203,0.840437183897925
Berea Buff,74,81.32136535644531,81.85772705078125,0.9268432824154511
Berea Buff,75,78.44073486328125,79.193603515625,0.9411463876937163
Berea Buff,76,32.17473220825195,36.40878677368164,0.8960596795857535
Berea Buff,77,30.304058074951172,34.68753433227539,0.9191645683952214
Berea Buff,78,41.44572830200195,43.02131652832031,0.9132697908783922
Berea Buff,79,39.8229866027832,42.37029266357422,0.9164761634085787
Berea Buff,80,37.939884185791016,40.57891845703125,0.8371226166092633
Berea Buff,81,35.05574417114258,40.4254264831543,0.8115722331369232
Berea Buff,82,45.449466705322266,45.76412582397461,0.7877823763228032
Berea Buff,83,44.70072555541992,47.194847106933594,0.7858223902375294
Berea Buff,84,0.6050188541412354,60.499351501464844,0.7880546733632008
Berea Buff,85,3.0836498737335205,57.553497314453125,0.8006527280380162
Berea Buff,86,6.9751877784729,51.62810516357422,0.8094338143213987
Berea Buff,87,5.336122989654541,53.38554763793945,0.7954364808561524
Berea Buff,88,58.081016540527344,59.79207992553711,0.9236164467161584
Berea Buff,89,71.169677734375,71.96795654296875,0.92223972015081
Berea Buff,90,64.95882415771484,67.01263427734375,0.9138945890341
Berea Buff,91,50.80732345581055,52.597930908203125,0.8856829390047918
Berea Buff,92,15.385543823242188,120.59871673583984,0.42059224723371474
Berea Buff,93,9.861863136291504,119.12135314941406,0.3822964860487642
Berea Buff,94,45.542686462402344,137.04983520507812,0.4528965559305419
Berea Buff,95,12.021400451660156,112.41092681884766,0.482119465327541
Berea Buff,96,75.17250061035156,76.48838806152344,0.90062204100567
Berea Buff,97,79.51647186279297,79.24048614501953,0.7139211025552753
Berea Buff,98,74.55934143066406,74.75170135498047,0.8915047679512444
Berea Buff,99,77.0135498046875,76.9939193725586,0.9029574021297507
Berea Buff,100,84.4646987915039,84.9985580444336,0.8163562488519654
Berea Buff,101,83.2999496459961,83.95685577392578,0.8570832622224067
Berea Buff,102,79.77838134765625,80.05423736572266,0.8774388442856048
Berea Buff,103,80.92218780517578,81.56584167480469,0.8725254933829819
Berea Buff,104,38.061500549316406,51.28091049194336,0.6783277807574546
Berea Buff,105,32.031063079833984,54.92611312866211,0.659066758394224
Berea Buff,106,38.160438537597656,52.523170471191406,0.6875010453791992
Berea Buff,107,35.280025482177734,47.231361389160156,0.7118006103644325
Berea Buff,108,1.6194002628326416,44.33077621459961,0.8365848286262831
Berea Buff,109,0.9095766544342041,43.58431625366211,0.8464181630200576
Berea Buff,110,6.203598976135254,41.42353057861328,0.8748274286894901
Berea Buff,111,9.031730651855469,42.380821228027344,0.8869338163872422
Berea Buff,112,70.84661102294922,71.75738525390625,0.9439304440530673
Berea Buff,113,73.36563873291016,74.66240692138672,0.9442429040938346
Berea Buff,114,72.02962493896484,73.99763488769531,0.9442447894442707
Berea Buff,115,70.10568237304688,71.66372680664062,0.9605266926630196
Berea Buff,116,21.736583709716797,64.52476501464844,0.5328664407775229
Berea Buff,117,31.955472946166992,59.369991302490234,0.5553474328284201
Berea Buff,118,41.61915588378906,57.40998458862305,0.5927369634454301
Berea Buff,119,37.805633544921875,60.00764083862305,0.5341683315419474
Berea Buff,120,50.99755096435547,77.69573211669922,0.2296718923372478
Berea Buff,121,39.86984634399414,98.34575653076172,0.10602382935740408
Berea Buff,122,38.597129821777344,85.50629425048828,0.00929912710544719
Berea Buff,123,43.316680908203125,85.04544067382812,0.0777785567280209
Berea Buff,124,53.943565368652344,55.282127380371094,0.9463227522342861
Berea Buff,125,60.65341567993164,62.25077438354492,0.9452244385803236
Berea Buff,126,60.32875061035156,61.23456954956055,0.9480930033501309
Berea Buff,127,58.125213623046875,59.81496047973633,0.933952534858515
Berea Buff,128,77.3603286743164,169.88131713867188,0.4176776988898423
Berea Buff,129,64.92494201660156,165.68930053710938,0.381592689886963
Berea Buff,130,58.90807342529297,142.76393127441406,0.45324795493387277
Berea Buff,131,91.06192779541016,179.33766174316406,0.4361583849682979
Berea Buff,132,55.136016845703125,56.94769287109375,0.6831491594023478
Berea Buff,133,53.1029167175293,54.46800231933594,0.8073800561800218
Berea Buff,134,47.80620193481445,46.39079666137695,0.830539180810607
Berea Buff,135,51.76378631591797,52.48983383178711,0.739925703482733
Berea Buff,136,16.755416870117188,49.84140396118164,0.7435931834511335
Berea Buff,137,27.31773567199707,46.78888702392578,0.7739187580698917
Berea Buff,138,24.900381088256836,46.23511505126953,0.7527610437040068
Berea Buff,139,21.32111167907715,46.05886459350586,0.7556294178903846
Berea Buff,140,0.25354743003845215,62.56941223144531,0.6792878596277415
Berea Buff,141,6.634242534637451,65.23146057128906,0.6794948269135661
Berea Buff,142,2.2605061531066895,63.27073287963867,0.6881150510503686
Berea Buff,143,9.278719902038574,67.84606170654297,0.6224815938493837
Berea Buff,144,27.55202293395996,44.194705963134766,0.8541727992959989
Berea Buff,145,37.90134811401367,43.845401763916016,0.8786755479789936
Berea Buff,146,32.30770492553711,42.86659240722656,0.8977584340325031
Berea Buff,147,24.857860565185547,40.96800231933594,0.9038804744316975
Berea Buff,148,9.747635841369629,41.612525939941406,0.7671010680753736
Berea Buff,149,17.82982635498047,41.58919906616211,0.7541459544066311
Berea Buff,150,8.100603103637695,39.53900909423828,0.7751978210518161
Berea Buff,151,12.028315544128418,42.6782341003418,0.779387747679414
Berea Buff,152,53.081153869628906,63.71906661987305,0.7650526546978346
Berea Buff,153,52.53831481933594,53.35154724121094,0.8304873326131473
Berea Buff,154,39.32754135131836,46.94911575317383,0.8259382050913203
Berea Buff,155,48.290950775146484,50.65091323852539,0.8504885572176588
Berea Buff,156,66.17628479003906,67.57202911376953,0.7880899695051218
Berea Buff,157,57.14194869995117,57.04200744628906,0.8263691413635004
Berea Buff,158,61.162513732910156,60.91664123535156,0.7686747765229285
Berea Buff,159,71.07305145263672,71.9860610961914,0.7995072393585234
Berea Buff,160,55.75598907470703,132.57606506347656,0.4007763354021021
Berea Buff,161,89.31685638427734,149.2605743408203,0.38670743241738864
Berea Buff,162,69.73355865478516,144.83551025390625,0.4059256315897154
Berea Buff,163,51.203304290771484,125.3613510131836,0.36493970598407705
Berea Buff,164,66.42304992675781,68.33116912841797,0.7093777435185036
Berea Buff,165,60.444671630859375,63.2387809753418,0.7601230296891722
Berea Buff,166,62.1449089050293,64.00695037841797,0.8255967354544324
Berea Buff,167,68.01241302490234,70.08123779296875,0.777830080075602
Berea Buff,168,25.626644134521484,59.04692077636719,0.6923426074704145
Berea Buff,169,29.56975746154785,53.51179122924805,0.7025054461796292
Berea Buff,170,41.47819137573242,54.22843933105469,0.6781072728670089
Berea Buff,171,28.93959617614746,49.053871154785156,0.7176927829570797
Berea Buff,172,17.40770721435547,27.638687133789062,0.9217002457007677
Berea Buff,173,20.772663116455078,28.58257293701172,0.9061034195506065
Berea Buff,174,13.877738952636719,25.688350677490234,0.931512730417973
Berea Buff,175,14.323943138122559,24.998018264770508,0.9355867581550004
Berea Buff,176,4.285852909088135,59.041748046875,0.7252401349477886
Berea Buff,177,5.239952564239502,60.53960037231445,0.7246931928104408
Berea Buff,178,0.18198511004447937,55.91696548461914,0.6938168750588743
Berea Buff,179,8.095915794372559,47.9140625,0.7525156328555509
Berea Buff,180,65.57180786132812,65.55252838134766,0.917045925630421
Berea Buff,181,68.92220306396484,68.72701263427734,0.9254698266685774
Berea Buff,182,71.53715515136719,71.21586608886719,0.9228961955642688
Berea Buff,183,67.82797241210938,66.3441390991211,0.9112481617452628
Berea Buff,184,50.5849609375,53.139007568359375,0.7153253571554512
Berea Buff,185,50.26750183105469,49.78776168823242,0.7732794505855536
Berea Buff,186,49.836917877197266,51.61033248901367,0.7500338990076182
Berea Buff,187,56.407222747802734,56.652400970458984,0.67609132536128
Berea Buff,188,43.90757369995117,42.97715759277344,0.9354003100666557
Berea Buff,189,44.82360076904297,43.72969055175781,0.9380253222625812
Berea Buff,190,42.61979675292969,41.76897048950195,0.9349587509440774
Berea Buff,191,45.05667495727539,44.32289123535156,0.9356835580933448
Berea Buff,192,64.1530990600586,66.99805450439453,0.8017278666315227
Berea Buff,193,57.66615676879883,61.70095443725586,0.8154234492948541
Berea Buff,194,59.038902282714844,62.252803802490234,0.8412196754248565
Berea Buff,195,56.64086151123047,61.23471450805664,0.8298662738573732
Berea Buff,196,40.57597351074219,42.101165771484375,0.7877068333144162
Berea Buff,197,45.438987731933594,44.68526840209961,0.8203413933633675
Berea Buff,198,43.588138580322266,41.78614807128906,0.8857385942984548
Berea Buff,199,43.138771057128906,44.28602600097656,0.7895439644159881
Berea Buff,200,53.348907470703125,74.09408569335938,0.6870737005570293
Berea Buff,201,50.420982360839844,83.59544372558594,0.48983495094477
Berea Buff,202,63.2322998046875,77.18952941894531,0.5685029562261341
Berea Buff,203,68.72000122070312,74.53028869628906,0.7363315895718466
Berea Buff,204,54.550899505615234,55.144248962402344,0.954925709742058
Berea Buff,205,60.658836364746094,62.65946960449219,0.9284687184713392
Berea Buff,206,63.19342803955078,64.31950378417969,0.9643144592034918
Berea Buff,207,56.84832000732422,57.32931137084961,0.9479052539549128
Leopard,0,57.811767578125,79.22903442382812,0.47591066372677543
Leopard,1,60.69878005981445,82.41236877441406,0.4226029589441519
Leopard,2,53.36168670654297,78.64991760253906,0.5299102517824734
Leopard,3,64.71142578125,84.80957794189453,0.3843413606616806
Leopard,4,56.50044250488281,58.612972259521484,0.8380449070293243
Leopard,5,66.75154876708984,67.30816650390625,0.8213513280891518
Leopard,6,64.81653594970703,63.986515045166016,0.8468905670190712
Leopard,7,60.90867233276367,61.52136993408203,0.8745494628780355
Leopard,8,14.131735801696777,161.86703491210938,0.2975990988844862
Leopard,9,9.553135871887207,118.39643859863281,0.29286612497297315
Leopard,10,10.559919357299805,159.00953674316406,0.27473129343820946
Leopard,11,4.4520649909973145,162.02056884765625,0.26997822431240504
Leopard,12,3.9181408882141113,97.83951568603516,0.46945408171961567
Leopard,13,6.834818363189697,97.29167938232422,0.4534690596474192
Leopard,14,3.32202410697937,93.09176635742188,0.4841578651387122
Leopard,15,10.948575973510742,103.72950744628906,0.47542076375179665
Leopard,16,10.704484939575195,48.193084716796875,0.6656196748058428
Leopard,17,11.869140625,61.2643928527832,0.6553425816138709
Leopard,18,31.71407699584961,60.02372360229492,0.6606550423246724
Leopard,19,2.428546667098999,60.620361328125,0.6756444694596536
Leopard,20,49.24969482421875,74.40949249267578,0.5351085157151174
Leopard,21,44.108131408691406,76.56472778320312,0.5970776996054078
Leopard,22,38.371726989746094,87.23416137695312,0.42835500921958036
Leopard,23,36.62049102783203,79.78915405273438,0.45165449438152083
Leopard,24,69.4620590209961,70.25054931640625,0.8834355338384526
Leopard,25,67.97827911376953,68.77899169921875,0.8614010466622072
Leopard,26,66.83250427246094,67.62266540527344,0.8732428425072941
Leopard,27,71.52249145507812,72.37975311279297,0.8554963922575508
Leopard,28,83.49281311035156,81.6090087890625,0.8352267719885393
Leopard,29,87.3484115600586,84.6651382446289,0.6905047230878472
Leopard,30,80.4955825805664,78.08718872070312,0.8201065417563095
Leopard,31,80.52947235107422,78.28791809082031,0.8338781546620746
Leopard,32,81.07949829101562,82.4938735961914,0.770692670817359
Leopard,33,77.5783462524414,79.17704772949219,0.8399115784354385
Leopard,34,77.481201171875,78.9134521484375,0.8164171079964138
Leopard,35,83.57354736328125,83.85469818115234,0.8109026501136071
Leopard,36,74.41352081298828,71.76428985595703,0.7207637430252133
Leopard,37,74.83741760253906,72.78962707519531,0.7940529572500368
Leopard,38,66.10212707519531,61.62641525268555,0.8685000908243632
Leopard,39,69.96864318847656,69.92654418945312,0.8330028666001881
Leopard,40,76.22625732421875,76.0337142944336,0.18603228513307973
Leopard,41,60.77699279785156,81.8832015991211,0.2298382713794574
Leopard,42,43.195289611816406,83.29558563232422,0.21837236424192122
Leopard,43,45.072113037109375,95.58112335205078,0.07626688226992738
Leopard,44,60.70008087158203,57.998165130615234,0.539888109429521
Leopard,45,67.39044952392578,63.92133331298828,0.48984637111966967
Leopard,46,60.366485595703125,66.68704986572266,0.4847534832437426
Leopard,47,47.79111099243164,60.59709930419922,0.499454087418591
Leopard,48,1204.7529296875,2315.126953125,0.004926552136473402
Leopard,49,928.3634033203125,1803.5185546875,0.09489251435665563
Leopard,50,1077.247802734375,2269.595947265625,0.026199426758216855
Leopard,51,414.66107177734375,793.9630126953125,0.11898608190277579
Leopard,52,73.86122131347656,73.66664123535156,0.8662456244738376
Leopard,53,76.14470672607422,76.176513671875,0.8950534910559529
Leopard,54,75.25174713134766,75.76964569091797,0.9080308217893291
Leopard,55,74.44965362548828,74.8243637084961,0.8950409709268682
Leopard,56,69.544921875,69.21126556396484,0.9683312680637998
Leopard,57,69.83741760253906,69.0152816772461,0.9590506650144466
Leopard,58,69.4682846069336,70.78994750976562,0.9675311774650558
Leopard,59,66.97799682617188,66.26704406738281,0.9704563068317921
Leopard,60,71.53922271728516,115.09950256347656,0.0003126165515934251
Leopard,61,52.572452545166016,123.024169921875,0.052162873236121246
Leopard,62,128.71063232421875,150.3448028564453,0.08123515919348358
Leopard,63,62.46279525756836,135.4898223876953,0.09725170612536241
Leopard,64,49.49568557739258,51.60826873779297,0.9509689720877215
Leopard,65,34.00174331665039,38.105953216552734,0.9578841136151482
Leopard,66,44.52085494995117,50.16437530517578,0.9559529350536534
Leopard,67,40.51747131347656,44.84990310668945,0.9524440582309287
Leopard,68,37.05618667602539,64.71766662597656,0.5663088662288173
Leopard,69,37.026390075683594,76.14595794677734,0.47854373400335504
Leopard,70,15.946574211120605,71.64875030517578,0.4684817744396988
Leopard,71,12.927305221557617,79.68395233154297,0.4434205558184232
Leopard,72,77.01390838623047,73.21354675292969,0.7956836510705719
Leopard,73,76.2532958984375,70.37269592285156,0.5962029631692821
Leopard,74,76.6309585571289,71.31871795654297,0.7512435010921107
Leopard,75,81.14812469482422,76.44617462158203,0.7252798763110178
Leopard,76,69.15955352783203,78.54423522949219,0.5876766887433622
Leopard,77,47.939048767089844,76.70162200927734,0.515555407174499
Leopard,78,65.37249755859375,82.78753662109375,0.43678273032115866
Leopard,79,62.27622604370117,74.75202941894531,0.7166262495893032
Leopard,80,81.25074768066406,81.44200897216797,0.9561490970245197
Leopard,81,81.1457290649414,81.23677062988281,0.9193716384015632
Leopard,82,80.83598327636719,81.4730224609375,0.9321093206425349
Leopard,83,79.3519058227539,79.52556610107422,0.9630546592597623
Leopard,84,70.52903747558594,72.18891906738281,0.7604291274876182
Leopard,85,60.98971176147461,62.68096160888672,0.8313492385119412
Leopard,86,54.29312515258789,56.02239227294922,0.8965384356927973
Leopard,87,59.01362991333008,62.20750427246094,0.795415527447242
Leopard,88,88.79706573486328,78.05278778076172,0.40192335824616515
Leopard,89,89.62693786621094,79.2236557006836,0.39971629675686776
Leopard,90,92.8492202758789,79.99778747558594,0.5615227366321439
Leopard,91,83.1710205078125,75.44499206542969,0.43681409585199454
Leopard,92,39.9570198059082,58.213863372802734,0.5612918804126095
Leopard,93,40.51049041748047,64.20938873291016,0.49967214777836383
Leopard,94,41.172672271728516,54.498069763183594,0.5582610598971732
Leopard,95,36.8317756652832,60.40361022949219,0.5638352152894242
Leopard,96,66.25724029541016,60.0894775390625,0.7098508566300925
Leopard,97,76.57603454589844,66.71011352539062,0.5812857363375399
Leopard,98,70.34907531738281,71.12442016601562,0.44254480440203864
Leopard,99,78.1595230102539,70.75792694091797,0.49048026765533487
Leopard,100,48.811832427978516,47.96187973022461,0.8019244473816833
Leopard,101,50.2657356262207,50.61392593383789,0.8653949685509924
Leopard,102,42.78656768798828,45.416141510009766,0.7849576364546218
Leopard,103,59.068267822265625,58.95424270629883,0.8081187290077643
Leopard,104,79.51924896240234,163.716064453125,0.44682332002509917
Leopard,105,81.35884094238281,152.62599182128906,0.528742035249658
Leopard,106,57.05613708496094,134.9354248046875,0.47318316438107977
Leopard,107,41.65077209472656,124.13825225830078,0.48691201064391954
Leopard,108,23.373502731323242,83.9629898071289,0.5568264395637105
Leopard,109,35.59871292114258,84.72789764404297,0.43681318136706554
Leopard,110,38.86360549926758,82.96739959716797,0.5070593574522436
Leopard,111,40.811527252197266,76.37495422363281,0.5317941193740393
Leopard,112,53.86674499511719,53.207340240478516,0.33541705832444646
Leopard,113,51.200618743896484,50.7911491394043,0.41902566911490174
Leopard,114,63.35401916503906,55.275333404541016,0.4462287589935135
Leopard,115,62.174015045166016,59.97563934326172,0.3291681870255003
Leopard,116,72.25701141357422,72.75753021240234,0.9362985499433915
Leopard,117,78.35740661621094,77.93770599365234,0.926063573986892
Leopard,118,72.99678039550781,73.01599884033203,0.8942341792225029
Leopard,119,74.81275177001953,74.80638122558594,0.893774187556255
Leopard,120,50.501487731933594,61.479515075683594,0.7100774923980366
Leopard,121,53.758583068847656,60.4376220703125,0.709781092677754
Leopard,122,56.88347244262695,60.79212951660156,0.6641856104679985
Leopard,123,68.61260986328125,73.98226928710938,0.5085170509009657
Leopard,124,20.34735679626465,44.14466857910156,0.697943720544908
Leopard,125,6.55846643447876,47.16293716430664,0.6754398294118895
Leopard,126,5.471389293670654,40.45746994018555,0.67751269500225
Leopard,127,11.666257858276367,62.28067398071289,0.6467802623044012
Leopard,128,97.39481353759766,84.08372497558594,0.2723080387454233
Leopard,129,97.47338104248047,83.4394302368164,0.41367354220923114
Leopard,130,99.45411682128906,82.0019760131836,0.28100989250623715
Leopard,131,98.0103988647461,82.21307373046875,0.2226598485000694
Leopard,132,62.332881927490234,61.249141693115234,0.7439674810152465
Leopard,133,58.84980773925781,55.894569396972656,0.7345512915914887
Leopard,134,66.31610870361328,65.79179382324219,0.7889830707803921
Leopard,135,64.28759002685547,63.209075927734375,0.7423227622154656
Leopard,136,81.05699920654297,76.60749816894531,0.4043808843566755
Leopard,137,80.14246368408203,75.11653900146484,0.416692061528443
Leopard,138,67.14002990722656,75.69049072265625,0.34926836848119325
Leopard,139,76.41384887695312,72.02861022949219,0.3826539447863483
Leopard,140,87.17222595214844,86.17183685302734,0.6362799592109291
Leopard,141,86.28662109375,85.37564849853516,0.5572685683898685
Leopard,142,80.4113998413086,80.14601135253906,0.5400188972402574
Leopard,143,85.30016326904297,84.36009979248047,0.5409756288978967
Leopard,144,62.682987213134766,55.09159851074219,0.7853328148469386
Leopard,145,62.052310943603516,53.75251388549805,0.7172613956151711
Leopard,146,70.45231628417969,62.591880798339844,0.6081378367767022
Leopard,147,63.395790100097656,54.50815963745117,0.6873152442690164
Leopard,148,20.976619720458984,59.2926139831543,0.8223783890281047
Leopard,149,23.8232479095459,53.67866516113281,0.8095309791964314
Leopard,150,38.36386489868164,61.92951202392578,0.7422547770436578
Leopard,151,31.554540634155273,63.67487335205078,0.7398107160104933
Leopard,152,51.74628448486328,53.36165237426758,0.7093129310684638
Leopard,153,60.6451530456543,64.20912170410156,0.6752339217040496
Leopard,154,61.335933685302734,63.18621826171875,0.6836023087207981
Leopard,155,54.43722915649414,59.45561599731445,0.6941116355853834
Leopard,156,79.59477996826172,79.61356353759766,0.8573306396521733
Leopard,157,79.47097778320312,78.89677429199219,0.8643969371096494
Leopard,158,76.35704040527344,76.0409927368164,0.8527123787593184
Leopard,159,73.2469253540039,72.79118347167969,0.9184806127784211
Leopard,160,9.09054183959961,106.55996704101562,0.11216443380568132
Leopard,161,11.096235275268555,110.95606994628906,0.05601875272493327
Leopard,162,5.764188766479492,113.9175033569336,0.06190477094329715
Leopard,163,15.953088760375977,111.35629272460938,0.09710291230436503
Leopard,164,141.5884246826172,270.35467529296875,0.3622905240588634
Leopard,165,165.50888061523438,288.99749755859375,0.39466768519720896
Leopard,166,106.2326889038086,228.98541259765625,0.3678461657981533
Leopard,167,98.90536499023438,222.39161682128906,0.34614804144772093
Leopard,168,16093.396484375,16477.1640625,0.09596167604357866
Leopard,169,23015.3046875,23102.76953125,0.09059677526098865
Leopard,170,17729.388671875,18676.060546875,0.09574433168421469
Leopard,171,17531.720703125,18459.03515625,0.08738863206414092
Leopard,172,391.08465576171875,693.2276611328125,0.1455950171317935
Leopard,173,325.6010437011719,588.276123046875,0.12346930500721563
Leopard,174,301.60943603515625,562.6301879882812,0.11388794021162013
Leopard,175,321.10980224609375,577.3272705078125,0.0964517833362737
Leopard,176,74.89039611816406,75.05348205566406,0.7535786627328074
Leopard,177,83.7774887084961,82.7701644897461,0.7473845393193501
Leopard,178,75.68516540527344,74.0602798461914,0.7963850004912595
Leopard,179,77.30392456054688,74.736083984375,0.7964315158787665
Leopard,180,51.15859603881836,90.81307220458984,0.7404294705772112
Leopard,181,42.104530334472656,85.27568054199219,0.7609816261669236
Leopard,182,41.909507751464844,90.48567962646484,0.7242331025891843
Leopard,183,46.854061126708984,92.88192749023438,0.7179377763850732
Leopard,184,60.060546875,61.83193588256836,0.7983762381520955
Leopard,185,64.1905517578125,66.0903091430664,0.7681256190900632
Leopard,186,67.37432098388672,69.0330581665039,0.7846823355060445
Leopard,187,59.73502731323242,62.55748748779297,0.7690088608261643
Leopard,188,82.2771987915039,84.01367950439453,0.6829835734526964
Leopard,189,83.02974700927734,83.18179321289062,0.5635912205315367
Leopard,190,82.05177307128906,83.21098327636719,0.6892518410745815
Leopard,191,83.25129699707031,84.01457214355469,0.6232123688808275
Leopard,192,65.88825225830078,66.51597595214844,0.9063379693760478
Leopard,193,62.94609832763672,63.617942810058594,0.8914867704597995
Leopard,194,65.53496551513672,64.62850189208984,0.8954130074740749
Leopard,195,65.6458969116211,66.56062316894531,0.9186700197524359
Leopard,196,38.69211959838867,61.214134216308594,0.6892322328982742
Leopard,197,48.881046295166016,60.79883575439453,0.6568774928378226
Leopard,198,53.97301483154297,60.89695358276367,0.6899804575481446
Leopard,199,25.89664649963379,57.603633880615234,0.7250814425905542
Leopard,200,65.59524536132812,66.48738861083984,0.7724872108000436
Leopard,201,64.52770233154297,66.15594482421875,0.708878809196456
Leopard,202,62.765899658203125,67.15531158447266,0.7577473012690324
Leopard,203,58.76658248901367,59.44205856323242,0.8682205093287829
Leopard,204,366.73028564453125,697.58984375,0.12318567208455054
Leopard,205,366.78387451171875,705.0972900390625,0.11839749683717504
Leopard,206,343.105712890625,676.20068359375,0.0850740126202537
Leopard,207,425.51123046875,777.0281982421875,0.11292970618765702
Leopard,208,1673.7479248046875,3749.098388671875,0.13861557562761218
Leopard,209,2809.74560546875,4813.33203125,0.1242651710546051
Leopard,210,2287.643310546875,4074.2822265625,0.11464055540254055
Leopard,211,3449.377685546875,6310.34521484375,0.19850121061478898
Leopard,212,64.66368865966797,69.22509765625,0.8504856738979039
Leopard,213,57.369606018066406,63.567420959472656,0.8533962867220334
Leopard,214,51.21295928955078,57.297000885009766,0.8265874388205121
Leopard,215,48.91755294799805,53.74277877807617,0.881585187438351
Leopard,216,3.231764554977417,80.3085708618164,0.5871880243837663
Leopard,217,2.0118560791015625,90.78800201416016,0.5487867011772108
Leopard,218,1.9928209781646729,70.05561828613281,0.6860246897731745
Leopard,219,5.463677883148193,70.92003631591797,0.6652107813745929
Leopard,220,545.8411254882812,2162.998291015625,0.042582847514438395
Leopard,221,1290.1278076171875,3390.890380859375,-0.0060827573123418965
Leopard,222,1311.537841796875,2064.020263671875,0.011961957621138074
Leopard,223,2669.1494140625,4494.04248046875,0.04290443118176898
Leopard,224,71.18199157714844,132.67568969726562,0.6037361344984556
Leopard,225,98.35406494140625,133.85757446289062,0.6356209684335457
Leopard,226,97.19144439697266,141.1505584716797,0.6532479388132055
Leopard,227,113.56204986572266,162.1339111328125,0.6138400372766858
Leopard,228,72.53272247314453,69.3577880859375,0.6155201377443649
Leopard,229,71.46656036376953,67.6016845703125,0.7509623696419587
Leopard,230,79.23731994628906,77.5436782836914,0.7688605407634601
Leopard,231,69.61164093017578,66.03041076660156,0.6844078884252253
Leopard,232,83.61748504638672,85.14627075195312,0.7095234557284135
Leopard,233,80.52381896972656,81.5709228515625,0.5942871029706277
Leopard,234,80.28959655761719,80.59075927734375,0.7342107213916658
Leopard,235,72.30953979492188,72.95856475830078,0.7599111955889396
Leopard,236,80.19746398925781,76.61170196533203,0.5783418624230794
Leopard,237,77.88131713867188,78.36369323730469,0.41776248776238806
Leopard,238,69.1637954711914,69.30479431152344,0.5124464569460035
Leopard,239,77.01214599609375,73.30115509033203,0.5284615358551426
Leopard,240,71.97945404052734,71.43965148925781,0.9692007831107923
Leopard,241,75.78977966308594,75.2178955078125,0.9828342115933483
Leopard,242,80.13572692871094,79.46173858642578,0.9553031085165704
Leopard,243,76.05793762207031,75.71825408935547,0.9500191513288259
Leopard,244,76.00408172607422,77.8766098022461,0.6929295176407159
Leopard,245,73.20390319824219,75.70574188232422,0.5957199913632475
Leopard,246,74.39044189453125,74.92512512207031,0.5561826476178244
Leopard,247,71.06637573242188,72.35264587402344,0.570717990146303
Leopard,248,43.365257263183594,68.74354553222656,0.4295766623781532
Leopard,249,44.300079345703125,68.18498992919922,0.5740035747653653
Leopard,250,60.820865631103516,74.0089111328125,0.4929822437091378
Leopard,251,59.2055778503418,81.83051300048828,0.2666630640177658
Leopard,252,84.39134979248047,84.65658569335938,0.830641648979425
Leopard,253,82.7480697631836,82.95314025878906,0.769919503266794
Leopard,254,81.9561767578125,82.37203216552734,0.8564306290708352
Leopard,255,83.74137878417969,83.44225311279297,0.8284252162910284
Leopard,256,51.96403121948242,54.643375396728516,0.9227498487886802
Leopard,257,56.23379135131836,57.44791793823242,0.9343104529873103
Leopard,258,58.25424575805664,60.15436935424805,0.8874455021080174
Leopard,259,65.39190673828125,67.42887115478516,0.8863369616620925
Leopard,260,34.86872100830078,140.99488830566406,0.34123447895397885
Leopard,261,10.701971054077148,116.66130828857422,0.3316672147311538
Leopard,262,19.851415634155273,127.72337341308594,0.32227499994883935
Leopard,263,34.33549118041992,125.81856536865234,0.35185262525582645
Leopard,264,70.55020141601562,70.56287384033203,0.9181221622392012
Leopard,265,65.9059066772461,65.1550064086914,0.9060492446278201
Leopard,266,60.02780532836914,59.7357177734375,0.8942541403302517
Leopard,267,62.04704666137695,63.34346008300781,0.9111224242271867
Leopard,268,57.609519958496094,145.29925537109375,0.4872658307901576
Leopard,269,87.65746307373047,150.17733764648438,0.5267088878902815
Leopard,270,110.83068084716797,177.48654174804688,0.4962152259215432
Leopard,271,74.84333038330078,167.5157012939453,0.4896826720851454
Leopard,272,20.028608322143555,132.3340606689453,0.21196552317846265
Leopard,273,16.69367790222168,115.81723022460938,0.20411774491903387
Leopard,274,5.953758716583252,112.27594757080078,0.25507217919828523
Leopard,275,13.530838966369629,118.17694091796875,0.27764704308064414
Castle Gate,0,39.21827697753906,53.85479736328125,0.7844634079661246
Castle Gate,1,39.329410552978516,65.15904998779297,0.6536913454427558
Castle Gate,2,47.461177825927734,58.2038688659668,0.7535258808835229
Castle Gate,3,42.0423583984375,50.92610168457031,0.8060668235493611
Castle Gate,4,35.73747634887695,37.87083053588867,0.8964164978995773
Castle Gate,5,37.368106842041016,38.60602569580078,0.9212973240314579
Castle Gate,6,35.476417541503906,38.23717498779297,0.9097305148119987
Castle Gate,7,44.263736724853516,47.9847526550293,0.9222661998529637
Castle Gate,8,30.360746383666992,40.696990966796875,0.7912960134661775
Castle Gate,9,34.54462814331055,44.3741569519043,0.7829138923693156
Castle Gate,10,32.83015823364258,42.79823303222656,0.7907297536026598
Castle Gate,11,27.366125106811523,45.486053466796875,0.7906101566459731
Castle Gate,12,20.018781661987305,85.2488784790039,0.5030959286529312
Castle Gate,13,9.564330101013184,82.97191619873047,0.5329650872553283
Castle Gate,14,10.039958000183105,86.51316833496094,0.5400964395112551
Castle Gate,15,14.861871719360352,81.401123046875,0.5032762976781954
Castle Gate,16,39.27724075317383,57.2917594909668,0.5910487020260595
Castle Gate,17,41.77831268310547,53.49396514892578,0.634057650598699
Castle Gate,18,46.15519332885742,56.631717681884766,0.5830607435021596
Castle Gate,19,48.88444137573242,59.69511032104492,0.5218792730051758
Castle Gate,20,159.70736694335938,260.976318359375,0.40636588223521647
Castle Gate,21,166.74205017089844,282.6540222167969,0.3657036988418542
Castle Gate,22,175.43043518066406,291.2267150878906,0.33666040886497145
Castle Gate,23,184.17430114746094,300.1916198730469,0.3204334069848132
Castle Gate,24,70.0599136352539,71.37336730957031,0.9056095186980438
Castle Gate,25,70.62618255615234,72.48229217529297,0.8949774525538118
Castle Gate,26,66.31529235839844,68.70828247070312,0.8875998240649773
Castle Gate,27,69.63607788085938,71.30825805664062,0.8578244257402091
Castle Gate,28,44.06044006347656,54.93616485595703,0.7499580231848441
Castle Gate,29,36.484981536865234,60.461177825927734,0.7102786032680685
Castle Gate,30,38.50635528564453,56.84980010986328,0.72042142229081
Castle Gate,31,35.03999710083008,56.74884796142578,0.7325084086587996
Castle Gate,32,67.18803405761719,65.0075454711914,0.6238577535881116
Castle Gate,33,67.91763305664062,66.08714294433594,0.7090124484272964
Castle Gate,34,70.36458587646484,68.89302062988281,0.5719202208768528
Castle Gate,35,66.88672637939453,66.05876159667969,0.6256109299881957
Castle Gate,36,38.1619987487793,73.4777603149414,0.31094894014369123
Castle Gate,37,37.760169982910156,85.92711639404297,0.3170349212021497
Castle Gate,38,25.386362075805664,90.2772445678711,0.3168432127289396
Castle Gate,39,4.154339790344238,107.62529754638672,0.4030013640604757
Castle Gate,40,61.75216293334961,67.73591613769531,0.8793930944484472
Castle Gate,41,63.7107048034668,69.9446029663086,0.8710184422311313
Castle Gate,42,64.00050354003906,68.15960693359375,0.8950087331669425
Castle Gate,43,59.16640853881836,64.8151626586914,0.8839095515611828
Castle Gate,44,82.71268463134766,81.85797119140625,0.7574202681608112
Castle Gate,45,79.464111328125,79.23759460449219,0.7888431430447276
Castle Gate,46,79.5206069946289,78.1410903930664,0.7419416983701179
Castle Gate,47,84.45655822753906,83.25273132324219,0.7241801899930443
Castle Gate,48,22.889724731445312,69.16035461425781,0.5541133625322332
Castle Gate,49,40.781490325927734,78.78018951416016,0.40480230260357486
Castle Gate,50,34.480140686035156,72.90074920654297,0.5489282545634995
Castle Gate,51,36.0137825012207,58.94397735595703,0.6146987888692508
Castle Gate,52,23.722431182861328,33.8503303527832,0.8110551057935806
Castle Gate,53,21.106401443481445,39.4891242980957,0.8024123691993755
Castle Gate,54,17.96706771850586,39.27693176269531,0.7940361561230544
Castle Gate,55,14.32932186126709,50.16577911376953,0.7887713802550429
Castle Gate,56,38.851253509521484,68.9814453125,0.6106443659263707
Castle Gate,57,46.298377990722656,76.94563293457031,0.5074588627803092
Castle Gate,58,42.08533477783203,77.62255096435547,0.5156290006559955
Castle Gate,59,39.94966125488281,70.15950012207031,0.5793242871731339
Castle Gate,60,50.905250549316406,54.84115219116211,0.6517395400647238
Castle Gate,61,52.40652847290039,54.456634521484375,0.6627841489368704
Castle Gate,62,50.92836380004883,55.570003509521484,0.6253217391638564
Castle Gate,63,50.31439971923828,56.48971939086914,0.6344408668855511
Castle Gate,64,66.90180206298828,65.6965103149414,0.7762080986915005
Castle Gate,65,71.93895721435547,70.20044708251953,0.7001024635306624
Castle Gate,66,72.27642059326172,71.34777069091797,0.7392668117197511
Castle Gate,67,59.980438232421875,59.07892608642578,0.7198220320885792
Castle Gate,68,199.06863403320312,347.26824951171875,0.3106964800809682
Castle Gate,69,212.2561798095703,345.35736083984375,0.30902002438443693
Castle Gate,70,212.97686767578125,364.2270812988281,0.32239312587805596
Castle Gate,71,199.88259887695312,366.8632507324219,0.28000815017500996
Castle Gate,72,54.55409240722656,55.274879455566406,0.7375030948117776
Castle Gate,73,54.10908126831055,56.94488525390625,0.6736183169546696
Castle Gate,74,51.921104431152344,54.07929992675781,0.7473290200877883
Castle Gate,75,43.44835662841797,58.84198760986328,0.6194334265117517
Castle Gate,76,42.9238166809082,58.185733795166016,0.6375019811725455
Castle Gate,77,52.210079193115234,61.58967590332031,0.6168974777949858
Castle Gate,78,47.21396255493164,56.687232971191406,0.6565793783831028
Castle Gate,79,39.175750732421875,57.525115966796875,0.6578040091033976
Castle Gate,80,266.5304260253906,312.7267761230469,0.21830926643717663
Castle Gate,81,286.70843505859375,332.77923583984375,0.21305548135781646
Castle Gate,82,276.48284912109375,333.0113830566406,0.2319650342877433
Castle Gate,83,262.48297119140625,332.7771301269531,0.2696212034822932
Castle Gate,84,58.745296478271484,58.585182189941406,0.9639917563794016
Castle Gate,85,56.7572135925293,55.38759994506836,0.9813992907205148
Castle Gate,86,53.72382354736328,53.57679748535156,0.9790791760539667
Castle Gate,87,54.22617721557617,54.0026969909668,0.9737238740255381
Castle Gate,88,62.76090621948242,61.46017837524414,0.7983367355764263
Castle Gate,89,59.43949508666992,58.27384567260742,0.8744319927509184
Castle Gate,90,64.39518737792969,64.23035430908203,0.877660711580053
Castle Gate,91,61.722293853759766,58.15115737915039,0.8327732492333301
Castle Gate,92,11.479535102844238,109.03585815429688,0.4174243626485074
Castle Gate,93,10.9094877243042,105.28300476074219,0.45776501853609264
Castle Gate,94,1.030539870262146,86.73230743408203,0.4997801437513497
Castle Gate,95,25.42181396484375,115.23123931884766,0.42478326390086774
Castle Gate,96,17.182130813598633,54.41352081298828,0.7864128453745309
Castle Gate,97,14.417930603027344,48.37770080566406,0.833031575882272
Castle Gate,98,17.126848220825195,42.70647048950195,0.8652132821664804
Castle Gate,99,12.503000259399414,46.88298416137695,0.8482123618945222
Castle Gate,100,63.47057342529297,74.39608001708984,0.6554603410312394
Castle Gate,101,56.20671463012695,68.31309509277344,0.6211185575244255
Castle Gate,102,65.63908386230469,74.74908447265625,0.6947443418255377
Castle Gate,103,61.42021560668945,69.80152893066406,0.7370384136233685
Castle Gate,104,28.738378524780273,67.96485137939453,0.6191359047351154
Castle Gate,105,21.995784759521484,72.13331604003906,0.5955917056373861
Castle Gate,106,21.68745231628418,65.11161804199219,0.6817090882435196
Castle Gate,107,26.951995849609375,60.637542724609375,0.706958290652808
Castle Gate,108,30.28023338317871,75.56910705566406,0.48783062513978837
Castle Gate,109,30.431135177612305,78.16886901855469,0.4584762583683082
Castle Gate,110,25.295570373535156,91.89430236816406,0.34063377112174004
Castle Gate,111,38.05324172973633,70.90912628173828,0.5024849124105888
Castle Gate,112,114.80631256103516,214.5029296875,0.21574323745366347
Castle Gate,113,111.76167297363281,210.11402893066406,0.21357730831372412
Castle Gate,114,97.5350112915039,224.14259338378906,0.18593328779690307
Castle Gate,115,107.40318298339844,250.2908935546875,0.14438298789853257
Castle Gate,116,67.86675262451172,66.0050277709961,0.7651871294424417
Castle Gate,117,63.015167236328125,67.56465911865234,0.5827541621147768
Castle Gate,118,61.40581130981445,66.75906372070312,0.6024779450809455
Castle Gate,119,72.99662780761719,72.9598388671875,0.7260081739394111
Castle Gate,120,71.92682647705078,73.80223846435547,0.6189660498634773
Castle Gate,121,64.83133697509766,66.35724639892578,0.5959329240298051
Castle Gate,122,63.38228225708008,64.17859649658203,0.64001631706887
Castle Gate,123,66.83308410644531,66.73898315429688,0.6765139213633198
Castle Gate,124,48.59996032714844,58.68263626098633,0.6013675571306702
Castle Gate,125,47.936824798583984,55.94668197631836,0.5991421293340897
Castle Gate,126,49.6306266784668,57.21418762207031,0.5836248255062109
Castle Gate,127,53.5750846862793,54.761962890625,0.6291979673532349
Castle Gate,128,44.027992248535156,52.056175231933594,0.5982879859008966
Castle Gate,129,20.761205673217773,64.78083801269531,0.5414003772617606
Castle Gate,130,23.64983558654785,66.89457702636719,0.5408945908993886
Castle Gate,131,29.37453269958496,52.680660247802734,0.6081052276939001
Castle Gate,132,96.02743530273438,152.10348510742188,0.6090735047046795
Castle Gate,133,100.8123779296875,154.9257049560547,0.6107565525789425
Castle Gate,134,82.92635345458984,138.14564514160156,0.5998728394339179
Castle Gate,135,74.66535186767578,132.37158203125,0.5980934139356061
Castle Gate,136,48.85357666015625,52.636295318603516,0.7600300322131376
Castle Gate,137,42.87120056152344,48.030799865722656,0.8385137277556881
Castle Gate,138,52.15525436401367,54.551876068115234,0.8373640984298752
Castle Gate,139,61.521690368652344,63.37257766723633,0.7073912514817786
Castle Gate,140,57.51656723022461,65.43931579589844,0.6574696838306009
Castle Gate,141,53.19576644897461,58.33374786376953,0.7708257576710935
Castle Gate,142,49.04595947265625,51.8736457824707,0.6817136554797305
Castle Gate,143,53.95670700073242,67.50814056396484,0.48694854549472616
Castle Gate,144,10.062106132507324,64.32156372070312,0.618691033940725
Castle Gate,145,15.242430686950684,58.56560134887695,0.6450986593203946
Castle Gate,146,12.965400695800781,59.099578857421875,0.6270583976730136
Castle Gate,147,6.170608043670654,67.582275390625,0.6224786448406564
Castle Gate,148,95.00765991210938,200.2429656982422,0.27791583852446167
Castle Gate,149,126.6084213256836,256.201416015625,0.2172946180883431
Castle Gate,150,126.11466979980469,234.88760375976562,0.229328943431885
Castle Gate,151,79.35319519042969,200.0283660888672,0.2310827313387458
Castle Gate,152,47.73467254638672,50.18056869506836,0.8694826312443117
Castle Gate,153,43.42493438720703,44.725826263427734,0.8898959067221569
Castle Gate,154,42.175472259521484,44.80805587768555,0.9250530022470681
Castle Gate,155,37.399139404296875,43.018211364746094,0.891480062532897
Castle Gate,156,45.11174392700195,45.21403121948242,0.7862644894612064
Castle Gate,157,55.972503662109375,56.099571228027344,0.7368485017626343
Castle Gate,158,41.9337272644043,45.489688873291016,0.7576329377942591
Castle Gate,159,52.531620025634766,51.8922004699707,0.8047849778784253
Castle Gate,160,72.8521728515625,73.61161041259766,0.9461826735626427
Castle Gate,161,77.47602081298828,78.19501495361328,0.943095041885485
Castle Gate,162,79.05481719970703,79.75764465332031,0.9272320903324328
Castle Gate,163,75.46871948242188,76.42724609375,0.9281661978420814
Castle Gate,164,68.07295227050781,68.97923278808594,0.962260181850417
Castle Gate,165,68.1407241821289,68.76307678222656,0.9640056363075455
Castle Gate,166,67.15446472167969,67.53911590576172,0.937903203755324
Castle Gate,167,65.34199523925781,66.22126770019531,0.9543628032611567
Castle Gate,168,35.64458465576172,57.00819396972656,0.5805947546510811
Castle Gate,169,37.669769287109375,50.98450469970703,0.6156190621794687
Castle Gate,170,44.07767105102539,49.998924255371094,0.5922707860407442
Castle Gate,171,39.11542892456055,50.93876647949219,0.5646527518782605
Castle Gate,172,84.29039764404297,84.389892578125,0.8190233428476692
Castle Gate,173,84.44879150390625,83.6913833618164,0.8459095983013821
Castle Gate,174,83.08232116699219,82.84613800048828,0.8708409711335634
Castle Gate,175,86.49750518798828,86.91724395751953,0.8296335348594368
Castle Gate,176,84.92532348632812,84.35194396972656,0.7135672266433777
Castle Gate,177,88.74665832519531,88.0396728515625,0.4791951954372948
Castle Gate,178,83.10842895507812,82.11231994628906,0.7352938270807833
Castle Gate,179,78.60581970214844,77.67987060546875,0.8231011393368551
Castle Gate,180,50.004581451416016,52.40732192993164,0.9113341560432031
Castle Gate,181,43.00374984741211,44.98756408691406,0.9116440878063595
Castle Gate,182,43.255916595458984,44.99570846557617,0.9259115682456575
Castle Gate,183,50.51552963256836,53.17515563964844,0.9011135370466944
Castle Gate,184,68.15255737304688,68.14844512939453,0.7739474491401634
Castle Gate,185,72.90576934814453,72.21498107910156,0.7718942982657668
Castle Gate,186,67.91045379638672,66.68734741210938,0.7733810144983203
Castle Gate,187,69.28790283203125,68.9009017944336,0.8105445808144459
Castle Gate,188,66.29780578613281,69.17971801757812,0.7948966521542785
Castle Gate,189,63.291175842285156,67.1165542602539,0.8016774265167729
Castle Gate,190,58.16136169433594,62.00129318237305,0.8348674428486805
Castle Gate,191,61.57940673828125,65.39055633544922,0.7907451319537396
Castle Gate,192,47.058799743652344,50.3868522644043,0.9232006789268602
Castle Gate,193,43.15239715576172,44.11957931518555,0.9224821837386686
Castle Gate,194,46.55742645263672,51.91595458984375,0.8932305061104725
Castle Gate,195,47.8687858581543,50.54017639160156,0.9109058111927352
Castle Gate,196,67.54010772705078,67.86710357666016,0.841601394412403
Castle Gate,197,71.46216583251953,71.60359191894531,0.7643594625947093
Castle Gate,198,70.75650787353516,71.06529998779297,0.8160046182713928
Castle Gate,199,73.60252380371094,74.53473663330078,0.8113713250174658
Castle Gate,200,36.67782974243164,52.75758361816406,0.8107386462468618
Castle Gate,201,51.14112854003906,63.893653869628906,0.6624211089063844
Castle Gate,202,44.657779693603516,55.93426513671875,0.7619590949024135
Castle Gate,203,35.07710647583008,51.330162048339844,0.8084202150947642
Castle Gate,204,48.86430358886719,55.79736328125,0.7307130717760871
Castle Gate,205,47.55229187011719,59.63291549682617,0.6425202477887798
Castle Gate,206,55.335487365722656,61.74782180786133,0.6614736913537184
Castle Gate,207,58.162513732910156,63.667537689208984,0.6611778278039303
Castle Gate,208,29.95868682861328,44.20108413696289,0.7809877458375099
Castle Gate,209,25.81574821472168,48.73793029785156,0.7838786142080431
Castle Gate,210,19.31984519958496,35.87430191040039,0.87989746866589
Castle Gate,211,27.633316040039062,40.164710998535156,0.903813373394662
Castle Gate,212,64.6329345703125,73.58208465576172,0.36871151807707875
Castle Gate,213,64.40946197509766,70.2195816040039,0.49864612526284857
Castle Gate,214,69.00700378417969,76.95883178710938,0.45160063782213156
Castle Gate,215,62.830650329589844,72.43199157714844,0.4284792320366053
Castle Gate,216,49.66442108154297,49.81806564331055,0.9366601324113913
Castle Gate,217,60.08823776245117,61.19878387451172,0.9287250800352586
Castle Gate,218,49.669586181640625,51.84294509887695,0.9479359776398248
Castle Gate,219,54.981224060058594,56.394351959228516,0.9426590207756084
Castle Gate,220,66.324951171875,65.93717193603516,0.9264207309893793
Castle Gate,221,66.50423431396484,66.85829162597656,0.9671839745000651
Castle Gate,222,68.09943389892578,69.0863037109375,0.9608666622741312
Castle Gate,223,65.0362319946289,66.07476806640625,0.9492384713630247
Castle Gate,224,61.878944396972656,62.358543395996094,0.8145940560761569
Castle Gate,225,68.95223236083984,68.59220123291016,0.7761426210510519
Castle Gate,226,63.81167984008789,64.52830505371094,0.7620718451365016
Castle Gate,227,62.61106491088867,63.55720138549805,0.747855730379318
Castle Gate,228,55.27476119995117,56.02659225463867,0.9305211805875818
Castle Gate,229,54.7955436706543,55.6986083984375,0.9130858752878237
Castle Gate,230,54.350624084472656,54.96335220336914,0.9173297022697051
Castle Gate,231,58.03206253051758,59.207313537597656,0.8972946312312878
Castle Gate,232,62.883277893066406,65.6579818725586,0.8490356369462084
Castle Gate,233,65.62947845458984,68.32428741455078,0.8012706077616655
Castle Gate,234,66.78398132324219,68.56053924560547,0.8269097188875933
Castle Gate,235,68.62335968017578,70.17683410644531,0.7975258297241388
Castle Gate,236,60.11874771118164,60.826202392578125,0.8110922369772305
Castle Gate,237,64.22718811035156,64.38960266113281,0.8164293113726449
Castle Gate,238,63.09263229370117,63.465328216552734,0.8111163760592018
Castle Gate,239,63.03062057495117,63.712974548339844,0.8025035431362861
Castle Gate,240,75.28712463378906,76.31224822998047,0.7507316297650618
Castle Gate,241,70.56486511230469,69.31381225585938,0.844059957970346
Castle Gate,242,70.68225860595703,69.43404388427734,0.8785143463465025
Castle Gate,243,76.11885070800781,75.61182403564453,0.8040671722336299
Castle Gate,244,75.08914184570312,77.13353729248047,0.5483427436518764
Castle Gate,245,83.7126693725586,84.155029296875,0.5266800020261588
Castle Gate,246,79.34447479248047,80.52751922607422,0.7189780140059097
Castle Gate,247,79.99976348876953,81.04456329345703,0.6780220772431306
Castle Gate,248,75.60271453857422,74.93419647216797,0.7668391759822832
Castle Gate,249,73.77610778808594,74.1682357788086,0.84009187292715
Castle Gate,250,77.0286636352539,76.67047119140625,0.7274126278114142
Castle Gate,251,77.0399169921875,76.27348327636719,0.7069833985295862
Castle Gate,252,27.20745277404785,49.78042984008789,0.7063341044770447
Castle Gate,253,22.13030242919922,46.987266540527344,0.7550314193952449
Castle Gate,254,32.0573844909668,48.80946350097656,0.7151277795011866
Castle Gate,255,26.985593795776367,42.422794342041016,0.7944888550864961
Castle Gate,256,38.470027923583984,91.20042419433594,0.16964017987144941
Castle Gate,257,51.64809799194336,85.82363891601562,0.17771377265039248
Castle Gate,258,42.526554107666016,90.6992416381836,0.23895437392403338
Castle Gate,259,50.0865478515625,86.42924499511719,0.23750487656377336
Castle Gate,260,50.85282516479492,49.78055953979492,0.8100283499689266
Castle Gate,261,50.73695755004883,48.909488677978516,0.7978159014570876
Castle Gate,262,48.437591552734375,47.01312255859375,0.810583287999469
Castle Gate,263,45.61226272583008,43.90049362182617,0.7891978890377697
Castle Gate,264,63.23112106323242,65.43084716796875,0.7291554585688712
Castle Gate,265,67.4911117553711,69.98201751708984,0.6990293934902784
Castle Gate,266,62.05998992919922,65.33782196044922,0.7176373954769997
Castle Gate,267,61.25119400024414,63.24287414550781,0.773420626749837
Castle Gate,268,66.31272888183594,68.26982879638672,0.7593407839218392
Castle Gate,269,67.27938842773438,71.7379150390625,0.7885574657783639
Castle Gate,270,66.79335021972656,70.37593078613281,0.7248281248995169
Castle Gate,271,69.41654968261719,69.89469146728516,0.6949283863009357
Castle Gate,272,81.7606430053711,81.25474548339844,0.8569524281797818
Castle Gate,273,83.96315002441406,84.17689514160156,0.8831591842186332
Castle Gate,274,84.39057922363281,84.79576110839844,0.7775730774490723
Castle Gate,275,80.74472045898438,81.27320861816406,0.9075239371396546
Castle Gate,276,29.278915405273438,45.31870651245117,0.7659001262468075
Castle Gate,277,35.746826171875,49.87006378173828,0.7269061120455167
Castle Gate,278,34.847843170166016,48.16044616699219,0.7637956528234645
Castle Gate,279,33.934600830078125,47.563392639160156,0.7442559786401317
Castle Gate,280,57.42396545410156,56.48249816894531,0.7481984513082465
Castle Gate,281,56.23738098144531,55.676551818847656,0.7179922168335234
Castle Gate,282,56.75294494628906,57.5747184753418,0.6591635653285016
Castle Gate,283,53.67643737792969,55.522037506103516,0.6648024554907361
Berea Upper Gray,0,87.73628234863281,84.93321228027344,0.5985185193218299
Berea Upper Gray,1,85.32569122314453,81.55428314208984,0.6342870122085983
Berea Upper Gray,2,90.83702850341797,85.8066635131836,0.5362457818561307
Berea Upper Gray,3,83.35547637939453,81.62330627441406,0.6390807210735592
Berea Upper Gray,4,36.624698638916016,41.290611267089844,0.9323668381689398
Berea Upper Gray,5,29.50274658203125,39.194053649902344,0.9190751135849732
Berea Upper Gray,6,32.06130599975586,35.37571716308594,0.9640921901723235
Berea Upper Gray,7,39.307987213134766,43.30404281616211,0.928689180406268
Berea Upper Gray,8,34.60749435424805,56.801536560058594,0.7071402235289633
Berea Upper Gray,9,38.29774475097656,50.74528503417969,0.7628963377973582
Berea Upper Gray,10,46.881004333496094,50.02150344848633,0.7899280999109192
Berea Upper Gray,11,50.54940414428711,51.98666000366211,0.8146056914404349
Berea Upper Gray,12,12.979080200195312,83.7934799194336,0.5627581935917629
Berea Upper Gray,13,0.15288938581943512,69.94303131103516,0.6065111607420568
Berea Upper Gray,14,11.645183563232422,88.46395111083984,0.5492754788824088
Berea Upper Gray,15,3.952394962310791,80.55591583251953,0.5743076762402515
Berea Upper Gray,16,2.7362372875213623,71.39219665527344,0.6355773501657485
Berea Upper Gray,17,5.599425315856934,72.74750518798828,0.6609664506445538
Berea Upper Gray,18,16.27669334411621,103.20161437988281,0.5631328531894627
Berea Upper Gray,19,5.347219467163086,87.47598266601562,0.5855048504363201
Berea Upper Gray,20,60.74189758300781,67.27584838867188,0.49760160975678297
Berea Upper Gray,21,51.18624496459961,74.71723175048828,0.3124031920634489
Berea Upper Gray,22,72.54395294189453,69.96583557128906,0.4945071498650979
Berea Upper Gray,23,59.093963623046875,78.25138854980469,0.3540081766675001
Berea Upper Gray,24,76.55503845214844,76.82845306396484,0.7608357988041226
Berea Upper Gray,25,76.38742065429688,77.88154602050781,0.7271821577526475
Berea Upper Gray,26,73.54615020751953,76.71290588378906,0.7529542401188071
Berea Upper Gray,27,75.5804443359375,77.13638305664062,0.8033015547744601
Berea Upper Gray,28,47.61901092529297,44.72861862182617,0.7308599897438134
Berea Upper Gray,29,49.54069137573242,48.29801940917969,0.7186188729707144
Berea Upper Gray,30,51.03342819213867,51.073158264160156,0.7066045666579384
Berea Upper Gray,31,45.180477142333984,43.54631042480469,0.750861560186996
Berea Upper Gray,32,33.52119827270508,53.61117935180664,0.6380151364755047
Berea Upper Gray,33,26.997453689575195,62.60504150390625,0.5913892386688967
Berea Upper Gray,34,23.66615104675293,62.2121696472168,0.6188966385974924
Berea Upper Gray,35,33.082054138183594,53.5649528503418,0.6522273437927809
Berea Upper Gray,36,75.28785705566406,72.46649169921875,0.36638668442463285
Berea Upper Gray,37,75.57051086425781,68.96626281738281,0.3821516761014057
Berea Upper Gray,38,77.44794464111328,68.68030548095703,0.44764469384042477
Berea Upper Gray,39,75.27307891845703,69.67705535888672,0.45932665564246544
Berea Upper Gray,40,79.73641204833984,81.43228912353516,0.5269545376994712
Berea Upper Gray,41,72.62875366210938,79.07273864746094,0.5571310782646993
Berea Upper Gray,42,76.56363677978516,82.49042510986328,0.49543618037703485
Berea Upper Gray,43,76.8662338256836,81.20748138427734,0.5344390550806715
Berea Upper Gray,44,7.395803928375244,88.3178939819336,0.38205906614018387
Berea Upper Gray,45,0.1757276952266693,94.5979995727539,0.35592909883262386
Berea Upper Gray,46,30.927114486694336,74.07030487060547,0.36983421134921224
Berea Upper Gray,47,5.178404808044434,92.69302368164062,0.35311700995348116
Berea Upper Gray,48,38.14933395385742,65.35302734375,0.5466570980404679
Berea Upper Gray,49,34.314334869384766,64.61730194091797,0.5493451544644372
Berea Upper Gray,50,40.54916000366211,61.54776382446289,0.5567521128602083
Berea Upper Gray,51,37.4793586730957,60.78584289550781,0.5609461970364226
Berea Upper Gray,52,47.75399398803711,48.52679443359375,0.9235149397220229
Berea Upper Gray,53,52.32292175292969,53.361141204833984,0.9064322540625568
Berea Upper Gray,54,50.266998291015625,52.41899871826172,0.8986456448029236
Berea Upper Gray,55,46.543453216552734,48.451297760009766,0.9050796178698464
Berea Upper Gray,56,75.73426818847656,73.68435668945312,0.7845272801194649
Berea Upper Gray,57,77.6803207397461,74.01799011230469,0.683663962966334
Berea Upper Gray,58,74.26609802246094,72.26266479492188,0.8418425686943122
Berea Upper Gray,59,71.90715026855469,70.01210021972656,0.83397381986096
Berea Upper Gray,60,37.797584533691406,80.8257064819336,0.4516632898317307
Berea Upper Gray,61,38.43437194824219,71.45490264892578,0.5686000162859656
Berea Upper Gray,62,38.298095703125,74.09722900390625,0.4565399407490034
Berea Upper Gray,63,41.233436584472656,74.2810287475586,0.4770943871850971
Berea Upper Gray,64,30.363500595092773,49.66903305053711,0.8509926062045726
Berea Upper Gray,65,34.120906829833984,47.14839553833008,0.8726893209900988
Berea Upper Gray,66,52.34660339355469,57.483795166015625,0.867840316967228
Berea Upper Gray,67,43.32700729370117,49.49950408935547,0.8910363586491389
Berea Upper Gray,68,34.7958869934082,103.84227752685547,0.3817809323530703
Berea Upper Gray,69,86.91669464111328,137.6313018798828,0.3788102936236695
Berea Upper Gray,70,84.07637023925781,132.41116333007812,0.34470544887333854
Berea Upper Gray,71,64.32669830322266,114.8133773803711,0.35103665266352607
Berea Upper Gray,72,72.7401351928711,73.22892761230469,0.590789928472953
Berea Upper Gray,73,72.86980438232422,73.69184875488281,0.5190381353233147
Berea Upper Gray,74,78.80779266357422,77.68113708496094,0.5824832062819476
Berea Upper Gray,75,70.93434143066406,71.4102783203125,0.6575357575971662
Berea Upper Gray,76,160.37400817871094,275.5467224121094,0.217021189777266
Berea Upper Gray,77,172.80519104003906,303.5480651855469,0.20769839073725804
Berea Upper Gray,78,142.9501495361328,261.2685852050781,0.24420163315402738
Berea Upper Gray,79,138.474609375,249.21070861816406,0.2371215853186478
Berea Upper Gray,80,77.15001678466797,66.07666778564453,0.3340062968551225
Berea Upper Gray,81,83.17436218261719,68.90016174316406,0.371065805215245
Berea Upper Gray,82,78.4327392578125,64.81394958496094,0.4372961506568522
Berea Upper Gray,83,72.64569091796875,67.50589752197266,0.32250647572710317
Berea Upper Gray,84,58.1929931640625,63.476287841796875,0.8929519068393562
Berea Upper Gray,85,58.1219367980957,62.45410919189453,0.9049218483913536
Berea Upper Gray,86,51.59813690185547,54.422576904296875,0.9097283720911381
Berea Upper Gray,87,53.284523010253906,56.396080017089844,0.9183974301633054
Berea Upper Gray,88,70.7513198852539,71.86473846435547,0.8029739222178206
Berea Upper Gray,89,72.90396881103516,73.74095153808594,0.8150163777806673
Berea Upper Gray,90,69.45819091796875,71.01268005371094,0.8281774775024653
Berea Upper Gray,91,70.00555419921875,71.89918518066406,0.8097198733037987
Berea Upper Gray,92,60.69772720336914,61.00648498535156,0.7829808998725151
Berea Upper Gray,93,64.1493148803711,64.83746337890625,0.8179561845861766
Berea Upper Gray,94,63.651485443115234,64.78209686279297,0.7598115654853195
Berea Upper Gray,95,63.84458923339844,64.00487518310547,0.793351310209205
Berea Upper Gray,96,86.97063446044922,85.44495391845703,0.5917862196185949
Berea Upper Gray,97,83.52208709716797,82.73688507080078,0.6660519679831706
Berea Upper Gray,98,78.36201477050781,77.64456176757812,0.8228359766629408
Berea Upper Gray,99,78.31015014648438,76.48187255859375,0.7019297607671677
Berea Upper Gray,100,777.5322265625,1229.605224609375,0.2831184684428339
Berea Upper Gray,101,770.8179931640625,1195.8966064453125,0.26398696886240014
Berea Upper Gray,102,749.55126953125,1155.55419921875,0.24497874931903557
Berea Upper Gray,103,753.6659545898438,1212.9808349609375,0.2716090935912718
Berea Upper Gray,104,68.17704772949219,66.98003387451172,0.8250424048987246
Berea Upper Gray,105,61.78120422363281,61.16166687011719,0.867839540531782
Berea Upper Gray,106,59.99029541015625,60.13421630859375,0.8545426858488537
Berea Upper Gray,107,58.25450134277344,57.36436080932617,0.8329474228722156
Berea Upper Gray,108,11.824541091918945,123.80323028564453,0.2646641834517176
Berea Upper Gray,109,3.1013755798339844,130.48892211914062,0.2804411464372571
Berea Upper Gray,110,19.7930908203125,150.48434448242188,0.2912895669110893
Berea Upper Gray,111,32.070247650146484,160.14651489257812,0.2566398386473414
Berea Upper Gray,112,80.69895935058594,65.72615051269531,0.4809255092387631
Berea Upper Gray,113,83.08573150634766,68.518798828125,0.4537844159437073
Berea Upper Gray,114,86.27555847167969,66.66887664794922,0.48772162173304845
Berea Upper Gray,115,77.21052551269531,66.62051391601562,0.5161169386460344
Berea Upper Gray,116,62.13359451293945,62.56689453125,0.8617782663258212
Berea Upper Gray,117,62.338714599609375,61.891929626464844,0.8755536839178174
Berea Upper Gray,118,67.87525939941406,66.23564147949219,0.8355411781761152
Berea Upper Gray,119,62.79964065551758,63.48286819458008,0.8065050284761537
Berea Upper Gray,120,83.18147277832031,82.8551254272461,0.7950931180793778
Berea Upper Gray,121,82.05638885498047,81.94005584716797,0.8547338067264135
Berea Upper Gray,122,83.28238677978516,83.15839385986328,0.8662208879785017
Berea Upper Gray,123,83.83133697509766,82.85723114013672,0.881291328077374
Berea Upper Gray,124,72.34600067138672,73.11652374267578,0.7980083452693962
Berea Upper Gray,125,68.6488265991211,69.37677001953125,0.791679716078229
Berea Upper Gray,126,68.14507293701172,67.26431274414062,0.7475283825128526
Berea Upper Gray,127,71.90351867675781,73.18485260009766,0.8220951345582722
Berea Upper Gray,128,54.795074462890625,61.142879486083984,0.8049423767774286
Berea Upper Gray,129,42.098052978515625,56.96659851074219,0.7729763069520361
Berea Upper Gray,130,46.89457321166992,66.0029525756836,0.6609192864183057
Berea Upper Gray,131,55.14363098144531,63.00020217895508,0.7838742272320068
Berea Upper Gray,132,69.04814910888672,69.82186889648438,0.8711382609210356
Berea Upper Gray,133,70.45223236083984,71.21412658691406,0.8615067637856669
Berea Upper Gray,134,71.2174301147461,70.36337280273438,0.84532156302328
Berea Upper Gray,135,71.51422882080078,72.33300018310547,0.8363205074806459
Berea Upper Gray,136,66.05460357666016,66.41838073730469,0.7625900427737978
Berea Upper Gray,137,55.66976547241211,56.08041000366211,0.7596786924626695
Berea Upper Gray,138,54.42683792114258,55.26248550415039,0.7761993243444726
Berea Upper Gray,139,59.91550064086914,60.472225189208984,0.7885712999757915
Berea Upper Gray,140,75.19876098632812,78.42635345458984,0.8295273691552548
Berea Upper Gray,141,76.05802917480469,83.25410461425781,0.7043263698568321
Berea Upper Gray,142,79.1144027709961,85.3768081665039,0.6577471724840752
Berea Upper Gray,143,78.74864959716797,82.99378204345703,0.7466759367106033
Berea Upper Gray,144,60.662872314453125,61.1051139831543,0.9614100263757526
Berea Upper Gray,145,65.50675964355469,67.82804107666016,0.9594890803116015
Berea Upper Gray,146,60.078765869140625,62.201622009277344,0.9645342310216448
Berea Upper Gray,147,58.719566345214844,59.16550064086914,0.962595123605654
Berea Upper Gray,148,65.1077880859375,63.53666687011719,0.6340407887066227
Berea Upper Gray,149,64.24098205566406,63.040897369384766,0.6322274905379064
Berea Upper Gray,150,60.99468231201172,60.33085632324219,0.5893358783430416
Berea Upper Gray,151,58.025726318359375,60.036067962646484,0.6586744270025925
Berea Upper Gray,152,305.2112731933594,181.4901580810547,-0.014718481753558605
Berea Upper Gray,153,266.564453125,154.36802673339844,-0.03530354151840107
Berea Upper Gray,154,106.32291412353516,149.70777893066406,0.002143345357817649
Berea Upper Gray,155,300.6368103027344,195.33644104003906,-0.021285378108401913
Berea Upper Gray,156,5.889494895935059,110.14443969726562,0.524501939041785
Berea Upper Gray,157,128.70541381835938,162.9338836669922,0.557542742111703
Berea Upper Gray,158,175.83743286132812,179.44625854492188,0.5869532942133223
Berea Upper Gray,159,138.6498260498047,162.51171875,0.5766526928825848
Berea Upper Gray,160,41.975521087646484,40.323768615722656,0.983217808381851
Berea Upper Gray,161,41.17673873901367,40.18952560424805,0.9754380203371754
Berea Upper Gray,162,32.95354461669922,30.553089141845703,0.9771035806410013
Berea Upper Gray,163,37.07689666748047,34.674381256103516,0.9860879406526758
Berea Upper Gray,164,70.5172119140625,73.15343475341797,0.9089105522074824
Berea Upper Gray,165,71.10053253173828,74.31857299804688,0.888816277840586
Berea Upper Gray,166,73.74713134765625,77.319580078125,0.8738625476548201
Berea Upper Gray,167,66.71048736572266,69.05438232421875,0.9038187811449048
Berea Upper Gray,168,0.6645864844322205,111.32111358642578,0.4042721253951849
Berea Upper Gray,169,1.9101225137710571,113.44966125488281,0.3356017267559877
Berea Upper Gray,170,10.092453956604004,101.11058044433594,0.43494781437673946
Berea Upper Gray,171,4.572502136230469,86.06285858154297,0.4951007231056666
Berea Upper Gray,172,48.10342025756836,60.61922836303711,0.7294962292946472
Berea Upper Gray,173,54.333255767822266,61.588714599609375,0.7305053488872743
Berea Upper Gray,174,65.57245635986328,69.71098327636719,0.7611127340244521
Berea Upper Gray,175,62.947608947753906,71.23506164550781,0.624199430623938
Berea Upper Gray,176,8.698980331420898,88.44690704345703,0.29514854657322326
Berea Upper Gray,177,20.183319091796875,88.3458023071289,0.1816911340939422
Berea Upper Gray,178,0.5197856426239014,100.74711608886719,0.2534622830842227
Berea Upper Gray,179,13.900898933410645,111.63834381103516,0.2814837291666573
Berea Upper Gray,180,56.40284729003906,59.406822204589844,0.7968127146684915
Berea Upper Gray,181,51.501556396484375,54.887752532958984,0.7297366944392021
Berea Upper Gray,182,62.69127655029297,65.82010650634766,0.6079598670731685
Berea Upper Gray,183,61.460060119628906,63.80653762817383,0.6821397661783483
Berea Upper Gray,184,69.93264770507812,65.40381622314453,0.7802114061170343
Berea Upper Gray,185,61.57529067993164,61.53260803222656,0.7206943218665792
Berea Upper Gray,186,75.30872344970703,68.04872131347656,0.6728476646037606
Berea Upper Gray,187,66.08207702636719,62.94865798950195,0.7820814143201331
Berea Upper Gray,188,42.73594665527344,58.806846618652344,0.564791385562817
Berea Upper Gray,189,39.69768142700195,58.93821716308594,0.6045785264609292
Berea Upper Gray,190,46.947853088378906,53.12556838989258,0.6167259470581656
Berea Upper Gray,191,56.34374237060547,60.08740234375,0.5285755480955601
Berea Upper Gray,192,61.394004821777344,61.716915130615234,0.8565080642391568
Berea Upper Gray,193,64.16354370117188,68.1742935180664,0.8448012764676442
Berea Upper Gray,194,58.36122131347656,65.53287506103516,0.7952687928823584
Berea Upper Gray,195,53.38050079345703,56.104183197021484,0.8587376186363442
Berea Upper Gray,196,28.84422492980957,50.24003219604492,0.7482443156783681
Berea Upper Gray,197,30.535797119140625,47.181129455566406,0.7628094402960846
Berea Upper Gray,198,29.411727905273438,46.662872314453125,0.7444254412846559
Berea Upper Gray,199,33.12184524536133,49.25087356567383,0.7242630513368975
Berea Upper Gray,200,18.625732421875,59.10609436035156,0.815101358244209
Berea Upper Gray,201,23.969802856445312,69.15499877929688,0.742157955933102
Berea Upper Gray,202,14.676276206970215,58.59821701049805,0.8203869172854805
Berea Upper Gray,203,26.87481117248535,61.981834411621094,0.8409078292709604
Berea Upper Gray,204,68.20138549804688,75.7967758178711,0.5586043036538624
Berea Upper Gray,205,66.41685485839844,76.30570983886719,0.528012891478578
Berea Upper Gray,206,68.24520111083984,76.23162078857422,0.49827987652639416
Berea Upper Gray,207,71.89219665527344,80.04166412353516,0.45926409534489626
Berea Upper Gray,208,34.84831237792969,154.9779052734375,0.34361492440896113
Berea Upper Gray,209,43.94000244140625,162.38087463378906,0.3541263137644084
Berea Upper Gray,210,38.772552490234375,162.9228973388672,0.34393620206201503
Berea Upper Gray,211,38.02155685424805,149.1189727783203,0.3863579858103261
Berea Upper Gray,212,173.69552612304688,383.5447998046875,0.2630139942600483
Berea Upper Gray,213,196.4638671875,373.7413024902344,0.27515856298395797
Berea Upper Gray,214,185.24771118164062,356.0850524902344,0.24454217167536452
Berea Upper Gray,215,239.7960205078125,423.5662841796875,0.2680259842386297
Berea Upper Gray,216,15.66797924041748,84.79127502441406,0.20980779527675603
Berea Upper Gray,217,27.185644149780273,69.98504638671875,0.24324593022891017
Berea Upper Gray,218,2.3201825618743896,80.15403747558594,0.3882007919951553
Berea Upper Gray,219,26.99277687072754,73.18110656738281,0.3124840456374697
Berea Upper Gray,220,71.64054107666016,73.35003662109375,0.7938724535196977
Berea Upper Gray,221,69.9075927734375,70.18063354492188,0.7589095100414615
Berea Upper Gray,222,66.354248046875,66.6330337524414,0.8677381192713385
Berea Upper Gray,223,66.79056549072266,68.79293060302734,0.8895462372228465
Berea Sinter Gray,0,39.03438186645508,139.8734588623047,0.42731720900025455
Berea Sinter Gray,1,43.83647537231445,144.43675231933594,0.402440028491714
Berea Sinter Gray,2,29.81403350830078,115.46016693115234,0.4956047141644312
Berea Sinter Gray,3,25.69890594482422,101.71592712402344,0.5586849704218675
Berea Sinter Gray,4,49.04507827758789,58.9393196105957,0.48317736071853534
Berea Sinter Gray,5,38.544281005859375,54.81979751586914,0.5462723664373581
Berea Sinter Gray,6,39.309051513671875,67.92940521240234,0.4748062426440987
Berea Sinter Gray,7,64.85231018066406,65.15302276611328,0.36570796418296986
Berea Sinter Gray,8,54.5406608581543,54.76457977294922,0.8259481793532003
Berea Sinter Gray,9,48.98355484008789,54.61179733276367,0.7796785247248571
Berea Sinter Gray,10,55.54814529418945,57.14662170410156,0.7862541061534688
Berea Sinter Gray,11,55.35796356201172,57.26738357543945,0.7711557500512601
Berea Sinter Gray,12,2.9873573780059814,48.601871490478516,0.8465656824554504
Berea Sinter Gray,13,11.37507438659668,42.53478240966797,0.8798591205617571
Berea Sinter Gray,14,15.199419021606445,41.65641403198242,0.864132700386988
Berea Sinter Gray,15,0.868034839630127,50.6073112487793,0.8670396342213429
Berea Sinter Gray,16,40.77244567871094,113.04413604736328,0.605651093517098
Berea Sinter Gray,17,34.97587585449219,109.3354263305664,0.5725829415648819
Berea Sinter Gray,18,33.77033233642578,104.93312072753906,0.5850006585800241
Berea Sinter Gray,19,30.237552642822266,98.86006927490234,0.591549216724581
Berea Sinter Gray,20,2.0090198516845703,73.62835693359375,0.6191508077710415
Berea Sinter Gray,21,10.077958106994629,83.43311309814453,0.5790655006486961
Berea Sinter Gray,22,0.1143740862607956,79.70557403564453,0.5686439366378141
Berea Sinter Gray,23,19.06235694885254,63.3925666809082,0.5734190200760247
Berea Sinter Gray,24,60.980003356933594,61.01774597167969,0.7364345738604033
Berea Sinter Gray,25,64.01739501953125,62.64847946166992,0.8386544917777125
Berea Sinter Gray,26,62.13310623168945,60.56094741821289,0.883064157766342
Berea Sinter Gray,27,64.99055480957031,62.92325210571289,0.8773937167843965
Berea Sinter Gray,28,49.1402702331543,73.40984344482422,0.6845890178544817
Berea Sinter Gray,29,28.205793380737305,74.42327117919922,0.6230749652359874
Berea Sinter Gray,30,47.79479217529297,81.29957580566406,0.507830858766879
Berea Sinter Gray,31,50.321842193603516,70.3261947631836,0.7052528382670946
Berea Sinter Gray,32,10.647969245910645,110.62317657470703,0.4696510598433473
Berea Sinter Gray,33,12.18634033203125,120.36893463134766,0.4245436804093167
Berea Sinter Gray,34,17.29583740234375,108.12259674072266,0.49433250197260076
Berea Sinter Gray,35,20.03397560119629,122.09185028076172,0.4127008732207238
Berea Sinter Gray,36,184.41488647460938,333.7028503417969,0.279456536608072
Berea Sinter Gray,37,142.42701721191406,286.7723083496094,0.23864131557173676
Berea Sinter Gray,38,163.7960205078125,312.2857666015625,0.23105729191749064
Berea Sinter Gray,39,159.76528930664062,294.18572998046875,0.3015952563483873
Berea Sinter Gray,40,18.278474807739258,56.99201965332031,0.5886130021468418
Berea Sinter Gray,41,22.748088836669922,50.576576232910156,0.6307294555618752
Berea Sinter Gray,42,29.84531021118164,48.13842010498047,0.549643127759778
Berea Sinter Gray,43,28.654842376708984,47.3752555847168,0.6337695258194357
Berea Sinter Gray,44,55.71517562866211,58.173072814941406,0.9204079189974617
Berea Sinter Gray,45,60.448486328125,62.633033752441406,0.9117897841223528
Berea Sinter Gray,46,37.60477828979492,47.67683410644531,0.9216111205787036
Berea Sinter Gray,47,45.69807434082031,52.9787483215332,0.9175406361796156
Berea Sinter Gray,48,53.22294616699219,73.05258178710938,0.5755810547876822
Berea Sinter Gray,49,47.18705368041992,73.99176025390625,0.46680545703039805
Berea Sinter Gray,50,53.16025161743164,72.67804718017578,0.5318925736840325
Berea Sinter Gray,51,49.912837982177734,74.46007537841797,0.3572513055118715
Berea Sinter Gray,52,8.512840270996094,45.21340560913086,0.7922869482797666
Berea Sinter Gray,53,16.060792922973633,49.232051849365234,0.828116510151193
Berea Sinter Gray,54,3.6777100563049316,35.80731201171875,0.872756702197781
Berea Sinter Gray,55,4.433283805847168,41.625823974609375,0.8443951914182096
Berea Sinter Gray,56,31.26815414428711,90.34851837158203,0.3226745846287127
Berea Sinter Gray,57,37.961299896240234,94.71508026123047,0.2206792097726262
Berea Sinter Gray,58,45.003318786621094,91.63862609863281,0.26432200296214087
Berea Sinter Gray,59,38.93113708496094,92.78572082519531,0.26699823641302295
Berea Sinter Gray,60,75.89483642578125,71.76738739013672,0.7506831568448551
Berea Sinter Gray,61,79.26579284667969,77.39439392089844,0.799039531197676
Berea Sinter Gray,62,79.64443969726562,78.50249481201172,0.8239409969244113
Berea Sinter Gray,63,79.16641235351562,76.41844177246094,0.7707520246483839
Berea Sinter Gray,64,40.622066497802734,60.125633239746094,0.5788696347116659
Berea Sinter Gray,65,36.96410369873047,56.756961822509766,0.5339662234481857
Berea Sinter Gray,66,40.259029388427734,63.8790397644043,0.5111877754586904
Berea Sinter Gray,67,34.43335723876953,59.399688720703125,0.6353737226373269
Berea Sinter Gray,68,37.88311004638672,76.82242584228516,0.48030452891402053
Berea Sinter Gray,69,35.734344482421875,74.93524169921875,0.5008787508802628
Berea Sinter Gray,70,48.81236267089844,63.71965789794922,0.5573588280268625
Berea Sinter Gray,71,40.93577194213867,68.89411163330078,0.4996021540166782
Berea Sinter Gray,72,64.91635131835938,66.41111755371094,0.9310218100152348
Berea Sinter Gray,73,64.48662567138672,65.37195587158203,0.9033902168547923
Berea Sinter Gray,74,64.73111724853516,66.26618957519531,0.843776774816582
Berea Sinter Gray,75,68.6622314453125,69.67259216308594,0.9432774439944396
Berea Sinter Gray,76,67.84993743896484,72.19964599609375,0.8540005337697509
Berea Sinter Gray,77,64.50393676757812,69.25836944580078,0.8750364641199488
Berea Sinter Gray,78,66.13739013671875,69.1744384765625,0.8625039136927106
Berea Sinter Gray,79,65.7635726928711,70.69277954101562,0.8518577292067886
Berea Sinter Gray,80,15.888160705566406,79.66043853759766,0.5887030684263984
Berea Sinter Gray,81,13.97081470489502,74.02262878417969,0.5758087414407456
Berea Sinter Gray,82,4.175865650177002,74.90458679199219,0.557466202161754
Berea Sinter Gray,83,22.88284683227539,87.65685272216797,0.5704748508057101
Berea Sinter Gray,84,29.29692840576172,57.77677917480469,0.5878495457044159
Berea Sinter Gray,85,19.019012451171875,63.6351203918457,0.5902391554921647
Berea Sinter Gray,86,24.065460205078125,55.66870880126953,0.6350829967061686
Berea Sinter Gray,87,22.116771697998047,56.55512619018555,0.6311709044970752
Berea Sinter Gray,88,27.094276428222656,31.780277252197266,0.9260862804127543
Berea Sinter Gray,89,32.596343994140625,37.110313415527344,0.8795638871493433
Berea Sinter Gray,90,29.887760162353516,32.5974006652832,0.9367126977845925
Berea Sinter Gray,91,32.16188430786133,35.94677734375,0.9345134726347881
Berea Sinter Gray,92,10.996313095092773,60.31835174560547,0.7547961337107801
Berea Sinter Gray,93,0.7043789625167847,56.086219787597656,0.7556412098799183
Berea Sinter Gray,94,26.23218536376953,75.79842376708984,0.7297048320013254
Berea Sinter Gray,95,23.619384765625,66.2157974243164,0.7681397387998987
Berea Sinter Gray,96,65.40044403076172,60.757476806640625,0.3034157253047174
Berea Sinter Gray,97,71.6500473022461,62.153926849365234,0.34855816946436574
Berea Sinter Gray,98,78.89698028564453,64.8985366821289,0.17420507621880743
Berea Sinter Gray,99,68.68763732910156,61.53211975097656,0.18312478567804852
Berea Sinter Gray,100,70.77678680419922,67.16900634765625,0.6586737116363075
Berea Sinter Gray,101,74.1067886352539,69.63230895996094,0.7088548661676976
Berea Sinter Gray,102,70.37985229492188,67.69911193847656,0.6958690542052124
Berea Sinter Gray,103,66.57234191894531,64.67295837402344,0.7320568661966763
Berea Sinter Gray,104,76.1102294921875,77.6988754272461,0.8457304378252727
Berea Sinter Gray,105,77.11125946044922,77.48494720458984,0.8255890992509247
Berea Sinter Gray,106,76.48220825195312,77.76927947998047,0.8394979113310969
Berea Sinter Gray,107,77.74579620361328,78.80210876464844,0.8594890294138092
Berea Sinter Gray,108,60.059356689453125,59.75078582763672,0.7468984429194406
Berea Sinter Gray,109,59.22338104248047,57.37662124633789,0.7397020375399121
Berea Sinter Gray,110,59.209808349609375,60.10112762451172,0.7119289216075464
Berea Sinter Gray,111,70.31550598144531,69.36575317382812,0.7121220783829751
Berea Sinter Gray,112,76.6634521484375,76.468505859375,0.8307762676896405
Berea Sinter Gray,113,72.68761444091797,72.33921813964844,0.7454882306293538
Berea Sinter Gray,114,72.66680908203125,71.80001831054688,0.7698058544558893
Berea Sinter Gray,115,74.57831573486328,71.56078338623047,0.7266334313182843
Berea Sinter Gray,116,90.76190948486328,105.66893005371094,0.4017431749614443
Berea Sinter Gray,117,108.67201232910156,127.98529052734375,0.3462644512485277
Berea Sinter Gray,118,74.18688201904297,106.74376678466797,0.346623011030263
Berea Sinter Gray,119,91.35751342773438,114.49307250976562,0.37655590890641816
Berea Sinter Gray,120,106.97505187988281,154.17039489746094,0.5569649457514936
Berea Sinter Gray,121,130.29922485351562,187.55902099609375,0.5347205633431712
Berea Sinter Gray,122,143.8235626220703,190.27474975585938,0.5608263832851962
Berea Sinter Gray,123,85.16802215576172,162.6328125,0.4786712817653019
Berea Sinter Gray,124,145.8459930419922,243.80030822753906,0.1519112195000286
Berea Sinter Gray,125,173.85183715820312,290.27056884765625,0.15554232396340753
Berea Sinter Gray,126,206.2565460205078,279.1423034667969,0.17988690505226812
Berea Sinter Gray,127,209.54090881347656,285.57818603515625,0.1629401505024583
Berea Sinter Gray,128,12.586505889892578,34.48634338378906,0.9047730790450268
Berea Sinter Gray,129,7.103244781494141,31.177989959716797,0.92799373035011
Berea Sinter Gray,130,7.033304214477539,34.46398162841797,0.9208840261104613
Berea Sinter Gray,131,0.3802911341190338,41.69163131713867,0.912775042633224
Berea Sinter Gray,132,18.65935516357422,51.82548522949219,0.8474001986015761
Berea Sinter Gray,133,23.704423904418945,47.191402435302734,0.9048124721133399
Berea Sinter Gray,134,24.258499145507812,48.91566467285156,0.8929273814576063
Berea Sinter Gray,135,20.740650177001953,51.28325271606445,0.866954511601612
Berea Sinter Gray,136,27.463829040527344,36.346309661865234,0.8422204988014204
Berea Sinter Gray,137,11.38487434387207,43.032230377197266,0.8398793901625313
Berea Sinter Gray,138,12.757054328918457,39.778202056884766,0.850657742463576
Berea Sinter Gray,139,14.7835054397583,38.30906295776367,0.8721597793923366
Berea Sinter Gray,140,61.27216720581055,125.57919311523438,0.5812943029779878
Berea Sinter Gray,141,48.01548767089844,116.57947540283203,0.5650480507573405
Berea Sinter Gray,142,83.60982513427734,142.709716796875,0.5553045937122062
Berea Sinter Gray,143,77.1264419555664,131.80947875976562,0.5685989119896059
Berea Sinter Gray,144,11.350263595581055,134.0125274658203,0.28071823623853737
Berea Sinter Gray,145,23.16880226135254,144.40740966796875,0.2650810510264764
Berea Sinter Gray,146,8.920147895812988,132.35659790039062,0.3107257418554722
Berea Sinter Gray,147,13.043084144592285,137.71743774414062,0.32774884009175687
Berea Sinter Gray,148,57.89352798461914,57.1943359375,0.8327231708020068
Berea Sinter Gray,149,53.448909759521484,53.715911865234375,0.7671370926383471
Berea Sinter Gray,150,55.450130462646484,58.854000091552734,0.7134958022866204
Berea Sinter Gray,151,60.854183197021484,58.220115661621094,0.7443013273965005
Berea Sinter Gray,152,48.76969528198242,48.10647964477539,0.9271597862010975
Berea Sinter Gray,153,56.86452102661133,57.32271957397461,0.9328560421653915
Berea Sinter Gray,154,54.408145904541016,54.676517486572266,0.926845584482909
Berea Sinter Gray,155,56.76759338378906,56.17776107788086,0.9403429776403608
Berea Sinter Gray,156,56.65031814575195,197.78286743164062,0.2533052438374626
Berea Sinter Gray,157,32.695892333984375,150.94915771484375,0.33406613648723266
Berea Sinter Gray,158,40.14045333862305,165.8142547607422,0.2957459591793398
Berea Sinter Gray,159,53.980010986328125,190.6234588623047,0.29493292910932284
Berea Sinter Gray,160,6.898651599884033,31.396455764770508,0.9124784821496272
Berea Sinter Gray,161,10.850935935974121,22.648263931274414,0.9246653910094182
Berea Sinter Gray,162,9.662933349609375,23.35504150390625,0.9311708274911988
Berea Sinter Gray,163,8.818939208984375,37.21908950805664,0.9087548644549402
Berea Sinter Gray,164,93.12945556640625,88.4847412109375,0.5373839445508966
Berea Sinter Gray,165,91.7812728881836,89.02194213867188,0.5663299031581762
Berea Sinter Gray,166,88.91460418701172,88.66097259521484,0.5350817778356801
Berea Sinter Gray,167,88.77899169921875,86.75332641601562,0.705431997364712
Berea Sinter Gray,168,46.95014953613281,57.48634719848633,0.5527954833403339
Berea Sinter Gray,169,51.32227325439453,58.58534622192383,0.6429352176556559
Berea Sinter Gray,170,41.5992317199707,59.5028190612793,0.592314601745484
Berea Sinter Gray,171,43.740047454833984,52.91271209716797,0.7053261570052142
Berea Sinter Gray,172,91.67842102050781,87.94461822509766,0.41471471774058
Berea Sinter Gray,173,88.39617919921875,84.31144714355469,0.5242341500864551
Berea Sinter Gray,174,90.92306518554688,88.50526428222656,0.4014342208045686
Berea Sinter Gray,175,88.84730529785156,86.70469665527344,0.3625166672023542
Berea Sinter Gray,176,5.884011268615723,91.03248596191406,0.5356584306857799
Berea Sinter Gray,177,3.7327938079833984,66.49627685546875,0.6744603900602588
Berea Sinter Gray,178,6.021788120269775,95.84074401855469,0.4613817094783835
Berea Sinter Gray,179,0.6182999014854431,94.01847076416016,0.4840843293953996
Berea Sinter Gray,180,24.61172866821289,36.11376190185547,0.8416185509145997
Berea Sinter Gray,181,17.5650634765625,37.75877380371094,0.8204611815165754
Berea Sinter Gray,182,19.323938369750977,35.23436737060547,0.84812269497794
Berea Sinter Gray,183,13.019352912902832,35.300106048583984,0.8234699127200695
Berea Sinter Gray,184,78.9959487915039,77.91983032226562,0.8227126877664473
Berea Sinter Gray,185,81.45528411865234,82.3443603515625,0.7937038694367904
Berea Sinter Gray,186,81.26747131347656,81.730224609375,0.8140834359679491
Berea Sinter Gray,187,77.39886474609375,77.98474884033203,0.8039492842809579
Berea Sinter Gray,188,67.88414001464844,71.14321899414062,0.7015922134198785
Berea Sinter Gray,189,66.83988189697266,71.30146026611328,0.769124014962772
Berea Sinter Gray,190,75.58895111083984,75.97372436523438,0.7560153560952576
Berea Sinter Gray,191,71.84133911132812,77.29043579101562,0.7267150060842978
Berea,0,27.364538192749023,90.79129028320312,0.642958614066483
Berea,1,34.5362548828125,102.79422760009766,0.5973837257040427
Berea,2,20.268598556518555,96.73063659667969,0.561539430361613
Berea,3,55.02510070800781,124.25923919677734,0.5997620711072754
Berea,4,39.01241683959961,74.29781341552734,0.46689469626415786
Berea,5,47.27498245239258,66.6982421875,0.5101738972432258
Berea,6,51.746177673339844,61.15559387207031,0.7228079317216276
Berea,7,43.68687057495117,65.75138854980469,0.6558654502844584
Berea,8,10.236710548400879,89.34346771240234,0.4833531913536945
Berea,9,9.091934204101562,74.69700622558594,0.5328414089461806
Berea,10,2.2733840942382812,83.22596740722656,0.5681764807062908
Berea,11,0.04654007405042648,90.89966583251953,0.5278362360643094
Berea,12,42.99567794799805,54.99897003173828,0.8088294280001396
Berea,13,32.44055938720703,44.85627746582031,0.8656033702218484
Berea,14,41.603973388671875,60.02997970581055,0.7766830707291145
Berea,15,39.297481536865234,54.09737777709961,0.8359235752510535
Berea,16,63.23237991333008,65.14429473876953,0.9364383661501741
Berea,17,66.88679504394531,67.03030395507812,0.9203584333372711
Berea,18,65.05096435546875,65.98894500732422,0.9361071443736497
Berea,19,69.24161529541016,71.4106674194336,0.8933389425086605
Berea,20,60.176639556884766,61.41856002807617,0.4586335579256065
Berea,21,65.7391357421875,64.92335510253906,0.36607240020639686
Berea,22,72.12017822265625,69.91845703125,0.4140246895129476
Berea,23,68.73733520507812,68.09611511230469,0.4507898887431018
Berea,24,45.14720916748047,42.6242561340332,0.8548217984206956
Berea,25,55.797889709472656,56.316898345947266,0.8327408741064505
Berea,26,46.62041091918945,47.764320373535156,0.9175037274313605
Berea,27,48.27138900756836,45.97078323364258,0.9106585735724362
Berea,28,61.36650466918945,61.53873062133789,0.7704556388884205
Berea,29,58.04762649536133,60.118247985839844,0.7992298019918488
Berea,30,54.468658447265625,54.811302185058594,0.8041632373908635
Berea,31,58.790008544921875,58.26848220825195,0.7896874102482723
Berea,32,74.93620300292969,70.59477996826172,0.6577390585126872
Berea,33,64.68692779541016,70.29847717285156,0.6276361818356639
Berea,34,58.772911071777344,66.70934295654297,0.6939962923348924
Berea,35,67.619140625,71.0867691040039,0.6357172561749168
Berea,36,54.96985626220703,136.8102264404297,0.486240043183484
Berea,37,71.1682357788086,155.70864868164062,0.4985805266321729
Berea,38,70.95450592041016,149.8252716064453,0.5362258226439411
Berea,39,52.35627365112305,129.81671142578125,0.5143533679606918
Berea,40,80.40309143066406,81.03550720214844,0.8228612630561155
Berea,41,80.99752807617188,80.95469665527344,0.8123509860303288
Berea,42,84.3396224975586,83.87968444824219,0.7324223465153595
Berea,43,83.90409088134766,83.85224914550781,0.7573830713366234
Berea,44,70.3191146850586,70.59645080566406,0.7456679369737444
Berea,45,72.78740692138672,71.98213958740234,0.7374813473500014
Berea,46,77.82062530517578,77.95259857177734,0.6804642609246475
Berea,47,79.25110626220703,78.32113647460938,0.6802883588832048
Berea,48,76.82230377197266,78.15636444091797,0.8321793425305419
Berea,49,71.72309875488281,72.7620620727539,0.8950675310138805
Berea,50,72.21014404296875,73.13443756103516,0.9205282986381916
Berea,51,71.41487121582031,72.15584564208984,0.912973271356262
Berea,52,31.459651947021484,92.86263275146484,0.7053822677442176
Berea,53,21.186792373657227,81.1236801147461,0.7080187561810072
Berea,54,19.387191772460938,82.77686309814453,0.7133369835951083
Berea,55,25.15945053100586,88.50337219238281,0.7302036999538538
Berea,56,65.73052215576172,67.45569610595703,0.6830366942474417
Berea,57,73.96411895751953,73.08454895019531,0.6571305790070447
Berea,58,72.87625122070312,70.65157318115234,0.6211894576985526
Berea,59,70.41069793701172,70.17334747314453,0.666220429427824
Berea,60,56.45555877685547,57.60700607299805,0.8610734103715101
Berea,61,63.981266021728516,63.99650573730469,0.8454352513782263
Berea,62,63.28348922729492,63.785911560058594,0.8066534438392211
Berea,63,59.71817398071289,61.941368103027344,0.8611149999579383
Berea,64,65.1362075805664,64.83577728271484,0.6763917962207833
Berea,65,64.412109375,64.01078033447266,0.6410256077143366
Berea,66,60.797218322753906,61.37400436401367,0.7587726008847091
Berea,67,62.644187927246094,64.59562683105469,0.7668600095632964
Berea,68,68.19353485107422,71.53577423095703,0.793715348081687
Berea,69,68.33479309082031,68.9588851928711,0.804769663173405
Berea,70,64.45760345458984,67.76085662841797,0.8171594635323853
Berea,71,70.7499771118164,75.00657653808594,0.805033406271009
Berea,72,83.45930480957031,76.90998840332031,0.62556571565472
Berea,73,80.10093688964844,73.07089233398438,0.6284472176250201
Berea,74,77.24931335449219,72.63941192626953,0.692824873024407
Berea,75,84.91017150878906,76.52144622802734,0.5567253034561243
Berea,76,69.2052230834961,71.21524810791016,0.8353818201507954
Berea,77,71.0697250366211,72.88211822509766,0.8484659218722346
Berea,78,71.5964126586914,72.8661880493164,0.8941019105266163
Berea,79,68.16132354736328,70.4354476928711,0.8665990092742344
Berea,80,58.16463851928711,58.29027557373047,0.7620109387245806
Berea,81,63.55511474609375,64.10215759277344,0.7779180258271057
Berea,82,64.7813949584961,65.59410858154297,0.8348075478920821
Berea,83,55.03873062133789,56.20896530151367,0.8056848076259583
Berea,84,71.72602081298828,73.20732116699219,0.8497376007343949
Berea,85,66.6455307006836,66.99728393554688,0.834236768027185
Berea,86,70.01905059814453,70.86691284179688,0.8754284571205061
Berea,87,73.79872131347656,74.32478332519531,0.8366736850907225
Berea,88,58.98237228393555,123.48278045654297,0.46278374076153156
Berea,89,74.68801879882812,148.189453125,0.41896885089466696
Berea,90,64.58333587646484,142.5821075439453,0.4202537743245546
Berea,91,58.42830276489258,131.57437133789062,0.4288303145683447
Berea,92,145.9423065185547,288.239501953125,0.26418591960460175
Berea,93,146.58132934570312,282.6515197753906,0.2491137014163125
Berea,94,167.6710968017578,330.6645812988281,0.23416514413798178
Berea,95,179.78587341308594,339.9777526855469,0.24003258334862082
Berea,96,44.29244613647461,48.09977340698242,0.7661041096720755
Berea,97,48.970481872558594,50.44173049926758,0.7456648862798241
Berea,98,60.69525909423828,59.141807556152344,0.6790138887124936
Berea,99,59.41726303100586,59.202754974365234,0.7578957723754177
Berea,100,83.62820434570312,82.7193603515625,0.7220643987204853
Berea,101,78.77202606201172,79.33172607421875,0.7876187119892005
Berea,102,71.46170806884766,72.07347106933594,0.8504135729115938
Berea,103,75.83240509033203,75.24494934082031,0.8059155647601572
Berea,104,26.294233322143555,81.33374786376953,0.5158305893020765
Berea,105,25.20561981201172,72.86536407470703,0.5369800967842661
Berea,106,29.932907104492188,58.7585563659668,0.6071726730924776
Berea,107,40.54100036621094,67.28535461425781,0.5535045138768667
Berea,108,68.79859924316406,69.10726165771484,0.8088463227354965
Berea,109,70.33494567871094,71.92508697509766,0.7983954026369013
Berea,110,67.30516815185547,68.39751434326172,0.8801536074297527
Berea,111,68.31952667236328,68.71179962158203,0.856358084681328
Berea,112,65.34605407714844,67.59923553466797,0.914407029163386
Berea,113,61.99168014526367,64.18938446044922,0.8937325927384155
Berea,114,61.48534393310547,63.96680450439453,0.9124132808527731
Berea,115,58.51435470581055,61.447330474853516,0.92744832468116
Berea,116,55.17652893066406,59.23894119262695,0.6215291715406236
Berea,117,55.26567840576172,63.15374755859375,0.5998621859120106
Berea,118,61.88785171508789,69.58790588378906,0.4760758788439333
Berea,119,60.58106231689453,66.50548553466797,0.5418312268986374
Berea,120,63.203739166259766,66.33056640625,0.7604219326757067
Berea,121,61.999671936035156,65.13903045654297,0.7418743934407284
Berea,122,67.19361114501953,69.12197875976562,0.7761279796095583
Berea,123,64.4325942993164,66.74517059326172,0.7703607057622931
Berea,124,38.80033874511719,50.6917839050293,0.7593898422162784
Berea,125,44.010318756103516,55.04547882080078,0.6822782900016487
Berea,126,37.27458572387695,50.70191955566406,0.7731530570107283
Berea,127,29.431482315063477,45.41044235229492,0.8420022286602337
Berea,128,69.7228012084961,69.89019775390625,0.8528131453370553
Berea,129,68.15499114990234,68.6222915649414,0.8470468404424898
Berea,130,72.42121124267578,72.60662841796875,0.8474008866237112
Berea,131,70.65843963623047,70.578369140625,0.8623644355616087
Berea,132,59.95634841918945,59.63883590698242,0.9075427801396229
Berea,133,54.484764099121094,54.208316802978516,0.8999128652474665
Berea,134,52.0969123840332,52.13899230957031,0.8962533915319253
Berea,135,54.07978057861328,56.38470458984375,0.8697020220286674
Berea,136,41.67366409301758,57.184165954589844,0.6336446252437997
Berea,137,47.16468048095703,57.068355560302734,0.6112759115805214
Berea,138,36.420616149902344,65.3526840209961,0.5331881829022699
Berea,139,42.15785217285156,59.99427032470703,0.5838521588620397
Berea,140,6.06902551651001,109.7587661743164,0.3493041296495507
Berea,141,16.478435516357422,86.81389617919922,0.3484567624058977
Berea,142,45.32477951049805,68.0755615234375,0.3374202860144865
Berea,143,21.14988899230957,95.7695541381836,0.3003242153866711
Berea,144,85.04399871826172,84.23274230957031,0.8316505778694565
Berea,145,83.9451675415039,84.10360717773438,0.8005178768930786
Berea,146,86.34893035888672,85.69512176513672,0.8272413695496887
Berea,147,86.37348937988281,86.34280395507812,0.768225737455439
Berea,148,80.32085418701172,78.35563659667969,0.7959534455312368
Berea,149,84.32481384277344,82.68718719482422,0.7322249567315303
Berea,150,83.58869171142578,82.78394317626953,0.6911589722877063
Berea,151,84.249755859375,82.35131072998047,0.783992017036293
Berea,152,73.43431091308594,75.23076629638672,0.7478510701993322
Berea,153,73.6645278930664,75.75083923339844,0.7634079749570241
Berea,154,71.41122436523438,72.70301055908203,0.7782586781787685
Berea,155,77.42301177978516,79.45694732666016,0.6230269670022021
Berea,156,8.73385238647461,104.23038482666016,0.4747819971056699
Berea,157,22.781147003173828,113.95292663574219,0.48031187106255807
Berea,158,21.760644912719727,119.4402847290039,0.453336067271908
Berea,159,15.511140823364258,116.04953002929688,0.42275543182032205
Berea,160,21.49683952331543,77.31956481933594,0.5814533886367951
Berea,161,13.77600383758545,72.92454528808594,0.5482098786038752
Berea,162,14.248967170715332,76.60116577148438,0.5133305972025249
Berea,163,21.460697174072266,64.87810516357422,0.5402055634631703
Berea,164,11.517436981201172,82.20661926269531,0.6418321206003208
Berea,165,15.338750839233398,80.82874298095703,0.627954278046431
Berea,166,9.264496803283691,67.52953338623047,0.6444055892001297
Berea,167,0.16622266173362732,65.28578186035156,0.6975934927360794
Berea,168,66.16398620605469,67.54823303222656,0.5701755853384486
Berea,169,68.94131469726562,69.22653198242188,0.5350359273662698
Berea,170,67.08761596679688,66.05636596679688,0.504469571638848
Berea,171,69.9631118774414,67.94085693359375,0.5325226054330701
Berea,172,80.87879180908203,80.41327667236328,0.8134689907070526
Berea,173,82.63042449951172,82.38182067871094,0.8112549813419719
Berea,174,80.06398010253906,79.72460174560547,0.8472138006791222
Berea,175,78.60111236572266,79.111328125,0.8241055352738598
Berea,176,62.0451545715332,63.15501022338867,0.8420063685835146
Berea,177,63.643943786621094,64.33799743652344,0.9000382052228674
Berea,178,65.94469451904297,66.53761291503906,0.8821263614230576
Berea,179,62.58575439453125,63.74051284790039,0.8229203595051533
Berea,180,65.36602020263672,65.10344696044922,0.8156471224980679
Berea,181,63.4560432434082,63.83491897583008,0.846586872410928
Berea,182,58.350093841552734,57.44278335571289,0.8504590384013822
Berea,183,59.94917297363281,59.978702545166016,0.8861675313611035
Berea,184,59.615135192871094,58.39993667602539,0.7864293688392994
Berea,185,73.4933090209961,71.89898681640625,0.7919644006353906
Berea,186,62.98216247558594,62.7962760925293,0.8329401866213382
Berea,187,64.3095474243164,64.2972183227539,0.8016812135223775
Berea,188,60.82253646850586,75.2474365234375,0.553449677033314
Berea,189,67.76375579833984,78.61199188232422,0.7687335011300213
Berea,190,61.62224197387695,69.23455810546875,0.8355718656144222
Berea,191,57.184295654296875,66.48645782470703,0.6292417987234727
Berea,192,10.751959800720215,69.5402603149414,0.6796778004853391
Berea,193,7.989837646484375,73.34383392333984,0.6332407871726458
Berea,194,14.182391166687012,74.64900207519531,0.645405707965292
Berea,195,14.210326194763184,68.52058410644531,0.6427940145105389
Berea,196,71.24961853027344,73.0116195678711,0.8628164417994763
Berea,197,71.9208755493164,72.28312683105469,0.8543363857725574
Berea,198,75.62882995605469,75.87248992919922,0.8049204548512047
Berea,199,73.49922180175781,73.39028930664062,0.7591533738970889
Berea,200,82.1451644897461,78.16023254394531,0.5471479297518322
Berea,201,86.00900268554688,80.60041809082031,0.4969389652984249
Berea,202,88.24614715576172,81.89157104492188,0.636173099976253
Berea,203,87.77317810058594,81.63046264648438,0.5690338604006137
Berea,204,54.77762985229492,54.68429183959961,0.7829801067286702
Berea,205,55.0152473449707,54.2126579284668,0.7775766666022937
Berea,206,60.05138397216797,60.20062255859375,0.7653109392399495
Berea,207,57.201576232910156,58.140987396240234,0.7776229647636428
Berea,208,44.162601470947266,48.54004669189453,0.5482647840103534
Berea,209,51.3956184387207,54.17682647705078,0.506385473392586
Berea,210,46.45105743408203,55.09573745727539,0.5211270408138231
Berea,211,35.54780578613281,56.79884719848633,0.5320299967536625
Berea,212,9.694786071777344,73.04910278320312,0.6345374824119228
Berea,213,16.83346176147461,81.01311492919922,0.5790190591405694
Berea,214,4.05564022064209,73.8609848022461,0.6225479404334853
Berea,215,14.471404075622559,89.94412994384766,0.5681415215050825
Berea,216,54.73365020751953,71.85968780517578,0.4175327687445735
Berea,217,61.78571319580078,69.39266204833984,0.5710979093047517
Berea,218,65.20580291748047,64.24612426757812,0.7167683769323576
Berea,219,58.97346496582031,66.41688537597656,0.5615443608709086
Berea,220,65.77686309814453,60.19468307495117,0.6089913037119573
Berea,221,65.55091094970703,61.235931396484375,0.644859235208456
Berea,222,72.2904052734375,66.60269927978516,0.5013493384178643
Berea,223,72.8680648803711,67.18177032470703,0.502677697170622
