Dataset,Sample_Index,Bias_Error_,Magnitude_Error_,Correlation
Spherical Pores,0,2.6443982124328613,44.01945877075195,0.7876097400163474
Spherical Pores,1,4.846307754516602,46.84016799926758,0.7819581584088388
Spherical Pores,2,2.290621280670166,44.917259216308594,0.7888382436178953
Spherical Pores,3,5.035068035125732,46.06220245361328,0.7935366067401486
Spherical Pores,4,6.484871864318848,43.46792984008789,0.8419226503786646
Spherical Pores,5,7.279903888702393,42.456024169921875,0.8486544451444413
Spherical Pores,6,5.980423450469971,41.771053314208984,0.8569094812092405
Spherical Pores,7,5.833880424499512,42.365020751953125,0.8492523899314669
Spherical Pores,8,59.375213623046875,77.44281005859375,0.8248812739792151
Spherical Pores,9,66.92420196533203,83.7879867553711,0.8273736075705016
Spherical Pores,10,64.01048278808594,82.6548080444336,0.8216958067176348
Spherical Pores,11,69.22077941894531,85.48348999023438,0.8348776297504216
Spherical Pores,12,30.433406829833984,44.018436431884766,0.8604207968900961
Spherical Pores,13,27.582542419433594,42.8942985534668,0.8681088001279094
Spherical Pores,14,27.4392032623291,41.071922302246094,0.8788668531046947
Spherical Pores,15,29.851789474487305,44.239532470703125,0.8741834271510532
Spherical Pores,16,98.72682189941406,102.40191650390625,0.8567858948910159
Spherical Pores,17,102.16971588134766,106.18508911132812,0.8560904967645581
Spherical Pores,18,105.96794891357422,108.83121490478516,0.8598731692019167
Spherical Pores,19,104.3177490234375,106.55699157714844,0.8656516551249646
Spherical Pores,20,136.7782440185547,118.50007629394531,0.7837306193633512
Spherical Pores,21,132.39859008789062,117.06367492675781,0.7756427011184384
Spherical Pores,22,137.9722442626953,121.24462127685547,0.7813658787534401
Spherical Pores,23,135.14993286132812,116.89018249511719,0.7654990811986142
Spherical Pores,24,341.4785461425781,216.15359497070312,0.7297127056447683
Spherical Pores,25,347.79296875,223.41465759277344,0.722357889237127
Spherical Pores,26,351.120361328125,232.91305541992188,0.7389407935101802
Spherical Pores,27,343.5243225097656,222.80967712402344,0.7294820161197274
Spherical Pores,28,339.51544189453125,298.5397033691406,0.6851622967350092
Spherical Pores,29,335.7377624511719,294.44915771484375,0.6791096980509639
Spherical Pores,30,338.42706298828125,298.84991455078125,0.6797215242348524
Spherical Pores,31,346.25732421875,307.8447570800781,0.6902607822843424
Spherical Pores,32,4.357077598571777,35.9302864074707,0.836981937673419
Spherical Pores,33,3.600966215133667,35.395904541015625,0.8386287704233987
Spherical Pores,34,1.509553074836731,35.186126708984375,0.845804033733682
Spherical Pores,35,4.387078285217285,35.48733901977539,0.8392971266616124
Spherical Pores,36,4.677356243133545,38.50714874267578,0.8278630774633468
Spherical Pores,37,1.724928855895996,37.0886116027832,0.8257866822053398
Spherical Pores,38,4.363961696624756,38.84864807128906,0.8278837197015794
Spherical Pores,39,1.7674446105957031,38.091346740722656,0.8215024802640438
Spherical Pores,40,31.987442016601562,37.82063293457031,0.9050152225536257
Spherical Pores,41,31.87544822692871,37.84335708618164,0.8996759762004216
Spherical Pores,42,30.885683059692383,36.37965774536133,0.9125367205166279
Spherical Pores,43,31.06561851501465,37.07970428466797,0.9040167160110072
Spherical Pores,44,28.73955726623535,39.40884780883789,0.8945616114850918
Spherical Pores,45,29.54898452758789,39.12247848510742,0.8932555647249916
Spherical Pores,46,29.72146987915039,39.47712707519531,0.8994873515832336
Spherical Pores,47,29.697998046875,40.17332077026367,0.8923311571146744
Spherical Pores,48,76.02784729003906,71.32084655761719,0.8629544835640152
Spherical Pores,49,81.34578704833984,78.5060043334961,0.8638777334965246
Spherical Pores,50,78.1536636352539,76.19193267822266,0.8585199823881688
Spherical Pores,51,79.01992797851562,74.79361724853516,0.8641552816787089
Spherical Pores,52,57.307212829589844,59.287322998046875,0.8530727792581251
Spherical Pores,53,59.10769271850586,60.38780975341797,0.8445366033473788
Spherical Pores,54,54.46902847290039,54.93522644042969,0.8616634153891324
Spherical Pores,55,58.00247573852539,59.354705810546875,0.8569841568949675
Spherical Pores,56,110.26669311523438,111.81298828125,0.8471937894093
Spherical Pores,57,106.98524475097656,110.6465835571289,0.8294811611583284
Spherical Pores,58,110.69915771484375,111.90015411376953,0.8478989557427932
Spherical Pores,59,109.73680114746094,111.06786346435547,0.8388863856998422
Spherical Pores,60,202.24493408203125,149.67848205566406,0.749119067889474
Spherical Pores,61,197.8899383544922,145.5093994140625,0.74964478522673
Spherical Pores,62,202.5138397216797,150.9256134033203,0.7415332961297506
Spherical Pores,63,196.5247802734375,142.7158660888672,0.7659184516825218
Spherical Pores,64,35.60708236694336,37.16822052001953,0.9154236526489029
Spherical Pores,65,36.471500396728516,37.834049224853516,0.9161049315289748
Spherical Pores,66,35.76811218261719,37.20875549316406,0.9218042300959998
Spherical Pores,67,36.01535415649414,37.4771728515625,0.9131285658509872
Spherical Pores,68,32.164268493652344,34.47294235229492,0.8907118928249669
Spherical Pores,69,32.867069244384766,35.037620544433594,0.8941977255067501
Spherical Pores,70,31.81873893737793,33.761756896972656,0.8919283887587938
Spherical Pores,71,32.155094146728516,34.226905822753906,0.8973189604014141
Spherical Pores,72,9.355091094970703,21.647825241088867,0.9360187522382795
Spherical Pores,73,10.088027954101562,21.891220092773438,0.9387567293478621
Spherical Pores,74,10.01977825164795,22.24230194091797,0.9370095265779709
Spherical Pores,75,8.801630020141602,21.06444549560547,0.944016429211781
Spherical Pores,76,5.526343822479248,19.217437744140625,0.9447210912700363
Spherical Pores,77,4.3803558349609375,20.763931274414062,0.9390001071445455
Spherical Pores,78,4.560432434082031,20.64106559753418,0.9378604642794435
Spherical Pores,79,5.1874098777771,20.8189640045166,0.939982650040128
Spherical Pores,80,9.669900894165039,23.768638610839844,0.9216793270360234
Spherical Pores,81,9.833490371704102,22.904529571533203,0.9269360762864363
Spherical Pores,82,9.484613418579102,22.560205459594727,0.9255627517805691
Spherical Pores,83,10.1832914352417,23.929622650146484,0.9187692676587141
Spherical Pores,84,12.681490898132324,25.850915908813477,0.920899651819978
Spherical Pores,85,12.697915077209473,24.815006256103516,0.9290205034858785
Spherical Pores,86,12.893702507019043,25.981689453125,0.9218511530993452
Spherical Pores,87,12.878015518188477,25.67207145690918,0.9214238431647196
Spherical Pores,88,52.92039489746094,45.17823791503906,0.9290516125906094
Spherical Pores,89,53.4234504699707,44.8945426940918,0.9344660837310768
Spherical Pores,90,52.897464752197266,45.13242721557617,0.9275552854264346
Spherical Pores,91,53.30131530761719,44.91775131225586,0.9315520674700534
Spherical Pores,92,65.73277282714844,63.934024810791016,0.9121552675736597
Spherical Pores,93,62.655879974365234,61.37782287597656,0.9064539394168264
Spherical Pores,94,66.8257064819336,66.40432739257812,0.9080999459526593
Spherical Pores,95,63.12432098388672,61.3881721496582,0.9113750927821344
Spherical Pores,96,19.52793312072754,21.258995056152344,0.959977643466506
Spherical Pores,97,20.24542999267578,22.098440170288086,0.9571075514254369
Spherical Pores,98,20.16463279724121,22.071115493774414,0.9612301386598558
Spherical Pores,99,20.218801498413086,22.2677001953125,0.956464429158645
Spherical Pores,100,28.846200942993164,29.634021759033203,0.9636573728563224
Spherical Pores,101,28.775541305541992,29.265687942504883,0.9642456631123153
Spherical Pores,102,28.855480194091797,29.49788475036621,0.9606097148208436
Spherical Pores,103,28.81971549987793,29.331233978271484,0.9609301062542621
Spherical Pores,104,0.4355686902999878,15.458807945251465,0.9649795637280482
Spherical Pores,105,1.7920241355895996,15.980518341064453,0.9642629273759206
Spherical Pores,106,0.48630425333976746,15.817737579345703,0.9645447168306434
Spherical Pores,107,1.7477198839187622,16.210695266723633,0.96410959818051
Spherical Pores,108,8.56988525390625,15.540435791015625,0.9641419017240793
Spherical Pores,109,8.329022407531738,16.487354278564453,0.9594501087867292
Spherical Pores,110,9.059550285339355,16.29877471923828,0.9632004887393686
Spherical Pores,111,7.539549827575684,16.010074615478516,0.9610323319196111
Spherical Pores,112,25.87563705444336,31.69796371459961,0.9110617186824287
Spherical Pores,113,23.195066452026367,29.961193084716797,0.9166939594552248
Spherical Pores,114,27.186853408813477,32.821895599365234,0.9061012066067707
Spherical Pores,115,24.1527156829834,30.504411697387695,0.9135986889406725
Spherical Pores,116,5.299135208129883,14.80335521697998,0.9625928970577434
Spherical Pores,117,6.413459300994873,15.681926727294922,0.9590698360759619
Spherical Pores,118,4.582692623138428,15.319196701049805,0.9610003281961349
Spherical Pores,119,5.913139820098877,15.08267879486084,0.9617209289707079
Spherical Pores,120,21.707592010498047,22.30364418029785,0.9621317283564952
Spherical Pores,121,20.558910369873047,22.3568172454834,0.9545221141946042
Spherical Pores,122,21.393306732177734,22.707778930664062,0.9522681453642794
Spherical Pores,123,20.908567428588867,22.003965377807617,0.9555591751533555
Spherical Pores,124,3.170142889022827,19.383607864379883,0.9383483179333592
Spherical Pores,125,3.931027889251709,18.72504997253418,0.9448033756394065
Spherical Pores,126,3.786202907562256,18.72971534729004,0.9412318685304484
Spherical Pores,127,4.241347789764404,18.66642951965332,0.9451462077395039
Spherical Grains,0,11.31452465057373,52.07744216918945,0.7908313133597125
Spherical Grains,1,3.8433890342712402,45.15984344482422,0.8034809061046759
Spherical Grains,2,11.532536506652832,50.641719818115234,0.796983125525054
Spherical Grains,3,5.027146816253662,48.322914123535156,0.7826504676828916
Spherical Grains,4,28.21180534362793,39.256587982177734,0.8853628062694284
Spherical Grains,5,31.449935913085938,38.59158706665039,0.8831821060841507
Spherical Grains,6,25.465627670288086,36.61822509765625,0.8975771349437748
Spherical Grains,7,29.650075912475586,37.327537536621094,0.8967879180119106
Spherical Grains,8,110.44612121582031,95.16024017333984,0.6440970897359123
Spherical Grains,9,116.86283874511719,103.63910675048828,0.6638181440210613
Spherical Grains,10,106.57992553710938,96.0509262084961,0.654782401587633
Spherical Grains,11,111.57538604736328,97.25682830810547,0.6372067493297306
Spherical Grains,12,174.9718780517578,175.6807861328125,0.5674201528679756
Spherical Grains,13,171.64561462402344,165.270263671875,0.5677827374049405
Spherical Grains,14,165.8470916748047,172.65065002441406,0.5329374954129575
Spherical Grains,15,159.04920959472656,161.006591796875,0.5183905320168878
Spherical Grains,16,296.1961975097656,213.08160400390625,0.3805014706044513
Spherical Grains,17,275.0927429199219,198.57229614257812,0.3826159459126188
Spherical Grains,18,291.83587646484375,211.11708068847656,0.39822833397196494
Spherical Grains,19,285.0346374511719,211.2754669189453,0.3420738645472793
Spherical Grains,20,5.5471577644348145,22.85655403137207,0.8732115656878912
Spherical Grains,21,7.257075786590576,24.489755630493164,0.8741847033575295
Spherical Grains,22,8.05579948425293,22.120281219482422,0.88166740827315
Spherical Grains,23,8.574542999267578,24.835735321044922,0.8630833478356867
Spherical Grains,24,3244.18994140625,3464.1669921875,0.15888397638308
Spherical Grains,25,3301.632080078125,3651.83447265625,0.16816199514830815
Spherical Grains,26,3291.85595703125,3710.705078125,0.15357239773952977
Spherical Grains,27,3147.14794921875,3489.680908203125,0.14196586242865553
Spherical Grains,28,761.060546875,377.3531188964844,0.27772418643192487
Spherical Grains,29,754.0682373046875,385.9889221191406,0.28596045915422413
Spherical Grains,30,743.6728515625,359.648193359375,0.26604183884678273
Spherical Grains,31,728.5197143554688,355.790771484375,0.2796904708325113
Spherical Grains,32,260.876708984375,264.4613952636719,0.5375499744997646
Spherical Grains,33,253.23471069335938,242.6056365966797,0.5450572357737401
Spherical Grains,34,273.6799011230469,272.8045959472656,0.5510299238545412
Spherical Grains,35,262.8820495605469,260.0655517578125,0.549735154929347
Spherical Grains,36,172.82106018066406,235.45162963867188,0.43819182591874817
Spherical Grains,37,186.1121063232422,245.58502197265625,0.4669550247487328
Spherical Grains,38,176.89871215820312,231.353759765625,0.47868210243887416
Spherical Grains,39,175.47576904296875,226.38365173339844,0.4893990011747515
Spherical Grains,40,69.36193084716797,81.35684967041016,0.7300844537335692
Spherical Grains,41,65.11570739746094,79.24383544921875,0.7321998841874293
Spherical Grains,42,68.23991394042969,78.65599822998047,0.763795595164279
Spherical Grains,43,64.05416870117188,77.53295135498047,0.7412324648991446
Spherical Grains,44,148.2491912841797,157.0045623779297,0.6323869826940749
Spherical Grains,45,143.44081115722656,150.15440368652344,0.6145412474613612
Spherical Grains,46,144.12571716308594,156.08688354492188,0.6383161378780993
Spherical Grains,47,141.8069305419922,148.35140991210938,0.6450664100260424
Spherical Grains,48,40.63420867919922,36.014888763427734,0.8231182169231042
Spherical Grains,49,45.618873596191406,41.24821853637695,0.8169357947453383
Spherical Grains,50,31.297117233276367,34.317413330078125,0.816635934165058
Spherical Grains,51,39.77688980102539,37.46306228637695,0.8305379214883905
Spherical Grains,52,106.6082534790039,118.12523651123047,0.7571484932225023
Spherical Grains,53,105.5545425415039,117.51557922363281,0.7642643719868444
Spherical Grains,54,117.82933807373047,131.03225708007812,0.7309047349543871
Spherical Grains,55,108.34339904785156,120.79198455810547,0.7402950150695715
Spherical Grains,56,68.46553039550781,84.38426971435547,0.7213067284680725
Spherical Grains,57,69.26132202148438,86.35018157958984,0.6909464856414349
Spherical Grains,58,78.33570098876953,96.32440185546875,0.7203300344286481
Spherical Grains,59,72.68470001220703,89.3038330078125,0.7104694499809028
Spherical Grains,60,961.68505859375,422.34027099609375,0.06541123937739682
Spherical Grains,61,1011.9521484375,455.47894287109375,0.023276312717614926
Spherical Grains,62,967.6139526367188,468.210693359375,0.07303348798343783
Spherical Grains,63,972.331787109375,409.63555908203125,0.07726708604862348
Spherical Grains,64,124.24900817871094,136.97723388671875,0.7394221201079364
Spherical Grains,65,123.75330352783203,137.3683319091797,0.7208497235546086
Spherical Grains,66,121.76197814941406,137.19227600097656,0.7374200505566585
Spherical Grains,67,127.26318359375,138.5462188720703,0.7536225147046367
Spherical Grains,68,0.4051401913166046,40.92966842651367,0.8150998546105555
Spherical Grains,69,0.7279132604598999,40.0760383605957,0.8177708906990656
Spherical Grains,70,0.56036376953125,39.5245475769043,0.8025237973756684
Spherical Grains,71,1.9017499685287476,39.52169418334961,0.8194801413480107
Spherical Grains,72,32.575626373291016,63.32465744018555,0.7506299759737323
Spherical Grains,73,31.80607795715332,65.92911529541016,0.7354877622418751
Spherical Grains,74,37.21419906616211,68.6957015991211,0.7360405194277047
Spherical Grains,75,28.42394256591797,58.22336959838867,0.750234248054426
Spherical Grains,76,11.639098167419434,30.359161376953125,0.8804136997434033
Spherical Grains,77,12.343647003173828,32.090782165527344,0.8653088253628681
Spherical Grains,78,17.724000930786133,35.38498306274414,0.8432285935817132
Spherical Grains,79,13.667847633361816,31.766992568969727,0.8730391066440736
Spherical Grains,80,2.6901297569274902,27.39773941040039,0.896816271348715
Spherical Grains,81,3.269453525543213,32.87847137451172,0.8695454816024889
Spherical Grains,82,0.7031978368759155,29.650720596313477,0.8934425123269979
Spherical Grains,83,5.58891487121582,31.5496826171875,0.8821197140978444
Spherical Grains,84,238.70986938476562,191.65451049804688,0.7221724620640667
Spherical Grains,85,242.8285675048828,207.47642517089844,0.6985022834406444
Spherical Grains,86,245.40162658691406,195.53761291503906,0.7186363336756728
Spherical Grains,87,249.87136840820312,208.49179077148438,0.7214142285992978
Spherical Grains,88,46.9107780456543,34.64561462402344,0.9022559693647161
Spherical Grains,89,51.01857376098633,37.627685546875,0.9102600960968604
Spherical Grains,90,49.54446792602539,35.87712860107422,0.8961189157208382
Spherical Grains,91,48.6447639465332,40.48544692993164,0.8858710543004527
Spherical Grains,92,130.19375610351562,99.54195404052734,0.7819673687804737
Spherical Grains,93,129.74166870117188,105.25431823730469,0.7243126542023525
Spherical Grains,94,131.19647216796875,100.6407699584961,0.7400439734420009
Spherical Grains,95,130.25511169433594,103.5416488647461,0.7401290475626026
Spherical Grains,96,53.146297454833984,52.8759651184082,0.9181110590202092
Spherical Grains,97,53.051021575927734,52.55531692504883,0.9169502825443395
Spherical Grains,98,49.37281799316406,50.83794021606445,0.9122011681295722
Spherical Grains,99,50.68449020385742,50.18596267700195,0.9131407412465082
Spherical Grains,100,17.41144371032715,49.51469039916992,0.8086743259139784
Spherical Grains,101,14.028946876525879,47.29862594604492,0.8049373817896709
Spherical Grains,102,18.678590774536133,47.63441467285156,0.8073928007483832
Spherical Grains,103,14.671335220336914,46.22053909301758,0.8035019230639888
Spherical Grains,104,52.5588493347168,54.94495391845703,0.8870031404151261
Spherical Grains,105,49.900665283203125,50.49909210205078,0.9096536312514141
Spherical Grains,106,55.38471984863281,57.565338134765625,0.8980290443774385
Spherical Grains,107,50.34480285644531,51.805999755859375,0.9050520563215989
Spherical Grains,108,100.48710632324219,102.64252471923828,0.8567041777283484
Spherical Grains,109,100.85163879394531,104.21662139892578,0.8288859134391567
Spherical Grains,110,100.691162109375,102.54816436767578,0.8368764992692623
Spherical Grains,111,101.5204849243164,104.46698760986328,0.8385195993467316
Spherical Grains,112,18.848590850830078,35.41634750366211,0.89467202792965
Spherical Grains,113,19.23133659362793,38.36713790893555,0.8767266561360083
Spherical Grains,114,18.92679214477539,34.37812805175781,0.8933466058984598
Spherical Grains,115,15.950514793395996,33.37664794921875,0.8912221562065467
Spherical Grains,116,34.83225631713867,36.198448181152344,0.9534377110530354
Spherical Grains,117,37.404598236083984,37.743534088134766,0.9534351141915649
Spherical Grains,118,36.85239028930664,39.719886779785156,0.9430498262858925
Spherical Grains,119,36.412811279296875,36.705711364746094,0.958111805942283
Spherical Grains,120,149.07403564453125,70.86919403076172,0.5146018751298946
Spherical Grains,121,155.30850219726562,79.49376678466797,0.5749403576572273
Spherical Grains,122,151.99282836914062,76.625732421875,0.5313549554322123
Spherical Grains,123,155.3184356689453,76.79837036132812,0.5696946554370976
Spherical Grains,124,58.80363082885742,69.47986602783203,0.7933800483500356
Spherical Grains,125,66.08403015136719,73.26101684570312,0.8198551385356505
Spherical Grains,126,61.86836242675781,69.53912353515625,0.820370742100371
Spherical Grains,127,66.22561645507812,73.06797790527344,0.8283918088292294
Cylindrical Pores,0,9.99703311920166,43.05596160888672,0.7750790843251107
Cylindrical Pores,1,8.448631286621094,40.962059020996094,0.8038212754727634
Cylindrical Pores,2,10.283072471618652,43.40597915649414,0.7631690549529015
Cylindrical Pores,3,4.862870693206787,41.02263259887695,0.8006583627250897
Cylindrical Pores,4,37.839603424072266,53.10569763183594,0.5498300475510205
Cylindrical Pores,5,42.085636138916016,59.742889404296875,0.5924757354306416
Cylindrical Pores,6,33.68707275390625,50.26074981689453,0.5743210528439879
Cylindrical Pores,7,42.13909149169922,57.56527328491211,0.5357831021293215
Cylindrical Pores,8,116.40562438964844,80.3250961303711,0.6788419908217624
Cylindrical Pores,9,138.41250610351562,87.518310546875,0.6995359437466927
Cylindrical Pores,10,120.81866455078125,83.72099304199219,0.7156036836545632
Cylindrical Pores,11,125.24221801757812,82.76206970214844,0.703512109467319
Cylindrical Pores,12,120.2175064086914,83.46217346191406,0.6167221641405914
Cylindrical Pores,13,120.48250579833984,80.38934326171875,0.6309243774646766
Cylindrical Pores,14,120.94007873535156,80.3873062133789,0.6243740558467324
Cylindrical Pores,15,125.0759506225586,78.06106567382812,0.658909347827506
Cylindrical Pores,16,274.8160095214844,67.32518768310547,0.337973570987419
Cylindrical Pores,17,283.73345947265625,68.24175262451172,0.3541138050890478
Cylindrical Pores,18,260.77252197265625,69.51176452636719,0.331093110287078
Cylindrical Pores,19,264.736083984375,64.94224548339844,0.34071254715247073
Cylindrical Pores,20,74.94412994384766,63.33362579345703,0.8289860815203027
Cylindrical Pores,21,66.47791290283203,50.21329116821289,0.8605149022045184
Cylindrical Pores,22,73.09744262695312,55.99795150756836,0.8852162241394784
Cylindrical Pores,23,68.28165435791016,57.389549255371094,0.8646741003364042
Cylindrical Pores,24,22.347745895385742,37.498687744140625,0.8705984652845327
Cylindrical Pores,25,21.673175811767578,39.108543395996094,0.8496050365674775
Cylindrical Pores,26,23.050086975097656,37.22241973876953,0.8759566612615248
Cylindrical Pores,27,19.192235946655273,36.24811553955078,0.8710988243135454
Cylindrical Pores,28,188.5007781982422,109.24071502685547,0.583765493408558
Cylindrical Pores,29,192.7293243408203,107.24903106689453,0.5775104761602515
Cylindrical Pores,30,193.10198974609375,109.1528091430664,0.5765709674249812
Cylindrical Pores,31,197.83941650390625,110.13484191894531,0.6140714706767584
Cylindrical Pores,32,181.36740112304688,69.39091491699219,0.6192358241283874
Cylindrical Pores,33,179.63275146484375,72.81239318847656,0.6444839366336521
Cylindrical Pores,34,181.25625610351562,74.5758056640625,0.6234462379540133
Cylindrical Pores,35,177.62588500976562,72.58662414550781,0.6273913322307614
Cylindrical Pores,36,67.65505981445312,78.6929702758789,0.7339049605829694
Cylindrical Pores,37,66.1793212890625,75.69253540039062,0.7335317769910654
Cylindrical Pores,38,72.07173156738281,80.70358276367188,0.7292600585696429
Cylindrical Pores,39,69.54620361328125,78.79593658447266,0.7257534343676585
Cylindrical Pores,40,859.7774658203125,145.36830139160156,0.4100402714615646
Cylindrical Pores,41,859.8045654296875,149.70166015625,0.4053137224059197
Cylindrical Pores,42,830.712158203125,138.0538787841797,0.39837011723955534
Cylindrical Pores,43,807.2573852539062,129.32080078125,0.3993700201014465
Cylindrical Pores,44,265.9513244628906,64.78166198730469,0.46187173571405277
Cylindrical Pores,45,278.1241760253906,70.96357727050781,0.478990880025205
Cylindrical Pores,46,289.28204345703125,82.03206634521484,0.5169291972851514
Cylindrical Pores,47,272.56298828125,69.94544219970703,0.5288045995601202
Cylindrical Pores,48,136.68148803710938,122.85812377929688,0.6028532662126415
Cylindrical Pores,49,144.71804809570312,134.29568481445312,0.6337965847294992
Cylindrical Pores,50,134.08291625976562,119.70228576660156,0.6352622029346122
Cylindrical Pores,51,144.7646942138672,134.3737335205078,0.6105730020370951
Cylindrical Pores,52,138.4247589111328,156.02273559570312,0.588707495683912
Cylindrical Pores,53,128.6400909423828,143.34384155273438,0.6226428782259379
Cylindrical Pores,54,137.96124267578125,149.840576171875,0.6381785655209793
Cylindrical Pores,55,130.62429809570312,141.63922119140625,0.6317656240228152
Cylindrical Pores,56,54.12942886352539,40.4122314453125,0.9004720231067811
Cylindrical Pores,57,45.1241569519043,37.392417907714844,0.8594420757024879
Cylindrical Pores,58,53.33467483520508,38.417823791503906,0.8978975363702119
Cylindrical Pores,59,43.645938873291016,36.462318420410156,0.8554003126219487
Cylindrical Pores,60,6.78655481338501,21.557415008544922,0.9306237386594001
Cylindrical Pores,61,6.492793083190918,22.89812660217285,0.9103904321915149
Cylindrical Pores,62,7.207077503204346,22.567323684692383,0.9265771646628023
Cylindrical Pores,63,8.576820373535156,23.506166458129883,0.9163835224953827
Cylindrical Pores,64,532.620361328125,411.7812805175781,0.5430861776268872
Cylindrical Pores,65,536.9585571289062,433.86444091796875,0.5417154820937775
Cylindrical Pores,66,535.1843872070312,428.7054138183594,0.5465600906519362
Cylindrical Pores,67,543.3966064453125,438.89593505859375,0.55380040471419
Cylindrical Pores,68,284.2435607910156,199.3383331298828,0.6340930380090188
Cylindrical Pores,69,289.6648864746094,205.06504821777344,0.6223833357875845
Cylindrical Pores,70,287.906494140625,199.8273162841797,0.6148576791145858
Cylindrical Pores,71,288.88336181640625,204.88735961914062,0.5998651877004836
Cylindrical Pores,72,33.634796142578125,23.989620208740234,0.90138015924597
Cylindrical Pores,73,31.092910766601562,25.621124267578125,0.8885361591826467
Cylindrical Pores,74,33.166114807128906,23.841392517089844,0.8994998623785813
Cylindrical Pores,75,28.150419235229492,23.000089645385742,0.8839995378480178
Cylindrical Pores,76,25.220657348632812,34.30329895019531,0.8325571882633677
Cylindrical Pores,77,26.07779884338379,32.48630142211914,0.8422999988913867
Cylindrical Pores,78,27.1125545501709,35.13736343383789,0.8425523867757664
Cylindrical Pores,79,27.904102325439453,33.78951644897461,0.844329818426903
Cylindrical Pores,80,34.2754020690918,42.081947326660156,0.8084337019554533
Cylindrical Pores,81,37.874698638916016,41.80865478515625,0.8288084326771947
Cylindrical Pores,82,37.252906799316406,39.81947708129883,0.8437561764955743
Cylindrical Pores,83,37.526187896728516,42.41353225708008,0.8215271899274934
Cylindrical Pores,84,6.850660800933838,21.03205680847168,0.91082164555604
Cylindrical Pores,85,4.156630039215088,22.018949508666992,0.9061350148602579
Cylindrical Pores,86,4.947978496551514,21.348068237304688,0.9023444142521746
Cylindrical Pores,87,7.154052257537842,21.36646842956543,0.9153132224961398
Cylindrical Pores,88,183.33506774902344,106.34619903564453,0.5625660549172441
Cylindrical Pores,89,181.336181640625,101.08447265625,0.5242927468388336
Cylindrical Pores,90,190.7642364501953,108.54637145996094,0.5527461879478829
Cylindrical Pores,91,182.8171844482422,105.7025146484375,0.5872965477312587
Cylindrical Pores,92,5.30893087387085,21.353534698486328,0.9342839290733024
Cylindrical Pores,93,1.8655195236206055,22.513301849365234,0.9228882463713147
Cylindrical Pores,94,6.0575385093688965,21.65500831604004,0.9343414321576472
Cylindrical Pores,95,5.70762300491333,23.769779205322266,0.9185074407233224
Cylindrical Pores,96,1.6545994281768799,20.499698638916016,0.9091556096568101
Cylindrical Pores,97,2.877772569656372,20.425106048583984,0.9073153645898291
Cylindrical Pores,98,3.1419310569763184,21.36299705505371,0.9034282220944418
Cylindrical Pores,99,1.807352900505066,21.03814125061035,0.9044323860518778
Cylindrical Pores,100,3.571229934692383,28.15837287902832,0.8748012119557144
Cylindrical Pores,101,1.5543475151062012,26.972768783569336,0.8833689533364095
Cylindrical Pores,102,2.071265459060669,25.68409538269043,0.8950469633907034
Cylindrical Pores,103,2.4810690879821777,25.628337860107422,0.8976404270422692
Cylindrical Pores,104,1.2868080139160156,24.81002426147461,0.8889114713514998
Cylindrical Pores,105,2.6141152381896973,26.13573455810547,0.8741027115199065
Cylindrical Pores,106,1.8526643514633179,25.154205322265625,0.8852434550007847
Cylindrical Pores,107,1.31318998336792,25.933712005615234,0.8757707487646771
Cylindrical Pores,108,7.412202835083008,26.39116668701172,0.9011521988023821
Cylindrical Pores,109,6.650241374969482,25.601884841918945,0.9004609774775832
Cylindrical Pores,110,9.603096008300781,24.806621551513672,0.9097407196893508
Cylindrical Pores,111,9.391959190368652,24.9832820892334,0.9131010022480031
Cylindrical Pores,112,20.293170928955078,22.913063049316406,0.9021539424784065
Cylindrical Pores,113,18.147459030151367,20.58858299255371,0.9148854651167948
Cylindrical Pores,114,20.553913116455078,22.417909622192383,0.9065357026912293
Cylindrical Pores,115,19.558143615722656,20.907089233398438,0.9184305602902175
Cylindrical Pores,116,15.66297435760498,31.644071578979492,0.883602055294091
Cylindrical Pores,117,14.276236534118652,31.531017303466797,0.880504404056672
Cylindrical Pores,118,14.976237297058105,29.78417205810547,0.8943757409403429
Cylindrical Pores,119,15.27768325805664,29.37092399597168,0.8926855837934966
Cylindrical Grains,0,68.66059875488281,68.36434173583984,0.884470633214927
Cylindrical Grains,1,69.63038635253906,68.34248352050781,0.8960233750837321
Cylindrical Grains,2,68.01942443847656,68.99991607666016,0.8658450186028545
Cylindrical Grains,3,65.9898452758789,65.02125549316406,0.8904117813807055
Cylindrical Grains,4,77.55801391601562,79.9847183227539,0.8990602454581332
Cylindrical Grains,5,76.22420501708984,77.885986328125,0.9165801201985968
Cylindrical Grains,6,73.95716857910156,76.05985260009766,0.9059061722042352
Cylindrical Grains,7,74.86054229736328,77.07734680175781,0.9014808605255445
Cylindrical Grains,8,110.86016082763672,103.18721008300781,0.8228836090926753
Cylindrical Grains,9,111.58493041992188,106.06265258789062,0.8262399355124508
Cylindrical Grains,10,112.40137481689453,104.6509017944336,0.8193748802971671
Cylindrical Grains,11,115.49213409423828,109.90682983398438,0.8171559050279472
Cylindrical Grains,12,41.76273727416992,46.83844757080078,0.8839024612389403
Cylindrical Grains,13,42.40411376953125,48.31101608276367,0.8854708617297069
Cylindrical Grains,14,39.48805236816406,45.3596305847168,0.8790100343809037
Cylindrical Grains,15,39.618167877197266,45.455684661865234,0.8843136523894572
Cylindrical Grains,16,129.95127868652344,114.0815200805664,0.7343849748653809
Cylindrical Grains,17,123.92693328857422,108.18981170654297,0.734756254197562
Cylindrical Grains,18,123.10623168945312,108.51636505126953,0.7544732628546132
Cylindrical Grains,19,122.80094146728516,107.29749298095703,0.7217694527507065
Cylindrical Grains,20,33.78493881225586,31.043643951416016,0.9372595832347997
Cylindrical Grains,21,30.06311798095703,27.830322265625,0.9428791051438995
Cylindrical Grains,22,33.95261764526367,31.791690826416016,0.9340833862555038
Cylindrical Grains,23,29.756114959716797,29.4768123626709,0.9295654693556921
Cylindrical Grains,24,107.97853088378906,99.61222076416016,0.6835097731454116
Cylindrical Grains,25,110.1734390258789,98.7905502319336,0.7027816360646908
Cylindrical Grains,26,103.02381134033203,93.7241439819336,0.7424913079377724
Cylindrical Grains,27,108.3896713256836,97.84918975830078,0.7130833660333598
Cylindrical Grains,28,61.65592956542969,62.54192352294922,0.8364083343338548
Cylindrical Grains,29,61.782447814941406,59.88674545288086,0.8611866956794432
Cylindrical Grains,30,57.66520309448242,59.540061950683594,0.8313060755762159
Cylindrical Grains,31,61.387325286865234,59.43754577636719,0.8671961269575489
Cylindrical Grains,32,28.544389724731445,34.36675262451172,0.9030018280759305
Cylindrical Grains,33,29.490184783935547,34.85355758666992,0.9007341910331897
Cylindrical Grains,34,32.70951843261719,36.962158203125,0.8990228114599266
Cylindrical Grains,35,33.71516418457031,37.922630310058594,0.9060633820449229
Cylindrical Grains,36,97.83821868896484,81.92366790771484,0.7680587434577647
Cylindrical Grains,37,106.10153198242188,85.8687744140625,0.7970318282711806
Cylindrical Grains,38,97.60539245605469,79.56954193115234,0.7879088536826389
Cylindrical Grains,39,108.5263671875,90.78329467773438,0.8063560333436244
Cylindrical Grains,40,221.88645935058594,173.4153594970703,0.735194699084993
Cylindrical Grains,41,236.3732147216797,181.711181640625,0.7234759501181951
Cylindrical Grains,42,228.97598266601562,180.0912628173828,0.7495589773394239
Cylindrical Grains,43,251.1649169921875,195.90493774414062,0.7635818054692243
Cylindrical Grains,44,219.39903259277344,169.93333435058594,0.8051508415299712
Cylindrical Grains,45,227.79132080078125,182.63827514648438,0.8046969591508659
Cylindrical Grains,46,228.07427978515625,179.09613037109375,0.8195081750799486
Cylindrical Grains,47,221.5703887939453,173.42935180664062,0.7963859498727494
Cylindrical Grains,48,43.49961471557617,61.846763610839844,0.8513544469186044
Cylindrical Grains,49,43.3524169921875,61.49575424194336,0.8441447808826774
Cylindrical Grains,50,42.81986999511719,61.865421295166016,0.8404746255358196
Cylindrical Grains,51,44.93692398071289,64.16411590576172,0.8429870821293175
Cylindrical Grains,52,178.95745849609375,179.53709411621094,0.8136272482163303
Cylindrical Grains,53,180.04019165039062,180.217529296875,0.7873391476615915
Cylindrical Grains,54,176.3133087158203,176.38821411132812,0.7774632180063504
Cylindrical Grains,55,172.5224609375,174.82583618164062,0.8041079758066797
Cylindrical Grains,56,86.67074584960938,106.87248229980469,0.7156788801480208
Cylindrical Grains,57,94.96148681640625,109.20649719238281,0.6909224871354385
Cylindrical Grains,58,85.04853057861328,102.87410736083984,0.7079553745669754
Cylindrical Grains,59,87.94049835205078,104.6012954711914,0.7000549765414869
Cylindrical Grains,60,100.16027069091797,96.52533721923828,0.7399674858381124
Cylindrical Grains,61,101.64727783203125,96.4847640991211,0.7743275791461834
Cylindrical Grains,62,107.57389068603516,105.89530944824219,0.7401486611995143
Cylindrical Grains,63,102.70232391357422,100.13250732421875,0.751227897041895
Cylindrical Grains,64,44.57050704956055,39.84208297729492,0.7820669530936539
Cylindrical Grains,65,44.016231536865234,42.11716079711914,0.8154852033458099
Cylindrical Grains,66,51.064823150634766,41.5650634765625,0.7995497200357167
Cylindrical Grains,67,41.97184371948242,44.593257904052734,0.7666265640491562
Cylindrical Grains,68,214.69561767578125,200.1787567138672,0.7634529714527111
Cylindrical Grains,69,219.32101440429688,203.7317352294922,0.7713784432399501
Cylindrical Grains,70,214.5787353515625,200.09092712402344,0.7782738589667473
Cylindrical Grains,71,228.88943481445312,213.81558227539062,0.7762540264218122
Cylindrical Grains,72,86.17459106445312,104.98548889160156,0.7672712409656548
Cylindrical Grains,73,90.81072235107422,109.13226318359375,0.7550833987816661
Cylindrical Grains,74,78.22735595703125,90.86632537841797,0.7602190112956441
Cylindrical Grains,75,90.68426513671875,110.66305541992188,0.7394957088307897
Cylindrical Grains,76,219.8046417236328,263.2288513183594,0.6003178403317386
Cylindrical Grains,77,228.63079833984375,270.8807067871094,0.6207028889043572
Cylindrical Grains,78,228.15455627441406,268.81304931640625,0.6169267898183488
Cylindrical Grains,79,230.99252319335938,273.2410888671875,0.6059489006881403
Cylindrical Grains,80,29.658660888671875,31.834674835205078,0.7741595115277775
Cylindrical Grains,81,26.36028480529785,35.52265548706055,0.7219916309351444
Cylindrical Grains,82,32.84114074707031,30.72106170654297,0.7563657262849703
Cylindrical Grains,83,25.550352096557617,31.692293167114258,0.7335361033502277
Cylindrical Grains,84,2004.6875,1998.632568359375,0.19579341177996162
Cylindrical Grains,85,1944.3984375,1921.78955078125,0.18729415978780384
Cylindrical Grains,86,1974.592041015625,1967.5771484375,0.20078963596666816
Cylindrical Grains,87,2033.27978515625,2024.3304443359375,0.17692576941545868
Cylindrical Grains,88,752.431640625,592.787841796875,0.4266827280675103
Cylindrical Grains,89,720.8096923828125,514.0504760742188,0.42641009954619324
Cylindrical Grains,90,710.2758178710938,555.63916015625,0.4399096520407894
Cylindrical Grains,91,701.4776611328125,527.7214965820312,0.4712149112065977
Cylindrical Grains,92,137.95071411132812,166.3056182861328,0.5632398161094552
Cylindrical Grains,93,142.75515747070312,178.18316650390625,0.5300689592023903
Cylindrical Grains,94,137.7251434326172,166.62130737304688,0.563588088123356
Cylindrical Grains,95,137.6275177001953,168.68724060058594,0.5484016959746759
Bentheimer,0,45.3221549987793,82.78855895996094,0.6094886290865392
Bentheimer,1,41.576133728027344,76.18470001220703,0.6366689326404338
Bentheimer,2,37.26707077026367,79.03043365478516,0.6051182825328137
Bentheimer,3,39.26036071777344,75.11564636230469,0.6430975693692185
Bentheimer,4,74.57461547851562,110.25647735595703,0.5754626481197076
Bentheimer,5,76.84770965576172,113.91222381591797,0.5903717478167169
Bentheimer,6,70.95989990234375,107.6230697631836,0.5900776091532416
Bentheimer,7,66.74996948242188,107.06489562988281,0.6088230164691677
Bentheimer,8,196.34054565429688,144.59205627441406,0.619982011161929
Bentheimer,9,208.39894104003906,144.38418579101562,0.5715414593990366
Bentheimer,10,216.7776336669922,155.25238037109375,0.6050449220748365
Bentheimer,11,199.96197509765625,150.1915740966797,0.6336342202351816
Bentheimer,12,191.7290802001953,214.2822723388672,0.48912443488061774
Bentheimer,13,187.92034912109375,209.96458435058594,0.5020357018905675
Bentheimer,14,185.9753875732422,207.07211303710938,0.5052793280442628
Bentheimer,15,181.6755828857422,202.03746032714844,0.49788828787058065
Bentheimer,16,167.31658935546875,209.95225524902344,0.324948593214222
Bentheimer,17,177.1026611328125,218.0531005859375,0.3373980635392765
Bentheimer,18,168.55848693847656,207.14035034179688,0.3426681017604403
Bentheimer,19,176.5700225830078,218.42413330078125,0.3590549322986736
Bentheimer,20,204.09034729003906,199.9613800048828,0.5320301135213551
Bentheimer,21,200.7766571044922,201.12075805664062,0.5475852807095765
Bentheimer,22,202.43421936035156,202.7437744140625,0.550210280569414
Bentheimer,23,201.49868774414062,205.3712921142578,0.5271665517383399
Bentheimer,24,56.71150207519531,86.04496765136719,0.7743047981815133
Bentheimer,25,62.81156921386719,89.8940200805664,0.766544195147509
Bentheimer,26,61.20262908935547,87.7316665649414,0.7903498748187072
Bentheimer,27,63.76908874511719,90.7503662109375,0.7721838724123712
Bentheimer,28,11.324029922485352,29.569059371948242,0.9221186874349457
Bentheimer,29,14.740347862243652,30.55472755432129,0.9015067139781934
Bentheimer,30,12.448347091674805,30.419790267944336,0.9093079648460045
Bentheimer,31,13.30359935760498,31.60345458984375,0.9162475646678505
Bentheimer,32,763.509521484375,1054.5830078125,0.2664124182425336
Bentheimer,33,762.0047607421875,1066.1966552734375,0.26946222575428275
Bentheimer,34,793.8213500976562,1090.1561279296875,0.27141379258182835
Bentheimer,35,810.8560791015625,1084.3624267578125,0.2577117224708495
Bentheimer,36,14.10195255279541,30.97462272644043,0.9195566734168102
Bentheimer,37,12.317151069641113,30.561948776245117,0.9162182772333093
Bentheimer,38,13.029415130615234,27.02424430847168,0.9366475708879345
Bentheimer,39,15.80874252319336,31.379695892333984,0.9122437316071975
Bentheimer,40,12.489014625549316,41.33494186401367,0.817889291262391
Bentheimer,41,16.058429718017578,41.448387145996094,0.8032417593613296
Bentheimer,42,15.696760177612305,38.99393844604492,0.8043191443457112
Bentheimer,43,17.721513748168945,40.503997802734375,0.8075385934222356
Bentheimer,44,28.727680206298828,95.25784301757812,0.4937733502799207
Bentheimer,45,31.46951675415039,92.73792266845703,0.5391535946307113
Bentheimer,46,34.729244232177734,94.14546966552734,0.5006946169736787
Bentheimer,47,26.28656005859375,90.8740234375,0.4747308596027448
Bentheimer,48,298.23114013671875,347.7921142578125,0.16449159021958704
Bentheimer,49,287.5762023925781,333.58245849609375,0.17887303758189724
Bentheimer,50,280.409912109375,349.940185546875,0.16678199056226023
Bentheimer,51,291.3393859863281,358.4447021484375,0.19354604196094574
Bentheimer,52,60.27544403076172,89.77565002441406,0.73278806319599
Bentheimer,53,69.5029525756836,96.85828399658203,0.7128902985129393
Bentheimer,54,63.292083740234375,90.12159729003906,0.7490588326317835
Bentheimer,55,64.52284240722656,95.81478118896484,0.7361041439960656
Bentheimer,56,262.5134582519531,308.416259765625,0.32412222263825485
Bentheimer,57,271.49310302734375,322.51641845703125,0.32744189132906537
Bentheimer,58,273.7109375,316.9215087890625,0.33510427615502736
Bentheimer,59,248.01797485351562,298.72021484375,0.3310119268910694
Bentheimer,60,133.6922149658203,126.60416412353516,0.6226070333440475
Bentheimer,61,150.03440856933594,131.63519287109375,0.5624313954361406
Bentheimer,62,145.21780395507812,131.24002075195312,0.6153295076216264
Bentheimer,63,144.9735107421875,127.63201904296875,0.5596212406428128
Bentheimer,64,26.52825164794922,63.75354766845703,0.7760899785623891
Bentheimer,65,26.740842819213867,65.17823028564453,0.7803838300105759
Bentheimer,66,32.84520721435547,72.13612365722656,0.7571199754903613
Bentheimer,67,28.061464309692383,72.80469512939453,0.7461788014320855
Bentheimer,68,88.74160766601562,107.67225646972656,0.532513776823345
Bentheimer,69,91.05331420898438,110.98770141601562,0.4805313236127075
Bentheimer,70,95.51824951171875,117.49916076660156,0.5237979569214317
Bentheimer,71,102.17594146728516,119.64743041992188,0.5025736116809915
Bentheimer,72,172.8699951171875,192.0100860595703,0.5387355961796716
Bentheimer,73,167.3106689453125,186.82269287109375,0.5444730809383339
Bentheimer,74,166.36004638671875,185.23342895507812,0.5169208863711079
Bentheimer,75,166.08511352539062,184.16542053222656,0.5507929598116386
Bentheimer,76,68.0416030883789,119.13289642333984,0.5309920969373061
Bentheimer,77,50.404518127441406,100.24913024902344,0.5695472717567733
Bentheimer,78,57.8349609375,112.87088012695312,0.5436336107346229
Bentheimer,79,54.398284912109375,105.70431518554688,0.5646923322009973
Bentheimer,80,61.578861236572266,109.48678588867188,0.6331182926945124
Bentheimer,81,57.97011184692383,105.32402038574219,0.6405854808368789
Bentheimer,82,60.28733825683594,108.8150634765625,0.6317463665307793
Bentheimer,83,56.07624435424805,106.0135726928711,0.6454287635427225
Bentheimer,84,707.2550048828125,668.9860229492188,0.44106550394600513
Bentheimer,85,694.3941650390625,666.6835327148438,0.453448159784741
Bentheimer,86,732.9259643554688,700.652099609375,0.4441181976089361
Bentheimer,87,650.767578125,620.3075561523438,0.4466294854443516
Bentheimer,88,231.82896423339844,200.65887451171875,0.5109759259145855
Bentheimer,89,208.4272003173828,182.09957885742188,0.5587937265038234
Bentheimer,90,219.32794189453125,190.33653259277344,0.49723569171263243
Bentheimer,91,203.7904052734375,182.0419158935547,0.5364305621926939
Bentheimer,92,102.33702850341797,180.7496795654297,0.3114954341889848
Bentheimer,93,93.37824249267578,179.28550720214844,0.3134320687104434
Bentheimer,94,92.43901824951172,174.89256286621094,0.31503920496636784
Bentheimer,95,102.62752532958984,174.11854553222656,0.31897109305641225
Bentheimer,96,20.275035858154297,71.11044311523438,0.7295123429072756
Bentheimer,97,6.613718032836914,57.26376724243164,0.7625408024051357
Bentheimer,98,18.41912841796875,67.49724578857422,0.7348232865507721
Bentheimer,99,13.838220596313477,63.34450912475586,0.7513612682025735
Bentheimer,100,64.54061126708984,61.13979721069336,0.7092843663764229
Bentheimer,101,58.12559127807617,56.91736602783203,0.732022386961686
Bentheimer,102,60.585018157958984,60.78261184692383,0.7004967893941861
Bentheimer,103,68.87034606933594,61.939903259277344,0.7319062327174181
Bentheimer,104,51.31962966918945,72.70732879638672,0.71708456056025
Bentheimer,105,61.15990447998047,84.6284408569336,0.728282667975161
Bentheimer,106,51.95414733886719,74.52735900878906,0.7072398806424849
Bentheimer,107,53.095821380615234,78.07980346679688,0.7144290787050721
Bentheimer,108,55.913570404052734,113.79238891601562,0.7174366781180616
Bentheimer,109,48.07979202270508,95.05870819091797,0.7784693671699546
Bentheimer,110,56.243526458740234,111.70198059082031,0.7277361390533555
Bentheimer,111,53.54411315917969,101.28759002685547,0.7578456752961225
Bentheimer,112,127.79939270019531,186.66293334960938,0.574363371859028
Bentheimer,113,137.17288208007812,198.45481872558594,0.536709964047467
Bentheimer,114,133.8392791748047,194.83807373046875,0.5565844788970729
Bentheimer,115,135.22549438476562,200.0331268310547,0.5397917266276723
Bentheimer,116,82.3064956665039,86.35363006591797,0.7397031704719419
Bentheimer,117,96.95134735107422,95.33839416503906,0.7624510397958466
Bentheimer,118,90.51600646972656,94.3655776977539,0.758406045493418
Bentheimer,119,90.59025573730469,90.84217834472656,0.7611075909435301
Bentheimer,120,1.2954590320587158,28.86644172668457,0.919006391603297
Bentheimer,121,0.3781795799732208,27.612319946289062,0.9374324516548002
Bentheimer,122,1.7240371704101562,28.06895637512207,0.9282192999848885
Bentheimer,123,4.959620952606201,26.803110122680664,0.9371009331782414
Bentheimer,124,25.23015594482422,39.559635162353516,0.8916474814638619
Bentheimer,125,17.09172821044922,33.804840087890625,0.9016987598636045
Bentheimer,126,21.549612045288086,35.05501937866211,0.8995183249386967
Bentheimer,127,20.851409912109375,37.505271911621094,0.8896055596738247
Bentheimer,128,647.046875,741.0911865234375,0.40158572617094324
Bentheimer,129,610.8316650390625,725.40478515625,0.3923887685077077
Bentheimer,130,627.9095458984375,710.2330932617188,0.4130788183383218
Bentheimer,131,639.2764282226562,735.2772216796875,0.4021230316517636
Bentheimer,132,76.54188537597656,78.9403305053711,0.6510186120965854
Bentheimer,133,72.12864685058594,76.2985610961914,0.6208457026158878
Bentheimer,134,71.55503845214844,74.22444152832031,0.6814480628859794
Bentheimer,135,73.58100891113281,75.21324920654297,0.6273255830289013
Bentheimer,136,4.344539642333984,49.62217330932617,0.758451549002929
Bentheimer,137,2.0717830657958984,52.243263244628906,0.7516302698956356
Bentheimer,138,5.208580017089844,47.95735168457031,0.7739369025065517
Bentheimer,139,0.588084876537323,53.50396728515625,0.7367069715678846
Bentheimer,140,260.243408203125,321.658203125,0.4594009932871434
Bentheimer,141,282.41656494140625,359.2375793457031,0.42902423473455065
Bentheimer,142,269.7449645996094,331.1905822753906,0.4654905491622952
Bentheimer,143,269.17535400390625,333.8507385253906,0.43475485807447223
Bentheimer,144,28.29432487487793,49.89944839477539,0.8306544480270753
Bentheimer,145,26.188030242919922,46.22367858886719,0.8506707196875462
Bentheimer,146,19.07356834411621,49.226783752441406,0.8153339921830968
Bentheimer,147,30.06654930114746,50.453739166259766,0.8399595043402006
Bentheimer,148,11.042421340942383,34.74667739868164,0.835657625802755
Bentheimer,149,6.84225606918335,37.04507064819336,0.8167513357402708
Bentheimer,150,8.805484771728516,35.35069274902344,0.846732552709579
Bentheimer,151,11.144268035888672,35.30885696411133,0.8578554694961223
Bentheimer,152,12.397699356079102,40.386322021484375,0.8771253251583248
Bentheimer,153,10.35051155090332,41.49454116821289,0.8564321017704615
Bentheimer,154,10.774246215820312,40.60958480834961,0.8557661659990281
Bentheimer,155,12.656578063964844,40.40623092651367,0.8682405464831527
Bentheimer,156,207.13829040527344,258.83575439453125,0.6293394257691807
Bentheimer,157,207.4621124267578,263.7859191894531,0.5993880003487322
Bentheimer,158,191.8739013671875,245.9590606689453,0.621714479285676
Bentheimer,159,197.48377990722656,253.53465270996094,0.5953070643432311
Bentheimer,160,4.376168727874756,48.048744201660156,0.8638000133676124
Bentheimer,161,7.2024359703063965,42.82930374145508,0.8754301472705369
Bentheimer,162,2.9005324840545654,46.684017181396484,0.8544627777412815
Bentheimer,163,6.073403835296631,43.85308837890625,0.877600897121099
Bentheimer,164,16.17012596130371,60.398250579833984,0.7383801030609556
Bentheimer,165,22.724340438842773,67.86312866210938,0.7057912078083552
Bentheimer,166,15.6402587890625,59.73600769042969,0.7379880603584418
Bentheimer,167,23.009428024291992,69.02644348144531,0.7012519778788358
Bentheimer,168,89.94856262207031,126.12010955810547,0.6798843329168129
Bentheimer,169,84.87922668457031,121.96224975585938,0.6799839308761043
Bentheimer,170,90.47378540039062,126.20458984375,0.6794240619585233
Bentheimer,171,81.98482513427734,120.22120666503906,0.684241992306876
Bentheimer,172,7.686455726623535,56.16859436035156,0.5743479458244688
Bentheimer,173,9.971854209899902,52.385860443115234,0.6211067555141683
Bentheimer,174,11.250636100769043,55.116493225097656,0.5732787156533293
Bentheimer,175,4.298268795013428,53.477928161621094,0.600255840195669
Bentheimer,176,123.2724609375,150.0006866455078,0.6473530529570897
Bentheimer,177,126.3830337524414,150.36424255371094,0.6564449355652294
Bentheimer,178,134.28842163085938,162.6969451904297,0.6007072469904325
Bentheimer,179,128.63719177246094,150.88543701171875,0.6504384918816258
Bentheimer,180,244.0080108642578,286.7384948730469,0.4353062838317486
Bentheimer,181,243.62278747558594,286.50830078125,0.42197284892896836
Bentheimer,182,229.64364624023438,272.7582702636719,0.43418882436043427
Bentheimer,183,246.407958984375,290.9708251953125,0.4354193092800946
Bentheimer,184,224.5583038330078,146.38914489746094,0.44465095984488634
Bentheimer,185,220.64804077148438,139.8408966064453,0.45347567917618653
Bentheimer,186,226.46827697753906,147.19049072265625,0.4321812557821287
Bentheimer,187,212.86141967773438,135.23582458496094,0.39775599419583224
Bentheimer,188,42.22907638549805,56.82931137084961,0.7820601079178023
Bentheimer,189,48.797935485839844,60.481876373291016,0.766594103722096
Bentheimer,190,36.34434509277344,55.25613021850586,0.7942516774725152
Bentheimer,191,41.612667083740234,56.167816162109375,0.7894678457770061
Bentheimer,192,120.7637710571289,175.99497985839844,0.3604054146176284
Bentheimer,193,116.79887390136719,177.11834716796875,0.37887778848908166
Bentheimer,194,124.88832092285156,171.0691375732422,0.3812379763392512
Bentheimer,195,119.41998291015625,178.5172576904297,0.3908365752608815
Bentheimer,196,15.381701469421387,23.07634162902832,0.9085770091336353
Bentheimer,197,16.206077575683594,27.957090377807617,0.8989612973347291
Bentheimer,198,12.475441932678223,24.319515228271484,0.9077910564340318
Bentheimer,199,16.641620635986328,25.80656623840332,0.9222407474589426
Bentheimer,200,11.347600936889648,27.775890350341797,0.9293840041298093
Bentheimer,201,4.517807960510254,22.897462844848633,0.9277845026703937
Bentheimer,202,3.7080109119415283,24.64531707763672,0.9325856488596733
Bentheimer,203,7.75249719619751,28.328414916992188,0.9265726602770408
Bentheimer,204,579.9923095703125,668.6251831054688,0.2790753799015238
Bentheimer,205,544.6492919921875,643.4268798828125,0.32439926918885015
Bentheimer,206,566.7847900390625,660.0379028320312,0.2850489108657675
Bentheimer,207,509.9278869628906,586.4658203125,0.35199844968055616
Bentheimer,208,25.404094696044922,58.908599853515625,0.7602892847772371
Bentheimer,209,26.371082305908203,64.5727310180664,0.7356195464347896
Bentheimer,210,35.480804443359375,64.95857238769531,0.7601281902681208
Bentheimer,211,31.512800216674805,68.19928741455078,0.7106562178843188
Bentheimer,212,18.469316482543945,50.5908203125,0.7912266503470965
Bentheimer,213,13.581990242004395,45.97993469238281,0.8010491991986476
Bentheimer,214,11.206399917602539,45.84720230102539,0.7966480442940619
Bentheimer,215,18.949644088745117,49.965816497802734,0.7965418243993144
Bentheimer,216,16.002527236938477,58.304012298583984,0.6401016322357325
Bentheimer,217,12.251612663269043,61.36724853515625,0.6169054902780639
Bentheimer,218,15.25936508178711,61.20845031738281,0.6112667725782257
Bentheimer,219,10.7217435836792,59.40764617919922,0.6177729707387681
Bentheimer,220,35.50510025024414,88.49282836914062,0.5945329432317302
Bentheimer,221,32.9987907409668,84.64437103271484,0.5907316251996372
Bentheimer,222,32.20845413208008,85.60757446289062,0.5889651302693796
Bentheimer,223,24.69379425048828,80.63300323486328,0.5816866416685208
Bentheimer,224,104.34308624267578,178.4333953857422,0.4143748677513035
Bentheimer,225,88.98605346679688,156.53221130371094,0.4344441043130487
Bentheimer,226,100.4375228881836,174.047607421875,0.4077381923162542
Bentheimer,227,93.05364227294922,163.51504516601562,0.4301452165267496
Bentheimer,228,15.322315216064453,27.739410400390625,0.8299346117859829
Bentheimer,229,17.914840698242188,31.017955780029297,0.8450861210267904
Bentheimer,230,14.933207511901855,28.29962730407715,0.8291163552668147
Bentheimer,231,15.863199234008789,29.811006546020508,0.8317321560484985
Bentheimer,232,446.3091735839844,441.096435546875,0.3510576271585784
Bentheimer,233,430.6451721191406,425.5906677246094,0.35310030314725344
Bentheimer,234,430.40771484375,420.95294189453125,0.3413498764500545
Bentheimer,235,424.28240966796875,421.973388671875,0.34251143275710705
Bentheimer,236,9.84427261352539,34.65205383300781,0.7972184140417445
Bentheimer,237,11.207300186157227,34.12771224975586,0.8094628368741519
Bentheimer,238,7.97145938873291,34.36705017089844,0.7900025583060335
Bentheimer,239,15.665151596069336,36.65321731567383,0.7942435837231825
Bentheimer,240,62.020172119140625,107.97578430175781,0.5492003954543697
Bentheimer,241,57.41515350341797,102.43769836425781,0.5615539784690946
Bentheimer,242,60.2173957824707,106.41798400878906,0.54205969494923
Bentheimer,243,61.683536529541016,109.60082244873047,0.5605882865866263
Bentheimer,244,93.71654510498047,123.98016357421875,0.5421984611763874
Bentheimer,245,106.93318176269531,138.71714782714844,0.5264715267295701
Bentheimer,246,96.86176300048828,123.70693969726562,0.5239410947500468
Bentheimer,247,90.62604522705078,120.85216522216797,0.5455395687508191
Bentheimer,248,87.55973815917969,137.08529663085938,0.6172189205022558
Bentheimer,249,90.2453384399414,142.6086883544922,0.6286974762315216
Bentheimer,250,88.96007537841797,137.9432830810547,0.6100312093409643
Bentheimer,251,93.4715347290039,139.73342895507812,0.629159087460611
Bentheimer,252,103.50798034667969,125.111328125,0.5897070846302851
Bentheimer,253,105.21739196777344,123.41984558105469,0.5956611924684402
Bentheimer,254,108.1858901977539,131.36314392089844,0.5835358864805313
Bentheimer,255,98.04652404785156,116.54835510253906,0.5929947360543137
Bentheimer,256,28.13180160522461,81.36378479003906,0.6226858096697614
Bentheimer,257,33.005706787109375,87.60013580322266,0.592242937721211
Bentheimer,258,34.546714782714844,87.43225860595703,0.6176575328819288
Bentheimer,259,36.250179290771484,86.27613830566406,0.6239503830170663
Bentheimer,260,104.50733184814453,128.5723419189453,0.5650418724844132
Bentheimer,261,102.15319061279297,125.33292388916016,0.5672626006360133
Bentheimer,262,93.90425109863281,124.35603332519531,0.5438504600954821
Bentheimer,263,87.32140350341797,115.28980255126953,0.5280749393985186
Bentheimer,264,9.670055389404297,29.689783096313477,0.9061303887298852
Bentheimer,265,14.17319107055664,35.77908706665039,0.8853469764715292
Bentheimer,266,11.8638334274292,33.248592376708984,0.8936751817589278
Bentheimer,267,8.072616577148438,34.13227081298828,0.8825107175475961
Bentheimer,268,107.96418762207031,115.69953918457031,0.736066846778079
Bentheimer,269,112.19247436523438,119.57673645019531,0.7110272628543913
Bentheimer,270,113.56547546386719,119.58158874511719,0.7230401255199365
Bentheimer,271,115.55162048339844,120.80902099609375,0.7416800527386995
Bentheimer,272,226.15711975097656,187.51939392089844,0.42192668913456305
Bentheimer,273,228.80726623535156,198.93063354492188,0.4207220357264671
Bentheimer,274,221.0677947998047,186.48757934570312,0.39863294493361767
Bentheimer,275,234.61807250976562,196.74905395507812,0.41406008132362154
Bentheimer,276,91.06195068359375,122.96835327148438,0.44339349917798676
Bentheimer,277,94.90980529785156,127.93911743164062,0.45427373219722605
Bentheimer,278,94.55949401855469,131.1982879638672,0.46973729062711667
Bentheimer,279,100.85376739501953,129.3233642578125,0.4819513403232183
Bentheimer,280,88.42914581298828,115.45692443847656,0.6118837788975986
Bentheimer,281,81.90247344970703,111.52020263671875,0.6146442983325121
Bentheimer,282,80.28540802001953,106.04719543457031,0.6359233396011896
Bentheimer,283,82.04850006103516,111.39845275878906,0.6086758270826954
Bentheimer,284,231.83743286132812,277.9234619140625,0.4689585424494155
Bentheimer,285,228.46266174316406,279.4328918457031,0.4549659472796034
Bentheimer,286,204.0032196044922,240.6149444580078,0.47003186417010184
Bentheimer,287,220.10482788085938,265.4067077636719,0.47217238341545065
Bentheimer,288,16.93003273010254,67.23168182373047,0.7113857984552528
Bentheimer,289,17.36115074157715,65.07347869873047,0.711254282557431
Bentheimer,290,15.315207481384277,65.53824615478516,0.7063635854349489
Bentheimer,291,16.616247177124023,66.8255386352539,0.6960887354502515
Bentheimer,292,56.5777473449707,99.27851867675781,0.6590384908425813
Bentheimer,293,64.35389709472656,105.3640365600586,0.6575564905983814
Bentheimer,294,56.518638610839844,99.1698989868164,0.6543190512717939
Bentheimer,295,55.657188415527344,97.10237884521484,0.6993767534246859
Bentheimer,296,20.43406105041504,31.66823387145996,0.9121885434807818
Bentheimer,297,20.082731246948242,31.50421714782715,0.9031034348300593
Bentheimer,298,21.140316009521484,33.45604705810547,0.9057942748658584
Bentheimer,299,18.335800170898438,30.48734474182129,0.9187139017390088
Bentheimer,300,154.0900421142578,209.45140075683594,0.4880317908844953
Bentheimer,301,147.20799255371094,203.69027709960938,0.5125627940437714
Bentheimer,302,158.6109161376953,221.3600311279297,0.4718965136625078
Bentheimer,303,144.22940063476562,201.31390380859375,0.49264297095802817
Bentheimer,304,13.254940032958984,29.66107749938965,0.8578612112928906
Bentheimer,305,15.822272300720215,33.543941497802734,0.8381693691297774
Bentheimer,306,13.625110626220703,29.357358932495117,0.8643837232541843
Bentheimer,307,10.085614204406738,30.19883155822754,0.8538155521255445
Bentheimer,308,230.78460693359375,286.5137939453125,0.4879337540843868
Bentheimer,309,247.19688415527344,304.1159362792969,0.4691428604220025
Bentheimer,310,248.21551513671875,295.07989501953125,0.46701750541614934
Bentheimer,311,245.44996643066406,302.60089111328125,0.4880883823754256
Bentheimer,312,84.47949981689453,102.39031219482422,0.731443750526254
Bentheimer,313,76.90026092529297,97.64893341064453,0.7444063077710811
Bentheimer,314,88.86998748779297,105.36947631835938,0.7331095774346431
Bentheimer,315,88.66368865966797,107.45118713378906,0.7274044746066238
Bentheimer,316,48.17703628540039,91.326416015625,0.6574688497603652
Bentheimer,317,46.44546890258789,94.11195373535156,0.5798678224028835
Bentheimer,318,55.418312072753906,97.54730224609375,0.630408825570053
Bentheimer,319,54.11981964111328,98.75682830810547,0.6280561484797682
Bentheimer,320,13.42778491973877,43.730926513671875,0.816804444125186
Bentheimer,321,18.225622177124023,46.01640319824219,0.810503536622379
Bentheimer,322,16.66469383239746,48.0311164855957,0.8091279760645712
Bentheimer,323,24.597755432128906,49.60833740234375,0.8065171313684146
Bentheimer,324,199.8175811767578,252.79959106445312,0.38869615806660374
Bentheimer,325,204.64202880859375,248.39242553710938,0.3951329313960938
Bentheimer,326,200.17405700683594,249.02037048339844,0.3914437319226159
Bentheimer,327,195.9464569091797,236.5983123779297,0.41479377848250676
Bentheimer,328,116.92858123779297,147.2115936279297,0.5958011377112897
Bentheimer,329,124.77792358398438,154.4928436279297,0.5975276895831771
Bentheimer,330,122.46569061279297,149.5001678466797,0.5988857348289646
Bentheimer,331,117.590576171875,147.8275146484375,0.5926395460645911
Bentheimer,332,123.89232635498047,135.8668212890625,0.6699272879437315
Bentheimer,333,124.45816802978516,136.31381225585938,0.6605049806358749
Bentheimer,334,120.58475494384766,128.49620056152344,0.6745919030171404
Bentheimer,335,123.52842712402344,134.0912628173828,0.6732876655917049
Bentheimer,336,9.107514381408691,52.763431549072266,0.726878651000102
Bentheimer,337,9.825811386108398,51.366580963134766,0.7477592201419094
Bentheimer,338,5.053959846496582,57.466148376464844,0.7164882607440219
Bentheimer,339,10.780214309692383,52.587215423583984,0.737770648051425
Bentheimer,340,9.213729858398438,47.249916076660156,0.8028912017976697
Bentheimer,341,5.740607261657715,48.38526153564453,0.8084343308233862
Bentheimer,342,11.170778274536133,52.79692459106445,0.7688906518827928
Bentheimer,343,1.0438876152038574,44.04248809814453,0.8202137197367211
Bentheimer,344,25.868711471557617,42.975868225097656,0.8555813309123667
Bentheimer,345,26.41132926940918,41.87071228027344,0.8925957241119682
Bentheimer,346,25.118125915527344,44.25907897949219,0.8457024908518462
Bentheimer,347,24.438051223754883,40.01271438598633,0.8792803159045305
Bentheimer,348,5.17636775970459,47.69066619873047,0.7506856012862086
Bentheimer,349,6.921750068664551,47.33696365356445,0.7409731714593298
Bentheimer,350,7.151431083679199,45.404842376708984,0.7341202243277178
Bentheimer,351,6.855702877044678,41.70622253417969,0.7658655049440631
Bentheimer,352,46.64531707763672,103.46831512451172,0.5049185318657466
Bentheimer,353,39.97788619995117,93.1024169921875,0.5426749316979452
Bentheimer,354,48.85897445678711,106.11264038085938,0.490484475216302
Bentheimer,355,40.171749114990234,98.70991516113281,0.505967096922008
Bentheimer,356,62.717384338378906,78.66059875488281,0.6685789919229562
Bentheimer,357,55.819969177246094,79.00425720214844,0.6728315335607395
Bentheimer,358,62.1744270324707,82.81791687011719,0.6724377817934332
Bentheimer,359,63.296878814697266,81.68497467041016,0.6531470940103257
Bentheimer,360,9.530570983886719,50.023719787597656,0.8028089825388012
Bentheimer,361,15.508532524108887,52.759952545166016,0.7768692302636809
Bentheimer,362,11.43228816986084,51.680023193359375,0.7922836536607364
Bentheimer,363,14.809619903564453,51.09193801879883,0.7847795386545708
Bentheimer,364,4.389832019805908,61.89487075805664,0.5941538659396759
Bentheimer,365,7.125006675720215,62.489715576171875,0.580383947049381
Bentheimer,366,2.696788787841797,59.230499267578125,0.6209523880525685
Bentheimer,367,7.206605911254883,58.74790954589844,0.6062862232625305
Bentheimer,368,105.23199462890625,150.4738311767578,0.5121595140748999
Bentheimer,369,108.14019775390625,150.75099182128906,0.516579501484198
Bentheimer,370,105.53765869140625,151.2365264892578,0.471653280146141
Bentheimer,371,107.94599151611328,155.83387756347656,0.48805892306383414
Bentheimer,372,219.98770141601562,239.8757781982422,0.5255475255390666
Bentheimer,373,205.97225952148438,222.75135803222656,0.5415308756765358
Bentheimer,374,209.0102081298828,227.2273406982422,0.517595361585022
Bentheimer,375,205.00184631347656,224.9685821533203,0.5295327272280955
Bentheimer,376,25.186641693115234,48.070404052734375,0.717429921838975
Bentheimer,377,19.15605354309082,46.640052795410156,0.730095626390927
Bentheimer,378,24.003902435302734,46.485782623291016,0.7482139828591206
Bentheimer,379,18.86358070373535,46.70966720581055,0.7210988176936617
Bentheimer,380,26.30263328552246,46.26433181762695,0.8972136046989329
Bentheimer,381,20.290433883666992,41.0958137512207,0.9106957305898721
Bentheimer,382,24.108844757080078,43.91178512573242,0.9048561151271158
Bentheimer,383,20.48699188232422,39.98451614379883,0.9096218608255534
Bentheimer,384,262.0367126464844,317.3399963378906,0.4397115078668719
Bentheimer,385,257.7554626464844,313.9612731933594,0.4021841325117828
Bentheimer,386,279.1861877441406,327.44207763671875,0.44131173821365344
Bentheimer,387,259.7521057128906,308.30657958984375,0.4247926604773031
Bentheimer,388,111.40029907226562,141.91583251953125,0.5228062553892339
Bentheimer,389,102.86860656738281,124.69759368896484,0.5743015186942821
Bentheimer,390,111.78258514404297,138.2367401123047,0.564307852985448
Bentheimer,391,107.8970718383789,129.22177124023438,0.5784998343574609
Bentheimer,392,133.1768035888672,157.42117309570312,0.6087506836525928
Bentheimer,393,138.79981994628906,161.87144470214844,0.6125070403435845
Bentheimer,394,134.9443817138672,156.3079071044922,0.6068882146846727
Bentheimer,395,142.8930206298828,166.7364044189453,0.6053334360613912
Bentheimer,396,28.167461395263672,45.33797073364258,0.8405292582710767
Bentheimer,397,32.30430603027344,43.29075622558594,0.8553125244991832
Bentheimer,398,29.71458625793457,44.29685592651367,0.8562551439074126
Bentheimer,399,30.19470977783203,43.7560920715332,0.8330130028965441
Bentheimer,400,62.361324310302734,54.184871673583984,0.43333288849265456
Bentheimer,401,63.866451263427734,51.913482666015625,0.45206876083556824
Bentheimer,402,58.193397521972656,50.60911178588867,0.4646410379338554
Bentheimer,403,69.49787139892578,47.673095703125,0.5164176717737008
Bentheimer,404,46.35955047607422,69.2991714477539,0.6845061365876842
Bentheimer,405,50.86552429199219,79.6541748046875,0.6879851600304114
Bentheimer,406,46.55610656738281,72.49315643310547,0.6976277917051763
Bentheimer,407,46.63516616821289,74.9923095703125,0.6842482442749986
Bentheimer,408,28.649797439575195,46.567440032958984,0.7935017465204242
Bentheimer,409,31.537534713745117,48.6546516418457,0.7875272248622954
Bentheimer,410,32.99635314941406,46.255802154541016,0.7915788738203144
Bentheimer,411,32.25777816772461,49.91609191894531,0.7783384454499318
Bentheimer,412,172.55999755859375,235.78219604492188,0.3853002613314853
Bentheimer,413,167.95321655273438,219.6221923828125,0.4322790723275872
Bentheimer,414,184.4062957763672,236.8332061767578,0.398745887173394
Bentheimer,415,173.80690002441406,224.6007080078125,0.4172304573168475
Bentheimer,416,88.67609405517578,111.4896469116211,0.6999022942024865
Bentheimer,417,84.09329223632812,108.68321228027344,0.7256898635498088
Bentheimer,418,89.09203338623047,114.29740142822266,0.7022437646113995
Bentheimer,419,79.21595001220703,106.65007019042969,0.7221038324605241
Bentheimer,420,27.079753875732422,41.30416488647461,0.711858803994126
Bentheimer,421,32.12760925292969,50.10549545288086,0.6588781686490915
Bentheimer,422,34.918853759765625,45.2102165222168,0.6722352505151774
Bentheimer,423,27.29755401611328,47.243858337402344,0.7049054348804807
Berea Buff,0,157.5611572265625,141.168701171875,0.6807899529423502
Berea Buff,1,145.96302795410156,126.97272491455078,0.6749780007382037
Berea Buff,2,162.38487243652344,145.4349822998047,0.6862848428753191
Berea Buff,3,151.29441833496094,134.76504516601562,0.6622566620666045
Berea Buff,4,15.036686897277832,48.364444732666016,0.5496802565921497
Berea Buff,5,24.6353702545166,54.2127571105957,0.5404683065068107
Berea Buff,6,15.923628807067871,48.87974548339844,0.5596708319363147
Berea Buff,7,19.844701766967773,51.75580596923828,0.5178591974558951
Berea Buff,8,28.238525390625,83.11609649658203,0.5368684915685386
Berea Buff,9,31.243148803710938,75.78897857666016,0.6004477368626808
Berea Buff,10,30.720169067382812,74.88651275634766,0.5850780307597234
Berea Buff,11,30.419574737548828,76.10386657714844,0.5744088513774862
Berea Buff,12,59.07098388671875,94.40892028808594,0.7619297849895619
Berea Buff,13,55.97093963623047,90.93193817138672,0.7711744386155291
Berea Buff,14,56.90937423706055,92.58521270751953,0.7775008020546945
Berea Buff,15,55.880062103271484,85.46090698242188,0.7841731941794571
Berea Buff,16,23.478790283203125,58.81561279296875,0.8440273784627903
Berea Buff,17,19.707521438598633,59.59981155395508,0.8133482430452654
Berea Buff,18,26.167465209960938,62.15117645263672,0.8235045478949364
Berea Buff,19,22.220853805541992,58.31988525390625,0.8397436800542628
Berea Buff,20,25.43596076965332,69.11837768554688,0.6692154991970083
Berea Buff,21,35.488365173339844,74.08306121826172,0.6494853889865934
Berea Buff,22,27.661775588989258,72.22921752929688,0.6521608210951056
Berea Buff,23,35.86050033569336,79.38387298583984,0.6028864640783459
Berea Buff,24,126.30055236816406,152.7904815673828,0.4773326490777524
Berea Buff,25,142.14088439941406,170.95535278320312,0.44109328380214113
Berea Buff,26,126.82820129394531,153.30491638183594,0.48532011608532905
Berea Buff,27,126.58094024658203,155.2480926513672,0.4990767884459228
Berea Buff,28,57.91560363769531,115.61357879638672,0.5048964572987309
Berea Buff,29,50.45769500732422,109.525146484375,0.5478949912099662
Berea Buff,30,58.89323806762695,119.15667724609375,0.5104138307741232
Berea Buff,31,60.900001525878906,119.929443359375,0.49740348641960064
Berea Buff,32,322.75482177734375,404.7486267089844,0.3863891224331665
Berea Buff,33,312.13104248046875,398.73004150390625,0.3602070229784384
Berea Buff,34,333.63653564453125,420.1837158203125,0.3673690641975178
Berea Buff,35,340.3994445800781,432.4636535644531,0.36635792117049265
Berea Buff,36,47.05425262451172,79.54622650146484,0.6678374455923815
Berea Buff,37,35.95247268676758,68.8264389038086,0.6711536877909388
Berea Buff,38,39.640560150146484,71.93902587890625,0.6591793493973919
Berea Buff,39,43.13160705566406,74.8389892578125,0.662159921787178
Berea Buff,40,36.99216079711914,99.63334655761719,0.5738287818135596
Berea Buff,41,27.507369995117188,85.2981185913086,0.6122169864630634
Berea Buff,42,33.67074966430664,91.10934448242188,0.5933564923398305
Berea Buff,43,32.490970611572266,91.42474365234375,0.5978376300832434
Berea Buff,44,77.2753677368164,35.68362045288086,0.43795402959417873
Berea Buff,45,70.59590911865234,37.43299865722656,0.4391647513334684
Berea Buff,46,70.8521728515625,35.344486236572266,0.4522857475829866
Berea Buff,47,71.58428192138672,34.191688537597656,0.4553581244704231
Berea Buff,48,90.31336975097656,104.84049224853516,0.8051094469389366
Berea Buff,49,93.84772491455078,111.5522689819336,0.7760123069086462
Berea Buff,50,85.02008819580078,102.38318634033203,0.7919909981033336
Berea Buff,51,87.96050262451172,103.56649780273438,0.795278599495428
Berea Buff,52,45.55290985107422,83.35220336914062,0.6924423720760543
Berea Buff,53,61.34088897705078,103.9305419921875,0.674235561171952
Berea Buff,54,52.643531799316406,89.20447540283203,0.6972378896333715
Berea Buff,55,54.04341506958008,94.23027801513672,0.6785183415332415
Berea Buff,56,375.39898681640625,518.7430419921875,0.37542472443651054
Berea Buff,57,392.8976745605469,545.7538452148438,0.3902298741856812
Berea Buff,58,372.9791564941406,507.8550109863281,0.3768569578741684
Berea Buff,59,392.456298828125,555.0658569335938,0.3691099764836746
Berea Buff,60,135.7465057373047,142.1220703125,0.5685465528406126
Berea Buff,61,129.52993774414062,144.24537658691406,0.5397313662403699
Berea Buff,62,133.39195251464844,141.67349243164062,0.5555922897122193
Berea Buff,63,130.4727020263672,146.8316650390625,0.5028222800879784
Berea Buff,64,40.5035285949707,82.45364379882812,0.716759416512521
Berea Buff,65,43.4252815246582,86.43470001220703,0.7011096866780816
Berea Buff,66,36.51997375488281,78.9382095336914,0.6938126434938809
Berea Buff,67,47.39445877075195,93.2689208984375,0.6743907066499484
Berea Buff,68,4.689422130584717,30.136491775512695,0.9029459256827642
Berea Buff,69,2.4846558570861816,29.412925720214844,0.9080158878309075
Berea Buff,70,9.954748153686523,33.22755432128906,0.8830215416465074
Berea Buff,71,1.760556697845459,24.996793746948242,0.9240892373008751
Berea Buff,72,14.347259521484375,51.229644775390625,0.722282947919807
Berea Buff,73,11.55179214477539,49.206275939941406,0.7503494208621708
Berea Buff,74,16.193567276000977,51.183712005615234,0.7445769227785978
Berea Buff,75,13.531670570373535,52.04277038574219,0.7291784493198992
Berea Buff,76,11.37963581085205,39.7452507019043,0.903555533080517
Berea Buff,77,8.707113265991211,37.60515594482422,0.9007698353918095
Berea Buff,78,11.80327320098877,45.40182113647461,0.8806414271546229
Berea Buff,79,12.416483879089355,41.86888122558594,0.8956424942595346
Berea Buff,80,84.04318237304688,109.47215270996094,0.7230070388060182
Berea Buff,81,76.84910583496094,103.36618041992188,0.7202564114371923
Berea Buff,82,80.91443634033203,111.55525207519531,0.7356443701882348
Berea Buff,83,81.70305633544922,107.3994140625,0.7198154674200772
Berea Buff,84,263.9479064941406,247.93954467773438,0.6145667929833779
Berea Buff,85,263.0270690917969,245.0013885498047,0.616199582429284
Berea Buff,86,269.1594543457031,250.8411102294922,0.6338988564718022
Berea Buff,87,264.6294250488281,254.50575256347656,0.6166609003235666
Berea Buff,88,63.82132339477539,73.00203704833984,0.8049101438297995
Berea Buff,89,47.08420181274414,59.20354461669922,0.7974236650770997
Berea Buff,90,51.127010345458984,66.94319915771484,0.7898461632833867
Berea Buff,91,43.49723815917969,60.736488342285156,0.7923912118038734
Berea Buff,92,364.150634765625,415.6145935058594,0.5202129986564696
Berea Buff,93,360.4679870605469,430.1958312988281,0.4983536319111006
Berea Buff,94,354.7665100097656,415.0394592285156,0.5255258626921582
Berea Buff,95,371.1181335449219,435.8681640625,0.5020357966245844
Berea Buff,96,13.437870025634766,49.64850997924805,0.7584404155336473
Berea Buff,97,17.93404769897461,54.90401077270508,0.7356810302472179
Berea Buff,98,15.362841606140137,54.63688659667969,0.7398965347444596
Berea Buff,99,16.374330520629883,54.36345291137695,0.7517625094693208
Berea Buff,100,19.86911392211914,42.308902740478516,0.8004952427868385
Berea Buff,101,19.663150787353516,41.143001556396484,0.8044889945340339
Berea Buff,102,20.949630737304688,40.950740814208984,0.7997175860208914
Berea Buff,103,23.16524887084961,39.587886810302734,0.8192523858860201
Berea Buff,104,51.55942153930664,78.93283081054688,0.7656293961349856
Berea Buff,105,56.224403381347656,82.60983276367188,0.7575899266255727
Berea Buff,106,50.74457931518555,75.45586395263672,0.7954544767461394
Berea Buff,107,61.038204193115234,89.04844665527344,0.7491978512148026
Berea Buff,108,65.1337661743164,66.74272155761719,0.8963499209646505
Berea Buff,109,60.81377410888672,63.584171295166016,0.9035655787086392
Berea Buff,110,67.87003326416016,70.17501831054688,0.8885964865953394
Berea Buff,111,63.05159378051758,64.92510986328125,0.8960952445814447
Berea Buff,112,16.47650909423828,42.441585540771484,0.8578714568300128
Berea Buff,113,16.90869903564453,42.15122604370117,0.8507247868534892
Berea Buff,114,14.65451431274414,40.52490234375,0.8713671065573171
Berea Buff,115,19.205585479736328,43.14055633544922,0.8453022005179706
Berea Buff,116,115.9489517211914,184.78585815429688,0.5224099948523444
Berea Buff,117,118.94429016113281,186.90155029296875,0.5564450364389032
Berea Buff,118,120.14543151855469,188.1821746826172,0.5369686791316309
Berea Buff,119,115.51091766357422,185.3080291748047,0.5627712921489542
Berea Buff,120,709.375244140625,824.4462280273438,0.07727797987018831
Berea Buff,121,748.0963134765625,857.0160522460938,0.03393291456637857
Berea Buff,122,666.2808227539062,810.091796875,0.043430223142869914
Berea Buff,123,725.4755249023438,840.1151123046875,0.054632058508573104
Berea Buff,124,3.0954177379608154,31.353134155273438,0.9080044253157481
Berea Buff,125,4.992088317871094,33.652122497558594,0.9006705090420339
Berea Buff,126,2.6337332725524902,31.599645614624023,0.9145449402332971
Berea Buff,127,1.0119328498840332,31.213468551635742,0.9133985275403511
Berea Buff,128,690.1361694335938,821.9759521484375,0.47533045453303724
Berea Buff,129,667.1189575195312,799.53515625,0.46962304343554584
Berea Buff,130,701.2210693359375,831.1452026367188,0.47420351602916544
Berea Buff,131,682.9639892578125,808.9442749023438,0.4889408475463383
Berea Buff,132,166.07455444335938,110.66648864746094,0.5415728103688154
Berea Buff,133,164.19500732421875,107.08576202392578,0.49196963034072566
Berea Buff,134,159.59986877441406,105.23693084716797,0.4942245778190822
Berea Buff,135,156.54905700683594,102.14122772216797,0.44324757950672045
Berea Buff,136,41.05366897583008,72.95367431640625,0.745830047552662
Berea Buff,137,44.04054641723633,78.36244201660156,0.7117425619364036
Berea Buff,138,44.39330291748047,72.65299224853516,0.762787061549836
Berea Buff,139,49.15238952636719,83.12311553955078,0.7065830431703496
Berea Buff,140,120.68128204345703,142.06942749023438,0.6229132015971592
Berea Buff,141,106.18067169189453,114.85588073730469,0.6588561711341112
Berea Buff,142,130.42572021484375,152.79473876953125,0.6338034671466128
Berea Buff,143,114.95572662353516,129.48304748535156,0.6383908035527167
Berea Buff,144,136.26345825195312,134.4686737060547,0.6832799934120233
Berea Buff,145,133.23377990722656,133.99913024902344,0.6585244990904467
Berea Buff,146,145.57022094726562,135.21844482421875,0.7126811153066238
Berea Buff,147,131.7168731689453,124.04521942138672,0.6831039848955426
Berea Buff,148,104.34927368164062,112.4813232421875,0.7575850909753462
Berea Buff,149,106.17938995361328,116.68712615966797,0.7629588147252533
Berea Buff,150,104.39818572998047,113.94768524169922,0.7499764251404593
Berea Buff,151,106.60872650146484,115.26124572753906,0.7689765163848282
Berea Buff,152,122.16919708251953,129.5902557373047,0.6468508213773247
Berea Buff,153,115.15326690673828,139.19691467285156,0.6381658365250565
Berea Buff,154,119.126953125,129.4447784423828,0.6077739023712959
Berea Buff,155,109.55200958251953,137.73936462402344,0.6372622240888923
Berea Buff,156,47.865901947021484,77.87520599365234,0.6479511312157963
Berea Buff,157,43.00275802612305,73.82462310791016,0.6668519660247398
Berea Buff,158,43.40499496459961,76.07549285888672,0.6392126020624097
Berea Buff,159,34.27507400512695,66.87210083007812,0.6616713648097216
Berea Buff,160,463.0895690917969,398.8629150390625,0.30326437054159466
Berea Buff,161,452.6386413574219,389.5504150390625,0.2992891128904199
Berea Buff,162,449.4299011230469,391.9070129394531,0.3126548669451663
Berea Buff,163,447.4341125488281,392.3057556152344,0.29916166729518656
Berea Buff,164,29.36920166015625,54.596458435058594,0.7777987473023298
Berea Buff,165,29.14071273803711,60.60432815551758,0.7504464273032777
Berea Buff,166,29.944488525390625,60.671112060546875,0.7592905852953967
Berea Buff,167,33.145660400390625,57.58198165893555,0.7779313697036182
Berea Buff,168,270.02484130859375,238.3182373046875,0.4708216147564977
Berea Buff,169,253.1884002685547,224.03594970703125,0.5054956537561601
Berea Buff,170,260.2403564453125,231.6800537109375,0.4541337721263232
Berea Buff,171,275.53009033203125,250.3355255126953,0.4840051888940745
Berea Buff,172,1.1077914237976074,14.70513916015625,0.9663615574841692
Berea Buff,173,6.759556293487549,13.873566627502441,0.9719475458641276
Berea Buff,174,1.1984506845474243,14.979393005371094,0.9689633799315889
Berea Buff,175,3.082141876220703,15.263572692871094,0.9688780705429437
Berea Buff,176,189.8823699951172,252.71583557128906,0.5381410842938797
Berea Buff,177,206.5510711669922,280.20172119140625,0.5167383970067627
Berea Buff,178,193.6455841064453,258.951416015625,0.5308703799278389
Berea Buff,179,208.6365966796875,278.53485107421875,0.5158060137967637
Berea Buff,180,2.034454584121704,35.285804748535156,0.9061191477801401
Berea Buff,181,2.786947250366211,37.28633117675781,0.902860059117665
Berea Buff,182,2.11822509765625,34.451942443847656,0.9032239966656316
Berea Buff,183,4.392100811004639,38.82004928588867,0.8882556245399117
Berea Buff,184,146.5931396484375,171.98150634765625,0.714260066481286
Berea Buff,185,146.61082458496094,172.3413848876953,0.7166175233531485
Berea Buff,186,138.27992248535156,164.5227508544922,0.695702061588596
Berea Buff,187,152.21841430664062,182.26913452148438,0.6911191311667947
Berea Buff,188,1.0279351472854614,24.064292907714844,0.9144554356493412
Berea Buff,189,2.1242237091064453,23.33198356628418,0.9076682977428061
Berea Buff,190,1.3310484886169434,22.703529357910156,0.9184090212726438
Berea Buff,191,5.504807949066162,22.425167083740234,0.9200560044020155
Berea Buff,192,50.3499641418457,81.44747924804688,0.7594963963812515
Berea Buff,193,55.81974792480469,79.02182006835938,0.8256694584414769
Berea Buff,194,49.664527893066406,78.67857360839844,0.783599101895337
Berea Buff,195,42.94629669189453,72.46420288085938,0.8086522817814085
Berea Buff,196,61.97865295410156,102.0957260131836,0.6467653377859186
Berea Buff,197,50.52016830444336,89.42315673828125,0.68428529499171
Berea Buff,198,66.08597564697266,107.01713562011719,0.6304969438950286
Berea Buff,199,50.14462661743164,91.1776351928711,0.6725953158769492
Berea Buff,200,114.01747131347656,125.71412658691406,0.5773493145070915
Berea Buff,201,111.67145538330078,114.6566390991211,0.5716542700351723
Berea Buff,202,98.65018463134766,121.68608856201172,0.5652047483555195
Berea Buff,203,100.88539123535156,109.94348907470703,0.6285423033524306
Berea Buff,204,37.966617584228516,47.37031555175781,0.902794596877026
Berea Buff,205,41.03773498535156,48.79500961303711,0.9170308947150848
Berea Buff,206,43.044921875,49.66963577270508,0.9066752791734627
Berea Buff,207,40.51207733154297,44.80258560180664,0.9249349212927456
Leopard,0,153.2030029296875,94.81373596191406,0.6236225510888657
Leopard,1,141.60877990722656,86.48199462890625,0.6008042916783631
Leopard,2,147.63174438476562,91.39947509765625,0.6343410885743689
Leopard,3,150.2086181640625,97.62017822265625,0.5846841136189751
Leopard,4,56.85749816894531,71.52308654785156,0.719103015432552
Leopard,5,53.783226013183594,62.610198974609375,0.7382992983201647
Leopard,6,57.25947189331055,67.01409912109375,0.7131277339531173
Leopard,7,64.39667510986328,66.52595520019531,0.7433821182299457
Leopard,8,2104.215087890625,1507.0682373046875,0.13378677721467033
Leopard,9,1924.02734375,1272.8134765625,0.11140404850294706
Leopard,10,1894.4140625,1376.2935791015625,0.1310539693629345
Leopard,11,1987.948974609375,1356.9483642578125,0.11558649134908273
Leopard,12,257.2407531738281,328.7534484863281,0.5211406878607556
Leopard,13,253.26873779296875,321.2171936035156,0.5307555333819283
Leopard,14,253.2767333984375,327.9576416015625,0.5125312841656534
Leopard,15,253.8948516845703,317.9444274902344,0.5149821196278754
Leopard,16,433.8857727050781,389.68426513671875,0.4317616937419809
Leopard,17,447.5396423339844,414.182861328125,0.4027897866623172
Leopard,18,423.1264953613281,411.49005126953125,0.45501806947881
Leopard,19,463.1864929199219,421.8939514160156,0.39588028757503196
Leopard,20,99.8509521484375,185.67330932617188,0.49001459841066664
Leopard,21,107.4905014038086,196.07080078125,0.45844462782150275
Leopard,22,116.50287628173828,202.21710205078125,0.4740055494319628
Leopard,23,114.75540161132812,200.31011962890625,0.43683661989173506
Leopard,24,0.3012111783027649,52.66227722167969,0.7958839387016012
Leopard,25,3.315368413925171,52.73296356201172,0.7966878901782175
Leopard,26,0.12822531163692474,51.79452133178711,0.7934854867178007
Leopard,27,1.9368391036987305,55.32585144042969,0.7796705122129904
Leopard,28,29.496444702148438,59.24629211425781,0.771649508328625
Leopard,29,27.213720321655273,60.56420135498047,0.7685949050364034
Leopard,30,21.0284423828125,63.05120849609375,0.7568377788336467
Leopard,31,22.62525177001953,63.73982620239258,0.7653478813347697
Leopard,32,23.281898498535156,55.53131103515625,0.7716977018649773
Leopard,33,28.01124382019043,51.30150604248047,0.7950942740354889
Leopard,34,24.393203735351562,51.8339958190918,0.7842227275184162
Leopard,35,30.984237670898438,50.3939094543457,0.7871660296784853
Leopard,36,36.68735885620117,45.83970642089844,0.8285358866641362
Leopard,37,50.48116683959961,57.54680633544922,0.8086198366222099
Leopard,38,38.539390563964844,45.32716751098633,0.836371279775053
Leopard,39,47.427616119384766,56.06659698486328,0.791240183849172
Leopard,40,766.68994140625,805.580810546875,0.11994148420044826
Leopard,41,789.5242919921875,830.8863525390625,0.13278643866971554
Leopard,42,753.0103759765625,800.3446655273438,0.11940547466093086
Leopard,43,760.9608154296875,817.3719482421875,0.12532936896396152
Leopard,44,243.59591674804688,218.00587463378906,0.2081412318615408
Leopard,45,256.4132080078125,220.9925079345703,0.2109962076469665
Leopard,46,264.4158630371094,246.33656311035156,0.20555181833362912
Leopard,47,240.38011169433594,210.6925811767578,0.20148493691308172
Leopard,48,9185.26953125,13627.103515625,0.00681965226608437
Leopard,49,7942.09716796875,11264.07421875,0.022529745116901544
Leopard,50,9021.3115234375,13229.29296875,0.009651400912537272
Leopard,51,7872.3603515625,11409.9580078125,0.01649071204556225
Leopard,52,3.995014190673828,45.621551513671875,0.813907235493682
Leopard,53,10.423397064208984,42.483978271484375,0.8418607071919953
Leopard,54,9.645163536071777,49.81947326660156,0.7920711784730183
Leopard,55,6.467026233673096,46.85403060913086,0.8024411305613145
Leopard,56,13.481619834899902,22.4412899017334,0.9583249699599035
Leopard,57,6.089480400085449,25.07695198059082,0.940844332818918
Leopard,58,14.029396057128906,22.99248695373535,0.9557528101638709
Leopard,59,6.224355697631836,23.94049644470215,0.9432460777272286
Leopard,60,3621.498291015625,4027.164306640625,0.04184999694739591
Leopard,61,3719.3740234375,3973.765380859375,0.06045636743820659
Leopard,62,3383.96826171875,3710.632568359375,0.07353558940177866
Leopard,63,3374.89599609375,3663.938720703125,0.06947367553809296
Leopard,64,85.3143539428711,119.29049682617188,0.794611015288473
Leopard,65,80.86405944824219,114.2932357788086,0.8050695287291582
Leopard,66,82.25672912597656,119.82234191894531,0.7690311605447508
Leopard,67,79.850341796875,114.03670501708984,0.7966373022631476
Leopard,68,663.920654296875,633.9595947265625,0.2001930329918488
Leopard,69,719.77685546875,733.1790161132812,0.18718502252075037
Leopard,70,673.8792724609375,647.5156860351562,0.180618595102782
Leopard,71,721.7496948242188,690.4638061523438,0.1975205873040191
Leopard,72,2.5095913410186768,48.94808578491211,0.7806362859230564
Leopard,73,1.2244787216186523,51.517333984375,0.7287176279582452
Leopard,74,3.4302384853363037,51.595062255859375,0.7524672285952948
Leopard,75,3.2511608600616455,55.616966247558594,0.7302895419852848
Leopard,76,160.30618286132812,147.6454620361328,0.5254211031788966
Leopard,77,154.3119354248047,142.967041015625,0.4849672318475958
Leopard,78,132.6223602294922,122.24701690673828,0.45718895790244507
Leopard,79,148.867919921875,140.42628479003906,0.5223097753258839
Leopard,80,42.515079498291016,50.60871124267578,0.8495537810421081
Leopard,81,37.61996078491211,45.02314376831055,0.8765532115576425
Leopard,82,41.69902038574219,49.80519104003906,0.8626009788907708
Leopard,83,42.620792388916016,50.56767272949219,0.8522327648526407
Leopard,84,79.93649291992188,78.00838470458984,0.8390087928175511
Leopard,85,91.85701751708984,85.2003173828125,0.862355098225762
Leopard,86,85.31481170654297,77.94603729248047,0.8681060826893531
Leopard,87,86.13337707519531,80.14891815185547,0.8573199867487398
Leopard,88,89.82100677490234,186.26620483398438,0.4879757838781304
Leopard,89,89.0450210571289,198.7433624267578,0.4102107291270574
Leopard,90,97.81756591796875,189.71136474609375,0.47351518085572486
Leopard,91,89.03221893310547,188.24693298339844,0.45665870840460976
Leopard,92,69.96609497070312,109.45696258544922,0.648990342134672
Leopard,93,68.23770141601562,112.59501647949219,0.622362677247287
Leopard,94,74.96768951416016,113.72532653808594,0.6303097053126155
Leopard,95,78.3696517944336,122.47876739501953,0.6316439665218675
Leopard,96,110.53888702392578,197.23895263671875,0.48315170399333934
Leopard,97,103.55579376220703,190.56565856933594,0.4528130539278542
Leopard,98,116.34642791748047,208.30564880371094,0.4630483649146528
Leopard,99,97.59120178222656,178.04440307617188,0.4673310570728696
Leopard,100,168.920166015625,180.93765258789062,0.6494568805887339
Leopard,101,156.54733276367188,172.53440856933594,0.6514635609505612
Leopard,102,155.92747497558594,166.43499755859375,0.6451904295047611
Leopard,103,160.48899841308594,174.30287170410156,0.6620090473443431
Leopard,104,268.2486267089844,394.4720458984375,0.36959522242553433
Leopard,105,263.8271179199219,388.058837890625,0.3568227639121455
Leopard,106,275.7926940917969,400.3126220703125,0.3576008017575648
Leopard,107,263.56597900390625,388.6595153808594,0.3672923761166717
Leopard,108,417.2450256347656,370.37384033203125,0.4324849085527445
Leopard,109,461.2640075683594,431.55328369140625,0.4196392928370186
Leopard,110,388.0141296386719,343.5946044921875,0.4393728614461812
Leopard,111,427.389892578125,390.3385009765625,0.4299755273831406
Leopard,112,63.736263275146484,110.54234313964844,0.47892392541566225
Leopard,113,68.21511840820312,111.13756561279297,0.47478840694382324
Leopard,114,60.76361846923828,109.05052185058594,0.4748123124467463
Leopard,115,69.41815948486328,108.1170883178711,0.4521510734412482
Leopard,116,7.414259433746338,22.657920837402344,0.9338268148569203
Leopard,117,12.210012435913086,27.811767578125,0.9067006342270051
Leopard,118,5.8462042808532715,24.59290885925293,0.9320568089038057
Leopard,119,9.16019344329834,28.28559684753418,0.9082851160422883
Leopard,120,172.08433532714844,182.04913330078125,0.591265140944257
Leopard,121,187.85491943359375,196.8896484375,0.5833518756428612
Leopard,122,189.10020446777344,197.81044006347656,0.578613500673033
Leopard,123,176.18740844726562,183.0419158935547,0.5707345248449655
Leopard,124,625.1195068359375,680.6461181640625,0.431590865166412
Leopard,125,609.3513793945312,645.9049682617188,0.4618288029499781
Leopard,126,645.2394409179688,699.2341918945312,0.43906843532714496
Leopard,127,606.7089233398438,670.0333862304688,0.45518214984744215
Leopard,128,114.43478393554688,175.32151794433594,0.28397552455603287
Leopard,129,113.03257751464844,162.7014923095703,0.31871875133141675
Leopard,130,110.04619598388672,171.32601928710938,0.32739899517335713
Leopard,131,109.18809509277344,171.9432373046875,0.3149974921643129
Leopard,132,34.743202209472656,64.8192138671875,0.7302301446312146
Leopard,133,32.63056564331055,69.08356475830078,0.6984533188492622
Leopard,134,34.54774475097656,66.26991271972656,0.7049858734924713
Leopard,135,40.0615119934082,74.51604461669922,0.6760644288553602
Leopard,136,95.48497009277344,173.32632446289062,0.490544412861487
Leopard,137,98.40949249267578,179.88214111328125,0.5010048278896352
Leopard,138,89.04100799560547,168.38070678710938,0.49482192502829697
Leopard,139,86.87743377685547,176.56646728515625,0.46248687908170416
Leopard,140,56.72488021850586,108.30339050292969,0.5842697259938133
Leopard,141,60.93864822387695,112.94538116455078,0.5450957334918288
Leopard,142,57.80641555786133,109.92691802978516,0.5640046687265523
Leopard,143,55.27766418457031,108.3473892211914,0.5328906478961855
Leopard,144,60.69075393676758,115.85653686523438,0.7000555550940821
Leopard,145,67.47239685058594,127.05015563964844,0.6757092100334301
Leopard,146,63.348411560058594,122.91825866699219,0.6791562582225685
Leopard,147,61.5681037902832,115.90640258789062,0.6985319690452577
Leopard,148,225.8050994873047,318.09954833984375,0.4566575856841476
Leopard,149,241.1712188720703,335.5530700683594,0.44606185906342755
Leopard,150,224.4163055419922,317.71392822265625,0.45951706357829325
Leopard,151,231.47158813476562,314.0809020996094,0.45519934620037733
Leopard,152,1.844868779182434,78.15937805175781,0.5260164774327394
Leopard,153,8.027874946594238,86.77080535888672,0.4896812379111385
Leopard,154,13.540298461914062,89.81336975097656,0.5156728855385821
Leopard,155,3.8430798053741455,76.88204193115234,0.571016297754232
Leopard,156,16.958242416381836,44.59067916870117,0.7950061877822336
Leopard,157,15.182759284973145,42.85166549682617,0.7600257778325042
Leopard,158,17.776945114135742,42.02762985229492,0.8047636007590475
Leopard,159,15.84600830078125,38.827816009521484,0.8121354943848501
Leopard,160,421.634033203125,523.2716674804688,0.2414968306247594
Leopard,161,457.1272277832031,575.1821899414062,0.2045350208706702
Leopard,162,483.9522399902344,600.28564453125,0.2005506607078965
Leopard,163,476.2793273925781,578.0311889648438,0.23660126017231659
Leopard,164,491.76568603515625,650.6378784179688,0.4172300028561757
Leopard,165,496.7038879394531,662.9297485351562,0.4352069879016089
Leopard,166,542.2871704101562,728.3931884765625,0.41517924905605413
Leopard,167,459.4661560058594,628.9401245117188,0.4294165278950606
Leopard,168,89608.3359375,83961.6640625,0.063268549532785
Leopard,169,87657.1796875,83288.7734375,0.06787267547632446
Leopard,170,84512.875,81058.1484375,0.06958822689956229
Leopard,171,95427.9609375,90053.609375,0.06479788485955672
Leopard,172,1803.768798828125,2694.406005859375,0.1963525353720634
Leopard,173,1888.8199462890625,2877.061279296875,0.1944973287422785
Leopard,174,1933.6268310546875,2871.77587890625,0.1898441874460413
Leopard,175,1889.4722900390625,2839.730224609375,0.211398470530269
Leopard,176,22.5114803314209,48.130794525146484,0.7922975967324004
Leopard,177,16.051509857177734,46.52448272705078,0.8157075277753082
Leopard,178,17.56810760498047,45.21701431274414,0.8286121058799849
Leopard,179,13.655637741088867,41.833824157714844,0.8158159410560893
Leopard,180,300.4558410644531,294.7319641113281,0.6491683261315924
Leopard,181,268.11114501953125,252.8092041015625,0.6304873696921011
Leopard,182,285.2577209472656,276.06219482421875,0.6684142191439241
Leopard,183,283.32818603515625,255.60916137695312,0.6598051026340062
Leopard,184,5.646607875823975,37.4378662109375,0.8489046419495494
Leopard,185,0.060255106538534164,36.14745330810547,0.8403851107129767
Leopard,186,8.838788032531738,39.08415985107422,0.8528395083431648
Leopard,187,3.455836772918701,37.63001251220703,0.8302302410813642
Leopard,188,6.287476539611816,61.5420036315918,0.5272547690461342
Leopard,189,3.2334401607513428,65.92972564697266,0.45562945717536496
Leopard,190,1.1818114519119263,66.38057708740234,0.47563026309583367
Leopard,191,1.4979476928710938,68.88082885742188,0.4361806272311988
Leopard,192,17.326404571533203,48.75695037841797,0.6503844759656499
Leopard,193,20.290006637573242,50.892581939697266,0.6524338794253028
Leopard,194,20.974992752075195,53.21305847167969,0.6588093743897538
Leopard,195,27.163795471191406,54.08619689941406,0.683477430307325
Leopard,196,452.63201904296875,295.9833679199219,0.47487962717975735
Leopard,197,435.8115539550781,302.08514404296875,0.5029807615615165
Leopard,198,440.61419677734375,294.31402587890625,0.5087460057001467
Leopard,199,416.5777282714844,278.6307678222656,0.5268960047107216
Leopard,200,59.62226104736328,66.73003387451172,0.7012388145557702
Leopard,201,55.065303802490234,63.859928131103516,0.7112987509420426
Leopard,202,52.28642272949219,56.3211784362793,0.7141333622615061
Leopard,203,53.31722640991211,57.633018493652344,0.7498812084480768
Leopard,204,2129.688720703125,3020.692138671875,0.21138577979138154
Leopard,205,2010.099853515625,2824.116943359375,0.19857374163327413
Leopard,206,2082.719970703125,2927.859619140625,0.21009684535292597
Leopard,207,2007.96630859375,2797.248046875,0.1900958245222468
Leopard,208,45155.8203125,47227.28125,0.11742718975098722
Leopard,209,48418.171875,55586.546875,0.11464006257183318
Leopard,210,44660.8046875,49968.1875,0.09969203099471506
Leopard,211,49751.6015625,55588.98046875,0.11236438273091341
Leopard,212,127.65494537353516,118.495361328125,0.6644466937945629
Leopard,213,119.80939483642578,109.71768951416016,0.6709359776184175
Leopard,214,114.1886978149414,107.13038635253906,0.6829598420990302
Leopard,215,120.9466323852539,112.74986267089844,0.7016988270994636
Leopard,216,267.24658203125,296.6787414550781,0.5304318321841278
Leopard,217,267.75799560546875,298.4800720214844,0.5450383931737679
Leopard,218,231.68507385253906,261.8198547363281,0.5392979200040656
Leopard,219,250.50779724121094,279.06170654296875,0.5227917640649804
Leopard,220,33365.3203125,46141.73828125,-0.019708648452395953
Leopard,221,34590.421875,47666.640625,-0.02554745119404217
Leopard,222,34501.83984375,47819.734375,-0.01480728545120706
Leopard,223,31662.74609375,45845.1796875,-0.006628842750042274
Leopard,224,789.7922973632812,727.0311279296875,0.691935791079631
Leopard,225,735.49560546875,673.2258911132812,0.7175480372368498
Leopard,226,788.9981689453125,720.12060546875,0.700358192243452
Leopard,227,716.9254150390625,644.387451171875,0.7017814102552349
Leopard,228,45.67042541503906,91.32867431640625,0.6640219108471523
Leopard,229,55.11838150024414,95.49456024169922,0.7046265717167938
Leopard,230,57.52243423461914,98.39209747314453,0.677741204744165
Leopard,231,42.46812438964844,88.98300170898438,0.7165250624193346
Leopard,232,60.57645797729492,85.44331359863281,0.54641056950032
Leopard,233,78.63887023925781,103.70721435546875,0.566313214627675
Leopard,234,64.4112548828125,86.80760192871094,0.5744727922211084
Leopard,235,74.85456085205078,92.473388671875,0.5713864421674277
Leopard,236,205.1093292236328,165.31288146972656,0.23700185003702817
Leopard,237,197.42271423339844,155.24002075195312,0.22307222957339648
Leopard,238,199.10450744628906,163.76785278320312,0.23951128734461385
Leopard,239,197.9363555908203,155.3739013671875,0.23328886026039775
Leopard,240,17.900985717773438,20.662195205688477,0.9724929563893278
Leopard,241,23.5660457611084,26.087360382080078,0.9698585986623272
Leopard,242,20.71108627319336,23.569067001342773,0.9673446381281597
Leopard,243,19.340721130371094,21.95542335510254,0.974988264156244
Leopard,244,35.766883850097656,64.50428009033203,0.5857796566829534
Leopard,245,39.24591827392578,66.17829895019531,0.5717678729482674
Leopard,246,40.3349723815918,66.04019927978516,0.5651165567092875
Leopard,247,41.57776641845703,69.510009765625,0.6092431619515175
Leopard,248,174.9009552001953,140.24880981445312,0.4389510391926779
Leopard,249,184.424072265625,140.30120849609375,0.42728602909086666
Leopard,250,168.4816131591797,130.78135681152344,0.4267011126127749
Leopard,251,184.69912719726562,132.40933227539062,0.4019866206854375
Leopard,252,23.2989444732666,35.39347457885742,0.839373723574861
Leopard,253,26.002046585083008,36.2301025390625,0.8364633011199041
Leopard,254,28.280502319335938,36.0390625,0.8645067549677735
Leopard,255,25.286630630493164,35.0984992980957,0.8429394324963037
Leopard,256,58.06491470336914,72.06026458740234,0.8490078383690419
Leopard,257,29.577285766601562,54.834571838378906,0.882481397500453
Leopard,258,42.58921813964844,63.829132080078125,0.8474429207807774
Leopard,259,39.711875915527344,55.170433044433594,0.8829960911356508
Leopard,260,622.4752807617188,770.5779418945312,0.34662774392926
Leopard,261,625.8141479492188,786.2938842773438,0.35834483538631773
Leopard,262,612.3125,738.0361938476562,0.356155340202412
Leopard,263,631.919677734375,777.1144409179688,0.35594997383399357
Leopard,264,6.439295291900635,39.97249984741211,0.8457354010514542
Leopard,265,5.667508125305176,28.59091567993164,0.9095089217686436
Leopard,266,10.230670928955078,36.930145263671875,0.8647661312188589
Leopard,267,5.466195106506348,29.302080154418945,0.9035858377247489
Leopard,268,1100.68701171875,1193.9727783203125,0.3452865292492686
Leopard,269,1246.7010498046875,1377.9510498046875,0.3809098546200867
Leopard,270,1135.9052734375,1209.390380859375,0.3481332414792749
Leopard,271,1203.89501953125,1298.6724853515625,0.34827297096111437
Leopard,272,359.4842834472656,508.6699523925781,0.1974053301179388
Leopard,273,382.95428466796875,543.4112548828125,0.20787671865048954
Leopard,274,389.588134765625,550.654052734375,0.21033378976312617
Leopard,275,402.8484191894531,565.3591918945312,0.21267459916683296
Castle Gate,0,34.49235916137695,103.60509490966797,0.6571112061408756
Castle Gate,1,35.49610900878906,104.09629821777344,0.6431265929042125
Castle Gate,2,40.08939743041992,106.41714477539062,0.656529092708211
Castle Gate,3,33.15434646606445,98.24331665039062,0.6923021460268264
Castle Gate,4,59.76194381713867,83.55321502685547,0.8101393030245564
Castle Gate,5,40.465763092041016,66.78350830078125,0.857374649139732
Castle Gate,6,50.371177673339844,74.24565887451172,0.8421685981613759
Castle Gate,7,55.87982940673828,78.68616485595703,0.8199240400948026
Castle Gate,8,53.09956359863281,89.62417602539062,0.6637337611698574
Castle Gate,9,56.03392791748047,96.40498352050781,0.6526287166894904
Castle Gate,10,49.87163162231445,86.23107147216797,0.670697297923698
Castle Gate,11,61.108909606933594,97.00733947753906,0.6557851656354557
Castle Gate,12,139.49392700195312,172.95872497558594,0.6246098983253645
Castle Gate,13,163.02027893066406,187.49391174316406,0.6464024431170692
Castle Gate,14,145.2840576171875,176.3400115966797,0.6208031460545914
Castle Gate,15,152.1036376953125,174.40663146972656,0.6332019481910276
Castle Gate,16,225.4282684326172,279.8666076660156,0.3908089858357951
Castle Gate,17,223.32919311523438,288.12322998046875,0.39415829033602606
Castle Gate,18,228.51805114746094,295.0460205078125,0.36219929505190235
Castle Gate,19,237.98092651367188,307.5285949707031,0.3794820673581412
Castle Gate,20,546.7454833984375,415.98870849609375,0.32011097455470133
Castle Gate,21,548.9183959960938,435.8995666503906,0.3143290148974998
Castle Gate,22,550.374267578125,432.180908203125,0.3164423349961504
Castle Gate,23,516.2181396484375,427.1470031738281,0.31747962833419674
Castle Gate,24,29.651229858398438,61.003173828125,0.7269780063395199
Castle Gate,25,35.55234909057617,60.868045806884766,0.7251616277283982
Castle Gate,26,32.1089973449707,61.12419891357422,0.7212176521141732
Castle Gate,27,33.110511779785156,58.736690521240234,0.7269643273600602
Castle Gate,28,52.94281768798828,98.37875366210938,0.5911997990981729
Castle Gate,29,45.942649841308594,96.09120178222656,0.5889682421500465
Castle Gate,30,57.98480224609375,103.34850311279297,0.6017364013606074
Castle Gate,31,52.421142578125,98.39624786376953,0.614506666558703
Castle Gate,32,22.77630615234375,91.10177612304688,0.6035534560720168
Castle Gate,33,12.015366554260254,85.0583724975586,0.5918788495119317
Castle Gate,34,21.08191680908203,92.13463592529297,0.5986741395329107
Castle Gate,35,16.6057186126709,86.37324523925781,0.6098138180714965
Castle Gate,36,418.4968566894531,568.0953979492188,0.26183152425636363
Castle Gate,37,453.0126953125,610.2869262695312,0.2606622568708058
Castle Gate,38,437.2212829589844,588.6549072265625,0.256945425808586
Castle Gate,39,437.3357849121094,593.382080078125,0.2865436854023969
Castle Gate,40,13.538294792175293,51.00483322143555,0.7621153358027587
Castle Gate,41,14.063021659851074,49.69408416748047,0.7324479987086686
Castle Gate,42,10.296769142150879,50.96369552612305,0.7220058461720553
Castle Gate,43,15.1436128616333,51.73420715332031,0.7186184467772586
Castle Gate,44,19.41706657409668,57.992313385009766,0.6222368635703949
Castle Gate,45,22.280248641967773,55.994258880615234,0.6358207561948355
Castle Gate,46,21.35261344909668,55.55910110473633,0.6478716451059836
Castle Gate,47,24.092628479003906,55.942508697509766,0.6218412563118882
Castle Gate,48,431.2770080566406,561.6591796875,0.38851423279909414
Castle Gate,49,440.4586181640625,559.2698364257812,0.3958318876978761
Castle Gate,50,433.37188720703125,558.1450805664062,0.40453040320058237
Castle Gate,51,411.6490478515625,523.6384887695312,0.40881800748795294
Castle Gate,52,168.8913116455078,178.84054565429688,0.5438331252904095
Castle Gate,53,158.9636688232422,175.89849853515625,0.5397142298771724
Castle Gate,54,158.43006896972656,171.02142333984375,0.5419881856262938
Castle Gate,55,169.5032958984375,185.1671600341797,0.5273217764419732
Castle Gate,56,59.79653549194336,102.12189483642578,0.3763706540193617
Castle Gate,57,47.65421676635742,92.37956237792969,0.3373921356867205
Castle Gate,58,55.29090118408203,96.1121597290039,0.3247886143644106
Castle Gate,59,56.342979431152344,97.31056213378906,0.3590006680994747
Castle Gate,60,4.332869052886963,68.96380615234375,0.5774197873496847
Castle Gate,61,1.4025019407272339,62.94541549682617,0.6065633219102784
Castle Gate,62,4.227321624755859,70.1309585571289,0.5694916660622297
Castle Gate,63,1.3644965887069702,64.53689575195312,0.5867459357988709
Castle Gate,64,52.78794479370117,64.60723876953125,0.8128328653283471
Castle Gate,65,53.85607147216797,65.53382110595703,0.7857281255866728
Castle Gate,66,53.717857360839844,68.83928680419922,0.7998188659465573
Castle Gate,67,60.9173583984375,73.5610122680664,0.7644027738491005
Castle Gate,68,1149.865966796875,1570.348876953125,0.336414118977178
Castle Gate,69,1126.7720947265625,1578.608642578125,0.33192927068328604
Castle Gate,70,1192.357177734375,1634.9779052734375,0.34677283507511253
Castle Gate,71,1165.9144287109375,1622.3818359375,0.3297020603944546
Castle Gate,72,102.8394775390625,178.6305694580078,0.4914936022782655
Castle Gate,73,99.69220733642578,165.1961669921875,0.5251025088480498
Castle Gate,74,107.92042541503906,179.50875854492188,0.5115563157524721
Castle Gate,75,97.35650634765625,163.49966430664062,0.5294027348622226
Castle Gate,76,26.410335540771484,91.5615234375,0.7046422829597272
Castle Gate,77,22.619312286376953,88.18815612792969,0.6799805912535388
Castle Gate,78,24.90943145751953,91.06332397460938,0.689212754683342
Castle Gate,79,26.972082138061523,93.15255737304688,0.69223497404429
Castle Gate,80,833.2809448242188,716.3862915039062,0.26782516634147746
Castle Gate,81,854.5975952148438,734.9865112304688,0.2595023179250425
Castle Gate,82,864.5010375976562,722.4077758789062,0.2530294727861924
Castle Gate,83,826.006103515625,722.3792114257812,0.2581951916672085
Castle Gate,84,13.92581844329834,26.439210891723633,0.9521655833160487
Castle Gate,85,9.55387020111084,23.94325065612793,0.9510091524220342
Castle Gate,86,16.292709350585938,28.634737014770508,0.9481059141638007
Castle Gate,87,3.0058767795562744,18.943269729614258,0.9617329299345904
Castle Gate,88,25.34609031677246,61.38965606689453,0.5837051268802225
Castle Gate,89,21.443370819091797,60.45810317993164,0.6171017538398221
Castle Gate,90,22.885616302490234,59.25452423095703,0.6049652467867012
Castle Gate,91,21.562170028686523,61.347225189208984,0.5972526898906333
Castle Gate,92,195.06546020507812,270.8883972167969,0.44850606131527687
Castle Gate,93,194.7152557373047,272.24090576171875,0.42741204253065634
Castle Gate,94,187.1196746826172,266.2087707519531,0.4763300267532485
Castle Gate,95,196.42739868164062,274.3755187988281,0.43298896439771617
Castle Gate,96,111.34619903564453,163.0943145751953,0.5494876901487682
Castle Gate,97,106.36178588867188,157.4021759033203,0.5502328064231709
Castle Gate,98,110.51431274414062,163.55123901367188,0.5768738552026067
Castle Gate,99,105.23355865478516,157.45310974121094,0.5377648622866029
Castle Gate,100,75.70762634277344,80.6523208618164,0.5539356339168192
Castle Gate,101,74.04073333740234,78.19306945800781,0.5270972770997068
Castle Gate,102,73.852294921875,77.02942657470703,0.5401772220429499
Castle Gate,103,73.21560668945312,76.2398910522461,0.5285414458089683
Castle Gate,104,49.394691467285156,85.8366470336914,0.6707378190442201
Castle Gate,105,57.37738800048828,89.51284790039062,0.6579745360283422
Castle Gate,106,49.36212921142578,83.95606231689453,0.6940861645330322
Castle Gate,107,53.66961669921875,89.68567657470703,0.6781287400290363
Castle Gate,108,151.06150817871094,210.0938262939453,0.4030197597085905
Castle Gate,109,130.51010131835938,189.9812774658203,0.4344886879480702
Castle Gate,110,133.9504852294922,188.351318359375,0.40759049256687085
Castle Gate,111,114.28791046142578,165.01393127441406,0.4594434974668134
Castle Gate,112,290.0841064453125,326.4730529785156,0.21319088321144572
Castle Gate,113,281.0618591308594,320.940673828125,0.18378399022040467
Castle Gate,114,282.3428955078125,320.64910888671875,0.19013601361032972
Castle Gate,115,285.5788269042969,335.67279052734375,0.1902187108120462
Castle Gate,116,41.27240753173828,83.01119995117188,0.5271588791657528
Castle Gate,117,40.576026916503906,82.5146255493164,0.5497767952283047
Castle Gate,118,44.513160705566406,86.88533020019531,0.5343040090476854
Castle Gate,119,37.07368850708008,76.95722961425781,0.56646596398544
Castle Gate,120,1.1328755617141724,50.74604797363281,0.6434400075755431
Castle Gate,121,2.039944648742676,46.99033737182617,0.6522820477280099
Castle Gate,122,2.8326120376586914,49.909393310546875,0.6336965475494285
Castle Gate,123,2.6938023567199707,47.181785583496094,0.687295789271797
Castle Gate,124,97.7110595703125,146.5814971923828,0.5624593346733763
Castle Gate,125,94.48899841308594,141.47909545898438,0.5552939747111035
Castle Gate,126,93.21640014648438,145.1273956298828,0.5347776473172378
Castle Gate,127,97.4770278930664,144.18934631347656,0.5412873998415797
Castle Gate,128,292.1951904296875,355.5027770996094,0.5179388219175212
Castle Gate,129,290.60369873046875,352.5032958984375,0.5095193893523585
Castle Gate,130,288.1816711425781,351.3577880859375,0.49532760204234094
Castle Gate,131,266.1108703613281,323.0914001464844,0.5064043666649582
Castle Gate,132,266.4614562988281,342.65179443359375,0.5688906669582866
Castle Gate,133,248.6587677001953,317.986083984375,0.5895167851348587
Castle Gate,134,268.60009765625,345.1758728027344,0.5546796915777288
Castle Gate,135,245.85430908203125,317.10980224609375,0.5744614552105499
Castle Gate,136,19.531749725341797,57.453269958496094,0.8566052367822875
Castle Gate,137,19.810165405273438,63.68305587768555,0.8419607420290158
Castle Gate,138,20.67569923400879,62.807655334472656,0.8558625417419867
Castle Gate,139,22.305259704589844,63.708473205566406,0.8372117088241277
Castle Gate,140,172.3643341064453,269.8510437011719,0.5172540247410329
Castle Gate,141,163.29649353027344,254.91578674316406,0.5458547960366755
Castle Gate,142,181.9806671142578,278.3293151855469,0.5257152423991845
Castle Gate,143,181.4097137451172,286.98126220703125,0.4983632183445405
Castle Gate,144,7.9210896492004395,72.61568450927734,0.6733792747830377
Castle Gate,145,15.975381851196289,77.54732513427734,0.704476429403042
Castle Gate,146,12.080886840820312,76.0134048461914,0.6788561289835777
Castle Gate,147,18.155996322631836,78.42047882080078,0.7107284271154469
Castle Gate,148,503.5716247558594,578.02783203125,0.3034695904699566
Castle Gate,149,506.01959228515625,596.08544921875,0.30116470014853347
Castle Gate,150,519.4688110351562,589.8247680664062,0.30885458280899225
Castle Gate,151,499.8612976074219,579.4842529296875,0.3162817322902348
Castle Gate,152,28.705991744995117,57.70224380493164,0.7263803499854583
Castle Gate,153,33.80263137817383,59.57743453979492,0.7215217075838976
Castle Gate,154,40.811805725097656,63.39093017578125,0.7086371253263345
Castle Gate,155,40.949554443359375,61.6666145324707,0.7276670703964572
Castle Gate,156,75.19380187988281,116.51054382324219,0.7046818433545475
Castle Gate,157,73.06291198730469,111.11919403076172,0.7172179871504437
Castle Gate,158,81.61384582519531,118.31050109863281,0.7085713497051687
Castle Gate,159,73.02723693847656,110.87017822265625,0.7265781579042389
Castle Gate,160,31.315282821655273,39.488033294677734,0.9038945886311048
Castle Gate,161,32.3637580871582,39.78005599975586,0.900607180605396
Castle Gate,162,32.7333984375,39.84199142456055,0.9103825771577689
Castle Gate,163,29.970081329345703,38.14876937866211,0.9136346337076788
Castle Gate,164,45.05952072143555,45.66755676269531,0.9183586553464503
Castle Gate,165,40.318721771240234,42.5528450012207,0.8986332183017597
Castle Gate,166,47.0750732421875,47.74444580078125,0.9154528295292803
Castle Gate,167,40.1824836730957,41.40013885498047,0.9159438746021146
Castle Gate,168,219.1436309814453,272.972900390625,0.5324165418500558
Castle Gate,169,226.24671936035156,273.28765869140625,0.5133523805448359
Castle Gate,170,228.69947814941406,280.53118896484375,0.5063260286160222
Castle Gate,171,219.85977172851562,263.99859619140625,0.5077060645045841
Castle Gate,172,37.38471603393555,40.26040267944336,0.9285523692194841
Castle Gate,173,40.468421936035156,44.656532287597656,0.9311106978892784
Castle Gate,174,38.59865188598633,41.61563491821289,0.930686561698528
Castle Gate,175,42.06134033203125,45.65928268432617,0.9267877726406258
Castle Gate,176,27.255929946899414,45.94050216674805,0.670340881933178
Castle Gate,177,30.666881561279297,45.76578140258789,0.6533602319183462
Castle Gate,178,22.51064109802246,45.25664138793945,0.7146579028484176
Castle Gate,179,28.390323638916016,43.78756332397461,0.6951159925883771
Castle Gate,180,67.62120056152344,73.85194396972656,0.8121926725446621
Castle Gate,181,67.66526794433594,77.74406433105469,0.8059514469947512
Castle Gate,182,69.46871948242188,78.76077270507812,0.8090912882996072
Castle Gate,183,72.62792205810547,81.49154663085938,0.813620444342085
Castle Gate,184,58.95328140258789,116.33882141113281,0.665018052765832
Castle Gate,185,62.62010955810547,120.3050765991211,0.6329068534639329
Castle Gate,186,56.47444152832031,115.26496887207031,0.6399655806423514
Castle Gate,187,65.19625854492188,125.01602935791016,0.6312695089198789
Castle Gate,188,65.96479797363281,84.974853515625,0.5209989634903404
Castle Gate,189,66.71446228027344,92.8052978515625,0.5097612758517407
Castle Gate,190,64.45311737060547,84.86127471923828,0.5513872618317215
Castle Gate,191,62.05365753173828,87.9920883178711,0.5310536108513213
Castle Gate,192,57.26115417480469,74.96320343017578,0.6722506343773109
Castle Gate,193,64.71247863769531,80.09011840820312,0.6630118921483089
Castle Gate,194,54.4801139831543,76.43866729736328,0.6826670199438593
Castle Gate,195,65.91703796386719,87.84046173095703,0.6302661550565988
Castle Gate,196,34.529632568359375,39.718910217285156,0.8540855817776456
Castle Gate,197,35.753944396972656,43.41352844238281,0.8228826315162169
Castle Gate,198,36.27859115600586,42.528648376464844,0.8371968355594872
Castle Gate,199,36.041847229003906,40.536033630371094,0.8549130967821376
Castle Gate,200,126.40560150146484,94.34248352050781,0.4539786385117525
Castle Gate,201,125.12842559814453,91.47041320800781,0.4790992104359055
Castle Gate,202,121.52604675292969,89.11640167236328,0.48114641464366287
Castle Gate,203,128.6645965576172,93.5827865600586,0.5007558363007084
Castle Gate,204,25.696884155273438,48.09037399291992,0.7810159336071056
Castle Gate,205,24.387226104736328,50.537025451660156,0.7425211427685593
Castle Gate,206,22.252382278442383,50.97977828979492,0.7700769828549398
Castle Gate,207,24.544536590576172,49.72862243652344,0.7538194593875508
Castle Gate,208,187.14694213867188,150.20619201660156,0.631939337760367
Castle Gate,209,192.3649139404297,149.27273559570312,0.6252961441810002
Castle Gate,210,190.21932983398438,147.32684326171875,0.6410500757168457
Castle Gate,211,197.1053924560547,156.57528686523438,0.6158291358189439
Castle Gate,212,61.69227600097656,149.0901336669922,0.3647924829599992
Castle Gate,213,71.09272003173828,156.38694763183594,0.32913852736065935
Castle Gate,214,70.28852081298828,153.2236328125,0.3294953603938034
Castle Gate,215,71.30299377441406,157.49801635742188,0.3390407159033497
Castle Gate,216,27.980329513549805,58.85807418823242,0.7624277349912865
Castle Gate,217,28.13949966430664,58.07567596435547,0.7879282695588085
Castle Gate,218,24.850873947143555,56.80501937866211,0.7811206507192251
Castle Gate,219,16.994647979736328,50.58013153076172,0.803699469876582
Castle Gate,220,3.0876381397247314,26.771615982055664,0.8743509372255556
Castle Gate,221,7.984473705291748,34.115821838378906,0.8597263445232497
Castle Gate,222,6.46152400970459,30.381059646606445,0.8611163651950515
Castle Gate,223,5.111171245574951,34.012939453125,0.845691679117441
Castle Gate,224,4.175182342529297,47.46885681152344,0.7504204102809537
Castle Gate,225,5.7803449630737305,50.375003814697266,0.7484684830615373
Castle Gate,226,4.799428462982178,45.66455078125,0.749694461902043
Castle Gate,227,6.775054931640625,53.58369445800781,0.7301812198798766
Castle Gate,228,32.4640998840332,35.63267517089844,0.9010096496347746
Castle Gate,229,33.61091232299805,37.088809967041016,0.9053336748856119
Castle Gate,230,31.284324645996094,35.520076751708984,0.9038131983765713
Castle Gate,231,32.687496185302734,37.23753356933594,0.8967947979126879
Castle Gate,232,32.046897888183594,76.95619201660156,0.6126496666196586
Castle Gate,233,34.647823333740234,73.1561279296875,0.6566249407438399
Castle Gate,234,34.64229965209961,74.33582305908203,0.6483323482029535
Castle Gate,235,31.33429718017578,70.019775390625,0.6758486195002875
Castle Gate,236,15.320322036743164,42.065528869628906,0.7801478319474113
Castle Gate,237,15.224224090576172,36.756229400634766,0.8019410518762806
Castle Gate,238,18.399869918823242,40.060691833496094,0.7854887722965213
Castle Gate,239,16.13916778564453,38.415771484375,0.7854112453012979
Castle Gate,240,23.307645797729492,44.93104934692383,0.7473792572776197
Castle Gate,241,21.38126564025879,42.515907287597656,0.7826133184353281
Castle Gate,242,26.52950668334961,49.475467681884766,0.7396886920284972
Castle Gate,243,24.202224731445312,48.13623809814453,0.7423293740093962
Castle Gate,244,39.81817626953125,107.09735870361328,0.3697453820016016
Castle Gate,245,32.62094497680664,106.97925567626953,0.36808873850594237
Castle Gate,246,41.23323440551758,111.01705169677734,0.38357318767737325
Castle Gate,247,38.846107482910156,107.24054718017578,0.38445729223145986
Castle Gate,248,1.7397172451019287,63.88363265991211,0.6789307743319318
Castle Gate,249,6.326244354248047,61.59223175048828,0.6573880578829043
Castle Gate,250,4.0243048667907715,61.17298126220703,0.6833981039653987
Castle Gate,251,3.800168752670288,59.11233901977539,0.694323401660043
Castle Gate,252,159.13270568847656,145.42245483398438,0.6626165718327556
Castle Gate,253,165.65914916992188,152.52664184570312,0.6731303367340945
Castle Gate,254,174.52635192871094,162.93063354492188,0.6598199057802542
Castle Gate,255,164.60540771484375,151.52162170410156,0.6752426537949516
Castle Gate,256,226.7261962890625,219.7588348388672,0.16397921820880237
Castle Gate,257,214.31121826171875,231.0049285888672,0.23231987157562975
Castle Gate,258,192.0961151123047,196.78872680664062,0.2747962707756543
Castle Gate,259,212.52633666992188,223.72459411621094,0.20729044784480147
Castle Gate,260,16.033884048461914,37.26507568359375,0.8385200240555896
Castle Gate,261,5.734651565551758,46.26958465576172,0.8025514521250287
Castle Gate,262,18.863990783691406,38.425025939941406,0.8383143077791001
Castle Gate,263,2.2378830909729004,47.95957946777344,0.7924301973882965
Castle Gate,264,46.64302444458008,66.25468444824219,0.6199148520695142
Castle Gate,265,42.6223030090332,64.8477783203125,0.6451096101590434
Castle Gate,266,43.63014221191406,64.66459655761719,0.6374251043135841
Castle Gate,267,48.81560134887695,69.63880157470703,0.6231650467656814
Castle Gate,268,40.63622283935547,114.31851196289062,0.5478958262822935
Castle Gate,269,52.053871154785156,125.14824676513672,0.5128593647730243
Castle Gate,270,52.208251953125,120.74168395996094,0.5460608816202481
Castle Gate,271,58.410125732421875,121.595947265625,0.5540212806218947
Castle Gate,272,32.78186798095703,47.12307357788086,0.7150052063741964
Castle Gate,273,35.19059371948242,48.26979446411133,0.7413929213458256
Castle Gate,274,32.80715560913086,46.554805755615234,0.7293826811463096
Castle Gate,275,30.349931716918945,45.721519470214844,0.7670311834256771
Castle Gate,276,52.63249206542969,92.99737548828125,0.725207880046146
Castle Gate,277,48.71985626220703,90.1028823852539,0.7310746147038172
Castle Gate,278,51.85344696044922,90.21590423583984,0.7446842063164034
Castle Gate,279,53.13960266113281,92.57608032226562,0.7331734003452333
Castle Gate,280,11.476570129394531,37.16843795776367,0.7903168466572198
Castle Gate,281,15.275643348693848,41.358985900878906,0.7786758550116285
Castle Gate,282,17.741310119628906,40.37168502807617,0.7884075794432523
Castle Gate,283,17.923419952392578,40.488922119140625,0.7907682127090283
Berea Upper Gray,0,31.947832107543945,72.36884307861328,0.4073679748004826
Berea Upper Gray,1,30.17925262451172,75.78739166259766,0.38703555165989945
Berea Upper Gray,2,35.53994369506836,66.71355438232422,0.41941825037319835
Berea Upper Gray,3,34.3612060546875,68.42906951904297,0.4166919784444503
Berea Upper Gray,4,2.6814687252044678,60.93586730957031,0.7889857098397454
Berea Upper Gray,5,4.548840045928955,63.133419036865234,0.7886104525644622
Berea Upper Gray,6,1.546163558959961,61.056129455566406,0.7977970270251167
Berea Upper Gray,7,2.524724245071411,64.22648620605469,0.7935447735718296
Berea Upper Gray,8,25.740488052368164,86.3463363647461,0.6938086440563528
Berea Upper Gray,9,18.893308639526367,78.92691802978516,0.704664170294689
Berea Upper Gray,10,14.824103355407715,76.76998901367188,0.7306532660853645
Berea Upper Gray,11,17.276575088500977,78.48155212402344,0.68406261015221
Berea Upper Gray,12,21.804323196411133,90.99010467529297,0.6040489944937104
Berea Upper Gray,13,18.008275985717773,90.29044342041016,0.6066275982694267
Berea Upper Gray,14,16.46445083618164,87.42237854003906,0.6076019375688095
Berea Upper Gray,15,26.457660675048828,93.12803649902344,0.5763546509897768
Berea Upper Gray,16,119.05144500732422,258.538818359375,0.4545603219367376
Berea Upper Gray,17,107.42979431152344,249.3582305908203,0.4428718460633945
Berea Upper Gray,18,105.99600219726562,258.14068603515625,0.42399774289881087
Berea Upper Gray,19,86.7560043334961,219.14390563964844,0.44803037870731954
Berea Upper Gray,20,277.5538635253906,301.52459716796875,0.18817312554721186
Berea Upper Gray,21,286.61279296875,300.6546325683594,0.16013800693412653
Berea Upper Gray,22,272.8028869628906,287.1444396972656,0.18974235418021107
Berea Upper Gray,23,271.6333312988281,293.9176025390625,0.1720892018263252
Berea Upper Gray,24,49.26633071899414,60.98722457885742,0.6933939412552563
Berea Upper Gray,25,47.841148376464844,59.782466888427734,0.6994055454263037
Berea Upper Gray,26,49.96076583862305,60.34954833984375,0.6992241139351445
Berea Upper Gray,27,49.52296829223633,61.05274200439453,0.6868153207415754
Berea Upper Gray,28,1.460771918296814,47.077144622802734,0.6958900221902161
Berea Upper Gray,29,1.3601611852645874,45.53789520263672,0.7285762756942714
Berea Upper Gray,30,3.0477499961853027,48.50637435913086,0.705822839974942
Berea Upper Gray,31,1.4188988208770752,47.17035675048828,0.7237948001059182
Berea Upper Gray,32,18.118024826049805,95.22518920898438,0.5749192105328462
Berea Upper Gray,33,23.979761123657227,99.8814697265625,0.5681227840808329
Berea Upper Gray,34,13.667354583740234,88.94329071044922,0.5922808300794103
Berea Upper Gray,35,30.069849014282227,107.13893127441406,0.5749083970766463
Berea Upper Gray,36,86.597412109375,156.5980987548828,0.4181934806795142
Berea Upper Gray,37,84.57643127441406,160.26698303222656,0.43065549091524924
Berea Upper Gray,38,96.70331573486328,163.40884399414062,0.45205686151139174
Berea Upper Gray,39,107.7917251586914,177.9090576171875,0.45737748761476454
Berea Upper Gray,40,9.129377365112305,76.3166732788086,0.34803111154670036
Berea Upper Gray,41,6.7074174880981445,76.88566589355469,0.36441838709706353
Berea Upper Gray,42,5.883144378662109,79.61881256103516,0.3600620717485521
Berea Upper Gray,43,3.4138550758361816,77.27449035644531,0.3363820965217945
Berea Upper Gray,44,470.2933349609375,604.0478515625,0.22973726681808046
Berea Upper Gray,45,454.5324401855469,592.2234497070312,0.2283825698628602
Berea Upper Gray,46,461.7515563964844,595.4389038085938,0.21630133202449467
Berea Upper Gray,47,448.9732360839844,578.4707641601562,0.21591650131056653
Berea Upper Gray,48,79.81768798828125,147.5295867919922,0.5546140897388805
Berea Upper Gray,49,89.11527252197266,156.65850830078125,0.552867623312521
Berea Upper Gray,50,91.70388793945312,158.76116943359375,0.5445243871615001
Berea Upper Gray,51,85.04132843017578,151.21966552734375,0.5563564405320728
Berea Upper Gray,52,57.92149353027344,64.98088836669922,0.7377955510043779
Berea Upper Gray,53,64.02937316894531,69.24661254882812,0.73675951453231
Berea Upper Gray,54,57.73200225830078,64.11369323730469,0.6952581721412578
Berea Upper Gray,55,62.60419464111328,65.66291809082031,0.720285433380278
Berea Upper Gray,56,2.945007801055908,57.119781494140625,0.6442800345096454
Berea Upper Gray,57,1.2581778764724731,62.8984260559082,0.597801833395665
Berea Upper Gray,58,3.2353384494781494,65.21043395996094,0.5980344454765759
Berea Upper Gray,59,1.045371413230896,60.18394088745117,0.6454294259305061
Berea Upper Gray,60,7.525729179382324,99.93553161621094,0.46509890487386046
Berea Upper Gray,61,13.778487205505371,87.5323257446289,0.49813516508942396
Berea Upper Gray,62,6.933144569396973,96.14459228515625,0.4508596101686793
Berea Upper Gray,63,14.754648208618164,88.35533905029297,0.5178495258318904
Berea Upper Gray,64,44.057403564453125,88.52071380615234,0.7810833070193232
Berea Upper Gray,65,49.15103530883789,88.85740661621094,0.8238361923179824
Berea Upper Gray,66,53.62425231933594,93.54720306396484,0.786160932750372
Berea Upper Gray,67,50.09831237792969,90.8445816040039,0.8028445544804063
Berea Upper Gray,68,266.2413330078125,386.03173828125,0.30217632441786024
Berea Upper Gray,69,265.1781005859375,394.8423767089844,0.2640256641428521
Berea Upper Gray,70,241.9819793701172,364.65521240234375,0.30420682743214855
Berea Upper Gray,71,227.54434204101562,380.2581481933594,0.29683764838413135
Berea Upper Gray,72,91.63976287841797,141.6756134033203,0.4741203621171735
Berea Upper Gray,73,92.77178955078125,147.53274536132812,0.44288918106311603
Berea Upper Gray,74,86.10527801513672,135.724365234375,0.48733723546593166
Berea Upper Gray,75,85.03007507324219,133.55615234375,0.5100973124462916
Berea Upper Gray,76,447.75677490234375,702.43505859375,0.1353190580567594
Berea Upper Gray,77,436.7397155761719,654.056884765625,0.14695501861978075
Berea Upper Gray,78,436.3727111816406,689.7424926757812,0.12628987509260184
Berea Upper Gray,79,452.0671691894531,643.3563842773438,0.130553094440875
Berea Upper Gray,80,116.91228485107422,230.03562927246094,0.36299034023725874
Berea Upper Gray,81,120.70079803466797,255.92984008789062,0.36586090393349147
Berea Upper Gray,82,126.71772766113281,243.51373291015625,0.34903756323198
Berea Upper Gray,83,127.3128890991211,254.343017578125,0.3576228789405973
Berea Upper Gray,84,16.652992248535156,70.32084655761719,0.7289514573445367
Berea Upper Gray,85,8.350098609924316,68.78584289550781,0.6915195642768055
Berea Upper Gray,86,14.49032211303711,72.4407958984375,0.7174648202073654
Berea Upper Gray,87,14.399209976196289,65.17520904541016,0.74556155533453
Berea Upper Gray,88,1.3976584672927856,74.48856353759766,0.5857023317588939
Berea Upper Gray,89,0.18307112157344818,69.97702026367188,0.6044459586378338
Berea Upper Gray,90,2.272428512573242,72.52716064453125,0.6143919434243285
Berea Upper Gray,91,9.212157249450684,80.36351776123047,0.5916493818194564
Berea Upper Gray,92,24.84468650817871,50.06108856201172,0.6769241507072141
Berea Upper Gray,93,20.57073211669922,51.95706558227539,0.6435985826421394
Berea Upper Gray,94,30.689796447753906,50.851104736328125,0.6971288073291738
Berea Upper Gray,95,22.797386169433594,54.69320297241211,0.6479252370585512
Berea Upper Gray,96,13.074864387512207,72.33423614501953,0.6991622528331825
Berea Upper Gray,97,28.99616241455078,91.8949966430664,0.6653927312603607
Berea Upper Gray,98,20.045799255371094,77.46742248535156,0.6925382511395741
Berea Upper Gray,99,28.45158576965332,89.39826965332031,0.6597554687258927
Berea Upper Gray,100,2254.872314453125,2904.3173828125,0.16260366048245328
Berea Upper Gray,101,2309.963134765625,3162.99267578125,0.19787890933134591
Berea Upper Gray,102,2308.16552734375,3118.36328125,0.17357093282730562
Berea Upper Gray,103,2293.263427734375,3021.66455078125,0.17286947169959374
Berea Upper Gray,104,8.471622467041016,79.52837371826172,0.5978409003070215
Berea Upper Gray,105,3.4158856868743896,82.6994857788086,0.5548613046999421
Berea Upper Gray,106,7.868631362915039,81.79065704345703,0.621906660606525
Berea Upper Gray,107,1.1592662334442139,77.9585952758789,0.6055283258211308
Berea Upper Gray,108,573.888427734375,506.6061096191406,0.14719011164640963
Berea Upper Gray,109,575.5853881835938,520.46142578125,0.16445338398994017
Berea Upper Gray,110,561.590087890625,485.4630432128906,0.14603367566597666
Berea Upper Gray,111,560.6099243164062,503.80584716796875,0.1644465708199209
Berea Upper Gray,112,3.114107608795166,131.40721130371094,0.31933751975520397
Berea Upper Gray,113,0.30639904737472534,138.98471069335938,0.3790875825383315
Berea Upper Gray,114,12.508074760437012,145.51766967773438,0.3470799259942898
Berea Upper Gray,115,2.5016098022460938,145.14341735839844,0.35451943301319216
Berea Upper Gray,116,21.375478744506836,57.61394500732422,0.7955013570611905
Berea Upper Gray,117,17.699419021606445,56.0684928894043,0.7684534652775046
Berea Upper Gray,118,19.356895446777344,64.70537567138672,0.762506812250399
Berea Upper Gray,119,20.0559024810791,57.41582489013672,0.7911097652778744
Berea Upper Gray,120,19.41963005065918,77.16751861572266,0.5644314351000495
Berea Upper Gray,121,18.817773818969727,77.73788452148438,0.5407012871020819
Berea Upper Gray,122,18.44097328186035,74.2024154663086,0.585512907728052
Berea Upper Gray,123,19.8070068359375,77.58983612060547,0.5567497916978214
Berea Upper Gray,124,19.159934997558594,48.60554122924805,0.7348678936372355
Berea Upper Gray,125,19.88196563720703,48.95115661621094,0.7321231382341983
Berea Upper Gray,126,25.415380477905273,46.185951232910156,0.7391704250955913
Berea Upper Gray,127,24.23902702331543,47.998531341552734,0.7442757378489137
Berea Upper Gray,128,42.653499603271484,109.58821105957031,0.386838269060476
Berea Upper Gray,129,50.89298629760742,110.59954071044922,0.42769498053316213
Berea Upper Gray,130,44.08686447143555,111.89298248291016,0.39790189693912764
Berea Upper Gray,131,39.11881637573242,106.37937927246094,0.40356338998642477
Berea Upper Gray,132,32.37327575683594,43.66753387451172,0.7968568893224495
Berea Upper Gray,133,31.425662994384766,44.22283172607422,0.8013942651393542
Berea Upper Gray,134,32.86763000488281,45.76592254638672,0.7966884422664198
Berea Upper Gray,135,30.57478141784668,49.30076599121094,0.7744333398956375
Berea Upper Gray,136,13.73865795135498,59.29018783569336,0.792998919941723
Berea Upper Gray,137,8.719565391540527,56.46148681640625,0.7742990684491716
Berea Upper Gray,138,12.971759796142578,57.45677185058594,0.7926112577225161
Berea Upper Gray,139,8.255366325378418,55.060546875,0.7827155465241743
Berea Upper Gray,140,4.013920307159424,52.56814956665039,0.526987578593877
Berea Upper Gray,141,6.527174472808838,52.86699295043945,0.532367885354511
Berea Upper Gray,142,2.3045151233673096,48.52494812011719,0.5235543725831114
Berea Upper Gray,143,6.986549377441406,51.7645149230957,0.5649426983434168
Berea Upper Gray,144,21.66953468322754,39.4013557434082,0.8388623899947395
Berea Upper Gray,145,23.458093643188477,42.480621337890625,0.8352591422969552
Berea Upper Gray,146,24.534053802490234,40.12830352783203,0.8298746144797012
Berea Upper Gray,147,22.124948501586914,40.347511291503906,0.8599531686312809
Berea Upper Gray,148,22.2937068939209,97.81029510498047,0.5881773881376952
Berea Upper Gray,149,15.21606731414795,88.87149047851562,0.6242933194910898
Berea Upper Gray,150,19.393815994262695,93.04669189453125,0.6003552195072722
Berea Upper Gray,151,16.77716064453125,91.8016128540039,0.5963684042711157
Berea Upper Gray,152,1824.9093017578125,522.2783203125,-0.06190879134783404
Berea Upper Gray,153,2036.492431640625,428.620361328125,-0.0688666291332741
Berea Upper Gray,154,1664.1512451171875,463.44732666015625,-0.04747015565620285
Berea Upper Gray,155,1939.489990234375,481.1394958496094,-0.0744646968024647
Berea Upper Gray,156,2086.839111328125,2618.684814453125,0.22077340631512873
Berea Upper Gray,157,2271.840576171875,2830.54296875,0.2249149427718061
Berea Upper Gray,158,2237.148681640625,2841.114013671875,0.2460444521124755
Berea Upper Gray,159,2184.197021484375,2706.52099609375,0.2455431140845915
Berea Upper Gray,160,42.685340881347656,55.00371170043945,0.9228247485286369
Berea Upper Gray,161,49.52801513671875,62.1440315246582,0.9097195096809618
Berea Upper Gray,162,49.9262809753418,62.39796829223633,0.9114570929265208
Berea Upper Gray,163,49.18876647949219,64.28209686279297,0.8914018758353671
Berea Upper Gray,164,3.911198854446411,49.669189453125,0.7212284936721467
Berea Upper Gray,165,0.9202040433883667,49.487857818603516,0.6492163682440151
Berea Upper Gray,166,4.304626941680908,47.596561431884766,0.7169126058868706
Berea Upper Gray,167,12.203376770019531,50.06094741821289,0.6853187912204755
Berea Upper Gray,168,233.23797607421875,320.332275390625,0.26928084843778993
Berea Upper Gray,169,237.9526824951172,319.0953369140625,0.2682327555151846
Berea Upper Gray,170,247.19361877441406,316.0228271484375,0.2513308468149041
Berea Upper Gray,171,250.24998474121094,329.12451171875,0.2784481705726455
Berea Upper Gray,172,93.59989166259766,126.08988952636719,0.40282881104277846
Berea Upper Gray,173,81.70214080810547,121.11551666259766,0.3313121632180376
Berea Upper Gray,174,89.85228729248047,125.66865539550781,0.3843727445024849
Berea Upper Gray,175,93.46208190917969,134.2601776123047,0.33536007563470954
Berea Upper Gray,176,488.3968505859375,524.9818725585938,0.15721092373642848
Berea Upper Gray,177,440.4669189453125,487.5335388183594,0.14308941914184573
Berea Upper Gray,178,456.678955078125,497.1378173828125,0.13619283990720596
Berea Upper Gray,179,481.3812561035156,514.7814331054688,0.16219489216424238
Berea Upper Gray,180,1.2273800373077393,48.755043029785156,0.8076801723675969
Berea Upper Gray,181,5.4381914138793945,50.30009460449219,0.8000276696942203
Berea Upper Gray,182,1.5936009883880615,49.60452651977539,0.7840089265024909
Berea Upper Gray,183,5.2454447746276855,49.9390869140625,0.8128495489376526
Berea Upper Gray,184,124.4446029663086,116.1806640625,0.42307199073064833
Berea Upper Gray,185,118.15603637695312,106.12619018554688,0.45941030426904605
Berea Upper Gray,186,110.34786987304688,119.59271240234375,0.4169446602655845
Berea Upper Gray,187,117.30149841308594,119.75299072265625,0.4705451560851685
Berea Upper Gray,188,19.259096145629883,66.80326843261719,0.6874416916578425
Berea Upper Gray,189,26.038753509521484,73.29674530029297,0.672724253468235
Berea Upper Gray,190,12.388638496398926,65.43065643310547,0.7027459558183781
Berea Upper Gray,191,23.96023178100586,72.88581848144531,0.6838578561033167
Berea Upper Gray,192,92.1130142211914,99.87673950195312,0.4125907275270711
Berea Upper Gray,193,86.8740234375,104.01731872558594,0.3752708830620066
Berea Upper Gray,194,80.95802307128906,100.617919921875,0.4303985787165782
Berea Upper Gray,195,98.15916442871094,110.94305419921875,0.3881673545103325
Berea Upper Gray,196,65.01309967041016,132.13499450683594,0.4947438214393259
Berea Upper Gray,197,70.86188507080078,136.06085205078125,0.49981970926914276
Berea Upper Gray,198,65.27747344970703,130.20840454101562,0.5075640173441827
Berea Upper Gray,199,66.23775482177734,133.911865234375,0.47978312184043065
Berea Upper Gray,200,293.96588134765625,324.2451477050781,0.4852827294033984
Berea Upper Gray,201,302.82000732421875,342.6473388671875,0.4993352531202986
Berea Upper Gray,202,289.2450256347656,335.4496765136719,0.4893738628704735
Berea Upper Gray,203,309.6538391113281,349.735595703125,0.5100052290327315
Berea Upper Gray,204,50.022422790527344,113.8609390258789,0.46924822663490084
Berea Upper Gray,205,53.457847595214844,117.71320343017578,0.434101446429659
Berea Upper Gray,206,53.66032028198242,113.18167114257812,0.4643849794765663
Berea Upper Gray,207,46.02871322631836,110.9533462524414,0.4610715518858122
Berea Upper Gray,208,441.2297668457031,622.9239501953125,0.3230803062405662
Berea Upper Gray,209,460.9098205566406,646.8596801757812,0.3134580899043773
Berea Upper Gray,210,495.8475646972656,686.4392700195312,0.33482032754418983
Berea Upper Gray,211,456.5579833984375,641.5552978515625,0.30917534088446863
Berea Upper Gray,212,1275.638671875,1746.692138671875,0.26403920956209764
Berea Upper Gray,213,1253.5821533203125,1726.2745361328125,0.2735348548986511
Berea Upper Gray,214,1286.2784423828125,1768.276611328125,0.2657883627534178
Berea Upper Gray,215,1305.9085693359375,1821.9635009765625,0.2593724159370883
Berea Upper Gray,216,441.6679382324219,356.1934509277344,0.06190211117019942
Berea Upper Gray,217,453.7001953125,361.1780700683594,0.07573909938345275
Berea Upper Gray,218,446.73614501953125,350.36358642578125,0.07350893967860517
Berea Upper Gray,219,461.0450744628906,357.09844970703125,0.06925680975231309
Berea Upper Gray,220,30.208637237548828,111.4676513671875,0.5782684014186933
Berea Upper Gray,221,35.947486877441406,117.53140258789062,0.6090624396408909
Berea Upper Gray,222,31.422019958496094,108.8670883178711,0.5974322386886909
Berea Upper Gray,223,33.110443115234375,109.08325958251953,0.6195188685323468
Berea Sinter Gray,0,361.8536376953125,452.52099609375,0.2276763526971827
Berea Sinter Gray,1,359.8372802734375,448.69952392578125,0.2344080885622565
Berea Sinter Gray,2,362.10638427734375,449.5418395996094,0.25045432888801467
Berea Sinter Gray,3,348.283203125,438.10333251953125,0.24911249292241006
Berea Sinter Gray,4,370.4691162109375,432.5498962402344,0.39232103043240785
Berea Sinter Gray,5,345.6507568359375,407.5155944824219,0.35447456326324517
Berea Sinter Gray,6,381.6508483886719,448.0850524902344,0.35871974935568046
Berea Sinter Gray,7,306.0152587890625,378.55303955078125,0.3589473655566014
Berea Sinter Gray,8,26.09776496887207,106.64186096191406,0.6105782092643944
Berea Sinter Gray,9,37.31134033203125,119.9448471069336,0.6068032954675583
Berea Sinter Gray,10,29.65736198425293,110.89083862304688,0.605325318775862
Berea Sinter Gray,11,39.42851638793945,130.9962158203125,0.5588394587573111
Berea Sinter Gray,12,93.63818359375,142.38111877441406,0.7539529003126103
Berea Sinter Gray,13,94.08179473876953,152.8531036376953,0.7308747116607205
Berea Sinter Gray,14,84.044189453125,139.1031036376953,0.7542398019322041
Berea Sinter Gray,15,98.7689437866211,153.59378051757812,0.7390658620175848
Berea Sinter Gray,16,145.77139282226562,238.64181518554688,0.5293924945564664
Berea Sinter Gray,17,150.1162109375,246.41883850097656,0.5480107389046015
Berea Sinter Gray,18,148.60838317871094,240.7484588623047,0.5308223889366757
Berea Sinter Gray,19,138.23641967773438,234.21408081054688,0.5449121083789041
Berea Sinter Gray,20,370.64312744140625,474.249267578125,0.569708791425366
Berea Sinter Gray,21,387.328369140625,494.6172790527344,0.5760981986325358
Berea Sinter Gray,22,376.7153015136719,480.2085876464844,0.579968809051629
Berea Sinter Gray,23,320.86456298828125,407.61285400390625,0.6032867700725739
Berea Sinter Gray,24,14.240152359008789,44.865440368652344,0.8286876487778332
Berea Sinter Gray,25,13.221273422241211,44.542396545410156,0.8233662507453403
Berea Sinter Gray,26,11.635272979736328,47.30400466918945,0.8310826663342725
Berea Sinter Gray,27,12.549991607666016,45.50215148925781,0.8149087252259769
Berea Sinter Gray,28,99.4705581665039,170.46922302246094,0.47286911390471104
Berea Sinter Gray,29,96.75401306152344,178.77865600585938,0.4643927073258984
Berea Sinter Gray,30,91.62303924560547,171.66647338867188,0.45324597233726455
Berea Sinter Gray,31,86.33592224121094,156.0569610595703,0.5043379999017307
Berea Sinter Gray,32,284.49737548828125,389.1048583984375,0.3460217698549117
Berea Sinter Gray,33,298.51849365234375,399.9067687988281,0.34160245911051706
Berea Sinter Gray,34,298.6809997558594,412.74859619140625,0.34529670619216035
Berea Sinter Gray,35,268.7617492675781,370.4039001464844,0.33777949089869563
Berea Sinter Gray,36,1074.9110107421875,1438.2998046875,0.3488450459944374
Berea Sinter Gray,37,1052.2708740234375,1402.480712890625,0.35949139989125584
Berea Sinter Gray,38,1037.978271484375,1384.6689453125,0.36082091723549703
Berea Sinter Gray,39,1016.4916381835938,1360.501708984375,0.3636354606567199
Berea Sinter Gray,40,13.794809341430664,86.5975341796875,0.5534909449333695
Berea Sinter Gray,41,5.099695205688477,76.26966094970703,0.5664896922024765
Berea Sinter Gray,42,8.620699882507324,83.78113555908203,0.5342190890490608
Berea Sinter Gray,43,8.540173530578613,75.15716552734375,0.5981390335867619
Berea Sinter Gray,44,94.51422119140625,174.55746459960938,0.5162876135669768
Berea Sinter Gray,45,73.6613998413086,150.9373779296875,0.5488190126465579
Berea Sinter Gray,46,87.09466552734375,165.50315856933594,0.5168590939707411
Berea Sinter Gray,47,64.73481750488281,156.03387451171875,0.4897803734988108
Berea Sinter Gray,48,91.97359466552734,62.64314270019531,0.49533131327508223
Berea Sinter Gray,49,93.16680145263672,67.12240600585938,0.4545337103373841
Berea Sinter Gray,50,94.95260620117188,61.790565490722656,0.5024304807741246
Berea Sinter Gray,51,92.63004302978516,65.62122344970703,0.4464573683633519
Berea Sinter Gray,52,117.04730224609375,121.39668273925781,0.7897674425278514
Berea Sinter Gray,53,133.48179626464844,136.2059783935547,0.7811362548879167
Berea Sinter Gray,54,121.31501770019531,126.2372055053711,0.7975114854812353
Berea Sinter Gray,55,114.79280090332031,115.72213745117188,0.8013211770068955
Berea Sinter Gray,56,78.38919830322266,149.5030975341797,0.3950608316041023
Berea Sinter Gray,57,93.20199584960938,167.0530548095703,0.31398122046794225
Berea Sinter Gray,58,81.7678451538086,157.41139221191406,0.40380047231372446
Berea Sinter Gray,59,89.33097839355469,158.12457275390625,0.35058366518656603
Berea Sinter Gray,60,2.323582410812378,73.7955551147461,0.6574041724129414
Berea Sinter Gray,61,0.9781237840652466,79.6084213256836,0.5818337222415657
Berea Sinter Gray,62,0.1376890242099762,74.0946273803711,0.659749650228399
Berea Sinter Gray,63,2.180804491043091,73.24775695800781,0.6198834282325238
Berea Sinter Gray,64,209.47525024414062,351.8831787109375,0.37878478568451207
Berea Sinter Gray,65,203.6063232421875,358.1739501953125,0.36070196849626956
Berea Sinter Gray,66,194.48545837402344,333.6953125,0.40494664565621546
Berea Sinter Gray,67,182.35081481933594,311.7750549316406,0.4247425412125014
Berea Sinter Gray,68,138.077392578125,195.14364624023438,0.5405041998657807
Berea Sinter Gray,69,144.98468017578125,199.3782958984375,0.5591860119681
Berea Sinter Gray,70,143.21408081054688,199.21072387695312,0.5588792603494408
Berea Sinter Gray,71,136.53054809570312,195.96141052246094,0.5602898489314617
Berea Sinter Gray,72,12.244860649108887,35.71412658691406,0.7691047749083046
Berea Sinter Gray,73,12.632861137390137,38.284732818603516,0.7701061842331283
Berea Sinter Gray,74,12.088164329528809,37.482261657714844,0.7652530102726298
Berea Sinter Gray,75,15.11539077758789,38.99860382080078,0.7313632755589283
Berea Sinter Gray,76,2.4304282665252686,76.66621398925781,0.6501276443023211
Berea Sinter Gray,77,4.130383014678955,73.67782592773438,0.6613726620214062
Berea Sinter Gray,78,5.309694290161133,77.8396224975586,0.641868194629711
Berea Sinter Gray,79,3.0058200359344482,73.24121856689453,0.6662779588555814
Berea Sinter Gray,80,198.21749877929688,265.23699951171875,0.5193396258223892
Berea Sinter Gray,81,181.76828002929688,246.67037963867188,0.5254991325959978
Berea Sinter Gray,82,200.07296752929688,261.2811584472656,0.5348453306256499
Berea Sinter Gray,83,187.4185028076172,250.89251708984375,0.5287913596325791
Berea Sinter Gray,84,243.62986755371094,315.7076721191406,0.33397008944865453
Berea Sinter Gray,85,242.5541534423828,314.59649658203125,0.3506404680969119
Berea Sinter Gray,86,250.5950164794922,316.6924743652344,0.33507256573179234
Berea Sinter Gray,87,248.43995666503906,315.7711486816406,0.32176663111828435
Berea Sinter Gray,88,2.1635520458221436,48.91218185424805,0.8214754225579274
Berea Sinter Gray,89,1.6723099946975708,52.41608428955078,0.8230548027636635
Berea Sinter Gray,90,2.1575591564178467,50.11616516113281,0.8149612243611158
Berea Sinter Gray,91,4.836864471435547,51.9434928894043,0.8304409061117756
Berea Sinter Gray,92,157.82952880859375,245.39002990722656,0.5876323233240575
Berea Sinter Gray,93,142.11647033691406,234.61660766601562,0.597749522401364
Berea Sinter Gray,94,166.83425903320312,262.70123291015625,0.5628172836482193
Berea Sinter Gray,95,161.4355926513672,258.3340759277344,0.5706250047807118
Berea Sinter Gray,96,240.4219207763672,286.6995849609375,0.5380702591975622
Berea Sinter Gray,97,219.9932403564453,279.3722229003906,0.6019192801409666
Berea Sinter Gray,98,226.63356018066406,291.9813537597656,0.5504529467434318
Berea Sinter Gray,99,262.1264953613281,285.8933410644531,0.5557547621354043
Berea Sinter Gray,100,29.434284210205078,94.3562240600586,0.5057256469555499
Berea Sinter Gray,101,31.456605911254883,90.0893325805664,0.5682221082515153
Berea Sinter Gray,102,36.411930084228516,96.69620513916016,0.5260640386668775
Berea Sinter Gray,103,30.325298309326172,99.03288269042969,0.5157819587934532
Berea Sinter Gray,104,45.56138610839844,50.513370513916016,0.8735255293371313
Berea Sinter Gray,105,39.795372009277344,47.32763671875,0.8616197081485101
Berea Sinter Gray,106,41.31422805786133,47.76537322998047,0.8659634939606969
Berea Sinter Gray,107,42.116397857666016,48.3327522277832,0.8563526045824933
Berea Sinter Gray,108,38.77310562133789,110.2244873046875,0.6685561309366935
Berea Sinter Gray,109,41.029388427734375,104.81047821044922,0.6890066546686624
Berea Sinter Gray,110,45.630252838134766,110.698974609375,0.6925550937762149
Berea Sinter Gray,111,50.08590316772461,113.62467193603516,0.6711245676727052
Berea Sinter Gray,112,35.643402099609375,63.24207305908203,0.6605019182055004
Berea Sinter Gray,113,42.328338623046875,57.47202682495117,0.7089421418023916
Berea Sinter Gray,114,34.533504486083984,61.43906021118164,0.6585331888755678
Berea Sinter Gray,115,42.558143615722656,54.834041595458984,0.7379502869296104
Berea Sinter Gray,116,410.0440673828125,347.2242736816406,0.3075400081399794
Berea Sinter Gray,117,391.8153381347656,349.39056396484375,0.31737359702801476
Berea Sinter Gray,118,392.1213073730469,337.0683288574219,0.3092710152728158
Berea Sinter Gray,119,398.6525573730469,343.3250427246094,0.3170936935288856
Berea Sinter Gray,120,941.5524291992188,1090.5054931640625,0.46649709323302974
Berea Sinter Gray,121,935.673583984375,1078.4659423828125,0.469576078645661
Berea Sinter Gray,122,906.8472290039062,1052.0853271484375,0.4662333884675277
Berea Sinter Gray,123,878.8652954101562,995.3677368164062,0.473370124233783
Berea Sinter Gray,124,904.538818359375,1275.9862060546875,0.17720984814439222
Berea Sinter Gray,125,928.0972290039062,1263.067138671875,0.18827862676723198
Berea Sinter Gray,126,863.3966674804688,1199.3714599609375,0.17616554841654666
Berea Sinter Gray,127,934.2155151367188,1281.9007568359375,0.1987695316669511
Berea Sinter Gray,128,56.4482536315918,84.4473876953125,0.888788343783595
Berea Sinter Gray,129,55.082855224609375,82.82820892333984,0.8797421321853086
Berea Sinter Gray,130,59.22077178955078,86.87979125976562,0.8859489579376095
Berea Sinter Gray,131,48.97332000732422,79.39171600341797,0.8770265295472616
Berea Sinter Gray,132,147.1331024169922,161.16603088378906,0.7162622307703276
Berea Sinter Gray,133,133.46754455566406,146.53396606445312,0.711275569463265
Berea Sinter Gray,134,142.24534606933594,155.45899963378906,0.7176594973378262
Berea Sinter Gray,135,136.6715087890625,152.3324432373047,0.7253218158425313
Berea Sinter Gray,136,104.8810806274414,117.20957946777344,0.6557903870896189
Berea Sinter Gray,137,119.71316528320312,124.51882934570312,0.6387958006804177
Berea Sinter Gray,138,121.23841857910156,128.4987335205078,0.6691036085789208
Berea Sinter Gray,139,113.53103637695312,121.26615142822266,0.6702486996425258
Berea Sinter Gray,140,540.1964721679688,508.3351135253906,0.3556946842141109
Berea Sinter Gray,141,551.6524047851562,511.0039367675781,0.34013316186670023
Berea Sinter Gray,142,564.0912475585938,512.9931030273438,0.348462430917792
Berea Sinter Gray,143,557.330078125,505.6752014160156,0.3252243970580925
Berea Sinter Gray,144,456.0444030761719,648.6691284179688,0.288144933089568
Berea Sinter Gray,145,485.10162353515625,699.7448120117188,0.26422893551744997
Berea Sinter Gray,146,458.1114807128906,655.2105102539062,0.3056218265278461
Berea Sinter Gray,147,484.4288330078125,676.5079956054688,0.2899702252026562
Berea Sinter Gray,148,2.784883499145508,56.398868560791016,0.6649719387238866
Berea Sinter Gray,149,5.00433349609375,62.58716583251953,0.6469752330697216
Berea Sinter Gray,150,1.2776169776916504,52.54439926147461,0.6671185745415282
Berea Sinter Gray,151,2.5940918922424316,59.07583236694336,0.6642376093893897
Berea Sinter Gray,152,4.753166198730469,43.09249496459961,0.8476962325538163
Berea Sinter Gray,153,1.5509377717971802,49.128501892089844,0.8374169356398938
Berea Sinter Gray,154,1.6051325798034668,41.68616485595703,0.8616336567268784
Berea Sinter Gray,155,0.9830738306045532,46.983829498291016,0.8392223204382352
Berea Sinter Gray,156,777.0711669921875,1058.8466796875,0.21592573214843633
Berea Sinter Gray,157,769.2008056640625,1045.9656982421875,0.2108124286917615
Berea Sinter Gray,158,757.6034545898438,1032.377685546875,0.20274214740063212
Berea Sinter Gray,159,780.2838745117188,1063.47802734375,0.21707956642178464
Berea Sinter Gray,160,229.60520935058594,208.6664581298828,0.6947296460616907
Berea Sinter Gray,161,243.28756713867188,226.29153442382812,0.69020549603429
Berea Sinter Gray,162,249.4364776611328,234.02301025390625,0.6979607236265845
Berea Sinter Gray,163,240.23956298828125,216.89511108398438,0.7176564271544299
Berea Sinter Gray,164,28.848352432250977,52.86725616455078,0.6355578275321202
Berea Sinter Gray,165,27.484561920166016,51.230560302734375,0.6651279563564592
Berea Sinter Gray,166,26.692401885986328,50.45781326293945,0.6873457644397206
Berea Sinter Gray,167,26.8505859375,50.58998107910156,0.6648882025679981
Berea Sinter Gray,168,151.15257263183594,228.02261352539062,0.3246503860316998
Berea Sinter Gray,169,149.97845458984375,226.94004821777344,0.33398390597693445
Berea Sinter Gray,170,137.4359893798828,216.0055389404297,0.3563350547209809
Berea Sinter Gray,171,138.64100646972656,214.39051818847656,0.3463660738568318
Berea Sinter Gray,172,8.011775970458984,84.70491790771484,0.5575272166953458
Berea Sinter Gray,173,3.1165003776550293,83.86759185791016,0.5394973480384738
Berea Sinter Gray,174,8.574047088623047,81.63689422607422,0.5476802291580605
Berea Sinter Gray,175,7.574787616729736,86.9587173461914,0.5189408828641096
Berea Sinter Gray,176,216.0459442138672,315.7845153808594,0.3756711543355042
Berea Sinter Gray,177,220.15625,311.6482238769531,0.3809735997065301
Berea Sinter Gray,178,216.62855529785156,318.83782958984375,0.37096722179774255
Berea Sinter Gray,179,216.8348388671875,321.15863037109375,0.37222701142121006
Berea Sinter Gray,180,83.01293182373047,101.90267181396484,0.7708639122402039
Berea Sinter Gray,181,77.77410888671875,91.21034240722656,0.7754566360064007
Berea Sinter Gray,182,88.74573516845703,104.63188934326172,0.7892980492561499
Berea Sinter Gray,183,67.68634033203125,82.42623138427734,0.7857854985137153
Berea Sinter Gray,184,37.01638412475586,43.7257080078125,0.7564912061545096
Berea Sinter Gray,185,34.87528610229492,42.529075622558594,0.7841709862498436
Berea Sinter Gray,186,28.967836380004883,40.46519470214844,0.7775562419834341
Berea Sinter Gray,187,31.5704402923584,42.2620849609375,0.7569790585422492
Berea Sinter Gray,188,171.7825164794922,269.01788330078125,0.486280377656872
Berea Sinter Gray,189,132.94558715820312,231.05511474609375,0.49829514579870654
Berea Sinter Gray,190,146.3306427001953,250.87294006347656,0.4715757394486347
Berea Sinter Gray,191,145.9156494140625,235.0614776611328,0.49423513806647346
Berea,0,243.60284423828125,319.642578125,0.4974908597207327
Berea,1,206.6324920654297,285.44287109375,0.49731808131665256
Berea,2,220.07992553710938,289.5913391113281,0.5202434168981946
Berea,3,208.29537963867188,284.9212341308594,0.5256090061538041
Berea,4,160.44235229492188,248.88636779785156,0.37084094505238735
Berea,5,142.96592712402344,216.9855499267578,0.3792025956504475
Berea,6,144.63189697265625,224.0264129638672,0.4122163135040509
Berea,7,150.79856872558594,225.79229736328125,0.36782974150278747
Berea,8,421.0975036621094,424.0424499511719,0.37558132763039376
Berea,9,417.36920166015625,419.1554260253906,0.34832434240269605
Berea,10,406.39019775390625,416.9654541015625,0.37353037752455476
Berea,11,396.2513732910156,417.81011962890625,0.3688307852234141
Berea,12,179.54718017578125,200.31724548339844,0.3972999167807385
Berea,13,181.22943115234375,193.6397247314453,0.365705517977568
Berea,14,178.238525390625,192.20103454589844,0.3792449474361517
Berea,15,187.2910614013672,197.43783569335938,0.36980142925671683
Berea,16,26.849699020385742,40.68877029418945,0.9075169226175707
Berea,17,23.38953399658203,37.485198974609375,0.9089606284573476
Berea,18,27.633310317993164,43.55440139770508,0.8892181794525933
Berea,19,23.56637954711914,36.60988235473633,0.9135559898505978
Berea,20,104.49979400634766,193.90220642089844,0.4657088664355097
Berea,21,108.45458221435547,208.07037353515625,0.43045555700627136
Berea,22,92.86936950683594,192.46478271484375,0.42234631959656
Berea,23,116.06459045410156,204.15406799316406,0.448795308160717
Berea,24,47.61138153076172,80.99597930908203,0.7564007167554208
Berea,25,43.26057815551758,72.31852722167969,0.7398673214681359
Berea,26,47.37240982055664,76.63602447509766,0.7625490368281291
Berea,27,48.98782730102539,78.80125427246094,0.738640820758081
Berea,28,7.939327716827393,61.025108337402344,0.7692868732433209
Berea,29,5.06739616394043,55.34934997558594,0.7712232779954312
Berea,30,1.875572681427002,53.24895477294922,0.7835338609153008
Berea,31,0.5080370306968689,53.62738800048828,0.7893239737658319
Berea,32,53.185340881347656,109.69436645507812,0.3615078202382182
Berea,33,62.6502799987793,113.39591217041016,0.37385514689541954
Berea,34,49.849510192871094,108.56205749511719,0.36108811712099326
Berea,35,56.914527893066406,117.02906799316406,0.3452827476114999
Berea,36,236.4237823486328,286.2375183105469,0.49678186260470764
Berea,37,264.31866455078125,327.6350402832031,0.49424244267059353
Berea,38,241.3450469970703,299.4938659667969,0.4957169664583433
Berea,39,252.07638549804688,304.7486572265625,0.49792879229780734
Berea,40,46.2235107421875,49.817291259765625,0.7761212643021191
Berea,41,45.97795486450195,50.46567916870117,0.7882790579551601
Berea,42,48.799217224121094,52.75555419921875,0.7485056293658665
Berea,43,49.40130615234375,51.84454345703125,0.7424885760915286
Berea,44,7.2251505851745605,50.17679214477539,0.7548742613565578
Berea,45,4.748785018920898,53.354000091552734,0.733448541407126
Berea,46,12.27678108215332,51.605228424072266,0.74249396558142
Berea,47,8.905848503112793,49.347774505615234,0.7605266686216322
Berea,48,13.84989070892334,53.44637680053711,0.7566960996537093
Berea,49,9.105522155761719,57.10955810546875,0.7508781861257591
Berea,50,13.009184837341309,56.135414123535156,0.7551025849013773
Berea,51,13.078170776367188,57.29100036621094,0.7392954167514947
Berea,52,142.80130004882812,163.72854614257812,0.6180600587336037
Berea,53,152.66783142089844,174.20574951171875,0.6136675464021615
Berea,54,135.3057861328125,163.75111389160156,0.623875705924731
Berea,55,136.0377960205078,167.7373046875,0.6237768721221038
Berea,56,32.70889663696289,50.169677734375,0.5330394442141105
Berea,57,37.194637298583984,50.904876708984375,0.5089094849169219
Berea,58,35.26463317871094,51.1325798034668,0.5004784591696372
Berea,59,39.70331573486328,50.840843200683594,0.501228419150778
Berea,60,9.967355728149414,46.66212463378906,0.7411645685760732
Berea,61,13.549142837524414,50.026405334472656,0.6705042486552908
Berea,62,11.782792091369629,47.93996047973633,0.723941976230151
Berea,63,11.16958236694336,49.41560745239258,0.7237684058606315
Berea,64,17.148677825927734,60.61885452270508,0.7186981721800086
Berea,65,27.650741577148438,59.02268600463867,0.7075184481811612
Berea,66,23.500776290893555,57.61300277709961,0.7259314941415926
Berea,67,24.381860733032227,58.2106819152832,0.6941012539629895
Berea,68,85.58036804199219,107.9084701538086,0.5648211595110622
Berea,69,74.36103820800781,105.77590942382812,0.5664534887905281
Berea,70,79.81546783447266,110.46612548828125,0.5425856015543901
Berea,71,79.75929260253906,108.39512634277344,0.5540051838128914
Berea,72,101.0746841430664,191.60385131835938,0.39155965655732655
Berea,73,98.8228988647461,199.3854217529297,0.40268918221931005
Berea,74,103.16676330566406,198.72703552246094,0.3912349782795719
Berea,75,100.3056411743164,198.9447479248047,0.37632099304267047
Berea,76,20.44756317138672,40.45552062988281,0.8280585851924948
Berea,77,18.17536163330078,39.72758483886719,0.8366366908561333
Berea,78,15.495315551757812,41.75077438354492,0.8266549221909509
Berea,79,20.27861785888672,39.49327850341797,0.8379150750504283
Berea,80,35.14741516113281,60.60405731201172,0.7012181193821772
Berea,81,30.24100685119629,61.49406433105469,0.7154638167602355
Berea,82,37.82505416870117,61.57615661621094,0.7190538211849167
Berea,83,32.876529693603516,59.75189208984375,0.7353395479648204
Berea,84,8.731599807739258,59.64955139160156,0.7012313441608587
Berea,85,4.387261390686035,57.1074104309082,0.6692777242975317
Berea,86,6.317510604858398,54.0142936706543,0.7181199697786087
Berea,87,3.512213706970215,57.75841522216797,0.6814407485493835
Berea,88,378.541015625,516.8435668945312,0.3172865621851957
Berea,89,358.8428039550781,496.67919921875,0.33237092606892416
Berea,90,373.40130615234375,520.5972290039062,0.3276750725055665
Berea,91,360.9267883300781,497.6959533691406,0.32090660457171827
Berea,92,665.5335693359375,952.4668579101562,0.23938421148970399
Berea,93,623.1372680664062,853.8138427734375,0.2308301683627881
Berea,94,677.126708984375,943.650146484375,0.22699723478845368
Berea,95,620.3624877929688,855.1626586914062,0.2214017051574153
Berea,96,51.63846206665039,71.41299438476562,0.6483717633795032
Berea,97,55.07804870605469,72.59273529052734,0.6189156097080281
Berea,98,47.137332916259766,65.21270751953125,0.6450193535978629
Berea,99,48.655174255371094,68.3322525024414,0.648568971607038
Berea,100,39.869991302490234,51.19192123413086,0.7308410017511406
Berea,101,40.33603286743164,47.5297966003418,0.7334202785275156
Berea,102,39.540985107421875,49.755897521972656,0.7493708017841509
Berea,103,40.75865173339844,52.39475631713867,0.6975702325289652
Berea,104,259.2225036621094,329.0027770996094,0.4123835419934459
Berea,105,275.00445556640625,338.8293151855469,0.4344558312660199
Berea,106,266.0692138671875,328.70819091796875,0.4395948554714186
Berea,107,271.1935729980469,343.6208801269531,0.41509295339574953
Berea,108,24.637113571166992,93.167236328125,0.6353482400643716
Berea,109,26.16973114013672,92.2864990234375,0.6380033938786027
Berea,110,22.348772048950195,91.28392791748047,0.648012600188748
Berea,111,22.416772842407227,90.29706573486328,0.6357311193138174
Berea,112,8.531628608703613,41.273868560791016,0.759246161095101
Berea,113,13.364873886108398,42.59868240356445,0.7688990367751407
Berea,114,9.667928695678711,41.90193176269531,0.7670759448460813
Berea,115,6.671722888946533,41.372867584228516,0.7868089087790522
Berea,116,89.96418762207031,119.21955871582031,0.5997792503058593
Berea,117,83.95633697509766,114.71934509277344,0.600033693081063
Berea,118,78.31880950927734,111.48892211914062,0.5856454944222159
Berea,119,86.84391021728516,119.8219985961914,0.6047651205652096
Berea,120,20.142654418945312,72.5197525024414,0.729700602451718
Berea,121,18.22673988342285,73.35299682617188,0.7066804884527488
Berea,122,21.955156326293945,74.7791748046875,0.7219433053778505
Berea,123,17.4244441986084,71.7282943725586,0.7115972888260313
Berea,124,120.4891357421875,187.1498565673828,0.4481811303645716
Berea,125,117.35498809814453,184.2927703857422,0.4317997692795278
Berea,126,119.35172271728516,185.77651977539062,0.48219891716404023
Berea,127,116.74528503417969,186.6017303466797,0.4211510680735191
Berea,128,9.91242504119873,55.27291488647461,0.7320600269115988
Berea,129,5.986370086669922,56.33926010131836,0.7707707988752216
Berea,130,7.895503997802734,53.40695571899414,0.7468846799923645
Berea,131,8.989048957824707,52.21920394897461,0.7863549102128293
Berea,132,26.64497184753418,106.72059631347656,0.6066056868051544
Berea,133,21.059967041015625,108.83982849121094,0.5693950640152721
Berea,134,29.55470085144043,110.24430847167969,0.6068331859454216
Berea,135,24.935802459716797,115.11141204833984,0.5639301734270247
Berea,136,17.281330108642578,89.2745361328125,0.6289828554352433
Berea,137,14.401877403259277,88.84374237060547,0.6041592327984058
Berea,138,12.891817092895508,80.94823455810547,0.6604416908440508
Berea,139,15.609006881713867,87.54073333740234,0.6308061146260348
Berea,140,388.9371337890625,598.3258666992188,0.2739931666554731
Berea,141,392.220458984375,631.4010009765625,0.2374236020870498
Berea,142,372.4355163574219,586.6318359375,0.25766501086008037
Berea,143,375.1374816894531,592.4087524414062,0.2547023418318228
Berea,144,35.4896125793457,52.71013641357422,0.6778638742847651
Berea,145,36.3648681640625,56.0526237487793,0.6682654031675631
Berea,146,38.09326171875,55.53081130981445,0.6551707127444499
Berea,147,36.62605285644531,55.19026565551758,0.6762069316143962
Berea,148,43.187381744384766,55.86369705200195,0.69927839384231
Berea,149,43.275630950927734,55.8870964050293,0.6966328370661355
Berea,150,43.66673278808594,54.82830810546875,0.6900158325059552
Berea,151,42.25496292114258,55.12828063964844,0.6723156333196848
Berea,152,16.219560623168945,68.40264892578125,0.5634438713518933
Berea,153,10.840075492858887,63.631534576416016,0.6002046145528749
Berea,154,10.125048637390137,69.45892333984375,0.5609716541911957
Berea,155,17.03826332092285,62.8433837890625,0.5769256187823132
Berea,156,133.49476623535156,214.0532684326172,0.40735086514282676
Berea,157,125.99838256835938,209.0798797607422,0.397647801193371
Berea,158,133.451904296875,216.9036865234375,0.39427202110439996
Berea,159,136.29586791992188,219.7303924560547,0.395756298135334
Berea,160,511.20068359375,356.5129699707031,0.39787517190982685
Berea,161,510.4615783691406,342.56231689453125,0.3707745369186083
Berea,162,513.3726806640625,356.7052001953125,0.3904810157176576
Berea,163,514.8060913085938,338.5950012207031,0.3726409873850907
Berea,164,500.8568115234375,551.6177368164062,0.42501648178592777
Berea,165,494.31756591796875,544.7367553710938,0.3932149582902642
Berea,166,493.9783630371094,546.295654296875,0.40454463673634383
Berea,167,499.5439453125,547.34423828125,0.3989925854266103
Berea,168,80.91541290283203,176.96705627441406,0.32244944665058384
Berea,169,85.62351989746094,185.39369201660156,0.3031169071876158
Berea,170,80.4157943725586,177.92657470703125,0.30871927536994836
Berea,171,83.55219268798828,183.17506408691406,0.3113053299458392
Berea,172,41.30342483520508,48.2014274597168,0.7000340769441198
Berea,173,40.41714859008789,46.49015808105469,0.7332591589925698
Berea,174,41.22760772705078,47.581241607666016,0.7114122532810485
Berea,175,38.50109100341797,47.38920593261719,0.7226545967975024
Berea,176,13.695073127746582,42.08597946166992,0.7512571323780093
Berea,177,18.415897369384766,42.02838897705078,0.7537182656748935
Berea,178,19.105947494506836,42.35920715332031,0.737766335005544
Berea,179,17.890888214111328,45.0076789855957,0.757004053944837
Berea,180,1.4946134090423584,53.625205993652344,0.7029609145381782
Berea,181,5.200140953063965,44.39875793457031,0.7680678776354923
Berea,182,3.1252329349517822,48.112945556640625,0.7528936249130502
Berea,183,4.9880523681640625,46.1805534362793,0.7670369026169548
Berea,184,13.58755874633789,94.99803161621094,0.6017898380998935
Berea,185,17.398374557495117,99.29948425292969,0.590192281420124
Berea,186,11.024834632873535,92.71515655517578,0.5808518798253802
Berea,187,23.482044219970703,105.82321166992188,0.5719473368848043
Berea,188,28.66182518005371,52.50489044189453,0.4681932027444432
Berea,189,30.93903350830078,48.43885040283203,0.5837752223482428
Berea,190,36.939125061035156,48.364356994628906,0.5416923913736289
Berea,191,36.802947998046875,48.410762786865234,0.5457111335683411
Berea,192,291.01470947265625,363.3132019042969,0.5447695765954567
Berea,193,282.45867919921875,348.60833740234375,0.5334590328760043
Berea,194,271.2911071777344,348.9483642578125,0.5257168057721775
Berea,195,284.45172119140625,348.6748046875,0.5396165033215191
Berea,196,28.967992782592773,47.143218994140625,0.7170172576996432
Berea,197,33.7513427734375,50.671730041503906,0.6900230051850248
Berea,198,32.17525100708008,49.002750396728516,0.7048756190396661
Berea,199,32.99317169189453,47.39741897583008,0.7297925906346944
Berea,200,43.5892448425293,84.93566131591797,0.345903066189036
Berea,201,41.06898880004883,82.36650848388672,0.356381189847769
Berea,202,35.70501708984375,87.82948303222656,0.34380061570905873
Berea,203,47.311279296875,84.63262176513672,0.32153126417985883
Berea,204,3.647937059402466,61.58087158203125,0.6578848028738385
Berea,205,1.3392393589019775,62.70949935913086,0.640693869672576
Berea,206,7.7176127433776855,55.88652038574219,0.6616050421321626
Berea,207,3.463733196258545,61.8592529296875,0.670905399947352
Berea,208,21.87376594543457,86.82579803466797,0.5498183351593596
Berea,209,15.5036039352417,88.16200256347656,0.5228493461380725
Berea,210,28.531795501708984,92.1606216430664,0.5483575143747936
Berea,211,25.769731521606445,95.32262420654297,0.5434600997003044
Berea,212,180.61529541015625,241.5703887939453,0.5156224408480597
Berea,213,190.47084045410156,251.77357482910156,0.5243205173780593
Berea,214,181.9848175048828,242.8382568359375,0.5167623142835474
Berea,215,191.4574432373047,251.474609375,0.5288963745336989
Berea,216,217.1453399658203,318.63433837890625,0.4027136176848363
Berea,217,210.327392578125,315.9937744140625,0.4211037717261498
Berea,218,205.6158447265625,311.00250244140625,0.38571575741065395
Berea,219,208.51377868652344,308.4749450683594,0.40371702179916574
Berea,220,16.01280975341797,57.55983352661133,0.5913470342484178
Berea,221,21.715665817260742,57.804630279541016,0.5755943584459597
Berea,222,14.205093383789062,60.997554779052734,0.5574366990898562
Berea,223,22.673410415649414,57.76823043823242,0.5543526558096931
