Dataset,Sample_Index,Bias_Error_,Magnitude_Error_,Correlation,Angular_Error_Deg,Flux_Error,Tortuosity_Error_,Divergent_Residual_
Spherical Pores,0,8.943399429321289,28.788311004638672,0.9097361151990497,34.73028564453125,0.32150766253471375,12.116957664489746,40.72488021850586
Spherical Pores,1,7.913787364959717,29.88165283203125,0.9074366686243208,34.58499526977539,0.4339582026004791,10.631085395812988,40.252052307128906
Spherical Pores,2,6.638017177581787,30.106693267822266,0.9017976789973772,34.86515426635742,0.34661027789115906,9.520750045776367,40.143096923828125
Spherical Pores,3,6.119922637939453,28.321950912475586,0.908951049219742,34.43582534790039,0.43924784660339355,9.081002235412598,40.07510757446289
Spherical Pores,4,13.756192207336426,28.780555725097656,0.9462193678962882,37.13020706176758,0.49158236384391785,2.6986629962921143,39.372154235839844
Spherical Pores,5,14.166181564331055,30.363441467285156,0.943034910669895,37.04072189331055,0.46455663442611694,2.963947296142578,39.77155685424805
Spherical Pores,6,16.152585983276367,30.489463806152344,0.9433701053448136,36.2612419128418,0.49340105056762695,3.308166265487671,40.1603889465332
Spherical Pores,7,16.82088279724121,29.28812599182129,0.9454289924759361,36.490013122558594,0.43504971265792847,3.867661714553833,40.10822296142578
Spherical Pores,8,7.698755741119385,34.40327453613281,0.9029024306558288,33.712554931640625,0.8209062218666077,1.7097126245498657,40.14948654174805
Spherical Pores,9,7.412280559539795,36.55278015136719,0.8866122666445228,33.04031753540039,0.45487070083618164,1.5153688192367554,40.15337371826172
Spherical Pores,10,8.353109359741211,33.78980255126953,0.9037215931091575,33.11830139160156,0.8620567917823792,2.577545642852783,39.51412582397461
Spherical Pores,11,6.441605091094971,30.65959930419922,0.919731207848603,33.565704345703125,0.48824983835220337,2.180924415588379,39.50330352783203
Spherical Pores,12,9.05320930480957,27.144439697265625,0.9385756472411574,36.84137725830078,0.4386296570301056,1.0442845821380615,40.80601119995117
Spherical Pores,13,11.321301460266113,27.395952224731445,0.9401092295059656,35.663509368896484,0.42511850595474243,0.8713119626045227,40.7215461730957
Spherical Pores,14,7.166698455810547,26.88634490966797,0.9381429847257975,35.552581787109375,0.43664127588272095,0.9159886837005615,40.91155242919922
Spherical Pores,15,7.2573652267456055,25.653799057006836,0.9415746404690021,36.077903747558594,0.46475258469581604,0.32027679681777954,40.508358001708984
Spherical Pores,16,6.5315775871276855,34.194061279296875,0.8690821525288475,34.5337028503418,0.47009965777397156,0.35269713401794434,40.175819396972656
Spherical Pores,17,9.868861198425293,34.48914337158203,0.8676944577010378,34.00893020629883,0.431245356798172,0.2660406231880188,40.44278335571289
Spherical Pores,18,8.761714935302734,35.65715408325195,0.8606012430532626,34.04410934448242,0.48900240659713745,0.3784271478652954,40.90576171875
Spherical Pores,19,5.501540184020996,35.4653434753418,0.8580448788788582,34.31770324707031,0.42889031767845154,0.3286598026752472,40.845699310302734
Spherical Pores,20,4.214404582977295,28.062633514404297,0.8990969206893136,38.46930694580078,0.6677063703536987,3.3887102603912354,42.6716194152832
Spherical Pores,21,4.07163143157959,26.859556198120117,0.9014521845247166,39.616455078125,0.7449365258216858,4.288763999938965,42.676902770996094
Spherical Pores,22,3.4842028617858887,24.396987915039062,0.9182306117344214,39.08488464355469,0.6520721316337585,4.526548385620117,42.09550476074219
Spherical Pores,23,1.8040677309036255,27.29300308227539,0.8989706210439737,38.536380767822266,0.7257158756256104,2.8145012855529785,42.18042755126953
Spherical Pores,24,22.12685203552246,40.757232666015625,0.8736034504223287,45.90478515625,0.6910948157310486,0.7402589917182922,50.2789192199707
Spherical Pores,25,24.970367431640625,39.4498405456543,0.879636028881069,45.831077575683594,0.8741278052330017,3.1393721103668213,50.576751708984375
Spherical Pores,26,22.14946174621582,39.68012237548828,0.8743577418594684,47.06640625,0.732138991355896,2.530245304107666,50.506778717041016
Spherical Pores,27,18.474285125732422,41.823143005371094,0.8634371611955028,47.21669006347656,0.7316349148750305,2.430927038192749,50.95720291137695
Spherical Pores,28,17.152711868286133,56.362545013427734,0.8076074141284534,38.043540954589844,0.6275665163993835,3.5516910552978516,49.11410140991211
Spherical Pores,29,14.626503944396973,53.15602493286133,0.8238414681943839,39.543766021728516,0.689823567867279,3.2169225215911865,49.39009094238281
Spherical Pores,30,20.8748836517334,51.65242385864258,0.8343458045356594,38.04643630981445,0.6125882267951965,5.890213966369629,48.588531494140625
Spherical Pores,31,23.66901397705078,55.80364227294922,0.8328474206660954,37.11537551879883,0.7201433777809143,5.0602192878723145,47.917110443115234
Spherical Pores,32,2.1111342906951904,19.211400985717773,0.9582117029423269,26.18619728088379,0.2702767252922058,2.7766873836517334,33.498470306396484
Spherical Pores,33,3.1242241859436035,19.58099937438965,0.9571445703342356,26.686168670654297,0.2587585151195526,2.7837018966674805,33.497894287109375
Spherical Pores,34,3.7745814323425293,19.58294105529785,0.9566318479331202,26.62425422668457,0.267535924911499,1.7857106924057007,33.46202850341797
Spherical Pores,35,3.445542097091675,18.84123420715332,0.9588228317764657,26.08611488342285,0.25476154685020447,2.1782209873199463,33.47566223144531
Spherical Pores,36,5.068025588989258,20.68280029296875,0.9535863638145562,28.27675437927246,0.3365721106529236,4.517598628997803,35.0791130065918
Spherical Pores,37,5.894828796386719,22.26071548461914,0.9466263781475516,28.557844161987305,0.27968767285346985,5.290388107299805,35.29922103881836
Spherical Pores,38,5.949355125427246,21.465892791748047,0.9517218512037204,28.32957649230957,0.3562091588973999,5.378708839416504,35.129608154296875
Spherical Pores,39,5.227949142456055,20.695783615112305,0.9545808485187129,28.38359832763672,0.26625052094459534,4.937744617462158,35.2132682800293
Spherical Pores,40,1.3746778964996338,16.65150260925293,0.9602796316329364,23.40245819091797,0.45779576897621155,0.17686255276203156,32.9894905090332
Spherical Pores,41,0.0344306156039238,17.09227752685547,0.9621738665465523,24.045215606689453,0.35711079835891724,0.6762204170227051,32.96985626220703
Spherical Pores,42,0.6351381540298462,16.890039443969727,0.9620200482227195,24.489810943603516,0.4313815236091614,0.08578270673751831,33.147098541259766
Spherical Pores,43,0.838272750377655,16.965530395507812,0.9591944262466535,23.886444091796875,0.3384231925010681,0.07965616136789322,33.13230895996094
Spherical Pores,44,0.9769655466079712,23.8114070892334,0.9437302512431899,23.978784561157227,0.31599482893943787,0.9525963664054871,35.02392578125
Spherical Pores,45,1.0205215215682983,23.248960494995117,0.9453830577930967,23.8061580657959,0.5240533947944641,0.1778210550546646,34.96834945678711
Spherical Pores,46,0.28522229194641113,22.85506248474121,0.9486883487915322,23.768274307250977,0.3326464891433716,1.4308663606643677,35.41541290283203
Spherical Pores,47,0.5287510752677917,23.690019607543945,0.9437923432483306,24.06965446472168,0.5268828272819519,0.3846159875392914,35.31590270996094
Spherical Pores,48,5.385854244232178,27.378965377807617,0.922721631721666,25.499561309814453,0.6578671932220459,1.4031147956848145,38.12942886352539
Spherical Pores,49,5.535362243652344,27.304428100585938,0.9175635393096829,24.554244995117188,0.3850575089454651,1.3396224975585938,37.83115768432617
Spherical Pores,50,9.158384323120117,27.715208053588867,0.9237463476180184,24.82001304626465,0.6866531372070312,0.44447779655456543,37.33019256591797
Spherical Pores,51,8.020270347595215,29.318769454956055,0.919372047900299,25.794240951538086,0.39643433690071106,2.2991132736206055,37.905517578125
Spherical Pores,52,8.242655754089355,20.328956604003906,0.9463737180001374,25.53843116760254,0.3744504749774933,3.255676031112671,38.35588073730469
Spherical Pores,53,12.33203125,19.642093658447266,0.9518028846581141,25.3984432220459,0.5193122625350952,3.313410997390747,37.9306755065918
Spherical Pores,54,8.733579635620117,21.70674705505371,0.9270752442907517,24.320476531982422,0.4049128293991089,4.370617866516113,38.13588333129883
Spherical Pores,55,10.444409370422363,21.1275691986084,0.9401357332121892,25.03995132446289,0.5116893649101257,2.472547769546509,38.29680633544922
Spherical Pores,56,18.50979232788086,30.840150833129883,0.9205932753086988,21.85991859436035,0.530656099319458,0.9004046320915222,35.71541976928711
Spherical Pores,57,21.33710479736328,32.460445404052734,0.9286942099216823,22.422443389892578,0.49525782465934753,1.7364088296890259,36.17483139038086
Spherical Pores,58,22.478214263916016,31.963930130004883,0.9361493069392048,22.105958938598633,0.5388696193695068,0.8046558499336243,35.9576530456543
Spherical Pores,59,19.10671043395996,29.93362808227539,0.9377179013271725,21.78011131286621,0.4899598956108093,0.39016836881637573,35.66389846801758
Spherical Pores,60,25.243337631225586,40.866477966308594,0.92250458254174,38.21562957763672,0.5753749012947083,0.029584571719169617,43.29627227783203
Spherical Pores,61,23.730857849121094,43.73869705200195,0.9146966105956704,36.59811019897461,0.7896353602409363,0.45359984040260315,43.65719223022461
Spherical Pores,62,22.20356559753418,43.643798828125,0.9027618427539084,37.803470611572266,0.5277395248413086,0.8805181384086609,43.741634368896484
Spherical Pores,63,25.416221618652344,44.245182037353516,0.9122024029516578,38.81949234008789,0.7890188097953796,0.6610661149024963,43.734458923339844
Spherical Pores,64,13.149827003479004,15.644368171691895,0.9775711796959463,17.971803665161133,0.21662534773349762,4.506618499755859,27.85544204711914
Spherical Pores,65,13.433024406433105,15.596928596496582,0.9783281914900627,18.08055305480957,0.2442491501569748,4.706599235534668,27.94549560546875
Spherical Pores,66,13.064908981323242,15.330774307250977,0.9794610411299087,17.955541610717773,0.21753302216529846,4.227351665496826,27.77569007873535
Spherical Pores,67,13.699402809143066,15.664689064025879,0.9795699891006155,17.970016479492188,0.2465362697839737,4.677140235900879,27.955223083496094
Spherical Pores,68,5.0011773109436035,14.572498321533203,0.9665085831236421,18.67131805419922,0.2297741174697876,4.0694966316223145,27.864524841308594
Spherical Pores,69,4.624203681945801,14.154176712036133,0.9673052593141099,18.78402328491211,0.23421740531921387,4.261415004730225,27.90414810180664
Spherical Pores,70,5.023399353027344,13.776679992675781,0.9695118753907771,18.705120086669922,0.23071151971817017,4.22704553604126,27.89530372619629
Spherical Pores,71,4.839043617248535,14.57221508026123,0.9660784813958888,18.685415267944336,0.22912690043449402,3.9251959323883057,27.897077560424805
Spherical Pores,72,21.214805603027344,23.333717346191406,0.9793610612597944,17.366016387939453,0.36942562460899353,2.096630811691284,27.08904457092285
Spherical Pores,73,21.291767120361328,23.292293548583984,0.9818102914959232,17.212602615356445,0.3671377897262573,1.8288297653198242,26.813400268554688
Spherical Pores,74,21.29757308959961,23.647216796875,0.9790072196108004,17.276079177856445,0.35668790340423584,2.0354387760162354,27.06960105895996
Spherical Pores,75,20.930410385131836,23.372133255004883,0.9782245204310387,17.404523849487305,0.36172398924827576,2.312241554260254,27.109628677368164
Spherical Pores,76,1.3641409873962402,11.921442031860352,0.9786770058384688,16.343276977539062,0.2934633791446686,0.37456294894218445,27.670604705810547
Spherical Pores,77,1.7525938749313354,11.941742897033691,0.9780849774658109,16.33660125732422,0.3031438887119293,0.07233555614948273,27.353864669799805
Spherical Pores,78,0.5112928748130798,12.07491683959961,0.9772996415586066,16.193580627441406,0.2952909767627716,0.41305142641067505,27.19478988647461
Spherical Pores,79,0.4582792818546295,11.127952575683594,0.9810082292405561,16.136220932006836,0.3229622542858124,0.7061219811439514,27.331575393676758
Spherical Pores,80,3.8750452995300293,10.775191307067871,0.9859413542929306,17.258636474609375,0.3476410508155823,2.4647269248962402,28.746719360351562
Spherical Pores,81,2.961989402770996,11.270265579223633,0.9836699886176749,17.1268253326416,0.2370956391096115,2.4118878841400146,29.08502769470215
Spherical Pores,82,2.4827382564544678,10.72340202331543,0.9843891855860109,17.051895141601562,0.3414749205112457,2.0419838428497314,28.353670120239258
Spherical Pores,83,3.6723251342773438,10.787625312805176,0.9851473602447649,17.384641647338867,0.23827163875102997,1.5659631490707397,28.181331634521484
Spherical Pores,84,0.5103272199630737,12.583453178405762,0.9771103694697623,16.61555290222168,0.3522976338863373,1.8660169839859009,28.154987335205078
Spherical Pores,85,0.7461360692977905,14.093307495117188,0.9723471044655568,16.484664916992188,0.45751363039016724,2.0127713680267334,28.38633918762207
Spherical Pores,86,0.4103158712387085,13.165419578552246,0.9752000518946816,16.542978286743164,0.35276612639427185,1.51923406124115,28.378231048583984
Spherical Pores,87,0.1418939232826233,13.086451530456543,0.976039729092108,16.59943389892578,0.4670833349227905,1.9918326139450073,28.227628707885742
Spherical Pores,88,2.133861780166626,11.974350929260254,0.9814168526328516,19.30343246459961,0.2842367887496948,1.3031491041183472,32.34281921386719
Spherical Pores,89,2.4517035484313965,11.203383445739746,0.9846736926512109,19.741884231567383,0.2707691490650177,1.921620488166809,32.4163703918457
Spherical Pores,90,2.414475679397583,11.737629890441895,0.9843355401438173,20.20885467529297,0.2800220251083374,1.4388128519058228,32.61552047729492
Spherical Pores,91,0.9159205555915833,10.658806800842285,0.9851247656244183,19.634435653686523,0.2708631455898285,1.3496241569519043,32.228763580322266
Spherical Pores,92,17.03790855407715,21.39547348022461,0.9753497181578522,15.910226821899414,0.4094875752925873,2.300631046295166,30.294937133789062
Spherical Pores,93,16.527299880981445,20.799758911132812,0.9755873605623291,15.818172454833984,0.5234715938568115,2.164259433746338,30.433151245117188
Spherical Pores,94,16.34855079650879,19.78078269958496,0.9780029506278338,15.452245712280273,0.3971562683582306,1.8390854597091675,30.11480140686035
Spherical Pores,95,18.310049057006836,21.327075958251953,0.9781989924638202,15.626021385192871,0.5386285781860352,2.333427667617798,30.08350372314453
Spherical Pores,96,4.7268242835998535,10.593029975891113,0.9833870544898877,12.494483947753906,0.22437579929828644,2.046295642852783,23.604732513427734
Spherical Pores,97,5.248733043670654,10.625065803527832,0.9843582894252664,12.510019302368164,0.2109217345714569,1.6819597482681274,23.446609497070312
Spherical Pores,98,5.29375696182251,10.786140441894531,0.9834313819830017,12.511551856994629,0.2294945865869522,1.8336238861083984,23.471446990966797
Spherical Pores,99,5.337646484375,10.857090950012207,0.9833692678242462,12.472538948059082,0.2116849720478058,2.028860569000244,23.68039321899414
Spherical Pores,100,5.659167289733887,10.20203685760498,0.9827165780196474,12.783624649047852,0.22506913542747498,1.368480920791626,23.75261116027832
Spherical Pores,101,6.216596603393555,10.487554550170898,0.9824858344281796,12.724531173706055,0.16533894836902618,1.5394541025161743,23.36616325378418
Spherical Pores,102,6.543295860290527,10.633275032043457,0.9819340912040546,12.840775489807129,0.22204913198947906,1.7138104438781738,23.594158172607422
Spherical Pores,103,5.604567050933838,10.070241928100586,0.9831082148917619,12.909107208251953,0.1685209721326828,1.4249740839004517,23.839488983154297
Spherical Pores,104,12.875397682189941,15.863524436950684,0.9806948635118804,11.674382209777832,0.39658790826797485,0.3590574860572815,23.012630462646484
Spherical Pores,105,11.86666488647461,14.724544525146484,0.9817528395956773,10.993023872375488,0.3765507936477661,0.12786151468753815,22.701147079467773
Spherical Pores,106,11.821657180786133,14.91324234008789,0.9817885386052541,10.860116004943848,0.3911151587963104,0.20396484434604645,22.790796279907227
Spherical Pores,107,12.327339172363281,15.675129890441895,0.9796719526405666,11.525650024414062,0.37684550881385803,0.28645214438438416,23.195178985595703
Spherical Pores,108,2.6070172786712646,9.368191719055176,0.9836464620661579,11.56014347076416,0.28328830003738403,0.8023464679718018,23.604473114013672
Spherical Pores,109,3.115948438644409,9.7096586227417,0.982681858773301,11.743968963623047,0.2287764698266983,0.872651994228363,23.474790573120117
Spherical Pores,110,3.5221009254455566,9.712493896484375,0.9831247239570308,11.737215042114258,0.28294700384140015,1.0395432710647583,23.588367462158203
Spherical Pores,111,3.8477110862731934,9.302644729614258,0.9840168822845433,11.608080863952637,0.22397583723068237,0.6860411167144775,23.68338966369629
Spherical Pores,112,5.943010330200195,15.554949760437012,0.9630136548942162,11.585728645324707,0.2533324956893921,2.577587127685547,25.615440368652344
Spherical Pores,113,5.780235290527344,14.496651649475098,0.967355163077345,11.261478424072266,0.29491788148880005,2.6440906524658203,25.513784408569336
Spherical Pores,114,4.361637592315674,13.500711441040039,0.9725270780686872,11.491971015930176,0.24054329097270966,2.223212480545044,26.146602630615234
Spherical Pores,115,6.17783260345459,15.13352108001709,0.9657723585576503,11.691162109375,0.29551753401756287,2.578723430633545,26.19285011291504
Spherical Pores,116,6.734188556671143,11.483552932739258,0.9815369795429422,10.833357810974121,0.3506016731262207,1.0968903303146362,23.4190673828125
Spherical Pores,117,7.39810037612915,11.908467292785645,0.9814513209068179,11.016464233398438,0.26262417435646057,1.1901187896728516,23.538572311401367
Spherical Pores,118,6.721320152282715,11.33887767791748,0.981246795224341,11.219584465026855,0.3458489775657654,1.5577161312103271,23.76190185546875
Spherical Pores,119,6.767662525177002,10.805794715881348,0.9840683180288159,11.001967430114746,0.2639385163784027,1.3403964042663574,23.38981056213379
Spherical Pores,120,3.268325090408325,8.90487003326416,0.9851418853823581,11.00890064239502,0.32728829979896545,1.1307930946350098,26.104612350463867
Spherical Pores,121,3.6197896003723145,8.440645217895508,0.9880961102615337,10.932141304016113,0.32484960556030273,1.3273388147354126,26.06925392150879
Spherical Pores,122,2.3864588737487793,8.56440258026123,0.9866319324393842,11.11926555633545,0.3238948881626129,1.265645146369934,26.146656036376953
Spherical Pores,123,2.80930495262146,9.325521469116211,0.9851665902427578,11.060162544250488,0.3241349756717682,0.890699028968811,25.981576919555664
Spherical Pores,124,10.443140029907227,13.4857177734375,0.9792847167319739,10.652267456054688,0.35487648844718933,1.5664803981781006,25.61126708984375
Spherical Pores,125,10.20004653930664,12.892618179321289,0.9798301300617769,10.65678596496582,0.21559803187847137,1.32559072971344,25.621313095092773
Spherical Pores,126,9.984554290771484,13.059660911560059,0.9809565466010706,10.934394836425781,0.3588581383228302,0.9878037571907043,25.113136291503906
Spherical Pores,127,9.99545669555664,13.246238708496094,0.980191576191579,10.908639907836914,0.1961546391248703,1.3313491344451904,25.513856887817383
Spherical Grains,0,17.546924591064453,30.380205154418945,0.9153906987514946,22.424903869628906,0.5719772577285767,0.05138643458485603,41.94465255737305
Spherical Grains,1,14.904767036437988,31.00019645690918,0.9060223741891303,22.36979103088379,0.9082427620887756,2.0364763736724854,41.64732360839844
Spherical Grains,2,15.466215133666992,27.99177360534668,0.9286171373515577,24.978055953979492,0.571053147315979,3.955191135406494,39.84184265136719
Spherical Grains,3,19.96454429626465,26.90399169921875,0.9422424428087706,24.714366912841797,0.8458694815635681,0.9036189913749695,39.74428176879883
Spherical Grains,4,27.71149444580078,27.853286743164062,0.9852223426945839,26.445161819458008,1.013140082359314,3.2801430225372314,38.88726806640625
Spherical Grains,5,22.502653121948242,23.738941192626953,0.9799531566035928,25.43069839477539,0.9050601124763489,1.5940059423446655,37.791481018066406
Spherical Grains,6,16.732271194458008,22.18742561340332,0.9794278333753443,25.363155364990234,0.9114379286766052,1.9840376377105713,38.83462142944336
Spherical Grains,7,22.938779830932617,23.865089416503906,0.9796214935577643,25.580928802490234,0.9152694940567017,3.4644455909729004,39.32347106933594
Spherical Grains,8,15.862399101257324,29.468122482299805,0.9489362128851426,22.090421676635742,0.9082901477813721,1.7092758417129517,43.3346061706543
Spherical Grains,9,19.762975692749023,32.84102249145508,0.9463103004642158,22.235170364379883,0.45424818992614746,4.244953155517578,44.047874450683594
Spherical Grains,10,15.25033187866211,28.82023048400879,0.9397522641328068,22.542448043823242,0.9294619560241699,0.7995327115058899,44.530513763427734
Spherical Grains,11,15.518475532531738,28.743986129760742,0.9541052895439469,23.034006118774414,0.4591686725616455,0.7569220662117004,44.02529525756836
Spherical Grains,12,6.087380409240723,45.36394119262695,0.9106133048511327,34.566219329833984,0.7067881226539612,5.679070472717285,50.55170440673828
Spherical Grains,13,14.32278060913086,48.54794692993164,0.9160011178295767,34.11846923828125,0.9803120493888855,4.569400310516357,50.661006927490234
Spherical Grains,14,17.86248207092285,49.29054260253906,0.9117186227798144,32.59136962890625,0.7738655805587769,5.886883735656738,48.57866668701172
Spherical Grains,15,10.772417068481445,48.823875427246094,0.9077883662624215,33.13542556762695,0.8656302690505981,7.376763343811035,49.7704963684082
Spherical Grains,16,66.79745483398438,77.12676239013672,0.8018175693672729,26.022937774658203,0.8972460627555847,13.392647743225098,47.613059997558594
Spherical Grains,17,59.71684265136719,69.8620376586914,0.8073508498188326,26.751588821411133,0.8725650906562805,9.729960441589355,47.24065399169922
Spherical Grains,18,77.9466781616211,88.3651351928711,0.7962071932491929,27.005067825317383,1.0690102577209473,10.14320182800293,46.80585861206055
Spherical Grains,19,83.32162475585938,92.53547668457031,0.8147367452957953,27.91474151611328,1.0439224243164062,12.225173950195312,46.53957748413086
Spherical Grains,20,26.84872055053711,30.678058624267578,0.9241454717991737,15.369624137878418,0.3983910083770752,0.07572384923696518,37.350242614746094
Spherical Grains,21,27.545141220092773,30.11821937561035,0.9177247903369675,14.30042552947998,0.4214591681957245,0.6237175464630127,37.206382751464844
Spherical Grains,22,28.101255416870117,30.981090545654297,0.936596517760412,13.779153823852539,0.3801426589488983,0.3454580307006836,36.95073699951172
Spherical Grains,23,27.89344596862793,30.945453643798828,0.9396150486051674,14.934455871582031,0.4652537405490875,0.0651116743683815,37.40619659423828
Spherical Grains,24,1077.35595703125,1123.3245849609375,0.09659021980163662,33.63113021850586,10.905101776123047,0.9679051041603088,48.41035461425781
Spherical Grains,25,1163.998779296875,1350.5316162109375,0.1317806609444892,35.59815979003906,11.733267784118652,0.07681183516979218,48.46378707885742
Spherical Grains,26,1103.106201171875,1283.725341796875,0.16206565938083778,38.54887390136719,11.07539176940918,0.9402832388877869,48.80773162841797
Spherical Grains,27,1040.169189453125,1094.917724609375,0.11063008482262658,35.7817497253418,10.293780326843262,1.717902660369873,49.56978988647461
Spherical Grains,28,61.50776672363281,28.10284996032715,0.7898805703203668,35.96836853027344,1.2114472389221191,5.0636186599731445,56.77515411376953
Spherical Grains,29,57.35979461669922,33.632423400878906,0.7697221697603571,36.49803161621094,0.7266216278076172,4.210812568664551,56.207027435302734
Spherical Grains,30,64.45774841308594,31.591739654541016,0.7919206017154222,36.3175163269043,1.2587190866470337,7.055516719818115,56.75758743286133
Spherical Grains,31,73.79489135742188,33.97721481323242,0.824080767948929,35.29582595825195,1.0015078783035278,9.786585807800293,56.08607864379883
Spherical Grains,32,43.481056213378906,65.74211883544922,0.8406654292699092,30.982595443725586,0.9506143927574158,7.553699970245361,49.04021072387695
Spherical Grains,33,53.99068069458008,81.3823013305664,0.7946479211998547,30.262624740600586,1.4079393148422241,6.361547470092773,48.61029815673828
Spherical Grains,34,61.84400177001953,90.52677154541016,0.785954780407457,30.77562713623047,1.1443827152252197,3.9153831005096436,48.34408950805664
Spherical Grains,35,59.09755325317383,82.29792022705078,0.8218094364174025,30.908336639404297,1.452618956565857,2.8038394451141357,49.0104866027832
Spherical Grains,36,2.374765396118164,38.66340255737305,0.9108599571692237,30.983949661254883,0.3444366157054901,6.698762893676758,48.72719192504883
Spherical Grains,37,2.5341997146606445,38.20969009399414,0.914753613712418,32.958675384521484,0.5425737500190735,6.834676265716553,49.255523681640625
Spherical Grains,38,1.9373003244400024,40.19082260131836,0.9168024514143674,31.152986526489258,0.4182892143726349,1.420275330543518,49.162906646728516
Spherical Grains,39,0.9084593057632446,44.836334228515625,0.8891223008114846,30.482585906982422,0.541069746017456,1.3911771774291992,49.05097198486328
Spherical Grains,40,15.230652809143066,24.573394775390625,0.9539432808979943,17.913543701171875,0.5161895751953125,0.03466419503092766,40.6787109375
Spherical Grains,41,11.835673332214355,20.765701293945312,0.960174788294935,19.925832748413086,0.7788565754890442,2.9816720485687256,40.83399963378906
Spherical Grains,42,12.870552062988281,20.179397583007812,0.9627397008994156,19.421907424926758,0.5506919026374817,2.828258752822876,41.385929107666016
Spherical Grains,43,14.957955360412598,22.683212280273438,0.9564669691494823,18.58913230895996,0.7239536643028259,0.29159924387931824,41.06517028808594
Spherical Grains,44,61.99583435058594,60.699737548828125,0.9387928223837613,20.022382736206055,0.7502737045288086,2.8684792518615723,38.75722885131836
Spherical Grains,45,63.008872985839844,61.22651672363281,0.9571483665110204,19.980932235717773,0.772315502166748,2.8217852115631104,38.864620208740234
Spherical Grains,46,52.26872634887695,50.243797302246094,0.948805704321668,18.802074432373047,0.7006346583366394,1.3394619226455688,38.02722930908203
Spherical Grains,47,55.12035369873047,54.252315521240234,0.9290009678107052,18.983003616333008,0.7484592199325562,0.42948341369628906,38.31935119628906
Spherical Grains,48,2.974771499633789,17.21396827697754,0.9636024324957323,21.993694305419922,1.0612486600875854,0.9137507677078247,42.177162170410156
Spherical Grains,49,9.247928619384766,18.420745849609375,0.9589441600739311,21.276552200317383,0.5449033379554749,1.4700121879577637,41.75800704956055
Spherical Grains,50,4.034891605377197,14.984329223632812,0.9650202821983422,21.8858585357666,1.0950357913970947,1.723525881767273,42.637474060058594
Spherical Grains,51,3.702666759490967,17.99538230895996,0.9585200255474087,21.720848083496094,0.6587009429931641,2.407648801803589,42.35011291503906
Spherical Grains,52,0.6365365386009216,19.572031021118164,0.9579399696166764,21.065895080566406,0.48475414514541626,0.2662152051925659,40.542964935302734
Spherical Grains,53,2.0467371940612793,17.77948570251465,0.9675604590173152,20.2654972076416,0.6313274502754211,0.7544315457344055,40.49764633178711
Spherical Grains,54,2.6019206047058105,17.426498413085938,0.966532208864148,18.599411010742188,0.49518024921417236,0.24754485487937927,39.9229621887207
Spherical Grains,55,0.7287728190422058,19.209150314331055,0.9591015991419736,19.025066375732422,0.603794276714325,1.8219356536865234,39.91344451904297
Spherical Grains,56,8.325908660888672,19.021224975585938,0.9596182489989442,18.580657958984375,0.4071541428565979,0.20321881771087646,39.03282928466797
Spherical Grains,57,4.324742794036865,20.079627990722656,0.9472885035424385,19.21617317199707,0.7189757227897644,0.23307812213897705,40.98318099975586
Spherical Grains,58,1.27671217918396,22.292245864868164,0.9362648072954594,19.186979293823242,0.4268300533294678,1.111173391342163,41.02660369873047
Spherical Grains,59,4.413245677947998,19.845155715942383,0.9488943837315688,19.013980865478516,0.7091249227523804,1.653042197227478,39.1673469543457
Spherical Grains,60,252.36474609375,54.75883483886719,0.2969650267113996,37.500938415527344,2.6620683670043945,1.3059446811676025,52.00980758666992
Spherical Grains,61,221.77687072753906,46.76438522338867,0.3128322720984994,40.86129379272461,2.734248161315918,4.801318168640137,52.630584716796875
Spherical Grains,62,242.24461364746094,51.090904235839844,0.2779805020609657,40.058753967285156,2.613163948059082,0.13158975541591644,53.61151885986328
Spherical Grains,63,246.16664123535156,56.127471923828125,0.3269884236089713,37.37397003173828,2.988840103149414,0.8205282688140869,53.46287536621094
Spherical Grains,64,36.23677444458008,37.065372467041016,0.9608639685839494,15.63522720336914,0.6221498847007751,0.30515316128730774,35.454532623291016
Spherical Grains,65,43.88585662841797,45.4516716003418,0.9457437997133956,15.73515796661377,0.7539654970169067,4.766536712646484,36.056697845458984
Spherical Grains,66,44.74009704589844,47.73450469970703,0.9383610225317806,16.30853271484375,0.7975569367408752,4.581060886383057,36.97991180419922
Spherical Grains,67,41.474796295166016,42.95140838623047,0.9480066764270946,16.05729103088379,0.6639313101768494,1.4592008590698242,36.275238037109375
Spherical Grains,68,21.587024688720703,25.006025314331055,0.9569296875729499,17.298654556274414,0.5089609026908875,1.2999522686004639,33.78506851196289
Spherical Grains,69,22.957502365112305,26.33279800415039,0.9624998147275031,17.653886795043945,0.4092617928981781,2.8798375129699707,34.171531677246094
Spherical Grains,70,23.88017463684082,26.118167877197266,0.9629795182571146,17.08218765258789,0.4982779324054718,2.497424364089966,33.96674728393555
Spherical Grains,71,24.3402156829834,27.381454467773438,0.9616861672710665,16.703224182128906,0.42223241925239563,2.2021942138671875,33.402313232421875
Spherical Grains,72,26.803558349609375,32.60633087158203,0.9301281280144297,20.388120651245117,0.492763876914978,0.22742408514022827,39.93305587768555
Spherical Grains,73,28.90320587158203,34.599220275878906,0.9172995430043427,20.098777770996094,0.6473734974861145,2.2813239097595215,39.33494186401367
Spherical Grains,74,24.719852447509766,30.718717575073242,0.9405453129782475,20.711563110351562,0.4698779284954071,2.8287928104400635,39.6524772644043
Spherical Grains,75,27.013599395751953,31.784408569335938,0.9360332453126066,20.284372329711914,0.6621924638748169,1.411975622177124,39.847320556640625
Spherical Grains,76,23.84667205810547,24.5044002532959,0.9816807928189758,16.766794204711914,0.37338680028915405,1.514237880706787,34.40329360961914
Spherical Grains,77,22.75962257385254,23.976301193237305,0.9745335283466261,16.043203353881836,0.6229336261749268,1.7153388261795044,33.70866394042969
Spherical Grains,78,22.621017456054688,23.7716121673584,0.9769967629867331,16.7615966796875,0.36133211851119995,2.8041365146636963,34.56326675415039
Spherical Grains,79,22.23162841796875,23.221242904663086,0.9825432792673167,16.458751678466797,0.623370349407196,1.4430207014083862,34.27903366088867
Spherical Grains,80,35.022518157958984,35.475250244140625,0.9068653875846494,18.4761905670166,0.6906158328056335,4.109973430633545,40.38986587524414
Spherical Grains,81,31.00469970703125,31.699142456054688,0.9182870151778003,19.073104858398438,0.6218461394309998,3.3411166667938232,39.91457748413086
Spherical Grains,82,35.431217193603516,37.07413101196289,0.9128406890266517,20.085514068603516,0.6813598871231079,3.6396379470825195,40.64934539794922
Spherical Grains,83,38.04716873168945,38.86975860595703,0.9168511154179406,18.780487060546875,0.6001051068305969,3.306903600692749,40.53868103027344
Spherical Grains,84,7.606592655181885,31.448104858398438,0.9320702208104655,27.07178497314453,0.5555295348167419,3.719191789627075,50.6711540222168
Spherical Grains,85,3.7949533462524414,35.45756912231445,0.90785871674681,27.35198211669922,0.9327195882797241,3.1472575664520264,51.06003952026367
Spherical Grains,86,0.2709029018878937,33.2613639831543,0.9274283970478331,26.973207473754883,0.6322879791259766,0.8983481526374817,50.61942672729492
Spherical Grains,87,3.375450611114502,30.3555965423584,0.9364944401820144,26.579967498779297,0.9546381235122681,1.6379234790802002,50.78290557861328
Spherical Grains,88,17.583932876586914,26.76473617553711,0.9584162487791767,23.852449417114258,0.7420057058334351,3.2314059734344482,44.22922134399414
Spherical Grains,89,19.495664596557617,28.869295120239258,0.9524029373553607,22.786767959594727,0.8784632682800293,4.4315266609191895,44.819644927978516
Spherical Grains,90,18.38869285583496,27.53432846069336,0.9645361706237663,23.621370315551758,0.7521910071372986,0.936475396156311,44.22703552246094
Spherical Grains,91,16.749258041381836,27.653636932373047,0.9567394691785885,23.842599868774414,0.9040112495422363,0.14849352836608887,44.06968307495117
Spherical Grains,92,18.44324493408203,27.76178550720215,0.9529031895945653,17.52628517150879,0.45221349596977234,3.6103038787841797,40.57682800292969
Spherical Grains,93,12.721654891967773,25.890064239501953,0.9428059508255917,17.28077507019043,0.8125266432762146,3.925480842590332,41.087120056152344
Spherical Grains,94,11.382387161254883,25.854568481445312,0.9470172118631761,17.592927932739258,0.3791593909263611,5.337812423706055,40.05990982055664
Spherical Grains,95,14.880032539367676,25.602231979370117,0.9490878280920209,18.232181549072266,0.8695558905601501,5.868220806121826,40.393245697021484
Spherical Grains,96,18.30902671813965,22.7569522857666,0.9779983675003003,14.785703659057617,0.6728454232215881,0.43740808963775635,31.895343780517578
Spherical Grains,97,16.967304229736328,23.3970947265625,0.9741818701639148,14.55246353149414,0.44057929515838623,0.2746620774269104,32.02165603637695
Spherical Grains,98,19.13951301574707,23.68585968017578,0.9767493039617947,14.661389350891113,0.6572511792182922,0.33933088183403015,32.02215576171875
Spherical Grains,99,18.287744522094727,22.66750717163086,0.9783332170352707,14.546433448791504,0.4669165313243866,0.5464118123054504,31.520118713378906
Spherical Grains,100,15.793076515197754,19.322206497192383,0.9849403979905806,16.527841567993164,0.5423702001571655,4.214803695678711,34.27481460571289
Spherical Grains,101,14.679816246032715,18.755809783935547,0.9815872440711427,16.39817237854004,0.4224654734134674,1.853541374206543,33.95409393310547
Spherical Grains,102,12.874757766723633,17.132640838623047,0.9836312881963502,16.025617599487305,0.5868496298789978,0.2707046568393707,33.484779357910156
Spherical Grains,103,12.435707092285156,15.903295516967773,0.9861607773488178,15.824457168579102,0.4268759489059448,1.355757236480713,33.797996520996094
Spherical Grains,104,14.482194900512695,22.416851043701172,0.9546884760292498,13.698878288269043,0.5156465172767639,2.021737575531006,31.732641220092773
Spherical Grains,105,13.88059139251709,20.178966522216797,0.9664830355711849,13.5628080368042,0.61820387840271,1.9324687719345093,32.65193557739258
Spherical Grains,106,15.605114936828613,20.820091247558594,0.969274166708765,14.126930236816406,0.5329317450523376,1.452785611152649,32.43988037109375
Spherical Grains,107,16.482404708862305,23.435808181762695,0.9566446340724033,13.978537559509277,0.6414247155189514,1.2659772634506226,31.884353637695312
Spherical Grains,108,27.261493682861328,31.731008529663086,0.9468953462697136,13.063326835632324,0.5602953433990479,0.7917867302894592,32.96894454956055
Spherical Grains,109,27.706775665283203,33.135581970214844,0.9345447449762097,12.855374336242676,0.3742522597312927,0.09682038426399231,32.98773193359375
Spherical Grains,110,27.34772300720215,33.38200378417969,0.9323441930121728,12.892755508422852,0.5801798105239868,0.7900360822677612,33.050045013427734
Spherical Grains,111,25.8234806060791,31.80657386779785,0.9446346130497811,13.520938873291016,0.35417547821998596,1.8428528308868408,33.60649108886719
Spherical Grains,112,6.0553483963012695,15.91088581085205,0.9603600191993406,13.885690689086914,0.5368552207946777,0.2118958979845047,33.357200622558594
Spherical Grains,113,6.144449234008789,15.013786315917969,0.9588004081090942,13.901520729064941,0.5965409278869629,1.262200117111206,33.74281692504883
Spherical Grains,114,6.452543258666992,15.240433692932129,0.9648770147513344,13.951532363891602,0.5518407225608826,1.2606470584869385,33.45632553100586
Spherical Grains,115,5.506374359130859,15.78703784942627,0.9632535136854483,14.263314247131348,0.6128715872764587,0.26696717739105225,33.87725067138672
Spherical Grains,116,2.6911799907684326,17.257360458374023,0.9629487061471318,15.106856346130371,0.6157110929489136,1.5932427644729614,35.94687271118164
Spherical Grains,117,5.282833576202393,17.713516235351562,0.9654931362415671,15.60443115234375,0.6550548672676086,1.866745948791504,35.42729949951172
Spherical Grains,118,1.9974313974380493,18.403072357177734,0.9580904250012812,14.723270416259766,0.6139450073242188,0.6142479777336121,35.03290939331055
Spherical Grains,119,0.041518684476614,19.51756477355957,0.9520105641033534,14.445087432861328,0.6004159450531006,0.6503650546073914,35.68123245239258
Spherical Grains,120,28.990333557128906,35.14754867553711,0.9412888514794757,15.133246421813965,0.6696454286575317,0.4046318829059601,39.435882568359375
Spherical Grains,121,25.23665428161621,33.382137298583984,0.9493352705524543,15.740373611450195,0.49393171072006226,0.7444432973861694,38.403499603271484
Spherical Grains,122,22.639245986938477,30.205278396606445,0.9418421204719017,15.41021728515625,0.6098070740699768,1.5643061399459839,38.498844146728516
Spherical Grains,123,22.549118041992188,30.98052215576172,0.9512796434788824,15.115363121032715,0.49361610412597656,2.370889902114868,38.63414764404297
Spherical Grains,124,3.05623197555542,20.834583282470703,0.9412008908457867,14.672502517700195,0.4328186810016632,1.9235105514526367,37.275291442871094
Spherical Grains,125,5.283814430236816,19.632312774658203,0.9564060375532514,14.452887535095215,0.5802037119865417,3.372999668121338,37.576045989990234
Spherical Grains,126,1.799001932144165,18.342588424682617,0.9542383228794817,14.782764434814453,0.4565715491771698,3.622375965118408,37.61074447631836
Spherical Grains,127,0.18346412479877472,20.779081344604492,0.9424975877284091,14.72850513458252,0.5621759295463562,2.682088613510132,37.536624908447266
Cylindrical Pores,0,49.397247314453125,50.91353988647461,0.9455121423409727,34.9908561706543,0.6713889241218567,4.16238260269165,40.00188064575195
Cylindrical Pores,1,47.446842193603516,48.86252975463867,0.9212686892052983,34.05400848388672,0.45225873589515686,4.25258207321167,40.43397903442383
Cylindrical Pores,2,49.34960174560547,50.83675003051758,0.9321251227781553,33.48291778564453,0.6918013691902161,2.827345848083496,40.197601318359375
Cylindrical Pores,3,48.78166198730469,50.39033126831055,0.9499157195457021,34.3448371887207,0.46042943000793457,5.579929351806641,39.7958869934082
Cylindrical Pores,4,22.56159019470215,43.65972900390625,0.8627604176538699,41.7033576965332,0.4912290871143341,12.489503860473633,39.82251739501953
Cylindrical Pores,5,22.29180335998535,44.345767974853516,0.8500334998280983,42.85593795776367,0.48254257440567017,7.271302700042725,41.35747146606445
Cylindrical Pores,6,22.408281326293945,44.1190299987793,0.8550250243024627,45.92125701904297,0.44332873821258545,9.256841659545898,40.35828399658203
Cylindrical Pores,7,24.462810516357422,47.908382415771484,0.8158141603308354,44.790618896484375,0.5214715003967285,11.678153991699219,40.76378631591797
Cylindrical Pores,8,19.881145477294922,33.5589714050293,0.9138968395944285,53.45233154296875,0.9083810448646545,7.907505989074707,50.8028564453125
Cylindrical Pores,9,20.90052604675293,36.47526168823242,0.9065082730691224,53.15396499633789,0.8205826282501221,7.424450397491455,51.61906433105469
Cylindrical Pores,10,19.588167190551758,36.881622314453125,0.8981583478294136,54.331024169921875,0.9018269777297974,9.094606399536133,52.59233474731445
Cylindrical Pores,11,13.93110466003418,39.75692367553711,0.8651353034848841,54.419044494628906,0.9008143544197083,9.445096969604492,52.93498611450195
Cylindrical Pores,12,25.6760196685791,38.376426696777344,0.9027323708216772,49.11262512207031,0.8876248598098755,7.482881546020508,53.22977828979492
Cylindrical Pores,13,19.824138641357422,35.019256591796875,0.912194211747721,50.26810836791992,0.6150436997413635,8.801816940307617,53.413883209228516
Cylindrical Pores,14,24.68376350402832,38.578487396240234,0.8962578901970627,49.46871566772461,0.8720622062683105,6.600348472595215,53.9180793762207
Cylindrical Pores,15,29.38937759399414,39.1704216003418,0.90841764685136,49.142398834228516,0.5636441707611084,5.403375625610352,53.49041748046875
Cylindrical Pores,16,33.63733673095703,55.921730041503906,0.8335165056332159,73.36505889892578,0.5233654975891113,14.025253295898438,54.7786979675293
Cylindrical Pores,17,40.18247604370117,61.069053649902344,0.7955674211817513,71.6863021850586,0.5435486435890198,15.585095405578613,54.70599365234375
Cylindrical Pores,18,35.94755935668945,57.33540344238281,0.8167884330110126,71.11295318603516,0.5429403185844421,6.662441730499268,54.01694869995117
Cylindrical Pores,19,28.694995880126953,52.86983871459961,0.8199982065757224,73.05950164794922,0.5380123257637024,5.243256092071533,53.974884033203125
Cylindrical Pores,20,29.43491554260254,36.19185256958008,0.9299468903572679,56.88059997558594,0.5924345850944519,12.523428916931152,51.44092559814453
Cylindrical Pores,21,35.638084411621094,40.798587799072266,0.9257425818498242,54.47125244140625,0.4972602427005768,11.013330459594727,51.69601058959961
Cylindrical Pores,22,35.859275817871094,40.219268798828125,0.9092752600732482,51.449127197265625,0.5447039008140564,11.678768157958984,52.440582275390625
Cylindrical Pores,23,32.149845123291016,38.84404373168945,0.9178589792140724,55.26280975341797,0.5828521847724915,12.957505226135254,51.3414306640625
Cylindrical Pores,24,58.54027557373047,57.764312744140625,0.9179825299338751,39.78218460083008,0.5823966264724731,7.887463569641113,45.199825286865234
Cylindrical Pores,25,56.72977828979492,56.28657150268555,0.9386019225662148,39.07603454589844,0.5634511113166809,8.080926895141602,44.76433181762695
Cylindrical Pores,26,58.68624496459961,58.07150650024414,0.9341443639701095,41.39817428588867,0.5790719985961914,6.598526477813721,44.45201873779297
Cylindrical Pores,27,60.16959762573242,59.6888427734375,0.9210168963674567,42.47552490234375,0.5764334797859192,6.023045063018799,45.91297149658203
Cylindrical Pores,28,20.620365142822266,34.611236572265625,0.8657668065753443,40.05617141723633,0.9135075807571411,4.829590320587158,46.22066879272461
Cylindrical Pores,29,15.771506309509277,35.088260650634766,0.8455087784351939,41.92152786254883,0.5737782716751099,5.022777557373047,47.02561569213867
Cylindrical Pores,30,21.771833419799805,41.09381103515625,0.8386015533027454,46.09564208984375,0.9790184497833252,5.127132892608643,47.183067321777344
Cylindrical Pores,31,23.623016357421875,31.05779457092285,0.9010256508418873,43.871612548828125,0.5813420414924622,4.050669193267822,46.127952575683594
Cylindrical Pores,32,21.8133544921875,51.915802001953125,0.9187699621106183,47.652835845947266,0.7599990367889404,9.458390235900879,49.426387786865234
Cylindrical Pores,33,22.665616989135742,53.010032653808594,0.9089765904299669,47.75373458862305,0.7112009525299072,5.8977370262146,49.92548370361328
Cylindrical Pores,34,25.220346450805664,54.15635681152344,0.9102889607652743,43.20524978637695,0.7116174101829529,6.429399490356445,49.1750602722168
Cylindrical Pores,35,22.60744857788086,54.23247528076172,0.8958281929549298,43.14082717895508,0.7021104693412781,8.872328758239746,49.87284469604492
Cylindrical Pores,36,35.65631103515625,39.747127532958984,0.8986049831510402,37.71860122680664,0.4866220951080322,5.433845520019531,47.633644104003906
Cylindrical Pores,37,36.030982971191406,39.59280014038086,0.8913762973845023,38.01066589355469,0.4856988489627838,4.174194812774658,46.269554138183594
Cylindrical Pores,38,37.68397521972656,42.35968780517578,0.9106825116652008,36.58335494995117,0.43381431698799133,4.025939464569092,45.642818450927734
Cylindrical Pores,39,36.51515197753906,41.405277252197266,0.9189262200809751,36.921566009521484,0.5029085874557495,5.056604862213135,46.37263107299805
Cylindrical Pores,40,183.39601135253906,28.656911849975586,0.5098110692584501,35.4189338684082,1.7831413745880127,9.829110145568848,52.91950607299805
Cylindrical Pores,41,206.66246032714844,21.719135284423828,0.5316847936077453,34.68062973022461,2.0109307765960693,5.055783748626709,52.725738525390625
Cylindrical Pores,42,186.78933715820312,28.951467514038086,0.5141140705627478,33.0533332824707,1.8249950408935547,8.211569786071777,53.24509811401367
Cylindrical Pores,43,190.13438415527344,28.371061325073242,0.4561378007155456,33.41587448120117,1.8011722564697266,8.684377670288086,53.53818130493164
Cylindrical Pores,44,28.56711196899414,50.18240737915039,0.8475424144613901,65.55498504638672,0.5580223798751831,9.598857879638672,54.76937484741211
Cylindrical Pores,45,28.547203063964844,49.48623275756836,0.8744898585741314,65.5101318359375,0.4900709390640259,0.9290703535079956,54.22865676879883
Cylindrical Pores,46,29.284021377563477,49.83514404296875,0.8764528017974784,66.84982299804688,0.5591723918914795,2.56992506980896,54.61347579956055
Cylindrical Pores,47,27.604705810546875,52.27781295776367,0.8265701188877863,67.36351776123047,0.5567571520805359,7.142833709716797,55.43795394897461
Cylindrical Pores,48,18.012231826782227,43.6259880065918,0.8058582468952572,37.849430084228516,0.5050088167190552,17.868446350097656,43.40043640136719
Cylindrical Pores,49,24.240718841552734,41.949310302734375,0.8100403273276987,40.3659553527832,0.4207872748374939,19.108421325683594,44.34638595581055
Cylindrical Pores,50,21.837045669555664,43.716182708740234,0.79589682189959,41.65422821044922,0.49811843037605286,21.58446502685547,44.25859832763672
Cylindrical Pores,51,19.32596778869629,45.672420501708984,0.7731212102158432,39.012210845947266,0.43047696352005005,18.183467864990234,43.629947662353516
Cylindrical Pores,52,5.204095363616943,44.6807746887207,0.8066727688211179,36.47633743286133,0.611906111240387,4.707408905029297,42.129173278808594
Cylindrical Pores,53,1.9856336116790771,45.2783203125,0.8008075672667755,39.27678680419922,0.40269890427589417,3.9054105281829834,42.44944381713867
Cylindrical Pores,54,2.418858051300049,41.9713134765625,0.8299677596608879,39.213260650634766,0.5827034115791321,4.042252540588379,42.89969253540039
Cylindrical Pores,55,2.9628028869628906,42.56972885131836,0.8373304589377746,38.16392135620117,0.3698228895664215,3.1406009197235107,42.6156005859375
Cylindrical Pores,56,19.346040725708008,26.535390853881836,0.924293849454931,27.930492401123047,0.5949546098709106,2.4799606800079346,41.21453857421875
Cylindrical Pores,57,17.174802780151367,25.939722061157227,0.9208775435943287,29.116064071655273,0.2681735157966614,2.094557046890259,41.942562103271484
Cylindrical Pores,58,16.969762802124023,25.747617721557617,0.9134317813488151,29.63753890991211,0.6280917525291443,1.1139764785766602,41.076194763183594
Cylindrical Pores,59,19.226856231689453,26.959611892700195,0.9094314242668087,28.713727951049805,0.2964757978916168,1.8168394565582275,40.52878189086914
Cylindrical Pores,60,47.481075286865234,47.681949615478516,0.9484774608319154,22.087980270385742,0.514009416103363,4.050232410430908,37.65425109863281
Cylindrical Pores,61,50.5467529296875,50.83051681518555,0.9471166459968341,22.570112228393555,0.5090857744216919,2.4734396934509277,38.480079650878906
Cylindrical Pores,62,51.3134651184082,51.128334045410156,0.9471994643111382,23.202035903930664,0.5508013963699341,1.8144041299819946,39.58141326904297
Cylindrical Pores,63,46.66246032714844,46.38419723510742,0.9489469813695022,21.978147506713867,0.48786795139312744,4.3629584312438965,37.89288330078125
Cylindrical Pores,64,5.046895980834961,33.320274353027344,0.9055478507934321,34.313411712646484,0.764007031917572,0.2723342180252075,56.447078704833984
Cylindrical Pores,65,21.5820255279541,39.27057647705078,0.8454832552628364,33.86067581176758,1.0047813653945923,1.218013882637024,56.27409362792969
Cylindrical Pores,66,10.462231636047363,38.30270004272461,0.8521142442772037,36.303794860839844,0.8631938099861145,2.532963752746582,57.126102447509766
Cylindrical Pores,67,14.060705184936523,34.94136428833008,0.880500522663097,35.66197967529297,0.9875626564025879,0.28339684009552,57.67363357543945
Cylindrical Pores,68,17.726974487304688,42.064781188964844,0.8756781299446735,45.13020706176758,0.6535428166389465,7.860184192657471,54.537391662597656
Cylindrical Pores,69,18.71219253540039,48.1757926940918,0.8354141425892301,45.36898422241211,0.5724939107894897,5.15345573425293,54.34233093261719
Cylindrical Pores,70,20.207027435302734,46.58168411254883,0.8564091253902212,46.822486877441406,0.6319929957389832,5.800732612609863,55.704811096191406
Cylindrical Pores,71,24.209877014160156,43.88005065917969,0.8900785588758728,47.12883758544922,0.5857482552528381,7.854498386383057,55.792327880859375
Cylindrical Pores,72,27.184814453125,28.341068267822266,0.957596691146917,20.710758209228516,0.5670706629753113,2.8200926780700684,39.58858108520508
Cylindrical Pores,73,27.383983612060547,28.810352325439453,0.9606763775911498,20.439281463623047,0.4348369538784027,2.931157350540161,39.91798782348633
Cylindrical Pores,74,28.648094177246094,30.148786544799805,0.9519219144405612,21.092029571533203,0.5915883779525757,3.3781824111938477,40.97728729248047
Cylindrical Pores,75,30.591583251953125,32.21985626220703,0.949310415222332,21.079193115234375,0.42404940724372864,2.6876955032348633,40.02609634399414
Cylindrical Pores,76,36.26734924316406,39.10430145263672,0.9457848614985322,19.418664932250977,0.4086322784423828,0.6278482675552368,36.08417892456055
Cylindrical Pores,77,35.02882385253906,37.37196731567383,0.9526125782982334,19.18912696838379,0.3559351861476898,1.1722378730773926,36.91507339477539
Cylindrical Pores,78,36.438968658447266,38.1661376953125,0.9551969903567668,19.240394592285156,0.3928513526916504,1.9974932670593262,36.370384216308594
Cylindrical Pores,79,35.727256774902344,38.096885681152344,0.9475168244386557,18.943954467773438,0.36687248945236206,1.2743295431137085,35.59391403198242
Cylindrical Pores,80,30.76585578918457,30.805683135986328,0.9298521326869016,17.238704681396484,0.44247686862945557,5.169961929321289,38.975032806396484
Cylindrical Pores,81,30.759016036987305,30.44025230407715,0.9461065425187775,16.42589569091797,0.5490567684173584,4.281638145446777,38.18885040283203
Cylindrical Pores,82,31.44330406188965,30.522857666015625,0.9450473479640441,16.07135581970215,0.4587401747703552,3.1977663040161133,37.992515563964844
Cylindrical Pores,83,29.759931564331055,29.838863372802734,0.9375577735436074,16.854137420654297,0.5656821727752686,4.433290481567383,38.80891418457031
Cylindrical Pores,84,48.44562911987305,48.26155471801758,0.9343546211120457,21.363903045654297,0.4809960424900055,0.6667197942733765,42.526275634765625
Cylindrical Pores,85,50.31537628173828,50.579139709472656,0.9246595252008555,21.783252716064453,0.5042377710342407,0.218672513961792,42.13650894165039
Cylindrical Pores,86,49.432640075683594,49.9128303527832,0.9244603250803493,21.25504493713379,0.4932901859283447,0.2044907659292221,41.939170837402344
Cylindrical Pores,87,49.81453323364258,49.843936920166016,0.9288787948000796,21.902795791625977,0.4999244213104248,0.3557831048965454,42.37693786621094
Cylindrical Pores,88,5.451565742492676,29.322336196899414,0.8520258297380741,32.718048095703125,0.6130252480506897,10.176775932312012,43.087284088134766
Cylindrical Pores,89,7.056666374206543,31.799707412719727,0.8198448731900475,30.614931106567383,0.37667879462242126,10.275785446166992,43.31428527832031
Cylindrical Pores,90,2.8609516620635986,33.33213424682617,0.8271766921656944,30.992097854614258,0.5497535467147827,8.913582801818848,43.19437026977539
Cylindrical Pores,91,3.287883996963501,32.10633087158203,0.8382078140984629,32.5673828125,0.335059255361557,9.732560157775879,43.446434020996094
Cylindrical Pores,92,47.25028991699219,46.77513885498047,0.8754404163215116,17.129436492919922,0.47454118728637695,0.38791123032569885,38.34638214111328
Cylindrical Pores,93,45.29325866699219,44.49032211303711,0.8792358345041008,19.08867073059082,0.44522470235824585,1.3893884420394897,38.464988708496094
Cylindrical Pores,94,45.54810333251953,44.94290542602539,0.9067947655759742,19.091503143310547,0.45064955949783325,0.87950199842453,38.53172302246094
Cylindrical Pores,95,45.90701675415039,45.12947463989258,0.8797112905533045,17.13534164428711,0.46122708916664124,0.40034279227256775,38.92613220214844
Cylindrical Pores,96,31.14975357055664,31.937822341918945,0.9229249888384865,13.13118839263916,0.3155871331691742,1.4090632200241089,29.933881759643555
Cylindrical Pores,97,32.466514587402344,33.4847412109375,0.9143681581769187,12.372493743896484,0.3184552788734436,0.9111285209655762,30.006439208984375
Cylindrical Pores,98,31.855792999267578,32.915401458740234,0.9094743731484651,11.992271423339844,0.31731608510017395,1.608506441116333,30.009967803955078
Cylindrical Pores,99,31.98369026184082,33.218875885009766,0.9272262913613314,12.87097454071045,0.3107302486896515,1.324692964553833,29.520484924316406
Cylindrical Pores,100,37.27448272705078,37.28055191040039,0.9373112206252513,16.995460510253906,0.44074228405952454,1.927703857421875,32.46388244628906
Cylindrical Pores,101,37.23477554321289,37.08346176147461,0.9425427820987602,16.436187744140625,0.3970978260040283,2.0615622997283936,32.17350387573242
Cylindrical Pores,102,35.897850036621094,36.217010498046875,0.9450970230970038,16.13109588623047,0.4380549490451813,2.066338062286377,32.506507873535156
Cylindrical Pores,103,36.36346435546875,36.89850616455078,0.9460940378121664,16.66090965270996,0.4122054874897003,1.53251051902771,33.18212890625
Cylindrical Pores,104,38.0833854675293,39.16633224487305,0.9457192676782337,12.827701568603516,0.40882954001426697,0.09616835415363312,32.10750961303711
Cylindrical Pores,105,36.693748474121094,38.30879211425781,0.9240755411212616,13.243383407592773,0.389541894197464,0.9878267645835876,32.770957946777344
Cylindrical Pores,106,35.829341888427734,37.351619720458984,0.93501039536981,13.38918685913086,0.38918808102607727,1.0909005403518677,32.173744201660156
Cylindrical Pores,107,37.70448684692383,39.012535095214844,0.9338273475088716,12.824724197387695,0.383843332529068,0.20002759993076324,31.4882869720459
Cylindrical Pores,108,31.13054084777832,31.406896591186523,0.9726555782324108,11.706555366516113,0.403493732213974,0.773941695690155,31.369596481323242
Cylindrical Pores,109,30.406314849853516,30.60099220275879,0.9742089195660375,11.45231819152832,0.3550494611263275,1.762015461921692,31.472471237182617
Cylindrical Pores,110,29.704187393188477,29.76896858215332,0.9759820029535009,11.43748950958252,0.40997952222824097,0.49044185876846313,32.42526626586914
Cylindrical Pores,111,29.838233947753906,29.85118865966797,0.9702556148134519,11.982592582702637,0.35587039589881897,1.6705114841461182,32.72301483154297
Cylindrical Pores,112,36.517066955566406,37.920799255371094,0.9396327416256729,16.118236541748047,0.3055996596813202,8.578776359558105,38.378482818603516
Cylindrical Pores,113,37.52976989746094,39.28364944458008,0.933027452673901,15.940850257873535,0.39220836758613586,8.126344680786133,38.59635925292969
Cylindrical Pores,114,35.04989242553711,36.266048431396484,0.9377398466475224,16.527624130249023,0.29205748438835144,8.787498474121094,39.70941925048828
Cylindrical Pores,115,31.629446029663086,33.4955940246582,0.9360649501733084,16.567970275878906,0.3714538514614105,9.685422897338867,38.967166900634766
Cylindrical Pores,116,34.07978820800781,34.023948669433594,0.9453687290801599,13.316454887390137,0.4391780197620392,2.492875337600708,39.85585021972656
Cylindrical Pores,117,33.42815017700195,33.2754020690918,0.9448805977069163,13.80515193939209,0.4147402048110962,2.7097113132476807,39.721500396728516
Cylindrical Pores,118,33.538448333740234,33.63638687133789,0.9552412347525849,13.279413223266602,0.4477301239967346,2.4061386585235596,38.65169906616211
Cylindrical Pores,119,34.772586822509766,35.07252883911133,0.9488355813083631,12.655976295471191,0.4377242922782898,2.080200433731079,38.96440124511719
Cylindrical Grains,0,16.359514236450195,17.70878028869629,0.9820975266455899,9.217674255371094,0.34719204902648926,0.45001816749572754,28.821805953979492
Cylindrical Grains,1,14.792801856994629,17.123733520507812,0.9796288819765476,9.265188217163086,0.3454146683216095,1.3760055303573608,29.109004974365234
Cylindrical Grains,2,15.771760940551758,18.091772079467773,0.9774742665013659,9.271533966064453,0.3392448127269745,0.9973574876785278,29.75611114501953
Cylindrical Grains,3,17.73260498046875,19.254487991333008,0.9801626851751041,9.33428955078125,0.35787761211395264,0.05664174258708954,29.55486488342285
Cylindrical Grains,4,23.529264450073242,24.3416690826416,0.9801159537099584,9.878742218017578,0.3366214632987976,0.6590642929077148,30.53768539428711
Cylindrical Grains,5,26.3197078704834,27.18915367126465,0.9805645323863149,9.981595993041992,0.47605305910110474,1.3154935836791992,30.206218719482422
Cylindrical Grains,6,26.153640747070312,26.150829315185547,0.9825927600259976,9.755366325378418,0.3643510937690735,0.9977396726608276,29.751609802246094
Cylindrical Grains,7,24.415359497070312,24.307737350463867,0.9838323046448869,9.897004127502441,0.4659900367259979,0.46162712574005127,30.038074493408203
Cylindrical Grains,8,41.57485580444336,45.588138580322266,0.9376072434949259,11.60103988647461,0.6283466815948486,0.44596806168556213,31.819950103759766
Cylindrical Grains,9,37.873626708984375,42.00774383544922,0.9488503688362022,11.81272029876709,0.4640039801597595,0.2659600079059601,31.903059005737305
Cylindrical Grains,10,39.191856384277344,42.78414535522461,0.9498137294474718,12.084232330322266,0.6203773617744446,0.43544870615005493,31.967777252197266
Cylindrical Grains,11,41.18623733520508,44.120445251464844,0.9473148671494447,12.080528259277344,0.4917689263820648,0.18193106353282928,31.60405158996582
Cylindrical Grains,12,10.212857246398926,16.76008415222168,0.9568674646711232,11.405101776123047,0.3253692090511322,1.9373481273651123,31.979259490966797
Cylindrical Grains,13,9.589252471923828,16.321186065673828,0.9595716053504104,11.270365715026855,0.2838071286678314,0.7572723627090454,31.35938262939453
Cylindrical Grains,14,7.999579429626465,14.626726150512695,0.9655814268742733,10.686280250549316,0.33526816964149475,0.2105349749326706,30.487661361694336
Cylindrical Grains,15,8.01767349243164,16.151533126831055,0.955350989972961,11.200739860534668,0.2840079665184021,1.3778427839279175,31.227867126464844
Cylindrical Grains,16,0.9304052591323853,32.241783142089844,0.8323034163525674,13.618782043457031,0.3118053674697876,2.9092280864715576,40.86001205444336
Cylindrical Grains,17,1.1378093957901,30.439773559570312,0.8701627315432742,12.796666145324707,0.378705769777298,3.03924560546875,40.35906219482422
Cylindrical Grains,18,1.0183956623077393,33.31568145751953,0.8458737817332171,13.26184368133545,0.34036123752593994,3.054100275039673,40.93998336791992
Cylindrical Grains,19,1.3676759004592896,33.553184509277344,0.8391412347670316,13.897610664367676,0.42820051312446594,3.11922550201416,40.859683990478516
Cylindrical Grains,20,18.976829528808594,20.849092483520508,0.9437970487744893,11.755064010620117,0.36163464188575745,0.4386838972568512,32.915252685546875
Cylindrical Grains,21,19.975341796875,22.076000213623047,0.9411318932731967,11.384099960327148,0.26009804010391235,1.1099629402160645,32.36885070800781
Cylindrical Grains,22,18.05095863342285,19.962100982666016,0.9493163149756642,11.633246421813965,0.3549649715423584,0.025994017720222473,33.10342025756836
Cylindrical Grains,23,20.271682739257812,22.028284072875977,0.954151894297669,11.967896461486816,0.27023088932037354,0.4847557246685028,33.41816711425781
Cylindrical Grains,24,5.89463472366333,36.37503433227539,0.8687488901989638,19.606060028076172,0.7033910751342773,11.762006759643555,39.86114501953125
Cylindrical Grains,25,4.303256988525391,30.249263763427734,0.9050298535047231,19.9428768157959,0.36972811818122864,11.120946884155273,39.17534637451172
Cylindrical Grains,26,6.59288215637207,28.597726821899414,0.9133046464452156,18.026039123535156,0.6807899475097656,10.254886627197266,37.64594268798828
Cylindrical Grains,27,3.899585247039795,32.0462532043457,0.8940124238379592,18.04231834411621,0.3551976978778839,9.845786094665527,38.18651580810547
Cylindrical Grains,28,3.6517422199249268,20.39475440979004,0.9476004893389627,18.815471649169922,0.4366813004016876,6.072297096252441,39.714385986328125
Cylindrical Grains,29,6.759535789489746,21.121822357177734,0.9435851817612615,18.929548263549805,0.55284583568573,5.75290060043335,39.50934600830078
Cylindrical Grains,30,4.119287490844727,18.560863494873047,0.9588201005474724,18.625347137451172,0.40428298711776733,5.44575309753418,38.980995178222656
Cylindrical Grains,31,2.9715068340301514,18.876487731933594,0.952109857328542,18.08898162841797,0.5999554991722107,5.275751113891602,39.3834228515625
Cylindrical Grains,32,25.418323516845703,28.443361282348633,0.9640867619984739,13.26927375793457,0.4625203609466553,0.5566660165786743,37.49730682373047
Cylindrical Grains,33,25.03980255126953,27.020353317260742,0.9736223413757211,13.54326057434082,0.6068642735481262,0.27172744274139404,36.95575714111328
Cylindrical Grains,34,25.740379333496094,27.98257064819336,0.976394424345494,14.044723510742188,0.45086541771888733,0.14833445847034454,37.915409088134766
Cylindrical Grains,35,24.533462524414062,26.399394989013672,0.9739345513483465,13.913779258728027,0.6023929715156555,1.2557623386383057,38.12577819824219
Cylindrical Grains,36,2.774873971939087,24.06532096862793,0.949256129013014,17.47237777709961,0.7852720618247986,1.5013248920440674,42.48973083496094
Cylindrical Grains,37,4.401094436645508,20.308216094970703,0.9655710942731908,17.00244140625,0.7224424481391907,2.5792243480682373,43.26573944091797
Cylindrical Grains,38,1.4448809623718262,24.562345504760742,0.9492487678156121,16.707839965820312,0.8345356583595276,2.247945785522461,41.92464065551758
Cylindrical Grains,39,0.9579952955245972,24.746959686279297,0.9506595857128776,16.932435989379883,0.7218664288520813,1.7406466007232666,42.28273391723633
Cylindrical Grains,40,44.77153015136719,51.86079788208008,0.937235435839165,14.31796932220459,0.8129792809486389,1.0273165702819824,42.51653289794922
Cylindrical Grains,41,44.25639343261719,50.1368408203125,0.9294268624923814,14.11561393737793,1.0347480773925781,0.47910207509994507,42.0789909362793
Cylindrical Grains,42,43.50713348388672,53.164215087890625,0.9185468964393683,15.323670387268066,0.7967435717582703,0.10249023139476776,42.86893081665039
Cylindrical Grains,43,43.82627487182617,51.618412017822266,0.9380063055384437,14.136545181274414,1.0740536451339722,0.9293193221092224,41.84004592895508
Cylindrical Grains,44,48.66490173339844,46.73151397705078,0.934292968582434,11.308439254760742,0.6974736452102661,2.013735294342041,39.61674880981445
Cylindrical Grains,45,49.42922592163086,50.6192512512207,0.9368316774640114,11.431310653686523,0.6903290748596191,0.2492465227842331,41.0933952331543
Cylindrical Grains,46,51.39578628540039,49.632511138916016,0.9372445961230127,11.559996604919434,0.7141790390014648,0.6558793783187866,41.10966491699219
Cylindrical Grains,47,47.892921447753906,47.047176361083984,0.9189475716079988,11.580135345458984,0.6904305815696716,2.7601406574249268,40.360755920410156
Cylindrical Grains,48,13.022668838500977,22.077173233032227,0.9393721440195322,19.61860466003418,0.32596415281295776,0.7385708093643188,38.08617401123047
Cylindrical Grains,49,8.501803398132324,18.544906616210938,0.9541452620926152,19.4072208404541,0.659742534160614,2.339080810546875,37.87629699707031
Cylindrical Grains,50,8.771196365356445,18.218238830566406,0.9416027816590191,18.55918312072754,0.3380661904811859,0.4077718257904053,37.70613479614258
Cylindrical Grains,51,10.548852920532227,18.166271209716797,0.9617656607607854,19.225549697875977,0.6446971297264099,1.597408413887024,37.296142578125
Cylindrical Grains,52,11.310149192810059,29.11188316345215,0.9312178257294383,24.83074951171875,0.6874470710754395,1.8650219440460205,43.44648742675781
Cylindrical Grains,53,11.983888626098633,29.10158920288086,0.9344627547970877,23.10185432434082,0.6877507567405701,0.2058914601802826,43.38876724243164
Cylindrical Grains,54,5.818830966949463,28.36347198486328,0.9256061761240428,23.2166748046875,0.6024628281593323,3.590538263320923,44.57799530029297
Cylindrical Grains,55,6.013960361480713,27.697717666625977,0.9282902714636428,24.97144889831543,0.6671712398529053,4.981213569641113,44.72776412963867
Cylindrical Grains,56,11.45506763458252,28.013273239135742,0.9242903401758162,19.419374465942383,0.6089640259742737,1.6441820859909058,39.18811798095703
Cylindrical Grains,57,13.542989730834961,26.98663902282715,0.93437009252229,20.010778427124023,0.5474766492843628,2.47179913520813,40.25864791870117
Cylindrical Grains,58,14.57879638671875,26.64808464050293,0.9365925675799588,20.164409637451172,0.6449620127677917,3.8464949131011963,39.782588958740234
Cylindrical Grains,59,12.250679016113281,29.06753921508789,0.9145489280838016,19.57081413269043,0.5441375970840454,2.2340638637542725,38.99195861816406
Cylindrical Grains,60,5.665274143218994,23.700725555419922,0.932336947039085,15.989055633544922,0.5916738510131836,5.297486782073975,39.322914123535156
Cylindrical Grains,61,3.2120375633239746,21.471935272216797,0.9516444347194422,16.496835708618164,0.43923425674438477,4.699123859405518,38.837738037109375
Cylindrical Grains,62,2.1728663444519043,19.890132904052734,0.9613785180950583,16.452856063842773,0.6202616095542908,2.9689927101135254,38.60416793823242
Cylindrical Grains,63,5.63929557800293,22.672903060913086,0.9435192052504529,16.545879364013672,0.44274577498435974,4.5015130043029785,40.17478942871094
Cylindrical Grains,64,22.23628807067871,27.41842269897461,0.9070903127353737,26.447717666625977,0.2311698943376541,7.177982330322266,40.89067077636719
Cylindrical Grains,65,24.9585018157959,29.326997756958008,0.9396878539074436,28.000097274780273,0.6591264009475708,5.801438808441162,41.86308288574219
Cylindrical Grains,66,24.548824310302734,29.917818069458008,0.9112050755981232,27.78310775756836,0.28738704323768616,5.19242000579834,41.246360778808594
Cylindrical Grains,67,22.0893611907959,29.011127471923828,0.9087164940998861,26.660911560058594,0.6568516492843628,7.01210355758667,40.564884185791016
Cylindrical Grains,68,18.468769073486328,39.33980178833008,0.9048652870753984,27.106887817382812,0.9414055943489075,7.586803436279297,48.74413299560547
Cylindrical Grains,69,15.270633697509766,36.982452392578125,0.9177094476444163,24.767213821411133,0.7921563982963562,7.958219051361084,49.337867736816406
Cylindrical Grains,70,16.142013549804688,35.66108322143555,0.9059291702856698,22.15732765197754,0.9121164083480835,6.897366523742676,48.533226013183594
Cylindrical Grains,71,20.80536651611328,41.17218780517578,0.8889550754119359,24.787628173828125,0.7446057200431824,7.059042930603027,47.79258728027344
Cylindrical Grains,72,35.632911682128906,53.56535339355469,0.8700930563177416,27.68187713623047,1.1343227624893188,1.959457516670227,41.384098052978516
Cylindrical Grains,73,38.16212463378906,54.807350158691406,0.8537049390811262,28.206989288330078,0.9879428744316101,0.3141939043998718,41.44868087768555
Cylindrical Grains,74,40.01765823364258,54.51866149902344,0.8720384137268955,26.887189865112305,1.1146234273910522,0.6993362903594971,41.564537048339844
Cylindrical Grains,75,37.77717208862305,55.98539352416992,0.8456278120135059,27.6401424407959,0.9616718292236328,1.2020463943481445,42.118282318115234
Cylindrical Grains,76,29.80375099182129,42.395450592041016,0.8694570630109565,25.458776473999023,1.0304702520370483,0.48802950978279114,45.274559020996094
Cylindrical Grains,77,41.094417572021484,58.35802459716797,0.853593731535036,24.498191833496094,0.8988862633705139,2.4841251373291016,44.5020751953125
Cylindrical Grains,78,37.10395812988281,57.34966278076172,0.8324934428898431,25.876550674438477,1.098780632019043,2.6406917572021484,45.53172302246094
Cylindrical Grains,79,23.8933048248291,39.2042350769043,0.8667876069099202,26.10175323486328,0.7126219868659973,0.8087599277496338,45.284420013427734
Cylindrical Grains,80,28.715774536132812,29.65478515625,0.9324425826973862,28.784748077392578,0.6211374402046204,4.121868133544922,44.622920989990234
Cylindrical Grains,81,28.110538482666016,30.925596237182617,0.9241131038462524,25.90230941772461,0.8813128471374512,3.732349157333374,44.346473693847656
Cylindrical Grains,82,33.641632080078125,35.48823165893555,0.9302615517910278,26.416820526123047,0.5671195387840271,0.5715108513832092,43.711082458496094
Cylindrical Grains,83,28.8560848236084,31.21568489074707,0.9238902294403205,29.25163459777832,0.8786376714706421,3.2349467277526855,45.17022705078125
Cylindrical Grains,84,103.7961196899414,121.0911636352539,0.6326273504732194,36.40523910522461,1.3973416090011597,5.176838397979736,57.677452087402344
Cylindrical Grains,85,122.54702758789062,143.41500854492188,0.5922498771895165,38.26403045654297,1.8044754266738892,9.83374309539795,58.66161346435547
Cylindrical Grains,86,118.05896759033203,140.5726776123047,0.5430196010506152,35.37855911254883,1.6510162353515625,9.106021881103516,58.00834274291992
Cylindrical Grains,87,120.63133239746094,136.94815063476562,0.5857745062915,31.6456241607666,1.7302852869033813,9.99372386932373,56.34296417236328
Cylindrical Grains,88,69.33152770996094,46.07884979248047,0.8883475290321929,33.59683609008789,1.0407317876815796,1.231894850730896,51.827640533447266
Cylindrical Grains,89,63.270023345947266,38.71782684326172,0.9025326667420462,31.49144744873047,0.8989070057868958,0.9986247420310974,52.753440856933594
Cylindrical Grains,90,78.66353607177734,45.90616989135742,0.8815700117400815,31.28028678894043,1.1345852613449097,4.028415679931641,52.56470489501953
Cylindrical Grains,91,71.4188003540039,44.509315490722656,0.9035090608581628,32.85494613647461,1.0268834829330444,1.4454630613327026,52.21369552612305
Cylindrical Grains,92,11.05234432220459,32.068119049072266,0.9326268443306507,38.27175521850586,0.7650847434997559,3.1774463653564453,44.72029495239258
Cylindrical Grains,93,16.18227767944336,41.575138092041016,0.9051509812299432,37.997745513916016,1.1109509468078613,6.600640773773193,46.034385681152344
Cylindrical Grains,94,15.405166625976562,40.683135986328125,0.918492952447407,43.36423110961914,0.859525740146637,5.237636566162109,46.279945373535156
Cylindrical Grains,95,12.999979019165039,34.203399658203125,0.9302420102037959,43.09156036376953,1.0677368640899658,2.3541972637176514,45.472679138183594
Bentheimer,0,5.600551128387451,39.65269470214844,0.8403910969113784,29.88091468811035,0.5491234660148621,1.7781884670257568,43.0239143371582
Bentheimer,1,10.173274040222168,36.4478874206543,0.8670762202802247,30.45269203186035,0.7502843141555786,1.5581159591674805,42.10714340209961
Bentheimer,2,12.696772575378418,35.46734619140625,0.8611625996238418,30.230676651000977,0.5216548442840576,2.8980937004089355,42.759681701660156
Bentheimer,3,7.59367036819458,38.65827560424805,0.8392552821443585,30.895273208618164,0.8001768589019775,3.171367645263672,43.2579231262207
Bentheimer,4,36.875003814697266,57.69188690185547,0.8073279951494824,29.52649688720703,0.8660278916358948,1.9613124132156372,39.497920989990234
Bentheimer,5,35.42132568359375,57.49286651611328,0.8062547007107373,31.133031845092773,0.7398335337638855,1.766884207725525,40.04735565185547
Bentheimer,6,33.13423538208008,56.8393669128418,0.8024892491590121,29.797889709472656,0.8281140327453613,0.7434980869293213,39.7030143737793
Bentheimer,7,35.251644134521484,55.589778900146484,0.8175898410224846,28.629714965820312,0.7098620533943176,0.30234014987945557,39.05506896972656
Bentheimer,8,68.46009826660156,89.59185791015625,0.82114328240616,32.20451354980469,1.0697916746139526,1.068193793296814,42.41162872314453
Bentheimer,9,72.6143798828125,97.4199447631836,0.7907330776952453,31.11338996887207,1.3012864589691162,0.6685665845870972,42.7265739440918
Bentheimer,10,65.89948272705078,87.4585952758789,0.8048948346212573,32.78226089477539,1.0224376916885376,1.1861625909805298,44.07551574707031
Bentheimer,11,69.82874298095703,91.0571517944336,0.8192666327289926,32.094154357910156,1.3199963569641113,2.718301296234131,43.0386848449707
Bentheimer,12,31.52504539489746,77.12879180908203,0.6947126916831878,29.699609756469727,0.9033174514770508,4.079549312591553,46.312957763671875
Bentheimer,13,18.681516647338867,64.14877319335938,0.7343830165859312,28.742456436157227,0.943363606929779,2.652341842651367,46.63121032714844
Bentheimer,14,23.504650115966797,64.8757553100586,0.7239419057840352,26.92540740966797,0.821745753288269,4.459185600280762,46.415435791015625
Bentheimer,15,31.252059936523438,74.99768829345703,0.7004419769939477,28.90337371826172,1.0446852445602417,4.302880764007568,47.586585998535156
Bentheimer,16,6.646500110626221,43.87947082519531,0.9153697698004324,25.99005889892578,0.6428866386413574,10.620810508728027,47.00278854370117
Bentheimer,17,2.2957451343536377,45.786163330078125,0.8997753036698085,27.92561912536621,0.9578336477279663,7.94451904296875,46.92264938354492
Bentheimer,18,3.538769483566284,41.647613525390625,0.9245069866121263,28.607688903808594,0.5138327479362488,3.535388231277466,46.22138977050781
Bentheimer,19,5.271872520446777,41.22519302368164,0.9282663441488445,27.090593338012695,0.8539727926254272,4.143085956573486,47.10708999633789
Bentheimer,20,12.02489948272705,37.282962799072266,0.8842796674567016,26.50575065612793,0.34706154465675354,3.2761662006378174,42.8505973815918
Bentheimer,21,11.600403785705566,37.07344436645508,0.8648985328014521,26.570934295654297,0.6635514497756958,1.4898749589920044,43.32185745239258
Bentheimer,22,11.116850852966309,31.23692512512207,0.9070372865367374,25.937349319458008,0.3904547691345215,0.1949753612279892,43.29862976074219
Bentheimer,23,7.593293190002441,34.44096374511719,0.8802930452520137,26.218292236328125,0.661827564239502,4.795453071594238,42.53706359863281
Bentheimer,24,23.653684616088867,33.89743423461914,0.9354493956347855,25.70393180847168,0.565829336643219,2.471298933029175,42.8104248046875
Bentheimer,25,20.695850372314453,31.50292205810547,0.9415015953281275,25.581077575683594,0.356031596660614,4.053010940551758,42.89236068725586
Bentheimer,26,23.478954315185547,36.064453125,0.9216494386626726,24.069847106933594,0.5258881449699402,7.051949977874756,42.63869857788086
Bentheimer,27,28.81298065185547,40.22391128540039,0.9183660594619172,24.5250301361084,0.3749919831752777,6.323869228363037,42.463104248046875
Bentheimer,28,26.488059997558594,27.95269203186035,0.951620847489918,20.114608764648438,0.7178484797477722,1.1095257997512817,35.766632080078125
Bentheimer,29,26.60854148864746,28.28662872314453,0.9447286138157737,19.467119216918945,0.8229451775550842,0.31633296608924866,36.14674377441406
Bentheimer,30,27.64118766784668,29.56404685974121,0.9407648709160217,19.58073616027832,0.7142728567123413,0.5999583005905151,36.31494140625
Bentheimer,31,23.07147979736328,24.27061653137207,0.9428189626101761,19.860471725463867,0.8396911025047302,0.27908435463905334,36.29468536376953
Bentheimer,32,501.828125,603.5247802734375,0.2230063612681913,35.717987060546875,5.172337055206299,1.7900320291519165,44.80851364135742
Bentheimer,33,502.8602294921875,598.8998413085938,0.21622610779427204,36.66468811035156,5.564174175262451,7.496072769165039,46.38739013671875
Bentheimer,34,481.6723937988281,563.225341796875,0.23104434836620102,38.978973388671875,5.317307949066162,7.212648391723633,46.35289001464844
Bentheimer,35,498.6455078125,592.0647583007812,0.22287751728004224,37.166648864746094,5.2108306884765625,2.884481906890869,45.23453903198242
Bentheimer,36,37.65935134887695,40.23691177368164,0.9409153268598566,30.87409019470215,0.8397653698921204,3.0558559894561768,41.351417541503906
Bentheimer,37,36.67131805419922,39.75749206542969,0.9427251068518518,30.05776023864746,0.6270304322242737,1.5815911293029785,40.39617156982422
Bentheimer,38,35.94065856933594,38.318302154541016,0.9395262405037661,29.749982833862305,0.85228031873703,1.9911398887634277,40.40226745605469
Bentheimer,39,35.51067352294922,36.88412857055664,0.9417217989170418,30.865646362304688,0.6345286965370178,3.241079330444336,40.352821350097656
Bentheimer,40,33.475032806396484,38.740196228027344,0.9213244229487788,32.71070098876953,0.4486237168312073,8.35515022277832,37.42949295043945
Bentheimer,41,36.130897521972656,39.63306427001953,0.9366548185889534,33.731014251708984,0.507805585861206,11.187241554260254,39.34729766845703
Bentheimer,42,38.54814910888672,41.71658706665039,0.9402500470977556,33.06190490722656,0.5059767961502075,14.02558708190918,38.717166900634766
Bentheimer,43,36.724830627441406,40.227027893066406,0.9352693617469111,32.794898986816406,0.5101938247680664,12.485541343688965,38.15513610839844
Bentheimer,44,20.461570739746094,31.489505767822266,0.945235830571818,28.27760887145996,0.6653317809104919,10.27171516418457,43.07599639892578
Bentheimer,45,23.432456970214844,31.578752517700195,0.9499165122840575,27.80905532836914,0.6784842014312744,9.370600700378418,43.527732849121094
Bentheimer,46,26.621414184570312,33.584136962890625,0.9465059637858688,29.248903274536133,0.6037569642066956,14.946463584899902,43.93827819824219
Bentheimer,47,19.69739532470703,29.343297958374023,0.9563092526933289,28.174068450927734,0.6461783647537231,10.050408363342285,42.672035217285156
Bentheimer,48,10.683042526245117,46.01673889160156,0.6209143787476432,45.38367462158203,0.4920177757740021,4.243049144744873,52.195247650146484
Bentheimer,49,8.266671180725098,43.61227035522461,0.6180782006233735,44.00572967529297,0.40620920062065125,6.800741672515869,53.05143356323242
Bentheimer,50,7.942134380340576,39.95674133300781,0.6549111631324994,44.5783576965332,0.4760544002056122,7.013394355773926,51.35019302368164
Bentheimer,51,8.31412124633789,41.66667175292969,0.6235694786165584,45.458465576171875,0.41559627652168274,0.2528547942638397,50.58197784423828
Bentheimer,52,30.98089599609375,42.59375762939453,0.9079883878285951,25.23069953918457,0.8290626406669617,4.421696662902832,37.596736907958984
Bentheimer,53,25.710556030273438,39.61941146850586,0.9026055588017825,23.94657325744629,0.755312442779541,3.1741151809692383,36.77622985839844
Bentheimer,54,28.103572845458984,39.62808609008789,0.9120173536383167,23.632015228271484,0.8061985969543457,2.8510642051696777,36.39718246459961
Bentheimer,55,34.58452224731445,47.65317916870117,0.8809690682301672,24.287763595581055,0.8289558291435242,4.9664177894592285,37.19903564453125
Bentheimer,56,7.656571865081787,34.99675750732422,0.8842982900101222,39.87934112548828,0.37774407863616943,8.230074882507324,46.11594772338867
Bentheimer,57,7.69315767288208,37.95051193237305,0.8482947267259485,38.68921661376953,0.5785805583000183,3.7715821266174316,47.25526809692383
Bentheimer,58,4.780614852905273,39.35739517211914,0.8646703728156917,38.243736267089844,0.3992965817451477,9.441476821899414,48.446537017822266
Bentheimer,59,9.130648612976074,35.777767181396484,0.8846576129780034,40.08767318725586,0.6103938817977905,12.304259300231934,47.73966598510742
Bentheimer,60,48.54561233520508,44.538787841796875,0.8849932963036501,32.81036376953125,0.9455776810646057,0.9097498059272766,38.79690170288086
Bentheimer,61,38.196434020996094,36.864078521728516,0.8849043422638381,33.97591781616211,0.9185553789138794,6.28190803527832,39.22394943237305
Bentheimer,62,37.25442123413086,36.652347564697266,0.8616480457171678,30.95218849182129,0.7920705080032349,5.767282962799072,39.54755401611328
Bentheimer,63,35.02336502075195,36.03144073486328,0.878700915708317,30.335102081298828,0.9155610203742981,4.061579704284668,40.16357421875
Bentheimer,64,11.409719467163086,29.9068660736084,0.921550205734365,24.195383071899414,0.5679097175598145,2.9919519424438477,37.2382698059082
Bentheimer,65,17.38748550415039,28.952808380126953,0.9329588217747785,24.214111328125,0.5671926736831665,1.0154645442962646,37.75157165527344
Bentheimer,66,14.816474914550781,29.697744369506836,0.9305945874988791,24.389907836914062,0.5502924919128418,0.14733447134494781,37.231178283691406
Bentheimer,67,14.047607421875,29.70819854736328,0.9336394705628716,24.100088119506836,0.5554760098457336,0.5833464860916138,36.97710037231445
Bentheimer,68,5.159541130065918,35.172386169433594,0.8748235934271519,29.769025802612305,0.5208621025085449,6.361752986907959,42.00284957885742
Bentheimer,69,9.784689903259277,36.40736389160156,0.8753937037789536,28.68220329284668,0.5628151297569275,2.8837711811065674,41.86156463623047
Bentheimer,70,11.175005912780762,38.73518753051758,0.8621986257196468,27.894487380981445,0.5616422295570374,3.076591968536377,41.8348503112793
Bentheimer,71,9.558684349060059,40.37924575805664,0.8549487565120947,28.498491287231445,0.532424807548523,3.8547298908233643,42.58872604370117
Bentheimer,72,62.57045364379883,87.66618347167969,0.7145096432001089,33.79169464111328,1.0090558528900146,2.3307371139526367,39.97064971923828
Bentheimer,73,60.80783462524414,83.40928649902344,0.7370636992058461,34.50558853149414,0.9818128347396851,2.842435121536255,40.525360107421875
Bentheimer,74,60.4617919921875,86.66053771972656,0.7208431843842268,33.78495788574219,1.0056222677230835,0.1177746057510376,40.159942626953125
Bentheimer,75,63.052425384521484,88.43428039550781,0.7043338979725816,33.63949203491211,0.9351906776428223,0.5759771466255188,39.92973327636719
Bentheimer,76,20.54022216796875,38.66693115234375,0.8914166508330652,30.394746780395508,0.4595143795013428,9.950910568237305,42.962921142578125
Bentheimer,77,23.126474380493164,41.122802734375,0.8705393557362174,28.482379913330078,0.36451441049575806,0.19955506920814514,42.886539459228516
Bentheimer,78,27.427207946777344,42.304569244384766,0.882457936736825,30.415096282958984,0.41372740268707275,0.19507968425750732,42.749916076660156
Bentheimer,79,23.597084045410156,40.98971176147461,0.8757184412797273,31.192119598388672,0.36611685156822205,5.503701686859131,42.2979736328125
Bentheimer,80,2.539074420928955,51.46250534057617,0.7097104446386944,20.571144104003906,0.5186854004859924,8.201067924499512,37.56669616699219
Bentheimer,81,2.4582319259643555,44.1245002746582,0.7385883820075609,20.07314682006836,0.7807954549789429,7.615569591522217,37.65612030029297
Bentheimer,82,1.7693803310394287,43.85525894165039,0.7406701092517478,20.273094177246094,0.5046430826187134,7.3631911277771,37.810302734375
Bentheimer,83,1.9333468675613403,49.808128356933594,0.7163946072306322,20.830848693847656,0.8455346822738647,7.233134746551514,38.356693267822266
Bentheimer,84,166.03512573242188,211.74781799316406,0.50606338071593,47.08356475830078,2.0280420780181885,10.410609245300293,50.07456970214844
Bentheimer,85,163.37542724609375,204.716796875,0.5095053887650189,41.53669738769531,2.1326003074645996,9.153094291687012,49.440101623535156
Bentheimer,86,185.21055603027344,229.03057861328125,0.4740122060072438,42.403282165527344,2.3107657432556152,12.292308807373047,50.2887077331543
Bentheimer,87,197.59481811523438,247.84640502929688,0.46221917822769854,47.715213775634766,2.686382532119751,14.998913764953613,50.829124450683594
Bentheimer,88,32.83894729614258,40.5339469909668,0.9466013427058071,28.471237182617188,0.6065835356712341,4.612116813659668,42.067134857177734
Bentheimer,89,34.98693084716797,44.770267486572266,0.9434815387734735,28.647903442382812,0.4959605038166046,6.6980767250061035,42.066349029541016
Bentheimer,90,39.11696243286133,49.56883239746094,0.9319569793460366,27.14178466796875,0.6776989698410034,3.633178234100342,41.82154846191406
Bentheimer,91,32.49858856201172,41.834510803222656,0.94456326882189,27.31793212890625,0.5221214294433594,4.171383857727051,41.60328674316406
Bentheimer,92,2.3860247135162354,21.271833419799805,0.9333698455411485,29.9942626953125,0.6475246548652649,2.7712230682373047,42.28616714477539
Bentheimer,93,0.01939251273870468,21.722328186035156,0.944205485668996,31.405813217163086,0.6258132457733154,9.607486724853516,42.062442779541016
Bentheimer,94,4.85788106918335,23.81456756591797,0.940589214330339,31.78833770751953,0.6045171022415161,11.880146026611328,41.84595489501953
Bentheimer,95,4.51369571685791,23.538328170776367,0.9380225834016332,30.069984436035156,0.5816731452941895,6.665722846984863,42.78879928588867
Bentheimer,96,34.22256088256836,41.35300827026367,0.9351734141481896,33.03337860107422,0.5161885619163513,1.1158342361450195,42.819801330566406
Bentheimer,97,34.05115509033203,42.9254035949707,0.9304065560575984,33.88124084472656,0.5384781360626221,2.324291944503784,43.671077728271484
Bentheimer,98,31.17278480529785,38.747650146484375,0.940206607715128,32.69520950317383,0.5557441711425781,3.010922431945801,43.19252014160156
Bentheimer,99,27.20123863220215,35.16423034667969,0.9518705251290308,31.6796817779541,0.5990053415298462,2.829869270324707,42.023170471191406
Bentheimer,100,16.1015682220459,29.416278839111328,0.9311949351733763,26.417020797729492,0.5364665389060974,8.652263641357422,41.374671936035156
Bentheimer,101,13.682004928588867,26.161447525024414,0.9487076919440537,27.16436767578125,0.6830365657806396,7.597601890563965,42.6263313293457
Bentheimer,102,12.453377723693848,24.249187469482422,0.956065328424692,26.701801300048828,0.5661336779594421,2.0625152587890625,42.27232360839844
Bentheimer,103,17.336091995239258,29.252334594726562,0.9355241852794047,26.060182571411133,0.6771703362464905,6.020772933959961,42.09300994873047
Bentheimer,104,2.498574733734131,35.63029098510742,0.8774603710924905,29.354717254638672,0.9307776689529419,5.509566307067871,42.103424072265625
Bentheimer,105,10.748334884643555,32.41504669189453,0.9044378032247552,31.616376876831055,1.0393292903900146,4.56028938293457,42.21334457397461
Bentheimer,106,10.384542465209961,30.100736618041992,0.9009979786101866,30.545589447021484,0.8613616824150085,4.301423072814941,42.67801284790039
Bentheimer,107,13.287147521972656,29.84316635131836,0.9203169619038714,29.20679473876953,1.0013333559036255,2.8148295879364014,43.2972526550293
Bentheimer,108,12.535613059997559,34.99345016479492,0.932542058121356,34.149715423583984,0.8944575190544128,0.8606321811676025,45.620765686035156
Bentheimer,109,10.333638191223145,34.11383056640625,0.9366842675331117,34.21989440917969,0.8344088792800903,0.8611721396446228,44.896671295166016
Bentheimer,110,9.023836135864258,30.24513053894043,0.95504780263544,33.800472259521484,0.9581015110015869,0.9166237711906433,44.66961669921875
Bentheimer,111,16.40628433227539,36.801788330078125,0.9307576257508418,32.7140007019043,0.7873649001121521,2.988978862762451,44.31718826293945
Bentheimer,112,65.21749877929688,78.57585144042969,0.826570884117027,30.105972290039062,1.4324990510940552,8.317529678344727,41.56077194213867
Bentheimer,113,72.9338150024414,83.37835693359375,0.8130973058676759,28.63599967956543,1.579275369644165,7.616690635681152,42.588443756103516
Bentheimer,114,84.88959503173828,93.23535919189453,0.7826273116996095,29.712848663330078,1.6204618215560913,9.539369583129883,44.678218841552734
Bentheimer,115,58.36763381958008,67.40678405761719,0.8736571012854648,29.614330291748047,1.4282758235931396,7.39169979095459,41.9800910949707
Bentheimer,116,4.71452522277832,32.039737701416016,0.891695551989489,28.882858276367188,0.32490405440330505,12.534122467041016,41.89496612548828
Bentheimer,117,5.214925289154053,31.19826316833496,0.9052850247165066,29.668861389160156,0.5530227422714233,16.59896469116211,43.207828521728516
Bentheimer,118,7.365723133087158,33.8398323059082,0.8974141044712989,29.099105834960938,0.395128458738327,20.835834503173828,42.1690673828125
Bentheimer,119,3.6748640537261963,36.89066696166992,0.8764493767373023,29.154329299926758,0.5302867293357849,21.80875587463379,42.16994094848633
Bentheimer,120,38.980770111083984,41.98809814453125,0.9428333064084777,25.907535552978516,0.7225872874259949,2.230293035507202,45.96858215332031
Bentheimer,121,30.661314010620117,32.66457748413086,0.9592212306077156,25.82145881652832,0.9213576912879944,0.3773641586303711,46.25711441040039
Bentheimer,122,35.06179428100586,37.181602478027344,0.9729855544225833,25.640485763549805,0.7748055458068848,2.247570753097534,44.16748809814453
Bentheimer,123,37.5521354675293,41.49289321899414,0.9346103568943892,26.629152297973633,0.8532959222793579,2.631183624267578,46.62193298339844
Bentheimer,124,30.007484436035156,34.06468200683594,0.9057248417481852,28.027936935424805,0.6744067072868347,1.7055108547210693,41.94178009033203
Bentheimer,125,26.27760124206543,31.434385299682617,0.9208962573383075,28.222597122192383,0.7194088101387024,2.8094193935394287,42.94925308227539
Bentheimer,126,27.50029182434082,32.30309295654297,0.9086024010903493,29.1673583984375,0.6936758160591125,2.928469657897949,42.19144058227539
Bentheimer,127,28.23653793334961,33.097843170166016,0.8973487227385422,28.22901725769043,0.6990752220153809,2.9312148094177246,41.7933464050293
Bentheimer,128,249.85650634765625,327.1209716796875,0.4484333556018747,31.723278045654297,3.0327110290527344,7.207158088684082,42.206634521484375
Bentheimer,129,255.03160095214844,339.0184631347656,0.44476916010729745,32.03092956542969,3.039029598236084,9.213672637939453,42.95804214477539
Bentheimer,130,252.45947265625,332.5771179199219,0.45170694318942883,30.629852294921875,3.14374041557312,9.20678424835205,42.748939514160156
Bentheimer,131,243.38845825195312,325.9156494140625,0.43568582823969126,31.69817352294922,2.7576189041137695,6.11056661605835,42.72722244262695
Bentheimer,132,19.725093841552734,27.735004425048828,0.9566478426937134,30.114534378051758,0.7730968594551086,1.0959851741790771,43.58747863769531
Bentheimer,133,19.63846206665039,26.968143463134766,0.9586795612218805,30.58941078186035,0.5707300901412964,4.676567554473877,43.24776840209961
Bentheimer,134,18.088092803955078,25.521875381469727,0.9659749108414857,30.27996063232422,0.7541353702545166,3.66977596282959,42.23302459716797
Bentheimer,135,20.060894012451172,28.05290985107422,0.9651104452330129,30.07703971862793,0.5656442642211914,1.1274532079696655,43.01695251464844
Bentheimer,136,24.576427459716797,27.488122940063477,0.9698943298957536,23.796768188476562,0.5057042241096497,1.280391812324524,37.492820739746094
Bentheimer,137,25.43527603149414,28.953289031982422,0.9693607619397338,23.03854751586914,0.5029986500740051,0.7883286476135254,37.5932731628418
Bentheimer,138,23.003854751586914,27.50891876220703,0.9666279320244048,22.967866897583008,0.5228886008262634,3.0868096351623535,37.28153991699219
Bentheimer,139,24.481361389160156,27.760608673095703,0.9684444154086527,24.371200561523438,0.4939923882484436,2.3496506214141846,37.66884231567383
Bentheimer,140,22.556535720825195,29.53189468383789,0.8877260814834813,33.14460372924805,0.8804253935813904,8.164581298828125,45.705322265625
Bentheimer,141,26.752954483032227,28.572460174560547,0.9264444034241988,35.27644729614258,0.5999627709388733,5.867336750030518,45.87351608276367
Bentheimer,142,24.224042892456055,27.87804412841797,0.9134578607613725,34.82820510864258,0.9209070205688477,5.345896244049072,46.255332946777344
Bentheimer,143,24.343807220458984,35.25735092163086,0.8724388839774296,33.300750732421875,0.5358679890632629,7.022763252258301,46.54045867919922
Bentheimer,144,1.493219256401062,21.278282165527344,0.9635018371535353,27.91459846496582,0.8101827502250671,4.192902565002441,38.904197692871094
Bentheimer,145,1.5308150053024292,20.787925720214844,0.9668418008983936,29.406789779663086,0.7454030513763428,3.5058610439300537,39.2564582824707
Bentheimer,146,6.081987380981445,22.89347267150879,0.9612581523009984,30.544084548950195,0.861700713634491,4.327456951141357,38.69724655151367
Bentheimer,147,3.0004289150238037,20.547008514404297,0.9646254059478859,28.57674789428711,0.7363239526748657,4.005117893218994,37.95375442504883
Bentheimer,148,17.081533432006836,27.123027801513672,0.936378465404808,27.16417694091797,1.2126859426498413,1.3792965412139893,39.89361572265625
Bentheimer,149,17.74089813232422,29.899816513061523,0.9238495334611374,29.40936851501465,0.6092613339424133,1.5005077123641968,40.0224494934082
Bentheimer,150,10.456452369689941,31.417991638183594,0.9042207188784291,29.9127140045166,1.285873293876648,0.9968557357788086,40.334224700927734
Bentheimer,151,15.86834716796875,27.565567016601562,0.9309107428325821,28.2298583984375,0.6419139504432678,1.4597359895706177,40.620304107666016
Bentheimer,152,0.05275225266814232,19.346385955810547,0.9596841406141764,18.873624801635742,0.5783114433288574,0.2539971172809601,32.72965621948242
Bentheimer,153,1.927485704421997,17.77077865600586,0.9614786678038074,18.96888542175293,0.6333519220352173,1.3343232870101929,32.527950286865234
Bentheimer,154,4.212408065795898,19.789623260498047,0.9637895243085741,19.66129493713379,0.6203674674034119,1.3848328590393066,33.32960510253906
Bentheimer,155,5.377743244171143,22.070070266723633,0.9578166532242347,19.26161766052246,0.7111168503761292,2.3847384452819824,33.33596420288086
Bentheimer,156,15.261051177978516,32.12986755371094,0.9450263777230471,24.62788963317871,0.8412988781929016,2.1995842456817627,43.83198165893555
Bentheimer,157,8.027811050415039,29.02545738220215,0.9484850647381565,24.70158576965332,0.8319084644317627,4.044713973999023,44.070247650146484
Bentheimer,158,11.447245597839355,29.49388885498047,0.9502333120013591,23.983074188232422,0.7886862754821777,0.8751912713050842,44.040931701660156
Bentheimer,159,11.332240104675293,31.316326141357422,0.9437303709229056,24.293977737426758,0.9295440912246704,1.5466747283935547,44.20543670654297
Bentheimer,160,1.1298984289169312,17.908052444458008,0.9769791612915696,25.252229690551758,0.615782618522644,3.7229490280151367,36.85797882080078
Bentheimer,161,4.547194957733154,16.439281463623047,0.9755843466716699,26.262521743774414,0.9059685468673706,6.7161455154418945,37.291873931884766
Bentheimer,162,6.9429826736450195,17.432207107543945,0.9704925710402464,26.08920669555664,0.535097599029541,7.157180309295654,37.37356185913086
Bentheimer,163,9.52764892578125,17.302431106567383,0.97617060042272,24.565223693847656,0.8870298266410828,7.022891998291016,36.9184684753418
Bentheimer,164,17.55743980407715,27.130130767822266,0.9398764809382085,26.436540603637695,0.6542444229125977,0.7570482492446899,37.245845794677734
Bentheimer,165,16.445310592651367,24.714906692504883,0.9454893387851191,26.169099807739258,0.5500034689903259,0.3155170679092407,37.01678466796875
Bentheimer,166,17.632841110229492,25.216842651367188,0.9523607993057037,26.71826934814453,0.6693055033683777,0.5926449298858643,37.70476531982422
Bentheimer,167,17.292463302612305,26.786243438720703,0.9377831048832018,26.962800979614258,0.55356365442276,1.421989917755127,37.95438003540039
Bentheimer,168,3.4189939498901367,39.939151763916016,0.8635947208852697,34.2050895690918,0.8096157312393188,5.952940464019775,43.654022216796875
Bentheimer,169,5.916565895080566,43.16595458984375,0.8296121852771757,35.32353973388672,0.6866593956947327,6.2151007652282715,43.131919860839844
Bentheimer,170,3.3601949214935303,40.847511291503906,0.8549187732819334,36.04065704345703,0.7680441737174988,0.4084758758544922,43.258583068847656
Bentheimer,171,6.245915412902832,43.1377067565918,0.845827084851049,35.11277770996094,0.7643592357635498,3.676331043243408,44.46734619140625
Bentheimer,172,18.269929885864258,26.746158599853516,0.9296772019087484,24.265552520751953,0.31298139691352844,8.30624771118164,36.79951095581055
Bentheimer,173,17.038841247558594,25.598430633544922,0.9391081429775817,24.799972534179688,0.45757800340652466,9.283638954162598,37.68398666381836
Bentheimer,174,14.997540473937988,25.109397888183594,0.9316709098914551,24.623836517333984,0.37200042605400085,4.684535980224609,38.25037384033203
Bentheimer,175,12.580039978027344,25.460744857788086,0.9275214708792474,24.039337158203125,0.47433680295944214,1.2378814220428467,36.458988189697266
Bentheimer,176,12.560885429382324,23.761091232299805,0.9344922100166496,26.27165985107422,0.6015205383300781,2.00981068611145,38.98807907104492
Bentheimer,177,17.430160522460938,24.118654251098633,0.9459057720244839,27.39817237854004,1.0451865196228027,0.7875521183013916,39.51935577392578
Bentheimer,178,18.305757522583008,26.16752815246582,0.935166412614621,27.384422302246094,0.6387152075767517,3.2951560020446777,39.236392974853516
Bentheimer,179,12.770051002502441,24.434986114501953,0.9359890119936705,27.065128326416016,0.948948323726654,5.195423603057861,40.30054473876953
Bentheimer,180,79.63388061523438,116.7424545288086,0.6502106556677837,30.00372314453125,1.4038878679275513,3.6633079051971436,40.94257736206055
Bentheimer,181,75.90130615234375,111.42481994628906,0.6621720132831449,29.815370559692383,0.9972823858261108,2.221360206604004,41.35152053833008
Bentheimer,182,81.66592407226562,116.6076431274414,0.6549759680275674,29.688941955566406,1.4586272239685059,4.798283576965332,40.71407699584961
Bentheimer,183,87.6304931640625,126.86309814453125,0.6261937093945423,30.06647491455078,1.0938353538513184,6.879094123840332,40.23862075805664
Bentheimer,184,14.208044052124023,61.08736038208008,0.7580433381527563,33.9001579284668,0.7645437717437744,8.683670997619629,49.458168029785156
Bentheimer,185,19.834518432617188,63.67887878417969,0.7619070232014591,33.70701217651367,0.6004108190536499,6.152225017547607,48.455318450927734
Bentheimer,186,15.889918327331543,55.275386810302734,0.7807363533835676,33.559112548828125,0.7940127849578857,5.019506931304932,46.82530212402344
Bentheimer,187,16.168720245361328,56.24336624145508,0.772582306104983,34.397159576416016,0.6069675087928772,2.680281639099121,47.7621955871582
Bentheimer,188,0.25811469554901123,21.276609420776367,0.9505418123666989,25.86683464050293,0.5991880297660828,3.0155346393585205,37.79909133911133
Bentheimer,189,2.4980790615081787,23.45468521118164,0.9427778041942007,25.14768409729004,0.49317821860313416,6.572342872619629,36.4427490234375
Bentheimer,190,5.022596836090088,20.638214111328125,0.9574786676010929,24.379650115966797,0.5475260615348816,6.031039237976074,35.842750549316406
Bentheimer,191,4.23454475402832,20.86801528930664,0.955066655583708,25.144176483154297,0.5597693920135498,2.7281839847564697,36.78887939453125
Bentheimer,192,7.07698392868042,34.961063385009766,0.9144103405598254,36.659996032714844,0.5988641977310181,25.376300811767578,47.98688888549805
Bentheimer,193,2.6671764850616455,33.11066818237305,0.9040602402511532,37.405033111572266,0.5570946931838989,25.945314407348633,48.610801696777344
Bentheimer,194,0.8826030492782593,29.496562957763672,0.9242888763958227,36.74087142944336,0.6413537859916687,13.77920913696289,47.20651626586914
Bentheimer,195,5.160929203033447,30.53491973876953,0.9279258002287577,36.144527435302734,0.635738730430603,14.195308685302734,47.11235809326172
Bentheimer,196,0.8028993606567383,17.38178062438965,0.9682331324191715,21.635669708251953,0.7873981595039368,1.723140835762024,36.88768005371094
Bentheimer,197,3.2156965732574463,16.770843505859375,0.9733520660442673,21.76966094970703,0.6811119914054871,4.797099590301514,36.22669219970703
Bentheimer,198,3.097973585128784,18.9471492767334,0.9661371200469031,24.1420841217041,0.833792507648468,6.707312107086182,37.1174201965332
Bentheimer,199,0.8793193697929382,20.144800186157227,0.9625914568824316,23.52003288269043,0.6981512308120728,3.6977884769439697,36.46118927001953
Bentheimer,200,27.631040573120117,32.698184967041016,0.9100063492572914,24.153409957885742,0.5805765986442566,3.6097240447998047,37.67673110961914
Bentheimer,201,25.531314849853516,31.304466247558594,0.9033102292407594,24.680025100708008,0.825605034828186,2.997544050216675,38.241641998291016
Bentheimer,202,24.541412353515625,30.728092193603516,0.9168527429814349,25.62261199951172,0.5584908127784729,2.2092831134796143,38.533809661865234
Bentheimer,203,29.828279495239258,33.35936737060547,0.9261970558516547,25.82635498046875,0.7665823698043823,6.6908345222473145,39.189552307128906
Bentheimer,204,222.66001892089844,309.3876037597656,0.3299132642150981,30.858409881591797,1.7872017621994019,22.73281478881836,44.07451248168945
Bentheimer,205,241.9942626953125,341.4568176269531,0.32792056173687384,29.8608455657959,2.466329574584961,4.5133562088012695,43.02499771118164
Bentheimer,206,230.9475860595703,313.9537658691406,0.36553568007851556,31.68895149230957,2.1870195865631104,8.159757614135742,43.89088821411133
Bentheimer,207,237.95555114746094,319.95068359375,0.34517606614276103,31.9814395904541,2.0198378562927246,19.056434631347656,44.12026596069336
Bentheimer,208,23.06333351135254,34.66238021850586,0.9431040252883941,28.96412467956543,0.7355028390884399,6.844791412353516,43.78022003173828
Bentheimer,209,26.9837646484375,38.002601623535156,0.9385924010895287,30.257205963134766,0.7255553603172302,10.872282028198242,44.53194046020508
Bentheimer,210,23.910991668701172,35.71918487548828,0.9465098383024034,31.30840301513672,0.7554836869239807,5.8881516456604,44.12876510620117
Bentheimer,211,20.322860717773438,32.29957962036133,0.9506526918192326,30.258346557617188,0.7749925255775452,3.5548808574676514,43.39817810058594
Bentheimer,212,17.85163688659668,23.908113479614258,0.9446535737696184,19.515901565551758,0.7116677165031433,0.32406526803970337,34.649539947509766
Bentheimer,213,16.077144622802734,22.969980239868164,0.9480279829871813,19.651594161987305,0.2998371720314026,0.9750767946243286,33.55518341064453
Bentheimer,214,18.118867874145508,24.972373962402344,0.9379329443365274,19.281696319580078,0.7096368670463562,2.944051504135132,34.643585205078125
Bentheimer,215,19.722301483154297,25.43770980834961,0.9435649369903404,19.065616607666016,0.324579656124115,1.2425123453140259,34.39922332763672
Bentheimer,216,37.081790924072266,45.48122024536133,0.9215626122181801,27.203310012817383,0.6204261779785156,8.828370094299316,39.45278549194336
Bentheimer,217,37.98213577270508,45.48519515991211,0.9324909895005676,27.812335968017578,0.6016684174537659,9.689817428588867,39.80632400512695
Bentheimer,218,40.080108642578125,47.968631744384766,0.9255943363020797,28.14491844177246,0.6202292442321777,13.85367202758789,40.007423400878906
Bentheimer,219,39.97169876098633,48.4437255859375,0.9237721899785324,28.50606918334961,0.6154571175575256,15.723775863647461,40.375244140625
Bentheimer,220,39.42469024658203,48.704200744628906,0.9299235075487926,32.93059539794922,0.5223671197891235,1.4698439836502075,45.708229064941406
Bentheimer,221,38.60468292236328,48.685302734375,0.9284641617424118,32.67592239379883,0.7238313555717468,2.620690107345581,44.66191864013672
Bentheimer,222,39.103267669677734,49.240570068359375,0.915023038924856,32.54216003417969,0.5129080414772034,1.9487204551696777,45.37331008911133
Bentheimer,223,41.7369270324707,50.75270080566406,0.9204633056010162,32.635009765625,0.7234196662902832,3.170623302459717,46.655704498291016
Bentheimer,224,2.0371155738830566,48.94129943847656,0.7873564817897022,28.594837188720703,0.33881285786628723,0.9359545707702637,40.149906158447266
Bentheimer,225,8.915207862854004,54.60570526123047,0.7723199937071028,28.666542053222656,0.6459017395973206,1.6441211700439453,39.97676086425781
Bentheimer,226,7.524456977844238,49.86089324951172,0.7806467709850291,27.40839385986328,0.419499933719635,4.544948577880859,40.908287048339844
Bentheimer,227,10.212281227111816,49.060264587402344,0.7838894613529915,26.692914962768555,0.6175799369812012,1.3925416469573975,39.84391403198242
Bentheimer,228,7.2316670417785645,23.840723037719727,0.9494576202930134,20.143394470214844,0.8848857879638672,1.139098882675171,34.13795471191406
Bentheimer,229,4.538187026977539,20.64041519165039,0.9542432405837773,19.345869064331055,0.6115027666091919,1.4881529808044434,33.63661193847656
Bentheimer,230,6.523133754730225,20.348554611206055,0.9641202841524757,20.064598083496094,0.8869772553443909,2.547942638397217,34.3151969909668
Bentheimer,231,8.2059326171875,23.8409366607666,0.9598998451780767,21.051620483398438,0.6302086114883423,1.9056895971298218,34.933719635009766
Bentheimer,232,29.045194625854492,30.032516479492188,0.9524105250970222,34.96760559082031,0.9297398924827576,9.659915924072266,50.64665985107422
Bentheimer,233,18.923473358154297,35.26178741455078,0.9372831615085615,34.63948440551758,0.6835716366767883,13.409368515014648,50.9478645324707
Bentheimer,234,25.54095458984375,34.20098876953125,0.9492327112139402,35.795379638671875,1.02603018283844,7.773980617523193,50.39498519897461
Bentheimer,235,32.59422302246094,32.209381103515625,0.9471632273074555,35.18831253051758,0.825986921787262,5.9231038093566895,50.02996826171875
Bentheimer,236,17.411306381225586,25.84507179260254,0.9523614469016555,25.27097511291504,0.7489767670631409,0.5406178832054138,36.743404388427734
Bentheimer,237,18.527976989746094,25.687206268310547,0.946441225325478,25.40915298461914,0.695720374584198,3.049859046936035,37.203208923339844
Bentheimer,238,19.081283569335938,26.52132797241211,0.9383567348367281,24.170135498046875,0.7376611232757568,5.601714611053467,37.63029479980469
Bentheimer,239,18.934049606323242,27.070510864257812,0.94056412224221,25.00618553161621,0.6620396971702576,4.7996416091918945,37.7280387878418
Bentheimer,240,33.32401657104492,56.66968536376953,0.7120265191260942,35.00568771362305,0.6935689449310303,10.337347030639648,44.44109344482422
Bentheimer,241,33.42534637451172,58.83545684814453,0.6832794913254236,35.437255859375,0.5610204935073853,9.178350448608398,44.37218475341797
Bentheimer,242,31.823589324951172,53.464839935302734,0.7090091679377138,35.70562744140625,0.6911813616752625,5.341155052185059,44.30257034301758
Bentheimer,243,30.690526962280273,52.890289306640625,0.7309653473176978,35.66314697265625,0.5447137951850891,7.425964832305908,44.056121826171875
Bentheimer,244,7.340970993041992,26.700668334960938,0.9466338544418432,30.691356658935547,0.6821932792663574,5.055765628814697,43.807586669921875
Bentheimer,245,3.3050031661987305,27.255565643310547,0.9439409300124063,30.028553009033203,0.5693047642707825,3.3793108463287354,44.37785339355469
Bentheimer,246,0.765849232673645,27.409212112426758,0.9425298726287398,30.133743286132812,0.6470825672149658,3.539926528930664,44.52653503417969
Bentheimer,247,5.902841091156006,26.267663955688477,0.9443297609281277,30.219249725341797,0.5275814533233643,4.143693447113037,43.95933151245117
Bentheimer,248,9.552886009216309,27.360614776611328,0.9495515979818472,25.585424423217773,0.6787954568862915,0.7691171765327454,39.170257568359375
Bentheimer,249,6.9131035804748535,29.716520309448242,0.9413983967058588,26.10191535949707,0.6876939535140991,2.548506498336792,39.118919372558594
Bentheimer,250,2.508537530899048,27.840503692626953,0.9464585709816496,25.56218719482422,0.6833751201629639,0.7752986550331116,40.125118255615234
Bentheimer,251,5.883095741271973,25.232065200805664,0.9527989570592169,24.965137481689453,0.6998903155326843,0.9185248613357544,39.396209716796875
Bentheimer,252,46.0256233215332,47.21986389160156,0.8963547349397913,27.79334259033203,0.7280835509300232,2.1699109077453613,39.734535217285156
Bentheimer,253,36.143741607666016,41.31575012207031,0.9198280070671379,27.23130226135254,1.0504804849624634,0.53336501121521,38.668540954589844
Bentheimer,254,40.211246490478516,44.96541976928711,0.9098658602489513,28.114002227783203,0.7244599461555481,1.3949428796768188,39.14052200317383
Bentheimer,255,50.27674102783203,50.20322799682617,0.9002810287767635,29.36641502380371,1.1313599348068237,1.650863528251648,40.337100982666016
Bentheimer,256,34.652915954589844,38.853271484375,0.9430100642128187,26.86835289001465,0.588325023651123,7.828340530395508,40.50686264038086
Bentheimer,257,32.6180534362793,37.824188232421875,0.9303064895038503,26.04313087463379,0.48642203211784363,3.8466713428497314,40.38428497314453
Bentheimer,258,33.337806701660156,39.3259162902832,0.9334387438244635,24.871564865112305,0.5322898030281067,2.81217885017395,39.724632263183594
Bentheimer,259,32.71855545043945,38.27688980102539,0.9342312295779608,25.421892166137695,0.5011288523674011,3.542968988418579,40.319332122802734
Bentheimer,260,6.074385166168213,25.00516128540039,0.9283169967961657,30.014976501464844,0.7104750871658325,0.4030345678329468,39.739925384521484
Bentheimer,261,6.57059383392334,25.694984436035156,0.9292485907660193,31.355825424194336,0.4709326922893524,0.42568710446357727,40.50487518310547
Bentheimer,262,12.577801704406738,26.492280960083008,0.9291035997177285,30.289091110229492,0.6312893629074097,1.5365768671035767,39.75017166137695
Bentheimer,263,8.116229057312012,24.127771377563477,0.9249062823588339,28.368682861328125,0.42282816767692566,0.9412791728973389,39.463191986083984
Bentheimer,264,26.034748077392578,30.828842163085938,0.9441713563109445,26.256027221679688,0.6979581117630005,0.7230086326599121,36.91664505004883
Bentheimer,265,23.136919021606445,27.1221866607666,0.9539653918662865,25.31182098388672,0.6360666751861572,1.824514627456665,36.971961975097656
Bentheimer,266,28.99062728881836,32.19630813598633,0.95585143345091,24.859722137451172,0.6642457842826843,2.5935847759246826,37.00782012939453
Bentheimer,267,28.27722930908203,31.698833465576172,0.9539469680109157,25.453767776489258,0.5960264801979065,2.215884208679199,36.87164306640625
Bentheimer,268,18.561437606811523,31.753211975097656,0.8190119875875108,22.624589920043945,0.6431771516799927,2.492260217666626,41.500125885009766
Bentheimer,269,12.899531364440918,29.83224868774414,0.8660860068278092,22.749855041503906,0.6044126749038696,2.9542806148529053,41.2262077331543
Bentheimer,270,13.101090431213379,30.35700225830078,0.8477107985206718,21.388927459716797,0.6739707589149475,2.400146722793579,40.64375305175781
Bentheimer,271,13.213957786560059,31.970571517944336,0.8302518489706675,21.918474197387695,0.6028968095779419,3.3902230262756348,41.4932861328125
Bentheimer,272,134.29476928710938,168.62095642089844,0.5998621466972699,43.31389236450195,2.1419241428375244,10.404987335205078,44.786529541015625
Bentheimer,273,139.91250610351562,177.66946411132812,0.5790279850074623,40.944210052490234,2.056795597076416,9.966897964477539,45.49998092651367
Bentheimer,274,133.03009033203125,171.67706298828125,0.6058747478895788,41.707420349121094,2.016420841217041,7.175576686859131,45.323081970214844
Bentheimer,275,147.3131561279297,184.4839630126953,0.6084422754280208,42.809452056884766,2.193002223968506,11.449156761169434,45.12485885620117
Bentheimer,276,17.49615478515625,39.788719177246094,0.8314092250000468,29.906248092651367,0.3710576593875885,10.56589412689209,40.97251892089844
Bentheimer,277,15.344841003417969,39.61281204223633,0.8279732168055772,28.923059463500977,0.40442171692848206,1.914367914199829,41.668739318847656
Bentheimer,278,18.518590927124023,38.0936393737793,0.8647940255963807,26.998615264892578,0.36402633786201477,5.907433032989502,41.011844635009766
Bentheimer,279,16.239967346191406,39.41011047363281,0.8400654974372797,28.124786376953125,0.3371625244617462,8.940176010131836,41.6044807434082
Bentheimer,280,20.08235740661621,32.9720344543457,0.9125065330985129,33.632328033447266,0.638375461101532,7.592879295349121,42.297088623046875
Bentheimer,281,11.472007751464844,29.562786102294922,0.9107875799797893,34.21783447265625,0.7113387584686279,1.294177770614624,42.60435104370117
Bentheimer,282,12.459951400756836,28.509841918945312,0.924033296119253,34.85643768310547,0.6291526556015015,5.225320816040039,43.518253326416016
Bentheimer,283,21.592557907104492,33.26886749267578,0.92155179853956,33.97306442260742,0.7047495245933533,12.454085350036621,43.9307861328125
Bentheimer,284,1.5342668294906616,34.735042572021484,0.9006928126867315,34.91886520385742,0.6744177937507629,2.7160985469818115,48.782737731933594
Bentheimer,285,7.579082489013672,29.15407371520996,0.9195949008076921,38.13388442993164,0.614316999912262,4.543594837188721,49.611724853515625
Bentheimer,286,6.652052402496338,29.602542877197266,0.924561279945032,38.3102912902832,0.5488789677619934,8.359366416931152,48.772796630859375
Bentheimer,287,1.2579500675201416,29.77151870727539,0.9188674889783107,35.7331428527832,0.6609264016151428,7.8338165283203125,47.66933059692383
Bentheimer,288,22.39444923400879,28.750953674316406,0.9423568920137922,23.530603408813477,0.5630505681037903,2.104508399963379,36.91471862792969
Bentheimer,289,20.63058853149414,30.762481689453125,0.915147763796592,24.609169006347656,0.35602229833602905,1.3228940963745117,36.98871612548828
Bentheimer,290,19.047178268432617,27.823413848876953,0.934069784986579,22.932218551635742,0.5933036208152771,2.0846738815307617,37.27349090576172
Bentheimer,291,19.435792922973633,25.594911575317383,0.9542343445934696,22.1854305267334,0.3225066065788269,1.651210904121399,36.75265884399414
Bentheimer,292,15.67159652709961,52.32139205932617,0.8359684403612029,32.99627685546875,0.883243978023529,9.542974472045898,37.47274398803711
Bentheimer,293,8.189520835876465,55.461936950683594,0.7838074202005819,33.06907653808594,0.6789147257804871,8.56045913696289,37.033782958984375
Bentheimer,294,11.167142868041992,54.23223114013672,0.8099737374840631,33.43413162231445,0.8046000003814697,8.58909797668457,37.512874603271484
Bentheimer,295,14.930033683776855,53.371150970458984,0.8482727624761058,33.55609893798828,0.7339654564857483,8.575739860534668,38.73832702636719
Bentheimer,296,27.06109619140625,30.379779815673828,0.9382029701384474,23.332693099975586,0.662299633026123,0.3635595142841339,36.88224411010742
Bentheimer,297,28.358993530273438,32.532283782958984,0.9454036167412031,23.20651626586914,0.7599635124206543,1.1123818159103394,36.4755859375
Bentheimer,298,29.37079429626465,34.62482833862305,0.9116428813046676,22.56761360168457,0.6598304510116577,1.521669626235962,37.20580291748047
Bentheimer,299,33.21397399902344,37.580806732177734,0.9318863108162397,22.729829788208008,0.7417340874671936,2.7705576419830322,37.188262939453125
Bentheimer,300,42.004764556884766,58.19458770751953,0.8046452425552135,28.053627014160156,0.525383472442627,0.2439401000738144,39.536956787109375
Bentheimer,301,46.20244216918945,63.946922302246094,0.8091250802928862,28.658742904663086,1.0201599597930908,2.2910783290863037,38.984100341796875
Bentheimer,302,47.02482986450195,63.95661544799805,0.8091620711249642,28.509140014648438,0.6132459044456482,3.1819565296173096,39.74095916748047
Bentheimer,303,39.12077713012695,55.37059020996094,0.8183927878596571,28.30165672302246,0.9493862390518188,0.5350133180618286,39.59254837036133
Bentheimer,304,21.455076217651367,23.435670852661133,0.9636767246188493,24.986530303955078,0.6576818227767944,0.3087155818939209,35.23872375488281
Bentheimer,305,24.32239532470703,26.10407829284668,0.9556356623400225,25.12929916381836,0.4339030086994171,0.4086821973323822,35.92060470581055
Bentheimer,306,25.939302444458008,29.138139724731445,0.9358078140870589,25.52919578552246,0.6482222080230713,1.4087960720062256,36.491249084472656
Bentheimer,307,23.457801818847656,26.349058151245117,0.9463694741478704,25.29433250427246,0.4343388080596924,1.505851149559021,35.73210525512695
Bentheimer,308,17.301237106323242,30.882749557495117,0.917464782804424,34.175872802734375,0.4949624538421631,12.450065612792969,47.04477310180664
Bentheimer,309,27.881351470947266,38.25136947631836,0.9023399942524131,34.94518280029297,0.5586482882499695,9.375631332397461,45.98600769042969
Bentheimer,310,26.179237365722656,34.53132247924805,0.9079444145152924,34.236854553222656,0.5199757814407349,13.516712188720703,45.422061920166016
Bentheimer,311,24.345748901367188,33.94313049316406,0.9083060762951886,33.679588317871094,0.47140753269195557,9.763555526733398,46.06153869628906
Bentheimer,312,8.447035789489746,34.28868103027344,0.9043633657430985,25.21784782409668,0.2992670238018036,4.844476699829102,35.278263092041016
Bentheimer,313,13.635144233703613,38.82286071777344,0.8885100544626522,25.8383731842041,0.5828211307525635,4.702393054962158,35.266143798828125
Bentheimer,314,11.142528533935547,35.530643463134766,0.8958225172831944,27.12664794921875,0.3026760518550873,3.5797502994537354,35.836753845214844
Bentheimer,315,9.995916366577148,32.80821228027344,0.91558730601425,27.38863754272461,0.5547561049461365,0.46634387969970703,35.637535095214844
Bentheimer,316,3.182760238647461,47.444332122802734,0.7915769529429374,30.188446044921875,0.8262011408805847,1.6827832460403442,42.145591735839844
Bentheimer,317,2.3633744716644287,52.16339111328125,0.7415209768846798,31.02430534362793,0.6238255500793457,1.1939127445220947,42.52585220336914
Bentheimer,318,0.9032639861106873,52.304443359375,0.7545212443286912,30.508676528930664,0.836621880531311,3.772592544555664,42.20332717895508
Bentheimer,319,3.6717140674591064,54.26645278930664,0.7506889346083794,30.092510223388672,0.7015784382820129,3.4433884620666504,43.022377014160156
Bentheimer,320,15.734565734863281,27.995525360107422,0.9260015840432719,21.761289596557617,0.41846325993537903,2.273456573486328,35.35743713378906
Bentheimer,321,12.45435619354248,24.24570083618164,0.9495959754861063,21.68568229675293,0.29679250717163086,3.2922990322113037,35.87841796875
Bentheimer,322,12.225685119628906,24.56405258178711,0.9420093568636796,20.337135314941406,0.4456438422203064,0.9087992310523987,34.27992630004883
Bentheimer,323,12.319939613342285,24.251333236694336,0.9451463383780291,21.125194549560547,0.2534984052181244,2.4343271255493164,33.97188949584961
Bentheimer,324,18.196706771850586,35.287742614746094,0.9322357316857462,29.249650955200195,0.5933979749679565,3.208806276321411,46.83725357055664
Bentheimer,325,17.281810760498047,37.43203353881836,0.9094186390643678,29.287761688232422,0.5411496758460999,3.4877681732177734,46.570072174072266
Bentheimer,326,9.676960945129395,38.62413024902344,0.8879853752650003,30.12401580810547,0.5456144213676453,9.840495109558105,47.18159484863281
Bentheimer,327,12.317008972167969,36.776519775390625,0.9071716650408923,29.480844497680664,0.5821812748908997,10.952778816223145,46.436038970947266
Bentheimer,328,32.52546691894531,61.009002685546875,0.7718515378469099,23.92405891418457,0.9273287653923035,4.011685371398926,36.994415283203125
Bentheimer,329,23.077043533325195,52.305389404296875,0.7944399816663469,24.33418846130371,0.4558558464050293,9.165127754211426,37.87730026245117
Bentheimer,330,31.3562068939209,62.48766326904297,0.7523827246826487,23.833494186401367,0.9298019409179688,2.7892050743103027,36.87760543823242
Bentheimer,331,37.81462097167969,67.32654571533203,0.7499106508607145,23.357885360717773,0.6622515320777893,0.019240934401750565,36.68779373168945
Bentheimer,332,0.5949835777282715,53.28238296508789,0.7326536891065208,27.716506958007812,0.5176711082458496,8.855592727661133,43.05085754394531
Bentheimer,333,0.39550673961639404,59.63547134399414,0.6998904730173704,27.237764358520508,0.8023651838302612,12.411907196044922,44.557796478271484
Bentheimer,334,2.0553195476531982,57.951175689697266,0.7078972830739916,26.081592559814453,0.5153486728668213,14.178155899047852,42.57177734375
Bentheimer,335,0.6022754311561584,60.829833984375,0.6821950725269906,27.4918155670166,0.8000373840332031,9.298523902893066,42.98159408569336
Bentheimer,336,32.600650787353516,34.341739654541016,0.9511621463366838,22.063873291015625,0.4416569769382477,5.1144208908081055,36.26284408569336
Bentheimer,337,30.42666244506836,33.159122467041016,0.955023863223307,21.741254806518555,0.37790000438690186,3.6192266941070557,36.29115295410156
Bentheimer,338,28.042997360229492,30.315902709960938,0.964864477288672,22.01714515686035,0.43592771887779236,2.552626132965088,36.723514556884766
Bentheimer,339,32.50266647338867,35.88566207885742,0.9394313909244786,22.865684509277344,0.37712210416793823,5.731197357177734,36.42683792114258
Bentheimer,340,18.640596389770508,27.144166946411133,0.9491921718305596,23.68973159790039,0.6921115517616272,0.8556828498840332,36.62895202636719
Bentheimer,341,18.380863189697266,24.558481216430664,0.9548020151338902,23.443946838378906,0.6402429938316345,1.136590838432312,36.45774841308594
Bentheimer,342,17.244970321655273,30.227489471435547,0.9309015042519623,23.35912322998047,0.7397235631942749,1.1216294765472412,36.85822677612305
Bentheimer,343,18.102827072143555,25.967992782592773,0.9541933608234255,23.1839656829834,0.6504343152046204,1.4594296216964722,36.11826705932617
Bentheimer,344,4.018348217010498,23.613513946533203,0.9168368315405847,21.69015884399414,0.4730384647846222,4.933969020843506,35.02945327758789
Bentheimer,345,5.518091201782227,25.46693992614746,0.9156817594968805,21.47479820251465,0.46687227487564087,3.2332165241241455,34.83018493652344
Bentheimer,346,7.993913650512695,25.019136428833008,0.9099583500345326,21.287471771240234,0.4464262127876282,3.1266684532165527,35.00259780883789
Bentheimer,347,5.9434943199157715,24.07870101928711,0.9043977837037476,21.4171085357666,0.4568740129470825,4.45396089553833,34.20408248901367
Bentheimer,348,18.022293090820312,26.052295684814453,0.9236399348240923,23.72003936767578,0.4482925236225128,2.3769259452819824,35.80060577392578
Bentheimer,349,17.348411560058594,27.77098846435547,0.9111195648858501,23.88939666748047,0.38873395323753357,7.901756286621094,35.64460372924805
Bentheimer,350,21.198904037475586,29.92280387878418,0.905067386009442,24.96236801147461,0.4344535768032074,10.057499885559082,35.58268356323242
Bentheimer,351,19.373594284057617,27.133255004882812,0.924671414274498,23.986906051635742,0.4182124137878418,0.2925396263599396,35.44951248168945
Bentheimer,352,17.681447982788086,34.993309020996094,0.8719662346037306,34.98826217651367,0.5571085810661316,12.41217041015625,46.2702751159668
Bentheimer,353,15.52977466583252,34.27864456176758,0.8651152908839951,36.01215744018555,0.40991055965423584,11.430807113647461,46.73385238647461
Bentheimer,354,15.073163986206055,29.57459831237793,0.9035578849002146,35.32306671142578,0.6018763184547424,8.789663314819336,46.47422790527344
Bentheimer,355,18.47997283935547,33.379486083984375,0.8919555868091914,35.26206588745117,0.3860413134098053,11.114289283752441,46.35128402709961
Bentheimer,356,17.083425521850586,33.59256362915039,0.9064765012484132,31.297964096069336,0.8629104495048523,7.301028728485107,38.71184158325195
Bentheimer,357,13.286856651306152,33.30638885498047,0.9083310904376143,32.414710998535156,0.7754716277122498,8.007644653320312,38.9946403503418
Bentheimer,358,19.02136993408203,34.71562194824219,0.9110417694358817,30.88729476928711,0.91355961561203,3.930994987487793,38.55662155151367
Bentheimer,359,20.03215789794922,32.745689392089844,0.9316364009819407,29.90711784362793,0.8201245069503784,5.295567512512207,38.698123931884766
Bentheimer,360,31.300874710083008,34.74262619018555,0.9202793029983515,23.075679779052734,0.5059972405433655,3.6790215969085693,35.801597595214844
Bentheimer,361,30.08774757385254,33.95478439331055,0.9331743613457704,22.88416862487793,0.5155068635940552,1.0773335695266724,36.25545120239258
Bentheimer,362,30.280818939208984,34.10618209838867,0.9160645044974891,22.102462768554688,0.46994030475616455,4.063146114349365,35.68404006958008
Bentheimer,363,29.05779457092285,32.63311767578125,0.9178458407246158,22.330141067504883,0.5298093557357788,4.120068073272705,36.43428039550781
Bentheimer,364,19.941482543945312,35.42306900024414,0.8380649459254077,28.912275314331055,0.3499067723751068,0.5100382566452026,39.48612594604492
Bentheimer,365,21.793210983276367,36.182830810546875,0.8301177828438727,28.242136001586914,0.7095490097999573,1.5018489360809326,39.38276672363281
Bentheimer,366,23.704565048217773,38.17605209350586,0.8182010287998185,27.676082611083984,0.3148735761642456,5.353989124298096,40.085968017578125
Bentheimer,367,20.473772048950195,39.39020919799805,0.8145772095571082,28.033342361450195,0.7504355907440186,4.430533409118652,40.103424072265625
Bentheimer,368,21.97516441345215,37.32436752319336,0.9173215918115658,34.33984375,0.5659183263778687,12.025279998779297,44.233577728271484
Bentheimer,369,21.619165420532227,41.211082458496094,0.878584709242281,34.38916778564453,0.41078731417655945,15.646540641784668,44.522239685058594
Bentheimer,370,25.728504180908203,44.855594635009766,0.8365638963314191,33.160003662109375,0.5105763077735901,20.037809371948242,43.7775764465332
Bentheimer,371,25.482139587402344,38.528499603271484,0.8880071936262022,33.3947868347168,0.46847447752952576,16.11457633972168,43.74951171875
Bentheimer,372,69.84371185302734,85.63047790527344,0.7759469980975837,26.27696418762207,1.0213581323623657,6.768702983856201,39.62108612060547
Bentheimer,373,65.79235076904297,81.36503601074219,0.7739416752450466,25.822010040283203,1.0692921876907349,4.602849960327148,40.357215881347656
Bentheimer,374,75.75884246826172,89.03961181640625,0.7739028398917414,26.46233558654785,1.0961971282958984,3.955934762954712,40.10152053833008
Bentheimer,375,74.48075103759766,88.72257232666016,0.7785120069210193,27.00316619873047,1.0943992137908936,8.033357620239258,39.57745361328125
Bentheimer,376,16.848520278930664,41.14946746826172,0.7946067624452795,31.830923080444336,0.5588124990463257,6.584223747253418,39.90837097167969
Bentheimer,377,16.879594802856445,41.349857330322266,0.7863969425176631,31.315658569335938,0.5009859204292297,8.660609245300293,39.32955551147461
Bentheimer,378,16.350570678710938,41.05228805541992,0.7962371946385995,33.69845199584961,0.6001743674278259,9.166132926940918,39.250553131103516
Bentheimer,379,13.914778709411621,39.776031494140625,0.7984689011716117,34.58046340942383,0.5234540104866028,9.223306655883789,40.009830474853516
Bentheimer,380,3.2730519771575928,19.019386291503906,0.9553877007350275,21.15485382080078,0.6728137731552124,0.9593715071678162,33.24421691894531
Bentheimer,381,1.7630549669265747,18.627174377441406,0.9568850319311941,22.507490158081055,0.6453180313110352,2.2212648391723633,34.07250213623047
Bentheimer,382,4.160910606384277,20.773563385009766,0.9441674489906787,22.585329055786133,0.6935400366783142,1.1553740501403809,33.07733917236328
Bentheimer,383,4.474206447601318,20.811677932739258,0.9473311988833886,21.9490909576416,0.677687406539917,0.2925453782081604,33.23297119140625
Bentheimer,384,27.288484573364258,38.460140228271484,0.9303895505442126,32.60081481933594,0.7296872138977051,7.110820293426514,46.5826301574707
Bentheimer,385,24.503311157226562,37.6296501159668,0.9254672538793024,31.798749923706055,0.8136671185493469,3.1164777278900146,47.022850036621094
Bentheimer,386,30.857004165649414,44.35264205932617,0.9100746286438371,33.867557525634766,0.6978138089179993,2.299722671508789,47.29378890991211
Bentheimer,387,32.84251022338867,40.16245651245117,0.9276344002324963,32.364593505859375,0.815293550491333,3.9040603637695312,46.19804382324219
Bentheimer,388,24.592845916748047,34.43792724609375,0.9395327488442458,23.10556983947754,0.6372642517089844,5.597581386566162,38.51112747192383
Bentheimer,389,23.61672019958496,33.55944061279297,0.9355689469372828,23.368595123291016,0.6820285320281982,5.805196285247803,38.29193878173828
Bentheimer,390,16.590354919433594,34.00132369995117,0.9125763808184026,23.600317001342773,0.49304521083831787,6.181764602661133,37.921966552734375
Bentheimer,391,17.739559173583984,29.083406448364258,0.9390161067245951,22.816696166992188,0.6229817867279053,6.048787593841553,38.003482818603516
Bentheimer,392,3.9158935546875,34.98081588745117,0.8990357758361159,26.576950073242188,0.6853342652320862,1.237464427947998,41.68231964111328
Bentheimer,393,1.3008581399917603,30.66558074951172,0.9147129030770352,28.339128494262695,0.5874109268188477,0.04553169384598732,42.54290008544922
Bentheimer,394,1.9489272832870483,29.005008697509766,0.9208023714043886,28.735702514648438,0.6669970750808716,0.06493495404720306,43.203277587890625
Bentheimer,395,1.2803709506988525,31.097612380981445,0.910992212140907,26.864227294921875,0.6421803832054138,1.0446975231170654,42.14015579223633
Bentheimer,396,26.571897506713867,27.666242599487305,0.9788563715723853,24.792278289794922,0.6603258848190308,0.14932586252689362,34.93161392211914
Bentheimer,397,31.752887725830078,32.913330078125,0.9781781680705701,24.994525909423828,0.48342201113700867,1.8088852167129517,34.53731918334961
Bentheimer,398,32.124244689941406,34.32954025268555,0.9769937300135086,24.49654769897461,0.5716428160667419,2.043948173522949,33.8802604675293
Bentheimer,399,30.640914916992188,31.869375228881836,0.9709001546306443,24.095155715942383,0.4797458350658417,3.7527084350585938,34.318511962890625
Bentheimer,400,1.3828794956207275,29.74172019958496,0.9260035226915558,40.7037467956543,0.9226924180984497,1.5013389587402344,45.72250747680664
Bentheimer,401,6.7879791259765625,28.765159606933594,0.9464717249422195,41.05556869506836,0.8354784846305847,1.1405487060546875,46.47671890258789
Bentheimer,402,1.084092378616333,24.8057918548584,0.9553050457995129,41.32382583618164,0.9929919242858887,0.07947103679180145,46.053157806396484
Bentheimer,403,3.5637624263763428,24.081937789916992,0.9483188115518737,38.77793502807617,0.9593623280525208,2.5259289741516113,44.77816390991211
Bentheimer,404,4.322223663330078,20.432518005371094,0.9567436346536344,19.847354888916016,0.6310167908668518,5.422206878662109,36.3294792175293
Bentheimer,405,3.8150181770324707,17.868741989135742,0.9638208756710701,20.71954345703125,0.5649285316467285,2.825868606567383,36.19940185546875
Bentheimer,406,5.946412563323975,16.9046573638916,0.9648567812805178,20.513988494873047,0.5681365132331848,3.901921033859253,35.74052429199219
Bentheimer,407,7.673835754394531,20.263269424438477,0.9569263617828235,20.00014877319336,0.5651195645332336,8.237700462341309,36.545013427734375
Bentheimer,408,39.42310333251953,44.57710266113281,0.914412267343507,28.169771194458008,0.4696020483970642,5.299986362457275,41.92286682128906
Bentheimer,409,42.32949447631836,45.896995544433594,0.915345603387875,28.47432518005371,0.4337015450000763,1.0592725276947021,42.816368103027344
Bentheimer,410,39.171241760253906,45.14255142211914,0.8987575012555835,29.05665397644043,0.45290061831474304,6.05743932723999,42.215579986572266
Bentheimer,411,37.84130096435547,43.124717712402344,0.9130809904189895,28.11473274230957,0.4486677944660187,9.109525680541992,41.85634994506836
Bentheimer,412,39.44377899169922,58.84649658203125,0.8749999168951883,29.373441696166992,0.6263923645019531,5.347938060760498,41.67649459838867
Bentheimer,413,42.436641693115234,59.46767044067383,0.8702742439027668,28.287996292114258,0.9120587110519409,5.1986165046691895,40.24167251586914
Bentheimer,414,44.06409454345703,54.67719650268555,0.910637088281331,28.556978225708008,0.6833266019821167,5.018755912780762,39.43202209472656
Bentheimer,415,41.961448669433594,57.104129791259766,0.8906656651684436,29.376510620117188,0.9134472608566284,5.378587245941162,40.78952407836914
Bentheimer,416,9.679187774658203,31.341407775878906,0.9224330554933261,28.227649688720703,0.7825513482093811,4.790475845336914,40.917781829833984
Bentheimer,417,9.705133438110352,28.615367889404297,0.9366857270118881,25.97953987121582,0.7568556666374207,6.150667667388916,40.738929748535156
Bentheimer,418,9.245847702026367,26.003026962280273,0.9479167811400023,25.82905387878418,0.8437919020652771,4.460708141326904,40.141502380371094
Bentheimer,419,4.846704483032227,31.072399139404297,0.9092169379276286,28.268266677856445,0.6659634113311768,1.0241148471832275,40.94795608520508
Bentheimer,420,1.0812797546386719,35.51385498046875,0.893526542139201,40.99839401245117,0.9426570534706116,1.1477147340774536,46.300697326660156
Bentheimer,421,5.33591365814209,32.62287902832031,0.9075643345219354,41.03388595581055,1.0712511539459229,0.6572083234786987,45.880062103271484
Bentheimer,422,6.657751083374023,37.844383239746094,0.8627044664345618,41.57809066772461,0.879479706287384,6.254647731781006,46.80617141723633
Bentheimer,423,6.7751688957214355,38.20477294921875,0.850429737157792,41.000850677490234,1.0691641569137573,3.3137998580932617,45.80671691894531
Berea Buff,0,56.8244743347168,63.738853454589844,0.885093691178486,19.570232391357422,1.4633171558380127,2.064194917678833,37.9664192199707
Berea Buff,1,55.344581604003906,60.975955963134766,0.8867018740010291,17.94074249267578,1.209484577178955,3.746035099029541,38.287315368652344
Berea Buff,2,58.58427810668945,63.358970642089844,0.893747561929223,18.169353485107422,1.515511393547058,5.158632278442383,39.626731872558594
Berea Buff,3,66.20433807373047,74.164794921875,0.8702977862545019,19.344100952148438,1.258047103881836,4.274857044219971,38.71345520019531
Berea Buff,4,9.607257843017578,31.121248245239258,0.9108954345316694,30.17377281188965,0.2674933969974518,2.0249874591827393,40.73706817626953
Berea Buff,5,14.318212509155273,33.5318717956543,0.9120387248672577,28.851572036743164,0.6436610817909241,1.8470964431762695,40.9419059753418
Berea Buff,6,9.911558151245117,32.45707702636719,0.8977227407839056,28.861597061157227,0.272818386554718,0.8476676940917969,40.75234603881836
Berea Buff,7,12.985067367553711,37.180137634277344,0.873963083137498,29.830825805664062,0.6267111897468567,2.5216424465179443,40.899723052978516
Berea Buff,8,13.633520126342773,20.333280563354492,0.9782625843116933,33.02162170410156,0.7623072862625122,4.46240234375,41.1462287902832
Berea Buff,9,14.633328437805176,22.81741714477539,0.9706904745694189,32.152610778808594,0.3537549376487732,3.9981818199157715,41.37012481689453
Berea Buff,10,13.73875617980957,24.762939453125,0.9604009180238091,32.31656265258789,0.7430112957954407,2.646685838699341,41.39707946777344
Berea Buff,11,15.60345458984375,24.591859817504883,0.9668657169703002,33.538204193115234,0.36023229360580444,5.584921836853027,41.40483093261719
Berea Buff,12,8.636404991149902,21.43854331970215,0.9470982857605641,23.145307540893555,0.5293607711791992,1.0755740404129028,38.86433029174805
Berea Buff,13,11.339072227478027,24.3586483001709,0.9141963048470633,23.123558044433594,0.5354914665222168,0.32738885283470154,38.43754196166992
Berea Buff,14,8.954130172729492,21.690654754638672,0.9352471492792653,23.55245018005371,0.5139579176902771,0.09295040369033813,38.209381103515625
Berea Buff,15,8.300677299499512,21.25543785095215,0.9453562907410813,23.533145904541016,0.48728638887405396,1.932774543762207,38.070762634277344
Berea Buff,16,5.185349941253662,25.360458374023438,0.9046023789403733,30.202024459838867,0.47109100222587585,15.35171890258789,41.24827575683594
Berea Buff,17,6.098905086517334,26.336963653564453,0.9003920866582745,31.025238037109375,0.38518404960632324,16.424903869628906,41.63808822631836
Berea Buff,18,2.506277084350586,25.151140213012695,0.909451340980745,29.747575759887695,0.4444237947463989,13.707942008972168,40.68687438964844
Berea Buff,19,2.7358882427215576,24.273170471191406,0.9197556796574656,29.432321548461914,0.38637882471084595,13.543516159057617,40.37132263183594
Berea Buff,20,12.844742774963379,53.08071517944336,0.8176602196661538,34.00188064575195,0.5982459187507629,6.422736644744873,39.33204650878906
Berea Buff,21,11.909207344055176,49.91103744506836,0.813468046487516,32.98916244506836,0.6749761700630188,1.2255163192749023,39.994483947753906
Berea Buff,22,17.363704681396484,53.44469451904297,0.8200486956854629,34.24197769165039,0.651029646396637,5.240305423736572,40.44118118286133
Berea Buff,23,9.86510944366455,51.897945404052734,0.8172995342072857,35.62117385864258,0.7117550373077393,6.022035121917725,39.50477981567383
Berea Buff,24,1.8996661901474,24.03200912475586,0.9398110829238969,21.685684204101562,0.4569062292575836,1.9351567029953003,39.44854736328125
Berea Buff,25,0.6928374767303467,26.644025802612305,0.9322258717161719,22.07555389404297,0.5182846188545227,0.24248389899730682,39.90860366821289
Berea Buff,26,1.1840318441390991,24.186582565307617,0.943041482978332,22.44875717163086,0.4200538396835327,2.1638681888580322,39.67015075683594
Berea Buff,27,2.434743881225586,22.038352966308594,0.9456300390675675,21.856918334960938,0.4962123930454254,2.451617956161499,39.82767868041992
Berea Buff,28,17.564802169799805,54.74473190307617,0.7721109587421756,38.37722396850586,0.5158878564834595,2.565445899963379,40.184566497802734
Berea Buff,29,13.930161476135254,50.30335235595703,0.813869433721054,36.73532485961914,0.7217388153076172,5.4929704666137695,40.467811584472656
Berea Buff,30,14.537442207336426,55.839595794677734,0.7683471494526813,37.214759826660156,0.47000935673713684,4.465683937072754,40.361080169677734
Berea Buff,31,15.124594688415527,57.610748291015625,0.7553872183125452,38.021793365478516,0.6708078980445862,3.4892542362213135,40.48710632324219
Berea Buff,32,85.76268768310547,149.5508575439453,0.42270983581644145,39.515296936035156,1.444222092628479,5.633397579193115,45.33488845825195
Berea Buff,33,83.86750793457031,149.68002319335938,0.4363544677968551,38.400089263916016,1.2859102487564087,3.1237075328826904,45.05312728881836
Berea Buff,34,80.37617492675781,132.06930541992188,0.46705340736129863,39.685203552246094,1.334503412246704,3.9302966594696045,45.49568176269531
Berea Buff,35,84.28101348876953,145.36550903320312,0.4134713901698705,40.44623947143555,1.3219811916351318,7.294863224029541,45.539222717285156
Berea Buff,36,4.284355640411377,48.447509765625,0.799337275494569,24.717187881469727,0.8500855565071106,3.952321767807007,37.87084197998047
Berea Buff,37,4.495982646942139,52.94233322143555,0.7765986951686498,23.089967727661133,0.8068124651908875,5.659786701202393,37.338478088378906
Berea Buff,38,8.211549758911133,49.72573471069336,0.7912584822767402,23.008914947509766,0.9068666696548462,6.099374294281006,36.7099494934082
Berea Buff,39,8.090520858764648,46.67902755737305,0.8169464571203576,24.518009185791016,0.7974307537078857,4.132931709289551,37.731266021728516
Berea Buff,40,25.19465446472168,38.12861633300781,0.9168000786840922,32.85686492919922,0.5127710700035095,15.346263885498047,43.05546569824219
Berea Buff,41,25.135469436645508,36.745216369628906,0.9200260634249549,32.001068115234375,0.664167046546936,10.855817794799805,42.86667251586914
Berea Buff,42,24.66566276550293,39.68531799316406,0.9153083927942349,32.579917907714844,0.5381338000297546,13.304574012756348,43.97328186035156
Berea Buff,43,25.195899963378906,40.60044860839844,0.9098070869256794,34.22513961791992,0.650356650352478,18.848800659179688,43.773826599121094
Berea Buff,44,26.970050811767578,38.94504165649414,0.9371653207701387,35.68132019042969,0.9287945628166199,1.6415244340896606,46.38515853881836
Berea Buff,45,24.450820922851562,37.883602142333984,0.9265950737167344,37.62761688232422,0.6312903165817261,2.6859662532806396,47.379825592041016
Berea Buff,46,18.70772933959961,36.1535758972168,0.9154466269947585,38.016380310058594,0.9320956468582153,5.827846527099609,48.27214050292969
Berea Buff,47,17.469392776489258,34.55238723754883,0.9358826967035017,35.1207160949707,0.6820136308670044,3.5183944702148438,46.934906005859375
Berea Buff,48,30.13112449645996,50.07585144042969,0.8721844509206559,28.781076431274414,1.318644404411316,2.5780489444732666,40.39971160888672
Berea Buff,49,20.618743896484375,44.484214782714844,0.8746715163772033,31.55329132080078,0.8860359191894531,2.1121938228607178,41.610050201416016
Berea Buff,50,27.44820785522461,51.92683792114258,0.8556846737324924,31.603588104248047,1.2943174839019775,3.6988449096679688,41.465152740478516
Berea Buff,51,28.532180786132812,51.05908966064453,0.8618952448943137,28.995716094970703,0.9661826491355896,2.4553110599517822,40.66632080078125
Berea Buff,52,14.502379417419434,23.04531478881836,0.9533293251876096,30.333141326904297,0.7053295373916626,4.770643711090088,40.41520690917969
Berea Buff,53,14.089839935302734,22.757349014282227,0.9606076907105862,30.810991287231445,0.7826582193374634,4.6171088218688965,40.31740951538086
Berea Buff,54,10.688886642456055,23.311107635498047,0.9547051821190725,32.1060905456543,0.7554734349250793,4.759491920471191,40.58968734741211
Berea Buff,55,11.783777236938477,23.680051803588867,0.9531831838617792,31.661334991455078,0.8392764925956726,5.393106460571289,40.44969940185547
Berea Buff,56,30.978166580200195,68.77307891845703,0.732089517969349,41.533599853515625,0.7940040230751038,23.193010330200195,50.32783126831055
Berea Buff,57,38.78746032714844,70.2889633178711,0.7247364718812851,39.66621398925781,0.7017936110496521,21.109176635742188,50.192039489746094
Berea Buff,58,40.74439239501953,71.06102752685547,0.7457624123306292,39.61582565307617,0.8490490317344666,20.088472366333008,50.003604888916016
Berea Buff,59,45.00856399536133,79.793701171875,0.7347199646277981,41.341064453125,0.8197162747383118,12.06289291381836,50.438316345214844
Berea Buff,60,0.5339747667312622,40.02458572387695,0.8458505634058443,35.187374114990234,0.669904351234436,0.01743641309440136,43.81426239013672
Berea Buff,61,0.5842099785804749,43.3643798828125,0.8042211219319045,34.327980041503906,0.5470600724220276,2.797222852706909,44.496971130371094
Berea Buff,62,0.6717937588691711,38.02539825439453,0.8234733706438485,35.56275939941406,0.6844749450683594,0.8993856906890869,45.08775329589844
Berea Buff,63,1.3103197813034058,40.26160430908203,0.8305222552767308,35.549991607666016,0.5954453945159912,3.5399105548858643,44.194087982177734
Berea Buff,64,23.95340347290039,31.65032196044922,0.9560401635901612,29.063629150390625,0.6117956638336182,1.9573312997817993,39.58970260620117
Berea Buff,65,9.285901069641113,31.912477493286133,0.8955740116534293,29.517763137817383,0.9683536291122437,7.535466194152832,40.211936950683594
Berea Buff,66,16.426177978515625,25.888795852661133,0.9476906254213918,30.067852020263672,0.6949343085289001,4.442885875701904,39.58369445800781
Berea Buff,67,20.012170791625977,27.869543075561523,0.9452441048561251,29.123300552368164,0.8487045168876648,2.8908982276916504,39.225555419921875
Berea Buff,68,10.256011962890625,16.917844772338867,0.9553141940586551,22.27547836303711,0.6188467741012573,0.4432468116283417,36.493778228759766
Berea Buff,69,12.62662410736084,18.233667373657227,0.965101826358539,23.55276870727539,0.5817500948905945,1.2166461944580078,36.09462356567383
Berea Buff,70,12.436592102050781,18.155118942260742,0.9590112834733685,23.66364288330078,0.6235673427581787,0.18414004147052765,37.006553649902344
Berea Buff,71,14.310196876525879,19.15837287902832,0.9535184655678616,22.224271774291992,0.6122456192970276,3.4282336235046387,37.2408447265625
Berea Buff,72,38.337646484375,40.58231735229492,0.9424980844392313,31.478649139404297,0.6066991686820984,6.887144088745117,41.792728424072266
Berea Buff,73,39.102535247802734,40.178611755371094,0.9484405682826593,31.874053955078125,0.7524291276931763,4.102538585662842,41.99643325805664
Berea Buff,74,38.5043830871582,39.93024444580078,0.966810865315561,32.409793853759766,0.5777536034584045,5.242889881134033,41.70263671875
Berea Buff,75,35.392913818359375,38.32280731201172,0.949430170363289,30.97541618347168,0.7134599685668945,4.9680657386779785,41.46956253051758
Berea Buff,76,0.8587732911109924,31.43271255493164,0.9005866333953504,26.383743286132812,0.7183544039726257,2.8046319484710693,38.10921096801758
Berea Buff,77,0.6607457399368286,30.77107048034668,0.9029110965613546,25.12249183654785,0.9697253108024597,1.3836499452590942,37.71532440185547
Berea Buff,78,3.440917730331421,30.346771240234375,0.8920190399249501,24.213455200195312,0.7318809032440186,4.4778947830200195,37.101104736328125
Berea Buff,79,0.11996036022901535,33.069149017333984,0.8796579677929782,25.251384735107422,1.0163064002990723,6.525415897369385,37.233585357666016
Berea Buff,80,5.218556880950928,40.535743713378906,0.8493516467657669,30.644325256347656,0.4813610315322876,1.789516568183899,40.23297119140625
Berea Buff,81,11.067679405212402,39.930538177490234,0.8692613306229037,29.3754940032959,0.8463245034217834,0.583574116230011,40.02291488647461
Berea Buff,82,5.231890678405762,37.07207489013672,0.863740960733653,28.04139518737793,0.4136514961719513,2.67562198638916,39.18991470336914
Berea Buff,83,6.499758243560791,39.67192840576172,0.8503024157280287,29.176305770874023,0.8080610036849976,2.360201835632324,39.91175079345703
Berea Buff,84,39.85789108276367,58.98281478881836,0.8589778447222287,34.69825744628906,0.7343007326126099,1.2204601764678955,44.82394027709961
Berea Buff,85,41.399837493896484,60.980262756347656,0.8384408725247442,31.208721160888672,1.1086469888687134,0.6409276127815247,44.08347702026367
Berea Buff,86,48.7242431640625,72.002685546875,0.8470816259143874,33.16260528564453,0.8713685274124146,2.885061502456665,44.43096923828125
Berea Buff,87,46.10365676879883,66.89421844482422,0.8617295350786813,36.02281951904297,1.228882074356079,1.884849190711975,45.70566940307617
Berea Buff,88,12.906987190246582,28.538888931274414,0.9119727024665134,30.87735366821289,0.8738139271736145,6.231314182281494,44.881874084472656
Berea Buff,89,16.224388122558594,30.6120548248291,0.9025612124381323,30.44697380065918,1.0109130144119263,8.311603546142578,45.9370002746582
Berea Buff,90,14.326576232910156,30.544784545898438,0.9023619558390434,31.90508270263672,0.8409638404846191,7.835836887359619,45.455326080322266
Berea Buff,91,6.750794410705566,28.328683853149414,0.9175921256836945,31.880626678466797,1.089076042175293,5.350225448608398,45.35264587402344
Berea Buff,92,29.101274490356445,55.83684158325195,0.8186406108014316,33.58088302612305,1.2673572301864624,2.20757794380188,48.94742965698242
Berea Buff,93,38.763309478759766,67.59822845458984,0.8144937720157268,35.69818115234375,1.1463154554367065,3.157048463821411,50.007083892822266
Berea Buff,94,33.450904846191406,61.48478698730469,0.8205909712246492,35.64917755126953,1.2938905954360962,2.665393590927124,50.45095443725586
Berea Buff,95,30.55146026611328,67.004638671875,0.7563248371601653,33.64452362060547,1.1243723630905151,2.973742961883545,49.469242095947266
Berea Buff,96,9.847904205322266,23.596384048461914,0.9443576321215827,22.02878761291504,0.5505803823471069,2.226466178894043,38.410011291503906
Berea Buff,97,9.807954788208008,26.386201858520508,0.9345727869905481,22.678464889526367,0.762350857257843,2.6004698276519775,39.68959426879883
Berea Buff,98,8.88244342803955,26.701005935668945,0.9332195219342143,22.184600830078125,0.5442408323287964,2.7708351612091064,38.59574890136719
Berea Buff,99,8.750714302062988,23.798887252807617,0.9422564610197327,21.5225772857666,0.7689177989959717,1.4023082256317139,38.85007858276367
Berea Buff,100,39.17116165161133,43.82863235473633,0.9237147465959767,23.97267723083496,0.5434667468070984,11.599903106689453,38.9429817199707
Berea Buff,101,36.72574234008789,40.613765716552734,0.9339043152165781,24.14777374267578,0.7026652693748474,9.491985321044922,39.78328323364258
Berea Buff,102,37.736175537109375,41.27289962768555,0.9231889541438009,23.295730590820312,0.5056813955307007,8.322641372680664,37.710086822509766
Berea Buff,103,40.05445861816406,44.214332580566406,0.9160678353094838,23.488740921020508,0.6265283226966858,10.533649444580078,37.7727165222168
Berea Buff,104,4.8171916007995605,32.20558166503906,0.890981230992061,26.695650100708008,0.8013182878494263,4.159162998199463,40.3186149597168
Berea Buff,105,4.897003173828125,31.690284729003906,0.8898310041538118,26.144432067871094,0.7096878886222839,6.128781318664551,40.23501205444336
Berea Buff,106,10.00039291381836,34.762393951416016,0.8945782926240239,26.416610717773438,0.8399021029472351,8.123607635498047,39.881839752197266
Berea Buff,107,12.8168306350708,30.390296936035156,0.9159228333829301,25.968128204345703,0.8005560040473938,4.828530788421631,39.031192779541016
Berea Buff,108,9.058512687683105,38.23842239379883,0.8471122611932596,23.104259490966797,0.8162392973899841,0.28527405858039856,38.12099838256836
Berea Buff,109,7.496429920196533,39.47040557861328,0.8476257603295753,25.124109268188477,0.6847124099731445,1.1830092668533325,39.67171096801758
Berea Buff,110,10.180001258850098,35.451473236083984,0.886335415778947,25.190753936767578,0.8744580149650574,1.807815432548523,39.5181999206543
Berea Buff,111,8.503707885742188,37.15099334716797,0.8741379518678378,23.85997772216797,0.6821682453155518,1.0316228866577148,38.75810241699219
Berea Buff,112,45.535789489746094,50.30002975463867,0.93769079433125,28.232532501220703,0.6556727886199951,4.192666530609131,42.04582595825195
Berea Buff,113,44.3974723815918,49.45499801635742,0.9486177489745651,27.124832153320312,0.804531991481781,3.890441656112671,40.56277084350586
Berea Buff,114,45.041934967041016,50.177490234375,0.9449981325241303,28.614076614379883,0.6741520762443542,2.5211355686187744,40.492008209228516
Berea Buff,115,46.50719451904297,51.25284194946289,0.9428525405193748,29.318166732788086,0.784204363822937,2.5960726737976074,41.4575309753418
Berea Buff,116,10.228841781616211,38.335731506347656,0.8326689251475125,30.848827362060547,0.5657197833061218,2.166030168533325,44.914127349853516
Berea Buff,117,11.556689262390137,35.69623947143555,0.8582812294101465,31.128511428833008,0.45018911361694336,0.2472582757472992,45.71151351928711
Berea Buff,118,16.15647315979004,34.29205322265625,0.8740885405447205,32.439300537109375,0.48919621109962463,5.000171661376953,45.316131591796875
Berea Buff,119,16.025856018066406,34.46444320678711,0.8766369617496834,31.72244644165039,0.4430233836174011,2.449831962585449,44.00442886352539
Berea Buff,120,49.73933792114258,62.90320587158203,0.5704499849205555,40.1766357421875,0.8574973940849304,14.66730785369873,52.10371017456055
Berea Buff,121,62.598697662353516,70.70393371582031,0.5153770590231649,43.41337966918945,1.1721830368041992,15.88485050201416,53.32475280761719
Berea Buff,122,54.749717712402344,70.48554992675781,0.48299309765365867,46.538734436035156,0.7574257850646973,29.674047470092773,52.262447357177734
Berea Buff,123,51.22667694091797,67.44251251220703,0.49749973751397925,43.420013427734375,1.1550010442733765,17.62615394592285,52.398170471191406
Berea Buff,124,21.684646606445312,26.33949089050293,0.9705337011416413,26.653533935546875,0.9011421799659729,1.9658384323120117,39.50586700439453
Berea Buff,125,21.425121307373047,26.036029815673828,0.9713643781956628,27.6888427734375,0.7196985483169556,1.1062664985656738,40.002132415771484
Berea Buff,126,17.87525177001953,23.017148971557617,0.9693187156137647,28.97471809387207,0.9392349123954773,0.738088071346283,40.22897720336914
Berea Buff,127,19.451204299926758,22.782737731933594,0.9760669366010233,27.52215576171875,0.7283642292022705,1.3947042226791382,39.29647445678711
Berea Buff,128,94.05257415771484,123.48226928710938,0.7685655727445047,41.3923225402832,1.720457911491394,7.635112762451172,51.88184356689453
Berea Buff,129,80.83541107177734,104.96813201904297,0.7409135984865766,42.170166015625,1.5444978475570679,1.454748272895813,51.02288818359375
Berea Buff,130,86.50498962402344,115.43693542480469,0.6783100880604152,40.41795349121094,1.5916829109191895,6.315624713897705,50.79515075683594
Berea Buff,131,92.60389709472656,116.88726806640625,0.7202616106227457,40.27821350097656,1.9436644315719604,11.328320503234863,51.78870391845703
Berea Buff,132,40.94681167602539,39.05583572387695,0.9473568728758639,36.71811294555664,0.9834620952606201,12.31432056427002,44.265357971191406
Berea Buff,133,43.72453689575195,39.7973747253418,0.9525623025425282,35.169612884521484,0.8094372749328613,8.797688484191895,45.17825698852539
Berea Buff,134,45.08782196044922,44.06925964355469,0.9582588175902624,35.67597961425781,1.1669032573699951,0.5497112274169922,44.629878997802734
Berea Buff,135,33.006675720214844,33.10500717163086,0.9457045186315778,37.00175094604492,0.7391513586044312,8.529509544372559,44.146095275878906
Berea Buff,136,24.852575302124023,29.880224227905273,0.9726478035127557,25.39565658569336,0.7417557835578918,2.3403286933898926,41.23891067504883
Berea Buff,137,26.688657760620117,31.649799346923828,0.9754300572732307,25.06979751586914,0.6152852773666382,4.855611324310303,40.14712142944336
Berea Buff,138,23.424591064453125,30.2252254486084,0.9621389459012785,25.019502639770508,0.7401024103164673,2.2647006511688232,40.97565460205078
Berea Buff,139,28.518156051635742,32.60268020629883,0.9719432679505906,25.51413917541504,0.6192365288734436,3.3403663635253906,42.1803092956543
Berea Buff,140,10.434640884399414,30.809404373168945,0.9229574856787652,34.13581848144531,1.0596733093261719,5.2785515785217285,43.21300506591797
Berea Buff,141,9.382941246032715,27.68110466003418,0.918132032164033,31.91676902770996,0.8078654408454895,2.266768217086792,42.06818771362305
Berea Buff,142,13.163734436035156,37.350982666015625,0.878093386787892,31.853588104248047,1.0807530879974365,2.908275604248047,43.66468811035156
Berea Buff,143,11.388785362243652,31.82640266418457,0.9099091047284632,33.157615661621094,0.8553270697593689,6.575948715209961,44.272613525390625
Berea Buff,144,7.424174785614014,25.695476531982422,0.9043106125536968,25.652265548706055,0.5742434859275818,4.896337032318115,42.54610824584961
Berea Buff,145,4.793579578399658,26.351062774658203,0.8877277583294183,25.992116928100586,1.046783447265625,2.0012803077697754,43.41322326660156
Berea Buff,146,4.966015815734863,27.917606353759766,0.8905674053165166,25.924341201782227,0.6151607036590576,2.9238133430480957,44.242191314697266
Berea Buff,147,10.95097541809082,31.308584213256836,0.8810000600152489,25.8714542388916,1.1310738325119019,6.127319812774658,44.40290069580078
Berea Buff,148,29.969884872436523,51.872337341308594,0.8012570050000902,23.948368072509766,1.0251384973526,3.7219629287719727,37.949859619140625
Berea Buff,149,29.73296356201172,49.52632522583008,0.8195534830657073,22.367713928222656,0.6550112962722778,2.99782657623291,38.01449203491211
Berea Buff,150,35.02089309692383,50.42829132080078,0.8287362180811976,23.37455940246582,1.0838899612426758,3.876920223236084,39.61993408203125
Berea Buff,151,34.94945526123047,53.06216049194336,0.8052791050455519,24.742998123168945,0.7155701518058777,4.375058174133301,39.80409240722656
Berea Buff,152,29.029436111450195,37.742095947265625,0.9142260351216277,42.98672866821289,1.3364990949630737,3.7497470378875732,45.91550064086914
Berea Buff,153,30.262836456298828,36.980464935302734,0.9260420003286745,44.30207061767578,0.8464255928993225,1.2586698532104492,45.282920837402344
Berea Buff,154,29.946720123291016,37.70669937133789,0.9303720905483113,44.32012176513672,1.3328368663787842,2.1310226917266846,44.37051010131836
Berea Buff,155,26.6815128326416,37.80256271362305,0.9201890779140321,42.639793395996094,0.8938204646110535,3.208451509475708,45.18632507324219
Berea Buff,156,0.2255813628435135,21.66489601135254,0.9452697651827068,28.032344818115234,0.46691250801086426,4.2634077072143555,39.87861633300781
Berea Buff,157,4.567223072052002,20.272478103637695,0.9525537143882477,29.807397842407227,0.8576061129570007,5.183477401733398,38.767879486083984
Berea Buff,158,4.9840312004089355,23.420238494873047,0.9384194139065111,30.831453323364258,0.47485530376434326,5.796825408935547,39.19037628173828
Berea Buff,159,0.5938140153884888,20.065542221069336,0.9503190882192276,29.841934204101562,0.8180630207061768,5.7763471603393555,38.75607681274414
Berea Buff,160,35.101070404052734,36.58995819091797,0.9129599137157305,33.532005310058594,0.7055565118789673,0.4692516028881073,49.08440017700195
Berea Buff,161,33.123992919921875,37.67790985107422,0.9075868938182895,37.25847244262695,0.951143741607666,0.2860884368419647,48.79895782470703
Berea Buff,162,32.851253509521484,39.345008850097656,0.893350650943308,38.07887268066406,0.6356135010719299,3.569894790649414,48.84474563598633
Berea Buff,163,27.66549301147461,34.14821243286133,0.9099634061568067,35.50027084350586,0.7420721054077148,6.727113723754883,48.784393310546875
Berea Buff,164,14.783997535705566,32.476375579833984,0.889760468318424,24.800912857055664,0.5576121211051941,14.669687271118164,38.606285095214844
Berea Buff,165,16.873519897460938,34.19670486450195,0.8776527568719984,26.277620315551758,0.6416431665420532,16.317079544067383,40.406253814697266
Berea Buff,166,16.24775505065918,32.79857635498047,0.8899860612609762,26.842681884765625,0.5439671874046326,18.571107864379883,41.23926544189453
Berea Buff,167,18.065216064453125,33.95549392700195,0.8783355981373887,25.08746910095215,0.6134505271911621,15.164896965026855,40.14141845703125
Berea Buff,168,80.12276458740234,87.56812286376953,0.7048841896429274,33.629638671875,0.9300458431243896,5.722997188568115,43.90850830078125
Berea Buff,169,76.09821319580078,87.54483795166016,0.6932818173898753,34.68043899536133,0.9516773223876953,7.206366539001465,44.340145111083984
Berea Buff,170,68.09053802490234,85.54862213134766,0.7040335839244829,33.98606872558594,0.8430441617965698,4.318582534790039,44.673152923583984
Berea Buff,171,58.62098693847656,74.18087005615234,0.7202747954822712,33.480552673339844,0.7963127493858337,9.551977157592773,44.47938919067383
Berea Buff,172,17.908552169799805,21.170551300048828,0.9750034479007377,16.792953491210938,0.7319185137748718,0.572729766368866,37.10244369506836
Berea Buff,173,21.214136123657227,23.563411712646484,0.9810967073963494,16.178070068359375,1.0086508989334106,0.2560631334781647,37.43350601196289
Berea Buff,174,24.400583267211914,27.602886199951172,0.9707577871056418,17.077098846435547,0.6766352653503418,0.5829387307167053,37.505252838134766
Berea Buff,175,21.575252532958984,24.79885482788086,0.9653781786427947,17.817808151245117,0.97267746925354,0.48397478461265564,37.7680549621582
Berea Buff,176,39.67912673950195,65.58582305908203,0.8561355664273725,26.66544532775879,1.4444669485092163,2.4021425247192383,44.117557525634766
Berea Buff,177,47.87495040893555,77.96379852294922,0.8255678103716538,26.563684463500977,1.0365749597549438,4.048625946044922,44.750038146972656
Berea Buff,178,38.85388946533203,66.43299865722656,0.8444522361629413,26.97446632385254,1.4247751235961914,3.560295581817627,44.93790817260742
Berea Buff,179,36.21788024902344,66.26351928710938,0.8300611021874423,27.271385192871094,0.8987076878547668,2.4756624698638916,45.506797790527344
Berea Buff,180,29.030988693237305,29.340333938598633,0.9580734784535555,26.115402221679688,0.6512050032615662,1.375422716140747,39.575191497802734
Berea Buff,181,30.434188842773438,31.144115447998047,0.9596349969859436,24.712495803833008,0.9365938305854797,0.5922774076461792,39.61073684692383
Berea Buff,182,33.178916931152344,33.53932189941406,0.9490853121239761,25.577205657958984,0.6249683499336243,1.6322706937789917,40.74494934082031
Berea Buff,183,34.09161376953125,34.62373733520508,0.9483503995626174,26.611623764038086,0.9088858366012573,1.5352451801300049,40.738468170166016
Berea Buff,184,16.89417839050293,31.060871124267578,0.931146820213631,32.640323638916016,0.636289656162262,2.7303903102874756,46.57905578613281
Berea Buff,185,10.677016258239746,34.797359466552734,0.8881562853084218,32.497528076171875,0.5961150527000427,4.75251579284668,47.389427185058594
Berea Buff,186,9.364340782165527,26.389795303344727,0.9359780682790818,33.500274658203125,0.6722581386566162,5.843976020812988,48.013545989990234
Berea Buff,187,5.974178314208984,29.747814178466797,0.9076699646626453,33.65664291381836,0.6859458088874817,0.6737275719642639,47.18946075439453
Berea Buff,188,16.607566833496094,24.588788986206055,0.940283651764683,20.95212745666504,0.5712102055549622,2.086005449295044,34.28301239013672
Berea Buff,189,20.071680068969727,26.30952262878418,0.93094242170734,21.638282775878906,0.7682300209999084,1.8148924112319946,35.46406173706055
Berea Buff,190,20.36086654663086,27.37800407409668,0.9349752985019165,20.62903594970703,0.5550830364227295,1.3697905540466309,34.7425422668457
Berea Buff,191,21.74366569519043,27.873537063598633,0.9374824923799777,20.82638168334961,0.7278370261192322,3.255797863006592,35.4353141784668
Berea Buff,192,17.94707679748535,28.252349853515625,0.9223994049091097,26.29537582397461,0.4877414107322693,0.8788735270500183,39.88405227661133
Berea Buff,193,21.164085388183594,28.8742618560791,0.9337011352303017,25.168163299560547,0.34988921880722046,1.3649320602416992,40.3137321472168
Berea Buff,194,20.042041778564453,27.748319625854492,0.9357987367203064,25.82871437072754,0.519925594329834,2.4004015922546387,40.03217697143555
Berea Buff,195,17.122041702270508,27.96561622619629,0.9182333738187848,26.473941802978516,0.40300485491752625,2.6152126789093018,39.64988708496094
Berea Buff,196,2.937140941619873,23.36092185974121,0.9278770199349005,31.914567947387695,0.4462815523147583,0.9970974326133728,39.576080322265625
Berea Buff,197,9.029487609863281,27.503572463989258,0.9151372259905232,30.83648109436035,0.7508091330528259,5.025089263916016,39.966888427734375
Berea Buff,198,6.345012664794922,24.012489318847656,0.9389743352274974,29.79988670349121,0.45626547932624817,0.5224778652191162,38.90852737426758
Berea Buff,199,4.57597017288208,22.73741912841797,0.943438753867573,31.250402450561523,0.7490310668945312,1.1425634622573853,38.752872467041016
Berea Buff,200,14.28429889678955,36.408348083496094,0.9152375315417864,30.619464874267578,0.6465514302253723,14.637539863586426,42.86787796020508
Berea Buff,201,15.266717910766602,40.493770599365234,0.8986655875559136,30.964967727661133,0.8776702880859375,11.01800537109375,43.42654037475586
Berea Buff,202,7.47959566116333,34.92226028442383,0.9102534229943896,33.76692581176758,0.617138147354126,12.568792343139648,43.610923767089844
Berea Buff,203,9.79836368560791,34.127410888671875,0.9191395440032767,32.280826568603516,0.8531729578971863,12.991898536682129,42.966087341308594
Berea Buff,204,5.43855619430542,21.164140701293945,0.9502388623649829,24.830310821533203,0.7670361399650574,2.514862537384033,38.174827575683594
Berea Buff,205,12.410944938659668,23.202634811401367,0.9583035885978443,25.166709899902344,0.8480424880981445,6.730194091796875,39.614227294921875
Berea Buff,206,8.772768020629883,29.10516929626465,0.9150086595258934,24.93202781677246,0.7491081953048706,4.6593780517578125,39.6974983215332
Berea Buff,207,7.751291751861572,24.499820709228516,0.9449397533511106,25.947551727294922,0.9053707718849182,5.206670761108398,39.18873977661133
Leopard,0,17.130056381225586,24.960054397583008,0.9004422181196808,34.73894119262695,0.6502387523651123,8.241090774536133,46.97774124145508
Leopard,1,28.12375831604004,20.930618286132812,0.905238866742326,33.77713394165039,1.0605027675628662,6.0341477394104,45.40899658203125
Leopard,2,23.17700958251953,26.308897018432617,0.866595132998072,34.774261474609375,0.7047969102859497,5.740487575531006,44.990882873535156
Leopard,3,11.723501205444336,31.85336685180664,0.8415760009907851,34.92159652709961,0.9051627516746521,8.932061195373535,46.49934387207031
Leopard,4,7.9788641929626465,26.94117546081543,0.9348895329705269,24.80588722229004,0.77920001745224,2.4629602432250977,39.195491790771484
Leopard,5,10.552138328552246,27.345661163330078,0.9373520592074275,23.765092849731445,0.7449989914894104,1.9962435960769653,38.71019744873047
Leopard,6,7.3700175285339355,26.74677276611328,0.9279159080440231,23.236122131347656,0.8103350400924683,1.8465087413787842,38.38534164428711
Leopard,7,6.940408706665039,28.506576538085938,0.9249285305313679,24.0344181060791,0.7783714532852173,1.361897349357605,38.7877082824707
Leopard,8,532.0038452148438,623.1206665039062,0.3161421698686507,43.14295959472656,4.368854522705078,19.092859268188477,50.582847595214844
Leopard,9,551.6871948242188,656.5615844726562,0.305601241357644,47.714569091796875,4.678830623626709,16.318084716796875,50.6538200378418
Leopard,10,496.99505615234375,565.904541015625,0.30835795943949484,46.74391555786133,4.599878311157227,7.681323051452637,49.98920822143555
Leopard,11,445.8990478515625,512.6251220703125,0.3305729228774789,45.655677795410156,3.5809004306793213,20.99481201171875,50.72776412963867
Leopard,12,81.34935760498047,140.62864685058594,0.5468063563387559,33.70779800415039,1.50361168384552,8.141217231750488,42.36727523803711
Leopard,13,66.15483093261719,124.77104187011719,0.5546716857520151,33.10778045654297,1.1588212251663208,5.892541885375977,43.42470169067383
Leopard,14,77.86604309082031,136.0767059326172,0.5509481260275862,32.627227783203125,1.4859365224838257,8.370384216308594,42.36569595336914
Leopard,15,101.97676849365234,161.9647674560547,0.528442800891289,32.84412384033203,1.6521683931350708,11.926615715026855,41.760345458984375
Leopard,16,48.455528259277344,51.92386245727539,0.8248361201532484,38.9230842590332,1.1892324686050415,6.922646522521973,52.525726318359375
Leopard,17,60.354854583740234,58.128814697265625,0.8141942312227174,41.06422805786133,1.1506448984146118,3.6570684909820557,52.511810302734375
Leopard,18,65.85247039794922,62.20081329345703,0.8349114956940209,42.640525817871094,1.20895254611969,0.6847474575042725,51.25612258911133
Leopard,19,54.407596588134766,58.49225616455078,0.8156267738752803,38.99716567993164,1.2022008895874023,3.132760524749756,51.68474197387695
Leopard,20,15.04486083984375,75.61913299560547,0.7627549586481845,38.244895935058594,1.0134575366973877,1.1860798597335815,44.22926330566406
Leopard,21,20.743682861328125,71.6650390625,0.8122660900979003,37.804500579833984,0.8278514742851257,4.191389560699463,44.38966369628906
Leopard,22,24.08616065979004,78.09512329101562,0.7658069373097796,37.33111572265625,1.0440402030944824,3.998713970184326,43.80906295776367
Leopard,23,19.64501190185547,81.18587493896484,0.7409395964526511,37.88173294067383,0.8719322681427002,0.2767992615699768,44.18764877319336
Leopard,24,14.429219245910645,32.07915496826172,0.8677467446481896,36.766536712646484,0.8954116106033325,3.0199570655822754,41.665565490722656
Leopard,25,15.225584983825684,31.304502487182617,0.8855211180262509,37.623069763183594,0.5881264209747314,2.88515305519104,42.237972259521484
Leopard,26,13.984513282775879,27.178796768188477,0.903416436298061,39.4190559387207,0.8915172219276428,3.6196775436401367,42.58645248413086
Leopard,27,13.910396575927734,30.726268768310547,0.8870050319214986,39.0155029296875,0.5597688555717468,3.7143850326538086,42.43162536621094
Leopard,28,9.846784591674805,19.6905517578125,0.979385621049703,35.818931579589844,0.7927421927452087,4.757061004638672,40.90541076660156
Leopard,29,15.197986602783203,22.375707626342773,0.9821335972792921,35.84490203857422,1.039786458015442,9.874921798706055,42.162986755371094
Leopard,30,16.514549255371094,24.206499099731445,0.9799291154273851,35.05434799194336,0.7172180414199829,5.801510810852051,41.53897476196289
Leopard,31,14.192322731018066,22.693008422851562,0.97815264649734,35.077171325683594,1.0699445009231567,3.529423713684082,41.52522659301758
Leopard,32,40.032222747802734,42.2238655090332,0.8830756891920076,34.16297912597656,0.5226064324378967,1.1829200983047485,39.46846008300781
Leopard,33,35.486629486083984,39.98926544189453,0.8720219326145999,34.48016357421875,0.6066569685935974,5.203397750854492,39.563270568847656
Leopard,34,38.02361297607422,40.185916900634766,0.8884982055156772,35.36334228515625,0.50799560546875,5.235409259796143,39.92963790893555
Leopard,35,37.604461669921875,42.974693298339844,0.854946745132212,35.7939567565918,0.5845369100570679,5.256026744842529,40.79273223876953
Leopard,36,31.1824893951416,32.72452163696289,0.9734707851069765,41.39286804199219,1.5040818452835083,2.414396286010742,43.552581787109375
Leopard,37,24.985260009765625,27.986461639404297,0.9705999844986427,41.215354919433594,1.036149263381958,3.125091791152954,43.58475112915039
Leopard,38,27.084941864013672,29.68800163269043,0.9744013115388437,37.92612838745117,1.4599499702453613,2.414665937423706,42.186317443847656
Leopard,39,29.49058723449707,33.02402114868164,0.9717839455354339,37.59183120727539,1.1010044813156128,3.1538734436035156,41.8521614074707
Leopard,40,24.923429489135742,46.11602783203125,0.840472819571941,33.54510498046875,0.7472193241119385,8.044459342956543,50.2872314453125
Leopard,41,22.90610122680664,44.9159049987793,0.85798633288083,33.80284881591797,0.5598439574241638,8.413887023925781,51.86568069458008
Leopard,42,25.272480010986328,43.47349166870117,0.8464900093005102,34.86225509643555,0.8098666667938232,4.002238750457764,52.237449645996094
Leopard,43,22.019882202148438,44.64475631713867,0.8280803274013703,35.93546676635742,0.5521966814994812,7.108185768127441,51.450782775878906
Leopard,44,72.71206665039062,107.3720932006836,0.58908894341729,45.25370788574219,1.0654346942901611,14.855613708496094,48.45522689819336
Leopard,45,53.10127639770508,89.86495208740234,0.610046671718545,45.691287994384766,0.6482029557228088,12.273839950561523,48.756317138671875
Leopard,46,60.3741455078125,94.85548400878906,0.6011380135265646,48.48284912109375,0.9710134267807007,15.394681930541992,49.75350570678711
Leopard,47,74.09083557128906,108.6166000366211,0.5986719703003976,49.04010009765625,0.7775498032569885,21.939420700073242,49.14350891113281
Leopard,48,883.98486328125,674.4099731445312,0.07047975525382612,59.37971878051758,9.43476390838623,5.025115966796875,58.34681701660156
Leopard,49,827.4780883789062,584.505615234375,0.05676797489899632,58.67776870727539,8.71143913269043,3.2397067546844482,57.52407455444336
Leopard,50,829.7321166992188,563.0885009765625,0.05643598796055674,52.101158142089844,9.245017051696777,8.885153770446777,58.21200942993164
Leopard,51,768.5527954101562,535.2409057617188,0.05753598102430073,53.874122619628906,8.369843482971191,5.760430335998535,58.84566879272461
Leopard,52,22.195388793945312,25.039522171020508,0.9713838168504849,24.87425422668457,0.7959381341934204,2.0046348571777344,36.44231033325195
Leopard,53,23.41881561279297,25.527498245239258,0.9774272439318319,24.452049255371094,0.6709610819816589,0.6790832281112671,36.964874267578125
Leopard,54,23.697101593017578,25.858531951904297,0.9788420710750864,25.771923065185547,0.7375686168670654,6.1473612785339355,37.88438034057617
Leopard,55,24.473464965820312,26.545053482055664,0.9772232644799091,26.560901641845703,0.6557406187057495,3.5115628242492676,37.97200012207031
Leopard,56,18.621612548828125,21.727100372314453,0.9795647870808323,31.22740936279297,0.9803519248962402,1.9928427934646606,38.0562858581543
Leopard,57,18.75534439086914,22.039352416992188,0.9759067962678297,32.50204849243164,0.6858760118484497,4.889033794403076,39.152992248535156
Leopard,58,16.967012405395508,21.1188907623291,0.9794640638931739,31.419897079467773,0.9857969284057617,3.6186978816986084,38.39198303222656
Leopard,59,16.663543701171875,19.600261688232422,0.9872438449492107,30.699665069580078,0.7132495045661926,1.523093581199646,37.970340728759766
Leopard,60,277.69512939453125,162.78871154785156,0.420616269027126,44.23544692993164,3.0484368801116943,5.657346248626709,54.98517990112305
Leopard,61,284.5068359375,167.90179443359375,0.3711368978461268,45.143314361572266,3.2788779735565186,7.416476249694824,55.26462936401367
Leopard,62,307.6954040527344,203.1267852783203,0.3399379248332527,42.55343246459961,3.7648909091949463,13.838044166564941,54.72230529785156
Leopard,63,283.9550476074219,175.84056091308594,0.41065325939601716,42.19945526123047,3.334685802459717,9.281838417053223,55.27602005004883
Leopard,64,1.7272459268569946,24.843029022216797,0.9569985971140542,33.53297424316406,0.8984987735748291,4.852808475494385,45.57463073730469
Leopard,65,6.049139022827148,25.79665756225586,0.958391862553226,33.46658706665039,1.0136523246765137,1.5680580139160156,44.61697769165039
Leopard,66,3.09816312789917,24.095426559448242,0.9610656102130986,33.59701156616211,0.8789737820625305,2.9394500255584717,44.31267166137695
Leopard,67,3.2670328617095947,24.827661514282227,0.9511457636642339,33.28016662597656,0.9802068471908569,7.383938312530518,44.487693786621094
Leopard,68,61.42837142944336,52.26462936401367,0.7916138015636648,52.58107376098633,0.9939876794815063,6.352978229522705,51.4089469909668
Leopard,69,51.066062927246094,45.3438720703125,0.8239001952754463,52.448028564453125,0.6536563038825989,13.906164169311523,51.14263153076172
Leopard,70,51.98419952392578,42.64088821411133,0.807817881018083,51.36772155761719,0.8460437655448914,14.38067626953125,51.73088455200195
Leopard,71,46.19786834716797,40.49064636230469,0.8216114725678149,52.952430725097656,0.6062370538711548,14.189370155334473,52.75212478637695
Leopard,72,13.163914680480957,32.227088928222656,0.9261560561887818,42.885986328125,1.0410162210464478,3.7053983211517334,44.93101119995117
Leopard,73,4.5726704597473145,26.948163986206055,0.9308398196547923,40.35239791870117,1.1017380952835083,3.595595359802246,44.67334747314453
Leopard,74,12.645513534545898,29.131370544433594,0.9346320820437984,39.357486724853516,1.0369479656219482,5.3540802001953125,43.52275466918945
Leopard,75,13.384414672851562,31.58323860168457,0.9372843336245547,41.68726348876953,1.0135494470596313,3.021937131881714,45.056026458740234
Leopard,76,105.8624038696289,132.79119873046875,0.6546686706117436,42.55409240722656,1.639665961265564,0.3668554127216339,43.078346252441406
Leopard,77,99.1395492553711,133.7904510498047,0.6211342332133079,41.003700256347656,1.44888436794281,1.2398321628570557,42.81816101074219
Leopard,78,89.97016906738281,120.01213073730469,0.6332903569009619,41.3584098815918,1.4656169414520264,3.207603931427002,41.63224792480469
Leopard,79,105.14994049072266,135.36199951171875,0.6192452304451402,41.212425231933594,1.5772595405578613,0.6233521699905396,42.24681091308594
Leopard,80,53.10944366455078,54.01959991455078,0.9234968124775427,22.512651443481445,0.5861315131187439,10.520658493041992,38.36662292480469
Leopard,81,51.58805465698242,52.32173156738281,0.9324188711610255,23.114482879638672,0.5981988906860352,9.089797019958496,38.986968994140625
Leopard,82,52.7723503112793,54.055606842041016,0.9117871276076287,22.435489654541016,0.5837650895118713,10.892602920532227,38.19626235961914
Leopard,83,51.94680404663086,52.9694709777832,0.9012580321584492,22.107749938964844,0.5723268985748291,10.085844039916992,37.95757293701172
Leopard,84,23.967182159423828,37.36237335205078,0.8635342468947484,24.098018646240234,0.619019091129303,2.680367946624756,47.264156341552734
Leopard,85,17.58747100830078,37.10221862792969,0.8807324755988859,24.20829200744629,0.9483208656311035,0.10171587020158768,48.875823974609375
Leopard,86,14.315658569335938,37.288055419921875,0.8807287068315075,22.334197998046875,0.7350220680236816,1.8340951204299927,47.99500274658203
Leopard,87,18.947412490844727,36.08402633666992,0.8756380687470411,22.930152893066406,0.9294613599777222,0.0012075555277988315,47.430572509765625
Leopard,88,7.384268760681152,54.86123275756836,0.8382940746075179,47.85667419433594,0.9045731425285339,9.339329719543457,50.81144332885742
Leopard,89,2.174570083618164,57.612701416015625,0.8270965220451333,48.35074234008789,0.727264940738678,7.671896457672119,50.108726501464844
Leopard,90,5.956085205078125,51.646331787109375,0.843708505160992,43.15411376953125,0.8202294111251831,6.364193439483643,50.28495788574219
Leopard,91,5.909570217132568,44.86082077026367,0.8738884256354384,45.09734344482422,0.6649826169013977,17.92085075378418,51.00993728637695
Leopard,92,11.405110359191895,55.886470794677734,0.7328554036975959,36.73624038696289,0.7839369773864746,5.839798450469971,44.10271072387695
Leopard,93,5.889951229095459,57.15622329711914,0.7235237637614689,37.56526184082031,0.792896568775177,7.244940280914307,44.365970611572266
Leopard,94,5.453258514404297,51.00314712524414,0.7679840519713839,34.25753402709961,0.7396396398544312,7.907780170440674,43.46937942504883
Leopard,95,10.348620414733887,50.01463317871094,0.7632602614700625,33.226200103759766,0.7743945717811584,5.837650299072266,43.669864654541016
Leopard,96,21.441190719604492,52.37492370605469,0.8110383949030567,37.802337646484375,1.2411727905273438,4.248566150665283,46.30533981323242
Leopard,97,21.077428817749023,59.90873336791992,0.7694496944063106,39.71157455444336,0.9303413033485413,4.47622013092041,46.50136184692383
Leopard,98,14.40471363067627,57.124725341796875,0.7859578102030781,38.51872634887695,1.0643850564956665,13.297208786010742,46.336036682128906
Leopard,99,23.339128494262695,62.02170181274414,0.7582509636048701,36.53369903564453,0.898308277130127,7.752483367919922,45.84682846069336
Leopard,100,25.937747955322266,28.743635177612305,0.9616545727140359,32.885047912597656,1.1367255449295044,4.985926151275635,44.35289764404297
Leopard,101,28.578699111938477,31.18067169189453,0.9598135098680377,33.331417083740234,0.9266436100006104,6.111034393310547,44.397029876708984
Leopard,102,37.57569885253906,38.96530532836914,0.9481234385186079,34.559017181396484,1.2226614952087402,5.417545318603516,44.83463668823242
Leopard,103,35.97697830200195,36.10039138793945,0.959155408637263,33.056522369384766,0.9869633913040161,3.7992329597473145,44.02662658691406
Leopard,104,92.5647201538086,146.26602172851562,0.6361298756651574,28.996349334716797,1.4756110906600952,6.018607139587402,46.64685821533203
Leopard,105,85.34732818603516,129.19558715820312,0.6988772586900018,26.70963478088379,2.0670840740203857,4.993937969207764,43.5493278503418
Leopard,106,72.0881576538086,113.87696075439453,0.7108676297722434,27.864990234375,1.2262723445892334,3.9824910163879395,44.353050231933594
Leopard,107,65.0905990600586,109.61221313476562,0.6808790396024892,29.082347869873047,1.8694871664047241,4.087531089782715,46.5465202331543
Leopard,108,50.79912185668945,96.30653381347656,0.7557474397844915,36.17396545410156,1.3768166303634644,14.9649658203125,49.21121597290039
Leopard,109,43.36060333251953,81.70951843261719,0.8060658304691207,39.89789581298828,1.4176692962646484,11.206524848937988,50.06637191772461
Leopard,110,41.708431243896484,85.91262817382812,0.8047146473281053,38.55508041381836,1.2970188856124878,11.950727462768555,49.834510803222656
Leopard,111,36.0740966796875,79.34834289550781,0.8162484785929935,36.78360366821289,1.3752903938293457,11.103581428527832,48.94028854370117
Leopard,112,54.93644714355469,93.78865814208984,0.6435120237558003,37.559452056884766,1.4067281484603882,5.901119232177734,43.001182556152344
Leopard,113,58.04243850708008,97.99459075927734,0.5941635858743549,38.699913024902344,1.262487769126892,6.849162578582764,43.829647064208984
Leopard,114,61.88140106201172,100.4012222290039,0.6357998097374968,38.92113494873047,1.4988242387771606,5.562536716461182,43.87508773803711
Leopard,115,64.72964477539062,111.8121337890625,0.5989437148650447,39.393497467041016,1.4059910774230957,2.8404104709625244,44.39006423950195
Leopard,116,6.099013328552246,28.919309616088867,0.9271211325600428,27.76906967163086,1.1913933753967285,2.2466719150543213,39.60541915893555
Leopard,117,0.6052797436714172,24.073429107666016,0.9377470382731866,28.358251571655273,1.0795389413833618,1.0499194860458374,39.108612060546875
Leopard,118,2.5921437740325928,25.744203567504883,0.9359332396355389,30.302701950073242,1.1204726696014404,1.3038016557693481,39.33164978027344
Leopard,119,0.45593249797821045,26.193714141845703,0.9352024245755367,28.216354370117188,1.1302661895751953,1.6774381399154663,40.042572021484375
Leopard,120,4.329471588134766,22.81251335144043,0.9639289276678996,32.78112030029297,1.1037572622299194,3.7497925758361816,48.09934616088867
Leopard,121,0.055007703602313995,21.135000228881836,0.9679325559565352,34.33550262451172,0.608642041683197,6.561399459838867,49.02497482299805
Leopard,122,6.812402248382568,25.000354766845703,0.9591344807041208,32.87431716918945,1.012954592704773,9.79232406616211,48.5333366394043
Leopard,123,11.121023178100586,26.031579971313477,0.9599610029728823,31.126379013061523,0.5136163830757141,7.638944625854492,48.025146484375
Leopard,124,104.74923706054688,140.79425048828125,0.6302960760811208,35.505340576171875,1.5144623517990112,11.982955932617188,47.097389221191406
Leopard,125,126.94587707519531,155.4568634033203,0.6339407817909958,32.14501190185547,1.851473331451416,7.058084964752197,46.92100524902344
Leopard,126,123.63201904296875,155.74427795410156,0.6069007842633356,31.795835494995117,1.7477705478668213,5.275355815887451,48.20256423950195
Leopard,127,94.94612884521484,121.74905395507812,0.6649055161833451,32.5346565246582,1.4482532739639282,12.40367317199707,46.2681884765625
Leopard,128,19.000123977661133,40.76897430419922,0.8595564185852634,43.61068344116211,0.5086891651153564,24.067853927612305,50.35867691040039
Leopard,129,21.39312744140625,43.67170333862305,0.7768009373377744,43.39794158935547,0.6070356965065002,27.879657745361328,51.96498107910156
Leopard,130,23.206005096435547,41.923683166503906,0.8069916828642745,41.40885543823242,0.5347117185592651,21.71595001220703,50.775604248046875
Leopard,131,21.330690383911133,40.24680709838867,0.8748884876737462,44.18803787231445,0.6003879308700562,27.094444274902344,50.72386169433594
Leopard,132,16.361827850341797,30.281822204589844,0.909955731287918,24.257287979125977,0.5374847650527954,3.5048298835754395,36.500328063964844
Leopard,133,20.701242446899414,31.4486083984375,0.9120399003799595,24.789356231689453,0.4105280339717865,0.7510294914245605,37.415069580078125
Leopard,134,14.182516098022461,28.038179397583008,0.9255711922145048,24.018314361572266,0.5382776260375977,6.150495529174805,37.68308639526367
Leopard,135,16.679229736328125,33.750972747802734,0.9018715263731331,23.76546859741211,0.4423877000808716,6.223983287811279,36.75896453857422
Leopard,136,17.394954681396484,69.48548889160156,0.6282893451763322,31.32733917236328,0.95220547914505,4.097560882568359,43.34667205810547
Leopard,137,16.537302017211914,61.87492752075195,0.6729937047126399,31.212310791015625,1.090828776359558,1.482892632484436,43.58005905151367
Leopard,138,15.670663833618164,67.00053405761719,0.6401143029300903,29.922260284423828,0.9360644221305847,3.5909507274627686,45.729679107666016
Leopard,139,18.135295867919922,72.25931549072266,0.6013664798062099,29.434629440307617,1.1768014430999756,5.492255687713623,45.774749755859375
Leopard,140,19.21831703186035,37.22156524658203,0.873581290550308,39.522735595703125,0.5595083236694336,10.646740913391113,46.20330810546875
Leopard,141,19.495464324951172,39.08724594116211,0.8464961021294376,40.81924819946289,0.9425303339958191,13.529349327087402,45.6600341796875
Leopard,142,14.681171417236328,38.42339324951172,0.8750215086115436,40.951332092285156,0.5394778847694397,14.915264129638672,46.33090591430664
Leopard,143,17.79961395263672,36.71686935424805,0.8814006808518624,39.43059158325195,0.9237786531448364,15.708327293395996,47.18709182739258
Leopard,144,22.651729583740234,36.0035285949707,0.9405478045528276,38.28976821899414,1.2501447200775146,7.965757369995117,42.358768463134766
Leopard,145,24.420867919921875,33.66698455810547,0.9551667842320356,36.70044708251953,1.4896215200424194,3.732743263244629,42.893489837646484
Leopard,146,17.119258880615234,25.235157012939453,0.9610689279549227,36.79709243774414,1.23808753490448,2.858227252960205,41.33469009399414
Leopard,147,27.018354415893555,37.74204635620117,0.9445083252642581,37.37232208251953,1.5348823070526123,3.1037423610687256,41.617576599121094
Leopard,148,22.817367553710938,38.08148193359375,0.8857331199701276,35.67277526855469,1.0163789987564087,3.411536693572998,46.1685905456543
Leopard,149,23.27617835998535,36.285484313964844,0.9166071080762699,35.28974151611328,0.6011619567871094,3.371227741241455,46.07783508300781
Leopard,150,13.529441833496094,32.68381881713867,0.9076200609079593,36.50950622558594,0.8842802047729492,6.699159622192383,46.427913665771484
Leopard,151,18.225072860717773,38.563499450683594,0.8652748371483008,36.72080993652344,0.531373143196106,4.418188571929932,46.46200180053711
Leopard,152,16.22552490234375,27.645721435546875,0.931110658846793,28.78266143798828,0.5187718868255615,7.192376613616943,38.167076110839844
Leopard,153,12.181294441223145,28.20049476623535,0.9191869413001229,27.324661254882812,0.721146821975708,8.996379852294922,38.609432220458984
Leopard,154,16.896631240844727,26.494365692138672,0.93115944960422,26.834213256835938,0.5137773752212524,8.398740768432617,38.70722579956055
Leopard,155,20.202754974365234,27.934202194213867,0.9387280880977481,28.129703521728516,0.6508193612098694,6.8295159339904785,39.455543518066406
Leopard,156,28.01157569885254,33.33742141723633,0.9471706363994667,33.570796966552734,0.6679956912994385,10.629605293273926,38.38591766357422
Leopard,157,31.51947784423828,36.07868576049805,0.9347372456881817,32.71982955932617,0.6374066472053528,7.004788875579834,39.06006622314453
Leopard,158,29.761104583740234,35.037200927734375,0.9366017194047349,31.354734420776367,0.6833781003952026,4.296750068664551,38.181114196777344
Leopard,159,27.439104080200195,32.842071533203125,0.9485171181369474,33.215023040771484,0.6185725927352905,9.674056053161621,37.99485397338867
Leopard,160,117.79296875,169.88595581054688,0.5214453807393867,41.91460037231445,1.271031141281128,0.906399130821228,49.212379455566406
Leopard,161,115.39855194091797,176.1167449951172,0.5154752357216139,44.20710372924805,1.4552645683288574,0.20986907184123993,49.626373291015625
Leopard,162,102.0444107055664,157.55857849121094,0.5037172684382799,43.203617095947266,1.0179387331008911,6.369143009185791,48.39992141723633
Leopard,163,112.31334686279297,169.8444061279297,0.48356478759383215,42.0121955871582,1.3102918863296509,2.434464454650879,48.66435623168945
Leopard,164,117.27523803710938,141.25186157226562,0.6948656038607408,47.2250862121582,2.0082545280456543,0.7463567852973938,49.05125427246094
Leopard,165,126.52680969238281,156.85707092285156,0.6705920146906681,45.94114303588867,1.824717402458191,2.4971110820770264,47.809017181396484
Leopard,166,130.35614013671875,155.44613647460938,0.654548693562999,44.53293991088867,2.1435372829437256,0.2490294873714447,48.46597671508789
Leopard,167,105.37892150878906,129.5640106201172,0.7027169376456429,45.830047607421875,1.5634467601776123,2.4523298740386963,48.59561538696289
Leopard,168,14483.7138671875,15523.857421875,0.05391789626173612,55.76203918457031,264.98297119140625,45.153419494628906,51.30531692504883
Leopard,169,14700.83203125,15546.34375,0.05245252410459983,52.9564208984375,271.493408203125,45.677154541015625,51.03860855102539
Leopard,170,15875.5107421875,17416.998046875,0.055534294720337204,54.34706497192383,299.80755615234375,46.885459899902344,50.966339111328125
Leopard,171,15341.416015625,17138.66015625,0.0577227838965908,56.43660354614258,284.67401123046875,45.8866081237793,50.6197395324707
Leopard,172,297.58953857421875,251.5351104736328,0.2523742154975774,53.28764724731445,2.6952664852142334,9.082833290100098,52.80681228637695
Leopard,173,284.2843322753906,242.8577880859375,0.28995470280099744,51.515602111816406,2.6345744132995605,11.569665908813477,53.687156677246094
Leopard,174,308.5596923828125,249.6341094970703,0.3396641991516045,49.1125602722168,3.286146402359009,2.769639015197754,54.706302642822266
Leopard,175,276.7712097167969,229.46658325195312,0.39869565059302314,51.008697509765625,2.639425754547119,8.126171112060547,53.7910041809082
Leopard,176,1.1513396501541138,40.39773941040039,0.822043149581931,29.129133224487305,0.9439579844474792,1.5811833143234253,38.848087310791016
Leopard,177,12.313032150268555,44.82082748413086,0.8004564264335245,28.30348777770996,0.9648514986038208,2.6569762229919434,39.1876335144043
Leopard,178,11.704087257385254,42.308998107910156,0.8345799734140827,29.346284866333008,0.8279460072517395,3.7155110836029053,39.69828414916992
Leopard,179,7.687773704528809,38.19558334350586,0.8652034620574309,29.523021697998047,1.0191593170166016,1.9501123428344727,39.55485916137695
Leopard,180,39.78890609741211,51.06587600708008,0.87749078638949,33.373653411865234,1.0222095251083374,1.9003645181655884,46.95356750488281
Leopard,181,58.687007904052734,69.91641998291016,0.8682889076407696,32.1690788269043,1.386305570602417,4.797121047973633,47.33765411376953
Leopard,182,54.153446197509766,64.6291732788086,0.8726107128336582,33.061912536621094,1.0506058931350708,1.7013564109802246,46.0713005065918
Leopard,183,51.77373504638672,62.27103805541992,0.8660915191911369,32.796146392822266,1.2748156785964966,3.752824544906616,45.28798294067383
Leopard,184,28.345752716064453,44.658607482910156,0.7720905165652704,32.535579681396484,0.72456294298172,12.147049903869629,42.136592864990234
Leopard,185,25.174062728881836,45.64521026611328,0.7510922749921864,31.68148422241211,0.9650618433952332,12.903356552124023,42.1415901184082
Leopard,186,28.51480484008789,47.84510803222656,0.7568668687789687,31.828136444091797,0.7956110239028931,9.81918716430664,41.57595443725586
Leopard,187,27.513370513916016,45.24015808105469,0.7765768246178649,32.200927734375,0.9161716103553772,11.726015090942383,41.98262405395508
Leopard,188,16.465961456298828,51.03417205810547,0.8085263212647793,41.617889404296875,0.508093535900116,6.2348713874816895,40.1456184387207
Leopard,189,15.921435356140137,49.21351623535156,0.8312327954539498,42.234615325927734,0.7417880296707153,1.98540198802948,39.83584976196289
Leopard,190,19.899513244628906,47.30218505859375,0.8582984508529093,40.31011199951172,0.48173126578330994,2.0699610710144043,40.21461868286133
Leopard,191,13.165173530578613,57.788787841796875,0.7249525938267348,40.064414978027344,0.7730007767677307,5.046584606170654,41.05159378051758
Leopard,192,32.131839752197266,40.634788513183594,0.9212266109965204,31.636194229125977,0.43351098895072937,7.847520351409912,42.908809661865234
Leopard,193,29.6959171295166,38.802696228027344,0.9003012688389567,31.034400939941406,0.7983000874519348,2.3199753761291504,43.15293884277344
Leopard,194,32.160675048828125,39.2166633605957,0.9113842495026521,30.885250091552734,0.38441991806030273,1.9502620697021484,41.909400939941406
Leopard,195,32.9065055847168,39.71613311767578,0.9285118799756897,31.863069534301758,0.7614051103591919,4.963174343109131,42.754634857177734
Leopard,196,98.83897399902344,88.35163879394531,0.899391356654764,39.69295883178711,1.7148479223251343,4.8306450843811035,49.5341682434082
Leopard,197,95.6358413696289,83.4069595336914,0.9461978883858305,37.42778778076172,1.6629252433776855,0.6616889238357544,48.96952819824219
Leopard,198,101.9966049194336,86.4631576538086,0.9169899142067442,33.713478088378906,1.711130976676941,3.2497775554656982,47.794708251953125
Leopard,199,96.01286315917969,82.06901550292969,0.8835721426346952,33.939430236816406,1.7147094011306763,5.812160015106201,48.82429885864258
Leopard,200,10.227245330810547,21.72117042541504,0.9743658159110502,28.52410316467285,0.8365926742553711,5.11799955368042,40.6760139465332
Leopard,201,7.763237953186035,20.74235725402832,0.9782774972463273,29.202985763549805,0.7538487315177917,5.304610729217529,40.487911224365234
Leopard,202,5.962927341461182,20.044429779052734,0.9683512691671876,27.551284790039062,0.8544020652770996,2.787440299987793,41.287261962890625
Leopard,203,7.157956123352051,20.558963775634766,0.9720561806329184,26.9775390625,0.7567775249481201,3.698486566543579,42.034332275390625
Leopard,204,857.8314208984375,1109.7384033203125,0.20573065178068106,44.58128356933594,9.36114501953125,7.057199478149414,46.90393829345703
Leopard,205,818.7371215820312,1049.63232421875,0.19751524178190988,44.73427963256836,9.354048728942871,8.548689842224121,46.88444900512695
Leopard,206,883.0250854492188,1131.2752685546875,0.1855877462781496,45.7029914855957,10.35315227508545,12.97571086883545,47.71648406982422
Leopard,207,794.3193969726562,1027.8037109375,0.18276438824269126,44.062294006347656,8.793500900268555,5.738290309906006,47.4517936706543
Leopard,208,6004.90185546875,5678.39501953125,0.2914918030922847,57.02349090576172,75.69690704345703,18.781721115112305,56.0130729675293
Leopard,209,5553.779296875,4924.4794921875,0.28956777389586674,62.67186737060547,65.25798034667969,14.63070011138916,55.63549041748047
Leopard,210,5031.23828125,4603.53662109375,0.2793359039934925,63.17873001098633,58.192691802978516,10.054037094116211,56.27558135986328
Leopard,211,5662.08935546875,5590.09521484375,0.2806085150160084,59.00649642944336,69.65546417236328,18.286211013793945,55.74753189086914
Leopard,212,10.379199028015137,33.30988311767578,0.9143448731858373,33.19731140136719,0.7370554804801941,7.334631443023682,45.87105941772461
Leopard,213,6.396496295928955,32.171051025390625,0.9137007160031966,32.269100189208984,0.5096337199211121,5.8515424728393555,45.220603942871094
Leopard,214,6.3183488845825195,32.50485610961914,0.9139147797855478,30.656591415405273,0.7614163160324097,5.255722522735596,45.1032600402832
Leopard,215,10.881442070007324,30.211692810058594,0.9215958918322957,32.09543228149414,0.49558138847351074,6.330512523651123,45.56641387939453
Leopard,216,31.78325843811035,30.11528205871582,0.9181146700451176,29.45805549621582,0.7543085813522339,2.6810812950134277,43.92198181152344
Leopard,217,27.91192054748535,27.075111389160156,0.9007947153452754,30.036096572875977,0.560730516910553,6.139768600463867,44.973243713378906
Leopard,218,32.5507698059082,34.94496154785156,0.908466154975549,30.106040954589844,0.8753299117088318,2.4071667194366455,44.41204071044922
Leopard,219,38.02479553222656,37.07518768310547,0.9089248743196766,29.848600387573242,0.7262686491012573,0.3567799925804138,45.07868576049805
Leopard,220,2582.105224609375,1720.8526611328125,0.11816486860864497,65.27223205566406,17.248071670532227,48.77875518798828,58.04855728149414
Leopard,221,2652.60986328125,1785.335693359375,0.06646445159094395,56.1125373840332,20.034820556640625,31.802913665771484,58.775333404541016
Leopard,222,2487.306884765625,1559.221923828125,0.05586351913532568,60.51426696777344,20.554277420043945,20.847904205322266,59.38993453979492
Leopard,223,2417.414306640625,1551.78271484375,0.10586279507595327,66.34307098388672,20.112138748168945,19.42438316345215,59.21377944946289
Leopard,224,229.38308715820312,298.3153076171875,0.43901959437777116,34.9738883972168,3.7150075435638428,22.427499771118164,47.28789520263672
Leopard,225,217.10011291503906,286.4612121582031,0.45032516429350916,38.288475036621094,3.8676443099975586,21.19218635559082,48.28653335571289
Leopard,226,192.95474243164062,255.03990173339844,0.48373811811413975,39.090152740478516,3.1347239017486572,18.502500534057617,48.666439056396484
Leopard,227,191.06088256835938,248.79159545898438,0.4656886028954175,35.53401565551758,3.44191837310791,19.36225128173828,48.861236572265625
Leopard,228,19.214019775390625,23.256778717041016,0.9669848451529842,38.389339447021484,0.5427808165550232,17.929733276367188,43.79865264892578
Leopard,229,14.62702751159668,24.108718872070312,0.967361153670027,38.012123107910156,0.936086118221283,17.070268630981445,43.90854263305664
Leopard,230,14.726391792297363,20.5220890045166,0.9795716660287612,38.94882583618164,0.5660678148269653,10.206792831420898,43.41265869140625
Leopard,231,21.456470489501953,24.726097106933594,0.9747872407954197,40.63955307006836,1.0096876621246338,12.307779312133789,44.52294158935547
Leopard,232,22.188777923583984,33.20039749145508,0.9410312684682525,36.04077911376953,0.6985837817192078,14.75739860534668,44.775691986083984
Leopard,233,27.666873931884766,39.68376922607422,0.9161431012646394,38.4455451965332,0.5174210667610168,16.488401412963867,45.831687927246094
Leopard,234,27.216136932373047,39.8265380859375,0.900434363479159,37.983097076416016,0.7325348258018494,13.609963417053223,46.14014434814453
Leopard,235,21.818479537963867,33.47317886352539,0.9255826875592311,36.6166877746582,0.6047717332839966,10.964409828186035,45.5601692199707
Leopard,236,22.428544998168945,42.00434494018555,0.8682057568489562,39.93635940551758,0.3584248721599579,18.930212020874023,51.196781158447266
Leopard,237,24.069477081298828,41.55341720581055,0.8982021108470429,41.0254020690918,0.5335701704025269,17.51844596862793,50.920291900634766
Leopard,238,27.530241012573242,45.710716247558594,0.9005900002440413,39.4370002746582,0.41578441858291626,12.2958402633667,50.007076263427734
Leopard,239,23.456228256225586,38.57168197631836,0.9164656995558741,37.67683410644531,0.5629723072052002,9.592880249023438,49.93009567260742
Leopard,240,40.07582092285156,41.27914810180664,0.9720319460313676,33.07930374145508,0.4934161901473999,0.14595144987106323,44.550785064697266
Leopard,241,44.0910758972168,44.997798919677734,0.9364148024188093,32.055877685546875,0.9729897379875183,1.6822764873504639,44.33073806762695
Leopard,242,45.29631423950195,46.047264099121094,0.9542066997051757,31.624937057495117,0.5137386918067932,4.625371932983398,44.468467712402344
Leopard,243,48.090721130371094,48.97578811645508,0.9308622616206482,32.559234619140625,0.9236408472061157,6.872612476348877,44.611595153808594
Leopard,244,20.114261627197266,32.539302825927734,0.9004037197191921,33.731910705566406,0.688951849937439,0.6329690217971802,41.937679290771484
Leopard,245,26.46068572998047,36.75569534301758,0.8966518008898191,34.83618927001953,0.5852471590042114,0.36687180399894714,42.13551712036133
Leopard,246,25.202274322509766,35.449974060058594,0.8922721560942869,33.839378356933594,0.6214444637298584,1.933738112449646,42.659427642822266
Leopard,247,26.237253189086914,33.283958435058594,0.9141173785167072,32.711647033691406,0.5931426882743835,3.0285186767578125,43.137943267822266
Leopard,248,16.02826690673828,51.258914947509766,0.6378501039054985,38.508094787597656,0.9066035747528076,10.336743354797363,47.77121353149414
Leopard,249,12.296907424926758,44.27608108520508,0.7452173587410821,39.56201171875,0.8311101794242859,7.014889240264893,47.20234680175781
Leopard,250,13.555601119995117,44.50471878051758,0.676370247196502,39.08757019042969,0.968824565410614,6.857626914978027,46.70561218261719
Leopard,251,11.308314323425293,48.21096420288086,0.6731225751351988,37.865150451660156,0.9095532894134521,8.498615264892578,46.770057678222656
Leopard,252,34.586666107177734,37.045902252197266,0.957977286450762,23.205657958984375,0.4798623025417328,3.316347599029541,36.47761535644531
Leopard,253,29.847858428955078,32.18708038330078,0.963258035865732,22.67802619934082,0.6571020483970642,0.47066330909729004,36.228397369384766
Leopard,254,29.089914321899414,31.18609046936035,0.9695041622923704,23.372730255126953,0.45864245295524597,0.8702731728553772,36.717437744140625
Leopard,255,32.12396240234375,34.711761474609375,0.9599769940313774,23.177785873413086,0.6677969694137573,1.1013134717941284,35.92567825317383
Leopard,256,13.199616432189941,43.757118225097656,0.9111855829338965,36.635807037353516,1.4628961086273193,2.4717941284179688,42.86699676513672
Leopard,257,24.939828872680664,43.61647033691406,0.9412294204078633,35.93292236328125,1.296014428138733,2.1821939945220947,42.721641540527344
Leopard,258,18.237348556518555,39.922420501708984,0.9420538032400686,35.52167510986328,1.4709981679916382,0.04121929407119751,41.71443176269531
Leopard,259,15.846724510192871,38.357845306396484,0.936755463542369,35.107051849365234,1.2106395959854126,3.4038286209106445,42.75491714477539
Leopard,260,197.85809326171875,239.1724090576172,0.47148140687674334,37.37751770019531,2.4663734436035156,4.871068000793457,46.27132797241211
Leopard,261,198.01560974121094,247.03675842285156,0.444740455318187,38.763362884521484,2.282306432723999,5.238036632537842,47.62353515625
Leopard,262,187.17013549804688,220.71041870117188,0.47189606494388064,36.677337646484375,2.1942138671875,1.2240866422653198,45.730167388916016
Leopard,263,185.5913543701172,217.69549560546875,0.4787124685923406,36.576866149902344,1.8580818176269531,4.670773029327393,45.7337532043457
Leopard,264,17.37131118774414,23.24915313720703,0.9642044825968421,40.553707122802734,1.0087898969650269,2.985884428024292,45.18246841430664
Leopard,265,17.235050201416016,24.735469818115234,0.9590980517922646,40.75437927246094,1.17562997341156,3.342881441116333,45.3776969909668
Leopard,266,17.532106399536133,25.14783477783203,0.9665917281301468,41.59947204589844,1.0018171072006226,2.4134716987609863,44.974395751953125
Leopard,267,18.428361892700195,22.98765754699707,0.9710384725709001,40.38688278198242,1.1702500581741333,1.6498533487319946,46.19001388549805
Leopard,268,378.0995788574219,438.8643493652344,0.5199923659337733,41.70890426635742,4.930782794952393,10.88012409210205,51.368614196777344
Leopard,269,400.44171142578125,474.01177978515625,0.5176538755588658,42.23638153076172,5.330580234527588,11.592863082885742,50.121246337890625
Leopard,270,381.4563903808594,433.6258850097656,0.5248673624537735,41.70869064331055,4.9307966232299805,11.461403846740723,49.82553482055664
Leopard,271,377.286376953125,444.0750732421875,0.528015286273452,43.29311752319336,5.012253761291504,10.822120666503906,51.26911544799805
Leopard,272,168.22067260742188,259.5870056152344,0.43792666444492556,33.12929153442383,2.1800053119659424,6.003373146057129,41.71513748168945
Leopard,273,154.3268280029297,239.5451202392578,0.4373917949722392,33.607078552246094,1.964477300643921,11.403146743774414,42.301761627197266
Leopard,274,169.7174530029297,265.8438415527344,0.39678279130916744,34.22642517089844,2.4340994358062744,13.83210563659668,42.94642639160156
Leopard,275,178.44032287597656,274.3116455078125,0.42901304663445294,33.56519317626953,2.163957357406616,9.09449577331543,42.22527313232422
Castle Gate,0,24.06596565246582,48.59376525878906,0.8633280614413531,37.5564079284668,0.9021080732345581,0.4314700961112976,39.06003952026367
Castle Gate,1,22.33143424987793,47.91855239868164,0.8694123894333246,35.498409271240234,0.9972699880599976,2.4000563621520996,39.37001037597656
Castle Gate,2,21.031614303588867,45.364776611328125,0.869778494204315,35.2258415222168,0.8792499899864197,5.920236110687256,38.91629409790039
Castle Gate,3,20.61534309387207,43.80158233642578,0.8789282127475944,37.2654914855957,0.966308057308197,2.045045852661133,38.49026870727539
Castle Gate,4,14.693281173706055,45.92809295654297,0.846689673162608,33.944725036621094,0.9847034215927124,3.053927421569824,43.96148681640625
Castle Gate,5,14.744348526000977,41.05867004394531,0.8694869880582475,34.89653396606445,1.0585675239562988,2.09236216545105,43.148765563964844
Castle Gate,6,13.17770004272461,36.86009979248047,0.8674429904494464,33.90445327758789,0.9781396985054016,3.2145233154296875,43.549110412597656
Castle Gate,7,19.279760360717773,41.87681579589844,0.8624673194603626,32.98664093017578,1.0961467027664185,1.82339346408844,43.41975402832031
Castle Gate,8,14.682727813720703,37.66100311279297,0.8694800186546243,25.914663314819336,0.6793829202651978,2.7875661849975586,37.78834533691406
Castle Gate,9,19.585575103759766,42.92155075073242,0.8610450588523039,26.720760345458984,0.8329187035560608,4.140475749969482,38.307193756103516
Castle Gate,10,20.984607696533203,43.694496154785156,0.8715850686043722,24.56388282775879,0.7436614036560059,3.3847711086273193,37.824405670166016
Castle Gate,11,18.618288040161133,38.15625,0.8937271819202222,24.987045288085938,0.7731349468231201,2.2701332569122314,38.03751754760742
Castle Gate,12,26.838176727294922,62.64034652709961,0.7123883568848587,35.82208251953125,0.9455186128616333,4.925137042999268,46.18439483642578
Castle Gate,13,34.125648498535156,67.92131805419922,0.7064476728565263,36.24954605102539,0.9590129852294922,6.390596866607666,45.534122467041016
Castle Gate,14,29.60309410095215,67.57837677001953,0.7133561995224467,36.69084548950195,0.9888269305229187,4.239073276519775,47.268287658691406
Castle Gate,15,25.581405639648438,64.32024383544922,0.720448757932091,36.39244842529297,0.9020392298698425,3.8527767658233643,48.58572006225586
Castle Gate,16,0.9372214674949646,42.26136016845703,0.7970949450125692,38.71617126464844,0.3728489279747009,4.608720302581787,47.92688751220703
Castle Gate,17,7.299107074737549,36.90150451660156,0.8068928041830941,37.464202880859375,0.4609074592590332,3.360212564468384,48.13047409057617
Castle Gate,18,10.822253227233887,38.56918716430664,0.7873756851735897,36.78349304199219,0.3898276686668396,1.7729052305221558,48.02717590332031
Castle Gate,19,7.482086658477783,40.29615020751953,0.7839398151738194,38.10896682739258,0.49072206020355225,9.573162078857422,49.15071487426758
Castle Gate,20,244.95062255859375,269.9914855957031,0.5581628483207518,45.538841247558594,2.5830652713775635,1.8598822355270386,46.96571350097656
Castle Gate,21,220.98143005371094,241.26882934570312,0.6098549524622305,46.98283004760742,2.079683780670166,8.593597412109375,46.858787536621094
Castle Gate,22,209.6087188720703,226.25086975097656,0.6290744613547541,45.802974700927734,2.011622190475464,5.061718463897705,46.922183990478516
Castle Gate,23,216.8971710205078,227.8309783935547,0.5939296597169282,43.74583435058594,2.3606083393096924,0.6194241642951965,47.52755355834961
Castle Gate,24,16.16936683654785,26.544897079467773,0.9433587853682588,34.576290130615234,0.632501482963562,2.996365785598755,40.27104949951172
Castle Gate,25,19.372352600097656,27.257389068603516,0.950979254135902,33.83114242553711,0.38483119010925293,5.648025035858154,40.25109100341797
Castle Gate,26,16.646041870117188,23.537857055664062,0.960186640513715,34.104331970214844,0.6316009759902954,0.5345457792282104,40.56587600708008
Castle Gate,27,15.834959983825684,27.4600830078125,0.9494073915662858,35.06541442871094,0.39226698875427246,1.2913919687271118,40.14738464355469
Castle Gate,28,8.022309303283691,22.758251190185547,0.9406151145551476,25.536962509155273,0.4728805124759674,4.557639122009277,37.73698806762695
Castle Gate,29,9.766201972961426,25.341869354248047,0.9336370547550281,26.65224838256836,0.395191490650177,2.418919086456299,38.558956146240234
Castle Gate,30,11.830992698669434,23.341039657592773,0.9453851053416672,26.9179744720459,0.4670262634754181,2.2421305179595947,38.799560546875
Castle Gate,31,7.021393299102783,23.66363525390625,0.9409392298487779,25.508729934692383,0.32523971796035767,3.228071928024292,38.88686752319336
Castle Gate,32,6.155179977416992,35.68145751953125,0.8231792256977961,29.792795181274414,0.32136422395706177,12.813628196716309,41.843841552734375
Castle Gate,33,7.127143383026123,40.468746185302734,0.800191110492045,30.294824600219727,0.547631025314331,15.86264705657959,42.54313278198242
Castle Gate,34,5.851544380187988,39.692535400390625,0.8060462218866355,28.879070281982422,0.3631981909275055,14.13832950592041,42.20872116088867
Castle Gate,35,8.00417709350586,36.92333984375,0.8173686073360477,29.277572631835938,0.5138024687767029,14.88295841217041,42.146209716796875
Castle Gate,36,96.04440307617188,100.77008819580078,0.8174379827439581,36.74769592285156,1.0443840026855469,1.8603732585906982,48.51039123535156
Castle Gate,37,95.6673583984375,97.17355346679688,0.8019530689477,37.63347625732422,0.9785658717155457,9.620333671569824,48.258155822753906
Castle Gate,38,98.17142486572266,105.01528930664062,0.7767158994318328,38.27538299560547,0.9872677326202393,11.309517860412598,47.97665023803711
Castle Gate,39,93.82231140136719,97.01630401611328,0.8287428810365215,38.502933502197266,0.9711160063743591,7.374509811401367,48.880672454833984
Castle Gate,40,31.505691528320312,33.566036224365234,0.9599550921402321,33.3465576171875,0.4795091450214386,15.435211181640625,40.09376907348633
Castle Gate,41,35.89224624633789,39.36263656616211,0.9413169823892109,32.799312591552734,0.5410387516021729,15.040782928466797,40.811763763427734
Castle Gate,42,37.008934020996094,40.352020263671875,0.9481625721433836,30.37994384765625,0.4604063928127289,13.744277954101562,39.5369758605957
Castle Gate,43,33.58240509033203,36.10203552246094,0.9596342440011009,31.63764762878418,0.5143093466758728,19.037654876708984,40.219932556152344
Castle Gate,44,50.33191680908203,53.069557189941406,0.9343274482630545,26.222673416137695,0.5999979972839355,19.158552169799805,39.92927169799805
Castle Gate,45,50.83708572387695,53.732276916503906,0.9427333850444096,26.343935012817383,0.6185956001281738,15.876397132873535,38.927188873291016
Castle Gate,46,51.742244720458984,54.54631042480469,0.9462421204942829,27.165430068969727,0.6015682220458984,14.532106399536133,39.09657669067383
Castle Gate,47,49.98401641845703,52.06211853027344,0.9378367365853828,27.141117095947266,0.610321044921875,15.819515228271484,39.62181854248047
Castle Gate,48,67.965087890625,76.49019622802734,0.8513293835716021,28.472492218017578,0.9583127498626709,6.787600994110107,44.67555236816406
Castle Gate,49,69.41102600097656,81.76661682128906,0.8274684811293257,29.560077667236328,0.7534177303314209,4.452108860015869,45.164939880371094
Castle Gate,50,70.1590576171875,77.07011413574219,0.8675919033746038,28.78901481628418,1.031685471534729,3.0914225578308105,44.7335090637207
Castle Gate,51,70.59439086914062,77.25410461425781,0.8729140531613231,27.99173927307129,0.7387051582336426,5.748871326446533,44.29364013671875
Castle Gate,52,16.459280014038086,43.50798416137695,0.8152915117337034,32.51100540161133,0.7308186292648315,4.447025775909424,44.90420150756836
Castle Gate,53,23.49798011779785,49.192169189453125,0.807696621527393,32.19406509399414,0.9026219248771667,1.615959644317627,44.71562957763672
Castle Gate,54,25.37661361694336,49.79916000366211,0.7864037741206614,30.051536560058594,0.7900976538658142,3.8960273265838623,45.04591751098633
Castle Gate,55,17.854372024536133,46.539974212646484,0.7804889670784997,31.2811222076416,0.7530367970466614,8.849639892578125,45.120323181152344
Castle Gate,56,20.03888511657715,56.10882568359375,0.7763186632631176,42.929962158203125,0.8935500979423523,0.8624552488327026,45.130210876464844
Castle Gate,57,15.177725791931152,52.57548904418945,0.764443685534214,42.84095001220703,0.3197901248931885,2.5589616298675537,44.475650787353516
Castle Gate,58,18.581871032714844,55.15269088745117,0.7363586134210993,43.004234313964844,0.822358250617981,4.086374759674072,45.34706497192383
Castle Gate,59,24.298625946044922,61.1423225402832,0.727730963560629,43.34124755859375,0.2872505784034729,1.3435604572296143,45.332054138183594
Castle Gate,60,3.290273904800415,34.46245193481445,0.8689261522464243,23.619586944580078,0.484327495098114,5.727827072143555,34.324405670166016
Castle Gate,61,0.8805445432662964,35.55461502075195,0.8590852494947784,23.62302589416504,0.5546368360519409,7.4673566818237305,35.181785583496094
Castle Gate,62,3.700235366821289,35.26752471923828,0.864141462554133,25.151227951049805,0.47786831855773926,13.914565086364746,36.458091735839844
Castle Gate,63,1.8062330484390259,36.999202728271484,0.8416562844302506,25.283828735351562,0.587744414806366,8.199723243713379,35.43400192260742
Castle Gate,64,18.737567901611328,36.198360443115234,0.8943174835472785,33.292484283447266,0.3928857743740082,2.9128007888793945,42.40018844604492
Castle Gate,65,18.038280487060547,32.290199279785156,0.9217099186969896,32.215972900390625,0.9300814270973206,4.154854774475098,41.07989501953125
Castle Gate,66,21.403854370117188,36.126007080078125,0.8993690198801548,32.94757080078125,0.4071166515350342,11.89240837097168,41.193973541259766
Castle Gate,67,19.30647087097168,34.08678436279297,0.911150906664629,32.653656005859375,0.9115104079246521,7.019665241241455,42.55485916137695
Castle Gate,68,264.8645935058594,331.1254577636719,0.3968920314771548,40.95226287841797,3.245680570602417,12.982030868530273,50.94645309448242
Castle Gate,69,290.0377502441406,355.66241455078125,0.4020593183596688,40.45698547363281,3.4319779872894287,10.87020492553711,49.836219787597656
Castle Gate,70,284.13665771484375,350.64227294921875,0.4088839894780196,39.38296890258789,3.3331339359283447,10.175583839416504,49.59397506713867
Castle Gate,71,253.33740234375,310.1600036621094,0.42450113513759763,40.10059356689453,3.0655834674835205,11.955846786499023,50.52860641479492
Castle Gate,72,3.0050041675567627,34.30152893066406,0.8705684799230535,29.564300537109375,0.38905009627342224,9.66516399383545,40.51116943359375
Castle Gate,73,2.5914251804351807,32.912261962890625,0.8801930155477015,29.425861358642578,0.6248710751533508,11.238584518432617,39.82652282714844
Castle Gate,74,0.8454235792160034,32.04091262817383,0.8763965743073174,30.097049713134766,0.39764758944511414,10.932113647460938,40.69676208496094
Castle Gate,75,0.3926076889038086,31.822221755981445,0.8868940045317829,30.257217407226562,0.6290911436080933,8.783802032470703,41.41307830810547
Castle Gate,76,14.289972305297852,47.903404235839844,0.708623372354104,31.212875366210938,0.470007061958313,3.143451690673828,44.52883529663086
Castle Gate,77,16.33481788635254,47.63186264038086,0.7223467164639751,33.73733139038086,0.8544396162033081,3.9132113456726074,44.93022155761719
Castle Gate,78,14.8387451171875,50.776424407958984,0.7068457577897267,33.71904373168945,0.498575359582901,2.173053503036499,45.00122833251953
Castle Gate,79,13.172614097595215,49.10951614379883,0.7208727696702456,31.889781951904297,0.869901180267334,2.454608678817749,44.61399459838867
Castle Gate,80,230.35086059570312,239.63925170898438,0.4878124137478856,37.728538513183594,3.127527952194214,12.765806198120117,49.03745651245117
Castle Gate,81,228.54916381835938,227.38099670410156,0.458586025544158,35.927024841308594,2.9275786876678467,10.554443359375,49.817142486572266
Castle Gate,82,238.7166290283203,255.5904541015625,0.5122673820059938,35.390830993652344,3.128727912902832,10.659130096435547,48.677921295166016
Castle Gate,83,239.52630615234375,259.0035400390625,0.5052617110526622,37.31038284301758,3.1516242027282715,13.374848365783691,49.09122085571289
Castle Gate,84,24.84038543701172,27.93416976928711,0.9622830700425032,30.52088165283203,0.8772353529930115,0.9251480102539062,39.852989196777344
Castle Gate,85,24.896499633789062,27.969295501708984,0.9684878102471186,30.10045623779297,0.7610750198364258,1.5348775386810303,39.56147766113281
Castle Gate,86,23.34270668029785,27.58344268798828,0.9661763598203219,29.71639633178711,0.8542211055755615,1.9492223262786865,39.895668029785156
Castle Gate,87,26.176342010498047,30.583162307739258,0.9652261393142482,29.8199462890625,0.7433013916015625,0.23939929902553558,39.84181594848633
Castle Gate,88,28.37808609008789,32.09190368652344,0.9438666050215724,26.270126342773438,0.5174418091773987,1.4464749097824097,36.136566162109375
Castle Gate,89,29.388946533203125,33.04172134399414,0.9610739081488353,25.951452255249023,0.4926701486110687,4.136608600616455,36.226593017578125
Castle Gate,90,26.615482330322266,32.2971305847168,0.9479664083624315,25.13623809814453,0.5004034042358398,0.7761397361755371,35.79244613647461
Castle Gate,91,28.542861938476562,32.365013122558594,0.9467152650268905,26.62505340576172,0.4927172064781189,0.6678149104118347,36.6954345703125
Castle Gate,92,86.9840087890625,126.91883087158203,0.6179941826577692,35.606895446777344,1.2912349700927734,1.9855115413665771,43.35146713256836
Castle Gate,93,76.3148193359375,113.68435668945312,0.618749567524319,35.74470138549805,1.0018738508224487,1.2966418266296387,43.13806915283203
Castle Gate,94,71.38522338867188,106.96054077148438,0.6714253242311934,35.9371452331543,1.1851035356521606,3.862490177154541,43.65879821777344
Castle Gate,95,75.1056137084961,113.73588562011719,0.6454266234795912,36.31100082397461,1.0687178373336792,3.1903152465820312,43.68064880371094
Castle Gate,96,18.611032485961914,34.75038146972656,0.9383570689441917,33.08492660522461,0.8050110936164856,3.4659805297851562,43.451725006103516
Castle Gate,97,15.701108932495117,33.2207145690918,0.9363214108893662,33.73678207397461,0.9755315780639648,3.695488929748535,43.5345573425293
Castle Gate,98,18.049348831176758,31.37805938720703,0.9436285074020144,33.18804931640625,0.8148643374443054,1.7030155658721924,43.126590728759766
Castle Gate,99,22.2845401763916,35.56197738647461,0.9414913813788242,33.079952239990234,1.02016019821167,2.6355831623077393,43.3017463684082
Castle Gate,100,21.559499740600586,36.51113510131836,0.9219407009156396,31.190481185913086,0.4683729410171509,7.097325325012207,44.08707046508789
Castle Gate,101,21.091381072998047,37.0855598449707,0.910305589167935,30.462156295776367,0.8090651631355286,7.979394435882568,43.705753326416016
Castle Gate,102,18.181514739990234,37.73461151123047,0.9062279313029336,31.585847854614258,0.5161401629447937,9.256549835205078,44.60131072998047
Castle Gate,103,21.243377685546875,37.09736251831055,0.9143166668706979,32.23508834838867,0.7892632484436035,7.368093967437744,45.589813232421875
Castle Gate,104,13.613627433776855,30.99222183227539,0.9239835418419671,25.041748046875,0.7405946254730225,1.6242376565933228,37.41859817504883
Castle Gate,105,14.800989151000977,32.980506896972656,0.9127938711234228,25.832469940185547,0.541479766368866,2.242307424545288,37.523033142089844
Castle Gate,106,15.016324996948242,34.02509307861328,0.9106293314835161,25.999744415283203,0.7593674063682556,1.7791533470153809,38.267974853515625
Castle Gate,107,16.94968605041504,35.06770706176758,0.9240985355628581,25.65301513671875,0.5492318868637085,0.5848923921585083,37.97289276123047
Castle Gate,108,10.013729095458984,40.81845474243164,0.8624821923088255,26.220212936401367,0.521803617477417,5.017966270446777,40.70451354980469
Castle Gate,109,3.67130708694458,44.035133361816406,0.8529669302234171,26.87384605407715,0.6109830141067505,6.53997802734375,41.588722229003906
Castle Gate,110,7.788354396820068,43.75035858154297,0.8695608171322947,27.00634765625,0.5119865536689758,5.220943450927734,41.639251708984375
Castle Gate,111,4.988570213317871,41.823829650878906,0.868493549498193,27.066143035888672,0.5457435250282288,9.501463890075684,41.379783630371094
Castle Gate,112,95.83682250976562,133.05123901367188,0.4684040702546767,43.1196174621582,1.3219902515411377,9.28590202331543,45.298274993896484
Castle Gate,113,92.67326354980469,113.9114990234375,0.5734038127709357,41.77479553222656,1.3833950757980347,4.3793792724609375,45.49418258666992
Castle Gate,114,98.51495361328125,134.01402282714844,0.5148822897290314,42.56719970703125,1.355385661125183,8.206962585449219,46.46394729614258
Castle Gate,115,87.38877868652344,133.31736755371094,0.4579016593813032,44.026554107666016,1.4027225971221924,7.451695919036865,46.362369537353516
Castle Gate,116,26.876359939575195,40.911563873291016,0.862881258949816,29.876279830932617,0.5397698283195496,1.1748905181884766,40.764930725097656
Castle Gate,117,23.436386108398438,39.547950744628906,0.8572086424808142,30.106754302978516,0.6745404601097107,0.7562457919120789,41.54856491088867
Castle Gate,118,23.643531799316406,41.902923583984375,0.8431677746306333,30.197187423706055,0.5420351028442383,4.608541011810303,41.23345947265625
Castle Gate,119,23.44567108154297,41.58389663696289,0.8517541382809338,29.799453735351562,0.6009675860404968,4.220154762268066,41.69650650024414
Castle Gate,120,17.61632537841797,49.96565246582031,0.7638082163543483,37.13362121582031,0.7627566456794739,6.145673751831055,43.681663513183594
Castle Gate,121,16.15987777709961,55.36260223388672,0.7204365766025349,37.518760681152344,0.67120361328125,9.700230598449707,43.270416259765625
Castle Gate,122,17.713693618774414,54.39569854736328,0.711854920954607,37.619873046875,0.8302974700927734,8.742874145507812,43.260353088378906
Castle Gate,123,16.83277702331543,48.44705581665039,0.7653587329706608,36.85639953613281,0.6259347200393677,7.186617851257324,42.98305892944336
Castle Gate,124,34.58673858642578,63.39353942871094,0.7824903688005982,26.716896057128906,0.5868688821792603,4.426567077636719,39.15392303466797
Castle Gate,125,40.13490676879883,67.12085723876953,0.7934034487109465,25.609643936157227,0.8679711222648621,2.454939365386963,38.3177375793457
Castle Gate,126,38.065460205078125,64.86864471435547,0.7777191478290856,26.974273681640625,0.5680276155471802,2.8252038955688477,39.34564208984375
Castle Gate,127,36.256866455078125,68.3529281616211,0.7556185764675202,26.834217071533203,0.856412947177887,5.204744338989258,39.36956787109375
Castle Gate,128,36.427242279052734,79.25262451171875,0.6695281515495337,41.103572845458984,0.8804410696029663,3.3259174823760986,45.15237045288086
Castle Gate,129,24.160795211791992,69.53515625,0.679773810163475,41.46917724609375,0.6989221572875977,4.591874599456787,45.369834899902344
Castle Gate,130,23.719249725341797,59.11161804199219,0.721924783924684,39.81060791015625,0.6954532265663147,5.980459690093994,45.711544036865234
Castle Gate,131,34.677207946777344,68.57251739501953,0.698350625249579,41.167423248291016,0.6695777773857117,6.108574390411377,45.083412170410156
Castle Gate,132,128.07229614257812,170.15396118164062,0.5511514457352744,31.065279006958008,1.6430004835128784,6.411303520202637,42.22846984863281
Castle Gate,133,147.18421936035156,195.04339599609375,0.5368801890356313,31.3504638671875,2.0255916118621826,8.940117835998535,42.02987289428711
Castle Gate,134,120.87271118164062,166.70655822753906,0.537540726665766,32.331085205078125,1.5923726558685303,7.3149566650390625,43.22399139404297
Castle Gate,135,122.93524932861328,164.59364318847656,0.543243294133393,30.677221298217773,1.76883864402771,9.035394668579102,42.625362396240234
Castle Gate,136,0.20064938068389893,24.04201889038086,0.9511974480915301,30.37661361694336,0.7857686877250671,3.7433319091796875,42.08306121826172
Castle Gate,137,0.3086342513561249,21.350364685058594,0.9629132729642416,29.45953369140625,0.7370626330375671,4.147220611572266,41.01252746582031
Castle Gate,138,8.080931663513184,21.979480743408203,0.9600118079893456,30.772932052612305,0.7170605063438416,6.64617919921875,41.79838943481445
Castle Gate,139,8.7035551071167,24.81046485900879,0.9475287410013151,31.688861846923828,0.705583930015564,6.915894985198975,42.925567626953125
Castle Gate,140,36.18994903564453,39.93768310546875,0.9611095568324697,36.687156677246094,1.0642789602279663,2.7088606357574463,44.10399627685547
Castle Gate,141,48.58476257324219,58.420162200927734,0.9408850946289715,38.235511779785156,1.1480932235717773,1.5305951833724976,44.54653549194336
Castle Gate,142,28.705907821655273,36.499610900878906,0.9637389650031465,38.33098602294922,0.9559100866317749,8.617048263549805,43.80095291137695
Castle Gate,143,23.868703842163086,33.21821212768555,0.9634317413664935,37.59933090209961,0.828048825263977,7.4098920822143555,44.072052001953125
Castle Gate,144,19.152679443359375,34.759803771972656,0.8933606802893409,30.662240982055664,0.3991033732891083,6.932225227355957,40.40161895751953
Castle Gate,145,18.290735244750977,33.36969757080078,0.8999643304363082,28.724714279174805,0.4461400508880615,4.8681793212890625,40.289527893066406
Castle Gate,146,17.77933120727539,32.10224151611328,0.9224654735106526,28.24753761291504,0.3996487855911255,3.7716503143310547,40.10814666748047
Castle Gate,147,19.652400970458984,33.8946418762207,0.9127163915475173,29.841642379760742,0.4594680368900299,6.617298603057861,40.61112594604492
Castle Gate,148,139.5079803466797,124.76184844970703,0.6906575471737343,32.96375274658203,1.9167001247406006,8.549788475036621,42.59978485107422
Castle Gate,149,131.8513641357422,120.20061492919922,0.7163002498984408,32.068031311035156,1.6449782848358154,8.74860954284668,42.41224670410156
Castle Gate,150,152.0802764892578,139.25621032714844,0.6849246410726939,30.840831756591797,2.0939249992370605,11.360437393188477,41.888729095458984
Castle Gate,151,134.27774047851562,117.51515197753906,0.7095124101800545,31.422286987304688,1.5901670455932617,6.464345455169678,42.55214309692383
Castle Gate,152,17.57976531982422,36.64573669433594,0.9057364317725272,31.791149139404297,0.9496959447860718,9.281960487365723,39.57699203491211
Castle Gate,153,19.32627296447754,37.77742385864258,0.9033832189219061,32.163761138916016,0.6031591892242432,5.8775954246521,40.42153549194336
Castle Gate,154,12.011418342590332,32.86347961425781,0.9158875533662699,31.20917510986328,0.9339480400085449,6.806143760681152,40.17475509643555
Castle Gate,155,19.809919357299805,37.526329040527344,0.9104265994950762,31.94207000732422,0.5796744227409363,3.6894359588623047,39.325927734375
Castle Gate,156,20.19841766357422,37.962013244628906,0.8984242242645394,35.220245361328125,0.6389496922492981,5.287380695343018,40.98188781738281
Castle Gate,157,24.726682662963867,42.9743537902832,0.8815698021446563,35.06789016723633,0.9025000929832458,5.4664764404296875,41.24250030517578
Castle Gate,158,26.62477684020996,43.65652084350586,0.8945285239020837,33.88862609863281,0.7550809383392334,4.977678298950195,39.569740295410156
Castle Gate,159,23.221965789794922,41.70362091064453,0.8819787705396502,34.722084045410156,0.9322539567947388,3.0082571506500244,40.4769287109375
Castle Gate,160,46.35942840576172,46.416961669921875,0.9574046520705567,26.879701614379883,0.45728084444999695,4.9895124435424805,37.23503112792969
Castle Gate,161,45.27165222167969,45.391693115234375,0.9550210062133907,26.829254150390625,0.8253764510154724,5.050332069396973,37.78653335571289
Castle Gate,162,45.58144760131836,45.3007926940918,0.9508516983315118,26.681711196899414,0.457904189825058,4.075701713562012,38.64027786254883
Castle Gate,163,44.54113006591797,44.329322814941406,0.9484881441258887,26.974468231201172,0.8315921425819397,5.305509090423584,38.57988739013672
Castle Gate,164,30.68082046508789,32.618770599365234,0.9600712433111099,30.867782592773438,0.7103747129440308,3.5895724296569824,37.80986785888672
Castle Gate,165,30.794897079467773,32.97475814819336,0.9528066025069355,31.168088912963867,0.7727580666542053,3.9071767330169678,38.30281066894531
Castle Gate,166,33.97187042236328,35.100154876708984,0.9636670103681503,32.14804458618164,0.6446881294250488,5.170971870422363,38.71323776245117
Castle Gate,167,26.579835891723633,29.010629653930664,0.9772072954935258,31.517343521118164,0.8259896636009216,0.7508019208908081,37.96294021606445
Castle Gate,168,75.34213256835938,114.27760314941406,0.6266874303993174,34.22951889038086,1.10049569606781,1.1028341054916382,42.58003234863281
Castle Gate,169,75.05567169189453,110.52244567871094,0.6377997406870549,35.606117248535156,1.2000951766967773,3.003549098968506,43.16330337524414
Castle Gate,170,97.75398254394531,132.25701904296875,0.6374826080279817,38.29599380493164,1.265820026397705,3.2796132564544678,42.57426834106445
Castle Gate,171,93.37190246582031,127.00083923339844,0.6261910350485642,37.15701675415039,1.328010082244873,3.898116111755371,42.33950424194336
Castle Gate,172,33.06910705566406,35.056602478027344,0.958791975445545,25.477596282958984,0.8471261262893677,2.704482316970825,36.92626190185547
Castle Gate,173,33.2695198059082,35.4791259765625,0.9528172772449898,29.6506404876709,0.6996725797653198,2.1315994262695312,37.0399055480957
Castle Gate,174,31.309030532836914,33.72540283203125,0.9549777862722625,29.18125343322754,0.8587251305580139,4.087193489074707,36.62974166870117
Castle Gate,175,32.017574310302734,33.88412094116211,0.9610778451684342,25.09750747680664,0.656238317489624,4.759931564331055,35.73453140258789
Castle Gate,176,34.901424407958984,39.953041076660156,0.9335641541529806,31.611379623413086,0.7129338979721069,3.270139217376709,40.934783935546875
Castle Gate,177,32.87440872192383,39.116458892822266,0.92011384067202,30.833324432373047,0.4651455581188202,0.046007245779037476,41.395668029785156
Castle Gate,178,33.765140533447266,38.069210052490234,0.9394767947341373,30.52800178527832,0.7455354332923889,0.7758428454399109,40.585853576660156
Castle Gate,179,35.173404693603516,39.594486236572266,0.9431873495726866,31.430131912231445,0.43400734663009644,3.7316763401031494,41.605682373046875
Castle Gate,180,19.988224029541016,30.313173294067383,0.9367797901817573,22.139284133911133,0.44584882259368896,4.417438983917236,42.44916534423828
Castle Gate,181,18.783037185668945,28.29230499267578,0.94352621528651,22.229522705078125,0.7341111302375793,5.312500953674316,41.92220687866211
Castle Gate,182,17.045185089111328,28.923458099365234,0.9347655691410284,21.971668243408203,0.4992513060569763,5.706401824951172,42.29177474975586
Castle Gate,183,20.214670181274414,31.953432083129883,0.9234095598838188,22.103124618530273,0.7482373714447021,5.070106506347656,42.31840896606445
Castle Gate,184,6.3752360343933105,30.845134735107422,0.904695611025496,30.972980499267578,0.7074770927429199,24.338743209838867,42.019325256347656
Castle Gate,185,3.99174427986145,29.134546279907227,0.909348172671677,29.990188598632812,0.3996618688106537,21.16800880432129,42.78361129760742
Castle Gate,186,7.680453777313232,27.04524803161621,0.9152683931609992,28.330514907836914,0.7487031817436218,13.55992603302002,41.20149612426758
Castle Gate,187,6.960215091705322,30.762859344482422,0.8939263351803992,29.784040451049805,0.39327675104141235,19.342697143554688,41.63468933105469
Castle Gate,188,1.3290759325027466,21.952739715576172,0.9473687166526282,26.951494216918945,0.434684157371521,0.5258361101150513,37.562503814697266
Castle Gate,189,0.6188453435897827,21.23769187927246,0.9526469275946396,25.716575622558594,0.6380826234817505,3.7821671962738037,38.45281982421875
Castle Gate,190,2.660649299621582,21.510522842407227,0.9453513585248103,24.565929412841797,0.4535919725894928,4.240566253662109,38.532344818115234
Castle Gate,191,1.335476040840149,19.223180770874023,0.9566311448214623,25.754404067993164,0.6563279032707214,3.8185856342315674,38.07835388183594
Castle Gate,192,17.18166732788086,31.527660369873047,0.9405509693652451,31.590442657470703,0.7378994226455688,4.652592182159424,40.87015914916992
Castle Gate,193,20.30254554748535,32.17958068847656,0.9488741080562976,30.790071487426758,0.6224479079246521,3.732224941253662,40.688934326171875
Castle Gate,194,13.863697052001953,29.219070434570312,0.9370120052521984,32.50648498535156,0.6929211616516113,6.65189790725708,40.79217529296875
Castle Gate,195,13.612115859985352,30.064485549926758,0.9418198153547446,32.65047073364258,0.5589221715927124,6.992643356323242,40.541873931884766
Castle Gate,196,17.803924560546875,25.96143913269043,0.9200055677837361,22.889102935791016,0.4213327169418335,5.191728115081787,35.8221435546875
Castle Gate,197,15.140512466430664,25.63259506225586,0.9203459067705314,23.429794311523438,0.3815503418445587,5.41285514831543,35.70589065551758
Castle Gate,198,15.338226318359375,24.28786849975586,0.9299931729992759,22.77678680419922,0.44354313611984253,7.430630207061768,35.26604080200195
Castle Gate,199,17.391681671142578,26.34933853149414,0.9135473951747448,22.58284568786621,0.3976932168006897,6.700013637542725,35.862728118896484
Castle Gate,200,15.152868270874023,34.14841079711914,0.8187545180561551,34.482303619384766,0.6979272365570068,9.817667007446289,39.506927490234375
Castle Gate,201,18.256181716918945,37.404117584228516,0.8146344230603569,34.24424362182617,0.7303581833839417,7.341904640197754,40.480865478515625
Castle Gate,202,20.413394927978516,36.61484909057617,0.8250990546567707,34.45230484008789,0.7487010955810547,8.013199806213379,41.97689437866211
Castle Gate,203,20.517242431640625,37.0523681640625,0.8251800331376856,34.44921112060547,0.8449176549911499,11.574292182922363,41.31204605102539
Castle Gate,204,9.579824447631836,32.96026611328125,0.9063073272551616,30.87276268005371,0.83609539270401,1.382796287536621,41.39466857910156
Castle Gate,205,6.078464031219482,31.386716842651367,0.9083073647706085,31.664127349853516,0.5450457334518433,4.09096622467041,40.946903228759766
Castle Gate,206,8.814664840698242,32.94293212890625,0.9007619660339014,30.49593162536621,0.7569147348403931,6.147519111633301,40.309505462646484
Castle Gate,207,10.926705360412598,34.01236343383789,0.8972897804062068,30.193025588989258,0.5192305445671082,2.571682929992676,40.799190521240234
Castle Gate,208,94.31195068359375,94.55164337158203,0.955659238470858,23.974824905395508,1.0586992502212524,1.5455129146575928,39.92620849609375
Castle Gate,209,100.67779541015625,99.46378326416016,0.9657037045621065,24.087444305419922,1.4646536111831665,2.852365732192993,39.96502685546875
Castle Gate,210,95.03711700439453,94.52222442626953,0.9641114231635849,24.28468132019043,1.1135703325271606,1.256467342376709,40.443485260009766
Castle Gate,211,92.0296630859375,93.84838104248047,0.9527355961120931,24.32257843017578,1.3502624034881592,2.5521936416625977,40.71062469482422
Castle Gate,212,7.836319446563721,45.9248161315918,0.8357834953591649,38.201873779296875,0.3735731244087219,5.805617332458496,46.302337646484375
Castle Gate,213,5.371481418609619,43.943241119384766,0.8477721097364856,37.11789321899414,0.5949445962905884,0.8246774673461914,46.90373611450195
Castle Gate,214,4.549212455749512,41.60988998413086,0.8544576123961574,38.563262939453125,0.39806699752807617,0.13042743504047394,47.71330642700195
Castle Gate,215,8.41552448272705,42.699134826660156,0.8664002204434459,38.77235794067383,0.7014279961585999,2.92972469329834,46.536956787109375
Castle Gate,216,1.858172059059143,16.18695068359375,0.9794263866859536,30.88069725036621,0.6308372020721436,4.536425590515137,40.50760269165039
Castle Gate,217,0.7905194163322449,16.52311897277832,0.9783090994381732,29.375802993774414,1.006321668624878,2.509368896484375,39.39065170288086
Castle Gate,218,2.6563329696655273,17.800180435180664,0.9770108470715827,30.007848739624023,0.6545011401176453,5.002960205078125,40.80394744873047
Castle Gate,219,2.5794177055358887,16.56490707397461,0.9791352778454578,31.152019500732422,1.0058646202087402,3.293654203414917,40.31877136230469
Castle Gate,220,21.27572250366211,33.71433639526367,0.9238023325575296,34.72997283935547,0.6244674921035767,1.889674186706543,40.91364288330078
Castle Gate,221,23.771509170532227,33.00213623046875,0.9506850927706031,35.63533020019531,0.9401986002922058,0.37529948353767395,40.50046157836914
Castle Gate,222,18.95939826965332,28.949752807617188,0.9560194545060617,36.591331481933594,0.647332489490509,0.21829091012477875,39.52068328857422
Castle Gate,223,18.868648529052734,33.19636154174805,0.9295928397462799,34.2169075012207,0.9521400928497314,0.23359723389148712,40.10942459106445
Castle Gate,224,15.690256118774414,33.35563278198242,0.8888048112000165,25.489011764526367,0.6126478910446167,8.9961519241333,39.372982025146484
Castle Gate,225,14.001273155212402,36.89808654785156,0.8469609605115817,24.904525756835938,0.3719346523284912,7.649324417114258,39.300331115722656
Castle Gate,226,16.824867248535156,35.94234085083008,0.8596588101643146,24.97574234008789,0.6181106567382812,7.093846321105957,39.57167053222656
Castle Gate,227,16.56498146057129,35.3397331237793,0.856729398011281,25.306596755981445,0.40238192677497864,8.993810653686523,39.80541229248047
Castle Gate,228,31.72119903564453,31.950183868408203,0.9742703713064418,16.61993408203125,0.46014317870140076,2.4807345867156982,30.516984939575195
Castle Gate,229,28.79075813293457,29.324434280395508,0.9744262432689297,16.536300659179688,0.4373652935028076,1.413432240486145,30.45032501220703
Castle Gate,230,29.847557067871094,30.022817611694336,0.9680844552351873,17.147621154785156,0.4373912811279297,2.319079637527466,30.92917823791504
Castle Gate,231,32.175941467285156,32.025150299072266,0.9666821139954506,17.054367065429688,0.4155656695365906,2.718719720840454,30.800310134887695
Castle Gate,232,5.980051040649414,32.1636962890625,0.8896432899135539,29.152084350585938,0.761780321598053,5.623807430267334,40.41163635253906
Castle Gate,233,8.807865142822266,34.827640533447266,0.8909797815454555,29.88895606994629,0.5252534747123718,4.810666084289551,42.22526168823242
Castle Gate,234,2.3632969856262207,30.17259979248047,0.9035778146638342,29.89208984375,0.7373116612434387,4.556024074554443,41.18894577026367
Castle Gate,235,0.14414265751838684,29.657546997070312,0.897391791151802,28.442974090576172,0.4606206715106964,6.707528591156006,40.125396728515625
Castle Gate,236,11.83877944946289,18.328502655029297,0.9652794465245678,27.48996925354004,0.7785540223121643,2.3504176139831543,36.342384338378906
Castle Gate,237,12.345505714416504,19.434391021728516,0.9612950261471367,27.468700408935547,0.3017951250076294,1.5960137844085693,37.32301712036133
Castle Gate,238,13.704141616821289,21.56561851501465,0.9541602352783748,27.850379943847656,0.7558811902999878,2.5366063117980957,36.949161529541016
Castle Gate,239,17.487367630004883,21.717899322509766,0.9669149015181542,27.02583885192871,0.309442937374115,6.477573871612549,35.84992599487305
Castle Gate,240,5.797295570373535,19.682289123535156,0.9660514286081615,40.77040481567383,0.7453446388244629,9.387184143066406,42.80958938598633
Castle Gate,241,0.6564011573791504,18.109254837036133,0.9684686996153844,39.34663009643555,0.9247502684593201,7.384139060974121,42.64771270751953
Castle Gate,242,0.6078544855117798,20.093481063842773,0.959226048660037,41.173927307128906,0.8423628211021423,6.435876846313477,42.20586395263672
Castle Gate,243,5.449294090270996,18.911270141601562,0.9622952838606743,42.24567794799805,0.8786503076553345,9.33203125,42.08475875854492
Castle Gate,244,34.915977478027344,45.5843620300293,0.8166516884479564,30.84486961364746,0.49303874373435974,3.28279709815979,45.55706024169922
Castle Gate,245,35.071632385253906,46.41849136352539,0.8201233261110515,31.130016326904297,0.41869381070137024,7.441175937652588,45.524383544921875
Castle Gate,246,37.57142639160156,46.73235321044922,0.8809038006072928,32.11934280395508,0.48592498898506165,13.839166641235352,45.755027770996094
Castle Gate,247,35.97368240356445,45.56086349487305,0.8706662348086779,30.966400146484375,0.4380112886428833,7.580783843994141,45.839046478271484
Castle Gate,248,32.37646484375,36.111366271972656,0.9474299755310254,26.66554832458496,0.3304496705532074,0.10742643475532532,38.958560943603516
Castle Gate,249,32.593971252441406,35.73365783691406,0.9526614533139954,27.171777725219727,0.5991572737693787,3.508732795715332,38.98215103149414
Castle Gate,250,32.851436614990234,37.21070861816406,0.9411187450185442,27.787996292114258,0.3650325536727905,5.256932258605957,39.52075958251953
Castle Gate,251,33.49226760864258,36.32481384277344,0.9499198128730221,27.2672119140625,0.6016958951950073,2.3902535438537598,39.67652893066406
Castle Gate,252,10.065237045288086,22.732839584350586,0.9557364813617168,23.740604400634766,0.49966296553611755,4.626291751861572,44.38753890991211
Castle Gate,253,6.707943916320801,20.58576774597168,0.9644425317535553,23.042438507080078,0.741493821144104,3.380551815032959,44.3100700378418
Castle Gate,254,7.434451580047607,19.48555564880371,0.9608697089489262,24.35016441345215,0.5127648711204529,2.798872947692871,44.487606048583984
Castle Gate,255,11.383585929870605,22.545631408691406,0.9541080738874829,24.326547622680664,0.6734556555747986,3.740368604660034,44.243019104003906
Castle Gate,256,21.114530563354492,46.96232604980469,0.7559847523918146,42.05012130737305,0.4908008277416229,0.3984421193599701,44.276611328125
Castle Gate,257,11.191570281982422,46.05887985229492,0.7832407721626434,44.28236389160156,0.6329765319824219,0.6965869069099426,45.266178131103516
Castle Gate,258,19.815471649169922,46.069602966308594,0.7922909461071259,42.798683166503906,0.5410683155059814,3.7904791831970215,45.59165954589844
Castle Gate,259,12.056377410888672,43.61682891845703,0.7973224812813767,43.7502326965332,0.6054686307907104,3.521362066268921,45.645423889160156
Castle Gate,260,25.039613723754883,29.362483978271484,0.9620466243636328,20.595855712890625,0.7743912935256958,2.2516276836395264,35.346214294433594
Castle Gate,261,27.500892639160156,31.384746551513672,0.9597880173933493,20.895212173461914,0.32483774423599243,1.435723900794983,35.0205078125
Castle Gate,262,28.65708351135254,31.582622528076172,0.9636892612834402,21.558250427246094,0.7538925409317017,2.008457660675049,35.52703857421875
Castle Gate,263,29.26752281188965,31.964839935302734,0.9693270676999236,21.428997039794922,0.3380225896835327,2.001404047012329,35.09981155395508
Castle Gate,264,8.385878562927246,27.571134567260742,0.9163704377642238,29.336349487304688,0.8704347014427185,5.629873752593994,39.527217864990234
Castle Gate,265,8.161733627319336,28.177812576293945,0.9098776602130743,29.0559139251709,0.5306821465492249,5.674375057220459,41.44578170776367
Castle Gate,266,0.1743861436843872,30.87779998779297,0.9056355167351634,29.614315032958984,1.0277667045593262,2.0146284103393555,42.06576156616211
Castle Gate,267,2.3273589611053467,30.229341506958008,0.9064059268552813,30.097522735595703,0.5864509344100952,2.7853245735168457,40.36366653442383
Castle Gate,268,6.658129692077637,33.485008239746094,0.9223322682070764,41.932926177978516,0.6120336651802063,9.27444076538086,46.734230041503906
Castle Gate,269,11.478935241699219,34.92975616455078,0.9350216036876848,44.121795654296875,0.6656831502914429,13.163006782531738,46.761817932128906
Castle Gate,270,9.41148567199707,32.03439712524414,0.9387464596378575,46.16519546508789,0.5615409016609192,16.617380142211914,46.66363525390625
Castle Gate,271,8.085975646972656,32.151824951171875,0.9249648358510952,43.762935638427734,0.6355281472206116,14.355666160583496,47.13676452636719
Castle Gate,272,40.91155242919922,46.49851989746094,0.9544961319700493,27.942047119140625,0.6082823872566223,3.247907876968384,37.59794998168945
Castle Gate,273,41.17427062988281,47.5706901550293,0.9573176682489316,28.24516487121582,0.6283003687858582,3.7659435272216797,37.82469940185547
Castle Gate,274,40.77427291870117,47.58844757080078,0.9458820096979597,26.55811309814453,0.6294339299201965,3.857565402984619,37.363128662109375
Castle Gate,275,40.21249008178711,46.89020919799805,0.9492080080263726,26.15858268737793,0.618076741695404,3.7808585166931152,37.85719680786133
Castle Gate,276,13.552751541137695,31.223129272460938,0.9197603898518177,27.856130599975586,0.901221513748169,6.3205718994140625,38.1881217956543
Castle Gate,277,14.913532257080078,31.94069480895996,0.9184465206549667,29.05816078186035,0.46574273705482483,5.592085361480713,37.99173355102539
Castle Gate,278,16.129411697387695,30.328805923461914,0.9327568817691606,28.02796745300293,0.905230700969696,3.745990514755249,36.93378829956055
Castle Gate,279,15.860246658325195,28.573083877563477,0.9360662801892498,27.384849548339844,0.49888136982917786,4.556299686431885,37.221004486083984
Castle Gate,280,16.286237716674805,35.391300201416016,0.8631797156119123,36.913509368896484,0.9677869081497192,1.427276611328125,41.7801628112793
Castle Gate,281,18.674297332763672,35.854061126708984,0.8727179297176237,36.922210693359375,0.6879352331161499,1.1032798290252686,41.44048309326172
Castle Gate,282,17.998943328857422,31.850858688354492,0.8986783398793164,37.28993225097656,0.9555202126502991,1.5190776586532593,40.98774337768555
Castle Gate,283,10.992149353027344,30.67856216430664,0.8791277047923063,37.785560607910156,0.795508623123169,0.12477067857980728,41.342140197753906
Berea Upper Gray,0,46.68798065185547,55.45867919921875,0.7964761462533231,44.79814910888672,0.5671938061714172,23.050798416137695,48.0349235534668
Berea Upper Gray,1,44.17859649658203,53.49714660644531,0.8112445523040203,44.856204986572266,0.6478313207626343,20.85659408569336,47.43043899536133
Berea Upper Gray,2,44.05256271362305,49.892677307128906,0.8371154491243865,44.428077697753906,0.5671040415763855,26.56011199951172,47.88591384887695
Berea Upper Gray,3,42.414703369140625,53.244041442871094,0.7935199116152795,44.71345138549805,0.6592563986778259,19.12211799621582,48.220054626464844
Berea Upper Gray,4,1.8347132205963135,22.25542449951172,0.9612454998954979,35.23862075805664,0.9401171207427979,7.96777868270874,41.547550201416016
Berea Upper Gray,5,1.8405590057373047,20.54907989501953,0.9683422534084916,35.97908401489258,0.766494631767273,9.064925193786621,42.13939666748047
Berea Upper Gray,6,1.0943577289581299,20.685691833496094,0.966615982943166,37.196815490722656,0.9322740435600281,8.069450378417969,42.332950592041016
Berea Upper Gray,7,3.490558624267578,21.97344207763672,0.9624653916577063,35.670387268066406,0.7978863716125488,5.6997222900390625,42.11216354370117
Berea Upper Gray,8,6.464132785797119,43.102535247802734,0.8263004234652195,36.04868698120117,0.8836432099342346,1.1507489681243896,43.462562561035156
Berea Upper Gray,9,4.685666561126709,44.600345611572266,0.823344824932716,35.79335403442383,0.7840498685836792,0.46279603242874146,43.53367614746094
Berea Upper Gray,10,3.2593448162078857,44.150028228759766,0.821757130556408,37.415775299072266,0.9005503058433533,0.946026623249054,44.1988410949707
Berea Upper Gray,11,4.419722557067871,41.6258430480957,0.8302028597588874,37.63609313964844,0.7984280586242676,1.1311397552490234,44.15622329711914
Berea Upper Gray,12,12.085577011108398,68.69287109375,0.6626147231447254,34.5597038269043,0.6406008005142212,6.621457576751709,41.40242004394531
Berea Upper Gray,13,13.79222297668457,66.7281265258789,0.6812656535441567,35.752105712890625,0.901824951171875,3.7498884201049805,42.563175201416016
Berea Upper Gray,14,18.56546974182129,72.20844268798828,0.6732324937490772,36.044742584228516,0.7069799304008484,4.063661575317383,42.81724166870117
Berea Upper Gray,15,12.276512145996094,64.58868408203125,0.6963869058252831,34.418983459472656,0.8794911503791809,4.21420955657959,41.41122055053711
Berea Upper Gray,16,8.319957733154297,58.63225555419922,0.826887757055693,47.6856689453125,1.0869382619857788,0.1538405418395996,47.48371887207031
Berea Upper Gray,17,5.385724067687988,49.935367584228516,0.8641142399708002,48.20273971557617,0.7183012366294861,10.992069244384766,48.24846267700195
Berea Upper Gray,18,2.713707685470581,53.687808990478516,0.8434155631958856,48.047508239746094,0.9117977619171143,6.941800594329834,48.28063201904297
Berea Upper Gray,19,0.7153788805007935,53.43171310424805,0.8267135196505054,47.580108642578125,0.8462617993354797,8.890066146850586,48.34930419921875
Berea Upper Gray,20,16.75482940673828,51.24675369262695,0.8018503176369894,47.10526657104492,0.4864601492881775,9.550016403198242,51.29386901855469
Berea Upper Gray,21,13.690666198730469,52.860313415527344,0.7453899199962113,45.226707458496094,0.4614398181438446,6.663350582122803,51.195499420166016
Berea Upper Gray,22,17.47654151916504,45.768699645996094,0.8232060284345653,45.53721237182617,0.5017716884613037,16.530441284179688,51.4683952331543
Berea Upper Gray,23,12.2225923538208,48.65104675292969,0.7854445100655874,45.96147918701172,0.47306668758392334,7.6045074462890625,51.336856842041016
Berea Upper Gray,24,46.52249526977539,50.54741668701172,0.9389645335650458,37.388668060302734,0.5230379700660706,0.7444230914115906,40.035099029541016
Berea Upper Gray,25,45.70170211791992,50.10383224487305,0.9402834050904876,38.28153991699219,0.5947799682617188,0.6887317299842834,40.4044303894043
Berea Upper Gray,26,46.20275115966797,51.126338958740234,0.9378828863461686,39.43728256225586,0.5372088551521301,2.6414382457733154,40.35932922363281
Berea Upper Gray,27,45.99646759033203,50.127628326416016,0.9439652546310756,38.326419830322266,0.6008189916610718,4.090388298034668,40.463783264160156
Berea Upper Gray,28,19.13661003112793,26.38390350341797,0.9082707178371282,27.760393142700195,0.895580530166626,2.117314577102661,37.99039840698242
Berea Upper Gray,29,22.91124153137207,29.968555450439453,0.900650511173427,26.760639190673828,0.6594046354293823,3.5242698192596436,38.80634307861328
Berea Upper Gray,30,21.366043090820312,28.54852867126465,0.8998104702794538,27.875722885131836,0.8688376545906067,3.2790260314941406,38.484439849853516
Berea Upper Gray,31,16.956483840942383,27.442758560180664,0.8943731568218911,27.56977081298828,0.6787163019180298,1.515928030014038,38.034542083740234
Berea Upper Gray,32,3.9368741512298584,54.20204162597656,0.7037900199608368,37.49608612060547,1.0201725959777832,0.19180336594581604,42.67047882080078
Berea Upper Gray,33,1.9436066150665283,60.96123504638672,0.6724416313026979,37.38568115234375,0.62074875831604,1.226320505142212,42.6495475769043
Berea Upper Gray,34,1.664689540863037,57.64995193481445,0.6829130767186083,36.28264236450195,1.071553349494934,0.8806343078613281,43.24687576293945
Berea Upper Gray,35,0.1268444061279297,60.40605545043945,0.6789810796894551,36.68149185180664,0.6301646828651428,0.8902066349983215,43.09230422973633
Berea Upper Gray,36,15.823862075805664,93.60597229003906,0.38198719502280354,46.58833694458008,0.9131923317909241,8.261353492736816,48.85763168334961
Berea Upper Gray,37,11.604761123657227,87.0563735961914,0.40836848599269643,46.298606872558594,0.8469748497009277,3.727409601211548,48.24951171875
Berea Upper Gray,38,11.866962432861328,84.93783569335938,0.462168683814698,45.90471649169922,0.7960577607154846,2.1579549312591553,48.271209716796875
Berea Upper Gray,39,12.512598037719727,86.05089569091797,0.4562876440279817,46.99989318847656,0.786875307559967,4.164157390594482,49.066558837890625
Berea Upper Gray,40,38.626747131347656,53.643409729003906,0.7591889343508059,40.73190689086914,0.5447412133216858,4.062970161437988,45.753944396972656
Berea Upper Gray,41,37.50722122192383,52.53868103027344,0.7718343439295866,40.7034912109375,0.4694502651691437,1.9847725629806519,45.848548889160156
Berea Upper Gray,42,38.00227737426758,52.62986373901367,0.7803256746258491,40.13905334472656,0.5100718140602112,8.591787338256836,45.5234375
Berea Upper Gray,43,39.60616683959961,53.28369140625,0.7977485042733597,40.70987319946289,0.4914178252220154,11.133975982666016,45.66169738769531
Berea Upper Gray,44,17.858760833740234,50.745521545410156,0.6303440374290542,49.26993942260742,0.5041952729225159,9.730097770690918,51.51750564575195
Berea Upper Gray,45,20.57074737548828,57.15143585205078,0.6165661996409794,47.27852249145508,0.629506528377533,2.1332058906555176,52.199092864990234
Berea Upper Gray,46,23.529081344604492,57.293087005615234,0.63907678032102,44.80089569091797,0.5719329118728638,3.091524362564087,51.682777404785156
Berea Upper Gray,47,23.110883712768555,51.05496597290039,0.6416654362581663,45.105342864990234,0.5382739305496216,13.140015602111816,51.434226989746094
Berea Upper Gray,48,12.946500778198242,36.3386116027832,0.8784893696318723,33.6414909362793,0.6304436326026917,12.764420509338379,45.954307556152344
Berea Upper Gray,49,15.439831733703613,37.075218200683594,0.8938868959375372,33.8892822265625,0.6608866453170776,16.338489532470703,45.00279235839844
Berea Upper Gray,50,17.527023315429688,45.44825744628906,0.8307488556902818,34.38846206665039,0.6397116184234619,11.241686820983887,45.39129638671875
Berea Upper Gray,51,16.13263702392578,42.554054260253906,0.8365404166974804,34.26158142089844,0.683375358581543,8.733531951904297,46.22017288208008
Berea Upper Gray,52,13.438284873962402,25.072704315185547,0.9591986198796985,32.09941482543945,0.8610114455223083,3.580112934112549,43.07538604736328
Berea Upper Gray,53,16.684532165527344,28.966251373291016,0.9426492565740919,33.81932067871094,0.5605258941650391,3.5042788982391357,44.40741729736328
Berea Upper Gray,54,7.315563201904297,30.244251251220703,0.9463643512009323,35.249755859375,0.9750106334686279,1.9551098346710205,44.483673095703125
Berea Upper Gray,55,13.551313400268555,27.75535774230957,0.9561877513762191,33.72096633911133,0.5778539180755615,5.3060832023620605,43.63541793823242
Berea Upper Gray,56,26.549579620361328,36.04061508178711,0.9515828096722503,42.078941345214844,0.7367168068885803,22.43935775756836,47.413883209228516
Berea Upper Gray,57,27.221891403198242,36.775856018066406,0.9427754842805444,42.456844329833984,0.5287229418754578,25.83654022216797,48.417076110839844
Berea Upper Gray,58,24.373992919921875,34.52346420288086,0.944211778306097,41.4083251953125,0.8213129043579102,17.140899658203125,48.00236511230469
Berea Upper Gray,59,23.416763305664062,33.44160079956055,0.9492153346264285,42.68991470336914,0.5777479410171509,14.372268676757812,46.911922454833984
Berea Upper Gray,60,18.318614959716797,41.517459869384766,0.8444652729294575,37.95705032348633,0.5594680905342102,2.0879275798797607,40.55124282836914
Berea Upper Gray,61,17.8631591796875,41.07587432861328,0.8630109175008845,37.89175796508789,0.8161371350288391,1.5877126455307007,40.4506950378418
Berea Upper Gray,62,21.560476303100586,42.29810333251953,0.836789259746476,37.974884033203125,0.5376211404800415,1.631422996520996,40.60129928588867
Berea Upper Gray,63,18.503149032592773,47.032073974609375,0.8018010438645552,36.583351135253906,0.8420840501785278,5.1447224617004395,40.520835876464844
Berea Upper Gray,64,15.865114212036133,29.434667587280273,0.9506526751687068,40.41310501098633,0.9358256459236145,4.119614124298096,44.34648513793945
Berea Upper Gray,65,21.07481575012207,31.70777130126953,0.9435341444908782,41.12940979003906,1.0287513732910156,0.4518921673297882,43.90693664550781
Berea Upper Gray,66,18.105804443359375,31.30094337463379,0.9452497166461826,40.8016357421875,0.9973757863044739,1.8271788358688354,43.589202880859375
Berea Upper Gray,67,18.815372467041016,29.95732307434082,0.9497850220029271,39.91987228393555,0.931955099105835,3.0769312381744385,43.806114196777344
Berea Upper Gray,68,97.65087890625,121.26632690429688,0.5257339891564136,66.10357666015625,1.8534249067306519,9.675300598144531,49.451995849609375
Berea Upper Gray,69,109.55509948730469,124.74945831298828,0.547243710575213,59.635860443115234,1.919219970703125,16.797786712646484,49.451534271240234
Berea Upper Gray,70,113.89431762695312,134.24681091308594,0.5341565368539173,59.83233642578125,2.2433273792266846,19.170167922973633,49.24903869628906
Berea Upper Gray,71,100.81228637695312,130.4995574951172,0.49718385033444107,66.29060363769531,1.7201272249221802,11.651450157165527,49.219093322753906
Berea Upper Gray,72,6.894104480743408,43.54045867919922,0.7990395704811375,43.17738342285156,0.5470061898231506,14.600141525268555,48.42361831665039
Berea Upper Gray,73,4.558927536010742,40.09414291381836,0.8112035021720901,43.2275390625,0.6135338544845581,16.273134231567383,48.037837982177734
Berea Upper Gray,74,1.786482810974121,40.57231903076172,0.804523048203018,41.889122009277344,0.5388216972351074,8.708597183227539,47.47467803955078
Berea Upper Gray,75,1.422711730003357,40.491539001464844,0.808704521208959,42.60945510864258,0.6086820363998413,7.382253170013428,47.8806266784668
Berea Upper Gray,76,100.64965057373047,118.15668487548828,0.33270814350103456,48.82180404663086,1.9668481349945068,23.62088394165039,48.910762786865234
Berea Upper Gray,77,89.37935638427734,108.39408111572266,0.3706360010840101,50.65926742553711,1.4279226064682007,15.379056930541992,49.425052642822266
Berea Upper Gray,78,94.8561782836914,119.41552734375,0.3122183862321146,50.52307891845703,1.8247270584106445,19.64912223815918,48.06674575805664
Berea Upper Gray,79,95.93649291992188,122.23207092285156,0.2869708352048203,49.520957946777344,1.6710021495819092,22.684734344482422,48.39444351196289
Berea Upper Gray,80,8.724380493164062,37.226722717285156,0.8417874381595984,54.817752838134766,0.43406960368156433,16.475221633911133,52.18920135498047
Berea Upper Gray,81,0.6982038021087646,40.711814880371094,0.8090319792065139,56.96281051635742,0.45900678634643555,25.344181060791016,52.82489776611328
Berea Upper Gray,82,1.2547723054885864,41.762725830078125,0.8016223880383799,53.79898452758789,0.4494447112083435,20.92519187927246,52.42292022705078
Berea Upper Gray,83,10.997222900390625,39.69993209838867,0.8320601745054578,52.297340393066406,0.5871972441673279,14.85513973236084,52.43626403808594
Berea Upper Gray,84,6.24631404876709,29.447797775268555,0.9445263373856038,34.46123504638672,0.734168529510498,2.340508460998535,42.15288543701172
Berea Upper Gray,85,9.336044311523438,31.13805389404297,0.9395070394547597,34.712486267089844,0.7683293223381042,5.104330539703369,42.771026611328125
Berea Upper Gray,86,8.906821250915527,31.012361526489258,0.9379443165219767,34.13253402709961,0.7024568319320679,6.509302616119385,42.65060043334961
Berea Upper Gray,87,3.861964464187622,33.50360870361328,0.9322869327064659,32.950992584228516,0.8266667127609253,2.5422792434692383,42.00238037109375
Berea Upper Gray,88,25.043960571289062,37.15654373168945,0.8718701460952818,32.16220474243164,0.49595820903778076,11.988936424255371,42.18779754638672
Berea Upper Gray,89,25.134267807006836,34.96118927001953,0.8835463044123314,31.94688606262207,0.46818867325782776,11.65496826171875,42.14616012573242
Berea Upper Gray,90,28.397872924804688,37.5670280456543,0.8717761808831361,32.51616668701172,0.5441812872886658,13.769042015075684,43.011783599853516
Berea Upper Gray,91,29.19244384765625,39.03522872924805,0.881036998721076,32.0756950378418,0.4648585915565491,15.249699592590332,42.666439056396484
Berea Upper Gray,92,33.74536895751953,39.008087158203125,0.9028293663150879,37.259239196777344,0.4976648986339569,1.7834441661834717,39.55979537963867
Berea Upper Gray,93,34.088951110839844,39.63859939575195,0.8948738856262064,34.79488754272461,0.442207008600235,3.9955854415893555,40.50166320800781
Berea Upper Gray,94,37.60245132446289,41.84882354736328,0.9050048599133858,35.72539138793945,0.48230838775634766,9.037939071655273,40.7158317565918
Berea Upper Gray,95,37.60760498046875,41.737789154052734,0.9062647444052527,39.18339920043945,0.4537546634674072,7.6003193855285645,40.247501373291016
Berea Upper Gray,96,31.23637580871582,41.91319274902344,0.8844022458003067,43.46754837036133,0.5579662322998047,23.25189781188965,47.46739196777344
Berea Upper Gray,97,32.289432525634766,40.921566009521484,0.9048972339566672,41.365901947021484,0.6122916340827942,23.843252182006836,46.69802474975586
Berea Upper Gray,98,32.14446258544922,39.352821350097656,0.9194944839541594,43.13883590698242,0.5660727620124817,19.658058166503906,47.124122619628906
Berea Upper Gray,99,30.92741584777832,40.232566833496094,0.9011446725404068,45.73354721069336,0.6044094562530518,18.44133186340332,47.20676803588867
Berea Upper Gray,100,460.0655212402344,382.8113708496094,0.6052312611653738,55.813358306884766,4.5196638107299805,2.9093706607818604,52.25242233276367
Berea Upper Gray,101,429.0513000488281,341.2440185546875,0.5542963917053265,57.22698974609375,4.138710021972656,3.932429313659668,52.54250717163086
Berea Upper Gray,102,447.8717346191406,364.7218322753906,0.5738269512041858,58.33570861816406,4.419051170349121,2.894038438796997,51.411651611328125
Berea Upper Gray,103,470.36328125,373.6435852050781,0.6048397398859617,56.45326614379883,4.4569926261901855,6.161225318908691,51.550323486328125
Berea Upper Gray,104,14.077923774719238,37.19145584106445,0.9000829696572188,36.98653030395508,0.7941340208053589,10.427830696105957,41.9355583190918
Berea Upper Gray,105,9.542509078979492,39.08766555786133,0.8884173316465983,37.590789794921875,0.8376626968383789,12.742828369140625,42.23211669921875
Berea Upper Gray,106,16.337976455688477,37.54821014404297,0.9022633346997487,37.77821350097656,0.803010106086731,10.839253425598145,41.734317779541016
Berea Upper Gray,107,17.79734230041504,36.320350646972656,0.9152862950508077,36.59772491455078,0.805063784122467,11.421745300292969,41.03532409667969
Berea Upper Gray,108,94.61976623535156,136.0430450439453,0.5005529786639841,48.573951721191406,1.6311756372451782,11.010622024536133,51.7279167175293
Berea Upper Gray,109,100.79039764404297,149.71047973632812,0.4352727500604551,48.947933197021484,1.5709729194641113,11.261610984802246,51.27849578857422
Berea Upper Gray,110,108.06464385986328,157.90480041503906,0.4365909337065665,49.954368591308594,1.7492347955703735,10.819008827209473,49.649105072021484
Berea Upper Gray,111,98.72007751464844,138.07522583007812,0.5178350009000974,49.415035247802734,1.5227795839309692,7.970388889312744,51.33638000488281
Berea Upper Gray,112,1.181792140007019,44.395206451416016,0.8495144650728642,61.271419525146484,0.536354124546051,40.958255767822266,50.2008056640625
Berea Upper Gray,113,2.9968724250793457,50.31092834472656,0.8104086154220117,64.96910095214844,0.8393466472625732,43.41947555541992,50.6220588684082
Berea Upper Gray,114,3.3088412284851074,56.47541046142578,0.7814219159835627,67.70149993896484,0.5783287286758423,43.31483840942383,51.002227783203125
Berea Upper Gray,115,6.042812347412109,52.952701568603516,0.8243467089997122,63.65363311767578,0.8564203381538391,41.98123550415039,50.5216064453125
Berea Upper Gray,116,0.8252550363540649,18.521474838256836,0.9749754483326515,32.965370178222656,0.6813238263130188,6.323019504547119,41.46043014526367
Berea Upper Gray,117,4.096835136413574,16.018117904663086,0.9751203281088411,31.967844009399414,0.7157660722732544,2.8293325901031494,40.93804931640625
Berea Upper Gray,118,9.361957550048828,20.097074508666992,0.9742466848949923,31.760520935058594,0.77286696434021,1.8350577354431152,40.21565628051758
Berea Upper Gray,119,6.742369174957275,20.565330505371094,0.9748923333370519,32.173583984375,0.7723777890205383,3.541226625442505,40.83099365234375
Berea Upper Gray,120,36.61419677734375,38.75398254394531,0.8940632327208484,33.07640075683594,0.5510293245315552,12.786515235900879,41.974369049072266
Berea Upper Gray,121,33.84960174560547,37.5310173034668,0.910432027133916,32.67799758911133,0.5631267428398132,10.855463981628418,41.31083679199219
Berea Upper Gray,122,33.9934196472168,37.71770095825195,0.9048368077912902,33.171199798583984,0.5330671072006226,13.864398956298828,42.1948127746582
Berea Upper Gray,123,35.560081481933594,38.123809814453125,0.9080299521276488,32.73391342163086,0.6020842790603638,13.081921577453613,42.01974868774414
Berea Upper Gray,124,2.439086437225342,46.66298294067383,0.8382136171942982,32.85153579711914,0.7441270351409912,2.4936130046844482,41.25193405151367
Berea Upper Gray,125,8.749774932861328,46.94315719604492,0.826554973936431,33.19139099121094,0.7292484641075134,0.5548981428146362,41.43577575683594
Berea Upper Gray,126,7.934595584869385,48.937103271484375,0.8159394171819444,33.1606330871582,0.6683321595191956,2.8389892578125,41.52572250366211
Berea Upper Gray,127,6.587869167327881,43.27534103393555,0.8520207958144121,32.77919006347656,0.7134625315666199,3.604151964187622,41.558738708496094
Berea Upper Gray,128,6.623664379119873,33.773014068603516,0.8965778360310318,35.489505767822266,0.6386387348175049,5.76827335357666,43.60576629638672
Berea Upper Gray,129,4.831524848937988,33.93901443481445,0.8947243509195218,36.727989196777344,0.5403612852096558,9.346807479858398,44.493343353271484
Berea Upper Gray,130,0.1215750053524971,31.98331069946289,0.9124350229908041,36.27396774291992,0.6927525997161865,4.546237468719482,44.07150650024414
Berea Upper Gray,131,4.587779521942139,34.67982482910156,0.8900893974394655,35.79140853881836,0.5573548674583435,6.328183174133301,44.92665481567383
Berea Upper Gray,132,18.983423233032227,25.57971954345703,0.9481014891541919,27.519712448120117,0.5218137502670288,4.36320161819458,36.327880859375
Berea Upper Gray,133,20.958894729614258,26.53407096862793,0.9481909669866352,27.969526290893555,0.6850554347038269,3.102452039718628,36.46592712402344
Berea Upper Gray,134,25.148527145385742,28.1417179107666,0.9525197979695221,28.032285690307617,0.5361912846565247,1.6830254793167114,36.68843460083008
Berea Upper Gray,135,22.48285484313965,26.31075668334961,0.9533816221501308,27.731792449951172,0.6284141540527344,3.214660882949829,36.656192779541016
Berea Upper Gray,136,35.8792839050293,41.39513397216797,0.8682542370274995,33.86178207397461,0.6274774670600891,5.855391979217529,43.04938507080078
Berea Upper Gray,137,32.73307418823242,43.514400482177734,0.8264430745106468,33.78044891357422,0.9273418188095093,8.271485328674316,44.22489547729492
Berea Upper Gray,138,31.24347686767578,46.46916961669922,0.8150514866905102,33.459800720214844,0.7042247653007507,9.288237571716309,43.57909393310547
Berea Upper Gray,139,32.627044677734375,45.85565185546875,0.8058780945536562,33.650455474853516,0.9075703024864197,7.3421101570129395,42.707855224609375
Berea Upper Gray,140,23.180362701416016,37.031349182128906,0.9177627704589862,43.37131881713867,0.6157369017601013,9.74001693725586,45.6544075012207
Berea Upper Gray,141,23.066686630249023,38.49541473388672,0.9052002056792651,42.073883056640625,0.7356128096580505,7.817698955535889,44.687835693359375
Berea Upper Gray,142,19.26065444946289,34.67774963378906,0.9016179276151252,42.71175765991211,0.6304056644439697,6.280177116394043,45.89276123046875
Berea Upper Gray,143,21.830677032470703,35.591678619384766,0.9237584621918754,44.237361907958984,0.7805977463722229,9.211160659790039,46.110260009765625
Berea Upper Gray,144,23.06482696533203,30.301679611206055,0.97181048320803,33.89917755126953,0.8021601438522339,0.08982976526021957,38.80988693237305
Berea Upper Gray,145,24.7310848236084,32.46969985961914,0.9663587471879209,34.52650451660156,0.6495884656906128,0.08013667911291122,38.8112907409668
Berea Upper Gray,146,22.34297752380371,30.361268997192383,0.9721858683725766,34.81512451171875,0.8335508108139038,3.2327287197113037,37.822792053222656
Berea Upper Gray,147,22.99549102783203,30.994098663330078,0.9708651517432173,32.955482482910156,0.6653577089309692,0.534289538860321,37.46104431152344
Berea Upper Gray,148,2.445059299468994,27.41451072692871,0.8947632645976683,40.21588134765625,0.6109521985054016,3.2463395595550537,40.08696746826172
Berea Upper Gray,149,1.3793318271636963,27.8548526763916,0.8975210525217802,40.759037017822266,0.6548725962638855,0.754442572593689,41.245731353759766
Berea Upper Gray,150,0.5306050777435303,26.196901321411133,0.9176396213901922,40.88549041748047,0.6317873597145081,4.460381507873535,41.12320327758789
Berea Upper Gray,151,3.169132947921753,24.83118438720703,0.9248915881902564,40.693965911865234,0.6405694484710693,4.261681079864502,40.66716766357422
Berea Upper Gray,152,559.4468994140625,166.08847045898438,-0.014865123391537189,67.68317413330078,7.022890567779541,12.668670654296875,56.73392105102539
Berea Upper Gray,153,546.8230590820312,174.25872802734375,-0.017319811360642732,67.46174621582031,7.105319499969482,13.327983856201172,56.26226043701172
Berea Upper Gray,154,497.6358947753906,158.53677368164062,0.012089000463502692,67.51909637451172,6.104073524475098,8.400008201599121,56.2209587097168
Berea Upper Gray,155,453.9121398925781,153.0035858154297,0.006990077509831936,66.26568603515625,5.698962688446045,1.9442027807235718,56.73807907104492
Berea Upper Gray,156,241.88177490234375,174.73338317871094,0.5123360188612499,55.64668655395508,3.127913475036621,15.254404067993164,55.947669982910156
Berea Upper Gray,157,237.5147705078125,164.47901916503906,0.4972426897364575,54.89887237548828,3.438034772872925,17.704238891601562,56.31662368774414
Berea Upper Gray,158,245.5521240234375,179.80377197265625,0.559043654522333,55.02890396118164,3.378394842147827,17.826580047607422,55.609954833984375
Berea Upper Gray,159,253.578857421875,175.63748168945312,0.5320174204108994,53.491886138916016,3.708552837371826,17.548751831054688,55.26253128051758
Berea Upper Gray,160,0.3260633051395416,21.375682830810547,0.9296567069936794,23.811885833740234,1.0250823497772217,2.9958465099334717,41.120277404785156
Berea Upper Gray,161,3.756617307662964,21.037372589111328,0.9396835454265264,24.268583297729492,0.8360735177993774,2.1821794509887695,40.54524230957031
Berea Upper Gray,162,2.4051969051361084,22.303115844726562,0.9394953415169264,24.382888793945312,1.024728536605835,2.9405031204223633,40.50766372680664
Berea Upper Gray,163,2.7340288162231445,23.488981246948242,0.9184254966708882,24.161109924316406,0.8241987228393555,2.6532132625579834,41.429893493652344
Berea Upper Gray,164,13.21553897857666,25.7308406829834,0.9477744259502744,33.107940673828125,0.4949250817298889,16.321578979492188,43.65614318847656
Berea Upper Gray,165,13.29589557647705,26.74464225769043,0.9401995977125595,33.625789642333984,0.7106835246086121,17.6364803314209,44.495338439941406
Berea Upper Gray,166,13.274615287780762,28.499582290649414,0.9355533504101582,34.88200378417969,0.5188481211662292,15.543344497680664,45.00811004638672
Berea Upper Gray,167,12.063314437866211,25.681671142578125,0.9508765301287496,34.67578887939453,0.7621353268623352,13.645767211914062,44.60395431518555
Berea Upper Gray,168,55.565250396728516,91.7008285522461,0.7083087728794688,50.89999771118164,1.2031080722808838,14.942532539367676,50.22405242919922
Berea Upper Gray,169,54.28184127807617,91.75447845458984,0.7051692666810218,54.070350646972656,0.9845194816589355,13.887238502502441,50.4002685546875
Berea Upper Gray,170,54.29991149902344,94.48624420166016,0.6859711274454493,54.59843063354492,1.1855647563934326,14.346348762512207,50.40562438964844
Berea Upper Gray,171,43.866844177246094,81.47251892089844,0.737729220343564,50.47503662109375,0.8528125286102295,12.13724422454834,49.515411376953125
Berea Upper Gray,172,18.138147354125977,33.76765060424805,0.9135284756717749,40.631412506103516,0.6231316924095154,5.067587852478027,45.16515350341797
Berea Upper Gray,173,15.752321243286133,32.957462310791016,0.9138254758673556,39.51435852050781,0.6374022960662842,9.402959823608398,44.59601974487305
Berea Upper Gray,174,13.035325050354004,29.381866455078125,0.9435697008281259,38.10081100463867,0.6354854106903076,7.263397693634033,44.669525146484375
Berea Upper Gray,175,9.9658842086792,28.647274017333984,0.9339789735999128,40.1663932800293,0.5938161015510559,6.729128360748291,46.12321090698242
Berea Upper Gray,176,165.71807861328125,213.8166961669922,0.30760596884310076,56.452117919921875,1.8100005388259888,3.798017978668213,51.203773498535156
Berea Upper Gray,177,152.64675903320312,195.96707153320312,0.28966509599300033,53.79539108276367,1.828824520111084,6.735352993011475,50.948909759521484
Berea Upper Gray,178,142.48953247070312,183.0329132080078,0.3141313763942854,53.145450592041016,1.8024259805679321,11.313081741333008,51.09185028076172
Berea Upper Gray,179,146.49139404296875,183.15147399902344,0.3448375082367698,54.79711151123047,1.7814345359802246,6.600691795349121,51.00242233276367
Berea Upper Gray,180,18.93452262878418,33.5988655090332,0.9287358917380629,38.92066955566406,1.0362052917480469,2.655463457107544,40.30987548828125
Berea Upper Gray,181,17.622352600097656,31.868942260742188,0.9333421726981066,40.31500244140625,0.6691420674324036,4.647503852844238,41.01655197143555
Berea Upper Gray,182,13.608633041381836,31.031360626220703,0.9342266641882416,37.63033676147461,0.9691282510757446,3.9479377269744873,40.818267822265625
Berea Upper Gray,183,12.091020584106445,29.62891387939453,0.9420023940645103,36.8279914855957,0.6480528116226196,3.541703701019287,40.61204147338867
Berea Upper Gray,184,53.60009765625,52.08563995361328,0.9368065960926308,47.97879409790039,0.8016507029533386,20.94456672668457,47.292816162109375
Berea Upper Gray,185,49.20418167114258,49.53021240234375,0.9273625698349078,48.1633186340332,1.2162996530532837,16.369821548461914,46.91037368774414
Berea Upper Gray,186,44.80819320678711,47.696319580078125,0.9273324896131915,47.56601333618164,0.767767608165741,18.21120262145996,46.274600982666016
Berea Upper Gray,187,57.45259475708008,58.64426040649414,0.9210125108552657,46.441986083984375,1.3267955780029297,15.255586624145508,46.400455474853516
Berea Upper Gray,188,8.400774955749512,48.89975357055664,0.7943844969932204,37.99995040893555,0.7211101651191711,3.671034574508667,44.93942642211914
Berea Upper Gray,189,10.180912017822266,43.314048767089844,0.8317447819033487,38.32002639770508,0.7108461856842041,6.479376792907715,44.81813430786133
Berea Upper Gray,190,17.934368133544922,47.112030029296875,0.8153645316899807,37.84107971191406,0.7048013210296631,5.108836650848389,42.47343063354492
Berea Upper Gray,191,10.119634628295898,50.083351135253906,0.7880126415776053,38.802696228027344,0.7263044714927673,5.886962413787842,43.20063781738281
Berea Upper Gray,192,15.677858352661133,34.7564697265625,0.9090815641051448,43.847755432128906,0.6521660685539246,2.7153868675231934,48.64762496948242
Berea Upper Gray,193,13.216371536254883,35.57664108276367,0.9036541622581771,42.96303176879883,0.8286557197570801,3.4259541034698486,49.16878890991211
Berea Upper Gray,194,16.4412899017334,37.726890563964844,0.9066500948149998,41.57832336425781,0.6469594836235046,4.9588847160339355,49.319915771484375
Berea Upper Gray,195,14.52085018157959,37.23497009277344,0.9029897839047601,42.32469177246094,0.8085764646530151,5.964095115661621,48.69547653198242
Berea Upper Gray,196,7.232548236846924,33.861507415771484,0.9183515008399625,32.06089401245117,0.36453667283058167,18.414085388183594,44.64427947998047
Berea Upper Gray,197,8.68223762512207,35.80876541137695,0.9068368140819251,32.17684555053711,0.3577428460121155,13.855700492858887,44.18227767944336
Berea Upper Gray,198,6.027892112731934,31.99526023864746,0.9250499678861979,31.81717300415039,0.3906618654727936,15.825822830200195,44.08133316040039
Berea Upper Gray,199,3.168653726577759,35.156959533691406,0.9217704456105082,31.94097137451172,0.37186309695243835,18.27516746520996,45.14682388305664
Berea Upper Gray,200,48.3203010559082,71.07648468017578,0.8039302135474851,40.586238861083984,0.4744533598423004,18.86235809326172,47.497718811035156
Berea Upper Gray,201,48.51234817504883,70.8348617553711,0.8158086824199984,39.520347595214844,0.6805897355079651,27.71662712097168,48.442955017089844
Berea Upper Gray,202,52.52250289916992,69.7325439453125,0.8319493318054569,38.980255126953125,0.5481229424476624,24.136192321777344,47.98384094238281
Berea Upper Gray,203,46.59531021118164,67.50274658203125,0.8301488487712326,40.66248321533203,0.7211561799049377,21.959409713745117,47.82661056518555
Berea Upper Gray,204,15.614712715148926,45.41314697265625,0.8599893973392875,56.0284423828125,0.5804018378257751,4.280099391937256,47.69742202758789
Berea Upper Gray,205,12.195737838745117,46.94826126098633,0.8620438177939197,55.99460983276367,0.5155192017555237,7.947292804718018,47.281761169433594
Berea Upper Gray,206,20.00065803527832,53.90270233154297,0.7697796519958225,56.58466339111328,0.46411049365997314,14.09129810333252,47.449501037597656
Berea Upper Gray,207,20.91343879699707,49.63385009765625,0.7946039206312884,55.89396667480469,0.5785133242607117,4.896831035614014,47.908103942871094
Berea Upper Gray,208,82.43195343017578,126.1788101196289,0.6112290033796985,44.32910919189453,1.5075099468231201,3.6183183193206787,51.278526306152344
Berea Upper Gray,209,66.97681427001953,97.2867202758789,0.6917234632638753,44.064361572265625,1.2732899188995361,3.509101629257202,51.372955322265625
Berea Upper Gray,210,63.854148864746094,94.66612243652344,0.7056287371251301,46.00141143798828,1.2189170122146606,0.3012898564338684,51.718013763427734
Berea Upper Gray,211,62.10615158081055,94.92259979248047,0.7006402110700705,45.73770523071289,1.2804958820343018,0.9406320452690125,51.308109283447266
Berea Upper Gray,212,222.44424438476562,249.7362518310547,0.5013201328897966,48.613189697265625,2.5879619121551514,0.798787534236908,51.86222839355469
Berea Upper Gray,213,201.8828125,211.68040466308594,0.5302618395139307,45.971580505371094,2.102447271347046,5.953997611999512,51.30488204956055
Berea Upper Gray,214,220.2804412841797,234.56060791015625,0.5219782765518854,47.445987701416016,2.2866313457489014,8.571191787719727,51.32823944091797
Berea Upper Gray,215,210.5340576171875,224.24850463867188,0.5530128183073567,48.81616973876953,2.0749802589416504,12.03039836883545,51.87913131713867
Berea Upper Gray,216,114.70809936523438,120.36444854736328,0.5325825996138039,58.160648345947266,1.2746436595916748,26.200624465942383,51.01850509643555
Berea Upper Gray,217,100.55062103271484,103.55958557128906,0.6086754784817393,60.552391052246094,0.6264268159866333,31.280656814575195,50.32754898071289
Berea Upper Gray,218,108.57173919677734,115.06767272949219,0.5698202542002234,57.74850082397461,1.1885677576065063,29.83911895751953,50.616878509521484
Berea Upper Gray,219,130.28860473632812,140.24462890625,0.5139127035523539,56.576045989990234,1.0381965637207031,17.986160278320312,50.984779357910156
Berea Upper Gray,220,25.003110885620117,37.224769592285156,0.9378559227035452,39.121944427490234,0.7496718764305115,14.761724472045898,45.65296173095703
Berea Upper Gray,221,26.539722442626953,36.89870834350586,0.9392989441978243,36.98322677612305,0.6250753402709961,14.0843505859375,44.844547271728516
Berea Upper Gray,222,24.882381439208984,34.016414642333984,0.9478374155766303,40.55548858642578,0.7812057137489319,10.294941902160645,44.730133056640625
Berea Upper Gray,223,26.315593719482422,36.112972259521484,0.9418416261834163,41.144554138183594,0.629393994808197,14.16132926940918,44.82406234741211
Berea Sinter Gray,0,21.71727180480957,53.462093353271484,0.8100340171672255,32.12512969970703,0.558894693851471,1.5891224145889282,49.159446716308594
Berea Sinter Gray,1,19.334148406982422,46.791378021240234,0.8266084311162514,30.060443878173828,0.5751967430114746,5.052407264709473,47.81438446044922
Berea Sinter Gray,2,16.435409545898438,37.3882942199707,0.864203293703619,30.792360305786133,0.4903916120529175,4.368359088897705,48.010860443115234
Berea Sinter Gray,3,16.192218780517578,38.867252349853516,0.8469948818045577,31.923965454101562,0.5538013577461243,0.8369673490524292,48.400978088378906
Berea Sinter Gray,4,34.88789367675781,56.649986267089844,0.7031167986241593,46.364227294921875,0.5821328163146973,16.10358428955078,49.43039321899414
Berea Sinter Gray,5,30.205669403076172,57.06058120727539,0.7097816209616271,48.12384033203125,0.8152626156806946,13.141514778137207,50.09325408935547
Berea Sinter Gray,6,32.58601379394531,58.51319885253906,0.6760892918727325,47.565120697021484,0.5762535929679871,16.609874725341797,50.17625427246094
Berea Sinter Gray,7,39.05487823486328,61.76297378540039,0.6591474468816485,47.311309814453125,0.8311397433280945,22.87959098815918,51.02625274658203
Berea Sinter Gray,8,9.487330436706543,38.76311111450195,0.8913762373857282,40.19380569458008,0.6371946334838867,4.305324077606201,45.02350997924805
Berea Sinter Gray,9,2.133352518081665,41.281227111816406,0.8846486556715312,40.73550796508789,1.0601792335510254,1.952479362487793,44.45975875854492
Berea Sinter Gray,10,2.9787051677703857,38.62779235839844,0.8998063332797279,40.261497497558594,0.6582211852073669,0.957575261592865,43.94768142700195
Berea Sinter Gray,11,10.080831527709961,36.214454650878906,0.9054649164658011,38.82063293457031,0.9245449900627136,4.391942501068115,43.85277557373047
Berea Sinter Gray,12,44.2010383605957,46.61029052734375,0.9512546192927551,34.66051483154297,1.287859559059143,3.3653342723846436,42.34980010986328
Berea Sinter Gray,13,37.8431510925293,39.666473388671875,0.9511618522962881,32.964454650878906,0.8106918931007385,5.684215068817139,42.2387809753418
Berea Sinter Gray,14,36.3945426940918,37.63325500488281,0.9522005849018007,34.838077545166016,1.2315499782562256,7.171037197113037,42.268733978271484
Berea Sinter Gray,15,40.02046585083008,42.04656219482422,0.935917247915449,35.922428131103516,0.8518356680870056,6.531134128570557,42.746986389160156
Berea Sinter Gray,16,40.873573303222656,55.08557891845703,0.8434966242230179,34.27224349975586,1.0812616348266602,2.5755012035369873,42.7715950012207
Berea Sinter Gray,17,29.393672943115234,46.33576202392578,0.8541553082658737,33.77703857421875,0.7385624647140503,5.072084426879883,42.57875061035156
Berea Sinter Gray,18,25.16887855529785,41.5294303894043,0.8695156330823446,34.64519119262695,0.8954965472221375,2.204740285873413,43.47647476196289
Berea Sinter Gray,19,34.12028503417969,47.32653045654297,0.8548223443556895,35.1574821472168,0.814436137676239,1.1153841018676758,43.75044250488281
Berea Sinter Gray,20,95.85465240478516,116.36178588867188,0.6427232317977467,42.525760650634766,2.1270830631256104,6.523567199707031,48.89119338989258
Berea Sinter Gray,21,129.8188934326172,158.46046447753906,0.624126722768755,43.591922760009766,1.6998944282531738,2.0330374240875244,49.35805130004883
Berea Sinter Gray,22,111.86412811279297,139.7419891357422,0.6331096067344707,45.113624572753906,1.9588688611984253,8.983491897583008,49.503868103027344
Berea Sinter Gray,23,80.57875061035156,99.18971252441406,0.6744608027120635,41.73028564453125,1.3356974124908447,2.6617698669433594,48.33380889892578
Berea Sinter Gray,24,20.019515991210938,35.649200439453125,0.9136345833583575,38.06462478637695,0.8285070061683655,4.876814365386963,44.4572639465332
Berea Sinter Gray,25,19.835533142089844,34.45503234863281,0.9119313985143965,37.99546813964844,0.6278638243675232,7.570635795593262,44.40296173095703
Berea Sinter Gray,26,22.525957107543945,34.626441955566406,0.9243865880548214,38.499969482421875,0.7887036800384521,14.36377239227295,45.08452224731445
Berea Sinter Gray,27,21.381206512451172,33.55650329589844,0.9301015051816397,38.83882141113281,0.6342262625694275,9.25889778137207,44.45207214355469
Berea Sinter Gray,28,21.67091178894043,83.92305755615234,0.5915225521066385,36.46165466308594,1.0742310285568237,4.225858211517334,42.93645095825195
Berea Sinter Gray,29,33.91823959350586,83.47737884521484,0.6281815339097546,35.63383483886719,0.8597612380981445,0.1447368711233139,42.32538604736328
Berea Sinter Gray,30,32.931575775146484,87.07415771484375,0.6213334088984878,35.91305923461914,1.182900309562683,1.1606042385101318,42.82683563232422
Berea Sinter Gray,31,29.783161163330078,86.73258972167969,0.6373867825551762,36.46780014038086,0.8196755647659302,2.2019317150115967,43.184383392333984
Berea Sinter Gray,32,53.94186782836914,80.9291763305664,0.7374230689915057,36.838462829589844,1.0647692680358887,9.365540504455566,47.629798889160156
Berea Sinter Gray,33,55.86788558959961,89.30755615234375,0.6974397986078584,37.833744049072266,1.1926164627075195,2.9008491039276123,47.91048812866211
Berea Sinter Gray,34,67.98668670654297,102.0052719116211,0.6776854646320521,38.10354232788086,1.3234483003616333,2.4993200302124023,47.68720245361328
Berea Sinter Gray,35,68.91519165039062,96.80992126464844,0.7210896196564212,36.63331985473633,1.235970377922058,2.6947052478790283,47.9521369934082
Berea Sinter Gray,36,235.40850830078125,289.3255310058594,0.4100261309904447,49.89811325073242,3.121907949447632,0.8716967701911926,52.43429946899414
Berea Sinter Gray,37,195.5544891357422,234.4345703125,0.4437591836671181,51.86668014526367,2.321082353591919,0.2193862497806549,52.7036018371582
Berea Sinter Gray,38,227.64344787597656,270.78851318359375,0.4290791417464293,50.37692642211914,3.0885376930236816,3.041349172592163,53.32035827636719
Berea Sinter Gray,39,253.9394073486328,310.9039001464844,0.3943424959957104,49.00392532348633,3.0353779792785645,2.3503286838531494,52.86829376220703
Berea Sinter Gray,40,2.3795065879821777,52.24272155761719,0.7367053927996949,31.10787582397461,0.5605968236923218,5.907341003417969,39.05101013183594
Berea Sinter Gray,41,0.7673450708389282,48.70561599731445,0.7525162776458145,30.84713363647461,0.49092209339141846,10.841737747192383,39.25999069213867
Berea Sinter Gray,42,1.8019351959228516,51.85496139526367,0.7270295460026047,32.16709518432617,0.6114396452903748,10.171002388000488,39.699283599853516
Berea Sinter Gray,43,1.752284288406372,51.90764617919922,0.7147989052598037,33.71927261352539,0.5268601775169373,10.178326606750488,40.023441314697266
Berea Sinter Gray,44,0.7648237347602844,25.413480758666992,0.9605007321471626,40.53236389160156,0.9015970230102539,23.031801223754883,45.96143341064453
Berea Sinter Gray,45,1.282436490058899,26.966461181640625,0.9549660313676488,42.84463119506836,0.8059923648834229,18.350910186767578,47.209930419921875
Berea Sinter Gray,46,5.4454827308654785,25.64313507080078,0.9631382765182868,41.04834747314453,1.0821892023086548,7.022487640380859,46.30974197387695
Berea Sinter Gray,47,6.9313764572143555,26.741985321044922,0.9661038274176856,39.49514389038086,0.8986732363700867,11.087364196777344,45.82894515991211
Berea Sinter Gray,48,18.109413146972656,34.41233444213867,0.9486492004795052,41.11052322387695,0.8585575222969055,6.085134983062744,49.43033218383789
Berea Sinter Gray,49,13.6824951171875,32.0542106628418,0.9491021865448034,41.39895248413086,0.6695005297660828,3.9199087619781494,48.879295349121094
Berea Sinter Gray,50,16.98744773864746,35.055965423583984,0.955205859269725,42.3685302734375,0.8202918767929077,7.709495544433594,49.02991485595703
Berea Sinter Gray,51,20.86379623413086,38.03121566772461,0.9471480449173743,41.36363983154297,0.6099807620048523,8.582844734191895,49.244876861572266
Berea Sinter Gray,52,13.58245849609375,34.836151123046875,0.8947577788455513,33.57099151611328,1.0932397842407227,4.97054386138916,43.145938873291016
Berea Sinter Gray,53,13.376901626586914,36.78330612182617,0.8935496040084346,33.693626403808594,0.7870782017707825,3.4024598598480225,43.833534240722656
Berea Sinter Gray,54,10.671728134155273,31.445161819458008,0.906688453823359,34.377418518066406,1.022922396659851,3.1612496376037598,43.31382369995117
Berea Sinter Gray,55,13.37572193145752,35.976436614990234,0.8901163452663512,34.5733757019043,0.8079282641410828,4.203413963317871,44.345069885253906
Berea Sinter Gray,56,24.806852340698242,39.4776725769043,0.9380205039008908,39.69938659667969,0.4871910810470581,12.750016212463379,47.045989990234375
Berea Sinter Gray,57,25.482669830322266,41.02012252807617,0.9210579466340723,42.99810791015625,0.43240460753440857,22.850299835205078,48.53706359863281
Berea Sinter Gray,58,25.042810440063477,37.28388977050781,0.9259857944868994,43.60465621948242,0.5232682228088379,27.088829040527344,48.75064468383789
Berea Sinter Gray,59,26.067285537719727,38.088871002197266,0.9361304871010001,40.73722839355469,0.43917274475097656,21.380422592163086,48.100555419921875
Berea Sinter Gray,60,6.8430256843566895,28.044410705566406,0.9184887567466381,39.89777755737305,0.5571983456611633,3.519923448562622,42.71898651123047
Berea Sinter Gray,61,7.294449329376221,25.57991600036621,0.9371227857287082,38.30017852783203,0.6245819330215454,7.498260021209717,42.35249710083008
Berea Sinter Gray,62,7.713156223297119,23.974123001098633,0.9507878122782325,40.632118225097656,0.5203427076339722,9.36511516571045,42.669193267822266
Berea Sinter Gray,63,7.621060371398926,26.983617782592773,0.9314603438379097,42.20419692993164,0.5954447984695435,7.3760809898376465,44.054019927978516
Berea Sinter Gray,64,31.42387580871582,58.32425308227539,0.8532190051293106,32.3658561706543,1.021240234375,8.71812915802002,45.043704986572266
Berea Sinter Gray,65,31.337175369262695,54.978824615478516,0.8484507174696168,31.445104598999023,0.503352165222168,11.374348640441895,46.08184051513672
Berea Sinter Gray,66,40.45589065551758,66.39369201660156,0.838402030946994,31.758649826049805,1.101119875907898,3.874715566635132,45.588592529296875
Berea Sinter Gray,67,38.383174896240234,61.71160888671875,0.8638869428890853,32.873313903808594,0.6586016416549683,2.531099796295166,43.98477554321289
Berea Sinter Gray,68,1.2224702835083008,55.25112533569336,0.7409581779660107,34.89744186401367,0.4890240728855133,0.2703912854194641,46.50790023803711
Berea Sinter Gray,69,1.6679965257644653,49.83899688720703,0.7541267263706931,35.052520751953125,0.5871340036392212,1.0830222368240356,47.06111526489258
Berea Sinter Gray,70,6.792299747467041,55.378578186035156,0.7345385957861147,35.68184280395508,0.4857853353023529,1.6789584159851074,47.17639923095703
Berea Sinter Gray,71,2.8033697605133057,56.75065231323242,0.7119592974776048,35.11445236206055,0.5749680995941162,2.6253318786621094,46.67407989501953
Berea Sinter Gray,72,29.126728057861328,36.96324157714844,0.9479912953573436,36.24270248413086,0.4968213438987732,12.818116188049316,41.30949020385742
Berea Sinter Gray,73,33.40630340576172,38.832618713378906,0.9371478065503102,35.118595123291016,0.6121381521224976,12.194245338439941,42.07252502441406
Berea Sinter Gray,74,31.716529846191406,39.37957000732422,0.9264210711311984,33.61407470703125,0.5083450078964233,6.940695762634277,41.6431770324707
Berea Sinter Gray,75,29.418771743774414,39.06365203857422,0.9373730842511808,35.19896697998047,0.6296387910842896,11.316485404968262,42.049224853515625
Berea Sinter Gray,76,16.82713508605957,27.42943000793457,0.9489363110830478,40.729713439941406,0.7319768071174622,12.988648414611816,45.316375732421875
Berea Sinter Gray,77,14.247794151306152,25.102567672729492,0.9540464803942001,40.04782485961914,0.8065952062606812,9.58463191986084,45.26873016357422
Berea Sinter Gray,78,11.8967924118042,24.063310623168945,0.9634121043552564,39.75341033935547,0.7659462690353394,9.219768524169922,44.7807502746582
Berea Sinter Gray,79,13.625015258789062,25.602985382080078,0.9556700918096046,39.084144592285156,0.7732742428779602,11.45840835571289,44.80540466308594
Berea Sinter Gray,80,38.176185607910156,60.82390594482422,0.791701944380517,30.880971908569336,0.8674072027206421,7.349869251251221,41.37036895751953
Berea Sinter Gray,81,38.89773941040039,61.522422790527344,0.7781253771034843,30.81044578552246,0.7968195080757141,8.842912673950195,42.50581359863281
Berea Sinter Gray,82,35.69242858886719,55.96435546875,0.8198793151042724,30.26616859436035,0.8122954368591309,11.102956771850586,41.939544677734375
Berea Sinter Gray,83,46.457767486572266,68.46775817871094,0.7681567410943727,29.930782318115234,0.8982610702514648,3.7426910400390625,41.84449005126953
Berea Sinter Gray,84,28.563892364501953,42.17518615722656,0.8247163483529139,37.35454559326172,0.7966943383216858,6.133641719818115,49.056156158447266
Berea Sinter Gray,85,29.333324432373047,38.48887634277344,0.8496549276931465,38.80891418457031,0.5142791867256165,4.884516716003418,48.378623962402344
Berea Sinter Gray,86,30.739736557006836,39.47499084472656,0.8511661355239513,36.80998992919922,0.6602931618690491,12.22878360748291,47.07500457763672
Berea Sinter Gray,87,29.93800926208496,38.543479919433594,0.8498350547777946,36.09394073486328,0.46464982628822327,14.930137634277344,47.616661071777344
Berea Sinter Gray,88,6.582434177398682,27.651371002197266,0.921426236554574,25.7618408203125,0.4337989091873169,3.7512285709381104,36.25904083251953
Berea Sinter Gray,89,0.6346678137779236,29.5343074798584,0.9142403633498877,25.51247787475586,0.37896764278411865,1.5855422019958496,36.18933868408203
Berea Sinter Gray,90,0.5693060755729675,27.72696304321289,0.9235614798530697,25.421377182006836,0.45337191224098206,4.158873081207275,36.60970687866211
Berea Sinter Gray,91,1.7604137659072876,26.88104248046875,0.9258955569152679,25.172286987304688,0.3583890199661255,3.657787799835205,36.21997833251953
Berea Sinter Gray,92,61.551570892333984,64.14598846435547,0.8061265806690777,44.032745361328125,1.1893175840377808,12.386225700378418,43.76335525512695
Berea Sinter Gray,93,64.93562316894531,70.0577621459961,0.7836004280009607,43.265655517578125,0.7881134152412415,11.434430122375488,44.29977035522461
Berea Sinter Gray,94,69.96839141845703,68.9573974609375,0.8031072397371138,43.4533576965332,1.3077141046524048,10.572365760803223,43.64833450317383
Berea Sinter Gray,95,64.04745483398438,65.91207885742188,0.8142523373994857,45.03480911254883,0.7933144569396973,12.654093742370605,43.53939437866211
Berea Sinter Gray,96,218.6050262451172,205.1005096435547,0.6579883158778301,53.65001678466797,1.5819051265716553,45.82190704345703,50.46671676635742
Berea Sinter Gray,97,217.5525665283203,204.32118225097656,0.6725103205944818,52.134727478027344,1.7551887035369873,40.7836799621582,50.54629135131836
Berea Sinter Gray,98,225.87911987304688,209.2825469970703,0.6574218551404387,54.84745407104492,1.5171793699264526,54.16566848754883,50.985477447509766
Berea Sinter Gray,99,224.75543212890625,209.78778076171875,0.6409570442635706,56.53266525268555,1.474399209022522,61.54547882080078,51.194908142089844
Berea Sinter Gray,100,3.262831926345825,37.53693389892578,0.7817118769970264,37.007022857666016,0.5697827935218811,16.74492073059082,44.85192108154297
Berea Sinter Gray,101,1.8411909341812134,35.80571746826172,0.8154620176305272,38.431236267089844,0.5841460227966309,20.491418838500977,44.1688117980957
Berea Sinter Gray,102,1.1297613382339478,36.090187072753906,0.8389247091165367,37.997249603271484,0.5846479535102844,15.97756576538086,43.27825164794922
Berea Sinter Gray,103,0.30039525032043457,34.55533218383789,0.8181542499365554,36.6055908203125,0.6476419568061829,20.300067901611328,43.8664436340332
Berea Sinter Gray,104,48.23594665527344,51.17634963989258,0.8655292811481123,31.941993713378906,0.5712572932243347,3.6785614490509033,40.321537017822266
Berea Sinter Gray,105,45.740501403808594,49.41102981567383,0.9123747677009715,33.14725112915039,0.5644365549087524,11.997268676757812,41.110931396484375
Berea Sinter Gray,106,45.89308166503906,48.88840866088867,0.9257428571938455,33.42499923706055,0.5850586891174316,11.027267456054688,41.347904205322266
Berea Sinter Gray,107,48.392520904541016,51.35490417480469,0.8701246479477999,31.986595153808594,0.5705450773239136,2.769820213317871,40.48400115966797
Berea Sinter Gray,108,17.509004592895508,46.67082595825195,0.7983693200783023,39.777076721191406,0.830978512763977,6.097588062286377,44.889244079589844
Berea Sinter Gray,109,17.53253936767578,45.674560546875,0.8020101027066359,39.1020622253418,1.2335785627365112,3.1614856719970703,45.891876220703125
Berea Sinter Gray,110,16.91365623474121,43.59891891479492,0.8241330763947019,41.67665481567383,0.8091492652893066,6.11121940612793,45.662742614746094
Berea Sinter Gray,111,13.332576751708984,43.70648193359375,0.8129291294072053,42.01087188720703,1.087175726890564,12.642065048217773,45.75199890136719
Berea Sinter Gray,112,42.99394607543945,46.29145431518555,0.9615187709790368,32.245330810546875,0.6834535598754883,12.162666320800781,40.95686340332031
Berea Sinter Gray,113,44.55289077758789,47.56263732910156,0.9516950806927823,32.63827896118164,0.5275946855545044,6.407388687133789,40.12993240356445
Berea Sinter Gray,114,43.178287506103516,46.1806640625,0.9495196611958419,33.429962158203125,0.6942509412765503,6.309207916259766,40.519874572753906
Berea Sinter Gray,115,42.9326171875,46.28266525268555,0.9588826273491725,33.126197814941406,0.5949551463127136,13.581038475036621,40.6664924621582
Berea Sinter Gray,116,46.25291061401367,56.72220230102539,0.7204818193265226,32.07612228393555,0.9483780264854431,10.107780456542969,44.741634368896484
Berea Sinter Gray,117,59.03513717651367,66.77751159667969,0.7244300857598972,32.72673416137695,1.1245276927947998,16.03091812133789,46.07705307006836
Berea Sinter Gray,118,64.24002075195312,57.706390380859375,0.6915611919269359,31.174043655395508,1.1900579929351807,13.44212532043457,45.70305252075195
Berea Sinter Gray,119,58.61620330810547,62.81134796142578,0.680917173391172,30.21826171875,0.9948685169219971,10.065887451171875,44.28696823120117
Berea Sinter Gray,120,349.58612060546875,291.35748291015625,0.5920305911144726,35.31389236450195,3.538358688354492,5.144548416137695,46.60124969482422
Berea Sinter Gray,121,382.76544189453125,333.5196533203125,0.59240944531564,36.20633316040039,4.4833879470825195,1.2613497972488403,47.34980392456055
Berea Sinter Gray,122,366.9206848144531,324.3792419433594,0.5801968313711654,36.01787185668945,3.857311725616455,0.6080183386802673,48.130462646484375
Berea Sinter Gray,123,366.9072570800781,322.4043273925781,0.5966659263944568,34.50058364868164,4.295398712158203,0.2917780876159668,47.01551055908203
Berea Sinter Gray,124,287.6500244140625,311.8946838378906,0.25529316703180077,49.74186325073242,3.467751979827881,7.994121551513672,50.90387725830078
Berea Sinter Gray,125,276.06982421875,296.55145263671875,0.2521625680378578,49.911922454833984,3.2217252254486084,9.612082481384277,50.488304138183594
Berea Sinter Gray,126,321.5093994140625,356.4510498046875,0.2524105000331039,47.28883743286133,4.274073600769043,16.93260383605957,49.64498519897461
Berea Sinter Gray,127,314.5179138183594,350.41265869140625,0.2865653232786831,47.91683578491211,3.8738796710968018,14.012335777282715,49.838382720947266
Berea Sinter Gray,128,4.452233791351318,23.99260139465332,0.9415174565779973,31.915098190307617,0.8072043657302856,4.326825141906738,41.02047348022461
Berea Sinter Gray,129,2.025590419769287,26.901582717895508,0.9349203106459566,32.56587219238281,0.8450623154640198,3.647425413131714,42.102867126464844
Berea Sinter Gray,130,4.323929309844971,25.345962524414062,0.942477443030458,31.269268035888672,0.8035282492637634,2.5455856323242188,40.59719467163086
Berea Sinter Gray,131,2.1562252044677734,22.219736099243164,0.9474025765822138,31.83159065246582,0.8765418529510498,4.638687610626221,41.32793426513672
Berea Sinter Gray,132,27.665912628173828,36.59065246582031,0.9439969983095985,25.071317672729492,1.0177103281021118,0.6744224429130554,40.01959991455078
Berea Sinter Gray,133,30.41961669921875,36.954864501953125,0.954084834923565,25.934425354003906,1.1264076232910156,1.1755549907684326,40.66791915893555
Berea Sinter Gray,134,36.95069122314453,42.08549880981445,0.9645476125194202,27.359092712402344,1.1518157720565796,1.470133662223816,41.263668060302734
Berea Sinter Gray,135,32.50509262084961,38.99015808105469,0.9535503098910928,25.688453674316406,1.1226568222045898,0.7971644401550293,39.941009521484375
Berea Sinter Gray,136,47.41272735595703,58.437843322753906,0.9250483264938189,37.77564239501953,1.425216794013977,2.5108649730682373,42.98819351196289
Berea Sinter Gray,137,38.94112014770508,51.53511428833008,0.9054772142870446,34.80244064331055,0.8002030253410339,2.3151590824127197,42.5196533203125
Berea Sinter Gray,138,42.315704345703125,55.069602966308594,0.8992480849873463,35.74679946899414,1.36570143699646,2.677140235900879,42.8778076171875
Berea Sinter Gray,139,44.71101379394531,57.42760467529297,0.9171000976482026,37.86294174194336,0.8822385668754578,1.7818183898925781,42.77658462524414
Berea Sinter Gray,140,41.55949783325195,42.14173889160156,0.8550057534784489,38.95396041870117,0.6087414622306824,3.9760451316833496,50.61057662963867
Berea Sinter Gray,141,33.1913948059082,34.1506462097168,0.8774690607284884,41.109928131103516,0.7113610506057739,6.091782569885254,50.89009475708008
Berea Sinter Gray,142,31.237628936767578,35.787349700927734,0.8725468619546987,42.65914535522461,0.5002050995826721,10.669692039489746,51.03960418701172
Berea Sinter Gray,143,36.02625274658203,38.9261589050293,0.8697765951486502,41.05848693847656,0.7223472595214844,9.898252487182617,51.35416030883789
Berea Sinter Gray,144,36.46854782104492,64.90348052978516,0.8056861801966853,44.59978103637695,0.9184628129005432,5.982087135314941,51.11971664428711
Berea Sinter Gray,145,31.434226989746094,66.73028564453125,0.7713203366469078,44.613426208496094,0.569225549697876,2.655301332473755,51.60447311401367
Berea Sinter Gray,146,27.998329162597656,63.091400146484375,0.7966170537442797,45.905879974365234,0.8744664788246155,0.8164688348770142,51.85136032104492
Berea Sinter Gray,147,28.638164520263672,63.7239990234375,0.7996163619542986,47.54380798339844,0.4860810339450836,9.208677291870117,51.604026794433594
Berea Sinter Gray,148,12.755199432373047,51.167205810546875,0.7671880988698262,38.502376556396484,0.6572867035865784,26.82822036743164,45.120758056640625
Berea Sinter Gray,149,14.692118644714355,48.62499237060547,0.8046958090929652,38.48418045043945,0.8028686046600342,20.730140686035156,44.63033676147461
Berea Sinter Gray,150,13.725028038024902,50.72045135498047,0.7960671414160648,40.308837890625,0.671574056148529,25.390520095825195,45.24685287475586
Berea Sinter Gray,151,14.307889938354492,49.919456481933594,0.7921147623015448,40.71158218383789,0.7582233548164368,29.003311157226562,45.1365966796875
Berea Sinter Gray,152,11.833846092224121,27.68282699584961,0.9369123353051828,35.76382064819336,0.95139479637146,1.2657060623168945,41.31712341308594
Berea Sinter Gray,153,6.449490070343018,32.97612380981445,0.8992554497039276,34.94229507446289,1.1289572715759277,0.9198218584060669,41.2613525390625
Berea Sinter Gray,154,7.5035881996154785,29.542394638061523,0.9230699209596224,33.72105026245117,1.0144513845443726,1.4459223747253418,41.44786834716797
Berea Sinter Gray,155,11.503484725952148,27.040067672729492,0.9311356729054665,35.37105941772461,1.0984901189804077,1.23855459690094,41.1693115234375
Berea Sinter Gray,156,92.36347961425781,107.42681121826172,0.7900080745275182,38.15516662597656,1.5630254745483398,5.588955402374268,50.210514068603516
Berea Sinter Gray,157,86.7082748413086,95.65007781982422,0.8383418738011206,37.40574645996094,1.1346321105957031,1.6811151504516602,48.183387756347656
Berea Sinter Gray,158,88.9343032836914,99.06558990478516,0.8210120617540366,38.96647644042969,1.5731788873672485,1.9165899753570557,48.5063591003418
Berea Sinter Gray,159,100.9116439819336,119.30008697509766,0.7558147476975277,38.695037841796875,1.267839789390564,2.7140541076660156,50.10419845581055
Berea Sinter Gray,160,47.19996643066406,30.87295913696289,0.9578937855794685,29.116779327392578,1.0976147651672363,1.2110835313796997,43.73950958251953
Berea Sinter Gray,161,46.793861389160156,27.6767520904541,0.9270393617091982,28.3056697845459,1.1415445804595947,0.22392091155052185,43.916629791259766
Berea Sinter Gray,162,36.253807067871094,20.767515182495117,0.9481782376902815,28.74864387512207,0.9346041679382324,2.0868289470672607,43.39960479736328
Berea Sinter Gray,163,50.996910095214844,35.218345642089844,0.950990836154154,29.619821548461914,1.2360568046569824,2.4831318855285645,43.68534469604492
Berea Sinter Gray,164,34.389129638671875,43.90923309326172,0.9476793255889444,46.088951110839844,0.7945154905319214,13.27641487121582,46.68352508544922
Berea Sinter Gray,165,29.596708297729492,42.34858703613281,0.9419710151418793,45.96530532836914,0.6950653195381165,9.748153686523438,46.78054428100586
Berea Sinter Gray,166,27.621633529663086,38.573429107666016,0.9495498859309016,46.33086395263672,0.8028474450111389,9.639525413513184,46.791019439697266
Berea Sinter Gray,167,31.81462287902832,40.644771575927734,0.9502286724539533,45.70735549926758,0.7177203893661499,11.25650405883789,46.735225677490234
Berea Sinter Gray,168,7.841346740722656,34.96200180053711,0.841536305797789,38.3725471496582,0.561423659324646,5.932973861694336,47.278804779052734
Berea Sinter Gray,169,12.20537281036377,38.451881408691406,0.8263258094334225,37.60932159423828,0.44284918904304504,7.374553203582764,46.44673538208008
Berea Sinter Gray,170,9.91748332977295,42.685794830322266,0.8207761908669988,37.5899658203125,0.6186124682426453,3.1703662872314453,46.227169036865234
Berea Sinter Gray,171,2.3334555625915527,33.55789566040039,0.8645854654879644,38.97615432739258,0.3958893418312073,5.882017612457275,46.8869743347168
Berea Sinter Gray,172,15.385896682739258,45.71906661987305,0.794227476550028,47.92842102050781,0.7633938789367676,43.19015884399414,47.893402099609375
Berea Sinter Gray,173,10.95662784576416,42.828426361083984,0.8071627482410326,48.54077911376953,0.5438693761825562,43.24850082397461,47.10279083251953
Berea Sinter Gray,174,8.82574462890625,48.714881896972656,0.76190791919915,50.71977615356445,0.7748769521713257,44.108612060546875,48.15554428100586
Berea Sinter Gray,175,16.23235321044922,48.513816833496094,0.747583496113882,49.898956298828125,0.543341338634491,47.73569107055664,48.71685028076172
Berea Sinter Gray,176,70.32431030273438,86.88080596923828,0.7862962001506072,27.39924430847168,0.70986407995224,13.360976219177246,41.030616760253906
Berea Sinter Gray,177,70.93984985351562,83.16240692138672,0.7974907368567952,26.994352340698242,0.6800682544708252,9.223665237426758,40.879276275634766
Berea Sinter Gray,178,71.18832397460938,84.70084381103516,0.8028674507846937,27.260074615478516,0.7952589392662048,13.626503944396973,40.722068786621094
Berea Sinter Gray,179,76.54682922363281,90.47691345214844,0.7759329656132902,27.787057876586914,0.6776486039161682,13.24943733215332,41.309471130371094
Berea Sinter Gray,180,23.309011459350586,50.513668060302734,0.8576550356544418,26.218088150024414,1.0304515361785889,5.30183219909668,39.45023727416992
Berea Sinter Gray,181,19.494298934936523,49.14126205444336,0.8441012101046431,25.817062377929688,1.0763798952102661,1.1628906726837158,39.58030319213867
Berea Sinter Gray,182,16.173376083374023,48.27269744873047,0.8371668876623191,26.49028778076172,0.9308227896690369,3.118269205093384,39.51743698120117
Berea Sinter Gray,183,18.341514587402344,48.12832260131836,0.8416697117974827,27.02974510192871,1.0809149742126465,6.688385486602783,39.81635284423828
Berea Sinter Gray,184,17.1895694732666,28.070899963378906,0.9443881632175687,35.38226318359375,0.6569307446479797,5.977825164794922,41.800132751464844
Berea Sinter Gray,185,16.912460327148438,29.24614143371582,0.9352525612048462,34.772979736328125,0.8939031362533569,2.3129019737243652,42.537872314453125
Berea Sinter Gray,186,23.905855178833008,32.83040237426758,0.9270228230472053,35.39848327636719,0.6318695545196533,2.6356451511383057,43.21332931518555
Berea Sinter Gray,187,18.075254440307617,29.05962371826172,0.9431295655984935,35.803897857666016,0.859677791595459,3.396636962890625,43.015113830566406
Berea Sinter Gray,188,19.09366226196289,39.712799072265625,0.8556707419791966,49.01837921142578,0.49899721145629883,27.721485137939453,50.08155822753906
Berea Sinter Gray,189,18.71616554260254,39.99800491333008,0.836321240832843,48.244361877441406,0.8009443283081055,23.595230102539062,49.15462112426758
Berea Sinter Gray,190,15.764243125915527,42.59553909301758,0.8342132823642546,50.490447998046875,0.4720788300037384,41.76353073120117,49.90227127075195
Berea Sinter Gray,191,23.185802459716797,41.036128997802734,0.8669125333534086,50.749595642089844,0.8155901432037354,35.48107147216797,50.32543182373047
Berea,0,67.90447998046875,93.14306640625,0.7281040723210496,36.08519744873047,1.1818735599517822,2.4065616130828857,43.172645568847656
Berea,1,73.41942596435547,105.89244842529297,0.6643941017704181,38.47884750366211,1.103926658630371,2.5610737800598145,43.70539474487305
Berea,2,77.74700164794922,115.49505615234375,0.6244470149418145,38.50796890258789,1.2228883504867554,1.8209937810897827,44.15263366699219
Berea,3,76.06574249267578,112.85417938232422,0.6462478174923704,37.33654022216797,1.032602071762085,6.470175266265869,44.5522346496582
Berea,4,9.533478736877441,58.21881866455078,0.8093140039656447,37.01838684082031,0.638421356678009,2.690833568572998,47.538734436035156
Berea,5,8.02280330657959,53.52935028076172,0.8195460902841812,37.15842056274414,0.7588351964950562,4.332589149475098,47.99235916137695
Berea,6,12.491812705993652,47.83396911621094,0.8577141815526297,37.410804748535156,0.6839740872383118,2.890789747238159,47.728031158447266
Berea,7,9.435541152954102,46.774715423583984,0.8588475485128393,36.954429626464844,0.7622883319854736,4.228952884674072,46.664981842041016
Berea,8,75.54629516601562,85.02275085449219,0.7923741851407707,37.535728454589844,1.3854506015777588,2.185019016265869,47.34184265136719
Berea,9,82.0004653930664,92.45824432373047,0.7833032047827208,37.66648864746094,1.0942864418029785,3.297283887863159,47.91004180908203
Berea,10,85.27887725830078,103.7558364868164,0.7525110800297959,37.32144546508789,1.4160674810409546,2.640810012817383,48.041114807128906
Berea,11,69.36297607421875,78.64208221435547,0.8188767546276504,37.144493103027344,1.0531398057937622,0.5290753245353699,46.85970687866211
Berea,12,4.504254341125488,28.361778259277344,0.9331633076872614,42.324546813964844,0.5814664959907532,13.643366813659668,46.93294143676758
Berea,13,13.174671173095703,32.126224517822266,0.9160726527005355,43.74308395385742,0.6877630949020386,12.35811710357666,48.06970977783203
Berea,14,13.109335899353027,32.82301330566406,0.9121086338906521,42.35721969604492,0.6170724034309387,16.756040573120117,48.24817657470703
Berea,15,12.055734634399414,28.784639358520508,0.9329498113526664,40.29718017578125,0.6443418860435486,12.199801445007324,47.208866119384766
Berea,16,32.07270431518555,34.93845748901367,0.9200175811495567,25.913957595825195,0.5795109272003174,6.906280994415283,37.00037384033203
Berea,17,31.50082015991211,34.54664611816406,0.9426841740588414,26.3460750579834,0.581490159034729,6.732083320617676,37.13376235961914
Berea,18,29.887523651123047,33.40973663330078,0.9539103283236027,25.511919021606445,0.5945920348167419,4.756669521331787,36.697715759277344
Berea,19,31.481555938720703,34.83327102661133,0.9379702308800176,25.70722007751465,0.5749879479408264,6.164463996887207,37.24403762817383
Berea,20,0.5519320368766785,36.4483528137207,0.8310840573746583,46.37879180908203,0.5188912153244019,3.1419103145599365,47.13022232055664
Berea,21,4.191720485687256,40.5337028503418,0.7982653690426469,43.99923324584961,0.4995186924934387,5.832865238189697,47.99370193481445
Berea,22,9.558710098266602,36.838069915771484,0.8673622997038254,46.048770904541016,0.47782954573631287,10.24986457824707,48.74470901489258
Berea,23,2.7958219051361084,38.30707931518555,0.844346819264106,49.02546310424805,0.4772435128688812,5.143728256225586,47.49899673461914
Berea,24,16.790998458862305,27.763687133789062,0.9138056211324492,29.19109535217285,0.7569323182106018,2.6188864707946777,40.42778396606445
Berea,25,20.023435592651367,28.096445083618164,0.9338650718712705,29.80695343017578,0.5852378606796265,1.7646570205688477,40.60548782348633
Berea,26,21.584922790527344,27.059778213500977,0.9349709772125903,29.460786819458008,0.789499044418335,0.028018755838274956,40.54850387573242
Berea,27,17.092336654663086,27.33426284790039,0.9338890032248048,28.47933578491211,0.5514436364173889,0.28566715121269226,40.74200439453125
Berea,28,18.474897384643555,31.813879013061523,0.9076017669784435,26.535470962524414,0.4736406207084656,7.082239151000977,39.02580261230469
Berea,29,19.075674057006836,31.809213638305664,0.9134862756521217,27.29794692993164,0.6790732741355896,4.348813056945801,38.305030822753906
Berea,30,21.093101501464844,33.11537170410156,0.91065691515242,29.05306625366211,0.4731449484825134,6.1325883865356445,38.91905975341797
Berea,31,20.416927337646484,31.80228042602539,0.9107318960378766,27.114988327026367,0.6383174061775208,7.548361778259277,38.152198791503906
Berea,32,14.67070484161377,67.44066619873047,0.7385017450555607,48.97075271606445,0.7811947464942932,18.72446060180664,49.80704879760742
Berea,33,21.728294372558594,68.94741821289062,0.7476410591036212,50.63201141357422,0.7786387801170349,24.405229568481445,49.39436721801758
Berea,34,21.084014892578125,63.89141845703125,0.7701875601275106,48.279998779296875,0.7660208940505981,14.491066932678223,49.70850372314453
Berea,35,12.80559253692627,62.84188461303711,0.7640905405957941,46.8742561340332,0.8522433638572693,11.058052062988281,50.276493072509766
Berea,36,44.842994689941406,62.314453125,0.7911740756464178,37.343055725097656,1.111480474472046,4.492274284362793,46.08225631713867
Berea,37,51.03290939331055,70.76920318603516,0.7641574376810891,36.45490646362305,1.2238613367080688,3.9929585456848145,45.3218994140625
Berea,38,47.98883056640625,70.74871826171875,0.790547529888934,36.70110321044922,1.143071174621582,2.936624526977539,45.26400375366211
Berea,39,44.258880615234375,68.79867553710938,0.7839899354933039,37.937156677246094,1.1825228929519653,3.647735357284546,46.50362777709961
Berea,40,47.14585876464844,49.99717330932617,0.9545710616784348,37.03609085083008,0.5362743735313416,5.985136985778809,42.22985076904297
Berea,41,44.875152587890625,48.12509536743164,0.9509684294040912,35.81121063232422,0.6694555282592773,0.5226859450340271,42.420692443847656
Berea,42,46.80241775512695,49.75720977783203,0.9588547955364368,35.718971252441406,0.5286626219749451,2.4609692096710205,42.49942398071289
Berea,43,44.81120681762695,47.75412368774414,0.9506170298556293,36.4511833190918,0.634104311466217,2.7930357456207275,42.48838424682617
Berea,44,10.475746154785156,22.357547760009766,0.9628376053483346,30.6419734954834,0.4612872898578644,6.210348606109619,42.02194595336914
Berea,45,16.625930786132812,25.648996353149414,0.9498546666801426,32.7481575012207,0.5884307026863098,9.799905776977539,42.95685577392578
Berea,46,15.659123420715332,24.980445861816406,0.9617959099199861,33.65278244018555,0.4595951735973358,5.233499050140381,42.73932647705078
Berea,47,14.217130661010742,22.63743019104004,0.9616617201737025,31.763309478759766,0.6303935647010803,7.014556884765625,42.11343765258789
Berea,48,32.578651428222656,37.329891204833984,0.9453664773467553,36.68147277832031,0.608618438243866,4.885258674621582,43.124900817871094
Berea,49,33.569454193115234,39.481056213378906,0.9288074385060017,36.46566390991211,0.8163129091262817,3.7350730895996094,43.962608337402344
Berea,50,32.87656784057617,38.08137893676758,0.9377383933123292,35.192665100097656,0.6092811822891235,1.6549508571624756,42.54100799560547
Berea,51,34.96942138671875,39.76366424560547,0.9379476258143078,35.97441101074219,0.7472299933433533,6.19585657119751,42.659122467041016
Berea,52,71.10554504394531,87.95074462890625,0.7644738900634127,39.50890350341797,1.413718581199646,4.18826961517334,44.85679244995117
Berea,53,66.76144409179688,85.56198120117188,0.7643027280103575,37.83122253417969,1.3813751935958862,6.167539596557617,43.47602844238281
Berea,54,62.86642074584961,83.22645568847656,0.7732312508278377,38.231239318847656,1.39864981174469,5.257749557495117,43.75743865966797
Berea,55,73.1474609375,87.4345474243164,0.7681335897122007,39.593536376953125,1.4484279155731201,5.289224624633789,44.769287109375
Berea,56,6.457525730133057,44.17915344238281,0.7450988884362005,47.388431549072266,0.6872125864028931,9.994170188903809,48.6966667175293
Berea,57,3.48677396774292,45.248443603515625,0.7339274129997243,46.302207946777344,0.7395311594009399,15.911903381347656,48.90799331665039
Berea,58,2.57440185546875,46.51979064941406,0.7319195045258114,46.38726806640625,0.7864336371421814,10.860548973083496,48.97737121582031
Berea,59,3.5075466632843018,46.24184036254883,0.7426614349819926,47.701629638671875,0.7360339760780334,3.6492745876312256,48.1600227355957
Berea,60,30.788585662841797,36.55083465576172,0.9561987911081931,30.773128509521484,0.4485604763031006,10.328141212463379,39.820465087890625
Berea,61,32.65669631958008,37.30629348754883,0.965556309497676,31.893461227416992,0.7177984714508057,8.059382438659668,40.32539749145508
Berea,62,32.62531280517578,38.65596389770508,0.9630056309996607,31.202411651611328,0.4592970013618469,8.061651229858398,40.25125503540039
Berea,63,31.08841323852539,37.035972595214844,0.9583882825039779,30.496044158935547,0.6820730566978455,12.027461051940918,40.21205520629883
Berea,64,8.693392753601074,31.144573211669922,0.9064233675942172,34.31670379638672,0.41531553864479065,14.483776092529297,41.93746566772461
Berea,65,3.5472028255462646,29.444868087768555,0.91821619699388,32.85023498535156,0.7317937612533569,12.9484224319458,41.85018539428711
Berea,66,9.235113143920898,26.8269100189209,0.935027533290823,33.46636199951172,0.3720472455024719,12.485909461975098,40.77626419067383
Berea,67,9.827420234680176,28.485071182250977,0.9355304379913352,34.707637786865234,0.6993260979652405,8.387447357177734,41.297245025634766
Berea,68,20.529373168945312,47.877471923828125,0.8242678148427595,40.85747528076172,0.5054287314414978,0.0272903423756361,46.0334358215332
Berea,69,17.866077423095703,42.819419860839844,0.8467190563858651,40.51374053955078,0.37681394815444946,0.346756249666214,45.3107795715332
Berea,70,18.88791275024414,45.215972900390625,0.8353210248806555,42.05833435058594,0.4855569899082184,3.3682150840759277,45.358985900878906
Berea,71,21.114355087280273,46.320953369140625,0.8432352876166274,42.714778900146484,0.3850747048854828,2.405097007751465,45.45033645629883
Berea,72,2.882758140563965,35.704185485839844,0.8631767088940066,50.63233947753906,0.4145885109901428,35.93351745605469,50.86426544189453
Berea,73,0.07896970212459564,35.16484069824219,0.8689285198758518,50.786216735839844,0.6696770191192627,25.293352127075195,50.680023193359375
Berea,74,1.051235556602478,29.464881896972656,0.8958581639732621,50.544864654541016,0.446847140789032,12.99242877960205,49.33517837524414
Berea,75,6.247413158416748,33.45079040527344,0.885987690291063,50.83794021606445,0.5786615610122681,29.38131332397461,50.201690673828125
Berea,76,28.604717254638672,30.726619720458984,0.9506678396415381,26.932254791259766,0.7142072319984436,3.430447578430176,36.0737190246582
Berea,77,26.896738052368164,29.604755401611328,0.945963539925116,26.376493453979492,0.5169405937194824,4.5760111808776855,35.41722106933594
Berea,78,28.64922332763672,30.95850944519043,0.9522372353097179,27.097253799438477,0.729153573513031,1.590766191482544,35.54045867919922
Berea,79,28.86412239074707,31.495134353637695,0.9448103917859755,27.553712844848633,0.536923885345459,1.2413923740386963,36.476375579833984
Berea,80,11.434197425842285,29.247648239135742,0.929123033227966,31.78826904296875,0.7810326218605042,1.4987108707427979,41.01692199707031
Berea,81,7.828873157501221,23.6381778717041,0.9503217715887363,33.17739486694336,0.6022471189498901,7.30615758895874,41.619754791259766
Berea,82,7.981812953948975,28.4523868560791,0.9372391178679793,33.65256881713867,0.7251721024513245,13.213324546813965,41.72737503051758
Berea,83,8.390019416809082,26.0570125579834,0.9411087370229066,32.13827896118164,0.5594625473022461,9.605175018310547,41.58992385864258
Berea,84,18.754741668701172,37.00772476196289,0.8406766553361972,26.466629028320312,0.6746168732643127,0.3582255244255066,36.74647903442383
Berea,85,15.043855667114258,34.27113342285156,0.8478624632905678,25.017179489135742,0.5597315430641174,0.8825291395187378,36.36589813232422
Berea,86,18.80803680419922,34.31382751464844,0.8560894063075738,25.946762084960938,0.6849721074104309,0.08221345394849777,37.31910705566406
Berea,87,21.73737144470215,37.87479782104492,0.8435503952750203,27.675905227661133,0.5006694197654724,0.7726539969444275,38.0211296081543
Berea,88,88.3729476928711,103.45899200439453,0.6392515013467313,35.92442321777344,0.7998915910720825,8.174541473388672,45.68617630004883
Berea,89,78.48397827148438,88.25585174560547,0.6597561338333373,36.76935958862305,0.7484990358352661,10.19894790649414,46.69702911376953
Berea,90,93.10502624511719,102.46277618408203,0.6194439760732542,36.929012298583984,0.8513935804367065,9.610444068908691,46.65989303588867
Berea,91,96.75630950927734,111.30026245117188,0.60426261244634,35.59105682373047,0.9103328585624695,9.941492080688477,45.78681182861328
Berea,92,73.73650360107422,104.10209655761719,0.5135964160181555,45.47532653808594,1.088670253753662,11.59523868560791,51.79795837402344
Berea,93,69.4225845336914,99.05160522460938,0.604467799191332,44.33869171142578,0.8756918907165527,12.653314590454102,51.12335205078125
Berea,94,68.13787841796875,95.75764465332031,0.6255540963188977,44.189598083496094,0.9452184438705444,11.74809455871582,51.27484130859375
Berea,95,71.29338073730469,104.53572082519531,0.5602189376533538,44.210227966308594,0.9446213841438293,9.925185203552246,51.43796157836914
Berea,96,15.535216331481934,32.30931854248047,0.9426643684652526,44.03770446777344,1.119260311126709,8.666420936584473,48.48064422607422
Berea,97,11.899595260620117,32.760868072509766,0.9341122410768601,42.701148986816406,0.8415970206260681,7.7784810066223145,48.80266571044922
Berea,98,20.839906692504883,36.65958023071289,0.9349050645593524,44.23725891113281,1.0638418197631836,8.522859573364258,49.080265045166016
Berea,99,18.799304962158203,37.409912109375,0.9190480721576861,45.17866516113281,0.8450714945793152,5.985523223876953,48.84720993041992
Berea,100,33.844825744628906,39.984256744384766,0.9337277861995293,30.938125610351562,0.6859176158905029,14.408706665039062,39.61641311645508
Berea,101,30.231721878051758,37.29367446899414,0.9226106049578636,31.653553009033203,0.5969927906990051,11.39354419708252,40.55372619628906
Berea,102,27.605817794799805,34.68751525878906,0.9260346185809267,31.949575424194336,0.7410656213760376,12.89775276184082,39.839439392089844
Berea,103,29.001449584960938,35.503883361816406,0.9321542822720605,30.839031219482422,0.6138468384742737,12.358779907226562,39.113651275634766
Berea,104,72.72682189941406,98.797607421875,0.720960139828302,47.09794235229492,1.5305646657943726,6.345122337341309,48.61954116821289
Berea,105,68.93205261230469,93.80193328857422,0.7121128279868986,45.62080383300781,1.0748059749603271,8.59600830078125,47.9824333190918
Berea,106,60.973609924316406,83.34687042236328,0.7263949135253266,46.84029006958008,1.253846287727356,12.677925109863281,48.459739685058594
Berea,107,56.372528076171875,82.69918060302734,0.7151203448507923,48.12458038330078,0.9109508395195007,16.03243637084961,49.96687316894531
Berea,108,22.437875747680664,34.47825622558594,0.9020445027539504,34.687355041503906,0.5371237397193909,12.522945404052734,43.74510192871094
Berea,109,26.168420791625977,38.26357650756836,0.898770186100717,34.96504592895508,0.690419614315033,12.2086820602417,44.995689392089844
Berea,110,26.417360305786133,35.999210357666016,0.9160907649271689,35.11776351928711,0.5300948023796082,10.221174240112305,44.74803924560547
Berea,111,22.573179244995117,34.273597717285156,0.907307126829115,35.026641845703125,0.764009416103363,10.252290725708008,43.90217208862305
Berea,112,26.317386627197266,31.79312515258789,0.9599492816237056,27.12774085998535,0.6343876719474792,0.25285202264785767,39.71232604980469
Berea,113,23.07012176513672,27.716625213623047,0.9606767610289516,27.57086181640625,0.6356596946716309,1.303743839263916,39.17437744140625
Berea,114,23.04990005493164,28.879751205444336,0.9544921648885485,27.22867202758789,0.6656665802001953,0.3112962543964386,39.83789825439453
Berea,115,25.622520446777344,32.43587875366211,0.9524749239120837,27.112173080444336,0.6162709593772888,0.8416655659675598,40.00410079956055
Berea,116,23.692386627197266,49.87704849243164,0.8569897655143622,37.066890716552734,0.9855740666389465,6.343500137329102,40.86215591430664
Berea,117,8.703363418579102,44.42316436767578,0.8530594166916382,38.85380935668945,0.8137543201446533,2.9761757850646973,42.34648132324219
Berea,118,9.271764755249023,41.80021286010742,0.8823706664156988,36.8915901184082,0.8078445196151733,0.9982109069824219,41.960487365722656
Berea,119,22.508703231811523,47.23082733154297,0.872651397627978,35.38888931274414,1.073814868927002,7.598260402679443,41.6142578125
Berea,120,26.254297256469727,35.43972396850586,0.914308610752197,32.22639846801758,0.5934932231903076,1.5409148931503296,42.90903854370117
Berea,121,21.752727508544922,35.22576141357422,0.8926057026739371,31.53215980529785,0.600662112236023,4.662364959716797,42.58318328857422
Berea,122,27.758121490478516,37.35197830200195,0.8935638724511301,31.50033187866211,0.5715587735176086,13.809616088867188,42.66950225830078
Berea,123,23.503372192382812,34.88529586791992,0.9099200071168753,31.45699119567871,0.6580719351768494,0.5000444650650024,42.30815505981445
Berea,124,13.104509353637695,33.40941619873047,0.9466422298610078,31.131019592285156,0.7340379357337952,0.728733241558075,42.43442153930664
Berea,125,17.177732467651367,33.53944396972656,0.9556401494214375,30.519123077392578,0.49969303607940674,0.22146794199943542,42.836551666259766
Berea,126,13.010956764221191,31.00670051574707,0.9585257377310331,30.26480484008789,0.7079797983169556,2.961796760559082,42.354042053222656
Berea,127,15.514208793640137,35.02261734008789,0.9478983086719773,30.69586944580078,0.5225294828414917,1.3810101747512817,42.25384521484375
Berea,128,12.71481704711914,21.398670196533203,0.9661751744388368,35.03957748413086,0.9602387547492981,5.287729740142822,39.10601806640625
Berea,129,11.857528686523438,20.435827255249023,0.9635434208078012,34.60966491699219,0.5898725390434265,2.487278938293457,38.43156433105469
Berea,130,15.3468017578125,25.263402938842773,0.9524753957601791,34.15386962890625,0.930804967880249,1.8604227304458618,39.508026123046875
Berea,131,16.505115509033203,24.741870880126953,0.9587326798426906,34.732139587402344,0.5937007665634155,5.084228992462158,39.726165771484375
Berea,132,15.875875473022461,28.172880172729492,0.9647673756713961,32.585445404052734,0.6246786713600159,1.3014076948165894,43.0773811340332
Berea,133,15.21231460571289,26.70168685913086,0.9665595456243369,32.91218185424805,0.7605421543121338,5.280747413635254,42.78501510620117
Berea,134,18.008466720581055,26.398372650146484,0.9650080252231646,32.619041442871094,0.5967258214950562,9.217873573303223,43.22245407104492
Berea,135,17.3507080078125,25.58222198486328,0.9715263026993816,32.26191711425781,0.765876829624176,3.5223960876464844,43.175716400146484
Berea,136,11.041475296020508,27.0285701751709,0.9529884634774025,32.694053649902344,0.8767316341400146,7.674985885620117,41.80183792114258
Berea,137,8.747079849243164,24.883892059326172,0.938360325345559,33.11323547363281,0.53385990858078,9.71510124206543,42.68905258178711
Berea,138,11.826858520507812,26.209156036376953,0.9481862842981202,31.456727981567383,0.8246084451675415,10.928824424743652,41.924556732177734
Berea,139,14.09465503692627,29.821130752563477,0.9523548464052427,31.634126663208008,0.562475323677063,9.985536575317383,42.3385009765625
Berea,140,86.6470718383789,133.96092224121094,0.5570849917316233,45.88640594482422,1.3545316457748413,2.6039071083068848,48.74217224121094
Berea,141,89.16779327392578,132.66355895996094,0.5578531619387134,44.47617721557617,1.4859267473220825,4.342179298400879,47.94985580444336
Berea,142,80.12324523925781,124.26673126220703,0.5656043198054468,44.198631286621094,1.2995786666870117,1.7128381729125977,48.484554290771484
Berea,143,81.43706512451172,125.56694793701172,0.5555414417611859,45.21162414550781,1.3526794910430908,2.0453858375549316,48.874839782714844
Berea,144,54.24824142456055,56.70841598510742,0.9239564701590275,36.13642120361328,0.709256112575531,15.06944465637207,43.69203567504883
Berea,145,53.49295425415039,56.007999420166016,0.9271174762327459,34.479164123535156,0.5961304306983948,14.026708602905273,42.921669006347656
Berea,146,56.40395736694336,59.37409591674805,0.8945052950567595,36.81084060668945,0.7070838809013367,23.007108688354492,44.79365539550781
Berea,147,57.37389373779297,60.90144348144531,0.9179856833719708,37.26667022705078,0.6476781368255615,20.986251831054688,44.501312255859375
Berea,148,37.141517639160156,38.77412033081055,0.939517646028967,39.339664459228516,0.46014463901519775,10.120558738708496,42.54777526855469
Berea,149,40.63454818725586,42.01813888549805,0.9430568293838855,39.76303482055664,0.6880919337272644,14.414414405822754,43.18038558959961
Berea,150,39.89915466308594,42.25688934326172,0.9369664270503317,39.90856170654297,0.5309246182441711,16.556140899658203,43.68440628051758
Berea,151,36.97854995727539,39.05867004394531,0.9380432671417288,39.946842193603516,0.7186183333396912,11.729626655578613,42.95085144042969
Berea,152,30.214426040649414,36.20625686645508,0.9450910680302995,29.990697860717773,0.40739622712135315,4.400923252105713,40.48691940307617
Berea,153,32.07094955444336,36.98385238647461,0.9490831001054258,29.698238372802734,0.40534502267837524,5.067275047302246,39.927879333496094
Berea,154,34.08772277832031,38.07489013671875,0.9421134176310867,30.075801849365234,0.3968215584754944,5.206539630889893,39.306888580322266
Berea,155,33.45369338989258,38.40602111816406,0.9375032187900205,30.4182071685791,0.4312992990016937,5.498185634613037,39.999305725097656
Berea,156,50.020652770996094,101.62089538574219,0.6006639705463269,34.72379684448242,0.7887604832649231,5.440666198730469,41.97489929199219
Berea,157,44.510414123535156,89.42552185058594,0.6442097322809849,37.432952880859375,0.8846713900566101,7.249825477600098,42.334720611572266
Berea,158,44.522830963134766,87.3556137084961,0.633134889481192,34.16008377075195,0.7622173428535461,5.160632610321045,42.11827087402344
Berea,159,53.645511627197266,105.82035064697266,0.5716539400063637,31.987560272216797,1.0111768245697021,1.6822701692581177,41.551517486572266
Berea,160,80.69835662841797,86.14718627929688,0.7966674790907426,36.77610778808594,1.2317414283752441,3.69857120513916,47.490840911865234
Berea,161,71.99068450927734,76.47046661376953,0.8360732480537216,34.621944427490234,0.9036931991577148,1.8074911832809448,46.66539764404297
Berea,162,78.12397003173828,81.72950744628906,0.8425253350704602,33.80236053466797,1.283877968788147,2.638909339904785,46.81839370727539
Berea,163,83.60975646972656,91.7306137084961,0.8154644034344979,36.50838851928711,1.0046792030334473,4.268759727478027,47.12952423095703
Berea,164,91.60948944091797,108.01710510253906,0.7394321728753822,42.59577941894531,1.165738582611084,4.908926010131836,48.41253662109375
Berea,165,85.38081359863281,103.07257843017578,0.7232403455695269,45.099151611328125,0.8656834959983826,8.274934768676758,49.208351135253906
Berea,166,70.809326171875,87.00470733642578,0.7421472159590053,46.05710220336914,0.9746487736701965,8.473455429077148,48.29597854614258
Berea,167,76.06285095214844,92.18965148925781,0.7333561849441577,44.04155731201172,0.7937300801277161,7.618361473083496,48.386356353759766
Berea,168,19.368331909179688,33.6424560546875,0.8911629111543503,31.56545639038086,0.48845264315605164,9.516701698303223,44.279109954833984
Berea,169,17.58491325378418,36.07731628417969,0.8641617303783338,32.06167984008789,0.3309473395347595,8.760299682617188,44.37708282470703
Berea,170,18.866395950317383,38.990379333496094,0.8591507188803381,33.59344482421875,0.5149627327919006,9.081500053405762,45.163700103759766
Berea,171,19.313318252563477,37.50090789794922,0.8642705950822166,32.9991455078125,0.3512892425060272,7.320797920227051,44.34245681762695
Berea,172,33.94965362548828,36.6322135925293,0.9353457749627518,30.78571128845215,0.4592914283275604,10.318568229675293,39.365516662597656
Berea,173,32.56011199951172,35.76883316040039,0.9318927361307628,29.752031326293945,0.4758816063404083,8.626279830932617,39.65389633178711
Berea,174,35.08446502685547,37.926788330078125,0.9351394848272075,29.399843215942383,0.45680665969848633,10.114846229553223,39.73074722290039
Berea,175,35.034061431884766,36.8835334777832,0.9371762127342413,30.75187110900879,0.4526577889919281,10.514458656311035,39.08333969116211
Berea,176,25.813201904296875,30.688419342041016,0.9652098000148592,34.23536682128906,0.5474915504455566,7.091663837432861,40.33218765258789
Berea,177,26.001750946044922,31.789709091186523,0.9602889702305353,34.924964904785156,0.7784073948860168,8.173179626464844,40.473243713378906
Berea,178,22.820268630981445,28.454843521118164,0.9652655070323556,33.86720657348633,0.571716845035553,9.091644287109375,39.84501647949219
Berea,179,22.93459129333496,28.899539947509766,0.9592012365523604,33.456703186035156,0.7775113582611084,8.189473152160645,39.56009292602539
Berea,180,11.867986679077148,23.444284439086914,0.9345779618297217,22.798288345336914,0.39117634296417236,3.082860231399536,35.8288459777832
Berea,181,14.835339546203613,27.130775451660156,0.9207253715809253,24.15024757385254,0.647712767124176,6.087977409362793,36.77385711669922
Berea,182,13.180566787719727,24.695241928100586,0.9202002759376304,23.78120994567871,0.4202740788459778,1.5360107421875,36.479434967041016
Berea,183,14.404924392700195,23.842132568359375,0.9394120980599033,22.862184524536133,0.6460936665534973,0.7793428897857666,35.313446044921875
Berea,184,1.2901195287704468,29.933073043823242,0.9020081869284223,34.1496467590332,0.6600828170776367,6.267958164215088,42.22184371948242
Berea,185,11.064347267150879,31.268310546875,0.9102261791712171,34.75764083862305,0.8037663698196411,9.365878105163574,42.977542877197266
Berea,186,4.796335220336914,28.144521713256836,0.9374115323474983,34.775936126708984,0.7099298238754272,10.913158416748047,43.23817443847656
Berea,187,0.25904878973960876,27.656600952148438,0.934724426437299,34.513710021972656,0.8534213304519653,11.301640510559082,41.83741760253906
Berea,188,13.350525856018066,27.748117446899414,0.9432139427188538,38.27578353881836,0.5850633382797241,4.06980037689209,43.8987922668457
Berea,189,8.87337589263916,27.089033126831055,0.9443762479364696,38.00938415527344,0.838885486125946,5.9635820388793945,44.49421691894531
Berea,190,8.013263702392578,22.76192283630371,0.9556832593579981,36.43108367919922,0.6131978631019592,7.278120994567871,42.61066818237305
Berea,191,16.494924545288086,26.99687957763672,0.9557477757569969,37.198116302490234,0.7952920794487,9.785690307617188,43.161888122558594
Berea,192,40.847755432128906,73.1346435546875,0.6975228317223936,40.59917068481445,1.1429486274719238,2.710674524307251,48.09298324584961
Berea,193,43.89166259765625,73.6834716796875,0.7206195938011271,40.22169876098633,0.9560211300849915,2.616455078125,48.606380462646484
Berea,194,47.40338897705078,76.63976287841797,0.7182454491762129,38.71913146972656,1.1373090744018555,2.7899372577667236,49.33877944946289
Berea,195,44.241085052490234,72.64663696289062,0.7266737295343849,38.9510612487793,0.9032520055770874,3.531308650970459,48.21189498901367
Berea,196,36.08667755126953,39.78530502319336,0.9399330960587023,34.19095230102539,0.4934675693511963,6.872822284698486,40.632144927978516
Berea,197,30.741596221923828,36.845951080322266,0.9338860050099602,34.8309440612793,0.7245754599571228,4.747991561889648,41.136573791503906
Berea,198,31.2364444732666,37.170413970947266,0.9431607497249176,34.16927719116211,0.4773120880126953,8.955010414123535,41.44978332519531
Berea,199,31.90755844116211,37.291595458984375,0.9411946328118755,34.821434020996094,0.7385305762290955,7.340723514556885,41.12999725341797
Berea,200,13.680710792541504,36.95729064941406,0.9024314265422809,42.73662567138672,0.4991908669471741,38.243045806884766,47.16563415527344
Berea,201,12.8024263381958,37.55006408691406,0.901642876832521,41.83595275878906,0.6518808603286743,25.551692962646484,45.7772102355957
Berea,202,14.142817497253418,38.10271072387695,0.9026553940852627,40.77681350708008,0.5289573669433594,23.049779891967773,45.834686279296875
Berea,203,14.28449821472168,36.93584060668945,0.9049459767667468,41.43260955810547,0.664577305316925,32.13789367675781,46.314964294433594
Berea,204,15.352170944213867,28.569551467895508,0.9325555953871286,29.419403076171875,0.5845059752464294,8.546110153198242,39.70232009887695
Berea,205,13.660587310791016,30.749778747558594,0.9144797387139472,30.1179141998291,0.41439732909202576,9.660826683044434,39.87251281738281
Berea,206,16.193025588989258,29.434589385986328,0.9290377137402894,31.72109603881836,0.5628701448440552,15.991500854492188,41.0380859375
Berea,207,14.91055679321289,30.37266731262207,0.9200281892407655,29.861833572387695,0.4303010404109955,10.386427879333496,40.14790344238281
Berea,208,6.037578582763672,51.15831756591797,0.713538728362768,34.19490432739258,1.092167854309082,10.26844310760498,40.72352981567383
Berea,209,9.721389770507812,57.181575775146484,0.6964406747159964,35.520748138427734,0.6380948424339294,15.379660606384277,42.107444763183594
Berea,210,8.606910705566406,61.672420501708984,0.6791567476938809,35.77167510986328,1.0818108320236206,14.37481689453125,41.536441802978516
Berea,211,10.723490715026855,62.52789306640625,0.6640393183053048,33.88740921020508,0.6988959312438965,6.32292366027832,40.44206237792969
Berea,212,30.301332473754883,45.171146392822266,0.853919431685161,26.762298583984375,0.8138064742088318,1.137631893157959,43.31760025024414
Berea,213,45.11680603027344,58.78378677368164,0.8136012855715041,26.47978401184082,0.7627164125442505,1.937278151512146,42.40221405029297
Berea,214,33.359615325927734,46.40925979614258,0.8566621694464099,25.59847068786621,0.8581196069717407,2.634775400161743,42.274627685546875
Berea,215,31.040802001953125,42.83519744873047,0.8715695172865172,25.632890701293945,0.6430944204330444,3.483119010925293,42.61225891113281
Berea,216,8.030029296875,50.909542083740234,0.7765286714493805,43.430030822753906,0.5061156749725342,5.760056018829346,48.431785583496094
Berea,217,2.227905750274658,49.88387680053711,0.7772590226412861,44.285888671875,0.6902089715003967,5.491742134094238,47.73097229003906
Berea,218,1.7141499519348145,49.80078125,0.8085178854056487,43.68602752685547,0.5380600094795227,6.957062721252441,47.98799133300781
Berea,219,4.874788761138916,49.22275924682617,0.7728871656643889,44.02849578857422,0.6952775716781616,9.519621849060059,48.06036376953125
Berea,220,27.781606674194336,38.09830856323242,0.8712791647251358,41.754486083984375,0.43767690658569336,9.018890380859375,43.3542594909668
Berea,221,24.334287643432617,36.389381408691406,0.864100377743384,41.19763946533203,0.5711032152175903,6.174164772033691,41.72681427001953
Berea,222,24.16912269592285,35.705814361572266,0.8702677368573667,41.70603942871094,0.3996388018131256,9.18631362915039,42.27334976196289
Berea,223,25.862079620361328,37.022605895996094,0.8733273747136747,41.53334045410156,0.5862962603569031,9.31851577758789,42.54754638671875
