Dataset,Sample_Index,Bias_Error_,Magnitude_Error_,Correlation,Angular_Error_Deg,Flux_Error,Tortuosity_Error_,Divergent_Residual_
Spherical Pores,0,8.94339370727539,28.788311004638672,0.9097361143001095,34.73029327392578,0.32150760293006897,12.116966247558594,40.72488021850586
Spherical Pores,1,7.913774490356445,29.88165283203125,0.9074366691394052,34.584999084472656,0.43395814299583435,10.631085395812988,40.252044677734375
Spherical Pores,2,6.638011932373047,30.106693267822266,0.9017976808514758,34.865150451660156,0.3466101884841919,9.520740509033203,40.143096923828125
Spherical Pores,3,6.119935035705566,28.321950912475586,0.9089510509939656,34.43582534790039,0.43924784660339355,9.080976486206055,40.075111389160156
Spherical Pores,4,13.756173133850098,28.780555725097656,0.9462193672915257,37.13020324707031,0.49158236384391785,2.698681116104126,39.372154235839844
Spherical Pores,5,14.166184425354004,30.36343765258789,0.9430349102104549,37.04072189331055,0.46455657482147217,2.963947296142578,39.77155685424805
Spherical Pores,6,16.15258026123047,30.48946189880371,0.943370104881326,36.2612419128418,0.49340105056762695,3.308156967163086,40.1603889465332
Spherical Pores,7,16.820878982543945,29.288122177124023,0.9454289912349421,36.490013122558594,0.43504971265792847,3.867661714553833,40.108219146728516
Spherical Pores,8,7.698755741119385,34.40327072143555,0.9029024326885026,33.712554931640625,0.8209062218666077,1.709702491760254,40.14948654174805
Spherical Pores,9,7.4122700691223145,36.55278015136719,0.8866122705807349,33.04031753540039,0.45487070083618164,1.5153889656066895,40.15337371826172
Spherical Pores,10,8.353109359741211,33.789798736572266,0.9037215964025047,33.11830139160156,0.8620566725730896,2.5775554180145264,39.51411819458008
Spherical Pores,11,6.441605091094971,30.65959930419922,0.9197312104333901,33.56570816040039,0.48824986815452576,2.1809446811676025,39.50330352783203
Spherical Pores,12,9.05320930480957,27.14444351196289,0.9385756460308774,36.84137725830078,0.4386296272277832,1.0442845821380615,40.80601501464844
Spherical Pores,13,11.321301460266113,27.395952224731445,0.940109228690062,35.663509368896484,0.42511850595474243,0.8712935447692871,40.7215461730957
Spherical Pores,14,7.166698455810547,26.886343002319336,0.9381429855533449,35.552581787109375,0.43664127588272095,0.9159886837005615,40.91155242919922
Spherical Pores,15,7.2573652267456055,25.653797149658203,0.9415746402820478,36.077903747558594,0.46475258469581604,0.320295125246048,40.50836181640625
Spherical Pores,16,6.5315961837768555,34.194061279296875,0.8690821521219422,34.5337028503418,0.47009962797164917,0.35271474719047546,40.175819396972656
Spherical Pores,17,9.868861198425293,34.48914337158203,0.8676944576196365,34.00893020629883,0.431245356798172,0.26604944467544556,40.44278335571289
Spherical Pores,18,8.761724472045898,35.65715789794922,0.8606012432539306,34.04410171508789,0.4890023469924927,0.3784271478652954,40.905765533447266
Spherical Pores,19,5.501549243927002,35.4653434753418,0.8580448803109553,34.31770324707031,0.42889031767845154,0.32864201068878174,40.84569549560547
Spherical Pores,20,4.214417457580566,28.06263542175293,0.899096923393693,38.46931076049805,0.6677063703536987,3.3887197971343994,42.67161560058594
Spherical Pores,21,4.071599960327148,26.85955810546875,0.9014521865894394,39.616455078125,0.7449364066123962,4.288800239562988,42.676902770996094
Spherical Pores,22,3.4842276573181152,24.396987915039062,0.9182306144170546,39.08488464355469,0.6520721316337585,4.5265302658081055,42.09550094604492
Spherical Pores,23,1.8040801286697388,27.293001174926758,0.8989706236588028,38.536376953125,0.7257158756256104,2.8144922256469727,42.1804313659668
Spherical Pores,24,22.12683868408203,40.757240295410156,0.8736034503874477,45.904781341552734,0.6910948157310486,0.7402260899543762,50.27891540527344
Spherical Pores,25,24.970367431640625,39.4498405456543,0.8796360329916126,45.83106994628906,0.8741278052330017,3.1393885612487793,50.576759338378906
Spherical Pores,26,22.14946174621582,39.68012237548828,0.8743577457141576,47.06640625,0.732138991355896,2.530261516571045,50.50677490234375
Spherical Pores,27,18.474285125732422,41.82313919067383,0.8634371606981657,47.21669006347656,0.7316348552703857,2.4309353828430176,50.95719909667969
Spherical Pores,28,17.152687072753906,56.362545013427734,0.8076074103519014,38.04353332519531,0.6275665163993835,3.551654100418091,49.11410140991211
Spherical Pores,29,14.626468658447266,53.15602493286133,0.8238414651772686,39.54376220703125,0.689823567867279,3.2169039249420166,49.39009475708008
Spherical Pores,30,20.87491798400879,51.65241622924805,0.8343458051925191,38.04643249511719,0.6125882267951965,5.890222549438477,48.588531494140625
Spherical Pores,31,23.66903305053711,55.803646087646484,0.8328474242201082,37.1153678894043,0.7201433777809143,5.060245990753174,47.917110443115234
Spherical Pores,32,2.1111199855804443,19.211400985717773,0.9582117045855499,26.186195373535156,0.2702767252922058,2.7767200469970703,33.49847412109375
Spherical Pores,33,3.1242172718048096,19.580997467041016,0.9571445722896613,26.686168670654297,0.2587584853172302,2.783690929412842,33.497894287109375
Spherical Pores,34,3.77455997467041,19.582937240600586,0.9566318507561925,26.62425422668457,0.2675359547138214,1.7857104539871216,33.46202850341797
Spherical Pores,35,3.445542097091675,18.84123420715332,0.9588228344886633,26.086111068725586,0.25476154685020447,2.1782209873199463,33.47565841674805
Spherical Pores,36,5.068025588989258,20.682798385620117,0.9535863650034224,28.276752471923828,0.3365721106529236,4.517588138580322,35.0791130065918
Spherical Pores,37,5.894811630249023,22.26071548461914,0.9466263809623389,28.557846069335938,0.27968764305114746,5.290399551391602,35.299224853515625
Spherical Pores,38,5.949347496032715,21.46589469909668,0.9517218538937638,28.329574584960938,0.3562091290950775,5.378721237182617,35.129608154296875
Spherical Pores,39,5.227956771850586,20.695783615112305,0.9545808494596366,28.383596420288086,0.26625052094459534,4.937733173370361,35.2132682800293
Spherical Pores,40,1.374664306640625,16.65150260925293,0.9602796320234108,23.402456283569336,0.45779573917388916,0.1768736094236374,32.9894905090332
Spherical Pores,41,0.0344306118786335,17.09227752685547,0.962173867140742,24.045217514038086,0.35711079835891724,0.6762092709541321,32.96985626220703
Spherical Pores,42,0.6351381540298462,16.890037536621094,0.9620200496940026,24.48981285095215,0.4313815236091614,0.08578270673751831,33.14710235595703
Spherical Pores,43,0.8382795453071594,16.965532302856445,0.9591944265412479,23.886442184448242,0.3384231925010681,0.07967829704284668,33.13230895996094
Spherical Pores,44,0.976959228515625,23.8114070892334,0.9437302540616987,23.978784561157227,0.31599482893943787,0.9525622129440308,35.023929595947266
Spherical Pores,45,1.0205153226852417,23.24895668029785,0.9453830600492458,23.8061580657959,0.5240533947944641,0.17780962586402893,34.96834945678711
Spherical Pores,46,0.28522855043411255,22.855060577392578,0.9486883508686423,23.768272399902344,0.3326464891433716,1.4308546781539917,35.41541290283203
Spherical Pores,47,0.5287510752677917,23.690019607543945,0.9437923442771479,24.069656372070312,0.5268828272819519,0.38462746143341064,35.31590270996094
Spherical Pores,48,5.385861873626709,27.378965377807617,0.9227216335312863,25.49956512451172,0.6578671932220459,1.4031147956848145,38.12942886352539
Spherical Pores,49,5.535354137420654,27.304428100585938,0.9175635411511011,24.554244995117188,0.3850574791431427,1.3396224975585938,37.83115768432617
Spherical Pores,50,9.158384323120117,27.715208053588867,0.9237463486948111,24.82001304626465,0.6866530776023865,0.444467157125473,37.330196380615234
Spherical Pores,51,8.020261764526367,29.318769454956055,0.9193720500248876,25.794240951538086,0.39643433690071106,2.299102544784546,37.905517578125
Spherical Pores,52,8.242650985717773,20.328956604003906,0.9463737185560192,25.538433074951172,0.3744504749774933,3.2556700706481934,38.355892181396484
Spherical Pores,53,12.332036972045898,19.64209747314453,0.951802885830073,25.39844512939453,0.5193122625350952,3.3134167194366455,37.93068313598633
Spherical Pores,54,8.733573913574219,21.70674705505371,0.9270752461493047,24.32047462463379,0.4049128293991089,4.370611667633057,38.13588333129883
Spherical Pores,55,10.444414138793945,21.1275691986084,0.9401357346044172,25.03995132446289,0.5116893649101257,2.4725420475006104,38.296810150146484
Spherical Pores,56,18.509777069091797,30.840145111083984,0.9205932756101133,21.85991859436035,0.530656099319458,0.9004418253898621,35.715415954589844
Spherical Pores,57,21.33709144592285,32.460445404052734,0.9286942095985864,22.42244529724121,0.49525782465934753,1.736414909362793,36.17483139038086
Spherical Pores,58,22.478214263916016,31.963924407958984,0.9361493063074017,22.105960845947266,0.5388696193695068,0.8046494722366333,35.9576530456543
Spherical Pores,59,19.10672378540039,29.933629989624023,0.9377179008887137,21.780113220214844,0.4899598956108093,0.39016836881637573,35.663902282714844
Spherical Pores,60,25.243362426757812,40.86648178100586,0.9225045814553338,38.215633392333984,0.5753749012947083,0.0295732319355011,43.29627227783203
Spherical Pores,61,23.730871200561523,43.73870086669922,0.914696611057983,36.59811019897461,0.7896353602409363,0.4535885751247406,43.65719985961914
Spherical Pores,62,22.203588485717773,43.643798828125,0.9027618440129461,37.803470611572266,0.5277395248413086,0.8805407881736755,43.74163818359375
Spherical Pores,63,25.41621971130371,44.24518585205078,0.9122024053494009,38.819496154785156,0.7890188097953796,0.6610660552978516,43.734458923339844
Spherical Pores,64,13.149819374084473,15.644365310668945,0.9775711800892355,17.971803665161133,0.21662534773349762,4.506618499755859,27.855445861816406
Spherical Pores,65,13.433016777038574,15.59692668914795,0.9783281911730682,18.08055305480957,0.2442491501569748,4.706606864929199,27.945497512817383
Spherical Pores,66,13.064909934997559,15.330775260925293,0.9794610410593805,17.955543518066406,0.21753302216529846,4.227345943450928,27.775691986083984
Spherical Pores,67,13.699402809143066,15.664688110351562,0.9795699897121812,17.970014572143555,0.2465362548828125,4.677140235900879,27.955223083496094
Spherical Pores,68,5.001168251037598,14.57249927520752,0.966508584192039,18.67131805419922,0.2297741025686264,4.069461822509766,27.86452865600586
Spherical Pores,69,4.624194622039795,14.15417766571045,0.9673052605151496,18.784027099609375,0.23421743512153625,4.261401176452637,27.904150009155273
Spherical Pores,70,5.023399353027344,13.776679992675781,0.9695118761930128,18.705120086669922,0.23071151971817017,4.227038383483887,27.89530372619629
Spherical Pores,71,4.839034557342529,14.57221508026123,0.9660784825140373,18.68541717529297,0.2291269302368164,3.9251880645751953,27.897075653076172
Spherical Pores,72,21.214805603027344,23.33371925354004,0.9793610616436987,17.366016387939453,0.36942562460899353,2.0966439247131348,27.08904457092285
Spherical Pores,73,21.291767120361328,23.292295455932617,0.9818102910343071,17.212604522705078,0.36713775992393494,1.8288229703903198,26.813400268554688
Spherical Pores,74,21.29755973815918,23.6472225189209,0.9790072194849231,17.276081085205078,0.35668790340423584,2.0354387760162354,27.069602966308594
Spherical Pores,75,20.930400848388672,23.372135162353516,0.9782245209541461,17.40452766418457,0.36172395944595337,2.3122215270996094,27.109628677368164
Spherical Pores,76,1.3641575574874878,11.921442031860352,0.9786770071305331,16.343278884887695,0.2934633791446686,0.3745560050010681,27.670604705810547
Spherical Pores,77,1.7526185512542725,11.941741943359375,0.9780849786673229,16.33660316467285,0.30314385890960693,0.07234948128461838,27.353864669799805
Spherical Pores,78,0.5112928748130798,12.074917793273926,0.9772996420431106,16.193580627441406,0.2952909767627716,0.4130652844905853,27.194791793823242
Spherical Pores,79,0.4582875072956085,11.127952575683594,0.9810082299467833,16.136220932006836,0.3229622542858124,0.7061357498168945,27.331575393676758
Spherical Pores,80,3.8750452995300293,10.775191307067871,0.9859413545472925,17.258636474609375,0.3476410210132599,2.464707851409912,28.74672508239746
Spherical Pores,81,2.961989402770996,11.270264625549316,0.9836699893672175,17.12682342529297,0.23709560930728912,2.411874771118164,29.08502769470215
Spherical Pores,82,2.4827470779418945,10.723402976989746,0.9843891861106264,17.051897048950195,0.3414749205112457,2.041996717453003,28.35367202758789
Spherical Pores,83,3.6723251342773438,10.787625312805176,0.9851473607787241,17.384641647338867,0.23827163875102997,1.5659631490707397,28.181333541870117
Spherical Pores,84,0.5103272199630737,12.583452224731445,0.9771103699850738,16.615550994873047,0.3522976338863373,1.8660238981246948,28.154991149902344
Spherical Pores,85,0.74614417552948,14.093306541442871,0.9723471058657683,16.48466682434082,0.45751363039016724,2.0127711296081543,28.38633918762207
Spherical Pores,86,0.4103159010410309,13.165420532226562,0.9752000527221315,16.54298210144043,0.35276612639427185,1.51923406124115,28.378231048583984
Spherical Pores,87,0.1418939083814621,13.086451530456543,0.9760397298159403,16.599435806274414,0.4670833349227905,1.9918253421783447,28.227632522583008
Spherical Pores,88,2.1338722705841064,11.974352836608887,0.9814168526049752,19.30343246459961,0.2842367887496948,1.3031489849090576,32.34281921386719
Spherical Pores,89,2.4516823291778564,11.203384399414062,0.9846736924869377,19.741886138916016,0.2707691192626953,1.9215949773788452,32.4163703918457
Spherical Pores,90,2.4144649505615234,11.737629890441895,0.9843355405806826,20.208858489990234,0.2800220251083374,1.4388062953948975,32.615516662597656
Spherical Pores,91,0.9159098267555237,10.658806800842285,0.9851247660338329,19.634435653686523,0.27086320519447327,1.3496112823486328,32.228763580322266
Spherical Pores,92,17.03790855407715,21.39547348022461,0.9753497190295235,15.910226821899414,0.4094875752925873,2.300631284713745,30.294937133789062
Spherical Pores,93,16.52728843688965,20.799760818481445,0.9755873608802882,15.818174362182617,0.5234715938568115,2.1642377376556396,30.433151245117188
Spherical Pores,94,16.348541259765625,19.78078269958496,0.9780029510953082,15.45224666595459,0.3971562683582306,1.8391144275665283,30.114805221557617
Spherical Pores,95,18.310039520263672,21.32707405090332,0.9781989933334699,15.626021385192871,0.5386285781860352,2.33343505859375,30.08350372314453
Spherical Pores,96,4.726831912994385,10.59303092956543,0.9833870550833703,12.494484901428223,0.22437578439712524,2.0463037490844727,23.604734420776367
Spherical Pores,97,5.248740196228027,10.625064849853516,0.9843582898648551,12.510022163391113,0.2109217345714569,1.6819676160812378,23.446609497070312
Spherical Pores,98,5.293778419494629,10.786141395568848,0.9834313816978546,12.511552810668945,0.2294945865869522,1.8336398601531982,23.471446990966797
Spherical Pores,99,5.337632179260254,10.857091903686523,0.9833692678053187,12.472541809082031,0.2116849720478058,2.028836727142334,23.68039321899414
Spherical Pores,100,5.659167289733887,10.202035903930664,0.982716578234004,12.7836275100708,0.22506913542747498,1.368472695350647,23.75261116027832
Spherical Pores,101,6.216568470001221,10.487554550170898,0.9824858342752668,12.72453498840332,0.16533894836902618,1.5394865274429321,23.36616325378418
Spherical Pores,102,6.543313980102539,10.633275032043457,0.9819340915741234,12.840776443481445,0.22204913198947906,1.7137863636016846,23.59415626525879
Spherical Pores,103,5.604572772979736,10.07024097442627,0.9831082156001976,12.909109115600586,0.1685209721326828,1.4249902963638306,23.83949089050293
Spherical Pores,104,12.875397682189941,15.863524436950684,0.9806948635759293,11.674383163452148,0.39658790826797485,0.3590574860572815,23.012630462646484
Spherical Pores,105,11.86666488647461,14.724544525146484,0.9817528393528443,10.993026733398438,0.3765507936477661,0.12786152958869934,22.701148986816406
Spherical Pores,106,11.821670532226562,14.913243293762207,0.9817885383493192,10.86011791229248,0.3911151885986328,0.20394830405712128,22.790794372558594
Spherical Pores,107,12.32732105255127,15.675130844116211,0.9796719526130457,11.525651931762695,0.37684547901153564,0.2864769697189331,23.195178985595703
Spherical Pores,108,2.606992721557617,9.368175506591797,0.9836464629733981,11.560145378112793,0.28328830003738403,0.8023308515548706,23.604469299316406
Spherical Pores,109,3.1159608364105225,9.7096586227417,0.9826818604425728,11.743971824645996,0.2287764698266983,0.8726599216461182,23.474790573120117
Spherical Pores,110,3.5221126079559326,9.712509155273438,0.983124725758025,11.737215995788574,0.28294700384140015,1.0395666360855103,23.588369369506836
Spherical Pores,111,3.8476996421813965,9.302632331848145,0.9840168829750174,11.60808277130127,0.22397582232952118,0.6860334277153015,23.683391571044922
Spherical Pores,112,5.942984104156494,15.554949760437012,0.9630136570548704,11.585731506347656,0.2533324956893921,2.5776114463806152,25.615436553955078
Spherical Pores,113,5.780216693878174,14.496650695800781,0.9673551651680055,11.261481285095215,0.29491785168647766,2.6441147327423096,25.51378059387207
Spherical Pores,114,4.361623764038086,13.500709533691406,0.972527080981623,11.491973876953125,0.24054329097270966,2.2232203483581543,26.1466007232666
Spherical Pores,115,6.17783260345459,15.13352108001709,0.9657723615678864,11.691163063049316,0.29551753401756287,2.5787394046783447,26.19285011291504
Spherical Pores,116,6.734198093414307,11.483551025390625,0.9815369798495339,10.83336067199707,0.3506017327308655,1.0969064235687256,23.4190673828125
Spherical Pores,117,7.39810037612915,11.908469200134277,0.9814513207664269,11.016465187072754,0.26262417435646057,1.1901187896728516,23.538570404052734
Spherical Pores,118,6.721319198608398,11.338876724243164,0.9812467954136678,11.219586372375488,0.3458489775657654,1.5577160120010376,23.76190185546875
Spherical Pores,119,6.767653942108154,10.805794715881348,0.9840683180442337,11.001969337463379,0.2639385163784027,1.3403722047805786,23.38981056213379
Spherical Pores,120,3.268325090408325,8.904868125915527,0.9851418856364402,11.008902549743652,0.32728826999664307,1.1307851076126099,26.104612350463867
Spherical Pores,121,3.6197896003723145,8.440646171569824,0.9880961101341926,10.932144165039062,0.32484960556030273,1.3273309469223022,26.06925392150879
Spherical Pores,122,2.386469841003418,8.564403533935547,0.9866319327441297,11.119268417358398,0.3238948881626129,1.265644907951355,26.146656036376953
Spherical Pores,123,2.80930495262146,9.325519561767578,0.9851665902070832,11.060165405273438,0.3241350054740906,0.890699028968811,25.981576919555664
Spherical Pores,124,10.443131446838379,13.4857177734375,0.9792847171676606,10.652267456054688,0.3548765182495117,1.5664721727371216,25.61126708984375
Spherical Pores,125,10.20004653930664,12.892618179321289,0.9798301300001592,10.656787872314453,0.21559803187847137,1.32559072971344,25.621320724487305
Spherical Pores,126,9.984554290771484,13.059659957885742,0.980956546001337,10.934394836425781,0.3588581383228302,0.9878204464912415,25.113136291503906
Spherical Pores,127,9.995466232299805,13.246240615844727,0.9801915756362997,10.908641815185547,0.1961546242237091,1.331357479095459,25.513856887817383
Spherical Grains,0,17.54693031311035,30.380205154418945,0.915390705385368,22.42490577697754,0.5719772577285767,0.05137627199292183,41.94464874267578
Spherical Grains,1,14.90475845336914,31.00019645690918,0.9060223810195237,22.369789123535156,0.9082427620887756,2.036456346511841,41.64732360839844
Spherical Grains,2,15.466201782226562,27.991777420043945,0.9286171414736797,24.978052139282227,0.571053147315979,3.955181360244751,39.84184265136719
Spherical Grains,3,19.96453857421875,26.90399169921875,0.9422424456826679,24.714365005493164,0.8458695411682129,0.9035887718200684,39.74428176879883
Spherical Grains,4,27.71149444580078,27.853288650512695,0.9852223429187188,26.445161819458008,1.013140082359314,3.280163288116455,38.88727569580078
Spherical Grains,5,22.502662658691406,23.738941192626953,0.9799531566267841,25.430696487426758,0.9050601124763489,1.5940059423446655,37.791481018066406
Spherical Grains,6,16.732282638549805,22.18742561340332,0.9794278340795647,25.363155364990234,0.9114379286766052,1.984047770500183,38.834625244140625
Spherical Grains,7,22.93876838684082,23.865089416503906,0.979621494534153,25.5809268951416,0.9152694940567017,3.4644358158111572,39.32347106933594
Spherical Grains,8,15.862388610839844,29.468122482299805,0.9489362092792241,22.090421676635742,0.9082901477813721,1.7092872858047485,43.33460998535156
Spherical Grains,9,19.762969970703125,32.84102249145508,0.9463102969576748,22.235172271728516,0.45424818992614746,4.24495267868042,44.04787063598633
Spherical Grains,10,15.250326156616211,28.820234298706055,0.9397522603073207,22.542448043823242,0.9294619560241699,0.7995442748069763,44.530513763427734
Spherical Grains,11,15.51846981048584,28.743982315063477,0.9541052843527387,23.03400230407715,0.4591686725616455,0.7569220066070557,44.025299072265625
Spherical Grains,12,6.087380409240723,45.36394119262695,0.9106133050287529,34.566219329833984,0.706788182258606,5.679052829742432,50.55170822143555
Spherical Grains,13,14.32275390625,48.54794692993164,0.9160011201603606,34.11846923828125,0.9803120493888855,4.5693559646606445,50.661006927490234
Spherical Grains,14,17.86246681213379,49.2905387878418,0.9117186258903588,32.59136962890625,0.7738655805587769,5.886892795562744,48.578670501708984
Spherical Grains,15,10.772392272949219,48.823875427246094,0.9077883663988656,33.13542175292969,0.8656302690505981,7.376718997955322,49.77050018310547
Spherical Grains,16,66.79747009277344,77.12676239013672,0.8018175770449864,26.02293586730957,0.8972460627555847,13.392648696899414,47.613059997558594
Spherical Grains,17,59.716854095458984,69.8620376586914,0.8073508594775717,26.751588821411133,0.8725650310516357,9.729985237121582,47.24065399169922
Spherical Grains,18,77.94669342041016,88.3651351928711,0.7962072082623642,27.005064010620117,1.0690101385116577,10.143210411071777,46.80586624145508
Spherical Grains,19,83.32162475585938,92.53547668457031,0.8147367562212792,27.914737701416016,1.0439223051071167,12.225198745727539,46.539581298828125
Spherical Grains,20,26.848726272583008,30.678058624267578,0.9241454697095254,15.369624137878418,0.3983910083770752,0.07572384923696518,37.350242614746094
Spherical Grains,21,27.545137405395508,30.118215560913086,0.9177247849297219,14.30042839050293,0.4214591383934021,0.6237460970878601,37.206382751464844
Spherical Grains,22,28.101259231567383,30.98109245300293,0.9365965131058571,13.779155731201172,0.3801426589488983,0.34546515345573425,36.95073699951172
Spherical Grains,23,27.893444061279297,30.945451736450195,0.9396150458018244,14.934457778930664,0.4652537405490875,0.0651116818189621,37.406192779541016
Spherical Grains,24,1077.3555908203125,1123.324462890625,0.09659022011607889,33.631134033203125,10.905101776123047,0.9679118394851685,48.41035461425781
Spherical Grains,25,1163.9986572265625,1350.5316162109375,0.13178065989970458,35.5981559753418,11.733268737792969,0.07679826021194458,48.46379470825195
Spherical Grains,26,1103.1063232421875,1283.7255859375,0.16206565829539765,38.54887008666992,11.07539176940918,0.9402833580970764,48.80773162841797
Spherical Grains,27,1040.1689453125,1094.9176025390625,0.11063008618566744,35.78174591064453,10.293781280517578,1.7178891897201538,49.56978988647461
Spherical Grains,28,61.50776672363281,28.102853775024414,0.7898805926898673,35.96836471557617,1.2114472389221191,5.063636779785156,56.77515411376953
Spherical Grains,29,57.35979461669922,33.632423400878906,0.7697221800631302,36.49803161621094,0.7266216278076172,4.210830211639404,56.207027435302734
Spherical Grains,30,64.45774841308594,31.59174346923828,0.7919206116466808,36.31751251220703,1.2587190866470337,7.055525779724121,56.75758361816406
Spherical Grains,31,73.79493713378906,33.97721862792969,0.8240807852816814,35.29582214355469,1.0015078783035278,9.786568641662598,56.08607864379883
Spherical Grains,32,43.48105239868164,65.74211883544922,0.8406654353829444,30.982595443725586,0.9506143927574158,7.553680896759033,49.04021453857422
Spherical Grains,33,53.99066925048828,81.38229370117188,0.7946479271624568,30.26262092590332,1.4079393148422241,6.361547470092773,48.61029052734375
Spherical Grains,34,61.84402847290039,90.52677154541016,0.7859547836883617,30.775623321533203,1.1443827152252197,3.9154019355773926,48.34408950805664
Spherical Grains,35,59.09755325317383,82.29792022705078,0.821809442752407,30.90833282470703,1.4526187181472778,2.8038394451141357,49.01049041748047
Spherical Grains,36,2.3747549057006836,38.66340255737305,0.9108599593943495,30.983945846557617,0.3444366157054901,6.698781967163086,48.72719192504883
Spherical Grains,37,2.534189224243164,38.20969009399414,0.9147536174696256,32.95866775512695,0.5425737500190735,6.834685802459717,49.255523681640625
Spherical Grains,38,1.937310814857483,40.19082260131836,0.9168024538842487,31.152982711791992,0.4182892143726349,1.420248031616211,49.162906646728516
Spherical Grains,39,0.9084593057632446,44.836334228515625,0.8891223035709557,30.482582092285156,0.541069746017456,1.3911771774291992,49.050968170166016
Spherical Grains,40,15.230643272399902,24.573396682739258,0.9539432797019108,17.913543701171875,0.5161895751953125,0.03462977707386017,40.6787109375
Spherical Grains,41,11.83568000793457,20.765701293945312,0.9601747874806147,19.925830841064453,0.7788565754890442,2.9816606044769287,40.83399963378906
Spherical Grains,42,12.870552062988281,20.17939567565918,0.9627397004807279,19.421905517578125,0.5506919026374817,2.828247547149658,41.385929107666016
Spherical Grains,43,14.95797061920166,22.68321418762207,0.9564669684574799,18.58913230895996,0.7239536643028259,0.2915762662887573,41.0651741027832
Spherical Grains,44,61.99583053588867,60.69974136352539,0.9387928178814289,20.022380828857422,0.7502737045288086,2.8685004711151123,38.757225036621094
Spherical Grains,45,63.008888244628906,61.22652053833008,0.9571483625158873,19.980932235717773,0.772315502166748,2.821795701980591,38.86461639404297
Spherical Grains,46,52.268741607666016,50.24380874633789,0.9488056984386769,18.802072525024414,0.7006347179412842,1.3394721746444702,38.027225494384766
Spherical Grains,47,55.12036895751953,54.252323150634766,0.9290009633788668,18.983003616333008,0.7484592199325562,0.42951443791389465,38.31935119628906
Spherical Grains,48,2.9747626781463623,17.213970184326172,0.9636024319716561,21.993694305419922,1.0612486600875854,0.9137507081031799,42.17716598510742
Spherical Grains,49,9.247928619384766,18.420747756958008,0.9589441573864168,21.276552200317383,0.5449033975601196,1.4700123071670532,41.75800323486328
Spherical Grains,50,4.034899711608887,14.984329223632812,0.9650202795253365,21.8858585357666,1.0950357913970947,1.723525881767273,42.637481689453125
Spherical Grains,51,3.702666759490967,17.995384216308594,0.9585200243034473,21.72084617614746,0.6587009429931641,2.4076592922210693,42.3501091003418
Spherical Grains,52,0.6365282535552979,19.57203483581543,0.957939967581188,21.065895080566406,0.4847540855407715,0.2661953270435333,40.542964935302734
Spherical Grains,53,2.046745538711548,17.77948570251465,0.9675604580713371,20.2654972076416,0.6313274502754211,0.7544184327125549,40.49764633178711
Spherical Grains,54,2.601928949356079,17.426498413085938,0.9665322082247666,18.599411010742188,0.49518027901649475,0.24757134914398193,39.9229621887207
Spherical Grains,55,0.7287562489509583,19.209152221679688,0.9591015971181732,19.025066375732422,0.603794276714325,1.821975588798523,39.91344451904297
Spherical Grains,56,8.325908660888672,19.021224975585938,0.959618247537914,18.580657958984375,0.4071541130542755,0.2032308131456375,39.032833099365234
Spherical Grains,57,4.324742794036865,20.079627990722656,0.9472885044810162,19.21617317199707,0.7189757823944092,0.23310814797878265,40.98318099975586
Spherical Grains,58,1.2767283916473389,22.29224967956543,0.9362648101031714,19.18697738647461,0.4268300533294678,1.1111854314804077,41.0265998840332
Spherical Grains,59,4.413237571716309,19.84515953063965,0.9488943840192211,19.01398468017578,0.7091249227523804,1.6530481576919556,39.1673469543457
Spherical Grains,60,252.36483764648438,54.75882339477539,0.29696503583444817,37.50093460083008,2.6620683670043945,1.3059567213058472,52.00980758666992
Spherical Grains,61,221.77688598632812,46.76438522338867,0.3128322849290302,40.86128616333008,2.7342476844787598,4.801330089569092,52.63058853149414
Spherical Grains,62,242.24461364746094,51.090904235839844,0.2779805182410281,40.05875015258789,2.613163948059082,0.13158975541591644,53.61151885986328
Spherical Grains,63,246.16661071777344,56.12746810913086,0.3269884328402451,37.37397003173828,2.988840103149414,0.8205281496047974,53.4628791809082
Spherical Grains,64,36.23677444458008,37.065372467041016,0.9608639688715003,15.63522720336914,0.6221498847007751,0.30514541268348694,35.454532623291016
Spherical Grains,65,43.8858757019043,45.45167541503906,0.945743803076747,15.73515796661377,0.7539654970169067,4.766521453857422,36.05669403076172
Spherical Grains,66,44.74010467529297,47.73450469970703,0.9383610275479298,16.30853271484375,0.7975569367408752,4.581037998199463,36.97991180419922
Spherical Grains,67,41.474830627441406,42.951412200927734,0.9480066796554001,16.057289123535156,0.6639312505722046,1.4591777324676514,36.275238037109375
Spherical Grains,68,21.58702278137207,25.006027221679688,0.9569296863775499,17.29865837097168,0.5089609026908875,1.299944519996643,33.785072326660156
Spherical Grains,69,22.957502365112305,26.332796096801758,0.9624998113237537,17.653888702392578,0.4092617630958557,2.879822254180908,34.171531677246094
Spherical Grains,70,23.880163192749023,26.118167877197266,0.9629795156335629,17.082185745239258,0.4982779324054718,2.497462511062622,33.96674728393555
Spherical Grains,71,24.34020233154297,27.381454467773438,0.9616861650007413,16.703224182128906,0.42223241925239563,2.20220947265625,33.40231704711914
Spherical Grains,72,26.80354881286621,32.60633087158203,0.9301281277756185,20.388120651245117,0.49276384711265564,0.22743093967437744,39.93305969238281
Spherical Grains,73,28.903194427490234,34.59921646118164,0.9172995422611031,20.098779678344727,0.6473734974861145,2.2813103199005127,39.33494186401367
Spherical Grains,74,24.719860076904297,30.718717575073242,0.9405453113806914,20.711563110351562,0.4698779284954071,2.8287994861602783,39.65248107910156
Spherical Grains,75,27.013599395751953,31.784414291381836,0.9360332416546019,20.284372329711914,0.6621924638748169,1.411975622177124,39.84732437133789
Spherical Grains,76,23.846649169921875,24.504404067993164,0.9816807915157038,16.766794204711914,0.37338680028915405,1.5142886638641357,34.403297424316406
Spherical Grains,77,22.759607315063477,23.97632598876953,0.9745335288948258,16.043203353881836,0.6229336261749268,1.7153643369674683,33.70866012573242
Spherical Grains,78,22.621007919311523,23.7716064453125,0.9769967605276326,16.7615966796875,0.36133211851119995,2.8041553497314453,34.563270568847656
Spherical Grains,79,22.23163414001465,23.221242904663086,0.9825432774500364,16.458749771118164,0.623370349407196,1.4430266618728638,34.27903747558594
Spherical Grains,80,35.02251434326172,35.475242614746094,0.9068653849150001,18.4761905670166,0.6906158328056335,4.109986305236816,40.389862060546875
Spherical Grains,81,31.004682540893555,31.699142456054688,0.9182870118744897,19.07310676574707,0.621846079826355,3.34114408493042,39.914581298828125
Spherical Grains,82,35.431217193603516,37.074127197265625,0.9128406866441878,20.085512161254883,0.6813598871231079,3.639596462249756,40.649349212646484
Spherical Grains,83,38.04716873168945,38.86975860595703,0.9168511118940386,18.780487060546875,0.6001051068305969,3.306896924972534,40.5386848449707
Spherical Grains,84,7.606592655181885,31.448104858398438,0.9320702178958303,27.071781158447266,0.5555295348167419,3.7191686630249023,50.67115783691406
Spherical Grains,85,3.794969081878662,35.45756912231445,0.907858712576508,27.351978302001953,0.9327195882797241,3.1472115516662598,51.06004333496094
Spherical Grains,86,0.2708868980407715,33.2613639831543,0.9274283954726315,26.973209381103516,0.6322879791259766,0.8983405232429504,50.61943054199219
Spherical Grains,87,3.3754427433013916,30.355600357055664,0.936494436350189,26.579965591430664,0.9546381235122681,1.6379387378692627,50.78290557861328
Spherical Grains,88,17.583927154541016,26.76473617553711,0.9584162488011627,23.852447509765625,0.7420057058334351,3.2314131259918213,44.229225158691406
Spherical Grains,89,19.495668411254883,28.869295120239258,0.9524029360918694,22.786766052246094,0.8784632682800293,4.4315338134765625,44.819644927978516
Spherical Grains,90,18.388704299926758,27.534324645996094,0.9645361693301067,23.621374130249023,0.7521910071372986,0.936475396156311,44.22703170776367
Spherical Grains,91,16.749258041381836,27.653636932373047,0.956739468605377,23.842599868774414,0.9040112495422363,0.14849352836608887,44.06968307495117
Spherical Grains,92,18.4432315826416,27.76178550720215,0.952903187486346,17.52628517150879,0.45221349596977234,3.6103029251098633,40.57683181762695
Spherical Grains,93,12.721643447875977,25.890066146850586,0.9428059482767015,17.280776977539062,0.8125266432762146,3.925464153289795,41.087120056152344
Spherical Grains,94,11.382396697998047,25.854568481445312,0.9470172102384676,17.592926025390625,0.3791593909263611,5.337828159332275,40.05990982055664
Spherical Grains,95,14.880032539367676,25.602231979370117,0.9490878266264032,18.2321834564209,0.8695558905601501,5.868204593658447,40.393245697021484
Spherical Grains,96,18.309038162231445,22.756954193115234,0.9779983666234809,14.785704612731934,0.6728454232215881,0.43740808963775635,31.895343780517578
Spherical Grains,97,16.967304229736328,23.397098541259766,0.9741818680573199,14.55246353149414,0.44057929515838623,0.2746725380420685,32.02165603637695
Spherical Grains,98,19.13951301574707,23.685863494873047,0.9767493021177212,14.661386489868164,0.6572511792182922,0.33934134244918823,32.02215576171875
Spherical Grains,99,18.28773307800293,22.667505264282227,0.9783332167979527,14.546436309814453,0.4669165313243866,0.5464431047439575,31.520122528076172
Spherical Grains,100,15.793057441711426,19.322202682495117,0.9849403980481091,16.52783966064453,0.5423702001571655,4.2148213386535645,34.274818420410156
Spherical Grains,101,14.679821014404297,18.75580596923828,0.9815872431497428,16.39817237854004,0.422465443611145,1.8535326719284058,33.95409393310547
Spherical Grains,102,12.874764442443848,17.132640838623047,0.9836312874815837,16.025617599487305,0.5868496298789978,0.2707046568393707,33.48477554321289
Spherical Grains,103,12.435728073120117,15.903295516967773,0.9861607771137768,15.824457168579102,0.4268759489059448,1.3557145595550537,33.79800033569336
Spherical Grains,104,14.482182502746582,22.416852951049805,0.9546884728451762,13.69887924194336,0.5156465172767639,2.02169132232666,31.73263931274414
Spherical Grains,105,13.880570411682129,20.178911209106445,0.966483031976925,13.562808990478516,0.61820387840271,1.9324406385421753,32.65193557739258
Spherical Grains,106,15.605114936828613,20.820091247558594,0.969274164169162,14.126932144165039,0.5329317450523376,1.452776312828064,32.43988037109375
Spherical Grains,107,16.482410430908203,23.435808181762695,0.956644632158276,13.978537559509277,0.6414246559143066,1.2659680843353271,31.884353637695312
Spherical Grains,108,27.261507034301758,31.73101043701172,0.946895345831446,13.063329696655273,0.5602953433990479,0.7917962074279785,32.96894836425781
Spherical Grains,109,27.706764221191406,33.1356086730957,0.9345447455968902,12.855375289916992,0.3742522597312927,0.09684859961271286,32.987728118896484
Spherical Grains,110,27.347732543945312,33.38195037841797,0.9323441934601499,12.8927583694458,0.5801798105239868,0.790054976940155,33.050048828125
Spherical Grains,111,25.823457717895508,31.806610107421875,0.9446346106793189,13.520939826965332,0.3541754484176636,1.8428339958190918,33.60649108886719
Spherical Grains,112,6.055332660675049,15.91088581085205,0.9603600195425934,13.885692596435547,0.5368552207946777,0.21193429827690125,33.357200622558594
Spherical Grains,113,6.14443302154541,15.013788223266602,0.9588004094546365,13.90152359008789,0.5965409278869629,1.2622289657592773,33.74281692504883
Spherical Grains,114,6.452550411224365,15.240433692932129,0.9648770158997056,13.951534271240234,0.5518407225608826,1.2606372833251953,33.45632553100586
Spherical Grains,115,5.506374359130859,15.78703784942627,0.963253514742465,14.263315200805664,0.6128715872764587,0.26697680354118347,33.87725067138672
Spherical Grains,116,2.6911799907684326,17.257360458374023,0.962948705003408,15.106856346130371,0.6157111525535583,1.5932427644729614,35.94687271118164
Spherical Grains,117,5.282833576202393,17.71351432800293,0.9654931350585325,15.60443115234375,0.6550548672676086,1.866745948791504,35.42729949951172
Spherical Grains,118,1.9974137544631958,18.403072357177734,0.9580904235765505,14.723272323608398,0.6139450073242188,0.6142479181289673,35.03291320800781
Spherical Grains,119,0.041536327451467514,19.51756477355957,0.952010562997121,14.445087432861328,0.6004158854484558,0.6503749489784241,35.68122863769531
Spherical Grains,120,28.99030876159668,35.14755630493164,0.941288849639849,15.133247375488281,0.6696454286575317,0.40460485219955444,39.435882568359375
Spherical Grains,121,25.236677169799805,33.38214111328125,0.9493352678095798,15.740377426147461,0.49393171072006226,0.7444770336151123,38.40349578857422
Spherical Grains,122,22.639245986938477,30.205278396606445,0.9418421168307646,15.41021728515625,0.6098070740699768,1.5643061399459839,38.49885177612305
Spherical Grains,123,22.54910659790039,30.98052215576172,0.9512796396022155,15.115363121032715,0.49361610412597656,2.370889902114868,38.634151458740234
Spherical Grains,124,3.0562429428100586,20.834583282470703,0.9412008915145513,14.672505378723145,0.4328186511993408,1.923519253730774,37.27529525756836
Spherical Grains,125,5.2837934494018555,19.632314682006836,0.9564060369461249,14.452887535095215,0.5802037119865417,3.3730170726776123,37.576045989990234
Spherical Grains,126,1.798991322517395,18.34259033203125,0.954238323837022,14.782767295837402,0.4565715491771698,3.622385263442993,37.610740661621094
Spherical Grains,127,0.18346412479877472,20.779081344604492,0.9424975881140992,14.72850513458252,0.5621759295463562,2.682088613510132,37.536624908447266
Cylindrical Pores,0,49.39723205566406,50.91353988647461,0.9455121404257983,34.9908561706543,0.6713889241218567,4.162371635437012,40.00188446044922
Cylindrical Pores,1,47.44683837890625,48.86252975463867,0.9212686876285364,34.05400848388672,0.45225876569747925,4.2525715827941895,40.433982849121094
Cylindrical Pores,2,49.349613189697266,50.83675003051758,0.9321251219377183,33.48291778564453,0.6918013691902161,2.827345848083496,40.197601318359375
Cylindrical Pores,3,48.78166961669922,50.39033126831055,0.9499157192312983,34.3448371887207,0.46042943000793457,5.57996129989624,39.7958869934082
Cylindrical Pores,4,22.56158447265625,43.659725189208984,0.8627604215794376,41.70335388183594,0.4912290871143341,12.489494323730469,39.8225212097168
Cylindrical Pores,5,22.29181671142578,44.34577178955078,0.8500335055868724,42.85593795776367,0.48254260420799255,7.271312713623047,41.35747528076172
Cylindrical Pores,6,22.408287048339844,44.1190299987793,0.8550250259016583,45.92125701904297,0.44332873821258545,9.25685977935791,40.35828399658203
Cylindrical Pores,7,24.462806701660156,47.908382415771484,0.8158141628484318,44.79061508178711,0.5214715003967285,11.678144454956055,40.76378631591797
Cylindrical Pores,8,19.88115119934082,33.55896759033203,0.9138968431384653,53.45233154296875,0.9083810448646545,7.907505989074707,50.802852630615234
Cylindrical Pores,9,20.90052604675293,36.47526168823242,0.9065082759592573,53.153968811035156,0.8205826282501221,7.42446756362915,51.61906433105469
Cylindrical Pores,10,19.588159561157227,36.881622314453125,0.8981583524698641,54.33102035522461,0.9018269777297974,9.094593048095703,52.59232711791992
Cylindrical Pores,11,13.931112289428711,39.756919860839844,0.8651353075840574,54.419044494628906,0.9008143544197083,9.445114135742188,52.93498611450195
Cylindrical Pores,12,25.676029205322266,38.376426696777344,0.9027323685528864,49.11262512207031,0.8876248598098755,7.482876777648926,53.22977828979492
Cylindrical Pores,13,19.824129104614258,35.019256591796875,0.9121942129048608,50.26811218261719,0.6150436997413635,8.801778793334961,53.413883209228516
Cylindrical Pores,14,24.68377685546875,38.578487396240234,0.8962578939901273,49.46871566772461,0.8720622062683105,6.600367546081543,53.91808319091797
Cylindrical Pores,15,29.389373779296875,39.17042541503906,0.9084176479532398,49.142398834228516,0.5636441707611084,5.403369903564453,53.49041748046875
Cylindrical Pores,16,33.637325286865234,55.92172622680664,0.8335165080490136,73.36505889892578,0.5233654379844666,14.025310516357422,54.77869415283203
Cylindrical Pores,17,40.182472229003906,61.069053649902344,0.7955674232495397,71.6863021850586,0.5435486435890198,15.585076332092285,54.70600128173828
Cylindrical Pores,18,35.94755554199219,57.33540725708008,0.8167884378205854,71.11295318603516,0.5429403781890869,6.6624531745910645,54.016944885253906
Cylindrical Pores,19,28.694997787475586,52.869834899902344,0.8199982085804546,73.05949401855469,0.5380123257637024,5.243234634399414,53.974884033203125
Cylindrical Pores,20,29.434906005859375,36.19185256958008,0.9299468930246115,56.88059616088867,0.5924345850944519,12.523406982421875,51.44092559814453
Cylindrical Pores,21,35.63807678222656,40.798580169677734,0.92574258440579,54.471248626708984,0.4972602427005768,11.013335227966309,51.696006774902344
Cylindrical Pores,22,35.8592643737793,40.219268798828125,0.9092752612963092,51.44912338256836,0.5447039008140564,11.678767204284668,52.44057846069336
Cylindrical Pores,23,32.14985656738281,38.84404373168945,0.917858978786053,55.262813568115234,0.5828521847724915,12.957515716552734,51.3414306640625
Cylindrical Pores,24,58.54027557373047,57.764312744140625,0.9179825306486208,39.78218460083008,0.5823966264724731,7.887448787689209,45.1998291015625
Cylindrical Pores,25,56.72977828979492,56.28657150268555,0.9386019216504904,39.07603454589844,0.5634511113166809,8.080927848815918,44.76432800292969
Cylindrical Pores,26,58.686241149902344,58.071502685546875,0.9341443629524759,41.39817428588867,0.5790719985961914,6.598535060882568,44.45201873779297
Cylindrical Pores,27,60.16958999633789,59.688846588134766,0.921016896170196,42.475528717041016,0.5764334797859192,6.023029804229736,45.91297149658203
Cylindrical Pores,28,20.620365142822266,34.611236572265625,0.8657668102060488,40.05616760253906,0.9135075807571411,4.8295674324035645,46.220672607421875
Cylindrical Pores,29,15.771527290344238,35.088260650634766,0.8455087821416613,41.92153549194336,0.5737782716751099,5.022762298583984,47.025611877441406
Cylindrical Pores,30,21.771835327148438,41.09381103515625,0.8386015571254297,46.095645904541016,0.9790184497833252,5.127133369445801,47.183067321777344
Cylindrical Pores,31,23.623050689697266,31.057796478271484,0.9010256534744152,43.87161636352539,0.5813420414924622,4.050646781921387,46.12794876098633
Cylindrical Pores,32,21.813343048095703,51.915802001953125,0.9187699606714138,47.65283966064453,0.7599990367889404,9.458414077758789,49.426387786865234
Cylindrical Pores,33,22.665616989135742,53.01003646850586,0.9089765900663183,47.75373458862305,0.7112009525299072,5.897729396820068,49.92548370361328
Cylindrical Pores,34,25.22036361694336,54.15635299682617,0.910288959761931,43.20525360107422,0.7116174101829529,6.429399013519287,49.17505645751953
Cylindrical Pores,35,22.607454299926758,54.23247528076172,0.895828194615944,43.14082336425781,0.7021104693412781,8.872304916381836,49.87284469604492
Cylindrical Pores,36,35.65630340576172,39.747127532958984,0.8986049863078835,37.71860122680664,0.4866220951080322,5.433861255645752,47.63364028930664
Cylindrical Pores,37,36.030975341796875,39.592803955078125,0.8913762979654868,38.01066589355469,0.4856988489627838,4.174195289611816,46.269554138183594
Cylindrical Pores,38,37.68397521972656,42.35957336425781,0.9106825126942583,36.58335876464844,0.43381431698799133,4.025915145874023,45.64281463623047
Cylindrical Pores,39,36.51515579223633,41.405277252197266,0.9189262222324702,36.921566009521484,0.5029085874557495,5.056596755981445,46.37262725830078
Cylindrical Pores,40,183.39602661132812,28.656911849975586,0.5098110701704209,35.41893768310547,1.7831413745880127,9.829127311706543,52.919498443603516
Cylindrical Pores,41,206.66241455078125,21.71913719177246,0.5316847983415129,34.680633544921875,2.0109307765960693,5.055784225463867,52.725738525390625
Cylindrical Pores,42,186.78933715820312,28.951467514038086,0.5141140786941187,33.05333709716797,1.8249950408935547,8.211569786071777,53.245094299316406
Cylindrical Pores,43,190.13438415527344,28.371063232421875,0.45613780046675473,33.41587448120117,1.8011722564697266,8.684351921081543,53.53818130493164
Cylindrical Pores,44,28.56711196899414,50.18240737915039,0.8475424152167144,65.55496978759766,0.5580223202705383,9.598857879638672,54.76936721801758
Cylindrical Pores,45,28.547197341918945,49.48623275756836,0.8744898591801626,65.51013946533203,0.4900709390640259,0.9290639162063599,54.228660583496094
Cylindrical Pores,46,29.284032821655273,49.83514404296875,0.8764528044817804,66.84982299804688,0.5591723918914795,2.569931983947754,54.61347579956055
Cylindrical Pores,47,27.604705810546875,52.27781295776367,0.8265701201679164,67.363525390625,0.5567570924758911,7.142833709716797,55.437965393066406
Cylindrical Pores,48,18.012245178222656,43.6259880065918,0.8058582512882877,37.849430084228516,0.5050088167190552,17.868459701538086,43.40043640136719
Cylindrical Pores,49,24.240718841552734,41.949310302734375,0.8100403348525853,40.3659553527832,0.42078718543052673,19.10841941833496,44.34638595581055
Cylindrical Pores,50,21.837060928344727,43.7161865234375,0.7958968271272351,41.65422821044922,0.4981183707714081,21.584457397460938,44.258602142333984
Cylindrical Pores,51,19.325946807861328,45.67242431640625,0.7731212143953907,39.01221466064453,0.43047699332237244,18.1834659576416,43.62995147705078
Cylindrical Pores,52,5.204087257385254,44.68076705932617,0.8066727720205448,36.47633743286133,0.611906111240387,4.707408905029297,42.129173278808594
Cylindrical Pores,53,1.9856257438659668,45.278324127197266,0.8008075688549866,39.27678680419922,0.4026988744735718,3.9054298400878906,42.44944381713867
Cylindrical Pores,54,2.418858051300049,41.9713134765625,0.829967760318307,39.213260650634766,0.5827034115791321,4.042252540588379,42.89969253540039
Cylindrical Pores,55,2.9628028869628906,42.56972885131836,0.8373304610613533,38.16392517089844,0.3698228895664215,3.140591859817505,42.6156005859375
Cylindrical Pores,56,19.34603500366211,26.535390853881836,0.9242938495062444,27.930496215820312,0.5949546098709106,2.4799611568450928,41.214534759521484
Cylindrical Pores,57,17.174821853637695,25.939722061157227,0.9208775444947729,29.116065979003906,0.2681735157966614,2.0945873260498047,41.942562103271484
Cylindrical Pores,58,16.969770431518555,25.747617721557617,0.9134317832893384,29.637540817260742,0.6280917525291443,1.1139864921569824,41.076194763183594
Cylindrical Pores,59,19.226863861083984,26.95960807800293,0.909431425781266,28.713727951049805,0.2964757978916168,1.816869854927063,40.52878189086914
Cylindrical Pores,60,47.481075286865234,47.681949615478516,0.9484774614235615,22.087980270385742,0.514009416103363,4.050261497497559,37.65425109863281
Cylindrical Pores,61,50.546749114990234,50.83051681518555,0.9471166456102288,22.570112228393555,0.5090857744216919,2.4734299182891846,38.480079650878906
Cylindrical Pores,62,51.3134651184082,51.128326416015625,0.9471994629628182,23.202041625976562,0.5508013963699341,1.8144330978393555,39.5814208984375
Cylindrical Pores,63,46.66246032714844,46.38420104980469,0.9489469817678392,21.9781494140625,0.48786795139312744,4.362948417663574,37.89288330078125
Cylindrical Pores,64,5.046895980834961,33.320274353027344,0.9055478533567148,34.31340789794922,0.764007031917572,0.2723243534564972,56.44708251953125
Cylindrical Pores,65,21.582035064697266,39.27057647705078,0.845483257505434,33.86067199707031,1.0047813653945923,1.2180041074752808,56.27409362792969
Cylindrical Pores,66,10.462231636047363,38.30270004272461,0.852114243978677,36.30379867553711,0.8631938099861145,2.5329740047454834,57.12610626220703
Cylindrical Pores,67,14.060705184936523,34.941368103027344,0.8805005251175584,35.66197967529297,0.9875626564025879,0.2834165096282959,57.67363357543945
Cylindrical Pores,68,17.72698402404785,42.064781188964844,0.8756781297232229,45.13020706176758,0.6535427570343018,7.860184192657471,54.537391662597656
Cylindrical Pores,69,18.71219253540039,48.17580032348633,0.8354141426084607,45.36898422241211,0.5724939107894897,5.15345573425293,54.34232711791992
Cylindrical Pores,70,20.20702362060547,46.581687927246094,0.8564091249330198,46.822486877441406,0.6319929957389832,5.800732612609863,55.704811096191406
Cylindrical Pores,71,24.20989990234375,43.88005447387695,0.8900785597663493,47.12884521484375,0.5857481956481934,7.854534149169922,55.79233169555664
Cylindrical Pores,72,27.184825897216797,28.341068267822266,0.9575966908937149,20.710758209228516,0.5670706629753113,2.8200924396514893,39.58857727050781
Cylindrical Pores,73,27.38397979736328,28.810352325439453,0.960676378042366,20.43928337097168,0.4348369836807251,2.9311635494232178,39.91798782348633
Cylindrical Pores,74,28.64809226989746,30.148784637451172,0.9519219151006342,21.092031478881836,0.5915884375572205,3.3781821727752686,40.97728729248047
Cylindrical Pores,75,30.591581344604492,32.21985626220703,0.9493104149214757,21.079193115234375,0.42404940724372864,2.68768310546875,40.026092529296875
Cylindrical Pores,76,36.26736068725586,39.10430145263672,0.9457848608294555,19.418663024902344,0.4086322784423828,0.6278367042541504,36.08417892456055
Cylindrical Pores,77,35.02882766723633,37.37196731567383,0.9526125790111748,19.18912696838379,0.3559351861476898,1.1722609996795654,36.915077209472656
Cylindrical Pores,78,36.4389762878418,38.1661376953125,0.9551969903205572,19.24039649963379,0.3928513526916504,1.9975160360336304,36.37038040161133
Cylindrical Pores,79,35.727256774902344,38.096885681152344,0.9475168236782876,18.943954467773438,0.36687248945236206,1.274341106414795,35.59391784667969
Cylindrical Pores,80,30.7658634185791,30.805679321289062,0.9298521331398686,17.238704681396484,0.44247686862945557,5.1700029373168945,38.975032806396484
Cylindrical Pores,81,30.759016036987305,30.44025230407715,0.9461065429133223,16.4258975982666,0.5490567684173584,4.281672954559326,38.188846588134766
Cylindrical Pores,82,31.44330596923828,30.522857666015625,0.9450473473110854,16.07135772705078,0.4587401747703552,3.1977779865264893,37.992515563964844
Cylindrical Pores,83,29.759931564331055,29.8388671875,0.9375577737530111,16.85413932800293,0.5656821727752686,4.433272361755371,38.80891418457031
Cylindrical Pores,84,48.44563674926758,48.26154708862305,0.9343546200194367,21.36390495300293,0.4809959828853607,0.6667320132255554,42.52627182006836
Cylindrical Pores,85,50.31538391113281,50.579139709472656,0.9246595239279343,21.783254623413086,0.5042377710342407,0.2186356484889984,42.13650894165039
Cylindrical Pores,86,49.432640075683594,49.9128303527832,0.9244603226710216,21.255048751831055,0.4932901859283447,0.20447848737239838,41.93917465209961
Cylindrical Pores,87,49.81452560424805,49.843929290771484,0.9288787923665605,21.90279769897461,0.4999244213104248,0.3557892441749573,42.3769416809082
Cylindrical Pores,88,5.451565742492676,29.322336196899414,0.8520258334636169,32.718048095703125,0.6130252480506897,10.176785469055176,43.087284088134766
Cylindrical Pores,89,7.05667781829834,31.799711227416992,0.8198448790922795,30.614933013916016,0.37667879462242126,10.275765419006348,43.31428146362305
Cylindrical Pores,90,2.860940456390381,33.33213424682617,0.8271766962130124,30.992097854614258,0.5497535467147827,8.913592338562012,43.194366455078125
Cylindrical Pores,91,3.287872314453125,32.106327056884766,0.8382078165711332,32.56739044189453,0.3350592255592346,9.732559204101562,43.446434020996094
Cylindrical Pores,92,47.25028610229492,46.77513122558594,0.8754404121791859,17.129438400268555,0.47454118728637695,0.38791120052337646,38.34638214111328
Cylindrical Pores,93,45.293251037597656,44.49032211303711,0.8792358330626444,19.088668823242188,0.44522470235824585,1.389369249343872,38.46498489379883
Cylindrical Pores,94,45.54811096191406,44.94290542602539,0.9067947626185314,19.09150505065918,0.450649619102478,0.87950199842453,38.5317268371582
Cylindrical Pores,95,45.907012939453125,45.12946701049805,0.8797112876916809,17.135343551635742,0.46122708916664124,0.4003491699695587,38.92613220214844
Cylindrical Pores,96,31.149749755859375,31.93782615661621,0.9229249876994782,13.131189346313477,0.3155871331691742,1.4090632200241089,29.933881759643555
Cylindrical Pores,97,32.466514587402344,33.4847412109375,0.9143681580325842,12.3724946975708,0.318455308675766,0.9111570119857788,30.00643539428711
Cylindrical Pores,98,31.855802536010742,32.9154052734375,0.9094743736938733,11.992273330688477,0.31731608510017395,1.60854172706604,30.009971618652344
Cylindrical Pores,99,31.983688354492188,33.2188720703125,0.9272262900827688,12.870976448059082,0.3107302486896515,1.324692726135254,29.520483016967773
Cylindrical Pores,100,37.27449417114258,37.28055191040039,0.9373112199530139,16.99546241760254,0.44074228405952454,1.9277244806289673,32.4638786315918
Cylindrical Pores,101,37.234771728515625,37.08346176147461,0.9425427807706289,16.436187744140625,0.3970978260040283,2.0615553855895996,32.17350387573242
Cylindrical Pores,102,35.89785385131836,36.217010498046875,0.9450970223270825,16.13109588623047,0.4380549490451813,2.066324472427368,32.506507873535156
Cylindrical Pores,103,36.36346435546875,36.89850616455078,0.9460940372763104,16.66091537475586,0.4122054874897003,1.532517433166504,33.182125091552734
Cylindrical Pores,104,38.083377838134766,39.16633605957031,0.9457192669321055,12.827703475952148,0.40882954001426697,0.09616120904684067,32.10750961303711
Cylindrical Pores,105,36.693756103515625,38.30879592895508,0.9240755395172081,13.24338436126709,0.389541894197464,0.9878338575363159,32.77095413208008
Cylindrical Pores,106,35.829349517822266,37.351619720458984,0.9350103938976656,13.389184951782227,0.38918808102607727,1.0909147262573242,32.173744201660156
Cylindrical Pores,107,37.7044792175293,39.01253128051758,0.9338273447614012,12.824725151062012,0.383843332529068,0.2000490128993988,31.4882869720459
Cylindrical Pores,108,31.13054084777832,31.40689468383789,0.97265557686606,11.706559181213379,0.403493732213974,0.773934543132782,31.36959457397461
Cylindrical Pores,109,30.406326293945312,30.600990295410156,0.9742089182518759,11.45232105255127,0.3550494611263275,1.7620084285736084,31.472471237182617
Cylindrical Pores,110,29.704187393188477,29.76896858215332,0.9759820026782623,11.437491416931152,0.40997952222824097,0.4904630780220032,32.42526626586914
Cylindrical Pores,111,29.838237762451172,29.85118865966797,0.9702556143949687,11.982593536376953,0.35587045550346375,1.6705327033996582,32.72301483154297
Cylindrical Pores,112,36.517066955566406,37.920799255371094,0.9396327438065545,16.118236541748047,0.3055996894836426,8.578776359558105,38.37847900390625
Cylindrical Pores,113,37.529762268066406,39.283653259277344,0.9330274542228912,15.940853118896484,0.39220839738845825,8.126324653625488,38.59635543823242
Cylindrical Pores,114,35.04988098144531,36.266048431396484,0.9377398477684686,16.52762794494629,0.29205751419067383,8.787467002868652,39.70941925048828
Cylindrical Pores,115,31.629446029663086,33.49559783935547,0.9360649512419508,16.567970275878906,0.3714538514614105,9.685422897338867,38.967166900634766
Cylindrical Pores,116,34.079795837402344,34.02394485473633,0.9453687285865383,13.31645679473877,0.4391780197620392,2.4928829669952393,39.85585021972656
Cylindrical Pores,117,33.42814636230469,33.2754020690918,0.9448805975508624,13.805155754089355,0.4147402048110962,2.7097041606903076,39.721500396728516
Cylindrical Pores,118,33.53845977783203,33.63638687133789,0.9552412346198812,13.279413223266602,0.4477301239967346,2.4061458110809326,38.651702880859375
Cylindrical Pores,119,34.77257537841797,35.07252502441406,0.9488355806959279,12.655978202819824,0.4377242922782898,2.080193281173706,38.96440505981445
Cylindrical Grains,0,16.359525680541992,17.708782196044922,0.9820975263033913,9.217676162719727,0.34719201922416687,0.45002517104148865,28.821807861328125
Cylindrical Grains,1,14.792801856994629,17.123735427856445,0.9796288807728951,9.265191078186035,0.3454146683216095,1.3760123252868652,29.1090030670166
Cylindrical Grains,2,15.771760940551758,18.091772079467773,0.9774742649496788,9.271536827087402,0.3392447829246521,0.9973644614219666,29.75611114501953
Cylindrical Grains,3,17.732627868652344,19.254487991333008,0.9801626843280268,9.3342924118042,0.35787761211395264,0.056669630110263824,29.55486488342285
Cylindrical Grains,4,23.529251098632812,24.3416690826416,0.9801159530671485,9.878744125366211,0.3366214632987976,0.6590780019760132,30.537689208984375
Cylindrical Grains,5,26.319671630859375,27.189151763916016,0.9805645319949227,9.981597900390625,0.47605305910110474,1.3155139684677124,30.206222534179688
Cylindrical Grains,6,26.153657913208008,26.150829315185547,0.9825927601642375,9.755366325378418,0.3643510937690735,0.9976989030838013,29.751605987548828
Cylindrical Grains,7,24.415369033813477,24.307735443115234,0.9838323045801985,9.89700698852539,0.4659900367259979,0.46164074540138245,30.038074493408203
Cylindrical Grains,8,41.574867248535156,45.588134765625,0.9376072447864381,11.601040840148926,0.6283466815948486,0.44595664739608765,31.819950103759766
Cylindrical Grains,9,37.873653411865234,42.00774383544922,0.9488503700569398,11.812721252441406,0.46400395035743713,0.26597145199775696,31.903059005737305
Cylindrical Grains,10,39.191864013671875,42.784149169921875,0.9498137308295442,12.084234237670898,0.6203773617744446,0.43543729186058044,31.967775344848633
Cylindrical Grains,11,41.186248779296875,44.120445251464844,0.947314868239085,12.08052921295166,0.4917689263820648,0.18190819025039673,31.604049682617188
Cylindrical Grains,12,10.212837219238281,16.760082244873047,0.95686746474714,11.405101776123047,0.3253692090511322,1.937313437461853,31.97926139831543
Cylindrical Grains,13,9.589272499084473,16.321186065673828,0.9595716052830995,11.270365715026855,0.2838071286678314,0.7572840452194214,31.359378814697266
Cylindrical Grains,14,7.999579429626465,14.626726150512695,0.9655814273735165,10.68628215789795,0.33526816964149475,0.21051156520843506,30.487661361694336
Cylindrical Grains,15,8.017694473266602,16.151533126831055,0.9553509896974823,11.200739860534668,0.2840079665184021,1.3778311014175415,31.227863311767578
Cylindrical Grains,16,0.9304052591323853,32.24177932739258,0.8323034228381249,13.618782997131348,0.3118053674697876,2.9092280864715576,40.860008239746094
Cylindrical Grains,17,1.1378036737442017,30.439773559570312,0.8701627386539149,12.79666805267334,0.378705769777298,3.03924560546875,40.35906219482422
Cylindrical Grains,18,1.0183956623077393,33.31568145751953,0.845873787621457,13.26184368133545,0.34036123752593994,3.054111957550049,40.939979553222656
Cylindrical Grains,19,1.3676519393920898,33.55318832397461,0.8391412379295008,13.89760971069336,0.42820051312446594,3.119248390197754,40.859683990478516
Cylindrical Grains,20,18.976831436157227,20.84909439086914,0.9437970458112641,11.75506591796875,0.36163464188575745,0.43869563937187195,32.915260314941406
Cylindrical Grains,21,19.97534942626953,22.076000213623047,0.941131891955051,11.384101867675781,0.26009801030158997,1.1099865436553955,32.36885452270508
Cylindrical Grains,22,18.05095100402832,19.96210289001465,0.9493163134668,11.633248329162598,0.3549649715423584,0.02602894976735115,33.103424072265625
Cylindrical Grains,23,20.271677017211914,22.02828598022461,0.9541518917730504,11.967897415161133,0.27023088932037354,0.484767347574234,33.41816329956055
Cylindrical Grains,24,5.89463472366333,36.37503433227539,0.8687488916326678,19.606060028076172,0.7033910751342773,11.762006759643555,39.86113739013672
Cylindrical Grains,25,4.303256988525391,30.249263763427734,0.9050298536164458,19.9428768157959,0.369728147983551,11.120930671691895,39.17534637451172
Cylindrical Grains,26,6.592893600463867,28.59772491455078,0.9133046486262727,18.026037216186523,0.6807899475097656,10.254878044128418,37.64594268798828
Cylindrical Grains,27,3.899608612060547,32.04624938964844,0.8940124278539726,18.042320251464844,0.3551976978778839,9.845762252807617,38.1865119934082
Cylindrical Grains,28,3.6517326831817627,20.39475440979004,0.9476004900521736,18.815473556518555,0.4366813004016876,6.072271823883057,39.71438980102539
Cylindrical Grains,29,6.759555816650391,21.121824264526367,0.9435851823652601,18.929550170898438,0.55284583568573,5.752927780151367,39.50934600830078
Cylindrical Grains,30,4.119297504425049,18.560863494873047,0.9588201006594835,18.625347137451172,0.4042830765247345,5.4457526206970215,38.980995178222656
Cylindrical Grains,31,2.9714865684509277,18.876487731933594,0.9521098575317568,18.08898162841797,0.5999554991722107,5.275724411010742,39.3834228515625
Cylindrical Grains,32,25.418312072753906,28.443361282348633,0.9640867627525507,13.269277572631836,0.4625203609466553,0.5566171407699585,37.49730682373047
Cylindrical Grains,33,25.039812088012695,27.020353317260742,0.9736223412839811,13.543261528015137,0.6068642735481262,0.27172744274139404,36.95576095581055
Cylindrical Grains,34,25.740406036376953,27.982568740844727,0.9763944239564502,14.044723510742188,0.45086541771888733,0.14835405349731445,37.915409088134766
Cylindrical Grains,35,24.533462524414062,26.399394989013672,0.973934551977635,13.913779258728027,0.6023929715156555,1.2557525634765625,38.12577438354492
Cylindrical Grains,36,2.774873971939087,24.06532096862793,0.9492561277427247,17.47237777709961,0.7852720618247986,1.5013248920440674,42.48973083496094
Cylindrical Grains,37,4.401094436645508,20.308218002319336,0.9655710935522872,17.00244140625,0.7224424481391907,2.5792243480682373,43.26573944091797
Cylindrical Grains,38,1.4448918104171753,24.562345504760742,0.9492487658419014,16.707839965820312,0.8345356583595276,2.247926712036133,41.92464065551758
Cylindrical Grains,39,0.9579952955245972,24.74696159362793,0.9506595841191193,16.932437896728516,0.7218664288520813,1.7406558990478516,42.282737731933594
Cylindrical Grains,40,44.77153778076172,51.860801696777344,0.9372354322822393,14.317970275878906,0.8129791021347046,1.0273261070251465,42.51653289794922
Cylindrical Grains,41,44.25638961791992,50.136844635009766,0.9294268592123693,14.115614891052246,1.0347480773925781,0.47909244894981384,42.0789909362793
Cylindrical Grains,42,43.507144927978516,53.16421127319336,0.9185468944843399,15.323675155639648,0.7967435717582703,0.10250937938690186,42.868934631347656
Cylindrical Grains,43,43.826297760009766,51.618408203125,0.938006303813736,14.13654613494873,1.0740536451339722,0.9293386340141296,41.84004211425781
Cylindrical Grains,44,48.664894104003906,46.731510162353516,0.9342929654080407,11.308441162109375,0.6974736452102661,2.0137248039245605,39.61674499511719
Cylindrical Grains,45,49.42921829223633,50.6192512512207,0.9368316753466142,11.431309700012207,0.6903290152549744,0.24923637509346008,41.09339141845703
Cylindrical Grains,46,51.395809173583984,49.632511138916016,0.937244593268472,11.559998512268066,0.7141790986061096,0.6558895707130432,41.10966110229492
Cylindrical Grains,47,47.89289093017578,47.047176361083984,0.9189475681533235,11.580137252807617,0.6904305815696716,2.760119676589966,40.36075973510742
Cylindrical Grains,48,13.022662162780762,22.077173233032227,0.9393721449058974,19.618606567382812,0.3259641230106354,0.7385857701301575,38.086177825927734
Cylindrical Grains,49,8.501814842224121,18.544906616210938,0.9541452636731486,19.4072208404541,0.659742534160614,2.339080810546875,37.87629699707031
Cylindrical Grains,50,8.771196365356445,18.218238830566406,0.9416027806310158,18.55918312072754,0.3380661904811859,0.40777942538261414,37.70613479614258
Cylindrical Grains,51,10.548852920532227,18.166271209716797,0.9617656590450551,19.225547790527344,0.6446971297264099,1.5974007844924927,37.296138763427734
Cylindrical Grains,52,11.310149192810059,29.11188316345215,0.9312178250345229,24.83074951171875,0.6874470710754395,1.8650085926055908,43.44648361206055
Cylindrical Grains,53,11.983863830566406,29.101591110229492,0.934462754547976,23.10185432434082,0.6877507567405701,0.20591779053211212,43.38877487182617
Cylindrical Grains,54,5.818830966949463,28.36347198486328,0.9256061709470269,23.216676712036133,0.6024628281593323,3.5905580520629883,44.578006744384766
Cylindrical Grains,55,6.013960361480713,27.69771957397461,0.928290265733177,24.97144889831543,0.6671712398529053,4.981213569641113,44.72776412963867
Cylindrical Grains,56,11.455085754394531,28.013277053833008,0.9242903383420991,19.419374465942383,0.6089640259742737,1.6441630125045776,39.18811798095703
Cylindrical Grains,57,13.542981147766113,26.98663902282715,0.9343700917863683,20.010778427124023,0.5474766492843628,2.47179913520813,40.25864791870117
Cylindrical Grains,58,14.578797340393066,26.64808464050293,0.9365925669108675,20.16440773010254,0.6449620127677917,3.8464887142181396,39.782588958740234
Cylindrical Grains,59,12.250679016113281,29.067537307739258,0.9145489293698916,19.570816040039062,0.5441376566886902,2.2340574264526367,38.99196243286133
Cylindrical Grains,60,5.66525936126709,23.700727462768555,0.9323369378890195,15.989053726196289,0.5916738510131836,5.2975239753723145,39.32291793823242
Cylindrical Grains,61,3.212022066116333,21.47193717956543,0.9516444281513938,16.496835708618164,0.43923428654670715,4.6991448402404785,38.83774185180664
Cylindrical Grains,62,2.1728508472442627,19.89013671875,0.9613785124012512,16.452857971191406,0.6202616691589355,2.9690070152282715,38.60417175292969
Cylindrical Grains,63,5.639302730560303,22.67290687561035,0.9435191973533146,16.545879364013672,0.44274574518203735,4.501497745513916,40.17478942871094
Cylindrical Grains,64,22.23628807067871,27.418420791625977,0.9070903154443924,26.44771957397461,0.2311698943376541,7.177982330322266,40.89067077636719
Cylindrical Grains,65,24.9585018157959,29.326997756958008,0.9396878564302675,28.000097274780273,0.6591264009475708,5.801453113555908,41.86308288574219
Cylindrical Grains,66,24.548810958862305,29.917816162109375,0.9112050770446788,27.78310775756836,0.28738704323768616,5.192407608032227,41.24636459350586
Cylindrical Grains,67,22.089366912841797,29.01112937927246,0.90871649685126,26.660911560058594,0.6568516492843628,7.012089252471924,40.564884185791016
Cylindrical Grains,68,18.468761444091797,39.339805603027344,0.9048652844052023,27.106887817382812,0.9414055943489075,7.586830139160156,48.7441291809082
Cylindrical Grains,69,15.27064323425293,36.982452392578125,0.9177094448793204,24.767213821411133,0.7921563982963562,7.958219051361084,49.337860107421875
Cylindrical Grains,70,16.142013549804688,35.66108322143555,0.9059291706169256,22.15732765197754,0.912116289138794,6.897366523742676,48.53322982788086
Cylindrical Grains,71,20.80536651611328,41.17218780517578,0.8889550760455773,24.787633895874023,0.7446057200431824,7.059056282043457,47.79258346557617
Cylindrical Grains,72,35.632911682128906,53.56535339355469,0.8700930604826557,27.681875228881836,1.1343227624893188,1.9594473838806152,41.384090423583984
Cylindrical Grains,73,38.162105560302734,54.807350158691406,0.8537049424307593,28.206989288330078,0.9879428744316101,0.3141632378101349,41.44868087768555
Cylindrical Grains,74,40.01765823364258,54.518653869628906,0.8720384180809696,26.887187957763672,1.1146235466003418,0.6993363499641418,41.56453323364258
Cylindrical Grains,75,37.77717208862305,55.98538589477539,0.8456278166858581,27.6401424407959,0.9616718292236328,1.2020463943481445,42.1182861328125
Cylindrical Grains,76,29.803754806518555,42.395450592041016,0.869457069055959,25.45877456665039,1.0304702520370483,0.4880180060863495,45.27456283569336
Cylindrical Grains,77,41.094417572021484,58.35802459716797,0.8535937365079724,24.498193740844727,0.8988862633705139,2.4841365814208984,44.5020751953125
Cylindrical Grains,78,37.103946685791016,57.34966278076172,0.8324934478187196,25.876548767089844,1.098780632019043,2.640669107437134,45.5317268371582
Cylindrical Grains,79,23.893312454223633,39.2042350769043,0.8667876131568154,26.10175323486328,0.7126219868659973,0.8087484836578369,45.28443145751953
Cylindrical Grains,80,28.71577262878418,29.654788970947266,0.9324425831274772,28.784748077392578,0.6211374402046204,4.12186861038208,44.622920989990234
Cylindrical Grains,81,28.11052131652832,30.92559242248535,0.924113105961232,25.90230941772461,0.8813128471374512,3.7323176860809326,44.34646987915039
Cylindrical Grains,82,33.64162826538086,35.48823165893555,0.9302615519588864,26.416820526123047,0.5671195387840271,0.5715108513832092,43.71108627319336
Cylindrical Grains,83,28.8560733795166,31.21568489074707,0.9238902314351759,29.251638412475586,0.8786376714706421,3.2349674701690674,45.17022705078125
Cylindrical Grains,84,103.79613494873047,121.0911636352539,0.632627379591471,36.405235290527344,1.3973416090011597,5.176856517791748,57.677452087402344
Cylindrical Grains,85,122.54707336425781,143.41497802734375,0.592249911431617,38.2640266418457,1.8044753074645996,9.83367919921875,58.661617279052734
Cylindrical Grains,86,118.0589828491211,140.5726776123047,0.543019634640773,35.37855911254883,1.6510162353515625,9.106030464172363,58.00835037231445
Cylindrical Grains,87,120.63133239746094,136.94815063476562,0.585774528743502,31.64562225341797,1.7302851676940918,9.99371337890625,56.34296417236328
Cylindrical Grains,88,69.33152770996094,46.07884979248047,0.8883475225687674,33.596832275390625,1.0407315492630005,1.2319042682647705,51.827640533447266
Cylindrical Grains,89,63.270050048828125,38.71782684326172,0.9025326652329075,31.49144744873047,0.8989070057868958,0.9986528754234314,52.753440856933594
Cylindrical Grains,90,78.6635513305664,45.90616989135742,0.8815700153376165,31.28028678894043,1.1345852613449097,4.028378963470459,52.5647087097168
Cylindrical Grains,91,71.4188003540039,44.50931930541992,0.9035090574816977,32.854942321777344,1.0268834829330444,1.4454630613327026,52.21370315551758
Cylindrical Grains,92,11.05234432220459,32.068119049072266,0.9326268506603471,38.27174758911133,0.7650846838951111,3.1774370670318604,44.72030258178711
Cylindrical Grains,93,16.182296752929688,41.575138092041016,0.905150985473852,37.99774169921875,1.1109509468078613,6.600631237030029,46.03438949584961
Cylindrical Grains,94,15.405177116394043,40.68313980102539,0.9184929562144991,43.364234924316406,0.859525740146637,5.237627983093262,46.27994155883789
Cylindrical Grains,95,12.999958992004395,34.20339584350586,0.930242015899043,43.0915641784668,1.0677368640899658,2.3542070388793945,45.472679138183594
Bentheimer,0,5.600551128387451,39.65269470214844,0.8403911033052194,29.88091278076172,0.5491234660148621,1.7782074213027954,43.02391815185547
Bentheimer,1,10.173279762268066,36.4478874206543,0.8670762231610312,30.45269012451172,0.7502841949462891,1.558106780052185,42.10714340209961
Bentheimer,2,12.69676399230957,35.46734619140625,0.8611626033319024,30.230676651000977,0.5216548442840576,2.8981120586395264,42.759681701660156
Bentheimer,3,7.593652725219727,38.65827560424805,0.8392552908876335,30.8952693939209,0.8001768589019775,3.171405792236328,43.2579231262207
Bentheimer,4,36.87499237060547,57.691890716552734,0.8073279984096334,29.526500701904297,0.8660278916358948,1.9613122940063477,39.497920989990234
Bentheimer,5,35.42132568359375,57.49286651611328,0.8062547014126002,31.133031845092773,0.7398335933685303,1.7668594121932983,40.04735565185547
Bentheimer,6,33.13421630859375,56.83937454223633,0.8024892540411358,29.79789161682129,0.8281140327453613,0.7434647679328918,39.7030143737793
Bentheimer,7,35.25165939331055,55.589778900146484,0.8175898463009692,28.629716873168945,0.7098621129989624,0.302323579788208,39.05506896972656
Bentheimer,8,68.46011352539062,89.59185791015625,0.8211432914176164,32.20451354980469,1.0697916746139526,1.0682013034820557,42.4116325378418
Bentheimer,9,72.61439514160156,97.41995239257812,0.7907330787737993,31.113391876220703,1.3012864589691162,0.6686039566993713,42.72657012939453
Bentheimer,10,65.89947509765625,87.45860290527344,0.8048948401080563,32.782257080078125,1.0224376916885376,1.186155080795288,44.07551193237305
Bentheimer,11,69.8287353515625,91.05716705322266,0.8192666460855017,32.094154357910156,1.3199963569641113,2.7182793617248535,43.0386848449707
Bentheimer,12,31.52506446838379,77.12879180908203,0.6947127067169631,29.69960594177246,0.9033174514770508,4.079549312591553,46.312950134277344
Bentheimer,13,18.681507110595703,64.14877319335938,0.7343830330501245,28.742456436157227,0.943363606929779,2.6523702144622803,46.63121032714844
Bentheimer,14,23.504642486572266,64.8757553100586,0.7239419208569465,26.925405502319336,0.821745753288269,4.459204196929932,46.415435791015625
Bentheimer,15,31.25204849243164,74.99769592285156,0.7004419882906454,28.903369903564453,1.0446852445602417,4.302889823913574,47.586585998535156
Bentheimer,16,6.646510124206543,43.87947082519531,0.915369778026974,25.990055084228516,0.6428866386413574,10.620794296264648,47.00278091430664
Bentheimer,17,2.2957451343536377,45.786163330078125,0.8997753103794949,27.925617218017578,0.9578336477279663,7.944491863250732,46.92264938354492
Bentheimer,18,3.5387790203094482,41.64760971069336,0.9245069930548796,28.60768699645996,0.5138327479362488,3.5353996753692627,46.22138977050781
Bentheimer,19,5.271882057189941,41.22519302368164,0.9282663512014339,27.090587615966797,0.8539727926254272,4.143107891082764,47.107086181640625
Bentheimer,20,12.024890899658203,37.2829704284668,0.8842796634008752,26.505752563476562,0.34706154465675354,3.2761292457580566,42.85060119628906
Bentheimer,21,11.600396156311035,37.07344436645508,0.86489852973791,26.570934295654297,0.6635514497756958,1.4898569583892822,43.32185363769531
Bentheimer,22,11.116850852966309,31.236927032470703,0.9070372838471233,25.937347412109375,0.39045479893684387,0.1949753761291504,43.29863357543945
Bentheimer,23,7.593293190002441,34.44096374511719,0.8802930426257446,26.218290328979492,0.6618275046348572,4.79545259475708,42.53705978393555
Bentheimer,24,23.65369987487793,33.897438049316406,0.9354493897318352,25.703927993774414,0.565829336643219,2.4712681770324707,42.810428619384766
Bentheimer,25,20.69585609436035,31.50292205810547,0.9415015889164714,25.581073760986328,0.356031596660614,4.053011417388916,42.892364501953125
Bentheimer,26,23.478960037231445,36.064449310302734,0.9216494317350333,24.06984519958496,0.5258881449699402,7.051949977874756,42.63869857788086
Bentheimer,27,28.812976837158203,40.223907470703125,0.9183660495696312,24.5250301361084,0.3749919831752777,6.3238911628723145,42.463104248046875
Bentheimer,28,26.488054275512695,27.952688217163086,0.9516208468916967,20.114612579345703,0.717848539352417,1.1095325946807861,35.766632080078125
Bentheimer,29,26.60854148864746,28.28662872314453,0.9447286120817092,19.467117309570312,0.8229451775550842,0.31633296608924866,36.14674758911133
Bentheimer,30,27.641193389892578,29.56404685974121,0.94076486979341,19.58073616027832,0.7142729759216309,0.5999582409858704,36.31494140625
Bentheimer,31,23.071468353271484,24.27061653137207,0.9428189623813266,19.8604679107666,0.8396909832954407,0.2790912687778473,36.29468536376953
Bentheimer,32,501.8282165527344,603.5247802734375,0.2230063632276239,35.717987060546875,5.172337055206299,1.7900043725967407,44.80851364135742
Bentheimer,33,502.8602294921875,598.8998413085938,0.21622610901030664,36.66468811035156,5.564174175262451,7.496086120605469,46.38739013671875
Bentheimer,34,481.6723937988281,563.2252807617188,0.23104434969724594,38.978973388671875,5.317307949066162,7.2126545906066895,46.35289001464844
Bentheimer,35,498.6455383300781,592.0648193359375,0.22287752162862942,37.16664505004883,5.210831165313721,2.884474992752075,45.23454284667969
Bentheimer,36,37.65935134887695,40.23691177368164,0.9409153220741449,30.87409019470215,0.8397653698921204,3.0558559894561768,41.351409912109375
Bentheimer,37,36.67133712768555,39.75749588012695,0.9427251026550277,30.057754516601562,0.6270304322242737,1.5815705060958862,40.39617156982422
Bentheimer,38,35.940650939941406,38.31829833984375,0.9395262358055897,29.749982833862305,0.85228031873703,1.9911296367645264,40.40227127075195
Bentheimer,39,35.51067352294922,36.884132385253906,0.9417217951589124,30.86564826965332,0.6345286965370178,3.2410998344421387,40.352821350097656
Bentheimer,40,33.47504425048828,38.740196228027344,0.9213244206009735,32.71070098876953,0.4486237168312073,8.35515022277832,37.42949295043945
Bentheimer,41,36.130889892578125,39.63306427001953,0.9366548167110123,33.73101806640625,0.507805585861206,11.187257766723633,39.34729766845703
Bentheimer,42,38.54813003540039,41.71658706665039,0.9402500438165537,33.06190490722656,0.5059767961502075,14.025592803955078,38.717166900634766
Bentheimer,43,36.724815368652344,40.227027893066406,0.935269358556642,32.794898986816406,0.5101938843727112,12.485548973083496,38.15513610839844
Bentheimer,44,20.461563110351562,31.489505767822266,0.9452358312874773,28.277610778808594,0.6653317809104919,10.271738052368164,43.07600402832031
Bentheimer,45,23.432462692260742,31.578750610351562,0.9499165137163746,27.809057235717773,0.6784842014312744,9.370599746704102,43.527732849121094
Bentheimer,46,26.621414184570312,33.584136962890625,0.9465059575225646,29.248905181884766,0.6037569046020508,14.946473121643066,43.93828582763672
Bentheimer,47,19.69739532470703,29.34329605102539,0.9563092501627913,28.174068450927734,0.6461783647537231,10.05040168762207,42.67203903198242
Bentheimer,48,10.683059692382812,46.01673126220703,0.6209144088281472,45.38367462158203,0.4920176863670349,4.24303674697876,52.195247650146484
Bentheimer,49,8.266679763793945,43.61227035522461,0.6180782283980079,44.00572967529297,0.40620920062065125,6.800716876983643,53.05143356323242
Bentheimer,50,7.942108154296875,39.95674133300781,0.6549111909465798,44.57835006713867,0.4760543406009674,7.013407230377197,51.35020065307617
Bentheimer,51,8.314119338989258,41.66666793823242,0.6235695177224051,45.45846176147461,0.41559624671936035,0.2528608739376068,50.58197784423828
Bentheimer,52,30.980905532836914,42.593753814697266,0.9079883912651013,25.23069953918457,0.8290627002716064,4.421687126159668,37.596736907958984
Bentheimer,53,25.710588455200195,39.619415283203125,0.9026055606079361,23.94657325744629,0.755312442779541,3.1740951538085938,36.77622985839844
Bentheimer,54,28.103572845458984,39.62808609008789,0.9120173551044679,23.632017135620117,0.8061985969543457,2.8510844707489014,36.39718246459961
Bentheimer,55,34.58454513549805,47.65317916870117,0.8809690713172105,24.287763595581055,0.8289558291435242,4.966378211975098,37.19903564453125
Bentheimer,56,7.656571865081787,34.99675750732422,0.8842982987235571,39.87934112548828,0.37774407863616943,8.230074882507324,46.115943908691406
Bentheimer,57,7.693136215209961,37.95051193237305,0.8482947305229477,38.68921661376953,0.5785805583000183,3.7715654373168945,47.25526809692383
Bentheimer,58,4.7806077003479,39.357398986816406,0.8646703773649457,38.243736267089844,0.3992965817451477,9.441493034362793,48.44654083251953
Bentheimer,59,9.13064193725586,35.77777099609375,0.8846576212300116,40.08767318725586,0.6103938221931458,12.30424976348877,47.73966598510742
Bentheimer,60,48.54562759399414,44.53878402709961,0.8849932977906744,32.81035614013672,0.9455776810646057,0.9097595810890198,38.796905517578125
Bentheimer,61,38.196434020996094,36.86408233642578,0.8849043439862072,33.975914001464844,0.9185553789138794,6.281918048858643,39.22395706176758
Bentheimer,62,37.25443649291992,36.65235137939453,0.8616480465882098,30.95218849182129,0.7920705080032349,5.767313003540039,39.54755783081055
Bentheimer,63,35.02335739135742,36.031436920166016,0.8787009168244987,30.335102081298828,0.9155610203742981,4.061569690704346,40.16357421875
Bentheimer,64,11.409719467163086,29.9068660736084,0.9215502131760607,24.19538116455078,0.5679097175598145,2.991962194442749,37.2382698059082
Bentheimer,65,17.38748550415039,28.952804565429688,0.9329588281566717,24.214111328125,0.5671926736831665,1.0154645442962646,37.75157165527344
Bentheimer,66,14.81646728515625,29.6977481842041,0.9305945931384424,24.389907836914062,0.5502924919128418,0.14733447134494781,37.23117446899414
Bentheimer,67,14.047615051269531,29.70819854736328,0.9336394772066927,24.1000919342041,0.5554760098457336,0.5833464860916138,36.97710418701172
Bentheimer,68,5.159547328948975,35.17238998413086,0.8748235928883251,29.76902961730957,0.5208621025085449,6.361742973327637,42.00284957885742
Bentheimer,69,9.784708023071289,36.40736389160156,0.8753937034187341,28.68220329284668,0.5628151297569275,2.883798360824585,41.8615608215332
Bentheimer,70,11.175005912780762,38.73518371582031,0.8621986315657997,27.89448356628418,0.5616422891616821,3.076591968536377,41.83485412597656
Bentheimer,71,9.55866527557373,40.37924575805664,0.8549487609036786,28.49848747253418,0.5324248671531677,3.8547117710113525,42.58872604370117
Bentheimer,72,62.57045364379883,87.66619110107422,0.7145096443881499,33.79169464111328,1.0090558528900146,2.330737352371216,39.97064208984375
Bentheimer,73,60.8078498840332,83.40928649902344,0.7370637065984541,34.505584716796875,0.9818128347396851,2.8424439430236816,40.525360107421875
Bentheimer,74,60.46180725097656,86.66053771972656,0.7208431934672922,33.78495407104492,1.005622386932373,0.11775558441877365,40.159942626953125
Bentheimer,75,63.05241012573242,88.43428039550781,0.7043339031031293,33.63949203491211,0.9351906776428223,0.5759676694869995,39.92973709106445
Bentheimer,76,20.54022216796875,38.666927337646484,0.8914166422435836,30.394744873046875,0.4595143795013428,9.95089054107666,42.96292495727539
Bentheimer,77,23.126461029052734,41.122802734375,0.8705393531725417,28.482383728027344,0.36451441049575806,0.19953761994838715,42.88654708862305
Bentheimer,78,27.427204132080078,42.304569244384766,0.8824579351231477,30.415098190307617,0.41372740268707275,0.19508840143680573,42.74991989135742
Bentheimer,79,23.597084045410156,40.98971176147461,0.8757184360391254,31.19211769104004,0.36611685156822205,5.503719329833984,42.29798126220703
Bentheimer,80,2.5390820503234863,51.46250534057617,0.7097104523256558,20.57114601135254,0.5186854004859924,8.201057434082031,37.56669616699219
Bentheimer,81,2.4582319259643555,44.124507904052734,0.7385883896974206,20.073148727416992,0.7807954549789429,7.615578651428223,37.656124114990234
Bentheimer,82,1.7693803310394287,43.855255126953125,0.7406701123259749,20.273094177246094,0.5046430826187134,7.363181114196777,37.810298919677734
Bentheimer,83,1.9333702325820923,49.808128356933594,0.7163946117939595,20.830848693847656,0.84553462266922,7.233104228973389,38.356693267822266
Bentheimer,84,166.0351104736328,211.74783325195312,0.5060633829260323,47.083560943603516,2.0280420780181885,10.41061782836914,50.07456970214844
Bentheimer,85,163.37551879882812,204.716796875,0.5095053863338848,41.53669738769531,2.1326003074645996,9.153085708618164,49.440101623535156
Bentheimer,86,185.21054077148438,229.0305633544922,0.47401221150866163,42.40327835083008,2.3107657432556152,12.2923002243042,50.2887077331543
Bentheimer,87,197.59481811523438,247.84640502929688,0.46221918862229633,47.715213775634766,2.686382532119751,14.998913764953613,50.82912063598633
Bentheimer,88,32.838966369628906,40.5339469909668,0.9466013413374113,28.471237182617188,0.6065835356712341,4.6121063232421875,42.067134857177734
Bentheimer,89,34.9869384765625,44.770267486572266,0.943481537660047,28.647903442382812,0.4959605038166046,6.698066234588623,42.06634521484375
Bentheimer,90,39.11695861816406,49.56882858276367,0.9319569781946309,27.141782760620117,0.6776989102363586,3.6331679821014404,41.82154846191406
Bentheimer,91,32.49860763549805,41.83451461791992,0.9445632686346644,27.31793212890625,0.5221214294433594,4.171393871307373,41.60329055786133
Bentheimer,92,2.3860323429107666,21.271833419799805,0.9333698515084081,29.9942569732666,0.6475246548652649,2.7712392807006836,42.28616714477539
Bentheimer,93,0.01939251273870468,21.722328186035156,0.9442054860099429,31.405807495117188,0.6258132457733154,9.6074857711792,42.062442779541016
Bentheimer,94,4.857873439788818,23.81456756591797,0.9405892122802183,31.788339614868164,0.6045171022415161,11.88015365600586,41.84595489501953
Bentheimer,95,4.513703346252441,23.538328170776367,0.9380225854446583,30.069984436035156,0.5816731452941895,6.665713787078857,42.788795471191406
Bentheimer,96,34.22255325317383,41.35300827026367,0.9351734165911559,33.03337097167969,0.5161885619163513,1.1158424615859985,42.81980514526367
Bentheimer,97,34.05115509033203,42.9254035949707,0.9304065564978506,33.88124084472656,0.5384781360626221,2.324291944503784,43.67107009887695
Bentheimer,98,31.17279052734375,38.74764633178711,0.9402066079295662,32.69520950317383,0.5557442903518677,3.0109143257141113,43.19252395629883
Bentheimer,99,27.201248168945312,35.16423034667969,0.9518705279230645,31.679677963256836,0.5990053415298462,2.8298938274383545,42.023170471191406
Bentheimer,100,16.1015682220459,29.416278839111328,0.9311949291816191,26.417024612426758,0.5364665389060974,8.65224838256836,41.374671936035156
Bentheimer,101,13.682016372680664,26.16145133972168,0.9487076872191341,27.16436767578125,0.6830365657806396,7.597565174102783,42.6263313293457
Bentheimer,102,12.453377723693848,24.249187469482422,0.9560653244553712,26.701805114746094,0.5661337375640869,2.0625076293945312,42.27232360839844
Bentheimer,103,17.336091995239258,29.252334594726562,0.9355241800277699,26.060182571411133,0.6771703362464905,6.020772933959961,42.093013763427734
Bentheimer,104,2.498574733734131,35.63029098510742,0.8774603792558152,29.354717254638672,0.9307776689529419,5.509566783905029,42.10342788696289
Bentheimer,105,10.748321533203125,32.415042877197266,0.9044378078045274,31.616376876831055,1.0393292903900146,4.560253143310547,42.21334457397461
Bentheimer,106,10.38453483581543,30.100738525390625,0.9009979839908333,30.54559326171875,0.8613616824150085,4.3014235496521,42.67801284790039
Bentheimer,107,13.287147521972656,29.843162536621094,0.9203169682482247,29.206790924072266,1.0013333559036255,2.8148391246795654,43.2972526550293
Bentheimer,108,12.53561782836914,34.99345397949219,0.9325420534656884,34.14971923828125,0.8944575190544128,0.8606230020523071,45.62077331542969
Bentheimer,109,10.333638191223145,34.113834381103516,0.9366842639291615,34.21989059448242,0.8344089388847351,0.8611721396446228,44.896671295166016
Bentheimer,110,9.023836135864258,30.24513053894043,0.9550477999710097,33.800472259521484,0.9581013917922974,0.9165965914726257,44.669620513916016
Bentheimer,111,16.40629005432129,36.801788330078125,0.9307576220667544,32.71399688720703,0.7873649001121521,2.9889512062072754,44.317195892333984
Bentheimer,112,65.21751403808594,78.57584381103516,0.8265709048658706,30.105968475341797,1.4324990510940552,8.317538261413574,41.56077194213867
Bentheimer,113,72.93376922607422,83.37835693359375,0.81309732174857,28.635995864868164,1.5792754888534546,7.616720676422119,42.588443756103516
Bentheimer,114,84.88959503173828,93.23535919189453,0.7826273306754669,29.712848663330078,1.6204618215560913,9.539386749267578,44.67823028564453
Bentheimer,115,58.36764144897461,67.40679168701172,0.8736571168306303,29.61432647705078,1.4282758235931396,7.39169979095459,41.980098724365234
Bentheimer,116,4.714524745941162,32.039737701416016,0.8916955416439641,28.882854461669922,0.32490405440330505,12.534139633178711,41.89496612548828
Bentheimer,117,5.214919090270996,31.198266983032227,0.9052850154115207,29.66885757446289,0.5530227422714233,16.598983764648438,43.20783233642578
Bentheimer,118,7.365716457366943,33.83983612060547,0.897414096760609,29.099105834960938,0.395128458738327,20.835851669311523,42.169071197509766
Bentheimer,119,3.674863815307617,36.89066696166992,0.8764493684359381,29.154325485229492,0.5302867293357849,21.808774948120117,42.16993713378906
Bentheimer,120,38.98076248168945,41.988101959228516,0.942833304100404,25.90753746032715,0.7225872874259949,2.23030686378479,45.96858596801758
Bentheimer,121,30.66132164001465,32.664581298828125,0.9592212292873279,25.82145881652832,0.9213576912879944,0.3773641586303711,46.25711441040039
Bentheimer,122,35.06179428100586,37.18159484863281,0.972985552596671,25.640485763549805,0.7748055458068848,2.247584581375122,44.1674919128418
Bentheimer,123,37.5521354675293,41.49289321899414,0.9346103526063836,26.629150390625,0.8532959222793579,2.6312038898468018,46.62192916870117
Bentheimer,124,30.007478713989258,34.06467819213867,0.9057248376560086,28.027938842773438,0.6744067072868347,1.7055227756500244,41.9417839050293
Bentheimer,125,26.27760887145996,31.434385299682617,0.9208962555311598,28.222597122192383,0.7194088101387024,2.8094608783721924,42.94925308227539
Bentheimer,126,27.500286102294922,32.303096771240234,0.9086023988546555,29.1673583984375,0.6936758160591125,2.928481101989746,42.19144058227539
Bentheimer,127,28.236528396606445,33.09783935546875,0.8973487213172597,28.229021072387695,0.6990752220153809,2.9312264919281006,41.7933464050293
Bentheimer,128,249.85650634765625,327.1210021972656,0.4484333652571636,31.723278045654297,3.0327110290527344,7.207158088684082,42.20663833618164
Bentheimer,129,255.03160095214844,339.01849365234375,0.4447691690882322,32.03092956542969,3.039029598236084,9.213672637939453,42.95804977416992
Bentheimer,130,252.45947265625,332.5770568847656,0.4517069538845603,30.629852294921875,3.14374041557312,9.20677375793457,42.74893569946289
Bentheimer,131,243.38848876953125,325.9156494140625,0.4356858428496175,31.69817543029785,2.7576181888580322,6.110547065734863,42.72722625732422
Bentheimer,132,19.725082397460938,27.735002517700195,0.9566478463826181,30.114534378051758,0.7730968594551086,1.095995545387268,43.58747482299805
Bentheimer,133,19.638450622558594,26.96814727783203,0.958679559762631,30.58940887451172,0.5707300901412964,4.676568031311035,43.247772216796875
Bentheimer,134,18.088090896606445,25.521875381469727,0.9659749095872812,30.27996063232422,0.7541353702545166,3.6697754859924316,42.23302459716797
Bentheimer,135,20.06088638305664,28.05290985107422,0.9651104456337068,30.077037811279297,0.5656443238258362,1.1274638175964355,43.0169563293457
Bentheimer,136,24.576427459716797,27.488121032714844,0.9698943307755868,23.796770095825195,0.5057043433189392,1.2804102897644043,37.492820739746094
Bentheimer,137,25.43528175354004,28.95328712463379,0.9693607620847664,23.038545608520508,0.5029986500740051,0.7883656024932861,37.59327697753906
Bentheimer,138,23.003870010375977,27.50891876220703,0.9666279349896706,22.967866897583008,0.5228886008262634,3.0868279933929443,37.28153991699219
Bentheimer,139,24.481355667114258,27.76060676574707,0.9684444195033126,24.37120246887207,0.4939923882484436,2.3496322631835938,37.668846130371094
Bentheimer,140,22.556501388549805,29.531890869140625,0.8877260868130676,33.14460372924805,0.8804253935813904,8.164546966552734,45.705322265625
Bentheimer,141,26.75294303894043,28.572460174560547,0.9264444040746765,35.276451110839844,0.5999627709388733,5.86732292175293,45.87351989746094
Bentheimer,142,24.22405242919922,27.878042221069336,0.9134578618424146,34.82820129394531,0.9209070205688477,5.3458967208862305,46.255332946777344
Bentheimer,143,24.34380531311035,35.25735092163086,0.8724388917856333,33.30074691772461,0.5358680486679077,7.0227556228637695,46.54045867919922
Bentheimer,144,1.493219256401062,21.278282165527344,0.963501839015401,27.91459846496582,0.8101827502250671,4.192902565002441,38.904197692871094
Bentheimer,145,1.5308150053024292,20.787925720214844,0.9668418000427295,29.406789779663086,0.7454031109809875,3.5058507919311523,39.2564582824707
Bentheimer,146,6.08200740814209,22.89347267150879,0.961258150994231,30.544082641601562,0.8617005348205566,4.3274359703063965,38.69724655151367
Bentheimer,147,3.000448703765869,20.547006607055664,0.9646254058836407,28.57674789428711,0.736323893070221,4.005107402801514,37.95375442504883
Bentheimer,148,17.08152961730957,27.12302589416504,0.936378470663064,27.1641788482666,1.2126859426498413,1.3793057203292847,39.893619537353516
Bentheimer,149,17.74089241027832,29.89981460571289,0.9238495380723285,29.40936851501465,0.6092613339424133,1.5005534887313843,40.0224494934082
Bentheimer,150,10.456452369689941,31.417987823486328,0.9042207266706926,29.9127140045166,1.285873293876648,0.996873676776886,40.334224700927734
Bentheimer,151,15.868342399597168,27.565567016601562,0.9309107492213266,28.229856491088867,0.6419139504432678,1.459745168685913,40.62030792236328
Bentheimer,152,0.052752260118722916,19.346385955810547,0.9596841406075698,18.873624801635742,0.5783114433288574,0.25398439168930054,32.72966003417969
Bentheimer,153,1.927474021911621,17.770776748657227,0.9614786665628264,18.96888542175293,0.6333519220352173,1.3343360424041748,32.5279541015625
Bentheimer,154,4.212395668029785,19.789623260498047,0.9637895249952371,19.661293029785156,0.6203674674034119,1.3848391771316528,33.32960510253906
Bentheimer,155,5.3777313232421875,22.070070266723633,0.9578166545335105,19.26161766052246,0.7111168503761292,2.384744882583618,33.335968017578125
Bentheimer,156,15.26105785369873,32.12986755371094,0.9450263781597046,24.627887725830078,0.8412987589836121,2.1995842456817627,43.83197784423828
Bentheimer,157,8.02779483795166,29.025453567504883,0.9484850650289598,24.70158576965332,0.8319084644317627,4.04469108581543,44.070247650146484
Bentheimer,158,11.44725227355957,29.49388885498047,0.9502333159363489,23.983070373535156,0.788686215877533,0.8751912713050842,44.040931701660156
Bentheimer,159,11.332256317138672,31.316328048706055,0.9437303721697409,24.293975830078125,0.9295440316200256,1.5466978549957275,44.205440521240234
Bentheimer,160,1.129914402961731,17.908050537109375,0.9769791613705109,25.252227783203125,0.615782618522644,3.7229244709014893,36.857975006103516
Bentheimer,161,4.547194957733154,16.43928337097168,0.9755843447228417,26.26251792907715,0.9059685468673706,6.716153621673584,37.29187774658203
Bentheimer,162,6.9429826736450195,17.432207107543945,0.9704925687683499,26.08920669555664,0.535097599029541,7.1571807861328125,37.37356185913086
Bentheimer,163,9.52764892578125,17.30242919921875,0.9761705996730133,24.565223693847656,0.8870298266410828,7.022900104522705,36.9184684753418
Bentheimer,164,17.55744743347168,27.130130767822266,0.9398764860691537,26.436534881591797,0.6542444229125977,0.7570481896400452,37.245845794677734
Bentheimer,165,16.445316314697266,24.714906692504883,0.9454893448861277,26.169099807739258,0.5500034689903259,0.31551703810691833,37.01679229736328
Bentheimer,166,17.632841110229492,25.216842651367188,0.9523608064331607,26.718273162841797,0.6693055033683777,0.5926535129547119,37.70476531982422
Bentheimer,167,17.292463302612305,26.78624153137207,0.937783113179448,26.962800979614258,0.55356365442276,1.4219900369644165,37.95438003540039
Bentheimer,168,3.418987274169922,39.939151763916016,0.8635947266813153,34.2050895690918,0.8096157312393188,5.952948570251465,43.654022216796875
Bentheimer,169,5.916572093963623,43.16595458984375,0.8296121900266933,35.32353591918945,0.6866593360900879,6.215115070343018,43.131919860839844
Bentheimer,170,3.3601951599121094,40.847511291503906,0.854918771009405,36.040653228759766,0.768044114112854,0.4084758162498474,43.25857925415039
Bentheimer,171,6.245907783508301,43.13770294189453,0.8458270869258879,35.11277770996094,0.7643592357635498,3.676370620727539,44.467350006103516
Bentheimer,172,18.269914627075195,26.746156692504883,0.9296771969775326,24.265552520751953,0.31298142671585083,8.306255340576172,36.79951095581055
Bentheimer,173,17.038854598999023,25.598432540893555,0.939108137347839,24.799968719482422,0.45757806301116943,9.28363037109375,37.68398666381836
Bentheimer,174,14.997530937194824,25.109397888183594,0.9316709074014231,24.623836517333984,0.37200042605400085,4.684551239013672,38.2503776550293
Bentheimer,175,12.580032348632812,25.46074676513672,0.9275214703932041,24.039335250854492,0.47433680295944214,1.237889051437378,36.458988189697266
Bentheimer,176,12.560885429382324,23.76109504699707,0.9344922043811925,26.271656036376953,0.6015204787254333,2.0098209381103516,38.98807907104492
Bentheimer,177,17.430160522460938,24.118656158447266,0.9459057663498487,27.398174285888672,1.0451866388320923,0.7875521183013916,39.51935958862305
Bentheimer,178,18.305753707885742,26.167524337768555,0.9351664087225292,27.38442039489746,0.6387152075767517,3.29514479637146,39.23639678955078
Bentheimer,179,12.770051002502441,24.43498992919922,0.9359890062930522,27.065128326416016,0.948948323726654,5.195413589477539,40.30054473876953
Bentheimer,180,79.63387298583984,116.7424545288086,0.6502106624448928,30.00372314453125,1.4038878679275513,3.6633169651031494,40.94258117675781
Bentheimer,181,75.90131378173828,111.42481994628906,0.6621720226002622,29.815372467041016,0.9972823858261108,2.2213430404663086,41.351524353027344
Bentheimer,182,81.66592407226562,116.6076431274414,0.6549759762041456,29.688941955566406,1.4586272239685059,4.798275947570801,40.71407699584961
Bentheimer,183,87.6305160522461,126.86309814453125,0.6261937090358948,30.06647491455078,1.0938353538513184,6.879076957702637,40.238624572753906
Bentheimer,184,14.208054542541504,61.087364196777344,0.758043341900997,33.9001579284668,0.7645437717437744,8.683670997619629,49.458168029785156
Bentheimer,185,19.834518432617188,63.67888259887695,0.7619070219712001,33.707008361816406,0.6004108190536499,6.152225017547607,48.455318450927734
Bentheimer,186,15.889927864074707,55.275390625,0.7807363591867085,33.55910873413086,0.794012725353241,5.019524574279785,46.82529830932617
Bentheimer,187,16.168729782104492,56.243370056152344,0.7725823168815608,34.397159576416016,0.6069675087928772,2.6803064346313477,47.76219177246094
Bentheimer,188,0.2580952048301697,21.276609420776367,0.9505418123519975,25.86682891845703,0.5991880297660828,3.0155556201934814,37.79909133911133
Bentheimer,189,2.4980692863464355,23.454687118530273,0.9427778006832732,25.147682189941406,0.49317821860313416,6.572362422943115,36.442752838134766
Bentheimer,190,5.022596836090088,20.638214111328125,0.9574786633088963,24.379650115966797,0.5475261211395264,6.03101921081543,35.84275436401367
Bentheimer,191,4.234564304351807,20.868017196655273,0.9550666543640933,25.144176483154297,0.5597693920135498,2.7281734943389893,36.788875579833984
Bentheimer,192,7.076972484588623,34.961063385009766,0.9144103386723923,36.65999221801758,0.5988641977310181,25.37627601623535,47.98688888549805
Bentheimer,193,2.6671650409698486,33.11066818237305,0.9040602403111451,37.405029296875,0.5570946931838989,25.94526481628418,48.610801696777344
Bentheimer,194,0.8826139569282532,29.49656105041504,0.9242888822751414,36.74087142944336,0.6413537859916687,13.77920913696289,47.206520080566406
Bentheimer,195,5.160950660705566,30.534915924072266,0.9279258041072809,36.14452362060547,0.6357386708259583,14.195322036743164,47.11235809326172
Bentheimer,196,0.8028992414474487,17.38178062438965,0.9682331309126668,21.63566780090332,0.7873981595039368,1.7231405973434448,36.88767623901367
Bentheimer,197,3.2156965732574463,16.770843505859375,0.9733520651090299,21.769662857055664,0.6811119914054871,4.79710578918457,36.22669219970703
Bentheimer,198,3.098015069961548,18.9471492767334,0.9661371202331415,24.1420841217041,0.833792507648468,6.707348823547363,37.11741638183594
Bentheimer,199,0.8792982697486877,20.144798278808594,0.962591455785221,23.52003288269043,0.698151171207428,3.697782039642334,36.461181640625
Bentheimer,200,27.631046295166016,32.69818115234375,0.9100063486990438,24.153409957885742,0.5805765986442566,3.6097028255462646,37.67673110961914
Bentheimer,201,25.53132438659668,31.304462432861328,0.9033102270014275,24.68002700805664,0.8256049752235413,2.997523307800293,38.241641998291016
Bentheimer,202,24.541410446166992,30.728092193603516,0.9168527442698541,25.622610092163086,0.5584908723831177,2.209272623062134,38.533809661865234
Bentheimer,203,29.828285217285156,33.35936737060547,0.9261970558362865,25.826351165771484,0.7665823698043823,6.690814018249512,39.18955612182617
Bentheimer,204,222.66001892089844,309.38763427734375,0.32991325946823613,30.858407974243164,1.7872017621994019,22.73284912109375,44.07451629638672
Bentheimer,205,241.99424743652344,341.4567565917969,0.3279205686030946,29.8608455657959,2.466329574584961,4.5133562088012695,43.02499771118164
Bentheimer,206,230.9475860595703,313.9537658691406,0.36553568836665185,31.68895149230957,2.1870195865631104,8.159757614135742,43.890892028808594
Bentheimer,207,237.95567321777344,319.9507141113281,0.3451760625453146,31.9814395904541,2.0198378562927246,19.05649185180664,44.120269775390625
Bentheimer,208,23.06332015991211,34.66238021850586,0.9431040258493906,28.96412467956543,0.7355028390884399,6.844781398773193,43.78022003173828
Bentheimer,209,26.983762741088867,38.002601623535156,0.9385924008320656,30.2572021484375,0.7255553007125854,10.872314453125,44.531944274902344
Bentheimer,210,23.910995483398438,35.719181060791016,0.9465098355776064,31.308406829833984,0.7554836869239807,5.88814115524292,44.1287727355957
Bentheimer,211,20.322860717773438,32.29957962036133,0.9506526898532155,30.25834083557129,0.7749925255775452,3.5548808574676514,43.398170471191406
Bentheimer,212,17.851621627807617,23.908113479614258,0.9446535732768737,19.515901565551758,0.7116677165031433,0.3240891396999359,34.649539947509766
Bentheimer,213,16.077144622802734,22.9699764251709,0.948027984212404,19.651594161987305,0.2998371720314026,0.9750767946243286,33.55518341064453
Bentheimer,214,18.118864059448242,24.972370147705078,0.9379329441685865,19.28169822692871,0.7096368670463562,2.944039821624756,34.64358139038086
Bentheimer,215,19.7222957611084,25.43770980834961,0.9435649354235617,19.06562042236328,0.324579656124115,1.2425003051757812,34.39922332763672
Bentheimer,216,37.08179473876953,45.48122024536133,0.9215626095363133,27.203304290771484,0.6204261183738708,8.82837963104248,39.45278549194336
Bentheimer,217,37.982147216796875,45.48520278930664,0.9324909887430278,27.812335968017578,0.6016684174537659,9.689793586730957,39.80632781982422
Bentheimer,218,40.08010482788086,47.9686279296875,0.9255943327839455,28.14491844177246,0.620229184627533,13.853689193725586,40.00742721557617
Bentheimer,219,39.97169494628906,48.44380569458008,0.9237721848053135,28.506071090698242,0.6154571175575256,15.723785400390625,40.375240325927734
Bentheimer,220,39.42469024658203,48.70420837402344,0.9299235098108093,32.93059158325195,0.5223671197891235,1.4698289632797241,45.708229064941406
Bentheimer,221,38.60467529296875,48.685302734375,0.9284641639687338,32.67592239379883,0.7238313555717468,2.62069034576416,44.66192626953125
Bentheimer,222,39.103267669677734,49.240570068359375,0.9150230408328955,32.54216003417969,0.5129080414772034,1.9487128257751465,45.37330627441406
Bentheimer,223,41.73692321777344,50.75270080566406,0.9204633045035645,32.635009765625,0.7234196662902832,3.170630693435669,46.655704498291016
Bentheimer,224,2.0371155738830566,48.9412956237793,0.787356490978457,28.594833374023438,0.33881285786628723,0.9359545707702637,40.14990234375
Bentheimer,225,8.915196418762207,54.60569763183594,0.7723200066512859,28.666542053222656,0.6459017395973206,1.6441458463668823,39.97676086425781
Bentheimer,226,7.524456977844238,49.86089324951172,0.7806467787326241,27.40839195251465,0.4194999039173126,4.544948101043701,40.908287048339844
Bentheimer,227,10.212281227111816,49.060264587402344,0.7838894704039663,26.69291114807129,0.6175799369812012,1.3925334215164185,39.84391403198242
Bentheimer,228,7.231682300567627,23.840723037719727,0.9494576206015518,20.143390655517578,0.8848857283592224,1.1390761137008667,34.1379508972168
Bentheimer,229,4.538186550140381,20.640413284301758,0.9542432401349346,19.345869064331055,0.6115027666091919,1.4881528615951538,33.63661193847656
Bentheimer,230,6.5231404304504395,20.348554611206055,0.9641202839477078,20.064598083496094,0.8869771361351013,2.5479423999786377,34.31520080566406
Bentheimer,231,8.205926895141602,23.840938568115234,0.9598998445612937,21.051620483398438,0.6302086114883423,1.905724048614502,34.9337158203125
Bentheimer,232,29.04522132873535,30.032516479492188,0.9524105233941255,34.96759796142578,0.929739773273468,9.659955978393555,50.64665222167969
Bentheimer,233,18.923473358154297,35.26178741455078,0.9372831593941408,34.63948059082031,0.6835716366767883,13.4093599319458,50.9478645324707
Bentheimer,234,25.540929794311523,34.200984954833984,0.9492327092861461,35.79538345336914,1.02603018283844,7.773972511291504,50.39499282836914
Bentheimer,235,32.59422302246094,32.20938491821289,0.9471632259702581,35.18830871582031,0.825986921787262,5.923113822937012,50.02996826171875
Bentheimer,236,17.411312103271484,25.845069885253906,0.952361446653019,25.270978927612305,0.7489767670631409,0.5405709147453308,36.743408203125
Bentheimer,237,18.527971267700195,25.687206268310547,0.9464412267172648,25.40915298461914,0.6957203149795532,3.0498592853546143,37.20321273803711
Bentheimer,238,19.081268310546875,26.521324157714844,0.9383567376718017,24.170137405395508,0.7376611232757568,5.601743221282959,37.63029861450195
Bentheimer,239,18.934049606323242,27.070510864257812,0.940564122253115,25.00618553161621,0.6620396971702576,4.799612998962402,37.7280387878418
Bentheimer,240,33.324005126953125,56.669677734375,0.7120265366145567,35.00568771362305,0.6935689449310303,10.337334632873535,44.44109344482422
Bentheimer,241,33.42533874511719,58.83544158935547,0.6832795038638817,35.437252044677734,0.5610204935073853,9.178337097167969,44.37218475341797
Bentheimer,242,31.823583602905273,53.46484375,0.709009171807282,35.70562744140625,0.6911813020706177,5.341147422790527,44.30257034301758
Bentheimer,243,30.690534591674805,52.890281677246094,0.7309653623165767,35.663143157958984,0.5447137951850891,7.425965309143066,44.056121826171875
Bentheimer,244,7.340970993041992,26.70067024230957,0.9466338507754649,30.69135284423828,0.6821932792663574,5.055765628814697,43.807586669921875
Bentheimer,245,3.3050031661987305,27.255565643310547,0.9439409291676429,30.028549194335938,0.5693047642707825,3.379303455352783,44.37785720825195
Bentheimer,246,0.7658572196960449,27.409212112426758,0.9425298733620668,30.133743286132812,0.6470825672149658,3.5399415493011475,44.52653503417969
Bentheimer,247,5.902857303619385,26.267663955688477,0.9443297594620016,30.219253540039062,0.5275814533233643,4.143715858459473,43.95933151245117
Bentheimer,248,9.552886009216309,27.360618591308594,0.9495515981030634,25.585424423217773,0.6787954568862915,0.7691060900688171,39.170257568359375
Bentheimer,249,6.913114070892334,29.716520309448242,0.9413983961705317,26.101917266845703,0.6876939535140991,2.5485286712646484,39.118919372558594
Bentheimer,250,2.5085480213165283,27.840505599975586,0.9464585700969085,25.562185287475586,0.6833751201629639,0.7752986550331116,40.125118255615234
Bentheimer,251,5.883095741271973,25.232067108154297,0.9527989572850146,24.96513557434082,0.6998902559280396,0.9185359477996826,39.396209716796875
Bentheimer,252,46.025596618652344,47.21986770629883,0.8963547388360447,27.79334259033203,0.7280835509300232,2.1698713302612305,39.73453140258789
Bentheimer,253,36.143741607666016,41.31575393676758,0.9198280111336921,27.23130226135254,1.0504804849624634,0.5333805084228516,38.66853713989258
Bentheimer,254,40.211246490478516,44.96541976928711,0.9098658654947783,28.114002227783203,0.7244599461555481,1.3949429988861084,39.140525817871094
Bentheimer,255,50.27674102783203,50.2032356262207,0.9002810337700938,29.36641502380371,1.1313599348068237,1.650863528251648,40.33710479736328
Bentheimer,256,34.65290832519531,38.853275299072266,0.9430100573139756,26.86835289001465,0.588325023651123,7.8283586502075195,40.50686264038086
Bentheimer,257,32.61805725097656,37.82418441772461,0.9303064816788665,26.043128967285156,0.48642203211784363,3.8466522693634033,40.38428497314453
Bentheimer,258,33.337806701660156,39.3259162902832,0.9334387346545342,24.871564865112305,0.5322898030281067,2.812169313430786,39.724632263183594
Bentheimer,259,32.71854782104492,38.276885986328125,0.9342312197803305,25.421890258789062,0.5011288523674011,3.542978525161743,40.319332122802734
Bentheimer,260,6.074375629425049,25.00516128540039,0.9283169959052413,30.01497459411621,0.7104750871658325,0.40303462743759155,39.739925384521484
Bentheimer,261,6.57059383392334,25.694984436035156,0.9292485925383667,31.355823516845703,0.4709326922893524,0.4256870746612549,40.50487518310547
Bentheimer,262,12.577801704406738,26.492277145385742,0.9291035955474849,30.28908920288086,0.6312893629074097,1.5365875959396362,39.75017166137695
Bentheimer,263,8.116219520568848,24.12777328491211,0.924906279323186,28.368682861328125,0.42282816767692566,0.9412791728973389,39.463191986083984
Bentheimer,264,26.034748077392578,30.828842163085938,0.9441713542863215,26.256025314331055,0.6979581117630005,0.7229885458946228,36.91664505004883
Bentheimer,265,23.136911392211914,27.122190475463867,0.9539653923169769,25.31182098388672,0.6360666751861572,1.8245346546173096,36.97196578979492
Bentheimer,266,28.99062728881836,32.19630813598633,0.9558514325942312,24.85972023010254,0.6642457842826843,2.5936145782470703,37.0078239440918
Bentheimer,267,28.27723503112793,31.698833465576172,0.9539469656842531,25.453765869140625,0.5960264801979065,2.215904474258423,36.87164306640625
Bentheimer,268,18.561437606811523,31.753215789794922,0.8190119813170873,22.624589920043945,0.6431771516799927,2.492234230041504,41.500125885009766
Bentheimer,269,12.899532318115234,29.832244873046875,0.8660860018351063,22.74985694885254,0.6044125556945801,2.9542744159698486,41.22620391845703
Bentheimer,270,13.101090431213379,30.35700225830078,0.8477107952935171,21.38892936706543,0.6739707589149475,2.400146722793579,40.64375686645508
Bentheimer,271,13.213964462280273,31.9705753326416,0.8302518443327711,21.918476104736328,0.6028967499732971,3.390242576599121,41.4932861328125
Bentheimer,272,134.2947540283203,168.6209259033203,0.5998621461825286,43.31389236450195,2.1419241428375244,10.404999732971191,44.78653335571289
Bentheimer,273,139.9125518798828,177.66946411132812,0.5790279856289459,40.94419860839844,2.056795597076416,9.966897964477539,45.49998474121094
Bentheimer,274,133.03009033203125,171.6770477294922,0.6058747551922044,41.707420349121094,2.016420841217041,7.175570011138916,45.323089599609375
Bentheimer,275,147.31312561035156,184.4839630126953,0.6084422796757991,42.8094482421875,2.193002223968506,11.449156761169434,45.12486267089844
Bentheimer,276,17.496158599853516,39.78871536254883,0.831409228279772,29.906251907348633,0.3710576593875885,10.565884590148926,40.97251892089844
Bentheimer,277,15.344827651977539,39.61280822753906,0.827973229083909,28.923059463500977,0.40442168712615967,1.9143832921981812,41.668739318847656
Bentheimer,278,18.518566131591797,38.09363555908203,0.8647940360632101,26.998615264892578,0.36402633786201477,5.907464027404785,41.01184844970703
Bentheimer,279,16.239961624145508,39.41011047363281,0.8400655023232371,28.124780654907227,0.33716249465942383,8.940184593200684,41.6044807434082
Bentheimer,280,20.082368850708008,32.9720344543457,0.9125065303991151,33.632328033447266,0.638375461101532,7.592864990234375,42.297088623046875
Bentheimer,281,11.472013473510742,29.562786102294922,0.9107875818134193,34.217830657958984,0.7113387584686279,1.2941845655441284,42.604347229003906
Bentheimer,282,12.45998477935791,28.509841918945312,0.9240332998260773,34.85643768310547,0.6291526556015015,5.225369930267334,43.51824951171875
Bentheimer,283,21.592557907104492,33.26887130737305,0.9215517968172199,33.97306823730469,0.7047495245933533,12.454085350036621,43.9307861328125
Bentheimer,284,1.5342892408370972,34.73503875732422,0.9006928268407859,34.91886520385742,0.6744177937507629,2.7160985469818115,48.782737731933594
Bentheimer,285,7.579082012176514,29.154071807861328,0.9195949089058053,38.133880615234375,0.614316999912262,4.543593883514404,49.611724853515625
Bentheimer,286,6.65201997756958,29.6025447845459,0.9245612827709778,38.31028747558594,0.5488788485527039,8.359394073486328,48.772796630859375
Bentheimer,287,1.2579500675201416,29.77151870727539,0.9188674993506986,35.7331428527832,0.6609264016151428,7.833779811859131,47.66933059692383
Bentheimer,288,22.39444923400879,28.750953674316406,0.9423568916688723,23.53060531616211,0.5630505681037903,2.1045188903808594,36.91471862792969
Bentheimer,289,20.63058853149414,30.762479782104492,0.9151477617936027,24.60917091369629,0.35602229833602905,1.3229154348373413,36.988712310791016
Bentheimer,290,19.047170639038086,27.823413848876953,0.934069783113714,22.932220458984375,0.5933036208152771,2.084652900695801,37.27349090576172
Bentheimer,291,19.435787200927734,25.594911575317383,0.9542343449658625,22.185428619384766,0.3225065767765045,1.651189923286438,36.75265884399414
Bentheimer,292,15.67160415649414,52.32139587402344,0.8359684441440668,32.99627685546875,0.883243978023529,9.542964935302734,37.47274398803711
Bentheimer,293,8.189520835876465,55.46193313598633,0.7838074219414614,33.06907653808594,0.6789147257804871,8.560468673706055,37.03378677368164
Bentheimer,294,11.167132377624512,54.23223114013672,0.8099737385032139,33.43413162231445,0.804599940776825,8.589106559753418,37.51287841796875
Bentheimer,295,14.930011749267578,53.37114715576172,0.8482727646126341,33.55610275268555,0.7339654564857483,8.575775146484375,38.73833084106445
Bentheimer,296,27.06109619140625,30.379779815673828,0.9382029698420457,23.332698822021484,0.662299633026123,0.3635595142841339,36.88224792480469
Bentheimer,297,28.35898208618164,32.53227996826172,0.9454036172165383,23.206518173217773,0.7599635124206543,1.1124038696289062,36.475582122802734
Bentheimer,298,29.370800018310547,34.62482833862305,0.9116428793330686,22.567611694335938,0.6598304510116577,1.5216584205627441,37.2057991027832
Bentheimer,299,33.21396255493164,37.58080291748047,0.9318863101654509,22.729829788208008,0.7417340874671936,2.770568609237671,37.18826675415039
Bentheimer,300,42.00477600097656,58.19458770751953,0.804645245285425,28.05362892150879,0.525383472442627,0.24396106600761414,39.536964416503906
Bentheimer,301,46.20242691040039,63.946922302246094,0.8091250871249283,28.658742904663086,1.0201599597930908,2.291088819503784,38.98410415649414
Bentheimer,302,47.024837493896484,63.95661544799805,0.8091620828747516,28.509140014648438,0.6132459044456482,3.181936264038086,39.74095916748047
Bentheimer,303,39.12079620361328,55.37059020996094,0.8183927970483034,28.301654815673828,0.9493862390518188,0.5350238084793091,39.59254455566406
Bentheimer,304,21.455078125,23.435670852661133,0.9636767246749397,24.986528396606445,0.6576818227767944,0.3087258040904999,35.23871994018555
Bentheimer,305,24.322383880615234,26.104076385498047,0.9556356634939267,25.129297256469727,0.4339029788970947,0.4087025821208954,35.92060852050781
Bentheimer,306,25.93929672241211,29.138139724731445,0.9358078135403056,25.529193878173828,0.6482222080230713,1.4087860584259033,36.491249084472656
Bentheimer,307,23.457801818847656,26.34906005859375,0.9463694735508387,25.294330596923828,0.43433883786201477,1.505831003189087,35.73210906982422
Bentheimer,308,17.301246643066406,30.882753372192383,0.9174647769414881,34.175872802734375,0.4949623942375183,12.450075149536133,47.04477310180664
Bentheimer,309,27.88136100769043,38.251373291015625,0.9023399905081777,34.9451789855957,0.5586482286453247,9.375631332397461,45.98600769042969
Bentheimer,310,26.179285049438477,34.53132247924805,0.9079444089235598,34.23685073852539,0.5199757814407349,13.516721725463867,45.42206573486328
Bentheimer,311,24.345748901367188,33.9431266784668,0.9083060740872987,33.67958450317383,0.47140753269195557,9.763535499572754,46.06154251098633
Bentheimer,312,8.447025299072266,34.2886848449707,0.9043633715845328,25.217845916748047,0.2992669939994812,4.84449577331543,35.27826690673828
Bentheimer,313,13.635154724121094,38.82286071777344,0.8885100582921097,25.838369369506836,0.5828210711479187,4.702392578125,35.266143798828125
Bentheimer,314,11.142549514770508,35.53064727783203,0.8958225124599624,27.12664794921875,0.3026760518550873,3.579770088195801,35.83675765991211
Bentheimer,315,9.995916366577148,32.80821228027344,0.9155873040466816,27.388635635375977,0.5547561049461365,0.46634387969970703,35.637535095214844
Bentheimer,316,3.182760238647461,47.444332122802734,0.7915769596271925,30.18844223022461,0.8262011408805847,1.682775616645813,42.145599365234375
Bentheimer,317,2.3633744716644287,52.163387298583984,0.7415209844039555,31.024307250976562,0.6238255500793457,1.1939048767089844,42.52585220336914
Bentheimer,318,0.9032577872276306,52.304439544677734,0.7545212496037245,30.508676528930664,0.8366218209266663,3.7725770473480225,42.20332717895508
Bentheimer,319,3.6717262268066406,54.26645278930664,0.7506889418046979,30.092512130737305,0.7015784382820129,3.4433650970458984,43.022377014160156
Bentheimer,320,15.734572410583496,27.995529174804688,0.926001582146194,21.761289596557617,0.41846317052841187,2.273456573486328,35.35743713378906
Bentheimer,321,12.45435619354248,24.24570083618164,0.9495959742435669,21.685684204101562,0.29679250717163086,3.292287588119507,35.87841796875
Bentheimer,322,12.225679397583008,24.56405258178711,0.9420093563663229,20.337135314941406,0.4456438422203064,0.9087872505187988,34.279930114746094
Bentheimer,323,12.31993293762207,24.25133514404297,0.9451463365019791,21.125194549560547,0.2534984052181244,2.434333086013794,33.97188949584961
Bentheimer,324,18.196714401245117,35.287742614746094,0.9322357327255563,29.249650955200195,0.5933979749679565,3.208806037902832,46.83725357055664
Bentheimer,325,17.281810760498047,37.43203353881836,0.9094186419345942,29.28775978088379,0.5411496758460999,3.4877681732177734,46.57007598876953
Bentheimer,326,9.676976203918457,38.62413024902344,0.8879853752477036,30.12401580810547,0.5456143617630005,9.840463638305664,47.18159866333008
Bentheimer,327,12.317008018493652,36.776519775390625,0.9071716659418138,29.4808349609375,0.5821811556816101,10.952777862548828,46.436038970947266
Bentheimer,328,32.52546691894531,61.009002685546875,0.7718515481905063,23.924060821533203,0.9273287653923035,4.011685848236084,36.994415283203125
Bentheimer,329,23.077043533325195,52.305389404296875,0.7944399879778227,24.334186553955078,0.4558557868003845,9.165127754211426,37.87730026245117
Bentheimer,330,31.3562068939209,62.487667083740234,0.7523827326698894,23.833494186401367,0.9298019409179688,2.7892160415649414,36.87760925292969
Bentheimer,331,37.81462097167969,67.32654571533203,0.7499106619492516,23.35788345336914,0.6622515320777893,0.01919732429087162,36.68778610229492
Bentheimer,332,0.5950016379356384,53.282379150390625,0.7326536927517662,27.71650505065918,0.5176710486412048,8.855629920959473,43.05085754394531
Bentheimer,333,0.3955339193344116,59.63547134399414,0.6998904802391909,27.237762451171875,0.8023651838302612,12.411888122558594,44.55779266357422
Bentheimer,334,2.0553107261657715,57.951175689697266,0.7078972925744855,26.081592559814453,0.5153486728668213,14.178166389465332,42.571781158447266
Bentheimer,335,0.6022754311561584,60.829833984375,0.6821950819852132,27.49181365966797,0.8000373840332031,9.298523902893066,42.981597900390625
Bentheimer,336,32.600643157958984,34.34174346923828,0.9511621405074574,22.063873291015625,0.4416569769382477,5.11444091796875,36.26284408569336
Bentheimer,337,30.426658630371094,33.15911865234375,0.9550238600529473,21.741254806518555,0.37790000438690186,3.619245767593384,36.29115676879883
Bentheimer,338,28.042997360229492,30.315906524658203,0.964864475714537,22.01714515686035,0.43592771887779236,2.5526745319366455,36.72351837158203
Bentheimer,339,32.502647399902344,35.88566207885742,0.9394313871470712,22.865680694580078,0.37712210416793823,5.731236934661865,36.42683792114258
Bentheimer,340,18.640592575073242,27.144163131713867,0.9491921726995383,23.68973159790039,0.6921115517616272,0.8556718826293945,36.62895202636719
Bentheimer,341,18.380874633789062,24.5584774017334,0.9548020143901482,23.44394874572754,0.6402429938316345,1.1366244554519653,36.45774459838867
Bentheimer,342,17.244970321655273,30.227489471435547,0.9309015062129226,23.359121322631836,0.7397234439849854,1.1216404438018799,36.85822677612305
Bentheimer,343,18.10282325744629,25.967992782592773,0.9541933622002134,23.183963775634766,0.6504343152046204,1.4594186544418335,36.11826705932617
Bentheimer,344,4.01833963394165,23.613515853881836,0.9168368256840057,21.69015884399414,0.4730384349822998,4.93398904800415,35.02945327758789
Bentheimer,345,5.518083095550537,25.466941833496094,0.9156817565496183,21.474794387817383,0.46687227487564087,3.233217239379883,34.83018493652344
Bentheimer,346,7.993912696838379,25.01913833618164,0.9099583486627636,21.287471771240234,0.4464262127876282,3.126688003540039,35.00259780883789
Bentheimer,347,5.943485736846924,24.078702926635742,0.9043977777150195,21.41710662841797,0.4568740129470825,4.453990459442139,34.20408630371094
Bentheimer,348,18.02228546142578,26.052297592163086,0.9236399382405526,23.720035552978516,0.4482925236225128,2.3769257068634033,35.80060958862305
Bentheimer,349,17.34840965270996,27.7709903717041,0.9111195670577231,23.889394760131836,0.38873395323753357,7.901754379272461,35.64460372924805
Bentheimer,350,21.198904037475586,29.922800064086914,0.905067386411462,24.962369918823242,0.4344535768032074,10.057518005371094,35.58268356323242
Bentheimer,351,19.373607635498047,27.133255004882812,0.9246714176424052,23.986906051635742,0.4182124137878418,0.2925218939781189,35.44951629638672
Bentheimer,352,17.681455612182617,34.99330520629883,0.871966225572263,34.988258361816406,0.5571085810661316,12.412161827087402,46.27028274536133
Bentheimer,353,15.529793739318848,34.27864456176758,0.8651152882841998,36.01215362548828,0.40991050004959106,11.430774688720703,46.73385238647461
Bentheimer,354,15.07317066192627,29.57459831237793,0.9035578885423761,35.32306671142578,0.6018761992454529,8.789661407470703,46.47422790527344
Bentheimer,355,18.47997283935547,33.379486083984375,0.8919555901750457,35.262062072753906,0.38604122400283813,11.114289283752441,46.35128402709961
Bentheimer,356,17.083433151245117,33.59256362915039,0.906476497771017,31.297962188720703,0.8629104495048523,7.301028728485107,38.71184158325195
Bentheimer,357,13.286849975585938,33.306392669677734,0.9083310910607119,32.41470718383789,0.7754716277122498,8.007607460021973,38.9946403503418
Bentheimer,358,19.02136993408203,34.71562576293945,0.9110417678142495,30.88729476928711,0.91355961561203,3.930976629257202,38.55662536621094
Bentheimer,359,20.03217315673828,32.74569320678711,0.9316364009104788,29.90711784362793,0.8201245069503784,5.295577049255371,38.698123931884766
Bentheimer,360,31.300874710083008,34.74262619018555,0.9202792996193377,23.075681686401367,0.5059971809387207,3.6790027618408203,35.801597595214844
Bentheimer,361,30.08774185180664,33.95478439331055,0.9331743594274285,22.88416862487793,0.5155068635940552,1.0773333311080933,36.25544738769531
Bentheimer,362,30.280824661254883,34.106178283691406,0.9160644987966737,22.102462768554688,0.46994030475616455,4.063127517700195,35.68404006958008
Bentheimer,363,29.05780029296875,32.63311767578125,0.9178458380674474,22.330141067504883,0.5298093557357788,4.120068073272705,36.43428421020508
Bentheimer,364,19.941482543945312,35.42306900024414,0.8380649510291975,28.912275314331055,0.3499067425727844,0.5100382566452026,39.48612594604492
Bentheimer,365,21.793210983276367,36.18283462524414,0.8301177882131702,28.24213218688965,0.7095490097999573,1.5018489360809326,39.38276672363281
Bentheimer,366,23.704574584960938,38.176055908203125,0.8182010350197549,27.676082611083984,0.3148735761642456,5.3539814949035645,40.085968017578125
Bentheimer,367,20.473772048950195,39.39020919799805,0.8145772156886576,28.033340454101562,0.7504355311393738,4.4305500984191895,40.10342025756836
Bentheimer,368,21.975175857543945,37.32436752319336,0.917321590021508,34.339839935302734,0.5659183263778687,12.025279998779297,44.233577728271484
Bentheimer,369,21.61915397644043,41.21108627319336,0.8785847040548189,34.389163970947266,0.41078731417655945,15.64653205871582,44.522239685058594
Bentheimer,370,25.728519439697266,44.85559844970703,0.8365638922419296,33.160003662109375,0.5105763077735901,20.03782844543457,43.77758026123047
Bentheimer,371,25.48212432861328,38.52850341796875,0.8880071936996159,33.3947868347168,0.46847447752952576,16.114559173583984,43.74951171875
Bentheimer,372,69.84373474121094,85.63047790527344,0.7759470047102206,26.276960372924805,1.0213581323623657,6.76871395111084,39.621089935302734
Bentheimer,373,65.7923583984375,81.36502838134766,0.7739416853280264,25.822011947631836,1.0692921876907349,4.602837562561035,40.35721206665039
Bentheimer,374,75.75885009765625,89.03961181640625,0.7739028511673354,26.46233558654785,1.0961971282958984,3.9559459686279297,40.10152053833008
Bentheimer,375,74.48075103759766,88.72257995605469,0.7785120169322954,27.00316619873047,1.0943992137908936,8.033370018005371,39.577449798583984
Bentheimer,376,16.848529815673828,41.14946746826172,0.7946067553991112,31.830921173095703,0.5588124990463257,6.584231376647949,39.90837478637695
Bentheimer,377,16.87958526611328,41.34986114501953,0.7863969391594408,31.315656661987305,0.5009859204292297,8.660602569580078,39.32955551147461
Bentheimer,378,16.350570678710938,41.052284240722656,0.7962371933708097,33.69845199584961,0.6001743078231812,9.166132926940918,39.250553131103516
Bentheimer,379,13.914770126342773,39.776031494140625,0.7984689012720527,34.58046340942383,0.5234540104866028,9.223299026489258,40.009830474853516
Bentheimer,380,3.27307391166687,19.019384384155273,0.9553877018701784,21.15485382080078,0.6728137731552124,0.959381639957428,33.24421691894531
Bentheimer,381,1.7630658149719238,18.62717628479004,0.9568850308002855,22.507490158081055,0.6453180313110352,2.221285104751587,34.0724983215332
Bentheimer,382,4.160910129547119,20.7735652923584,0.9441674498324435,22.585329055786133,0.6935399174690247,1.1553841829299927,33.07733917236328
Bentheimer,383,4.4741950035095215,20.811677932739258,0.9473312002566812,21.949092864990234,0.6776873469352722,0.2925453782081604,33.23297119140625
Bentheimer,384,27.288496017456055,38.460140228271484,0.9303895479121677,32.60081481933594,0.7296871542930603,7.1108293533325195,46.5826301574707
Bentheimer,385,24.5032958984375,37.6296501159668,0.9254672546967714,31.798749923706055,0.8136671185493469,3.116459608078003,47.022857666015625
Bentheimer,386,30.857036590576172,44.35264587402344,0.9100746304051347,33.867557525634766,0.6978138089179993,2.2997400760650635,47.29378890991211
Bentheimer,387,32.842529296875,40.16245651245117,0.9276343982532675,32.36459732055664,0.8152936100959778,3.9040510654449463,46.19804000854492
Bentheimer,388,24.592859268188477,34.43792724609375,0.9395327469046794,23.10556983947754,0.6372642517089844,5.597592353820801,38.51112747192383
Bentheimer,389,23.61672592163086,33.55944061279297,0.9355689432259936,23.368593215942383,0.6820285320281982,5.805208206176758,38.29194259643555
Bentheimer,390,16.590347290039062,34.00132369995117,0.9125763789188635,23.600318908691406,0.4930451810359955,6.181752681732178,37.921974182128906
Bentheimer,391,17.739530563354492,29.083410263061523,0.9390161047327807,22.81669807434082,0.6229817867279053,6.0487751960754395,38.00348663330078
Bentheimer,392,3.915893793106079,34.98081588745117,0.8990357797702617,26.57695198059082,0.6853342652320862,1.2374752759933472,41.682315826416016
Bentheimer,393,1.3008581399917603,30.66558074951172,0.9147129036919696,28.339128494262695,0.5874109268188477,0.04555314779281616,42.542903900146484
Bentheimer,394,1.9489336013793945,29.005008697509766,0.9208023732326864,28.73570442199707,0.6669970750808716,0.06493495404720306,43.203277587890625
Bentheimer,395,1.2803643941879272,31.097612380981445,0.9109922162531641,26.864227294921875,0.6421803832054138,1.0446761846542358,42.140159606933594
Bentheimer,396,26.5719051361084,27.666244506835938,0.9788563704921518,24.79227638244629,0.6603258848190308,0.1492980420589447,34.931610107421875
Bentheimer,397,31.752880096435547,32.913326263427734,0.9781781664663909,24.994524002075195,0.48342204093933105,1.8088946342468262,34.537322998046875
Bentheimer,398,32.124237060546875,34.32953643798828,0.9769937275010727,24.49654769897461,0.5716428160667419,2.043966770172119,33.88026428222656
Bentheimer,399,30.640914916992188,31.869367599487305,0.9709001530284248,24.095155715942383,0.4797458350658417,3.7526702880859375,34.31851577758789
Bentheimer,400,1.3828716278076172,29.741718292236328,0.9260035286567723,40.70374298095703,0.9226924180984497,1.5013306140899658,45.722511291503906
Bentheimer,401,6.7879719734191895,28.765155792236328,0.9464717275594742,41.05556869506836,0.8354784846305847,1.1405659914016724,46.47672653198242
Bentheimer,402,1.084084391593933,24.805789947509766,0.9553050519503703,41.32381820678711,0.9929919242858887,0.0794624388217926,46.053157806396484
Bentheimer,403,3.563746452331543,24.081933975219727,0.9483188184874897,38.777931213378906,0.9593623280525208,2.525921106338501,44.77816390991211
Bentheimer,404,4.3222174644470215,20.432518005371094,0.9567436336023243,19.847354888916016,0.631016731262207,5.422213554382324,36.3294792175293
Bentheimer,405,3.8150246143341064,17.868743896484375,0.963820877117942,20.71954345703125,0.5649285316467285,2.825868606567383,36.19940185546875
Bentheimer,406,5.946425437927246,16.904659271240234,0.9648567771719482,20.513988494873047,0.5681365132331848,3.9018969535827637,35.74052429199219
Bentheimer,407,7.673834800720215,20.263269424438477,0.9569263568994978,20.00014877319336,0.5651195645332336,8.237687110900879,36.545013427734375
Bentheimer,408,39.42310333251953,44.57710266113281,0.9144122718483781,28.169771194458008,0.4696020483970642,5.3000030517578125,41.92286682128906
Bentheimer,409,42.329498291015625,45.896995544433594,0.9153456031285498,28.47432518005371,0.4337015450000763,1.0592725276947021,42.816368103027344
Bentheimer,410,39.17123794555664,45.142555236816406,0.8987575025331004,29.05665397644043,0.45290061831474304,6.057421684265137,42.21559143066406
Bentheimer,411,37.84130096435547,43.12471389770508,0.9130809941268401,28.114734649658203,0.44866782426834106,9.109540939331055,41.856346130371094
Bentheimer,412,39.44376754760742,58.84649658203125,0.8749999235910022,29.373441696166992,0.6263923645019531,5.347946643829346,41.67649459838867
Bentheimer,413,42.436641693115234,59.46767044067383,0.8702742521078369,28.287994384765625,0.9120586514472961,5.198616981506348,40.241668701171875
Bentheimer,414,44.06409454345703,54.67719650268555,0.9106370968452772,28.556978225708008,0.6833266019821167,5.018746852874756,39.43202590942383
Bentheimer,415,41.9614372253418,57.10413360595703,0.8906656724173493,29.376510620117188,0.9134472608566284,5.378597259521484,40.78953170776367
Bentheimer,416,9.679187774658203,31.341407775878906,0.9224330493962806,28.227649688720703,0.7825513482093811,4.790457725524902,40.917789459228516
Bentheimer,417,9.705106735229492,28.61536979675293,0.9366857266541311,25.979537963867188,0.7568556666374207,6.150667190551758,40.738929748535156
Bentheimer,418,9.245827674865723,26.003026962280273,0.9479167808503081,25.82905387878418,0.8437919020652771,4.460726261138916,40.14149856567383
Bentheimer,419,4.84671688079834,31.072399139404297,0.9092169323600444,28.268266677856445,0.6659634113311768,1.024096965789795,40.94795608520508
Bentheimer,420,1.0812727212905884,35.51385498046875,0.8935265398644049,40.998390197753906,0.9426569938659668,1.1477030515670776,46.30070114135742
Bentheimer,421,5.335920333862305,32.62287902832031,0.9075643314778634,41.03388595581055,1.0712510347366333,0.6571964621543884,45.880062103271484
Bentheimer,422,6.657764434814453,37.84437942504883,0.8627044639168837,41.57808303833008,0.879479706287384,6.254653453826904,46.80617141723633
Bentheimer,423,6.775175094604492,38.204769134521484,0.8504297369749793,41.000850677490234,1.0691641569137573,3.31380558013916,45.80672073364258
Berea Buff,0,56.824501037597656,63.738861083984375,0.885093694752683,19.57023048400879,1.4633171558380127,2.0641767978668213,37.96642303466797
Berea Buff,1,55.34459686279297,60.975948333740234,0.8867018756892578,17.940744400024414,1.2094846963882446,3.74601674079895,38.287315368652344
Berea Buff,2,58.58427810668945,63.35896301269531,0.8937475640558578,18.16935157775879,1.515511393547058,5.158620834350586,39.626731872558594
Berea Buff,3,66.20430755615234,74.164794921875,0.8702977915334018,19.34410285949707,1.258047103881836,4.274875164031982,38.71345520019531
Berea Buff,4,9.607247352600098,31.121246337890625,0.9108954395188501,30.17377281188965,0.26749342679977417,2.024979591369629,40.73706817626953
Berea Buff,5,14.318212509155273,33.5318717956543,0.9120387268979983,28.85157012939453,0.6436610817909241,1.8470569849014282,40.9419059753418
Berea Buff,6,9.911558151245117,32.45707321166992,0.8977227393564522,28.86159324645996,0.272818386554718,0.8476677536964417,40.752349853515625
Berea Buff,7,12.985067367553711,37.18013381958008,0.8739630841259265,29.830825805664062,0.6267111897468567,2.5216424465179443,40.89971923828125
Berea Buff,8,13.633520126342773,20.333282470703125,0.9782625826618996,33.02162170410156,0.7623072862625122,4.462383270263672,41.14623260498047
Berea Buff,9,14.633322715759277,22.817419052124023,0.9706904739614127,32.15260696411133,0.3537549078464508,3.9981627464294434,41.370121002197266
Berea Buff,10,13.73875617980957,24.762937545776367,0.9604009159827792,32.316558837890625,0.7430112957954407,2.6466572284698486,41.3970832824707
Berea Buff,11,15.603442192077637,24.591859817504883,0.9668657136858239,33.53820037841797,0.36023229360580444,5.584921360015869,41.40483093261719
Berea Buff,12,8.636420249938965,21.43854522705078,0.9470982788335743,23.145307540893555,0.5293607711791992,1.0755624771118164,38.86433029174805
Berea Buff,13,11.339072227478027,24.3586483001709,0.9141962984616286,23.12356185913086,0.535491406917572,0.3273773789405823,38.43754577636719
Berea Buff,14,8.954146385192871,21.690650939941406,0.9352471439895481,23.55245018005371,0.5139579176902771,0.0929047018289566,38.209381103515625
Berea Buff,15,8.300668716430664,21.25543785095215,0.945356284648034,23.533145904541016,0.48728638887405396,1.932785987854004,38.070762634277344
Berea Buff,16,5.185329437255859,25.360458374023438,0.9046023657871899,30.202024459838867,0.47109100222587585,15.351774215698242,41.2482795715332
Berea Buff,17,6.098895072937012,26.336965560913086,0.900392069219681,31.025236129760742,0.38518404960632324,16.42493438720703,41.638092041015625
Berea Buff,18,2.506287097930908,25.15114402770996,0.909451327575608,29.747575759887695,0.4444237947463989,13.707931518554688,40.6868782043457
Berea Buff,19,2.735867738723755,24.27317237854004,0.9197556696950193,29.432323455810547,0.38637882471084595,13.54354476928711,40.3713264465332
Berea Buff,20,12.844736099243164,53.080718994140625,0.8176602228642066,34.00188064575195,0.5982459187507629,6.422727108001709,39.33205032348633
Berea Buff,21,11.909207344055176,49.91103744506836,0.8134680516556397,32.989158630371094,0.6749761700630188,1.2255067825317383,39.99448776245117
Berea Buff,22,17.363704681396484,53.44468688964844,0.8200487009582843,34.241973876953125,0.651029646396637,5.240314483642578,40.44118118286133
Berea Buff,23,9.865116119384766,51.897945404052734,0.817299538103282,35.62117385864258,0.7117550373077393,6.022026062011719,39.50477600097656
Berea Buff,24,1.899666428565979,24.03200912475586,0.9398110836257502,21.685684204101562,0.4569062292575836,1.935148000717163,39.44854736328125
Berea Buff,25,0.692826509475708,26.644025802612305,0.9322258740181618,22.07555389404297,0.5182846188545227,0.2424568086862564,39.90860366821289
Berea Buff,26,1.1840535402297974,24.186582565307617,0.9430414832749862,22.448755264282227,0.4200538098812103,2.1638498306274414,39.6701545715332
Berea Buff,27,2.4347331523895264,22.03835105895996,0.9456300399376166,21.856916427612305,0.4962123930454254,2.451627492904663,39.82768249511719
Berea Buff,28,17.5648136138916,54.74473190307617,0.7721109617256191,38.377220153808594,0.5158877968788147,2.565462350845337,40.184566497802734
Berea Buff,29,13.930143356323242,50.30335235595703,0.8138694355755868,36.73532485961914,0.7217388153076172,5.492947101593018,40.467811584472656
Berea Buff,30,14.537442207336426,55.839599609375,0.7683471503894798,37.21475601196289,0.4700094163417816,4.465660095214844,40.361080169677734
Berea Buff,31,15.124594688415527,57.610748291015625,0.7553872172560926,38.02179718017578,0.6708078980445862,3.489262342453003,40.48710632324219
Berea Buff,32,85.76268005371094,149.5508575439453,0.42270985145435824,39.515289306640625,1.444222092628479,5.633397102355957,45.334896087646484
Berea Buff,33,83.86752319335938,149.68003845214844,0.4363544800724682,38.40008544921875,1.2859102487564087,3.1237072944641113,45.053123474121094
Berea Buff,34,80.37617492675781,132.06930541992188,0.467053421511518,39.685203552246094,1.334503412246704,3.9302966594696045,45.49568557739258
Berea Buff,35,84.28099060058594,145.36549377441406,0.41347140672452226,40.446231842041016,1.3219811916351318,7.294885635375977,45.53921890258789
Berea Buff,36,4.284355640411377,48.447513580322266,0.7993372790265343,24.717187881469727,0.8500855565071106,3.9523110389709473,37.870849609375
Berea Buff,37,4.495982646942139,52.94233322143555,0.7765986966841921,23.089967727661133,0.8068124651908875,5.659807205200195,37.338478088378906
Berea Buff,38,8.211541175842285,49.725738525390625,0.7912584815437855,23.0089168548584,0.9068666696548462,6.09939432144165,36.7099494934082
Berea Buff,39,8.09052848815918,46.679019927978516,0.8169464597525543,24.518007278442383,0.7974307537078857,4.132931709289551,37.73126220703125
Berea Buff,40,25.19465446472168,38.12861251831055,0.9168000754939402,32.85686111450195,0.5127710700035095,15.346257209777832,43.05546951293945
Berea Buff,41,25.135461807250977,36.74521255493164,0.9200260620235903,32.001068115234375,0.6641669869422913,10.855809211730957,42.86667251586914
Berea Buff,42,24.665658950805664,39.68531799316406,0.9153083889812582,32.57991409301758,0.5381338000297546,13.304582595825195,43.97328186035156
Berea Buff,43,25.195886611938477,40.6004524230957,0.9098070820775915,34.225135803222656,0.650356650352478,18.848798751831055,43.77382278442383
Berea Buff,44,26.970050811767578,38.94504928588867,0.9371653222373504,35.68131637573242,0.9287945628166199,1.641495704650879,46.38515853881836
Berea Buff,45,24.450824737548828,37.883602142333984,0.926595074892387,37.62761688232422,0.6312902569770813,2.6859843730926514,47.37982940673828
Berea Buff,46,18.707733154296875,36.15357208251953,0.9154466304763174,38.01637649536133,0.9320956468582153,5.827874183654785,48.27214431762695
Berea Buff,47,17.46942901611328,34.55238723754883,0.9358826991175333,35.12071228027344,0.6820136308670044,3.5184319019317627,46.93490982055664
Berea Buff,48,30.13114356994629,50.07585144042969,0.8721844520616715,28.78107261657715,1.318644404411316,2.5780422687530518,40.399715423583984
Berea Buff,49,20.618743896484375,44.484214782714844,0.8746715149140063,31.55329132080078,0.8860359191894531,2.112179756164551,41.61005401611328
Berea Buff,50,27.448198318481445,51.92683029174805,0.8556846741042148,31.603591918945312,1.294317364692688,3.698837995529175,41.465152740478516
Berea Buff,51,28.53217315673828,51.059085845947266,0.8618952470585659,28.995716094970703,0.9661826491355896,2.4552969932556152,40.666316986083984
Berea Buff,52,14.502370834350586,23.045312881469727,0.9533293244410368,30.33314323425293,0.7053295373916626,4.77065372467041,40.415199279785156
Berea Buff,53,14.089849472045898,22.757349014282227,0.9606076903379767,30.810991287231445,0.7826582193374634,4.617098808288574,40.31740951538086
Berea Buff,54,10.688860893249512,23.311105728149414,0.954705183266485,32.1060905456543,0.7554733753204346,4.759511470794678,40.58967971801758
Berea Buff,55,11.783777236938477,23.680051803588867,0.9531831840768742,31.661331176757812,0.8392764925956726,5.393116474151611,40.44969940185547
Berea Buff,56,30.978199005126953,68.77284240722656,0.7320895185999263,41.53358840942383,0.794003963470459,23.1929874420166,50.32783508300781
Berea Buff,57,38.78746032714844,70.2889633178711,0.7247364662678518,39.66621017456055,0.7017936110496521,21.109201431274414,50.19204330444336
Berea Buff,58,40.74439239501953,71.06103515625,0.7457624030960256,39.615821838378906,0.8490490317344666,20.088464736938477,50.003604888916016
Berea Buff,59,45.00853729248047,79.79389953613281,0.7347199724522465,41.341064453125,0.8197162747383118,12.0628662109375,50.438316345214844
Berea Buff,60,0.5339747667312622,40.02458572387695,0.8458505677280767,35.18737030029297,0.669904351234436,0.017421605065464973,43.81426239013672
Berea Buff,61,0.5842177867889404,43.3643798828125,0.8042211254780282,34.32798385620117,0.5470600724220276,2.797222852706909,44.49697494506836
Berea Buff,62,0.6718015670776367,38.02539825439453,0.8234733718145888,35.5627555847168,0.6844748258590698,0.8993930816650391,45.0877571105957
Berea Buff,63,1.3103197813034058,40.26160430908203,0.8305222610530982,35.549991607666016,0.5954453349113464,3.5399324893951416,44.194095611572266
Berea Buff,64,23.95340347290039,31.65032196044922,0.9560401639061774,29.063629150390625,0.6117956638336182,1.9573314189910889,39.58970642089844
Berea Buff,65,9.285901069641113,31.9124755859375,0.895574014895144,29.517763137817383,0.9683536291122437,7.535466194152832,40.21194076538086
Berea Buff,66,16.426170349121094,25.8887939453125,0.9476906284726824,30.067855834960938,0.6949342489242554,4.442868709564209,39.583702087402344
Berea Buff,67,20.012178421020508,27.869544982910156,0.9452441086436231,29.123302459716797,0.8487045168876648,2.890907049179077,39.225555419921875
Berea Buff,68,10.256011962890625,16.917844772338867,0.9553141923124397,22.27547836303711,0.6188467741012573,0.44323447346687317,36.493778228759766
Berea Buff,69,12.62662410736084,18.233667373657227,0.9651018239160942,23.55276870727539,0.5817500948905945,1.2166399955749512,36.09461975097656
Berea Buff,70,12.436592102050781,18.155118942260742,0.9590112810421734,23.66364288330078,0.6235673427581787,0.184133842587471,37.00654983520508
Berea Buff,71,14.310198783874512,19.158370971679688,0.953518463785628,22.22426986694336,0.6122455596923828,3.4282469749450684,37.24085235595703
Berea Buff,72,38.337650299072266,40.58231735229492,0.9424980840660914,31.478649139404297,0.6066991090774536,6.887159824371338,41.792728424072266
Berea Buff,73,39.1025276184082,40.17860794067383,0.9484405680067813,31.874048233032227,0.7524291276931763,4.10255241394043,41.99643325805664
Berea Buff,74,38.50437545776367,39.930240631103516,0.966810864655148,32.4097900390625,0.5777536034584045,5.242910861968994,41.70263671875
Berea Buff,75,35.39291000366211,38.32280349731445,0.9494301724206466,30.975414276123047,0.7134599685668945,4.968079090118408,41.469566345214844
Berea Buff,76,0.8587661385536194,31.432710647583008,0.9005866368456971,26.383745193481445,0.7183544039726257,2.8046507835388184,38.109214782714844
Berea Buff,77,0.6607457399368286,30.771068572998047,0.9029110996788047,25.12248992919922,0.9697253108024597,1.3836594820022583,37.71532440185547
Berea Buff,78,3.440924644470215,30.34676742553711,0.8920190474870515,24.21345329284668,0.7318809032440186,4.477893829345703,37.101104736328125
Berea Buff,79,0.11996036022901535,33.069149017333984,0.8796579773391873,25.25138282775879,1.0163062810897827,6.525415420532227,37.233585357666016
Berea Buff,80,5.218545436859131,40.535743713378906,0.8493516510740544,30.644323348999023,0.4813610315322876,1.7894951105117798,40.23297882080078
Berea Buff,81,11.067679405212402,39.93053436279297,0.8692613319793002,29.375492095947266,0.8463245034217834,0.5835846662521362,40.022911071777344
Berea Buff,82,5.231902122497559,37.07207489013672,0.8637409575668272,28.041391372680664,0.4136514365673065,2.675642967224121,39.18991470336914
Berea Buff,83,6.499769687652588,39.67192459106445,0.8503024185782367,29.176307678222656,0.8080610632896423,2.3602120876312256,39.911739349365234
Berea Buff,84,39.85791778564453,58.982818603515625,0.8589778491392072,34.69825744628906,0.7343007326126099,1.2204493284225464,44.82394027709961
Berea Buff,85,41.39984130859375,60.980262756347656,0.8384408768163564,31.208721160888672,1.1086469888687134,0.6409276127815247,44.08348083496094
Berea Buff,86,48.72426223754883,72.002685546875,0.8470816309709711,33.16260528564453,0.8713685274124146,2.8850502967834473,44.43096923828125
Berea Buff,87,46.103660583496094,66.89421081542969,0.861729539241949,36.02281951904297,1.228882074356079,1.8848596811294556,45.70566940307617
Berea Buff,88,12.906987190246582,28.53889274597168,0.9119727004098201,30.877351760864258,0.873813807964325,6.2313456535339355,44.881874084472656
Berea Buff,89,16.224384307861328,30.6120548248291,0.9025612074724741,30.44697380065918,1.0109130144119263,8.311573028564453,45.9370002746582
Berea Buff,90,14.326568603515625,30.544788360595703,0.9023619489500138,31.90508270263672,0.8409638404846191,7.835868835449219,45.45533752441406
Berea Buff,91,6.750773906707764,28.32868766784668,0.917592124005415,31.880626678466797,1.089076042175293,5.350255489349365,45.35264587402344
Berea Buff,92,29.101289749145508,55.836830139160156,0.8186406236234626,33.58087921142578,1.2673572301864624,2.2075512409210205,48.94743347167969
Berea Buff,93,38.763309478759766,67.59822845458984,0.8144937849790217,35.69818115234375,1.1463154554367065,3.157057285308838,50.007080078125
Berea Buff,94,33.450923919677734,61.48478698730469,0.8205909880401262,35.649173736572266,1.2938905954360962,2.665384531021118,50.45096206665039
Berea Buff,95,30.55143928527832,67.004638671875,0.75632484970329,33.64452362060547,1.1243722438812256,2.9737610816955566,49.46923828125
Berea Buff,96,9.847904205322266,23.596384048461914,0.944357634397355,22.02878761291504,0.5505803823471069,2.2264926433563232,38.410011291503906
Berea Buff,97,9.807961463928223,26.386201858520508,0.9345727848943338,22.678466796875,0.762350857257843,2.6004788875579834,39.689598083496094
Berea Buff,98,8.882450103759766,26.701005935668945,0.9332195235943685,22.184600830078125,0.5442408919334412,2.7708261013031006,38.59575271606445
Berea Buff,99,8.750714302062988,23.798887252807617,0.9422564658051297,21.5225772857666,0.7689177989959717,1.4022992849349976,38.85007858276367
Berea Buff,100,39.17116165161133,43.82862854003906,0.9237147366751105,23.972679138183594,0.5434667468070984,11.599922180175781,38.94298553466797
Berea Buff,101,36.72574234008789,40.61376953125,0.9339043088438564,24.14777374267578,0.7026652693748474,9.49196720123291,39.78329086303711
Berea Buff,102,37.736175537109375,41.27290725708008,0.9231889434214842,23.295730590820312,0.5056813955307007,8.322630882263184,37.710086822509766
Berea Buff,103,40.0544548034668,44.21433639526367,0.9160678223538002,23.488740921020508,0.6265283226966858,10.53361988067627,37.77272033691406
Berea Buff,104,4.817203521728516,32.20558547973633,0.8909812317858993,26.695648193359375,0.8013182878494263,4.159163951873779,40.3186149597168
Berea Buff,105,4.897003173828125,31.69028091430664,0.889831005309703,26.144432067871094,0.7096878290176392,6.128790378570557,40.235008239746094
Berea Buff,106,10.000383377075195,34.762393951416016,0.8945782941226196,26.416606903076172,0.8399021029472351,8.123617172241211,39.8818473815918
Berea Buff,107,12.816862106323242,30.390300750732422,0.9159228354550109,25.968124389648438,0.8005558848381042,4.82856559753418,39.03119659423828
Berea Buff,108,9.058503150939941,38.23842239379883,0.8471122623213636,23.104259490966797,0.8162392973899841,0.2852969765663147,38.12100601196289
Berea Buff,109,7.4964213371276855,39.47040939331055,0.8476257636665739,25.12410545349121,0.6847123503684998,1.182993769645691,39.67170715332031
Berea Buff,110,10.180001258850098,35.451473236083984,0.8863354168490499,25.190753936767578,0.8744580149650574,1.8078229427337646,39.51820373535156
Berea Buff,111,8.503682136535645,37.15099334716797,0.874137950550615,23.8599796295166,0.6821682453155518,1.0316380262374878,38.75810241699219
Berea Buff,112,45.53577423095703,50.300025939941406,0.9376907903857855,28.232532501220703,0.6556727886199951,4.192676544189453,42.04582595825195
Berea Buff,113,44.39748001098633,49.45499801635742,0.948617745695557,27.124828338623047,0.804531991481781,3.89042067527771,40.56277084350586
Berea Buff,114,45.04194259643555,50.177486419677734,0.9449981288706832,28.614076614379883,0.6741520762443542,2.5211257934570312,40.492008209228516
Berea Buff,115,46.507179260253906,51.25284194946289,0.9428525373091114,29.31816291809082,0.7842045426368713,2.596083402633667,41.45753479003906
Berea Buff,116,10.228841781616211,38.33572769165039,0.832668938474207,30.848827362060547,0.565719723701477,2.1660375595092773,44.914127349853516
Berea Buff,117,11.556696891784668,35.69623947143555,0.8582812317656445,31.12851333618164,0.45018911361694336,0.247258260846138,45.71150588989258
Berea Buff,118,16.15648651123047,34.292049407958984,0.8740885450867031,32.43929672241211,0.48919621109962463,5.000156879425049,45.316131591796875
Berea Buff,119,16.025856018066406,34.464439392089844,0.8766369686140292,31.722450256347656,0.44302332401275635,2.449824571609497,44.00442886352539
Berea Buff,120,49.73933029174805,62.90320587158203,0.5704499869932782,40.176631927490234,0.8574973940849304,14.6672945022583,52.10371398925781
Berea Buff,121,62.598697662353516,70.70394134521484,0.5153770657472184,43.41337585449219,1.1721831560134888,15.88485050201416,53.32475280761719
Berea Buff,122,54.74972915649414,70.48554229736328,0.48299309333375723,46.53873825073242,0.7574257850646973,29.674053192138672,52.262447357177734
Berea Buff,123,51.22667694091797,67.44251251220703,0.49749974466179864,43.42000961303711,1.1550010442733765,17.626129150390625,52.39817810058594
Berea Buff,124,21.684635162353516,26.339492797851562,0.9705337009389478,26.65353012084961,0.9011421799659729,1.9658384323120117,39.50586700439453
Berea Buff,125,21.42512321472168,26.03603172302246,0.9713643769745424,27.6888427734375,0.7196985483169556,1.1062767505645752,40.002132415771484
Berea Buff,126,17.875268936157227,23.017147064208984,0.9693187128243561,28.974716186523438,0.9392349123954773,0.7380776405334473,40.22897720336914
Berea Buff,127,19.451215744018555,22.78273582458496,0.9760669353907617,27.52215576171875,0.7283642292022705,1.3947354555130005,39.29647445678711
Berea Buff,128,94.05255126953125,123.48226928710938,0.7685656045531297,41.3923225402832,1.7204577922821045,7.635112762451172,51.88184356689453
Berea Buff,129,80.83541107177734,104.96813201904297,0.7409136311126548,42.170166015625,1.5444977283477783,1.454748272895813,51.02289581298828
Berea Buff,130,86.50501251220703,115.43693542480469,0.6783101239769942,40.41795349121094,1.5916829109191895,6.3156328201293945,50.795162200927734
Berea Buff,131,92.6038818359375,116.88726806640625,0.7202616491667323,40.27821350097656,1.9436644315719604,11.328328132629395,51.78871154785156
Berea Buff,132,40.94683074951172,39.05583953857422,0.947356867571925,36.718109130859375,0.9834620952606201,12.314334869384766,44.265357971191406
Berea Buff,133,43.72456741333008,39.79737854003906,0.9525622989260768,35.169612884521484,0.8094373941421509,8.79771900177002,45.178260803222656
Berea Buff,134,45.08782196044922,44.06925964355469,0.9582588180957502,35.67597961425781,1.1669032573699951,0.54970383644104,44.629878997802734
Berea Buff,135,33.00669479370117,33.105010986328125,0.945704517195909,37.001747131347656,0.7391514182090759,8.529509544372559,44.146095275878906
Berea Buff,136,24.852577209472656,29.880220413208008,0.9726478034836845,25.395654678344727,0.7417557835578918,2.3403217792510986,41.23891067504883
Berea Buff,137,26.68865966796875,31.649795532226562,0.975430057269679,25.069795608520508,0.615285336971283,4.855618476867676,40.147125244140625
Berea Buff,138,23.424591064453125,30.225223541259766,0.9621389462149921,25.019500732421875,0.7401024103164673,2.2647218704223633,40.97565841674805
Berea Buff,139,28.518163681030273,32.60268020629883,0.9719432666960464,25.514137268066406,0.6192365288734436,3.340380907058716,42.1803092956543
Berea Buff,140,10.434650421142578,30.809404373168945,0.9229574875279538,34.13581848144531,1.0596731901168823,5.278541088104248,43.2130012512207
Berea Buff,141,9.382941246032715,27.681106567382812,0.9181320354710247,31.916767120361328,0.8078654408454895,2.266746997833252,42.06818389892578
Berea Buff,142,13.163734436035156,37.350982666015625,0.8780933929558729,31.853586196899414,1.0807530879974365,2.908275604248047,43.6646842956543
Berea Buff,143,11.388785362243652,31.82640266418457,0.9099091079171654,33.15761947631836,0.8553270697593689,6.575959205627441,44.27260971069336
Berea Buff,144,7.424185752868652,25.695476531982422,0.9043106121053405,25.652267456054688,0.5742434859275818,4.8963165283203125,42.54610061645508
Berea Buff,145,4.793579578399658,26.351062774658203,0.8877277577372619,25.992116928100586,1.046783447265625,2.0012803077697754,43.4132194519043
Berea Buff,146,4.9660162925720215,27.917606353759766,0.8905674076217562,25.92434310913086,0.6151607036590576,2.9237821102142334,44.2421875
Berea Buff,147,10.95097541809082,31.30858612060547,0.8810000618383009,25.87145233154297,1.1310738325119019,6.127319812774658,44.40290451049805
Berea Buff,148,29.969873428344727,51.872337341308594,0.8012570077076832,23.9483699798584,1.0251384973526,3.7219629287719727,37.949859619140625
Berea Buff,149,29.732982635498047,49.52632522583008,0.8195534852392252,22.36771583557129,0.6550112962722778,2.997812271118164,38.01449966430664
Berea Buff,150,35.02094268798828,50.42829132080078,0.8287362204809144,23.37455940246582,1.0838899612426758,3.876878261566162,39.61994552612305
Berea Buff,151,34.94944381713867,53.06215286254883,0.8052791069178354,24.742996215820312,0.7155701518058777,4.375051021575928,39.80409622192383
Berea Buff,152,29.0294246673584,37.742095947265625,0.9142260406763482,42.98672103881836,1.3364990949630737,3.749755620956421,45.91550064086914
Berea Buff,153,30.26284408569336,36.980464935302734,0.9260420057880087,44.30207443237305,0.8464255928993225,1.2586698532104492,45.282920837402344
Berea Buff,154,29.946718215942383,37.706695556640625,0.9303720974363839,44.32011413574219,1.3328367471694946,2.1310393810272217,44.370513916015625
Berea Buff,155,26.681535720825195,37.80256652832031,0.9201890831246234,42.63978958129883,0.8938204646110535,3.2084436416625977,45.18632507324219
Berea Buff,156,0.22558139264583588,21.66489601135254,0.9452697618803567,28.03234100341797,0.46691250801086426,4.263399124145508,39.87861633300781
Berea Buff,157,4.567246437072754,20.272478103637695,0.9525537113309738,29.80739974975586,0.8576061129570007,5.1835246086120605,38.767887115478516
Berea Buff,158,4.984065532684326,23.420242309570312,0.938419411053507,30.831453323364258,0.4748552441596985,5.796863079071045,39.19038009643555
Berea Buff,159,0.5938140153884888,20.06554412841797,0.9503190839623057,29.841934204101562,0.8180630207061768,5.776347637176514,38.75607681274414
Berea Buff,160,35.10108947753906,36.58995819091797,0.9129599130792078,33.532005310058594,0.7055565118789673,0.469241738319397,49.08440017700195
Berea Buff,161,33.12397766113281,37.67790985107422,0.9075868956981102,37.25847244262695,0.9511435031890869,0.286108136177063,48.79896545410156
Berea Buff,162,32.85127639770508,39.345008850097656,0.8933506491698545,38.07887268066406,0.6356134414672852,3.569894790649414,48.84474563598633
Berea Buff,163,27.66550064086914,34.14820861816406,0.9099634045299186,35.500267028808594,0.7420721054077148,6.727123737335205,48.784393310546875
Berea Buff,164,14.783970832824707,32.47636795043945,0.8897604694530279,24.800912857055664,0.5576121211051941,14.669669151306152,38.606285095214844
Berea Buff,165,16.87351417541504,34.19670867919922,0.8776527585021742,26.277616500854492,0.6416431665420532,16.31707191467285,40.406246185302734
Berea Buff,166,16.24774742126465,32.79857635498047,0.8899860652839526,26.842679977416992,0.5439671874046326,18.571117401123047,41.2392692565918
Berea Buff,167,18.065202713012695,33.95549392700195,0.8783356013467132,25.087467193603516,0.6134505271911621,15.164905548095703,40.14141845703125
Berea Buff,168,80.12276458740234,87.56812286376953,0.7048841829998972,33.629638671875,0.9300458431243896,5.7230072021484375,43.908512115478516
Berea Buff,169,76.09821319580078,87.54484558105469,0.6932818100412033,34.68043899536133,0.9516773223876953,7.2063751220703125,44.34014892578125
Berea Buff,170,68.09051513671875,85.54861450195312,0.7040335767951673,33.98606872558594,0.8430441617965698,4.3185930252075195,44.673152923583984
Berea Buff,171,58.62099838256836,74.18086242675781,0.7202747824728462,33.480552673339844,0.7963127493858337,9.551977157592773,44.47938919067383
Berea Buff,172,17.908552169799805,21.17055320739746,0.9750034474494518,16.79295539855957,0.7319185137748718,0.5727148056030273,37.102447509765625
Berea Buff,173,21.214120864868164,23.563411712646484,0.9810967067957733,16.178071975708008,1.0086508989334106,0.2560257613658905,37.43350601196289
Berea Buff,174,24.400571823120117,27.602888107299805,0.9707577867052116,17.077096939086914,0.6766352653503418,0.5829687118530273,37.50525665283203
Berea Buff,175,21.575252532958984,24.79885482788086,0.965378178443465,17.817808151245117,0.97267746925354,0.483959823846817,37.7680549621582
Berea Buff,176,39.679141998291016,65.58582305908203,0.8561355729313674,26.665443420410156,1.4444668292999268,2.402132272720337,44.1175537109375
Berea Buff,177,47.87495803833008,77.96380615234375,0.8255678176025463,26.563684463500977,1.0365748405456543,4.048636436462402,44.750038146972656
Berea Buff,178,38.853885650634766,66.43299865722656,0.8444522459910714,26.974464416503906,1.4247751235961914,3.560295820236206,44.93791580200195
Berea Buff,179,36.2178840637207,66.26351165771484,0.8300611148438602,27.271385192871094,0.8987076878547668,2.4756627082824707,45.506797790527344
Berea Buff,180,29.030994415283203,29.340330123901367,0.9580734755241254,26.115398406982422,0.6512049436569214,1.3754328489303589,39.57518768310547
Berea Buff,181,30.434185028076172,31.144115447998047,0.9596349940566384,24.712495803833008,0.9365938305854797,0.5922774076461792,39.61073303222656
Berea Buff,182,33.17890167236328,33.5393180847168,0.9490853087042194,25.577207565307617,0.6249683499336243,1.6322708129882812,40.74494552612305
Berea Buff,183,34.09162521362305,34.62373733520508,0.9483503951678655,26.611618041992188,0.9088858366012573,1.5352451801300049,40.73847579956055
Berea Buff,184,16.8941650390625,31.060871124267578,0.9311468240047064,32.640323638916016,0.636289656162262,2.7304177284240723,46.579063415527344
Berea Buff,185,10.676998138427734,34.79736328125,0.8881562927643427,32.497528076171875,0.5961149334907532,4.752522945404053,47.389427185058594
Berea Buff,186,9.364334106445312,26.389795303344727,0.9359780695720077,33.500267028808594,0.6722580790519714,5.843982219696045,48.01354217529297
Berea Buff,187,5.974178314208984,29.747817993164062,0.9076699735747874,33.65664291381836,0.6859458088874817,0.6737275719642639,47.1894645690918
Berea Buff,188,16.607574462890625,24.58878517150879,0.9402836500104363,20.952125549316406,0.5712102055549622,2.0859992504119873,34.283016204833984
Berea Buff,189,20.071687698364258,26.30952262878418,0.9309424178856323,21.638282775878906,0.7682299613952637,1.81488037109375,35.46406173706055
Berea Buff,190,20.36086654663086,27.37800407409668,0.9349752954462577,20.629032135009766,0.5550830364227295,1.3697787523269653,34.7425422668457
Berea Buff,191,21.743656158447266,27.873537063598633,0.9374824908550468,20.826385498046875,0.7278370261192322,3.2558224201202393,35.43531799316406
Berea Buff,192,17.94708251953125,28.252347946166992,0.9223994086679521,26.295377731323242,0.4877413809299469,0.8788638114929199,39.884056091308594
Berea Buff,193,21.164093017578125,28.8742618560791,0.9337011385985903,25.168163299560547,0.34988921880722046,1.3649513721466064,40.3137321472168
Berea Buff,194,20.042030334472656,27.748319625854492,0.9357987370107774,25.828710556030273,0.5199256539344788,2.4003820419311523,40.03217697143555
Berea Buff,195,17.122032165527344,27.965614318847656,0.9182333767356149,26.473939895629883,0.40300485491752625,2.615222454071045,39.649898529052734
Berea Buff,196,2.937140941619873,23.36092185974121,0.9278770195285568,31.91456413269043,0.4462815523147583,0.9971141219139099,39.576080322265625
Berea Buff,197,9.029488563537598,27.503570556640625,0.9151372243773392,30.83648109436035,0.7508091330528259,5.025097846984863,39.96689224243164
Berea Buff,198,6.345004081726074,24.012489318847656,0.9389743341259139,29.799884796142578,0.45626547932624817,0.5224531888961792,38.908531188964844
Berea Buff,199,4.575961589813232,22.73741912841797,0.9434387527362571,31.250402450561523,0.7490310072898865,1.1425716876983643,38.75287628173828
Berea Buff,200,14.28429889678955,36.408355712890625,0.915237521899521,30.619464874267578,0.6465513706207275,14.637531280517578,42.867881774902344
Berea Buff,201,15.266715049743652,40.4937744140625,0.8986655780741405,30.964963912963867,0.8776702880859375,11.018013954162598,43.42653274536133
Berea Buff,202,7.4795823097229,34.922264099121094,0.9102534174928717,33.76692581176758,0.617138147354126,12.568775177001953,43.610923767089844
Berea Buff,203,9.79832935333252,34.127418518066406,0.9191395365458319,32.280826568603516,0.8531729578971863,12.991889953613281,42.966087341308594
Berea Buff,204,5.438549041748047,21.164142608642578,0.9502388596635981,24.83030891418457,0.7670361399650574,2.514853000640869,38.17482376098633
Berea Buff,205,12.41093635559082,23.20263671875,0.9583035838713262,25.16670799255371,0.8480424880981445,6.730213165283203,39.614227294921875
Berea Buff,206,8.772775650024414,29.10517120361328,0.9150086567617471,24.93202781677246,0.7491081953048706,4.659378528594971,39.6974983215332
Berea Buff,207,7.751284122467041,24.49982261657715,0.9449397494226125,25.947551727294922,0.9053707718849182,5.206690788269043,39.18873977661133
Leopard,0,17.13003921508789,24.960060119628906,0.9004422136182952,34.73893737792969,0.6502387523651123,8.241080284118652,46.97774124145508
Leopard,1,28.12375831604004,20.930620193481445,0.9052388655982674,33.77713394165039,1.0605027675628662,6.034148216247559,45.409000396728516
Leopard,2,23.176979064941406,26.308897018432617,0.8665951332635714,34.774261474609375,0.7047969698905945,5.740478038787842,44.990882873535156
Leopard,3,11.723499298095703,31.853364944458008,0.8415759965405755,34.921600341796875,0.9051627516746521,8.932087898254395,46.49934387207031
Leopard,4,7.978848457336426,26.94117546081543,0.9348895312286384,24.80588722229004,0.77920001745224,2.4629404544830322,39.195491790771484
Leopard,5,10.552145957946777,27.345661163330078,0.9373520577048462,23.765090942382812,0.7449990510940552,1.9962537288665771,38.7101936340332
Leopard,6,7.3700175285339355,26.74677276611328,0.9279159100516082,23.236122131347656,0.8103350400924683,1.8465087413787842,38.385345458984375
Leopard,7,6.940415382385254,28.506576538085938,0.924928532162165,24.0344181060791,0.7783714532852173,1.361897349357605,38.78770446777344
Leopard,8,532.0037841796875,623.1206665039062,0.31614217788742827,43.14295959472656,4.368854522705078,19.092844009399414,50.582847595214844
Leopard,9,551.687255859375,656.5615844726562,0.3056012477815237,47.714561462402344,4.678830623626709,16.31808090209961,50.65382385253906
Leopard,10,496.9950256347656,565.904541015625,0.3083579624055825,46.74391555786133,4.599878311157227,7.681315898895264,49.98921203613281
Leopard,11,445.8991394042969,512.6251220703125,0.330572930502734,45.655677795410156,3.5809009075164795,20.994800567626953,50.7277717590332
Leopard,12,81.349365234375,140.62863159179688,0.5468063706782321,33.70779800415039,1.50361168384552,8.14123249053955,42.367279052734375
Leopard,13,66.15489196777344,124.77104187011719,0.5546717005651736,33.10778045654297,1.1588212251663208,5.892496585845947,43.42470932006836
Leopard,14,77.86605834960938,136.0767059326172,0.5509481371415722,32.627227783203125,1.4859365224838257,8.37038516998291,42.36569595336914
Leopard,15,101.97677612304688,161.96478271484375,0.5284428092471809,32.844120025634766,1.6521683931350708,11.926600456237793,41.760345458984375
Leopard,16,48.45553207397461,51.923858642578125,0.8248361218984087,38.92307662963867,1.1892324686050415,6.922645568847656,52.525726318359375
Leopard,17,60.35484313964844,58.128814697265625,0.8141942349624142,41.06422424316406,1.1506447792053223,3.6570687294006348,52.511810302734375
Leopard,18,65.8524398803711,62.200809478759766,0.8349114993169309,42.64051818847656,1.20895254611969,0.6847559809684753,51.25612258911133
Leopard,19,54.40758514404297,58.49224853515625,0.8156267796311644,38.997161865234375,1.2022007703781128,3.1327357292175293,51.68474197387695
Leopard,20,15.04485034942627,75.61913299560547,0.7627549620504417,38.244895935058594,1.0134576559066772,1.186056137084961,44.22926330566406
Leopard,21,20.743717193603516,71.6650390625,0.8122660998880881,37.804500579833984,0.827851414680481,4.191430568695068,44.3896598815918
Leopard,22,24.086172103881836,78.09512329101562,0.7658069411606402,37.331111907958984,1.0440402030944824,3.9987220764160156,43.80906295776367
Leopard,23,19.64499855041504,81.18586730957031,0.7409396021463722,37.8817253112793,0.8719322681427002,0.2767834961414337,44.18764877319336
Leopard,24,14.429219245910645,32.07915115356445,0.8677467449484717,36.766536712646484,0.8954115509986877,3.0199570655822754,41.66556167602539
Leopard,25,15.22558307647705,31.304500579833984,0.885521113825178,37.623069763183594,0.5881264209747314,2.885159969329834,42.237979888916016
Leopard,26,13.984517097473145,27.178796768188477,0.9034164348427953,39.41905975341797,0.8915171027183533,3.6196773052215576,42.586448669433594
Leopard,27,13.910392761230469,30.726272583007812,0.8870050335948695,39.0155029296875,0.5597688555717468,3.71439266204834,42.43162536621094
Leopard,28,9.846795082092285,19.6905517578125,0.9793856218400966,35.81893539428711,0.7927422523498535,4.757036209106445,40.90541076660156
Leopard,29,15.197966575622559,22.375707626342773,0.9821335982314185,35.84489822387695,1.039786458015442,9.874922752380371,42.16299057006836
Leopard,30,16.51454734802246,24.206499099731445,0.9799291153606297,35.05434799194336,0.7172180414199829,5.801485538482666,41.53897476196289
Leopard,31,14.192322731018066,22.693010330200195,0.9781526461193542,35.07716751098633,1.0699445009231567,3.5294487476348877,41.525230407714844
Leopard,32,40.032222747802734,42.22386932373047,0.883075693320653,34.16298294067383,0.5226064324378967,1.182931661605835,39.46846008300781
Leopard,33,35.48662567138672,39.98926544189453,0.8720219393278447,34.480159759521484,0.6066570281982422,5.203387260437012,39.563270568847656
Leopard,34,38.02360534667969,40.185916900634766,0.8884982092514324,35.363338470458984,0.50799560546875,5.2354021072387695,39.92964553833008
Leopard,35,37.60445785522461,42.97468566894531,0.8549467483858093,35.79396057128906,0.5845368504524231,5.256021976470947,40.79273223876953
Leopard,36,31.182497024536133,32.72452926635742,0.9734707842378029,41.39287185668945,1.5040817260742188,2.414388418197632,43.552574157714844
Leopard,37,24.985260009765625,27.986461639404297,0.9705999859081649,41.21535110473633,1.036149263381958,3.1250760555267334,43.58475112915039
Leopard,38,27.0849552154541,29.688003540039062,0.9744013111209431,37.92612838745117,1.4599499702453613,2.4146738052368164,42.18632125854492
Leopard,39,29.4906005859375,33.024024963378906,0.9717839434141513,37.591827392578125,1.1010044813156128,3.153881311416626,41.85215759277344
Leopard,40,24.9234561920166,46.11601638793945,0.8404728343692621,33.54510498046875,0.7472193241119385,8.044466972351074,50.2872314453125
Leopard,41,22.90608787536621,44.915897369384766,0.8579863470623692,33.80284881591797,0.5598439574241638,8.413870811462402,51.86568832397461
Leopard,42,25.272493362426758,43.47349166870117,0.8464900264976085,34.86225128173828,0.8098666071891785,4.002223014831543,52.237449645996094
Leopard,43,22.01988410949707,44.64475631713867,0.8280803382166948,35.93546676635742,0.5521966218948364,7.1081862449646,51.45079040527344
Leopard,44,72.71206665039062,107.3720932006836,0.5890889423556142,45.25370788574219,1.0654346942901611,14.85559368133545,48.45522689819336
Leopard,45,53.101287841796875,89.86493682861328,0.610046670718355,45.691287994384766,0.6482030153274536,12.273824691772461,48.756317138671875
Leopard,46,60.37412643432617,94.85548400878906,0.6011380150989516,48.482845306396484,0.9710134267807007,15.39465045928955,49.753517150878906
Leopard,47,74.09083557128906,108.6166000366211,0.5986719690741825,49.04009246826172,0.7775498628616333,21.939407348632812,49.14350891113281
Leopard,48,883.9849243164062,674.4099731445312,0.07047977127080632,59.37971878051758,9.43476676940918,5.025115966796875,58.34681701660156
Leopard,49,827.4781494140625,584.5056762695312,0.05676799904960313,58.67777633666992,8.71143913269043,3.2397005558013916,57.52408981323242
Leopard,50,829.7321166992188,563.0885009765625,0.05643600488025681,52.10115051269531,9.245017051696777,8.885159492492676,58.21200942993164
Leopard,51,768.5529174804688,535.240966796875,0.05753599914228501,53.874114990234375,8.369845390319824,5.760406970977783,58.84567642211914
Leopard,52,22.19539451599121,25.039520263671875,0.971383817339396,24.874250411987305,0.7959381341934204,2.0046205520629883,36.44231033325195
Leopard,53,23.418821334838867,25.527496337890625,0.9774272427877729,24.452045440673828,0.6709610819816589,0.6790759563446045,36.96487045288086
Leopard,54,23.697099685668945,25.858530044555664,0.9788420684570255,25.771923065185547,0.7375686168670654,6.1473388671875,37.88438415527344
Leopard,55,24.473472595214844,26.545055389404297,0.9772232628053149,26.560895919799805,0.6557406783103943,3.511539936065674,37.97200012207031
Leopard,56,18.62160301208496,21.72709846496582,0.9795647864049556,31.22740936279297,0.9803518056869507,1.9928628206253052,38.0562858581543
Leopard,57,18.755327224731445,22.03935432434082,0.9759067947666799,32.502044677734375,0.6858760118484497,4.889064311981201,39.15298843383789
Leopard,58,16.96702003479004,21.1188907623291,0.9794640626987656,31.419897079467773,0.9857969284057617,3.618687629699707,38.39198303222656
Leopard,59,16.663536071777344,19.600263595581055,0.9872438440781939,30.699663162231445,0.7132494449615479,1.5231233835220337,37.97034454345703
Leopard,60,277.6951904296875,162.7886962890625,0.4206163089171266,44.23543930053711,3.0484371185302734,5.657351970672607,54.98517990112305
Leopard,61,284.5068359375,167.9017791748047,0.37113694313880013,45.143310546875,3.2788782119750977,7.416487693786621,55.264625549316406
Leopard,62,307.6954040527344,203.1267852783203,0.33993798328254105,42.553428649902344,3.7648913860321045,13.838022232055664,54.72230529785156
Leopard,63,283.9550476074219,175.84054565429688,0.4106533124531507,42.19945526123047,3.334685802459717,9.281831741333008,55.276023864746094
Leopard,64,1.727245807647705,24.843032836914062,0.9569985931019899,33.5329704284668,0.8984987735748291,4.852807998657227,45.57463073730469
Leopard,65,6.049132347106934,25.796659469604492,0.9583918607858279,33.46658706665039,1.0136523246765137,1.5680489540100098,44.616981506347656
Leopard,66,3.09816312789917,24.095426559448242,0.9610656090709871,33.597007751464844,0.8789737820625305,2.9394500255584717,44.31267166137695
Leopard,67,3.2670464515686035,24.827665328979492,0.9511457587732303,33.28016662597656,0.9802068471908569,7.383929252624512,44.487693786621094
Leopard,68,61.42839813232422,52.26462936401367,0.7916138319500706,52.58107376098633,0.9939877390861511,6.352978229522705,51.408958435058594
Leopard,69,51.066104888916016,45.34386444091797,0.8239002098206687,52.44802474975586,0.6536563634872437,13.906179428100586,51.14263153076172
Leopard,70,51.98419952392578,42.64088439941406,0.8078178844874851,51.36772155761719,0.8460438251495361,14.380653381347656,51.73088455200195
Leopard,71,46.19786834716797,40.49064636230469,0.8216114899108591,52.952423095703125,0.6062370538711548,14.189314842224121,52.75212478637695
Leopard,72,13.163908004760742,32.227088928222656,0.9261560483858264,42.885986328125,1.0410162210464478,3.705404758453369,44.93101501464844
Leopard,73,4.5726776123046875,26.948165893554688,0.9308398173525289,40.35239791870117,1.1017379760742188,3.5955893993377686,44.67334747314453
Leopard,74,12.645514488220215,29.131370544433594,0.9346320784338487,39.35749053955078,1.0369479656219482,5.354093551635742,43.52275466918945
Leopard,75,13.384421348571777,31.583242416381836,0.9372843275027074,41.687259674072266,1.0135494470596313,3.021930694580078,45.056026458740234
Leopard,76,105.8624267578125,132.79119873046875,0.6546686678507248,42.5540885925293,1.639666199684143,0.3668493330478668,43.07834243774414
Leopard,77,99.13956451416016,133.7904510498047,0.6211342341060612,41.003700256347656,1.44888436794281,1.2398200035095215,42.81816482543945
Leopard,78,89.97014617919922,120.01214599609375,0.6332903599418035,41.3584098815918,1.4656169414520264,3.207585096359253,41.63225173950195
Leopard,79,105.14994049072266,135.3620147705078,0.6192452332386199,41.212425231933594,1.5772595405578613,0.6233400106430054,42.24681091308594
Leopard,80,53.109439849853516,54.019596099853516,0.9234968025293855,22.512651443481445,0.5861314535140991,10.520658493041992,38.36661911010742
Leopard,81,51.58805465698242,52.32172775268555,0.9324188624950656,23.114482879638672,0.5981988906860352,9.089786529541016,38.98696517944336
Leopard,82,52.77234649658203,54.05560302734375,0.9117871177213889,22.435489654541016,0.5837650895118713,10.892621994018555,38.19626235961914
Leopard,83,51.946807861328125,52.969478607177734,0.9012580227202357,22.10775375366211,0.5723268985748291,10.085833549499512,37.95757293701172
Leopard,84,23.96720314025879,37.36237335205078,0.8635342413456782,24.0980167388916,0.619019091129303,2.6803762912750244,47.26416015625
Leopard,85,17.587461471557617,37.10222244262695,0.8807324749113656,24.20829200744629,0.9483208656311035,0.1016993373632431,48.875823974609375
Leopard,86,14.315669059753418,37.288055419921875,0.8807287059305002,22.334197998046875,0.7350220680236816,1.8340948820114136,47.994998931884766
Leopard,87,18.947399139404297,36.08402633666992,0.8756380638144242,22.930150985717773,0.9294613599777222,0.001199284684844315,47.43056869506836
Leopard,88,7.384281158447266,54.86123275756836,0.8382940779762733,47.85667037963867,0.9045731425285339,9.339329719543457,50.811439514160156
Leopard,89,2.174582004547119,57.61270523071289,0.8270965338069106,48.35074234008789,0.727264940738678,7.671860218048096,50.10873031616211
Leopard,90,5.956085205078125,51.64632797241211,0.8437085200425207,43.15411376953125,0.8202292919158936,6.3641815185546875,50.28495788574219
Leopard,91,5.909564018249512,44.86082077026367,0.8738884297313849,45.09733963012695,0.6649826169013977,17.920825958251953,51.00994110107422
Leopard,92,11.405142784118652,55.88646697998047,0.7328554129209083,36.73624038696289,0.7839370965957642,5.8397603034973145,44.10271072387695
Leopard,93,5.889938831329346,57.156227111816406,0.7235237719379969,37.56525802612305,0.7928965091705322,7.244946479797363,44.365970611572266
Leopard,94,5.453246116638184,51.00314712524414,0.7679840640767618,34.257530212402344,0.7396396398544312,7.90778923034668,43.46937942504883
Leopard,95,10.348620414733887,50.0146369934082,0.7632602742857294,33.226200103759766,0.7743945717811584,5.837642669677734,43.669864654541016
Leopard,96,21.441190719604492,52.37492370605469,0.8110384089283355,37.80233383178711,1.2411726713180542,4.248566150665283,46.30533981323242
Leopard,97,21.077428817749023,59.908721923828125,0.7694497080784176,39.71157455444336,0.9303413033485413,4.476245880126953,46.50136184692383
Leopard,98,14.404688835144043,57.124725341796875,0.7859578241915482,38.51872253417969,1.0643850564956665,13.297160148620605,46.33604049682617
Leopard,99,23.33915138244629,62.02170181274414,0.7582509807968563,36.53369903564453,0.898308277130127,7.752496719360352,45.846824645996094
Leopard,100,25.937744140625,28.743635177612305,0.9616545709811142,32.885047912597656,1.136725664138794,4.985917091369629,44.35289764404297
Leopard,101,28.578699111938477,31.180673599243164,0.9598135066588757,33.331417083740234,0.9266436100006104,6.111077308654785,44.39702606201172
Leopard,102,37.57571792602539,38.96530532836914,0.9481234347083799,34.559017181396484,1.2226614952087402,5.41755485534668,44.83464431762695
Leopard,103,35.97697830200195,36.10039520263672,0.9591554064938501,33.056522369384766,0.9869633316993713,3.799241781234741,44.02663040161133
Leopard,104,92.56476593017578,146.26602172851562,0.636129887594923,28.996347427368164,1.4756110906600952,6.018582344055176,46.64685821533203
Leopard,105,85.34735107421875,129.19558715820312,0.6988772670115417,26.70963478088379,2.0670840740203857,4.993946552276611,43.5493278503418
Leopard,106,72.0881576538086,113.87694549560547,0.7108676357114679,27.864990234375,1.2262723445892334,3.9824910163879395,44.353050231933594
Leopard,107,65.09062957763672,109.61222076416016,0.6808790478390698,29.082347869873047,1.8694871664047241,4.087506294250488,46.546512603759766
Leopard,108,50.79913330078125,96.30653381347656,0.7557474458287013,36.17396545410156,1.3768166303634644,14.964964866638184,49.21121597290039
Leopard,109,43.36061096191406,81.70951843261719,0.8060658276763865,39.89789581298828,1.4176692962646484,11.20651626586914,50.06636428833008
Leopard,110,41.70841979980469,85.91262817382812,0.8047146536393017,38.555076599121094,1.2970188856124878,11.950752258300781,49.83452224731445
Leopard,111,36.0741081237793,79.34834289550781,0.8162484900359701,36.78360366821289,1.3752903938293457,11.103570938110352,48.940284729003906
Leopard,112,54.93642044067383,93.78865814208984,0.6435120407232098,37.5594482421875,1.4067281484603882,5.901118755340576,43.00117874145508
Leopard,113,58.04246520996094,97.99459838867188,0.5941635924001314,38.69990921020508,1.262487769126892,6.849152088165283,43.829647064208984
Leopard,114,61.88140869140625,100.40122985839844,0.6357998209140759,38.92113494873047,1.4988242387771606,5.562559604644775,43.87509536743164
Leopard,115,64.72964477539062,111.8121337890625,0.598943727312857,39.393497467041016,1.4059910774230957,2.840444326400757,44.39006423950195
Leopard,116,6.099005222320557,28.919309616088867,0.9271211340201089,27.769067764282227,1.191393256187439,2.246683359146118,39.60542297363281
Leopard,117,0.6052870154380798,24.073429107666016,0.9377470386858978,28.35824966430664,1.0795389413833618,1.0499074459075928,39.10860824584961
Leopard,118,2.5921437740325928,25.744203567504883,0.9359332409054975,30.302701950073242,1.1204726696014404,1.3038133382797241,39.33164978027344
Leopard,119,0.4559398293495178,26.193714141845703,0.9352024248305365,28.21635627746582,1.1302661895751953,1.6774379014968872,40.04257583618164
Leopard,120,4.329463958740234,22.81251335144043,0.9639289245966925,32.78112030029297,1.1037571430206299,3.749809741973877,48.09934616088867
Leopard,121,0.05501558259129524,21.135000228881836,0.9679325540577758,34.33550262451172,0.608642041683197,6.5614094734191895,49.02497863769531
Leopard,122,6.812394142150879,25.000354766845703,0.9591344775246856,32.87431335449219,1.012954592704773,9.7923583984375,48.53334426879883
Leopard,123,11.12102222442627,26.03158187866211,0.9599609976935517,31.126373291015625,0.5136163830757141,7.638979434967041,48.02515411376953
Leopard,124,104.74923706054688,140.79425048828125,0.6302960735127432,35.505340576171875,1.5144623517990112,11.982970237731934,47.09738540649414
Leopard,125,126.94587707519531,155.4568634033203,0.6339407824789652,32.1450080871582,1.851473331451416,7.058069705963135,46.92100524902344
Leopard,126,123.63202667236328,155.7442626953125,0.6069007847350998,31.795827865600586,1.7477705478668213,5.275355815887451,48.20256805419922
Leopard,127,94.94612884521484,121.74906158447266,0.6649055151028643,32.53465270996094,1.4482532739639282,12.403678894042969,46.2681884765625
Leopard,128,19.000112533569336,40.768978118896484,0.8595564073843848,43.610679626464844,0.5086891055107117,24.067825317382812,50.358680725097656
Leopard,129,21.39312171936035,43.67170715332031,0.776800932553041,43.39794158935547,0.6070356965065002,27.87964630126953,51.96498107910156
Leopard,130,23.206010818481445,41.92367935180664,0.8069916836987566,41.40885543823242,0.5347117185592651,21.7159423828125,50.775604248046875
Leopard,131,21.330677032470703,40.24680709838867,0.8748884810598482,44.18803787231445,0.6003878712654114,27.094446182250977,50.72386169433594
Leopard,132,16.361833572387695,30.281822204589844,0.9099557309078418,24.257287979125977,0.5374847650527954,3.5048391819000244,36.50033187866211
Leopard,133,20.701236724853516,31.4486083984375,0.9120398986618484,24.78935432434082,0.4105280637741089,0.7510198950767517,37.415069580078125
Leopard,134,14.182501792907715,28.038179397583008,0.9255711897607165,24.018314361572266,0.5382776260375977,6.150458335876465,37.68308639526367
Leopard,135,16.679216384887695,33.75096893310547,0.9018715229390312,23.76546859741211,0.4423876702785492,6.223964691162109,36.75896453857422
Leopard,136,17.394962310791016,69.48548126220703,0.6282893766243806,31.32733726501465,0.95220547914505,4.097540855407715,43.34667205810547
Leopard,137,16.537307739257812,61.87492752075195,0.672993728938079,31.212310791015625,1.090828776359558,1.4828821420669556,43.58006286621094
Leopard,138,15.670675277709961,67.00052642822266,0.6401143248425816,29.92226219177246,0.9360644221305847,3.590940237045288,45.729679107666016
Leopard,139,18.13530158996582,72.25930786132812,0.6013665055215683,29.434629440307617,1.1768014430999756,5.492234706878662,45.774749755859375
Leopard,140,19.21831703186035,37.221561431884766,0.8735812872426088,39.522735595703125,0.5595082640647888,10.646754264831543,46.20330810546875
Leopard,141,19.49545669555664,39.08724594116211,0.8464961002322762,40.81924819946289,0.9425303339958191,13.529337882995605,45.6600341796875
Leopard,142,14.681159019470215,38.42339324951172,0.8750215008018982,40.95132827758789,0.5394778847694397,14.915265083312988,46.330902099609375
Leopard,143,17.79961395263672,36.71686553955078,0.8814006658415452,39.43059539794922,0.9237786531448364,15.708292007446289,47.187095642089844
Leopard,144,22.651729583740234,36.00353240966797,0.9405478018711435,38.28976821899414,1.2501447200775146,7.965785026550293,42.358768463134766
Leopard,145,24.42085838317871,33.666988372802734,0.9551667809021351,36.700443267822266,1.4896215200424194,3.732743501663208,42.893489837646484
Leopard,146,17.119258880615234,25.235157012939453,0.9610689316412561,36.79709243774414,1.23808753490448,2.8582401275634766,41.334693908691406
Leopard,147,27.018354415893555,37.74204635620117,0.9445083280183753,37.372318267822266,1.5348823070526123,3.103755474090576,41.61758041381836
Leopard,148,22.817367553710938,38.081485748291016,0.8857331121704421,35.67277145385742,1.0163789987564087,3.411545515060425,46.1685905456543
Leopard,149,23.276203155517578,36.285484313964844,0.9166071110655142,35.289737701416016,0.6011619567871094,3.371253252029419,46.07783889770508
Leopard,150,13.52944278717041,32.68382263183594,0.907620061637242,36.50950622558594,0.8842800259590149,6.699169635772705,46.42791748046875
Leopard,151,18.225061416625977,38.56349182128906,0.8652748324661531,36.7208137512207,0.531373143196106,4.418179988861084,46.462005615234375
Leopard,152,16.22552490234375,27.645723342895508,0.9311106596185453,28.78266143798828,0.5187718868255615,7.192368984222412,38.167076110839844
Leopard,153,12.181293487548828,28.20049476623535,0.9191869434018214,27.324663162231445,0.7211468815803528,8.996379852294922,38.609439849853516
Leopard,154,16.896631240844727,26.494367599487305,0.9311594518640683,26.834213256835938,0.5137773752212524,8.398740768432617,38.70722198486328
Leopard,155,20.20274543762207,27.9341983795166,0.938728089250633,28.129697799682617,0.6508193612098694,6.829532146453857,39.455543518066406
Leopard,156,28.011581420898438,33.33741760253906,0.9471706327186064,33.57079315185547,0.6679956912994385,10.629575729370117,38.38591766357422
Leopard,157,31.51947021484375,36.07868576049805,0.9347372417336623,32.71982955932617,0.6374066472053528,7.004796028137207,39.06006622314453
Leopard,158,29.761104583740234,35.037200927734375,0.9366017174377573,31.354734420776367,0.6833781003952026,4.296750068664551,38.18111801147461
Leopard,159,27.4390926361084,32.84206771850586,0.9485171168064007,33.215023040771484,0.6185725927352905,9.674041748046875,37.9948616027832
Leopard,160,117.79296112060547,169.8859405517578,0.5214454004666531,41.91459655761719,1.271031141281128,0.9063746333122253,49.21238327026367
Leopard,161,115.3985366821289,176.1167449951172,0.5154752565680247,44.20710372924805,1.4552645683288574,0.20986083149909973,49.626373291015625
Leopard,162,102.04439544677734,157.55857849121094,0.503717288804805,43.20361328125,1.0179387331008911,6.369152069091797,48.39991760253906
Leopard,163,112.31334686279297,169.8444061279297,0.4835648108927721,42.01219177246094,1.3102917671203613,2.4344563484191895,48.664363861083984
Leopard,164,117.27525329589844,141.25186157226562,0.6948656297703422,47.2250862121582,2.0082547664642334,0.7463968396186829,49.0512580871582
Leopard,165,126.52680969238281,156.8570556640625,0.6705920435498091,45.94114303588867,1.824717402458191,2.4971044063568115,47.80902099609375
Leopard,166,130.35614013671875,155.44613647460938,0.6545487162280119,44.532928466796875,2.1435372829437256,0.24902282655239105,48.465972900390625
Leopard,167,105.37892150878906,129.5640106201172,0.7027169596705615,45.83004379272461,1.5634467601776123,2.452343225479126,48.59561538696289
Leopard,168,14483.7119140625,15523.8564453125,0.053917894835017556,55.76203918457031,264.9830017089844,45.1534309387207,51.30531692504883
Leopard,169,14700.8310546875,15546.3427734375,0.0524525259233882,52.9564208984375,271.493408203125,45.67716598510742,51.03860855102539
Leopard,170,15875.515625,17416.998046875,0.05553429715514426,54.34706115722656,299.8075866699219,46.885440826416016,50.96633529663086
Leopard,171,15341.416015625,17138.66015625,0.05772278350149409,56.43660354614258,284.67401123046875,45.886600494384766,50.6197395324707
Leopard,172,297.5896301269531,251.5351104736328,0.2523742495199589,53.28763961791992,2.6952667236328125,9.082829475402832,52.80680465698242
Leopard,173,284.2843017578125,242.85781860351562,0.2899547360533637,51.51560974121094,2.6345748901367188,11.569659233093262,53.68716049194336
Leopard,174,308.5597839355469,249.6341094970703,0.3396642503160842,49.112552642822266,3.286146402359009,2.769639253616333,54.7063102722168
Leopard,175,276.7712097167969,229.46658325195312,0.3986956985571325,51.008689880371094,2.6394264698028564,8.126158714294434,53.7910041809082
Leopard,176,1.1513396501541138,40.397743225097656,0.8220431540916594,29.12912940979004,0.943958044052124,1.5811948776245117,38.84808349609375
Leopard,177,12.31301498413086,44.820831298828125,0.8004564269920686,28.303485870361328,0.9648514986038208,2.656975507736206,39.18763732910156
Leopard,178,11.704094886779785,42.30899429321289,0.834579973442004,29.346282958984375,0.8279460072517395,3.7154862880706787,39.69828796386719
Leopard,179,7.687773704528809,38.19558334350586,0.8652034612568211,29.523021697998047,1.0191593170166016,1.950100302696228,39.55485916137695
Leopard,180,39.78890609741211,51.06588363647461,0.8774907932546774,33.373653411865234,1.0222095251083374,1.9003881216049194,46.95356369018555
Leopard,181,58.68699264526367,69.91641235351562,0.8682889168183686,32.16907501220703,1.386305570602417,4.797109603881836,47.33765411376953
Leopard,182,54.153419494628906,64.6291732788086,0.8726107220611297,33.06191635131836,1.0506058931350708,1.701344609260559,46.07129669189453
Leopard,183,51.77373504638672,62.27103042602539,0.8660915247157199,32.796146392822266,1.274815559387207,3.7528250217437744,45.28798294067383
Leopard,184,28.34575843811035,44.65861511230469,0.7720905209987404,32.535579681396484,0.72456294298172,12.14704418182373,42.13658905029297
Leopard,185,25.174055099487305,45.64521408081055,0.7510922806414313,31.681482315063477,0.9650618433952332,12.903322219848633,42.1415901184082
Leopard,186,28.514799118041992,47.84510803222656,0.7568668756783418,31.828136444091797,0.7956110239028931,9.819160461425781,41.57595443725586
Leopard,187,27.51335906982422,45.24015808105469,0.7765768322085841,32.200927734375,0.9161714911460876,11.726009368896484,41.982627868652344
Leopard,188,16.465961456298828,51.0341682434082,0.8085263295833746,41.617889404296875,0.5080934762954712,6.234864711761475,40.14562225341797
Leopard,189,15.921429634094238,49.2135124206543,0.8312328019779031,42.23461151123047,0.7417880296707153,1.985396146774292,39.83584976196289
Leopard,190,19.899505615234375,47.30218505859375,0.8582984583693026,40.31011199951172,0.48173126578330994,2.069967269897461,40.214622497558594
Leopard,191,13.165166854858398,57.788787841796875,0.724952606316187,40.06441116333008,0.7730007767677307,5.046578407287598,41.051597595214844
Leopard,192,32.131839752197266,40.634796142578125,0.9212266084865379,31.636192321777344,0.43351098895072937,7.84752893447876,42.908817291259766
Leopard,193,29.6959171295166,38.802696228027344,0.9003012712841579,31.034400939941406,0.7983000874519348,2.3199596405029297,43.15293884277344
Leopard,194,32.16067123413086,39.2166633605957,0.9113842476942718,30.885250091552734,0.38441991806030273,1.9502620697021484,41.909400939941406
Leopard,195,32.906497955322266,39.71613311767578,0.9285118761055311,31.863069534301758,0.7614051103591919,4.963197708129883,42.754634857177734
Leopard,196,98.83897399902344,88.35163879394531,0.8993913573929226,39.692962646484375,1.7148479223251343,4.83067512512207,49.5341682434082
Leopard,197,95.63581848144531,83.4069595336914,0.9461978888377329,37.42778396606445,1.6629252433776855,0.6616888642311096,48.969520568847656
Leopard,198,101.99658203125,86.4631576538086,0.9169899178638196,33.71347427368164,1.7111308574676514,3.249762535095215,47.79471206665039
Leopard,199,96.01286315917969,82.06900787353516,0.8835721440810782,33.93942642211914,1.7147095203399658,5.812160015106201,48.82429885864258
Leopard,200,10.227235794067383,21.721172332763672,0.9743658145799311,28.524097442626953,0.8365926742553711,5.118000030517578,40.676021575927734
Leopard,201,7.763216495513916,20.742361068725586,0.978277495122115,29.202985763549805,0.7538487315177917,5.304579734802246,40.48792266845703
Leopard,202,5.962927341461182,20.044431686401367,0.9683512687235746,27.551280975341797,0.8544020056724548,2.787440061569214,41.287261962890625
Leopard,203,7.157955646514893,20.558963775634766,0.9720561803679035,26.9775390625,0.7567775249481201,3.698517084121704,42.03433609008789
Leopard,204,857.8317260742188,1109.7384033203125,0.20573066039074797,44.58127975463867,9.36114501953125,7.057168006896973,46.90393829345703
Leopard,205,818.7371826171875,1049.63232421875,0.1975152515661921,44.734283447265625,9.354048728942871,8.548683166503906,46.88444519042969
Leopard,206,883.0254516601562,1131.2752685546875,0.1855877529063516,45.70298385620117,10.35315227508545,12.975677490234375,47.71648025512695
Leopard,207,794.3195190429688,1027.8038330078125,0.18276439351653284,44.062294006347656,8.793500900268555,5.738290309906006,47.45179748535156
Leopard,208,6004.90185546875,5678.39501953125,0.2914918402448599,57.02349090576172,75.69691467285156,18.781707763671875,56.01306915283203
Leopard,209,5553.7802734375,4924.47998046875,0.28956780365771073,62.67186737060547,65.25799560546875,14.630694389343262,55.63549041748047
Leopard,210,5031.23876953125,4603.5361328125,0.2793359308950077,63.1787223815918,58.19269561767578,10.054065704345703,56.27558135986328
Leopard,211,5662.0908203125,5590.09423828125,0.2806085543535552,59.00649642944336,69.65547180175781,18.286205291748047,55.74753952026367
Leopard,212,10.379193305969238,33.30988311767578,0.9143448748221972,33.19731140136719,0.7370554804801941,7.334622859954834,45.87105941772461
Leopard,213,6.396496295928955,32.17104721069336,0.9137007159805242,32.26909637451172,0.5096337199211121,5.8515424728393555,45.22060775756836
Leopard,214,6.318325519561768,32.504859924316406,0.9139147792817526,30.656591415405273,0.7614163160324097,5.255712509155273,45.1032600402832
Leopard,215,10.88143539428711,30.211692810058594,0.9215958903537638,32.09543228149414,0.49558132886886597,6.330483436584473,45.5664176940918
Leopard,216,31.783246994018555,30.115283966064453,0.9181146747917004,29.45805549621582,0.7543085813522339,2.6810553073883057,43.92198181152344
Leopard,217,27.911930084228516,27.075111389160156,0.9007947205066378,30.03609275817871,0.560730516910553,6.139786720275879,44.973243713378906
Leopard,218,32.55078125,34.94496154785156,0.9084661621525044,30.106040954589844,0.8753299117088318,2.4071667194366455,44.41204071044922
Leopard,219,38.02482223510742,37.075191497802734,0.9089248823538698,29.848596572875977,0.7262686491012573,0.35676273703575134,45.07868576049805
Leopard,220,2582.105224609375,1720.852783203125,0.11816490509373025,65.27223205566406,17.248079299926758,48.778724670410156,58.048553466796875
Leopard,221,2652.610107421875,1785.3359375,0.06646448192406844,56.112525939941406,20.034828186035156,31.802873611450195,58.775333404541016
Leopard,222,2487.306884765625,1559.2216796875,0.05586353305565593,60.51426315307617,20.554283142089844,20.847871780395508,59.38992691040039
Leopard,223,2417.414794921875,1551.78271484375,0.10586282307514784,66.34306335449219,20.112146377563477,19.42437171936035,59.21377944946289
Leopard,224,229.38316345214844,298.3153076171875,0.4390196157536174,34.9738883972168,3.7150075435638428,22.427480697631836,47.28789520263672
Leopard,225,217.10009765625,286.4612121582031,0.450325180199273,38.288475036621094,3.8676443099975586,21.192182540893555,48.286529541015625
Leopard,226,192.9547576904297,255.0399169921875,0.48373813022397477,39.090152740478516,3.1347239017486572,18.50249481201172,48.666439056396484
Leopard,227,191.06089782714844,248.79159545898438,0.4656886248850354,35.53401184082031,3.44191837310791,19.362247467041016,48.861244201660156
Leopard,228,19.214019775390625,23.25678253173828,0.9669848358780977,38.389339447021484,0.5427808165550232,17.929767608642578,43.79865264892578
Leopard,229,14.6270112991333,24.108720779418945,0.9673611503145871,38.01211929321289,0.9360860586166382,17.070241928100586,43.908546447753906
Leopard,230,14.726391792297363,20.522090911865234,0.9795716646433325,38.94881820678711,0.5660676956176758,10.206816673278809,43.41265869140625
Leopard,231,21.456470489501953,24.72610092163086,0.974787236039779,40.63955307006836,1.0096877813339233,12.307761192321777,44.52294158935547
Leopard,232,22.188785552978516,33.20039367675781,0.9410312608909338,36.040775299072266,0.6985837817192078,14.757401466369629,44.775691986083984
Leopard,233,27.6668701171875,39.68376922607422,0.916143093099456,38.4455451965332,0.5174210667610168,16.4884033203125,45.83169174194336
Leopard,234,27.216142654418945,39.82653045654297,0.9004343548681775,37.983097076416016,0.7325347661972046,13.609963417053223,46.14014434814453
Leopard,235,21.818479537963867,33.47317886352539,0.9255826780749334,36.61668395996094,0.6047716736793518,10.964409828186035,45.56016540527344
Leopard,236,22.42852210998535,42.00434494018555,0.8682057634891769,39.93635559082031,0.3584248423576355,18.93025016784668,51.196781158447266
Leopard,237,24.069477081298828,41.55342102050781,0.8982021155673746,41.025394439697266,0.5335701704025269,17.518447875976562,50.920291900634766
Leopard,238,27.530242919921875,45.710716247558594,0.9005900141185392,39.43699645996094,0.4157843589782715,12.295838356018066,50.007076263427734
Leopard,239,23.456214904785156,38.57168197631836,0.9164657074923941,37.67683029174805,0.5629722476005554,9.592889785766602,49.93009948730469
Leopard,240,40.075828552246094,41.279144287109375,0.9720319445755907,33.07930374145508,0.4934161603450775,0.14595863223075867,44.55078125
Leopard,241,44.0910758972168,44.997798919677734,0.9364148002254312,32.055877685546875,0.9729897379875183,1.6822692155838013,44.330745697021484
Leopard,242,45.29631042480469,46.047264099121094,0.9542066956894211,31.624937057495117,0.5137386918067932,4.6253790855407715,44.46847152709961
Leopard,243,48.09073257446289,48.97578811645508,0.9308622555227034,32.559234619140625,0.9236408472061157,6.872611045837402,44.611595153808594
Leopard,244,20.1142578125,32.539302825927734,0.9004037246454373,33.73190689086914,0.688951849937439,0.632961094379425,41.93767547607422
Leopard,245,26.460693359375,36.75569534301758,0.8966518055346853,34.8361930847168,0.5852470993995667,0.36686378717422485,42.13552474975586
Leopard,246,25.202281951904297,35.449974060058594,0.8922721645208329,33.839378356933594,0.6214444637298584,1.9337538480758667,42.659427642822266
Leopard,247,26.23723602294922,33.28395462036133,0.914117380693669,32.711647033691406,0.5931426286697388,3.0285346508026123,43.13794708251953
Leopard,248,16.028257369995117,51.2589111328125,0.6378501141235285,38.50809097290039,0.9066035747528076,10.336756706237793,47.771217346191406
Leopard,249,12.296906471252441,44.27608108520508,0.7452173755195353,39.56201171875,0.8311101794242859,7.014888763427734,47.202354431152344
Leopard,250,13.555619239807129,44.50471115112305,0.676370268892519,39.08757019042969,0.9688246250152588,6.857606887817383,46.705623626708984
Leopard,251,11.308321952819824,48.21096420288086,0.6731225882391692,37.865150451660156,0.9095534086227417,8.498621940612793,46.770057678222656
Leopard,252,34.58663558959961,37.045902252197266,0.9579772833150232,23.205657958984375,0.4798623025417328,3.3163952827453613,36.477622985839844
Leopard,253,29.847848892211914,32.18708038330078,0.9632580325125877,22.67802619934082,0.6571020483970642,0.4706711173057556,36.228397369384766
Leopard,254,29.089914321899414,31.18609046936035,0.9695041584091556,23.372726440429688,0.45864245295524597,0.8702731728553772,36.71744155883789
Leopard,255,32.12394714355469,34.711761474609375,0.9599769887003553,23.177785873413086,0.6677969098091125,1.1013447046279907,35.92567825317383
Leopard,256,13.199629783630371,43.75712585449219,0.9111855817778274,36.63580322265625,1.4628961086273193,2.471784830093384,42.867000579833984
Leopard,257,24.93986701965332,43.6164665222168,0.9412294185524054,35.93292236328125,1.296014428138733,2.182157039642334,42.721641540527344
Leopard,258,18.237348556518555,39.922420501708984,0.9420538014284894,35.521671295166016,1.4709981679916382,0.04121929407119751,41.71442794799805
Leopard,259,15.846726417541504,38.357845306396484,0.9367554629290779,35.10704803466797,1.2106395959854126,3.4038379192352295,42.75491714477539
Leopard,260,197.85812377929688,239.1724090576172,0.47148143247271945,37.37751388549805,2.4663732051849365,4.871068000793457,46.27132797241211
Leopard,261,198.01556396484375,247.0367889404297,0.4447404762364796,38.76335906982422,2.282306432723999,5.238048553466797,47.623538970947266
Leopard,262,187.17015075683594,220.71041870117188,0.4718960888524181,36.67733383178711,2.1942138671875,1.2240866422653198,45.730167388916016
Leopard,263,185.5913848876953,217.69549560546875,0.47871249417869904,36.57686233520508,1.8580818176269531,4.670773029327393,45.73374938964844
Leopard,264,17.37130355834961,23.249155044555664,0.9642044811306824,40.553707122802734,1.0087897777557373,2.985891103744507,45.18246841430664
Leopard,265,17.235048294067383,24.7354679107666,0.9590980518833437,40.75437545776367,1.17562997341156,3.3428945541381836,45.3776969909668
Leopard,266,17.53209686279297,25.1478328704834,0.9665917269150106,41.59947204589844,1.0018171072006226,2.4134910106658936,44.97439193725586
Leopard,267,18.428354263305664,22.98765754699707,0.9710384714027485,40.38687515258789,1.1702500581741333,1.6498596668243408,46.19001770019531
Leopard,268,378.0995788574219,438.8643493652344,0.5199923681435707,41.70889663696289,4.930782794952393,10.88012981414795,51.368614196777344
Leopard,269,400.4416809082031,474.0118408203125,0.517653877932996,42.23637771606445,5.330580234527588,11.59288215637207,50.121253967285156
Leopard,270,381.4563903808594,433.6258850097656,0.5248673655435239,41.70869064331055,4.930796146392822,11.461403846740723,49.825538635253906
Leopard,271,377.286376953125,444.0750732421875,0.5280152916874193,43.29311752319336,5.012253761291504,10.822135925292969,51.26911544799805
Leopard,272,168.22068786621094,259.5870666503906,0.4379266791677374,33.12929153442383,2.1800053119659424,6.003372669219971,41.71514129638672
Leopard,273,154.3268280029297,239.54515075683594,0.4373918121641159,33.607078552246094,1.964477300643921,11.403146743774414,42.3017578125
Leopard,274,169.71743774414062,265.8438720703125,0.39678281218110006,34.2264289855957,2.4340994358062744,13.832104682922363,42.94643020629883
Leopard,275,178.44033813476562,274.3116455078125,0.42901306077091017,33.56519317626953,2.1639575958251953,9.09449577331543,42.22527313232422
Castle Gate,0,24.06597137451172,48.59376525878906,0.8633280623528351,37.5564079284668,0.9021080732345581,0.4314700663089752,39.06003952026367
Castle Gate,1,22.33143424987793,47.918556213378906,0.8694123858319897,35.498409271240234,0.9972699880599976,2.4000563621520996,39.37001037597656
Castle Gate,2,21.031606674194336,45.36478042602539,0.8697784960451177,35.22583770751953,0.8792499899864197,5.920235633850098,38.916290283203125
Castle Gate,3,20.61534309387207,43.80158233642578,0.8789282143295567,37.2654914855957,0.966308057308197,2.0450234413146973,38.49027633666992
Castle Gate,4,14.693313598632812,45.928104400634766,0.8466896695890378,33.944725036621094,0.9847034215927124,3.053968906402588,43.96148681640625
Castle Gate,5,14.744341850280762,41.05867004394531,0.8694869865676784,34.89653015136719,1.0585675239562988,2.09236216545105,43.14876174926758
Castle Gate,6,13.17770004272461,36.860103607177734,0.8674429867737627,33.90445327758789,0.9781396985054016,3.214533805847168,43.54911804199219
Castle Gate,7,19.279752731323242,41.87681579589844,0.8624673146418671,32.98664093017578,1.096146821975708,1.8233832120895386,43.41975402832031
Castle Gate,8,14.682737350463867,37.66100311279297,0.8694800220541884,25.914663314819336,0.6793829202651978,2.7875452041625977,37.78834915161133
Castle Gate,9,19.58558464050293,42.92155075073242,0.8610450604000381,26.720760345458984,0.8329187035560608,4.14045524597168,38.307193756103516
Castle Gate,10,20.984588623046875,43.694496154785156,0.8715850691110333,24.563880920410156,0.7436614632606506,3.384761095046997,37.824405670166016
Castle Gate,11,18.618288040161133,38.15625,0.8937271831983106,24.98704719543457,0.7731348276138306,2.27012300491333,38.03751754760742
Castle Gate,12,26.838184356689453,62.64034652709961,0.7123883727028126,35.82208251953125,0.9455185532569885,4.925145626068115,46.18440628051758
Castle Gate,13,34.125648498535156,67.92131042480469,0.7064476901453485,36.24954605102539,0.9590129852294922,6.390580177307129,45.53413009643555
Castle Gate,14,29.603111267089844,67.57837677001953,0.7133562122248678,36.690834045410156,0.9888269305229187,4.239073276519775,47.268287658691406
Castle Gate,15,25.5814208984375,64.32024383544922,0.7204487664792307,36.39244842529297,0.9020392298698425,3.852785110473633,48.58572006225586
Castle Gate,16,0.9372437596321106,42.26136779785156,0.7970949466518773,38.71616744995117,0.37284886837005615,4.608752250671387,47.926883697509766
Castle Gate,17,7.29910135269165,36.9015007019043,0.8068928084679345,37.464202880859375,0.4609074592590332,3.3602206707000732,48.13047790527344
Castle Gate,18,10.822259902954102,38.56918716430664,0.7873756820499828,36.78348922729492,0.3898276388645172,1.7728972434997559,48.02717590332031
Castle Gate,19,7.482080459594727,40.29615020751953,0.7839398085263033,38.10896682739258,0.49072200059890747,9.573153495788574,49.15071487426758
Castle Gate,20,244.95059204101562,269.991455078125,0.5581628563080209,45.538841247558594,2.5830657482147217,1.8599272966384888,46.96571731567383
Castle Gate,21,220.98143005371094,241.2688446044922,0.6098549640307641,46.98283004760742,2.079683780670166,8.593615531921387,46.858787536621094
Castle Gate,22,209.6087188720703,226.25086975097656,0.6290744767041848,45.802974700927734,2.011622190475464,5.061698913574219,46.92218780517578
Castle Gate,23,216.89715576171875,227.8310089111328,0.5939296748863492,43.74583053588867,2.3606081008911133,0.6194512844085693,47.527557373046875
Castle Gate,24,16.16937255859375,26.544897079467773,0.9433587809486091,34.57628631591797,0.632501482963562,2.996328592300415,40.271053314208984
Castle Gate,25,19.372350692749023,27.257389068603516,0.9509792494416666,33.831138610839844,0.38483119010925293,5.648015022277832,40.25109100341797
Castle Gate,26,16.646032333374023,23.537853240966797,0.9601866360912789,34.104331970214844,0.6316009759902954,0.5345730781555176,40.56587600708008
Castle Gate,27,15.834949493408203,27.460084915161133,0.9494073877533206,35.0654182434082,0.39226701855659485,1.2914011478424072,40.14738845825195
Castle Gate,28,8.022319793701172,22.758251190185547,0.9406151161441059,25.536962509155273,0.4728805124759674,4.5576276779174805,37.73698806762695
Castle Gate,29,9.766201972961426,25.341867446899414,0.9336370592553166,26.652246475219727,0.3951915204524994,2.4189302921295166,38.5589599609375
Castle Gate,30,11.830992698669434,23.34103775024414,0.9453851080529084,26.917970657348633,0.4670262634754181,2.2421305179595947,38.799564361572266
Castle Gate,31,7.021403789520264,23.66363525390625,0.9409392342657155,25.508729934692383,0.32523971796035767,3.2280495166778564,38.886871337890625
Castle Gate,32,6.155172824859619,35.68156433105469,0.8231792351219606,29.792797088623047,0.3213641941547394,12.813628196716309,41.84384536743164
Castle Gate,33,7.127135753631592,40.46874237060547,0.8001911193139533,30.294824600219727,0.547631025314331,15.862621307373047,42.54313278198242
Castle Gate,34,5.8515520095825195,39.69269943237305,0.8060462277862463,28.879070281982422,0.3631981909275055,14.13832950592041,42.20872116088867
Castle Gate,35,8.004154205322266,36.92333984375,0.817368613949896,29.277572631835938,0.5138024687767029,14.882948875427246,42.14621353149414
Castle Gate,36,96.04439544677734,100.77008819580078,0.8174379993046834,36.74769592285156,1.0443840026855469,1.860364317893982,48.51039505004883
Castle Gate,37,95.66742706298828,97.17354583740234,0.8019530777603995,37.63347244262695,0.97856605052948,9.620362281799316,48.25815963745117
Castle Gate,38,98.17140197753906,105.0152816772461,0.7767159102708556,38.2753791809082,0.9872677326202393,11.3095064163208,47.97665023803711
Castle Gate,39,93.82231903076172,97.01631927490234,0.8287428964221493,38.5029296875,0.9711161255836487,7.374509811401367,48.88067626953125
Castle Gate,40,31.50569725036621,33.5660400390625,0.9599550907793725,33.346553802490234,0.4795091450214386,15.435201644897461,40.093772888183594
Castle Gate,41,35.892242431640625,39.36263656616211,0.9413169822708588,32.79930877685547,0.5410387516021729,15.040773391723633,40.811763763427734
Castle Gate,42,37.00891876220703,40.352020263671875,0.9481625701393983,30.37993812561035,0.4604063928127289,13.744296073913574,39.53697967529297
Castle Gate,43,33.582393646240234,36.10203552246094,0.9596342425358545,31.63764762878418,0.5143093466758728,19.037681579589844,40.21993637084961
Castle Gate,44,50.3319206237793,53.06955337524414,0.934327438724955,26.222675323486328,0.5999979972839355,19.158559799194336,39.92927551269531
Castle Gate,45,50.83708572387695,53.732276916503906,0.9427333756617792,26.34393310546875,0.6185956001281738,15.876397132873535,38.927188873291016
Castle Gate,46,51.742244720458984,54.54631042480469,0.9462421117807054,27.165430068969727,0.6015682220458984,14.532126426696777,39.09657669067383
Castle Gate,47,49.9840087890625,52.06211853027344,0.9378367292996169,27.141115188598633,0.610321044921875,15.819525718688965,39.621826171875
Castle Gate,48,67.96507263183594,76.49018859863281,0.8513293953953832,28.472492218017578,0.9583126306533813,6.787590026855469,44.67555236816406
Castle Gate,49,69.41104125976562,81.76660919189453,0.8274684934400022,29.560073852539062,0.7534177303314209,4.452108860015869,45.16493606567383
Castle Gate,50,70.15904235839844,77.07011413574219,0.8675919164184686,28.78901481628418,1.031685471534729,3.0914227962493896,44.733516693115234
Castle Gate,51,70.59442138671875,77.25410461425781,0.8729140644506796,27.99173927307129,0.7387050986289978,5.748892307281494,44.29364013671875
Castle Gate,52,16.45926284790039,43.50798034667969,0.8152915171056295,32.511009216308594,0.7308186292648315,4.447014808654785,44.90420150756836
Castle Gate,53,23.49797248840332,49.192169189453125,0.8076966218329248,32.19406509399414,0.9026218056678772,1.615949034690857,44.715633392333984
Castle Gate,54,25.37662124633789,49.79916000366211,0.7864037788846742,30.051538467407227,0.7900976538658142,3.8960061073303223,45.04591751098633
Castle Gate,55,17.854372024536133,46.539974212646484,0.7804889739475277,31.28112030029297,0.7530367374420166,8.849627494812012,45.12031936645508
Castle Gate,56,20.03889274597168,56.108821868896484,0.776318689059356,42.929962158203125,0.8935500979423523,0.8624632358551025,45.13021469116211
Castle Gate,57,15.177716255187988,52.57548904418945,0.7644437044272556,42.8409423828125,0.3197901248931885,2.5589778423309326,44.47566223144531
Castle Gate,58,18.581876754760742,55.152687072753906,0.7363586287120493,43.00423049926758,0.822358250617981,4.086366176605225,45.34706497192383
Castle Gate,59,24.298612594604492,61.1423225402832,0.7277309885558518,43.341243743896484,0.2872505187988281,1.3435766696929932,45.332054138183594
Castle Gate,60,3.290252447128296,34.46245574951172,0.8689261551065945,23.619585037231445,0.48432743549346924,5.727836608886719,34.324405670166016
Castle Gate,61,0.8805339932441711,35.55461502075195,0.8590852520955689,23.62302589416504,0.5546368360519409,7.46734619140625,35.18178939819336
Castle Gate,62,3.700235366821289,35.26752471923828,0.8641414649092337,25.151229858398438,0.47786831855773926,13.91457462310791,36.458091735839844
Castle Gate,63,1.8062539100646973,36.999202728271484,0.8416562895050376,25.283828735351562,0.5877444744110107,8.199723243713379,35.43400192260742
Castle Gate,64,18.73756217956543,36.1983642578125,0.8943174716257928,33.292484283447266,0.3928857743740082,2.912808418273926,42.40018844604492
Castle Gate,65,18.038272857666016,32.290199279785156,0.9217099075636445,32.215965270996094,0.9300814867019653,4.154878616333008,41.079891204833984
Castle Gate,66,21.403844833374023,36.12601089477539,0.8993690077179525,32.947574615478516,0.4071166515350342,11.892422676086426,41.193973541259766
Castle Gate,67,19.306468963623047,34.08678436279297,0.9111508934221761,32.65365982055664,0.9115104079246521,7.019664287567139,42.55485916137695
Castle Gate,68,264.8645935058594,331.1254577636719,0.3968920670639116,40.9522590637207,3.245680570602417,12.982046127319336,50.946449279785156
Castle Gate,69,290.0377502441406,355.66241455078125,0.40205934677261335,40.45698165893555,3.431978702545166,10.870213508605957,49.836219787597656
Castle Gate,70,284.1368103027344,350.64227294921875,0.40888401765190724,39.382965087890625,3.3331339359283447,10.175559997558594,49.59397506713867
Castle Gate,71,253.33737182617188,310.15997314453125,0.4245011694379692,40.10059356689453,3.0655837059020996,11.95583724975586,50.52861404418945
Castle Gate,72,3.0050041675567627,34.3015251159668,0.870568486489225,29.564298629760742,0.38905009627342224,9.665190696716309,40.511173248291016
Castle Gate,73,2.5914249420166016,32.912261962890625,0.8801930205734676,29.425859451293945,0.6248710751533508,11.238555908203125,39.82652282714844
Castle Gate,74,0.8454320430755615,32.04091262817383,0.8763965792014258,30.097047805786133,0.3976476192474365,10.932113647460938,40.69676208496094
Castle Gate,75,0.3925991952419281,31.82221794128418,0.8868940111018162,30.257217407226562,0.6290911436080933,8.78381061553955,41.413082122802734
Castle Gate,76,14.289952278137207,47.903404235839844,0.7086233868254502,31.212875366210938,0.470007061958313,3.1434783935546875,44.52883529663086
Castle Gate,77,16.334810256958008,47.631858825683594,0.7223467264703268,33.73733139038086,0.8544396162033081,3.913210868835449,44.93021774291992
Castle Gate,78,14.8387451171875,50.776424407958984,0.7068457713992233,33.71904373168945,0.498575359582901,2.173053503036499,45.0012321472168
Castle Gate,79,13.172607421875,49.10951614379883,0.7208727855772047,31.889781951904297,0.8699011206626892,2.4545910358428955,44.61399459838867
Castle Gate,80,230.35089111328125,239.63922119140625,0.48781242677994546,37.72854232788086,3.127527952194214,12.765788078308105,49.03745651245117
Castle Gate,81,228.54916381835938,227.3809814453125,0.45858603091663813,35.92702865600586,2.9275786876678467,10.554443359375,49.81714630126953
Castle Gate,82,238.7165985107422,255.59046936035156,0.5122673860425196,35.390830993652344,3.128727912902832,10.659131050109863,48.677921295166016
Castle Gate,83,239.52630615234375,259.0035705566406,0.5052617238249432,37.31037902832031,3.1516239643096924,13.374835968017578,49.09122085571289
Castle Gate,84,24.84039306640625,27.93416976928711,0.9622830691464682,30.520877838134766,0.8772353529930115,0.9251480102539062,39.852989196777344
Castle Gate,85,24.896507263183594,27.969295501708984,0.9684878099249697,30.100454330444336,0.7610750198364258,1.5348777770996094,39.56147384643555
Castle Gate,86,23.342700958251953,27.58344268798828,0.9661763585781579,29.71639633178711,0.8542211055755615,1.9492107629776,39.89567184448242
Castle Gate,87,26.176347732543945,30.583162307739258,0.9652261381466535,29.819944381713867,0.7433013916015625,0.23941099643707275,39.841819763183594
Castle Gate,88,28.378068923950195,32.09190368652344,0.9438666063116339,26.270124435424805,0.5174418091773987,1.4464551210403442,36.136566162109375
Castle Gate,89,29.388938903808594,33.041717529296875,0.9610739084025526,25.95145034790039,0.4926701486110687,4.136618614196777,36.226593017578125
Castle Gate,90,26.615468978881836,32.29712677001953,0.9479664109579947,25.1362361907959,0.5004033446311951,0.7761598229408264,35.792442321777344
Castle Gate,91,28.542856216430664,32.365013122558594,0.9467152672424167,26.62505340576172,0.4927172064781189,0.6678148508071899,36.695430755615234
Castle Gate,92,86.9840087890625,126.91883850097656,0.6179941895439897,35.606895446777344,1.2912349700927734,1.9855010509490967,43.351470947265625
Castle Gate,93,76.31477355957031,113.68435668945312,0.6187495797560212,35.74470520019531,1.0018738508224487,1.2966524362564087,43.1380729675293
Castle Gate,94,71.3852310180664,106.96054077148438,0.6714253362282432,35.93714141845703,1.1851035356521606,3.8624789714813232,43.6588020324707
Castle Gate,95,75.10562896728516,113.73587799072266,0.6454266323212244,36.31100082397461,1.0687175989151,3.190335988998413,43.68064498901367
Castle Gate,96,18.61102294921875,34.7503776550293,0.9383570724807604,33.084922790527344,0.8050110936164856,3.4660072326660156,43.451725006103516
Castle Gate,97,15.701117515563965,33.2207145690918,0.9363214178975124,33.736778259277344,0.9755315184593201,3.695497512817383,43.53456115722656
Castle Gate,98,18.049341201782227,31.378061294555664,0.9436285138638438,33.18804931640625,0.8148643374443054,1.7030247449874878,43.1265983581543
Castle Gate,99,22.284549713134766,35.56197738647461,0.9414913850816895,33.079952239990234,1.02016019821167,2.635582685470581,43.30174255371094
Castle Gate,100,21.559507369995117,36.511131286621094,0.9219407036453112,31.190481185913086,0.4683729112148285,7.097333908081055,44.08707046508789
Castle Gate,101,21.09138298034668,37.08555603027344,0.9103055928800236,30.462154388427734,0.8090651631355286,7.979386806488037,43.70574951171875
Castle Gate,102,18.181514739990234,37.734615325927734,0.906227937524404,31.585844039916992,0.5161401629447937,9.256551742553711,44.60131072998047
Castle Gate,103,21.243371963500977,37.09735870361328,0.9143166696774642,32.235084533691406,0.7892632484436035,7.368073463439941,45.58981704711914
Castle Gate,104,13.613641738891602,30.99222183227539,0.9239835468260472,25.041748046875,0.7405946254730225,1.6242485046386719,37.41859817504883
Castle Gate,105,14.800973892211914,32.980506896972656,0.9127938766692968,25.832473754882812,0.541479766368866,2.2422964572906494,37.52303695678711
Castle Gate,106,15.016325950622559,34.02509307861328,0.9106293352870123,25.999746322631836,0.7593673467636108,1.77915358543396,38.267974853515625
Castle Gate,107,16.94969367980957,35.06770706176758,0.9240985382643397,25.653013229370117,0.5492318868637085,0.5849142670631409,37.97289276123047
Castle Gate,108,10.013738632202148,40.818450927734375,0.8624822048326175,26.220205307006836,0.521803617477417,5.0179762840271,40.70451354980469
Castle Gate,109,3.6712982654571533,44.035133361816406,0.8529669382135053,26.873844146728516,0.6109830141067505,6.539947986602783,41.588722229003906
Castle Gate,110,7.788362503051758,43.75035858154297,0.8695608272133317,27.006345748901367,0.5119865536689758,5.220942974090576,41.63925552368164
Castle Gate,111,4.988587856292725,41.823829650878906,0.8684935590028853,27.066143035888672,0.5457435250282288,9.501481056213379,41.379791259765625
Castle Gate,112,95.83683013916016,133.0512237548828,0.46840409242591863,43.1196174621582,1.3219902515411377,9.285909652709961,45.29827117919922
Castle Gate,113,92.67326354980469,113.9114990234375,0.5734038380641381,41.77479553222656,1.3833950757980347,4.379386901855469,45.494178771972656
Castle Gate,114,98.51497650146484,134.01402282714844,0.5148823175410465,42.567195892333984,1.355385661125183,8.206985473632812,46.46394729614258
Castle Gate,115,87.38876342773438,133.31735229492188,0.45790169024519795,44.02656173706055,1.402722716331482,7.451694488525391,46.362369537353516
Castle Gate,116,26.876359939575195,40.911563873291016,0.8628812644196717,29.876277923583984,0.5397698283195496,1.1749083995819092,40.764930725097656
Castle Gate,117,23.436389923095703,39.54795455932617,0.8572086481555914,30.10675048828125,0.6745404601097107,0.7562545537948608,41.54856491088867
Castle Gate,118,23.643522262573242,41.90291976928711,0.843167779323089,30.197187423706055,0.5420351028442383,4.608541488647461,41.23345947265625
Castle Gate,119,23.44566535949707,41.58389663696289,0.8517541432009865,29.799449920654297,0.6009675860404968,4.220154285430908,41.696510314941406
Castle Gate,120,17.616329193115234,49.96565246582031,0.7638082229830311,37.13362121582031,0.7627566456794739,6.145680904388428,43.681663513183594
Castle Gate,121,16.15987205505371,55.362606048583984,0.7204365821392296,37.51875305175781,0.6712035536766052,9.700216293334961,43.270416259765625
Castle Gate,122,17.713693618774414,54.39569854736328,0.7118549280706572,37.619873046875,0.8302974700927734,8.742894172668457,43.260353088378906
Castle Gate,123,16.832775115966797,48.44705581665039,0.7653587403773185,36.85639953613281,0.6259347200393677,7.186603546142578,42.98305892944336
Castle Gate,124,34.58675003051758,63.39354705810547,0.7824903735628215,26.716894149780273,0.586868941783905,4.426548957824707,39.15392303466797
Castle Gate,125,40.134925842285156,67.12086486816406,0.793403451984012,25.609643936157227,0.8679711818695068,2.454949140548706,38.3177375793457
Castle Gate,126,38.065460205078125,64.86864471435547,0.777719153719735,26.97426986694336,0.5680276155471802,2.8251850605010986,39.34564208984375
Castle Gate,127,36.256866455078125,68.3529281616211,0.7556185831977886,26.834217071533203,0.8564128875732422,5.204735279083252,39.36956787109375
Castle Gate,128,36.4272346496582,79.25262451171875,0.6695281599027527,41.10356903076172,0.8804410696029663,3.3259024620056152,45.15237808227539
Castle Gate,129,24.160776138305664,69.53515625,0.6797738223073958,41.46916961669922,0.6989221572875977,4.591836452484131,45.369834899902344
Castle Gate,130,23.719236373901367,59.11161804199219,0.7219248054478568,39.81060791015625,0.6954532265663147,5.980437755584717,45.7115478515625
Castle Gate,131,34.67717361450195,68.57251739501953,0.6983506396396743,41.167423248291016,0.6695777177810669,6.108537197113037,45.08341598510742
Castle Gate,132,128.07225036621094,170.15396118164062,0.551151461909232,31.065277099609375,1.6430004835128784,6.411313056945801,42.22846221923828
Castle Gate,133,147.1842498779297,195.0433807373047,0.5368801997513228,31.350465774536133,2.0255916118621826,8.940126419067383,42.02987289428711
Castle Gate,134,120.87278747558594,166.70655822753906,0.5375407378664507,32.331085205078125,1.5923726558685303,7.3149094581604,43.223995208740234
Castle Gate,135,122.93527221679688,164.5936279296875,0.5432433082637622,30.677221298217773,1.7688385248184204,9.035377502441406,42.6253547668457
Castle Gate,136,0.20064938068389893,24.04201889038086,0.951197444149003,30.37661361694336,0.7857686877250671,3.7433314323425293,42.08306121826172
Castle Gate,137,0.30862438678741455,21.35036849975586,0.9629132693385348,29.459529876708984,0.7370626926422119,4.147210597991943,41.01253890991211
Castle Gate,138,8.080931663513184,21.979482650756836,0.9600118031148798,30.772933959960938,0.7170605063438416,6.646169185638428,41.79838943481445
Castle Gate,139,8.7035551071167,24.81046485900879,0.9475287356130975,31.688859939575195,0.7055838704109192,6.9159040451049805,42.92556381225586
Castle Gate,140,36.18994903564453,39.937679290771484,0.9611095619374861,36.687156677246094,1.0642788410186768,2.708853244781494,44.10399627685547
Castle Gate,141,48.58477783203125,58.4201545715332,0.9408851010765279,38.235511779785156,1.148093342781067,1.5305875539779663,44.54653549194336
Castle Gate,142,28.705883026123047,36.499610900878906,0.9637389691541548,38.33098602294922,0.9559099674224854,8.617056846618652,43.80094909667969
Castle Gate,143,23.86867904663086,33.21820831298828,0.9634317460768155,37.59933090209961,0.8280487656593323,7.4098920822143555,44.07205581665039
Castle Gate,144,19.15266990661621,34.759803771972656,0.8933606755984832,30.662240982055664,0.3991033732891083,6.93221378326416,40.4016227722168
Castle Gate,145,18.29073715209961,33.36969757080078,0.8999643285030802,28.724716186523438,0.4461400508880615,4.868156433105469,40.289527893066406
Castle Gate,146,17.779325485229492,32.10224151611328,0.9224654748638788,28.247539520263672,0.3996487855911255,3.771672487258911,40.10814666748047
Castle Gate,147,19.652400970458984,33.8946418762207,0.9127163912857208,29.84164047241211,0.4594680368900299,6.617299556732178,40.61112976074219
Castle Gate,148,139.50794982910156,124.76183319091797,0.6906575651545346,32.96375274658203,1.9167001247406006,8.549797058105469,42.59978103637695
Castle Gate,149,131.8513641357422,120.20062255859375,0.7163002627961265,32.068031311035156,1.6449782848358154,8.748629570007324,42.41224670410156
Castle Gate,150,152.08030700683594,139.25621032714844,0.6849246578720697,30.840829849243164,2.0939247608184814,11.360428810119629,41.888729095458984
Castle Gate,151,134.27769470214844,117.51515197753906,0.7095124210841813,31.422286987304688,1.5901670455932617,6.464355945587158,42.55214309692383
Castle Gate,152,17.57977867126465,36.64574432373047,0.905736430434008,31.791147232055664,0.9496958255767822,9.28196907043457,39.576995849609375
Castle Gate,153,19.326290130615234,37.77742385864258,0.9033832184685043,32.163761138916016,0.6031591892242432,5.877604961395264,40.421539306640625
Castle Gate,154,12.011432647705078,32.86347961425781,0.9158875526277106,31.20917320251465,0.9339480400085449,6.806152820587158,40.17475891113281
Castle Gate,155,19.80992317199707,37.526329040527344,0.9104265996210557,31.942068099975586,0.5796744227409363,3.6894264221191406,39.325931549072266
Castle Gate,156,20.19842529296875,37.96201705932617,0.8984242239848811,35.22024154663086,0.6389496326446533,5.287387847900391,40.98188781738281
Castle Gate,157,24.7266902923584,42.97435760498047,0.8815698071382977,35.06789016723633,0.9025000929832458,5.4664835929870605,41.24250411987305
Castle Gate,158,26.624784469604492,43.656524658203125,0.8945285283842659,33.88862228393555,0.7550809383392334,4.977677822113037,39.569740295410156
Castle Gate,159,23.22195053100586,41.70362091064453,0.8819787714157845,34.72208023071289,0.9322539567947388,3.0082499980926514,40.476932525634766
Castle Gate,160,46.35943603515625,46.41702651977539,0.9574046491181483,26.879701614379883,0.45728084444999695,4.989561080932617,37.23503112792969
Castle Gate,161,45.27164077758789,45.39162063598633,0.9550210047665023,26.829256057739258,0.8253763914108276,5.05032205581665,37.78653335571289
Castle Gate,162,45.581443786621094,45.30086898803711,0.9508516965617027,26.68170928955078,0.457904189825058,4.075739860534668,38.64027786254883
Castle Gate,163,44.5411376953125,44.3294677734375,0.9484881426481646,26.97446632385254,0.8315921425819397,5.30554723739624,38.57987976074219
Castle Gate,164,30.680805206298828,32.61876678466797,0.9600712429075637,30.867780685424805,0.7103747129440308,3.589581251144409,37.809871673583984
Castle Gate,165,30.794893264770508,32.97475814819336,0.9528066012204356,31.168087005615234,0.7727580666542053,3.9072048664093018,38.30280303955078
Castle Gate,166,33.97188186645508,35.100154876708984,0.963667009120021,32.14804458618164,0.6446881294250488,5.170934200286865,38.71323776245117
Castle Gate,167,26.579830169677734,29.0106258392334,0.9772072957091845,31.5173397064209,0.8259896636009216,0.7508018612861633,37.96293640136719
Castle Gate,168,75.3421630859375,114.27761840820312,0.6266874327650429,34.22951889038086,1.1004955768585205,1.1028426885604858,42.58003234863281
Castle Gate,169,75.0556411743164,110.52245330810547,0.6377997432327005,35.606117248535156,1.2000951766967773,3.003523588180542,43.16331100463867
Castle Gate,170,97.75399017333984,132.25701904296875,0.6374826120891958,38.295989990234375,1.265820026397705,3.2795958518981934,42.574275970458984
Castle Gate,171,93.37190246582031,127.00082397460938,0.6261910396755481,37.157020568847656,1.328010082244873,3.8980815410614014,42.339508056640625
Castle Gate,172,33.069095611572266,35.056602478027344,0.9587919738259539,25.477596282958984,0.8471261262893677,2.7044992446899414,36.926265716552734
Castle Gate,173,33.26951599121094,35.479122161865234,0.9528172754447637,29.6506404876709,0.6996725797653198,2.131599187850952,37.039913177490234
Castle Gate,174,31.309036254882812,33.72540283203125,0.9549777838934912,29.181251525878906,0.8587251305580139,4.087168216705322,36.629737854003906
Castle Gate,175,32.017574310302734,33.88412094116211,0.9610778424510239,25.09750747680664,0.656238317489624,4.759948253631592,35.734535217285156
Castle Gate,176,34.901424407958984,39.953041076660156,0.9335641577219638,31.611379623413086,0.7129338979721069,3.27013897895813,40.934783935546875
Castle Gate,177,32.8744010925293,39.116458892822266,0.9201138425264421,30.83331871032715,0.4651455283164978,0.045990705490112305,41.39567184448242
Castle Gate,178,33.76513671875,38.069210052490234,0.939476797721315,30.52800178527832,0.7455354332923889,0.7758593559265137,40.58584976196289
Castle Gate,179,35.173397064208984,39.594486236572266,0.9431873516515205,31.430131912231445,0.43400734663009644,3.731684684753418,41.605682373046875
Castle Gate,180,19.988224029541016,30.31317710876465,0.936779782786084,22.139284133911133,0.44584882259368896,4.417438983917236,42.449161529541016
Castle Gate,181,18.783031463623047,28.29230499267578,0.9435262083410852,22.229520797729492,0.7341112494468689,5.3124589920043945,41.92221450805664
Castle Gate,182,17.045177459716797,28.92345428466797,0.9347655627204592,21.97166633605957,0.4992513060569763,5.706390380859375,42.29177474975586
Castle Gate,183,20.21466827392578,31.95343017578125,0.9234095506433565,22.103126525878906,0.7482373714447021,5.070127010345459,42.31841278076172
Castle Gate,184,6.375243663787842,30.845138549804688,0.9046956000456375,30.972978591918945,0.7074770927429199,24.338726043701172,42.019325256347656
Castle Gate,185,3.991751194000244,29.134550094604492,0.9093481581776739,29.990184783935547,0.3996618688106537,21.167991638183594,42.783607482910156
Castle Gate,186,7.680446624755859,27.045251846313477,0.9152683799485368,28.330509185791016,0.7487030029296875,13.55988597869873,41.201499938964844
Castle Gate,187,6.960229396820068,30.76286506652832,0.8939263269079026,29.784042358398438,0.39327672123908997,19.34267234802246,41.63468933105469
Castle Gate,188,1.3290693759918213,21.952741622924805,0.9473687155359857,26.951494216918945,0.434684157371521,0.5258361101150513,37.562503814697266
Castle Gate,189,0.6188585758209229,21.23769187927246,0.9526469264485811,25.716571807861328,0.6380826234817505,3.7821381092071533,38.45281982421875
Castle Gate,190,2.660655975341797,21.510520935058594,0.9453513598427341,24.565927505493164,0.453591912984848,4.240584373474121,38.532344818115234
Castle Gate,191,1.3354694843292236,19.223180770874023,0.9566311445522752,25.75440216064453,0.6563279032707214,3.8185856342315674,38.07836151123047
Castle Gate,192,17.18170928955078,31.527660369873047,0.9405509680236289,31.590442657470703,0.7378994226455688,4.652610778808594,40.87015914916992
Castle Gate,193,20.30256462097168,32.17958068847656,0.9488741048402173,30.790067672729492,0.6224479079246521,3.732224941253662,40.688934326171875
Castle Gate,194,13.863737106323242,29.219070434570312,0.937012000907892,32.50648498535156,0.6929211616516113,6.65193510055542,40.792171478271484
Castle Gate,195,13.612123489379883,30.064481735229492,0.9418198145016718,32.65047073364258,0.5589222311973572,6.99265193939209,40.541873931884766
Castle Gate,196,17.80390167236328,25.96143913269043,0.9200055670682291,22.88909912109375,0.4213327169418335,5.191736698150635,35.8221435546875
Castle Gate,197,15.140527725219727,25.63259506225586,0.920345903768027,23.429794311523438,0.3815503418445587,5.41285514831543,35.705894470214844
Castle Gate,198,15.338239669799805,24.28786849975586,0.9299931695825187,22.776790618896484,0.4435431659221649,7.430600643157959,35.26604080200195
Castle Gate,199,17.39168930053711,26.349336624145508,0.9135473938032724,22.582849502563477,0.3976932168006897,6.700013637542725,35.862728118896484
Castle Gate,200,15.152868270874023,34.14841079711914,0.8187545202972489,34.482303619384766,0.6979272961616516,9.817683219909668,39.506927490234375
Castle Gate,201,18.256189346313477,37.40411376953125,0.8146344242873977,34.24424362182617,0.7303581833839417,7.341904163360596,40.48086929321289
Castle Gate,202,20.413394927978516,36.614845275878906,0.8250990550843339,34.45230484008789,0.7487010955810547,8.013174057006836,41.976898193359375
Castle Gate,203,20.517242431640625,37.0523681640625,0.8251800342637648,34.44921112060547,0.8449177145957947,11.574307441711426,41.312049865722656
Castle Gate,204,9.579833984375,32.96026611328125,0.9063073348758051,30.87276268005371,0.83609539270401,1.3827694654464722,41.39466857910156
Castle Gate,205,6.078453540802002,31.386720657348633,0.9083073705058351,31.664127349853516,0.5450457334518433,4.090948104858398,40.946903228759766
Castle Gate,206,8.814663887023926,32.94293212890625,0.9007619701432484,30.495929718017578,0.7569147348403931,6.147518157958984,40.30950927734375
Castle Gate,207,10.926701545715332,34.01236343383789,0.8972897869091024,30.193023681640625,0.5192306041717529,2.571674346923828,40.799190521240234
Castle Gate,208,94.31197357177734,94.55165100097656,0.9556592384807072,23.974828720092773,1.0586992502212524,1.5455245971679688,39.92620849609375
Castle Gate,209,100.6778335571289,99.46379852294922,0.9657037045768332,24.08744239807129,1.4646536111831665,2.852343797683716,39.965023040771484
Castle Gate,210,95.03711700439453,94.52222442626953,0.9641114224092238,24.284685134887695,1.1135703325271606,1.2564561367034912,40.443485260009766
Castle Gate,211,92.02967834472656,93.84838104248047,0.9527355955313958,24.322574615478516,1.3502624034881592,2.5522282123565674,40.71062469482422
Castle Gate,212,7.8363261222839355,45.9248161315918,0.8357835104740192,38.20186996459961,0.37357309460639954,5.805616855621338,46.302337646484375
Castle Gate,213,5.371467590332031,43.943241119384766,0.8477721215497886,37.11789321899414,0.5949445962905884,0.8246567845344543,46.90373992919922
Castle Gate,214,4.549184322357178,41.60988998413086,0.8544576259957158,38.56325912475586,0.39806699752807617,0.1304684281349182,47.71330642700195
Castle Gate,215,8.41552448272705,42.699134826660156,0.8664002335699349,38.77235412597656,0.7014279961585999,2.929690361022949,46.53696060180664
Castle Gate,216,1.8581814765930176,16.18695068359375,0.9794263852075361,30.880693435668945,0.6308372020721436,4.536425590515137,40.507606506347656
Castle Gate,217,0.7905387282371521,16.52311897277832,0.9783090974074924,29.375804901123047,1.006321668624878,2.5094058513641357,39.39065170288086
Castle Gate,218,2.6563234329223633,17.800182342529297,0.9770108451887526,30.00784683227539,0.65450119972229,5.002970218658447,40.803951263427734
Castle Gate,219,2.5794179439544678,16.56490707397461,0.9791352757118781,31.152013778686523,1.0058646202087402,3.293682336807251,40.31877136230469
Castle Gate,220,21.27573585510254,33.71434020996094,0.9238023324575667,34.7299690246582,0.6244675517082214,1.889702558517456,40.913639068603516
Castle Gate,221,23.771495819091797,33.00213623046875,0.9506850920599588,35.63532638549805,0.9401986002922058,0.37529948353767395,40.50046157836914
Castle Gate,222,18.95939064025879,28.949752807617188,0.956019454637615,36.591331481933594,0.647332489490509,0.21828140318393707,39.52068328857422
Castle Gate,223,18.868648529052734,33.19635772705078,0.92959284135386,34.21689987182617,0.9521400928497314,0.23358772695064545,40.10942459106445
Castle Gate,224,15.690242767333984,33.35562515258789,0.888804817063681,25.4890079498291,0.6126478910446167,8.996162414550781,39.37298583984375
Castle Gate,225,14.001282691955566,36.8980827331543,0.8469609633392083,24.904521942138672,0.3719346523284912,7.649324417114258,39.300331115722656
Castle Gate,226,16.824874877929688,35.94234085083008,0.8596588127136728,24.975744247436523,0.6181106567382812,7.093867778778076,39.57167434692383
Castle Gate,227,16.56498146057129,35.3397331237793,0.8567294027726028,25.306594848632812,0.40238186717033386,8.993810653686523,39.80541229248047
Castle Gate,228,31.721220016479492,31.950185775756836,0.9742703699527838,16.61993408203125,0.46014317870140076,2.480705738067627,30.516984939575195
Castle Gate,229,28.79076385498047,29.324434280395508,0.9744262415284166,16.536300659179688,0.43736532330513,1.4134392738342285,30.45032501220703
Castle Gate,230,29.847557067871094,30.022815704345703,0.9680844537018299,17.147621154785156,0.4373912811279297,2.3190724849700928,30.92917823791504
Castle Gate,231,32.17595291137695,32.025150299072266,0.9666821131234581,17.05436897277832,0.4155656695365906,2.718712568283081,30.800308227539062
Castle Gate,232,5.980057716369629,32.163700103759766,0.8896432851191273,29.152084350585938,0.761780321598053,5.623807430267334,40.411643981933594
Castle Gate,233,8.80785846710205,34.82764434814453,0.8909797807320187,29.888952255249023,0.5252534747123718,4.810658931732178,42.22526168823242
Castle Gate,234,2.3632969856262207,30.1726016998291,0.9035778113102881,29.8920841217041,0.7373116612434387,4.556016445159912,41.18895721435547
Castle Gate,235,0.14413554966449738,29.657548904418945,0.8973917891084332,28.442974090576172,0.46062058210372925,6.707513809204102,40.12540054321289
Castle Gate,236,11.838788032531738,18.328502655029297,0.9652794475513711,27.48996925354004,0.7785540223121643,2.3504276275634766,36.342384338378906
Castle Gate,237,12.345498085021973,19.434391021728516,0.9612950282452255,27.468700408935547,0.301795095205307,1.5960139036178589,37.32301330566406
Castle Gate,238,13.704133987426758,21.565616607666016,0.9541602357034195,27.850378036499023,0.7558811902999878,2.536616325378418,36.94916915893555
Castle Gate,239,17.487361907958984,21.717899322509766,0.9669149008145962,27.025833129882812,0.3094429075717926,6.4775848388671875,35.84992599487305
Castle Gate,240,5.797277450561523,19.682289123535156,0.9660514280706277,40.77040481567383,0.7453446388244629,9.387171745300293,42.80958938598633
Castle Gate,241,0.6563889980316162,18.109254837036133,0.9684686985449596,39.34662628173828,0.9247502684593201,7.384139060974121,42.64772033691406
Castle Gate,242,0.6078544855117798,20.093481063842773,0.9592260492326413,41.17392349243164,0.8423627614974976,6.435876846313477,42.20586013793945
Castle Gate,243,5.449294090270996,18.91126823425293,0.9622952851128069,42.24568176269531,0.8786501884460449,9.332008361816406,42.08476638793945
Castle Gate,244,34.91597366333008,45.58435821533203,0.8166517041009406,30.844871520996094,0.49303871393203735,3.28279709815979,45.55706787109375
Castle Gate,245,35.071632385253906,46.41848373413086,0.8201233355858703,31.13001251220703,0.41869381070137024,7.441175937652588,45.524383544921875
Castle Gate,246,37.57142639160156,46.73234939575195,0.880903808919993,32.11933898925781,0.48592492938041687,13.839140892028809,45.75502395629883
Castle Gate,247,35.97368240356445,45.56086730957031,0.8706662439843414,30.966400146484375,0.4380112886428833,7.580793380737305,45.83903884887695
Castle Gate,248,32.376468658447266,36.111366271972656,0.9474299787550029,26.665544509887695,0.3304496705532074,0.10743504017591476,38.95856475830078
Castle Gate,249,32.59397506713867,35.73366165161133,0.9526614544566129,27.171777725219727,0.5991572141647339,3.508732795715332,38.982147216796875
Castle Gate,250,32.8514289855957,37.21070861816406,0.9411187450461674,27.787994384765625,0.3650325536727905,5.256941318511963,39.520755767822266
Castle Gate,251,33.49225997924805,36.32481384277344,0.949919813749061,27.26720428466797,0.6016958355903625,2.390270709991455,39.67653274536133
Castle Gate,252,10.06524658203125,22.73284149169922,0.9557364763637493,23.740602493286133,0.49966296553611755,4.626298904418945,44.387535095214844
Castle Gate,253,6.707923889160156,20.58576774597168,0.9644425296834144,23.042438507080078,0.7414937019348145,3.380558729171753,44.3100700378418
Castle Gate,254,7.434460639953613,19.48555564880371,0.9608697067902394,24.350162506103516,0.5127648711204529,2.798866033554077,44.48760223388672
Castle Gate,255,11.383585929870605,22.545635223388672,0.9541080702608127,24.326547622680664,0.6734555959701538,3.7403829097747803,44.24301528930664
Castle Gate,256,21.114517211914062,46.96232604980469,0.7559847673246975,42.05012130737305,0.4908008277416229,0.3984421193599701,44.276611328125
Castle Gate,257,11.191570281982422,46.05887985229492,0.7832407878529567,44.28236389160156,0.6329764723777771,0.6965869069099426,45.26618576049805
Castle Gate,258,19.81548309326172,46.069602966308594,0.7922909624511282,42.798675537109375,0.5410683751106262,3.790471076965332,45.59165954589844
Castle Gate,259,12.056400299072266,43.616825103759766,0.7973225025571009,43.7502326965332,0.6054686307907104,3.5213704109191895,45.645416259765625
Castle Gate,260,25.039613723754883,29.362483978271484,0.9620466250383459,20.595853805541992,0.7743912935256958,2.2516276836395264,35.34621810913086
Castle Gate,261,27.500896453857422,31.384746551513672,0.9597880173724138,20.895212173461914,0.32483774423599243,1.435717225074768,35.020511627197266
Castle Gate,262,28.657075881958008,31.58262062072754,0.9636892613519172,21.558252334594727,0.7538925409317017,2.008457660675049,35.52703857421875
Castle Gate,263,29.267528533935547,31.964839935302734,0.9693270663004283,21.428998947143555,0.3380225896835327,2.0014233589172363,35.09981155395508
Castle Gate,264,8.385871887207031,27.571134567260742,0.9163704431694967,29.336347579956055,0.8704347014427185,5.629873275756836,39.527217864990234
Castle Gate,265,8.161726951599121,28.177814483642578,0.9098776667635742,29.0559139251709,0.5306820869445801,5.674365043640137,41.44578170776367
Castle Gate,266,0.1743794083595276,30.87779998779297,0.9056355236210236,29.61431121826172,1.0277667045593262,2.0146377086639404,42.06576156616211
Castle Gate,267,2.327345371246338,30.229339599609375,0.9064059320716926,30.097522735595703,0.5864508748054504,2.785352945327759,40.363670349121094
Castle Gate,268,6.6581196784973145,33.48501205444336,0.9223322659532591,41.932926177978516,0.6120336651802063,9.274439811706543,46.734230041503906
Castle Gate,269,11.478943824768066,34.92975616455078,0.9350216030181465,44.121795654296875,0.6656830906867981,13.162997245788574,46.76182174682617
Castle Gate,270,9.411477088928223,32.03439712524414,0.9387464581180425,46.16519546508789,0.5615409016609192,16.617399215698242,46.66364288330078
Castle Gate,271,8.085956573486328,32.15182876586914,0.924964832078085,43.76293182373047,0.6355280876159668,14.355684280395508,47.13677215576172
Castle Gate,272,40.91155242919922,46.4985237121582,0.954496130605229,27.942047119140625,0.6082823872566223,3.2479076385498047,37.59794998168945
Castle Gate,273,41.174278259277344,47.57068634033203,0.9573176672626182,28.245162963867188,0.6283003687858582,3.765934705734253,37.824703216552734
Castle Gate,274,40.77427291870117,47.58844757080078,0.9458820080632353,26.558109283447266,0.6294339299201965,3.8575398921966553,37.363128662109375
Castle Gate,275,40.21248245239258,46.89020919799805,0.9492080065302465,26.158580780029297,0.618076741695404,3.7808754444122314,37.85719299316406
Castle Gate,276,13.552750587463379,31.223129272460938,0.9197603930620953,27.856128692626953,0.901221513748169,6.320570945739746,38.1881217956543
Castle Gate,277,14.91356086730957,31.94069480895996,0.9184465243132456,29.058162689208984,0.46574273705482483,5.5920634269714355,37.99173355102539
Castle Gate,278,16.12942123413086,30.328805923461914,0.9327568845057691,28.027965545654297,0.905230700969696,3.7459685802459717,36.93378829956055
Castle Gate,279,15.860246658325195,28.573083877563477,0.9360662825465992,27.384849548339844,0.49888136982917786,4.556299686431885,37.221004486083984
Castle Gate,280,16.286237716674805,35.39129638671875,0.8631797180637822,36.913509368896484,0.9677869081497192,1.427276611328125,41.78016662597656
Castle Gate,281,18.674297332763672,35.854061126708984,0.8727179290801126,36.92221450805664,0.6879351735115051,1.1032875776290894,41.440486907958984
Castle Gate,282,17.99893569946289,31.850858688354492,0.8986783413812758,37.28993225097656,0.9555202126502991,1.51908540725708,40.98774337768555
Castle Gate,283,10.992141723632812,30.678558349609375,0.8791277055123952,37.78556442260742,0.7955085635185242,0.12478600442409515,41.34213638305664
Berea Upper Gray,0,46.6879768371582,55.458675384521484,0.7964761576548576,44.79813766479492,0.5671937465667725,23.0507755279541,48.03492736816406
Berea Upper Gray,1,44.17859649658203,53.497135162353516,0.8112445619677326,44.856201171875,0.6478312611579895,20.8565731048584,47.430442810058594
Berea Upper Gray,2,44.05256271362305,49.892677307128906,0.8371154597090998,44.428077697753906,0.5671039819717407,26.560100555419922,47.88591384887695
Berea Upper Gray,3,42.414695739746094,53.24403762817383,0.7935199282443595,44.713443756103516,0.6592563986778259,19.122133255004883,48.220054626464844
Berea Upper Gray,4,1.8347331285476685,22.25542449951172,0.961245497186138,35.238616943359375,0.9401171207427979,7.967813968658447,41.547550201416016
Berea Upper Gray,5,1.8405659198760986,20.549081802368164,0.9683422511392125,35.97908401489258,0.7664945721626282,9.064926147460938,42.1393928527832
Berea Upper Gray,6,1.0943576097488403,20.685693740844727,0.966615982818646,37.196815490722656,0.9322740435600281,8.069430351257324,42.332950592041016
Berea Upper Gray,7,3.490558624267578,21.97344207763672,0.9624653916354589,35.670387268066406,0.7978863716125488,5.69973087310791,42.11216354370117
Berea Upper Gray,8,6.4641242027282715,43.102535247802734,0.8263004324480343,36.04868698120117,0.8836431503295898,1.1507666110992432,43.46256637573242
Berea Upper Gray,9,4.685657978057861,44.600341796875,0.8233448361504595,35.7933464050293,0.7840498685836792,0.46280479431152344,43.5336799621582
Berea Upper Gray,10,3.2593448162078857,44.15003204345703,0.8217571371495461,37.415771484375,0.9005502462387085,0.9460616707801819,44.198848724365234
Berea Upper Gray,11,4.419722557067871,41.62584686279297,0.8302028659037815,37.63609313964844,0.7984280586242676,1.1311397552490234,44.15622329711914
Berea Upper Gray,12,12.085585594177246,68.69287109375,0.6626147306628054,34.55970764160156,0.6406008005142212,6.621458053588867,41.40242385864258
Berea Upper Gray,13,13.79222297668457,66.7281265258789,0.6812656587108772,35.752105712890625,0.901824951171875,3.7498981952667236,42.56317901611328
Berea Upper Gray,14,18.565475463867188,72.20844268798828,0.6732325067566698,36.04473876953125,0.7069799304008484,4.063671112060547,42.817237854003906
Berea Upper Gray,15,12.276519775390625,64.58867645263672,0.6963869140540125,34.418983459472656,0.8794911503791809,4.214218616485596,41.411224365234375
Berea Upper Gray,16,8.319950103759766,58.63225555419922,0.826887785220305,47.68566131591797,1.0869381427764893,0.1538337618112564,47.48371887207031
Berea Upper Gray,17,5.385717868804932,49.935367584228516,0.8641142611339614,48.20273208618164,0.7183010578155518,10.992047309875488,48.24846267700195
Berea Upper Gray,18,2.71370792388916,53.687808990478516,0.8434155869035204,48.047508239746094,0.9117977619171143,6.941751956939697,48.28063201904297
Berea Upper Gray,19,0.7153598666191101,53.431705474853516,0.8267135465785116,47.58010482788086,0.846261739730835,8.890073776245117,48.34930419921875
Berea Upper Gray,20,16.754812240600586,51.24674987792969,0.8018503350265397,47.105262756347656,0.4864600598812103,9.550000190734863,51.29387283325195
Berea Upper Gray,21,13.690642356872559,52.86030960083008,0.7453899398685101,45.226707458496094,0.4614397883415222,6.663365364074707,51.195499420166016
Berea Upper Gray,22,17.476564407348633,45.76869201660156,0.8232060344475461,45.53721237182617,0.5017715692520142,16.530426025390625,51.4683952331543
Berea Upper Gray,23,12.222583770751953,48.65104675292969,0.78544451892518,45.96147155761719,0.47306665778160095,7.604500770568848,51.33686447143555
Berea Upper Gray,24,46.522491455078125,50.54741668701172,0.9389645336293844,37.388668060302734,0.5230379104614258,0.7444479465484619,40.03510284423828
Berea Upper Gray,25,45.701698303222656,50.10383224487305,0.940283402577534,38.28153610229492,0.5947799682617188,0.6887564063072205,40.4044303894043
Berea Upper Gray,26,46.2027473449707,51.126338958740234,0.9378828865564874,39.43728256225586,0.5372088551521301,2.641446352005005,40.35932922363281
Berea Upper Gray,27,45.9964599609375,50.127628326416016,0.9439652560641614,38.326419830322266,0.600818932056427,4.090364933013916,40.46378707885742
Berea Upper Gray,28,19.13661003112793,26.38390350341797,0.9082707184489116,27.760393142700195,0.8955804109573364,2.1173031330108643,37.99039840698242
Berea Upper Gray,29,22.911230087280273,29.968551635742188,0.9006505122731527,26.760637283325195,0.6594045758247375,3.524292469024658,38.80634307861328
Berea Upper Gray,30,21.36603355407715,28.54852867126465,0.8998104703530901,27.875717163085938,0.8688376545906067,3.2790257930755615,38.48444366455078
Berea Upper Gray,31,16.956506729125977,27.44275665283203,0.894373157290382,27.56976890563965,0.6787163019180298,1.5158710479736328,38.0345458984375
Berea Upper Gray,32,3.9368598461151123,54.20228958129883,0.7037900342790714,37.4960823059082,1.0201725959777832,0.19180341064929962,42.67047882080078
Berea Upper Gray,33,1.9435838460922241,60.960933685302734,0.672441651085217,37.385677337646484,0.62074875831604,1.2263473272323608,42.6495475769043
Berea Upper Gray,34,1.664689540863037,57.64994812011719,0.6829130943084635,36.28264236450195,1.071553349494934,0.880616307258606,43.24687576293945
Berea Upper Gray,35,0.12682956457138062,60.40605163574219,0.6789810994791854,36.681488037109375,0.6301646828651428,0.8902156352996826,43.092308044433594
Berea Upper Gray,36,15.823862075805664,93.60595703125,0.38198721537417046,46.58833312988281,0.9131922125816345,8.261346817016602,48.85763931274414
Berea Upper Gray,37,11.604769706726074,87.0563735961914,0.40836850472305153,46.29860305786133,0.8469749093055725,3.727402925491333,48.249507904052734
Berea Upper Gray,38,11.866962432861328,84.93783569335938,0.46216872227019345,45.90471649169922,0.7960577607154846,2.157968282699585,48.271217346191406
Berea Upper Gray,39,12.512598037719727,86.05091094970703,0.45628768094745936,46.99988555908203,0.786875307559967,4.164177417755127,49.066558837890625
Berea Upper Gray,40,38.62674331665039,53.64340591430664,0.7591889495614137,40.731903076171875,0.5447412133216858,4.0629472732543945,45.753944396972656
Berea Upper Gray,41,37.50722122192383,52.5386848449707,0.771834359304512,40.7034912109375,0.4694502055644989,1.9847650527954102,45.84854507446289
Berea Upper Gray,42,38.00228500366211,52.62986373901367,0.7803256925803768,40.13905334472656,0.5100717544555664,8.591772079467773,45.523441314697266
Berea Upper Gray,43,39.60616683959961,53.28369140625,0.7977485147771574,40.70987319946289,0.4914178252220154,11.1339750289917,45.66169738769531
Berea Upper Gray,44,17.85875129699707,50.745521545410156,0.6303440485160816,49.26993942260742,0.5041952729225159,9.730083465576172,51.51750564575195
Berea Upper Gray,45,20.570716857910156,57.15143585205078,0.6165662098247631,47.27852249145508,0.6295064687728882,2.133218765258789,52.199100494384766
Berea Upper Gray,46,23.529115676879883,57.293087005615234,0.6390768040996233,44.80088424682617,0.571932852268219,3.09153151512146,51.682777404785156
Berea Upper Gray,47,23.110889434814453,51.05496597290039,0.6416654554195611,45.10533905029297,0.5382738709449768,13.140002250671387,51.43423080444336
Berea Upper Gray,48,12.946480751037598,36.33860778808594,0.8784893739990337,33.6414909362793,0.6304436326026917,12.764423370361328,45.95431137084961
Berea Upper Gray,49,15.439831733703613,37.07521438598633,0.8938868942882178,33.889278411865234,0.6608865857124329,16.338523864746094,45.00278854370117
Berea Upper Gray,50,17.52699851989746,45.44825744628906,0.8307488587012294,34.38846206665039,0.6397116184234619,11.24171257019043,45.391300201416016
Berea Upper Gray,51,16.13262939453125,42.55405807495117,0.8365404221110452,34.26158142089844,0.683375358581543,8.73352336883545,46.220176696777344
Berea Upper Gray,52,13.438268661499023,25.07269859313965,0.9591986190844908,32.09941482543945,0.8610114455223083,3.5801408290863037,43.07538604736328
Berea Upper Gray,53,16.68450927734375,28.966251373291016,0.9426492525410731,33.81932067871094,0.5605258941650391,3.5042972564697266,44.40741729736328
Berea Upper Gray,54,7.3155694007873535,30.24424934387207,0.9463643492366162,35.249752044677734,0.9750105738639832,1.9551186561584473,44.48366928100586
Berea Upper Gray,55,13.551295280456543,27.75535774230957,0.9561877496348111,33.72096252441406,0.5778539776802063,5.306065559387207,43.63541793823242
Berea Upper Gray,56,26.549575805664062,36.04061508178711,0.9515828082573493,42.07893371582031,0.7367168664932251,22.439329147338867,47.413883209228516
Berea Upper Gray,57,27.221874237060547,36.775856018066406,0.9427754800350612,42.456844329833984,0.5287229418754578,25.836544036865234,48.417076110839844
Berea Upper Gray,58,24.373998641967773,34.52346420288086,0.9442117798628936,41.4083251953125,0.8213129043579102,17.140872955322266,48.002357482910156
Berea Upper Gray,59,23.41675567626953,33.44159698486328,0.949215338716511,42.68990707397461,0.5777479410171509,14.372261047363281,46.911922454833984
Berea Upper Gray,60,18.318622589111328,41.517452239990234,0.8444652840330166,37.9570426940918,0.5594680905342102,2.0879576206207275,40.551246643066406
Berea Upper Gray,61,17.8631591796875,41.075870513916016,0.8630109262785248,37.89175796508789,0.8161371350288391,1.5877065658569336,40.45069885253906
Berea Upper Gray,62,21.560482025146484,42.29810333251953,0.836789271167122,37.974876403808594,0.5376211404800415,1.6314351558685303,40.60129928588867
Berea Upper Gray,63,18.503150939941406,47.03207015991211,0.801801060294902,36.583351135253906,0.8420840501785278,5.144692897796631,40.520835876464844
Berea Upper Gray,64,15.865131378173828,29.434667587280273,0.9506526798988126,40.41310501098633,0.9358256459236145,4.119621276855469,44.34648513793945
Berea Upper Gray,65,21.074804306030273,31.707773208618164,0.9435341487127206,41.12940979003906,1.028751254081726,0.45187729597091675,43.90693283081055
Berea Upper Gray,66,18.105823516845703,31.30094337463379,0.9452497193210092,40.80162811279297,0.9973758459091187,1.827178716659546,43.58920669555664
Berea Upper Gray,67,18.815372467041016,29.957321166992188,0.9497850267275946,39.91987228393555,0.931955099105835,3.0768935680389404,43.806114196777344
Berea Upper Gray,68,97.65087890625,121.26634216308594,0.5257339939379976,66.10356903076172,1.8534249067306519,9.675317764282227,49.451995849609375
Berea Upper Gray,69,109.55514526367188,124.74945831298828,0.5472437286357292,59.635860443115234,1.919219970703125,16.797773361206055,49.4515266418457
Berea Upper Gray,70,113.89431762695312,134.24681091308594,0.5341565524879361,59.83232879638672,2.2433276176452637,19.170169830322266,49.24904251098633
Berea Upper Gray,71,100.8122787475586,130.4995574951172,0.4971838626653723,66.29059600830078,1.7201273441314697,11.651449203491211,49.21909713745117
Berea Upper Gray,72,6.894118785858154,43.540462493896484,0.7990395796920623,43.17738342285156,0.5470061898231506,14.600131034851074,48.42361831665039
Berea Upper Gray,73,4.558927536010742,40.094146728515625,0.8112035124149436,43.2275390625,0.6135337352752686,16.273096084594727,48.037837982177734
Berea Upper Gray,74,1.7864689826965332,40.57231903076172,0.8045230558467334,41.889122009277344,0.5388216376304626,8.708595275878906,47.47467803955078
Berea Upper Gray,75,1.422711730003357,40.49154281616211,0.8087045254289328,42.60945510864258,0.6086820363998413,7.382230281829834,47.88062286376953
Berea Upper Gray,76,100.64968872070312,118.15668487548828,0.3327081918189729,48.82179641723633,1.9668481349945068,23.620882034301758,48.910762786865234
Berea Upper Gray,77,89.37938690185547,108.39408111572266,0.3706360505170401,50.659263610839844,1.4279227256774902,15.379033088684082,49.42506408691406
Berea Upper Gray,78,94.85619354248047,119.41551971435547,0.31221842680774037,50.52307891845703,1.824726939201355,19.64912223815918,48.066749572753906
Berea Upper Gray,79,95.93649291992188,122.23206329345703,0.28697088733181675,49.520957946777344,1.6710023880004883,22.68474006652832,48.39444351196289
Berea Upper Gray,80,8.72439956665039,37.22673034667969,0.8417874377701091,54.817745208740234,0.43406951427459717,16.475223541259766,52.189212799072266
Berea Upper Gray,81,0.6982234120368958,40.711822509765625,0.809031966179271,56.962799072265625,0.4590066075325012,25.344139099121094,52.82489776611328
Berea Upper Gray,82,1.2547917366027832,41.76272201538086,0.8016223761120395,53.798980712890625,0.44944465160369873,20.925214767456055,52.42292404174805
Berea Upper Gray,83,10.997208595275879,39.69993591308594,0.8320601764704646,52.29733657836914,0.5871971845626831,14.855114936828613,52.43626403808594
Berea Upper Gray,84,6.24630069732666,29.447797775268555,0.9445263374031523,34.46123504638672,0.7341684699058533,2.340508460998535,42.15288543701172
Berea Upper Gray,85,9.336044311523438,31.138051986694336,0.939507038613905,34.71248245239258,0.7683292627334595,5.104321002960205,42.77103042602539
Berea Upper Gray,86,8.906841278076172,31.012428283691406,0.9379443140276599,34.132530212402344,0.7024568319320679,6.509276390075684,42.65060043334961
Berea Upper Gray,87,3.861964464187622,33.50360870361328,0.932286932110836,32.950992584228516,0.8266667127609253,2.5422699451446533,42.00238037109375
Berea Upper Gray,88,25.0439510345459,37.15654754638672,0.8718701407429856,32.162200927734375,0.4959580898284912,11.988972663879395,42.18778991699219
Berea Upper Gray,89,25.13427734375,34.96118927001953,0.8835462977693791,31.94688606262207,0.46818867325782776,11.654959678649902,42.14617156982422
Berea Upper Gray,90,28.397871017456055,37.5670280456543,0.871776180477512,32.51616668701172,0.5441812872886658,13.769041061401367,43.01178741455078
Berea Upper Gray,91,29.192447662353516,39.03522872924805,0.8810369952721829,32.07569122314453,0.46485865116119385,15.249663352966309,42.66644287109375
Berea Upper Gray,92,33.74536895751953,39.008087158203125,0.9028293734272351,37.25923538208008,0.4976648688316345,1.7834441661834717,39.5598030090332
Berea Upper Gray,93,34.08893966674805,39.63859558105469,0.8948738915335481,34.794883728027344,0.442207008600235,3.9955759048461914,40.50166320800781
Berea Upper Gray,94,37.602447509765625,41.848819732666016,0.9050048559415476,35.72539520263672,0.48230838775634766,9.037939071655273,40.71582794189453
Berea Upper Gray,95,37.60761260986328,41.737789154052734,0.9062647430607996,39.18339920043945,0.4537546634674072,7.600279808044434,40.24750518798828
Berea Upper Gray,96,31.236366271972656,41.9131965637207,0.8844022302804799,43.46754455566406,0.5579662322998047,23.251895904541016,47.46739196777344
Berea Upper Gray,97,32.289424896240234,40.92156219482422,0.9048972213632949,41.36589813232422,0.6122916340827942,23.843219757080078,46.69802474975586
Berea Upper Gray,98,32.14445495605469,39.352821350097656,0.9194944721324415,43.138832092285156,0.5660727620124817,19.658048629760742,47.12412643432617
Berea Upper Gray,99,30.92742347717285,40.232566833496094,0.9011446566317581,45.73354721069336,0.604409396648407,18.441347122192383,47.20676803588867
Berea Upper Gray,100,460.0654602050781,382.81134033203125,0.6052312795290465,55.8133544921875,4.519664287567139,2.9093635082244873,52.2524299621582
Berea Upper Gray,101,429.0513610839844,341.2440185546875,0.5542964241624793,57.226985931396484,4.138711452484131,3.932408571243286,52.542510986328125
Berea Upper Gray,102,447.8716735839844,364.7218017578125,0.573826995230042,58.33571243286133,4.4190521240234375,2.894031286239624,51.411651611328125
Berea Upper Gray,103,470.36334228515625,373.6436462402344,0.6048397661028534,56.45326614379883,4.456993579864502,6.161204814910889,51.55031967163086
Berea Upper Gray,104,14.077920913696289,37.19145584106445,0.9000829720895195,36.98652648925781,0.7941339015960693,10.427810668945312,41.93556213378906
Berea Upper Gray,105,9.542526245117188,39.087669372558594,0.8884173317235289,37.590789794921875,0.8376626968383789,12.742829322814941,42.23211669921875
Berea Upper Gray,106,16.337995529174805,37.54820251464844,0.9022633400315004,37.77821350097656,0.803010106086731,10.839289665222168,41.73431396484375
Berea Upper Gray,107,17.79734992980957,36.320350646972656,0.9152863017504906,36.59772872924805,0.8050637245178223,11.421736717224121,41.03532791137695
Berea Upper Gray,108,94.61981964111328,136.0430450439453,0.5005530077037057,48.57394790649414,1.6311756372451782,11.010622024536133,51.7279167175293
Berea Upper Gray,109,100.79041290283203,149.71047973632812,0.43527277947723164,48.94793701171875,1.5709728002548218,11.261590957641602,51.27849578857422
Berea Upper Gray,110,108.06463623046875,157.90481567382812,0.43659096197938474,49.954368591308594,1.749234676361084,10.819019317626953,49.64910888671875
Berea Upper Gray,111,98.72008514404297,138.07522583007812,0.5178350285231235,49.4150390625,1.5227793455123901,7.970415115356445,51.33637619018555
Berea Upper Gray,112,1.181792140007019,44.395206451416016,0.8495144759338256,61.27141189575195,0.536354124546051,40.95823669433594,50.200809478759766
Berea Upper Gray,113,2.9968607425689697,50.310935974121094,0.8104086183148693,64.9690933227539,0.8393466472625732,43.41946029663086,50.6220588684082
Berea Upper Gray,114,3.3088412284851074,56.47541046142578,0.7814219235328081,67.70149993896484,0.5783286690711975,43.31478500366211,51.00223159790039
Berea Upper Gray,115,6.042812347412109,52.95269775390625,0.824346713760249,63.65363311767578,0.8564203381538391,41.98125457763672,50.521610260009766
Berea Upper Gray,116,0.8252550363540649,18.52147674560547,0.9749754453856404,32.965370178222656,0.6813238263130188,6.323019504547119,41.46043014526367
Berea Upper Gray,117,4.096841812133789,16.018117904663086,0.9751203263661815,31.96784210205078,0.7157660722732544,2.829348087310791,40.93804931640625
Berea Upper Gray,118,9.361957550048828,20.097074508666992,0.9742466835713057,31.760520935058594,0.77286696434021,1.8350499868392944,40.21565628051758
Berea Upper Gray,119,6.742383003234863,20.565330505371094,0.9748923302211373,32.173583984375,0.7723776698112488,3.5412509441375732,40.83099365234375
Berea Upper Gray,120,36.61419677734375,38.75397872924805,0.8940632325679697,33.07640075683594,0.5510293245315552,12.78652572631836,41.974369049072266
Berea Upper Gray,121,33.84959030151367,37.5310173034668,0.9104320233000895,32.67799377441406,0.5631267428398132,10.855480194091797,41.31083679199219
Berea Upper Gray,122,33.9934196472168,37.71769714355469,0.9048368044210304,33.171199798583984,0.5330671072006226,13.864416122436523,42.1948127746582
Berea Upper Gray,123,35.560081481933594,38.123809814453125,0.9080299457146271,32.73391342163086,0.602084219455719,13.081912994384766,42.01974868774414
Berea Upper Gray,124,2.4390861988067627,46.66297912597656,0.8382136226479882,32.851531982421875,0.7441269755363464,2.4935898780822754,41.251930236816406
Berea Upper Gray,125,8.749764442443848,46.943153381347656,0.8265549821089702,33.19139099121094,0.7292484641075134,0.5548831820487976,41.43577194213867
Berea Upper Gray,126,7.934585094451904,48.937103271484375,0.8159394263051506,33.1606330871582,0.6683321595191956,2.839003324508667,41.52572250366211
Berea Upper Gray,127,6.587859630584717,43.27534103393555,0.8520208020738784,32.77919006347656,0.7134624719619751,3.604144334793091,41.55874252319336
Berea Upper Gray,128,6.623664379119873,33.773014068603516,0.8965778318452315,35.489505767822266,0.6386387348175049,5.768246650695801,43.60576629638672
Berea Upper Gray,129,4.831551551818848,33.93901443481445,0.8947243476640235,36.727989196777344,0.5403612852096558,9.346763610839844,44.493343353271484
Berea Upper Gray,130,0.12157499045133591,31.983306884765625,0.912435023936969,36.27396774291992,0.6927525997161865,4.54624605178833,44.071502685546875
Berea Upper Gray,131,4.587770462036133,34.6798210144043,0.8900893962809516,35.791404724121094,0.5573548078536987,6.328173637390137,44.92665481567383
Berea Upper Gray,132,18.983423233032227,25.5797176361084,0.948101491312571,27.519712448120117,0.5218137502670288,4.36320161819458,36.327880859375
Berea Upper Gray,133,20.958894729614258,26.534067153930664,0.9481909693227102,27.969526290893555,0.6850554347038269,3.102442502975464,36.46592712402344
Berea Upper Gray,134,25.148529052734375,28.1417179107666,0.952519800556175,28.032285690307617,0.5361912846565247,1.683035135269165,36.68843460083008
Berea Upper Gray,135,22.48284912109375,26.31075668334961,0.9533816238937297,27.73179054260254,0.6284140348434448,3.214642286300659,36.656192779541016
Berea Upper Gray,136,35.87928009033203,41.39513397216797,0.8682542453230879,33.861778259277344,0.6274774670600891,5.855409622192383,43.04938507080078
Berea Upper Gray,137,32.73307418823242,43.514400482177734,0.8264430830894762,33.78044891357422,0.9273418188095093,8.271459579467773,44.22489547729492
Berea Upper Gray,138,31.243471145629883,46.46916198730469,0.8150515000431899,33.45979690551758,0.7042247653007507,9.288247108459473,43.5790901184082
Berea Upper Gray,139,32.627044677734375,45.85565185546875,0.8058781073558712,33.65045166015625,0.9075703024864197,7.342074394226074,42.70785903930664
Berea Upper Gray,140,23.18033790588379,37.031349182128906,0.9177627762928553,43.37131881713867,0.6157369017601013,9.740035057067871,45.65441131591797
Berea Upper Gray,141,23.0666561126709,38.49542236328125,0.9052002142903852,42.073875427246094,0.7356128096580505,7.817732334136963,44.687835693359375
Berea Upper Gray,142,19.26066017150879,34.67774963378906,0.9016179371670761,42.711753845214844,0.6304056644439697,6.280158996582031,45.89276123046875
Berea Upper Gray,143,21.830677032470703,35.5916748046875,0.9237584721889341,44.23735809326172,0.7805976867675781,9.211160659790039,46.110260009765625
Berea Upper Gray,144,23.0648193359375,30.301677703857422,0.9718104835439293,33.89917755126953,0.8021601438522339,0.08982978016138077,38.80988693237305
Berea Upper Gray,145,24.731098175048828,32.469696044921875,0.9663587462896108,34.52650451660156,0.6495884656906128,0.08011867105960846,38.8112907409668
Berea Upper Gray,146,22.342981338500977,30.36126708984375,0.9721858681103228,34.81512451171875,0.8335508108139038,3.232755184173584,37.822792053222656
Berea Upper Gray,147,22.995502471923828,30.994098663330078,0.9708651520780905,32.95548629760742,0.6653577089309692,0.5342984795570374,37.46105194091797
Berea Upper Gray,148,2.445059299468994,27.414514541625977,0.8947632719700116,40.21587371826172,0.6109521985054016,3.2463552951812744,40.08696746826172
Berea Upper Gray,149,1.3793401718139648,27.854854583740234,0.8975210577009043,40.759033203125,0.6548725962638855,0.7544350028038025,41.245731353759766
Berea Upper Gray,150,0.5306304693222046,26.1968994140625,0.9176396242881889,40.88548278808594,0.6317873001098633,4.46042013168335,41.123207092285156
Berea Upper Gray,151,3.169132947921753,24.831186294555664,0.9248915905909093,40.6939697265625,0.6405694484710693,4.2616963386535645,40.667171478271484
Berea Upper Gray,152,559.4468994140625,166.08847045898438,-0.01486511451906624,67.68317413330078,7.022891521453857,12.668678283691406,56.73392105102539
Berea Upper Gray,153,546.8229370117188,174.2587432861328,-0.017319804061505503,67.46173858642578,7.105319499969482,13.328015327453613,56.262264251708984
Berea Upper Gray,154,497.63592529296875,158.53675842285156,0.012089015149873282,67.51909637451172,6.104074478149414,8.400030136108398,56.2209587097168
Berea Upper Gray,155,453.9122009277344,153.0035858154297,0.006990092696584682,66.26567840576172,5.698963165283203,1.9442030191421509,56.73807144165039
Berea Upper Gray,156,241.8817596435547,174.73341369628906,0.5123360491611922,55.64667892456055,3.1279141902923584,15.254461288452148,55.947669982910156
Berea Upper Gray,157,237.51480102539062,164.47903442382812,0.4972427235190371,54.89888000488281,3.438035011291504,17.704265594482422,56.31662368774414
Berea Upper Gray,158,245.55218505859375,179.80377197265625,0.5590436955862044,55.02890396118164,3.3783953189849854,17.82659912109375,55.609962463378906
Berea Upper Gray,159,253.578857421875,175.63748168945312,0.5320174565857388,53.49188232421875,3.708552837371826,17.548786163330078,55.26253128051758
Berea Upper Gray,160,0.3260924220085144,21.375686645507812,0.9296567037079798,23.811887741088867,1.0250822305679321,2.995803117752075,41.12027359008789
Berea Upper Gray,161,3.7566397190093994,21.037372589111328,0.9396835421016336,24.268583297729492,0.8360733389854431,2.182204484939575,40.54524612426758
Berea Upper Gray,162,2.4052040576934814,22.303117752075195,0.9394953405739599,24.382890701293945,1.024728536605835,2.9405031204223633,40.50766372680664
Berea Upper Gray,163,2.734036684036255,23.488981246948242,0.9184254944978382,24.161108016967773,0.8241987228393555,2.6532323360443115,41.429893493652344
Berea Upper Gray,164,13.21552562713623,25.730838775634766,0.9477744215954003,33.107940673828125,0.4949250817298889,16.32160186767578,43.65614318847656
Berea Upper Gray,165,13.295883178710938,26.74464225769043,0.9401995917184809,33.62578582763672,0.7106835246086121,17.636455535888672,44.495338439941406
Berea Upper Gray,166,13.2746000289917,28.499582290649414,0.9355533453455886,34.88199996948242,0.5188480615615845,15.543383598327637,45.00811004638672
Berea Upper Gray,167,12.063325881958008,25.68166732788086,0.9508765267228448,34.67578887939453,0.7621352672576904,13.645733833312988,44.60395812988281
Berea Upper Gray,168,55.56523513793945,91.70045471191406,0.7083087867035862,50.90000915527344,1.2031081914901733,14.94253921508789,50.224056243896484
Berea Upper Gray,169,54.281856536865234,91.75447845458984,0.7051692812829001,54.07035446166992,0.9845194816589355,13.887246131896973,50.4002685546875
Berea Upper Gray,170,54.29997253417969,94.48624420166016,0.6859711405487736,54.598426818847656,1.1855647563934326,14.346353530883789,50.40562438964844
Berea Upper Gray,171,43.86686325073242,81.47251892089844,0.7377292332449767,50.475032806396484,0.852812647819519,12.137216567993164,49.515411376953125
Berea Upper Gray,172,18.138166427612305,33.76764678955078,0.913528479829188,40.63140869140625,0.6231316924095154,5.06761360168457,45.16514587402344
Berea Upper Gray,173,15.752321243286133,32.957462310791016,0.9138254816171164,39.51435470581055,0.6374022960662842,9.40291690826416,44.59601974487305
Berea Upper Gray,174,13.035345077514648,29.381868362426758,0.9435697048495161,38.10081100463867,0.6354852914810181,7.26339864730835,44.669525146484375
Berea Upper Gray,175,9.965897560119629,28.647274017333984,0.9339789732311332,40.1663932800293,0.5938161611557007,6.7291460037231445,46.12321090698242
Berea Upper Gray,176,165.71810913085938,213.81668090820312,0.30760598567628467,56.45212173461914,1.810001015663147,3.798025608062744,51.203773498535156
Berea Upper Gray,177,152.6467742919922,195.96707153320312,0.2896651134319164,53.795379638671875,1.828824520111084,6.735352993011475,50.94890213012695
Berea Upper Gray,178,142.4895477294922,183.0329132080078,0.3141313944859048,53.145442962646484,1.8024262189865112,11.313061714172363,51.09185028076172
Berea Upper Gray,179,146.4914093017578,183.15147399902344,0.3448375267708554,54.7971076965332,1.7814346551895142,6.600712776184082,51.002418518066406
Berea Upper Gray,180,18.934524536132812,33.59886169433594,0.9287358910616942,38.92066955566406,1.0362052917480469,2.655444622039795,40.30987548828125
Berea Upper Gray,181,17.622365951538086,31.868946075439453,0.9333421701166481,40.31500244140625,0.6691420674324036,4.647493839263916,41.01655197143555
Berea Upper Gray,182,13.60864543914795,31.031362533569336,0.934226663249676,37.630332946777344,0.9691280722618103,3.947937488555908,40.818267822265625
Berea Upper Gray,183,12.09101390838623,29.628915786743164,0.9420023933576113,36.8279914855957,0.6480527520179749,3.541703701019287,40.61204528808594
Berea Upper Gray,184,53.60009765625,52.08565139770508,0.9368065900091807,47.978790283203125,0.8016507029533386,20.944580078125,47.29281997680664
Berea Upper Gray,185,49.20419692993164,49.53022384643555,0.927362566384169,48.1633186340332,1.2162995338439941,16.369821548461914,46.91037368774414
Berea Upper Gray,186,44.80817794799805,47.69632339477539,0.9273324878399454,47.56600570678711,0.7677674889564514,18.21121597290039,46.27460861206055
Berea Upper Gray,187,57.45264434814453,58.64427185058594,0.9210125067845104,46.441986083984375,1.3267956972122192,15.255622863769531,46.400455474853516
Berea Upper Gray,188,8.400773048400879,48.89976119995117,0.7943844985488564,37.99995422363281,0.7211101651191711,3.6710262298583984,44.93943405151367
Berea Upper Gray,189,10.180901527404785,43.31404495239258,0.8317447877253097,38.32002639770508,0.7108461856842041,6.479368209838867,44.818138122558594
Berea Upper Gray,190,17.934356689453125,47.112030029296875,0.8153645338262567,37.8410758972168,0.7048013210296631,5.108814239501953,42.47343063354492
Berea Upper Gray,191,10.119646072387695,50.083351135253906,0.7880126402051727,38.802696228027344,0.7263044714927673,5.8869853019714355,43.20064926147461
Berea Upper Gray,192,15.677867889404297,34.7564697265625,0.9090815635663881,43.847755432128906,0.6521660685539246,2.715379476547241,48.64762496948242
Berea Upper Gray,193,13.216354370117188,35.57664108276367,0.9036541610475363,42.96303176879883,0.8286557197570801,3.425938367843628,49.16878890991211
Berea Upper Gray,194,16.441272735595703,37.72689437866211,0.9066500944368068,41.57832336425781,0.6469594836235046,4.958845615386963,49.319915771484375
Berea Upper Gray,195,14.520858764648438,37.23497009277344,0.9029897849162782,42.32468795776367,0.8085764050483704,5.9641032218933105,48.695472717285156
Berea Upper Gray,196,7.232566833496094,33.86150360107422,0.9183515023412736,32.06089401245117,0.36453667283058167,18.414051055908203,44.644283294677734
Berea Upper Gray,197,8.682229042053223,35.80876159667969,0.9068368195380627,32.176841735839844,0.3577428460121155,13.855709075927734,44.18227767944336
Berea Upper Gray,198,6.027873516082764,31.995258331298828,0.9250499712763988,31.81717300415039,0.3906618654727936,15.825834274291992,44.081336975097656
Berea Upper Gray,199,3.1686630249023438,35.15695571899414,0.9217704451228317,31.94097137451172,0.37186309695243835,18.275156021118164,45.14682388305664
Berea Upper Gray,200,48.320316314697266,71.07649230957031,0.803930215254223,40.586238861083984,0.4744534194469452,18.862382888793945,47.49771499633789
Berea Upper Gray,201,48.51235580444336,70.8348617553711,0.8158086791729157,39.52034378051758,0.6805897355079651,27.716609954833984,48.44295883178711
Berea Upper Gray,202,52.522518157958984,69.7325439453125,0.8319493320145094,38.98025131225586,0.5481229424476624,24.136188507080078,47.98384094238281
Berea Upper Gray,203,46.5953369140625,67.50276184082031,0.8301488559607303,40.662479400634766,0.7211562395095825,21.959421157836914,47.82661819458008
Berea Upper Gray,204,15.614704132080078,45.41314697265625,0.8599894118354651,56.0284538269043,0.5804018378257751,4.280092239379883,47.69742202758789
Berea Upper Gray,205,12.195732116699219,46.94826889038086,0.8620438292652868,55.99460220336914,0.5155190825462341,7.947292804718018,47.281761169433594
Berea Upper Gray,206,20.00065803527832,53.90270233154297,0.7697796682495945,56.58466339111328,0.46411046385765076,14.091269493103027,47.44949722290039
Berea Upper Gray,207,20.913414001464844,49.63384246826172,0.794603941206746,55.893959045410156,0.5785132646560669,4.896852493286133,47.908111572265625
Berea Upper Gray,208,82.43195343017578,126.1788101196289,0.6112290414074714,44.32910919189453,1.5075099468231201,3.6183242797851562,51.278526306152344
Berea Upper Gray,209,66.97679138183594,97.2867202758789,0.6917235066864498,44.064361572265625,1.2732897996902466,3.5090951919555664,51.372962951660156
Berea Upper Gray,210,63.8541374206543,94.6661148071289,0.7056287871638236,46.001407623291016,1.2189170122146606,0.3013145923614502,51.718013763427734
Berea Upper Gray,211,62.10614013671875,94.922607421875,0.7006402458610261,45.73770523071289,1.2804957628250122,0.9406689405441284,51.308109283447266
Berea Upper Gray,212,222.44419860839844,249.7362518310547,0.5013201726749041,48.613182067871094,2.5879619121551514,0.7987754940986633,51.862220764160156
Berea Upper Gray,213,201.8827667236328,211.68040466308594,0.5302618722127168,45.97157287597656,2.102447271347046,5.953967571258545,51.30488967895508
Berea Upper Gray,214,220.28045654296875,234.56056213378906,0.5219783001233773,47.44598388671875,2.2866313457489014,8.57120418548584,51.32823944091797
Berea Upper Gray,215,210.53411865234375,224.2484893798828,0.5530128465335016,48.816162109375,2.0749804973602295,12.03042984008789,51.87913131713867
Berea Upper Gray,216,114.70809936523438,120.36444091796875,0.5325826283591268,58.1606559753418,1.2746435403823853,26.200618743896484,51.01850509643555
Berea Upper Gray,217,100.55062103271484,103.5595932006836,0.6086754915102693,60.55238342285156,0.6264269351959229,31.280609130859375,50.327545166015625
Berea Upper Gray,218,108.57176971435547,115.06767272949219,0.5698202641584941,57.748497009277344,1.1885677576065063,29.839109420776367,50.61687088012695
Berea Upper Gray,219,130.28858947753906,140.24464416503906,0.5139127263579268,56.576045989990234,1.0381966829299927,17.986135482788086,50.98478317260742
Berea Upper Gray,220,25.00310707092285,37.22477340698242,0.9378559147537894,39.1219367980957,0.7496717572212219,14.761698722839355,45.6529655456543
Berea Upper Gray,221,26.53972053527832,36.898704528808594,0.9392989359370624,36.98322296142578,0.6250753402709961,14.084357261657715,44.84455108642578
Berea Upper Gray,222,24.882375717163086,34.016414642333984,0.9478374090874105,40.55548858642578,0.7812057137489319,10.294974327087402,44.730133056640625
Berea Upper Gray,223,26.315593719482422,36.11297607421875,0.9418416194205105,41.144554138183594,0.629393994808197,14.161362648010254,44.824058532714844
Berea Sinter Gray,0,21.717267990112305,53.462093353271484,0.8100340231021183,32.125125885009766,0.5588947534561157,1.5891222953796387,49.159446716308594
Berea Sinter Gray,1,19.334156036376953,46.79137420654297,0.8266084380660067,30.060440063476562,0.5751967430114746,5.0524187088012695,47.81438446044922
Berea Sinter Gray,2,16.43541145324707,37.3882942199707,0.8642032993126838,30.792360305786133,0.49039164185523987,4.368326663970947,48.010860443115234
Berea Sinter Gray,3,16.19223403930664,38.86724853515625,0.846994886102893,31.923967361450195,0.5538013577461243,0.8369894027709961,48.400978088378906
Berea Sinter Gray,4,34.88792419433594,56.649986267089844,0.7031167876024533,46.36423110961914,0.5821328163146973,16.103609085083008,49.43039321899414
Berea Sinter Gray,5,30.2056827545166,57.060585021972656,0.7097816125845265,48.123844146728516,0.815262496471405,13.141502380371094,50.09325408935547
Berea Sinter Gray,6,32.58601379394531,58.51319885253906,0.6760892791142693,47.565120697021484,0.5762535929679871,16.609851837158203,50.17625427246094
Berea Sinter Gray,7,39.0549201965332,61.762977600097656,0.6591474398574876,47.311302185058594,0.8311398029327393,22.879589080810547,51.0262565612793
Berea Sinter Gray,8,9.487322807312012,38.76311111450195,0.8913762424472667,40.19380569458008,0.6371946334838867,4.305332183837891,45.02350997924805
Berea Sinter Gray,9,2.1333694458007812,41.28122329711914,0.8846486615790338,40.735504150390625,1.0601792335510254,1.9525097608566284,44.45976257324219
Berea Sinter Gray,10,2.9787049293518066,38.62779235839844,0.89980634072726,40.261497497558594,0.6582211256027222,0.9575828313827515,43.94768142700195
Berea Sinter Gray,11,10.080831527709961,36.21445083618164,0.9054649240000555,38.82062911987305,0.9245449900627136,4.391958713531494,43.85277557373047
Berea Sinter Gray,12,44.201026916503906,46.610294342041016,0.951254622637886,34.6605110168457,1.287859559059143,3.3653249740600586,42.34980010986328
Berea Sinter Gray,13,37.8431510925293,39.66647720336914,0.951161855139567,32.96445083618164,0.8106918931007385,5.684215068817139,42.23878479003906
Berea Sinter Gray,14,36.39455032348633,37.63325500488281,0.9522005889253845,34.838077545166016,1.231549859046936,7.171037197113037,42.268733978271484
Berea Sinter Gray,15,40.02046585083008,42.04656219482422,0.9359172523567283,35.922420501708984,0.8518356084823608,6.531124114990234,42.74699020385742
Berea Sinter Gray,16,40.87358474731445,55.08557891845703,0.8434966366683406,34.27224349975586,1.0812616348266602,2.5755012035369873,42.7715950012207
Berea Sinter Gray,17,29.39366340637207,46.33576202392578,0.8541553166629959,33.77703094482422,0.7385624647140503,5.072066783905029,42.5787467956543
Berea Sinter Gray,18,25.16887855529785,41.52942657470703,0.8695156391635548,34.64518737792969,0.895496666431427,2.2047314643859863,43.47647476196289
Berea Sinter Gray,19,34.12028503417969,47.32653045654297,0.8548223561672963,35.1574821472168,0.8144361972808838,1.1153841018676758,43.75044250488281
Berea Sinter Gray,20,95.85466766357422,116.36177825927734,0.6427232330228475,42.525760650634766,2.1270830631256104,6.5235676765441895,48.89118576049805
Berea Sinter Gray,21,129.81887817382812,158.46044921875,0.6241267235076666,43.5919189453125,1.6998944282531738,2.0330464839935303,49.35804748535156
Berea Sinter Gray,22,111.86410522460938,139.7419891357422,0.6331096098127569,45.113624572753906,1.9588688611984253,8.983484268188477,49.503868103027344
Berea Sinter Gray,23,80.57875061035156,99.18970489501953,0.6744608056947383,41.73028564453125,1.3356974124908447,2.6617698669433594,48.33380889892578
Berea Sinter Gray,24,20.01951026916504,35.649200439453125,0.913634585119239,38.06462097167969,0.8285070061683655,4.876822471618652,44.4572639465332
Berea Sinter Gray,25,19.835546493530273,34.45503234863281,0.9119314020357862,37.995460510253906,0.6278638243675232,7.570652961730957,44.4029655456543
Berea Sinter Gray,26,22.525957107543945,34.62643814086914,0.924386588518102,38.49996566772461,0.7887035608291626,14.36377239227295,45.08452224731445
Berea Sinter Gray,27,21.381200790405273,33.55650329589844,0.9301015081264834,38.83882141113281,0.6342262625694275,9.258896827697754,44.45207214355469
Berea Sinter Gray,28,21.670923233032227,83.92306518554688,0.5915225529842058,36.46165466308594,1.0742310285568237,4.225858211517334,42.93645095825195
Berea Sinter Gray,29,33.91823959350586,83.47737884521484,0.6281815344891876,35.63383102416992,0.8597612380981445,0.14475414156913757,42.32538604736328
Berea Sinter Gray,30,32.931575775146484,87.07415771484375,0.6213334107025535,35.91305923461914,1.182900309562683,1.1606042385101318,42.82684326171875
Berea Sinter Gray,31,29.783161163330078,86.73257446289062,0.6373867821144056,36.467796325683594,0.8196755647659302,2.20192289352417,43.18438720703125
Berea Sinter Gray,32,53.941864013671875,80.92916870117188,0.7374230990984777,36.83845901489258,1.0647692680358887,9.365531921386719,47.629798889160156
Berea Sinter Gray,33,55.86788558959961,89.30754852294922,0.6974398255816935,37.83374786376953,1.1926164627075195,2.900857448577881,47.91048812866211
Berea Sinter Gray,34,67.9867172241211,102.00527954101562,0.677685479796946,38.10354232788086,1.3234483003616333,2.499328851699829,47.68721008300781
Berea Sinter Gray,35,68.91521453857422,96.80992126464844,0.7210896459920845,36.63331985473633,1.235970377922058,2.694730281829834,47.95213317871094
Berea Sinter Gray,36,235.4084930419922,289.3255310058594,0.4100261375450641,49.89812088012695,3.121907949447632,0.871704638004303,52.43429946899414
Berea Sinter Gray,37,195.5545196533203,234.4345703125,0.443759197750453,51.86668014526367,2.321082353591919,0.2194022536277771,52.7036018371582
Berea Sinter Gray,38,227.64340209960938,270.78851318359375,0.4290791504825199,50.37691879272461,3.0885376930236816,3.0413646697998047,53.320350646972656
Berea Sinter Gray,39,253.93939208984375,310.9039001464844,0.3943425076102258,49.0039176940918,3.0353779792785645,2.35034441947937,52.8682861328125
Berea Sinter Gray,40,2.379513740539551,52.24272155761719,0.7367053896236619,31.10787582397461,0.560596764087677,5.907351016998291,39.051002502441406
Berea Sinter Gray,41,0.7673521041870117,48.70561981201172,0.7525162793524115,30.847131729125977,0.49092209339141846,10.84174919128418,39.2599983215332
Berea Sinter Gray,42,1.8019351959228516,51.85496520996094,0.7270295510431144,32.16709518432617,0.6114396452903748,10.170991897583008,39.699283599853516
Berea Sinter Gray,43,1.752270221710205,51.90764617919922,0.7147989047170645,33.71927261352539,0.5268601775169373,10.178346633911133,40.0234489440918
Berea Sinter Gray,44,0.7648373246192932,25.413480758666992,0.9605007276207619,40.53236389160156,0.9015969634056091,23.031797409057617,45.9614372253418
Berea Sinter Gray,45,1.282436490058899,26.966461181640625,0.9549660271576897,42.84463119506836,0.8059922456741333,18.35088348388672,47.209930419921875
Berea Sinter Gray,46,5.44548225402832,25.643131256103516,0.9631382726498863,41.04834747314453,1.0821892023086548,7.022480010986328,46.30974197387695
Berea Sinter Gray,47,6.931382656097412,26.74199104309082,0.9661038237552384,39.495140075683594,0.8986731767654419,11.087372779846191,45.828941345214844
Berea Sinter Gray,48,18.109397888183594,34.41233444213867,0.9486492014791905,41.11051940917969,0.8585574626922607,6.0851593017578125,49.430328369140625
Berea Sinter Gray,49,13.682496070861816,32.0542106628418,0.9491021864290481,41.39895248413086,0.6695005297660828,3.919915199279785,48.87929916381836
Berea Sinter Gray,50,16.987455368041992,35.055965423583984,0.955205859779535,42.36852264404297,0.8202918767929077,7.7094645500183105,49.0299186706543
Berea Sinter Gray,51,20.86380386352539,38.031211853027344,0.9471480445505828,41.36363983154297,0.6099808216094971,8.582832336425781,49.2448844909668
Berea Sinter Gray,52,13.58245849609375,34.836151123046875,0.8947577852584938,33.570987701416016,1.0932397842407227,4.970552921295166,43.145938873291016
Berea Sinter Gray,53,13.3768949508667,36.783302307128906,0.8935496123197583,33.693626403808594,0.7870782017707825,3.4024858474731445,43.83353805541992
Berea Sinter Gray,54,10.671728134155273,31.445161819458008,0.9066884607052438,34.37741470336914,1.022922396659851,3.161240816116333,43.31382751464844
Berea Sinter Gray,55,13.37573528289795,35.976436614990234,0.8901163474691811,34.5733757019043,0.8079282641410828,4.203413963317871,44.345069885253906
Berea Sinter Gray,56,24.806859970092773,39.477664947509766,0.9380205064180643,39.69938278198242,0.4871910512447357,12.749978065490723,47.04599380493164
Berea Sinter Gray,57,25.4826602935791,41.020118713378906,0.9210579498662558,42.998104095458984,0.43240460753440857,22.850299835205078,48.53706741333008
Berea Sinter Gray,58,25.042816162109375,37.28388977050781,0.9259857971537233,43.604652404785156,0.5232681632041931,27.088802337646484,48.75065231323242
Berea Sinter Gray,59,26.067279815673828,38.088871002197266,0.9361304912055668,40.73722839355469,0.4391725957393646,21.380413055419922,48.100563049316406
Berea Sinter Gray,60,6.843017578125,28.044410705566406,0.9184887607994058,39.89777755737305,0.5571983456611633,3.519923448562622,42.718990325927734
Berea Sinter Gray,61,7.294442653656006,25.57991600036621,0.9371227892090425,38.30017852783203,0.6245819330215454,7.498249053955078,42.35249710083008
Berea Sinter Gray,62,7.713171482086182,23.9741268157959,0.95078781151194,40.632118225097656,0.5203427076339722,9.365091323852539,42.66919708251953
Berea Sinter Gray,63,7.621058940887451,26.98362159729004,0.9314603453977177,42.204193115234375,0.5954447984695435,7.376102447509766,44.05402374267578
Berea Sinter Gray,64,31.423891067504883,58.324256896972656,0.8532190107769129,32.3658561706543,1.021240234375,8.71815299987793,45.04371643066406
Berea Sinter Gray,65,31.337162017822266,54.978824615478516,0.8484507177443331,31.44510841369629,0.5033521056175232,11.374330520629883,46.08184051513672
Berea Sinter Gray,66,40.45588684082031,66.39369201660156,0.8384020392994785,31.75864601135254,1.101119875907898,3.874690532684326,45.58858871459961
Berea Sinter Gray,67,38.3831672668457,61.71160125732422,0.8638869527004882,32.873313903808594,0.6586016416549683,2.5310752391815186,43.984779357910156
Berea Sinter Gray,68,1.2224476337432861,55.251129150390625,0.7409581915765963,34.897438049316406,0.4890240728855133,0.27037519216537476,46.50790786743164
Berea Sinter Gray,69,1.6679850816726685,49.83899688720703,0.7541267499600908,35.052520751953125,0.5871340036392212,1.0830302238464355,47.06111526489258
Berea Sinter Gray,70,6.792299747467041,55.37857437133789,0.7345386165657498,35.68183898925781,0.4857853353023529,1.678958535194397,47.176395416259766
Berea Sinter Gray,71,2.803358316421509,56.750648498535156,0.7119593086351721,35.11445236206055,0.5749680399894714,2.625324010848999,46.6740837097168
Berea Sinter Gray,72,29.126728057861328,36.96324157714844,0.9479912916565919,36.242698669433594,0.4968213438987732,12.818095207214355,41.30949020385742
Berea Sinter Gray,73,33.406307220458984,38.83262252807617,0.9371478061597743,35.11859130859375,0.6121381521224976,12.19422721862793,42.072532653808594
Berea Sinter Gray,74,31.716529846191406,39.37956619262695,0.9264210697783584,33.614070892333984,0.5083450078964233,6.940685272216797,41.6431770324707
Berea Sinter Gray,75,29.418771743774414,39.06365203857422,0.9373730802998479,35.1989631652832,0.6296387910842896,11.316475868225098,42.049224853515625
Berea Sinter Gray,76,16.82713508605957,27.429426193237305,0.9489363046519483,40.72971725463867,0.7319768071174622,12.988648414611816,45.316375732421875
Berea Sinter Gray,77,14.247787475585938,25.10256576538086,0.9540464751954354,40.04781723022461,0.8065952062606812,9.58461856842041,45.26873016357422
Berea Sinter Gray,78,11.89677906036377,24.063310623168945,0.9634120997828924,39.75340270996094,0.7659462690353394,9.21977424621582,44.7807502746582
Berea Sinter Gray,79,13.625007629394531,25.602981567382812,0.9556700869225526,39.084144592285156,0.7732742428779602,11.458428382873535,44.80540466308594
Berea Sinter Gray,80,38.17619323730469,60.823909759521484,0.791701952810127,30.88096809387207,0.8674072027206421,7.349869251251221,41.3703727722168
Berea Sinter Gray,81,38.89774703979492,61.52241516113281,0.7781253895698949,30.810443878173828,0.7968195080757141,8.842912673950195,42.50581359863281
Berea Sinter Gray,82,35.69245910644531,55.96434783935547,0.8198793329057462,30.26616668701172,0.8122954368591309,11.102965354919434,41.93954086303711
Berea Sinter Gray,83,46.45777893066406,68.46775817871094,0.7681567599044409,29.9307804107666,0.8982610702514648,3.7426741123199463,41.84449005126953
Berea Sinter Gray,84,28.563892364501953,42.1751823425293,0.8247163540046754,37.35454177856445,0.796694278717041,6.133650779724121,49.056156158447266
Berea Sinter Gray,85,29.333343505859375,38.4888801574707,0.849654931930326,38.80891036987305,0.5142792463302612,4.884542465209961,48.378623962402344
Berea Sinter Gray,86,30.73974609375,39.47499465942383,0.8511661389052636,36.80998229980469,0.6602931022644043,12.228775978088379,47.07500457763672
Berea Sinter Gray,87,29.93802833557129,38.543479919433594,0.8498350544123627,36.09394073486328,0.46464982628822327,14.930146217346191,47.61666488647461
Berea Sinter Gray,88,6.582434177398682,27.651369094848633,0.921426234554682,25.761844635009766,0.4337989091873169,3.751197338104248,36.25904083251953
Berea Sinter Gray,89,0.6346578001976013,29.534313201904297,0.9142403613727271,25.512475967407227,0.37896764278411865,1.5855528116226196,36.1893424987793
Berea Sinter Gray,90,0.5692958831787109,27.726964950561523,0.923561475498726,25.42137336730957,0.45337191224098206,4.158862590789795,36.609710693359375
Berea Sinter Gray,91,1.7603936195373535,26.88104248046875,0.9258955558132971,25.172285079956055,0.3583890199661255,3.657829523086548,36.2199821472168
Berea Sinter Gray,92,61.55155563354492,64.14599609375,0.8061265820732827,44.03274154663086,1.1893175840377808,12.386226654052734,43.76335144042969
Berea Sinter Gray,93,64.93559265136719,70.05775451660156,0.7836004267291867,43.265655517578125,0.7881134152412415,11.434419631958008,44.29977035522461
Berea Sinter Gray,94,69.96839904785156,68.95738983154297,0.8031072404146131,43.45335388183594,1.3077141046524048,10.572355270385742,43.64833450317383
Berea Sinter Gray,95,64.04745483398438,65.9120864868164,0.8142523404783244,45.03480911254883,0.7933144569396973,12.654073715209961,43.53938674926758
Berea Sinter Gray,96,218.6051025390625,205.10055541992188,0.6579883069937842,53.6500129699707,1.5819051265716553,45.821903228759766,50.466712951660156
Berea Sinter Gray,97,217.5526123046875,204.32122802734375,0.6725103140699747,52.13472366333008,1.7551887035369873,40.783687591552734,50.54628372192383
Berea Sinter Gray,98,225.87916564941406,209.28256225585938,0.6574218433555465,54.847450256347656,1.5171796083450317,54.16565704345703,50.985477447509766
Berea Sinter Gray,99,224.7554931640625,209.78781127929688,0.6409570305389624,56.53266525268555,1.4743990898132324,61.54545974731445,51.19490432739258
Berea Sinter Gray,100,3.2628421783447266,37.53693771362305,0.7817118656586529,37.007022857666016,0.5697827935218811,16.744924545288086,44.8519172668457
Berea Sinter Gray,101,1.841180443763733,35.805721282958984,0.8154619965537516,38.431236267089844,0.5841460227966309,20.491426467895508,44.16881561279297
Berea Sinter Gray,102,1.1297717094421387,36.090187072753906,0.8389246938362521,37.997249603271484,0.5846479535102844,15.977571487426758,43.27825164794922
Berea Sinter Gray,103,0.30039525032043457,34.55533218383789,0.8181542325308974,36.6055908203125,0.6476419568061829,20.300098419189453,43.8664436340332
Berea Sinter Gray,104,48.23593521118164,51.17634582519531,0.8655292762905643,31.941993713378906,0.5712572932243347,3.6786084175109863,40.321537017822266
Berea Sinter Gray,105,45.74049377441406,49.41102981567383,0.9123747616422416,33.14725112915039,0.5644365549087524,11.997268676757812,41.110931396484375
Berea Sinter Gray,106,45.893070220947266,48.88841247558594,0.9257428511620599,33.42500305175781,0.5850586891174316,11.027242660522461,41.34790802001953
Berea Sinter Gray,107,48.39250564575195,51.35490798950195,0.8701246439801544,31.98659324645996,0.5705450773239136,2.7698514461517334,40.48400115966797
Berea Sinter Gray,108,17.509017944335938,46.67081832885742,0.7983693231361229,39.77707290649414,0.830978512763977,6.09761381149292,44.889244079589844
Berea Sinter Gray,109,17.53253746032715,45.674560546875,0.8020101060181881,39.10205841064453,1.2335785627365112,3.1614975929260254,45.89188003540039
Berea Sinter Gray,110,16.91365623474121,43.59891891479492,0.8241330801856614,41.67665100097656,0.8091492652893066,6.111220359802246,45.662742614746094
Berea Sinter Gray,111,13.332576751708984,43.70648193359375,0.8129291334535946,42.010868072509766,1.087175726890564,12.64204216003418,45.75199890136719
Berea Sinter Gray,112,42.99394607543945,46.29145050048828,0.961518771321189,32.24532699584961,0.6834535598754883,12.162656784057617,40.95686340332031
Berea Sinter Gray,113,44.552894592285156,47.56262969970703,0.9516950832253813,32.638275146484375,0.5275946855545044,6.407390594482422,40.12993240356445
Berea Sinter Gray,114,43.17826843261719,46.180660247802734,0.9495196615952148,33.42995834350586,0.6942508816719055,6.309238910675049,40.519874572753906
Berea Sinter Gray,115,42.93260192871094,46.28266143798828,0.9588826254093271,33.126197814941406,0.5949550271034241,13.58108139038086,40.66649627685547
Berea Sinter Gray,116,46.25291061401367,56.72220230102539,0.720481831442267,32.07612228393555,0.9483780264854431,10.107779502868652,44.74163055419922
Berea Sinter Gray,117,59.03513717651367,66.77750396728516,0.7244301053599583,32.72673416137695,1.1245276927947998,16.030925750732422,46.07706069946289
Berea Sinter Gray,118,64.2399673461914,57.70638656616211,0.6915612119536029,31.174039840698242,1.1900579929351807,13.44216537475586,45.70304870605469
Berea Sinter Gray,119,58.6162109375,62.81134796142578,0.6809171915175108,30.21826171875,0.9948683977127075,10.065871238708496,44.28697204589844
Berea Sinter Gray,120,349.58612060546875,291.3575134277344,0.5920305975120581,35.31389236450195,3.538358688354492,5.144556999206543,46.60124206542969
Berea Sinter Gray,121,382.7655334472656,333.5196533203125,0.5924094488603258,36.20633316040039,4.483386993408203,1.261366367340088,47.34980392456055
Berea Sinter Gray,122,366.9207763671875,324.3792419433594,0.5801968340156697,36.01786804199219,3.857311725616455,0.6080099940299988,48.130462646484375
Berea Sinter Gray,123,366.9072570800781,322.40435791015625,0.5966659305603629,34.500579833984375,4.295398235321045,0.29176974296569824,47.01551055908203
Berea Sinter Gray,124,287.6501770019531,311.8946838378906,0.25529318774592036,49.741859436035156,3.467752456665039,7.994110584259033,50.90387725830078
Berea Sinter Gray,125,276.06988525390625,296.5514221191406,0.2521625854765138,49.91191482543945,3.2217257022857666,9.612093925476074,50.48829650878906
Berea Sinter Gray,126,321.5093994140625,356.4510803222656,0.2524105113652176,47.28883743286133,4.274073600769043,16.93260383605957,49.64498519897461
Berea Sinter Gray,127,314.5179443359375,350.41265869140625,0.2865653386860948,47.91683578491211,3.873879909515381,14.0123291015625,49.83837890625
Berea Sinter Gray,128,4.452233791351318,23.99260139465332,0.941517457693172,31.915096282958984,0.8072042465209961,4.32682466506958,41.02047348022461
Berea Sinter Gray,129,2.025580644607544,26.90158462524414,0.9349203110333404,32.56587219238281,0.8450623154640198,3.6474151611328125,42.102867126464844
Berea Sinter Gray,130,4.323919296264648,25.345964431762695,0.9424774440413477,31.269268035888672,0.8035282492637634,2.545604944229126,40.597198486328125
Berea Sinter Gray,131,2.1562352180480957,22.21973419189453,0.947402576709336,31.83159065246582,0.8765418529510498,4.638687610626221,41.32793426513672
Berea Sinter Gray,132,27.6658992767334,36.59065628051758,0.943996998024186,25.071319580078125,1.0177103281021118,0.6744436025619507,40.01960754394531
Berea Sinter Gray,133,30.419628143310547,36.954864501953125,0.9540848343468128,25.934423446655273,1.1264076232910156,1.1755653619766235,40.66791534423828
Berea Sinter Gray,134,36.95069122314453,42.08549880981445,0.9645476137658209,27.359092712402344,1.1518157720565796,1.4701440334320068,41.263668060302734
Berea Sinter Gray,135,32.50510025024414,38.99015808105469,0.9535503104721255,25.688451766967773,1.1226568222045898,0.7971750497817993,39.94100570678711
Berea Sinter Gray,136,47.41270065307617,58.43785095214844,0.925048324419491,37.775638580322266,1.425216794013977,2.510874032974243,42.98819351196289
Berea Sinter Gray,137,38.94110870361328,51.53511047363281,0.9054772149763439,34.80244064331055,0.8002030253410339,2.3151767253875732,42.519657135009766
Berea Sinter Gray,138,42.315704345703125,55.069602966308594,0.8992480839155146,35.74679946899414,1.36570143699646,2.6771488189697266,42.8778076171875
Berea Sinter Gray,139,44.7110710144043,57.427608489990234,0.9171000953980468,37.862945556640625,0.8822385668754578,1.7817919254302979,42.77658462524414
Berea Sinter Gray,140,41.55949783325195,42.14173889160156,0.8550057705773324,38.95395278930664,0.6087413430213928,3.9760212898254395,50.610572814941406
Berea Sinter Gray,141,33.19142150878906,34.15065002441406,0.877469080196277,41.109928131103516,0.7113611698150635,6.091794967651367,50.89009475708008
Berea Sinter Gray,142,31.237638473510742,35.78734588623047,0.8725468729893661,42.65913772583008,0.5002051591873169,10.669692039489746,51.039608001708984
Berea Sinter Gray,143,36.02626419067383,38.92615509033203,0.8697766038606168,41.0584831237793,0.7223472595214844,9.89830207824707,51.354164123535156
Berea Sinter Gray,144,36.468570709228516,64.90347290039062,0.8056862103207194,44.59977722167969,0.9184626936912537,5.982087135314941,51.119728088378906
Berea Sinter Gray,145,31.434207916259766,66.73029327392578,0.7713203596679562,44.6134147644043,0.5692256093025208,2.6552786827087402,51.604469299316406
Berea Sinter Gray,146,27.998340606689453,63.09139633178711,0.7966170782600834,45.90587615966797,0.8744664788246155,0.8164763450622559,51.851356506347656
Berea Sinter Gray,147,28.638154983520508,63.723995208740234,0.7996163864791258,47.54380416870117,0.4860810339450836,9.208661079406738,51.604026794433594
Berea Sinter Gray,148,12.755186080932617,51.167205810546875,0.7671881078228865,38.502376556396484,0.6572867035865784,26.82818603515625,45.12076187133789
Berea Sinter Gray,149,14.692096710205078,48.625,0.804695817624561,38.48417282104492,0.8028686046600342,20.730125427246094,44.63032913208008
Berea Sinter Gray,150,13.725049018859863,50.720458984375,0.7960671479613773,40.308837890625,0.671574056148529,25.390512466430664,45.24685287475586
Berea Sinter Gray,151,14.307876586914062,49.91946029663086,0.7921147705593327,40.71158218383789,0.7582233548164368,29.0033016204834,45.136600494384766
Berea Sinter Gray,152,11.83383846282959,27.68282127380371,0.9369123394169936,35.76382064819336,0.95139479637146,1.265706181526184,41.31712341308594
Berea Sinter Gray,153,6.449471473693848,32.97611999511719,0.8992554574786198,34.94229507446289,1.1289572715759277,0.9197801947593689,41.26134490966797
Berea Sinter Gray,154,7.5035881996154785,29.54239273071289,0.9230699264621568,33.72105026245117,1.0144513845443726,1.4459139108657837,41.44786834716797
Berea Sinter Gray,155,11.503482818603516,27.04006576538086,0.9311356773805199,35.371063232421875,1.0984901189804077,1.2385627031326294,41.169315338134766
Berea Sinter Gray,156,92.36347961425781,107.42681884765625,0.790008097573544,38.1551628112793,1.5630254745483398,5.588942050933838,50.210514068603516
Berea Sinter Gray,157,86.70831298828125,95.65007781982422,0.8383418979906023,37.40574645996094,1.1346322298049927,1.681127667427063,48.18339157104492
Berea Sinter Gray,158,88.93431091308594,99.06558227539062,0.8210120905163051,38.96647644042969,1.5731788873672485,1.9165897369384766,48.5063591003418
Berea Sinter Gray,159,100.91162872314453,119.30008697509766,0.7558147769777007,38.695037841796875,1.2678396701812744,2.7140417098999023,50.10420608520508
Berea Sinter Gray,160,47.19996643066406,30.87295913696289,0.9578937838312455,29.116779327392578,1.0976147651672363,1.2110729217529297,43.73951721191406
Berea Sinter Gray,161,46.79385757446289,27.6767578125,0.9270393589503925,28.3056697845459,1.1415445804595947,0.22393155097961426,43.91663360595703
Berea Sinter Gray,162,36.253822326660156,20.767515182495117,0.9481782357913842,28.748641967773438,0.9346040487289429,2.0868396759033203,43.39960479736328
Berea Sinter Gray,163,50.99692916870117,35.218345642089844,0.9509908338616251,29.619821548461914,1.2360568046569824,2.4831318855285645,43.68534469604492
Berea Sinter Gray,164,34.38912582397461,43.90923309326172,0.9476793228222565,46.08894348144531,0.7945154905319214,13.276419639587402,46.68352508544922
Berea Sinter Gray,165,29.596696853637695,42.34858322143555,0.9419710137216628,45.96529769897461,0.6950652599334717,9.748180389404297,46.780548095703125
Berea Sinter Gray,166,27.621644973754883,38.57342529296875,0.9495498853207055,46.33085632324219,0.8028473258018494,9.639532089233398,46.791019439697266
Berea Sinter Gray,167,31.81463050842285,40.644771575927734,0.9502286699216621,45.70735168457031,0.7177203893661499,11.256484031677246,46.7352294921875
Berea Sinter Gray,168,7.841358661651611,34.96200180053711,0.8415363071172342,38.37254333496094,0.5614235997200012,5.932973861694336,47.278812408447266
Berea Sinter Gray,169,12.20535945892334,38.451881408691406,0.8263258126398847,37.60931396484375,0.44284918904304504,7.374530792236328,46.44673538208008
Berea Sinter Gray,170,9.91748332977295,42.685794830322266,0.8207761988097113,37.589962005615234,0.6186124682426453,3.170358896255493,46.227176666259766
Berea Sinter Gray,171,2.3334555625915527,33.557891845703125,0.8645854621631516,38.97615432739258,0.39588937163352966,5.882010459899902,46.8869743347168
Berea Sinter Gray,172,15.385887145996094,45.71906280517578,0.7942274772432997,47.928409576416016,0.7633938193321228,43.19015884399414,47.89340591430664
Berea Sinter Gray,173,10.956618309020996,42.82842254638672,0.807162750172257,48.540775299072266,0.5438693761825562,43.24848937988281,47.10279846191406
Berea Sinter Gray,174,8.825724601745605,48.714881896972656,0.7619079191910505,50.71976852416992,0.7748769521713257,44.108642578125,48.15554428100586
Berea Sinter Gray,175,16.23235321044922,48.51382064819336,0.747583492947958,49.89895248413086,0.543341338634491,47.73566818237305,48.71685791015625
Berea Sinter Gray,176,70.32431030273438,86.88080596923828,0.7862962123628401,27.39924430847168,0.70986407995224,13.360976219177246,41.03062057495117
Berea Sinter Gray,177,70.93988037109375,83.16239929199219,0.7974907461255545,26.994352340698242,0.6800682544708252,9.22368049621582,40.879276275634766
Berea Sinter Gray,178,71.1883544921875,84.70085144042969,0.8028674564335251,27.26007080078125,0.7952589392662048,13.626519203186035,40.72206497192383
Berea Sinter Gray,179,76.54680633544922,90.4769058227539,0.7759329741642419,27.787059783935547,0.6776486039161682,13.249444007873535,41.309478759765625
Berea Sinter Gray,180,23.30902671813965,50.51366424560547,0.8576550422593467,26.21808433532715,1.0304515361785889,5.301812171936035,39.45023727416992
Berea Sinter Gray,181,19.494321823120117,49.141265869140625,0.8441012120988556,25.817062377929688,1.0763797760009766,1.1628609895706177,39.58030319213867
Berea Sinter Gray,182,16.17337417602539,48.2726936340332,0.8371668870616675,26.49028778076172,0.9308227896690369,3.118278741836548,39.51743698120117
Berea Sinter Gray,183,18.341514587402344,48.128318786621094,0.8416697157934822,27.029747009277344,1.0809149742126465,6.688385486602783,39.81635284423828
Berea Sinter Gray,184,17.189563751220703,28.07089614868164,0.944388165543188,35.382259368896484,0.6569307446479797,5.977832317352295,41.80013656616211
Berea Sinter Gray,185,16.91244125366211,29.24614143371582,0.9352525658547922,34.772972106933594,0.8939031362533569,2.3129019737243652,42.537872314453125
Berea Sinter Gray,186,23.905855178833008,32.83039474487305,0.9270228256626755,35.39848327636719,0.6318695545196533,2.635653257369995,43.21333312988281
Berea Sinter Gray,187,18.07524871826172,29.05962371826172,0.943129567898864,35.803897857666016,0.8596778512001038,3.396660566329956,43.015113830566406
Berea Sinter Gray,188,19.093677520751953,39.71279525756836,0.8556707382085754,49.01837921142578,0.49899721145629883,27.72150993347168,50.08155822753906
Berea Sinter Gray,189,18.716150283813477,39.998008728027344,0.8363212363590233,48.244361877441406,0.8009443283081055,23.5952091217041,49.15461730957031
Berea Sinter Gray,190,15.764225006103516,42.595542907714844,0.8342132603008838,50.49044418334961,0.4720788300037384,41.76350402832031,49.90227127075195
Berea Sinter Gray,191,23.185827255249023,41.036128997802734,0.8669125155933698,50.749595642089844,0.8155901432037354,35.481082916259766,50.325435638427734
Berea,0,67.90449523925781,93.14305114746094,0.7281040956669865,36.085201263427734,1.1818735599517822,2.406569242477417,43.17264938354492
Berea,1,73.41942596435547,105.89244842529297,0.6643941262587879,38.47884750366211,1.1039265394210815,2.5610737800598145,43.70539474487305
Berea,2,77.74701690673828,115.49507141113281,0.6244470305943965,38.507965087890625,1.2228883504867554,1.821001410484314,44.15263366699219
Berea,3,76.06574249267578,112.85417938232422,0.6462478340418617,37.3365364074707,1.0326019525527954,6.470175266265869,44.55223083496094
Berea,4,9.533486366271973,58.21881866455078,0.809314016323118,37.01837921142578,0.6384212970733643,2.690823793411255,47.538734436035156
Berea,5,8.022809982299805,53.52934646606445,0.8195461087565004,37.158416748046875,0.7588351368904114,4.332598686218262,47.99236297607422
Berea,6,12.491820335388184,47.83396911621094,0.8577141927602827,37.41080093383789,0.6839740872383118,2.890779972076416,47.728023529052734
Berea,7,9.435524940490723,46.774715423583984,0.8588475601346056,36.95442581176758,0.7622882723808289,4.228932857513428,46.664981842041016
Berea,8,75.54629516601562,85.02274322509766,0.7923742013851353,37.535728454589844,1.3854506015777588,2.185028314590454,47.34184646606445
Berea,9,82.00048065185547,92.45823669433594,0.783303215707282,37.66648864746094,1.0942864418029785,3.297292947769165,47.91004180908203
Berea,10,85.27887725830078,103.7558364868164,0.7525110899032642,37.321441650390625,1.4160674810409546,2.6408286094665527,48.04112243652344
Berea,11,69.36298370361328,78.64208221435547,0.8188767676204342,37.144493103027344,1.0531398057937622,0.5290660858154297,46.85971450805664
Berea,12,4.504246234893799,28.36177635192871,0.9331633091633023,42.32455062866211,0.5814664959907532,13.643341064453125,46.93294143676758
Berea,13,13.17471981048584,32.126224517822266,0.9160726523954725,43.743072509765625,0.6877630949020386,12.358162879943848,48.06970977783203
Berea,14,13.109343528747559,32.82301712036133,0.9121086330090201,42.35721206665039,0.6170724034309387,16.756053924560547,48.24817657470703
Berea,15,12.055734634399414,28.78464126586914,0.9329498164587793,40.29718017578125,0.644341766834259,12.199792861938477,47.2088737487793
Berea,16,32.07270812988281,34.93844985961914,0.9200175808559378,25.913957595825195,0.5795109868049622,6.9062700271606445,37.0003776550293
Berea,17,31.500823974609375,34.5466423034668,0.942684171219707,26.3460750579834,0.581490159034729,6.732093811035156,37.133758544921875
Berea,18,29.887531280517578,33.40973663330078,0.9539103267758979,25.511917114257812,0.5945920348167419,4.756669521331787,36.69771194458008
Berea,19,31.4815616607666,34.83326721191406,0.9379702299738413,25.707218170166016,0.5749879479408264,6.164463996887207,37.244041442871094
Berea,20,0.5519320368766785,36.4483528137207,0.8310840759002244,46.3787841796875,0.5188912749290466,3.141918182373047,47.13022232055664
Berea,21,4.1916961669921875,40.5337028503418,0.7982653807363759,43.99923324584961,0.4995186924934387,5.832889556884766,47.99369812011719
Berea,22,9.558686256408691,36.838069915771484,0.8673623112542829,46.04876708984375,0.4778295159339905,10.249856948852539,48.74470901489258
Berea,23,2.7958056926727295,38.30707550048828,0.844346832399202,49.02545166015625,0.4772435128688812,5.143737316131592,47.49899673461914
Berea,24,16.790985107421875,27.763690948486328,0.9138056170395983,29.191089630126953,0.756932258605957,2.618908405303955,40.42778396606445
Berea,25,20.02342987060547,28.0964412689209,0.9338650700509767,29.806955337524414,0.5852378010749817,1.7646572589874268,40.605491638183594
Berea,26,21.584932327270508,27.05978012084961,0.9349709735022843,29.460786819458008,0.789499044418335,0.028029462322592735,40.54850387573242
Berea,27,17.092334747314453,27.33426284790039,0.9338889992487124,28.47933578491211,0.5514436364173889,0.2856671214103699,40.74200439453125
Berea,28,18.474897384643555,31.813880920410156,0.9076017679788728,26.53546714782715,0.4736406207084656,7.082205295562744,39.02579879760742
Berea,29,19.075679779052734,31.80921173095703,0.9134862781551468,27.297945022583008,0.6790731549263,4.348790645599365,38.30503463745117
Berea,30,21.09310531616211,33.11537170410156,0.9106569175256016,29.053062438964844,0.47314488887786865,6.132554054260254,38.919063568115234
Berea,31,20.416921615600586,31.80228042602539,0.9107318960440112,27.114986419677734,0.6383174061775208,7.548373222351074,38.152198791503906
Berea,32,14.67073917388916,67.440673828125,0.738501742559653,48.970760345458984,0.7811946272850037,18.72449493408203,49.80704879760742
Berea,33,21.728294372558594,68.94741821289062,0.7476410548514848,50.63200759887695,0.7786387205123901,24.405229568481445,49.39436721801758
Berea,34,21.084014892578125,63.891414642333984,0.7701875592761797,48.27999496459961,0.7660207748413086,14.4910306930542,49.7085075378418
Berea,35,12.805601119995117,62.841888427734375,0.7640905380717455,46.874244689941406,0.8522433042526245,11.058040618896484,50.276493072509766
Berea,36,44.84299087524414,62.314453125,0.791174092360077,37.343055725097656,1.1114803552627563,4.492292404174805,46.0822639465332
Berea,37,51.032920837402344,70.76920318603516,0.764157461114517,36.45490646362305,1.2238613367080688,3.9929678440093994,45.32190704345703
Berea,38,47.98887252807617,70.74871063232422,0.7905475507553953,36.70110321044922,1.143071174621582,2.936661958694458,45.26401138305664
Berea,39,44.258880615234375,68.79867553710938,0.7839899546987747,37.93714904785156,1.1825227737426758,3.647735357284546,46.50362777709961
Berea,40,47.14584732055664,49.997169494628906,0.9545710609111572,37.03608703613281,0.5362743735313416,5.98515510559082,42.22985076904297
Berea,41,44.875152587890625,48.12509536743164,0.9509684322522778,35.81120681762695,0.6694555282592773,0.5226771831512451,42.420692443847656
Berea,42,46.802406311035156,49.757205963134766,0.9588547972350956,35.71896743774414,0.5286626219749451,2.4609782695770264,42.49942398071289
Berea,43,44.81121063232422,47.754127502441406,0.9506170281722744,36.451175689697266,0.634104311466217,2.793017625808716,42.48838806152344
Berea,44,10.475733757019043,22.3575496673584,0.9628376019432924,30.641965866088867,0.4612872898578644,6.210356712341309,42.021942138671875
Berea,45,16.625930786132812,25.648996353149414,0.9498546598508405,32.74814987182617,0.588430643081665,9.799914360046387,42.95685577392578
Berea,46,15.659123420715332,24.980445861816406,0.961795907449793,33.652774810791016,0.4595951735973358,5.23349142074585,42.73933410644531
Berea,47,14.217130661010742,22.63743019104004,0.9616617184482505,31.7633056640625,0.6303935050964355,7.0145416259765625,42.113433837890625
Berea,48,32.57864761352539,37.329891204833984,0.945366480738276,36.68146896362305,0.608618438243866,4.885281562805176,43.12490463256836
Berea,49,33.5694465637207,39.481056213378906,0.9288074402704339,36.46566390991211,0.8163129091262817,3.7350807189941406,43.962608337402344
Berea,50,32.876564025878906,38.08137512207031,0.9377383915714679,35.192665100097656,0.6092811822891235,1.6549201011657715,42.54100799560547
Berea,51,34.969417572021484,39.7636604309082,0.9379476249320818,35.97440719604492,0.7472299933433533,6.195863723754883,42.65912628173828
Berea,52,71.10556030273438,87.95073699951172,0.7644738940496172,39.50890350341797,1.413718581199646,4.188288688659668,44.85679626464844
Berea,53,66.76144409179688,85.56197357177734,0.7643027327407397,37.83122253417969,1.3813750743865967,6.1675310134887695,43.47602844238281
Berea,54,62.86643600463867,83.22644805908203,0.7732312574681682,38.231239318847656,1.39864981174469,5.257740497589111,43.7574348449707
Berea,55,73.14749145507812,87.4345474243164,0.7681335961452438,39.59353256225586,1.4484279155731201,5.289205551147461,44.769290924072266
Berea,56,6.457512378692627,44.17915344238281,0.7450988878412845,47.388431549072266,0.6872125267982483,9.994193077087402,48.6966667175293
Berea,57,3.486754894256592,45.24843978881836,0.7339274099547868,46.30220413208008,0.7395311594009399,15.911901473999023,48.90799331665039
Berea,58,2.5743820667266846,46.51979446411133,0.7319195042557299,46.38726806640625,0.7864335775375366,10.860563278198242,48.97737503051758
Berea,59,3.5075337886810303,46.241844177246094,0.7426614387698263,47.701629638671875,0.7360339164733887,3.6492531299591064,48.16002655029297
Berea,60,30.788591384887695,36.55083084106445,0.9561987831393185,30.77312660217285,0.4485604465007782,10.328119277954102,39.820465087890625
Berea,61,32.65671157836914,37.30629348754883,0.9655563051784871,31.893461227416992,0.7177983522415161,8.059382438659668,40.32538986206055
Berea,62,32.62532043457031,38.65596389770508,0.9630056279177426,31.202411651611328,0.4592970013618469,8.061659812927246,40.251258850097656
Berea,63,31.08841323852539,37.035972595214844,0.9583882778036092,30.49604034423828,0.6820729970932007,12.027470588684082,40.21205139160156
Berea,64,8.693398475646973,31.144573211669922,0.9064233670123033,34.31669998168945,0.41531553864479065,14.483776092529297,41.937469482421875
Berea,65,3.5472030639648438,29.444868087768555,0.9182161983339202,32.85023498535156,0.7317937612533569,12.948423385620117,41.85018539428711
Berea,66,9.235112190246582,26.8269100189209,0.9350275305149143,33.46635818481445,0.3720472455024719,12.485918045043945,40.77626419067383
Berea,67,9.82742691040039,28.485071182250977,0.9355304367607283,34.707637786865234,0.6993260979652405,8.387429237365723,41.29724884033203
Berea,68,20.529376983642578,47.877464294433594,0.8242678113172769,40.85747146606445,0.5054287314414978,0.02729923091828823,46.0334358215332
Berea,69,17.866069793701172,42.81941604614258,0.8467190609451076,40.51374053955078,0.3768139183521271,0.34678295254707336,45.3107795715332
Berea,70,18.88791275024414,45.215972900390625,0.8353210289587282,42.05833053588867,0.4855569899082184,3.3682150840759277,45.35898208618164
Berea,71,21.114343643188477,46.32094955444336,0.8432352903402844,42.71477508544922,0.3850747048854828,2.405133008956909,45.45033645629883
Berea,72,2.8827402591705322,35.70418930053711,0.8631767015208844,50.63233947753906,0.41458848118782043,35.93349838256836,50.86426544189453
Berea,73,0.07899631559848785,35.16483688354492,0.8689285235953151,50.786216735839844,0.6696770191192627,25.293352127075195,50.68001937866211
Berea,74,1.0512266159057617,29.464885711669922,0.8958581654943776,50.544857025146484,0.4468471109867096,12.992400169372559,49.335182189941406
Berea,75,6.247395992279053,33.4507942199707,0.8859876841104158,50.83793640136719,0.5786614418029785,29.38131332397461,50.201690673828125
Berea,76,28.60472297668457,30.726619720458984,0.9506678409437739,26.932254791259766,0.7142072319984436,3.4304659366607666,36.0737190246582
Berea,77,26.896738052368164,29.604755401611328,0.945963543241782,26.376493453979492,0.5169405341148376,4.5760016441345215,35.4172248840332
Berea,78,28.64920997619629,30.958505630493164,0.9522372387761118,27.097253799438477,0.729153573513031,1.590747594833374,35.540462493896484
Berea,79,28.864112854003906,31.495134353637695,0.9448103934932357,27.553712844848633,0.536923885345459,1.241411566734314,36.476375579833984
Berea,80,11.434197425842285,29.247652053833008,0.9291230337204212,31.78826904296875,0.7810326218605042,1.4987179040908813,41.01691818237305
Berea,81,7.828886985778809,23.638179779052734,0.9503217716134974,33.17739486694336,0.6022471189498901,7.306172847747803,41.61975860595703
Berea,82,7.98180627822876,28.452390670776367,0.9372391168646448,33.652565002441406,0.7251721024513245,13.213324546813965,41.727378845214844
Berea,83,8.390006065368652,26.0570125579834,0.9411087387927121,32.138275146484375,0.5594625473022461,9.605143547058105,41.589927673339844
Berea,84,18.754741668701172,37.00772476196289,0.8406766601326587,26.46662712097168,0.6746168732643127,0.35820597410202026,36.74647521972656
Berea,85,15.043846130371094,34.27113342285156,0.8478624681986688,25.01717758178711,0.5597315430641174,0.8825291395187378,36.36589813232422
Berea,86,18.808029174804688,34.31382751464844,0.8560894098074916,25.946760177612305,0.6849721670150757,0.08218414336442947,37.31911087036133
Berea,87,21.73737144470215,37.87480163574219,0.8435503973204725,27.675907135009766,0.5006694197654724,0.7726638317108154,38.0211296081543
Berea,88,88.3729476928711,103.45899200439453,0.6392515216029105,35.92441177368164,0.7998916506767273,8.174541473388672,45.68617630004883
Berea,89,78.48394775390625,88.25585174560547,0.6597561507189839,36.76936340332031,0.7484991550445557,10.19893741607666,46.69702911376953
Berea,90,93.10501861572266,102.46277618408203,0.6194439967135089,36.929012298583984,0.8513938188552856,9.6104154586792,46.65989685058594
Berea,91,96.75633239746094,111.30025482177734,0.6042626336312258,35.59105682373047,0.9103329181671143,9.94149112701416,45.78682327270508
Berea,92,73.73649597167969,104.10209655761719,0.5135964576611426,45.47532653808594,1.0886701345443726,11.595248222351074,51.79795837402344
Berea,93,69.42259979248047,99.05159759521484,0.6044678331731258,44.338687896728516,0.8756918907165527,12.653314590454102,51.123355865478516
Berea,94,68.13786315917969,95.75764465332031,0.6255541270508103,44.189598083496094,0.9452183246612549,11.748077392578125,51.274837493896484
Berea,95,71.29338073730469,104.53571319580078,0.5602189671443374,44.2102165222168,0.9446212649345398,9.92516803741455,51.437965393066406
Berea,96,15.535223960876465,32.30931854248047,0.9426643706011721,44.037696838378906,1.119260311126709,8.666401863098145,48.48064041137695
Berea,97,11.89958667755127,32.76087188720703,0.9341122427944243,42.701148986816406,0.8415970206260681,7.7784810066223145,48.80267333984375
Berea,98,20.83989715576172,36.65958023071289,0.9349050670690922,44.23726272583008,1.063841700553894,8.522868156433105,49.080265045166016
Berea,99,18.799304962158203,37.409908294677734,0.9190480750374808,45.17866516113281,0.8450716137886047,5.985503673553467,48.84720993041992
Berea,100,33.84483337402344,39.9842529296875,0.9337277868782321,30.938125610351562,0.6859176158905029,14.40869140625,39.61641311645508
Berea,101,30.231714248657227,37.29367446899414,0.9226106071837624,31.65355110168457,0.5969927906990051,11.393559455871582,40.55373001098633
Berea,102,27.605817794799805,34.68751525878906,0.9260346218254336,31.949569702148438,0.7410656213760376,12.897736549377441,39.83943557739258
Berea,103,29.001449584960938,35.50387954711914,0.9321542816761637,30.83902931213379,0.6138468384742737,12.358779907226562,39.113651275634766
Berea,104,72.72683715820312,98.797607421875,0.7209601539928296,47.09794235229492,1.530564546585083,6.345107555389404,48.61954116821289
Berea,105,68.93204498291016,93.80194854736328,0.7121128417438675,45.62080001831055,1.0748058557510376,8.595999717712402,47.982425689697266
Berea,106,60.97362518310547,83.34687042236328,0.7263949228840952,46.84028625488281,1.253846287727356,12.677919387817383,48.459739685058594
Berea,107,56.372562408447266,82.69918823242188,0.7151203559885907,48.12458038330078,0.9109508395195007,16.032445907592773,49.96686553955078
Berea,108,22.437870025634766,34.47825241088867,0.9020444954959618,34.68735122680664,0.5371236801147461,12.522955894470215,43.74510192871094
Berea,109,26.168420791625977,38.26357650756836,0.89877017845472,34.96504211425781,0.690419614315033,12.208663940429688,44.995689392089844
Berea,110,26.417354583740234,35.99921417236328,0.9160907615958843,35.11776351928711,0.5300948023796082,10.22116470336914,44.74803924560547
Berea,111,22.57318878173828,34.27359390258789,0.9073071208444428,35.026634216308594,0.764009416103363,10.25227165222168,43.90217590332031
Berea,112,26.317386627197266,31.79312515258789,0.9599492837841712,27.12773895263672,0.634387731552124,0.252842515707016,39.71232604980469
Berea,113,23.070125579833984,27.716625213623047,0.9606767620935405,27.57086181640625,0.6356596946716309,1.3037437200546265,39.17437744140625
Berea,114,23.04989242553711,28.87975311279297,0.9544921648421072,27.228662490844727,0.6656665802001953,0.3112677335739136,39.8379020690918
Berea,115,25.62249755859375,32.435874938964844,0.9524749254471728,27.11216926574707,0.6162709593772888,0.8417038917541504,40.00410461425781
Berea,116,23.692411422729492,49.87704849243164,0.8569897694979782,37.06688690185547,0.9855740666389465,6.343493461608887,40.86216354370117
Berea,117,8.703372955322266,44.423152923583984,0.8530594226884893,38.85380554199219,0.8137542009353638,2.976168155670166,42.346473693847656
Berea,118,9.271764755249023,41.80021667480469,0.8823706692823418,36.89158630371094,0.8078445196151733,0.9981956481933594,41.960487365722656
Berea,119,22.508712768554688,47.23082733154297,0.8726513996955788,35.388885498046875,1.073814868927002,7.598252773284912,41.6142578125
Berea,120,26.254301071166992,35.439720153808594,0.9143086130652719,32.22639846801758,0.5934932231903076,1.5409077405929565,42.90903854370117
Berea,121,21.75273895263672,35.22576141357422,0.8926057026555068,31.53215980529785,0.600662112236023,4.662321090698242,42.583187103271484
Berea,122,27.75812339782715,37.35197830200195,0.8935638622395011,31.500329971313477,0.5715587735176086,13.809621810913086,42.669498443603516
Berea,123,23.503372192382812,34.885292053222656,0.909920009719608,31.45699119567871,0.6580719351768494,0.5000516176223755,42.30815505981445
Berea,124,13.104517936706543,33.40941619873047,0.9466422313404795,31.131011962890625,0.7340379357337952,0.7287536263465881,42.43442153930664
Berea,125,17.177711486816406,33.53944396972656,0.9556401478295895,30.519123077392578,0.49969297647476196,0.221488356590271,42.83655548095703
Berea,126,13.010955810546875,31.006704330444336,0.9585257365824776,30.264802932739258,0.7079797983169556,2.961796522140503,42.35404586791992
Berea,127,15.514208793640137,35.022621154785156,0.9478983092468544,30.695865631103516,0.5225294232368469,1.3810101747512817,42.25384521484375
Berea,128,12.714825630187988,21.398670196533203,0.966175175103177,35.03957748413086,0.9602387547492981,5.287700176239014,39.10602951049805
Berea,129,11.857519149780273,20.435827255249023,0.9635434202005178,34.60966110229492,0.5898725390434265,2.487288475036621,38.43156433105469
Berea,130,15.346817016601562,25.263404846191406,0.9524753941919021,34.15386962890625,0.9308048486709595,1.8603934049606323,39.508026123046875
Berea,131,16.505107879638672,24.741867065429688,0.9587326791659411,34.73213195800781,0.5937007665634155,5.084229469299316,39.726158142089844
Berea,132,15.875882148742676,28.172880172729492,0.9647673751053748,32.58544158935547,0.6246786713600159,1.3014076948165894,43.0773811340332
Berea,133,15.212319374084473,26.701684951782227,0.9665595427066888,32.91218185424805,0.7605421543121338,5.280746936798096,42.7850227355957
Berea,134,18.008460998535156,26.398374557495117,0.9650080243026108,32.61903762817383,0.5967258214950562,9.21788215637207,43.22245407104492
Berea,135,17.350711822509766,25.58222007751465,0.971526303389128,32.26191711425781,0.765876829624176,3.5223960876464844,43.175724029541016
Berea,136,11.041481018066406,27.028568267822266,0.952988457626286,32.694053649902344,0.8767316341400146,7.6749653816223145,41.801841735839844
Berea,137,8.747079849243164,24.883892059326172,0.9383603187258441,33.11323547363281,0.53385990858078,9.71512222290039,42.68905258178711
Berea,138,11.826870918273926,26.209156036376953,0.9481862772267438,31.456727981567383,0.8246084451675415,10.928793907165527,41.924560546875
Berea,139,14.094649314880371,29.821128845214844,0.9523548410037589,31.63412094116211,0.562475323677063,9.985557556152344,42.3385009765625
Berea,140,86.64705657958984,133.9609375,0.5570850092380221,45.88640594482422,1.3545316457748413,2.603925943374634,48.7421760559082
Berea,141,89.16783905029297,132.66354370117188,0.5578531846246828,44.47617721557617,1.4859267473220825,4.342160224914551,47.949859619140625
Berea,142,80.12319946289062,124.2667465209961,0.5656043428796282,44.198631286621094,1.2995786666870117,1.7128698825836182,48.484554290771484
Berea,143,81.4371109008789,125.56694793701172,0.5555414576310427,45.21162796020508,1.3526794910430908,2.04537296295166,48.874839782714844
Berea,144,54.24824142456055,56.708412170410156,0.9239564657514315,36.13642120361328,0.709256112575531,15.069459915161133,43.69203567504883
Berea,145,53.49295425415039,56.007999420166016,0.9271174767890045,34.47916030883789,0.59613037109375,14.02669906616211,42.92167282104492
Berea,146,56.403953552246094,59.37409591674805,0.8945052924557897,36.81083679199219,0.7070838809013367,23.007125854492188,44.79365539550781
Berea,147,57.3738899230957,60.90144348144531,0.9179856738378375,37.26667022705078,0.6476781368255615,20.986286163330078,44.501312255859375
Berea,148,37.14152145385742,38.77411651611328,0.939517647123432,39.33966064453125,0.46014460921287537,10.12055778503418,42.54777526855469
Berea,149,40.63454818725586,42.01813507080078,0.9430568277712403,39.76302719116211,0.6880919337272644,14.414414405822754,43.180389404296875
Berea,150,39.89915084838867,42.256893157958984,0.9369664250624022,39.90856170654297,0.5309246182441711,16.556154251098633,43.68440246582031
Berea,151,36.97855758666992,39.0587272644043,0.9380432686604826,39.946842193603516,0.7186182737350464,11.729580879211426,42.95085906982422
Berea,152,30.214435577392578,36.20625305175781,0.9450910648856008,29.990694046020508,0.40739622712135315,4.400905609130859,40.4869270324707
Berea,153,32.07094192504883,36.983856201171875,0.9490830992915391,29.698238372802734,0.40534496307373047,5.067274570465088,39.927879333496094
Berea,154,34.08772277832031,38.07489013671875,0.9421134189643656,30.075801849365234,0.3968215584754944,5.20654821395874,39.306888580322266
Berea,155,33.45369338989258,38.4060173034668,0.937503215248347,30.4182071685791,0.4312992990016937,5.498194217681885,39.999305725097656
Berea,156,50.020652770996094,101.62088775634766,0.6006639826969676,34.72379684448242,0.7887603640556335,5.440666198730469,41.97489929199219
Berea,157,44.51041793823242,89.42552185058594,0.6442097446669113,37.432952880859375,0.8846713900566101,7.249825954437256,42.33472442626953
Berea,158,44.5228271484375,87.35560607910156,0.6331349073497384,34.16008377075195,0.7622173428535461,5.160643577575684,42.11827087402344
Berea,159,53.64552688598633,105.82035064697266,0.5716539564140863,31.987558364868164,1.0111768245697021,1.682281255722046,41.55152130126953
Berea,160,80.69835662841797,86.14718627929688,0.796667499406396,36.77610397338867,1.2317414283752441,3.6985878944396973,47.490840911865234
Berea,161,71.99068450927734,76.47046661376953,0.8360732651735735,34.62194061279297,0.9036931991577148,1.8074913024902344,46.66539764404297
Berea,162,78.12397003173828,81.72950744628906,0.8425253480027893,33.80236053466797,1.283877968788147,2.638892650604248,46.81838607788086
Berea,163,83.6097183227539,91.73062896728516,0.8154644194077082,36.50838851928711,1.0046792030334473,4.268725872039795,47.1295280456543
Berea,164,91.60951232910156,108.01709747314453,0.7394321826928043,42.59577560424805,1.1657387018203735,4.908926010131836,48.412532806396484
Berea,165,85.38084411621094,103.07258605957031,0.7232403519458721,45.099143981933594,0.8656834363937378,8.2749605178833,49.208351135253906
Berea,166,70.80935668945312,87.00471496582031,0.7421472120499603,46.057098388671875,0.9746487736701965,8.473447799682617,48.295982360839844
Berea,167,76.06282806396484,92.18965911865234,0.7333561885758492,44.041561126708984,0.7937301397323608,7.618361473083496,48.386356353759766
Berea,168,19.36833953857422,33.642459869384766,0.8911629153827139,31.565452575683594,0.48845264315605164,9.516701698303223,44.27910614013672
Berea,169,17.58491325378418,36.07732009887695,0.8641617377028847,32.061676025390625,0.3309473395347595,8.76029109954834,44.37708282470703
Berea,170,18.866403579711914,38.990379333496094,0.8591507269883738,33.59344482421875,0.5149626731872559,9.081509590148926,45.1637077331543
Berea,171,19.313318252563477,37.50090789794922,0.8642706014844096,32.999141693115234,0.3512892425060272,7.320769309997559,44.34246063232422
Berea,172,33.949649810791016,36.6322135925293,0.9353457730867503,30.78571319580078,0.4592914283275604,10.318560600280762,39.36552047729492
Berea,173,32.56010055541992,35.768829345703125,0.9318927366463657,29.752031326293945,0.4758816063404083,8.626313209533691,39.653900146484375
Berea,174,35.084476470947266,37.92678451538086,0.9351394845075853,29.39984130859375,0.45680662989616394,10.114828109741211,39.730751037597656
Berea,175,35.034061431884766,36.8835334777832,0.9371762115938252,30.751867294311523,0.4526577293872833,10.514439582824707,39.083343505859375
Berea,176,25.813201904296875,30.68841552734375,0.9652097995175286,34.23537063598633,0.5474915504455566,7.091655254364014,40.33218765258789
Berea,177,26.001754760742188,31.789705276489258,0.9602889704370478,34.924964904785156,0.7784073948860168,8.17317008972168,40.47324752807617
Berea,178,22.82025909423828,28.45484161376953,0.9652655062159693,33.867210388183594,0.5717169046401978,9.091662406921387,39.84502410888672
Berea,179,22.93457794189453,28.899538040161133,0.9592012356447022,33.456703186035156,0.7775113582611084,8.189491271972656,39.560096740722656
Berea,180,11.867979049682617,23.44428253173828,0.9345779606020167,22.798288345336914,0.39117631316185,3.082880735397339,35.8288459777832
Berea,181,14.835346221923828,27.130775451660156,0.9207253657132816,24.15024757385254,0.647712767124176,6.087977409362793,36.77385711669922
Berea,182,13.180566787719727,24.695241928100586,0.9202002743568582,23.78120994567871,0.4202740788459778,1.5360107421875,36.479434967041016
Berea,183,14.404918670654297,23.84213638305664,0.939412097502562,22.8621826171875,0.6460936665534973,0.7793634533882141,35.31344985961914
Berea,184,1.2901277542114258,29.933073043823242,0.9020081891034714,34.14964294433594,0.6600828170776367,6.267942428588867,42.22184753417969
Berea,185,11.064338684082031,31.2683048248291,0.9102261796374198,34.75764083862305,0.8037663698196411,9.365894317626953,42.9775390625
Berea,186,4.79630184173584,28.14451789855957,0.9374115339897324,34.77593231201172,0.7099297046661377,10.913165092468262,43.23816680908203
Berea,187,0.25904035568237305,27.656600952148438,0.9347244294878702,34.51370620727539,0.8534213304519653,11.301630020141602,41.83742141723633
Berea,188,13.35050106048584,27.748119354248047,0.9432139419005471,38.275779724121094,0.5850633382797241,4.069821357727051,43.89878845214844
Berea,189,8.873387336730957,27.08903694152832,0.9443762482784079,38.00938415527344,0.838885486125946,5.963593482971191,44.49422073364258
Berea,190,8.013269424438477,22.76192283630371,0.9556832595485998,36.43107986450195,0.6131978631019592,7.278110504150391,42.61067581176758
Berea,191,16.49493408203125,26.996875762939453,0.9557477746579889,37.198116302490234,0.7952919602394104,9.785670280456543,43.16189193725586
Berea,192,40.84773635864258,73.1346435546875,0.6975228417392939,40.59917068481445,1.1429486274719238,2.7107081413269043,48.09297561645508
Berea,193,43.891700744628906,73.6834716796875,0.7206196060450736,40.2216911315918,0.9560211896896362,2.6164891719818115,48.606380462646484
Berea,194,47.40336990356445,76.63976287841797,0.7182454662627507,38.71912384033203,1.137308955192566,2.789919853210449,49.33877944946289
Berea,195,44.241085052490234,72.64663696289062,0.72667374090253,38.951053619384766,0.9032520055770874,3.531282424926758,48.21189880371094
Berea,196,36.086666107177734,39.78529739379883,0.9399330947889778,34.19095230102539,0.4934675097465515,6.872839450836182,40.632144927978516
Berea,197,30.741605758666992,36.845951080322266,0.9338860028088142,34.83094024658203,0.7245754599571228,4.7480010986328125,41.136573791503906
Berea,198,31.236440658569336,37.170413970947266,0.9431607470773646,34.169273376464844,0.4773120582103729,8.955029487609863,41.44978332519531
Berea,199,31.907550811767578,37.29159927368164,0.9411946341782103,34.82143020629883,0.7385305762290955,7.340704917907715,41.12999725341797
Berea,200,13.680710792541504,36.95729064941406,0.9024314247724767,42.73662567138672,0.4991908073425293,38.24298858642578,47.16564178466797
Berea,201,12.8024263381958,37.55006408691406,0.9016428793676923,41.8359489440918,0.6518808007240295,25.55167579650879,45.777217864990234
Berea,202,14.14281177520752,38.10271072387695,0.9026553960648106,40.77680969238281,0.5289573073387146,23.049755096435547,45.834693908691406
Berea,203,14.28449821472168,36.93584060668945,0.9049459753515122,41.43260192871094,0.664577305316925,32.13786697387695,46.314964294433594
Berea,204,15.352169036865234,28.569549560546875,0.9325555990822788,29.419403076171875,0.5845059752464294,8.546119689941406,39.70232391357422
Berea,205,13.660567283630371,30.74977684020996,0.9144797427252992,30.1179141998291,0.41439729928970337,9.660818099975586,39.87251663208008
Berea,206,16.193025588989258,29.434593200683594,0.9290377145366585,31.72109603881836,0.5628701448440552,15.991500854492188,41.0380859375
Berea,207,14.910562515258789,30.37266731262207,0.9200281903223438,29.86182975769043,0.4303010404109955,10.38643741607666,40.14791488647461
Berea,208,6.037591934204102,51.15831756591797,0.7135387313650773,34.19490432739258,1.092167854309082,10.268462181091309,40.723533630371094
Berea,209,9.721409797668457,57.18157958984375,0.6964406757881751,35.520748138427734,0.6380948424339294,15.379667282104492,42.107444763183594
Berea,210,8.606903076171875,61.672420501708984,0.6791567468503655,35.77167510986328,1.0818108320236206,14.37481689453125,41.536441802978516
Berea,211,10.723499298095703,62.52789306640625,0.6640393257738781,33.887413024902344,0.6988959908485413,6.322916030883789,40.44206619262695
Berea,212,30.30135154724121,45.171138763427734,0.8539194384390739,26.762296676635742,0.8138064742088318,1.1376436948776245,43.31760025024414
Berea,213,45.116817474365234,58.78378677368164,0.8136012954720556,26.47978401184082,0.7627164125442505,1.9372897148132324,42.40221405029297
Berea,214,33.359615325927734,46.409263610839844,0.8566621754251706,25.59847068786621,0.8581196069717407,2.6347873210906982,42.27463150024414
Berea,215,31.040790557861328,42.835201263427734,0.8715695233302505,25.63288688659668,0.6430944204330444,3.483107089996338,42.61225891113281
Berea,216,8.030029296875,50.909542083740234,0.7765286838735591,43.430030822753906,0.5061156153678894,5.760065078735352,48.43178939819336
Berea,217,2.227882146835327,49.883872985839844,0.7772590356778255,44.285884857177734,0.6902089715003967,5.491787910461426,47.730979919433594
Berea,218,1.7141499519348145,49.800777435302734,0.8085178914965901,43.68602752685547,0.5380600094795227,6.957062721252441,47.987998962402344
Berea,219,4.874804496765137,49.22275161743164,0.7728871716300345,44.02849197387695,0.6952775716781616,9.519569396972656,48.060359954833984
Berea,220,27.781600952148438,38.09830856323242,0.8712791649428644,41.75448226928711,0.43767690658569336,9.018916130065918,43.35426330566406
Berea,221,24.33429718017578,36.389381408691406,0.864100376904878,41.1976318359375,0.5711032152175903,6.174183368682861,41.72681427001953
Berea,222,24.169116973876953,35.705814361572266,0.8702677286059083,41.70603561401367,0.3996387720108032,9.186322212219238,42.27334213256836
Berea,223,25.862079620361328,37.02260971069336,0.8733273669072563,41.53333282470703,0.5862962007522583,9.318534851074219,42.54754638671875
