Dataset,Sample_Index,Bias_Error_,Magnitude_Error_,Correlation
Spherical Pores,0,2.6571643352508545,32.46841812133789,0.9133105819426366
Spherical Pores,1,1.6545209884643555,33.01031494140625,0.9023319279917206
Spherical Pores,2,1.65717351436615,32.196449279785156,0.9006205398542875
Spherical Pores,3,2.959303617477417,31.49447250366211,0.9077691181760036
Spherical Pores,4,13.04859447479248,31.73134994506836,0.935743630866177
Spherical Pores,5,13.387825012207031,33.9195556640625,0.9308491994689071
Spherical Pores,6,8.878412246704102,29.666656494140625,0.9524157460682297
Spherical Pores,7,12.629490852355957,31.546056747436523,0.9408272477311852
Spherical Pores,8,1.8118510246276855,42.641868591308594,0.8594177570844503
Spherical Pores,9,5.8630170822143555,43.47565841674805,0.8494247191107905
Spherical Pores,10,12.172064781188965,43.81644058227539,0.875892239758738
Spherical Pores,11,5.786694526672363,38.51319885253906,0.8970916812765858
Spherical Pores,12,6.804296970367432,23.93136978149414,0.9460342392809814
Spherical Pores,13,11.103436470031738,29.372079849243164,0.9247591830910702
Spherical Pores,14,8.098320960998535,25.995864868164062,0.9408919056603855
Spherical Pores,15,9.137290954589844,28.489124298095703,0.937627081016291
Spherical Pores,16,12.462023735046387,37.2741813659668,0.8529956682935368
Spherical Pores,17,12.082404136657715,33.741676330566406,0.9057284548902136
Spherical Pores,18,0.07461397349834442,39.038631439208984,0.8808371484660383
Spherical Pores,19,9.27833366394043,34.241153717041016,0.8972056088587377
Spherical Pores,20,9.231863975524902,38.27256774902344,0.8823914750788749
Spherical Pores,21,3.581367015838623,33.77267837524414,0.9051404978120805
Spherical Pores,22,5.381188869476318,33.23358154296875,0.9174272033768672
Spherical Pores,23,0.45216643810272217,35.3232307434082,0.8751552060058478
Spherical Pores,24,15.884462356567383,51.847625732421875,0.8599497755565874
Spherical Pores,25,8.533153533935547,44.071712493896484,0.8771222324294793
Spherical Pores,26,3.0400190353393555,49.77078628540039,0.8441587926213108
Spherical Pores,27,10.769376754760742,46.10549545288086,0.8712003744381903
Spherical Pores,28,17.5223388671875,73.78716278076172,0.7321656576365916
Spherical Pores,29,1.3688775300979614,61.075828552246094,0.761244124766407
Spherical Pores,30,17.08005142211914,73.4534912109375,0.7293101820005834
Spherical Pores,31,13.37417984008789,74.32874298095703,0.7372415786126231
Spherical Pores,32,2.0397908687591553,21.918611526489258,0.9507703740973341
Spherical Pores,33,1.6182794570922852,23.404613494873047,0.9445733175105767
Spherical Pores,34,0.20984847843647003,22.720563888549805,0.9465351741544608
Spherical Pores,35,0.26267433166503906,21.597557067871094,0.9523410383448072
Spherical Pores,36,4.465263843536377,21.060264587402344,0.9531121732826284
Spherical Pores,37,0.9882331490516663,22.826208114624023,0.9505500194618278
Spherical Pores,38,6.213090896606445,21.79648780822754,0.9527329902536997
Spherical Pores,39,2.669508457183838,21.341161727905273,0.9555804892123506
Spherical Pores,40,7.457210540771484,20.712993621826172,0.9533251764469892
Spherical Pores,41,1.245978832244873,19.050228118896484,0.9556349117927863
Spherical Pores,42,6.315399646759033,19.771221160888672,0.9567433491537661
Spherical Pores,43,6.189212799072266,23.085220336914062,0.9444802225001737
Spherical Pores,44,3.628664970397949,26.229822158813477,0.9368555442395716
Spherical Pores,45,1.4692288637161255,24.486534118652344,0.9504138480562291
Spherical Pores,46,5.8507866859436035,27.526020050048828,0.9373259943746364
Spherical Pores,47,4.225602626800537,25.43346405029297,0.9387118247512971
Spherical Pores,48,2.287545680999756,30.792625427246094,0.9206400361124988
Spherical Pores,49,3.2301688194274902,30.940427780151367,0.9094854964207794
Spherical Pores,50,2.7725648880004883,30.245981216430664,0.9212231879203538
Spherical Pores,51,2.2196590900421143,33.94767379760742,0.89262474058828
Spherical Pores,52,8.17897891998291,24.801820755004883,0.9178414585078005
Spherical Pores,53,13.925004005432129,25.4240779876709,0.9268902066823583
Spherical Pores,54,16.853153228759766,24.479785919189453,0.9253419509203913
Spherical Pores,55,14.49489688873291,23.970535278320312,0.9269246746343053
Spherical Pores,56,14.310813903808594,30.296876907348633,0.9206837048340523
Spherical Pores,57,10.6791410446167,30.238388061523438,0.9179184619279982
Spherical Pores,58,11.259572982788086,33.30955123901367,0.9176952021926389
Spherical Pores,59,5.073897838592529,30.44991683959961,0.9000048343291089
Spherical Pores,60,26.368408203125,50.611473083496094,0.9087214755764431
Spherical Pores,61,19.772924423217773,52.55838394165039,0.8730074895937936
Spherical Pores,62,27.806568145751953,54.63493347167969,0.8766935987571998
Spherical Pores,63,22.204999923706055,45.365413665771484,0.9084497687044001
Spherical Pores,64,11.146109580993652,14.977226257324219,0.9830118565727599
Spherical Pores,65,11.175469398498535,14.17997932434082,0.9851423412166618
Spherical Pores,66,11.441749572753906,14.732396125793457,0.9842075348282907
Spherical Pores,67,11.313918113708496,14.693482398986816,0.982394341789453
Spherical Pores,68,0.6033884882926941,15.152627944946289,0.9675301651179994
Spherical Pores,69,0.01461698953062296,14.017913818359375,0.9713479489289453
Spherical Pores,70,1.0042462348937988,14.067349433898926,0.9718884917857782
Spherical Pores,71,0.8867753148078918,14.773688316345215,0.9684316474588699
Spherical Pores,72,22.01015853881836,23.548574447631836,0.981183889108927
Spherical Pores,73,19.916589736938477,21.2083797454834,0.9841805788733713
Spherical Pores,74,20.493244171142578,22.01259422302246,0.9833819477287296
Spherical Pores,75,21.110244750976562,23.542085647583008,0.9830530647926412
Spherical Pores,76,0.863598108291626,11.41284465789795,0.9799861401363261
Spherical Pores,77,0.5402504205703735,11.087777137756348,0.9833054949514737
Spherical Pores,78,1.0049515962600708,11.226790428161621,0.9829723749582292
Spherical Pores,79,2.809436559677124,11.818368911743164,0.9780088399575242
Spherical Pores,80,2.315577745437622,10.323251724243164,0.9871916164025188
Spherical Pores,81,1.005976915359497,12.285224914550781,0.9817962181180939
Spherical Pores,82,1.8501231670379639,12.704570770263672,0.9804986770451675
Spherical Pores,83,0.11258916556835175,10.73000431060791,0.9873855066724754
Spherical Pores,84,2.955075740814209,16.251325607299805,0.9692155846071876
Spherical Pores,85,4.464272499084473,16.981569290161133,0.9642756674218992
Spherical Pores,86,5.341012001037598,15.660916328430176,0.9701199410078316
Spherical Pores,87,1.7930525541305542,16.9774227142334,0.9655236514959826
Spherical Pores,88,6.294314861297607,14.654086112976074,0.9791323057387875
Spherical Pores,89,6.66416072845459,15.384939193725586,0.9758070326110913
Spherical Pores,90,5.378872871398926,14.369829177856445,0.9771201599875807
Spherical Pores,91,3.5195345878601074,12.302236557006836,0.9835727461881595
Spherical Pores,92,8.889158248901367,21.128747940063477,0.967927339043845
Spherical Pores,93,6.747894287109375,25.60596466064453,0.9556280377566053
Spherical Pores,94,6.637877941131592,22.387802124023438,0.9627818979098833
Spherical Pores,95,7.958821773529053,20.327821731567383,0.9686959057559519
Spherical Pores,96,10.018942832946777,12.190621376037598,0.9877639041745385
Spherical Pores,97,9.437226295471191,11.910318374633789,0.9858459845982577
Spherical Pores,98,8.829462051391602,11.253732681274414,0.9877147569089992
Spherical Pores,99,9.213828086853027,11.363102912902832,0.9893425655196453
Spherical Pores,100,1.0086368322372437,9.149459838867188,0.9868737665501527
Spherical Pores,101,1.0869594812393188,8.64846420288086,0.9876474886091646
Spherical Pores,102,2.2333476543426514,9.030945777893066,0.9874076384446137
Spherical Pores,103,2.0910558700561523,8.391069412231445,0.988311373167876
Spherical Pores,104,11.501849174499512,14.93978214263916,0.9817920076099225
Spherical Pores,105,12.705509185791016,15.648680686950684,0.9844515794692384
Spherical Pores,106,13.656573295593262,15.526080131530762,0.9873500071374536
Spherical Pores,107,12.34482479095459,16.18996810913086,0.9810890344175468
Spherical Pores,108,7.476612567901611,9.343082427978516,0.9902938505210498
Spherical Pores,109,6.2014875411987305,9.901796340942383,0.9857791395393831
Spherical Pores,110,6.638673305511475,9.966287612915039,0.9878636623015752
Spherical Pores,111,6.774890899658203,9.858210563659668,0.9875076029904267
Spherical Pores,112,3.70290470123291,12.399184226989746,0.97732904212245
Spherical Pores,113,2.2548937797546387,13.287212371826172,0.9736219742499364
Spherical Pores,114,1.2665423154830933,11.35420036315918,0.980825335780286
Spherical Pores,115,1.7974774837493896,12.891033172607422,0.9747077496567629
Spherical Pores,116,12.084559440612793,13.32369327545166,0.9857481990755106
Spherical Pores,117,11.692995071411133,12.60692024230957,0.9871089782304859
Spherical Pores,118,11.257294654846191,12.68857479095459,0.9868552508898576
Spherical Pores,119,11.64279556274414,13.040556907653809,0.9849258769393745
Spherical Pores,120,10.121428489685059,12.830300331115723,0.9852186921615005
Spherical Pores,121,10.670989036560059,12.364330291748047,0.9877371708668506
Spherical Pores,122,8.396660804748535,11.527116775512695,0.9862659392938562
Spherical Pores,123,10.645936012268066,12.915133476257324,0.9886900524760887
Spherical Pores,124,15.444336891174316,16.395912170410156,0.98665499425697
Spherical Pores,125,16.459537506103516,17.95351219177246,0.9810564239768307
Spherical Pores,126,17.12610626220703,17.991485595703125,0.9843865210613278
Spherical Pores,127,15.744425773620605,15.90427303314209,0.988422565339691
Spherical Grains,0,1.2911834716796875,33.20896530151367,0.8991746730073429
Spherical Grains,1,9.739212036132812,33.76378631591797,0.8929526644632951
Spherical Grains,2,9.169641494750977,33.552703857421875,0.8952106464442857
Spherical Grains,3,5.1296210289001465,39.47311782836914,0.863208087638738
Spherical Grains,4,11.45159912109375,23.62615394592285,0.9733423140198563
Spherical Grains,5,15.941808700561523,22.958702087402344,0.9834830212057161
Spherical Grains,6,11.791718482971191,19.716026306152344,0.9809934042381583
Spherical Grains,7,10.789082527160645,18.544471740722656,0.9779502167299516
Spherical Grains,8,18.713415145874023,33.96946334838867,0.9297958090993823
Spherical Grains,9,12.29603385925293,29.312259674072266,0.9482923689731455
Spherical Grains,10,17.870058059692383,33.340850830078125,0.9215136701250598
Spherical Grains,11,17.437999725341797,32.242191314697266,0.9405542196815413
Spherical Grains,12,26.057743072509766,71.32707977294922,0.8532400296297284
Spherical Grains,13,18.97400665283203,77.90461730957031,0.8087725244082099
Spherical Grains,14,2.579530954360962,45.07176971435547,0.9038840483700666
Spherical Grains,15,7.842142105102539,51.226295471191406,0.9061429933727237
Spherical Grains,16,54.33735656738281,74.22805786132812,0.8242868957380141
Spherical Grains,17,57.74052810668945,89.56487274169922,0.7341685723280282
Spherical Grains,18,54.25627899169922,84.52995300292969,0.8041106648721217
Spherical Grains,19,61.464691162109375,81.92233276367188,0.8101210286714213
Spherical Grains,20,33.270790100097656,35.53093719482422,0.9324282455941219
Spherical Grains,21,27.090763092041016,29.66538429260254,0.9256289818932978
Spherical Grains,22,31.199386596679688,36.348655700683594,0.8951029114696777
Spherical Grains,23,30.776756286621094,32.99796676635742,0.9255102384418369
Spherical Grains,24,883.8154907226562,1316.7872314453125,0.13884082358312855
Spherical Grains,25,1072.722900390625,1531.897216796875,0.10050635674173776
Spherical Grains,26,1221.2557373046875,1684.373779296875,0.11969648729120994
Spherical Grains,27,1023.8245239257812,1406.3533935546875,0.15718506888396896
Spherical Grains,28,76.34502410888672,32.251102447509766,0.6954380689045965
Spherical Grains,29,58.894256591796875,33.967742919921875,0.6930100268361302
Spherical Grains,30,50.75910186767578,41.92505645751953,0.5265725510077452
Spherical Grains,31,49.54116439819336,39.3345947265625,0.7284905108524045
Spherical Grains,32,39.25052261352539,81.94139862060547,0.8281132308272169
Spherical Grains,33,26.768945693969727,74.33541107177734,0.8315417031303028
Spherical Grains,34,32.44350051879883,68.19479370117188,0.8368366859041314
Spherical Grains,35,48.56546401977539,88.2025146484375,0.790316184642326
Spherical Grains,36,1.8045576810836792,59.335723876953125,0.7561116230264064
Spherical Grains,37,1.3987079858779907,64.7225570678711,0.7562413594207791
Spherical Grains,38,5.5999298095703125,57.64943313598633,0.7604065835336499
Spherical Grains,39,2.2660772800445557,54.353515625,0.7857513169304484
Spherical Grains,40,0.24895672500133514,24.344078063964844,0.953742612312883
Spherical Grains,41,9.017932891845703,32.12308883666992,0.9199901458998194
Spherical Grains,42,3.5271620750427246,30.8648624420166,0.9236930852635488
Spherical Grains,43,6.344484806060791,22.423364639282227,0.960414307479869
Spherical Grains,44,39.93367385864258,46.13410568237305,0.9285334948726194
Spherical Grains,45,49.66860580444336,52.39151382446289,0.9336521589015273
Spherical Grains,46,54.610050201416016,57.495452880859375,0.9322653593350417
Spherical Grains,47,55.131431579589844,58.290557861328125,0.9511366484706916
Spherical Grains,48,11.341571807861328,19.542797088623047,0.9446013311909456
Spherical Grains,49,13.746711730957031,26.38145637512207,0.9030283631444728
Spherical Grains,50,8.49422836303711,26.914644241333008,0.9024219944326782
Spherical Grains,51,4.34293270111084,27.086549758911133,0.9103051426408122
Spherical Grains,52,2.288630723953247,19.116920471191406,0.9536946879225007
Spherical Grains,53,5.347890853881836,19.394832611083984,0.9550827827562902
Spherical Grains,54,7.85662317276001,17.171098709106445,0.9652788326193329
Spherical Grains,55,8.939004898071289,19.1931095123291,0.9660191495511065
Spherical Grains,56,0.19656521081924438,19.41149139404297,0.9621181608034858
Spherical Grains,57,3.0748019218444824,19.552963256835938,0.9540970287870966
Spherical Grains,58,8.905879020690918,26.46333885192871,0.9528152081839723
Spherical Grains,59,5.932732582092285,22.598365783691406,0.9524963897667682
Spherical Grains,60,252.36532592773438,46.05233383178711,0.29338446393501316
Spherical Grains,61,155.552734375,40.02317810058594,0.6082476240179459
Spherical Grains,62,155.13145446777344,37.8974494934082,0.4874492644058832
Spherical Grains,63,175.3516082763672,34.98209762573242,0.43658369440797873
Spherical Grains,64,61.753387451171875,63.449764251708984,0.9301139102753744
Spherical Grains,65,50.37880325317383,53.43853759765625,0.9334462405406873
Spherical Grains,66,60.74327850341797,62.757347106933594,0.9324618773484197
Spherical Grains,67,54.95631790161133,58.53122329711914,0.9160427362850685
Spherical Grains,68,28.74244499206543,32.52391815185547,0.9180899688278735
Spherical Grains,69,27.172395706176758,31.283647537231445,0.9173447376829101
Spherical Grains,70,30.95798683166504,33.736305236816406,0.9366656880783393
Spherical Grains,71,29.286230087280273,32.79534149169922,0.9323176269372705
Spherical Grains,72,26.130197525024414,31.357053756713867,0.9591445435863134
Spherical Grains,73,28.667814254760742,37.6048698425293,0.9146844669545594
Spherical Grains,74,27.30018424987793,32.38447952270508,0.9376672257450183
Spherical Grains,75,24.138736724853516,28.647293090820312,0.9710343274004438
Spherical Grains,76,28.339725494384766,28.946552276611328,0.9700723990528114
Spherical Grains,77,25.214021682739258,25.917314529418945,0.97632395208874
Spherical Grains,78,25.947187423706055,28.328052520751953,0.9661471386840839
Spherical Grains,79,26.144445419311523,28.198009490966797,0.9767657571862067
Spherical Grains,80,29.715791702270508,30.396732330322266,0.9519423282223431
Spherical Grains,81,23.84724998474121,26.403894424438477,0.9490764675412451
Spherical Grains,82,29.454919815063477,31.73932647705078,0.9379674843512833
Spherical Grains,83,27.36739158630371,30.633604049682617,0.9363341217214355
Spherical Grains,84,7.344651699066162,37.83071517944336,0.9096055356599835
Spherical Grains,85,3.9798994064331055,41.9914436340332,0.901540244312914
Spherical Grains,86,0.863136351108551,34.36118698120117,0.9364959923676661
Spherical Grains,87,0.738518238067627,33.525657653808594,0.9369440401186975
Spherical Grains,88,10.548482894897461,26.67508316040039,0.9574049128361084
Spherical Grains,89,10.411521911621094,26.276193618774414,0.9613303601448228
Spherical Grains,90,12.772565841674805,28.07077407836914,0.9542348184175534
Spherical Grains,91,16.280229568481445,30.636850357055664,0.9493614214549143
Spherical Grains,92,10.896449089050293,26.664621353149414,0.9514570573573853
Spherical Grains,93,10.239495277404785,26.892148971557617,0.9468891142486012
Spherical Grains,94,8.807221412658691,23.235393524169922,0.9669480044410843
Spherical Grains,95,9.346315383911133,23.723766326904297,0.9561129064296702
Spherical Grains,96,9.776654243469238,28.295291900634766,0.9342524105524103
Spherical Grains,97,10.88270092010498,28.432308197021484,0.935818885031954
Spherical Grains,98,10.247878074645996,26.087684631347656,0.9431062745702194
Spherical Grains,99,13.500629425048828,29.020572662353516,0.9412815240853535
Spherical Grains,100,15.72994613647461,21.6008358001709,0.9740246466082573
Spherical Grains,101,11.897289276123047,18.54975700378418,0.976224836364785
Spherical Grains,102,15.725333213806152,20.890188217163086,0.9757104712034467
Spherical Grains,103,12.30638313293457,19.79931640625,0.9664103014462593
Spherical Grains,104,20.491256713867188,28.462146759033203,0.9516807761828869
Spherical Grains,105,17.24519920349121,26.38347816467285,0.9533905419837829
Spherical Grains,106,12.568391799926758,22.938434600830078,0.9536035282829303
Spherical Grains,107,16.92164421081543,24.442489624023438,0.9613450150375414
Spherical Grains,108,16.545597076416016,23.81073570251465,0.9515153913004456
Spherical Grains,109,30.468196868896484,36.24959182739258,0.9217725542974764
Spherical Grains,110,24.995080947875977,31.521764755249023,0.944927874072057
Spherical Grains,111,26.1621036529541,31.0673828125,0.948330965536489
Spherical Grains,112,13.847482681274414,20.62494659423828,0.9607523329709083
Spherical Grains,113,12.014263153076172,17.423370361328125,0.9659863012528114
Spherical Grains,114,13.576582908630371,18.270597457885742,0.9596500713583588
Spherical Grains,115,15.77890396118164,18.91121482849121,0.9576792953268397
Spherical Grains,116,5.845627784729004,21.971210479736328,0.949986202924357
Spherical Grains,117,0.16999445855617523,18.4600772857666,0.9687315763802011
Spherical Grains,118,3.8220410346984863,19.307374954223633,0.9703766900371422
Spherical Grains,119,3.212629795074463,16.624874114990234,0.9748681766802331
Spherical Grains,120,28.862485885620117,31.796184539794922,0.9535871521105768
Spherical Grains,121,23.967348098754883,32.89683151245117,0.9430210258767089
Spherical Grains,122,34.88676071166992,35.772525787353516,0.9611165358620449
Spherical Grains,123,33.73110580444336,36.38994216918945,0.9534028436355665
Spherical Grains,124,4.449311256408691,23.91925621032715,0.9401519331079795
Spherical Grains,125,7.053650379180908,26.790821075439453,0.9198743830101531
Spherical Grains,126,4.096635818481445,24.43185806274414,0.9290802644888277
Spherical Grains,127,5.546941757202148,22.478118896484375,0.9455114297836227
Cylindrical Pores,0,57.7295036315918,58.17940902709961,0.9329804131805775
Cylindrical Pores,1,54.209381103515625,54.62799835205078,0.934649791229957
Cylindrical Pores,2,60.535072326660156,61.539859771728516,0.9161229725821786
Cylindrical Pores,3,57.92130661010742,57.91912078857422,0.8865774260695842
Cylindrical Pores,4,17.557479858398438,42.96165466308594,0.8250364933454765
Cylindrical Pores,5,16.551389694213867,45.46268081665039,0.7907818984564479
Cylindrical Pores,6,16.161081314086914,40.4683952331543,0.8755075024333999
Cylindrical Pores,7,15.375383377075195,42.893856048583984,0.8440524402770457
Cylindrical Pores,8,8.24121379852295,51.540016174316406,0.8111857242227175
Cylindrical Pores,9,7.2202277183532715,53.95848083496094,0.8029491541651133
Cylindrical Pores,10,7.534543991088867,53.01030731201172,0.7945851536257698
Cylindrical Pores,11,9.508472442626953,59.93601989746094,0.770918975263355
Cylindrical Pores,12,23.84827995300293,31.847919464111328,0.9128987894911479
Cylindrical Pores,13,20.46377944946289,34.27092742919922,0.9107355321105897
Cylindrical Pores,14,19.71742057800293,37.90692138671875,0.8877831323878208
Cylindrical Pores,15,21.545814514160156,37.64978790283203,0.888733145117993
Cylindrical Pores,16,45.05633544921875,61.24180221557617,0.6735231368803171
Cylindrical Pores,17,42.329978942871094,62.64692687988281,0.6650666031259033
Cylindrical Pores,18,37.7819709777832,58.83311462402344,0.647291754918245
Cylindrical Pores,19,39.213539123535156,63.79454040527344,0.5589436792271918
Cylindrical Pores,20,30.578903198242188,37.22413635253906,0.907165988995282
Cylindrical Pores,21,18.48965835571289,38.17006301879883,0.9202661319398643
Cylindrical Pores,22,25.892105102539062,38.00995635986328,0.8998301653822164
Cylindrical Pores,23,25.170934677124023,39.609230041503906,0.8940180753592705
Cylindrical Pores,24,60.345726013183594,60.50698471069336,0.9187037663490082
Cylindrical Pores,25,62.68085861206055,62.4059944152832,0.9129588239075052
Cylindrical Pores,26,61.65584945678711,61.66814422607422,0.9193535359396469
Cylindrical Pores,27,58.80376052856445,59.19346618652344,0.9340490961515641
Cylindrical Pores,28,25.448278427124023,59.180294036865234,0.7048005692782865
Cylindrical Pores,29,27.82171058654785,61.82688903808594,0.6690418593773019
Cylindrical Pores,30,28.619152069091797,58.35446548461914,0.6620319569491921
Cylindrical Pores,31,37.05992126464844,66.87725067138672,0.6131656592136864
Cylindrical Pores,32,45.7140998840332,65.8461685180664,0.9026962735951016
Cylindrical Pores,33,31.127634048461914,55.46919631958008,0.8821064398493416
Cylindrical Pores,34,41.858131408691406,59.894874572753906,0.9427700603018434
Cylindrical Pores,35,37.4974250793457,63.24225616455078,0.89057655296401
Cylindrical Pores,36,40.12437057495117,45.579463958740234,0.8959814062975068
Cylindrical Pores,37,39.68946075439453,43.61590576171875,0.8739392012179629
Cylindrical Pores,38,47.858116149902344,50.186832427978516,0.919564694954759
Cylindrical Pores,39,43.8211784362793,47.07183837890625,0.921948585561578
Cylindrical Pores,40,198.74562072753906,32.88340759277344,0.45489322038016194
Cylindrical Pores,41,203.04296875,35.07184600830078,0.5804838116435909
Cylindrical Pores,42,201.0677032470703,41.6260986328125,0.5647539563694491
Cylindrical Pores,43,216.1950225830078,40.442787170410156,0.5503017325999733
Cylindrical Pores,44,33.519649505615234,63.88804244995117,0.7045221111048293
Cylindrical Pores,45,25.149370193481445,54.65878677368164,0.7595307998031642
Cylindrical Pores,46,24.914316177368164,51.20590591430664,0.7998102902319829
Cylindrical Pores,47,17.709606170654297,54.45478057861328,0.8275802409001247
Cylindrical Pores,48,14.600114822387695,46.219539642333984,0.8332804371448126
Cylindrical Pores,49,13.89250373840332,43.96913146972656,0.8440015588976554
Cylindrical Pores,50,11.424263000488281,50.61705780029297,0.7852100861179384
Cylindrical Pores,51,8.494752883911133,45.26253890991211,0.8101038769063544
Cylindrical Pores,52,2.4464783668518066,44.0828857421875,0.8351582218635801
Cylindrical Pores,53,1.5518049001693726,49.274478912353516,0.7912237924465546
Cylindrical Pores,54,0.8871055245399475,46.2900390625,0.774032358382984
Cylindrical Pores,55,2.970008373260498,48.370262145996094,0.8079102994455638
Cylindrical Pores,56,17.730491638183594,26.333839416503906,0.9350637810531349
Cylindrical Pores,57,19.940364837646484,26.939027786254883,0.9351478781443526
Cylindrical Pores,58,12.580406188964844,25.972095489501953,0.9262390281979799
Cylindrical Pores,59,19.8504638671875,28.148679733276367,0.9204260817875645
Cylindrical Pores,60,46.523746490478516,45.82479476928711,0.9780646071709523
Cylindrical Pores,61,46.7052001953125,46.003936767578125,0.9793112357264155
Cylindrical Pores,62,44.314937591552734,42.83674240112305,0.969511176871794
Cylindrical Pores,63,43.90596008300781,42.96810531616211,0.9721691734689167
Cylindrical Pores,64,5.457594394683838,72.72280883789062,0.7420593647835544
Cylindrical Pores,65,36.09564971923828,88.39411163330078,0.7370921851570346
Cylindrical Pores,66,9.1285982131958,80.16954040527344,0.7243759818500574
Cylindrical Pores,67,23.696237564086914,94.95553588867188,0.6693816334488256
Cylindrical Pores,68,8.272692680358887,57.97600555419922,0.7582383093852422
Cylindrical Pores,69,3.388873338699341,55.55269241333008,0.7856657361090927
Cylindrical Pores,70,12.068034172058105,53.82637023925781,0.7799298436996229
Cylindrical Pores,71,14.503341674804688,57.547611236572266,0.7613565997692218
Cylindrical Pores,72,27.4679012298584,29.46857261657715,0.9688653368794632
Cylindrical Pores,73,26.41729736328125,28.874595642089844,0.969547956297109
Cylindrical Pores,74,28.195064544677734,29.5767765045166,0.9684638902282766
Cylindrical Pores,75,28.3134765625,30.060504913330078,0.9679078257779942
Cylindrical Pores,76,38.70185089111328,39.78483200073242,0.8756817093103908
Cylindrical Pores,77,40.44099426269531,40.69015121459961,0.8850078156621534
Cylindrical Pores,78,40.132568359375,40.015716552734375,0.886346642346456
Cylindrical Pores,79,36.1261100769043,36.329769134521484,0.9072290543097222
Cylindrical Pores,80,30.12065887451172,29.512248992919922,0.9652085627520492
Cylindrical Pores,81,29.316753387451172,28.28003692626953,0.9679515433561375
Cylindrical Pores,82,34.31291961669922,33.335330963134766,0.9785372955874311
Cylindrical Pores,83,30.978878021240234,28.895790100097656,0.9699589876359885
Cylindrical Pores,84,51.146053314208984,50.53165054321289,0.9161852666093726
Cylindrical Pores,85,52.072181701660156,51.3652458190918,0.9214063625540271
Cylindrical Pores,86,50.81800842285156,49.977455139160156,0.9272204465226992
Cylindrical Pores,87,52.756248474121094,52.41350555419922,0.9114097383183012
Cylindrical Pores,88,6.81268835067749,38.441322326660156,0.845751365595387
Cylindrical Pores,89,18.731067657470703,41.293556213378906,0.8128967258326983
Cylindrical Pores,90,7.429032802581787,35.36641311645508,0.8649392639436592
Cylindrical Pores,91,17.711151123046875,33.88005828857422,0.845086473952689
Cylindrical Pores,92,42.808502197265625,41.563636779785156,0.9243150293909845
Cylindrical Pores,93,44.96051025390625,43.4111213684082,0.924510872671751
Cylindrical Pores,94,43.25550842285156,42.47637939453125,0.9302016246457387
Cylindrical Pores,95,41.00787353515625,40.35154724121094,0.9320344333841856
Cylindrical Pores,96,37.028079986572266,37.36137771606445,0.931460668697583
Cylindrical Pores,97,35.537567138671875,35.3547477722168,0.9337356050479159
Cylindrical Pores,98,34.348907470703125,34.545013427734375,0.945785562037268
Cylindrical Pores,99,35.39857482910156,35.845367431640625,0.9388519440420945
Cylindrical Pores,100,41.26511764526367,40.72026443481445,0.9526240116670737
Cylindrical Pores,101,40.12065887451172,39.81821823120117,0.9659656503254973
Cylindrical Pores,102,41.73095703125,41.100467681884766,0.9471344005666316
Cylindrical Pores,103,40.81156921386719,40.218936920166016,0.9574747857917438
Cylindrical Pores,104,42.9357795715332,44.16222381591797,0.8988775060513153
Cylindrical Pores,105,43.4516487121582,44.26401901245117,0.924796250050917
Cylindrical Pores,106,44.66258239746094,45.7325439453125,0.9155973906936664
Cylindrical Pores,107,44.82008743286133,45.43487548828125,0.9183602296913401
Cylindrical Pores,108,32.40081024169922,31.41032600402832,0.9643736538583039
Cylindrical Pores,109,33.06919479370117,31.696496963500977,0.9756387324645155
Cylindrical Pores,110,32.8565559387207,32.076568603515625,0.9765721171532527
Cylindrical Pores,111,32.96622848510742,31.690324783325195,0.9664231216113881
Cylindrical Pores,112,29.616254806518555,29.959489822387695,0.971619289127505
Cylindrical Pores,113,31.06358528137207,31.262069702148438,0.9707049872425666
Cylindrical Pores,114,32.4084358215332,32.4503173828125,0.9671472035239865
Cylindrical Pores,115,29.349699020385742,29.589601516723633,0.971593404043251
Cylindrical Pores,116,32.61785125732422,32.26328659057617,0.9404305848034801
Cylindrical Pores,117,32.47593688964844,31.902565002441406,0.9479515865895675
Cylindrical Pores,118,33.832855224609375,33.1196403503418,0.9423464153287018
Cylindrical Pores,119,31.977279663085938,31.62107276916504,0.9463249073620381
Cylindrical Grains,0,5.955265045166016,13.49590015411377,0.9783426595804103
Cylindrical Grains,1,2.701289415359497,12.962972640991211,0.9755040263688888
Cylindrical Grains,2,3.627105236053467,14.679177284240723,0.9660632693602809
Cylindrical Grains,3,5.025126934051514,14.089127540588379,0.9769636787651446
Cylindrical Grains,4,16.665773391723633,21.606971740722656,0.9701945898956954
Cylindrical Grains,5,14.772350311279297,21.444528579711914,0.9652595515762293
Cylindrical Grains,6,17.085105895996094,22.5648136138916,0.9633537848543772
Cylindrical Grains,7,11.397687911987305,19.949779510498047,0.9656604119089616
Cylindrical Grains,8,42.11198043823242,46.65702819824219,0.9479068895806286
Cylindrical Grains,9,45.59034729003906,49.38926315307617,0.956067868788406
Cylindrical Grains,10,40.406192779541016,45.0612907409668,0.9539742486496784
Cylindrical Grains,11,37.79928207397461,44.026397705078125,0.9461496665311109
Cylindrical Grains,12,9.07740592956543,15.579962730407715,0.9685347290640044
Cylindrical Grains,13,6.809761047363281,16.33633804321289,0.9605182468948613
Cylindrical Grains,14,8.34365177154541,15.615678787231445,0.9669485597240757
Cylindrical Grains,15,9.672881126403809,15.751265525817871,0.9650304715330104
Cylindrical Grains,16,4.852553844451904,37.37779998779297,0.8107311682214879
Cylindrical Grains,17,8.170721054077148,36.704742431640625,0.7985769350292021
Cylindrical Grains,18,10.512809753417969,37.873291015625,0.8204968221111617
Cylindrical Grains,19,5.952064514160156,35.818214416503906,0.8164911831604128
Cylindrical Grains,20,17.3157958984375,21.80213737487793,0.9349532311160657
Cylindrical Grains,21,19.072006225585938,22.312847137451172,0.9215535802658145
Cylindrical Grains,22,19.384807586669922,22.471193313598633,0.9287774565387659
Cylindrical Grains,23,18.685630798339844,22.65572166442871,0.9355833802844619
Cylindrical Grains,24,32.088199615478516,48.710723876953125,0.8607186377096571
Cylindrical Grains,25,25.532556533813477,43.343692779541016,0.8760391682882197
Cylindrical Grains,26,24.622295379638672,40.59272003173828,0.8781728484790028
Cylindrical Grains,27,26.19767189025879,38.97914123535156,0.8972292437066375
Cylindrical Grains,28,2.484099864959717,25.466598510742188,0.9287733818786247
Cylindrical Grains,29,0.03914490342140198,28.710832595825195,0.8974582327131204
Cylindrical Grains,30,0.539888322353363,30.916366577148438,0.874112855566759
Cylindrical Grains,31,1.7537579536437988,25.60107421875,0.9221350248949853
Cylindrical Grains,32,14.704870223999023,18.280529022216797,0.9712757702730919
Cylindrical Grains,33,17.791664123535156,19.52094841003418,0.9722339773026552
Cylindrical Grains,34,18.713842391967773,20.483434677124023,0.9790998894825603
Cylindrical Grains,35,16.537094116210938,21.313579559326172,0.9639595745329284
Cylindrical Grains,36,11.412647247314453,21.428298950195312,0.9731750625446638
Cylindrical Grains,37,10.786481857299805,21.932865142822266,0.9721401607239425
Cylindrical Grains,38,12.905445098876953,25.854827880859375,0.968341019729847
Cylindrical Grains,39,8.46422290802002,23.129362106323242,0.9655958283228434
Cylindrical Grains,40,41.594703674316406,48.973121643066406,0.9279354938871002
Cylindrical Grains,41,47.544654846191406,56.35186004638672,0.9315752644233432
Cylindrical Grains,42,35.118473052978516,46.39386749267578,0.9240714519459603
Cylindrical Grains,43,47.55418395996094,57.01032257080078,0.9279782218126882
Cylindrical Grains,44,35.41383743286133,35.98075866699219,0.9604622249972057
Cylindrical Grains,45,27.655826568603516,29.07891082763672,0.9439671903172618
Cylindrical Grains,46,34.2483024597168,35.37580490112305,0.9574629036903566
Cylindrical Grains,47,27.51040267944336,31.319835662841797,0.9536178685137556
Cylindrical Grains,48,12.013871192932129,18.753093719482422,0.9732403151546394
Cylindrical Grains,49,6.26747989654541,16.42205047607422,0.9758130535798989
Cylindrical Grains,50,5.056478500366211,16.945775985717773,0.9752863984552701
Cylindrical Grains,51,14.246088981628418,18.652833938598633,0.9676126481547198
Cylindrical Grains,52,30.921764373779297,42.442161560058594,0.9177204661104328
Cylindrical Grains,53,35.286258697509766,43.22982406616211,0.9371124314468813
Cylindrical Grains,54,31.316980361938477,46.81955337524414,0.9192302190692173
Cylindrical Grains,55,24.413768768310547,40.51718521118164,0.9279016088124038
Cylindrical Grains,56,31.761314392089844,48.13420486450195,0.8735715362563311
Cylindrical Grains,57,26.178285598754883,42.033897399902344,0.8839196227028145
Cylindrical Grains,58,29.138656616210938,50.42926025390625,0.8268946822685519
Cylindrical Grains,59,27.03981590270996,43.10511779785156,0.873944745272425
Cylindrical Grains,60,5.544792652130127,26.743122100830078,0.9010993248359231
Cylindrical Grains,61,6.98135232925415,26.39011573791504,0.8938831922659004
Cylindrical Grains,62,0.4405016601085663,26.24852752685547,0.9170804913349965
Cylindrical Grains,63,1.8402971029281616,20.80394172668457,0.9386487262471067
Cylindrical Grains,64,15.930216789245605,23.884889602661133,0.8782032374607266
Cylindrical Grains,65,18.41826820373535,26.071548461914062,0.8874674723525344
Cylindrical Grains,66,28.598459243774414,35.17209243774414,0.8588146429666053
Cylindrical Grains,67,22.924259185791016,27.29310417175293,0.910250753716375
Cylindrical Grains,68,21.330032348632812,41.323760986328125,0.9017304014717622
Cylindrical Grains,69,31.31381607055664,43.69977951049805,0.9078045938903055
Cylindrical Grains,70,25.292266845703125,41.31357192993164,0.9190314124039031
Cylindrical Grains,71,41.28116989135742,55.80068588256836,0.8900297158781578
Cylindrical Grains,72,40.92751693725586,63.97511291503906,0.8729897050837309
Cylindrical Grains,73,43.778099060058594,66.34940338134766,0.8849318653419505
Cylindrical Grains,74,52.01109313964844,71.59027099609375,0.8795845055197021
Cylindrical Grains,75,65.7657241821289,84.42097473144531,0.8783227966822997
Cylindrical Grains,76,52.404178619384766,73.21334838867188,0.8046304535710157
Cylindrical Grains,77,38.516639709472656,56.94327163696289,0.8440340142749363
Cylindrical Grains,78,59.95045852661133,78.91649627685547,0.8296824313623431
Cylindrical Grains,79,33.973350524902344,52.07101058959961,0.8795249953554553
Cylindrical Grains,80,17.007204055786133,24.864835739135742,0.9281178210727037
Cylindrical Grains,81,14.855670928955078,19.294261932373047,0.942464621074887
Cylindrical Grains,82,22.712692260742188,26.223575592041016,0.8964642714790346
Cylindrical Grains,83,24.44097137451172,28.120786666870117,0.8978232867587221
Cylindrical Grains,84,287.22174072265625,439.46649169921875,0.2886622362793007
Cylindrical Grains,85,357.51116943359375,534.2645263671875,0.2460011159224263
Cylindrical Grains,86,296.68402099609375,433.5924072265625,0.30503572110598726
Cylindrical Grains,87,293.9286804199219,464.504638671875,0.24534414800587429
Cylindrical Grains,88,101.54425811767578,75.348388671875,0.8810979071387055
Cylindrical Grains,89,101.04158020019531,79.48515319824219,0.8946473210877615
Cylindrical Grains,90,115.50990295410156,78.58892822265625,0.8621228038711959
Cylindrical Grains,91,110.49787902832031,74.74539184570312,0.8520946238123417
Cylindrical Grains,92,10.948835372924805,37.56317138671875,0.8547054988622771
Cylindrical Grains,93,4.670894622802734,43.553401947021484,0.8764765138262198
Cylindrical Grains,94,1.2749756574630737,39.92561721801758,0.8764882492330747
Cylindrical Grains,95,11.664873123168945,34.358943939208984,0.8697374702261484
Bentheimer,0,1.759005069732666,53.35763168334961,0.765018621833566
Bentheimer,1,9.825605392456055,56.55608367919922,0.7814164790364291
Bentheimer,2,3.121891736984253,54.16808319091797,0.7846949351587151
Bentheimer,3,1.3984456062316895,57.40919876098633,0.7745743263913072
Bentheimer,4,40.58205032348633,72.35398864746094,0.7819239397724639
Bentheimer,5,35.12314224243164,62.25885772705078,0.7968732270898394
Bentheimer,6,41.716365814208984,64.35980224609375,0.8228116561817946
Bentheimer,7,50.62821960449219,76.45648193359375,0.7956581009909324
Bentheimer,8,36.736328125,77.9159927368164,0.7593903118915097
Bentheimer,9,53.71617126464844,84.94392395019531,0.7875251542846995
Bentheimer,10,53.36581802368164,78.28251647949219,0.82865233086889
Bentheimer,11,60.7293586730957,87.35974884033203,0.7886841223107549
Bentheimer,12,70.03219604492188,119.20055389404297,0.6140988475917869
Bentheimer,13,62.172157287597656,110.43031311035156,0.6300821145892144
Bentheimer,14,60.28543472290039,104.14141845703125,0.6382876839114647
Bentheimer,15,73.87117004394531,125.21117401123047,0.618873289112759
Bentheimer,16,13.762351989746094,70.19312286376953,0.8053158300262637
Bentheimer,17,23.277236938476562,76.80364990234375,0.7882848115521253
Bentheimer,18,27.42247772216797,79.43118286132812,0.7780099445431705
Bentheimer,19,18.553749084472656,70.68335723876953,0.7971871555781141
Bentheimer,20,14.632041931152344,41.87094497680664,0.8494421721004488
Bentheimer,21,23.019899368286133,54.00859069824219,0.826117484408609
Bentheimer,22,18.347410202026367,44.35700607299805,0.8423425585906252
Bentheimer,23,17.350183486938477,43.204376220703125,0.8562213835729866
Bentheimer,24,39.240211486816406,45.577720642089844,0.8737546879424544
Bentheimer,25,34.3403434753418,44.88385772705078,0.8742254999849404
Bentheimer,26,31.521249771118164,42.27756881713867,0.8938582924878578
Bentheimer,27,35.070404052734375,42.92108917236328,0.9112137621980533
Bentheimer,28,20.430313110351562,20.984237670898438,0.9601260484633285
Bentheimer,29,22.69169044494629,24.09349822998047,0.9626798018226829
Bentheimer,30,20.941463470458984,21.680931091308594,0.9708820543843896
Bentheimer,31,20.762163162231445,21.706768035888672,0.9732679113435826
Bentheimer,32,664.5381469726562,837.00634765625,0.29279674090703767
Bentheimer,33,604.4153442382812,744.7490844726562,0.29360156471334137
Bentheimer,34,587.91162109375,744.67529296875,0.2918821288914737
Bentheimer,35,580.5391235351562,749.2232666015625,0.29802192099670416
Bentheimer,36,40.660396575927734,41.64221954345703,0.9499469022035234
Bentheimer,37,41.30216979980469,42.68075942993164,0.95841961074143
Bentheimer,38,36.869869232177734,38.80229187011719,0.9653505389623324
Bentheimer,39,39.150569915771484,40.01980209350586,0.9499822383471405
Bentheimer,40,43.085044860839844,45.94845962524414,0.9034247228327056
Bentheimer,41,43.68825912475586,46.650413513183594,0.8958292133761661
Bentheimer,42,47.61463928222656,48.344078063964844,0.9073089364963711
Bentheimer,43,47.0605583190918,48.82731628417969,0.8836720281779101
Bentheimer,44,36.17081069946289,41.32535934448242,0.948671920697629
Bentheimer,45,42.50093078613281,47.69245910644531,0.9395626213928534
Bentheimer,46,36.27663040161133,40.726776123046875,0.9262474870207789
Bentheimer,47,31.972158432006836,37.1661491394043,0.950923921536188
Bentheimer,48,1.299283742904663,54.51822280883789,0.49225617043925496
Bentheimer,49,6.36600923538208,52.853797912597656,0.4832611354839484
Bentheimer,50,14.347838401794434,62.18042755126953,0.5052022945427327
Bentheimer,51,13.928217887878418,53.79160690307617,0.5920450253291195
Bentheimer,52,34.017425537109375,54.13143539428711,0.8300059444979907
Bentheimer,53,23.247055053710938,46.18881607055664,0.8295167703454381
Bentheimer,54,25.304668426513672,47.81424331665039,0.844068955925529
Bentheimer,55,36.74430847167969,55.62865447998047,0.8337974660710914
Bentheimer,56,8.589704513549805,43.97959518432617,0.8272550124491451
Bentheimer,57,3.346135139465332,36.41191101074219,0.8772377284457552
Bentheimer,58,1.295367956161499,46.53917694091797,0.834750225344006
Bentheimer,59,4.979616641998291,51.14741516113281,0.7744613420220596
Bentheimer,60,49.51148223876953,45.98444366455078,0.8370952013494825
Bentheimer,61,69.7424087524414,62.12791442871094,0.8268225278132709
Bentheimer,62,57.1671257019043,61.41644287109375,0.7914555707761658
Bentheimer,63,49.796180725097656,45.8783073425293,0.8791363822248252
Bentheimer,64,4.012385845184326,38.74342727661133,0.8880898506454363
Bentheimer,65,3.331627368927002,35.436527252197266,0.8988607065876609
Bentheimer,66,5.225733280181885,32.03831100463867,0.9176718912929224
Bentheimer,67,6.87277889251709,36.166748046875,0.8950049965308405
Bentheimer,68,12.309425354003906,56.696903228759766,0.7286398207531231
Bentheimer,69,14.983061790466309,56.340126037597656,0.7033161290054818
Bentheimer,70,15.581989288330078,57.68496322631836,0.7498328210055049
Bentheimer,71,15.947039604187012,63.20596694946289,0.6860313142023892
Bentheimer,72,71.55644989013672,96.1549301147461,0.6957793112427991
Bentheimer,73,91.5393295288086,107.85309600830078,0.6765651591603447
Bentheimer,74,83.65232849121094,96.69877624511719,0.7245091042811356
Bentheimer,75,67.32152557373047,87.22441864013672,0.71319093640128
Bentheimer,76,10.675867080688477,39.84848403930664,0.8622698445689758
Bentheimer,77,7.730686664581299,33.4699592590332,0.8849660204334852
Bentheimer,78,8.67275333404541,30.6802978515625,0.8964719870137375
Bentheimer,79,16.3017578125,34.65354919433594,0.8830147547113284
Bentheimer,80,4.004406929016113,47.59440994262695,0.7274586537021518
Bentheimer,81,5.431238174438477,51.553672790527344,0.693126832783887
Bentheimer,82,4.065160274505615,48.56324005126953,0.6881540498561074
Bentheimer,83,0.8083323240280151,50.168277740478516,0.6964280564446104
Bentheimer,84,275.8467102050781,306.4322509765625,0.5230074280757353
Bentheimer,85,232.71279907226562,257.4538879394531,0.5211457043709485
Bentheimer,86,235.99794006347656,259.17364501953125,0.5319751343213385
Bentheimer,87,234.8489227294922,270.6488952636719,0.5520198501734398
Bentheimer,88,58.661476135253906,60.44058609008789,0.9305112962584908
Bentheimer,89,48.83822250366211,51.67564010620117,0.9281732176077873
Bentheimer,90,50.406192779541016,53.76498031616211,0.9510849075736031
Bentheimer,91,52.72197723388672,62.507110595703125,0.9275752686795545
Bentheimer,92,15.594030380249023,32.829010009765625,0.9310763246940226
Bentheimer,93,2.02249813079834,31.254283905029297,0.9288095222645602
Bentheimer,94,15.146839141845703,35.970951080322266,0.9284584815072191
Bentheimer,95,17.117359161376953,36.982975006103516,0.8996988807560886
Bentheimer,96,25.659135818481445,47.09812927246094,0.8428971140931831
Bentheimer,97,24.14893341064453,48.384254455566406,0.8548505250720013
Bentheimer,98,19.681978225708008,48.071624755859375,0.8473102798872236
Bentheimer,99,24.655351638793945,45.48272705078125,0.8788736271871084
Bentheimer,100,15.03083610534668,29.157140731811523,0.9431311819502132
Bentheimer,101,10.83492374420166,25.027889251708984,0.9481059648001904
Bentheimer,102,10.667534828186035,22.46079444885254,0.9616766266722224
Bentheimer,103,14.68935775756836,26.34507942199707,0.9349204948946326
Bentheimer,104,12.431866645812988,47.793968200683594,0.8485515787970079
Bentheimer,105,13.02188491821289,50.31223678588867,0.8361956674341926
Bentheimer,106,3.7561635971069336,43.07093048095703,0.8665726463249623
Bentheimer,107,4.779194355010986,43.37841033935547,0.8624746394150314
Bentheimer,108,20.071033477783203,27.84940528869629,0.9525202250141571
Bentheimer,109,16.656187057495117,23.25592803955078,0.9762810203082503
Bentheimer,110,17.878299713134766,32.199031829833984,0.9531413598984705
Bentheimer,111,18.228199005126953,26.532522201538086,0.9585490054073715
Bentheimer,112,102.23104095458984,122.73202514648438,0.8099427811581777
Bentheimer,113,96.55209350585938,114.46115112304688,0.8255675549726853
Bentheimer,114,86.22442626953125,110.62751770019531,0.7906971391268365
Bentheimer,115,88.33401489257812,119.53914642333984,0.7229230946543949
Bentheimer,116,8.871484756469727,30.928890228271484,0.898791987426442
Bentheimer,117,13.927765846252441,31.52162742614746,0.9132788395533031
Bentheimer,118,10.653416633605957,28.7575740814209,0.9243550495381999
Bentheimer,119,2.574384927749634,29.924110412597656,0.9106598880945993
Bentheimer,120,23.285030364990234,27.972801208496094,0.9651996459865283
Bentheimer,121,20.23102569580078,28.354228973388672,0.9576529563297603
Bentheimer,122,18.530744552612305,23.844772338867188,0.9622865223564566
Bentheimer,123,22.121137619018555,24.44940757751465,0.9762482370836199
Bentheimer,124,27.561195373535156,26.878068923950195,0.9330981345486189
Bentheimer,125,19.73785972595215,25.04984474182129,0.9347499216567822
Bentheimer,126,27.926660537719727,33.87484359741211,0.907755713050992
Bentheimer,127,20.925390243530273,25.854310989379883,0.9488834603014845
Bentheimer,128,286.5199279785156,382.65484619140625,0.49546245759529406
Bentheimer,129,287.3210754394531,391.00030517578125,0.48203987287532746
Bentheimer,130,275.56158447265625,374.1134033203125,0.5014064643763416
Bentheimer,131,305.2003479003906,409.95587158203125,0.5163953590292477
Bentheimer,132,27.51051139831543,34.03848648071289,0.9475882939400703
Bentheimer,133,26.363933563232422,30.99870491027832,0.9542494564885647
Bentheimer,134,20.332326889038086,30.754268646240234,0.9449303848675699
Bentheimer,135,24.72180938720703,33.83300018310547,0.9509900474136317
Bentheimer,136,30.54880142211914,32.22697448730469,0.9574280544436622
Bentheimer,137,33.250633239746094,38.995750427246094,0.9248025729328989
Bentheimer,138,32.661659240722656,37.552886962890625,0.9373704013025361
Bentheimer,139,36.16115951538086,40.74509048461914,0.9303379112137607
Bentheimer,140,42.6695556640625,49.376712799072266,0.894142756477956
Bentheimer,141,42.23147201538086,55.405128479003906,0.8849461025275703
Bentheimer,142,45.200748443603516,53.01197814941406,0.9149438587146481
Bentheimer,143,44.526058197021484,52.950679779052734,0.8797719185220458
Bentheimer,144,11.060429573059082,30.735849380493164,0.9427965678533021
Bentheimer,145,15.801508903503418,26.914508819580078,0.9704695813766238
Bentheimer,146,0.60970139503479,29.666576385498047,0.9492644936267967
Bentheimer,147,6.993240833282471,36.831298828125,0.935989120486618
Bentheimer,148,18.356449127197266,33.166297912597656,0.9136753416401636
Bentheimer,149,20.832683563232422,31.41630744934082,0.9218350245222328
Bentheimer,150,21.75934600830078,29.839956283569336,0.9384937202338407
Bentheimer,151,17.85093116760254,30.80013084411621,0.9147961679110292
Bentheimer,152,6.632905006408691,22.010761260986328,0.9633177534892905
Bentheimer,153,5.924241065979004,23.245847702026367,0.9592466905843449
Bentheimer,154,1.054948329925537,20.073707580566406,0.9620267232799851
Bentheimer,155,4.760100364685059,22.561059951782227,0.958571595070347
Bentheimer,156,19.205528259277344,47.71660232543945,0.9140592309613168
Bentheimer,157,27.708070755004883,49.25442886352539,0.9037230343237476
Bentheimer,158,12.63868236541748,48.69420623779297,0.9054352991230726
Bentheimer,159,19.6570987701416,37.194602966308594,0.9493081924858542
Bentheimer,160,16.887481689453125,25.817075729370117,0.9508272477224655
Bentheimer,161,20.64061164855957,26.193315505981445,0.9614746968764248
Bentheimer,162,20.087202072143555,26.020753860473633,0.9629523492099138
Bentheimer,163,20.827871322631836,27.694103240966797,0.9628894162734468
Bentheimer,164,17.915546417236328,42.046958923339844,0.8327149721393038
Bentheimer,165,19.089012145996094,40.35457992553711,0.8670859240580164
Bentheimer,166,14.103093147277832,39.781612396240234,0.8406620231076959
Bentheimer,167,23.745010375976562,43.834312438964844,0.8145170952317268
Bentheimer,168,24.04416847229004,72.59689331054688,0.7502076175362905
Bentheimer,169,13.04574966430664,56.2211799621582,0.7565119940857091
Bentheimer,170,4.929027080535889,53.48957443237305,0.7788495250759843
Bentheimer,171,20.487144470214844,59.448116302490234,0.7647463917953748
Bentheimer,172,30.47992706298828,32.260746002197266,0.9417295313040966
Bentheimer,173,32.235050201416016,36.6186408996582,0.888107496149258
Bentheimer,174,30.262773513793945,38.14277648925781,0.9008212626255548
Bentheimer,175,35.91850280761719,39.51959228515625,0.9120481188785993
Bentheimer,176,6.869751930236816,24.429059982299805,0.9300822534728416
Bentheimer,177,14.147615432739258,26.747631072998047,0.9434411312178727
Bentheimer,178,6.823791980743408,27.3659610748291,0.9228131899604155
Bentheimer,179,8.256760597229004,24.376073837280273,0.9304408985918219
Bentheimer,180,100.376953125,163.14324951171875,0.5622885542852204
Bentheimer,181,102.06073760986328,166.1575469970703,0.5776165130092618
Bentheimer,182,113.698974609375,181.75645446777344,0.536712265468104
Bentheimer,183,111.19786834716797,169.81239318847656,0.5675076668147446
Bentheimer,184,21.498130798339844,55.277217864990234,0.8433580277010116
Bentheimer,185,7.090086460113525,51.5445671081543,0.828831607323046
Bentheimer,186,6.738316059112549,59.055877685546875,0.7872946815960664
Bentheimer,187,14.059430122375488,52.44633865356445,0.8356529795740641
Bentheimer,188,14.139410018920898,22.125295639038086,0.9629730749979549
Bentheimer,189,18.352128982543945,25.458602905273438,0.9597608960446528
Bentheimer,190,9.390129089355469,24.46830177307129,0.9605870029206993
Bentheimer,191,14.801383018493652,25.457857131958008,0.9587031161735602
Bentheimer,192,8.176321983337402,38.04271697998047,0.8817319998605663
Bentheimer,193,24.943737030029297,38.70185852050781,0.8767702369943712
Bentheimer,194,20.565744400024414,39.86524200439453,0.870183575508079
Bentheimer,195,22.37910270690918,37.424774169921875,0.8904262881466549
Bentheimer,196,0.4904879629611969,19.073909759521484,0.9723712236810229
Bentheimer,197,1.2378448247909546,16.14602279663086,0.978956976094621
Bentheimer,198,4.228348731994629,22.091690063476562,0.9603861329679498
Bentheimer,199,2.3869829177856445,21.004409790039062,0.9639582567045955
Bentheimer,200,32.10593032836914,43.99068069458008,0.8677514130760979
Bentheimer,201,19.913450241088867,28.86902618408203,0.9301380453195568
Bentheimer,202,18.824010848999023,26.352052688598633,0.9521123755475702
Bentheimer,203,23.817197799682617,33.1996955871582,0.901621020565522
Bentheimer,204,284.223876953125,376.085205078125,0.4036546306834014
Bentheimer,205,269.05657958984375,360.64849853515625,0.37032355880294215
Bentheimer,206,269.9647216796875,373.9208679199219,0.3415327694401467
Bentheimer,207,286.3828125,380.21136474609375,0.41924725490772013
Bentheimer,208,27.432323455810547,39.832603454589844,0.954837245651352
Bentheimer,209,34.03015899658203,44.4995231628418,0.9438067602394175
Bentheimer,210,30.32060432434082,35.956146240234375,0.948548642511391
Bentheimer,211,35.82065200805664,46.45172882080078,0.9217802447901468
Bentheimer,212,25.717769622802734,28.850191116333008,0.9492328032393227
Bentheimer,213,21.150978088378906,27.007579803466797,0.9257624727179813
Bentheimer,214,16.387006759643555,27.470935821533203,0.9199665737053336
Bentheimer,215,20.562334060668945,27.079235076904297,0.9364164419946078
Bentheimer,216,43.658912658691406,50.562068939208984,0.9331845165293275
Bentheimer,217,42.47669219970703,47.10261154174805,0.9392961308908627
Bentheimer,218,44.68857955932617,48.594886779785156,0.9442833615226968
Bentheimer,219,45.075931549072266,50.18913269042969,0.9166642942598081
Bentheimer,220,37.6050910949707,53.58564376831055,0.8243714417645719
Bentheimer,221,35.65387725830078,53.8879280090332,0.7719146923123956
Bentheimer,222,43.54385757446289,55.743194580078125,0.852590477648892
Bentheimer,223,37.44710922241211,56.04922866821289,0.8521135148221378
Bentheimer,224,27.963708877563477,76.83219146728516,0.6638110148069465
Bentheimer,225,27.139402389526367,73.89014434814453,0.7239167395569454
Bentheimer,226,25.158823013305664,83.44706726074219,0.6530978943082808
Bentheimer,227,20.012500762939453,66.05934143066406,0.7192597940282249
Bentheimer,228,5.729684829711914,24.11113929748535,0.9428004104323978
Bentheimer,229,4.2139573097229,21.443992614746094,0.9576050686982003
Bentheimer,230,3.2374775409698486,18.565855026245117,0.9669836478271073
Bentheimer,231,5.0665998458862305,20.47735023498535,0.9596642327075535
Bentheimer,232,16.471742630004883,34.848854064941406,0.9407443783959457
Bentheimer,233,15.733699798583984,32.93913269042969,0.9526663864195896
Bentheimer,234,33.29312515258789,42.74662399291992,0.9403778879341688
Bentheimer,235,13.940519332885742,37.30205535888672,0.9218297422656175
Bentheimer,236,21.222232818603516,29.39866065979004,0.9585622440738338
Bentheimer,237,15.392341613769531,28.412681579589844,0.9570095934844391
Bentheimer,238,15.032506942749023,24.40556526184082,0.9643827433958057
Bentheimer,239,13.638954162597656,21.73259735107422,0.9692111364848525
Bentheimer,240,10.571850776672363,83.05793762207031,0.5245610577242439
Bentheimer,241,6.124472618103027,71.99263763427734,0.6162773166487437
Bentheimer,242,5.5610785484313965,81.42010498046875,0.5670220629811176
Bentheimer,243,14.020764350891113,63.81618881225586,0.6699142825606389
Bentheimer,244,6.972288131713867,36.44666290283203,0.9313050806314693
Bentheimer,245,7.951423168182373,31.338895797729492,0.9291912572802654
Bentheimer,246,4.249637603759766,28.378368377685547,0.9446978713802624
Bentheimer,247,2.9528725147247314,32.3135986328125,0.9269706638026074
Bentheimer,248,6.927943706512451,34.939537048339844,0.9291799601362584
Bentheimer,249,9.974617004394531,32.6027717590332,0.9029293933991054
Bentheimer,250,5.949744701385498,33.15424346923828,0.9055478859758718
Bentheimer,251,16.268362045288086,31.783470153808594,0.9569309269097396
Bentheimer,252,34.217041015625,57.99972152709961,0.8459583162541642
Bentheimer,253,38.834896087646484,52.393821716308594,0.8835145665397949
Bentheimer,254,45.15091323852539,60.87527847290039,0.8503156851216128
Bentheimer,255,40.62574768066406,58.807220458984375,0.8293034444767212
Bentheimer,256,34.51740646362305,38.34112548828125,0.9206862561773242
Bentheimer,257,38.83106231689453,42.14682388305664,0.9132225964320971
Bentheimer,258,39.789546966552734,42.4833984375,0.9243514512087457
Bentheimer,259,36.2927360534668,38.87160110473633,0.9209705635073423
Bentheimer,260,10.694379806518555,24.23959732055664,0.9200788564107636
Bentheimer,261,15.837386131286621,27.395185470581055,0.9213688875913464
Bentheimer,262,16.633255004882812,27.765708923339844,0.9275266420373807
Bentheimer,263,13.506956100463867,22.81781005859375,0.9313394317594432
Bentheimer,264,33.42020034790039,35.197139739990234,0.9794832072009849
Bentheimer,265,29.390892028808594,32.16149139404297,0.9620157765306295
Bentheimer,266,30.856159210205078,34.24928283691406,0.9651141521435466
Bentheimer,267,26.861576080322266,29.431453704833984,0.9727468050355791
Bentheimer,268,15.650073051452637,36.100826263427734,0.9388466913908218
Bentheimer,269,15.428707122802734,33.53236389160156,0.9369972392082487
Bentheimer,270,10.48665714263916,31.397205352783203,0.9322401175016537
Bentheimer,271,18.554611206054688,34.64038848876953,0.92389117608108
Bentheimer,272,100.81892395019531,140.173583984375,0.6027318724499943
Bentheimer,273,97.58057403564453,128.47024536132812,0.6463279654149954
Bentheimer,274,104.76231384277344,148.17559814453125,0.5783665498684444
Bentheimer,275,88.22920227050781,119.94027709960938,0.6159805403002789
Bentheimer,276,23.840471267700195,43.78663635253906,0.8500486638251448
Bentheimer,277,26.53802490234375,43.56615447998047,0.8472811060470936
Bentheimer,278,31.465370178222656,49.720863342285156,0.8180646896213505
Bentheimer,279,19.92864990234375,49.24571990966797,0.8127421177169631
Bentheimer,280,6.749361515045166,32.68017578125,0.879410281000836
Bentheimer,281,22.53272247314453,49.543460845947266,0.8565231375275127
Bentheimer,282,30.60254669189453,49.493316650390625,0.8608261788960828
Bentheimer,283,17.152267456054688,42.74259948730469,0.8640101382739089
Bentheimer,284,13.000425338745117,40.33167266845703,0.8788160925637578
Bentheimer,285,1.8464165925979614,39.30376052856445,0.874469162558795
Bentheimer,286,30.788970947265625,43.376014709472656,0.867149724675433
Bentheimer,287,30.828401565551758,40.65480422973633,0.87985353547339
Bentheimer,288,8.609374046325684,26.60944938659668,0.9229256810633322
Bentheimer,289,14.896190643310547,28.61397361755371,0.9223445592136659
Bentheimer,290,13.534380912780762,26.805137634277344,0.9289187286308631
Bentheimer,291,10.56572151184082,22.772340774536133,0.9465208050424954
Bentheimer,292,27.401107788085938,67.49080657958984,0.779096127447579
Bentheimer,293,31.178382873535156,71.91053009033203,0.7824842993620922
Bentheimer,294,26.637331008911133,62.388248443603516,0.8226933646399369
Bentheimer,295,26.802967071533203,70.44597625732422,0.7624105196423512
Bentheimer,296,39.04844665527344,43.32781219482422,0.9490219597926546
Bentheimer,297,33.235816955566406,33.81516647338867,0.9570994898894413
Bentheimer,298,39.567169189453125,41.88473892211914,0.957296946182123
Bentheimer,299,39.41436004638672,41.831809997558594,0.9560015948160528
Bentheimer,300,46.32716369628906,74.97439575195312,0.7715214776764711
Bentheimer,301,46.99702453613281,77.70561218261719,0.7676415353410737
Bentheimer,302,44.10643005371094,66.46304321289062,0.7805682166029365
Bentheimer,303,42.42951965332031,66.22205352783203,0.7828893304529579
Bentheimer,304,27.753881454467773,26.9660701751709,0.9755476313798861
Bentheimer,305,25.849658966064453,26.182382583618164,0.9754075675402888
Bentheimer,306,24.123157501220703,23.667081832885742,0.9706957069662204
Bentheimer,307,26.832605361938477,26.92371368408203,0.957328766101643
Bentheimer,308,22.420717239379883,53.206642150878906,0.8489666814791497
Bentheimer,309,6.970494747161865,43.61400604248047,0.8929992286447794
Bentheimer,310,18.149288177490234,51.96400833129883,0.8723917847670021
Bentheimer,311,16.33921241760254,48.057865142822266,0.8884087657378504
Bentheimer,312,19.073680877685547,43.0090217590332,0.9185872194005191
Bentheimer,313,12.067279815673828,39.85526657104492,0.9131844885741551
Bentheimer,314,18.71762466430664,43.0335693359375,0.9262301442322346
Bentheimer,315,14.532442092895508,41.372711181640625,0.8992374369824504
Bentheimer,316,0.6232389807701111,59.60797119140625,0.7440111252886324
Bentheimer,317,3.0700995922088623,54.53367233276367,0.7779202059962487
Bentheimer,318,2.667567729949951,60.83761978149414,0.7055409053011603
Bentheimer,319,6.768238544464111,53.881683349609375,0.7655026573179929
Bentheimer,320,2.583049774169922,16.9858341217041,0.9791986737079741
Bentheimer,321,0.5575006604194641,15.898499488830566,0.9810877383913799
Bentheimer,322,1.7120485305786133,17.717178344726562,0.9755290993394123
Bentheimer,323,5.296586990356445,18.400814056396484,0.9708642478318048
Bentheimer,324,18.77022933959961,34.064002990722656,0.9188003854268486
Bentheimer,325,21.117141723632812,32.88072204589844,0.9357126982872167
Bentheimer,326,17.415908813476562,34.044559478759766,0.9377087571158529
Bentheimer,327,13.213571548461914,34.091548919677734,0.8998361839760665
Bentheimer,328,38.07577133178711,64.17750549316406,0.8155942658450244
Bentheimer,329,35.5320930480957,67.55731201171875,0.7546075442040057
Bentheimer,330,45.198204040527344,80.02880859375,0.7445458874005787
Bentheimer,331,37.384395599365234,67.79559326171875,0.7891583880858284
Bentheimer,332,16.991838455200195,62.79917526245117,0.7273144729287733
Bentheimer,333,21.867584228515625,66.4967041015625,0.7177507226244757
Bentheimer,334,24.79500961303711,67.04006958007812,0.7080012513770282
Bentheimer,335,21.769025802612305,64.19803619384766,0.7183631997192591
Bentheimer,336,36.30126953125,39.055572509765625,0.9527551261592904
Bentheimer,337,38.203819274902344,40.67424011230469,0.9474001949234987
Bentheimer,338,32.45345687866211,34.481475830078125,0.959468198055522
Bentheimer,339,32.78522491455078,34.696781158447266,0.9523757196824905
Bentheimer,340,27.268321990966797,39.273799896240234,0.9028521055062204
Bentheimer,341,32.9222412109375,38.39701843261719,0.9357292192460728
Bentheimer,342,27.273025512695312,38.28121566772461,0.9227151574689357
Bentheimer,343,27.669334411621094,37.4709358215332,0.9224913925366431
Bentheimer,344,13.394808769226074,29.071041107177734,0.9023805082960843
Bentheimer,345,11.015027046203613,29.67022705078125,0.9026693198844201
Bentheimer,346,19.290525436401367,35.3028450012207,0.9004634467012224
Bentheimer,347,16.218046188354492,30.090194702148438,0.9257359468204156
Bentheimer,348,24.959430694580078,35.94657516479492,0.8720141422992518
Bentheimer,349,24.952369689941406,34.248939514160156,0.8883877755558583
Bentheimer,350,29.473045349121094,36.83820343017578,0.8770577509143718
Bentheimer,351,28.477428436279297,34.592689514160156,0.8942171442381083
Bentheimer,352,28.410747528076172,35.5516471862793,0.8886266393386018
Bentheimer,353,28.601144790649414,42.18699645996094,0.8169544315494364
Bentheimer,354,33.67945861816406,41.561851501464844,0.8597411359877194
Bentheimer,355,35.453155517578125,43.73279571533203,0.8494129784566252
Bentheimer,356,6.862550258636475,28.221466064453125,0.9314687481182388
Bentheimer,357,16.265804290771484,34.91925811767578,0.9077398037197614
Bentheimer,358,0.5403097867965698,27.478199005126953,0.8948220182518595
Bentheimer,359,9.811670303344727,30.580110549926758,0.8998691018468713
Bentheimer,360,38.906734466552734,40.08369445800781,0.932908980576099
Bentheimer,361,37.19325637817383,38.86600875854492,0.9428784912842136
Bentheimer,362,45.37577819824219,47.31523132324219,0.9341134833378623
Bentheimer,363,43.81871032714844,45.866058349609375,0.9296558608729305
Bentheimer,364,16.645103454589844,43.01141357421875,0.8044097545147321
Bentheimer,365,21.135950088500977,42.956111907958984,0.7826468363783676
Bentheimer,366,21.395973205566406,37.23087692260742,0.8396561488057657
Bentheimer,367,12.48257064819336,38.845726013183594,0.8351126572334007
Bentheimer,368,1.9197686910629272,53.414127349853516,0.7872447389857737
Bentheimer,369,6.956169128417969,59.53921890258789,0.8005769816809818
Bentheimer,370,12.583824157714844,58.88984298706055,0.8303897659040754
Bentheimer,371,0.8708300590515137,52.86372756958008,0.7956826826064388
Bentheimer,372,80.1960678100586,102.84263610839844,0.7464490630456209
Bentheimer,373,65.01112365722656,88.26420593261719,0.7388380969895647
Bentheimer,374,87.65845489501953,119.07875061035156,0.6968686499119288
Bentheimer,375,84.71395111083984,110.30451965332031,0.7284819538177898
Bentheimer,376,2.2031872272491455,40.394859313964844,0.8764866611389208
Bentheimer,377,10.767437934875488,40.448753356933594,0.857975117833505
Bentheimer,378,17.191335678100586,39.999568939208984,0.8683131244121154
Bentheimer,379,10.836837768554688,41.24007034301758,0.8519592747459047
Bentheimer,380,4.546700477600098,26.02861213684082,0.9346902520399143
Bentheimer,381,6.320393085479736,31.082151412963867,0.9168565531616528
Bentheimer,382,2.2172961235046387,29.596437454223633,0.9232839129477866
Bentheimer,383,2.158161163330078,30.44684600830078,0.9205082091272473
Bentheimer,384,3.937333583831787,47.867469787597656,0.9120121103880772
Bentheimer,385,11.812322616577148,50.074581146240234,0.9296334092597928
Bentheimer,386,10.997885704040527,49.741111755371094,0.9326895298549664
Bentheimer,387,32.52404022216797,62.34364700317383,0.9082166674284519
Bentheimer,388,12.322213172912598,31.683279037475586,0.9299478503287464
Bentheimer,389,12.533712387084961,28.727262496948242,0.9432138291288348
Bentheimer,390,16.23033905029297,30.31050682067871,0.9505597902083613
Bentheimer,391,18.088560104370117,39.673805236816406,0.9067781428334927
Bentheimer,392,16.32548713684082,45.577415466308594,0.8880994206047754
Bentheimer,393,26.244667053222656,48.09000778198242,0.8894014546844863
Bentheimer,394,16.43488311767578,42.762062072753906,0.8732903512835584
Bentheimer,395,7.855457782745361,43.02627182006836,0.884161448053716
Bentheimer,396,44.34115982055664,44.64451599121094,0.9749480926919556
Bentheimer,397,47.84101104736328,48.7952995300293,0.9728798176755239
Bentheimer,398,45.40534973144531,46.47632598876953,0.9767552187860787
Bentheimer,399,43.40998840332031,45.61668014526367,0.9678053611020282
Bentheimer,400,17.951204299926758,35.715797424316406,0.9562101235817824
Bentheimer,401,20.76423454284668,36.17781066894531,0.9702200899213579
Bentheimer,402,17.94326400756836,38.188629150390625,0.9247823557286248
Bentheimer,403,25.946584701538086,43.60767364501953,0.9313401994394634
Bentheimer,404,21.461103439331055,27.829986572265625,0.9373974958405376
Bentheimer,405,15.240241050720215,22.2721004486084,0.9431353696887408
Bentheimer,406,18.411649703979492,27.54907989501953,0.9315085234723971
Bentheimer,407,22.653039932250977,24.4934024810791,0.9657748627470961
Bentheimer,408,40.956050872802734,43.74553298950195,0.9126525638508691
Bentheimer,409,42.46719741821289,43.367427825927734,0.9325409086634916
Bentheimer,410,44.83069610595703,48.43009948730469,0.8835030081191586
Bentheimer,411,37.04998779296875,42.82481002807617,0.8880367515149912
Bentheimer,412,18.81866455078125,49.8947868347168,0.8696251789635142
Bentheimer,413,16.099578857421875,51.242156982421875,0.8714976462333738
Bentheimer,414,15.143197059631348,47.03295135498047,0.8923971798385786
Bentheimer,415,23.08295249938965,51.09849166870117,0.875994982226903
Bentheimer,416,15.981048583984375,40.79499435424805,0.9157997013623543
Bentheimer,417,24.915668487548828,47.253570556640625,0.9136382800760213
Bentheimer,418,22.846073150634766,41.46870040893555,0.9192081362437508
Bentheimer,419,25.518447875976562,42.543235778808594,0.9155521006540696
Bentheimer,420,9.584033012390137,33.92668151855469,0.9375559944008687
Bentheimer,421,16.637540817260742,37.05088806152344,0.9228667831613109
Bentheimer,422,8.6285982131958,38.85553741455078,0.9116575886945806
Bentheimer,423,11.130112648010254,35.5308723449707,0.9268754183432042
Berea Buff,0,77.84294891357422,76.53897857666016,0.8955572689416641
Berea Buff,1,71.80224609375,73.74083709716797,0.8999001282724477
Berea Buff,2,77.88279724121094,78.49336242675781,0.8808069536693172
Berea Buff,3,80.73908996582031,81.90081024169922,0.8578577406881686
Berea Buff,4,30.76853370666504,43.5824089050293,0.9099312910538115
Berea Buff,5,37.185447692871094,51.00743865966797,0.9136667065230275
Berea Buff,6,28.007211685180664,39.826141357421875,0.907296382069005
Berea Buff,7,32.442955017089844,46.45069885253906,0.8870750621501331
Berea Buff,8,22.128704071044922,31.428916931152344,0.9496863226183588
Berea Buff,9,23.254009246826172,30.828458786010742,0.9666083177436966
Berea Buff,10,29.041263580322266,34.573509216308594,0.9720832980427098
Berea Buff,11,22.44913101196289,34.54598617553711,0.9461368722487553
Berea Buff,12,5.871383190155029,21.379823684692383,0.9541823538135179
Berea Buff,13,5.590366363525391,19.71404266357422,0.9638712911592555
Berea Buff,14,2.2052934169769287,22.15700340270996,0.9520309389252546
Berea Buff,15,9.523880004882812,20.39756965637207,0.9651785051416434
Berea Buff,16,19.00125503540039,33.906829833984375,0.9014870925906169
Berea Buff,17,21.302621841430664,32.038516998291016,0.9169553973923318
Berea Buff,18,15.295533180236816,25.882450103759766,0.9342945603137306
Berea Buff,19,14.601936340332031,28.982959747314453,0.9068389492216873
Berea Buff,20,31.03166961669922,73.00640869140625,0.7861323833559577
Berea Buff,21,28.09007453918457,70.03031921386719,0.7807058383014234
Berea Buff,22,33.183570861816406,75.96115112304688,0.7841565326975093
Berea Buff,23,26.97518539428711,70.20977020263672,0.7956340488330871
Berea Buff,24,8.32726764678955,24.644580841064453,0.9401293885836469
Berea Buff,25,15.6451416015625,29.6044864654541,0.9159443345831897
Berea Buff,26,6.597602367401123,25.976707458496094,0.9336500144155735
Berea Buff,27,5.564199924468994,22.617794036865234,0.9469012312718722
Berea Buff,28,17.629337310791016,65.68025970458984,0.7051065832656083
Berea Buff,29,22.31206703186035,57.58256912231445,0.7537109534439221
Berea Buff,30,14.923426628112793,51.26061248779297,0.799529283043716
Berea Buff,31,16.957721710205078,53.676212310791016,0.8017561845560913
Berea Buff,32,113.23756408691406,215.6900634765625,0.4070570067471715
Berea Buff,33,108.37500762939453,197.72605895996094,0.43866786922752077
Berea Buff,34,109.71891784667969,191.9884490966797,0.45966867441142856
Berea Buff,35,95.7809829711914,180.668701171875,0.48442401255569895
Berea Buff,36,27.52825355529785,62.0438346862793,0.7531288007586229
Berea Buff,37,29.3896541595459,58.46590805053711,0.7761476097084227
Berea Buff,38,31.25272560119629,56.1620979309082,0.8090065511760518
Berea Buff,39,31.356163024902344,70.95140838623047,0.7422506080588797
Berea Buff,40,40.597572326660156,54.3084831237793,0.8690849595149728
Berea Buff,41,32.58134078979492,49.99745178222656,0.8958190265810716
Berea Buff,42,36.996620178222656,52.12373733520508,0.8528527594076821
Berea Buff,43,36.36711502075195,45.08042907714844,0.9241529740914582
Berea Buff,44,34.454490661621094,44.815528869628906,0.9572566947655629
Berea Buff,45,33.3161735534668,43.39524459838867,0.9580848704928
Berea Buff,46,36.7879638671875,44.71152114868164,0.9670147495668803
Berea Buff,47,39.23162841796875,49.389156341552734,0.9610468120495775
Berea Buff,48,56.3357048034668,77.24420166015625,0.8528694184753057
Berea Buff,49,61.07707595825195,77.7299575805664,0.8649329585378019
Berea Buff,50,55.11555480957031,71.89323425292969,0.8722311967631382
Berea Buff,51,51.15670394897461,76.34361267089844,0.8418630589849461
Berea Buff,52,6.633212566375732,47.55065155029297,0.8627963522939016
Berea Buff,53,7.86192512512207,55.71309280395508,0.8230206659546262
Berea Buff,54,5.060648441314697,39.09873962402344,0.8975434405397766
Berea Buff,55,7.113651275634766,49.375919342041016,0.8429707690257635
Berea Buff,56,11.419218063354492,62.55846405029297,0.8017598964666862
Berea Buff,57,13.908920288085938,65.3910140991211,0.7681251377320392
Berea Buff,58,27.053768157958984,71.49179077148438,0.7984846810142047
Berea Buff,59,16.794662475585938,50.86478042602539,0.8654259513315655
Berea Buff,60,2.1568758487701416,44.822811126708984,0.8340515181548429
Berea Buff,61,15.496955871582031,55.14714813232422,0.7934077768951354
Berea Buff,62,14.642251968383789,49.436553955078125,0.8262044414797658
Berea Buff,63,2.666898012161255,41.763465881347656,0.8313020719358784
Berea Buff,64,18.93813133239746,30.971771240234375,0.921073650585027
Berea Buff,65,18.227962493896484,26.002655029296875,0.9360521760102058
Berea Buff,66,10.821282386779785,29.91337776184082,0.9125534910933412
Berea Buff,67,13.725168228149414,33.83811950683594,0.8963375774019989
Berea Buff,68,2.7858762741088867,15.249913215637207,0.9803498792997826
Berea Buff,69,5.253056526184082,12.850915908813477,0.9794954403386694
Berea Buff,70,0.20395441353321075,16.450523376464844,0.9730942809388418
Berea Buff,71,6.3865814208984375,15.693001747131348,0.9800498468303731
Berea Buff,72,36.32518768310547,37.54023742675781,0.9805123783832979
Berea Buff,73,41.81135940551758,42.52196502685547,0.9641284008135328
Berea Buff,74,39.28110122680664,41.28834533691406,0.9687567936316073
Berea Buff,75,37.390281677246094,39.61216354370117,0.9743363764741421
Berea Buff,76,3.5975589752197266,34.22807693481445,0.9115326885932656
Berea Buff,77,1.2218868732452393,35.01129913330078,0.8952259610975855
Berea Buff,78,3.559725761413574,33.80070495605469,0.9040528323909607
Berea Buff,79,3.923304557800293,33.98173522949219,0.9120398088466874
Berea Buff,80,20.345806121826172,46.758056640625,0.8633294617674061
Berea Buff,81,29.903898239135742,53.10118103027344,0.8425806701586269
Berea Buff,82,27.740962982177734,48.3443603515625,0.8815277842521781
Berea Buff,83,21.39288330078125,50.00476837158203,0.8612794948168492
Berea Buff,84,51.603965759277344,68.82807159423828,0.8661533412029667
Berea Buff,85,55.94197082519531,64.74527740478516,0.8763349935058254
Berea Buff,86,42.13117218017578,62.27824401855469,0.8035166393439127
Berea Buff,87,78.68924713134766,93.32766723632812,0.8348343397635383
Berea Buff,88,17.27179718017578,25.11228370666504,0.9649480881211185
Berea Buff,89,25.953710556030273,31.38336181640625,0.9472564174587186
Berea Buff,90,30.193294525146484,37.55888748168945,0.9435345614684744
Berea Buff,91,30.811161041259766,36.866249084472656,0.9647833626850382
Berea Buff,92,109.67679595947266,182.0559539794922,0.5477403506701941
Berea Buff,93,131.63504028320312,195.4784698486328,0.5844966304723715
Berea Buff,94,139.0705108642578,216.220458984375,0.5705382893417621
Berea Buff,95,105.95525360107422,168.27784729003906,0.6295002490722263
Berea Buff,96,11.96672248840332,29.20002555847168,0.9048631942416526
Berea Buff,97,16.968542098999023,31.820627212524414,0.9012131054492111
Berea Buff,98,16.452043533325195,33.524478912353516,0.9000012214987759
Berea Buff,99,8.58132553100586,32.24403381347656,0.8857581948843388
Berea Buff,100,55.33496856689453,57.969886779785156,0.9228187250152102
Berea Buff,101,54.51396942138672,56.51511001586914,0.9354494142199166
Berea Buff,102,56.132911682128906,58.901248931884766,0.917027257713947
Berea Buff,103,56.20340347290039,58.38865661621094,0.9383313831629608
Berea Buff,104,23.941120147705078,49.651851654052734,0.8341242565023206
Berea Buff,105,14.641118049621582,48.36863327026367,0.8306854780048072
Berea Buff,106,24.070262908935547,61.85481643676758,0.7738757320268458
Berea Buff,107,22.520776748657227,56.356807708740234,0.7946574709907708
Berea Buff,108,33.22200012207031,44.6413459777832,0.9435914499296771
Berea Buff,109,35.162330627441406,48.88515090942383,0.9407759290109555
Berea Buff,110,30.96139907836914,47.02293014526367,0.9375092013497742
Berea Buff,111,30.83577537536621,41.83878707885742,0.9540831662702294
Berea Buff,112,46.53325653076172,47.93203353881836,0.9789542437908256
Berea Buff,113,46.351104736328125,48.04010009765625,0.9774475329152017
Berea Buff,114,47.28961944580078,49.43191909790039,0.9678886965475887
Berea Buff,115,48.84561538696289,51.230186462402344,0.9760828910699821
Berea Buff,116,1.2178996801376343,54.06937026977539,0.7173690154696953
Berea Buff,117,8.8955717086792,63.08012390136719,0.6760758395941817
Berea Buff,118,2.379875659942627,48.46535873413086,0.7487250319227027
Berea Buff,119,9.631093978881836,54.9782829284668,0.6983460856324804
Berea Buff,120,43.314857482910156,73.9517593383789,0.4638349177310541
Berea Buff,121,33.05764389038086,66.00090789794922,0.5808864267615618
Berea Buff,122,45.08232116699219,82.9697265625,0.3905728304617039
Berea Buff,123,60.78300476074219,76.50728607177734,0.45755439838901735
Berea Buff,124,11.13675594329834,16.801528930664062,0.9868936907451121
Berea Buff,125,12.884281158447266,16.526945114135742,0.9874052685557312
Berea Buff,126,19.81635284423828,22.581939697265625,0.9755572690473575
Berea Buff,127,17.437318801879883,19.558053970336914,0.9848315058319639
Berea Buff,128,203.35337829589844,251.50341796875,0.5022069390827307
Berea Buff,129,189.98208618164062,230.7972869873047,0.45797965395957924
Berea Buff,130,137.38162231445312,185.49810791015625,0.5122625885219846
Berea Buff,131,185.44981384277344,235.68421936035156,0.4569734330717807
Berea Buff,132,57.59854507446289,66.1612319946289,0.933653999710703
Berea Buff,133,46.93874740600586,61.38088607788086,0.9068420137906047
Berea Buff,134,48.425052642822266,56.49298095703125,0.9292552807400561
Berea Buff,135,49.285640716552734,58.189273834228516,0.9330072556845636
Berea Buff,136,16.848651885986328,34.58575439453125,0.9288883717533218
Berea Buff,137,15.500535011291504,36.61859893798828,0.9051118037005104
Berea Buff,138,12.902761459350586,31.989185333251953,0.9135549899207451
Berea Buff,139,17.286579132080078,35.4398307800293,0.8857807486460322
Berea Buff,140,69.25032043457031,85.05168151855469,0.7717265314157024
Berea Buff,141,89.6980972290039,101.86683654785156,0.7573959857531737
Berea Buff,142,76.9713363647461,93.8938980102539,0.7791716152130371
Berea Buff,143,62.76646041870117,78.86614227294922,0.7957254952235088
Berea Buff,144,28.528213500976562,38.7520637512207,0.8701537175361408
Berea Buff,145,26.23699188232422,32.78099060058594,0.8666271711953862
Berea Buff,146,17.043968200683594,30.482166290283203,0.8981658757897154
Berea Buff,147,21.504356384277344,36.53486633300781,0.8755077012083526
Berea Buff,148,43.16209411621094,54.84238815307617,0.8597174263064602
Berea Buff,149,56.94548797607422,66.194580078125,0.8613098761312675
Berea Buff,150,41.85700225830078,57.570369720458984,0.837730284344211
Berea Buff,151,49.401451110839844,57.31346130371094,0.8671044787811184
Berea Buff,152,39.18095779418945,51.737579345703125,0.9179401757562504
Berea Buff,153,32.2242431640625,49.66594696044922,0.9235741818704853
Berea Buff,154,41.46889877319336,55.79722595214844,0.9268125465607114
Berea Buff,155,40.536075592041016,56.38216018676758,0.9084850783023746
Berea Buff,156,14.417289733886719,26.668272018432617,0.9486789914191309
Berea Buff,157,14.861376762390137,25.202518463134766,0.9549867798178369
Berea Buff,158,6.425698280334473,25.199291229248047,0.9467292303931991
Berea Buff,159,8.919750213623047,19.352951049804688,0.9699245469709095
Berea Buff,160,52.57958221435547,73.81278991699219,0.8409992235507626
Berea Buff,161,19.679588317871094,42.26409149169922,0.8508965523151814
Berea Buff,162,50.989990234375,63.79355239868164,0.8514881454696022
Berea Buff,163,54.6734733581543,73.56816101074219,0.8473895023186248
Berea Buff,164,1.063128113746643,40.105770111083984,0.8623586891978746
Berea Buff,165,4.710712909698486,35.06289291381836,0.8761349285346337
Berea Buff,166,4.151369094848633,40.970401763916016,0.8467077789596786
Berea Buff,167,2.8286538124084473,40.871070861816406,0.8653210501809147
Berea Buff,168,79.04683685302734,98.114013671875,0.7434846095265109
Berea Buff,169,91.7253646850586,105.54265594482422,0.747162216303257
Berea Buff,170,91.66532897949219,102.70297241210938,0.7536778021747506
Berea Buff,171,83.44226837158203,101.84611511230469,0.7086450908077252
Berea Buff,172,2.6344144344329834,24.729021072387695,0.947035799638992
Berea Buff,173,4.078987121582031,18.70323944091797,0.9616127089326277
Berea Buff,174,3.0826873779296875,26.296655654907227,0.9319009187458417
Berea Buff,175,9.631418228149414,26.015039443969727,0.9282640705933335
Berea Buff,176,76.22197723388672,105.5416259765625,0.8193789101749692
Berea Buff,177,68.130615234375,91.46717071533203,0.859816826310856
Berea Buff,178,83.25593566894531,110.40660858154297,0.8237989847620296
Berea Buff,179,79.9219970703125,105.24910736083984,0.8538040738132128
Berea Buff,180,25.822134017944336,27.14396095275879,0.9646419551138744
Berea Buff,181,30.031829833984375,31.794570922851562,0.9626296689094216
Berea Buff,182,27.844758987426758,29.701391220092773,0.9701418504663489
Berea Buff,183,27.00836181640625,27.771848678588867,0.9678515849652154
Berea Buff,184,3.0712294578552246,48.33627700805664,0.8225570683136478
Berea Buff,185,9.082240104675293,53.590736389160156,0.7882329629768086
Berea Buff,186,6.81572151184082,45.160858154296875,0.8213352667569996
Berea Buff,187,2.011129140853882,40.323760986328125,0.8550916308297435
Berea Buff,188,17.57854461669922,27.23693084716797,0.945035476451097
Berea Buff,189,12.341310501098633,25.283672332763672,0.9448056068846974
Berea Buff,190,23.00728988647461,28.7158145904541,0.9405491213678441
Berea Buff,191,22.16078758239746,27.70216941833496,0.9463021496990222
Berea Buff,192,21.23990249633789,37.912010192871094,0.8921339816457967
Berea Buff,193,12.9302396774292,39.359134674072266,0.9004897086155749
Berea Buff,194,19.256168365478516,39.02022933959961,0.8970658288218322
Berea Buff,195,19.027231216430664,42.51938247680664,0.8647487400172137
Berea Buff,196,8.2139892578125,32.06840515136719,0.8935305474122696
Berea Buff,197,9.912067413330078,34.47748565673828,0.8917739823784689
Berea Buff,198,0.3911970257759094,34.8674201965332,0.8981023509530074
Berea Buff,199,8.375116348266602,26.790363311767578,0.9294616335531437
Berea Buff,200,3.57645845413208,42.22967529296875,0.8807478443314675
Berea Buff,201,9.311342239379883,37.62506866455078,0.9010224280591618
Berea Buff,202,1.0512194633483887,34.2723503112793,0.9006962205936169
Berea Buff,203,1.4250298738479614,35.41926574707031,0.89731167003444
Berea Buff,204,3.05061411857605,25.46295738220215,0.9682564620571225
Berea Buff,205,3.2282960414886475,26.556337356567383,0.965797073858563
Berea Buff,206,5.938173294067383,22.863807678222656,0.9757614097801484
Berea Buff,207,3.0202410221099854,26.104724884033203,0.9630239508482035
Leopard,0,23.904592514038086,31.165910720825195,0.7059962724075466
Leopard,1,32.555110931396484,29.70369529724121,0.7662448334262723
Leopard,2,17.32439422607422,23.00895881652832,0.8311871726473551
Leopard,3,14.61974048614502,28.503400802612305,0.7626786486400414
Leopard,4,1.811617374420166,40.19981384277344,0.9079329323653667
Leopard,5,0.12928058207035065,31.591447830200195,0.9333729000449753
Leopard,6,1.0414890050888062,29.814809799194336,0.9356706524762031
Leopard,7,1.1236628293991089,33.85341262817383,0.9242260339321507
Leopard,8,432.11737060546875,482.7381896972656,0.3826239809150652
Leopard,9,554.3248291015625,647.3234252929688,0.38973477844001403
Leopard,10,498.66668701171875,592.2384643554688,0.322588970153941
Leopard,11,469.79010009765625,533.4871826171875,0.3623774236884494
Leopard,12,165.56143188476562,220.68475341796875,0.5866820931981602
Leopard,13,110.86677551269531,163.1361541748047,0.5999880910575179
Leopard,14,127.4398422241211,184.98593139648438,0.5909090550114421
Leopard,15,161.81724548339844,215.4979248046875,0.5980333489726455
Leopard,16,99.21905517578125,96.54402160644531,0.8344444686779516
Leopard,17,92.61119842529297,84.80813598632812,0.8115121343946443
Leopard,18,125.74066162109375,118.27188873291016,0.8207976788551669
Leopard,19,101.44441986083984,96.58629608154297,0.8345779276878885
Leopard,20,34.6747932434082,82.53627014160156,0.8069845992240484
Leopard,21,45.27126693725586,90.00595092773438,0.8168110194959255
Leopard,22,21.87790870666504,73.28080749511719,0.8442150968776584
Leopard,23,36.984920501708984,87.92385864257812,0.811890726413566
Leopard,24,4.027956008911133,31.05706024169922,0.9186379350463082
Leopard,25,0.9418863654136658,34.76932907104492,0.9138742466119357
Leopard,26,5.2921271324157715,35.05648422241211,0.8912548629086418
Leopard,27,8.999335289001465,40.77540969848633,0.8813375524217378
Leopard,28,9.360255241394043,22.833154678344727,0.9662382814750139
Leopard,29,2.358813524246216,22.549335479736328,0.9709533009913536
Leopard,30,14.898865699768066,30.3673095703125,0.9512282882629115
Leopard,31,8.511216163635254,26.09173583984375,0.9627923569038915
Leopard,32,34.88942337036133,48.13008117675781,0.8295160090630601
Leopard,33,41.10541915893555,51.92975616455078,0.8183414759258116
Leopard,34,37.395469665527344,41.059452056884766,0.8734294752009929
Leopard,35,36.28597640991211,41.02927780151367,0.8846821305071966
Leopard,36,15.356470108032227,33.6423225402832,0.9672289246845077
Leopard,37,28.614770889282227,41.21975326538086,0.9714056979671639
Leopard,38,35.01041793823242,43.02766418457031,0.9803188095802664
Leopard,39,14.468801498413086,31.16112518310547,0.9633364460121752
Leopard,40,38.11396408081055,66.29863739013672,0.7962753320685007
Leopard,41,14.071476936340332,49.26863098144531,0.8042741179077598
Leopard,42,26.216073989868164,72.9393081665039,0.6874176475717926
Leopard,43,24.67453956604004,66.21118927001953,0.7100575309235617
Leopard,44,31.9079647064209,78.9117431640625,0.7415102690488838
Leopard,45,49.398956298828125,97.9266128540039,0.6408386876413383
Leopard,46,53.70515441894531,113.06371307373047,0.5604495522280302
Leopard,47,34.24574661254883,76.20626068115234,0.6600264778946111
Leopard,48,655.1664428710938,860.1915283203125,0.39672926349993265
Leopard,49,948.3948364257812,1280.9156494140625,0.2314355618253804
Leopard,50,734.1770629882812,931.1765747070312,0.45584960309226524
Leopard,51,541.1508178710938,731.286865234375,0.34990730751111354
Leopard,52,34.59878921508789,36.82716369628906,0.9597565614758453
Leopard,53,33.786048889160156,37.19193649291992,0.941006171610395
Leopard,54,34.39387512207031,39.66584396362305,0.9288367235917645
Leopard,55,31.28127098083496,33.59617614746094,0.9549651058390353
Leopard,56,7.369056224822998,10.490991592407227,0.9929236247252008
Leopard,57,10.907045364379883,11.741254806518555,0.994625912126137
Leopard,58,8.008785247802734,10.795065879821777,0.9918669446872487
Leopard,59,10.682670593261719,11.160005569458008,0.9944623438137804
Leopard,60,357.4972839355469,269.7741394042969,0.36144578376535447
Leopard,61,355.09710693359375,184.62391662597656,0.4321217538579527
Leopard,62,239.0681915283203,141.7459259033203,0.2846157943384199
Leopard,63,319.2220153808594,206.9878692626953,0.2140225742319759
Leopard,64,28.25235939025879,33.26415252685547,0.9814425962370371
Leopard,65,17.529109954833984,34.07318115234375,0.9765073457845774
Leopard,66,22.12085723876953,29.46228790283203,0.9800863648961237
Leopard,67,24.03573989868164,32.88260269165039,0.9764570516240073
Leopard,68,22.610408782958984,60.53846740722656,0.7770439235415798
Leopard,69,45.578392028808594,70.79080200195312,0.7615443580729305
Leopard,70,34.82261276245117,69.90929412841797,0.7764008114463677
Leopard,71,11.669108390808105,46.558414459228516,0.8607378351284068
Leopard,72,8.6643648147583,48.10863494873047,0.8501689250513889
Leopard,73,13.967087745666504,41.024024963378906,0.9019241378595307
Leopard,74,11.267040252685547,40.71518325805664,0.901721608264206
Leopard,75,9.795945167541504,45.53654861450195,0.8770160209222949
Leopard,76,77.94786834716797,147.73379516601562,0.6449428792421443
Leopard,77,102.5816421508789,179.1869659423828,0.5758050858920825
Leopard,78,81.81695556640625,138.54920959472656,0.6476826659157703
Leopard,79,84.80221557617188,143.32054138183594,0.6427675583936029
Leopard,80,57.67279815673828,58.928428649902344,0.8703181424832575
Leopard,81,59.9236946105957,59.86188888549805,0.8551737083270212
Leopard,82,57.93400192260742,58.00368881225586,0.8749225351922951
Leopard,83,59.81206512451172,60.647953033447266,0.8185380273827231
Leopard,84,8.129021644592285,25.216306686401367,0.9469883937163647
Leopard,85,8.093137741088867,27.274133682250977,0.9367177634927185
Leopard,86,5.548862457275391,26.646814346313477,0.9327354974959537
Leopard,87,6.154612064361572,27.465757369995117,0.9405197230599966
Leopard,88,0.5461170077323914,73.8343505859375,0.69560167241422
Leopard,89,6.094935417175293,81.0350112915039,0.660683563630018
Leopard,90,6.24781608581543,69.49491119384766,0.7416647212076346
Leopard,91,2.362813711166382,74.3989028930664,0.7095379269052268
Leopard,92,34.86219787597656,84.4088363647461,0.6892927655368092
Leopard,93,16.34525489807129,78.39823913574219,0.6821616878127272
Leopard,94,13.444979667663574,74.22029113769531,0.704982527988029
Leopard,95,8.270315170288086,61.417083740234375,0.7428982034990322
Leopard,96,3.488518238067627,66.2734146118164,0.7162656591472257
Leopard,97,11.817789077758789,60.78973388671875,0.730309957793701
Leopard,98,17.474319458007812,79.76771545410156,0.7022453720235283
Leopard,99,8.65204906463623,78.74544525146484,0.6774354871481982
Leopard,100,49.746578216552734,60.74809265136719,0.8764613435672745
Leopard,101,42.63372039794922,50.77979278564453,0.9211107455861689
Leopard,102,46.68585968017578,56.13410949707031,0.9286573034554036
Leopard,103,46.478031158447266,61.13386917114258,0.8909752557247714
Leopard,104,129.42001342773438,190.2067413330078,0.651428737781175
Leopard,105,119.2188720703125,174.4429473876953,0.7123670800914798
Leopard,106,117.04409790039062,176.50233459472656,0.6676785267004224
Leopard,107,122.64311981201172,184.88015747070312,0.6495069781592709
Leopard,108,69.81768035888672,97.02830505371094,0.8074589601856231
Leopard,109,97.4383316040039,127.38705444335938,0.8075359504457887
Leopard,110,106.77367401123047,145.79234313964844,0.6833094252232668
Leopard,111,54.68022918701172,88.68719482421875,0.8105717423537301
Leopard,112,82.31920623779297,135.78564453125,0.6263281426200368
Leopard,113,90.22532653808594,146.6483917236328,0.5784930179528394
Leopard,114,99.48222351074219,148.48666381835938,0.5892754958419667
Leopard,115,95.3304214477539,140.12901306152344,0.5939234306515383
Leopard,116,5.055318832397461,26.37689781188965,0.9384111416368554
Leopard,117,10.26305103302002,28.1516170501709,0.9463915764961545
Leopard,118,7.8054633140563965,32.66502380371094,0.9225396615428997
Leopard,119,4.42362642288208,27.10618782043457,0.9406729707728804
Leopard,120,27.100648880004883,34.690895080566406,0.9358961008044147
Leopard,121,6.887424468994141,22.048728942871094,0.9643159464485355
Leopard,122,18.435340881347656,30.83399200439453,0.9421918563032305
Leopard,123,21.304597854614258,31.13117790222168,0.9511227797622552
Leopard,124,176.51693725585938,199.68482971191406,0.6110791233144877
Leopard,125,211.628173828125,241.7975311279297,0.638342455425169
Leopard,126,197.90855407714844,220.20445251464844,0.6363906000271675
Leopard,127,153.43536376953125,173.8063507080078,0.6574710177163452
Leopard,128,32.73846435546875,47.77165222167969,0.7669482714064527
Leopard,129,37.531620025634766,54.153770446777344,0.7314305724139778
Leopard,130,43.565834045410156,50.235469818115234,0.752912677117258
Leopard,131,46.87940216064453,55.83226013183594,0.7373851497341736
Leopard,132,18.374719619750977,37.9815673828125,0.863933628524123
Leopard,133,13.549473762512207,38.694549560546875,0.8768551259340895
Leopard,134,13.857523918151855,40.34384536743164,0.8583027719071018
Leopard,135,12.127912521362305,40.82288360595703,0.8620358513775032
Leopard,136,17.149009704589844,90.01109313964844,0.5215572581886767
Leopard,137,19.588674545288086,88.25634765625,0.5392391085917835
Leopard,138,31.359224319458008,99.14362335205078,0.4984812952286617
Leopard,139,18.449420928955078,97.40109252929688,0.4755501472159907
Leopard,140,34.20108413696289,42.47090148925781,0.894768006269742
Leopard,141,34.089622497558594,41.78488540649414,0.9215647315944675
Leopard,142,36.600318908691406,42.979698181152344,0.9154029645234888
Leopard,143,35.368682861328125,41.96498489379883,0.915244470482429
Leopard,144,23.314533233642578,51.539371490478516,0.8946664311340005
Leopard,145,36.16823959350586,58.9609375,0.9076007307656145
Leopard,146,20.4830322265625,48.739341735839844,0.8995425816999097
Leopard,147,20.160213470458984,44.12434768676758,0.9296530950883533
Leopard,148,7.744218826293945,39.863162994384766,0.9181538324360703
Leopard,149,15.605484962463379,39.66965103149414,0.9071408652731615
Leopard,150,22.98937225341797,34.49796676635742,0.9473664362519596
Leopard,151,22.914188385009766,43.8482551574707,0.902750659739659
Leopard,152,29.964534759521484,33.93606948852539,0.9465611975115722
Leopard,153,28.530683517456055,34.26752853393555,0.934289761329728
Leopard,154,23.631296157836914,34.42184066772461,0.9076198462101448
Leopard,155,20.855093002319336,33.98262405395508,0.9241487429696298
Leopard,156,36.28154373168945,46.06990432739258,0.8513890303978889
Leopard,157,32.99858474731445,41.64073944091797,0.8840988082927529
Leopard,158,33.31443786621094,40.14411926269531,0.896022704115537
Leopard,159,36.85505294799805,42.62495803833008,0.8934983841488887
Leopard,160,111.9528579711914,204.3740997314453,0.36565488773153015
Leopard,161,112.68106842041016,234.87686157226562,0.282804195122995
Leopard,162,94.3085708618164,185.1317596435547,0.45507626270330936
Leopard,163,108.59785461425781,213.980224609375,0.34058529976366414
Leopard,164,211.75051879882812,268.77215576171875,0.515282616191805
Leopard,165,167.83627319335938,202.89329528808594,0.6006180621059746
Leopard,166,202.06756591796875,236.9033966064453,0.5692271790748928
Leopard,167,194.4448699951172,242.39292907714844,0.5843507668529107
Leopard,168,33647.8671875,31691.330078125,0.09879874063625844
Leopard,169,31712.63671875,30102.0390625,0.08966267834045633
Leopard,170,31155.958984375,29562.37890625,0.09815007557348517
Leopard,171,31856.22265625,29644.99609375,0.09841200165233477
Leopard,172,151.30743408203125,215.55816650390625,0.21180204992010304
Leopard,173,139.3507537841797,213.99368286132812,0.3185144506203977
Leopard,174,219.59939575195312,292.4681701660156,0.2738165563216697
Leopard,175,190.03309631347656,247.50990295410156,0.2352370075859157
Leopard,176,17.353113174438477,48.431087493896484,0.7704791970421815
Leopard,177,26.723278045654297,44.79364776611328,0.793845569061417
Leopard,178,20.552473068237305,46.592735290527344,0.7970311295232981
Leopard,179,33.2354621887207,50.49860763549805,0.8018510259316723
Leopard,180,89.0472183227539,97.26612091064453,0.8901206138031661
Leopard,181,108.28131866455078,120.1136474609375,0.870896711386525
Leopard,182,111.27581024169922,118.96492767333984,0.8566673164707507
Leopard,183,114.98968505859375,130.83262634277344,0.8455230230096518
Leopard,184,17.014995574951172,44.49293899536133,0.8236432033785691
Leopard,185,13.471209526062012,43.843685150146484,0.8194929911805591
Leopard,186,14.455049514770508,41.49933624267578,0.8233350622107537
Leopard,187,23.604881286621094,42.85295486450195,0.8230346652199697
Leopard,188,23.061559677124023,65.8394775390625,0.7388126135059042
Leopard,189,13.326318740844727,59.16196060180664,0.7582341124679771
Leopard,190,16.7685604095459,71.24707794189453,0.6896599676291544
Leopard,191,23.467269897460938,74.52674102783203,0.6761731939946871
Leopard,192,20.07435417175293,35.88971710205078,0.8860060811134404
Leopard,193,21.692527770996094,36.419212341308594,0.8946850698708474
Leopard,194,19.278993606567383,36.693660736083984,0.8907892144429004
Leopard,195,16.29842185974121,32.03106689453125,0.9021554859102068
Leopard,196,132.06483459472656,126.28484344482422,0.8559096412346437
Leopard,197,128.5088653564453,122.5876693725586,0.8766844390329042
Leopard,198,163.93504333496094,153.45263671875,0.8746478800529581
Leopard,199,140.29705810546875,135.30087280273438,0.8648206588371612
Leopard,200,5.36710262298584,27.909929275512695,0.9657924047565722
Leopard,201,9.029146194458008,24.080076217651367,0.972507024102103
Leopard,202,1.515059471130371,21.77739143371582,0.9728967227091092
Leopard,203,3.147970199584961,21.547399520874023,0.9805399962121132
Leopard,204,1211.5833740234375,1885.7755126953125,0.1949809238152351
Leopard,205,1261.754150390625,1902.8140869140625,0.22655647854711305
Leopard,206,1184.2822265625,1698.9737548828125,0.2733122729917173
Leopard,207,1109.70361328125,1657.8394775390625,0.23984966097974536
Leopard,208,11035.767578125,13589.3544921875,0.2141977818726788
Leopard,209,9228.1162109375,11218.654296875,0.19501912082018438
Leopard,210,8904.314453125,10489.4658203125,0.18929104512123257
Leopard,211,10531.1728515625,14239.22265625,0.21927599196428038
Leopard,212,1.8965486288070679,34.01765823364258,0.8791762426999989
Leopard,213,6.139942169189453,32.3984375,0.8815789211653716
Leopard,214,6.766556739807129,36.0092887878418,0.8677205192978049
Leopard,215,1.6752134561538696,28.771127700805664,0.9237489909448743
Leopard,216,57.4595947265625,66.59925079345703,0.86406937659537
Leopard,217,32.54431915283203,38.765865325927734,0.9055781354506225
Leopard,218,31.424558639526367,43.12552261352539,0.8988961545008993
Leopard,219,49.41956329345703,51.5629768371582,0.867981155992222
Leopard,220,1949.4521484375,1394.870361328125,0.08026065457153501
Leopard,221,1950.63427734375,2042.389892578125,0.19066212800971777
Leopard,222,1737.9952392578125,2010.7525634765625,0.19642076562252858
Leopard,223,1569.1993408203125,1570.3707275390625,0.06258562166857956
Leopard,224,323.47265625,343.2441101074219,0.6097557858641075
Leopard,225,353.4950866699219,364.0070495605469,0.6324769654375363
Leopard,226,335.4294738769531,353.1007995605469,0.6223636832855332
Leopard,227,306.1232604980469,333.77093505859375,0.5925434928260146
Leopard,228,10.804256439208984,31.900461196899414,0.9467728069140526
Leopard,229,5.113484859466553,20.68612289428711,0.9677563933631154
Leopard,230,30.5107479095459,47.214290618896484,0.9177153210743192
Leopard,231,9.22212028503418,24.476179122924805,0.9613371346669884
Leopard,232,25.84488868713379,40.285884857177734,0.8724233420009649
Leopard,233,18.75364112854004,32.63458251953125,0.9233005580370819
Leopard,234,23.483963012695312,38.712158203125,0.9034902837904586
Leopard,235,14.781023979187012,30.441993713378906,0.9292940317639874
Leopard,236,20.407922744750977,42.20500564575195,0.8767717698221873
Leopard,237,26.234533309936523,44.223487854003906,0.8727598320884452
Leopard,238,37.058807373046875,58.28078079223633,0.8304826247099902
Leopard,239,25.18052101135254,50.02629470825195,0.8723459056610757
Leopard,240,50.04292297363281,51.27748489379883,0.9678433346032843
Leopard,241,48.398441314697266,49.81734085083008,0.9756241187679412
Leopard,242,46.42802810668945,47.70146560668945,0.9584061512593628
Leopard,243,51.19573974609375,51.69503402709961,0.9486210938625329
Leopard,244,25.29184341430664,45.66361618041992,0.8635701223268468
Leopard,245,26.71898651123047,39.3646354675293,0.9006708296730469
Leopard,246,28.7076473236084,44.75297546386719,0.8874183043696302
Leopard,247,31.18206024169922,51.38666534423828,0.8359940534680849
Leopard,248,48.03784942626953,57.32003402709961,0.5895886012610962
Leopard,249,63.5754508972168,52.054649353027344,0.5917491137070559
Leopard,250,65.6539535522461,51.56945037841797,0.6427910978743947
Leopard,251,54.06779479980469,47.46000671386719,0.6518044163415228
Leopard,252,38.612972259521484,39.105552673339844,0.9148146208533054
Leopard,253,34.050453186035156,35.56897735595703,0.9078681781569228
Leopard,254,35.44215774536133,37.28875732421875,0.8823791534748572
Leopard,255,36.466819763183594,36.88047409057617,0.9476560083824622
Leopard,256,30.855998992919922,41.304298400878906,0.9507130826760211
Leopard,257,20.593830108642578,34.2807502746582,0.9502785554561579
Leopard,258,32.59095764160156,39.75613784790039,0.9546015687363371
Leopard,259,24.66637420654297,45.30403518676758,0.9615187333873602
Leopard,260,244.3892364501953,307.4601135253906,0.45559382229097706
Leopard,261,261.11376953125,329.4827880859375,0.43422288752395394
Leopard,262,323.3662109375,395.9576721191406,0.43455417859613293
Leopard,263,262.6512451171875,320.35089111328125,0.4481416133458833
Leopard,264,12.494616508483887,30.8032283782959,0.9189325316515924
Leopard,265,13.96088981628418,31.289636611938477,0.9141250383642773
Leopard,266,4.116424083709717,34.084495544433594,0.9016713237493588
Leopard,267,13.097123146057129,36.38750076293945,0.8910500867687028
Leopard,268,630.8963623046875,775.5455322265625,0.5618596437645471
Leopard,269,591.2454223632812,733.2957153320312,0.5515699148643466
Leopard,270,552.31884765625,685.83349609375,0.552863262557441
Leopard,271,592.3191528320312,715.2488403320312,0.5554087703208874
Leopard,272,206.88592529296875,339.772216796875,0.41885002919264286
Leopard,273,203.11265563964844,343.68975830078125,0.3932804028106216
Leopard,274,237.35678100585938,383.072021484375,0.3658478631787321
Leopard,275,191.66705322265625,318.804931640625,0.40125963058093667
Castle Gate,0,17.162532806396484,66.2490463256836,0.7715389447051607
Castle Gate,1,16.4837646484375,64.05961608886719,0.7733376914950995
Castle Gate,2,18.291357040405273,59.79617691040039,0.8159925864366614
Castle Gate,3,22.90027618408203,66.37744140625,0.783779772507744
Castle Gate,4,16.182424545288086,39.737056732177734,0.9018185008410463
Castle Gate,5,21.632305145263672,45.32880783081055,0.8883844054531054
Castle Gate,6,13.996927261352539,36.154117584228516,0.9221134245490735
Castle Gate,7,24.07585334777832,45.89980697631836,0.9134114098436595
Castle Gate,8,17.157798767089844,36.61256790161133,0.9075925172118904
Castle Gate,9,6.671843528747559,26.364883422851562,0.9331758586296854
Castle Gate,10,11.803438186645508,35.53583526611328,0.906051975964034
Castle Gate,11,9.739696502685547,31.141559600830078,0.9145359680097326
Castle Gate,12,52.44108200073242,102.7649917602539,0.5959546439421312
Castle Gate,13,67.55502319335938,108.63784790039062,0.6100173822962938
Castle Gate,14,77.92200469970703,120.85440826416016,0.6021519950780678
Castle Gate,15,62.34965896606445,108.49393463134766,0.6115046108731245
Castle Gate,16,15.997981071472168,58.15216827392578,0.7559068521493207
Castle Gate,17,11.590834617614746,60.393280029296875,0.7318152964745326
Castle Gate,18,24.22210121154785,65.23084259033203,0.7182403412294188
Castle Gate,19,16.960609436035156,66.00206756591797,0.6909831117503498
Castle Gate,20,243.40110778808594,343.3810119628906,0.47779435627360894
Castle Gate,21,222.5299835205078,309.4538879394531,0.49267933102829164
Castle Gate,22,219.54263305664062,293.0258483886719,0.5174350224289069
Castle Gate,23,200.41326904296875,297.31060791015625,0.4444019872225467
Castle Gate,24,14.079383850097656,24.17035675048828,0.9580942416133029
Castle Gate,25,13.463512420654297,25.04490089416504,0.9605288857682867
Castle Gate,26,14.586396217346191,25.23247528076172,0.9633198279502606
Castle Gate,27,19.80434226989746,27.305797576904297,0.9687717882311795
Castle Gate,28,4.951340198516846,41.99536895751953,0.8414685593076837
Castle Gate,29,5.834502220153809,32.52092742919922,0.9015487478467894
Castle Gate,30,2.5917162895202637,36.21842575073242,0.8788170999110693
Castle Gate,31,4.241097450256348,38.288150787353516,0.8440882978842065
Castle Gate,32,16.272737503051758,55.35512161254883,0.6714367947686978
Castle Gate,33,26.348857879638672,48.81233596801758,0.7058500944446391
Castle Gate,34,19.75246810913086,57.64800262451172,0.6425405444431513
Castle Gate,35,17.791662216186523,53.43658447265625,0.6504947761210848
Castle Gate,36,108.82640838623047,127.53572082519531,0.872304901309034
Castle Gate,37,103.22254180908203,138.40655517578125,0.7606047711040012
Castle Gate,38,80.15078735351562,108.69574737548828,0.8262408578672605
Castle Gate,39,97.0999526977539,129.9198455810547,0.8263804307534102
Castle Gate,40,35.72240447998047,39.552425384521484,0.9395031290940965
Castle Gate,41,36.85420227050781,40.00987243652344,0.9597967062441739
Castle Gate,42,36.84468460083008,42.828643798828125,0.9368682442055708
Castle Gate,43,44.020748138427734,47.6903076171875,0.958243392614197
Castle Gate,44,52.429447174072266,53.740509033203125,0.9474711948211262
Castle Gate,45,50.05948257446289,51.503684997558594,0.9540426580317521
Castle Gate,46,50.18376159667969,52.2468376159668,0.9326327126614672
Castle Gate,47,51.21701431274414,52.124454498291016,0.9521538653523797
Castle Gate,48,46.00251770019531,75.5318603515625,0.7447029146217147
Castle Gate,49,64.05152893066406,94.5076904296875,0.6995300830192821
Castle Gate,50,73.94292449951172,99.33209991455078,0.7229069739624188
Castle Gate,51,69.33661651611328,101.69795227050781,0.6775174996834178
Castle Gate,52,3.943143844604492,35.003761291503906,0.887293980379115
Castle Gate,53,4.764374732971191,29.91221046447754,0.895754748586036
Castle Gate,54,16.381668090820312,43.605323791503906,0.8792869567439341
Castle Gate,55,4.665875434875488,40.765811920166016,0.855369760709488
Castle Gate,56,26.295042037963867,60.25278854370117,0.6732021338989471
Castle Gate,57,24.799650192260742,61.44071960449219,0.6950102359779685
Castle Gate,58,27.516475677490234,53.99913787841797,0.7649261374702507
Castle Gate,59,22.310001373291016,58.97149658203125,0.7026461345789752
Castle Gate,60,1.8473875522613525,43.93351364135742,0.8316232083303795
Castle Gate,61,1.49785315990448,46.99050521850586,0.8068550458729417
Castle Gate,62,6.075847148895264,45.88475036621094,0.8386085670264211
Castle Gate,63,1.3582608699798584,50.25227737426758,0.8041228206825978
Castle Gate,64,30.08882713317871,40.78562927246094,0.8644992531501257
Castle Gate,65,29.99834632873535,38.34246826171875,0.9177341865532705
Castle Gate,66,35.457763671875,41.76869201660156,0.8923573778390078
Castle Gate,67,37.82402038574219,44.216827392578125,0.8860948875889437
Castle Gate,68,295.013427734375,377.6205139160156,0.4641703537731592
Castle Gate,69,303.6369934082031,376.82904052734375,0.48964954744105205
Castle Gate,70,331.8059387207031,413.7545471191406,0.4522244653545244
Castle Gate,71,327.1811828613281,420.46624755859375,0.45002486264857644
Castle Gate,72,22.280609130859375,46.44658279418945,0.8753987378287292
Castle Gate,73,27.44761848449707,55.44847106933594,0.8381674554592317
Castle Gate,74,17.230106353759766,47.748050689697266,0.8406078715574249
Castle Gate,75,14.763589859008789,49.875362396240234,0.8544704719693634
Castle Gate,76,7.017488479614258,59.35623550415039,0.7045843329830227
Castle Gate,77,9.717175483703613,64.43043518066406,0.6493199007849884
Castle Gate,78,2.560137987136841,66.78167724609375,0.6533462814839037
Castle Gate,79,4.986008167266846,63.67734909057617,0.6781516300839853
Castle Gate,80,396.2486267089844,452.08306884765625,0.4601013327559283
Castle Gate,81,381.12994384765625,419.81787109375,0.4385443862429054
Castle Gate,82,342.47711181640625,389.6609191894531,0.46772425594209627
Castle Gate,83,344.3424377441406,379.5479736328125,0.5245848059343885
Castle Gate,84,12.590864181518555,17.009286880493164,0.9873420550239697
Castle Gate,85,15.554447174072266,18.511934280395508,0.9904283495294072
Castle Gate,86,10.501710891723633,15.067809104919434,0.9786193504269195
Castle Gate,87,12.910636901855469,17.605070114135742,0.9831488921535845
Castle Gate,88,27.33901596069336,32.94798278808594,0.9422419599972607
Castle Gate,89,34.993404388427734,39.28717803955078,0.947671398603222
Castle Gate,90,23.61902618408203,32.06785202026367,0.9364215598706358
Castle Gate,91,30.629844665527344,36.94063186645508,0.9390566980429222
Castle Gate,92,115.65034484863281,167.36383056640625,0.5887174652200551
Castle Gate,93,113.1475601196289,165.842529296875,0.6070926372914792
Castle Gate,94,135.73812866210938,200.1771697998047,0.5775531159045666
Castle Gate,95,95.1011962890625,150.73609924316406,0.6099036904681011
Castle Gate,96,50.493614196777344,66.51454162597656,0.9358375013280559
Castle Gate,97,41.3066520690918,53.711143493652344,0.9422607003443951
Castle Gate,98,45.982994079589844,62.82218933105469,0.9287642767290806
Castle Gate,99,50.69026565551758,68.11101531982422,0.9218804797901718
Castle Gate,100,6.702512741088867,39.27399444580078,0.8617025403193774
Castle Gate,101,12.480531692504883,40.688480377197266,0.8279495077721264
Castle Gate,102,1.8987607955932617,47.950355529785156,0.7906578063690021
Castle Gate,103,7.883045196533203,37.47645568847656,0.8448127919026969
Castle Gate,104,11.996668815612793,46.208221435546875,0.8850939452369054
Castle Gate,105,10.727157592773438,43.583683013916016,0.8816068968964992
Castle Gate,106,11.000322341918945,41.91664123535156,0.9014759530234405
Castle Gate,107,8.464977264404297,39.35466384887695,0.8949792319644222
Castle Gate,108,23.086732864379883,64.86918640136719,0.8021897665396512
Castle Gate,109,16.575958251953125,58.584129333496094,0.8410258670818777
Castle Gate,110,13.238214492797852,52.330772399902344,0.8574362943031554
Castle Gate,111,25.114028930664062,70.76853942871094,0.7691609779881542
Castle Gate,112,224.29434204101562,299.33502197265625,0.32806486487932446
Castle Gate,113,191.4542236328125,252.3330841064453,0.3921191238628025
Castle Gate,114,226.24473571777344,272.26312255859375,0.3525689921709611
Castle Gate,115,209.87770080566406,294.7315673828125,0.35510863754257954
Castle Gate,116,18.75613784790039,34.49937057495117,0.8973340786632298
Castle Gate,117,27.091405868530273,42.011112213134766,0.853975669847296
Castle Gate,118,22.02577781677246,41.302276611328125,0.8415175516185205
Castle Gate,119,24.511112213134766,39.11172103881836,0.8782854128517184
Castle Gate,120,11.243696212768555,44.2681770324707,0.8138434699855784
Castle Gate,121,6.21389627456665,52.73894500732422,0.7496686066646158
Castle Gate,122,10.808364868164062,49.47341537475586,0.7391769146294201
Castle Gate,123,14.994331359863281,51.97737121582031,0.7497295404908103
Castle Gate,124,47.424991607666016,85.80834197998047,0.6914224097021141
Castle Gate,125,38.71348190307617,71.41352081298828,0.740967521957022
Castle Gate,126,37.69449996948242,72.13426208496094,0.7857549904058554
Castle Gate,127,42.659603118896484,77.93816375732422,0.728952388005027
Castle Gate,128,34.382572174072266,83.97111511230469,0.6310275488240626
Castle Gate,129,25.55481719970703,88.47654724121094,0.6110109482772398
Castle Gate,130,27.395906448364258,85.99469757080078,0.6296809369653676
Castle Gate,131,45.51859664916992,94.9183578491211,0.6059989913237248
Castle Gate,132,168.79795837402344,203.7698974609375,0.6333823647259793
Castle Gate,133,168.61807250976562,201.9306640625,0.6368473713928109
Castle Gate,134,159.17137145996094,192.77825927734375,0.6549221598322919
Castle Gate,135,146.60096740722656,183.3582305908203,0.6361832417389942
Castle Gate,136,7.985480308532715,23.77400779724121,0.9636583253835816
Castle Gate,137,3.7777438163757324,27.054025650024414,0.9459212449790244
Castle Gate,138,2.139781951904297,21.373003005981445,0.9654488504053056
Castle Gate,139,9.957037925720215,29.28952980041504,0.9460772287284728
Castle Gate,140,36.94792175292969,58.24350357055664,0.9280100671369611
Castle Gate,141,51.84625244140625,99.83837890625,0.8251401199675975
Castle Gate,142,48.715431213378906,98.24162292480469,0.8414464066533738
Castle Gate,143,41.52168273925781,75.80437469482422,0.8831788820980558
Castle Gate,144,0.37611088156700134,45.658931732177734,0.8164032567349404
Castle Gate,145,5.832259654998779,41.08430862426758,0.8631988833615131
Castle Gate,146,8.668489456176758,45.2756462097168,0.835833868815814
Castle Gate,147,3.6574742794036865,40.33125305175781,0.8614982035363214
Castle Gate,148,189.4915313720703,248.92822265625,0.5379170326600845
Castle Gate,149,187.64654541015625,249.76634216308594,0.5531723391373852
Castle Gate,150,202.2330322265625,270.1391906738281,0.47793597458471365
Castle Gate,151,223.4665069580078,286.4024963378906,0.4859932804369974
Castle Gate,152,13.948809623718262,39.00743865966797,0.9090649244163177
Castle Gate,153,0.4644254446029663,36.691314697265625,0.9169589002349824
Castle Gate,154,8.980508804321289,35.3138542175293,0.9186158627369915
Castle Gate,155,5.140966892242432,34.403785705566406,0.9243041404396088
Castle Gate,156,21.642257690429688,51.64766311645508,0.8632446942969582
Castle Gate,157,28.654754638671875,58.87275695800781,0.8331511551271626
Castle Gate,158,19.663938522338867,47.63644027709961,0.837784025013679
Castle Gate,159,24.053442001342773,50.82807922363281,0.8605451163497996
Castle Gate,160,45.8093376159668,46.82175827026367,0.9478142096802366
Castle Gate,161,50.08980178833008,50.181156158447266,0.948218117971746
Castle Gate,162,48.88579559326172,49.244651794433594,0.9408988267332725
Castle Gate,163,50.40462112426758,50.230987548828125,0.9483048822432781
Castle Gate,164,29.41029930114746,31.659460067749023,0.9640128403102319
Castle Gate,165,38.84186935424805,39.758460998535156,0.9675059330717499
Castle Gate,166,35.20661163330078,37.825439453125,0.9728513364202881
Castle Gate,167,33.64272689819336,35.5189323425293,0.9764364167005422
Castle Gate,168,56.36097717285156,87.87649536132812,0.7370505481546783
Castle Gate,169,49.565330505371094,99.26290893554688,0.6285618146847104
Castle Gate,170,43.862125396728516,87.3676528930664,0.6532775380044678
Castle Gate,171,53.386653900146484,90.22978973388672,0.711395458377079
Castle Gate,172,44.15556716918945,45.67399215698242,0.9695939426373408
Castle Gate,173,42.5966796875,44.310218811035156,0.9694584245424835
Castle Gate,174,40.21969223022461,42.00832748413086,0.9689904452270681
Castle Gate,175,43.324432373046875,44.94379425048828,0.967129080172971
Castle Gate,176,36.881370544433594,39.712093353271484,0.9346164665159143
Castle Gate,177,37.697940826416016,39.414894104003906,0.9402570363886602
Castle Gate,178,38.003604888916016,40.27682113647461,0.9270172715366202
Castle Gate,179,39.1683235168457,41.31819152832031,0.9096024123384452
Castle Gate,180,18.32065773010254,28.59556007385254,0.9352216397615187
Castle Gate,181,23.97677993774414,32.6336669921875,0.9253309461241739
Castle Gate,182,12.167488098144531,26.32131004333496,0.9392515434277264
Castle Gate,183,10.564301490783691,26.85087776184082,0.924759434625256
Castle Gate,184,5.514123439788818,37.54159927368164,0.8505106557182203
Castle Gate,185,3.9615590572357178,32.68693161010742,0.8592750287650721
Castle Gate,186,5.839930534362793,36.86111831665039,0.8803813290613289
Castle Gate,187,4.305569171905518,35.41289138793945,0.8850039926051114
Castle Gate,188,6.891129016876221,24.9674015045166,0.9336248723070436
Castle Gate,189,10.61959457397461,26.706501007080078,0.9306628577539758
Castle Gate,190,4.041555881500244,24.69954490661621,0.9452657669089464
Castle Gate,191,6.415096759796143,24.667469024658203,0.9400616665323874
Castle Gate,192,19.458829879760742,38.59710693359375,0.9384928286556429
Castle Gate,193,25.7397518157959,37.25051498413086,0.9454473170490665
Castle Gate,194,27.78131103515625,39.20281982421875,0.957782450124271
Castle Gate,195,17.85843849182129,33.17863464355469,0.9477618620600081
Castle Gate,196,24.605804443359375,29.99896812438965,0.9362512172882234
Castle Gate,197,27.910268783569336,30.000484466552734,0.9394750935347312
Castle Gate,198,32.25380325317383,34.33808517456055,0.9199337821094691
Castle Gate,199,31.353757858276367,32.90387725830078,0.9439180993079432
Castle Gate,200,28.657739639282227,43.110103607177734,0.7787864922826494
Castle Gate,201,34.44318771362305,51.20829772949219,0.7527073546922751
Castle Gate,202,20.750812530517578,35.58552932739258,0.8215623415097525
Castle Gate,203,18.474489212036133,43.347415924072266,0.7943359397726841
Castle Gate,204,2.202582836151123,43.27397155761719,0.864983320487551
Castle Gate,205,5.423030853271484,38.767364501953125,0.873145616825138
Castle Gate,206,10.12498664855957,36.13401794433594,0.8833544884658622
Castle Gate,207,3.3622021675109863,45.425479888916016,0.8484021021454183
Castle Gate,208,78.67020416259766,77.66194915771484,0.9494136927106962
Castle Gate,209,54.692955017089844,64.83914184570312,0.946481533540437
Castle Gate,210,59.69818115234375,64.9375991821289,0.9472036543808061
Castle Gate,211,65.0183334350586,69.6349105834961,0.957290702072825
Castle Gate,212,33.3277587890625,71.98296356201172,0.7470179825021275
Castle Gate,213,32.34995651245117,64.54067993164062,0.7851292879718128
Castle Gate,214,20.259645462036133,62.90129089355469,0.8030521245893363
Castle Gate,215,22.109298706054688,56.427467346191406,0.8035155452180596
Castle Gate,216,1.6988093852996826,27.52218246459961,0.9718935588601051
Castle Gate,217,4.902193069458008,29.417686462402344,0.9606263543926115
Castle Gate,218,4.006685256958008,21.876827239990234,0.9741617418812797
Castle Gate,219,0.8102203011512756,22.225893020629883,0.9753438997336574
Castle Gate,220,9.48302936553955,35.477474212646484,0.9041178709942137
Castle Gate,221,16.772480010986328,31.54404640197754,0.9287430513012029
Castle Gate,222,20.312334060668945,30.643993377685547,0.9483755870691153
Castle Gate,223,22.79803466796875,39.42062759399414,0.9026408374302454
Castle Gate,224,16.591014862060547,40.21113967895508,0.827680778982214
Castle Gate,225,23.39689826965332,40.572547912597656,0.8419446117040886
Castle Gate,226,18.49927520751953,38.124149322509766,0.8488061603737036
Castle Gate,227,24.971832275390625,41.75120162963867,0.850430910195705
Castle Gate,228,35.00160217285156,35.90670394897461,0.956236286204052
Castle Gate,229,33.099342346191406,33.64807891845703,0.9635717050041026
Castle Gate,230,31.916015625,32.972755432128906,0.9607022958600966
Castle Gate,231,34.411041259765625,36.03060531616211,0.9450669846636974
Castle Gate,232,13.083494186401367,27.87373924255371,0.9406723614137779
Castle Gate,233,17.936803817749023,40.120601654052734,0.8739690566386212
Castle Gate,234,14.790525436401367,28.060697555541992,0.9292210173833128
Castle Gate,235,9.52479076385498,29.445741653442383,0.9019703092307921
Castle Gate,236,5.147609710693359,31.446863174438477,0.9154622682417477
Castle Gate,237,9.532355308532715,32.53229522705078,0.9007381860422473
Castle Gate,238,9.277069091796875,30.108346939086914,0.9190059847204822
Castle Gate,239,11.060262680053711,25.175336837768555,0.9461910773043323
Castle Gate,240,11.050318717956543,35.71849060058594,0.8836290076644613
Castle Gate,241,7.271698951721191,34.09639358520508,0.9032329498176359
Castle Gate,242,16.725297927856445,29.950069427490234,0.9194779848857493
Castle Gate,243,18.062936782836914,28.402036666870117,0.9358779386147257
Castle Gate,244,47.867454528808594,57.36110305786133,0.7461692756692211
Castle Gate,245,43.8881950378418,53.678192138671875,0.8009480469573479
Castle Gate,246,42.0307731628418,52.58017349243164,0.7809930783513742
Castle Gate,247,40.80558395385742,53.431331634521484,0.7271835032008155
Castle Gate,248,36.991153717041016,44.53900146484375,0.8570264329960241
Castle Gate,249,35.49455642700195,45.05979537963867,0.8399402055245617
Castle Gate,250,41.31963348388672,43.81804275512695,0.9125110566227022
Castle Gate,251,36.216590881347656,44.92329025268555,0.8616662743567601
Castle Gate,252,5.026331424713135,24.675220489501953,0.9186178902953264
Castle Gate,253,3.063014507293701,19.580684661865234,0.9573062324951217
Castle Gate,254,1.0338188409805298,24.68425941467285,0.937481543183555
Castle Gate,255,4.875692844390869,21.30926513671875,0.9363267987916034
Castle Gate,256,31.28790855407715,79.35963439941406,0.6454467796846438
Castle Gate,257,25.77997398376465,71.42020416259766,0.7249555704660237
Castle Gate,258,36.78211212158203,85.15534210205078,0.6502643739168248
Castle Gate,259,28.91885757446289,65.30909729003906,0.7653676499924748
Castle Gate,260,20.49784278869629,28.569028854370117,0.9329153776423615
Castle Gate,261,19.613889694213867,26.788455963134766,0.9492741091825074
Castle Gate,262,17.14362907409668,26.469995498657227,0.9523227564015814
Castle Gate,263,22.84675407409668,29.713850021362305,0.9454137691930752
Castle Gate,264,28.412277221679688,38.91775894165039,0.8953296454371305
Castle Gate,265,19.455528259277344,37.605438232421875,0.8755165006600234
Castle Gate,266,24.674833297729492,34.82488250732422,0.9019828788679093
Castle Gate,267,22.573274612426758,44.879817962646484,0.8666804764803665
Castle Gate,268,17.591672897338867,34.54486846923828,0.9344172152737206
Castle Gate,269,11.052192687988281,33.288360595703125,0.9257401096928911
Castle Gate,270,8.296097755432129,30.145538330078125,0.9366209269992758
Castle Gate,271,13.016429901123047,36.049434661865234,0.9267563441984301
Castle Gate,272,42.39678192138672,44.30388641357422,0.9367757069678079
Castle Gate,273,38.806522369384766,40.87609100341797,0.9537354376652366
Castle Gate,274,44.946163177490234,47.197845458984375,0.9580838673976638
Castle Gate,275,40.15750503540039,43.17969512939453,0.9526377632354054
Castle Gate,276,19.286273956298828,39.15083694458008,0.8860310806079796
Castle Gate,277,14.95241641998291,36.73356628417969,0.8785150754505812
Castle Gate,278,15.046436309814453,35.123104095458984,0.8936960190033857
Castle Gate,279,24.63917350769043,41.148250579833984,0.8878990487455739
Castle Gate,280,2.077152729034424,46.735164642333984,0.8109577683512927
Castle Gate,281,0.4738180637359619,45.064205169677734,0.7901368505497309
Castle Gate,282,6.331352710723877,35.55409240722656,0.8273799320433849
Castle Gate,283,10.833065032958984,35.59471893310547,0.8689946863402466
Berea Upper Gray,0,53.50246810913086,59.61248016357422,0.8719426814162681
Berea Upper Gray,1,61.39845275878906,67.0283432006836,0.8446520502045716
Berea Upper Gray,2,60.447330474853516,66.25706481933594,0.8205269468288054
Berea Upper Gray,3,53.69911575317383,58.90451431274414,0.8745056722446733
Berea Upper Gray,4,3.6082913875579834,23.110456466674805,0.9739220254307926
Berea Upper Gray,5,13.861903190612793,25.027667999267578,0.9745196348084081
Berea Upper Gray,6,11.538681030273438,23.020944595336914,0.9781829705425131
Berea Upper Gray,7,4.869958400726318,17.639341354370117,0.9780137863117413
Berea Upper Gray,8,8.72780990600586,56.950923919677734,0.8279334937921682
Berea Upper Gray,9,22.401578903198242,65.30859375,0.8311260265956031
Berea Upper Gray,10,18.65135383605957,57.379364013671875,0.8283925689435756
Berea Upper Gray,11,9.491840362548828,52.44126892089844,0.8415060209296757
Berea Upper Gray,12,37.05295181274414,94.45329284667969,0.6508668114575862
Berea Upper Gray,13,38.33692169189453,95.20379638671875,0.6518893334767412
Berea Upper Gray,14,52.371307373046875,99.73480224609375,0.6915175365832605
Berea Upper Gray,15,47.99506378173828,106.35704040527344,0.6327613579164294
Berea Upper Gray,16,22.62006950378418,79.01214599609375,0.7150813010381439
Berea Upper Gray,17,46.24525451660156,111.28349304199219,0.6547258539256123
Berea Upper Gray,18,59.39418411254883,132.0499725341797,0.6554241203556102
Berea Upper Gray,19,34.30213928222656,100.99585723876953,0.67743654068376
Berea Upper Gray,20,28.904626846313477,47.35468292236328,0.8582636251592313
Berea Upper Gray,21,15.297714233398438,49.98284912109375,0.8084517858053398
Berea Upper Gray,22,16.80448341369629,56.98917007446289,0.7285409434152459
Berea Upper Gray,23,21.906139373779297,55.12571716308594,0.8055006486720362
Berea Upper Gray,24,46.08299255371094,50.35797119140625,0.9256315277369834
Berea Upper Gray,25,44.023406982421875,48.340492248535156,0.9296454332899108
Berea Upper Gray,26,48.39662551879883,51.42345428466797,0.9288436808019996
Berea Upper Gray,27,48.926490783691406,51.57371139526367,0.9286312370665719
Berea Upper Gray,28,21.131317138671875,31.333921432495117,0.860900809437883
Berea Upper Gray,29,25.55106544494629,36.953948974609375,0.8531059222246642
Berea Upper Gray,30,26.89112091064453,32.592247009277344,0.8454340745902541
Berea Upper Gray,31,26.490032196044922,34.658084869384766,0.852242196981764
Berea Upper Gray,32,27.20913314819336,81.8551254272461,0.6895013768857672
Berea Upper Gray,33,32.408851623535156,91.51818084716797,0.6566243657223978
Berea Upper Gray,34,18.798402786254883,76.50604248046875,0.6871909846339046
Berea Upper Gray,35,14.443678855895996,74.49495697021484,0.6587791730192866
Berea Upper Gray,36,0.25373801589012146,79.01092529296875,0.48643098233474624
Berea Upper Gray,37,10.646163940429688,72.60303497314453,0.4797536418264169
Berea Upper Gray,38,6.799804210662842,103.82674407958984,0.3581946298111564
Berea Upper Gray,39,1.5722622871398926,88.20755004882812,0.4203901957667207
Berea Upper Gray,40,43.436763763427734,60.92931365966797,0.7452439223036058
Berea Upper Gray,41,40.0444450378418,57.87453842163086,0.7005675147133659
Berea Upper Gray,42,29.462261199951172,55.088714599609375,0.6611838573009567
Berea Upper Gray,43,40.49851608276367,62.267818450927734,0.6726984258963535
Berea Upper Gray,44,16.3288516998291,58.59186935424805,0.6155451730019571
Berea Upper Gray,45,13.439424514770508,61.704132080078125,0.6285201545953947
Berea Upper Gray,46,38.358150482177734,73.75336456298828,0.5896983110011845
Berea Upper Gray,47,26.047216415405273,62.048946380615234,0.553416810793274
Berea Upper Gray,48,5.61097526550293,64.9806900024414,0.734794676063044
Berea Upper Gray,49,5.6508402824401855,65.8185806274414,0.7257632684592903
Berea Upper Gray,50,3.871623992919922,69.12740325927734,0.7034675688078647
Berea Upper Gray,51,0.06660054624080658,63.8132438659668,0.7273438695267977
Berea Upper Gray,52,14.36958122253418,26.48920249938965,0.954864910128062
Berea Upper Gray,53,8.665885925292969,22.31794548034668,0.9738482674499587
Berea Upper Gray,54,3.8816051483154297,28.84371566772461,0.9549471729016137
Berea Upper Gray,55,6.970817565917969,23.310956954956055,0.9605048032900917
Berea Upper Gray,56,33.51948928833008,39.951324462890625,0.9214356860279951
Berea Upper Gray,57,42.40523147583008,45.96364212036133,0.9101557932618853
Berea Upper Gray,58,32.86608123779297,38.42600631713867,0.9410016236815922
Berea Upper Gray,59,32.6729736328125,40.923194885253906,0.9175633423647639
Berea Upper Gray,60,3.1940109729766846,48.70581817626953,0.8196278514213767
Berea Upper Gray,61,7.941251754760742,48.56193923950195,0.8364210855352605
Berea Upper Gray,62,12.000762939453125,47.91082763671875,0.8282293840763947
Berea Upper Gray,63,3.843552827835083,52.48746109008789,0.7775936594121333
Berea Upper Gray,64,40.422210693359375,48.70796203613281,0.9549360153819968
Berea Upper Gray,65,40.47850036621094,50.07058334350586,0.9489256765578894
Berea Upper Gray,66,43.698936462402344,54.898677825927734,0.9512540719256851
Berea Upper Gray,67,26.27219581604004,44.01272964477539,0.940837979115534
Berea Upper Gray,68,240.71737670898438,210.20159912109375,0.48279784593809905
Berea Upper Gray,69,168.42872619628906,166.50233459472656,0.6350260045714584
Berea Upper Gray,70,212.6254425048828,198.6905975341797,0.5372208442254115
Berea Upper Gray,71,233.3651885986328,236.1130828857422,0.45575297838599294
Berea Upper Gray,72,13.072891235351562,47.50401306152344,0.7839807898890948
Berea Upper Gray,73,1.573840856552124,44.34676742553711,0.8124858327351774
Berea Upper Gray,74,16.515457153320312,43.801002502441406,0.7897543441897649
Berea Upper Gray,75,18.210159301757812,44.110755920410156,0.7774390244731184
Berea Upper Gray,76,104.37651824951172,189.7463836669922,0.39324918008122955
Berea Upper Gray,77,131.2935333251953,218.0015869140625,0.3480952872559629
Berea Upper Gray,78,93.57904815673828,184.77662658691406,0.31305683519682015
Berea Upper Gray,79,109.58560943603516,196.64927673339844,0.3297212797413279
Berea Upper Gray,80,30.280900955200195,63.399559020996094,0.6995750737404035
Berea Upper Gray,81,16.478471755981445,57.93012237548828,0.7484308752239847
Berea Upper Gray,82,19.656566619873047,51.793983459472656,0.7920321258784262
Berea Upper Gray,83,26.845102310180664,52.00912857055664,0.8050500693108814
Berea Upper Gray,84,0.4864594340324402,27.837261199951172,0.9554323946318619
Berea Upper Gray,85,2.6956429481506348,30.918323516845703,0.9407573783723782
Berea Upper Gray,86,4.277883529663086,32.53267288208008,0.9331275403613712
Berea Upper Gray,87,2.2481088638305664,26.110137939453125,0.9570893835412434
Berea Upper Gray,88,33.3432731628418,40.06007385253906,0.902189210100671
Berea Upper Gray,89,35.26371383666992,43.879356384277344,0.8727620231256269
Berea Upper Gray,90,35.730838775634766,42.52781295776367,0.9059037322469022
Berea Upper Gray,91,33.84380340576172,42.113800048828125,0.8940830123751664
Berea Upper Gray,92,23.934778213500977,35.18059158325195,0.8997716226937383
Berea Upper Gray,93,26.068531036376953,32.36592102050781,0.930915476058723
Berea Upper Gray,94,22.514015197753906,31.779830932617188,0.914192198790868
Berea Upper Gray,95,26.51408576965332,35.62582778930664,0.8982340471128496
Berea Upper Gray,96,39.31217956542969,45.47140884399414,0.9442858424528792
Berea Upper Gray,97,46.35894012451172,52.127906799316406,0.8952726779985024
Berea Upper Gray,98,42.16086196899414,46.50226974487305,0.9316916950398328
Berea Upper Gray,99,40.04579544067383,46.63902282714844,0.9380817549977535
Berea Upper Gray,100,449.2805480957031,621.0595703125,0.36003571578420346
Berea Upper Gray,101,507.4365539550781,664.2545776367188,0.4245082109489694
Berea Upper Gray,102,416.9671936035156,570.2579345703125,0.3303742372243941
Berea Upper Gray,103,363.2825927734375,421.749267578125,0.45535525973284635
Berea Upper Gray,104,5.239357948303223,44.97445297241211,0.8155888357751832
Berea Upper Gray,105,8.544994354248047,38.76756286621094,0.8750733580239827
Berea Upper Gray,106,13.687840461730957,34.598480224609375,0.8805166286733124
Berea Upper Gray,107,12.889904022216797,44.358802795410156,0.8139779436983532
Berea Upper Gray,108,217.1803436279297,300.9743347167969,0.38203744280754065
Berea Upper Gray,109,212.47950744628906,272.2983703613281,0.37714265803773367
Berea Upper Gray,110,209.39730834960938,284.1920166015625,0.35646255238896335
Berea Upper Gray,111,207.93434143066406,281.84375,0.3735995068375379
Berea Upper Gray,112,18.991626739501953,45.59123611450195,0.718511842937963
Berea Upper Gray,113,24.57574462890625,50.81386947631836,0.7164209965895219
Berea Upper Gray,114,22.104551315307617,43.53696060180664,0.7649155673916985
Berea Upper Gray,115,22.424816131591797,42.15594482421875,0.7361446144319117
Berea Upper Gray,116,14.461873054504395,28.584735870361328,0.951450983899025
Berea Upper Gray,117,14.052815437316895,27.372854232788086,0.9559781726810843
Berea Upper Gray,118,17.29756736755371,31.449567794799805,0.9409954397254834
Berea Upper Gray,119,18.36263084411621,34.3592414855957,0.9347779876847443
Berea Upper Gray,120,42.09577941894531,41.92383575439453,0.9301151309562506
Berea Upper Gray,121,38.41893768310547,41.29002380371094,0.9056346274591424
Berea Upper Gray,122,36.77113723754883,39.41262435913086,0.8914987498848723
Berea Upper Gray,123,38.70275115966797,42.6462516784668,0.9044930386453004
Berea Upper Gray,124,25.64252281188965,44.45785140991211,0.8441650578341541
Berea Upper Gray,125,16.960159301757812,49.03618240356445,0.8383204337232113
Berea Upper Gray,126,21.57717514038086,44.75130844116211,0.8579874424430489
Berea Upper Gray,127,16.721435546875,52.72637176513672,0.8067596496246374
Berea Upper Gray,128,2.562365770339966,38.07817840576172,0.8800101730950894
Berea Upper Gray,129,10.13631534576416,37.85930252075195,0.898678070738838
Berea Upper Gray,130,17.907445907592773,43.04902648925781,0.8978892994034828
Berea Upper Gray,131,4.141112327575684,42.33269500732422,0.8903648947184035
Berea Upper Gray,132,23.881784439086914,30.050779342651367,0.9325592279831642
Berea Upper Gray,133,20.727170944213867,27.36641502380371,0.9348246303215761
Berea Upper Gray,134,21.897594451904297,27.679519653320312,0.9403827085390447
Berea Upper Gray,135,25.867660522460938,28.053714752197266,0.9480526101959553
Berea Upper Gray,136,27.008909225463867,40.077247619628906,0.8795155693545159
Berea Upper Gray,137,27.877714157104492,37.60253143310547,0.8896993564439674
Berea Upper Gray,138,28.663326263427734,36.81005859375,0.8866717461486584
Berea Upper Gray,139,24.99423599243164,38.57869338989258,0.8712224009586105
Berea Upper Gray,140,26.094356536865234,37.925880432128906,0.9145564938074747
Berea Upper Gray,141,16.39299201965332,35.661537170410156,0.8968390169299962
Berea Upper Gray,142,21.415849685668945,36.552490234375,0.8715688726437276
Berea Upper Gray,143,20.358186721801758,42.20431900024414,0.8307301790806522
Berea Upper Gray,144,22.113588333129883,29.003868103027344,0.9716874860153073
Berea Upper Gray,145,15.067898750305176,24.24698257446289,0.9691278166715523
Berea Upper Gray,146,20.923175811767578,30.19225311279297,0.9656588996542628
Berea Upper Gray,147,21.25970458984375,30.35053062438965,0.9653092623888058
Berea Upper Gray,148,1.016347885131836,43.85736083984375,0.8353556503788361
Berea Upper Gray,149,2.1901094913482666,42.36842727661133,0.8248581847060282
Berea Upper Gray,150,13.886216163635254,35.82707595825195,0.8527249248212386
Berea Upper Gray,151,5.5424485206604,41.03084945678711,0.8527290406485707
Berea Upper Gray,152,625.0225219726562,366.333984375,-0.00857064564149867
Berea Upper Gray,153,560.406494140625,389.1779479980469,-0.021349633983250543
Berea Upper Gray,154,667.2648315429688,375.7744140625,-0.010829927289046429
Berea Upper Gray,155,819.3194580078125,353.4845886230469,-0.014843094928699683
Berea Upper Gray,156,270.6221923828125,216.93212890625,0.6258209739471944
Berea Upper Gray,157,295.0546569824219,257.2427978515625,0.4786010052895536
Berea Upper Gray,158,233.0729217529297,211.9834442138672,0.5343261979780536
Berea Upper Gray,159,315.1323547363281,259.63104248046875,0.6338350103807918
Berea Upper Gray,160,3.2241051197052,14.347413063049316,0.980833694954212
Berea Upper Gray,161,2.9238996505737305,13.48246955871582,0.9815235523037719
Berea Upper Gray,162,3.437105417251587,17.55453872680664,0.9733115330778406
Berea Upper Gray,163,1.12868332862854,15.039847373962402,0.9795673328411646
Berea Upper Gray,164,24.18047523498535,36.07536315917969,0.9417028859290398
Berea Upper Gray,165,17.28053092956543,31.291013717651367,0.9373989476220889
Berea Upper Gray,166,17.96590805053711,34.120140075683594,0.935363578737938
Berea Upper Gray,167,17.395727157592773,33.02764129638672,0.9253308291171641
Berea Upper Gray,168,67.81090545654297,156.02772521972656,0.5870145041137188
Berea Upper Gray,169,76.86366271972656,157.0153350830078,0.6012750203454942
Berea Upper Gray,170,79.758544921875,157.98129272460938,0.6444975451352766
Berea Upper Gray,171,68.79631042480469,137.60353088378906,0.6693703563383873
Berea Upper Gray,172,8.739396095275879,42.635169982910156,0.8931927733149666
Berea Upper Gray,173,5.381046772003174,43.4729118347168,0.8703849102182147
Berea Upper Gray,174,3.7549378871917725,46.026973724365234,0.8883375467583601
Berea Upper Gray,175,3.282939910888672,43.18454360961914,0.8695376095639508
Berea Upper Gray,176,124.58443450927734,218.4285430908203,0.36117229250831706
Berea Upper Gray,177,140.70278930664062,214.81610107421875,0.3496892394722557
Berea Upper Gray,178,200.57395935058594,300.9555969238281,0.3058377359221236
Berea Upper Gray,179,170.91326904296875,265.1716003417969,0.2924679578297256
Berea Upper Gray,180,10.79714298248291,27.82109260559082,0.9504269871346239
Berea Upper Gray,181,13.378650665283203,29.179706573486328,0.954468263511518
Berea Upper Gray,182,12.045473098754883,31.63439178466797,0.9408260209434173
Berea Upper Gray,183,2.5189764499664307,31.27481460571289,0.929757091073968
Berea Upper Gray,184,45.752559661865234,70.4588394165039,0.855483140075474
Berea Upper Gray,185,30.08932876586914,54.19412612915039,0.8996349031462827
Berea Upper Gray,186,38.89110565185547,53.2813606262207,0.9201940750268196
Berea Upper Gray,187,29.91077995300293,61.94963455200195,0.8574281796076443
Berea Upper Gray,188,17.74479866027832,56.00001525878906,0.8074294504312535
Berea Upper Gray,189,19.68313217163086,52.89176559448242,0.8320261463878403
Berea Upper Gray,190,25.501283645629883,64.35377502441406,0.7782959515854655
Berea Upper Gray,191,18.79014015197754,60.31393814086914,0.7906360041957499
Berea Upper Gray,192,21.92793846130371,38.787044525146484,0.8689224778871766
Berea Upper Gray,193,7.913690090179443,32.93277359008789,0.9109233628812766
Berea Upper Gray,194,5.388638019561768,36.88471221923828,0.8578505369535722
Berea Upper Gray,195,7.4857587814331055,45.98834228515625,0.845799784865281
Berea Upper Gray,196,0.27838340401649475,46.05637741088867,0.8125796680750123
Berea Upper Gray,197,2.0788352489471436,49.01042938232422,0.7807865549993147
Berea Upper Gray,198,5.632857322692871,54.71385192871094,0.771563943190531
Berea Upper Gray,199,5.4505109786987305,49.36383056640625,0.8074011592968147
Berea Upper Gray,200,59.01643371582031,77.50738525390625,0.8674351669477484
Berea Upper Gray,201,60.23265838623047,80.80131530761719,0.8475855212468453
Berea Upper Gray,202,61.97540283203125,83.69332885742188,0.869773501904264
Berea Upper Gray,203,47.157447814941406,67.83409118652344,0.8736197404450289
Berea Upper Gray,204,30.527172088623047,57.565765380859375,0.7244664455550418
Berea Upper Gray,205,31.120237350463867,55.4110221862793,0.7604481639685595
Berea Upper Gray,206,35.861698150634766,57.353973388671875,0.7615066425770124
Berea Upper Gray,207,28.187788009643555,55.32250213623047,0.7417478269274309
Berea Upper Gray,208,147.89187622070312,230.21766662597656,0.4748700292184254
Berea Upper Gray,209,171.98965454101562,272.28546142578125,0.4036113235221617
Berea Upper Gray,210,115.24986267089844,204.03038024902344,0.4487699005137241
Berea Upper Gray,211,150.68531799316406,238.1822967529297,0.46244794735803024
Berea Upper Gray,212,191.3369140625,289.3163757324219,0.5031559149994358
Berea Upper Gray,213,271.006591796875,375.9210205078125,0.4327405434988106
Berea Upper Gray,214,285.4674377441406,411.4521789550781,0.3439330269290553
Berea Upper Gray,215,257.42376708984375,387.90802001953125,0.3636564013418252
Berea Upper Gray,216,59.26552963256836,98.53490447998047,0.5890359575344374
Berea Upper Gray,217,92.67042541503906,120.13563537597656,0.5258135706918499
Berea Upper Gray,218,59.85935974121094,101.50712585449219,0.5280665431385153
Berea Upper Gray,219,67.34841918945312,106.302978515625,0.5936239373371619
Berea Upper Gray,220,31.583377838134766,37.38862991333008,0.9582475800035977
Berea Upper Gray,221,30.38079071044922,38.32465744018555,0.95532055213372
Berea Upper Gray,222,35.009437561035156,42.23331069946289,0.9344592393573896
Berea Upper Gray,223,37.34593200683594,43.22576904296875,0.9307042067623069
Berea Sinter Gray,0,67.02275848388672,100.0335922241211,0.7553578856856175
Berea Sinter Gray,1,67.84723663330078,105.12484741210938,0.7380532927081014
Berea Sinter Gray,2,54.165950775146484,92.42617797851562,0.7397678684186952
Berea Sinter Gray,3,58.928001403808594,95.80233764648438,0.7185633010093607
Berea Sinter Gray,4,59.020694732666016,88.13241577148438,0.6776352547576797
Berea Sinter Gray,5,61.401100158691406,78.57539367675781,0.7090977234599444
Berea Sinter Gray,6,33.40687942504883,67.73297882080078,0.6716897102862344
Berea Sinter Gray,7,57.38070297241211,79.07011413574219,0.6856353650796123
Berea Sinter Gray,8,3.2569801807403564,37.404014587402344,0.9060237260515926
Berea Sinter Gray,9,12.66382884979248,39.594093322753906,0.8675317936213272
Berea Sinter Gray,10,2.6941776275634766,42.414093017578125,0.8793481371810781
Berea Sinter Gray,11,4.00587272644043,37.20355224609375,0.9266654046740913
Berea Sinter Gray,12,41.7020149230957,51.13900375366211,0.9532409973255946
Berea Sinter Gray,13,58.6079216003418,61.652313232421875,0.960235413263262
Berea Sinter Gray,14,47.629634857177734,58.02047348022461,0.9387304682634343
Berea Sinter Gray,15,55.64168167114258,62.48123550415039,0.9469961994245538
Berea Sinter Gray,16,63.05464553833008,82.80303192138672,0.8362240388628576
Berea Sinter Gray,17,63.36725616455078,89.4845962524414,0.7670371756805948
Berea Sinter Gray,18,54.531490325927734,82.25625610351562,0.8097148794979503
Berea Sinter Gray,19,53.14118194580078,78.76582336425781,0.850952128317201
Berea Sinter Gray,20,130.42164611816406,158.18792724609375,0.6229053105431874
Berea Sinter Gray,21,73.71186828613281,110.83695220947266,0.6939586786152799
Berea Sinter Gray,22,104.80525207519531,139.63465881347656,0.6347178208103034
Berea Sinter Gray,23,133.06036376953125,151.61012268066406,0.6360412423818474
Berea Sinter Gray,24,21.069272994995117,33.04826354980469,0.9100881608073036
Berea Sinter Gray,25,14.368545532226562,31.3044490814209,0.914756324342194
Berea Sinter Gray,26,14.269340515136719,39.86162567138672,0.8714827265355355
Berea Sinter Gray,27,15.044618606567383,42.99406051635742,0.8589562914068787
Berea Sinter Gray,28,51.71090316772461,97.88390350341797,0.6717497874769723
Berea Sinter Gray,29,41.166748046875,97.97517395019531,0.6410796173426393
Berea Sinter Gray,30,38.56377410888672,85.70759582519531,0.6585990653780828
Berea Sinter Gray,31,53.111480712890625,98.08246612548828,0.6664050338458357
Berea Sinter Gray,32,94.39881134033203,146.34567260742188,0.6142521688980909
Berea Sinter Gray,33,68.50416564941406,120.65446472167969,0.6332525671127464
Berea Sinter Gray,34,91.660400390625,140.7119903564453,0.6003496210519723
Berea Sinter Gray,35,117.33011627197266,169.95167541503906,0.5810770454974438
Berea Sinter Gray,36,389.8650207519531,548.75341796875,0.3380252405351459
Berea Sinter Gray,37,386.47930908203125,508.945068359375,0.40047144499591064
Berea Sinter Gray,38,363.0939025878906,481.35540771484375,0.3462315425516024
Berea Sinter Gray,39,293.694580078125,405.249267578125,0.3876208076729077
Berea Sinter Gray,40,22.690021514892578,68.39480590820312,0.744663059553613
Berea Sinter Gray,41,19.004119873046875,68.8429183959961,0.7578909365899748
Berea Sinter Gray,42,21.439590454101562,76.72640991210938,0.7038679895762379
Berea Sinter Gray,43,19.172855377197266,75.60062408447266,0.6911007139164148
Berea Sinter Gray,44,8.483518600463867,32.85403060913086,0.955102121072927
Berea Sinter Gray,45,5.694742679595947,34.06966781616211,0.9553124864999715
Berea Sinter Gray,46,6.1622748374938965,29.024456024169922,0.9566564178918817
Berea Sinter Gray,47,1.2508906126022339,31.890087127685547,0.9503351905077132
Berea Sinter Gray,48,15.2459077835083,30.88773536682129,0.9522982406173813
Berea Sinter Gray,49,21.1414737701416,36.81062316894531,0.946259310593107
Berea Sinter Gray,50,20.9866886138916,34.56108093261719,0.9433534365314367
Berea Sinter Gray,51,13.370948791503906,28.92047882080078,0.9701188661787481
Berea Sinter Gray,52,30.273006439208984,45.17437744140625,0.8800619893507332
Berea Sinter Gray,53,14.77077579498291,44.11827850341797,0.8356132272069552
Berea Sinter Gray,54,36.22074508666992,50.767120361328125,0.8818901410438073
Berea Sinter Gray,55,35.86453628540039,51.72604751586914,0.8819513798153357
Berea Sinter Gray,56,38.86566925048828,49.501399993896484,0.8184523732937699
Berea Sinter Gray,57,28.9887638092041,47.089359283447266,0.8238527771121288
Berea Sinter Gray,58,31.56302833557129,46.86738586425781,0.8505373565510862
Berea Sinter Gray,59,26.653676986694336,46.27565383911133,0.849390932958322
Berea Sinter Gray,60,7.588249683380127,34.321868896484375,0.9091258296368714
Berea Sinter Gray,61,7.300034999847412,32.49494934082031,0.9272350255806528
Berea Sinter Gray,62,6.408674716949463,34.37919998168945,0.9442337747106128
Berea Sinter Gray,63,10.338571548461914,33.85026931762695,0.9327671999991657
Berea Sinter Gray,64,40.07915115356445,80.27484130859375,0.7929440079496982
Berea Sinter Gray,65,28.181798934936523,67.5220718383789,0.852252419616707
Berea Sinter Gray,66,42.661956787109375,82.69898223876953,0.8026659477472885
Berea Sinter Gray,67,40.63966751098633,79.76390838623047,0.8231596807229536
Berea Sinter Gray,68,43.10236358642578,92.56623077392578,0.5701547497711534
Berea Sinter Gray,69,67.54437255859375,113.43395233154297,0.5547013400512989
Berea Sinter Gray,70,46.415679931640625,96.05960083007812,0.5975357196494142
Berea Sinter Gray,71,45.10485076904297,101.63127136230469,0.5531603911282161
Berea Sinter Gray,72,16.291988372802734,27.832509994506836,0.9318198019768872
Berea Sinter Gray,73,17.528533935546875,28.89522361755371,0.9243249721882979
Berea Sinter Gray,74,23.758161544799805,30.4735164642334,0.9457691724748135
Berea Sinter Gray,75,24.792203903198242,31.45585060119629,0.9431471760979268
Berea Sinter Gray,76,22.51921844482422,37.386695861816406,0.9552434336540417
Berea Sinter Gray,77,21.11505889892578,36.10652542114258,0.9512644722572069
Berea Sinter Gray,78,15.554085731506348,32.85332489013672,0.9481642343498048
Berea Sinter Gray,79,23.118179321289062,35.71499252319336,0.9499373514624726
Berea Sinter Gray,80,114.57747650146484,153.0504150390625,0.5861745792057471
Berea Sinter Gray,81,76.56861877441406,116.13617706298828,0.62807948272993
Berea Sinter Gray,82,92.33533477783203,128.80654907226562,0.6196965247924748
Berea Sinter Gray,83,104.98709869384766,138.51162719726562,0.6180433979103642
Berea Sinter Gray,84,45.221900939941406,59.05469512939453,0.7843055978050048
Berea Sinter Gray,85,38.69453430175781,57.133018493652344,0.8034755954499903
Berea Sinter Gray,86,40.23056411743164,61.43279266357422,0.7903635428806925
Berea Sinter Gray,87,40.79847717285156,59.3455810546875,0.801105419304347
Berea Sinter Gray,88,12.90475082397461,32.51396179199219,0.9361732075162357
Berea Sinter Gray,89,20.53648567199707,36.356056213378906,0.9302719045266447
Berea Sinter Gray,90,17.638561248779297,38.90324783325195,0.9218737886329872
Berea Sinter Gray,91,9.68907356262207,35.92146301269531,0.920630488287415
Berea Sinter Gray,92,84.52735137939453,80.9195785522461,0.8200852295242378
Berea Sinter Gray,93,85.37146759033203,85.4980239868164,0.8166334861697566
Berea Sinter Gray,94,64.97159576416016,63.57087707519531,0.8061077373953922
Berea Sinter Gray,95,69.8181381225586,70.83349609375,0.8080200625080249
Berea Sinter Gray,96,192.64276123046875,158.1977081298828,0.7532709440648154
Berea Sinter Gray,97,110.5530776977539,102.55020904541016,0.7581260896617398
Berea Sinter Gray,98,153.76768493652344,131.74249267578125,0.7753979776072617
Berea Sinter Gray,99,159.8592071533203,148.58323669433594,0.7359911745021502
Berea Sinter Gray,100,2.636906862258911,39.97730255126953,0.8360965799831286
Berea Sinter Gray,101,12.589365005493164,43.670169830322266,0.8774329717845526
Berea Sinter Gray,102,13.790972709655762,38.3939094543457,0.832444216622004
Berea Sinter Gray,103,2.6868057250976562,43.93235778808594,0.8370428543791709
Berea Sinter Gray,104,50.385772705078125,53.4579963684082,0.8123721095337761
Berea Sinter Gray,105,50.56199264526367,53.49064254760742,0.8373948669320831
Berea Sinter Gray,106,54.08540344238281,56.836055755615234,0.881558617242326
Berea Sinter Gray,107,54.37932205200195,57.40467071533203,0.8487032881479704
Berea Sinter Gray,108,24.999252319335938,58.22216796875,0.8351192602712522
Berea Sinter Gray,109,13.675235748291016,46.58416748046875,0.8618173333830202
Berea Sinter Gray,110,20.22515106201172,48.64823913574219,0.8850301560495579
Berea Sinter Gray,111,14.164698600769043,48.64726638793945,0.8437065720249801
Berea Sinter Gray,112,37.87493133544922,46.19075012207031,0.9057144026436288
Berea Sinter Gray,113,45.14629364013672,50.312618255615234,0.9076135146903066
Berea Sinter Gray,114,38.33793258666992,45.98888397216797,0.9098197327894374
Berea Sinter Gray,115,40.03584289550781,46.60129928588867,0.8883845453138204
Berea Sinter Gray,116,140.78457641601562,134.44879150390625,0.47710118221936615
Berea Sinter Gray,117,118.70599365234375,124.72733306884766,0.5584969406640556
Berea Sinter Gray,118,142.09580993652344,126.34850311279297,0.5872339835421783
Berea Sinter Gray,119,155.2147216796875,136.05758666992188,0.529088086471812
Berea Sinter Gray,120,417.1380920410156,429.9089050292969,0.5900538437457388
Berea Sinter Gray,121,419.02978515625,418.541748046875,0.6424206313977078
Berea Sinter Gray,122,410.1304016113281,426.13128662109375,0.637074491851361
Berea Sinter Gray,123,410.56488037109375,425.66094970703125,0.6254782662348211
Berea Sinter Gray,124,398.3520202636719,502.8943786621094,0.2670062684858581
Berea Sinter Gray,125,331.6598815917969,407.3990478515625,0.23379296608392933
Berea Sinter Gray,126,442.8183898925781,524.0523681640625,0.24028498136846643
Berea Sinter Gray,127,462.854248046875,520.0327758789062,0.28965239349196376
Berea Sinter Gray,128,30.05801010131836,37.61326217651367,0.9232888490466539
Berea Sinter Gray,129,20.814674377441406,44.673851013183594,0.8970932666456484
Berea Sinter Gray,130,22.571443557739258,33.93413543701172,0.9248647826605736
Berea Sinter Gray,131,19.475038528442383,34.3341178894043,0.922359704728918
Berea Sinter Gray,132,39.122779846191406,46.00870895385742,0.9499413231496885
Berea Sinter Gray,133,42.69792938232422,47.46236038208008,0.9536331513765677
Berea Sinter Gray,134,42.38280487060547,47.731380462646484,0.965736690614884
Berea Sinter Gray,135,41.54377746582031,47.162261962890625,0.9667853246659353
Berea Sinter Gray,136,70.19735717773438,70.1869125366211,0.8963742907100394
Berea Sinter Gray,137,64.27005767822266,68.0094985961914,0.907927267270758
Berea Sinter Gray,138,59.1323356628418,61.40576171875,0.9362061408995846
Berea Sinter Gray,139,60.94652557373047,61.05852508544922,0.9272818581293825
Berea Sinter Gray,140,61.745216369628906,74.63995361328125,0.7534237960649715
Berea Sinter Gray,141,75.71366119384766,69.30189514160156,0.8432255575799792
Berea Sinter Gray,142,67.4572525024414,61.845706939697266,0.8120791666357426
Berea Sinter Gray,143,71.5232162475586,63.89896011352539,0.8002587401916714
Berea Sinter Gray,144,33.91067123413086,101.44868469238281,0.5641346686858743
Berea Sinter Gray,145,35.8481330871582,83.32355499267578,0.6983522930109939
Berea Sinter Gray,146,81.11216735839844,147.63861083984375,0.5504158752621423
Berea Sinter Gray,147,72.59815216064453,167.49322509765625,0.4562353371415068
Berea Sinter Gray,148,9.763635635375977,45.4293098449707,0.8093009954954985
Berea Sinter Gray,149,15.721208572387695,36.239044189453125,0.8734925001659218
Berea Sinter Gray,150,15.086764335632324,37.26145553588867,0.8535920897183228
Berea Sinter Gray,151,11.176383018493652,40.632076263427734,0.8370280469915949
Berea Sinter Gray,152,16.237581253051758,36.6525993347168,0.9162460395235341
Berea Sinter Gray,153,11.913070678710938,40.70988464355469,0.901384741597285
Berea Sinter Gray,154,4.700720310211182,34.02607345581055,0.9127002109073974
Berea Sinter Gray,155,9.960954666137695,31.945446014404297,0.9380406492789889
Berea Sinter Gray,156,193.51039123535156,284.359619140625,0.48981195645607056
Berea Sinter Gray,157,147.61984252929688,210.93365478515625,0.6321390954920392
Berea Sinter Gray,158,172.69932556152344,237.7032470703125,0.5758060988146168
Berea Sinter Gray,159,151.5543212890625,223.1486053466797,0.5329700959890432
Berea Sinter Gray,160,89.52426147460938,64.08915710449219,0.9646037213990386
Berea Sinter Gray,161,92.85430908203125,69.2413330078125,0.9632284625548259
Berea Sinter Gray,162,79.90306091308594,59.113948822021484,0.9587989279692372
Berea Sinter Gray,163,90.44573974609375,68.18936157226562,0.9635225440132399
Berea Sinter Gray,164,22.770566940307617,35.35630798339844,0.9423761388005548
Berea Sinter Gray,165,30.552947998046875,38.08057403564453,0.9664536125354689
Berea Sinter Gray,166,22.620914459228516,36.19261932373047,0.9408611217098547
Berea Sinter Gray,167,20.104990005493164,34.34402847290039,0.935841402192276
Berea Sinter Gray,168,26.978031158447266,57.295433044433594,0.7069347398165192
Berea Sinter Gray,169,10.68780517578125,39.255489349365234,0.7860366172369148
Berea Sinter Gray,170,19.750720977783203,52.0886116027832,0.7860207175041423
Berea Sinter Gray,171,18.629032135009766,53.54004669189453,0.7764638699211672
Berea Sinter Gray,172,39.350589752197266,52.828060150146484,0.7585691127618264
Berea Sinter Gray,173,35.6715087890625,53.673160552978516,0.7800956324878622
Berea Sinter Gray,174,38.35475540161133,48.387229919433594,0.7480185338082803
Berea Sinter Gray,175,37.778533935546875,51.94554901123047,0.7287391327675042
Berea Sinter Gray,176,70.24693298339844,105.2366714477539,0.7057571380387092
Berea Sinter Gray,177,82.15168762207031,117.42974090576172,0.7050624663522752
Berea Sinter Gray,178,73.05475616455078,100.85775756835938,0.7485360545195529
Berea Sinter Gray,179,98.50621795654297,139.189208984375,0.6179549987230043
Berea Sinter Gray,180,32.1490478515625,53.36174011230469,0.8699836529410487
Berea Sinter Gray,181,28.993547439575195,43.44191360473633,0.8966288860313647
Berea Sinter Gray,182,23.10793113708496,40.99745178222656,0.914047525426179
Berea Sinter Gray,183,20.13873291015625,41.53667068481445,0.9017040592550857
Berea Sinter Gray,184,20.556360244750977,30.542753219604492,0.9436724411227868
Berea Sinter Gray,185,25.530933380126953,30.017513275146484,0.9522708950842002
Berea Sinter Gray,186,26.174951553344727,28.400802612304688,0.9613353391694742
Berea Sinter Gray,187,20.973793029785156,29.909168243408203,0.9504495724017876
Berea Sinter Gray,188,6.157878398895264,34.70005416870117,0.929292499319175
Berea Sinter Gray,189,8.005308151245117,34.17034912109375,0.9151304970913856
Berea Sinter Gray,190,5.2002739906311035,35.863521575927734,0.898740932071889
Berea Sinter Gray,191,3.9162895679473877,42.02631378173828,0.8904749437369959
Berea,0,94.05122375488281,145.49916076660156,0.5312747759126729
Berea,1,100.26909637451172,130.94113159179688,0.5768822639367673
Berea,2,99.8660888671875,142.56455993652344,0.5613196123095079
Berea,3,77.78153991699219,124.76962280273438,0.6057944679895625
Berea,4,17.39346694946289,65.97248840332031,0.7601620009690241
Berea,5,24.215484619140625,69.79474639892578,0.7846526931696804
Berea,6,12.885272026062012,70.06904602050781,0.7292595993196794
Berea,7,7.777925491333008,65.00298309326172,0.7206453684407078
Berea,8,77.56143951416016,101.26652526855469,0.7813371749419081
Berea,9,74.7727279663086,97.52423095703125,0.7969005152885986
Berea,10,84.04332733154297,113.29206085205078,0.7948702333202827
Berea,11,84.35171508789062,112.18907165527344,0.7425941865960868
Berea,12,2.3272805213928223,37.222103118896484,0.8943536090922952
Berea,13,11.57049560546875,45.494232177734375,0.8656548881848464
Berea,14,2.368452787399292,39.43402862548828,0.9036993253416902
Berea,15,3.4926400184631348,38.719512939453125,0.9037212799656672
Berea,16,36.70077896118164,42.018802642822266,0.947681988691091
Berea,17,36.494083404541016,42.14400100708008,0.9353993438216621
Berea,18,33.976139068603516,38.628631591796875,0.9496815133641273
Berea,19,32.3217887878418,38.53507614135742,0.9342544600279377
Berea,20,17.237730026245117,50.56361389160156,0.7651798625086823
Berea,21,18.250045776367188,45.09111785888672,0.8274670295378023
Berea,22,11.818017959594727,51.661895751953125,0.7503003485287929
Berea,23,14.253311157226562,55.84272766113281,0.7107873664453204
Berea,24,25.29147720336914,37.15978240966797,0.8962349600138398
Berea,25,12.08021354675293,35.54833221435547,0.901171443401447
Berea,26,13.61294174194336,27.958553314208984,0.9339251522318621
Berea,27,20.546405792236328,34.53998565673828,0.9085495054097503
Berea,28,29.377233505249023,35.6082763671875,0.8964871630075881
Berea,29,33.613739013671875,39.8397216796875,0.8694191968473666
Berea,30,30.918249130249023,39.073184967041016,0.8756031982409714
Berea,31,29.255435943603516,37.38316345214844,0.8714081070729285
Berea,32,11.796271324157715,51.37522506713867,0.8149516861482211
Berea,33,9.775106430053711,56.72076416015625,0.792262617262435
Berea,34,21.344083786010742,52.398189544677734,0.8059828130347303
Berea,35,16.58201789855957,52.89301300048828,0.8150654202755531
Berea,36,112.61434173583984,151.4620819091797,0.6225077354980144
Berea,37,119.22944641113281,166.31680297851562,0.5784713402963603
Berea,38,126.8228988647461,172.00596618652344,0.5666767608715018
Berea,39,123.15707397460938,174.12754821777344,0.5930229814557713
Berea,40,51.97361755371094,53.40802001953125,0.9476240096598109
Berea,41,53.03828048706055,55.11551284790039,0.9330044155812416
Berea,42,50.537933349609375,52.69865036010742,0.944472004743072
Berea,43,47.24530029296875,50.04691696166992,0.9432254711944351
Berea,44,17.119884490966797,34.44154739379883,0.9140422378285072
Berea,45,22.412002563476562,36.700233459472656,0.9055361413699134
Berea,46,19.48706817626953,33.2968864440918,0.9176641340234565
Berea,47,16.370471954345703,32.851200103759766,0.9249196208538634
Berea,48,36.10969924926758,46.21281051635742,0.871746724326668
Berea,49,34.430355072021484,43.14405059814453,0.899346395121519
Berea,50,37.083316802978516,46.2653923034668,0.8946150511945659
Berea,51,34.760066986083984,44.86577606201172,0.8910233279146011
Berea,52,95.87224578857422,125.87763214111328,0.7724738921268264
Berea,53,97.45387268066406,123.90935516357422,0.7491440775154061
Berea,54,105.95824432373047,129.75804138183594,0.7725578594650954
Berea,55,110.26898956298828,135.2561798095703,0.7752101600853112
Berea,56,8.37912654876709,52.19784927368164,0.7405615660271097
Berea,57,11.508430480957031,48.71718978881836,0.7490704746298253
Berea,58,5.553536415100098,51.8443603515625,0.7527794876711371
Berea,59,5.3406291007995605,48.44267272949219,0.7723283144157628
Berea,60,34.36299514770508,41.19682693481445,0.9391914337587254
Berea,61,32.40596008300781,38.30485916137695,0.9517562808740678
Berea,62,39.1374626159668,42.27988815307617,0.9556494097948528
Berea,63,36.896183013916016,41.8868293762207,0.9377532901489637
Berea,64,24.360960006713867,34.033447265625,0.9481867649087783
Berea,65,14.428990364074707,30.915271759033203,0.9428323978168905
Berea,66,21.006546020507812,36.87504196166992,0.8865921542532283
Berea,67,20.750396728515625,34.648651123046875,0.9419955689435816
Berea,68,20.475811004638672,52.63771438598633,0.8035749739306268
Berea,69,15.289214134216309,56.85673522949219,0.775841849229467
Berea,70,21.2774715423584,50.52918243408203,0.8019536499043691
Berea,71,19.05755615234375,46.04526138305664,0.8500230742468293
Berea,72,11.67578125,42.798709869384766,0.8389386808537441
Berea,73,17.245222091674805,41.74965286254883,0.8653537397727562
Berea,74,16.93430519104004,46.22292709350586,0.8301988251590573
Berea,75,16.91061782836914,43.183380126953125,0.8484946603025887
Berea,76,33.56871795654297,36.8609733581543,0.9285018059935131
Berea,77,31.584636688232422,35.6076545715332,0.921227821319866
Berea,78,33.36872863769531,37.862796783447266,0.9107688311819184
Berea,79,33.58019256591797,37.14082336425781,0.9223365197094169
Berea,80,1.247298002243042,30.62952423095703,0.9096697057049536
Berea,81,13.339696884155273,27.84514808654785,0.9446322314636625
Berea,82,8.066027641296387,32.61820983886719,0.9149490444288295
Berea,83,13.488807678222656,32.324180603027344,0.9331351158281171
Berea,84,18.599517822265625,33.96171188354492,0.89126146486702
Berea,85,20.00888442993164,33.53752136230469,0.9165552026640953
Berea,86,23.44386100769043,32.71217346191406,0.9264805799697428
Berea,87,22.246408462524414,30.09332847595215,0.9110880701798064
Berea,88,111.2574691772461,153.81365966796875,0.6145813937358972
Berea,89,112.14979553222656,152.13758850097656,0.629117821535746
Berea,90,121.46885681152344,160.52056884765625,0.6051583735552946
Berea,91,113.44119262695312,152.41404724121094,0.5660157497544259
Berea,92,109.23184967041016,164.1082763671875,0.6740730212214169
Berea,93,97.97039794921875,150.60763549804688,0.6078978082012716
Berea,94,110.86807250976562,166.60179138183594,0.5852369338396716
Berea,95,135.72988891601562,190.61390686035156,0.531397012963355
Berea,96,23.148700714111328,43.26361846923828,0.8301742956448508
Berea,97,12.983500480651855,47.760929107666016,0.8339195034319953
Berea,98,12.444178581237793,48.059329986572266,0.8109623577789817
Berea,99,16.203205108642578,47.26630401611328,0.828620319820641
Berea,100,35.10805130004883,44.00126266479492,0.8864627325384803
Berea,101,43.1338005065918,48.36890411376953,0.9003804753152203
Berea,102,42.059165954589844,46.07573318481445,0.9367095136497039
Berea,103,42.714908599853516,49.980133056640625,0.8807956664834571
Berea,104,37.53700256347656,75.9382095336914,0.7522285597097415
Berea,105,40.40110778808594,80.21896362304688,0.7570079384384407
Berea,106,63.59153747558594,99.78289031982422,0.7381178919877368
Berea,107,42.34843063354492,84.36012268066406,0.7219425068256168
Berea,108,27.07790756225586,41.085628509521484,0.8649878871247975
Berea,109,21.186752319335938,37.96448516845703,0.8691293570566135
Berea,110,23.6824893951416,36.44172286987305,0.8704702727614094
Berea,111,32.110374450683594,49.25093078613281,0.8171026347574069
Berea,112,31.658472061157227,38.589900970458984,0.9382983675656948
Berea,113,32.66252136230469,38.71004867553711,0.9384097261316645
Berea,114,29.508197784423828,35.62958526611328,0.9513191355547936
Berea,115,33.10774612426758,37.99335479736328,0.948912130831715
Berea,116,9.55800724029541,47.77177810668945,0.8658805073048028
Berea,117,16.362272262573242,52.1233024597168,0.822204484237879
Berea,118,24.99204444885254,51.594329833984375,0.8205142045706463
Berea,119,28.716154098510742,46.16207504272461,0.862729258817558
Berea,120,26.055431365966797,43.27668380737305,0.8634947225070118
Berea,121,14.553269386291504,41.30634307861328,0.8680119519336065
Berea,122,22.5935115814209,42.203346252441406,0.8656636164181056
Berea,123,31.26450538635254,43.51811599731445,0.8907445972517076
Berea,124,20.048255920410156,46.955509185791016,0.9181501073603784
Berea,125,16.471830368041992,51.731563568115234,0.8818395012423277
Berea,126,18.59420394897461,47.83006286621094,0.900539481022869
Berea,127,15.53273868560791,51.88758850097656,0.8833977464068676
Berea,128,27.294519424438477,35.234432220458984,0.944491296656811
Berea,129,24.30480194091797,29.13290023803711,0.9635877949037355
Berea,130,25.664791107177734,29.78387451171875,0.9630714799726113
Berea,131,28.041109085083008,32.91358184814453,0.9654618944534265
Berea,132,6.093138217926025,21.163631439208984,0.9704347062292511
Berea,133,10.171073913574219,23.470584869384766,0.9639766588084308
Berea,134,20.229190826416016,30.71392250061035,0.967416678782408
Berea,135,8.833990097045898,20.064123153686523,0.9774493208372479
Berea,136,12.934142112731934,27.265056610107422,0.95168621148349
Berea,137,19.415618896484375,30.340839385986328,0.9394193882549727
Berea,138,19.94297981262207,29.10918426513672,0.9238219841562342
Berea,139,21.454198837280273,31.472366333007812,0.92596755373471
Berea,140,89.9702377319336,184.27780151367188,0.459470847249555
Berea,141,109.0148696899414,214.14503479003906,0.410572907051316
Berea,142,123.40020751953125,201.9215545654297,0.5528624403349457
Berea,143,126.76898193359375,222.8245849609375,0.487657794629949
Berea,144,64.79523468017578,67.74612426757812,0.8866286833384034
Berea,145,63.351959228515625,66.1631851196289,0.8930453682776449
Berea,146,61.44664764404297,64.40457916259766,0.866176594361362
Berea,147,65.11493682861328,68.47073364257812,0.8462563054121145
Berea,148,46.5161018371582,50.340728759765625,0.908969901510138
Berea,149,48.406280517578125,51.654666900634766,0.8914782687701199
Berea,150,47.18638229370117,49.099464416503906,0.8861953916485795
Berea,151,48.446109771728516,51.92985153198242,0.9239241039741756
Berea,152,35.75200271606445,41.15207290649414,0.9088347846163816
Berea,153,38.64260482788086,42.82725143432617,0.9090644922311253
Berea,154,31.34051513671875,38.75747299194336,0.8862326404256722
Berea,155,35.32942199707031,41.73616027832031,0.8784101864326703
Berea,156,68.24962615966797,139.01260375976562,0.5365147417153445
Berea,157,53.91635513305664,119.27483367919922,0.5886393497269985
Berea,158,69.33649444580078,128.0998077392578,0.6001812538855621
Berea,159,69.54633331298828,128.13523864746094,0.5945354803622214
Berea,160,159.06484985351562,150.46697998046875,0.6909541771438275
Berea,161,109.26785278320312,118.55913543701172,0.6806063731093323
Berea,162,88.3001480102539,99.94827270507812,0.6947020546513437
Berea,163,105.79963684082031,97.37654113769531,0.7159497783229976
Berea,164,32.903621673583984,67.2596206665039,0.762471950870169
Berea,165,41.95206069946289,78.05416870117188,0.7946817003377965
Berea,166,82.30259704589844,100.1815414428711,0.7975940256381422
Berea,167,61.58097457885742,96.08690643310547,0.7558748267767332
Berea,168,19.61084747314453,42.32801818847656,0.8409345591868431
Berea,169,25.358272552490234,45.24516296386719,0.8136102790895179
Berea,170,24.443714141845703,40.44442367553711,0.8588363446557408
Berea,171,22.71027183532715,41.117103576660156,0.8390218078778259
Berea,172,39.0946044921875,41.51903533935547,0.9116440205476476
Berea,173,37.31355285644531,42.201290130615234,0.8759531366841272
Berea,174,37.253074645996094,42.301727294921875,0.8786301582218351
Berea,175,35.03529357910156,43.487098693847656,0.8824192163423317
Berea,176,26.255599975585938,32.19818878173828,0.9438987658072671
Berea,177,26.52092742919922,38.321109771728516,0.9047338598277678
Berea,178,23.220928192138672,35.37998962402344,0.9074852067287339
Berea,179,23.895021438598633,37.074893951416016,0.9049411490738837
Berea,180,21.15378761291504,36.318843841552734,0.8770572501614649
Berea,181,23.214181900024414,36.47351837158203,0.8789402368032696
Berea,182,21.090898513793945,37.100433349609375,0.8452994159190949
Berea,183,23.589067459106445,37.00273132324219,0.8594452118416488
Berea,184,6.627439022064209,36.500938415527344,0.8943312250665484
Berea,185,2.7429683208465576,37.78232955932617,0.8783464168259082
Berea,186,9.314811706542969,32.00078582763672,0.908223850067011
Berea,187,19.17339515686035,36.75917434692383,0.8952632334275044
Berea,188,16.74249267578125,28.527496337890625,0.9520148217901261
Berea,189,13.098546028137207,28.83559799194336,0.9464385234860222
Berea,190,15.409256935119629,28.8634033203125,0.9403564278625994
Berea,191,7.453659534454346,27.656978607177734,0.9461516730380598
Berea,192,75.67228698730469,103.0582046508789,0.7334225683152676
Berea,193,62.840728759765625,86.03638458251953,0.763914506258307
Berea,194,91.35514831542969,113.48809051513672,0.7661296748314277
Berea,195,69.15843200683594,92.7766342163086,0.7098271347194393
Berea,196,35.4409065246582,43.24281692504883,0.9339683623293061
Berea,197,33.17835998535156,43.232887268066406,0.9107191566096476
Berea,198,36.039634704589844,43.4664421081543,0.9259112148037641
Berea,199,36.892799377441406,45.90341567993164,0.9076642486985567
Berea,200,25.577686309814453,56.339656829833984,0.7931440041547679
Berea,201,30.679201126098633,55.781551361083984,0.7956874713055127
Berea,202,36.233489990234375,57.284542083740234,0.8058511501138025
Berea,203,30.1633358001709,48.324562072753906,0.8495802135919767
Berea,204,17.91530418395996,32.807098388671875,0.8958652076839813
Berea,205,25.606943130493164,33.24252700805664,0.9048920277380992
Berea,206,21.6219425201416,30.07587432861328,0.9213256305447582
Berea,207,23.144338607788086,35.5048828125,0.9037254879330875
Berea,208,2.2853403091430664,58.9947509765625,0.6792285687968491
Berea,209,3.0139153003692627,56.86458206176758,0.6749376992163549
Berea,210,2.725722074508667,59.169410705566406,0.676205795270588
Berea,211,0.44313883781433105,57.278648376464844,0.7336521808441959
Berea,212,63.343807220458984,79.03238677978516,0.7884637153240419
Berea,213,78.9191665649414,93.99600219726562,0.7177038227403849
Berea,214,65.9778823852539,82.74974060058594,0.7457035781636698
Berea,215,74.83472442626953,92.46752166748047,0.7430274478445922
Berea,216,9.611075401306152,50.4635009765625,0.7546197662471279
Berea,217,4.0587358474731445,54.239078521728516,0.6873377329899525
Berea,218,13.095596313476562,51.32003402709961,0.6878627374269835
Berea,219,18.91608428955078,52.32765579223633,0.7284167829768778
Berea,220,20.27842903137207,51.87550735473633,0.7218744309489017
Berea,221,17.27328109741211,45.72141647338867,0.791958169437747
Berea,222,23.896629333496094,43.621551513671875,0.805649671013762
Berea,223,21.800058364868164,43.90802764892578,0.7974013388876849
