Dataset,Sample Index,Porosity,Tortuosity,Permeability,Q1 Local Thickness,Mean Local Thickness,Max Local Thickness,M. Volume,M. Surface Area,M. Mean Curvature,M. Euler Char
Spherical Pores,0,0.49859606481481483,1.4734153,403.8839111328125,5.265637581930931,7.44931801009067,10.891451493412363,855499.9999999999,30850.01569257111,696.0620851320208,-40.713823879695475
Spherical Pores,1,0.49859606481481483,1.4734147,403.8839111328125,5.265637581930931,7.449318010090672,10.891451493412363,855499.9999999999,30850.01569257111,696.062085132021,-40.713823879695475
Spherical Pores,2,0.49859606481481483,1.4734145,403.8838806152344,5.265637581930931,7.449318010090669,10.891451493412363,855499.9999999999,30850.01569257111,696.0620851320208,-40.713823879695475
Spherical Pores,3,0.49859606481481483,1.4734143,403.8839111328125,5.265637581930931,7.449318010090673,10.891451493412363,855499.9999999999,30850.015692571113,696.062085132021,-40.713823879695475
Spherical Pores,4,0.5079751157407407,1.4439422,403.5979309082031,5.265637581930931,7.617279509271822,10.891451493412363,873275.0,30845.074934783977,649.9856853861895,-49.89507465930919
Spherical Pores,5,0.5079751157407407,1.4439425,403.5979309082031,5.265637581930931,7.617279509271826,10.891451493412363,873275.0,30845.074934783977,649.9856853861894,-49.89507465930919
Spherical Pores,6,0.5079751157407407,1.4439428,403.5979309082031,5.265637581930931,7.617279509271822,10.891451493412363,873275.0,30845.074934783977,649.9856853861895,-49.89507465930919
Spherical Pores,7,0.5079751157407407,1.4439428,403.597900390625,5.265637581930931,7.61727950927183,10.891451493412363,873275.0,30845.07493478397,649.9856853861894,-49.89507465930919
Spherical Pores,8,0.5228871527777778,1.3559161,621.5762329101562,5.841732280409697,7.648875703799016,10.891451493412363,898597.9999999999,30653.759597722474,537.0893913429636,-61.90132567880405
Spherical Pores,9,0.5228871527777778,1.3559161,621.5762329101562,5.841732280409697,7.648875703799017,10.891451493412363,898597.9999999999,30653.759597722474,537.0893913429636,-61.90132567880405
Spherical Pores,10,0.5228871527777778,1.3559166,621.5762329101562,5.841732280409697,7.648875703799016,10.891451493412363,898597.9999999999,30653.75959772247,537.0893913429636,-61.90132567880405
Spherical Pores,11,0.5228871527777778,1.3559161,621.5762329101562,5.841732280409697,7.648875703799017,10.891451493412363,898597.9999999999,30653.759597722474,537.0893913429637,-61.90132567880405
Spherical Pores,12,0.5065914351851852,1.4544233,500.8560791015625,5.528774695602264,7.610714082282214,12.99999958354357,870655.0000000001,30789.054087888177,631.0459835637109,-45.727204587090185
Spherical Pores,13,0.5065914351851852,1.4544232,500.85614013671875,5.528774695602264,7.610714082282211,12.99999958354357,870655.0000000001,30789.054087888177,631.0459835637108,-45.727204587090185
Spherical Pores,14,0.5065914351851852,1.4544231,500.85614013671875,5.528774695602264,7.610714082282209,12.99999958354357,870655.0000000001,30789.05408788817,631.0459835637109,-45.727204587090185
Spherical Pores,15,0.5065914351851852,1.4544231,500.85614013671875,5.528774695602264,7.610714082282211,12.99999958354357,870655.0000000001,30789.054087888177,631.0459835637109,-45.727204587090185
Spherical Pores,16,0.4983315972222222,1.5520058,292.04742431640625,5.3484812343451775,7.590424022793609,12.36931685293693,856904.0,30618.157597144942,657.7732357039928,-38.80396456259273
Spherical Pores,17,0.4983315972222222,1.5520058,292.0474853515625,5.3484812343451775,7.590424022793604,12.36931685293693,856904.0,30618.157597144942,657.7732357039927,-38.80396456259273
Spherical Pores,18,0.4983315972222222,1.5520054,292.04742431640625,5.3484812343451775,7.590424022793608,12.36931685293693,856904.0,30618.157597144935,657.7732357039928,-38.80396456259273
Spherical Pores,19,0.4983315972222222,1.5520058,292.0474853515625,5.3484812343451775,7.590424022793606,12.36931685293693,856904.0,30618.157597144935,657.7732357039928,-38.80396456259273
Spherical Pores,20,0.525912037037037,1.341192,736.1956787109375,5.841732280409697,7.636099121620475,10.891451493412363,904169.0,31128.391600849234,539.4415182358799,-60.73750515744456
Spherical Pores,21,0.525912037037037,1.3411922,736.1956787109375,5.841732280409697,7.636099121620475,10.891451493412363,904169.0,31128.391600849234,539.4415182358799,-60.73750515744456
Spherical Pores,22,0.525912037037037,1.3411915,736.1956787109375,5.841732280409697,7.636099121620473,10.891451493412363,904169.0,31128.391600849238,539.4415182358797,-60.73750515744456
Spherical Pores,23,0.525912037037037,1.3411919,736.1956787109375,5.841732280409697,7.636099121620477,10.891451493412363,904169.0,31128.391600849234,539.4415182358799,-60.73750515744456
Spherical Pores,24,0.5182465277777778,1.4133605,570.7208251953125,5.841732280409697,7.829075511903727,10.891451493412363,890497.0000000001,30369.272084805834,599.5642095726568,-50.35264512069839
Spherical Pores,25,0.5182465277777778,1.4133606,570.7208251953125,5.841732280409697,7.829075511903725,10.891451493412363,890497.0000000001,30369.272084805834,599.5642095726568,-50.35264512069839
Spherical Pores,26,0.5182465277777778,1.4133605,570.7208251953125,5.841732280409697,7.82907551190373,10.891451493412363,890497.0000000001,30369.272084805834,599.5642095726568,-50.35264512069839
Spherical Pores,27,0.5182465277777778,1.4133601,570.7208251953125,5.841732280409697,7.829075511903723,10.891451493412363,890497.0000000001,30369.272084805827,599.5642095726566,-50.35264512069839
Spherical Pores,28,0.5196568287037037,1.4120034,577.218017578125,5.841732280409697,7.688880254499011,10.891451493412363,892269.0,30617.16730802122,584.0683799599854,-53.08812070509034
Spherical Pores,29,0.5196568287037037,1.4120032,577.218017578125,5.841732280409697,7.688880254499011,10.891451493412363,892269.0,30617.16730802122,584.0683799599852,-53.08812070509034
Spherical Pores,30,0.5196568287037037,1.4120033,577.2180786132812,5.841732280409697,7.688880254499012,10.891451493412363,892269.0,30617.167308021213,584.0683799599852,-53.08812070509034
Spherical Pores,31,0.5196568287037037,1.4120028,577.2180786132812,5.841732280409697,7.6888802544990105,10.891451493412363,892269.0,30617.16730802122,584.0683799599852,-53.08812070509034
Spherical Pores,32,0.504410300925926,1.4744669,361.1363220214844,5.265637581930931,7.542845335225472,10.891451493412363,866799.0000000001,31212.95099320326,697.361047766453,-46.363824359457766
Spherical Pores,33,0.504410300925926,1.4744672,361.1363220214844,5.265637581930931,7.542845335225469,10.891451493412363,866799.0000000001,31212.950993203267,697.361047766453,-46.363824359457766
Spherical Pores,34,0.504410300925926,1.4744668,361.1363220214844,5.265637581930931,7.542845335225473,10.891451493412363,866799.0000000001,31212.950993203267,697.3610477664528,-46.363824359457766
Spherical Pores,35,0.504410300925926,1.4744673,361.1363220214844,5.265637581930931,7.54284533522547,10.891451493412363,866799.0000000001,31212.950993203267,697.361047766453,-46.363824359457766
Spherical Pores,36,0.526933449074074,1.4748404,381.5394287109375,5.841732280409697,7.73793667939125,10.891451493412363,905299.0,30808.18494394907,541.5684091930829,-61.354230561925654
Spherical Pores,37,0.526933449074074,1.4748402,381.5394287109375,5.841732280409697,7.737936679391253,10.891451493412363,905299.0,30808.18494394906,541.5684091930827,-61.354230561925654
Spherical Pores,38,0.526933449074074,1.4748405,381.5393981933594,5.841732280409697,7.737936679391248,10.891451493412363,905299.0,30808.18494394907,541.5684091930827,-61.354230561925654
Spherical Pores,39,0.526933449074074,1.4748402,381.5393981933594,5.841732280409697,7.737936679391249,10.891451493412363,905299.0,30808.18494394906,541.5684091930829,-61.354230561925654
Spherical Pores,40,0.5038784722222223,1.2861187,1327.2215576171875,6.851333642654918,9.268555462077153,13.513086916487314,865894.0,24153.046375397418,423.85833198050625,-21.147713063335594
Spherical Pores,41,0.5038784722222223,1.2861192,1327.2218017578125,6.851333642654918,9.268555462077162,13.513086916487314,865894.0,24153.046375397418,423.85833198050625,-21.147713063335594
Spherical Pores,42,0.5038784722222223,1.2861192,1327.2215576171875,6.851333642654918,9.268555462077162,13.513086916487314,865894.0,24153.046375397418,423.85833198050614,-21.147713063335594
Spherical Pores,43,0.5038784722222223,1.2861192,1327.2215576171875,6.851333642654918,9.268555462077158,13.513086916487314,865894.0,24153.046375397418,423.85833198050625,-21.147713063335594
Spherical Pores,44,0.5126070601851852,1.3612478,759.0399169921875,6.851333642654918,9.183878920748056,13.513086916487314,880433.0000000001,25385.59493153216,454.62633446818853,-19.90431507043016
Spherical Pores,45,0.5126070601851852,1.361248,759.0399169921875,6.851333642654918,9.183878920748056,13.513086916487314,880433.0000000001,25385.594931532167,454.6263344681886,-19.90431507043016
Spherical Pores,46,0.5126070601851852,1.3612479,759.0399169921875,6.851333642654918,9.183878920748056,13.513086916487314,880433.0000000001,25385.59493153216,454.62633446818853,-19.90431507043016
Spherical Pores,47,0.5126070601851852,1.3612478,759.0399169921875,6.851333642654918,9.183878920748056,13.513086916487314,880433.0000000001,25385.594931532167,454.6263344681887,-19.90431507043016
Spherical Pores,48,0.5241990740740741,1.2704777,1216.6568603515625,6.840722324373577,9.314403056214738,13.484778931738408,901824.9999999999,24603.784534672475,319.78841441715144,-28.64788975654116
Spherical Pores,49,0.5241990740740741,1.2704774,1216.65673828125,6.840722324373577,9.314403056214738,13.484778931738408,901824.9999999999,24603.784534672475,319.7884144171515,-28.64788975654116
Spherical Pores,50,0.5241990740740741,1.2704779,1216.65673828125,6.840722324373577,9.314403056214736,13.484778931738408,901824.9999999999,24603.784534672475,319.7884144171515,-28.64788975654116
Spherical Pores,51,0.5241990740740741,1.2704777,1216.65673828125,6.840722324373577,9.314403056214738,13.484778931738408,901824.9999999999,24603.784534672475,319.7884144171515,-28.64788975654116
Spherical Pores,52,0.48474826388888886,1.511371,696.5316162109375,6.851333642654918,9.279905601273947,13.513086916487314,832906.0,24514.671031878745,467.349318031958,-22.241903297092374
Spherical Pores,53,0.48474826388888886,1.5113714,696.5316162109375,6.851333642654918,9.279905601273944,13.513086916487314,832906.0,24514.671031878745,467.34931803195803,-22.241903297092374
Spherical Pores,54,0.48474826388888886,1.5113709,696.5316162109375,6.851333642654918,9.27990560127395,13.513086916487314,832906.0,24514.671031878745,467.34931803195803,-22.241903297092374
Spherical Pores,55,0.48474826388888886,1.511371,696.5316162109375,6.851333642654918,9.279905601273947,13.513086916487314,832906.0,24514.671031878745,467.34931803195803,-22.241903297092374
Spherical Pores,56,0.503193287037037,1.3698941,450.4635314941406,6.840722324373577,9.207083917123628,13.484778931738408,864986.0,25269.943786920056,483.41020139400615,-19.287589665949067
Spherical Pores,57,0.503193287037037,1.3698943,450.4635314941406,6.840722324373577,9.207083917123633,13.484778931738408,864986.0,25269.943786920056,483.41020139400626,-19.287589665949067
Spherical Pores,58,0.503193287037037,1.3698941,450.4635314941406,6.840722324373577,9.20708391712363,13.484778931738408,864986.0,25269.943786920056,483.41020139400615,-19.287589665949067
Spherical Pores,59,0.503193287037037,1.3698946,450.4635314941406,6.840722324373577,9.207083917123631,13.484778931738408,864986.0,25269.943786920056,483.41020139400615,-19.287589665949067
Spherical Pores,60,0.5422210648148148,1.3470414,1554.4462890625,6.861913391182514,9.475241485172257,15.16574876705335,931415.0,25503.116528413768,380.75374578472145,-27.653171362216817
Spherical Pores,61,0.5422210648148148,1.3470414,1554.4459228515625,6.861913391182514,9.475241485172258,15.16574876705335,931415.0,25503.116528413768,380.75374578472145,-27.653171362216817
Spherical Pores,62,0.5422210648148148,1.3470412,1554.4462890625,6.861913391182514,9.475241485172258,15.16574876705335,931415.0,25503.116528413768,380.75374578472145,-27.653171362216817
Spherical Pores,63,0.5422210648148148,1.3470412,1554.4462890625,6.861913391182514,9.475241485172253,15.16574876705335,931415.0,25503.116528413768,380.75374578472145,-27.653171362216817
Spherical Pores,64,0.5086817129629629,1.3555496,1166.0582275390625,6.840722324373577,9.158120558531952,13.484778931738408,874055.0,25155.615536617654,450.8331655969951,-24.80827675444919
Spherical Pores,65,0.5086817129629629,1.3555496,1166.0582275390625,6.840722324373577,9.158120558531952,13.484778931738408,874055.0,25155.615536617646,450.8331655969953,-24.80827675444919
Spherical Pores,66,0.5086817129629629,1.3555491,1166.0582275390625,6.840722324373577,9.158120558531959,13.484778931738408,874055.0,25155.61553661765,450.8331655969952,-24.80827675444919
Spherical Pores,67,0.5086817129629629,1.3555493,1166.0584716796875,6.840722324373577,9.158120558531957,13.484778931738408,874055.0,25155.61553661765,450.8331655969953,-24.80827675444919
Spherical Pores,68,0.5130590277777778,1.2999172,764.9274291992188,6.840722324373577,9.089610869836205,13.484778931738408,880430.0,25530.033654611725,422.77606509151684,-26.927026934360043
Spherical Pores,69,0.5130590277777778,1.2999169,764.9274291992188,6.840722324373577,9.089610869836205,13.484778931738408,880430.0,25530.033654611718,422.77606509151684,-26.927026934360043
Spherical Pores,70,0.5130590277777778,1.2999171,764.927490234375,6.840722324373577,9.089610869836207,13.484778931738408,880430.0,25530.033654611718,422.77606509151695,-26.927026934360043
Spherical Pores,71,0.5130590277777778,1.2999163,764.927490234375,6.840722324373577,9.089610869836205,13.484778931738408,880430.0,25530.033654611725,422.77606509151684,-26.927026934360043
Spherical Pores,72,0.5050891203703703,1.4076201,853.4376220703125,6.840722324373577,9.098202421804311,13.484778931738408,868480.0,25037.57244139957,403.8630510013792,-26.77781917521139
Spherical Pores,73,0.5050891203703703,1.4076207,853.4376220703125,6.840722324373577,9.09820242180431,13.484778931738408,868480.0,25037.57244139957,403.8630510013791,-26.77781917521139
Spherical Pores,74,0.5050891203703703,1.4076204,853.4376220703125,6.840722324373577,9.098202421804306,13.484778931738408,868480.0,25037.572441399578,403.8630510013791,-26.77781917521139
Spherical Pores,75,0.5050891203703703,1.4076203,853.4376220703125,6.840722324373577,9.098202421804308,13.484778931738408,868480.0,25037.57244139957,403.8630510013791,-26.77781917521139
Spherical Pores,76,0.553791087962963,1.2673819,1717.5826416015625,6.840722324373577,9.63480038119653,13.484778931738408,952206.0,24819.705210584216,286.9761377265216,-27.86206222502493
Spherical Pores,77,0.553791087962963,1.2673819,1717.582763671875,6.840722324373577,9.634800381196538,13.484778931738408,952206.0,24819.705210584216,286.9761377265216,-27.86206222502493
Spherical Pores,78,0.553791087962963,1.2673829,1717.5826416015625,6.840722324373577,9.634800381196534,13.484778931738408,952206.0,24819.705210584216,286.97613772652164,-27.86206222502493
Spherical Pores,79,0.553791087962963,1.2673826,1717.5826416015625,6.840722324373577,9.634800381196532,13.484778931738408,952206.0,24819.705210584216,286.9761377265216,-27.86206222502493
Spherical Pores,80,0.5049293981481482,1.3505387,1404.0252685546875,7.781058421842727,10.989407551273429,18.110771637517,868157.0000000001,21118.63050960673,316.7122694161253,-15.98512459679224
Spherical Pores,81,0.5049293981481482,1.3505378,1404.0252685546875,7.781058421842727,10.989407551273434,18.110771637517,868157.0000000001,21118.63050960673,316.7122694161253,-15.98512459679224
Spherical Pores,82,0.5049293981481482,1.3505383,1404.0252685546875,7.781058421842727,10.989407551273434,18.110771637517,868157.0000000001,21118.63050960673,316.7122694161253,-15.98512459679224
Spherical Pores,83,0.5049293981481482,1.3505384,1404.0252685546875,7.781058421842727,10.98940755127343,18.110771637517,868157.0000000001,21118.63050960673,316.7122694161253,-15.98512459679224
Spherical Pores,84,0.5254427083333333,1.2989774,1549.606201171875,8.779154982072178,11.24100481126697,18.110771637517,902586.0,22062.076604887337,310.6268250641145,-22.490582895673462
Spherical Pores,85,0.5254427083333333,1.2989779,1549.606201171875,8.779154982072178,11.241004811266963,18.110771637517,902586.0,22062.076604887337,310.62682506411454,-22.490582895673462
Spherical Pores,86,0.5254427083333333,1.298978,1549.606201171875,8.779154982072178,11.241004811266972,18.110771637517,902586.0,22062.076604887337,310.62682506411454,-22.490582895673462
Spherical Pores,87,0.5254427083333333,1.2989775,1549.606201171875,8.779154982072178,11.241004811266963,18.110771637517,902586.0,22062.076604887337,310.62682506411454,-22.490582895673462
Spherical Pores,88,0.5415260416666666,1.264888,2260.0048828125,7.781058421842727,11.13545893281862,18.110771637517,931562.0,21932.55953893675,209.67304408980175,-25.206164112178925
Spherical Pores,89,0.5415260416666666,1.2648883,2260.004150390625,7.781058421842727,11.135458932818617,18.110771637517,931562.0,21932.55953893675,209.6730440898018,-25.206164112178925
Spherical Pores,90,0.5415260416666666,1.2648877,2260.004150390625,7.781058421842727,11.13545893281862,18.110771637517,931562.0,21932.559538936748,209.67304408980175,-25.206164112178925
Spherical Pores,91,0.5415260416666666,1.264888,2260.0048828125,7.781058421842727,11.135458932818624,18.110771637517,931562.0,21932.559538936755,209.6730440898018,-25.206164112178925
Spherical Pores,92,0.4903917824074074,1.7404081,759.3169555664062,7.781058421842727,10.728803609292697,18.110771637517,844454.0,21584.605241520505,389.2763631705732,-10.35501848491644
Spherical Pores,93,0.4903917824074074,1.7404083,759.31689453125,7.781058421842727,10.728803609292704,18.110771637517,844454.0,21584.605241520505,389.2763631705732,-10.35501848491644
Spherical Pores,94,0.4903917824074074,1.7404082,759.3169555664062,7.781058421842727,10.728803609292699,18.110771637517,844454.0,21584.605241520505,389.2763631705731,-10.35501848491644
Spherical Pores,95,0.4903917824074074,1.7404077,759.3169555664062,7.781058421842727,10.728803609292697,18.110771637517,844454.0,21584.605241520505,389.2763631705731,-10.35501848491644
Spherical Pores,96,0.4645630787037037,1.5586857,567.1582641601562,7.781058421842727,11.274573864969737,18.110771637517,798230.0,20196.691980703203,354.0125445565395,-11.946567915835395
Spherical Pores,97,0.4645630787037037,1.558686,567.1582641601562,7.781058421842727,11.274573864969737,18.110771637517,798230.0,20196.691980703203,354.0125445565394,-11.946567915835395
Spherical Pores,98,0.4645630787037037,1.5586858,567.1582641601562,7.781058421842727,11.274573864969735,18.110771637517,798230.0,20196.6919807032,354.0125445565395,-11.946567915835395
Spherical Pores,99,0.4645630787037037,1.558686,567.1582641601562,7.781058421842727,11.274573864969742,18.110771637517,798230.0,20196.6919807032,354.0125445565394,-11.946567915835395
Spherical Pores,100,0.511964699074074,1.2529727,1661.4384765625,7.781058421842727,11.126625923433393,18.110771637517,880211.0,21671.60683898239,347.10173616147074,-10.35501848491644
Spherical Pores,101,0.511964699074074,1.2529727,1661.4384765625,7.781058421842727,11.126625923433396,18.110771637517,880211.0,21671.60683898239,347.1017361614706,-10.35501848491644
Spherical Pores,102,0.511964699074074,1.252972,1661.4384765625,7.781058421842727,11.126625923433394,18.110771637517,880211.0,21671.60683898239,347.10173616147074,-10.35501848491644
Spherical Pores,103,0.511964699074074,1.2529722,1661.4385986328125,7.781058421842727,11.126625923433396,18.110771637517,880211.0,21671.60683898239,347.1017361614706,-10.35501848491644
Spherical Pores,104,0.57128125,1.2514021,3393.6259765625,8.779154982072178,11.759478094394302,18.110771637517,982025.9999999999,21669.05157928714,254.19752719286868,-14.304050510384092
Spherical Pores,105,0.57128125,1.2514019,3393.626220703125,8.779154982072178,11.75947809439431,18.110771637517,982025.9999999999,21669.05157928714,254.19752719286873,-14.304050510384092
Spherical Pores,106,0.57128125,1.2514019,3393.6259765625,8.779154982072178,11.75947809439431,18.110771637517,982025.9999999999,21669.051579287145,254.19752719286873,-14.304050510384092
Spherical Pores,107,0.57128125,1.2514019,3393.6259765625,8.779154982072178,11.759478094394304,18.110771637517,982025.9999999999,21669.051579287145,254.19752719286873,-14.304050510384092
Spherical Pores,108,0.5042771990740741,1.4221345,1086.04443359375,7.781058421842727,11.16971048605104,18.110771637517,867605.0000000001,21679.869479619603,357.81568447271246,-15.75633936609764
Spherical Pores,109,0.5042771990740741,1.4221342,1086.0443115234375,7.781058421842727,11.169710486051045,18.110771637517,867605.0000000001,21679.8694796196,357.81568447271246,-15.75633936609764
Spherical Pores,110,0.5042771990740741,1.4221346,1086.04443359375,7.781058421842727,11.169710486051038,18.110771637517,867605.0000000001,21679.869479619603,357.81568447271246,-15.75633936609764
Spherical Pores,111,0.5042771990740741,1.4221344,1086.04443359375,7.781058421842727,11.169710486051034,18.110771637517,867605.0000000001,21679.8694796196,357.81568447271246,-15.75633936609764
Spherical Pores,112,0.5176319444444445,1.4404376,464.5100402832031,7.781058421842727,10.910761342455597,18.110771637517,887775.0000000001,22427.997130951575,334.48750346063343,-18.392343111057155
Spherical Pores,113,0.5176319444444445,1.4404383,464.5100402832031,7.781058421842727,10.910761342455599,18.110771637517,887775.0000000001,22427.997130951575,334.48750346063343,-18.392343111057155
Spherical Pores,114,0.5176319444444445,1.4404376,464.510009765625,7.781058421842727,10.910761342455597,18.110771637517,887775.0000000001,22427.99713095157,334.48750346063343,-18.392343111057155
Spherical Pores,115,0.5176319444444445,1.4404374,464.5100402832031,7.781058421842727,10.910761342455597,18.110771637517,887775.0000000001,22427.99713095157,334.48750346063343,-18.392343111057155
Spherical Pores,116,0.5364565972222223,1.2732979,1961.660888671875,8.779154982072178,11.620044371787865,18.110771637517,923522.0,21047.013080088065,254.4549441873217,-16.79084649619496
Spherical Pores,117,0.5364565972222223,1.2732985,1961.66064453125,8.779154982072178,11.620044371787863,18.110771637517,923522.0,21047.01308008806,254.4549441873217,-16.79084649619496
Spherical Pores,118,0.5364565972222223,1.2732979,1961.660888671875,8.779154982072178,11.620044371787861,18.110771637517,923522.0,21047.013080088065,254.4549441873217,-16.79084649619496
Spherical Pores,119,0.5364565972222223,1.2732984,1961.6605224609375,8.779154982072178,11.620044371787861,18.110771637517,923522.0,21047.01308008806,254.45494418732164,-16.79084649619496
Spherical Pores,120,0.5150185185185185,1.2529348,2752.38623046875,9.457416810670427,12.174516320429179,17.653078595683088,886287.0000000001,19293.949424897004,261.607386290046,-8.325792960494775
Spherical Pores,121,0.5150185185185185,1.2529346,2752.38623046875,9.457416810670427,12.174516320429174,17.653078595683088,886287.0000000001,19293.949424897004,261.607386290046,-8.325792960494775
Spherical Pores,122,0.5150185185185185,1.252935,2752.38623046875,9.457416810670427,12.174516320429175,17.653078595683088,886287.0000000001,19293.949424897004,261.607386290046,-8.325792960494775
Spherical Pores,123,0.5150185185185185,1.252935,2752.38623046875,9.457416810670427,12.174516320429172,17.653078595683088,886287.0000000001,19293.949424897004,261.60738629004607,-8.325792960494775
Spherical Pores,124,0.5239438657407407,1.3054639,1883.9906005859375,9.876258036705888,12.999538798014749,18.658129485507295,900244.0000000001,18245.95850210628,222.65439999985296,-8.62420847879208
Spherical Pores,125,0.5239438657407407,1.3054637,1883.9906005859375,9.876258036705888,12.999538798014752,18.658129485507295,900244.0000000001,18245.958502106285,222.654399999853,-8.62420847879208
Spherical Pores,126,0.5239438657407407,1.3054637,1883.9906005859375,9.876258036705888,12.999538798014752,18.658129485507295,900244.0000000001,18245.95850210628,222.65439999985296,-8.62420847879208
Spherical Pores,127,0.5239438657407407,1.3054637,1883.9906005859375,9.876258036705888,12.999538798014752,18.658129485507295,900244.0000000001,18245.95850210628,222.654399999853,-8.62420847879208
Spherical Pores,128,0.5166724537037037,1.2965033,2201.57568359375,9.876258036705888,12.881467322062424,18.658129485507295,886824.0,18357.67365097021,237.4839567072622,-10.116286070278598
Spherical Pores,129,0.5166724537037037,1.296503,2201.57568359375,9.876258036705888,12.881467322062425,18.658129485507295,886824.0,18357.67365097021,237.4839567072622,-10.116286070278598
Spherical Pores,130,0.5166724537037037,1.296503,2201.575439453125,9.876258036705888,12.881467322062417,18.658129485507295,886824.0,18357.67365097021,237.4839567072622,-10.116286070278598
Spherical Pores,131,0.5166724537037037,1.2965034,2201.57568359375,9.876258036705888,12.881467322062418,18.658129485507295,886824.0,18357.67365097021,237.4839567072622,-10.116286070278598
Spherical Pores,132,0.49774247685185186,1.4497497,788.66162109375,9.876258036705888,12.759995710695001,18.658129485507295,854592.0,18340.59997197106,275.99749639129357,-4.595598981778478
Spherical Pores,133,0.49774247685185186,1.4497501,788.66162109375,9.876258036705888,12.759995710695014,18.658129485507295,854592.0,18340.59997197106,275.99749639129357,-4.595598981778478
Spherical Pores,134,0.49774247685185186,1.4497504,788.66162109375,9.876258036705888,12.759995710695005,18.658129485507295,854592.0,18340.59997197106,275.99749639129357,-4.595598981778478
Spherical Pores,135,0.49774247685185186,1.4497505,788.66162109375,9.876258036705888,12.759995710695005,18.658129485507295,854592.0,18340.59997197106,275.99749639129357,-4.595598981778478
Spherical Pores,136,0.5444467592592592,1.3682777,2141.81298828125,9.876258036705888,13.079479952588736,18.658129485507295,935825.0,18801.318438831164,210.4474831840008,-14.393575165873285
Spherical Pores,137,0.5444467592592592,1.3682772,2141.81298828125,9.876258036705888,13.079479952588741,18.658129485507295,935825.0,18801.318438831164,210.4474831840008,-14.393575165873285
Spherical Pores,138,0.5444467592592592,1.3682773,2141.813232421875,9.876258036705888,13.079479952588734,18.658129485507295,935825.0,18801.318438831164,210.44748318400073,-14.393575165873285
Spherical Pores,139,0.5444467592592592,1.368278,2141.813232421875,9.876258036705888,13.079479952588734,18.658129485507295,935825.0,18801.318438831164,210.44748318400073,-14.393575165873285
Spherical Pores,140,0.5248998842592593,1.2688838,2005.706787109375,8.818264205771918,12.910607396445839,19.012872356165737,902471.0000000001,18528.894228447476,238.2482827360926,-9.00220146863533
Spherical Pores,141,0.5248998842592593,1.2688835,2005.70654296875,8.818264205771918,12.910607396445828,19.012872356165737,902471.0000000001,18528.894228447476,238.24828273609265,-9.00220146863533
Spherical Pores,142,0.5248998842592593,1.2688833,2005.70654296875,8.818264205771918,12.910607396445828,19.012872356165737,902471.0000000001,18528.89422844748,238.2482827360926,-9.00220146863533
Spherical Pores,143,0.5248998842592593,1.2688838,2005.70654296875,8.818264205771918,12.910607396445831,19.012872356165737,902471.0000000001,18528.89422844748,238.2482827360926,-9.00220146863533
Spherical Pores,144,0.49546990740740743,1.3747027,650.1175537109375,9.876258036705888,12.481746246443343,18.658129485507295,853546.0,18938.3860269552,303.89102551871736,-4.983539155564973
Spherical Pores,145,0.49546990740740743,1.3747032,650.1175537109375,9.876258036705888,12.481746246443338,18.658129485507295,853546.0,18938.3860269552,303.8910255187174,-4.983539155564973
Spherical Pores,146,0.49546990740740743,1.3747026,650.1175537109375,9.876258036705888,12.48174624644335,18.658129485507295,853546.0,18938.3860269552,303.8910255187174,-4.983539155564973
Spherical Pores,147,0.49546990740740743,1.3747028,650.1175537109375,9.876258036705888,12.481746246443345,18.658129485507295,853546.0,18938.386026955195,303.8910255187174,-4.983539155564973
Spherical Pores,148,0.4861869212962963,1.3573983,1123.8558349609375,9.876258036705888,12.330290761478796,18.658129485507295,835018.0,18858.858234735486,326.8416405216901,-6.4855639309947355
Spherical Pores,149,0.4861869212962963,1.3573986,1123.85595703125,9.876258036705888,12.330290761478798,18.658129485507295,835018.0,18858.85823473549,326.8416405216901,-6.4855639309947355
Spherical Pores,150,0.4861869212962963,1.3573982,1123.85595703125,9.876258036705888,12.330290761478796,18.658129485507295,835018.0,18858.858234735486,326.8416405216902,-6.4855639309947355
Spherical Pores,151,0.4861869212962963,1.3573987,1123.85595703125,9.876258036705888,12.330290761478796,18.658129485507295,835018.0,18858.85823473549,326.8416405216901,-6.4855639309947355
Spherical Pores,152,0.5334421296296297,1.2661697,1099.3270263671875,9.876258036705888,12.666522161398948,18.658129485507295,915307.0,19272.512452133727,250.71587765072346,-10.026761414789407
Spherical Pores,153,0.5334421296296297,1.2661699,1099.326904296875,9.876258036705888,12.666522161398943,18.658129485507295,915307.0,19272.512452133727,250.7158776507234,-10.026761414789407
Spherical Pores,154,0.5334421296296297,1.2661697,1099.326904296875,9.876258036705888,12.666522161398941,18.658129485507295,915307.0,19272.512452133727,250.7158776507234,-10.026761414789407
Spherical Pores,155,0.5334421296296297,1.2661699,1099.326904296875,9.876258036705888,12.666522161398941,18.658129485507295,915307.0,19272.512452133727,250.7158776507234,-10.026761414789407
Spherical Pores,156,0.49057118055555554,1.5067247,1355.80712890625,8.696355665352232,11.951668007128635,18.658129485507295,843400.0,18797.707876120658,292.8922335880709,-5.441109616954172
Spherical Pores,157,0.49057118055555554,1.5067242,1355.80712890625,8.696355665352232,11.951668007128633,18.658129485507295,843400.0,18797.70787612066,292.8922335880709,-5.441109616954172
Spherical Pores,158,0.49057118055555554,1.5067246,1355.80712890625,8.696355665352232,11.951668007128639,18.658129485507295,843400.0,18797.70787612066,292.892233588071,-5.441109616954172
Spherical Pores,159,0.49057118055555554,1.5067248,1355.8070068359375,8.696355665352232,11.951668007128637,18.658129485507295,843400.0,18797.70787612066,292.892233588071,-5.441109616954172
Spherical Pores,160,0.5967841435185185,1.3359082,1045.872314453125,6.480855452924391,7.849446367688277,10.891451493412363,1025211.9999999999,31469.020936354867,282.571357821937,-81.3679646557315
Spherical Pores,161,0.5967841435185185,1.3359075,1045.872314453125,6.480855452924391,7.849446367688279,10.891451493412363,1025211.9999999999,31469.020936354867,282.571357821937,-81.3679646557315
Spherical Pores,162,0.5967841435185185,1.3359087,1045.872314453125,6.480855452924391,7.849446367688277,10.891451493412363,1025211.9999999999,31469.020936354867,282.571357821937,-81.3679646557315
Spherical Pores,163,0.5967841435185185,1.335908,1045.8724365234375,6.480855452924391,7.849446367688282,10.891451493412363,1025211.9999999999,31469.020936354867,282.57135782193694,-81.3679646557315
Spherical Pores,164,0.6080167824074074,1.2832155,1386.869384765625,5.841732280409697,7.813233270873012,10.891451493412363,1045370.0,31960.133141667655,201.55460825353111,-90.48953233168575
Spherical Pores,165,0.6080167824074074,1.283215,1386.8692626953125,5.841732280409697,7.813233270873014,10.891451493412363,1045370.0,31960.133141667655,201.55460825353111,-90.48953233168575
Spherical Pores,166,0.6080167824074074,1.283215,1386.869384765625,5.841732280409697,7.813233270873013,10.891451493412363,1045370.0,31960.133141667655,201.55460825353106,-90.48953233168575
Spherical Pores,167,0.6080167824074074,1.283215,1386.869384765625,5.841732280409697,7.813233270873011,10.891451493412363,1045370.0,31960.133141667648,201.55460825353114,-90.48953233168575
Spherical Pores,168,0.6206203703703703,1.287481,1623.1292724609375,5.841732280409697,7.7393702460974865,10.891451493412363,1066271.0,32291.284228734345,162.68543444423605,-99.59120563975351
Spherical Pores,169,0.6206203703703703,1.2874812,1623.1292724609375,5.841732280409697,7.739370246097487,10.891451493412363,1066271.0,32291.28422873435,162.68543444423605,-99.59120563975351
Spherical Pores,170,0.6206203703703703,1.2874807,1623.129150390625,5.841732280409697,7.739370246097487,10.891451493412363,1066271.0,32291.28422873435,162.68543444423605,-99.59120563975351
Spherical Pores,171,0.6206203703703703,1.2874812,1623.129150390625,5.841732280409697,7.739370246097485,10.891451493412363,1066271.0,32291.28422873435,162.68543444423605,-99.59120563975351
Spherical Pores,172,0.6058541666666667,1.2664869,1518.1904296875,5.841732280409697,7.721702288229896,10.891451493412363,1040485.9999999999,32168.658231805726,222.72744258235858,-91.37483170263441
Spherical Pores,173,0.6058541666666667,1.2664868,1518.1905517578125,5.841732280409697,7.721702288229896,10.891451493412363,1040485.9999999999,32168.658231805726,222.72744258235858,-91.37483170263441
Spherical Pores,174,0.6058541666666667,1.2664865,1518.190673828125,5.841732280409697,7.721702288229897,10.891451493412363,1040485.9999999999,32168.658231805726,222.72744258235858,-91.37483170263441
Spherical Pores,175,0.6058541666666667,1.2664868,1518.190673828125,5.841732280409697,7.721702288229896,10.891451493412363,1040485.9999999999,32168.658231805726,222.72744258235858,-91.37483170263441
Spherical Pores,176,0.6044427083333334,1.2580286,1510.7847900390625,5.841732280409697,7.88240679313194,10.891451493412363,1037066.9999999999,31025.627274944658,208.64306067996384,-73.41021750113673
Spherical Pores,177,0.6044427083333334,1.2580287,1510.7847900390625,5.841732280409697,7.882406793131938,10.891451493412363,1037066.9999999999,31025.627274944658,208.64306067996387,-73.41021750113673
Spherical Pores,178,0.6044427083333334,1.258029,1510.7847900390625,5.841732280409697,7.8824067931319375,10.891451493412363,1037066.9999999999,31025.627274944658,208.64306067996387,-73.41021750113673
Spherical Pores,179,0.6044427083333334,1.2580286,1510.78466796875,5.841732280409697,7.882406793131939,10.891451493412363,1037066.9999999999,31025.627274944658,208.64306067996387,-73.41021750113673
Spherical Pores,180,0.609181712962963,1.2637416,1421.2978515625,5.883965920901308,7.854168125516923,10.998119557438786,1046461.0000000001,31854.707334998253,207.61299696375207,-89.13671531540464
Spherical Pores,181,0.609181712962963,1.2637413,1421.2978515625,5.883965920901308,7.854168125516919,10.998119557438786,1046461.0000000001,31854.707334998253,207.61299696375198,-89.13671531540464
Spherical Pores,182,0.609181712962963,1.2637413,1421.2978515625,5.883965920901308,7.854168125516917,10.998119557438786,1046461.0000000001,31854.707334998253,207.61299696375198,-89.13671531540464
Spherical Pores,183,0.609181712962963,1.263741,1421.2978515625,5.883965920901308,7.854168125516923,10.998119557438786,1046461.0000000001,31854.707334998246,207.61299696375207,-89.13671531540464
Spherical Pores,184,0.6155231481481481,1.2667631,1438.269775390625,6.480855452924391,7.970143508502956,10.891451493412363,1057232.0,31315.736018618412,166.1445519479006,-85.8342502462478
Spherical Pores,185,0.6155231481481481,1.2667626,1438.269775390625,6.480855452924391,7.970143508502955,10.891451493412363,1057232.0,31315.73601861842,166.1445519479006,-85.8342502462478
Spherical Pores,186,0.6155231481481481,1.2667624,1438.269775390625,6.480855452924391,7.970143508502958,10.891451493412363,1057232.0,31315.736018618412,166.1445519479006,-85.8342502462478
Spherical Pores,187,0.6155231481481481,1.266762,1438.269775390625,6.480855452924391,7.970143508502955,10.891451493412363,1057232.0,31315.736018618412,166.1445519479006,-85.8342502462478
Spherical Pores,188,0.6058194444444445,1.3372645,1019.9804077148438,6.514006648047382,7.939571731175032,10.962690196374155,1042299.0,31689.392357278553,243.85995697051905,-87.44569404505324
Spherical Pores,189,0.6058194444444445,1.3372649,1019.9804077148438,6.514006648047382,7.939571731175029,10.962690196374155,1042299.0,31689.392357278553,243.85995697051905,-87.44569404505324
Spherical Pores,190,0.6058194444444445,1.3372648,1019.9804077148438,6.514006648047382,7.939571731175027,10.962690196374155,1042299.0,31689.392357278546,243.85995697051905,-87.44569404505324
Spherical Pores,191,0.6058194444444445,1.3372642,1019.9804077148438,6.514006648047382,7.939571731175028,10.962690196374155,1042299.0,31689.392357278546,243.85995697051905,-87.44569404505324
Spherical Pores,192,0.5939953703703704,1.3058579,1237.7652587890625,5.841732280409697,7.795031098043565,10.891451493412363,1020479.0,31707.399270640854,272.290836609098,-81.88521822078016
Spherical Pores,193,0.5939953703703704,1.3058573,1237.7650146484375,5.841732280409697,7.795031098043564,10.891451493412363,1020479.0,31707.399270640854,272.29083660909805,-81.88521822078016
Spherical Pores,194,0.5939953703703704,1.3058577,1237.7650146484375,5.841732280409697,7.795031098043566,10.891451493412363,1020479.0,31707.399270640854,272.29083660909805,-81.88521822078016
Spherical Pores,195,0.5939953703703704,1.3058572,1237.7652587890625,5.841732280409697,7.795031098043564,10.891451493412363,1020479.0,31707.399270640854,272.29083660909805,-81.88521822078016
Spherical Pores,196,0.5979525462962964,1.3299611,1265.5120849609375,5.841732280409697,7.840815138033713,10.891451493412363,1025807.0000000001,31824.891547802265,284.3152098758375,-75.22060497880703
Spherical Pores,197,0.5979525462962964,1.3299603,1265.5120849609375,5.841732280409697,7.8408151380337054,10.891451493412363,1025807.0000000001,31824.891547802257,284.3152098758376,-75.22060497880703
Spherical Pores,198,0.5979525462962964,1.3299598,1265.5120849609375,5.841732280409697,7.840815138033709,10.891451493412363,1025807.0000000001,31824.891547802265,284.3152098758375,-75.22060497880703
Spherical Pores,199,0.5979525462962964,1.3299606,1265.5120849609375,5.841732280409697,7.840815138033712,10.891451493412363,1025807.0000000001,31824.891547802257,284.3152098758376,-75.22060497880703
Spherical Pores,200,0.6254635416666666,1.3105891,2254.607421875,7.659944216875653,9.634882504555456,13.484778931738408,1075395.0,26405.530147769594,123.82560842629569,-47.94542660643347
Spherical Pores,201,0.6254635416666666,1.3105882,2254.607421875,7.659944216875653,9.63488250455546,13.484778931738408,1075395.0,26405.53014776959,123.82560842629566,-47.94542660643347
Spherical Pores,202,0.6254635416666666,1.3105888,2254.607421875,7.659944216875653,9.634882504555462,13.484778931738408,1075395.0,26405.530147769594,123.82560842629569,-47.94542660643347
Spherical Pores,203,0.6254635416666666,1.3105892,2254.607421875,7.659944216875653,9.634882504555463,13.484778931738408,1075395.0,26405.53014776959,123.82560842629569,-47.94542660643347
Spherical Pores,204,0.5968072916666667,1.3958845,1162.2972412109375,7.2913446401177415,9.470092845320314,14.700359827307134,1026379.0000000001,26563.552765823457,262.44152179637103,-40.972450662219806
Spherical Pores,205,0.5968072916666667,1.3958844,1162.2972412109375,7.2913446401177415,9.470092845320318,14.700359827307134,1026379.0000000001,26563.552765823457,262.44152179637103,-40.972450662219806
Spherical Pores,206,0.5968072916666667,1.395885,1162.2972412109375,7.2913446401177415,9.47009284532032,14.700359827307134,1026379.0000000001,26563.552765823457,262.44152179637103,-40.972450662219806
Spherical Pores,207,0.5968072916666667,1.3958848,1162.2972412109375,7.2913446401177415,9.470092845320318,14.700359827307134,1026379.0000000001,26563.552765823464,262.44152179637103,-40.972450662219806
Spherical Pores,208,0.5781394675925926,1.2974691,1857.5211181640625,6.840722324373577,9.475221366195871,13.484778931738408,993577.0,26070.50147850748,290.2932589942738,-33.70105919970884
Spherical Pores,209,0.5781394675925926,1.2974693,1857.5211181640625,6.840722324373577,9.475221366195866,13.484778931738408,993577.0,26070.50147850749,290.2932589942739,-33.70105919970884
Spherical Pores,210,0.5781394675925926,1.2974693,1857.5211181640625,6.840722324373577,9.475221366195868,13.484778931738408,993577.0,26070.50147850748,290.2932589942738,-33.70105919970884
Spherical Pores,211,0.5781394675925926,1.2974693,1857.5211181640625,6.840722324373577,9.475221366195868,13.484778931738408,993577.0,26070.50147850748,290.2932589942738,-33.70105919970884
Spherical Pores,212,0.5914965277777777,1.2506374,2023.984130859375,6.840722324373577,9.472547846310865,13.484778931738408,1015974.0,25894.071942791612,187.05232241932444,-45.359158781190175
Spherical Pores,213,0.5914965277777777,1.2506384,2023.9842529296875,6.840722324373577,9.472547846310864,13.484778931738408,1015974.0,25894.071942791612,187.0523224193244,-45.359158781190175
Spherical Pores,214,0.5914965277777777,1.2506381,2023.984130859375,6.840722324373577,9.472547846310864,13.484778931738408,1015974.0,25894.071942791612,187.0523224193244,-45.359158781190175
Spherical Pores,215,0.5914965277777777,1.250638,2023.9842529296875,6.840722324373577,9.47254784631086,13.484778931738408,1015974.0,25894.07194279162,187.0523224193244,-45.359158781190175
Spherical Pores,216,0.6030815972222222,1.2537227,2459.07080078125,6.851333642654918,9.492534264116335,13.513086916487314,1034906.9999999999,26119.47876795978,180.5614980610454,-40.84313727095764
Spherical Pores,217,0.6030815972222222,1.2537225,2459.070556640625,6.851333642654918,9.492534264116339,13.513086916487314,1034906.9999999999,26119.47876795978,180.5614980610454,-40.84313727095764
Spherical Pores,218,0.6030815972222222,1.2537223,2459.070556640625,6.851333642654918,9.492534264116333,13.513086916487314,1034906.9999999999,26119.47876795978,180.56149806104537,-40.84313727095764
Spherical Pores,219,0.6030815972222222,1.2537229,2459.070556640625,6.851333642654918,9.492534264116346,13.513086916487314,1034906.9999999999,26119.47876795978,180.5614980610454,-40.84313727095764
Spherical Pores,220,0.5998940972222222,1.2516353,2849.318603515625,6.840722324373577,9.627360078530797,13.484778931738408,1030454.0000000001,25658.138645425548,193.2392901583237,-41.768225377679286
Spherical Pores,221,0.5998940972222222,1.2516348,2849.3193359375,6.840722324373577,9.6273600785308,13.484778931738408,1030454.0000000001,25658.138645425544,193.23929015832374,-41.768225377679286
Spherical Pores,222,0.5998940972222222,1.2516357,2849.3193359375,6.840722324373577,9.627360078530801,13.484778931738408,1030454.0000000001,25658.138645425544,193.2392901583237,-41.768225377679286
Spherical Pores,223,0.5998940972222222,1.2516359,2849.31884765625,6.840722324373577,9.627360078530806,13.484778931738408,1030454.0000000001,25658.138645425548,193.23929015832374,-41.768225377679286
Spherical Pores,224,0.5744427083333333,1.3158575,1541.6500244140625,6.851333642654918,9.591534227351685,13.513086916487314,987021.0,25303.54378060814,215.2629514932229,-36.49621788776025
Spherical Pores,225,0.5744427083333333,1.3158584,1541.6500244140625,6.851333642654918,9.591534227351685,13.513086916487314,987021.0,25303.54378060814,215.26295149322283,-36.49621788776025
Spherical Pores,226,0.5744427083333333,1.3158582,1541.6500244140625,6.851333642654918,9.591534227351682,13.513086916487314,987021.0,25303.54378060814,215.2629514932229,-36.49621788776025
Spherical Pores,227,0.5744427083333333,1.3158578,1541.6500244140625,6.851333642654918,9.591534227351683,13.513086916487314,987021.0,25303.54378060814,215.2629514932229,-36.49621788776025
Spherical Pores,228,0.6077905092592593,1.3117514,1624.0399169921875,6.94551284641123,9.619892473818433,15.427247615709161,1043323.0000000001,26385.351338292796,203.86567682445016,-44.73248619276583
Spherical Pores,229,0.6077905092592593,1.311751,1624.0401611328125,6.94551284641123,9.61989247381843,15.427247615709161,1043323.0000000001,26385.351338292796,203.86567682445016,-44.73248619276583
Spherical Pores,230,0.6077905092592593,1.3117517,1624.0399169921875,6.94551284641123,9.61989247381843,15.427247615709161,1043323.0000000001,26385.351338292796,203.86567682445016,-44.73248619276583
Spherical Pores,231,0.6077905092592593,1.3117511,1624.0401611328125,6.94551284641123,9.619892473818426,15.427247615709161,1043323.0000000001,26385.351338292796,203.86567682445016,-44.73248619276583
Spherical Pores,232,0.6112251157407408,1.2398425,2284.551025390625,6.840722324373577,9.646990829632548,13.484778931738408,1051345.0,25827.104036048033,175.71655985294905,-35.05387621598995
Spherical Pores,233,0.6112251157407408,1.2398425,2284.551025390625,6.840722324373577,9.646990829632548,13.484778931738408,1051345.0,25827.104036048033,175.71655985294905,-35.05387621598995
Spherical Pores,234,0.6112251157407408,1.2398431,2284.551025390625,6.840722324373577,9.646990829632546,13.484778931738408,1051345.0,25827.104036048033,175.71655985294902,-35.05387621598995
Spherical Pores,235,0.6112251157407408,1.2398424,2284.551025390625,6.840722324373577,9.646990829632552,13.484778931738408,1051345.0,25827.104036048033,175.71655985294905,-35.05387621598995
Spherical Pores,236,0.602734375,1.3421694,2191.424072265625,7.659944216875653,9.649912989394268,13.484778931738408,1036360.0000000001,25420.907641796013,191.43870915288792,-37.74956306460893
Spherical Pores,237,0.602734375,1.3421695,2191.423828125,7.659944216875653,9.649912989394263,13.484778931738408,1036360.0000000001,25420.907641796013,191.43870915288792,-37.74956306460893
Spherical Pores,238,0.602734375,1.3421693,2191.423828125,7.659944216875653,9.649912989394265,13.484778931738408,1036360.0000000001,25420.90764179601,191.43870915288792,-37.74956306460893
Spherical Pores,239,0.602734375,1.3421694,2191.423828125,7.659944216875653,9.649912989394265,13.484778931738408,1036360.0000000001,25420.90764179601,191.43870915288792,-37.74956306460893
Spherical Pores,240,0.59296875,1.1972693,3854.139892578125,8.779154982072178,11.947276808670102,18.110771637517,1016957.0,21496.61792810295,156.71892547985252,-24.181604166024847
Spherical Pores,241,0.59296875,1.1972698,3854.13916015625,8.779154982072178,11.9472768086701,18.110771637517,1016957.0,21496.61792810295,156.71892547985257,-24.181604166024847
Spherical Pores,242,0.59296875,1.1972696,3854.139892578125,8.779154982072178,11.947276808670095,18.110771637517,1016957.0,21496.61792810295,156.7189254798525,-24.181604166024847
Spherical Pores,243,0.59296875,1.1972699,3854.139892578125,8.779154982072178,11.947276808670104,18.110771637517,1016957.0,21496.61792810295,156.7189254798525,-24.181604166024847
Spherical Pores,244,0.5961215277777778,1.2709631,3297.95947265625,8.779154982072178,11.808979662672138,18.110771637517,1024202.9999999999,21578.83790130641,149.59730570701308,-24.430283764605935
Spherical Pores,245,0.5961215277777778,1.2709631,3297.95947265625,8.779154982072178,11.808979662672142,18.110771637517,1024202.9999999999,21578.837901306408,149.5973057070131,-24.430283764605935
Spherical Pores,246,0.5961215277777778,1.2709641,3297.95947265625,8.779154982072178,11.808979662672142,18.110771637517,1024202.9999999999,21578.837901306415,149.59730570701308,-24.430283764605935
Spherical Pores,247,0.5961215277777778,1.2709638,3297.959716796875,8.779154982072178,11.808979662672145,18.110771637517,1024202.9999999999,21578.83790130641,149.5973057070131,-24.430283764605935
Spherical Pores,248,0.6087193287037037,1.2223892,3674.11083984375,8.839036635283756,11.563486997458037,18.27566738046485,1046027.0,21535.669378211598,88.62179289618756,-26.797713543097878
Spherical Pores,249,0.6087193287037037,1.2223887,3674.11083984375,8.839036635283756,11.563486997458032,18.27566738046485,1046027.0,21535.669378211598,88.62179289618754,-26.797713543097878
Spherical Pores,250,0.6087193287037037,1.2223889,3674.11083984375,8.839036635283756,11.563486997458035,18.27566738046485,1046027.0,21535.669378211598,88.62179289618754,-26.797713543097878
Spherical Pores,251,0.6087193287037037,1.2223892,3674.110595703125,8.839036635283756,11.563486997458028,18.27566738046485,1046027.0,21535.6693782116,88.62179289618754,-26.797713543097878
Spherical Pores,252,0.616521412037037,1.3209637,2543.927490234375,8.779154982072178,12.206932852575166,18.110771637517,1059895.0,21883.914438931526,154.53494444775674,-26.588822680289766
Spherical Pores,253,0.616521412037037,1.320964,2543.927490234375,8.779154982072178,12.206932852575168,18.110771637517,1059895.0,21883.914438931522,154.53494444775674,-26.588822680289766
Spherical Pores,254,0.616521412037037,1.320964,2543.927490234375,8.779154982072178,12.20693285257516,18.110771637517,1059895.0,21883.914438931526,154.53494444775674,-26.588822680289766
Spherical Pores,255,0.616521412037037,1.3209641,2543.927490234375,8.779154982072178,12.206932852575163,18.110771637517,1059895.0,21883.914438931526,154.53494444775674,-26.588822680289766
Spherical Pores,256,0.598037037037037,1.2345277,2725.279052734375,8.779154982072178,11.625274568112328,18.110771637517,1026618.0000000001,21847.407332338593,159.73780423885646,-25.53442118230596
Spherical Pores,257,0.598037037037037,1.2345277,2725.279052734375,8.779154982072178,11.625274568112344,18.110771637517,1026618.0000000001,21847.407332338593,159.73780423885646,-25.53442118230596
Spherical Pores,258,0.598037037037037,1.234528,2725.279296875,8.779154982072178,11.625274568112337,18.110771637517,1026618.0000000001,21847.407332338593,159.73780423885646,-25.53442118230596
Spherical Pores,259,0.598037037037037,1.2345278,2725.279052734375,8.779154982072178,11.625274568112337,18.110771637517,1026618.0000000001,21847.407332338593,159.73780423885646,-25.53442118230596
Spherical Pores,260,0.6330370370370371,1.268223,4266.3837890625,9.905279978734567,11.807187691485177,18.110771637517,1089347.0,22030.8733915775,2.687977520967146e+17,-31.204316029954732
Spherical Pores,261,0.6330370370370371,1.2682226,4266.3837890625,9.905279978734567,11.807187691485174,18.110771637517,1089347.0,22030.8733915775,2.687977520967146e+17,-31.204316029954732
Spherical Pores,262,0.6330370370370371,1.2682223,4266.3837890625,9.905279978734567,11.80718769148517,18.110771637517,1089347.0,22030.8733915775,2.687977520967146e+17,-31.204316029954732
Spherical Pores,263,0.6330370370370371,1.2682229,4266.3837890625,9.905279978734567,11.807187691485174,18.110771637517,1089347.0,22030.8733915775,2.687977520967146e+17,-31.204316029954732
Spherical Pores,264,0.5750833333333333,1.1774865,4191.97314453125,7.781058421842727,11.566504709703933,18.110771637517,987900.9999999999,21905.14402079491,245.3306101656064,-21.406339845859925
Spherical Pores,265,0.5750833333333333,1.1774869,4191.97314453125,7.781058421842727,11.566504709703926,18.110771637517,987900.9999999999,21905.144020794913,245.3306101656064,-21.406339845859925
Spherical Pores,266,0.5750833333333333,1.177487,4191.97314453125,7.781058421842727,11.566504709703926,18.110771637517,987900.9999999999,21905.14402079491,245.33061016560643,-21.406339845859925
Spherical Pores,267,0.5750833333333333,1.1774865,4191.97314453125,7.781058421842727,11.566504709703928,18.110771637517,987900.9999999999,21905.144020794905,245.3306101656064,-21.406339845859925
Spherical Pores,268,0.6088703703703704,1.2933587,2896.40771484375,7.781058421842727,11.151266987792093,18.110771637517,1046976.0000000001,23475.86518541914,173.70362205998202,-30.726851200679047
Spherical Pores,269,0.6088703703703704,1.2933582,2896.40771484375,7.781058421842727,11.151266987792091,18.110771637517,1046976.0000000001,23475.865185419138,173.70362205998202,-30.726851200679047
Spherical Pores,270,0.6088703703703704,1.2933587,2896.40771484375,7.781058421842727,11.151266987792088,18.110771637517,1046976.0000000001,23475.86518541914,173.70362205998197,-30.726851200679047
Spherical Pores,271,0.6088703703703704,1.2933583,2896.40771484375,7.781058421842727,11.151266987792097,18.110771637517,1046976.0000000001,23475.86518541914,173.70362205998197,-30.726851200679047
Spherical Pores,272,0.590796875,1.2736646,2420.742431640625,7.781058421842727,11.120880375291602,18.110771637517,1017577.9999999999,22579.729512893144,175.90870706451616,-25.30563595161136
Spherical Pores,273,0.590796875,1.2736646,2420.742431640625,7.781058421842727,11.120880375291595,18.110771637517,1017577.9999999999,22579.729512893144,175.90870706451625,-25.30563595161136
Spherical Pores,274,0.590796875,1.2736648,2420.742431640625,7.781058421842727,11.120880375291593,18.110771637517,1017577.9999999999,22579.729512893144,175.9087070645162,-25.30563595161136
Spherical Pores,275,0.590796875,1.2736644,2420.74267578125,7.781058421842727,11.120880375291591,18.110771637517,1017577.9999999999,22579.729512893144,175.90870706451625,-25.30563595161136
Spherical Pores,276,0.6059832175925925,1.3309591,2669.504638671875,8.779154982072178,11.783305402192816,18.110771637517,1041154.0,22393.361415599276,165.45389087977983,-27.951586880514125
Spherical Pores,277,0.6059832175925925,1.3309593,2669.504638671875,8.779154982072178,11.783305402192811,18.110771637517,1041154.0,22393.361415599276,165.45389087977983,-27.951586880514125
Spherical Pores,278,0.6059832175925925,1.3309591,2669.504638671875,8.779154982072178,11.783305402192811,18.110771637517,1041154.0,22393.361415599276,165.45389087977983,-27.951586880514125
Spherical Pores,279,0.6059832175925925,1.3309587,2669.504638671875,8.779154982072178,11.783305402192807,18.110771637517,1041154.0,22393.361415599276,165.45389087977983,-27.951586880514125
Spherical Pores,280,0.6731793981481482,1.1848012,7336.970703125,11.216246961496244,13.799685548255889,18.658129485507295,1155935.0,18838.012100725646,2.687977520967146e+17,-15.78618091792737
Spherical Pores,281,0.6731793981481482,1.1848016,7336.970703125,11.216246961496244,13.79968554825588,18.658129485507295,1155935.0,18838.012100725646,2.687977520967146e+17,-15.78618091792737
Spherical Pores,282,0.6731793981481482,1.1848011,7336.970703125,11.216246961496244,13.79968554825588,18.658129485507295,1155935.0,18838.012100725646,2.687977520967146e+17,-15.78618091792737
Spherical Pores,283,0.6731793981481482,1.1848015,7336.970703125,11.216246961496244,13.799685548255875,18.658129485507295,1155935.0,18838.012100725646,2.687977520967146e+17,-15.78618091792737
Spherical Pores,284,0.6090925925925926,1.1417452,8543.5654296875,9.876258036705888,13.420170734117773,18.658129485507295,1047168.0000000001,18437.638864402626,104.57305382566193,-13.0009694138192
Spherical Pores,285,0.6090925925925926,1.1417456,8543.5654296875,9.876258036705888,13.42017073411778,18.658129485507295,1047168.0000000001,18437.638864402626,104.57305382566193,-13.0009694138192
Spherical Pores,286,0.6090925925925926,1.1417451,8543.56640625,9.876258036705888,13.420170734117779,18.658129485507295,1047168.0000000001,18437.638864402626,104.57305382566193,-13.0009694138192
Spherical Pores,287,0.6090925925925926,1.1417449,8543.5654296875,9.876258036705888,13.420170734117772,18.658129485507295,1047168.0000000001,18437.638864402626,104.57305382566193,-13.0009694138192
Spherical Pores,288,0.5683055555555555,1.5203955,714.1195678710938,8.937362969607749,11.77890842202249,18.54723586123482,975744.0,20257.912657471992,188.83369495796845,-18.680811445411216
Spherical Pores,289,0.5683055555555555,1.5203959,714.1195678710938,8.937362969607749,11.77890842202249,18.54723586123482,975744.0,20257.912657471992,188.83369495796845,-18.680811445411216
Spherical Pores,290,0.5683055555555555,1.5203966,714.1195068359375,8.937362969607749,11.778908422022486,18.54723586123482,975744.0,20257.912657471996,188.83369495796845,-18.680811445411216
Spherical Pores,291,0.5683055555555555,1.5203962,714.1195678710938,8.937362969607749,11.778908422022484,18.54723586123482,975744.0,20257.912657471992,188.83369495796845,-18.680811445411216
Spherical Pores,292,0.5743859953703704,1.3296762,1587.059326171875,9.876258036705888,12.52215917208074,18.658129485507295,986719.9999999999,19409.610628422135,180.81276200836973,-12.006251019494854
Spherical Pores,293,0.5743859953703704,1.3296765,1587.059326171875,9.876258036705888,12.522159172080737,18.658129485507295,986719.9999999999,19409.610628422135,180.81276200836965,-12.006251019494854
Spherical Pores,294,0.5743859953703704,1.3296762,1587.059326171875,9.876258036705888,12.522159172080743,18.658129485507295,986719.9999999999,19409.610628422135,180.81276200836973,-12.006251019494854
Spherical Pores,295,0.5743859953703704,1.3296763,1587.0592041015625,9.876258036705888,12.522159172080746,18.658129485507295,986719.9999999999,19409.610628422135,180.8127620083697,-12.006251019494854
Spherical Pores,296,0.5592905092592593,1.3258262,2513.724609375,9.876258036705888,12.886906556494889,18.658129485507295,962654.0,19329.222959838215,200.8181909020587,-10.742958658702936
Spherical Pores,297,0.5592905092592593,1.3258258,2513.724609375,9.876258036705888,12.886906556494884,18.658129485507295,962654.0,19329.222959838215,200.8181909020587,-10.742958658702936
Spherical Pores,298,0.5592905092592593,1.3258258,2513.724609375,9.876258036705888,12.88690655649488,18.658129485507295,962654.0,19329.222959838215,200.8181909020587,-10.742958658702936
Spherical Pores,299,0.5592905092592593,1.3258259,2513.72412109375,9.876258036705888,12.886906556494878,18.658129485507295,962654.0,19329.222959838215,200.8181909020587,-10.742958658702936
Spherical Pores,300,0.6178315972222223,1.3531651,3081.08642578125,9.876258036705888,12.88540354769796,18.658129485507295,1062367.0,19554.617822961736,129.23239760944134,-13.040758149592175
Spherical Pores,301,0.6178315972222223,1.3531648,3081.086181640625,9.876258036705888,12.885403547697951,18.658129485507295,1062367.0,19554.617822961736,129.23239760944134,-13.040758149592175
Spherical Pores,302,0.6178315972222223,1.3531649,3081.08642578125,9.876258036705888,12.885403547697965,18.658129485507295,1062367.0,19554.617822961736,129.23239760944134,-13.040758149592175
Spherical Pores,303,0.6178315972222223,1.3531651,3081.086181640625,9.876258036705888,12.885403547697955,18.658129485507295,1062367.0,19554.617822961736,129.23239760944134,-13.040758149592175
Spherical Pores,304,0.5932256944444444,1.2962577,2367.10595703125,9.876258036705888,13.161571916456069,18.658129485507295,1018781.0000000001,18850.479088962282,120.18810123559814,-19.35721995355177
Spherical Pores,305,0.5932256944444444,1.2962581,2367.10546875,9.876258036705888,13.161571916456067,18.658129485507295,1018781.0000000001,18850.479088962285,120.18810123559814,-19.35721995355177
Spherical Pores,306,0.5932256944444444,1.2962577,2367.10546875,9.876258036705888,13.16157191645606,18.658129485507295,1018781.0000000001,18850.479088962282,120.1881012355981,-19.35721995355177
Spherical Pores,307,0.5932256944444444,1.296258,2367.105712890625,9.876258036705888,13.161571916456076,18.658129485507295,1018781.0000000001,18850.479088962285,120.18810123559813,-19.35721995355177
Spherical Pores,308,0.6222337962962963,1.1645138,6757.90869140625,9.876258036705888,12.872480796695587,18.658129485507295,1069552.0,19499.83343388685,138.9944832619039,-16.68142747281928
Spherical Pores,309,0.6222337962962963,1.1645138,6757.90869140625,9.876258036705888,12.872480796695594,18.658129485507295,1069552.0,19499.833433886848,138.9944832619039,-16.68142747281928
Spherical Pores,310,0.6222337962962963,1.1645138,6757.90869140625,9.876258036705888,12.872480796695587,18.658129485507295,1069552.0,19499.833433886848,138.9944832619039,-16.68142747281928
Spherical Pores,311,0.6222337962962963,1.1645138,6757.90966796875,9.876258036705888,12.872480796695589,18.658129485507295,1069552.0,19499.833433886848,138.9944832619039,-16.68142747281928
Spherical Pores,312,0.6280607638888889,1.1590656,5011.79443359375,9.876258036705888,12.814370348922914,18.658129485507295,1078480.0,20025.045644839764,81.88020609836163,-19.685477023678807
Spherical Pores,313,0.6280607638888889,1.1590652,5011.79443359375,9.876258036705888,12.814370348922916,18.658129485507295,1078480.0,20025.045644839764,81.88020609836164,-19.685477023678807
Spherical Pores,314,0.6280607638888889,1.1590652,5011.79443359375,9.876258036705888,12.814370348922914,18.658129485507295,1078480.0,20025.045644839764,81.88020609836163,-19.685477023678807
Spherical Pores,315,0.6280607638888889,1.1590655,5011.794921875,9.876258036705888,12.814370348922923,18.658129485507295,1078480.0,20025.045644839764,81.88020609836163,-19.685477023678807
Spherical Pores,316,0.583693287037037,1.303518,1582.8739013671875,9.876258036705888,12.888796207635597,18.658129485507295,1001383.9999999999,19275.294951821168,174.25579931265406,-11.757571420913768
Spherical Pores,317,0.583693287037037,1.3035182,1582.8739013671875,9.876258036705888,12.888796207635586,18.658129485507295,1001383.9999999999,19275.294951821168,174.2557993126541,-11.757571420913768
Spherical Pores,318,0.583693287037037,1.3035183,1582.87353515625,9.876258036705888,12.888796207635592,18.658129485507295,1001383.9999999999,19275.294951821168,174.2557993126541,-11.757571420913768
Spherical Pores,319,0.583693287037037,1.3035182,1582.87353515625,9.876258036705888,12.888796207635599,18.658129485507295,1001383.9999999999,19275.294951821168,174.25579931265406,-11.757571420913768
Spherical Pores,320,0.6989311342592592,1.1859504,1925.148681640625,4.717693667932848,6.3796235092893605,10.24694974820171,1200361.0,39737.95852184098,1.1820002461968087e+18,-318.160678424642
Spherical Pores,321,0.6989311342592592,1.1859511,1925.1490478515625,4.717693667932848,6.37962350928936,10.24694974820171,1200361.0,39737.95852184097,1.1820002461968087e+18,-318.160678424642
Spherical Pores,322,0.6989311342592592,1.1859509,1925.1490478515625,4.717693667932848,6.379623509289362,10.24694974820171,1200361.0,39737.95852184098,1.1820002461968087e+18,-318.160678424642
Spherical Pores,323,0.6989311342592592,1.1859512,1925.1490478515625,4.717693667932848,6.3796235092893605,10.24694974820171,1200361.0,39737.95852184097,1.1820002461968087e+18,-318.160678424642
Spherical Pores,324,0.695037037037037,1.2056823,1755.47216796875,4.732623931193807,6.415719942621988,9.342414210152528,1194381.0,39093.25745422437,1.1820002461968087e+18,-282.5796014596602
Spherical Pores,325,0.695037037037037,1.2056826,1755.47216796875,4.732623931193807,6.415719942621986,9.342414210152528,1194381.0,39093.25745422436,1.1820002461968087e+18,-282.5796014596602
Spherical Pores,326,0.695037037037037,1.2056826,1755.47216796875,4.732623931193807,6.415719942621989,9.342414210152528,1194381.0,39093.25745422437,1.1820002461968087e+18,-282.5796014596602
Spherical Pores,327,0.695037037037037,1.2056818,1755.47216796875,4.732623931193807,6.415719942621983,9.342414210152528,1194381.0,39093.25745422436,1.1820002461968087e+18,-282.5796014596602
Spherical Pores,328,0.7043506944444444,1.2014502,1881.5157470703125,4.876998602264272,6.36951498534135,10.770328425682052,1209145.0,39296.39474818131,1.1820002461968087e+18,-305.8062759671337
Spherical Pores,329,0.7043506944444444,1.2014507,1881.5152587890625,4.876998602264272,6.369514985341349,10.770328425682052,1209145.0,39296.394748181316,1.1820002461968087e+18,-305.8062759671337
Spherical Pores,330,0.7043506944444444,1.2014502,1881.5157470703125,4.876998602264272,6.369514985341349,10.770328425682052,1209145.0,39296.394748181316,1.1820002461968087e+18,-305.8062759671337
Spherical Pores,331,0.7043506944444444,1.2014502,1881.5152587890625,4.876998602264272,6.369514985341346,10.770328425682052,1209145.0,39296.394748181316,1.1820002461968087e+18,-305.8062759671337
Spherical Pores,332,0.7045445601851852,1.2172464,1861.2576904296875,4.902402162062199,6.21419751814767,9.433980348903328,1210182.0,39419.32080856882,1.1820002461968087e+18,-317.6235304917069
Spherical Pores,333,0.7045445601851852,1.2172458,1861.2576904296875,4.902402162062199,6.214197518147674,9.433980348903328,1210182.0,39419.32080856882,1.1820002461968087e+18,-317.6235304917069
Spherical Pores,334,0.7045445601851852,1.2172465,1861.257568359375,4.902402162062199,6.214197518147671,9.433980348903328,1210182.0,39419.32080856882,1.1820002461968087e+18,-317.6235304917069
Spherical Pores,335,0.7045445601851852,1.2172465,1861.257568359375,4.902402162062199,6.214197518147671,9.433980348903328,1210182.0,39419.32080856882,1.1820002461968087e+18,-317.6235304917069
Spherical Pores,336,0.7036550925925926,1.214358,1795.5989990234375,4.890973038269991,6.422848765470199,10.816653135594944,1208631.0,38866.62720254922,1.1820002461968087e+18,-281.9429816872926
Spherical Pores,337,0.7036550925925926,1.2143577,1795.5989990234375,4.890973038269991,6.422848765470201,10.816653135594944,1208631.0,38866.62720254922,1.1820002461968087e+18,-281.9429816872926
Spherical Pores,338,0.7036550925925926,1.214358,1795.5989990234375,4.890973038269991,6.422848765470201,10.816653135594944,1208631.0,38866.62720254922,1.1820002461968087e+18,-281.9429816872926
Spherical Pores,339,0.7036550925925926,1.214358,1795.5989990234375,4.890973038269991,6.4228487654702,10.816653135594944,1208631.0,38866.62720254922,1.1820002461968087e+18,-281.9429816872926
Spherical Pores,340,0.7080856481481481,1.2121046,1745.5643310546875,4.610436296967524,6.459657221505656,9.899494952422772,1215219.0,39433.79575717189,1.1820002461968087e+18,-323.47247465033405
Spherical Pores,341,0.7080856481481481,1.2121047,1745.5643310546875,4.610436296967524,6.459657221505659,9.899494952422772,1215219.0,39433.79575717189,1.1820002461968087e+18,-323.47247465033405
Spherical Pores,342,0.7080856481481481,1.2121041,1745.564208984375,4.610436296967524,6.45965722150566,9.899494952422772,1215219.0,39433.79575717189,1.1820002461968087e+18,-323.47247465033405
Spherical Pores,343,0.7080856481481481,1.2121043,1745.5643310546875,4.610436296967524,6.459657221505658,9.899494952422772,1215219.0,39433.79575717189,1.1820002461968087e+18,-323.47247465033405
Spherical Pores,344,0.7022442129629629,1.2090816,1741.8876953125,4.732623931193807,6.3557154409066525,9.342414210152528,1207042.0,39983.83469499282,1.1820002461968087e+18,-329.2517885213585
Spherical Pores,345,0.7022442129629629,1.2090821,1741.8880615234375,4.732623931193807,6.355715440906651,9.342414210152528,1207042.0,39983.83469499282,1.1820002461968087e+18,-329.2517885213585
Spherical Pores,346,0.7022442129629629,1.2090816,1741.8876953125,4.732623931193807,6.3557154409066525,9.342414210152528,1207042.0,39983.83469499282,1.1820002461968087e+18,-329.2517885213585
Spherical Pores,347,0.7022442129629629,1.2090814,1741.8880615234375,4.732623931193807,6.355715440906652,9.342414210152528,1207042.0,39983.83469499282,1.1820002461968087e+18,-329.2517885213585
Spherical Pores,348,0.700859375,1.2075341,1784.49609375,4.702669372727123,6.34241519772236,10.198039018356072,1203892.0,39295.233085851825,1.1820002461968087e+18,-312.8190406471203
Spherical Pores,349,0.700859375,1.2075335,1784.49609375,4.702669372727123,6.342415197722357,10.198039018356072,1203892.0,39295.233085851825,1.1820002461968087e+18,-312.8190406471203
Spherical Pores,350,0.700859375,1.2075337,1784.49609375,4.702669372727123,6.342415197722362,10.198039018356072,1203892.0,39295.23308585182,1.1820002461968087e+18,-312.8190406471203
Spherical Pores,351,0.700859375,1.207534,1784.49609375,4.702669372727123,6.342415197722359,10.198039018356072,1203892.0,39295.23308585182,1.1820002461968087e+18,-312.8190406471203
Spherical Pores,352,0.6915543981481481,1.2337787,1472.9658203125,4.998228547807284,6.396495558969891,9.69535958479045,1187816.0,39408.16005621262,1.1820002461968087e+18,-290.60697890185764
Spherical Pores,353,0.6915543981481481,1.2337782,1472.9658203125,4.998228547807284,6.396495558969891,9.69535958479045,1187816.0,39408.16005621261,1.1820002461968087e+18,-290.60697890185764
Spherical Pores,354,0.6915543981481481,1.233779,1472.9658203125,4.998228547807284,6.3964955589698915,9.69535958479045,1187816.0,39408.16005621262,1.1820002461968087e+18,-290.60697890185764
Spherical Pores,355,0.6915543981481481,1.2337792,1472.9658203125,4.998228547807284,6.3964955589698915,9.69535958479045,1187816.0,39408.16005621262,1.1820002461968087e+18,-290.60697890185764
Spherical Pores,356,0.6762355324074074,1.2124525,1592.0538330078125,4.717693667932848,6.275098571033688,10.24694974820171,1161129.0,40267.792226869984,1.1820002461968087e+18,-304.7618216530931
Spherical Pores,357,0.6762355324074074,1.2124531,1592.0535888671875,4.717693667932848,6.275098571033688,10.24694974820171,1161129.0,40267.79222686998,1.1820002461968087e+18,-304.7618216530931
Spherical Pores,358,0.6762355324074074,1.2124529,1592.0538330078125,4.717693667932848,6.275098571033688,10.24694974820171,1161129.0,40267.79222686998,1.1820002461968087e+18,-304.7618216530931
Spherical Pores,359,0.6762355324074074,1.2124527,1592.0535888671875,4.717693667932848,6.275098571033689,10.24694974820171,1161129.0,40267.792226869984,1.1820002461968087e+18,-304.7618216530931
Spherical Pores,360,0.7069855324074074,1.1966935,3038.935791015625,6.0476158734382235,8.433127222648734,11.413988870062543,1213893.0,30509.10069331576,1.182000246196809e+18,-125.55335573161894
Spherical Pores,361,0.7069855324074074,1.1966921,3038.935791015625,6.0476158734382235,8.433127222648732,11.413988870062543,1213893.0,30509.10069331576,1.182000246196809e+18,-125.55335573161894
Spherical Pores,362,0.7069855324074074,1.1966926,3038.935791015625,6.0476158734382235,8.433127222648732,11.413988870062543,1213893.0,30509.10069331576,1.182000246196809e+18,-125.55335573161894
Spherical Pores,363,0.7069855324074074,1.1966932,3038.935791015625,6.0476158734382235,8.43312722264873,11.413988870062543,1213893.0,30509.10069331576,1.182000246196809e+18,-125.55335573161894
Spherical Pores,364,0.711650462962963,1.1884205,3168.77685546875,6.595675579593912,8.292507039947003,12.36931685293693,1223507.0,30724.118857593134,1.182000246196809e+18,-106.34534353721581
Spherical Pores,365,0.711650462962963,1.1884208,3168.77685546875,6.595675579593912,8.292507039947004,12.36931685293693,1223507.0,30724.118857593134,1.182000246196809e+18,-106.34534353721581
Spherical Pores,366,0.711650462962963,1.1884214,3168.776611328125,6.595675579593912,8.292507039947001,12.36931685293693,1223507.0,30724.118857593134,1.182000246196809e+18,-106.34534353721581
Spherical Pores,367,0.711650462962963,1.1884205,3168.77685546875,6.595675579593912,8.292507039947004,12.36931685293693,1223507.0,30724.118857593134,1.182000246196809e+18,-106.34534353721581
Spherical Pores,368,0.6793761574074074,1.2467935,2325.81689453125,6.0476158734382235,8.241894774630882,11.413988870062543,1166796.0,31554.665912166172,1.1024563558811393e+18,-103.89833628717793
Spherical Pores,369,0.6793761574074074,1.2467928,2325.81689453125,6.0476158734382235,8.241894774630877,11.413988870062543,1166796.0,31554.665912166172,1.1024563558811393e+18,-103.89833628717793
Spherical Pores,370,0.6793761574074074,1.2467933,2325.81689453125,6.0476158734382235,8.241894774630879,11.413988870062543,1166796.0,31554.66591216617,1.1024563558811393e+18,-103.89833628717793
Spherical Pores,371,0.6793761574074074,1.2467934,2325.81689453125,6.0476158734382235,8.241894774630882,11.413988870062543,1166796.0,31554.665912166172,1.1024563558811393e+18,-103.89833628717793
Spherical Pores,372,0.7064924768518519,1.2046597,3199.82763671875,6.034284821528778,8.360772852944894,12.649109738865636,1214294.0,30074.786569188553,1.182000246196809e+18,-99.48178661637783
Spherical Pores,373,0.7064924768518519,1.2046598,3199.82763671875,6.034284821528778,8.360772852944889,12.649109738865636,1214294.0,30074.786569188564,1.182000246196809e+18,-99.48178661637783
Spherical Pores,374,0.7064924768518519,1.2046604,3199.828369140625,6.034284821528778,8.360772852944898,12.649109738865636,1214294.0,30074.786569188553,1.182000246196809e+18,-99.48178661637783
Spherical Pores,375,0.7064924768518519,1.2046598,3199.82763671875,6.034284821528778,8.360772852944898,12.649109738865636,1214294.0,30074.786569188564,1.182000246196809e+18,-99.48178661637783
Spherical Pores,376,0.68878125,1.1989838,2937.38623046875,6.5468772434966365,8.090038495470665,12.247447798760023,1184054.0,30903.440720681447,1.182000246196809e+18,-99.94930426171028
Spherical Pores,377,0.68878125,1.1989839,2937.38623046875,6.5468772434966365,8.09003849547066,12.247447798760023,1184054.0,30903.440720681447,1.182000246196809e+18,-99.94930426171028
Spherical Pores,378,0.68878125,1.1989833,2937.385498046875,6.5468772434966365,8.090038495470663,12.247447798760023,1184054.0,30903.440720681447,1.182000246196809e+18,-99.94930426171028
Spherical Pores,379,0.68878125,1.1989837,2937.38623046875,6.5468772434966365,8.09003849547066,12.247447798760023,1184054.0,30903.440720681447,1.182000246196809e+18,-99.94930426171028
Spherical Pores,380,0.695558449074074,1.2157027,2515.138427734375,6.060892708160611,8.345592920541943,11.447904106768473,1194720.0,31344.262905797845,1.182000246196809e+18,-113.53715752818084
Spherical Pores,381,0.695558449074074,1.2157022,2515.138916015625,6.060892708160611,8.345592920541943,11.447904106768473,1194720.0,31344.262905797845,1.182000246196809e+18,-113.53715752818084
Spherical Pores,382,0.695558449074074,1.2157017,2515.138427734375,6.060892708160611,8.345592920541936,11.447904106768473,1194720.0,31344.262905797837,1.182000246196809e+18,-113.53715752818084
Spherical Pores,383,0.695558449074074,1.2157023,2515.138427734375,6.060892708160611,8.345592920541943,11.447904106768473,1194720.0,31344.262905797837,1.182000246196809e+18,-113.53715752818084
Spherical Pores,384,0.6865706018518518,1.2203559,2533.71142578125,6.060892708160611,8.298763624387671,11.447904106768473,1179058.0,30732.298697092203,1.182000246196809e+18,-104.64437508292119
Spherical Pores,385,0.6865706018518518,1.2203556,2533.71142578125,6.060892708160611,8.298763624387668,11.447904106768473,1179058.0,30732.298697092203,1.182000246196809e+18,-104.64437508292119
Spherical Pores,386,0.6865706018518518,1.2203561,2533.7109375,6.060892708160611,8.298763624387671,11.447904106768473,1179058.0,30732.298697092203,1.182000246196809e+18,-104.64437508292119
Spherical Pores,387,0.6865706018518518,1.220356,2533.71142578125,6.060892708160611,8.298763624387664,11.447904106768473,1179058.0,30732.298697092203,1.182000246196809e+18,-104.64437508292119
Spherical Pores,388,0.7199184027777777,1.1694223,3730.7822265625,6.178068871216117,8.430737852356716,13.076694972014252,1237414.0,30204.702393413183,1.182000246196809e+18,-109.17034377709697
Spherical Pores,389,0.7199184027777777,1.1694217,3730.7822265625,6.178068871216117,8.430737852356707,13.076694972014252,1237414.0,30204.702393413183,1.182000246196809e+18,-109.17034377709697
Spherical Pores,390,0.7199184027777777,1.1694217,3730.781982421875,6.178068871216117,8.430737852356705,13.076694972014252,1237414.0,30204.702393413183,1.182000246196809e+18,-109.17034377709697
Spherical Pores,391,0.7199184027777777,1.1694224,3730.7822265625,6.178068871216117,8.430737852356705,13.076694972014252,1237414.0,30204.702393413183,1.182000246196809e+18,-109.17034377709697
Spherical Pores,392,0.7035636574074075,1.2535458,2607.15625,6.060892708160611,8.334885739435453,11.447904106768473,1208507.0,31006.90021745916,1.182000246196809e+18,-118.86884812175934
Spherical Pores,393,0.7035636574074075,1.253546,2607.15625,6.060892708160611,8.334885739435457,11.447904106768473,1208507.0,31006.90021745916,1.182000246196809e+18,-118.86884812175934
Spherical Pores,394,0.7035636574074075,1.2535461,2607.15625,6.060892708160611,8.334885739435455,11.447904106768473,1208507.0,31006.90021745916,1.182000246196809e+18,-118.86884812175934
Spherical Pores,395,0.7035636574074075,1.2535462,2607.15625,6.060892708160611,8.33488573943545,11.447904106768473,1208507.0,31006.90021745916,1.182000246196809e+18,-118.86884812175934
Spherical Pores,396,0.703254050925926,1.2080836,3159.7275390625,6.303684547986822,8.530645360633104,13.453623023082278,1207757.0,30139.78020299396,1.182000246196809e+18,-113.33821384931599
Spherical Pores,397,0.703254050925926,1.2080837,3159.7275390625,6.303684547986822,8.530645360633095,13.453623023082278,1207757.0,30139.78020299396,1.182000246196809e+18,-113.33821384931599
Spherical Pores,398,0.703254050925926,1.2080835,3159.7275390625,6.303684547986822,8.530645360633098,13.453623023082278,1207757.0,30139.780202993967,1.182000246196809e+18,-113.33821384931599
Spherical Pores,399,0.703254050925926,1.2080841,3159.7275390625,6.303684547986822,8.530645360633104,13.453623023082278,1207757.0,30139.78020299396,1.182000246196809e+18,-113.33821384931599
Spherical Pores,400,0.6961296296296297,1.1906185,4974.64306640625,7.857261582959327,10.049921105292938,13.930209874089513,1196081.0,25330.107142810786,1.182000246196809e+18,-49.745866900160536
Spherical Pores,401,0.6961296296296297,1.1906184,4974.64404296875,7.857261582959327,10.049921105292944,13.930209874089513,1196081.0,25330.107142810783,1.182000246196809e+18,-49.745866900160536
Spherical Pores,402,0.6961296296296297,1.1906178,4974.64306640625,7.857261582959327,10.049921105292949,13.930209874089513,1196081.0,25330.107142810786,1.182000246196809e+18,-49.745866900160536
Spherical Pores,403,0.6961296296296297,1.1906171,4974.64306640625,7.857261582959327,10.049921105292942,13.930209874089513,1196081.0,25330.107142810783,1.182000246196809e+18,-49.745866900160536
Spherical Pores,404,0.684254050925926,1.2247348,3938.159912109375,7.685071155454092,9.860686481899354,15.16574876705335,1175273.0,26276.667130844824,7.294258088857736e+17,-57.116730202103945
Spherical Pores,405,0.684254050925926,1.2247347,3938.15966796875,7.685071155454092,9.860686481899366,15.16574876705335,1175273.0,26276.667130844824,7.294258088857736e+17,-57.116730202103945
Spherical Pores,406,0.684254050925926,1.2247345,3938.159912109375,7.685071155454092,9.860686481899354,15.16574876705335,1175273.0,26276.66713084483,7.294258088857736e+17,-57.116730202103945
Spherical Pores,407,0.684254050925926,1.2247349,3938.15966796875,7.685071155454092,9.86068648189936,15.16574876705335,1175273.0,26276.66713084483,7.294258088857736e+17,-57.116730202103945
Spherical Pores,408,0.6981122685185185,1.1921728,4328.1513671875,7.6725258313578095,9.74355699140437,13.513086916487314,1198236.0,25916.212826363775,1.182000246196809e+18,-56.33090267058771
Spherical Pores,409,0.6981122685185185,1.1921725,4328.15185546875,7.6725258313578095,9.743556991404366,13.513086916487314,1198236.0,25916.212826363775,1.182000246196809e+18,-56.33090267058771
Spherical Pores,410,0.6981122685185185,1.1921729,4328.15185546875,7.6725258313578095,9.743556991404379,13.513086916487314,1198236.0,25916.212826363775,1.182000246196809e+18,-56.33090267058771
Spherical Pores,411,0.6981122685185185,1.1921723,4328.15087890625,7.6725258313578095,9.743556991404368,13.513086916487314,1198236.0,25916.21282636378,1.182000246196809e+18,-56.33090267058771
Spherical Pores,412,0.700056712962963,1.1682036,5226.05810546875,7.771960527841038,10.226045795123987,15.394802261840416,1202314.0,24973.87646092938,1.182000246196809e+18,-46.73187016535777
Spherical Pores,413,0.700056712962963,1.168204,5226.05810546875,7.771960527841038,10.22604579512399,15.394802261840416,1202314.0,24973.87646092938,1.182000246196809e+18,-46.73187016535777
Spherical Pores,414,0.700056712962963,1.1682037,5226.05810546875,7.771960527841038,10.226045795123989,15.394802261840416,1202314.0,24973.876460929387,1.182000246196809e+18,-46.73187016535777
Spherical Pores,415,0.700056712962963,1.1682044,5226.05810546875,7.771960527841038,10.22604579512399,15.394802261840416,1202314.0,24973.87646092938,1.182000246196809e+18,-46.73187016535777
Spherical Pores,416,0.7052146990740741,1.1840411,4921.4287109375,7.685071155454092,9.93360228688409,15.16574876705335,1211023.0,25451.88844371233,1.182000246196809e+18,-49.38776827820377
Spherical Pores,417,0.7052146990740741,1.1840409,4921.42919921875,7.685071155454092,9.93360228688409,15.16574876705335,1211023.0,25451.88844371233,1.182000246196809e+18,-49.38776827820377
Spherical Pores,418,0.7052146990740741,1.184041,4921.4287109375,7.685071155454092,9.933602286884087,15.16574876705335,1211023.0,25451.88844371233,1.182000246196809e+18,-49.38776827820377
Spherical Pores,419,0.7052146990740741,1.1840407,4921.4287109375,7.685071155454092,9.933602286884085,15.16574876705335,1211023.0,25451.88844371233,1.182000246196809e+18,-49.38776827820377
Spherical Pores,420,0.6938518518518518,1.190015,4114.19189453125,7.784242155388846,9.979747102660953,15.427247615709161,1192027.0,26208.86533047417,8.885135895171124e+17,-58.88732894400128
Spherical Pores,421,0.6938518518518518,1.1900154,4114.19189453125,7.784242155388846,9.979747102660955,15.427247615709161,1192027.0,26208.86533047417,9.680574798327821e+17,-58.88732894400128
Spherical Pores,422,0.6938518518518518,1.1900152,4114.19189453125,7.784242155388846,9.979747102660951,15.427247615709161,1192027.0,26208.865330474175,9.680574798327821e+17,-58.88732894400128
Spherical Pores,423,0.6938518518518518,1.1900153,4114.19189453125,7.784242155388846,9.979747102660951,15.427247615709161,1192027.0,26208.86533047417,8.885135895171124e+17,-58.88732894400128
Spherical Pores,424,0.682255787037037,1.1969566,4456.140625,7.659944216875653,9.659897138102036,13.484778931738408,1172487.0,25515.121078831915,1.182000246196809e+18,-53.436272143103864
Spherical Pores,425,0.682255787037037,1.1969572,4456.140625,7.659944216875653,9.659897138102039,13.484778931738408,1172487.0,25515.121078831922,1.182000246196809e+18,-53.436272143103864
Spherical Pores,426,0.682255787037037,1.1969566,4456.140625,7.659944216875653,9.659897138102037,13.484778931738408,1172487.0,25515.121078831915,1.182000246196809e+18,-53.436272143103864
Spherical Pores,427,0.682255787037037,1.1969572,4456.140625,7.659944216875653,9.659897138102032,13.484778931738408,1172487.0,25515.121078831915,1.182000246196809e+18,-53.436272143103864
Spherical Pores,428,0.6995416666666666,1.1665403,4758.11328125,7.659944216875653,9.981899012159632,13.484778931738408,1202283.0,25430.816704831865,1.182000246196809e+18,-54.928349734590384
Spherical Pores,429,0.6995416666666666,1.1665411,4758.11328125,7.659944216875653,9.981899012159634,13.484778931738408,1202283.0,25430.816704831865,1.182000246196809e+18,-54.928349734590384
Spherical Pores,430,0.6995416666666666,1.1665406,4758.11328125,7.659944216875653,9.981899012159632,13.484778931738408,1202283.0,25430.816704831865,1.182000246196809e+18,-54.928349734590384
Spherical Pores,431,0.6995416666666666,1.1665405,4758.11328125,7.659944216875653,9.981899012159632,13.484778931738408,1202283.0,25430.816704831865,1.182000246196809e+18,-54.928349734590384
Spherical Pores,432,0.6799392361111111,1.1885782,4795.24072265625,7.917256402135409,10.249979230553066,15.779731644995012,1167314.0,25195.577030850465,7.294258088857736e+17,-48.9600393686443
Spherical Pores,433,0.6799392361111111,1.1885781,4795.24072265625,7.917256402135409,10.249979230553052,15.779731644995012,1167314.0,25195.577030850458,7.294258088857736e+17,-48.9600393686443
Spherical Pores,434,0.6799392361111111,1.1885781,4795.24072265625,7.917256402135409,10.249979230553059,15.779731644995012,1167314.0,25195.577030850458,7.294258088857736e+17,-48.9600393686443
Spherical Pores,435,0.6799392361111111,1.1885784,4795.24072265625,7.917256402135409,10.249979230553064,15.779731644995012,1167314.0,25195.577030850458,7.294258088857736e+17,-48.9600393686443
Spherical Pores,436,0.6748582175925926,1.2169895,3622.445556640625,7.6725258313578095,9.821343317727402,13.513086916487314,1159282.0,25672.959367831038,7.294258088857736e+17,-51.705462136979506
Spherical Pores,437,0.6748582175925926,1.2169896,3622.445556640625,7.6725258313578095,9.821343317727395,13.513086916487314,1159282.0,25672.959367831045,7.294258088857736e+17,-51.705462136979506
Spherical Pores,438,0.6748582175925926,1.2169893,3622.445556640625,7.6725258313578095,9.821343317727399,13.513086916487314,1159282.0,25672.959367831045,7.294258088857736e+17,-51.705462136979506
Spherical Pores,439,0.6748582175925926,1.2169901,3622.445556640625,7.6725258313578095,9.821343317727406,13.513086916487314,1159282.0,25672.959367831045,7.294258088857736e+17,-51.705462136979506
Spherical Pores,440,0.6804224537037037,1.1630824,5220.93603515625,8.779154982072178,11.905227584772204,18.110771637517,1168659.0,22366.59583022881,5.758831232894211e+17,-34.616200122487236
Spherical Pores,441,0.6804224537037037,1.1630821,5220.93603515625,8.779154982072178,11.905227584772211,18.110771637517,1168659.0,22366.595830228813,5.758831232894203e+17,-34.616200122487236
Spherical Pores,442,0.6804224537037037,1.1630825,5220.9365234375,8.779154982072178,11.905227584772208,18.110771637517,1168659.0,22366.59583022881,5.758831232894211e+17,-34.616200122487236
Spherical Pores,443,0.6804224537037037,1.1630824,5220.93603515625,8.779154982072178,11.905227584772206,18.110771637517,1168659.0,22366.595830228813,5.758831232894203e+17,-34.616200122487236
Spherical Pores,444,0.6959681712962963,1.1645111,6662.34814453125,8.779154982072178,12.16068371053554,18.110771637517,1196683.0,22060.395986545303,8.63824684934131e+17,-37.331781338992705
Spherical Pores,445,0.6959681712962963,1.164511,6662.34814453125,8.779154982072178,12.16068371053556,18.110771637517,1196683.0,22060.3959865453,8.63824684934131e+17,-37.331781338992705
Spherical Pores,446,0.6959681712962963,1.164511,6662.3486328125,8.779154982072178,12.160683710535551,18.110771637517,1196683.0,22060.3959865453,8.63824684934131e+17,-37.331781338992705
Spherical Pores,447,0.6959681712962963,1.1645111,6662.3486328125,8.779154982072178,12.160683710535553,18.110771637517,1196683.0,22060.3959865453,8.63824684934131e+17,-37.331781338992705
Spherical Pores,448,0.7233443287037037,1.2005676,7276.5205078125,8.82910319846056,11.714725422491895,18.24828789958463,1242294.0,21726.647285799692,1.182000246196809e+18,-35.25281989485482
Spherical Pores,449,0.7233443287037037,1.2005675,7276.5205078125,8.82910319846056,11.714725422491897,18.24828789958463,1242294.0,21726.64728579969,1.182000246196809e+18,-35.25281989485482
Spherical Pores,450,0.7233443287037037,1.2005675,7276.52099609375,8.82910319846056,11.714725422491892,18.24828789958463,1242294.0,21726.647285799692,1.182000246196809e+18,-35.25281989485482
Spherical Pores,451,0.7233443287037037,1.2005674,7276.52001953125,8.82910319846056,11.714725422491892,18.24828789958463,1242294.0,21726.64728579969,1.182000246196809e+18,-35.25281989485482
Spherical Pores,452,0.7105711805555556,1.1791894,6227.32958984375,8.96651224943781,12.196648052158832,18.627935614267468,1219232.0,21453.44277038279,1.182000246196809e+18,-31.661886491343935
Spherical Pores,453,0.7105711805555556,1.1791888,6227.330078125,8.96651224943781,12.196648052158825,18.627935614267468,1219232.0,21453.442770382793,1.182000246196809e+18,-31.661886491343935
Spherical Pores,454,0.7105711805555556,1.1791896,6227.32958984375,8.96651224943781,12.196648052158826,18.627935614267468,1219232.0,21453.44277038279,1.182000246196809e+18,-31.661886491343935
Spherical Pores,455,0.7105711805555556,1.1791884,6227.330078125,8.96651224943781,12.196648052158828,18.627935614267468,1219232.0,21453.442770382793,1.182000246196809e+18,-31.661886491343935
Spherical Pores,456,0.734203125,1.2179767,6737.87548828125,9.905279978734567,12.183342727768995,18.110771637517,1260674.0,21666.268755389403,1.182000246196809e+18,-40.56461612054682
Spherical Pores,457,0.734203125,1.2179763,6737.87548828125,9.905279978734567,12.183342727768995,18.110771637517,1260674.0,21666.2687553894,1.182000246196809e+18,-40.56461612054682
Spherical Pores,458,0.734203125,1.2179763,6737.87548828125,9.905279978734567,12.183342727768988,18.110771637517,1260674.0,21666.268755389403,1.182000246196809e+18,-40.56461612054682
Spherical Pores,459,0.734203125,1.2179767,6737.8759765625,9.905279978734567,12.18334272776899,18.110771637517,1260674.0,21666.2687553894,1.182000246196809e+18,-40.56461612054682
Spherical Pores,460,0.6882459490740741,1.156574,6721.78857421875,9.905279978734567,11.92064368020004,18.110771637517,1182048.0,22124.424645084608,9.433685752498004e+17,-37.00352426886567
Spherical Pores,461,0.6882459490740741,1.1565747,6721.78857421875,9.905279978734567,11.920643680200042,18.110771637517,1182048.0,22124.42464508461,1.02291246556547e+18,-37.00352426886567
Spherical Pores,462,0.6882459490740741,1.1565747,6721.78857421875,9.905279978734567,11.92064368020004,18.110771637517,1182048.0,22124.424645084608,1.02291246556547e+18,-37.00352426886567
Spherical Pores,463,0.6882459490740741,1.1565744,6721.78857421875,9.905279978734567,11.92064368020004,18.110771637517,1182048.0,22124.42464508461,9.433685752498004e+17,-37.00352426886567
Spherical Pores,464,0.715207175925926,1.1397485,7663.46923828125,8.779154982072178,12.24945500989133,18.110771637517,1227696.0,22012.67136536493,1.182000246196809e+18,-46.532926486492904
Spherical Pores,465,0.715207175925926,1.1397488,7663.46875,8.779154982072178,12.249455009891323,18.110771637517,1227696.0,22012.67136536493,1.182000246196809e+18,-46.532926486492904
Spherical Pores,466,0.715207175925926,1.1397487,7663.46875,8.779154982072178,12.249455009891326,18.110771637517,1227696.0,22012.67136536493,1.182000246196809e+18,-46.532926486492904
Spherical Pores,467,0.715207175925926,1.1397487,7663.46875,8.779154982072178,12.249455009891335,18.110771637517,1227696.0,22012.67136536493,1.182000246196809e+18,-46.532926486492904
Spherical Pores,468,0.6425758101851852,1.2799011,3286.51806640625,8.779154982072178,11.891278536630896,18.110771637517,1103464.0,22813.997430587133,2.687977520967146e+17,-35.16329523936563
Spherical Pores,469,0.6425758101851852,1.2799011,3286.51806640625,8.779154982072178,11.891278536630889,18.110771637517,1103464.0,22813.997430587136,2.687977520967146e+17,-35.16329523936563
Spherical Pores,470,0.6425758101851852,1.2799008,3286.51806640625,8.779154982072178,11.891278536630896,18.110771637517,1103464.0,22813.997430587133,2.687977520967146e+17,-35.16329523936563
Spherical Pores,471,0.6425758101851852,1.2799004,3286.51806640625,8.779154982072178,11.891278536630896,18.110771637517,1103464.0,22813.997430587136,2.687977520967146e+17,-35.16329523936563
Spherical Pores,472,0.6994930555555555,1.1838859,6361.29638671875,8.956813548008729,11.763371446846772,18.601075046419144,1202441.0,21522.620484634033,1.182000246196809e+18,-33.93979161434668
Spherical Pores,473,0.6994930555555555,1.1838862,6361.2958984375,8.956813548008729,11.763371446846767,18.601075046419144,1202441.0,21522.62048463403,1.182000246196809e+18,-33.93979161434668
Spherical Pores,474,0.6994930555555555,1.1838857,6361.2958984375,8.956813548008729,11.763371446846772,18.601075046419144,1202441.0,21522.620484634033,1.182000246196809e+18,-33.93979161434668
Spherical Pores,475,0.6994930555555555,1.1838857,6361.29638671875,8.956813548008729,11.763371446846767,18.601075046419144,1202441.0,21522.62048463403,1.182000246196809e+18,-33.93979161434668
Spherical Pores,476,0.7086336805555555,1.237344,7153.359375,9.941042918462946,12.113336219798494,16.121951941266968,1217571.0,20868.45730659196,1.182000246196809e+18,-33.382749313525046
Spherical Pores,477,0.7086336805555555,1.2373435,7153.35791015625,9.941042918462946,12.113336219798494,16.121951941266968,1217571.0,20868.45730659196,1.182000246196809e+18,-33.382749313525046
Spherical Pores,478,0.7086336805555555,1.2373435,7153.35791015625,9.941042918462946,12.113336219798503,16.121951941266968,1217571.0,20868.45730659196,1.182000246196809e+18,-33.382749313525046
Spherical Pores,479,0.7086336805555555,1.2373439,7153.359375,9.941042918462946,12.113336219798496,16.121951941266968,1217571.0,20868.457306591958,1.182000246196809e+18,-33.382749313525046
Spherical Pores,480,0.8005266203703704,1.1240172,4145.2001953125,5.606454032149879,6.8651222754674475,11.401754068363152,1374730.0,33526.66839950464,1.182000246196808e+18,-286.1904292310576
Spherical Pores,481,0.8005266203703704,1.1240176,4145.2001953125,5.606454032149879,6.865122275467449,11.401754068363152,1374730.0,33526.66839950464,1.182000246196808e+18,-286.1904292310576
Spherical Pores,482,0.8005266203703704,1.1240177,4145.2001953125,5.606454032149879,6.865122275467445,11.401754068363152,1374730.0,33526.66839950464,1.182000246196808e+18,-286.1904292310576
Spherical Pores,483,0.8005266203703704,1.1240174,4145.201171875,5.606454032149879,6.865122275467451,11.401754068363152,1374730.0,33526.66839950463,1.182000246196808e+18,-286.1904292310576
Spherical Pores,484,0.7811064814814814,1.1474564,3472.51123046875,5.33496946355521,6.740103037897548,10.63014543978416,1340852.0,34724.19634112706,1.182000246196808e+18,-298.9327718623524
Spherical Pores,485,0.7811064814814814,1.1474566,3472.510986328125,5.33496946355521,6.7401030378975495,10.63014543978416,1340852.0,34724.19634112706,1.182000246196808e+18,-298.9327718623524
Spherical Pores,486,0.7811064814814814,1.1474563,3472.51123046875,5.33496946355521,6.74010303789755,10.63014543978416,1340852.0,34724.19634112706,1.182000246196808e+18,-298.9327718623524
Spherical Pores,487,0.7811064814814814,1.1474563,3472.510986328125,5.33496946355521,6.740103037897548,10.63014543978416,1340852.0,34724.19634112706,1.182000246196808e+18,-298.9327718623524
Spherical Pores,488,0.7965497685185186,1.132242,4032.258544921875,5.417408003671322,6.959329174760848,10.862780518715192,1368636.0,33298.20387380817,1.182000246196808e+18,-273.71666056623025
Spherical Pores,489,0.7965497685185186,1.1322416,4032.2587890625,5.417408003671322,6.959329174760843,10.862780518715192,1368636.0,33298.20387380817,1.182000246196808e+18,-273.71666056623025
Spherical Pores,490,0.7965497685185186,1.1322415,4032.2587890625,5.417408003671322,6.9593291747608435,10.862780518715192,1368636.0,33298.20387380817,1.182000246196808e+18,-273.71666056623025
Spherical Pores,491,0.7965497685185186,1.1322418,4032.258056640625,5.417408003671322,6.9593291747608435,10.862780518715192,1368636.0,33298.20387380817,1.182000246196808e+18,-273.71666056623025
Spherical Pores,492,0.7789502314814815,1.1388874,3590.3037109375,5.465792635604961,6.909804204604813,10.999999970229567,1336692.0,34413.41077275928,1.182000246196808e+18,-267.330568474668
Spherical Pores,493,0.7789502314814815,1.1388876,3590.30419921875,5.465792635604961,6.909804204604814,10.999999970229567,1336692.0,34413.41077275928,1.182000246196808e+18,-267.330568474668
Spherical Pores,494,0.7789502314814815,1.1388879,3590.3037109375,5.465792635604961,6.909804204604812,10.999999970229567,1336692.0,34413.41077275928,1.182000246196808e+18,-267.330568474668
Spherical Pores,495,0.7789502314814815,1.1388881,3590.3037109375,5.465792635604961,6.909804204604812,10.999999970229567,1336692.0,34413.41077275928,1.182000246196808e+18,-267.330568474668
Spherical Pores,496,0.7835885416666667,1.1430234,3446.27490234375,5.21549904462506,6.828737664190139,9.342414210152528,1346463.0,34519.04158593655,1.182000246196808e+18,-301.489198135766
Spherical Pores,497,0.7835885416666667,1.1430224,3446.27490234375,5.21549904462506,6.828737664190145,9.342414210152528,1346463.0,34519.04158593655,1.182000246196808e+18,-301.489198135766
Spherical Pores,498,0.7835885416666667,1.1430224,3446.27490234375,5.21549904462506,6.828737664190146,9.342414210152528,1346463.0,34519.04158593655,1.182000246196808e+18,-301.489198135766
Spherical Pores,499,0.7835885416666667,1.1430234,3446.27490234375,5.21549904462506,6.828737664190146,9.342414210152528,1346463.0,34519.04158593655,1.182000246196808e+18,-301.489198135766
Spherical Pores,500,0.7958020833333334,1.1340382,3982.136474609375,5.808111257163678,6.924397600713311,10.440306193624936,1366421.0,33821.8417898885,1.182000246196808e+18,-280.03312237018986
Spherical Pores,501,0.7958020833333334,1.1340376,3982.136474609375,5.808111257163678,6.924397600713306,10.440306193624936,1366421.0,33821.84178988851,1.182000246196808e+18,-280.03312237018986
Spherical Pores,502,0.7958020833333334,1.1340373,3982.136474609375,5.808111257163678,6.924397600713308,10.440306193624936,1366421.0,33821.84178988851,1.182000246196808e+18,-280.03312237018986
Spherical Pores,503,0.7958020833333334,1.1340374,3982.13720703125,5.808111257163678,6.9243976007133075,10.440306193624936,1366421.0,33821.84178988851,1.182000246196808e+18,-280.03312237018986
Spherical Pores,504,0.7912546296296297,1.1254756,4379.35009765625,5.417408003671322,6.95348055342353,10.862780518715192,1358549.0,33413.1751376868,1.182000246196808e+18,-253.3348806665244
Spherical Pores,505,0.7912546296296297,1.125475,4379.349609375,5.417408003671322,6.95348055342353,10.862780518715192,1358549.0,33413.1751376868,1.182000246196808e+18,-253.3348806665244
Spherical Pores,506,0.7912546296296297,1.1254748,4379.35009765625,5.417408003671322,6.953480553423527,10.862780518715192,1358549.0,33413.1751376868,1.182000246196808e+18,-253.3348806665244
Spherical Pores,507,0.7912546296296297,1.1254749,4379.349609375,5.417408003671322,6.953480553423528,10.862780518715192,1358549.0,33413.1751376868,1.182000246196808e+18,-253.3348806665244
Spherical Pores,508,0.7957314814814814,1.1505759,3988.782470703125,5.351642747543431,6.922725189981468,10.677077532298759,1366838.0,33228.17902053175,1.182000246196808e+18,-255.15521532813798
Spherical Pores,509,0.7957314814814814,1.150576,3988.783203125,5.351642747543431,6.922725189981475,10.677077532298759,1366838.0,33228.17902053176,1.182000246196808e+18,-255.15521532813798
Spherical Pores,510,0.7957314814814814,1.1505755,3988.783203125,5.351642747543431,6.922725189981473,10.677077532298759,1366838.0,33228.17902053175,1.182000246196808e+18,-255.15521532813798
Spherical Pores,511,0.7957314814814814,1.150575,3988.782470703125,5.351642747543431,6.9227251899814695,10.677077532298759,1366838.0,33228.17902053176,1.182000246196808e+18,-255.15521532813798
Spherical Pores,512,0.8067974537037037,1.1258444,4517.65283203125,5.401103169409115,6.999215823062922,10.816653135594944,1384759.0,32651.7351200298,1.182000246196808e+18,-252.091482673619
Spherical Pores,513,0.8067974537037037,1.1258452,4517.65283203125,5.401103169409115,6.999215823062921,10.816653135594944,1384759.0,32651.7351200298,1.182000246196808e+18,-252.091482673619
Spherical Pores,514,0.8067974537037037,1.1258442,4517.65283203125,5.401103169409115,6.999215823062925,10.816653135594944,1384759.0,32651.735120029807,1.182000246196808e+18,-252.091482673619
Spherical Pores,515,0.8067974537037037,1.1258448,4517.65283203125,5.401103169409115,6.999215823062927,10.816653135594944,1384759.0,32651.735120029796,1.182000246196808e+18,-252.091482673619
Spherical Pores,516,0.7921226851851851,1.1425958,3795.7900390625,5.2048275575758876,6.849152198055713,11.874341040492869,1360088.0,33842.20499192095,1.182000246196808e+18,-272.0952695834816
Spherical Pores,517,0.7921226851851851,1.1425966,3795.7900390625,5.2048275575758876,6.8491521980557115,11.874341040492869,1360088.0,33842.20499192095,1.182000246196808e+18,-272.0952695834816
Spherical Pores,518,0.7921226851851851,1.1425962,3795.7900390625,5.2048275575758876,6.849152198055708,11.874341040492869,1360088.0,33842.20499192095,1.182000246196808e+18,-272.0952695834816
Spherical Pores,519,0.7921226851851851,1.142596,3795.7900390625,5.2048275575758876,6.8491521980557115,11.874341040492869,1360088.0,33842.20499192095,1.182000246196808e+18,-272.0952695834816
Spherical Pores,520,0.7913969907407408,1.1331121,6423.0625,6.76558891667789,9.066570555858874,14.866069191748569,1359069.0,26744.065177829878,1.1820002461968087e+18,-90.99683871279116
Spherical Pores,521,0.7913969907407408,1.1331122,6423.06298828125,6.76558891667789,9.066570555858874,14.866069191748569,1359069.0,26744.06517782987,1.1820002461968087e+18,-90.99683871279116
Spherical Pores,522,0.7913969907407408,1.133112,6423.0625,6.76558891667789,9.066570555858876,14.866069191748569,1359069.0,26744.065177829878,1.1820002461968087e+18,-90.99683871279116
Spherical Pores,523,0.7913969907407408,1.1331121,6423.0625,6.76558891667789,9.066570555858874,14.866069191748569,1359069.0,26744.06517782987,1.1820002461968087e+18,-90.99683871279116
Spherical Pores,524,0.7772129629629629,1.125357,6736.58251953125,7.096877917121268,8.743227012215774,13.638180873463709,1335099.0,27099.041877857304,1.1820002461968087e+18,-94.8066101630534
Spherical Pores,525,0.7772129629629629,1.125357,6736.58251953125,7.096877917121268,8.743227012215778,13.638180873463709,1335099.0,27099.041877857308,1.1820002461968087e+18,-94.8066101630534
Spherical Pores,526,0.7772129629629629,1.1253572,6736.58251953125,7.096877917121268,8.743227012215778,13.638180873463709,1335099.0,27099.041877857304,1.1820002461968087e+18,-94.8066101630534
Spherical Pores,527,0.7772129629629629,1.1253569,6736.58251953125,7.096877917121268,8.743227012215778,13.638180873463709,1335099.0,27099.041877857308,1.1820002461968087e+18,-94.8066101630534
Spherical Pores,528,0.7944299768518519,1.1396124,6664.73291015625,7.209840439071687,8.892751243003568,13.928388479609902,1363507.0,26493.930335297824,1.1820002461968087e+18,-90.95704997701819
Spherical Pores,529,0.7944299768518519,1.1396132,6664.732421875,7.209840439071687,8.892751243003572,13.928388479609902,1363507.0,26493.930335297824,1.1820002461968087e+18,-90.95704997701819
Spherical Pores,530,0.7944299768518519,1.1396128,6664.73291015625,7.209840439071687,8.892751243003573,13.928388479609902,1363507.0,26493.930335297824,1.1820002461968087e+18,-90.95704997701819
Spherical Pores,531,0.7944299768518519,1.1396128,6664.73291015625,7.209840439071687,8.89275124300357,13.928388479609902,1363507.0,26493.930335297824,1.1820002461968087e+18,-90.95704997701819
Spherical Pores,532,0.78934375,1.1402994,5813.6357421875,6.4839656892561806,8.789944533202593,12.542171144784101,1354211.0,27698.938560714785,1.1820002461968087e+18,-114.03451672534301
Spherical Pores,533,0.78934375,1.1402997,5813.6357421875,6.4839656892561806,8.789944533202595,12.542171144784101,1354211.0,27698.938560714785,1.1820002461968087e+18,-114.03451672534301
Spherical Pores,534,0.78934375,1.1403006,5813.6357421875,6.4839656892561806,8.789944533202595,12.542171144784101,1354211.0,27698.938560714785,1.1820002461968087e+18,-114.03451672534301
Spherical Pores,535,0.78934375,1.1403,5813.63671875,6.4839656892561806,8.789944533202592,12.542171144784101,1354211.0,27698.938560714785,1.1820002461968087e+18,-114.03451672534301
Spherical Pores,536,0.7719652777777778,1.16136,5407.201171875,6.530526277573753,8.749645011106686,12.664176399359539,1324645.0,27796.21008941281,1.1820002461968087e+18,-105.33073077500498
Spherical Pores,537,0.7719652777777778,1.16136,5407.20166015625,6.530526277573753,8.749645011106681,12.664176399359539,1324645.0,27796.21008941281,1.1820002461968087e+18,-105.33073077500498
Spherical Pores,538,0.7719652777777778,1.1613598,5407.20166015625,6.530526277573753,8.749645011106685,12.664176399359539,1324645.0,27796.21008941281,1.1820002461968087e+18,-105.33073077500498
Spherical Pores,539,0.7719652777777778,1.1613598,5407.201171875,6.530526277573753,8.74964501110668,12.664176399359539,1324645.0,27796.21008941281,1.1820002461968087e+18,-105.33073077500498
Spherical Pores,540,0.7699137731481481,1.1409308,5859.90234375,7.139588640402883,8.706955567660367,13.747727646791398,1323049.0,27747.042565918444,1.1820002461968087e+18,-103.81875881563197
Spherical Pores,541,0.7699137731481481,1.1409308,5859.90234375,7.139588640402883,8.706955567660376,13.747727646791398,1323049.0,27747.042565918437,1.1820002461968087e+18,-103.81875881563197
Spherical Pores,542,0.7699137731481481,1.1409305,5859.90283203125,7.139588640402883,8.706955567660374,13.747727646791398,1323049.0,27747.042565918444,1.1820002461968087e+18,-103.81875881563197
Spherical Pores,543,0.7699137731481481,1.1409312,5859.90185546875,7.139588640402883,8.706955567660376,13.747727646791398,1323049.0,27747.042565918437,1.1820002461968087e+18,-103.81875881563197
Spherical Pores,544,0.7805538194444445,1.1479353,5771.4873046875,6.8463248775309635,8.895906573675468,12.99999958354357,1340147.0,26799.187732120237,1.1820002461968087e+18,-85.37667978485861
Spherical Pores,545,0.7805538194444445,1.1479348,5771.4873046875,6.8463248775309635,8.89590657367547,12.99999958354357,1340147.0,26799.187732120237,1.1820002461968087e+18,-85.37667978485861
Spherical Pores,546,0.7805538194444445,1.147935,5771.4873046875,6.8463248775309635,8.895906573675466,12.99999958354357,1340147.0,26799.187732120237,1.1820002461968087e+18,-85.37667978485861
Spherical Pores,547,0.7805538194444445,1.1479353,5771.48828125,6.8463248775309635,8.895906573675465,12.99999958354357,1340147.0,26799.187732120237,1.1820002461968087e+18,-85.37667978485861
Spherical Pores,548,0.779447337962963,1.1858926,5195.95068359375,6.800494787757339,8.838418890092766,12.884097898823143,1337378.0,27674.84550241683,1.1820002461968087e+18,-100.3670859873265
Spherical Pores,549,0.779447337962963,1.1858935,5195.95068359375,6.800494787757339,8.838418890092763,12.884097898823143,1337378.0,27674.845502416836,1.1820002461968087e+18,-100.3670859873265
Spherical Pores,550,0.779447337962963,1.1858932,5195.95068359375,6.800494787757339,8.838418890092766,12.884097898823143,1337378.0,27674.845502416836,1.1820002461968087e+18,-100.3670859873265
Spherical Pores,551,0.779447337962963,1.185893,5195.95068359375,6.800494787757339,8.838418890092765,12.884097898823143,1337378.0,27674.845502416836,1.1820002461968087e+18,-100.3670859873265
Spherical Pores,552,0.7866527777777778,1.1427745,5760.30810546875,6.797974557603473,8.978545015019101,13.370897117553818,1351614.0,26965.888040733786,1.1820002461968087e+18,-102.6549382942725
Spherical Pores,553,0.7866527777777778,1.1427742,5760.30810546875,6.797974557603473,8.978545015019092,13.370897117553818,1351614.0,26965.888040733782,1.1820002461968087e+18,-102.6549382942725
Spherical Pores,554,0.7866527777777778,1.1427745,5760.3076171875,6.797974557603473,8.978545015019096,13.370897117553818,1351614.0,26965.888040733786,1.1820002461968087e+18,-102.6549382942725
Spherical Pores,555,0.7866527777777778,1.1427741,5760.30810546875,6.797974557603473,8.978545015019098,13.370897117553818,1351614.0,26965.888040733782,1.1820002461968087e+18,-102.6549382942725
Spherical Pores,556,0.7953993055555556,1.1163921,7259.5556640625,6.721963057167331,8.992544143953051,14.730918214856723,1366366.0,26280.180653613257,1.1820002461968087e+18,-90.20106399733169
Spherical Pores,557,0.7953993055555556,1.1163919,7259.5556640625,6.721963057167331,8.992544143953053,14.730918214856723,1366366.0,26280.180653613254,1.1820002461968087e+18,-90.20106399733169
Spherical Pores,558,0.7953993055555556,1.1163919,7259.55517578125,6.721963057167331,8.992544143953046,14.730918214856723,1366366.0,26280.180653613254,1.1820002461968087e+18,-90.20106399733169
Spherical Pores,559,0.7953993055555556,1.1163925,7259.55517578125,6.721963057167331,8.992544143953046,14.730918214856723,1366366.0,26280.180653613257,1.1820002461968087e+18,-90.20106399733169
Spherical Pores,560,0.7566597222222222,1.1649921,6797.361328125,8.240050131770328,10.866827654203407,16.643313937698313,1299313.0,23638.73693789105,1.182000246196809e+18,-49.367873910317286
Spherical Pores,561,0.7566597222222222,1.1649916,6797.361328125,8.240050131770328,10.866827654203401,16.643313937698313,1299313.0,23638.736937891048,1.182000246196809e+18,-49.367873910317286
Spherical Pores,562,0.7566597222222222,1.1649917,6797.361328125,8.240050131770328,10.866827654203412,16.643313937698313,1299313.0,23638.736937891048,1.182000246196809e+18,-49.367873910317286
Spherical Pores,563,0.7566597222222222,1.1649915,6797.361328125,8.240050131770328,10.866827654203401,16.643313937698313,1299313.0,23638.736937891048,1.182000246196809e+18,-49.367873910317286
Spherical Pores,564,0.7532824074074074,1.1421896,6873.306640625,7.4762240023444555,10.761389616076196,15.20690265531322,1294918.0,23221.257776821054,1.182000246196809e+18,-46.96065539605237
Spherical Pores,565,0.7532824074074074,1.1421894,6873.30615234375,7.4762240023444555,10.761389616076197,15.20690265531322,1294918.0,23221.257776821058,1.182000246196809e+18,-46.96065539605237
Spherical Pores,566,0.7532824074074074,1.1421885,6873.30615234375,7.4762240023444555,10.761389616076196,15.20690265531322,1294918.0,23221.257776821054,1.182000246196809e+18,-46.96065539605237
Spherical Pores,567,0.7532824074074074,1.1421895,6873.30615234375,7.4762240023444555,10.761389616076196,15.20690265531322,1294918.0,23221.25777682105,1.182000246196809e+18,-46.96065539605237
Spherical Pores,568,0.7758107638888889,1.1256198,10078.666015625,8.251194235544208,10.895953846938403,16.673332624338627,1333924.0,22986.02592825938,1.182000246196809e+18,-52.09340231076599
Spherical Pores,569,0.7758107638888889,1.1256201,10078.666015625,8.251194235544208,10.895953846938395,16.673332624338627,1333924.0,22986.02592825938,1.182000246196809e+18,-52.09340231076599
Spherical Pores,570,0.7758107638888889,1.1256196,10078.666015625,8.251194235544208,10.895953846938388,16.673332624338627,1333924.0,22986.025928259376,1.182000246196809e+18,-52.09340231076599
Spherical Pores,571,0.7758107638888889,1.1256195,10078.666015625,8.251194235544208,10.895953846938397,16.673332624338627,1333924.0,22986.02592825938,1.182000246196809e+18,-52.09340231076599
Spherical Pores,572,0.7807453703703704,1.1314263,9842.431640625,8.543040432670805,10.771540118443085,15.502213050223787,1339335.0,23190.86963785124,1.182000246196809e+18,-48.97993373653079
Spherical Pores,573,0.7807453703703704,1.1314265,9842.4306640625,8.543040432670805,10.771540118443092,15.502213050223787,1339335.0,23190.86963785124,1.182000246196809e+18,-48.97993373653079
Spherical Pores,574,0.7807453703703704,1.1314263,9842.4306640625,8.543040432670805,10.771540118443088,15.502213050223787,1339335.0,23190.86963785124,1.182000246196809e+18,-48.97993373653079
Spherical Pores,575,0.7807453703703704,1.1314265,9842.4306640625,8.543040432670805,10.771540118443092,15.502213050223787,1339335.0,23190.86963785124,1.182000246196809e+18,-48.97993373653079
Spherical Pores,576,0.7718732638888889,1.1196921,10236.166015625,8.55353242669956,10.759961614804405,17.492854138527438,1325091.0,22327.845262497947,1.182000246196809e+18,-48.69146540217673
Spherical Pores,577,0.7718732638888889,1.1196918,10236.166015625,8.55353242669956,10.75996161480441,17.492854138527438,1325091.0,22327.845262497944,1.182000246196809e+18,-48.69146540217673
Spherical Pores,578,0.7718732638888889,1.1196914,10236.1669921875,8.55353242669956,10.759961614804407,17.492854138527438,1325091.0,22327.845262497947,1.182000246196809e+18,-48.69146540217673
Spherical Pores,579,0.7718732638888889,1.119692,10236.166015625,8.55353242669956,10.759961614804405,17.492854138527438,1325091.0,22327.845262497947,1.182000246196809e+18,-48.69146540217673
Spherical Pores,580,0.766134837962963,1.1315162,8236.7392578125,8.149991038364464,10.655170806747114,16.401220785827423,1316933.0,23688.631119816764,1.182000246196809e+18,-46.83134200479021
Spherical Pores,581,0.766134837962963,1.1315163,8236.7392578125,8.149991038364464,10.655170806747114,16.401220785827423,1316933.0,23688.631119816764,1.182000246196809e+18,-46.83134200479021
Spherical Pores,582,0.766134837962963,1.1315166,8236.7392578125,8.149991038364464,10.655170806747115,16.401220785827423,1316933.0,23688.631119816764,1.182000246196809e+18,-46.83134200479021
Spherical Pores,583,0.766134837962963,1.1315165,8236.7392578125,8.149991038364464,10.655170806747117,16.401220785827423,1316933.0,23688.63111981677,1.182000246196809e+18,-46.83134200479021
Spherical Pores,584,0.7829045138888889,1.1270792,8969.42578125,8.104331834803084,10.872199537576424,14.492344984386053,1343492.0,23283.392196412922,1.182000246196809e+18,-56.89789215535259
Spherical Pores,585,0.7829045138888889,1.1270788,8969.42578125,8.104331834803084,10.872199537576412,14.492344984386053,1343492.0,23283.392196412922,1.182000246196809e+18,-56.89789215535259
Spherical Pores,586,0.7829045138888889,1.1270795,8969.4248046875,8.104331834803084,10.872199537576419,14.492344984386053,1343492.0,23283.392196412922,1.182000246196809e+18,-56.89789215535259
Spherical Pores,587,0.7829045138888889,1.1270792,8969.42578125,8.104331834803084,10.872199537576417,14.492344984386053,1343492.0,23283.392196412922,1.182000246196809e+18,-56.89789215535259
Spherical Pores,588,0.782,1.1176633,10607.251953125,9.317075442902269,11.008888422418234,14.905222994063115,1343052.0,22252.22995842773,1.182000246196809e+18,-42.951940266925256
Spherical Pores,589,0.782,1.1176623,10607.2529296875,9.317075442902269,11.008888422418229,14.905222994063115,1343052.0,22252.22995842773,1.182000246196809e+18,-42.951940266925256
Spherical Pores,590,0.782,1.1176634,10607.2529296875,9.317075442902269,11.008888422418234,14.905222994063115,1343052.0,22252.22995842773,1.182000246196809e+18,-42.951940266925256
Spherical Pores,591,0.782,1.1176623,10607.2529296875,9.317075442902269,11.008888422418233,14.905222994063115,1343052.0,22252.22995842773,1.182000246196809e+18,-42.951940266925256
Spherical Pores,592,0.7745219907407408,1.1261048,9601.1748046875,8.55353242669956,10.808316488696143,17.492854138527438,1330452.0,22715.81810363799,1.182000246196809e+18,-49.86523310747946
Spherical Pores,593,0.7745219907407408,1.1261042,9601.1748046875,8.55353242669956,10.808316488696136,17.492854138527438,1330452.0,22715.818103637994,1.182000246196809e+18,-49.86523310747946
Spherical Pores,594,0.7745219907407408,1.1261045,9601.1748046875,8.55353242669956,10.80831648869614,17.492854138527438,1330452.0,22715.81810363799,1.182000246196809e+18,-49.86523310747946
Spherical Pores,595,0.7745219907407408,1.1261042,9601.17578125,8.55353242669956,10.80831648869614,17.492854138527438,1330452.0,22715.818103637994,1.182000246196809e+18,-49.86523310747946
Spherical Pores,596,0.783724537037037,1.1435484,9156.8369140625,8.7097263005131,10.774952681187951,15.394802261840416,1345660.0,22890.810315829985,1.182000246196809e+18,-50.223331729436225
Spherical Pores,597,0.783724537037037,1.1435481,9156.8369140625,8.7097263005131,10.774952681187955,15.394802261840416,1345660.0,22890.810315829985,1.182000246196809e+18,-50.223331729436225
Spherical Pores,598,0.783724537037037,1.1435479,9156.8369140625,8.7097263005131,10.774952681187944,15.394802261840416,1345660.0,22890.810315829985,1.182000246196809e+18,-50.223331729436225
Spherical Pores,599,0.783724537037037,1.1435483,9156.8359375,8.7097263005131,10.77495268118794,15.394802261840416,1345660.0,22890.810315829985,1.182000246196809e+18,-50.223331729436225
Spherical Pores,600,0.7968275462962963,1.1100168,12350.904296875,9.109944903897697,12.725903421145077,16.828596726501807,1369727.0,19405.364467318388,1.182000246196809e+18,-33.77068948731154
Spherical Pores,601,0.7968275462962963,1.1100166,12350.904296875,9.109944903897697,12.725903421145084,16.828596726501807,1369727.0,19405.364467318388,1.182000246196809e+18,-33.77068948731154
Spherical Pores,602,0.7968275462962963,1.1100167,12350.904296875,9.109944903897697,12.725903421145077,16.828596726501807,1369727.0,19405.364467318384,1.182000246196809e+18,-33.77068948731154
Spherical Pores,603,0.7968275462962963,1.1100163,12350.904296875,9.109944903897697,12.725903421145082,16.828596726501807,1369727.0,19405.364467318388,1.182000246196809e+18,-33.77068948731154
Spherical Pores,604,0.7678888888888888,1.1364498,9400.412109375,9.091037627430099,12.420808649295346,16.783980669217996,1319440.0,20817.536404772934,1.182000246196809e+18,-36.78468622211431
Spherical Pores,605,0.7678888888888888,1.1364498,9400.4111328125,9.091037627430099,12.420808649295354,16.783980669217996,1319440.0,20817.536404772934,1.182000246196809e+18,-36.78468622211431
Spherical Pores,606,0.7678888888888888,1.1364495,9400.4111328125,9.091037627430099,12.420808649295347,16.783980669217996,1319440.0,20817.536404772934,1.182000246196809e+18,-36.78468622211431
Spherical Pores,607,0.7678888888888888,1.136449,9400.41015625,9.091037627430099,12.420808649295354,16.783980669217996,1319440.0,20817.536404772934,1.182000246196809e+18,-36.78468622211431
Spherical Pores,608,0.7699131944444444,1.1242806,10733.96875,8.878586157344312,12.068549201730148,16.284433330382548,1320945.0,21033.664470295822,1.182000246196809e+18,-41.00229221404954
Spherical Pores,609,0.7699131944444444,1.1242795,10733.9677734375,8.878586157344312,12.068549201730157,16.284433330382548,1320945.0,21033.664470295822,1.182000246196809e+18,-41.00229221404954
Spherical Pores,610,0.7699131944444444,1.1242795,10733.96875,8.878586157344312,12.068549201730152,16.284433330382548,1320945.0,21033.66447029582,1.182000246196809e+18,-41.00229221404954
Spherical Pores,611,0.7699131944444444,1.1242796,10733.9677734375,8.878586157344312,12.068549201730152,16.284433330382548,1320945.0,21033.664470295822,1.182000246196809e+18,-41.00229221404954
Spherical Pores,612,0.8005486111111111,1.1042497,16402.984375,10.310896095864386,12.857123715902151,16.850856124634657,1375600.0,18816.121183249546,1.182000246196809e+18,-28.240055214868182
Spherical Pores,613,0.8005486111111111,1.1042496,16402.984375,10.310896095864386,12.85712371590215,16.850856124634657,1375600.0,18816.121183249546,1.182000246196809e+18,-28.240055214868182
Spherical Pores,614,0.8005486111111111,1.1042498,16402.984375,10.310896095864386,12.857123715902151,16.850856124634657,1375600.0,18816.121183249546,1.182000246196809e+18,-28.240055214868182
Spherical Pores,615,0.8005486111111111,1.1042497,16402.984375,10.310896095864386,12.857123715902157,16.850856124634657,1375600.0,18816.121183249546,1.182000246196809e+18,-28.240055214868182
Spherical Pores,616,0.7783130787037037,1.1216797,14655.36328125,9.958175900598317,12.61633158741963,18.856103710176306,1334895.0,19747.59652057743,1.182000246196809e+18,-24.420336580662692
Spherical Pores,617,0.7783130787037037,1.1216794,14655.3623046875,9.958175900598317,12.616331587419628,18.856103710176306,1334895.0,19747.59652057743,1.182000246196809e+18,-24.420336580662692
Spherical Pores,618,0.7783130787037037,1.1216794,14655.3623046875,9.958175900598317,12.616331587419628,18.856103710176306,1334895.0,19747.59652057743,1.182000246196809e+18,-24.420336580662692
Spherical Pores,619,0.7783130787037037,1.1216793,14655.3623046875,9.958175900598317,12.61633158741963,18.856103710176306,1334895.0,19747.59652057743,1.182000246196809e+18,-24.420336580662692
Spherical Pores,620,0.7565063657407407,1.1504664,7942.83349609375,9.412910904449932,12.669997996665936,17.54699783291359,1299323.0,20561.01704858829,1.182000246196809e+18,-31.97024919358448
Spherical Pores,621,0.7565063657407407,1.150466,7942.83349609375,9.412910904449932,12.669997996665941,17.54699783291359,1299323.0,20561.01704858829,1.182000246196809e+18,-31.97024919358448
Spherical Pores,622,0.7565063657407407,1.150466,7942.83349609375,9.412910904449932,12.669997996665934,17.54699783291359,1299323.0,20561.01704858829,1.182000246196809e+18,-31.97024919358448
Spherical Pores,623,0.7565063657407407,1.1504662,7942.83349609375,9.412910904449932,12.66999799666594,17.54699783291359,1299323.0,20561.01704858829,1.182000246196809e+18,-31.97024919358448
Spherical Pores,624,0.7762517361111111,1.1543415,13215.716796875,9.892730488985228,12.672587653250488,21.236758912647247,1332461.0,20430.13694824935,1.182000246196809e+18,-33.92984443040344
Spherical Pores,625,0.7762517361111111,1.1543409,13215.716796875,9.892730488985228,12.672587653250488,21.236758912647247,1332461.0,20430.13694824935,1.182000246196809e+18,-33.92984443040344
Spherical Pores,626,0.7762517361111111,1.1543416,13215.716796875,9.892730488985228,12.672587653250488,21.236758912647247,1332461.0,20430.13694824935,1.182000246196809e+18,-33.92984443040344
Spherical Pores,627,0.7762517361111111,1.1543407,13215.716796875,9.892730488985228,12.67258765325048,21.236758912647247,1332461.0,20430.13694824935,1.182000246196809e+18,-33.92984443040344
Spherical Pores,628,0.7687609953703703,1.1778332,9936.060546875,10.254442419878073,12.83020650385662,16.739236311768614,1320596.0,20022.163269234938,1.182000246196809e+18,-28.34947423824386
Spherical Pores,629,0.7687609953703703,1.1778332,9936.0595703125,10.254442419878073,12.83020650385662,16.739236311768614,1320596.0,20022.163269234938,1.182000246196809e+18,-28.34947423824386
Spherical Pores,630,0.7687609953703703,1.1778344,9936.060546875,10.254442419878073,12.830206503856619,16.739236311768614,1320596.0,20022.163269234938,1.182000246196809e+18,-28.34947423824386
Spherical Pores,631,0.7687609953703703,1.1778336,9936.060546875,10.254442419878073,12.830206503856619,16.739236311768614,1320596.0,20022.163269234938,1.182000246196809e+18,-28.34947423824386
Spherical Pores,632,0.758566550925926,1.1270703,10247.1689453125,9.536659651672416,12.478172895589744,17.842298748784298,1302413.0,20431.96392751499,1.182000246196809e+18,-30.338911026892546
Spherical Pores,633,0.758566550925926,1.1270697,10247.1689453125,9.536659651672416,12.478172895589745,17.842298748784298,1302413.0,20431.96392751499,1.182000246196809e+18,-30.338911026892546
Spherical Pores,634,0.758566550925926,1.1270698,10247.1689453125,9.536659651672416,12.478172895589747,17.842298748784298,1302413.0,20431.96392751499,1.182000246196809e+18,-30.338911026892546
Spherical Pores,635,0.758566550925926,1.1270698,10247.1689453125,9.536659651672416,12.478172895589745,17.842298748784298,1302413.0,20431.96392751499,1.182000246196809e+18,-30.338911026892546
Spherical Pores,636,0.8113090277777778,1.112534,14364.4697265625,10.231727471557717,12.584994013000333,18.86796261474776,1392187.0,19789.740274116986,1.182000246196809e+18,-36.06848897820078
Spherical Pores,637,0.8113090277777778,1.1125335,14364.4697265625,10.231727471557717,12.58499401300033,18.86796261474776,1392187.0,19789.74027411699,1.182000246196809e+18,-36.06848897820078
Spherical Pores,638,0.8113090277777778,1.1125338,14364.4697265625,10.231727471557717,12.584994013000333,18.86796261474776,1392187.0,19789.740274116986,1.182000246196809e+18,-36.06848897820078
Spherical Pores,639,0.8113090277777778,1.1125338,14364.46875,10.231727471557717,12.584994013000328,18.86796261474776,1392187.0,19789.740274116986,1.182000246196809e+18,-36.06848897820078
Spherical Grains,0,0.22551446759259258,1.2451655,80.85527038574219,4.657040321044598,7.5961925113862785,15.20690265531322,381473.0,11864.448497223195,196.70042892636073,-9.240933883273174
Spherical Grains,1,0.22551446759259258,1.2451656,80.85526275634766,4.657040321044598,7.596192511386277,15.20690265531322,381473.0,11864.448497223195,196.70042892636067,-9.240933883273174
Spherical Grains,2,0.22551446759259258,1.2451657,80.85526275634766,4.657040321044598,7.596192511386274,15.20690265531322,381473.0,11864.448497223195,196.70042892636067,-9.240933883273174
Spherical Grains,3,0.22551446759259258,1.2451653,80.85526275634766,4.657040321044598,7.596192511386276,15.20690265531322,381473.0,11864.448497223195,196.70042892636067,-9.240933883273174
Spherical Grains,4,0.23154340277777777,1.3606544,421.577880859375,4.689578352672482,7.226312890490464,12.664176399359539,393359.0,12163.3758765015,175.7468043894775,-8.723680318224513
Spherical Grains,5,0.23154340277777777,1.3606544,421.577880859375,4.689578352672482,7.226312890490464,12.664176399359539,393359.0,12163.3758765015,175.74680438947755,-8.723680318224513
Spherical Grains,6,0.23154340277777777,1.3606545,421.577880859375,4.689578352672482,7.226312890490463,12.664176399359539,393359.0,12163.3758765015,175.7468043894775,-8.723680318224513
Spherical Grains,7,0.23154340277777777,1.3606548,421.57781982421875,4.689578352672482,7.226312890490464,12.664176399359539,393359.0,12163.375876501505,175.74680438947755,-8.723680318224513
Spherical Grains,8,0.3010318287037037,1.2204887,613.5752563476562,5.157123589154868,8.734267296271659,20.663977423991568,511657.00000000006,14023.573885564074,153.57027020980027,0.2685739664675734
Spherical Grains,9,0.3010318287037037,1.2204891,613.5752563476562,5.157123589154868,8.734267296271655,20.663977423991568,511657.00000000006,14023.573885564078,153.57027020980027,0.2685739664675734
Spherical Grains,10,0.3010318287037037,1.2204887,613.5752563476562,5.157123589154868,8.734267296271657,20.663977423991568,511657.00000000006,14023.573885564074,153.57027020980027,0.2685739664675734
Spherical Grains,11,0.3010318287037037,1.2204889,613.5752563476562,5.157123589154868,8.734267296271655,20.663977423991568,511657.00000000006,14023.573885564078,153.57027020980027,0.2685739664675734
Spherical Grains,12,0.23918402777777778,1.2301315,623.1322631835938,4.622254363086703,7.357074191657359,15.006515897782995,410018.0,12238.238691368042,168.13229821106208,-0.5868838526513641
Spherical Grains,13,0.23918402777777778,1.2301314,623.1322631835938,4.622254363086703,7.357074191657359,15.006515897782995,410018.0,12238.238691368038,168.13229821106208,-0.5868838526513641
Spherical Grains,14,0.23918402777777778,1.2301322,623.1322631835938,4.622254363086703,7.357074191657358,15.006515897782995,410018.0,12238.238691368042,168.13229821106208,-0.5868838526513641
Spherical Grains,15,0.23918402777777778,1.2301315,623.1322631835938,4.622254363086703,7.357074191657355,15.006515897782995,410018.0,12238.238691368038,168.13229821106208,-0.5868838526513641
Spherical Grains,16,0.248984375,1.192386,460.9110412597656,4.489848514021325,7.342375164549944,14.254381292074651,424702.0,13010.051512913255,207.15682229908933,-2.8747361595973597
Spherical Grains,17,0.248984375,1.1923862,460.91107177734375,4.489848514021325,7.34237516454994,14.254381292074651,424702.0,13010.051512913258,207.15682229908927,-2.8747361595973597
Spherical Grains,18,0.248984375,1.192386,460.9110412597656,4.489848514021325,7.342375164549942,14.254381292074651,424702.0,13010.051512913258,207.15682229908933,-2.8747361595973597
Spherical Grains,19,0.248984375,1.1923857,460.9110412597656,4.489848514021325,7.3423751645499395,14.254381292074651,424702.0,13010.051512913258,207.15682229908927,-2.8747361595973597
Spherical Grains,20,0.26663020833333334,1.2862468,681.1342163085938,4.707943285116611,7.960026939149944,15.502213050223787,454699.0,13312.207401321586,174.66735166376085,-13.329226483946234
Spherical Grains,21,0.26663020833333334,1.2862469,681.13427734375,4.707943285116611,7.960026939149944,15.502213050223787,454699.0,13312.207401321582,174.66735166376085,-13.329226483946234
Spherical Grains,22,0.26663020833333334,1.2862473,681.13427734375,4.707943285116611,7.960026939149947,15.502213050223787,454699.0,13312.207401321582,174.66735166376085,-13.329226483946234
Spherical Grains,23,0.26663020833333334,1.2862475,681.13427734375,4.707943285116611,7.960026939149946,15.502213050223787,454699.0,13312.207401321582,174.66735166376085,-13.329226483946234
Spherical Grains,24,0.2734068287037037,1.1837834,689.267333984375,4.927858407571451,7.5438940052884735,16.806304838990258,465823.0,13544.808964347783,139.58826885718628,-2.7255284004487077
Spherical Grains,25,0.2734068287037037,1.1837837,689.267333984375,4.927858407571451,7.5438940052884735,16.806304838990258,465823.0,13544.808964347783,139.58826885718625,-2.7255284004487077
Spherical Grains,26,0.2734068287037037,1.1837834,689.267333984375,4.927858407571451,7.543894005288477,16.806304838990258,465823.0,13544.808964347783,139.58826885718625,-2.7255284004487077
Spherical Grains,27,0.2734068287037037,1.1837835,689.267333984375,4.927858407571451,7.543894005288474,16.806304838990258,465823.0,13544.808964347783,139.58826885718628,-2.7255284004487077
Spherical Grains,28,0.2575167824074074,1.2479167,226.60287475585938,4.582258238526664,7.9104025850776996,14.777545313402767,437124.0,13416.189227117118,192.3442719532134,-9.549296585513721
Spherical Grains,29,0.2575167824074074,1.2479167,226.60287475585938,4.582258238526664,7.9104025850776996,14.777545313402767,437124.0,13416.189227117115,192.3442719532134,-9.549296585513721
Spherical Grains,30,0.2575167824074074,1.2479163,226.60287475585938,4.582258238526664,7.9104025850777,14.777545313402767,437124.0,13416.189227117118,192.3442719532134,-9.549296585513721
Spherical Grains,31,0.2575167824074074,1.2479166,226.60287475585938,4.582258238526664,7.9104025850777,14.777545313402767,437124.0,13416.189227117115,192.3442719532134,-9.549296585513721
Spherical Grains,32,0.23119849537037038,1.4123615,377.85772705078125,4.776620293757688,6.559553928753692,10.998119557438786,395096.0,12894.62240447822,190.22663298523162,0.8355634512324507
Spherical Grains,33,0.23119849537037038,1.4123615,377.8577575683594,4.776620293757688,6.5595539287536955,10.998119557438786,395096.0,12894.622404478216,190.22663298523162,0.8355634512324507
Spherical Grains,34,0.23119849537037038,1.4123617,377.85772705078125,4.776620293757688,6.559553928753695,10.998119557438786,395096.0,12894.622404478216,190.22663298523162,0.8355634512324507
Spherical Grains,35,0.23119849537037038,1.4123617,377.8577575683594,4.776620293757688,6.559553928753695,10.998119557438786,395096.0,12894.62240447822,190.22663298523156,0.8355634512324507
Spherical Grains,36,0.23223379629629629,1.3209524,361.3412780761719,4.689578352672482,6.829071991183814,12.664176399359539,396683.0,12686.310310646486,192.5248585475753,-2.884683343540603
Spherical Grains,37,0.23223379629629629,1.320952,361.3412780761719,4.689578352672482,6.829071991183813,12.664176399359539,396683.0,12686.310310646486,192.52485854757532,-2.884683343540603
Spherical Grains,38,0.23223379629629629,1.3209522,361.3411865234375,4.689578352672482,6.829071991183813,12.664176399359539,396683.0,12686.310310646486,192.52485854757532,-2.884683343540603
Spherical Grains,39,0.23223379629629629,1.3209523,361.34124755859375,4.689578352672482,6.829071991183814,12.664176399359539,396683.0,12686.310310646486,192.5248585475753,-2.884683343540603
Spherical Grains,40,0.20609664351851853,1.2393128,422.5960998535156,5.0511360762251085,7.37742415795794,16.062377614122575,349913.0,10888.148107578043,163.69644198850514,-0.716197243913529
Spherical Grains,41,0.20609664351851853,1.2393128,422.5960998535156,5.0511360762251085,7.3774241579579405,16.062377614122575,349913.0,10888.148107578043,163.69644198850511,-0.716197243913529
Spherical Grains,42,0.20609664351851853,1.2393126,422.5960998535156,5.0511360762251085,7.3774241579579405,16.062377614122575,349913.0,10888.148107578043,163.69644198850514,-0.716197243913529
Spherical Grains,43,0.20609664351851853,1.2393128,422.5960998535156,5.0511360762251085,7.3774241579579405,16.062377614122575,349913.0,10888.148107578043,163.69644198850511,-0.716197243913529
Spherical Grains,44,0.21835590277777778,1.1891634,31.199424743652344,4.757406103254751,8.269670717976123,15.7915312805813,368043.0,11005.224992229987,149.95637638906007,-6.077729389321753
Spherical Grains,45,0.21835590277777778,1.1891643,31.199424743652344,4.757406103254751,8.269670717976119,15.7915312805813,368043.0,11005.224992229987,149.9563763890601,-6.077729389321753
Spherical Grains,46,0.21835590277777778,1.1891642,31.199424743652344,4.757406103254751,8.269670717976119,15.7915312805813,368043.0,11005.224992229987,149.9563763890601,-6.077729389321753
Spherical Grains,47,0.21835590277777778,1.1891639,31.199417114257812,4.757406103254751,8.26967071797612,15.7915312805813,368043.0,11005.224992229987,149.95637638906007,-6.077729389321753
Spherical Grains,48,0.2283726851851852,1.2823198,251.23980712890625,4.793614702681562,8.048054769310152,16.004795965291805,389471.0,11796.80574693115,190.31099177436425,-0.46751764533244256
Spherical Grains,49,0.2283726851851852,1.2823198,251.23980712890625,4.793614702681562,8.048054769310149,16.004795965291805,389471.0,11796.80574693115,190.31099177436425,-0.46751764533244256
Spherical Grains,50,0.2283726851851852,1.2823197,251.2397918701172,4.793614702681562,8.048054769310149,16.004795965291805,389471.0,11796.80574693115,190.31099177436425,-0.46751764533244256
Spherical Grains,51,0.2283726851851852,1.2823195,251.2397918701172,4.793614702681562,8.048054769310149,16.004795965291805,389471.0,11796.80574693115,190.31099177436425,-0.46751764533244256
Spherical Grains,52,0.18280092592592592,1.1940103,185.22824096679688,4.461101724263163,7.0901911451445665,14.093309607176273,310244.0,10490.241382813118,201.2494151317137,0.46751764533244256
Spherical Grains,53,0.18280092592592592,1.1940105,185.228271484375,4.461101724263163,7.090191145144568,14.093309607176273,310244.0,10490.241382813118,201.2494151317137,0.46751764533244256
Spherical Grains,54,0.18280092592592592,1.1940103,185.228271484375,4.461101724263163,7.090191145144568,14.093309607176273,310244.0,10490.24138281312,201.2494151317137,0.46751764533244256
Spherical Grains,55,0.18280092592592592,1.1940101,185.22824096679688,4.461101724263163,7.090191145144566,14.093309607176273,310244.0,10490.241382813116,201.2494151317137,0.46751764533244256
Spherical Grains,56,0.22599768518518518,1.2195162,216.88180541992188,4.707943285116611,7.650235418100795,15.502213050223787,382985.0,12073.032024484211,217.0524152710239,1.2732395447351628
Spherical Grains,57,0.22599768518518518,1.2195164,216.88185119628906,4.707943285116611,7.650235418100797,15.502213050223787,382985.0,12073.032024484213,217.052415271024,1.2732395447351628
Spherical Grains,58,0.22599768518518518,1.2195165,216.88185119628906,4.707943285116611,7.650235418100795,15.502213050223787,382985.0,12073.032024484211,217.0524152710239,1.2732395447351628
Spherical Grains,59,0.22599768518518518,1.2195162,216.88185119628906,4.707943285116611,7.6502354181008,15.502213050223787,382985.0,12073.032024484211,217.0524152710239,1.2732395447351628
Spherical Grains,60,0.251890625,1.3722556,264.6062316894531,4.686914522372795,7.998758437310915,15.379916645162636,429268.0,12932.315423758297,198.55275641048286,4.943750419791999
Spherical Grains,61,0.251890625,1.3722557,264.6062316894531,4.686914522372795,7.998758437310916,15.379916645162636,429268.0,12932.315423758297,198.55275641048286,4.943750419791999
Spherical Grains,62,0.251890625,1.372256,264.60626220703125,4.686914522372795,7.998758437310918,15.379916645162636,429268.0,12932.315423758293,198.55275641048289,4.943750419791999
Spherical Grains,63,0.251890625,1.3722557,264.6062316894531,4.686914522372795,7.998758437310917,15.379916645162636,429268.0,12932.315423758293,198.55275641048289,4.943750419791999
Spherical Grains,64,0.28603819444444445,1.1630388,1214.4566650390625,5.571082917126028,8.005758177037087,16.806304838990258,487727.00000000006,13211.882881739491,128.82198953320335,-6.266725884243379
Spherical Grains,65,0.28603819444444445,1.1630388,1214.4566650390625,5.571082917126028,8.005758177037086,16.806304838990258,487727.00000000006,13211.882881739491,128.8219895332033,-6.266725884243379
Spherical Grains,66,0.28603819444444445,1.1630388,1214.4566650390625,5.571082917126028,8.005758177037087,16.806304838990258,487727.00000000006,13211.882881739493,128.8219895332033,-6.266725884243379
Spherical Grains,67,0.28603819444444445,1.1630388,1214.4566650390625,5.571082917126028,8.005758177037087,16.806304838990258,487727.00000000006,13211.882881739491,128.82198953320332,-6.266725884243379
Spherical Grains,68,0.26580497685185184,1.244631,825.4083862304688,4.840775884188179,8.14209066756222,16.284433330382548,452112.00000000006,13163.944568101706,162.16483423576676,-2.8747361595973597
Spherical Grains,69,0.26580497685185184,1.2446315,825.4083862304688,4.840775884188179,8.142090667562222,16.284433330382548,452112.00000000006,13163.944568101702,162.16483423576676,-2.8747361595973597
Spherical Grains,70,0.26580497685185184,1.2446312,825.4083862304688,4.840775884188179,8.14209066756222,16.284433330382548,452112.00000000006,13163.944568101702,162.16483423576676,-2.8747361595973597
Spherical Grains,71,0.26580497685185184,1.2446309,825.4083862304688,4.840775884188179,8.14209066756222,16.284433330382548,452112.00000000006,13163.944568101702,162.16483423576676,-2.8747361595973597
Spherical Grains,72,0.19442766203703704,1.359634,153.93560791015625,4.639735117067294,7.375574716141102,15.107070451545495,328654.0,10987.810540782317,205.28181121176246,2.516637537640595
Spherical Grains,73,0.19442766203703704,1.3596343,153.93560791015625,4.639735117067294,7.375574716141104,15.107070451545495,328654.0,10987.810540782319,205.28181121176246,2.516637537640595
Spherical Grains,74,0.19442766203703704,1.3596344,153.93560791015625,4.639735117067294,7.375574716141107,15.107070451545495,328654.0,10987.810540782317,205.28181121176246,2.516637537640595
Spherical Grains,75,0.19442766203703704,1.3596342,153.93560791015625,4.639735117067294,7.375574716141105,15.107070451545495,328654.0,10987.810540782319,205.28181121176246,2.516637537640595
Spherical Grains,76,0.2622951388888889,1.2074436,703.3417358398438,4.805521969764127,8.127938165174017,18.138358025698693,447428.0,12712.694035225544,172.76568282063081,-2.486795985810865
Spherical Grains,77,0.2622951388888889,1.2074434,703.3417358398438,4.805521969764127,8.127938165174015,18.138358025698693,447428.0,12712.694035225544,172.76568282063081,-2.486795985810865
Spherical Grains,78,0.2622951388888889,1.2074429,703.3418579101562,4.805521969764127,8.127938165174015,18.138358025698693,447428.0,12712.694035225544,172.76568282063081,-2.486795985810865
Spherical Grains,79,0.2622951388888889,1.2074432,703.3418579101562,4.805521969764127,8.127938165174017,18.138358025698693,447428.0,12712.69403522554,172.76568282063081,-2.486795985810865
Spherical Grains,80,0.22610416666666666,1.1529006,595.143310546875,5.247284750587541,7.608359027767681,17.14642781666828,384617.0,11476.032875420418,171.62632899922457,-2.5663734573568124
Spherical Grains,81,0.22610416666666666,1.1529005,595.143310546875,5.247284750587541,7.608359027767678,17.14642781666828,384617.0,11476.032875420418,171.62632899922457,-2.5663734573568124
Spherical Grains,82,0.22610416666666666,1.1529006,595.143310546875,5.247284750587541,7.608359027767681,17.14642781666828,384617.0,11476.032875420418,171.62632899922457,-2.5663734573568124
Spherical Grains,83,0.22610416666666666,1.1529005,595.143310546875,5.247284750587541,7.608359027767681,17.14642781666828,384617.0,11476.032875420418,171.62632899922454,-2.5663734573568124
Spherical Grains,84,0.19316608796296297,1.2442086,646.3971557617188,4.853480243460016,7.379964560935935,13.399466542339818,330296.0,10107.697593142842,177.63538225115695,-3.2427819654973677
Spherical Grains,85,0.19316608796296297,1.2442085,646.3971557617188,4.853480243460016,7.379964560935935,13.399466542339818,330296.0,10107.697593142842,177.63538225115695,-3.2427819654973677
Spherical Grains,86,0.19316608796296297,1.2442087,646.3971557617188,4.853480243460016,7.379964560935937,13.399466542339818,330296.0,10107.697593142842,177.63538225115693,-3.2427819654973677
Spherical Grains,87,0.19316608796296297,1.2442087,646.3970336914062,4.853480243460016,7.379964560935935,13.399466542339818,330296.0,10107.697593142842,177.63538225115695,-3.2427819654973677
Spherical Grains,88,0.2322685185185185,1.1407982,1071.6845703125,5.804489218823001,8.46673478367512,16.673332624338627,397788.0,10381.437613719263,134.1938026388772,5.272007489919034
Spherical Grains,89,0.2322685185185185,1.1407982,1071.6844482421875,5.804489218823001,8.46673478367512,16.673332624338627,397788.0,10381.437613719263,134.1938026388772,5.272007489919034
Spherical Grains,90,0.2322685185185185,1.1407983,1071.6845703125,5.804489218823001,8.466734783675118,16.673332624338627,397788.0,10381.437613719265,134.1938026388772,5.272007489919034
Spherical Grains,91,0.2322685185185185,1.1407982,1071.6845703125,5.804489218823001,8.466734783675124,16.673332624338627,397788.0,10381.437613719265,134.1938026388772,5.272007489919034
Spherical Grains,92,0.29397743055555553,1.2849909,1582.484619140625,6.996844583703957,9.201921133746815,15.588457542915263,501728.00000000006,11641.175208704237,111.86242336986373,2.059067076251396
Spherical Grains,93,0.29397743055555553,1.284991,1582.484619140625,6.996844583703957,9.201921133746819,15.588457542915263,501728.00000000006,11641.175208704239,111.86242336986373,2.059067076251396
Spherical Grains,94,0.29397743055555553,1.2849914,1582.484619140625,6.996844583703957,9.201921133746813,15.588457542915263,501728.00000000006,11641.175208704237,111.86242336986373,2.059067076251396
Spherical Grains,95,0.29397743055555553,1.2849908,1582.484619140625,6.996844583703957,9.201921133746815,15.588457542915263,501728.00000000006,11641.175208704239,111.8624233698637,2.059067076251396
Spherical Grains,96,0.23478472222222221,1.2278981,776.9691772460938,5.407814993400475,8.672135622120832,16.004795965291805,400908.0,10763.80539039464,152.63110474551044,-1.8999121331595008
Spherical Grains,97,0.23478472222222221,1.2278979,776.9691772460938,5.407814993400475,8.67213562212083,16.004795965291805,400908.0,10763.805390394642,152.63110474551044,-1.8999121331595008
Spherical Grains,98,0.23478472222222221,1.2278981,776.9691772460938,5.407814993400475,8.672135622120827,16.004795965291805,400908.0,10763.805390394642,152.63110474551044,-1.8999121331595008
Spherical Grains,99,0.23478472222222221,1.2278973,776.9691772460938,5.407814993400475,8.672135622120829,16.004795965291805,400908.0,10763.805390394642,152.6311047455105,-1.8999121331595008
Spherical Grains,100,0.216484375,1.1627803,582.6520385742188,5.887982936285657,9.2625721424384,17.058721082487274,368518.0,10066.161817876424,189.7515660028891,-1.8899649492162571
Spherical Grains,101,0.216484375,1.16278,582.6520385742188,5.887982936285657,9.262572142438405,17.058721082487274,368518.0,10066.161817876422,189.75156600288906,-1.8899649492162571
Spherical Grains,102,0.216484375,1.1627802,582.6519775390625,5.887982936285657,9.262572142438405,17.058721082487274,368518.0,10066.161817876424,189.7515660028891,-1.8899649492162571
Spherical Grains,103,0.216484375,1.1627804,582.6520385742188,5.887982936285657,9.262572142438405,17.058721082487274,368518.0,10066.161817876424,189.75156600288906,-1.8899649492162571
Spherical Grains,104,0.2702309027777778,1.1883984,597.8795776367188,6.619106223973761,9.415698561184596,17.029387430847528,458881.0,11043.435606210724,128.6906050203972,-2.466901617924378
Spherical Grains,105,0.2702309027777778,1.1883985,597.8796997070312,6.619106223973761,9.415698561184598,17.029387430847528,458881.0,11043.435606210724,128.69060502039716,-2.466901617924378
Spherical Grains,106,0.2702309027777778,1.1883985,597.8795776367188,6.619106223973761,9.415698561184602,17.029387430847528,458881.0,11043.435606210724,128.6906050203972,-2.466901617924378
Spherical Grains,107,0.2702309027777778,1.1883981,597.8796997070312,6.619106223973761,9.415698561184604,17.029387430847528,458881.0,11043.435606210724,128.69060502039716,-2.466901617924378
Spherical Grains,108,0.3572824074074074,1.1892644,3482.350341796875,6.649399662180584,9.675827027150637,17.14642781666828,612787.0,13310.736545256474,98.81919748088526,2.188380467513561
Spherical Grains,109,0.3572824074074074,1.1892644,3482.3505859375,6.649399662180584,9.675827027150643,17.14642781666828,612787.0,13310.736545256477,98.81919748088526,2.188380467513561
Spherical Grains,110,0.3572824074074074,1.1892638,3482.3505859375,6.649399662180584,9.675827027150637,17.14642781666828,612787.0,13310.736545256477,98.81919748088525,2.188380467513561
Spherical Grains,111,0.3572824074074074,1.1892643,3482.350341796875,6.649399662180584,9.675827027150643,17.14642781666828,612787.0,13310.736545256477,98.81919748088526,2.188380467513561
Spherical Grains,112,0.23004108796296296,1.179149,57.14189529418945,4.909319795806307,7.774990878125093,13.653667316852411,389728.0,11545.741754565766,197.9617379565008,2.8250002398811422
Spherical Grains,113,0.23004108796296296,1.1791487,57.14189529418945,4.909319795806307,7.774990878125094,13.653667316852411,389728.0,11545.741754565768,197.9617379565008,2.8250002398811422
Spherical Grains,114,0.23004108796296296,1.1791487,57.14189529418945,4.909319795806307,7.774990878125093,13.653667316852411,389728.0,11545.741754565766,197.9617379565008,2.8250002398811422
Spherical Grains,115,0.23004108796296296,1.1791488,57.14189529418945,4.909319795806307,7.774990878125094,13.653667316852411,389728.0,11545.741754565766,197.96173795650085,2.8250002398811422
Spherical Grains,116,0.2061099537037037,1.1983947,191.49139404296875,5.236871586543676,7.601926995731812,12.664176399359539,350057.0,10272.307856834994,160.85169890142382,-2.1983276514568044
Spherical Grains,117,0.2061099537037037,1.1983955,191.4914093017578,5.236871586543676,7.601926995731813,12.664176399359539,350057.0,10272.307856834994,160.85169890142382,-2.1983276514568044
Spherical Grains,118,0.2061099537037037,1.1983948,191.49139404296875,5.236871586543676,7.601926995731812,12.664176399359539,350057.0,10272.307856834994,160.85169890142387,-2.1983276514568044
Spherical Grains,119,0.2061099537037037,1.1983951,191.4914093017578,5.236871586543676,7.601926995731812,12.664176399359539,350057.0,10272.307856834994,160.85169890142382,-2.1983276514568044
Spherical Grains,120,0.2775885416666667,1.1403207,1772.9632568359375,6.303713386309924,10.27688598335815,16.828596726501807,471912.0,10534.50768418067,123.77528046448809,3.5411974837946714
Spherical Grains,121,0.2775885416666667,1.1403201,1772.963134765625,6.303713386309924,10.276885983358149,16.828596726501807,471912.0,10534.50768418067,123.77528046448809,3.5411974837946714
Spherical Grains,122,0.2775885416666667,1.1403203,1772.963134765625,6.303713386309924,10.27688598335815,16.828596726501807,471912.0,10534.50768418067,123.77528046448809,3.5411974837946714
Spherical Grains,123,0.2775885416666667,1.1403204,1772.963134765625,6.303713386309924,10.276885983358154,16.828596726501807,471912.0,10534.50768418067,123.77528046448809,3.5411974837946714
Spherical Grains,124,0.20749131944444443,1.2885159,177.77122497558594,4.489848514021325,7.7636018263551705,14.254381292074651,352619.0,10904.533366644226,195.30962005947836,-3.183098861837907
Spherical Grains,125,0.20749131944444443,1.2885163,177.77122497558594,4.489848514021325,7.763601826355172,14.254381292074651,352619.0,10904.533366644226,195.30962005947836,-3.183098861837907
Spherical Grains,126,0.20749131944444443,1.2885159,177.77122497558594,4.489848514021325,7.7636018263551705,14.254381292074651,352619.0,10904.533366644226,195.30962005947836,-3.183098861837907
Spherical Grains,127,0.20749131944444443,1.2885156,177.77122497558594,4.489848514021325,7.763601826355173,14.254381292074651,352619.0,10904.533366644226,195.30962005947836,-3.183098861837907
Spherical Grains,128,0.32499537037037035,1.2787876,1084.2015380859375,5.875307490250149,8.988561593341728,15.107070451545495,554245.0,13707.110859584014,93.17452147725197,-6.883451288724474
Spherical Grains,129,0.32499537037037035,1.2787879,1084.2017822265625,5.875307490250149,8.988561593341723,15.107070451545495,554245.0,13707.110859584007,93.17452147725197,-6.883451288724474
Spherical Grains,130,0.32499537037037035,1.2787875,1084.2015380859375,5.875307490250149,8.988561593341727,15.107070451545495,554245.0,13707.110859584014,93.17452147725199,-6.883451288724474
Spherical Grains,131,0.32499537037037035,1.278788,1084.20166015625,5.875307490250149,8.988561593341728,15.107070451545495,554245.0,13707.11085958401,93.17452147725197,-6.883451288724474
Spherical Grains,132,0.33155092592592594,1.103739,2845.347900390625,6.298266366948863,9.84046473159374,16.806304838990258,566573.0,13169.813291003853,128.19568159026187,4.068398232786575
Spherical Grains,133,0.33155092592592594,1.1037385,2845.347412109375,6.298266366948863,9.840464731593745,16.806304838990258,566573.0,13169.813291003853,128.19568159026187,4.068398232786575
Spherical Grains,134,0.33155092592592594,1.1037385,2845.34765625,6.298266366948863,9.840464731593741,16.806304838990258,566573.0,13169.813291003853,128.19568159026187,4.068398232786575
Spherical Grains,135,0.33155092592592594,1.1037388,2845.34765625,6.298266366948863,9.840464731593741,16.806304838990258,566573.0,13169.813291003853,128.19568159026187,4.068398232786575
Spherical Grains,136,0.34911574074074075,1.1899788,2787.419921875,6.608275842760853,9.886830676243505,18.09124756360033,591938.0,12950.531699460835,62.40124599001406,-7.271391462510969
Spherical Grains,137,0.34911574074074075,1.1899792,2787.419677734375,6.608275842760853,9.886830676243505,18.09124756360033,591938.0,12950.531699460833,62.40124599001407,-7.271391462510969
Spherical Grains,138,0.34911574074074075,1.1899788,2787.419677734375,6.608275842760853,9.886830676243507,18.09124756360033,591938.0,12950.531699460835,62.40124599001407,-7.271391462510969
Spherical Grains,139,0.34911574074074075,1.1899787,2787.419921875,6.608275842760853,9.886830676243504,18.09124756360033,591938.0,12950.531699460835,62.40124599001406,-7.271391462510969
Spherical Grains,140,0.2403130787037037,1.3508135,440.5366516113281,5.875307490250149,9.475385902284508,15.107070451545495,408643.0,9967.691323643947,121.2260583395613,-0.6465669563108248
Spherical Grains,141,0.2403130787037037,1.3508137,440.5366516113281,5.875307490250149,9.475385902284504,15.107070451545495,408643.0,9967.691323643947,121.2260583395613,-0.6465669563108248
Spherical Grains,142,0.2403130787037037,1.3508135,440.5366516113281,5.875307490250149,9.475385902284506,15.107070451545495,408643.0,9967.691323643943,121.22605833956129,-0.6465669563108248
Spherical Grains,143,0.2403130787037037,1.3508137,440.5366516113281,5.875307490250149,9.475385902284504,15.107070451545495,408643.0,9967.691323643947,121.22605833956129,-0.6465669563108248
Spherical Grains,144,0.2172494212962963,1.2600467,261.2042541503906,4.927858407571451,8.85600261016833,16.806304838990258,367315.0,10911.973452740336,179.73544452942335,2.3773769624351866
Spherical Grains,145,0.2172494212962963,1.2600467,261.2042541503906,4.927858407571451,8.856002610168327,16.806304838990258,367315.0,10911.973452740334,179.73544452942332,2.3773769624351866
Spherical Grains,146,0.2172494212962963,1.2600464,261.2042541503906,4.927858407571451,8.856002610168328,16.806304838990258,367315.0,10911.973452740336,179.73544452942335,2.3773769624351866
Spherical Grains,147,0.2172494212962963,1.2600468,261.2042236328125,4.927858407571451,8.856002610168327,16.806304838990258,367315.0,10911.973452740334,179.73544452942332,2.3773769624351866
Spherical Grains,148,0.1783003472222222,1.2730674,11.593851089477539,4.897044102577501,8.100503542220029,13.59762391083298,304779.0,9619.779208234006,206.18701203861022,3.401936908589263
Spherical Grains,149,0.1783003472222222,1.2730671,11.593851089477539,4.897044102577501,8.10050354222003,13.59762391083298,304779.0,9619.779208234006,206.1870120386102,3.401936908589263
Spherical Grains,150,0.1783003472222222,1.2730671,11.593851089477539,4.897044102577501,8.100503542220029,13.59762391083298,304779.0,9619.779208234007,206.18701203861013,3.401936908589263
Spherical Grains,151,0.1783003472222222,1.273067,11.593851089477539,4.897044102577501,8.100503542220029,13.59762391083298,304779.0,9619.779208234004,206.18701203861022,3.401936908589263
Spherical Grains,152,0.12437847222222222,1.7264014,2.6932871341705322,4.927593803389376,7.781809649487794,15.394802261840416,208432.0,7130.760761800448,179.31061466604154,1.2036092571324586
Spherical Grains,153,0.12437847222222222,1.7264011,2.6932871341705322,4.927593803389376,7.781809649487795,15.394802261840416,208432.0,7130.760761800448,179.31061466604154,1.2036092571324586
Spherical Grains,154,0.12437847222222222,1.7264016,2.6932871341705322,4.927593803389376,7.781809649487795,15.394802261840416,208432.0,7130.760761800447,179.31061466604154,1.2036092571324586
Spherical Grains,155,0.12437847222222222,1.7264017,2.6932871341705322,4.927593803389376,7.781809649487794,15.394802261840416,208432.0,7130.760761800448,179.31061466604146,1.2036092571324586
Spherical Grains,156,0.25157696759259257,1.1898968,462.7743225097656,6.325397773752607,10.538130195110861,19.13112662517818,428020.0,9606.120538458654,132.53425360412888,2.5862678252432993
Spherical Grains,157,0.25157696759259257,1.1898967,462.7744140625,6.325397773752607,10.538130195110865,19.13112662517818,428020.0,9606.120538458652,132.53425360412888,2.5862678252432993
Spherical Grains,158,0.25157696759259257,1.1898968,462.7743225097656,6.325397773752607,10.538130195110861,19.13112662517818,428020.0,9606.120538458654,132.53425360412888,2.5862678252432993
Spherical Grains,159,0.25157696759259257,1.189896,462.7742919921875,6.325397773752607,10.538130195110863,19.13112662517818,428020.0,9606.120538458652,132.53425360412888,2.5862678252432993
Spherical Grains,160,0.32991145833333335,1.295819,760.4384155273438,4.644077648380233,7.454280275995388,17.029387430847528,563752.0,16762.608625893543,153.35678972727013,-8.763469053997488
Spherical Grains,161,0.32991145833333335,1.2958187,760.4384155273438,4.644077648380233,7.454280275995386,17.029387430847528,563752.0,16762.608625893543,153.35678972727015,-8.763469053997488
Spherical Grains,162,0.32991145833333335,1.2958192,760.4384155273438,4.644077648380233,7.454280275995386,17.029387430847528,563752.0,16762.608625893543,153.35678972727015,-8.763469053997488
Spherical Grains,163,0.32991145833333335,1.2958192,760.4385375976562,4.644077648380233,7.454280275995385,17.029387430847528,563752.0,16762.608625893543,153.35678972727013,-8.763469053997488
Spherical Grains,164,0.35317592592592595,1.372675,1068.6351318359375,5.398117035061097,8.256045928153865,18.000000106278666,606045.0,15852.817838263143,109.71293726848778,-3.6108277713973758
Spherical Grains,165,0.35317592592592595,1.3726753,1068.635009765625,5.398117035061097,8.256045928153865,18.000000106278666,606045.0,15852.817838263143,109.71293726848778,-3.6108277713973758
Spherical Grains,166,0.35317592592592595,1.3726754,1068.635009765625,5.398117035061097,8.256045928153865,18.000000106278666,606045.0,15852.817838263143,109.71293726848778,-3.6108277713973758
Spherical Grains,167,0.35317592592592595,1.3726753,1068.635009765625,5.398117035061097,8.256045928153863,18.000000106278666,606045.0,15852.817838263143,109.71293726848778,-3.6108277713973758
Spherical Grains,168,0.3167216435185185,1.2019889,815.6973266601562,4.604593684995801,7.225495778619826,14.905222994063115,539930.0,16042.77399478372,153.1087130868593,-4.7746482927568605
Spherical Grains,169,0.3167216435185185,1.2019894,815.6973266601562,4.604593684995801,7.2254957786198295,14.905222994063115,539930.0,16042.77399478372,153.10871308685935,-4.7746482927568605
Spherical Grains,170,0.3167216435185185,1.2019887,815.6973876953125,4.604593684995801,7.225495778619827,14.905222994063115,539930.0,16042.77399478372,153.10871308685932,-4.7746482927568605
Spherical Grains,171,0.3167216435185185,1.2019888,815.6973876953125,4.604593684995801,7.225495778619829,14.905222994063115,539930.0,16042.773994783716,153.10871308685932,-4.7746482927568605
Spherical Grains,172,0.32793055555555556,1.267377,818.3243408203125,5.262845400543751,7.897257159469496,17.233686679432015,556763.0,16002.299497698583,167.86958968814548,-2.1485917317405874
Spherical Grains,173,0.32793055555555556,1.2673769,818.3242797851562,5.262845400543751,7.897257159469496,17.233686679432015,556763.0,16002.299497698583,167.86958968814548,-2.1485917317405874
Spherical Grains,174,0.32793055555555556,1.2673773,818.3242797851562,5.262845400543751,7.897257159469498,17.233686679432015,556763.0,16002.299497698583,167.86958968814548,-2.1485917317405874
Spherical Grains,175,0.32793055555555556,1.2673767,818.3242797851562,5.262845400543751,7.897257159469498,17.233686679432015,556763.0,16002.299497698583,167.86958968814548,-2.1485917317405874
Spherical Grains,176,0.2951064814814815,1.2245384,949.3351440429688,4.662026102112253,7.219539295163678,12.542171144784101,503266.00000000006,14943.781049394891,158.4330425610348,-2.8051058719946553
Spherical Grains,177,0.2951064814814815,1.2245381,949.3353271484375,4.662026102112253,7.219539295163675,12.542171144784101,503266.00000000006,14943.781049394891,158.4330425610347,-2.8051058719946553
Spherical Grains,178,0.2951064814814815,1.2245382,949.3351440429688,4.662026102112253,7.219539295163678,12.542171144784101,503266.00000000006,14943.781049394895,158.43304256103477,-2.8051058719946553
Spherical Grains,179,0.2951064814814815,1.2245383,949.3352661132812,4.662026102112253,7.219539295163674,12.542171144784101,503266.00000000006,14943.781049394891,158.43304256103477,-2.8051058719946553
Spherical Grains,180,0.30055439814814816,1.3141841,470.5838317871094,4.712118449658737,7.911999324133172,17.492854138527438,512902.99999999994,14886.280642407659,181.70634808192352,-8.335740144438018
Spherical Grains,181,0.30055439814814816,1.314184,470.5838317871094,4.712118449658737,7.911999324133176,17.492854138527438,512902.99999999994,14886.280642407655,181.70634808192352,-8.335740144438018
Spherical Grains,182,0.30055439814814816,1.3141841,470.5837707519531,4.712118449658737,7.911999324133174,17.492854138527438,512902.99999999994,14886.280642407659,181.70634808192352,-8.335740144438018
Spherical Grains,183,0.30055439814814816,1.314184,470.5838317871094,4.712118449658737,7.911999324133175,17.492854138527438,512902.99999999994,14886.280642407659,181.70634808192347,-8.335740144438018
Spherical Grains,184,0.27320659722222224,1.2014227,1190.6617431640625,4.669906556502888,7.238335357585301,15.281312069097885,465867.0,14647.498114003532,192.8393243428355,-5.132746914713625
Spherical Grains,185,0.27320659722222224,1.201422,1190.661865234375,4.669906556502888,7.238335357585302,15.281312069097885,465867.0,14647.498114003534,192.83932434283557,-5.132746914713625
Spherical Grains,186,0.27320659722222224,1.2014228,1190.661865234375,4.669906556502888,7.238335357585303,15.281312069097885,465867.0,14647.498114003532,192.8393243428355,-5.132746914713625
Spherical Grains,187,0.27320659722222224,1.2014222,1190.6617431640625,4.669906556502888,7.238335357585304,15.281312069097885,465867.0,14647.498114003534,192.8393243428355,-5.132746914713625
Spherical Grains,188,0.2773148148148148,1.2177539,632.6124267578125,4.489848514021325,7.142356266385426,14.254381292074651,471977.0,14549.93827151839,190.16396547097685,2.1684860996270743
Spherical Grains,189,0.2773148148148148,1.2177539,632.6124267578125,4.489848514021325,7.142356266385424,14.254381292074651,471977.0,14549.93827151839,190.16396547097685,2.1684860996270743
Spherical Grains,190,0.2773148148148148,1.2177539,632.6124267578125,4.489848514021325,7.142356266385426,14.254381292074651,471977.0,14549.93827151839,190.16396547097685,2.1684860996270743
Spherical Grains,191,0.2773148148148148,1.217754,632.6124267578125,4.489848514021325,7.142356266385425,14.254381292074651,471977.0,14549.93827151839,190.16396547097685,2.1684860996270743
Spherical Grains,192,0.27477199074074077,1.2355021,674.261474609375,4.555012415465985,6.991025904604198,13.453623023082278,470693.0,14574.297911018804,198.61689767694597,2.1983276514568044
Spherical Grains,193,0.27477199074074077,1.2355021,674.261474609375,4.555012415465985,6.9910259046041965,13.453623023082278,470693.0,14574.297911018799,198.616897676946,2.1983276514568044
Spherical Grains,194,0.27477199074074077,1.2355024,674.261474609375,4.555012415465985,6.991025904604195,13.453623023082278,470693.0,14574.297911018799,198.616897676946,2.1983276514568044
Spherical Grains,195,0.27477199074074077,1.2355022,674.261474609375,4.555012415465985,6.991025904604197,13.453623023082278,470693.0,14574.297911018799,198.616897676946,2.1983276514568044
Spherical Grains,196,0.30872685185185184,1.3002033,658.2644653320312,4.622254363086703,7.528166335612139,15.006515897782995,524863.0,15341.390387541296,154.42227683334698,-8.126849281629907
Spherical Grains,197,0.30872685185185184,1.300203,658.2644653320312,4.622254363086703,7.528166335612138,15.006515897782995,524863.0,15341.390387541296,154.42227683334698,-8.126849281629907
Spherical Grains,198,0.30872685185185184,1.3002033,658.2644653320312,4.622254363086703,7.528166335612137,15.006515897782995,524863.0,15341.390387541296,154.42227683334698,-8.126849281629907
Spherical Grains,199,0.30872685185185184,1.300203,658.2644653320312,4.622254363086703,7.528166335612135,15.006515897782995,524863.0,15341.390387541296,154.42227683334696,-8.126849281629907
Spherical Grains,200,0.2889542824074074,1.3440826,192.42506408691406,4.852374618903588,8.123125910217093,16.353529304278123,491699.99999999994,14283.044658111627,183.1888325735923,-14.154842751235442
Spherical Grains,201,0.2889542824074074,1.3440822,192.425048828125,4.852374618903588,8.123125910217095,16.353529304278123,491699.99999999994,14283.044658111623,183.18883257359224,-14.154842751235442
Spherical Grains,202,0.2889542824074074,1.3440822,192.425048828125,4.852374618903588,8.123125910217096,16.353529304278123,491699.99999999994,14283.044658111627,183.1888325735922,-14.154842751235442
Spherical Grains,203,0.2889542824074074,1.3440824,192.425048828125,4.852374618903588,8.123125910217098,16.353529304278123,491699.99999999994,14283.044658111627,183.18883257359224,-14.154842751235442
Spherical Grains,204,0.29916493055555554,1.3769637,421.9728088378906,5.273158109138723,8.22427964591597,15.355330218385568,510888.0,14439.84788768877,176.18883722661704,-9.678609976775885
Spherical Grains,205,0.29916493055555554,1.3769636,421.9727478027344,5.273158109138723,8.22427964591597,15.355330218385568,510888.0,14439.84788768877,176.18883722661698,-9.678609976775885
Spherical Grains,206,0.29916493055555554,1.3769639,421.9727478027344,5.273158109138723,8.224279645915972,15.355330218385568,510888.0,14439.84788768877,176.18883722661704,-9.678609976775885
Spherical Grains,207,0.29916493055555554,1.3769636,421.9728088378906,5.273158109138723,8.224279645915974,15.355330218385568,510888.0,14439.847887688771,176.18883722661704,-9.678609976775885
Spherical Grains,208,0.2426579861111111,1.1939259,321.0056457519531,4.709986771136056,7.264832618872036,12.754845449239117,410816.0,12431.774775548236,141.34842232852407,-3.1234157581784463
Spherical Grains,209,0.2426579861111111,1.1939257,321.00567626953125,4.709986771136056,7.26483261887204,12.754845449239117,410816.0,12431.774775548232,141.34842232852407,-3.1234157581784463
Spherical Grains,210,0.2426579861111111,1.1939256,321.0056457519531,4.709986771136056,7.26483261887204,12.754845449239117,410816.0,12431.774775548232,141.3484223285241,-3.1234157581784463
Spherical Grains,211,0.2426579861111111,1.1939255,321.00567626953125,4.709986771136056,7.264832618872038,12.754845449239117,410816.0,12431.774775548232,141.3484223285241,-3.1234157581784463
Spherical Grains,212,0.3036157407407407,1.1882259,1115.2587890625,5.039684587344685,7.772045008498971,14.254381292074651,518228.0,14226.770422605692,138.72610951759924,2.118750179910857
Spherical Grains,213,0.3036157407407407,1.1882256,1115.2587890625,5.039684587344685,7.77204500849897,14.254381292074651,518228.0,14226.770422605689,138.7261095175992,2.118750179910857
Spherical Grains,214,0.3036157407407407,1.1882257,1115.2587890625,5.039684587344685,7.772045008498971,14.254381292074651,518228.0,14226.770422605692,138.7261095175992,2.118750179910857
Spherical Grains,215,0.3036157407407407,1.1882257,1115.2587890625,5.039684587344685,7.77204500849897,14.254381292074651,518228.0,14226.770422605689,138.72610951759924,2.118750179910857
Spherical Grains,216,0.3064293981481481,1.2534395,127.15267181396484,5.398117035061097,7.8930314909835975,18.000000106278666,526208.0,14434.38338072392,158.27203961019927,-9.300616986932635
Spherical Grains,217,0.3064293981481481,1.2534395,127.15267181396484,5.398117035061097,7.893031490983597,18.000000106278666,526208.0,14434.38338072392,158.27203961019927,-9.300616986932635
Spherical Grains,218,0.3064293981481481,1.2534398,127.15267181396484,5.398117035061097,7.8930314909835975,18.000000106278666,526208.0,14434.383380723923,158.27203961019927,-9.300616986932635
Spherical Grains,219,0.3064293981481481,1.2534397,127.15267181396484,5.398117035061097,7.893031490983598,18.000000106278666,526208.0,14434.38338072392,158.27203961019927,-9.300616986932635
Spherical Grains,220,0.28349710648148146,1.3747121,591.31787109375,4.674173775698294,7.988791767487661,17.233686679432015,482358.0,13649.766777342853,138.78392138104627,-8.62420847879208
Spherical Grains,221,0.28349710648148146,1.3747119,591.31787109375,4.674173775698294,7.9887917674876645,17.233686679432015,482358.0,13649.766777342853,138.78392138104627,-8.62420847879208
Spherical Grains,222,0.28349710648148146,1.374712,591.31787109375,4.674173775698294,7.988791767487663,17.233686679432015,482358.0,13649.766777342853,138.78392138104627,-8.62420847879208
Spherical Grains,223,0.28349710648148146,1.3747127,591.31787109375,4.674173775698294,7.988791767487662,17.233686679432015,482358.0,13649.766777342853,138.78392138104627,-8.62420847879208
Spherical Grains,224,0.3039502314814815,1.2371733,1089.438232421875,5.11077177260156,8.261590515104313,17.92569873317342,518400.0,13888.25691678161,137.71494952579548,-1.9297536849892312
Spherical Grains,225,0.3039502314814815,1.237173,1089.438232421875,5.11077177260156,8.26159051510431,17.92569873317342,518400.0,13888.25691678161,137.71494952579545,-1.9297536849892312
Spherical Grains,226,0.3039502314814815,1.2371734,1089.438232421875,5.11077177260156,8.261590515104313,17.92569873317342,518400.0,13888.256916781611,137.71494952579548,-1.9297536849892312
Spherical Grains,227,0.3039502314814815,1.2371726,1089.438232421875,5.11077177260156,8.261590515104315,17.92569873317342,518400.0,13888.25691678161,137.71494952579545,-1.9297536849892312
Spherical Grains,228,0.31823263888888886,1.1753564,1038.5142822265625,4.7856317278279645,8.387969707746015,18.000000106278666,540595.0,14932.20591891115,164.00595117553652,4.267341911651444
Spherical Grains,229,0.31823263888888886,1.1753567,1038.5145263671875,4.7856317278279645,8.38796970774602,18.000000106278666,540595.0,14932.205918911146,164.0059511755365,4.267341911651444
Spherical Grains,230,0.31823263888888886,1.1753566,1038.5145263671875,4.7856317278279645,8.387969707746013,18.000000106278666,540595.0,14932.205918911153,164.0059511755365,4.267341911651444
Spherical Grains,231,0.31823263888888886,1.1753566,1038.5142822265625,4.7856317278279645,8.387969707746015,18.000000106278666,540595.0,14932.205918911146,164.00595117553652,4.267341911651444
Spherical Grains,232,0.3498269675925926,1.2115839,1475.8228759765625,5.967726080289087,9.057129690125542,21.377557401544117,594327.0,14618.422152556574,106.0735113715563,-7.61954290052449
Spherical Grains,233,0.3498269675925926,1.2115831,1475.82275390625,5.967726080289087,9.057129690125539,21.377557401544117,594327.0,14618.422152556577,106.0735113715563,-7.61954290052449
Spherical Grains,234,0.3498269675925926,1.2115834,1475.8228759765625,5.967726080289087,9.057129690125542,21.377557401544117,594327.0,14618.422152556574,106.0735113715563,-7.61954290052449
Spherical Grains,235,0.3498269675925926,1.211584,1475.8228759765625,5.967726080289087,9.05712969012554,21.377557401544117,594327.0,14618.422152556577,106.07351137155631,-7.61954290052449
Spherical Grains,236,0.2792604166666667,1.3034018,346.154052734375,4.853480243460016,7.47214661041935,13.399466542339818,474146.0,14368.769118178396,173.29144070770033,-5.590317376102824
Spherical Grains,237,0.2792604166666667,1.3034018,346.1540222167969,4.853480243460016,7.472146610419348,13.399466542339818,474146.0,14368.769118178392,173.29144070770033,-5.590317376102824
Spherical Grains,238,0.2792604166666667,1.3034015,346.1540222167969,4.853480243460016,7.472146610419349,13.399466542339818,474146.0,14368.769118178396,173.29144070770033,-5.590317376102824
Spherical Grains,239,0.2792604166666667,1.3034018,346.1540222167969,4.853480243460016,7.472146610419349,13.399466542339818,474146.0,14368.769118178392,173.29144070770033,-5.590317376102824
Spherical Grains,240,0.20680613425925926,1.1440251,711.4671020507812,4.489848514021325,7.2470113825992115,14.254381292074651,352732.0,11319.490923616151,209.75842616096713,-7.062500599702856
Spherical Grains,241,0.20680613425925926,1.1440251,711.4671020507812,4.489848514021325,7.2470113825992115,14.254381292074651,352732.0,11319.490923616153,209.75842616096722,-7.062500599702856
Spherical Grains,242,0.20680613425925926,1.1440248,711.4672241210938,4.489848514021325,7.2470113825992115,14.254381292074651,352732.0,11319.490923616153,209.75842616096713,-7.062500599702856
Spherical Grains,243,0.20680613425925926,1.1440251,711.4671020507812,4.489848514021325,7.2470113825992115,14.254381292074651,352732.0,11319.490923616155,209.75842616096722,-7.062500599702856
Spherical Grains,244,0.3414525462962963,1.1772805,1997.493896484375,5.398117035061097,9.123780848124662,18.000000106278666,583174.0,14161.530840623613,98.38704178713525,-3.8296658181487317
Spherical Grains,245,0.3414525462962963,1.1772808,1997.493896484375,5.398117035061097,9.123780848124664,18.000000106278666,583174.0,14161.530840623616,98.38704178713526,-3.8296658181487317
Spherical Grains,246,0.3414525462962963,1.1772809,1997.493896484375,5.398117035061097,9.123780848124664,18.000000106278666,583174.0,14161.530840623613,98.38704178713525,-3.8296658181487317
Spherical Grains,247,0.3414525462962963,1.1772809,1997.49365234375,5.398117035061097,9.123780848124666,18.000000106278666,583174.0,14161.530840623613,98.38704178713526,-3.8296658181487317
Spherical Grains,248,0.2837071759259259,1.3276768,628.673583984375,5.4792364149303,8.334134870815763,16.353529304278123,483146.0,12568.628902474811,125.38183494628387,5.182482834429842
Spherical Grains,249,0.2837071759259259,1.3276763,628.673583984375,5.4792364149303,8.334134870815765,16.353529304278123,483146.0,12568.62890247481,125.38183494628387,5.182482834429842
Spherical Grains,250,0.2837071759259259,1.3276765,628.673583984375,5.4792364149303,8.334134870815767,16.353529304278123,483146.0,12568.628902474811,125.38183494628387,5.182482834429842
Spherical Grains,251,0.2837071759259259,1.3276768,628.673583984375,5.4792364149303,8.334134870815765,16.353529304278123,483146.0,12568.628902474811,125.38183494628387,5.182482834429842
Spherical Grains,252,0.24896064814814814,1.2169173,780.6402587890625,4.853480243460016,6.934698695155612,13.399466542339818,424379.0,13502.432703588476,177.20656842110196,-6.137412492981214
Spherical Grains,253,0.24896064814814814,1.2169172,780.6402587890625,4.853480243460016,6.934698695155612,13.399466542339818,424379.0,13502.432703588476,177.20656842110202,-6.137412492981214
Spherical Grains,254,0.24896064814814814,1.2169172,780.6401977539062,4.853480243460016,6.93469869515561,13.399466542339818,424379.0,13502.432703588476,177.20656842110196,-6.137412492981214
Spherical Grains,255,0.24896064814814814,1.2169168,780.6401977539062,4.853480243460016,6.93469869515561,13.399466542339818,424379.0,13502.432703588476,177.20656842110202,-6.137412492981214
Spherical Grains,256,0.3051510416666667,1.2065306,1591.101806640625,5.261293411049269,8.111615278919771,12.754845449239117,520017.00000000006,14311.219348426004,172.70364056489612,-7.211708358851507
Spherical Grains,257,0.3051510416666667,1.2065305,1591.101806640625,5.261293411049269,8.111615278919775,12.754845449239117,520017.00000000006,14311.219348426004,172.70364056489612,-7.211708358851507
Spherical Grains,258,0.3051510416666667,1.2065307,1591.1016845703125,5.261293411049269,8.111615278919771,12.754845449239117,520017.00000000006,14311.219348426004,172.70364056489612,-7.211708358851507
Spherical Grains,259,0.3051510416666667,1.2065305,1591.101806640625,5.261293411049269,8.111615278919773,12.754845449239117,520017.00000000006,14311.219348426004,172.70364056489612,-7.211708358851507
Spherical Grains,260,0.28593171296296294,1.2408736,813.3619384765625,4.750172094258424,7.719952592694775,12.934116827943688,486108.0,13998.034857481338,157.8544532987541,-6.256778700300136
Spherical Grains,261,0.28593171296296294,1.2408733,813.3619384765625,4.750172094258424,7.719952592694776,12.934116827943688,486108.0,13998.034857481338,157.85445329875412,-6.256778700300136
Spherical Grains,262,0.28593171296296294,1.2408731,813.3619384765625,4.750172094258424,7.719952592694777,12.934116827943688,486108.0,13998.034857481338,157.85445329875407,-6.256778700300136
Spherical Grains,263,0.28593171296296294,1.2408737,813.3618774414062,4.750172094258424,7.719952592694776,12.934116827943688,486108.0,13998.034857481342,157.85445329875412,-6.256778700300136
Spherical Grains,264,0.22604745370370372,1.1961284,326.92523193359375,4.489848514021325,7.844109758352055,14.254381292074651,385097.0,11400.70749792332,182.2994769255004,1.1638205213594848
Spherical Grains,265,0.22604745370370372,1.1961278,326.92523193359375,4.489848514021325,7.844109758352057,14.254381292074651,385097.0,11400.707497923318,182.29947692550044,1.1638205213594848
Spherical Grains,266,0.22604745370370372,1.1961278,326.9252014160156,4.489848514021325,7.844109758352055,14.254381292074651,385097.0,11400.70749792332,182.2994769255004,1.1638205213594848
Spherical Grains,267,0.22604745370370372,1.1961281,326.92523193359375,4.489848514021325,7.844109758352057,14.254381292074651,385097.0,11400.707497923318,182.29947692550044,1.1638205213594848
Spherical Grains,268,0.20100462962962962,1.3694456,306.0623779296875,4.662026102112253,6.964887640991448,12.542171144784101,342171.0,10787.04704461565,182.8191267058388,0.8256162672892072
Spherical Grains,269,0.20100462962962962,1.3694457,306.0623779296875,4.662026102112253,6.9648876409914475,12.542171144784101,342171.0,10787.047044615649,182.8191267058388,0.8256162672892072
Spherical Grains,270,0.20100462962962962,1.3694458,306.0624084472656,4.662026102112253,6.9648876409914475,12.542171144784101,342171.0,10787.04704461565,182.81912670583884,0.8256162672892072
Spherical Grains,271,0.20100462962962962,1.3694456,306.0624084472656,4.662026102112253,6.964887640991446,12.542171144784101,342171.0,10787.047044615649,182.81912670583884,0.8256162672892072
Spherical Grains,272,0.35590798611111113,1.3610319,443.6513977050781,7.571174662724142,10.790225828128822,18.35680919436775,612979.0,12311.047845559702,92.19451500788293,1.8501762134432833
Spherical Grains,273,0.35590798611111113,1.3610319,443.6514587402344,7.571174662724142,10.790225828128817,18.35680919436775,612979.0,12311.047845559702,92.1945150078829,1.8501762134432833
Spherical Grains,274,0.35590798611111113,1.3610315,443.6514587402344,7.571174662724142,10.79022582812881,18.35680919436775,612979.0,12311.047845559702,92.1945150078829,1.8501762134432833
Spherical Grains,275,0.35590798611111113,1.3610314,443.6513671875,7.571174662724142,10.790225828128818,18.35680919436775,612979.0,12311.047845559702,92.1945150078829,1.8501762134432833
Spherical Grains,276,0.22046006944444443,1.1415461,142.33883666992188,4.639735117067294,7.629881999620931,15.107070451545495,373912.0,11772.871675646478,190.371333829069,-7.4703351413758385
Spherical Grains,277,0.22046006944444443,1.1415458,142.33883666992188,4.639735117067294,7.629881999620932,15.107070451545495,373912.0,11772.871675646478,190.37133382906902,-7.4703351413758385
Spherical Grains,278,0.22046006944444443,1.1415464,142.33883666992188,4.639735117067294,7.629881999620928,15.107070451545495,373912.0,11772.871675646478,190.371333829069,-7.4703351413758385
Spherical Grains,279,0.22046006944444443,1.1415464,142.33883666992188,4.639735117067294,7.629881999620933,15.107070451545495,373912.0,11772.871675646478,190.37133382906902,-7.4703351413758385
Spherical Grains,280,0.32536168981481484,1.1747066,2207.88623046875,6.182861690028384,9.263349151840512,19.943959021264988,555665.0,12716.406914930569,87.7711798584157,2.277905123002752
Spherical Grains,281,0.32536168981481484,1.1747066,2207.886474609375,6.182861690028384,9.263349151840515,19.943959021264988,555665.0,12716.406914930569,87.77117985841572,2.277905123002752
Spherical Grains,282,0.32536168981481484,1.1747069,2207.88623046875,6.182861690028384,9.263349151840513,19.943959021264988,555665.0,12716.406914930565,87.77117985841568,2.277905123002752
Spherical Grains,283,0.32536168981481484,1.1747065,2207.88623046875,6.182861690028384,9.263349151840513,19.943959021264988,555665.0,12716.406914930565,87.7711798584157,2.277905123002752
Spherical Grains,284,0.17898321759259259,1.1289984,325.0304260253906,4.730183310239779,7.239038857534889,12.844822164981183,305409.0,9763.45754445607,183.61064216287195,4.565757429948747
Spherical Grains,285,0.17898321759259259,1.1289982,325.0304260253906,4.730183310239779,7.239038857534886,12.844822164981183,305409.0,9763.457544456069,183.61064216287198,4.565757429948747
Spherical Grains,286,0.17898321759259259,1.1289978,325.0303955078125,4.730183310239779,7.239038857534887,12.844822164981183,305409.0,9763.45754445607,183.61064216287198,4.565757429948747
Spherical Grains,287,0.17898321759259259,1.1289985,325.0304260253906,4.730183310239779,7.239038857534889,12.844822164981183,305409.0,9763.457544456069,183.61064216287198,4.565757429948747
Spherical Grains,288,0.35010069444444447,1.1429479,2669.63232421875,7.217652584602448,10.443042066354899,19.39072113963306,597007.0,12210.710470376596,89.69981643392445,2.3574825945486997
Spherical Grains,289,0.35010069444444447,1.142948,2669.63232421875,7.217652584602448,10.443042066354899,19.39072113963306,597007.0,12210.710470376593,89.69981643392447,2.3574825945486997
Spherical Grains,290,0.35010069444444447,1.1429476,2669.63232421875,7.217652584602448,10.44304206635489,19.39072113963306,597007.0,12210.710470376596,89.69981643392447,2.3574825945486997
Spherical Grains,291,0.35010069444444447,1.1429479,2669.63232421875,7.217652584602448,10.443042066354892,19.39072113963306,597007.0,12210.710470376593,89.69981643392447,2.3574825945486997
Spherical Grains,292,0.22935069444444445,1.2459819,273.5823669433594,4.963657813068918,7.8138114571478985,15.588457542915263,389586.0,11608.34444178112,170.8802228724697,-0.2586267825243299
Spherical Grains,293,0.22935069444444445,1.2459819,273.5823669433594,4.963657813068918,7.813811457147895,15.588457542915263,389586.0,11608.34444178112,170.8802228724697,-0.2586267825243299
Spherical Grains,294,0.22935069444444445,1.2459819,273.5823669433594,4.963657813068918,7.813811457147899,15.588457542915263,389586.0,11608.34444178112,170.8802228724697,-0.2586267825243299
Spherical Grains,295,0.22935069444444445,1.2459819,273.5823669433594,4.963657813068918,7.813811457147897,15.588457542915263,389586.0,11608.34444178112,170.8802228724697,-0.2586267825243299
Spherical Grains,296,0.22235185185185186,1.277389,396.1492919921875,4.598545046310393,7.213458023648125,13.67479306373166,380457.0,11948.987518083495,196.4480387857295,1.7705987418973357
Spherical Grains,297,0.22235185185185186,1.2773894,396.1492919921875,4.598545046310393,7.2134580236481245,13.67479306373166,380457.0,11948.987518083495,196.4480387857295,1.7705987418973357
Spherical Grains,298,0.22235185185185186,1.2773889,396.14923095703125,4.598545046310393,7.213458023648123,13.67479306373166,380457.0,11948.987518083492,196.44803878572947,1.7705987418973357
Spherical Grains,299,0.22235185185185186,1.2773893,396.14923095703125,4.598545046310393,7.213458023648125,13.67479306373166,380457.0,11948.987518083492,196.44803878572947,1.7705987418973357
Spherical Grains,300,0.36120833333333335,1.1416007,2045.96337890625,5.57974576804427,8.652342770099938,15.652476425463272,618651.0,14935.969123433058,78.93239105674878,-7.599648532638003
Spherical Grains,301,0.36120833333333335,1.1416003,2045.96337890625,5.57974576804427,8.652342770099931,15.652476425463272,618651.0,14935.969123433062,78.93239105674878,-7.599648532638003
Spherical Grains,302,0.36120833333333335,1.1416004,2045.9635009765625,5.57974576804427,8.652342770099935,15.652476425463272,618651.0,14935.969123433058,78.93239105674878,-7.599648532638003
Spherical Grains,303,0.36120833333333335,1.1416003,2045.96337890625,5.57974576804427,8.652342770099937,15.652476425463272,618651.0,14935.969123433062,78.93239105674878,-7.599648532638003
Spherical Grains,304,0.28723900462962965,1.2287245,290.3268127441406,6.298266366948863,9.828409771151481,16.806304838990258,489614.0,11212.732658575122,114.04675150511433,-1.8501762134432833
Spherical Grains,305,0.28723900462962965,1.2287244,290.32684326171875,6.298266366948863,9.828409771151483,16.806304838990258,489614.0,11212.732658575118,114.04675150511433,-1.8501762134432833
Spherical Grains,306,0.28723900462962965,1.2287242,290.3268127441406,6.298266366948863,9.828409771151483,16.806304838990258,489614.0,11212.732658575122,114.04675150511433,-1.8501762134432833
Spherical Grains,307,0.28723900462962965,1.228724,290.3268127441406,6.298266366948863,9.828409771151483,16.806304838990258,489614.0,11212.73265857512,114.04675150511433,-1.8501762134432833
Spherical Grains,308,0.24891956018518518,1.1974709,207.46630859375,5.615658700874255,8.501745102336663,19.26135887476452,423734.0,11049.339879789339,110.94978463320777,-4.317077831367661
Spherical Grains,309,0.24891956018518518,1.197471,207.46633911132812,5.615658700874255,8.501745102336665,19.26135887476452,423734.0,11049.339879789339,110.94978463320774,-4.317077831367661
Spherical Grains,310,0.24891956018518518,1.1974707,207.46633911132812,5.615658700874255,8.501745102336663,19.26135887476452,423734.0,11049.33987978934,110.94978463320777,-4.317077831367661
Spherical Grains,311,0.24891956018518518,1.1974708,207.46633911132812,5.615658700874255,8.501745102336661,19.26135887476452,423734.0,11049.33987978934,110.94978463320774,-4.317077831367661
Spherical Grains,312,0.2960023148148148,1.1487018,1860.239501953125,5.2210985899599835,8.57215509232175,15.107070451545495,505245.0,13504.2653870107,126.70440452611791,-4.4762327744595565
Spherical Grains,313,0.2960023148148148,1.1487019,1860.239501953125,5.2210985899599835,8.572155092321749,15.107070451545495,505245.0,13504.265387010697,126.70440452611791,-4.4762327744595565
Spherical Grains,314,0.2960023148148148,1.1487019,1860.239501953125,5.2210985899599835,8.57215509232175,15.107070451545495,505245.0,13504.2653870107,126.7044045261179,-4.4762327744595565
Spherical Grains,315,0.2960023148148148,1.1487019,1860.239501953125,5.2210985899599835,8.572155092321749,15.107070451545495,505245.0,13504.265387010697,126.7044045261179,-4.4762327744595565
Spherical Grains,316,0.3240011574074074,1.2204611,1089.3935546875,6.868285482355257,9.959507713451623,18.000000106278666,554821.0,12162.370187670214,80.79398518123372,-2.6061621931297863
Spherical Grains,317,0.3240011574074074,1.2204614,1089.3935546875,6.868285482355257,9.959507713451625,18.000000106278666,554821.0,12162.370187670214,80.79398518123372,-2.6061621931297863
Spherical Grains,318,0.3240011574074074,1.2204609,1089.393310546875,6.868285482355257,9.959507713451622,18.000000106278666,554821.0,12162.370187670214,80.79398518123372,-2.6061621931297863
Spherical Grains,319,0.3240011574074074,1.2204614,1089.3935546875,6.868285482355257,9.959507713451623,18.000000106278666,554821.0,12162.370187670214,80.79398518123375,-2.6061621931297863
Spherical Grains,320,0.3925133101851852,1.2465498,1179.2550048828125,4.712118449658737,7.438926080612814,17.492854138527438,669846.0,18660.062591074155,44.564852997064364,-10.882219233908344
Spherical Grains,321,0.3925133101851852,1.2465502,1179.2550048828125,4.712118449658737,7.438926080612814,17.492854138527438,669846.0,18660.062591074155,44.56485299706435,-10.882219233908344
Spherical Grains,322,0.3925133101851852,1.24655,1179.2550048828125,4.712118449658737,7.438926080612809,17.492854138527438,669846.0,18660.062591074155,44.564852997064364,-10.882219233908344
Spherical Grains,323,0.3925133101851852,1.2465503,1179.2548828125,4.712118449658737,7.438926080612812,17.492854138527438,669846.0,18660.062591074155,44.564852997064364,-10.882219233908344
Spherical Grains,324,0.41129166666666667,1.1880908,1481.0579833984375,5.096325536764033,7.765791292147378,16.30950755823499,702579.0,18290.69032072046,3.455690948948913e+17,-12.841814470727305
Spherical Grains,325,0.41129166666666667,1.1880908,1481.0579833984375,5.096325536764033,7.765791292147381,16.30950755823499,702579.0,18290.690320720463,3.455690948948913e+17,-12.841814470727305
Spherical Grains,326,0.41129166666666667,1.1880904,1481.058349609375,5.096325536764033,7.765791292147377,16.30950755823499,702579.0,18290.69032072046,3.455690948948913e+17,-12.841814470727305
Spherical Grains,327,0.41129166666666667,1.1880903,1481.058349609375,5.096325536764033,7.765791292147378,16.30950755823499,702579.0,18290.690320720463,3.455690948948913e+17,-12.841814470727305
Spherical Grains,328,0.3663194444444444,1.1493138,2027.137939453125,4.8281537041432125,7.572838400605166,14.866069191748569,623093.0,17866.23015865288,143.31716059668,-9.758187448321832
Spherical Grains,329,0.3663194444444444,1.1493138,2027.137939453125,4.8281537041432125,7.572838400605162,14.866069191748569,623093.0,17866.23015865288,143.31716059668,-9.758187448321832
Spherical Grains,330,0.3663194444444444,1.1493139,2027.13818359375,4.8281537041432125,7.572838400605162,14.866069191748569,623093.0,17866.23015865288,143.31716059668005,-9.758187448321832
Spherical Grains,331,0.3663194444444444,1.1493132,2027.137939453125,4.8281537041432125,7.572838400605162,14.866069191748569,623093.0,17866.23015865288,143.31716059668,-9.758187448321832
Spherical Grains,332,0.3752372685185185,1.3111346,641.291015625,4.7032072507853835,7.061089271214281,14.212668568899659,639347.0,18491.662544814888,1.343988760483573e+17,-14.512941373192207
Spherical Grains,333,0.3752372685185185,1.3111347,641.2911376953125,4.7032072507853835,7.0610892712142785,14.212668568899659,639347.0,18491.66254481489,1.343988760483573e+17,-14.512941373192207
Spherical Grains,334,0.3752372685185185,1.3111343,641.2910766601562,4.7032072507853835,7.0610892712142785,14.212668568899659,639347.0,18491.66254481489,1.343988760483573e+17,-14.512941373192207
Spherical Grains,335,0.3752372685185185,1.3111346,641.2910766601562,4.7032072507853835,7.061089271214278,14.212668568899659,639347.0,18491.66254481489,1.343988760483573e+17,-14.512941373192207
Spherical Grains,336,0.38830729166666667,1.2716112,1037.4359130859375,4.852374618903588,7.872281033487972,16.353529304278123,661131.0,17951.41745246192,88.80446817075725,-11.479050270502952
Spherical Grains,337,0.38830729166666667,1.2716115,1037.4359130859375,4.852374618903588,7.872281033487973,16.353529304278123,661131.0,17951.417452461927,88.80446817075725,-11.479050270502952
Spherical Grains,338,0.38830729166666667,1.2716113,1037.4359130859375,4.852374618903588,7.872281033487971,16.353529304278123,661131.0,17951.417452461923,88.80446817075725,-11.479050270502952
Spherical Grains,339,0.38830729166666667,1.271611,1037.4359130859375,4.852374618903588,7.872281033487966,16.353529304278123,661131.0,17951.417452461923,88.80446817075722,-11.479050270502952
Spherical Grains,340,0.34814756944444447,1.3216076,1415.7196044921875,4.568715000740966,7.565913325286257,14.700359827307134,594326.0,16875.27599623009,142.96938546779845,-3.9092432896946794
Spherical Grains,341,0.34814756944444447,1.3216076,1415.7196044921875,4.568715000740966,7.565913325286261,14.700359827307134,594326.0,16875.27599623009,142.96938546779845,-3.9092432896946794
Spherical Grains,342,0.34814756944444447,1.3216082,1415.7196044921875,4.568715000740966,7.565913325286257,14.700359827307134,594326.0,16875.275996230088,142.96938546779845,-3.9092432896946794
Spherical Grains,343,0.34814756944444447,1.3216078,1415.7197265625,4.568715000740966,7.565913325286261,14.700359827307134,594326.0,16875.27599623009,142.96938546779845,-3.9092432896946794
Spherical Grains,344,0.35652546296296295,1.270959,1131.0277099609375,4.769958927971692,7.3077851045882625,13.022747561664554,609501.0,17197.728947741052,106.86907071274919,-2.864788975654116
Spherical Grains,345,0.35652546296296295,1.2709589,1131.0277099609375,4.769958927971692,7.307785104588266,13.022747561664554,609501.0,17197.72894774105,106.86907071274916,-2.864788975654116
Spherical Grains,346,0.35652546296296295,1.2709585,1131.027587890625,4.769958927971692,7.3077851045882625,13.022747561664554,609501.0,17197.72894774105,106.86907071274916,-2.864788975654116
Spherical Grains,347,0.35652546296296295,1.2709584,1131.0277099609375,4.769958927971692,7.307785104588264,13.022747561664554,609501.0,17197.72894774105,106.86907071274919,-2.864788975654116
Spherical Grains,348,0.38441435185185185,1.173358,1490.443603515625,4.927858407571451,7.686493085961462,16.806304838990258,657193.0,17489.93088994738,47.10407690444718,-7.87816968304882
Spherical Grains,349,0.38441435185185185,1.1733578,1490.44384765625,4.927858407571451,7.686493085961462,16.806304838990258,657193.0,17489.93088994738,47.10407690444719,-7.87816968304882
Spherical Grains,350,0.38441435185185185,1.1733575,1490.44384765625,4.927858407571451,7.686493085961463,16.806304838990258,657193.0,17489.93088994738,47.10407690444718,-7.87816968304882
Spherical Grains,351,0.38441435185185185,1.173358,1490.44384765625,4.927858407571451,7.686493085961462,16.806304838990258,657193.0,17489.93088994738,47.10407690444719,-7.87816968304882
Spherical Grains,352,0.3852170138888889,1.2744095,1093.994873046875,4.7856317278279645,7.520596588281315,18.000000106278666,656066.0,18205.98787426325,69.22232417320711,-11.1010572806597
Spherical Grains,353,0.3852170138888889,1.2744098,1093.994873046875,4.7856317278279645,7.520596588281312,18.000000106278666,656066.0,18205.98787426325,69.22232417320711,-11.1010572806597
Spherical Grains,354,0.3852170138888889,1.2744102,1093.9949951171875,4.7856317278279645,7.520596588281312,18.000000106278666,656066.0,18205.98787426325,69.22232417320711,-11.1010572806597
Spherical Grains,355,0.3852170138888889,1.2744099,1093.9951171875,4.7856317278279645,7.520596588281315,18.000000106278666,656066.0,18205.98787426325,69.22232417320711,-11.1010572806597
Spherical Grains,356,0.3514467592592593,1.2596103,795.1207885742188,4.749258167552219,7.811846999187978,17.74823959774642,598890.0,17118.807238405265,135.1663118051243,-1.6611797185216577
Spherical Grains,357,0.3514467592592593,1.2596108,795.1207275390625,4.749258167552219,7.811846999187977,17.74823959774642,598890.0,17118.80723840527,135.1663118051243,-1.6611797185216577
Spherical Grains,358,0.3514467592592593,1.2596104,795.1207275390625,4.749258167552219,7.811846999187978,17.74823959774642,598890.0,17118.807238405265,135.1663118051243,-1.6611797185216577
Spherical Grains,359,0.3514467592592593,1.2596103,795.1207275390625,4.749258167552219,7.811846999187977,17.74823959774642,598890.0,17118.80723840527,135.1663118051243,-1.6611797185216577
Spherical Grains,360,0.3855318287037037,1.2030602,1306.142822265625,5.751765798800861,7.9238137745318,16.43167780101552,657830.0,17330.60405291803,55.156887058188346,-11.38952561501376
Spherical Grains,361,0.3855318287037037,1.20306,1306.142822265625,5.751765798800861,7.923813774531803,16.43167780101552,657830.0,17330.60405291803,55.156887058188346,-11.38952561501376
Spherical Grains,362,0.3855318287037037,1.2030602,1306.142822265625,5.751765798800861,7.923813774531798,16.43167780101552,657830.0,17330.604052918035,55.156887058188346,-11.38952561501376
Spherical Grains,363,0.3855318287037037,1.2030597,1306.142822265625,5.751765798800861,7.9238137745318,16.43167780101552,657830.0,17330.60405291803,55.15688705818835,-11.38952561501376
Spherical Grains,364,0.442947337962963,1.166072,2300.62841796875,6.118200867366524,9.394266330519905,18.138358025698693,755908.0,16741.511338204913,34.9432806580623,0.019894367886486918
Spherical Grains,365,0.442947337962963,1.1660718,2300.62841796875,6.118200867366524,9.3942663305199,18.138358025698693,755908.0,16741.511338204913,34.94328065806231,0.019894367886486918
Spherical Grains,366,0.442947337962963,1.1660714,2300.628662109375,6.118200867366524,9.394266330519901,18.138358025698693,755908.0,16741.511338204913,34.9432806580623,0.019894367886486918
Spherical Grains,367,0.442947337962963,1.1660715,2300.62841796875,6.118200867366524,9.394266330519901,18.138358025698693,755908.0,16741.511338204913,34.9432806580623,0.019894367886486918
Spherical Grains,368,0.3997366898148148,1.2149937,1436.6025390625,5.719273277584857,8.457960090813163,17.54699783291359,680181.0,16770.231161861346,1.343988760483573e+17,-10.374912852802927
Spherical Grains,369,0.3997366898148148,1.2149934,1436.6026611328125,5.719273277584857,8.457960090813163,17.54699783291359,680181.0,16770.231161861346,1.343988760483573e+17,-10.374912852802927
Spherical Grains,370,0.3997366898148148,1.2149936,1436.6026611328125,5.719273277584857,8.457960090813163,17.54699783291359,680181.0,16770.231161861346,1.343988760483573e+17,-10.374912852802927
Spherical Grains,371,0.3997366898148148,1.2149938,1436.6026611328125,5.719273277584857,8.45796009081317,17.54699783291359,680181.0,16770.231161861346,1.343988760483573e+17,-10.374912852802927
Spherical Grains,372,0.3890706018518518,1.1812791,2375.853515625,5.5347878756854945,8.265545092101076,16.62680312316026,663351.0,16284.312398935888,84.87396818862439,-10.325176933086711
Spherical Grains,373,0.3890706018518518,1.1812793,2375.853271484375,5.5347878756854945,8.265545092101082,16.62680312316026,663351.0,16284.312398935888,84.87396818862439,-10.325176933086711
Spherical Grains,374,0.3890706018518518,1.1812794,2375.85400390625,5.5347878756854945,8.265545092101082,16.62680312316026,663351.0,16284.31239893589,84.87396818862439,-10.325176933086711
Spherical Grains,375,0.3890706018518518,1.1812793,2375.853515625,5.5347878756854945,8.265545092101085,16.62680312316026,663351.0,16284.312398935888,84.87396818862439,-10.325176933086711
Spherical Grains,376,0.3516684027777778,1.1843678,1649.6925048828125,4.999095588288627,7.815917080806329,15.779731644995012,603165.0,16124.045286236951,86.92543031346848,-8.116902097686662
Spherical Grains,377,0.3516684027777778,1.1843674,1649.6925048828125,4.999095588288627,7.815917080806327,15.779731644995012,603165.0,16124.045286236955,86.92543031346847,-8.116902097686662
Spherical Grains,378,0.3516684027777778,1.1843675,1649.6925048828125,4.999095588288627,7.815917080806331,15.779731644995012,603165.0,16124.045286236955,86.92543031346848,-8.116902097686662
Spherical Grains,379,0.3516684027777778,1.1843678,1649.6925048828125,4.999095588288627,7.815917080806327,15.779731644995012,603165.0,16124.045286236955,86.92543031346847,-8.116902097686662
Spherical Grains,380,0.37402083333333336,1.2110537,1700.1209716796875,5.2210985899599835,7.798638937043241,15.107070451545495,638193.0,16321.042468804493,60.99435308862427,-6.704401977746092
Spherical Grains,381,0.37402083333333336,1.2110538,1700.1209716796875,5.2210985899599835,7.798638937043241,15.107070451545495,638193.0,16321.042468804493,60.9943530886243,-6.704401977746092
Spherical Grains,382,0.37402083333333336,1.2110533,1700.1209716796875,5.2210985899599835,7.798638937043241,15.107070451545495,638193.0,16321.042468804497,60.99435308862427,-6.704401977746092
Spherical Grains,383,0.37402083333333336,1.2110537,1700.1209716796875,5.2210985899599835,7.798638937043237,15.107070451545495,638193.0,16321.042468804493,60.9943530886243,-6.704401977746092
Spherical Grains,384,0.37090104166666665,1.1881801,1670.8565673828125,4.993231734087587,7.656201598036389,15.7480146124762,632541.0,17217.326293459973,109.7118210518923,-6.714349161689336
Spherical Grains,385,0.37090104166666665,1.1881801,1670.8565673828125,4.993231734087587,7.656201598036389,15.7480146124762,632541.0,17217.326293459973,109.7118210518923,-6.714349161689336
Spherical Grains,386,0.37090104166666665,1.1881806,1670.8565673828125,4.993231734087587,7.656201598036389,15.7480146124762,632541.0,17217.326293459973,109.71182105189233,-6.714349161689336
Spherical Grains,387,0.37090104166666665,1.1881801,1670.8564453125,4.993231734087587,7.6562015980363896,15.7480146124762,632541.0,17217.326293459973,109.71182105189229,-6.714349161689336
Spherical Grains,388,0.3786869212962963,1.2403269,1393.9737548828125,5.551116666366744,8.219882619330026,13.847877428421883,646257.0,16636.103030542232,83.1378830640475,-1.8103874776703095
Spherical Grains,389,0.3786869212962963,1.2403266,1393.9737548828125,5.551116666366744,8.219882619330022,13.847877428421883,646257.0,16636.103030542232,83.1378830640475,-1.8103874776703095
Spherical Grains,390,0.3786869212962963,1.2403271,1393.9736328125,5.551116666366744,8.219882619330019,13.847877428421883,646257.0,16636.103030542232,83.1378830640475,-1.8103874776703095
Spherical Grains,391,0.3786869212962963,1.2403268,1393.9736328125,5.551116666366744,8.21988261933002,13.847877428421883,646257.0,16636.103030542236,83.1378830640475,-1.8103874776703095
Spherical Grains,392,0.3109571759259259,1.2355047,1166.0633544921875,4.986677082312244,7.067844362990603,13.076694972014252,531370.0,16143.132740843572,172.37238748562356,-11.777465788800255
Spherical Grains,393,0.3109571759259259,1.235505,1166.0633544921875,4.986677082312244,7.067844362990603,13.076694972014252,531370.0,16143.132740843572,172.37238748562356,-11.777465788800255
Spherical Grains,394,0.3109571759259259,1.2355049,1166.0633544921875,4.986677082312244,7.067844362990603,13.076694972014252,531370.0,16143.132740843572,172.37238748562356,-11.777465788800255
Spherical Grains,395,0.3109571759259259,1.2355051,1166.0633544921875,4.986677082312244,7.067844362990602,13.076694972014252,531370.0,16143.132740843572,172.37238748562356,-11.777465788800255
Spherical Grains,396,0.3830266203703704,1.1873296,2516.0009765625,5.558303766247893,8.358382861239182,15.556347799219328,653623.0,16102.531367619302,1.343988760483573e+17,-11.369631247127273
Spherical Grains,397,0.3830266203703704,1.1873301,2516.0009765625,5.558303766247893,8.35838286123918,15.556347799219328,653623.0,16102.531367619298,1.343988760483573e+17,-11.369631247127273
Spherical Grains,398,0.3830266203703704,1.1873301,2516.001220703125,5.558303766247893,8.358382861239184,15.556347799219328,653623.0,16102.531367619298,1.343988760483573e+17,-11.369631247127273
Spherical Grains,399,0.3830266203703704,1.1873302,2516.0009765625,5.558303766247893,8.35838286123918,15.556347799219328,653623.0,16102.531367619295,1.343988760483573e+17,-11.369631247127273
Spherical Grains,400,0.3132390046296296,1.3315237,770.2158203125,5.615658700874255,8.328497607446202,19.26135887476452,533541.0,14100.302270765573,116.49164091684696,-6.465669563108247
Spherical Grains,401,0.3132390046296296,1.3315233,770.2158203125,5.615658700874255,8.328497607446202,19.26135887476452,533541.0,14100.302270765576,116.491640916847,-6.465669563108247
Spherical Grains,402,0.3132390046296296,1.3315234,770.2157592773438,5.615658700874255,8.328497607446204,19.26135887476452,533541.0,14100.302270765576,116.49164091684703,-6.465669563108247
Spherical Grains,403,0.3132390046296296,1.3315237,770.2158203125,5.615658700874255,8.328497607446204,19.26135887476452,533541.0,14100.302270765576,116.491640916847,-6.465669563108247
Spherical Grains,404,0.361521412037037,1.253343,1800.218994140625,6.3496047662196915,8.990787380740807,14.254381292074651,616425.0,14544.465049801584,117.3805021946478,-4.983539155564973
Spherical Grains,405,0.361521412037037,1.2533425,1800.2188720703125,6.3496047662196915,8.990787380740809,14.254381292074651,616425.0,14544.465049801585,117.3805021946478,-4.983539155564973
Spherical Grains,406,0.361521412037037,1.2533429,1800.2188720703125,6.3496047662196915,8.990787380740807,14.254381292074651,616425.0,14544.465049801584,117.3805021946478,-4.983539155564973
Spherical Grains,407,0.361521412037037,1.2533429,1800.2188720703125,6.3496047662196915,8.990787380740803,14.254381292074651,616425.0,14544.465049801585,117.38050219464782,-4.983539155564973
Spherical Grains,408,0.3539803240740741,1.2133142,805.4151611328125,5.784841659826143,8.398026685635871,16.583124520476773,604687.0,15570.87946141502,123.90039596006676,-8.554578191189375
Spherical Grains,409,0.3539803240740741,1.2133139,805.415283203125,5.784841659826143,8.398026685635868,16.583124520476773,604687.0,15570.87946141502,123.90039596006675,-8.554578191189375
Spherical Grains,410,0.3539803240740741,1.2133142,805.4151611328125,5.784841659826143,8.398026685635868,16.583124520476773,604687.0,15570.87946141502,123.90039596006676,-8.554578191189375
Spherical Grains,411,0.3539803240740741,1.2133143,805.415283203125,5.784841659826143,8.398026685635866,16.583124520476773,604687.0,15570.87946141502,123.90039596006679,-8.554578191189375
Spherical Grains,412,0.3528738425925926,1.2548364,2013.0380859375,5.881652898031892,8.470837697517123,17.029387430847528,603812.0,14573.564624109005,87.61747442041326,-7.898064050935306
Spherical Grains,413,0.3528738425925926,1.2548367,2013.037841796875,5.881652898031892,8.470837697517123,17.029387430847528,603812.0,14573.564624109002,87.61747442041329,-7.898064050935306
Spherical Grains,414,0.3528738425925926,1.2548369,2013.0380859375,5.881652898031892,8.470837697517123,17.029387430847528,603812.0,14573.564624109005,87.61747442041329,-7.898064050935306
Spherical Grains,415,0.3528738425925926,1.2548362,2013.0382080078125,5.881652898031892,8.470837697517124,17.029387430847528,603812.0,14573.564624109002,87.61747442041329,-7.898064050935306
Spherical Grains,416,0.3410127314814815,1.1031319,3005.6494140625,5.740294709728913,8.362965053487862,17.653078595683088,580280.0,14890.607564359187,109.64354283932173,-7.33107456617043
Spherical Grains,417,0.3410127314814815,1.1031314,3005.649169921875,5.740294709728913,8.362965053487867,17.653078595683088,580280.0,14890.607564359187,109.64354283932173,-7.33107456617043
Spherical Grains,418,0.3410127314814815,1.103131,3005.6494140625,5.740294709728913,8.362965053487864,17.653078595683088,580280.0,14890.607564359187,109.64354283932173,-7.33107456617043
Spherical Grains,419,0.3410127314814815,1.1031314,3005.649169921875,5.740294709728913,8.362965053487864,17.653078595683088,580280.0,14890.607564359187,109.64354283932173,-7.33107456617043
Spherical Grains,420,0.26161689814814815,1.3100724,225.25344848632812,4.689578352672482,6.80499034615149,12.664176399359539,445744.0,14194.066614692452,193.33886308455357,-2.7454227683351946
Spherical Grains,421,0.26161689814814815,1.3100724,225.25344848632812,4.689578352672482,6.804990346151494,12.664176399359539,445744.0,14194.066614692456,193.33886308455357,-2.7454227683351946
Spherical Grains,422,0.26161689814814815,1.3100721,225.25344848632812,4.689578352672482,6.804990346151492,12.664176399359539,445744.0,14194.066614692452,193.33886308455357,-2.7454227683351946
Spherical Grains,423,0.26161689814814815,1.3100722,225.25344848632812,4.689578352672482,6.804990346151489,12.664176399359539,445744.0,14194.066614692456,193.3388630845535,-2.7454227683351946
Spherical Grains,424,0.3817696759259259,1.2144077,1607.97412109375,5.516421290617595,8.392959488123502,16.536256485424907,650077.0,16048.240016104197,1.3439887604835733e+17,-6.415933643392031
Spherical Grains,425,0.3817696759259259,1.2144072,1607.9739990234375,5.516421290617595,8.392959488123507,16.536256485424907,650077.0,16048.240016104197,1.3439887604835733e+17,-6.415933643392031
Spherical Grains,426,0.3817696759259259,1.2144073,1607.9742431640625,5.516421290617595,8.392959488123502,16.536256485424907,650077.0,16048.240016104197,1.3439887604835733e+17,-6.415933643392031
Spherical Grains,427,0.3817696759259259,1.2144073,1607.9742431640625,5.516421290617595,8.392959488123507,16.536256485424907,650077.0,16048.240016104197,1.3439887604835733e+17,-6.415933643392031
Spherical Grains,428,0.3745283564814815,1.2498424,1701.8406982421875,5.919413537770125,8.7319122659938,15.281312069097885,640116.0,15381.227288049002,78.54478859413715,-7.480282325319081
Spherical Grains,429,0.3745283564814815,1.2498416,1701.8406982421875,5.919413537770125,8.731912265993795,15.281312069097885,640116.0,15381.227288049002,78.54478859413715,-7.480282325319081
Spherical Grains,430,0.3745283564814815,1.2498419,1701.8406982421875,5.919413537770125,8.731912265993797,15.281312069097885,640116.0,15381.227288049,78.54478859413715,-7.480282325319081
Spherical Grains,431,0.3745283564814815,1.249842,1701.8406982421875,5.919413537770125,8.731912265993795,15.281312069097885,640116.0,15381.227288049002,78.54478859413715,-7.480282325319081
Spherical Grains,432,0.31015335648148146,1.2513362,690.623046875,5.751765798800861,8.624118137660249,16.43167780101552,528700.0,13617.883740248475,150.6249898248351,-7.977641522481254
Spherical Grains,433,0.31015335648148146,1.2513355,690.6231689453125,5.751765798800861,8.624118137660249,16.43167780101552,528700.0,13617.883740248477,150.6249898248351,-7.977641522481254
Spherical Grains,434,0.31015335648148146,1.2513359,690.6231689453125,5.751765798800861,8.624118137660249,16.43167780101552,528700.0,13617.883740248475,150.62498982483507,-7.977641522481254
Spherical Grains,435,0.31015335648148146,1.2513355,690.623046875,5.751765798800861,8.624118137660249,16.43167780101552,528700.0,13617.883740248475,150.6249898248351,-7.977641522481254
Spherical Grains,436,0.3124189814814815,1.2438478,1452.52880859375,5.2210985899599835,8.531647575792059,15.107070451545495,530742.0,14037.247952066948,156.4480423607254,-5.719630767364989
Spherical Grains,437,0.3124189814814815,1.2438476,1452.52880859375,5.2210985899599835,8.531647575792055,15.107070451545495,530742.0,14037.247952066951,156.4480423607254,-5.719630767364989
Spherical Grains,438,0.3124189814814815,1.2438478,1452.52880859375,5.2210985899599835,8.531647575792059,15.107070451545495,530742.0,14037.247952066951,156.4480423607254,-5.719630767364989
Spherical Grains,439,0.3124189814814815,1.2438477,1452.5289306640625,5.2210985899599835,8.531647575792057,15.107070451545495,530742.0,14037.247952066948,156.44804236072537,-5.719630767364989
Spherical Grains,440,0.3063576388888889,1.1853311,867.5037231445312,5.1074714570931725,7.958413496187694,16.370703390714013,520791.99999999994,14242.630212197511,120.0481695454533,-2.2182220193432913
Spherical Grains,441,0.3063576388888889,1.1853312,867.5038452148438,5.1074714570931725,7.95841349618769,16.370703390714013,520791.99999999994,14242.63021219751,120.0481695454533,-2.2182220193432913
Spherical Grains,442,0.3063576388888889,1.1853313,867.5037231445312,5.1074714570931725,7.958413496187692,16.370703390714013,520791.99999999994,14242.63021219751,120.0481695454533,-2.2182220193432913
Spherical Grains,443,0.3063576388888889,1.1853318,867.5037231445312,5.1074714570931725,7.9584134961876885,16.370703390714013,520791.99999999994,14242.63021219751,120.0481695454533,-2.2182220193432913
Spherical Grains,444,0.4459675925925926,1.2423906,2850.10498046875,6.619106223973761,9.517603617727165,17.029387430847528,764216.0,16089.480594157985,5.018843280087374e+17,-4.0385566809568445
Spherical Grains,445,0.4459675925925926,1.2423911,2850.10498046875,6.619106223973761,9.517603617727168,17.029387430847528,764216.0,16089.480594157985,5.018843280087374e+17,-4.0385566809568445
Spherical Grains,446,0.4459675925925926,1.2423908,2850.10498046875,6.619106223973761,9.517603617727167,17.029387430847528,764216.0,16089.480594157985,5.018843280087374e+17,-4.0385566809568445
Spherical Grains,447,0.4459675925925926,1.2423905,2850.10498046875,6.619106223973761,9.517603617727167,17.029387430847528,764216.0,16089.480594157985,5.018843280087374e+17,-4.0385566809568445
Spherical Grains,448,0.4469548611111111,1.1953697,4474.673828125,6.902623765238781,10.0871839182232,19.34142391248166,764333.0,15961.898265522592,47.61276025307295,-5.928521630173101
Spherical Grains,449,0.4469548611111111,1.1953692,4474.673828125,6.902623765238781,10.087183918223204,19.34142391248166,764333.0,15961.898265522588,47.61276025307295,-5.928521630173101
Spherical Grains,450,0.4469548611111111,1.19537,4474.673828125,6.902623765238781,10.087183918223202,19.34142391248166,764333.0,15961.898265522592,47.61276025307296,-5.928521630173101
Spherical Grains,451,0.4469548611111111,1.1953692,4474.673828125,6.902623765238781,10.0871839182232,19.34142391248166,764333.0,15961.898265522592,47.61276025307296,-5.928521630173101
Spherical Grains,452,0.469478587962963,1.2361237,4126.60791015625,7.151131534994934,10.559284237972328,23.28089253646835,801717.0,15386.975048564893,5.018843280087374e+17,-9.559243769456964
Spherical Grains,453,0.469478587962963,1.2361239,4126.60791015625,7.151131534994934,10.559284237972332,23.28089253646835,801717.0,15386.975048564895,5.018843280087374e+17,-9.559243769456964
Spherical Grains,454,0.469478587962963,1.2361238,4126.60791015625,7.151131534994934,10.559284237972335,23.28089253646835,801717.0,15386.975048564895,5.018843280087374e+17,-9.559243769456964
Spherical Grains,455,0.469478587962963,1.2361236,4126.60791015625,7.151131534994934,10.559284237972328,23.28089253646835,801717.0,15386.975048564895,5.018843280087374e+17,-9.559243769456964
Spherical Grains,456,0.441505787037037,1.1980132,2443.035400390625,6.898163193372536,10.414954905516602,21.977259851978424,755119.0,15058.877475212588,2.687977520967146e+17,-0.28846833435406033
Spherical Grains,457,0.441505787037037,1.1980125,2443.035400390625,6.898163193372536,10.414954905516602,21.977259851978424,755119.0,15058.877475212588,2.687977520967146e+17,-0.28846833435406033
Spherical Grains,458,0.441505787037037,1.1980125,2443.03515625,6.898163193372536,10.414954905516602,21.977259851978424,755119.0,15058.877475212592,2.687977520967146e+17,-0.28846833435406033
Spherical Grains,459,0.441505787037037,1.1980125,2443.03515625,6.898163193372536,10.414954905516606,21.977259851978424,755119.0,15058.877475212592,2.687977520967146e+17,-0.28846833435406033
Spherical Grains,460,0.3031880787037037,1.2003719,768.1926879882812,5.656854715833501,8.276283502718881,14.254381292074651,521501.0,13570.954334155897,122.61257925537387,1.0345071300973196
Spherical Grains,461,0.3031880787037037,1.2003722,768.1926879882812,5.656854715833501,8.27628350271888,14.254381292074651,521501.0,13570.9543341559,122.61257925537387,1.0345071300973196
Spherical Grains,462,0.3031880787037037,1.2003719,768.1926879882812,5.656854715833501,8.27628350271888,14.254381292074651,521501.0,13570.954334155897,122.61257925537387,1.0345071300973196
Spherical Grains,463,0.3031880787037037,1.2003719,768.1928100585938,5.656854715833501,8.276283502718881,14.254381292074651,521501.0,13570.954334155897,122.61257925537387,1.0345071300973196
Spherical Grains,464,0.3431209490740741,1.2072066,1942.28955078125,6.071315703340386,8.86459078877967,17.916472456840896,584856.0,13747.660010353324,75.56494033323773,-1.989436788648692
Spherical Grains,465,0.3431209490740741,1.2072067,1942.28955078125,6.071315703340386,8.864590788779667,17.916472456840896,584856.0,13747.660010353324,75.56494033323774,-1.989436788648692
Spherical Grains,466,0.3431209490740741,1.2072064,1942.28955078125,6.071315703340386,8.864590788779669,17.916472456840896,584856.0,13747.660010353324,75.56494033323773,-1.989436788648692
Spherical Grains,467,0.3431209490740741,1.2072066,1942.28955078125,6.071315703340386,8.86459078877967,17.916472456840896,584856.0,13747.660010353324,75.56494033323774,-1.989436788648692
Spherical Grains,468,0.4785966435185185,1.2014692,3897.7099609375,6.298266366948863,9.289082030468231,16.806304838990258,819075.0,16543.591135496194,1.0476013701484517e+18,-2.6558981128460037
Spherical Grains,469,0.4785966435185185,1.2014691,3897.7099609375,6.298266366948863,9.289082030468235,16.806304838990258,819075.0,16543.591135496194,1.0476013701484517e+18,-2.6558981128460037
Spherical Grains,470,0.4785966435185185,1.2014686,3897.7099609375,6.298266366948863,9.289082030468233,16.806304838990258,819075.0,16543.591135496194,1.0476013701484517e+18,-2.6558981128460037
Spherical Grains,471,0.4785966435185185,1.2014694,3897.71044921875,6.298266366948863,9.289082030468228,16.806304838990258,819075.0,16543.591135496194,1.0476013701484517e+18,-2.6558981128460037
Spherical Grains,472,0.23809953703703704,1.3018745,290.4108581542969,4.489848514021325,7.499012298743168,14.254381292074651,405140.0,12005.445967183838,144.79803464140267,1.4224473038838146
Spherical Grains,473,0.23809953703703704,1.3018743,290.410888671875,4.489848514021325,7.499012298743163,14.254381292074651,405140.0,12005.445967183838,144.79803464140267,1.4224473038838146
Spherical Grains,474,0.23809953703703704,1.3018743,290.410888671875,4.489848514021325,7.499012298743166,14.254381292074651,405140.0,12005.445967183838,144.79803464140267,1.4224473038838146
Spherical Grains,475,0.23809953703703704,1.3018739,290.4108581542969,4.489848514021325,7.499012298743168,14.254381292074651,405140.0,12005.445967183834,144.79803464140264,1.4224473038838146
Spherical Grains,476,0.28762210648148145,1.2617748,769.111083984375,5.2210985899599835,7.989623734377286,15.107070451545495,490245.0,13866.75052600956,167.53418051547382,-7.460387957432594
Spherical Grains,477,0.28762210648148145,1.2617748,769.111083984375,5.2210985899599835,7.989623734377283,15.107070451545495,490245.0,13866.750526009562,167.53418051547382,-7.460387957432594
Spherical Grains,478,0.28762210648148145,1.2617745,769.111083984375,5.2210985899599835,7.989623734377286,15.107070451545495,490245.0,13866.75052600956,167.5341805154738,-7.460387957432594
Spherical Grains,479,0.28762210648148145,1.2617743,769.1110229492188,5.2210985899599835,7.989623734377285,15.107070451545495,490245.0,13866.750526009562,167.53418051547382,-7.460387957432594
Spherical Grains,480,0.45192592592592595,1.1547501,2069.775634765625,5.18389283877461,7.624729844854448,14.93061645778251,770669.0,20266.53063618516,7.405159989557462e+17,-23.137149851984287
Spherical Grains,481,0.45192592592592595,1.1547506,2069.775634765625,5.18389283877461,7.624729844854452,14.93061645778251,770669.0,20266.53063618516,7.405159989557462e+17,-23.137149851984287
Spherical Grains,482,0.45192592592592595,1.1547506,2069.775634765625,5.18389283877461,7.624729844854456,14.93061645778251,770669.0,20266.53063618516,7.405159989557462e+17,-23.137149851984287
Spherical Grains,483,0.45192592592592595,1.1547506,2069.775634765625,5.18389283877461,7.624729844854454,14.93061645778251,770669.0,20266.53063618516,7.405159989557462e+17,-23.137149851984287
Spherical Grains,484,0.4430005787037037,1.2085994,2320.608642578125,5.309403425753976,7.553119534781472,12.934116827943688,756712.0,19822.724292793897,2.1117021884653395e+17,-20.202730588727466
Spherical Grains,485,0.4430005787037037,1.2085992,2320.608154296875,5.309403425753976,7.553119534781476,12.934116827943688,756712.0,19822.724292793897,2.1117021884653395e+17,-20.202730588727466
Spherical Grains,486,0.4430005787037037,1.2086002,2320.608642578125,5.309403425753976,7.553119534781474,12.934116827943688,756712.0,19822.724292793897,2.1117021884653395e+17,-20.202730588727466
Spherical Grains,487,0.4430005787037037,1.2085992,2320.608154296875,5.309403425753976,7.553119534781476,12.934116827943688,756712.0,19822.724292793897,2.1117021884653395e+17,-20.202730588727466
Spherical Grains,488,0.45027199074074076,1.2261639,1758.4805908203125,5.522157915481326,7.699597672478283,15.394802261840416,770132.0,19904.590195371795,5.018843280087374e+17,-16.780899312251716
Spherical Grains,489,0.45027199074074076,1.2261648,1758.4805908203125,5.522157915481326,7.6995976724782755,15.394802261840416,770132.0,19904.59019537179,5.018843280087374e+17,-16.780899312251716
Spherical Grains,490,0.45027199074074076,1.2261647,1758.4805908203125,5.522157915481326,7.699597672478278,15.394802261840416,770132.0,19904.59019537179,5.018843280087374e+17,-16.780899312251716
Spherical Grains,491,0.45027199074074076,1.2261642,1758.48046875,5.522157915481326,7.69959767247828,15.394802261840416,770132.0,19904.590195371788,5.018843280087374e+17,-16.780899312251716
Spherical Grains,492,0.4692019675925926,1.2337071,2582.25390625,4.95170767246121,7.7271571691687395,13.847877428421883,802364.0,20441.754520414674,1.0476013701484517e+18,-11.857043260346202
Spherical Grains,493,0.4692019675925926,1.2337074,2582.254150390625,4.95170767246121,7.727157169168742,13.847877428421883,802364.0,20441.754520414674,1.0476013701484517e+18,-11.857043260346202
Spherical Grains,494,0.4692019675925926,1.2337073,2582.253662109375,4.95170767246121,7.727157169168747,13.847877428421883,802364.0,20441.754520414674,1.0476013701484517e+18,-11.857043260346202
Spherical Grains,495,0.4692019675925926,1.2337075,2582.253662109375,4.95170767246121,7.727157169168745,13.847877428421883,802364.0,20441.754520414674,1.0476013701484517e+18,-11.857043260346202
Spherical Grains,496,0.4224976851851852,1.193435,1346.7197265625,4.662026102112253,6.918327789856051,12.542171144784101,721131.0,20685.759627600957,2.687977520967146e+17,-18.859860756389597
Spherical Grains,497,0.4224976851851852,1.1934346,1346.7197265625,4.662026102112253,6.918327789856054,12.542171144784101,721131.0,20685.759627600957,2.687977520967146e+17,-18.859860756389597
Spherical Grains,498,0.4224976851851852,1.1934348,1346.7197265625,4.662026102112253,6.918327789856053,12.542171144784101,721131.0,20685.759627600957,2.687977520967146e+17,-18.859860756389597
Spherical Grains,499,0.4224976851851852,1.1934345,1346.7197265625,4.662026102112253,6.918327789856053,12.542171144784101,721131.0,20685.759627600957,2.687977520967146e+17,-18.859860756389597
Spherical Grains,500,0.4420445601851852,1.1848683,1970.2021484375,5.062525229081429,7.604889108848966,16.124513844423173,754485.0,20055.599057721916,5.0465687552623034e+17,-28.250002398811425
Spherical Grains,501,0.4420445601851852,1.1848685,1970.202392578125,5.062525229081429,7.604889108848966,16.124513844423173,754485.0,20055.599057721916,5.0465687552623034e+17,-28.250002398811425
Spherical Grains,502,0.4420445601851852,1.1848685,1970.2021484375,5.062525229081429,7.604889108848966,16.124513844423173,754485.0,20055.599057721916,5.0465687552623034e+17,-28.250002398811425
Spherical Grains,503,0.4420445601851852,1.1848686,1970.2021484375,5.062525229081429,7.60488910884897,16.124513844423173,754485.0,20055.599057721916,5.0465687552623034e+17,-28.250002398811425
Spherical Grains,504,0.471474537037037,1.2176689,1948.112548828125,5.323998237603013,7.4102648279154355,17.578396747600692,803410.0,21145.536853658356,1.182000246196809e+18,-8.39542324809748
Spherical Grains,505,0.471474537037037,1.2176679,1948.112548828125,5.323998237603013,7.410264827915435,17.578396747600692,803410.0,21145.536853658356,1.182000246196809e+18,-8.39542324809748
Spherical Grains,506,0.471474537037037,1.2176685,1948.112548828125,5.323998237603013,7.410264827915433,17.578396747600692,803410.0,21145.536853658356,1.182000246196809e+18,-8.39542324809748
Spherical Grains,507,0.471474537037037,1.2176683,1948.1123046875,5.323998237603013,7.410264827915434,17.578396747600692,803410.0,21145.536853658356,1.182000246196809e+18,-8.39542324809748
Spherical Grains,508,0.4807575231481481,1.208488,2165.651611328125,5.2854691317261535,7.271029488437665,12.844822164981183,821938.0,21139.70595578519,1.182000246196809e+18,-17.347888797016594
Spherical Grains,509,0.4807575231481481,1.208488,2165.6513671875,5.2854691317261535,7.271029488437664,12.844822164981183,821938.0,21139.705955785194,1.182000246196809e+18,-17.347888797016594
Spherical Grains,510,0.4807575231481481,1.2084882,2165.6513671875,5.2854691317261535,7.271029488437661,12.844822164981183,821938.0,21139.705955785194,1.182000246196809e+18,-17.347888797016594
Spherical Grains,511,0.4807575231481481,1.2084883,2165.651611328125,5.2854691317261535,7.271029488437668,12.844822164981183,821938.0,21139.70595578519,1.182000246196809e+18,-17.347888797016594
Spherical Grains,512,0.40634606481481483,1.1935412,1506.5316162109375,4.669906556502888,7.561047355297137,15.281312069097885,693138.0,19479.801259816715,88.8261040141575,-15.060036490070598
Spherical Grains,513,0.40634606481481483,1.1935416,1506.5313720703125,4.669906556502888,7.561047355297135,15.281312069097885,693138.0,19479.801259816715,88.82610401415752,-15.060036490070598
Spherical Grains,514,0.40634606481481483,1.1935415,1506.5316162109375,4.669906556502888,7.561047355297134,15.281312069097885,693138.0,19479.801259816715,88.8261040141575,-15.060036490070598
Spherical Grains,515,0.40634606481481483,1.1935416,1506.5316162109375,4.669906556502888,7.5610473552971404,15.281312069097885,693138.0,19479.801259816715,88.82610401415752,-15.060036490070598
Spherical Grains,516,0.46999537037037037,1.2500368,1833.3150634765625,5.608054922500381,8.05152803485179,15.779731644995012,803621.0,19735.974742839604,1.0476013701484517e+18,-15.507659767516552
Spherical Grains,517,0.46999537037037037,1.2500364,1833.3150634765625,5.608054922500381,8.05152803485179,15.779731644995012,803621.0,19735.974742839604,1.0476013701484517e+18,-15.507659767516552
Spherical Grains,518,0.46999537037037037,1.2500361,1833.3150634765625,5.608054922500381,8.05152803485179,15.779731644995012,803621.0,19735.974742839608,1.0476013701484517e+18,-15.507659767516552
Spherical Grains,519,0.46999537037037037,1.2500368,1833.3150634765625,5.608054922500381,8.051528034851785,15.779731644995012,803621.0,19735.974742839604,1.0476013701484517e+18,-15.507659767516552
Spherical Grains,520,0.4608628472222222,1.1930283,2879.87744140625,5.580067600953307,8.188679104177046,16.850856124634657,786028.0,19094.22445656741,9.708300273502751e+17,-8.097007729800175
Spherical Grains,521,0.4608628472222222,1.1930279,2879.87744140625,5.580067600953307,8.188679104177046,16.850856124634657,786028.0,19094.22445656741,9.708300273502755e+17,-8.097007729800175
Spherical Grains,522,0.4608628472222222,1.1930282,2879.87744140625,5.580067600953307,8.188679104177046,16.850856124634657,786028.0,19094.22445656741,9.708300273502751e+17,-8.097007729800175
Spherical Grains,523,0.4608628472222222,1.1930282,2879.87744140625,5.580067600953307,8.188679104177043,16.850856124634657,786028.0,19094.22445656741,9.708300273502755e+17,-8.097007729800175
Spherical Grains,524,0.46342071759259257,1.1626582,3583.381103515625,5.771661427429555,8.562198065097023,14.700359827307134,789333.0,18179.758355880916,2.687977520967146e+17,-12.622976423975949
Spherical Grains,525,0.46342071759259257,1.1626577,3583.381103515625,5.771661427429555,8.562198065097022,14.700359827307134,789333.0,18179.758355880916,2.687977520967146e+17,-12.622976423975949
Spherical Grains,526,0.46342071759259257,1.1626573,3583.380615234375,5.771661427429555,8.562198065097023,14.700359827307134,789333.0,18179.758355880916,2.687977520967146e+17,-12.622976423975949
Spherical Grains,527,0.46342071759259257,1.1626577,3583.380615234375,5.771661427429555,8.562198065097018,14.700359827307134,789333.0,18179.758355880916,2.687977520967146e+17,-12.622976423975949
Spherical Grains,528,0.4770636574074074,1.2432408,2903.23388671875,6.118200867366524,8.686580122542706,18.138358025698693,816240.0,18372.463865058515,8.940586845520988e+17,-9.340405722705608
Spherical Grains,529,0.4770636574074074,1.2432406,2903.234375,6.118200867366524,8.68658012254271,18.138358025698693,816240.0,18372.463865058515,8.940586845520988e+17,-9.340405722705608
Spherical Grains,530,0.4770636574074074,1.2432406,2903.234375,6.118200867366524,8.686580122542711,18.138358025698693,816240.0,18372.463865058515,8.940586845520988e+17,-9.340405722705608
Spherical Grains,531,0.4770636574074074,1.2432406,2903.234375,6.118200867366524,8.686580122542706,18.138358025698693,816240.0,18372.463865058515,8.940586845520988e+17,-9.340405722705608
Spherical Grains,532,0.4169554398148148,1.2089882,1600.2294921875,5.257671356283565,7.696953860734088,15.281312069097885,712442.0,18552.3837684875,1.343988760483573e+17,-10.185916357881302
Spherical Grains,533,0.4169554398148148,1.2089877,1600.2294921875,5.257671356283565,7.696953860734091,15.281312069097885,712442.0,18552.3837684875,1.343988760483573e+17,-10.185916357881302
Spherical Grains,534,0.4169554398148148,1.208988,1600.2294921875,5.257671356283565,7.696953860734092,15.281312069097885,712442.0,18552.383768487503,1.343988760483573e+17,-10.185916357881302
Spherical Grains,535,0.4169554398148148,1.2089882,1600.2294921875,5.257671356283565,7.696953860734089,15.281312069097885,712442.0,18552.3837684875,1.343988760483573e+17,-10.185916357881302
Spherical Grains,536,0.4959861111111111,1.1655581,3540.96484375,6.298266366948863,9.447197287558492,16.806304838990258,847300.0000000001,17488.61926901487,1.0476013701484517e+18,-3.5411974837946714
Spherical Grains,537,0.4959861111111111,1.1655579,3540.965576171875,6.298266366948863,9.447197287558492,16.806304838990258,847300.0000000001,17488.619269014867,1.0476013701484517e+18,-3.5411974837946714
Spherical Grains,538,0.4959861111111111,1.1655582,3540.9658203125,6.298266366948863,9.447197287558495,16.806304838990258,847300.0000000001,17488.619269014867,1.0476013701484517e+18,-3.5411974837946714
Spherical Grains,539,0.4959861111111111,1.1655581,3540.965576171875,6.298266366948863,9.447197287558499,16.806304838990258,847300.0000000001,17488.619269014867,1.0476013701484517e+18,-3.5411974837946714
Spherical Grains,540,0.4907361111111111,1.1975411,3288.77197265625,5.804489218823001,8.298778000495892,16.673332624338627,837389.0,19102.623873862623,1.182000246196809e+18,-8.475000719643427
Spherical Grains,541,0.4907361111111111,1.1975418,3288.77197265625,5.804489218823001,8.298778000495892,16.673332624338627,837389.0,19102.623873862627,1.182000246196809e+18,-8.475000719643427
Spherical Grains,542,0.4907361111111111,1.1975414,3288.77197265625,5.804489218823001,8.298778000495894,16.673332624338627,837389.0,19102.623873862627,1.182000246196809e+18,-8.475000719643427
Spherical Grains,543,0.4907361111111111,1.1975418,3288.77197265625,5.804489218823001,8.298778000495894,16.673332624338627,837389.0,19102.623873862627,1.182000246196809e+18,-8.475000719643427
Spherical Grains,544,0.4421174768518519,1.1952556,2015.8602294921875,5.773544562342338,8.244264651870425,20.199007854739015,757933.0,18551.021746252707,5.018843280087374e+17,-9.827817735924537
Spherical Grains,545,0.4421174768518519,1.1952556,2015.8602294921875,5.773544562342338,8.24426465187043,20.199007854739015,757933.0,18551.021746252707,5.018843280087374e+17,-9.827817735924537
Spherical Grains,546,0.4421174768518519,1.1952553,2015.8602294921875,5.773544562342338,8.24426465187043,20.199007854739015,757933.0,18551.021746252707,5.814282183244069e+17,-9.827817735924537
Spherical Grains,547,0.4421174768518519,1.1952556,2015.8602294921875,5.773544562342338,8.244264651870429,20.199007854739015,757933.0,18551.021746252707,5.814282183244069e+17,-9.827817735924537
Spherical Grains,548,0.4827042824074074,1.2937262,3026.001220703125,6.7425942133691485,9.363075469868074,18.658129485507295,825647.0,18183.358236913846,8.940586845520988e+17,-15.925441493132778
Spherical Grains,549,0.4827042824074074,1.2937264,3026.001220703125,6.7425942133691485,9.363075469868074,18.658129485507295,825647.0,18183.358236913846,8.940586845520988e+17,-15.925441493132778
Spherical Grains,550,0.4827042824074074,1.2937257,3026.001220703125,6.7425942133691485,9.363075469868074,18.658129485507295,825647.0,18183.358236913846,8.940586845520988e+17,-15.925441493132778
Spherical Grains,551,0.4827042824074074,1.2937263,3026.001220703125,6.7425942133691485,9.363075469868074,18.658129485507295,825647.0,18183.358236913846,8.940586845520988e+17,-15.925441493132778
Spherical Grains,552,0.43509375,1.2812465,1818.876220703125,5.849773454460489,7.955108678352312,15.006515897782995,746257.0,18883.075847669257,39.46905036393637,-11.668046765424577
Spherical Grains,553,0.43509375,1.2812468,1818.876220703125,5.849773454460489,7.955108678352305,15.006515897782995,746257.0,18883.075847669257,39.46905036393637,-11.668046765424577
Spherical Grains,554,0.43509375,1.2812455,1818.876220703125,5.849773454460489,7.955108678352315,15.006515897782995,746257.0,18883.075847669254,39.46905036393636,-11.668046765424577
Spherical Grains,555,0.43509375,1.2812464,1818.875732421875,5.849773454460489,7.955108678352306,15.006515897782995,746257.0,18883.075847669257,39.46905036393636,-11.668046765424577
Spherical Grains,556,0.4789670138888889,1.1506929,3991.814453125,5.919413537770125,8.648685788374898,15.281312069097885,817602.0,18244.767222328854,1.0476013701484517e+18,-14.622360396567887
Spherical Grains,557,0.4789670138888889,1.1506929,3991.814453125,5.919413537770125,8.648685788374898,15.281312069097885,817602.0,18244.767222328854,1.0476013701484517e+18,-14.622360396567887
Spherical Grains,558,0.4789670138888889,1.1506933,3991.814453125,5.919413537770125,8.6486857883749,15.281312069097885,817602.0,18244.767222328854,1.0476013701484517e+18,-14.622360396567887
Spherical Grains,559,0.4789670138888889,1.1506925,3991.814453125,5.919413537770125,8.648685788374904,15.281312069097885,817602.0,18244.767222328854,1.0476013701484517e+18,-14.622360396567887
Spherical Grains,560,0.4169670138888889,1.2466623,2417.281494140625,5.611240105366711,8.775936042820295,17.005785090340932,709905.0,16838.70114953259,48.59515693654567,-9.330458538762365
Spherical Grains,561,0.4169670138888889,1.2466614,2417.281005859375,5.611240105366711,8.775936042820293,17.005785090340932,709905.0,16838.70114953259,48.59515693654567,-9.330458538762365
Spherical Grains,562,0.4169670138888889,1.2466617,2417.281005859375,5.611240105366711,8.775936042820293,17.005785090340932,709905.0,16838.70114953259,48.59515693654567,-9.330458538762365
Spherical Grains,563,0.4169670138888889,1.2466623,2417.281005859375,5.611240105366711,8.775936042820295,17.005785090340932,709905.0,16838.70114953259,48.59515693654566,-9.330458538762365
Spherical Grains,564,0.4451099537037037,1.1809882,3331.236328125,5.348982125303656,9.09320239568132,17.720045094955278,762033.0,17746.87300719626,4.223404376930679e+17,-9.867606471697512
Spherical Grains,565,0.4451099537037037,1.1809888,3331.236328125,5.348982125303656,9.093202395681319,17.720045094955278,762033.0,17746.87300719626,4.223404376930679e+17,-9.867606471697512
Spherical Grains,566,0.4451099537037037,1.1809886,3331.23583984375,5.348982125303656,9.093202395681322,17.720045094955278,762033.0,17746.87300719626,4.223404376930679e+17,-9.867606471697512
Spherical Grains,567,0.4451099537037037,1.1809884,3331.236083984375,5.348982125303656,9.093202395681324,17.720045094955278,762033.0,17746.87300719626,4.223404376930679e+17,-9.867606471697512
Spherical Grains,568,0.46840162037037036,1.1744515,3725.21240234375,6.37890633888349,9.22199773902034,19.39072113963306,803014.0,16604.5438543813,9.708300273502755e+17,-2.884683343540603
Spherical Grains,569,0.46840162037037036,1.1744515,3725.21240234375,6.37890633888349,9.221997739020335,19.39072113963306,803014.0,16604.5438543813,9.708300273502751e+17,-2.884683343540603
Spherical Grains,570,0.46840162037037036,1.1744517,3725.2119140625,6.37890633888349,9.221997739020342,19.39072113963306,803014.0,16604.5438543813,9.708300273502755e+17,-2.884683343540603
Spherical Grains,571,0.46840162037037036,1.1744514,3725.2119140625,6.37890633888349,9.22199773902034,19.39072113963306,803014.0,16604.5438543813,9.708300273502751e+17,-2.884683343540603
Spherical Grains,572,0.4936533564814815,1.1867516,3689.003662109375,6.627832518665332,10.278806987986766,20.61552698012249,841872.0,16379.22825305379,4.223404376930679e+17,0.07957747154594767
Spherical Grains,573,0.4936533564814815,1.1867522,3689.003662109375,6.627832518665332,10.278806987986764,20.61552698012249,841872.0,16379.22825305379,4.223404376930679e+17,0.07957747154594767
Spherical Grains,574,0.4936533564814815,1.1867518,3689.003662109375,6.627832518665332,10.278806987986764,20.61552698012249,841872.0,16379.22825305379,4.223404376930679e+17,0.07957747154594767
Spherical Grains,575,0.4936533564814815,1.1867517,3689.00390625,6.627832518665332,10.278806987986766,20.61552698012249,841872.0,16379.228253053787,4.223404376930679e+17,0.07957747154594767
Spherical Grains,576,0.3807141203703704,1.346014,1139.5982666015625,5.348982125303656,8.424853414681321,17.720045094955278,652016.0,16516.76295489215,90.69826837895963,-9.022095836521817
Spherical Grains,577,0.3807141203703704,1.3460137,1139.5982666015625,5.348982125303656,8.424853414681317,17.720045094955278,652016.0,16516.76295489215,90.69826837895963,-9.022095836521817
Spherical Grains,578,0.3807141203703704,1.346014,1139.5982666015625,5.348982125303656,8.424853414681321,17.720045094955278,652016.0,16516.76295489215,90.69826837895963,-9.022095836521817
Spherical Grains,579,0.3807141203703704,1.3460141,1139.5982666015625,5.348982125303656,8.424853414681323,17.720045094955278,652016.0,16516.76295489215,90.69826837895963,-9.022095836521817
Spherical Grains,580,0.4468767361111111,1.147782,1957.3057861328125,6.538302701975839,10.786181553815481,21.86213329922846,761306.0,15552.778879448662,46.08002055880412,-5.928521630173101
Spherical Grains,581,0.4468767361111111,1.1477818,1957.3057861328125,6.538302701975839,10.786181553815481,21.86213329922846,761306.0,15552.778879448659,46.080020558804115,-5.928521630173101
Spherical Grains,582,0.4468767361111111,1.1477821,1957.3057861328125,6.538302701975839,10.786181553815483,21.86213329922846,761306.0,15552.778879448662,46.080020558804115,-5.928521630173101
Spherical Grains,583,0.4468767361111111,1.1477821,1957.3057861328125,6.538302701975839,10.786181553815478,21.86213329922846,761306.0,15552.778879448659,46.08002055880412,-5.928521630173101
Spherical Grains,584,0.4303130787037037,1.1659877,3025.97509765625,6.144124345047039,9.157309895228632,19.7390904413016,732486.0,16607.10085172497,1.343988760483573e+17,-9.00220146863533
Spherical Grains,585,0.4303130787037037,1.1659878,3025.974853515625,6.144124345047039,9.157309895228636,19.7390904413016,732486.0,16607.10085172497,1.343988760483573e+17,-9.00220146863533
Spherical Grains,586,0.4303130787037037,1.1659875,3025.974853515625,6.144124345047039,9.157309895228636,19.7390904413016,732486.0,16607.10085172497,1.343988760483573e+17,-9.00220146863533
Spherical Grains,587,0.4303130787037037,1.1659878,3025.97509765625,6.144124345047039,9.15730989522863,19.7390904413016,732486.0,16607.100851724972,1.343988760483573e+17,-9.00220146863533
Spherical Grains,588,0.4554872685185185,1.2185955,2535.732421875,7.331036681750486,9.958133170898083,19.8494322322901,776981.0,15620.587128411858,1.343988760483573e+17,-2.466901617924378
Spherical Grains,589,0.4554872685185185,1.2185954,2535.732421875,7.331036681750486,9.958133170898082,19.8494322322901,776981.0,15620.587128411857,1.343988760483573e+17,-2.466901617924378
Spherical Grains,590,0.4554872685185185,1.2185949,2535.732177734375,7.331036681750486,9.958133170898085,19.8494322322901,776981.0,15620.587128411858,1.343988760483573e+17,-2.466901617924378
Spherical Grains,591,0.4554872685185185,1.2185949,2535.732421875,7.331036681750486,9.958133170898085,19.8494322322901,776981.0,15620.587128411857,1.343988760483573e+17,-2.466901617924378
Spherical Grains,592,0.41498553240740743,1.1680775,1455.7445068359375,6.671378195005414,9.52584092101039,18.35680919436775,708615.0,16069.302315005481,75.04537559971537,-4.0882926006730615
Spherical Grains,593,0.41498553240740743,1.1680776,1455.7445068359375,6.671378195005414,9.525840921010387,18.35680919436775,708615.0,16069.302315005481,75.04537559971537,-4.0882926006730615
Spherical Grains,594,0.41498553240740743,1.1680775,1455.7445068359375,6.671378195005414,9.525840921010387,18.35680919436775,708615.0,16069.302315005481,75.04537559971537,-4.0882926006730615
Spherical Grains,595,0.41498553240740743,1.1680771,1455.7445068359375,6.671378195005414,9.52584092101039,18.35680919436775,708615.0,16069.302315005485,75.04537559971537,-4.0882926006730615
Spherical Grains,596,0.4242679398148148,1.2144253,2012.2803955078125,6.911523920988301,9.853217664096036,22.04540616793228,722925.0,14924.503011818822,2.687977520967146e+17,-7.261444278567726
Spherical Grains,597,0.4242679398148148,1.2144256,2012.280517578125,6.911523920988301,9.853217664096036,22.04540616793228,722925.0,14924.503011818819,2.687977520967146e+17,-7.261444278567726
Spherical Grains,598,0.4242679398148148,1.2144251,2012.280517578125,6.911523920988301,9.853217664096038,22.04540616793228,722925.0,14924.503011818822,2.687977520967146e+17,-7.261444278567726
Spherical Grains,599,0.4242679398148148,1.214425,2012.280517578125,6.911523920988301,9.853217664096038,22.04540616793228,722925.0,14924.503011818819,2.687977520967146e+17,-7.261444278567726
Spherical Grains,600,0.4655920138888889,1.2048936,3280.041015625,7.781058421842727,10.33198884559948,18.110771637517,794768.0,15293.470552883078,3.455690948948913e+17,-5.829049790740667
Spherical Grains,601,0.4655920138888889,1.2048942,3280.040771484375,7.781058421842727,10.331988845599474,18.110771637517,794768.0,15293.470552883078,3.455690948948913e+17,-5.829049790740667
Spherical Grains,602,0.4655920138888889,1.2048936,3280.040771484375,7.781058421842727,10.331988845599478,18.110771637517,794768.0,15293.470552883078,3.455690948948913e+17,-5.829049790740667
Spherical Grains,603,0.4655920138888889,1.2048943,3280.040771484375,7.781058421842727,10.331988845599472,18.110771637517,794768.0,15293.47055288308,3.455690948948913e+17,-5.829049790740667
Spherical Grains,604,0.3929519675925926,1.2333674,1927.3997802734375,6.7048186066461914,9.140650601474437,20.99999796198515,668330.0,15385.111728017047,52.501230720835245,-7.112236519419073
Spherical Grains,605,0.3929519675925926,1.2333673,1927.3997802734375,6.7048186066461914,9.140650601474439,20.99999796198515,668330.0,15385.111728017044,52.501230720835245,-7.112236519419073
Spherical Grains,606,0.3929519675925926,1.2333673,1927.4000244140625,6.7048186066461914,9.140650601474436,20.99999796198515,668330.0,15385.111728017047,52.501230720835245,-7.112236519419073
Spherical Grains,607,0.3929519675925926,1.2333678,1927.3997802734375,6.7048186066461914,9.140650601474434,20.99999796198515,668330.0,15385.111728017047,52.501230720835245,-7.112236519419073
Spherical Grains,608,0.46455729166666665,1.1703613,4321.8603515625,7.120367766757807,9.965250610946438,16.806304838990258,794145.0,15574.25902888373,4.251129852105608e+17,-6.724296345632578
Spherical Grains,609,0.46455729166666665,1.1703616,4321.8603515625,7.120367766757807,9.965250610946441,16.806304838990258,794145.0,15574.259028883731,4.251129852105608e+17,-6.724296345632578
Spherical Grains,610,0.46455729166666665,1.1703622,4321.859375,7.120367766757807,9.965250610946436,16.806304838990258,794145.0,15574.25902888373,4.251129852105608e+17,-6.724296345632578
Spherical Grains,611,0.46455729166666665,1.1703612,4321.8603515625,7.120367766757807,9.965250610946436,16.806304838990258,794145.0,15574.25902888373,4.251129852105608e+17,-6.724296345632578
Spherical Grains,612,0.4802534722222222,1.1226969,3996.582763671875,6.368283686385689,9.67062946695817,17.093631962782727,819929.0,16726.677332101037,9.708300273502755e+17,-8.59436692696235
Spherical Grains,613,0.4802534722222222,1.1226971,3996.582763671875,6.368283686385689,9.670629466958177,17.093631962782727,819929.0,16726.677332101037,9.708300273502751e+17,-8.59436692696235
Spherical Grains,614,0.4802534722222222,1.122697,3996.58203125,6.368283686385689,9.670629466958177,17.093631962782727,819929.0,16726.677332101037,9.708300273502755e+17,-8.59436692696235
Spherical Grains,615,0.4802534722222222,1.1226969,3996.582763671875,6.368283686385689,9.670629466958172,17.093631962782727,819929.0,16726.677332101037,9.708300273502751e+17,-8.59436692696235
Spherical Grains,616,0.4395457175925926,1.1713307,2661.185302734375,6.292808940358198,9.587981797429029,16.783980669217996,751151.0,16189.3816569505,1.343988760483573e+17,-10.723064290816449
Spherical Grains,617,0.4395457175925926,1.1713306,2661.18505859375,6.292808940358198,9.587981797429038,16.783980669217996,751151.0,16189.3816569505,1.343988760483573e+17,-10.723064290816449
Spherical Grains,618,0.4395457175925926,1.1713309,2661.185302734375,6.292808940358198,9.58798179742903,16.783980669217996,751151.0,16189.3816569505,1.343988760483573e+17,-10.723064290816449
Spherical Grains,619,0.4395457175925926,1.1713309,2661.185302734375,6.292808940358198,9.587981797429029,16.783980669217996,751151.0,16189.381656950502,1.343988760483573e+17,-10.723064290816449
Spherical Grains,620,0.49688368055555554,1.1268946,5099.88427734375,7.708031651181863,11.391119092872488,26.24880780129818,845964.0,15759.53760743403,4.223404376930679e+17,-5.640053295819041
Spherical Grains,621,0.49688368055555554,1.126895,5099.88330078125,7.708031651181863,11.39111909287249,26.24880780129818,845964.0,15759.53760743403,4.223404376930679e+17,-5.640053295819041
Spherical Grains,622,0.49688368055555554,1.1268948,5099.8828125,7.708031651181863,11.391119092872486,26.24880780129818,845964.0,15759.53760743403,4.223404376930679e+17,-5.640053295819041
Spherical Grains,623,0.49688368055555554,1.126895,5099.88330078125,7.708031651181863,11.391119092872492,26.24880780129818,845964.0,15759.53760743403,4.223404376930679e+17,-5.640053295819041
Spherical Grains,624,0.4431805555555556,1.2248377,3710.48388671875,6.986368254327698,9.717034571697448,16.353529304278123,759321.0,15109.349307504048,3.455690948948913e+17,-2.5862678252432993
Spherical Grains,625,0.4431805555555556,1.2248379,3710.48388671875,6.986368254327698,9.717034571697445,16.353529304278123,759321.0,15109.34930750405,3.455690948948913e+17,-2.5862678252432993
Spherical Grains,626,0.4431805555555556,1.2248381,3710.483154296875,6.986368254327698,9.717034571697445,16.353529304278123,759321.0,15109.349307504048,3.455690948948913e+17,-2.5862678252432993
Spherical Grains,627,0.4431805555555556,1.2248383,3710.483154296875,6.986368254327698,9.717034571697441,16.353529304278123,759321.0,15109.34930750405,3.455690948948913e+17,-2.5862678252432993
Spherical Grains,628,0.48079918981481484,1.1666712,4631.76318359375,7.661772448339955,10.438071983246694,17.720045094955278,820346.0,15589.283714640093,4.223404376930679e+17,-7.500176693205569
Spherical Grains,629,0.48079918981481484,1.1666708,4631.7626953125,7.661772448339955,10.438071983246697,17.720045094955278,820346.0,15589.283714640093,4.223404376930679e+17,-7.500176693205569
Spherical Grains,630,0.48079918981481484,1.1666709,4631.7626953125,7.661772448339955,10.438071983246697,17.720045094955278,820346.0,15589.283714640093,4.223404376930679e+17,-7.500176693205569
Spherical Grains,631,0.48079918981481484,1.1666712,4631.7626953125,7.661772448339955,10.43807198324669,17.720045094955278,820346.0,15589.283714640093,4.223404376930679e+17,-7.500176693205569
Spherical Grains,632,0.4183454861111111,1.1680015,1811.580078125,5.982914663955747,9.304928754835876,18.895429006183026,714235.0,16338.118129190607,1.343988760483573e+17,-6.00809910171905
Spherical Grains,633,0.4183454861111111,1.168002,1811.580078125,5.982914663955747,9.304928754835872,18.895429006183026,714235.0,16338.118129190607,1.343988760483573e+17,-6.00809910171905
Spherical Grains,634,0.4183454861111111,1.1680015,1811.580322265625,5.982914663955747,9.304928754835876,18.895429006183026,714235.0,16338.118129190605,1.343988760483573e+17,-6.00809910171905
Spherical Grains,635,0.4183454861111111,1.1680013,1811.580078125,5.982914663955747,9.304928754835874,18.895429006183026,714235.0,16338.118129190607,1.343988760483573e+17,-6.00809910171905
Spherical Grains,636,0.5387256944444444,1.1572415,8605.017578125,8.641158487062068,11.837795022899105,20.99999796198515,920745.9999999999,15216.180523796567,8.940586845520988e+17,-4.376760935027122
Spherical Grains,637,0.5387256944444444,1.1572415,8605.017578125,8.641158487062068,11.837795022899106,20.99999796198515,920745.9999999999,15216.180523796567,8.940586845520988e+17,-4.376760935027122
Spherical Grains,638,0.5387256944444444,1.1572411,8605.01953125,8.641158487062068,11.837795022899106,20.99999796198515,920745.9999999999,15216.180523796567,8.940586845520988e+17,-4.376760935027122
Spherical Grains,639,0.5387256944444444,1.1572416,8605.01953125,8.641158487062068,11.837795022899108,20.99999796198515,920745.9999999999,15216.180523796571,8.940586845520988e+17,-4.376760935027122
Leopard,0,0.15819444444444444,1.2377989,48.361358642578125,4.1649804953495435,6.796124031725713,13.928388479609902,270004.0,9010.322839740973,235.43070816415386,9.429930378194799
Leopard,1,0.15819444444444444,1.2377988,48.361358642578125,4.1649804953495435,6.796124031725716,13.928388479609902,270004.0,9010.322839740973,235.43070816415388,9.429930378194799
Leopard,2,0.15819444444444444,1.2377987,48.36135482788086,4.1649804953495435,6.796124031725714,13.928388479609902,270004.0,9010.322839740973,235.43070816415388,9.429930378194799
Leopard,3,0.15819444444444444,1.237799,48.361358642578125,4.1649804953495435,6.796124031725714,13.928388479609902,270004.0,9010.322839740973,235.4307081641538,9.429930378194799
Leopard,4,0.16311747685185185,1.6157476,64.7238998413086,3.9397586150918844,6.528641826991624,12.569804350094103,279132.0,9626.816080044715,259.6726812560637,8.345687328381262
Leopard,5,0.16311747685185185,1.6157476,64.7238998413086,3.9397586150918844,6.528641826991623,12.569804350094103,279132.0,9626.816080044715,259.6726812560637,8.345687328381262
Leopard,6,0.16311747685185185,1.6157475,64.7238998413086,3.9397586150918844,6.528641826991624,12.569804350094103,279132.0,9626.816080044713,259.6726812560637,8.345687328381262
Leopard,7,0.16311747685185185,1.6157473,64.7238998413086,3.9397586150918844,6.528641826991623,12.569804350094103,279132.0,9626.816080044715,259.6726812560637,8.345687328381262
Leopard,8,0.15036400462962962,1.2594209,392.10528564453125,4.8936523807908365,7.234138691791492,11.413988870062543,257292.99999999997,7546.652944964791,145.19451485310486,4.327025015310904
Leopard,9,0.15036400462962962,1.2594209,392.105224609375,4.8936523807908365,7.234138691791491,11.413988870062543,257292.99999999997,7546.6529449647915,145.1945148531048,4.327025015310904
Leopard,10,0.15036400462962962,1.259421,392.10528564453125,4.8936523807908365,7.234138691791492,11.413988870062543,257292.99999999997,7546.652944964791,145.19451485310486,4.327025015310904
Leopard,11,0.15036400462962962,1.2594209,392.105224609375,4.8936523807908365,7.2341386917914905,11.413988870062543,257292.99999999997,7546.6529449647915,145.19451485310486,4.327025015310904
Leopard,12,0.2625960648148148,1.3125769,638.1832885742188,4.695356200320573,7.844940958449909,17.378147002013918,449907.99999999994,12614.845042147246,200.57916642499146,0.7659331636297464
Leopard,13,0.2625960648148148,1.3125769,638.1832885742188,4.695356200320573,7.844940958449908,17.378147002013918,449907.99999999994,12614.845042147246,200.57916642499146,0.7659331636297464
Leopard,14,0.2625960648148148,1.3125768,638.1832885742188,4.695356200320573,7.844940958449908,17.378147002013918,449907.99999999994,12614.84504214725,200.57916642499143,0.7659331636297464
Leopard,15,0.2625960648148148,1.3125769,638.1832885742188,4.695356200320573,7.84494095844991,17.378147002013918,449907.99999999994,12614.84504214725,200.57916642499146,0.7659331636297464
Leopard,16,0.12257060185185185,1.2559096,169.88150024414062,3.797962076487187,6.139758893787462,10.60129198338392,210299.0,8294.147835443742,343.9724073969917,15.308716088651684
Leopard,17,0.12257060185185185,1.2559096,169.88150024414062,3.797962076487187,6.1397588937874605,10.60129198338392,210299.0,8294.147835443742,343.9724073969917,15.308716088651684
Leopard,18,0.12257060185185185,1.2559092,169.88148498535156,3.797962076487187,6.139758893787462,10.60129198338392,210299.0,8294.147835443742,343.9724073969917,15.308716088651684
Leopard,19,0.12257060185185185,1.2559096,169.88150024414062,3.797962076487187,6.139758893787462,10.60129198338392,210299.0,8294.147835443742,343.9724073969917,15.308716088651684
Leopard,20,0.1842349537037037,1.421736,146.82705688476562,4.461101724263163,7.791344281972293,14.093309607176273,316632.0,10219.49153643469,286.0195584808548,3.4317784604189936
Leopard,21,0.1842349537037037,1.4217362,146.82705688476562,4.461101724263163,7.79134428197229,14.093309607176273,316632.0,10219.49153643469,286.0195584808548,3.4317784604189936
Leopard,22,0.1842349537037037,1.4217362,146.8270263671875,4.461101724263163,7.79134428197229,14.093309607176273,316632.0,10219.491536434693,286.0195584808548,3.4317784604189936
Leopard,23,0.1842349537037037,1.421736,146.82705688476562,4.461101724263163,7.791344281972289,14.093309607176273,316632.0,10219.491536434693,286.0195584808548,3.4317784604189936
Leopard,24,0.18702025462962962,1.5391684,200.84811401367188,4.441067785053884,8.545861294776168,19.72308307144342,321427.0,9486.483847544123,246.37634675590482,8.902729629202895
Leopard,25,0.18702025462962962,1.5391681,200.84808349609375,4.441067785053884,8.54586129477617,19.72308307144342,321427.0,9486.483847544123,246.37634675590482,8.902729629202895
Leopard,26,0.18702025462962962,1.5391678,200.84808349609375,4.441067785053884,8.54586129477617,19.72308307144342,321427.0,9486.483847544121,246.3763467559048,8.902729629202895
Leopard,27,0.18702025462962962,1.539168,200.84808349609375,4.441067785053884,8.545861294776168,19.72308307144342,321427.0,9486.483847544121,246.37634675590482,8.902729629202895
Leopard,28,0.19105381944444444,1.2406983,157.86993408203125,4.346006356472206,7.119900297881698,13.456406356667104,328463.0,10682.309055623784,250.5483795238608,2.3972713303216735
Leopard,29,0.19105381944444444,1.2406982,157.86990356445312,4.346006356472206,7.119900297881698,13.456406356667104,328463.0,10682.309055623784,250.5483795238608,2.3972713303216735
Leopard,30,0.19105381944444444,1.2406983,157.8699188232422,4.346006356472206,7.119900297881698,13.456406356667104,328463.0,10682.309055623784,250.54837952386077,2.3972713303216735
Leopard,31,0.19105381944444444,1.2406982,157.86993408203125,4.346006356472206,7.119900297881698,13.456406356667104,328463.0,10682.309055623784,250.5483795238608,2.3972713303216735
Leopard,32,0.2720462962962963,1.1874204,693.19775390625,5.208760148942701,9.562536490314903,18.53823923808275,463455.0,11811.663682689981,206.55171235997565,-0.4874120132189295
Leopard,33,0.2720462962962963,1.1874201,693.19775390625,5.208760148942701,9.56253649031491,18.53823923808275,463455.0,11811.66368268998,206.55171235997565,-0.4874120132189295
Leopard,34,0.2720462962962963,1.1874206,693.19775390625,5.208760148942701,9.562536490314903,18.53823923808275,463455.0,11811.663682689981,206.5517123599756,-0.4874120132189295
Leopard,35,0.2720462962962963,1.1874207,693.19775390625,5.208760148942701,9.562536490314908,18.53823923808275,463455.0,11811.663682689981,206.5517123599756,-0.4874120132189295
Leopard,36,0.1971082175925926,1.4184912,311.2701416015625,4.975538801065342,7.35592287607526,15.652476425463272,338282.0,10080.461312002088,211.48272108993353,2.795158688051412
Leopard,37,0.1971082175925926,1.4184914,311.2701416015625,4.975538801065342,7.35592287607526,15.652476425463272,338282.0,10080.461312002088,211.48272108993353,2.795158688051412
Leopard,38,0.1971082175925926,1.4184915,311.27008056640625,4.975538801065342,7.355922876075262,15.652476425463272,338282.0,10080.461312002088,211.4827210899335,2.795158688051412
Leopard,39,0.1971082175925926,1.4184916,311.2701416015625,4.975538801065342,7.355922876075262,15.652476425463272,338282.0,10080.461312002088,211.4827210899336,2.795158688051412
Leopard,40,0.17891608796296296,1.329242,308.7774963378906,4.436758839925398,7.47431548060162,15.652476425463272,306049.0,10000.652849971408,265.4746692004475,9.599032505229937
Leopard,41,0.17891608796296296,1.3292414,308.7774353027344,4.436758839925398,7.474315480601619,15.652476425463272,306049.0,10000.652849971406,265.4746692004475,9.599032505229937
Leopard,42,0.17891608796296296,1.3292414,308.7774658203125,4.436758839925398,7.474315480601621,15.652476425463272,306049.0,10000.652849971406,265.4746692004475,9.599032505229937
Leopard,43,0.17891608796296296,1.3292416,308.7774658203125,4.436758839925398,7.474315480601619,15.652476425463272,306049.0,10000.652849971406,265.4746692004476,9.599032505229937
Leopard,44,0.26880902777777776,1.5133201,328.7208557128906,4.303739783963483,6.864447795395938,10.998119557438786,463338.0,15418.918239210016,427.10425443443256,3.252729149440611
Leopard,45,0.26880902777777776,1.5133201,328.7208557128906,4.303739783963483,6.864447795395934,10.998119557438786,463338.0,15418.91823921001,427.10425443443256,3.252729149440611
Leopard,46,0.26880902777777776,1.5133202,328.7208557128906,4.303739783963483,6.864447795395937,10.998119557438786,463338.0,15418.918239210016,427.10425443443256,3.252729149440611
Leopard,47,0.26880902777777776,1.5133201,328.7208557128906,4.303739783963483,6.864447795395934,10.998119557438786,463338.0,15418.918239210014,427.10425443443256,3.252729149440611
Leopard,48,0.19469155092592594,1.2455212,393.7510681152344,4.776510378433368,7.25088335288054,14.594519983140017,334196.0,10371.65843762505,220.67986016662928,4.585651797835235
Leopard,49,0.19469155092592594,1.2455213,393.7510681152344,4.776510378433368,7.25088335288054,14.594519983140017,334196.0,10371.65843762505,220.6798601666293,4.585651797835235
Leopard,50,0.19469155092592594,1.2455212,393.7510681152344,4.776510378433368,7.25088335288054,14.594519983140017,334196.0,10371.65843762505,220.67986016662928,4.585651797835235
Leopard,51,0.19469155092592594,1.2455211,393.7510070800781,4.776510378433368,7.25088335288054,14.594519983140017,334196.0,10371.65843762505,220.6798601666293,4.585651797835235
Leopard,52,0.19061400462962963,1.5729723,20.519420623779297,4.993231734087587,7.99462868093282,15.7480146124762,328195.0,9312.335437104824,236.85842389297343,12.871656022557037
Leopard,53,0.19061400462962963,1.5729725,20.519420623779297,4.993231734087587,7.994628680932822,15.7480146124762,328195.0,9312.335437104824,236.8584238929735,12.871656022557037
Leopard,54,0.19061400462962963,1.5729724,20.519420623779297,4.993231734087587,7.99462868093282,15.7480146124762,328195.0,9312.335437104823,236.8584238929735,12.871656022557037
Leopard,55,0.19061400462962963,1.5729724,20.519420623779297,4.993231734087587,7.99462868093282,15.7480146124762,328195.0,9312.335437104824,236.8584238929735,12.871656022557037
Leopard,56,0.18188541666666666,1.403752,199.81227111816406,4.298649190795711,7.901328065373519,13.19807125918239,313172.0,9936.287213663705,296.17961330813114,8.554578191189375
Leopard,57,0.18188541666666666,1.4037517,199.81228637695312,4.298649190795711,7.901328065373519,13.19807125918239,313172.0,9936.287213663705,296.17961330813114,8.554578191189375
Leopard,58,0.18188541666666666,1.4037517,199.81228637695312,4.298649190795711,7.901328065373522,13.19807125918239,313172.0,9936.287213663705,296.17961330813114,8.554578191189375
Leopard,59,0.18188541666666666,1.4037519,199.81228637695312,4.298649190795711,7.901328065373522,13.19807125918239,313172.0,9936.287213663705,296.17961330813114,8.554578191189375
Leopard,60,0.1751886574074074,1.4228537,7.689641952514648,4.3198694154518105,7.261240172568652,13.313559138003084,299851.0,10094.29086392249,317.3506380892844,9.23098669932993
Leopard,61,0.1751886574074074,1.4228541,7.689641952514648,4.3198694154518105,7.26124017256865,13.313559138003084,299851.0,10094.29086392249,317.3506380892844,9.23098669932993
Leopard,62,0.1751886574074074,1.4228537,7.689641952514648,4.3198694154518105,7.261240172568652,13.313559138003084,299851.0,10094.29086392249,317.3506380892844,9.23098669932993
Leopard,63,0.1751886574074074,1.4228538,7.68964147567749,4.3198694154518105,7.261240172568654,13.313559138003084,299851.0,10094.29086392249,317.3506380892844,9.23098669932993
Leopard,64,0.2044849537037037,1.9267793,125.36544036865234,4.662026102112253,6.6024874239512465,12.542171144784101,351165.0,11330.25036772713,241.1267950621254,4.0385566809568445
Leopard,65,0.2044849537037037,1.9267794,125.36544036865234,4.662026102112253,6.602487423951247,12.542171144784101,351165.0,11330.25036772713,241.12679506212544,4.0385566809568445
Leopard,66,0.2044849537037037,1.9267793,125.36544036865234,4.662026102112253,6.602487423951247,12.542171144784101,351165.0,11330.250367727134,241.12679506212544,4.0385566809568445
Leopard,67,0.2044849537037037,1.9267794,125.36544036865234,4.662026102112253,6.602487423951247,12.542171144784101,351165.0,11330.25036772713,241.1267950621254,4.0385566809568445
Leopard,68,0.15138888888888888,1.4591786,50.029666900634766,4.1790250512349045,7.771214282575804,15.502213050223787,258206.0,8645.031296763971,233.79293070824303,4.645334901494695
Leopard,69,0.15138888888888888,1.4591786,50.029666900634766,4.1790250512349045,7.771214282575804,15.502213050223787,258206.0,8645.031296763971,233.79293070824303,4.645334901494695
Leopard,70,0.15138888888888888,1.4591786,50.029666900634766,4.1790250512349045,7.7712142825758015,15.502213050223787,258206.0,8645.03129676397,233.79293070824298,4.645334901494695
Leopard,71,0.15138888888888888,1.4591788,50.029666900634766,4.1790250512349045,7.771214282575803,15.502213050223787,258206.0,8645.03129676397,233.79293070824306,4.645334901494695
Leopard,72,0.2259224537037037,1.2910396,902.9501342773438,4.648100484594451,7.381398431821581,13.928388479609902,389321.0,11610.267529713019,221.9637097846958,-1.1638205213594848
Leopard,73,0.2259224537037037,1.2910393,902.9501342773438,4.648100484594451,7.38139843182158,13.928388479609902,389321.0,11610.267529713019,221.9637097846958,-1.1638205213594848
Leopard,74,0.2259224537037037,1.2910393,902.9501342773438,4.648100484594451,7.38139843182158,13.928388479609902,389321.0,11610.267529713019,221.96370978469585,-1.1638205213594848
Leopard,75,0.2259224537037037,1.2910395,902.9501342773438,4.648100484594451,7.3813984318215775,13.928388479609902,389321.0,11610.267529713019,221.9637097846958,-1.1638205213594848
Leopard,76,0.2074184027777778,1.6518239,31.798690795898438,4.093574534188822,7.141100947302829,12.104613716851995,357240.0,11024.086167643905,230.01847596947584,5.083010994997408
Leopard,77,0.2074184027777778,1.6518239,31.798686981201172,4.093574534188822,7.14110094730283,12.104613716851995,357240.0,11024.086167643905,230.01847596947584,5.083010994997408
Leopard,78,0.2074184027777778,1.6518236,31.798686981201172,4.093574534188822,7.14110094730283,12.104613716851995,357240.0,11024.086167643905,230.01847596947593,5.083010994997408
Leopard,79,0.2074184027777778,1.6518238,31.798690795898438,4.093574534188822,7.14110094730283,12.104613716851995,357240.0,11024.086167643905,230.01847596947593,5.083010994997408
Leopard,80,0.22227025462962963,1.1484772,865.0681762695312,5.987295730613397,9.193319037849642,17.521413367085717,379435.0,9574.209365464414,199.77515208028444,2.1784332835703175
Leopard,81,0.22227025462962963,1.1484774,865.0680541992188,5.987295730613397,9.193319037849639,17.521413367085717,379435.0,9574.209365464412,199.7751520802844,2.1784332835703175
Leopard,82,0.22227025462962963,1.1484774,865.0680541992188,5.987295730613397,9.193319037849637,17.521413367085717,379435.0,9574.209365464414,199.77515208028444,2.1784332835703175
Leopard,83,0.22227025462962963,1.1484772,865.0680541992188,5.987295730613397,9.19331903784964,17.521413367085717,379435.0,9574.209365464412,199.7751520802844,2.1784332835703175
Leopard,84,0.2136597222222222,1.4047543,178.84913635253906,4.358899130799509,7.827620540474013,16.806304838990258,364498.0,11027.8445680639,219.92526231946107,-4.058451048843331
Leopard,85,0.2136597222222222,1.4047539,178.84915161132812,4.358899130799509,7.82762054047401,16.806304838990258,364498.0,11027.844568063902,219.925262319461,-4.058451048843331
Leopard,86,0.2136597222222222,1.4047537,178.84915161132812,4.358899130799509,7.827620540474013,16.806304838990258,364498.0,11027.844568063902,219.925262319461,-4.058451048843331
Leopard,87,0.2136597222222222,1.4047539,178.84915161132812,4.358899130799509,7.827620540474013,16.806304838990258,364498.0,11027.844568063903,219.925262319461,-4.058451048843331
Leopard,88,0.21425868055555555,1.2966468,283.5043029785156,5.247284750587541,8.74804294508085,17.14642781666828,363517.0,9184.198868183648,166.35098934062296,6.167254044810945
Leopard,89,0.21425868055555555,1.2966466,283.50433349609375,5.247284750587541,8.74804294508085,17.14642781666828,363517.0,9184.19886818365,166.35098934062296,6.167254044810945
Leopard,90,0.21425868055555555,1.2966466,283.5043640136719,5.247284750587541,8.748042945080854,17.14642781666828,363517.0,9184.198868183648,166.35098934062296,6.167254044810945
Leopard,91,0.21425868055555555,1.2966462,283.50433349609375,5.247284750587541,8.748042945080853,17.14642781666828,363517.0,9184.19886818365,166.35098934062296,6.167254044810945
Leopard,92,0.17349131944444443,1.376356,50.51784896850586,3.9803239983712553,7.189950925770287,15.842979132010136,296359.0,10218.920164840856,292.0459905710969,8.494895087529914
Leopard,93,0.17349131944444443,1.3763562,50.517852783203125,3.9803239983712553,7.189950925770287,15.842979132010136,296359.0,10218.920164840856,292.0459905710969,8.494895087529914
Leopard,94,0.17349131944444443,1.3763561,50.51784896850586,3.9803239983712553,7.189950925770286,15.842979132010136,296359.0,10218.920164840856,292.045990571097,8.494895087529914
Leopard,95,0.17349131944444443,1.3763559,50.517860412597656,3.9803239983712553,7.1899509257702885,15.842979132010136,296359.0,10218.920164840856,292.04599057109704,8.494895087529914
Leopard,96,0.19897280092592592,1.1489816,230.27130126953125,4.192659865479275,8.450354131739145,17.578396747600692,342153.0,10730.782149786724,302.88134889221993,9.867606471697512
Leopard,97,0.19897280092592592,1.1489813,230.27130126953125,4.192659865479275,8.450354131739147,17.578396747600692,342153.0,10730.782149786724,302.88134889221993,9.867606471697512
Leopard,98,0.19897280092592592,1.1489816,230.27130126953125,4.192659865479275,8.450354131739147,17.578396747600692,342153.0,10730.782149786726,302.88134889221993,9.867606471697512
Leopard,99,0.19897280092592592,1.1489816,230.27130126953125,4.192659865479275,8.450354131739143,17.578396747600692,342153.0,10730.782149786724,302.88134889221993,9.867606471697512
Leopard,100,0.23200925925925925,1.2694266,305.1166076660156,4.963657813068918,8.316116042934054,15.588457542915263,398732.0,10742.493946962166,186.88870563015593,2.2182220193432913
Leopard,101,0.23200925925925925,1.269427,305.1166076660156,4.963657813068918,8.316116042934054,15.588457542915263,398732.0,10742.493946962166,186.8887056301559,2.2182220193432913
Leopard,102,0.23200925925925925,1.2694265,305.1166076660156,4.963657813068918,8.316116042934054,15.588457542915263,398732.0,10742.493946962166,186.8887056301559,2.2182220193432913
Leopard,103,0.23200925925925925,1.2694268,305.1166076660156,4.963657813068918,8.316116042934054,15.588457542915263,398732.0,10742.493946962166,186.8887056301559,2.2182220193432913
Leopard,104,0.19044560185185186,1.3421764,202.9412384033203,4.075188151711004,6.460592342513741,13.379086400248642,328656.0,11311.62824282016,280.40440041323956,0.029841551829730376
Leopard,105,0.19044560185185186,1.3421766,202.9412384033203,4.075188151711004,6.460592342513744,13.379086400248642,328656.0,11311.628242820158,280.4044004132395,0.029841551829730376
Leopard,106,0.19044560185185186,1.3421767,202.94122314453125,4.075188151711004,6.460592342513743,13.379086400248642,328656.0,11311.62824282016,280.4044004132395,0.029841551829730376
Leopard,107,0.19044560185185186,1.3421764,202.94122314453125,4.075188151711004,6.460592342513743,13.379086400248642,328656.0,11311.628242820158,280.4044004132395,0.029841551829730376
Leopard,108,0.17433506944444443,1.4478191,105.02635192871094,4.098340477443463,6.388167922634567,11.224970376747754,299502.0,10365.24045206773,281.42145054363533,7.758803475729898
Leopard,109,0.17433506944444443,1.447819,105.02635192871094,4.098340477443463,6.388167922634569,11.224970376747754,299502.0,10365.24045206773,281.42145054363533,7.758803475729898
Leopard,110,0.17433506944444443,1.4478191,105.02635192871094,4.098340477443463,6.388167922634567,11.224970376747754,299502.0,10365.24045206773,281.42145054363533,7.758803475729898
Leopard,111,0.17433506944444443,1.4478191,105.02635192871094,4.098340477443463,6.3881679226345645,11.224970376747754,299502.0,10365.24045206773,281.42145054363533,7.758803475729898
Leopard,112,0.2371736111111111,1.3482276,649.6763305664062,4.682678141483394,8.328941185388116,15.355330218385568,406958.0,11678.26917011154,240.49596169148435,1.9397008689324744
Leopard,113,0.2371736111111111,1.3482281,649.6763305664062,4.682678141483394,8.328941185388112,15.355330218385568,406958.0,11678.269170111538,240.49596169148435,1.9397008689324744
Leopard,114,0.2371736111111111,1.3482279,649.6763305664062,4.682678141483394,8.328941185388116,15.355330218385568,406958.0,11678.269170111538,240.49596169148435,1.9397008689324744
Leopard,115,0.2371736111111111,1.3482279,649.6763916015625,4.682678141483394,8.328941185388114,15.355330218385568,406958.0,11678.26917011154,240.49596169148435,1.9397008689324744
Leopard,116,0.17825810185185184,1.1956667,494.06732177734375,5.247284750587541,8.930272935701073,17.14642781666828,306676.0,8704.220850536623,243.4627305483619,3.262676333383855
Leopard,117,0.17825810185185184,1.1956663,494.06732177734375,5.247284750587541,8.930272935701074,17.14642781666828,306676.0,8704.220850536622,243.4627305483619,3.262676333383855
Leopard,118,0.17825810185185184,1.1956666,494.06732177734375,5.247284750587541,8.930272935701073,17.14642781666828,306676.0,8704.220850536623,243.46273054836183,3.262676333383855
Leopard,119,0.17825810185185184,1.1956666,494.06732177734375,5.247284750587541,8.930272935701073,17.14642781666828,306676.0,8704.220850536622,243.4627305483619,3.262676333383855
Leopard,120,0.22662442129629629,1.5032512,27.52684783935547,3.7316044247197646,8.45191809031093,15.695736810871594,388141.0,13274.599649159354,448.9851886559401,3.521303115908184
Leopard,121,0.22662442129629629,1.5032516,27.52684783935547,3.7316044247197646,8.451918090310933,15.695736810871594,388141.0,13274.599649159358,448.9851886559401,3.521303115908184
Leopard,122,0.22662442129629629,1.5032511,27.526844024658203,3.7316044247197646,8.451918090310931,15.695736810871594,388141.0,13274.599649159354,448.98518865593996,3.521303115908184
Leopard,123,0.22662442129629629,1.5032511,27.52684783935547,3.7316044247197646,8.45191809031093,15.695736810871594,388141.0,13274.599649159358,448.9851886559402,3.521303115908184
Leopard,124,0.16275520833333335,1.3235564,50.524837493896484,4.119534429737913,7.389712822755047,15.081999743352315,275398.0,8914.27264230261,204.02358355377044,1.780545925840579
Leopard,125,0.16275520833333335,1.3235563,50.524837493896484,4.119534429737913,7.389712822755045,15.081999743352315,275398.0,8914.272642302609,204.02358355377044,1.780545925840579
Leopard,126,0.16275520833333335,1.3235567,50.524837493896484,4.119534429737913,7.389712822755046,15.081999743352315,275398.0,8914.27264230261,204.02358355377044,1.780545925840579
Leopard,127,0.16275520833333335,1.3235564,50.524837493896484,4.119534429737913,7.389712822755047,15.081999743352315,275398.0,8914.272642302609,204.02358355377038,1.780545925840579
Leopard,128,0.17934259259259258,1.3250806,244.5371856689453,4.356343816676591,6.899382732607407,13.513086916487314,307614.0,9951.028035438787,235.6141845997987,5.978257549889319
Leopard,129,0.17934259259259258,1.3250806,244.53712463378906,4.356343816676591,6.899382732607407,13.513086916487314,307614.0,9951.028035438789,235.6141845997987,5.978257549889319
Leopard,130,0.17934259259259258,1.3250806,244.53712463378906,4.356343816676591,6.899382732607409,13.513086916487314,307614.0,9951.028035438787,235.6141845997987,5.978257549889319
Leopard,131,0.17934259259259258,1.3250804,244.53712463378906,4.356343816676591,6.899382732607405,13.513086916487314,307614.0,9951.028035438789,235.6141845997987,5.978257549889319
Leopard,132,0.16080671296296295,1.1685109,542.1217041015625,4.855329008439522,6.4879944900169,11.277217368447864,275883.0,8861.808776326892,193.1192057687615,7.092342151532585
Leopard,133,0.16080671296296295,1.1685108,542.1217041015625,4.855329008439522,6.4879944900168995,11.277217368447864,275883.0,8861.80877632689,193.11920576876156,7.092342151532585
Leopard,134,0.16080671296296295,1.168511,542.1216430664062,4.855329008439522,6.4879944900168995,11.277217368447864,275883.0,8861.808776326894,193.11920576876156,7.092342151532585
Leopard,135,0.16080671296296295,1.168511,542.1217041015625,4.855329008439522,6.4879944900168995,11.277217368447864,275883.0,8861.808776326892,193.11920576876156,7.092342151532585
Leopard,136,0.13570138888888889,1.5164338,13.744542121887207,4.736964875220399,8.571945025273699,17.66351887056666,229518.99999999997,6777.655954358251,190.02324631642665,9.698504344662373
Leopard,137,0.13570138888888889,1.5164337,13.744542121887207,4.736964875220399,8.571945025273697,17.66351887056666,229518.99999999997,6777.655954358251,190.02324631642662,9.698504344662373
Leopard,138,0.13570138888888889,1.5164337,13.744542121887207,4.736964875220399,8.571945025273697,17.66351887056666,229518.99999999997,6777.6559543582525,190.02324631642662,9.698504344662373
Leopard,139,0.13570138888888889,1.5164338,13.744542121887207,4.736964875220399,8.571945025273699,17.66351887056666,229518.99999999997,6777.655954358251,190.02324631642665,9.698504344662373
Leopard,140,0.2286082175925926,1.6425112,16.29378890991211,4.4945913530167365,7.925403110718566,16.031218930573424,393397.0,11898.013896077182,305.5610204347978,3.8694545539217056
Leopard,141,0.2286082175925926,1.6425109,16.29378890991211,4.4945913530167365,7.925403110718567,16.031218930573424,393397.0,11898.013896077182,305.5610204347978,3.8694545539217056
Leopard,142,0.2286082175925926,1.6425112,16.29378890991211,4.4945913530167365,7.925403110718572,16.031218930573424,393397.0,11898.013896077182,305.56102043479774,3.8694545539217056
Leopard,143,0.2286082175925926,1.6425107,16.29378890991211,4.4945913530167365,7.925403110718569,16.031218930573424,393397.0,11898.013896077182,305.56102043479774,3.8694545539217056
Leopard,144,0.16320081018518517,1.2795066,169.95379638671875,3.3193574266820756,8.374931592704744,15.7915312805813,280810.0,10161.950415691803,431.63897818579085,6.137412492981214
Leopard,145,0.16320081018518517,1.2795063,169.9537811279297,3.3193574266820756,8.374931592704742,15.7915312805813,280810.0,10161.950415691803,431.63897818579085,6.137412492981214
Leopard,146,0.16320081018518517,1.2795064,169.9537811279297,3.3193574266820756,8.374931592704742,15.7915312805813,280810.0,10161.950415691803,431.63897818579085,6.137412492981214
Leopard,147,0.16320081018518517,1.2795062,169.9538116455078,3.3193574266820756,8.374931592704746,15.7915312805813,280810.0,10161.950415691801,431.6389781857909,6.137412492981214
Leopard,148,0.11342824074074075,1.5392536,81.11426544189453,3.401732810058207,6.9630763357884184,12.934116827943688,194632.0,7431.450439027934,267.80150606112966,6.654666058029875
Leopard,149,0.11342824074074075,1.5392538,81.11426544189453,3.401732810058207,6.96307633578842,12.934116827943688,194632.0,7431.450439027934,267.80150606112966,6.654666058029875
Leopard,150,0.11342824074074075,1.5392537,81.11426544189453,3.401732810058207,6.963076335788419,12.934116827943688,194632.0,7431.450439027933,267.80150606112966,6.654666058029875
Leopard,151,0.11342824074074075,1.5392531,81.11426544189453,3.401732810058207,6.9630763357884184,12.934116827943688,194632.0,7431.450439027934,267.8015060611297,6.654666058029875
Leopard,152,0.21785648148148148,1.3637218,110.1173095703125,4.111740635736508,6.707718504394529,12.199813252196213,374666.0,13300.27051237255,427.235305780217,4.356866567140635
Leopard,153,0.21785648148148148,1.3637213,110.11732482910156,4.111740635736508,6.7077185043945295,12.199813252196213,374666.0,13300.27051237255,427.235305780217,4.356866567140635
Leopard,154,0.21785648148148148,1.3637218,110.1173095703125,4.111740635736508,6.707718504394529,12.199813252196213,374666.0,13300.27051237255,427.2353057802171,4.356866567140635
Leopard,155,0.21785648148148148,1.3637213,110.11727905273438,4.111740635736508,6.707718504394529,12.199813252196213,374666.0,13300.27051237255,427.2353057802171,4.356866567140635
Leopard,156,0.19216493055555556,1.2322872,627.1257934570312,4.003900464618647,7.27891101678215,16.031218930573424,330349.0,10743.67500115677,255.0569426580914,4.078345416729818
Leopard,157,0.19216493055555556,1.2322872,627.1257934570312,4.003900464618647,7.27891101678215,16.031218930573424,330349.0,10743.67500115677,255.05694265809143,4.078345416729818
Leopard,158,0.19216493055555556,1.232287,627.1257934570312,4.003900464618647,7.27891101678215,16.031218930573424,330349.0,10743.67500115677,255.0569426580914,4.078345416729818
Leopard,159,0.19216493055555556,1.2322869,627.1257934570312,4.003900464618647,7.278911016782145,16.031218930573424,330349.0,10743.67500115677,255.05694265809143,4.078345416729818
Leopard,160,0.12101157407407408,1.5106491,0.44691431522369385,3.605551217711873,6.864114806961365,12.99999958354357,205277.0,7734.234123477185,296.8708075066771,7.201761174908263
Leopard,161,0.12101157407407408,1.5106492,0.4469143748283386,3.605551217711873,6.864114806961366,12.99999958354357,205277.0,7734.234123477185,296.8708075066771,7.201761174908263
Leopard,162,0.12101157407407408,1.5106488,0.4469143748283386,3.605551217711873,6.864114806961366,12.99999958354357,205277.0,7734.234123477184,296.8708075066771,7.201761174908263
Leopard,163,0.12101157407407408,1.5106491,0.4469143748283386,3.605551217711873,6.864114806961365,12.99999958354357,205277.0,7734.234123477184,296.8708075066771,7.201761174908263
Leopard,164,0.21078587962962964,1.2761571,173.21026611328125,3.8425024906671115,6.90427489292756,13.19807125918239,361708.0,12634.504916681975,392.3859475845673,9.967078311129946
Leopard,165,0.21078587962962964,1.2761574,173.2102508544922,3.8425024906671115,6.904274892927559,13.19807125918239,361708.0,12634.504916681975,392.38594758456736,9.967078311129946
Leopard,166,0.21078587962962964,1.2761574,173.21026611328125,3.8425024906671115,6.90427489292756,13.19807125918239,361708.0,12634.504916681975,392.38594758456736,9.967078311129946
Leopard,167,0.21078587962962964,1.276157,173.2102508544922,3.8425024906671115,6.90427489292756,13.19807125918239,361708.0,12634.504916681975,392.3859475845673,9.967078311129946
Leopard,168,0.19463252314814813,1.2156793,411.6381530761719,4.591227443573427,8.048768530780945,16.673332624338627,333408.0,9770.132236712805,235.95056516470365,8.116902097686662
Leopard,169,0.19463252314814813,1.2156793,411.6381530761719,4.591227443573427,8.048768530780944,16.673332624338627,333408.0,9770.132236712807,235.9505651647036,8.116902097686662
Leopard,170,0.19463252314814813,1.2156793,411.63818359375,4.591227443573427,8.048768530780947,16.673332624338627,333408.0,9770.132236712807,235.9505651647036,8.116902097686662
Leopard,171,0.19463252314814813,1.215679,411.6381530761719,4.591227443573427,8.048768530780945,16.673332624338627,333408.0,9770.132236712807,235.9505651647036,8.116902097686662
Leopard,172,0.1715648148148148,1.2141806,341.6468811035156,3.688017430191471,6.578386421495501,12.199813252196213,292678.0,10860.044945697327,393.6887247816013,11.309948143467812
Leopard,173,0.1715648148148148,1.2141806,341.6468811035156,3.688017430191471,6.578386421495502,12.199813252196213,292678.0,10860.044945697327,393.68872478160137,11.309948143467812
Leopard,174,0.1715648148148148,1.2141805,341.6468811035156,3.688017430191471,6.578386421495502,12.199813252196213,292678.0,10860.044945697327,393.68872478160137,11.309948143467812
Leopard,175,0.1715648148148148,1.2141802,341.6468811035156,3.688017430191471,6.578386421495503,12.199813252196213,292678.0,10860.044945697327,393.68872478160137,11.309948143467812
Leopard,176,0.2359982638888889,1.1533426,269.4580383300781,5.680954794839085,9.631995315861914,17.354275052484624,402588.0,9655.336832388219,164.27143542720205,3.8296658181487317
Leopard,177,0.2359982638888889,1.1533426,269.4580383300781,5.680954794839085,9.631995315861916,17.354275052484624,402588.0,9655.336832388219,164.27143542720205,3.8296658181487317
Leopard,178,0.2359982638888889,1.1533425,269.45806884765625,5.680954794839085,9.631995315861914,17.354275052484624,402588.0,9655.336832388217,164.27143542720202,3.8296658181487317
Leopard,179,0.2359982638888889,1.1533422,269.45806884765625,5.680954794839085,9.631995315861914,17.354275052484624,402588.0,9655.336832388219,164.27143542720205,3.8296658181487317
Leopard,180,0.1346226851851852,1.2384162,258.78106689453125,4.025035790571116,6.917332835813638,13.076694972014252,231999.00000000003,7732.518347652773,218.2208792240353,6.366197723675814
Leopard,181,0.1346226851851852,1.2384166,258.7811279296875,4.025035790571116,6.917332835813638,13.076694972014252,231999.00000000003,7732.518347652773,218.2208792240353,6.366197723675814
Leopard,182,0.1346226851851852,1.2384161,258.7810974121094,4.025035790571116,6.917332835813639,13.076694972014252,231999.00000000003,7732.518347652773,218.2208792240353,6.366197723675814
Leopard,183,0.1346226851851852,1.2384163,258.7811279296875,4.025035790571116,6.917332835813639,13.076694972014252,231999.00000000003,7732.518347652773,218.22087922403534,6.366197723675814
Leopard,184,0.20675868055555555,1.2328032,914.1883544921875,5.441428234115288,9.36172831900544,18.24828789958463,355105.0,8629.83591663099,153.02905694606685,5.868838526513641
Leopard,185,0.20675868055555555,1.2328033,914.1882934570312,5.441428234115288,9.36172831900544,18.24828789958463,355105.0,8629.835916630987,153.0290569460668,5.868838526513641
Leopard,186,0.20675868055555555,1.2328031,914.1882934570312,5.441428234115288,9.361728319005442,18.24828789958463,355105.0,8629.83591663099,153.02905694606685,5.868838526513641
Leopard,187,0.20675868055555555,1.2328033,914.1882934570312,5.441428234115288,9.361728319005442,18.24828789958463,355105.0,8629.835916630987,153.02905694606685,5.868838526513641
Leopard,188,0.1600925925925926,1.8429579,1.910192847251892,4.487754972711474,7.382261020717328,11.78123244549265,274921.0,8913.757515004672,259.648526483365,8.017430258254228
Leopard,189,0.1600925925925926,1.8429577,1.910192847251892,4.487754972711474,7.382261020717327,11.78123244549265,274921.0,8913.75751500467,259.64852648336506,8.017430258254228
Leopard,190,0.1600925925925926,1.8429582,1.910192608833313,4.487754972711474,7.382261020717328,11.78123244549265,274921.0,8913.757515004674,259.64852648336506,8.017430258254228
Leopard,191,0.1600925925925926,1.842958,1.910192847251892,4.487754972711474,7.382261020717327,11.78123244549265,274921.0,8913.75751500467,259.648526483365,8.017430258254228
Leopard,192,0.17679629629629628,1.3243009,455.0174560546875,4.576904318292746,7.661799024615072,13.564658274654297,303505.0,8565.440855739562,173.50949540325658,4.267341911651444
Leopard,193,0.17679629629629628,1.3243009,455.0175476074219,4.576904318292746,7.661799024615072,13.564658274654297,303505.0,8565.44085573956,173.50949540325658,4.267341911651444
Leopard,194,0.17679629629629628,1.3243008,455.0175476074219,4.576904318292746,7.66179902461507,13.564658274654297,303505.0,8565.440855739562,173.50949540325658,4.267341911651444
Leopard,195,0.17679629629629628,1.3243008,455.0175476074219,4.576904318292746,7.661799024615072,13.564658274654297,303505.0,8565.440855739562,173.50949540325664,4.267341911651444
Leopard,196,0.2495457175925926,1.1842884,1040.5205078125,4.626641067977045,8.149035045933259,16.911535090607945,428047.00000000006,12143.397107787532,262.17076335203524,0.994718394324346
Leopard,197,0.2495457175925926,1.1842881,1040.5205078125,4.626641067977045,8.14903504593326,16.911535090607945,428047.00000000006,12143.397107787532,262.1707633520353,0.994718394324346
Leopard,198,0.2495457175925926,1.1842885,1040.5205078125,4.626641067977045,8.149035045933257,16.911535090607945,428047.00000000006,12143.397107787532,262.17076335203524,0.994718394324346
Leopard,199,0.2495457175925926,1.1842884,1040.5205078125,4.626641067977045,8.149035045933257,16.911535090607945,428047.00000000006,12143.397107787532,262.17076335203524,0.994718394324346
Castle Gate,0,0.28524537037037034,1.328137,741.01904296875,4.541299455298956,7.266326648917873,16.340135133594455,489291.00000000006,15142.087792882376,329.65227072219614,2.516637537640595
Castle Gate,1,0.28524537037037034,1.3281369,741.0192260742188,4.541299455298956,7.266326648917875,16.340135133594455,489291.00000000006,15142.087792882376,329.65227072219614,2.516637537640595
Castle Gate,2,0.28524537037037034,1.3281367,741.0192260742188,4.541299455298956,7.266326648917875,16.340135133594455,489291.00000000006,15142.087792882376,329.65227072219614,2.516637537640595
Castle Gate,3,0.28524537037037034,1.3281379,741.0192260742188,4.541299455298956,7.266326648917876,16.340135133594455,489291.00000000006,15142.087792882376,329.65227072219614,2.516637537640595
Castle Gate,4,0.2619166666666667,1.4050186,437.2176513671875,4.340673193621479,7.833356740309253,18.841443773824086,450912.0,12760.379881459194,201.5995299616068,-0.5073063811054164
Castle Gate,5,0.2619166666666667,1.4050186,437.2176513671875,4.340673193621479,7.833356740309258,18.841443773824086,450912.0,12760.379881459197,201.5995299616068,-0.5073063811054164
Castle Gate,6,0.2619166666666667,1.4050189,437.21759033203125,4.340673193621479,7.833356740309254,18.841443773824086,450912.0,12760.379881459194,201.5995299616068,-0.5073063811054164
Castle Gate,7,0.2619166666666667,1.405019,437.2176513671875,4.340673193621479,7.833356740309254,18.841443773824086,450912.0,12760.379881459197,201.5995299616068,-0.5073063811054164
Castle Gate,8,0.25236689814814817,1.4429678,344.76837158203125,4.147849070179213,7.641660767745826,15.281312069097885,432990.0,13668.595547294253,327.4292808735209,2.0192783404784223
Castle Gate,9,0.25236689814814817,1.4429679,344.76837158203125,4.147849070179213,7.641660767745826,15.281312069097885,432990.0,13668.595547294253,327.4292808735209,2.0192783404784223
Castle Gate,10,0.25236689814814817,1.442968,344.76837158203125,4.147849070179213,7.641660767745827,15.281312069097885,432990.0,13668.595547294253,327.4292808735209,2.0192783404784223
Castle Gate,11,0.25236689814814817,1.4429682,344.76837158203125,4.147849070179213,7.641660767745825,15.281312069097885,432990.0,13668.595547294248,327.4292808735209,2.0192783404784223
Castle Gate,12,0.24764872685185185,1.4548799,257.9051818847656,4.098340477443463,6.078953271877646,11.224970376747754,425905.0,14683.590180052408,312.88827054855915,-3.302465069156829
Castle Gate,13,0.24764872685185185,1.4548801,257.9051513671875,4.098340477443463,6.0789532718776425,11.224970376747754,425905.0,14683.590180052412,312.88827054855915,-3.302465069156829
Castle Gate,14,0.24764872685185185,1.4548798,257.9051818847656,4.098340477443463,6.078953271877642,11.224970376747754,425905.0,14683.590180052408,312.88827054855915,-3.302465069156829
Castle Gate,15,0.24764872685185185,1.4548798,257.9051818847656,4.098340477443463,6.078953271877645,11.224970376747754,425905.0,14683.590180052408,312.8882705485591,-3.302465069156829
Castle Gate,16,0.23111226851851852,1.5037063,211.54623413085938,4.011667681373429,6.887422772316555,16.09347758577606,396159.0,13453.238017750607,322.46884008386235,0.994718394324346
Castle Gate,17,0.23111226851851852,1.5037063,211.5461883544922,4.011667681373429,6.887422772316554,16.09347758577606,396159.0,13453.238017750607,322.46884008386235,0.994718394324346
Castle Gate,18,0.23111226851851852,1.5037059,211.5461883544922,4.011667681373429,6.887422772316555,16.09347758577606,396159.0,13453.238017750607,322.4688400838624,0.994718394324346
Castle Gate,19,0.23111226851851852,1.5037061,211.54623413085938,4.011667681373429,6.887422772316555,16.09347758577606,396159.0,13453.238017750607,322.46884008386235,0.994718394324346
Castle Gate,20,0.2571834490740741,1.4784127,393.0092468261719,4.3408129452979365,6.92475276084361,13.427969849065606,440734.00000000006,13639.986186194525,239.58481620538663,-5.441109616954172
Castle Gate,21,0.2571834490740741,1.478412,393.00927734375,4.3408129452979365,6.924752760843612,13.427969849065606,440734.00000000006,13639.986186194525,239.58481620538655,-5.441109616954172
Castle Gate,22,0.2571834490740741,1.4784122,393.0093078613281,4.3408129452979365,6.924752760843612,13.427969849065606,440734.00000000006,13639.986186194523,239.58481620538655,-5.441109616954172
Castle Gate,23,0.2571834490740741,1.4784122,393.00927734375,4.3408129452979365,6.924752760843613,13.427969849065606,440734.00000000006,13639.986186194525,239.58481620538655,-5.441109616954172
Castle Gate,24,0.2643443287037037,1.4470855,464.052734375,4.249843742447803,6.782420553933673,12.934116827943688,454434.0,14859.01789640186,325.57840301730806,-4.45633840657307
Castle Gate,25,0.2643443287037037,1.4470861,464.0527648925781,4.249843742447803,6.78242055393367,12.934116827943688,454434.0,14859.017896401863,325.578403017308,-4.45633840657307
Castle Gate,26,0.2643443287037037,1.4470861,464.0527648925781,4.249843742447803,6.782420553933672,12.934116827943688,454434.0,14859.01789640186,325.578403017308,-4.45633840657307
Castle Gate,27,0.2643443287037037,1.4470856,464.052734375,4.249843742447803,6.782420553933669,12.934116827943688,454434.0,14859.01789640186,325.578403017308,-4.45633840657307
Castle Gate,28,0.23987847222222222,1.4332463,247.01022338867188,4.170783875831108,6.267353456277393,13.964238776657742,411591.0,14230.377959200396,337.46152789987184,0.497359197162173
Castle Gate,29,0.23987847222222222,1.4332459,247.01022338867188,4.170783875831108,6.267353456277393,13.964238776657742,411591.0,14230.377959200396,337.46152789987184,0.497359197162173
Castle Gate,30,0.23987847222222222,1.433246,247.01022338867188,4.170783875831108,6.267353456277389,13.964238776657742,411591.0,14230.377959200396,337.46152789987184,0.497359197162173
Castle Gate,31,0.23987847222222222,1.433246,247.01022338867188,4.170783875831108,6.267353456277394,13.964238776657742,411591.0,14230.377959200396,337.46152789987184,0.497359197162173
Castle Gate,32,0.2942210648148148,1.2807709,714.2294311523438,4.335602533597001,6.910882985472345,13.399466542339818,504269.0,16209.606993967116,334.57723979207304,-9.280722619046147
Castle Gate,33,0.2942210648148148,1.2807707,714.2294311523438,4.335602533597001,6.910882985472347,13.399466542339818,504269.0,16209.606993967112,334.57723979207293,-9.280722619046147
Castle Gate,34,0.2942210648148148,1.2807704,714.2294311523438,4.335602533597001,6.910882985472343,13.399466542339818,504269.0,16209.606993967116,334.57723979207293,-9.280722619046147
Castle Gate,35,0.2942210648148148,1.2807711,714.2294921875,4.335602533597001,6.9108829854723455,13.399466542339818,504269.0,16209.606993967112,334.57723979207293,-9.280722619046147
Castle Gate,36,0.24530381944444443,1.3899918,600.1533203125,4.536686747935366,7.095947928990051,16.30950755823499,421447.99999999994,13159.50620417199,246.71325346658134,-1.710915638237875
Castle Gate,37,0.24530381944444443,1.3899925,600.1532592773438,4.536686747935366,7.09594792899005,16.30950755823499,421447.99999999994,13159.50620417199,246.71325346658134,-1.710915638237875
Castle Gate,38,0.24530381944444443,1.3899918,600.1533203125,4.536686747935366,7.0959479289900464,16.30950755823499,421447.99999999994,13159.506204171992,246.71325346658134,-1.710915638237875
Castle Gate,39,0.24530381944444443,1.389992,600.1533203125,4.536686747935366,7.09594792899005,16.30950755823499,421447.99999999994,13159.506204171992,246.71325346658134,-1.710915638237875
Castle Gate,40,0.2732025462962963,1.3288746,468.0055236816406,4.135630677946224,6.626256485118663,13.747727646791398,468040.0,15680.254289062963,334.37756106188044,-7.33107456617043
Castle Gate,41,0.2732025462962963,1.3288746,468.0055236816406,4.135630677946224,6.626256485118666,13.747727646791398,468040.0,15680.254289062967,334.37756106188056,-7.33107456617043
Castle Gate,42,0.2732025462962963,1.328875,468.0055236816406,4.135630677946224,6.626256485118665,13.747727646791398,468040.0,15680.254289062967,334.37756106188056,-7.33107456617043
Castle Gate,43,0.2732025462962963,1.3288747,468.0055236816406,4.135630677946224,6.626256485118663,13.747727646791398,468040.0,15680.254289062963,334.37756106188056,-7.33107456617043
Castle Gate,44,0.28111921296296294,1.3924319,508.4267883300781,4.298649190795711,7.116772893603362,13.19807125918239,481996.0,15026.428266712594,269.7225829631149,-5.490845536670389
Castle Gate,45,0.28111921296296294,1.3924323,508.4267883300781,4.298649190795711,7.116772893603357,13.19807125918239,481996.0,15026.428266712597,269.7225829631149,-5.490845536670389
Castle Gate,46,0.28111921296296294,1.3924322,508.4268798828125,4.298649190795711,7.1167728936033585,13.19807125918239,481996.0,15026.428266712594,269.722582963115,-5.490845536670389
Castle Gate,47,0.28111921296296294,1.3924317,508.4268798828125,4.298649190795711,7.11677289360336,13.19807125918239,481996.0,15026.428266712594,269.7225829631149,-5.490845536670389
Castle Gate,48,0.26874189814814814,1.175401,687.4978637695312,4.662026102112253,6.617251880875208,12.542171144784101,460619.0,14529.97654202565,233.95990413721884,-5.102905362883894
Castle Gate,49,0.26874189814814814,1.1754006,687.4978637695312,4.662026102112253,6.617251880875208,12.542171144784101,460619.0,14529.976542025654,233.9599041372189,-5.102905362883894
Castle Gate,50,0.26874189814814814,1.1754009,687.4978637695312,4.662026102112253,6.617251880875208,12.542171144784101,460619.0,14529.976542025654,233.9599041372189,-5.102905362883894
Castle Gate,51,0.26874189814814814,1.1754007,687.4978637695312,4.662026102112253,6.617251880875209,12.542171144784101,460619.0,14529.97654202565,233.95990413721884,-5.102905362883894
Castle Gate,52,0.25080324074074073,1.2932713,480.69970703125,4.371726801929536,7.077257711040819,13.59762391083298,429006.99999999994,13101.103879485203,198.7882309385537,-5.391373697237955
Castle Gate,53,0.25080324074074073,1.2932714,480.69970703125,4.371726801929536,7.077257711040819,13.59762391083298,429006.99999999994,13101.103879485203,198.78823093855377,-5.391373697237955
Castle Gate,54,0.25080324074074073,1.293271,480.69970703125,4.371726801929536,7.0772577110408195,13.59762391083298,429006.99999999994,13101.103879485203,198.7882309385537,-5.391373697237955
Castle Gate,55,0.25080324074074073,1.2932711,480.69970703125,4.371726801929536,7.0772577110408195,13.59762391083298,429006.99999999994,13101.103879485203,198.7882309385538,-5.391373697237955
Castle Gate,56,0.2726822916666667,1.6053153,14.465906143188477,4.750172094258424,7.332055457152239,12.934116827943688,468903.0,13881.168573261126,275.3569633652288,0.0
Castle Gate,57,0.2726822916666667,1.6053156,14.465906143188477,4.750172094258424,7.332055457152242,12.934116827943688,468903.0,13881.168573261126,275.35696336522886,0.0
Castle Gate,58,0.2726822916666667,1.6053157,14.465906143188477,4.750172094258424,7.332055457152239,12.934116827943688,468903.0,13881.16857326113,275.35696336522886,0.0
Castle Gate,59,0.2726822916666667,1.6053163,14.465906143188477,4.750172094258424,7.332055457152243,12.934116827943688,468903.0,13881.168573261122,275.35696336522886,0.0
Castle Gate,60,0.3035422453703704,1.2371432,900.6879272460938,4.298649190795711,6.602855684016916,13.19807125918239,519709.0,16938.508459457462,320.71454677457905,-2.3873241463784303
Castle Gate,61,0.3035422453703704,1.237143,900.6879272460938,4.298649190795711,6.602855684016916,13.19807125918239,519709.0,16938.508459457466,320.71454677457905,-2.3873241463784303
Castle Gate,62,0.3035422453703704,1.2371429,900.6879272460938,4.298649190795711,6.602855684016918,13.19807125918239,519709.0,16938.508459457462,320.714546774579,-2.3873241463784303
Castle Gate,63,0.3035422453703704,1.2371429,900.6879272460938,4.298649190795711,6.602855684016917,13.19807125918239,519709.0,16938.508459457466,320.714546774579,-2.3873241463784303
Castle Gate,64,0.27904108796296295,1.4081596,435.44305419921875,4.750172094258424,7.323922413261003,12.934116827943688,478726.0,14311.390280446953,240.09389398205363,-3.889348921808192
Castle Gate,65,0.27904108796296295,1.4081597,435.4431457519531,4.750172094258424,7.323922413261003,12.934116827943688,478726.0,14311.390280446953,240.09389398205363,-3.889348921808192
Castle Gate,66,0.27904108796296295,1.4081595,435.4431457519531,4.750172094258424,7.323922413261,12.934116827943688,478726.0,14311.390280446953,240.09389398205366,-3.889348921808192
Castle Gate,67,0.27904108796296295,1.4081597,435.4431457519531,4.750172094258424,7.323922413261005,12.934116827943688,478726.0,14311.390280446953,240.09389398205363,-3.889348921808192
Castle Gate,68,0.3225636574074074,1.2951177,1001.1464233398438,4.95170767246121,7.536058407359763,13.847877428421883,552037.0,14677.379814284592,138.49713888038912,-3.252729149440611
Castle Gate,69,0.3225636574074074,1.2951176,1001.1464233398438,4.95170767246121,7.536058407359763,13.847877428421883,552037.0,14677.379814284597,138.49713888038912,-3.252729149440611
Castle Gate,70,0.3225636574074074,1.2951181,1001.1463623046875,4.95170767246121,7.536058407359763,13.847877428421883,552037.0,14677.379814284594,138.49713888038912,-3.252729149440611
Castle Gate,71,0.3225636574074074,1.2951179,1001.1463623046875,4.95170767246121,7.536058407359763,13.847877428421883,552037.0,14677.379814284594,138.49713888038912,-3.252729149440611
Castle Gate,72,0.3261267361111111,1.4149196,886.2484130859375,4.707943285116611,7.874192012943292,15.502213050223787,560065.0,15597.087296180784,282.2897931183433,-2.7852115041081684
Castle Gate,73,0.3261267361111111,1.4149199,886.2484130859375,4.707943285116611,7.874192012943288,15.502213050223787,560065.0,15597.087296180778,282.2897931183433,-2.7852115041081684
Castle Gate,74,0.3261267361111111,1.4149196,886.2484130859375,4.707943285116611,7.874192012943292,15.502213050223787,560065.0,15597.087296180784,282.2897931183433,-2.7852115041081684
Castle Gate,75,0.3261267361111111,1.4149196,886.2484130859375,4.707943285116611,7.87419201294329,15.502213050223787,560065.0,15597.087296180778,282.2897931183433,-2.7852115041081684
Castle Gate,76,0.32865104166666664,1.2008327,977.4927368164062,4.639735117067294,7.38733303159988,15.107070451545495,563065.0,15897.076622305287,198.77159981204022,-4.177817256162252
Castle Gate,77,0.32865104166666664,1.2008326,977.4928588867188,4.639735117067294,7.38733303159988,15.107070451545495,563065.0,15897.07662230529,198.7715998120402,-4.177817256162252
Castle Gate,78,0.32865104166666664,1.2008322,977.4928588867188,4.639735117067294,7.387333031599882,15.107070451545495,563065.0,15897.076622305287,198.77159981204022,-4.177817256162252
Castle Gate,79,0.32865104166666664,1.2008326,977.4927368164062,4.639735117067294,7.38733303159988,15.107070451545495,563065.0,15897.076622305287,198.77159981204017,-4.177817256162252
Castle Gate,80,0.23841145833333333,1.5070531,352.2503967285156,4.2662795376465255,6.673759279580811,13.022747561664554,409584.0,13539.271739224545,272.73807096874555,-1.4821304075432753
Castle Gate,81,0.23841145833333333,1.5070527,352.25042724609375,4.2662795376465255,6.673759279580812,13.022747561664554,409584.0,13539.271739224543,272.73807096874555,-1.4821304075432753
Castle Gate,82,0.23841145833333333,1.5070528,352.2503967285156,4.2662795376465255,6.673759279580814,13.022747561664554,409584.0,13539.271739224545,272.73807096874543,-1.4821304075432753
Castle Gate,83,0.23841145833333333,1.5070527,352.25042724609375,4.2662795376465255,6.673759279580815,13.022747561664554,409584.0,13539.271739224545,272.73807096874543,-1.4821304075432753
Castle Gate,84,0.3151012731481482,1.4627123,605.3665771484375,4.249173084842466,7.274900016800353,16.004795965291805,542422.0,17051.040196140206,320.7916568948271,-8.315845776551532
Castle Gate,85,0.3151012731481482,1.4627122,605.3665771484375,4.249173084842466,7.274900016800356,16.004795965291805,542422.0,17051.040196140206,320.7916568948271,-8.315845776551532
Castle Gate,86,0.3151012731481482,1.4627123,605.3665771484375,4.249173084842466,7.274900016800353,16.004795965291805,542422.0,17051.040196140206,320.7916568948271,-8.315845776551532
Castle Gate,87,0.3151012731481482,1.4627122,605.3665771484375,4.249173084842466,7.274900016800355,16.004795965291805,542422.0,17051.040196140206,320.7916568948271,-8.315845776551532
Castle Gate,88,0.24995138888888888,1.2695174,609.1392822265625,4.562338722217528,7.250866444542432,12.104613716851995,427712.0,12907.072227392155,255.31587139642204,2.90457771142709
Castle Gate,89,0.24995138888888888,1.2695179,609.1392822265625,4.562338722217528,7.25086644454243,12.104613716851995,427712.0,12907.072227392155,255.3158713964221,2.90457771142709
Castle Gate,90,0.24995138888888888,1.2695178,609.1392822265625,4.562338722217528,7.250866444542428,12.104613716851995,427712.0,12907.072227392155,255.31587139642212,2.90457771142709
Castle Gate,91,0.24995138888888888,1.2695179,609.1392822265625,4.562338722217528,7.2508664445424325,12.104613716851995,427712.0,12907.072227392155,255.3158713964221,2.90457771142709
Castle Gate,92,0.2992141203703704,1.2029117,775.383056640625,4.942586787236418,8.730479192766106,19.10497207033539,515431.99999999994,13746.953966750874,234.52379375990455,0.3183098861837907
Castle Gate,93,0.2992141203703704,1.2029117,775.383056640625,4.942586787236418,8.730479192766108,19.10497207033539,515431.99999999994,13746.953966750874,234.52379375990455,0.3183098861837907
Castle Gate,94,0.2992141203703704,1.2029119,775.383056640625,4.942586787236418,8.730479192766106,19.10497207033539,515431.99999999994,13746.953966750874,234.52379375990455,0.3183098861837907
Castle Gate,95,0.2992141203703704,1.2029119,775.383056640625,4.942586787236418,8.730479192766113,19.10497207033539,515431.99999999994,13746.953966750874,234.52379375990455,0.3183098861837907
Castle Gate,96,0.23389583333333333,1.3099542,297.58050537109375,4.087470168921074,6.430458913750222,13.453623023082278,400170.0,13525.645097758685,287.84075273480477,-3.0637326545189856
Castle Gate,97,0.23389583333333333,1.3099545,297.58050537109375,4.087470168921074,6.430458913750219,13.453623023082278,400170.0,13525.645097758685,287.84075273480477,-3.0637326545189856
Castle Gate,98,0.23389583333333333,1.3099543,297.58050537109375,4.087470168921074,6.430458913750221,13.453623023082278,400170.0,13525.645097758685,287.84075273480477,-3.0637326545189856
Castle Gate,99,0.23389583333333333,1.3099545,297.58050537109375,4.087470168921074,6.430458913750219,13.453623023082278,400170.0,13525.645097758685,287.84075273480465,-3.0637326545189856
Castle Gate,100,0.26096585648148146,1.3710337,477.7678527832031,4.853480243460016,7.242695724788666,13.399466542339818,444737.99999999994,13559.942827884868,244.13382159361998,-3.7799298984325143
Castle Gate,101,0.26096585648148146,1.3710335,477.7678527832031,4.853480243460016,7.242695724788663,13.399466542339818,444737.99999999994,13559.942827884866,244.13382159361998,-3.7799298984325143
Castle Gate,102,0.26096585648148146,1.3710338,477.7678527832031,4.853480243460016,7.242695724788665,13.399466542339818,444737.99999999994,13559.942827884866,244.13382159361998,-3.7799298984325143
Castle Gate,103,0.26096585648148146,1.3710335,477.7677917480469,4.853480243460016,7.242695724788665,13.399466542339818,444737.99999999994,13559.942827884866,244.13382159361998,-3.7799298984325143
Castle Gate,104,0.2622146990740741,1.3009652,572.075927734375,4.232785425324664,7.172198355720503,17.916472456840896,448772.0,14028.226335413428,271.91693444523895,-6.863556920837987
Castle Gate,105,0.2622146990740741,1.3009652,572.075927734375,4.232785425324664,7.172198355720502,17.916472456840896,448772.0,14028.226335413432,271.91693444523895,-6.863556920837987
Castle Gate,106,0.2622146990740741,1.3009653,572.075927734375,4.232785425324664,7.172198355720504,17.916472456840896,448772.0,14028.226335413432,271.91693444523895,-6.863556920837987
Castle Gate,107,0.2622146990740741,1.3009652,572.075927734375,4.232785425324664,7.172198355720504,17.916472456840896,448772.0,14028.226335413432,271.91693444523895,-6.863556920837987
Castle Gate,108,0.26327835648148146,1.2876726,445.9070129394531,4.489848514021325,7.701990883224112,14.254381292074651,450767.00000000006,13227.223196869212,251.04016157015081,-2.407218514264917
Castle Gate,109,0.26327835648148146,1.2876729,445.9070739746094,4.489848514021325,7.701990883224113,14.254381292074651,450767.00000000006,13227.223196869212,251.04016157015081,-2.407218514264917
Castle Gate,110,0.26327835648148146,1.2876724,445.9070739746094,4.489848514021325,7.701990883224114,14.254381292074651,450767.00000000006,13227.223196869212,251.04016157015081,-2.407218514264917
Castle Gate,111,0.26327835648148146,1.2876731,445.9070739746094,4.489848514021325,7.701990883224114,14.254381292074651,450767.00000000006,13227.223196869212,251.0401615701508,-2.407218514264917
Castle Gate,112,0.23975231481481482,1.287058,590.6878662109375,4.402076393854952,6.542543843034317,11.413988870062543,411354.0,13431.725356565086,307.2417833382492,3.7003524268865666
Castle Gate,113,0.23975231481481482,1.2870579,590.6876831054688,4.402076393854952,6.542543843034316,11.413988870062543,411354.0,13431.725356565086,307.2417833382492,3.7003524268865666
Castle Gate,114,0.23975231481481482,1.2870581,590.6878662109375,4.402076393854952,6.542543843034316,11.413988870062543,411354.0,13431.725356565086,307.2417833382492,3.7003524268865666
Castle Gate,115,0.23975231481481482,1.2870579,590.6876831054688,4.402076393854952,6.542543843034317,11.413988870062543,411354.0,13431.725356565086,307.2417833382492,3.7003524268865666
Castle Gate,116,0.2510625,1.2769547,79.02994537353516,4.793614702681562,7.435138991097505,16.004795965291805,431285.99999999994,13084.374456991254,282.58294195003356,4.834331396416321
Castle Gate,117,0.2510625,1.2769545,79.0299301147461,4.793614702681562,7.435138991097504,16.004795965291805,431285.99999999994,13084.374456991254,282.58294195003356,4.834331396416321
Castle Gate,118,0.2510625,1.2769548,79.02993774414062,4.793614702681562,7.435138991097502,16.004795965291805,431285.99999999994,13084.374456991254,282.58294195003356,4.834331396416321
Castle Gate,119,0.2510625,1.2769547,79.02993774414062,4.793614702681562,7.435138991097502,16.004795965291805,431285.99999999994,13084.374456991254,282.58294195003356,4.834331396416321
Castle Gate,120,0.2217824074074074,1.3056498,709.7646484375,5.1074714570931725,7.790943537211042,16.370703390714013,380299.0,9923.290809893304,113.51029930103773,-1.104137417700024
Castle Gate,121,0.2217824074074074,1.3056493,709.7646484375,5.1074714570931725,7.790943537211041,16.370703390714013,380299.0,9923.290809893304,113.51029930103773,-1.104137417700024
Castle Gate,122,0.2217824074074074,1.3056492,709.7645874023438,5.1074714570931725,7.790943537211042,16.370703390714013,380299.0,9923.290809893304,113.51029930103772,-1.104137417700024
Castle Gate,123,0.2217824074074074,1.3056494,709.7645874023438,5.1074714570931725,7.790943537211042,16.370703390714013,380299.0,9923.290809893304,113.51029930103772,-1.104137417700024
Castle Gate,124,0.24834722222222222,1.3977045,196.0125732421875,4.2051578431098635,6.741640557503164,12.694477842605291,426568.99999999994,14250.729708806084,349.39694421568254,-2.466901617924378
Castle Gate,125,0.24834722222222222,1.397704,196.01258850097656,4.2051578431098635,6.741640557503164,12.694477842605291,426568.99999999994,14250.729708806084,349.39694421568254,-2.466901617924378
Castle Gate,126,0.24834722222222222,1.397704,196.0125732421875,4.2051578431098635,6.741640557503165,12.694477842605291,426568.99999999994,14250.729708806084,349.39694421568254,-2.466901617924378
Castle Gate,127,0.24834722222222222,1.3977044,196.01255798339844,4.2051578431098635,6.741640557503167,12.694477842605291,426568.99999999994,14250.72970880608,349.39694421568254,-2.466901617924378
Castle Gate,128,0.26611747685185183,1.183841,1062.389404296875,4.117747778099377,6.559905347242349,13.638180873463709,456008.0,14170.997469284317,191.31723965581915,-4.7249123730406435
Castle Gate,129,0.26611747685185183,1.1838412,1062.389404296875,4.117747778099377,6.559905347242347,13.638180873463709,456008.0,14170.997469284319,191.31723965581907,-4.7249123730406435
Castle Gate,130,0.26611747685185183,1.1838409,1062.389404296875,4.117747778099377,6.559905347242347,13.638180873463709,456008.0,14170.997469284317,191.31723965581915,-4.7249123730406435
Castle Gate,131,0.26611747685185183,1.1838408,1062.389404296875,4.117747778099377,6.559905347242348,13.638180873463709,456008.0,14170.997469284317,191.31723965581907,-4.7249123730406435
Castle Gate,132,0.21592939814814816,1.3030605,478.1093444824219,4.6128362352248296,6.629970572818648,13.747727646791398,369845.0,11691.233974755083,220.51711822918207,-0.2685739664675734
Castle Gate,133,0.21592939814814816,1.3030605,478.1093444824219,4.6128362352248296,6.629970572818645,13.747727646791398,369845.0,11691.233974755085,220.51711822918202,-0.2685739664675734
Castle Gate,134,0.21592939814814816,1.3030603,478.1093444824219,4.6128362352248296,6.629970572818645,13.747727646791398,369845.0,11691.233974755083,220.51711822918207,-0.2685739664675734
Castle Gate,135,0.21592939814814816,1.3030603,478.1093444824219,4.6128362352248296,6.629970572818646,13.747727646791398,369845.0,11691.233974755081,220.51711822918207,-0.2685739664675734
Castle Gate,136,0.2341417824074074,1.4546922,165.10231018066406,4.303739783963483,6.620628061936672,10.998119557438786,402405.0,13035.5999795925,258.21103521240815,0.34815143801352105
Castle Gate,137,0.2341417824074074,1.4546927,165.10231018066406,4.303739783963483,6.620628061936671,10.998119557438786,402405.0,13035.599979592498,258.21103521240815,0.34815143801352105
Castle Gate,138,0.2341417824074074,1.4546928,165.10231018066406,4.303739783963483,6.6206280619366735,10.998119557438786,402405.0,13035.599979592494,258.21103521240815,0.34815143801352105
Castle Gate,139,0.2341417824074074,1.4546926,165.10227966308594,4.303739783963483,6.620628061936672,10.998119557438786,402405.0,13035.5999795925,258.21103521240815,0.34815143801352105
Castle Gate,140,0.26436458333333335,1.4377853,353.440673828125,4.808945449068667,7.36928956034041,13.19807125918239,454095.00000000006,13759.009797179882,267.02191583544226,-2.088908628081126
Castle Gate,141,0.26436458333333335,1.4377856,353.4407043457031,4.808945449068667,7.369289560340412,13.19807125918239,454095.00000000006,13759.009797179886,267.0219158354423,-2.088908628081126
Castle Gate,142,0.26436458333333335,1.4377851,353.440673828125,4.808945449068667,7.369289560340413,13.19807125918239,454095.00000000006,13759.009797179882,267.02191583544237,-2.088908628081126
Castle Gate,143,0.26436458333333335,1.4377846,353.4407043457031,4.808945449068667,7.369289560340412,13.19807125918239,454095.00000000006,13759.009797179882,267.02191583544237,-2.088908628081126
Castle Gate,144,0.14253761574074075,1.3268644,76.4083251953125,3.029248384564217,5.2483920953001615,11.224970376747754,243366.0,11479.916683697098,503.43944602857835,13.239701828457044
Castle Gate,145,0.14253761574074075,1.3268642,76.4083251953125,3.029248384564217,5.248392095300163,11.224970376747754,243366.0,11479.916683697098,503.43944602857835,13.239701828457044
Castle Gate,146,0.14253761574074075,1.3268642,76.4083251953125,3.029248384564217,5.248392095300162,11.224970376747754,243366.0,11479.916683697098,503.43944602857835,13.239701828457044
Castle Gate,147,0.14253761574074075,1.3268641,76.4083251953125,3.029248384564217,5.2483920953001615,11.224970376747754,243366.0,11479.916683697098,503.43944602857835,13.239701828457044
Castle Gate,148,0.2962164351851852,1.2039025,1157.95947265625,5.090729911370142,7.913979012212438,14.492344984386053,506116.99999999994,14112.392883642024,253.18591566723703,-5.52068708850012
Castle Gate,149,0.2962164351851852,1.2039028,1157.95947265625,5.090729911370142,7.9139790122124385,14.492344984386053,506116.99999999994,14112.392883642022,253.1859156672371,-5.52068708850012
Castle Gate,150,0.2962164351851852,1.2039028,1157.95947265625,5.090729911370142,7.913979012212437,14.492344984386053,506116.99999999994,14112.392883642024,253.18591566723708,-5.52068708850012
Castle Gate,151,0.2962164351851852,1.2039028,1157.959228515625,5.090729911370142,7.9139790122124385,14.492344984386053,506116.99999999994,14112.392883642022,253.18591566723703,-5.52068708850012
Castle Gate,152,0.2515914351851852,1.437211,246.12713623046875,4.723474551997062,6.9619201343429715,12.814906820871572,430811.0,13738.413930523497,265.36503904792943,-4.068398232786575
Castle Gate,153,0.2515914351851852,1.4372108,246.12713623046875,4.723474551997062,6.961920134342973,12.814906820871572,430811.0,13738.413930523497,265.3650390479295,-4.068398232786575
Castle Gate,154,0.2515914351851852,1.4372108,246.1271514892578,4.723474551997062,6.961920134342972,12.814906820871572,430811.0,13738.413930523497,265.36503904792943,-4.068398232786575
Castle Gate,155,0.2515914351851852,1.4372112,246.12713623046875,4.723474551997062,6.961920134342973,12.814906820871572,430811.0,13738.413930523497,265.3650390479295,-4.068398232786575
Castle Gate,156,0.2390752314814815,1.2841048,370.38446044921875,4.069010170107432,6.529954598149992,11.97640006157977,409419.0,13543.535328333637,302.29769450456746,1.7009684542946315
Castle Gate,157,0.2390752314814815,1.2841047,370.38446044921875,4.069010170107432,6.529954598149994,11.97640006157977,409419.0,13543.535328333637,302.29769450456746,1.7009684542946315
Castle Gate,158,0.2390752314814815,1.284105,370.38446044921875,4.069010170107432,6.529954598149992,11.97640006157977,409419.0,13543.535328333637,302.29769450456746,1.7009684542946315
Castle Gate,159,0.2390752314814815,1.2841048,370.38446044921875,4.069010170107432,6.529954598149994,11.97640006157977,409419.0,13543.535328333637,302.29769450456746,1.7009684542946315
Castle Gate,160,0.25813310185185184,1.3360285,545.6873779296875,4.0628059143023645,6.5274626253293535,13.304133735235164,442794.0,14864.937602651087,322.98491715988587,-6.256778700300136
Castle Gate,161,0.25813310185185184,1.3360287,545.6873168945312,4.0628059143023645,6.527462625329356,13.304133735235164,442794.0,14864.937602651087,322.9849171598858,-6.256778700300136
Castle Gate,162,0.25813310185185184,1.3360286,545.6873168945312,4.0628059143023645,6.527462625329357,13.304133735235164,442794.0,14864.937602651087,322.9849171598858,-6.256778700300136
Castle Gate,163,0.25813310185185184,1.3360282,545.6873168945312,4.0628059143023645,6.527462625329356,13.304133735235164,442794.0,14864.93760265109,322.9849171598858,-6.256778700300136
Castle Gate,164,0.20212673611111112,1.445743,251.12022399902344,4.037732134181362,6.327048040144099,11.814004250666148,346681.0,12423.003692285609,330.7894604628508,4.147975704332523
Castle Gate,165,0.20212673611111112,1.4457433,251.12022399902344,4.037732134181362,6.327048040144097,11.814004250666148,346681.0,12423.003692285609,330.7894604628508,4.147975704332523
Castle Gate,166,0.20212673611111112,1.445743,251.12025451660156,4.037732134181362,6.327048040144099,11.814004250666148,346681.0,12423.003692285609,330.7894604628508,4.147975704332523
Castle Gate,167,0.20212673611111112,1.4457425,251.12025451660156,4.037732134181362,6.327048040144099,11.814004250666148,346681.0,12423.003692285612,330.7894604628508,4.147975704332523
Castle Gate,168,0.2999791666666667,1.2977036,697.4296875,5.134088492547028,9.099621808004875,20.493901578536143,515128.00000000006,13730.488740573323,236.25071910225915,-3.0935742063487157
Castle Gate,169,0.2999791666666667,1.2977041,697.4298095703125,5.134088492547028,9.099621808004873,20.493901578536143,515128.00000000006,13730.488740573323,236.25071910225915,-3.0935742063487157
Castle Gate,170,0.2999791666666667,1.297704,697.4298095703125,5.134088492547028,9.099621808004873,20.493901578536143,515128.00000000006,13730.488740573326,236.25071910225915,-3.0935742063487157
Castle Gate,171,0.2999791666666667,1.297704,697.4296875,5.134088492547028,9.099621808004876,20.493901578536143,515128.00000000006,13730.488740573326,236.25071910225915,-3.0935742063487157
Castle Gate,172,0.24258506944444444,1.3483038,299.6607360839844,4.081341531213381,6.329060861073562,13.416406063274813,415426.0,14415.657398241885,322.5393458824157,-1.860123397386527
Castle Gate,173,0.24258506944444444,1.3483039,299.6607360839844,4.081341531213381,6.329060861073562,13.416406063274813,415426.0,14415.657398241887,322.53934588241566,-1.860123397386527
Castle Gate,174,0.24258506944444444,1.348304,299.6607360839844,4.081341531213381,6.329060861073561,13.416406063274813,415426.0,14415.657398241887,322.5393458824157,-1.860123397386527
Castle Gate,175,0.24258506944444444,1.3483036,299.6607360839844,4.081341531213381,6.329060861073561,13.416406063274813,415426.0,14415.657398241887,322.53934588241566,-1.860123397386527
Castle Gate,176,0.26066087962962964,1.3153088,291.60699462890625,4.112363686568583,6.7245637874949695,16.911535090607945,445372.99999999994,14167.725172686303,275.2333688423933,-3.5411974837946714
Castle Gate,177,0.26066087962962964,1.3153087,291.6069641113281,4.112363686568583,6.724563787494967,16.911535090607945,445372.99999999994,14167.725172686303,275.2333688423933,-3.5411974837946714
Castle Gate,178,0.26066087962962964,1.3153086,291.60699462890625,4.112363686568583,6.724563787494971,16.911535090607945,445372.99999999994,14167.725172686303,275.2333688423933,-3.5411974837946714
Castle Gate,179,0.26066087962962964,1.3153087,291.60699462890625,4.112363686568583,6.72456378749497,16.911535090607945,445372.99999999994,14167.725172686303,275.2333688423933,-3.5411974837946714
Castle Gate,180,0.25094328703703705,1.2043568,553.5601196289062,4.206163093519836,7.131031800654979,15.695736810871594,429391.0,13598.10514744426,269.4834381726314,-3.4118840925325067
Castle Gate,181,0.25094328703703705,1.2043569,553.5601806640625,4.206163093519836,7.1310318006549815,15.695736810871594,429391.0,13598.10514744426,269.4834381726314,-3.4118840925325067
Castle Gate,182,0.25094328703703705,1.2043568,553.5601196289062,4.206163093519836,7.131031800654979,15.695736810871594,429391.0,13598.10514744426,269.4834381726314,-3.4118840925325067
Castle Gate,183,0.25094328703703705,1.204357,553.5601196289062,4.206163093519836,7.131031800654981,15.695736810871594,429391.0,13598.105147444261,269.4834381726314,-3.4118840925325067
Castle Gate,184,0.2867297453703704,1.3731259,538.3289184570312,4.087470168921074,6.3920582290162065,13.453623023082278,490407.00000000006,15307.161897673555,175.23476887449803,-12.095775674984047
Castle Gate,185,0.2867297453703704,1.3731259,538.3289184570312,4.087470168921074,6.392058229016205,13.453623023082278,490407.00000000006,15307.161897673555,175.23476887449797,-12.095775674984047
Castle Gate,186,0.2867297453703704,1.373126,538.3289184570312,4.087470168921074,6.3920582290162065,13.453623023082278,490407.00000000006,15307.161897673554,175.23476887449797,-12.095775674984047
Castle Gate,187,0.2867297453703704,1.3731257,538.3289184570312,4.087470168921074,6.392058229016205,13.453623023082278,490407.00000000006,15307.161897673555,175.23476887449797,-12.095775674984047
Castle Gate,188,0.25658564814814816,1.3690149,495.0613708496094,4.826143510866026,6.677615349295261,12.409673954306715,439694.0,13518.374918774573,218.0613441145478,-5.918574446229858
Castle Gate,189,0.25658564814814816,1.3690152,495.0613708496094,4.826143510866026,6.6776153492952615,12.409673954306715,439694.0,13518.374918774573,218.06134411454775,-5.918574446229858
Castle Gate,190,0.25658564814814816,1.369015,495.0613708496094,4.826143510866026,6.6776153492952615,12.409673954306715,439694.0,13518.374918774573,218.06134411454775,-5.918574446229858
Castle Gate,191,0.25658564814814816,1.369015,495.0613708496094,4.826143510866026,6.677615349295263,12.409673954306715,439694.0,13518.374918774573,218.06134411454775,-5.918574446229858
Castle Gate,192,0.3027928240740741,1.4156096,960.6238403320312,4.927858407571451,7.954015858693432,16.806304838990258,518937.00000000006,14961.452610238419,281.4069202623819,-1.6910212703513883
Castle Gate,193,0.3027928240740741,1.4156092,960.6239013671875,4.927858407571451,7.954015858693435,16.806304838990258,518937.00000000006,14961.452610238415,281.40692026238185,-1.6910212703513883
Castle Gate,194,0.3027928240740741,1.4156097,960.6239013671875,4.927858407571451,7.954015858693434,16.806304838990258,518937.00000000006,14961.452610238419,281.4069202623819,-1.6910212703513883
Castle Gate,195,0.3027928240740741,1.4156095,960.6239013671875,4.927858407571451,7.9540158586934355,16.806304838990258,518937.00000000006,14961.452610238415,281.40692026238185,-1.6910212703513883
Castle Gate,196,0.2366099537037037,1.3323692,261.0860290527344,4.222064209405908,6.5691216851163645,14.282856662021029,407391.0,13669.117696368177,277.26000536434543,-0.5172535650486598
Castle Gate,197,0.2366099537037037,1.332369,261.0860900878906,4.222064209405908,6.5691216851163645,14.282856662021029,407391.0,13669.117696368176,277.26000536434543,-0.5172535650486598
Castle Gate,198,0.2366099537037037,1.332369,261.0860290527344,4.222064209405908,6.569121685116364,14.282856662021029,407391.0,13669.117696368177,277.26000536434543,-0.5172535650486598
Castle Gate,199,0.2366099537037037,1.3323691,261.0860900878906,4.222064209405908,6.5691216851163645,14.282856662021029,407391.0,13669.117696368176,277.26000536434543,-0.5172535650486598
Castle Gate,200,0.19507291666666668,1.405437,272.04534912109375,4.023234399885242,7.202863640653387,16.18641503641996,334171.0,10904.133469986342,282.68653410147317,3.531250299851428
Castle Gate,201,0.19507291666666668,1.405437,272.04534912109375,4.023234399885242,7.202863640653386,16.18641503641996,334171.0,10904.133469986342,282.68653410147317,3.531250299851428
Castle Gate,202,0.19507291666666668,1.4054374,272.04534912109375,4.023234399885242,7.202863640653386,16.18641503641996,334171.0,10904.133469986342,282.68653410147317,3.531250299851428
Castle Gate,203,0.19507291666666668,1.4054372,272.04534912109375,4.023234399885242,7.202863640653386,16.18641503641996,334171.0,10904.133469986342,282.68653410147317,3.531250299851428
Berea Upper Gray,0,0.21511747685185184,1.4221244,106.33529663085938,3.746420871642901,5.874889965678802,12.572792503698604,367927.0,13936.943205743653,401.1714551972339,5.928521630173101
Berea Upper Gray,1,0.21511747685185184,1.422125,106.3353042602539,3.746420871642901,5.874889965678805,12.572792503698604,367927.0,13936.943205743652,401.1714551972339,5.928521630173101
Berea Upper Gray,2,0.21511747685185184,1.4221247,106.33529663085938,3.746420871642901,5.874889965678805,12.572792503698604,367927.0,13936.943205743653,401.1714551972339,5.928521630173101
Berea Upper Gray,3,0.21511747685185184,1.4221244,106.3353042602539,3.746420871642901,5.874889965678802,12.572792503698604,367927.0,13936.943205743653,401.17145519723397,5.928521630173101
Berea Upper Gray,4,0.19545833333333335,1.4656906,141.68023681640625,3.84199221261014,5.732214805837529,11.99999857031013,334580.0,12842.209743870444,362.43312468401064,1.1140846016432675
Berea Upper Gray,5,0.19545833333333335,1.4656903,141.68023681640625,3.84199221261014,5.732214805837529,11.99999857031013,334580.0,12842.209743870444,362.43312468401064,1.1140846016432675
Berea Upper Gray,6,0.19545833333333335,1.4656901,141.68023681640625,3.84199221261014,5.732214805837531,11.99999857031013,334580.0,12842.209743870444,362.4331246840108,1.1140846016432675
Berea Upper Gray,7,0.19545833333333335,1.4656897,141.68023681640625,3.84199221261014,5.732214805837531,11.99999857031013,334580.0,12842.209743870444,362.43312468401064,1.1140846016432675
Berea Upper Gray,8,0.25836747685185185,1.193952,745.0709838867188,4.093574534188822,6.706803013232358,12.104613716851995,442678.0,14575.865590624559,321.85427307276177,2.1386445477973437
Berea Upper Gray,9,0.25836747685185185,1.1939518,745.0709228515625,4.093574534188822,6.706803013232358,12.104613716851995,442678.0,14575.865590624559,321.85427307276166,2.1386445477973437
Berea Upper Gray,10,0.25836747685185185,1.193952,745.0709228515625,4.093574534188822,6.706803013232362,12.104613716851995,442678.0,14575.865590624559,321.8542730727616,2.1386445477973437
Berea Upper Gray,11,0.25836747685185185,1.1939518,745.0709228515625,4.093574534188822,6.706803013232357,12.104613716851995,442678.0,14575.86559062456,321.85427307276166,2.1386445477973437
Berea Upper Gray,12,0.2530972222222222,1.5754408,122.6798324584961,4.075188151711004,5.897729351132309,13.379086400248642,434553.0,15711.525251323179,355.5606847658973,-3.252729149440611
Berea Upper Gray,13,0.2530972222222222,1.5754408,122.6798324584961,4.075188151711004,5.897729351132303,13.379086400248642,434553.0,15711.525251323179,355.56068476589735,-3.252729149440611
Berea Upper Gray,14,0.2530972222222222,1.5754408,122.6798324584961,4.075188151711004,5.8977293511323055,13.379086400248642,434553.0,15711.525251323177,355.5606847658973,-3.252729149440611
Berea Upper Gray,15,0.2530972222222222,1.5754404,122.67981719970703,4.075188151711004,5.8977293511323055,13.379086400248642,434553.0,15711.525251323179,355.5606847658973,-3.252729149440611
Berea Upper Gray,16,0.24220601851851853,1.1643989,948.9639282226562,4.271720380133696,6.91144440886767,14.594519983140017,414640.0,13416.719961375396,323.3736142975082,2.8250002398811422
Berea Upper Gray,17,0.24220601851851853,1.1643987,948.9639282226562,4.271720380133696,6.9114444088676725,14.594519983140017,414640.0,13416.719961375396,323.37361429750814,2.8250002398811422
Berea Upper Gray,18,0.24220601851851853,1.1643987,948.9637451171875,4.271720380133696,6.911444408867673,14.594519983140017,414640.0,13416.719961375396,323.3736142975082,2.8250002398811422
Berea Upper Gray,19,0.24220601851851853,1.1643988,948.9637451171875,4.271720380133696,6.9114444088676725,14.594519983140017,414640.0,13416.7199613754,323.37361429750814,2.8250002398811422
Berea Upper Gray,20,0.19195949074074073,1.3334512,123.1467056274414,3.9803239983712553,5.806690304186552,15.842979132010136,327694.0,13026.854819580443,429.43070872438284,13.408803955492184
Berea Upper Gray,21,0.19195949074074073,1.333451,123.1467056274414,3.9803239983712553,5.806690304186553,15.842979132010136,327694.0,13026.854819580443,429.43070872438284,13.408803955492184
Berea Upper Gray,22,0.19195949074074073,1.3334506,123.1467056274414,3.9803239983712553,5.806690304186553,15.842979132010136,327694.0,13026.85481958044,429.43070872438284,13.408803955492184
Berea Upper Gray,23,0.19195949074074073,1.3334514,123.1467056274414,3.9803239983712553,5.806690304186553,15.842979132010136,327694.0,13026.854819580443,429.43070872438284,13.408803955492184
Berea Upper Gray,24,0.2412638888888889,1.5138237,177.36212158203125,3.7652953498964985,6.140152655794941,12.694477842605291,415293.0,15428.271810658027,417.79190126978705,1.601496614862197
Berea Upper Gray,25,0.2412638888888889,1.5138241,177.36212158203125,3.7652953498964985,6.140152655794942,12.694477842605291,415293.0,15428.271810658021,417.79190126978705,1.601496614862197
Berea Upper Gray,26,0.2412638888888889,1.5138237,177.36212158203125,3.7652953498964985,6.14015265579494,12.694477842605291,415293.0,15428.271810658025,417.79190126978705,1.601496614862197
Berea Upper Gray,27,0.2412638888888889,1.5138233,177.36215209960938,3.7652953498964985,6.140152655794941,12.694477842605291,415293.0,15428.271810658025,417.79190126978705,1.601496614862197
Berea Upper Gray,28,0.18791840277777777,1.3486518,288.6466064453125,3.944153622669803,6.43003440344011,15.556347799219328,322449.0,12210.750235077528,405.7802734562763,9.529402217627235
Berea Upper Gray,29,0.18791840277777777,1.3486513,288.64654541015625,3.944153622669803,6.430034403440111,15.556347799219328,322449.0,12210.750235077528,405.7802734562762,9.529402217627235
Berea Upper Gray,30,0.18791840277777777,1.3486512,288.64654541015625,3.944153622669803,6.43003440344011,15.556347799219328,322449.0,12210.750235077528,405.7802734562763,9.529402217627235
Berea Upper Gray,31,0.18791840277777777,1.3486514,288.646484375,3.944153622669803,6.430034403440111,15.556347799219328,322449.0,12210.750235077528,405.78027345627635,9.529402217627235
Berea Upper Gray,32,0.22602141203703704,1.317922,269.0828552246094,3.9055955033808254,5.69327409361862,12.36931685293693,386914.0,14680.913686009313,391.7402720629438,0.954929658551372
Berea Upper Gray,33,0.22602141203703704,1.3179219,269.0829162597656,3.9055955033808254,5.69327409361862,12.36931685293693,386914.0,14680.913686009311,391.7402720629438,0.954929658551372
Berea Upper Gray,34,0.22602141203703704,1.317922,269.08294677734375,3.9055955033808254,5.693274093618619,12.36931685293693,386914.0,14680.913686009311,391.7402720629438,0.954929658551372
Berea Upper Gray,35,0.22602141203703704,1.3179216,269.0829162597656,3.9055955033808254,5.69327409361862,12.36931685293693,386914.0,14680.913686009311,391.7402720629438,0.954929658551372
Berea Upper Gray,36,0.22233275462962962,1.4071369,116.26025390625,3.767826291764614,5.6060118937104875,11.57583638105135,381722.0,14420.465136985444,357.6774146076957,1.8103874776703095
Berea Upper Gray,37,0.22233275462962962,1.4071369,116.26026153564453,3.767826291764614,5.606011893710485,11.57583638105135,381722.0,14420.465136985438,357.6774146076957,1.8103874776703095
Berea Upper Gray,38,0.22233275462962962,1.4071369,116.26025390625,3.767826291764614,5.6060118937104875,11.57583638105135,381722.0,14420.465136985444,357.6774146076958,1.8103874776703095
Berea Upper Gray,39,0.22233275462962962,1.4071369,116.26026153564453,3.767826291764614,5.606011893710487,11.57583638105135,381722.0,14420.465136985442,357.6774146076958,1.8103874776703095
Berea Upper Gray,40,0.20262152777777778,1.5118321,91.98075103759766,3.8563718919470182,5.836662232770797,10.891451493412363,345966.0,12975.220431603588,344.5402149824743,1.4025529359973277
Berea Upper Gray,41,0.20262152777777778,1.5118319,91.98075103759766,3.8563718919470182,5.836662232770797,10.891451493412363,345966.0,12975.220431603588,344.5402149824743,1.4025529359973277
Berea Upper Gray,42,0.20262152777777778,1.5118318,91.98075103759766,3.8563718919470182,5.836662232770797,10.891451493412363,345966.0,12975.220431603588,344.54021498247437,1.4025529359973277
Berea Upper Gray,43,0.20262152777777778,1.5118319,91.98075103759766,3.8563718919470182,5.836662232770798,10.891451493412363,345966.0,12975.220431603588,344.54021498247437,1.4025529359973277
Berea Upper Gray,44,0.21614467592592593,1.7233632,60.37919616699219,3.7077928268434035,5.7845792456777945,13.747727646791398,371411.0,13684.642498800655,340.197598814708,3.879401737864949
Berea Upper Gray,45,0.21614467592592593,1.723363,60.37919616699219,3.7077928268434035,5.7845792456777945,13.747727646791398,371411.0,13684.642498800658,340.19759881470793,3.879401737864949
Berea Upper Gray,46,0.21614467592592593,1.7233632,60.37919616699219,3.7077928268434035,5.7845792456777945,13.747727646791398,371411.0,13684.642498800655,340.19759881470793,3.879401737864949
Berea Upper Gray,47,0.21614467592592593,1.723363,60.37919616699219,3.7077928268434035,5.7845792456777945,13.747727646791398,371411.0,13684.642498800658,340.19759881470793,3.879401737864949
Berea Upper Gray,48,0.2349849537037037,1.6525606,135.37254333496094,3.4641014087797903,5.601440021965888,11.99999857031013,404698.0,16118.247756044024,451.13630992391154,0.0994718394324346
Berea Upper Gray,49,0.2349849537037037,1.6525605,135.3725128173828,3.4641014087797903,5.601440021965887,11.99999857031013,404698.0,16118.24775604402,451.13630992391154,0.0994718394324346
Berea Upper Gray,50,0.2349849537037037,1.6525605,135.3725128173828,3.4641014087797903,5.601440021965885,11.99999857031013,404698.0,16118.24775604402,451.13630992391154,0.0994718394324346
Berea Upper Gray,51,0.2349849537037037,1.6525604,135.37254333496094,3.4641014087797903,5.601440021965888,11.99999857031013,404698.0,16118.247756044024,451.13630992391154,0.0994718394324346
Berea Upper Gray,52,0.18457060185185184,1.3853658,118.18318176269531,3.7511661256161375,6.281961405199551,14.071247301969983,315702.0,11783.504384602227,349.05446006564415,3.889348921808192
Berea Upper Gray,53,0.18457060185185184,1.3853657,118.18318176269531,3.7511661256161375,6.281961405199551,14.071247301969983,315702.0,11783.504384602227,349.0544600656441,3.889348921808192
Berea Upper Gray,54,0.18457060185185184,1.385366,118.18315887451172,3.7511661256161375,6.281961405199553,14.071247301969983,315702.0,11783.504384602227,349.0544600656441,3.889348921808192
Berea Upper Gray,55,0.18457060185185184,1.3853658,118.18318176269531,3.7511661256161375,6.281961405199551,14.071247301969983,315702.0,11783.504384602227,349.0544600656441,3.889348921808192
Berea Upper Gray,56,0.2734577546296296,1.4138132,278.28558349609375,3.84199221261014,5.938030493445244,11.99999857031013,469244.0,16679.37760303772,397.02202417387224,-1.601496614862197
Berea Upper Gray,57,0.2734577546296296,1.4138134,278.28558349609375,3.84199221261014,5.938030493445245,11.99999857031013,469244.0,16679.37760303772,397.0220241738723,-1.601496614862197
Berea Upper Gray,58,0.2734577546296296,1.4138132,278.28558349609375,3.84199221261014,5.938030493445245,11.99999857031013,469244.0,16679.37760303772,397.02202417387224,-1.601496614862197
Berea Upper Gray,59,0.2734577546296296,1.4138135,278.28558349609375,3.84199221261014,5.938030493445244,11.99999857031013,469244.0,16679.37760303772,397.02202417387224,-1.601496614862197
Berea Upper Gray,60,0.19257002314814814,1.6651691,154.03909301757812,3.939183700746282,5.4825322679922355,9.5097124436397,331323.0,13115.648693910374,403.39123379056235,6.276673068186622
Berea Upper Gray,61,0.19257002314814814,1.6651688,154.03907775878906,3.939183700746282,5.482532267992235,9.5097124436397,331323.0,13115.648693910369,403.39123379056235,6.276673068186622
Berea Upper Gray,62,0.19257002314814814,1.6651692,154.03909301757812,3.939183700746282,5.4825322679922355,9.5097124436397,331323.0,13115.648693910372,403.39123379056235,6.276673068186622
Berea Upper Gray,63,0.19257002314814814,1.6651684,154.03907775878906,3.939183700746282,5.482532267992235,9.5097124436397,331323.0,13115.648693910369,403.39123379056235,6.276673068186622
Berea Upper Gray,64,0.2473900462962963,1.5955656,132.7794952392578,4.040432430760872,5.778438444795558,10.954450497542142,424385.99999999994,15712.841591931692,399.79355260261724,0.6167254044810945
Berea Upper Gray,65,0.2473900462962963,1.5955666,132.77951049804688,4.040432430760872,5.778438444795558,10.954450497542142,424385.99999999994,15712.841591931694,399.7935526026172,0.6167254044810945
Berea Upper Gray,66,0.2473900462962963,1.5955658,132.77951049804688,4.040432430760872,5.778438444795557,10.954450497542142,424385.99999999994,15712.841591931694,399.79355260261724,0.6167254044810945
Berea Upper Gray,67,0.2473900462962963,1.5955657,132.77951049804688,4.040432430760872,5.778438444795557,10.954450497542142,424385.99999999994,15712.841591931694,399.79355260261724,0.6167254044810945
Berea Upper Gray,68,0.19581944444444443,1.6151556,61.64583206176758,3.9193571005558088,5.811971716253846,12.449899587864966,335781.0,13293.036266987076,446.7295590901032,7.012764679986638
Berea Upper Gray,69,0.19581944444444443,1.6151559,61.645835876464844,3.9193571005558088,5.811971716253846,12.449899587864966,335781.0,13293.036266987072,446.7295590901032,7.012764679986638
Berea Upper Gray,70,0.19581944444444443,1.615156,61.64583206176758,3.9193571005558088,5.8119717162538445,12.449899587864966,335781.0,13293.036266987072,446.72955909010335,7.012764679986638
Berea Upper Gray,71,0.19581944444444443,1.615156,61.64583206176758,3.9193571005558088,5.811971716253845,12.449899587864966,335781.0,13293.036266987068,446.7295590901032,7.012764679986638
Berea Upper Gray,72,0.2068310185185185,1.723216,35.9724235534668,3.948222073657365,6.471115397086993,15.588457542915263,351435.0,13152.143109956267,406.48681523949284,4.307130647424418
Berea Upper Gray,73,0.2068310185185185,1.7232157,35.9724235534668,3.948222073657365,6.471115397086993,15.588457542915263,351435.0,13152.143109956267,406.48681523949284,4.307130647424418
Berea Upper Gray,74,0.2068310185185185,1.723216,35.97242736816406,3.948222073657365,6.471115397086993,15.588457542915263,351435.0,13152.143109956269,406.48681523949284,4.307130647424418
Berea Upper Gray,75,0.2068310185185185,1.7232157,35.97242736816406,3.948222073657365,6.471115397086994,15.588457542915263,351435.0,13152.143109956267,406.48681523949284,4.307130647424418
Berea Upper Gray,76,0.17505266203703704,1.3096719,93.4896011352539,3.3701360676925285,5.804714159790765,11.357817114762058,299366.0,12345.512417832782,428.8388116703757,6.455722379165005
Berea Upper Gray,77,0.17505266203703704,1.3096719,93.4896011352539,3.3701360676925285,5.804714159790765,11.357817114762058,299366.0,12345.512417832782,428.8388116703756,6.455722379165005
Berea Upper Gray,78,0.17505266203703704,1.3096716,93.4896011352539,3.3701360676925285,5.8047141597907626,11.357817114762058,299366.0,12345.512417832782,428.8388116703756,6.455722379165005
Berea Upper Gray,79,0.17505266203703704,1.3096718,93.4896011352539,3.3701360676925285,5.804714159790763,11.357817114762058,299366.0,12345.512417832782,428.8388116703755,6.455722379165005
Berea Upper Gray,80,0.2551394675925926,1.2476002,410.7432861328125,3.940073141357332,6.801422461013195,13.847877428421883,434857.0,15301.849851660745,386.60953585305543,-4.605546165721721
Berea Upper Gray,81,0.2551394675925926,1.2476006,410.7432861328125,3.940073141357332,6.801422461013197,13.847877428421883,434857.0,15301.849851660745,386.60953585305543,-4.605546165721721
Berea Upper Gray,82,0.2551394675925926,1.2476002,410.74334716796875,3.940073141357332,6.801422461013195,13.847877428421883,434857.0,15301.849851660749,386.6095358530555,-4.605546165721721
Berea Upper Gray,83,0.2551394675925926,1.2476004,410.74334716796875,3.940073141357332,6.801422461013193,13.847877428421883,434857.0,15301.849851660749,386.60953585305543,-4.605546165721721
Berea Upper Gray,84,0.22726388888888888,1.5358397,106.66593170166016,4.059958465342699,5.720746407790093,11.04535985527129,388251.0,14667.779921518695,388.3734691089792,5.112852546827138
Berea Upper Gray,85,0.22726388888888888,1.5358398,106.66594696044922,4.059958465342699,5.720746407790093,11.04535985527129,388251.0,14667.779921518697,388.3734691089792,5.112852546827138
Berea Upper Gray,86,0.22726388888888888,1.5358402,106.66594696044922,4.059958465342699,5.720746407790092,11.04535985527129,388251.0,14667.779921518697,388.3734691089793,5.112852546827138
Berea Upper Gray,87,0.22726388888888888,1.5358396,106.66593170166016,4.059958465342699,5.72074640779009,11.04535985527129,388251.0,14667.7799215187,388.3734691089791,5.112852546827138
Berea Upper Gray,88,0.19788136574074075,1.3007728,187.68031311035156,3.8752648611908054,5.609431842744037,10.198039018356072,339644.0,12754.402590621037,343.7253214716348,5.3615321454082245
Berea Upper Gray,89,0.19788136574074075,1.3007729,187.6802978515625,3.8752648611908054,5.609431842744038,10.198039018356072,339644.0,12754.402590621037,343.7253214716348,5.3615321454082245
Berea Upper Gray,90,0.19788136574074075,1.300773,187.68031311035156,3.8752648611908054,5.609431842744036,10.198039018356072,339644.0,12754.402590621037,343.7253214716348,5.3615321454082245
Berea Upper Gray,91,0.19788136574074075,1.3007728,187.6802978515625,3.8752648611908054,5.609431842744036,10.198039018356072,339644.0,12754.402590621037,343.7253214716348,5.3615321454082245
Berea Upper Gray,92,0.2550266203703704,1.406085,90.34500122070312,3.7077928268434035,5.998719043956157,13.747727646791398,437983.0,16003.44866142612,393.52464589103505,-2.854841791710873
Berea Upper Gray,93,0.2550266203703704,1.4060851,90.34500885009766,3.7077928268434035,5.998719043956159,13.747727646791398,437983.0,16003.448661426119,393.524645891035,-2.854841791710873
Berea Upper Gray,94,0.2550266203703704,1.4060853,90.34500885009766,3.7077928268434035,5.998719043956157,13.747727646791398,437983.0,16003.448661426119,393.52464589103505,-2.854841791710873
Berea Upper Gray,95,0.2550266203703704,1.406085,90.3449935913086,3.7077928268434035,5.998719043956159,13.747727646791398,437983.0,16003.44866142612,393.52464589103505,-2.854841791710873
Berea Upper Gray,96,0.23776967592592593,1.3822898,204.42303466796875,3.767826291764614,5.553073109242136,11.57583638105135,407888.0,15692.13926427188,383.5724064316669,-6.754137897462309
Berea Upper Gray,97,0.23776967592592593,1.3822895,204.42303466796875,3.767826291764614,5.553073109242136,11.57583638105135,407888.0,15692.13926427188,383.5724064316669,-6.754137897462309
Berea Upper Gray,98,0.23776967592592593,1.3822898,204.42303466796875,3.767826291764614,5.5530731092421375,11.57583638105135,407888.0,15692.13926427188,383.5724064316669,-6.754137897462309
Berea Upper Gray,99,0.23776967592592593,1.3822894,204.42303466796875,3.767826291764614,5.553073109242135,11.57583638105135,407888.0,15692.13926427188,383.5724064316669,-6.754137897462309
Berea Upper Gray,100,0.2658611111111111,1.5214399,254.0861358642578,4.369892497181681,6.1841961411079645,11.277217368447864,454122.0,14879.399223801165,288.61392293830227,4.167870072219009
Berea Upper Gray,101,0.2658611111111111,1.5214397,254.08615112304688,4.369892497181681,6.184196141107965,11.277217368447864,454122.0,14879.399223801167,288.61392293830227,4.167870072219009
Berea Upper Gray,102,0.2658611111111111,1.5214401,254.0861358642578,4.369892497181681,6.184196141107963,11.277217368447864,454122.0,14879.399223801165,288.6139229383023,4.167870072219009
Berea Upper Gray,103,0.2658611111111111,1.5214398,254.0861358642578,4.369892497181681,6.184196141107965,11.277217368447864,454122.0,14879.399223801167,288.6139229383023,4.167870072219009
Berea Upper Gray,104,0.22828472222222224,1.5385294,367.3583679199219,4.098340477443463,5.874885118690018,11.224970376747754,392733.0,14184.343555072166,341.25604506746197,0.8057218994027201
Berea Upper Gray,105,0.22828472222222224,1.5385292,367.3583679199219,4.098340477443463,5.87488511869002,11.224970376747754,392733.0,14184.343555072168,341.25604506746197,0.8057218994027201
Berea Upper Gray,106,0.22828472222222224,1.5385293,367.3583679199219,4.098340477443463,5.874885118690018,11.224970376747754,392733.0,14184.343555072168,341.25604506746197,0.8057218994027201
Berea Upper Gray,107,0.22828472222222224,1.5385289,367.3583679199219,4.098340477443463,5.874885118690018,11.224970376747754,392733.0,14184.343555072168,341.25604506746197,0.8057218994027201
Berea Upper Gray,108,0.20479282407407406,1.3907068,105.08222961425781,3.631928346884643,5.341972251505271,13.190903516904216,349675.0,14324.217513319663,427.9058266372335,1.0544014979838066
Berea Upper Gray,109,0.20479282407407406,1.3907068,105.08222961425781,3.631928346884643,5.341972251505271,13.190903516904216,349675.0,14324.21751331966,427.9058266372334,1.0544014979838066
Berea Upper Gray,110,0.20479282407407406,1.3907062,105.08222961425781,3.631928346884643,5.341972251505272,13.190903516904216,349675.0,14324.217513319667,427.9058266372333,1.0544014979838066
Berea Upper Gray,111,0.20479282407407406,1.3907065,105.08222961425781,3.631928346884643,5.341972251505271,13.190903516904216,349675.0,14324.217513319663,427.9058266372335,1.0544014979838066
Berea Upper Gray,112,0.25461921296296297,1.5890963,68.5323486328125,3.872983588356413,6.542714915926474,13.399466542339818,438655.00000000006,15040.428264233753,335.2569265177011,-0.8057218994027201
Berea Upper Gray,113,0.25461921296296297,1.5890963,68.5323486328125,3.872983588356413,6.5427149159264735,13.399466542339818,438655.00000000006,15040.428264233751,335.2569265177012,-0.8057218994027201
Berea Upper Gray,114,0.25461921296296297,1.5890963,68.5323486328125,3.872983588356413,6.5427149159264735,13.399466542339818,438655.00000000006,15040.428264233753,335.2569265177011,-0.8057218994027201
Berea Upper Gray,115,0.25461921296296297,1.5890963,68.53233337402344,3.872983588356413,6.542714915926474,13.399466542339818,438655.00000000006,15040.428264233753,335.2569265177011,-0.8057218994027201
Berea Upper Gray,116,0.2592037037037037,1.4432963,144.3041534423828,3.960352068201568,6.410425806024466,13.984805855692839,442814.0,15623.070784094401,334.14722276986424,-4.317077831367661
Berea Upper Gray,117,0.2592037037037037,1.4432962,144.3041534423828,3.960352068201568,6.410425806024467,13.984805855692839,442814.0,15623.070784094403,334.14722276986436,-4.317077831367661
Berea Upper Gray,118,0.2592037037037037,1.4432958,144.3041534423828,3.960352068201568,6.410425806024467,13.984805855692839,442814.0,15623.070784094401,334.14722276986424,-4.317077831367661
Berea Upper Gray,119,0.2592037037037037,1.4432963,144.3041534423828,3.960352068201568,6.4104258060244685,13.984805855692839,442814.0,15623.070784094403,334.14722276986424,-4.317077831367661
Berea Upper Gray,120,0.21558912037037037,1.582412,158.70663452148438,3.6729742106509597,5.919202139813555,12.104613716851995,369900.0,14481.171230170792,421.8217416094276,4.854225764302808
Berea Upper Gray,121,0.21558912037037037,1.5824124,158.70663452148438,3.6729742106509597,5.919202139813554,12.104613716851995,369900.0,14481.171230170796,421.8217416094276,4.854225764302808
Berea Upper Gray,122,0.21558912037037037,1.5824126,158.70663452148438,3.6729742106509597,5.919202139813554,12.104613716851995,369900.0,14481.171230170796,421.8217416094276,4.854225764302808
Berea Upper Gray,123,0.21558912037037037,1.5824119,158.70663452148438,3.6729742106509597,5.919202139813552,12.104613716851995,369900.0,14481.171230170792,421.8217416094276,4.854225764302808
Berea Upper Gray,124,0.19867997685185185,1.6090323,90.5108871459961,3.6628412555384946,5.996413582946119,13.416406063274813,341920.0,12919.701891809602,373.7714457591789,7.908011234878549
Berea Upper Gray,125,0.19867997685185185,1.6090318,90.5108871459961,3.6628412555384946,5.996413582946119,13.416406063274813,341920.0,12919.701891809606,373.77144575917896,7.908011234878549
Berea Upper Gray,126,0.19867997685185185,1.6090316,90.5108871459961,3.6628412555384946,5.9964135829461185,13.416406063274813,341920.0,12919.701891809602,373.7714457591789,7.908011234878549
Berea Upper Gray,127,0.19867997685185185,1.6090314,90.5108871459961,3.6628412555384946,5.99641358294612,13.416406063274813,341920.0,12919.701891809602,373.77144575917896,7.908011234878549
Berea Upper Gray,128,0.1855144675925926,1.3356566,153.73428344726562,4.0502242132687,5.621819376667089,10.999999970229567,319119.0,12287.641484690688,357.69639162596206,8.216373937119098
Berea Upper Gray,129,0.1855144675925926,1.3356569,153.7342529296875,4.0502242132687,5.621819376667091,10.999999970229567,319119.0,12287.64148469069,357.696391625962,8.216373937119098
Berea Upper Gray,130,0.1855144675925926,1.3356564,153.73426818847656,4.0502242132687,5.621819376667089,10.999999970229567,319119.0,12287.641484690688,357.696391625962,8.216373937119098
Berea Upper Gray,131,0.1855144675925926,1.3356566,153.73426818847656,4.0502242132687,5.62181937666709,10.999999970229567,319119.0,12287.64148469069,357.69639162596206,8.216373937119098
Berea Upper Gray,132,0.19707002314814814,1.6256074,44.764923095703125,3.631928346884643,5.692331471205422,13.190903516904216,337631.0,13553.581429550219,444.1905917022902,11.230370671921865
Berea Upper Gray,133,0.19707002314814814,1.6256073,44.76491928100586,3.631928346884643,5.69233147120542,13.190903516904216,337631.0,13553.581429550217,444.1905917022902,11.230370671921865
Berea Upper Gray,134,0.19707002314814814,1.6256074,44.764923095703125,3.631928346884643,5.69233147120542,13.190903516904216,337631.0,13553.581429550219,444.1905917022902,11.230370671921865
Berea Upper Gray,135,0.19707002314814814,1.6256074,44.76491928100586,3.631928346884643,5.69233147120542,13.190903516904216,337631.0,13553.581429550217,444.1905917022902,11.230370671921865
Berea Upper Gray,136,0.1951585648148148,1.8329823,55.658531188964844,3.820277474626682,6.214597132466455,14.594519983140017,335514.0,13192.819655936317,461.57483488951766,10.424648772519145
Berea Upper Gray,137,0.1951585648148148,1.8329825,55.658531188964844,3.820277474626682,6.214597132466458,14.594519983140017,335514.0,13192.819655936319,461.57483488951766,10.424648772519145
Berea Upper Gray,138,0.1951585648148148,1.8329829,55.658531188964844,3.820277474626682,6.214597132466457,14.594519983140017,335514.0,13192.819655936317,461.5748348895179,10.424648772519145
Berea Upper Gray,139,0.1951585648148148,1.8329828,55.658531188964844,3.820277474626682,6.214597132466455,14.594519983140017,335514.0,13192.819655936319,461.5748348895178,10.424648772519145
Berea Upper Gray,140,0.2108130787037037,1.4257551,129.27874755859375,3.8563718919470182,5.780252925318337,10.891451493412363,360188.0,13308.665854938914,338.86959951805807,1.5318663272594928
Berea Upper Gray,141,0.2108130787037037,1.4257555,129.2787628173828,3.8563718919470182,5.780252925318334,10.891451493412363,360188.0,13308.665854938914,338.86959951805807,1.5318663272594928
Berea Upper Gray,142,0.2108130787037037,1.4257559,129.27874755859375,3.8563718919470182,5.780252925318336,10.891451493412363,360188.0,13308.665854938914,338.86959951805795,1.5318663272594928
Berea Upper Gray,143,0.2108130787037037,1.4257553,129.2787628173828,3.8563718919470182,5.780252925318338,10.891451493412363,360188.0,13308.665854938914,338.86959951805807,1.5318663272594928
Berea Upper Gray,144,0.20213773148148148,1.4541779,171.6343536376953,3.9598800792228324,6.153765093496429,11.413988870062543,345735.0,12503.90762188964,361.6616499742753,5.83899697468391
Berea Upper Gray,145,0.20213773148148148,1.4541779,171.6343536376953,3.9598800792228324,6.153765093496427,11.413988870062543,345735.0,12503.907621889644,361.6616499742753,5.83899697468391
Berea Upper Gray,146,0.20213773148148148,1.4541779,171.6343536376953,3.9598800792228324,6.153765093496427,11.413988870062543,345735.0,12503.907621889644,361.66164997427524,5.83899697468391
Berea Upper Gray,147,0.20213773148148148,1.4541786,171.6343536376953,3.9598800792228324,6.153765093496427,11.413988870062543,345735.0,12503.90762188964,361.6616499742753,5.83899697468391
Berea Upper Gray,148,0.16235127314814815,1.4065633,156.7803192138672,3.2575086713542607,5.7254088278479625,11.814004250666148,275626.0,11655.139768313373,410.41390061369293,10.46443750829212
Berea Upper Gray,149,0.16235127314814815,1.4065632,156.7803192138672,3.2575086713542607,5.725408827847963,11.814004250666148,275626.0,11655.139768313375,410.41390061369293,10.46443750829212
Berea Upper Gray,150,0.16235127314814815,1.4065634,156.78033447265625,3.2575086713542607,5.7254088278479625,11.814004250666148,275626.0,11655.139768313373,410.41390061369293,10.46443750829212
Berea Upper Gray,151,0.16235127314814815,1.406563,156.78033447265625,3.2575086713542607,5.725408827847964,11.814004250666148,275626.0,11655.139768313373,410.41390061369293,10.46443750829212
Berea Upper Gray,152,0.19364756944444445,1.3769426,50.08901596069336,3.8776739596144374,5.633304902990454,10.998119557438786,331409.0,12754.250628006701,347.4011853636335,2.576320641300056
Berea Upper Gray,153,0.19364756944444445,1.3769428,50.08901596069336,3.8776739596144374,5.633304902990452,10.998119557438786,331409.0,12754.250628006701,347.4011853636334,2.576320641300056
Berea Upper Gray,154,0.19364756944444445,1.3769426,50.08902359008789,3.8776739596144374,5.633304902990451,10.998119557438786,331409.0,12754.250628006703,347.4011853636335,2.576320641300056
Berea Upper Gray,155,0.19364756944444445,1.3769428,50.08901596069336,3.8776739596144374,5.633304902990454,10.998119557438786,331409.0,12754.250628006701,347.4011853636334,2.576320641300056
Berea Upper Gray,156,0.23979108796296297,1.4414394,119.8635482788086,3.664002606207577,6.727383617614442,15.107070451545495,409981.0,14452.477514603657,385.6074993463959,5.381426513294711
Berea Upper Gray,157,0.23979108796296297,1.4414394,119.8635482788086,3.664002606207577,6.727383617614443,15.107070451545495,409981.0,14452.477514603657,385.60749934639585,5.381426513294711
Berea Upper Gray,158,0.23979108796296297,1.4414393,119.8635482788086,3.664002606207577,6.72738361761444,15.107070451545495,409981.0,14452.477514603657,385.60749934639585,5.381426513294711
Berea Upper Gray,159,0.23979108796296297,1.4414393,119.86353302001953,3.664002606207577,6.727383617614439,15.107070451545495,409981.0,14452.477514603657,385.60749934639585,5.381426513294711
Berea Upper Gray,160,0.225234375,1.5532091,61.7700080871582,4.012231423540235,6.085625029615894,12.99999958354357,385873.0,14560.217924546612,420.748772411132,3.2228875976108804
Berea Upper Gray,161,0.225234375,1.5532092,61.77000045776367,4.012231423540235,6.085625029615896,12.99999958354357,385873.0,14560.217924546612,420.748772411132,3.2228875976108804
Berea Upper Gray,162,0.225234375,1.5532097,61.7700080871582,4.012231423540235,6.085625029615892,12.99999958354357,385873.0,14560.217924546609,420.748772411132,3.2228875976108804
Berea Upper Gray,163,0.225234375,1.553209,61.7700080871582,4.012231423540235,6.085625029615893,12.99999958354357,385873.0,14560.217924546612,420.748772411132,3.2228875976108804
Berea Sinter Gray,0,0.23302314814814815,1.4709705,262.2159729003906,3.705529871352086,5.508190053620826,11.224970376747754,400958.0,15259.987716945077,345.803074132394,-3.0637326545189856
Berea Sinter Gray,1,0.23302314814814815,1.4709705,262.21600341796875,3.705529871352086,5.508190053620827,11.224970376747754,400958.0,15259.98771694508,345.803074132394,-3.0637326545189856
Berea Sinter Gray,2,0.23302314814814815,1.4709704,262.21600341796875,3.705529871352086,5.508190053620828,11.224970376747754,400958.0,15259.98771694508,345.803074132394,-3.0637326545189856
Berea Sinter Gray,3,0.23302314814814815,1.4709702,262.2159729003906,3.705529871352086,5.508190053620828,11.224970376747754,400958.0,15259.98771694508,345.80307413239404,-3.0637326545189856
Berea Sinter Gray,4,0.2359351851851852,1.5249004,127.2046127319336,3.902761508855858,6.890660603190768,13.59762391083298,405132.0,14439.406318117928,402.68123335694276,-1.2931339126216497
Berea Sinter Gray,5,0.2359351851851852,1.5249004,127.20458984375,3.902761508855858,6.890660603190772,13.59762391083298,405132.0,14439.406318117924,402.6812333569428,-1.2931339126216497
Berea Sinter Gray,6,0.2359351851851852,1.5249004,127.2046127319336,3.902761508855858,6.89066060319077,13.59762391083298,405132.0,14439.406318117928,402.6812333569428,-1.2931339126216497
Berea Sinter Gray,7,0.2359351851851852,1.5249006,127.2046127319336,3.902761508855858,6.89066060319077,13.59762391083298,405132.0,14439.406318117924,402.6812333569428,-1.2931339126216497
Berea Sinter Gray,8,0.1830636574074074,1.4758623,20.844383239746094,3.237033278882394,6.778335861032585,14.905222994063115,312720.0,12424.40349823409,451.35787843435963,6.704401977746092
Berea Sinter Gray,9,0.1830636574074074,1.4758625,20.844383239746094,3.237033278882394,6.778335861032587,14.905222994063115,312720.0,12424.40349823409,451.3578784343597,6.704401977746092
Berea Sinter Gray,10,0.1830636574074074,1.4758623,20.84438133239746,3.237033278882394,6.778335861032587,14.905222994063115,312720.0,12424.403498234093,451.3578784343597,6.704401977746092
Berea Sinter Gray,11,0.1830636574074074,1.4758625,20.844383239746094,3.237033278882394,6.778335861032587,14.905222994063115,312720.0,12424.40349823409,451.3578784343597,6.704401977746092
Berea Sinter Gray,12,0.2006087962962963,1.5489614,285.3019104003906,4.000000263802373,6.521726642231236,14.254381292074651,342943.0,12184.970515942912,301.5371613669549,5.321743409635251
Berea Sinter Gray,13,0.2006087962962963,1.5489616,285.3019104003906,4.000000263802373,6.521726642231237,14.254381292074651,342943.0,12184.970515942909,301.5371613669549,5.321743409635251
Berea Sinter Gray,14,0.2006087962962963,1.5489616,285.3018798828125,4.000000263802373,6.521726642231239,14.254381292074651,342943.0,12184.970515942912,301.5371613669549,5.321743409635251
Berea Sinter Gray,15,0.2006087962962963,1.5489612,285.3019104003906,4.000000263802373,6.521726642231236,14.254381292074651,342943.0,12184.970515942912,301.5371613669548,5.321743409635251
Berea Sinter Gray,16,0.21606770833333333,1.3152025,257.3515319824219,3.760603446665093,5.862147250097482,12.664176399359539,369088.0,13611.187797580844,347.8148027895094,1.7904931097838226
Berea Sinter Gray,17,0.21606770833333333,1.3152027,257.3515319824219,3.760603446665093,5.86214725009748,12.664176399359539,369088.0,13611.187797580844,347.8148027895093,1.7904931097838226
Berea Sinter Gray,18,0.21606770833333333,1.3152027,257.35150146484375,3.760603446665093,5.86214725009748,12.664176399359539,369088.0,13611.187797580844,347.8148027895094,1.7904931097838226
Berea Sinter Gray,19,0.21606770833333333,1.3152025,257.35150146484375,3.760603446665093,5.86214725009748,12.664176399359539,369088.0,13611.187797580844,347.8148027895093,1.7904931097838226
Berea Sinter Gray,20,0.19899247685185184,1.4943296,75.35403442382812,3.912492647421798,5.727180864060265,12.409673954306715,340997.0,12862.85177358031,350.17198125589675,6.3363561718460835
Berea Sinter Gray,21,0.19899247685185184,1.4943296,75.35403442382812,3.912492647421798,5.727180864060266,12.409673954306715,340997.0,12862.85177358031,350.17198125589675,6.3363561718460835
Berea Sinter Gray,22,0.19899247685185184,1.4943292,75.35403442382812,3.912492647421798,5.727180864060266,12.409673954306715,340997.0,12862.85177358031,350.1719812558967,6.3363561718460835
Berea Sinter Gray,23,0.19899247685185184,1.4943296,75.35403442382812,3.912492647421798,5.727180864060265,12.409673954306715,340997.0,12862.85177358031,350.1719812558967,6.3363561718460835
Berea Sinter Gray,24,0.2140775462962963,1.5182511,95.36678314208984,3.7829749779820006,5.734392105238401,10.527390973020863,366890.0,13889.052524128174,373.40587513280065,3.352200988873046
Berea Sinter Gray,25,0.2140775462962963,1.5182508,95.36678314208984,3.7829749779820006,5.734392105238399,10.527390973020863,366890.0,13889.052524128176,373.40587513280065,3.352200988873046
Berea Sinter Gray,26,0.2140775462962963,1.5182508,95.36677551269531,3.7829749779820006,5.734392105238399,10.527390973020863,366890.0,13889.052524128176,373.40587513280065,3.352200988873046
Berea Sinter Gray,27,0.2140775462962963,1.5182517,95.36677551269531,3.7829749779820006,5.734392105238401,10.527390973020863,366890.0,13889.05252412818,373.40587513280053,3.352200988873046
Berea Sinter Gray,28,0.3329641203703704,1.1935471,1296.7515869140625,4.508037570963462,8.779819715100885,17.92569873317342,571422.0,14946.356840286608,222.51492807751225,1.0146127622108327
Berea Sinter Gray,29,0.3329641203703704,1.1935472,1296.7515869140625,4.508037570963462,8.779819715100883,17.92569873317342,571422.0,14946.356840286604,222.51492807751222,1.0146127622108327
Berea Sinter Gray,30,0.3329641203703704,1.1935478,1296.75146484375,4.508037570963462,8.779819715100885,17.92569873317342,571422.0,14946.356840286608,222.51492807751225,1.0146127622108327
Berea Sinter Gray,31,0.3329641203703704,1.1935477,1296.7515869140625,4.508037570963462,8.77981971510088,17.92569873317342,571422.0,14946.356840286611,222.51492807751217,1.0146127622108327
Berea Sinter Gray,32,0.2044189814814815,1.5122381,193.78099060058594,3.741657484797887,6.0306648558074,12.542171144784101,351155.0,12679.494767562805,303.96859792844765,-0.4078345416729819
Berea Sinter Gray,33,0.2044189814814815,1.5122381,193.78097534179688,3.741657484797887,6.0306648558074,12.542171144784101,351155.0,12679.494767562805,303.96859792844765,-0.4078345416729819
Berea Sinter Gray,34,0.2044189814814815,1.5122379,193.78099060058594,3.741657484797887,6.0306648558074,12.542171144784101,351155.0,12679.494767562805,303.96859792844765,-0.4078345416729819
Berea Sinter Gray,35,0.2044189814814815,1.5122384,193.78097534179688,3.741657484797887,6.030664855807398,12.542171144784101,351155.0,12679.494767562801,303.96859792844765,-0.4078345416729819
Berea Sinter Gray,36,0.2964982638888889,1.3750402,192.79522705078125,4.0796217885605905,7.109203092636127,16.643313937698313,510724.0,15768.934841238524,276.1861597746475,0.7360916118000159
Berea Sinter Gray,37,0.2964982638888889,1.37504,192.79522705078125,4.0796217885605905,7.109203092636126,16.643313937698313,510724.0,15768.934841238517,276.18615977464754,0.7360916118000159
Berea Sinter Gray,38,0.2964982638888889,1.3750402,192.79519653320312,4.0796217885605905,7.1092030926361245,16.643313937698313,510724.0,15768.93484123852,276.18615977464754,0.7360916118000159
Berea Sinter Gray,39,0.2964982638888889,1.3750405,192.79522705078125,4.0796217885605905,7.109203092636126,16.643313937698313,510724.0,15768.93484123852,276.18615977464754,0.7360916118000159
Berea Sinter Gray,40,0.23149768518518518,1.2756363,712.99609375,4.064813998587121,7.276904681287583,14.700359827307134,397623.0,12956.468195845506,285.44499926081136,-1.6910212703513883
Berea Sinter Gray,41,0.23149768518518518,1.2756362,712.99609375,4.064813998587121,7.276904681287585,14.700359827307134,397623.0,12956.468195845508,285.44499926081136,-1.6910212703513883
Berea Sinter Gray,42,0.23149768518518518,1.2756364,712.9962158203125,4.064813998587121,7.276904681287585,14.700359827307134,397623.0,12956.468195845506,285.44499926081136,-1.6910212703513883
Berea Sinter Gray,43,0.23149768518518518,1.2756361,712.99609375,4.064813998587121,7.2769046812875855,14.700359827307134,397623.0,12956.468195845506,285.44499926081136,-1.6910212703513883
Berea Sinter Gray,44,0.24401215277777777,1.5458677,170.7620391845703,3.66791807747696,5.777028819002152,13.453623023082278,419760.0,15434.77964858222,312.7272063011153,-1.2632923607919193
Berea Sinter Gray,45,0.24401215277777777,1.5458677,170.7620391845703,3.66791807747696,5.777028819002151,13.453623023082278,419760.0,15434.779648582218,312.7272063011153,-1.2632923607919193
Berea Sinter Gray,46,0.24401215277777777,1.5458671,170.7620391845703,3.66791807747696,5.777028819002154,13.453623023082278,419760.0,15434.779648582218,312.7272063011153,-1.2632923607919193
Berea Sinter Gray,47,0.24401215277777777,1.5458673,170.7620391845703,3.66791807747696,5.777028819002151,13.453623023082278,419760.0,15434.779648582215,312.7272063011153,-1.2632923607919193
Berea Sinter Gray,48,0.16880150462962962,1.2659324,30.147714614868164,3.9329900000045694,6.112402850186084,11.277217368447864,289047.0,10920.31843680494,317.44635095207946,5.023327891337947
Berea Sinter Gray,49,0.16880150462962962,1.2659324,30.147714614868164,3.9329900000045694,6.112402850186084,11.277217368447864,289047.0,10920.318436804937,317.4463509520795,5.023327891337947
Berea Sinter Gray,50,0.16880150462962962,1.2659326,30.147714614868164,3.9329900000045694,6.1124028501860845,11.277217368447864,289047.0,10920.31843680494,317.4463509520795,5.023327891337947
Berea Sinter Gray,51,0.16880150462962962,1.2659322,30.147714614868164,3.9329900000045694,6.112402850186084,11.277217368447864,289047.0,10920.318436804937,317.44635095207946,5.023327891337947
Berea Sinter Gray,52,0.2727071759259259,1.3378682,378.5488586425781,3.588813565857241,6.5040081674465835,16.248076644763767,469502.99999999994,16463.993797244464,288.4841192113741,-15.945335861019265
Berea Sinter Gray,53,0.2727071759259259,1.3378686,378.5488586425781,3.588813565857241,6.5040081674465835,16.248076644763767,469502.99999999994,16463.993797244464,288.4841192113741,-15.945335861019265
Berea Sinter Gray,54,0.2727071759259259,1.3378681,378.5488586425781,3.588813565857241,6.504008167446582,16.248076644763767,469502.99999999994,16463.993797244464,288.4841192113741,-15.945335861019265
Berea Sinter Gray,55,0.2727071759259259,1.3378683,378.5488586425781,3.588813565857241,6.50400816744658,16.248076644763767,469502.99999999994,16463.993797244464,288.48411921137404,-15.945335861019265
Berea Sinter Gray,56,0.17985185185185185,1.3702989,160.5243682861328,3.4996353808304117,5.745642349214588,12.247447798760023,309596.0,12243.86334717688,378.58573529331943,5.152641282600112
Berea Sinter Gray,57,0.17985185185185185,1.3702991,160.5243377685547,3.4996353808304117,5.745642349214586,12.247447798760023,309596.0,12243.86334717688,378.5857352933196,5.152641282600112
Berea Sinter Gray,58,0.17985185185185185,1.3702985,160.5243682861328,3.4996353808304117,5.745642349214587,12.247447798760023,309596.0,12243.863347176884,378.58573529331943,5.152641282600112
Berea Sinter Gray,59,0.17985185185185185,1.3702985,160.5243682861328,3.4996353808304117,5.745642349214586,12.247447798760023,309596.0,12243.86334717688,378.58573529331943,5.152641282600112
Berea Sinter Gray,60,0.20675694444444445,1.2368627,500.0563049316406,4.069010170107432,6.351349094624122,11.97640006157977,355183.0,12088.527923380343,258.1668626131182,2.984155182973038
Berea Sinter Gray,61,0.20675694444444445,1.2368629,500.0563049316406,4.069010170107432,6.35134909462412,11.97640006157977,355183.0,12088.527923380343,258.1668626131182,2.984155182973038
Berea Sinter Gray,62,0.20675694444444445,1.236863,500.0563049316406,4.069010170107432,6.351349094624119,11.97640006157977,355183.0,12088.527923380343,258.16686261311827,2.984155182973038
Berea Sinter Gray,63,0.20675694444444445,1.2368628,500.0563049316406,4.069010170107432,6.351349094624117,11.97640006157977,355183.0,12088.527923380343,258.16686261311827,2.984155182973038
Berea Sinter Gray,64,0.2606585648148148,1.4185379,286.0300598144531,3.855654184668092,6.871992649778666,14.866069191748569,447136.99999999994,14952.052696326928,314.6181689800698,0.238732414637843
Berea Sinter Gray,65,0.2606585648148148,1.4185383,286.0300598144531,3.855654184668092,6.871992649778665,14.866069191748569,447136.99999999994,14952.052696326926,314.61816898006975,0.238732414637843
Berea Sinter Gray,66,0.2606585648148148,1.4185383,286.0300598144531,3.855654184668092,6.871992649778664,14.866069191748569,447136.99999999994,14952.052696326928,314.6181689800698,0.238732414637843
Berea Sinter Gray,67,0.2606585648148148,1.4185383,286.0300598144531,3.855654184668092,6.871992649778665,14.866069191748569,447136.99999999994,14952.052696326926,314.6181689800698,0.238732414637843
Berea Sinter Gray,68,0.23425636574074074,1.3602502,534.7474365234375,3.631928346884643,6.562160492280575,13.190903516904216,401058.0,14302.73114666149,384.5524334731791,1.0742958658702937
Berea Sinter Gray,69,0.23425636574074074,1.3602504,534.74755859375,3.631928346884643,6.562160492280572,13.190903516904216,401058.0,14302.73114666149,384.552433473179,1.0742958658702937
Berea Sinter Gray,70,0.23425636574074074,1.3602498,534.74755859375,3.631928346884643,6.562160492280573,13.190903516904216,401058.0,14302.73114666149,384.5524334731791,1.0742958658702937
Berea Sinter Gray,71,0.23425636574074074,1.3602501,534.74755859375,3.631928346884643,6.562160492280573,13.190903516904216,401058.0,14302.731146661492,384.5524334731791,1.0742958658702937
Berea Sinter Gray,72,0.38153877314814816,1.3422352,1096.5745849609375,4.397045695330313,7.326453446682203,15.394802261840416,651191.0,17981.355968777432,1.343988760483573e+17,-15.457923847800334
Berea Sinter Gray,73,0.38153877314814816,1.3422354,1096.5745849609375,4.397045695330313,7.326453446682201,15.394802261840416,651191.0,17981.355968777432,1.343988760483573e+17,-15.457923847800334
Berea Sinter Gray,74,0.38153877314814816,1.3422359,1096.5745849609375,4.397045695330313,7.326453446682203,15.394802261840416,651191.0,17981.355968777436,1.343988760483573e+17,-15.457923847800334
Berea Sinter Gray,75,0.38153877314814816,1.3422353,1096.5745849609375,4.397045695330313,7.3264534466822,15.394802261840416,651191.0,17981.355968777432,1.343988760483573e+17,-15.457923847800334
Berea Sinter Gray,76,0.24625925925925926,1.5019829,338.7212219238281,4.012231423540235,6.521147057145605,12.99999958354357,422115.00000000006,14118.682971664542,287.7464852023311,-3.789877082375758
Berea Sinter Gray,77,0.24625925925925926,1.5019833,338.7212219238281,4.012231423540235,6.521147057145605,12.99999958354357,422115.00000000006,14118.682971664542,287.7464852023311,-3.789877082375758
Berea Sinter Gray,78,0.24625925925925926,1.5019827,338.7212219238281,4.012231423540235,6.521147057145604,12.99999958354357,422115.00000000006,14118.682971664542,287.7464852023311,-3.789877082375758
Berea Sinter Gray,79,0.24625925925925926,1.5019832,338.72119140625,4.012231423540235,6.521147057145605,12.99999958354357,422115.00000000006,14118.682971664542,287.7464852023311,-3.789877082375758
Berea Sinter Gray,80,0.26144328703703706,1.262374,427.0552978515625,3.9723710356656023,7.418978915506542,15.779731644995012,448082.00000000006,14269.622135899834,303.58059648060845,-2.0093311565351786
Berea Sinter Gray,81,0.26144328703703706,1.2623744,427.0552978515625,3.9723710356656023,7.418978915506542,15.779731644995012,448082.00000000006,14269.622135899826,303.58059648060845,-2.0093311565351786
Berea Sinter Gray,82,0.26144328703703706,1.2623738,427.0552978515625,3.9723710356656023,7.418978915506542,15.779731644995012,448082.00000000006,14269.62213589983,303.58059648060845,-2.0093311565351786
Berea Sinter Gray,83,0.26144328703703706,1.262374,427.0552978515625,3.9723710356656023,7.418978915506542,15.779731644995012,448082.00000000006,14269.62213589983,303.58059648060845,-2.0093311565351786
Berea Sinter Gray,84,0.1702175925925926,2.0183449,66.0614242553711,3.884704885333662,6.2211948515102815,12.247447798760023,290832.0,10864.566884980486,310.8613099840991,6.445775195221761
Berea Sinter Gray,85,0.1702175925925926,2.0183446,66.0614242553711,3.884704885333662,6.22119485151028,12.247447798760023,290832.0,10864.566884980486,310.8613099840991,6.445775195221761
Berea Sinter Gray,86,0.1702175925925926,2.0183446,66.0614242553711,3.884704885333662,6.221194851510279,12.247447798760023,290832.0,10864.566884980488,310.8613099840991,6.445775195221761
Berea Sinter Gray,87,0.1702175925925926,2.0183446,66.0614242553711,3.884704885333662,6.221194851510281,12.247447798760023,290832.0,10864.566884980488,310.8613099840991,6.445775195221761
Berea Sinter Gray,88,0.27272280092592593,1.2852474,598.9161987304688,3.960352068201568,7.031522557469459,13.984805855692839,467540.0,15384.61447472066,295.1003576043189,-6.027993469605536
Berea Sinter Gray,89,0.27272280092592593,1.2852476,598.9161987304688,3.960352068201568,7.031522557469461,13.984805855692839,467540.0,15384.61447472066,295.1003576043189,-6.027993469605536
Berea Sinter Gray,90,0.27272280092592593,1.2852478,598.9161987304688,3.960352068201568,7.031522557469461,13.984805855692839,467540.0,15384.61447472066,295.1003576043189,-6.027993469605536
Berea Sinter Gray,91,0.27272280092592593,1.2852477,598.9163208007812,3.960352068201568,7.0315225574694615,13.984805855692839,467540.0,15384.61447472066,295.1003576043189,-6.027993469605536
Berea Sinter Gray,92,0.1767366898148148,1.5229325,124.55403137207031,3.769969306095165,6.19258223179203,14.212668568899659,302181.0,11173.853879371076,327.3758192627822,5.868838526513641
Berea Sinter Gray,93,0.1767366898148148,1.5229325,124.55402374267578,3.769969306095165,6.192582231792031,14.212668568899659,302181.0,11173.853879371076,327.3758192627822,5.868838526513641
Berea Sinter Gray,94,0.1767366898148148,1.5229322,124.55403137207031,3.769969306095165,6.19258223179203,14.212668568899659,302181.0,11173.853879371076,327.3758192627822,5.868838526513641
Berea Sinter Gray,95,0.1767366898148148,1.5229326,124.55403137207031,3.769969306095165,6.192582231792031,14.212668568899659,302181.0,11173.853879371076,327.3758192627822,5.868838526513641
Berea Sinter Gray,96,0.2675017361111111,1.4377611,397.7826232910156,3.9055955033808254,6.197394676030856,12.36931685293693,458794.00000000006,15514.007772559022,276.6678556583937,-7.818486579389359
Berea Sinter Gray,97,0.2675017361111111,1.4377613,397.7826232910156,3.9055955033808254,6.197394676030859,12.36931685293693,458794.00000000006,15514.007772559025,276.6678556583937,-7.818486579389359
Berea Sinter Gray,98,0.2675017361111111,1.4377615,397.7826232910156,3.9055955033808254,6.197394676030858,12.36931685293693,458794.00000000006,15514.007772559022,276.6678556583937,-7.818486579389359
Berea Sinter Gray,99,0.2675017361111111,1.4377621,397.7826232910156,3.9055955033808254,6.197394676030856,12.36931685293693,458794.00000000006,15514.007772559025,276.6678556583937,-7.818486579389359
Berea Sinter Gray,100,0.18594560185185185,1.4883784,138.08351135253906,3.705529871352086,5.403126378468579,11.224970376747754,318138.0,12296.119170957047,277.5462160533471,-2.5265847215838386
Berea Sinter Gray,101,0.18594560185185185,1.4883786,138.08351135253906,3.705529871352086,5.403126378468577,11.224970376747754,318138.0,12296.11917095705,277.5462160533471,-2.5265847215838386
Berea Sinter Gray,102,0.18594560185185185,1.4883786,138.08351135253906,3.705529871352086,5.403126378468578,11.224970376747754,318138.0,12296.119170957047,277.5462160533471,-2.5265847215838386
Berea Sinter Gray,103,0.18594560185185185,1.4883783,138.08351135253906,3.705529871352086,5.403126378468577,11.224970376747754,318138.0,12296.119170957047,277.5462160533471,-2.5265847215838386
Berea Sinter Gray,104,0.22881365740740742,1.236552,365.7833557128906,3.966526299523548,5.726259677767596,11.447904106768473,392787.0,14584.27870118715,369.2094606292927,2.854841791710873
Berea Sinter Gray,105,0.22881365740740742,1.2365521,365.7832946777344,3.966526299523548,5.726259677767593,11.447904106768473,392787.0,14584.27870118715,369.2094606292926,2.854841791710873
Berea Sinter Gray,106,0.22881365740740742,1.236552,365.7833557128906,3.966526299523548,5.726259677767592,11.447904106768473,392787.0,14584.27870118715,369.2094606292926,2.854841791710873
Berea Sinter Gray,107,0.22881365740740742,1.2365521,365.7832946777344,3.966526299523548,5.726259677767592,11.447904106768473,392787.0,14584.278701187151,369.2094606292926,2.854841791710873
Berea Sinter Gray,108,0.2098246527777778,1.3918447,215.13494873046875,3.9882293887762557,6.210565348262949,15.905973657498626,360908.0,13380.365512265966,352.0043055289806,1.949648052875718
Berea Sinter Gray,109,0.2098246527777778,1.3918449,215.13497924804688,3.9882293887762557,6.210565348262946,15.905973657498626,360908.0,13380.365512265967,352.0043055289806,1.949648052875718
Berea Sinter Gray,110,0.2098246527777778,1.3918449,215.13497924804688,3.9882293887762557,6.210565348262948,15.905973657498626,360908.0,13380.365512265966,352.0043055289806,1.949648052875718
Berea Sinter Gray,111,0.2098246527777778,1.3918444,215.13497924804688,3.9882293887762557,6.210565348262949,15.905973657498626,360908.0,13380.365512265966,352.0043055289806,1.949648052875718
Berea Sinter Gray,112,0.2650931712962963,1.3682008,217.66033935546875,4.385816378669763,8.714794108005885,17.005785090340932,455662.0,13562.19299552562,318.5172213737976,0.5272007489919033
Berea Sinter Gray,113,0.2650931712962963,1.368201,217.6603240966797,4.385816378669763,8.714794108005883,17.005785090340932,455662.0,13562.192995525622,318.5172213737976,0.5272007489919033
Berea Sinter Gray,114,0.2650931712962963,1.3682009,217.6603240966797,4.385816378669763,8.714794108005881,17.005785090340932,455662.0,13562.192995525622,318.5172213737976,0.5272007489919033
Berea Sinter Gray,115,0.2650931712962963,1.3682011,217.6603240966797,4.385816378669763,8.714794108005883,17.005785090340932,455662.0,13562.192995525622,318.5172213737976,0.5272007489919033
Berea Sinter Gray,116,0.17250405092592594,1.2642831,141.30848693847656,3.6526244626836464,5.8806646727469545,11.97640006157977,295775.0,11404.117907583533,319.98739557488517,3.580986219567645
Berea Sinter Gray,117,0.17250405092592594,1.2642833,141.30848693847656,3.6526244626836464,5.880664672746954,11.97640006157977,295775.0,11404.117907583535,319.9873955748851,3.580986219567645
Berea Sinter Gray,118,0.17250405092592594,1.2642828,141.30848693847656,3.6526244626836464,5.880664672746957,11.97640006157977,295775.0,11404.117907583533,319.98739557488517,3.580986219567645
Berea Sinter Gray,119,0.17250405092592594,1.2642828,141.30848693847656,3.6526244626836464,5.880664672746955,11.97640006157977,295775.0,11404.117907583535,319.9873955748851,3.580986219567645
Berea Sinter Gray,120,0.29118344907407406,1.5765123,154.7405242919922,4.117747778099377,6.655953827352582,13.638180873463709,500382.0,16170.146920022351,260.373350424566,-10.951849521511049
Berea Sinter Gray,121,0.29118344907407406,1.5765126,154.7405242919922,4.117747778099377,6.655953827352582,13.638180873463709,500382.0,16170.146920022353,260.373350424566,-10.951849521511049
Berea Sinter Gray,122,0.29118344907407406,1.5765121,154.7405242919922,4.117747778099377,6.655953827352583,13.638180873463709,500382.0,16170.146920022351,260.373350424566,-10.951849521511049
Berea Sinter Gray,123,0.29118344907407406,1.5765127,154.7405242919922,4.117747778099377,6.655953827352585,13.638180873463709,500382.0,16170.146920022353,260.373350424566,-10.951849521511049
Berea Sinter Gray,124,0.21984837962962964,1.653024,197.47084045410156,4.0502242132687,5.8941405953261325,10.999999970229567,377720.0,13300.470715738138,286.30583530353186,-0.32825707012703415
Berea Sinter Gray,125,0.21984837962962964,1.6530237,197.47084045410156,4.0502242132687,5.89414059532613,10.999999970229567,377720.0,13300.470715738138,286.30583530353186,-0.32825707012703415
Berea Sinter Gray,126,0.21984837962962964,1.653024,197.47084045410156,4.0502242132687,5.89414059532613,10.999999970229567,377720.0,13300.470715738136,286.30583530353186,-0.32825707012703415
Berea Sinter Gray,127,0.21984837962962964,1.6530232,197.47088623046875,4.0502242132687,5.894140595326131,10.999999970229567,377720.0,13300.470715738138,286.30583530353186,-0.32825707012703415
Berea Sinter Gray,128,0.23837326388888888,1.4559209,456.11285400390625,3.9277535075038963,7.241201211211505,15.427247615709161,408230.0,13127.33927503511,316.12625676296443,0.1193662073189215
Berea Sinter Gray,129,0.23837326388888888,1.4559208,456.1129150390625,3.9277535075038963,7.241201211211505,15.427247615709161,408230.0,13127.339275035109,316.1262567629645,0.1193662073189215
Berea Sinter Gray,130,0.23837326388888888,1.4559214,456.1129150390625,3.9277535075038963,7.241201211211506,15.427247615709161,408230.0,13127.33927503511,316.1262567629645,0.1193662073189215
Berea Sinter Gray,131,0.23837326388888888,1.4559213,456.1129150390625,3.9277535075038963,7.241201211211508,15.427247615709161,408230.0,13127.339275035109,316.1262567629645,0.1193662073189215
Berea Sinter Gray,132,0.23500520833333333,1.1551135,745.21435546875,3.802214209681676,6.5180393658456675,12.934116827943688,403200.0,13458.01282785788,277.9191820661256,-1.1936620731892151
Berea Sinter Gray,133,0.23500520833333333,1.1551132,745.21435546875,3.802214209681676,6.5180393658456675,12.934116827943688,403200.0,13458.012827857878,277.9191820661256,-1.1936620731892151
Berea Sinter Gray,134,0.23500520833333333,1.1551136,745.21435546875,3.802214209681676,6.518039365845667,12.934116827943688,403200.0,13458.01282785788,277.9191820661256,-1.1936620731892151
Berea Sinter Gray,135,0.23500520833333333,1.1551136,745.21435546875,3.802214209681676,6.518039365845667,12.934116827943688,403200.0,13458.01282785788,277.91918206612553,-1.1936620731892151
Berea Sinter Gray,136,0.15186574074074075,1.4972215,1.3778029680252075,3.401732810058207,6.393193573614128,12.934116827943688,260789.00000000003,10156.343504102306,336.723386658198,6.883451288724474
Berea Sinter Gray,137,0.15186574074074075,1.4972217,1.3778029680252075,3.401732810058207,6.393193573614127,12.934116827943688,260789.00000000003,10156.343504102306,336.723386658198,6.883451288724474
Berea Sinter Gray,138,0.15186574074074075,1.4972217,1.3778029680252075,3.401732810058207,6.393193573614126,12.934116827943688,260789.00000000003,10156.343504102306,336.723386658198,6.883451288724474
Berea Sinter Gray,139,0.15186574074074075,1.4972214,1.3778029680252075,3.401732810058207,6.393193573614125,12.934116827943688,260789.00000000003,10156.343504102306,336.723386658198,6.883451288724474
Berea Buff,0,0.27792534722222223,1.3314633,967.178955078125,4.513431000469776,7.883404628519976,16.155494658690014,477545.0,13576.148555289277,237.81505590642192,-2.4370600660946473
Berea Buff,1,0.27792534722222223,1.3314635,967.1791381835938,4.513431000469776,7.883404628519976,16.155494658690014,477545.0,13576.148555289277,237.81505590642192,-2.4370600660946473
Berea Buff,2,0.27792534722222223,1.3314633,967.178955078125,4.513431000469776,7.88340462851998,16.155494658690014,477545.0,13576.148555289274,237.81505590642197,-2.4370600660946473
Berea Buff,3,0.27792534722222223,1.3314632,967.178955078125,4.513431000469776,7.8834046285199735,16.155494658690014,477545.0,13576.148555289277,237.8150559064219,-2.4370600660946473
Berea Buff,4,0.24949305555555557,1.223104,704.8525390625,4.536686747935366,7.63599218451534,16.30950755823499,426931.00000000006,11958.411415495531,172.26364247492995,-0.9648768424946156
Berea Buff,5,0.24949305555555557,1.2231038,704.8525390625,4.536686747935366,7.63599218451534,16.30950755823499,426931.00000000006,11958.411415495531,172.26364247492995,-0.9648768424946156
Berea Buff,6,0.24949305555555557,1.2231038,704.8525390625,4.536686747935366,7.635992184515339,16.30950755823499,426931.00000000006,11958.411415495531,172.26364247492995,-0.9648768424946156
Berea Buff,7,0.24949305555555557,1.2231038,704.8524780273438,4.536686747935366,7.635992184515336,16.30950755823499,426931.00000000006,11958.411415495531,172.26364247492995,-0.9648768424946156
Berea Buff,8,0.24438715277777778,1.5153455,642.3521118164062,5.045417989065044,8.66187952087634,16.031218930573424,420035.0,11315.486253768582,188.49118200953745,-0.7659331636297464
Berea Buff,9,0.24438715277777778,1.5153456,642.3521118164062,5.045417989065044,8.66187952087634,16.031218930573424,420035.0,11315.486253768582,188.4911820095375,-0.7659331636297464
Berea Buff,10,0.24438715277777778,1.5153456,642.3521118164062,5.045417989065044,8.661879520876338,16.031218930573424,420035.0,11315.486253768582,188.49118200953745,-0.7659331636297464
Berea Buff,11,0.24438715277777778,1.5153455,642.3521118164062,5.045417989065044,8.661879520876338,16.031218930573424,420035.0,11315.486253768582,188.49118200953745,-0.7659331636297464
Berea Buff,12,0.2058449074074074,1.2408851,431.9381408691406,4.776510378433368,6.911934042100632,14.594519983140017,354517.0,10540.084663679985,178.83475025272327,0.8753521870054244
Berea Buff,13,0.2058449074074074,1.240885,431.9382019042969,4.776510378433368,6.911934042100629,14.594519983140017,354517.0,10540.084663679985,178.83475025272327,0.8753521870054244
Berea Buff,14,0.2058449074074074,1.2408849,431.9381408691406,4.776510378433368,6.911934042100632,14.594519983140017,354517.0,10540.084663679985,178.83475025272327,0.8753521870054244
Berea Buff,15,0.2058449074074074,1.240885,431.9381408691406,4.776510378433368,6.911934042100629,14.594519983140017,354517.0,10540.084663679985,178.8347502527232,0.8753521870054244
Berea Buff,16,0.3277633101851852,1.3247861,1102.4337158203125,4.963657813068918,8.005095989719203,15.588457542915263,562862.0,14723.958011227383,160.3032740953853,-0.7659331636297464
Berea Buff,17,0.3277633101851852,1.3247861,1102.4337158203125,4.963657813068918,8.0050959897192,15.588457542915263,562862.0,14723.958011227383,160.3032740953853,-0.7659331636297464
Berea Buff,18,0.3277633101851852,1.3247862,1102.4337158203125,4.963657813068918,8.005095989719198,15.588457542915263,562862.0,14723.958011227383,160.30327409538532,-0.7659331636297464
Berea Buff,19,0.3277633101851852,1.3247861,1102.433837890625,4.963657813068918,8.005095989719202,15.588457542915263,562862.0,14723.958011227383,160.3032740953853,-0.7659331636297464
Berea Buff,20,0.20005497685185186,1.2431899,440.71942138671875,4.6090259891082725,7.687547792735749,14.93061645778251,339150.0,10619.09004330296,248.26360504840272,-0.36804580590000796
Berea Buff,21,0.20005497685185186,1.2431898,440.7193603515625,4.6090259891082725,7.687547792735747,14.93061645778251,339150.0,10619.090043302958,248.26360504840275,-0.36804580590000796
Berea Buff,22,0.20005497685185186,1.2431899,440.71942138671875,4.6090259891082725,7.687547792735749,14.93061645778251,339150.0,10619.09004330296,248.26360504840275,-0.36804580590000796
Berea Buff,23,0.20005497685185186,1.2431898,440.7193603515625,4.6090259891082725,7.687547792735749,14.93061645778251,339150.0,10619.090043302958,248.26360504840272,-0.36804580590000796
Berea Buff,24,0.2063778935185185,1.375697,258.84515380859375,4.508740680408535,7.357005480581473,16.124513844423173,354327.0,10820.949703541964,220.22653039478834,1.7009684542946315
Berea Buff,25,0.2063778935185185,1.3756969,258.8451843261719,4.508740680408535,7.357005480581479,16.124513844423173,354327.0,10820.949703541964,220.2265303947883,1.7009684542946315
Berea Buff,26,0.2063778935185185,1.3756969,258.8451843261719,4.508740680408535,7.357005480581478,16.124513844423173,354327.0,10820.949703541964,220.2265303947883,1.7009684542946315
Berea Buff,27,0.2063778935185185,1.3756965,258.8451843261719,4.508740680408535,7.357005480581479,16.124513844423173,354327.0,10820.949703541964,220.22653039478826,1.7009684542946315
Berea Buff,28,0.19424710648148147,1.2536329,397.3907165527344,4.662026102112253,6.629083997071664,12.542171144784101,332079.0,10777.100630895799,232.19888724117035,-0.06963028760270422
Berea Buff,29,0.19424710648148147,1.2536329,397.3907165527344,4.662026102112253,6.629083997071662,12.542171144784101,332079.0,10777.100630895799,232.19888724117035,-0.06963028760270422
Berea Buff,30,0.19424710648148147,1.2536327,397.390625,4.662026102112253,6.629083997071661,12.542171144784101,332079.0,10777.100630895799,232.1988872411703,-0.06963028760270422
Berea Buff,31,0.19424710648148147,1.2536327,397.3907165527344,4.662026102112253,6.6290839970716595,12.542171144784101,332079.0,10777.100630895799,232.19888724117027,-0.06963028760270422
Berea Buff,32,0.2240329861111111,1.432322,421.86370849609375,5.135082875932522,8.36930908972057,14.700359827307134,384838.0,10565.120398884745,218.13938144461872,1.3727113841675973
Berea Buff,33,0.2240329861111111,1.432322,421.8636779785156,5.135082875932522,8.369309089720572,14.700359827307134,384838.0,10565.120398884745,218.13938144461866,1.3727113841675973
Berea Buff,34,0.2240329861111111,1.432322,421.86370849609375,5.135082875932522,8.369309089720572,14.700359827307134,384838.0,10565.120398884746,218.13938144461866,1.3727113841675973
Berea Buff,35,0.2240329861111111,1.4323219,421.8636779785156,5.135082875932522,8.369309089720568,14.700359827307134,384838.0,10565.120398884745,218.13938144461866,1.3727113841675973
Berea Buff,36,0.30327314814814815,1.2469817,344.8044128417969,5.118559795641152,8.923410618837227,16.43167780101552,516290.0,12389.204221451811,131.63566456448712,-3.988820761240627
Berea Buff,37,0.30327314814814815,1.246982,344.8044128417969,5.118559795641152,8.923410618837229,16.43167780101552,516290.0,12389.204221451813,131.63566456448712,-3.988820761240627
Berea Buff,38,0.30327314814814815,1.2469823,344.8044128417969,5.118559795641152,8.92341061883723,16.43167780101552,516290.0,12389.204221451811,131.63566456448717,-3.988820761240627
Berea Buff,39,0.30327314814814815,1.246982,344.8044128417969,5.118559795641152,8.92341061883723,16.43167780101552,516290.0,12389.204221451811,131.63566456448712,-3.988820761240627
Berea Buff,40,0.25885011574074074,1.3703635,406.5024719238281,6.254313151093455,9.503235569508634,16.62680312316026,443944.0,10834.437733668748,164.6474592960719,-0.009947183943243459
Berea Buff,41,0.25885011574074074,1.3703635,406.5024719238281,6.254313151093455,9.503235569508636,16.62680312316026,443944.0,10834.437733668748,164.64745929607184,-0.009947183943243459
Berea Buff,42,0.25885011574074074,1.3703636,406.50244140625,6.254313151093455,9.50323556950864,16.62680312316026,443944.0,10834.43773366875,164.64745929607184,-0.009947183943243459
Berea Buff,43,0.25885011574074074,1.3703634,406.5024719238281,6.254313151093455,9.503235569508632,16.62680312316026,443944.0,10834.43773366875,164.6474592960719,-0.009947183943243459
Berea Buff,44,0.23178356481481482,1.3171011,388.3316345214844,4.613446783133468,7.2733935287105815,14.955962696443185,397425.0,12111.165306099634,248.48962057574445,2.7354755843919514
Berea Buff,45,0.23178356481481482,1.3171008,388.3316345214844,4.613446783133468,7.273393528710578,14.955962696443185,397425.0,12111.165306099634,248.48962057574445,2.7354755843919514
Berea Buff,46,0.23178356481481482,1.3171008,388.33160400390625,4.613446783133468,7.273393528710577,14.955962696443185,397425.0,12111.165306099634,248.48962057574445,2.7354755843919514
Berea Buff,47,0.23178356481481482,1.3171009,388.33160400390625,4.613446783133468,7.273393528710577,14.955962696443185,397425.0,12111.165306099634,248.48962057574454,2.7354755843919514
Berea Buff,48,0.171375,2.0613456,107.75762176513672,4.093574534188822,6.716897069194642,12.104613716851995,295049.0,9758.202627239896,236.1089934619902,5.043222259224434
Berea Buff,49,0.171375,2.0613453,107.75762176513672,4.093574534188822,6.7168970691946415,12.104613716851995,295049.0,9758.202627239894,236.10899346199017,5.043222259224434
Berea Buff,50,0.171375,2.0613456,107.75762176513672,4.093574534188822,6.716897069194642,12.104613716851995,295049.0,9758.202627239896,236.10899346199017,5.043222259224434
Berea Buff,51,0.171375,2.0613456,107.75762176513672,4.093574534188822,6.716897069194642,12.104613716851995,295049.0,9758.202627239894,236.1089934619902,5.043222259224434
Berea Buff,52,0.22907118055555556,1.2995564,135.44815063476562,4.123105814922457,8.162677185523561,15.107070451545495,392523.0,11718.882078748464,276.66326368733866,3.4317784604189936
Berea Buff,53,0.22907118055555556,1.2995564,135.44815063476562,4.123105814922457,8.162677185523561,15.107070451545495,392523.0,11718.882078748466,276.66326368733866,3.4317784604189936
Berea Buff,54,0.22907118055555556,1.2995564,135.44815063476562,4.123105814922457,8.162677185523561,15.107070451545495,392523.0,11718.882078748466,276.66326368733866,3.4317784604189936
Berea Buff,55,0.22907118055555556,1.2995564,135.44815063476562,4.123105814922457,8.162677185523561,15.107070451545495,392523.0,11718.882078748467,276.66326368733866,3.4317784604189936
Berea Buff,56,0.29201331018518517,1.2260648,1168.2108154296875,5.318966765253162,8.77028478460076,17.54992769368888,497392.0,12987.501166351924,201.36613561244218,0.6366197723675814
Berea Buff,57,0.29201331018518517,1.2260653,1168.2108154296875,5.318966765253162,8.770284784600753,17.54992769368888,497392.0,12987.501166351922,201.36613561244212,0.6366197723675814
Berea Buff,58,0.29201331018518517,1.2260646,1168.2108154296875,5.318966765253162,8.770284784600756,17.54992769368888,497392.0,12987.501166351922,201.36613561244218,0.6366197723675814
Berea Buff,59,0.29201331018518517,1.2260648,1168.2108154296875,5.318966765253162,8.770284784600754,17.54992769368888,497392.0,12987.501166351918,201.36613561244218,0.6366197723675814
Berea Buff,60,0.2433929398148148,1.2783487,426.24005126953125,4.927858407571451,8.415641226844754,16.806304838990258,416521.0,11748.237885414796,216.37465449554531,-0.17904931097838225
Berea Buff,61,0.2433929398148148,1.2783486,426.24005126953125,4.927858407571451,8.415641226844757,16.806304838990258,416521.0,11748.237885414794,216.37465449554531,-0.17904931097838225
Berea Buff,62,0.2433929398148148,1.278349,426.24005126953125,4.927858407571451,8.415641226844759,16.806304838990258,416521.0,11748.237885414796,216.37465449554531,-0.17904931097838225
Berea Buff,63,0.2433929398148148,1.2783488,426.24005126953125,4.927858407571451,8.415641226844755,16.806304838990258,416521.0,11748.237885414794,216.37465449554531,-0.17904931097838225
Berea Buff,64,0.2637615740740741,1.197272,769.8516845703125,5.090729911370142,7.9791210804310735,14.492344984386053,451588.0,12091.912572583871,186.99932663766845,-1.601496614862197
Berea Buff,65,0.2637615740740741,1.1972718,769.8516845703125,5.090729911370142,7.979121080431073,14.492344984386053,451588.0,12091.912572583871,186.99932663766847,-1.601496614862197
Berea Buff,66,0.2637615740740741,1.1972716,769.8516845703125,5.090729911370142,7.979121080431074,14.492344984386053,451588.0,12091.912572583871,186.99932663766847,-1.601496614862197
Berea Buff,67,0.2637615740740741,1.1972717,769.8516845703125,5.090729911370142,7.979121080431073,14.492344984386053,451588.0,12091.912572583871,186.99932663766847,-1.601496614862197
Berea Buff,68,0.4189085648148148,1.2844014,1403.8760986328125,7.288397010367518,12.17655466064907,23.99999957896438,718141.0,12587.180174334171,82.9987929897033,2.884683343540603
Berea Buff,69,0.4189085648148148,1.2844015,1403.8760986328125,7.288397010367518,12.176554660649069,23.99999957896438,718141.0,12587.180174334168,82.99879298970333,2.884683343540603
Berea Buff,70,0.4189085648148148,1.2844017,1403.8760986328125,7.288397010367518,12.176554660649067,23.99999957896438,718141.0,12587.180174334171,82.9987929897033,2.884683343540603
Berea Buff,71,0.4189085648148148,1.2844023,1403.8760986328125,7.288397010367518,12.176554660649069,23.99999957896438,718141.0,12587.180174334171,82.99879298970333,2.884683343540603
Berea Buff,72,0.22952546296296297,1.222939,925.1964111328125,4.508740680408535,7.6646088190570785,16.124513844423173,392014.0,12402.380174562353,380.5211040304867,8.216373937119098
Berea Buff,73,0.22952546296296297,1.222939,925.1964721679688,4.508740680408535,7.664608819057081,16.124513844423173,392014.0,12402.380174562351,380.52110403048664,8.216373937119098
Berea Buff,74,0.22952546296296297,1.222939,925.1964721679688,4.508740680408535,7.6646088190570785,16.124513844423173,392014.0,12402.380174562351,380.5211040304867,8.216373937119098
Berea Buff,75,0.22952546296296297,1.2229387,925.1964721679688,4.508740680408535,7.664608819057078,16.124513844423173,392014.0,12402.380174562353,380.52110403048664,8.216373937119098
Berea Buff,76,0.24648726851851852,1.4565301,423.1203918457031,4.921520664254383,7.794972823831655,15.362290206641793,422110.0,11607.293084892926,159.75628937292112,0.3978873577297384
Berea Buff,77,0.24648726851851852,1.4565308,423.12042236328125,4.921520664254383,7.794972823831655,15.362290206641793,422110.0,11607.293084892926,159.7562893729211,0.3978873577297384
Berea Buff,78,0.24648726851851852,1.4565302,423.1204528808594,4.921520664254383,7.794972823831654,15.362290206641793,422110.0,11607.293084892926,159.75628937292112,0.3978873577297384
Berea Buff,79,0.24648726851851852,1.4565307,423.12042236328125,4.921520664254383,7.7949728238316505,15.362290206641793,422110.0,11607.293084892926,159.75628937292106,0.3978873577297384
Berea Buff,80,0.23176909722222222,1.2407361,1081.80810546875,4.639735117067294,8.161598083509155,15.107070451545495,395858.0,11322.384610902758,216.02074446145966,2.8051058719946553
Berea Buff,81,0.23176909722222222,1.240736,1081.8082275390625,4.639735117067294,8.161598083509155,15.107070451545495,395858.0,11322.384610902758,216.02074446145966,2.8051058719946553
Berea Buff,82,0.23176909722222222,1.2407362,1081.80810546875,4.639735117067294,8.161598083509155,15.107070451545495,395858.0,11322.384610902758,216.02074446145969,2.8051058719946553
Berea Buff,83,0.23176909722222222,1.240736,1081.80810546875,4.639735117067294,8.161598083509157,15.107070451545495,395858.0,11322.384610902758,216.02074446145966,2.8051058719946553
Berea Buff,84,0.2373443287037037,1.244068,912.3418579101562,4.9031906689644105,8.030361300768856,15.26433580887513,405636.0,11209.473152630853,195.67364817152873,0.5073063811054164
Berea Buff,85,0.2373443287037037,1.244068,912.3418579101562,4.9031906689644105,8.030361300768858,15.26433580887513,405636.0,11209.473152630851,195.67364817152873,0.5073063811054164
Berea Buff,86,0.2373443287037037,1.2440683,912.3419189453125,4.9031906689644105,8.030361300768854,15.26433580887513,405636.0,11209.473152630853,195.67364817152873,0.5073063811054164
Berea Buff,87,0.2373443287037037,1.2440683,912.3418579101562,4.9031906689644105,8.030361300768856,15.26433580887513,405636.0,11209.473152630851,195.67364817152867,0.5073063811054164
Berea Buff,88,0.20995023148148148,1.3896064,622.4410400390625,5.378594126297042,9.09177487953429,15.862966723845464,361651.0,9135.229296985837,183.13445153401148,5.132746914713625
Berea Buff,89,0.20995023148148148,1.3896061,622.4409790039062,5.378594126297042,9.091774879534292,15.862966723845464,361651.0,9135.229296985835,183.13445153401142,5.132746914713625
Berea Buff,90,0.20995023148148148,1.3896065,622.4409790039062,5.378594126297042,9.091774879534292,15.862966723845464,361651.0,9135.229296985837,183.13445153401148,5.132746914713625
Berea Buff,91,0.20995023148148148,1.3896061,622.4410400390625,5.378594126297042,9.09177487953429,15.862966723845464,361651.0,9135.229296985839,183.13445153401142,5.132746914713625
Berea Buff,92,0.27822395833333335,1.3016392,992.2999877929688,5.455752651865246,8.350616952494017,13.484778931738408,477492.0,11969.893036354908,148.25111718211286,0.9051937388351547
Berea Buff,93,0.27822395833333335,1.3016397,992.2998657226562,5.455752651865246,8.350616952494017,13.484778931738408,477492.0,11969.893036354908,148.25111718211286,0.9051937388351547
Berea Buff,94,0.27822395833333335,1.3016394,992.2999877929688,5.455752651865246,8.350616952494017,13.484778931738408,477492.0,11969.893036354908,148.25111718211286,0.9051937388351547
Berea Buff,95,0.27822395833333335,1.3016393,992.2998657226562,5.455752651865246,8.350616952494013,13.484778931738408,477492.0,11969.893036354912,148.2511171821128,0.9051937388351547
Berea Buff,96,0.3208888888888889,1.4177673,1028.100341796875,6.472805475175705,9.964875854688888,19.8494322322901,547074.0,11733.123072992777,130.89698089234525,1.601496614862197
Berea Buff,97,0.3208888888888889,1.4177673,1028.100341796875,6.472805475175705,9.964875854688888,19.8494322322901,547074.0,11733.123072992777,130.89698089234525,1.601496614862197
Berea Buff,98,0.3208888888888889,1.4177673,1028.100341796875,6.472805475175705,9.964875854688882,19.8494322322901,547074.0,11733.123072992777,130.89698089234523,1.601496614862197
Berea Buff,99,0.3208888888888889,1.4177674,1028.100341796875,6.472805475175705,9.964875854688884,19.8494322322901,547074.0,11733.123072992777,130.89698089234525,1.601496614862197
Berea Buff,100,0.22596875,1.6072037,334.57275390625,5.102177178148011,7.080204527345502,13.564658274654297,386831.0,11411.384091441356,219.3775921411094,3.620774955340619
Berea Buff,101,0.22596875,1.6072036,334.5727844238281,5.102177178148011,7.080204527345506,13.564658274654297,386831.0,11411.384091441356,219.37759214110937,3.620774955340619
Berea Buff,102,0.22596875,1.6072037,334.5727844238281,5.102177178148011,7.0802045273455025,13.564658274654297,386831.0,11411.384091441356,219.3775921411094,3.620774955340619
Berea Buff,103,0.22596875,1.6072036,334.5727844238281,5.102177178148011,7.0802045273455025,13.564658274654297,386831.0,11411.384091441356,219.3775921411094,3.620774955340619
Berea Buff,104,0.22983738425925926,1.3137097,330.426513671875,4.921520664254383,7.836409298163206,15.362290206641793,393628.0,10579.150912513483,143.39577848882868,0.28846833435406033
Berea Buff,105,0.22983738425925926,1.3137095,330.426513671875,4.921520664254383,7.836409298163206,15.362290206641793,393628.0,10579.150912513483,143.3957784888287,0.28846833435406033
Berea Buff,106,0.22983738425925926,1.3137097,330.426513671875,4.921520664254383,7.836409298163206,15.362290206641793,393628.0,10579.150912513483,143.39577848882868,0.28846833435406033
Berea Buff,107,0.22983738425925926,1.3137094,330.426513671875,4.921520664254383,7.836409298163207,15.362290206641793,393628.0,10579.150912513483,143.39577848882868,0.28846833435406033
Berea Buff,108,0.21528472222222222,1.2961881,424.60833740234375,4.564176237123291,8.333244066841688,16.492422083876153,368804.0,10855.868741267264,238.65923956092485,-0.497359197162173
Berea Buff,109,0.21528472222222222,1.2961878,424.6084289550781,4.564176237123291,8.33324406684168,16.492422083876153,368804.0,10855.868741267263,238.6592395609249,-0.497359197162173
Berea Buff,110,0.21528472222222222,1.2961881,424.60833740234375,4.564176237123291,8.333244066841683,16.492422083876153,368804.0,10855.868741267264,238.65923956092485,-0.497359197162173
Berea Buff,111,0.21528472222222222,1.2961879,424.6084289550781,4.564176237123291,8.333244066841687,16.492422083876153,368804.0,10855.868741267263,238.65923956092496,-0.497359197162173
Berea Buff,112,0.254140625,1.2649951,134.64697265625,4.707943285116611,8.101856625970129,15.502213050223787,435696.0,12114.085812400892,153.82193739387333,-4.923856051905513
Berea Buff,113,0.254140625,1.2649949,134.64695739746094,4.707943285116611,8.101856625970129,15.502213050223787,435696.0,12114.085812400892,153.82193739387327,-4.923856051905513
Berea Buff,114,0.254140625,1.2649946,134.64695739746094,4.707943285116611,8.10185662597013,15.502213050223787,435696.0,12114.085812400888,153.82193739387327,-4.923856051905513
Berea Buff,115,0.254140625,1.2649945,134.64694213867188,4.707943285116611,8.101856625970125,15.502213050223787,435696.0,12114.085812400892,153.82193739387333,-4.923856051905513
Berea Buff,116,0.24351909722222223,1.3980676,533.5540771484375,5.325228558751268,7.58229464459958,14.525838251348203,419131.0,11843.576815546978,187.89737407634343,-3.3919897246460198
Berea Buff,117,0.24351909722222223,1.3980676,533.5540771484375,5.325228558751268,7.582294644599581,14.525838251348203,419131.0,11843.576815546978,187.89737407634343,-3.3919897246460198
Berea Buff,118,0.24351909722222223,1.3980676,533.5540771484375,5.325228558751268,7.582294644599581,14.525838251348203,419131.0,11843.576815546978,187.89737407634343,-3.3919897246460198
Berea Buff,119,0.24351909722222223,1.3980675,533.5540771484375,5.325228558751268,7.582294644599577,14.525838251348203,419131.0,11843.576815546978,187.89737407634343,-3.3919897246460198
Berea Buff,120,0.31475462962962963,1.321287,2031.866943359375,5.64300662983355,8.40641971848619,14.200910580299334,541638.0,13075.941624665586,129.7376532868179,-1.9297536849892312
Berea Buff,121,0.31475462962962963,1.3212864,2031.866943359375,5.64300662983355,8.406419718486191,14.200910580299334,541638.0,13075.941624665587,129.73765328681787,-1.9297536849892312
Berea Buff,122,0.31475462962962963,1.3212869,2031.866943359375,5.64300662983355,8.406419718486191,14.200910580299334,541638.0,13075.941624665586,129.73765328681785,-1.9297536849892312
Berea Buff,123,0.31475462962962963,1.3212874,2031.866943359375,5.64300662983355,8.406419718486193,14.200910580299334,541638.0,13075.941624665586,129.73765328681787,-1.9297536849892312
Berea Buff,124,0.23382060185185186,1.2647024,733.8685302734375,4.884692733511588,7.925407229312449,15.16574876705335,401233.0,11479.60352702207,231.342601065918,0.22878523069459955
Berea Buff,125,0.23382060185185186,1.2647022,733.8685302734375,4.884692733511588,7.925407229312448,15.16574876705335,401233.0,11479.60352702207,231.342601065918,0.22878523069459955
Berea Buff,126,0.23382060185185186,1.2647023,733.8685913085938,4.884692733511588,7.92540722931245,15.16574876705335,401233.0,11479.60352702207,231.34260106591796,0.22878523069459955
Berea Buff,127,0.23382060185185186,1.2647023,733.8685302734375,4.884692733511588,7.925407229312446,15.16574876705335,401233.0,11479.60352702207,231.34260106591796,0.22878523069459955
Berea Buff,128,0.2684137731481481,1.3129036,159.5811004638672,4.4945913530167365,7.068615692267451,16.031218930573424,458378.0,13614.959602347646,157.12858522108212,-8.753521870054245
Berea Buff,129,0.2684137731481481,1.3129034,159.5811004638672,4.4945913530167365,7.068615692267451,16.031218930573424,458378.0,13614.959602347644,157.12858522108218,-8.753521870054245
Berea Buff,130,0.2684137731481481,1.3129039,159.5811004638672,4.4945913530167365,7.06861569226745,16.031218930573424,458378.0,13614.959602347644,157.12858522108218,-8.753521870054245
Berea Buff,131,0.2684137731481481,1.3129038,159.5811004638672,4.4945913530167365,7.06861569226745,16.031218930573424,458378.0,13614.959602347644,157.12858522108218,-8.753521870054245
Berea Buff,132,0.32656423611111113,1.2658663,358.8858642578125,5.140698737779395,8.489391453285767,18.111827430553802,562687.0,14544.929566582923,178.03312667174035,-5.669894847648772
Berea Buff,133,0.32656423611111113,1.2658668,358.88580322265625,5.140698737779395,8.489391453285762,18.111827430553802,562687.0,14544.929566582923,178.03312667174032,-5.669894847648772
Berea Buff,134,0.32656423611111113,1.2658669,358.8858642578125,5.140698737779395,8.489391453285764,18.111827430553802,562687.0,14544.929566582921,178.0331266717404,-5.669894847648772
Berea Buff,135,0.32656423611111113,1.265867,358.8858642578125,5.140698737779395,8.489391453285762,18.111827430553802,562687.0,14544.929566582923,178.03312667174032,-5.669894847648772
Berea Buff,136,0.26121354166666666,1.4137203,411.2682800292969,4.622254363086703,8.384345211500095,15.006515897782995,449722.99999999994,12175.176252344532,198.60307861184825,-1.492077591486519
Berea Buff,137,0.26121354166666666,1.41372,411.268310546875,4.622254363086703,8.384345211500095,15.006515897782995,449722.99999999994,12175.176252344532,198.60307861184822,-1.492077591486519
Berea Buff,138,0.26121354166666666,1.4137203,411.268310546875,4.622254363086703,8.384345211500094,15.006515897782995,449722.99999999994,12175.176252344532,198.60307861184828,-1.492077591486519
Berea Buff,139,0.26121354166666666,1.4137204,411.2682800292969,4.622254363086703,8.384345211500094,15.006515897782995,449722.99999999994,12175.17625234453,198.60307861184828,-1.492077591486519
Berea Buff,140,0.28228703703703706,1.1886955,1712.63232421875,5.195600996453064,7.417427953577571,13.964238776657742,482719.0,12062.209358366954,96.44744694512703,0.2685739664675734
Berea Buff,141,0.28228703703703706,1.1886958,1712.632080078125,5.195600996453064,7.417427953577575,13.964238776657742,482719.0,12062.209358366954,96.44744694512703,0.2685739664675734
Berea Buff,142,0.28228703703703706,1.1886954,1712.63232421875,5.195600996453064,7.4174279535775725,13.964238776657742,482719.0,12062.209358366954,96.44744694512703,0.2685739664675734
Berea Buff,143,0.28228703703703706,1.1886953,1712.63232421875,5.195600996453064,7.417427953577574,13.964238776657742,482719.0,12062.209358366954,96.44744694512701,0.2685739664675734
Berea Buff,144,0.31121354166666665,1.2589606,2206.710205078125,5.18389283877461,8.897209892960143,14.93061645778251,535192.0,13278.584085540082,168.0138026577615,-5.510739904556877
Berea Buff,145,0.31121354166666665,1.2589613,2206.7099609375,5.18389283877461,8.897209892960143,14.93061645778251,535192.0,13278.584085540082,168.01380265776143,-5.510739904556877
Berea Buff,146,0.31121354166666665,1.2589613,2206.710205078125,5.18389283877461,8.897209892960145,14.93061645778251,535192.0,13278.584085540082,168.0138026577615,-5.510739904556877
Berea Buff,147,0.31121354166666665,1.2589613,2206.710205078125,5.18389283877461,8.897209892960145,14.93061645778251,535192.0,13278.584085540078,168.0138026577614,-5.510739904556877
Berea Buff,148,0.3127991898148148,1.2331849,1729.2354736328125,5.608054922500381,8.74203172580804,15.779731644995012,538436.0,13681.170763391518,198.4375269029266,-4.4762327744595565
Berea Buff,149,0.3127991898148148,1.2331853,1729.23583984375,5.608054922500381,8.742031725808038,15.779731644995012,538436.0,13681.17076339152,198.43752690292663,-4.4762327744595565
Berea Buff,150,0.3127991898148148,1.2331856,1729.23583984375,5.608054922500381,8.742031725808044,15.779731644995012,538436.0,13681.170763391518,198.4375269029266,-4.4762327744595565
Berea Buff,151,0.3127991898148148,1.2331853,1729.2354736328125,5.608054922500381,8.742031725808038,15.779731644995012,538436.0,13681.17076339152,198.4375269029266,-4.4762327744595565
Berea,0,0.2531857638888889,1.2701344,393.33758544921875,3.805396118579672,6.001449447229373,10.638032431802573,432918.00000000006,15481.055501673158,354.40489739964346,0.4078345416729819
Berea,1,0.2531857638888889,1.2701344,393.33758544921875,3.805396118579672,6.001449447229369,10.638032431802573,432918.00000000006,15481.055501673161,354.40489739964346,0.4078345416729819
Berea,2,0.2531857638888889,1.2701344,393.3376770019531,3.805396118579672,6.001449447229374,10.638032431802573,432918.00000000006,15481.055501673163,354.40489739964346,0.4078345416729819
Berea,3,0.2531857638888889,1.2701344,393.33758544921875,3.805396118579672,6.001449447229373,10.638032431802573,432918.00000000006,15481.055501673161,354.4048973996435,0.4078345416729819
Berea,4,0.2290428240740741,1.1995428,646.3008422851562,3.84199221261014,6.043106448666551,11.99999857031013,392950.0,14358.610633110753,376.9330452653042,1.104137417700024
Berea,5,0.2290428240740741,1.1995424,646.3008422851562,3.84199221261014,6.043106448666549,11.99999857031013,392950.0,14358.610633110753,376.9330452653041,1.104137417700024
Berea,6,0.2290428240740741,1.199543,646.3009033203125,3.84199221261014,6.043106448666551,11.99999857031013,392950.0,14358.610633110751,376.9330452653042,1.104137417700024
Berea,7,0.2290428240740741,1.1995428,646.3008422851562,3.84199221261014,6.043106448666551,11.99999857031013,392950.0,14358.610633110751,376.9330452653041,1.104137417700024
Berea,8,0.26210648148148147,1.3576654,311.3831787109375,4.863899176229306,8.323639536934325,18.54723586123482,448769.00000000006,12882.302356376062,253.05466633010653,0.7062500599702856
Berea,9,0.26210648148148147,1.3576651,311.3831787109375,4.863899176229306,8.323639536934326,18.54723586123482,448769.00000000006,12882.302356376062,253.05466633010656,0.7062500599702856
Berea,10,0.26210648148148147,1.3576652,311.3832092285156,4.863899176229306,8.323639536934326,18.54723586123482,448769.00000000006,12882.302356376062,253.05466633010656,0.7062500599702856
Berea,11,0.26210648148148147,1.3576652,311.3831787109375,4.863899176229306,8.323639536934323,18.54723586123482,448769.00000000006,12882.302356376062,253.05466633010653,0.7062500599702856
Berea,12,0.2925775462962963,1.3928442,469.0740966796875,4.25534144454775,6.8635746542724005,12.963734131138082,503360.0,16112.712011143603,292.74851181068146,-6.06778220537851
Berea,13,0.2925775462962963,1.3928441,469.0740966796875,4.25534144454775,6.863574654272398,12.963734131138082,503360.0,16112.712011143602,292.74851181068146,-6.06778220537851
Berea,14,0.2925775462962963,1.3928441,469.07403564453125,4.25534144454775,6.863574654272398,12.963734131138082,503360.0,16112.712011143607,292.74851181068146,-6.06778220537851
Berea,15,0.2925775462962963,1.392844,469.07403564453125,4.25534144454775,6.863574654272399,12.963734131138082,503360.0,16112.712011143603,292.74851181068146,-6.06778220537851
Berea,16,0.2859542824074074,1.4337384,279.4525451660156,3.884704885333662,5.698497410255293,12.247447798760023,490367.0,17937.412701158624,374.1976628444797,-5.2123243862595725
Berea,17,0.2859542824074074,1.4337382,279.4525451660156,3.884704885333662,5.698497410255292,12.247447798760023,490367.0,17937.41270115862,374.1976628444796,-5.2123243862595725
Berea,18,0.2859542824074074,1.4337386,279.4525451660156,3.884704885333662,5.6984974102552926,12.247447798760023,490367.0,17937.41270115862,374.19766284447974,-5.2123243862595725
Berea,19,0.2859542824074074,1.433738,279.4525451660156,3.884704885333662,5.6984974102552926,12.247447798760023,490367.0,17937.41270115862,374.1976628444796,-5.2123243862595725
Berea,20,0.30643344907407405,1.4211289,297.8877258300781,4.083299232769823,7.2120398898663405,16.673332624338627,526314.0,17379.10508600615,335.4440090464141,-12.13556441075702
Berea,21,0.30643344907407405,1.4211296,297.8877258300781,4.083299232769823,7.2120398898663405,16.673332624338627,526314.0,17379.105086006155,335.44400904641407,-12.13556441075702
Berea,22,0.30643344907407405,1.4211287,297.8877258300781,4.083299232769823,7.212039889866342,16.673332624338627,526314.0,17379.105086006155,335.4440090464141,-12.13556441075702
Berea,23,0.30643344907407405,1.4211292,297.8877258300781,4.083299232769823,7.212039889866341,16.673332624338627,526314.0,17379.10508600615,335.44400904641407,-12.13556441075702
Berea,24,0.23768113425925927,1.2703677,368.2476806640625,3.7320756261911283,5.877530394186441,13.928388479609902,406813.0,15611.17307602067,423.1763487085503,2.059067076251396
Berea,25,0.23768113425925927,1.2703676,368.2476806640625,3.7320756261911283,5.87753039418644,13.928388479609902,406813.0,15611.173076020665,423.1763487085503,2.059067076251396
Berea,26,0.23768113425925927,1.2703677,368.24761962890625,3.7320756261911283,5.877530394186444,13.928388479609902,406813.0,15611.173076020665,423.1763487085503,2.059067076251396
Berea,27,0.23768113425925927,1.2703675,368.24761962890625,3.7320756261911283,5.8775303941864445,13.928388479609902,406813.0,15611.173076020666,423.1763487085503,2.059067076251396
Berea,28,0.23012731481481483,1.4110664,241.7447509765625,3.8986653041851924,5.780979533258304,12.32882703032217,393968.0,14755.908675878856,412.78981779221544,5.5007927206136324
Berea,29,0.23012731481481483,1.4110667,241.7447509765625,3.8986653041851924,5.780979533258304,12.32882703032217,393968.0,14755.908675878856,412.78981779221544,5.5007927206136324
Berea,30,0.23012731481481483,1.4110671,241.74478149414062,3.8986653041851924,5.780979533258302,12.32882703032217,393968.0,14755.908675878856,412.78981779221544,5.5007927206136324
Berea,31,0.23012731481481483,1.4110669,241.74478149414062,3.8986653041851924,5.780979533258302,12.32882703032217,393968.0,14755.908675878856,412.78981779221544,5.5007927206136324
Berea,32,0.293916087962963,1.2682432,680.37744140625,3.8425024906671115,6.150999013838132,13.19807125918239,505174.99999999994,18025.026539097835,395.85762152454674,-8.763469053997488
Berea,33,0.293916087962963,1.2682434,680.37744140625,3.8425024906671115,6.15099901383813,13.19807125918239,505174.99999999994,18025.026539097835,395.85762152454674,-8.763469053997488
Berea,34,0.293916087962963,1.2682431,680.37744140625,3.8425024906671115,6.150999013838132,13.19807125918239,505174.99999999994,18025.02653909784,395.85762152454674,-8.763469053997488
Berea,35,0.293916087962963,1.268243,680.37744140625,3.8425024906671115,6.150999013838132,13.19807125918239,505174.99999999994,18025.026539097835,395.85762152454674,-8.763469053997488
Berea,36,0.23983391203703705,1.279304,36.9117317199707,3.445534228863297,6.330586724580376,14.866069191748569,409681.0,15530.225339006933,483.3177386182063,1.3030810965648931
Berea,37,0.23983391203703705,1.279304,36.91172790527344,3.445534228863297,6.330586724580376,14.866069191748569,409681.0,15530.225339006929,483.3177386182063,1.3030810965648931
Berea,38,0.23983391203703705,1.2793043,36.91172790527344,3.445534228863297,6.330586724580376,14.866069191748569,409681.0,15530.225339006929,483.3177386182063,1.3030810965648931
Berea,39,0.23983391203703705,1.2793044,36.9117317199707,3.445534228863297,6.330586724580376,14.866069191748569,409681.0,15530.225339006929,483.3177386182063,1.3030810965648931
Berea,40,0.24240104166666668,1.4666364,283.94140625,3.9797291453889385,5.881390102452645,12.806247029276168,416735.0,16004.679340190543,434.7840832601404,-2.228169203286535
Berea,41,0.24240104166666668,1.466637,283.94146728515625,3.9797291453889385,5.881390102452647,12.806247029276168,416735.0,16004.679340190542,434.7840832601404,-2.228169203286535
Berea,42,0.24240104166666668,1.4666371,283.94146728515625,3.9797291453889385,5.881390102452646,12.806247029276168,416735.0,16004.679340190543,434.7840832601404,-2.228169203286535
Berea,43,0.24240104166666668,1.4666362,283.94146728515625,3.9797291453889385,5.881390102452646,12.806247029276168,416735.0,16004.679340190543,434.7840832601403,-2.228169203286535
Berea,44,0.24626851851851853,1.4257392,213.0214385986328,3.6526244626836464,5.855901462420954,11.97640006157977,422845.0,15602.917762047882,342.7339298426836,-5.411268065124442
Berea,45,0.24626851851851853,1.4257392,213.02145385742188,3.6526244626836464,5.855901462420957,11.97640006157977,422845.0,15602.917762047884,342.7339298426836,-5.411268065124442
Berea,46,0.24626851851851853,1.425739,213.02145385742188,3.6526244626836464,5.855901462420958,11.97640006157977,422845.0,15602.917762047884,342.7339298426836,-5.411268065124442
Berea,47,0.24626851851851853,1.425739,213.0214385986328,3.6526244626836464,5.855901462420954,11.97640006157977,422845.0,15602.917762047884,342.7339298426836,-5.411268065124442
Berea,48,0.271890625,1.3610159,209.95550537109375,4.0796217885605905,6.6540895395722455,16.643313937698313,464283.0,15963.247564726384,337.85177418783206,-4.277289095594687
Berea,49,0.271890625,1.3610156,209.95550537109375,4.0796217885605905,6.65408953957225,16.643313937698313,464283.0,15963.247564726385,337.851774187832,-4.277289095594687
Berea,50,0.271890625,1.3610157,209.95550537109375,4.0796217885605905,6.654089539572246,16.643313937698313,464283.0,15963.247564726384,337.851774187832,-4.277289095594687
Berea,51,0.271890625,1.361016,209.95553588867188,4.0796217885605905,6.654089539572247,16.643313937698313,464283.0,15963.247564726384,337.851774187832,-4.277289095594687
Berea,52,0.25897569444444446,1.2984087,326.1200256347656,3.9194757566085023,6.543679045960552,15.362290206641793,443771.0,15884.537290281018,423.1891607051344,0.15915494309189535
Berea,53,0.25897569444444446,1.2984087,326.1200256347656,3.9194757566085023,6.54367904596055,15.362290206641793,443771.0,15884.537290281014,423.1891607051343,0.15915494309189535
Berea,54,0.25897569444444446,1.2984086,326.1200256347656,3.9194757566085023,6.543679045960551,15.362290206641793,443771.0,15884.537290281018,423.1891607051343,0.15915494309189535
Berea,55,0.25897569444444446,1.2984087,326.1200256347656,3.9194757566085023,6.543679045960552,15.362290206641793,443771.0,15884.537290281018,423.1891607051344,0.15915494309189535
Berea,56,0.24114814814814814,1.3578844,250.5349884033203,3.741657484797887,5.714685576521357,12.542171144784101,414183.0,15686.25422893024,365.0129617685294,-2.2878523069459957
Berea,57,0.24114814814814814,1.3578844,250.5349884033203,3.741657484797887,5.714685576521357,12.542171144784101,414183.0,15686.25422893024,365.0129617685296,-2.2878523069459957
Berea,58,0.24114814814814814,1.3578838,250.5349578857422,3.741657484797887,5.71468557652136,12.542171144784101,414183.0,15686.25422893024,365.0129617685295,-2.2878523069459957
Berea,59,0.24114814814814814,1.3578844,250.5349884033203,3.741657484797887,5.71468557652136,12.542171144784101,414183.0,15686.25422893024,365.0129617685296,-2.2878523069459957
Berea,60,0.2275925925925926,1.5912119,107.4371337890625,3.973142323168907,5.730539705549928,12.76714422073302,388932.0,14434.522414495712,384.6438855574688,6.117518125094727
Berea,61,0.2275925925925926,1.5912113,107.4371337890625,3.973142323168907,5.730539705549928,12.76714422073302,388932.0,14434.522414495716,384.64388555746876,6.117518125094727
Berea,62,0.2275925925925926,1.5912116,107.4371337890625,3.973142323168907,5.730539705549928,12.76714422073302,388932.0,14434.522414495716,384.6438855574688,6.117518125094727
Berea,63,0.2275925925925926,1.5912114,107.4371337890625,3.973142323168907,5.730539705549927,12.76714422073302,388932.0,14434.522414495716,384.64388555746893,6.117518125094727
Berea,64,0.22047627314814816,1.6257608,105.49063110351562,3.9598800792228324,5.8564084609245,11.413988870062543,376506.0,13762.350967749066,323.68444032092515,-0.13926057520540844
Berea,65,0.22047627314814816,1.6257612,105.4906234741211,3.9598800792228324,5.8564084609245,11.413988870062543,376506.0,13762.350967749066,323.68444032092515,-0.13926057520540844
Berea,66,0.22047627314814816,1.6257608,105.49063110351562,3.9598800792228324,5.856408460924501,11.413988870062543,376506.0,13762.350967749066,323.68444032092515,-0.13926057520540844
Berea,67,0.22047627314814816,1.6257609,105.49063110351562,3.9598800792228324,5.856408460924501,11.413988870062543,376506.0,13762.350967749066,323.68444032092515,-0.13926057520540844
Berea,68,0.2883246527777778,1.4907987,286.435546875,4.0628059143023645,6.292277135694215,13.304133735235164,494779.0,17051.611742473175,322.1826690099437,-4.68512363726767
Berea,69,0.2883246527777778,1.4907987,286.435546875,4.0628059143023645,6.292277135694214,13.304133735235164,494779.0,17051.611742473175,322.1826690099437,-4.68512363726767
Berea,70,0.2883246527777778,1.4907984,286.435546875,4.0628059143023645,6.2922771356942135,13.304133735235164,494779.0,17051.61174247318,322.1826690099437,-4.68512363726767
Berea,71,0.2883246527777778,1.4907982,286.435546875,4.0628059143023645,6.292277135694218,13.304133735235164,494779.0,17051.61174247318,322.1826690099437,-4.68512363726767
Berea,72,0.2985185185185185,1.3614563,470.54498291015625,3.9598800792228324,6.1428112415645195,11.413988870062543,512669.00000000006,18104.823008829106,376.9829712040967,-8.097007729800175
Berea,73,0.2985185185185185,1.3614562,470.54498291015625,3.9598800792228324,6.142811241564523,11.413988870062543,512669.00000000006,18104.823008829102,376.9829712040967,-8.097007729800175
Berea,74,0.2985185185185185,1.3614562,470.54498291015625,3.9598800792228324,6.14281124156452,11.413988870062543,512669.00000000006,18104.823008829102,376.98297120409666,-8.097007729800175
Berea,75,0.2985185185185185,1.3614564,470.544921875,3.9598800792228324,6.14281124156452,11.413988870062543,512669.00000000006,18104.823008829102,376.9829712040967,-8.097007729800175
Berea,76,0.23480150462962962,1.316418,372.0330810546875,3.8776739596144374,5.885698268499248,10.998119557438786,402699.0,14914.454607413645,373.7458604116521,0.1989436788648692
Berea,77,0.23480150462962962,1.3164182,372.0330810546875,3.8776739596144374,5.885698268499251,10.998119557438786,402699.0,14914.454607413645,373.74586041165196,0.1989436788648692
Berea,78,0.23480150462962962,1.3164184,372.0330810546875,3.8776739596144374,5.885698268499249,10.998119557438786,402699.0,14914.454607413645,373.74586041165196,0.1989436788648692
Berea,79,0.23480150462962962,1.316418,372.0331726074219,3.8776739596144374,5.885698268499248,10.998119557438786,402699.0,14914.454607413645,373.7458604116521,0.1989436788648692
Berea,80,0.22217129629629628,1.4698657,138.9291229248047,3.872983588356413,6.5556484734317895,13.399466542339818,380130.0,13510.074120448644,314.85249109881875,-2.9742079990297943
Berea,81,0.22217129629629628,1.4698652,138.9291229248047,3.872983588356413,6.5556484734317895,13.399466542339818,380130.0,13510.074120448644,314.8524910988188,-2.9742079990297943
Berea,82,0.22217129629629628,1.4698654,138.92910766601562,3.872983588356413,6.555648473431789,13.399466542339818,380130.0,13510.074120448648,314.85249109881875,-2.9742079990297943
Berea,83,0.22217129629629628,1.4698652,138.9291229248047,3.872983588356413,6.555648473431787,13.399466542339818,380130.0,13510.07412044864,314.85249109881875,-2.9742079990297943
Berea,84,0.2239988425925926,1.3052723,221.20111083984375,3.788495996443967,5.89488257012894,12.844822164981183,383587.0,14554.101647506366,401.10897695949154,1.9198065010459875
Berea,85,0.2239988425925926,1.3052723,221.20108032226562,3.788495996443967,5.894882570128941,12.844822164981183,383587.0,14554.101647506364,401.1089769594916,1.9198065010459875
Berea,86,0.2239988425925926,1.3052726,221.20111083984375,3.788495996443967,5.8948825701289405,12.844822164981183,383587.0,14554.101647506366,401.10897695949154,1.9198065010459875
Berea,87,0.2239988425925926,1.3052722,221.20108032226562,3.788495996443967,5.894882570128941,12.844822164981183,383587.0,14554.101647506364,401.10897695949154,1.9198065010459875
Berea,88,0.2037042824074074,1.3116022,247.93565368652344,4.018647627265682,6.4699210113695464,11.715391167962487,350357.0,12165.258792394847,320.9598549277422,5.341637777521737
Berea,89,0.2037042824074074,1.3116024,247.9356689453125,4.018647627265682,6.4699210113695464,11.715391167962487,350357.0,12165.258792394847,320.9598549277422,5.341637777521737
Berea,90,0.2037042824074074,1.3116019,247.93565368652344,4.018647627265682,6.4699210113695464,11.715391167962487,350357.0,12165.258792394847,320.9598549277421,5.341637777521737
Berea,91,0.2037042824074074,1.311602,247.93565368652344,4.018647627265682,6.469921011369547,11.715391167962487,350357.0,12165.258792394847,320.9598549277422,5.341637777521737
Berea,92,0.26613136574074076,1.4356713,368.1444396972656,3.944153622669803,6.8737126207135875,15.556347799219328,457330.0,15628.324029639718,403.1649640922141,6.575088586483927
Berea,93,0.26613136574074076,1.4356717,368.1444396972656,3.944153622669803,6.873712620713589,15.556347799219328,457330.0,15628.324029639714,403.1649640922141,6.575088586483927
Berea,94,0.26613136574074076,1.4356712,368.1444396972656,3.944153622669803,6.87371262071359,15.556347799219328,457330.0,15628.324029639718,403.1649640922141,6.575088586483927
Berea,95,0.26613136574074076,1.4356713,368.1444396972656,3.944153622669803,6.8737126207135875,15.556347799219328,457330.0,15628.324029639714,403.1649640922141,6.575088586483927
Berea,96,0.2667361111111111,1.34248,380.0370178222656,3.912492647421798,5.7361493797539636,12.409673954306715,458751.0,16483.802613282838,364.22724282837925,-1.2632923607919193
Berea,97,0.2667361111111111,1.3424802,380.0369873046875,3.912492647421798,5.7361493797539636,12.409673954306715,458751.0,16483.802613282838,364.22724282837925,-1.2632923607919193
Berea,98,0.2667361111111111,1.3424798,380.0370178222656,3.912492647421798,5.736149379753963,12.409673954306715,458751.0,16483.802613282834,364.2272428283793,-1.2632923607919193
Berea,99,0.2667361111111111,1.34248,380.0369873046875,3.912492647421798,5.7361493797539636,12.409673954306715,458751.0,16483.802613282834,364.22724282837925,-1.2632923607919193
Berea,100,0.27324131944444446,1.2443163,862.4127197265625,3.9763539875748455,6.80273043537989,14.093309607176273,469409.0,15782.897072530895,335.53970286626924,-2.3077466748324826
Berea,101,0.27324131944444446,1.2443165,862.4127197265625,3.9763539875748455,6.802730435379888,14.093309607176273,469409.0,15782.897072530894,335.5397028662693,-2.3077466748324826
Berea,102,0.27324131944444446,1.2443166,862.4125366210938,3.9763539875748455,6.802730435379887,14.093309607176273,469409.0,15782.897072530895,335.53970286626924,-2.3077466748324826
Berea,103,0.27324131944444446,1.2443166,862.4125366210938,3.9763539875748455,6.802730435379889,14.093309607176273,469409.0,15782.897072530895,335.53970286626924,-2.3077466748324826
Berea,104,0.24457002314814816,1.2494742,400.4549865722656,3.944153622669803,6.790259763526333,15.556347799219328,420093.0,14796.385966437796,396.5168432382387,-1.6810740864081446
Berea,105,0.24457002314814816,1.2494736,400.4549865722656,3.944153622669803,6.790259763526333,15.556347799219328,420093.0,14796.3859664378,396.51684323823866,-1.6810740864081446
Berea,106,0.24457002314814816,1.2494738,400.4549865722656,3.944153622669803,6.79025976352633,15.556347799219328,420093.0,14796.385966437796,396.5168432382388,-1.6810740864081446
Berea,107,0.24457002314814816,1.2494739,400.4549865722656,3.944153622669803,6.7902597635263335,15.556347799219328,420093.0,14796.3859664378,396.5168432382387,-1.6810740864081446
Berea,108,0.18639409722222222,1.4117343,165.66552734375,3.855654184668092,6.269904616483996,14.866069191748569,319095.0,12114.75818446431,344.64718557456797,-0.12931339126216496
Berea,109,0.18639409722222222,1.4117341,165.66552734375,3.855654184668092,6.269904616483994,14.866069191748569,319095.0,12114.758184464308,344.64718557456797,-0.12931339126216496
Berea,110,0.18639409722222222,1.4117339,165.66552734375,3.855654184668092,6.269904616483995,14.866069191748569,319095.0,12114.758184464308,344.64718557456797,-0.12931339126216496
Berea,111,0.18639409722222222,1.411734,165.66552734375,3.855654184668092,6.269904616483995,14.866069191748569,319095.0,12114.758184464308,344.64718557456797,-0.12931339126216496
Berea,112,0.3064016203703704,1.1941584,1418.412353515625,4.3198694154518105,7.164955342693227,13.313559138003084,525018.0,16075.070797946059,328.9485609415995,6.624824506200144
Berea,113,0.3064016203703704,1.1941587,1418.41259765625,4.3198694154518105,7.164955342693226,13.313559138003084,525018.0,16075.070797946059,328.94856094159945,6.624824506200144
Berea,114,0.3064016203703704,1.1941584,1418.412353515625,4.3198694154518105,7.164955342693227,13.313559138003084,525018.0,16075.070797946059,328.9485609415995,6.624824506200144
Berea,115,0.3064016203703704,1.1941583,1418.41259765625,4.3198694154518105,7.164955342693228,13.313559138003084,525018.0,16075.070797946059,328.94856094159945,6.624824506200144
Berea,116,0.23871469907407408,1.3983694,163.62965393066406,3.7126878721545418,6.0454248805988415,12.356709652850487,409966.0,15059.228986467248,375.8462609382992,1.8700705813297702
Berea,117,0.23871469907407408,1.3983693,163.62966918945312,3.7126878721545418,6.045424880598842,12.356709652850487,409966.0,15059.228986467246,375.8462609382992,1.8700705813297702
Berea,118,0.23871469907407408,1.3983691,163.62966918945312,3.7126878721545418,6.045424880598838,12.356709652850487,409966.0,15059.228986467248,375.8462609382992,1.8700705813297702
Berea,119,0.23871469907407408,1.3983693,163.62965393066406,3.7126878721545418,6.045424880598839,12.356709652850487,409966.0,15059.228986467246,375.8462609382993,1.8700705813297702
Berea,120,0.24291608796296296,1.3773575,313.0243835449219,4.182445951656451,8.11976377443664,17.492854138527438,416695.0,12743.85101459186,333.2374356385298,10.136180438165084
Berea,121,0.24291608796296296,1.3773575,313.0244140625,4.182445951656451,8.119763774436638,17.492854138527438,416695.0,12743.85101459186,333.23743563852986,10.136180438165084
Berea,122,0.24291608796296296,1.3773572,313.0244140625,4.182445951656451,8.119763774436638,17.492854138527438,416695.0,12743.85101459186,333.23743563852986,10.136180438165084
Berea,123,0.24291608796296296,1.3773575,313.0243835449219,4.182445951656451,8.119763774436642,17.492854138527438,416695.0,12743.85101459186,333.2374356385298,10.136180438165084
Berea,124,0.2018888888888889,1.3554484,138.8817596435547,3.705529871352086,5.351917077770264,11.224970376747754,346141.0,13721.74771840027,381.7501895828308,5.2620603059757896
Berea,125,0.2018888888888889,1.3554482,138.8817596435547,3.705529871352086,5.351917077770264,11.224970376747754,346141.0,13721.747718400267,381.7501895828307,5.2620603059757896
Berea,126,0.2018888888888889,1.3554485,138.8817596435547,3.705529871352086,5.351917077770264,11.224970376747754,346141.0,13721.747718400267,381.7501895828308,5.2620603059757896
Berea,127,0.2018888888888889,1.3554486,138.8817596435547,3.705529871352086,5.351917077770264,11.224970376747754,346141.0,13721.747718400267,381.7501895828307,5.2620603059757896
Berea,128,0.24624131944444444,1.3795089,168.27078247070312,4.018647627265682,5.9442085614501226,11.715391167962487,421567.0,15621.300518315878,393.7992843525652,-0.9449824746081286
Berea,129,0.24624131944444444,1.3795085,168.27081298828125,4.018647627265682,5.944208561450122,11.715391167962487,421567.0,15621.300518315878,393.7992843525652,-0.9449824746081286
Berea,130,0.24624131944444444,1.3795084,168.27078247070312,4.018647627265682,5.9442085614501226,11.715391167962487,421567.0,15621.300518315878,393.7992843525652,-0.9449824746081286
Berea,131,0.24624131944444444,1.3795084,168.27078247070312,4.018647627265682,5.9442085614501226,11.715391167962487,421567.0,15621.300518315882,393.7992843525653,-0.9449824746081286
Berea,132,0.24566550925925926,1.3979229,204.16192626953125,3.705529871352086,5.452899456726894,11.224970376747754,419820.0,16483.327935377743,386.55276912096866,-8.862940893429922
Berea,133,0.24566550925925926,1.3979234,204.16192626953125,3.705529871352086,5.452899456726891,11.224970376747754,419820.0,16483.327935377743,386.55276912096866,-8.862940893429922
Berea,134,0.24566550925925926,1.3979231,204.16192626953125,3.705529871352086,5.452899456726894,11.224970376747754,419820.0,16483.327935377743,386.55276912096866,-8.862940893429922
Berea,135,0.24566550925925926,1.397923,204.16192626953125,3.705529871352086,5.452899456726894,11.224970376747754,419820.0,16483.32793537774,386.5527691209688,-8.862940893429922
Berea,136,0.2545821759259259,1.4313756,205.8088836669922,3.797962076487187,6.051919404311885,10.60129198338392,435006.0,14928.073492981277,286.67389705570514,-0.13926057520540844
Berea,137,0.2545821759259259,1.4313759,205.8089141845703,3.797962076487187,6.05191940431189,10.60129198338392,435006.0,14928.073492981279,286.67389705570514,-0.13926057520540844
Berea,138,0.2545821759259259,1.4313756,205.8088836669922,3.797962076487187,6.051919404311886,10.60129198338392,435006.0,14928.073492981277,286.6738970557051,-0.13926057520540844
Berea,139,0.2545821759259259,1.431376,205.8089141845703,3.797962076487187,6.051919404311885,10.60129198338392,435006.0,14928.073492981279,286.6738970557052,-0.13926057520540844
Berea,140,0.24103472222222222,1.3298279,390.412841796875,3.9397586150918844,6.167126242936198,12.569804350094103,413655.0,14832.71538348762,392.6863505761813,1.1339789695297544
Berea,141,0.24103472222222222,1.329828,390.412841796875,3.9397586150918844,6.167126242936195,12.569804350094103,413655.0,14832.71538348762,392.68635057618144,1.1339789695297544
Berea,142,0.24103472222222222,1.329828,390.412841796875,3.9397586150918844,6.167126242936194,12.569804350094103,413655.0,14832.71538348762,392.68635057618144,1.1339789695297544
Berea,143,0.24103472222222222,1.329828,390.4128112792969,3.9397586150918844,6.167126242936196,12.569804350094103,413655.0,14832.71538348762,392.6863505761813,1.1339789695297544
Berea,144,0.3016585648148148,1.2298987,457.8320617675781,4.555062792545578,8.11286393082427,16.43167780101552,517497.99999999994,14123.18694249766,276.56793394489574,3.949032025467653
Berea,145,0.3016585648148148,1.2298983,457.8320617675781,4.555062792545578,8.112863930824274,16.43167780101552,517497.99999999994,14123.186942497658,276.5679339448958,3.949032025467653
Berea,146,0.3016585648148148,1.2298982,457.8320007324219,4.555062792545578,8.112863930824274,16.43167780101552,517497.99999999994,14123.186942497658,276.5679339448958,3.949032025467653
Berea,147,0.3016585648148148,1.2298986,457.8320617675781,4.555062792545578,8.112863930824274,16.43167780101552,517497.99999999994,14123.186942497658,276.56793394489574,3.949032025467653
Berea,148,0.2647922453703704,1.2912581,245.82510375976562,3.591924396518812,6.337786034176462,14.492344984386053,452438.0,16117.693603374504,332.10108460293645,-3.4616200122487237
Berea,149,0.2647922453703704,1.2912585,245.82510375976562,3.591924396518812,6.337786034176461,14.492344984386053,452438.0,16117.6936033745,332.10108460293657,-3.4616200122487237
Berea,150,0.2647922453703704,1.2912582,245.82508850097656,3.591924396518812,6.337786034176462,14.492344984386053,452438.0,16117.693603374504,332.10108460293645,-3.4616200122487237
Berea,151,0.2647922453703704,1.2912586,245.82510375976562,3.591924396518812,6.337786034176463,14.492344984386053,452438.0,16117.693603374504,332.1010846029365,-3.4616200122487237
Berea,152,0.29395196759259257,1.2585442,1026.4755859375,4.573241278872433,7.305400463479554,16.552945645130883,502714.00000000006,14946.123774643866,270.62798603316656,1.0842430498135371
Berea,153,0.29395196759259257,1.2585436,1026.4755859375,4.573241278872433,7.305400463479557,16.552945645130883,502714.00000000006,14946.123774643867,270.62798603316656,1.0842430498135371
Berea,154,0.29395196759259257,1.2585446,1026.4755859375,4.573241278872433,7.305400463479555,16.552945645130883,502714.00000000006,14946.123774643866,270.62798603316656,1.0842430498135371
Berea,155,0.29395196759259257,1.2585443,1026.4754638671875,4.573241278872433,7.305400463479552,16.552945645130883,502714.00000000006,14946.123774643867,270.62798603316656,1.0842430498135371
Berea,156,0.3086579861111111,1.2576394,951.7091674804688,4.038503133369465,6.635923970009471,16.30950755823499,530085.0,16756.86738731492,291.66562391503004,1.9198065010459875
Berea,157,0.3086579861111111,1.2576387,951.708984375,4.038503133369465,6.635923970009472,16.30950755823499,530085.0,16756.86738731492,291.66562391503,1.9198065010459875
Berea,158,0.3086579861111111,1.2576393,951.7091674804688,4.038503133369465,6.63592397000947,16.30950755823499,530085.0,16756.86738731492,291.66562391503004,1.9198065010459875
Berea,159,0.3086579861111111,1.2576392,951.7091064453125,4.038503133369465,6.635923970009472,16.30950755823499,530085.0,16756.86738731492,291.66562391503,1.9198065010459875
Bentheimer,0,0.3032806712962963,1.181612,2661.626953125,6.1700191389159205,9.612229457035278,16.284433330382548,519827.00000000006,11845.08981496403,225.4811147488982,8.39542324809748
Bentheimer,1,0.3032806712962963,1.1816119,2661.626953125,6.1700191389159205,9.612229457035278,16.284433330382548,519827.00000000006,11845.08981496403,225.48111474889816,8.39542324809748
Bentheimer,2,0.3032806712962963,1.1816119,2661.627197265625,6.1700191389159205,9.612229457035278,16.284433330382548,519827.00000000006,11845.08981496403,225.4811147488982,8.39542324809748
Bentheimer,3,0.3032806712962963,1.1816119,2661.627197265625,6.1700191389159205,9.612229457035273,16.284433330382548,519827.00000000006,11845.08981496403,225.48111474889816,8.39542324809748
Bentheimer,4,0.2585983796296296,1.356556,342.14886474609375,4.668951095599189,6.885270371911418,12.572792503698604,441984.99999999994,13528.054421485329,303.130370826093,12.344455273565133
Bentheimer,5,0.2585983796296296,1.3565553,342.14886474609375,4.668951095599189,6.885270371911418,12.572792503698604,441984.99999999994,13528.054421485329,303.13037082609287,12.344455273565133
Bentheimer,6,0.2585983796296296,1.3565556,342.14886474609375,4.668951095599189,6.885270371911419,12.572792503698604,441984.99999999994,13528.05442148533,303.130370826093,12.344455273565133
Bentheimer,7,0.2585983796296296,1.3565559,342.14886474609375,4.668951095599189,6.8852703719114166,12.572792503698604,441984.99999999994,13528.054421485329,303.130370826093,12.344455273565133
Bentheimer,8,0.27459780092592595,1.3396043,350.03338623046875,4.508740680408535,6.962721381601819,16.124513844423173,469278.99999999994,15042.000052991258,351.9096199581985,7.61954290052449
Bentheimer,9,0.27459780092592595,1.3396043,350.03338623046875,4.508740680408535,6.962721381601819,16.124513844423173,469278.99999999994,15042.000052991258,351.90961995819845,7.61954290052449
Bentheimer,10,0.27459780092592595,1.339604,350.03338623046875,4.508740680408535,6.962721381601819,16.124513844423173,469278.99999999994,15042.000052991258,351.9096199581985,7.61954290052449
Bentheimer,11,0.27459780092592595,1.339604,350.03338623046875,4.508740680408535,6.962721381601819,16.124513844423173,469278.99999999994,15042.000052991258,351.90961995819845,7.61954290052449
Bentheimer,12,0.22361053240740741,1.2809966,380.6761169433594,4.750172094258424,7.024728330608714,12.934116827943688,383934.0,12274.067380552182,320.7953756626856,12.0161982034381
Bentheimer,13,0.22361053240740741,1.2809967,380.6761169433594,4.750172094258424,7.024728330608718,12.934116827943688,383934.0,12274.067380552182,320.79537566268556,12.0161982034381
Bentheimer,14,0.22361053240740741,1.2809967,380.6761169433594,4.750172094258424,7.024728330608718,12.934116827943688,383934.0,12274.067380552182,320.7953756626856,12.0161982034381
Bentheimer,15,0.22361053240740741,1.2809964,380.6761169433594,4.750172094258424,7.024728330608718,12.934116827943688,383934.0,12274.067380552182,320.7953756626855,12.0161982034381
Bentheimer,16,0.2723564814814815,1.3959512,67.79430389404297,5.113023263506493,7.793645551947725,16.401220785827423,465326.99999999994,13079.002584460608,255.0838424477108,6.4358280112785184
Bentheimer,17,0.2723564814814815,1.395952,67.79431915283203,5.113023263506493,7.793645551947721,16.401220785827423,465326.99999999994,13079.002584460612,255.0838424477108,6.4358280112785184
Bentheimer,18,0.2723564814814815,1.3959515,67.79430389404297,5.113023263506493,7.793645551947722,16.401220785827423,465326.99999999994,13079.002584460608,255.0838424477108,6.4358280112785184
Bentheimer,19,0.2723564814814815,1.3959517,67.79430389404297,5.113023263506493,7.793645551947723,16.401220785827423,465326.99999999994,13079.002584460608,255.08384244771074,6.4358280112785184
Bentheimer,20,0.2613605324074074,1.2664471,509.7901306152344,5.398117035061097,9.2925978509066,18.000000106278666,448613.0,12107.39335319888,291.07018081524035,11.230370671921865
Bentheimer,21,0.2613605324074074,1.2664466,509.7901306152344,5.398117035061097,9.292597850906596,18.000000106278666,448613.0,12107.39335319888,291.07018081524035,11.230370671921865
Bentheimer,22,0.2613605324074074,1.2664472,509.7900695800781,5.398117035061097,9.2925978509066,18.000000106278666,448613.0,12107.39335319888,291.0701808152404,11.230370671921865
Bentheimer,23,0.2613605324074074,1.2664468,509.7900695800781,5.398117035061097,9.292597850906601,18.000000106278666,448613.0,12107.39335319888,291.07018081524035,11.230370671921865
Bentheimer,24,0.2600966435185185,1.5764395,600.7173461914062,4.4945913530167365,7.447847001424557,16.031218930573424,444544.0,13069.27341816841,247.4164601620532,7.967694338538012
Bentheimer,25,0.2600966435185185,1.5764395,600.7173461914062,4.4945913530167365,7.447847001424555,16.031218930573424,444544.0,13069.27341816841,247.4164601620532,7.967694338538012
Bentheimer,26,0.2600966435185185,1.5764393,600.7173461914062,4.4945913530167365,7.447847001424555,16.031218930573424,444544.0,13069.27341816841,247.4164601620532,7.967694338538012
Bentheimer,27,0.2600966435185185,1.5764395,600.7174682617188,4.4945913530167365,7.447847001424554,16.031218930573424,444544.0,13069.27341816841,247.4164601620532,7.967694338538012
Bentheimer,28,0.3260648148148148,1.2686421,1228.503662109375,4.489848514021325,7.219933065899558,14.254381292074651,558697.0,16093.75939389185,197.8898476000614,-4.824384212473078
Bentheimer,29,0.3260648148148148,1.2686418,1228.50390625,4.489848514021325,7.219933065899557,14.254381292074651,558697.0,16093.759393891849,197.8898476000613,-4.824384212473078
Bentheimer,30,0.3260648148148148,1.268642,1228.50390625,4.489848514021325,7.219933065899558,14.254381292074651,558697.0,16093.759393891849,197.8898476000613,-4.824384212473078
Bentheimer,31,0.3260648148148148,1.2686417,1228.503662109375,4.489848514021325,7.219933065899556,14.254381292074651,558697.0,16093.759393891849,197.88984760006127,-4.824384212473078
Bentheimer,32,0.2479074074074074,1.3032055,618.694091796875,5.436657479673492,8.738202201801803,16.14527264330097,425920.0,11137.235133812435,234.0435198760933,8.982307100748844
Bentheimer,33,0.2479074074074074,1.3032055,618.694091796875,5.436657479673492,8.738202201801798,16.14527264330097,425920.0,11137.235133812435,234.0435198760933,8.982307100748844
Bentheimer,34,0.2479074074074074,1.303205,618.6940307617188,5.436657479673492,8.738202201801798,16.14527264330097,425920.0,11137.235133812435,234.04351987609326,8.982307100748844
Bentheimer,35,0.2479074074074074,1.3032056,618.6939697265625,5.436657479673492,8.738202201801798,16.14527264330097,425920.0,11137.235133812435,234.0435198760933,8.982307100748844
Bentheimer,36,0.2635908564814815,1.4079914,507.5218505859375,4.884692733511588,7.734955278897936,15.16574876705335,452376.0,13160.307941467128,292.5887484991593,6.2368843324136485
Bentheimer,37,0.2635908564814815,1.4079912,507.52191162109375,4.884692733511588,7.734955278897939,15.16574876705335,452376.0,13160.30794146713,292.5887484991593,6.2368843324136485
Bentheimer,38,0.2635908564814815,1.4079914,507.5218505859375,4.884692733511588,7.734955278897934,15.16574876705335,452376.0,13160.307941467128,292.5887484991593,6.2368843324136485
Bentheimer,39,0.2635908564814815,1.4079913,507.5218505859375,4.884692733511588,7.734955278897939,15.16574876705335,452376.0,13160.30794146713,292.5887484991593,6.2368843324136485
Bentheimer,40,0.2612667824074074,1.3810014,384.0579833984375,4.562338722217528,6.667321906226104,12.104613716851995,449022.0,14973.653926512203,402.67508932722507,12.414085561167838
Bentheimer,41,0.2612667824074074,1.3810017,384.0579833984375,4.562338722217528,6.667321906226102,12.104613716851995,449022.0,14973.653926512203,402.67508932722507,12.414085561167838
Bentheimer,42,0.2612667824074074,1.3810015,384.0579833984375,4.562338722217528,6.667321906226102,12.104613716851995,449022.0,14973.653926512203,402.67508932722507,12.414085561167838
Bentheimer,43,0.2612667824074074,1.3810015,384.0579833984375,4.562338722217528,6.667321906226103,12.104613716851995,449022.0,14973.653926512203,402.67508932722507,12.414085561167838
Bentheimer,44,0.20423842592592592,1.3775965,244.07667541503906,4.977546207928408,7.218622337352351,11.715391167962487,349502.0,11292.817115082797,359.4391644600472,21.645072260497766
Bentheimer,45,0.20423842592592592,1.3775967,244.07666015625,4.977546207928408,7.218622337352354,11.715391167962487,349502.0,11292.817115082798,359.4391644600472,21.645072260497766
Bentheimer,46,0.20423842592592592,1.3775965,244.07667541503906,4.977546207928408,7.218622337352351,11.715391167962487,349502.0,11292.817115082798,359.4391644600472,21.645072260497766
Bentheimer,47,0.20423842592592592,1.3775967,244.07667541503906,4.977546207928408,7.218622337352351,11.715391167962487,349502.0,11292.817115082797,359.4391644600472,21.645072260497766
Bentheimer,48,0.25550925925925927,1.4098577,832.3246459960938,4.730183310239779,7.305162198084237,12.844822164981183,438977.0,12788.310586287229,237.83319131130193,5.112852546827138
Bentheimer,49,0.25550925925925927,1.4098577,832.3246459960938,4.730183310239779,7.305162198084235,12.844822164981183,438977.0,12788.310586287229,237.83319131130193,5.112852546827138
Bentheimer,50,0.25550925925925927,1.4098577,832.3246459960938,4.730183310239779,7.305162198084236,12.844822164981183,438977.0,12788.310586287229,237.83319131130193,5.112852546827138
Bentheimer,51,0.25550925925925927,1.409858,832.3246459960938,4.730183310239779,7.305162198084236,12.844822164981183,438977.0,12788.310586287229,237.8331913113019,5.112852546827138
Bentheimer,52,0.24580092592592592,1.4134824,136.83013916015625,4.4945913530167365,7.261366660381504,16.031218930573424,420551.0,13331.404442425966,340.26071033624305,11.658099581481334
Bentheimer,53,0.24580092592592592,1.4134829,136.83013916015625,4.4945913530167365,7.261366660381503,16.031218930573424,420551.0,13331.404442425965,340.2607103362431,11.658099581481334
Bentheimer,54,0.24580092592592592,1.4134821,136.83013916015625,4.4945913530167365,7.261366660381503,16.031218930573424,420551.0,13331.404442425966,340.26071033624305,11.658099581481334
Bentheimer,55,0.24580092592592592,1.4134818,136.83013916015625,4.4945913530167365,7.261366660381503,16.031218930573424,420551.0,13331.404442425965,340.2607103362431,11.658099581481334
Bentheimer,56,0.23779976851851853,1.3343997,383.3644104003906,4.730183310239779,7.008876720993508,12.844822164981183,407684.0,12282.45099970219,244.11916430190394,6.00809910171905
Bentheimer,57,0.23779976851851853,1.3343997,383.3644104003906,4.730183310239779,7.008876720993507,12.844822164981183,407684.0,12282.45099970219,244.11916430190394,6.00809910171905
Bentheimer,58,0.23779976851851853,1.3344,383.36444091796875,4.730183310239779,7.008876720993508,12.844822164981183,407684.0,12282.45099970219,244.11916430190394,6.00809910171905
Bentheimer,59,0.23779976851851853,1.3343998,383.36444091796875,4.730183310239779,7.0088767209935074,12.844822164981183,407684.0,12282.45099970219,244.11916430190394,6.00809910171905
Bentheimer,60,0.2561452546296296,1.4169425,553.766357421875,4.769958927971692,7.279939277525973,13.022747561664554,439739.0,12883.674840761207,226.89943833581356,3.2328347815541236
Bentheimer,61,0.2561452546296296,1.416942,553.7664184570312,4.769958927971692,7.279939277525973,13.022747561664554,439739.0,12883.674840761207,226.89943833581356,3.2328347815541236
Bentheimer,62,0.2561452546296296,1.4169418,553.766357421875,4.769958927971692,7.279939277525972,13.022747561664554,439739.0,12883.674840761207,226.8994383358136,3.2328347815541236
Bentheimer,63,0.2561452546296296,1.4169415,553.766357421875,4.769958927971692,7.279939277525973,13.022747561664554,439739.0,12883.674840761207,226.8994383358136,3.2328347815541236
Bentheimer,64,0.24561979166666667,1.4818763,363.11492919921875,5.068196971198405,7.6016276608318885,16.155494658690014,420419.0,12194.523334269967,240.85299710459955,5.888732894400127
Bentheimer,65,0.24561979166666667,1.4818769,363.11492919921875,5.068196971198405,7.601627660831887,16.155494658690014,420419.0,12194.52333426997,240.85299710459955,5.888732894400127
Bentheimer,66,0.24561979166666667,1.481877,363.11492919921875,5.068196971198405,7.60162766083189,16.155494658690014,420419.0,12194.52333426997,240.85299710459955,5.888732894400127
Bentheimer,67,0.24561979166666667,1.481877,363.11492919921875,5.068196971198405,7.601627660831889,16.155494658690014,420419.0,12194.523334269967,240.85299710459955,5.888732894400127
Bentheimer,68,0.28416261574074075,1.2327434,638.7013549804688,4.662026102112253,7.257230320627451,12.542171144784101,487954.0,13988.105469596154,240.20709227155933,13.010916597762444
Bentheimer,69,0.28416261574074075,1.2327433,638.7013549804688,4.662026102112253,7.257230320627447,12.542171144784101,487954.0,13988.105469596156,240.20709227155933,13.010916597762444
Bentheimer,70,0.28416261574074075,1.2327431,638.7013549804688,4.662026102112253,7.257230320627451,12.542171144784101,487954.0,13988.105469596154,240.20709227155928,13.010916597762444
Bentheimer,71,0.28416261574074075,1.2327433,638.7013549804688,4.662026102112253,7.2572303206274515,12.542171144784101,487954.0,13988.105469596156,240.20709227155928,13.010916597762444
Bentheimer,72,0.24177430555555557,1.4545296,346.4795837402344,4.622254363086703,8.006765034930478,15.006515897782995,413555.0,12230.039581372164,298.74621827893355,8.902729629202895
Bentheimer,73,0.24177430555555557,1.4545295,346.4795837402344,4.622254363086703,8.00676503493048,15.006515897782995,413555.0,12230.039581372164,298.7462182789335,8.902729629202895
Bentheimer,74,0.24177430555555557,1.4545301,346.4795837402344,4.622254363086703,8.006765034930481,15.006515897782995,413555.0,12230.039581372164,298.74621827893355,8.902729629202895
Bentheimer,75,0.24177430555555557,1.4545298,346.4796142578125,4.622254363086703,8.006765034930483,15.006515897782995,413555.0,12230.039581372164,298.74621827893355,8.902729629202895
Bentheimer,76,0.26538368055555556,1.4360243,209.04452514648438,4.793614702681562,8.444720200826097,16.004795965291805,455970.0,12481.789189499063,246.75579435722108,6.744190713519065
Bentheimer,77,0.26538368055555556,1.436025,209.04452514648438,4.793614702681562,8.444720200826097,16.004795965291805,455970.0,12481.789189499064,246.75579435722105,6.744190713519065
Bentheimer,78,0.26538368055555556,1.4360247,209.04454040527344,4.793614702681562,8.444720200826099,16.004795965291805,455970.0,12481.789189499064,246.75579435722108,6.744190713519065
Bentheimer,79,0.26538368055555556,1.4360249,209.04452514648438,4.793614702681562,8.444720200826097,16.004795965291805,455970.0,12481.789189499063,246.75579435722105,6.744190713519065
Bentheimer,80,0.3427384259259259,1.1822575,927.1461791992188,5.010774161321268,7.819148966047472,15.842979132010136,586103.0,16507.43401890053,282.66445808282936,0.8554578191189375
Bentheimer,81,0.3427384259259259,1.1822573,927.1461791992188,5.010774161321268,7.819148966047472,15.842979132010136,586103.0,16507.43401890053,282.6644580828293,0.8554578191189375
Bentheimer,82,0.3427384259259259,1.1822575,927.1461791992188,5.010774161321268,7.819148966047472,15.842979132010136,586103.0,16507.43401890053,282.66445808282936,0.8554578191189375
Bentheimer,83,0.3427384259259259,1.1822572,927.1461791992188,5.010774161321268,7.81914896604747,15.842979132010136,586103.0,16507.43401890053,282.6644580828293,0.8554578191189375
Bentheimer,84,0.3019016203703704,1.4504684,1419.322509765625,5.205232125214365,8.74727533055543,16.911535090607945,520033.0,12602.296983644135,158.32255178777902,9.469719113967773
Bentheimer,85,0.3019016203703704,1.4504687,1419.32275390625,5.205232125214365,8.747275330555428,16.911535090607945,520033.0,12602.296983644135,158.32255178777902,9.469719113967773
Bentheimer,86,0.3019016203703704,1.450468,1419.322509765625,5.205232125214365,8.747275330555432,16.911535090607945,520033.0,12602.296983644135,158.32255178777902,9.469719113967773
Bentheimer,87,0.3019016203703704,1.450468,1419.32275390625,5.205232125214365,8.747275330555428,16.911535090607945,520033.0,12602.296983644135,158.32255178777902,9.469719113967773
Bentheimer,88,0.2814855324074074,1.1953335,629.8041381835938,4.769958927971692,7.741319874362732,13.022747561664554,482265.0,13839.54290536796,298.5737328547103,13.448592691265157
Bentheimer,89,0.2814855324074074,1.1953328,629.8040771484375,4.769958927971692,7.741319874362734,13.022747561664554,482265.0,13839.542905367964,298.5737328547103,13.448592691265157
Bentheimer,90,0.2814855324074074,1.1953332,629.8040771484375,4.769958927971692,7.741319874362734,13.022747561664554,482265.0,13839.54290536796,298.5737328547103,13.448592691265157
Bentheimer,91,0.2814855324074074,1.1953337,629.8040771484375,4.769958927971692,7.741319874362735,13.022747561664554,482265.0,13839.542905367964,298.5737328547103,13.448592691265157
Bentheimer,92,0.2336255787037037,1.4442427,403.28021240234375,4.527422878508507,8.094661564865016,16.248076644763767,401922.0,11812.582676020083,309.6362550693424,14.244367406724631
Bentheimer,93,0.2336255787037037,1.4442432,403.2802429199219,4.527422878508507,8.094661564865014,16.248076644763767,401922.0,11812.58267602008,309.6362550693424,14.244367406724631
Bentheimer,94,0.2336255787037037,1.4442428,403.2802429199219,4.527422878508507,8.094661564865014,16.248076644763767,401922.0,11812.582676020083,309.6362550693424,14.244367406724631
Bentheimer,95,0.2336255787037037,1.4442432,403.2802429199219,4.527422878508507,8.094661564865014,16.248076644763767,401922.0,11812.582676020083,309.6362550693423,14.244367406724631
Bentheimer,96,0.24277372685185186,1.2046632,384.4823913574219,4.555012415465985,7.453022965762997,13.453623023082278,414744.0,11984.306360828432,235.16307577793052,8.793310605827218
Bentheimer,97,0.24277372685185186,1.2046629,384.4823913574219,4.555012415465985,7.4530229657629965,13.453623023082278,414744.0,11984.30636082843,235.16307577793052,8.793310605827218
Bentheimer,98,0.24277372685185186,1.2046634,384.48236083984375,4.555012415465985,7.453022965762994,13.453623023082278,414744.0,11984.306360828432,235.16307577793052,8.793310605827218
Bentheimer,99,0.24277372685185186,1.2046629,384.4823913574219,4.555012415465985,7.453022965762994,13.453623023082278,414744.0,11984.30636082843,235.16307577793052,8.793310605827218
Bentheimer,100,0.3530873842592593,1.1197164,2727.52294921875,5.329157769727454,9.537726892092804,21.95449885403958,605645.0,14434.846197623874,215.1211243919788,3.6108277713973758
Bentheimer,101,0.3530873842592593,1.1197165,2727.5234375,5.329157769727454,9.53772689209281,21.95449885403958,605645.0,14434.846197623874,215.1211243919788,3.6108277713973758
Bentheimer,102,0.3530873842592593,1.1197163,2727.52294921875,5.329157769727454,9.537726892092804,21.95449885403958,605645.0,14434.846197623874,215.1211243919788,3.6108277713973758
Bentheimer,103,0.3530873842592593,1.1197164,2727.523193359375,5.329157769727454,9.537726892092804,21.95449885403958,605645.0,14434.84619762387,215.1211243919788,3.6108277713973758
Bentheimer,104,0.2149994212962963,1.2477528,366.1541748046875,4.776510378433368,7.611928124522265,14.594519983140017,369113.0,11012.362052311444,251.3950817921927,12.16540596258675
Bentheimer,105,0.2149994212962963,1.2477523,366.1541748046875,4.776510378433368,7.6119281245222625,14.594519983140017,369113.0,11012.362052311442,251.3950817921927,12.16540596258675
Bentheimer,106,0.2149994212962963,1.2477527,366.1541748046875,4.776510378433368,7.611928124522269,14.594519983140017,369113.0,11012.362052311444,251.3950817921927,12.16540596258675
Bentheimer,107,0.2149994212962963,1.2477527,366.1541748046875,4.776510378433368,7.611928124522265,14.594519983140017,369113.0,11012.362052311442,251.3950817921927,12.16540596258675
Bentheimer,108,0.20944618055555556,1.3294258,405.5532531738281,4.769958927971692,7.277003849578961,13.022747561664554,356841.0,10767.83434927773,215.43647473371334,4.138028520389279
Bentheimer,109,0.20944618055555556,1.3294258,405.5532531738281,4.769958927971692,7.277003849578962,13.022747561664554,356841.0,10767.834349277731,215.43647473371334,4.138028520389279
Bentheimer,110,0.20944618055555556,1.3294258,405.5532531738281,4.769958927971692,7.27700384957896,13.022747561664554,356841.0,10767.83434927773,215.43647473371345,4.138028520389279
Bentheimer,111,0.20944618055555556,1.329426,405.5532531738281,4.769958927971692,7.27700384957896,13.022747561664554,356841.0,10767.834349277731,215.43647473371334,4.138028520389279
Bentheimer,112,0.26553819444444443,1.2771896,567.106201171875,4.834515690686613,7.267799141385858,13.313559138003084,453404.99999999994,13039.618373789206,229.38767229549163,3.93908484152441
Bentheimer,113,0.26553819444444443,1.27719,567.106201171875,4.834515690686613,7.267799141385858,13.313559138003084,453404.99999999994,13039.618373789208,229.38767229549163,3.93908484152441
Bentheimer,114,0.26553819444444443,1.2771897,567.106201171875,4.834515690686613,7.267799141385858,13.313559138003084,453404.99999999994,13039.618373789208,229.38767229549174,3.93908484152441
Bentheimer,115,0.26553819444444443,1.27719,567.106201171875,4.834515690686613,7.267799141385855,13.313559138003084,453404.99999999994,13039.618373789208,229.38767229549174,3.93908484152441
Bentheimer,116,0.25007060185185187,1.3003746,215.3844451904297,4.975538801065342,7.894353205570968,15.652476425463272,426417.0,11787.262401678789,223.44371597732066,9.937236759300216
Bentheimer,117,0.25007060185185187,1.3003743,215.3844451904297,4.975538801065342,7.894353205570968,15.652476425463272,426417.0,11787.26240167879,223.44371597732072,9.937236759300216
Bentheimer,118,0.25007060185185187,1.3003746,215.3844451904297,4.975538801065342,7.894353205570971,15.652476425463272,426417.0,11787.262401678789,223.44371597732066,9.937236759300216
Bentheimer,119,0.25007060185185187,1.3003745,215.3844451904297,4.975538801065342,7.89435320557097,15.652476425463272,426417.0,11787.26240167879,223.44371597732072,9.937236759300216
Bentheimer,120,0.252134837962963,1.3971652,663.3482666015625,4.853480243460016,7.6575487565736164,13.399466542339818,432424.0,12374.030413799319,271.2964119913721,10.444543140405631
Bentheimer,121,0.252134837962963,1.3971654,663.3482666015625,4.853480243460016,7.657548756573614,13.399466542339818,432424.0,12374.030413799319,271.29641199137205,10.444543140405631
Bentheimer,122,0.252134837962963,1.3971655,663.3482666015625,4.853480243460016,7.657548756573615,13.399466542339818,432424.0,12374.030413799319,271.29641199137205,10.444543140405631
Bentheimer,123,0.252134837962963,1.3971657,663.3482666015625,4.853480243460016,7.657548756573615,13.399466542339818,432424.0,12374.030413799319,271.29641199137205,10.444543140405631
Bentheimer,124,0.29269791666666667,1.2717677,802.02734375,5.571082917126028,8.683388243806327,16.806304838990258,503763.00000000006,13371.230356843733,275.74202692174924,8.007483074310985
Bentheimer,125,0.29269791666666667,1.2717679,802.0275268554688,5.571082917126028,8.683388243806327,16.806304838990258,503763.00000000006,13371.230356843733,275.7420269217492,8.007483074310985
Bentheimer,126,0.29269791666666667,1.2717679,802.0275268554688,5.571082917126028,8.683388243806327,16.806304838990258,503763.00000000006,13371.230356843733,275.74202692174924,8.007483074310985
Bentheimer,127,0.29269791666666667,1.2717677,802.0275268554688,5.571082917126028,8.683388243806329,16.806304838990258,503763.00000000006,13371.230356843727,275.7420269217492,8.007483074310985
Bentheimer,128,0.25909953703703703,1.4323343,408.26739501953125,4.4945913530167365,7.254998628808933,16.031218930573424,441768.0,13087.201245229344,266.1632244107122,8.295951408665045
Bentheimer,129,0.25909953703703703,1.432334,408.26739501953125,4.4945913530167365,7.2549986288089325,16.031218930573424,441768.0,13087.20124522934,266.16322441071225,8.295951408665045
Bentheimer,130,0.25909953703703703,1.4323342,408.26739501953125,4.4945913530167365,7.2549986288089325,16.031218930573424,441768.0,13087.201245229344,266.16322441071225,8.295951408665045
Bentheimer,131,0.25909953703703703,1.432334,408.26739501953125,4.4945913530167365,7.254998628808932,16.031218930573424,441768.0,13087.20124522934,266.16322441071225,8.295951408665045
Bentheimer,132,0.2815856481481481,1.4167542,726.6211547851562,4.588252604383186,6.806278567002259,10.340127415403249,481931.0,14537.35915026446,266.7349096543482,9.967078311129946
Bentheimer,133,0.2815856481481481,1.4167546,726.621337890625,4.588252604383186,6.806278567002257,10.340127415403249,481931.0,14537.35915026446,266.7349096543482,9.967078311129946
Bentheimer,134,0.2815856481481481,1.4167544,726.6212158203125,4.588252604383186,6.806278567002256,10.340127415403249,481931.0,14537.35915026446,266.7349096543482,9.967078311129946
Bentheimer,135,0.2815856481481481,1.4167544,726.6212158203125,4.588252604383186,6.806278567002261,10.340127415403249,481931.0,14537.35915026446,266.7349096543482,9.967078311129946
Bentheimer,136,0.25009895833333334,1.5284575,62.64502716064453,4.898040134667603,8.392950394012308,16.62680312316026,427663.0,11715.525474355574,233.20635913121413,6.06778220537851
Bentheimer,137,0.25009895833333334,1.5284574,62.6450309753418,4.898040134667603,8.39295039401231,16.62680312316026,427663.0,11715.525474355576,233.20635913121413,6.06778220537851
Bentheimer,138,0.25009895833333334,1.5284566,62.64502716064453,4.898040134667603,8.392950394012308,16.62680312316026,427663.0,11715.525474355578,233.20635913121413,6.06778220537851
Bentheimer,139,0.25009895833333334,1.5284567,62.64502716064453,4.898040134667603,8.392950394012308,16.62680312316026,427663.0,11715.525474355576,233.2063591312141,6.06778220537851
Bentheimer,140,0.3228298611111111,1.2761686,834.5072631835938,6.17571757632359,9.779916559091276,16.30750002841325,553173.0,12843.804862119867,230.59173854104438,4.6254405336082085
Bentheimer,141,0.3228298611111111,1.2761679,834.5072021484375,6.17571757632359,9.779916559091271,16.30750002841325,553173.0,12843.804862119867,230.59173854104438,4.6254405336082085
Bentheimer,142,0.3228298611111111,1.2761686,834.5072021484375,6.17571757632359,9.779916559091282,16.30750002841325,553173.0,12843.804862119867,230.59173854104438,4.6254405336082085
Bentheimer,143,0.3228298611111111,1.276168,834.5072631835938,6.17571757632359,9.779916559091284,16.30750002841325,553173.0,12843.804862119867,230.59173854104438,4.6254405336082085
Bentheimer,144,0.2815173611111111,1.2590932,572.7256469726562,5.097318377657669,7.749207376232893,17.842298748784298,481133.0,12960.892572916247,203.04674525657856,9.678609976775885
Bentheimer,145,0.2815173611111111,1.2590933,572.7256469726562,5.097318377657669,7.749207376232894,17.842298748784298,481133.0,12960.892572916244,203.04674525657856,9.678609976775885
Bentheimer,146,0.2815173611111111,1.2590929,572.7256469726562,5.097318377657669,7.749207376232893,17.842298748784298,481133.0,12960.892572916247,203.04674525657856,9.678609976775885
Bentheimer,147,0.2815173611111111,1.2590928,572.7256469726562,5.097318377657669,7.749207376232892,17.842298748784298,481133.0,12960.892572916251,203.0467452565786,9.678609976775885
Bentheimer,148,0.1966394675925926,1.4652776,168.00125122070312,4.8153684799302425,7.453765136669865,14.798648129354603,336170.0,9995.186902908605,244.16597962730148,12.613029240032706
Bentheimer,149,0.1966394675925926,1.4652774,168.00125122070312,4.8153684799302425,7.453765136669868,14.798648129354603,336170.0,9995.186902908605,244.16597962730148,12.613029240032706
Bentheimer,150,0.1966394675925926,1.4652776,168.001220703125,4.8153684799302425,7.453765136669865,14.798648129354603,336170.0,9995.186902908605,244.16597962730148,12.613029240032706
Bentheimer,151,0.1966394675925926,1.4652771,168.00123596191406,4.8153684799302425,7.453765136669867,14.798648129354603,336170.0,9995.186902908605,244.16597962730148,12.613029240032706
Bentheimer,152,0.2578078703703704,1.2711974,796.836669921875,4.598545046310393,7.133041995507974,13.67479306373166,442637.99999999994,12898.145070163702,241.6003442497894,5.242165938089303
Bentheimer,153,0.2578078703703704,1.271198,796.8368530273438,4.598545046310393,7.133041995507973,13.67479306373166,442637.99999999994,12898.145070163702,241.6003442497894,5.242165938089303
Bentheimer,154,0.2578078703703704,1.2711978,796.836669921875,4.598545046310393,7.133041995507973,13.67479306373166,442637.99999999994,12898.145070163702,241.60034424978952,5.242165938089303
Bentheimer,155,0.2578078703703704,1.2711976,796.8368530273438,4.598545046310393,7.1330419955079725,13.67479306373166,442637.99999999994,12898.145070163702,241.6003442497894,5.242165938089303
Bentheimer,156,0.2516082175925926,1.6707525,436.51434326171875,5.076034135443226,7.181829847029074,13.453623023082278,431259.99999999994,12637.290744012038,261.2158174635432,12.354402457508376
Bentheimer,157,0.2516082175925926,1.6707524,436.5142517089844,5.076034135443226,7.181829847029076,13.453623023082278,431259.99999999994,12637.290744012036,261.2158174635432,12.354402457508376
Bentheimer,158,0.2516082175925926,1.6707526,436.51434326171875,5.076034135443226,7.181829847029074,13.453623023082278,431259.99999999994,12637.290744012036,261.2158174635432,12.354402457508376
Bentheimer,159,0.2516082175925926,1.670753,436.51434326171875,5.076034135443226,7.181829847029074,13.453623023082278,431259.99999999994,12637.290744012036,261.2158174635432,12.354402457508376
Bentheimer,160,0.2610769675925926,1.2270004,272.7164611816406,4.712118449658737,8.097515266390662,17.492854138527438,448403.0,12976.189618578124,298.7312905315145,11.051321360943483
Bentheimer,161,0.2610769675925926,1.227001,272.7164611816406,4.712118449658737,8.097515266390662,17.492854138527438,448403.0,12976.189618578124,298.7312905315145,11.051321360943483
Bentheimer,162,0.2610769675925926,1.2270006,272.71649169921875,4.712118449658737,8.097515266390662,17.492854138527438,448403.0,12976.189618578124,298.7312905315145,11.051321360943483
Bentheimer,163,0.2610769675925926,1.227001,272.7164611816406,4.712118449658737,8.09751526639066,17.492854138527438,448403.0,12976.189618578126,298.73129053151456,11.051321360943483
Bentheimer,164,0.24414756944444443,1.1747229,720.5892333984375,4.866023823023984,8.427573559565385,13.456406356667104,419799.0,11327.62040407274,252.47196826372456,13.766902577448947
Bentheimer,165,0.24414756944444443,1.174723,720.589111328125,4.866023823023984,8.427573559565385,13.456406356667104,419799.0,11327.62040407274,252.47196826372456,13.766902577448947
Bentheimer,166,0.24414756944444443,1.1747227,720.589111328125,4.866023823023984,8.427573559565388,13.456406356667104,419799.0,11327.62040407274,252.4719682637245,13.766902577448947
Bentheimer,167,0.24414756944444443,1.1747229,720.589111328125,4.866023823023984,8.427573559565387,13.456406356667104,419799.0,11327.62040407274,252.4719682637245,13.766902577448947
Bentheimer,168,0.24448263888888888,1.2371438,421.2335510253906,4.6090259891082725,7.175716894673618,14.93061645778251,418093.0,12959.017957566626,281.0148385035055,3.1234157581784463
Bentheimer,169,0.24448263888888888,1.2371432,421.2335510253906,4.6090259891082725,7.175716894673618,14.93061645778251,418093.0,12959.01795756663,281.0148385035055,3.1234157581784463
Bentheimer,170,0.24448263888888888,1.2371432,421.2335510253906,4.6090259891082725,7.175716894673621,14.93061645778251,418093.0,12959.01795756663,281.01483850350553,3.1234157581784463
Bentheimer,171,0.24448263888888888,1.2371433,421.2335510253906,4.6090259891082725,7.175716894673619,14.93061645778251,418093.0,12959.01795756663,281.01483850350553,3.1234157581784463
Bentheimer,172,0.2433136574074074,1.1735973,879.5,4.508740680408535,8.120513025374404,16.124513844423173,418002.0,12020.843319851168,286.1369501658681,10.762853026589422
Bentheimer,173,0.2433136574074074,1.1735972,879.5,4.508740680408535,8.120513025374404,16.124513844423173,418002.0,12020.843319851168,286.1369501658681,10.762853026589422
Bentheimer,174,0.2433136574074074,1.1735975,879.5,4.508740680408535,8.120513025374402,16.124513844423173,418002.0,12020.843319851168,286.13695016586803,10.762853026589422
Bentheimer,175,0.2433136574074074,1.1735976,879.5,4.508740680408535,8.120513025374406,16.124513844423173,418002.0,12020.843319851168,286.13695016586803,10.762853026589422
Bentheimer,176,0.2608096064814815,1.2788477,716.516845703125,5.323998237603013,8.582882919378106,17.578396747600692,445697.0,11938.086752849233,244.83262310604547,5.968310365946076
Bentheimer,177,0.2608096064814815,1.278848,716.516845703125,5.323998237603013,8.582882919378108,17.578396747600692,445697.0,11938.086752849233,244.83262310604547,5.968310365946076
Bentheimer,178,0.2608096064814815,1.2788478,716.5169067382812,5.323998237603013,8.58288291937811,17.578396747600692,445697.0,11938.086752849236,244.83262310604547,5.968310365946076
Bentheimer,179,0.2608096064814815,1.2788483,716.5169067382812,5.323998237603013,8.582882919378111,17.578396747600692,445697.0,11938.086752849236,244.83262310604547,5.968310365946076
Bentheimer,180,0.2164207175925926,1.2242291,364.4694519042969,5.073853132205899,8.05684003268741,16.18641503641996,368076.0,10555.616687729893,269.9363737963118,14.144895567292197
Bentheimer,181,0.2164207175925926,1.2242291,364.4694519042969,5.073853132205899,8.056840032687408,16.18641503641996,368076.0,10555.616687729893,269.9363737963119,14.144895567292197
Bentheimer,182,0.2164207175925926,1.2242285,364.4694519042969,5.073853132205899,8.056840032687411,16.18641503641996,368076.0,10555.616687729893,269.9363737963118,14.144895567292197
Bentheimer,183,0.2164207175925926,1.2242293,364.4694519042969,5.073853132205899,8.056840032687411,16.18641503641996,368076.0,10555.616687729893,269.9363737963119,14.144895567292197
Bentheimer,184,0.2464704861111111,1.3349527,391.2452392578125,4.6784309821750565,8.596763969745936,17.262675680557532,423456.99999999994,11650.432273755217,259.63574210461405,10.434595956462388
Bentheimer,185,0.2464704861111111,1.334953,391.2452392578125,4.6784309821750565,8.596763969745936,17.262675680557532,423456.99999999994,11650.432273755217,259.635742104614,10.434595956462388
Bentheimer,186,0.2464704861111111,1.3349528,391.2452392578125,4.6784309821750565,8.596763969745934,17.262675680557532,423456.99999999994,11650.432273755217,259.635742104614,10.434595956462388
Bentheimer,187,0.2464704861111111,1.3349526,391.2452392578125,4.6784309821750565,8.596763969745938,17.262675680557532,423456.99999999994,11650.432273755214,259.635742104614,10.434595956462388
Bentheimer,188,0.28082233796296296,1.3851162,307.4901123046875,5.470662348755901,8.351870088725995,15.16574876705335,478499.0,12097.63761806308,192.66304482380178,3.660563691113593
Bentheimer,189,0.28082233796296296,1.3851163,307.4901123046875,5.470662348755901,8.351870088725995,15.16574876705335,478499.0,12097.63761806308,192.66304482380178,3.660563691113593
Bentheimer,190,0.28082233796296296,1.3851162,307.4901123046875,5.470662348755901,8.351870088725994,15.16574876705335,478499.0,12097.63761806308,192.66304482380178,3.660563691113593
Bentheimer,191,0.28082233796296296,1.3851161,307.4901123046875,5.470662348755901,8.351870088725995,15.16574876705335,478499.0,12097.63761806308,192.6630448238018,3.660563691113593
Bentheimer,192,0.2505306712962963,1.5183936,358.2773742675781,4.835914963442773,6.988516103121079,12.449899587864966,430791.0,12705.179125480836,256.30002763864974,10.742958658702936
Bentheimer,193,0.2505306712962963,1.5183942,358.2773742675781,4.835914963442773,6.988516103121079,12.449899587864966,430791.0,12705.179125480836,256.30002763864974,10.742958658702936
Bentheimer,194,0.2505306712962963,1.518394,358.2773742675781,4.835914963442773,6.9885161031210785,12.449899587864966,430791.0,12705.179125480836,256.30002763864974,10.742958658702936
Bentheimer,195,0.2505306712962963,1.518394,358.2773742675781,4.835914963442773,6.988516103121082,12.449899587864966,430791.0,12705.179125480836,256.3000276386498,10.742958658702936
Bentheimer,196,0.2432644675925926,1.2418934,578.2208251953125,4.495349536841991,6.938702953798018,11.814004250666148,418017.0,12716.609726089773,257.263892970139,4.287236279537931
Bentheimer,197,0.2432644675925926,1.2418936,578.2208251953125,4.495349536841991,6.938702953798015,11.814004250666148,418017.0,12716.609726089773,257.263892970139,4.287236279537931
Bentheimer,198,0.2432644675925926,1.241893,578.2208862304688,4.495349536841991,6.938702953798014,11.814004250666148,418017.0,12716.609726089773,257.263892970139,4.287236279537931
Bentheimer,199,0.2432644675925926,1.2418936,578.2208251953125,4.495349536841991,6.938702953798014,11.814004250666148,418017.0,12716.609726089773,257.263892970139,4.287236279537931
Bentheimer,200,0.2709502314814815,1.2391648,831.39697265625,5.740294709728913,8.637857061304974,17.653078595683088,464155.0,11865.62777977458,242.16911078498677,15.43802947991385
Bentheimer,201,0.2709502314814815,1.2391646,831.39697265625,5.740294709728913,8.637857061304969,17.653078595683088,464155.0,11865.627779774577,242.16911078498674,15.43802947991385
Bentheimer,202,0.2709502314814815,1.2391651,831.39697265625,5.740294709728913,8.637857061304974,17.653078595683088,464155.0,11865.627779774577,242.16911078498683,15.43802947991385
Bentheimer,203,0.2709502314814815,1.2391646,831.39697265625,5.740294709728913,8.637857061304972,17.653078595683088,464155.0,11865.627779774577,242.16911078498683,15.43802947991385
Bentheimer,204,0.28881655092592595,1.3356906,833.7764282226562,4.957691049429405,7.589224265792963,15.556347799219328,495860.0,13834.279349147377,205.8094663573549,2.576320641300056
Bentheimer,205,0.28881655092592595,1.3356907,833.776611328125,4.957691049429405,7.5892242657929625,15.556347799219328,495860.0,13834.279349147377,205.80946635735495,2.576320641300056
Bentheimer,206,0.28881655092592595,1.3356904,833.7765502929688,4.957691049429405,7.589224265792963,15.556347799219328,495860.0,13834.279349147379,205.8094663573549,2.576320641300056
Bentheimer,207,0.28881655092592595,1.3356906,833.7765502929688,4.957691049429405,7.5892242657929625,15.556347799219328,495860.0,13834.279349147377,205.8094663573549,2.576320641300056
Bentheimer,208,0.2666574074074074,1.2050769,925.4490966796875,5.039684587344685,7.5168833817380865,14.254381292074651,457721.0,12618.198124309472,217.19072192170285,6.445775195221761
Bentheimer,209,0.2666574074074074,1.2050768,925.44921875,5.039684587344685,7.516883381738086,14.254381292074651,457721.0,12618.198124309472,217.19072192170285,6.445775195221761
Bentheimer,210,0.2666574074074074,1.2050765,925.44921875,5.039684587344685,7.5168833817380865,14.254381292074651,457721.0,12618.198124309472,217.1907219217029,6.445775195221761
Bentheimer,211,0.2666574074074074,1.2050767,925.4490356445312,5.039684587344685,7.516883381738085,14.254381292074651,457721.0,12618.198124309472,217.19072192170293,6.445775195221761
Bentheimer,212,0.23947743055555556,1.4514306,387.0715637207031,4.641099405133868,6.926462371730151,13.892443366349555,409536.0,12686.56557426473,275.01900961989753,9.509507849740746
Bentheimer,213,0.23947743055555556,1.4514307,387.0715637207031,4.641099405133868,6.926462371730148,13.892443366349555,409536.0,12686.565574264727,275.01900961989753,9.509507849740746
Bentheimer,214,0.23947743055555556,1.4514304,387.0715637207031,4.641099405133868,6.92646237173015,13.892443366349555,409536.0,12686.56557426473,275.01900961989753,9.509507849740746
Bentheimer,215,0.23947743055555556,1.4514304,387.0715637207031,4.641099405133868,6.926462371730146,13.892443366349555,409536.0,12686.565574264727,275.01900961989753,9.509507849740746
Bentheimer,216,0.2212667824074074,1.354131,404.86529541015625,4.555012415465985,7.1191366056024235,13.453623023082278,378344.0,11442.025462675061,249.4772378169384,7.908011234878549
Bentheimer,217,0.2212667824074074,1.3541316,404.86529541015625,4.555012415465985,7.119136605602423,13.453623023082278,378344.0,11442.02546267506,249.4772378169384,7.908011234878549
Bentheimer,218,0.2212667824074074,1.3541309,404.8653869628906,4.555012415465985,7.119136605602423,13.453623023082278,378344.0,11442.025462675063,249.4772378169384,7.908011234878549
Bentheimer,219,0.2212667824074074,1.3541311,404.86529541015625,4.555012415465985,7.119136605602421,13.453623023082278,378344.0,11442.025462675061,249.4772378169384,7.908011234878549
Bentheimer,220,0.21714872685185185,1.145442,861.262451171875,4.489848514021325,7.2584102978999665,14.254381292074651,368484.0,11328.12029779967,281.0041146297818,13.806691313221922
Bentheimer,221,0.21714872685185185,1.1454421,861.262451171875,4.489848514021325,7.258410297899965,14.254381292074651,368484.0,11328.12029779967,281.0041146297818,13.806691313221922
Bentheimer,222,0.21714872685185185,1.145442,861.2625122070312,4.489848514021325,7.258410297899964,14.254381292074651,368484.0,11328.12029779967,281.0041146297819,13.806691313221922
Bentheimer,223,0.21714872685185185,1.1454421,861.2625122070312,4.489848514021325,7.258410297899964,14.254381292074651,368484.0,11328.12029779967,281.0041146297818,13.806691313221922
Bentheimer,224,0.20604282407407407,1.3822811,457.313232421875,4.461101724263163,7.609377312962941,14.093309607176273,351077.0,10350.895666819748,210.4880019786893,3.3422538049298027
Bentheimer,225,0.20604282407407407,1.3822814,457.3131408691406,4.461101724263163,7.60937731296294,14.093309607176273,351077.0,10350.895666819748,210.48800197868925,3.3422538049298027
Bentheimer,226,0.20604282407407407,1.3822813,457.313232421875,4.461101724263163,7.60937731296294,14.093309607176273,351077.0,10350.895666819746,210.4880019786893,3.3422538049298027
Bentheimer,227,0.20604282407407407,1.3822817,457.31317138671875,4.461101724263163,7.6093773129629385,14.093309607176273,351077.0,10350.895666819746,210.48800197868925,3.3422538049298027
Bentheimer,228,0.26853993055555553,1.2164178,1183.7269287109375,4.7856317278279645,7.934458280035614,18.000000106278666,460866.99999999994,12635.446853721067,233.1040659768128,4.068398232786575
Bentheimer,229,0.26853993055555553,1.2164173,1183.7269287109375,4.7856317278279645,7.934458280035613,18.000000106278666,460866.99999999994,12635.446853721067,233.10406597681282,4.068398232786575
Bentheimer,230,0.26853993055555553,1.2164176,1183.7269287109375,4.7856317278279645,7.93445828003561,18.000000106278666,460866.99999999994,12635.446853721065,233.10406597681282,4.068398232786575
Bentheimer,231,0.26853993055555553,1.2164176,1183.72705078125,4.7856317278279645,7.934458280035615,18.000000106278666,460866.99999999994,12635.446853721067,233.10406597681282,4.068398232786575
Bentheimer,232,0.27658333333333335,1.2712678,750.2171630859375,4.591359088435731,7.176403517117707,13.638180873463709,475731.99999999994,13519.742514530568,181.72646150469595,0.5272007489919033
Bentheimer,233,0.27658333333333335,1.2712674,750.2171630859375,4.591359088435731,7.176403517117706,13.638180873463709,475731.99999999994,13519.742514530566,181.7264615046959,0.5272007489919033
Bentheimer,234,0.27658333333333335,1.2712678,750.2171630859375,4.591359088435731,7.176403517117707,13.638180873463709,475731.99999999994,13519.742514530568,181.7264615046959,0.5272007489919033
Bentheimer,235,0.27658333333333335,1.2712678,750.2171630859375,4.591359088435731,7.176403517117705,13.638180873463709,475731.99999999994,13519.742514530566,181.72646150469595,0.5272007489919033
Bentheimer,236,0.23756018518518518,1.3350816,503.56878662109375,4.540274396417557,6.803565733130298,13.379086400248642,407339.0,12564.54801248234,249.78575120755656,13.77684976139219
Bentheimer,237,0.23756018518518518,1.3350816,503.5687561035156,4.540274396417557,6.8035657331302986,13.379086400248642,407339.0,12564.54801248234,249.7857512075565,13.77684976139219
Bentheimer,238,0.23756018518518518,1.3350816,503.56878662109375,4.540274396417557,6.8035657331302986,13.379086400248642,407339.0,12564.54801248234,249.78575120755656,13.77684976139219
Bentheimer,239,0.23756018518518518,1.3350817,503.5687561035156,4.540274396417557,6.8035657331302986,13.379086400248642,407339.0,12564.54801248234,249.7857512075565,13.77684976139219
Bentheimer,240,0.29305729166666666,1.2441764,1531.93505859375,5.887982936285657,9.023681650840167,17.058721082487274,502986.0,12819.020569404996,279.17829320693977,14.861092811205728
Bentheimer,241,0.29305729166666666,1.2441766,1531.9346923828125,5.887982936285657,9.02368165084017,17.058721082487274,502986.0,12819.020569404996,279.17829320693977,14.861092811205728
Bentheimer,242,0.29305729166666666,1.2441766,1531.9346923828125,5.887982936285657,9.02368165084017,17.058721082487274,502986.0,12819.020569404996,279.17829320693977,14.861092811205728
Bentheimer,243,0.29305729166666666,1.2441766,1531.9346923828125,5.887982936285657,9.02368165084017,17.058721082487274,502986.0,12819.020569404996,279.17829320693977,14.861092811205728
Bentheimer,244,0.327224537037037,1.351383,2252.552490234375,6.986368254327698,10.316299181039,16.353529304278123,563301.0,12308.348447414612,218.35493916214136,9.23098669932993
Bentheimer,245,0.327224537037037,1.3513826,2252.55224609375,6.986368254327698,10.316299181039,16.353529304278123,563301.0,12308.34844741461,218.35493916214136,9.23098669932993
Bentheimer,246,0.327224537037037,1.3513827,2252.55224609375,6.986368254327698,10.316299181039001,16.353529304278123,563301.0,12308.34844741461,218.35493916214148,9.23098669932993
Bentheimer,247,0.327224537037037,1.3513826,2252.552490234375,6.986368254327698,10.316299181039,16.353529304278123,563301.0,12308.34844741461,218.35493916214142,9.23098669932993
Bentheimer,248,0.31610474537037037,1.2885911,685.1917114257812,5.14602680883249,8.594519628292174,16.583124520476773,542917.0,14301.724558153765,222.01989902841783,-0.9847712103811025
Bentheimer,249,0.31610474537037037,1.288591,685.1917114257812,5.14602680883249,8.594519628292174,16.583124520476773,542917.0,14301.724558153768,222.01989902841777,-0.9847712103811025
Bentheimer,250,0.31610474537037037,1.2885911,685.1917114257812,5.14602680883249,8.594519628292176,16.583124520476773,542917.0,14301.724558153765,222.01989902841777,-0.9847712103811025
Bentheimer,251,0.31610474537037037,1.288591,685.1917114257812,5.14602680883249,8.594519628292174,16.583124520476773,542917.0,14301.724558153768,222.01989902841777,-0.9847712103811025
Bentheimer,252,0.23212037037037037,1.3673981,506.6030578613281,4.927858407571451,8.343566837706426,16.806304838990258,398147.0,11254.288803253035,241.98742014680835,5.8489441586271536
Bentheimer,253,0.23212037037037037,1.3673981,506.6031188964844,4.927858407571451,8.343566837706428,16.806304838990258,398147.0,11254.288803253035,241.98742014680835,5.8489441586271536
Bentheimer,254,0.23212037037037037,1.3673978,506.6030578613281,4.927858407571451,8.34356683770643,16.806304838990258,398147.0,11254.288803253035,241.98742014680835,5.8489441586271536
Bentheimer,255,0.23212037037037037,1.367398,506.6030578613281,4.927858407571451,8.343566837706426,16.806304838990258,398147.0,11254.288803253035,241.98742014680835,5.8489441586271536
Bentheimer,256,0.24016608796296296,1.2137641,1033.075927734375,4.957691049429405,7.699054877275915,15.556347799219328,412981.0,12246.592275214645,269.91404028865657,11.150793200375917
Bentheimer,257,0.24016608796296296,1.2137642,1033.075927734375,4.957691049429405,7.699054877275913,15.556347799219328,412981.0,12246.592275214645,269.91404028865657,11.150793200375917
Bentheimer,258,0.24016608796296296,1.2137643,1033.075927734375,4.957691049429405,7.699054877275914,15.556347799219328,412981.0,12246.592275214645,269.91404028865657,11.150793200375917
Bentheimer,259,0.24016608796296296,1.2137643,1033.075927734375,4.957691049429405,7.699054877275914,15.556347799219328,412981.0,12246.592275214645,269.91404028865657,11.150793200375917
Bentheimer,260,0.26894212962962966,1.268874,278.11602783203125,4.927858407571451,8.371842112757395,16.806304838990258,458745.0,13032.104686051418,295.7263020296096,7.261444278567726
Bentheimer,261,0.26894212962962966,1.268874,278.11602783203125,4.927858407571451,8.371842112757394,16.806304838990258,458745.0,13032.10468605142,295.7263020296096,7.261444278567726
Bentheimer,262,0.26894212962962966,1.2688743,278.11602783203125,4.927858407571451,8.371842112757392,16.806304838990258,458745.0,13032.104686051418,295.7263020296096,7.261444278567726
Bentheimer,263,0.26894212962962966,1.2688742,278.11602783203125,4.927858407571451,8.371842112757395,16.806304838990258,458745.0,13032.10468605142,295.7263020296096,7.261444278567726
Bentheimer,264,0.3044322916666667,1.283527,803.8599243164062,4.674173775698294,8.298594331885456,17.233686679432015,521337.0,13932.389193098274,242.87588713650834,7.480282325319081
Bentheimer,265,0.3044322916666667,1.2835275,803.8599243164062,4.674173775698294,8.298594331885456,17.233686679432015,521337.0,13932.389193098274,242.87588713650834,7.480282325319081
Bentheimer,266,0.3044322916666667,1.2835273,803.8599243164062,4.674173775698294,8.298594331885454,17.233686679432015,521337.0,13932.389193098275,242.87588713650834,7.480282325319081
Bentheimer,267,0.3044322916666667,1.2835269,803.8599243164062,4.674173775698294,8.298594331885457,17.233686679432015,521337.0,13932.389193098275,242.8758871365083,7.480282325319081
Bentheimer,268,0.25,1.3386564,504.8152160644531,5.2210985899599835,8.691384935100535,15.107070451545495,429703.99999999994,11079.826347953405,190.0848429058785,3.7401411626595404
Bentheimer,269,0.25,1.3386563,504.8152160644531,5.2210985899599835,8.691384935100537,15.107070451545495,429703.99999999994,11079.826347953405,190.08484290587842,3.7401411626595404
Bentheimer,270,0.25,1.338656,504.8152160644531,5.2210985899599835,8.691384935100533,15.107070451545495,429703.99999999994,11079.826347953405,190.08484290587842,3.7401411626595404
Bentheimer,271,0.25,1.3386565,504.8152770996094,5.2210985899599835,8.691384935100537,15.107070451545495,429703.99999999994,11079.826347953405,190.0848429058784,3.7401411626595404
Bentheimer,272,0.2786857638888889,1.2724601,787.9427490234375,5.066693168897127,7.7524606365625,17.653078595683088,477848.0,13271.760707243175,206.60471686694302,3.809771450262245
Bentheimer,273,0.2786857638888889,1.2724594,787.9427490234375,5.066693168897127,7.752460636562501,17.653078595683088,477848.0,13271.760707243178,206.60471686694302,3.809771450262245
Bentheimer,274,0.2786857638888889,1.27246,787.9427490234375,5.066693168897127,7.7524606365625,17.653078595683088,477848.0,13271.760707243178,206.60471686694302,3.809771450262245
Bentheimer,275,0.2786857638888889,1.2724597,787.9427490234375,5.066693168897127,7.752460636562502,17.653078595683088,477848.0,13271.760707243178,206.60471686694308,3.809771450262245
Bentheimer,276,0.2836446759259259,1.1939142,1208.523193359375,5.242073124790345,8.600139077264574,15.20690265531322,485132.0,12126.05646798422,214.89179420909522,10.394807220689415
Bentheimer,277,0.2836446759259259,1.1939138,1208.5234375,5.242073124790345,8.600139077264574,15.20690265531322,485132.0,12126.056467984221,214.89179420909517,10.394807220689415
Bentheimer,278,0.2836446759259259,1.1939137,1208.5234375,5.242073124790345,8.60013907726457,15.20690265531322,485132.0,12126.05646798422,214.89179420909517,10.394807220689415
Bentheimer,279,0.2836446759259259,1.1939135,1208.5234375,5.242073124790345,8.600139077264576,15.20690265531322,485132.0,12126.05646798422,214.89179420909522,10.394807220689415
Bentheimer,280,0.25634375,1.3449155,368.3417663574219,5.82399168689451,8.983068599969812,14.905222994063115,438888.99999999994,11083.770548607865,227.37761483231023,12.145511594700263
Bentheimer,281,0.25634375,1.3449156,368.3417053222656,5.82399168689451,8.983068599969808,14.905222994063115,438888.99999999994,11083.770548607865,227.37761483231023,12.145511594700263
Bentheimer,282,0.25634375,1.3449154,368.3417663574219,5.82399168689451,8.983068599969812,14.905222994063115,438888.99999999994,11083.770548607863,227.37761483231023,12.145511594700263
Bentheimer,283,0.25634375,1.3449157,368.3417053222656,5.82399168689451,8.983068599969814,14.905222994063115,438888.99999999994,11083.770548607863,227.37761483231023,12.145511594700263
Bentheimer,284,0.2680821759259259,1.2887557,381.3711853027344,4.675851186838895,6.984056198570442,14.071247301969983,457708.0,14490.084923569688,337.0622865264928,8.843046525543436
Bentheimer,285,0.2680821759259259,1.2887557,381.3711853027344,4.675851186838895,6.9840561985704435,14.071247301969983,457708.0,14490.084923569684,337.0622865264928,8.843046525543436
Bentheimer,286,0.2680821759259259,1.2887555,381.37115478515625,4.675851186838895,6.984056198570445,14.071247301969983,457708.0,14490.084923569684,337.0622865264928,8.843046525543436
Bentheimer,287,0.2680821759259259,1.2887554,381.3711853027344,4.675851186838895,6.984056198570444,14.071247301969983,457708.0,14490.08492356968,337.0622865264928,8.843046525543436
Bentheimer,288,0.22847106481481483,1.2694206,208.39434814453125,4.6128362352248296,6.976411774588714,13.747727646791398,390995.0,12489.119545350424,325.5104080871916,14.134948383348958
Bentheimer,289,0.22847106481481483,1.2694206,208.39434814453125,4.6128362352248296,6.9764117745887155,13.747727646791398,390995.0,12489.119545350424,325.5104080871916,14.134948383348958
Bentheimer,290,0.22847106481481483,1.2694206,208.39434814453125,4.6128362352248296,6.976411774588715,13.747727646791398,390995.0,12489.119545350424,325.5104080871916,14.134948383348958
Bentheimer,291,0.22847106481481483,1.2694204,208.39434814453125,4.6128362352248296,6.976411774588717,13.747727646791398,390995.0,12489.119545350428,325.5104080871916,14.134948383348958
Bentheimer,292,0.3013327546296296,1.1465131,957.3668823242188,4.927858407571451,8.936625306870576,16.806304838990258,518485.0,13653.185425505259,267.7780023759825,4.714965189097399
Bentheimer,293,0.3013327546296296,1.1465131,957.3668823242188,4.927858407571451,8.936625306870576,16.806304838990258,518485.0,13653.185425505259,267.7780023759825,4.714965189097399
Bentheimer,294,0.3013327546296296,1.1465131,957.3668823242188,4.927858407571451,8.936625306870578,16.806304838990258,518485.0,13653.185425505259,267.7780023759825,4.714965189097399
Bentheimer,295,0.3013327546296296,1.1465132,957.3668823242188,4.927858407571451,8.93662530687058,16.806304838990258,518485.0,13653.185425505259,267.7780023759825,4.714965189097399
Bentheimer,296,0.30536111111111114,1.2920604,1146.017822265625,4.884692733511588,7.780028421369411,15.16574876705335,523377.99999999994,14465.218412190869,205.17636619532806,-0.5073063811054164
Bentheimer,297,0.30536111111111114,1.2920605,1146.0177001953125,4.884692733511588,7.780028421369408,15.16574876705335,523377.99999999994,14465.218412190865,205.17636619532806,-0.5073063811054164
Bentheimer,298,0.30536111111111114,1.2920606,1146.0177001953125,4.884692733511588,7.780028421369408,15.16574876705335,523377.99999999994,14465.218412190865,205.17636619532806,-0.5073063811054164
Bentheimer,299,0.30536111111111114,1.2920611,1146.0177001953125,4.884692733511588,7.780028421369412,15.16574876705335,523377.99999999994,14465.218412190865,205.17636619532806,-0.5073063811054164
Bentheimer,300,0.22847453703703705,1.4138205,443.4917907714844,4.489848514021325,6.820456696409445,14.254381292074651,392274.0,12204.440269177794,295.02875796025603,14.771568155716537
Bentheimer,301,0.22847453703703705,1.4138205,443.4917907714844,4.489848514021325,6.820456696409447,14.254381292074651,392274.0,12204.440269177792,295.0287579602561,14.771568155716537
Bentheimer,302,0.22847453703703705,1.4138207,443.4917907714844,4.489848514021325,6.820456696409445,14.254381292074651,392274.0,12204.440269177792,295.02875796025603,14.771568155716537
Bentheimer,303,0.22847453703703705,1.4138211,443.4917907714844,4.489848514021325,6.820456696409445,14.254381292074651,392274.0,12204.440269177792,295.02875796025603,14.771568155716537
Bentheimer,304,0.2470196759259259,1.2386122,741.7319946289062,4.550487524823847,7.405888924352625,16.401220785827423,423281.0,12520.112137099408,256.7256643374018,8.71373313428127
Bentheimer,305,0.2470196759259259,1.2386123,741.7319946289062,4.550487524823847,7.405888924352627,16.401220785827423,423281.0,12520.112137099408,256.7256643374018,8.71373313428127
Bentheimer,306,0.2470196759259259,1.2386123,741.7318725585938,4.550487524823847,7.405888924352626,16.401220785827423,423281.0,12520.112137099406,256.7256643374018,8.71373313428127
Bentheimer,307,0.2470196759259259,1.2386123,741.7319946289062,4.550487524823847,7.405888924352624,16.401220785827423,423281.0,12520.112137099406,256.72566433740184,8.71373313428127
