Dataset,Sample_Index,Bias_Error_,Magnitude_Error_,Correlation
Spherical Pores,0,1.2541351318359375,1.373478651046753,0.9511831916385982
Spherical Pores,1,1.3565306663513184,1.5321934223175049,0.9487134411572136
Spherical Pores,2,1.2798539400100708,1.6204184293746948,0.9559373768969422
Spherical Pores,3,1.3838040828704834,1.589752197265625,0.9512894919300627
Spherical Pores,4,0.5636252760887146,1.3540840148925781,0.9634334453362868
Spherical Pores,5,0.5337180495262146,1.2503113746643066,0.9684065663472503
Spherical Pores,6,0.44830113649368286,1.2321147918701172,0.9660324045382256
Spherical Pores,7,0.5419623255729675,1.2473126649856567,0.9665661208176674
Spherical Pores,8,1.2039856910705566,1.635797142982483,0.9160299766345195
Spherical Pores,9,1.346387505531311,1.393918514251709,0.9230848241408415
Spherical Pores,10,1.5774767398834229,1.285626769065857,0.9193677688762767
Spherical Pores,11,1.3124219179153442,1.593776822090149,0.9200764894518408
Spherical Pores,12,0.049011919647455215,1.1709449291229248,0.9500998264777137
Spherical Pores,13,0.2197796106338501,1.143473505973816,0.959813184733288
Spherical Pores,14,0.09873829782009125,1.0163182020187378,0.9541587781679818
Spherical Pores,15,0.008156745694577694,1.0763847827911377,0.9517779497376175
Spherical Pores,16,0.16153620183467865,1.8731842041015625,0.9333432917675953
Spherical Pores,17,0.022410128265619278,1.5857129096984863,0.9464661855783139
Spherical Pores,18,0.16839729249477386,1.6304200887680054,0.9438128741028086
Spherical Pores,19,0.16006046533584595,1.5098122358322144,0.9341464676119315
Spherical Pores,20,0.268454372882843,1.22853684425354,0.9661805873683342
Spherical Pores,21,0.16156141459941864,1.2590264081954956,0.9610336959587846
Spherical Pores,22,0.4423748850822449,1.2103495597839355,0.9661101306766811
Spherical Pores,23,0.30968958139419556,1.2435277700424194,0.9637522465024804
Spherical Pores,24,0.8895062208175659,2.4121766090393066,0.9261384053787974
Spherical Pores,25,0.739013135433197,2.0095043182373047,0.9522591918125947
Spherical Pores,26,0.9203826785087585,2.0469021797180176,0.950987799641664
Spherical Pores,27,0.7602782249450684,2.0266430377960205,0.9434737784907324
Spherical Pores,28,1.7485243082046509,1.075177550315857,0.9441012616481309
Spherical Pores,29,1.950313687324524,1.097828984260559,0.9413057008851777
Spherical Pores,30,1.7774947881698608,1.0075002908706665,0.9448507435185795
Spherical Pores,31,1.7863895893096924,1.1071683168411255,0.9507122244854264
Spherical Pores,32,0.5528959035873413,0.9673461318016052,0.9782367924392116
Spherical Pores,33,0.5853444337844849,0.9639014005661011,0.9790012574392272
Spherical Pores,34,0.6442485451698303,0.98957359790802,0.9780928515537322
Spherical Pores,35,0.6696092486381531,1.0264356136322021,0.9764597867162857
Spherical Pores,36,0.42558610439300537,0.9867323040962219,0.9770682978073125
Spherical Pores,37,0.39980658888816833,0.9582569599151611,0.9777740608415507
Spherical Pores,38,0.4750695824623108,1.042701244354248,0.9771559400157177
Spherical Pores,39,0.4635595381259918,1.0011491775512695,0.9776713741296333
Spherical Pores,40,0.004203275311738253,0.7175139784812927,0.9828285222932457
Spherical Pores,41,0.0655435100197792,0.7109430432319641,0.9831977584340083
Spherical Pores,42,0.20479123294353485,0.7004680633544922,0.9822194130835663
Spherical Pores,43,0.04738727957010269,0.8316292762756348,0.9802477072112893
Spherical Pores,44,0.38966625928878784,0.8743875622749329,0.9730296283718958
Spherical Pores,45,0.3338538408279419,0.8689413666725159,0.9743584813040269
Spherical Pores,46,0.4210488498210907,0.9766094088554382,0.971484229762603
Spherical Pores,47,0.24448761343955994,0.8220810294151306,0.9700197593442723
Spherical Pores,48,0.36440229415893555,0.9314754009246826,0.9751107212646689
Spherical Pores,49,0.46239563822746277,1.078190565109253,0.9737168754969071
Spherical Pores,50,0.43283316493034363,0.9765903949737549,0.9791604590145941
Spherical Pores,51,0.6644481420516968,1.0478416681289673,0.9758194161867438
Spherical Pores,52,0.43943700194358826,0.7805252075195312,0.9840133594381197
Spherical Pores,53,0.37273362278938293,0.7841254472732544,0.9824633262147527
Spherical Pores,54,0.4388650357723236,0.9001235961914062,0.9811043701360975
Spherical Pores,55,0.41633880138397217,0.8349553942680359,0.9827487544958912
Spherical Pores,56,1.5160411596298218,1.5677701234817505,0.9646866527761004
Spherical Pores,57,1.6297671794891357,1.5023845434188843,0.9634675325809554
Spherical Pores,58,1.3422762155532837,1.4417142868041992,0.9735785111052832
Spherical Pores,59,1.1898125410079956,1.294809341430664,0.9734554556199113
Spherical Pores,60,0.6420393586158752,1.0230636596679688,0.9823586976675991
Spherical Pores,61,0.7418301701545715,1.0680731534957886,0.9817863365798339
Spherical Pores,62,0.6797384023666382,0.9745995998382568,0.9809844535258093
Spherical Pores,63,0.6250064969062805,0.9877461194992065,0.9833389350178394
Spherical Pores,64,0.05931805819272995,0.8441551327705383,0.9744378039626587
Spherical Pores,65,0.21275447309017181,0.915037989616394,0.9736549395886682
Spherical Pores,66,0.24045822024345398,0.8851674795150757,0.9742604965572589
Spherical Pores,67,0.18046942353248596,0.8545439839363098,0.9746816170896131
Spherical Pores,68,0.17142035067081451,0.8270033001899719,0.9746824604770506
Spherical Pores,69,0.30435895919799805,0.9307152032852173,0.9736575288983647
Spherical Pores,70,0.2563035488128662,0.8925074338912964,0.9731594618234221
Spherical Pores,71,0.19488365948200226,0.8446412682533264,0.9737497330931205
Spherical Pores,72,0.15888391435146332,0.6592921614646912,0.9831413911653731
Spherical Pores,73,0.3595803678035736,0.6880751252174377,0.9831393120819417
Spherical Pores,74,0.29882940649986267,0.6882914900779724,0.9823783455978761
Spherical Pores,75,0.21426819264888763,0.7244936227798462,0.9817898956020645
Spherical Pores,76,0.2787446975708008,0.7589104175567627,0.9841956993915149
Spherical Pores,77,0.17039549350738525,0.7303943037986755,0.9845692888847927
Spherical Pores,78,0.19226393103599548,0.7316939234733582,0.9837280409334244
Spherical Pores,79,0.21073484420776367,0.6976929306983948,0.9841569560065572
Spherical Pores,80,0.3519430160522461,0.8779866099357605,0.9826510439556625
Spherical Pores,81,0.3033656179904938,0.8004161715507507,0.9842579351931686
Spherical Pores,82,0.4692020118236542,0.8348771929740906,0.9843614970782294
Spherical Pores,83,0.3404684364795685,0.7703242897987366,0.984831086435141
Spherical Pores,84,1.0838077068328857,1.155609369277954,0.9825530409188059
Spherical Pores,85,1.1889703273773193,1.1472655534744263,0.9815846274909743
Spherical Pores,86,1.1927227973937988,1.2034530639648438,0.9817352579806178
Spherical Pores,87,1.0449621677398682,1.1011730432510376,0.9823839794225608
Spherical Pores,88,0.34943240880966187,0.6811737418174744,0.9845692952725614
Spherical Pores,89,0.47460079193115234,0.7438310980796814,0.9823791436958941
Spherical Pores,90,0.5203724503517151,0.7737687230110168,0.9817939423973638
Spherical Pores,91,0.3109927475452423,0.7922178506851196,0.9807956916629987
Spherical Pores,92,0.6701573133468628,0.8735852837562561,0.9842724050296965
Spherical Pores,93,0.6005032658576965,0.8539279699325562,0.9844071327923363
Spherical Pores,94,0.504560649394989,0.7944127917289734,0.9849423062967656
Spherical Pores,95,0.5994356274604797,0.9240989685058594,0.9828422884526844
Spherical Pores,96,0.2750629186630249,0.7581504583358765,0.9807637116385892
Spherical Pores,97,0.35944485664367676,0.7761185169219971,0.9811189414299654
Spherical Pores,98,0.257453978061676,0.7580137252807617,0.9810528429113458
Spherical Pores,99,0.27306121587753296,0.7362596988677979,0.9811921222275403
Spherical Pores,100,0.334527850151062,0.7263151407241821,0.977872262498774
Spherical Pores,101,0.3877989649772644,0.7839456796646118,0.9774715509580105
Spherical Pores,102,0.3304048478603363,0.7561949491500854,0.9777334167285734
Spherical Pores,103,0.30204448103904724,0.7413581013679504,0.9777451756256523
Spherical Pores,104,0.7621645331382751,0.8788934946060181,0.9829466980084346
Spherical Pores,105,0.6992880702018738,0.8377240300178528,0.9827368795541932
Spherical Pores,106,0.7001627087593079,0.8115280270576477,0.9832855807221196
Spherical Pores,107,0.758855402469635,0.8148849606513977,0.9835530876673638
Spherical Pores,108,0.406549870967865,0.658481776714325,0.9878775794168166
Spherical Pores,109,0.32759398221969604,0.6120071411132812,0.9880834798811978
Spherical Pores,110,0.3525981605052948,0.638842761516571,0.9874144648233621
Spherical Pores,111,0.34126782417297363,0.6309506297111511,0.9873811684050264
Spherical Pores,112,0.04180284962058067,0.7001849412918091,0.9885633862763387
Spherical Pores,113,0.18181714415550232,0.6398001313209534,0.9896038788016054
Spherical Pores,114,0.19081269204616547,0.6785579323768616,0.989312338813505
Spherical Pores,115,0.14857691526412964,0.6958892345428467,0.9890939066471559
Spherical Pores,116,0.41596144437789917,0.7381829619407654,0.9845313523089814
Spherical Pores,117,0.4180963933467865,0.7156718969345093,0.984589485972823
Spherical Pores,118,0.35160425305366516,0.7187490463256836,0.9850598130915972
Spherical Pores,119,0.4762859344482422,0.7401202321052551,0.9853510936673688
Spherical Pores,120,0.08027340471744537,0.6797643899917603,0.9862901099655893
Spherical Pores,121,0.11323941498994827,0.6377856135368347,0.9873697817657507
Spherical Pores,122,0.14304964244365692,0.6347069144248962,0.9878444727469003
Spherical Pores,123,0.07570969313383102,0.7077826857566833,0.9865105476123842
Spherical Pores,124,0.628030002117157,0.6316350102424622,0.9877286415667984
Spherical Pores,125,0.5411185026168823,0.5936278104782104,0.9876715890756507
Spherical Pores,126,0.5333558917045593,0.6344777345657349,0.9867081446137699
Spherical Pores,127,0.6444025039672852,0.6601695418357849,0.986165051225824
Spherical Grains,0,0.16966859996318817,0.862389326095581,0.972015252653889
Spherical Grains,1,0.36025455594062805,0.8534168004989624,0.9773281516167076
Spherical Grains,2,0.30481821298599243,0.883881688117981,0.9706805611091694
Spherical Grains,3,0.3048767149448395,1.0722302198410034,0.9696966011675698
Spherical Grains,4,0.018370138481259346,0.9446254372596741,0.977874837242084
Spherical Grains,5,0.12426189333200455,0.9414606094360352,0.9763428092278187
Spherical Grains,6,0.13953040540218353,1.1115238666534424,0.9726301299811176
Spherical Grains,7,0.21149010956287384,1.1571177244186401,0.9735603757142788
Spherical Grains,8,0.06993325799703598,0.5815523266792297,0.9659348918031031
Spherical Grains,9,0.03137385472655296,0.6045749187469482,0.9702371501176192
Spherical Grains,10,0.02816612832248211,0.611598014831543,0.9612763655610841
Spherical Grains,11,0.023794163018465042,0.599768877029419,0.9683641343787199
Spherical Grains,12,0.7588636875152588,1.6787641048431396,0.979494577139626
Spherical Grains,13,0.6356760263442993,1.43778395652771,0.982529536293786
Spherical Grains,14,0.503554105758667,1.5465846061706543,0.9814018775747012
Spherical Grains,15,0.46365901827812195,1.5248924493789673,0.9804533892278136
Spherical Grains,16,1.5069761276245117,2.012716054916382,0.9365968704562228
Spherical Grains,17,1.4060413837432861,2.229038953781128,0.9447885568002349
Spherical Grains,18,1.083760380744934,1.5879265069961548,0.9548553995882105
Spherical Grains,19,1.2650707960128784,1.9344130754470825,0.947517735381889
Spherical Grains,20,0.33149686455726624,0.8757150769233704,0.9833887240731751
Spherical Grains,21,0.35811418294906616,0.9317686557769775,0.9838415077525957
Spherical Grains,22,0.19450613856315613,0.8316410779953003,0.9849827721644516
Spherical Grains,23,0.25587785243988037,0.8604539632797241,0.9854742032331001
Spherical Grains,24,1.991178035736084,2.1356942653656006,0.8662134784907978
Spherical Grains,25,1.7795852422714233,1.928746223449707,0.8750987539383106
Spherical Grains,26,1.6970375776290894,1.8220783472061157,0.8893610825746975
Spherical Grains,27,1.808631181716919,1.9555280208587646,0.8710248124493816
Spherical Grains,28,0.09931222349405289,0.8025369644165039,0.9861542550791373
Spherical Grains,29,0.21983160078525543,0.9727346897125244,0.984398340998321
Spherical Grains,30,0.24548748135566711,0.9592198729515076,0.9857810394257318
Spherical Grains,31,0.1993764191865921,0.7702640295028687,0.9868228644113446
Spherical Grains,32,1.1365491151809692,1.6992429494857788,0.9618489049564773
Spherical Grains,33,1.1934735774993896,1.9592169523239136,0.9601147413017994
Spherical Grains,34,1.020828366279602,1.6272315979003906,0.9669262457480252
Spherical Grains,35,0.9510471224784851,1.5442289113998413,0.9723814852482721
Spherical Grains,36,0.004713376052677631,0.8637534976005554,0.9867826712363613
Spherical Grains,37,0.030329016968607903,0.8233054280281067,0.9868816182165066
Spherical Grains,38,0.009585286490619183,0.7822246551513672,0.9867871196711103
Spherical Grains,39,0.016560837626457214,0.7531142234802246,0.9871979134265769
Spherical Grains,40,0.6935885548591614,0.9590721726417542,0.9867693849563408
Spherical Grains,41,0.5324214100837708,0.83812016248703,0.9872059115468035
Spherical Grains,42,0.6051985025405884,0.8745189905166626,0.9873672519592155
Spherical Grains,43,0.5493353009223938,0.7878308892250061,0.9874955692528224
Spherical Grains,44,0.10475579649209976,1.487461805343628,0.9624242085989174
Spherical Grains,45,0.09854670614004135,1.3729801177978516,0.9690390192075322
Spherical Grains,46,0.22020502388477325,1.1891810894012451,0.9722275328899412
Spherical Grains,47,0.1551366150379181,1.3970472812652588,0.9636254377944633
Spherical Grains,48,0.18030868470668793,0.76568204164505,0.9861357313817543
Spherical Grains,49,0.17230813205242157,1.0540142059326172,0.9797991073435476
Spherical Grains,50,0.0690489113330841,0.8339846134185791,0.981245712688344
Spherical Grains,51,0.20815803110599518,0.8522712588310242,0.9832542410761085
Spherical Grains,52,0.02470783144235611,0.8030270338058472,0.9861116564436135
Spherical Grains,53,0.0025031985715031624,0.9775402545928955,0.982802821152079
Spherical Grains,54,0.01492314413189888,0.8814071416854858,0.9829399783734174
Spherical Grains,55,0.08057057857513428,0.9058560132980347,0.9820292141001411
Spherical Grains,56,0.0613749735057354,1.0944569110870361,0.9799614946233373
Spherical Grains,57,0.1434626579284668,0.9286059737205505,0.9814559316006606
Spherical Grains,58,0.15707731246948242,0.9324941635131836,0.9815706735317006
Spherical Grains,59,0.07393583655357361,1.191598653793335,0.9770561073419763
Spherical Grains,60,0.22713126242160797,2.153394937515259,0.9382193616272502
Spherical Grains,61,0.06426776945590973,2.292310953140259,0.9476207021583836
Spherical Grains,62,0.2164316177368164,2.3706395626068115,0.940134347504182
Spherical Grains,63,0.20975074172019958,2.5023910999298096,0.9242458584809122
Spherical Grains,64,0.5478019118309021,0.9228192567825317,0.9810526547505858
Spherical Grains,65,0.3053836226463318,0.9264516234397888,0.981412028184409
Spherical Grains,66,0.5629550218582153,1.0006341934204102,0.9783710684303276
Spherical Grains,67,0.35899215936660767,0.9274414777755737,0.9820503081571258
Spherical Grains,68,0.5814082622528076,0.9804616570472717,0.983230506109151
Spherical Grains,69,0.4107060730457306,0.7600617408752441,0.9858647966484988
Spherical Grains,70,0.5000532865524292,0.9239283800125122,0.9831082922059406
Spherical Grains,71,0.6174264550209045,0.8645884394645691,0.9842371813941971
Spherical Grains,72,0.4068622887134552,1.0350635051727295,0.9712533307991323
Spherical Grains,73,0.20816859602928162,1.0165178775787354,0.9740596275305817
Spherical Grains,74,0.17391781508922577,0.983495831489563,0.9737281514520433
Spherical Grains,75,0.3277739882469177,0.9055016040802002,0.9742672840814839
Spherical Grains,76,0.4219960570335388,1.0530149936676025,0.9743740323099563
Spherical Grains,77,0.4963028132915497,0.8641449809074402,0.968206584283744
Spherical Grains,78,0.1742563396692276,0.8281464576721191,0.9717744786538445
Spherical Grains,79,0.1144694983959198,0.9775699973106384,0.9743373969344231
Spherical Grains,80,0.1055096685886383,0.8331466913223267,0.9841948243889419
Spherical Grains,81,0.11184181272983551,0.8616644740104675,0.9828745782154503
Spherical Grains,82,0.20836488902568817,0.8563019633293152,0.9830432254258176
Spherical Grains,83,0.031377825886011124,0.9820035696029663,0.9818749797627861
Spherical Grains,84,0.2657744884490967,0.6916484236717224,0.9910605759228834
Spherical Grains,85,0.21854276955127716,0.6447515487670898,0.991326448600485
Spherical Grains,86,0.26904767751693726,0.6222759485244751,0.9917030542622883
Spherical Grains,87,0.24580320715904236,0.6885696649551392,0.991208419235121
Spherical Grains,88,0.07415714859962463,0.753559947013855,0.988290075237312
Spherical Grains,89,0.1562550812959671,0.6705935001373291,0.988363039987
Spherical Grains,90,0.16017849743366241,0.6829518675804138,0.9875518005046535
Spherical Grains,91,0.0776459202170372,0.8313157558441162,0.9875015995381003
Spherical Grains,92,0.7688505053520203,1.0148093700408936,0.9882737476768846
Spherical Grains,93,0.5612378716468811,0.7921474575996399,0.9906318296279374
Spherical Grains,94,0.6117159724235535,0.7908437848091125,0.990172098334941
Spherical Grains,95,0.5167387127876282,0.6669339537620544,0.9906987502939887
Spherical Grains,96,0.6645666360855103,0.8946915864944458,0.9876288552814494
Spherical Grains,97,0.6606937646865845,0.8511609435081482,0.9889384498573488
Spherical Grains,98,0.7463481426239014,0.9532787799835205,0.9885568466286716
Spherical Grains,99,0.7175285816192627,0.9864336252212524,0.9868692933014803
Spherical Grains,100,0.254025399684906,0.7295982837677002,0.9879963362048385
Spherical Grains,101,0.1996663212776184,0.6818554401397705,0.9882705678562762
Spherical Grains,102,0.3472359776496887,0.766216516494751,0.9878644676546847
Spherical Grains,103,0.27960824966430664,0.7815575003623962,0.9871425189725824
Spherical Grains,104,0.38774463534355164,0.7658357620239258,0.9846032988017477
Spherical Grains,105,0.2446073293685913,0.7253907322883606,0.9853062553656387
Spherical Grains,106,0.21548910439014435,0.8030256628990173,0.9852398599392477
Spherical Grains,107,0.3672981560230255,0.7345800995826721,0.986290991252776
Spherical Grains,108,0.6192761659622192,0.956993818283081,0.9837377253957241
Spherical Grains,109,0.4955061376094818,0.7596603035926819,0.9858825320092112
Spherical Grains,110,0.6036882400512695,0.8504191637039185,0.9850310763487826
Spherical Grains,111,0.6482406854629517,0.9628890752792358,0.9821560570654528
Spherical Grains,112,0.8103811740875244,1.0655889511108398,0.9826795396411976
Spherical Grains,113,0.6932907104492188,0.850912868976593,0.9831249465670143
Spherical Grains,114,0.6312336921691895,0.8517870903015137,0.9819428634620571
Spherical Grains,115,0.7329586744308472,1.0090339183807373,0.9835827511470607
Spherical Grains,116,0.16137732565402985,0.8462738394737244,0.9842995913120922
Spherical Grains,117,0.14241324365139008,0.7278323769569397,0.9864477155579459
Spherical Grains,118,0.11294018477201462,0.8136596083641052,0.9863182343162362
Spherical Grains,119,0.0492754727602005,0.8664519190788269,0.9848829795691059
Spherical Grains,120,0.1591789722442627,0.8186653256416321,0.9867699484561282
Spherical Grains,121,0.29484987258911133,1.113685965538025,0.9824106205316395
Spherical Grains,122,0.04970194399356842,0.853114664554596,0.9850015807082981
Spherical Grains,123,0.01854459010064602,0.712824821472168,0.9871336864052594
Spherical Grains,124,0.18018704652786255,0.6978915929794312,0.9834313747929939
Spherical Grains,125,0.13926678895950317,0.6102649569511414,0.987003853414493
Spherical Grains,126,0.2797732353210449,0.6269341707229614,0.9844612007959094
Spherical Grains,127,0.25144481658935547,0.572698175907135,0.9848075278951836
Cylindrical Pores,0,0.20442625880241394,1.4613665342330933,0.9742366879016514
Cylindrical Pores,1,0.21792694926261902,1.8359428644180298,0.9654997807269821
Cylindrical Pores,2,0.3087623715400696,1.6191891431808472,0.9732272069508768
Cylindrical Pores,3,0.13584774732589722,1.2500859498977661,0.980682714485985
Cylindrical Pores,4,1.7579474449157715,0.8269509673118591,0.8523396939171959
Cylindrical Pores,5,1.0421035289764404,0.7584003210067749,0.9304031906125348
Cylindrical Pores,6,1.6971361637115479,0.8739019632339478,0.8858988605664022
Cylindrical Pores,7,1.394212245941162,0.8773013353347778,0.8739623594267726
Cylindrical Pores,8,0.9879049062728882,1.3453139066696167,0.9398843830117126
Cylindrical Pores,9,1.2418519258499146,1.3972811698913574,0.9415469030122832
Cylindrical Pores,10,1.3410730361938477,1.4527428150177002,0.9335851073410403
Cylindrical Pores,11,1.0727685689926147,1.2386746406555176,0.945704179287176
Cylindrical Pores,12,0.5074657201766968,1.4714069366455078,0.9529794515021854
Cylindrical Pores,13,0.012241468764841557,1.5191383361816406,0.9690800216724111
Cylindrical Pores,14,0.25189223885536194,1.5072239637374878,0.9641761572078883
Cylindrical Pores,15,0.3964439034461975,1.4277892112731934,0.9568975960062311
Cylindrical Pores,16,0.26553866267204285,0.9404138922691345,0.9492831832657191
Cylindrical Pores,17,0.40202873945236206,0.9246261119842529,0.9564235001777817
Cylindrical Pores,18,0.34818390011787415,0.9338880181312561,0.9587380301128247
Cylindrical Pores,19,0.18488329648971558,0.880321741104126,0.9489736889571964
Cylindrical Pores,20,0.07278010994195938,1.2986844778060913,0.9544680380371764
Cylindrical Pores,21,0.20039476454257965,1.4641735553741455,0.9420239643827011
Cylindrical Pores,22,1.0226622819900513,1.744070053100586,0.9305709335372935
Cylindrical Pores,23,0.03033948317170143,1.4675151109695435,0.9332063572248591
Cylindrical Pores,24,0.025477498769760132,0.831876277923584,0.9859117617093031
Cylindrical Pores,25,0.2099192887544632,0.9447397589683533,0.9740052171756263
Cylindrical Pores,26,0.33932778239250183,0.840863049030304,0.9797920454538472
Cylindrical Pores,27,0.0291613582521677,0.9347540140151978,0.9860901299843843
Cylindrical Pores,28,1.2443572282791138,1.6846439838409424,0.9794944743386842
Cylindrical Pores,29,1.3933119773864746,1.8827282190322876,0.9795244929862345
Cylindrical Pores,30,1.3569202423095703,1.7209917306900024,0.9801569619445185
Cylindrical Pores,31,1.3417418003082275,1.8059288263320923,0.9789853169800359
Cylindrical Pores,32,0.8841667771339417,1.278626799583435,0.9776384556221942
Cylindrical Pores,33,0.8596081733703613,1.2668360471725464,0.9780536699077774
Cylindrical Pores,34,0.6072049736976624,0.9024069309234619,0.9903981964131021
Cylindrical Pores,35,0.7758505940437317,1.1422951221466064,0.9853251742450935
Cylindrical Pores,36,0.541548490524292,1.2863670587539673,0.9635843828543396
Cylindrical Pores,37,0.47466814517974854,1.1186705827713013,0.9638228047698667
Cylindrical Pores,38,0.7438756227493286,1.2403308153152466,0.9603005482391994
Cylindrical Pores,39,0.6089175939559937,1.3535479307174683,0.9596894133621824
Cylindrical Pores,40,1.2243527173995972,2.650108814239502,0.9006384217427145
Cylindrical Pores,41,1.2639758586883545,2.7106738090515137,0.8939261688489762
Cylindrical Pores,42,1.3570446968078613,2.756674289703369,0.9119759151542894
Cylindrical Pores,43,1.836972951889038,2.9892642498016357,0.9122770851156743
Cylindrical Pores,44,0.19639168679714203,1.0934749841690063,0.950878508999249
Cylindrical Pores,45,0.011080851778388023,1.219763159751892,0.9483533488393666
Cylindrical Pores,46,0.3533312976360321,0.9453945755958557,0.9498401055999325
Cylindrical Pores,47,0.2815757095813751,1.0396617650985718,0.9431061812971159
Cylindrical Pores,48,2.1160755157470703,1.105505347251892,0.9139215597627125
Cylindrical Pores,49,2.027632474899292,1.2638840675354004,0.933833801421051
Cylindrical Pores,50,2.0145316123962402,1.4159690141677856,0.937155916693305
Cylindrical Pores,51,1.8608092069625854,1.0921735763549805,0.9380452161886906
Cylindrical Pores,52,1.2158540487289429,1.664656639099121,0.9677986849953562
Cylindrical Pores,53,1.411834716796875,1.745340347290039,0.9671303468231459
Cylindrical Pores,54,1.2682181596755981,1.6942081451416016,0.9611548197889448
Cylindrical Pores,55,1.2064026594161987,1.761314034461975,0.9604199443910899
Cylindrical Pores,56,0.046223606914281845,0.8305245637893677,0.979279619315422
Cylindrical Pores,57,0.30905523896217346,0.9025710821151733,0.9770228967775038
Cylindrical Pores,58,0.28057146072387695,0.7414613366127014,0.9791737374912871
Cylindrical Pores,59,0.2165296971797943,0.8845536112785339,0.9738111787393859
Cylindrical Pores,60,0.2064344584941864,1.0151968002319336,0.9765672017469695
Cylindrical Pores,61,0.320232629776001,0.9054421186447144,0.9801484384432101
Cylindrical Pores,62,0.0434127114713192,0.9222671389579773,0.978058541291353
Cylindrical Pores,63,0.20691566169261932,0.9925549626350403,0.9663182919772861
Cylindrical Pores,64,0.022514836862683296,0.6374897360801697,0.9909840036710297
Cylindrical Pores,65,0.08732617646455765,0.6905249357223511,0.9904249499805938
Cylindrical Pores,66,0.06638198345899582,0.611504316329956,0.9923415638643804
Cylindrical Pores,67,0.11922787129878998,0.6361580491065979,0.9927640776593133
Cylindrical Pores,68,0.16265258193016052,0.7281611561775208,0.9919960243815418
Cylindrical Pores,69,0.21589295566082,0.9032701849937439,0.9907001533146114
Cylindrical Pores,70,0.2982288599014282,0.9775113463401794,0.9896802044745125
Cylindrical Pores,71,0.17314982414245605,0.7589533925056458,0.9914450081561218
Cylindrical Pores,72,0.43463432788848877,0.5773245096206665,0.9895978904137309
Cylindrical Pores,73,0.33056700229644775,0.7327405214309692,0.9879970988180089
Cylindrical Pores,74,0.32259881496429443,0.7403643727302551,0.9873487777542556
Cylindrical Pores,75,0.4054335057735443,0.6913435459136963,0.9873647580642697
Cylindrical Pores,76,0.20963060855865479,0.5533472299575806,0.9877869835990966
Cylindrical Pores,77,0.2198925018310547,0.5269812941551208,0.9887969461553767
Cylindrical Pores,78,0.20928815007209778,0.5694960951805115,0.9888317733449257
Cylindrical Pores,79,0.1867922991514206,0.5934361219406128,0.9877861880425167
Cylindrical Pores,80,0.22368445992469788,0.8607102632522583,0.9852253987388998
Cylindrical Pores,81,0.24254348874092102,0.8920629620552063,0.9851963666066189
Cylindrical Pores,82,0.20952941477298737,1.0180120468139648,0.983633453124361
Cylindrical Pores,83,0.1633850485086441,1.1166075468063354,0.9819436972373612
Cylindrical Pores,84,1.365058183670044,0.5084834694862366,0.9716887722446604
Cylindrical Pores,85,0.9237231016159058,0.6763882040977478,0.9737242639210388
Cylindrical Pores,86,1.0889934301376343,0.5635722875595093,0.9740639687423571
Cylindrical Pores,87,1.2287133932113647,0.5482667684555054,0.9710893643871662
Cylindrical Pores,88,0.8894795179367065,1.0158611536026,0.9800956351471304
Cylindrical Pores,89,0.8484455943107605,0.9414172768592834,0.9809460655816719
Cylindrical Pores,90,0.9728605151176453,0.89235919713974,0.9818145467511844
Cylindrical Pores,91,1.0109257698059082,0.9413082003593445,0.9814803659616173
Cylindrical Pores,92,1.2188140153884888,0.7397165298461914,0.9803814542177648
Cylindrical Pores,93,1.1830617189407349,0.8426169753074646,0.9817173856623098
Cylindrical Pores,94,1.1674294471740723,0.6735084652900696,0.9813836117011072
Cylindrical Pores,95,1.3258132934570312,0.8117840886116028,0.9837753034270958
Cylindrical Pores,96,1.0223488807678223,0.9395743012428284,0.9753960791791929
Cylindrical Pores,97,1.1808853149414062,0.9615070223808289,0.9784664058696443
Cylindrical Pores,98,1.1319915056228638,1.0229272842407227,0.9794645719269895
Cylindrical Pores,99,1.1659785509109497,1.0593597888946533,0.980180601883793
Cylindrical Pores,100,0.8222264051437378,1.0225811004638672,0.9803093922082426
Cylindrical Pores,101,0.5018841028213501,0.7804039716720581,0.9839945473772709
Cylindrical Pores,102,0.8177409768104553,0.9977560043334961,0.9802082507804055
Cylindrical Pores,103,0.8400618433952332,1.099955439567566,0.9784208981044411
Cylindrical Pores,104,0.8710932731628418,0.762939453125,0.9891427152363773
Cylindrical Pores,105,0.8564394116401672,0.8043140769004822,0.9882373781419541
Cylindrical Pores,106,0.8503826856613159,0.8396196365356445,0.9866563037812284
Cylindrical Pores,107,0.9825496673583984,0.8877596259117126,0.988173129538689
Cylindrical Pores,108,0.21961431205272675,1.1454788446426392,0.9760796460946192
Cylindrical Pores,109,0.05523553118109703,0.9661645293235779,0.9789546835097224
Cylindrical Pores,110,0.15116053819656372,0.9660784602165222,0.9770754200897744
Cylindrical Pores,111,0.032555170357227325,0.9394916296005249,0.9781235020802344
Cylindrical Pores,112,0.16056132316589355,1.2471896409988403,0.9697270271450793
Cylindrical Pores,113,0.06699398159980774,1.0485705137252808,0.9713087864473979
Cylindrical Pores,114,0.29248282313346863,1.2853933572769165,0.9757616546012803
Cylindrical Pores,115,0.014750190079212189,1.0108022689819336,0.9743431036272655
Cylindrical Pores,116,0.11234857141971588,0.9992356896400452,0.9773267924001882
Cylindrical Pores,117,0.2380652278661728,0.7867246866226196,0.9754925780889133
Cylindrical Pores,118,0.2184174358844757,0.7942365407943726,0.9811902186415984
Cylindrical Pores,119,0.18828095495700836,0.749638557434082,0.9818039759608347
Cylindrical Grains,0,0.36401888728141785,0.5589029788970947,0.9917743567032964
Cylindrical Grains,1,0.4255010485649109,0.653201162815094,0.9914596403241528
Cylindrical Grains,2,0.35558390617370605,0.6141116619110107,0.9917664840062962
Cylindrical Grains,3,0.3644566237926483,0.5982859134674072,0.9916790457046956
Cylindrical Grains,4,0.5890676379203796,0.7446844577789307,0.9908604303630183
Cylindrical Grains,5,0.41979172825813293,0.7040733098983765,0.9903042440687817
Cylindrical Grains,6,0.3636115789413452,0.6731458902359009,0.9898601558110274
Cylindrical Grains,7,0.5182167887687683,0.7327852845191956,0.9901761889462758
Cylindrical Grains,8,0.5296438336372375,1.0119624137878418,0.9837584435771202
Cylindrical Grains,9,0.31684044003486633,0.8667874336242676,0.9855671198790205
Cylindrical Grains,10,0.36318084597587585,0.7617170214653015,0.9866189564809902
Cylindrical Grains,11,0.44726359844207764,0.9255961179733276,0.9849862772785885
Cylindrical Grains,12,0.20993097126483917,0.8159059882164001,0.9859761401006524
Cylindrical Grains,13,0.0725831612944603,0.7338073253631592,0.98722129117961
Cylindrical Grains,14,0.08058436214923859,0.7478699088096619,0.9870285592117699
Cylindrical Grains,15,0.009182500652968884,0.7295552492141724,0.9866088021329077
Cylindrical Grains,16,0.3319514989852905,0.7349914312362671,0.9887053405561227
Cylindrical Grains,17,0.35718032717704773,0.7813705801963806,0.988439847186632
Cylindrical Grains,18,0.25026312470436096,0.7981120944023132,0.9880016534984968
Cylindrical Grains,19,0.5340951085090637,0.7869603037834167,0.9869769290480956
Cylindrical Grains,20,0.7290481925010681,0.6103368997573853,0.9875940416889863
Cylindrical Grains,21,0.7461588382720947,0.5810760259628296,0.9865799614110076
Cylindrical Grains,22,0.6718432307243347,0.5871565937995911,0.9887405638760844
Cylindrical Grains,23,0.6929125189781189,0.647794246673584,0.9881711977075093
Cylindrical Grains,24,0.8042927384376526,1.3588323593139648,0.9833415774411429
Cylindrical Grains,25,0.836362361907959,1.2615753412246704,0.9852315857314949
Cylindrical Grains,26,0.9390504360198975,1.5017181634902954,0.9829182905617435
Cylindrical Grains,27,0.8389144539833069,1.3640015125274658,0.9836523468030038
Cylindrical Grains,28,0.6261833906173706,1.0293813943862915,0.9617633757385602
Cylindrical Grains,29,1.009204626083374,1.102265477180481,0.9484511395652516
Cylindrical Grains,30,0.8361197113990784,1.0531094074249268,0.955906192020149
Cylindrical Grains,31,0.4123701751232147,0.9918462634086609,0.963385714670356
Cylindrical Grains,32,0.1858212649822235,0.9117031693458557,0.9845970645433743
Cylindrical Grains,33,0.08406184613704681,1.1220574378967285,0.982172633007085
Cylindrical Grains,34,0.22269165515899658,1.23906672000885,0.9787816351917275
Cylindrical Grains,35,0.06419049203395844,1.0349457263946533,0.9815445808288138
Cylindrical Grains,36,0.5727225542068481,0.6000542044639587,0.9897974299243459
Cylindrical Grains,37,0.6332666277885437,0.6258799433708191,0.9891321798578188
Cylindrical Grains,38,0.656213641166687,0.6188112497329712,0.9904299499599813
Cylindrical Grains,39,0.4619240164756775,0.574633777141571,0.9911675964031718
Cylindrical Grains,40,0.6879217028617859,0.5410443544387817,0.9896249708947408
Cylindrical Grains,41,0.7979319095611572,0.5838071703910828,0.990050306454325
Cylindrical Grains,42,0.7130457758903503,0.544370710849762,0.9907776582014655
Cylindrical Grains,43,0.683949887752533,0.49782228469848633,0.9901056743064118
Cylindrical Grains,44,0.04513111710548401,0.5930245518684387,0.9910434278391435
Cylindrical Grains,45,0.09555099904537201,0.6182615756988525,0.9918341707303249
Cylindrical Grains,46,0.165334552526474,0.6064820289611816,0.9912765695511881
Cylindrical Grains,47,0.2394685000181198,0.730209231376648,0.9901554791842228
Cylindrical Grains,48,0.4630856513977051,0.9374317526817322,0.9845510674106933
Cylindrical Grains,49,0.5289286971092224,0.9650232791900635,0.9860923599787043
Cylindrical Grains,50,0.5784054398536682,0.9547557830810547,0.986672155113831
Cylindrical Grains,51,0.46321168541908264,0.9851297736167908,0.9824415661978582
Cylindrical Grains,52,0.022301197052001953,0.7266675233840942,0.9669365490493851
Cylindrical Grains,53,0.08084898442029953,0.7782999873161316,0.965239874112398
Cylindrical Grains,54,0.2037055939435959,0.814353883266449,0.9694009684432824
Cylindrical Grains,55,0.12332526594400406,0.8519299626350403,0.961327956470719
Cylindrical Grains,56,0.6898329257965088,0.9518745541572571,0.9823707928748585
Cylindrical Grains,57,0.7150014042854309,0.8095863461494446,0.9858664365163774
Cylindrical Grains,58,0.9691265225410461,1.0915157794952393,0.9812266813862129
Cylindrical Grains,59,0.9635722637176514,1.1065696477890015,0.9792203197211432
Cylindrical Grains,60,0.5841229557991028,0.6355078220367432,0.9886345858160894
Cylindrical Grains,61,0.6035343408584595,0.6212318539619446,0.9889702746797413
Cylindrical Grains,62,0.3493914306163788,0.6003755331039429,0.9897275111449271
Cylindrical Grains,63,0.5742494463920593,0.5982986688613892,0.9889396457071287
Cylindrical Grains,64,0.12446296960115433,0.787173330783844,0.980753436085537
Cylindrical Grains,65,0.11174196004867554,0.6909952759742737,0.9856838825696916
Cylindrical Grains,66,0.0010846444638445973,0.7706612944602966,0.9845113921972464
Cylindrical Grains,67,0.13288073241710663,0.7838963270187378,0.9831741917674621
Cylindrical Grains,68,0.11131057143211365,0.8282327055931091,0.986536406941542
Cylindrical Grains,69,0.057531967759132385,0.7205784916877747,0.9890065532143101
Cylindrical Grains,70,0.037850283086299896,0.796299397945404,0.9878995496253563
Cylindrical Grains,71,0.05727391690015793,0.7674882411956787,0.9874117462953123
Cylindrical Grains,72,1.8910248279571533,2.420790433883667,0.9467071831573824
Cylindrical Grains,73,2.04018497467041,2.6165032386779785,0.9399843085273578
Cylindrical Grains,74,1.8766674995422363,2.4295222759246826,0.9473997781858939
Cylindrical Grains,75,1.658590316772461,2.096297025680542,0.9551693004975613
Cylindrical Grains,76,0.7435094118118286,1.9393408298492432,0.9597750334632998
Cylindrical Grains,77,0.8670952320098877,2.1200063228607178,0.957665246036302
Cylindrical Grains,78,0.6837795376777649,1.7835687398910522,0.9672784799490765
Cylindrical Grains,79,0.43799519538879395,1.5445606708526611,0.970583323667243
Cylindrical Grains,80,0.3632262945175171,0.8477805852890015,0.9774016523023062
Cylindrical Grains,81,0.3737439215183258,0.839824378490448,0.9760360274876281
Cylindrical Grains,82,0.597599983215332,0.8276175856590271,0.9694834006049735
Cylindrical Grains,83,0.36759281158447266,0.8276622295379639,0.978467093955134
Cylindrical Grains,84,0.40704044699668884,0.6213694214820862,0.9767438095536642
Cylindrical Grains,85,0.2959412932395935,0.6125100255012512,0.9772657444233227
Cylindrical Grains,86,0.2848881781101227,0.6214100122451782,0.9791997879222913
Cylindrical Grains,87,0.44584667682647705,0.6535326242446899,0.9734877550740585
Cylindrical Grains,88,0.33692237734794617,0.7423155903816223,0.9872273080375095
Cylindrical Grains,89,0.15851283073425293,0.7300774455070496,0.9849890772580939
Cylindrical Grains,90,0.29865679144859314,0.6826367378234863,0.9873723773272882
Cylindrical Grains,91,0.13427181541919708,0.7001089453697205,0.9847010317668088
Cylindrical Grains,92,1.5298044681549072,1.6966617107391357,0.9617299925498116
Cylindrical Grains,93,1.2330528497695923,1.381131649017334,0.9694782983147888
Cylindrical Grains,94,1.4215116500854492,1.6571444272994995,0.9616306242829575
Cylindrical Grains,95,1.4487158060073853,1.699743390083313,0.9652572028608025
Bentheimer,0,0.3815518319606781,0.8371028900146484,0.965187778787639
Bentheimer,1,0.13081353902816772,0.8302494287490845,0.9601908947621244
Bentheimer,2,0.6002287864685059,1.0960235595703125,0.9607743257730992
Bentheimer,3,0.4930874705314636,0.9610737562179565,0.9628795923673454
Bentheimer,4,3.5674545764923096,5.228884696960449,0.8583305761988788
Bentheimer,5,3.0273985862731934,5.152948379516602,0.8613044185552298
Bentheimer,6,3.4820003509521484,5.276870250701904,0.850660039423949
Bentheimer,7,3.184755802154541,4.680216312408447,0.8642257363293646
Bentheimer,8,4.6276326179504395,1.773302435874939,0.7956344149117995
Bentheimer,9,4.296517848968506,2.0115904808044434,0.8164344430793915
Bentheimer,10,4.736672878265381,1.6961514949798584,0.7940485813451846
Bentheimer,11,4.254481315612793,1.8295596837997437,0.8271093357124659
Bentheimer,12,0.9147297739982605,1.571106195449829,0.9684821801981709
Bentheimer,13,0.9327161312103271,1.6809290647506714,0.9647563426423404
Bentheimer,14,0.5934868454933167,1.3859212398529053,0.9731564163772878
Bentheimer,15,0.5887021422386169,1.6813653707504272,0.9673268053940518
Bentheimer,16,0.46990394592285156,2.081411361694336,0.9692604235073673
Bentheimer,17,0.43226614594459534,1.6486214399337769,0.9756604766242232
Bentheimer,18,0.4487136900424957,2.0090887546539307,0.9695294350339817
Bentheimer,19,0.5745779275894165,2.4789059162139893,0.9613592552601159
Bentheimer,20,1.4054383039474487,2.879032850265503,0.919804287354584
Bentheimer,21,1.2435994148254395,2.472182273864746,0.9403139930692165
Bentheimer,22,1.4572135210037231,2.5100181102752686,0.9377851089882361
Bentheimer,23,1.4851515293121338,2.8870601654052734,0.9269269303283718
Bentheimer,24,0.9889403581619263,1.573204517364502,0.9629764088355587
Bentheimer,25,0.9187415838241577,1.470023274421692,0.9706903301830387
Bentheimer,26,0.8815857768058777,1.3324213027954102,0.9743171447415466
Bentheimer,27,0.8297886252403259,1.2683217525482178,0.9762066496068085
Bentheimer,28,0.9596725702285767,1.070030927658081,0.9630735080337558
Bentheimer,29,0.820895791053772,1.0384927988052368,0.9699215017774981
Bentheimer,30,1.09670889377594,1.175163984298706,0.9601655369957777
Bentheimer,31,0.8857649564743042,0.9541960954666138,0.968118177111127
Bentheimer,32,2.649940013885498,2.7733607292175293,0.8637383517056437
Bentheimer,33,2.451950788497925,2.628329277038574,0.8580003450510897
Bentheimer,34,2.758714437484741,2.9410979747772217,0.8490074446792716
Bentheimer,35,2.601799488067627,2.749727249145508,0.8558625224625278
Bentheimer,36,0.04998344928026199,1.176972508430481,0.9733103728696783
Bentheimer,37,0.03701207786798477,1.229580283164978,0.9758752405480282
Bentheimer,38,0.11596252024173737,1.2150863409042358,0.9766017782451311
Bentheimer,39,0.07602065801620483,1.020607829093933,0.9804077444264991
Bentheimer,40,0.9345893263816833,2.081463098526001,0.9194338238416522
Bentheimer,41,0.9068536162376404,2.270914316177368,0.9064529226038677
Bentheimer,42,0.8646806478500366,1.9021514654159546,0.9352994672616769
Bentheimer,43,0.9148351550102234,1.9765106439590454,0.9272540711164055
Bentheimer,44,0.3406805098056793,0.9168221950531006,0.9804633032866094
Bentheimer,45,0.7983932495117188,1.6279205083847046,0.9690709180589253
Bentheimer,46,0.8376809358596802,1.4961353540420532,0.9699035239274064
Bentheimer,47,0.6926795244216919,1.406944751739502,0.9711666360179589
Bentheimer,48,0.015136192552745342,1.294504165649414,0.9747608988220119
Bentheimer,49,0.05596226081252098,1.2016582489013672,0.9772989763367707
Bentheimer,50,0.13674496114253998,1.3644057512283325,0.9743496839176043
Bentheimer,51,0.2841401994228363,1.4700226783752441,0.9723737203757757
Bentheimer,52,1.4290179014205933,1.6970235109329224,0.9364113803804538
Bentheimer,53,1.3044897317886353,1.748802661895752,0.9466473107031458
Bentheimer,54,1.6148077249526978,1.6966631412506104,0.9382896429499514
Bentheimer,55,1.5861456394195557,2.07681941986084,0.9108584513555997
Bentheimer,56,0.05694067105650902,0.707423210144043,0.9804799951819716
Bentheimer,57,0.18273301422595978,0.7081764340400696,0.9792056288603258
Bentheimer,58,0.07390446960926056,0.7609156370162964,0.9787211535232077
Bentheimer,59,0.17097441852092743,0.6775466203689575,0.9751730271471922
Bentheimer,60,1.1833163499832153,1.4640779495239258,0.971603795186085
Bentheimer,61,0.9330368638038635,1.1736549139022827,0.9723745813834364
Bentheimer,62,0.9430068731307983,1.1687082052230835,0.9736671489482097
Bentheimer,63,1.0911080837249756,1.335600733757019,0.973766361096534
Bentheimer,64,0.5629816055297852,0.7303342223167419,0.9801327974027744
Bentheimer,65,0.5867234468460083,0.8068239688873291,0.980721900496398
Bentheimer,66,0.46807268261909485,0.8574142456054688,0.9798298323404183
Bentheimer,67,0.33657196164131165,0.7880599498748779,0.9805968098641642
Bentheimer,68,0.03892642632126808,0.8573541641235352,0.9817012181330568
Bentheimer,69,0.2565608024597168,0.8130347728729248,0.9810153706491782
Bentheimer,70,0.0655188336968422,0.7384983897209167,0.9806375951958498
Bentheimer,71,0.33710777759552,0.8068443536758423,0.9799048578764524
Bentheimer,72,0.5549639463424683,1.2908992767333984,0.9615497409125857
Bentheimer,73,0.6037736535072327,1.4411464929580688,0.9570871485698048
Bentheimer,74,0.657991349697113,1.4750014543533325,0.9583529457894571
Bentheimer,75,0.6270442605018616,1.3436717987060547,0.9610753946527013
Bentheimer,76,0.6555513739585876,1.2616101503372192,0.9767578813681663
Bentheimer,77,0.7147874236106873,1.3779280185699463,0.9719240874644742
Bentheimer,78,0.8375043869018555,1.4115245342254639,0.9735396038008726
Bentheimer,79,1.0506775379180908,1.5377609729766846,0.9719552102871075
Bentheimer,80,2.5740880966186523,2.2224082946777344,0.8822836549530333
Bentheimer,81,2.4955878257751465,2.23516583442688,0.8938681612646442
Bentheimer,82,2.4464571475982666,2.352907657623291,0.8951664092097538
Bentheimer,83,2.6113078594207764,2.201584577560425,0.8763313796359626
Bentheimer,84,1.4608491659164429,2.433590888977051,0.8560834487590143
Bentheimer,85,1.284730076789856,2.2920494079589844,0.8617476925166571
Bentheimer,86,1.243462324142456,2.2572553157806396,0.8777697537523814
Bentheimer,87,1.7002530097961426,1.915162444114685,0.859208838773143
Bentheimer,88,1.0332739353179932,0.8644254207611084,0.9651032430753407
Bentheimer,89,0.7375562787055969,0.8116791844367981,0.9756732026145666
Bentheimer,90,0.9806926846504211,0.8258683085441589,0.9683770082247604
Bentheimer,91,1.3180361986160278,0.8150781393051147,0.9627368148286933
Bentheimer,92,0.23996689915657043,0.8318920731544495,0.9860583561804256
Bentheimer,93,0.2773003578186035,0.9392234683036804,0.9829575810558991
Bentheimer,94,0.16308706998825073,0.9132142663002014,0.9841939150466619
Bentheimer,95,0.45615124702453613,0.9957784414291382,0.9837875570949123
Bentheimer,96,0.8147333860397339,1.3405165672302246,0.9761351664707999
Bentheimer,97,0.5455295443534851,1.2332340478897095,0.9736731439654966
Bentheimer,98,0.9703740477561951,1.4144002199172974,0.970310411990589
Bentheimer,99,0.9451859593391418,1.3705077171325684,0.9738724216253735
Bentheimer,100,0.06980174034833908,0.8099283576011658,0.9897558884194567
Bentheimer,101,0.07016587257385254,0.8678760528564453,0.9889289559980169
Bentheimer,102,0.19305464625358582,0.8578454256057739,0.9897816546146359
Bentheimer,103,0.13992580771446228,0.815818190574646,0.9901163784884436
Bentheimer,104,0.6527937054634094,1.2489583492279053,0.970297858744623
Bentheimer,105,0.7052915096282959,1.2240478992462158,0.9724850691316101
Bentheimer,106,0.5393140316009521,1.0353550910949707,0.9757064889513593
Bentheimer,107,0.949588418006897,1.3485969305038452,0.9706930584787617
Bentheimer,108,0.2685685157775879,0.8025975227355957,0.9868779403967698
Bentheimer,109,0.28865012526512146,0.8259353041648865,0.9869324703871551
Bentheimer,110,0.12597496807575226,0.8242149949073792,0.9871063412054043
Bentheimer,111,0.25002339482307434,0.8122100830078125,0.9870006596795314
Bentheimer,112,1.1784069538116455,1.327263355255127,0.9627392541704075
Bentheimer,113,1.4767564535140991,1.595554232597351,0.9627109457797539
Bentheimer,114,1.0604169368743896,1.109766960144043,0.9657975316611687
Bentheimer,115,1.053275465965271,1.440998911857605,0.9645545016138015
Bentheimer,116,1.4432986974716187,2.0160138607025146,0.818565603694662
Bentheimer,117,1.73711359500885,2.0472757816314697,0.8168064726863367
Bentheimer,118,0.9819242358207703,1.6132961511611938,0.858236588661122
Bentheimer,119,1.4395160675048828,1.9167453050613403,0.8304837513939572
Bentheimer,120,0.566276490688324,1.5428565740585327,0.9587246849548741
Bentheimer,121,0.45642879605293274,1.4582270383834839,0.9645056044367024
Bentheimer,122,0.5255510210990906,1.3676446676254272,0.9644437574815375
Bentheimer,123,0.4631131589412689,1.5508161783218384,0.9550598234355038
Bentheimer,124,1.2161439657211304,0.7534866333007812,0.9530598844788918
Bentheimer,125,1.4447896480560303,0.6877381205558777,0.9525363888013261
Bentheimer,126,1.5366010665893555,0.7721478939056396,0.9492552850077843
Bentheimer,127,1.6766557693481445,0.8043472766876221,0.9545915871601235
Bentheimer,128,4.732664108276367,2.171652317047119,0.851473526573063
Bentheimer,129,4.829588890075684,1.8994240760803223,0.8685581025270943
Bentheimer,130,5.07010555267334,2.050224781036377,0.8258851200734459
Bentheimer,131,4.613753795623779,1.9754687547683716,0.8535370301565973
Bentheimer,132,0.42874741554260254,1.690898060798645,0.9370185463927914
Bentheimer,133,0.972740888595581,1.8198350667953491,0.9369424587413316
Bentheimer,134,0.08626698702573776,1.3259791135787964,0.9545770630539995
Bentheimer,135,1.0580998659133911,1.8638116121292114,0.9401012851737818
Bentheimer,136,0.09120821952819824,0.750544011592865,0.9854925806934196
Bentheimer,137,0.011693968437612057,0.923789918422699,0.9823131132266081
Bentheimer,138,0.20331881940364838,0.8808344006538391,0.9812032850601653
Bentheimer,139,0.18194299936294556,1.0330876111984253,0.9819752729861335
Bentheimer,140,0.6397973895072937,0.756339430809021,0.9809932540537621
Bentheimer,141,0.5245981812477112,0.6577627062797546,0.9833021449116502
Bentheimer,142,0.6205033659934998,0.7606079578399658,0.9802370727022353
Bentheimer,143,0.6495234966278076,0.7855244874954224,0.9808079157781915
Bentheimer,144,0.07023181021213531,0.9422407746315002,0.9697841084943516
Bentheimer,145,0.0010357301216572523,0.8302245736122131,0.9715252885065885
Bentheimer,146,0.22509092092514038,0.8301777839660645,0.9714620636767533
Bentheimer,147,0.3396845757961273,0.9799975752830505,0.9683912770593134
Bentheimer,148,1.4713466167449951,1.6279267072677612,0.9708388386488076
Bentheimer,149,1.436249852180481,1.408115267753601,0.9717315488505522
Bentheimer,150,1.2915253639221191,1.3710664510726929,0.9804229610853701
Bentheimer,151,1.2244635820388794,1.3951462507247925,0.9744686209973862
Bentheimer,152,0.45687177777290344,0.7218762040138245,0.9791575717992632
Bentheimer,153,0.49991533160209656,0.9943820238113403,0.9744527467038142
Bentheimer,154,0.42867693305015564,0.8748869895935059,0.9763819645855956
Bentheimer,155,0.30086228251457214,0.8488275408744812,0.9741395707612222
Bentheimer,156,0.14710251986980438,0.8214120268821716,0.9864900591399844
Bentheimer,157,0.20009852945804596,0.8114489912986755,0.9871038992012251
Bentheimer,158,0.09920204430818558,0.859982967376709,0.985268788745399
Bentheimer,159,0.07592897117137909,0.8808436393737793,0.9851659520308849
Bentheimer,160,0.13133732974529266,1.41054368019104,0.9653385250296044
Bentheimer,161,0.2197345495223999,1.3177909851074219,0.9663226971048196
Bentheimer,162,0.5062788724899292,1.5730371475219727,0.9549949454536841
Bentheimer,163,0.43368232250213623,1.362294316291809,0.9617088410263898
Bentheimer,164,0.4661623537540436,0.7006040215492249,0.9853297774147719
Bentheimer,165,0.3213302791118622,0.6710329651832581,0.9842157675478125
Bentheimer,166,0.37969931960105896,0.6616743206977844,0.9839637341251396
Bentheimer,167,0.3844386339187622,0.6474437117576599,0.9856908176989904
Bentheimer,168,3.0596911907196045,2.134902238845825,0.8765353138845073
Bentheimer,169,2.757229804992676,2.6669585704803467,0.9214933525426763
Bentheimer,170,2.2806026935577393,2.1539862155914307,0.945998234018271
Bentheimer,171,2.500117540359497,2.4578053951263428,0.9243681071946837
Bentheimer,172,0.5246591567993164,1.1463648080825806,0.9805581108426593
Bentheimer,173,0.5116114020347595,0.8772808313369751,0.9826568766951047
Bentheimer,174,0.6565506458282471,1.0109885931015015,0.9796682480839172
Bentheimer,175,0.33391687273979187,0.8660516738891602,0.9825638743717524
Bentheimer,176,0.2681021988391876,2.2363438606262207,0.8001787628025646
Bentheimer,177,0.7508115172386169,2.5396411418914795,0.784618374832801
Bentheimer,178,0.3723880350589752,2.5246715545654297,0.7464486458505273
Bentheimer,179,0.6645972728729248,2.5196163654327393,0.7516216549270028
Bentheimer,180,0.780241847038269,1.2831175327301025,0.9677413040659201
Bentheimer,181,0.6643738150596619,1.1892919540405273,0.9739773647857722
Bentheimer,182,0.8902040123939514,1.3228381872177124,0.9654015217820654
Bentheimer,183,0.7361729145050049,1.284403920173645,0.968194195867502
Bentheimer,184,1.13043212890625,1.8967043161392212,0.9606285117990252
Bentheimer,185,1.0829051733016968,1.869503378868103,0.9581211563912831
Bentheimer,186,1.215482473373413,2.0507333278656006,0.9598690621924579
Bentheimer,187,0.676158607006073,1.2817176580429077,0.9749444504862724
Bentheimer,188,0.0068244668655097485,1.1595818996429443,0.9335084825257927
Bentheimer,189,0.03990476578474045,1.1857634782791138,0.9309333983172035
Bentheimer,190,0.03412233665585518,1.1213600635528564,0.9384628026101154
Bentheimer,191,0.09124788641929626,1.1118557453155518,0.9288625828367086
Bentheimer,192,1.1845037937164307,3.038675308227539,0.9473472476411913
Bentheimer,193,0.6840670704841614,2.2165541648864746,0.9568935580143808
Bentheimer,194,0.9786300659179688,2.7173924446105957,0.950260152655516
Bentheimer,195,0.8090246319770813,2.425912618637085,0.9560465689299956
Bentheimer,196,0.22815215587615967,0.9845717549324036,0.9502911716652407
Bentheimer,197,0.2765326201915741,0.9448094964027405,0.9494677628725294
Bentheimer,198,0.6340856552124023,1.1231837272644043,0.9515337134471642
Bentheimer,199,0.39166757464408875,0.9983441233634949,0.9508831392861942
Bentheimer,200,0.35609424114227295,1.1349984407424927,0.9015375673606679
Bentheimer,201,0.24016183614730835,1.2800304889678955,0.922945335171564
Bentheimer,202,0.18697136640548706,1.3943690061569214,0.9327472918775799
Bentheimer,203,0.31624287366867065,0.9784195423126221,0.9454496379658498
Bentheimer,204,2.0996479988098145,2.342353343963623,0.9258946389837697
Bentheimer,205,2.1687145233154297,2.439744234085083,0.9199000082173304
Bentheimer,206,2.2721567153930664,2.5550475120544434,0.9254695339740037
Bentheimer,207,2.1708946228027344,2.520690679550171,0.931330780777266
Bentheimer,208,0.03512188419699669,0.8687458038330078,0.9766357046813212
Bentheimer,209,0.3073602318763733,0.8876750469207764,0.9782387913968821
Bentheimer,210,0.20385174453258514,1.0072627067565918,0.9768830244858834
Bentheimer,211,0.1983971744775772,0.8928250670433044,0.9718360949803776
Bentheimer,212,0.9435210824012756,1.4938733577728271,0.9812405599460895
Bentheimer,213,0.9028454422950745,1.4735331535339355,0.9829280667386412
Bentheimer,214,0.8460979461669922,1.466776728630066,0.9824468513530569
Bentheimer,215,0.851885974407196,1.607987642288208,0.9824501611002338
Bentheimer,216,0.7088497281074524,1.5385022163391113,0.9704600985751233
Bentheimer,217,0.5067022442817688,1.3752905130386353,0.9745732411952921
Bentheimer,218,0.6526595950126648,1.5702173709869385,0.9689387100718745
Bentheimer,219,0.8238499760627747,1.586637020111084,0.9727573064164057
Bentheimer,220,0.1063462421298027,0.9716920852661133,0.9828762711653847
Bentheimer,221,0.03796692192554474,1.0310879945755005,0.9824327997324158
Bentheimer,222,0.08990728110074997,0.9181283712387085,0.983857293247005
Bentheimer,223,0.003400747897103429,0.9325719475746155,0.9840946966723474
Bentheimer,224,1.0351322889328003,0.918757438659668,0.965425048105249
Bentheimer,225,1.0585757493972778,0.9173415303230286,0.9651808151838719
Bentheimer,226,0.7855888605117798,0.7988474369049072,0.9595407557870403
Bentheimer,227,0.8042872548103333,0.8080433011054993,0.9670431259453757
Bentheimer,228,0.6161707639694214,0.878045916557312,0.961565243252729
Bentheimer,229,0.19937092065811157,0.7456840872764587,0.9733145378863589
Bentheimer,230,0.4018382430076599,0.6755740642547607,0.974088020271581
Bentheimer,231,0.6302106380462646,0.8233331441879272,0.9678811615633244
Bentheimer,232,0.11929110437631607,1.099992036819458,0.982155968303744
Bentheimer,233,0.2222144454717636,1.2908834218978882,0.978981842873459
Bentheimer,234,0.09630045294761658,1.2384754419326782,0.9768757844362369
Bentheimer,235,0.0343485027551651,1.2232662439346313,0.9793185725441258
Bentheimer,236,0.7515780329704285,0.8187105059623718,0.9780666268228582
Bentheimer,237,0.5506859421730042,0.7665969729423523,0.9793121061025205
Bentheimer,238,0.6644467711448669,0.85150545835495,0.9795688422734955
Bentheimer,239,0.6875133514404297,0.8662309646606445,0.9779762896864471
Bentheimer,240,0.7289957404136658,1.0547332763671875,0.9702603487376543
Bentheimer,241,0.8529188632965088,0.9368868470191956,0.9708131944877239
Bentheimer,242,0.8521069288253784,0.9395039677619934,0.9695121431901126
Bentheimer,243,0.9046202301979065,0.995719313621521,0.9678921000961092
Bentheimer,244,0.8101329803466797,0.9020197987556458,0.9712938129072609
Bentheimer,245,0.3996657729148865,0.9309336543083191,0.9776972816283314
Bentheimer,246,0.27555376291275024,0.9195528030395508,0.9799671239839751
Bentheimer,247,0.5749006271362305,0.9264757037162781,0.9762737464436055
Bentheimer,248,0.9105983376502991,1.0082417726516724,0.9805516189519327
Bentheimer,249,0.8610962629318237,0.9999057054519653,0.9809218080777052
Bentheimer,250,0.7360169887542725,0.9485746622085571,0.9782417854998677
Bentheimer,251,0.7742334008216858,0.9704707860946655,0.9785610332033062
Bentheimer,252,0.8636457920074463,0.7846314907073975,0.9587691909328164
Bentheimer,253,0.8178786039352417,0.7786758542060852,0.9458842968823278
Bentheimer,254,0.8363763689994812,0.7973294854164124,0.9470668905847642
Bentheimer,255,0.893365204334259,0.7655574083328247,0.9507402291548754
Bentheimer,256,0.2533233165740967,1.0003163814544678,0.9869699520104536
Bentheimer,257,0.40268975496292114,1.2383779287338257,0.9856789242827102
Bentheimer,258,0.3773845136165619,1.2556517124176025,0.9847183735811932
Bentheimer,259,0.1584664285182953,0.917542040348053,0.9880079661737096
Bentheimer,260,0.3254101276397705,0.9428475499153137,0.9843109104040413
Bentheimer,261,0.3208954930305481,1.1036802530288696,0.9834538536499616
Bentheimer,262,0.40981805324554443,1.1095185279846191,0.9833357687097094
Bentheimer,263,0.24378956854343414,1.02877938747406,0.9830762230906509
Bentheimer,264,0.7920731902122498,0.8567301034927368,0.9706492625134077
Bentheimer,265,0.6304418444633484,0.7554895877838135,0.9682558888784121
Bentheimer,266,0.5748554468154907,0.722411572933197,0.9748133584094825
Bentheimer,267,0.7096689343452454,0.7505412697792053,0.9729464937647221
Bentheimer,268,2.31139874458313,0.9902875423431396,0.9171996523844131
Bentheimer,269,2.3179023265838623,0.9445291757583618,0.902715853270129
Bentheimer,270,2.0591695308685303,0.9773412942886353,0.9290498418438125
Bentheimer,271,2.0463125705718994,0.8125162124633789,0.9194779915435278
Bentheimer,272,2.1275696754455566,2.7791128158569336,0.9281144224481578
Bentheimer,273,2.0431149005889893,2.6265451908111572,0.9389299165552609
Bentheimer,274,2.54164719581604,3.274519205093384,0.9075682618805886
Bentheimer,275,2.2526204586029053,2.869523763656616,0.9186064578164009
Bentheimer,276,1.446298599243164,1.020256519317627,0.9563083828528554
Bentheimer,277,1.3453139066696167,0.9927952885627747,0.9465451160199954
Bentheimer,278,1.425671100616455,0.9871425032615662,0.9543266311491062
Bentheimer,279,1.2604976892471313,1.1316237449645996,0.9581563518295383
Bentheimer,280,1.8024455308914185,1.5200189352035522,0.9405345370992664
Bentheimer,281,1.6001707315444946,1.3424485921859741,0.940394053148717
Bentheimer,282,1.7304706573486328,1.4446368217468262,0.937104789729547
Bentheimer,283,1.4750455617904663,1.5992060899734497,0.9469693892691583
Bentheimer,284,0.227944016456604,0.7142102122306824,0.9786721364063943
Bentheimer,285,0.33612123131752014,0.6917074918746948,0.9788918394525735
Bentheimer,286,0.1542782485485077,0.7736054062843323,0.9714030013259941
Bentheimer,287,0.10190878063440323,0.8672063946723938,0.9670089360996073
Bentheimer,288,0.035608623176813126,0.9481091499328613,0.9654816087906605
Bentheimer,289,0.15255782008171082,0.8185127377510071,0.9645705849957898
Bentheimer,290,0.038581911474466324,0.8788623213768005,0.9636811509647236
Bentheimer,291,0.3898071050643921,0.7877613306045532,0.9653283059226543
Bentheimer,292,1.2001405954360962,1.5035401582717896,0.9596997502652159
Bentheimer,293,0.7827982306480408,1.28008234500885,0.9628377328144716
Bentheimer,294,1.3529366254806519,1.601780891418457,0.962392099236312
Bentheimer,295,1.0448331832885742,1.4709137678146362,0.9539182997993083
Bentheimer,296,1.3121576309204102,1.2806358337402344,0.9601534282451887
Bentheimer,297,1.1053593158721924,1.212377667427063,0.9656564835370449
Bentheimer,298,1.0414118766784668,1.115929126739502,0.9682153314907425
Bentheimer,299,0.9946037530899048,0.965134859085083,0.9621509685504582
Bentheimer,300,0.2642555832862854,1.0271685123443604,0.9625940864701807
Bentheimer,301,0.1305462121963501,0.9892074465751648,0.9700632729905864
Bentheimer,302,0.23782533407211304,1.052548885345459,0.9654982157658335
Bentheimer,303,0.3275546431541443,1.1907806396484375,0.9607480301783733
Bentheimer,304,0.18450236320495605,1.1678296327590942,0.964052221812128
Bentheimer,305,0.20827698707580566,1.1508855819702148,0.9628110303039641
Bentheimer,306,0.3847832977771759,1.2143746614456177,0.9671338329107874
Bentheimer,307,0.6452007293701172,1.4515289068222046,0.9661213323372371
Bentheimer,308,0.21185535192489624,1.8871028423309326,0.9652018065677885
Bentheimer,309,0.6102421879768372,2.163628578186035,0.9614899931810215
Bentheimer,310,0.7306071519851685,2.217789888381958,0.962722473889447
Bentheimer,311,0.4678637981414795,2.1913044452667236,0.9582285620874792
Bentheimer,312,0.9121205806732178,1.2753942012786865,0.9521823482415264
Bentheimer,313,0.7439237236976624,1.3276445865631104,0.9547411165891663
Bentheimer,314,1.1326392889022827,1.3852317333221436,0.9538370006160878
Bentheimer,315,1.1098127365112305,1.7748957872390747,0.9512272903619508
Bentheimer,316,1.5906518697738647,2.6404099464416504,0.949126398867846
Bentheimer,317,1.7615679502487183,2.7841436862945557,0.9445804316617891
Bentheimer,318,1.7961814403533936,2.773209571838379,0.9404800272146079
Bentheimer,319,1.6959508657455444,2.5547988414764404,0.9479715079542103
Bentheimer,320,0.011659561656415462,1.376537561416626,0.9341648102916758
Bentheimer,321,0.3866296410560608,1.8001786470413208,0.927065466714194
Bentheimer,322,0.06479249894618988,1.6065282821655273,0.9303009801641063
Bentheimer,323,0.21585623919963837,1.627131700515747,0.9297323188552403
Bentheimer,324,0.31234538555145264,0.9198325872421265,0.970648027288256
Bentheimer,325,0.19665440917015076,1.0161250829696655,0.9723912374968624
Bentheimer,326,0.18641731142997742,0.9530787467956543,0.9703198934035634
Bentheimer,327,0.16097499430179596,0.9500993490219116,0.9776449627121881
Bentheimer,328,2.1607775688171387,2.439915180206299,0.9414748723231062
Bentheimer,329,2.1891398429870605,2.428194761276245,0.9384552219702011
Bentheimer,330,2.167428493499756,2.4946420192718506,0.9395429992523815
Bentheimer,331,2.540501117706299,2.8505542278289795,0.9374262999205072
Bentheimer,332,2.3877859115600586,4.8410139083862305,0.9538899759458552
Bentheimer,333,2.3165018558502197,4.3106842041015625,0.956417360752838
Bentheimer,334,2.033759117126465,4.188324928283691,0.958379760849271
Bentheimer,335,2.272944688796997,4.753042697906494,0.9579117867045792
Bentheimer,336,0.5246890783309937,1.262652039527893,0.963440711069103
Bentheimer,337,0.6911755800247192,1.2206618785858154,0.9687100244992151
Bentheimer,338,0.5960134863853455,1.1839449405670166,0.9696058594544916
Bentheimer,339,0.5245947241783142,1.4195560216903687,0.9680152680739679
Bentheimer,340,0.8013460636138916,0.765112042427063,0.9752310337142278
Bentheimer,341,0.742525577545166,0.7238128781318665,0.9794824802575484
Bentheimer,342,0.8449065089225769,0.7973851561546326,0.9759729134109304
Bentheimer,343,0.8523497581481934,0.7761222124099731,0.9762288093651067
Bentheimer,344,0.8559521436691284,1.5436952114105225,0.9633232572848758
Bentheimer,345,0.5746240019798279,1.2276630401611328,0.9642177969916833
Bentheimer,346,1.2660099267959595,1.869220495223999,0.9472835266983282
Bentheimer,347,0.9416269659996033,1.5271127223968506,0.9658255006227277
Bentheimer,348,0.37214499711990356,1.2679551839828491,0.960745874270046
Bentheimer,349,0.4340192377567291,1.3715115785598755,0.9576048570509212
Bentheimer,350,0.5683119893074036,1.1722487211227417,0.9613426531350932
Bentheimer,351,0.3756297826766968,1.193739414215088,0.9643085592258015
Bentheimer,352,0.8272057771682739,0.7220360636711121,0.9529219550634486
Bentheimer,353,0.7807256579399109,0.7588948607444763,0.9520265259496287
Bentheimer,354,0.4046840965747833,0.8200279474258423,0.9597955592524494
Bentheimer,355,0.7753469347953796,0.7537703514099121,0.9514723310229273
Bentheimer,356,0.6693018674850464,0.8617570400238037,0.9783021445063694
Bentheimer,357,0.5574454665184021,1.1052700281143188,0.973245314110823
Bentheimer,358,0.4926505386829376,1.0392799377441406,0.9750001759028698
Bentheimer,359,0.5527628660202026,0.8522441983222961,0.9767057243112962
Bentheimer,360,0.13784845173358917,0.7418491244316101,0.9792874534530355
Bentheimer,361,0.09591414779424667,0.854748010635376,0.9674233060615159
Bentheimer,362,0.009092669002711773,1.068618893623352,0.9650994352103691
Bentheimer,363,0.1807490438222885,1.0978500843048096,0.9621386671414862
Bentheimer,364,0.7331156134605408,0.8713974952697754,0.9755880749151867
Bentheimer,365,0.9254072904586792,0.9412382245063782,0.975434621714959
Bentheimer,366,0.758250892162323,0.9420660734176636,0.9721442275575295
Bentheimer,367,1.058245301246643,1.1078764200210571,0.9727982960253074
Bentheimer,368,0.3511554002761841,1.0261943340301514,0.9802591866478226
Bentheimer,369,0.5011345744132996,1.234020471572876,0.9741499448636216
Bentheimer,370,0.5817415714263916,1.1269302368164062,0.9801961253841469
Bentheimer,371,0.39379990100860596,1.022887945175171,0.9809749810841971
Bentheimer,372,1.8092325925827026,2.330688714981079,0.9337105579847323
Bentheimer,373,1.7156646251678467,2.137484550476074,0.9399698554414164
Bentheimer,374,1.7984755039215088,2.331747055053711,0.9278852707726876
Bentheimer,375,1.9046612977981567,2.4485254287719727,0.920491266661764
Bentheimer,376,2.6482043266296387,2.683298349380493,0.9244611760568091
Bentheimer,377,2.7580387592315674,2.9507548809051514,0.9187098597955871
Bentheimer,378,2.479165554046631,2.7071313858032227,0.931534059516292
Bentheimer,379,2.16025972366333,2.714374542236328,0.941435630015349
Bentheimer,380,0.439059317111969,0.9489794969558716,0.9739800205430603
Bentheimer,381,0.37273722887039185,0.9807278513908386,0.9714999254118123
Bentheimer,382,0.5042012929916382,0.8988306522369385,0.9702244978545184
Bentheimer,383,0.47841599583625793,1.0176953077316284,0.9707877971316279
Bentheimer,384,0.37228304147720337,0.9905972480773926,0.9840607676291926
Bentheimer,385,0.2710220515727997,0.9474925994873047,0.9803662162896738
Bentheimer,386,0.41356995701789856,0.8967422246932983,0.9866087355945149
Bentheimer,387,0.14689268171787262,0.8331612944602966,0.9825580783063064
Bentheimer,388,0.28858327865600586,0.7087686061859131,0.983267768805673
Bentheimer,389,0.45294541120529175,0.7619109153747559,0.9839660171258253
Bentheimer,390,0.3030789792537689,0.7032593488693237,0.981433586336195
Bentheimer,391,0.28387096524238586,0.6450360417366028,0.9824971775000644
Bentheimer,392,0.1734897941350937,1.16897451877594,0.9767187322524252
Bentheimer,393,0.36733826994895935,1.2862231731414795,0.974574304759838
Bentheimer,394,0.3677521049976349,1.1692092418670654,0.9763217379679016
Bentheimer,395,0.3367606997489929,1.2464827299118042,0.9784704445188497
Bentheimer,396,0.29084300994873047,1.0456429719924927,0.9782135046590251
Bentheimer,397,0.24293984472751617,0.8334216475486755,0.9816977344445207
Bentheimer,398,0.054977431893348694,0.7953132390975952,0.9826485413103099
Bentheimer,399,0.15776287019252777,1.0048748254776,0.9791963913485419
Bentheimer,400,0.5357333421707153,1.1257987022399902,0.985579566419301
Bentheimer,401,0.4793981611728668,1.0311070680618286,0.985054843802585
Bentheimer,402,0.5521286725997925,1.1254419088363647,0.9838411804372152
Bentheimer,403,0.6214067339897156,1.1614928245544434,0.9823197453242573
Bentheimer,404,0.4638805389404297,0.896149218082428,0.9702106222624418
Bentheimer,405,0.2764943540096283,0.7086502313613892,0.9714680206562211
Bentheimer,406,0.44658660888671875,0.7785332798957825,0.9802626896264245
Bentheimer,407,0.378421813249588,0.762291669845581,0.9739428445838069
Bentheimer,408,1.1713640689849854,0.8010419607162476,0.975218418111094
Bentheimer,409,1.2877769470214844,0.8233495950698853,0.9669816090684891
Bentheimer,410,1.5273916721343994,0.7522159814834595,0.9680052209894916
Bentheimer,411,1.662374496459961,0.7402794361114502,0.963054550837016
Bentheimer,412,1.2554919719696045,1.7352784872055054,0.9683747827564773
Bentheimer,413,1.3597509860992432,1.7556841373443604,0.9658560299565845
Bentheimer,414,1.2340887784957886,1.3220224380493164,0.968571668675712
Bentheimer,415,1.037047028541565,1.4303200244903564,0.9766233316124062
Bentheimer,416,1.3312907218933105,1.4403682947158813,0.9648908216891168
Bentheimer,417,1.170410394668579,1.365800380706787,0.963517799453013
Bentheimer,418,1.321545958518982,1.8469187021255493,0.9558190495024939
Bentheimer,419,1.5493818521499634,1.6093705892562866,0.9603768742826734
Bentheimer,420,0.9280318021774292,1.3690255880355835,0.9562153297914174
Bentheimer,421,1.332364559173584,1.625976324081421,0.9413042596607807
Bentheimer,422,1.179967999458313,1.339109182357788,0.9553498273401144
Bentheimer,423,1.0731806755065918,1.5088295936584473,0.9545818242292206
Berea Buff,0,2.16206955909729,3.7937843799591064,0.897845333306349
Berea Buff,1,2.0991029739379883,3.6053357124328613,0.9137439620293825
Berea Buff,2,2.2820756435394287,3.7739694118499756,0.8904901342672229
Berea Buff,3,2.0492165088653564,3.420611619949341,0.9061940233052785
Berea Buff,4,0.9658133387565613,1.823484182357788,0.9677140407864976
Berea Buff,5,1.2373136281967163,2.1386733055114746,0.9620652879186816
Berea Buff,6,1.4594062566757202,2.205162525177002,0.9644122262922935
Berea Buff,7,1.3385382890701294,2.2355642318725586,0.9614358251496606
Berea Buff,8,0.2887122333049774,1.1406415700912476,0.9751545918879417
Berea Buff,9,0.3044688403606415,1.2443373203277588,0.9751834710833894
Berea Buff,10,0.5908880829811096,1.5759565830230713,0.9681284628363082
Berea Buff,11,0.2812038064002991,1.1924028396606445,0.9734423869056575
Berea Buff,12,0.38067564368247986,0.7232002019882202,0.9865724371817775
Berea Buff,13,0.39439892768859863,0.7015512585639954,0.9874605291797843
Berea Buff,14,0.1550113409757614,0.8015531897544861,0.9869314104599024
Berea Buff,15,0.29739806056022644,0.7847025394439697,0.9856934807410273
Berea Buff,16,0.32969921827316284,1.6162923574447632,0.9270183472231611
Berea Buff,17,0.16124777495861053,1.6201106309890747,0.9429873941213242
Berea Buff,18,0.22146432101726532,1.544299840927124,0.9443653670517108
Berea Buff,19,0.002821431029587984,1.646787166595459,0.9335618110532854
Berea Buff,20,1.6276848316192627,2.2236530780792236,0.8651061790754441
Berea Buff,21,1.6394414901733398,2.1284685134887695,0.8992554833750321
Berea Buff,22,1.4804387092590332,2.059281826019287,0.8910637110801481
Berea Buff,23,2.114530563354492,2.517867088317871,0.8824418857230673
Berea Buff,24,0.32224684953689575,1.2929019927978516,0.9769603420203319
Berea Buff,25,0.27543139457702637,1.1610027551651,0.9805311445151763
Berea Buff,26,0.2387356162071228,1.2910430431365967,0.9768919982150959
Berea Buff,27,0.600591242313385,1.7464091777801514,0.9708388853099045
Berea Buff,28,0.9317397475242615,0.9113106727600098,0.9752288426362247
Berea Buff,29,1.149520754814148,0.8842379450798035,0.9752157362644462
Berea Buff,30,1.0252413749694824,0.8803419470787048,0.9698725086941221
Berea Buff,31,1.1017342805862427,0.8322049379348755,0.9667695752660576
Berea Buff,32,1.2809144258499146,1.4655177593231201,0.9699401195518652
Berea Buff,33,1.627083420753479,1.8282333612442017,0.9627370876919134
Berea Buff,34,1.6279994249343872,1.9588470458984375,0.9519362587660067
Berea Buff,35,1.5999171733856201,1.8094521760940552,0.9626536817857787
Berea Buff,36,3.1124279499053955,5.679450511932373,0.8011442675310122
Berea Buff,37,2.8214285373687744,5.5554680824279785,0.792439972933205
Berea Buff,38,2.675252676010132,5.21860933303833,0.8011846549452802
Berea Buff,39,2.5872268676757812,5.1000189781188965,0.8006672894772525
Berea Buff,40,0.08152253925800323,0.9027771353721619,0.9634064045602583
Berea Buff,41,0.12814712524414062,0.9121561050415039,0.9610748272267079
Berea Buff,42,0.18012981116771698,0.8537582159042358,0.9678777199673845
Berea Buff,43,0.3427988588809967,0.9450409412384033,0.9527398587841853
Berea Buff,44,1.1924818754196167,1.1510848999023438,0.9601953349275775
Berea Buff,45,0.8997374176979065,1.1630719900131226,0.9684024026309201
Berea Buff,46,0.9960271716117859,1.142627477645874,0.9589629232185249
Berea Buff,47,1.0336854457855225,0.9734557867050171,0.9592170232464816
Berea Buff,48,3.3468711376190186,2.825087308883667,0.8203420004235054
Berea Buff,49,3.7043275833129883,3.4568235874176025,0.8062023366316623
Berea Buff,50,3.2344818115234375,2.891097068786621,0.8337683049701728
Berea Buff,51,2.820490837097168,2.6379711627960205,0.8595927182649888
Berea Buff,52,1.2002309560775757,1.0570579767227173,0.9699939724828042
Berea Buff,53,1.189523696899414,1.1639978885650635,0.9741835417730039
Berea Buff,54,1.2412201166152954,1.148724913597107,0.9702864362242694
Berea Buff,55,1.5250041484832764,1.3975297212600708,0.965730736350896
Berea Buff,56,0.623840868473053,0.810626208782196,0.9778504684533882
Berea Buff,57,0.5161677002906799,0.8464825749397278,0.980949499385249
Berea Buff,58,0.7841301560401917,0.726309061050415,0.9792176848463412
Berea Buff,59,0.8075624704360962,0.7354229688644409,0.9778722405991426
Berea Buff,60,1.647401213645935,2.1128084659576416,0.9583985923928485
Berea Buff,61,1.4571104049682617,1.9691134691238403,0.9435281103355193
Berea Buff,62,1.7507975101470947,2.1290783882141113,0.9431949248211139
Berea Buff,63,2.132230043411255,2.596756935119629,0.9432026709549128
Berea Buff,64,1.0900496244430542,1.2297581434249878,0.9364081427927832
Berea Buff,65,1.2442375421524048,1.2571362257003784,0.9483334153472628
Berea Buff,66,1.3931951522827148,1.4502372741699219,0.9460421919225169
Berea Buff,67,1.161742091178894,1.1830029487609863,0.9502513452660989
Berea Buff,68,1.8036367893218994,1.9929182529449463,0.8789044224216962
Berea Buff,69,1.9104468822479248,2.30662202835083,0.8999210633195752
Berea Buff,70,2.101008653640747,2.2267887592315674,0.8540270166735129
Berea Buff,71,1.8545721769332886,2.1648998260498047,0.8626854343154184
Berea Buff,72,0.6857377290725708,1.7695719003677368,0.9582349298771143
Berea Buff,73,0.8193873763084412,2.075946569442749,0.9537696998246366
Berea Buff,74,0.6586999893188477,1.7653800249099731,0.9633276375319034
Berea Buff,75,0.544175922870636,2.0438265800476074,0.9554887907366644
Berea Buff,76,1.2057266235351562,0.9842464923858643,0.9651529338450751
Berea Buff,77,1.2130461931228638,0.9783369302749634,0.9685572920117431
Berea Buff,78,1.1405158042907715,1.0067503452301025,0.9696834132333145
Berea Buff,79,1.0997066497802734,0.8304051160812378,0.9686954156120451
Berea Buff,80,2.76741886138916,3.9957692623138428,0.8637990174398475
Berea Buff,81,2.7452292442321777,3.6652302742004395,0.8739776979877676
Berea Buff,82,2.803471565246582,3.8829541206359863,0.8598898143823779
Berea Buff,83,2.701103448867798,3.9722092151641846,0.8594307659305784
Berea Buff,84,1.4762747287750244,1.9151664972305298,0.9489678792051818
Berea Buff,85,2.2746427059173584,2.670171022415161,0.9310347218025624
Berea Buff,86,1.9793697595596313,2.413726806640625,0.9367582139441846
Berea Buff,87,1.60207998752594,2.036539316177368,0.9498027025899628
Berea Buff,88,2.46185564994812,1.0612343549728394,0.9304597034869257
Berea Buff,89,2.1376795768737793,0.8883333206176758,0.9316755850757575
Berea Buff,90,2.3611948490142822,1.0533716678619385,0.9354296691275111
Berea Buff,91,2.2627317905426025,0.850051999092102,0.9308401760895605
Berea Buff,92,2.2017476558685303,1.12078857421875,0.9489024667416501
Berea Buff,93,2.4208405017852783,1.2569011449813843,0.9359909487116227
Berea Buff,94,2.1567397117614746,1.1614859104156494,0.9556511556332506
Berea Buff,95,2.187380313873291,1.0758529901504517,0.943737469880687
Berea Buff,96,0.46355879306793213,1.2689480781555176,0.9348826221508981
Berea Buff,97,0.4160693287849426,1.5350598096847534,0.9047510815682361
Berea Buff,98,0.49300146102905273,1.6359761953353882,0.9015426603229317
Berea Buff,99,0.13343307375907898,1.5907974243164062,0.9216845692935625
Berea Buff,100,0.10541030019521713,2.195828437805176,0.9133823342445654
Berea Buff,101,0.051624882966279984,2.273966073989868,0.9226640579664348
Berea Buff,102,0.06325578689575195,2.1615490913391113,0.9287818334961482
Berea Buff,103,0.05731429159641266,2.3188223838806152,0.9134027652357778
Berea Buff,104,0.8760660290718079,1.2730194330215454,0.9690331523851112
Berea Buff,105,1.009171485900879,1.2806025743484497,0.96924434190606
Berea Buff,106,0.9479635953903198,1.24358069896698,0.9751441427697789
Berea Buff,107,0.9192531704902649,1.291886329650879,0.9716470607442491
Berea Buff,108,0.9016241431236267,0.8265299797058105,0.9805652947658187
Berea Buff,109,0.9786837100982666,0.7145352959632874,0.9813751340611877
Berea Buff,110,0.7587376832962036,0.7092248201370239,0.977927182960474
Berea Buff,111,0.9391806125640869,0.9023346900939941,0.9784723526287092
Berea Buff,112,1.2412183284759521,1.5667067766189575,0.9572703509545522
Berea Buff,113,1.3104017972946167,1.4980926513671875,0.9648475996568835
Berea Buff,114,1.0336802005767822,1.202612042427063,0.9734839359668683
Berea Buff,115,1.1237460374832153,1.298833966255188,0.9690486866577133
Berea Buff,116,0.3906753957271576,1.4032626152038574,0.9535320356662472
Berea Buff,117,0.2875765860080719,1.3772599697113037,0.953875621054392
Berea Buff,118,0.6973947286605835,1.3342010974884033,0.9495576697615467
Berea Buff,119,0.5718961358070374,1.4359536170959473,0.9540665168048916
Berea Buff,120,0.0766359269618988,2.8650999069213867,0.9570228851706386
Berea Buff,121,0.17003850638866425,2.1773531436920166,0.971751832367091
Berea Buff,122,0.017724210396409035,2.2603769302368164,0.9645537174863005
Berea Buff,123,0.19578617811203003,2.44097900390625,0.9656956103964085
Berea Buff,124,0.8579468727111816,1.51754891872406,0.9732767771760062
Berea Buff,125,0.8246992826461792,1.5902725458145142,0.9698479974087146
Berea Buff,126,0.9496716856956482,1.5453579425811768,0.9760663302844684
Berea Buff,127,0.6064772009849548,1.1452158689498901,0.9801124975793833
Berea Buff,128,1.2216867208480835,0.7389525771141052,0.9247944355959954
Berea Buff,129,0.8799219727516174,0.7628495097160339,0.9546441866750499
Berea Buff,130,1.1562436819076538,0.8280912041664124,0.9475488612587876
Berea Buff,131,0.9736979603767395,0.7842264771461487,0.9596855901860274
Berea Buff,132,0.19877807796001434,1.4098094701766968,0.9730003268525653
Berea Buff,133,0.06941962987184525,1.3396823406219482,0.9785333630891537
Berea Buff,134,0.016588347032666206,1.4096643924713135,0.9768425453493906
Berea Buff,135,0.19844692945480347,1.2341808080673218,0.9786669999423214
Berea Buff,136,0.4234434962272644,0.7998559474945068,0.9814085066763771
Berea Buff,137,0.26295503973960876,0.7292366623878479,0.9837101543819259
Berea Buff,138,0.31521695852279663,0.6851792335510254,0.9844531027377764
Berea Buff,139,0.2907945513725281,0.731630802154541,0.983801381128245
Berea Buff,140,1.5788838863372803,1.5816118717193604,0.9517967918131837
Berea Buff,141,1.5737671852111816,1.509358286857605,0.9512640594345274
Berea Buff,142,1.669079303741455,1.6619614362716675,0.9574766470158237
Berea Buff,143,1.7570055723190308,1.636282205581665,0.946877386214631
Berea Buff,144,0.5457209944725037,1.638026475906372,0.9830312852589006
Berea Buff,145,0.5291765928268433,1.6068761348724365,0.9820933843784196
Berea Buff,146,0.7254846096038818,1.5507616996765137,0.981176069128857
Berea Buff,147,0.5447331666946411,1.5255296230316162,0.9830541861375908
Berea Buff,148,3.199075698852539,3.223443031311035,0.8268253711524468
Berea Buff,149,2.5752177238464355,2.7246010303497314,0.8601222880339063
Berea Buff,150,3.109684944152832,3.310281276702881,0.8263469111266543
Berea Buff,151,3.219698905944824,2.965801954269409,0.8236700107379051
Berea Buff,152,4.385543346405029,5.392660140991211,0.7917439763673958
Berea Buff,153,4.399776935577393,5.4600911140441895,0.7968721237507602
Berea Buff,154,4.157651424407959,4.704071998596191,0.8365293105544955
Berea Buff,155,4.271359920501709,4.905189514160156,0.7981732903533614
Berea Buff,156,2.0186750888824463,1.9516404867172241,0.9030680737579202
Berea Buff,157,2.689828395843506,2.311840057373047,0.8788027525959302
Berea Buff,158,2.7239580154418945,2.3560919761657715,0.8559992046662942
Berea Buff,159,2.184931993484497,2.3334577083587646,0.8805264930005313
Berea Buff,160,0.2348242849111557,0.6189547181129456,0.9878270885791629
Berea Buff,161,0.29748615622520447,0.6532358527183533,0.9870038665440639
Berea Buff,162,0.12941709160804749,0.61222904920578,0.987451202230201
Berea Buff,163,0.23827555775642395,0.6609880328178406,0.9871153779376689
Berea Buff,164,1.4335899353027344,2.595407485961914,0.9339159655037582
Berea Buff,165,1.0960758924484253,2.012584686279297,0.9470994671672271
Berea Buff,166,1.3146039247512817,2.4968934059143066,0.9303777303128611
Berea Buff,167,1.7728251218795776,2.8971097469329834,0.9294522276490067
Berea Buff,168,0.40064603090286255,1.3020586967468262,0.9757726998962623
Berea Buff,169,0.2966180741786957,1.2465825080871582,0.9766529123501207
Berea Buff,170,0.21490460634231567,1.2079200744628906,0.9741313903526653
Berea Buff,171,0.2593095004558563,1.1128190755844116,0.9776039452149451
Berea Buff,172,0.31728699803352356,1.3398816585540771,0.9710330942933689
Berea Buff,173,0.21842770278453827,1.4801089763641357,0.968585404910084
Berea Buff,174,0.25503888726234436,1.4994800090789795,0.963734007460292
Berea Buff,175,0.1221320778131485,1.2949578762054443,0.9704211792554828
Berea Buff,176,1.202828288078308,1.2871630191802979,0.9729193905707922
Berea Buff,177,1.012737512588501,1.0800440311431885,0.9737001874238717
Berea Buff,178,1.2293657064437866,1.3092842102050781,0.970223182790188
Berea Buff,179,1.0826252698898315,1.2394511699676514,0.9734065836674819
Berea Buff,180,1.4501216411590576,0.9401273131370544,0.9652923540239786
Berea Buff,181,1.533820629119873,1.0063221454620361,0.9719092781516188
Berea Buff,182,1.3316401243209839,0.9413991570472717,0.9623095365656924
Berea Buff,183,1.4839318990707397,1.120563268661499,0.9657612884758765
Berea Buff,184,0.28523164987564087,0.7939254641532898,0.9841493566837988
Berea Buff,185,0.11916287988424301,0.8110350370407104,0.9839454372531032
Berea Buff,186,0.2984253466129303,0.7743203043937683,0.9851589110186353
Berea Buff,187,0.11081342399120331,0.8584105372428894,0.9830220995515584
Berea Buff,188,1.3747490644454956,1.1112620830535889,0.9633800512189161
Berea Buff,189,1.1447868347167969,0.9721063375473022,0.964766312958633
Berea Buff,190,1.6909105777740479,1.2518348693847656,0.9571734450990388
Berea Buff,191,1.5475473403930664,1.170512080192566,0.9656831015575438
Berea Buff,192,0.78055340051651,0.7243351340293884,0.9671153255700368
Berea Buff,193,0.601422905921936,0.8067227602005005,0.9713651144099201
Berea Buff,194,0.9405483603477478,0.7838481664657593,0.9623710754538586
Berea Buff,195,0.9175545573234558,0.7388151288032532,0.9516994051774745
Berea Buff,196,1.0700130462646484,1.9431712627410889,0.9115586074495143
Berea Buff,197,0.8848538994789124,1.546481728553772,0.9185240497825871
Berea Buff,198,0.9299056529998779,1.6504689455032349,0.9240394095226996
Berea Buff,199,0.8340420722961426,1.7434641122817993,0.9100793270513231
Berea Buff,200,0.1428629457950592,1.1610901355743408,0.9687069403551244
Berea Buff,201,0.29128018021583557,1.207262635231018,0.9707786972771669
Berea Buff,202,0.17834773659706116,1.2555732727050781,0.965463820840016
Berea Buff,203,0.31557562947273254,1.2084746360778809,0.9681020572599088
Berea Buff,204,1.1480084657669067,1.9889942407608032,0.9327029671758077
Berea Buff,205,1.2550674676895142,2.119122266769409,0.9347941396880043
Berea Buff,206,1.546312689781189,2.574136972427368,0.9297109716433729
Berea Buff,207,1.209416151046753,2.362501859664917,0.9276088664987815
Leopard,0,0.5438493490219116,0.992616593837738,0.9798034838395567
Leopard,1,0.6716619729995728,1.0811399221420288,0.9730086616881147
Leopard,2,0.25168508291244507,1.1864737272262573,0.9774407588456614
Leopard,3,0.37114036083221436,1.3241050243377686,0.9752639344626931
Leopard,4,0.23038572072982788,1.1125411987304688,0.9844377984835572
Leopard,5,0.35343098640441895,1.411308765411377,0.9790059652935833
Leopard,6,0.3444819450378418,1.2517932653427124,0.9829829804986918
Leopard,7,0.37451615929603577,1.44776451587677,0.9804011969167437
Leopard,8,2.236868143081665,2.4072721004486084,0.9017122201642015
Leopard,9,2.2113118171691895,2.3774824142456055,0.9202479317990527
Leopard,10,2.382345676422119,2.5585947036743164,0.8784976072491292
Leopard,11,2.3306729793548584,2.4891865253448486,0.8966475787301316
Leopard,12,1.9602042436599731,1.3501286506652832,0.9444761202138702
Leopard,13,1.936490774154663,1.3718845844268799,0.9463598693698447
Leopard,14,1.673723816871643,1.3009581565856934,0.9511032877322315
Leopard,15,2.2001421451568604,1.4699572324752808,0.9289533294618451
Leopard,16,3.994206428527832,3.197462797164917,0.8042011350169488
Leopard,17,4.92002534866333,2.5148568153381348,0.7302430274475732
Leopard,18,4.58522367477417,2.458174467086792,0.7203057288720135
Leopard,19,4.307340621948242,2.643622398376465,0.7520671694778186
Leopard,20,1.7020398378372192,2.263552665710449,0.9574790063727723
Leopard,21,1.6004403829574585,2.084285020828247,0.9584231811159729
Leopard,22,1.8466770648956299,2.299424171447754,0.9544782859775884
Leopard,23,1.6406097412109375,2.2520930767059326,0.9448035916036064
Leopard,24,2.110948324203491,2.4192299842834473,0.8998413605204104
Leopard,25,2.7000696659088135,3.283398389816284,0.8908133936936451
Leopard,26,2.2734086513519287,2.5968596935272217,0.8962449939912516
Leopard,27,2.3856537342071533,2.9678008556365967,0.9024263594306361
Leopard,28,0.22792653739452362,0.9054670333862305,0.9699049157856457
Leopard,29,0.05240931734442711,0.9186262488365173,0.9726007733258695
Leopard,30,0.2984550893306732,0.8874674439430237,0.9743398266837591
Leopard,31,0.17023012042045593,0.9030695557594299,0.9693694370440119
Leopard,32,0.820492684841156,1.8259978294372559,0.9591985596320715
Leopard,33,1.1333061456680298,1.6005682945251465,0.9588287457733795
Leopard,34,1.2360831499099731,1.667067050933838,0.954197614847828
Leopard,35,1.1532440185546875,1.5063447952270508,0.951193883007524
Leopard,36,0.5365603566169739,1.5413371324539185,0.9337668357148159
Leopard,37,0.9175260663032532,2.028576374053955,0.9238491707803553
Leopard,38,0.9819937944412231,1.9195784330368042,0.929199864183414
Leopard,39,0.5054806470870972,1.4012858867645264,0.9432055841118907
Leopard,40,0.03572938218712807,0.9597892165184021,0.974463422079715
Leopard,41,0.026815975084900856,0.9936890602111816,0.9775861575966512
Leopard,42,0.04662495106458664,1.1312792301177979,0.9705562650760332
Leopard,43,0.05998244509100914,0.9321051239967346,0.9737500929248994
Leopard,44,1.4412108659744263,2.293668746948242,0.9606838993094104
Leopard,45,1.1889286041259766,2.086883306503296,0.9574848676898595
Leopard,46,1.3330100774765015,2.2823874950408936,0.9546634394532704
Leopard,47,1.372758150100708,2.109102725982666,0.9656921005770507
Leopard,48,0.14338718354701996,0.6385835409164429,0.9492952457839836
Leopard,49,0.015136929228901863,0.677288830280304,0.9585413736059548
Leopard,50,0.04990491271018982,0.7052422165870667,0.9498650924263214
Leopard,51,0.0417439341545105,0.6792725920677185,0.9498689520716879
Leopard,52,0.28208619356155396,0.7805215120315552,0.9833339613066927
Leopard,53,0.056978750973939896,0.8216133117675781,0.9845870827827552
Leopard,54,0.0038910042494535446,0.8910775780677795,0.9840373918715075
Leopard,55,0.1257004290819168,0.8893399238586426,0.9811051391055254
Leopard,56,0.19347134232521057,1.305282711982727,0.9306097336793967
Leopard,57,0.0781017616391182,1.2675713300704956,0.947389471608479
Leopard,58,0.11252862960100174,1.041088342666626,0.9551299757417566
Leopard,59,0.3662889003753662,1.3892545700073242,0.9263872488183005
Leopard,60,0.632728099822998,0.9434897303581238,0.9819104535984698
Leopard,61,0.6659242510795593,0.9321590065956116,0.9812860437577787
Leopard,62,0.6600538492202759,0.9557617902755737,0.9816048930879535
Leopard,63,0.6649283766746521,0.9167531132698059,0.9815958378657076
Leopard,64,0.011385766789317131,0.8790412545204163,0.9650252297103186
Leopard,65,0.04009639099240303,1.124435544013977,0.955874197919277
Leopard,66,0.06659712642431259,0.9494665861129761,0.9626657868381603
Leopard,67,0.3527786135673523,0.9828846454620361,0.9632678261611611
Leopard,68,0.47720810770988464,0.8801528215408325,0.9890082335950906
Leopard,69,0.4030225872993469,0.8411870002746582,0.9892006737329229
Leopard,70,0.48215216398239136,0.846560537815094,0.9890036119058694
Leopard,71,0.5063510537147522,0.9516850113868713,0.9884328008947448
Leopard,72,1.0503802299499512,1.419904351234436,0.9389711351361988
Leopard,73,1.3034040927886963,1.5960614681243896,0.9414760726665224
Leopard,74,1.1403928995132446,1.3092899322509766,0.9403704959363581
Leopard,75,1.489119291305542,1.539197325706482,0.9385825838432175
Leopard,76,1.97624933719635,3.5418949127197266,0.9095323156643859
Leopard,77,2.030478000640869,3.5941059589385986,0.9044903302946327
Leopard,78,1.8381527662277222,3.571768283843994,0.887290845902987
Leopard,79,2.002161979675293,3.609443187713623,0.9076600529619447
Leopard,80,0.145866259932518,1.090333342552185,0.9744406109398772
Leopard,81,0.11169895529747009,1.2651290893554688,0.9713273143251944
Leopard,82,0.2576376795768738,1.3491827249526978,0.9700587602546789
Leopard,83,0.24280045926570892,1.3706238269805908,0.969639981307572
Leopard,84,0.233103945851326,1.376744270324707,0.9677892440674628
Leopard,85,0.15374861657619476,1.3617161512374878,0.9608280708881493
Leopard,86,0.19440242648124695,1.1745915412902832,0.9724019982628466
Leopard,87,0.3169645667076111,1.7886215448379517,0.9593233078168506
Leopard,88,1.4316085577011108,1.5657899379730225,0.9623411937615785
Leopard,89,1.2264426946640015,1.652127981185913,0.964475236708472
Leopard,90,0.9501749873161316,1.3926056623458862,0.9665682494463411
Leopard,91,1.5123201608657837,1.3964213132858276,0.9584373012158144
Leopard,92,1.615952730178833,0.9431900978088379,0.9421249395537301
Leopard,93,1.7133396863937378,0.9324601888656616,0.9281627026964379
Leopard,94,2.07033371925354,0.9057216644287109,0.9220483781390936
Leopard,95,1.7578115463256836,0.9140808582305908,0.9410620621344811
Leopard,96,0.23165906965732574,0.9196978211402893,0.9835659404603845
Leopard,97,0.24535207450389862,0.8224968910217285,0.9836756540225595
Leopard,98,0.15309955179691315,0.8487271666526794,0.9851758855395681
Leopard,99,0.24674883484840393,0.8486124873161316,0.9836075742743761
Leopard,100,2.063159942626953,4.929677486419678,0.942292818696688
Leopard,101,1.8354589939117432,4.320362567901611,0.9427843558734824
Leopard,102,2.132288932800293,4.898863792419434,0.9461849849182563
Leopard,103,1.7711857557296753,3.9142403602600098,0.9496252242987202
Leopard,104,1.0020503997802734,2.9847731590270996,0.8886236018933952
Leopard,105,1.3848828077316284,3.048753499984741,0.8874668726649158
Leopard,106,1.4180468320846558,3.3071537017822266,0.9019266861893386
Leopard,107,1.1703190803527832,3.1343157291412354,0.9000790189834675
Leopard,108,0.7768415808677673,1.0557341575622559,0.9558034550379548
Leopard,109,0.37344890832901,0.9768577218055725,0.9623353523840014
Leopard,110,0.5606203675270081,0.9867578148841858,0.9556476368665772
Leopard,111,0.8947480916976929,1.1577924489974976,0.9492799801635255
Leopard,112,1.4114958047866821,1.2572828531265259,0.9613237974687672
Leopard,113,1.366783618927002,1.2658597230911255,0.960043812550258
Leopard,114,1.7350441217422485,1.0944406986236572,0.9470337754004869
Leopard,115,1.298528790473938,0.9881412982940674,0.9625685914786961
Leopard,116,0.511891782283783,1.2656843662261963,0.9641850072702369
Leopard,117,0.7615998983383179,1.3020862340927124,0.9664540840618617
Leopard,118,0.5255076885223389,1.3504393100738525,0.958993627715273
Leopard,119,0.6280975937843323,1.2546032667160034,0.9653356196828341
Leopard,120,0.592107355594635,1.0635961294174194,0.9788301366393057
Leopard,121,0.689357340335846,1.2368974685668945,0.9741457319619904
Leopard,122,0.6774958968162537,1.2898414134979248,0.973806756280211
Leopard,123,0.5245464444160461,1.0356733798980713,0.9793060576632501
Leopard,124,2.0171167850494385,1.8430399894714355,0.6241285850049808
Leopard,125,2.4203665256500244,1.889860987663269,0.5906462844906777
Leopard,126,3.41011643409729,3.1002540588378906,0.5334151124744577
Leopard,127,2.5602128505706787,2.5567736625671387,0.537619686814856
Leopard,128,0.6838339567184448,0.9552826881408691,0.9564483354242457
Leopard,129,0.8855041861534119,1.1792335510253906,0.955307068044185
Leopard,130,0.7099452018737793,1.0611376762390137,0.9583071154032033
Leopard,131,0.5935864448547363,1.0397460460662842,0.9564707611102194
Leopard,132,1.0627398490905762,2.525198459625244,0.9323958195407194
Leopard,133,1.5184109210968018,3.031978130340576,0.9319208988955213
Leopard,134,1.302767038345337,2.893655300140381,0.9370896338783783
Leopard,135,1.277152419090271,2.5798981189727783,0.9343760129049895
Leopard,136,0.19171902537345886,1.0030642747879028,0.9708242726086744
Leopard,137,0.1058957651257515,0.891340434551239,0.9756036082836193
Leopard,138,0.05927572771906853,1.0430116653442383,0.9682270861353319
Leopard,139,0.334804892539978,1.112648606300354,0.9697699324690288
Leopard,140,1.8238927125930786,2.6009650230407715,0.9406517739089644
Leopard,141,2.0093374252319336,2.8060786724090576,0.9395537846187954
Leopard,142,2.150576114654541,3.30727481842041,0.9334988450350302
Leopard,143,1.9771192073822021,3.3039844036102295,0.9326771219358765
Leopard,144,2.193082809448242,2.235367774963379,0.8783280123497669
Leopard,145,2.344569444656372,2.337008237838745,0.8576808041931305
Leopard,146,2.157731294631958,2.0055813789367676,0.8640742340343252
Leopard,147,2.00229811668396,1.9531245231628418,0.8675014185760442
Leopard,148,0.017099125310778618,0.6515085697174072,0.9648741572567165
Leopard,149,0.09588645398616791,0.6825340986251831,0.9658734435398206
Leopard,150,0.3919663727283478,0.6784407496452332,0.9633133712467451
Leopard,151,0.039100468158721924,0.6467185616493225,0.9637814006668003
Leopard,152,1.120066523551941,1.0137640237808228,0.9715171434840656
Leopard,153,0.8904893398284912,0.8866528868675232,0.9724131769992326
Leopard,154,1.0309267044067383,0.9657666087150574,0.9734502754426687
Leopard,155,0.995573103427887,0.9187965989112854,0.9693814354980083
Leopard,156,0.32475581765174866,1.1673165559768677,0.9740873546863403
Leopard,157,0.10130584985017776,1.0804105997085571,0.9776397052369165
Leopard,158,0.031438495963811874,1.0444533824920654,0.9763206759410114
Leopard,159,0.01010523084551096,1.1122946739196777,0.9694380698674188
Leopard,160,0.10296821594238281,0.6766648888587952,0.9868103062554169
Leopard,161,0.37835025787353516,0.7163093686103821,0.9815417306413294
Leopard,162,0.24103951454162598,0.698738694190979,0.9834917942927707
Leopard,163,0.242132768034935,0.6604217290878296,0.9806686774530038
Leopard,164,1.9847428798675537,2.390974998474121,0.9019930924056876
Leopard,165,2.131154775619507,2.5361104011535645,0.9107264447528078
Leopard,166,2.0041427612304688,2.4228241443634033,0.890840047608137
Leopard,167,2.0148470401763916,2.395066738128662,0.8924942929921275
Leopard,168,6.310796737670898,5.596325874328613,0.1668935675674477
Leopard,169,6.680731296539307,5.973888874053955,0.14474836689834517
Leopard,170,7.155163288116455,6.385353088378906,0.135438674175257
Leopard,171,6.695443630218506,6.0995893478393555,0.16390411445515332
Leopard,172,0.12344200164079666,0.6337680220603943,0.9868483257377255
Leopard,173,0.18006153404712677,0.6911951899528503,0.9861520001805874
Leopard,174,0.1599072515964508,0.6652387380599976,0.9859802492886468
Leopard,175,0.1414801925420761,0.6565850973129272,0.9863886593566211
Leopard,176,1.418392300605774,2.550210475921631,0.9239573264366082
Leopard,177,1.241982102394104,2.1547353267669678,0.9424761927560639
Leopard,178,1.6813225746154785,2.5619614124298096,0.9263556335553284
Leopard,179,1.1442577838897705,1.9033702611923218,0.950994009081836
Leopard,180,1.1404597759246826,1.26942777633667,0.9667160762720757
Leopard,181,1.2545225620269775,1.3712373971939087,0.9678441707544116
Leopard,182,1.333855152130127,1.4853906631469727,0.9586517172493852
Leopard,183,1.3536542654037476,1.529287338256836,0.9578589148727399
Leopard,184,1.0992001295089722,0.9187288284301758,0.9648099722106931
Leopard,185,1.0408899784088135,0.8833616375923157,0.9641246111169106
Leopard,186,1.1905763149261475,0.9408063292503357,0.957150634035809
Leopard,187,1.162367343902588,0.9119294285774231,0.9585877565034966
Leopard,188,1.4401599168777466,2.569448947906494,0.9416507055370178
Leopard,189,1.4324322938919067,2.689859390258789,0.9362525540553767
Leopard,190,1.3301008939743042,2.5647711753845215,0.9386621351143674
Leopard,191,1.676901936531067,2.861177921295166,0.9291097385037008
Leopard,192,0.9964443445205688,2.6001384258270264,0.8256844473388893
Leopard,193,0.8004788160324097,2.1238481998443604,0.8714899670595032
Leopard,194,0.9036130905151367,2.1709797382354736,0.8871015693636649
Leopard,195,0.7071619033813477,2.0936806201934814,0.8787085239266056
Leopard,196,1.4858789443969727,1.3871749639511108,0.939360217261154
Leopard,197,1.4114935398101807,1.1832058429718018,0.944814778091781
Leopard,198,1.7338138818740845,1.315140724182129,0.9281556725324256
Leopard,199,1.9134399890899658,1.2486169338226318,0.9153320062868717
Leopard,200,0.5433167815208435,1.5661431550979614,0.9405339024343427
Leopard,201,0.38013479113578796,1.7350573539733887,0.9451957696415159
Leopard,202,0.19770660996437073,1.6046078205108643,0.9444833136958887
Leopard,203,0.5578917264938354,1.5020902156829834,0.9472217388660398
Leopard,204,1.654365062713623,1.8701242208480835,0.9322932944563388
Leopard,205,1.8773605823516846,2.100181818008423,0.9203147442719919
Leopard,206,1.6901278495788574,1.9158570766448975,0.9277926318217593
Leopard,207,1.8866585493087769,2.1073994636535645,0.9277241493484643
Leopard,208,3.092362880706787,3.1569859981536865,0.45670094640509507
Leopard,209,3.1946489810943604,3.616422414779663,0.44916895489206393
Leopard,210,3.3825230598449707,3.6019911766052246,0.46441327580046693
Leopard,211,3.152269124984741,3.2148654460906982,0.4758794336489607
Leopard,212,0.28887996077537537,1.0644361972808838,0.9794930897423813
Leopard,213,0.6675741672515869,1.3916232585906982,0.9780555518383175
Leopard,214,0.47921034693717957,1.1099894046783447,0.9787009046403313
Leopard,215,0.5266391038894653,1.4325840473175049,0.9737193747329079
Leopard,216,1.0241131782531738,0.9111824035644531,0.9714253387397632
Leopard,217,1.032295823097229,0.9701539874076843,0.9707679603595165
Leopard,218,1.0949079990386963,0.9847739338874817,0.9689646997541129
Leopard,219,1.1050812005996704,0.9359092712402344,0.973625616753909
Leopard,220,0.24125321209430695,0.6849365234375,0.945587165984442
Leopard,221,0.005756849888712168,0.6498803496360779,0.928179732589117
Leopard,222,0.09375759214162827,0.6345688700675964,0.9436774980580983
Leopard,223,0.23306889832019806,0.7430205345153809,0.93892319043272
Leopard,224,2.3879988193511963,2.9292047023773193,0.9278332497454261
Leopard,225,2.316789388656616,2.886216402053833,0.9236769313160005
Leopard,226,2.5308268070220947,3.099203586578369,0.9177416919721787
Leopard,227,2.4268131256103516,3.0703744888305664,0.9161031274243314
Leopard,228,1.4658372402191162,1.2433152198791504,0.9410478150202694
Leopard,229,1.5656946897506714,1.825888752937317,0.9453592585611124
Leopard,230,0.8939447402954102,1.2372856140136719,0.9501666893517771
Leopard,231,1.6836103200912476,1.5813040733337402,0.9349514074878433
Leopard,232,0.16217777132987976,1.4207440614700317,0.9629703177161077
Leopard,233,0.2810317575931549,1.1935904026031494,0.9710532730888671
Leopard,234,0.33760666847229004,1.3674218654632568,0.9581587254145538
Leopard,235,0.5182487368583679,1.539995551109314,0.9648075949696229
Leopard,236,0.2792053520679474,0.9855252504348755,0.9862989657577376
Leopard,237,0.29123595356941223,1.0382705926895142,0.9858634010972803
Leopard,238,0.30930912494659424,1.1018744707107544,0.984370197418041
Leopard,239,0.22833198308944702,0.9810577630996704,0.9857876623363931
Leopard,240,0.7555334568023682,2.341428518295288,0.9136683224239048
Leopard,241,0.5835567116737366,2.3254330158233643,0.9147360692752418
Leopard,242,0.4883694052696228,2.441481590270996,0.9010305291524757
Leopard,243,0.8983323574066162,2.406224489212036,0.9104810338298404
Leopard,244,0.5111975073814392,1.1594127416610718,0.9628835978951732
Leopard,245,0.5110560655593872,1.0161246061325073,0.9609390226455632
Leopard,246,0.617081344127655,0.9917226433753967,0.9660494353740894
Leopard,247,0.2017192840576172,0.9618730545043945,0.9703484675352541
Leopard,248,0.41963887214660645,2.056631088256836,0.8616078907327204
Leopard,249,0.7970724105834961,1.9093108177185059,0.9064246648610623
Leopard,250,0.35127365589141846,1.8077155351638794,0.8811409700197497
Leopard,251,0.5833911299705505,1.9300503730773926,0.8949670955915219
Leopard,252,0.0856124684214592,1.3080689907073975,0.9732083165653687
Leopard,253,0.020865650847554207,0.9612963199615479,0.9772466246457199
Leopard,254,0.011513730511069298,0.7849938273429871,0.9819259289260897
Leopard,255,0.007685773074626923,1.1037992238998413,0.9777465732378897
Leopard,256,0.6520194411277771,0.775489091873169,0.9568821070302693
Leopard,257,0.794366717338562,0.7603424787521362,0.947174209113871
Leopard,258,0.7712684273719788,0.7935647368431091,0.9393747925843267
Leopard,259,0.9191481471061707,0.7654764652252197,0.9444473371718768
Leopard,260,2.941046953201294,3.1114118099212646,0.8881807627968789
Leopard,261,2.8037664890289307,3.4629082679748535,0.8862756093061898
Leopard,262,2.6157634258270264,2.8686716556549072,0.9026161916565343
Leopard,263,2.825960159301758,2.8888468742370605,0.9026087869278843
Leopard,264,0.6884685754776001,0.9077371954917908,0.952189252710335
Leopard,265,0.3932720422744751,0.838278591632843,0.9531898867202641
Leopard,266,0.6359397768974304,1.0241663455963135,0.9479911086068279
Leopard,267,0.5612806081771851,0.836159884929657,0.9597664910540639
Leopard,268,5.352291584014893,2.0174217224121094,0.6753852928881292
Leopard,269,4.902090072631836,2.0468738079071045,0.705354333988328
Leopard,270,5.372262477874756,2.279099225997925,0.6736029098163518
Leopard,271,5.0593976974487305,2.0246713161468506,0.7056769709052817
Leopard,272,2.5526680946350098,2.763920545578003,0.8075628145561861
Leopard,273,2.449516534805298,2.6086788177490234,0.8208838434036839
Leopard,274,2.623147964477539,2.8187174797058105,0.7990242571787498
Leopard,275,2.6275694370269775,2.822004556655884,0.7921686722369037
Castle Gate,0,0.6738479137420654,1.093685269355774,0.9650532556825143
Castle Gate,1,0.8677349090576172,0.91012042760849,0.9571715584829349
Castle Gate,2,0.8152326345443726,1.0493007898330688,0.9613155984992426
Castle Gate,3,0.8017808794975281,0.9701753258705139,0.9625386427083056
Castle Gate,4,1.5991629362106323,1.319597840309143,0.9397043552809611
Castle Gate,5,1.752229928970337,1.1237589120864868,0.9233005760257212
Castle Gate,6,1.806483507156372,1.3586918115615845,0.9347533701354362
Castle Gate,7,1.8260061740875244,1.0617212057113647,0.9327157603995476
Castle Gate,8,0.8683906197547913,1.6325669288635254,0.9668520722311891
Castle Gate,9,1.0357489585876465,1.6422712802886963,0.9646051844924375
Castle Gate,10,0.8898208141326904,1.4620240926742554,0.9639046388049958
Castle Gate,11,0.8529115319252014,1.7175453901290894,0.9594242750489695
Castle Gate,12,0.6851840019226074,1.0970653295516968,0.966424491668775
Castle Gate,13,1.0053322315216064,1.3076839447021484,0.9622424611039965
Castle Gate,14,1.0634580850601196,1.0786184072494507,0.9649826166501663
Castle Gate,15,1.0751999616622925,0.9683860540390015,0.9597570380969274
Castle Gate,16,0.04674025997519493,1.4787113666534424,0.9432650209372757
Castle Gate,17,0.13031503558158875,1.4253928661346436,0.9554034202842195
Castle Gate,18,0.18790443241596222,1.7017699480056763,0.9442189386655669
Castle Gate,19,0.10827643424272537,1.6026092767715454,0.9465984902794602
Castle Gate,20,1.0655477046966553,2.073269844055176,0.9599932289005032
Castle Gate,21,1.189418911933899,2.1822550296783447,0.9546954839878561
Castle Gate,22,1.0113496780395508,1.8484071493148804,0.9698521382376947
Castle Gate,23,1.3713628053665161,2.3258039951324463,0.9598342476430682
Castle Gate,24,0.11955328285694122,1.1150068044662476,0.9738573895752122
Castle Gate,25,0.3658612370491028,1.3898135423660278,0.9709674877396426
Castle Gate,26,0.15650522708892822,1.1600065231323242,0.9728886924042759
Castle Gate,27,0.013500393368303776,1.042338490486145,0.976063311974012
Castle Gate,28,0.3656042516231537,0.7679352164268494,0.9779526083065289
Castle Gate,29,0.4781157374382019,0.793347954750061,0.9795663038684534
Castle Gate,30,0.34839561581611633,0.8115118145942688,0.9791988324704831
Castle Gate,31,0.24296258389949799,0.7518979907035828,0.9749027509733106
Castle Gate,32,0.8981638550758362,0.8323213458061218,0.9745599565232776
Castle Gate,33,0.6413819789886475,0.8336715698242188,0.9821337260854386
Castle Gate,34,0.726202666759491,0.8756388425827026,0.9787339357688809
Castle Gate,35,0.6106231212615967,0.8294311165809631,0.9820371290084214
Castle Gate,36,0.17610599100589752,1.11341392993927,0.9794881106744696
Castle Gate,37,0.039616234600543976,1.0433653593063354,0.9757858744633937
Castle Gate,38,0.19743643701076508,1.142569899559021,0.9789200455537178
Castle Gate,39,0.009062303230166435,1.0060275793075562,0.9776205387814987
Castle Gate,40,0.20493189990520477,1.2735705375671387,0.9550605113490083
Castle Gate,41,0.37022319436073303,1.177754521369934,0.9554635469120831
Castle Gate,42,0.291908323764801,1.2425817251205444,0.9590021113602644
Castle Gate,43,0.057662203907966614,1.1685746908187866,0.9554419295546791
Castle Gate,44,0.2476249784231186,0.9666213989257812,0.9830614729760154
Castle Gate,45,0.05764326825737953,0.9265562891960144,0.9818334509901232
Castle Gate,46,0.32037800550460815,1.0243945121765137,0.9814537691525939
Castle Gate,47,0.2919682562351227,0.9765830039978027,0.9828344528456846
Castle Gate,48,0.46909621357917786,0.9913763999938965,0.9865442731202585
Castle Gate,49,0.4431172311306,1.090874195098877,0.9840982708618816
Castle Gate,50,0.3678834140300751,0.9069076776504517,0.9871697460883727
Castle Gate,51,0.3110862076282501,0.8413347005844116,0.9881180620252932
Castle Gate,52,1.9532357454299927,2.282710075378418,0.9337414071750848
Castle Gate,53,1.9328457117080688,2.3270013332366943,0.9166006336839532
Castle Gate,54,2.3832826614379883,2.763721466064453,0.8944519685591371
Castle Gate,55,1.839219093322754,2.2603719234466553,0.921962938348762
Castle Gate,56,0.7024694085121155,1.1364223957061768,0.9799786818842735
Castle Gate,57,0.7487539649009705,1.1991095542907715,0.9795261268093198
Castle Gate,58,0.6967229247093201,1.1899114847183228,0.9774784141492696
Castle Gate,59,0.6263751983642578,1.0748848915100098,0.9786064683731355
Castle Gate,60,1.622053623199463,1.148390769958496,0.9499289493596853
Castle Gate,61,1.294656753540039,1.1964852809906006,0.9553681647295674
Castle Gate,62,1.5945789813995361,1.1811059713363647,0.9512971129451389
Castle Gate,63,1.811984896659851,1.1150716543197632,0.9417194183496531
Castle Gate,64,0.38521188497543335,0.7749572396278381,0.9842090191559179
Castle Gate,65,0.6071774959564209,0.9910786151885986,0.982712865198187
Castle Gate,66,0.28751349449157715,0.8215560913085938,0.9833254971575591
Castle Gate,67,0.09900355339050293,0.7605651021003723,0.9802142530290523
Castle Gate,68,0.4753563404083252,1.1504087448120117,0.9814280318459503
Castle Gate,69,0.3398880362510681,1.011847972869873,0.9842654994189654
Castle Gate,70,0.3462553024291992,1.0479134321212769,0.9824213176488835
Castle Gate,71,0.26813921332359314,0.9520384073257446,0.9848787480566082
Castle Gate,72,1.734242558479309,2.003406524658203,0.9404281100765808
Castle Gate,73,1.7690914869308472,1.9629725217819214,0.9384829832527847
Castle Gate,74,1.3076695203781128,1.5186080932617188,0.9588778077993743
Castle Gate,75,1.814111351966858,1.9927716255187988,0.9344502855154652
Castle Gate,76,0.8281654119491577,0.9569810628890991,0.9659279532106169
Castle Gate,77,0.8654864430427551,1.0782257318496704,0.9611124296975773
Castle Gate,78,0.7397273182868958,0.9948525428771973,0.9680647826196657
Castle Gate,79,0.9888196587562561,0.9233977198600769,0.9652549105363413
Castle Gate,80,1.454667329788208,2.0458250045776367,0.921414720585448
Castle Gate,81,1.5286235809326172,1.6383744478225708,0.9228699007246717
Castle Gate,82,1.4431734085083008,2.3296706676483154,0.911023708332419
Castle Gate,83,1.3504761457443237,2.063709020614624,0.8916766384394158
Castle Gate,84,0.21293795108795166,1.2266842126846313,0.9498181979660253
Castle Gate,85,0.11947019398212433,1.2856833934783936,0.9464365231117595
Castle Gate,86,0.28098297119140625,1.314576506614685,0.9255498348374255
Castle Gate,87,0.14177337288856506,1.2650632858276367,0.950996984882638
Castle Gate,88,1.3093446493148804,1.8230377435684204,0.965791176751687
Castle Gate,89,1.2223366498947144,1.9528013467788696,0.9555043784595397
Castle Gate,90,0.8810842633247375,1.6357231140136719,0.9564041550175391
Castle Gate,91,1.4072068929672241,2.2365365028381348,0.948938426147198
Castle Gate,92,2.5733959674835205,2.3698902130126953,0.9017766627310679
Castle Gate,93,2.8485116958618164,2.6049015522003174,0.8936321437682719
Castle Gate,94,2.670222520828247,2.873798370361328,0.8932277580311561
Castle Gate,95,2.814383029937744,3.1189370155334473,0.8779902268008906
Castle Gate,96,0.8951031565666199,2.3605570793151855,0.9256827660649882
Castle Gate,97,1.0916320085525513,2.3910446166992188,0.9263401486704275
Castle Gate,98,1.1913906335830688,1.9857591390609741,0.9355360814696068
Castle Gate,99,0.843669593334198,1.8702038526535034,0.9156264051907052
Castle Gate,100,0.0021185942459851503,1.361727237701416,0.967957160020794
Castle Gate,101,0.10183294117450714,1.5095758438110352,0.9645657911821227
Castle Gate,102,0.10567939281463623,1.3686244487762451,0.9678644886775737
Castle Gate,103,0.07647086679935455,1.6355260610580444,0.9615934824409427
Castle Gate,104,1.3017280101776123,1.5606645345687866,0.9640050159909381
Castle Gate,105,1.3850690126419067,1.5253772735595703,0.9683249008457783
Castle Gate,106,1.2268146276474,1.3740572929382324,0.967915456544732
Castle Gate,107,1.5642445087432861,1.89590322971344,0.9576801116215256
Castle Gate,108,0.6207828521728516,1.080762267112732,0.9804772063855369
Castle Gate,109,0.6048818826675415,1.0409538745880127,0.9800644188755722
Castle Gate,110,0.5964362025260925,1.1636790037155151,0.9742758959274237
Castle Gate,111,0.738369345664978,1.2017844915390015,0.9793746202387239
Castle Gate,112,1.2033467292785645,1.666914939880371,0.9187908386667927
Castle Gate,113,1.3532452583312988,1.3523858785629272,0.9318401815877594
Castle Gate,114,1.3517930507659912,1.3658342361450195,0.9310483654503361
Castle Gate,115,1.305774450302124,1.349212646484375,0.9275584593477096
Castle Gate,116,0.23985549807548523,1.2954572439193726,0.9710091889592607
Castle Gate,117,0.3385525941848755,1.2926946878433228,0.9698714796671066
Castle Gate,118,0.43915972113609314,1.453731894493103,0.9693620685795079
Castle Gate,119,0.44652730226516724,1.4193800687789917,0.9716025056549671
Castle Gate,120,1.6551278829574585,2.3041768074035645,0.9280663739664021
Castle Gate,121,1.489123821258545,1.68367600440979,0.9474820787185577
Castle Gate,122,1.8720773458480835,1.9528601169586182,0.9341184968379941
Castle Gate,123,1.6111284494400024,2.0488805770874023,0.922486086703677
Castle Gate,124,4.0360236167907715,5.904441833496094,0.8355167454330966
Castle Gate,125,3.546967029571533,5.232607364654541,0.8584293399952411
Castle Gate,126,3.54636812210083,5.1713457107543945,0.8579573084493816
Castle Gate,127,3.9763710498809814,5.9794816970825195,0.8418262585415168
Castle Gate,128,1.547479271888733,0.9129676818847656,0.9599611657652066
Castle Gate,129,1.5135055780410767,0.9056821465492249,0.9586166898863071
Castle Gate,130,1.26814866065979,1.0306891202926636,0.9576418461454892
Castle Gate,131,1.1106247901916504,0.9324597716331482,0.9667679677191712
Castle Gate,132,3.6636924743652344,3.1471643447875977,0.8621091745405797
Castle Gate,133,3.5317723751068115,3.127347946166992,0.8755394102120367
Castle Gate,134,3.4698548316955566,2.9582197666168213,0.8799234418821587
Castle Gate,135,3.5047640800476074,2.5709025859832764,0.8503202239785986
Castle Gate,136,0.04994196817278862,1.1314839124679565,0.9764453902156681
Castle Gate,137,0.28819963335990906,1.0576905012130737,0.9795662910846611
Castle Gate,138,0.26495179533958435,1.1397924423217773,0.9773767992087101
Castle Gate,139,0.29564887285232544,1.1231447458267212,0.978496389508686
Castle Gate,140,0.6744835376739502,1.4142624139785767,0.9623169761852721
Castle Gate,141,0.5347204208374023,1.3485029935836792,0.964554277341838
Castle Gate,142,0.7385849952697754,1.4620718955993652,0.9632613829395121
Castle Gate,143,0.6810054779052734,1.3105359077453613,0.9605128845791061
Castle Gate,144,0.9105984568595886,0.9578616619110107,0.9642514320300154
Castle Gate,145,1.133942723274231,0.9825863838195801,0.9687644912554524
Castle Gate,146,1.0335215330123901,0.9223421812057495,0.9730324881442141
Castle Gate,147,0.9144875407218933,0.8929869532585144,0.9676923023696472
Castle Gate,148,1.4602069854736328,1.5474979877471924,0.9557976088927876
Castle Gate,149,1.526764154434204,1.42159104347229,0.953754871773692
Castle Gate,150,1.6250436305999756,1.3459430932998657,0.9496147790931796
Castle Gate,151,1.6551240682601929,1.5102074146270752,0.947634555874472
Castle Gate,152,0.8516725301742554,1.5000627040863037,0.9561865922989354
Castle Gate,153,0.8666235208511353,1.6253961324691772,0.9571867067754924
Castle Gate,154,1.1169278621673584,1.5803805589675903,0.9558720534843879
Castle Gate,155,0.9876812696456909,1.3939898014068604,0.9691243129121632
Castle Gate,156,1.214657187461853,1.5180166959762573,0.9285488403907733
Castle Gate,157,1.2014068365097046,1.6934939622879028,0.9214784411058216
Castle Gate,158,1.147071361541748,1.465468406677246,0.9393697601429357
Castle Gate,159,1.0452055931091309,1.554369330406189,0.9462173933770914
Castle Gate,160,0.23281851410865784,1.5175615549087524,0.9654034626932628
Castle Gate,161,0.33189624547958374,1.0374810695648193,0.9759721140358922
Castle Gate,162,0.26820385456085205,0.8509827852249146,0.9776831953565093
Castle Gate,163,0.2746742069721222,1.0098741054534912,0.9775718265243432
Castle Gate,164,1.1714189052581787,1.4605646133422852,0.9670718159636784
Castle Gate,165,0.6985588669776917,1.2039915323257446,0.9686154719781777
Castle Gate,166,0.6754552721977234,1.1955617666244507,0.9667689005961251
Castle Gate,167,0.867638111114502,1.365894079208374,0.9641744846815984
Castle Gate,168,3.03267502784729,3.6997411251068115,0.8751868673427172
Castle Gate,169,3.0320167541503906,3.6017630100250244,0.8785550311763396
Castle Gate,170,2.602736234664917,3.0974621772766113,0.9121597776649124
Castle Gate,171,3.066183567047119,3.6279377937316895,0.8888518455541145
Castle Gate,172,0.08964553475379944,1.0621885061264038,0.9742647479332069
Castle Gate,173,0.03549819067120552,0.9278603792190552,0.9742419540647318
Castle Gate,174,0.037322305142879486,0.8922290205955505,0.9762904149967041
Castle Gate,175,0.0489090234041214,1.1117160320281982,0.9728630888169055
Castle Gate,176,0.3775950074195862,1.4112690687179565,0.9605397664938733
Castle Gate,177,0.5124621987342834,1.479812502861023,0.9588381797359306
Castle Gate,178,0.2531234323978424,1.1721693277359009,0.9684784523977922
Castle Gate,179,0.4392944574356079,1.2993680238723755,0.962686860614536
Castle Gate,180,0.27005213499069214,0.7079894542694092,0.9774559525574413
Castle Gate,181,0.26257064938545227,0.7564472556114197,0.9757197964082529
Castle Gate,182,0.3035951852798462,0.6498614549636841,0.9823052699814601
Castle Gate,183,0.21884815394878387,0.7907981872558594,0.9776732511143059
Castle Gate,184,0.8722939491271973,2.2040083408355713,0.9492860402045307
Castle Gate,185,1.136016845703125,2.3307628631591797,0.9475151139580322
Castle Gate,186,1.0910109281539917,2.3836300373077393,0.9454599550933872
Castle Gate,187,0.9162315130233765,2.133646249771118,0.9528291751109548
Castle Gate,188,0.3905428349971771,1.3593027591705322,0.9618970497333175
Castle Gate,189,0.4892162084579468,1.1521064043045044,0.9678641869982647
Castle Gate,190,0.2828133702278137,1.1046868562698364,0.9684229882914627
Castle Gate,191,0.5887503623962402,1.3114559650421143,0.963180632206673
Castle Gate,192,0.4189842641353607,1.2327370643615723,0.943873548305853
Castle Gate,193,0.6350847482681274,1.4894713163375854,0.9311337775511775
Castle Gate,194,0.2884305715560913,1.2924503087997437,0.9403534237666614
Castle Gate,195,0.5071110725402832,1.4212576150894165,0.937971383653723
Castle Gate,196,1.2349058389663696,1.2488268613815308,0.9748209121034561
Castle Gate,197,1.2642453908920288,1.1469279527664185,0.9700028696817731
Castle Gate,198,1.2698862552642822,1.2955600023269653,0.9708622906571412
Castle Gate,199,0.9561743140220642,1.242042899131775,0.9727168274097361
Castle Gate,200,1.1139944791793823,1.441717505455017,0.9464670419489144
Castle Gate,201,1.0455187559127808,1.0603152513504028,0.9663079170173137
Castle Gate,202,0.83632493019104,1.3032416105270386,0.9588607060806488
Castle Gate,203,0.8003832697868347,1.449778437614441,0.9549142539313517
Castle Gate,204,1.4326828718185425,1.668667197227478,0.9558707616273735
Castle Gate,205,1.4070841073989868,1.8496954441070557,0.9442722365254415
Castle Gate,206,1.3067618608474731,1.495447039604187,0.9545297839043774
Castle Gate,207,1.294216275215149,1.3383009433746338,0.9507630425734754
Castle Gate,208,0.04467621073126793,0.9189979434013367,0.9713807666546833
Castle Gate,209,0.05845993012189865,0.7421389818191528,0.9829750709612942
Castle Gate,210,0.21117329597473145,0.7505561113357544,0.9723759344045193
Castle Gate,211,0.22896261513233185,0.6053752303123474,0.9779863657661778
Castle Gate,212,0.564479410648346,0.9625125527381897,0.9732737066585394
Castle Gate,213,0.44373616576194763,0.9038113951683044,0.9745727922929005
Castle Gate,214,0.5110746026039124,1.0861176252365112,0.968570205512004
Castle Gate,215,0.4022546112537384,1.1260839700698853,0.9734177045326349
Castle Gate,216,0.11442799121141434,0.8968205451965332,0.9652942198516894
Castle Gate,217,0.018618954345583916,0.7999213933944702,0.968588124298704
Castle Gate,218,0.05397079139947891,0.8585171699523926,0.9690733897104222
Castle Gate,219,0.07333329319953918,0.8535563945770264,0.9658553038669884
Castle Gate,220,1.0078762769699097,1.7848525047302246,0.9246050314670659
Castle Gate,221,0.8564901351928711,1.683060884475708,0.9297147038672365
Castle Gate,222,1.1405529975891113,1.9862834215164185,0.906593149274955
Castle Gate,223,0.8277679085731506,1.784273624420166,0.907392617560686
Castle Gate,224,0.3144659399986267,1.567897081375122,0.9510255831120322
Castle Gate,225,0.1967112421989441,0.9658001661300659,0.9648501903528194
Castle Gate,226,0.19173136353492737,1.4166984558105469,0.9557504639397866
Castle Gate,227,0.17538411915302277,1.0819058418273926,0.952433533948114
Castle Gate,228,0.31292423605918884,0.9148979187011719,0.97438217230004
Castle Gate,229,0.6943758726119995,1.2554609775543213,0.96535262223762
Castle Gate,230,0.11810728907585144,1.0696381330490112,0.9655126507775679
Castle Gate,231,0.06453848630189896,0.9763804078102112,0.9709285135858966
Castle Gate,232,1.0188372135162354,1.171862006187439,0.9426096483733081
Castle Gate,233,0.7820074558258057,0.9161537289619446,0.9467502228293969
Castle Gate,234,1.1908172369003296,1.156264305114746,0.9327380128091133
Castle Gate,235,0.7232190370559692,0.9877952337265015,0.9409070650138508
Castle Gate,236,0.05600515753030777,0.9003432393074036,0.9808766645795112
Castle Gate,237,0.12557406723499298,0.8653469085693359,0.9816597509495242
Castle Gate,238,0.08769038319587708,1.2498828172683716,0.9775416123022371
Castle Gate,239,0.202398881316185,1.0611968040466309,0.9803466262016058
Castle Gate,240,0.2749190628528595,1.4032121896743774,0.9493966601891394
Castle Gate,241,0.18540175259113312,1.0434420108795166,0.9605637537535044
Castle Gate,242,0.3029462397098541,1.0580596923828125,0.9526908936051621
Castle Gate,243,0.017108745872974396,1.377464771270752,0.9452798408943355
Castle Gate,244,0.13882854580879211,1.0813754796981812,0.9722712591471677
Castle Gate,245,0.00843637716025114,0.9458982348442078,0.9771671874135137
Castle Gate,246,0.2759108245372772,1.0745916366577148,0.9729332600906486
Castle Gate,247,0.09605669975280762,0.9467886090278625,0.9760376886845961
Castle Gate,248,0.565168023109436,0.949131190776825,0.9668334723777043
Castle Gate,249,0.31558722257614136,0.9888713359832764,0.966914028616785
Castle Gate,250,0.3713981509208679,0.9818587303161621,0.9691537645203104
Castle Gate,251,0.4323282241821289,1.139514446258545,0.9636621735352272
Castle Gate,252,0.4450807571411133,0.9337061047554016,0.9859151553762622
Castle Gate,253,0.6269823312759399,1.0426989793777466,0.9864245985443257
Castle Gate,254,0.5646413564682007,1.0076357126235962,0.9864190669929781
Castle Gate,255,0.5076709985733032,0.9158979058265686,0.9872589304308119
Castle Gate,256,0.20720979571342468,0.9973284006118774,0.9697115108028562
Castle Gate,257,0.06987606734037399,1.334265947341919,0.9657948341880958
Castle Gate,258,0.20055323839187622,1.043872594833374,0.9699104452745284
Castle Gate,259,0.1790691614151001,1.141994833946228,0.9723644252825778
Castle Gate,260,0.7275374531745911,1.028458833694458,0.9728527011511544
Castle Gate,261,0.8483066558837891,1.149398684501648,0.9701093245993445
Castle Gate,262,0.541601836681366,0.981117844581604,0.9718914096758132
Castle Gate,263,0.750199019908905,0.9384347796440125,0.9756472343007652
Castle Gate,264,0.6329613327980042,0.9799152612686157,0.9745809614944876
Castle Gate,265,0.5973074436187744,0.9128821492195129,0.9684389180870788
Castle Gate,266,0.7200693488121033,0.9298256039619446,0.9725741379116356
Castle Gate,267,0.7493128180503845,0.9356042146682739,0.9706491190328113
Castle Gate,268,0.5212939977645874,1.5836749076843262,0.9276348445529302
Castle Gate,269,0.4656616449356079,1.670486569404602,0.9344997170656237
Castle Gate,270,0.6193236708641052,1.6935899257659912,0.9346950820810898
Castle Gate,271,0.416045218706131,1.5988677740097046,0.925741599286426
Castle Gate,272,0.18391968309879303,0.8501880168914795,0.9791102408712302
Castle Gate,273,0.3589524030685425,0.893638014793396,0.979116745772779
Castle Gate,274,0.12187647819519043,0.7938180565834045,0.982152988976005
Castle Gate,275,0.44818824529647827,0.8623608946800232,0.9754551123454194
Castle Gate,276,1.0048080682754517,1.422886610031128,0.9602638635952623
Castle Gate,277,0.7470617890357971,1.1215295791625977,0.968344357569258
Castle Gate,278,0.7750471234321594,1.4777737855911255,0.9580919216701158
Castle Gate,279,0.8994266390800476,1.2912870645523071,0.9611943521228384
Castle Gate,280,1.1438971757888794,2.4573769569396973,0.9533859150989962
Castle Gate,281,0.9635289907455444,2.2950661182403564,0.9553207029985873
Castle Gate,282,1.0704443454742432,2.2380948066711426,0.9648470819428995
Castle Gate,283,0.9580521583557129,2.2188682556152344,0.9590934928399383
Berea Upper Gray,0,1.250915765762329,2.284052610397339,0.957565852721554
Berea Upper Gray,1,0.7714237570762634,1.720452904701233,0.971209336525013
Berea Upper Gray,2,0.5699260830879211,1.5502266883850098,0.9690574897280156
Berea Upper Gray,3,0.707547128200531,1.556641936302185,0.9729928349436341
Berea Upper Gray,4,0.5214552283287048,1.3503652811050415,0.9557306953766204
Berea Upper Gray,5,0.5285670161247253,1.2668170928955078,0.9525396983726638
Berea Upper Gray,6,0.6064972877502441,1.363383173942566,0.9618908539657608
Berea Upper Gray,7,0.3347850441932678,1.5837154388427734,0.9493775995016476
Berea Upper Gray,8,1.1520832777023315,1.850248098373413,0.9502825545738841
Berea Upper Gray,9,1.1716299057006836,1.951697826385498,0.9439026335100379
Berea Upper Gray,10,1.6484664678573608,2.3743317127227783,0.9414717003915225
Berea Upper Gray,11,1.7472667694091797,2.3698999881744385,0.9506637362399611
Berea Upper Gray,12,2.5198521614074707,2.8760366439819336,0.9017893815371061
Berea Upper Gray,13,2.3367371559143066,2.720865249633789,0.9119844700619035
Berea Upper Gray,14,2.6752331256866455,3.0536298751831055,0.9114583975677505
Berea Upper Gray,15,2.173910617828369,2.4734408855438232,0.9210163914584227
Berea Upper Gray,16,1.0085222721099854,1.5002853870391846,0.9570697462222766
Berea Upper Gray,17,0.9328768253326416,1.4653621912002563,0.9657302148706436
Berea Upper Gray,18,0.8053315877914429,1.283642053604126,0.9679479571084888
Berea Upper Gray,19,0.9447038173675537,1.4413340091705322,0.966501228963561
Berea Upper Gray,20,0.052346695214509964,1.6506322622299194,0.9689264357150107
Berea Upper Gray,21,0.273461252450943,1.3064144849777222,0.974764225852515
Berea Upper Gray,22,0.4001864492893219,1.2818790674209595,0.975984606173321
Berea Upper Gray,23,0.44066667556762695,1.1711112260818481,0.9777902501379007
Berea Upper Gray,24,0.1729237139225006,1.3394116163253784,0.9658003918823077
Berea Upper Gray,25,0.11349697411060333,1.6750174760818481,0.9616248522224671
Berea Upper Gray,26,0.08052218705415726,1.2050161361694336,0.9665542479288177
Berea Upper Gray,27,0.17724621295928955,1.2132586240768433,0.967745724857293
Berea Upper Gray,28,2.484264612197876,2.863884925842285,0.9062968743693819
Berea Upper Gray,29,2.4706954956054688,2.5633950233459473,0.9032824036858148
Berea Upper Gray,30,2.2621219158172607,2.0302770137786865,0.8905498952044725
Berea Upper Gray,31,2.3545100688934326,2.573491334915161,0.9036306262437745
Berea Upper Gray,32,1.7263362407684326,1.7900772094726562,0.9515401390774679
Berea Upper Gray,33,1.5945457220077515,1.6640466451644897,0.9590729991858588
Berea Upper Gray,34,1.875819206237793,2.2953872680664062,0.9389695235475328
Berea Upper Gray,35,1.9913049936294556,2.1290204524993896,0.9543934884756441
Berea Upper Gray,36,1.349989414215088,2.559400796890259,0.9492138768299613
Berea Upper Gray,37,1.3369799852371216,2.5449657440185547,0.9503754204285525
Berea Upper Gray,38,1.383015751838684,2.5054383277893066,0.9542522436304464
Berea Upper Gray,39,1.17463219165802,2.167332887649536,0.964282756015432
Berea Upper Gray,40,1.0416768789291382,1.608263373374939,0.9602545818420363
Berea Upper Gray,41,0.98604816198349,1.4841947555541992,0.9631978742340261
Berea Upper Gray,42,1.0037500858306885,1.4613454341888428,0.963192995945113
Berea Upper Gray,43,0.6962660551071167,1.2325557470321655,0.9669939952032828
Berea Upper Gray,44,0.8333191275596619,1.7770750522613525,0.9697397343814661
Berea Upper Gray,45,0.7528510093688965,1.6482467651367188,0.971892354106138
Berea Upper Gray,46,0.6716066598892212,1.577813982963562,0.9729175484400561
Berea Upper Gray,47,0.8639445304870605,1.876016616821289,0.9677730882930634
Berea Upper Gray,48,0.3498193323612213,2.0041847229003906,0.9627252873388678
Berea Upper Gray,49,0.30093640089035034,1.7234584093093872,0.9697183938590649
Berea Upper Gray,50,0.5101407170295715,2.1338815689086914,0.9535185798745704
Berea Upper Gray,51,0.31946656107902527,2.0481412410736084,0.9617607229830807
Berea Upper Gray,52,1.0954381227493286,1.396091103553772,0.8652929285080443
Berea Upper Gray,53,0.9402691721916199,1.5650315284729004,0.8527918370238045
Berea Upper Gray,54,0.9340241551399231,1.335261344909668,0.8652725640861009
Berea Upper Gray,55,1.272446870803833,1.4375333786010742,0.8596991019983057
Berea Upper Gray,56,0.5625274181365967,1.3448827266693115,0.9700987135875958
Berea Upper Gray,57,0.6515822410583496,1.4778167009353638,0.9652587127164253
Berea Upper Gray,58,0.6487811207771301,1.3529853820800781,0.9644515798637601
Berea Upper Gray,59,0.24978041648864746,1.1692270040512085,0.9713231868940584
Berea Upper Gray,60,1.1415568590164185,0.9084926843643188,0.9490368194892993
Berea Upper Gray,61,1.1826483011245728,1.0416185855865479,0.9504194890158851
Berea Upper Gray,62,1.252623200416565,1.0196878910064697,0.9438122406851301
Berea Upper Gray,63,1.294116735458374,1.025525689125061,0.9414997773686542
Berea Upper Gray,64,1.3036999702453613,1.6768808364868164,0.9494991730427825
Berea Upper Gray,65,1.171583652496338,1.6602224111557007,0.951057734278826
Berea Upper Gray,66,1.5160486698150635,1.8018518686294556,0.9483654911784132
Berea Upper Gray,67,1.2316488027572632,1.5438673496246338,0.9501654221839768
Berea Upper Gray,68,2.6941983699798584,3.824503183364868,0.5996094811286282
Berea Upper Gray,69,2.8070766925811768,4.13263463973999,0.5089782696076256
Berea Upper Gray,70,3.265425443649292,4.425391674041748,0.5463332419768129
Berea Upper Gray,71,2.5211241245269775,3.5947508811950684,0.606464836496561
Berea Upper Gray,72,0.9343449473381042,1.4608056545257568,0.9544861104913184
Berea Upper Gray,73,0.6562702059745789,1.6680102348327637,0.9467897366250104
Berea Upper Gray,74,0.9433218836784363,1.8465157747268677,0.933478077215353
Berea Upper Gray,75,0.8686889410018921,1.2889422178268433,0.9576481791348403
Berea Upper Gray,76,2.1152126789093018,1.8809170722961426,0.877391499473683
Berea Upper Gray,77,2.282975912094116,1.9452276229858398,0.8616786672835834
Berea Upper Gray,78,1.998152256011963,1.917502760887146,0.8947933936532045
Berea Upper Gray,79,2.1605441570281982,1.8903930187225342,0.8792402060734106
Berea Upper Gray,80,0.14589041471481323,1.0245064496994019,0.9668334331589792
Berea Upper Gray,81,0.397382527589798,0.988348662853241,0.9677452407479222
Berea Upper Gray,82,0.4950113296508789,1.006719946861267,0.9602594015345486
Berea Upper Gray,83,0.11820649355649948,1.0853304862976074,0.9615044547240995
Berea Upper Gray,84,0.012105372734367847,0.9367572069168091,0.9744227877131476
Berea Upper Gray,85,0.11853276938199997,0.9123888611793518,0.9743871860307679
Berea Upper Gray,86,0.13571573793888092,0.8786510229110718,0.9677363191464575
Berea Upper Gray,87,0.1293300986289978,0.9308320879936218,0.973687331675981
Berea Upper Gray,88,1.4606939554214478,2.378377914428711,0.9342666324673339
Berea Upper Gray,89,1.3799068927764893,2.1371090412139893,0.9449015230527801
Berea Upper Gray,90,1.2941210269927979,2.49065899848938,0.9449091238946742
Berea Upper Gray,91,1.5798569917678833,2.553419351577759,0.9335581322053053
Berea Upper Gray,92,1.096233606338501,1.3556607961654663,0.9653717602037444
Berea Upper Gray,93,1.1309298276901245,1.4105827808380127,0.962107913040402
Berea Upper Gray,94,0.924706220626831,1.3850172758102417,0.9653085959609189
Berea Upper Gray,95,0.9118049144744873,1.487918496131897,0.958188151904995
Berea Upper Gray,96,0.3607172966003418,1.4908974170684814,0.9383429614551118
Berea Upper Gray,97,0.3892589509487152,1.4909850358963013,0.9396717095474094
Berea Upper Gray,98,0.5687090754508972,1.4301059246063232,0.9514745457056205
Berea Upper Gray,99,0.5404388308525085,1.4372714757919312,0.9426817010405865
Berea Upper Gray,100,0.3134915828704834,0.775773286819458,0.9688195120786676
Berea Upper Gray,101,0.40327706933021545,0.7475783824920654,0.9662654414090702
Berea Upper Gray,102,0.2316078394651413,0.7586612701416016,0.9720839138087414
Berea Upper Gray,103,0.27806225419044495,0.726003110408783,0.9711772126644264
Berea Upper Gray,104,0.3979264795780182,1.4125670194625854,0.955983218536196
Berea Upper Gray,105,0.6197215914726257,1.8991810083389282,0.9347710825895418
Berea Upper Gray,106,0.6063702702522278,1.8149166107177734,0.9457005363489533
Berea Upper Gray,107,0.5487372875213623,1.4959439039230347,0.9510303673489996
Berea Upper Gray,108,1.429309606552124,1.8542834520339966,0.9208133283475782
Berea Upper Gray,109,1.258767008781433,1.7267450094223022,0.9115301008080959
Berea Upper Gray,110,1.3366507291793823,1.2163633108139038,0.9149585591553088
Berea Upper Gray,111,1.2321940660476685,1.8147459030151367,0.9133696240764617
Berea Upper Gray,112,1.2222610712051392,2.2172088623046875,0.7579801170196196
Berea Upper Gray,113,1.35071861743927,1.907531499862671,0.7957447029282564
Berea Upper Gray,114,1.163713812828064,2.2813808917999268,0.7469688033660413
Berea Upper Gray,115,1.4401230812072754,2.129047393798828,0.7924181154117025
Berea Upper Gray,116,1.0623271465301514,1.9165371656417847,0.9645891935847182
Berea Upper Gray,117,0.706660807132721,1.7931567430496216,0.9623811035505163
Berea Upper Gray,118,0.43369680643081665,1.5130431652069092,0.9684951844223832
Berea Upper Gray,119,1.0492031574249268,1.7751139402389526,0.9618217178489549
Berea Upper Gray,120,1.6020033359527588,2.800126075744629,0.8933374218415954
Berea Upper Gray,121,1.87659752368927,2.9724202156066895,0.8862227422866219
Berea Upper Gray,122,1.7792258262634277,2.6328301429748535,0.916084987921711
Berea Upper Gray,123,1.6248188018798828,2.672403573989868,0.9094860855932323
Berea Upper Gray,124,2.0652694702148438,2.5001604557037354,0.9245965710599299
Berea Upper Gray,125,1.9519224166870117,2.1879405975341797,0.9430798038858811
Berea Upper Gray,126,1.9996826648712158,2.30456805229187,0.9492155478356418
Berea Upper Gray,127,1.912902593612671,2.3105342388153076,0.9406379165114123
Berea Upper Gray,128,1.010857343673706,1.728580355644226,0.9632395487526191
Berea Upper Gray,129,0.945228636264801,1.6097135543823242,0.9702536140993323
Berea Upper Gray,130,0.5325489044189453,1.2346018552780151,0.9668237391358663
Berea Upper Gray,131,1.1217352151870728,1.7985292673110962,0.9657299225609006
Berea Upper Gray,132,0.1906043291091919,1.0070040225982666,0.9733536092107651
Berea Upper Gray,133,0.5238053798675537,1.0717202425003052,0.9687428285880996
Berea Upper Gray,134,0.36056777834892273,1.0316417217254639,0.9741622689978687
Berea Upper Gray,135,0.1919589638710022,0.992155909538269,0.9741397623336576
Berea Upper Gray,136,1.0741099119186401,2.0962347984313965,0.9440593537049199
Berea Upper Gray,137,1.360225796699524,2.5575358867645264,0.944760988209361
Berea Upper Gray,138,1.3932700157165527,2.394132375717163,0.9432793810575442
Berea Upper Gray,139,0.9439203143119812,1.7938861846923828,0.9605654099057558
Berea Upper Gray,140,0.8635568022727966,1.7974354028701782,0.9451620339955986
Berea Upper Gray,141,0.7341939210891724,1.7895195484161377,0.9400215225985524
Berea Upper Gray,142,0.7575075626373291,1.762890100479126,0.9458899742495231
Berea Upper Gray,143,0.7009649872779846,1.6292535066604614,0.955306756526877
Berea Upper Gray,144,0.5290198922157288,1.8128528594970703,0.9424872234335321
Berea Upper Gray,145,0.3278879225254059,1.5238317251205444,0.9374882188081921
Berea Upper Gray,146,0.23850856721401215,1.2231947183609009,0.9435745019289298
Berea Upper Gray,147,0.08546986430883408,1.4418489933013916,0.9494977692546026
Berea Upper Gray,148,0.25148576498031616,1.1594667434692383,0.9689226593121135
Berea Upper Gray,149,0.22019441425800323,1.1709579229354858,0.9712373224868198
Berea Upper Gray,150,0.2934175431728363,1.225761890411377,0.9666569839643466
Berea Upper Gray,151,0.21450084447860718,1.2374544143676758,0.9643513993111099
Berea Upper Gray,152,2.469977617263794,4.487220764160156,0.9333893624062456
Berea Upper Gray,153,2.63657546043396,4.888835906982422,0.9092212752307623
Berea Upper Gray,154,2.55192232131958,4.650171279907227,0.9108377290727526
Berea Upper Gray,155,2.2182769775390625,4.1774187088012695,0.9147500259538908
Berea Upper Gray,156,0.17773504555225372,1.0245424509048462,0.9606937810725557
Berea Upper Gray,157,0.05504276975989342,0.9623696804046631,0.965752511389737
Berea Upper Gray,158,0.12081345170736313,1.0575491189956665,0.9648492855165318
Berea Upper Gray,159,0.2421720027923584,1.1222522258758545,0.9583244893409337
Berea Upper Gray,160,0.4848368763923645,0.8380457162857056,0.9639445273163479
Berea Upper Gray,161,0.03553709760308266,0.8290820121765137,0.9710718838592661
Berea Upper Gray,162,0.0623416043817997,0.8254448175430298,0.9667022583815283
Berea Upper Gray,163,0.5140684247016907,1.1400256156921387,0.9634154827844676
Berea Upper Gray,164,1.3870398998260498,1.7234474420547485,0.9534806451973649
Berea Upper Gray,165,0.8403093814849854,1.077298641204834,0.9567445762173424
Berea Upper Gray,166,1.1080107688903809,1.4862303733825684,0.9427779608864051
Berea Upper Gray,167,1.0973732471466064,1.4135466814041138,0.9568721587579303
Berea Upper Gray,168,1.404264211654663,1.3511462211608887,0.9436099161717791
Berea Upper Gray,169,1.508314847946167,1.2932801246643066,0.9444400249270316
Berea Upper Gray,170,1.3621423244476318,1.1343759298324585,0.9535442927927403
Berea Upper Gray,171,1.375823736190796,1.2357031106948853,0.9458378389895444
Berea Upper Gray,172,1.0672688484191895,1.572646975517273,0.9624050145141358
Berea Upper Gray,173,0.8681598901748657,1.5538976192474365,0.9573549714819625
Berea Upper Gray,174,0.8414298295974731,1.433335781097412,0.9667265514031952
Berea Upper Gray,175,0.9156147837638855,1.5808355808258057,0.9640202466253618
Berea Upper Gray,176,0.7608292698860168,2.2660181522369385,0.9724528347303304
Berea Upper Gray,177,0.6775417327880859,2.5027637481689453,0.9661407614434231
Berea Upper Gray,178,0.5485381484031677,2.159092426300049,0.972056325000445
Berea Upper Gray,179,0.7397207617759705,2.574298620223999,0.9640604121658798
Berea Upper Gray,180,1.0032360553741455,2.3201491832733154,0.8443930573016126
Berea Upper Gray,181,1.410191535949707,2.2642900943756104,0.8622785666109997
Berea Upper Gray,182,1.296865701675415,1.9406973123550415,0.8802452506025471
Berea Upper Gray,183,0.9925103783607483,1.6091296672821045,0.9140456657817664
Berea Upper Gray,184,0.5714189410209656,0.9094061255455017,0.9389116732353165
Berea Upper Gray,185,0.46745729446411133,0.854820966720581,0.9546731839563083
Berea Upper Gray,186,0.16829824447631836,1.0596554279327393,0.9446137990511099
Berea Upper Gray,187,0.7440337538719177,0.9421814680099487,0.9334090146581369
Berea Upper Gray,188,1.172447919845581,1.5265690088272095,0.9581892216075423
Berea Upper Gray,189,1.5258890390396118,1.981810450553894,0.9372882578220566
Berea Upper Gray,190,1.13301420211792,1.5108304023742676,0.9582915741169098
Berea Upper Gray,191,1.0895010232925415,1.5046857595443726,0.9588191734884141
Berea Upper Gray,192,0.8140358328819275,1.7381597757339478,0.967012913713567
Berea Upper Gray,193,0.30425316095352173,1.269365906715393,0.9685020905067555
Berea Upper Gray,194,0.40761348605155945,1.4456607103347778,0.9673869112065555
Berea Upper Gray,195,0.27031219005584717,1.6616408824920654,0.9566656035572266
Berea Upper Gray,196,0.3572925925254822,0.7993943095207214,0.9818056735146204
Berea Upper Gray,197,0.20759129524230957,0.80436110496521,0.983406462459701
Berea Upper Gray,198,0.33437561988830566,0.8361421227455139,0.98062636549463
Berea Upper Gray,199,0.4199618697166443,0.8131244778633118,0.9805339376141284
Berea Upper Gray,200,2.687901258468628,3.058664560317993,0.8197523783452347
Berea Upper Gray,201,2.5632946491241455,2.7948529720306396,0.8546780676288974
Berea Upper Gray,202,2.854153633117676,3.243213653564453,0.8305369812191391
Berea Upper Gray,203,2.980623483657837,3.3676772117614746,0.8295121043706113
Berea Upper Gray,204,0.08772996068000793,1.1486544609069824,0.9703399550614626
Berea Upper Gray,205,0.32124796509742737,1.1924374103546143,0.9737149807378095
Berea Upper Gray,206,0.24083130061626434,1.2842367887496948,0.9718061164049001
Berea Upper Gray,207,0.2968323528766632,1.1951649188995361,0.9748460975927631
Berea Upper Gray,208,1.5336542129516602,1.8446143865585327,0.886290553089566
Berea Upper Gray,209,1.725281000137329,2.3159804344177246,0.8817478814291209
Berea Upper Gray,210,1.8051408529281616,1.6869736909866333,0.8745276740747835
Berea Upper Gray,211,1.6933104991912842,1.5979036092758179,0.8791518928238624
Berea Upper Gray,212,1.2703206539154053,1.5199744701385498,0.9323883056533724
Berea Upper Gray,213,1.1819392442703247,1.4230965375900269,0.9369915741217087
Berea Upper Gray,214,1.154663324356079,1.4430538415908813,0.9323146791506209
Berea Upper Gray,215,1.230491280555725,1.437644600868225,0.9255356819193465
Berea Upper Gray,216,2.7224621772766113,4.062345027923584,0.8316884207020471
Berea Upper Gray,217,2.752882957458496,4.101003170013428,0.8437429670196867
Berea Upper Gray,218,2.4106485843658447,3.752074956893921,0.8320892335703234
Berea Upper Gray,219,2.8306949138641357,4.146524906158447,0.8329770481685607
Berea Upper Gray,220,0.2184688001871109,0.7079839110374451,0.9755640591723153
Berea Upper Gray,221,0.3619800806045532,0.6931696534156799,0.9777121685641292
Berea Upper Gray,222,0.2796345055103302,0.7000802159309387,0.9784761467365176
Berea Upper Gray,223,0.3512222468852997,0.684334397315979,0.9812920049245272
Berea Sinter Gray,0,0.4583582282066345,0.880657434463501,0.9771479916577741
Berea Sinter Gray,1,0.7217299938201904,0.9328870177268982,0.9722058041394807
Berea Sinter Gray,2,0.6259551048278809,0.9047180414199829,0.9755340043609786
Berea Sinter Gray,3,0.6611449718475342,0.973865270614624,0.9741547150533655
Berea Sinter Gray,4,3.6752209663391113,2.630828857421875,0.8134420270265122
Berea Sinter Gray,5,3.045992136001587,2.9501547813415527,0.8577564289927179
Berea Sinter Gray,6,2.9312074184417725,3.2648236751556396,0.846367225528093
Berea Sinter Gray,7,2.8880276679992676,2.4358832836151123,0.8772941621010006
Berea Sinter Gray,8,1.6494349241256714,1.5896995067596436,0.9187425830225973
Berea Sinter Gray,9,1.427889108657837,1.3710726499557495,0.923237096972779
Berea Sinter Gray,10,1.338274359703064,1.2203774452209473,0.942935898993617
Berea Sinter Gray,11,1.5102862119674683,1.8963392972946167,0.9411052109404918
Berea Sinter Gray,12,1.3028873205184937,1.6567970514297485,0.9191706026455471
Berea Sinter Gray,13,0.9224995970726013,1.3793383836746216,0.9314779760955035
Berea Sinter Gray,14,0.704581618309021,1.2410210371017456,0.927773861629646
Berea Sinter Gray,15,0.9725704789161682,1.5319446325302124,0.9148537073131282
Berea Sinter Gray,16,1.0452746152877808,1.7589629888534546,0.9578060904723081
Berea Sinter Gray,17,0.9067140221595764,1.3213095664978027,0.963363916444398
Berea Sinter Gray,18,1.2449777126312256,1.830080509185791,0.9599449427521725
Berea Sinter Gray,19,0.9596663117408752,1.6985642910003662,0.9601147105865475
Berea Sinter Gray,20,2.932199239730835,3.24623966217041,0.9230058904034472
Berea Sinter Gray,21,2.7247724533081055,3.41670560836792,0.9243411083825002
Berea Sinter Gray,22,2.842426300048828,3.642655372619629,0.9101288245897143
Berea Sinter Gray,23,2.8671531677246094,3.790642499923706,0.9155094829414797
Berea Sinter Gray,24,0.23892712593078613,1.1338623762130737,0.9563486941257098
Berea Sinter Gray,25,0.1595735251903534,1.046480417251587,0.9601570207508408
Berea Sinter Gray,26,0.034929677844047546,1.130637526512146,0.9584786004977227
Berea Sinter Gray,27,0.06027549132704735,1.036600112915039,0.9575543979924505
Berea Sinter Gray,28,1.5635888576507568,2.3949334621429443,0.9492286003161745
Berea Sinter Gray,29,1.612342357635498,2.604562759399414,0.9414205746308267
Berea Sinter Gray,30,1.5066196918487549,2.3525311946868896,0.9525896908179757
Berea Sinter Gray,31,1.2713795900344849,2.160975456237793,0.9569764929239453
Berea Sinter Gray,32,0.886938214302063,1.2399095296859741,0.9680570455411298
Berea Sinter Gray,33,0.8836156725883484,1.2848137617111206,0.968542601717213
Berea Sinter Gray,34,0.9462449550628662,1.141357660293579,0.964978264391495
Berea Sinter Gray,35,0.821984052658081,1.2829632759094238,0.9665949131067496
Berea Sinter Gray,36,0.16906727850437164,2.0073184967041016,0.9700131255325012
Berea Sinter Gray,37,0.18790899217128754,1.99014151096344,0.971628938132609
Berea Sinter Gray,38,0.07571379095315933,1.9343923330307007,0.9691967929856858
Berea Sinter Gray,39,0.16032488644123077,1.7946704626083374,0.9744929600800774
Berea Sinter Gray,40,1.571876049041748,2.024564266204834,0.9518373354122006
Berea Sinter Gray,41,1.6772099733352661,2.1590139865875244,0.958135678935488
Berea Sinter Gray,42,1.6977125406265259,2.1334385871887207,0.9554121941599695
Berea Sinter Gray,43,1.7092030048370361,2.1487162113189697,0.9517076311168428
Berea Sinter Gray,44,0.5462529063224792,0.9995117783546448,0.9764639159798847
Berea Sinter Gray,45,0.3790845572948456,0.9974316358566284,0.9739903359219144
Berea Sinter Gray,46,0.34519481658935547,0.9880539774894714,0.9783566447036425
Berea Sinter Gray,47,0.2109450399875641,1.091094732284546,0.9755916731757551
Berea Sinter Gray,48,1.428879737854004,0.6845600008964539,0.9473018780355732
Berea Sinter Gray,49,1.4225150346755981,0.715881884098053,0.9383973300528565
Berea Sinter Gray,50,1.352342128753662,0.7632192969322205,0.9426507588076654
Berea Sinter Gray,51,1.4887311458587646,0.7152981758117676,0.9391241310228808
Berea Sinter Gray,52,0.36079514026641846,1.0763025283813477,0.9672080703321635
Berea Sinter Gray,53,0.3325943052768707,1.0365060567855835,0.9726647602756511
Berea Sinter Gray,54,0.5391479134559631,1.1599397659301758,0.9732905164800516
Berea Sinter Gray,55,0.3119814991950989,0.9788486957550049,0.9738352741543598
Berea Sinter Gray,56,0.0805261880159378,0.9124912619590759,0.9728960413508116
Berea Sinter Gray,57,0.10529623180627823,0.8695653676986694,0.978440529484949
Berea Sinter Gray,58,0.27794334292411804,0.8765619397163391,0.9737032403710086
Berea Sinter Gray,59,0.2047537863254547,0.8478309512138367,0.9752127941171762
Berea Sinter Gray,60,1.3424023389816284,1.949735403060913,0.9001630567569745
Berea Sinter Gray,61,1.1829031705856323,1.9005045890808105,0.8919226642331048
Berea Sinter Gray,62,1.0183000564575195,1.9533398151397705,0.8903409407581728
Berea Sinter Gray,63,0.9531399607658386,2.135195255279541,0.8729357259209619
Berea Sinter Gray,64,0.5798137187957764,1.8615493774414062,0.9603248627685823
Berea Sinter Gray,65,0.38479378819465637,2.001434087753296,0.9517605106417233
Berea Sinter Gray,66,0.373934268951416,1.9976898431777954,0.9533013255616198
Berea Sinter Gray,67,0.6062367558479309,1.956312656402588,0.9576536398593616
Berea Sinter Gray,68,0.22348611056804657,1.6075034141540527,0.9662072179923873
Berea Sinter Gray,69,0.2428903728723526,1.875678539276123,0.9553614008670311
Berea Sinter Gray,70,0.3985450267791748,1.52092707157135,0.966566015681918
Berea Sinter Gray,71,0.3990395665168762,1.5659711360931396,0.9627789619906685
Berea Sinter Gray,72,0.24470026791095734,0.9729645848274231,0.9667751535726585
Berea Sinter Gray,73,0.35165339708328247,0.9457235932350159,0.9618124297738703
Berea Sinter Gray,74,0.31782862544059753,0.8951020836830139,0.9653361829909737
Berea Sinter Gray,75,0.3040420413017273,1.1240419149398804,0.9520197892210955
Berea Sinter Gray,76,0.10189775377511978,1.598909616470337,0.9041299470004421
Berea Sinter Gray,77,0.19590981304645538,1.1664714813232422,0.9239742510374511
Berea Sinter Gray,78,0.0041622379794716835,1.1397535800933838,0.9373238838217983
Berea Sinter Gray,79,0.033795952796936035,1.4347044229507446,0.9139361688322064
Berea Sinter Gray,80,2.2945220470428467,1.6122102737426758,0.8987264424820814
Berea Sinter Gray,81,1.876761794090271,1.4173945188522339,0.926258284644662
Berea Sinter Gray,82,2.386209487915039,1.5970207452774048,0.8919502917360754
Berea Sinter Gray,83,2.290159225463867,1.4617401361465454,0.9091518526564413
Berea Sinter Gray,84,3.021077871322632,5.315039157867432,0.852615455686431
Berea Sinter Gray,85,2.707181215286255,4.6995768547058105,0.859180440375805
Berea Sinter Gray,86,2.541156053543091,4.359185695648193,0.8865384720123434
Berea Sinter Gray,87,2.695141315460205,4.717974662780762,0.855314470097752
Berea Sinter Gray,88,1.333146095275879,1.7435581684112549,0.9513570495452632
Berea Sinter Gray,89,1.4530925750732422,1.9643285274505615,0.9517471170289311
Berea Sinter Gray,90,1.4241923093795776,1.7961490154266357,0.956998540795659
Berea Sinter Gray,91,1.4639532566070557,1.8747059106826782,0.94775179394942
Berea Sinter Gray,92,1.799674153327942,2.089526891708374,0.9061360908055253
Berea Sinter Gray,93,2.1604197025299072,2.511969566345215,0.896867868635228
Berea Sinter Gray,94,1.9220190048217773,2.2549848556518555,0.9017245829252364
Berea Sinter Gray,95,1.988051414489746,2.370009660720825,0.890319643597605
Berea Sinter Gray,96,3.7327463626861572,1.7179347276687622,0.8205779735159552
Berea Sinter Gray,97,3.5165340900421143,1.5771255493164062,0.8470047532528322
Berea Sinter Gray,98,3.4408702850341797,1.6787389516830444,0.847285945969866
Berea Sinter Gray,99,4.2192063331604,1.646811842918396,0.7811107411804565
Berea Sinter Gray,100,2.2104671001434326,2.6988675594329834,0.8791304103510306
Berea Sinter Gray,101,2.5946202278137207,3.780906915664673,0.8700593918468348
Berea Sinter Gray,102,2.6871063709259033,3.6919896602630615,0.869683792512051
Berea Sinter Gray,103,2.5556135177612305,3.648979663848877,0.8779974890862158
Berea Sinter Gray,104,0.2768441140651703,1.1808035373687744,0.9634850595098643
Berea Sinter Gray,105,0.0849253460764885,1.4062048196792603,0.9624823600322522
Berea Sinter Gray,106,0.40031543374061584,1.6335198879241943,0.9558351491416694
Berea Sinter Gray,107,0.11551278084516525,1.329849123954773,0.9620878944214436
Berea Sinter Gray,108,1.6489015817642212,2.231093168258667,0.9496027798446146
Berea Sinter Gray,109,1.3975088596343994,1.936615228652954,0.9568842952934397
Berea Sinter Gray,110,1.7326607704162598,2.391951084136963,0.9411584030796833
Berea Sinter Gray,111,1.0404958724975586,1.5775675773620605,0.9522992295599976
Berea Sinter Gray,112,0.25866448879241943,0.8739593625068665,0.9785825982643448
Berea Sinter Gray,113,0.35025203227996826,0.9596623778343201,0.9765291644053914
Berea Sinter Gray,114,0.6857386827468872,1.0620481967926025,0.9742916148884498
Berea Sinter Gray,115,0.32938945293426514,0.9413251876831055,0.9790189274932164
Berea Sinter Gray,116,0.0642525926232338,0.9377326965332031,0.9825572261645145
Berea Sinter Gray,117,0.07371678203344345,1.0293947458267212,0.9736416816081804
Berea Sinter Gray,118,0.16473142802715302,1.1712186336517334,0.9794100250653288
Berea Sinter Gray,119,0.040550727397203445,1.0284172296524048,0.9785924121559088
Berea Sinter Gray,120,4.16455602645874,2.648250102996826,0.7261343047804801
Berea Sinter Gray,121,4.398820877075195,2.407536506652832,0.7033537770473451
Berea Sinter Gray,122,4.422104835510254,2.6682095527648926,0.6897477564022972
Berea Sinter Gray,123,4.413855075836182,2.636687994003296,0.697717678811912
Berea Sinter Gray,124,1.2621105909347534,1.8106542825698853,0.8577715424894115
Berea Sinter Gray,125,1.2361475229263306,1.9818328619003296,0.8528993132971642
Berea Sinter Gray,126,1.0597041845321655,1.7109427452087402,0.9014067125287406
Berea Sinter Gray,127,1.415907859802246,1.669793725013733,0.8500989508385274
Berea Sinter Gray,128,1.6487582921981812,1.604325294494629,0.9101565262502209
Berea Sinter Gray,129,1.5741190910339355,1.5709233283996582,0.919156399213074
Berea Sinter Gray,130,1.430665373802185,1.3211382627487183,0.9136395973602004
Berea Sinter Gray,131,1.5635454654693604,1.4024066925048828,0.9101109877018078
Berea Sinter Gray,132,0.31112638115882874,1.2122950553894043,0.9776924495818886
Berea Sinter Gray,133,0.11744614690542221,1.0922261476516724,0.9785341934800279
Berea Sinter Gray,134,0.03869963809847832,0.9587803483009338,0.9800058250822441
Berea Sinter Gray,135,0.02696291357278824,1.1980341672897339,0.9748893888435575
Berea Sinter Gray,136,0.3873443901538849,2.1784160137176514,0.9022415642100323
Berea Sinter Gray,137,0.5251302123069763,2.042896032333374,0.8968330913319187
Berea Sinter Gray,138,0.39185741543769836,1.8249573707580566,0.9230091954405147
Berea Sinter Gray,139,0.31330057978630066,1.9972937107086182,0.9166817413471167
Berea Sinter Gray,140,0.24394088983535767,0.8732839822769165,0.9868736510672247
Berea Sinter Gray,141,0.19395165145397186,0.8444205522537231,0.9867163945317808
Berea Sinter Gray,142,0.2932771146297455,0.8587616086006165,0.9878917215855094
Berea Sinter Gray,143,0.30051520466804504,0.9741935133934021,0.9865964977533318
Berea Sinter Gray,144,0.056731827557086945,1.053878664970398,0.9769949990868989
Berea Sinter Gray,145,0.25846704840660095,1.1661652326583862,0.9734916031065964
Berea Sinter Gray,146,0.14362399280071259,1.0802719593048096,0.9732637985460728
Berea Sinter Gray,147,0.16677029430866241,1.1667627096176147,0.967682300782184
Berea Sinter Gray,148,2.67927622795105,1.792428731918335,0.880524742390353
Berea Sinter Gray,149,2.679070234298706,1.9220036268234253,0.8342592706951987
Berea Sinter Gray,150,2.954338312149048,1.9419516324996948,0.8598023662776727
Berea Sinter Gray,151,2.822032928466797,1.758362889289856,0.867075381232791
Berea Sinter Gray,152,1.2297163009643555,2.151557683944702,0.9710842555992613
Berea Sinter Gray,153,0.9143257737159729,1.6236575841903687,0.9733616060810932
Berea Sinter Gray,154,0.9803372025489807,1.938724160194397,0.9699772796890613
Berea Sinter Gray,155,1.1737319231033325,1.8342214822769165,0.9723866428222547
Berea Sinter Gray,156,0.20632725954055786,1.2173024415969849,0.9712576750491642
Berea Sinter Gray,157,0.2639341652393341,1.39035964012146,0.9624635232647295
Berea Sinter Gray,158,0.5504831671714783,1.2932090759277344,0.9561087997556055
Berea Sinter Gray,159,0.25067082047462463,1.3011122941970825,0.9658676817765365
Berea Sinter Gray,160,0.6111876964569092,1.675931692123413,0.9411282064138751
Berea Sinter Gray,161,0.798798680305481,1.6754647493362427,0.9457299228466768
Berea Sinter Gray,162,0.6493263244628906,1.6179969310760498,0.9501396622956007
Berea Sinter Gray,163,0.5056068897247314,1.4275801181793213,0.9516201786146163
Berea Sinter Gray,164,0.2826046049594879,1.3288604021072388,0.9351989507073569
Berea Sinter Gray,165,0.4221240282058716,1.4426355361938477,0.9347578445902133
Berea Sinter Gray,166,0.2710631787776947,1.7617639303207397,0.9161728114207481
Berea Sinter Gray,167,0.12626634538173676,1.5138999223709106,0.9229122816224103
Berea Sinter Gray,168,2.0702943801879883,2.6730587482452393,0.922783139897716
Berea Sinter Gray,169,2.5647659301757812,3.4198505878448486,0.92311228139447
Berea Sinter Gray,170,2.091078281402588,2.8048789501190186,0.9323341895972662
Berea Sinter Gray,171,2.388075351715088,3.0720765590667725,0.9224975025493816
Berea Sinter Gray,172,1.9262633323669434,3.2185072898864746,0.9276709510580057
Berea Sinter Gray,173,2.2202889919281006,3.670055389404297,0.906217399120367
Berea Sinter Gray,174,1.4151922464370728,2.6751320362091064,0.928353067958695
Berea Sinter Gray,175,1.8066775798797607,3.310981512069702,0.8998418394050385
Berea Sinter Gray,176,1.0328844785690308,1.1856815814971924,0.9653880786889394
Berea Sinter Gray,177,0.8992806673049927,1.195542335510254,0.9709414142740582
Berea Sinter Gray,178,0.7810813188552856,1.0253932476043701,0.9751108033852016
Berea Sinter Gray,179,0.7793648838996887,1.0922092199325562,0.9732636624990175
Berea Sinter Gray,180,3.015713691711426,2.647322654724121,0.8904047708235809
Berea Sinter Gray,181,2.8132946491241455,2.583601474761963,0.9102128821167287
Berea Sinter Gray,182,2.7516427040100098,2.6001217365264893,0.8984639461347343
Berea Sinter Gray,183,2.944718360900879,2.7333736419677734,0.9064096582298756
Berea Sinter Gray,184,0.3158758580684662,1.026344895362854,0.967817403763671
Berea Sinter Gray,185,0.674069881439209,1.2113580703735352,0.966309339393433
Berea Sinter Gray,186,0.8385169506072998,1.2134331464767456,0.9704476060058715
Berea Sinter Gray,187,0.13442978262901306,1.001165747642517,0.9673029007165467
Berea Sinter Gray,188,1.3678858280181885,1.7870155572891235,0.9277205328273909
Berea Sinter Gray,189,1.694826364517212,1.8131027221679688,0.9281031895880517
Berea Sinter Gray,190,1.5945745706558228,1.7964081764221191,0.9367540651287437
Berea Sinter Gray,191,1.4437456130981445,1.779017448425293,0.9299496570513597
Berea,0,1.547163724899292,2.1413354873657227,0.9563124592987543
Berea,1,1.5418654680252075,2.2056734561920166,0.9506073158629741
Berea,2,1.3833644390106201,2.0055131912231445,0.963571161703119
Berea,3,1.1499284505844116,1.7126185894012451,0.9687383181968424
Berea,4,0.12825551629066467,0.9264227747917175,0.974137563657509
Berea,5,0.2520216107368469,0.8984300494194031,0.9758707100492139
Berea,6,0.2492852360010147,0.9031991958618164,0.9743707147103897
Berea,7,0.13323959708213806,1.0206787586212158,0.9742134724407153
Berea,8,0.8554489016532898,1.6151518821716309,0.9628556024257976
Berea,9,0.8978710174560547,1.5857727527618408,0.9620184436779845
Berea,10,1.0697811841964722,1.6015820503234863,0.9533002525751789
Berea,11,1.069661259651184,1.6351039409637451,0.9540169732546532
Berea,12,1.6324106454849243,2.5747358798980713,0.9167719399295606
Berea,13,0.8443787097930908,1.7460237741470337,0.9269429215937653
Berea,14,1.1123082637786865,1.7351312637329102,0.9307852075877385
Berea,15,1.6803910732269287,2.303748369216919,0.9310122175396044
Berea,16,0.01935390569269657,1.171112060546875,0.966984262447508
Berea,17,0.28635087609291077,1.0635687112808228,0.9738256875284248
Berea,18,0.2925403118133545,1.2040493488311768,0.968621148947619
Berea,19,0.20560847222805023,0.9770176410675049,0.9740102818381925
Berea,20,0.16175441443920135,1.186124563217163,0.9784622472769592
Berea,21,0.23113681375980377,1.127954125404358,0.9781623723155839
Berea,22,0.1330806314945221,1.2635058164596558,0.9778889944526731
Berea,23,0.31472647190093994,1.1907069683074951,0.975804368774549
Berea,24,0.8030812740325928,1.7450461387634277,0.94357777632896
Berea,25,1.477738380432129,2.1082143783569336,0.9107327459976358
Berea,26,0.49758005142211914,1.7088907957077026,0.9407792485598747
Berea,27,0.7821527123451233,1.6271392107009888,0.9421706306114646
Berea,28,1.2971211671829224,1.121791124343872,0.9673115118312169
Berea,29,1.2454413175582886,1.2441463470458984,0.9660673335666042
Berea,30,1.2990361452102661,1.0993494987487793,0.9634999168129624
Berea,31,1.1651076078414917,1.1195663213729858,0.9691497420424589
Berea,32,3.5352494716644287,2.816032886505127,0.797868404547036
Berea,33,3.987457752227783,2.724453926086426,0.7867965330261243
Berea,34,3.420118808746338,2.789903163909912,0.811876301765522
Berea,35,3.859951972961426,3.276425361633301,0.8029103270364404
Berea,36,0.684648334980011,1.1386502981185913,0.9548812938984086
Berea,37,0.7340309619903564,1.201451301574707,0.9507505808527199
Berea,38,0.6490287184715271,1.2764462232589722,0.9384043704082871
Berea,39,0.684956967830658,1.235927939414978,0.9404118180838387
Berea,40,0.5865263342857361,1.0978147983551025,0.970123486742443
Berea,41,0.7678793668746948,0.9960721135139465,0.968786857038292
Berea,42,0.7619474530220032,1.1732096672058105,0.9707696493522414
Berea,43,0.6780807971954346,1.0103446245193481,0.9680982897162986
Berea,44,0.034766584634780884,1.0327283143997192,0.9722949939388223
Berea,45,0.23640422523021698,0.9716520309448242,0.9753465619017525
Berea,46,0.4047858417034149,1.2988957166671753,0.9687054679887257
Berea,47,0.12494165450334549,1.215368628501892,0.9707841076249875
Berea,48,0.8004317283630371,1.5087354183197021,0.9641345895883318
Berea,49,0.8424769043922424,1.4810309410095215,0.9598528041024518
Berea,50,0.8638649582862854,1.4238009452819824,0.964176279069233
Berea,51,1.067604660987854,1.6651902198791504,0.9604327968981607
Berea,52,2.366767406463623,1.3883346319198608,0.9354160359702067
Berea,53,2.762411594390869,1.6579222679138184,0.9386639249786783
Berea,54,2.5365920066833496,1.492300271987915,0.9282804093820483
Berea,55,2.9012863636016846,1.5023605823516846,0.9120868783646089
Berea,56,4.771810531616211,5.981605529785156,0.8762315064352032
Berea,57,4.56312894821167,5.658040523529053,0.879533194437695
Berea,58,5.189049243927002,6.7018351554870605,0.8561855413685223
Berea,59,4.509948253631592,5.628674030303955,0.8770536598409271
Berea,60,0.3101544678211212,1.108875036239624,0.9685011992208115
Berea,61,0.20426934957504272,1.1335166692733765,0.9652822854190307
Berea,62,0.44380658864974976,1.1963807344436646,0.9671218863599549
Berea,63,0.1951029896736145,1.126438856124878,0.9642789189482941
Berea,64,0.7685550451278687,1.3608931303024292,0.9637634351019103
Berea,65,0.605362057685852,1.1190791130065918,0.9657190513002681
Berea,66,0.8555079102516174,1.231252670288086,0.9682983870859372
Berea,67,0.9675195217132568,1.4448710680007935,0.9638026912109595
Berea,68,0.4426659047603607,1.3513633012771606,0.9726703619425349
Berea,69,0.3123551607131958,1.4256483316421509,0.9669830339744679
Berea,70,0.16158749163150787,1.3241698741912842,0.9688989722013833
Berea,71,0.15359356999397278,1.0557903051376343,0.9711485419979972
Berea,72,0.22911995649337769,1.6792032718658447,0.8954309320363175
Berea,73,0.4423055350780487,1.7945828437805176,0.8926132729492083
Berea,74,0.7183709740638733,1.7368313074111938,0.8860679606844478
Berea,75,0.6168037056922913,1.663099765777588,0.900310264731161
Berea,76,0.5605219006538391,1.5417240858078003,0.9548199799718602
Berea,77,0.6724228858947754,1.664612054824829,0.9542928812527101
Berea,78,0.24104413390159607,1.3528536558151245,0.9579370265407597
Berea,79,0.2814168632030487,1.3198297023773193,0.955099033856942
Berea,80,0.7230379581451416,1.415825366973877,0.9611914584674841
Berea,81,0.37218061089515686,1.3001618385314941,0.9661014677194641
Berea,82,0.37381353974342346,1.152159571647644,0.9657883337255437
Berea,83,0.6489295959472656,1.4602773189544678,0.9605987899078149
Berea,84,2.5216922760009766,2.458392858505249,0.897525823037449
Berea,85,2.797321081161499,2.717278480529785,0.8782336698716775
Berea,86,2.2595412731170654,2.313890218734741,0.9009929989041977
Berea,87,2.191898822784424,2.084564447402954,0.9227538606236737
Berea,88,1.88640558719635,2.1706576347351074,0.9253621577143856
Berea,89,1.824539303779602,2.0601162910461426,0.9273208578430172
Berea,90,1.7693536281585693,2.0327236652374268,0.9206173359596624
Berea,91,1.8008484840393066,2.1220803260803223,0.9242448159055997
Berea,92,0.1731671392917633,0.8311653137207031,0.9788224631372929
Berea,93,0.07739447802305222,0.737952709197998,0.978724926858664
Berea,94,0.20741583406925201,0.8041024208068848,0.9797488011494245
Berea,95,0.18555669486522675,0.7986662983894348,0.9803836273094776
Berea,96,2.20432448387146,1.0915452241897583,0.8804494131719983
Berea,97,2.0104482173919678,1.0479110479354858,0.8968359161359805
Berea,98,2.3658061027526855,1.0202635526657104,0.859789537908351
Berea,99,2.23656964302063,1.0539532899856567,0.8577571649704759
Berea,100,0.27167513966560364,1.0824837684631348,0.9752845378547066
Berea,101,0.15306060016155243,1.1411553621292114,0.9701865983544249
Berea,102,0.3119611144065857,1.0989625453948975,0.9770206348745343
Berea,103,0.08903509378433228,0.9675875306129456,0.97583504222714
Berea,104,3.143378973007202,4.048638820648193,0.8489718577387237
Berea,105,3.0265257358551025,3.864889144897461,0.8569656822048113
Berea,106,3.101318836212158,3.8620452880859375,0.8673710506676104
Berea,107,3.006714105606079,3.8418288230895996,0.8566603422265807
Berea,108,0.366549551486969,0.8970423340797424,0.9594258119497311
Berea,109,0.10527399182319641,0.9121180176734924,0.9720577344964707
Berea,110,0.19752107560634613,0.9595165252685547,0.9673108042904324
Berea,111,0.330609530210495,0.907199501991272,0.9668715006802943
Berea,112,0.6084858179092407,1.2868930101394653,0.9740595768464424
Berea,113,0.3762904107570648,1.3105993270874023,0.9718664330993942
Berea,114,0.2633768618106842,1.0520919561386108,0.9752503418758164
Berea,115,0.2880219519138336,1.0902575254440308,0.9747897786163344
Berea,116,1.338077187538147,1.784568190574646,0.9300087029143494
Berea,117,1.230738639831543,1.6934524774551392,0.9218082118950499
Berea,118,1.4035390615463257,2.276148557662964,0.918717599832138
Berea,119,1.3215656280517578,1.9670672416687012,0.9209227129926364
Berea,120,0.8255586624145508,1.0997560024261475,0.9687143464722658
Berea,121,0.842373251914978,1.096444010734558,0.9665122938904293
Berea,122,0.8678619861602783,1.0527287721633911,0.9699862196776008
Berea,123,0.8318060636520386,1.0650978088378906,0.9677404351022348
Berea,124,0.062174249440431595,1.3931760787963867,0.9529160327757084
Berea,125,0.5690315365791321,1.2405717372894287,0.9528183096544803
Berea,126,0.03847917914390564,1.2886197566986084,0.9523910780399615
Berea,127,0.24013586342334747,1.102558970451355,0.9653877553699854
Berea,128,0.44436219334602356,1.4123573303222656,0.9608541805671837
Berea,129,0.4415648281574249,1.2259224653244019,0.966401290610374
Berea,130,0.5447618365287781,1.4888049364089966,0.9532894521668999
Berea,131,0.35274428129196167,1.3932181596755981,0.9609027985721702
Berea,132,0.03445599600672722,1.5240545272827148,0.9619944222115397
Berea,133,0.05003994703292847,1.3846940994262695,0.9655522421443584
Berea,134,0.25476357340812683,1.3282665014266968,0.9700279391568604
Berea,135,0.12984035909175873,1.3431711196899414,0.9726264869633312
Berea,136,1.47331964969635,1.406808853149414,0.9117621085909396
Berea,137,1.5007879734039307,1.3808990716934204,0.918534768407238
Berea,138,1.2550201416015625,1.3855206966400146,0.9231708810564943
Berea,139,1.3275929689407349,1.2742900848388672,0.9198236435751903
Berea,140,1.5255837440490723,1.6020028591156006,0.937590049704993
Berea,141,1.5186485052108765,1.827488660812378,0.939229438935544
Berea,142,1.4978431463241577,1.7899640798568726,0.9299923460365558
Berea,143,1.4489245414733887,1.9942278861999512,0.9356977803257446
Berea,144,0.19956979155540466,1.3546491861343384,0.9628922685645745
Berea,145,0.10306748002767563,1.1520358324050903,0.967403540076558
Berea,146,0.21589401364326477,1.2809116840362549,0.9697190059997526
Berea,147,0.16546630859375,1.3885923624038696,0.9616495625790772
Berea,148,2.4865434169769287,2.3738603591918945,0.8948494837112532
Berea,149,2.549264907836914,2.149951457977295,0.9105324189821256
Berea,150,2.375790596008301,2.239663600921631,0.9094026651024186
Berea,151,2.6787919998168945,2.310641288757324,0.9038335059982356
Berea,152,0.4805529713630676,1.1458808183670044,0.9737495624012947
Berea,153,0.5384781956672668,1.1739062070846558,0.972221285601759
Berea,154,0.45348745584487915,1.1299564838409424,0.9726460671600086
Berea,155,0.555229663848877,1.1556462049484253,0.9738500589527699
Berea,156,1.2089987993240356,1.7347230911254883,0.9697529427856
Berea,157,1.0599265098571777,1.5791209936141968,0.9641802500442804
Berea,158,1.1168328523635864,1.6506669521331787,0.9623106036594007
Berea,159,1.0797703266143799,1.640866994857788,0.9658245168010441
Berea,160,0.11521021276712418,1.512434482574463,0.9650903296029709
Berea,161,0.023506758734583855,1.2324726581573486,0.9725079277549019
Berea,162,0.19955764710903168,1.4111403226852417,0.9573892710143486
Berea,163,0.16454730927944183,1.4680006504058838,0.9506288309531354
Berea,164,0.1273127943277359,1.7851247787475586,0.9226791163062492
Berea,165,0.17878319323062897,1.5138095617294312,0.935226909459987
Berea,166,0.18945185840129852,1.403527021408081,0.9386980715894276
Berea,167,0.12470487505197525,1.7902778387069702,0.9253364742088713
Berea,168,0.5152267813682556,1.5281106233596802,0.9743237414978285
Berea,169,0.558874249458313,1.5478522777557373,0.9746259884014169
Berea,170,0.7189664840698242,1.717666506767273,0.9709790191503201
Berea,171,0.791461169719696,1.894473910331726,0.9684768675694301
Berea,172,0.5995969772338867,1.4109386205673218,0.9565659047769118
Berea,173,0.18026721477508545,1.1072536706924438,0.956305335560873
Berea,174,0.5290182828903198,1.4662420749664307,0.9557032500139003
Berea,175,0.4329717755317688,1.292236089706421,0.9596385095813723
Berea,176,0.5181381702423096,0.9076608419418335,0.9617384927603102
Berea,177,0.2667708992958069,0.9268651008605957,0.9649799520346513
Berea,178,0.16320593655109406,0.9020551443099976,0.9688919048789384
Berea,179,0.4017001688480377,0.7484089732170105,0.9705855352679348
Berea,180,0.6182006597518921,0.9135507941246033,0.9674072603813924
Berea,181,0.8426476716995239,1.0672450065612793,0.9703432574035249
Berea,182,0.7990787625312805,0.8987457156181335,0.9719330691352014
Berea,183,1.0128757953643799,1.0544217824935913,0.968086250597887
Berea,184,0.57330322265625,1.1322073936462402,0.9566511970035866
Berea,185,0.22874143719673157,1.076509952545166,0.9537396505157218
Berea,186,0.6324320435523987,1.0838614702224731,0.9564263460439627
Berea,187,0.07292050123214722,1.0858747959136963,0.9561271196644715
Berea,188,0.012327301315963268,0.9213788509368896,0.9765082658230003
Berea,189,0.30100539326667786,0.9264621734619141,0.9737851448507081
Berea,190,0.23998171091079712,1.0733016729354858,0.9706307258592717
Berea,191,0.2381432205438614,0.8252713084220886,0.9742086872395272
Berea,192,0.583634614944458,1.9284112453460693,0.9665555618020281
Berea,193,0.6674594283103943,2.076333999633789,0.9617972662105566
Berea,194,0.9347356557846069,2.263329029083252,0.9637884214370915
Berea,195,0.6797121167182922,1.9542310237884521,0.9654375229678585
Berea,196,0.09234287589788437,1.8543351888656616,0.9564171986114384
Berea,197,0.2023506909608841,1.9660918712615967,0.9544201919053275
Berea,198,0.19781792163848877,1.8177757263183594,0.957390584376331
Berea,199,0.14493213593959808,1.9930894374847412,0.9488999884027205
Berea,200,0.20995622873306274,1.2240458726882935,0.9687996173674512
Berea,201,0.6851288080215454,1.507601261138916,0.9683812477647152
Berea,202,0.6007226705551147,1.2159961462020874,0.9739302592970583
Berea,203,0.32113221287727356,1.274208664894104,0.9701123561591944
Berea,204,0.8351216316223145,1.2540485858917236,0.973645927331788
Berea,205,0.6493260264396667,0.9796144366264343,0.9773479649367209
Berea,206,0.6654452085494995,0.9890269041061401,0.9762939917344727
Berea,207,0.5938441753387451,1.0461242198944092,0.9746647584159687
Berea,208,2.3917460441589355,2.36588716506958,0.8888415125029708
Berea,209,2.3813400268554688,2.2451159954071045,0.8941027119097494
Berea,210,2.6519370079040527,2.5538883209228516,0.8821635477302315
Berea,211,2.255794048309326,2.2651259899139404,0.8997227860270024
Berea,212,0.6010288596153259,1.3328198194503784,0.9702452604586673
Berea,213,0.514151930809021,1.2553479671478271,0.9730088378587112
Berea,214,0.4798477590084076,1.15652334690094,0.9737551687217788
Berea,215,0.6295918226242065,1.350674033164978,0.9692574371215167
Berea,216,0.2855524718761444,1.5058655738830566,0.9635917994680745
Berea,217,0.32564041018486023,1.5301841497421265,0.9633812734506161
Berea,218,0.4022360146045685,1.52119779586792,0.9656815212400697
Berea,219,0.38709625601768494,1.582006812095642,0.9598647390370079
Berea,220,1.3403410911560059,1.6520742177963257,0.9114647915605935
Berea,221,1.3043359518051147,2.0361359119415283,0.9154476136601144
Berea,222,0.9898481369018555,2.0105533599853516,0.9142563584667943
Berea,223,1.0595216751098633,1.6202789545059204,0.9287841441050261
